COD_ACIDENTE;DIA;MES;ANO;HORA;INTERSECAO;LOG1;LOG2;LOG3;NUMERO;REFERENCIA;NATUREZA;ILUMINACAO;TEMPO;SUPERFICIEPISTA;TIPOCRUZAMENTO;CONTROLETRAFEGO;USOSOLO;MORTOS;FERIDOS;ILESOS;AUTOMOVEL;ONIBUS;BICICLETA;CAMINHAO;MICROONIBUS;CICLOMOTOR;MOTOCICLETA;TRACAOANIMAL;TREM;LATITUDE;LONGITUDE
272690;4;1;2015;16:40;22886;RUA BERNARDO MANUEL;RUA INACIO PARENTE;;0;;Colis?úo Lateral;Luz do Dia;;;Cruz;Sem?íforo;Comercial;0;0;2;1;0;0;1;0;0;0;0;0;-3,781268000000000;-38,546074000000000
272705;4;1;2015;16:30;3779;RUA ANTONIO POMPEU;RUA VINTE E QUATRO DE MAIO;;0;;Colis?úo;Luz do Dia;;;Cruz;Pare;Comercial;0;0;2;1;0;0;0;0;0;0;0;0;-3,733667000000000;-38,534186000000000
272713;4;1;2015;19:10;0;AV FRANCISCO SA;;;3636;;Atropelamento;;;;Meio de Quadra;;;0;2;0;0;0;0;0;0;0;1;0;0;-3,717427000000000;-38,557324000000000
272695;4;1;2015;13:00;0;AV PRS JUSCELINO KUBITSCHEK (PASSAR?ë);;;0;;Colis?úo Traseira;Luz do Dia;;;Meio de Quadra;;;0;0;2;0;0;0;1;0;0;0;0;0;;
272737;4;1;2015;21:00;1527;RUA CAROLINA SUCUPIRA;RUA OSVALDO CRUZ (ALDEOTA);;0;;Colis?úo Transversal;;;;Cruz;Pare;Misto;0;0;2;1;0;0;0;0;0;0;0;0;-3,740552000000000;-38,501914000000000
272740;4;1;2015;09:15;15326;AV BAR STUDART;RUA PEREIRA FILGUEIRAS;;0;;Colis?úo Lateral Sentido Oposto;Luz do Dia;;;Cruz;Sem?íforo;Comercial;0;0;2;1;0;0;0;0;0;0;0;0;-3,730810000000000;-38,505361000000000
272743;4;1;2015;08:45;9117;RUA DR ALFREDO WEYNE D14;RUA DR RATISBONA;;0;;Colis?úo Transversal;Luz do Dia;;;Cruz;Pare;Residencial;0;0;2;1;0;0;0;0;0;0;0;0;-3,756355000000000;-38,531575000000000
272766;4;1;2015;10:45;14467;RUA HENRIQUE AUTRAN;RUA JOAO TOME;;0;;Colis?úo Transversal;Luz do Dia;;;Cruz;N?úo H?í Controle;Residencial;0;2;0;0;0;0;0;0;0;1;0;0;-3,727676000000000;-38,547342000000000
272804;4;1;2015;05:45;9268;AV BORGES DE MELO;RUA BARTOLOMEU DE GUSMAO;;0;;Colis?úo Lateral;Amanhecer;;;Cruz;N?úo H?í Controle;Comercial;0;0;2;1;0;0;0;0;0;1;0;0;-3,760379000000000;-38,528890000000000
272739;5;1;2015;16:00;0;RUA JOSE VILAR;;;2727;;Colis?úo Transversal;Luz do Dia;Bom;Seca;Meio de Quadra;Pare;Residencial;0;0;2;1;0;0;0;0;0;0;0;0;-3,746629000000000;-38,508174000000000
257106;5;1;2015;22:00;0;AV SGT HERMINIO SAMPAIO;;;2965;SHOPPING TEXTIL;Colis?úo;;;;Meio de Quadra;;;1;0;1;1;0;0;0;0;0;0;0;0;-3,727545000000000;-38,567117000000000
258744;5;1;2015;10:30;0;AV WASHINGTON SOARES;;;2121;;Engavetamento;Luz do Dia;;Seca;Meio de Quadra;;;0;0;3;1;0;0;0;0;0;0;0;0;-3,777328000000000;-38,481519000000000
258751;5;1;2015;15:30;0;AV MIN JOSE AMERICO;;;0;;Colis?úo;Luz do Dia;;Seca;Meio de Quadra;;;0;0;2;1;0;0;0;0;0;0;0;0;;
258756;5;1;2015;21:55;0;RD CE-040;;;0;KM-03;Colis?úo;;;Seca;Meio de Quadra;;;0;1;4;1;0;0;0;0;0;0;0;0;-3,783185000000000;-38,481014000000000
256532;5;1;2015;05:19;0;AV PRS CASTELO BRANCO;;;2250;;Choque c/ Obst?ículo Fixo;Amanhecer;;;Meio de Quadra;;;0;0;1;1;0;0;0;0;0;0;0;0;-3,713862000000000;-38,548120000000000
256534;5;1;2015;10:46;0;AV PRS COSTA E SILVA;;;0;;Colis?úo;Luz do Dia;;;Meio de Quadra;;;0;1;2;1;0;0;0;0;0;1;0;0;;
256538;5;1;2015;11:42;19656;AV BEZERRA DE MENEZES;RUA PRO JOSE DE BARCELOS;;0;;Colis?úo;Luz do Dia;;;T;Sem?íforo;Comercial;0;0;2;1;0;0;1;0;0;0;0;0;-3,732898000000000;-38,551066000000000
256683;5;1;2015;16:35;0;AV JOAO DE ARAUJO LIMA;;;2343;CURVA DA VIUVA;Colis?úo;Luz do Dia;;;Meio de Quadra;;;0;0;2;1;0;0;0;0;0;0;0;0;-3,842801000000000;-38,562797000000000
256677;5;1;2015;15:53;5434;AV HERACLITO GRACA;AV DOM MANUEL;;0;;Atropelamento;Luz do Dia;;;Cruz;Sem?íforo;Comercial;0;1;1;1;0;0;0;0;0;0;0;0;-3,734013000000000;-38,522952000000000
256667;5;1;2015;14:45;22176;AV ENG HUMBERTO MONTE;AV JOSE BASTOS;;0;;Colis?úo;Luz do Dia;;;T;Sem?íforo;Comercial;0;0;3;0;0;0;0;0;0;0;0;0;-3,754966000000000;-38,555455000000000
256672;5;1;2015;15:11;1458;RUA CEL LINHARES;RUA DES LEITE ALBUQUERQUE;;0;;Colis?úo;Luz do Dia;;;Cruz;Pare;Comercial;0;0;2;1;0;0;0;0;0;0;0;0;-3,738494000000000;-38,494769000000000
256674;5;1;2015;15:16;5171;RUA FLORIANO PEIXOTO;RUA SEN ALENCAR;;0;;Colis?úo;Luz do Dia;;;Cruz;N?úo H?í Controle;Comercial;0;0;2;1;0;0;0;0;0;0;0;0;-3,725312000000000;-38,526444000000000
256675;5;1;2015;15:40;7781;AV ANTONIO SALES;AV DES MOREIRA;;0;;Colis?úo;Luz do Dia;;;Cruz;Sem?íforo;Comercial;0;0;2;1;0;0;0;0;0;0;0;0;-3,745744000000000;-38,501410000000000
256686;5;1;2015;13:43;0;AV PRS CASTELO BRANCO;;;1287;;Atropelamento;Luz do Dia;;;Meio de Quadra;;;0;1;1;1;0;0;0;0;0;0;0;0;-3,714914000000000;-38,543758000000000
256688;5;1;2015;14:17;0;RUA OSCAR ARARIPE;;;1380;;Colis?úo;Luz do Dia;;;Meio de Quadra;;;0;2;0;0;0;0;0;0;0;1;0;0;-3,789823000000000;-38,603624000000000
256664;5;1;2015;14:33;0;AV C CJ JOSE WALTER;;;0;;Colis?úo;Luz do Dia;;;Meio de Quadra;;;0;0;2;1;0;0;0;0;0;0;0;0;;
256665;5;1;2015;14:34;9124;AV VIS RIO BRANCO;RUA MON SALAZAR;;0;;Colis?úo;Luz do Dia;;;Cruz;Sem?íforo;Residencial;0;0;2;1;0;0;0;0;0;0;0;0;-3,756701000000000;-38,519870000000000
256654;5;1;2015;13:20;0;AV DOMINGOS OLIMPIO;;;387;;Colis?úo;Luz do Dia;;;Meio de Quadra;;;0;1;1;1;0;0;0;0;0;1;0;0;-3,737754000000000;-38,527323000000000
256655;5;1;2015;13:26;0;RUA NAT FEIJO;;;0;;Colis?úo;Luz do Dia;;;Meio de Quadra;;;0;1;1;1;0;0;0;0;0;1;0;0;;
256657;5;1;2015;14:01;0;RUA AQUILES BORIS;;;256;;Colis?úo;Luz do Dia;;;Meio de Quadra;;;0;1;1;1;0;1;0;0;0;0;0;0;-3,768486000000000;-38,549752000000000
256650;5;1;2015;13:00;7774;AV ANTONIO SALES;RUA JOAQUIM NABUCO;;0;;Colis?úo;Luz do Dia;;;Cruz;;Comercial;0;1;1;1;0;0;0;0;0;1;0;0;-3,744832000000000;-38,504371000000000
256644;5;1;2015;12:11;19704;AV BEZERRA DE MENEZES;RUA MOREIRA DE SOUSA;;0;;Colis?úo;Luz do Dia;;;Cruz;Sem?íforo;Comercial;0;0;2;1;1;0;0;0;0;0;0;0;-3,736109000000000;-38,566546000000000
256646;5;1;2015;12:13;2769;RUA RAIMUNDO PINHEIRO;RUA OSCAR FRANCA;;0;;Colis?úo;Luz do Dia;;;;;;0;1;1;1;0;0;0;0;1;0;0;0;-3,792414000000000;-38,598091000000000
256625;5;1;2015;11:57;0;AV CEL CARVALHO;;;0;;Colis?úo;Luz do Dia;;;Meio de Quadra;;;0;1;1;0;0;0;0;0;0;1;0;0;;
256626;5;1;2015;12:02;7752;AV CARNEIRO DE MENDONCA;AV JOAO PESSOA;;0;;Colis?úo;Luz do Dia;;;Cruz;Sem?íforo;Misto;0;0;2;0;0;0;1;0;0;0;0;0;-3,767222000000000;-38,559808000000000
261642;5;1;2015;03:28;0;RUA SGT BARBOSA;;;0;;Queda;;;;Meio de Quadra;;;0;1;0;0;0;0;0;0;0;1;0;0;;
256730;5;1;2015;20:48;0;AV DR SILAS MUNGUBA;;;3128;;Colis?úo;;;;Meio de Quadra;;;0;0;2;1;1;0;0;0;0;0;0;0;-3,788665000000000;-38,545180000000000
256721;5;1;2015;19:31;0;RUA PRIMEIRO DE JANEIRO;;;0;;Colis?úo;;;;Meio de Quadra;;;0;1;1;0;0;0;0;0;0;1;0;0;-3,783845000000000;-38,569820000000000
256762;5;1;2015;10:27;7211;AV PRS CASTELO BRANCO;AV DR THEBERGE;;0;;Colis?úo;Luz do Dia;;;Cruz;Sem?íforo;Residencial;0;1;1;1;0;0;0;0;0;1;0;0;-3,710079000000000;-38,563456000000000
256764;5;1;2015;11:25;0;AV SEN CARLOS JEREISSATI (AEROPORTO);;;0;;Colis?úo;Luz do Dia;;;Meio de Quadra;;;0;0;2;1;0;0;0;0;0;0;0;0;;
256740;5;1;2015;22:24;0;AV GODOFREDO MACIEL;;;3374;;Colis?úo;;;;Meio de Quadra;;;0;0;2;1;0;0;0;1;0;0;0;0;-3,804733000000000;-38,572497000000000
256742;5;1;2015;23:15;0;AV ALM HENRIQUE SABOIA;;;0;;Colis?úo;;;;Meio de Quadra;;;0;1;1;1;0;0;0;0;0;1;0;0;;
256738;5;1;2015;22:15;0;AV GOV RAUL BARBOSA;;;7506;;Colis?úo;;;;Meio de Quadra;;;0;0;2;1;0;0;1;0;0;0;0;0;-3,777778000000000;-38,513696000000000
256782;5;1;2015;15:24;13239;AV J CJ JOSE WALTER;AV F CJ JOSE WALTER;;0;;Colis?úo;Luz do Dia;;;Cruz;Pare;Residencial;0;1;1;1;0;0;0;0;0;1;0;0;-3,835833000000000;-38,557143000000000
256789;5;1;2015;20:45;0;RUA DJALMA BENEVIDES;;;138;;Colis?úo;;;;;;;0;1;1;1;0;0;0;0;0;1;0;0;;
256702;5;1;2015;18:31;4004;AV PRO GOMES DE MATOS;RUA DULCINEIA GONDIM;;0;;Colis?úo;;;;;;Misto;0;0;2;0;1;0;0;0;0;0;0;0;-3,759855000000000;-38,544493000000000
256703;5;1;2015;19:09;4080;RUA CEARA;AV JOSE BASTOS;;0;;Colis?úo;;;;Cruz;Pare;;0;1;1;1;0;0;0;0;0;1;0;0;-3,760008000000000;-38,564112000000000
256705;5;1;2015;19:12;0;RUA BAR CANINDE;;;1630;;Colis?úo;;;;Meio de Quadra;;;0;1;2;1;0;0;0;0;0;1;0;0;-3,770782000000000;-38,557562000000000
256693;5;1;2015;17:45;0;RUA HOLANDA;;;1658;;Atropelamento;Anoitecer;;;Meio de Quadra;;;0;1;1;0;1;0;0;0;0;0;0;0;-3,802854000000000;-38,559998000000000
256694;5;1;2015;17:54;0;RUA RIO GRANDE DO SUL;;;1289;;Colis?úo;Anoitecer;;;Meio de Quadra;;;0;2;0;0;0;0;0;0;0;1;0;0;-3,759882000000000;-38,568360000000000
247681;5;1;2015;16:00;0;AV VICENTE DE CASTRO;;;4573;;Colis?úo Lateral;Luz do Dia;Nublado;Seca;Meio de Quadra;N?úo H?í Controle;Comercial;0;0;2;1;0;0;1;0;0;0;0;0;-3,719980000000000;-38,476260000000000
247682;5;1;2015;20:00;19261;AV GAL OSORIO DE PAIVA;RUA MON LEOPOLDO FEITOSA;;0;;Colis?úo Traseira;Via Iluminada;Bom;Seca;Cruz;Pare;Residencial;0;0;2;1;0;0;0;0;0;0;0;0;-3,771715000000000;-38,562208000000000
247683;5;1;2015;13:50;13375;AV ANTONIO SALES;RUA HENRIQUE RABELO;;0;;Colis?úo Transversal;Luz do Dia;Bom;Seca;Cruz;D?¬ Prefer?¬ncia;Comercial;0;0;2;1;0;0;0;0;0;0;0;0;-3,739540000000000;-38,521352000000000
247684;5;1;2015;12:40;0;AV OLIVEIRA PAIVA;;;695;IGREJA DA GL?ôRIA;Colis?úo Traseira;Luz do Dia;Bom;Seca;Meio de Quadra;Gesto;Comercial;0;2;1;1;0;0;0;0;0;1;0;0;-3,797223000000000;-38,500084000000000
247685;5;1;2015;15:30;5159;AV IMPERADOR;RUA GUILHERME ROCHA;;0;;Colis?úo Lateral;Luz do Dia;;Seca;Cruz;Sem?íforo;Comercial;0;1;1;0;1;0;0;0;0;1;0;0;-3,725081000000000;-38,533829000000000
247686;5;1;2015;10:45;5421;AV DUQ CAXIAS;AV VIS RIO BRANCO;;0;;Colis?úo Transversal;Luz do Dia;Bom;Seca;Cruz;Sem?íforo;Comercial;0;1;1;1;0;0;0;0;0;0;0;0;-3,733481000000000;-38,524603000000000
247688;5;1;2015;06:30;24244;RUA FAUSTO CABRAL;RUA SOLON ONOFRE;;0;;Colis?úo Transversal;Luz do Dia;Bom;Seca;Cruz;Pare;Residencial;0;1;1;1;0;0;0;0;0;1;0;0;-3,734718000000000;-38,472778000000000
247689;5;1;2015;16:15;7645;RUA ESTADO DO RIO;RUA PERNAMBUCO;;0;;Colis?úo Transversal;;Bom;Seca;Cruz;Pare;Residencial;0;0;2;1;1;0;0;0;0;0;0;0;-3,758439000000000;-38,570848000000000
247690;5;1;2015;14:35;22353;AV BEZERRA DE MENEZES;AV OLAVO BILAC;;0;;Colis?úo Lateral;Luz do Dia;Bom;Seca;Cruz;Sem?íforo;Comercial;0;0;2;1;0;0;1;0;0;0;0;0;-3,735601000000000;-38,564151000000000
247691;5;1;2015;10:30;0;AV LUCIANO CARNEIRO;;;2585;;Colis?úo Traseira;Luz do Dia;Bom;Seca;Meio de Quadra;N?úo H?í Controle;Residencial;0;0;2;1;0;0;0;0;0;1;0;0;-3,770921000000000;-38,538518000000000
247692;5;1;2015;13:30;12925;AV DOMINGOS OLIMPIO;AV AGUANAMBI;;0;;Colis?úo Traseira;Luz do Dia;Bom;Seca;Cruz;Sem?íforo;Comercial;0;0;3;1;0;0;0;0;0;0;0;0;-3,738683000000000;-38,524628000000000
247693;5;1;2015;19:45;1566;RUA PDE VALDEVINO;RUA SILVA PAULET;;0;;Colis?úo Lateral;Via Iluminada;Bom;Seca;Cruz;Pare;Misto;0;0;2;1;0;0;0;0;0;0;0;0;-3,741957000000000;-38,507851000000000
247694;5;1;2015;19:09;0;RUA TEN BENEVOLO;;;1900;;Colis?úo Lateral;;Bom;Seca;Meio de Quadra;;Residencial;0;2;0;1;1;0;0;0;0;0;0;0;-3,729495000000000;-38,504582000000000
247695;5;1;2015;09:10;0;AV DEP PAULINO ROCHA;;;3131;CASTELAO;Colis?úo;;Bom;Seca;Meio de Quadra;Pare;Comercial;0;1;1;0;0;0;0;0;0;1;0;0;-3,808405000000000;-38,523807000000000
247696;5;1;2015;14:35;13375;AV ANTONIO SALES;RUA HENRIQUE RABELO;;0;;Colis?úo Lateral;Anoitecer;Bom;Seca;Cruz;Pare;Comercial;0;0;2;1;0;0;0;0;0;0;0;0;-3,739540000000000;-38,521352000000000
247697;5;1;2015;11:30;0;AV AGUANAMBI;AV EDUARDO GIRAO;;0;ROTAT?ôRIA;Colis?úo Lateral;Luz do Dia;Bom;Seca;;;;0;0;2;1;0;0;1;0;0;0;0;0;-3,755538000000000;-38,523043000000000
247698;5;1;2015;13:00;0;RUA CARLOS CHAGAS;;;331;;Choque c/ Obst?ículo Fixo;Luz do Dia;Bom;Seca;Meio de Quadra;N?úo H?í Controle;Residencial;0;1;0;1;0;0;0;0;0;0;0;0;-3,780708000000000;-38,583230000000000
247699;5;1;2015;12:20;0;AV FRANCISCO SA;;;3680;;Colis?úo Lateral;Luz do Dia;Bom;Seca;Meio de Quadra;N?úo H?í Controle;Comercial;0;0;2;1;0;0;0;0;0;0;0;0;-3,717226000000000;-38,557879000000000
247700;5;1;2015;12:30;0;RUA TIP SALES;;;909;;Colis?úo Frontal;;Bom;Seca;Meio de Quadra;N?úo H?í Controle;Comercial;0;0;2;1;0;0;0;0;0;0;0;0;-3,743910000000000;-38,563487000000000
247701;5;1;2015;21:00;0;RUA PDE MATOS SERRA;;;399;;Colis?úo Lateral;Via Iluminada;Bom;Seca;Meio de Quadra;N?úo H?í Controle;Residencial;0;0;2;1;0;0;1;0;0;0;0;0;-3,744209000000000;-38,527086000000000
247702;5;1;2015;14:30;25509;RUA HOLANDA;RUA ANTONIO DIVINO;;0;;Colis?úo Lateral;;Bom;Seca;Cruz;Gesto;Residencial;0;1;1;1;0;0;0;0;0;1;0;0;-3,803674000000000;-38,559490000000000
247703;5;1;2015;17:30;0;AV BEZERRA DE MENEZES;;;1820;;Colis?úo Lateral;Via Iluminada;Bom;Seca;Meio de Quadra;;;0;0;2;1;0;0;1;0;0;0;0;0;-3,734929000000000;-38,560902000000000
247704;5;1;2015;09:30;0;AV ODILON GUIMARAES;;;1351;;Colis?úo Traseira;Luz do Dia;Bom;Seca;Meio de Quadra;Pare;Comercial;0;0;2;1;0;0;0;0;0;0;0;0;-3,825962000000000;-38,479753000000000
247705;5;1;2015;16:30;14135;AV CURIO;RUA LOURDES VIDAL ALVES;;0;;Colis?úo Traseira;Luz do Dia;Bom;Seca;Cruz;Pare;Comercial;0;1;1;0;0;0;0;0;0;1;0;0;-3,826479000000000;-38,473498000000000
247706;5;1;2015;12:40;22677;AV COS GOMES DE FREITAS (SAPIRANGA/COITE);RUA MARIO ALENCAR ARARIPE;;0;;Colis?úo Transversal;Luz do Dia;Bom;Seca;T;Pare;Comercial;0;0;2;1;0;0;0;0;0;0;0;0;-3,795569000000000;-38,478257000000000
247708;5;1;2015;11:30;11160;RUA SUECIA;RUA JOSE MENELEU D41;;0;;Colis?úo Lateral;Luz do Dia;;;Cruz;Pare;Residencial;0;0;2;0;1;0;0;0;0;0;0;0;-3,782586000000000;-38,559334000000000
247709;5;1;2015;13:40;0;RUA JOSE IVO;;;640;;Colis?úo Lateral;Luz do Dia;Bom;Seca;Meio de Quadra;Pare;Misto;0;0;2;1;0;0;0;0;0;0;0;0;;
247710;5;1;2015;16:00;4647;AV VIENA WEYNE;AV CANDIDO PORTINARI;;0;;Colis?úo Transversal;Luz do Dia;Bom;Seca;T;Pare;Residencial;0;0;2;1;0;0;0;0;0;0;0;0;-3,802356000000000;-38,485114000000000
247711;5;1;2015;18:50;7634;AV CARNEIRO DE MENDONCA;RUA MINAS GERAIS;;0;;Colis?úo;Anoitecer;Bom;Seca;Cruz;Pare;Residencial;0;0;2;1;0;0;0;0;0;0;0;0;-3,762798000000000;-38,569200000000000
247712;5;1;2015;18:30;5051;RUA SEN JAGUARIBE;RUA SEN POMPEU;;0;;Colis?úo Transversal;Via Iluminada;Bom;Seca;Cruz;Pare;Comercial;0;1;1;1;0;0;0;0;0;1;0;0;-3,721667000000000;-38,528055000000000
259785;5;1;2015;07:16;0;AV DES GONZAGA;;;0;;Queda;Luz do Dia;;;Meio de Quadra;;;0;1;0;0;0;0;0;0;0;1;0;0;;
259786;5;1;2015;08:56;7752;AV JOAO PESSOA;AV CARNEIRO DE MENDONCA;;0;;Colis?úo;Luz do Dia;;;Cruz;Sem?íforo;Misto;0;1;1;1;0;0;0;0;0;0;0;0;-3,767222000000000;-38,559808000000000
259787;5;1;2015;10:25;0;RUA MANUEL PADILHA;;;0;;Atropelamento;Luz do Dia;;;Meio de Quadra;;;0;1;1;1;0;0;0;0;0;0;0;0;-3,754360000000000;-38,521021000000000
259788;5;1;2015;10:55;0;RUA NAT FEIJO;;;0;;Colis?úo;Luz do Dia;;;Meio de Quadra;;;0;0;2;0;0;0;0;0;0;0;0;0;;
259789;5;1;2015;12:49;5434;AV DOM MANUEL;AV HERACLITO GRACA;;0;;Atropelamento;Luz do Dia;;;Cruz;Sem?íforo;Comercial;0;2;0;0;0;0;0;0;0;1;0;0;-3,734013000000000;-38,522952000000000
259797;5;1;2015;21:30;4612;AV OLIVEIRA PAIVA;AV WASHINGTON SOARES;;0;;Colis?úo;;;;;;;0;1;1;1;0;0;0;0;0;1;0;0;-3,795695000000000;-38,479908000000000
253316;5;1;2015;10:00;0;RD BR 116;;;5000;KM-05;Colis?úo Traseira;Luz do Dia;Bom;Seca;Meio de Quadra;N?úo H?í Controle;;0;0;2;1;0;0;0;0;0;0;0;0;-3,796502000000000;-38,506787000000000
253310;6;1;2015;09:50;0;RD BR 116;;;12000;KM-12;Colis?úo Traseira;Luz do Dia;Chuva;Molhada;Meio de Quadra;N?úo H?í Controle;Comercial;0;0;5;1;0;0;1;0;0;0;0;0;-3,855740000000000;-38,496066000000000
257822;6;1;2015;14:26;0;AV PRS COSTA E SILVA;;;0;;Colis?úo;Luz do Dia;;;Meio de Quadra;;;0;0;2;1;0;0;0;0;0;0;0;0;;
257830;6;1;2015;16:02;0;AV D CJ JOSE WALTER;;;0;;Colis?úo;Luz do Dia;;;Meio de Quadra;;;0;2;0;0;0;0;0;0;0;1;0;0;;
257831;6;1;2015;16:45;0;AV BEZERRA DE MENEZES;;;0;;Colis?úo;Luz do Dia;;;Meio de Quadra;;;0;0;2;1;0;0;1;0;0;0;0;0;;
257832;6;1;2015;17:27;7809;RUA FRANCISCO HOLANDA;RUA VIS MAUA;;0;;Colis?úo;Anoitecer;;;Cruz;N?úo H?í Controle;Comercial;0;1;1;1;0;0;0;0;0;1;0;0;-3,749029000000000;-38,503561000000000
257828;6;1;2015;14:50;0;AV DOS EXPEDICIONARIOS;;;4575;;Colis?úo;Luz do Dia;;;Meio de Quadra;;;0;0;2;1;0;0;0;0;0;0;0;0;-3,758236000000000;-38,539153000000000
257834;6;1;2015;17:47;0;RUA TOMAS ACIOLI;;;1200;;Colis?úo;Anoitecer;;;Meio de Quadra;;;0;0;2;1;0;0;0;0;0;0;0;0;-3,745814000000000;-38,506851000000000
257836;6;1;2015;18:05;10634;AV MIGUEL DIAS;AV WASHINGTON SOARES;;0;;Colis?úo;Anoitecer;;;T;Sem?íforo;Comercial;0;1;1;1;0;0;0;0;0;1;0;0;-3,757742000000000;-38,488341000000000
256976;6;1;2015;23:59;0;RUA SAO FRANCISCO D34;;;1541;;Colis?úo;;;;Meio de Quadra;;;0;0;2;1;0;0;0;0;0;0;0;0;;
256980;6;1;2015;04:58;19694;AV BEZERRA DE MENEZES;RUA TIP SALES;;0;;Colis?úo;;;;T;Pare;Comercial;0;1;1;1;0;0;0;0;0;1;0;0;-3,735828000000000;-38,565167000000000
256988;6;1;2015;07:40;0;AV JOR JOAO RAMOS;;;0;;Colis?úo;Luz do Dia;;;Meio de Quadra;;;0;0;2;1;0;0;0;0;0;0;0;0;;
256992;6;1;2015;09:30;0;AV N CJ JOSE WALTER;;;1261;;Colis?úo;Luz do Dia;;;Meio de Quadra;;;0;0;2;1;0;0;0;0;0;0;0;0;-3,832890000000000;-38,560578000000000
256995;6;1;2015;10:52;0;RUA FRANCISCO JOSE A PEREIRA;;;1015;;Colis?úo;Luz do Dia;;;Meio de Quadra;;;0;2;0;0;0;0;0;0;0;1;0;0;;
256999;6;1;2015;11:41;0;AV PDE ANTONIO TOMAS;;;3180;;Colis?úo;Luz do Dia;;;Meio de Quadra;;;0;1;1;1;0;0;0;0;0;1;0;0;-3,745408000000000;-38,483499000000000
257001;6;1;2015;11:45;1303;RUA BARBOSA DE FREITAS;AV DOM LUIS;;0;;Colis?úo;Luz do Dia;;;;N?úo H?í Controle;Comercial;0;1;1;1;0;0;0;0;0;1;0;0;-3,733564000000000;-38,496396000000000
257006;6;1;2015;01:00;0;AV PRS CASTELO BRANCO;;;2496;;Atropelamento;Luz do Dia;;;Meio de Quadra;;;1;1;0;0;0;0;0;0;0;1;0;0;-3,713234000000000;-38,550189000000000
257007;6;1;2015;11:55;0;AV TEN LISBOA;;;1300;;Colis?úo;Luz do Dia;;;Meio de Quadra;;;0;0;2;1;0;0;0;0;0;0;0;0;-3,718028000000000;-38,547374000000000
259798;6;1;2015;06:23;0;AV CEL CARVALHO;;;0;;Colis?úo;Luz do Dia;;;Meio de Quadra;;;0;0;2;0;0;0;0;0;0;0;0;0;;
259799;6;1;2015;07:50;0;RUA HUGO VITOR;;;0;;Colis?úo;Luz do Dia;;;Meio de Quadra;;;0;1;1;1;0;0;0;0;0;1;0;0;-3,741740000000000;-38,591317000000000
259813;6;1;2015;15:39;0;AV PRS CASTELO BRANCO;;;0;;Atropelamento;Luz do Dia;;;Meio de Quadra;;;0;1;1;1;0;0;0;0;0;0;0;0;;
259802;6;1;2015;11:53;0;RUA PRO HERIBALDO COSTA;;;0;;Colis?úo;Luz do Dia;;;Meio de Quadra;;;0;1;1;1;0;0;0;0;0;1;0;0;;
259803;6;1;2015;13:07;0;AV PRS CASTELO BRANCO;;;0;;Queda;Luz do Dia;;;Meio de Quadra;;;0;1;1;0;0;0;0;0;0;1;0;0;;
259804;6;1;2015;13:23;0;RUA 6 CJ POLAR;;;0;;Queda;Luz do Dia;;;Meio de Quadra;;;0;1;0;0;0;0;0;0;0;1;0;0;;
259815;6;1;2015;16:20;0;AV DES MOREIRA;;;0;;Colis?úo;Luz do Dia;;;Meio de Quadra;;;0;2;0;1;0;0;0;0;0;1;0;0;;
259818;6;1;2015;20:02;26083;AV BEZERRA DE MENEZES;AV JOSE JATAHY;;0;;Queda;;;;Cruz;Pare;Comercial;0;1;0;0;0;0;0;0;0;1;0;0;;
259680;6;1;2015;14:11;17412;RUA BAR SOBRAL;RUA ALBERTO MAGNO;;0;;Colis?úo;Luz do Dia;;;Cruz;Sem?íforo;Comercial;0;0;2;1;0;0;0;0;0;0;0;0;-3,767991000000000;-38,552417000000000
257855;6;1;2015;20:47;0;RUA DR ESTENIO GOMES;;;156;;Colis?úo;;;;Meio de Quadra;;;0;1;1;1;0;0;0;0;0;1;0;0;-3,786821000000000;-38,578515000000000
257858;6;1;2015;22:18;0;RUA BRAGANCA;;;1190;;Colis?úo;;;;Meio de Quadra;;;0;1;1;1;0;1;0;0;0;0;0;0;-3,784269000000000;-38,597482000000000
257860;6;1;2015;22:33;0;RUA ARMANDO OLIVEIRA;;;2562;;Colis?úo;;;;Meio de Quadra;;;0;0;2;1;0;0;0;0;0;0;0;0;;
257878;6;1;2015;22:40;10208;RUA MINERVA;RUA ALTO DAS PEDRINHAS;;0;;Colis?úo;;;;;;;0;1;1;1;0;0;0;0;0;1;0;0;-3,748141000000000;-38,600931000000000
257881;6;1;2015;23:13;3131;RUA RISO DO PRADO;RUA JOSE ARISTOTELES GONDIM;;0;;Colis?úo;;;;;;;0;1;1;1;0;0;0;0;0;1;0;0;-3,778005000000000;-38,584725000000000
257884;6;1;2015;23:18;8631;AV EDILSON B SOARES;RUA ERNESTO MONTEIRO;;0;;Colis?úo;;;;Cruz;Pare;Comercial;0;0;2;1;0;0;0;0;0;0;0;0;-3,788645000000000;-38,471126000000000
257839;6;1;2015;18:24;7843;RUA ANTONIO FURTADO;RUA SILVA PAULET;;0;;Colis?úo;Anoitecer;;;Cruz;Pare;Residencial;0;0;2;1;0;0;0;0;0;0;0;0;-3,751395000000000;-38,510882000000000
257840;6;1;2015;19:51;0;RUA MARIA GOMES DE SA;;;1184;;Colis?úo;;;;Meio de Quadra;;;0;1;1;1;0;0;0;0;0;1;0;0;-3,825814000000000;-38,581815000000000