COD_ACIDENTE;DIA;MES;ANO;HORA;INTERSECAO;LOG1;LOG2;LOG3;NUMERO;REFERENCIA;NATUREZA;ILUMINACAO;TEMPO;SUPERFICIEPISTA;TIPOCRUZAMENTO;CONTROLETRAFEGO;USOSOLO;MORTOS;FERIDOS;ILESOS;AUTOMOVEL;ONIBUS;BICICLETA;CAMINHAO;MICROONIBUS;CICLOMOTOR;MOTOCICLETA;TRACAOANIMAL;TREM;LATITUDE;LONGITUDE
257845;6;1;2015;20:00;0;AV GOV RAUL BARBOSA;;;0;;Colis?úo;;;;Meio de Quadra;;;0;0;2;1;0;0;0;0;0;0;0;0;;
247713;6;1;2015;11:50;0;AV SORIANO ALBUQUERQUE;;;230;;Colis?úo Lateral;Luz do Dia;Bom;Seca;Meio de Quadra;N?úo H?í Controle;Comercial;0;0;2;1;0;0;0;0;0;0;0;0;-3,747966000000000;-38,518841000000000
247715;6;1;2015;04:00;15190;AV ABOLICAO;RUA JOAQUIM NABUCO;;0;;Colis?úo Lateral;Via Iluminada;Bom;Seca;Cruz;Sem?íforo;Residencial;0;0;2;1;0;0;1;0;0;0;0;0;-3,726373000000000;-38,498436000000000
247717;6;1;2015;08:20;3767;AV DOMINGOS OLIMPIO;AV IMPERADOR;;0;;Colis?úo Lateral;Luz do Dia;Bom;Seca;Cruz;Sem?íforo;Comercial;0;1;1;1;0;0;0;0;0;1;0;0;-3,734790000000000;-38,536697000000000
247718;6;1;2015;09:00;5346;AV SANTOS DUMONT;RUA JOAO CORDEIRO;;0;;Colis?úo Traseira;Luz do Dia;Bom;Seca;Cruz;Sem?íforo;Comercial;0;0;2;0;0;0;0;0;0;0;0;0;-3,730878000000000;-38,514781000000000
247719;6;1;2015;12:00;0;AV JOAO PESSOA;;;4584;;Atropelamento;Luz do Dia;Bom;Seca;Meio de Quadra;;;0;1;1;0;1;0;0;0;0;0;0;0;-3,753137000000000;-38,550097000000000
247720;6;1;2015;08:40;3858;AV DA UNIVERSIDADE;RUA INSTITUTO DO CEARA;;0;;Colis?úo Lateral;Luz do Dia;Bom;Seca;Cruz;Pare;Comercial;0;1;1;0;0;0;0;0;0;1;0;0;-3,738318000000000;-38,536707000000000
247721;6;1;2015;14:20;15371;AV DOM LUIS;RUA PRO DIAS DA ROCHA;;0;;Colis?úo Transversal;Luz do Dia;Bom;Seca;Outros;Pare;Misto;0;0;2;1;1;0;0;0;0;0;0;0;-3,735126000000000;-38,491572000000000
247722;6;1;2015;15:30;0;AV LUCIANO CARNEIRO;;;1333;;Colis?úo Transversal;;Bom;Seca;Meio de Quadra;N?úo H?í Controle;Comercial;0;0;2;1;0;0;0;0;0;0;0;0;-3,759593000000000;-38,535052000000000
247723;6;1;2015;09:00;1351;RUA DES LEITE ALBUQUERQUE;RUA TIBURCIO CAVALCANTE;;0;;Colis?úo Lateral;Luz do Dia;Bom;Seca;Cruz;Pare;Residencial;0;1;1;1;0;0;0;0;0;1;0;0;-3,735956000000000;-38,502587000000000
247724;6;1;2015;16:00;7923;AV DES MOREIRA;RUA ISAC AMARAL;;0;;Colis?úo Transversal;Luz do Dia;Bom;Seca;Cruz;Sem?íforo;Residencial;0;2;0;0;0;0;0;0;0;1;0;0;-3,753019000000000;-38,503726000000000
247725;6;1;2015;19:20;10999;RUA 15 DE NOVEMBRO;RUA ALBERTO MAGNO;;0;;Colis?úo Transversal;Via Iluminada;Bom;Seca;Cruz;Pare;Comercial;0;0;2;1;0;0;0;0;0;0;0;0;-3,769909000000000;-38,553169000000000
247726;6;1;2015;11:35;15194;RUA DEP MOREIRA DA ROCHA;RUA ILDEFONSO ALBANO;;0;;Colis?úo Lateral;Luz do Dia;Bom;Seca;Cruz;Pare;Comercial;0;0;2;0;0;0;0;0;0;0;0;0;-3,726480000000000;-38,511072000000000
247727;6;1;2015;15:30;0;RUA BAR ARATANHA;;;635;;Colis?úo Lateral;Luz do Dia;Bom;Seca;Meio de Quadra;N?úo H?í Controle;Misto;0;0;2;1;0;0;0;0;0;0;0;0;-3,738385000000000;-38,528213000000000
247728;6;1;2015;19:10;5374;RUA BAR RIO BRANCO;AV DUQ CAXIAS;;0;;Colis?úo Lateral;Via Iluminada;Bom;Seca;Cruz;Sem?íforo;Comercial;0;0;2;1;0;0;0;0;0;0;0;0;-3,731774000000000;-38,529947000000000
247729;6;1;2015;10:30;9237;AV EDUARDO GIRAO;RUA DR RATISBONA;;0;;Colis?úo Lateral;Luz do Dia;Bom;Seca;T;Pare;Misto;0;1;1;1;0;0;0;0;0;1;0;0;-3,754825000000000;-38,530274000000000
247730;6;1;2015;18:25;11932;AV PRS COSTA E SILVA;AV CASTELO DE CASTRO;;0;;Colis?úo Lateral;Via Iluminada;Bom;Seca;Cruz;Sem?íforo;Rural;0;0;1;1;0;0;0;0;0;1;0;0;-3,829012000000000;-38,521435000000000
247731;6;1;2015;15:12;1547;AV DES MOREIRA;RUA CAROLINA SUCUPIRA;;0;;Colis?úo Traseira;Luz do Dia;Bom;Seca;Cruz;Sem?íforo;Comercial;0;0;2;1;0;0;0;0;0;0;0;0;-3,741192000000000;-38,499948000000000
247732;6;1;2015;11:50;25614;AV MOZART PINHEIRO DE LUCENA;RUA DNA LUCIA PINHEIRO (QUINTINO CUNHA);;0;;Colis?úo;Anoitecer;Nublado;Seca;Cruz;Sem?íforo;Comercial;0;1;1;0;0;0;0;0;0;1;0;0;-3,731603000000000;-38,599423000000000
247733;6;1;2015;17:48;15688;RUA CEL ERNESTO MATOS;RUA GUILHERME PESSOA;;0;;Colis?úo Lateral;Anoitecer;Nublado;Seca;Cruz;Pare;Comercial;0;0;2;1;0;0;1;0;0;0;0;0;-3,826939000000000;-38,489265000000000
247734;6;1;2015;06:15;183;AV SGT HERMINIO SAMPAIO;AV CEL CARVALHO;;0;;Colis?úo Traseira;Luz do Dia;Bom;Seca;Cruz;Sem?íforo;Comercial;0;1;1;0;1;0;0;0;0;1;0;0;-3,731488000000000;-38,584591000000000
247735;6;1;2015;08:20;0;RUA JOAQUIM ALBANO;;;0;TERMINAL ANTONIO BEZERRA;Colis?úo Lateral;;Bom;Seca;Meio de Quadra;Pare;Escola;0;1;1;1;0;0;0;0;0;1;0;0;;
247736;6;1;2015;12:15;0;AV SANTOS DUMONT;;;1637;;Engavetamento;Luz do Dia;Bom;Seca;Meio de Quadra;N?úo H?í Controle;Comercial;0;0;3;1;0;0;0;0;0;0;0;0;-3,732660000000000;-38,509309000000000
247737;6;1;2015;10:15;1324;RUA TORRES CAMARA;RUA DR JOSE LOURENCO;;0;;Colis?úo Lateral;Luz do Dia;Bom;Seca;Cruz;Pare;Residencial;0;1;1;1;0;0;0;0;0;1;0;0;-3,735281000000000;-38,508053000000000
247738;6;1;2015;18:50;0;AV AGUANAMBI;;;1790;;Colis?úo Traseira;Via Iluminada;Bom;Seca;Meio de Quadra;N?úo H?í Controle;Comercial;0;1;1;1;0;0;0;0;0;1;0;0;;
247739;6;1;2015;18:25;0;AV AGUANAMBI;;;1733;;Atropelamento;Anoitecer;Bom;Seca;Meio de Quadra;N?úo H?í Controle;Comercial;0;2;0;0;0;0;0;0;0;1;0;0;-3,752315000000000;-38,523386000000000
247740;6;1;2015;15:00;19657;AV BEZERRA DE MENEZES;RUA PRO RAIMUNDO ARRUDA;;0;;Colis?úo Transversal;Luz do Dia;Bom;Seca;Cruz;Sem?íforo;Comercial;0;2;1;0;0;0;0;0;0;1;0;0;-3,733126000000000;-38,552148000000000
247741;6;1;2015;11:00;0;RUA JOAQUIM ALBANO;;;0;TERMINAL ANTONIO BEZERRA;Colis?úo Traseira;Luz do Dia;Bom;Seca;Outros;Sem?íforo;Comercial;0;1;1;1;0;0;0;0;0;0;0;0;;
247742;6;1;2015;18:55;23707;AV GAL OSORIO DE PAIVA;RUA ARARAQUARA;;0;;Colis?úo Traseira;Via Iluminada;Nublado;Seca;Outros;Pare;Comercial;0;0;2;1;0;0;0;0;0;0;0;0;-3,783347000000000;-38,578753000000000
247743;6;1;2015;08:30;25334;AV D CJ CEARA;AV B CJ CEARA;;0;;Colis?úo;Luz do Dia;Bom;Seca;T;Pare;Misto;0;1;1;1;0;0;0;0;0;0;0;0;-3,763611000000000;-38,602328000000000
247744;6;1;2015;18:25;5397;AV DUQ CAXIAS;RUA ASSUNCAO;;0;;Colis?úo Transversal;Via Iluminada;Bom;Seca;Cruz;Sem?íforo;Comercial;0;0;2;1;1;0;0;0;0;0;0;0;-3,732405000000000;-38,527952000000000
247745;6;1;2015;16:20;0;AV GOV RAUL BARBOSA;;;5110;;Colis?úo Lateral;Luz do Dia;Bom;Seca;Meio de Quadra;N?úo H?í Controle;Residencial;0;0;2;1;0;0;0;0;0;0;0;0;-3,763199000000000;-38,508573000000000
247746;6;1;2015;18:30;25519;AV GOV RAUL BARBOSA;AV ALM HENRIQUE SABOIA;;0;;Colis?úo Lateral;Anoitecer;Bom;Seca;Y;D?¬ Prefer?¬ncia;Outros;0;0;2;1;0;0;1;0;0;0;0;0;-3,758466000000000;-38,504580000000000
247747;6;1;2015;22:30;0;RUA BENTO ALBUQUERQUE;;;1800;;Colis?úo Traseira;;Bom;Seca;Meio de Quadra;;Residencial;0;0;3;1;0;0;0;0;0;0;0;0;-3,747018000000000;-38,473028000000000
247748;6;1;2015;06:20;7779;RUA VIS MAUA;RUA DOM EXPEDITO LOPES;;0;;Colis?úo Lateral;Luz do Dia;Bom;Seca;Cruz;Pare;Comercial;0;0;2;1;0;0;0;0;0;0;0;0;-3,744731000000000;-38,502182000000000
256744;6;1;2015;00:28;4612;AV WASHINGTON SOARES;AV OLIVEIRA PAIVA;;0;;Colis?úo;;;;;;;0;1;2;1;0;0;0;0;0;1;0;0;-3,795695000000000;-38,479908000000000
256754;6;1;2015;01:21;0;RUA PDE PERDIGAO SAMPAIO;;;688;;Colis?úo;;;;Meio de Quadra;;;0;1;1;1;0;0;0;0;0;1;0;0;-3,743067000000000;-38,594211000000000
256756;6;1;2015;02:29;0;RUA DR THOMPSON BULCAO;;;636;;Colis?úo;;;;Meio de Quadra;;;0;0;2;1;0;0;0;0;0;0;0;0;-3,769204000000000;-38,493743000000000
256752;6;1;2015;01:16;9952;RUA JOSE TORRES;RUA EMILIO DE MENESES;;0;;Colis?úo;;;;Cruz;Pare;Comercial;0;1;1;1;0;0;0;0;0;1;0;0;-3,776425000000000;-38,606283000000000
256749;6;1;2015;01:00;12333;ET DO ANCURI;RUA RIO JORDAO;;0;;Colis?úo;;;;;;;0;0;2;1;0;0;0;0;1;0;0;0;-3,848325000000000;-38,503566000000000
273059;6;1;2015;14:00;7813;RUA TIBURCIO CAVALCANTE;RUA JULIO SIQUEIRA;;0;;Colis?úo Transversal;Luz do Dia;;;Cruz;Pare;Misto;0;0;2;0;0;0;1;0;0;0;0;0;-3,750135000000000;-38,507128000000000
249326;6;1;2015;01:00;0;AV ROGACIANO LEITE;;;2170;;Choque c/ Obst?ículo Fixo;Via Iluminada;Bom;Seca;Meio de Quadra;N?úo H?í Controle;Residencial;0;1;1;1;0;0;0;0;0;0;0;0;-3,773999000000000;-38,499183000000000
273239;6;1;2015;13:20;0;AV VIS RIO BRANCO;VL ROMERO;;0;;Colis?úo Lateral;Luz do Dia;;;;;;0;1;1;1;0;0;0;0;0;1;0;0;;
258789;6;1;2015;16:20;0;RD CE-040;;;0;KM-10;Colis?úo;Luz do Dia;;Seca;Meio de Quadra;;;0;1;1;0;0;0;0;0;0;1;0;0;-3,838671000000000;-38,480068000000000
258801;6;1;2015;21:45;0;RD CE-040;;;0;KM-08;Colis?úo;;;Seca;Meio de Quadra;;;0;0;2;1;0;0;0;0;0;0;0;0;-3,823332000000000;-38,481317000000000
258772;6;1;2015;08:00;0;AV SEN CARLOS JEREISSATI (AEROPORTO);;;0;;Colis?úo;Luz do Dia;;Seca;Meio de Quadra;;;0;0;2;1;0;0;0;0;0;0;0;0;;
257136;6;1;2015;18:40;0;RUA PDE PEDRO DE ALENCAR;;;100;6 DP;Colis?úo;;;;Meio de Quadra;;;0;1;1;0;0;0;0;0;0;0;0;0;;
272773;6;1;2015;16:00;0;AV 13 DE MAIO;;;0;;;Luz do Dia;;;Meio de Quadra;;;0;1;1;1;0;0;0;0;0;0;0;0;;
257105;7;1;2015;20:13;0;RUA PAULA RODRIGUES;;;77;;Colis?úo;;;;Meio de Quadra;;;0;0;2;1;0;0;0;0;0;1;0;0;-3,752981000000000;-38,526480000000000
257128;7;1;2015;22:18;9952;RUA EMILIO DE MENESES;RUA JOSE TORRES;;0;;Colis?úo;;;;Cruz;Pare;Comercial;0;0;2;0;0;0;0;0;0;1;0;0;-3,776425000000000;-38,606283000000000
257149;7;1;2015;00:45;12494;RUA RIBEIRO LEITAO;AV CARNEIRO DE MENDONCA;;0;;Colis?úo;;;;Cruz;Pare;Residencial;0;0;2;0;0;0;0;0;0;1;0;0;-3,759608000000000;-38,575714000000000
257184;7;1;2015;10:38;0;AV ANTONIO SALES;;;1031;;Colis?úo;Luz do Dia;;;Meio de Quadra;;;0;0;2;1;0;0;0;0;0;0;0;0;-3,742300000000000;-38,512555000000000
257191;7;1;2015;11:42;0;RD CE-040;;;0;KM-05;Colis?úo;Luz do Dia;;;Meio de Quadra;;;0;1;2;1;0;0;1;0;0;1;0;0;-3,790876000000000;-38,480349000000000
257194;7;1;2015;11:43;0;RUA FRANCISCA CLOTILDE;RUA PRO LINO ENCARNACAO;;1500;;Colis?úo;Luz do Dia;;;;;;0;0;2;1;1;0;0;0;0;0;0;0;-3,749286000000000;-38,558806000000000
257198;7;1;2015;12:09;0;AV DIOGUINHO;;;976;;Colis?úo;Luz do Dia;;;Meio de Quadra;;;0;0;2;1;0;0;0;0;0;0;0;0;-3,726126000000000;-38,461785000000000
257215;7;1;2015;10:05;15005;AV GODOFREDO MACIEL;RUA SUICA;;0;;Colis?úo;Luz do Dia;;;T;N?úo H?í Controle;Comercial;0;1;1;1;0;0;0;0;0;1;0;0;-3,792859000000000;-38,568361000000000
257217;7;1;2015;14:10;0;AV DR SILAS MUNGUBA;;;3145;;Colis?úo;Luz do Dia;;;Meio de Quadra;;;0;0;2;1;0;0;0;0;0;1;0;0;-3,788715000000000;-38,545030000000000
257223;7;1;2015;14:24;0;RUA EUCLIDES O DE SOUSA;;;331;;Colis?úo;Luz do Dia;;;Meio de Quadra;;;0;0;2;1;0;0;0;0;0;1;0;0;-3,798076000000000;-38,477955000000000
257224;7;1;2015;15:23;13592;RUA PRO CARVALHO;AV PONTES VIEIRA;;0;;Colis?úo;Luz do Dia;;;Cruz;Sem?íforo;Comercial;0;0;2;1;0;0;0;0;0;0;0;0;-3,752890000000000;-38,514949000000000
257251;7;1;2015;16:10;0;AV WASHINGTON SOARES;;;3199;;Colis?úo;Luz do Dia;;;Meio de Quadra;;;0;0;2;1;0;0;0;0;0;0;0;0;-3,786535000000000;-38,480716000000000
257260;7;1;2015;18:00;0;AV SGT HERMINIO SAMPAIO;;;0;;Colis?úo;Anoitecer;;;Meio de Quadra;;;0;0;2;1;0;0;0;0;0;0;0;0;;
257264;7;1;2015;18:34;0;TR PERDIGAO DE OLIVEIRA;;;0;;Choque c/ Obst?ículo Fixo;;;;Meio de Quadra;;;0;0;1;0;0;0;1;0;0;0;0;0;;
257102;7;1;2015;19:33;0;RUA ARAPONGA;;;257;;Colis?úo;;;;Meio de Quadra;;;0;0;2;1;0;0;0;0;0;1;0;0;-3,785755000000000;-38,575997000000000
257123;7;1;2015;21:51;0;AV EDILSON B SOARES;;;1020;;Colis?úo;;;;Meio de Quadra;;;0;0;2;1;0;0;0;0;0;1;0;0;-3,789148000000000;-38,477033000000000
257116;7;1;2015;19:57;0;RD CE-040;;;0;KM-05;Colis?úo;;;;Meio de Quadra;;;0;0;2;0;0;0;0;0;0;1;0;0;-3,790876000000000;-38,480349000000000
257086;7;1;2015;18:20;0;AV SANTOS DUMONT;;;1425;;Colis?úo;Anoitecer;;;Meio de Quadra;;;0;1;1;0;0;1;0;0;0;1;0;0;-3,732087000000000;-38,511064000000000
257095;7;1;2015;17:00;0;RD BR 116;;;0;MAKRO;Colis?úo;Anoitecer;;;Meio de Quadra;;;0;0;2;1;1;0;0;0;0;0;0;0;;
257099;7;1;2015;19:02;23805;RUA ARAPONGA;AV GAL OSORIO DE PAIVA;;0;;Colis?úo;;;;Duplo T;Pare;Comercial;0;0;2;0;1;0;0;0;0;0;0;0;-3,783465000000000;-38,578949000000000
257100;7;1;2015;19:02;3417;RUA MIGUEL GONCALVES;RUA JOAO MELO;;0;;Colis?úo;;;;Cruz;;Residencial;0;0;2;1;0;0;0;0;0;0;0;0;-3,758205000000000;-38,555713000000000
247960;7;1;2015;07:30;0;AV SGT HERMINIO SAMPAIO;;;1122;;Colis?úo Traseira;Luz do Dia;Bom;Seca;Meio de Quadra;Sem?íforo;Misto;0;0;2;1;0;0;0;0;0;0;0;0;-3,724658000000000;-38,550643000000000
258023;7;1;2015;08:40;0;RUA BERNARDO MANUEL;;;9360;;Colis?úo Traseira;Luz do Dia;Bom;Seca;Meio de Quadra;Sem?íforo;Comercial;0;0;2;1;0;0;0;0;0;1;0;0;-3,801985000000000;-38,552393000000000
258911;7;1;2015;08:42;0;RD CE-040;;;0;KM-05;Colis?úo;Luz do Dia;;Molhada;Meio de Quadra;;;0;0;3;1;0;0;1;0;0;1;0;0;-3,790876000000000;-38,480349000000000
258914;7;1;2015;10:10;0;AV SEN CARLOS JEREISSATI (AEROPORTO);;;0;KM 01;Colis?úo;Luz do Dia;;Molhada;Meio de Quadra;;;0;0;2;1;0;0;0;0;0;0;0;0;-3,783803000000000;-38,520356000000000
273235;7;1;2015;17:40;23045;AV DR SILAS MUNGUBA;RUA MALMEQUER;;0;;Colis?úo Traseira;Via Iluminada;Nublado;Molhada;Cruz;N?úo H?í Controle;Comercial;0;1;1;1;0;0;0;0;0;1;0;0;-3,790980000000000;-38,538571000000000
273244;7;1;2015;07:20;6738;RUA DES WALDETARIO P MOTA;RUA VILEBALDO AGUIAR;;0;;Colis?úo Transversal;Luz do Dia;Nublado;Seca;Cruz;Pare;Residencial;0;2;0;1;0;0;0;0;0;1;0;0;-3,741853000000000;-38,483787000000000
273291;7;1;2015;22:30;3767;AV DOMINGOS OLIMPIO;AV IMPERADOR;;0;;;Via Iluminada;Chuva;Molhada;Cruz;Sem?íforo;Misto;0;0;2;0;0;0;0;0;0;1;0;0;-3,734790000000000;-38,536697000000000
273226;7;1;2015;18:45;25486;AV ALBERTO CRAVEIRO;AV SEN CARLOS JEREISSATI (AEROPORTO);;0;;Colis?úo Lateral;Via Iluminada;Chuva;Molhada;Y;N?úo H?í Controle;Outros;0;0;2;1;0;0;1;0;0;0;0;0;-3,783767000000000;-38,516874000000000
273230;7;1;2015;07:00;0;AV JOSE BASTOS;;;3000;;Engavetamento;Luz do Dia;Bom;Seca;Meio de Quadra;N?úo H?í Controle;Comercial;0;0;3;1;0;0;0;0;0;0;0;0;-3,747019000000000;-38,547468000000000
247749;7;1;2015;19:00;9022;RUA BAR RIO BRANCO;RUA PDE ROMA;;0;;Colis?úo Transversal;Via Iluminada;Bom;Seca;Cruz;Pare;Misto;0;1;1;1;0;0;0;0;0;0;0;0;-3,743790000000000;-38,533796000000000
247750;7;1;2015;15:30;1467;AV SANTOS DUMONT;RUA MON CATAO;;0;;Colis?úo Lateral;Luz do Dia;Bom;Seca;Rotat??ria;Sem?íforo;Comercial;0;1;1;1;0;0;0;0;1;0;0;0;-3,738745000000000;-38,490564000000000
247751;7;1;2015;21:00;15135;AV HIS RAIMUNDO GIRAO;RUA FRANCISCO DIAS RIBEIRO;;0;;Colis?úo Transversal;Via Iluminada;Bom;Seca;Cruz;Pare;Lazer;0;0;2;1;0;0;0;0;0;0;0;0;-3,724024000000000;-38,504397000000000
247752;7;1;2015;10:00;0;AV DOS EXPEDICIONARIOS;;;7146;;Colis?úo Transversal;Luz do Dia;Bom;Molhada;Meio de Quadra;N?úo H?í Controle;Misto;0;0;2;1;0;0;0;0;0;0;0;0;-3,780473000000000;-38,545839000000000
247753;7;1;2015;18:30;0;AV OLIVEIRA PAIVA;;;2163;;Colis?úo Lateral;Via Iluminada;Bom;Seca;Meio de Quadra;N?úo H?í Controle;Comercial;0;1;1;0;0;0;0;0;0;1;0;0;-3,796303000000000;-38,486890000000000
247754;7;1;2015;08:00;14419;AV SGT HERMINIO SAMPAIO;RUA JOSE CANDIDO D08;;0;;Colis?úo Traseira;Luz do Dia;Nublado;Seca;Cruz;Sem?íforo;Comercial;0;2;1;1;0;0;0;0;0;1;0;0;-3,724638000000000;-38,550431000000000
247755;7;1;2015;08:30;24392;AV LUCIANO CARNEIRO;RUA LIV GUALTER;;0;;Colis?úo Lateral;Luz do Dia;Chuva;Seca;Cruz;Pare;Comercial;0;0;2;1;0;0;1;0;0;0;0;0;-3,767956000000000;-38,537620000000000
247716;7;1;2015;07:20;22082;RUA ALEXANDRE BARAUNA;RUA CAP FRANCISCO PEDRO;;0;;Colis?úo Transversal;Luz do Dia;Nublado;;Cruz;Pare;Outros;0;0;2;1;0;0;0;0;0;0;0;0;-3,749020000000000;-38,550539000000000
247759;7;1;2015;16:00;3417;RUA MIGUEL GONCALVES;RUA JOAO MELO;;0;;Colis?úo Transversal;;Bom;Seca;Cruz;;Residencial;0;0;2;1;0;0;0;0;0;0;0;0;-3,758205000000000;-38,555713000000000
247760;7;1;2015;11:40;0;RUA JULIO CESAR D12;;;268;;Colis?úo Lateral;Luz do Dia;Bom;Seca;Meio de Quadra;Sem?íforo;Residencial;0;1;1;1;0;0;0;0;0;1;0;0;-3,747570000000000;-38,540581000000000
247761;7;1;2015;14:30;0;AV LUCIANO CARNEIRO;;;841;;Colis?úo Traseira;Luz do Dia;Bom;Seca;Meio de Quadra;N?úo H?í Controle;Comercial;0;1;1;1;0;0;0;0;0;1;0;0;-3,754760000000000;-38,533580000000000
247762;7;1;2015;17:05;19330;RUA STA LIGIA;RUA PERDIGAO DE OLIVEIRA;;0;;Choque c/ Obst?ículo Fixo;Anoitecer;Bom;Seca;Cruz;Pare;Residencial;0;0;1;0;0;0;1;0;0;0;0;0;-3,775620000000000;-38,573950000000000
247763;7;1;2015;15:00;19686;RUA ERICO MOTA;AV BEZERRA DE MENEZES;;0;;Colis?úo Lateral;Luz do Dia;Bom;Seca;T;Sem?íforo;Misto;0;0;2;1;0;0;1;0;0;0;0;0;-3,735357000000000;-38,562991000000000
247764;7;1;2015;14:10;15326;AV BAR STUDART;RUA PEREIRA FILGUEIRAS;;0;;Colis?úo Lateral;Luz do Dia;Chuva;Molhada;Cruz;;Comercial;0;1;1;1;0;0;0;0;0;1;0;0;-3,730810000000000;-38,505361000000000
247765;7;1;2015;00:40;15326;AV BAR STUDART;RUA PEREIRA FILGUEIRAS;;0;;Colis?úo Transversal;Via Iluminada;Nublado;Molhada;Cruz;Sem?íforo;Comercial;0;1;1;1;0;0;0;0;0;1;0;0;-3,730810000000000;-38,505361000000000
247766;7;1;2015;10:30;9155;AV EDUARDO GIRAO;AV LUCIANO CARNEIRO;;0;;Colis?úo Traseira;Luz do Dia;Chuva;Molhada;Cruz;Sem?íforo;Residencial;0;0;2;1;0;0;0;0;0;0;0;0;-3,752275000000000;-38,532811000000000
247767;7;1;2015;11:00;9072;AV PONTES VIEIRA;AV VIS RIO BRANCO;;0;;Colis?úo Traseira;Luz do Dia;Nublado;Molhada;Cruz;Sem?íforo;Comercial;0;0;2;1;0;0;0;0;0;0;0;0;-3,753544000000000;-38,520486000000000
247768;7;1;2015;09:30;19683;RUA PRO JOSE DE BARCELOS;RUA AZEVEDO BOLAO;;0;;Colis?úo Transversal;Luz do Dia;Chuva;Molhada;Cruz;Pare;Residencial;0;1;1;0;0;0;0;0;0;1;0;0;-3,735196000000000;-38,550610000000000
247769;7;1;2015;07:15;17932;RUA DRACON BARRETO;RUA GAL GOIS MONTEIRO;;0;;Colis?úo Transversal;Luz do Dia;Nublado;Seca;Cruz;Pare;Residencial;0;1;1;1;0;0;0;0;0;1;0;0;-3,733801000000000;-38,579178000000000
247770;7;1;2015;07:20;0;RUA GAL BERNARDO FIGUEIREDO;;;425;;Colis?úo Traseira;Luz do Dia;Nublado;Seca;Meio de Quadra;N?úo H?í Controle;Comercial;0;0;2;1;0;0;0;0;0;0;0;0;-3,739728000000000;-38,552118000000000
247771;7;1;2015;19:00;9124;AV VIS RIO BRANCO;RUA MON SALAZAR;;0;;Colis?úo Traseira;Via Iluminada;Bom;Seca;Cruz;Sem?íforo;Residencial;0;0;3;1;0;0;0;0;0;0;0;0;-3,756701000000000;-38,519870000000000
247772;7;1;2015;18:00;0;AV CEL CARVALHO;;;2208;;Colis?úo Traseira;Via Iluminada;Nublado;Seca;Meio de Quadra;N?úo H?í Controle;Comercial;0;0;3;1;0;0;0;0;0;0;0;0;-3,722127000000000;-38,586693000000000
247773;7;1;2015;12:20;99;RUA MARTINS NETO;RUA TOMAS RODRIGUES;;0;;Colis?úo Lateral;Luz do Dia;Bom;Seca;Cruz;Pare;Comercial;0;0;2;1;0;0;1;0;0;0;0;0;-3,741063000000000;-38,593771000000000
247774;7;1;2015;22:30;0;AV 13 DE MAIO;;;2821;;Colis?úo Lateral;Via Iluminada;Bom;Seca;Meio de Quadra;N?úo H?í Controle;Comercial;0;1;1;1;0;0;0;0;1;0;0;0;-3,739947000000000;-38,540301000000000
259820;7;1;2015;06:50;0;AV DR THEBERGE;;;0;;Queda;Luz do Dia;;;Meio de Quadra;;;0;1;0;0;0;0;0;0;0;1;0;0;-3,712221000000000;-38,564159000000000
259822;7;1;2015;07:22;19667;AV BEZERRA DE MENEZES;RUA DOM LINO;;0;;Colis?úo;Luz do Dia;;;Cruz;Sem?íforo;Comercial;0;2;0;0;0;0;0;0;0;1;0;0;-3,734232000000000;-38,557568000000000
259823;7;1;2015;08:33;0;AV GOV RAUL BARBOSA;;;0;;Outros;Luz do Dia;;;Meio de Quadra;;;0;1;0;0;0;0;0;0;0;0;0;0;-3,776718000000000;-38,513274000000000
259825;7;1;2015;08:42;0;AV WASHINGTON SOARES;;;0;;Choque c/ Obst?ículo Fixo;Luz do Dia;;;Meio de Quadra;;;0;1;1;1;0;0;0;0;0;1;0;0;-3,800536000000000;-38,479531000000000
259828;7;1;2015;10:04;0;AV MR HULL;;;0;;Colis?úo;Luz do Dia;;;Meio de Quadra;;;0;0;2;1;0;0;1;0;0;0;0;0;;
259831;7;1;2015;11:39;0;AV MAJ ASSIS;;;0;;Atropelamento;Luz do Dia;;;Meio de Quadra;;;0;2;0;0;0;0;0;0;0;1;0;0;-3,722269000000000;-38,593806000000000
259835;7;1;2015;18:31;0;RUA ANA NERY;;;0;;Queda;;;;Meio de Quadra;;;0;1;0;0;0;1;0;0;0;0;0;0;;
259840;7;1;2015;20:34;0;RUA EMILIO DE MENESES;;;0;;Atropelamento;;;;Meio de Quadra;;;0;1;1;1;0;0;0;0;0;0;0;0;-3,778475000000000;-38,599050000000000
259841;7;1;2015;22:13;0;AV CASTELO DE CASTRO;;;0;;Queda;;;;Meio de Quadra;;;0;1;0;0;0;0;0;0;0;1;0;0;;
259837;7;1;2015;18:55;0;RUA CEL MATOS DOURADO;;;0;;Colis?úo;;;;Meio de Quadra;;;0;1;1;1;0;1;0;0;0;0;0;0;;
257028;7;1;2015;04:48;15339;RUA FRE MANSUETO;RUA ANA BILHAR;;0;;Choque c/ Obst?ículo Fixo;;;;Cruz;Sem?íforo;Residencial;0;0;1;1;0;0;0;0;0;0;0;0;-3,731552000000000;-38,488841000000000