COD_ACIDENTE;DIA;MES;ANO;HORA;INTERSECAO;LOG1;LOG2;LOG3;NUMERO;REFERENCIA;NATUREZA;ILUMINACAO;TEMPO;SUPERFICIEPISTA;TIPOCRUZAMENTO;CONTROLETRAFEGO;USOSOLO;MORTOS;FERIDOS;ILESOS;AUTOMOVEL;ONIBUS;BICICLETA;CAMINHAO;MICROONIBUS;CICLOMOTOR;MOTOCICLETA;TRACAOANIMAL;TREM;LATITUDE;LONGITUDE
257030;7;1;2015;10:13;0;RUA GAL GOIS MONTEIRO;;;0;;Colis?úo;Luz do Dia;;;Meio de Quadra;;;0;0;2;1;0;0;0;0;0;1;0;0;;
257033;7;1;2015;10:18;0;AV BEZERRA DE MENEZES;;;1391;;Colis?úo;Luz do Dia;;;Meio de Quadra;;;0;0;2;0;0;0;1;0;0;1;0;0;-3,734147000000000;-38,557151000000000
257034;7;1;2015;10:18;0;RUA CON DE CASTRO;;;0;;Colis?úo Frontal;Luz do Dia;;;Meio de Quadra;;;0;0;2;1;0;0;0;0;0;0;0;0;;
257042;7;1;2015;10:42;0;AV BORGES DE MELO;;;0;;Colis?úo;Luz do Dia;;;Meio de Quadra;;;0;0;2;1;0;0;0;0;0;0;0;0;;
257054;7;1;2015;12:56;12404;AV LINEU MACHADO;AV SEN FERNANDES TAVORA;;0;;Colis?úo;Luz do Dia;;;Cruz;N?úo H?í Controle;Misto;0;2;0;0;0;0;0;0;0;1;0;0;-3,765199000000000;-38,576540000000000
257049;7;1;2015;11:08;0;AV SGT HERMINIO SAMPAIO;;;567;;Colis?úo;Luz do Dia;;;Meio de Quadra;;;0;0;2;1;0;0;0;0;0;0;0;0;;
274090;7;1;2015;09:10;1558;RUA PDE VALDEVINO;AV BAR STUDART;;0;;Colis?úo Traseira;Luz do Dia;Bom;Seca;Cruz;Sem?íforo;Comercial;0;0;2;1;0;0;0;0;0;0;0;0;-3,741641000000000;-38,508855000000000
253406;7;1;2015;10:40;0;RD BR 222;;;0;KM-03;Colis?úo Lateral;Luz do Dia;Bom;Seca;Meio de Quadra;N?úo H?í Controle;Industrial;0;0;2;1;0;0;0;0;0;0;0;0;-3,736999000000000;-38,571997000000000
253313;7;1;2015;13:40;0;RD BR 116;;;14000;KM-14;Colis?úo Lateral;Luz do Dia;Bom;Seca;Meio de Quadra;N?úo H?í Controle;Comercial;0;0;2;0;1;0;1;0;0;0;0;0;-3,873523000000000;-38,499242000000000
253324;7;1;2015;10:30;0;RD BR 116;;;3000;KM-03;Colis?úo Transversal;Luz do Dia;Chuva;Molhada;Meio de Quadra;N?úo H?í Controle;Comercial;0;0;3;1;0;0;0;0;0;0;0;0;-3,779838000000000;-38,514372000000000
253371;7;1;2015;09:45;0;RD BR 222;;;0;KM-03;Colis?úo Transversal;Luz do Dia;Bom;Seca;Meio de Quadra;N?úo H?í Controle;Comercial;0;0;2;1;0;0;1;0;0;0;0;0;-3,736999000000000;-38,571997000000000
248113;8;1;2015;20:30;5749;AV DES GONZAGA;RUA JULIO LIMA;;0;;Colis?úo Transversal;Via Iluminada;Bom;Seca;Cruz;Pare;Comercial;0;1;1;1;0;0;0;0;1;0;0;0;-3,796143000000000;-38,500411000000000
248111;8;1;2015;11:10;5448;RUA BAR ARATANHA;RUA METON DE ALENCAR;;0;;Colis?úo Transversal;Luz do Dia;Bom;Seca;Cruz;Pare;Comercial;0;0;2;1;0;0;0;0;0;0;0;0;-3,734847000000000;-38,527028000000000
259850;8;1;2015;11:11;0;AV OLIVEIRA PAIVA;;;0;;Colis?úo;Luz do Dia;;;Meio de Quadra;;;0;2;0;0;0;0;0;0;0;1;0;0;;
259852;8;1;2015;14:48;0;AV PERIMETRAL;;;0;;Queda;Luz do Dia;;;Meio de Quadra;;;0;1;0;0;0;0;0;0;0;1;0;0;;
259853;8;1;2015;15:17;0;AV GAL OSORIO DE PAIVA;;;0;;Colis?úo;Luz do Dia;;;Meio de Quadra;;;0;1;1;0;0;0;0;0;0;0;0;0;-3,786056000000000;-38,582955000000000
259856;8;1;2015;15:59;0;RUA PDE PEDRO DE ALENCAR;;;0;;Atropelamento;Luz do Dia;;;Meio de Quadra;;;0;1;1;1;0;0;0;0;0;0;0;0;-3,842702000000000;-38,494341000000000
259842;8;1;2015;01:09;0;AV CONTORNO OESTE D71;;;0;;Colis?úo;;;;Meio de Quadra;;;0;1;1;1;0;0;0;0;0;1;0;0;;
259843;8;1;2015;06:27;0;RUA CON LIMA SUCUPIRA;;;0;;Atropelamento;Luz do Dia;;;Meio de Quadra;;;0;1;1;1;0;0;0;0;0;0;0;0;;
259844;8;1;2015;07:31;0;AV SGT HERMINIO SAMPAIO;;;0;;Colis?úo;Luz do Dia;;;Meio de Quadra;;;0;1;1;1;0;0;0;0;0;1;0;0;-3,728504000000000;-38,571657000000000
259845;8;1;2015;09:34;0;RUA EMILIO DE MENESES;;;0;;Colis?úo;Luz do Dia;;;Meio de Quadra;;;0;1;1;0;0;0;1;0;0;1;0;0;;
259860;8;1;2015;17:01;0;AV CENTRAL CJ CEARA;;;0;;Colis?úo;Anoitecer;;;Meio de Quadra;;;0;1;1;0;0;0;0;0;0;0;0;0;;
259861;8;1;2015;18:56;0;AV GAL OSORIO DE PAIVA;;;0;;Atropelamento;;;;Meio de Quadra;;;0;1;1;0;0;0;0;0;0;0;0;0;-3,786056000000000;-38,582955000000000
259864;8;1;2015;19:40;0;AV BEZERRA DE MENEZES;;;0;;Queda;;;;Meio de Quadra;;;0;1;0;0;0;0;0;0;0;1;0;0;;
259865;8;1;2015;20:08;0;RD BR 116;;;1000;KM-01;Colis?úo;;;;Meio de Quadra;;;0;1;1;0;0;0;0;0;0;0;0;0;-3,762554000000000;-38,518702000000000
259858;8;1;2015;16:47;0;AV SGT HERMINIO SAMPAIO;;;0;;Colis?úo;Luz do Dia;;;Meio de Quadra;;;0;1;1;0;0;0;0;0;0;0;0;0;-3,728504000000000;-38,571657000000000
259869;8;1;2015;22:24;0;AV VICENTE DE CASTRO;;;0;;Queda;;;;Meio de Quadra;;;0;1;0;0;0;0;0;0;0;1;0;0;;
259874;8;1;2015;23:25;0;RUA ASTROGILDO FONTOURA;;;0;;Queda;;;;Meio de Quadra;;;0;1;0;0;0;0;0;0;0;1;0;0;-3,711823000000000;-38,587905000000000
247805;8;1;2015;17:10;25096;RUA RODRIGUES JUNIOR;RUA ROCHA LIMA;;0;;Colis?úo Lateral;Anoitecer;Bom;Seca;Cruz;Pare;Residencial;0;1;1;1;0;0;0;0;0;0;0;0;-3,736320000000000;-38,522475000000000
247806;8;1;2015;20:10;0;AV PDE ANTONIO TOMAS;RUA FONSECA LOBO;;2400;;Colis?úo Lateral;;Bom;Seca;;;;0;0;2;1;0;0;0;0;0;0;0;0;-3,743050000000000;-38,490792000000000
247807;8;1;2015;16:30;5438;RUA METON DE ALENCAR;RUA ASSUNCAO;;0;;Colis?úo Transversal;Luz do Dia;Bom;Seca;Cruz;Pare;Comercial;0;0;2;1;0;0;0;0;0;0;0;0;-3,734332000000000;-38,528594000000000
247808;8;1;2015;16:00;13177;AV I CJ JOSE WALTER;AV D CJ JOSE WALTER;;0;;Colis?úo Lateral;Luz do Dia;Bom;Seca;Cruz;D?¬ Prefer?¬ncia;Residencial;0;0;2;1;0;0;0;0;0;0;0;0;-3,832440000000000;-38,552957000000000
247814;8;1;2015;13:40;0;RUA JULIO ABREU;;;160;;Colis?úo Lateral;Luz do Dia;Bom;Seca;Meio de Quadra;;;0;1;1;1;0;0;0;0;0;1;0;0;-3,735901000000000;-38,487989000000000
247812;8;1;2015;06:20;22162;AV JOSE BASTOS;RUA PORFIRIO SAMPAIO;;0;;Colis?úo Transversal;Luz do Dia;Bom;Seca;T;Gesto;Comercial;0;1;1;0;1;0;0;0;0;1;0;0;-3,745851000000000;-38,546271000000000
247818;8;1;2015;10:30;0;AV SGT HERMINIO SAMPAIO;;;9470;;Colis?úo Transversal;Luz do Dia;Bom;Seca;Meio de Quadra;;Misto;0;1;1;1;0;0;0;0;0;1;0;0;;
247821;8;1;2015;15:20;23488;RUA CARVALHO JUNIOR;RUA JOSE JUSTA;;0;;Colis?úo Lateral;Luz do Dia;Bom;Seca;Cruz;Pare;Misto;0;0;2;1;0;0;0;0;0;0;0;0;-3,758386000000000;-38,508601000000000
247822;8;1;2015;16:00;19018;AV ENG ALBERTO SA;RUA JOSE CARLOS GURGEL NOGUEIRA;;0;;Colis?úo Traseira;Luz do Dia;Bom;Seca;Cruz;Sem?íforo;Misto;0;0;2;1;0;0;0;0;0;0;0;0;-3,734800000000000;-38,475012000000000
247825;8;1;2015;17:05;5324;RUA PEDRO I;RUA GAL SAMPAIO;;0;;Colis?úo Lateral;Anoitecer;Bom;Seca;Cruz;N?úo H?í Controle;Comercial;0;1;1;1;0;0;0;0;0;1;0;0;-3,730182000000000;-38,531758000000000
247868;8;1;2015;07:00;20042;AV ALBERTO CRAVEIRO;AV DR SILAS MUNGUBA;;0;;Colis?úo Lateral;Luz do Dia;Nublado;Seca;Rotat??ria;D?¬ Prefer?¬ncia;Lazer;0;0;2;1;0;0;0;0;0;0;0;0;-3,807229000000000;-38,524782000000000
247869;8;1;2015;19:20;26201;AV CASTELO DE CASTRO;RUA SILVINHA TELES D69;;0;;Colis?úo Lateral;Via Iluminada;Bom;Seca;T;Pare;Residencial;0;1;1;0;1;0;0;0;1;0;0;0;-3,851204000000000;-38,523297000000000
247870;8;1;2015;07:05;1375;AV SANTOS DUMONT;RUA BARBOSA DE FREITAS;;0;;Colis?úo Transversal;Luz do Dia;Bom;Seca;Cruz;Sem?íforo;Comercial;0;0;2;1;0;0;0;0;0;0;0;0;-3,736551000000000;-38,497363000000000
247871;8;1;2015;07:30;21260;RUA NOSSA SRA DAS GRACAS;RUA DOM HELIO CAMPOS D21;;0;;Colis?úo Frontal;Luz do Dia;Bom;Seca;T;N?úo H?í Controle;Comercial;0;0;2;1;0;0;0;0;0;0;0;0;-3,709776000000000;-38,554477000000000
247909;8;1;2015;08:30;5277;RUA AGAPITO DOS SANTOS;AV DUQ CAXIAS;;0;;Colis?úo Lateral;Luz do Dia;Bom;Seca;T;Pare;Comercial;0;0;2;1;0;0;1;0;0;0;0;0;-3,728649000000000;-38,539594000000000
247925;8;1;2015;20:45;1261;AV RUI BARBOSA;AV SANTOS DUMONT;;0;;Colis?úo Traseira;Via Iluminada;Bom;Seca;Cruz;Sem?íforo;Comercial;0;0;2;1;0;0;0;0;0;0;0;0;-3,732956000000000;-38,508432000000000
247928;8;1;2015;14:10;12711;RUA MAJ WEYNE;RUA QUINTINO CUNHA;;0;;Colis?úo Transversal;Luz do Dia;Bom;Seca;Cruz;Pare;Comercial;0;0;2;1;0;0;0;0;0;0;0;0;-3,749690000000000;-38,543263000000000
247756;8;1;2015;21:03;19672;AV BEZERRA DE MENEZES;RUA GAL PIRAGIBE;;0;;Colis?úo Lateral;Luz do Dia;Bom;Seca;Cruz;Sem?íforo;Residencial;0;0;2;1;0;0;0;0;1;0;0;0;-3,734449000000000;-38,558651000000000
247758;8;1;2015;14:00;0;AV SEN VIRGILIO TAVORA;;;1701;;Colis?úo Traseira;Luz do Dia;Bom;Seca;Meio de Quadra;Sem?íforo;Comercial;0;0;2;1;0;0;0;0;0;0;0;0;-3,739875000000000;-38,494129000000000
273075;8;1;2015;18:30;9258;AV AGUANAMBI;RUA GUILHERME MOREIRA;;0;;Colis?úo Traseira;Anoitecer;;;;Pare;Residencial;0;0;2;1;0;0;0;1;0;0;0;0;-3,749909000000000;-38,523731000000000
257360;8;1;2015;20:38;0;RUA MIN ALBUQUERQUE LIMA;;;171;;Colis?úo;;;;Meio de Quadra;;;0;1;1;0;1;0;0;0;0;1;0;0;-3,767348000000000;-38,609634000000000
257365;8;1;2015;21:33;0;AV SGT HERMINIO SAMPAIO;;;3741;;Atropelamento;;;;Meio de Quadra;;;0;0;2;1;0;0;0;0;0;0;0;0;-3,729422000000000;-38,573902000000000
257366;8;1;2015;21:39;0;RUA BELA CRUZ;;;2200;;Colis?úo;;;;Meio de Quadra;;;0;0;2;1;0;0;0;0;0;0;0;0;-3,734256000000000;-38,543175000000000
257367;8;1;2015;22:36;1586;AV PDE ANTONIO TOMAS;RUA FONSECA LOBO;;0;;Colis?úo;;;;Cruz;Pare;Residencial;0;0;2;1;0;0;0;0;0;0;0;0;-3,743025000000000;-38,490871000000000
257369;8;1;2015;22:49;0;AV CASTELO DE CASTRO;;;416;;Colis?úo;;;;Meio de Quadra;;;0;0;2;0;0;1;0;0;0;1;0;0;-3,832816000000000;-38,521549000000000
257370;8;1;2015;22:49;0;AV MIGUEL DIAS;;;0;;Choque c/ Obst?ículo Fixo;;;;Meio de Quadra;;;0;0;1;0;0;0;0;0;0;0;0;0;;
257372;8;1;2015;23:07;0;RD BR 116;;;0;;Colis?úo;;;;Meio de Quadra;;;0;1;1;1;0;0;0;0;0;1;0;0;-3,762554000000000;-38,518702000000000
257375;8;1;2015;23:15;0;RUA CEL NUNES DE MELO;;;1342;;Colis?úo;;;;Meio de Quadra;;;0;0;2;1;0;0;0;0;0;0;0;0;-3,751703000000000;-38,555619000000000
257376;8;1;2015;23:19;0;RUA PDE PERDIGAO SAMPAIO;;;221;;Atropelamento;;;;Meio de Quadra;;;0;0;2;1;0;0;0;0;0;0;0;0;-3,736498000000000;-38,595151000000000
257377;8;1;2015;23:22;0;RUA CAP PINTO MESQUITA;;;0;;Choque c/ Obst?ículo Fixo;;;;Meio de Quadra;;;0;0;1;1;0;0;0;0;0;0;0;0;;
257362;8;1;2015;21:31;0;AV CESAR CALS;;;0;;Colis?úo;;;;Meio de Quadra;;;0;0;3;1;0;0;0;0;0;1;0;0;;
257382;8;1;2015;23:44;0;RUA 23 DE JUNHO;;;1695;;Colis?úo;;;;Meio de Quadra;;;0;0;2;1;0;0;0;0;0;1;0;0;-3,782144000000000;-38,607258000000000
257384;8;1;2015;23:36;3809;AV CARAPINIMA;RUA PDE FRANCISCO PINTO;;0;;Atropelamento;;;;Cruz;Sem?íforo;Misto;0;1;1;0;1;0;0;0;0;0;0;0;-3,741723000000000;-38,541958000000000
248307;8;1;2015;18:35;17349;RUA CEL ALEXANDRINO;RUA EDITE BRAGA;;0;;Colis?úo Transversal;Via Iluminada;Bom;Seca;Cruz;Pare;Residencial;0;0;4;1;0;0;0;0;0;0;0;0;-3,765675000000000;-38,551861000000000
248310;8;1;2015;18:30;0;AV ENG HUMBERTO MONTE;;;1765;;Colis?úo Traseira;Anoitecer;Bom;Seca;Meio de Quadra;N?úo H?í Controle;Misto;0;0;2;1;0;0;0;0;0;0;0;0;-3,745416000000000;-38,563570000000000
258918;8;1;2015;15:00;0;AV SEN CARLOS JEREISSATI (AEROPORTO);;;0;KM 02;Colis?úo;Luz do Dia;;Molhada;Meio de Quadra;;;0;0;2;1;0;0;0;0;0;0;0;0;-3,783932000000000;-38,529156000000000
258976;8;1;2015;00:48;0;AV 13 DE MAIO;;;623;IGREJA NOSSA SENHORA DE FATIMA;Colis?úo;;;;Meio de Quadra;;;0;0;2;1;0;0;0;0;0;0;0;0;-3,751983000000000;-38,526219000000000
258978;8;1;2015;10:42;15531;AV FRE CIRILO;RUA PAULO SETUBAL;;0;;Outros;Luz do Dia;;;Outros;Outros;Comercial;0;0;1;0;0;0;1;0;0;0;0;0;-3,820502000000000;-38,496028000000000
273651;8;1;2015;08:40;0;AV DOMINGOS OLIMPIO;;;880;;Colis?úo Traseira;Luz do Dia;;;Meio de Quadra;;;0;0;2;1;0;0;0;0;0;0;0;0;-3,736552000000000;-38,531572000000000
247931;8;1;2015;11:45;4189;AV PRS CASTELO BRANCO;RUA FRANCISCO CORDEIRO;;0;;Colis?úo Transversal;Luz do Dia;Bom;Seca;Cruz;Pare;Misto;0;1;1;1;0;0;0;0;0;1;0;0;-3,713113000000000;-38,550593000000000
247943;8;1;2015;18:45;0;AV AGUANAMBI;;;0;ROTAT?ôRIA;Colis?úo Lateral;;Bom;Seca;Meio de Quadra;Sem?íforo;Misto;0;0;2;1;0;0;0;0;0;0;0;0;-3,755538000000000;-38,523043000000000
247944;8;1;2015;16:00;1512;RUA ROCHA LIMA;AV RUI BARBOSA;;0;;Colis?úo Lateral;Luz do Dia;Bom;Seca;Cruz;Pare;Comercial;0;0;2;1;0;0;1;0;0;0;0;0;-3,740096000000000;-38,510753000000000
247945;8;1;2015;18:30;0;RUA JORGE ACURCIO;;;230;;Colis?úo Traseira;Anoitecer;Bom;Seca;Meio de Quadra;N?úo H?í Controle;Residencial;0;0;2;1;0;0;0;0;0;0;0;0;-3,762247000000000;-38,530508000000000
247946;8;1;2015;20:45;0;RUA PRO TEODORICO;;;930;;Colis?úo Transversal;Via Iluminada;Bom;Seca;Meio de Quadra;N?úo H?í Controle;Residencial;0;0;2;1;0;0;1;0;0;0;0;0;-3,769451000000000;-38,551514000000000
247947;8;1;2015;16:40;23045;AV DR SILAS MUNGUBA;RUA MALMEQUER;;0;;Engavetamento;Luz do Dia;Bom;Seca;Cruz;Sem?íforo;Comercial;0;0;2;1;0;0;0;0;0;0;0;0;-3,790980000000000;-38,538571000000000
247948;8;1;2015;14:00;0;RUA 15 DE NOVEMBRO;;;813;;Colis?úo Transversal;Luz do Dia;Bom;Seca;Meio de Quadra;;;0;0;2;1;0;0;1;0;0;0;0;0;-3,769937000000000;-38,553091000000000
247949;8;1;2015;15:25;13771;RUA LUIZA MIRANDA COELHO;AV PINTO BANDEIRA D56;;0;;Colis?úo Transversal;Luz do Dia;Bom;Seca;Cruz;Pare;Misto;0;0;2;1;0;0;0;0;0;0;0;0;-3,774929000000000;-38,487283000000000
247950;8;1;2015;10:00;0;AV LUCIANO CARNEIRO;;;345;UECE;Colis?úo Traseira;Luz do Dia;Bom;Molhada;Meio de Quadra;Sem?íforo;Outros;0;0;2;1;0;0;0;0;0;0;0;0;-3,750427000000000;-38,532244000000000
247951;8;1;2015;07:10;0;RUA CON LIMA SUCUPIRA;;;2127;;Colis?úo Lateral;Luz do Dia;Bom;Seca;Meio de Quadra;N?úo H?í Controle;Residencial;0;1;1;1;0;0;0;0;0;1;0;0;-3,776797000000000;-38,555007000000000
248013;8;1;2015;07:50;0;AV DEP PAULINO ROCHA;;;40;;Colis?úo Traseira;Luz do Dia;Bom;Seca;Meio de Quadra;N?úo H?í Controle;Residencial;0;0;5;1;0;0;0;0;0;0;0;0;-3,801112000000000;-38,507330000000000
248020;8;1;2015;08:00;1525;RUA BARBOSA DE FREITAS;AV PDE ANTONIO TOMAS;;0;;Colis?úo Transversal;Luz do Dia;Nublado;Seca;Cruz;Sem?íforo;Misto;0;0;2;1;0;0;0;0;0;0;0;0;-3,740495000000000;-38,498619000000000
257097;8;1;2015;10:10;0;AV CARNEIRO DE MENDONCA;;;1386;;Colis?úo;Luz do Dia;;;Meio de Quadra;;;0;1;1;1;0;0;0;0;0;1;0;0;-3,761609000000000;-38,571416000000000
257098;8;1;2015;10:17;5440;AV HERACLITO GRACA;RUA RODRIGUES JUNIOR;;0;;Colis?úo;Luz do Dia;;;Cruz;N?úo H?í Controle;Comercial;0;0;2;1;0;0;0;0;0;1;0;0;-3,734374000000000;-38,521831000000000
257087;8;1;2015;09:00;0;AV FRANCISCO SA;;;0;;Colis?úo;Luz do Dia;;;Meio de Quadra;;;0;0;2;1;0;0;0;1;0;0;0;0;;
257088;8;1;2015;09:03;25150;RUA ISAC AMARAL;RUA JOAQUIM NABUCO;;0;;Colis?úo;Luz do Dia;;;Cruz;Sem?íforo;Comercial;0;0;2;1;0;0;0;0;0;0;0;0;-3,752218000000000;-38,506752000000000
257089;8;1;2015;09:09;0;RD CE-040;;;0;;Colis?úo;Luz do Dia;;;Meio de Quadra;;;0;0;2;0;0;1;0;0;0;0;0;0;;
257090;8;1;2015;09:17;0;AV DR SILAS MUNGUBA;;;2620;;Colis?úo;Luz do Dia;;;Meio de Quadra;;;0;0;2;1;0;0;0;0;0;0;0;0;-3,786471000000000;-38,550019000000000
257091;8;1;2015;09:24;0;AV OLIVEIRA PAIVA;;;2000;;Colis?úo;Luz do Dia;;;Meio de Quadra;;;0;0;2;1;1;0;0;0;0;0;0;0;-3,796180000000000;-38,488305000000000
257109;8;1;2015;10:22;0;AV DES GONZAGA;;;896;IGREJA N S  DA GLORIA;Colis?úo;Luz do Dia;;;Meio de Quadra;;;0;0;2;1;0;0;0;0;0;1;0;0;-3,795072000000000;-38,500891000000000
257111;8;1;2015;10:49;7976;RUA MAJ WEYNE;AV JOAO PESSOA;;0;;Colis?úo;Luz do Dia;;;Cruz;Sem?íforo;Comercial;0;0;3;1;0;0;0;0;0;0;0;0;-3,747841000000000;-38,545334000000000
257113;8;1;2015;11:18;1525;RUA BARBOSA DE FREITAS;AV PDE ANTONIO TOMAS;;0;;Colis?úo;Luz do Dia;;;Cruz;Sem?íforo;Misto;0;0;2;1;0;0;0;0;0;0;0;0;-3,740495000000000;-38,498619000000000
257114;8;1;2015;07:31;0;AV B CJ CEARA;;;232;;Colis?úo;Luz do Dia;;;Meio de Quadra;;;0;1;1;1;0;0;0;0;0;1;0;0;;
257246;8;1;2015;18:21;0;AV GAL OSORIO DE PAIVA;;;0;;Colis?úo;Anoitecer;;;Meio de Quadra;;;0;1;1;0;0;1;0;0;0;1;0;0;-3,785731000000000;-38,582492000000000
257248;8;1;2015;18:25;0;AV PONTES VIEIRA;;;127;;Colis?úo;Anoitecer;;;Meio de Quadra;;;0;0;2;1;0;0;0;0;0;0;0;0;-3,753373000000000;-38,519028000000000
257292;8;1;2015;19:20;0;RUA PEDRO LAZAR;;;1620;;Atropelamento;;;;Meio de Quadra;;;0;0;2;0;0;0;0;0;0;0;0;0;;
257304;8;1;2015;19:40;0;AV GAL OSORIO DE PAIVA;;;6001;;Colis?úo;;;;Meio de Quadra;;;0;0;2;1;0;1;0;0;0;0;0;0;;
257305;8;1;2015;19:46;0;AV SGT HERMINIO SAMPAIO;;;0;;Colis?úo;;;;Meio de Quadra;;;0;1;1;1;0;0;0;0;0;1;0;0;-3,725319000000000;-38,554775000000000
257306;8;1;2015;19:51;0;AV JOSE BASTOS;;;3658;;Colis?úo;;;;Meio de Quadra;;;0;0;2;1;0;0;0;0;0;1;0;0;;
257218;8;1;2015;17:59;0;AV SEN CARLOS JEREISSATI (AEROPORTO);;;771;;Capotamento;Anoitecer;;;Meio de Quadra;;;0;0;1;1;0;0;0;0;0;0;0;0;;
257216;8;1;2015;17:43;0;RUA PRO VIRGILIO DE MORAIS;;;487;;Colis?úo;Anoitecer;;;Meio de Quadra;;;0;0;2;1;0;0;0;0;0;0;0;0;-3,752791000000000;-38,596944000000000
257213;8;1;2015;17:14;0;AV JOSE BASTOS;;;0;;Colis?úo;Anoitecer;;;Meio de Quadra;;;0;0;4;1;0;0;0;0;0;0;0;0;;
257214;8;1;2015;17:23;7983;AV JOAO PESSOA;RUA JOAO SORONGO;;0;;Colis?úo;Anoitecer;;;;;;0;0;2;1;1;0;0;0;0;0;0;0;-3,748663000000000;-38,546069000000000
257202;8;1;2015;15:44;1716;AV GAL MURILO BORGES;AV GOV RAUL BARBOSA;;0;;Colis?úo;Luz do Dia;;;;Sem?íforo;Outros;0;0;2;1;0;0;0;0;0;1;0;0;-3,763977000000000;-38,508802000000000
257195;8;1;2015;15:30;9811;RUA TRES CORACOES;RUA MARTINS CARVALHO;;0;;Queda;Luz do Dia;;;;;;0;0;1;0;0;0;0;0;0;1;0;0;-3,793263000000000;-38,611841000000000
257186;8;1;2015;15:24;0;AV PRO GOMES DE MATOS;;;906;;Colis?úo;Luz do Dia;;;Meio de Quadra;;;0;0;2;1;0;0;0;0;0;0;0;0;-3,760900000000000;-38,545407000000000
257176;8;1;2015;15:04;23409;RUA VIS MAUA;RUA MON SALAZAR;;0;;Colis?úo;Luz do Dia;;;;;;0;0;2;1;0;0;0;0;0;0;0;0;-3,755336000000000;-38,505541000000000
257178;8;1;2015;15:13;0;RUA PRC ISABEL;;;900;;Colis?úo;Luz do Dia;;;Meio de Quadra;;;0;0;2;1;0;0;0;0;0;1;0;0;;
257171;8;1;2015;14:44;15104;AV HIS RAIMUNDO GIRAO;RUA ILDEFONSO ALBANO;;0;;Colis?úo;Luz do Dia;;;Cruz;Sem?íforo;Residencial;0;0;2;1;0;0;0;0;0;1;0;0;-3,721603000000000;-38,509542000000000
257132;8;1;2015;12:23;15138;AV HIS RAIMUNDO GIRAO;RUA ANTONIO LIMA;;0;;Colis?úo;Luz do Dia;;;Duplo T;N?úo H?í Controle;Misto;0;0;2;0;0;0;0;0;0;1;0;0;-3,724196000000000;-38,504023000000000
257133;8;1;2015;12:28;0;AV DR SILAS MUNGUBA;;;0;;Colis?úo;Luz do Dia;;;Meio de Quadra;;;0;0;2;1;0;0;0;0;0;0;0;0;;
257134;8;1;2015;12:33;10051;RUA VITAL BRASIL;RUA TAUBATE;;0;;Colis?úo;Luz do Dia;;;Cruz;Pare;Comercial;0;0;2;0;0;0;1;0;0;1;0;0;-3,778012000000000;-38,597995000000000
257135;8;1;2015;12:40;0;AV PRO GOMES DE MATOS;;;1000;;Colis?úo;Luz do Dia;;;Meio de Quadra;;;0;0;2;1;0;0;0;0;0;1;0;0;-3,761567000000000;-38,545971000000000
257137;8;1;2015;12:48;12892;AV DOMINGOS OLIMPIO;RUA BAR RIO BRANCO;;0;;Colis?úo;Luz do Dia;;;Cruz;Sem?íforo;Comercial;0;0;2;1;0;0;0;0;0;0;0;0;-3,736579000000000;-38,531494000000000
257139;8;1;2015;13:02;0;RUA CEL LINHARES;;;2400;;Colis?úo;Luz do Dia;;;Meio de Quadra;;;0;0;2;1;0;0;0;0;0;0;0;0;-3,747042000000000;-38,497505000000000
257144;8;1;2015;14:04;9172;RUA MIN JOAQUIM BASTOS D14;RUA PAULA RODRIGUES;;0;;Colis?úo;Luz do Dia;;;Cruz;Pare;Residencial;0;0;2;0;0;0;0;0;0;1;0;0;-3,754299000000000;-38,527598000000000
257145;8;1;2015;11:45;0;RUA ESPERANTO D14;;;1070;;Colis?úo;Luz do Dia;;;Meio de Quadra;;;0;1;1;1;0;0;0;0;0;0;0;0;-3,763336000000000;-38,539168000000000
257146;8;1;2015;14:13;0;RUA ELCIAS LOPES;;;190;;Colis?úo;Luz do Dia;;;Meio de Quadra;;;0;1;1;0;0;0;0;0;0;1;1;0;;
257147;8;1;2015;14:40;0;RUA FLORIANO PEIXOTO;;;740;;Colis?úo;Luz do Dia;;;Meio de Quadra;;;0;0;2;1;0;0;0;0;0;1;0;0;-3,728813000000000;-38,527619000000000
257311;8;1;2015;20:18;0;AV GAL OSORIO DE PAIVA;;;4819;;Colis?úo;;;;Meio de Quadra;;;0;0;2;1;0;0;0;0;0;0;0;0;-3,801072000000000;-38,598526000000000
257338;8;1;2015;20:24;0;RUA PDE PERDIGAO SAMPAIO;;;280;;Colis?úo;;;;Meio de Quadra;;;0;0;3;1;1;0;0;0;0;0;0;0;-3,739024000000000;-38,594785000000000
257344;8;1;2015;20:31;0;AV JOSE SABOIA;;;977;;Colis?úo;;;;Meio de Quadra;;;0;0;3;1;0;0;0;0;0;1;0;0;-3,718699000000000;-38,465492000000000
257347;9;1;2015;11:37;0;RUA PEDRO LAZAR;;;1605;;Colis?úo;Luz do Dia;;;Meio de Quadra;;;0;0;2;1;0;0;0;0;0;0;0;0;;
257318;9;1;2015;11:13;0;AV ALM HENRIQUE SABOIA;;;3955;;Colis?úo;Luz do Dia;;;Meio de Quadra;;;0;0;2;1;0;0;0;0;0;1;0;0;-3,743563000000000;-38,489498000000000
257319;9;1;2015;11:15;3829;RUA PAULINO NOGUEIRA;RUA MAL DEODORO;;0;;Colis?úo;Luz do Dia;;;Cruz;Pare;Comercial;0;1;1;1;0;0;0;0;0;1;0;0;-3,744452000000000;-38,537199000000000