COD_ACIDENTE;DIA;MES;ANO;HORA;INTERSECAO;LOG1;LOG2;LOG3;NUMERO;REFERENCIA;NATUREZA;ILUMINACAO;TEMPO;SUPERFICIEPISTA;TIPOCRUZAMENTO;CONTROLETRAFEGO;USOSOLO;MORTOS;FERIDOS;ILESOS;AUTOMOVEL;ONIBUS;BICICLETA;CAMINHAO;MICROONIBUS;CICLOMOTOR;MOTOCICLETA;TRACAOANIMAL;TREM;LATITUDE;LONGITUDE
257309;9;1;2015;10:20;19562;RUA NEREU RAMOS;RUA SEIFERT;;0;;Colis?úo;Luz do Dia;;;Cruz;Pare;Residencial;0;0;2;1;0;0;0;0;0;1;0;0;-3,783283000000000;-38,575359000000000
257351;9;1;2015;12:24;15169;RUA JOAQUIM NABUCO;AV BEIRA MAR;;0;;Colis?úo;Luz do Dia;;;T;Pare;Outros;0;0;2;1;0;0;1;0;0;0;0;0;-3,725387000000000;-38,498120000000000
257294;9;1;2015;09:40;0;AV WENEFRIDO MELO;;;0;;Colis?úo;Luz do Dia;;;Meio de Quadra;;;0;0;2;1;0;0;0;0;0;1;0;0;;
257273;9;1;2015;03:08;0;RUA BENTO ALBUQUERQUE;RUA FRANCISCO MATOS;;2100;;Colis?úo;;;;;;;0;0;2;1;0;0;0;0;0;0;0;0;-3,747836000000000;-38,470514000000000
257276;9;1;2015;04:13;0;RUA ALBANO AMARAL;;;264;;Atropelamento;;;;Meio de Quadra;;;0;0;3;1;0;0;0;0;0;0;0;0;;
257281;9;1;2015;09:09;0;AV SGT HERMINIO SAMPAIO;;;2315;;Colis?úo;Luz do Dia;;;Meio de Quadra;;;0;0;2;1;0;0;0;0;0;0;0;0;-3,726503000000000;-38,561240000000000
257284;9;1;2015;09:26;374;RUA ERICO MOTA;AV ENG HUMBERTO MONTE;;0;;Colis?úo;Luz do Dia;;;;;;0;0;2;0;0;1;0;0;0;1;0;0;-3,749432000000000;-38,560224000000000
258920;9;1;2015;07:20;22829;AV MAE LISBOA;RUA JOSE JULIO FEITOSA;;0;;Colis?úo;Luz do Dia;;Seca;;;;0;1;1;1;0;0;0;0;0;1;0;0;-3,807256000000000;-38,459469000000000
258925;9;1;2015;10:00;0;RD CE-040;;;0;KM-10;Colis?úo;Luz do Dia;;Seca;Meio de Quadra;;;0;0;3;1;0;0;1;0;0;1;0;0;-3,838671000000000;-38,480068000000000
258927;9;1;2015;15:30;0;AV SEN CARLOS JEREISSATI (AEROPORTO);;;0;KM 02;Colis?úo;Luz do Dia;;Seca;Meio de Quadra;;;0;0;2;1;0;0;0;0;0;0;0;0;-3,783932000000000;-38,529156000000000
258931;9;1;2015;17:50;0;RD CE-040;;;0;KM-08;Colis?úo;Anoitecer;;Seca;Meio de Quadra;;;0;0;2;1;0;0;0;0;0;0;0;0;-3,823332000000000;-38,481317000000000
257395;9;1;2015;14:15;0;AV WASHINGTON SOARES;;;250;;Colis?úo;Luz do Dia;;;Meio de Quadra;;;0;0;2;1;0;0;0;0;0;0;0;0;-3,757495000000000;-38,489285000000000
257396;9;1;2015;14:32;0;RUA JOSE HIPOLITO;;;1185;;Colis?úo;Luz do Dia;;;Meio de Quadra;;;0;0;2;1;0;0;0;0;0;0;0;0;-3,836126000000000;-38,485277000000000
257391;9;1;2015;13:59;0;RUA 13 DE ABRIL;;;440;;Colis?úo;Luz do Dia;;;Meio de Quadra;;;0;0;2;0;0;0;0;0;0;1;0;0;;
257392;9;1;2015;14:03;7948;AV PONTES VIEIRA;RUA JOAQUIM NABUCO;;0;;Colis?úo;Luz do Dia;;;Cruz;Sem?íforo Intermitente;Comercial;0;0;2;1;0;0;0;0;0;1;0;0;-3,751917000000000;-38,506628000000000
257393;9;1;2015;14:05;0;RUA VILEBALDO AGUIAR;;;1400;;Colis?úo;Luz do Dia;;;Meio de Quadra;;;0;0;2;1;0;0;0;0;0;0;0;0;-3,744520000000000;-38,475491000000000
257399;9;1;2015;15:57;12173;AV CASTELO DE CASTRO;AV CONTORNO SUL;;0;;Colis?úo;Luz do Dia;;;Cruz;Pare;Comercial;0;0;2;1;0;0;0;0;0;0;0;0;-3,838809000000000;-38,521744000000000
257401;9;1;2015;17:15;0;RUA PAULA RODRIGUES;;;23;;Colis?úo;Anoitecer;;;Meio de Quadra;;;0;0;2;1;1;0;0;0;0;0;0;0;-3,752333000000000;-38,525929000000000
257402;9;1;2015;17:22;19269;RUA PRO GOMES BRASIL;RUA MARACANA;;0;;Colis?úo;Anoitecer;;;Cruz;Outros;Misto;0;0;2;1;0;0;0;0;0;1;0;0;-3,772840000000000;-38,568438000000000
257404;9;1;2015;16:01;0;RUA DR THOMPSON BULCAO;;;1395;;Colis?úo;Luz do Dia;;;Meio de Quadra;;;0;0;3;1;0;0;0;0;0;1;0;0;-3,771600000000000;-38,484045000000000
257383;9;1;2015;01:42;0;RUA SEN ALVARO ADOLFO;;;1696;;Colis?úo;;;;;;;0;1;1;1;0;0;0;0;0;1;0;0;-3,733839000000000;-38,583940000000000
257386;9;1;2015;12:42;0;AV ROGACIANO LEITE;;;0;;Colis?úo;Luz do Dia;;;Meio de Quadra;;;0;0;2;0;0;0;1;0;0;0;0;0;;
257411;9;1;2015;17:35;4733;AV MIN JOSE AMERICO;AV WASHINGTON SOARES;;0;;Colis?úo;Anoitecer;;;;D?¬ Prefer?¬ncia;Outros;0;0;2;1;0;0;1;0;0;0;0;0;-3,812650000000000;-38,479419000000000
257413;9;1;2015;17:39;0;AV ALBERTO NEPOMUCENO;;;199;;Colis?úo;Anoitecer;;;Meio de Quadra;;;0;0;2;1;0;0;0;0;0;0;0;0;-3,723056000000000;-38,524182000000000
257418;9;1;2015;17:58;3589;RUA TAQUATIARA;RD BR 116;;0;;Colis?úo;Anoitecer;;;T;Pare;Comercial;0;0;2;1;1;0;0;0;0;0;0;0;-3,829627000000000;-38,505021000000000
257420;9;1;2015;18:27;23380;RUA NUNES VALENTE;RUA CAP TIBURCIO DA FROTA;;0;;Colis?úo;Anoitecer;;;Cruz;Pare;Residencial;0;0;2;0;0;0;0;0;0;1;0;0;-3,754506000000000;-38,509109000000000
257423;9;1;2015;18:38;0;RUA LINDOLFO BRAGA;;;0;;Colis?úo;;;;Meio de Quadra;;;0;0;2;1;0;0;0;0;0;0;0;0;;
257429;9;1;2015;18:57;0;RUA PRO GOMES BRASIL;;;240;;Colis?úo;;;;Meio de Quadra;;;0;0;2;0;1;0;0;0;0;1;0;0;-3,773728000000000;-38,567866000000000
257436;9;1;2015;19:23;0;AV PONTES VIEIRA;;;2490;;Colis?úo;;;;Meio de Quadra;;;0;0;2;1;0;0;0;0;0;0;0;0;-3,751084000000000;-38,499444000000000
257437;9;1;2015;14:42;0;RUA INACIO VASCONCELOS;;;0;;Colis?úo;Luz do Dia;;;Meio de Quadra;;;0;0;2;1;0;0;0;0;0;1;0;0;;
257433;9;1;2015;19:12;24229;AV ENG SANTANA JUNIOR;AV ENG ALBERTO SA;;0;;Colis?úo;;;;Cruz;Sem?íforo;Comercial;0;0;2;0;0;1;0;0;0;1;0;0;-3,733357000000000;-38,480624000000000
257440;9;1;2015;17:46;0;AV JOVITA FEITOSA;;;1264;;Atropelamento;Anoitecer;;;Meio de Quadra;;;0;1;1;0;0;0;0;0;0;0;0;0;-3,739833000000000;-38,556332000000000
257445;9;1;2015;20:27;0;RUA OSCAR ARARIPE;;;2633;;Colis?úo;;;;Meio de Quadra;;;0;0;2;0;0;0;0;0;0;1;0;0;-3,786381000000000;-38,614248000000000
257450;9;1;2015;20:45;0;RUA CRISANTO M DA ROCHA;;;1205;;Colis?úo;;;;Meio de Quadra;;;0;1;1;1;0;0;0;0;0;1;0;0;-3,806488000000000;-38,482583000000000
257451;9;1;2015;21:39;0;RUA CAMPO AMOR ROCHA;;;28;;Colis?úo;;;;Meio de Quadra;;;0;0;2;1;0;0;0;0;0;0;0;0;-3,754166000000000;-38,525259000000000
257443;9;1;2015;20:03;0;RUA JOSE B PARENTE D59;;;140;;Colis?úo;;;;Meio de Quadra;;;0;0;2;1;0;0;0;0;0;0;0;0;-3,771947000000000;-38,485326000000000
257467;9;1;2015;19:13;10720;RUA PORTO ALEGRE;RUA TERESINA;;0;;Choque c/ Obst?ículo Fixo;;;;Cruz;Pare;;0;1;2;1;1;0;0;0;0;1;0;0;-3,759580000000000;-38,591844000000000
257472;9;1;2015;21:41;0;RUA JULIO PINTO D08;;;0;;Colis?úo Frontal;;;;Meio de Quadra;;;0;0;2;1;0;0;0;0;0;0;0;0;;
257478;9;1;2015;21:51;0;AV FRE CIRILO;;;0;;Colis?úo;;;;Meio de Quadra;;;0;0;2;1;0;0;0;0;0;1;0;0;;
257479;9;1;2015;22:00;0;RD BR 116;;;13000;KM-13;Atropelamento;;;;Meio de Quadra;;;0;0;2;1;0;0;0;0;0;0;0;0;-3,864670000000000;-38,497727000000000
257482;9;1;2015;22:02;24956;AV ALM HENRIQUE SABOIA;AV ENG ALBERTO SA;;0;;Colis?úo;;;;;Sem?íforo;Residencial;0;0;3;1;0;0;0;0;0;0;0;0;-3,732499000000000;-38,482890000000000
257483;9;1;2015;22:15;0;RUA CAP HUGO BEZERRA;;;0;;Colis?úo;;;;Meio de Quadra;;;0;0;3;0;0;0;0;0;0;1;0;0;;
257486;9;1;2015;22:26;13801;AV WASHINGTON SOARES;RUA LUIZA MIRANDA COELHO;;0;;Choque c/ Obst?ículo Fixo;;;;Cruz;N?úo H?í Controle;Residencial;0;0;1;0;0;0;0;0;0;0;0;0;-3,776562000000000;-38,481591000000000
257488;9;1;2015;23:45;0;RUA DES PRAXEDES;;;1936;;Colis?úo;;;;Meio de Quadra;;;0;0;2;1;0;0;0;0;0;0;0;0;-3,764697000000000;-38,537541000000000
257524;9;1;2015;23:57;10765;RUA FLORIANOPOLIS;RUA PRO MIRAMAR DA PONTE;;0;;Colis?úo;;;;Cruz;Pare;Residencial;0;2;1;1;0;0;0;0;0;1;0;0;-3,761604000000000;-38,585683000000000
273282;9;1;2015;07:40;0;AV TRISTAO GONCALVES;;;0;;Colis?úo Lateral;Luz do Dia;;;Meio de Quadra;;;0;0;2;1;1;0;0;0;0;0;0;0;;
247775;9;1;2015;10:00;14438;AV SGT HERMINIO SAMPAIO;RUA BERNARDO PORTO;;0;;Colis?úo Lateral;Via Iluminada;Bom;Seca;T;Pare;Residencial;0;2;0;1;0;0;0;0;0;1;0;0;-3,725599000000000;-38,556265000000000
247776;9;1;2015;09:27;1289;AV SANTOS DUMONT;RUA SILVA PAULET;;0;;Colis?úo Transversal;Luz do Dia;Bom;Seca;Cruz;Pare;Comercial;0;0;2;1;0;0;0;0;0;0;0;0;-3,733985000000000;-38,505258000000000
247777;9;1;2015;18:00;7862;AV ANTONIO SALES;RUA PRO DIAS DA ROCHA;;0;;Colis?úo Transversal;Via Iluminada;Bom;Seca;Cruz;N?úo H?í Controle;Comercial;0;2;1;1;0;0;0;0;0;1;0;0;-3,747586000000000;-38,495535000000000
247778;9;1;2015;13:00;4253;RUA MARIO STUDART;RUA CARIRIACU;;0;;Colis?úo Transversal;Luz do Dia;Bom;Seca;Cruz;Pare;Misto;0;0;2;1;0;0;0;0;0;0;0;0;-3,720739000000000;-38,550846000000000
247779;9;1;2015;09:00;23433;RUA MON SALAZAR;RUA PRO CARVALHO;;0;;Colis?úo Transversal;Luz do Dia;Bom;Seca;Cruz;Pare;Residencial;0;1;1;1;0;0;0;0;0;1;0;0;-3,756146000000000;-38,514308000000000
247780;9;1;2015;14:00;0;AV ABOLICAO;RUA NUNES VALENTE;;2021;;Colis?úo Traseira;Luz do Dia;Bom;Seca;Meio de Quadra;;;0;0;2;1;1;0;0;0;0;0;0;0;-3,725634000000000;-38,500666000000000
247781;9;1;2015;19:00;7479;AV ALBERTO CRAVEIRO;RUA PEDRO DANTAS;;0;;Colis?úo Traseira;;Bom;Seca;T;Sem?íforo;Comercial;0;2;0;1;0;0;0;0;0;1;0;0;-3,786753000000000;-38,517220000000000
247783;9;1;2015;15:50;11768;AV PRS CASTELO BRANCO;AV FILOMENO GOMES;;0;;Colis?úo Traseira;Luz do Dia;Bom;Seca;Cruz;Sem?íforo;Lazer;0;1;1;1;0;0;0;0;0;1;0;0;-3,715542000000000;-38,541982000000000
247785;9;1;2015;08:40;14512;AV ALBERTO CRAVEIRO;AL RITA FARIAS;;0;;Colis?úo Lateral;Luz do Dia;Bom;Seca;T;Pare;Lazer;0;1;1;0;1;0;0;0;0;0;0;0;;
247786;9;1;2015;19:10;0;RUA GERMANO FRANCK;;;905;;Engavetamento;Via Iluminada;Bom;Seca;Meio de Quadra;N?úo H?í Controle;Residencial;0;0;4;1;0;0;0;0;0;0;0;0;-3,778830000000000;-38,563902000000000
247787;9;1;2015;15:40;0;AV GAL OSORIO DE PAIVA;;;2955;;Colis?úo Transversal;Luz do Dia;Bom;Seca;Meio de Quadra;Pare;Comercial;0;0;2;1;1;0;0;0;0;0;0;0;-3,789590000000000;-38,587333000000000
247788;9;1;2015;14:30;0;RUA PAULA NEI;;;280;;Colis?úo Transversal;Luz do Dia;Bom;Seca;Meio de Quadra;N?úo H?í Controle;Residencial;0;0;2;1;0;0;1;0;0;0;0;0;-3,740428000000000;-38,495467000000000
247789;9;1;2015;15:30;20023;AV DR SILAS MUNGUBA;AV HEROIS DO ACRE;;0;;Colis?úo Lateral;Luz do Dia;Bom;Seca;T;Sem?íforo;Comercial;0;0;2;1;1;0;0;0;0;0;0;0;-3,803079000000000;-38,528540000000000
247790;9;1;2015;18:00;0;AV JOSE BASTOS;;;3250;;Engavetamento;Via Iluminada;Bom;Seca;Meio de Quadra;Sem?íforo;Comercial;0;0;3;1;0;0;0;0;0;0;0;0;-3,748698000000000;-38,549161000000000
247791;9;1;2015;19:13;1538;AV PDE ANTONIO TOMAS;RUA LEONARDO MOTA;;0;;Colis?úo Transversal;Via Iluminada;Bom;Seca;Cruz;Sem?íforo;Misto;0;1;1;1;0;0;0;0;0;1;0;0;-3,740811000000000;-38,497662000000000
256862;9;1;2015;11:40;22194;AV SGT HERMINIO SAMPAIO;RUA CAP NESTOR GOIS;;0;;;Luz do Dia;;;;;;0;0;2;0;0;0;0;0;0;1;0;0;-3,726371000000000;-38,560489000000000
247792;9;1;2015;07:50;15807;RUA CEL DIONISIO ALENCAR;RUA PERGENTINO MAIA;;0;;Atropelamento;Luz do Dia;Bom;Seca;Cruz;Pare;Residencial;0;1;1;0;0;0;0;0;0;1;0;0;-3,831561000000000;-38,487711000000000
247793;9;1;2015;21:05;22990;AV DR SILAS MUNGUBA;RUA AMERICO VESPUCIO;;0;;Colis?úo Transversal;Via Iluminada;Bom;Seca;Cruz;Pare;Residencial;0;1;1;1;0;0;0;0;0;1;0;0;-3,786542000000000;-38,549873000000000
247794;9;1;2015;16:00;4689;RUA NICOLAU COELHO;RUA INACIO VASCONCELOS;;0;;Colis?úo Transversal;Luz do Dia;Bom;Seca;Cruz;Pare;Misto;0;0;2;1;0;0;0;0;0;0;0;0;-3,811164000000000;-38,492744000000000
247795;9;1;2015;11:00;0;AV EDILSON B SOARES;;;790;;Colis?úo Traseira;Luz do Dia;Bom;Seca;Meio de Quadra;Outros;Escola;0;1;1;1;0;0;0;0;0;1;0;0;-3,789371000000000;-38,479547000000000
247796;9;1;2015;09:30;15169;AV BEIRA MAR;RUA JOAQUIM NABUCO;;0;;Colis?úo Traseira;Luz do Dia;Nublado;Seca;T;Pare;Outros;0;0;2;0;0;0;0;0;0;0;0;0;-3,725387000000000;-38,498120000000000
247797;9;1;2015;11:00;0;RUA OSVALDO CRUZ (ALDEOTA);;;880;;Colis?úo Lateral;Luz do Dia;Bom;Seca;Meio de Quadra;N?úo H?í Controle;Comercial;0;0;2;1;0;0;0;0;0;0;0;0;-3,733104000000000;-38,499511000000000
247798;9;1;2015;12:00;13408;AV ANTONIO SALES;RUA BAR ARACATI;;0;;Colis?úo Transversal;Luz do Dia;Bom;Seca;Cruz;Pare;Comercial;0;0;2;1;0;0;0;0;0;0;0;0;-3,741563000000000;-38,514894000000000
247799;9;1;2015;19:00;13126;RUA 54 CJ JOSE WALTER;AV JOAO DE ARAUJO LIMA;;0;;Colis?úo Transversal;Via Iluminada;Bom;Seca;Cruz;N?úo H?í Controle;Residencial;0;1;1;0;0;0;0;0;0;1;0;0;-3,829842000000000;-38,559907000000000
247800;9;1;2015;13:30;9147;RUA DOM SEBASTIAO LEME;RUA CARLOS RIBEIRO;;0;;Colis?úo Lateral;Luz do Dia;Bom;Seca;Cruz;Pare;Residencial;0;0;2;0;0;0;1;0;0;0;0;0;-3,746500000000000;-38,526198000000000
247801;9;1;2015;08:50;0;AV ALM HENRIQUE SABOIA;;;3955;;Colis?úo Transversal;;Bom;Seca;Meio de Quadra;Sem?íforo;Misto;0;0;2;1;0;0;0;0;1;0;0;0;-3,743563000000000;-38,489498000000000
247802;9;1;2015;16:20;24911;RUA EMILIA GONCALVES;RUA ROSINHA SAMPAIO;;0;;Choque c/ Obst?ículo Fixo;Luz do Dia;Bom;Seca;Cruz;N?úo H?í Controle;Residencial;0;0;1;0;0;0;1;0;0;0;0;0;-3,724518000000000;-38,596399000000000
247803;9;1;2015;14:09;12685;AV CEL CARVALHO;AV DA INDEPENDENCIA;;0;;Colis?úo Transversal;Luz do Dia;Bom;Seca;Cruz;Sem?íforo;Comercial;0;2;0;0;0;0;0;0;0;1;0;0;-3,728711000000000;-38,584952000000000
259728;9;1;2015;16:05;0;AV GODOFREDO MACIEL;;;2947;DETRAN;Outros;Luz do Dia;;;Meio de Quadra;;;0;0;1;1;0;0;0;0;0;0;0;0;-3,801128000000000;-38,571377000000000
259877;9;1;2015;01:23;0;AV ENG SANTANA JUNIOR;;;0;;Queda;;;;Meio de Quadra;;;0;1;0;0;0;0;0;0;0;1;0;0;;
259878;9;1;2015;06:29;374;RUA ERICO MOTA;RUA RUBI;;0;;Queda;Luz do Dia;;;;;;0;1;0;0;0;0;0;0;0;1;0;0;-3,749432000000000;-38,560224000000000
259880;9;1;2015;07:50;0;AV MR HULL;;;0;;Colis?úo;Luz do Dia;;;Meio de Quadra;;;0;1;1;1;0;0;0;0;0;1;0;0;;
259882;9;1;2015;13:08;0;AV ALM MAXIMIANO DA FONSECA;;;0;;Colis?úo;Luz do Dia;;;Meio de Quadra;;;0;1;1;1;0;0;0;0;0;1;0;0;-3,771600000000000;-38,484045000000000
259883;9;1;2015;14:33;0;RUA FRE MANSUETO;;;0;;Colis?úo;Luz do Dia;;;Meio de Quadra;;;0;1;1;1;0;0;0;0;0;1;0;0;;
259885;9;1;2015;14:37;19764;RUA DOM JOSE LOURENCO  D27;RUA DOM MANUEL DE MEDEIROS;;0;;Colis?úo;Luz do Dia;;;Cruz;Pare;Residencial;0;0;2;0;0;0;0;0;0;0;0;0;-3,738059000000000;-38,559052000000000
259886;9;1;2015;16:01;0;RUA PRO GOMES BRASIL;;;0;;Atropelamento;Luz do Dia;;;Meio de Quadra;;;0;1;1;0;0;0;0;0;0;0;0;0;-3,773598000000000;-38,567952000000000
259887;9;1;2015;17:40;0;RUA OSCAR ARARIPE;;;0;;Queda;Anoitecer;;;Meio de Quadra;;;0;1;0;0;0;0;0;0;0;1;0;0;-3,786381000000000;-38,614248000000000
259894;9;1;2015;21:44;15298;RUA ANA BILHAR;RUA BARBOSA DE FREITAS;;0;;Colis?úo;;;;Cruz;Pare;Residencial;0;1;1;1;0;0;0;0;0;1;0;0;-3,729646000000000;-38,495143000000000
253410;9;1;2015;08:30;0;RD BR 222;;;0;KM-02;Colis?úo Lateral;Luz do Dia;Bom;Seca;Meio de Quadra;N?úo H?í Controle;Residencial;0;2;1;1;0;0;0;0;0;1;0;0;-3,738951000000000;-38,586880000000000
253426;9;1;2015;08:00;0;RD BR 020;;;0;KM-04;Colis?úo Transversal;Luz do Dia;Bom;Outros;Meio de Quadra;N?úo H?í Controle;;0;0;2;1;0;0;0;0;0;0;0;0;;
253343;9;1;2015;18:50;0;RD BR 116;;;11000;KM-11;Atropelamento;Via Iluminada;Bom;Seca;Meio de Quadra;N?úo H?í Controle;Comercial;0;1;1;0;0;0;0;0;0;1;0;0;-3,847160000000000;-38,497176000000000
253285;9;1;2015;17:40;0;RD BR 116;;;5000;KM-05;Colis?úo Traseira;Anoitecer;Bom;Seca;Meio de Quadra;N?úo H?í Controle;Comercial;0;0;2;1;0;0;0;1;0;0;0;0;-3,796502000000000;-38,506787000000000
253273;10;1;2015;08:00;0;RD BR 116;;;2000;KM-02;Colis?úo Lateral;Luz do Dia;Bom;Seca;Meio de Quadra;N?úo H?í Controle;Comercial;0;0;2;1;0;0;0;1;0;0;0;0;-3,771391000000000;-38,516780000000000
257796;10;1;2015;18:32;0;RD CE-040;;;0;KM-05;Colis?úo;;;Seca;Meio de Quadra;;;0;0;2;1;0;0;0;0;0;0;0;0;-3,790876000000000;-38,480349000000000
257800;10;1;2015;19:09;1272;RUA JOAQUIM NABUCO;AV DOM LUIS;;0;;Colis?úo;;;;Cruz;Gesto;Comercial;0;0;2;0;0;0;0;0;0;0;0;0;-3,732301000000000;-38,500333000000000
257809;10;1;2015;19:28;0;AV WASHINGTON LUIS;;;1199;;Colis?úo;;;;Meio de Quadra;;;0;0;2;1;0;0;0;0;0;1;0;0;;
259895;10;1;2015;01:22;0;AV GOV RAUL BARBOSA;;;0;;Queda;;;;Meio de Quadra;;;0;1;0;0;0;0;0;0;0;1;0;0;;
259900;10;1;2015;04:59;7888;RUA TOMAS ACIOLI;AV DES MOREIRA;;0;;Colis?úo;;;;Cruz;;Comercial;0;2;0;0;0;0;0;0;0;1;0;0;-3,747526000000000;-38,501963000000000
259903;10;1;2015;06:25;0;AV GAL MURILO BORGES;;;0;;Colis?úo;Luz do Dia;;;Meio de Quadra;;;0;1;1;0;0;0;0;0;0;0;0;0;-3,767708000000000;-38,497133000000000
259905;10;1;2015;07:02;0;AV COSTA OESTE;;;0;;Queda;Luz do Dia;;;Meio de Quadra;;;0;1;0;0;0;0;0;0;0;1;0;0;;
259907;10;1;2015;09:22;0;AV PRO JOSE ARTHUR CARVALHO;;;0;;Colis?úo;Luz do Dia;;;Meio de Quadra;;;0;1;1;1;0;0;0;0;0;1;0;0;;
259908;10;1;2015;11:18;0;AV HERACLITO GRACA;;;0;;Atropelamento;Luz do Dia;;;Meio de Quadra;;;0;2;0;0;0;0;0;0;0;1;0;0;-3,736502000000000;-38,515228000000000
259911;10;1;2015;13:48;4213;RUA BAR CRATO;RUA RAQUEL HOLANDA;;0;;Colis?úo;Luz do Dia;;;Cruz;Pare;Residencial;0;1;1;1;0;0;0;0;0;1;0;0;-3,721069000000000;-38,558927000000000
259914;10;1;2015;16:28;0;AV WASHINGTON LUIS;;;0;;Atropelamento;Luz do Dia;;;Meio de Quadra;;;0;2;0;0;0;0;0;0;0;1;0;0;;
259915;10;1;2015;17:23;5555;RUA PASSEIO DOS CAJUEIROS;AL TELMA;;0;;Queda;Anoitecer;;;;;;0;1;0;0;0;0;0;0;0;1;0;0;-3,751858000000000;-38,468612000000000
259920;10;1;2015;21:34;0;RUA DOM QUINTINO;;;0;;Colis?úo;;;;Meio de Quadra;;;0;1;2;0;0;0;0;0;0;0;0;0;;
259921;10;1;2015;22:24;0;RUA MOURA MATOS;;;0;;Colis?úo;;;;Meio de Quadra;;;0;1;1;0;0;0;0;0;0;0;0;0;-3,812800000000000;-38,543175000000000
257885;10;1;2015;20:39;0;RUA EDUARDO SABOIA;;;0;;Colis?úo;;;;Meio de Quadra;;;0;0;2;1;0;0;0;0;0;0;0;0;;
257886;10;1;2015;20:45;17416;RUA EDITE BRAGA;RUA ELVIRA PINHO;;0;;Atropelamento;;;;Cruz;Pare;Residencial;0;1;1;1;0;0;0;0;0;0;0;0;-3,768064000000000;-38,553552000000000
257888;10;1;2015;21:11;0;AV PRS CASTELO BRANCO;;;2389;;Colis?úo;;;;Meio de Quadra;;;0;0;2;1;0;0;0;0;0;1;0;0;-3,713505000000000;-38,549283000000000
257882;10;1;2015;20:25;0;AV MACIEL BEZERRA;;;0;;Choque c/ Obst?ículo Fixo;;;;Meio de Quadra;;;0;0;1;1;0;0;0;0;0;0;0;0;;
257879;10;1;2015;19:37;0;RUA JARDIM FLUMINENSE;;;996;RONY SUPER;Atropelamento;;;;Meio de Quadra;;;1;0;1;0;0;0;0;0;0;1;0;0;;
257880;10;1;2015;19:58;0;AV JOR THOMAZ COELHO;;;0;;Colis?úo;;;;Meio de Quadra;;;0;0;2;0;0;0;0;0;0;1;0;0;;
257894;10;1;2015;21:56;983;RUA PARAGUACU D45;RUA EDUARDO MOTA;;0;;Colis?úo;;;;;;;0;0;2;1;0;0;0;0;0;1;0;0;-3,787254000000000;-38,539693000000000
257895;10;1;2015;22:35;0;RUA PORTO VELHO;;;67;;Colis?úo;;;;Meio de Quadra;;;0;0;4;1;0;0;0;0;0;0;0;0;-3,768954000000000;-38,581446000000000
257916;10;1;2015;22:44;0;AV CONTORNO SUL;;;202;;Colis?úo;;;;Meio de Quadra;;;0;0;2;1;0;0;0;0;0;0;0;0;;
257917;10;1;2015;23:01;0;AV BEZERRA DE MENEZES;;;2572;;Colis?úo;;;;Meio de Quadra;;;0;0;2;1;0;0;0;0;0;0;0;0;-3,736300000000000;-38,567461000000000
257919;10;1;2015;23:04;0;AV ROGACIANO LEITE;;;1800;;Colis?úo;;;;Meio de Quadra;;;0;0;2;1;0;0;0;0;0;1;0;0;-3,770479000000000;-38,498040000000000
257922;10;1;2015;23:15;0;RUA BAIXA DO MILAGRE;;;2930;;Choque c/ Obst?ículo Fixo;;;;Meio de Quadra;;;0;0;1;1;0;0;0;0;0;0;0;0;-3,728477000000000;-38,604709000000000
257923;10;1;2015;23:19;0;RUA G ESPL CASTELAO;;;0;;Colis?úo;;;;Meio de Quadra;;;0;0;2;1;0;0;0;0;0;1;0;0;;
257929;10;1;2015;23:32;0;RUA MANUEL DE QUEIROZ;;;525;;Colis?úo;;;;Meio de Quadra;;;0;0;2;1;0;0;0;0;0;0;0;0;;
247804;10;1;2015;18:30;0;RUA OSCAR ARARIPE;;;3958;;Colis?úo Frontal;Via Iluminada;Bom;Seca;Meio de Quadra;N?úo H?í Controle;Residencial;0;1;1;0;0;0;1;0;0;1;0;0;;
247815;10;1;2015;16:00;0;AV SANTOS DUMONT;;;3130;;Colis?úo Lateral;Luz do Dia;Bom;Seca;Meio de Quadra;Sem?íforo Intermitente;Comercial;0;0;2;1;1;0;0;0;0;0;0;0;-3,736834000000000;-38,496531000000000
247816;10;1;2015;12:30;5117;RUA RUFINO DE ALENCAR;RUA BORIS;;0;;Outros;Anoitecer;Bom;Seca;T;Pare;Comercial;0;0;2;1;0;0;0;0;0;0;0;0;-3,723953000000000;-38,521067000000000
247817;10;1;2015;13:30;5089;RUA DR JOAO MOREIRA;RUA MAJ FACUNDO;;0;;Colis?úo Lateral;Luz do Dia;Bom;Seca;Cruz;N?úo H?í Controle;Comercial;0;0;2;1;0;0;0;0;0;0;0;0;-3,723042000000000;-38,526361000000000
247810;10;1;2015;09:50;53;RUA PDE PERDIGAO SAMPAIO;RUA CEL JOAQUIM FRANKLIN;;0;;Colis?úo Transversal;Luz do Dia;Bom;Seca;Cruz;Pare;Residencial;0;1;1;0;0;0;0;0;0;1;0;0;-3,743393000000000;-38,594164000000000
247811;10;1;2015;13:50;5082;RUA BAR RIO BRANCO;RUA DR JOAO MOREIRA;;0;;Colis?úo Lateral;Luz do Dia;Bom;Seca;Cruz;Sem?íforo;Comercial;0;0;2;0;1;0;0;0;0;0;0;0;-3,722797000000000;-38,527092000000000
247826;10;1;2015;10:10;0;AV ANTONIO SALES;;;3900;;Colis?úo Traseira;Luz do Dia;Bom;Seca;Meio de Quadra;N?úo H?í Controle;Comercial;0;0;2;1;0;0;0;0;0;0;0;0;;