COD_ACIDENTE;DIA;MES;ANO;HORA;INTERSECAO;LOG1;LOG2;LOG3;NUMERO;REFERENCIA;NATUREZA;ILUMINACAO;TEMPO;SUPERFICIEPISTA;TIPOCRUZAMENTO;CONTROLETRAFEGO;USOSOLO;MORTOS;FERIDOS;ILESOS;AUTOMOVEL;ONIBUS;BICICLETA;CAMINHAO;MICROONIBUS;CICLOMOTOR;MOTOCICLETA;TRACAOANIMAL;TREM;LATITUDE;LONGITUDE
247827;10;1;2015;09:50;25071;AV DOS EXPEDICIONARIOS;RUA TEODORICO BARROSO;;0;;Colis?úo Transversal;Luz do Dia;Bom;Seca;Cruz;Pare;Residencial;0;1;1;1;0;0;0;0;1;0;0;0;-3,766646000000000;-38,541696000000000
247828;10;1;2015;08:50;0;AV ALBERTO CRAVEIRO;;;0;;Colis?úo Traseira;Amanhecer;Bom;Seca;Meio de Quadra;D?¬ Prefer?¬ncia;Comercial;0;0;2;1;0;0;0;0;0;0;0;0;;
247829;10;1;2015;10:30;0;AV DOS EXPEDICIONARIOS;;;10181;;Choque c/ Obst?ículo Fixo;Luz do Dia;Bom;Seca;Meio de Quadra;N?úo H?í Controle;Residencial;1;0;0;1;0;0;0;0;0;0;0;0;-3,807870000000000;-38,554222000000000
247830;10;1;2015;20:30;25279;AV ROGACIANO LEITE;RUA DES WALDEMAR ALVES PEREIRA;;0;;Colis?úo Lateral;Via Iluminada;Bom;Seca;Cruz;Pare;Residencial;0;1;1;1;0;0;0;0;0;1;0;0;;
247831;10;1;2015;09:00;0;RUA ITAREMA;;;604;;Colis?úo Lateral Sentido Oposto;Luz do Dia;Bom;Seca;Meio de Quadra;Pare;Residencial;0;0;2;1;0;0;0;0;0;0;0;0;;
247832;10;1;2015;16:20;19068;RUA PRO SILAS RIBEIRO;AV ENG SANTANA JUNIOR;;0;;Colis?úo Traseira;Anoitecer;Bom;Seca;Cruz;Sem?íforo Intermitente;Comercial;0;0;2;1;0;0;0;0;0;0;0;0;-3,736968000000000;-38,482901000000000
247833;10;1;2015;21:00;0;RUA ANA BILHAR;;;1159;;Colis?úo Transversal;Mal Iluminada;Bom;Seca;Meio de Quadra;N?úo H?í Controle;Comercial;0;1;1;1;0;0;0;0;0;1;0;0;-3,731446000000000;-38,489554000000000
247834;10;1;2015;06:20;0;AV GAL MURILO BORGES;;;0;;Choque c/ Obst?ículo Fixo;;Bom;Seca;Meio de Quadra;;;0;1;0;1;0;0;0;0;0;0;0;0;-3,767708000000000;-38,497133000000000
247835;10;1;2015;10:00;15347;RUA TIBURCIO CAVALCANTE;AV DOM LUIS;;0;;Colis?úo Lateral;Luz do Dia;Bom;Seca;T;Sem?íforo;Comercial;0;0;2;1;1;0;0;0;0;0;0;0;-3,732021000000000;-38,501313000000000
247836;10;1;2015;12:30;0;AV PRS COSTA E SILVA;;;3601;;Colis?úo Traseira;Luz do Dia;Bom;Seca;Meio de Quadra;N?úo H?í Controle;Residencial;0;1;1;1;0;0;0;0;0;1;0;0;-3,823879000000000;-38,548554000000000
247837;10;1;2015;10:05;0;AV LUCIANO CARNEIRO;;;0;;Colis?úo Traseira;Luz do Dia;Bom;Seca;Meio de Quadra;N?úo H?í Controle;Comercial;0;0;2;1;0;0;0;0;0;0;0;0;;
247839;10;1;2015;11:00;0;RUA SEN POMPEU;;;2704;;Colis?úo Traseira;Luz do Dia;Bom;Seca;Meio de Quadra;;;0;0;2;1;0;0;0;0;0;1;0;0;-3,742277000000000;-38,534274000000000
247823;10;1;2015;13:20;20091;AV DEP PAULINO ROCHA;RUA REGINA DE FATIMA;;0;;Colis?úo Traseira;Luz do Dia;Bom;Seca;T;N?úo H?í Controle;Residencial;0;2;1;0;1;0;0;0;0;1;0;0;-3,808811000000000;-38,523443000000000
247819;10;1;2015;12:30;5366;AV DUQ CAXIAS;RUA SEN POMPEU;;0;;Colis?úo;Luz do Dia;Bom;Seca;Cruz;Gesto;Comercial;0;0;2;1;0;0;1;0;0;0;0;0;-3,731430000000000;-38,530994000000000
247820;10;1;2015;13:08;0;RUA ELCIAS LOPES;;;494;;Colis?úo Transversal;Luz do Dia;Bom;Seca;Meio de Quadra;;;0;1;1;1;0;0;0;0;0;1;0;0;-3,771071000000000;-38,555763000000000
247813;10;1;2015;13:50;24372;AV LUCIANO CARNEIRO;RUA ALM RUFINO;;0;;Colis?úo Transversal;Luz do Dia;Bom;Seca;Cruz;Sem?íforo;Comercial;0;0;2;1;0;0;0;0;0;0;0;0;-3,766580000000000;-38,537195000000000
256863;10;1;2015;10:45;0;AV BEZERRA DE MENEZES;;;2992;;Colis?úo;Luz do Dia;;;Meio de Quadra;;;0;0;2;0;0;0;1;0;0;0;0;0;;
256866;10;1;2015;08:26;0;AV SEN CARLOS JEREISSATI (AEROPORTO);;;0;KM 02;Colis?úo;Luz do Dia;;Seca;Meio de Quadra;;;0;1;1;1;0;0;0;0;0;1;0;0;-3,783932000000000;-38,529156000000000
256870;10;1;2015;14:25;65;RUA HUGO VITOR;RUA MARTINS NETO;;0;;Colis?úo;Luz do Dia;;;Cruz;Pare;Misto;0;0;2;1;0;0;0;0;0;0;0;0;-3,740726000000000;-38,591458000000000
256874;10;1;2015;18:36;23688;RUA GABRIEL FIUZA;RUA DR ESTENIO GOMES;;0;;Colis?úo;;;;;;;0;2;0;1;0;0;0;0;0;1;0;0;-3,787655000000000;-38,579286000000000
247782;10;1;2015;20:15;0;RUA MIN ALBUQUERQUE LIMA;;;0;;Colis?úo Frontal;Via Iluminada;Bom;Seca;Meio de Quadra;Pare;Comercial;0;0;2;1;0;0;0;0;0;0;0;0;;
273494;10;1;2015;19:00;0;RUA JOAQUIM ALVES;;;169;;Colis?úo Lateral;Anoitecer;Bom;Seca;Outros;Outros;Comercial;0;0;1;1;0;0;0;0;0;0;0;0;-3,722335000000000;-38,511492000000000
257526;10;1;2015;15:29;0;RUA LUIS GIRAO;;;365;;Colis?úo;Luz do Dia;;;Meio de Quadra;;;0;0;2;1;0;0;0;0;0;0;0;0;-3,799039000000000;-38,482416000000000
257520;10;1;2015;01:24;24244;RUA FAUSTO CABRAL;RUA SOLON ONOFRE;;0;;Colis?úo;;;;Cruz;Pare;Residencial;0;0;2;1;0;0;0;0;0;0;0;0;-3,734718000000000;-38,472778000000000
257509;10;1;2015;14:53;10368;RUA JOSE MENDONCA;RUA NOSSA SRA APARECIDA;;0;;Colis?úo;Luz do Dia;;;Cruz;Pare;;0;0;2;1;0;0;0;1;0;0;0;0;-3,757921000000000;-38,602332000000000
257497;10;1;2015;00:10;0;AV BAR STUDART;;;1001;;Colis?úo;;;;Meio de Quadra;;;0;0;2;1;1;0;0;0;0;0;0;0;-3,732363000000000;-38,505880000000000
257500;10;1;2015;00:14;0;RUA EMILIA GONCALVES;;;651;;Colis?úo;;;;Meio de Quadra;;;0;1;1;1;0;0;0;0;0;1;0;0;-3,728580000000000;-38,594724000000000
257501;10;1;2015;14:04;0;RUA REV BOLIVAR P BANDEIRA;;;1109;;Colis?úo;Luz do Dia;;;Meio de Quadra;;;0;0;1;0;0;0;0;0;0;0;0;0;;
257502;10;1;2015;14:20;10007;RUA ANTONIO NERY;RUA TEODORO DE CASTRO;;0;;Colis?úo;Luz do Dia;;;Cruz;Pare;Residencial;0;0;2;1;0;0;1;0;0;0;0;0;-3,780899000000000;-38,600953000000000
257503;10;1;2015;00:25;0;RUA TEN JURANDIR ALENCAR;;;0;;Atropelamento;;;;Meio de Quadra;;;0;0;2;0;0;0;0;0;0;1;0;0;;
257505;10;1;2015;11:26;0;RUA BAR AQUIRAZ;;;39;;Colis?úo;Luz do Dia;;;Meio de Quadra;;;0;1;1;0;0;0;0;0;0;1;0;0;;
257506;10;1;2015;00:42;15298;RUA BARBOSA DE FREITAS;RUA ANA BILHAR;;0;;Colis?úo;;;;Cruz;Pare;Residencial;0;0;2;1;0;0;0;0;0;1;0;0;-3,729646000000000;-38,495143000000000
257507;10;1;2015;14:51;25029;AV CEL CARVALHO;RUA TEN ELIEZER COSTA;;0;;Colis?úo;Luz do Dia;;;Cruz;Pare;Comercial;0;0;2;1;0;0;0;0;0;0;0;0;-3,710718000000000;-38,589633000000000
257528;10;1;2015;15:33;0;AV EDILSON B SOARES;;;923;;Colis?úo;Luz do Dia;;;Meio de Quadra;;;0;0;2;1;0;0;0;0;0;0;0;0;-3,789186000000000;-38,477495000000000
257529;10;1;2015;02:41;19328;RUA EDUARDO PERDIGAO;RUA CON DE CASTRO;;0;;Engavetamento;;;;Cruz;N?úo H?í Controle;Comercial;0;0;3;1;0;0;0;0;0;0;0;0;-3,775579000000000;-38,564769000000000
257530;10;1;2015;15:36;0;RUA 30 DE OUTUBRO;;;285;;Colis?úo;Luz do Dia;;;Meio de Quadra;;;0;0;2;1;0;0;1;0;0;0;0;0;-3,766297000000000;-38,580471000000000
257541;10;1;2015;17:19;0;AV DEP PAULINO ROCHA;;;0;;Colis?úo;Anoitecer;;;Meio de Quadra;;;0;0;2;1;0;0;0;0;0;1;0;0;;
257542;10;1;2015;17:24;19703;RUA GUSTAVO SAMPAIO;RUA PEDRO DE QUEIROZ;;0;;Colis?úo;Anoitecer;;;Cruz;Pare;Rural;0;0;2;0;0;0;0;0;0;1;0;0;-3,736097000000000;-38,560577000000000
257544;10;1;2015;17:43;0;RUA RAUL CABRAL;;;103;;Colis?úo;Anoitecer;;;Meio de Quadra;;;0;0;2;1;0;0;0;0;0;1;0;0;-3,770611000000000;-38,539249000000000
257545;10;1;2015;17:46;0;RUA CARLOS AMORA;;;0;;Colis?úo;Anoitecer;;;Meio de Quadra;;;0;0;2;1;1;0;0;0;0;0;0;0;;
257537;10;1;2015;16:03;5307;RUA PRC ISABEL;AV DUQ CAXIAS;;0;;Colis?úo;Luz do Dia;;;Cruz;Sem?íforo;Misto;0;0;2;1;0;0;0;0;0;0;0;0;-3,729687000000000;-38,536407000000000
257551;10;1;2015;18:06;7403;AV SEN FERNANDES TAVORA;RUA ARACAJU;;0;;Colis?úo;Anoitecer;;;Cruz;Outros;Comercial;0;1;1;1;0;0;0;0;0;1;0;0;-3,759398000000000;-38,587377000000000
257552;10;1;2015;18:15;7102;RUA ROMEU ALDIGUERI;RUA FELIPE CAMARAO;;0;;Colis?úo;Anoitecer;;;;;;0;0;2;0;0;0;0;0;0;1;0;0;-3,706708000000000;-38,567565000000000
257449;10;1;2015;12:53;6756;AV ANTONIO SALES;AV ENG SANTANA JUNIOR;;0;;Colis?úo;Luz do Dia;;;Outros;N?úo H?í Controle;Comercial;0;0;3;1;0;0;0;0;0;1;0;0;-3,749257000000000;-38,490039000000000
257446;10;1;2015;12:33;0;RUA FRANCO ROCHA;;;502;;Colis?úo;Luz do Dia;;;Meio de Quadra;;;0;2;1;0;0;0;0;0;0;1;0;0;;
257447;10;1;2015;12:44;0;RUA 104 CJ NOVO MONDUBIM;;;0;;Colis?úo;Luz do Dia;;;Meio de Quadra;;;0;0;2;0;0;0;0;0;0;0;0;0;;
257427;10;1;2015;11:26;18404;AV SGT HERMINIO SAMPAIO;AV GOV PARSIFAL BARROSO;;0;;Colis?úo;Luz do Dia;;;Cruz;Sem?íforo;Residencial;0;0;2;1;0;0;0;0;0;0;0;0;-3,727916000000000;-38,569276000000000
257424;10;1;2015;11:09;0;AV PERIMETRAL;;;390;;Colis?úo;Luz do Dia;;;Meio de Quadra;;;0;1;1;1;0;0;0;0;0;1;0;0;;
257425;10;1;2015;11:14;0;RUA GURGEL DO AMARAL;;;1093;;Colis?úo;Luz do Dia;;;Meio de Quadra;;;0;0;3;1;0;0;0;0;0;1;0;0;-3,835587000000000;-38,486381000000000
257422;10;1;2015;11:01;0;AV N CJ JOSE WALTER;;;2196;;Colis?úo;Luz do Dia;;;Meio de Quadra;;;0;1;1;1;0;0;0;0;0;1;0;0;-3,841311000000000;-38,562407000000000
257419;10;1;2015;10:48;315;RUA NESTOR BARBOSA;RUA GAL PIRAGIBE;;0;;Colis?úo;Luz do Dia;;;Cruz;Pare;Residencial;0;0;2;1;0;0;0;0;0;1;0;0;-3,744282000000000;-38,556613000000000
257415;10;1;2015;10:37;4733;AV WASHINGTON SOARES;AV MIN JOSE AMERICO;;0;;Colis?úo;Luz do Dia;;;;D?¬ Prefer?¬ncia;Outros;0;0;2;1;0;0;0;0;0;0;0;0;-3,812650000000000;-38,479419000000000
257417;10;1;2015;10:43;0;AV GAL OSORIO DE PAIVA;;;4075;;Colis?úo;Luz do Dia;;;Meio de Quadra;;;0;0;3;1;0;0;0;0;0;0;0;0;-3,792839000000000;-38,590502000000000
257412;10;1;2015;06:33;0;RUA RIO GRANDE DO SUL;;;357;;Colis?úo;Luz do Dia;;;Meio de Quadra;;;0;0;2;1;0;0;0;0;0;1;0;0;-3,752410000000000;-38,563586000000000
257405;10;1;2015;03:12;1273;RUA DR JOSE LOURENCO;AV SANTOS DUMONT;;0;;Colis?úo;;;;Cruz;Pare;Comercial;0;0;2;1;1;0;0;0;0;0;0;0;-3,733299000000000;-38,507380000000000
257407;10;1;2015;05:18;0;RUA CATOLE;;;2813;;Choque c/ Obst?ículo Fixo;Amanhecer;;;Meio de Quadra;;;0;0;1;1;0;0;0;0;0;0;0;0;;
257409;10;1;2015;06:22;0;AV D CJ JOSE WALTER;;;0;;Choque c/ Obst?ículo Fixo;Luz do Dia;;;Meio de Quadra;;;0;0;1;1;0;0;0;0;0;0;0;0;;
257410;10;1;2015;06:23;0;RUA OSCAR BEZERRA ARAUJO;;;1750;;Colis?úo;Luz do Dia;;;Meio de Quadra;;;0;0;2;1;0;0;0;0;0;0;0;0;;
257403;10;1;2015;03:04;9072;AV 13 DE MAIO;AV PONTES VIEIRA;;0;;Colis?úo;;;;;;;0;0;2;0;1;0;0;0;0;0;0;0;-3,753544000000000;-38,520486000000000
258946;10;1;2015;23:30;0;AV WASHINGTON SOARES;;;1141;;Colis?úo;;;Seca;Meio de Quadra;;;0;0;2;1;0;0;0;0;0;0;0;0;-3,767271000000000;-38,482366000000000
257101;11;1;2015;09:14;10730;AV SEN FERNANDES TAVORA;RUA VITORIA (AV. PERIMETRAL);;0;;Colis?úo;Luz do Dia;;;Cruz;Sem?íforo Intermitente;Comercial;1;0;1;1;0;0;0;0;0;1;0;0;-3,760193000000000;-38,585903000000000
257554;11;1;2015;05:58;14679;AV OLIVEIRA PAIVA;RUA PDE JANUARIO CAMPOS;;0;;Colis?úo;Amanhecer;;;T;Sem?íforo;Comercial;0;0;2;1;0;0;0;0;0;0;0;0;-3,796018000000000;-38,489646000000000
257538;11;1;2015;03:27;0;AV DR SILAS MUNGUBA;;;2801;;Colis?úo;;;;Meio de Quadra;;;0;2;0;1;0;0;0;0;0;0;0;0;-3,787583000000000;-38,547882000000000
257539;11;1;2015;04:30;0;AV EDILSON B SOARES;;;145;;Colis?úo;;;;Meio de Quadra;;;0;0;2;1;0;0;0;0;0;0;0;0;-3,789782000000000;-38,484360000000000
257550;11;1;2015;04:41;8643;AV ENG LEAL LIMA VERDE (SAPIRANGA/COITE);AV EDILSON B SOARES;;0;;Colis?úo;;;;Cruz;N?úo H?í Controle;Lazer;0;0;2;1;0;0;0;0;0;0;0;0;-3,789082000000000;-38,476215000000000
257560;11;1;2015;06:32;0;AV DOM MANUEL;;;0;;Queda;Luz do Dia;;;Meio de Quadra;;;0;1;1;0;0;0;0;0;0;1;0;0;;
257561;11;1;2015;06:45;22093;AV JOSE BASTOS;RUA ALEXANDRE BARAUNA;;0;;Choque c/ Obst?ículo Fixo;Luz do Dia;;;Cruz;Sem?íforo;Misto;0;0;1;1;0;0;0;0;0;0;0;0;-3,749516000000000;-38,549978000000000
257562;11;1;2015;07:23;0;AV DR SILAS MUNGUBA;;;0;;Colis?úo;Luz do Dia;;;Meio de Quadra;;;0;0;2;1;0;0;0;0;0;0;0;0;;
257558;11;1;2015;06:24;0;RUA LINS DO REGO;;;0;;Choque c/ Obst?ículo Fixo;Luz do Dia;;;Meio de Quadra;;;0;0;1;1;0;0;0;0;0;0;0;0;;
257567;11;1;2015;08:19;0;RUA CARLOS MAGNO;;;601;;Choque c/ Obst?ículo Fixo;Luz do Dia;;;Meio de Quadra;;;0;0;1;1;0;0;0;0;0;0;0;0;;
257568;11;1;2015;08:26;7393;RUA AUDISIO PINHEIRO;RUA PRO EDGAR DE ARRUDA;;0;;Colis?úo;Luz do Dia;;;Cruz;Pare;Residencial;0;0;2;1;0;0;0;0;0;0;0;0;-3,756603000000000;-38,587846000000000
257534;11;1;2015;00:01;0;AV ABOLICAO;;;0;;Atropelamento;;;;Meio de Quadra;;;0;1;1;1;0;0;0;0;0;0;0;0;;
257570;11;1;2015;08:29;10749;AV SEN FERNANDES TAVORA;RUA PRO HERIBALDO COSTA;;0;;Colis?úo;Luz do Dia;;;Cruz;Sem?íforo;Comercial;0;0;2;0;0;0;0;0;0;1;0;0;-3,761006000000000;-38,584384000000000
257572;11;1;2015;10:35;0;RUA JULIO MACIEL D35;;;1315;;Choque c/ Obst?ículo Fixo;Luz do Dia;;;Meio de Quadra;;;0;0;1;1;0;0;0;0;0;0;0;0;-3,770238000000000;-38,580963000000000
257573;11;1;2015;10:38;5090;RUA GUILHERME ROCHA;RUA OTO DE ALENCAR;;0;;Colis?úo;Luz do Dia;;;Cruz;Sem?íforo;Comercial;0;0;2;1;0;0;0;0;0;1;0;0;-3,723058000000000;-38,540079000000000
257576;11;1;2015;11:04;0;RUA DNA MENDINHA;;;0;;Choque c/ Obst?ículo Fixo;Luz do Dia;;;Meio de Quadra;;;0;0;1;1;0;0;0;0;0;0;0;0;;
257585;11;1;2015;14:11;10409;RUA DAS PEDRINHAS;AV GENIBAU;;0;;Colis?úo;Luz do Dia;;;Cruz;Pare;Residencial;0;0;2;1;0;0;0;0;0;0;0;0;-3,760779000000000;-38,599888000000000
257589;11;1;2015;15:06;0;RUA MARIA JULIA;;;1927;;Colis?úo;Luz do Dia;;;Meio de Quadra;;;0;0;2;1;0;0;0;0;0;1;0;0;-3,802193000000000;-38,603348000000000
257590;11;1;2015;15:35;0;AV GENIBAU;;;641;;Colis?úo;Luz do Dia;;;Meio de Quadra;;;0;0;2;1;0;0;0;0;0;0;0;0;-3,760827000000000;-38,599828000000000
257591;11;1;2015;15:56;0;RUA TOMAS RODRIGUES;;;315;;Colis?úo;Luz do Dia;;;Meio de Quadra;;;0;0;2;1;0;0;0;0;0;0;0;0;;
257593;11;1;2015;13:15;17393;RUA PRO TEODORICO;RUA JOAO FIRMINO;;0;;Colis?úo;Luz do Dia;;;T;Pare;Residencial;0;1;1;1;0;0;0;0;0;1;0;0;-3,767378000000000;-38,557287000000000
257596;11;1;2015;18:05;5106;RUA GUILHERME ROCHA;RUA AGAPITO DOS SANTOS;;0;;Colis?úo;Anoitecer;;;Cruz;Pare;Residencial;0;0;2;1;1;0;0;0;0;0;0;0;-3,723675000000000;-38,538124000000000
257606;11;1;2015;20:06;15796;RUA PERGENTINO MAIA;RUA CEL GUILHERME ALENCAR;;0;;Colis?úo Frontal;;;;Cruz;;Comercial;0;0;2;1;0;0;0;0;0;1;0;0;-3,831012000000000;-38,491724000000000
257607;11;1;2015;20:23;22159;RUA PRO COSTA MENDES;AV JOSE BASTOS;;0;;Colis?úo;;;;Outros;N?úo H?í Controle;Residencial;0;0;2;1;1;0;0;0;0;0;0;0;-3,750784000000000;-38,551247000000000
257610;11;1;2015;17:38;21611;RUA JOAO RAMALHO;RUA COM GARCIA;;0;;Colis?úo;Anoitecer;;;Cruz;Pare;Residencial;0;1;1;1;0;0;0;0;0;1;0;0;-3,799067000000000;-38,588536000000000
257614;11;1;2015;20:54;0;RUA SOUSA PINTO;;;374;;Atropelamento;;;;Meio de Quadra;;;0;0;2;0;0;0;0;0;0;1;0;0;-3,762503000000000;-38,515624000000000
257615;11;1;2015;21:27;0;AV SANTOS DUMONT;;;1859;;Colis?úo;;;;Meio de Quadra;;;0;0;2;1;0;0;0;0;0;0;0;0;-3,733324000000000;-38,507301000000000
257616;11;1;2015;21:29;0;AV OLAVO BILAC;;;0;;Colis?úo;;;;Meio de Quadra;;;0;0;2;1;0;0;0;0;0;0;0;0;;
257623;11;1;2015;21:58;0;RUA TIRADENTES;;;174;;Colis?úo;;;;Meio de Quadra;;;0;0;2;1;0;0;0;0;0;1;0;0;-3,744395000000000;-38,546546000000000
257618;11;1;2015;18:38;8633;AV EDILSON B SOARES;AV PRS ARTUR BERNARDES;;0;;Colis?úo;;;;T;Gesto;Escola;0;1;1;1;0;0;0;0;0;1;0;0;-3,788718000000000;-38,472009000000000
257621;11;1;2015;21:56;0;AV DIOGUINHO;;;5508;;Colis?úo;;;;Meio de Quadra;;;0;0;2;1;0;1;0;0;0;0;0;0;-3,762613000000000;-38,442726000000000
256880;11;1;2015;22:35;0;AV PRS CASTELO BRANCO;;;4739;;Colis?úo;;;;Meio de Quadra;;;0;1;1;1;0;0;0;0;0;1;0;0;-3,706292000000000;-38,574165000000000
247824;11;1;2015;16:40;6788;AV SANTOS DUMONT;RUA DES WALDETARIO P MOTA;;0;;Colis?úo Traseira;Luz do Dia;Bom;Seca;Cruz;Sem?íforo;Comercial;0;2;1;1;0;0;0;0;0;1;0;0;-3,741093000000000;-38,483309000000000
247841;11;1;2015;12:00;9176;AV AGUANAMBI;AV EDUARDO GIRAO;;0;;Colis?úo Lateral;Luz do Dia;Bom;Seca;Rotat??ria;Sem?íforo;Comercial;0;0;2;1;0;0;0;1;0;0;0;0;-3,755303000000000;-38,523639000000000
247842;11;1;2015;08:10;1453;AV HERACLITO GRACA;AV RUI BARBOSA;;0;;Colis?úo Transversal;Luz do Dia;Chuva;Seca;Cruz;Sem?íforo Danificado;Comercial;0;0;2;1;0;0;0;0;0;0;0;0;-3,738357000000000;-38,510199000000000
247843;11;1;2015;10:00;22719;RUA EUCLIDES O DE SOUSA;AV ENG LEAL LIMA VERDE (SAPIRANGA/COITE);;0;;Colis?úo Transversal;Luz do Dia;Bom;Seca;Cruz;Pare;Residencial;1;1;1;1;0;0;0;0;0;1;0;0;-3,797866000000000;-38,475497000000000
247844;11;1;2015;00:30;6043;AV C CJ CEARA;RUA 206 CJ CEARA;;0;;Colis?úo Lateral;Via Iluminada;Bom;Seca;T;Pare;Residencial;0;1;1;0;0;0;0;0;0;1;0;0;-3,765461000000000;-38,610657000000000
247845;11;1;2015;04:10;11191;AV DR SILAS MUNGUBA;RUA JOSE MENELEU D41;;0;;Colis?úo Transversal;Amanhecer;Bom;Seca;T;N?úo H?í Controle;Comercial;0;3;1;1;0;0;0;0;0;0;0;0;-3,780972000000000;-38,558016000000000
247846;11;1;2015;05:10;19667;AV BEZERRA DE MENEZES;RUA DOM LINO;;0;;Colis?úo Traseira;Luz do Dia;;Seca;Cruz;Sem?íforo;Comercial;0;1;1;0;0;0;0;0;0;1;0;0;-3,734232000000000;-38,557568000000000
247847;11;1;2015;08:10;0;AV BEZERRA DE MENEZES;;;146;;Colis?úo Traseira;Luz do Dia;Chuva;Seca;Meio de Quadra;N?úo H?í Controle;Comercial;0;0;2;1;0;0;0;0;0;0;0;0;-3,730842000000000;-38,541477000000000
247848;11;1;2015;13:00;0;RUA JARDIM FLUMINENSE;;;1800;;Capotamento;Luz do Dia;Bom;Seca;Meio de Quadra;N?úo H?í Controle;Residencial;0;1;0;1;0;0;0;0;0;0;0;0;-3,808816000000000;-38,604379000000000
247849;11;1;2015;01:00;23607;RUA BAR CRATO;RUA CAP NESTOR GOIS;;0;;Capotamento;Via Iluminada;Bom;Seca;Cruz;Pare;Residencial;0;0;1;1;0;0;0;0;0;0;0;0;-3,721812000000000;-38,561703000000000
247850;11;1;2015;14:10;0;AV JOR THOMAZ COELHO;;;1326;;Colis?úo Lateral;Luz do Dia;Bom;Seca;Meio de Quadra;Sem?íforo;Comercial;0;0;2;1;1;0;0;0;0;0;0;0;-3,830360000000000;-38,507315000000000
247851;11;1;2015;09:40;5109;RUA DR JOAO MOREIRA;AV ALBERTO NEPOMUCENO;;0;;Colis?úo Traseira;Luz do Dia;Bom;Seca;Cruz;Sem?íforo;Comercial;0;0;2;1;0;0;0;0;0;0;0;0;-3,723737000000000;-38,524608000000000
247852;11;1;2015;00:40;19230;AV SANTOS DUMONT;RUA DR RIBAMAR LOBO;;0;;Choque c/ Obst?ículo Fixo;Via Iluminada;Nublado;Seca;Duplo T;N?úo H?í Controle;Misto;0;1;0;1;0;0;0;0;0;0;0;0;-3,746060000000000;-38,467858000000000
247853;11;1;2015;06:00;0;AV LAURO VIEIRA CHAVES;;;731;;Colis?úo;Luz do Dia;Nublado;Seca;Meio de Quadra;;Residencial;0;1;1;1;0;1;0;0;0;0;0;0;-3,772414000000000;-38,532739000000000
247854;11;1;2015;18:40;4189;AV PRS CASTELO BRANCO;RUA FRANCISCO CORDEIRO;;0;;Colis?úo Transversal;Via Iluminada;Bom;Seca;Cruz;Pare;Misto;0;1;1;1;0;0;0;0;0;1;0;0;-3,713113000000000;-38,550593000000000
247855;11;1;2015;18:10;1273;AV SANTOS DUMONT;RUA DR JOSE LOURENCO;;0;;Colis?úo Transversal;Via Iluminada;Bom;Seca;Cruz;Pare;Comercial;0;0;2;1;0;0;0;0;0;0;0;0;-3,733299000000000;-38,507380000000000
247856;11;1;2015;17:50;0;AV DOM LUIS;;;0;;Choque c/ Obst?ículo Fixo;Anoitecer;Bom;Seca;Meio de Quadra;N?úo H?í Controle;Comercial;0;0;1;1;0;0;0;0;0;0;0;0;;
247857;11;1;2015;13:15;21756;RUA JOAO TINOCO;RUA CARLOS ARAUJO;;0;;Colis?úo Lateral;Luz do Dia;Bom;Seca;Cruz;Pare;Residencial;0;0;1;1;0;0;0;0;0;0;0;0;-3,728784000000000;-38,589820000000000
257940;11;1;2015;00:33;0;AV SANTOS DUMONT;;;6333;;Colis?úo;;;;Meio de Quadra;;;0;0;2;1;0;0;0;0;0;0;0;0;-3,743598000000000;-38,475500000000000
257943;11;1;2015;00:34;5300;RUA PEDRO PEREIRA;RUA BAR RIO BRANCO;;0;;Colis?úo;;;;Duplo T;Sem?íforo;Comercial;0;0;2;1;0;0;0;0;0;0;0;0;-3,729457000000000;-38,529219000000000
257945;11;1;2015;01:37;0;AV CONTORNO NORTE D71;;;1262;;Colis?úo;;;;Meio de Quadra;;;0;0;2;0;0;0;0;0;0;1;0;0;-3,812834000000000;-38,588671000000000
257949;11;1;2015;02:52;0;RUA DO JANGADEIRO;;;0;;Choque c/ Obst?ículo Fixo;;;;Meio de Quadra;;;0;0;2;1;0;0;0;0;0;0;0;0;;
259761;11;1;2015;22:17;0;AV MIN JOSE AMERICO;;;0;;Colis?úo;;;;Meio de Quadra;;;0;0;3;1;0;0;0;0;0;0;0;0;;
259922;11;1;2015;03:11;0;RUA TEN BENEVOLO;;;0;;Queda;;;;Meio de Quadra;;;0;1;0;0;0;0;0;0;0;1;0;0;;
259925;11;1;2015;03:27;0;RUA MOURA MATOS;;;0;;Colis?úo;;;;Meio de Quadra;;;0;0;2;0;0;0;0;0;0;0;0;0;;
259926;11;1;2015;04:55;0;AV LINEU MACHADO;;;0;;Colis?úo;;;;Meio de Quadra;;;0;1;1;0;0;0;0;0;0;0;0;0;-3,766806000000000;-38,577375000000000
259934;11;1;2015;15:28;15152;AV ABOLICAO;AV BAR STUDART;;0;;Colis?úo;Luz do Dia;;;;;;0;1;1;1;0;0;0;0;0;1;0;0;-3,724762000000000;-38,503445000000000
259930;11;1;2015;05:35;0;AV SEN FERNANDES TAVORA;;;0;;Colis?úo;Amanhecer;;;Meio de Quadra;;;0;1;1;1;0;0;0;0;0;1;0;0;-3,768776000000000;-38,571286000000000