COD_ACIDENTE;DIA;MES;ANO;HORA;INTERSECAO;LOG1;LOG2;LOG3;NUMERO;REFERENCIA;NATUREZA;ILUMINACAO;TEMPO;SUPERFICIEPISTA;TIPOCRUZAMENTO;CONTROLETRAFEGO;USOSOLO;MORTOS;FERIDOS;ILESOS;AUTOMOVEL;ONIBUS;BICICLETA;CAMINHAO;MICROONIBUS;CICLOMOTOR;MOTOCICLETA;TRACAOANIMAL;TREM;LATITUDE;LONGITUDE
259932;11;1;2015;12:12;0;AV SEN FERNANDES TAVORA;;;0;;Atropelamento;Luz do Dia;;;Meio de Quadra;;;0;1;1;1;0;0;0;0;0;0;0;0;-3,755300000000000;-38,597339000000000
259938;11;1;2015;17:48;0;AV MR HULL;;;0;;Queda;Anoitecer;;;Meio de Quadra;;;0;1;0;0;0;0;0;0;0;1;0;0;;
259941;11;1;2015;19:07;0;AV ZEZE DIOGO;;;0;;Colis?úo;;;;Meio de Quadra;;;0;1;1;1;0;0;0;0;0;1;0;0;;
259942;11;1;2015;19:16;0;RUA MIN ANTONIO COELHO;;;0;;Atropelamento;;;;Meio de Quadra;;;0;2;0;0;0;0;0;0;0;1;0;0;;
259944;11;1;2015;21:00;0;RUA AGUA VERDE D30;;;0;;Atropelamento;;;;Meio de Quadra;;;0;2;0;0;0;0;0;0;0;1;0;0;;
259945;11;1;2015;22:10;0;AV GAL OSORIO DE PAIVA;;;0;;Colis?úo;;;;Meio de Quadra;;;0;1;1;1;0;0;0;0;0;1;0;0;-3,809754000000000;-38,606907000000000
257659;11;1;2015;23:21;0;AV SEN FERNANDES TAVORA;;;0;;Choque c/ Obst?ículo Fixo;;;;Meio de Quadra;;;0;1;0;1;0;0;0;0;0;0;0;0;;
257631;11;1;2015;22:12;0;RUA PARAISO;;;1236;;Colis?úo;;;;Meio de Quadra;;;0;0;3;1;0;0;0;0;0;0;0;0;;
257633;11;1;2015;22:55;0;AV FRE CIRILO;;;0;;Colis?úo;;;;Meio de Quadra;;;0;0;2;0;0;0;0;1;0;1;0;0;;
253280;11;1;2015;09:30;0;RD BR 116;;;6000;KM-06;Colis?úo Transversal;Luz do Dia;Bom;Seca;Meio de Quadra;N?úo H?í Controle;Comercial;0;1;1;0;0;0;0;0;0;1;0;0;-3,804691000000000;-38,503053000000000
253415;12;1;2015;17:40;0;RD BR 222;;;0;KM-02;Colis?úo Traseira;Anoitecer;Bom;Seca;Meio de Quadra;N?úo H?í Controle;Comercial;0;1;1;0;1;0;0;0;0;1;0;0;-3,738951000000000;-38,586880000000000
257640;12;1;2015;00:43;0;RUA PDE PEDRO DE ALENCAR;;;605;;Colis?úo;;;;Meio de Quadra;;;0;0;2;1;0;0;0;0;0;0;0;0;-3,833247000000000;-38,494051000000000
257647;12;1;2015;01:16;0;AV GODOFREDO MACIEL;;;1252;;Colis?úo;;;;Meio de Quadra;;;0;0;2;1;0;0;0;0;0;0;0;0;-3,787168000000000;-38,566802000000000
257653;12;1;2015;01:23;0;RUA OSCAR FRANCA;;;0;;Colis?úo;;;;Meio de Quadra;;;0;0;2;1;0;0;0;0;0;1;0;0;;
257668;12;1;2015;03:00;0;RUA LINO AUGUSTINHO;;;1734;;Choque c/ Obst?ículo Fixo;;;;Meio de Quadra;;;0;0;1;1;0;0;0;0;0;0;0;0;;
257669;12;1;2015;03:47;0;AV CEL CARVALHO;;;178;;Colis?úo;;;;Meio de Quadra;;;0;0;2;1;0;0;0;0;0;0;0;0;-3,704404000000000;-38,591308000000000
257671;12;1;2015;05:20;0;AV JOAO PESSOA;;;0;;Choque c/ Obst?ículo Fixo;Amanhecer;;;Meio de Quadra;;;0;0;1;1;0;0;0;0;0;0;0;0;;
257673;12;1;2015;09:15;0;AV PRS COSTA E SILVA;;;790;;Colis?úo;Luz do Dia;;;Meio de Quadra;;;0;0;3;1;0;0;0;0;0;1;0;0;;
257655;12;1;2015;01:39;12404;AV SEN FERNANDES TAVORA;AV LINEU MACHADO;;0;;Colis?úo;;;;Cruz;N?úo H?í Controle;Misto;0;0;2;1;0;0;0;0;0;0;0;0;-3,765199000000000;-38,576540000000000
257656;12;1;2015;01:41;19328;RUA CON DE CASTRO;RUA EDUARDO PERDIGAO;;0;;Colis?úo;;;;Cruz;N?úo H?í Controle;Comercial;0;0;2;1;0;0;0;0;0;0;0;0;-3,775579000000000;-38,564769000000000
257657;12;1;2015;01:55;0;AV OLIVEIRA PAIVA;;;13;;Colis?úo;;;;Meio de Quadra;;;0;0;2;1;0;0;0;0;0;1;0;0;;
257676;12;1;2015;10:28;0;AV OLIVEIRA PAIVA;;;2939;;Colis?úo;Luz do Dia;;;Meio de Quadra;;;0;0;2;1;1;0;0;0;0;0;0;0;-3,795829000000000;-38,481169000000000
257677;12;1;2015;10:49;1585;RUA PDE VALDEVINO;RUA TIBURCIO CAVALCANTE;;0;;Colis?úo;Luz do Dia;;;Cruz;Sem?íforo;Residencial;0;0;2;1;0;0;0;0;0;0;0;0;-3,742915000000000;-38,504815000000000
257681;12;1;2015;10:59;11722;RUA JULIO BRAGA;RUA GUARANI D35 (JOAO XXIII);;0;;Colis?úo;Luz do Dia;;;Outros;Pare;Residencial;0;0;2;0;0;1;0;0;0;1;0;0;-3,773151000000000;-38,585105000000000
257688;12;1;2015;12:30;9575;RUA SAO LUIZ DO OESTE;RUA TEODORO DE CASTRO;;0;;Colis?úo;Luz do Dia;;;Cruz;Pare;Residencial;0;0;2;1;0;0;0;0;0;1;0;0;-3,778623000000000;-38,609112000000000
257700;12;1;2015;13:11;0;RUA MONTE PASCOAL;;;1151;;Colis?úo;Luz do Dia;;;Meio de Quadra;;;0;0;2;0;0;0;0;0;0;1;0;0;;
257705;12;1;2015;13:59;0;RUA GERMANO FRANCK;;;0;;Colis?úo;Luz do Dia;;;Meio de Quadra;;;0;0;2;0;0;0;0;0;0;1;0;0;;
257706;12;1;2015;14:05;12925;AV AGUANAMBI;AV DOMINGOS OLIMPIO;;0;;Colis?úo;Luz do Dia;;;;;;0;0;2;1;0;0;1;0;0;0;0;0;-3,738683000000000;-38,524628000000000
257710;12;1;2015;14:25;17378;RUA ALBERTO MAGNO;RUA ROMEU MARTINS;;0;;Colis?úo;Luz do Dia;;;Cruz;Pare;Comercial;0;0;2;1;0;0;0;0;0;0;0;0;-3,766914000000000;-38,551758000000000
257712;12;1;2015;14:33;5234;RUA NOGUEIRA ACIOLI;RUA PEREIRA FILGUEIRAS;;0;;Colis?úo;Luz do Dia;;;Cruz;Pare;Residencial;0;0;2;1;0;0;0;0;0;0;0;0;-3,727333000000000;-38,516029000000000
257718;12;1;2015;15:44;0;RUA ANDRE REBOUCAS;;;336;;Colis?úo;Luz do Dia;;;Meio de Quadra;;;0;0;2;1;0;0;0;0;0;1;0;0;-3,775741000000000;-38,591018000000000
257719;12;1;2015;16:17;0;AV 13 DE MAIO;;;406;;Colis?úo;Luz do Dia;;;Meio de Quadra;;;0;0;2;1;0;0;0;0;0;1;0;0;-3,752886000000000;-38,525158000000000
257720;12;1;2015;17:05;0;RUA ANTONIO ROCHA;;;605;;Colis?úo;Anoitecer;;;Meio de Quadra;;;0;0;2;0;0;0;0;0;0;1;0;0;;
257721;12;1;2015;17:43;0;RUA DEMETRIO MENEZES;;;0;;Colis?úo;Anoitecer;;;Meio de Quadra;;;0;0;2;1;0;0;0;0;0;1;0;0;;
257722;12;1;2015;18:13;0;RUA GAL CLARINDO DE QUEIROZ;;;0;;Colis?úo;Anoitecer;;;Meio de Quadra;;;0;0;2;1;0;0;0;0;0;0;0;0;;
257723;12;1;2015;18:40;5328;AV DUQ CAXIAS;AV TRISTAO GONCALVES;;0;;Colis?úo;;;;Cruz;Sem?íforo;Comercial;0;0;2;1;0;0;0;0;0;0;0;0;-3,730400000000000;-38,534196000000000
257724;12;1;2015;18:45;0;RUA LUIS COSTA FILHO;;;46;;Colis?úo;;;;Meio de Quadra;;;0;1;1;0;0;0;0;0;0;1;0;0;-3,729833000000000;-38,603128000000000
257727;12;1;2015;19:27;0;RUA GONCALVES LEDO;;;634;;Colis?úo;;;;;;;0;0;2;1;0;0;0;0;0;0;0;0;-3,729620000000000;-38,515573000000000
257728;12;1;2015;19:27;0;AV DOS EXPEDICIONARIOS;;;4773;;Colis?úo;;;;Meio de Quadra;;;0;0;2;1;0;0;0;0;0;0;0;0;-3,760917000000000;-38,539970000000000
257729;12;1;2015;19:55;0;AV ENG HUMBERTO MONTE;;;1035;;Colis?úo;;;;Meio de Quadra;;;0;0;2;0;0;1;0;0;0;1;0;0;-3,749944000000000;-38,559870000000000
257731;12;1;2015;19:58;0;AV SORIANO ALBUQUERQUE;;;0;;Colis?úo;;;;Meio de Quadra;;;0;0;2;1;0;0;0;0;0;0;0;0;;
257732;12;1;2015;20:03;6817;RUA FRANCISCO MATOS;RUA BENTO ALBUQUERQUE;;0;;Colis?úo;;;;Cruz;Pare;Residencial;0;0;2;1;0;0;0;0;0;1;0;0;-3,747862000000000;-38,470436000000000
257733;12;1;2015;20:36;84;AV MR HULL;RUA PDE PERDIGAO SAMPAIO;;0;;Colis?úo;;;;;;;0;0;2;0;0;0;0;1;0;1;0;0;-3,740113000000000;-38,594635000000000
257734;12;1;2015;20:46;0;AV BEIRA MAR;;;0;;Colis?úo;;;;Meio de Quadra;;;0;0;2;1;0;0;0;0;0;1;0;0;;
257716;12;1;2015;15:29;15205;AV ABOLICAO;RUA OSVALDO CRUZ (ALDEOTA);;0;;Colis?úo;Luz do Dia;;;Cruz;Sem?íforo;Residencial;0;0;2;1;1;0;0;0;0;0;0;0;-3,726690000000000;-38,497445000000000
257738;12;1;2015;20:56;0;RUA GAL LIMA E SILVA;;;620;;Colis?úo;;;;Meio de Quadra;;;0;0;2;1;0;0;0;0;0;1;0;0;;
257739;12;1;2015;21:06;15105;AV HIS RAIMUNDO GIRAO;RUA BAR ARACATI;;0;;Colis?úo;;;;T;N?úo H?í Controle;Outros;0;0;2;1;0;0;0;0;0;1;0;0;-3,722091000000000;-38,508496000000000
257741;12;1;2015;21:55;0;RUA PRO VIRGILIO DE MORAIS;;;358;;Choque c/ Obst?ículo Fixo;;;;Meio de Quadra;;;0;0;1;0;0;0;0;0;0;1;0;0;-3,751750000000000;-38,596748000000000
257742;12;1;2015;22:00;155;RUA PDE PERDIGAO SAMPAIO;RUA ANARIO BRAGA;;0;;Colis?úo;;;;Cruz;Pare;Comercial;0;0;2;1;0;0;0;0;0;0;0;1;-3,736242000000000;-38,595191000000000
257743;12;1;2015;22:04;340;RUA CESAR FONTENELE;RUA DOM JOSE LOURENCO  D27;;0;;Colis?úo;;;;Cruz;Pare;Residencial;0;0;2;1;0;0;0;0;0;1;0;0;-3,745892000000000;-38,557429000000000
257748;12;1;2015;22:57;0;AV AGUANAMBI;;;0;ROTAT?ôRIA;Colis?úo;;;;Meio de Quadra;;;0;0;2;1;1;0;0;0;0;0;0;0;-3,755538000000000;-38,523043000000000
257746;12;1;2015;22:37;0;AV CEL CARVALHO;;;0;;Colis?úo;;;;Meio de Quadra;;;0;0;2;1;1;0;0;0;0;0;0;0;;
257756;12;1;2015;23:17;0;AV PRS COSTA E SILVA;;;204;;Colis?úo;;;;Meio de Quadra;;;0;2;0;0;0;1;0;0;0;1;0;0;;
257759;12;1;2015;23:33;0;AV DR THEBERGE;;;3143;;Colis?úo;;;;Meio de Quadra;;;0;0;2;1;0;0;0;0;0;1;0;0;;
257760;12;1;2015;23:52;0;RUA MARIA MIRIAN F  DE SOUZA;;;88;;Colis?úo;;;;;;;0;0;2;1;0;0;0;0;0;0;0;0;-3,733480000000000;-38,568023000000000
257762;12;1;2015;17:08;19596;RUA NEREU RAMOS;RUA TCHECOSLOVAQUIA;;0;;Colis?úo;Anoitecer;;;Cruz;Pare;Comercial;0;1;1;1;0;0;0;0;0;1;0;0;-3,785913000000000;-38,570458000000000
257764;12;1;2015;01:42;24226;RUA DES WALDETARIO P MOTA;RUA FAUSTO CABRAL;;0;;Colis?úo;;;;Cruz;Pare;Misto;0;1;1;1;0;0;0;0;0;1;0;0;-3,733093000000000;-38,478283000000000
257766;12;1;2015;23:12;0;RUA CRISTAIS PAULISTA;;;1155;;Colis?úo;;;;Meio de Quadra;;;0;1;1;1;0;0;0;0;0;1;0;0;-3,817723000000000;-38,526301000000000
274424;12;1;2015;16:00;15696;RUA TOME DE SOUZA;RUA GUILHERME PESSOA;;0;;Colis?úo Transversal;Luz do Dia;;;Cruz;Pare;Residencial;0;0;2;0;0;1;0;0;0;1;0;0;;
259948;12;1;2015;02:17;0;AV FRANCISCO SA;;;0;;Queda;;;;Meio de Quadra;;;0;1;0;0;0;0;0;0;0;1;0;0;-3,718292000000000;-38,554786000000000
259953;12;1;2015;04:12;183;RUA DEMETRIO MENEZES;AV SGT HERMINIO SAMPAIO;;0;;Queda;;;;Cruz;Sem?íforo;Comercial;0;1;0;0;0;0;0;0;0;1;0;0;-3,731488000000000;-38,584591000000000
259954;12;1;2015;07:22;0;RUA PDE GERMANO;;;0;;Atropelamento;Luz do Dia;;;Meio de Quadra;;;0;2;0;0;0;0;0;0;0;1;0;0;;
259955;12;1;2015;07:57;0;RUA GUARANI D35 (JOAO XXIII);;;0;;Queda;Luz do Dia;;;Meio de Quadra;;;0;1;0;0;0;0;0;0;0;1;0;0;;
259958;12;1;2015;12:10;0;AV JOR JOAO RAMOS;;;0;;Colis?úo;Luz do Dia;;;Meio de Quadra;;;0;1;1;1;0;0;0;0;0;1;0;0;;
247858;12;1;2015;19:24;0;AV PRS COSTA E SILVA;;;3907;;Colis?úo Lateral;Mal Iluminada;Bom;Seca;Meio de Quadra;N?úo H?í Controle;Comercial;0;3;0;1;0;0;0;0;0;1;0;0;;
247859;12;1;2015;13:00;0;RUA JAIME BENEVOLO;;;704;;Colis?úo Lateral;Luz do Dia;Bom;Seca;Meio de Quadra;Sem?íforo;Residencial;0;0;2;1;0;0;1;0;0;0;0;0;-3,738261000000000;-38,527403000000000
247860;12;1;2015;20:30;0;AV PRS COSTA E SILVA;;;3917;;Engavetamento;Mal Iluminada;Bom;Seca;Meio de Quadra;Outros;Comercial;0;1;2;1;0;0;0;0;0;1;0;0;;
247861;12;1;2015;10:00;7479;AV ALBERTO CRAVEIRO;RUA PEDRO DANTAS;;0;;Outros;Luz do Dia;Bom;Seca;T;Sem?íforo Intermitente;Residencial;0;1;1;0;0;0;0;0;0;1;0;0;-3,786753000000000;-38,517220000000000
247862;12;1;2015;20:58;25227;AV A CJ CEARA;AV D CJ CEARA;;0;;Colis?úo Transversal;Via Iluminada;Bom;Seca;Cruz;Outros;Misto;0;2;0;0;0;0;0;0;0;1;0;0;-3,766922000000000;-38,601152000000000
247863;12;1;2015;09:15;0;RUA MENDES JUNIOR;;;344;;Colis?úo Lateral;Luz do Dia;Bom;Seca;Meio de Quadra;Pare;Residencial;0;0;2;1;0;0;0;0;0;0;0;0;;
247864;12;1;2015;08:20;0;AV DR SILAS MUNGUBA;;;3064;;Choque c/ Obst?ículo Fixo;Luz do Dia;Nublado;Seca;Meio de Quadra;N?úo H?í Controle;Comercial;0;1;0;1;0;0;0;0;0;0;0;0;-3,788379000000000;-38,546038000000000
247865;12;1;2015;20:00;19759;RUA AZEVEDO BOLAO;RUA AMADEU FURTADO;;0;;Colis?úo Transversal;Via Iluminada;Bom;Seca;Cruz;Pare;Misto;0;1;1;1;0;0;0;0;0;1;0;0;-3,737863000000000;-38,563588000000000
247866;12;1;2015;10:00;15190;AV ABOLICAO;RUA JOAQUIM NABUCO;;0;;Colis?úo Lateral;Luz do Dia;Bom;Seca;Cruz;Sem?íforo;Comercial;0;0;2;1;0;0;0;0;0;0;0;0;-3,726373000000000;-38,498436000000000
247867;12;1;2015;08:50;25548;AV JOAO PESSOA;RUA VILA LOBOS;;0;;Colis?úo Lateral;Luz do Dia;Bom;Seca;Outros;N?úo H?í Controle;Misto;0;0;2;0;0;0;1;1;0;0;0;0;-3,771198000000000;-38,561439000000000
247840;12;1;2015;20:31;0;AV PRS COSTA E SILVA;;;2560;;Colis?úo;Via Iluminada;Bom;Seca;Meio de Quadra;N?úo H?í Controle;Misto;0;0;2;1;0;0;0;0;0;0;0;0;-3,820658000000000;-38,559294000000000
247872;12;1;2015;11:00;22176;AV JOSE BASTOS;AV ENG HUMBERTO MONTE;;0;;Colis?úo Traseira;Luz do Dia;Bom;Seca;T;Sem?íforo;Comercial;0;0;2;0;0;0;0;0;0;1;0;0;-3,754966000000000;-38,555455000000000
247873;12;1;2015;10:00;25533;AV AUGUSTO DOS ANJOS;RUA MUCUNA;;0;;Colis?úo Transversal;Luz do Dia;Bom;Seca;T;Pare;Comercial;0;1;1;1;0;0;0;0;0;1;0;0;-3,784861000000000;-38,583225000000000
247874;12;1;2015;15:30;0;AV ANTONIO SALES;;;990;;Colis?úo Lateral;Luz do Dia;Bom;Seca;Meio de Quadra;Sem?íforo;Comercial;0;0;2;1;0;0;0;0;0;0;0;0;-3,742251000000000;-38,512712000000000
247875;12;1;2015;19:04;0;RUA PRO VIRGILIO DE MORAIS;;;385;;Colis?úo Lateral;Via Iluminada;Bom;Seca;Meio de Quadra;N?úo H?í Controle;Residencial;0;2;0;0;0;0;0;0;0;1;0;0;-3,751944000000000;-38,596786000000000
247876;12;1;2015;19:00;0;AV DOM LUIS;;;495;;Colis?úo Lateral;Via Iluminada;Bom;Seca;Meio de Quadra;Pare;Misto;0;0;2;1;0;0;0;0;0;0;0;0;-3,733263000000000;-38,497304000000000
247877;12;1;2015;06:30;22297;AV BEZERRA DE MENEZES;RUA PDE ANCHIETA;;0;;Colis?úo Traseira;Luz do Dia;Bom;Seca;Cruz;Sem?íforo;Comercial;0;0;2;1;1;0;0;0;0;0;0;0;-3,733155000000000;-38,552298000000000
247878;12;1;2015;21:20;18515;AV GOV PARSIFAL BARROSO;RUA 2 LT SINCOL;;0;;Colis?úo Traseira;Via Iluminada;Bom;Seca;T;Pare;Comercial;0;0;3;1;0;0;0;0;0;0;0;0;-3,735242000000000;-38,568952000000000
247879;12;1;2015;19:00;25515;AV DA INDEPENDENCIA;AV HILDEBRANDO DE MELO;;0;;Colis?úo Traseira;;;;Cruz;N?úo H?í Controle;Residencial;0;0;2;1;0;0;0;0;0;0;0;0;-3,727339000000000;-38,589467000000000
247880;12;1;2015;10:20;4923;RUA PEDESTRE II;RUA J RES FLUMINENSE;;0;;Colis?úo Transversal;;Bom;Seca;Cruz;Pare;Residencial;0;0;2;1;1;0;0;0;0;0;0;0;-3,816471000000000;-38,603128000000000
247881;12;1;2015;15:10;24270;RUA PEREIRA VALENTE;RUA DELMIRO GOUVEIA;;0;;Colis?úo Transversal;Luz do Dia;Bom;Seca;Cruz;Pare;Residencial;0;0;2;1;0;0;0;0;0;0;0;0;-3,734817000000000;-38,488125000000000
247882;12;1;2015;15:00;0;RUA VER PEDRO PAULO MOREIRA;;;0;;Colis?úo Transversal;Luz do Dia;Bom;Seca;Meio de Quadra;N?úo H?í Controle;Comercial;0;0;2;1;1;0;0;0;0;0;0;0;;
247883;12;1;2015;01:00;0;RUA LEONARDO MOTA;;;340;;Colis?úo Traseira;Via Iluminada;Bom;Seca;Meio de Quadra;Outros;Residencial;0;0;2;1;0;0;0;0;0;0;0;0;-3,729525000000000;-38,494052000000000
247884;12;1;2015;00:10;0;RUA CON DE CASTRO;;;4184;;Choque c/ Obst?ículo Fixo;Via Iluminada;Bom;Seca;Meio de Quadra;Pare;Residencial;0;0;1;1;0;0;0;0;0;0;0;0;;
247885;12;1;2015;20:10;9176;AV AGUANAMBI;AV EDUARDO GIRAO;;0;;Colis?úo Lateral;Via Iluminada;Bom;Seca;Rotat??ria;N?úo H?í Controle;Comercial;0;0;2;1;1;0;0;0;0;0;0;0;-3,755303000000000;-38,523639000000000
247886;12;1;2015;14:00;5433;RUA METON DE ALENCAR;RUA MAJ FACUNDO;;0;;Colis?úo Transversal;Luz do Dia;Bom;Seca;Cruz;Pare;Comercial;0;1;1;1;0;0;0;0;0;1;0;0;-3,733917000000000;-38,529899000000000
247887;12;1;2015;04:40;3219;RUA EMILIO DE MENESES;RUA ANSELMO NOGUEIRA;;0;;Colis?úo Lateral;Amanhecer;Bom;Seca;Cruz;Sem?íforo Intermitente;Comercial;0;1;1;1;0;0;0;0;0;1;0;0;-3,781760000000000;-38,587374000000000
247888;12;1;2015;12:00;15357;RUA PEREIRA VALENTE;RUA LEONARDO MOTA;;0;;Colis?úo Transversal;Luz do Dia;Bom;Seca;Cruz;Pare;Comercial;0;0;2;1;0;0;0;0;0;0;0;0;-3,732885000000000;-38,495134000000000
247889;12;1;2015;17:30;19942;RUA MOREIRA GOMES;RUA FRANCISCO LORDA;;0;;Colis?úo Transversal;Anoitecer;Bom;Seca;Cruz;Pare;Residencial;0;2;1;1;0;0;0;0;0;1;0;0;-3,761260000000000;-38,534015000000000
247890;12;1;2015;09:00;15139;AV MON TABOSA;RUA BAR ARACATI;;0;;Colis?úo Transversal;Luz do Dia;Bom;Seca;Cruz;Pare;Misto;0;0;2;1;0;0;0;0;0;0;0;0;-3,724226000000000;-38,509158000000000
247891;12;1;2015;09:00;0;AV SANTOS DUMONT;;;55;;Colis?úo Traseira;Luz do Dia;Bom;Seca;Meio de Quadra;N?úo H?í Controle;Residencial;0;1;1;0;1;0;0;0;0;1;0;0;-3,728291000000000;-38,522748000000000
247892;12;1;2015;11:40;22176;AV JOSE BASTOS;AV ENG HUMBERTO MONTE;;0;;Colis?úo Traseira;Luz do Dia;Bom;Seca;T;Sem?íforo;Comercial;0;0;2;1;0;0;0;0;0;0;0;0;-3,754966000000000;-38,555455000000000
247893;12;1;2015;18:00;9111;AV EDUARDO GIRAO;RUA DEP OSWALDO STUDART;;0;;Colis?úo Transversal;Via Iluminada;Bom;Seca;Cruz;Sem?íforo;Comercial;0;0;2;1;0;0;0;1;0;0;0;0;-3,755323000000000;-38,529775000000000
247894;12;1;2015;00:20;15135;AV HIS RAIMUNDO GIRAO;RUA FRANCISCO DIAS RIBEIRO;;0;;Colis?úo;Via Iluminada;Nublado;Seca;Cruz;Pare;Misto;0;1;1;1;0;0;0;0;0;1;0;0;-3,724024000000000;-38,504397000000000
247895;12;1;2015;02:20;0;AV FRE CIRILO;;;3810;;Colis?úo Lateral;Luz do Dia;Bom;Seca;Meio de Quadra;N?úo H?í Controle;Misto;0;1;1;1;0;0;0;0;0;1;0;0;-3,817458000000000;-38,497342000000000
247896;12;1;2015;16:45;8936;AV DOMINGOS OLIMPIO;RUA PRC ISABEL;;0;;Colis?úo Transversal;Luz do Dia;Bom;Seca;Cruz;Sem?íforo;Comercial;0;0;2;1;0;0;0;0;0;0;0;0;-3,734438000000000;-38,537790000000000
273558;12;1;2015;18:30;6732;RUA ANDRADE FURTADO;RUA JULIO AZEVEDO;;0;;Colis?úo Transversal;Anoitecer;;;Cruz;Pare;Residencial;0;0;2;1;0;0;0;0;0;0;0;0;-3,744567000000000;-38,483306000000000
259960;12;1;2015;17:04;0;RUA DR LUIS COSTA;;;0;;Colis?úo;Anoitecer;;;Meio de Quadra;;;0;1;0;0;0;0;0;0;0;1;0;0;;
259963;12;1;2015;17:48;0;AV MR HULL;;;0;;Colis?úo;Anoitecer;;;Meio de Quadra;;;0;1;1;0;0;0;0;0;0;0;0;0;-3,737780000000000;-38,578050000000000
259965;12;1;2015;18:42;0;AV H CJ CEARA;;;0;;Colis?úo;;;;Meio de Quadra;;;0;2;0;0;0;0;0;0;0;1;0;0;-3,776637000000000;-38,617692000000000
259969;13;1;2015;06:23;0;RUA PDE PERDIGAO SAMPAIO;;;0;;Colis?úo;Luz do Dia;;;Meio de Quadra;;;0;1;1;1;0;0;0;0;0;1;0;0;-3,742336000000000;-38,594318000000000
259970;13;1;2015;07:37;0;RUA VALPARAISO;;;0;;Atropelamento;Luz do Dia;;;Meio de Quadra;;;0;1;1;0;0;0;0;0;0;0;0;0;-3,842239000000000;-38,528208000000000
259972;13;1;2015;10:01;0;RUA CEL VIRGILIO NOGUEIRA (BOM JARDIM);;;0;;Colis?úo;Luz do Dia;;;Meio de Quadra;;;0;1;2;0;0;0;0;0;0;0;0;0;;
259973;13;1;2015;15:36;589;AV PASTEUR;RUA FRE TEOBALDO;;0;;Colis?úo;Luz do Dia;;;Cruz;Pare;Comercial;0;1;1;1;0;0;0;0;0;1;0;0;;
259975;13;1;2015;20:44;0;RUA BAR CRATO;;;0;;Queda;;;;Meio de Quadra;;;0;1;0;0;0;0;0;0;0;1;0;0;-3,721018000000000;-38,558731000000000
259976;13;1;2015;22:54;0;AV ABOLICAO;;;0;;Colis?úo;;;;Meio de Quadra;;;0;1;1;1;0;0;0;0;0;1;0;0;-3,726989000000000;-38,493317000000000
258300;13;1;2015;15:11;15149;RUA ANTONIO LIMA;AV MON TABOSA;;0;;Colis?úo;Luz do Dia;;;Cruz;Sem?íforo;Residencial;0;0;2;1;0;0;0;0;0;0;0;0;-3,724573000000000;-38,504149000000000
258301;13;1;2015;15:15;0;AV DOM LUIS;;;502;PRACA PORTUGAL;Colis?úo;Luz do Dia;;;Meio de Quadra;;;0;0;2;1;0;0;0;0;0;0;0;0;-3,733243000000000;-38,497304000000000
258255;13;1;2015;09:40;24348;RUA JORGE ACURCIO;RUA ARMANDO MONTEIRO;;0;;;Luz do Dia;;;Cruz;Pare;Residencial;0;0;0;0;0;0;0;0;0;0;0;0;-3,765184000000000;-38,531744000000000
258257;13;1;2015;10:41;0;RUA PRO COSTA MENDES;;;685;;Colis?úo;Luz do Dia;;;Meio de Quadra;;;0;0;2;1;0;0;0;0;0;1;0;0;-3,754927000000000;-38,546657000000000
258258;13;1;2015;10:52;0;AV JOSE BASTOS;;;4400;CENTER BOX;Colis?úo;Luz do Dia;;;Meio de Quadra;;;0;0;2;0;0;0;0;0;0;1;0;0;-3,755265000000000;-38,555754000000000
258263;13;1;2015;11:31;25794;AV GAL OSORIO DE PAIVA;RUA ARRUDA CAMARA;;0;;Colis?úo;Luz do Dia;;;T;Pare;Misto;0;0;2;1;0;0;1;0;0;0;0;0;-3,787750000000000;-38,585476000000000
258264;13;1;2015;12:28;0;RUA VITORIA DA CONQUISTA;;;1753;;;Luz do Dia;;;Meio de Quadra;;;0;0;2;1;0;0;0;0;0;1;0;0;;
258265;13;1;2015;13:02;0;RUA VIRGILIO NOGUEIRA PAES;;;465;;Colis?úo Frontal;Luz do Dia;;;Meio de Quadra;;;0;1;1;0;0;0;1;0;0;1;0;0;-3,787465000000000;-38,608310000000000
258268;13;1;2015;13:45;0;AV SGT HERMINIO SAMPAIO;;;1242;;Colis?úo;Luz do Dia;;;Meio de Quadra;;;0;1;1;1;0;0;0;0;0;1;0;0;-3,724794000000000;-38,551834000000000
258269;13;1;2015;13:49;0;AV PRS COSTA E SILVA;;;3298;;Colis?úo Lateral;Luz do Dia;;;Meio de Quadra;;;0;0;2;1;0;0;1;0;0;0;0;0;;
258270;13;1;2015;10:55;25861;RUA VIS CAIRU;RUA OLIVEIRA FILHO;;0;;Colis?úo;Luz do Dia;;;;;;0;1;1;1;0;0;0;0;0;1;0;0;-3,726554000000000;-38,464122000000000
258271;13;1;2015;15:01;0;RUA LAURO NOGUEIRA;;;0;;Colis?úo;Luz do Dia;;;Meio de Quadra;;;0;0;2;1;0;0;0;0;0;0;0;0;;
258260;13;1;2015;11:01;0;RUA JOSE HIPOLITO;;;1539;;Colis?úo;Luz do Dia;;;Meio de Quadra;;;0;0;2;1;0;0;0;0;0;0;0;0;-3,837364000000000;-38,482860000000000
258261;13;1;2015;11:10;606;AV FRANCISCO SA;RUA FRANCISCO SALGADO;;0;;Colis?úo;Luz do Dia;;;T;Pare;Comercial;0;1;1;1;0;0;0;0;0;1;0;0;-3,714640000000000;-38,565540000000000