COD_ACIDENTE;DIA;MES;ANO;HORA;INTERSECAO;LOG1;LOG2;LOG3;NUMERO;REFERENCIA;NATUREZA;ILUMINACAO;TEMPO;SUPERFICIEPISTA;TIPOCRUZAMENTO;CONTROLETRAFEGO;USOSOLO;MORTOS;FERIDOS;ILESOS;AUTOMOVEL;ONIBUS;BICICLETA;CAMINHAO;MICROONIBUS;CICLOMOTOR;MOTOCICLETA;TRACAOANIMAL;TREM;LATITUDE;LONGITUDE
258190;13;1;2015;05:31;0;AV BEZERRA DE MENEZES;;;1575;;Outros;Amanhecer;;;Meio de Quadra;;;0;0;1;1;0;0;0;0;0;0;0;0;-3,734473000000000;-38,558771000000000
258194;13;1;2015;08:37;0;AV PRS COSTA E SILVA;;;0;;Colis?úo;Luz do Dia;;;Meio de Quadra;;;0;0;2;1;0;0;1;0;0;0;0;0;;
258248;13;1;2015;09:13;0;AV GODOFREDO MACIEL;;;2947;DETRAN;Colis?úo;Luz do Dia;;;Meio de Quadra;;;0;1;0;1;0;0;0;0;0;1;0;0;-3,801128000000000;-38,571377000000000
258251;13;1;2015;09:23;0;RUA PDE PERDIGAO SAMPAIO;;;655;;Atropelamento;Luz do Dia;;;Meio de Quadra;;;0;1;1;1;0;0;0;0;0;0;0;0;-3,742169000000000;-38,594325000000000
258252;13;1;2015;09:32;19469;AV AUGUSTO DOS ANJOS;AV GAL OSORIO DE PAIVA;;0;;Colis?úo Frontal;Luz do Dia;;;Outros;Pare;Misto;0;0;2;1;1;0;0;0;0;0;0;0;-3,787349000000000;-38,584939000000000
258253;13;1;2015;09:37;12685;AV CEL CARVALHO;AV DA INDEPENDENCIA;;0;;Colis?úo;Luz do Dia;;;Cruz;Sem?íforo;Comercial;0;1;1;1;0;0;0;0;0;1;0;0;-3,728711000000000;-38,584952000000000
247929;13;1;2015;18:00;7850;RUA CEL ALVES TEIXEIRA;RUA JOSE VILAR;;0;;Colis?úo Lateral;Via Iluminada;Bom;Seca;Cruz;Pare;Residencial;0;0;2;1;0;0;0;0;0;0;0;0;-3,746707000000000;-38,508198000000000
273683;13;1;2015;17:00;23380;RUA NUNES VALENTE;RUA CAP TIBURCIO DA FROTA;;0;;Colis?úo Transversal;Anoitecer;;;Cruz;Pare;Residencial;0;0;2;1;0;0;0;0;0;0;0;0;-3,754506000000000;-38,509109000000000
273725;13;1;2015;16:00;0;AV DOM MANUEL;;;738;;Choque c/ Obst?ículo Fixo;Luz do Dia;;;Meio de Quadra;;;0;0;2;1;0;0;1;0;0;0;0;0;-3,730586000000000;-38,521833000000000
247897;13;1;2015;19:20;12954;AV PRS COSTA E SILVA;AV DOS EXPEDICIONARIOS;;0;;Colis?úo Lateral;Via Iluminada;Bom;Seca;Cruz;Sem?íforo;Comercial;0;0;2;1;0;0;1;0;0;0;0;0;-3,821079000000000;-38,558276000000000
247898;13;1;2015;06:40;19611;RUA NEREU RAMOS;AV GODOFREDO MACIEL;;0;;Colis?úo Traseira;;Chuva;Seca;T;Sem?íforo;Comercial;0;1;1;1;0;0;0;0;0;0;0;0;-3,787250000000000;-38,566802000000000
247899;13;1;2015;07:00;1605;AV DES MOREIRA;RUA BENI DE CARVALHO;;0;;Colis?úo Lateral;Luz do Dia;Nublado;Seca;Cruz;Sem?íforo;Comercial;0;0;2;1;0;0;0;1;0;0;0;0;-3,744098000000000;-38,500877000000000
247900;13;1;2015;15:30;15242;RUA OSVALDO CRUZ (ALDEOTA);RUA SILVA JATAHY;;0;;Colis?úo Lateral;Luz do Dia;Bom;Seca;Cruz;Pare;Residencial;0;1;0;1;0;0;0;0;0;1;0;0;-3,727694000000000;-38,497767000000000
247901;13;1;2015;20:30;13021;AV I CJ JOSE WALTER;AV A CJ JOSE WALTER;;0;;Colis?úo Traseira;Via Iluminada;Bom;Seca;Cruz;N?úo H?í Controle;Misto;0;0;2;1;0;0;0;0;0;0;0;0;-3,825834000000000;-38,550935000000000
247902;13;1;2015;08:00;0;AV BEZERRA DE MENEZES;;;58;;Colis?úo Lateral;Luz do Dia;Bom;Seca;Meio de Quadra;Sem?íforo;Comercial;0;1;1;1;0;0;0;0;0;1;0;0;-3,730570000000000;-38,540095000000000
247903;13;1;2015;15:30;9243;AV DOS EXPEDICIONARIOS;AV EDUARDO GIRAO;;0;;Colis?úo Transversal;Luz do Dia;Bom;Seca;Cruz;Sem?íforo;Comercial;0;1;1;1;0;0;0;0;0;1;0;0;-3,750712000000000;-38,536849000000000
247904;13;1;2015;14:00;1376;RUA JOAO CARVALHO;RUA MON BRUNO;;0;;Colis?úo Transversal;Luz do Dia;Bom;Seca;Cruz;Pare;Residencial;0;0;5;1;0;0;0;0;0;0;0;0;-3,736585000000000;-38,510792000000000
247905;13;1;2015;09:45;0;RUA EDITE BRAGA;;;0;;Choque c/ Obst?ículo Fixo;Luz do Dia;Bom;Seca;Meio de Quadra;N?úo H?í Controle;Residencial;0;1;1;1;0;0;0;0;0;1;0;0;;
247906;13;1;2015;00:15;24392;AV LUCIANO CARNEIRO;RUA TEODORICO BARROSO;;0;;Colis?úo Lateral;Luz do Dia;Nublado;Seca;Cruz;Pare;Comercial;0;0;2;1;0;0;0;0;0;0;0;0;-3,767956000000000;-38,537620000000000
247907;13;1;2015;14:36;0;AV LINEU MACHADO;;;246;;Colis?úo;Luz do Dia;Bom;Seca;Meio de Quadra;Sem?íforo;Residencial;0;1;1;1;0;0;0;1;0;0;0;0;-3,762240000000000;-38,574974000000000
247908;13;1;2015;16:30;1376;RUA MON BRUNO;RUA JOAO CARVALHO;;0;;Colis?úo Transversal;Luz do Dia;Bom;Seca;Cruz;Pare;Comercial;0;1;1;1;0;0;0;0;0;1;0;0;-3,736585000000000;-38,510792000000000
247926;13;1;2015;09:45;25964;AV GOV PARSIFAL BARROSO;RUA LICURGO MONTENEGRO;;0;;Colis?úo Traseira;Luz do Dia;Bom;Seca;Duplo T;N?úo H?í Controle;Comercial;0;1;1;1;0;0;0;0;0;1;0;0;-3,734410000000000;-38,568900000000000
247910;13;1;2015;16:40;7771;RUA SILVA PAULET;RUA TOMAS ACIOLI;;0;;Colis?úo Lateral;Luz do Dia;;;Cruz;Pare;Residencial;0;0;2;1;0;0;0;0;0;0;0;0;-3,745151000000000;-38,508890000000000
247911;13;1;2015;15:30;20129;AV DEP PAULINO ROCHA;RUA POMPILIO GOMES;;0;;Colis?úo Lateral;Luz do Dia;Bom;Seca;T;Pare;Residencial;0;0;2;1;0;0;1;0;0;0;0;0;-3,810076000000000;-38,519652000000000
247912;13;1;2015;20:20;0;RUA NUNES VALENTE;;;464;;Colis?úo Traseira;Via Iluminada;Bom;Seca;Meio de Quadra;Pare;Residencial;0;0;2;1;0;0;0;0;0;0;0;0;-3,729072000000000;-38,501457000000000
247913;13;1;2015;19:05;0;AV GODOFREDO MACIEL;;;2350;;Queda;Via Iluminada;Bom;Seca;Meio de Quadra;N?úo H?í Controle;Comercial;0;1;0;0;0;0;0;0;0;1;0;0;-3,795904000000000;-38,569728000000000
247914;13;1;2015;19:20;11338;AV GODOFREDO MACIEL;RUA FRANCISCO GLICERIO;;0;;Colis?úo Traseira;Via Iluminada;Bom;Seca;Cruz;N?úo H?í Controle;Comercial;0;0;2;1;0;0;0;0;0;0;0;0;-3,795981000000000;-38,569757000000000
247915;13;1;2015;15:45;0;AV OLIVEIRA PAIVA;;;2555;;Colis?úo Lateral;Luz do Dia;Bom;Seca;Meio de Quadra;N?úo H?í Controle;Comercial;0;0;2;1;1;0;0;0;0;0;0;0;-3,796056000000000;-38,483793000000000
247916;13;1;2015;07:30;24348;RUA JORGE ACURCIO;RUA ARMANDO MONTEIRO;;0;;Colis?úo Transversal;Luz do Dia;Nublado;Molhada;Cruz;Pare;Residencial;0;1;1;1;0;0;0;0;0;0;0;0;-3,765184000000000;-38,531744000000000
247917;13;1;2015;08:20;0;AV JOVITA FEITOSA;;;512;;Colis?úo;Luz do Dia;Chuva;Molhada;Meio de Quadra;N?úo H?í Controle;Comercial;0;1;1;0;0;0;1;0;0;1;0;0;-3,738222000000000;-38,548589000000000
247918;13;1;2015;05:40;0;AV AGUANAMBI;;;1020;;Colis?úo Lateral;Amanhecer;Nublado;Seca;Meio de Quadra;N?úo H?í Controle;Comercial;0;0;2;1;0;0;0;0;0;1;0;0;-3,745822000000000;-38,525342000000000
247919;13;1;2015;09:00;0;AV 13 DE MAIO;;;1400;;Colis?úo Traseira;Luz do Dia;Chuva;Molhada;Meio de Quadra;N?úo H?í Controle;Comercial;0;0;2;1;0;0;0;0;0;0;0;0;-3,747801000000000;-38,531113000000000
247920;13;1;2015;14:00;0;AV BEZERRA DE MENEZES;;;749;;Colis?úo Traseira;Luz do Dia;Bom;Seca;;;;0;0;2;1;0;0;0;0;0;0;0;0;-3,733005000000000;-38,551581000000000
247922;13;1;2015;08:30;0;RUA BAR RIO BRANCO;;;1421;;Colis?úo Lateral;Luz do Dia;Nublado;Seca;Meio de Quadra;N?úo H?í Controle;;0;0;2;1;0;0;1;0;0;0;0;0;-3,730716000000000;-38,529620000000000
247923;13;1;2015;14:00;0;AV SEN FERNANDES TAVORA;;;2976;;Colis?úo Transversal;Luz do Dia;Bom;Seca;Meio de Quadra;N?úo H?í Controle;Comercial;0;0;2;1;0;0;0;0;0;0;0;0;-3,755142000000000;-38,598191000000000
247924;13;1;2015;17:40;0;AV MR HULL;;;4442;TERMINAL ANTONIO BEZERRA;Colis?úo Traseira;Luz do Dia;Bom;Seca;Outros;N?úo H?í Controle;Comercial;0;1;1;1;0;0;0;0;0;1;0;0;-3,738616000000000;-38,584585000000000
258331;13;1;2015;16:27;0;AV OLIVEIRA PAIVA;;;760;;Colis?úo;Luz do Dia;;;Meio de Quadra;;;0;0;2;1;0;0;0;0;0;0;0;0;-3,796930000000000;-38,499425000000000
258349;13;1;2015;17:39;15832;RUA PDE PEDRO DE ALENCAR;RUA TEN JURANDIR ALENCAR;;0;;Colis?úo;Anoitecer;;;Cruz;Sem?íforo;Comercial;0;0;2;1;0;0;1;0;0;0;0;0;-3,832741000000000;-38,494029000000000
258350;13;1;2015;13:39;19783;RUA AZEVEDO BOLAO;RUA ARMANDO OLIVEIRA;;0;;Colis?úo;Luz do Dia;;;Cruz;Pare;Residencial;0;0;2;1;0;0;0;0;0;0;0;0;-3,738662000000000;-38,567475000000000
258351;13;1;2015;17:46;0;AV DOM LUIS;;;1040;;Colis?úo;Anoitecer;;;Meio de Quadra;;;0;0;2;1;0;0;0;0;0;0;0;0;-3,735039000000000;-38,491844000000000
258338;13;1;2015;17:31;1333;RUA BARBOSA DE FREITAS;RUA MARIA TOMASIA;;0;;Colis?úo;Anoitecer;;;Cruz;Gesto;Comercial;0;0;2;1;0;0;0;0;0;0;0;0;-3,735546000000000;-38,497042000000000
258390;13;1;2015;19:47;0;AV HERACLITO GRACA;;;0;;Colis?úo;;;;Meio de Quadra;;;0;1;1;1;0;0;0;0;0;0;0;0;-3,733731000000000;-38,523826000000000
258394;13;1;2015;19:58;10863;RUA PRO HERIBALDO COSTA;RUA PORTO VELHO;;0;;Colis?úo;;;;Cruz;Sem?íforo;Comercial;0;1;1;1;0;0;0;0;0;1;0;0;-3,765974000000000;-38,587014000000000
258398;13;1;2015;20:03;0;AV PRS JUSCELINO KUBITSCHEK (PASSAR?ë);;;4500;SARA KUBSTSCHEK;;;;;Meio de Quadra;;;0;0;2;1;0;0;1;0;0;0;0;0;-3,818562000000000;-38,533326000000000
253418;13;1;2015;16:10;0;RD BR 222;;;0;KM-01;Colis?úo Traseira;Luz do Dia;Bom;Seca;Meio de Quadra;N?úo H?í Controle;Comercial;0;0;3;1;1;0;0;0;0;0;0;0;-3,737774000000000;-38,577952000000000
258470;13;1;2015;19:41;15194;RUA ILDEFONSO ALBANO;RUA DEP MOREIRA DA ROCHA;;0;;Colis?úo;;;;Cruz;Pare;Residencial;0;1;1;0;0;0;1;0;0;1;0;0;-3,726480000000000;-38,511072000000000
258471;13;1;2015;19:53;0;AV OLIVEIRA PAIVA;;;941;;Colis?úo;;;;Meio de Quadra;;;0;0;2;1;0;0;0;0;0;0;0;0;-3,796449000000000;-38,498373000000000
258472;13;1;2015;20:18;10730;AV SEN FERNANDES TAVORA;RUA CEL MATOS DOURADO;;0;;Colis?úo;;;;;;;0;0;3;1;1;0;0;0;0;0;0;0;-3,760193000000000;-38,585903000000000
258474;13;1;2015;20:58;0;AV DA UNIVERSIDADE;;;2910;REITORIA;Colis?úo;;;;Meio de Quadra;;;0;0;2;0;1;0;0;0;0;0;0;0;-3,741489000000000;-38,539543000000000
258476;13;1;2015;17:58;15940;RUA BAR AQUIRAZ;RUA JOSE CAVALCANTE SOBR;;0;;Atropelamento;Anoitecer;;;;;;0;1;1;0;0;0;0;0;1;0;0;0;-3,838708000000000;-38,487085000000000
258481;13;1;2015;21:09;5060;RUA CASTRO E SILVA;AV IMPERADOR;;0;;Colis?úo;;;;Cruz;Sem?íforo;Comercial;0;0;2;1;1;0;0;0;0;0;0;0;-3,722013000000000;-38,532916000000000
258482;13;1;2015;21:18;0;RUA BAR AQUIRAZ;;;1110;;Colis?úo;;;;Meio de Quadra;;;0;1;1;1;0;0;0;0;0;1;0;0;-3,838643000000000;-38,487135000000000
258484;13;1;2015;21:32;0;RUA ECA DE QUEIROZ;;;0;;Colis?úo;;;;Meio de Quadra;;;0;0;2;1;1;0;0;0;0;0;0;0;;
258486;13;1;2015;21:47;0;AV GODOFREDO MACIEL;;;2947;DETRAN;Colis?úo;;;;Meio de Quadra;;;0;0;2;1;0;0;0;0;0;0;0;0;-3,801128000000000;-38,571377000000000
258488;13;1;2015;21:56;0;AV AGUANAMBI;;;0;ROTAT?ôRIA;Colis?úo;;;;Meio de Quadra;;;0;0;2;1;1;0;0;0;0;0;0;0;-3,755538000000000;-38,523043000000000
258490;13;1;2015;22:30;0;AV CASTELO DE CASTRO;;;1552;JANGURUSSU;Atropelamento;;;;Meio de Quadra;;;0;2;0;0;0;0;0;0;0;1;0;0;-3,843290000000000;-38,521563000000000
258494;13;1;2015;23:24;0;RUA NUNES VALENTE;;;580;;Colis?úo;;;;Meio de Quadra;;;0;0;2;1;0;0;0;0;0;0;0;0;-3,729573000000000;-38,501613000000000
258514;13;1;2015;15:09;743;AV PRS CASTELO BRANCO;AV PASTEUR;;0;;Colis?úo;Luz do Dia;;;Cruz;Sem?íforo;Comercial;0;1;1;0;0;0;0;0;0;1;0;0;-3,711181000000000;-38,558856000000000
258515;14;1;2015;09:32;8932;AV DOMINGOS OLIMPIO;RUA CARLOS SEVERO;;0;;Colis?úo;Luz do Dia;;;T;N?úo H?í Controle;Residencial;0;0;2;1;0;0;0;0;0;0;0;0;-3,733228000000000;-38,541606000000000
258511;14;1;2015;07:56;0;AV GODOFREDO MACIEL;;;0;;Atropelamento;Luz do Dia;;;Meio de Quadra;;;0;1;1;0;0;0;0;0;0;1;0;0;;
258512;14;1;2015;09:13;1605;AV DES MOREIRA;RUA BENI DE CARVALHO;;0;;Colis?úo;Luz do Dia;;;;;;0;1;1;1;0;0;0;0;0;1;0;0;-3,744098000000000;-38,500877000000000
258528;14;1;2015;16:10;0;RUA BERNARDO MANUEL;;;8852;;Colis?úo;Luz do Dia;;;Meio de Quadra;;;0;0;2;1;0;0;1;0;0;0;0;0;-3,796950000000000;-38,550887000000000
258530;14;1;2015;16:12;0;AV BEZERRA DE MENEZES;;;502;HIPER BOMPRE?çO;Colis?úo;Luz do Dia;;;Meio de Quadra;;;0;0;2;1;0;0;0;0;0;0;0;0;-3,731698000000000;-38,545486000000000
258517;14;1;2015;09:59;3250;RUA SAO FRANCISCO D34;RUA VERBENA;;0;;Colis?úo;Luz do Dia;;;;;;0;1;1;1;0;0;0;0;0;1;0;0;-3,784113000000000;-38,589619000000000
258518;14;1;2015;10:53;0;RUA ROSINHA SAMPAIO;;;1396;;Colis?úo;Luz do Dia;;;;;;0;1;1;1;0;0;0;0;0;1;0;0;;
258520;14;1;2015;13:27;0;RUA UM (MONDUBIM);;;348;;Colis?úo;Luz do Dia;;;Meio de Quadra;;;0;0;2;0;0;0;1;0;0;0;0;0;;
258521;14;1;2015;13:38;7648;AV CARNEIRO DE MENDONCA;RUA PAULO DE FRONTIM;;0;;Colis?úo;Luz do Dia;;;Cruz;N?úo H?í Controle;Comercial;0;0;2;1;0;0;1;0;0;0;0;0;-3,761949000000000;-38,570794000000000
258522;14;1;2015;13:40;0;AV PRO GOMES DE MATOS;;;584;;Colis?úo;Luz do Dia;;;Meio de Quadra;;;0;0;2;1;1;0;0;0;0;0;0;0;-3,758833000000000;-38,543622000000000
258523;14;1;2015;15:18;0;RUA SAO PAULO;;;1648;;Colis?úo;Luz do Dia;;;Meio de Quadra;;;0;0;2;1;0;0;0;0;0;0;0;0;-3,721938000000000;-38,539988000000000
258524;14;1;2015;15:31;22665;AV ENG LEAL LIMA VERDE (SAPIRANGA/COITE);AV COS GOMES DE FREITAS (SAPIRANGA/COITE);;0;;Colis?úo;Luz do Dia;;;Rotat??ria;D?¬ Prefer?¬ncia;Comercial;0;0;3;1;0;0;0;0;0;0;0;0;-3,795341000000000;-38,475739000000000
258525;14;1;2015;15:39;19667;AV BEZERRA DE MENEZES;RUA ERETIDES MARTINS;;0;;Colis?úo;Luz do Dia;;;;;;0;1;1;1;0;0;0;0;0;1;0;0;-3,734232000000000;-38,557568000000000
258526;14;1;2015;15:57;0;RUA PERDIGAO DE OLIVEIRA;;;890;;Colis?úo;Luz do Dia;;;Meio de Quadra;;;0;0;2;1;0;0;1;0;0;0;0;0;-3,774762000000000;-38,577378000000000
258495;14;1;2015;00:46;11062;RUA DR PEDRO WILSON D45;RUA JOSE PEDRA;;0;;Colis?úo;;;;Cruz;Pare;Residencial;0;0;2;1;0;0;1;0;0;0;0;0;-3,790406000000000;-38,548121000000000
258503;14;1;2015;03:10;4178;RUA MON ROSA D20/21;RUA STA ROSA D20/21 (JACARECANGA);;0;;Colis?úo;;;;;;;0;0;2;1;0;0;0;0;0;1;0;0;-3,713231000000000;-38,553394000000000
258505;14;1;2015;04:01;0;AV BEZERRA DE MENEZES;;;2275;NORTH SHOPPING;Colis?úo;;;;Meio de Quadra;;;0;0;2;1;0;0;0;0;0;1;0;0;-3,735810000000000;-38,565086000000000
258508;14;1;2015;05:33;5084;RUA SEN ALENCAR;RUA PRC ISABEL;;0;;Choque c/ Obst?ículo Fixo;Amanhecer;;;Cruz;Pare;Comercial;0;0;1;1;0;0;0;0;0;0;0;0;-3,722828000000000;-38,534356000000000
258532;14;1;2015;17:13;7762;AV ANTONIO SALES;RUA NUNES VALENTE;;0;;Colis?úo;Anoitecer;;;Cruz;Pare;Residencial;0;0;2;1;0;0;0;0;0;0;0;0;-3,744237000000000;-38,506314000000000
258533;14;1;2015;14:20;0;AV CASTELO DE CASTRO;;;243;;Colis?úo;Luz do Dia;;;Meio de Quadra;;;0;1;1;1;0;0;0;0;0;1;0;0;;
258535;14;1;2015;17:34;0;AV OLAVO BILAC;;;59;;Colis?úo;Anoitecer;;;Meio de Quadra;;;0;0;2;1;0;0;0;0;0;0;0;0;-3,721670000000000;-38,566859000000000
258536;14;1;2015;18:20;7694;RUA RIO GRANDE DO NORTE;RUA RIO GRANDE DO SUL;;0;;Colis?úo;Anoitecer;;;Cruz;Pare;Residencial;0;0;2;1;0;0;1;0;0;0;0;0;-3,758617000000000;-38,567559000000000
258537;14;1;2015;18:26;17344;RUA ROMEU MARTINS;RUA ALM RUBIM;;0;;Choque c/ Obst?ículo Fixo;Anoitecer;;;Cruz;Pare;Residencial;0;0;1;0;0;0;1;0;0;0;0;0;-3,765386000000000;-38,553954000000000
258538;14;1;2015;18:44;0;RUA 107 CJ TUPAN MIRIM;;;0;;Colis?úo;;;;Meio de Quadra;;;0;1;1;0;0;0;0;0;0;1;0;0;;
258540;14;1;2015;18:46;7951;AV PONTES VIEIRA;RUA OSVALDO CRUZ (ALDEOTA);;0;;Colis?úo;;;;Cruz;Sem?íforo;Comercial;0;0;2;1;0;0;1;0;0;0;0;0;-3,751781000000000;-38,505539000000000
258541;14;1;2015;18:48;1263;RUA PEREIRA FILGUEIRAS;RUA TIBURCIO CAVALCANTE;;0;;Colis?úo;;;;Cruz;Sem?íforo;Misto;0;0;2;1;0;0;0;0;0;1;0;0;-3,732021000000000;-38,501313000000000
258542;14;1;2015;19:14;0;RUA ANTONIO COSTA MENDES (PQ S?âO JOS?ë);;;1411;;Colis?úo;;;;Meio de Quadra;;;0;0;2;1;0;0;1;0;0;0;0;0;;
258544;14;1;2015;19:29;0;AV PRS CASTELO BRANCO;;;610;VIADUTO/ALBERTO NEPOMUCENO;Colis?úo;;;;Meio de Quadra;;;0;0;2;1;0;0;0;0;0;0;0;0;-3,722425000000000;-38,523857000000000
258545;14;1;2015;19:37;8647;AV EDILSON B SOARES;RUA PRO SOLON FARIAS;;0;;Colis?úo;;;;Cruz;Pare;Misto;0;1;1;1;0;0;0;0;0;1;0;0;-3,789155000000000;-38,477116000000000
258546;14;1;2015;19:45;0;AV JOSE BASTOS;;;3390;HEMOCE;Colis?úo;;;;Meio de Quadra;;;0;0;3;1;0;0;1;0;0;0;0;0;-3,749136000000000;-38,549630000000000
258553;14;1;2015;20:23;0;AV MAE LISBOA;;;0;;Colis?úo;;;;Meio de Quadra;;;0;2;0;0;0;0;0;0;0;1;0;0;;
258554;14;1;2015;20:28;5371;RUA VINTE E QUATRO DE MAIO;RUA GAL CLARINDO DE QUEIROZ;;0;;Colis?úo;;;;Cruz;Pare;Comercial;0;0;2;1;0;0;0;0;0;0;0;0;-3,731621000000000;-38,533532000000000
258555;14;1;2015;20:43;0;RUA ANTONIO GADELHA;;;0;;Colis?úo;;;;Meio de Quadra;;;0;1;1;1;0;0;0;0;0;1;0;0;;
258556;14;1;2015;20:55;0;RUA JULIO BRAGA;;;1855;;Choque c/ Obst?ículo Fixo;;;;Meio de Quadra;;;0;1;1;1;0;0;0;0;0;0;0;0;-3,773919000000000;-38,586852000000000
258564;14;1;2015;22:31;13233;AV F CJ JOSE WALTER;AV L CJ JOSE WALTER;;0;;Colis?úo;;;;Cruz;Pare;Residencial;0;0;2;1;0;0;0;0;0;0;0;0;-3,835328000000000;-38,558805000000000
258565;14;1;2015;22:40;4559;RUA PDE PAULINO;RD BR 116;;0;;Colis?úo;;;;T;Pare;Comercial;0;0;2;1;0;0;0;0;0;0;0;0;-3,796988000000000;-38,506589000000000
258566;14;1;2015;19:47;23911;AV JANGADEIROS (MUCURIPE);RUA JUVENCIO VASCONCELOS;;0;;Colis?úo;;;;;;;0;1;1;1;0;0;0;0;0;1;0;0;-3,725259000000000;-38,478248000000000
258561;14;1;2015;21:58;0;RD CE-040;;;0;KM-05;Colis?úo Lateral;Via Iluminada;;Seca;Meio de Quadra;;;0;0;2;0;0;0;1;0;0;0;0;0;-3,790876000000000;-38,480349000000000
258562;14;1;2015;22:09;0;AV ABOLICAO;;;1798;HABBIB??S;Colis?úo;;;;Meio de Quadra;;;0;0;2;0;1;0;1;0;0;0;0;0;-3,724887000000000;-38,503107000000000
258569;14;1;2015;22:53;13217;AV J CJ JOSE WALTER;AV E CJ JOSE WALTER;;0;;Atropelamento;;;;Cruz;Pare;Residencial;1;0;1;0;0;0;0;0;0;1;0;0;-3,834521000000000;-38,556724000000000
258571;14;1;2015;23:07;0;AV BORGES DE MELO;;;124;;Colis?úo;;;;Meio de Quadra;;;0;0;3;1;0;0;0;0;0;1;0;0;-3,761333000000000;-38,520120000000000
258573;14;1;2015;23:11;0;RUA PRO GOMES BRASIL;;;515;TERMINAL LAGOA;;;;;Meio de Quadra;;;0;0;2;0;0;0;0;0;0;1;0;0;-3,771052000000000;-38,569848000000000
258575;14;1;2015;23:26;0;AV PRS COSTA E SILVA;;;0;MOTEL3000;Atropelamento;;;;Meio de Quadra;;;0;1;1;0;0;0;0;0;0;0;0;0;;
258579;14;1;2015;21:48;0;AV DES FAUSTINO ALBUQUERQUE;;;456;;Colis?úo;;;;Meio de Quadra;;;0;1;1;1;0;0;0;0;0;1;0;0;-3,783703000000000;-38,498829000000000
256894;14;1;2015;22:00;0;RD CE-040;;;0;KM-08;Colis?úo;;;Seca;Meio de Quadra;;;0;1;1;1;0;1;0;0;0;0;0;0;-3,823332000000000;-38,481317000000000
259790;14;1;2015;18:04;0;RUA JAIME BENEVOLO;;;0;;Colis?úo;Anoitecer;;;Meio de Quadra;;;0;0;2;1;0;0;0;0;0;0;0;0;;
273975;14;1;2015;16:00;0;AV DOS EXPEDICIONARIOS;;;0;;Colis?úo Lateral;Luz do Dia;Bom;Seca;Meio de Quadra;Sem?íforo;Comercial;0;0;2;1;0;0;0;0;0;0;0;0;;
258948;14;1;2015;07:20;0;AV MIN JOSE AMERICO;;;0;;Colis?úo;Luz do Dia;;Seca;Meio de Quadra;;;0;0;2;1;0;0;1;0;0;0;0;0;;
258949;14;1;2015;11:40;0;RD CE-040;;;0;KM-06;Colis?úo;Luz do Dia;;Seca;Meio de Quadra;;;0;0;3;1;0;0;0;0;0;0;0;0;-3,811270000000000;-38,478781000000000
247957;14;1;2015;12:00;9282;AV AGUANAMBI;RD BR 116;;0;;Colis?úo Transversal;Luz do Dia;Bom;Seca;Rotat??ria;Gesto;Comercial;0;0;2;1;0;0;0;0;0;0;0;0;-3,755596000000000;-38,523010000000000
247958;14;1;2015;14:30;13594;AV PONTES VIEIRA;RUA CAP GUSTAVO;;0;;Colis?úo Traseira;Luz do Dia;Bom;Seca;Cruz;Sem?íforo;Misto;0;1;1;1;0;0;0;0;0;1;0;0;-3,753153000000000;-38,517125000000000
247959;14;1;2015;12:10;1345;RUA LEONARDO MOTA;RUA MARIA TOMASIA;;0;;Colis?úo Transversal;Luz do Dia;Bom;Seca;Cruz;Pare;Comercial;0;0;2;0;0;0;0;0;0;0;0;0;-3,735853000000000;-38,496070000000000
247953;14;1;2015;14:30;5269;RUA PDE IBIAPINA;AV DUQ CAXIAS;;0;;Colis?úo Lateral;Luz do Dia;Bom;Seca;Cruz;Sem?íforo;Comercial;0;0;2;0;1;0;0;0;0;0;0;0;-3,728446000000000;-38,540226000000000
247955;14;1;2015;16:50;24270;RUA PEREIRA VALENTE;RUA DELMIRO GOUVEIA;;0;;Colis?úo Transversal;Anoitecer;Bom;Seca;Cruz;Pare;Residencial;0;0;2;1;0;0;0;0;0;0;0;0;-3,734817000000000;-38,488125000000000
247932;14;1;2015;18:20;0;AV PONTES VIEIRA;AV BAR STUDART;;855;;Colis?úo Transversal;Via Iluminada;Bom;Seca;;;;0;0;2;1;1;0;0;0;0;0;0;0;-3,752724000000000;-38,513460000000000
247933;14;1;2015;06:40;5036;RUA PESSOA ANTA;RUA BORIS;;0;;Colis?úo;;Nublado;Seca;Cruz;;Comercial;0;1;0;0;0;0;1;0;0;1;0;0;-3,720976000000000;-38,521017000000000
247934;14;1;2015;17:20;0;AV ALBERTO CRAVEIRO;;;430;;Colis?úo Traseira;Luz do Dia;Bom;Seca;Meio de Quadra;N?úo H?í Controle;Comercial;0;0;3;1;0;0;0;0;0;0;0;0;-3,782668000000000;-38,516505000000000
247935;14;1;2015;13:50;9176;AV AGUANAMBI;AV EDUARDO GIRAO;;0;;Colis?úo Transversal;Luz do Dia;Bom;Seca;Rotat??ria;N?úo H?í Controle;Outros;0;0;2;1;0;0;1;0;0;0;0;0;-3,755303000000000;-38,523639000000000