COD_ACIDENTE;DIA;MES;ANO;HORA;INTERSECAO;LOG1;LOG2;LOG3;NUMERO;REFERENCIA;NATUREZA;ILUMINACAO;TEMPO;SUPERFICIEPISTA;TIPOCRUZAMENTO;CONTROLETRAFEGO;USOSOLO;MORTOS;FERIDOS;ILESOS;AUTOMOVEL;ONIBUS;BICICLETA;CAMINHAO;MICROONIBUS;CICLOMOTOR;MOTOCICLETA;TRACAOANIMAL;TREM;LATITUDE;LONGITUDE
247936;14;1;2015;19:00;15165;AV HIS RAIMUNDO GIRAO;AV ABOLICAO;;0;;Colis?úo Lateral;Via Iluminada;Bom;Seca;Cruz;Sem?íforo;Misto;0;0;2;1;1;0;0;0;0;0;0;0;-3,725111000000000;-38,502412000000000
247937;14;1;2015;11:40;1292;AV DES MOREIRA;RUA MARCOS MACEDO;;0;;Colis?úo Lateral;Luz do Dia;Bom;Seca;Cruz;;Comercial;0;4;1;1;0;0;0;0;0;1;0;0;-3,734244000000000;-38,497711000000000
247938;14;1;2015;14:20;20129;AV DEP PAULINO ROCHA;RUA POMPILIO GOMES;;0;;Colis?úo Lateral;Luz do Dia;Bom;Seca;T;Pare;Comercial;0;0;2;1;0;0;1;0;0;0;0;0;-3,810076000000000;-38,519652000000000
247939;14;1;2015;10:00;7806;RUA SILVA PAULET;RUA FRANCISCO HOLANDA;;0;;Colis?úo Transversal;Luz do Dia;Bom;Seca;Cruz;Pare;Residencial;0;0;2;1;0;0;0;0;0;0;0;0;-3,747096000000000;-38,509525000000000
247940;14;1;2015;09:30;9227;RUA JAIME BENEVOLO;RUA MARIO MAMEDE;;0;;Colis?úo Transversal;Luz do Dia;Bom;Seca;Cruz;Sem?íforo;Residencial;0;2;0;0;0;0;0;0;0;1;0;0;-3,749153000000000;-38,531586000000000
247941;14;1;2015;09:30;129;RUA CEL MATOS DOURADO;AV MR HULL;;0;;Colis?úo Traseira;Luz do Dia;Bom;Seca;Cruz;N?úo H?í Controle;Comercial;0;0;2;0;0;0;1;0;0;0;0;0;-3,738743000000000;-38,585377000000000
247942;14;1;2015;14:30;0;RUA MIN ABNER VASCONCELOS;;;513;;Colis?úo Lateral;Luz do Dia;Bom;Seca;Meio de Quadra;N?úo H?í Controle;Comercial;0;0;2;1;0;0;0;0;0;0;0;0;-3,794209000000000;-38,479200000000000
247961;14;1;2015;;0;AV OLAVO BILAC;;;59;;Colis?úo;Luz do Dia;Bom;Seca;Meio de Quadra;N?úo H?í Controle;Comercial;0;0;2;1;0;0;0;0;0;0;0;0;-3,721670000000000;-38,566859000000000
247962;14;1;2015;08:00;12758;RUA JULIO CESAR D12;RUA DELMIRO FARIAS;;0;;Colis?úo Lateral;Luz do Dia;Bom;Seca;Cruz;Pare;Residencial;0;0;2;1;0;0;1;0;0;0;0;0;-3,752508000000000;-38,545070000000000
247963;14;1;2015;20:50;0;AV JOSE BASTOS;;;5073;;Colis?úo Traseira;Via Iluminada;Bom;Seca;Meio de Quadra;N?úo H?í Controle;Comercial;0;1;1;0;0;0;0;0;0;0;0;0;-3,757505000000000;-38,561685000000000
247964;14;1;2015;09:35;0;AV WENEFRIDO MELO;;;394;;Colis?úo Traseira;Luz do Dia;Bom;Seca;Meio de Quadra;N?úo H?í Controle;Residencial;0;0;2;0;0;0;1;0;0;0;0;0;-3,811098000000000;-38,575476000000000
247965;14;1;2015;15:00;0;AV ALM MAXIMIANO DA FONSECA;;;956;;Colis?úo Traseira;Luz do Dia;Bom;Seca;Meio de Quadra;;;0;0;2;1;0;0;0;0;0;0;0;0;;
247966;14;1;2015;15:30;0;RUA MAL LOTT;;;184;;Colis?úo Traseira;Via Iluminada;Bom;Seca;;;;0;0;3;1;0;0;0;0;0;0;0;0;;
247967;14;1;2015;16:00;19764;RUA DOM MANUEL DE MEDEIROS;RUA DOM JOSE LOURENCO  D27;;0;;Colis?úo Transversal;Luz do Dia;;;Cruz;Pare;Residencial;0;0;2;1;0;0;0;0;0;0;0;0;-3,738059000000000;-38,559052000000000
247968;14;1;2015;17:40;0;RUA BERNARDO MANUEL;;;7770;;Colis?úo Lateral;Via Iluminada;Bom;Seca;Meio de Quadra;N?úo H?í Controle;Residencial;0;0;2;1;1;0;0;0;0;0;0;0;-3,786101000000000;-38,547531000000000
247969;14;1;2015;20:45;340;RUA CESAR FONTENELE;RUA DOM JOSE LOURENCO  D27;;0;;Colis?úo Transversal;Via Iluminada;Bom;Seca;Cruz;Pare;Residencial;1;0;1;0;1;0;0;0;0;1;0;0;-3,745892000000000;-38,557429000000000
247971;14;1;2015;00:30;9176;AV AGUANAMBI;AV EDUARDO GIRAO;;0;;Colis?úo Transversal;Via Iluminada;Bom;Seca;Rotat??ria;N?úo H?í Controle;Comercial;0;0;2;1;0;0;0;0;0;0;0;0;-3,755303000000000;-38,523639000000000
247972;14;1;2015;14:20;15360;AV DES MOREIRA;AV DOM LUIS;;0;;Colis?úo Lateral;;Bom;;Rotat??ria;;Comercial;0;0;2;0;1;0;0;0;0;0;0;0;-3,733239000000000;-38,497383000000000
247973;14;1;2015;11:30;0;RUA ALBERTO MAGNO;;;1580;;Colis?úo Traseira;Luz do Dia;Bom;Seca;Meio de Quadra;N?úo H?í Controle;Comercial;0;0;2;1;0;0;0;0;0;0;0;0;-3,767889000000000;-38,552367000000000
247975;14;1;2015;10:40;0;RUA ALVES RIBEIRO;;;111;;Colis?úo Transversal;Luz do Dia;Bom;Seca;Meio de Quadra;N?úo H?í Controle;Residencial;0;1;1;1;0;0;0;0;0;1;0;0;-3,821111000000000;-38,496819000000000
247976;14;1;2015;10:10;0;RUA FLORIANO PEIXOTO;;;458;;Colis?úo Traseira;Luz do Dia;Bom;Seca;Meio de Quadra;N?úo H?í Controle;Comercial;0;0;2;1;0;0;0;0;0;0;0;0;-3,726520000000000;-38,526869000000000
247977;14;1;2015;10:40;11932;AV PRS COSTA E SILVA;AV CASTELO DE CASTRO;;0;;Colis?úo Traseira;Luz do Dia;Bom;Seca;Cruz;Sem?íforo;Rural;0;0;2;1;0;0;1;0;0;0;0;0;-3,829012000000000;-38,521435000000000
247978;14;1;2015;19:30;5627;AV JOSE LEON;AV ROGACIANO LEITE;;0;;Colis?úo Lateral;Via Iluminada;Bom;Seca;Cruz;Sem?íforo;Residencial;0;1;1;0;0;0;1;0;0;1;0;0;-3,787355000000000;-38,503527000000000
247979;14;1;2015;17:08;0;AV GAL MURILO BORGES;AV ROGACIANO LEITE;;0;;Colis?úo Traseira;Anoitecer;Bom;Seca;Meio de Quadra;;;0;1;1;1;0;0;0;0;0;1;0;0;;
247980;14;1;2015;15:00;5279;RUA COSTA BARROS;RUA NOGUEIRA ACIOLI;;0;;Colis?úo Lateral;Luz do Dia;Bom;Seca;Cruz;Pare;Comercial;0;0;2;1;0;0;0;0;0;0;0;0;-3,728753000000000;-38,516481000000000
259978;14;1;2015;01:58;8009;RUA DELMIRO FARIAS;RUA CARLOS CAMARA;;0;;Colis?úo;;;;Cruz;Pare;Comercial;0;1;1;1;0;0;0;0;0;1;0;0;-3,751026000000000;-38,546680000000000
259979;14;1;2015;04:55;0;AV GODOFREDO MACIEL;;;0;;Colis?úo;;;;Meio de Quadra;;;0;1;1;1;0;0;0;0;0;1;0;0;-3,820657000000000;-38,577589000000000
259980;14;1;2015;07:34;0;RUA DR JOAQUIM BENTO;;;0;;Queda;Luz do Dia;;;Meio de Quadra;;;0;1;0;0;0;0;0;0;0;1;0;0;;
259982;14;1;2015;07:59;0;RUA URUCUTUBA;;;0;;Colis?úo;Luz do Dia;;;Meio de Quadra;;;0;1;1;1;0;0;0;0;0;1;0;0;-3,798593000000000;-38,614768000000000
259984;14;1;2015;11:44;0;AV DES MOREIRA;;;0;;Atropelamento;Luz do Dia;;;Meio de Quadra;;;0;1;1;0;0;0;0;0;0;1;0;0;;
259987;14;1;2015;19:37;0;AV GODOFREDO MACIEL;;;0;;Queda;;;;Meio de Quadra;;;0;1;0;0;0;0;0;0;0;1;0;0;-3,820657000000000;-38,577589000000000
259991;14;1;2015;20:31;0;AV JOR THOMAZ COELHO;;;0;;Atropelamento;;;;Meio de Quadra;;;0;1;1;1;0;0;0;0;0;0;0;0;;
259992;14;1;2015;20:54;0;RUA DR JOSE LOURENCO;;;0;;Colis?úo;;;;Meio de Quadra;;;0;1;1;0;0;0;0;0;0;0;0;0;;
259989;14;1;2015;20:29;0;AV WASHINGTON SOARES;;;0;;Colis?úo;;;;Meio de Quadra;;;0;1;1;0;0;0;0;0;0;0;0;0;;
259995;15;1;2015;11:33;0;RUA DES FRANCISCO BARROS FONTENELE;;;0;;Colis?úo;Luz do Dia;;;Meio de Quadra;;;0;1;1;1;0;0;0;0;0;1;0;0;;
259996;15;1;2015;12:40;0;AV SEN FERNANDES TAVORA;;;0;;Colis?úo;Luz do Dia;;;Meio de Quadra;;;0;1;1;1;0;0;0;0;0;1;0;0;;
259993;15;1;2015;07:07;0;RUA MARIO A ARARIPE;;;0;;Colis?úo;Luz do Dia;;;Meio de Quadra;;;0;1;1;1;0;0;0;0;0;1;0;0;;
260001;15;1;2015;18:02;0;AV DR SILAS MUNGUBA;;;0;;Colis?úo;Anoitecer;;;Meio de Quadra;;;0;1;1;1;0;0;0;0;0;1;0;0;-3,785332000000000;-38,552153000000000
248314;15;1;2015;19:18;23435;RUA MON SALAZAR;RUA FIS VIEIRA;;0;;Colis?úo Lateral;Anoitecer;Bom;Seca;Cruz;Pare;Comercial;0;0;2;1;0;0;0;0;0;0;0;0;-3,756255000000000;-38,515394000000000
248315;15;1;2015;15:20;7762;AV ANTONIO SALES;RUA NUNES VALENTE;;0;;Colis?úo Transversal;Luz do Dia;Bom;Seca;Cruz;Pare;Residencial;0;0;2;1;0;0;0;0;0;0;0;0;-3,744237000000000;-38,506314000000000
248316;15;1;2015;12:30;15238;RUA TEN BENEVOLO;RUA BAR ARACATI;;0;;Colis?úo Transversal;Luz do Dia;Bom;Seca;Cruz;Pare;Comercial;0;1;1;1;0;0;0;0;0;1;0;0;-3,727628000000000;-38,510266000000000
248317;15;1;2015;11:00;1441;AV SANTOS DUMONT;RUA PRO DIAS DA ROCHA;;0;;Colis?úo Transversal;Luz do Dia;Bom;Seca;Cruz;Pare;Comercial;0;0;2;1;0;0;0;0;0;0;0;0;-3,738113000000000;-38,492502000000000
262015;15;1;2015;08:39;19375;RUA CON DE CASTRO;RUA NAPOLEAO QUEZADO;;0;;Colis?úo;Luz do Dia;;;Cruz;Pare;Misto;0;0;2;0;0;0;0;0;0;0;0;0;-3,777706000000000;-38,566777000000000
262013;15;1;2015;08:34;7897;RUA HENRIQUETA GALENO;RUA MON CATAO;;0;;Colis?úo;Luz do Dia;;;Cruz;N?úo H?í Controle;Comercial;0;0;2;0;0;0;0;0;0;0;0;0;-3,747287000000000;-38,493338000000000
262027;15;1;2015;11:02;0;AV GAL OSORIO DE PAIVA;;;4545;;Colis?úo;Luz do Dia;;;Meio de Quadra;;;0;0;2;0;0;0;0;0;0;0;0;0;-3,798239000000000;-38,595764000000000
262091;15;1;2015;14:17;0;RUA JUVENTUDE;;;0;;Colis?úo;Luz do Dia;;;Meio de Quadra;;;0;0;2;0;0;0;0;0;0;0;0;0;;
262092;15;1;2015;16:42;9111;AV EDUARDO GIRAO;RUA DEP OSWALDO STUDART;;0;;Colis?úo;Luz do Dia;;;Cruz;Outros;;0;0;2;0;0;0;0;0;0;0;0;0;-3,755323000000000;-38,529775000000000
262097;15;1;2015;17:13;0;AV JOR THOMAZ COELHO;;;1034;;Colis?úo;Anoitecer;;;Meio de Quadra;;;0;0;2;0;0;0;0;0;0;0;0;0;;
262098;15;1;2015;17:26;0;AV CASTELO DE CASTRO;;;1126;;Colis?úo;Anoitecer;;;Meio de Quadra;;;0;0;2;0;0;0;0;0;0;0;0;0;-3,838891000000000;-38,521746000000000
262104;15;1;2015;17:34;9170;RUA GAL SILVA JUNIOR;AV EDUARDO GIRAO;;0;;Colis?úo;Anoitecer;;;Cruz;Sem?íforo;Comercial;0;0;2;0;0;0;0;0;0;0;0;0;-3,754309000000000;-38,530785000000000
262109;15;1;2015;18:03;5209;RUA JOAO CORDEIRO;RUA TEN BENEVOLO;;0;;Colis?úo;Anoitecer;;;Cruz;;Residencial;0;0;2;0;0;0;0;0;0;0;0;0;-3,726514000000000;-38,513424000000000
262115;15;1;2015;18:35;0;AV BAR STUDART;;;0;;Colis?úo;;;;Meio de Quadra;;;0;0;2;0;0;0;0;0;0;0;0;0;;
248423;15;1;2015;07:20;0;RUA PERNAMBUCO;;;1961;;Colis?úo Traseira;Luz do Dia;Bom;Seca;Meio de Quadra;N?úo H?í Controle;Residencial;0;0;2;1;0;0;0;0;0;0;0;0;-3,755028000000000;-38,574710000000000
248424;15;1;2015;15:45;0;AV PONTES VIEIRA;;;1599;;Colis?úo Traseira;Luz do Dia;Bom;Seca;Meio de Quadra;N?úo H?í Controle;Comercial;0;0;2;1;0;0;0;0;0;0;0;0;-3,751905000000000;-38,506546000000000
248421;15;1;2015;07:55;0;RUA CONDE D??EU;;;521;;Colis?úo Lateral;Luz do Dia;Bom;Seca;Meio de Quadra;;Comercial;0;0;2;1;0;0;0;0;0;0;0;0;-3,725525000000000;-38,525464000000000
248394;15;1;2015;18:39;0;RUA CEL FRANCISCO PEREIRA (MESSEJANA);;;30;;Colis?úo Lateral;Via Iluminada;Bom;Seca;Meio de Quadra;N?úo H?í Controle;Residencial;0;1;1;1;0;0;0;0;0;1;0;0;-3,829206000000000;-38,492577000000000
248395;15;1;2015;17:00;5300;RUA PEDRO PEREIRA;RUA BAR RIO BRANCO;;0;;Colis?úo Transversal;Luz do Dia;Bom;Seca;Cruz;Sem?íforo;Comercial;0;0;2;1;0;0;0;0;0;0;0;0;-3,729457000000000;-38,529219000000000
248396;15;1;2015;07:30;22726;RUA EUCLIDES O DE SOUSA;RUA MARIO ALENCAR ARARIPE;;0;;Colis?úo Lateral;Luz do Dia;Bom;Seca;Cruz;Pare;Residencial;0;1;1;1;0;0;0;0;0;1;0;0;-3,798084000000000;-38,478038000000000
248398;15;1;2015;18:04;0;RUA POMPILIO GOMES;;;1126;;Colis?úo Transversal;Anoitecer;Bom;Seca;Meio de Quadra;N?úo H?í Controle;Residencial;0;0;2;0;0;0;1;0;0;0;0;0;-3,821786000000000;-38,521131000000000
248399;15;1;2015;12:40;17822;RUA 2 PLANALTO ITAPERI;RUA 12 PLANALTO ITAPERI;;0;;Colis?úo Transversal;Luz do Dia;Bom;Seca;Cruz;Outros;Residencial;0;1;1;0;0;0;0;0;0;1;0;0;-3,809795000000000;-38,553056000000000
248403;15;1;2015;09:00;0;RUA CEL DIONISIO ALENCAR;RUA PERGENTINO MAIA;;0;;Colis?úo Traseira;Luz do Dia;Bom;Seca;;;;0;0;2;1;1;0;0;0;0;0;0;0;;
248406;15;1;2015;14:10;26189;AV JOSE LEON;RUA 4 UI 307;;0;;Colis?úo Lateral;Luz do Dia;Bom;Seca;Cruz;Pare;Residencial;0;1;1;1;0;0;0;0;0;1;0;0;;
248408;15;1;2015;12:50;7782;RUA OSVALDO CRUZ (ALDEOTA);RUA JULIO SIQUEIRA;;0;;Colis?úo Lateral;Luz do Dia;Bom;Seca;Cruz;Pare;Residencial;0;0;2;1;0;0;0;0;0;0;0;0;-3,750740000000000;-38,505200000000000
248412;15;1;2015;07:00;22886;RUA BERNARDO MANUEL;RUA INACIO PARENTE;;0;;Colis?úo Transversal;Luz do Dia;Bom;Seca;Cruz;Pare;Comercial;0;1;1;0;1;0;0;0;0;1;0;0;-3,781268000000000;-38,546074000000000
248416;15;1;2015;14:10;13372;RUA JOAO BRIGIDO;RUA NOGUEIRA ACIOLI;;0;;Colis?úo Transversal;Luz do Dia;Bom;Seca;Cruz;Sem?íforo;Comercial;0;1;1;0;0;0;1;0;0;1;0;0;-3,739259000000000;-38,520044000000000
248418;15;1;2015;17:33;1288;RUA TIBURCIO CAVALCANTE;RUA MARIA TOMASIA;;0;;Colis?úo;Anoitecer;Bom;Seca;Cruz;Pare;Comercial;0;1;1;1;0;1;0;0;0;0;0;0;-3,733956000000000;-38,501926000000000
247956;15;1;2015;07:15;0;AV CARNEIRO DE MENDONCA;;;895;;Colis?úo Traseira;Luz do Dia;Bom;Seca;Meio de Quadra;Pare;Comercial;0;0;2;1;0;0;0;0;0;0;0;0;-3,763970000000000;-38,567003000000000
248027;15;1;2015;17:30;15246;RUA TEN BENEVOLO;RUA CARLOS VASCONCELOS;;0;;Colis?úo Transversal;Anoitecer;Bom;Seca;Cruz;Sem?íforo;Comercial;0;0;2;1;0;0;0;0;0;0;0;0;-3,727989000000000;-38,509174000000000
248066;15;1;2015;18:00;7762;AV ANTONIO SALES;RUA NUNES VALENTE;;0;;Colis?úo Transversal;Via Iluminada;Bom;Seca;Cruz;Pare;Comercial;0;0;2;1;0;0;0;0;1;0;0;0;-3,744237000000000;-38,506314000000000
248058;15;1;2015;19:10;7926;AV ANTONIO SALES;RUA BARBOSA DE FREITAS;;0;;Colis?úo Traseira;Via Iluminada;Bom;Seca;Cruz;Sem?íforo;Misto;0;0;2;1;0;0;0;0;0;0;0;0;-3,746051000000000;-38,500407000000000
258977;15;1;2015;20:10;0;RD CE-040;;;0;KM-01;Choque c/ Obst?ículo Fixo;;;Seca;Meio de Quadra;;;0;0;1;1;0;0;0;0;0;0;0;0;-3,754877000000000;-38,483270000000000
258961;15;1;2015;15:15;0;RD CE-040;;;0;KM-04;Colis?úo;Luz do Dia;;Seca;Meio de Quadra;;;0;0;2;1;0;0;1;0;0;0;0;0;-3,792050000000000;-38,480251000000000
258975;15;1;2015;17:50;0;RD CE-040;;;0;KM-06;Colis?úo;Anoitecer;;Seca;Meio de Quadra;;;0;0;2;0;1;0;0;0;0;0;0;0;-3,811270000000000;-38,478781000000000
258754;15;1;2015;22:43;0;RUA URUCUTUBA;;;0;;Atropelamento;;;;Meio de Quadra;;;0;0;2;0;0;0;0;0;0;0;0;0;;
258755;15;1;2015;23:06;0;AV MAE LISBOA;;;2181;MADEIREIRA COMPASSO;Atropelamento;;;;Meio de Quadra;;;0;1;1;1;0;0;0;0;0;0;0;0;-3,807415000000000;-38,460257000000000
258738;15;1;2015;20:42;0;AV RAD JOSE LIMA VERDE;;;537;;Colis?úo;;;;Meio de Quadra;;;0;1;1;0;0;0;0;0;0;1;0;0;-3,696108000000000;-38,586383000000000
258723;15;1;2015;23:08;0;RUA JURANDIR L ALENCAR;;;0;;Colis?úo;;;;Meio de Quadra;;;0;0;2;1;0;0;0;0;0;1;0;0;;
254125;15;1;2015;20:13;0;RUA OSCAR ARARIPE;;;0;;Colis?úo;;;;Meio de Quadra;;;0;0;3;1;0;0;0;0;0;0;0;0;;
262121;15;1;2015;19:18;0;RUA SEN POMPEU;;;2324;;Colis?úo;;;;Meio de Quadra;;;0;0;2;0;0;0;0;0;0;0;0;0;-3,738874000000000;-38,533249000000000
262129;15;1;2015;20:00;19328;RUA CON DE CASTRO;RUA EDUARDO PERDIGAO;;0;;Colis?úo Transversal;Via Iluminada;Bom;Seca;Cruz;Pare;Comercial;0;0;2;1;0;0;0;0;0;0;0;0;-3,775579000000000;-38,564769000000000
262126;15;1;2015;20:25;0;RUA TEN JURANDIR ALENCAR;;;0;;Colis?úo;;;;Meio de Quadra;;;0;0;2;0;0;0;0;0;0;0;0;0;;
262197;15;1;2015;23:26;0;AV SEN FERNANDES TAVORA;;;3256;;Colis?úo;;;;Meio de Quadra;;;0;0;2;0;0;0;0;0;0;0;0;0;;
256899;15;1;2015;08:27;0;RUA EDUARDO BEZERRA;;;944;;Colis?úo;Luz do Dia;;;Meio de Quadra;;;0;1;0;1;0;0;0;0;0;0;0;0;-3,753660000000000;-38,511911000000000
256901;15;1;2015;13:45;10182;RUA JOAO VINTE TRES;RUA TRES CORACOES;;0;;Colis?úo;Luz do Dia;;;;;;0;1;0;1;0;0;0;0;0;0;0;0;-3,785028000000000;-38,609145000000000
256904;15;1;2015;15:15;0;AV PLACIDO CASTELO;;;419;;Colis?úo;Luz do Dia;;;Meio de Quadra;;;0;1;0;1;0;0;0;0;0;1;0;0;-3,783545000000000;-38,508314000000000
258580;15;1;2015;00:51;0;AV AGUANAMBI;;;0;ROTAT?ôRIA;Colis?úo;;;;Meio de Quadra;;;0;0;2;1;0;0;1;0;0;0;0;0;-3,755538000000000;-38,523043000000000
258581;15;1;2015;04:43;25130;RUA MARIA TOMASIA;RUA FRE MANSUETO;;0;;Colis?úo;;;;Cruz;;Comercial;0;0;2;1;0;0;0;0;0;0;0;0;;
258577;15;1;2015;00:09;15290;RUA JOAQUIM NABUCO;RUA CANUTO DE AGUIAR;;0;;Colis?úo;;;;Cruz;Pare;Residencial;0;0;2;1;0;0;0;0;0;0;0;0;-3,729360000000000;-38,499390000000000
258578;15;1;2015;00:16;0;AV BENJAMIM BARROSO;;;100;;Colis?úo;;;;Meio de Quadra;;;0;0;2;1;1;0;0;0;0;0;0;0;-3,726058000000000;-38,549811000000000
258583;15;1;2015;06:37;0;AV SGT HERMINIO SAMPAIO;;;3552;;Colis?úo;Luz do Dia;;;Meio de Quadra;;;0;1;1;1;0;0;0;0;0;1;0;0;-3,728743000000000;-38,572259000000000
258584;15;1;2015;09:57;0;AV PRS CASTELO BRANCO;;;240;SANTA CASA;Colis?úo;Luz do Dia;;;Meio de Quadra;;;0;0;2;0;0;1;0;0;0;1;0;0;-3,721258000000000;-38,527292000000000
258585;15;1;2015;10:36;1305;RUA MARIA TOMASIA;RUA OSVALDO CRUZ (ALDEOTA);;0;;Colis?úo;Luz do Dia;;;Cruz;Pare;Comercial;0;0;2;1;0;0;0;0;0;0;0;0;-3,734580000000000;-38,499989000000000
258586;15;1;2015;10:58;18298;AV ALM BARROSO;RUA CARIRIS;;0;;Colis?úo;Luz do Dia;;;Cruz;Sem?íforo;Residencial;0;0;2;1;0;0;0;0;0;0;0;0;-3,720485000000000;-38,517341000000000
258587;15;1;2015;11:20;13771;AV PINTO BANDEIRA D56;RUA LUIZA MIRANDA COELHO;;0;;Colis?úo;Luz do Dia;;;Cruz;Pare;Residencial;0;0;2;1;0;0;0;0;0;0;0;0;-3,774929000000000;-38,487283000000000
258597;15;1;2015;12:03;0;RUA INGLATERRA;;;411;;Atropelamento;Luz do Dia;;;Meio de Quadra;;;0;0;2;0;0;0;0;0;0;1;0;0;-3,783422000000000;-38,559895000000000
258603;15;1;2015;12:54;0;AV TRISTAO GONCALVES;;;1461;;Colis?úo;Luz do Dia;;;Meio de Quadra;;;0;2;0;0;0;0;0;0;0;1;0;0;-3,734715000000000;-38,535484000000000
258600;15;1;2015;12:16;0;AV ENG SANTANA JUNIOR;;;1185;;Colis?úo;Luz do Dia;;;Meio de Quadra;;;0;0;2;0;0;0;1;0;0;1;0;0;-3,737752000000000;-38,483392000000000
258607;15;1;2015;13:20;5394;AV TRISTAO GONCALVES;RUA METON DE ALENCAR;;0;;Colis?úo;Luz do Dia;;;Cruz;Sem?íforo;Comercial;0;0;2;0;0;0;0;0;0;0;0;0;-3,732327000000000;-38,534777000000000
258610;15;1;2015;13:49;18152;AV DIOGUINHO;RUA ANTONIO A RODRIGUES;;0;;Colis?úo;Luz do Dia;;;T;N?úo H?í Controle;Outros;0;1;1;1;0;0;0;0;0;0;0;0;-3,750040000000000;-38,448803000000000
258612;15;1;2015;13:51;0;RUA ARNALDO OSORIO;;;4545;;Colis?úo;Luz do Dia;;;Meio de Quadra;;;0;0;2;1;0;0;0;0;0;0;0;0;;
258617;15;1;2015;14:18;6745;RUA BENTO ALBUQUERQUE;RUA PRO OTAVIO LOBO;;0;;Engavetamento;Luz do Dia;;;Cruz;Sem?íforo;Residencial;0;0;3;1;0;0;1;0;0;0;0;0;-3,745035000000000;-38,479196000000000
258621;15;1;2015;14:24;0;RUA MARIA QUINTINO;;;930;;Colis?úo;Luz do Dia;;;Meio de Quadra;;;0;0;2;0;0;1;0;0;0;1;0;0;;
258624;15;1;2015;14:58;7948;AV PONTES VIEIRA;RUA JOAQUIM NABUCO;;0;;Colis?úo;Luz do Dia;;;Cruz;Sem?íforo Intermitente;Comercial;0;0;2;1;0;0;0;0;0;0;0;0;-3,751917000000000;-38,506628000000000
258632;15;1;2015;16:20;0;RUA JOAO FIRMINO;;;310;;Colis?úo;Luz do Dia;;;Meio de Quadra;;;0;0;2;1;0;0;0;0;0;0;0;0;-3,761567000000000;-38,553195000000000
258650;15;1;2015;17:12;0;RUA JUVENTUDE;;;0;;Colis?úo;Anoitecer;;;Meio de Quadra;;;0;0;2;1;0;0;0;0;0;0;0;0;;
258651;15;1;2015;18:30;13602;AV ROGACIANO LEITE;AV GAL MURILO BORGES;;0;;Colis?úo;Anoitecer;;;;;;0;0;2;1;0;0;1;0;0;0;0;0;-3,767788000000000;-38,496968000000000
258652;15;1;2015;19:01;11668;RUA PRO HERIBALDO COSTA;RUA CACILDA BECKER;;0;;Colis?úo;;;;Cruz;Pare;Residencial;0;0;2;1;0;0;0;0;0;0;0;0;-3,770715000000000;-38,589464000000000
258653;15;1;2015;16:10;0;AV PRO GOMES DE MATOS;;;1368;;;Luz do Dia;;;Meio de Quadra;;;0;0;2;1;1;0;0;0;0;0;0;0;-3,764172000000000;-38,548214000000000
258654;15;1;2015;19:03;3868;RUA SEN POMPEU;RUA JOAQUIM MAGALHAES;;0;;Colis?úo;;;;Cruz;N?úo H?í Controle;Comercial;0;1;1;1;0;0;0;0;0;1;0;0;-3,738281000000000;-38,533066000000000
248084;15;1;2015;19:45;15233;RUA JULIO IBIAPINA;RUA JUAZEIRO DO NORTE;;0;;Colis?úo Lateral;Via Iluminada;Bom;Seca;Cruz;Pare;Comercial;0;0;1;1;0;0;0;0;0;0;0;0;-3,727527000000000;-38,491155000000000
248100;15;1;2015;10:15;25121;RUA FIRMINO ROCHA AGUIAR;RUA ELISEU UCHOA BECCO;;0;;Colis?úo Transversal;Luz do Dia;Bom;Seca;Cruz;Outros;Residencial;0;0;2;1;1;0;0;0;0;0;0;0;-3,763391000000000;-38,486120000000000
258688;15;1;2015;18:00;0;AV MAE LISBOA;;;4084;;Colis?úo;Anoitecer;;;Meio de Quadra;;;0;0;2;1;0;0;0;0;0;1;0;0;;
258706;15;1;2015;21:33;0;AV BAR STUDART;;;2237;;Colis?úo;;;;Meio de Quadra;;;0;0;2;0;1;0;0;0;0;0;0;0;-3,743209000000000;-38,509352000000000
258707;15;1;2015;21:33;22297;AV BEZERRA DE MENEZES;RUA PDE ANCHIETA;;0;;Choque c/ Obst?ículo Fixo;;;;Cruz;Sem?íforo;Comercial;0;0;1;0;0;0;0;0;0;1;0;0;-3,733155000000000;-38,552298000000000
258708;15;1;2015;18:45;0;AV PRS JUSCELINO KUBITSCHEK (PASSAR?ë);;;4500;SARA KUBSTSCHEK;Colis?úo;;;;Meio de Quadra;;;0;0;2;1;0;0;0;0;0;1;0;0;-3,818562000000000;-38,533326000000000
258709;15;1;2015;19:28;10072;RUA CEL FABRICIANO;RUA CEL VIRGILIO NOGUEIRA (BOM JARDIM);;0;;Atropelamento;;;;;;;0;0;2;0;0;0;0;0;0;0;0;0;-3,783041000000000;-38,606869000000000
258690;15;1;2015;20:49;0;AV GODOFREDO MACIEL;;;4810;;Colis?úo;;;;Meio de Quadra;;;0;1;1;1;0;0;0;0;0;1;0;0;-3,817769000000000;-38,575005000000000
258703;15;1;2015;18:02;2469;RUA ALBERTO DE OLIVEIRA;AV 20 DE JANEIRO;;0;;Colis?úo;Anoitecer;;;Cruz;Pare;Misto;0;2;1;1;0;0;0;0;0;1;0;0;-3,708286000000000;-38,575648000000000