COD_ACIDENTE;DIA;MES;ANO;HORA;INTERSECAO;LOG1;LOG2;LOG3;NUMERO;REFERENCIA;NATUREZA;ILUMINACAO;TEMPO;SUPERFICIEPISTA;TIPOCRUZAMENTO;CONTROLETRAFEGO;USOSOLO;MORTOS;FERIDOS;ILESOS;AUTOMOVEL;ONIBUS;BICICLETA;CAMINHAO;MICROONIBUS;CICLOMOTOR;MOTOCICLETA;TRACAOANIMAL;TREM;LATITUDE;LONGITUDE
258704;15;1;2015;18:23;0;RUA CON DE CASTRO;;;5427;;Colis?úo;Anoitecer;;;Meio de Quadra;;;0;1;1;1;0;0;0;0;0;1;0;0;-3,810142000000000;-38,596327000000000
258700;15;1;2015;18:26;5328;AV DUQ CAXIAS;AV TRISTAO GONCALVES;;0;;Colis?úo;Anoitecer;;;Cruz;Sem?íforo;Comercial;0;0;2;1;0;0;0;0;0;1;0;0;-3,730400000000000;-38,534196000000000
258716;15;1;2015;23:03;10638;RUA PAULO R PINHEIRO;AV WASHINGTON SOARES;;0;;Colis?úo;;;;T;Pare;Comercial;0;0;2;1;0;0;0;0;0;0;0;0;-3,757606000000000;-38,488829000000000
258714;15;1;2015;22:40;5675;RUA CHICO LEMOS;RUA ALICE;;0;;Colis?úo;;;;Cruz;Pare;Residencial;0;0;2;1;0;0;0;0;0;0;0;0;-3,790026000000000;-38,499726000000000
258628;15;1;2015;15:57;0;AV PDE ANTONIO TOMAS;;;75;;Colis?úo;Luz do Dia;;;Meio de Quadra;;;0;0;2;1;0;0;0;0;0;0;0;0;-3,739196000000000;-38,502649000000000
258629;15;1;2015;16:03;0;AV SGT HERMINIO SAMPAIO;;;0;;Colis?úo;Luz do Dia;;;Meio de Quadra;;;0;0;2;0;0;0;0;0;0;0;0;0;;
258667;15;1;2015;16:17;9127;AV 13 DE MAIO;RUA ASSUNCAO;;0;;Colis?úo;Luz do Dia;;;T;Pare;Comercial;0;0;2;1;0;0;0;0;0;0;0;0;-3,746449000000000;-38,532687000000000
258670;15;1;2015;19:16;15887;RUA CARLOTA R DA CUNHA (L.CAVALCANTE);RUA CEL GUILHERME ALENCAR;;0;;Colis?úo;;;;;;;0;0;2;1;0;0;0;0;0;0;0;0;-3,835399000000000;-38,492676000000000
258671;15;1;2015;16:37;0;AV ROGACIANO LEITE;;;3065;;Colis?úo;Luz do Dia;;;Meio de Quadra;;;0;0;2;1;0;0;0;0;0;1;0;0;-3,786257000000000;-38,503177000000000
258672;15;1;2015;16:40;0;AV OLIVEIRA PAIVA;;;530;;Colis?úo;Luz do Dia;;;Meio de Quadra;;;0;0;4;1;0;0;0;0;0;0;0;0;;
258675;15;1;2015;19:35;0;AV EDUARDO GIRAO;;;0;;Colis?úo;;;;Meio de Quadra;;;0;0;3;1;0;0;0;0;0;0;0;0;;
258676;15;1;2015;16:51;15423;AV FRE CIRILO;RUA SILVEIRA DA MOTA;;0;;Colis?úo;Luz do Dia;;;Cruz;Pare;Comercial;0;0;2;1;0;0;0;0;0;1;0;0;-3,815944000000000;-38,498012000000000
258677;15;1;2015;19:57;19611;AV GODOFREDO MACIEL;RUA NEREU RAMOS;;0;;Colis?úo;;;;T;Sem?íforo;Comercial;0;0;2;1;0;0;0;0;0;0;0;0;-3,787250000000000;-38,566802000000000
258678;15;1;2015;17:08;0;AV DR THEBERGE;;;1068;;Colis?úo;Anoitecer;;;Meio de Quadra;;;0;0;2;0;0;0;0;0;0;1;0;0;-3,712221000000000;-38,564159000000000
258683;15;1;2015;17:32;0;RUA PESSOA ANTA;;;345;;Colis?úo;Anoitecer;;;Meio de Quadra;;;0;0;2;0;0;0;1;0;0;1;0;0;;
253278;15;1;2015;05:10;0;RD BR 116;;;2000;KM-02;Colis?úo Traseira;Amanhecer;Bom;Seca;Meio de Quadra;N?úo H?í Controle;Comercial;0;0;2;1;1;0;0;0;0;0;0;0;-3,771391000000000;-38,516780000000000
253267;16;1;2015;07:50;0;RD BR 116;;;1000;KM-01;Colis?úo Lateral;Luz do Dia;Bom;Seca;Meio de Quadra;N?úo H?í Controle;Comercial;0;0;2;0;1;0;0;0;0;0;0;0;-3,762554000000000;-38,518702000000000
253421;16;1;2015;16:00;0;RD BR 020;;;0;KM-03;Colis?úo Lateral;Luz do Dia;Bom;Seca;Meio de Quadra;N?úo H?í Controle;Comercial;0;2;1;1;0;0;0;0;0;1;0;0;;
253403;16;1;2015;13:00;0;RD BR 222;;;2000;KM-02;Colis?úo Traseira;Luz do Dia;Bom;Seca;Meio de Quadra;N?úo H?í Controle;Comercial;0;0;3;1;1;0;0;0;0;0;0;0;-3,738951000000000;-38,586880000000000
253348;16;1;2015;15:30;0;RD BR 116;;;14000;KM-14;Queda;Luz do Dia;Bom;Seca;Meio de Quadra;N?úo H?í Controle;Comercial;0;2;0;0;0;0;0;0;0;1;0;0;-3,873523000000000;-38,499242000000000
256908;16;1;2015;14:50;2573;AV FRANCISCO SA;RUA GRACA ARANHA;;0;;Colis?úo;Luz do Dia;;;Cruz;Pare;Residencial;0;1;0;1;0;0;0;0;0;1;0;0;-3,711611000000000;-38,574359000000000
256909;16;1;2015;17:40;25724;RUA NIGERIA;RUA SEBASTIAO DE ABREU (MONDUBIM);;0;;Colis?úo;Anoitecer;;;;;;0;1;0;0;0;0;0;0;0;1;0;0;-3,792931000000000;-38,566905000000000
256912;16;1;2015;18:30;0;AV DR SILAS MUNGUBA;;;5000;;Engavetamento;Anoitecer;;;Meio de Quadra;;;0;1;6;1;0;0;0;0;0;1;0;0;-3,797117000000000;-38,531627000000000
259792;16;1;2015;08:35;5464;AV HERACLITO GRACA;RUA GONCALVES LEDO;;0;;Colis?úo;Luz do Dia;;;T;Pare;Comercial;0;0;2;1;0;0;0;0;0;0;0;0;-3,735774000000000;-38,517456000000000
256809;16;1;2015;13:30;0;AV HERACLITO GRACA;;;0;;Atropelamento;Luz do Dia;Bom;Seca;Meio de Quadra;N?úo H?í Controle;Comercial;0;1;1;1;0;0;0;0;0;0;0;0;;
262687;16;1;2015;13:59;11084;RUA ACAPULCO;RUA PRA HELOISA F LIMA;;0;;Colis?úo;Luz do Dia;;;;;;0;0;2;0;0;0;0;0;0;0;0;0;-3,792251000000000;-38,547171000000000
262716;16;1;2015;10:32;0;AV ALBERTO CRAVEIRO;;;0;;Colis?úo;Luz do Dia;;;Meio de Quadra;;;0;0;2;0;0;0;0;0;0;0;0;0;;
258739;16;1;2015;00:21;0;RUA SEMPREVIVA;;;0;;Atropelamento;;;;Meio de Quadra;;;0;0;2;0;0;0;0;0;0;0;0;0;;
258743;16;1;2015;00:31;577;AV FRANCISCO SA;AV DR THEBERGE;;0;;Queda;;;;Cruz;Sem?íforo;Comercial;0;1;0;0;0;0;0;0;0;1;0;0;-3,714822000000000;-38,565016000000000
258750;16;1;2015;22:02;16082;RUA OLIMPIO NORONHA;RUA JOAO GADELHA;;0;;Colis?úo;;;;;;;0;1;1;0;0;1;0;0;0;1;0;0;-3,811465000000000;-38,562366000000000
258753;16;1;2015;22:12;10300;AV SEN FERNANDES TAVORA;RUA JOSE MENDONCA;;0;;Colis?úo;;;;Cruz;Pare;Comercial;0;0;2;1;0;0;0;0;0;1;0;0;-3,754492000000000;-38,601696000000000
258759;16;1;2015;03:21;0;RUA OSCAR ARARIPE;;;2615;;Colis?úo;;;;Meio de Quadra;;;0;0;2;1;0;0;0;0;0;1;0;0;-3,786501000000000;-38,613874000000000
258748;16;1;2015;00:47;0;RUA JOAO CORDEIRO;;;374;;Colis?úo;;;;Meio de Quadra;;;0;1;1;1;0;0;0;0;0;1;0;0;-3,723457000000000;-38,512458000000000
258764;16;1;2015;03:23;12664;RUA CARNAUBAL;RUA ERETIDES ALENCAR;;0;;Colis?úo;Amanhecer;;;;;;0;0;2;1;0;0;0;0;0;1;0;0;-3,722584000000000;-38,582545000000000
258774;16;1;2015;09:53;0;AV DOS EXPEDICIONARIOS;;;10300;;Colis?úo;Luz do Dia;;;Meio de Quadra;;;0;0;2;1;0;0;0;0;0;1;0;0;-3,809278000000000;-38,554665000000000
258775;16;1;2015;09:57;0;AV PRS CASTELO BRANCO;;;749;PEFOCE;Colis?úo;Luz do Dia;;;Meio de Quadra;;;0;1;1;1;0;0;0;0;0;1;0;0;-3,718066000000000;-38,535806000000000
258776;16;1;2015;10:46;0;AV PRS CASTELO BRANCO;;;2438;;Atropelamento;Luz do Dia;;;Meio de Quadra;;;0;1;1;0;0;0;0;0;0;0;0;0;-3,713383000000000;-38,549693000000000
259066;16;1;2015;14:57;0;RD CE-040;;;0;KM-03;Colis?úo;Luz do Dia;;Seca;Meio de Quadra;;;0;0;2;0;0;0;1;0;0;1;0;0;-3,783185000000000;-38,481014000000000
258990;16;1;2015;13:38;12445;AV SEN FERNANDES TAVORA;TR HELENA DE MARIA;;0;;Colis?úo;Luz do Dia;;;Cruz;Outros;Comercial;0;0;2;1;0;0;0;0;0;0;0;0;-3,766094000000000;-38,574916000000000
258979;16;1;2015;08:00;0;RD CE-040;;;0;;Colis?úo;Luz do Dia;;Seca;Meio de Quadra;;;0;1;1;1;0;0;0;0;0;1;0;0;;
258983;16;1;2015;12:50;0;AV SEN CARLOS JEREISSATI (AEROPORTO);;;0;;Colis?úo;Luz do Dia;;Seca;Meio de Quadra;;;0;0;2;1;0;0;0;0;0;0;0;0;;
258831;16;1;2015;11:49;0;AV GOV RAUL BARBOSA;;;0;;Colis?úo;Luz do Dia;;;Meio de Quadra;;;0;0;3;1;0;0;1;0;0;0;0;0;;
258837;16;1;2015;09:44;8125;RUA BENTO ALBUQUERQUE;RUA MANUEL DE QUEIROZ;;0;;Colis?úo;Luz do Dia;;;Cruz;Pare;Misto;0;1;1;1;0;0;0;0;0;1;0;0;-3,748837000000000;-38,467393000000000
258844;16;1;2015;10:33;5215;RUA PDE MORORO;RUA PEDRO PEREIRA;;0;;Colis?úo;Luz do Dia;;;Cruz;Sem?íforo;Comercial;0;0;2;1;0;0;0;0;0;0;0;0;-3,726667000000000;-38,537843000000000
258845;16;1;2015;11:03;0;AV ALBERTO CRAVEIRO;;;1795;;Colis?úo;Luz do Dia;;;Meio de Quadra;;;0;0;2;1;0;0;0;0;0;1;0;0;-3,795318000000000;-38,518061000000000
258846;16;1;2015;11:28;2205;AV CEL CARVALHO;AV RAD JOSE LIMA VERDE;;0;;Colis?úo;Luz do Dia;;;Y;N?úo H?í Controle;Comercial;0;0;2;0;0;0;1;0;0;0;0;0;-3,703499000000000;-38,591542000000000
258848;16;1;2015;11:29;13267;RUA 60 CJ JOSE WALTER;RUA 87 CJ JOSE WALTER;;0;;Colis?úo;Luz do Dia;;;;;;0;0;2;1;0;0;0;0;0;0;0;0;-3,837280000000000;-38,556629000000000
258849;16;1;2015;13:48;0;RUA 1111 CJ CEARA;;;71;;Queda;Luz do Dia;;;Meio de Quadra;;;0;0;1;0;0;0;0;0;0;1;0;0;-3,764037000000000;-38,613146000000000
258841;16;1;2015;10:38;9952;RUA EMILIO DE MENESES;RUA JOSE TORRES;;0;;Colis?úo;Luz do Dia;;;Cruz;Pare;Comercial;0;1;1;1;0;0;0;0;0;1;0;0;-3,776425000000000;-38,606283000000000
258842;16;1;2015;13:24;0;AV ALBERTO CRAVEIRO;;;2770;CASTELAO;Colis?úo;Luz do Dia;;;Meio de Quadra;;;0;0;2;1;0;0;0;0;0;1;0;0;-3,805335000000000;-38,523255000000000
258852;16;1;2015;11:42;0;RUA DES GOMES PARENTE;;;1227;;Colis?úo;Luz do Dia;;;Meio de Quadra;;;0;0;2;1;0;0;0;0;0;0;0;0;-3,772395000000000;-38,580534000000000
258855;16;1;2015;07:49;743;AV PRS CASTELO BRANCO;AV PASTEUR;;0;;Atropelamento;Luz do Dia;;;Cruz;Sem?íforo;Comercial;0;1;1;0;0;0;0;0;0;1;0;0;-3,711181000000000;-38,558856000000000
258771;16;1;2015;09:39;0;AV IMPERADOR;;;1775;;Colis?úo;Luz do Dia;;;Meio de Quadra;;;0;0;2;1;0;0;0;0;0;0;0;0;-3,737041000000000;-38,537362000000000
258872;16;1;2015;15:09;12954;AV PRS COSTA E SILVA;AV DOS EXPEDICIONARIOS;;0;;Colis?úo;Luz do Dia;;;Cruz;Sem?íforo;Comercial;0;0;2;1;0;0;1;0;0;0;0;0;-3,821079000000000;-38,558276000000000
258876;16;1;2015;18:54;0;AV TRISTAO GONCALVES;;;746;;Colis?úo;;;;Meio de Quadra;;;0;0;2;1;0;0;0;0;0;0;0;0;-3,728303000000000;-38,533557000000000
258877;16;1;2015;19:16;0;AV SEN CARLOS JEREISSATI (AEROPORTO);;;0;;Colis?úo;;;;Meio de Quadra;;;0;0;2;0;0;0;0;0;0;1;0;0;;
258878;16;1;2015;19:54;0;AV JOAO DE ARAUJO LIMA;;;0;;Colis?úo;;;;Meio de Quadra;;;0;0;2;1;0;0;0;0;0;0;0;0;;
258879;16;1;2015;20:38;0;RUA PRO GOMES BRASIL;;;360;;Colis?úo;;;;Meio de Quadra;;;0;1;1;1;0;0;0;0;0;1;0;0;-3,772490000000000;-38,568710000000000
258869;16;1;2015;17:36;0;AV DR THEBERGE;;;1738;;Colis?úo;Anoitecer;;;Meio de Quadra;;;0;1;1;1;0;0;0;0;0;1;0;0;-3,716936000000000;-38,565711000000000
258898;16;1;2015;21:36;0;RUA PERNAMBUCO;;;1891;UFC;Colis?úo;;;;Meio de Quadra;;;0;0;2;1;0;0;0;0;0;1;0;0;-3,755450000000000;-38,574317000000000
258899;16;1;2015;22:57;0;AV 13 DE MAIO;;;0;;Colis?úo;;;;Meio de Quadra;;;0;0;2;1;0;0;0;0;0;0;0;0;;
258900;16;1;2015;23:01;0;AV ROGACIANO LEITE;;;2007;;Colis?úo;;;;Meio de Quadra;;;0;0;2;1;0;0;0;0;0;1;0;0;-3,772359000000000;-38,498646000000000
258902;16;1;2015;21:17;0;RUA RUBIA SAMPAIO;;;1468;;Atropelamento;;;;Meio de Quadra;;;0;0;2;0;0;0;0;0;0;1;0;0;;
258903;16;1;2015;22:11;0;RUA SEIXAS CORREIA;;;380;;Colis?úo;;;;Meio de Quadra;;;0;0;2;1;0;0;0;0;0;0;0;0;-3,779709000000000;-38,577976000000000
258904;16;1;2015;22:16;0;RUA AMELIA CONDE;;;1018;;Atropelamento;;;;Meio de Quadra;;;0;0;2;1;0;0;0;0;0;0;0;0;;
247981;16;1;2015;17:45;0;AV ENG HUMBERTO MONTE;RUA GOIAS;;958;;Colis?úo Traseira;Via Iluminada;Bom;Seca;;;;0;0;2;1;0;0;0;0;0;0;0;0;-3,750441000000000;-38,559463000000000
247982;16;1;2015;15:00;0;RUA MON HIPOLITO BRASIL;;;1381;;Atropelamento;Luz do Dia;Bom;Seca;Meio de Quadra;;;1;0;1;0;1;0;0;0;0;0;0;0;-3,755990000000000;-38,584306000000000
247983;16;1;2015;08:00;0;AV DOS EXPEDICIONARIOS;;;10300;;Colis?úo Traseira;Luz do Dia;Bom;Seca;Meio de Quadra;N?úo H?í Controle;Residencial;0;1;1;0;0;0;0;0;0;1;0;0;-3,809278000000000;-38,554665000000000
247984;16;1;2015;13:10;3863;AV 13 DE MAIO;RUA SEN POMPEU;;0;;Colis?úo Traseira;Luz do Dia;Bom;Seca;Rotat??ria;Sem?íforo;Comercial;0;0;2;1;0;0;0;0;0;0;0;0;-3,744515000000000;-38,534969000000000
247985;16;1;2015;17:00;5099;AV TRISTAO GONCALVES;RUA SEN ALENCAR;;0;;Colis?úo Transversal;;Bom;Seca;Cruz;N?úo H?í Controle;Comercial;0;1;1;1;0;0;0;0;0;1;0;0;-3,723524000000000;-38,532122000000000
247986;16;1;2015;13:00;0;RUA JULIO ABREU;;;0;;Colis?úo Transversal;Luz do Dia;Bom;Seca;;;;0;0;2;1;0;0;0;0;0;0;0;0;;
247987;16;1;2015;22:24;12364;AV CARNEIRO DE MENDONCA;RUA GUARANI D35 (JOAO XXIII);;0;;Colis?úo Lateral;Via Iluminada;Bom;Seca;Cruz;Pare;Residencial;0;1;1;1;0;0;0;0;0;1;0;0;-3,758759000000000;-38,577321000000000
247988;16;1;2015;17:30;10791;RUA PORTO VELHO;RUA NATAL;;0;;Colis?úo Transversal;Luz do Dia;Bom;Seca;Cruz;N?úo H?í Controle;Residencial;0;1;1;0;0;0;1;0;0;1;0;0;-3,762901000000000;-38,592785000000000
247989;16;1;2015;08:00;0;AV GAL OSORIO DE PAIVA;;;1211;;Colis?úo Traseira;Luz do Dia;Bom;Seca;Meio de Quadra;N?úo H?í Controle;Comercial;0;3;0;1;0;0;0;0;0;1;0;0;-3,779447000000000;-38,572551000000000
247990;16;1;2015;05:00;0;AV GODOFREDO MACIEL;;;21;;Choque c/ Obst?ículo Fixo;Amanhecer;Bom;Seca;Meio de Quadra;N?úo H?í Controle;Comercial;1;0;0;0;0;0;0;0;0;1;0;0;;
247991;16;1;2015;09:00;0;RUA CARLOS VASCONCELOS;;;645;;Colis?úo Lateral;Luz do Dia;Bom;Seca;Meio de Quadra;N?úo H?í Controle;Residencial;0;0;2;1;0;0;1;0;0;0;0;0;-3,727725000000000;-38,509092000000000
247992;16;1;2015;17:30;0;AV ALM MAXIMIANO DA FONSECA;;;1395;;Colis?úo Traseira;Anoitecer;Bom;Seca;Meio de Quadra;N?úo H?í Controle;Comercial;0;0;3;1;1;0;0;0;0;0;0;0;-3,771600000000000;-38,484045000000000
247993;16;1;2015;10:50;9222;RUA GAL SILVA JUNIOR;RUA GRACILIANO RAMOS;;0;;Colis?úo Transversal;Luz do Dia;Bom;Seca;Cruz;Pare;Residencial;0;0;2;1;0;0;0;0;0;0;0;0;-3,753567000000000;-38,530158000000000
247994;16;1;2015;15:20;326;RUA PRO LINO ENCARNACAO;RUA NESTOR BARBOSA;;0;;Colis?úo Lateral;Luz do Dia;Bom;Seca;Cruz;Pare;Residencial;0;2;1;0;1;0;0;0;0;1;0;0;-3,744954000000000;-38,559892000000000
247995;16;1;2015;08:25;0;AV CARAPINIMA;;;2673;;Colis?úo Traseira;Luz do Dia;Bom;Seca;Meio de Quadra;N?úo H?í Controle;Residencial;0;0;3;1;1;0;0;0;0;0;0;0;-3,742236000000000;-38,542336000000000
247996;16;1;2015;13:30;5313;RUA VINTE E QUATRO DE MAIO;RUA PEDRO I;;0;;Colis?úo Lateral;Luz do Dia;Bom;Seca;Cruz;Pare;Comercial;0;1;1;1;0;0;0;0;0;1;0;0;-3,729830000000000;-38,532952000000000
247997;16;1;2015;11:00;0;AV DEP PAULINO ROCHA;;;2587;;Colis?úo Traseira;Luz do Dia;Bom;Seca;Meio de Quadra;N?úo H?í Controle;Comercial;0;0;2;1;0;0;0;0;0;0;0;0;-3,810214000000000;-38,519086000000000
247998;16;1;2015;12:45;11451;AV DES FAUSTINO ALBUQUERQUE;RUA PDE FRANCISCO PITA;;0;;Colis?úo Lateral;Luz do Dia;Bom;Seca;Cruz;Pare;Comercial;0;0;2;1;0;0;0;0;0;0;0;0;-3,781966000000000;-38,498345000000000
247999;16;1;2015;10:00;0;AV JOSE BASTOS;;;6262;;Colis?úo Lateral;Luz do Dia;Bom;Seca;Meio de Quadra;Sem?íforo;Comercial;0;1;1;0;0;0;0;0;0;1;0;0;-3,766487000000000;-38,568562000000000
248000;16;1;2015;03:10;9092;RUA LAURO MAIA;RUA DR PEDRO TELES;;0;;Colis?úo Lateral;Via Iluminada;Bom;Seca;Cruz;Pare;Residencial;0;0;2;1;0;0;1;0;0;0;0;0;-3,746914000000000;-38,522958000000000
248001;16;1;2015;16:00;0;RUA DES LEITE ALBUQUERQUE;;;720;;Colis?úo Lateral;;Bom;Seca;Meio de Quadra;N?úo H?í Controle;Comercial;0;0;2;1;0;0;0;0;0;0;0;0;-3,737371000000000;-38,498221000000000
248002;16;1;2015;20:00;4615;RUA CRISANTO M DA ROCHA;RUA JOSE ANASTACIO DIAS;;0;;Colis?úo Transversal;Mal Iluminada;Bom;Seca;Cruz;Pare;Comercial;0;1;1;1;0;0;0;0;0;1;0;0;-3,797667000000000;-38,480432000000000
248003;16;1;2015;13:40;3859;AV DA UNIVERSIDADE;RUA JUVENAL GALENO;;0;;Colis?úo Traseira;Luz do Dia;Bom;Seca;Cruz;Sem?íforo Intermitente;Comercial;0;1;1;1;0;0;0;0;0;1;0;0;-3,739893000000000;-38,538143000000000
248004;16;1;2015;16:10;0;AV DOS EXPEDICIONARIOS;;;3616;;Engavetamento;Luz do Dia;Bom;Seca;;;;0;0;3;1;0;0;0;0;0;0;0;0;-3,750523000000000;-38,536795000000000
248005;16;1;2015;14:40;0;AV PRO GOMES DE MATOS;;;781;;Colis?úo;Luz do Dia;Bom;Seca;Meio de Quadra;;Comercial;0;1;1;1;0;0;0;0;0;1;0;0;-3,760283000000000;-38,544872000000000
248006;16;1;2015;12:55;15326;AV BAR STUDART;RUA PEREIRA FILGUEIRAS;;0;;Colis?úo Lateral;Luz do Dia;Bom;Seca;Cruz;Sem?íforo;Comercial;0;0;2;1;1;0;0;0;0;0;0;0;-3,730810000000000;-38,505361000000000
248007;16;1;2015;20:00;7762;AV ANTONIO SALES;RUA NUNES VALENTE;;0;;Colis?úo Lateral;Via Iluminada;Bom;Seca;Cruz;Pare;Residencial;0;0;2;1;0;0;0;0;0;0;0;0;-3,744237000000000;-38,506314000000000
248008;16;1;2015;09:00;5357;RUA MAJ FACUNDO;RUA PEDRO I;;0;;Colis?úo Transversal;Luz do Dia;Bom;Seca;Cruz;Pare;Comercial;0;0;2;1;0;0;0;0;0;0;0;0;-3,731113000000000;-38,528990000000000
248009;16;1;2015;11:00;0;AV AGUANAMBI;;;155;;Colis?úo Lateral;Luz do Dia;Bom;Seca;Meio de Quadra;Sem?íforo;Comercial;0;0;2;1;0;0;1;0;0;0;0;0;-3,738607000000000;-38,524598000000000
260013;16;1;2015;14:30;0;AV PRO GOMES DE MATOS;;;0;;Atropelamento;Luz do Dia;;;Meio de Quadra;;;0;2;0;0;0;0;0;0;0;1;0;0;-3,760286000000000;-38,544874000000000
260014;16;1;2015;16:31;7674;AV JOSE BASTOS;RUA RIO GRANDE DO NORTE;;0;;Queda;Luz do Dia;;;Cruz;Sem?íforo;Comercial;0;1;0;0;0;0;0;0;0;1;0;0;-3,760562000000000;-38,564477000000000
260015;16;1;2015;18:41;0;AV SEN FERNANDES TAVORA;;;0;;Queda;;;;Meio de Quadra;;;0;1;0;0;0;0;0;0;0;1;0;0;;
260016;16;1;2015;22:59;0;RUA DEMETRIO MENEZES;;;0;;Atropelamento;;;;Meio de Quadra;;;0;1;1;0;0;0;0;0;0;0;0;0;;
260017;16;1;2015;23:55;0;AV JOAO PESSOA;;;0;;Colis?úo;;;;Meio de Quadra;;;0;1;1;1;0;0;0;0;0;1;0;0;;
260009;16;1;2015;08:01;0;AV MAE LISBOA;;;0;;Colis?úo;Luz do Dia;;;Meio de Quadra;;;0;1;1;1;0;0;0;0;0;1;0;0;;
260035;17;1;2015;20:50;0;AV ALM MAXIMIANO DA FONSECA;;;0;;Colis?úo;;;;Meio de Quadra;;;0;1;1;1;0;0;0;0;0;1;0;0;-3,771600000000000;-38,484045000000000
260036;17;1;2015;22:21;0;RUA JOAO AMORA;;;0;;Colis?úo;;;;Meio de Quadra;;;0;2;0;0;0;0;0;0;0;1;0;0;-3,799795000000000;-38,582517000000000
260037;17;1;2015;22:55;0;RUA BOM JESUS (GRANJA LISBOA);;;665;;Colis?úo;;;;Meio de Quadra;;;0;1;1;1;0;0;0;0;0;1;0;0;-3,794872000000000;-38,599888000000000
260023;17;1;2015;09:49;0;AV WASHINGTON SOARES;;;0;;Colis?úo;Luz do Dia;;;Meio de Quadra;;;0;0;2;0;0;0;0;0;0;0;0;0;;
260024;17;1;2015;10:55;0;RUA COS LAFAYETE;;;0;;Colis?úo;Luz do Dia;;;Meio de Quadra;;;0;1;1;1;0;0;0;0;0;1;0;0;;
260025;17;1;2015;13:35;0;RUA HENRIQUE ELERY;;;0;;Colis?úo;Luz do Dia;;;Meio de Quadra;;;0;1;1;1;0;0;1;0;0;0;0;0;;
260026;17;1;2015;13:39;17349;RUA EDITE BRAGA;RUA CEL ALEXANDRINO;;0;;Queda;Luz do Dia;;;Cruz;Pare;Residencial;0;1;0;0;0;0;0;0;0;1;0;0;-3,765675000000000;-38,551861000000000
260027;17;1;2015;14:17;0;RUA MARCELO SANTA FE;;;0;;Queda;Luz do Dia;;;Meio de Quadra;;;0;1;0;0;0;0;0;0;0;1;0;0;;
260028;17;1;2015;15:04;0;AV PRO JOSE ARTHUR CARVALHO;;;0;;Colis?úo;Luz do Dia;;;Meio de Quadra;;;0;2;0;0;0;0;0;0;0;1;0;0;;
260029;17;1;2015;16:45;7634;AV CARNEIRO DE MENDONCA;RUA MINAS GERAIS;;0;;Colis?úo;Luz do Dia;;;Cruz;Pare;Residencial;0;1;1;1;0;0;0;0;0;1;0;0;-3,762798000000000;-38,569200000000000
260030;17;1;2015;17:49;0;AV F CJ JOSE WALTER;;;0;;Colis?úo;Anoitecer;;;Meio de Quadra;;;0;1;1;1;0;0;0;0;0;1;0;0;;
260031;17;1;2015;19:13;0;RUA HOLANDA;;;0;;Colis?úo;;;;Meio de Quadra;;;0;1;1;1;0;0;0;0;0;1;0;0;-3,803604000000000;-38,559533000000000
260032;17;1;2015;20:03;0;RUA PORTO ALEGRE;;;0;;Atropelamento;;;;Meio de Quadra;;;0;2;0;0;0;0;0;0;0;1;0;0;;
260033;17;1;2015;20:19;10999;RUA 15 DE NOVEMBRO;RUA ALBERTO MAGNO;;0;;Colis?úo;;;;Cruz;Pare;Residencial;0;1;1;1;0;0;0;0;0;1;0;0;-3,769909000000000;-38,553169000000000
260018;17;1;2015;01:10;0;RUA GABRIEL FIUZA;;;0;;Queda;;;;Meio de Quadra;;;0;1;0;0;0;0;0;0;0;1;0;0;-3,787264000000000;-38,579697000000000
260019;17;1;2015;02:39;0;RUA SEBASTIAO DE ABREU;;;0;;Colis?úo;;;;Meio de Quadra;;;0;1;1;0;0;0;0;0;0;0;0;0;-3,757160000000000;-38,483255000000000
260020;17;1;2015;05:32;12648;RUA RIO ARAGUAIA;RUA MARIA CLARA;;0;;Colis?úo;Amanhecer;;;Cruz;Pare;Residencial;0;2;0;0;0;0;0;0;0;1;0;0;-3,725741000000000;-38,582119000000000
260021;17;1;2015;06:54;0;RUA PRO GOMES BRASIL;;;0;;Queda;Luz do Dia;;;Meio de Quadra;;;0;1;0;0;0;0;0;0;0;1;0;0;;
258314;17;1;2015;13:00;0;AV SEN FERNANDES TAVORA;;;3240;;Colis?úo Traseira;Luz do Dia;Bom;Seca;Meio de Quadra;;Comercial;0;3;0;1;0;0;0;0;0;0;0;0;-3,754692000000000;-38,600652000000000
248010;17;1;2015;13:09;1337;AV SANTOS DUMONT;RUA OSVALDO CRUZ (ALDEOTA);;0;;Colis?úo Lateral;Luz do Dia;Bom;Seca;Cruz;Sem?íforo;Comercial;0;0;2;1;1;0;0;0;0;0;0;0;-3,735602000000000;-38,500317000000000
248011;17;1;2015;00:00;6801;RUA PRO OTAVIO LOBO;RUA ANDRADE FURTADO;;0;;Colis?úo Frontal;Via Iluminada;Bom;Seca;Cruz;Sem?íforo;Comercial;0;0;2;1;0;0;0;0;0;0;0;0;-3,745750000000000;-38,479651000000000
248012;17;1;2015;19:46;748;AV FRANCISCO SA;RUA FRANCISCO CALACA;;0;;Colis?úo Transversal;Via Iluminada;Bom;Seca;Y;Pare;Comercial;0;1;1;1;0;0;0;0;0;1;0;0;-3,712310000000000;-38,572275000000000
248021;17;1;2015;07:00;0;AV ANTONIO SALES;;;905;;Choque c/ Obst?ículo Fixo;Luz do Dia;Bom;Seca;Meio de Quadra;;Misto;0;1;0;1;0;0;0;0;0;0;0;0;-3,741971000000000;-38,513630000000000