COD_ACIDENTE;DIA;MES;ANO;HORA;INTERSECAO;LOG1;LOG2;LOG3;NUMERO;REFERENCIA;NATUREZA;ILUMINACAO;TEMPO;SUPERFICIEPISTA;TIPOCRUZAMENTO;CONTROLETRAFEGO;USOSOLO;MORTOS;FERIDOS;ILESOS;AUTOMOVEL;ONIBUS;BICICLETA;CAMINHAO;MICROONIBUS;CICLOMOTOR;MOTOCICLETA;TRACAOANIMAL;TREM;LATITUDE;LONGITUDE
248022;17;1;2015;06:00;12641;RUA RIO PARAGUAI;RUA MARIA CLARA;;0;;Colis?úo Transversal;Luz do Dia;Bom;Seca;Cruz;Pare;Misto;0;2;0;0;0;0;0;0;0;1;0;0;-3,725526000000000;-38,584245000000000
248023;17;1;2015;13:30;25062;AV DOS EXPEDICIONARIOS;RUA PDE AMBROSIO MACHADO;;0;;Colis?úo Lateral;Luz do Dia;Bom;Seca;Cruz;Pare;Residencial;0;0;2;1;0;0;0;0;0;0;0;0;-3,760838000000000;-38,539946000000000
248024;17;1;2015;12:30;18294;AV HIS RAIMUNDO GIRAO;RUA GUANACES;;0;;Colis?úo Traseira;Luz do Dia;Bom;Seca;T;Pare;Comercial;0;0;3;1;0;0;0;0;0;0;0;0;-3,720375000000000;-38,514623000000000
248025;17;1;2015;10:40;0;AV SANTOS DUMONT;;;5150;;Colis?úo Traseira;Luz do Dia;Bom;Seca;Meio de Quadra;N?úo H?í Controle;Comercial;0;0;2;0;1;0;0;0;0;0;0;0;-3,740445000000000;-38,485326000000000
248014;17;1;2015;09:24;5146;RUA GUILHERME ROCHA;RUA PRC ISABEL;;0;;Colis?úo Transversal;Luz do Dia;Bom;Seca;Cruz;Pare;Comercial;0;1;2;1;0;1;0;0;0;0;0;0;-3,724720000000000;-38,534931000000000
248015;17;1;2015;00:05;1447;AV DES MOREIRA;RUA TORRES CAMARA;;0;;Colis?úo Lateral;Via Iluminada;Bom;Seca;Cruz;Sem?íforo;Comercial;0;0;2;1;0;0;0;0;0;0;0;0;;
248017;17;1;2015;19:10;25231;AV PRS COSTA E SILVA;AV I CJ JOSE WALTER;;0;;Engavetamento;Via Iluminada;Bom;Seca;Outros;N?úo H?í Controle;Residencial;0;0;3;1;0;0;0;0;0;0;0;0;-3,823494000000000;-38,550232000000000
248018;17;1;2015;17:00;25261;AV LINEU MACHADO;RUA DR SULIANO;;0;;Colis?úo Lateral;Via Iluminada;Bom;Seca;Cruz;Pare;Residencial;0;2;1;0;0;0;0;0;0;1;0;0;;
248019;17;1;2015;19:15;15372;AV DOM LUIS;RUA CEL JUCA;;0;;Colis?úo Traseira;Via Iluminada;Bom;Seca;Cruz;Sem?íforo;Comercial;0;1;1;0;0;0;0;0;0;1;0;0;-3,735452000000000;-38,490579000000000
257150;17;1;2015;07:35;0;RD CE-040;;;0;KM-02;Choque c/ Obst?ículo Fixo;Luz do Dia;;;Meio de Quadra;;;0;1;0;1;0;0;0;0;0;0;0;0;-3,776479000000000;-38,481598000000000
257152;17;1;2015;08:50;0;AV DA INDEPENDENCIA;;;0;;Colis?úo;Luz do Dia;;;Meio de Quadra;;;0;1;0;1;0;0;0;0;0;0;0;0;;
262823;17;1;2015;21:55;10385;AV F CJ CEARA;AV E CJ CEARA;;0;;Colis?úo;;;;T;N?úo H?í Controle;Residencial;0;0;2;0;0;0;0;0;0;0;0;0;-3,758693000000000;-38,607655000000000
262828;17;1;2015;22:03;4259;RUA NAT FEIJO;RUA PLACIDO CARVALHO;;0;;Colis?úo;;;;Cruz;Pare;Residencial;0;0;2;0;0;0;0;0;0;0;0;0;-3,721655000000000;-38,555624000000000
262830;17;1;2015;22:51;0;RUA PEDRO LAZAR;;;0;;Colis?úo;;;;Meio de Quadra;;;0;0;2;0;0;0;0;0;0;0;0;0;;
262835;17;1;2015;22:54;5256;RUA COSTA BARROS;RUA DNA LEOPOLDINA;;0;;Colis?úo;;;;Cruz;Gesto;Residencial;0;0;2;0;0;0;0;0;0;0;0;0;-3,728094000000000;-38,518600000000000
262844;17;1;2015;23:21;0;AV PRS COSTA E SILVA;;;0;;Atropelamento;;;;Meio de Quadra;;;0;0;2;0;0;0;0;0;0;0;0;0;;
264033;17;1;2015;17:15;0;AV ANTONIO SALES;;;1950;;Engavetamento;Anoitecer;;;Meio de Quadra;;;0;0;3;1;0;0;0;0;0;0;0;0;-3,743950000000000;-38,507234000000000
258908;17;1;2015;02:15;8025;RUA PRO COSTA MENDES;AV JOAO PESSOA;;0;;Colis?úo;;;;Cruz;Sem?íforo;;0;0;2;1;0;0;0;0;0;1;0;0;-3,752393000000000;-38,549441000000000
258909;17;1;2015;02:36;0;RUA SEN POMPEU;;;350;SANTA CASA DE MISERICORDIA;Colis?úo;;;;Meio de Quadra;;;0;0;2;1;0;0;0;0;0;0;0;0;-3,722041000000000;-38,528192000000000
258992;17;1;2015;14:15;0;AV CEL CARVALHO;;;0;;Colis?úo;Luz do Dia;;;;;;0;0;2;1;0;0;0;0;0;0;0;0;;
258993;17;1;2015;13:18;0;AV ABOLICAO;;;4813;IATE CLUBE;Colis?úo;Luz do Dia;;;Meio de Quadra;;;0;0;2;1;0;0;0;0;0;0;0;0;-3,720806000000000;-38,477727000000000
259067;17;1;2015;02:40;0;RD CE-040;;;0;KM-02;Choque c/ Obst?ículo Fixo;;;Seca;Meio de Quadra;;;0;1;0;1;0;0;0;0;0;0;0;0;-3,776479000000000;-38,481598000000000
259069;17;1;2015;06:35;0;RD CE-040;;;0;KM-10;Colis?úo;Luz do Dia;;Seca;Meio de Quadra;;;0;0;2;1;0;0;0;0;0;0;0;0;-3,838671000000000;-38,480068000000000
259072;17;1;2015;10:20;0;AV MIN JOSE AMERICO;;;0;;Colis?úo Traseira;Luz do Dia;;Seca;Meio de Quadra;;;0;0;2;1;0;0;1;0;0;0;0;0;;
259073;17;1;2015;10:40;0;RD CE-040;;;0;KM-08;Colis?úo Transversal;Luz do Dia;;Seca;Meio de Quadra;;;0;0;2;1;0;0;0;0;0;0;0;0;-3,823332000000000;-38,481317000000000
259076;17;1;2015;14:40;0;RD CE-040;;;0;KM-05;Engavetamento;Luz do Dia;;Seca;Meio de Quadra;;;0;0;3;1;0;0;0;0;0;0;0;0;-3,790876000000000;-38,480349000000000
262721;17;1;2015;10:46;0;AV PRS CASTELO BRANCO;;;0;;Colis?úo;Luz do Dia;;;Meio de Quadra;;;0;0;2;0;0;0;0;0;0;0;0;0;;
262723;17;1;2015;13:14;6218;AV C CJ CEARA;RUA 535 CJ CEARA;;0;;Colis?úo;Luz do Dia;;;;;;0;0;2;0;0;0;0;0;0;0;0;0;-3,767534000000000;-38,612034000000000
262728;17;1;2015;14:18;25970;RUA DES OTACILIO PEIXOTO;RUA ANTONIO ALEXANDRINO DOS REIS;;0;;Colis?úo;Luz do Dia;;;Cruz;Pare;Residencial;0;0;2;0;0;0;0;0;0;0;0;0;;
262734;17;1;2015;15:03;12574;RUA CARLOS GONDIM;RUA PDE TEODORO (QUNTINO CUNHA);;0;;Colis?úo;Luz do Dia;;;Cruz;N?úo H?í Controle;Residencial;0;0;2;0;0;0;0;0;0;0;0;0;-3,721131000000000;-38,589920000000000
262735;17;1;2015;15:05;0;AV IMPERADOR;;;478;;Atropelamento;Luz do Dia;;;Meio de Quadra;;;0;0;2;0;0;0;0;0;0;0;0;0;-3,725498000000000;-38,533953000000000
262736;17;1;2015;15:09;0;RUA MANUEL COSTA;;;2899;;Colis?úo;Luz do Dia;;;Meio de Quadra;;;0;0;2;0;0;0;0;0;0;0;0;0;;
262737;17;1;2015;15:52;12925;AV DOMINGOS OLIMPIO;AV AGUANAMBI;;0;;Colis?úo;Luz do Dia;;;Cruz;Sem?íforo;Comercial;0;0;2;0;0;0;0;0;0;0;0;0;-3,738683000000000;-38,524628000000000
262738;17;1;2015;15:57;15293;AV BAR STUDART;RUA TEN BENEVOLO;;0;;Colis?úo;Luz do Dia;;;Cruz;Sem?íforo;Comercial;0;0;2;0;0;0;0;0;0;0;0;0;-3,729390000000000;-38,504908000000000
262739;17;1;2015;16:33;12501;RUA DIAMANTINA;AV JOSE BASTOS;;0;;Colis?úo;Luz do Dia;;;T;Pare;Comercial;0;0;2;0;0;0;0;0;0;0;0;0;-3,764978000000000;-38,567402000000000
262740;17;1;2015;16:42;0;RUA MON VICENTE MARTINS;;;0;;Choque c/ Obst?ículo Fixo;Luz do Dia;;;Meio de Quadra;;;0;0;2;0;0;0;0;0;0;0;0;0;;
262730;17;1;2015;14:49;6724;AV ENG SANTANA JUNIOR;AV SANTOS DUMONT;;0;;Colis?úo;Luz do Dia;;;Cruz;Pare;Comercial;0;0;2;0;0;0;0;0;0;0;0;0;-3,740506000000000;-38,485132000000000
262732;17;1;2015;15:02;0;RUA MAJ GERARDO MENDES;;;801;;Colis?úo;Luz do Dia;;;Meio de Quadra;;;0;0;2;0;0;0;0;0;0;0;0;0;-3,769627000000000;-38,512575000000000
262799;17;1;2015;21:09;0;RUA VALPARAISO;;;536;;Colis?úo;;;;Meio de Quadra;;;0;0;2;0;0;0;0;0;0;0;0;0;-3,844364000000000;-38,525594000000000
262800;17;1;2015;17:02;0;AV AUGUSTO DOS ANJOS;;;944;;Colis?úo;Anoitecer;;;Meio de Quadra;;;0;0;2;0;0;0;0;0;0;0;0;0;-3,776174000000000;-38,575652000000000
262801;17;1;2015;17:16;0;AV DR SILAS MUNGUBA;;;0;;Colis?úo;Anoitecer;;;Meio de Quadra;;;0;0;2;0;0;0;0;0;0;0;0;0;;
262802;17;1;2015;17:21;0;RUA DANIEL DE CASTRO;;;281;;Colis?úo;Anoitecer;;;Meio de Quadra;;;0;0;2;0;0;0;0;0;0;0;0;0;;
262803;17;1;2015;18:52;0;AV JOR THOMAZ COELHO;;;0;;Colis?úo;;;;Meio de Quadra;;;0;0;2;0;0;0;0;0;0;0;0;0;;
262804;17;1;2015;19:11;0;RUA JARDIM FLUMINENSE;;;805;;Colis?úo;;;;Meio de Quadra;;;0;0;2;0;0;0;0;0;0;0;0;0;;
262805;17;1;2015;19:34;0;AV FRE CIRILO;;;0;;Colis?úo;;;;Meio de Quadra;;;0;0;2;0;0;0;0;0;0;0;0;0;;
262806;17;1;2015;19:50;238;RUA GONCALVES DIAS;RUA GAL BERNARDO FIGUEIREDO;;0;;Colis?úo;;;;Cruz;Pare;Comercial;0;0;2;0;0;0;0;0;0;0;0;0;-3,739793000000000;-38,552444000000000
262811;17;1;2015;20:40;0;AV GAL OSORIO DE PAIVA;;;7631;;Colis?úo;;;;Meio de Quadra;;;0;0;2;0;0;0;0;0;0;0;0;0;;
262816;17;1;2015;20:45;25003;AV DR THEBERGE;AV SGT HERMINIO SAMPAIO;;0;;Colis?úo;;;;Cruz;Sem?íforo;Residencial;0;0;2;0;0;0;0;0;0;0;0;0;-3,727916000000000;-38,569276000000000
262820;17;1;2015;21:23;0;RUA PDE FRANCISCO PITA;;;537;;Atropelamento;;;;Meio de Quadra;;;0;0;2;0;0;0;0;0;0;0;0;0;-3,781336000000000;-38,500498000000000
256937;17;1;2015;23:41;26215;AV D CJ JOSE WALTER;RUA E CJ JOSE WALTER;;0;;Colis?úo;;;;;;;0;1;0;0;0;0;0;0;0;1;0;0;;
256941;18;1;2015;23:00;0;AV ENG HUMBERTO MONTE;;;1387;;Colis?úo;;;;Meio de Quadra;;;0;1;1;1;0;0;0;0;0;0;0;0;-3,747751000000000;-38,561592000000000
253349;18;1;2015;13:10;0;RD BR 116;;;5000;KM-05;Colis?úo Lateral;Luz do Dia;Bom;Seca;Meio de Quadra;N?úo H?í Controle;Comercial;0;0;2;1;0;0;0;0;0;0;0;0;-3,796502000000000;-38,506787000000000
253309;18;1;2015;17:40;0;RD BR 116;;;3000;KM-03;Colis?úo Lateral;Anoitecer;Bom;Seca;Meio de Quadra;N?úo H?í Controle;Comercial;0;1;1;0;0;0;0;0;0;1;0;0;-3,779838000000000;-38,514372000000000
259081;18;1;2015;17:40;0;RD CE-040;;;0;KM-06;Colis?úo Traseira;Anoitecer;;Seca;Meio de Quadra;;;0;0;2;1;0;0;0;0;0;0;0;0;-3,811270000000000;-38,478781000000000
259078;18;1;2015;10:30;0;RD CE-040;;;0;KM-07;Colis?úo Traseira;Luz do Dia;;Seca;Meio de Quadra;;;0;0;2;1;0;0;0;0;0;0;0;0;-3,817953000000000;-38,483160000000000
258996;18;1;2015;21:17;0;RUA EDUARDO PORTO;;;166;;Colis?úo;;;;Meio de Quadra;;;0;0;2;1;0;0;0;0;0;0;0;0;;
262857;18;1;2015;00:12;0;AV GODOFREDO MACIEL;;;0;;Colis?úo;;;;Meio de Quadra;;;0;0;2;0;0;0;0;0;0;0;0;0;;
262865;18;1;2015;08:37;0;LOGRADOURO SEM NOME;;;520;;Choque c/ Obst?ículo Fixo;Luz do Dia;;;Meio de Quadra;;;0;0;1;0;0;0;0;0;0;0;0;0;;
262866;18;1;2015;09:14;14448;AV SGT HERMINIO SAMPAIO;RUA DEMOSTENES CARVALHO;;0;;Choque c/ Obst?ículo Fixo;Luz do Dia;;;T;Pare;Misto;0;0;1;0;0;0;0;0;0;0;0;0;-3,726117000000000;-38,559068000000000
262868;18;1;2015;09:43;0;RUA ILDEFONSO ALBANO;;;21;;Colis?úo;Luz do Dia;;;Meio de Quadra;;;0;0;2;0;0;0;0;0;0;0;0;0;;
262869;18;1;2015;10:33;145;RUA TEN QUEIROZ;RUA DR VALE COSTA;;0;;Colis?úo;Luz do Dia;;;Cruz;Pare;Misto;0;0;2;0;0;0;0;0;0;0;0;0;-3,744815000000000;-38,588654000000000
262871;18;1;2015;10:48;0;RUA BAIXA DO MILAGRE;;;3186;;Colis?úo;Luz do Dia;;;Meio de Quadra;;;0;0;2;0;0;0;0;0;0;0;0;0;-3,730564000000000;-38,603670000000000
262876;18;1;2015;11:24;0;RUA 09 UI 211;;;110;;Colis?úo;Luz do Dia;;;Meio de Quadra;;;0;0;2;0;0;0;0;0;0;0;0;0;;
262878;18;1;2015;13:27;5239;RUA PDE IBIAPINA;RUA PEDRO I;;0;;Colis?úo;Luz do Dia;;;T;Pare;Comercial;0;0;2;0;0;0;0;0;0;0;0;0;-3,727485000000000;-38,540384000000000
262880;18;1;2015;18:44;0;RUA RECANTO VERDE;;;1942;;Colis?úo;;;;Meio de Quadra;;;0;0;2;0;0;0;0;0;0;0;0;0;-3,844060000000000;-38,513812000000000
262881;18;1;2015;19:19;0;RUA CEL QUEIROZ;;;107;;Colis?úo;;;;Meio de Quadra;;;0;0;2;0;0;0;0;0;0;0;0;0;;
262883;18;1;2015;19:36;0;RUA TULIPA NEGRA;;;700;;Colis?úo;;;;Meio de Quadra;;;0;0;2;0;0;0;0;0;0;0;0;0;;
262884;18;1;2015;21:07;22176;AV ENG HUMBERTO MONTE;AV JOSE BASTOS;;0;;Colis?úo;;;;T;Sem?íforo;Comercial;0;0;2;0;0;0;0;0;0;0;0;0;-3,754966000000000;-38,555455000000000
262886;18;1;2015;21:59;15185;AV DES MOREIRA;AV BEIRA MAR;;0;;Colis?úo;;;;T;Pare;Comercial;0;0;2;0;0;0;0;0;0;0;0;0;-3,726073000000000;-38,495100000000000
262888;18;1;2015;22:06;0;RUA PERDIGAO DE OLIVEIRA;;;784;;Atropelamento;;;;Meio de Quadra;;;0;0;2;0;0;0;0;0;0;0;0;0;-3,774851000000000;-38,576591000000000
262889;18;1;2015;22:34;0;AV SEN FERNANDES TAVORA;;;0;;Colis?úo;;;;Meio de Quadra;;;0;0;2;0;0;0;0;0;0;0;0;0;;
257154;18;1;2015;16:30;0;AV PRS COSTA E SILVA;;;694;;Outros;Luz do Dia;;;Meio de Quadra;;;0;1;0;0;0;0;0;0;0;1;0;0;-3,812345000000000;-38,573149000000000
248026;18;1;2015;19:00;0;AV PDE ANTONIO TOMAS;;;333;;Colis?úo Traseira;Via Iluminada;Bom;Seca;Meio de Quadra;N?úo H?í Controle;Residencial;0;0;2;1;0;0;0;0;0;0;0;0;-3,744002000000000;-38,485228000000000
248028;18;1;2015;16:50;0;AV ALM HENRIQUE SABOIA;;;0;;Colis?úo Lateral;Via Iluminada;Bom;Seca;Meio de Quadra;Pare;Comercial;0;1;1;1;0;0;0;0;0;1;0;0;;
248029;18;1;2015;07:30;15100;AV HIS RAIMUNDO GIRAO;RUA JOAO CORDEIRO;;0;;Colis?úo Traseira;Luz do Dia;Nublado;Seca;Cruz;Sem?íforo;Comercial;0;0;2;1;0;0;0;0;0;0;0;0;-3,720835000000000;-38,511630000000000
248030;18;1;2015;08:50;5202;RUA PEREIRA FILGUEIRAS;RUA RODRIGUES JUNIOR;;0;;Colis?úo Lateral;Luz do Dia;Bom;Seca;Cruz;Pare;Misto;0;0;2;1;0;0;0;0;0;0;0;0;-3,726304000000000;-38,519213000000000
248031;18;1;2015;06:55;3771;AV DA UNIVERSIDADE;AV DOMINGOS OLIMPIO;;0;;Colis?úo Lateral;Luz do Dia;Chuva;Molhada;Cruz;Sem?íforo;Comercial;0;0;2;1;1;0;0;0;0;0;0;0;-3,735594000000000;-38,534216000000000
248032;18;1;2015;19:00;1502;RUA DES LEITE ALBUQUERQUE;RUA MON CATAO;;0;;Colis?úo;;;;Cruz;Pare;Rural;0;0;2;1;0;0;0;0;0;0;0;0;-3,739750000000000;-38,490892000000000
248033;18;1;2015;15:50;4021;AV PRO GOMES DE MATOS;RUA DES PRAXEDES;;0;;Colis?úo Traseira;Luz do Dia;Bom;Seca;Cruz;Sem?íforo;Comercial;0;0;2;1;0;0;0;0;0;0;0;0;-3,761872000000000;-38,546229000000000
248034;18;1;2015;18:30;15205;AV ABOLICAO;RUA OSVALDO CRUZ (ALDEOTA);;0;;Engavetamento;Via Iluminada;Bom;Seca;Rotat??ria;N?úo H?í Controle;Lazer;0;0;2;1;0;0;0;0;0;0;0;0;-3,726690000000000;-38,497445000000000
248035;18;1;2015;03:15;17326;RUA ALBERTO MAGNO;RUA ALAN KARDEC;;0;;Colis?úo Transversal;Via Iluminada;Chuva;Molhada;Cruz;Pare;Comercial;0;1;1;1;0;0;0;0;0;1;0;0;-3,764796000000000;-38,549918000000000
248036;18;1;2015;15:15;16796;RUA APOCALIPSE (MONDUBIM);RUA PLANALTINA (PL AYRTON SENNA);;0;;Colis?úo Transversal;Luz do Dia;Bom;Seca;Cruz;;Residencial;0;1;1;1;0;0;0;0;0;1;0;0;;
248037;18;1;2015;18:30;15337;RUA JOSE VILAR;RUA PEREIRA FILGUEIRAS;;0;;Colis?úo Traseira;;Bom;Seca;Cruz;Sem?íforo;Misto;0;0;2;1;0;0;0;0;0;0;0;0;-3,731461000000000;-38,503284000000000
248038;18;1;2015;08:00;6798;RUA VILEBALDO AGUIAR;RUA JULIO AZEVEDO;;0;;Colis?úo Transversal;Luz do Dia;Bom;Seca;Cruz;Pare;Misto;0;1;1;1;0;0;0;0;1;0;0;0;-3,742440000000000;-38,481957000000000
248039;18;1;2015;04:54;24240;RUA FAUSTO CABRAL;RUA JOSE CARLOS GURGEL NOGUEIRA;;0;;Colis?úo Transversal;;Bom;;Cruz;;;0;0;2;1;0;0;0;0;0;0;0;0;-3,734195000000000;-38,474615000000000
248040;18;1;2015;;0;RUA CASTRO E SILVA;;;947;;Choque c/ Obst?ículo Fixo;Via Iluminada;Nublado;Seca;Meio de Quadra;N?úo H?í Controle;Comercial;0;1;0;0;0;0;0;0;0;1;0;0;-3,721710000000000;-38,533850000000000
248041;18;1;2015;21:00;65;RUA HUGO VITOR;RUA MARTINS NETO;;0;;Colis?úo Transversal;Via Iluminada;Bom;Seca;Cruz;Pare;Comercial;1;1;1;1;0;0;0;0;0;1;0;0;-3,740726000000000;-38,591458000000000
248042;18;1;2015;03:00;0;AV GOV PARSIFAL BARROSO;;;0;;Colis?úo Traseira;Via Iluminada;Chuva;Molhada;Meio de Quadra;N?úo H?í Controle;Outros;0;1;1;1;0;0;0;0;0;0;0;0;;
248043;18;1;2015;12:30;15141;RUA CARLOS VASCONCELOS;AV MON TABOSA;;0;;Colis?úo Transversal;Luz do Dia;Bom;Seca;Cruz;Sem?íforo;Misto;0;0;2;1;0;0;0;0;0;0;0;0;-3,724289000000000;-38,507985000000000
248044;18;1;2015;18:20;0;RUA PDE PEDRO DE ALENCAR;;;1850;;Colis?úo Traseira;Anoitecer;Bom;Seca;Meio de Quadra;N?úo H?í Controle;Misto;0;1;1;1;0;0;0;0;0;1;0;0;-3,843887000000000;-38,494387000000000
248045;18;1;2015;06:30;1242;RUA COSTA BARROS;RUA DR JOSE LOURENCO;;0;;Colis?úo Transversal;Luz do Dia;Bom;Seca;Cruz;Pare;Comercial;0;0;2;1;0;0;0;0;0;0;0;0;-3,731870000000000;-38,506927000000000
260049;18;1;2015;04:22;0;AV ENG LEAL LIMA VERDE (SAPIRANGA/COITE);;;0;;Atropelamento;;;;Meio de Quadra;;;0;1;1;0;0;0;0;0;0;0;0;0;;
260050;18;1;2015;05:34;0;AV PERIMETRAL;;;0;;Colis?úo;Amanhecer;;;Meio de Quadra;;;0;1;1;1;0;0;0;0;0;1;0;0;;
260051;18;1;2015;07:51;0;RUA STO AGOSTINHO D71;;;0;;Queda;Luz do Dia;;;Meio de Quadra;;;0;1;0;0;0;0;0;0;0;1;0;0;;
260052;18;1;2015;11:59;0;AV DOS EXPEDICIONARIOS;;;0;;Colis?úo;Luz do Dia;;;Meio de Quadra;;;0;1;1;1;0;0;0;0;0;1;0;0;;
260053;18;1;2015;12:12;0;RUA JOAQUIM NABUCO;;;0;;Atropelamento;Luz do Dia;;;Meio de Quadra;;;0;1;1;1;0;0;0;0;0;0;0;0;-3,741116000000000;-38,503157000000000
260054;18;1;2015;12:13;0;RUA VALPARAISO;;;0;;Colis?úo;Luz do Dia;;;Meio de Quadra;;;0;1;1;1;0;0;0;0;0;1;0;0;-3,845960000000000;-38,523221000000000
260055;18;1;2015;13:20;0;AV PRS CASTELO BRANCO;;;0;;Atropelamento;Luz do Dia;;;Meio de Quadra;;;0;1;1;0;1;0;0;0;0;0;0;0;-3,714703000000000;-38,546120000000000
260056;18;1;2015;16:47;0;RUA NOVA CONQUISTA (BONSUCESSO);;;0;;Atropelamento;Luz do Dia;;;Meio de Quadra;;;0;2;0;0;0;0;0;0;0;1;0;0;-3,796363000000000;-38,598549000000000
260057;18;1;2015;17:13;7633;RUA RIO GRANDE DO SUL;AV CARNEIRO DE MENDONCA;;0;;Colis?úo;Anoitecer;;;Cruz;Sem?íforo;Misto;0;1;1;1;0;0;0;0;0;1;0;0;-3,762374000000000;-38,570011000000000
260044;18;1;2015;00:27;0;RUA FRANCISCO GLICERIO;;;833;;Colis?úo;;;;Meio de Quadra;;;0;1;1;1;0;0;0;0;0;1;0;0;-3,796218000000000;-38,568949000000000
260047;18;1;2015;02:04;0;AV ENG HUMBERTO MONTE;;;0;;Capotamento;;;;Meio de Quadra;;;0;1;0;0;0;0;0;0;0;0;0;0;;
260059;18;1;2015;17:21;0;AV GODOFREDO MACIEL;;;0;;Colis?úo;Anoitecer;;;Meio de Quadra;;;0;2;0;0;0;0;0;0;0;1;0;0;;
260060;18;1;2015;19:17;0;RUA PRO FRANCISCO CARLOS;;;0;;Queda;;;;Meio de Quadra;;;0;1;0;0;0;0;0;0;0;1;0;0;;
260064;18;1;2015;18:22;743;AV PRS CASTELO BRANCO;AV PASTEUR;;0;;Colis?úo;Anoitecer;;;Cruz;Sem?íforo;Comercial;0;0;2;0;0;0;0;0;0;0;0;0;-3,711181000000000;-38,558856000000000
260062;18;1;2015;20:23;0;AV ENG HUMBERTO MONTE;;;1118;;Atropelamento;;;;Meio de Quadra;;;0;2;0;1;0;0;0;0;0;0;0;0;-3,749151000000000;-38,560418000000000
260065;19;1;2015;06:45;0;AV PRO JOSE ARTHUR CARVALHO;;;0;;Choque c/ Obst?ículo Fixo;Luz do Dia;;;Meio de Quadra;;;0;1;1;1;0;0;0;0;0;1;0;0;-3,825773000000000;-38,463559000000000
260066;19;1;2015;06:55;0;AV PRS CASTELO BRANCO;;;0;;Atropelamento;Luz do Dia;;;Meio de Quadra;;;0;1;1;0;1;0;0;0;0;0;0;0;;
260067;19;1;2015;07:03;0;AV TRISTAO GONCALVES;;;0;;Colis?úo;Luz do Dia;;;Meio de Quadra;;;0;1;1;1;0;0;0;0;0;1;0;0;-3,733629000000000;-38,535159000000000
260068;19;1;2015;07:41;0;AV ANTONIO SALES;;;0;;Atropelamento;Luz do Dia;;;Meio de Quadra;;;0;1;1;1;0;0;0;0;0;0;0;0;-3,748361000000000;-38,492833000000000
260069;19;1;2015;08:07;0;RUA OTO DE ALENCAR;;;0;;Atropelamento;Luz do Dia;;;Meio de Quadra;;;0;1;1;1;0;0;0;0;0;0;0;0;-3,724436000000000;-38,540600000000000
260070;19;1;2015;08:34;0;AV ALBERTO CRAVEIRO;;;0;;Queda;Luz do Dia;;;Meio de Quadra;;;0;1;0;0;0;0;0;0;0;1;0;0;;
260071;19;1;2015;09:40;0;AV CARNEIRO DE MENDONCA;;;0;;Colis?úo;Luz do Dia;;;Meio de Quadra;;;0;2;0;1;0;0;0;0;0;1;0;0;-3,766031000000000;-38,562672000000000
260072;19;1;2015;09:50;0;RUA CEL FRANCISCO ALVES RIBEIRO;;;0;;Colis?úo;Luz do Dia;;;Meio de Quadra;;;0;1;1;1;0;0;0;0;0;1;0;0;;
260073;19;1;2015;10:08;0;AV DEP PAULINO ROCHA;;;0;;Colis?úo;Luz do Dia;;;Meio de Quadra;;;0;1;1;0;0;0;0;0;0;0;0;0;-3,804818000000000;-38,508040000000000
260074;19;1;2015;11:56;0;RUA FAUSTO CABRAL;;;0;;Atropelamento;Luz do Dia;;;Meio de Quadra;;;0;1;1;0;0;0;0;0;0;0;0;0;-3,734349000000000;-38,474070000000000
260075;19;1;2015;12:42;0;AV WASHINGTON SOARES;;;0;;;Luz do Dia;;;Meio de Quadra;;;0;1;1;1;0;0;0;0;0;1;0;0;;
260076;19;1;2015;19:27;0;AV FRANCISCO SA;;;0;;Colis?úo;;;;Meio de Quadra;;;0;1;1;0;0;0;0;0;0;0;0;0;-3,716756000000000;-38,559208000000000
260077;19;1;2015;19:28;0;RUA CANUTO DE AGUIAR;;;0;;Atropelamento;;;;Meio de Quadra;;;0;2;0;0;0;0;0;0;0;1;0;0;-3,730649000000000;-38,495374000000000
260079;19;1;2015;19:50;0;AV CASTELO DE CASTRO;;;0;;Queda;;;;Meio de Quadra;;;0;1;0;0;0;0;0;0;0;1;0;0;-3,830692000000000;-38,521486000000000
260080;19;1;2015;21:23;0;RUA ERICO MOTA;;;0;;Colis?úo;;;;Meio de Quadra;;;0;1;1;1;0;0;0;0;0;1;0;0;;
248046;19;1;2015;19:40;0;AV PRS COSTA E SILVA;;;0;;Colis?úo Lateral;Via Iluminada;Bom;Seca;Meio de Quadra;N?úo H?í Controle;Residencial;0;1;1;1;0;0;1;0;0;0;0;0;;
248047;19;1;2015;09:30;0;AV PRS CASTELO BRANCO;;;4773;;Colis?úo Lateral;Luz do Dia;Bom;Seca;Meio de Quadra;N?úo H?í Controle;Residencial;0;0;2;1;0;0;0;0;0;0;0;0;-3,706097000000000;-38,574683000000000
248048;19;1;2015;12:30;0;RUA METON DE ALENCAR;;;0;;Colis?úo Traseira;Luz do Dia;Bom;Seca;Meio de Quadra;;Comercial;0;0;2;0;0;0;0;0;0;1;0;0;;
248049;19;1;2015;21:00;5140;RUA TEN BENEVOLO;AV DOM MANUEL;;0;;Colis?úo Traseira;Mal Iluminada;Bom;Seca;Cruz;Sem?íforo;Comercial;0;0;3;1;1;0;0;0;0;0;0;0;-3,724540000000000;-38,519888000000000
248050;19;1;2015;20:20;22158;AV JOSE BASTOS;RUA GUSTAVO BRAGA;;0;;Atropelamento;Via Iluminada;Bom;Seca;T;N?úo H?í Controle;Comercial;0;1;1;1;0;0;0;0;0;0;0;0;-3,751535000000000;-38,551989000000000