COD_ACIDENTE;DIA;MES;ANO;HORA;INTERSECAO;LOG1;LOG2;LOG3;NUMERO;REFERENCIA;NATUREZA;ILUMINACAO;TEMPO;SUPERFICIEPISTA;TIPOCRUZAMENTO;CONTROLETRAFEGO;USOSOLO;MORTOS;FERIDOS;ILESOS;AUTOMOVEL;ONIBUS;BICICLETA;CAMINHAO;MICROONIBUS;CICLOMOTOR;MOTOCICLETA;TRACAOANIMAL;TREM;LATITUDE;LONGITUDE
248051;19;1;2015;10:00;5122;RUA SAO PAULO;AV IMPERADOR;;0;;Colis?úo Traseira;Luz do Dia;Bom;Seca;Cruz;Sem?íforo;Comercial;0;0;2;1;0;0;0;0;0;0;0;0;-3,724049000000000;-38,533522000000000
248052;19;1;2015;14:30;15269;RUA TEN BENEVOLO;AV RUI BARBOSA;;0;;Colis?úo Lateral;Luz do Dia;Bom;Seca;Cruz;Sem?íforo;Residencial;0;0;2;1;0;0;0;0;0;0;0;0;-3,728685000000000;-38,507048000000000
248053;19;1;2015;09:20;0;AV ANTONIO SALES;;;1340;;Colis?úo Transversal;Luz do Dia;Bom;Seca;Meio de Quadra;Sem?íforo;Comercial;0;0;2;1;1;0;0;0;0;0;0;0;-3,742490000000000;-38,512027000000000
248054;19;1;2015;12:40;5543;AV CENTRAL ALA OESTE;AL BOAS NOITES;;0;;Colis?úo;Luz do Dia;Bom;Seca;;;Comercial;0;0;2;1;0;0;0;0;0;0;0;0;-3,749664000000000;-38,471651000000000
248055;19;1;2015;13:06;0;AV GAL OSORIO DE PAIVA;;;0;;Colis?úo Transversal;Luz do Dia;Bom;Seca;Meio de Quadra;N?úo H?í Controle;Comercial;0;0;2;1;1;0;0;0;0;0;0;0;;
248056;19;1;2015;12:30;11057;AV DR SILAS MUNGUBA;AV DOS EXPEDICIONARIOS;;0;;Colis?úo Transversal;Luz do Dia;Bom;Seca;Cruz;Sem?íforo;Comercial;0;1;1;1;0;0;0;0;0;1;0;0;-3,787538000000000;-38,547960000000000
248057;19;1;2015;06:00;0;RUA DR BERNARDO DE CASTRO FEITOSA;;;0;;Colis?úo Traseira;Luz do Dia;Bom;Seca;Meio de Quadra;N?úo H?í Controle;Rural;0;2;0;1;0;0;1;0;0;0;0;0;;
248059;19;1;2015;09:53;0;AV DEP PAULINO ROCHA;;;850;;Atropelamento;Luz do Dia;Bom;Seca;Meio de Quadra;N?úo H?í Controle;Residencial;0;3;0;0;0;0;0;0;1;0;0;0;-3,805031000000000;-38,508067000000000
248060;19;1;2015;17:00;9077;AV AGUANAMBI;RUA BONFIM SOBRINHO;;0;;Colis?úo Lateral;;Bom;Seca;Cruz;N?úo H?í Controle;Comercial;0;2;0;0;0;0;0;0;0;1;0;0;-3,751039000000000;-38,523551000000000
248061;19;1;2015;13:10;0;RUA TEREZA CRISTINA;;;1177;;Colis?úo Lateral;Luz do Dia;Bom;Seca;Meio de Quadra;N?úo H?í Controle;Comercial;0;0;2;1;0;0;0;0;0;0;0;0;-3,730852000000000;-38,537905000000000
248062;19;1;2015;17:30;5150;RUA BAR RIO BRANCO;RUA SEN ALENCAR;;0;;Colis?úo Transversal;Mal Iluminada;Bom;Seca;Cruz;Pare;Comercial;0;0;2;1;0;0;0;0;0;0;0;0;-3,724879000000000;-38,527752000000000
248063;19;1;2015;07:00;0;AV ANTONIO SALES;;;0;;Colis?úo Traseira;Luz do Dia;Bom;Seca;Meio de Quadra;N?úo H?í Controle;Comercial;0;0;2;1;0;0;0;0;0;0;0;0;;
248064;19;1;2015;10:37;0;AV ENG SANTANA JUNIOR;;;0;;Colis?úo Lateral;Luz do Dia;Bom;Seca;Meio de Quadra;;Comercial;0;1;1;1;0;0;0;0;0;1;0;0;;
248065;19;1;2015;09:20;0;AV PRS CASTELO BRANCO;;;3780;;Colis?úo Traseira;Luz do Dia;Bom;Seca;Meio de Quadra;N?úo H?í Controle;Comercial;0;0;3;1;0;0;0;0;0;0;0;0;-3,709166000000000;-38,566189000000000
248067;19;1;2015;07:00;0;AV PRS CASTELO BRANCO;;;4744;;Colis?úo Traseira;Luz do Dia;Bom;Seca;Meio de Quadra;Sem?íforo Intermitente;Comercial;0;1;1;1;0;0;0;0;0;1;0;0;-3,706187000000000;-38,574445000000000
248068;19;1;2015;22:15;24372;AV LUCIANO CARNEIRO;RUA ALM RUFINO;;0;;Colis?úo Transversal;Via Iluminada;Bom;Seca;Cruz;Sem?íforo;Misto;0;1;1;1;0;0;0;0;0;1;0;0;-3,766580000000000;-38,537195000000000
248069;19;1;2015;18:50;0;AV PRO GOMES DE MATOS;;;900;;Colis?úo Lateral;Via Iluminada;Bom;Seca;Meio de Quadra;N?úo H?í Controle;Comercial;0;0;2;1;0;0;0;0;0;0;0;0;-3,760858000000000;-38,545371000000000
248070;19;1;2015;12:40;5436;RUA GAL CLARINDO DE QUEIROZ;RUA JAIME BENEVOLO;;0;;Colis?úo Transversal;Luz do Dia;Bom;Seca;Cruz;Pare;Misto;0;1;1;1;0;0;0;0;0;1;0;0;-3,734060000000000;-38,526017000000000
248071;19;1;2015;15:30;25020;RUA TEODOMIRO DE CASTRO;RUA FRE ODILON;;0;;Colis?úo Transversal;Luz do Dia;Bom;Seca;T;N?úo H?í Controle;Residencial;0;2;0;1;0;0;0;0;0;1;0;0;-3,720052000000000;-38,569787000000000
248072;19;1;2015;07:00;8930;AV DOMINGOS OLIMPIO;RUA JUSTINIANO DE SERPA;;0;;Colis?úo Frontal;Luz do Dia;Bom;Seca;Outros;Sem?íforo;Comercial;0;2;0;0;0;0;0;0;0;1;0;0;-3,733011000000000;-38,542468000000000
257156;19;1;2015;13:11;0;RD CE-040;;;10215;KM-10;Atropelamento;Luz do Dia;;Seca;Meio de Quadra;;;0;1;1;0;1;0;0;0;0;0;0;0;-3,839927000000000;-38,479914000000000
262967;19;1;2015;00:16;0;AV GODOFREDO MACIEL;;;0;;Colis?úo;;;;Meio de Quadra;;;0;0;2;0;0;0;0;0;0;0;0;0;;
262968;19;1;2015;00:23;1581;RUA MON CATAO;AV PDE ANTONIO TOMAS;;0;;Colis?úo;;;;Cruz;Sem?íforo;Comercial;0;0;2;0;0;0;0;0;0;0;0;0;-3,742708000000000;-38,491843000000000
262969;19;1;2015;11:57;10286;RUA GONCALO COELHO D73;RUA PERILIO TEIXEIRA;;0;;Choque c/ Obst?ículo Fixo;Luz do Dia;;;;;;0;0;1;0;0;0;0;0;0;0;0;0;-3,753280000000000;-38,600837000000000
262970;19;1;2015;22:58;14746;RUA JULIO MACIEL (MANUEL SATIRO);RUA PDE ARIMATEIA D42/71;;0;;Colis?úo;;;;;;;0;0;2;0;0;0;0;0;0;0;0;0;-3,797263000000000;-38,582781000000000
262964;19;1;2015;00:13;0;AV GAL OSORIO DE PAIVA;;;1706;;Colis?úo;;;;Meio de Quadra;;;0;0;2;0;0;0;0;0;0;0;0;0;-3,782507000000000;-38,577307000000000
262965;19;1;2015;00:15;0;RUA BAR AQUIRAZ;;;1468;;Colis?úo;;;;Meio de Quadra;;;0;0;2;0;0;0;0;0;0;0;0;0;-3,840409000000000;-38,485405000000000
258998;19;1;2015;04:49;0;RUA MON CATAO;;;0;;Colis?úo;;;;Meio de Quadra;;;0;0;2;1;1;0;0;0;0;0;0;0;;
258999;19;1;2015;09:55;0;AV SEN FERNANDES TAVORA;;;0;;Colis?úo;Luz do Dia;;;Meio de Quadra;;;0;0;2;1;0;0;1;0;0;0;0;0;;
259085;19;1;2015;16:00;0;RD CE-040;;;0;KM-08;Colis?úo;Luz do Dia;;Seca;Meio de Quadra;;;0;0;2;1;0;0;0;0;0;0;0;0;-3,823332000000000;-38,481317000000000
259126;19;1;2015;17:28;183;AV SGT HERMINIO SAMPAIO;AV CEL CARVALHO;;0;;Colis?úo;Anoitecer;;;;;;0;0;2;1;0;0;1;0;0;0;0;0;-3,731488000000000;-38,584591000000000
253307;19;1;2015;08:15;0;RD BR 116;;;2000;KM-02;Colis?úo Traseira;Luz do Dia;Bom;Seca;Meio de Quadra;N?úo H?í Controle;;0;0;3;1;0;0;0;0;0;0;0;0;-3,771391000000000;-38,516780000000000
253272;19;1;2015;02:30;0;RD BR 116;;;12000;KM-12;Outros;Via Iluminada;Bom;Seca;Meio de Quadra;N?úo H?í Controle;Comercial;0;0;1;1;0;0;0;0;0;0;0;0;-3,855740000000000;-38,496066000000000
253357;19;1;2015;18:20;0;RD BR 222;;;0;KM-03;Colis?úo Traseira;Anoitecer;Bom;Seca;Meio de Quadra;N?úo H?í Controle;Comercial;0;0;4;1;0;0;0;0;0;0;0;0;-3,736999000000000;-38,571997000000000
253364;19;1;2015;15:21;0;RD BR 222;;;0;KM-03;Colis?úo Lateral;Luz do Dia;Bom;Seca;Meio de Quadra;N?úo H?í Controle;Industrial;0;0;2;0;1;0;1;0;0;0;0;0;-3,736999000000000;-38,571997000000000
274863;19;1;2015;19:00;7790;AV DES MOREIRA;RUA JULIO SIQUEIRA;;0;;Atropelamento;Via Iluminada;Bom;Seca;Cruz;N?úo H?í Controle;Comercial;0;0;2;0;0;0;0;0;0;1;0;0;;
248073;19;1;2015;12:47;4383;AV JOSE SABOIA;RUA FRANCISCO MONTE;;0;;Atropelamento;Luz do Dia;Bom;Seca;Cruz;N?úo H?í Controle;;1;1;1;0;0;0;1;0;0;0;0;0;-3,717084000000000;-38,467502000000000
248074;19;1;2015;17:20;0;RUA SEN POMPEU;;;0;;Colis?úo Traseira;Luz do Dia;Bom;Seca;Meio de Quadra;N?úo H?í Controle;Residencial;0;0;3;1;0;0;0;0;0;0;0;0;;
248075;19;1;2015;18:30;0;RUA PRC ISABEL;;;141;;Choque c/ Obst?ículo Fixo;Via Iluminada;Bom;Seca;Meio de Quadra;N?úo H?í Controle;Residencial;0;0;1;1;0;0;0;0;0;0;0;0;-3,722184000000000;-38,534159000000000
248076;19;1;2015;;7909;AV DES MOREIRA;RUA FRANCISCO HOLANDA;;0;;Colis?úo Transversal;Luz do Dia;Bom;Seca;Cruz;Sem?íforo Manual;Residencial;0;0;3;1;0;0;0;0;0;0;0;0;-3,749355000000000;-38,502540000000000
248078;20;1;2015;08:00;3219;RUA EMILIO DE MENESES;RUA ANSELMO NOGUEIRA;;0;;Colis?úo Lateral;Luz do Dia;Bom;Seca;Cruz;Sem?íforo;Comercial;0;0;2;0;0;0;0;0;0;1;0;0;-3,781760000000000;-38,587374000000000
248079;20;1;2015;09:00;19061;RUA JOSE CARLOS GURGEL NOGUEIRA;RUA TARCISIO BONFIM;;0;;Colis?úo Transversal;Luz do Dia;Bom;Seca;Cruz;Pare;Residencial;0;2;0;1;0;0;0;1;0;0;0;0;-3,736621000000000;-38,476135000000000
248080;20;1;2015;08:40;12849;RUA SALDANHA MARINHO;RUA ASSUNCAO;;0;;Colis?úo Transversal;Luz do Dia;Bom;Seca;Cruz;Pare;Misto;0;1;1;1;0;0;0;0;0;1;0;0;-3,742314000000000;-38,531231000000000
248081;20;1;2015;20:40;20042;AV DEP PAULINO ROCHA;AV PRS JUSCELINO KUBITSCHEK (PASSAR?ë);;0;;Colis?úo Lateral;Via Iluminada;Bom;Seca;Rotat??ria;N?úo H?í Controle;Residencial;0;0;2;1;0;0;0;0;0;0;0;0;-3,807229000000000;-38,524782000000000
248082;20;1;2015;18:00;4016;RUA PRO COSTA MENDES;RUA JULIO CESAR D12;;0;;Colis?úo Transversal;Via Iluminada;Bom;Seca;Cruz;N?úo H?í Controle;Residencial;0;0;2;1;0;0;0;0;0;0;0;0;-3,754698000000000;-38,546911000000000
248083;20;1;2015;12:21;0;AV DUQ CAXIAS;;;1463;;Atropelamento;Luz do Dia;Bom;Seca;Meio de Quadra;N?úo H?í Controle;Comercial;0;1;1;1;0;0;0;0;0;0;0;0;-3,729489000000000;-38,536993000000000
248101;20;1;2015;16:00;0;AV J CJ JOSE WALTER;;;11;;Colis?úo Traseira;Luz do Dia;Bom;Seca;Meio de Quadra;;Residencial;0;1;1;1;0;0;0;0;0;1;0;0;-3,825036000000000;-38,553839000000000
248102;20;1;2015;12:40;0;RUA VALPARAISO;;;830;;Colis?úo Frontal;Luz do Dia;Bom;Seca;Meio de Quadra;N?úo H?í Controle;Comercial;0;0;2;1;0;0;0;0;0;1;0;0;;
248103;20;1;2015;21:00;0;AV ABOLICAO;;;2311;;Colis?úo Traseira;Via Iluminada;Bom;Seca;Meio de Quadra;Sem?íforo;Residencial;0;0;2;1;0;0;0;0;0;0;0;0;-3,726348000000000;-38,498514000000000
248104;20;1;2015;07:30;1496;RUA PDE VALDEVINO;RUA ILDEFONSO ALBANO;;0;;Colis?úo Lateral;Luz do Dia;Bom;Seca;Cruz;Sem?íforo;Comercial;0;0;2;1;0;0;0;0;0;1;0;0;-3,739573000000000;-38,515423000000000
248105;20;1;2015;12:20;5436;RUA GAL CLARINDO DE QUEIROZ;RUA JAIME BENEVOLO;;0;;Colis?úo Transversal;Luz do Dia;Bom;Seca;Cruz;Pare;Comercial;0;0;2;1;0;0;0;0;0;0;0;0;-3,734060000000000;-38,526017000000000
248106;20;1;2015;22:00;0;AV DOMINGOS OLIMPIO;;;123;;Colis?úo Lateral;Via Iluminada;Bom;Seca;Meio de Quadra;Outros;Comercial;0;0;2;1;0;0;0;0;0;0;0;0;-3,738657000000000;-38,524692000000000
248107;20;1;2015;18:16;17590;RUA MARANHAO;RUA MINAS GERAIS;;0;;Colis?úo Transversal;Anoitecer;;Seca;Cruz;Pare;Misto;0;1;1;1;0;0;0;0;0;1;0;0;-3,756084000000000;-38,565092000000000
248085;20;1;2015;20:20;0;RUA RIO GRANDE DO SUL;;;420;;Outros;Via Iluminada;Bom;Seca;Meio de Quadra;N?úo H?í Controle;Residencial;0;1;2;1;0;0;0;0;0;1;0;0;-3,753087000000000;-38,564025000000000
248086;20;1;2015;20:55;15346;RUA PEREIRA VALENTE;RUA VIS MAUA;;0;;Colis?úo Transversal;Via Iluminada;Bom;Seca;Cruz;Pare;Residencial;0;0;1;1;0;0;0;0;0;0;0;0;-3,731927000000000;-38,498067000000000
248087;20;1;2015;16:00;0;AV ABOLICAO;;;3690;;Colis?úo Lateral;Luz do Dia;Bom;Seca;Meio de Quadra;N?úo H?í Controle;Residencial;0;1;1;0;0;0;0;0;0;1;0;0;-3,725890000000000;-38,486532000000000
248088;20;1;2015;11:40;3770;RUA MAL DEODORO;AV DOMINGOS OLIMPIO;;0;;Colis?úo Lateral;Luz do Dia;Bom;Seca;T;Pare;Comercial;0;0;2;1;0;0;0;0;0;0;0;0;-3,735847000000000;-38,533360000000000
248089;20;1;2015;10:40;0;AV ALBERTO CRAVEIRO;;;0;;Colis?úo Traseira;Luz do Dia;Bom;Seca;Meio de Quadra;Sem?íforo;Residencial;0;0;2;1;0;0;0;1;0;0;0;0;;
248090;20;1;2015;13:30;25418;AV ALM MAXIMIANO DA FONSECA;AL DOS TRICOLORES;;0;;Colis?úo Traseira;Luz do Dia;Bom;Seca;T;N?úo H?í Controle;Comercial;0;0;2;1;0;0;0;0;0;0;0;0;-3,771562000000000;-38,482872000000000
248091;20;1;2015;13:15;0;AV JOAO PESSOA;;;4551;;Colis?úo Lateral;Luz do Dia;Bom;Seca;Meio de Quadra;;Comercial;0;2;1;1;0;0;0;0;0;1;0;0;-3,752454000000000;-38,549495000000000
248092;20;1;2015;12:05;0;RUA GONCALVES LEDO;;;0;;Colis?úo Lateral;Luz do Dia;Bom;Seca;Meio de Quadra;;Escola;0;1;1;1;0;0;0;0;0;1;0;0;-3,734976000000000;-38,517223000000000
248093;20;1;2015;08:30;0;AV JOSE BASTOS;;;3604;;Colis?úo Traseira;Luz do Dia;Bom;Seca;Meio de Quadra;;Comercial;0;1;1;1;0;0;0;0;0;1;0;0;-3,750666000000000;-38,551129000000000
248094;20;1;2015;15:50;19533;AV GAL OSORIO DE PAIVA;RUA NEREU RAMOS;;0;;Colis?úo Lateral;Luz do Dia;Bom;Seca;Cruz;Sem?íforo;Comercial;0;0;2;1;0;0;1;0;0;0;0;0;-3,782196000000000;-38,576828000000000
248095;20;1;2015;06:40;24229;AV ENG SANTANA JUNIOR;AV ENG ALBERTO SA;;0;;Colis?úo Lateral;Luz do Dia;Bom;Seca;Cruz;Sem?íforo;Rural;0;0;2;1;1;0;0;0;0;0;0;0;-3,733357000000000;-38,480624000000000
248096;20;1;2015;11:00;0;AV AGUANAMBI;;;58;;Colis?úo Lateral;Luz do Dia;Bom;Seca;Meio de Quadra;N?úo H?í Controle;Comercial;0;0;2;1;0;0;1;0;0;0;0;0;-3,737677000000000;-38,524245000000000
248097;20;1;2015;09:00;7909;AV DES MOREIRA;RUA FRANCISCO HOLANDA;;0;;Colis?úo Transversal;Luz do Dia;Bom;Seca;Cruz;Sem?íforo;Comercial;0;0;3;1;0;0;0;0;0;0;0;0;-3,749355000000000;-38,502540000000000
248098;20;1;2015;04:50;3894;AV EDUARDO GIRAO;RUA JULIO CESAR D12;;0;;Colis?úo Transversal;Luz do Dia;Bom;Seca;Cruz;Sem?íforo;Comercial;0;2;0;1;1;0;0;0;0;0;0;0;-3,747630000000000;-38,540636000000000
248099;20;1;2015;14:20;0;AV N CJ JOSE WALTER;;;1010;;Colis?úo Transversal;Luz do Dia;;Seca;Meio de Quadra;;Comercial;0;2;0;1;0;0;0;0;0;1;0;0;-3,830222000000000;-38,559991000000000
256950;20;1;2015;17:00;12508;AV LINEU MACHADO;RUA ALUISIO AZEVEDO;;0;;;Anoitecer;;;Cruz;Sem?íforo;Residencial;0;1;0;1;0;0;0;0;0;0;0;0;-3,770212000000000;-38,579184000000000
253315;20;1;2015;08:00;0;RD BR 116;;;14000;KM-14;Colis?úo Traseira;Luz do Dia;Bom;Seca;Meio de Quadra;N?úo H?í Controle;Comercial;0;0;2;1;0;0;0;0;0;0;0;0;-3,873523000000000;-38,499242000000000
253282;20;1;2015;11:00;0;RD BR 116;;;3000;KM-03;Colis?úo Traseira;Luz do Dia;Bom;Seca;Meio de Quadra;N?úo H?í Controle;Comercial;0;0;2;1;0;0;0;0;0;0;0;0;-3,779838000000000;-38,514372000000000
259128;20;1;2015;14:30;0;AV AMERICO BARREIRA;;;0;;Colis?úo;Luz do Dia;;;Meio de Quadra;;;0;0;2;1;0;0;0;0;0;0;0;0;;
259134;20;1;2015;19:51;0;AV DEP PAULINO ROCHA;;;0;;Outros;;;;Meio de Quadra;;;0;0;2;1;0;0;0;0;0;0;0;0;;
274938;20;1;2015;21:28;0;RUA ANARIO BRAGA;;;950;;Colis?úo Transversal;;Nublado;Molhada;Meio de Quadra;N?úo H?í Controle;Residencial;0;1;1;1;0;0;0;0;0;1;0;0;;
262976;20;1;2015;16:28;0;RUA MARIA CLARA;;;620;;Colis?úo;Luz do Dia;;;Meio de Quadra;;;0;0;2;0;0;0;0;0;0;0;0;0;;
262978;20;1;2015;18:25;20206;RUA MARIA MIRTES PEREIRA;AV 02 DE MAIO UI 503;;0;;Choque c/ Obst?ículo Fixo;Anoitecer;;;;;;0;0;1;0;0;0;0;0;0;0;0;0;-3,813442000000000;-38,538463000000000
262980;20;1;2015;20:17;11630;RUA PRO HERIBALDO COSTA;RUA BOA VISTA;;0;;Colis?úo;;;;Cruz;Pare;Residencial;0;0;2;0;0;0;0;0;0;0;0;0;-3,767974000000000;-38,588035000000000
262971;20;1;2015;08:32;0;RUA ZAMENHOF;;;400;;Colis?úo;Luz do Dia;;;Meio de Quadra;;;0;0;2;0;0;0;0;0;0;0;0;0;-3,745179000000000;-38,476722000000000
262972;20;1;2015;11:24;1441;AV SANTOS DUMONT;RUA PRO DIAS DA ROCHA;;0;;Colis?úo;Luz do Dia;;;Cruz;Pare;Comercial;0;0;2;0;0;0;0;0;0;0;0;0;-3,738113000000000;-38,492502000000000
262973;20;1;2015;11:28;0;RUA VALPARAISO;;;0;;Colis?úo;Luz do Dia;;;Meio de Quadra;;;0;0;2;0;0;0;0;0;0;0;0;0;;
260081;20;1;2015;06:43;22951;AV DR SILAS MUNGUBA;RUA DR JUSTA ARAUJO D45;;0;;Colis?úo;Luz do Dia;;;Cruz;Outros;Comercial;0;1;1;1;0;0;0;0;0;1;0;0;-3,784586000000000;-38,553426000000000
260082;20;1;2015;07:44;0;AV GAL OSORIO DE PAIVA;;;0;;Colis?úo;Luz do Dia;;;Meio de Quadra;;;0;1;1;1;0;0;0;0;0;1;0;0;;
260083;20;1;2015;07:59;5148;RUA SAO PAULO;RUA VINTE E QUATRO DE MAIO;;0;;Queda;Luz do Dia;;;Cruz;Sem?íforo;Comercial;0;1;0;0;0;0;0;0;0;1;0;0;-3,724772000000000;-38,531314000000000
260084;20;1;2015;08:24;4080;AV JOSE BASTOS;RUA CEARA;;0;;Colis?úo;Luz do Dia;;;Cruz;Pare;;0;2;0;0;0;0;0;0;0;1;0;0;-3,760008000000000;-38,564112000000000
260085;20;1;2015;09:52;0;AV 13 DE MAIO;;;0;;Colis?úo;Luz do Dia;;;Meio de Quadra;;;0;1;1;1;0;0;0;0;0;1;0;0;;
260086;20;1;2015;11:43;0;RUA BRAGANCA;;;0;;Colis?úo;Luz do Dia;;;Meio de Quadra;;;0;1;1;0;0;0;0;0;0;0;0;0;-3,782916000000000;-38,597148000000000
260087;20;1;2015;12:02;0;AV CEL CARVALHO;;;0;;Colis?úo;Luz do Dia;;;Meio de Quadra;;;0;1;1;1;0;0;0;0;0;1;0;0;;
260088;20;1;2015;12:07;0;AV GODOFREDO MACIEL;;;0;;Colis?úo;Luz do Dia;;;Meio de Quadra;;;0;1;1;1;0;0;0;0;0;1;0;0;-3,802245000000000;-38,571722000000000
260101;20;1;2015;12:34;0;RUA MONTE LIBANO;;;0;;Colis?úo;Luz do Dia;;;Meio de Quadra;;;0;1;1;1;0;1;0;0;0;0;0;0;;
260102;20;1;2015;15:10;0;RUA CANDIDO MAIA;;;0;;Atropelamento;Luz do Dia;;;Meio de Quadra;;;0;1;1;0;0;0;0;0;0;0;0;0;;
260103;20;1;2015;15:40;0;AV ROGACIANO LEITE;;;0;;Colis?úo;Luz do Dia;;;Meio de Quadra;;;0;2;0;0;0;0;0;0;0;1;0;0;-3,783683000000000;-38,502518000000000
260104;20;1;2015;15:43;35;RUA PEDRO MELO;RUA JOAQUIM LEITAO;;0;;Colis?úo;Luz do Dia;;;Cruz;Pare;Residencial;0;1;1;1;0;0;0;0;0;1;0;0;-3,744174000000000;-38,592100000000000
260105;20;1;2015;16:41;0;RUA PRO COSTA MENDES;;;0;;Colis?úo;Luz do Dia;;;Meio de Quadra;;;0;1;1;1;0;0;0;0;0;1;0;0;-3,753310000000000;-38,548444000000000
260106;20;1;2015;17:20;0;AV PRS CASTELO BRANCO;;;400;;Atropelamento;Anoitecer;;;Meio de Quadra;;;1;1;0;0;0;0;0;0;0;1;0;0;-3,720316000000000;-38,530144000000000
260107;20;1;2015;18:28;0;RUA ESTADO DO RIO;;;0;;Colis?úo;Anoitecer;;;Meio de Quadra;;;0;0;2;0;0;0;0;0;0;0;0;0;;
260108;20;1;2015;19:28;0;RUA MARIO STUDART;;;0;;Colis?úo;;;;Meio de Quadra;;;0;1;1;1;0;0;0;0;0;1;0;0;-3,723454000000000;-38,551839000000000
260109;20;1;2015;19:49;0;AV DR SILAS MUNGUBA;;;0;;Atropelamento;;;;Meio de Quadra;;;0;2;0;0;0;0;0;0;0;1;0;0;;
260110;20;1;2015;20:05;0;AV AUGUSTO DOS ANJOS;;;0;;Atropelamento;;;;Meio de Quadra;;;0;2;0;0;0;0;0;0;0;1;0;0;;
260111;20;1;2015;22:21;7766;AV ANTONIO SALES;RUA TIBURCIO CAVALCANTE;;0;;Colis?úo;;;;Cruz;Sem?íforo;Comercial;0;1;1;1;0;0;0;0;0;1;0;0;-3,744543000000000;-38,505333000000000
260114;21;1;2015;09:15;0;AV ALBERTO CRAVEIRO;;;0;;Colis?úo;Luz do Dia;;;Meio de Quadra;;;0;1;1;1;0;0;0;0;0;1;0;0;;
260116;21;1;2015;12:47;0;RUA GUILHERME ROCHA;;;0;;Colis?úo;Luz do Dia;;;Meio de Quadra;;;0;1;1;1;0;0;0;0;0;1;0;0;-3,722842000000000;-38,540734000000000
260117;21;1;2015;14:45;0;RUA NEREU RAMOS;;;0;;Colis?úo;Luz do Dia;;;Meio de Quadra;;;0;0;2;0;0;0;0;0;0;0;0;0;;
260118;21;1;2015;16:38;0;RUA CESAR ROSSAS;;;0;;Colis?úo;Luz do Dia;;;Meio de Quadra;;;0;1;1;1;0;0;0;0;0;1;0;0;;
260119;21;1;2015;16:41;22677;AV COS GOMES DE FREITAS (SAPIRANGA/COITE);RUA MARIO ALENCAR ARARIPE;;0;;Colis?úo;Luz do Dia;;;T;Pare;Comercial;0;1;1;1;0;0;0;0;0;1;0;0;-3,795569000000000;-38,478257000000000
260124;21;1;2015;19:15;0;RUA DEMETRIO MENEZES;AV CEL CARVALHO;;0;;Atropelamento;;;;Meio de Quadra;;;0;1;1;0;1;0;0;0;0;0;0;0;;
260121;21;1;2015;17:10;0;RUA PDE PEDRO DE ALENCAR;;;0;;Colis?úo;Anoitecer;;;Meio de Quadra;;;0;1;1;1;0;0;0;0;0;1;0;0;;
260122;21;1;2015;18:36;0;RUA JOSE MENDONCA;;;0;;Atropelamento;;;;Meio de Quadra;;;0;1;1;0;0;0;0;0;0;0;0;0;-3,759517000000000;-38,602634000000000
260131;21;1;2015;19:39;0;RUA TRAJANO ALVES DE AGUIAR;AV OLIVEIRA PAIVA;;0;;Colis?úo;;;;;;;0;1;1;1;0;0;0;0;0;1;0;0;;
260132;21;1;2015;21:03;0;RUA VIRIATO RIBEIRO;;;0;;Colis?úo;;;;;;;0;1;1;1;0;0;0;0;0;1;0;0;;
260133;21;1;2015;22:43;0;RUA MAJ WEYNE;;;0;;Colis?úo;;;;Meio de Quadra;;;0;1;1;1;0;0;0;0;0;1;0;0;-3,750409000000000;-38,542337000000000
260137;21;1;2015;22:59;0;AV AUGUSTO DOS ANJOS;;;0;;Colis?úo;;;;Meio de Quadra;;;0;1;1;1;0;0;0;0;0;1;0;0;;
262985;21;1;2015;08:06;19611;AV GODOFREDO MACIEL;RUA NEREU RAMOS;;0;;Colis?úo;Luz do Dia;;;T;Sem?íforo;Residencial;0;0;2;0;0;0;0;0;0;0;0;0;-3,787250000000000;-38,566802000000000
262989;21;1;2015;08:20;0;RUA JOAQUIM PINTO;;;699;;Colis?úo;Luz do Dia;;;Meio de Quadra;;;0;0;2;0;0;0;0;0;0;0;0;0;-3,812842000000000;-38,507843000000000
262994;21;1;2015;10:09;5213;RUA SAO PAULO;RUA SENA MADUREIRA;;0;;Colis?úo;Luz do Dia;;;;;;0;0;2;0;0;0;0;0;0;0;0;0;-3,726579000000000;-38,525915000000000
262995;21;1;2015;11:05;0;RUA MON SALAZAR;;;199;;Colis?úo;Luz do Dia;;;Meio de Quadra;;;0;0;2;0;0;0;0;0;0;0;0;0;-3,756489000000000;-38,517786000000000
262998;21;1;2015;13:01;8838;RUA CELESTE ARRUDA;RUA BRI HAROLDO VELOSO;;0;;Colis?úo;Luz do Dia;;;;;;0;0;2;0;0;0;0;0;0;0;0;0;-3,787474000000000;-38,464452000000000
263005;21;1;2015;16:50;0;AV PRS CASTELO BRANCO;;;5136;;Colis?úo;Luz do Dia;;;Meio de Quadra;;;0;0;2;0;0;0;0;0;0;0;0;0;-3,704888000000000;-38,577369000000000