COD_ACIDENTE;DIA;MES;ANO;HORA;INTERSECAO;LOG1;LOG2;LOG3;NUMERO;REFERENCIA;NATUREZA;ILUMINACAO;TEMPO;SUPERFICIEPISTA;TIPOCRUZAMENTO;CONTROLETRAFEGO;USOSOLO;MORTOS;FERIDOS;ILESOS;AUTOMOVEL;ONIBUS;BICICLETA;CAMINHAO;MICROONIBUS;CICLOMOTOR;MOTOCICLETA;TRACAOANIMAL;TREM;LATITUDE;LONGITUDE
263002;21;1;2015;14:50;0;RUA NEREU RAMOS;;;196;;Atropelamento;Luz do Dia;;;Meio de Quadra;;;0;0;2;0;0;0;0;0;0;0;0;0;-3,786581000000000;-38,568653000000000
263011;21;1;2015;17:31;0;RUA CON DE CASTRO;;;0;;Colis?úo;Anoitecer;;;Meio de Quadra;;;0;0;2;0;0;0;0;0;0;0;0;0;;
263015;21;1;2015;18:37;0;RUA JOSE MENDONCA;;;220;;Colis?úo;;;;Meio de Quadra;;;0;0;2;0;0;0;0;0;0;0;0;0;-3,759541000000000;-38,602639000000000
263020;21;1;2015;21:07;0;RUA PRIMEIRO DE JANEIRO;;;0;;Colis?úo;;;;Meio de Quadra;;;0;0;2;0;0;0;0;0;0;0;0;0;;
263026;21;1;2015;21:24;0;RUA VALPARAISO;;;346;;Colis?úo;;;;Meio de Quadra;;;0;0;2;0;0;0;0;0;0;0;0;0;-3,850587000000000;-38,507542000000000
263028;21;1;2015;22:05;0;AV CONTORNO SUL;;;0;;Colis?úo;;;;Meio de Quadra;;;0;0;2;0;0;0;0;0;0;0;0;0;;
257159;21;1;2015;10:00;0;RUA BAR SOBRAL;;;1425;;Colis?úo;Luz do Dia;;;Meio de Quadra;;;0;1;0;1;0;0;0;0;0;0;0;0;-3,763161000000000;-38,560835000000000
257330;21;1;2015;02:05;0;AV PERIMETRAL;;;1428;;Colis?úo;;;;Meio de Quadra;;;0;2;0;1;0;0;0;0;0;0;0;0;;
259142;21;1;2015;09:27;0;AV PRS COSTA E SILVA;;;0;;Colis?úo;Luz do Dia;;;Meio de Quadra;;;0;0;2;0;1;0;0;0;0;0;0;0;;
259145;21;1;2015;09:24;5436;RUA GAL CLARINDO DE QUEIROZ;RUA JAIME BENEVOLO;;0;;Colis?úo;Luz do Dia;;;Cruz;Pare;Residencial;0;0;2;1;0;0;0;0;0;0;0;0;-3,734060000000000;-38,526017000000000
259149;21;1;2015;21:06;0;AV CARNEIRO DE MENDONCA;RUA PDE ANTONIO VIEIRA D37;;0;;Colis?úo;;;;;;;0;0;2;1;0;0;0;0;0;1;0;0;;
259102;21;1;2015;16:45;0;RD CE-040;;;0;KM-07;Colis?úo;Luz do Dia;;Seca;Meio de Quadra;;;0;0;2;1;0;0;0;0;0;0;0;0;-3,817953000000000;-38,483160000000000
259103;21;1;2015;19:26;0;AV SEN CARLOS JEREISSATI (AEROPORTO);;;0;KM 01;Colis?úo;;;Seca;Meio de Quadra;;;0;0;2;1;1;0;0;0;0;0;0;0;-3,783803000000000;-38,520356000000000
275706;21;1;2015;17:40;0;RD BR 116;;;800;KM-11;Colis?úo Lateral;Anoitecer;Bom;Seca;Meio de Quadra;;;0;0;2;1;1;0;0;0;0;0;0;0;;
248108;21;1;2015;16:00;0;AV CEL CARVALHO;;;3044;;Colis?úo Traseira;Luz do Dia;Bom;Seca;Meio de Quadra;;Comercial;0;0;2;1;0;0;0;0;0;0;0;0;-3,729851000000000;-38,584790000000000
248109;21;1;2015;18:40;0;AV DIOGUINHO;;;1995;;Colis?úo Traseira;Via Iluminada;Bom;Seca;Meio de Quadra;N?úo H?í Controle;Residencial;0;1;1;1;0;0;0;0;0;1;0;0;-3,733453000000000;-38,457781000000000
248110;21;1;2015;15:00;22200;AV SGT HERMINIO SAMPAIO;RUA MAJ VERISSIMO;;0;;Colis?úo Traseira;Luz do Dia;Bom;Seca;Cruz;Pare;Residencial;0;1;1;0;0;0;1;1;0;0;0;0;-3,726516000000000;-38,561327000000000
248112;21;1;2015;12:40;22886;RUA BERNARDO MANUEL;RUA INACIO PARENTE;;0;;Colis?úo Frontal;Luz do Dia;Bom;Seca;Cruz;Pare;Comercial;0;1;1;1;0;0;0;0;0;1;0;0;-3,781268000000000;-38,546074000000000
248114;21;1;2015;19:00;1337;AV SANTOS DUMONT;RUA OSVALDO CRUZ (ALDEOTA);;0;;Colis?úo Lateral;Via Iluminada;Bom;Seca;Cruz;;Residencial;0;0;2;1;1;0;0;0;0;0;0;0;-3,735602000000000;-38,500317000000000
248115;21;1;2015;08:45;0;AV DOS EXPEDICIONARIOS;;;7575;;Colis?úo Traseira;Luz do Dia;Bom;Seca;Meio de Quadra;N?úo H?í Controle;Comercial;0;2;0;0;0;0;0;0;0;1;0;0;-3,784378000000000;-38,547018000000000
248116;21;1;2015;07:45;0;RUA DOM SEBASTIAO LEME;;;110;;Colis?úo Lateral;Luz do Dia;Bom;Seca;Meio de Quadra;N?úo H?í Controle;Comercial;0;0;1;1;0;1;0;0;0;0;0;0;-3,742004000000000;-38,526952000000000
248117;21;1;2015;10:00;9169;AV LUCIANO CARNEIRO;RUA DR ALFREDO WEYNE D14;;0;;Outros;Luz do Dia;Bom;Seca;Cruz;Pare;Comercial;0;1;0;0;0;0;0;0;0;1;0;0;-3,754682000000000;-38,533556000000000
248118;21;1;2015;16:00;15227;AV ABOLICAO;AV DES MOREIRA;;0;;Colis?úo Traseira;Luz do Dia;Bom;Seca;Cruz;Sem?íforo;Comercial;0;0;2;1;0;0;0;0;0;0;0;0;-3,727331000000000;-38,495474000000000
248119;21;1;2015;07:20;0;AV PRO JOSE ARTHUR CARVALHO;;;0;;Colis?úo Lateral;Luz do Dia;Bom;Seca;Meio de Quadra;Pare;Comercial;0;1;1;0;0;0;0;0;0;1;0;0;;
248120;21;1;2015;11:00;0;RUA 2 CJ T JEREISSATI;;;0;;Colis?úo Lateral;Luz do Dia;Bom;Seca;Meio de Quadra;N?úo H?í Controle;Residencial;0;0;2;1;0;0;1;0;0;0;0;0;;
248121;21;1;2015;16:00;23041;AV DR SILAS MUNGUBA;RUA BRUNO VALENTE;;0;;Colis?úo Lateral;Luz do Dia;Bom;Seca;Cruz;N?úo H?í Controle;Comercial;0;0;2;1;0;0;0;0;0;0;0;0;-3,790483000000000;-38,540009000000000
248122;21;1;2015;20:00;7623;RUA RIO GRANDE DO SUL;RUA PERNAMBUCO;;0;;Colis?úo Lateral Sentido Oposto;;Bom;Seca;Cruz;Pare;Residencial;0;1;1;1;1;0;0;0;0;0;0;0;-3,760011000000000;-38,568467000000000
248123;21;1;2015;07:30;0;AV 13 DE MAIO;;;1119;;Colis?úo Lateral;Luz do Dia;Bom;Seca;Meio de Quadra;N?úo H?í Controle;Comercial;0;0;2;1;0;0;0;0;0;0;0;0;-3,749429000000000;-38,529205000000000
248124;21;1;2015;09:20;5389;RUA FLORIANO PEIXOTO;AV DUQ CAXIAS;;0;;Colis?úo Transversal;Luz do Dia;Bom;Seca;Cruz;Pare;Comercial;0;0;2;1;1;0;0;0;0;0;0;0;-3,732162000000000;-38,528731000000000
248125;21;1;2015;15:00;1458;RUA CEL LINHARES;RUA DES LEITE ALBUQUERQUE;;0;;Colis?úo Transversal;Luz do Dia;Bom;Seca;Cruz;Pare;Misto;0;0;2;1;0;0;0;0;0;0;0;0;-3,738494000000000;-38,494769000000000
248126;21;1;2015;18:20;5371;RUA VINTE E QUATRO DE MAIO;RUA GAL CLARINDO DE QUEIROZ;;0;;Colis?úo Transversal;Via Iluminada;Bom;Seca;Cruz;Pare;Comercial;0;0;2;1;0;0;0;0;0;0;0;0;-3,731621000000000;-38,533532000000000
248127;21;1;2015;18:55;0;AV HIS RAIMUNDO GIRAO;;;76;;Colis?úo Traseira;Via Iluminada;Bom;Seca;Meio de Quadra;Pare;Lazer;0;1;1;1;0;0;0;0;0;1;0;0;;
248128;21;1;2015;21:00;7829;RUA JOSE VILAR;RUA PINHO PESSOA;;0;;Colis?úo Transversal;Via Iluminada;Bom;Seca;T;Pare;Residencial;0;0;2;1;0;0;0;0;0;0;0;0;-3,746019000000000;-38,507986000000000
248129;21;1;2015;14:10;5451;RUA BARBARA DE ALENCAR;AV DOM MANUEL;;0;;Colis?úo;Luz do Dia;Bom;Seca;Cruz;Sem?íforo;Comercial;0;0;2;1;1;0;0;0;0;0;0;0;-3,734972000000000;-38,523262000000000
248130;21;1;2015;06:37;25516;AV ROGACIANO LEITE;RUA JOR CESAR MAGALHAES;;0;;Colis?úo Lateral;Luz do Dia;Bom;Seca;;Pare;Comercial;0;0;2;1;0;0;1;0;0;0;0;0;-3,761023000000000;-38,493044000000000
248131;21;1;2015;16:00;5343;AV BEZERRA DE MENEZES;RUA PDE IBIAPINA;;0;;Colis?úo Lateral;Luz do Dia;Bom;Seca;Cruz;Sem?íforo;Comercial;0;1;1;1;0;0;0;0;0;0;0;0;-3,730548000000000;-38,539973000000000
248132;21;1;2015;09:15;0;RUA SILVA PAULET;;;1151;;Colis?úo Lateral;Luz do Dia;Bom;Seca;Meio de Quadra;N?úo H?í Controle;Residencial;0;0;2;1;0;0;0;0;0;0;0;0;-3,735104000000000;-38,505626000000000
248133;21;1;2015;14:30;0;AV PRS CASTELO BRANCO;;;0;;Colis?úo Lateral;Luz do Dia;Bom;Seca;Meio de Quadra;;Comercial;0;0;2;1;0;0;1;0;0;0;0;0;;
248134;21;1;2015;15:09;5433;RUA METON DE ALENCAR;RUA MAJ FACUNDO;;0;;Colis?úo Transversal;Luz do Dia;Bom;Seca;Cruz;Pare;Comercial;0;1;1;1;0;0;0;0;0;1;0;0;-3,733917000000000;-38,529899000000000
248135;21;1;2015;13:29;13542;AV SORIANO ALBUQUERQUE;RUA BAR ARACATI;;0;;Colis?úo Traseira;Luz do Dia;Bom;Seca;Cruz;Pare;Comercial;0;2;1;1;0;0;0;0;0;1;0;0;-3,748453000000000;-38,517030000000000
248136;21;1;2015;15:41;0;AV EDUARDO GIRAO;;;0;;Colis?úo Traseira;Luz do Dia;Bom;Seca;Meio de Quadra;Sem?íforo;Comercial;0;0;2;1;0;0;0;0;0;0;0;0;;
248137;21;1;2015;13:50;13345;AV J CJ JOSE WALTER;AV H CJ JOSE WALTER;;0;;Colis?úo Transversal;Luz do Dia;Bom;Seca;T;Pare;Residencial;0;1;1;1;0;0;0;0;0;1;0;0;-3,841244000000000;-38,558743000000000
248138;21;1;2015;18:10;0;AV ROGACIANO LEITE;;;900;;Colis?úo Lateral;Via Iluminada;Bom;Seca;Meio de Quadra;N?úo H?í Controle;Residencial;0;1;1;0;0;0;0;0;0;1;0;0;-3,764269000000000;-38,495042000000000
248139;21;1;2015;07:15;581;AV PASTEUR;AV FRANCISCO SA;;0;;Colis?úo Transversal;;Bom;Seca;Cruz;;Comercial;0;1;1;1;0;0;0;0;0;1;0;0;-3,716325000000000;-38,560567000000000
248140;21;1;2015;18:00;0;AV PRS CASTELO BRANCO;;;0;;Colis?úo Lateral;Via Iluminada;Bom;Seca;Outros;Pare;Outros;0;0;2;1;1;0;0;0;0;0;0;0;;
259795;21;1;2015;08:37;0;RUA JOSE HIPOLITO;;;0;;Colis?úo;Luz do Dia;;;Meio de Quadra;;;0;0;2;1;0;0;0;0;0;0;0;0;;
259796;21;1;2015;08:43;0;RUA CEZIDIO ALBUQUERQUE;;;0;;Colis?úo;Luz do Dia;;;Meio de Quadra;;;0;0;2;1;0;0;0;0;0;0;0;0;;
259800;21;1;2015;09:47;25070;AV DOS EXPEDICIONARIOS;RUA ALM RUFINO;;0;;Colis?úo;Luz do Dia;;;Cruz;Sem?íforo Intermitente;Comercial;0;0;2;1;0;0;0;0;0;0;0;0;-3,765289000000000;-38,541286000000000
259801;22;1;2015;07:44;0;AV LUCIANO CARNEIRO;;;0;;Colis?úo;Luz do Dia;;;Meio de Quadra;;;0;0;2;1;0;0;0;0;0;0;0;0;;
259805;22;1;2015;09:00;0;RUA 137 CJ CEARA;;;0;;Colis?úo;;;;Meio de Quadra;;;0;0;2;1;0;0;0;0;0;1;0;0;;
259806;22;1;2015;17:30;3074;RUA 12 DE JULHO;RUA MARIA QUINTELA;;0;;Colis?úo;Anoitecer;;;;;;0;0;2;1;0;0;0;0;0;0;0;0;-3,776106000000000;-38,585840000000000
248141;22;1;2015;08:50;0;AV PRS CASTELO BRANCO;;;0;;Colis?úo Lateral;Luz do Dia;Bom;Seca;;;;0;0;2;1;0;0;1;0;0;0;0;0;;
248143;22;1;2015;07:45;0;RUA HONORIO VIEIRA;;;31;;Colis?úo Transversal;Luz do Dia;Bom;Seca;Meio de Quadra;Pare;;0;0;2;1;0;0;0;0;0;0;0;0;-3,787591000000000;-38,486586000000000
248144;22;1;2015;20:30;0;RUA DAMASCENO GIRAO;;;1500;;Colis?úo Traseira;Via Iluminada;Bom;Seca;Meio de Quadra;Sem?íforo;Outros;0;0;2;1;1;0;0;0;0;0;0;0;-3,749336000000000;-38,539314000000000
248145;22;1;2015;18:50;0;AV AUGUSTO DOS ANJOS;;;2250;;Colis?úo Traseira;Via Iluminada;Bom;Seca;Meio de Quadra;N?úo H?í Controle;Comercial;0;1;1;0;1;0;0;0;1;0;0;0;-3,786270000000000;-38,584276000000000
248146;22;1;2015;17:40;0;RUA ANTONIO POMPEU;;;0;IJF;Atropelamento;Via Iluminada;Bom;Seca;Meio de Quadra;;Outros;0;1;1;0;1;0;0;0;0;0;0;0;;
248147;22;1;2015;20:00;1380;RUA TORRES CAMARA;RUA NUNES VALENTE;;0;;Colis?úo Lateral;Via Iluminada;Bom;Seca;Cruz;Pare;Residencial;0;0;2;1;0;0;0;0;0;0;0;0;-3,736618000000000;-38,503856000000000
248148;22;1;2015;13:00;0;AV JOSE BASTOS;;;0;;Colis?úo Traseira;Luz do Dia;Bom;Seca;Meio de Quadra;Sem?íforo Intermitente;Comercial;0;0;3;1;0;0;0;0;0;0;0;0;;
248149;22;1;2015;14:50;25149;AV DOM LUIS;RUA MON CATAO;;0;;Colis?úo Lateral;Luz do Dia;Bom;Seca;T;Pare;Comercial;0;0;2;1;0;0;0;0;0;0;0;0;-3,735758000000000;-38,489602000000000
248150;22;1;2015;13:00;8025;AV JOAO PESSOA;RUA PRO COSTA MENDES;;0;;Colis?úo Traseira;Luz do Dia;Bom;Seca;Cruz;Sem?íforo;Comercial;0;0;2;1;0;0;0;0;0;0;0;0;-3,752393000000000;-38,549441000000000
248151;22;1;2015;09:30;19608;RUA NEREU RAMOS;RUA TEN COSTA;;0;;Colis?úo;Luz do Dia;Bom;Seca;T;Pare;Residencial;0;1;3;1;0;0;1;0;0;0;0;0;-3,786862000000000;-38,567885000000000
248152;22;1;2015;15:20;0;AV HEROIS DO ACRE;;;1040;;Outros;Luz do Dia;Bom;Seca;Meio de Quadra;N?úo H?í Controle;Residencial;0;0;1;0;0;0;0;0;0;0;0;0;-3,803156000000000;-38,536500000000000
248153;22;1;2015;20:20;17469;AV BEIRA MAR;RUA MANUEL JACARE;;0;;Colis?úo Traseira;Via Iluminada;Bom;Seca;T;N?úo H?í Controle;Misto;0;0;2;1;0;0;0;0;0;0;0;0;-3,723328000000000;-38,487276000000000
248154;22;1;2015;19:00;0;AV ENG LUIS VIEIRA;;;555;;Atropelamento;;Bom;;Meio de Quadra;Gesto;;0;1;1;1;0;0;0;0;0;0;0;0;-3,732652000000000;-38,466804000000000
248155;22;1;2015;16:00;0;AV ANTONIO SALES;;;2850;;Colis?úo Transversal;Luz do Dia;Bom;Seca;Meio de Quadra;N?úo H?í Controle;Misto;0;0;2;1;0;0;0;0;0;0;0;0;-3,746632000000000;-38,498546000000000
248156;22;1;2015;05:45;0;AV GODOFREDO MACIEL;;;2106;;Colis?úo Traseira;;Bom;Seca;Meio de Quadra;;Residencial;0;0;2;1;1;0;0;0;0;0;0;0;-3,793838000000000;-38,569022000000000
248157;22;1;2015;08:30;26220;RUA JOSE DUTRA;RUA WALDIR DIOGO;;0;;Colis?úo Lateral;Luz do Dia;Bom;Seca;;;;0;0;2;0;1;0;0;0;0;1;0;0;;
248158;22;1;2015;20:00;0;AV SEN FERNANDES TAVORA;;;541;;Colis?úo Lateral;Via Iluminada;Bom;Seca;Meio de Quadra;N?úo H?í Controle;Residencial;0;0;2;1;1;0;0;0;0;0;0;0;-3,764720000000000;-38,577416000000000
248159;22;1;2015;08:30;18508;AV GOV PARSIFAL BARROSO;RUA 3 LT SINCOL;;0;;Colis?úo Transversal;Luz do Dia;Bom;Seca;Duplo T;Pare;Comercial;0;1;2;0;0;0;1;0;0;0;0;0;-3,734636000000000;-38,568890000000000
248160;22;1;2015;07:40;18404;AV SGT HERMINIO SAMPAIO;AV GOV PARSIFAL BARROSO;;0;;Colis?úo;Luz do Dia;Bom;Seca;Cruz;Sem?íforo;Comercial;0;0;2;1;1;0;0;0;0;0;0;0;-3,727916000000000;-38,569276000000000
248161;22;1;2015;09:30;24392;AV LUCIANO CARNEIRO;RUA TEODORICO BARROSO;;0;;Colis?úo Transversal;Luz do Dia;Bom;Seca;Cruz;Pare;Misto;0;0;2;1;0;0;0;0;0;0;0;0;-3,767956000000000;-38,537620000000000
248162;22;1;2015;15:50;0;AV SANTOS DUMONT;;;0;;Colis?úo Traseira;Luz do Dia;Bom;Seca;Meio de Quadra;N?úo H?í Controle;Misto;0;0;2;1;0;0;1;0;0;0;0;0;;
248163;22;1;2015;11:00;0;RUA TAVARES COUTINHO;;;2050;;Colis?úo Traseira;Luz do Dia;Bom;Seca;Meio de Quadra;N?úo H?í Controle;Misto;0;0;2;1;0;0;0;0;0;0;0;0;-3,732469000000000;-38,484505000000000
248164;22;1;2015;17:40;0;RUA JACINTO MATOS;;;0;;Colis?úo Traseira;Via Iluminada;Bom;Seca;Meio de Quadra;Sem?íforo;Misto;0;0;2;1;0;0;0;0;0;0;0;0;;
248165;22;1;2015;09:00;0;RUA ALVES BATISTA;;;419;;Capotamento;Luz do Dia;Bom;Seca;Meio de Quadra;N?úo H?í Controle;Residencial;0;1;0;1;0;0;0;0;0;0;0;0;-3,760787000000000;-38,601364000000000
248166;22;1;2015;12:30;0;RUA JAIME BENEVOLO;;;1020;;Colis?úo Transversal;Luz do Dia;Bom;Seca;Meio de Quadra;N?úo H?í Controle;Residencial;0;0;2;1;0;0;0;0;0;0;0;0;-3,741142000000000;-38,528361000000000
253287;22;1;2015;15:30;0;RD BR 116;;;2000;KM-02;Colis?úo Lateral;Luz do Dia;Bom;Seca;Meio de Quadra;N?úo H?í Controle;Comercial;0;0;2;1;0;0;0;0;0;1;0;0;-3,771391000000000;-38,516780000000000
253344;22;1;2015;08:35;0;RD BR 116;;;2000;KM-02;Colis?úo Lateral;Luz do Dia;Bom;Seca;Meio de Quadra;N?úo H?í Controle;Comercial;0;0;2;1;0;0;0;0;0;1;0;0;-3,771391000000000;-38,516780000000000
253346;22;1;2015;23:00;0;RD BR 116;;;3000;KM-03;Colis?úo Lateral;Via Iluminada;Bom;Seca;Meio de Quadra;N?úo H?í Controle;Comercial;0;1;1;0;0;0;1;0;0;1;0;0;-3,779838000000000;-38,514372000000000
253319;22;1;2015;07:30;0;RD BR 116;;;3000;KM-03;Colis?úo Traseira;Luz do Dia;Bom;Seca;Meio de Quadra;N?úo H?í Controle;Comercial;0;0;2;0;1;0;0;0;0;0;0;0;-3,779838000000000;-38,514372000000000
253355;22;1;2015;09:50;0;RD BR 116;;;7000;KM-07;Colis?úo Lateral;Luz do Dia;Bom;Outros;Meio de Quadra;N?úo H?í Controle;;0;0;2;1;0;0;0;0;0;0;0;0;-3,813246000000000;-38,501101000000000
259110;22;1;2015;10:30;0;RD CE-040;;;0;KM-06;Colis?úo;Luz do Dia;;Seca;Meio de Quadra;;;0;0;2;1;0;0;1;0;0;0;0;0;-3,811270000000000;-38,478781000000000
259111;22;1;2015;12:10;0;RD CE-040;;;0;KM-05;Colis?úo Traseira;Luz do Dia;;Seca;Meio de Quadra;;;0;0;2;1;0;0;0;0;0;0;0;0;-3,790876000000000;-38,480349000000000
259153;22;1;2015;10:15;0;RUA BARBOSA DE FREITAS;;;0;;Colis?úo;Luz do Dia;;;;;;0;0;2;1;0;0;0;0;0;0;0;0;;
259154;22;1;2015;13:33;0;RUA GONCALVES LEDO;;;0;;Colis?úo;Luz do Dia;;;Meio de Quadra;;;0;0;2;1;0;0;0;0;0;0;0;0;;
259159;22;1;2015;13:56;0;AV JOSE BASTOS;;;0;;Colis?úo;Luz do Dia;;;Meio de Quadra;;;0;0;3;1;0;0;0;0;0;0;0;0;;
263049;22;1;2015;10:05;0;AV ROGACIANO LEITE;;;2851;;Colis?úo;Luz do Dia;;;Meio de Quadra;;;0;0;2;0;0;0;0;0;0;0;0;0;-3,783697000000000;-38,502496000000000
263050;22;1;2015;10:45;0;AV DR SILAS MUNGUBA;;;0;;Colis?úo;Luz do Dia;;;Meio de Quadra;;;0;0;2;0;0;0;0;0;0;0;0;0;;
263051;22;1;2015;10:46;0;AV JOSE BASTOS;;;2633;;Colis?úo;Luz do Dia;;;Meio de Quadra;;;0;0;2;0;0;0;0;0;0;0;0;0;;
263052;22;1;2015;11:35;0;RUA TEODOMIRO DE CASTRO;;;6404;;Colis?úo;Luz do Dia;;;Meio de Quadra;;;0;0;2;0;0;0;0;0;0;0;0;0;-3,716589000000000;-38,577502000000000
263053;22;1;2015;14:53;0;AV OLIVEIRA PAIVA;;;0;;Colis?úo;Luz do Dia;;;Meio de Quadra;;;0;0;2;0;0;0;0;0;0;0;0;0;;
263054;22;1;2015;17:08;0;RUA MANUEL ARRUDA;;;991;;Colis?úo;Anoitecer;;;Meio de Quadra;;;0;0;2;0;0;0;0;0;0;0;0;0;;
263055;22;1;2015;19:11;0;RUA JOSE VILAR;;;0;;Colis?úo;;;;Meio de Quadra;;;0;0;2;0;0;0;0;0;0;0;0;0;;
263043;22;1;2015;08:22;7892;RUA PRO DIAS DA ROCHA;RUA PRO FRANCISCO GONCALVES;;0;;Colis?úo;Luz do Dia;;;Cruz;Pare;Comercial;0;0;2;0;0;0;0;0;0;0;0;0;-3,748582000000000;-38,495852000000000
263044;22;1;2015;09:48;0;RUA BILL CARTAXO;;;1321;;Colis?úo;Luz do Dia;;;Meio de Quadra;;;0;0;2;0;0;0;0;0;0;0;0;0;;
263047;22;1;2015;09:51;0;AV PINTO BANDEIRA D56;;;0;;Colis?úo;Luz do Dia;;;Meio de Quadra;;;0;0;2;0;0;0;0;0;0;0;0;0;;
260148;22;1;2015;03:41;0;AV GODOFREDO MACIEL;;;0;;Queda;;;;Meio de Quadra;;;0;1;0;0;0;0;0;0;0;1;0;0;-3,808424000000000;-38,573641000000000
260149;22;1;2015;07:05;0;RUA RAIMUNDO NERY;;;0;;Queda;Luz do Dia;;;Meio de Quadra;;;0;1;0;0;0;0;0;0;0;1;0;0;-3,792286000000000;-38,587217000000000
260150;22;1;2015;07:59;0;AV GODOFREDO MACIEL;;;0;;Colis?úo;Luz do Dia;;;Meio de Quadra;;;0;1;1;1;0;0;0;0;0;1;0;0;;
260152;22;1;2015;08:55;0;AV SEN CARLOS JEREISSATI (AEROPORTO);;;0;;Queda;Luz do Dia;;;Meio de Quadra;;;0;0;1;0;0;0;0;0;0;1;0;0;;
260153;22;1;2015;09:10;0;AV EDILSON B SOARES;;;0;;Colis?úo;Luz do Dia;;;Meio de Quadra;;;0;1;1;1;0;0;0;0;0;1;0;0;-3,788902000000000;-38,474232000000000
260154;22;1;2015;09:19;0;RUA ALBANO AMARAL;;;0;;Colis?úo;Luz do Dia;;;Meio de Quadra;;;0;1;1;1;0;0;0;0;0;1;0;0;-3,797862000000000;-38,584714000000000
260165;22;1;2015;17:07;0;AV PERIMETRAL;;;0;;Colis?úo;Anoitecer;;;Meio de Quadra;;;0;1;1;1;0;0;0;0;0;1;0;0;;
260166;22;1;2015;18:54;0;AV ENG ALBERTO SA;;;0;;Atropelamento;;;;Meio de Quadra;;;0;1;1;1;0;0;0;0;0;0;0;0;-3,735144000000000;-38,473803000000000
260167;22;1;2015;19:17;10503;RUA ANTONIO CANDEIA;RUA JOSE BELCHIOR;;0;;Colis?úo;;;;Cruz;Pare;;0;2;0;0;0;0;0;0;0;1;0;0;-3,829187000000000;-38,480362000000000
260168;22;1;2015;20:09;0;RUA ILDEFONSO ALBANO;;;0;;Colis?úo;;;;Meio de Quadra;;;0;1;1;1;0;0;0;0;0;1;0;0;-3,742607000000000;-38,516367000000000
260169;22;1;2015;21:02;0;RUA SILVA PAULET;;;0;;Queda;;;;Meio de Quadra;;;0;1;0;0;0;0;0;0;0;1;0;0;-3,748384000000000;-38,509933000000000
260170;22;1;2015;22:22;0;AV ABOLICAO;;;0;;Colis?úo;;;;Meio de Quadra;;;0;1;1;1;0;0;0;0;0;1;0;0;;
260160;22;1;2015;12:00;0;AV OLIVEIRA PAIVA;;;0;;Colis?úo;Luz do Dia;;;Meio de Quadra;;;0;1;1;1;0;0;0;0;0;1;0;0;-3,796180000000000;-38,488305000000000
260161;22;1;2015;16:34;19469;AV AUGUSTO DOS ANJOS;AV GAL OSORIO DE PAIVA;;0;;Colis?úo;Luz do Dia;;;Outros;Pare;Misto;0;0;2;0;0;0;0;0;0;0;0;0;-3,787349000000000;-38,584939000000000
260162;22;1;2015;17:01;0;AV PERIMETRAL;;;0;;Colis?úo;Anoitecer;;;Meio de Quadra;;;0;1;1;1;0;0;0;0;0;1;0;0;;
260157;22;1;2015;10:42;0;RUA PE CARLOS DE ALENCAR;;;0;;Colis?úo;Luz do Dia;;;Meio de Quadra;;;0;1;1;1;0;0;0;0;0;1;0;0;-3,828742000000000;-38,493130000000000
260158;22;1;2015;11:24;0;AV PRS CASTELO BRANCO;;;0;;Atropelamento;Luz do Dia;;;Meio de Quadra;;;0;1;1;1;0;0;0;0;0;0;0;0;;
260175;23;1;2015;15:01;0;RUA APOCALIPSE (MONDUBIM);RUA QUIXADA D06;;0;;Colis?úo;Luz do Dia;;;;;;0;2;1;1;0;0;0;0;0;1;0;0;;
260176;23;1;2015;13:33;0;AV PERIMETRAL;;;0;;Colis?úo;Luz do Dia;;;Meio de Quadra;;;0;1;1;1;0;0;0;0;0;1;0;0;;
260178;23;1;2015;17:45;0;RD BR 116;;;10000;KM-10;Colis?úo;Anoitecer;;;Meio de Quadra;;;0;1;1;1;0;0;0;0;0;1;0;0;-3,834435000000000;-38,503373000000000
260180;23;1;2015;19:12;21611;RUA JOAO RAMALHO;RUA COM GARCIA;;0;;Colis?úo;;;;Cruz;Pare;Residencial;0;1;1;0;0;0;0;0;0;0;0;0;-3,799067000000000;-38,588536000000000
260181;23;1;2015;19:36;0;AV WASHINGTON SOARES;;;0;;Atropelamento;;;;Meio de Quadra;;;0;1;1;1;0;0;0;0;0;0;0;0;-3,809556000000000;-38,478772000000000
260184;23;1;2015;21:37;0;RUA PDE PEDRO DE ALENCAR;;;0;;Colis?úo;;;;Meio de Quadra;;;0;1;1;1;0;0;0;0;0;1;0;0;-3,837197000000000;-38,494171000000000
260185;23;1;2015;22:00;0;RUA 15 DE NOVEMBRO;;;808;;Colis?úo;;;;Meio de Quadra;;;0;1;1;1;0;0;0;0;0;1;0;0;-3,769943000000000;-38,553072000000000
260186;23;1;2015;22:26;0;AV PERIMETRAL;;;0;;Queda;;;;Meio de Quadra;;;0;1;0;0;0;0;0;0;0;1;0;0;;
260171;23;1;2015;00:38;0;AV HEROIS DO ACRE;;;1040;;Colis?úo;;;;Meio de Quadra;;;0;1;1;0;0;0;0;0;0;0;0;0;-3,803156000000000;-38,536500000000000
260172;23;1;2015;02:12;0;AV ENG HUMBERTO MONTE;;;0;;Queda;;;;Meio de Quadra;;;0;1;0;0;0;0;0;0;0;1;0;0;;
260173;23;1;2015;07:31;21787;RUA JOAO TINOCO;RUA ROSALVO QUINDERE;;0;;Colis?úo;Luz do Dia;;;;;;0;1;1;1;0;1;0;0;0;0;0;0;-3,729681000000000;-38,591825000000000