COD_ACIDENTE;DIA;MES;ANO;HORA;INTERSECAO;LOG1;LOG2;LOG3;NUMERO;REFERENCIA;NATUREZA;ILUMINACAO;TEMPO;SUPERFICIEPISTA;TIPOCRUZAMENTO;CONTROLETRAFEGO;USOSOLO;MORTOS;FERIDOS;ILESOS;AUTOMOVEL;ONIBUS;BICICLETA;CAMINHAO;MICROONIBUS;CICLOMOTOR;MOTOCICLETA;TRACAOANIMAL;TREM;LATITUDE;LONGITUDE
260190;23;1;2015;23:20;0;AV JOSE BASTOS;;;0;;Colis?úo;;;;Meio de Quadra;;;0;1;1;1;0;0;0;0;0;1;0;0;;
263135;23;1;2015;00:29;23519;RUA ANA GONCALVES;RUA CAP GUSTAVO;;0;;Colis?úo;;;;Cruz;Pare;Residencial;0;0;2;0;0;0;0;0;0;0;0;0;-3,759819000000000;-38,515797000000000
263136;23;1;2015;09:55;0;RUA BAIXA DO MILAGRE;;;3200;;Colis?úo Frontal;Luz do Dia;;;Meio de Quadra;;;0;0;2;0;0;0;0;0;0;0;0;0;-3,730652000000000;-38,603636000000000
263137;23;1;2015;10:22;13564;RUA CASTRO ALVES;RUA CAP GUSTAVO;;0;;Colis?úo;Luz do Dia;;;Cruz;Pare;Residencial;0;0;2;0;0;0;0;0;0;0;0;0;-3,749887000000000;-38,517747000000000
263140;23;1;2015;10:58;0;RUA JOAQUIM FROTA;;;1390;;Colis?úo;Luz do Dia;;;Meio de Quadra;;;0;0;2;0;0;0;0;0;0;0;0;0;-3,800804000000000;-38,466066000000000
263143;23;1;2015;10:58;0;AV DOM MANUEL;;;591;;Colis?úo;Luz do Dia;;;Meio de Quadra;;;0;0;2;0;0;0;0;0;0;0;0;0;-3,729250000000000;-38,521396000000000
263147;23;1;2015;15:27;0;AV ZUCA ACIOLY;;;275;;Colis?úo;Luz do Dia;;;Meio de Quadra;;;0;0;2;0;0;0;0;0;0;0;0;0;-3,748832000000000;-38,466246000000000
263149;23;1;2015;17:11;0;RUA JORGE FIGUEIREDO (ANCURI);;;1772;;Colis?úo;Anoitecer;;;Meio de Quadra;;;0;0;2;0;0;0;0;0;0;0;0;0;;
263151;23;1;2015;22:22;0;RUA GABRIEL FIUZA;;;0;;Colis?úo;;;;Meio de Quadra;;;0;0;2;0;0;0;0;0;0;0;0;0;;
263158;23;1;2015;20:25;17921;RUA PDE GUILHERME;RUA SEN ALVARO ADOLFO;;0;;Colis?úo;;;;;;;0;0;2;0;0;0;0;0;0;0;0;0;-3,733086000000000;-38,578264000000000
263159;23;1;2015;22:01;9131;AV 13 DE MAIO;AV LUCIANO CARNEIRO;;0;;Colis?úo;;;;;;;0;0;2;0;0;0;0;0;0;0;0;0;-3,747615000000000;-38,531331000000000
263161;23;1;2015;22:31;0;AV CASTELO DE CASTRO;;;0;;Queda;;;;Meio de Quadra;;;0;0;1;0;0;0;0;0;0;1;0;0;;
263175;23;1;2015;22:45;0;AV ALM HENRIQUE SABOIA;;;0;;Queda;;;;Meio de Quadra;;;0;0;1;0;0;0;0;0;0;1;0;0;;
253407;23;1;2015;20:15;0;RD BR 222;;;0;KM 00;Colis?úo Lateral;Via Iluminada;Bom;Seca;Meio de Quadra;N?úo H?í Controle;Escola;0;1;1;1;0;0;0;0;0;1;0;0;-3,736611000000000;-38,569072000000000
248167;23;1;2015;09:50;0;RUA TIBURCIO CAVALCANTE;;;1400;;Colis?úo;Luz do Dia;Bom;Seca;Meio de Quadra;N?úo H?í Controle;Residencial;0;0;2;1;0;0;0;0;0;0;0;0;-3,737012000000000;-38,502928000000000
248168;23;1;2015;10:40;7762;AV ANTONIO SALES;RUA NUNES VALENTE;;0;;Colis?úo Transversal;Luz do Dia;Bom;Seca;Cruz;Pare;Residencial;0;0;2;1;0;0;0;0;0;0;0;0;-3,744237000000000;-38,506314000000000
248169;23;1;2015;09:00;8886;RUA BELA CRUZ;RUA JUSTINIANO DE SERPA;;0;;Colis?úo Transversal;Luz do Dia;Bom;Seca;Cruz;Pare;Residencial;0;0;2;1;0;0;0;0;0;0;0;0;-3,734024000000000;-38,542256000000000
248170;23;1;2015;15:29;0;RUA NELSON COELHO;;;0;;Colis?úo Transversal;Luz do Dia;Bom;Seca;Meio de Quadra;Pare;Residencial;0;1;1;0;1;0;0;0;0;1;0;0;-3,828068000000000;-38,463794000000000
248171;23;1;2015;16:00;23557;RUA BELISARIO TAVORA;AV GOV RAUL BARBOSA;;0;;Colis?úo Traseira;Luz do Dia;Bom;Seca;T;Pare;Comercial;0;0;2;1;0;0;0;0;0;0;0;0;-3,761108000000000;-38,505537000000000
248172;23;1;2015;07:00;19935;RUA JORGE ACURCIO;RUA FRANCISCO LORDA;;0;;Colis?úo Transversal;Luz do Dia;Bom;Seca;Cruz;Cancela;Residencial;0;1;1;1;0;0;0;0;0;1;0;0;-3,762325000000000;-38,530533000000000
248173;23;1;2015;10:45;25125;RUA DNA LEOPOLDINA;RUA ROCHA LIMA;;0;;Colis?úo Transversal;Luz do Dia;Bom;Seca;Cruz;Pare;Comercial;0;0;3;1;0;0;0;0;0;0;0;0;-3,736665000000000;-38,521427000000000
248174;23;1;2015;09:40;13410;RUA ANTONIO AUGUSTO;RUA JOAQUIM TORRES;;0;;Colis?úo Transversal;Luz do Dia;Bom;Seca;Cruz;Pare;Residencial;0;0;2;1;0;0;0;0;0;0;0;0;-3,741755000000000;-38,517263000000000
248175;23;1;2015;10:00;19611;AV GODOFREDO MACIEL;RUA NEREU RAMOS;;0;;Colis?úo Transversal;Luz do Dia;Bom;Seca;T;Sem?íforo;Comercial;0;1;1;1;0;0;0;0;0;1;0;0;-3,787250000000000;-38,566802000000000
248176;23;1;2015;16:40;15124;AV BEIRA MAR;RUA FRANCISCO DIAS RIBEIRO;;0;;Colis?úo Lateral;Luz do Dia;Bom;Seca;T;Pare;Residencial;0;1;1;1;0;0;0;0;0;1;0;0;-3,723428000000000;-38,504211000000000
248177;23;1;2015;14:15;0;RUA CEL MATOS DOURADO;;;0;;Colis?úo Traseira;Luz do Dia;Bom;Seca;Meio de Quadra;Pare;Misto;0;0;2;1;0;0;0;0;0;0;0;0;;
248178;23;1;2015;;0;AV DOS EXPEDICIONARIOS;;;0;;Colis?úo Traseira;Luz do Dia;Bom;Seca;Meio de Quadra;N?úo H?í Controle;Comercial;0;2;0;1;0;0;0;0;0;0;0;0;;
248179;23;1;2015;17:30;15399;AV FRE CIRILO;RUA ALMEIDA REGO;;0;;Colis?úo;Via Iluminada;Bom;Seca;T;Sem?íforo;Comercial;0;0;2;1;0;0;0;0;0;0;0;0;-3,814967000000000;-38,498444000000000
248180;23;1;2015;18:00;1661;RUA JOAQUIM NABUCO;RUA VICENTE LINHARES;;0;;Colis?úo Lateral;Anoitecer;Bom;Seca;Cruz;Pare;Comercial;0;0;3;1;0;0;0;0;0;0;0;0;-3,741195000000000;-38,503180000000000
248181;23;1;2015;13:40;0;AV GAL OSORIO DE PAIVA;;;7037;;Colis?úo Lateral;;Bom;Seca;Meio de Quadra;N?úo H?í Controle;Comercial;0;0;2;1;0;0;1;0;0;0;0;0;-3,815435000000000;-38,612459000000000
248182;23;1;2015;18:30;0;AV 13 DE MAIO;;;2386;;Choque c/ Obst?ículo Fixo;Anoitecer;Bom;Seca;Meio de Quadra;N?úo H?í Controle;Comercial;0;0;2;0;0;0;1;0;0;0;0;0;-3,742181000000000;-38,537678000000000
248183;23;1;2015;;12745;RUA JULIO CESAR D12;RUA ANA NERY;;0;;Colis?úo Transversal;Luz do Dia;Bom;Seca;Cruz;Pare;Misto;0;0;2;1;0;0;0;0;0;0;0;0;-3,751712000000000;-38,544349000000000
248184;23;1;2015;18:00;18024;RUA RENATO BRAGA;AV ZEZE DIOGO;;0;;Colis?úo;Via Iluminada;Bom;Seca;Cruz;Sem?íforo;Comercial;0;0;2;1;0;0;0;0;0;0;0;0;-3,731905000000000;-38,457388000000000
248185;23;1;2015;15:40;15327;AV SEN VIRGILIO TAVORA;RUA ANA BILHAR;;0;;Colis?úo Lateral;Luz do Dia;Bom;Seca;Cruz;Sem?íforo Intermitente;Comercial;0;1;1;1;0;0;0;0;0;1;0;0;-3,730893000000000;-38,491262000000000
248186;23;1;2015;19:00;1451;RUA ROCHA LIMA;RUA ANTONIO AUGUSTO;;0;;Colis?úo Transversal;Via Iluminada;Bom;Seca;Cruz;Pare;Misto;0;0;2;1;0;0;0;0;0;0;0;0;-3,738344000000000;-38,516207000000000
248187;23;1;2015;07:00;1423;RUA TORRES CAMARA;RUA OSVALDO CRUZ (ALDEOTA);;0;;Colis?úo Transversal;Luz do Dia;Bom;Seca;Cruz;Sem?íforo;Residencial;0;0;2;1;0;0;0;0;0;0;0;0;-3,737574000000000;-38,500953000000000
248188;23;1;2015;17:30;0;RUA STO AMARO DO PICI;;;362;;Colis?úo Lateral;Mal Iluminada;Bom;Seca;Meio de Quadra;;Residencial;0;0;2;1;0;0;0;0;0;0;0;0;-3,754616000000000;-38,578369000000000
248189;23;1;2015;12:10;0;RUA JOSE VILAR;;;1939;;Colis?úo Lateral;Luz do Dia;Bom;Seca;Meio de Quadra;Sem?íforo Intermitente;Residencial;0;0;2;1;0;0;0;0;0;0;0;0;-3,741191000000000;-38,506410000000000
248190;23;1;2015;16:20;1512;AV RUI BARBOSA;RUA ROCHA LIMA;;0;;Colis?úo Lateral;Luz do Dia;Bom;Seca;Cruz;Pare;Comercial;0;1;1;1;0;0;0;0;0;1;0;0;-3,740096000000000;-38,510753000000000
248191;23;1;2015;16:40;0;AV RUI BARBOSA;;;1921;;Colis?úo Traseira;Luz do Dia;Bom;Seca;Meio de Quadra;N?úo H?í Controle;Comercial;0;1;1;1;0;0;0;0;0;1;0;0;-3,739471000000000;-38,510549000000000
248192;23;1;2015;19:00;0;AV ALBERTO CRAVEIRO;;;0;;Engavetamento;Via Iluminada;Bom;Seca;Meio de Quadra;N?úo H?í Controle;Comercial;0;0;3;1;0;0;1;0;0;0;0;0;;
248193;23;1;2015;10:00;21377;RUA PRO ANACLETO;RUA ANTERO COELHO;;0;;Colis?úo Lateral;Luz do Dia;Bom;Seca;T;Pare;Misto;0;0;2;1;0;0;0;0;0;0;0;0;-3,738399000000000;-38,552197000000000
248194;23;1;2015;10:00;0;RUA JOAQUIM NABUCO;;;970;;Colis?úo Lateral;Luz do Dia;Bom;Seca;Meio de Quadra;N?úo H?í Controle;Residencial;0;1;1;1;0;0;0;0;0;1;0;0;-3,734034000000000;-38,500887000000000
248202;23;1;2015;19:20;0;AV PRS COSTA E SILVA;;;61;JOSE WALTER;Colis?úo Traseira;Luz do Dia;Bom;Seca;Meio de Quadra;N?úo H?í Controle;Misto;0;0;1;1;0;0;0;0;0;1;0;0;-3,823282000000000;-38,551015000000000
248203;23;1;2015;15:10;20042;AV DEP PAULINO ROCHA;AV PRS JUSCELINO KUBITSCHEK (PASSAR?ë);;0;;Colis?úo Lateral;Luz do Dia;Bom;Seca;Rotat??ria;Pare;Comercial;0;0;2;1;0;0;0;0;0;0;0;0;-3,807229000000000;-38,524782000000000
248196;23;1;2015;13:00;9155;AV LUCIANO CARNEIRO;AV EDUARDO GIRAO;;0;;Colis?úo Traseira;Luz do Dia;Bom;Seca;Cruz;Sem?íforo;Residencial;0;0;2;1;0;0;0;0;0;0;0;0;-3,752275000000000;-38,532811000000000
248197;23;1;2015;13:45;0;RUA FRANCISCA CLOTILDE;;;1120;;Colis?úo Traseira;Via Iluminada;Bom;Seca;;;;0;0;2;1;0;0;0;0;0;0;0;0;-3,746390000000000;-38,556183000000000
248205;23;1;2015;08:30;5109;AV ALBERTO NEPOMUCENO;RUA DR JOAO MOREIRA;;0;;Colis?úo Lateral;Luz do Dia;Bom;Seca;Cruz;Sem?íforo;Comercial;0;0;2;1;0;0;0;0;0;0;0;0;-3,723737000000000;-38,524608000000000
256958;23;1;2015;00:10;25131;AV AUGUSTO DOS ANJOS;RUA PLANALTINA (BONSUCESSO);;0;;Colis?úo;;;;T;Pare;Comercial;0;1;0;1;0;0;0;0;0;1;0;0;-3,786544000000000;-38,584454000000000
259807;23;1;2015;12:36;13939;RUA VER PEDRO PAULO MOREIRA;RUA HONORIO VIEIRA;;0;;Colis?úo;Luz do Dia;;;Cruz;Pare;Residencial;0;0;2;1;0;0;0;0;0;0;0;0;-3,787289000000000;-38,486544000000000
259811;23;1;2015;16:26;3820;AV CARAPINIMA;AV 13 DE MAIO;;0;;Colis?úo;Luz do Dia;;;Cruz;Sem?íforo;Comercial;0;0;2;1;1;0;0;0;0;0;0;0;-3,740001000000000;-38,540239000000000
249867;23;1;2015;13:00;0;RUA ERICO MOTA;;;464;;Colis?úo Traseira;Luz do Dia;Bom;Seca;Meio de Quadra;N?úo H?í Controle;Residencial;0;1;1;1;0;0;0;0;0;0;0;0;-3,739996000000000;-38,562043000000000
259812;24;1;2015;09:08;25018;RUA TEODOMIRO DE CASTRO;RUA FRANCISCO CALACA;;0;;Colis?úo;Luz do Dia;;;T;Pare;Comercial;0;0;2;1;1;0;0;0;0;0;0;0;-3,717748000000000;-38,574380000000000
259814;24;1;2015;10:56;0;RUA TAVARES COUTINHO;AV ALM HENRIQUE SABOIA;;0;;Colis?úo;Luz do Dia;;;;;;0;0;2;1;0;0;1;0;0;0;0;0;;
259816;24;1;2015;11:23;0;RUA PEDRO PEREIRA;;;636;;Colis?úo;Luz do Dia;;;Meio de Quadra;;;0;0;2;1;1;0;0;0;0;0;0;0;-3,728864000000000;-38,531059000000000
256963;24;1;2015;10:25;0;AV PRS CASTELO BRANCO;;;1001;;Colis?úo;Luz do Dia;;;Meio de Quadra;;;0;1;1;1;0;0;0;0;0;1;0;0;-3,719131000000000;-38,532533000000000
256964;24;1;2015;18:54;9155;AV EDUARDO GIRAO;AV LUCIANO CARNEIRO;;0;;Colis?úo;;;;Cruz;Sem?íforo;Comercial;0;0;2;0;0;0;0;0;0;0;0;0;-3,752275000000000;-38,532811000000000
248206;24;1;2015;15:01;5109;RUA DR JOAO MOREIRA;AV ALBERTO NEPOMUCENO;;0;;Colis?úo Lateral;Luz do Dia;Bom;Seca;T;Sem?íforo;Comercial;0;0;2;1;1;0;0;0;0;0;0;0;-3,723737000000000;-38,524608000000000
248207;24;1;2015;06:45;0;RUA BAR ARATANHA;;;999;;Choque c/ Obst?ículo Fixo;Luz do Dia;Bom;Seca;Meio de Quadra;N?úo H?í Controle;Residencial;0;0;1;1;0;0;0;0;0;0;0;0;-3,741701000000000;-38,529326000000000
248198;24;1;2015;22:00;0;AV BEZERRA DE MENEZES;RUA PRO JOSE DE BARCELOS;;0;;Colis?úo Lateral;Via Iluminada;Bom;Seca;Meio de Quadra;Sem?íforo;Comercial;0;0;2;1;0;0;0;0;0;0;0;0;;
248199;24;1;2015;10:45;0;AV SEN FERNANDES TAVORA;;;3227;;Colis?úo Lateral;Luz do Dia;Bom;Seca;Meio de Quadra;N?úo H?í Controle;Comercial;0;0;2;1;1;0;0;0;0;0;0;0;-3,754643000000000;-38,600903000000000
248200;24;1;2015;16:15;5433;RUA METON DE ALENCAR;RUA MAJ FACUNDO;;0;;Colis?úo Transversal;Mal Iluminada;Bom;Seca;Cruz;Pare;Rural;0;0;2;1;0;0;1;0;0;0;0;0;-3,733917000000000;-38,529899000000000
248201;24;1;2015;15:30;0;AV JOSE SABOIA;;;400;;Colis?úo Lateral;Luz do Dia;Bom;Seca;Meio de Quadra;N?úo H?í Controle;Industrial;0;1;2;0;0;0;0;0;0;1;0;0;-3,717020000000000;-38,467586000000000
248204;24;1;2015;16:30;10420;RUA DAS PEDRINHAS;RUA LUIZ MARIANO;;0;;Colis?úo Transversal;Via Iluminada;Bom;Seca;Cruz;N?úo H?í Controle;Residencial;0;0;2;1;0;0;0;0;0;1;0;0;-3,761937000000000;-38,600122000000000
248195;24;1;2015;05:40;5460;AV HERACLITO GRACA;RUA NOGUEIRA ACIOLI;;0;;Colis?úo Transversal;Amanhecer;Bom;;Cruz;Sem?íforo;Comercial;0;1;1;1;0;0;0;0;0;1;0;0;-3,735440000000000;-38,518518000000000
253409;24;1;2015;10:00;0;RD BR 222;;;0;KM-02;Colis?úo Lateral;Luz do Dia;Bom;Seca;Meio de Quadra;N?úo H?í Controle;Comercial;0;0;3;1;1;0;0;1;0;0;0;0;-3,738951000000000;-38,586880000000000
263192;24;1;2015;00:57;0;RUA COS TRISTAO;;;1032;;Colis?úo;;;;Meio de Quadra;;;0;0;2;0;0;0;0;0;0;0;0;0;-3,743177000000000;-38,528108000000000
263194;24;1;2015;07:00;0;RUA TEBAS;;;0;;Atropelamento;Luz do Dia;;;Meio de Quadra;;;0;0;2;0;0;0;0;0;0;0;0;0;;
263204;24;1;2015;09:41;0;AV DA UNIVERSIDADE;;;2932;;Colis?úo;Luz do Dia;;;Meio de Quadra;;;0;0;2;0;0;0;0;0;0;0;0;0;-3,741798000000000;-38,539900000000000
259165;24;1;2015;11:03;0;AV JOAO PESSOA;;;0;;Colis?úo;Luz do Dia;;;Meio de Quadra;;;0;0;2;1;1;0;0;0;0;0;0;0;;
259169;24;1;2015;22:39;0;AV DOM LUIS;;;0;;Colis?úo;;;;Meio de Quadra;;;0;0;2;1;1;0;0;0;0;0;0;0;;
259167;24;1;2015;22:36;5177;RUA SEN POMPEU;RUA SAO PAULO;;0;;Colis?úo;;;;Cruz;Sem?íforo;Comercial;0;0;2;1;0;0;0;0;0;0;0;0;-3,725486000000000;-38,529196000000000
263215;24;1;2015;09:57;0;RUA EMILIO DE MENESES;;;1820;;Colis?úo;Luz do Dia;;;Meio de Quadra;;;0;0;2;0;0;0;0;0;0;0;0;0;-3,778921000000000;-38,597445000000000
263217;24;1;2015;10:32;0;RUA CON DE CASTRO;;;3701;;Colis?úo;Luz do Dia;;;Meio de Quadra;;;0;0;2;0;0;0;0;0;0;0;0;0;;
263220;24;1;2015;10:37;0;RUA ANTONIO CORREIA LIMA;;;3946;;Colis?úo;Luz do Dia;;;Meio de Quadra;;;0;0;2;0;0;0;0;0;0;0;0;0;-3,768509000000000;-38,543791000000000
263221;24;1;2015;11:05;10072;RUA CEL FABRICIANO;RUA CEL VIRGILIO NOGUEIRA (BOM JARDIM);;0;;Colis?úo;Luz do Dia;;;;;;0;0;2;0;0;0;0;0;0;0;0;0;-3,783041000000000;-38,606869000000000
263222;24;1;2015;11:24;0;AV CEL CARVALHO;;;968;;Colis?úo;Luz do Dia;;;Meio de Quadra;;;0;0;2;0;0;0;0;0;0;0;0;0;-3,710772000000000;-38,589646000000000
263223;24;1;2015;11:26;0;RUA COS LAFAYETE;;;856;;Colis?úo;Luz do Dia;;;Meio de Quadra;;;0;0;2;0;0;0;0;0;0;0;0;0;-3,717709000000000;-38,585742000000000
263224;24;1;2015;11:29;0;LOGRADOURO SEM NOME;;;0;;Colis?úo;Luz do Dia;;;Meio de Quadra;;;0;0;2;0;0;0;0;0;0;0;0;0;;
263225;24;1;2015;11:35;19651;AV GAL OSORIO DE PAIVA;RUA AFRANIO PEIXOTO;;0;;Colis?úo;Luz do Dia;;;Duplo T;Sem?íforo;Comercial;0;0;2;0;0;0;0;0;0;0;0;0;-3,780072000000000;-38,573584000000000
263226;24;1;2015;12:34;0;RUA PERGENTINO MAIA;;;0;;Colis?úo;Luz do Dia;;;Meio de Quadra;;;0;0;2;0;0;0;0;0;0;0;0;0;;
263227;24;1;2015;12:36;0;RUA PLANALTINA (BONSUCESSO);;;270;;Colis?úo;Luz do Dia;;;Meio de Quadra;;;0;0;2;0;0;0;0;0;0;0;0;0;-3,785108000000000;-38,586118000000000
263299;24;1;2015;13:20;0;RUA COS GALVAO;;;180;;Colis?úo;Luz do Dia;;;Meio de Quadra;;;0;0;2;0;0;0;0;0;0;0;0;0;-3,780995000000000;-38,567625000000000
263300;24;1;2015;14:30;0;RUA JOSE PEDRA;;;1433;;Colis?úo;Luz do Dia;;;Meio de Quadra;;;0;0;2;0;0;0;0;0;0;0;0;0;-3,800175000000000;-38,551093000000000
263301;24;1;2015;15:06;16057;AV PRS COSTA E SILVA;AV GODOFREDO MACIEL;;0;;Colis?úo;Luz do Dia;;;Cruz;Sem?íforo;Comercial;0;0;2;0;0;0;0;0;0;0;0;0;-3,811743000000000;-38,574739000000000
263303;24;1;2015;15:48;0;AV DR SILAS MUNGUBA;;;1534;;Colis?úo;Luz do Dia;;;Meio de Quadra;;;0;0;2;0;0;0;0;0;0;0;0;0;-3,784520000000000;-38,553475000000000
263304;24;1;2015;19:44;1576;RUA CEL JUCA;AV PDE ANTONIO TOMAS;;0;;Colis?úo;;;;Cruz;Sem?íforo;Misto;0;0;2;0;0;0;0;0;0;0;0;0;-3,742392000000000;-38,492803000000000
263305;24;1;2015;16:51;0;RUA PAULO FIRMEZA;;;889;;Colis?úo;Luz do Dia;;;Meio de Quadra;;;0;0;2;0;0;0;0;0;0;0;0;0;-3,757023000000000;-38,511767000000000
263306;24;1;2015;16:53;3324;RUA URUGUAI;RUA VIRIATO RIBEIRO;;0;;Colis?úo;Luz do Dia;;;Cruz;Pare;Residencial;0;0;2;0;0;0;0;0;0;0;0;0;-3,748176000000000;-38,563322000000000
263307;24;1;2015;17:02;5099;AV TRISTAO GONCALVES;RUA SEN ALENCAR;;0;;Colis?úo;Anoitecer;;;Cruz;Pare;Comercial;0;0;2;0;0;0;0;0;0;0;0;0;-3,723524000000000;-38,532122000000000
263308;24;1;2015;17:07;0;RUA TULIPA NEGRA;;;2257;;Colis?úo;Anoitecer;;;Meio de Quadra;;;0;0;2;0;0;0;0;0;0;0;0;0;-3,818117000000000;-38,599563000000000
263309;24;1;2015;17:09;0;RUA TEN BENEVOLO;;;382;;Colis?úo;Anoitecer;;;Meio de Quadra;;;0;0;2;0;0;0;0;0;0;0;0;0;-3,725222000000000;-38,517653000000000
263310;24;1;2015;18:36;0;AV AGUANAMBI;;;0;;Colis?úo;;;;Meio de Quadra;;;0;0;2;0;0;0;0;0;0;0;0;0;;
263311;24;1;2015;18:43;0;RUA PRS PRUDENTE;;;0;;Colis?úo;;;;Meio de Quadra;;;0;1;1;0;0;0;0;0;0;0;0;0;;
263312;24;1;2015;18:56;0;AV PRS CASTELO BRANCO;;;103;;Colis?úo;;;;Meio de Quadra;;;0;0;2;0;0;0;0;0;0;0;0;0;;
263313;24;1;2015;19:05;9755;RUA EDSON MARTINS;RUA TRES CORACOES;;0;;Colis?úo;;;;;;;0;0;2;0;0;0;0;0;0;0;0;0;-3,787046000000000;-38,609844000000000
263314;24;1;2015;19:07;0;AV CONTORNO NORTE D71;;;306;;Colis?úo;;;;Meio de Quadra;;;0;0;2;0;0;0;0;0;0;0;0;0;;
263315;24;1;2015;20:18;0;AV LUCIANO CARNEIRO;;;635;;Colis?úo;;;;Meio de Quadra;;;0;0;2;0;0;0;0;0;0;0;0;0;-3,754604000000000;-38,533531000000000
263316;24;1;2015;20:22;23493;RUA SABINO MONTE;RUA CARVALHO JUNIOR;;0;;Colis?úo;;;;Cruz;Pare;Residencial;0;0;2;0;0;0;0;0;0;0;0;0;-3,758605000000000;-38,511538000000000
263317;24;1;2015;20:27;0;RUA CRUZEIRO VELHO;;;177;;Colis?úo;;;;Meio de Quadra;;;0;0;2;0;0;0;0;0;0;0;0;0;;
263318;24;1;2015;20:49;0;AV N CJ JOSE WALTER;;;0;;Colis?úo;;;;Meio de Quadra;;;0;0;2;0;0;0;0;0;0;0;0;0;;
263319;24;1;2015;20:54;0;AV SGT HERMINIO SAMPAIO;;;0;;Colis?úo;;;;Meio de Quadra;;;0;0;2;0;0;0;0;0;0;0;0;0;;
263320;24;1;2015;21:02;0;AV RUI BARBOSA;;;2370;;Colis?úo;;;;Meio de Quadra;;;0;0;2;0;0;0;0;0;0;0;0;0;-3,742689000000000;-38,511594000000000
263321;24;1;2015;21:36;3408;RUA MATOS VASCONCELOS;RUA DES PRAXEDES;;0;;Colis?úo;;;;Cruz;Pare;Residencial;0;0;2;0;0;0;0;0;0;0;0;0;-3,755879000000000;-38,554688000000000
263322;24;1;2015;22:21;0;AV SEN FERNANDES TAVORA;;;0;;Colis?úo;;;;Meio de Quadra;;;0;0;2;0;0;0;0;0;0;0;0;0;;
263323;24;1;2015;22:58;0;AV PRS JUSCELINO KUBITSCHEK (PASSAR?ë);;;3653;;Colis?úo;;;;Meio de Quadra;;;0;0;2;0;0;0;0;0;0;0;0;0;-3,814189000000000;-38,530095000000000
263324;24;1;2015;23:08;15370;AV DOM LUIS;AV SEN VIRGILIO TAVORA;;0;;Colis?úo;;;;Cruz;Sem?íforo;Comercial;0;0;2;0;0;0;0;0;0;0;0;0;-3,734829000000000;-38,492507000000000
263325;24;1;2015;23:09;16144;RUA ARTUR DE SOUZA;AV GODOFREDO MACIEL;;0;;Colis?úo;;;;;;;0;0;2;0;0;0;0;0;0;0;0;0;-3,823532000000000;-38,578525000000000
263297;24;1;2015;12:44;0;RUA ITAPOA;;;0;;Colis?úo;Luz do Dia;;;Meio de Quadra;;;0;0;2;0;0;0;0;0;0;0;0;0;;
259112;24;1;2015;09:38;0;AV SEN CARLOS JEREISSATI (AEROPORTO);;;0;KM 03;Colis?úo;Luz do Dia;;Seca;Meio de Quadra;;;0;0;2;1;0;0;0;0;0;0;0;0;-3,780382000000000;-38,541414000000000
260238;24;1;2015;16:06;0;AV DEP PAULINO ROCHA;;;0;;Colis?úo;Luz do Dia;;;Meio de Quadra;;;0;1;1;1;0;0;0;0;0;1;0;0;;
260242;24;1;2015;16:50;0;AV PRS CASTELO BRANCO;;;0;;Queda;Luz do Dia;;;Meio de Quadra;;;0;1;0;0;0;1;0;0;0;0;0;0;-3,703762000000000;-38,579797000000000
260244;24;1;2015;17:21;0;RUA 1 LT ARVOREDO;;;0;;Queda;Anoitecer;;;Meio de Quadra;;;0;1;0;0;0;0;0;0;0;1;0;0;;
260246;24;1;2015;17:26;0;RUA CESAR FONTENELE;;;121;;Colis?úo;Anoitecer;;;Meio de Quadra;;;0;1;1;1;0;0;0;0;0;1;0;0;-3,745934000000000;-38,557644000000000
260248;24;1;2015;17:53;0;RUA 30 DE MAIO D73;RUA ALVES BATISTA;;0;;Colis?úo;Anoitecer;;;;;;0;2;1;1;0;0;0;0;0;1;0;0;;
260260;24;1;2015;21:12;0;AV ALBERTO CRAVEIRO;;;0;;Colis?úo;;;;Meio de Quadra;;;0;1;1;1;0;0;0;0;0;0;0;0;;
260261;24;1;2015;21:35;0;RUA PRO COSTA MENDES;;;0;;Colis?úo;;;;Meio de Quadra;;;0;1;1;1;0;0;0;0;0;1;0;0;-3,751524000000000;-38,550428000000000
260262;24;1;2015;22:38;0;AV GAL OSORIO DE PAIVA;;;0;;Colis?úo;;;;Meio de Quadra;;;0;1;1;1;0;0;0;0;0;1;0;0;-3,805131000000000;-38,602495000000000
260263;24;1;2015;22:50;0;AV DR SILAS MUNGUBA;;;0;;Queda;;;;Meio de Quadra;;;0;1;0;0;0;0;0;0;0;1;0;0;-3,784520000000000;-38,553475000000000
260264;24;1;2015;23:03;0;AV EDILSON B SOARES;;;0;;Colis?úo;;;;Meio de Quadra;;;0;1;1;1;0;0;0;0;0;1;0;0;-3,789371000000000;-38,479547000000000
260265;24;1;2015;23:07;0;RUA HOLANDA;;;0;;Colis?úo;;;;Meio de Quadra;;;0;1;1;1;0;0;0;0;0;1;0;0;-3,804815000000000;-38,558788000000000
260257;24;1;2015;20:32;0;RUA 860 CJ CEARA;;;0;;Atropelamento;;;;Meio de Quadra;;;0;1;1;0;0;0;0;0;0;1;0;0;;
260258;24;1;2015;20:50;0;RUA TRES CORACOES;;;0;;Queda;;;;Meio de Quadra;;;0;1;0;0;0;0;0;0;0;1;0;0;;
260192;24;1;2015;00:15;0;RUA MARIA JULIA;;;0;;Colis?úo;;;;Meio de Quadra;;;0;2;0;0;0;0;0;0;0;1;0;0;;