COD_ACIDENTE;DIA;MES;ANO;HORA;INTERSECAO;LOG1;LOG2;LOG3;NUMERO;REFERENCIA;NATUREZA;ILUMINACAO;TEMPO;SUPERFICIEPISTA;TIPOCRUZAMENTO;CONTROLETRAFEGO;USOSOLO;MORTOS;FERIDOS;ILESOS;AUTOMOVEL;ONIBUS;BICICLETA;CAMINHAO;MICROONIBUS;CICLOMOTOR;MOTOCICLETA;TRACAOANIMAL;TREM;LATITUDE;LONGITUDE
260193;24;1;2015;01:45;0;AV GODOFREDO MACIEL;;;0;;;;;;Meio de Quadra;;;0;1;1;1;0;0;0;0;0;1;0;0;;
260200;24;1;2015;06:09;0;AV EDUARDO GIRAO;;;0;;Colis?úo;Luz do Dia;;;Meio de Quadra;;;0;1;1;0;0;0;0;0;0;0;0;0;;
260201;24;1;2015;06:57;0;AV JOSE BASTOS;;;0;;Colis?úo;Luz do Dia;;;Meio de Quadra;;;0;1;1;0;0;0;0;0;0;0;0;0;;
260202;24;1;2015;07:22;0;RUA RAUL CABRAL;;;0;;Atropelamento;Luz do Dia;;;Meio de Quadra;;;0;2;0;0;0;0;0;0;0;1;0;0;-3,768019000000000;-38,546067000000000
260196;24;1;2015;04:50;0;AV GODOFREDO MACIEL;;;0;;Queda;;;;Meio de Quadra;;;0;1;0;0;0;0;0;0;0;1;0;0;;
260225;24;1;2015;07:59;0;RD BR 116;;;3000;KM-03;Atropelamento;Luz do Dia;;;Meio de Quadra;;;0;2;0;0;0;0;0;0;0;1;0;0;-3,779838000000000;-38,514372000000000
260227;24;1;2015;09:28;17389;RUA ISAIE BORIS;RUA IRM BAZET;;0;;Colis?úo;Luz do Dia;;;;Pare;Comercial;0;2;0;1;0;0;0;0;0;1;0;0;-3,767093000000000;-38,548585000000000
260229;24;1;2015;12:00;12835;RUA SOLON PINHEIRO;AV DOMINGOS OLIMPIO;;0;;Colis?úo;Luz do Dia;;;Cruz;Sem?íforo;Comercial;0;0;2;0;0;0;0;0;0;0;0;0;-3,737409000000000;-38,528650000000000
260232;24;1;2015;13:52;0;AV AUGUSTO DOS ANJOS;;;0;;Colis?úo;Luz do Dia;;;Meio de Quadra;;;0;2;0;0;0;0;0;0;0;1;0;0;-3,771565000000000;-38,571396000000000
260236;24;1;2015;15:50;0;RUA TEN MOACIR MATOS;;;406;;Colis?úo;Luz do Dia;;;Meio de Quadra;;;0;1;1;1;0;0;0;0;0;1;0;0;-3,765493000000000;-38,555161000000000
248209;24;1;2015;08:00;0;AV JOSE BASTOS;;;4400;CENTER BOX;Colis?úo Lateral;Luz do Dia;Bom;Seca;Meio de Quadra;N?úo H?í Controle;Residencial;0;1;1;0;1;0;0;0;0;1;0;0;-3,755265000000000;-38,555754000000000
248210;24;1;2015;09:30;5324;RUA GAL SAMPAIO;RUA PEDRO I;;0;;Colis?úo Traseira;Luz do Dia;Bom;Seca;Cruz;Sem?íforo Danificado;Comercial;0;0;2;1;0;0;0;0;0;0;0;0;-3,730182000000000;-38,531758000000000
248212;24;1;2015;07:45;21983;RUA GAL BERNARDO FIGUEIREDO;RUA TIRADENTES;;0;;Colis?úo Transversal;Luz do Dia;Bom;Seca;Duplo T;Pare;Residencial;0;2;1;1;0;0;0;0;0;1;0;0;-3,739647000000000;-38,551719000000000
248214;24;1;2015;14:30;0;AV CARAPINIMA;;;2600;;Colis?úo Lateral;Luz do Dia;Bom;Seca;Meio de Quadra;N?úo H?í Controle;Residencial;0;0;2;1;0;0;0;0;0;0;0;0;-3,741779000000000;-38,542017000000000
248215;24;1;2015;13:40;0;AV PRS COSTA E SILVA;;;0;;Colis?úo Traseira;Luz do Dia;Bom;Seca;Meio de Quadra;N?úo H?í Controle;Residencial;0;1;1;1;0;0;0;0;1;0;0;0;;
248216;24;1;2015;11:33;5198;RUA GAL SAMPAIO;RUA GUILHERME ROCHA;;0;;Colis?úo Traseira;Luz do Dia;Bom;Seca;T;Pare;Comercial;0;0;2;1;0;0;0;0;0;0;0;0;-3,726147000000000;-38,530580000000000
248218;24;1;2015;06:00;0;AV EDUARDO GIRAO;;;0;;Choque c/ Obst?ículo Fixo;Luz do Dia;Bom;Seca;Meio de Quadra;N?úo H?í Controle;Residencial;0;1;0;1;0;0;0;0;0;0;0;0;;
248222;25;1;2015;17:30;0;RUA CON PINTO MENDONCA;;;0;;Colis?úo;Luz do Dia;Bom;Seca;Meio de Quadra;N?úo H?í Controle;Residencial;0;0;2;1;0;0;0;0;0;0;0;0;;
248223;25;1;2015;23:45;0;AV JOAO DE ARAUJO LIMA;;;1478;;Colis?úo Lateral;Via Iluminada;Bom;Seca;Outros;Outros;Comercial;0;1;1;0;1;0;0;0;0;1;0;0;-3,834365000000000;-38,560894000000000
248217;25;1;2015;13:00;16672;AV 1 LOT ARVOREDO;RUA IPAUMIRIM D72;;0;;Colis?úo Transversal;Luz do Dia;Nublado;Seca;Cruz;N?úo H?í Controle;Comercial;0;1;0;0;0;0;0;0;0;1;0;0;-3,827291000000000;-38,570619000000000
248213;25;1;2015;16:40;19603;RUA NEREU RAMOS;RUA BELO VALE;;0;;Colis?úo;Luz do Dia;Bom;Seca;T;N?úo H?í Controle;Comercial;0;2;1;1;0;0;0;0;0;1;0;0;-3,786554000000000;-38,568730000000000
248211;25;1;2015;15:00;0;RUA ESPIRITO SANTO;;;812;;Colis?úo Traseira;Luz do Dia;Bom;Seca;Meio de Quadra;N?úo H?í Controle;Residencial;0;2;1;1;0;0;0;0;0;1;0;0;-3,755141000000000;-38,569576000000000
248227;25;1;2015;20:20;0;RUA PEDRO DANTAS;;;1015;;Colis?úo;Anoitecer;Bom;Seca;Meio de Quadra;N?úo H?í Controle;Residencial;0;2;1;0;0;1;0;0;0;0;0;0;-3,785035000000000;-38,526794000000000
248228;25;1;2015;16:20;0;AV DOMINGOS OLIMPIO;;;247;;Colis?úo Traseira;Luz do Dia;Bom;Seca;Meio de Quadra;Sem?íforo;Comercial;0;0;2;1;0;0;0;0;0;0;0;0;-3,737804000000000;-38,527167000000000
248229;25;1;2015;18:30;0;AV 13 DE MAIO;;;1485;;Colis?úo Traseira;Amanhecer;Bom;Seca;Meio de Quadra;N?úo H?í Controle;Residencial;0;1;2;1;0;1;0;0;0;0;0;0;-3,747420000000000;-38,531557000000000
248231;25;1;2015;20:37;0;AV PRS JUSCELINO KUBITSCHEK (PASSAR?ë);;;5213;;Choque c/ Obst?ículo Fixo;Via Iluminada;Bom;Seca;Meio de Quadra;N?úo H?í Controle;Comercial;0;1;0;1;0;0;0;0;0;0;0;0;-3,822044000000000;-38,535799000000000
248232;25;1;2015;18:30;5107;AV MON TABOSA;RUA SEN ALMINO;;0;;Colis?úo Transversal;Via Iluminada;Bom;Seca;Cruz;Pare;Comercial;0;1;1;1;0;0;0;0;0;1;0;0;-3,723661000000000;-38,518035000000000
248234;25;1;2015;08:30;1716;AV GOV RAUL BARBOSA;AV GAL MURILO BORGES;;0;;Colis?úo Traseira;Luz do Dia;Bom;Seca;Cruz;Sem?íforo;Residencial;0;0;2;1;0;0;0;0;0;0;0;0;-3,763977000000000;-38,508802000000000
248235;25;1;2015;15:30;0;AV EDUARDO GIRAO;;;510;;Engavetamento;Anoitecer;Bom;Seca;Meio de Quadra;N?úo H?í Controle;Residencial;0;0;3;1;0;0;1;0;0;0;0;0;;
248237;25;1;2015;;13564;RUA CAP GUSTAVO;RUA CASTRO ALVES;;0;;Colis?úo Lateral;Via Iluminada;Bom;Seca;Cruz;Pare;Comercial;0;0;2;1;0;0;0;0;0;0;0;0;-3,749887000000000;-38,517747000000000
248238;25;1;2015;20:23;0;RUA LUIS VIEIRA;;;360;;Choque c/ Obst?ículo Fixo;;Bom;Seca;Meio de Quadra;N?úo H?í Controle;Residencial;0;1;0;1;0;0;0;0;0;0;0;0;-3,795221000000000;-38,586915000000000
260266;25;1;2015;00:39;0;RUA OSCAR ARARIPE;;;0;;Colis?úo;;;;Meio de Quadra;;;0;0;2;0;0;0;0;0;0;0;0;0;;
260273;25;1;2015;00:47;0;AV JOR THOMAZ COELHO;;;0;;Atropelamento;;;;Meio de Quadra;;;0;2;0;0;0;0;0;0;0;1;0;0;-3,832385000000000;-38,500136000000000
260274;25;1;2015;03:21;0;AV MR HULL;;;0;;Queda;;;;Meio de Quadra;;;0;1;0;0;0;0;0;0;0;1;0;0;-3,736889000000000;-38,571208000000000
260275;25;1;2015;05:34;0;AV GODOFREDO MACIEL;;;0;;Queda;Amanhecer;;;Meio de Quadra;;;0;1;0;0;0;0;0;0;0;1;0;0;-3,818755000000000;-38,576140000000000
260276;25;1;2015;06:53;0;AV PERIMETRAL;;;0;;Colis?úo;Luz do Dia;;;Meio de Quadra;;;0;0;2;0;0;0;0;0;0;0;0;0;;
260277;25;1;2015;08:05;0;RUA JOSE MENDONCA;;;0;;Colis?úo;Luz do Dia;;;Meio de Quadra;;;0;1;1;1;0;0;0;0;0;1;0;0;;
260278;25;1;2015;08:18;0;RUA BETEL;;;0;;Atropelamento;Luz do Dia;;;Meio de Quadra;;;0;1;1;0;0;0;0;0;0;1;0;0;;
260279;25;1;2015;08:20;0;RUA HIPOLITO PAMPLONA;;;0;;Colis?úo;Luz do Dia;;;Meio de Quadra;;;0;1;1;0;0;0;0;0;0;0;0;0;-3,743777000000000;-38,596303000000000
260280;25;1;2015;09:29;0;AV SEN CARLOS JEREISSATI (AEROPORTO);;;0;;Colis?úo;Luz do Dia;;;Meio de Quadra;;;0;1;1;0;0;0;0;0;0;0;0;0;;
260281;25;1;2015;10:02;0;AV PDE ANTONIO TOMAS;;;0;;Queda;Luz do Dia;;;Meio de Quadra;;;0;1;0;0;0;1;0;0;0;0;0;0;;
260282;25;1;2015;11:41;0;AV PERIMETRAL;;;0;;Colis?úo;Luz do Dia;;;Meio de Quadra;;;0;1;1;1;0;0;0;0;0;1;0;0;;
260287;25;1;2015;15:15;0;RUA TEN JOSE BARREIRA;;;0;;Queda;Luz do Dia;;;Meio de Quadra;;;0;1;0;0;0;0;0;0;0;1;0;0;;
260288;25;1;2015;16:07;12496;AV CARNEIRO DE MENDONCA;AV LINEU MACHADO;;0;;Colis?úo;Luz do Dia;;;T;Sem?íforo;Comercial;0;1;1;1;0;0;0;0;0;1;0;0;-3,760403000000000;-38,574021000000000
260289;25;1;2015;17:06;25170;AV LINEU MACHADO;RUA PRO EDGAR DE ARRUDA;;0;;Colis?úo;Anoitecer;;;Cruz;Pare;Misto;0;1;1;0;0;0;0;0;0;1;0;0;-3,763209000000000;-38,575480000000000
260290;25;1;2015;20:26;0;RUA MAL BITENCOURT;;;0;;Atropelamento;;;;Meio de Quadra;;;0;1;1;0;0;0;0;0;0;0;0;0;;
260291;25;1;2015;21:32;0;AV PERIMETRAL;;;0;;Colis?úo;;;;Meio de Quadra;;;0;1;1;1;0;0;0;0;0;1;0;0;;
260292;25;1;2015;23:48;0;AV CASTELO DE CASTRO;;;0;;Colis?úo;;;;Meio de Quadra;;;0;2;0;0;1;0;0;0;0;0;0;0;;
260271;25;1;2015;00:43;24943;AV ALM HENRIQUE SABOIA;AV ABOLICAO;;0;;Colis?úo;;;;T;Sem?íforo;Comercial;0;1;1;0;0;0;0;0;0;0;0;0;-3,722615000000000;-38,479798000000000
260284;25;1;2015;12:45;0;AV D CJ ESPERANCA;;;0;;Colis?úo;Luz do Dia;;;Meio de Quadra;;;0;1;1;1;0;0;0;0;0;1;0;0;-3,816589000000000;-38,587593000000000
260285;25;1;2015;13:19;0;AV RAD JOSE LIMA VERDE;;;0;;Colis?úo;Luz do Dia;;;Meio de Quadra;;;0;2;0;0;0;0;0;0;0;1;0;0;-3,698971000000000;-38,587235000000000
257096;25;1;2015;15:30;0;AV MOZART PINHEIRO DE LUCENA;;;2575;;Atropelamento;Luz do Dia;;;Meio de Quadra;;;1;0;1;1;0;0;0;0;0;0;0;0;-3,726619000000000;-38,598078000000000
274271;25;1;2015;20:40;1424;RUA CARLOS VASCONCELOS;AV HERACLITO GRACA;;0;;Colis?úo Lateral;Via Iluminada;Bom;Seca;Cruz;Sem?íforo;Comercial;0;0;2;1;0;0;1;0;0;0;0;0;-3,737590000000000;-38,512285000000000
274315;25;1;2015;14:00;3859;AV DA UNIVERSIDADE;RUA JUVENAL GALENO;;0;;Colis?úo Transversal;Luz do Dia;Bom;Seca;Cruz;Sem?íforo;Comercial;0;0;2;1;0;0;0;0;0;0;0;0;-3,739893000000000;-38,538143000000000
259113;25;1;2015;13:00;0;RD CE-025;;;0;KM-02;Colis?úo;Luz do Dia;;Seca;Meio de Quadra;;;0;0;2;0;0;0;0;0;0;1;0;0;-3,807584000000000;-38,460957000000000
263326;25;1;2015;01:05;1496;RUA ILDEFONSO ALBANO;RUA PDE VALDEVINO;;0;;Colis?úo;;;;Cruz;Sem?íforo;Comercial;0;0;2;0;0;0;0;0;0;0;0;0;-3,739573000000000;-38,515423000000000
263327;25;1;2015;04:06;0;AV GOV RAUL BARBOSA;;;4240;;Choque c/ Obst?ículo Fixo;;;;Meio de Quadra;;;0;0;1;0;0;0;0;0;0;0;0;0;-3,761579000000000;-38,507477000000000
263328;25;1;2015;09:12;0;RUA VICENTE CELESTINO;;;1040;;Colis?úo;Luz do Dia;;;Meio de Quadra;;;0;0;2;0;0;0;0;0;0;0;0;0;-3,821713000000000;-38,595622000000000
263329;25;1;2015;14:49;0;AV TRAJANO DE MEDEIROS;;;80;;Colis?úo;Luz do Dia;;;Meio de Quadra;;;0;0;2;0;0;0;0;0;0;0;0;0;;
263330;25;1;2015;16:11;0;AV LINEU MACHADO;;;1230;;Colis?úo;Luz do Dia;;;Meio de Quadra;;;0;0;2;0;0;0;0;0;0;0;0;0;-3,770489000000000;-38,579315000000000
263331;25;1;2015;18:25;0;RUA BAR AQUIRAZ;;;0;;Colis?úo;Anoitecer;;;Meio de Quadra;;;0;0;2;0;0;0;0;0;0;0;0;0;;
263332;25;1;2015;18:27;0;RUA VALPARAISO;;;2010;;Colis?úo;Anoitecer;;;Meio de Quadra;;;0;0;2;0;0;0;0;0;0;0;0;0;-3,846396000000000;-38,519878000000000
263333;25;1;2015;19:42;3263;RUA POMAR CARIOCA;AV PERIMETRAL;;0;;Colis?úo;;;;Cruz;Outros;Residencial;0;0;2;0;0;0;0;0;0;0;0;0;-3,784820000000000;-38,589809000000000
263334;25;1;2015;20:25;21293;RUA NOSSA SRA DAS GRACAS;RUA ALVARO DE ALENCAR;;0;;Atropelamento;;;;Cruz;N?úo H?í Controle;Residencial;0;0;2;0;0;0;0;0;0;0;0;0;-3,709334000000000;-38,556571000000000
263335;25;1;2015;20:49;0;RUA JOAQUIM MOREIRA D36;;;183;;Colis?úo;;;;Meio de Quadra;;;0;0;2;0;0;0;0;0;0;0;0;0;;
263336;25;1;2015;23:04;0;RUA DR FERNANDO AUGUSTO;;;1344;;Choque c/ Obst?ículo Fixo;;;;Meio de Quadra;;;0;0;1;0;0;0;0;0;0;0;0;0;-3,792586000000000;-38,604556000000000
263337;25;1;2015;23:13;0;RUA ISABEL MAIA ALENCAR;;;0;;Choque c/ Obst?ículo Fixo;;;;Meio de Quadra;;;0;0;1;0;0;0;0;0;0;0;0;0;;
259170;25;1;2015;15:30;3121;AV LINEU MACHADO;RUA MARIA QUINTELA;;0;;Colis?úo;Luz do Dia;;;;;;0;0;2;1;1;0;0;0;0;0;0;0;-3,777615000000000;-38,583045000000000
253337;25;1;2015;21:30;0;RD BR 116;;;16000;KM-16;Choque c/ Obst?ículo Fixo;Via Iluminada;Bom;Seca;Meio de Quadra;N?úo H?í Controle;Comercial;0;0;1;0;0;0;1;0;0;0;0;0;;
248208;25;1;2015;14:00;0;AV DIOGUINHO;;;5532;;Colis?úo Transversal;Luz do Dia;Bom;Seca;Meio de Quadra;N?úo H?í Controle;Misto;0;0;2;1;0;0;0;0;0;0;0;0;-3,760063000000000;-38,443934000000000
256971;25;1;2015;08:25;0;AV MON HELIO CAMPOS D22;;;381;;Colis?úo Lateral;Luz do Dia;;;Meio de Quadra;;;0;1;0;1;0;0;0;0;0;0;0;0;-3,704667000000000;-38,566181000000000
254268;25;1;2015;09:52;0;RUA DR JOAQUIM BENTO;;;863;;Colis?úo;Luz do Dia;;;Meio de Quadra;;;0;0;2;1;0;0;0;0;0;0;0;0;-3,828302000000000;-38,483679000000000
254236;26;1;2015;00:11;0;AV MR HULL;;;5444;;Colis?úo;;;;Meio de Quadra;;;0;0;2;1;0;0;0;0;0;0;0;0;-3,739892000000000;-38,593126000000000
259871;26;1;2015;00:47;0;AV DEP PAULINO ROCHA;;;2604;;Colis?úo;;;;Meio de Quadra;;;0;0;2;0;1;0;0;0;0;1;0;0;-3,810095000000000;-38,519572000000000
256975;26;1;2015;19:11;11160;RUA SUECIA;RUA JOSE MENELEU D41;;0;;;;;;Cruz;Pare;Residencial;0;1;0;0;1;0;0;0;0;0;0;0;-3,782586000000000;-38,559334000000000
253322;26;1;2015;08:00;0;RD BR 116;;;16000;KM-16;Colis?úo Traseira;Luz do Dia;Bom;Seca;Meio de Quadra;N?úo H?í Controle;Comercial;0;0;2;0;0;0;1;0;0;0;0;0;;
253312;26;1;2015;10:30;0;RD BR 116;;;5000;KM-05;Colis?úo Traseira;Luz do Dia;Bom;Seca;Meio de Quadra;N?úo H?í Controle;;0;0;2;1;0;0;1;0;0;0;0;0;-3,796502000000000;-38,506787000000000
253306;26;1;2015;08:35;0;RD BR 116;;;5000;KM-05;Colis?úo Traseira;Luz do Dia;Bom;Seca;Meio de Quadra;N?úo H?í Controle;Comercial;0;0;2;1;0;0;0;0;0;0;0;0;-3,796502000000000;-38,506787000000000
253275;26;1;2015;17:12;0;RD BR 116;;;14000;KM-14;Colis?úo Traseira;Anoitecer;Bom;Seca;Meio de Quadra;N?úo H?í Controle;Comercial;0;0;3;1;0;0;0;0;0;0;0;0;-3,873523000000000;-38,499242000000000
259184;26;1;2015;23:07;0;RUA MARIA GOMES DE SA;;;1995;;Colis?úo;;;;Meio de Quadra;;;0;0;2;1;1;0;0;0;0;0;0;0;-3,821552000000000;-38,585504000000000
259176;26;1;2015;09:02;0;RUA ALVARES CABRAL;;;1125;;Colis?úo;Luz do Dia;;;Meio de Quadra;;;0;0;2;1;0;0;1;0;0;0;0;0;;
259178;26;1;2015;11:59;0;RUA ESTEVAO DE CAMPOS;;;0;;Colis?úo;Luz do Dia;;;;;;0;0;2;1;0;0;1;0;0;0;0;0;;
259180;26;1;2015;16:59;0;AV PRS JUSCELINO KUBITSCHEK (PASSAR?ë);;;0;;Colis?úo;Luz do Dia;;;Meio de Quadra;;;0;0;2;1;0;0;1;0;0;0;0;0;;
263338;26;1;2015;11:04;0;AV OLIVEIRA PAIVA;;;0;;Colis?úo;Luz do Dia;;;Meio de Quadra;;;0;0;2;0;0;0;0;0;0;0;0;0;;
263339;26;1;2015;16:48;0;RUA PDE PERDIGAO SAMPAIO;;;466;;Colis?úo;Luz do Dia;;;Meio de Quadra;;;0;0;2;0;0;0;0;0;0;0;0;0;-3,740326000000000;-38,594602000000000
263340;26;1;2015;17:57;0;AV N CJ JOSE WALTER;;;941;;Colis?úo;Anoitecer;;;Meio de Quadra;;;0;0;2;0;0;0;0;0;0;0;0;0;-3,830222000000000;-38,559991000000000
263341;26;1;2015;18:51;0;AV CARAPINIMA;;;1676;;Colis?úo;;;;Meio de Quadra;;;0;0;2;0;0;0;0;0;0;0;0;0;-3,736689000000000;-38,536814000000000
263342;26;1;2015;18:58;23514;RUA CAP MELO;RUA ANA GONCALVES;;0;;Colis?úo;;;;Cruz;Pare;Residencial;0;0;2;0;0;0;0;0;0;0;0;0;-3,759519000000000;-38,512491000000000
263343;26;1;2015;20:24;17419;RUA PRO TEODORICO;RUA EUZEBIO DE QUEIROS;;0;;Colis?úo;;;;Cruz;Pare;Comercial;0;0;2;0;0;0;0;0;0;0;0;0;-3,768327000000000;-38,554679000000000
259115;26;1;2015;13:00;0;RD CE-040;;;0;KM-03;Colis?úo Traseira;Luz do Dia;;Seca;Meio de Quadra;;;0;0;2;1;0;0;0;0;0;0;0;0;-3,783185000000000;-38,481014000000000
259116;26;1;2015;11:50;0;RD CE-060;;;0;KM-03;Colis?úo Transversal;Luz do Dia;;Seca;Meio de Quadra;;;0;1;1;1;0;0;0;0;0;1;0;0;-3,836637000000000;-38,582776000000000
274385;26;1;2015;16:00;5352;AV DOM MANUEL;RUA PINTO MADEIRA;;0;;Colis?úo Transversal;Luz do Dia;Bom;Seca;Cruz;Sem?íforo;Misto;0;0;2;1;0;0;0;0;0;0;0;0;;
260295;26;1;2015;00:52;0;AV DEP PAULINO ROCHA;;;0;;Colis?úo;;;;Meio de Quadra;;;0;1;1;1;0;0;0;0;0;1;0;0;;
260296;26;1;2015;02:40;0;AV PRS COSTA E SILVA;;;0;;Colis?úo;;;;Meio de Quadra;;;0;1;1;1;0;0;0;0;0;1;0;0;;
260297;26;1;2015;05:25;0;RUA JOSE HIPOLITO;;;0;;Colis?úo;Amanhecer;;;Meio de Quadra;;;0;0;2;0;0;0;0;0;0;0;0;0;;
260298;26;1;2015;07:29;0;RUA JORGE DUMAR;;;0;;Atropelamento;Luz do Dia;;;Meio de Quadra;;;0;1;1;1;0;0;0;0;0;0;0;0;;
260301;26;1;2015;11:14;0;RUA CAP BRASIL;;;0;;Colis?úo;Luz do Dia;;;Meio de Quadra;;;0;1;1;1;0;0;0;0;0;1;0;0;-3,737055000000000;-38,586336000000000
260303;26;1;2015;12:50;0;RUA VALPARAISO;;;0;;Colis?úo;Luz do Dia;;;Meio de Quadra;;;0;1;1;1;0;0;0;0;0;1;0;0;-3,840397000000000;-38,530423000000000
260304;26;1;2015;15:31;0;AV HIS RAIMUNDO GIRAO;;;0;;Colis?úo;Luz do Dia;;;Meio de Quadra;;;0;1;1;1;0;0;0;0;0;1;0;0;-3,724056000000000;-38,504321000000000
260306;26;1;2015;15:50;0;RUA HUGO VITOR;;;0;;Colis?úo;Luz do Dia;;;Meio de Quadra;;;0;1;1;1;0;0;0;0;0;1;0;0;-3,740645000000000;-38,591469000000000
260307;26;1;2015;16:01;0;AV OLIVEIRA PAIVA;;;0;;Colis?úo;Luz do Dia;;;Meio de Quadra;;;0;0;2;0;0;0;0;0;0;0;0;0;;
260312;26;1;2015;16:24;19787;RUA PDE GUERRA;RUA DOM LINO;;0;;Colis?úo;Luz do Dia;;;Cruz;Pare;Residencial;0;1;1;1;0;0;0;0;0;1;0;0;-3,738718000000000;-38,556643000000000
260316;26;1;2015;21:25;0;AV PERIMETRAL;;;0;;Queda;;;;Meio de Quadra;;;0;1;0;0;0;0;0;0;0;1;0;0;;
257163;26;1;2015;10:30;0;AV CEL CARVALHO;;;125;;Colis?úo;Luz do Dia;;;Meio de Quadra;;;0;1;0;1;0;0;0;0;0;1;0;0;-3,704062000000000;-38,591396000000000
248239;26;1;2015;16:00;0;RUA DOS PRACINHAS;;;839;;Colis?úo Lateral;Luz do Dia;Bom;Seca;Meio de Quadra;Sem?íforo;Residencial;0;0;2;1;0;0;1;0;0;0;0;0;-3,737317000000000;-38,541899000000000
248241;26;1;2015;20:30;0;RUA OSCAR FRANCA;;;0;;Colis?úo Lateral;Via Iluminada;Bom;Seca;Meio de Quadra;N?úo H?í Controle;Residencial;0;0;2;1;0;0;0;0;0;0;0;0;;
248244;26;1;2015;00:15;0;RUA BERNARDO MANUEL;;;9940;;Colis?úo Lateral;Via Iluminada;Bom;Seca;Meio de Quadra;Pare;Residencial;0;0;2;1;0;0;0;0;0;1;0;0;-3,804150000000000;-38,553041000000000
248236;26;1;2015;17:00;15310;AV BAR STUDART;RUA EDGAR DAMASCENO;;0;;;Anoitecer;Bom;Seca;T;Pare;Comercial;0;1;2;1;0;0;0;0;0;1;0;0;-3,730068000000000;-38,505124000000000
248233;26;1;2015;10:15;2442;RUA MAL NAPION;RUA CANDIDO CASTELO BRANCO;;0;;Colis?úo Transversal;Luz do Dia;Bom;Seca;Cruz;N?úo H?í Controle;Residencial;0;1;1;1;0;0;0;0;0;1;0;0;-3,706942000000000;-38,582803000000000
248230;26;1;2015;16:00;0;AV AGUANAMBI;;;252;;Engavetamento;Luz do Dia;Bom;Seca;Meio de Quadra;Sem?íforo;Comercial;0;1;2;1;0;0;0;0;0;1;0;0;-3,738763000000000;-38,524645000000000
248224;26;1;2015;17:30;9190;AV 13 DE MAIO;RUA CAMPO AMOR ROCHA;;0;;Colis?úo Transversal;Anoitecer;Bom;Seca;T;Pare;Residencial;0;0;2;1;0;0;0;0;0;0;0;0;-3,753375000000000;-38,524600000000000
248225;26;1;2015;01:30;20129;AV DEP PAULINO ROCHA;RUA POMPILIO GOMES;;0;;Colis?úo Transversal;Via Iluminada;Bom;Seca;T;Pare;Comercial;0;1;1;0;0;0;0;0;0;1;0;0;-3,810076000000000;-38,519652000000000
248226;26;1;2015;11:30;11851;AV FRANCISCO SA;RUA DNA MAROQUINHA;;0;;Colis?úo Transversal;Luz do Dia;Bom;Seca;T;Pare;Comercial;0;1;1;1;0;0;0;0;0;0;0;0;-3,721080000000000;-38,546177000000000
248219;26;1;2015;09:30;0;AV AGUANAMBI;;;0;ROTAT?ôRIA;Colis?úo Lateral Sentido Oposto;Luz do Dia;Bom;Seca;Meio de Quadra;Sem?íforo;Comercial;0;0;2;1;0;0;1;0;0;0;0;0;-3,755538000000000;-38,523043000000000
248220;26;1;2015;21:00;0;RUA EDUARDO PERDIGAO;;;62;CENTRO ESPORTIVO;;Via Iluminada;Bom;Seca;Outros;D?¬ Prefer?¬ncia;Comercial;0;0;2;1;0;0;0;0;0;0;0;0;-3,774471000000000;-38,565738000000000
248221;26;1;2015;13:15;246;AV JOVITA FEITOSA;RUA DOM LINO;;0;;Colis?úo Lateral;Luz do Dia;Bom;Seca;Cruz;Sem?íforo;Comercial;0;0;2;1;0;0;1;0;0;0;0;0;-3,739850000000000;-38,556413000000000
248246;26;1;2015;09:30;0;AV PRS COSTA E SILVA;;;3601;;Colis?úo Traseira;Luz do Dia;Bom;Seca;Meio de Quadra;N?úo H?í Controle;Residencial;0;0;2;1;1;0;0;0;0;0;0;0;-3,823879000000000;-38,548554000000000
248248;26;1;2015;07:50;7887;AV DES MOREIRA;RUA ASSIS CHATEAUBRIAND;;0;;Colis?úo Transversal;Luz do Dia;Bom;Seca;T;Pare;Comercial;0;0;3;1;0;0;0;0;0;0;0;0;-3,746685000000000;-38,501697000000000
248251;26;1;2015;12:00;13396;RUA BAR ARACATI;RUA JOAO BRIGIDO;;0;;Colis?úo Transversal;Luz do Dia;Bom;Seca;Cruz;Pare;Residencial;0;1;3;1;0;0;0;0;0;0;0;0;-3,740939000000000;-38,514697000000000
248254;26;1;2015;13:50;15334;RUA CANUTO DE AGUIAR;RUA VICENTE LEITE;;0;;Colis?úo Lateral;Luz do Dia;Bom;Seca;Cruz;Pare;Residencial;0;0;2;1;0;0;0;0;0;0;0;0;-3,731247000000000;-38,493529000000000
248258;26;1;2015;12:40;0;AV ABOLICAO;;;3877;;Colis?úo Transversal;Luz do Dia;Bom;Seca;Meio de Quadra;Pare;Residencial;0;0;2;1;1;0;0;0;0;0;0;0;-3,725074000000000;-38,483509000000000
248259;26;1;2015;14:50;5307;AV DUQ CAXIAS;RUA PRC ISABEL;;0;;Colis?úo Lateral;Luz do Dia;Bom;Seca;Cruz;Sem?íforo;Comercial;0;1;1;1;0;0;0;0;0;1;0;0;-3,729687000000000;-38,536407000000000
248260;26;1;2015;12:50;0;RUA NUNES VALENTE;;;894;;Colis?úo Lateral;Luz do Dia;Bom;Seca;Meio de Quadra;N?úo H?í Controle;Residencial;0;0;2;1;1;0;0;0;0;0;0;0;-3,732088000000000;-38,502404000000000