COD_ACIDENTE;DIA;MES;ANO;HORA;INTERSECAO;LOG1;LOG2;LOG3;NUMERO;REFERENCIA;NATUREZA;ILUMINACAO;TEMPO;SUPERFICIEPISTA;TIPOCRUZAMENTO;CONTROLETRAFEGO;USOSOLO;MORTOS;FERIDOS;ILESOS;AUTOMOVEL;ONIBUS;BICICLETA;CAMINHAO;MICROONIBUS;CICLOMOTOR;MOTOCICLETA;TRACAOANIMAL;TREM;LATITUDE;LONGITUDE
248261;26;1;2015;12:45;5269;RUA PDE IBIAPINA;AV DUQ CAXIAS;;0;;Colis?úo Transversal;Luz do Dia;Bom;Seca;Cruz;Sem?íforo;Comercial;0;0;3;1;0;0;0;0;0;0;0;0;-3,728446000000000;-38,540226000000000
248262;26;1;2015;21:05;15170;AV ABOLICAO;RUA JOSE VILAR;;0;;Colis?úo Transversal;Via Iluminada;Bom;Seca;Cruz;Pare;Residencial;0;1;1;0;0;0;0;0;0;1;0;0;-3,725435000000000;-38,501373000000000
248263;26;1;2015;06:50;0;AV JOAO PESSOA;;;4974;;Atropelamento;Luz do Dia;Bom;Seca;Meio de Quadra;N?úo H?í Controle;Comercial;1;0;1;0;1;0;0;0;0;0;0;0;-3,755381000000000;-38,552098000000000
248264;26;1;2015;13:30;0;AV DUQ CAXIAS;;;1529;;Colis?úo Traseira;Via Iluminada;Bom;Seca;Meio de Quadra;N?úo H?í Controle;Comercial;0;0;2;1;0;0;0;0;0;0;0;0;-3,729239000000000;-38,537767000000000
248256;26;1;2015;15:30;7862;AV ANTONIO SALES;RUA PRO DIAS DA ROCHA;;0;;Colis?úo Transversal;Luz do Dia;Bom;Seca;Cruz;Pare;Comercial;0;0;3;1;0;0;0;0;0;0;0;0;-3,747586000000000;-38,495535000000000
248266;26;1;2015;13:50;0;RUA BERNARDO MANUEL;;;8259;;;Luz do Dia;Bom;Seca;Meio de Quadra;N?úo H?í Controle;Comercial;0;0;3;1;0;0;0;0;0;1;0;0;-3,791601000000000;-38,549248000000000
248268;26;1;2015;16:40;0;AV DEP PAULINO ROCHA;;;1637;;;Luz do Dia;Bom;Seca;Meio de Quadra;N?úo H?í Controle;Comercial;0;1;1;0;1;0;0;0;0;1;0;0;-3,811617000000000;-38,511115000000000
248270;26;1;2015;06:50;9602;RUA VITAL BRASIL;RUA JOSE TORRES;;0;;Choque c/ Obst?ículo Fixo;Luz do Dia;Bom;Seca;Cruz;Pare;Comercial;0;1;0;0;0;0;0;0;0;0;0;0;-3,775727000000000;-38,606089000000000
248271;26;1;2015;17:00;0;AV ANTONIO SALES;;;1410;;Colis?úo Transversal;Luz do Dia;Bom;Seca;Meio de Quadra;Sem?íforo;Comercial;0;0;2;1;0;0;0;0;0;0;0;0;;
248273;26;1;2015;19:00;15238;RUA BAR ARACATI;RUA TEN BENEVOLO;;0;;Colis?úo Traseira;Via Iluminada;Bom;Seca;Cruz;N?úo H?í Controle;Comercial;0;0;2;1;0;0;0;0;0;0;0;0;-3,727628000000000;-38,510266000000000
248274;26;1;2015;21:00;0;RUA EDUARDO PERDIGAO;;;62;CENTRO ESPORTIVO;Colis?úo Traseira;Via Iluminada;Bom;Seca;Meio de Quadra;D?¬ Prefer?¬ncia;Comercial;0;0;2;1;0;0;0;0;0;0;0;0;-3,774471000000000;-38,565738000000000
248275;26;1;2015;08:30;0;RUA STA FILOMENA;;;150;;Colis?úo Traseira;Luz do Dia;Bom;Seca;Meio de Quadra;N?úo H?í Controle;Residencial;0;0;3;1;0;0;1;0;0;0;0;0;;
248279;26;1;2015;18:15;22951;RUA DR JUSTA ARAUJO D45;AV DR SILAS MUNGUBA;;0;;Atropelamento;Via Iluminada;Bom;Seca;Cruz;Sem?íforo;Misto;0;1;1;1;0;0;0;0;0;0;0;0;-3,784586000000000;-38,553426000000000
248280;26;1;2015;14:43;0;AV AGUANAMBI;;;1324;;Atropelamento;Luz do Dia;Bom;Seca;Meio de Quadra;N?úo H?í Controle;Comercial;0;2;0;0;0;0;0;0;0;1;0;0;-3,748257000000000;-38,524225000000000
248283;26;1;2015;11:40;5413;RUA GAL SAMPAIO;RUA METON DE ALENCAR;;0;;Colis?úo Lateral;Luz do Dia;;;Cruz;Sem?íforo;Comercial;0;0;2;0;0;0;0;0;0;0;0;0;-3,733033000000000;-38,532600000000000
248284;26;1;2015;16:10;5168;RUA JOAO CORDEIRO;RUA PDE CLIMERIO;;0;;Colis?úo Traseira;Luz do Dia;Bom;Seca;Cruz;Pare;Comercial;0;0;2;1;0;0;0;0;0;0;0;0;-3,725241000000000;-38,513034000000000
248277;26;1;2015;16:15;12925;AV AGUANAMBI;AV DOMINGOS OLIMPIO;;0;;Colis?úo Traseira;Luz do Dia;Bom;Seca;Cruz;Sem?íforo;Comercial;0;0;2;1;0;0;0;0;0;0;0;0;-3,738683000000000;-38,524628000000000
248278;27;1;2015;12:00;7888;AV DES MOREIRA;RUA TOMAS ACIOLI;;0;;Colis?úo Traseira;;Nublado;Seca;Cruz;Sem?íforo;Comercial;0;0;2;1;0;0;0;0;0;0;0;0;-3,747526000000000;-38,501963000000000
248287;27;1;2015;13:45;12849;RUA ASSUNCAO;RUA SALDANHA MARINHO;;0;;Colis?úo Lateral;Luz do Dia;Bom;Seca;Cruz;Pare;Misto;0;0;2;1;0;0;0;0;0;0;0;0;-3,742314000000000;-38,531231000000000
248285;27;1;2015;11:50;3953;RUA AQUIRAZ;RUA PEDRO MACHADO;;0;;Colis?úo Lateral;Luz do Dia;Bom;Seca;Cruz;Pare;Misto;0;0;2;1;0;0;1;0;0;0;0;0;-3,757132000000000;-38,546574000000000
248292;27;1;2015;08:45;23016;AV DR SILAS MUNGUBA;RUA PRA HELOISA F LIMA;;0;;Colis?úo Traseira;Luz do Dia;Chuva;Molhada;Cruz;Sem?íforo Intermitente;Comercial;0;0;2;1;0;0;0;0;0;1;0;0;-3,788406000000000;-38,545961000000000
248335;27;1;2015;15:30;13937;RUA VER PEDRO PAULO MOREIRA;RUA IEDA PEREIRA;;0;;Colis?úo Transversal;Luz do Dia;Bom;Seca;Cruz;Pare;Comercial;0;0;2;1;0;0;0;0;0;0;0;0;-3,787070000000000;-38,488151000000000
248337;27;1;2015;07:16;11836;RUA JACINTO MATOS;RUA MON DANTAS;;0;;Colis?úo Transversal;Luz do Dia;Chuva;Seca;Cruz;Pare;Residencial;0;2;1;1;0;0;0;0;0;1;0;0;-3,719714000000000;-38,546800000000000
248290;27;1;2015;16:00;2356;RUA ESTEVAO DE CAMPOS;RUA SEN ROBERT KENNEDY;;0;;Colis?úo Transversal;Luz do Dia;Bom;Seca;Cruz;Pare;Residencial;0;1;1;1;0;0;0;0;0;1;0;0;-3,705131000000000;-38,579516000000000
248330;27;1;2015;08:45;13771;RUA LUIZA MIRANDA COELHO;AV PINTO BANDEIRA D56;;0;;Colis?úo Transversal;Luz do Dia;Bom;Seca;Cruz;Pare;Residencial;0;1;1;0;0;0;0;0;0;1;0;0;-3,774929000000000;-38,487283000000000
248331;27;1;2015;07:05;1219;RUA COSTA BARROS;RUA JOAO CORDEIRO;;0;;Colis?úo Transversal;Luz do Dia;Bom;Seca;Cruz;Sem?íforo;Residencial;0;1;1;1;0;0;0;0;0;1;0;0;-3,729449000000000;-38,514331000000000
248332;27;1;2015;13:30;0;RUA ALBERTO MAGNO;;;1440;;Colis?úo Traseira;Luz do Dia;Bom;Seca;Meio de Quadra;N?úo H?í Controle;Comercial;0;0;2;1;0;0;0;0;0;0;0;0;-3,766841000000000;-38,551690000000000
248333;27;1;2015;19:10;0;AV PRS COSTA E SILVA;;;0;;Colis?úo Traseira;Via Iluminada;Bom;Seca;Meio de Quadra;Gesto;Residencial;0;0;2;1;1;0;0;0;0;0;0;0;;
248313;27;1;2015;12:40;1219;RUA COSTA BARROS;RUA JOAO CORDEIRO;;0;;Colis?úo Traseira;Luz do Dia;Nublado;Seca;Cruz;Sem?íforo;Residencial;0;0;2;1;1;0;0;0;0;0;0;0;-3,729449000000000;-38,514331000000000
248281;27;1;2015;15:45;0;AV SANTOS DUMONT;;;3371;;Engavetamento;Luz do Dia;Bom;Seca;Meio de Quadra;N?úo H?í Controle;Comercial;0;1;2;1;0;0;0;0;0;1;0;0;-3,737398000000000;-38,494671000000000
248282;27;1;2015;09:00;0;RUA BAR RIO BRANCO;;;0;;;Luz do Dia;Bom;Seca;Meio de Quadra;;Misto;0;0;2;1;0;0;0;0;0;1;0;0;;
248276;27;1;2015;08:00;3314;RUA 21 DE ABRIL D27;RUA CHILE;;0;;Colis?úo Transversal;Luz do Dia;;Seca;Cruz;Pare;Residencial;0;0;2;1;0;0;0;0;0;0;0;0;-3,745698000000000;-38,564765000000000
248269;27;1;2015;13:30;0;AV WENEFRIDO MELO;;;381;;Colis?úo Transversal;Luz do Dia;Bom;Seca;Meio de Quadra;N?úo H?í Controle;Misto;0;2;0;1;0;0;0;0;0;1;0;0;-3,811098000000000;-38,575476000000000
248267;27;1;2015;12:30;0;RUA ROMEU MARTINS;;;3831;;Colis?úo Transversal;Luz do Dia;Bom;Seca;Meio de Quadra;Gesto;Residencial;0;0;2;1;0;0;0;0;0;0;0;0;;
248257;27;1;2015;14:42;0;AV ROGACIANO LEITE;;;2001;;Colis?úo Traseira;Luz do Dia;Bom;Seca;Meio de Quadra;Sem?íforo Intermitente;Comercial;0;0;2;1;0;0;0;0;0;0;0;0;-3,772065000000000;-38,498551000000000
248265;27;1;2015;18:30;0;AV AGUANAMBI;;;0;;Colis?úo Lateral;Via Iluminada;Bom;Seca;Outros;N?úo H?í Controle;Comercial;0;0;2;1;1;0;0;0;0;0;0;0;;
248255;27;1;2015;23:00;0;AV PRS COSTA E SILVA;;;0;;Choque c/ Obst?ículo Fixo;Via Iluminada;Bom;Seca;Meio de Quadra;N?úo H?í Controle;Residencial;0;2;0;1;0;0;0;0;0;0;0;0;;
248252;27;1;2015;16:05;0;RUA CON DE CASTRO;RUA EDUARDO PERDIGAO;;89;;Outros;Luz do Dia;Bom;Seca;;;;0;0;2;1;0;0;0;0;0;0;0;0;-3,775519000000000;-38,564711000000000
248253;27;1;2015;15:40;0;RUA EDUARDO PERDIGAO;RUA CON DE CASTRO;;110;;Colis?úo Traseira;Luz do Dia;Bom;Seca;;;;0;0;2;1;0;0;0;0;0;1;0;0;-3,775515000000000;-38,564820000000000
248249;27;1;2015;17:30;0;AV DEP PAULINO ROCHA;;;1360;;Colis?úo Lateral;Anoitecer;Bom;Seca;Meio de Quadra;Outros;Comercial;0;0;2;1;0;0;0;0;0;0;0;0;-3,810526000000000;-38,509545000000000
248250;27;1;2015;19:00;0;RUA BENTO ALBUQUERQUE;;;2182;;Colis?úo Lateral;Via Iluminada;Bom;Seca;;;;0;0;2;1;0;0;0;0;0;0;0;0;-3,747886000000000;-38,470356000000000
248247;27;1;2015;06:07;1542;RUA PDE VALDEVINO;AV RUI BARBOSA;;0;;Colis?úo Transversal;Luz do Dia;Bom;Seca;Cruz;Sem?íforo;Outros;0;1;1;1;0;0;0;0;0;1;0;0;-3,740964000000000;-38,511029000000000
248245;27;1;2015;08:00;15785;RUA PEDRO II;RUA JOAQUIM FELICIO;;0;;Colis?úo Transversal;Luz do Dia;Bom;Seca;Cruz;Pare;Residencial;0;0;2;1;0;0;0;0;0;0;0;0;-3,830629000000000;-38,487935000000000
248242;27;1;2015;17:00;12554;RUA ROSINHA SAMPAIO;AV HILDEBRANDO DE MELO;;0;;Colis?úo Lateral;Via Iluminada;Bom;Seca;Cruz;Pare;Misto;0;0;2;1;0;0;0;0;0;0;0;0;-3,726559000000000;-38,589369000000000
248243;27;1;2015;11:50;0;AV IMPERADOR;;;1330;;Colis?úo Lateral;Luz do Dia;Bom;Seca;Meio de Quadra;N?úo H?í Controle;Escola;0;0;2;0;1;0;0;0;0;0;0;0;-3,732966000000000;-38,536157000000000
248240;27;1;2015;18:50;25141;RUA ARARIPE PRATA;RUA PDE ELIAS SARAIVA;;0;;Colis?úo Traseira;Via Iluminada;Bom;Seca;T;Pare;Residencial;0;0;2;1;1;0;0;0;0;0;0;0;-3,775806000000000;-38,568551000000000
248354;27;1;2015;12:40;0;AV CARAPINIMA;;;2435;;Engavetamento;Luz do Dia;Bom;Seca;Meio de Quadra;N?úo H?í Controle;Misto;0;0;3;1;0;0;0;0;0;0;0;0;-3,741493000000000;-38,541726000000000
248355;27;1;2015;15:05;1349;RUA VIS MAUA;AV SANTOS DUMONT;;0;;Colis?úo Lateral;Luz do Dia;Bom;Seca;Cruz;Pare;Misto;0;1;2;1;0;0;0;0;0;1;0;0;-3,735909000000000;-38,499371000000000
248356;27;1;2015;07:55;8030;RUA PRO COSTA MENDES;RUA CARLOS CAMARA;;0;;Colis?úo Lateral;Luz do Dia;Bom;Seca;Cruz;N?úo H?í Controle;Residencial;0;1;1;1;0;0;0;0;0;1;0;0;-3,753143000000000;-38,548622000000000
248357;27;1;2015;19:00;0;AV BAR STUDART;;;1486;;Engavetamento;Via Iluminada;Bom;Seca;Meio de Quadra;;Comercial;0;0;3;1;0;0;0;0;0;0;0;0;-3,737067000000000;-38,507391000000000
248341;27;1;2015;10:00;5361;RUA PEDRO I;RUA FLORIANO PEIXOTO;;0;;Colis?úo Transversal;Luz do Dia;Bom;Seca;Cruz;Pare;Comercial;0;0;2;1;0;0;0;0;0;0;0;0;-3,731284000000000;-38,528436000000000
248343;27;1;2015;08:00;25107;RUA DEMETRIO MENEZES;RUA JOAQUIM ALBANO;;0;;Colis?úo Transversal;Luz do Dia;Nublado;Seca;Duplo T;Pare;Comercial;0;0;2;1;0;0;0;0;0;0;0;0;-3,735910000000000;-38,584096000000000
248345;27;1;2015;11:10;0;RUA PESSOA ANTA;;;501;;Colis?úo Lateral;Luz do Dia;Bom;Seca;Meio de Quadra;Sem?íforo;Comercial;0;0;2;1;0;0;1;0;0;0;0;0;-3,720820000000000;-38,519637000000000
248352;27;1;2015;12:20;19935;RUA FRANCISCO LORDA;RUA JORGE ACURCIO;;0;;Colis?úo Lateral;Luz do Dia;Bom;Seca;Cruz;Pare;Residencial;0;0;2;0;1;0;0;0;0;0;0;0;-3,762325000000000;-38,530533000000000
257164;27;1;2015;04:46;0;RUA ALM JACEGUAI;;;160;;Colis?úo;;;;Meio de Quadra;;;0;1;0;1;0;0;0;0;0;1;0;0;;
257165;27;1;2015;09:30;0;AV ENG HUMBERTO MONTE;;;0;UFC;Outros;Luz do Dia;;;Meio de Quadra;;;0;1;0;0;0;0;0;0;0;1;0;0;;
257166;27;1;2015;14:25;0;RUA VITAL BRASIL;;;656;;Colis?úo;Luz do Dia;;;Meio de Quadra;;;0;1;0;1;0;0;0;0;0;0;0;0;;
260325;27;1;2015;01:06;0;AV JOSE BASTOS;;;0;;Colis?úo;;;;Meio de Quadra;;;0;1;1;1;0;0;0;0;0;1;0;0;-3,767496000000000;-38,569681000000000
260330;27;1;2015;06:23;0;AV PERIMETRAL;;;0;;Atropelamento;Luz do Dia;;;;;;0;1;1;1;0;0;0;0;0;0;0;0;;
260333;27;1;2015;07:57;0;AV GAL OSORIO DE PAIVA;;;0;;Colis?úo;Luz do Dia;;;Meio de Quadra;;;0;0;2;0;0;0;0;0;0;0;0;0;;
260336;27;1;2015;08:00;0;AV PRS CASTELO BRANCO;;;0;;Colis?úo;Luz do Dia;;;Meio de Quadra;;;0;1;1;1;0;0;0;0;0;1;0;0;;
260337;27;1;2015;13:04;0;AV PRS CASTELO BRANCO;;;0;;Atropelamento;Luz do Dia;;;Meio de Quadra;;;0;1;1;0;0;0;0;0;0;0;0;0;;
260340;27;1;2015;17:37;0;RUA NOSSA SRA DAS GRACAS;;;0;;Colis?úo;Anoitecer;;;Meio de Quadra;;;0;1;1;0;0;0;0;0;0;0;0;0;-3,709605000000000;-38,555447000000000
260341;27;1;2015;18:38;0;RUA NUNES VALENTE;;;0;;Colis?úo;;;;Meio de Quadra;;;0;1;1;1;0;0;0;0;0;1;0;0;-3,737503000000000;-38,504138000000000
260343;27;1;2015;18:57;0;AV CONTORNO NORTE D71;;;0;;Colis?úo;;;;Meio de Quadra;;;0;0;2;1;0;0;0;0;0;1;0;0;;
260344;27;1;2015;19:36;0;RUA ARTUR DE CARVALHO;;;0;;Colis?úo;;;;Meio de Quadra;;;0;1;2;1;0;0;0;0;0;1;0;0;;
260346;27;1;2015;21:12;0;RUA ISRAEL BEZERRA;;;0;;Colis?úo;;;;Meio de Quadra;;;0;1;1;0;0;0;0;0;0;1;0;0;;
260365;27;1;2015;23:01;0;AV PERIMETRAL;;;0;;Choque c/ Obst?ículo Fixo;;;;Meio de Quadra;;;0;1;0;1;0;0;0;0;0;0;0;0;;
259117;27;1;2015;12:30;0;RD CE-040;;;0;KM-06;Colis?úo Traseira;Luz do Dia;;Seca;Meio de Quadra;;;0;0;2;1;0;0;0;0;0;0;0;0;-3,811270000000000;-38,478781000000000
263344;27;1;2015;08:00;5458;RUA BARBARA DE ALENCAR;RUA RODRIGUES JUNIOR;;0;;Colis?úo;Luz do Dia;;;Cruz;Pare;Comercial;0;0;2;0;0;0;0;0;0;0;0;0;-3,735343000000000;-38,522156000000000
263345;27;1;2015;09:20;6343;AV C CJ CEARA;RUA 1084 CJ CEARA;;0;;Colis?úo;Luz do Dia;;;Cruz;N?úo H?í Controle;Residencial;0;0;2;0;0;0;0;0;0;0;0;0;;
259185;27;1;2015;12:16;0;RUA IGUAPE;;;0;;Colis?úo;Luz do Dia;;;Meio de Quadra;;;0;0;2;1;0;0;0;0;0;1;0;0;;
253318;27;1;2015;20:10;0;RD BR 116;;;11000;KM-11;Colis?úo Transversal;Via Iluminada;Bom;Seca;Meio de Quadra;N?úo H?í Controle;;0;0;2;1;1;0;0;0;0;0;0;0;-3,847160000000000;-38,497176000000000
259902;27;1;2015;19:05;0;AV DES GONZAGA;;;0;;Colis?úo;;;;Meio de Quadra;;;0;0;2;1;0;0;1;0;0;0;0;0;;
259897;27;1;2015;08:47;0;RUA ANDRADE FURTADO;;;0;;Colis?úo;Luz do Dia;;;Meio de Quadra;;;0;0;2;1;0;0;0;0;0;0;0;0;;
259906;28;1;2015;13:05;0;RUA PDE PEDRO DE ALENCAR;;;0;;Colis?úo;Luz do Dia;;;Meio de Quadra;;;0;0;2;1;0;0;0;1;0;0;0;0;;
259904;28;1;2015;11:28;0;RUA VALPARAISO;;;0;;Colis?úo;Luz do Dia;;;Meio de Quadra;;;0;0;2;1;0;0;0;0;0;0;0;0;;
253427;28;1;2015;00:50;0;RD BR 020;;;0;KM-03;Choque c/ Obst?ículo Fixo;Via Iluminada;Bom;Seca;Meio de Quadra;N?úo H?í Controle;Comercial;0;1;0;1;0;0;0;0;0;0;0;0;;
259192;28;1;2015;11:12;0;RUA PIERRE LUZ;;;771;;Colis?úo;Luz do Dia;;;Meio de Quadra;;;0;0;6;1;0;0;1;0;0;1;0;0;-3,724239000000000;-38,588393000000000
259493;28;1;2015;12:27;0;RUA LUIS ALVES MAIA;;;0;;Colis?úo;Luz do Dia;;;Meio de Quadra;;;0;0;2;1;0;0;0;0;0;0;0;0;;
263346;28;1;2015;10:24;1544;RUA PAULA NEI;RUA PRO DIAS DA ROCHA;;0;;Colis?úo;Luz do Dia;;;Cruz;Pare;Misto;0;0;2;0;0;0;0;0;0;0;0;0;-3,741062000000000;-38,493448000000000
263347;28;1;2015;10:38;0;RUA G CJ VILA VELHA;;;249;;Colis?úo;Luz do Dia;;;Meio de Quadra;;;0;0;2;0;0;0;0;0;0;0;0;0;;
263348;28;1;2015;12:44;10045;RUA EMILIO DE MENESES;RUA TAUBATE;;0;;Colis?úo;Luz do Dia;;;Cruz;Pare;Misto;0;0;2;0;0;0;0;0;0;0;0;0;-3,778717000000000;-38,598188000000000
263350;28;1;2015;12:46;5303;RUA DNA LEOPOLDINA;AV SANTOS DUMONT;;0;;Colis?úo;Luz do Dia;;;T;Sem?íforo;Comercial;0;0;2;0;0;0;0;0;0;0;0;0;-3,729515000000000;-38,519029000000000
263351;28;1;2015;13:07;22134;RUA ALEXANDRE BARAUNA;RUA MAJ PEDRO SAMPAIO;;0;;Colis?úo;Luz do Dia;;;Cruz;Pare;Rural;0;0;2;0;0;0;0;0;0;0;0;0;-3,746361000000000;-38,553493000000000
263352;28;1;2015;15:32;0;RUA JULIO BRAGA;;;1356;;Colis?úo;Luz do Dia;;;Meio de Quadra;;;0;0;2;0;0;0;0;0;0;0;0;0;-3,774376000000000;-38,583063000000000
263353;28;1;2015;21:57;0;AV DR SILAS MUNGUBA;;;5006;;Colis?úo;;;;Meio de Quadra;;;0;0;2;0;0;0;0;0;0;0;0;0;-3,797167000000000;-38,531608000000000
263354;28;1;2015;22:20;5710;AV OLIVEIRA PAIVA;RUA CON BRAVEZA;;0;;Colis?úo;;;;Cruz;N?úo H?í Controle;Comercial;0;0;2;0;0;0;0;0;0;0;0;0;-3,796485000000000;-38,498448000000000
259118;28;1;2015;10:30;0;RD CE-040;;;0;KM-03;Colis?úo;Luz do Dia;;Seca;Meio de Quadra;;;0;1;1;1;0;0;0;0;0;1;0;0;-3,783185000000000;-38,481014000000000
260367;28;1;2015;00:57;0;AV BEZERRA DE MENEZES;;;0;;Colis?úo;;;;Meio de Quadra;;;0;1;1;0;0;0;0;0;0;0;0;0;;
260370;28;1;2015;11:09;0;AV J CJ CEARA;;;0;;Colis?úo;Luz do Dia;;;Meio de Quadra;;;0;1;1;1;0;0;0;0;0;1;0;0;-3,757883000000000;-38,611852000000000
260372;28;1;2015;14:01;0;RUA RAUL CABRAL;;;0;;Colis?úo;Luz do Dia;;;Meio de Quadra;;;0;1;1;1;0;0;0;0;0;1;0;0;-3,770588000000000;-38,539327000000000
260374;28;1;2015;14:52;0;RUA JOSE DE ALENCAR RAMOS;;;0;;Queda;Luz do Dia;;;Meio de Quadra;;;0;1;0;0;0;0;0;0;0;1;0;0;;
260376;28;1;2015;15:38;7957;AV PONTES VIEIRA;AV BAR STUDART;;0;;Atropelamento;Luz do Dia;;;T;Sem?íforo Intermitente;Comercial;0;2;0;0;0;0;0;0;0;1;0;0;-3,752590000000000;-38,512361000000000
260377;28;1;2015;16:41;0;RD QUARTO ANEL VIARIO;;;0;;Colis?úo;Luz do Dia;;;Meio de Quadra;;;0;1;1;0;0;0;1;0;0;1;0;0;;
260379;28;1;2015;17:21;0;AV IMPERADOR;;;0;;Colis?úo;Anoitecer;;;Meio de Quadra;;;0;1;1;1;0;0;0;0;0;1;0;0;-3,733390000000000;-38,536277000000000
260380;28;1;2015;17:54;0;RUA PASSO FUNDO;;;0;;Atropelamento;Anoitecer;;;Meio de Quadra;;;0;1;1;1;0;0;0;0;0;0;0;0;;
260385;28;1;2015;18:50;5328;AV TRISTAO GONCALVES;AV DUQ CAXIAS;;0;;Atropelamento;;;;Cruz;Sem?íforo;Comercial;0;1;1;1;0;0;0;0;0;0;0;0;-3,730400000000000;-38,534196000000000
260387;28;1;2015;20:02;0;AV PERIMETRAL;;;0;;Colis?úo;;;;Meio de Quadra;;;0;1;1;1;0;0;0;0;0;1;0;0;;
260394;28;1;2015;05:56;0;AV DEP PAULINO ROCHA;;;0;;Colis?úo;Amanhecer;;;Meio de Quadra;;;0;1;1;1;0;0;0;0;0;0;0;0;;
257077;28;1;2015;18:15;1716;AV GAL MURILO BORGES;AV GOV RAUL BARBOSA;;0;;Colis?úo;Anoitecer;;;;Sem?íforo;Outros;0;1;0;0;0;0;0;0;0;1;0;0;-3,763977000000000;-38,508802000000000
248348;28;1;2015;06:40;10194;RUA EMILIO DE MENESES;RUA ITAJAI;;0;;Colis?úo Lateral;;Bom;Seca;T;Pare;Residencial;0;0;2;1;0;0;1;0;0;0;0;0;-3,779711000000000;-38,594656000000000
248350;28;1;2015;07:00;23653;AV OLAVO BILAC;RUA BAR CRATO;;0;;Colis?úo Transversal;Luz do Dia;Bom;Seca;T;Pare;Residencial;0;0;2;1;0;0;0;0;0;0;0;0;-3,723036000000000;-38,566370000000000
248358;28;1;2015;01:00;0;AV BEZERRA DE MENEZES;;;549;;Choque c/ Obst?ículo Fixo;Via Iluminada;Bom;Seca;Meio de Quadra;N?úo H?í Controle;Comercial;1;0;0;0;0;0;0;0;0;1;0;0;-3,732621000000000;-38,549771000000000
248272;28;1;2015;12:15;18528;AV GOV PARSIFAL BARROSO;AV BEZERRA DE MENEZES;;0;;Colis?úo Lateral;Luz do Dia;Bom;Seca;Outros;Pare;Escola;0;0;2;1;0;0;1;0;0;0;0;0;-3,736609000000000;-38,569025000000000
248291;28;1;2015;08:30;25485;AV DOS EXPEDICIONARIOS;AV II LOT EXPEDICIONARIOS II;;0;;Colis?úo Transversal;Luz do Dia;Bom;Seca;T;Pare;Comercial;0;1;1;1;0;0;0;0;0;1;0;0;-3,804702000000000;-38,553210000000000
248293;28;1;2015;14:30;8044;AV JOAO PESSOA;RUA PEDRO MACHADO;;0;;Colis?úo Traseira;Luz do Dia;Bom;Seca;;Sem?íforo;Comercial;0;1;1;1;0;0;0;0;0;1;0;0;-3,754230000000000;-38,551092000000000
248294;28;1;2015;15:00;12892;AV DOMINGOS OLIMPIO;RUA BAR RIO BRANCO;;0;;Colis?úo Traseira;Luz do Dia;Bom;Seca;Cruz;Sem?íforo;Comercial;0;0;2;1;0;0;0;0;0;0;0;0;-3,736579000000000;-38,531494000000000
248295;28;1;2015;15:30;0;RUA BERNARDO MANUEL;;;8591;;Colis?úo Lateral;Luz do Dia;Bom;Seca;Meio de Quadra;N?úo H?í Controle;Comercial;0;1;1;0;0;0;0;0;0;1;0;0;-3,794640000000000;-38,550173000000000
248296;28;1;2015;08:40;0;AV ANTONIO SALES;;;1654;;Colis?úo Lateral;Luz do Dia;Bom;Seca;Meio de Quadra;;Comercial;0;0;2;1;1;0;0;0;0;0;0;0;;
248297;28;1;2015;07:50;5844;AV DES GONZAGA;RUA ENF JOAQUIM PINTO;;0;;Colis?úo Transversal;Luz do Dia;Bom;Seca;Cruz;Pare;Lazer;0;0;2;1;0;0;0;0;0;0;0;0;-3,800396000000000;-38,497696000000000
248298;28;1;2015;08:45;0;RUA PRO HERIBALDO COSTA;;;1822;;Colis?úo Lateral;Luz do Dia;Bom;Seca;Meio de Quadra;N?úo H?í Controle;Residencial;0;0;2;1;0;0;0;0;0;0;0;0;-3,767607000000000;-38,587854000000000
248299;28;1;2015;06:20;0;AV AUGUSTO DOS ANJOS;;;1388;;Colis?úo Lateral;Luz do Dia;Bom;Seca;Meio de Quadra;N?úo H?í Controle;Comercial;0;0;2;1;0;0;0;0;0;1;0;0;-3,778877000000000;-38,578018000000000
248300;28;1;2015;12:30;0;AV JOSE BASTOS;;;2670;;Colis?úo Transversal;Luz do Dia;Bom;Seca;Meio de Quadra;Gesto;Residencial;0;0;2;1;0;0;0;0;0;1;0;0;;
248301;28;1;2015;09:00;0;AV TRISTAO GONCALVES;;;1133;;Colis?úo Lateral;Luz do Dia;Bom;Seca;Meio de Quadra;N?úo H?í Controle;Comercial;1;0;1;1;1;0;0;0;0;0;0;0;-3,731660000000000;-38,534577000000000
248302;28;1;2015;18:45;15216;AV ABOLICAO;RUA VIS MAUA;;0;;Colis?úo Lateral;Mal Iluminada;Bom;Seca;Cruz;Pare;Comercial;0;0;2;1;1;0;0;0;0;0;0;0;-3,727006000000000;-38,496477000000000
248303;28;1;2015;19:23;0;RUA IRM BAZET;;;564;;Colis?úo Frontal;Via Iluminada;Bom;Seca;Meio de Quadra;N?úo H?í Controle;Residencial;0;0;2;1;0;0;0;0;0;0;0;0;-3,763794000000000;-38,552930000000000