COD_ACIDENTE;DIA;MES;ANO;HORA;INTERSECAO;LOG1;LOG2;LOG3;NUMERO;REFERENCIA;NATUREZA;ILUMINACAO;TEMPO;SUPERFICIEPISTA;TIPOCRUZAMENTO;CONTROLETRAFEGO;USOSOLO;MORTOS;FERIDOS;ILESOS;AUTOMOVEL;ONIBUS;BICICLETA;CAMINHAO;MICROONIBUS;CICLOMOTOR;MOTOCICLETA;TRACAOANIMAL;TREM;LATITUDE;LONGITUDE
248304;28;1;2015;14:50;1337;AV SANTOS DUMONT;RUA OSVALDO CRUZ (ALDEOTA);;0;;Colis?úo Lateral;Luz do Dia;Bom;Seca;Cruz;Sem?íforo;Comercial;0;0;2;1;1;0;0;0;0;0;0;0;-3,735602000000000;-38,500317000000000
248305;28;1;2015;13:00;18515;AV GOV PARSIFAL BARROSO;RUA 2 LT SINCOL;;0;;Colis?úo Traseira;Luz do Dia;Bom;Seca;T;Pare;Residencial;0;1;1;0;0;0;0;0;0;1;0;0;-3,735242000000000;-38,568952000000000
248306;28;1;2015;20:19;0;AV DEP PAULINO ROCHA;;;0;ROTAT?ôRIA;Colis?úo Traseira;Via Iluminada;Bom;Seca;Outros;;Lazer;0;0;2;1;0;0;0;0;0;0;0;0;;
248286;28;1;2015;10:00;25138;AV 13 DE MAIO;AV FELINO BARROSO;;0;;Colis?úo Traseira;Luz do Dia;Bom;Seca;T;Outros;Comercial;0;0;2;1;0;0;0;0;0;0;0;0;-3,750472000000000;-38,527991000000000
248288;28;1;2015;13:00;10999;RUA 15 DE NOVEMBRO;RUA ALBERTO MAGNO;;0;;Colis?úo Transversal;Luz do Dia;Bom;Seca;Cruz;Pare;Residencial;0;0;2;1;0;0;0;0;0;0;0;0;-3,769909000000000;-38,553169000000000
248289;28;1;2015;06:50;15973;AV GODOFREDO MACIEL;RUA GAL ONOFRE;;0;;Engavetamento;Luz do Dia;Bom;Seca;T;N?úo H?í Controle;Residencial;0;0;3;1;0;0;0;0;0;0;0;0;-3,807218000000000;-38,573268000000000
248318;29;1;2015;23:40;19328;RUA EDUARDO PERDIGAO;RUA CON DE CASTRO;;0;;Colis?úo Transversal;Via Iluminada;Bom;Seca;Cruz;N?úo H?í Controle;Residencial;0;1;2;1;1;0;0;0;0;0;0;0;-3,775579000000000;-38,564769000000000
248319;29;1;2015;12:50;1434;AV RUI BARBOSA;RUA CATAO MAMEDE;;0;;Atropelamento;Luz do Dia;Bom;Seca;Cruz;N?úo H?í Controle;Residencial;0;1;1;0;0;0;0;0;0;1;0;0;-3,737879000000000;-38,510042000000000
248320;29;1;2015;11:15;4021;AV PRO GOMES DE MATOS;RUA DES PRAXEDES;;0;;Colis?úo Lateral;Luz do Dia;Bom;Seca;Cruz;Sem?íforo;Comercial;0;1;1;0;0;0;0;0;0;1;0;0;-3,761872000000000;-38,546229000000000
248321;29;1;2015;14:30;0;RUA CON DE CASTRO;;;820;;Colis?úo Frontal;Luz do Dia;Bom;Seca;Meio de Quadra;N?úo H?í Controle;Residencial;0;1;1;1;0;0;0;0;0;1;0;0;-3,780586000000000;-38,569361000000000
248322;29;1;2015;18:30;3419;AV JOAO PESSOA;RUA MIGUEL GONCALVES;;0;;Colis?úo Transversal;Anoitecer;Bom;Seca;Cruz;N?úo H?í Controle;Residencial;0;2;1;1;0;0;0;0;0;1;0;0;-3,758710000000000;-38,555080000000000
248323;29;1;2015;09:20;15269;RUA TEN BENEVOLO;AV RUI BARBOSA;;0;;Engavetamento;Luz do Dia;Bom;Seca;;Sem?íforo;Residencial;0;0;3;1;0;0;0;0;0;0;0;0;-3,728685000000000;-38,507048000000000
248324;29;1;2015;02:57;5504;RUA PDE VALDEVINO;RUA JOAO CORDEIRO;;0;;Colis?úo Transversal;Luz do Dia;Bom;Seca;Cruz;Sem?íforo;Residencial;0;2;0;1;0;0;0;0;0;0;0;0;-3,738896000000000;-38,517550000000000
248325;29;1;2015;14:30;0;AV DEP PAULINO ROCHA;;;2177;;Outros;Luz do Dia;Bom;Seca;Meio de Quadra;N?úo H?í Controle;Comercial;0;1;1;1;0;0;0;0;0;0;0;0;-3,810791000000000;-38,516761000000000
248326;29;1;2015;08:00;3189;RUA CARLOS CHAGAS;RUA JOSE ARISTOTELES GONDIM;;0;;Colis?úo Transversal;Luz do Dia;Bom;Seca;Cruz;Pare;Residencial;0;1;1;1;0;0;0;0;0;0;0;0;-3,780113000000000;-38,585335000000000
248327;29;1;2015;13:45;0;AV IMPERADOR;;;122;;Colis?úo Lateral;Luz do Dia;Bom;Seca;Meio de Quadra;N?úo H?í Controle;Comercial;0;0;2;1;1;0;0;0;0;0;0;0;-3,722355000000000;-38,533016000000000
248328;29;1;2015;15:00;0;RUA PRO HERIBALDO COSTA;;;681;;Colis?úo Transversal;Luz do Dia;Bom;Seca;Meio de Quadra;Pare;Residencial;0;1;1;0;0;0;0;0;0;1;0;0;-3,758652000000000;-38,583141000000000
248329;29;1;2015;16:40;0;RUA 15 DE NOVEMBRO;;;230;;Colis?úo Traseira;Luz do Dia;Bom;Seca;Meio de Quadra;N?úo H?í Controle;Comercial;0;0;2;1;0;0;1;0;0;0;0;0;-3,768162000000000;-38,558040000000000
248308;29;1;2015;07:46;22849;RUA CON LIMA SUCUPIRA;RUA DR JUSTA ARAUJO D45;;0;;Outros;Luz do Dia;Bom;Seca;Cruz;Pare;Residencial;0;1;1;0;1;1;0;0;0;0;0;0;-3,778167000000000;-38,550832000000000
248309;29;1;2015;19:40;26083;AV BEZERRA DE MENEZES;AV JOSE JATAHY;;0;;Colis?úo Lateral;Anoitecer;Bom;Seca;Cruz;Pare;Comercial;0;0;2;1;1;0;0;0;0;0;0;0;;
248334;29;1;2015;19:45;22635;AV PRS ARTUR BERNARDES;RUA JOSE VILAR DE ANDRADE;;0;;Colis?úo Transversal;Via Iluminada;Bom;Seca;T;Pare;Residencial;0;0;2;1;0;0;0;0;0;0;0;0;-3,793729000000000;-38,471568000000000
248336;29;1;2015;19:45;1521;RUA DES LEITE ALBUQUERQUE;RUA MAL RONDON;;0;;Colis?úo Lateral;Via Iluminada;Bom;Seca;Cruz;Pare;Comercial;0;1;1;0;0;0;0;0;0;1;0;0;-3,740372000000000;-38,488952000000000
248311;29;1;2015;09:50;0;AV GAL OSORIO DE PAIVA;;;5840;;Colis?úo Traseira;Luz do Dia;Bom;Seca;Meio de Quadra;Sem?íforo;Comercial;0;0;2;0;0;0;0;0;0;0;0;0;-3,807352000000000;-38,604625000000000
248312;29;1;2015;16:00;4319;AV VICENTE DE CASTRO;AV JOSE SABOIA;;0;;Colis?úo Lateral;Luz do Dia;Bom;Seca;Cruz;Pare;Comercial;0;1;1;1;0;0;1;0;0;0;0;0;-3,713785000000000;-38,473200000000000
248349;29;1;2015;09:15;20575;RUA CEL XAVIER CHAVES;RUA SIMAO SANTOS;;0;;Colis?úo Transversal;Luz do Dia;Bom;Seca;Cruz;N?úo H?í Controle;Residencial;0;1;1;0;0;0;0;0;0;1;0;0;-3,862078000000000;-38,493196000000000
248353;29;1;2015;12:30;0;RUA MACHADO DE ASSIS;;;606;;Engavetamento;Luz do Dia;Bom;Seca;Meio de Quadra;Gesto;Residencial;0;0;4;1;0;0;0;0;0;0;0;0;-3,751145000000000;-38,549826000000000
248382;29;1;2015;12:30;0;RUA MACHADO DE ASSIS;;;606;;;Luz do Dia;;;Meio de Quadra;;;0;0;1;1;0;0;0;0;0;0;0;0;-3,751145000000000;-38,549826000000000
248346;29;1;2015;12:10;5298;RUA FRANKLIN TAVORA;RUA CEL FERRAZ;;0;;Colis?úo Lateral;Luz do Dia;Bom;Seca;T;N?úo H?í Controle;Residencial;0;0;2;1;0;0;0;0;0;0;0;0;-3,729346000000000;-38,523681000000000
248347;29;1;2015;12:00;0;RUA JULIO LIMA;;;637;;Colis?úo Frontal;Luz do Dia;Bom;Seca;Meio de Quadra;N?úo H?í Controle;Comercial;0;0;2;1;0;0;0;0;0;1;0;0;-3,795789000000000;-38,499647000000000
248344;29;1;2015;20:50;19596;RUA NEREU RAMOS;RUA TCHECOSLOVAQUIA;;0;;Colis?úo Lateral;Via Iluminada;Bom;Seca;Cruz;Pare;Comercial;0;1;1;1;0;0;0;0;0;1;0;0;-3,785913000000000;-38,570458000000000
248342;29;1;2015;19:00;25346;AV OLIVEIRA PAIVA;RUA LUIS GIRAO;;0;;Colis?úo Lateral;Via Iluminada;Bom;Seca;Cruz;Pare;Comercial;0;0;2;0;1;0;0;1;0;0;0;0;-3,795862000000000;-38,481549000000000
248338;29;1;2015;12:40;0;RUA PDE IBIAPINA;;;193;;Colis?úo Lateral;Luz do Dia;Bom;Seca;Meio de Quadra;N?úo H?í Controle;Comercial;0;0;2;1;0;0;1;0;0;0;0;0;;
248339;29;1;2015;21:00;0;RUA PERNAMBUCO;;;3001;;Colis?úo Frontal;Anoitecer;Bom;Seca;Meio de Quadra;N?úo H?í Controle;Residencial;0;2;0;0;0;0;0;0;0;1;0;0;-3,749562000000000;-38,579862000000000
248340;29;1;2015;10:30;5499;RUA PDE VALDEVINO;RUA J DA PENHA;;0;;Colis?úo Traseira;Luz do Dia;Bom;Seca;Cruz;Pare;Comercial;0;0;2;1;0;0;0;0;0;0;0;0;-3,737911000000000;-38,520695000000000
248384;29;1;2015;17:40;0;AV PRS COSTA E SILVA;;;3601;;Colis?úo Traseira;Anoitecer;Bom;Seca;Meio de Quadra;Gesto;Residencial;0;0;2;0;0;0;1;0;0;0;0;0;-3,823879000000000;-38,548554000000000
248386;29;1;2015;17:30;0;AV PRS COSTA E SILVA;;;3601;;Colis?úo Lateral;Anoitecer;Bom;Seca;Meio de Quadra;Gesto;Residencial;0;1;2;1;0;0;0;0;0;1;0;0;-3,823879000000000;-38,548554000000000
248388;29;1;2015;17:00;0;AV PRS COSTA E SILVA;;;0;;Colis?úo Traseira;Luz do Dia;Nublado;Seca;Meio de Quadra;Outros;Residencial;0;0;2;1;0;0;0;0;0;0;0;0;;
248389;29;1;2015;17:07;12445;AV SEN FERNANDES TAVORA;TR HELENA DE MARIA;;0;;Colis?úo Lateral;Anoitecer;Bom;Seca;T;N?úo H?í Controle;Comercial;0;2;1;1;0;0;0;0;0;1;0;0;-3,766094000000000;-38,574916000000000
248390;29;1;2015;19:40;0;RUA CON LIMA SUCUPIRA;;;2328;;Colis?úo Lateral;Mal Iluminada;Bom;Seca;Meio de Quadra;Outros;Residencial;0;0;3;1;0;0;0;0;0;1;0;0;-3,776505000000000;-38,555949000000000
257078;29;1;2015;02:15;24984;AV ALM HENRIQUE SABOIA;RUA BENTO ALBUQUERQUE;;0;;Colis?úo;;;;T;N?úo H?í Controle;Residencial;0;2;0;0;0;0;1;0;0;0;0;0;-3,742019000000000;-38,488529000000000
260395;29;1;2015;06:12;0;AV JANGADEIROS (MUCURIPE);;;0;;Atropelamento;Luz do Dia;;;Meio de Quadra;;;0;2;0;0;0;0;0;0;0;1;0;0;;
260406;29;1;2015;21:50;0;AV DR THEBERGE;;;0;;Colis?úo;;;;Meio de Quadra;;;0;1;1;0;0;0;1;0;0;1;0;0;;
260407;29;1;2015;22:42;0;RUA ITU;;;0;;Atropelamento;;;;Meio de Quadra;;;0;1;1;0;0;0;0;0;0;0;0;0;;
260397;29;1;2015;07:51;0;AV ROGACIANO LEITE;;;0;;Colis?úo;Luz do Dia;;;Meio de Quadra;;;0;1;1;1;0;0;0;0;0;1;0;0;-3,761667000000000;-38,493409000000000
260398;29;1;2015;07:57;26077;AV DUQ CAXIAS;AV JOSE JATAHY;;0;;Colis?úo;Luz do Dia;;;T;Pare;Comercial;0;1;1;1;0;0;0;0;0;1;0;0;;
260399;29;1;2015;09:47;0;RUA CEL ANTONIO SAMPAIO;;;0;;Colis?úo;Luz do Dia;;;Meio de Quadra;;;0;1;1;1;0;0;0;0;0;1;0;0;;
260402;29;1;2015;10:58;0;AV GOV PARSIFAL BARROSO;RUA MARIA MIRIAN F  DE SOUZA;;0;;Colis?úo;Luz do Dia;;;;;;0;1;1;0;0;0;0;0;0;0;0;0;-3,729806000000000;-38,569183000000000
260403;29;1;2015;14:43;0;RUA CON DE CASTRO;;;0;;Colis?úo;Luz do Dia;;;Meio de Quadra;;;0;1;1;1;0;0;0;0;0;1;0;0;-3,780586000000000;-38,569361000000000
260404;29;1;2015;19:57;0;AV DOMINGOS OLIMPIO;;;0;;Queda;;;;Meio de Quadra;;;0;1;0;0;0;0;0;0;0;1;0;0;;
263355;29;1;2015;06:26;0;RUA SANTANA D48;;;328;;Colis?úo;Luz do Dia;;;Meio de Quadra;;;0;0;2;0;0;0;0;0;0;0;0;0;;
263356;29;1;2015;06:38;6584;AV H CJ CEARA;AV J CJ CEARA;;0;;Colis?úo;Luz do Dia;;;Cruz;Outros;Residencial;0;0;2;0;0;0;0;0;0;0;0;0;-3,777092000000000;-38,621543000000000
259495;29;1;2015;06:47;0;RUA SANTANA;;;0;;Colis?úo;Luz do Dia;;;;;;0;0;2;1;0;0;1;0;0;0;0;0;;
259629;29;1;2015;08:53;0;AV ALBERTO CRAVEIRO;;;0;;Colis?úo;Luz do Dia;;;Meio de Quadra;;;0;0;2;1;0;0;0;0;0;0;0;0;;
259631;29;1;2015;10:00;0;RUA PDE PEDRO DE ALENCAR;;;0;;Colis?úo;Luz do Dia;;;Meio de Quadra;;;0;0;2;1;0;0;1;0;0;0;0;0;;
259633;29;1;2015;18:31;0;AV JOSE LEON;;;0;;Colis?úo;;;;Meio de Quadra;;;0;0;2;1;0;0;0;0;0;0;0;0;;
263427;29;1;2015;08:40;15832;RUA EDUARDO PORTO;RUA PDE PEDRO DE ALENCAR;;0;;Colis?úo;Luz do Dia;;;;;;0;0;2;0;0;0;0;0;0;0;0;0;-3,832741000000000;-38,494029000000000
263428;29;1;2015;08:45;0;RUA 99 CJ JOSE WALTER;;;40;;Colis?úo;Luz do Dia;;;Meio de Quadra;;;0;0;2;0;0;0;0;0;0;0;0;0;-3,836502000000000;-38,557686000000000
263429;29;1;2015;09:18;0;AV PRS CASTELO BRANCO;;;2210;;Colis?úo;Luz do Dia;;;Meio de Quadra;;;0;0;2;0;0;0;0;0;0;0;0;0;-3,713994000000000;-38,547728000000000
263430;29;1;2015;09:26;8660;AV EDILSON B SOARES;AV WASHINGTON SOARES;;0;;Colis?úo;Luz do Dia;;;Outros;Sem?íforo;Comercial;0;0;2;0;0;0;0;0;0;0;0;0;-3,789444000000000;-38,480489000000000
263431;29;1;2015;09:27;0;AV RAD JOSE LIMA VERDE;;;520;;Colis?úo;Luz do Dia;;;Meio de Quadra;;;0;0;2;0;0;0;0;0;0;0;0;0;-3,696343000000000;-38,586407000000000
263432;29;1;2015;10:01;0;RUA DRAGAO DO MAR;;;218;;Colis?úo;Luz do Dia;;;Meio de Quadra;;;0;0;2;0;0;0;0;0;0;0;0;0;-3,721833000000000;-38,519181000000000
263433;29;1;2015;10:58;18528;AV GOV PARSIFAL BARROSO;AV BEZERRA DE MENEZES;;0;;Atropelamento;Luz do Dia;;;Outros;Pare;Escola;0;0;2;0;0;0;0;0;0;0;0;0;-3,736609000000000;-38,569025000000000
263434;29;1;2015;13:47;0;RUA ROSA CORDEIRO;;;190;;Colis?úo;Luz do Dia;;;Meio de Quadra;;;0;0;2;0;0;0;0;0;0;0;0;0;;
263435;29;1;2015;22:00;0;AV JANGADEIROS (MUCURIPE);;;0;;Colis?úo;;;;Meio de Quadra;;;0;0;2;0;0;0;0;0;0;0;0;0;;
263436;29;1;2015;23:18;11190;RUA JOSE MENELEU D41;RUA ALEMANHA;;0;;Choque c/ Obst?ículo Fixo;;;;Cruz;Pare;Residencial;0;0;1;0;0;0;0;0;0;0;0;0;-3,781735000000000;-38,558642000000000
253366;29;1;2015;21:15;0;RD BR 222;;;0;KM 00;Colis?úo Lateral;Via Iluminada;Bom;Seca;Meio de Quadra;N?úo H?í Controle;Comercial;0;1;1;0;0;0;0;0;0;1;0;0;-3,736611000000000;-38,569072000000000
253268;29;1;2015;08:40;0;RD BR 116;;;7000;KM-07;Colis?úo Traseira;Luz do Dia;Bom;Seca;Meio de Quadra;N?úo H?í Controle;Comercial;0;1;1;1;0;0;0;0;0;0;0;0;-3,813246000000000;-38,501101000000000
259916;29;1;2015;14:06;12457;AV AUGUSTO DOS ANJOS;RUA PRO GOMES BRASIL;;0;;Colis?úo;Luz do Dia;;;Cruz;Sem?íforo;Comercial;0;0;2;1;0;0;1;0;0;0;0;0;-3,770153000000000;-38,570427000000000
259912;29;1;2015;08:36;0;RUA GOV JOAO CARLOS;;;0;;Colis?úo;Luz do Dia;;;Meio de Quadra;;;0;0;2;1;0;0;1;0;0;0;0;0;;
259910;29;1;2015;07:46;0;AV ALBERTO CRAVEIRO;;;507;MAKRO;Colis?úo;Luz do Dia;;;Meio de Quadra;;;0;0;3;1;0;0;1;0;0;0;0;0;-3,781154000000000;-38,515910000000000
253304;30;1;2015;09:15;0;RD BR 116;;;3000;KM-03;Colis?úo Lateral;Luz do Dia;Bom;Seca;Meio de Quadra;N?úo H?í Controle;Comercial;0;0;2;0;0;0;0;0;0;1;0;0;-3,779838000000000;-38,514372000000000
253367;30;1;2015;01:20;0;RD BR 222;;;0;KM-02;Colis?úo Transversal;Via Iluminada;Bom;Seca;Meio de Quadra;N?úo H?í Controle;Comercial;0;3;1;1;0;0;0;0;0;0;0;0;-3,738951000000000;-38,586880000000000
253342;30;1;2015;17:50;0;RD BR 116;;;15000;KM-15;Colis?úo Lateral;Anoitecer;Bom;Material Derrapante;Meio de Quadra;N?úo H?í Controle;;0;0;2;1;0;0;1;0;0;0;0;0;-3,882329000000000;-38,501113000000000
263437;30;1;2015;08:14;0;RUA 12 UI 301;;;141;;Colis?úo;Luz do Dia;;;Meio de Quadra;;;0;0;2;0;0;0;0;0;0;0;0;0;;
263438;30;1;2015;10:43;0;AV IMPERADOR;;;454;;Colis?úo;Luz do Dia;;;Meio de Quadra;;;0;0;2;0;0;0;0;0;0;0;0;0;-3,725227000000000;-38,533872000000000
263439;30;1;2015;11:16;0;AV SEN FERNANDES TAVORA;;;1326;;Colis?úo;Luz do Dia;;;Meio de Quadra;;;0;0;2;0;0;0;0;0;0;0;0;0;-3,760862000000000;-38,584652000000000
263440;30;1;2015;11:24;0;RUA PRO COSTA MENDES;;;262;;Colis?úo;Luz do Dia;;;Meio de Quadra;;;0;0;2;0;0;0;0;0;0;0;0;0;-3,757358000000000;-38,543753000000000
263441;30;1;2015;11:41;0;RUA VALMIR PONTES;;;0;;Colis?úo;Luz do Dia;;;Meio de Quadra;;;0;0;2;0;0;0;0;0;0;0;0;0;;
263442;30;1;2015;11:58;10749;AV SEN FERNANDES TAVORA;RUA PRO HERIBALDO COSTA;;0;;Colis?úo;Luz do Dia;;;Cruz;Sem?íforo;Comercial;0;0;2;0;0;0;0;0;0;0;0;0;-3,761006000000000;-38,584384000000000
259636;30;1;2015;;3860;AV 13 DE MAIO;AV DA UNIVERSIDADE;;0;;Colis?úo;;;;Cruz;Sem?íforo Danificado;Comercial;0;1;2;1;0;0;0;0;0;0;0;0;-3,740962000000000;-38,539107000000000
259638;30;1;2015;05:47;183;AV CEL CARVALHO;RUA DEMETRIO MENEZES;;0;;Colis?úo;Amanhecer;;;;;;0;0;2;1;1;0;0;0;0;0;0;0;-3,731488000000000;-38,584591000000000
263445;30;1;2015;13:49;0;AV OLIVEIRA PAIVA;;;2800;;Colis?úo;Luz do Dia;;;Meio de Quadra;;;0;0;2;0;0;0;0;0;0;0;0;0;-3,795949000000000;-38,482564000000000
263446;30;1;2015;16:01;0;RUA 106 CJ ESPERANCA;;;0;;Colis?úo;Luz do Dia;;;Meio de Quadra;;;0;0;2;0;0;0;0;0;0;0;0;0;;
263447;30;1;2015;16:02;0;RUA SORRISO DE MARIA;;;114;;Colis?úo;Luz do Dia;;;Meio de Quadra;;;0;0;2;0;0;0;0;0;0;0;0;0;;
263448;30;1;2015;16:12;0;AV JOR THOMAZ COELHO;;;0;;Colis?úo;Luz do Dia;;;Meio de Quadra;;;0;0;2;0;0;0;0;0;0;0;0;0;;
263452;30;1;2015;17:51;0;RUA CRUZEIRO D69;;;0;;Colis?úo;Anoitecer;;;Meio de Quadra;;;0;0;2;0;0;0;0;0;0;0;0;0;;
263453;30;1;2015;19:34;0;RUA PDE PERDIGAO SAMPAIO;;;241;;Colis?úo;;;;Meio de Quadra;;;0;0;2;0;0;0;0;0;0;0;0;0;-3,737532000000000;-38,594994000000000
263454;30;1;2015;19:52;0;AV COLOMBO DE SOUZA;;;352;;Atropelamento;;;;Meio de Quadra;;;0;0;2;0;0;0;0;0;0;0;0;0;;
263455;30;1;2015;21:26;0;AV COS GOMES DE FREITAS (SAPIRANGA/COITE);;;3336;;Colis?úo;;;;Meio de Quadra;;;0;0;2;0;0;0;0;0;0;0;0;0;;
263459;30;1;2015;21:29;0;RUA COS LAFAYETE;;;0;;Colis?úo;;;;Meio de Quadra;;;0;0;2;0;0;0;0;0;0;0;0;0;;
263460;30;1;2015;21:35;0;AV ENG LEAL LIMA VERDE (SAPIRANGA/COITE);;;3339;;Colis?úo;;;;Meio de Quadra;;;0;0;2;0;0;0;0;0;0;0;0;0;;
263461;30;1;2015;22:37;0;AV SGT HERMINIO SAMPAIO;;;0;;Atropelamento;;;;Meio de Quadra;;;0;0;2;0;0;0;0;0;0;0;0;0;;
263462;30;1;2015;22:54;0;RUA PLANALTINA (BONSUCESSO);;;1590;;Colis?úo;;;;Meio de Quadra;;;0;0;2;0;0;0;0;0;0;0;0;0;;
263450;30;1;2015;16:35;0;RUA SAO LEOPOLDO D69;;;0;;Colis?úo;Luz do Dia;;;Meio de Quadra;;;0;0;2;0;0;0;0;0;0;0;0;0;;
263464;30;1;2015;23:32;0;RUA ALBERTO MAGNO;;;1640;;Colis?úo;;;;Meio de Quadra;;;0;0;2;0;0;0;0;0;0;0;0;0;-3,768226000000000;-38,552536000000000
263466;30;1;2015;23:33;0;RUA BENTO ALBUQUERQUE;;;1555;;Colis?úo;;;;Meio de Quadra;;;0;0;2;0;0;0;0;0;0;0;0;0;-3,746101000000000;-38,475914000000000
259119;30;1;2015;07:40;0;AV MIN JOSE AMERICO;;;0;;Colis?úo Traseira;Luz do Dia;;Seca;Meio de Quadra;;;0;0;2;1;0;0;0;0;0;1;0;0;;
260409;30;1;2015;07:22;0;RUA OLIVEIRA SOBRINHO;;;0;;Atropelamento;Luz do Dia;;;Meio de Quadra;;;0;2;0;1;0;0;0;0;0;0;0;0;-3,779453000000000;-38,598205000000000
260411;30;1;2015;07:46;17328;RUA DES PRAXEDES;RUA ANTONIO CORREIA LIMA;;0;;Colis?úo;Luz do Dia;;;Cruz;Pare;Misto;0;1;1;1;0;0;0;0;0;1;0;0;-3,763245000000000;-38,542197000000000
260412;30;1;2015;08:50;0;AV GAL OSORIO DE PAIVA;;;0;;Colis?úo;Luz do Dia;;;Meio de Quadra;;;0;1;1;0;0;0;1;0;0;1;0;0;-3,792564000000000;-38,590234000000000
260414;30;1;2015;10:44;0;AV PRS COSTA E SILVA;;;0;;Colis?úo;Luz do Dia;;;Meio de Quadra;;;0;1;1;0;0;0;0;0;0;0;0;0;;
260415;30;1;2015;10:59;0;AV PRO GOMES DE MATOS;;;0;;;Luz do Dia;;;Meio de Quadra;;;0;1;1;0;0;0;0;0;0;0;0;0;;
260416;30;1;2015;11:40;3323;RUA MARIO DE ANDRADE;RUA ARGENTINA;;0;;Colis?úo;Luz do Dia;;;Cruz;Pare;Residencial;0;1;1;1;0;0;0;0;0;1;0;0;-3,747688000000000;-38,564812000000000
260420;30;1;2015;14:27;0;RUA PDE PEDRO DE ALENCAR;;;1792;;Colis?úo;Luz do Dia;;;Meio de Quadra;;;0;1;1;0;0;0;0;0;0;0;0;0;;
260421;30;1;2015;15:24;13432;AV RUI BARBOSA;AV ANTONIO SALES;;0;;Colis?úo;Luz do Dia;;;Cruz;Sem?íforo;Misto;0;1;1;1;0;0;0;0;0;1;0;0;-3,742611000000000;-38,511569000000000
260425;30;1;2015;19:37;0;AV ALM HENRIQUE SABOIA;;;0;;Atropelamento;;;;Meio de Quadra;;;0;1;1;1;0;0;0;0;0;0;0;0;;
260427;30;1;2015;19:44;0;AV C CJ NOVA ASSUNCAO;;;0;;Colis?úo;;;;Meio de Quadra;;;0;0;2;0;0;0;0;0;0;0;0;0;;
260429;30;1;2015;20:12;0;RUA ANA BRITO;;;96;;Colis?úo;;;;Meio de Quadra;;;0;1;1;1;0;0;0;0;0;1;0;0;;
260430;30;1;2015;20:27;21596;RUA LUIS VIEIRA;RUA COM GARCIA;;0;;Colis?úo;;;;Cruz;Outros;Residencial;0;1;1;1;0;0;0;0;0;1;0;0;-3,796632000000000;-38,586346000000000
260431;30;1;2015;20:59;0;AV ENG SANTANA JUNIOR;;;0;;Queda;;;;Meio de Quadra;;;0;1;0;0;0;0;0;0;0;1;0;0;;
260432;30;1;2015;22:03;0;RUA PLANALTINA (PL AYRTON SENNA);;;0;;Colis?úo;;;;Meio de Quadra;;;0;2;0;0;0;0;0;0;0;1;0;0;;
257081;30;1;2015;22:55;0;AV AUGUSTO DOS ANJOS;;;489;;Colis?úo;;;;Meio de Quadra;;;0;1;1;1;0;0;0;0;0;1;0;0;-3,772994000000000;-38,572751000000000
257083;30;1;2015;16:00;0;AV HERACLITO GRACA;;;1120;;Colis?úo;Luz do Dia;;;Meio de Quadra;;;0;1;0;1;1;0;0;0;0;0;0;0;-3,736637000000000;-38,514800000000000
248392;30;1;2015;06:00;0;RUA ALMEIDA PRADO;;;1012;;Colis?úo Lateral;Luz do Dia;Bom;Seca;Meio de Quadra;N?úo H?í Controle;Residencial;0;1;1;0;0;0;0;0;0;1;0;0;-3,745608000000000;-38,475757000000000
248393;30;1;2015;11:20;5283;AV DOM MANUEL;AV SANTOS DUMONT;;0;;Colis?úo Lateral;Luz do Dia;;;Cruz;Pare;;0;0;2;1;0;0;0;0;0;0;0;0;-3,728774000000000;-38,521250000000000
248387;30;1;2015;12:30;0;AV AGUANAMBI;;;0;;Colis?úo Transversal;Luz do Dia;Bom;Seca;Meio de Quadra;N?úo H?í Controle;Comercial;0;0;2;1;0;0;1;0;0;0;0;0;;
248385;30;1;2015;11:30;5418;RUA ASSUNCAO;RUA GAL CLARINDO DE QUEIROZ;;0;;Colis?úo;Luz do Dia;Bom;Seca;Cruz;Pare;Comercial;0;1;1;0;1;1;0;0;0;0;0;0;-3,733329000000000;-38,528262000000000
248400;30;1;2015;13:20;13414;AV ANTONIO SALES;RUA CARLOS VASCONCELOS;;0;;Colis?úo Traseira;Luz do Dia;Bom;Seca;Cruz;Sem?íforo Intermitente;Comercial;0;0;2;1;0;0;0;0;0;0;0;0;-3,741942000000000;-38,513726000000000
248401;30;1;2015;19:00;9222;RUA GAL SILVA JUNIOR;RUA GRACILIANO RAMOS;;0;;Colis?úo Transversal;Via Iluminada;Bom;;Cruz;Pare;Residencial;0;0;2;1;0;0;0;0;0;0;0;0;-3,753567000000000;-38,530158000000000
248402;30;1;2015;18:10;7671;AV JOSE BASTOS;RUA PARAIBA;;0;;Engavetamento;Via Iluminada;Bom;Seca;Cruz;Pare;Comercial;0;0;3;1;0;0;0;0;0;0;0;0;-3,761294000000000;-38,564955000000000
248397;30;1;2015;14:00;1273;AV SANTOS DUMONT;RUA DR JOSE LOURENCO;;0;;Colis?úo Lateral;Luz do Dia;Bom;Seca;Cruz;Pare;Comercial;0;1;1;1;0;0;0;0;0;1;0;0;-3,733299000000000;-38,507380000000000
248383;30;1;2015;20:30;0;AV DR SILAS MUNGUBA;;;4392;;Choque c/ Obst?ículo Fixo;Via Iluminada;;Seca;Meio de Quadra;N?úo H?í Controle;Comercial;0;0;2;1;0;0;0;0;0;0;0;0;-3,792890000000000;-38,535227000000000