COD_ACIDENTE;DIA;MES;ANO;HORA;INTERSECAO;LOG1;LOG2;LOG3;NUMERO;REFERENCIA;NATUREZA;ILUMINACAO;TEMPO;SUPERFICIEPISTA;TIPOCRUZAMENTO;CONTROLETRAFEGO;USOSOLO;MORTOS;FERIDOS;ILESOS;AUTOMOVEL;ONIBUS;BICICLETA;CAMINHAO;MICROONIBUS;CICLOMOTOR;MOTOCICLETA;TRACAOANIMAL;TREM;LATITUDE;LONGITUDE
248351;30;1;2015;21:00;0;AV GOV PARSIFAL BARROSO;;;0;;Colis?úo Lateral;Via Iluminada;Bom;Seca;Meio de Quadra;Outros;Residencial;0;0;2;0;0;0;1;0;0;1;0;0;;
248359;30;1;2015;18:50;0;AV ALM BARROSO;;;701;;Colis?úo Lateral;Via Iluminada;Bom;Seca;Meio de Quadra;N?úo H?í Controle;Misto;0;0;2;1;0;0;0;0;0;0;0;0;-3,720396000000000;-38,516831000000000
248360;30;1;2015;07:30;0;AV DA UNIVERSIDADE;;;2118;;Colis?úo Lateral;Luz do Dia;Bom;Seca;Meio de Quadra;Sem?íforo;Comercial;0;0;2;1;1;0;0;0;0;0;0;0;-3,736403000000000;-38,534955000000000
248361;30;1;2015;07:10;5437;RUA METON DE ALENCAR;RUA FLORIANO PEIXOTO;;0;;Colis?úo Transversal;Luz do Dia;Bom;Seca;Cruz;Pare;Comercial;0;0;3;1;0;0;0;0;0;0;0;0;-3,734071000000000;-38,529358000000000
248362;30;1;2015;16:45;0;AV ANTONIO SALES;;;1419;;Colis?úo Traseira;Luz do Dia;Bom;Seca;Meio de Quadra;Sem?íforo;Comercial;0;1;1;1;0;0;0;0;0;1;0;0;-3,742635000000000;-38,511490000000000
248363;30;1;2015;06:30;11760;AV PRS CASTELO BRANCO;RUA ADRIANO MARTINS;;0;;Colis?úo Lateral;Luz do Dia;Bom;Seca;T;N?úo H?í Controle;Comercial;0;0;2;1;1;0;0;0;0;0;0;0;-3,714864000000000;-38,545645000000000
248364;30;1;2015;09:20;0;RUA MAL DEODORO;;;0;;Engavetamento;Luz do Dia;Bom;Seca;Meio de Quadra;N?úo H?í Controle;Escola;0;0;3;1;0;0;0;0;0;0;0;0;;
248365;30;1;2015;09:00;5159;AV IMPERADOR;RUA GUILHERME ROCHA;;0;;Colis?úo Traseira;Luz do Dia;Bom;Seca;Cruz;Sem?íforo;Comercial;0;0;2;1;0;0;1;0;0;0;0;0;-3,725081000000000;-38,533829000000000
248366;30;1;2015;11:00;5211;AV IMPERADOR;RUA LIBERATO BARROSO;;0;;Colis?úo Transversal;Luz do Dia;Bom;Seca;Cruz;Sem?íforo;Comercial;0;0;2;1;0;0;0;0;0;0;0;0;-3,726511000000000;-38,534257000000000
248367;30;1;2015;07:55;0;AV DA UNIVERSIDADE;;;2471;;Colis?úo Traseira;Luz do Dia;Bom;Seca;Meio de Quadra;;Comercial;0;0;2;1;0;0;0;0;0;0;0;0;-3,738714000000000;-38,537068000000000
248368;30;1;2015;13:50;13389;AV ANTONIO SALES;RUA JOAO CORDEIRO;;0;;Colis?úo Lateral;;Bom;Seca;Cruz;;Comercial;0;1;1;1;0;0;0;0;0;1;0;0;-3,740588000000000;-38,518068000000000
248369;30;1;2015;15:30;5392;RUA PINTO MADEIRA;RUA NOGUEIRA ACIOLI;;0;;Colis?úo Lateral;;Bom;Seca;Cruz;Pare;Residencial;0;0;2;1;0;0;0;0;0;0;0;0;-3,732292000000000;-38,517559000000000
248370;30;1;2015;19:00;5194;RUA MAJ FACUNDO;RUA SAO PAULO;;0;;Colis?úo Lateral;Via Iluminada;Bom;Seca;Cruz;Sem?íforo;Comercial;0;0;2;1;1;0;0;0;0;0;0;0;-3,726091000000000;-38,527355000000000
248371;30;1;2015;14:15;12173;AV CASTELO DE CASTRO;AV CONTORNO SUL;;0;;Colis?úo Lateral;Luz do Dia;Bom;Seca;Cruz;Pare;Comercial;0;1;1;0;0;0;0;0;0;1;0;0;-3,838809000000000;-38,521744000000000
248372;30;1;2015;12:00;15300;RUA NUNES VALENTE;RUA REPUBLICA DO LIBANO;;0;;Colis?úo Transversal;Luz do Dia;Bom;Seca;T;Pare;Misto;0;0;2;1;0;0;0;0;0;0;0;0;-3,729677000000000;-38,501646000000000
248373;30;1;2015;14:10;0;RUA MON CATAO;;;1283;;Colis?úo Lateral;Luz do Dia;Bom;Seca;Meio de Quadra;N?úo H?í Controle;Misto;0;1;1;1;0;0;0;0;0;1;0;0;-3,743618000000000;-38,492142000000000
248374;30;1;2015;10:30;0;RUA COS LAFAYETE;;;963;;Colis?úo Transversal;Luz do Dia;Bom;Seca;Meio de Quadra;N?úo H?í Controle;Residencial;0;0;2;1;0;0;0;0;0;0;0;0;-3,717589000000000;-38,587023000000000
248375;30;1;2015;20:00;12604;RUA FENELON BOMILCAR;RUA SEMPREVIVA;;0;;Colis?úo Lateral;Via Iluminada;Bom;Seca;Cruz;Pare;Residencial;0;1;1;0;0;0;0;0;0;1;0;0;-3,715943000000000;-38,581135000000000
248376;30;1;2015;09:00;0;RUA GERMANO FRANCK;;;1005;;Colis?úo Lateral;Luz do Dia;Bom;Seca;Meio de Quadra;Sem?íforo;Misto;0;0;2;1;0;0;0;0;0;0;0;0;-3,779479000000000;-38,564653000000000
248377;30;1;2015;09:30;19596;RUA NEREU RAMOS;RUA TCHECOSLOVAQUIA;;0;;Colis?úo;Luz do Dia;Bom;Seca;Cruz;Pare;Comercial;0;1;1;1;0;0;0;0;0;1;0;0;-3,785913000000000;-38,570458000000000
248378;30;1;2015;08:30;0;RUA PAULA RODRIGUES;;;55;;Colis?úo Lateral;Luz do Dia;Bom;Seca;Meio de Quadra;N?úo H?í Controle;Comercial;0;0;2;1;0;0;1;0;0;0;0;0;-3,752717000000000;-38,526255000000000
248379;30;1;2015;09:30;25268;AV BORGES DE MELO;RUA JORGE ACURCIO;;0;;Colis?úo Lateral;Luz do Dia;Bom;Seca;T;N?úo H?í Controle;Comercial;0;2;0;1;0;0;0;0;0;1;0;0;-3,760118000000000;-38,529837000000000
248380;30;1;2015;14:11;22124;RUA PRO COSTA MENDES;RUA MAJ PEDRO SAMPAIO;;0;;Colis?úo Lateral;Luz do Dia;Bom;Seca;Cruz;Pare;Comercial;0;1;1;1;0;0;0;0;0;1;0;0;-3,747674000000000;-38,554665000000000
248381;30;1;2015;17:50;1510;AV JULIO VENTURA;RUA JOSE VILAR;;0;;Colis?úo Transversal;Anoitecer;Bom;Seca;Cruz;Sem?íforo Intermitente;Comercial;0;1;1;0;0;0;0;0;0;1;0;0;-3,739985000000000;-38,506014000000000
248419;31;1;2015;;0;RUA BAR ARACATI;;;561;;Colis?úo Lateral;Luz do Dia;Bom;Seca;Meio de Quadra;N?úo H?í Controle;Residencial;0;0;2;0;1;0;0;0;0;0;0;0;-3,726425000000000;-38,509868000000000
248420;31;1;2015;16:55;0;AV DOS EXPEDICIONARIOS;;;9964;;Colis?úo Lateral;Luz do Dia;Bom;Seca;Meio de Quadra;N?úo H?í Controle;Comercial;0;1;1;0;1;1;0;0;0;0;0;0;-3,804464000000000;-38,553137000000000
248417;31;1;2015;08:53;5045;AV FILOMENO GOMES;RUA SAO PAULO;;0;;Colis?úo Lateral;Luz do Dia;Bom;Seca;Cruz;Sem?íforo;Comercial;0;1;1;1;0;0;0;0;0;1;0;0;-3,721539000000000;-38,541200000000000
248413;31;1;2015;16:08;251;RUA GAL BERNARDO FIGUEIREDO;RUA DOM JOSE LOURENCO  D27;;0;;Colis?úo Frontal;Luz do Dia;;Seca;Cruz;Pare;Residencial;0;0;2;1;0;0;0;0;0;0;0;0;-3,740999000000000;-38,558444000000000
248414;31;1;2015;06:45;0;RUA JORGE DUMAR;;;2009;;Choque c/ Obst?ículo Fixo;Luz do Dia;Bom;Seca;Meio de Quadra;N?úo H?í Controle;Misto;0;1;0;1;0;0;0;0;0;0;0;0;-3,753515000000000;-38,539561000000000
248415;31;1;2015;06:29;10180;RUA CEL FABRICIANO;RUA JOSE TORRES;;0;;Colis?úo Transversal;Luz do Dia;Bom;Seca;Cruz;Pare;Comercial;0;2;1;0;0;0;0;0;0;1;0;0;-3,782694000000000;-38,608037000000000
248409;31;1;2015;15:15;0;RUA JOAQUIM LIMA;;;1315;;Colis?úo Traseira;Luz do Dia;Bom;Seca;Meio de Quadra;N?úo H?í Controle;Residencial;0;0;2;0;0;0;0;0;0;0;0;0;-3,742644000000000;-38,475640000000000
248410;31;1;2015;;15343;RUA PEREIRA FILGUEIRAS;RUA NUNES VALENTE;;0;;Colis?úo Transversal;Via Iluminada;Bom;Seca;Cruz;Sem?íforo;Comercial;0;0;3;1;1;0;0;0;0;0;0;0;-3,731786000000000;-38,502310000000000
248411;31;1;2015;20:30;0;RUA PESSOA ANTA;;;287;CAIXA ECONOMICA;Colis?úo Transversal;Via Iluminada;Bom;Seca;Meio de Quadra;N?úo H?í Controle;Comercial;0;0;2;1;0;0;0;0;0;0;0;0;-3,720865000000000;-38,520444000000000
248407;31;1;2015;05:51;9142;RUA MON OTAVIO CASTRO;RUA GUILHERME MOREIRA;;0;;Colis?úo Transversal;Amanhecer;Bom;Seca;Cruz;Pare;Residencial;0;2;0;1;0;0;0;0;0;1;0;0;-3,750182000000000;-38,526504000000000
248404;31;1;2015;18:00;0;AV SANTOS DUMONT;;;0;;Tombamento;Via Iluminada;Bom;Seca;Meio de Quadra;N?úo H?í Controle;Outros;0;0;1;1;0;0;0;0;0;0;0;0;;
248405;31;1;2015;12:54;0;RUA JOAO CORDEIRO;;;1670;;Colis?úo Lateral;Luz do Dia;Bom;Seca;Meio de Quadra;N?úo H?í Controle;Residencial;0;0;2;1;0;0;0;0;0;0;0;0;-3,735008000000000;-38,516066000000000
248422;31;1;2015;07:30;0;RUA AMERICO ROCHA LIMA;;;455;;Choque c/ Obst?ículo Fixo;Luz do Dia;Bom;Seca;Meio de Quadra;N?úo H?í Controle;Residencial;0;1;1;1;0;0;0;0;0;0;0;0;-3,799039000000000;-38,579467000000000
257084;31;1;2015;22:02;18744;RUA CODO;RUA DALVA DE OLIVEIRA;;0;;Colis?úo;;;;;;;1;1;0;0;0;0;0;0;0;1;0;0;-3,848308000000000;-38,521891000000000
257082;31;1;2015;11:00;0;AV CARNEIRO DE MENDONCA;;;1201;;Colis?úo;Luz do Dia;;;Meio de Quadra;;;0;1;1;1;0;0;0;0;0;1;0;0;-3,762535000000000;-38,569712000000000
257093;31;1;2015;06:00;0;AV 13 DE MAIO;;;2358;REITORIA;Atropelamento;Luz do Dia;;;Meio de Quadra;;;1;0;1;0;0;0;0;0;0;1;0;0;-3,740984000000000;-38,539082000000000
257172;31;1;2015;16:48;4099;RUA LUCAS PINTO;RUA OLIMPIO DE PAIVA;;0;;Colis?úo;Luz do Dia;;;Cruz;N?úo H?í Controle;Residencial;0;1;1;1;0;0;0;0;0;1;0;0;-3,717822000000000;-38,559618000000000
257169;31;1;2015;14:00;7637;AV CARNEIRO DE MENDONCA;RUA NETUNO;;0;;Colis?úo;Luz do Dia;;;T;N?úo H?í Controle;Comercial;0;1;0;0;0;0;0;0;0;1;0;0;-3,761518000000000;-38,571592000000000
257179;31;1;2015;17:50;0;RUA CARLOS AMORA;;;0;;Colis?úo;Anoitecer;;;Meio de Quadra;;;0;1;0;1;0;0;0;0;0;0;0;0;;
260437;31;1;2015;01:46;0;AV EDUARDO GIRAO;RUA GAL SILVA JUNIOR;;0;;Choque c/ Obst?ículo Fixo;;;;;;;0;0;1;1;0;0;0;0;0;0;0;0;;
260439;31;1;2015;03:57;0;AV GAL OSORIO DE PAIVA;;;5384;;Colis?úo;;;;Meio de Quadra;;;0;1;1;1;0;0;0;0;0;0;0;0;-3,804551000000000;-38,601896000000000
260443;31;1;2015;06:25;6988;AV C CJ ESPERANCA;AV CONTORNO LESTE D71;;0;;Atropelamento;Luz do Dia;;;;;;0;1;1;0;0;0;0;0;0;0;0;0;-3,818281000000000;-38,586607000000000
260448;31;1;2015;07:06;0;RUA DA SAUDADE D04;;;0;;Atropelamento;Luz do Dia;;;Meio de Quadra;;;0;2;0;0;0;0;0;0;0;1;0;0;;
260449;31;1;2015;07:35;0;RUA PERNAMBUCO;;;2861;;Colis?úo;Luz do Dia;;;Meio de Quadra;;;0;1;1;1;0;0;0;0;0;1;0;0;-3,750566000000000;-38,578932000000000
260451;31;1;2015;07:40;0;AV SEN FERNANDES TAVORA;;;0;;Queda;Luz do Dia;;;Meio de Quadra;;;0;1;0;0;0;0;0;0;0;1;0;0;-3,766132000000000;-38,574844000000000
260452;31;1;2015;08:20;0;AV JOSE BASTOS;;;0;;Colis?úo;Luz do Dia;;;Meio de Quadra;;;0;1;0;0;0;0;0;0;0;0;0;0;;
260454;31;1;2015;11:34;0;RUA DR JOAQUIM BENTO;RUA VICENTE NOBRE MACEDO;;0;;Colis?úo;Luz do Dia;;;;;;0;1;1;1;0;0;0;0;0;1;0;0;-3,828294000000000;-38,484682000000000
260455;31;1;2015;12:52;0;AV BEIRA MAR;;;0;;Colis?úo;Luz do Dia;;;Meio de Quadra;;;0;1;1;1;0;0;0;0;0;1;0;0;;
260459;31;1;2015;15:23;1492;RUA BARBOSA DE FREITAS;RUA PAULA NEI;;0;;Choque c/ Obst?ículo Fixo;Luz do Dia;;;T;N?úo H?í Controle;Misto;0;1;0;1;0;0;0;0;0;0;0;0;-3,739481000000000;-38,498298000000000
260471;31;1;2015;20:39;0;RUA MOURA MATOS;;;0;;Atropelamento;;;;Meio de Quadra;;;0;1;1;0;0;0;0;0;0;1;0;0;-3,815377000000000;-38,540218000000000
260472;31;1;2015;23:15;0;AV DA INDEPENDENCIA;;;2583;;Atropelamento;;;;Meio de Quadra;;;0;1;1;1;0;0;0;0;0;0;0;0;;
260473;31;1;2015;21:17;0;RUA LUCIANO ALVES;;;0;;Queda;;;;Meio de Quadra;;;0;1;0;0;0;0;0;0;0;1;0;0;;
260474;31;1;2015;21:21;0;AV GODOFREDO MACIEL;;;538;;Atropelamento;;;;Meio de Quadra;;;0;1;1;0;0;0;0;0;0;1;0;0;-3,781007000000000;-38,565158000000000
260475;31;1;2015;22:33;0;RUA OLIMPIO LEITE;RUA MANUEL TEIXEIRA;;0;;Colis?úo;;;;;;;0;1;1;1;0;0;0;0;0;1;0;0;;
260463;31;1;2015;17:36;0;AV PASTEUR;RUA GOMES PASSOS;;0;;Colis?úo;Anoitecer;;;;;;0;0;2;1;0;0;0;0;0;1;0;0;;
260464;31;1;2015;17:18;0;AV PERIMETRAL;;;0;;Queda;Anoitecer;;;Meio de Quadra;;;0;1;0;0;0;0;0;0;0;1;0;0;;
260466;31;1;2015;19:18;0;AV MIN JOSE AMERICO;;;0;;Colis?úo;;;;Meio de Quadra;;;0;1;1;0;0;0;0;0;0;0;0;0;;
260469;31;1;2015;17:38;0;AV PERIMETRAL;;;7553;;Colis?úo;Anoitecer;;;Meio de Quadra;;;0;1;1;1;0;0;0;0;0;1;0;0;;
263473;31;1;2015;01:40;0;RUA AMERICO ROCHA LIMA;;;455;;Colis?úo;;;;Meio de Quadra;;;0;0;2;0;0;0;0;0;0;0;0;0;-3,799039000000000;-38,579467000000000
263471;31;1;2015;00:24;3814;RUA PAULINO NOGUEIRA;RUA WALDERY UCHOA;;0;;Colis?úo;;;;Cruz;Pare;Residencial;0;0;2;0;0;0;0;0;0;0;0;0;-3,743449000000000;-38,538372000000000
263487;31;1;2015;10:21;15137;RUA ILDEFONSO ALBANO;AV MON TABOSA;;0;;Colis?úo;Luz do Dia;;;Cruz;Sem?íforo;Comercial;0;0;2;0;0;0;0;0;0;0;0;0;-3,724155000000000;-38,510333000000000
263488;31;1;2015;10:39;0;AV ZEZE DIOGO;;;0;;Colis?úo;Luz do Dia;;;Meio de Quadra;;;0;0;2;0;0;0;0;0;0;0;0;0;;
263480;31;1;2015;06:22;7130;RUA NOSSA SRA DAS GRACAS;AV DR THEBERGE;;0;;Colis?úo;Luz do Dia;;;Cruz;N?úo H?í Controle;Residencial;0;0;2;0;0;0;0;0;0;0;0;0;-3,707420000000000;-38,562576000000000
263481;31;1;2015;06:39;0;AV GAL OSORIO DE PAIVA;;;7738;;Colis?úo;Luz do Dia;;;Meio de Quadra;;;0;0;2;0;0;0;0;0;0;0;0;0;-3,820297000000000;-38,617155000000000
263482;31;1;2015;07:34;0;AV SAUDADE D68;;;240;;Atropelamento;Luz do Dia;;;Meio de Quadra;;;0;0;2;0;0;0;0;0;0;0;0;0;-3,819411000000000;-38,537875000000000
263484;31;1;2015;09:21;1887;RUA PDE PEDRO DE ALENCAR;RUA LUIS ALVES TOMAS;;0;;Colis?úo;Luz do Dia;;;Cruz;Pare;Residencial;0;0;2;0;0;0;0;0;0;0;0;0;-3,844646000000000;-38,494436000000000
263485;31;1;2015;09:24;0;RUA PARANAI;;;1450;;Colis?úo;Luz do Dia;;;Meio de Quadra;;;0;0;2;0;0;0;0;0;0;0;0;0;;
263572;31;1;2015;11:35;0;AV 13 DE MAIO;;;1776;;Colis?úo;Luz do Dia;;;Meio de Quadra;;;0;0;2;0;0;0;0;0;0;0;0;0;-3,745675000000000;-38,533607000000000
263573;31;1;2015;11:56;0;RUA PRO FRANCISCO GONCALVES;;;1400;;Colis?úo;Luz do Dia;;;Meio de Quadra;;;0;0;2;0;0;0;0;0;0;0;0;0;;
263574;31;1;2015;12:49;0;AV DES MOREIRA;;;1011;;Colis?úo;Luz do Dia;;;Meio de Quadra;;;0;0;2;0;0;0;0;0;0;0;0;0;-3,734711000000000;-38,497860000000000
263575;31;1;2015;12:51;15312;RUA PRO DIAS DA ROCHA;RUA SILVA JATAHY;;0;;Colis?úo;Luz do Dia;;;Cruz;Pare;Comercial;0;0;2;0;0;0;0;0;0;0;0;0;-3,730205000000000;-38,489982000000000
263576;31;1;2015;13:25;12985;AV A CJ JOSE WALTER;AV L CJ JOSE WALTER;;0;;Colis?úo;Luz do Dia;;;Cruz;Pare;Residencial;0;1;1;0;0;0;0;0;0;0;0;0;-3,824443000000000;-38,555532000000000
263577;31;1;2015;13:27;0;RUA JOAQUIM FROTA;;;909;;Colis?úo;Luz do Dia;;;Meio de Quadra;;;0;0;2;0;0;0;0;0;0;0;0;0;-3,801234000000000;-38,470756000000000
263578;31;1;2015;13:28;0;AV SIQUEIRA CAMPOS;;;836;;Colis?úo;Luz do Dia;;;Meio de Quadra;;;0;0;2;0;0;0;0;0;0;0;0;0;-3,817679000000000;-38,622825000000000
263579;31;1;2015;13:30;5099;AV TRISTAO GONCALVES;RUA SEN ALENCAR;;0;;Colis?úo;Luz do Dia;;;Cruz;Pare;Comercial;0;0;2;0;0;0;0;0;0;0;0;0;-3,723524000000000;-38,532122000000000
263580;31;1;2015;14:33;0;RUA PINHO PESSOA;;;1034;;Colis?úo;Luz do Dia;;;Meio de Quadra;;;0;0;2;0;0;0;0;0;0;0;0;0;-3,745337000000000;-38,512991000000000
263581;31;1;2015;14:40;0;RUA FRANKLIN TAVORA;;;548;;Colis?úo;Luz do Dia;;;Meio de Quadra;;;0;0;2;0;0;0;0;0;0;0;0;0;-3,730585000000000;-38,519517000000000
263582;31;1;2015;15:01;7790;AV PONTES VIEIRA;AV DES MOREIRA;;0;;Colis?úo;Luz do Dia;;;Cruz;Sem?íforo;Comercial;0;0;2;0;0;0;0;0;0;0;0;0;-3,751526000000000;-38,503254000000000
263583;31;1;2015;22:04;0;RUA CODO;;;214;;Atropelamento;;;;Meio de Quadra;;;0;0;2;0;0;0;0;0;0;0;0;0;-3,846378000000000;-38,521365000000000
263584;31;1;2015;15:48;0;AV MARIO LINHARES (SAPIRANGA);;;11;;Choque c/ Obst?ículo Fixo;Luz do Dia;;;Meio de Quadra;;;0;0;1;0;0;0;0;0;0;0;0;0;;
263585;31;1;2015;15:49;1381;AV HERACLITO GRACA;RUA ILDEFONSO ALBANO;;0;;Colis?úo;Luz do Dia;;;Duplo T;Sem?íforo;Comercial;0;0;2;0;0;0;0;0;0;0;0;0;-3,736795000000000;-38,514339000000000
263586;31;1;2015;15:51;0;AV ZEZE DIOGO;;;0;;Colis?úo;Luz do Dia;;;Meio de Quadra;;;0;0;2;0;0;0;0;0;0;0;0;0;;
263587;31;1;2015;15:52;7328;RUA MANAUS;RUA PRO EDGAR DE ARRUDA;;0;;Colis?úo;Luz do Dia;;;Cruz;Pare;Residencial;0;0;2;0;0;0;0;0;0;0;0;0;-3,754542000000000;-38,591676000000000
263588;31;1;2015;17:50;0;AV DIOGUINHO;;;5735;;Colis?úo;Anoitecer;;;Meio de Quadra;;;0;0;2;0;0;0;0;0;0;0;0;0;;
263589;31;1;2015;17:12;0;AV WASHINGTON LUIS;;;562;;Colis?úo;Anoitecer;;;Meio de Quadra;;;0;0;2;0;0;0;0;0;0;0;0;0;-3,716294000000000;-38,593686000000000
263590;31;1;2015;17:32;0;AV SORIANO ALBUQUERQUE;;;0;;Colis?úo;Anoitecer;;;Meio de Quadra;;;0;0;2;0;0;0;0;0;0;0;0;0;;
263591;31;1;2015;17:37;0;AV SGT HERMINIO SAMPAIO;;;4312;;Colis?úo;Anoitecer;;;Meio de Quadra;;;0;0;2;0;0;0;0;0;0;0;0;0;-3,731289000000000;-38,578684000000000
263592;31;1;2015;18:15;5303;AV SANTOS DUMONT;RUA DNA LEOPOLDINA;;0;;Colis?úo;Anoitecer;;;T;Sem?íforo;Comercial;0;0;2;0;0;0;0;0;0;0;0;0;-3,729515000000000;-38,519029000000000
263593;31;1;2015;18:17;0;LOGRADOURO SEM NOME;;;1347;;Colis?úo;Anoitecer;;;Meio de Quadra;;;0;0;2;0;0;0;0;0;0;0;0;0;;
263594;31;1;2015;19:55;0;AV BEZERRA DE MENEZES;;;1818;;Colis?úo;;;;Meio de Quadra;;;0;0;2;0;0;0;0;0;0;0;0;0;;
263595;31;1;2015;21:04;0;AV PRS COSTA E SILVA;;;1720;;Colis?úo;;;;Meio de Quadra;;;0;0;2;0;0;0;0;0;0;0;0;0;-3,816838000000000;-38,566971000000000
263596;31;1;2015;21:20;5343;AV BEZERRA DE MENEZES;RUA PDE IBIAPINA;;0;;Colis?úo;;;;Cruz;Sem?íforo;Comercial;0;0;2;0;0;0;0;0;0;0;0;0;-3,730548000000000;-38,539973000000000
263597;31;1;2015;23:30;0;AV CEL CARVALHO;;;0;;Colis?úo;;;;Meio de Quadra;;;0;0;2;0;0;0;0;0;0;0;0;0;;
263598;31;1;2015;22:21;0;AV 13 DE MAIO;;;0;;Atropelamento;;;;Meio de Quadra;;;0;0;2;0;0;0;0;0;0;0;0;0;;
263599;31;1;2015;22:32;0;AV MOZART PINHEIRO DE LUCENA;;;2946;;Colis?úo;;;;Meio de Quadra;;;0;0;2;0;0;0;0;0;0;0;0;0;-3,730292000000000;-38,599105000000000
263600;31;1;2015;22:48;1357;RUA ILDEFONSO ALBANO;RUA MILAGRES;;0;;Colis?úo;;;;T;Pare;Comercial;0;0;2;0;0;0;0;0;0;0;0;0;-3,736234000000000;-38,514147000000000
263601;31;1;2015;23:08;0;RUA MEM DE SA;;;626;;Colis?úo;;;;Meio de Quadra;;;0;0;2;0;0;0;0;0;0;0;0;0;-3,827921000000000;-38,485433000000000
263602;31;1;2015;23:38;0;RUA GOIANESA;;;170;;Atropelamento;;;;Meio de Quadra;;;0;0;2;0;0;0;0;0;0;0;0;0;;
259918;31;1;2015;13:32;0;AV GAL OSORIO DE PAIVA;;;5830;IGREJA DO CANINDEZINHO;Colis?úo;Luz do Dia;;;Meio de Quadra;;;0;0;2;1;0;0;0;0;0;0;0;0;-3,807372000000000;-38,604645000000000
259642;31;1;2015;10:42;0;RUA OSVALDO CRUZ;;;0;;Colis?úo;Luz do Dia;;;;;;0;0;2;1;0;0;0;0;0;0;0;0;;
259643;31;1;2015;11:20;0;AV GODOFREDO MACIEL;;;2575;;Colis?úo;Luz do Dia;;;Meio de Quadra;;;0;0;2;1;0;0;0;0;0;0;0;0;-3,798278000000000;-38,570470000000000
259646;31;1;2015;11:14;0;AV GAL OSORIO DE PAIVA;;;0;;Colis?úo;Luz do Dia;;;Meio de Quadra;;;0;0;3;1;0;0;0;0;0;0;0;0;;
259648;31;1;2015;16:20;0;AV JOR THOMAZ COELHO;;;0;;Colis?úo;Luz do Dia;;;Meio de Quadra;;;0;1;1;0;1;0;0;0;0;0;0;0;-3,829923000000000;-38,509057000000000
259698;1;2;2015;11:14;0;VL COS LAFAYETE;;;0;;Colis?úo;Luz do Dia;;;Meio de Quadra;;;0;0;3;1;1;0;0;0;0;0;0;0;;
259711;1;2;2015;15:02;0;AV JOR THOMAZ COELHO;;;0;;Colis?úo;Luz do Dia;;;Meio de Quadra;;;0;0;2;1;1;0;0;0;0;0;0;0;;
259716;1;2;2015;18:06;4188;AV PRS CASTELO BRANCO;RUA STA ROSA D20/21 (JACARECANGA);;0;;;Anoitecer;;;T;N?úo H?í Controle;Residencial;0;0;2;1;0;0;0;0;0;0;0;0;-3,712336000000000;-38,553260000000000
259935;1;2;2015;18:02;3480;RUA CAP HUGO BEZERRA;RUA CONFIANCA D63;;0;;Atropelamento;Anoitecer;;;Rotat??ria;Pare;Residencial;0;1;1;0;0;0;0;0;0;1;0;0;-3,820548000000000;-38,511686000000000
259936;1;2;2015;17:44;25200;RUA TULIPA;RUA ASTROGILDO FONTOURA;;0;;Colis?úo;Anoitecer;;;T;Pare;Misto;0;1;1;1;0;0;0;0;0;1;0;0;-3,712792000000000;-38,578915000000000
259937;1;2;2015;18:04;0;RUA CASTRO MEIRELES;;;0;;Colis?úo;Anoitecer;;;Meio de Quadra;;;0;2;0;0;0;0;0;0;0;1;0;0;;
259943;1;2;2015;18:34;0;AV JOR THOMAZ COELHO;;;0;;Atropelamento;;;;Meio de Quadra;;;0;1;1;0;0;0;0;0;0;0;0;0;-3,829923000000000;-38,509057000000000
259846;1;2;2015;04:11;0;RUA MANUEL COSTA;;;639;;Choque c/ Obst?ículo Fixo;;;;Meio de Quadra;;;1;0;1;1;0;0;0;0;1;0;0;0;;
259950;1;2;2015;20:14;0;AV CEL CARVALHO;;;0;;Atropelamento;;;;Meio de Quadra;;;0;1;1;0;0;0;0;0;0;0;0;0;;
259951;1;2;2015;22:00;0;AV PRS CASTELO BRANCO;;;0;;Queda;;;;Meio de Quadra;;;0;1;0;0;0;0;0;0;0;1;0;0;-3,704485000000000;-38,578258000000000
259947;1;2;2015;20:11;12431;RUA RIO GRANDE DO SUL;RUA MARIO DA SILVEIRA;;0;;Atropelamento;;;;Cruz;Pare;Comercial;0;1;1;0;0;0;0;0;0;1;0;0;-3,765984000000000;-38,571640000000000
263603;1;2;2015;00:12;15261;RUA CANUTO DE AGUIAR;RUA JOSE VILAR;;0;;Colis?úo;;;;T;N?úo H?í Controle;Residencial;0;0;2;0;0;0;0;0;0;0;0;0;-3,728393000000000;-38,502288000000000
263604;1;2;2015;00:49;0;AV BENJAMIM BRASIL;;;0;;Choque c/ Obst?ículo Fixo;;;;Meio de Quadra;;;0;0;1;0;0;0;0;0;0;0;0;0;;
263605;1;2;2015;01:18;0;AV JOSE BASTOS;;;0;;Colis?úo;;;;Meio de Quadra;;;0;0;2;0;0;0;0;0;0;0;0;0;;
263606;1;2;2015;02:16;0;AV CASTANHOLEIRAS;;;0;;Colis?úo;;;;Meio de Quadra;;;0;0;2;0;0;0;0;0;0;0;0;0;;
263607;1;2;2015;02:20;0;AV AGUANAMBI;;;0;;Atropelamento;;;;Meio de Quadra;;;0;0;2;0;0;0;0;0;0;0;0;0;;
263608;1;2;2015;07:11;21591;RUA DES FROTA D71;RUA COSTA FREIRE;;0;;Colis?úo;Luz do Dia;;;Cruz;;Residencial;0;0;2;0;0;0;0;0;0;0;0;0;-3,796108000000000;-38,588182000000000