COD_ACIDENTE;DIA;MES;ANO;HORA;INTERSECAO;LOG1;LOG2;LOG3;NUMERO;REFERENCIA;NATUREZA;ILUMINACAO;TEMPO;SUPERFICIEPISTA;TIPOCRUZAMENTO;CONTROLETRAFEGO;USOSOLO;MORTOS;FERIDOS;ILESOS;AUTOMOVEL;ONIBUS;BICICLETA;CAMINHAO;MICROONIBUS;CICLOMOTOR;MOTOCICLETA;TRACAOANIMAL;TREM;LATITUDE;LONGITUDE
263609;1;2;2015;09:38;19331;AV GAL OSORIO DE PAIVA;RUA PRO GOMES BRASIL;;0;;Colis?úo;Luz do Dia;;;Cruz;Sem?íforo;Comercial;0;0;2;0;0;0;0;0;0;0;0;0;-3,775618000000000;-38,566451000000000
263611;1;2;2015;09:53;0;RUA COS LAFAYETE;;;254;;Colis?úo;Luz do Dia;;;Meio de Quadra;;;0;0;2;0;0;0;0;0;0;0;0;0;-3,718221000000000;-38,580256000000000
263612;1;2;2015;10:12;0;RUA CAP HUGO BEZERRA;;;0;;Colis?úo;Luz do Dia;;;Meio de Quadra;;;0;0;2;0;0;0;0;0;0;0;0;0;;
263614;1;2;2015;11:05;0;RUA COS LAFAYETE;;;406;;Colis?úo;Luz do Dia;;;Meio de Quadra;;;0;0;2;0;0;0;0;0;0;0;0;0;-3,718107000000000;-38,581572000000000
263616;1;2;2015;11:14;0;AV COS GOMES DE FREITAS (SAPIRANGA/COITE);;;3333;;Colis?úo;Luz do Dia;;;Meio de Quadra;;;0;0;2;0;0;0;0;0;0;0;0;0;-3,795633000000000;-38,479007000000000
263618;1;2;2015;11:39;9132;AV 13 DE MAIO;RUA JAIME BENEVOLO;;0;;Colis?úo;Luz do Dia;;;Cruz;Sem?íforo;Comercial;0;0;2;0;0;0;0;0;0;0;0;0;-3,748122000000000;-38,530741000000000
263622;1;2;2015;11:57;0;AV JOR THOMAZ COELHO;;;0;;Colis?úo;Luz do Dia;;;Meio de Quadra;;;0;0;2;0;0;0;0;0;0;0;0;0;;
263624;1;2;2015;12:45;19157;RUA JOAQUIM LIMA;RUA DES WALDETARIO P MOTA;;0;;Colis?úo;Luz do Dia;;;Cruz;Pare;Misto;0;0;2;0;0;0;0;0;0;0;0;0;-3,740333000000000;-38,482830000000000
263627;1;2;2015;14:20;0;RUA SOUSA PINTO;;;546;;Atropelamento;Luz do Dia;;;Meio de Quadra;;;0;0;2;0;0;0;0;0;0;0;0;0;-3,762660000000000;-38,514160000000000
263628;1;2;2015;14:22;0;RUA LOURDES VIDAL ALVES;;;622;;Colis?úo;Luz do Dia;;;Meio de Quadra;;;0;0;2;0;0;0;0;0;0;0;0;0;;
263629;1;2;2015;16:07;0;RUA VALPARAISO;;;680;;Colis?úo;Luz do Dia;;;Meio de Quadra;;;0;0;2;0;0;0;0;0;0;0;0;0;-3,843856000000000;-38,526224000000000
263630;1;2;2015;16:11;9304;RUA TULIPA;RUA GAL MARIO HERMES;;0;;Colis?úo;Luz do Dia;;;T;Pare;Residencial;0;0;2;0;0;0;0;0;0;0;0;0;-3,713445000000000;-38,579159000000000
263634;1;2;2015;17:03;0;RUA PAULO CANDIDO;;;357;;Atropelamento;Anoitecer;;;Meio de Quadra;;;0;0;2;0;0;0;0;0;0;0;0;0;-3,801826000000000;-38,565871000000000
263636;1;2;2015;18:10;0;RUA PESC CHICO BINDA;;;0;;Choque c/ Obst?ículo Fixo;Anoitecer;;;Meio de Quadra;;;0;0;1;0;0;0;0;0;0;0;0;0;;
263632;1;2;2015;16:19;5060;RUA CASTRO E SILVA;AV IMPERADOR;;0;;Colis?úo;Luz do Dia;;;Cruz;Sem?íforo;Comercial;0;0;2;0;0;0;0;0;0;0;0;0;-3,722013000000000;-38,532916000000000
263641;1;2;2015;19:40;0;RUA JOSE ONOFRE;;;0;;Colis?úo;;;;Meio de Quadra;;;0;0;2;0;0;0;0;0;0;0;0;0;;
263643;1;2;2015;21:43;0;AV PRS CASTELO BRANCO;;;5288;;Colis?úo;;;;Meio de Quadra;;;0;0;2;0;0;0;0;0;0;0;0;0;-3,704485000000000;-38,578258000000000
253430;1;2;2015;18:50;0;RD BR 116;;;9000;KM-09;Colis?úo Lateral;Via Iluminada;Bom;Seca;Meio de Quadra;N?úo H?í Controle;Comercial;0;1;2;1;0;0;0;0;0;1;0;0;-3,830837000000000;-38,504865000000000
257187;1;2;2015;18:35;9814;RUA MANOEL B DOS SANTOS;RUA DALAS;;0;;Colis?úo;;;;Cruz;N?úo H?í Controle;Residencial;0;1;0;0;0;0;0;0;0;1;0;0;-3,795525000000000;-38,614169000000000
248450;1;2;2015;06:10;19667;AV BEZERRA DE MENEZES;RUA ERETIDES MARTINS;;0;;Colis?úo Frontal;Luz do Dia;Bom;Seca;Cruz;Sem?íforo;Comercial;0;1;2;1;1;0;0;0;0;1;0;0;-3,734232000000000;-38,557568000000000
248451;1;2;2015;12:40;19144;RUA DES WALDETARIO P MOTA;RUA PEREIRA DE MIRANDA;;0;;Colis?úo Transversal;Luz do Dia;Bom;Seca;Cruz;Pare;Residencial;0;2;0;1;0;0;0;0;0;0;0;0;-3,739627000000000;-38,482385000000000
248452;1;2;2015;13:00;0;AV PRS CASTELO BRANCO;;;4547;;Colis?úo Traseira;Luz do Dia;Bom;Seca;Meio de Quadra;N?úo H?í Controle;Comercial;0;0;2;1;0;0;0;0;0;0;0;0;-3,706827000000000;-38,572732000000000
248453;1;2;2015;14:00;0;RUA LAURO NOGUEIRA;;;1215;;Choque c/ Obst?ículo Fixo;Luz do Dia;Bom;Seca;Meio de Quadra;Pare;Misto;0;2;0;0;0;0;0;0;1;0;0;0;;
248454;1;2;2015;08:30;5065;AV ALBERTO NEPOMUCENO;RUA JOSE AVELINO;;0;;Colis?úo Lateral;Luz do Dia;Bom;Seca;Rotat??ria;N?úo H?í Controle;Comercial;0;0;2;1;0;0;1;0;0;0;0;0;-3,722081000000000;-38,523662000000000
248455;1;2;2015;03:00;6729;RUA BENTO ALBUQUERQUE;RUA DES WALDETARIO P MOTA;;0;;Colis?úo Transversal;Via Iluminada;Bom;Seca;Cruz;Sem?íforo;Residencial;0;1;1;1;0;0;0;0;0;0;0;0;-3,743274000000000;-38,484685000000000
248456;1;2;2015;17:00;10005;RUA TAQUARI;RUA DUAS NACOES;;0;;Colis?úo Transversal;Luz do Dia;Bom;Seca;Cruz;Pare;Residencial;0;1;1;1;0;0;0;0;0;1;0;0;-3,776149000000000;-38,601822000000000
248457;1;2;2015;13:30;0;RUA PEDRO SAMPAIO;;;1243;;Colis?úo Lateral;Via Iluminada;Bom;Seca;Meio de Quadra;N?úo H?í Controle;Residencial;0;1;1;0;0;0;0;0;0;1;0;0;;
248458;1;2;2015;14:25;0;AV JOSE BASTOS;;;3204;;Colis?úo Lateral;Luz do Dia;Bom;Seca;Meio de Quadra;N?úo H?í Controle;Comercial;0;0;2;1;1;0;0;0;0;0;0;0;;
248459;1;2;2015;19:50;9169;AV LUCIANO CARNEIRO;RUA DR ALFREDO WEYNE D14;;0;;Colis?úo Frontal;Anoitecer;Bom;Seca;;Pare;Comercial;0;2;0;1;0;0;0;0;0;1;0;0;-3,754682000000000;-38,533556000000000
253496;1;2;2015;10:45;0;RD BR 116;;;3000;KM-03;Colis?úo Traseira;Luz do Dia;Bom;Seca;Meio de Quadra;N?úo H?í Controle;Comercial;0;0;2;1;0;0;0;0;0;0;0;0;-3,779838000000000;-38,514372000000000
253514;1;2;2015;17:40;0;RD BR 116;;;16000;KM-16;Colis?úo Traseira;Anoitecer;Bom;Seca;Meio de Quadra;N?úo H?í Controle;;0;0;2;1;0;0;0;0;0;0;0;0;;
253539;1;2;2015;15:00;0;RD BR 222;;;0;KM-01;Colis?úo Traseira;Luz do Dia;Bom;Seca;Meio de Quadra;N?úo H?í Controle;Comercial;0;0;2;1;0;0;0;0;0;0;0;0;-3,737774000000000;-38,577952000000000
253566;1;2;2015;18:20;0;RD BR 222;;;0;KM-03;Colis?úo Traseira;Via Iluminada;Bom;Seca;Meio de Quadra;N?úo H?í Controle;Residencial;0;0;3;1;0;0;0;0;0;0;0;0;-3,736999000000000;-38,571997000000000
260096;1;2;2015;08:33;25107;RUA DEMETRIO MENEZES;RUA JOAQUIM ALBANO;;0;;Colis?úo;Luz do Dia;;;Duplo T;Pare;Comercial;0;0;2;1;1;0;0;0;0;0;0;0;-3,735910000000000;-38,584096000000000
260097;1;2;2015;21:05;0;RUA ULISSES BEZERRA;;;0;;Colis?úo;;;;Meio de Quadra;;;0;0;2;0;0;0;0;0;0;0;0;0;;
260197;1;2;2015;22:00;0;RUA SEN ROBERT KENNEDY;;;0;;Queda;;;;Meio de Quadra;;;0;1;0;0;0;0;0;0;0;1;0;0;-3,702584000000000;-38,578312000000000
260209;2;2;2015;09:18;13474;RUA DR JOSE LOURENCO;RUA TOMAS ACIOLI;;0;;Atropelamento;Luz do Dia;;;Cruz;Pare;Comercial;0;1;1;1;0;0;0;0;0;0;0;0;-3,744447000000000;-38,510934000000000
260210;2;2;2015;11:41;0;AV DOS EXPEDICIONARIOS;;;0;;Colis?úo;Luz do Dia;;;Meio de Quadra;;;0;1;1;1;0;0;0;0;0;1;0;0;-3,754596000000000;-38,538042000000000
260199;2;2;2015;06:12;0;AV GODOFREDO MACIEL;;;0;;Queda;Luz do Dia;;;Meio de Quadra;;;0;1;0;0;0;0;0;0;0;1;0;0;;
260212;2;2;2015;11:57;0;RUA ANTONIO BARBOSA;;;0;;Colis?úo;Luz do Dia;;;Meio de Quadra;;;0;1;1;1;0;0;0;0;0;1;0;0;;
260213;2;2;2015;12:29;0;RUA BETEL;;;0;;Queda;Luz do Dia;;;Meio de Quadra;;;0;1;0;0;0;0;0;0;0;1;0;0;;
260214;2;2;2015;18:04;22084;RUA CAP FRANCISCO PEDRO;RUA ANA NERY;;0;;Queda;Anoitecer;;;Cruz;Pare;Residencial;0;1;0;0;0;1;0;0;0;0;0;0;-3,747399000000000;-38,549085000000000
260204;2;2;2015;08:05;0;AV PRS CASTELO BRANCO;;;0;;Atropelamento;Luz do Dia;;;Meio de Quadra;;;0;1;1;0;0;0;0;0;0;1;0;0;-3,707613000000000;-38,570575000000000
260112;2;2;2015;13:18;0;RUA CEL FERRAZ;;;0;;Colis?úo;Luz do Dia;;;;;;0;0;2;0;0;0;0;0;0;0;0;0;;
253527;2;2;2015;07:20;0;RD BR 116;;;10000;KM-10;Colis?úo Lateral;Luz do Dia;Bom;Seca;Meio de Quadra;N?úo H?í Controle;Residencial;0;1;1;1;0;0;0;0;0;1;0;0;-3,834435000000000;-38,503373000000000
248460;2;2;2015;08:40;0;AV ANTONIO JUSTA;;;3113;;Colis?úo Traseira;Luz do Dia;Bom;Seca;Meio de Quadra;N?úo H?í Controle;Residencial;0;2;0;1;0;0;0;0;0;1;0;0;-3,727972000000000;-38,493476000000000
248461;2;2;2015;12:40;15254;AV ANTONIO JUSTA;RUA VICENTE LEITE;;0;;Colis?úo Traseira;Luz do Dia;Bom;Seca;Cruz;Pare;Residencial;0;1;1;0;0;0;0;0;0;1;0;0;-3,728280000000000;-38,492584000000000
248462;2;2;2015;21:45;1323;AV DES MOREIRA;RUA MARIA TOMASIA;;0;;Colis?úo Traseira;Via Iluminada;Bom;Seca;Cruz;Pare;Comercial;0;0;2;1;1;0;0;0;0;0;0;0;-3,735221000000000;-38,498026000000000
248463;2;2;2015;16:30;5364;AV TRISTAO GONCALVES;RUA GAL CLARINDO DE QUEIROZ;;0;;Colis?úo Transversal;Luz do Dia;Bom;Seca;Cruz;Pare;Comercial;0;0;2;1;0;0;0;0;0;0;0;0;-3,731314000000000;-38,534472000000000
248464;2;2;2015;13:20;9176;AV AGUANAMBI;AV EDUARDO GIRAO;;0;;Colis?úo Traseira;Luz do Dia;Bom;Seca;Rotat??ria;N?úo H?í Controle;Outros;0;0;2;1;0;0;0;0;0;0;0;0;-3,755303000000000;-38,523639000000000
248465;2;2;2015;00:15;5394;AV TRISTAO GONCALVES;RUA METON DE ALENCAR;;0;;Colis?úo Transversal;Via Iluminada;Bom;Seca;Cruz;Sem?íforo;Comercial;0;0;2;1;0;0;0;0;0;0;0;0;-3,732327000000000;-38,534777000000000
248466;2;2;2015;06:50;0;AV LUCIANO CARNEIRO;;;1350;;Colis?úo Traseira;Luz do Dia;Nublado;Seca;Meio de Quadra;N?úo H?í Controle;Comercial;0;0;2;1;0;0;0;0;0;0;0;0;-3,760457000000000;-38,535315000000000
248468;2;2;2015;08:50;19833;AV ENG HUMBERTO MONTE;AV JOVITA FEITOSA;;0;;Colis?úo Frontal;Luz do Dia;Bom;Seca;Cruz;Sem?íforo;Comercial;0;0;2;1;0;0;0;0;0;0;0;0;-3,741963000000000;-38,566544000000000
248471;2;2;2015;07:50;11164;RUA JULIO GASPAR;RUA FAGUNDES VARELA;;0;;Colis?úo Lateral;Luz do Dia;Bom;Seca;Cruz;Pare;Residencial;0;2;1;1;0;0;0;0;0;1;0;0;-3,783086000000000;-38,562332000000000
248473;2;2;2015;08:40;0;AV SGT HERMINIO SAMPAIO;;;725;;Colis?úo Traseira;Luz do Dia;Bom;Seca;Meio de Quadra;;Residencial;0;0;2;1;0;0;0;0;0;0;0;0;-3,724577000000000;-38,547354000000000
248477;2;2;2015;14:34;23607;RUA BAR CRATO;RUA CAP NESTOR GOIS;;0;;Colis?úo Transversal;Luz do Dia;Bom;Seca;Cruz;Pare;Comercial;0;1;1;1;0;0;0;0;0;1;0;0;-3,721812000000000;-38,561703000000000
248478;2;2;2015;08:36;1258;AV SANTOS DUMONT;RUA MON BRUNO;;0;;Choque c/ Obst?ículo Fixo;Luz do Dia;Nublado;Seca;Cruz;Pare;Comercial;0;0;2;1;1;0;0;0;0;0;0;0;-3,732595000000000;-38,509506000000000
248479;2;2;2015;08:40;0;RUA MARIA ALICE FERRAZ;;;1150;;Colis?úo Lateral;Luz do Dia;Nublado;Seca;Meio de Quadra;Outros;Comercial;0;0;2;1;0;0;0;0;0;0;0;0;-3,773193000000000;-38,490638000000000
248480;2;2;2015;21:30;0;RUA PEDRO WILSON (ITAPERI);;;0;;Colis?úo Transversal;Via Iluminada;Bom;Seca;Meio de Quadra;Pare;Residencial;0;0;2;1;0;0;0;0;0;0;0;0;;
248482;2;2;2015;20:30;1658;RUA MON CATAO;RUA BENI DE CARVALHO;;0;;Colis?úo Lateral;Anoitecer;Bom;Seca;Cruz;N?úo H?í Controle;Escola;0;0;2;1;0;0;0;0;0;0;0;0;-3,746618000000000;-38,493113000000000
248483;2;2;2015;10:30;9111;AV EDUARDO GIRAO;RUA DEP OSWALDO STUDART;;0;;Engavetamento;Luz do Dia;Nublado;Seca;Cruz;Sem?íforo;Misto;0;0;3;1;0;0;0;0;0;0;0;0;-3,755323000000000;-38,529775000000000
248475;2;2;2015;16:20;1432;AV SANTOS DUMONT;AV SEN VIRGILIO TAVORA;;0;;Colis?úo Traseira;;Bom;Seca;Cruz;;Comercial;0;0;2;1;1;0;0;0;0;0;0;0;-3,737828000000000;-38,493482000000000
258718;2;2;2015;12:10;0;RD CE-060;;;0;KM-03;Tombamento;Luz do Dia;;Seca;Meio de Quadra;;;0;0;1;0;0;0;1;0;0;0;0;0;-3,836637000000000;-38,582776000000000
248492;2;2;2015;07:20;25903;RUA ECA DE QUEIROZ;RUA DARCY VARGAS;;0;;Colis?úo Transversal;Luz do Dia;Bom;Seca;Cruz;Pare;Misto;0;1;1;1;0;0;0;0;0;1;0;0;;
248493;2;2;2015;19:20;5279;RUA COSTA BARROS;RUA NOGUEIRA ACIOLI;;0;;Colis?úo Traseira;Via Iluminada;Bom;Seca;Cruz;Pare;Misto;0;0;2;1;0;0;0;0;0;0;0;0;-3,728753000000000;-38,516481000000000
248494;2;2;2015;12:25;2830;AV GAL OSORIO DE PAIVA;RUA OSCAR FRANCA;;0;;Colis?úo Transversal;Luz do Dia;;;Outros;Sem?íforo;Comercial;0;1;2;1;0;0;0;0;0;1;0;0;-3,794473000000000;-38,592113000000000
248489;2;2;2015;12:45;0;RUA J DA PENHA;;;640;;Colis?úo Transversal;Luz do Dia;Bom;Seca;Meio de Quadra;N?úo H?í Controle;Misto;0;1;1;1;0;0;0;0;0;1;0;0;-3,736322000000000;-38,520175000000000
248490;2;2;2015;08:10;17311;RUA JOAO FIRMINO;RUA ROMEU MARTINS;;0;;Colis?úo Transversal;Luz do Dia;Bom;Seca;Cruz;Pare;Residencial;0;1;1;1;0;0;0;0;0;1;0;0;-3,764274000000000;-38,555582000000000
248497;2;2;2015;;0;AV BEZERRA DE MENEZES;;;2711;;Colis?úo Traseira;Luz do Dia;Bom;Seca;Meio de Quadra;Sem?íforo;Comercial;0;1;1;0;0;0;0;1;0;1;0;0;-3,736550000000000;-38,568741000000000
248507;2;2;2015;17:30;14670;RUA HERMINIO DE CASTRO;RUA DES AVELAR;;0;;Colis?úo Frontal;Via Iluminada;Bom;Seca;T;Pare;Residencial;0;1;1;1;0;0;0;0;0;1;0;0;-3,794786000000000;-38,486649000000000
248510;2;2;2015;14:20;24104;AV CESAR CALS;RUA HERMINIA BONAVIDES;;0;;Colis?úo Transversal;Luz do Dia;Bom;Seca;T;N?úo H?í Controle;Residencial;0;1;1;1;0;0;0;0;0;1;0;0;-3,729537000000000;-38,459926000000000
248512;2;2;2015;18:00;5334;RUA DNA LEOPOLDINA;RUA FRANKLIN TAVORA;;0;;Colis?úo Lateral;Via Iluminada;Bom;Seca;Cruz;N?úo H?í Controle;Misto;0;0;2;1;1;0;0;0;0;0;0;0;-3,730619000000000;-38,519361000000000
248514;2;2;2015;07:30;24240;RUA FAUSTO CABRAL;RUA JOSE CARLOS GURGEL NOGUEIRA;;0;;Colis?úo Lateral;Luz do Dia;Bom;Seca;Cruz;Pare;Residencial;0;1;1;0;0;0;0;0;1;0;0;0;-3,734195000000000;-38,474615000000000
248519;2;2;2015;13:05;0;AV GOV RAUL BARBOSA;;;7140;;Colis?úo Traseira;Luz do Dia;Bom;Seca;Meio de Quadra;Sem?íforo;Comercial;0;0;2;0;0;0;1;0;0;0;0;0;-3,775123000000000;-38,512975000000000
248523;2;2;2015;15:45;15834;RUA CEL FRANCISCO PEREIRA (MESSEJANA);RUA TEN JURANDIR ALENCAR;;0;;Colis?úo Lateral;Luz do Dia;Bom;Seca;Cruz;Sem?íforo;Comercial;0;0;2;1;1;0;0;0;0;0;0;0;-3,831773000000000;-38,492929000000000
248524;2;2;2015;19:40;0;AV LINEU MACHADO;;;358;;Outros;Via Iluminada;Bom;Seca;Meio de Quadra;Sem?íforo;Comercial;0;0;1;1;0;0;0;0;0;0;0;0;-3,763463000000000;-38,575614000000000
248525;2;2;2015;20:00;0;RUA NELSON COELHO;;;0;;Colis?úo Transversal;Via Iluminada;Bom;Seca;Meio de Quadra;Pare;Misto;0;1;1;1;0;0;0;0;0;1;0;0;-3,828068000000000;-38,463794000000000
248526;2;2;2015;09:20;5269;AV DUQ CAXIAS;RUA PDE IBIAPINA;;0;;Colis?úo Transversal;Luz do Dia;Bom;Seca;Cruz;Sem?íforo;Comercial;0;0;2;1;0;0;0;0;0;0;0;0;-3,728446000000000;-38,540226000000000
248527;2;2;2015;11:30;0;AV DOMINGOS OLIMPIO;;;123;;Colis?úo Traseira;Luz do Dia;Bom;Seca;Meio de Quadra;Sem?íforo;Comercial;0;1;1;1;0;0;0;0;0;1;0;0;-3,738657000000000;-38,524692000000000
248528;2;2;2015;19:00;5737;RUA BENJAMIM MOURA;RUA VICENTE LOPES;;0;;Colis?úo Lateral;Anoitecer;Bom;Seca;Cruz;Pare;Residencial;0;0;2;1;1;0;0;0;0;0;0;0;-3,797497000000000;-38,495443000000000
248529;2;2;2015;07:20;3768;AV DOMINGOS OLIMPIO;AV TRISTAO GONCALVES;;0;;Engavetamento;Luz do Dia;Bom;Seca;Cruz;Sem?íforo;Comercial;0;0;3;1;0;0;0;0;0;0;0;0;-3,735133000000000;-38,535613000000000
248530;2;2;2015;15:00;15357;RUA LEONARDO MOTA;RUA PEREIRA VALENTE;;0;;Colis?úo Transversal;Luz do Dia;Bom;Seca;Cruz;Pare;Misto;0;0;2;0;0;0;0;0;0;0;0;0;-3,732885000000000;-38,495134000000000
248531;2;2;2015;14:00;0;RUA CEL LINHARES;;;931;;Colis?úo Lateral;Amanhecer;Bom;Seca;Meio de Quadra;N?úo H?í Controle;Misto;0;0;2;1;0;0;0;0;0;0;0;0;-3,736564000000000;-38,494157000000000
248533;2;2;2015;13:25;0;RUA PINTO MADEIRA;;;437;;Colis?úo Traseira;Luz do Dia;Bom;Seca;Meio de Quadra;N?úo H?í Controle;Misto;0;1;1;1;0;0;0;0;0;1;0;0;-3,731276000000000;-38,520926000000000
248534;2;2;2015;08:30;1258;AV SANTOS DUMONT;RUA MON BRUNO;;0;;Colis?úo Transversal;Luz do Dia;Chuva;Molhada;Cruz;N?úo H?í Controle;Comercial;0;0;2;0;1;0;0;0;0;0;0;0;-3,732595000000000;-38,509506000000000
248535;2;2;2015;19:30;0;RUA TAB FABIAO;;;220;;Colis?úo Lateral;Via Iluminada;Bom;Seca;Meio de Quadra;N?úo H?í Controle;Comercial;0;0;2;1;0;0;0;0;0;0;0;0;-3,733867000000000;-38,566380000000000
248536;2;2;2015;06:00;21364;RUA PRO CASTELO BRANCO D08;RUA PDE GUERRA;;0;;Colis?úo Transversal;Luz do Dia;Bom;Seca;Cruz;Pare;Residencial;0;0;2;1;1;0;0;0;0;0;0;0;-3,736986000000000;-38,548270000000000
248537;2;2;2015;04:50;5352;AV DOM MANUEL;RUA PINTO MADEIRA;;0;;Colis?úo Traseira;Amanhecer;Bom;Seca;Cruz;Sem?íforo;Comercial;0;0;2;1;0;0;1;0;0;0;0;0;-3,730964000000000;-38,521957000000000
248538;2;2;2015;20:00;0;AV ABOLICAO;;;2030;;Colis?úo Traseira;Via Iluminada;Bom;Seca;Meio de Quadra;N?úo H?í Controle;Comercial;0;1;1;1;0;0;0;0;0;1;0;0;-3,725578000000000;-38,500915000000000
248516;2;2;2015;13:00;0;AV 13 DE MAIO;;;623;IGREJA NOSSA SENHORA DE FATIMA;Colis?úo Traseira;Luz do Dia;Bom;Seca;Meio de Quadra;N?úo H?í Controle;Residencial;0;1;1;1;0;0;0;0;0;1;0;0;-3,751983000000000;-38,526219000000000
248517;2;2;2015;19:00;5710;AV OLIVEIRA PAIVA;RUA CON BRAVEZA;;0;;Colis?úo Lateral;Via Iluminada;Bom;Seca;Cruz;Pare;Comercial;0;0;2;1;1;0;0;0;0;0;0;0;-3,796485000000000;-38,498448000000000
248540;2;2;2015;14:30;9034;AV AGUANAMBI;RUA CEL SOLON;;0;;Colis?úo Traseira;Luz do Dia;Bom;Seca;Cruz;Sem?íforo;Comercial;0;0;2;0;1;0;0;0;0;0;0;0;-3,742854000000000;-38,525818000000000
248542;2;2;2015;10:20;25174;RUA PDE VALDEVINO;RUA RODRIGUES JUNIOR;;0;;Colis?úo Traseira;Luz do Dia;Nublado;Molhada;T;Pare;Comercial;0;0;2;1;1;0;0;0;0;0;0;0;-3,737243000000000;-38,522800000000000
253436;2;2;2015;18:30;0;RD BR 116;;;2000;KM-02;Colis?úo Transversal;Luz do Dia;Bom;Seca;Meio de Quadra;N?úo H?í Controle;Comercial;0;0;2;1;1;0;0;0;0;0;0;0;-3,771391000000000;-38,516780000000000
253439;2;2;2015;14:50;0;RD BR 116;;;3000;KM-03;Colis?úo Traseira;Luz do Dia;Bom;Seca;Meio de Quadra;N?úo H?í Controle;;0;0;2;1;0;0;1;0;0;0;0;0;-3,779838000000000;-38,514372000000000
263644;2;2;2015;00:08;7211;AV PRS CASTELO BRANCO;AV DR THEBERGE;;0;;Colis?úo;;;;Cruz;Sem?íforo;Comercial;0;0;2;0;0;0;0;0;0;0;0;0;-3,710079000000000;-38,563456000000000
263645;2;2;2015;00:31;0;AV CEL CARVALHO;;;1358;;Colis?úo;;;;Meio de Quadra;;;0;0;2;0;0;0;0;0;0;0;0;0;-3,714454000000000;-38,588684000000000
263647;2;2;2015;08:57;0;AV JOSE LEON;;;1115;;Colis?úo;Luz do Dia;;;Meio de Quadra;;;0;0;2;0;0;0;0;0;0;0;0;0;-3,787754000000000;-38,502063000000000
263653;2;2;2015;09:00;0;RUA EFESIO;;;535;;Atropelamento;Luz do Dia;;;Meio de Quadra;;;0;0;2;0;0;0;0;0;0;0;0;0;-3,775070000000000;-38,488374000000000
263655;2;2;2015;09:53;0;AV PRS COSTA E SILVA;;;671;;Colis?úo;Luz do Dia;;;Meio de Quadra;;;0;0;2;0;0;0;0;0;0;0;0;0;;
263658;2;2;2015;11:14;0;RUA LUIS DE CASTRO;;;676;;Colis?úo;Luz do Dia;;;Meio de Quadra;;;0;0;2;0;0;0;0;0;0;0;0;0;;
263665;2;2;2015;13:09;16281;RUA ANTONIO PEREIRA;RUA ANTONIO BARBOSA;;0;;Atropelamento;Luz do Dia;;;Cruz;Pare;Residencial;0;0;2;0;0;0;0;0;0;0;0;0;-3,832952000000000;-38,565289000000000
263667;2;2;2015;13:10;0;RUA DAS PEDRINHAS;;;194;;Atropelamento;Luz do Dia;;;Meio de Quadra;;;0;0;2;0;0;0;0;0;0;0;0;0;-3,765420000000000;-38,600794000000000
263669;2;2;2015;15:04;0;AV ABOLICAO;;;0;;Colis?úo;Luz do Dia;;;Meio de Quadra;;;0;0;2;0;0;0;0;0;0;0;0;0;;
263670;2;2;2015;16:12;0;RUA SILVA PAULET;;;1212;;Colis?úo;Luz do Dia;;;Meio de Quadra;;;0;0;2;0;0;0;0;0;0;0;0;0;-3,735637000000000;-38,505799000000000
263672;2;2;2015;16:16;23993;RUA BRISA DO MAR;RUA JOSIAS PAULA DE SOUZA;;0;;Colis?úo;Luz do Dia;;;;;;0;0;2;0;0;0;0;0;0;0;0;0;-3,727189000000000;-38,468719000000000
258715;2;2;2015;15:00;0;RD CE-040;;;0;KM-08;Choque c/ Obst?ículo Fixo;Luz do Dia;;Seca;Meio de Quadra;;;0;1;0;0;0;0;0;0;0;1;0;0;-3,823332000000000;-38,481317000000000
258717;2;2;2015;19:40;0;RD CE-040;;;0;KM-06;Colis?úo;Via Iluminada;;Seca;Meio de Quadra;;;0;0;2;1;1;0;0;0;0;0;0;0;-3,811270000000000;-38,478781000000000
258712;2;2;2015;11:40;0;AV SEN CARLOS JEREISSATI (AEROPORTO);;;0;KM 03;Colis?úo;Luz do Dia;;Seca;Meio de Quadra;;;0;0;2;1;0;0;0;0;0;0;0;0;-3,780382000000000;-38,541414000000000
259717;2;2;2015;08:07;0;AV SEN FERNANDES TAVORA;;;0;;Colis?úo;Luz do Dia;;;Meio de Quadra;;;0;0;3;1;0;0;0;0;0;0;0;0;;
259719;2;2;2015;10:09;4082;RUA CEARA;AV JOAO PESSOA;;0;;Colis?úo;Luz do Dia;;;T;Sem?íforo;Comercial;0;0;2;1;0;0;0;0;0;0;0;0;-3,763434000000000;-38,558244000000000
259721;2;2;2015;18:50;12496;AV CARNEIRO DE MENDONCA;AV LINEU MACHADO;;0;;;;;;T;Sem?íforo;Comercial;0;0;2;1;1;0;0;0;0;0;0;0;-3,760403000000000;-38,574021000000000
259723;3;2;2015;18:38;0;RUA BERNARDO MANUEL;;;0;;Colis?úo;;;;Meio de Quadra;;;0;0;2;1;0;0;0;0;0;0;0;0;;
263678;3;2;2015;09:30;0;RUA ESTEVAO DE CAMPOS;;;262;;Atropelamento;Luz do Dia;;;Meio de Quadra;;;0;0;2;0;0;0;0;0;0;0;0;0;;