COD_ACIDENTE;DIA;MES;ANO;HORA;INTERSECAO;LOG1;LOG2;LOG3;NUMERO;REFERENCIA;NATUREZA;ILUMINACAO;TEMPO;SUPERFICIEPISTA;TIPOCRUZAMENTO;CONTROLETRAFEGO;USOSOLO;MORTOS;FERIDOS;ILESOS;AUTOMOVEL;ONIBUS;BICICLETA;CAMINHAO;MICROONIBUS;CICLOMOTOR;MOTOCICLETA;TRACAOANIMAL;TREM;LATITUDE;LONGITUDE
263674;3;2;2015;00:09;23375;RUA CAP TIBURCIO DA FROTA;RUA JOAQUIM NABUCO;;0;;Choque c/ Obst?ículo Fixo;;;;Cruz;Pare;Residencial;0;0;1;0;0;0;0;0;0;0;0;0;-3,754360000000000;-38,507482000000000
263675;3;2;2015;00:18;0;AV HIS RAIMUNDO GIRAO;;;365;;Colis?úo;;;;Meio de Quadra;;;0;0;2;0;0;0;0;0;0;0;0;0;-3,720638000000000;-38,512578000000000
263676;3;2;2015;00:28;0;TR VITORIA DA CONQUISTA;;;800;;Choque c/ Obst?ículo Fixo;;;;Meio de Quadra;;;0;0;1;0;0;0;0;0;0;0;0;0;;
263681;3;2;2015;10:50;5383;AV DUQ CAXIAS;RUA MAJ FACUNDO;;0;;Colis?úo;Luz do Dia;;;Cruz;Sem?íforo;Comercial;0;0;2;0;0;0;0;0;0;0;0;0;-3,731981000000000;-38,529285000000000
263682;3;2;2015;10:53;0;AV GODOFREDO MACIEL;;;3440;;Atropelamento;Luz do Dia;;;Meio de Quadra;;;0;0;2;0;0;0;0;0;0;0;0;0;-3,805565000000000;-38,572755000000000
248543;3;2;2015;18:59;24104;AV CESAR CALS;RUA HERMINIA BONAVIDES;;0;;Colis?úo Transversal;Amanhecer;Bom;Seca;T;Pare;Residencial;0;1;1;1;0;0;0;0;0;1;0;0;-3,729537000000000;-38,459926000000000
248544;3;2;2015;07:40;329;RUA FRANCISCA CLOTILDE;RUA ALEXANDRE BARAUNA;;0;;Colis?úo Transversal;Luz do Dia;Bom;Seca;Cruz;Pare;Residencial;0;0;2;1;0;0;0;0;0;0;0;0;-3,745033000000000;-38,554975000000000
248549;3;2;2015;18:00;26202;AV GAL OSORIO DE PAIVA;RUA SOL;;0;;Colis?úo Traseira;Anoitecer;Bom;Seca;;Sem?íforo;Residencial;0;0;3;1;0;0;0;0;0;1;0;0;;
248551;3;2;2015;07:40;0;AV PRS COSTA E SILVA;;;681;;Engavetamento;Luz do Dia;Bom;Seca;Meio de Quadra;N?úo H?í Controle;Comercial;0;0;3;1;0;0;0;0;0;0;0;0;;
248541;3;2;2015;11:30;19833;AV JOVITA FEITOSA;AV ENG HUMBERTO MONTE;;0;;Colis?úo Traseira;Luz do Dia;Bom;Seca;Cruz;Sem?íforo;Comercial;0;1;1;1;0;0;0;0;0;1;0;0;-3,741963000000000;-38,566544000000000
248518;3;2;2015;09:00;25231;AV PRS COSTA E SILVA;AV I CJ JOSE WALTER;;0;;Colis?úo Traseira;Luz do Dia;Bom;Seca;T;N?úo H?í Controle;Comercial;0;0;2;1;0;0;0;0;0;0;0;0;-3,823494000000000;-38,550232000000000
248539;3;2;2015;22:00;0;AV HERACLITO GRACA;RUA NOGUEIRA ACIOLI;;653;;Colis?úo Traseira;Via Iluminada;Bom;Seca;Meio de Quadra;Sem?íforo;Comercial;0;1;1;0;0;0;0;0;0;1;0;0;-3,735353000000000;-38,518772000000000
248554;3;2;2015;10:00;0;AV PRS COSTA E SILVA;;;3021;;Colis?úo Traseira;Luz do Dia;Bom;Seca;Meio de Quadra;N?úo H?í Controle;Residencial;0;0;2;0;0;0;0;0;0;1;0;0;;
248556;3;2;2015;08:30;9612;RUA OSCAR ARARIPE;RUA SGT JOAO PINHEIRO;;0;;Colis?úo Lateral;Luz do Dia;Bom;Seca;Cruz;Pare;Comercial;0;0;2;0;0;0;1;0;0;0;0;0;-3,783833000000000;-38,623073000000000
248558;3;2;2015;12:50;15005;AV GODOFREDO MACIEL;RUA SUICA;;0;;Colis?úo Transversal;Luz do Dia;Bom;Seca;T;Pare;Comercial;0;1;1;1;0;0;0;0;0;1;0;0;-3,792859000000000;-38,568361000000000
248559;3;2;2015;07:00;0;AV GODOFREDO MACIEL;;;2915;;Engavetamento;Luz do Dia;Bom;Seca;Meio de Quadra;Sem?íforo;Comercial;0;1;2;1;1;0;0;0;0;0;0;0;-3,800964000000000;-38,571327000000000
248563;3;2;2015;14:10;23435;RUA MON SALAZAR;RUA FIS VIEIRA;;0;;Colis?úo Transversal;Luz do Dia;Bom;Seca;Cruz;N?úo H?í Controle;Residencial;0;0;2;1;0;0;0;0;0;0;0;0;-3,756255000000000;-38,515394000000000
248565;3;2;2015;12:05;4250;AV FRANCISCO SA;RUA PEDRO C FERNANDES;;0;;Colis?úo Traseira;Luz do Dia;Bom;Seca;;N?úo H?í Controle;Residencial;0;0;2;1;1;0;0;0;0;0;0;0;-3,719988000000000;-38,549538000000000
248566;3;2;2015;15:30;17395;RUA ALBERTO MAGNO;RUA TEN MOACIR MATOS;;0;;Colis?úo Lateral;Luz do Dia;Bom;Seca;Cruz;Pare;Comercial;0;0;2;1;0;0;0;0;0;0;0;0;-3,767411000000000;-38,552117000000000
248568;3;2;2015;09:20;0;RUA VINTE E QUATRO DE MAIO;;;72;PRA?çA DA ESTA?ç?âO;Colis?úo Lateral;Luz do Dia;Bom;Seca;Meio de Quadra;Sem?íforo;Comercial;0;0;2;1;0;0;1;0;0;0;0;0;-3,722287000000000;-38,530500000000000
248532;3;2;2015;06:45;0;RUA BERNARDO MANUEL;;;8099;;Colis?úo;Luz do Dia;Bom;Seca;Meio de Quadra;N?úo H?í Controle;Comercial;0;1;1;0;0;0;0;0;0;1;0;0;-3,790845000000000;-38,549021000000000
248520;3;2;2015;21:00;0;RUA AURELIANO LEAL;;;15;;Colis?úo Frontal;Luz do Dia;Bom;Seca;Meio de Quadra;N?úo H?í Controle;;0;1;1;0;0;0;0;0;0;1;0;0;;
248521;3;2;2015;11:20;0;RUA DR JOSE FURTADO;;;1671;;Colis?úo Traseira;Luz do Dia;Bom;Seca;Meio de Quadra;N?úo H?í Controle;Residencial;0;0;2;1;0;0;0;0;0;1;0;0;;
248522;3;2;2015;11:30;0;RUA DES JOSE PASSOS FILHO;;;0;;Colis?úo Transversal;Luz do Dia;Bom;Seca;Meio de Quadra;Pare;Comercial;0;0;2;1;0;0;0;0;0;0;0;0;;
248515;3;2;2015;08:05;0;AV HIS RAIMUNDO GIRAO;;;0;;Engavetamento;Luz do Dia;Bom;Seca;Meio de Quadra;N?úo H?í Controle;Comercial;0;0;3;1;0;0;1;0;0;0;0;0;;
248513;3;2;2015;14:00;0;RUA PDE MIGUELINHO;;;940;;Colis?úo Lateral;Luz do Dia;Bom;Seca;Meio de Quadra;Pare;Residencial;0;0;2;1;0;0;0;0;0;0;0;0;-3,743291000000000;-38,531763000000000
248511;3;2;2015;08:00;246;AV JOVITA FEITOSA;RUA DOM LINO;;0;;;Luz do Dia;Bom;Seca;Cruz;Sem?íforo;Residencial;0;1;1;1;0;0;0;0;0;1;0;0;-3,739850000000000;-38,556413000000000
248508;3;2;2015;20:10;0;AV JOR THOMAZ COELHO;;;0;;Colis?úo Lateral;Via Iluminada;Bom;Seca;Meio de Quadra;N?úo H?í Controle;Comercial;0;0;2;1;0;0;1;0;0;0;0;0;;
248509;3;2;2015;10:00;0;AV GOV PARSIFAL BARROSO;;;300;;Colis?úo Traseira;Luz do Dia;Bom;Seca;Meio de Quadra;N?úo H?í Controle;Residencial;0;1;1;1;0;0;0;0;0;1;0;0;-3,729806000000000;-38,569183000000000
248500;3;2;2015;10:30;0;AV PERIMETRAL;;;0;LANCHONETE PEIXE VIVO;Colis?úo Traseira;Luz do Dia;Bom;Seca;Meio de Quadra;Outros;Residencial;0;0;2;1;0;0;0;0;0;0;0;0;-3,822212000000000;-38,554516000000000
248501;3;2;2015;22:50;3875;RUA SEN POMPEU;RUA PDE MIGUELINHO;;0;;Engavetamento;Via Iluminada;Bom;Seca;Cruz;Pare;Comercial;0;0;4;1;0;0;0;0;0;0;0;0;-3,742469000000000;-38,534332000000000
248503;3;2;2015;14:26;0;RUA TIP SALES;;;53;;Colis?úo Lateral;Luz do Dia;Bom;Seca;Meio de Quadra;N?úo H?í Controle;Misto;0;0;2;1;0;0;1;0;0;0;0;0;-3,736303000000000;-38,565056000000000
248504;3;2;2015;17:00;5450;RUA ANTONIO POMPEU;RUA MAJ FACUNDO;;0;;Colis?úo Transversal;Anoitecer;Bom;Seca;Cruz;Pare;Misto;0;0;3;1;0;0;0;0;0;1;0;0;-3,734923000000000;-38,530216000000000
248505;3;2;2015;17:25;24980;AV ALM HENRIQUE SABOIA;RUA GAL TERTULIANO POTYGUARA;;0;;Colis?úo Traseira;Anoitecer;Bom;Seca;T;N?úo H?í Controle;Misto;0;0;2;0;0;0;0;0;0;0;0;0;-3,746088000000000;-38,491196000000000
248506;3;2;2015;08:00;25101;AV GAL OSORIO DE PAIVA;RUA NAPOLEAO QUEZADO;;0;;Colis?úo Transversal;Luz do Dia;Bom;Seca;Cruz;N?úo H?í Controle;Comercial;0;1;1;0;1;0;0;0;0;1;0;0;-3,776593000000000;-38,568029000000000
248498;3;2;2015;20:45;17584;RUA MATO GROSSO;RUA PARA;;0;;Colis?úo Transversal;Via Iluminada;Bom;Seca;Cruz;Pare;Residencial;0;0;2;0;1;0;0;0;0;0;0;0;-3,755657000000000;-38,563131000000000
248491;3;2;2015;14:25;0;AV ENG ALBERTO SA;AV ALM HENRIQUE SABOIA;;33;;Colis?úo Transversal;Luz do Dia;Bom;Seca;Meio de Quadra;Sem?íforo;Residencial;0;0;2;1;0;0;1;0;0;0;0;0;-3,732533000000000;-38,482799000000000
248495;3;2;2015;08:10;0;AV JOR THOMAZ COELHO;;;0;;Colis?úo Traseira;Luz do Dia;Bom;Seca;Meio de Quadra;;Comercial;0;0;2;1;1;0;0;0;0;0;0;0;;
248496;3;2;2015;10:15;11768;AV PRS CASTELO BRANCO;AV FILOMENO GOMES;;0;;Colis?úo Traseira;Luz do Dia;Bom;Seca;T;Sem?íforo;Comercial;0;0;2;1;0;0;0;0;0;0;0;0;-3,715542000000000;-38,541982000000000
248488;3;2;2015;06:50;15676;RUA MEM DE SA;RUA EUDES CARDOSO;;0;;Colis?úo Transversal;Luz do Dia;Bom;Seca;Cruz;Pare;Misto;0;0;2;1;0;0;0;0;0;0;0;0;-3,826403000000000;-38,485204000000000
258719;3;2;2015;18:20;0;AV SEN CARLOS JEREISSATI (AEROPORTO);;;0;KM 02;Colis?úo;Anoitecer;;Seca;Meio de Quadra;;;0;0;2;1;0;0;0;0;0;0;0;0;-3,783932000000000;-38,529156000000000
260259;3;2;2015;22:48;0;RUA JULIO SILVA;;;0;;Colis?úo;;;;Meio de Quadra;;;0;1;1;1;0;0;0;0;0;1;0;0;;
260255;3;2;2015;20:23;0;AV WASHINGTON SOARES;;;0;;Colis?úo;;;;Meio de Quadra;;;0;1;1;1;0;0;0;0;0;1;0;0;-3,817668000000000;-38,483146000000000
260243;3;2;2015;19:27;1586;AV PDE ANTONIO TOMAS;RUA FONSECA LOBO;;0;;Atropelamento;;;;Cruz;Pare;Residencial;0;1;1;0;0;0;0;0;0;0;0;0;-3,743025000000000;-38,490871000000000
260239;3;2;2015;18:29;0;RUA SILVA PAULET;;;0;;Colis?úo;Anoitecer;;;Meio de Quadra;;;0;1;1;0;0;0;0;0;0;1;0;0;-3,748384000000000;-38,509933000000000
248487;3;2;2015;09:30;0;AV ALBERTO CRAVEIRO;;;430;;Engavetamento;Luz do Dia;Bom;Seca;Meio de Quadra;N?úo H?í Controle;Comercial;0;0;4;1;0;0;0;0;0;0;0;0;-3,782668000000000;-38,516505000000000
248484;3;2;2015;08:20;12849;RUA SALDANHA MARINHO;RUA ASSUNCAO;;0;;Colis?úo Lateral;Luz do Dia;Bom;Seca;Cruz;Pare;Comercial;0;2;1;1;0;0;0;0;0;0;0;0;-3,742314000000000;-38,531231000000000
248485;3;2;2015;18:40;0;AV FRANCISCO SA;;;4722;;Colis?úo Traseira;;Bom;Seca;Meio de Quadra;N?úo H?í Controle;Residencial;0;0;3;1;0;0;0;0;0;1;0;0;-3,714207000000000;-38,566769000000000
248474;3;2;2015;06:50;7911;AV ANTONIO SALES;RUA OSVALDO CRUZ (ALDEOTA);;0;;Colis?úo Transversal;Luz do Dia;Bom;Seca;Cruz;Sem?íforo;Residencial;0;0;3;1;0;0;0;0;0;0;0;0;-3,745139000000000;-38,503390000000000
248469;3;2;2015;08:30;12871;RUA BAR ARATANHA;RUA JOAQUIM MAGALHAES;;0;;;Luz do Dia;Bom;Seca;Cruz;Pare;Residencial;0;0;2;1;0;0;0;0;0;0;0;0;-3,739716000000000;-38,528666000000000
248470;3;2;2015;10:00;1378;RUA DES LEITE ALBUQUERQUE;RUA OSVALDO CRUZ (ALDEOTA);;0;;Colis?úo Transversal;Luz do Dia;Bom;Seca;Cruz;Pare;Residencial;0;0;2;1;0;0;0;0;0;0;0;0;-3,736598000000000;-38,500640000000000
248467;3;2;2015;13:25;0;AV ENG SANTANA JUNIOR;;;1315;VIADUTO;Colis?úo Frontal;Luz do Dia;Bom;Seca;Meio de Quadra;N?úo H?í Controle;Comercial;0;0;2;1;0;0;0;0;0;0;0;0;-3,739266000000000;-38,484352000000000
260115;3;2;2015;11:04;0;AV GOV RAUL BARBOSA;;;0;;Colis?úo;Luz do Dia;;;Meio de Quadra;;;0;0;2;0;0;0;0;0;0;0;0;0;;
260215;3;2;2015;00:07;5359;RUA METON DE ALENCAR;RUA TEREZA CRISTINA;;0;;Colis?úo;;;;Cruz;N?úo H?í Controle;Comercial;0;1;1;1;0;0;0;0;0;1;0;0;-3,731262000000000;-38,538031000000000
260216;3;2;2015;02:16;0;AV JOR JOAO RAMOS;;;620;;Queda;;;;Meio de Quadra;;;0;1;0;0;0;0;0;0;0;1;0;0;;
260217;3;2;2015;06:27;0;AV DEP PAULINO ROCHA;;;0;;Queda;Luz do Dia;;;Meio de Quadra;;;0;1;0;0;0;0;0;0;0;1;0;0;;
260218;3;2;2015;06:44;0;RUA PRO JOAQUIM NOGUEIRA D29;;;0;;Colis?úo;Luz do Dia;;;Meio de Quadra;;;0;1;1;1;0;0;0;0;0;1;0;0;;
260219;3;2;2015;07:14;0;RUA CEARA;;;0;;Colis?úo;Luz do Dia;;;Meio de Quadra;;;0;1;1;1;0;0;0;0;0;1;0;0;-3,761638000000000;-38,561663000000000
260220;3;2;2015;07:33;0;RUA PRO VIRGILIO DE MORAIS;;;0;;Colis?úo;Luz do Dia;;;Meio de Quadra;;;0;1;1;0;0;0;1;0;0;1;0;0;-3,751911000000000;-38,596780000000000
260221;3;2;2015;08:10;0;AV PRS CASTELO BRANCO;;;0;;Atropelamento;Luz do Dia;;;Meio de Quadra;;;0;1;1;1;0;0;0;0;0;0;0;0;;
260222;3;2;2015;08:59;0;AV DR THEBERGE;;;0;;Colis?úo;Luz do Dia;;;Meio de Quadra;;;0;1;1;1;0;0;0;0;0;1;0;0;-3,707061000000000;-38,562456000000000
260224;3;2;2015;09:55;0;RUA SGT JOAO PINHEIRO;;;0;;Colis?úo;Luz do Dia;;;Meio de Quadra;;;0;1;1;1;0;0;0;0;0;1;0;0;;
260226;3;2;2015;10:21;0;AV GODOFREDO MACIEL;;;0;;Colis?úo;Luz do Dia;;;Meio de Quadra;;;0;1;1;1;0;0;0;0;0;1;0;0;;
260237;3;2;2015;16:47;0;AV ABOLICAO;;;0;;Colis?úo;Luz do Dia;;;Meio de Quadra;;;0;1;1;1;0;0;0;0;0;1;0;0;-3,726666000000000;-38,491208000000000
260234;3;2;2015;14:29;0;RUA DR QUIXADA FELICIO;;;272;;Colis?úo;Luz do Dia;;;Meio de Quadra;;;0;1;1;1;0;0;0;0;0;1;0;0;;
260230;3;2;2015;10:44;0;RUA SGT JOAO PINHEIRO;;;633;;Colis?úo;Luz do Dia;;;Meio de Quadra;;;0;1;1;1;0;0;0;0;0;1;0;0;-3,780981000000000;-38,622260000000000
260231;3;2;2015;12:22;0;RUA DOM GERONIMO;;;0;;Queda;Luz do Dia;;;Meio de Quadra;;;0;1;0;0;0;0;0;0;0;1;0;0;;
260134;4;2;2015;18:59;0;AV PRS COSTA E SILVA;;;0;;Colis?úo;;;;Meio de Quadra;;;0;0;2;0;0;0;0;0;0;0;0;0;;
253508;4;2;2015;19:00;0;RD BR 116;;;7000;KM-07;Atropelamento;Via Iluminada;Bom;Seca;Meio de Quadra;N?úo H?í Controle;Comercial;1;1;1;1;0;0;0;0;0;0;0;0;-3,813246000000000;-38,501101000000000
253524;4;2;2015;01:10;0;RD BR 116;;;3000;KM-03;Choque c/ Obst?ículo Fixo;Via Iluminada;Bom;Seca;Meio de Quadra;N?úo H?í Controle;Residencial;0;1;0;1;0;0;0;0;0;0;0;0;-3,779838000000000;-38,514372000000000
253574;4;2;2015;07:10;0;RD BR 222;;;0;KM 00;Colis?úo Lateral;Luz do Dia;Bom;Seca;Meio de Quadra;N?úo H?í Controle;Comercial;0;0;2;0;1;0;0;0;0;0;0;0;-3,736611000000000;-38,569072000000000
248472;4;2;2015;16:20;5189;RUA PDE IBIAPINA;RUA PEDRO PEREIRA;;0;;Colis?úo Lateral;Luz do Dia;Nublado;Seca;Outros;;Comercial;0;1;1;1;0;0;0;0;0;0;0;0;-3,725940000000000;-38,540601000000000
248486;4;2;2015;17:22;10853;RUA PORTO VELHO;RUA PRO MIRAMAR DA PONTE;;0;;Colis?úo Lateral;Anoitecer;Bom;Seca;Cruz;Pare;Residencial;0;0;2;1;0;0;0;0;0;0;0;0;-3,765567000000000;-38,587780000000000
248481;4;2;2015;19:25;15185;AV BEIRA MAR;AV DES MOREIRA;;0;;Colis?úo Traseira;Via Iluminada;Bom;Seca;T;Pare;Comercial;0;0;2;1;0;0;0;0;0;0;0;0;-3,726073000000000;-38,495100000000000
248476;4;2;2015;07:30;0;AV BEIRA MAR;;;3190;;Colis?úo Traseira;Luz do Dia;Nublado;Seca;Meio de Quadra;N?úo H?í Controle;Misto;0;0;3;1;0;0;0;1;0;0;0;0;-3,725745000000000;-38,492397000000000
260269;4;2;2015;06:25;0;RUA BERNARDO MANUEL;AV DR SILAS MUNGUBA;;0;;Colis?úo;Luz do Dia;;;Meio de Quadra;;;0;1;1;1;0;0;0;0;0;1;0;0;;
260270;4;2;2015;07:26;0;RUA BERNARDO MANUEL;;;0;;Atropelamento;Luz do Dia;;;Meio de Quadra;;;0;1;1;0;0;0;0;0;0;1;0;0;-3,798325000000000;-38,551301000000000
260267;4;2;2015;05:36;0;RUA BERNARDO MANUEL;;;0;;Queda;Amanhecer;;;Meio de Quadra;;;0;1;0;0;0;0;0;0;0;1;0;0;-3,798325000000000;-38,551301000000000
260348;4;2;2015;19:38;0;RUA CEL VIRGILIO NOGUEIRA (BOM JARDIM);RUA BOM JESUS (GRANJA LISBOA);;0;;Atropelamento;;;;;;;0;1;1;1;0;0;0;0;0;0;0;0;;
260350;4;2;2015;21:24;0;RUA CACHOEIRA ALEGRE;;;0;;Queda;;;;Meio de Quadra;;;0;1;0;0;0;0;0;0;0;1;0;0;;
260326;4;2;2015;18:17;0;AV MAE LISBOA;;;0;;Colis?úo;Anoitecer;;;Meio de Quadra;;;0;1;1;1;0;0;0;0;0;1;0;0;;
260320;4;2;2015;11:05;0;RUA ANA FACO;;;0;;Atropelamento;Luz do Dia;;;Meio de Quadra;;;0;1;1;0;0;0;0;0;0;1;0;0;;
260322;4;2;2015;11:19;5442;RUA GAL CLARINDO DE QUEIROZ;AV VIS RIO BRANCO;;0;;Colis?úo;Luz do Dia;;;Cruz;Sem?íforo;Comercial;0;1;1;1;0;0;0;0;0;1;0;0;-3,734584000000000;-38,524385000000000
260323;4;2;2015;16:50;0;RUA CEL LINHARES;;;0;;Colis?úo;Luz do Dia;;;Meio de Quadra;;;0;1;1;1;0;0;0;0;0;1;0;0;;
260324;4;2;2015;17:16;0;AV WASHINGTON SOARES;;;0;;Queda;Anoitecer;;;Meio de Quadra;;;0;1;0;0;0;0;0;0;0;1;0;0;-3,758726000000000;-38,484476000000000
260300;4;2;2015;08:46;0;RUA CON DE CASTRO;;;0;;Queda;Luz do Dia;;;Meio de Quadra;;;0;1;0;0;0;0;0;0;0;1;0;0;-3,810298000000000;-38,596428000000000
257220;4;2;2015;16:00;26130;AV VIS RIO BRANCO;RUA PINHO PESSOA;;0;;Engavetamento;Luz do Dia;;;T;N?úo H?í Controle;Residencial;0;1;0;1;0;0;0;0;0;1;0;0;-3,744525000000000;-38,522340000000000
257226;4;2;2015;22:18;0;AV SGT HERMINIO SAMPAIO;;;744;;Colis?úo;;;;Meio de Quadra;;;0;1;1;1;0;0;0;0;0;1;0;0;-3,724577000000000;-38,547354000000000
258720;4;2;2015;06:40;0;AV SEN CARLOS JEREISSATI (AEROPORTO);;;0;KM 01;Colis?úo;Luz do Dia;;Seca;Meio de Quadra;;;0;0;2;1;0;0;1;0;0;0;0;0;-3,783803000000000;-38,520356000000000
258724;4;2;2015;07:15;0;RD CE-040;;;0;KM-12;Colis?úo;Luz do Dia;;Seca;Meio de Quadra;;;0;0;2;1;0;0;0;0;0;0;0;0;-3,848945000000000;-38,476237000000000
258725;4;2;2015;20:50;0;RD CE-040;;;0;KM-04;Colis?úo;;;;Meio de Quadra;;;0;0;4;1;0;0;0;0;0;0;0;0;-3,792050000000000;-38,480251000000000
258727;4;2;2015;18:30;0;RD CE-040;;;0;KM-05;Colis?úo;Anoitecer;;Seca;Meio de Quadra;;;0;0;2;1;0;0;0;0;0;0;0;0;-3,790876000000000;-38,480349000000000
258722;4;2;2015;09:20;0;RD CE-040;;;0;KM-06;Colis?úo;Luz do Dia;;Seca;Meio de Quadra;;;0;0;4;1;0;0;0;0;0;0;0;0;-3,811270000000000;-38,478781000000000
248499;4;2;2015;20:00;22055;AV JOSE BASTOS;RUA PDE CICERO;;0;;Atropelamento;Via Iluminada;Bom;Seca;T;Sem?íforo;Comercial;0;2;0;0;0;0;0;0;0;1;0;0;-3,744462000000000;-38,544887000000000
248570;4;2;2015;07:30;25051;AV ALBERTO NEPOMUCENO;RUA CASTRO E SILVA;;0;;Colis?úo Lateral;Luz do Dia;Bom;Seca;T;Sem?íforo;Comercial;0;0;2;0;1;0;0;0;0;0;0;0;-3,724606000000000;-38,525072000000000
248550;4;2;2015;12:15;9183;AV FELINO BARROSO;RUA CARLOS RIBEIRO;;0;;Colis?úo Transversal;Luz do Dia;Bom;Seca;Cruz;Pare;Comercial;0;0;2;0;0;0;0;1;0;0;0;0;-3,746736000000000;-38,528224000000000
248573;4;2;2015;07:36;7862;AV ANTONIO SALES;RUA PRO DIAS DA ROCHA;;0;;Colis?úo;Luz do Dia;Bom;Seca;Cruz;Pare;Comercial;0;1;1;1;0;1;0;0;0;0;0;0;-3,747586000000000;-38,495535000000000
248579;4;2;2015;07:30;0;AV ANTONIO SALES;;;1431;;Colis?úo Traseira;Luz do Dia;Bom;Seca;Meio de Quadra;Outros;Comercial;0;0;2;1;0;0;0;0;0;0;0;0;-3,742711000000000;-38,511239000000000
248582;4;2;2015;18:20;24991;AV GAL OSORIO DE PAIVA;RUA ABEL RIBEIRO;;0;;Colis?úo Lateral;Anoitecer;Bom;Seca;Cruz;Pare;Comercial;0;0;2;1;0;0;0;0;0;1;0;0;-3,781799000000000;-38,576252000000000
248625;4;2;2015;18:45;12445;AV SEN FERNANDES TAVORA;TR HELENA DE MARIA;;0;;Colis?úo;Luz do Dia;Bom;Seca;T;N?úo H?í Controle;Comercial;0;1;2;0;0;0;0;0;0;1;0;0;-3,766094000000000;-38,574916000000000
248632;4;2;2015;18:00;0;RUA MON SALAZAR;;;0;;Colis?úo Lateral;Anoitecer;Bom;Seca;Meio de Quadra;N?úo H?í Controle;Misto;0;0;2;1;0;0;0;0;0;0;0;0;;
248643;4;2;2015;09:30;0;AV PRS CASTELO BRANCO;;;0;;Colis?úo Traseira;Luz do Dia;Bom;Seca;Meio de Quadra;N?úo H?í Controle;Comercial;0;0;2;1;0;0;0;0;0;0;0;0;;
248646;4;2;2015;13:00;0;RUA CASTRO E SILVA;;;417;;Colis?úo Lateral;Luz do Dia;Bom;Seca;Meio de Quadra;Sem?íforo;Comercial;0;0;2;1;1;0;0;0;0;0;0;0;-3,723360000000000;-38,528923000000000
248668;4;2;2015;07:25;17564;RUA PARA;RUA ESTADO DO RIO;;0;;Colis?úo Transversal;Luz do Dia;Bom;Seca;Cruz;Pare;Residencial;0;1;1;1;0;0;0;0;0;1;0;0;-3,752973000000000;-38,567337000000000
248703;4;2;2015;06:45;1467;AV SANTOS DUMONT;RUA MON CATAO;;0;;Colis?úo Transversal;Luz do Dia;Nublado;Seca;Rotat??ria;Sem?íforo;Comercial;0;1;1;1;0;0;0;0;0;0;0;0;-3,738745000000000;-38,490564000000000
248704;4;2;2015;16:55;0;AV FRANCISCO SA;;;0;;Colis?úo Lateral;Luz do Dia;Bom;Seca;Meio de Quadra;Pare;Lazer;0;0;2;1;0;0;0;0;0;0;0;0;;
248708;4;2;2015;08:50;16057;AV PRS COSTA E SILVA;AV GODOFREDO MACIEL;;0;;Colis?úo Traseira;Luz do Dia;Bom;Seca;Cruz;Sem?íforo;Comercial;0;0;2;1;0;0;1;0;0;0;0;0;-3,811743000000000;-38,574739000000000
248717;4;2;2015;07:45;0;AV PRS COSTA E SILVA;;;3475;;Colis?úo Traseira;Luz do Dia;Bom;Seca;Meio de Quadra;N?úo H?í Controle;Misto;0;1;1;1;0;0;0;0;0;1;0;0;-3,829502000000000;-38,527262000000000
248734;4;2;2015;06:00;25185;AV DOS EXPEDICIONARIOS;RUA MAJ TELESFORO;;0;;Colis?úo Lateral;Luz do Dia;Bom;Seca;T;Pare;Rural;0;1;1;1;0;0;0;0;0;1;0;0;-3,798059000000000;-38,551222000000000
248739;4;2;2015;08:40;0;AV DOS EXPEDICIONARIOS;;;3100;;Engavetamento;Luz do Dia;Bom;Seca;Meio de Quadra;N?úo H?í Controle;;0;0;3;1;0;0;0;0;0;0;0;0;-3,745892000000000;-38,535405000000000
248743;4;2;2015;07:15;0;AV GAL OSORIO DE PAIVA;;;5883;;Colis?úo Traseira;Luz do Dia;Bom;Seca;Meio de Quadra;Sem?íforo Manual;Misto;0;0;2;1;0;0;0;0;0;0;0;0;-3,807958000000000;-38,605198000000000
248747;4;2;2015;15:20;20042;AV ALBERTO CRAVEIRO;AV DR SILAS MUNGUBA;;0;;Colis?úo Traseira;Luz do Dia;Bom;Seca;Rotat??ria;D?¬ Prefer?¬ncia;Comercial;0;0;2;1;0;0;1;0;0;0;0;0;-3,807229000000000;-38,524782000000000
248748;4;2;2015;10:00;0;AV ALBERTO CRAVEIRO;;;430;;Colis?úo Traseira;Luz do Dia;Nublado;Seca;Meio de Quadra;N?úo H?í Controle;Comercial;0;1;1;1;0;0;0;0;0;1;0;0;-3,782668000000000;-38,516505000000000
248749;4;2;2015;18:20;0;AV PRS COSTA E SILVA;;;3021;;Colis?úo Lateral;Anoitecer;Bom;Seca;Meio de Quadra;N?úo H?í Controle;Residencial;0;0;2;1;0;0;1;0;0;0;0;0;;
248745;4;2;2015;16:00;3209;RUA VITAL BRASIL;RUA ANSELMO NOGUEIRA;;0;;Colis?úo Transversal;Luz do Dia;Bom;Seca;Cruz;Sem?íforo;Residencial;0;0;2;1;0;0;1;0;0;0;0;0;-3,781072000000000;-38,587181000000000