COD_ACIDENTE;DIA;MES;ANO;HORA;INTERSECAO;LOG1;LOG2;LOG3;NUMERO;REFERENCIA;NATUREZA;ILUMINACAO;TEMPO;SUPERFICIEPISTA;TIPOCRUZAMENTO;CONTROLETRAFEGO;USOSOLO;MORTOS;FERIDOS;ILESOS;AUTOMOVEL;ONIBUS;BICICLETA;CAMINHAO;MICROONIBUS;CICLOMOTOR;MOTOCICLETA;TRACAOANIMAL;TREM;LATITUDE;LONGITUDE
253447;4;2;2015;07:30;0;RD BR 116;;;4000;KM-04;Colis?úo Lateral;Luz do Dia;Bom;Seca;Meio de Quadra;N?úo H?í Controle;Comercial;0;0;2;0;0;0;0;0;0;1;0;0;-3,788331000000000;-38,510646000000000
253471;4;2;2015;10:30;0;RD BR 116;;;6000;KM-06;Colis?úo Lateral;Luz do Dia;Bom;Seca;Meio de Quadra;N?úo H?í Controle;Comercial;0;0;2;1;0;0;0;0;0;0;0;0;-3,804691000000000;-38,503053000000000
263685;4;2;2015;07:27;0;AV FRE CIRILO;;;0;;Colis?úo;Luz do Dia;;;Meio de Quadra;;;0;0;2;0;0;0;0;0;0;0;0;0;;
263688;4;2;2015;07:42;0;RUA VALPARAISO;;;0;;Colis?úo;Luz do Dia;;;Meio de Quadra;;;0;0;2;0;0;0;0;0;0;0;0;0;;
263691;4;2;2015;10:49;0;RUA CAP ARAGAO;;;927;;Colis?úo;Luz do Dia;;;Meio de Quadra;;;0;0;2;0;0;0;0;0;0;0;0;0;-3,764229000000000;-38,509690000000000
263693;4;2;2015;11:37;0;AV ALBERTO NEPOMUCENO;;;308;;Colis?úo;Luz do Dia;;;Meio de Quadra;;;0;0;2;0;0;0;0;0;0;0;0;0;;
263695;4;2;2015;11:38;0;RUA VICENTE SABOIA;;;238;;Colis?úo;Luz do Dia;;;Meio de Quadra;;;0;0;2;0;0;0;0;0;0;0;0;0;-3,712565000000000;-38,560377000000000
263697;4;2;2015;14:27;1712;RUA CAP OLAVO;RUA DJALMA PETIT;;0;;Colis?úo;Luz do Dia;;;Cruz;Pare;Residencial;0;0;2;0;0;0;0;0;0;0;0;0;-3,766206000000000;-38,515806000000000
263698;4;2;2015;16:46;0;LOGRADOURO SEM NOME;;;0;;Colis?úo;Luz do Dia;;;Meio de Quadra;;;0;0;2;0;0;0;0;0;0;0;0;0;;
263703;4;2;2015;17:21;0;AV DEP PAULINO ROCHA;;;0;;Colis?úo;Anoitecer;;;Meio de Quadra;;;0;0;2;0;0;0;0;0;0;0;0;0;;
263704;4;2;2015;19:18;0;RUA OLIVEIRA SOBRINHO;;;1611;;Colis?úo;;;;Meio de Quadra;;;0;0;2;0;0;0;0;0;0;0;0;0;-3,780070000000000;-38,595968000000000
263705;4;2;2015;19:37;9892;RUA SGT JOAO PINHEIRO;RUA BOM JESUS (GRANJA LISBOA);;0;;Colis?úo;;;;Cruz;Outros;Comercial;0;0;2;0;0;0;0;0;0;0;0;0;-3,787299000000000;-38,624041000000000
263707;4;2;2015;21:34;7633;AV CARNEIRO DE MENDONCA;RUA RIO GRANDE DO SUL;;0;;Colis?úo;;;;Cruz;Sem?íforo;Misto;0;0;2;0;0;0;0;0;0;0;0;0;-3,762374000000000;-38,570011000000000
263708;4;2;2015;21:52;0;RUA 616 CJ CEARA;;;0;;Colis?úo;;;;Meio de Quadra;;;0;0;2;0;0;0;0;0;0;0;0;0;;
263709;4;2;2015;22:02;0;AV OLIVEIRA PAIVA;;;1170;;Colis?úo;;;;Meio de Quadra;;;0;0;2;0;0;0;0;0;0;0;0;0;-3,795486000000000;-38,496068000000000
259726;4;2;2015;11:36;11549;RUA REINO UNIDO;RUA VALE FORMOSO;;0;;Colis?úo;Luz do Dia;;;Cruz;Pare;Comercial;0;0;2;0;0;0;0;0;0;0;0;0;-3,785081000000000;-38,504368000000000
259727;4;2;2015;14:45;25000;RUA COSTA BARROS;AV DOM MANUEL;;0;;Colis?úo;Luz do Dia;;;Cruz;Sem?íforo;Residencial;0;0;3;1;0;0;0;0;0;0;0;0;-3,727381000000000;-38,520793000000000
248752;4;2;2015;19:30;15181;AV RUI BARBOSA;RUA TOMAS POMPEU;;0;;Colis?úo Lateral;Mal Iluminada;Bom;Seca;Cruz;N?úo H?í Controle;Residencial;0;0;2;1;1;0;0;0;0;0;0;0;-3,725871000000000;-38,506160000000000
254480;5;2;2015;15:28;0;AV WASHINGTON SOARES;;;85;IGUATEMI;Colis?úo;Luz do Dia;;;Meio de Quadra;;;0;0;2;1;1;0;0;0;0;0;0;0;-3,757652000000000;-38,488576000000000
259741;5;2;2015;16:47;0;RUA 8 DE SETEMBRO;;;0;;Colis?úo;Luz do Dia;;;Meio de Quadra;;;0;0;2;1;0;0;0;0;0;0;0;0;;
263711;5;2;2015;11:09;0;AV PONTES VIEIRA;;;0;;Colis?úo;Luz do Dia;;;Meio de Quadra;;;0;0;2;0;0;0;0;0;0;0;0;0;;
263712;5;2;2015;14:01;0;RUA DR GILBERTO STUDART;;;133;;Colis?úo;Luz do Dia;;;Meio de Quadra;;;0;0;2;0;0;0;0;0;0;0;0;0;;
253480;5;2;2015;08:00;0;RD BR 116;;;6000;KM-06;Colis?úo Traseira;Luz do Dia;Bom;Seca;Meio de Quadra;N?úo H?í Controle;;0;1;1;0;0;0;1;0;0;0;0;0;-3,804691000000000;-38,503053000000000
275900;5;2;2015;08:05;0;RD BR 116;;;5000;KM-05;Colis?úo Frontal;Luz do Dia;Bom;Seca;Meio de Quadra;;;0;1;1;1;0;0;0;0;0;1;0;0;;
248583;5;2;2015;07:30;0;AV PRS COSTA E SILVA;;;0;;Colis?úo Lateral;Luz do Dia;Nublado;Seca;Meio de Quadra;N?úo H?í Controle;Comercial;0;2;0;0;0;0;0;0;0;1;0;0;;
248584;5;2;2015;10:30;0;RUA ROSA CORDEIRO;;;80;;Colis?úo;Luz do Dia;Bom;Seca;Meio de Quadra;N?úo H?í Controle;Residencial;0;0;3;0;1;0;0;0;0;1;0;0;-3,772818000000000;-38,469989000000000
248586;5;2;2015;07:00;12455;AV SEN FERNANDES TAVORA;RUA RIO GRANDE DO SUL;;0;;Choque c/ Obst?ículo Fixo;Luz do Dia;Nublado;Seca;Cruz;Sem?íforo;Misto;0;1;0;1;0;0;0;0;0;0;0;0;-3,768083000000000;-38,572159000000000
248587;5;2;2015;07:20;7805;RUA OSVALDO CRUZ (ALDEOTA);RUA FRANCISCO HOLANDA;;0;;Colis?úo Lateral;Luz do Dia;Bom;Seca;Cruz;Pare;Residencial;0;0;2;1;0;0;0;0;0;0;0;0;-3,748713000000000;-38,504543000000000
248588;5;2;2015;11:30;281;AV JOVITA FEITOSA;RUA PRO RAIMUNDO VITOR;;0;;Colis?úo Traseira;Luz do Dia;Bom;Seca;Cruz;Pare;Comercial;0;1;2;1;0;0;0;0;0;1;0;0;-3,741618000000000;-38,565085000000000
248580;5;2;2015;16:00;1375;AV SANTOS DUMONT;RUA BARBOSA DE FREITAS;;0;;Colis?úo Transversal;Luz do Dia;Bom;Seca;Cruz;Sem?íforo;Comercial;0;1;1;1;0;0;0;0;0;1;0;0;-3,736551000000000;-38,497363000000000
248577;5;2;2015;15:35;5303;AV SANTOS DUMONT;RUA DNA LEOPOLDINA;;0;;Colis?úo Lateral;Luz do Dia;Bom;Seca;Cruz;Sem?íforo;Misto;0;0;2;1;1;0;0;0;0;0;0;0;-3,729515000000000;-38,519029000000000
248575;5;2;2015;10:50;5411;AV DUQ CAXIAS;RUA BAR ARATANHA;;0;;Engavetamento;Luz do Dia;Bom;Seca;T;Pare;Misto;0;1;3;1;0;0;1;0;0;1;0;0;-3,732920000000000;-38,526380000000000
248594;5;2;2015;15:40;0;AV JOSE SABOIA;;;0;;Colis?úo Traseira;Luz do Dia;Bom;Seca;Meio de Quadra;N?úo H?í Controle;Comercial;0;0;2;1;0;0;1;0;0;0;0;0;;
248595;5;2;2015;19:15;0;AV JOSE BASTOS;;;6590;;Colis?úo Traseira;Via Iluminada;Bom;Seca;Meio de Quadra;N?úo H?í Controle;Misto;0;1;1;1;0;0;0;0;0;1;0;0;;
248596;5;2;2015;13:45;12925;AV DOMINGOS OLIMPIO;AV AGUANAMBI;;0;;Colis?úo Traseira;Luz do Dia;Bom;Seca;Cruz;Sem?íforo Intermitente;Comercial;0;0;2;1;0;0;0;0;0;0;0;0;-3,738683000000000;-38,524628000000000
248591;5;2;2015;13:00;0;AV JOSE SABOIA;;;0;;Colis?úo Traseira;Luz do Dia;Bom;Seca;;;Industrial;0;0;2;1;0;0;1;0;0;0;0;0;;
248611;5;2;2015;11:30;4021;AV PRO GOMES DE MATOS;RUA DES PRAXEDES;;0;;Colis?úo Transversal;Luz do Dia;Bom;Seca;Cruz;Sem?íforo;Comercial;0;1;1;1;0;0;0;0;0;0;0;0;-3,761872000000000;-38,546229000000000
248617;5;2;2015;11:37;0;AV PRS COSTA E SILVA;;;2145;;Choque c/ Obst?ículo Fixo;Luz do Dia;Bom;Seca;Meio de Quadra;;;0;1;0;1;0;0;0;0;0;0;0;0;-3,819269000000000;-38,562204000000000
248552;5;2;2015;13:50;15216;AV ABOLICAO;RUA VIS MAUA;;0;;Colis?úo Traseira;Luz do Dia;Bom;Seca;Cruz;Outros;Comercial;0;0;2;0;0;0;1;0;0;0;0;0;-3,727006000000000;-38,496477000000000
248545;5;2;2015;08:30;4021;AV PRO GOMES DE MATOS;RUA DES PRAXEDES;;0;;Colis?úo Traseira;Luz do Dia;Nublado;Seca;Cruz;Sem?íforo;Comercial;0;0;2;1;1;0;0;0;0;0;0;0;-3,761872000000000;-38,546229000000000
248546;5;2;2015;18:40;0;AV SANTOS DUMONT;;;0;;Colis?úo Traseira;Via Iluminada;Bom;Seca;Meio de Quadra;N?úo H?í Controle;Comercial;0;0;2;1;0;0;0;0;0;0;0;0;;
248547;5;2;2015;16:20;9131;AV 13 DE MAIO;RUA BAR ARATANHA;;0;;Engavetamento;Luz do Dia;Bom;Seca;Cruz;Sem?íforo;Comercial;0;0;3;1;0;0;0;0;0;0;0;0;-3,747615000000000;-38,531331000000000
248548;5;2;2015;13:50;5302;AV TRISTAO GONCALVES;RUA PEDRO I;;0;;Colis?úo Lateral;Luz do Dia;Bom;Seca;Cruz;Sem?íforo;Comercial;0;0;2;1;1;0;0;0;0;0;0;0;-3,729523000000000;-38,533927000000000
248571;5;2;2015;10:00;3810;RUA JUVENAL GALENO;RUA TEREZA CRISTINA;;0;;Colis?úo Transversal;Luz do Dia;Nublado;Seca;Cruz;Sem?íforo;Comercial;0;0;2;1;0;0;0;0;0;0;0;0;-3,738203000000000;-38,540098000000000
248569;5;2;2015;07:50;0;RUA CASTRO E SILVA;;;55;;Colis?úo Lateral;Luz do Dia;Bom;Seca;Meio de Quadra;N?úo H?í Controle;Comercial;0;0;2;1;1;0;0;0;0;0;0;0;-3,724298000000000;-38,526032000000000
248567;5;2;2015;22:30;19328;RUA EDUARDO PERDIGAO;RUA CON DE CASTRO;;0;;Colis?úo Transversal;Via Iluminada;Bom;Seca;Cruz;Pare;Comercial;0;1;1;1;1;0;0;0;0;0;0;0;-3,775579000000000;-38,564769000000000
248564;5;2;2015;19:45;0;RUA SAO PAULO;;;1886;;Colis?úo Traseira;Anoitecer;Bom;Seca;Meio de Quadra;N?úo H?í Controle;Residencial;0;0;2;1;0;0;0;0;0;0;0;0;-3,721325000000000;-38,541844000000000
248560;5;2;2015;14:20;3408;RUA DES PRAXEDES;RUA MATOS VASCONCELOS;;0;;Colis?úo Transversal;Luz do Dia;Bom;Seca;Cruz;Pare;Residencial;0;0;2;1;0;0;0;0;0;0;0;0;-3,755879000000000;-38,554688000000000
248561;5;2;2015;12:30;7718;AV JOSE BASTOS;AV CARNEIRO DE MENDONCA;;0;;Colis?úo Traseira;Luz do Dia;Bom;Seca;Cruz;Sem?íforo;Comercial;0;0;2;1;0;0;0;0;0;0;0;0;-3,764109000000000;-38,566759000000000
248562;5;2;2015;13:16;7718;AV CARNEIRO DE MENDONCA;AV JOSE BASTOS;;0;;Outros;Luz do Dia;Bom;Seca;Cruz;Pare;Comercial;0;0;2;1;0;0;0;0;0;0;0;0;-3,764109000000000;-38,566759000000000
248557;5;2;2015;08:00;0;RUA PEDRO PEREIRA;;;155;;Colis?úo Lateral;Luz do Dia;Nublado;Seca;Meio de Quadra;N?úo H?í Controle;Comercial;0;0;2;1;0;0;1;0;0;0;0;0;-3,730210000000000;-38,526906000000000
248555;5;2;2015;23:00;4339;AV ZEZE DIOGO;RUA FRANCISCO MONTE;;0;;Colis?úo Transversal;Via Iluminada;Bom;Seca;T;N?úo H?í Controle;Lazer;0;2;0;1;0;0;0;0;0;1;0;0;-3,714559000000000;-38,465825000000000
258730;5;2;2015;17:00;0;RD CE-040;;;0;KM-11;Colis?úo;Anoitecer;;Seca;Meio de Quadra;;;0;1;1;1;0;0;0;0;0;1;0;0;-3,844873000000000;-38,480252000000000
258732;5;2;2015;17:10;0;RD CE-065;;;0;KM-01;Colis?úo;Anoitecer;;;Meio de Quadra;;;0;0;2;1;0;0;0;0;0;0;0;0;;
258728;5;2;2015;08:00;0;RD CE-040;;;0;KM-09;Colis?úo;Luz do Dia;;Seca;Meio de Quadra;;;0;0;2;1;0;0;1;0;0;0;0;0;-3,824774000000000;-38,481431000000000
257227;5;2;2015;08:45;1574;RUA PDE VALDEVINO;RUA JOSE VILAR;;0;;;Luz do Dia;;;Cruz;Sem?íforo;Comercial;0;1;0;0;0;0;1;0;0;1;0;0;-3,742300000000000;-38,506779000000000
257230;5;2;2015;14:00;7217;TR JOAO TEIXEIRA;RUA VICENTE SABOIA;;0;;Choque c/ Obst?ículo Fixo;Luz do Dia;;;;;;0;1;0;1;0;0;0;0;0;0;0;0;-3,710214000000000;-38,559937000000000
260351;5;2;2015;00:43;9130;AV 13 DE MAIO;RUA SOLON PINHEIRO;;0;;Colis?úo;;;;T;N?úo H?í Controle;Lazer;0;1;1;1;0;0;0;0;0;0;0;0;-3,747100000000000;-38,531934000000000
260352;5;2;2015;01:45;0;AV ENG HUMBERTO MONTE;;;0;;Colis?úo;;;;Meio de Quadra;;;0;1;1;1;0;0;0;0;0;1;0;0;;
260371;5;2;2015;23:51;0;AV DIOGUINHO;;;0;;Colis?úo;;;;Meio de Quadra;;;0;1;1;1;0;0;0;0;0;1;0;0;;
260368;5;2;2015;23:12;0;RUA MAJ VERISSIMO;;;0;;Colis?úo;;;;Meio de Quadra;;;0;1;1;0;0;0;0;0;0;1;0;0;-3,720830000000000;-38,563096000000000
260369;5;2;2015;23:18;0;AV OLIVEIRA PAIVA;;;0;;Queda;;;;Meio de Quadra;;;0;1;0;0;0;0;0;0;0;1;0;0;-3,795651000000000;-38,496543000000000
260354;5;2;2015;07:22;0;RUA FRANCISCO HOLANDA;;;0;;Colis?úo;Luz do Dia;;;Meio de Quadra;;;0;1;1;1;0;0;0;0;0;1;0;0;;
260355;5;2;2015;07:38;1488;RUA ROCHA LIMA;RUA CARLOS VASCONCELOS;;0;;Colis?úo;Luz do Dia;;;Cruz;Pare;Residencial;0;1;1;1;0;1;0;0;0;0;0;0;-3,739419000000000;-38,512902000000000
260356;5;2;2015;09:29;0;AV AUGUSTO DOS ANJOS;;;0;;Colis?úo;Luz do Dia;;;Meio de Quadra;;;0;1;1;1;0;0;0;0;0;1;0;0;-3,775714000000000;-38,575233000000000
260357;5;2;2015;10:42;0;RUA ROSA CORDEIRO;;;0;;Atropelamento;Luz do Dia;;;Meio de Quadra;;;0;1;1;0;0;0;0;0;0;1;0;0;-3,772818000000000;-38,469989000000000
260358;5;2;2015;11:23;0;RUA PEREIRA FILGUEIRAS;;;0;;Colis?úo;Luz do Dia;;;Meio de Quadra;;;0;1;1;1;0;0;0;0;0;1;0;0;-3,726966000000000;-38,517176000000000
260359;5;2;2015;12:45;0;AV JOSE SABOIA;;;0;;Colis?úo;Luz do Dia;;;Meio de Quadra;;;0;1;1;1;0;0;0;0;0;0;0;0;;
260360;5;2;2015;17:33;0;RD BR 116;;;0;;Colis?úo;Anoitecer;;;Meio de Quadra;;;0;1;1;1;0;0;0;0;0;1;0;0;-3,772244000000000;-38,516525000000000
260361;5;2;2015;19:27;12652;RUA RIO PARAGUAI;AV MAJ ASSIS;;0;;Colis?úo;;;;Cruz;Pare;Residencial;0;1;1;0;0;0;0;0;0;1;0;0;-3,723988000000000;-38,584107000000000
260362;5;2;2015;09:48;0;AV MR HULL;;;0;;Atropelamento;Luz do Dia;;;Meio de Quadra;;;0;1;1;0;0;0;0;0;0;1;0;0;;
260363;5;2;2015;21:36;0;RUA GERMANO FRANCK;;;0;;Colis?úo;;;;Meio de Quadra;;;0;1;1;1;0;0;0;0;0;1;0;0;-3,775249000000000;-38,559647000000000
260364;5;2;2015;22:35;0;RUA CEL FABRICIANO;;;0;;Colis?úo;;;;Meio de Quadra;;;0;1;1;0;0;0;0;0;0;1;0;0;-3,778987000000000;-38,621645000000000
253487;5;2;2015;18:45;0;RD BR 116;;;5000;KM-05;Colis?úo Traseira;Anoitecer;Bom;Seca;Meio de Quadra;N?úo H?í Controle;Comercial;0;0;2;1;0;0;0;0;0;0;0;0;-3,796502000000000;-38,506787000000000
260147;5;2;2015;19:07;0;RUA DES LEITE ALBUQUERQUE;;;0;;Colis?úo;;;;Meio de Quadra;;;0;0;2;0;0;0;0;0;0;0;0;0;;
260205;6;2;2015;19:05;0;RUA TEN JURANDIR ALENCAR;;;0;;Colis?úo;;;;Meio de Quadra;;;0;0;2;0;1;0;0;0;0;0;0;0;;
260223;6;2;2015;20:22;0;AV GOV RAUL BARBOSA;;;0;;Colis?úo;;;;Meio de Quadra;;;0;0;2;0;0;0;0;0;0;0;0;0;;
260155;6;2;2015;11:01;0;AV ROGACIANO LEITE;;;900;;Colis?úo;Luz do Dia;;;Meio de Quadra;;;0;0;2;1;0;0;1;0;0;0;0;0;-3,764269000000000;-38,495042000000000
260159;6;2;2015;17:00;0;AV PRS COSTA E SILVA;;;0;;Colis?úo;Anoitecer;;;Meio de Quadra;;;0;0;2;0;1;0;0;0;0;0;0;0;;
260373;6;2;2015;06:59;0;AV OLIVEIRA PAIVA;;;0;;Queda;Luz do Dia;;;Meio de Quadra;;;0;1;0;0;0;0;0;0;0;1;0;0;-3,797419000000000;-38,500575000000000
260381;6;2;2015;11:16;0;RUA DUAS NACOES;;;0;;Colis?úo;Luz do Dia;;;Meio de Quadra;;;0;1;1;1;1;0;0;0;0;0;0;0;;
260382;6;2;2015;11:18;0;RUA TEN ELIEZER COSTA;;;0;;Colis?úo;Luz do Dia;;;Meio de Quadra;;;0;1;1;0;0;0;0;0;0;0;0;0;;
260383;6;2;2015;12:20;0;AV CARNEIRO DE MENDONCA;;;0;;Atropelamento;Luz do Dia;;;Meio de Quadra;;;0;1;1;0;0;0;0;0;0;1;0;0;-3,765497000000000;-38,563950000000000
260378;6;2;2015;11:09;0;RUA BRAGANCA;;;1089;;Colis?úo;Luz do Dia;;;Meio de Quadra;;;0;1;1;0;0;0;0;0;0;1;0;0;-3,782916000000000;-38,597148000000000
260375;6;2;2015;11:02;0;AV PRS COSTA E SILVA;;;0;;Colis?úo;Luz do Dia;;;Meio de Quadra;;;0;1;1;0;0;0;0;0;0;0;0;0;;
260510;6;2;2015;14:11;0;AV CEL CARVALHO;;;0;;Queda;Luz do Dia;;;Meio de Quadra;;;0;1;0;0;0;0;0;0;0;1;0;0;-3,710465000000000;-38,589695000000000
260511;6;2;2015;16:18;0;AV AGUANAMBI;;;272;JORNAL O POVO;Colis?úo;Luz do Dia;;;Meio de Quadra;;;1;0;1;1;0;0;0;0;0;1;0;0;-3,739144000000000;-38,524730000000000
260515;6;2;2015;16:59;0;AV 13 DE MAIO;;;0;;Colis?úo;Luz do Dia;;;Meio de Quadra;;;0;1;1;1;0;0;0;0;0;1;0;0;-3,745477000000000;-38,533845000000000
260529;6;2;2015;23:20;0;AV SEN FERNANDES TAVORA;;;0;;Colis?úo;;;;Meio de Quadra;;;0;1;1;1;0;0;0;0;0;1;0;0;-3,763060000000000;-38,580535000000000
260530;6;2;2015;23:26;0;RUA DR JOAQUIM BENTO;;;0;;Atropelamento;;;;Meio de Quadra;;;0;1;1;1;0;0;0;0;0;0;0;0;-3,828565000000000;-38,488213000000000
260517;6;2;2015;17:28;10094;RUA LUMINOSA;RUA ZACARIAS FLORINDO;;0;;Colis?úo;Anoitecer;;;;;;0;1;0;0;0;0;0;0;0;0;0;0;-3,784683000000000;-38,605447000000000
260518;6;2;2015;19:32;0;RUA FRANCO ROCHA;;;464;;Colis?úo;;;;Meio de Quadra;;;0;1;1;0;0;0;0;0;0;1;0;0;-3,754525000000000;-38,580811000000000
260521;6;2;2015;21:54;2479;AV CEL CARVALHO;RUA FLORENCIO ALENCAR;;0;;Colis?úo;;;;Cruz;N?úo H?í Controle;;0;1;1;1;0;0;0;0;0;1;0;0;;
260524;6;2;2015;22:39;0;AV GAL OSORIO DE PAIVA;;;0;;Atropelamento;;;;Meio de Quadra;;;0;1;1;1;0;0;0;0;0;0;0;0;-3,777382000000000;-38,569283000000000
260526;6;2;2015;22:58;0;RUA 127 CJ CEARA;;;0;;Queda;;;;Meio de Quadra;;;0;1;0;0;0;0;0;0;0;1;0;0;;
257234;6;2;2015;09:45;0;RUA GERMANO FRANCK;;;935;;Colis?úo;Luz do Dia;;;Meio de Quadra;;;0;1;0;1;0;0;0;0;0;1;0;0;-3,779024000000000;-38,564127000000000
257236;6;2;2015;21:10;25335;AV WASHINGTON SOARES;RUA EGIDIO DE OLIVEIRA;;0;;Colis?úo;;;;T;;Comercial;0;1;0;1;0;0;1;0;0;0;0;0;-3,810766000000000;-38,478714000000000
274706;6;2;2015;08:55;19377;RUA EDUARDO PERDIGAO;RUA GERMANO FRANCK;;0;;Colis?úo Lateral;Luz do Dia;Bom;Seca;Cruz;Sem?íforo;Residencial;0;0;2;1;1;0;0;0;0;0;0;0;;
258733;6;2;2015;13:00;0;RD CE-040;;;0;KM-07;Colis?úo;Luz do Dia;Bom;Seca;Meio de Quadra;N?úo H?í Controle;;0;0;3;1;0;0;0;0;0;0;0;0;-3,817953000000000;-38,483160000000000
258734;6;2;2015;15:00;0;RD CE-040;;;0;KM-09;Colis?úo;Luz do Dia;;Seca;Meio de Quadra;;;0;0;2;1;0;0;0;0;0;0;0;0;-3,824774000000000;-38,481431000000000
248572;6;2;2015;19:30;1716;AV GOV RAUL BARBOSA;RUA CAP ARAGAO;;0;;Colis?úo Traseira;Via Iluminada;Bom;Seca;Cruz;Sem?íforo;Misto;0;1;1;1;0;0;0;0;0;1;0;0;-3,763977000000000;-38,508802000000000
248615;6;2;2015;13:50;0;RUA SEN ALENCAR;;;248;;Colis?úo Lateral;Luz do Dia;Bom;Seca;Meio de Quadra;N?úo H?í Controle;Comercial;0;1;2;1;0;0;0;0;0;1;0;0;-3,724855000000000;-38,527830000000000
248592;6;2;2015;09:00;17375;AV JOSE DO PATROCINIO;RUA ALAN KARDEC;;0;;Colis?úo Traseira;Luz do Dia;Bom;Seca;Duplo T;Pare;Comercial;0;1;1;0;0;0;0;1;0;1;0;0;-3,766831000000000;-38,547462000000000
248593;6;2;2015;12:30;0;AV 13 DE MAIO;;;2400;;Colis?úo Traseira;Luz do Dia;Bom;Seca;Meio de Quadra;Sem?íforo;Escola;0;0;2;1;0;0;0;0;0;0;0;0;-3,741992000000000;-38,537898000000000
248605;6;2;2015;19:00;0;RUA COSTA BARROS;;;1227;;Colis?úo Lateral;Amanhecer;Bom;Seca;Outros;Outros;Comercial;0;0;2;1;0;0;0;0;0;0;0;0;-3,730109000000000;-38,512305000000000
248607;6;2;2015;13:30;0;RUA GERMANO FRANCK;;;860;;Colis?úo Lateral;Luz do Dia;Bom;Seca;Meio de Quadra;N?úo H?í Controle;Misto;0;0;2;1;0;0;1;0;0;0;0;0;-3,778750000000000;-38,563808000000000
248609;6;2;2015;15:25;0;RUA JULIO LIMA;AV DES GONZAGA;;501;;Colis?úo Frontal;Luz do Dia;Bom;Seca;Meio de Quadra;N?úo H?í Controle;Residencial;0;0;2;1;0;0;0;0;0;1;0;0;-3,796209000000000;-38,500551000000000
248597;6;2;2015;08:15;0;AV IMPERADOR;;;0;;Colis?úo Lateral;Luz do Dia;Bom;Seca;Meio de Quadra;Outros;Comercial;0;0;2;1;1;0;0;0;0;0;0;0;;
248576;6;2;2015;17:00;0;RUA BAR AQUIRAZ;;;1000;;Colis?úo Frontal;Mal Iluminada;Bom;Seca;Meio de Quadra;N?úo H?í Controle;Comercial;0;1;1;0;0;0;0;0;0;1;0;0;-3,837508000000000;-38,487948000000000
248574;6;2;2015;23:00;24984;AV ALM HENRIQUE SABOIA;RUA BENTO ALBUQUERQUE;;0;;Colis?úo Lateral;Via Iluminada;Bom;Seca;T;N?úo H?í Controle;Residencial;0;0;2;1;0;0;0;0;0;0;0;0;-3,742019000000000;-38,488529000000000
248578;6;2;2015;18:00;0;AV ENG SANTANA JUNIOR;;;1002;;Colis?úo Lateral;Anoitecer;Bom;Seca;Meio de Quadra;Sem?íforo;Comercial;0;0;2;0;1;0;0;0;0;0;0;0;;
248581;6;2;2015;15:30;0;AV DOS EXPEDICIONARIOS;;;3144;23-BC;Engavetamento;Luz do Dia;Bom;Seca;Meio de Quadra;N?úo H?í Controle;Comercial;0;1;3;1;0;0;0;0;0;0;0;0;-3,746232000000000;-38,535500000000000
248589;6;2;2015;06:15;0;AV SANTOS DUMONT;RUA JOAQUIM NABUCO;;2626;;Outros;Luz do Dia;Bom;Seca;Meio de Quadra;Sem?íforo;Comercial;0;0;1;0;1;0;0;0;0;0;0;0;-3,735269000000000;-38,501363000000000
248590;6;2;2015;14:20;9168;AV BORGES DE MELO;AV LUCIANO CARNEIRO;;0;;Colis?úo Lateral;Luz do Dia;Bom;Seca;Cruz;Sem?íforo;Comercial;0;0;2;1;0;0;0;1;0;0;0;0;-3,756465000000000;-38,534097000000000
248585;6;2;2015;19:15;6721;AV ENG SANTANA JUNIOR;RUA BENTO ALBUQUERQUE;;0;;Atropelamento;Via Iluminada;Bom;Seca;Cruz;Sem?íforo;Misto;0;2;0;0;0;0;0;0;0;1;0;0;-3,742678000000000;-38,486538000000000
253445;6;2;2015;17:50;0;RD BR 116;;;5000;KM-05;Colis?úo Traseira;Anoitecer;Bom;Seca;Meio de Quadra;N?úo H?í Controle;;0;0;2;0;0;0;0;0;0;1;0;0;-3,796502000000000;-38,506787000000000
248642;6;2;2015;18:42;23558;RUA JOSE JUSTA;RUA EVARISTO REIS;;0;;Colis?úo Transversal;Anoitecer;Bom;Seca;T;Pare;Residencial;0;1;1;1;0;0;0;0;0;1;0;0;-3,761416000000000;-38,508235000000000
248678;6;2;2015;15:30;25029;AV CEL CARVALHO;RUA TEN ELIEZER COSTA;;0;;Colis?úo Transversal;Luz do Dia;Bom;Seca;Cruz;Pare;Comercial;0;1;1;0;0;0;0;0;0;1;0;0;-3,710718000000000;-38,589633000000000
248657;6;2;2015;09:30;3316;RUA VIRIATO RIBEIRO;RUA CHILE;;0;;Colis?úo Transversal;Luz do Dia;Bom;Seca;Cruz;Pare;Residencial;0;0;2;1;0;0;0;0;0;0;0;0;-3,746178000000000;-38,565276000000000
248658;6;2;2015;13:40;12745;RUA JULIO CESAR D12;RUA ANA NERY;;0;;Colis?úo Transversal;Luz do Dia;Bom;Seca;Cruz;Pare;Comercial;0;1;2;1;0;0;0;0;0;0;0;0;-3,751712000000000;-38,544349000000000
248675;6;2;2015;13:50;22073;RUA JOSE FACANHA;RUA MAJ PEDRO SAMPAIO;;0;;Colis?úo Transversal;Luz do Dia;Bom;Seca;Cruz;Pare;Misto;0;0;2;1;0;0;0;0;0;0;0;0;-3,751200000000000;-38,558312000000000
248653;6;2;2015;09:30;0;AV JOVITA FEITOSA;;;185;;Engavetamento;Luz do Dia;Bom;Seca;Meio de Quadra;N?úo H?í Controle;Comercial;0;0;3;1;0;0;0;0;0;0;0;0;-3,737603000000000;-38,545574000000000