COD_ACIDENTE;DIA;MES;ANO;HORA;INTERSECAO;LOG1;LOG2;LOG3;NUMERO;REFERENCIA;NATUREZA;ILUMINACAO;TEMPO;SUPERFICIEPISTA;TIPOCRUZAMENTO;CONTROLETRAFEGO;USOSOLO;MORTOS;FERIDOS;ILESOS;AUTOMOVEL;ONIBUS;BICICLETA;CAMINHAO;MICROONIBUS;CICLOMOTOR;MOTOCICLETA;TRACAOANIMAL;TREM;LATITUDE;LONGITUDE
248655;6;2;2015;11:30;3860;AV DA UNIVERSIDADE;AV 13 DE MAIO;;0;;Colis?úo Lateral;Luz do Dia;Bom;Seca;Cruz;Sem?íforo;Comercial;0;0;2;1;0;0;0;0;0;1;0;0;-3,740962000000000;-38,539107000000000
248681;6;2;2015;13:45;7775;AV BAR STUDART;AV ANTONIO SALES;;0;;Colis?úo Traseira;Luz do Dia;Bom;Seca;Cruz;Sem?íforo Intermitente;Comercial;0;0;2;1;0;0;0;0;0;0;0;0;-3,743288000000000;-38,509378000000000
248649;6;2;2015;19:15;8931;RUA ANTONIO POMPEU;RUA JUSTINIANO DE SERPA;;0;;Colis?úo Lateral;Via Iluminada;Bom;Seca;Cruz;Pare;Comercial;0;0;2;1;0;0;0;0;0;0;0;0;-3,732034000000000;-38,542672000000000
248650;6;2;2015;08:00;5318;RUA GAL CLARINDO DE QUEIROZ;RUA PDE IBIAPINA;;0;;Colis?úo Transversal;Luz do Dia;Bom;Seca;Cruz;Pare;Comercial;0;0;2;1;0;0;0;0;0;1;0;0;-3,729518000000000;-38,540084000000000
248660;6;2;2015;11:15;10005;RUA DUAS NACOES;RUA TAQUARI;;0;;Colis?úo Transversal;Luz do Dia;Bom;Seca;Cruz;Pare;Residencial;0;1;2;0;1;0;0;0;0;1;0;0;-3,776149000000000;-38,601822000000000
248633;6;2;2015;16:40;9147;RUA DOM SEBASTIAO LEME;RUA CARLOS RIBEIRO;;0;;Colis?úo Transversal;Luz do Dia;Bom;Seca;Cruz;Pare;Residencial;0;0;2;1;0;0;0;0;0;1;0;0;-3,746500000000000;-38,526198000000000
248634;6;2;2015;20:00;0;RUA MAL BITENCOURT;;;1019;;Atropelamento;Via Iluminada;Bom;Seca;Meio de Quadra;N?úo H?í Controle;Comercial;0;2;0;0;0;0;0;0;0;1;0;0;-3,792521000000000;-38,530173000000000
248635;6;2;2015;15:30;11630;RUA PRO HERIBALDO COSTA;RUA BOA VISTA;;0;;Colis?úo Transversal;Luz do Dia;Bom;Seca;Cruz;Pare;Residencial;0;1;1;1;0;0;0;0;0;1;0;0;-3,767974000000000;-38,588035000000000
248630;6;2;2015;19:05;22994;AV DR SILAS MUNGUBA;RUA ANTONIO BENTO;;0;;Colis?úo Traseira;Via Iluminada;Bom;Seca;Cruz;Pare;Comercial;0;1;3;1;1;0;0;0;0;1;0;0;;
248639;6;2;2015;08:45;0;AV CARAPINIMA;;;2415;;Colis?úo Traseira;Luz do Dia;Bom;Seca;Meio de Quadra;N?úo H?í Controle;Comercial;0;0;2;1;0;0;0;0;0;0;0;0;-3,740648000000000;-38,540886000000000
248627;6;2;2015;17:50;0;AV AGUANAMBI;;;0;ROTAT?ôRIA;Colis?úo Lateral;Via Iluminada;Bom;Seca;Meio de Quadra;N?úo H?í Controle;Comercial;0;0;2;1;0;0;1;0;0;0;0;0;-3,755538000000000;-38,523043000000000
248619;6;2;2015;22:00;3771;AV DOMINGOS OLIMPIO;AV DA UNIVERSIDADE;;0;;Colis?úo Lateral;Via Iluminada;Bom;Seca;Cruz;Sem?íforo;Comercial;0;0;2;1;0;0;0;0;0;0;0;0;-3,735594000000000;-38,534216000000000
263768;6;2;2015;09:27;0;RUA PRC ISABEL;;;1139;;Colis?úo;Luz do Dia;;;Meio de Quadra;;;0;0;2;0;0;0;0;0;0;0;0;0;-3,730838000000000;-38,536765000000000
263769;6;2;2015;10:40;7847;RUA JOAQUIM SA;RUA JOSE VILAR;;0;;Colis?úo;Luz do Dia;;;Cruz;Pare;Residencial;0;0;2;0;0;0;0;0;0;0;0;0;-3,748119000000000;-38,508665000000000
263770;6;2;2015;11:03;0;AV CASTELO DE CASTRO;;;136;;Colis?úo;Luz do Dia;;;Meio de Quadra;;;0;0;2;0;0;0;0;0;0;0;0;0;-3,830129000000000;-38,521467000000000
263771;6;2;2015;11:04;0;AV JOR THOMAZ COELHO;;;0;;Atropelamento;Luz do Dia;;;Meio de Quadra;;;0;0;2;0;0;0;0;0;0;0;0;0;;
263772;6;2;2015;11:06;1900;RUA MARIA QUINTINO;RUA AUGUSTA BENEVIDES;;0;;Choque c/ Obst?ículo Fixo;Luz do Dia;;;Cruz;N?úo H?í Controle;Comercial;0;0;1;0;0;0;0;0;0;0;0;0;-3,849445000000000;-38,499690000000000
263773;6;2;2015;11:53;0;AV N CJ JOSE WALTER;;;1478;;Colis?úo;Luz do Dia;;;Meio de Quadra;;;0;0;2;0;0;0;0;0;0;0;0;0;-3,834365000000000;-38,560894000000000
263774;6;2;2015;12:18;0;RUA PASSEIO DOS CAJUEIROS;;;0;;Colis?úo;Luz do Dia;;;Meio de Quadra;;;0;0;2;0;0;0;0;0;0;0;0;0;;
263775;6;2;2015;13:53;15848;RUA CEL GUILHERME ALENCAR;RUA PDE SEVERIANO;;0;;Colis?úo;Luz do Dia;;;;;;0;0;2;0;0;0;0;0;0;0;0;0;-3,833499000000000;-38,492064000000000
263776;6;2;2015;14:34;5130;RUA CASTRO E SILVA;RUA FLORIANO PEIXOTO;;0;;Colis?úo;Luz do Dia;;;Duplo T;Pare;Comercial;0;0;2;0;0;0;0;0;0;0;0;0;-3,724272000000000;-38,526110000000000
263777;6;2;2015;14:38;0;AV DES MOREIRA;;;3050;;Colis?úo;Luz do Dia;;;Meio de Quadra;;;0;0;2;0;0;0;0;0;0;0;0;0;-3,754164000000000;-38,504221000000000
263778;6;2;2015;15:04;25643;RUA CON DE CASTRO;RUA TULIPA NEGRA;;0;;Colis?úo;Luz do Dia;;;T;Pare;Rural;0;0;2;0;0;0;0;0;0;0;0;0;-3,817310000000000;-38,600788000000000
263779;6;2;2015;15:04;0;RUA JOSE MENDONCA;;;524;;Colis?úo;Luz do Dia;;;Meio de Quadra;;;0;0;2;0;0;0;0;0;0;0;0;0;-3,757839000000000;-38,602317000000000
263780;6;2;2015;16:29;0;RUA CON DE CASTRO;;;6014;;Colis?úo;Luz do Dia;;;Meio de Quadra;;;0;0;3;0;0;0;0;0;0;0;0;0;-3,815077000000000;-38,599151000000000
263781;6;2;2015;16:52;0;RUA 03 UI;;;137;;Colis?úo;Luz do Dia;;;Meio de Quadra;;;0;0;2;0;0;0;0;0;0;0;0;0;;
263782;6;2;2015;19:54;12032;AV CASTELO DE CASTRO;AV BULEVAR I;;0;;Atropelamento;;;;Cruz;Pare;Comercial;0;0;2;0;0;0;0;0;0;0;0;0;-3,833689000000000;-38,521582000000000
263783;6;2;2015;20:15;0;RUA CEL MATOS DOURADO;;;0;;Colis?úo;;;;Meio de Quadra;;;0;0;2;0;0;0;0;0;0;0;0;0;;
263784;6;2;2015;20:31;0;AV ALM HENRIQUE SABOIA;;;1028;;Colis?úo;;;;Meio de Quadra;;;0;0;2;0;0;0;0;0;0;0;0;0;;
263785;6;2;2015;20:44;0;AV MAJ ASSIS;;;1624;;Colis?úo;;;;Meio de Quadra;;;0;0;2;0;0;0;0;0;0;0;0;0;-3,722238000000000;-38,593910000000000
263786;6;2;2015;20:46;0;RUA MONTE LIBANO;;;1069;;Colis?úo;;;;Meio de Quadra;;;0;0;2;0;0;0;0;0;0;0;0;0;-3,829352000000000;-38,565546000000000
263787;6;2;2015;21:32;0;RUA 03 UI 508;;;5679;;Colis?úo;;;;Meio de Quadra;;;0;0;2;0;0;0;0;0;0;0;0;0;;
263791;6;2;2015;23:07;0;AV PRS COSTA E SILVA;;;0;;Colis?úo;;;;Meio de Quadra;;;0;0;2;0;0;0;0;0;0;0;0;0;;
259784;6;2;2015;14:33;15313;RUA ANA BILHAR;RUA VICENTE LEITE;;0;;Colis?úo;Luz do Dia;;;Cruz;Pare;Residencial;0;0;2;1;0;0;1;0;0;0;0;0;-3,730261000000000;-38,493215000000000
259743;6;2;2015;08:40;25455;RUA PEDRO LAZAR;AV ENG JOS?ë GUIMAR?âES;;0;;Colis?úo;Luz do Dia;;;Cruz;Pare;Residencial;0;0;2;1;0;0;0;0;0;1;0;0;;
259760;6;2;2015;12:42;0;RUA VITAL BRASIL;;;0;;Colis?úo;Luz do Dia;;;Meio de Quadra;;;0;0;2;1;0;0;1;0;0;0;0;0;;
259808;6;2;2015;22:43;19831;AV ENG HUMBERTO MONTE;RUA MOREIRA DE SOUSA;;0;;Colis?úo;;;;Cruz;Outros;Residencial;0;0;2;1;0;0;0;0;0;0;0;0;-3,741592000000000;-38,566942000000000
259892;6;2;2015;18:00;0;RUA ROSA CORDEIRO;;;80;;Atropelamento;Anoitecer;;;Meio de Quadra;;;1;0;1;0;0;0;0;0;0;1;0;0;-3,772818000000000;-38,469989000000000
259810;7;2;2015;07:01;24208;RUA OLIVEIRA VIANA;RUA JOSE CARLOS GURGEL NOGUEIRA;;0;;Colis?úo;Luz do Dia;;;;;;0;0;2;1;1;0;0;0;0;0;0;0;-3,732376000000000;-38,473521000000000
259817;7;2;2015;14:07;9176;AV EDUARDO GIRAO;AV AGUANAMBI;;0;;Colis?úo;Luz do Dia;;;Rotat??ria;Cancela;Comercial;0;0;2;1;0;0;0;0;0;0;0;0;-3,755303000000000;-38,523639000000000
263800;7;2;2015;03:14;0;RUA SABIAGUABA;;;690;;Choque c/ Obst?ículo Fixo;;;;Meio de Quadra;;;0;0;1;0;0;0;0;0;0;0;0;0;-3,781814000000000;-38,436493000000000
263804;7;2;2015;08:03;0;RUA RUI MONTE;;;1070;;Colis?úo;Luz do Dia;;;Meio de Quadra;;;0;0;2;0;0;0;0;0;0;0;0;0;;
263807;7;2;2015;08:50;6743;AV SANTOS DUMONT;RUA ALMEIDA PRADO;;0;;Colis?úo;Luz do Dia;;;Cruz;Sem?íforo;Comercial;0;0;2;0;0;0;0;0;0;0;0;0;-3,743712000000000;-38,475153000000000
263809;7;2;2015;09:30;24270;RUA DELMIRO GOUVEIA;RUA PEREIRA VALENTE;;0;;Colis?úo;Luz do Dia;;;Cruz;Pare;Residencial;0;0;2;0;0;0;0;0;0;0;0;0;-3,734817000000000;-38,488125000000000
263817;7;2;2015;09:46;0;RUA CARLOS RIBEIRO;;;562;;Colis?úo;Luz do Dia;;;Meio de Quadra;;;0;0;2;0;0;0;0;0;0;0;0;0;-3,746692000000000;-38,527734000000000
263820;7;2;2015;10:35;0;AV C CJ JOSE WALTER;AV JOAO DE ARAUJO LIMA;;0;;Atropelamento;Luz do Dia;;;;Sem?íforo;Residencial;0;0;2;0;0;0;0;0;0;0;0;0;;
263824;7;2;2015;12:32;0;AV DIOGUINHO;;;0;;Atropelamento;Luz do Dia;;;Meio de Quadra;;;0;0;2;0;0;0;0;0;0;0;0;0;;
263825;7;2;2015;10:30;0;RUA CON DE CASTRO;;;5216;;Colis?úo;Luz do Dia;;;Meio de Quadra;;;0;0;2;0;0;0;0;0;0;0;0;0;-3,808913000000000;-38,595399000000000
263827;7;2;2015;14:16;0;TR TR ANTENOR ALMEIDA;;;92;;Colis?úo;Luz do Dia;;;Meio de Quadra;;;0;0;2;0;0;0;0;0;0;0;0;0;;
263829;7;2;2015;14:35;0;RUA JAIME BENEVOLO;;;0;;Colis?úo;Luz do Dia;;;Meio de Quadra;;;0;0;2;0;0;0;0;0;0;0;0;0;;
263830;7;2;2015;14:45;5436;RUA JAIME BENEVOLO;RUA GAL CLARINDO DE QUEIROZ;;0;;Colis?úo;Luz do Dia;;;Cruz;Pare;Comercial;0;0;2;0;0;0;0;0;0;0;0;0;-3,734060000000000;-38,526017000000000
263831;7;2;2015;14:47;15308;RUA REPUBLICA DO LIBANO;RUA TIBURCIO CAVALCANTE;;0;;Colis?úo;Luz do Dia;;;Cruz;D?¬ Prefer?¬ncia;Residencial;0;0;2;0;0;0;0;0;0;0;0;0;-3,730002000000000;-38,500668000000000
263832;7;2;2015;14:51;1658;RUA BENI DE CARVALHO;RUA MON CATAO;;0;;Colis?úo;Luz do Dia;;;Cruz;Pare;Comercial;0;0;2;0;0;0;0;0;0;0;0;0;-3,746618000000000;-38,493113000000000
263833;7;2;2015;15:54;0;AV PRS CASTELO BRANCO;;;4246;;Atropelamento;Luz do Dia;;;Meio de Quadra;;;0;0;2;0;0;0;0;0;0;0;0;0;-3,707681000000000;-38,570320000000000
263834;7;2;2015;16:24;0;RUA TIBURCIO CAVALCANTE;;;500;;Colis?úo;Luz do Dia;;;Meio de Quadra;;;0;0;2;0;0;0;0;0;0;0;0;0;;
263836;7;2;2015;16:43;9995;RUA AIRES DA CUNHA;RUA EMILIO DE MENESES;;0;;Colis?úo;Luz do Dia;;;Cruz;Pare;Residencial;0;0;2;0;0;0;0;0;0;0;0;0;-3,777019000000000;-38,604241000000000
263838;7;2;2015;16:44;0;RUA ALBERTO FERREIRA;;;1579;;Colis?úo;Luz do Dia;;;Meio de Quadra;;;0;0;2;0;0;0;0;0;0;0;0;0;;
263841;7;2;2015;16:52;0;AV F CJ ESPERANCA;;;102;;Colis?úo;Luz do Dia;;;Meio de Quadra;;;0;0;2;0;0;0;0;0;0;0;0;0;-3,815768000000000;-38,586844000000000
263842;7;2;2015;18:41;12479;AV AUGUSTO DOS ANJOS;RUA PERDIGAO DE OLIVEIRA;;0;;Colis?úo;;;;Cruz;Sem?íforo;Misto;0;0;2;0;0;0;0;0;0;0;0;0;-3,775131000000000;-38,574712000000000
263843;7;2;2015;18:44;0;AV ENG HUMBERTO MONTE;;;0;;Colis?úo;;;;Meio de Quadra;;;0;0;2;0;0;0;0;0;0;0;0;0;;
263844;7;2;2015;18:47;0;AV BEZERRA DE MENEZES;;;1571;;Colis?úo;;;;Meio de Quadra;;;0;0;2;0;0;0;0;0;0;0;0;0;-3,734465000000000;-38,558731000000000
263846;7;2;2015;18:49;0;AV PASTEUR;;;1137;;Atropelamento;;;;Meio de Quadra;;;0;0;2;0;0;0;0;0;0;0;0;0;-3,715548000000000;-38,560307000000000
263856;7;2;2015;19:42;2726;RUA OSCAR ARARIPE;RUA ITU;;0;;Colis?úo;;;;Cruz;Pare;Residencial;0;0;2;0;0;0;0;0;0;0;0;0;-3,790208000000000;-38,602413000000000
263857;7;2;2015;19:49;15170;RUA JOSE VILAR;AV ABOLICAO;;0;;Colis?úo;;;;Cruz;Pare;Residencial;0;0;2;0;0;0;0;0;0;0;0;0;-3,725435000000000;-38,501373000000000
263862;7;2;2015;20:24;25000;AV DOM MANUEL;RUA COSTA BARROS;;0;;Colis?úo;;;;Cruz;Sem?íforo;Residencial;0;0;2;0;0;0;0;0;0;0;0;0;-3,727381000000000;-38,520793000000000
263863;7;2;2015;21:02;0;RUA MANOEL VIRINO;;;36;;Choque c/ Obst?ículo Fixo;;;;Meio de Quadra;;;0;0;2;0;0;0;0;0;0;0;0;0;;
263864;7;2;2015;21:03;0;RUA PDE PEDRO DE ALENCAR;;;1530;;Colis?úo;;;;Meio de Quadra;;;0;0;2;0;0;0;0;0;0;0;0;0;-3,841788000000000;-38,494300000000000
263865;7;2;2015;21:09;0;RUA MON AGOSTINHO;;;800;;Colis?úo;;;;Meio de Quadra;;;0;0;2;0;0;0;0;0;0;0;0;0;;
263866;7;2;2015;21:15;0;RUA BETA CJ VILA VELHA;;;0;;Colis?úo;;;;Meio de Quadra;;;0;0;2;0;0;0;0;0;0;0;0;0;;
263867;7;2;2015;21:18;0;AV F CJ CEARA;;;0;;Colis?úo;;;;Meio de Quadra;;;0;0;2;0;0;0;0;0;0;0;0;0;;
263848;7;2;2015;19:16;0;RUA LAGO AZUL;;;265;;Colis?úo;;;;Meio de Quadra;;;0;0;2;0;0;0;0;0;0;0;0;0;;
263860;7;2;2015;19:58;25648;RUA EDGAR FALCAO;RUA FRE ODILON;;0;;Colis?úo;;;;;;;0;0;2;0;0;0;0;0;0;0;0;0;-3,732485000000000;-38,572629000000000
263932;7;2;2015;21:40;0;RUA ROSINHA SAMPAIO;;;1596;;Colis?úo;;;;Meio de Quadra;;;0;0;2;0;0;0;0;0;0;0;0;0;-3,725511000000000;-38,592973000000000
263937;7;2;2015;21:55;5709;AV DES GONZAGA;AV OLIVEIRA PAIVA;;0;;Colis?úo;;;;Cruz;Sem?íforo;Lazer;0;0;2;0;0;0;0;0;0;0;0;0;-3,797165000000000;-38,499953000000000
263938;7;2;2015;21:57;12496;AV CARNEIRO DE MENDONCA;AV LINEU MACHADO;;0;;Choque c/ Obst?ículo Fixo;;;;T;Sem?íforo;Comercial;0;0;1;0;0;0;0;0;0;0;0;0;-3,760403000000000;-38,574021000000000
263940;7;2;2015;22:32;0;RUA PORTO ALEGRE;;;1510;;Colis?úo;;;;Meio de Quadra;;;0;0;2;0;0;0;0;0;0;0;0;0;-3,759619000000000;-38,591771000000000
263941;7;2;2015;22:36;0;RUA OTACILIO AMARAL;;;0;;Colis?úo;;;;Meio de Quadra;;;0;0;2;0;0;0;0;0;0;0;0;0;;
263942;7;2;2015;23:05;19669;RUA PRO RAIMUNDO ARRUDA;RUA GUSTAVO SAMPAIO;;0;;Colis?úo;;;;Cruz;Pare;Residencial;0;0;2;0;0;0;0;0;0;0;0;0;-3,734328000000000;-38,551915000000000
263947;7;2;2015;23:37;0;AV AGUANAMBI;;;0;;Colis?úo;;;;Meio de Quadra;;;0;0;2;0;0;0;0;0;0;0;0;0;;
263944;7;2;2015;23:08;0;AV CENTRAL OESTE;;;0;;Choque c/ Obst?ículo Fixo;;;;Meio de Quadra;;;0;0;1;0;0;0;0;0;0;0;0;0;;
248620;7;2;2015;10:15;0;AV JOR THOMAZ COELHO;;;0;;Colis?úo Lateral;Luz do Dia;Bom;Seca;Meio de Quadra;N?úo H?í Controle;Misto;0;1;1;1;0;0;0;0;0;1;0;0;;
248621;7;2;2015;12:35;1623;AV SEN VIRGILIO TAVORA;RUA GAL TERTULIANO POTYGUARA;;0;;Colis?úo;Luz do Dia;Bom;Seca;T;Pare;Misto;0;1;1;0;0;0;0;0;0;1;0;0;-3,744710000000000;-38,495684000000000
248618;7;2;2015;12:20;0;RUA PDE BARBOSA DE JESUS;;;799;;Colis?úo Traseira;Luz do Dia;Bom;Seca;Meio de Quadra;N?úo H?í Controle;Residencial;0;1;1;1;0;0;0;0;0;1;0;0;;
248676;7;2;2015;;0;AV AGUANAMBI;;;0;;Colis?úo Lateral;Via Iluminada;Bom;Seca;Meio de Quadra;Sem?íforo;Comercial;0;1;1;1;0;0;0;0;0;1;0;0;;
248598;7;2;2015;02:21;0;AV SANTOS DUMONT;;;8997;;Colis?úo;Via Iluminada;Bom;Seca;Meio de Quadra;N?úo H?í Controle;Residencial;0;1;1;1;0;0;0;0;0;0;0;0;;
248599;7;2;2015;14:00;25068;AV DOS EXPEDICIONARIOS;RUA STA QUITERIA;;0;;Colis?úo Transversal;Luz do Dia;Bom;Seca;Cruz;Sem?íforo;Residencial;0;1;2;1;0;0;0;0;0;1;0;0;-3,759299000000000;-38,539477000000000
248600;7;2;2015;12:10;0;AV SANTOS DUMONT;;;0;;Colis?úo Transversal;Luz do Dia;Bom;Seca;Outros;N?úo H?í Controle;Misto;0;0;2;1;0;0;0;0;0;0;0;0;;
248601;7;2;2015;06:23;1250;AV BAR STUDART;RUA COSTA BARROS;;0;;Choque c/ Obst?ículo Fixo;Luz do Dia;Bom;;Cruz;Sem?íforo;Comercial;0;0;1;1;0;0;0;0;0;0;0;0;-3,732231000000000;-38,505837000000000
248602;7;2;2015;04:20;5351;AV IMPERADOR;RUA GAL CLARINDO DE QUEIROZ;;0;;Colis?úo Transversal;Amanhecer;Bom;Seca;Cruz;Sem?íforo;Comercial;0;1;1;1;0;0;0;0;0;1;0;0;-3,730962000000000;-38,535566000000000
248603;7;2;2015;06:30;10420;RUA DAS PEDRINHAS;RUA LUIZ MARIANO;;0;;Colis?úo Transversal;Luz do Dia;Bom;Seca;Cruz;N?úo H?í Controle;Residencial;0;2;1;1;0;0;0;0;0;1;0;0;-3,761937000000000;-38,600122000000000
248604;7;2;2015;14:50;14711;RUA JOAO AREAS;RUA SUICA;;0;;Colis?úo Transversal;Luz do Dia;Bom;Seca;Cruz;N?úo H?í Controle;Residencial;0;1;1;1;0;0;0;0;0;1;0;0;-3,793895000000000;-38,576036000000000
248610;7;2;2015;14:00;13593;AV PONTES VIEIRA;RUA FIS VIEIRA;;0;;Colis?úo Traseira;Luz do Dia;Bom;Seca;Com Via F?®rrea;Pare;Comercial;0;0;2;1;0;0;0;1;0;0;0;0;-3,753016000000000;-38,516023000000000
248608;7;2;2015;14:50;9952;RUA EMILIO DE MENESES;RUA JOSE TORRES;;0;;Colis?úo Lateral;Luz do Dia;Bom;Seca;Cruz;Pare;Comercial;0;1;1;0;0;1;1;0;0;0;0;0;-3,776425000000000;-38,606283000000000
248606;7;2;2015;02:10;0;AV JOR THOMAZ COELHO;;;1860;;Colis?úo Lateral;Via Iluminada;Bom;Seca;Meio de Quadra;N?úo H?í Controle;Misto;0;1;1;1;0;0;0;0;0;1;0;0;-3,829076000000000;-38,511822000000000
248616;7;2;2015;13:00;0;RUA SOLON PINHEIRO;;;0;;Atropelamento;Luz do Dia;Bom;Seca;Meio de Quadra;Sem?íforo;Comercial;0;1;1;1;0;0;0;0;0;0;0;0;;
248612;7;2;2015;14:00;2523;AV FRANCISCO SA;RUA TULIPA;;0;;Colis?úo Transversal;Luz do Dia;Bom;Seca;T;Pare;Residencial;0;0;2;1;0;0;0;0;0;0;0;0;-3,710359000000000;-38,577954000000000
248614;7;2;2015;08:00;25395;RUA TULIPA;RUA SAO BERNARDO;;0;;Colis?úo;Via Iluminada;Bom;Seca;T;Outros;Misto;0;2;1;1;1;0;0;0;0;0;0;0;-3,712139000000000;-38,578675000000000
258735;7;2;2015;05:00;0;RD CE-040;;;0;KM-02;Colis?úo;Amanhecer;;Seca;Meio de Quadra;;;0;0;2;1;1;0;0;0;0;0;0;0;-3,776479000000000;-38,481598000000000
258740;7;2;2015;16:00;0;RD CE-040;;;0;KM-07;Colis?úo;Luz do Dia;;Seca;Meio de Quadra;;;0;0;4;1;0;0;0;0;0;0;0;0;-3,817953000000000;-38,483160000000000
276086;7;2;2015;05:11;0;AV GAL OSORIO DE PAIVA;;;4153;PONTE DO SIQUEIRA;Queda;Amanhecer;;;Meio de Quadra;;;0;1;0;0;0;0;0;0;0;1;0;0;;
257239;7;2;2015;08:20;12479;AV AUGUSTO DOS ANJOS;RUA PERDIGAO DE OLIVEIRA;;0;;Colis?úo;Luz do Dia;;;Cruz;Sem?íforo;Misto;0;1;0;0;1;0;0;0;0;1;0;0;-3,775131000000000;-38,574712000000000
257240;7;2;2015;09:45;12599;RUA COS LAFAYETE;RUA JANDIRA;;0;;Colis?úo;Luz do Dia;;;Cruz;Pare;Comercial;0;1;0;1;0;0;0;0;0;0;0;0;-3,717584000000000;-38,587105000000000
257242;7;2;2015;20:30;3844;RUA JOAO GENTIL;RUA ADOLFO HERBSTER;;0;;Colis?úo;;;;Cruz;Pare;Residencial;0;1;0;1;0;0;0;0;0;1;0;0;-3,745475000000000;-38,539577000000000
257243;7;2;2015;21:55;19961;RUA DES PRAXEDES;AV EXPEDICIONARIOS (INVALIDA);;0;;Colis?úo;;;;;;;0;0;1;1;0;0;0;0;0;1;0;0;;
260241;7;2;2015;00:27;0;AV GAL OSORIO DE PAIVA;;;0;;;;;;Meio de Quadra;;;0;0;2;0;0;0;0;0;0;0;0;0;;
260252;7;2;2015;14:39;0;RUA QUEIROZ RIBEIRO;;;0;;Colis?úo;Luz do Dia;;;Meio de Quadra;;;0;0;2;1;0;0;0;0;0;0;0;0;;
260247;7;2;2015;08:12;9070;AV VIS RIO BRANCO;RUA GUILHERME MOREIRA;;0;;Colis?úo;Luz do Dia;;;T;Pare;Residencial;0;0;2;1;0;0;0;0;0;0;0;0;-3,749365000000000;-38,521314000000000
260548;7;2;2015;19:06;25067;AV DOS EXPEDICIONARIOS;RUA DES PRAXEDES;;0;;Colis?úo;;;;;Outros;Misto;0;1;1;1;0;0;0;0;0;1;0;0;-3,763679000000000;-38,540839000000000
260549;7;2;2015;19:07;0;RUA EDSON MARTINS;;;0;;Colis?úo;;;;Meio de Quadra;;;0;1;1;1;0;0;0;0;0;1;0;0;-3,791311000000000;-38,596617000000000
260551;7;2;2015;19:57;0;RUA MANUEL JESUINO;RUA TAVARES COUTINHO;;0;;Colis?úo;;;;;;;0;1;1;1;0;0;0;0;0;1;0;0;-3,732418000000000;-38,484968000000000
260553;7;2;2015;20:39;0;RUA TULIPA;;;0;;Choque c/ Obst?ículo Fixo;;;;Meio de Quadra;;;0;1;0;1;0;0;0;0;0;0;0;0;-3,712437000000000;-38,578784000000000
260554;7;2;2015;20:49;0;RUA PDE PEDRO DE ALENCAR;;;0;;Atropelamento;;;;Meio de Quadra;;;0;1;1;1;0;0;0;0;0;0;0;0;-3,841185000000000;-38,494275000000000
260531;7;2;2015;01:56;15269;RUA TEN BENEVOLO;AV RUI BARBOSA;;0;;Colis?úo;;;;Cruz;Sem?íforo;Residencial;0;1;1;1;0;0;0;0;0;1;0;0;-3,728685000000000;-38,507048000000000
260532;7;2;2015;02:38;19224;AV SANTOS DUMONT;RUA FRANCISCO MATOS;;0;;Choque c/ Obst?ículo Fixo;;;;Cruz;Sem?íforo;Comercial;0;1;0;1;0;0;0;0;0;0;0;0;-3,745497000000000;-38,469675000000000
260533;7;2;2015;03:56;0;RUA DES PRAXEDES;;;480;;Choque c/ Obst?ículo Fixo;;;;Meio de Quadra;;;0;1;0;1;0;0;0;0;0;0;0;0;-3,759317000000000;-38,549547000000000
260534;7;2;2015;09:53;17352;AV JOAO PESSOA;RUA ELVIRA PINHO;;0;;Colis?úo;Luz do Dia;;;Cruz;Pare;Misto;0;1;1;1;0;0;0;0;0;1;0;0;-3,765499000000000;-38,559092000000000
260535;7;2;2015;10:31;0;RUA MONTE LIBANO;;;0;;Colis?úo;Luz do Dia;;;Meio de Quadra;;;0;1;1;0;0;0;0;0;0;0;0;0;;
260536;7;2;2015;10:36;0;RUA MARIA CLARA;;;278;;Atropelamento;Luz do Dia;;;Meio de Quadra;;;0;1;1;1;0;0;0;0;0;0;0;0;;
260537;7;2;2015;11:00;0;AV N CJ JOSE WALTER;;;0;;Colis?úo;Luz do Dia;;;Meio de Quadra;;;0;1;1;1;0;0;0;0;0;1;0;0;;
260538;7;2;2015;11:51;0;AV JOSE BASTOS;;;0;;Atropelamento;Luz do Dia;;;Meio de Quadra;;;0;1;1;0;1;0;0;0;0;0;0;0;;
260539;7;2;2015;12:26;0;AV JOSE BASTOS;;;0;;Colis?úo;Luz do Dia;;;Meio de Quadra;;;0;1;1;1;0;0;0;0;0;1;0;0;;
260540;7;2;2015;14:43;0;RUA VITAL BRASIL;;;0;;Colis?úo;Luz do Dia;;;Meio de Quadra;;;0;1;1;1;0;0;0;0;0;1;0;0;-3,778033000000000;-38,597916000000000
260541;7;2;2015;11:44;0;RUA CAP HUGO BEZERRA;;;0;;Queda;Luz do Dia;;;Meio de Quadra;;;0;1;0;0;0;0;0;0;0;1;0;0;;
260542;7;2;2015;15:20;1311;RUA LEONARDO MOTA;RUA MARCOS MACEDO;;0;;Colis?úo;Luz do Dia;;;Cruz;Sem?íforo;Residencial;0;1;1;1;0;0;0;0;0;1;0;0;-3,734885000000000;-38,495763000000000
260543;7;2;2015;15:40;0;AV PRS CASTELO BRANCO;;;0;;Colis?úo;Luz do Dia;;;Meio de Quadra;;;0;1;1;0;0;0;0;0;0;0;0;0;;
260544;7;2;2015;18:36;0;RUA MALMEQUER;;;0;;Colis?úo;;;;Meio de Quadra;;;0;1;1;0;0;0;0;0;0;0;0;0;;
260545;7;2;2015;18:45;0;AV PASTEUR;;;0;;Colis?úo;;;;Meio de Quadra;;;0;1;1;0;0;0;0;0;0;0;0;0;-3,715633000000000;-38,560335000000000
260556;7;2;2015;21:00;0;AV DR THEBERGE;;;826;;Atropelamento;;;;Meio de Quadra;;;0;1;1;1;0;0;0;0;0;0;0;0;-3,710550000000000;-38,563605000000000