COD_ACIDENTE;DIA;MES;ANO;HORA;INTERSECAO;LOG1;LOG2;LOG3;NUMERO;REFERENCIA;NATUREZA;ILUMINACAO;TEMPO;SUPERFICIEPISTA;TIPOCRUZAMENTO;CONTROLETRAFEGO;USOSOLO;MORTOS;FERIDOS;ILESOS;AUTOMOVEL;ONIBUS;BICICLETA;CAMINHAO;MICROONIBUS;CICLOMOTOR;MOTOCICLETA;TRACAOANIMAL;TREM;LATITUDE;LONGITUDE
260558;7;2;2015;21:24;0;AV MR HULL;;;0;;Colis?úo;;;;Meio de Quadra;;;0;1;1;1;0;0;0;0;0;0;0;0;;
260559;7;2;2015;21:38;14871;RUA PDE RODOLFO;TR JOAQUIM ALFREDO;;0;;Colis?úo;;;;;;;0;1;1;1;0;0;0;0;0;1;0;0;-3,807368000000000;-38,582093000000000
260560;7;2;2015;21:55;7708;AV CARNEIRO DE MENDONCA;RUA RODRIGUES ANDRADE;;0;;Colis?úo;;;;T;N?úo H?í Controle;Comercial;0;1;1;1;0;0;0;0;0;1;0;0;-3,765021000000000;-38,565006000000000
260561;7;2;2015;23:03;0;AV HILDEBRANDO DE MELO;;;0;;Colis?úo;;;;Meio de Quadra;;;0;1;1;1;0;0;0;0;0;1;0;0;-3,725280000000000;-38,589281000000000
253485;7;2;2015;17:15;0;RD BR 116;;;0;KM 00;Colis?úo Traseira;Anoitecer;Bom;Seca;Meio de Quadra;N?úo H?í Controle;Comercial;0;0;3;1;0;0;0;1;0;1;0;0;;
253571;7;2;2015;20:50;0;RD BR 222;;;0;KM-03;Choque c/ Obst?ículo Fixo;Via Iluminada;Bom;Seca;Meio de Quadra;N?úo H?í Controle;Residencial;1;4;0;1;0;0;0;0;0;0;0;0;-3,736999000000000;-38,571997000000000
260585;8;2;2015;16:59;0;RUA PRO HERIBALDO COSTA;;;0;;Colis?úo;Luz do Dia;;;Meio de Quadra;;;0;1;1;1;0;0;0;0;0;1;0;0;;
260586;8;2;2015;17:24;9597;RUA LONDRINA;RUA JOSE TORRES;;0;;Colis?úo;Anoitecer;;;Cruz;N?úo H?í Controle;Rural;0;1;1;1;0;0;0;0;0;1;0;0;-3,779916000000000;-38,607258000000000
260587;8;2;2015;17:46;0;AV JOR THOMAZ COELHO;;;0;;Queda;Anoitecer;;;Meio de Quadra;;;0;1;0;0;0;0;0;0;0;1;0;0;-3,829923000000000;-38,509057000000000
260588;8;2;2015;19:02;0;AV PRUDENTE BRASIL;;;1064;;Colis?úo;;;;Meio de Quadra;;;0;1;1;0;0;0;0;0;0;1;0;0;-3,811417000000000;-38,535001000000000
260589;8;2;2015;20:39;0;AV DOM LUIS;;;73;;Queda;;;;Meio de Quadra;;;1;0;0;0;0;1;0;0;0;0;0;0;-3,732210000000000;-38,500646000000000
260590;8;2;2015;20:45;24593;RUA GAMA;RUA G CJ VILA VELHA;;0;;Colis?úo;;;;;;;0;1;1;1;0;0;0;0;0;1;0;0;-3,712028000000000;-38,602224000000000
260591;8;2;2015;20:53;0;RUA FRANCISCO LEANDRO;;;0;;Colis?úo;;;;Meio de Quadra;;;0;1;1;0;0;0;0;0;0;1;0;0;;
260593;8;2;2015;21:19;0;AV PRO JOSE ARTHUR CARVALHO;;;0;;Colis?úo;;;;Meio de Quadra;;;0;1;1;1;0;0;0;0;0;0;0;0;-3,825048000000000;-38,461432000000000
260594;8;2;2015;22:02;0;RUA POE MARIO LINHARES (J.WALTER);;;0;;Colis?úo;;;;Meio de Quadra;;;0;1;1;1;0;0;0;0;0;1;0;0;;
260562;8;2;2015;00:10;0;AV J CJ POLAR;;;0;;Atropelamento;;;;Meio de Quadra;;;0;1;1;1;0;0;0;0;0;0;0;0;;
260563;8;2;2015;05:10;0;RUA CEL DIONISIO ALENCAR;RUA JOAQUIM FELICIO;;281;;Choque c/ Obst?ículo Fixo;Amanhecer;;;;;;0;1;0;1;0;0;0;0;0;0;0;0;-3,830772000000000;-38,487364000000000
260564;8;2;2015;05:44;4080;AV JOSE BASTOS;RUA CEARA;;0;;Colis?úo;Amanhecer;;;Cruz;Pare;;0;1;1;1;0;0;0;0;0;0;0;0;-3,760008000000000;-38,564112000000000
260565;8;2;2015;05:59;0;RUA COS LAFAYETE;;;0;;Colis?úo;Amanhecer;;;;;;0;1;1;1;0;0;0;0;0;1;0;0;-3,717774000000000;-38,585043000000000
260566;8;2;2015;08:58;0;RUA COS DA SILVA;;;0;;Colis?úo;Luz do Dia;;;Meio de Quadra;;;0;1;1;1;0;0;0;0;0;1;0;0;;
260567;8;2;2015;10:34;0;AV PRS CASTELO BRANCO;;;2556;;Atropelamento;Luz do Dia;;;Meio de Quadra;;;0;1;1;0;0;0;0;0;0;0;0;0;-3,713045000000000;-38,550813000000000
260568;8;2;2015;11:15;0;AV DR THEBERGE;;;0;;Colis?úo;Luz do Dia;;;;;;0;1;1;0;0;0;0;0;0;0;0;0;;
260569;8;2;2015;11:26;9543;RUA CEL FABRICIANO;RUA ARI MAIA;;0;;Colis?úo;Luz do Dia;;;Cruz;Pare;Residencial;0;1;1;0;0;0;0;0;0;0;0;0;-3,779362000000000;-38,620267000000000
260570;8;2;2015;13:44;0;AV HIS RAIMUNDO GIRAO;;;0;;Atropelamento;Luz do Dia;;;Meio de Quadra;;;0;1;1;1;0;0;0;0;0;0;0;0;-3,722939000000000;-38,506701000000000
260571;8;2;2015;14:56;595;RUA COELHO DA FONSECA;RUA ORIENTE D21;;0;;Colis?úo;Luz do Dia;;;;;;0;1;1;0;0;0;0;0;0;0;0;0;-3,711761000000000;-38,561539000000000
263963;8;2;2015;01:00;13529;RUA PDE ANTONINO;AV SORIANO ALBUQUERQUE;;0;;Colis?úo;;;;Cruz;N?úo H?í Controle;Residencial;0;0;2;0;0;0;0;0;0;0;0;0;-3,747537000000000;-38,520476000000000
263970;8;2;2015;02:30;0;AV ANTONIO JUSTA;;;2990;;Choque c/ Obst?ículo Fixo;;;;Meio de Quadra;;;0;0;1;0;0;0;0;0;0;0;0;0;-3,727972000000000;-38,493476000000000
263977;8;2;2015;02:31;19667;RUA DOM LINO;AV BEZERRA DE MENEZES;;0;;Colis?úo;;;;Cruz;Sem?íforo;Comercial;0;0;2;0;0;0;0;0;0;0;0;0;-3,734232000000000;-38,557568000000000
263978;8;2;2015;03:33;0;AV JOR THOMAZ COELHO;;;0;;Choque c/ Obst?ículo Fixo;;;;Meio de Quadra;;;0;0;1;0;0;0;0;0;0;0;0;0;;
263979;8;2;2015;05:05;0;RUA PESSOA ANTA;;;218;;Colis?úo;Amanhecer;;;Meio de Quadra;;;0;0;2;0;0;0;0;0;0;0;0;0;;
263967;8;2;2015;02:27;0;RUA PRO DIAS DA ROCHA;;;700;;Atropelamento;;;;Meio de Quadra;;;0;0;2;0;0;0;0;0;0;0;0;0;-3,736088000000000;-38,491859000000000
263985;8;2;2015;05:10;0;AV AUGUSTO DOS ANJOS;;;1742;;Colis?úo;Amanhecer;;;Meio de Quadra;;;0;0;2;0;0;0;0;0;0;0;0;0;-3,781451000000000;-38,580279000000000
263988;8;2;2015;05:48;7674;RUA RIO GRANDE DO NORTE;AV JOSE BASTOS;;0;;Colis?úo;Amanhecer;;;Cruz;Sem?íforo;Comercial;0;0;2;0;0;0;0;0;0;0;0;0;-3,760562000000000;-38,564477000000000
263994;8;2;2015;06:45;0;AV GODOFREDO MACIEL;;;0;;Choque c/ Obst?ículo Fixo;Luz do Dia;;;Meio de Quadra;;;0;0;1;0;0;0;0;0;0;0;0;0;;
264000;8;2;2015;11:21;0;RUA MANUEL CASTELO BRANCO;;;384;;Colis?úo;Luz do Dia;;;Meio de Quadra;;;0;0;2;0;0;0;0;0;0;0;0;0;;
264001;8;2;2015;11:47;0;RUA CEL FABRICIANO;;;3638;;Atropelamento;Luz do Dia;;;Meio de Quadra;;;0;0;2;0;0;0;0;0;0;0;0;0;-3,779269000000000;-38,620616000000000
264002;8;2;2015;14:45;0;AV CASTELO DE CASTRO;;;1668;;Colis?úo;Luz do Dia;;;Meio de Quadra;;;0;0;2;0;0;0;0;0;0;0;0;0;-3,826091000000000;-38,521195000000000
264004;8;2;2015;11:53;3320;RUA ARGENTINA;RUA VIRIATO RIBEIRO;;0;;Colis?úo;Luz do Dia;;;Cruz;Pare;Comercial;0;0;2;0;0;0;0;0;0;0;0;0;-3,747181000000000;-38,564284000000000
264005;8;2;2015;13:09;0;RUA BOM JESUS (GRANJA LISBOA);;;2846;;Atropelamento;Luz do Dia;;;Meio de Quadra;;;0;0;2;0;0;0;0;0;0;0;0;0;-3,788719000000000;-38,619039000000000
263998;8;2;2015;11:15;0;RUA MIN ALBUQUERQUE LIMA;;;178;;Colis?úo;Luz do Dia;;;Meio de Quadra;;;0;0;2;0;0;0;0;0;0;0;0;0;-3,767381000000000;-38,609577000000000
264008;8;2;2015;14:40;2975;AV GAL OSORIO DE PAIVA;RUA PEDRO MARTINS;;0;;Colis?úo;Luz do Dia;;;Cruz;Sem?íforo;Comercial;0;0;2;0;0;0;0;0;0;0;0;0;-3,800862000000000;-38,598322000000000
264011;8;2;2015;14:44;16230;RUA MONTE LIBANO;AV PRS COSTA E SILVA;;0;;Choque c/ Obst?ículo Fixo;Luz do Dia;;;;;;0;0;1;0;0;0;0;0;0;0;0;0;-3,820898000000000;-38,558802000000000
264012;8;2;2015;14:59;0;RUA ORIENTE;;;620;;Colis?úo;Luz do Dia;;;Meio de Quadra;;;0;0;2;0;0;0;0;0;0;0;0;0;;
264016;8;2;2015;15:05;17350;RUA JOAO FIRMINO;RUA BAR SOBRAL;;0;;Colis?úo;Luz do Dia;;;Cruz;Pare;Residencial;0;0;2;0;0;0;0;0;0;0;0;0;-3,765714000000000;-38,556531000000000
264017;8;2;2015;15:19;0;LOGRADOURO SEM NOME;;;399;;Colis?úo;Luz do Dia;;;Meio de Quadra;;;0;0;2;0;0;0;0;0;0;0;0;0;;
264020;8;2;2015;16:06;0;RUA L CJ VILA VELHA;;;0;;Colis?úo;Luz do Dia;;;Meio de Quadra;;;0;0;2;0;0;0;0;0;0;0;0;0;;
264022;8;2;2015;16:55;0;RUA CEL VIRGILIO NOGUEIRA (BOM JARDIM);;;1350;;Choque c/ Obst?ículo Fixo;Luz do Dia;;;Meio de Quadra;;;0;0;1;0;0;0;0;0;0;0;0;0;-3,795195000000000;-38,610812000000000
264025;8;2;2015;18:29;0;RUA D CJ VILA VELHA;;;0;;Colis?úo;Anoitecer;;;Meio de Quadra;;;0;0;2;0;0;0;0;0;0;0;0;0;;
264048;8;2;2015;21:19;19833;AV JOVITA FEITOSA;AV ENG HUMBERTO MONTE;;0;;Colis?úo;;;;Cruz;Sem?íforo;Comercial;0;0;2;0;0;0;0;0;0;0;0;0;-3,741963000000000;-38,566544000000000
264049;8;2;2015;21:42;13343;AV I CJ JOSE WALTER;RUA 68 CJ JOSE WALTER;;0;;Colis?úo;;;;;;;0;0;2;0;0;0;0;0;0;0;0;0;-3,841143000000000;-38,555585000000000
264050;8;2;2015;22:01;0;AV CEL CARVALHO;;;581;;Colis?úo;;;;Meio de Quadra;;;0;0;2;0;0;0;0;0;0;0;0;0;-3,707281000000000;-38,590548000000000
264051;8;2;2015;22:12;0;RUA DOIS;;;691;;Colis?úo;;;;Meio de Quadra;;;0;0;2;0;0;0;0;0;0;0;0;0;;
260256;8;2;2015;18:42;0;AV GOV RAUL BARBOSA;;;0;;Colis?úo;;;;Meio de Quadra;;;0;0;2;0;0;0;0;0;0;0;0;0;;
260268;8;2;2015;19:25;0;RD DR MENDEL STEINBRUCH;;;0;;Colis?úo;;;;Meio de Quadra;;;0;0;2;0;0;0;0;0;0;0;0;0;;
260272;8;2;2015;20:40;0;AV ZEZE DIOGO;;;0;;Colis?úo;;;;Meio de Quadra;;;0;0;2;0;0;0;0;0;0;0;0;0;;
257253;8;2;2015;16:55;26222;RUA TIBURCIO ALBANO;RUA STO AMARO DO PICI;;0;;Colis?úo;Luz do Dia;;;;;;0;1;0;1;0;0;0;0;0;0;0;0;;
257255;8;2;2015;22:16;0;RUA DOM LUSTOSA;;;3413;;Choque c/ Obst?ículo Fixo;;;;Meio de Quadra;;;0;2;0;1;0;0;0;0;0;0;0;0;;
258745;8;2;2015;16:30;0;RD CE-040;;;0;KM-12;Choque c/ Obst?ículo Fixo;Luz do Dia;;Seca;Meio de Quadra;;;0;1;0;1;0;0;0;0;0;0;0;0;-3,848945000000000;-38,476237000000000
258746;8;2;2015;16:45;0;RD CE-040;;;0;KM-05;Colis?úo;Luz do Dia;;Seca;Meio de Quadra;;;0;0;2;1;0;0;0;0;0;0;0;0;-3,790876000000000;-38,480349000000000
258747;8;2;2015;17:05;0;RD CE-040;;;0;KM-04;Colis?úo;Anoitecer;;Seca;Meio de Quadra;;;0;0;2;0;1;0;0;0;0;0;0;0;-3,792050000000000;-38,480251000000000
248622;8;2;2015;05:30;24913;AV DA INDEPENDENCIA;AV MOZART PINHEIRO DE LUCENA;;0;;Colis?úo Transversal;Luz do Dia;Nublado;Seca;Cruz;Sem?íforo;Residencial;0;2;0;1;0;0;0;0;0;0;0;0;-3,724957000000000;-38,597615000000000
248623;8;2;2015;18:00;2412;AV FRANCISCO SA;RUA IRAPUA;;0;;Colis?úo Transversal;Luz do Dia;Bom;Seca;Cruz;N?úo H?í Controle;Residencial;0;0;2;1;0;0;0;0;0;0;0;0;-3,706356000000000;-38,586099000000000
248624;8;2;2015;14:00;0;AV BEIRA MAR;;;2500;;Colis?úo Traseira;Luz do Dia;Bom;Seca;Meio de Quadra;Pare;Residencial;0;1;1;1;0;0;0;0;0;1;0;0;-3,725147000000000;-38,499029000000000
248628;8;2;2015;06:05;9192;RUA MARIO MAMEDE;RUA PAULA RODRIGUES;;0;;Colis?úo Transversal;Luz do Dia;Bom;Seca;Cruz;Sem?íforo;Misto;0;0;2;1;0;0;0;0;0;0;0;0;-3,753285000000000;-38,526739000000000
248629;8;2;2015;09:10;0;RUA STA ELISA D21;;;1063;;Choque c/ Obst?ículo Fixo;Luz do Dia;Bom;Seca;Meio de Quadra;N?úo H?í Controle;Residencial;0;0;1;1;0;0;0;0;0;0;0;0;-3,705416000000000;-38,562335000000000
248626;8;2;2015;21:00;15144;AV MON TABOSA;AV RUI BARBOSA;;0;;Colis?úo Lateral;;Bom;Seca;Cruz;;Residencial;0;1;1;1;0;0;0;0;0;0;0;0;-3,724441000000000;-38,505696000000000
248640;8;2;2015;20:10;11057;AV DR SILAS MUNGUBA;AV DOS EXPEDICIONARIOS;;0;;Colis?úo Transversal;Via Iluminada;Bom;Seca;Cruz;Sem?íforo;Comercial;0;0;2;1;0;0;0;0;0;0;0;0;-3,787538000000000;-38,547960000000000
248641;8;2;2015;18:30;17600;RUA MATO GROSSO;RUA MARANHAO;;0;;Colis?úo Transversal;Via Iluminada;Bom;Seca;Cruz;Pare;Residencial;0;0;2;0;0;0;0;0;0;0;0;0;-3,756852000000000;-38,563891000000000
248631;8;2;2015;19:46;0;AV ALBERTO CRAVEIRO;;;0;;Engavetamento;Via Iluminada;Bom;Seca;Meio de Quadra;N?úo H?í Controle;Residencial;0;0;3;1;0;0;0;0;0;0;0;0;;
248636;8;2;2015;12:00;25190;AV VIS RIO BRANCO;RUA PAULO FIRMEZA;;0;;Colis?úo Transversal;Luz do Dia;Bom;Seca;T;;Residencial;0;0;2;1;0;0;0;0;0;1;0;0;-3,757629000000000;-38,519684000000000
248638;8;2;2015;11:30;0;AV DR THEBERGE;;;0;;Colis?úo Traseira;Luz do Dia;Bom;Seca;Meio de Quadra;;Residencial;0;0;2;1;0;0;0;0;0;0;0;0;;
248647;8;2;2015;17:00;0;AL PAPOULAS;;;154;;Choque c/ Obst?ículo Fixo;;Bom;Seca;Meio de Quadra;N?úo H?í Controle;Residencial;0;0;1;1;0;0;0;0;0;0;0;0;-3,752554000000000;-38,470199000000000
248644;8;2;2015;15:30;3323;RUA ARGENTINA;RUA MARIO DE ANDRADE;;0;;Colis?úo Lateral;Luz do Dia;Bom;Seca;Cruz;Pare;Residencial;0;0;2;1;0;0;0;0;0;0;0;0;-3,747688000000000;-38,564812000000000
248645;8;2;2015;14:00;4612;RUA CRISANTO M DA ROCHA;AV WASHINGTON SOARES;;0;;Colis?úo Lateral;Luz do Dia;Bom;Seca;Y;Sem?íforo;Comercial;0;0;2;1;0;0;0;0;0;0;0;0;-3,795695000000000;-38,479908000000000
263959;8;2;2015;00:58;18296;RUA JOSE AVELINO;RUA TOMAS LOPES;;0;;Colis?úo;;;;;;;0;0;2;0;0;0;0;0;0;0;0;0;-3,722620000000000;-38,515757000000000
263954;8;2;2015;00:20;9257;AV AGUANAMBI;RUA CEL PERGENTINO FERREIRA;;0;;Colis?úo;;;;Cruz;Sem?íforo;Comercial;0;0;2;0;0;0;0;0;0;0;0;0;-3,748634000000000;-38,524049000000000
263955;8;2;2015;00:22;16057;AV GODOFREDO MACIEL;AV PRS COSTA E SILVA;;0;;Colis?úo;;;;Cruz;Sem?íforo;Comercial;0;0;2;0;0;0;0;0;0;0;0;0;-3,811743000000000;-38,574739000000000
263956;8;2;2015;00:24;5934;AV J CJ CEARA;RUA 1121 CJ CEARA;;0;;Atropelamento;;;;;;;0;0;2;0;0;0;0;0;0;0;0;0;-3,761754000000000;-38,613586000000000
259833;8;2;2015;23:47;0;AV AGUANAMBI;;;0;;Colis?úo;;;;Meio de Quadra;;;0;0;2;1;0;0;0;0;0;0;0;0;;
259829;8;2;2015;02:25;0;AV AGUANAMBI;;;0;;Colis?úo;;;;Meio de Quadra;;;0;0;3;1;0;0;0;0;0;0;0;0;;
259830;8;2;2015;12:58;0;AV ABOLICAO;;;0;;Colis?úo;Luz do Dia;;;Meio de Quadra;;;0;0;2;1;0;0;0;0;0;0;0;0;;
259827;8;2;2015;01:27;0;RUA FRE ODILON;;;0;;Colis?úo;;;;;;;0;0;2;1;0;0;0;0;0;0;0;0;;
248779;9;2;2015;14:30;25481;AV AUGUSTO DOS ANJOS;RUA RISO DO PRADO;;0;;Colis?úo Lateral;Luz do Dia;Bom;Seca;;Outros;Residencial;0;0;2;0;0;0;0;0;0;0;0;0;-3,779722000000000;-38,578766000000000
248648;9;2;2015;11:35;12892;RUA BAR RIO BRANCO;AV DOMINGOS OLIMPIO;;0;;Colis?úo Traseira;Luz do Dia;Bom;Seca;Cruz;Sem?íforo;Comercial;0;0;2;1;0;0;0;0;0;0;0;0;-3,736579000000000;-38,531494000000000
248651;9;2;2015;17:50;22991;RUA VILA RICA;RUA BERNARDO MANUEL;;0;;Colis?úo Frontal;Anoitecer;Bom;Seca;Cruz;N?úo H?í Controle;Misto;1;1;1;0;1;0;0;0;0;1;0;0;-3,786824000000000;-38,547746000000000
248652;9;2;2015;21:00;10828;RUA PORTO VELHO;RUA ARACAJU;;0;;Colis?úo Traseira;Via Iluminada;Bom;Seca;Cruz;Pare;Residencial;0;1;1;1;0;0;0;0;0;1;0;0;-3,764365000000000;-38,589992000000000
248661;9;2;2015;15:36;21620;RUA CON DE CASTRO;RUA BERNARDINO CAMPOS;;0;;Colis?úo Lateral;Luz do Dia;Bom;Seca;T;Pare;Misto;0;0;2;1;0;0;0;0;0;0;0;0;-3,801030000000000;-38,588350000000000
248662;9;2;2015;08:40;0;AV JOAO PESSOA;;;5508;;Atropelamento;Luz do Dia;Bom;Seca;Meio de Quadra;N?úo H?í Controle;Residencial;0;1;1;0;1;0;0;0;0;0;0;0;-3,759120000000000;-38,555446000000000
248663;9;2;2015;14:30;17483;RUA DA PAZ;RUA MANUEL JACARE;;0;;Colis?úo Lateral;Luz do Dia;Bom;Seca;Cruz;Pare;Residencial;0;0;2;1;0;0;0;0;0;0;0;0;-3,724748000000000;-38,487520000000000
248664;9;2;2015;18:30;13217;AV J CJ JOSE WALTER;AV E CJ JOSE WALTER;;0;;Colis?úo Lateral;Anoitecer;Bom;Seca;Cruz;Pare;Residencial;0;2;1;1;0;0;0;0;0;0;0;0;-3,834521000000000;-38,556724000000000
248665;9;2;2015;14:00;8011;AV JOAO PESSOA;RUA ALEXANDRE BARAUNA;;0;;Colis?úo Transversal;Luz do Dia;Bom;Seca;Cruz;Sem?íforo;Escola;0;0;2;1;1;0;0;0;0;0;0;0;-3,751089000000000;-38,548267000000000
248666;9;2;2015;08:00;0;AV ANTONIO SALES;;;2933;;Colis?úo Traseira;Luz do Dia;Bom;Seca;Meio de Quadra;N?úo H?í Controle;Comercial;0;0;2;1;0;0;0;0;0;0;0;0;-3,746862000000000;-38,497805000000000
248667;9;2;2015;14:30;0;AV H CJ CEARA;;;901;;Colis?úo Traseira;Luz do Dia;Bom;Seca;Meio de Quadra;Sem?íforo;Comercial;0;0;2;1;0;0;0;0;0;0;0;0;;
248677;9;2;2015;19:10;0;RUA MON OTAVIO CASTRO;;;318;;Colis?úo Traseira;Via Iluminada;Bom;Seca;Meio de Quadra;Outros;Misto;0;0;2;1;0;0;0;0;0;0;0;0;-3,746182000000000;-38,527171000000000
248659;9;2;2015;06:50;0;AV OLIVEIRA PAIVA;;;203;;Colis?úo;Luz do Dia;Bom;Seca;Meio de Quadra;N?úo H?í Controle;Comercial;1;1;1;0;0;0;1;0;0;1;0;0;-3,798677000000000;-38,503321000000000
248656;9;2;2015;15:10;1458;RUA CEL LINHARES;RUA DES LEITE ALBUQUERQUE;;0;;Colis?úo Transversal;Luz do Dia;Bom;Seca;Cruz;Pare;Comercial;0;1;1;1;0;0;0;0;0;1;0;0;-3,738494000000000;-38,494769000000000
248654;9;2;2015;13:15;0;AV GOV RAUL BARBOSA;;;3059;;Colis?úo Traseira;Luz do Dia;Bom;Seca;Meio de Quadra;N?úo H?í Controle;Comercial;0;0;2;1;0;0;0;0;0;0;0;0;-3,754215000000000;-38,504243000000000
248669;9;2;2015;08:00;11002;RUA EQUADOR;RUA ELCIAS LOPES;;0;;Colis?úo Lateral;Luz do Dia;Bom;Seca;Cruz;Pare;Misto;0;3;0;0;0;0;0;0;0;1;0;0;-3,772451000000000;-38,551915000000000
248670;9;2;2015;10:30;11010;RUA JULIO VERNE;RUA PERU;;0;;Colis?úo Transversal;Luz do Dia;;;Cruz;N?úo H?í Controle;Residencial;0;2;0;0;0;0;0;0;0;1;0;0;-3,775725000000000;-38,552009000000000
248671;9;2;2015;03:40;22353;AV BEZERRA DE MENEZES;AV OLAVO BILAC;;0;;Colis?úo Transversal;Via Iluminada;Bom;Seca;Cruz;Sem?íforo;Comercial;0;1;1;0;0;0;0;0;1;0;0;0;-3,735601000000000;-38,564151000000000
248672;9;2;2015;14:00;0;RUA JUVENAL DE CARVALHO;;;0;;Colis?úo Frontal;Luz do Dia;Bom;Seca;Meio de Quadra;N?úo H?í Controle;Residencial;0;0;2;1;0;0;0;0;0;0;0;0;;
248673;9;2;2015;21:30;1236;AV RUI BARBOSA;RUA COSTA BARROS;;0;;Colis?úo Transversal;Via Iluminada;Bom;Seca;Cruz;Gesto;Comercial;0;1;1;1;0;0;0;0;0;0;0;0;-3,731526000000000;-38,507984000000000
248674;9;2;2015;20:00;0;AV HERACLITO GRACA;;;1611;;Colis?úo Traseira;Via Iluminada;Bom;Seca;Meio de Quadra;Sem?íforo;Comercial;0;0;3;1;0;0;0;0;0;0;0;0;-3,738369000000000;-38,510158000000000
248683;9;2;2015;13:20;0;AV SANTOS DUMONT;;;6350;;Colis?úo Traseira;Luz do Dia;Bom;Seca;Meio de Quadra;N?úo H?í Controle;Comercial;0;0;2;1;0;0;0;0;0;0;0;0;-3,743624000000000;-38,475422000000000
248684;9;2;2015;14:25;0;AV AGUANAMBI;;;0;ROTAT?ôRIA;Colis?úo Lateral;Luz do Dia;Bom;Seca;Meio de Quadra;N?úo H?í Controle;Comercial;0;0;2;1;0;0;0;1;0;0;0;0;-3,755538000000000;-38,523043000000000
248685;9;2;2015;22:00;19694;AV BEZERRA DE MENEZES;RUA TIP SALES;;0;;Colis?úo Transversal;Via Iluminada;Bom;Seca;T;Pare;Comercial;0;1;2;1;0;0;0;0;0;0;0;0;-3,735828000000000;-38,565167000000000
248686;9;2;2015;16:45;18298;RUA CARIRIS;AV ALM BARROSO;;0;;Colis?úo Transversal;Anoitecer;Bom;Seca;Cruz;Sem?íforo;Residencial;0;0;2;1;0;0;0;0;0;0;0;0;-3,720485000000000;-38,517341000000000
248687;9;2;2015;10:50;9072;AV PONTES VIEIRA;AV VIS RIO BRANCO;;0;;Colis?úo Lateral;Luz do Dia;Bom;Seca;Cruz;Sem?íforo;Comercial;0;0;2;1;1;0;0;0;0;0;0;0;-3,753544000000000;-38,520486000000000
248688;9;2;2015;07:40;0;AV JOSE LEON;;;2426;;Colis?úo Traseira;;Bom;Seca;Meio de Quadra;N?úo H?í Controle;Residencial;0;1;1;1;0;0;0;0;0;0;0;0;-3,790657000000000;-38,490066000000000
248689;9;2;2015;07:50;7949;RUA OSVALDO CRUZ (ALDEOTA);RUA ISAC AMARAL;;0;;Colis?úo Transversal;Luz do Dia;Bom;Seca;Cruz;Pare;Misto;0;0;2;1;0;0;0;0;0;0;0;0;-3,752487000000000;-38,505756000000000
248690;9;2;2015;13:00;24968;AV ALM HENRIQUE SABOIA;RUA VILEBALDO AGUIAR;;0;;Colis?úo Lateral;Luz do Dia;Bom;Seca;Cruz;Pare;Misto;0;0;2;0;0;0;1;0;0;0;0;0;-3,740626000000000;-38,487544000000000
248691;9;2;2015;19:20;0;RUA ANSELMO NOGUEIRA;;;122;;Atropelamento;Via Iluminada;Bom;Seca;Meio de Quadra;N?úo H?í Controle;Residencial;0;1;1;1;0;0;0;0;0;0;0;0;-3,780166000000000;-38,586927000000000
248692;9;2;2015;17:40;25231;AV PRS COSTA E SILVA;AV I CJ JOSE WALTER;;0;;Colis?úo Transversal;Anoitecer;Bom;Seca;T;Pare;Residencial;0;0;3;1;0;0;1;0;0;0;0;0;-3,823494000000000;-38,550232000000000
248693;9;2;2015;17:00;0;AV PRS COSTA E SILVA;;;1347;;Colis?úo Traseira;Luz do Dia;Bom;Seca;Meio de Quadra;N?úo H?í Controle;Residencial;0;0;3;0;0;0;1;0;0;0;0;0;-3,824307000000000;-38,545586000000000
248694;9;2;2015;19:40;24990;AV PRS COSTA E SILVA;AV PRS JUSCELINO KUBITSCHEK (PASSAR?ë);;0;;Colis?úo Traseira;Via Iluminada;Bom;Seca;T;Sem?íforo;Comercial;0;0;2;1;0;0;0;0;0;0;0;0;-3,825648000000000;-38,539516000000000
248695;9;2;2015;21:30;19260;RUA PRO GOMES BRASIL;RUA CANDIDO HOLANDA;;0;;Colis?úo Transversal;Via Iluminada;Bom;Seca;T;Pare;Comercial;0;0;2;1;0;0;0;0;0;0;0;0;-3,771573000000000;-38,569423000000000
248696;9;2;2015;07:30;7190;RUA CAMELIA;AV DR THEBERGE;;0;;Colis?úo Lateral;Luz do Dia;Bom;Seca;Cruz;D?¬ Prefer?¬ncia;Residencial;0;0;2;1;0;0;1;0;0;0;0;0;-3,709175000000000;-38,563147000000000
248697;9;2;2015;10:15;0;AV JOAO PESSOA;;;6745;;Colis?úo Traseira;Luz do Dia;Bom;Seca;Meio de Quadra;N?úo H?í Controle;Misto;0;1;2;1;0;0;0;0;0;0;0;0;-3,770199000000000;-38,561031000000000
248698;9;2;2015;15:45;1599;AV SEN VIRGILIO TAVORA;RUA VICENTE LINHARES;;0;;Colis?úo Transversal;Anoitecer;Bom;Seca;Cruz;Sem?íforo Manual;Comercial;0;1;1;1;0;0;0;0;0;1;0;0;-3,743743000000000;-38,495370000000000
248699;9;2;2015;16:00;0;AV LAURO VIEIRA CHAVES;;;727;;Atropelamento;Luz do Dia;Bom;Seca;Meio de Quadra;N?úo H?í Controle;Residencial;0;1;1;0;0;0;0;0;0;1;0;0;-3,772430000000000;-38,532680000000000