COD_ACIDENTE;DIA;MES;ANO;HORA;INTERSECAO;LOG1;LOG2;LOG3;NUMERO;REFERENCIA;NATUREZA;ILUMINACAO;TEMPO;SUPERFICIEPISTA;TIPOCRUZAMENTO;CONTROLETRAFEGO;USOSOLO;MORTOS;FERIDOS;ILESOS;AUTOMOVEL;ONIBUS;BICICLETA;CAMINHAO;MICROONIBUS;CICLOMOTOR;MOTOCICLETA;TRACAOANIMAL;TREM;LATITUDE;LONGITUDE
248700;9;2;2015;17:00;0;AV DR THEBERGE;;;1637;;Colis?úo Traseira;Via Iluminada;Bom;Seca;Meio de Quadra;N?úo H?í Controle;Residencial;0;0;3;1;0;0;0;0;0;0;0;0;-3,715911000000000;-38,565362000000000
248701;9;2;2015;12:00;0;AV 13 DE MAIO;;;465;;Colis?úo Traseira;Luz do Dia;Bom;Seca;Meio de Quadra;Sem?íforo;Comercial;0;0;2;1;0;0;0;0;0;0;0;0;-3,752537000000000;-38,525563000000000
248702;9;2;2015;19:35;15778;RUA TAQUATIARA;RUA STA CLARA DE ASSIS;;0;;Colis?úo Lateral;Via Iluminada;Bom;Seca;Cruz;Pare;Comercial;0;0;2;1;1;0;0;0;0;0;0;0;-3,830267000000000;-38,502459000000000
248679;9;2;2015;21:40;15311;RUA PEREIRA FILGUEIRAS;AV RUI BARBOSA;;0;;Colis?úo Transversal;Via Iluminada;Bom;Seca;Cruz;Sem?íforo;Comercial;0;0;2;1;0;0;0;0;0;0;0;0;-3,730106000000000;-38,507546000000000
248680;9;2;2015;18:00;25070;RUA ALM RUFINO;AV DOS EXPEDICIONARIOS;;0;;Colis?úo Lateral;Via Iluminada;Bom;Seca;Cruz;Sem?íforo Intermitente;Comercial;0;2;0;1;0;0;0;0;0;1;0;0;-3,765289000000000;-38,541286000000000
258749;9;2;2015;12:00;0;AV SEN CARLOS JEREISSATI (AEROPORTO);;;0;KM 03;Colis?úo;Luz do Dia;;Seca;Meio de Quadra;;;0;0;2;1;0;0;0;0;0;0;0;0;-3,780382000000000;-38,541414000000000
258760;9;2;2015;17:45;0;RD CE-040;;;0;KM-06;Colis?úo;Anoitecer;;Seca;Meio de Quadra;;;0;0;2;1;1;0;0;0;0;0;0;0;-3,811270000000000;-38,478781000000000
258758;9;2;2015;14:00;0;RD CE-040;;;0;KM-10;Colis?úo;Luz do Dia;;Seca;Meio de Quadra;;;0;0;2;1;0;0;0;0;0;0;0;0;-3,838671000000000;-38,480068000000000
258763;9;2;2015;19:40;0;RD CE-040;;;0;KM-09;Colis?úo;;;Seca;Meio de Quadra;;;0;0;2;1;0;0;1;0;0;0;0;0;-3,824774000000000;-38,481431000000000
257258;9;2;2015;13:00;18387;AV SGT HERMINIO SAMPAIO;AV OLAVO BILAC;;0;;Colis?úo;Luz do Dia;;;Cruz;Sem?íforo;Residencial;0;1;0;1;0;0;0;0;0;0;0;0;-3,727179000000000;-38,565080000000000
257259;9;2;2015;16:00;6664;RUA MIGUEL GURGEL;RUA JOSE HIPOLITO;;0;;Colis?úo;Luz do Dia;;;T;Pare;Comercial;0;1;0;1;0;0;0;0;0;1;0;0;-3,838126000000000;-38,481367000000000
264052;9;2;2015;00:10;0;RUA PDE FRANCISCO PITA;;;846;;Atropelamento;;;;Meio de Quadra;;;0;0;2;0;0;0;0;0;0;0;0;0;-3,782007000000000;-38,498205000000000
264053;9;2;2015;09:25;9543;RUA CEL FABRICIANO;RUA ARI MAIA;;0;;Colis?úo;Luz do Dia;;;Cruz;Pare;Residencial;0;0;2;0;0;0;0;0;0;0;0;0;-3,779362000000000;-38,620267000000000
264054;9;2;2015;10:58;0;AV BEIRA MAR;;;0;;Colis?úo;Luz do Dia;;;Meio de Quadra;;;0;0;2;0;0;0;0;0;0;0;0;0;;
264055;9;2;2015;11:18;0;AV B CJ ESPERANCA;;;104;;Colis?úo;Luz do Dia;;;Meio de Quadra;;;0;0;2;0;0;0;0;0;0;0;0;0;-3,816204000000000;-38,589806000000000
260597;9;2;2015;00:30;0;RUA BALDUINO FREIRE;;;0;;Colis?úo;;;;Meio de Quadra;;;0;1;1;0;0;0;0;0;0;0;0;0;;
260599;9;2;2015;06:48;0;AV CARNEIRO DE MENDONCA;;;0;;Queda;Luz do Dia;;;Meio de Quadra;;;0;1;0;0;0;0;0;0;0;1;0;0;-3,763261000000000;-38,568322000000000
260601;9;2;2015;09:26;0;AV OLIVEIRA PAIVA;;;0;;Colis?úo;Luz do Dia;;;Meio de Quadra;;;0;1;1;1;0;0;0;0;0;1;0;0;-3,798688000000000;-38,503354000000000
260606;9;2;2015;18:49;0;AV PERIMETRAL;;;0;;Colis?úo;;;;Meio de Quadra;;;0;1;1;0;0;0;0;0;0;0;0;0;;
260607;9;2;2015;19:51;0;RUA PORTO ALEGRE;;;0;;Colis?úo;;;;Meio de Quadra;;;0;1;1;0;0;0;0;0;0;0;0;0;-3,764637000000000;-38,582365000000000
260608;9;2;2015;09:20;0;RUA 2;;;0;;Colis?úo;Luz do Dia;;;Meio de Quadra;;;0;1;1;0;0;0;0;0;0;0;0;0;;
260609;9;2;2015;23:09;0;RUA BETEL;;;0;;Atropelamento;;;;Meio de Quadra;;;0;1;1;1;0;0;0;0;0;0;0;0;;
260603;9;2;2015;14:53;23728;RUA LEBOM MAIA;RUA MON AGOSTINHO;;0;;Colis?úo;Luz do Dia;;;Cruz;N?úo H?í Controle;Misto;0;1;1;0;0;0;0;0;0;1;0;0;-3,785799000000000;-38,579197000000000
253538;9;2;2015;06:50;0;RD BR 222;;;0;KM-03;Colis?úo Traseira;Luz do Dia;Bom;Seca;Meio de Quadra;N?úo H?í Controle;Residencial;0;0;2;1;0;0;0;0;0;1;0;0;-3,736999000000000;-38,571997000000000
253545;10;2;2015;22:30;0;RD BR 222;;;0;KM 00;Colis?úo Traseira;Via Iluminada;Bom;Seca;Meio de Quadra;N?úo H?í Controle;Residencial;0;2;1;0;0;0;0;0;0;1;0;0;-3,736611000000000;-38,569072000000000
253525;10;2;2015;07:30;0;RD BR 116;;;7000;KM-07;Colis?úo Lateral;Luz do Dia;Bom;Seca;Meio de Quadra;N?úo H?í Controle;Comercial;0;0;3;1;0;0;1;0;0;0;0;0;-3,813246000000000;-38,501101000000000
253541;10;2;2015;18:00;0;RD BR 222;;;0;KM 00;Colis?úo Lateral;Anoitecer;Bom;Seca;Meio de Quadra;N?úo H?í Controle;Comercial;0;0;2;0;0;0;0;0;0;0;0;0;-3,736611000000000;-38,569072000000000
260614;10;2;2015;08:11;0;RUA CANDIDO MAIA;;;0;;Queda;Luz do Dia;;;Meio de Quadra;;;0;1;0;0;0;0;0;0;0;1;0;0;;
260615;10;2;2015;08:16;0;RUA JOAQUIM NABUCO;;;0;;Colis?úo;Luz do Dia;;;Meio de Quadra;;;0;1;1;1;0;0;0;0;0;1;0;0;-3,738329000000000;-38,502276000000000
260616;10;2;2015;10:27;0;RUA COSTA BARROS;;;0;;Colis?úo;Luz do Dia;;;Meio de Quadra;;;0;1;1;1;0;0;0;0;0;1;0;0;-3,731720000000000;-38,507385000000000
260628;10;2;2015;16:47;0;AV PRS CASTELO BRANCO;;;0;;Atropelamento;Luz do Dia;;;Meio de Quadra;;;0;1;1;1;0;0;0;0;0;0;0;0;;
260629;10;2;2015;17:50;0;AV SEN FERNANDES TAVORA;;;0;;Queda;Anoitecer;;;Meio de Quadra;;;0;1;0;0;0;0;0;0;0;1;0;0;;
260630;10;2;2015;17:52;0;AV BEZERRA DE MENEZES;;;0;;Atropelamento;Anoitecer;;;Meio de Quadra;;;0;2;0;0;0;0;0;0;0;1;0;0;-3,733521000000000;-38,554018000000000
260631;10;2;2015;18:26;0;AV SANTOS DUMONT;;;0;;Colis?úo;Anoitecer;;;Meio de Quadra;;;0;1;1;0;0;0;0;0;0;0;0;0;-3,738405000000000;-38,491712000000000
260632;10;2;2015;18:49;11068;RUA EQUADOR;RUA ALEMANHA;;0;;Colis?úo;;;;Cruz;Pare;Residencial;0;1;1;0;0;0;0;0;0;0;0;0;-3,783589000000000;-38,556406000000000
260633;10;2;2015;19:10;0;AV CARAPINIMA;;;0;;Queda;;;;Meio de Quadra;;;0;1;0;0;0;0;0;0;0;1;0;0;-3,736236000000000;-38,536362000000000
260634;10;2;2015;19:47;0;AV ODILON GUIMARAES;;;0;;Colis?úo;;;;Meio de Quadra;;;0;1;1;1;0;0;0;0;0;1;0;0;-3,822871000000000;-38,477512000000000
260635;10;2;2015;20:51;0;AV WASHINGTON SOARES;;;0;;Choque c/ Obst?ículo Fixo;;;;Meio de Quadra;;;0;1;0;1;0;0;0;0;0;0;0;0;;
260621;10;2;2015;12:39;0;AV GODOFREDO MACIEL;;;0;;Colis?úo;Luz do Dia;;;Meio de Quadra;;;0;1;1;1;0;0;0;0;0;1;0;0;-3,800806000000000;-38,571277000000000
260623;10;2;2015;13:39;0;RUA COSTA BARROS;;;0;;Colis?úo;Luz do Dia;;;Meio de Quadra;;;0;1;1;1;0;0;0;0;0;1;0;0;;
260625;10;2;2015;15:19;2353;RUA SEIS COMPANHEIROS;AV PRS CASTELO BRANCO;;0;;Colis?úo;Luz do Dia;;;;N?úo H?í Controle;Comercial;0;1;1;0;0;0;0;0;0;1;0;0;-3,705030000000000;-38,577075000000000
260626;10;2;2015;16:19;0;AV PERIMETRAL;;;0;;Colis?úo;Luz do Dia;;;Meio de Quadra;;;0;1;1;1;0;0;0;0;0;1;0;0;;
264056;10;2;2015;08:00;0;AV GOV RAUL BARBOSA;;;5900;;Colis?úo;Luz do Dia;;;Meio de Quadra;;;0;0;2;0;0;0;0;0;0;0;0;0;-3,769466000000000;-38,510339000000000
264057;10;2;2015;09:26;0;RUA DR SOCORRO AZEVEDO;;;425;;Colis?úo;Luz do Dia;;;Meio de Quadra;;;0;0;2;0;0;0;0;0;0;0;0;0;-3,767899000000000;-38,494296000000000
264058;10;2;2015;10:23;12699;AV CEL CARVALHO;AV MAJ ASSIS;;0;;Colis?úo;Luz do Dia;;;Cruz;Sem?íforo;Residencial;0;0;2;0;0;0;0;0;0;0;0;0;-3,723796000000000;-38,586255000000000
264059;10;2;2015;10:53;15238;RUA BAR ARACATI;RUA TEN BENEVOLO;;0;;Colis?úo;Luz do Dia;;;Cruz;Pare;Comercial;0;0;2;0;0;0;0;0;0;0;0;0;-3,727628000000000;-38,510266000000000
264060;10;2;2015;15:56;23771;RUA COSTA FREIRE;RUA LEAO DO NORTE;;0;;Colis?úo;Luz do Dia;;;Cruz;Pare;Rural;0;0;2;0;0;0;0;0;0;0;0;0;-3,783935000000000;-38,577180000000000
264061;10;2;2015;15:58;23730;RUA CARDOSO DE BARROS;RUA ANTONIO COSTA MENDES (PQ S?âO JOS?ë);;0;;Colis?úo;Luz do Dia;;;;;;0;0;2;0;0;0;0;0;0;0;0;0;-3,788624000000000;-38,582487000000000
264062;10;2;2015;19:15;0;RUA GAL SAMPAIO;;;1634;;Colis?úo;;;;Meio de Quadra;;;0;0;2;0;0;0;0;0;0;0;0;0;-3,732506000000000;-38,532442000000000
264063;10;2;2015;19:21;0;AV PLACIDO CASTELO;;;0;;Colis?úo;;;;Meio de Quadra;;;0;0;2;0;0;0;0;0;0;0;0;0;;
264064;10;2;2015;19:32;0;RUA MARTINS CARVALHO;;;0;;Colis?úo;;;;Meio de Quadra;;;0;0;2;0;0;0;0;0;0;0;0;0;;
264065;10;2;2015;20:06;0;RUA MARIA ALICE FERRAZ;;;0;;Colis?úo;;;;Meio de Quadra;;;0;0;2;0;0;0;0;0;0;0;0;0;;
264066;10;2;2015;21:23;9892;RUA BOM JESUS (GRANJA LISBOA);RUA SGT JOAO PINHEIRO;;0;;Colis?úo;;;;Cruz;Outros;Comercial;0;0;2;0;0;0;0;0;0;0;0;0;-3,787299000000000;-38,624041000000000
264067;10;2;2015;22:15;9750;RUA CEL FABRICIANO;RUA SAO LUIZ DO OESTE;;0;;Colis?úo;;;;Cruz;Pare;Comercial;0;0;2;0;0;0;0;0;0;0;0;0;-3,782125000000000;-38,610116000000000
257278;10;2;2015;21:20;0;AV N CJ JOSE WALTER;;;1766;;Colis?úo;;;;Meio de Quadra;;;0;1;0;0;0;0;0;0;0;1;0;0;-3,836752000000000;-38,561420000000000
257274;10;2;2015;09:50;0;RUA CON DE CASTRO;;;956;;Colis?úo;Luz do Dia;;;Meio de Quadra;;;0;1;0;1;0;0;0;0;0;1;0;0;-3,781544000000000;-38,570245000000000
258765;10;2;2015;10:00;0;AV SEN CARLOS JEREISSATI (AEROPORTO);;;0;KM 02;Colis?úo;Luz do Dia;;Seca;Meio de Quadra;;;0;0;2;1;0;0;0;0;0;0;0;0;-3,783932000000000;-38,529156000000000
258767;10;2;2015;15:00;0;RD CE-040;;;0;KM-10;Colis?úo;Luz do Dia;;Seca;Meio de Quadra;N?úo H?í Controle;;0;0;2;1;0;0;0;0;0;1;0;0;-3,838671000000000;-38,480068000000000
248711;10;2;2015;08:00;0;AV PRO GOMES DE MATOS;;;0;;Outros;Luz do Dia;Bom;Seca;Meio de Quadra;Sem?íforo;Comercial;0;0;2;1;0;0;1;0;0;0;0;0;;
248712;10;2;2015;08:40;9243;AV DOS EXPEDICIONARIOS;AV EDUARDO GIRAO;;0;;Colis?úo Transversal;Luz do Dia;Bom;Seca;Cruz;Sem?íforo;Comercial;0;0;2;1;0;0;0;0;0;0;0;0;-3,750712000000000;-38,536849000000000
248714;10;2;2015;12:30;3189;RUA CARLOS CHAGAS;RUA JOSE ARISTOTELES GONDIM;;0;;Colis?úo Transversal;Luz do Dia;Bom;Seca;Cruz;Pare;Residencial;0;0;2;1;0;0;0;0;0;0;0;0;-3,780113000000000;-38,585335000000000
248715;10;2;2015;07:30;5715;AV DES GONZAGA;RUA ULISSES BEZERRA;;0;;Colis?úo Traseira;Luz do Dia;Bom;Seca;T;Pare;Comercial;0;0;2;1;0;0;0;0;0;0;0;0;-3,798159000000000;-38,499492000000000
248720;10;2;2015;07:40;3860;AV 13 DE MAIO;AV DA UNIVERSIDADE;;0;;Colis?úo Lateral;Luz do Dia;Bom;Seca;;Sem?íforo;Comercial;0;0;2;1;0;0;0;0;0;1;0;0;-3,740962000000000;-38,539107000000000
248722;10;2;2015;20:40;13304;AV I CJ JOSE WALTER;AV G CJ JOSE WALTER;;0;;Colis?úo Transversal;Mal Iluminada;Bom;Seca;T;Pare;Residencial;0;1;2;1;0;0;0;0;0;1;0;0;-3,839061000000000;-38,554956000000000
248723;10;2;2015;08:50;0;AV GAL OSORIO DE PAIVA;;;7017;;;Luz do Dia;Bom;Seca;Meio de Quadra;Outros;Misto;0;0;2;1;0;0;0;0;0;0;0;0;-3,814927000000000;-38,611970000000000
248733;10;2;2015;14:40;0;AV CARAPINIMA;;;2425;;Colis?úo Traseira;Luz do Dia;Bom;Seca;Meio de Quadra;N?úo H?í Controle;Comercial;0;0;2;1;1;0;0;0;0;0;0;0;-3,741071000000000;-38,541304000000000
248735;10;2;2015;15:40;19651;AV GAL OSORIO DE PAIVA;RUA AFRANIO PEIXOTO;;0;;Engavetamento;Luz do Dia;Bom;Seca;T;Sem?íforo;Comercial;0;1;2;1;0;0;1;0;0;0;0;0;-3,780072000000000;-38,573584000000000
248728;10;2;2015;19:15;0;AV CARAPINIMA;;;1654;;Colis?úo Traseira;Via Iluminada;Bom;Seca;Meio de Quadra;N?úo H?í Controle;Comercial;0;1;1;0;0;0;0;0;0;1;0;0;-3,736609000000000;-38,536732000000000
248730;10;2;2015;14:30;21372;AV JOVITA FEITOSA;RUA JOSE SOMBRA;;0;;Engavetamento;Luz do Dia;Bom;Seca;Cruz;Sem?íforo;Comercial;0;0;3;1;0;0;0;0;0;0;0;0;-3,737763000000000;-38,546301000000000
248731;10;2;2015;10:15;0;RUA COSTA BARROS;;;1830;;Colis?úo Lateral;Luz do Dia;;;Meio de Quadra;;;0;0;3;0;0;0;0;0;0;1;0;0;-3,731720000000000;-38,507385000000000
248744;10;2;2015;08:05;0;AV BEZERRA DE MENEZES;;;1351;;Colis?úo Transversal;Luz do Dia;Bom;Seca;Meio de Quadra;N?úo H?í Controle;Comercial;0;0;2;0;1;0;0;0;0;0;0;0;-3,734047000000000;-38,556650000000000
248741;10;2;2015;10:00;12699;AV CEL CARVALHO;AV MAJ ASSIS;;0;;Engavetamento;Luz do Dia;Bom;Seca;Cruz;Sem?íforo;Comercial;0;0;3;1;1;0;0;0;0;0;0;0;-3,723796000000000;-38,586255000000000
248737;10;2;2015;12:30;1508;RUA TIBURCIO CAVALCANTE;RUA CATAO MAMEDE;;0;;Colis?úo Transversal;Luz do Dia;Bom;Seca;Cruz;Pare;Residencial;0;0;2;1;0;0;0;0;0;0;0;0;-3,739901000000000;-38,503842000000000
248746;10;2;2015;19:00;1456;AV SANTOS DUMONT;RUA CEL JUCA;;0;;Atropelamento;Via Iluminada;Bom;Seca;Cruz;Sem?íforo;Comercial;0;1;1;1;0;0;0;0;0;0;0;0;-3,738438000000000;-38,491530000000000
248750;10;2;2015;21:00;15139;AV MON TABOSA;RUA BAR ARACATI;;0;;Colis?úo Lateral;Via Iluminada;Bom;Seca;Cruz;Pare;Comercial;0;0;2;1;0;0;0;0;0;0;0;0;-3,724226000000000;-38,509158000000000
248781;10;2;2015;10:50;0;AV PRO GOMES DE MATOS;;;1536;;Colis?úo Traseira;Luz do Dia;Bom;Seca;Meio de Quadra;N?úo H?í Controle;Comercial;0;0;2;1;0;0;0;0;0;0;0;0;-3,764830000000000;-38,548789000000000
248783;10;2;2015;15:00;17352;AV JOAO PESSOA;RUA ELVIRA PINHO;;0;;Colis?úo Traseira;Luz do Dia;Bom;Seca;T;Pare;Comercial;0;0;2;1;0;0;0;0;0;1;0;0;-3,765499000000000;-38,559092000000000
248787;10;2;2015;19:20;22117;RUA PRO COSTA MENDES;RUA PAPI JUNIOR;;0;;Colis?úo Lateral;Via Iluminada;Bom;Seca;Cruz;Pare;Misto;0;1;1;1;0;0;0;0;0;1;0;0;-3,748342000000000;-38,553931000000000
248788;10;2;2015;05:20;25101;AV GAL OSORIO DE PAIVA;RUA ARARIPE PRATA;;0;;Colis?úo Lateral;Luz do Dia;Bom;Seca;Cruz;Pare;Comercial;0;2;1;0;1;0;0;0;0;1;0;0;-3,776593000000000;-38,568029000000000
248753;10;2;2015;14:00;5206;RUA SEN ALMIR PINTO;RUA SAO JOSE D03;;0;;Colis?úo Transversal;Luz do Dia;Bom;Seca;Cruz;Pare;Comercial;0;1;1;1;0;0;0;0;0;1;0;0;-3,726414000000000;-38,523664000000000
248754;10;2;2015;12:30;1032;AV ENG LEAL LIMA VERDE (SAPIRANGA/COITE);RUA JOAQUIM FROTA;;0;;Colis?úo Transversal;Luz do Dia;Bom;Seca;Rotat??ria;D?¬ Prefer?¬ncia;Residencial;0;0;2;0;0;0;0;0;0;0;0;0;-3,801619000000000;-38,475166000000000
248759;10;2;2015;10:00;18024;AV ZEZE DIOGO;RUA RENATO BRAGA;;0;;;Luz do Dia;Bom;Seca;Cruz;Sem?íforo;Comercial;0;0;2;1;0;0;0;0;0;0;0;0;-3,731905000000000;-38,457388000000000
248751;10;2;2015;07:30;5801;AV DES GONZAGA;RUA ALICE;;0;;Colis?úo Lateral;Luz do Dia;Bom;Seca;T;N?úo H?í Controle;Residencial;0;1;1;1;0;0;0;0;0;1;0;0;-3,791340000000000;-38,502595000000000
248763;10;2;2015;15:30;1424;AV HERACLITO GRACA;RUA CARLOS VASCONCELOS;;0;;Colis?úo Frontal;Luz do Dia;Bom;Seca;Cruz;Sem?íforo;Comercial;0;1;1;1;0;0;0;0;0;1;0;0;-3,737590000000000;-38,512285000000000
248764;10;2;2015;17:10;0;RUA ANTONIO DIVINO;;;113;;Colis?úo Lateral;Anoitecer;Bom;Seca;Meio de Quadra;N?úo H?í Controle;Residencial;0;1;2;1;0;0;0;0;0;1;0;0;-3,804235000000000;-38,560326000000000
248757;10;2;2015;12:15;7762;AV ANTONIO SALES;RUA NUNES VALENTE;;0;;Colis?úo Lateral;Luz do Dia;Bom;Seca;Cruz;Pare;Comercial;0;1;1;1;0;0;0;0;0;1;0;0;-3,744237000000000;-38,506314000000000
248767;10;2;2015;16:00;1285;AV DOM LUIS;RUA VIS MAUA;;0;;Colis?úo Transversal;Luz do Dia;Bom;Seca;Cruz;Pare;Comercial;0;0;2;1;0;0;0;0;0;0;0;0;-3,732923000000000;-38,498390000000000
248768;10;2;2015;08:00;0;RUA BERNARDO MANUEL;;;11464;;Colis?úo Traseira;Luz do Dia;Bom;Seca;Meio de Quadra;N?úo H?í Controle;Comercial;0;0;2;1;0;0;0;0;0;0;0;0;;
248770;10;2;2015;18:00;3894;AV EDUARDO GIRAO;RUA JULIO CESAR D12;;0;;Colis?úo Transversal;Via Iluminada;Bom;Seca;Cruz;Sem?íforo;Residencial;0;1;1;1;0;0;0;0;0;1;0;0;-3,747630000000000;-38,540636000000000
248772;10;2;2015;16:00;14421;AV SGT HERMINIO SAMPAIO;RUA PDE ANCHIETA;;0;;Colis?úo Transversal;Luz do Dia;Bom;Seca;Cruz;Sem?íforo;Comercial;0;1;1;1;1;0;0;0;0;0;0;0;-3,724693000000000;-38,551079000000000
248774;10;2;2015;12:50;25067;AV DOS EXPEDICIONARIOS;RUA DES PRAXEDES;;0;;Colis?úo Traseira;Luz do Dia;Bom;Seca;;Outros;Misto;0;0;2;1;1;0;0;0;0;0;0;0;-3,763679000000000;-38,540839000000000
248777;10;2;2015;09:30;7752;AV JOAO PESSOA;AV CARNEIRO DE MENDONCA;;0;;Colis?úo Traseira;Luz do Dia;Bom;Seca;T;Sem?íforo;Misto;0;0;2;1;0;0;0;0;0;0;0;0;-3,767222000000000;-38,559808000000000
248790;10;2;2015;16:15;0;RUA FRANCISCO LEANDRO;;;0;;Colis?úo Lateral;Luz do Dia;Bom;Seca;Meio de Quadra;N?úo H?í Controle;Comercial;0;0;2;1;1;0;0;0;0;0;0;0;;
248791;10;2;2015;17:40;0;AV JOSE BASTOS;;;2472;;Colis?úo Traseira;Anoitecer;Bom;Seca;Meio de Quadra;N?úo H?í Controle;Comercial;0;0;2;1;0;0;0;0;0;1;0;0;-3,743275000000000;-38,543909000000000
248778;11;2;2015;20:00;23952;AV CESAR CALS;RUA MIGUEL CALMON;;0;;Colis?úo Transversal;Via Iluminada;Bom;Seca;Cruz;N?úo H?í Controle;Residencial;1;1;0;0;0;1;0;0;0;1;0;0;-3,726534000000000;-38,461558000000000
248775;11;2;2015;14:00;0;AV AGUANAMBI;;;0;;Colis?úo;Luz do Dia;Bom;Seca;Meio de Quadra;;Comercial;0;0;2;1;0;0;0;0;0;0;0;0;;
248776;11;2;2015;15:40;25071;AV DOS EXPEDICIONARIOS;RUA TEODORICO BARROSO;;0;;Colis?úo Transversal;Luz do Dia;Bom;Seca;Cruz;Pare;Comercial;0;1;1;1;0;0;0;0;0;1;0;0;-3,766646000000000;-38,541696000000000
248773;11;2;2015;09:45;0;RUA GERMANO FRANCK;;;880;;Colis?úo Lateral;Luz do Dia;Bom;Seca;Meio de Quadra;Outros;Misto;0;0;2;1;0;0;0;0;0;0;0;0;-3,778911000000000;-38,563996000000000
248771;11;2;2015;10:00;12766;RUA ALEXANDRE BARAUNA;RUA QUINTINO CUNHA;;0;;Colis?úo Transversal;Luz do Dia;Bom;Seca;Cruz;Pare;Residencial;0;0;2;1;0;0;0;0;0;0;0;0;-3,752943000000000;-38,546214000000000
248769;11;2;2015;19:20;0;AV PRS COSTA E SILVA;;;0;JOSE WALTER;Colis?úo Lateral;Mal Iluminada;Bom;Seca;Meio de Quadra;N?úo H?í Controle;Residencial;0;1;1;1;0;0;0;0;0;1;0;0;;
248758;11;2;2015;07:00;5065;AV ALBERTO NEPOMUCENO;RUA JOSE AVELINO;;0;;Colis?úo Traseira;Luz do Dia;Nublado;Seca;Cruz;N?úo H?í Controle;Comercial;0;0;2;1;0;0;0;0;0;0;0;0;-3,722081000000000;-38,523662000000000
248765;11;2;2015;20:00;1571;RUA CAROLINA SUCUPIRA;RUA VICENTE LEITE;;0;;Colis?úo Transversal;Via Iluminada;Bom;Seca;Cruz;Pare;Residencial;0;0;2;1;0;0;0;0;0;0;0;0;-3,742124000000000;-38,497020000000000
248766;11;2;2015;13:00;15370;AV DOM LUIS;AV SEN VIRGILIO TAVORA;;0;;Colis?úo Transversal;Luz do Dia;Bom;Seca;Cruz;Sem?íforo;Comercial;0;0;2;1;1;0;0;0;0;0;0;0;-3,734829000000000;-38,492507000000000
248760;11;2;2015;16:15;23727;RUA GABRIEL FIUZA;RUA MON AGOSTINHO;;0;;Colis?úo Transversal;Luz do Dia;Bom;Seca;Cruz;Pare;Misto;0;0;2;1;0;0;0;0;0;0;0;0;-3,786587000000000;-38,580412000000000
248761;11;2;2015;20:50;19465;RUA JOSE CAMELO;RUA PEDRO RIQUET;;0;;Colis?úo Transversal;Via Iluminada;Bom;Seca;Cruz;N?úo H?í Controle;Residencial;0;1;1;1;0;0;1;0;0;0;0;0;-3,780396000000000;-38,556321000000000
248762;11;2;2015;18:50;19068;AV ENG SANTANA JUNIOR;RUA PRO SILAS RIBEIRO;;0;;Colis?úo Traseira;;Bom;Seca;Cruz;Sem?íforo Intermitente;Comercial;0;0;2;1;0;0;0;0;0;0;0;0;-3,736968000000000;-38,482901000000000
248755;11;2;2015;13:55;23889;AV PRO MURILO DA SILVEIRA;RUA OLIVEIRA FILHO;;0;;Colis?úo Transversal;Luz do Dia;Bom;Seca;Cruz;N?úo H?í Controle;Residencial;0;1;1;0;1;0;0;0;0;1;0;0;-3,724546000000000;-38,465091000000000
248756;11;2;2015;06:20;0;AV RUI BARBOSA;;;0;;Capotamento;Luz do Dia;Bom;Seca;Meio de Quadra;Sem?íforo;Residencial;0;0;2;1;0;0;0;0;0;0;0;0;;
248780;11;2;2015;02:30;0;AV BEIRA MAR;;;3666;;Colis?úo Traseira;Via Iluminada;Bom;Seca;Meio de Quadra;N?úo H?í Controle;Residencial;0;1;1;1;0;0;0;0;0;1;0;0;-3,723409000000000;-38,487957000000000
259870;11;2;2015;13:48;0;RUA CON BRAVEZA;;;0;;Colis?úo;Luz do Dia;;;Meio de Quadra;;;0;0;2;1;0;0;0;0;0;0;0;0;;
259866;11;2;2015;12:45;0;AV SGT HERMINIO SAMPAIO;;;0;;;Luz do Dia;;;Meio de Quadra;;;0;0;2;1;0;0;0;0;0;0;0;0;;
259854;11;2;2015;09:48;0;AV FRE CIRILO;;;0;;Colis?úo;Luz do Dia;;;Meio de Quadra;;;0;0;2;1;0;0;0;0;0;0;0;0;;
259881;11;2;2015;16:03;0;AV BORGES DE MELO;;;0;;Colis?úo;Luz do Dia;;;Meio de Quadra;;;0;0;2;1;0;0;0;0;0;0;0;0;;
248738;11;2;2015;15:50;7862;AV ANTONIO SALES;RUA PRO DIAS DA ROCHA;;0;;Colis?úo Transversal;Luz do Dia;Bom;Seca;Cruz;Pare;Comercial;0;0;2;1;0;0;0;0;0;1;0;0;-3,747586000000000;-38,495535000000000
248740;11;2;2015;10:00;19759;RUA AMADEU FURTADO;RUA AZEVEDO BOLAO;;0;;Colis?úo Lateral;Luz do Dia;Bom;Seca;Cruz;Pare;Residencial;0;0;2;1;0;0;0;0;0;0;0;0;-3,737863000000000;-38,563588000000000