COD_ACIDENTE;DIA;MES;ANO;HORA;INTERSECAO;LOG1;LOG2;LOG3;NUMERO;REFERENCIA;NATUREZA;ILUMINACAO;TEMPO;SUPERFICIEPISTA;TIPOCRUZAMENTO;CONTROLETRAFEGO;USOSOLO;MORTOS;FERIDOS;ILESOS;AUTOMOVEL;ONIBUS;BICICLETA;CAMINHAO;MICROONIBUS;CICLOMOTOR;MOTOCICLETA;TRACAOANIMAL;TREM;LATITUDE;LONGITUDE
248742;11;2;2015;13:50;15225;RUA TEN BENEVOLO;RUA ILDEFONSO ALBANO;;0;;Colis?úo Lateral;Luz do Dia;Bom;Seca;Cruz;Sem?íforo;Comercial;0;0;2;0;1;0;0;0;0;0;0;0;-3,727294000000000;-38,511332000000000
248732;11;2;2015;05:50;22287;RUA JOSE CANDIDO D08;RUA JOSE MARROCOS;;0;;Colis?úo Traseira;Luz do Dia;Bom;Seca;Cruz;Pare;Residencial;0;0;2;1;0;0;0;0;0;0;0;0;-3,731044000000000;-38,551245000000000
248729;11;2;2015;05:30;4006;RUA DES PRAXEDES;RUA EDITE BRAGA;;0;;Colis?úo Traseira;Luz do Dia;Bom;Seca;Cruz;Pare;Residencial;0;0;2;1;0;0;1;0;0;0;0;0;-3,760633000000000;-38,547472000000000
248736;11;2;2015;13:30;1432;AV SANTOS DUMONT;AV SEN VIRGILIO TAVORA;;0;;Colis?úo Traseira;Luz do Dia;Bom;Seca;Cruz;Sem?íforo;Misto;0;0;2;1;0;0;0;0;0;0;0;0;-3,737828000000000;-38,493482000000000
248724;11;2;2015;16:00;0;AV DOMINGOS OLIMPIO;;;1050;;Colis?úo Lateral;Luz do Dia;Bom;Seca;Meio de Quadra;;Residencial;0;1;1;0;0;0;0;0;0;1;0;0;-3,735873000000000;-38,533283000000000
248725;11;2;2015;09:00;0;AV DOMINGOS OLIMPIO;;;0;;Colis?úo Transversal;Luz do Dia;Bom;Seca;Meio de Quadra;Sem?íforo;Comercial;0;0;2;1;0;0;0;0;0;0;0;0;;
248726;11;2;2015;15:20;15812;RUA CEL FRANCISCO PEREIRA (MESSEJANA);RUA MANUEL CASTELO BRANCO;;0;;Colis?úo Lateral;Luz do Dia;Bom;Seca;Cruz;Sem?íforo;Comercial;0;0;2;1;0;0;1;0;0;0;0;0;-3,831773000000000;-38,492929000000000
248727;11;2;2015;12:00;15501;AV FRE CIRILO;RUA FREDERICO SEVERO;;0;;Colis?úo Traseira;Luz do Dia;Bom;Seca;T;Pare;Comercial;0;0;2;1;0;0;0;0;0;0;0;0;-3,819870000000000;-38,496307000000000
248721;11;2;2015;09:40;0;AV DOS EXPEDICIONARIOS;;;2771;;Colis?úo Traseira;Luz do Dia;Bom;Seca;Meio de Quadra;N?úo H?í Controle;Comercial;0;0;2;1;0;0;0;0;0;0;0;0;;
248718;11;2;2015;13:00;0;RUA DR THOMPSON BULCAO;;;830;;Atropelamento;Luz do Dia;Bom;Seca;Meio de Quadra;N?úo H?í Controle;Comercial;0;1;1;0;0;0;0;0;0;1;0;0;;
248719;11;2;2015;07:40;0;RUA PDE PEDRO DE ALENCAR;;;1537;;Colis?úo Traseira;Luz do Dia;Bom;Seca;Meio de Quadra;N?úo H?í Controle;Residencial;0;0;2;1;0;0;0;0;0;0;0;0;-3,841408000000000;-38,494281000000000
248716;11;2;2015;15:32;0;AV BEZERRA DE MENEZES;;;2662;;Colis?úo Transversal;Luz do Dia;Bom;Seca;Meio de Quadra;N?úo H?í Controle;Comercial;0;0;2;1;0;0;0;0;0;0;0;0;-3,736479000000000;-38,568404000000000
248713;11;2;2015;08:00;17379;RUA TEN MOACIR MATOS;RUA EDITE BRAGA;;0;;Colis?úo Transversal;Luz do Dia;Bom;Seca;Cruz;Pare;Residencial;0;0;2;1;0;0;0;0;0;0;0;0;-3,766915000000000;-38,552921000000000
248709;11;2;2015;16:30;0;AV ANTONIO SALES;;;0;;Engavetamento;Luz do Dia;Bom;Seca;Meio de Quadra;Sem?íforo;Comercial;0;0;3;1;0;0;0;0;0;0;0;0;;
248710;11;2;2015;08:25;15349;RUA VICENTE LEITE;RUA REPUBLICA DO LIBANO;;0;;Colis?úo Transversal;Luz do Dia;Nublado;Seca;Cruz;Pare;Residencial;0;0;2;1;0;0;0;0;0;0;0;0;-3,732224000000000;-38,493841000000000
248705;11;2;2015;11:10;0;AV JOSE BASTOS;;;5130;;Colis?úo Traseira;Luz do Dia;Bom;Seca;Meio de Quadra;N?úo H?í Controle;Comercial;0;0;2;1;0;0;0;0;0;0;0;0;-3,757774000000000;-38,562297000000000
248706;11;2;2015;10:30;22082;RUA CAP FRANCISCO PEDRO;RUA ALEXANDRE BARAUNA;;0;;Colis?úo Transversal;Luz do Dia;Bom;Seca;Cruz;Pare;Comercial;0;2;0;1;0;0;0;0;0;1;0;0;-3,749020000000000;-38,550539000000000
248707;11;2;2015;13:20;15225;RUA TEN BENEVOLO;RUA ILDEFONSO ALBANO;;0;;Colis?úo Lateral;Luz do Dia;Bom;Seca;Cruz;Sem?íforo;Misto;0;0;2;1;0;0;0;0;0;0;0;0;-3,727294000000000;-38,511332000000000
258769;11;2;2015;11:55;0;AV WASHINGTON SOARES;;;1141;;Colis?úo;Luz do Dia;Bom;Seca;Meio de Quadra;;;0;1;1;1;0;0;0;0;0;1;0;0;-3,767271000000000;-38,482366000000000
258770;11;2;2015;14:30;0;AV SEN CARLOS JEREISSATI (AEROPORTO);;;0;KM 02;Colis?úo;Luz do Dia;;Seca;Meio de Quadra;;;0;0;2;1;0;0;0;0;0;0;0;0;-3,783932000000000;-38,529156000000000
258777;11;2;2015;14:30;0;RD CE-040;;;0;KM-11;Colis?úo;Luz do Dia;;Seca;Meio de Quadra;;;0;0;2;1;0;0;1;0;0;0;0;0;-3,844873000000000;-38,480252000000000
258778;11;2;2015;17:00;0;RD CE-040;;;0;KM-02;Colis?úo;Anoitecer;;Seca;Meio de Quadra;;;0;0;2;0;0;0;1;0;0;0;0;0;-3,776479000000000;-38,481598000000000
275957;11;2;2015;06:50;0;RD BR 116;;;4000;KM-04;Colis?úo Traseira;Luz do Dia;Bom;Seca;Meio de Quadra;;;0;3;3;1;0;0;0;0;0;0;0;0;;
257279;11;2;2015;00:11;0;RUA URUCUTUBA;;;1471;;Colis?úo;;;;Meio de Quadra;;;0;1;0;0;0;0;0;0;0;1;0;0;-3,797499000000000;-38,607755000000000
257286;11;2;2015;15:40;0;RUA JULIO CESAR D04;;;580;;Colis?úo Lateral;Luz do Dia;;;Meio de Quadra;;;0;1;0;0;0;0;0;0;0;1;0;0;;
257288;11;2;2015;20:20;0;AV WASHINGTON SOARES;;;1321;UNIFOR;Colis?úo Lateral;;;;Meio de Quadra;;;0;1;0;1;0;0;1;0;0;0;0;0;-3,769811000000000;-38,482138000000000
260286;11;2;2015;18:45;19224;AV SANTOS DUMONT;RUA FRANCISCO MATOS;;0;;Colis?úo;;;;Cruz;Sem?íforo;Comercial;0;0;2;0;0;0;0;0;0;0;0;0;-3,745497000000000;-38,469675000000000
260293;11;2;2015;19:53;13592;AV PONTES VIEIRA;RUA PRO CARVALHO;;0;;Colis?úo;;;;Cruz;Sem?íforo;Comercial;0;0;2;0;1;0;0;0;0;0;0;0;-3,752890000000000;-38,514949000000000
260283;11;2;2015;13:23;8930;AV DOMINGOS OLIMPIO;RUA JUSTINIANO DE SERPA;;0;;Colis?úo;Luz do Dia;;;Outros;Sem?íforo;Residencial;0;0;2;0;1;0;0;0;0;0;0;0;-3,733011000000000;-38,542468000000000
264068;11;2;2015;07:28;0;RUA MISERICORDIA;;;288;;Colis?úo;Luz do Dia;;;Meio de Quadra;;;0;0;2;0;0;0;0;0;0;0;0;0;;
264069;11;2;2015;09:37;0;AV DOS EXPEDICIONARIOS;;;7142;;Colis?úo;Luz do Dia;;;Meio de Quadra;;;0;0;2;0;0;0;0;0;0;0;0;0;-3,780200000000000;-38,545751000000000
264070;11;2;2015;09:37;0;AV BEZERRA DE MENEZES;;;109;;Queda;Luz do Dia;;;Meio de Quadra;;;0;0;1;0;0;0;0;0;0;1;0;0;-3,731762000000000;-38,545661000000000
264071;11;2;2015;10:06;0;RUA AMADEU FURTADO;;;298;;Colis?úo;Luz do Dia;;;Meio de Quadra;;;0;0;2;0;0;0;0;0;0;0;0;0;-3,738160000000000;-38,563531000000000
264072;11;2;2015;10:16;0;LOGRADOURO SEM NOME;;;279;;Choque c/ Obst?ículo Fixo;Luz do Dia;;;Meio de Quadra;;;0;0;1;0;0;0;0;0;0;0;0;0;;
264073;11;2;2015;10:39;0;RUA RODRIGUES ANDRADE;;;0;;Colis?úo;Luz do Dia;;;Meio de Quadra;;;0;0;2;0;0;0;0;0;0;0;0;0;;
264074;11;2;2015;10:56;0;AV AGUANAMBI;;;0;;Colis?úo;Luz do Dia;;;Meio de Quadra;;;0;0;2;0;0;0;0;0;0;0;0;0;;
264075;11;2;2015;13:04;5450;RUA MAJ FACUNDO;RUA ANTONIO POMPEU;;0;;Colis?úo;Luz do Dia;;;Cruz;Pare;Comercial;0;0;2;0;0;0;0;0;0;0;0;0;-3,734923000000000;-38,530216000000000
264076;11;2;2015;14:02;0;AV ROGACIANO LEITE;;;250;;Colis?úo;Luz do Dia;;;Meio de Quadra;;;0;0;2;0;0;0;0;0;0;0;0;0;-3,759956000000000;-38,492436000000000
264077;11;2;2015;16:26;19081;RUA DES WALDETARIO P MOTA;RUA EDUARDO SABOIA;;0;;Colis?úo;Luz do Dia;;;Cruz;Pare;Comercial;0;0;2;0;0;0;0;0;0;0;0;0;-3,737338000000000;-38,480948000000000
264078;11;2;2015;15:08;0;AV FRE CIRILO;;;4100;;Colis?úo;Luz do Dia;;;Meio de Quadra;;;0;0;2;0;0;0;0;0;0;0;0;0;-3,819945000000000;-38,496273000000000
264079;11;2;2015;21:51;6059;RUA MIN ALBUQUERQUE LIMA;AV C CJ CEARA;;0;;Colis?úo;;;;Com Via F?®rrea;Pare;Comercial;0;0;2;0;0;0;0;0;0;0;0;0;-3,770669000000000;-38,604700000000000
264080;11;2;2015;21:54;0;RUA ANA GONCALVES;;;630;;Colis?úo;;;;Meio de Quadra;;;0;0;2;0;0;0;0;0;0;0;0;0;-3,759356000000000;-38,510522000000000
264081;11;2;2015;21:55;5712;RUA ULISSES BEZERRA;RUA MELO CESAR;;0;;Colis?úo;;;;;;;0;0;2;0;0;0;0;0;0;0;0;0;-3,799364000000000;-38,502151000000000
264082;11;2;2015;21:57;0;AV PRO JOSE ARTHUR CARVALHO;;;0;;Atropelamento;;;;Meio de Quadra;;;0;0;2;0;0;0;0;0;0;0;0;0;;
264083;11;2;2015;22:12;0;RUA EMILIA GONCALVES;;;843;;Colis?úo;;;;Meio de Quadra;;;0;0;2;0;0;0;0;0;0;0;0;0;;
260640;11;2;2015;13:40;0;AV GAL OSORIO DE PAIVA;;;0;;Colis?úo;Luz do Dia;;;Meio de Quadra;;;0;1;1;0;0;0;0;0;0;0;0;0;-3,820302000000000;-38,617160000000000
260643;11;2;2015;16:05;0;AV GAL OSORIO DE PAIVA;;;6020;;Colis?úo;Luz do Dia;;;Meio de Quadra;;;0;1;1;1;0;0;0;0;0;1;0;0;-3,808490000000000;-38,605698000000000
260646;11;2;2015;18:58;0;RUA OSCAR FRANCA;;;0;;Colis?úo;;;;Meio de Quadra;;;0;1;1;0;0;0;0;0;0;0;0;0;;
260648;11;2;2015;20:51;0;AV FRANCISCO SA;;;0;;Atropelamento;;;;Meio de Quadra;;;0;1;1;0;0;0;0;0;0;1;0;0;-3,717662000000000;-38,556503000000000
260651;11;2;2015;21:02;0;AV CESAR CALS;;;0;;Colis?úo;;;;Meio de Quadra;;;0;2;0;0;0;0;0;0;0;0;0;0;-3,726462000000000;-38,461598000000000
260652;11;2;2015;21:39;0;AV CENTRAL;;;0;;Colis?úo;;;;Meio de Quadra;;;0;1;1;1;0;0;0;0;0;1;0;0;;
260653;11;2;2015;22:48;1437;RUA SILVA PAULET;RUA JOAO CARVALHO;;0;;Colis?úo;;;;Cruz;Pare;Comercial;0;1;1;1;0;0;0;0;0;1;0;0;-3,737966000000000;-38,506557000000000
260636;11;2;2015;08:36;24388;RUA LINEU JUCA;RUA MOREIRA GOMES;;0;;Colis?úo;Luz do Dia;;;;;;0;1;1;1;0;0;0;0;0;1;0;0;-3,767720000000000;-38,536319000000000
260637;11;2;2015;09:09;0;AV PRS CASTELO BRANCO;;;1001;;Colis?úo;Luz do Dia;;;Meio de Quadra;;;0;1;1;1;0;0;0;0;0;1;0;0;-3,719131000000000;-38,532533000000000
260638;11;2;2015;09:33;0;RUA PAPI JUNIOR;RUA PRO COSTA MENDES;;0;;Atropelamento;Luz do Dia;;;;;;0;1;1;0;1;0;0;0;0;0;0;0;;
253540;11;2;2015;18:10;0;RD BR 222;;;0;KM-02;Colis?úo Lateral;Anoitecer;Bom;Seca;Meio de Quadra;N?úo H?í Controle;Comercial;0;0;2;1;0;0;0;0;0;0;0;0;-3,738951000000000;-38,586880000000000
253576;11;2;2015;17:45;0;RD BR 222;;;0;KM-02;Colis?úo Lateral;Anoitecer;Bom;Seca;Meio de Quadra;N?úo H?í Controle;Comercial;0;1;1;1;0;0;0;0;0;1;0;0;-3,738951000000000;-38,586880000000000
253577;11;2;2015;15:20;0;RD BR 222;;;0;KM-03;Colis?úo Traseira;Luz do Dia;Bom;Seca;Meio de Quadra;N?úo H?í Controle;Comercial;0;0;3;1;0;0;0;0;0;0;0;0;-3,736999000000000;-38,571997000000000
253513;12;2;2015;18:40;0;RD BR 116;;;1000;KM-01;Colis?úo Traseira;Via Iluminada;Bom;Seca;Meio de Quadra;N?úo H?í Controle;Comercial;0;0;2;1;0;0;0;0;0;0;0;0;-3,762554000000000;-38,518702000000000
253499;12;2;2015;08:00;0;RD BR 116;;;5000;KM-05;Tombamento;Luz do Dia;Nublado;Molhada;Meio de Quadra;N?úo H?í Controle;Comercial;0;1;0;0;0;0;0;0;0;1;0;0;-3,796502000000000;-38,506787000000000
260660;12;2;2015;05:54;0;AV SGT HERMINIO SAMPAIO;;;0;;Colis?úo;Amanhecer;;;Meio de Quadra;;;0;1;1;0;0;0;0;0;0;0;0;0;;
260662;12;2;2015;06:22;0;RUA ANTONIO POMPEU;;;0;;Colis?úo;Luz do Dia;;;Meio de Quadra;;;0;1;1;0;0;0;0;0;0;0;0;0;;
260667;12;2;2015;06:36;0;AV BEZERRA DE MENEZES;;;0;;Colis?úo;Luz do Dia;;;Meio de Quadra;;;0;1;1;0;0;0;0;0;0;0;0;0;-3,733780000000000;-38,555321000000000
260670;12;2;2015;06:39;0;AV CEL CARVALHO;;;0;;Colis?úo;Luz do Dia;;;Meio de Quadra;;;0;1;1;0;0;0;0;0;0;0;0;0;;
260672;12;2;2015;06:52;0;AV PRS COSTA E SILVA;;;0;JOSE WALTER;Colis?úo;Luz do Dia;;;Meio de Quadra;;;0;1;1;0;0;0;0;0;0;0;0;0;;
260673;12;2;2015;07:32;0;AV PRS JUSCELINO KUBITSCHEK (PASSAR?ë);;;0;;Colis?úo;Luz do Dia;;;Meio de Quadra;;;0;1;1;0;0;0;0;0;0;1;0;0;;
260674;12;2;2015;07:45;0;AV CHANC EDSON QUEIROZ;;;0;;Colis?úo;Luz do Dia;;;Meio de Quadra;;;0;1;1;1;0;0;0;0;0;1;0;0;;
260689;12;2;2015;07:57;0;AV OLIVEIRA PAIVA;;;0;;Queda;Luz do Dia;;;Meio de Quadra;;;0;1;0;0;0;0;0;0;0;1;0;0;-3,798775000000000;-38,503389000000000
260691;12;2;2015;08:05;0;AV OLIVEIRA PAIVA;;;202;VIADUTO - BR-116;Queda;Luz do Dia;;;Meio de Quadra;;;0;1;0;0;0;0;0;0;0;1;0;0;-3,798688000000000;-38,503354000000000
260693;12;2;2015;08:22;0;RUA HOLANDA;;;0;;Queda;Luz do Dia;;;Meio de Quadra;;;0;1;0;0;0;0;0;0;0;1;0;0;-3,799411000000000;-38,561885000000000
260695;12;2;2015;08:47;0;AV LAURO VIEIRA CHAVES;;;0;;Colis?úo;Luz do Dia;;;Meio de Quadra;;;0;1;1;1;0;0;0;0;0;1;0;0;-3,771195000000000;-38,542723000000000
260697;12;2;2015;09:22;0;RUA CESAR CORREIA;;;346;;Colis?úo;Luz do Dia;;;Meio de Quadra;;;0;1;1;1;0;0;0;0;0;1;0;0;-3,708609000000000;-38,572143000000000
260698;12;2;2015;09:43;0;RUA JACINTO MATOS;;;0;;Colis?úo;Luz do Dia;;;Meio de Quadra;;;0;1;1;0;0;0;0;0;0;0;0;0;-3,718844000000000;-38,546726000000000
260703;12;2;2015;12:12;0;AV TEN LISBOA;;;0;;Outros;Luz do Dia;;;Meio de Quadra;;;0;1;0;1;0;0;0;0;0;0;0;1;;
260707;12;2;2015;12:21;13402;AV ANTONIO SALES;RUA ILDEFONSO ALBANO;;0;;Atropelamento;Luz do Dia;;;Cruz;N?úo H?í Controle;Comercial;0;1;1;0;1;0;0;0;0;0;0;0;-3,741238000000000;-38,515947000000000
260712;12;2;2015;13:50;0;AV H CJ CEARA;;;0;;Colis?úo;Luz do Dia;;;Meio de Quadra;;;0;1;1;1;0;0;0;0;0;1;0;0;;
260713;12;2;2015;13:52;0;AV EDILSON B SOARES;;;0;;Colis?úo;Luz do Dia;;;Meio de Quadra;;;0;1;1;0;0;0;0;0;0;0;0;0;-3,787908000000000;-38,462599000000000
260714;12;2;2015;15:44;0;AV JOVITA FEITOSA;;;0;;Colis?úo;Luz do Dia;;;Meio de Quadra;;;0;1;1;0;0;0;0;0;0;0;0;0;-3,737959000000000;-38,547289000000000
260716;12;2;2015;16:38;0;AV GOV RAUL BARBOSA;;;0;;Colis?úo;Luz do Dia;;;Meio de Quadra;;;0;1;1;1;0;0;0;0;0;0;0;0;-3,772572000000000;-38,512345000000000
260717;12;2;2015;17:19;0;RUA ANDRE REBOUCAS;;;306;;Colis?úo;Anoitecer;;;Meio de Quadra;;;0;1;1;1;0;0;0;0;0;1;0;0;-3,775539000000000;-38,590726000000000
260718;12;2;2015;19:09;0;RUA METON DE ALENCAR;;;0;;Colis?úo;;;;Meio de Quadra;;;0;1;1;0;0;0;0;0;0;0;0;0;-3,730804000000000;-38,539426000000000
260710;12;2;2015;12:25;0;RUA JACINTO MATOS;;;0;;Outros;Luz do Dia;;;Meio de Quadra;;;0;1;0;1;0;0;0;0;0;0;0;1;;
260722;12;2;2015;20:28;0;AV PRS CASTELO BRANCO;;;4300;;Colis?úo;;;;Meio de Quadra;;;0;1;1;0;0;0;0;0;0;0;0;0;-3,707613000000000;-38,570575000000000
260724;12;2;2015;21:07;0;RUA JOSE PEDRA;RUA JOSE LITO OLIVEIRA;;0;;Colis?úo;;;;;;;0;1;1;1;0;0;0;0;0;1;0;0;-3,794035000000000;-38,549215000000000
264084;12;2;2015;00:44;0;AV CENTRAL;;;0;;Colis?úo;;;;Meio de Quadra;;;0;0;2;0;0;0;0;0;0;0;0;0;;
264085;12;2;2015;00:45;9186;RUA NAPOLEAO LAUREANO;RUA MIN JOAQUIM BASTOS D14;;0;;Colis?úo;;;;Cruz;Pare;Residencial;0;0;2;0;0;0;0;0;0;0;0;0;-3,751813000000000;-38,530508000000000
264086;12;2;2015;10:28;0;RUA ROSA LEITE OLIVEIRA;;;526;;Colis?úo;Luz do Dia;;;Meio de Quadra;;;0;0;2;0;0;0;0;0;0;0;0;0;-3,722414000000000;-38,586841000000000
264087;12;2;2015;11:00;0;RUA BAR ARACATI;;;2150;;Colis?úo;Luz do Dia;;;Meio de Quadra;;;0;0;2;0;0;0;0;0;0;0;0;0;-3,739976000000000;-38,514402000000000
264088;12;2;2015;12:39;23448;RUA ALVARO BOMILCAR;RUA PAULO FIRMEZA;;0;;Colis?úo;Luz do Dia;;;Cruz;Pare;Residencial;0;0;2;0;0;0;0;0;0;0;0;0;-3,756867000000000;-38,509917000000000
264089;12;2;2015;13:18;9138;RUA MON OTAVIO CASTRO;RUA DR JOSE VITOR;;0;;Colis?úo;Luz do Dia;;;Cruz;Pare;Outros;0;0;2;0;0;0;0;0;0;0;0;0;-3,747812000000000;-38,526895000000000
264091;12;2;2015;13:57;1242;RUA DR JOSE LOURENCO;RUA COSTA BARROS;;0;;Colis?úo;Luz do Dia;;;Cruz;Pare;Misto;0;0;2;0;0;0;0;0;0;0;0;0;-3,731870000000000;-38,506927000000000
264092;12;2;2015;14:36;0;AV LAURO VIEIRA CHAVES;;;0;;Colis?úo;Luz do Dia;;;Meio de Quadra;;;0;0;2;0;0;0;0;0;0;0;0;0;;
264093;12;2;2015;16:22;0;RUA PEDRO SAMPAIO;;;0;;Atropelamento;Luz do Dia;;;Meio de Quadra;;;0;0;2;0;0;0;0;0;0;0;0;0;;
264094;12;2;2015;17:35;21704;RUA CARLOS ARAUJO;RUA DR JOSE GOIANA;;0;;Colis?úo;Anoitecer;;;Cruz;N?úo H?í Controle;Residencial;0;0;2;0;0;0;0;0;0;0;0;0;-3,727401000000000;-38,590442000000000
264096;12;2;2015;19:06;0;RUA JOSE TORRES;;;855;;Colis?úo;;;;Meio de Quadra;;;0;0;2;0;0;0;0;0;0;0;0;0;-3,778638000000000;-38,606898000000000
264102;12;2;2015;21:59;15144;AV MON TABOSA;AV RUI BARBOSA;;0;;Colis?úo;;;;Cruz;Pare;Comercial;0;0;2;0;0;0;0;0;0;0;0;0;-3,724441000000000;-38,505696000000000
264103;12;2;2015;22:22;24988;RUA FRE MANSUETO;RUA TAVARES COUTINHO;;0;;Colis?úo;;;;Cruz;Sem?íforo Intermitente;Comercial;0;0;2;0;0;0;0;0;0;0;0;0;-3,732638000000000;-38,488784000000000
264099;12;2;2015;21:36;0;AV CASTELO DE CASTRO;;;0;;Colis?úo;;;;Meio de Quadra;;;0;0;2;0;0;0;0;0;0;0;0;0;;
264100;12;2;2015;21:49;0;RUA CEL MANUEL ANTONIO LEITE;;;330;;Colis?úo;;;;Meio de Quadra;;;0;0;2;0;0;0;0;0;0;0;0;0;-3,774096000000000;-38,592708000000000
260294;12;2;2015;09:38;21343;RUA DOM MANUEL DE MEDEIROS;RUA CARVALHO MOTA;;0;;Colis?úo;Luz do Dia;;;Cruz;Pare;Residencial;0;0;2;0;0;0;0;0;0;0;0;0;-3,735202000000000;-38,545126000000000
257297;12;2;2015;12:20;12404;AV LINEU MACHADO;AV SEN FERNANDES TAVORA;;0;;Choque c/ Obst?ículo Fixo;Luz do Dia;;;Cruz;N?úo H?í Controle;Misto;0;1;0;1;0;0;0;0;0;0;0;0;-3,765199000000000;-38,576540000000000
257298;12;2;2015;13:40;0;AV AGUANAMBI;;;1555;;Colis?úo;Luz do Dia;;;Meio de Quadra;;;0;1;0;1;0;0;0;0;0;1;0;0;-3,750899000000000;-38,523573000000000
274719;12;2;2015;21:00;0;AV ALBERTO CRAVEIRO;;;1151;;Queda;;;;Meio de Quadra;;;0;0;1;0;0;0;0;0;0;1;0;0;;
258780;12;2;2015;06:00;0;AV SEN CARLOS JEREISSATI (AEROPORTO);;;0;;Colis?úo;Luz do Dia;;Seca;Meio de Quadra;;;0;0;2;1;1;0;0;0;0;0;0;0;;
258781;12;2;2015;18:50;0;RD CE-040;;;0;KM-02;Colis?úo;Via Iluminada;;Seca;Meio de Quadra;;;0;0;2;1;1;0;0;0;0;0;0;0;-3,776479000000000;-38,481598000000000
274738;12;2;2015;16:00;23378;RUA CAP TIBURCIO DA FROTA;RUA TIBURCIO CAVALCANTE;;0;;Colis?úo Transversal;Luz do Dia;;;T;Pare;Residencial;0;3;0;0;0;0;0;0;1;1;0;0;;
248885;12;2;2015;12:50;8613;AV EDILSON B SOARES;RUA EUNICE WEVER D57;;0;;Colis?úo Transversal;Via Iluminada;Bom;Seca;Cruz;Pare;Residencial;0;1;1;0;1;0;0;0;0;0;0;0;-3,787916000000000;-38,462681000000000
259898;12;2;2015;10:06;0;RUA URUCUTUBA;;;1336;;Colis?úo;Luz do Dia;;;Meio de Quadra;;;0;0;2;0;0;0;0;0;0;0;0;0;-3,797330000000000;-38,606298000000000
259929;12;2;2015;10:06;0;RUA PEREIRA DE MIRANDA;;;0;;Colis?úo;Luz do Dia;;;Meio de Quadra;;;0;0;2;1;0;0;0;0;0;0;0;0;;
248782;12;2;2015;19:00;13383;AV ANTONIO SALES;RUA GONCALVES LEDO;;0;;Colis?úo Transversal;Via Iluminada;Bom;Seca;Cruz;Pare;Comercial;0;1;1;1;0;0;0;0;0;1;0;0;-3,740227000000000;-38,519165000000000
248784;12;2;2015;06:20;0;AV RAD JOSE LIMA VERDE;;;1348;;Colis?úo Transversal;Amanhecer;Bom;Seca;Meio de Quadra;Pare;Misto;1;0;1;0;1;0;0;0;0;1;0;0;;
248785;12;2;2015;19:00;5424;RUA BAR RIO BRANCO;RUA METON DE ALENCAR;;0;;Colis?úo Lateral;Anoitecer;Bom;Seca;Cruz;Sem?íforo;Comercial;0;1;1;1;0;0;0;0;0;1;0;0;-3,733701000000000;-38,530563000000000
248786;12;2;2015;15:40;0;AV 13 DE MAIO;;;1271;;Colis?úo Traseira;Luz do Dia;Bom;Seca;Meio de Quadra;N?úo H?í Controle;Comercial;0;0;1;1;1;0;0;0;0;0;0;0;-3,748355000000000;-38,530460000000000
248789;12;2;2015;09:30;0;AV ALBERTO CRAVEIRO;;;0;;Colis?úo Traseira;Luz do Dia;Bom;Seca;Meio de Quadra;Sem?íforo;Comercial;0;0;2;1;0;0;0;0;0;0;0;0;;
248814;12;2;2015;20:00;0;AV SEN FERNANDES TAVORA;;;471;;Engavetamento;Via Iluminada;Bom;Seca;Meio de Quadra;Sem?íforo;Comercial;0;0;3;1;0;0;0;0;0;0;0;0;-3,765159000000000;-38,576612000000000
248808;12;2;2015;11:30;0;AV AGUANAMBI;;;1770;;Colis?úo Lateral;Luz do Dia;Bom;Seca;Meio de Quadra;;Comercial;0;1;1;1;0;0;0;0;0;1;0;0;-3,752151000000000;-38,523386000000000
248809;12;2;2015;08:20;25261;AV LINEU MACHADO;RUA DR SULIANO;;0;;Colis?úo Traseira;Luz do Dia;Nublado;Seca;Cruz;Pare;Misto;0;1;1;1;0;0;0;0;0;1;0;0;;
248810;12;2;2015;10:30;5109;AV ALBERTO NEPOMUCENO;RUA DR JOAO MOREIRA;;0;;Colis?úo Lateral;Luz do Dia;Bom;Seca;T;Sem?íforo;Comercial;0;0;2;1;0;0;1;0;0;0;0;0;-3,723737000000000;-38,524608000000000
248811;12;2;2015;07:00;0;AV LUCIANO CARNEIRO;;;625;;Colis?úo Traseira;Luz do Dia;Bom;Seca;Meio de Quadra;Sem?íforo;Residencial;0;0;2;1;0;0;0;0;0;0;0;0;-3,753855000000000;-38,533293000000000
248812;12;2;2015;07:00;8937;RUA ANTONIO POMPEU;RUA CARLOS SEVERO;;0;;Colis?úo Transversal;Luz do Dia;Nublado;Seca;Cruz;Pare;Comercial;0;2;0;0;0;0;0;0;0;1;0;0;-3,731863000000000;-38,541865000000000
248817;12;2;2015;13:40;12762;AV BORGES DE MELO;RUA JORGE DUMAR;;0;;Colis?úo Traseira;Luz do Dia;Bom;Seca;Cruz;Sem?íforo;Misto;0;0;2;1;0;0;0;0;0;0;0;0;-3,752695000000000;-38,539369000000000
248820;12;2;2015;18:30;5965;AV C CJ CEARA;AV F CJ CEARA;;0;;Colis?úo Transversal;Luz do Dia;Bom;Seca;T;Pare;Residencial;0;0;2;1;0;0;0;0;0;0;0;0;-3,762701000000000;-38,609559000000000
248824;12;2;2015;13:30;0;AV A CJ CEARA;;;2332;;Choque c/ Obst?ículo Fixo;Luz do Dia;Bom;Seca;Meio de Quadra;N?úo H?í Controle;Misto;0;1;0;0;0;0;0;0;0;1;0;0;;
248825;12;2;2015;12:38;14847;TR WALDIR DIOGO;RUA WALDIR DIOGO;;0;;Colis?úo Lateral;Luz do Dia;Bom;Seca;Cruz;Pare;Residencial;0;0;2;1;1;0;0;0;0;0;0;0;-3,807105000000000;-38,581050000000000