COD_ACIDENTE;DIA;MES;ANO;HORA;INTERSECAO;LOG1;LOG2;LOG3;NUMERO;REFERENCIA;NATUREZA;ILUMINACAO;TEMPO;SUPERFICIEPISTA;TIPOCRUZAMENTO;CONTROLETRAFEGO;USOSOLO;MORTOS;FERIDOS;ILESOS;AUTOMOVEL;ONIBUS;BICICLETA;CAMINHAO;MICROONIBUS;CICLOMOTOR;MOTOCICLETA;TRACAOANIMAL;TREM;LATITUDE;LONGITUDE
248822;12;2;2015;23:10;0;AV PRS COSTA E SILVA;;;1342;;Queda;Via Iluminada;Bom;Seca;Meio de Quadra;N?úo H?í Controle;Comercial;0;1;0;0;0;0;0;0;0;1;0;0;;
248828;12;2;2015;13:40;15357;RUA PEREIRA VALENTE;RUA LEONARDO MOTA;;0;;Colis?úo Transversal;Luz do Dia;Bom;Seca;Cruz;Pare;Misto;0;0;2;1;0;0;0;0;0;0;0;0;-3,732885000000000;-38,495134000000000
248832;12;2;2015;07:00;0;AV CARAPINIMA;;;1821;;Colis?úo Lateral;Luz do Dia;Bom;Seca;Outros;Outros;Misto;0;2;1;1;0;0;0;0;0;1;0;0;-3,737342000000000;-38,537474000000000
248833;12;2;2015;20:37;14677;AV OLIVEIRA PAIVA;RUA GAL CAIADO DE CASTRO;;0;;Colis?úo Traseira;Via Iluminada;Bom;Seca;Cruz;N?úo H?í Controle;Comercial;0;0;3;1;0;0;0;0;0;0;0;0;-3,795928000000000;-38,490473000000000
248830;12;2;2015;07:45;7576;AV DR SILAS MUNGUBA;RUA XII UI 611;;0;;Colis?úo Traseira;Luz do Dia;Bom;Seca;Cruz;Outros;Misto;0;0;3;1;0;0;0;0;0;0;0;0;-3,794723000000000;-38,533448000000000
248836;12;2;2015;19:30;19062;RUA DES WALDETARIO P MOTA;RUA PAULO MORAIS;;0;;Colis?úo Lateral;Anoitecer;Bom;Seca;Cruz;Pare;Residencial;0;0;2;1;0;0;0;0;0;0;0;0;-3,736632000000000;-38,480491000000000
248792;12;2;2015;17:00;0;AV GOV RAUL BARBOSA;;;6666;;Choque c/ Obst?ículo Fixo;Anoitecer;Bom;Seca;Meio de Quadra;N?úo H?í Controle;Misto;0;1;0;1;0;0;0;0;0;0;0;0;-3,772572000000000;-38,512345000000000
248793;12;2;2015;09:50;15360;AV DES MOREIRA;AV DOM LUIS;;0;;Colis?úo Lateral;Luz do Dia;Chuva;Seca;Rotat??ria;;Misto;0;0;2;1;0;0;0;0;0;0;0;0;-3,733239000000000;-38,497383000000000
248794;12;2;2015;19:10;5742;AV OLIVEIRA PAIVA;RUA MANUEL MONTEIRO;;0;;Colis?úo Traseira;Via Iluminada;Bom;Seca;Cruz;Sem?íforo;Comercial;0;0;2;1;0;0;0;0;0;0;0;0;-3,795496000000000;-38,494140000000000
248795;12;2;2015;14:00;0;RUA ANTONIO BARROS;;;0;;Colis?úo Transversal;Luz do Dia;Bom;Seca;Meio de Quadra;Pare;Residencial;0;0;2;1;0;0;0;0;0;0;0;0;;
248796;12;2;2015;15:30;0;RUA PDE PEDRO DE ALENCAR;;;523;;Colis?úo Traseira;Luz do Dia;Bom;Seca;Meio de Quadra;N?úo H?í Controle;Misto;0;0;2;1;0;0;0;0;0;0;0;0;-3,832658000000000;-38,494025000000000
248797;12;2;2015;12:00;0;AV DOS EXPEDICIONARIOS;;;0;;Colis?úo Traseira;Luz do Dia;Bom;Seca;Meio de Quadra;Sem?íforo;Comercial;0;0;2;1;0;0;0;0;0;0;0;0;;
248798;12;2;2015;12:30;0;RUA OLIVEIRA SOBRINHO;;;0;;Choque c/ Obst?ículo Fixo;Luz do Dia;Bom;Seca;Meio de Quadra;;Comercial;0;0;1;0;0;0;1;0;0;0;0;0;;
248799;12;2;2015;18:20;3811;RUA TEREZA CRISTINA;RUA LUIS DE MIRANDA;;0;;Colis?úo Transversal;Via Iluminada;Bom;Seca;Cruz;Pare;Residencial;0;0;2;1;0;0;0;0;0;0;0;0;-3,737524000000000;-38,539896000000000
248800;12;2;2015;13:30;0;RUA HENRIQUETA GALENO;;;1080;;Colis?úo Lateral;Luz do Dia;Bom;Seca;Meio de Quadra;N?úo H?í Controle;Residencial;0;0;2;0;0;0;0;0;0;0;0;0;-3,748266000000000;-38,490016000000000
248801;12;2;2015;22:00;15333;RUA PRO DIAS DA ROCHA;RUA ANA BILHAR;;0;;Colis?úo Lateral;Via Iluminada;Bom;Seca;Cruz;Pare;Lazer;0;0;2;1;0;0;0;0;0;0;0;0;-3,731209000000000;-38,490300000000000
248802;12;2;2015;16:00;1564;RUA CAROLINA SUCUPIRA;RUA LEONARDO MOTA;;0;;Colis?úo Lateral;Luz do Dia;;;Cruz;Pare;Rural;0;0;2;1;0;0;0;0;0;0;0;0;-3,741825000000000;-38,497995000000000
248803;13;2;2015;09:00;0;AV PRS COSTA E SILVA;;;4284;;Colis?úo Transversal;Luz do Dia;Bom;Seca;Meio de Quadra;;;1;1;0;0;0;0;0;0;0;1;0;0;;
248804;13;2;2015;17:00;99;RUA MARTINS NETO;RUA TOMAS RODRIGUES;;0;;Colis?úo Lateral;Anoitecer;Bom;Seca;Cruz;Outros;Residencial;0;0;2;1;1;0;0;0;0;0;0;0;-3,741063000000000;-38,593771000000000
248805;13;2;2015;04:40;19330;RUA PERDIGAO DE OLIVEIRA;RUA STA LIGIA;;0;;Colis?úo Transversal;Amanhecer;Bom;Seca;Cruz;N?úo H?í Controle;Misto;1;0;1;0;0;0;0;0;0;1;0;0;-3,775620000000000;-38,573950000000000
248806;13;2;2015;15:00;0;RUA BAR RIO BRANCO;;;2540;;Colis?úo Traseira;Luz do Dia;Bom;Seca;Meio de Quadra;Pare;Comercial;0;0;2;1;0;0;0;0;0;1;0;0;-3,740395000000000;-38,532702000000000
248807;13;2;2015;00:10;10999;RUA 15 DE NOVEMBRO;RUA ALBERTO MAGNO;;0;;Colis?úo Transversal;Via Iluminada;Bom;Seca;Cruz;Pare;Residencial;0;1;1;1;0;0;0;0;0;1;0;0;-3,769909000000000;-38,553169000000000
248831;13;2;2015;20:54;15233;RUA JULIO IBIAPINA;RUA JUAZEIRO DO NORTE;;0;;Colis?úo Transversal;Via Iluminada;Bom;Seca;Cruz;Pare;Comercial;0;0;2;1;0;0;0;0;0;1;0;0;-3,727527000000000;-38,491155000000000
248840;13;2;2015;09:20;0;AV BAR STUDART;;;671;;Colis?úo Transversal;Luz do Dia;Bom;Seca;Meio de Quadra;N?úo H?í Controle;Comercial;0;0;2;1;0;0;0;0;0;0;0;0;-3,729933000000000;-38,505080000000000
248841;13;2;2015;16:00;0;AV BEZERRA DE MENEZES;;;25;;Colis?úo Traseira;Luz do Dia;Bom;Seca;Meio de Quadra;Sem?íforo;Comercial;0;1;1;1;0;0;1;0;0;0;0;0;-3,730585000000000;-38,540036000000000
248843;13;2;2015;19:30;0;RUA JUSTINIANO DE SERPA;;;115;;Colis?úo Lateral;Via Iluminada;Bom;Seca;Meio de Quadra;Outros;Misto;0;0;2;1;1;0;0;0;0;0;0;0;-3,732114000000000;-38,542654000000000
248848;13;2;2015;10:30;12857;RUA FLORIANO PEIXOTO;RUA CARLOS GOMES;;0;;Colis?úo Transversal;Luz do Dia;Bom;Seca;Cruz;Pare;Comercial;0;0;2;1;0;0;0;0;0;1;0;0;-3,739998000000000;-38,531321000000000
248849;13;2;2015;06:45;0;AV DOMINGOS OLIMPIO;;;123;;Colis?úo Lateral;Luz do Dia;Bom;Seca;Meio de Quadra;;Comercial;0;1;1;1;0;0;0;0;0;1;0;0;-3,738657000000000;-38,524692000000000
248850;13;2;2015;11:30;1510;RUA JOSE VILAR;AV JULIO VENTURA;;0;;Queda;Luz do Dia;Bom;Seca;Cruz;;Comercial;0;0;1;1;0;0;0;0;0;0;0;0;-3,739985000000000;-38,506014000000000
248852;13;2;2015;10:00;5287;RUA COSTA BARROS;TR CASTRO ALVES;;0;;Colis?úo Transversal;Luz do Dia;Bom;Seca;T;Cancela Danificada;Misto;0;1;1;1;0;0;0;0;0;1;0;0;-3,728880000000000;-38,515944000000000
248853;13;2;2015;17:20;5136;RUA SAO JOSE D03;RUA RUFINO DE ALENCAR;;0;;Colis?úo Lateral;Luz do Dia;Bom;Seca;T;N?úo H?í Controle;Comercial;0;0;2;1;0;0;0;0;0;0;0;0;-3,724460000000000;-38,523826000000000
248854;13;2;2015;19:30;5249;RUA SEN ALMIR PINTO;RUA COSTA BARROS;;0;;Colis?úo Lateral;Via Iluminada;Bom;Seca;;Pare;Comercial;0;0;2;0;0;0;0;0;0;0;0;0;-3,727742000000000;-38,519688000000000
248855;13;2;2015;20:00;9018;RUA SOLON PINHEIRO;RUA SALDANHA MARINHO;;0;;Colis?úo Transversal;Via Iluminada;Bom;Seca;Cruz;Pare;Residencial;0;0;2;1;0;0;0;0;0;1;0;0;-3,742594000000000;-38,530406000000000
248856;13;2;2015;13:15;0;AV N CJ JOSE WALTER;;;531;;Colis?úo Lateral;Luz do Dia;Bom;Seca;Outros;N?úo H?í Controle;Residencial;0;1;1;1;1;0;0;0;0;0;0;0;-3,826341000000000;-38,559064000000000
248846;13;2;2015;18:00;0;AV PONTES VIEIRA;;;1485;;Engavetamento;Via Iluminada;Bom;Seca;Meio de Quadra;Sem?íforo;Comercial;0;0;3;1;0;0;0;0;0;0;0;0;-3,752061000000000;-38,507830000000000
248859;13;2;2015;19:40;0;AV SEN FERNANDES TAVORA;;;963;;Colis?úo Traseira;Via Iluminada;Bom;Seca;Meio de Quadra;N?úo H?í Controle;Comercial;0;0;2;1;0;0;0;0;0;0;0;0;-3,762412000000000;-38,581749000000000
248834;13;2;2015;20:30;0;AV GOV RAUL BARBOSA;;;7140;;Colis?úo Traseira;Via Iluminada;Bom;Seca;Meio de Quadra;Sem?íforo;Residencial;0;0;2;1;0;0;0;0;0;0;0;0;-3,775123000000000;-38,512975000000000
248835;13;2;2015;05:00;0;AV GOV RAUL BARBOSA;;;5106;;Colis?úo Traseira;Via Iluminada;Bom;Seca;Meio de Quadra;Sem?íforo;Outros;0;1;1;0;0;0;1;0;0;0;0;0;-3,763122000000000;-38,508548000000000
248829;13;2;2015;18:30;0;AV ALM HENRIQUE SABOIA;;;1102;VIADUTO;Colis?úo Traseira;Via Iluminada;Bom;Seca;Outros;N?úo H?í Controle;Residencial;0;1;3;1;0;0;1;0;0;1;0;0;-3,736032000000000;-38,485152000000000
248823;13;2;2015;16:00;0;AV PERIMETRAL;;;1901;;Colis?úo Traseira;Luz do Dia;Bom;Seca;Meio de Quadra;Outros;Misto;0;1;1;0;0;0;0;0;0;1;0;0;;
248826;13;2;2015;11:00;0;RUA TEN BENEVOLO;;;847;;Colis?úo Traseira;Luz do Dia;Bom;Seca;Meio de Quadra;N?úo H?í Controle;Residencial;0;0;2;1;0;0;0;0;0;0;0;0;-3,726353000000000;-38,513966000000000
248827;13;2;2015;14:30;15258;RUA PEREIRA FILGUEIRAS;RUA ANTONIO AUGUSTO;;0;;Colis?úo Transversal;Luz do Dia;Bom;Seca;Cruz;Pare;Comercial;0;1;1;1;0;0;0;0;0;1;0;0;-3,728380000000000;-38,512866000000000
248821;13;2;2015;21:40;16040;AV PRS COSTA E SILVA;RUA GAL CORDEIRO NETO;;0;;Colis?úo Lateral;Via Iluminada;Bom;Seca;T;Pare;Comercial;0;1;1;1;0;0;0;0;0;0;0;0;-3,812510000000000;-38,572642000000000
248818;13;2;2015;20:30;14588;AV EDILSON B SOARES;RUA JOAO REGINO;;0;;Colis?úo Lateral;Via Iluminada;Bom;Seca;Cruz;Pare;Misto;0;0;2;1;0;0;0;0;0;1;0;0;-3,789663000000000;-38,483001000000000
248819;13;2;2015;18:30;0;AV PRS COSTA E SILVA;;;9636;CASA DO PEIXE VIVO;Colis?úo Traseira;Via Iluminada;Bom;Seca;Meio de Quadra;Sem?íforo;Residencial;0;0;2;1;0;0;0;0;0;0;0;0;-3,822206000000000;-38,554549000000000
248813;13;2;2015;12:05;0;AV CARAPINIMA;;;1756;;Colis?úo Transversal;Luz do Dia;Bom;Seca;Meio de Quadra;Outros;Comercial;0;1;1;1;0;0;0;0;0;1;0;0;-3,737199000000000;-38,537345000000000
248815;13;2;2015;07:45;1333;RUA MARIA TOMASIA;RUA BARBOSA DE FREITAS;;0;;Colis?úo Traseira;Luz do Dia;Bom;Seca;Cruz;Gesto;Comercial;0;0;2;1;0;0;0;0;0;0;0;0;-3,735546000000000;-38,497042000000000
248816;13;2;2015;06:20;1333;RUA BARBOSA DE FREITAS;RUA MARIA TOMASIA;;0;;Colis?úo Transversal;Luz do Dia;Bom;Seca;Cruz;Pare;Comercial;0;0;2;1;0;0;0;0;0;0;0;0;-3,735546000000000;-38,497042000000000
259949;13;2;2015;09:37;0;AV PONTES VIEIRA;;;0;;Colis?úo;Luz do Dia;;;Meio de Quadra;;;0;0;2;0;0;0;0;0;0;0;0;0;;
268186;13;2;2015;18:30;1325;RUA JOAQUIM NABUCO;AV SANTOS DUMONT;;0;;Colis?úo Traseira;Anoitecer;;;Cruz;Sem?íforo;Comercial;0;0;2;1;0;0;0;0;0;0;0;0;-3,735295000000000;-38,501285000000000
253482;13;2;2015;11:35;0;RD BR 116;;;6000;KM-06;Colis?úo Transversal;Luz do Dia;Bom;Seca;Meio de Quadra;N?úo H?í Controle;Comercial;0;0;2;0;0;0;1;0;0;0;0;0;-3,804691000000000;-38,503053000000000
258785;13;2;2015;05:30;0;RD CE-040;;;0;KM-01;Choque c/ Obst?ículo Fixo;Amanhecer;;Seca;Meio de Quadra;;;0;0;1;1;0;0;0;0;0;0;0;0;-3,754877000000000;-38,483270000000000
258786;13;2;2015;14:40;0;RD CE-040;;;0;KM-02;Colis?úo;Luz do Dia;;Seca;Meio de Quadra;;;0;2;0;0;0;0;0;0;0;1;0;0;-3,776479000000000;-38,481598000000000
258787;13;2;2015;16:20;0;AV SEN CARLOS JEREISSATI (AEROPORTO);;;0;;Colis?úo;Luz do Dia;;Seca;Meio de Quadra;;;0;0;2;1;0;0;0;0;0;0;0;0;;
258788;13;2;2015;22:00;0;RD CE-040;;;0;KM-06;Colis?úo;;;Seca;Meio de Quadra;;;0;0;2;1;0;0;0;0;0;0;0;0;-3,811270000000000;-38,478781000000000
265633;13;2;2015;21:30;14486;RUA FRANCISCO VILELA;RUA JABAQUARA;;0;;Colis?úo;;;;;;;1;0;1;1;0;0;0;0;0;1;0;0;-3,798041000000000;-38,515149000000000
260318;13;2;2015;15:28;0;RUA DR JUSTA ARAUJO D45;;;0;;Colis?úo;Luz do Dia;;;Meio de Quadra;;;0;0;2;0;0;0;0;0;0;0;0;0;;
260314;13;2;2015;12:41;0;AV LINEU MACHADO;;;1210;;Colis?úo;Luz do Dia;;;Meio de Quadra;;;0;0;2;0;0;0;0;0;0;0;0;0;-3,770286000000000;-38,579219000000000
260332;13;2;2015;13:02;0;AV GOV RAUL BARBOSA;;;6612;;Colis?úo;Luz do Dia;;;Meio de Quadra;;;0;0;2;0;0;0;1;0;0;0;0;0;-3,772069000000000;-38,511857000000000
257302;13;2;2015;20:00;0;AV BEZERRA DE MENEZES;;;1802;COLEGIO MASTER;Atropelamento;;;;Meio de Quadra;;;1;0;1;1;0;0;0;0;0;0;0;0;-3,734772000000000;-38,560286000000000
264110;13;2;2015;08:20;312;RUA DOM LINO;RUA NESTOR BARBOSA;;0;;Colis?úo;Luz do Dia;;;;;;0;0;2;0;0;0;0;0;0;0;0;0;-3,744046000000000;-38,555554000000000
264113;13;2;2015;08:38;0;RUA AMADEU FURTADO;;;200;;Colis?úo;Luz do Dia;;;Meio de Quadra;;;0;0;2;0;0;0;0;0;0;0;0;0;-3,737316000000000;-38,563707000000000
264114;13;2;2015;08:58;0;AV AGUANAMBI;;;0;;Colis?úo;Luz do Dia;;;Meio de Quadra;;;0;0;2;0;0;0;0;0;0;0;0;0;;
264115;13;2;2015;09:37;0;RUA JOSE HIPOLITO;;;0;;Colis?úo;Luz do Dia;;;Meio de Quadra;;;0;0;2;0;0;0;0;0;0;0;0;0;;
264117;13;2;2015;10:48;5402;RUA METON DE ALENCAR;RUA VINTE E QUATRO DE MAIO;;0;;Colis?úo;Luz do Dia;;;Cruz;Pare;Escola;0;0;2;0;0;0;0;0;0;0;0;0;-3,732626000000000;-38,533848000000000
264118;13;2;2015;10:55;0;AV PRS CASTELO BRANCO;;;3746;;Colis?úo;Luz do Dia;;;Meio de Quadra;;;0;0;2;0;0;0;0;0;0;0;0;0;-3,709294000000000;-38,565802000000000
264120;13;2;2015;11:45;0;AV SEN FERNANDES TAVORA;;;0;;Colis?úo;Luz do Dia;;;Meio de Quadra;;;0;0;2;0;0;0;0;0;0;0;0;0;;
264122;13;2;2015;12:31;0;RUA PRO SILAS RIBEIRO;;;340;;Colis?úo;Luz do Dia;;;Meio de Quadra;;;0;0;2;0;0;0;0;0;0;0;0;0;-3,737671000000000;-38,481914000000000
264126;13;2;2015;14:34;14588;AV EDILSON B SOARES;RUA JOAO REGINO;;0;;Colis?úo;Luz do Dia;;;Cruz;Pare;Misto;0;0;2;0;0;0;0;0;0;0;0;0;-3,789663000000000;-38,483001000000000
264129;13;2;2015;13:04;22176;AV JOSE BASTOS;AV ENG HUMBERTO MONTE;;0;;Colis?úo;Luz do Dia;;;T;Sem?íforo;Comercial;0;0;2;0;0;0;0;0;0;0;0;0;-3,754966000000000;-38,555455000000000
264135;13;2;2015;14:37;0;RUA PRO HERIBALDO COSTA;;;0;;Colis?úo;Luz do Dia;;;Meio de Quadra;;;0;0;2;0;0;0;0;0;0;0;0;0;;
264136;13;2;2015;14:38;15597;RUA VICENTE NOBRE MACEDO;RUA CEL JOAO OLIVEIRA;;0;;Colis?úo;Luz do Dia;;;Cruz;Pare;Residencial;0;0;2;0;0;0;0;0;0;0;0;0;-3,823327000000000;-38,484102000000000
264138;13;2;2015;14:43;0;AV DR SILAS MUNGUBA;;;0;;Colis?úo;Luz do Dia;;;Meio de Quadra;;;0;0;2;0;0;0;0;0;0;0;0;0;;
264139;13;2;2015;15:26;0;RUA OSCAR FRANCA;;;2695;;Colis?úo;Luz do Dia;;;Meio de Quadra;;;0;0;2;0;0;0;0;0;0;0;0;0;-3,787059000000000;-38,614572000000000
264140;13;2;2015;16:37;0;AV DOS EXPEDICIONARIOS;;;4127;;Colis?úo;Luz do Dia;;;Meio de Quadra;;;0;0;2;0;0;0;0;0;0;0;0;0;-3,754429000000000;-38,537992000000000
264142;13;2;2015;16:54;0;RUA BERNARDO MANUEL;;;0;;Colis?úo;Luz do Dia;;;Meio de Quadra;;;0;0;2;0;0;0;0;0;0;0;0;0;;
264143;13;2;2015;18:41;0;AV CAP WALDEMAR PAULA LIMA;;;0;;Colis?úo;;;;Meio de Quadra;;;0;0;2;0;0;0;0;0;0;0;0;0;;
264144;13;2;2015;18:43;7420;RUA CEL MATOS DOURADO;RUA MON HIPOLITO BRASIL;;0;;Colis?úo;;;;Cruz;Pare;Residencial;0;0;2;0;0;0;0;0;0;0;0;0;-3,756247000000000;-38,583823000000000
264133;13;2;2015;14:31;8951;RUA RUBIA SAMPAIO;RUA ANTONIO POMPEU;;0;;Colis?úo;Luz do Dia;;;Cruz;Pare;Comercial;0;0;2;0;0;0;0;0;0;0;0;0;-3,731652000000000;-38,540544000000000
264153;13;2;2015;18:52;0;AV AREIA BRANCA;;;0;;Colis?úo;;;;Meio de Quadra;;;0;0;2;0;0;0;0;0;0;0;0;0;;
264155;13;2;2015;20:03;0;AV ZEZE DIOGO;;;0;;Colis?úo;;;;Meio de Quadra;;;0;0;2;0;0;0;0;0;0;0;0;0;;
264156;13;2;2015;21:39;14744;RUA JULIO MACIEL (MANUEL SATIRO);RUA MANUEL DA NOBREGA;;0;;Colis?úo;;;;Cruz;N?úo H?í Controle;Residencial;0;0;2;0;0;0;0;0;0;0;0;0;-3,797192000000000;-38,583882000000000
264157;13;2;2015;22:06;4979;RUA JOSE MESSIAS MATOS;RUA QUATRO IRMAOS;;0;;Colis?úo;;;;;;;0;0;2;0;0;0;0;0;0;0;0;0;-3,794125000000000;-38,516070000000000
264158;13;2;2015;22:13;0;RUA PDE IBIAPINA;;;0;;Atropelamento;;;;Meio de Quadra;;;0;0;2;0;0;0;0;0;0;0;0;0;;
264159;13;2;2015;22:28;0;RUA MONTE LIBANO;;;0;;Colis?úo;;;;Meio de Quadra;;;0;0;2;0;0;0;0;0;0;0;0;0;;
264160;13;2;2015;22:30;0;RUA ROMEU MARTINS;;;181;;Colis?úo;;;;Meio de Quadra;;;0;0;2;0;0;0;0;0;0;0;0;0;;
260734;13;2;2015;06:38;0;RD BR 116;;;6000;KM-06;Colis?úo;Luz do Dia;;;Meio de Quadra;;;0;1;1;1;0;0;0;0;0;1;0;0;-3,804691000000000;-38,503053000000000
260735;13;2;2015;08:29;0;RUA PDE VALDEVINO;;;0;;Colis?úo;Luz do Dia;;;Meio de Quadra;;;0;1;0;0;0;0;0;0;0;0;0;0;-3,738905000000000;-38,517552000000000
260739;13;2;2015;09:41;0;RUA AFONSO LOPES;;;0;;Atropelamento;Luz do Dia;;;Meio de Quadra;;;0;1;1;0;0;0;0;0;0;0;0;0;-3,789309000000000;-38,547061000000000
260740;13;2;2015;11:11;0;RUA VALPARAISO;;;0;;Queda;Luz do Dia;;;Meio de Quadra;;;0;1;0;0;0;0;0;0;0;1;0;0;;
260741;13;2;2015;11:54;0;AV GODOFREDO MACIEL;;;0;;Colis?úo;Luz do Dia;;;Meio de Quadra;;;0;1;1;0;0;0;0;0;0;0;0;0;-3,793505000000000;-38,568844000000000
260742;13;2;2015;12:34;0;AV EDILSON B SOARES;;;0;;Colis?úo;Luz do Dia;;;Meio de Quadra;;;0;1;1;0;0;0;0;0;0;0;0;0;-3,789655000000000;-38,482918000000000
260749;13;2;2015;15:23;0;RUA EMILIO DE MENESES;;;0;;Colis?úo;Luz do Dia;;;Meio de Quadra;;;0;1;1;0;0;0;0;0;0;0;0;0;-3,782097000000000;-38,586199000000000
260750;13;2;2015;15:26;0;RUA BARTOLOMEU;;;0;;Queda;Luz do Dia;;;Meio de Quadra;;;0;1;0;0;0;0;0;0;0;1;0;0;-3,724169000000000;-38,603858000000000
260751;13;2;2015;15:39;0;RUA EUCLIDES O DE SOUSA;;;0;;Colis?úo;Luz do Dia;;;Meio de Quadra;;;0;1;0;0;0;0;0;0;0;1;0;0;-3,797557000000000;-38,472051000000000
260752;13;2;2015;16:34;0;AV WASHINGTON SOARES;;;0;;Colis?úo;Luz do Dia;;;Meio de Quadra;;;0;1;1;1;0;0;0;0;0;1;0;0;-3,803414000000000;-38,479293000000000
260753;13;2;2015;17:51;16241;RUA MONTE LIBANO;RUA JABUTICABA;;0;;Colis?úo;Anoitecer;;;;;;0;1;1;1;0;0;0;0;0;1;0;0;;
260754;13;2;2015;18:23;0;AV ALM HENRIQUE SABOIA;;;0;;Colis?úo;Anoitecer;;;Meio de Quadra;;;0;1;1;1;0;0;0;0;0;1;0;0;;
260755;13;2;2015;18:25;0;RUA GAL PIRAGIBE;;;0;;Colis?úo;Anoitecer;;;Meio de Quadra;;;0;1;1;1;0;0;0;0;0;1;0;0;;
260756;13;2;2015;18:46;0;AV PRS CASTELO BRANCO;;;2958;;Colis?úo;;;;Meio de Quadra;;;0;1;1;1;0;0;0;0;0;1;0;0;-3,711930000000000;-38,555171000000000
260757;13;2;2015;20:43;0;RUA CAP ARAGAO;;;0;;Queda;;;;Meio de Quadra;;;0;1;0;0;0;0;0;0;0;1;0;0;-3,764956000000000;-38,513360000000000
260758;13;2;2015;21:20;25757;RUA PAULO RUBENS;RUA GAMA;;0;;Colis?úo;;;;;;;0;1;1;1;0;1;0;0;0;0;0;0;;
260759;13;2;2015;22:57;0;AV SEN FERNANDES TAVORA;;;0;;Atropelamento;;;;Meio de Quadra;;;0;1;1;0;0;0;0;0;0;1;0;0;-3,760382000000000;-38,585550000000000
260737;13;2;2015;09:24;0;AV PRS COSTA E SILVA;;;0;JOSE WALTER;Colis?úo;Luz do Dia;;;Meio de Quadra;;;0;1;1;0;0;0;0;0;0;1;0;0;;
260744;13;2;2015;13:15;0;AV N CJ JOSE WALTER;;;0;;Colis?úo;Luz do Dia;;;Meio de Quadra;;;0;1;1;1;1;0;0;0;0;0;0;0;;
260746;13;2;2015;13:38;2815;RUA MARIA JULIA;RUA DR FERNANDO AUGUSTO;;0;;Colis?úo;Luz do Dia;;;Cruz;Pare;Residencial;0;1;1;0;0;0;0;0;0;0;0;0;-3,793971000000000;-38,600388000000000
260747;13;2;2015;14:24;2755;RUA CEL VIRGILIO NOGUEIRA (BOM JARDIM);RUA BOM JESUS (GRANJA LISBOA);;0;;Colis?úo;Luz do Dia;;;Cruz;Cancela;Misto;0;1;1;1;0;0;0;0;0;1;0;0;-3,791684000000000;-38,609686000000000
253521;13;2;2015;10:15;0;RD BR 116;;;9000;KM-09;Colis?úo Traseira;Luz do Dia;Bom;Seca;Meio de Quadra;N?úo H?í Controle;Comercial;0;0;2;1;0;0;0;0;0;0;0;0;-3,830837000000000;-38,504865000000000
259962;13;2;2015;12:47;0;AV ANTONIO SALES;;;0;;Colis?úo;Luz do Dia;;;Meio de Quadra;;;0;0;2;0;0;0;0;0;0;0;0;0;;
259966;13;2;2015;13:55;0;AV BEZERRA DE MENEZES;;;1735;;Colis?úo;Luz do Dia;;;Meio de Quadra;;;0;0;2;0;0;0;0;0;0;0;0;0;-3,734751000000000;-38,560083000000000
253535;14;2;2015;22:30;0;RD BR 222;;;0;KM-02;Colis?úo Lateral;Via Iluminada;Nublado;Seca;Meio de Quadra;N?úo H?í Controle;Comercial;0;0;2;1;0;0;0;0;0;0;0;0;-3,738951000000000;-38,586880000000000
253547;14;2;2015;17:15;0;RD BR 222;;;0;KM-03;Colis?úo Traseira;Anoitecer;Bom;Seca;Meio de Quadra;N?úo H?í Controle;;0;0;3;1;1;0;0;0;0;0;0;0;-3,736999000000000;-38,571997000000000
253564;14;2;2015;14:25;0;RD BR 222;;;0;KM 00;Colis?úo Lateral;Luz do Dia;Bom;Seca;Meio de Quadra;N?úo H?í Controle;Residencial;0;0;2;1;1;0;0;0;0;0;0;0;-3,736611000000000;-38,569072000000000
264161;14;2;2015;08:07;0;RUA 02 UI;;;0;;Choque c/ Obst?ículo Fixo;Luz do Dia;;;Meio de Quadra;;;0;0;1;0;0;0;0;0;0;0;0;0;;
264169;14;2;2015;21:19;0;RUA MARIA JULIA ROCHA;;;1608;;Colis?úo;;;;Meio de Quadra;;;0;0;2;0;0;0;0;0;0;0;0;0;-3,799008000000000;-38,601817000000000
264170;14;2;2015;21:43;0;RUA PRO JOAQUIM ANTONIO;;;14;;Colis?úo;;;;Meio de Quadra;;;0;0;2;0;0;0;0;0;0;0;0;0;-3,720829000000000;-38,565829000000000
264171;14;2;2015;21:55;0;RUA AMAZONAS;;;803;;Colis?úo;;;;Meio de Quadra;;;0;0;2;0;0;0;0;0;0;0;0;0;-3,753481000000000;-38,563893000000000
264172;14;2;2015;22:22;5308;RUA FRANKLIN TAVORA;RUA VINTE E CINCO DE MARCO;;0;;Colis?úo;;;;Cruz;Pare;Residencial;0;0;2;0;0;0;0;0;0;0;0;0;-3,729680000000000;-38,522616000000000
264163;14;2;2015;13:36;0;RUA 5;;;193;;Colis?úo;Luz do Dia;;;Meio de Quadra;;;0;0;2;0;0;0;0;0;0;0;0;0;;