COD_ACIDENTE;DIA;MES;ANO;HORA;INTERSECAO;LOG1;LOG2;LOG3;NUMERO;REFERENCIA;NATUREZA;ILUMINACAO;TEMPO;SUPERFICIEPISTA;TIPOCRUZAMENTO;CONTROLETRAFEGO;USOSOLO;MORTOS;FERIDOS;ILESOS;AUTOMOVEL;ONIBUS;BICICLETA;CAMINHAO;MICROONIBUS;CICLOMOTOR;MOTOCICLETA;TRACAOANIMAL;TREM;LATITUDE;LONGITUDE
264164;14;2;2015;16:22;10725;RUA NATAL;RUA PORTO ALEGRE;;0;;Colis?úo;Luz do Dia;;;Cruz;Pare;Residencial;0;0;2;0;0;0;0;0;0;0;0;0;-3,759915000000000;-38,591222000000000
264166;14;2;2015;17:43;0;RUA OSCARITO;;;0;;Colis?úo;Anoitecer;;;Meio de Quadra;;;0;0;2;0;0;0;0;0;0;0;0;0;;
264167;14;2;2015;18:51;0;AV MAJ ASSIS;;;2324;;Colis?úo;;;;Meio de Quadra;;;0;0;2;0;0;0;0;0;0;0;0;0;;
258790;14;2;2015;12:00;0;RD CE-040;;;0;KM-11;Colis?úo;Luz do Dia;;Seca;Meio de Quadra;;;0;0;3;1;0;0;0;0;0;0;0;0;-3,844873000000000;-38,480252000000000
258791;14;2;2015;13:30;0;RD CE-040;;;0;KM-10;Colis?úo;Luz do Dia;;Seca;Meio de Quadra;;;0;0;2;1;0;0;0;0;0;0;0;0;-3,838671000000000;-38,480068000000000
253442;14;2;2015;07:42;0;RD BR 116;;;1000;KM-01;Outros;Luz do Dia;Bom;Seca;Meio de Quadra;N?úo H?í Controle;;0;0;2;0;1;0;0;0;0;0;0;0;-3,762554000000000;-38,518702000000000
268514;14;2;2015;07:00;1534;RUA MON CATAO;RUA EDUARDO GARCIA;;0;;Colis?úo Transversal;Luz do Dia;;;Cruz;Pare;Residencial;0;1;1;1;0;0;0;0;0;1;0;0;-3,740726000000000;-38,491196000000000
249012;14;2;2015;13:10;11777;RUA JACINTO MATOS;RUA PDE CONSTANTINO;;0;;Colis?úo Lateral;Luz do Dia;Bom;Seca;Cruz;N?úo H?í Controle;Residencial;0;0;2;1;0;0;0;0;0;0;0;0;-3,716277000000000;-38,546479000000000
248847;14;2;2015;03:00;25942;AV SGT HERMINIO SAMPAIO;AV JOSE BASTOS;;0;;Colis?úo Lateral;Via Iluminada;Bom;Seca;Cruz;Sem?íforo;Residencial;0;1;1;1;0;0;0;0;0;1;0;0;-3,724690000000000;-38,545900000000000
248861;14;2;2015;18:00;9097;RUA CEL PERGENTINO FERREIRA;RUA LAURO MAIA;;0;;Colis?úo Transversal;Luz do Dia;Bom;Seca;Cruz;Sem?íforo;Comercial;0;1;2;1;0;0;0;0;0;0;0;0;-3,748036000000000;-38,522736000000000
248865;14;2;2015;22:10;11339;AV GODOFREDO MACIEL;AV BENJAMIM BRASIL;;0;;Colis?úo Transversal;Via Iluminada;Bom;Seca;Cruz;Sem?íforo Intermitente;Comercial;0;1;1;1;0;0;0;0;0;0;0;0;-3,803264000000000;-38,572040000000000
248869;14;2;2015;07:30;5130;RUA CASTRO E SILVA;RUA FLORIANO PEIXOTO;;0;;Colis?úo Lateral;Luz do Dia;Bom;Seca;Cruz;Pare;Comercial;0;1;1;1;0;0;0;0;0;0;0;0;-3,724272000000000;-38,526110000000000
248870;14;2;2015;21:00;14744;RUA JULIO MACIEL (MANUEL SATIRO);RUA MANUEL DA NOBREGA;;0;;Colis?úo Transversal;Via Iluminada;Bom;Seca;Cruz;N?úo H?í Controle;Residencial;0;1;1;1;0;0;0;0;0;1;0;0;-3,797192000000000;-38,583882000000000
248857;14;2;2015;05:40;26224;RUA MARIA JULIA ROCHA;RUA BOM JESUS (GRANJA LISBOA);;0;;Colis?úo Lateral;Luz do Dia;Bom;Seca;;;;0;2;0;0;0;0;0;0;0;1;0;0;;
248858;14;2;2015;20:52;5099;AV TRISTAO GONCALVES;RUA SEN ALENCAR;;0;;Colis?úo;Via Iluminada;Bom;Seca;Cruz;Pare;Comercial;0;1;1;0;1;0;0;0;0;1;0;0;-3,723524000000000;-38,532122000000000
248851;14;2;2015;17:45;5077;AV MON TABOSA;AV PRS CASTELO BRANCO;;0;;Choque c/ Obst?ículo Fixo;Anoitecer;Bom;Seca;Cruz;Sem?íforo;Comercial;0;0;1;0;0;0;1;0;0;0;0;0;-3,722425000000000;-38,523857000000000
248844;14;2;2015;05:15;0;AV SEN VIRGILIO TAVORA;;;1461;;Choque c/ Obst?ículo Fixo;Via Iluminada;Bom;Seca;Meio de Quadra;N?úo H?í Controle;Comercial;1;1;0;1;0;0;0;0;0;0;0;0;-3,738889000000000;-38,493820000000000
248845;14;2;2015;06:30;3233;RUA EMILIO DE MENESES;RUA ARACA;;0;;Colis?úo Transversal;Luz do Dia;Bom;Seca;Cruz;Pare;Comercial;0;2;1;0;0;0;0;0;0;1;0;0;-3,782708000000000;-38,584038000000000
248842;14;2;2015;13:00;0;RUA CACILDA BECKER;;;436;;Colis?úo Transversal;;Bom;Seca;Outros;Outros;Comercial;0;1;1;1;0;0;0;0;0;1;0;0;-3,771530000000000;-38,589056000000000
248838;14;2;2015;21:50;0;AV ABOLICAO;;;3090;;Colis?úo Traseira;Via Iluminada;Bom;Seca;Meio de Quadra;Sem?íforo;Comercial;0;0;2;1;0;0;0;0;0;0;0;0;-3,726692000000000;-38,491371000000000
248839;14;2;2015;13:20;19599;RUA NEREU RAMOS;RUA MONACO;;0;;Colis?úo Lateral;Luz do Dia;Bom;Seca;Cruz;Pare;Comercial;0;0;2;1;0;0;0;0;0;0;0;0;-3,786229000000000;-38,569609000000000
248877;14;2;2015;10:10;15196;RUA DEP MOREIRA DA ROCHA;RUA BAR ARACATI;;0;;Colis?úo Traseira;Luz do Dia;Bom;Seca;Cruz;Pare;Residencial;0;0;2;1;0;0;0;0;0;0;0;0;-3,726543000000000;-38,509905000000000
248878;14;2;2015;15:45;0;RUA PEDRO CAMELO;;;1201;;Choque c/ Obst?ículo Fixo;Luz do Dia;Bom;Seca;Meio de Quadra;;Residencial;0;1;1;1;0;0;0;0;0;0;0;0;;
248875;14;2;2015;16:00;17605;RUA MARANHAO;RUA ACRE;;0;;Colis?úo Lateral;Luz do Dia;Bom;Seca;Cruz;;Residencial;0;0;2;1;0;0;0;0;0;0;0;0;-3,757241000000000;-38,563292000000000
260828;14;2;2015;03:05;0;RUA PDE MORORO;;;0;;Colis?úo;;;;Meio de Quadra;;;0;1;1;0;0;0;0;0;0;0;0;0;-3,721150000000000;-38,536142000000000
260833;14;2;2015;06:40;0;AV 2 LT ARVOREDO;;;0;;Choque c/ Obst?ículo Fixo;Luz do Dia;;;Meio de Quadra;;;0;1;0;1;0;0;0;0;0;0;0;0;;
260836;14;2;2015;07:51;12699;AV CEL CARVALHO;AV MAJ ASSIS;;0;;Colis?úo;Luz do Dia;;;Cruz;Sem?íforo;Residencial;0;1;1;1;0;0;0;0;0;1;0;0;-3,723796000000000;-38,586255000000000
260845;14;2;2015;08:10;15738;RUA JOSE BELCHIOR;RUA INACIO ORIA;;0;;Colis?úo;Luz do Dia;;;Cruz;Pare;Residencial;0;1;0;0;0;0;0;0;0;1;0;0;-3,828791000000000;-38,483978000000000
260847;14;2;2015;09:26;0;RUA CEL FABRICIANO;;;0;;Colis?úo;Luz do Dia;;;Meio de Quadra;;;0;1;1;1;0;0;0;0;0;1;0;0;-3,780316000000000;-38,616735000000000
260849;14;2;2015;10:45;18445;AV SGT HERMINIO SAMPAIO;RUA PDE MAXIMO FEITOSA;;0;;Colis?úo;Luz do Dia;;;Cruz;Pare;Comercial;0;1;1;1;0;0;0;0;0;1;0;0;-3,729827000000000;-38,574930000000000
260850;14;2;2015;10:54;0;AV DR SILAS MUNGUBA;;;0;;Colis?úo;Luz do Dia;;;Meio de Quadra;;;0;1;1;1;0;0;0;0;0;1;0;0;;
260852;14;2;2015;11:59;0;RUA OSCAR ARARIPE;;;0;;Colis?úo;Luz do Dia;;;Meio de Quadra;;;0;1;1;0;0;0;0;0;0;0;0;0;-3,790117000000000;-38,602695000000000
260855;14;2;2015;13:39;0;AV PRS CASTELO BRANCO;;;0;;Queda;Luz do Dia;;;Meio de Quadra;;;0;1;0;0;0;0;0;0;0;1;0;0;;
260856;14;2;2015;16:08;0;RUA CAP BRASIL;;;0;;Queda;Luz do Dia;;;Meio de Quadra;;;0;1;0;0;0;0;0;0;0;1;0;0;;
260858;14;2;2015;16:51;10778;RUA CUIABA;RUA STA FILOMENA;;0;;Colis?úo;Luz do Dia;;;;;;0;1;1;1;0;0;0;0;0;1;0;0;-3,762204000000000;-38,591629000000000
260861;14;2;2015;17:32;0;RUA TEODORO DE CASTRO;;;0;;Queda;Anoitecer;;;Meio de Quadra;;;0;1;0;0;0;0;0;0;0;1;0;0;-3,778601000000000;-38,609191000000000
260862;14;2;2015;20:15;9567;RUA SGT JOAO PINHEIRO;RUA CEL FABRICIANO;;0;;Colis?úo;;;;Cruz;N?úo H?í Controle;Residencial;0;1;1;1;0;0;0;0;0;1;0;0;-3,778965000000000;-38,621724000000000
260863;14;2;2015;21:01;2962;RUA MARIA JULIA;RUA PEDRO MARTINS;;0;;Colis?úo;;;;Cruz;Gesto;Comercial;0;1;1;1;0;0;0;0;0;1;0;0;-3,799245000000000;-38,601929000000000
260864;14;2;2015;21:48;0;RUA DR HUGO ROCHA;;;0;;Colis?úo;;;;Meio de Quadra;;;0;1;1;1;0;0;0;0;0;1;0;0;-3,716751000000000;-38,570431000000000
260865;14;2;2015;21:56;0;AV JOR THOMAZ COELHO;;;0;;Colis?úo;;;;Meio de Quadra;;;0;1;1;0;0;0;0;0;0;0;0;0;;
260866;14;2;2015;23:05;0;RUA RAIMUNDO PINHEIRO;RUA JOAO VINTE TRES;;0;;Colis?úo;;;;;;;0;1;1;0;0;0;0;0;0;1;0;0;;
260867;14;2;2015;23:08;0;RUA JOR ANTONIO P TAVARES;;;0;;Colis?úo;;;;Meio de Quadra;;;0;1;1;0;0;0;0;0;0;1;0;0;-3,813683000000000;-38,507226000000000
260868;14;2;2015;23:17;0;RUA CON DE CASTRO;;;0;;Colis?úo;;;;Meio de Quadra;;;0;1;1;0;0;0;0;0;0;1;0;0;;
260875;15;2;2015;01:33;0;RUA DR THOMPSON BULCAO;;;0;;Queda;;;;Meio de Quadra;;;0;1;0;0;0;1;0;0;0;0;0;0;;
260876;15;2;2015;08:08;0;AV CONTORNO (CASTEL?âO);;;0;;Colis?úo;Luz do Dia;;;Meio de Quadra;;;0;1;1;0;0;0;0;0;0;0;0;0;;
260878;15;2;2015;09:55;0;AV SEN FERNANDES TAVORA;;;0;;Colis?úo;Luz do Dia;;;Meio de Quadra;;;0;1;1;1;0;0;0;0;0;1;0;0;;
260892;15;2;2015;11:08;0;AV PRS COSTA E SILVA;;;0;;Colis?úo;Luz do Dia;;;Meio de Quadra;;;0;1;1;0;0;0;0;0;0;1;0;0;;
260893;15;2;2015;12:13;0;AV CASTELO DE CASTRO;;;0;;Colis?úo;Luz do Dia;;;Meio de Quadra;;;0;1;1;1;0;0;0;0;0;1;0;0;;
260895;15;2;2015;13:37;0;AV C CJ CEARA;;;0;;Colis?úo;Luz do Dia;;;Meio de Quadra;;;0;1;0;0;0;0;0;0;0;1;0;0;-3,775552000000000;-38,616439000000000
260903;15;2;2015;16:37;0;AV DIOGUINHO;;;0;;Colis?úo;Luz do Dia;;;Meio de Quadra;;;0;1;0;0;0;0;0;0;0;1;0;0;-3,756047000000000;-38,445893000000000
260904;15;2;2015;17:18;0;AV ROGACIANO LEITE;;;0;;Colis?úo;Anoitecer;;;Meio de Quadra;;;0;1;1;0;0;0;0;0;0;1;0;0;-3,774929000000000;-38,499854000000000
260905;15;2;2015;17:43;0;RUA PENSAMENTO;;;0;;Queda;Anoitecer;;;Meio de Quadra;;;0;1;0;0;0;0;0;0;0;1;0;0;-3,844252000000000;-38,526574000000000
260907;15;2;2015;18:29;0;RUA EMILIO DE MENESES;;;0;;Colis?úo;Anoitecer;;;Meio de Quadra;;;0;1;1;1;0;0;0;0;0;1;0;0;;
260908;15;2;2015;19:28;0;RUA DR ZELITO PAMPLONA;AV DIOGUINHO;;0;;Colis?úo;;;;;;;0;1;1;0;0;0;0;0;0;0;0;0;;
260909;15;2;2015;20:15;2955;RUA MARIA JULIA;RUA SAO FRANCISCO D21;;0;;Colis?úo;;;;Cruz;Pare;Comercial;0;1;1;1;0;0;0;0;0;1;0;0;-3,798608000000000;-38,601633000000000
260910;15;2;2015;22:03;6817;RUA FRANCISCO MATOS;RUA BENTO ALBUQUERQUE;;0;;Colis?úo;;;;Cruz;Pare;Residencial;0;1;0;1;0;0;0;0;0;0;0;0;-3,747862000000000;-38,470436000000000
248874;15;2;2015;19:30;22840;RUA DR JUSTA ARAUJO D45;RUA GALILEU;;0;;Colis?úo Lateral;Mal Iluminada;Bom;Seca;Cruz;Pare;Residencial;0;1;1;1;0;0;0;0;0;0;0;0;-3,777127000000000;-38,550424000000000
248872;15;2;2015;23:10;15289;AV DES MOREIRA;RUA ANA BILHAR;;0;;Choque c/ Obst?ículo Fixo;Via Iluminada;Bom;Seca;Cruz;Sem?íforo;Misto;0;0;1;1;0;0;0;0;0;0;0;0;-3,729331000000000;-38,496113000000000
248866;15;2;2015;18:40;0;RUA POMPILIO GOMES;;;839;;Colis?úo Traseira;Via Iluminada;Bom;Seca;Meio de Quadra;Pare;Residencial;0;0;2;1;0;0;0;0;0;0;0;0;;
248862;15;2;2015;02:00;0;AV PRO JOSE ARTHUR CARVALHO;;;2200;;Colis?úo Transversal;Via Iluminada;Bom;Seca;Meio de Quadra;N?úo H?í Controle;Comercial;0;0;2;1;0;0;0;0;0;0;0;0;-3,824586000000000;-38,459699000000000
249024;15;2;2015;09:30;0;RUA DO CONTORNO UI 302;;;0;;Colis?úo Transversal;Luz do Dia;Nublado;Seca;Meio de Quadra;Pare;Comercial;0;1;1;1;0;0;0;0;0;1;0;0;;
249026;15;2;2015;13:00;1242;RUA COSTA BARROS;RUA DR JOSE LOURENCO;;0;;Colis?úo Transversal;Luz do Dia;Nublado;Seca;Cruz;Pare;Comercial;0;2;0;1;0;0;0;0;0;0;0;0;-3,731870000000000;-38,506927000000000
248887;15;2;2015;19:30;3809;AV CARAPINIMA;RUA PDE FRANCISCO PINTO;;0;;Colis?úo Transversal;Via Iluminada;Bom;Seca;Cruz;Outros;Residencial;0;0;2;1;1;0;0;0;0;0;0;0;-3,741723000000000;-38,541958000000000
248888;15;2;2015;06:00;6737;AV ENG SANTANA JUNIOR;AV PDE ANTONIO TOMAS;;0;;Colis?úo Transversal;Luz do Dia;Nublado;Seca;Cruz;Sem?íforo;Comercial;0;0;2;1;0;0;0;0;0;0;0;0;-3,743981000000000;-38,488012000000000
248884;15;2;2015;22:00;6817;RUA BENTO ALBUQUERQUE;RUA FRANCISCO MATOS;;0;;Colis?úo Lateral;Via Iluminada;Bom;Seca;Cruz;Pare;Residencial;0;0;2;1;0;0;0;0;0;0;0;0;-3,747862000000000;-38,470436000000000
248932;15;2;2015;20:00;5188;RUA NOGUEIRA ACIOLI;RUA TEN BENEVOLO;;0;;Colis?úo Lateral;Via Iluminada;Bom;Seca;Cruz;Pare;Comercial;0;0;2;1;0;0;0;0;0;0;0;0;-3,725858000000000;-38,515591000000000
248929;15;2;2015;14:20;0;RUA AUDISIO PINHEIRO;;;1837;;Choque c/ Obst?ículo Fixo;Luz do Dia;Bom;Seca;Meio de Quadra;N?úo H?í Controle;Residencial;0;1;0;0;0;0;0;0;0;0;0;0;-3,766738000000000;-38,593058000000000
248971;15;2;2015;04:20;12403;AV SEN FERNANDES TAVORA;RUA ERNESTO PEDRO SANTOS;;0;;Choque c/ Obst?ículo Fixo;Luz do Dia;Bom;Seca;Cruz;Pare;Residencial;0;0;1;1;0;0;0;0;0;0;0;0;-3,764729000000000;-38,577396000000000
248974;15;2;2015;18:00;19994;RUA DES OTACILIO PEIXOTO;RUA ARMANDO LOUZADA;;0;;Colis?úo Lateral;Anoitecer;Bom;Seca;Cruz;Pare;Residencial;0;0;2;1;0;0;0;0;0;0;0;0;-3,800143000000000;-38,537101000000000
249001;15;2;2015;00:50;15820;AV JOR THOMAZ COELHO;RUA GRANJA CASTELO;;0;;Colis?úo Transversal;Via Iluminada;Bom;Seca;T;Sem?íforo;Comercial;0;1;1;0;1;0;0;0;1;0;0;0;-3,832383000000000;-38,500218000000000
249004;15;2;2015;18:10;0;RUA DELMIRO GOUVEIA;;;1378;;Colis?úo Lateral;Anoitecer;Bom;Seca;Meio de Quadra;N?úo H?í Controle;Residencial;0;0;2;1;0;0;0;0;0;0;0;0;-3,739525000000000;-38,487935000000000
249009;15;2;2015;;4668;RUA CRISANTO M DA ROCHA;RUA CARRAPICHO;;0;;Colis?úo Transversal;Via Iluminada;Bom;Seca;;N?úo H?í Controle;Residencial;0;3;0;0;0;0;0;0;0;1;0;0;-3,807069000000000;-38,482722000000000
258792;15;2;2015;14:50;0;RD CE-040;;;0;KM-07;Colis?úo;Luz do Dia;;Seca;Meio de Quadra;;;0;0;2;1;0;0;0;0;0;0;0;0;-3,817953000000000;-38,483160000000000
264173;15;2;2015;08:54;0;RUA OSCAR ARARIPE;;;2825;;Colis?úo;Luz do Dia;;;Meio de Quadra;;;0;0;2;0;0;0;0;0;0;0;0;0;-3,785855000000000;-38,615977000000000
264174;15;2;2015;06:26;0;RUA PDE PEDRO DE ALENCAR;;;0;;Choque c/ Obst?ículo Fixo;Luz do Dia;;;Meio de Quadra;;;0;0;1;0;0;0;0;0;0;0;0;0;;
264175;15;2;2015;07:34;0;AV PRO JOSE ARTHUR CARVALHO;;;0;;Colis?úo;Luz do Dia;;;Meio de Quadra;;;0;0;2;0;0;0;0;0;0;0;0;0;;
264214;15;2;2015;09:29;0;RUA MIGUEL GURGEL;;;0;;Colis?úo;Luz do Dia;;;Meio de Quadra;;;0;0;2;0;0;0;0;0;0;0;0;0;;
264215;15;2;2015;11:15;0;AV JOR THOMAZ COELHO;;;5287;;Colis?úo;Luz do Dia;;;Meio de Quadra;;;0;0;2;0;0;0;0;0;0;0;0;0;;
264216;15;2;2015;11:17;25959;RUA COLETORA A (MONDUBIM);RUA 1 UI 512;;0;;Colis?úo;Luz do Dia;;;Cruz;N?úo H?í Controle;Rural;0;0;2;0;0;0;0;0;0;0;0;0;;
264217;15;2;2015;13:02;0;AV PRS CASTELO BRANCO;;;1600;;Colis?úo;Luz do Dia;;;Meio de Quadra;;;0;0;2;0;0;0;0;0;0;0;0;0;;
264218;15;2;2015;13:17;9571;RUA 23 DE JUNHO;RUA JOSE TORRES;;0;;Colis?úo;Luz do Dia;;;Cruz;N?úo H?í Controle;Misto;0;0;2;0;0;0;0;0;0;0;0;0;-3,781979000000000;-38,607818000000000
264219;15;2;2015;15:55;0;AV COSTA OESTE;;;0;;Colis?úo;Luz do Dia;;;Meio de Quadra;;;0;0;2;0;0;0;0;0;0;0;0;0;;
264220;15;2;2015;19:05;25345;RUA PORTO VELHO;RUA VITORIA (AV. PERIMETRAL);;0;;Colis?úo;;;;Cruz;Sem?íforo;Residencial;0;0;2;0;0;0;0;0;0;0;0;0;-3,765170000000000;-38,588528000000000
264221;15;2;2015;19:31;0;RUA CRISTAIS PAULISTA;;;0;;Colis?úo;;;;Meio de Quadra;;;0;0;2;0;0;0;0;0;0;0;0;0;;
264222;15;2;2015;19:41;0;RUA PDE PEDRO DE ALENCAR;;;1091;;Colis?úo;;;;Meio de Quadra;;;0;0;2;0;0;0;0;0;0;0;0;0;-3,837197000000000;-38,494171000000000
264223;15;2;2015;19:58;0;AV CEL CARVALHO;;;195;;Colis?úo;;;;Meio de Quadra;;;0;0;2;0;0;0;0;0;0;0;0;0;-3,704688000000000;-38,591234000000000
260390;15;2;2015;13:02;0;RUA ALVES BATISTA;;;0;;Colis?úo;Luz do Dia;;;;;;0;0;2;1;0;0;0;0;0;0;0;0;;
260353;15;2;2015;12:02;0;RUA MARIA GOMES DE SA;;;0;;Colis?úo;Luz do Dia;;;Meio de Quadra;;;0;0;2;0;0;0;0;0;0;0;0;0;;
259967;15;2;2015;09:05;0;RUA OSCAR ARARIPE;;;388223;;;Luz do Dia;;;Meio de Quadra;;;0;0;2;1;0;0;0;0;0;0;0;0;;
260393;16;2;2015;11:13;14870;RUA WALDIR DIOGO;RUA ALFREDO MAMEDE;;0;;Colis?úo;Luz do Dia;;;Cruz;Sem?íforo;Residencial;0;0;2;1;0;0;1;0;0;0;0;0;-3,807367000000000;-38,580084000000000
264224;16;2;2015;16:27;0;AV PRS CASTELO BRANCO;;;0;;Atropelamento;Luz do Dia;;;Meio de Quadra;;;0;0;2;0;0;0;0;0;0;0;0;0;;
264225;16;2;2015;20:23;0;AV PRS CASTELO BRANCO;;;1084;;Colis?úo;;;;Meio de Quadra;;;0;0;2;0;0;0;0;0;0;0;0;0;;
264226;16;2;2015;21:24;0;AV RECREIO D64;;;900;;Queda;;;;Meio de Quadra;;;0;0;1;0;0;0;0;0;0;1;0;0;-3,813436000000000;-38,449651000000000
264227;16;2;2015;22:12;15169;AV BEIRA MAR;RUA JOAQUIM NABUCO;;0;;Colis?úo;;;;T;Pare;Outros;0;0;2;0;0;0;0;0;0;0;0;0;-3,725387000000000;-38,498120000000000
264228;16;2;2015;22:40;15306;RUA LEONARDO MOTA;RUA ANA BILHAR;;0;;Colis?úo;;;;Cruz;Sem?íforo;Residencial;0;0;2;0;0;0;0;0;0;0;0;0;-3,729944000000000;-38,494191000000000
264229;16;2;2015;23:31;0;RUA FRANCISCA N RAMOS;;;266;;Choque c/ Obst?ículo Fixo;;;;Meio de Quadra;;;0;0;1;0;0;0;0;0;0;0;0;0;-3,807000000000000;-38,503895000000000
258794;16;2;2015;12:30;0;AV SEN CARLOS JEREISSATI (AEROPORTO);;;0;KM 01;Colis?úo;Luz do Dia;;Seca;Meio de Quadra;;;0;0;2;1;0;0;1;0;0;0;0;0;-3,783803000000000;-38,520356000000000
258795;16;2;2015;18:45;0;RD CE-040;;;0;KM-08;;;;Seca;Meio de Quadra;;;0;1;1;1;0;0;0;0;0;1;0;0;-3,823332000000000;-38,481317000000000
248997;16;2;2015;20:15;0;AV DR SILAS MUNGUBA;;;0;;Colis?úo Traseira;Via Iluminada;Bom;Seca;Meio de Quadra;;Residencial;0;0;3;1;0;0;0;0;0;0;0;0;;
248882;16;2;2015;03:30;24347;AV LUCIANO CARNEIRO;RUA DES PRAXEDES;;0;;Colis?úo;Amanhecer;Bom;Seca;Cruz;Sem?íforo;Misto;1;2;0;0;0;0;0;0;0;1;0;0;-3,764934000000000;-38,536679000000000
253461;16;2;2015;16:30;0;RD BR 116;;;3000;KM-03;Colis?úo Lateral;Luz do Dia;Bom;Seca;Meio de Quadra;N?úo H?í Controle;Comercial;0;0;2;1;0;0;1;0;0;0;0;0;-3,779838000000000;-38,514372000000000
248863;16;2;2015;01:30;3820;AV 13 DE MAIO;AV CARAPINIMA;;0;;Colis?úo Transversal;Via Iluminada;Bom;Seca;Cruz;Sem?íforo;Comercial;0;1;1;1;0;0;0;0;0;1;0;0;-3,740001000000000;-38,540239000000000
248864;16;2;2015;22:30;3901;AV EDUARDO GIRAO;RUA JORGE DUMAR;;0;;Colis?úo Transversal;Via Iluminada;Bom;Seca;Cruz;Sem?íforo;Comercial;0;0;2;1;0;0;0;0;0;0;0;0;-3,749691000000000;-38,538695000000000
248860;16;2;2015;18:30;0;AV 13 DE MAIO;;;2660;;Choque c/ Obst?ículo Fixo;Via Iluminada;Bom;Seca;Meio de Quadra;;Escola;0;0;1;1;0;0;0;0;0;0;0;0;-3,741067000000000;-38,538984000000000
248867;16;2;2015;01:20;0;RUA JOAO CARVALHO;;;897;;Choque c/ Obst?ículo Fixo;Via Iluminada;Bom;Seca;Meio de Quadra;N?úo H?í Controle;Residencial;0;0;1;1;0;0;0;0;0;0;0;0;-3,738644000000000;-38,504422000000000
248868;16;2;2015;20:40;12925;AV AGUANAMBI;AV DOMINGOS OLIMPIO;;0;;Colis?úo Traseira;Via Iluminada;Bom;Seca;Cruz;Sem?íforo;Comercial;0;0;2;1;0;0;0;0;0;0;0;0;-3,738683000000000;-38,524628000000000
248873;16;2;2015;15:50;0;AV DIOGUINHO;;;5830;;Atropelamento;Luz do Dia;Bom;Seca;Meio de Quadra;;Comercial;0;2;0;0;0;0;0;0;0;1;0;0;-3,764765000000000;-38,441634000000000
248871;16;2;2015;12:30;5450;RUA ANTONIO POMPEU;RUA MAJ FACUNDO;;0;;Colis?úo Transversal;Luz do Dia;Bom;Seca;Cruz;Pare;Comercial;0;0;2;0;0;0;0;0;0;0;0;0;-3,734923000000000;-38,530216000000000
248876;16;2;2015;08:30;12818;RUA ALBERTO MAGNO;RUA ANDRE CHAVES;;0;;Queda;Luz do Dia;Nublado;Seca;Cruz;Pare;Comercial;0;1;1;1;0;0;0;0;0;1;0;0;-3,756035000000000;-38,542230000000000
248879;16;2;2015;13:50;7975;RUA CARLOS CAMARA;RUA ALVARO MARTINS;;0;;Colis?úo Transversal;Luz do Dia;Bom;Seca;Cruz;Pare;Residencial;0;0;3;1;0;0;0;1;0;0;0;0;-3,747550000000000;-38,543554000000000
248880;16;2;2015;11:30;11057;AV DR SILAS MUNGUBA;AV DOS EXPEDICIONARIOS;;0;;Colis?úo Traseira;Luz do Dia;Bom;Seca;Cruz;Sem?íforo;Misto;0;0;2;1;0;0;0;0;0;0;0;0;-3,787538000000000;-38,547960000000000
260923;16;2;2015;01:35;0;AV I CJ CEARA;;;0;;Queda;;;;Meio de Quadra;;;0;1;0;0;0;0;0;0;0;1;0;0;;
260947;16;2;2015;23:13;0;RUA 202 B CJ CEARA;;;0;;Colis?úo;;;;Meio de Quadra;;;0;1;1;0;0;0;0;0;0;1;0;0;-3,766580000000000;-38,608458000000000
260942;16;2;2015;06:14;0;AV GAL OSORIO DE PAIVA;;;0;;Queda;Luz do Dia;;;Meio de Quadra;;;0;1;0;0;0;0;0;0;0;1;0;0;-3,813718000000000;-38,610780000000000
260943;16;2;2015;14:53;0;AV OLIVEIRA PAIVA;;;0;;Colis?úo;Luz do Dia;;;Meio de Quadra;;;0;1;1;1;0;0;0;0;0;1;0;0;;
260944;16;2;2015;20:51;0;AV OLIVEIRA PAIVA;;;0;;Queda;;;;Meio de Quadra;;;0;1;0;0;0;0;0;0;0;1;0;0;-3,797419000000000;-38,500575000000000
260945;16;2;2015;20:59;0;RUA NOSSA SRA DAS GRACAS;;;1146;;Atropelamento;;;;Meio de Quadra;;;0;1;1;0;0;0;0;0;0;1;0;0;-3,708142000000000;-38,560203000000000
260948;17;2;2015;06:13;0;AV DA UNIVERSIDADE;;;0;;Colis?úo;Luz do Dia;;;Meio de Quadra;;;0;1;1;0;0;0;0;0;0;0;0;0;-3,743710000000000;-38,541606000000000
260949;17;2;2015;06:53;0;AV BEZERRA DE MENEZES;;;0;;Colis?úo;Luz do Dia;;;Meio de Quadra;;;0;1;0;0;0;0;0;0;0;0;0;0;;
260950;17;2;2015;13:36;0;RUA JOAO GENTIL;;;0;;Queda;Luz do Dia;;;Meio de Quadra;;;0;1;0;0;0;0;0;0;0;1;0;0;-3,745748000000000;-38,539816000000000
260951;17;2;2015;14:21;3328;RUA MARIO DE ANDRADE;RUA URUGUAI;;0;;Colis?úo;Luz do Dia;;;;;;0;1;1;1;0;0;0;0;0;1;0;0;-3,748673000000000;-38,563832000000000
260952;17;2;2015;16:39;0;RUA PRO EDGAR DE ARRUDA;;;0;;Queda;Luz do Dia;;;Meio de Quadra;;;0;1;0;0;0;0;0;0;0;1;0;0;;
260953;17;2;2015;17:00;0;AV MAJ ASSIS;;;0;;Queda;Anoitecer;;;Meio de Quadra;;;0;1;0;0;0;0;0;0;0;1;0;0;-3,724020000000000;-38,583694000000000