COD_ACIDENTE;DIA;MES;ANO;HORA;INTERSECAO;LOG1;LOG2;LOG3;NUMERO;REFERENCIA;NATUREZA;ILUMINACAO;TEMPO;SUPERFICIEPISTA;TIPOCRUZAMENTO;CONTROLETRAFEGO;USOSOLO;MORTOS;FERIDOS;ILESOS;AUTOMOVEL;ONIBUS;BICICLETA;CAMINHAO;MICROONIBUS;CICLOMOTOR;MOTOCICLETA;TRACAOANIMAL;TREM;LATITUDE;LONGITUDE
260954;17;2;2015;17:53;0;AV JOR THOMAZ COELHO;;;0;;Queda;Anoitecer;;;Meio de Quadra;;;0;1;0;0;0;0;0;0;0;1;0;0;-3,829923000000000;-38,509057000000000
260955;17;2;2015;19:08;0;AV MIN JOSE AMERICO;;;0;;Queda;;;;Meio de Quadra;;;0;1;0;0;0;0;0;0;0;1;0;0;-3,811959000000000;-38,497411000000000
260956;17;2;2015;19:22;0;RUA BERNARDO MANUEL;;;0;;Colis?úo;;;;Meio de Quadra;;;0;1;1;1;0;0;0;0;0;1;0;0;-3,803967000000000;-38,552986000000000
260957;17;2;2015;19:48;0;RUA 101 CJ ESPERANCA;;;0;;Colis?úo;;;;Meio de Quadra;;;0;1;0;0;0;0;1;0;0;1;0;0;;
260958;17;2;2015;19:57;0;RUA 1032 CJ CEARA;;;0;;Colis?úo;;;;Meio de Quadra;;;0;1;1;0;0;0;0;0;0;0;0;0;;
260959;17;2;2015;20:12;7333;RUA COS ARAUJO LIMA;RUA FRANCISCO BENTO;;0;;Queda;;;;;;;0;1;0;0;0;0;0;0;0;1;0;0;;
260960;17;2;2015;20:33;24913;AV MOZART PINHEIRO DE LUCENA;AV DA INDEPENDENCIA;;0;;Colis?úo;;;;Cruz;Sem?íforo Intermitente;Misto;0;1;1;0;0;0;0;0;0;0;0;0;-3,724957000000000;-38,597615000000000
248881;17;2;2015;09:30;0;AV ENG ALBERTO SA;;;1111;;Colis?úo Transversal;Luz do Dia;Bom;Seca;Meio de Quadra;N?úo H?í Controle;Comercial;0;0;2;0;0;0;0;0;0;0;0;0;-3,735338000000000;-38,473066000000000
248883;17;2;2015;06:30;3856;AV DA UNIVERSIDADE;RUA PDE FRANCISCO PINTO;;0;;Colis?úo Transversal;Luz do Dia;Nublado;Seca;Cruz;Sem?íforo;Comercial;0;1;1;0;0;0;0;1;0;1;0;0;-3,742799000000000;-38,540777000000000
248889;17;2;2015;14:30;15158;RUA JOSE NAPOLEAO;AV BEIRA MAR;;0;;Colis?úo Traseira;Luz do Dia;Nublado;Molhada;T;Pare;Residencial;0;0;2;1;0;0;0;0;0;0;0;0;-3,724949000000000;-38,490598000000000
248890;17;2;2015;14:35;15571;AV FRE CIRILO;RUA LEONCIO TABOSA;;0;;Colis?úo Traseira;Luz do Dia;Nublado;Molhada;Cruz;Sem?íforo;Residencial;0;0;2;1;0;0;0;0;0;0;0;0;-3,822257000000000;-38,495262000000000
248891;17;2;2015;12:10;0;AV BEZERRA DE MENEZES;;;1001;;Colis?úo Traseira;Luz do Dia;Chuva;Molhada;Meio de Quadra;N?úo H?í Controle;Misto;0;0;2;1;0;0;0;1;0;0;0;0;-3,733521000000000;-38,554018000000000
248886;17;2;2015;11:40;5462;RUA SOLON PINHEIRO;RUA ANTONIO POMPEU;;0;;Colis?úo Lateral;Luz do Dia;Nublado;Seca;Cruz;Sem?íforo;Comercial;0;0;2;1;1;0;0;0;0;0;0;0;-3,735609000000000;-38,528028000000000
248906;17;2;2015;;0;AV PRO GOMES DE MATOS;;;278;;Colis?úo Traseira;Luz do Dia;Chuva;Molhada;Meio de Quadra;Sem?íforo;Comercial;0;0;2;1;0;0;0;0;0;0;0;0;-3,756569000000000;-38,541682000000000
248907;17;2;2015;17:00;0;RUA PORTO VELHO;;;1374;;Colis?úo Traseira;Luz do Dia;Nublado;Seca;Meio de Quadra;N?úo H?í Controle;Residencial;0;0;2;1;0;0;0;0;0;0;0;0;-3,763929000000000;-38,590799000000000
248910;17;2;2015;20:50;0;AV ALM HENRIQUE SABOIA;;;0;;Engavetamento;Via Iluminada;Bom;Seca;Meio de Quadra;N?úo H?í Controle;Residencial;0;0;3;1;0;0;0;0;0;0;0;0;;
248894;17;2;2015;00:05;19328;RUA EDUARDO PERDIGAO;RUA CON DE CASTRO;;0;;Colis?úo Transversal;Via Iluminada;Bom;Seca;Cruz;Outros;Comercial;0;0;2;1;0;0;0;0;0;0;0;0;-3,775579000000000;-38,564769000000000
248895;17;2;2015;12:10;0;RUA SEN ALENCAR;;;1649;;Colis?úo Lateral;;Nublado;Seca;Meio de Quadra;;Residencial;0;0;2;1;0;0;0;0;0;0;0;0;-3,721035000000000;-38,540024000000000
248896;17;2;2015;18:40;12483;AV AUGUSTO DOS ANJOS;RUA DES GOMES PARENTE;;0;;Colis?úo Lateral;Via Iluminada;Chuva;Molhada;Cruz;Pare;Residencial;0;0;2;1;0;0;0;0;0;0;0;0;-3,774371000000000;-38,574025000000000
248897;17;2;2015;15:00;0;RUA BAR ARACATI;;;1685;;Outros;Luz do Dia;Nublado;Seca;Outros;N?úo H?í Controle;Comercial;0;0;2;1;0;0;0;0;0;0;0;0;-3,736760000000000;-38,513167000000000
248900;17;2;2015;12:20;15114;AV HIS RAIMUNDO GIRAO;RUA CAMOCIM;;0;;Colis?úo Traseira;;Bom;Seca;T;;Residencial;0;0;2;1;0;0;0;0;0;0;0;0;-3,722904000000000;-38,506776000000000
248901;17;2;2015;17:00;1558;AV BAR STUDART;RUA PDE VALDEVINO;;0;;Colis?úo Transversal;Anoitecer;Bom;Seca;Cruz;N?úo H?í Controle;Comercial;0;0;2;1;0;0;0;0;0;0;0;0;-3,741641000000000;-38,508855000000000
248902;17;2;2015;20:20;20005;AV DR SILAS MUNGUBA;RUA DES OTACILIO PEIXOTO;;0;;Colis?úo Frontal;Via Iluminada;Bom;Seca;T;N?úo H?í Controle;Comercial;0;3;0;0;0;0;0;0;0;1;0;0;-3,800419000000000;-38,530329000000000
248903;17;2;2015;19:00;15139;AV MON TABOSA;RUA BAR ARACATI;;0;;Colis?úo Transversal;Via Iluminada;Bom;Seca;Cruz;Pare;Residencial;0;0;2;1;0;0;0;0;0;1;0;0;-3,724226000000000;-38,509158000000000
248922;17;2;2015;;7752;AV JOAO PESSOA;AV CARNEIRO DE MENDONCA;;0;;Colis?úo Traseira;Luz do Dia;Chuva;Molhada;Cruz;Sem?íforo;Misto;0;0;2;1;0;0;0;0;0;0;0;0;-3,767222000000000;-38,559808000000000
258796;17;2;2015;09:10;0;RD CE-040;;;0;KM-10;Colis?úo;Luz do Dia;;Seca;Meio de Quadra;;;0;0;2;1;0;0;0;0;0;0;0;0;-3,838671000000000;-38,480068000000000
265689;17;2;2015;05:00;4429;RUA ISMAEL PORDEUS;AV CESAR CALS;;0;;Colis?úo;Amanhecer;;;Cruz;N?úo H?í Controle;Residencial;1;0;1;1;0;0;0;0;0;0;0;0;-3,720638000000000;-38,464577000000000
264230;17;2;2015;03:57;9005;AV JOSE BASTOS;AV DUQ CAXIAS;;0;;Choque c/ Obst?ículo Fixo;;;;T;Pare;Misto;0;0;1;0;0;0;0;0;0;0;0;0;-3,726670000000000;-38,545549000000000
264231;17;2;2015;08:01;0;AV PENETRACAO NORTE SUL;;;1548;;Colis?úo;Luz do Dia;;;Meio de Quadra;;;0;0;2;0;0;0;0;0;0;0;0;0;;
264232;17;2;2015;11:29;9654;RUA OSCAR ARARIPE;RUA FRANCISCO PAIVA;;0;;Colis?úo;Luz do Dia;;;Cruz;Pare;;0;0;2;0;0;0;0;0;0;0;0;0;-3,786795000000000;-38,612966000000000
264233;17;2;2015;14:13;0;AV CEL CARVALHO;;;125;;Colis?úo;Luz do Dia;;;Meio de Quadra;;;0;0;2;0;0;0;0;0;0;0;0;0;-3,704062000000000;-38,591396000000000
264234;17;2;2015;15:53;4016;RUA PRO COSTA MENDES;RUA JULIO CESAR D12;;0;;Colis?úo;Luz do Dia;;;Cruz;Pare;Residencial;0;0;2;0;0;0;0;0;0;0;0;0;-3,754698000000000;-38,546911000000000
264235;17;2;2015;16:12;10995;RUA 15 DE NOVEMBRO;RUA ALM RUBIM;;0;;Colis?úo;Luz do Dia;;;Cruz;Sem?íforo;Comercial;0;0;2;0;0;0;0;0;0;0;0;0;-3,768907000000000;-38,555939000000000
257314;17;2;2015;09:00;183;AV CEL CARVALHO;RUA DEMETRIO MENEZES;;0;;Choque c/ Obst?ículo Fixo;Luz do Dia;;;;;;0;1;0;1;0;0;0;0;0;0;0;0;-3,731488000000000;-38,584591000000000
257320;17;2;2015;18:20;5235;RUA PEDRO PEREIRA;RUA PRC ISABEL;;0;;Colis?úo;Anoitecer;;;Cruz;Pare;Comercial;0;1;0;1;0;0;0;0;0;0;0;0;-3,727353000000000;-38,535705000000000
257321;17;2;2015;22:32;0;AV GODOFREDO MACIEL;;;2160;;Outros;;;;Meio de Quadra;;;0;1;0;0;0;0;0;0;0;1;0;0;-3,794606000000000;-38,569329000000000
253519;17;2;2015;10:10;0;RD BR 116;;;15000;KM-15;Colis?úo Transversal;Luz do Dia;Bom;Seca;Meio de Quadra;N?úo H?í Controle;Comercial;0;2;1;1;0;0;0;0;1;0;0;0;-3,882329000000000;-38,501113000000000
264236;17;2;2015;17:05;0;RUA TEODOMIRO DE CASTRO;;;4507;;Atropelamento;Anoitecer;;;Meio de Quadra;;;0;0;2;0;0;0;0;0;0;0;0;0;-3,718247000000000;-38,573285000000000
264237;17;2;2015;19:59;5887;AV J CJ CEARA;RUA 1131 CJ CEARA;;0;;Colis?úo;;;;;;;0;0;2;0;0;0;0;0;0;0;0;0;-3,759853000000000;-38,612751000000000
264238;17;2;2015;20:57;0;RUA MANGUESAIS;;;0;;Choque c/ Obst?ículo Fixo;;;;Meio de Quadra;;;0;0;1;0;0;0;0;0;0;0;0;0;;
264239;18;2;2015;01:58;0;RUA CON DE CASTRO;;;4683;;Choque c/ Obst?ículo Fixo;;;;Meio de Quadra;;;0;0;1;0;0;0;0;0;0;0;0;0;-3,806474000000000;-38,593277000000000
264240;18;2;2015;08:33;0;RUA 21 UI 412;;;133;;Colis?úo;Luz do Dia;;;Meio de Quadra;;;0;0;2;0;0;0;0;0;0;0;0;0;-3,825843000000000;-38,516644000000000
264241;18;2;2015;17:35;0;AV E CJ CEARA;;;147;;Colis?úo;Anoitecer;;;Meio de Quadra;;;0;0;2;0;0;0;0;0;0;0;0;0;;
259971;18;2;2015;;0;RUA TAQUATIARA;;;0;;Colis?úo;;;;Meio de Quadra;;;0;0;2;1;0;0;1;0;0;0;0;0;;
257323;18;2;2015;09:20;0;AV EDILSON B SOARES;;;0;;Choque c/ Obst?ículo Fixo;Luz do Dia;;;Meio de Quadra;;;0;1;0;0;0;0;0;0;0;0;0;0;;
258797;18;2;2015;10:30;0;AV SEN CARLOS JEREISSATI (AEROPORTO);;;0;KM 03;Colis?úo;Luz do Dia;;Seca;Meio de Quadra;;;0;0;2;1;0;0;0;0;0;0;0;0;-3,780382000000000;-38,541414000000000
248923;18;2;2015;09:00;5468;RUA ANTONIO POMPEU;RUA BAR ARATANHA;;0;;Colis?úo Transversal;Luz do Dia;Bom;Seca;Cruz;Sem?íforo;Comercial;0;0;2;1;0;0;0;0;0;0;0;0;-3,735826000000000;-38,527351000000000
248928;18;2;2015;08:20;0;AV DR SILAS MUNGUBA;;;4629;;Colis?úo Lateral;Luz do Dia;Bom;Seca;Meio de Quadra;N?úo H?í Controle;Residencial;0;0;2;1;1;0;0;0;0;0;0;0;-3,793945000000000;-38,534271000000000
248926;18;2;2015;18:50;1321;RUA VICENTE LEITE;RUA MARCOS MACEDO;;0;;Colis?úo Transversal;Via Iluminada;Bom;Seca;Cruz;Pare;Misto;0;0;2;1;0;0;0;0;0;0;0;0;-3,735201000000000;-38,494787000000000
248914;18;2;2015;15:20;9117;RUA DR ALFREDO WEYNE D14;RUA DR RATISBONA;;0;;Outros;Luz do Dia;Bom;Seca;Cruz;Pare;Residencial;0;0;2;1;0;0;1;0;0;0;0;0;-3,756355000000000;-38,531575000000000
248915;18;2;2015;06:40;25027;AV DR SILAS MUNGUBA;RUA PRA STELLA COCHRANE;;0;;Colis?úo Traseira;Luz do Dia;Bom;Seca;Cruz;Sem?íforo;Comercial;0;0;3;1;1;0;0;0;0;0;0;0;-3,793090000000000;-38,535043000000000
248916;18;2;2015;13:30;3767;AV IMPERADOR;AV DOMINGOS OLIMPIO;;0;;Colis?úo Lateral;Luz do Dia;Bom;Seca;Cruz;Sem?íforo;Residencial;0;0;2;1;0;0;0;0;0;0;0;0;-3,734790000000000;-38,536697000000000
248917;18;2;2015;17:25;0;AV PRS CASTELO BRANCO;;;989;;Capotamento;Via Iluminada;Bom;Seca;Meio de Quadra;N?úo H?í Controle;Lazer;1;1;0;0;0;0;0;0;0;0;0;0;-3,719193000000000;-38,532394000000000
248930;18;2;2015;14:30;19583;RUA CON DE CASTRO;RUA NEREU RAMOS;;0;;Colis?úo Transversal;Luz do Dia;Bom;Seca;Cruz;Pare;Comercial;0;0;2;0;0;0;0;0;0;1;0;0;-3,784820000000000;-38,573285000000000
248931;18;2;2015;21:15;0;AV PRS COSTA E SILVA;;;141;;Colis?úo Traseira;Via Iluminada;Bom;Seca;Meio de Quadra;N?úo H?í Controle;Residencial;0;0;2;1;0;0;0;0;0;1;0;0;-3,823068000000000;-38,551756000000000
248936;18;2;2015;13:50;0;AV DES MOREIRA;;;2620;;Colis?úo Traseira;Luz do Dia;Bom;Seca;Meio de Quadra;N?úo H?í Controle;Comercial;0;0;2;1;0;0;0;0;0;0;0;0;-3,748373000000000;-38,502230000000000
248933;18;2;2015;14:24;0;AV 13 DE MAIO;;;1251;;Atropelamento;Luz do Dia;Bom;Seca;Meio de Quadra;Sem?íforo;Comercial;0;1;1;1;0;0;0;0;0;0;0;0;-3,748709000000000;-38,530043000000000
248934;18;2;2015;18:40;21336;RUA AZEVEDO BOLAO;RUA PRO CASTELO BRANCO D08;;0;;Outros;Via Iluminada;Bom;Seca;Duplo T;Pare;Residencial;0;0;1;0;0;0;1;0;0;0;0;0;-3,734806000000000;-38,548702000000000
248938;18;2;2015;08:55;0;AV BEZERRA DE MENEZES;;;1219;;Colis?úo Frontal;Luz do Dia;Bom;Seca;Meio de Quadra;N?úo H?í Controle;Comercial;0;1;1;1;0;0;0;0;0;1;0;0;-3,733873000000000;-38,555794000000000
248940;18;2;2015;02:30;0;RUA PESSOA ANTA;;;435;;Atropelamento;Via Iluminada;Bom;Seca;Meio de Quadra;Pare;Comercial;0;1;1;1;0;0;0;0;0;0;0;0;;
248944;18;2;2015;18:40;0;AV LUCIANO CARNEIRO;;;635;;Outros;Via Iluminada;Bom;Seca;Meio de Quadra;N?úo H?í Controle;Residencial;0;0;2;1;0;0;0;0;0;0;0;0;-3,754604000000000;-38,533531000000000
248942;18;2;2015;16:30;0;AV AGUANAMBI;;;0;ROTAT?ôRIA;Colis?úo Lateral;Luz do Dia;Bom;Seca;Meio de Quadra;Sem?íforo;Comercial;0;0;2;1;0;0;0;1;0;0;0;0;-3,755538000000000;-38,523043000000000
248904;18;2;2015;21:45;5504;RUA JOAO CORDEIRO;RUA PDE VALDEVINO;;0;;Colis?úo Transversal;Via Iluminada;Nublado;Seca;Cruz;Sem?íforo;Misto;0;0;2;1;0;1;0;0;0;0;0;0;-3,738896000000000;-38,517550000000000
248905;18;2;2015;20:00;5075;RUA ALM JACEGUAI;RUA JOSE AVELINO;;0;;Colis?úo Transversal;Via Iluminada;Bom;Seca;Cruz;Pare;Comercial;0;2;1;1;0;1;0;0;0;0;0;0;-3,722395000000000;-38,519311000000000
248898;18;2;2015;15:45;24195;RUA PASCOAL CASTRO ALVES;AV ENG SANTANA JUNIOR;;0;;Colis?úo Lateral;Luz do Dia;Bom;Seca;Cruz;Pare;Residencial;0;0;2;1;0;0;0;0;0;0;0;0;-3,731999000000000;-38,479778000000000
248899;18;2;2015;09:45;15204;RUA JULIO IBIAPINA;AV ABOLICAO;;0;;Colis?úo Transversal;Luz do Dia;Bom;Seca;Cruz;Sem?íforo;Misto;0;0;2;1;0;0;0;0;0;0;0;0;-3,726679000000000;-38,491290000000000
248911;18;2;2015;14:20;0;AV BEZERRA DE MENEZES;;;2461;;Engavetamento;Luz do Dia;Bom;Seca;Meio de Quadra;N?úo H?í Controle;Comercial;0;0;3;1;0;0;0;0;0;0;0;0;-3,736062000000000;-38,566326000000000
248912;18;2;2015;13:15;1475;AV SANTOS DUMONT;RUA FONSECA LOBO;;0;;Colis?úo Traseira;Luz do Dia;Bom;Seca;Cruz;Pare;Comercial;0;0;2;1;1;0;0;0;0;0;0;0;-3,739062000000000;-38,489602000000000
248908;18;2;2015;13:20;11840;RUA DNA MAROQUINHA;RUA MON DANTAS;;0;;Colis?úo Transversal;Luz do Dia;Bom;Seca;Cruz;Pare;Comercial;0;1;1;1;0;0;0;0;0;1;0;0;-3,720021000000000;-38,545833000000000
248892;18;2;2015;15:15;5114;AV MON TABOSA;RUA NOGUEIRA ACIOLI;;0;;Colis?úo Lateral;Luz do Dia;Bom;Seca;Cruz;Pare;Comercial;0;1;1;1;0;0;0;0;0;1;0;0;-3,723850000000000;-38,514949000000000
248893;18;2;2015;18:00;0;AV DR SILAS MUNGUBA;;;1963;;Colis?úo Traseira;Via Iluminada;Bom;Seca;Meio de Quadra;Sem?íforo Intermitente;Residencial;0;0;3;1;0;0;0;0;0;0;0;0;-3,785313000000000;-38,552151000000000
260962;18;2;2015;06:45;0;RUA 24 DE OUTUBRO;;;0;;Colis?úo;Luz do Dia;;;Meio de Quadra;;;0;1;1;1;0;0;0;0;0;1;0;0;-3,755018000000000;-38,603225000000000
260965;18;2;2015;12:37;0;AV ENG HUMBERTO MONTE;;;0;;Colis?úo;Luz do Dia;;;Meio de Quadra;;;0;1;1;0;0;0;0;0;0;0;0;0;;
260970;18;2;2015;12:47;5135;RUA SAO PAULO;AV TRISTAO GONCALVES;;0;;Colis?úo;Luz do Dia;;;Cruz;Sem?íforo;Comercial;0;1;1;1;0;0;0;0;0;1;0;0;-3,724419000000000;-38,532395000000000
260973;18;2;2015;13:35;0;RUA OSCAR FRANCA;;;0;;Atropelamento;Luz do Dia;;;Meio de Quadra;;;0;1;1;0;0;0;0;0;0;1;0;0;-3,793547000000000;-38,594647000000000
260974;18;2;2015;15:30;10818;RUA PORTO VELHO;RUA MACEIO;;0;;Colis?úo;Luz do Dia;;;Cruz;Pare;Residencial;0;1;1;0;0;0;0;0;0;0;0;0;-3,763967000000000;-38,590726000000000
260975;18;2;2015;16:08;3242;RUA JOSE ARISTOTELES GONDIM;RUA PRIMEIRO DE MAIO D34;;0;;Colis?úo;Luz do Dia;;;Cruz;Pare;Residencial;0;1;1;1;0;0;0;0;0;1;0;0;-3,783524000000000;-38,586280000000000
260976;18;2;2015;19:03;5075;RUA JOSE AVELINO;RUA ALM JACEGUAI;;0;;Colis?úo;;;;Cruz;Pare;Comercial;0;1;1;1;0;0;0;0;0;1;0;0;-3,722395000000000;-38,519311000000000
260977;18;2;2015;22:03;0;AV WASHINGTON SOARES;;;0;;Colis?úo;;;;Meio de Quadra;;;0;1;1;1;0;1;0;0;0;0;0;0;;
260979;19;2;2015;06:28;0;AV HIS RAIMUNDO GIRAO;;;0;;Colis?úo;Luz do Dia;;;Meio de Quadra;;;0;1;1;1;0;0;0;0;0;1;0;0;;
260980;19;2;2015;06:47;0;AV MR HULL;;;0;;Colis?úo;Luz do Dia;;;Meio de Quadra;;;0;1;1;1;0;0;0;0;0;1;0;0;;
260981;19;2;2015;06:57;0;AV GAL OSORIO DE PAIVA;;;4505;;Colis?úo;Luz do Dia;;;Meio de Quadra;;;1;1;0;1;0;0;0;0;0;0;0;0;-3,798017000000000;-38,595561000000000
260982;19;2;2015;07:00;5303;AV SANTOS DUMONT;RUA DNA LEOPOLDINA;;0;;Queda;Luz do Dia;;;T;Sem?íforo;Comercial;0;1;0;0;0;0;0;0;0;1;0;0;-3,729515000000000;-38,519029000000000
248913;19;2;2015;18:30;4080;AV JOSE BASTOS;RUA CEARA;;0;;Colis?úo Traseira;Via Iluminada;Chuva;Seca;Cruz;Sem?íforo;Comercial;0;1;1;1;0;0;0;0;0;1;0;0;-3,760008000000000;-38,564112000000000
248943;19;2;2015;19:48;3030;RUA ANDRE REBOUCAS;RUA DIOGO CORREIA;;0;;Colis?úo Transversal;Via Iluminada;Bom;Seca;Cruz;Sem?íforo;Comercial;0;1;1;1;0;0;0;0;0;1;0;0;-3,774008000000000;-38,588606000000000
248948;19;2;2015;11:00;7760;AV ANTONIO SALES;RUA SILVA PAULET;;0;;Colis?úo Transversal;Luz do Dia;Bom;Seca;Cruz;Pare;Comercial;0;0;2;1;0;0;0;0;0;0;0;0;-3,743595000000000;-38,508383000000000
248950;19;2;2015;18:30;17338;RUA ZACARIAS GONDIM;RUA BAR SOBRAL;;0;;Colis?úo Traseira;Via Iluminada;Bom;Seca;Cruz;Pare;Comercial;0;0;2;1;0;0;0;0;0;0;0;0;-3,765280000000000;-38,557307000000000
248952;19;2;2015;08:10;0;AV SANTOS DUMONT;;;2727;;Colis?úo Lateral;;Nublado;;Meio de Quadra;;Comercial;0;0;2;1;0;0;0;0;0;0;0;0;-3,735498000000000;-38,500642000000000
248954;19;2;2015;09:10;4080;AV JOSE BASTOS;RUA CEARA;;0;;Colis?úo Lateral;Luz do Dia;Bom;Seca;Cruz;Sem?íforo;Comercial;0;0;2;0;1;0;1;0;0;0;0;0;-3,760008000000000;-38,564112000000000
248956;19;2;2015;05:00;25181;AV DR SILAS MUNGUBA;RUA FIS ASSIS SARAIVA;;0;;Colis?úo Traseira;Amanhecer;Chuva;Molhada;Cruz;Pare;Comercial;0;0;2;1;1;0;0;0;0;0;0;0;-3,802717000000000;-38,528831000000000
248957;19;2;2015;11:30;17909;RUA HAROLDO TORRES;RUA PDE GUILHERME;;0;;Choque c/ Obst?ículo Fixo;Luz do Dia;Bom;Seca;T;Pare;Residencial;0;0;1;0;0;0;1;0;0;0;0;0;-3,732290000000000;-38,578387000000000
248959;19;2;2015;07:25;0;AV EDUARDO GIRAO;;;0;;Colis?úo Traseira;Luz do Dia;Nublado;Molhada;Meio de Quadra;N?úo H?í Controle;Comercial;0;0;2;1;0;0;0;0;0;0;0;0;;
248960;19;2;2015;09:20;7712;AV CARNEIRO DE MENDONCA;RUA JOAO CAPOTE;;0;;Colis?úo Transversal;Luz do Dia;Bom;Seca;Cruz;Pare;Residencial;0;0;2;1;0;0;0;0;0;0;0;0;-3,766458000000000;-38,561662000000000
248962;19;2;2015;06:00;9174;AV 13 DE MAIO;RUA MON OTAVIO CASTRO;;0;;Colis?úo Traseira;Luz do Dia;Nublado;Molhada;Cruz;Sem?íforo;Comercial;0;0;2;1;0;0;0;0;0;0;0;0;-3,751738000000000;-38,526507000000000
248968;19;2;2015;09:00;12849;RUA SALDANHA MARINHO;RUA ASSUNCAO;;0;;Colis?úo Transversal;Luz do Dia;Bom;Seca;Cruz;Pare;Comercial;0;2;0;1;0;0;0;0;0;0;0;0;-3,742314000000000;-38,531231000000000
248969;19;2;2015;15:10;3347;AV ENG HUMBERTO MONTE;RUA GOIAS;;0;;Colis?úo Transversal;Luz do Dia;Nublado;Seca;Cruz;Pare;Misto;0;0;2;1;0;0;0;0;0;0;0;0;-3,750494000000000;-38,559425000000000
248970;19;2;2015;10:00;20135;RUA PRO JOSE SILVEIRA;RUA AMANCIO PEREIRA;;0;;Colis?úo Transversal;Luz do Dia;Bom;Seca;Cruz;Pare;Residencial;0;0;2;1;0;0;0;0;0;0;0;0;-3,810520000000000;-38,521662000000000
248964;19;2;2015;07:00;100;RUA TOMAS RODRIGUES;AV MR HULL;;0;;Colis?úo Lateral;Luz do Dia;Bom;Seca;Cruz;Sem?íforo;Comercial;0;0;2;1;0;0;1;0;0;0;0;0;-3,740004000000000;-38,593915000000000
248966;19;2;2015;16:50;5030;AV ALM BARROSO;RUA ALM JACEGUAI;;0;;Colis?úo Lateral;Via Iluminada;Bom;Seca;Cruz;Sem?íforo;Comercial;0;0;2;0;1;0;0;0;0;0;0;0;-3,720749000000000;-38,519363000000000
248945;19;2;2015;18:00;13576;AV RUI BARBOSA;RUA FRE BERNARDINO;;0;;Colis?úo;Via Iluminada;Bom;Seca;Outros;Pare;Residencial;0;0;2;1;0;0;0;0;0;0;0;0;-3,750601000000000;-38,514146000000000
248946;19;2;2015;20:30;0;AV EDUARDO GIRAO;;;0;;Colis?úo Lateral;Via Iluminada;Bom;Seca;Meio de Quadra;Sem?íforo;Outros;0;0;2;1;0;0;0;0;0;0;0;0;;
248941;19;2;2015;10:15;1032;AV ENG LEAL LIMA VERDE (SAPIRANGA/COITE);RUA JOAQUIM FROTA;;0;;Colis?úo Traseira;Luz do Dia;Bom;Seca;Rotat??ria;D?¬ Prefer?¬ncia;Residencial;0;1;1;1;0;0;0;0;0;1;0;0;-3,801619000000000;-38,475166000000000
248939;19;2;2015;13:59;0;RUA JORGE ACURCIO;;;312;;Colis?úo;Luz do Dia;Bom;Seca;Meio de Quadra;N?úo H?í Controle;Residencial;0;0;2;1;0;0;0;0;0;0;0;0;-3,762461000000000;-38,530574000000000
248935;19;2;2015;21:00;25615;AV EDILSON B SOARES;RUA NADIR SABOYA (EDSON QUEIROZ/SAPIRANGA);;0;;Colis?úo Lateral;Via Iluminada;Bom;Seca;Cruz;Pare;Residencial;0;0;2;1;0;0;0;0;0;0;0;0;-3,788125000000000;-38,465199000000000
248937;19;2;2015;18:15;0;RUA DR THOMPSON BULCAO;;;12;;Colis?úo Lateral;Via Iluminada;Bom;Seca;Meio de Quadra;N?úo H?í Controle;Comercial;0;1;1;1;0;0;0;0;1;0;0;0;-3,769020000000000;-38,494305000000000
248918;19;2;2015;09:30;8768;RUA CRISANTO M DA ROCHA;RUA PRO SOLON FARIAS;;0;;Colis?úo Transversal;Luz do Dia;Bom;Seca;Cruz;N?úo H?í Controle;Residencial;0;1;1;1;0;0;0;0;0;1;0;0;-3,792049000000000;-38,476878000000000
248919;19;2;2015;11:15;0;AV AGUANAMBI;;;0;;Colis?úo Lateral;Luz do Dia;Nublado;Seca;Meio de Quadra;D?¬ Prefer?¬ncia;Comercial;0;1;1;1;0;0;0;0;0;0;0;0;;
248920;19;2;2015;09:20;5410;RUA MAJ FACUNDO;RUA GAL CLARINDO DE QUEIROZ;;0;;Colis?úo Transversal;Luz do Dia;Bom;Seca;Cruz;Sem?íforo;Comercial;0;0;2;1;0;0;0;0;0;0;0;0;-3,732895000000000;-38,529587000000000
248921;19;2;2015;19:55;23311;RUA SAO GABRIEL D56;RUA PRO FRANCISCO GONCALVES;;0;;Colis?úo Transversal;Via Iluminada;Bom;Seca;Cruz;Pare;Residencial;0;2;1;1;0;0;0;0;0;1;0;0;-3,749523000000000;-38,492916000000000
248927;19;2;2015;11:00;0;RUA JUVENCIO PORFIRIO SALES;;;110;;Colis?úo Frontal;Luz do Dia;Bom;Seca;Meio de Quadra;;;0;1;1;1;0;0;0;0;0;1;0;0;;
248924;19;2;2015;20:00;5246;RUA GONCALVES LEDO;RUA PEREIRA FILGUEIRAS;;0;;Colis?úo Transversal;Via Iluminada;Bom;Seca;Cruz;Pare;Misto;0;1;1;1;0;0;0;0;0;1;0;0;-3,727667000000000;-38,515004000000000