COD_ACIDENTE;DIA;MES;ANO;HORA;INTERSECAO;LOG1;LOG2;LOG3;NUMERO;REFERENCIA;NATUREZA;ILUMINACAO;TEMPO;SUPERFICIEPISTA;TIPOCRUZAMENTO;CONTROLETRAFEGO;USOSOLO;MORTOS;FERIDOS;ILESOS;AUTOMOVEL;ONIBUS;BICICLETA;CAMINHAO;MICROONIBUS;CICLOMOTOR;MOTOCICLETA;TRACAOANIMAL;TREM;LATITUDE;LONGITUDE
248925;19;2;2015;07:30;0;RUA AFONSO CELSO;;;196;;Colis?úo;Luz do Dia;;;Meio de Quadra;;;0;0;2;1;0;0;0;0;0;0;0;0;-3,736051000000000;-38,509552000000000
261234;19;2;2015;07:34;0;AV MR HULL;;;0;;Colis?úo;Luz do Dia;;;Meio de Quadra;;;0;1;1;1;0;0;0;0;0;1;0;0;;
261235;19;2;2015;09:47;0;RUA PRO HERIBALDO COSTA;;;2288;;Colis?úo;Luz do Dia;;;Meio de Quadra;;;0;1;1;0;0;0;0;0;0;1;0;0;-3,771510000000000;-38,590414000000000
261240;19;2;2015;11:27;5436;RUA JAIME BENEVOLO;RUA GAL CLARINDO DE QUEIROZ;;0;;Colis?úo;Luz do Dia;;;Cruz;Pare;Comercial;0;1;1;1;0;0;0;0;0;1;0;0;-3,734060000000000;-38,526017000000000
261241;19;2;2015;13:10;0;AV CEL CARVALHO;RUA DES HERMES PARAHYBA;;0;;Atropelamento;Luz do Dia;;;;;;0;1;1;0;0;0;0;0;0;1;0;0;-3,713935000000000;-38,588811000000000
261242;19;2;2015;15:14;0;RUA 860 CJ CEARA;;;0;;Atropelamento;Luz do Dia;;;Meio de Quadra;;;0;1;1;0;0;0;0;0;0;1;0;0;;
261246;19;2;2015;16:43;24307;RUA 8 DE SETEMBRO;RUA ALFREDO LADISLAU;;0;;Colis?úo;Luz do Dia;;;Cruz;Pare;Residencial;0;1;1;1;0;0;0;0;0;1;0;0;-3,738110000000000;-38,486952000000000
261247;19;2;2015;16:14;1381;AV HERACLITO GRACA;RUA ILDEFONSO ALBANO;;0;;Colis?úo;Luz do Dia;;;Duplo T;Sem?íforo;Residencial;0;1;1;1;0;0;0;0;0;1;0;0;-3,736795000000000;-38,514339000000000
261248;19;2;2015;16:34;0;AV GAL OSORIO DE PAIVA;;;0;;Queda;Luz do Dia;;;Meio de Quadra;;;0;1;0;0;0;0;0;0;0;1;0;0;;
261250;19;2;2015;16:54;0;AV SGT HERMINIO SAMPAIO;;;0;;Colis?úo;Luz do Dia;;;Meio de Quadra;;;0;1;1;0;0;0;0;0;0;0;0;0;-3,728953000000000;-38,572767000000000
261251;19;2;2015;17:07;0;RUA DIOGO CORREIA;;;0;;Colis?úo;Anoitecer;;;Meio de Quadra;;;0;1;1;1;0;0;0;0;0;1;0;0;-3,774086000000000;-38,588580000000000
261252;19;2;2015;17:21;24872;RUA ANTONIO ARRUDA;RUA CREUSA ROCHA;;0;;Queda;Anoitecer;;;;;;0;1;0;0;0;0;0;0;0;1;0;0;-3,720645000000000;-38,594151000000000
261254;19;2;2015;17:29;0;RUA PIERRE LUZ;;;0;;Colis?úo;Anoitecer;;;Meio de Quadra;;;0;1;1;0;0;0;0;0;0;0;0;0;;
261255;19;2;2015;17:59;0;RUA STA MARIA GORETE;;;0;;Colis?úo;Anoitecer;;;Meio de Quadra;;;0;1;1;0;0;0;0;0;0;0;0;0;;
261256;19;2;2015;19:15;0;AV IMPERADOR;;;0;;Atropelamento;;;;Meio de Quadra;;;0;1;1;0;1;0;0;0;0;0;0;0;-3,731597000000000;-38,535762000000000
261257;19;2;2015;19:23;0;AV GOV RAUL BARBOSA;;;0;;Queda;;;;Meio de Quadra;;;0;1;0;0;0;0;0;0;0;1;0;0;;
261258;19;2;2015;19:27;22070;RUA JOSE FACANHA;RUA PAPI JUNIOR;;0;;Queda;;;;Cruz;Outros;Residencial;0;1;0;0;0;0;0;0;0;1;0;0;-3,752136000000000;-38,557265000000000
261259;19;2;2015;19:35;5246;RUA PEREIRA FILGUEIRAS;RUA GONCALVES LEDO;;0;;Colis?úo;;;;Cruz;Pare;Comercial;0;1;1;1;0;0;0;0;0;0;0;0;-3,727667000000000;-38,515004000000000
261260;19;2;2015;19:59;0;AV WASHINGTON SOARES;;;0;;Colis?úo;;;;Meio de Quadra;;;0;1;1;1;0;0;0;0;0;0;0;0;-3,777820000000000;-38,481442000000000
261261;19;2;2015;20:12;0;RUA SAO GABRIEL (COCO);;;0;;Colis?úo;;;;Meio de Quadra;;;0;1;1;1;0;0;0;0;0;1;0;0;;
261262;19;2;2015;20:28;0;AV F CJ CEARA;;;0;;Queda;;;;Meio de Quadra;;;0;1;0;0;0;0;0;0;0;1;0;0;;
253453;19;2;2015;14:00;0;RD BR 116;;;14000;KM-14;Colis?úo Traseira;Luz do Dia;Bom;Seca;Meio de Quadra;N?úo H?í Controle;Comercial;0;0;4;1;0;0;1;0;0;0;0;0;-3,873523000000000;-38,499242000000000
258798;19;2;2015;13:02;0;RD CE-060;;;0;KM-02;Colis?úo;Luz do Dia;;Seca;Meio de Quadra;;;0;1;1;0;0;0;0;0;0;1;0;0;-3,828028000000000;-38,580009000000000
258799;19;2;2015;18:02;0;AV SEN CARLOS JEREISSATI (AEROPORTO);;;0;KM 01;Colis?úo;Anoitecer;;Seca;Meio de Quadra;;;0;0;2;1;0;0;0;0;0;0;0;0;-3,783803000000000;-38,520356000000000
258800;19;2;2015;19:20;0;AV WASHINGTON SOARES;;;2100;;Engavetamento;;;Seca;Meio de Quadra;;;0;1;3;1;0;0;0;0;0;0;0;0;-3,777502000000000;-38,481530000000000
260417;19;2;2015;19:02;11259;AV BENJAMIM BRASIL;RUA PAURILO BARROSO;;0;;Capotamento;;;;Cruz;N?úo H?í Controle;Residencial;0;0;2;1;0;0;0;0;0;0;0;0;-3,803725000000000;-38,570528000000000
259981;19;2;2015;16:07;15700;RUA GUILHERME PESSOA;RUA VICENTE NOBRE MACEDO;;0;;Colis?úo;Luz do Dia;;;Cruz;Pare;Residencial;0;0;2;1;1;0;0;0;0;0;0;0;-3,827498000000000;-38,484654000000000
253531;19;2;2015;06:45;0;RD BR 222;;;0;KM-03;Colis?úo Traseira;Luz do Dia;Nublado;Molhada;Meio de Quadra;N?úo H?í Controle;Comercial;0;2;1;1;0;0;0;0;0;1;0;0;-3,736999000000000;-38,571997000000000
264242;19;2;2015;07:15;15152;AV BAR STUDART;AV ABOLICAO;;0;;Colis?úo;Luz do Dia;;;;;;0;0;2;0;0;0;0;0;0;0;0;0;-3,724762000000000;-38,503445000000000
264243;19;2;2015;09:32;35;RUA JOAQUIM LEITAO;RUA PEDRO MELO;;0;;Colis?úo;Luz do Dia;;;Cruz;Pare;Residencial;0;0;2;0;0;0;0;0;0;0;0;0;-3,744174000000000;-38,592100000000000
264244;19;2;2015;11:01;0;RUA PDE IBIAPINA;;;1640;;Colis?úo;Luz do Dia;;;Meio de Quadra;;;0;0;2;0;0;0;0;0;0;0;0;0;-3,730187000000000;-38,540002000000000
264245;19;2;2015;11:23;0;RUA MIGUEL ARAGAO;;;1160;;Colis?úo;Luz do Dia;;;Meio de Quadra;;;0;0;2;0;0;0;0;0;0;0;0;0;;
264246;19;2;2015;11:43;5709;AV DES GONZAGA;AV OLIVEIRA PAIVA;;0;;Colis?úo;Luz do Dia;;;Cruz;Sem?íforo;Lazer;0;0;2;0;0;0;0;0;0;0;0;0;-3,797165000000000;-38,499953000000000
264247;19;2;2015;12:00;0;RUA SAO JOAO D34 (BONSUCESSO);;;0;;Colis?úo;Luz do Dia;;;Meio de Quadra;;;0;0;2;0;0;0;0;0;0;0;0;0;;
264248;19;2;2015;12:20;5717;RUA FIS PERDIGAO;RUA CON BRAVEZA;;0;;Colis?úo;Luz do Dia;;;Cruz;Pare;Residencial;0;0;2;0;0;0;0;0;0;0;0;0;-3,799470000000000;-38,497098000000000
264249;19;2;2015;13:44;12837;RUA JAIME BENEVOLO;AV DOMINGOS OLIMPIO;;0;;Colis?úo;Luz do Dia;;;Cruz;Sem?íforo;Comercial;0;0;2;0;0;0;0;0;0;0;0;0;-3,737780000000000;-38,527245000000000
264250;19;2;2015;16:44;0;RUA OSCAR FRANCA;;;2161;;Colis?úo;Luz do Dia;;;Meio de Quadra;;;0;0;2;0;0;0;0;0;0;0;0;0;-3,788464000000000;-38,610222000000000
264251;19;2;2015;19:05;0;RUA PORTO VELHO;;;531;;Colis?úo;;;;Meio de Quadra;;;0;0;2;0;0;0;0;0;0;0;0;0;-3,766627000000000;-38,585778000000000
264252;19;2;2015;19:21;0;RUA PRO VIRGILIO DE MORAIS;;;0;;Colis?úo;;;;Meio de Quadra;;;0;0;2;0;0;0;0;0;0;0;0;0;;
264253;19;2;2015;20:49;0;RUA CEL VIRGILIO NOGUEIRA (BOM JARDIM);;;1174;;Colis?úo;;;;Meio de Quadra;;;0;0;2;0;0;0;0;0;0;0;0;0;;
264254;19;2;2015;21:45;0;RUA NOSSA SRA DAS GRACAS;;;300;;Colis?úo;;;;Meio de Quadra;;;0;0;2;0;0;0;0;0;0;0;0;0;-3,710930000000000;-38,551071000000000
264255;19;2;2015;23:07;0;AV GODOFREDO MACIEL;;;0;;Queda;;;;Meio de Quadra;;;0;0;1;0;0;0;0;0;0;1;0;0;;
264256;19;2;2015;23:09;19539;AV DR SILAS MUNGUBA;RUA EQUADOR;;0;;Colis?úo;;;;Cruz;Sem?íforo;Comercial;0;0;2;0;0;0;0;0;0;0;0;0;-3,782377000000000;-38,555434000000000
264257;20;2;2015;06:51;0;AV ALBERTO CRAVEIRO;;;0;;Colis?úo;Luz do Dia;;;Meio de Quadra;;;0;0;2;0;0;0;0;0;0;0;0;0;;
264258;20;2;2015;07:27;0;RUA PRO JOSE SILVEIRA;;;528;;Colis?úo;Luz do Dia;;;Meio de Quadra;;;0;0;2;0;0;0;0;0;0;0;0;0;;
264259;20;2;2015;10:53;0;RUA MARCELINO MELO;;;328;;Choque c/ Obst?ículo Fixo;Luz do Dia;;;Meio de Quadra;;;0;0;1;0;0;0;0;0;0;0;0;0;;
264260;20;2;2015;14:03;22082;RUA CAP FRANCISCO PEDRO;RUA ALEXANDRE BARAUNA;;0;;Colis?úo;Luz do Dia;;;Cruz;Pare;Comercial;0;0;2;0;0;0;0;0;0;0;0;0;-3,749020000000000;-38,550539000000000
264261;20;2;2015;15:59;0;LOGRADOURO SEM NOME;;;0;;Colis?úo;Luz do Dia;;;Meio de Quadra;;;0;0;2;0;0;0;0;0;0;0;0;0;;
264262;20;2;2015;16:19;0;AV BEZERRA DE MENEZES;;;0;;Colis?úo;Luz do Dia;;;Meio de Quadra;;;0;0;2;0;0;0;0;0;0;0;0;0;;
264263;20;2;2015;16:50;0;AV GAL MURILO BORGES;;;0;;Colis?úo;Luz do Dia;;;Meio de Quadra;;;0;0;2;0;0;0;0;0;0;0;0;0;;
264264;20;2;2015;16:55;0;RUA ALINE VIEIRA COLARES;;;0;;Colis?úo;Luz do Dia;;;Meio de Quadra;;;0;0;2;0;0;0;0;0;0;0;0;0;;
264265;20;2;2015;18:31;0;AV FRANCISCO SA;;;3190;;Colis?úo;;;;Meio de Quadra;;;0;0;2;0;0;0;0;0;0;0;0;0;-3,718106000000000;-38,555264000000000
253556;20;2;2015;06:40;0;RD BR 222;;;0;KM-03;Colis?úo Transversal;Luz do Dia;Nublado;Seca;Meio de Quadra;N?úo H?í Controle;Comercial;0;1;1;0;0;0;0;0;0;1;0;0;-3,736999000000000;-38,571997000000000
259998;20;2;2015;15:54;8947;RUA GAL CLARINDO DE QUEIROZ;RUA EURICO FACO;;0;;Colis?úo;Luz do Dia;;;Cruz;Pare;Misto;0;0;2;1;0;0;0;1;0;0;0;0;-3,729201000000000;-38,541099000000000
260423;20;2;2015;20:02;22158;AV JOSE BASTOS;RUA GUSTAVO BRAGA;;0;;Colis?úo;;;;T;N?úo H?í Controle;Comercial;0;0;2;0;0;0;0;0;0;0;0;0;-3,751535000000000;-38,551989000000000
260419;20;2;2015;20:02;0;AV DEP PAULINO ROCHA;;;0;;Colis?úo;;;;Meio de Quadra;;;0;0;2;0;0;0;0;0;0;0;0;0;;
257326;20;2;2015;10:30;14863;RUA JOAQUIM ALFREDO;TR WALDIR DIOGO;;0;;Colis?úo;Luz do Dia;;;;;;0;1;0;1;0;0;0;0;0;1;0;0;-3,807043000000000;-38,583907000000000
257327;20;2;2015;12:30;0;RD CE-025;;;0;KM-05;Colis?úo;Luz do Dia;;;Meio de Quadra;;;0;1;0;0;0;0;0;0;0;1;0;0;-3,810070000000000;-38,433120000000000
257340;20;2;2015;16:20;16297;RUA JOSE LUCAS;RUA IPAUMIRIM D72;;0;;Colis?úo;Luz do Dia;;;;;;0;1;1;1;0;0;0;0;0;0;0;0;-3,832018000000000;-38,562291000000000
257329;20;2;2015;16:07;0;RUA VALPARAISO;;;500;;Colis?úo;Luz do Dia;;;Meio de Quadra;;;0;1;0;0;0;0;0;0;0;1;0;0;-3,844378000000000;-38,525575000000000
261266;20;2;2015;07:56;0;RUA TAB JOAQUIM COELHO;;;0;;Colis?úo;Luz do Dia;;;Meio de Quadra;;;0;1;1;0;0;0;0;0;0;1;0;0;-3,796810000000000;-38,480729000000000
261268;20;2;2015;08:56;0;RUA BAR RIO BRANCO;;;0;;Colis?úo;Luz do Dia;;;Meio de Quadra;;;0;1;1;0;0;0;0;0;0;0;0;0;-3,735534000000000;-38,531157000000000
261269;20;2;2015;09:10;0;RUA WALDIR DIOGO;;;0;;Colis?úo;Luz do Dia;;;Meio de Quadra;;;0;1;1;0;0;0;0;0;0;0;0;0;-3,806800000000000;-38,581586000000000
261272;20;2;2015;13:14;0;AV DR SILAS MUNGUBA;;;0;;Colis?úo;Luz do Dia;;;Meio de Quadra;;;0;1;1;1;0;0;0;0;0;1;0;0;;
261274;20;2;2015;13:54;15289;AV DES MOREIRA;RUA ANA BILHAR;;0;;Queda;Luz do Dia;;;Cruz;Sem?íforo;Residencial;0;1;0;0;0;0;0;0;0;1;0;0;-3,729331000000000;-38,496113000000000
261277;20;2;2015;14:03;0;RUA DELMIRO FARIAS;;;0;;Atropelamento;Luz do Dia;;;Meio de Quadra;;;0;1;1;0;0;0;0;0;0;1;0;0;-3,748167000000000;-38,549878000000000
261279;20;2;2015;14:24;12745;RUA ANA NERY;RUA JULIO CESAR D12;;0;;Colis?úo;Luz do Dia;;;Cruz;Pare;Misto;0;1;1;1;0;0;0;0;0;1;0;0;-3,751712000000000;-38,544349000000000
261281;20;2;2015;15:09;0;AV JOSE BASTOS;;;0;;Colis?úo;Luz do Dia;;;Meio de Quadra;;;0;1;1;1;0;0;0;0;0;1;0;0;-3,746523000000000;-38,546954000000000
261284;20;2;2015;16:27;0;RUA ALBERTO MAGNO;;;0;;Colis?úo;Luz do Dia;;;Meio de Quadra;;;0;1;1;1;0;0;0;0;0;1;0;0;;
261286;20;2;2015;16:55;0;AV ENG SANTANA JUNIOR;;;2591;;Colis?úo;Luz do Dia;;;Meio de Quadra;;;1;0;1;1;0;0;0;0;0;1;0;0;-3,747137000000000;-38,489543000000000
261288;20;2;2015;20:20;0;RUA BRI TORRES;;;0;;Colis?úo;;;;Meio de Quadra;;;0;1;1;1;0;0;0;0;0;1;0;0;;
261292;20;2;2015;22:41;0;RUA PRO GOMES BRASIL;;;0;;Colis?úo;;;;Meio de Quadra;;;0;1;1;1;0;1;0;0;0;0;0;0;-3,772774000000000;-38,568488000000000
261290;20;2;2015;21:22;21060;RUA PERNAMBUCO;RUA STO AMARO DO PICI;;0;;Colis?úo;;;;T;N?úo H?í Controle;Residencial;0;1;1;1;0;0;0;0;0;1;0;0;-3,752417000000000;-38,577179000000000
248947;20;2;2015;00:00;0;AV PONTES VIEIRA;RUA BARROS LEAL;;657;BRADESCO;Colis?úo Traseira;Via Iluminada;Bom;Seca;Meio de Quadra;N?úo H?í Controle;Comercial;0;1;1;1;0;0;0;0;0;1;0;0;-3,752931000000000;-38,515262000000000
248967;20;2;2015;19:45;19061;RUA JOSE CARLOS GURGEL NOGUEIRA;RUA TARCISIO BONFIM;;0;;Colis?úo Transversal;Via Iluminada;Bom;Seca;Cruz;Pare;Residencial;0;0;2;1;1;0;0;0;0;0;0;0;-3,736621000000000;-38,476135000000000
248965;20;2;2015;07:00;0;RUA PRO COSTA MENDES;;;0;;Colis?úo Lateral;Luz do Dia;;Seca;Meio de Quadra;Pare;;0;0;2;1;1;0;0;0;0;0;0;0;;
248975;20;2;2015;17:00;0;AV PRS COSTA E SILVA;;;0;;Colis?úo Traseira;Anoitecer;Bom;Seca;Meio de Quadra;N?úo H?í Controle;Residencial;0;0;2;0;0;0;0;0;0;0;0;0;;
248976;20;2;2015;15:00;0;RUA PRO GOMES BRASIL;;;0;;Colis?úo Transversal;Luz do Dia;Bom;Seca;Meio de Quadra;D?¬ Prefer?¬ncia;Lazer;0;0;2;1;1;0;0;0;0;0;0;0;;
248977;20;2;2015;17:30;18440;AV SGT HERMINIO SAMPAIO;RUA CARLINDO CRUZ;;0;;Colis?úo Lateral;Anoitecer;Bom;Seca;T;Pare;Comercial;0;0;2;1;0;0;0;0;0;1;0;0;-3,729636000000000;-38,574437000000000
248979;20;2;2015;13:30;0;AV DR SILAS MUNGUBA;RUA GERMANO FRANCK;;0;;Queda;Luz do Dia;Bom;Seca;Meio de Quadra;N?úo H?í Controle;Comercial;0;1;0;0;0;0;0;0;0;1;0;0;;
248981;20;2;2015;15:40;7637;AV CARNEIRO DE MENDONCA;RUA NETUNO;;0;;Colis?úo Lateral;Luz do Dia;Bom;Seca;T;N?úo H?í Controle;Comercial;0;1;1;1;0;0;0;0;0;1;0;0;-3,761518000000000;-38,571592000000000
248963;20;2;2015;21:00;5500;RUA PDE VALDEVINO;RUA NOGUEIRA ACIOLI;;0;;Colis?úo Transversal;Luz do Dia;Bom;Seca;Cruz;Sem?íforo;Misto;0;1;1;0;0;0;0;0;0;1;0;0;-3,738246000000000;-38,519630000000000
248961;20;2;2015;17:30;1732;RUA CAP ARAGAO;RUA MAJ GERARDO MENDES;;0;;Colis?úo Transversal;Anoitecer;Bom;Seca;Cruz;Pare;Residencial;0;0;2;1;0;0;0;0;0;0;0;0;-3,764975000000000;-38,513441000000000
248958;20;2;2015;20:50;0;AV BORGES DE MELO;;;60;;Colis?úo Transversal;Via Iluminada;Bom;Seca;Outros;Pare;Comercial;0;1;1;1;0;0;0;0;1;0;0;0;-3,761561000000000;-38,517871000000000
248955;20;2;2015;08:40;17342;AV PRO GOMES DE MATOS;RUA ALAN KARDEC;;0;;Engavetamento;Luz do Dia;Bom;Seca;Cruz;Sem?íforo;Comercial;0;1;2;1;0;0;0;0;0;1;0;0;-3,765321000000000;-38,549213000000000
248953;20;2;2015;18:10;7622;RUA PERNAMBUCO;RUA STA CATARINA (BELA VISTA / PAN AMERICANO);;0;;Colis?úo Transversal;Via Iluminada;Bom;Seca;Cruz;Pare;Residencial;0;2;0;1;0;0;0;0;0;1;0;0;-3,759605000000000;-38,569067000000000
248951;20;2;2015;22:15;19183;RUA LAURO NOGUEIRA;RUA CESAR FONSECA;;0;;Colis?úo Transversal;Via Iluminada;Bom;Seca;T;Sem?íforo;Comercial;0;1;1;1;0;0;0;0;0;1;0;0;-3,741946000000000;-38,472579000000000
248949;20;2;2015;10:00;0;AV ZEZE DIOGO;;;4930;CHICO DO CARANGUEJO;Colis?úo Lateral;Luz do Dia;Bom;Seca;Meio de Quadra;N?úo H?í Controle;Lazer;0;0;2;1;0;0;0;0;0;0;0;0;-3,754305000000000;-38,445495000000000
248982;21;2;2015;18:50;0;RUA ALBERTO MAGNO;;;555;;Choque c/ Obst?ículo Fixo;Via Iluminada;Bom;Seca;Meio de Quadra;N?úo H?í Controle;Comercial;0;0;1;1;0;0;0;0;0;0;0;0;-3,760679000000000;-38,546317000000000
248980;21;2;2015;16:00;0;AV JOSE BASTOS;;;6670;;Colis?úo Traseira;Anoitecer;Nublado;Seca;Meio de Quadra;N?úo H?í Controle;Comercial;0;0;2;1;0;0;0;0;0;0;0;0;-3,769089000000000;-38,570173000000000
248978;21;2;2015;13:30;1432;AV SANTOS DUMONT;AV SEN VIRGILIO TAVORA;;0;;Colis?úo Traseira;Luz do Dia;Nublado;Seca;Cruz;Sem?íforo;Comercial;0;0;2;1;0;0;0;0;0;0;0;0;-3,737828000000000;-38,493482000000000
248972;21;2;2015;11:20;23191;AV GAL OSORIO DE PAIVA;RUA ITAPOA;;0;;Colis?úo Transversal;Luz do Dia;Nublado;Molhada;;Pare;;0;1;1;1;0;0;0;0;0;1;0;0;;
248973;21;2;2015;06:40;0;RUA VALPARAISO;;;0;;Colis?úo Lateral;Luz do Dia;Chuva;Molhada;Meio de Quadra;Pare;Residencial;0;0;2;1;1;0;0;0;0;0;0;0;;
248994;21;2;2015;11:40;0;AV DUQ CAXIAS;;;638;;Colis?úo Lateral;Luz do Dia;Nublado;Seca;Meio de Quadra;N?úo H?í Controle;Comercial;0;0;2;1;1;0;0;0;0;0;0;0;-3,731665000000000;-38,530242000000000
248995;21;2;2015;06:00;25092;AV 13 DE MAIO;RUA VICENTE AGUIAR;;0;;Choque c/ Obst?ículo Fixo;Luz do Dia;Chuva;Molhada;Cruz;Pare;Comercial;0;0;1;1;0;0;0;0;0;0;0;0;;
248996;21;2;2015;09:15;8954;AV DOMINGOS OLIMPIO;RUA DOM JERONIMO D06;;0;;Colis?úo Transversal;Luz do Dia;Chuva;Molhada;Cruz;Sem?íforo;Comercial;0;0;2;1;0;0;0;0;0;0;0;0;-3,733201000000000;-38,543457000000000
248984;21;2;2015;12:20;1309;RUA ILDEFONSO ALBANO;RUA FIUZA DE PONTES;;0;;Colis?úo Lateral;Luz do Dia;Nublado;Seca;Cruz;;Misto;0;1;0;1;0;0;0;0;0;1;0;0;-3,734722000000000;-38,513672000000000
248987;21;2;2015;16:15;23419;RUA MON SALAZAR;RUA NUNES VALENTE;;0;;Colis?úo Transversal;Luz do Dia;Bom;Seca;Cruz;Pare;Residencial;0;0;2;1;0;0;0;0;0;0;0;0;-3,755627000000000;-38,508961000000000
248989;21;2;2015;07:40;19360;RUA EDUARDO PERDIGAO;AV GODOFREDO MACIEL;;0;;Colis?úo Transversal;;Chuva;Molhada;Cruz;Pare;Comercial;0;1;1;0;1;0;0;0;0;1;0;0;-3,776654000000000;-38,563845000000000
248992;21;2;2015;07:00;7718;AV CARNEIRO DE MENDONCA;AV JOSE BASTOS;;0;;Colis?úo Traseira;Luz do Dia;Chuva;Molhada;Cruz;Sem?íforo;Comercial;0;0;2;1;0;0;0;0;0;0;0;0;-3,764109000000000;-38,566759000000000
261297;21;2;2015;04:59;0;AV GODOFREDO MACIEL;;;0;;Queda;;;;Meio de Quadra;;;0;1;0;0;0;0;0;0;0;1;0;0;-3,780099000000000;-38,564883000000000
261299;21;2;2015;09:01;0;AV FRANCISCO SA;;;0;;Queda;Luz do Dia;;;Meio de Quadra;;;0;1;0;0;0;0;0;0;0;1;0;0;-3,711583000000000;-38,574436000000000
261301;21;2;2015;09:25;0;RUA NAPOLEAO LAUREANO;;;0;;Queda;Luz do Dia;;;Meio de Quadra;;;0;1;0;0;0;0;0;0;0;1;0;0;;
261305;21;2;2015;13:21;0;AV CASTELO DE CASTRO;;;0;;Queda;Luz do Dia;;;Meio de Quadra;;;0;1;0;0;0;0;0;0;0;1;0;0;;
261306;21;2;2015;15:10;10409;AV GENIBAU;RUA DAS PEDRINHAS;;0;;Colis?úo;Luz do Dia;;;Cruz;Pare;Residencial;1;0;1;1;0;0;0;0;0;1;0;0;-3,760779000000000;-38,599888000000000
261308;21;2;2015;17:12;0;RUA ENG LUIS MONTENEGRO;;;0;;Colis?úo;Anoitecer;;;Meio de Quadra;;;0;1;1;1;0;0;0;0;0;1;0;0;;
261310;21;2;2015;17:47;0;AV DES FAUSTINO ALBUQUERQUE;;;0;;Queda;Anoitecer;;;Meio de Quadra;;;0;1;0;0;0;1;0;0;0;0;0;0;-3,782980000000000;-38,498635000000000
261311;21;2;2015;19:02;22102;RUA JOSE FACANHA;RUA MON FURTADO;;0;;Colis?úo;;;;Cruz;Pare;Residencial;0;1;1;1;0;0;0;0;0;1;0;0;-3,753672000000000;-38,555590000000000
261312;21;2;2015;19:04;0;AV CASTELO DE CASTRO;;;0;;Colis?úo;;;;Meio de Quadra;;;0;1;1;1;0;0;0;0;0;1;0;0;-3,831362000000000;-38,521508000000000
261313;21;2;2015;19:58;0;AV PRS COSTA E SILVA;;;0;;Atropelamento;;;;Meio de Quadra;;;0;1;1;0;0;1;0;0;0;0;0;0;;
261318;21;2;2015;20:59;0;RUA VITORIA (AV. PERIMETRAL);;;0;;Colis?úo;;;;Meio de Quadra;;;0;1;1;1;0;0;0;0;0;1;0;0;;
261319;21;2;2015;22:09;10995;RUA ALM RUBIM;RUA 15 DE NOVEMBRO;;0;;Colis?úo;;;;Cruz;Sem?íforo;Comercial;0;1;1;1;0;0;0;0;0;1;0;0;-3,768907000000000;-38,555939000000000
261320;21;2;2015;23:05;10005;RUA TAQUARI;RUA DUAS NACOES;;0;;Colis?úo;;;;Cruz;Pare;Residencial;0;1;1;0;0;0;0;0;0;0;0;0;-3,776149000000000;-38,601822000000000
261315;21;2;2015;20:15;0;RUA 18 CJ JOSE WALTER;;;0;;Colis?úo;;;;Meio de Quadra;;;0;1;1;1;0;0;0;0;0;1;0;0;-3,826108000000000;-38,553037000000000
273174;21;2;2015;11:00;0;RUA URUCUTUBA;;;30;CEMIT?ëRIO BOM JARDIM;Queda;Luz do Dia;;;Meio de Quadra;;;1;0;0;0;0;1;0;0;0;0;0;0;-3,798540000000000;-38,596395000000000
249029;21;2;2015;11:00;0;AV DOMINGOS OLIMPIO;;;0;;Colis?úo Traseira;Luz do Dia;Chuva;Molhada;Meio de Quadra;N?úo H?í Controle;Comercial;0;1;1;1;0;0;0;0;0;0;0;0;;
249030;21;2;2015;08:30;0;RUA CEL VIRGILIO NOGUEIRA (BOM JARDIM);;;0;;;Luz do Dia;;;Meio de Quadra;;;0;1;1;1;0;0;0;0;0;1;0;0;;
260428;21;2;2015;19:08;20403;RUA PDE PEDRO DE ALENCAR;RUA LUCIOLA;;0;;Colis?úo;;;;T;N?úo H?í Controle;Residencial;0;0;2;0;1;0;0;0;0;0;0;0;-3,842251000000000;-38,494322000000000
265748;21;2;2015;19:20;0;AV WASHINGTON SOARES;;;8121;;Colis?úo;;;;Meio de Quadra;;;1;1;0;1;0;0;0;0;0;0;0;0;-3,822732000000000;-38,481283000000000
260022;21;2;2015;11:27;1437;RUA JOAO CARVALHO;RUA SILVA PAULET;;0;;;Luz do Dia;;;Cruz;Pare;Comercial;0;0;2;0;0;0;1;0;0;0;0;0;-3,737966000000000;-38,506557000000000
260005;21;2;2015;05:21;0;RUA ANTONIO POMPEU;;;0;;Colis?úo;Amanhecer;;;Meio de Quadra;;;0;0;2;1;0;0;0;0;0;0;0;0;;
260012;21;2;2015;10:59;0;AV GAL OSORIO DE PAIVA;;;0;;Colis?úo;Luz do Dia;;;Meio de Quadra;;;0;0;2;1;1;0;0;0;0;0;0;0;;
264266;21;2;2015;09:21;0;AV GAL OSORIO DE PAIVA;;;1864;;Colis?úo;Luz do Dia;;;Meio de Quadra;;;0;0;2;0;0;0;0;0;0;0;0;0;-3,783146000000000;-38,578364000000000
264267;21;2;2015;10:00;0;RUA TEODOMIRO DE CASTRO;;;4190;;Colis?úo;Luz do Dia;;;Meio de Quadra;;;0;0;2;0;0;0;0;0;0;0;0;0;-3,719159000000000;-38,571527000000000
264268;21;2;2015;11:07;19611;RUA NEREU RAMOS;AV GODOFREDO MACIEL;;0;;Colis?úo;Luz do Dia;;;T;Sem?íforo;Residencial;0;0;2;0;0;0;0;0;0;0;0;0;-3,787250000000000;-38,566802000000000