COD_ACIDENTE;DIA;MES;ANO;HORA;INTERSECAO;LOG1;LOG2;LOG3;NUMERO;REFERENCIA;NATUREZA;ILUMINACAO;TEMPO;SUPERFICIEPISTA;TIPOCRUZAMENTO;CONTROLETRAFEGO;USOSOLO;MORTOS;FERIDOS;ILESOS;AUTOMOVEL;ONIBUS;BICICLETA;CAMINHAO;MICROONIBUS;CICLOMOTOR;MOTOCICLETA;TRACAOANIMAL;TREM;LATITUDE;LONGITUDE
264269;21;2;2015;13:13;12371;RUA MON HIPOLITO BRASIL;RUA TUPI D35;;0;;Colis?úo;Luz do Dia;;;Cruz;Pare;Residencial;0;0;2;0;0;0;0;0;0;0;0;0;-3,759076000000000;-38,578520000000000
264270;21;2;2015;13:14;0;TR CAP ARAGAO;;;710;;Colis?úo;Luz do Dia;;;Meio de Quadra;;;0;0;2;0;0;0;0;0;0;0;0;0;;
264271;21;2;2015;14:10;0;RUA JOSE CARLOS GURGEL NOGUEIRA;;;211;;Colis?úo;Luz do Dia;;;Meio de Quadra;;;0;0;2;0;0;0;0;0;0;0;0;0;-3,734264000000000;-38,474659000000000
264272;21;2;2015;14:47;17338;RUA ZACARIAS GONDIM;RUA BAR SOBRAL;;0;;Colis?úo;Luz do Dia;;;Cruz;Pare;Residencial;0;0;2;0;0;0;0;0;0;0;0;0;-3,765280000000000;-38,557307000000000
264273;21;2;2015;14:50;1432;AV SANTOS DUMONT;AV SEN VIRGILIO TAVORA;;0;;Colis?úo;Luz do Dia;;;Cruz;Sem?íforo;Comercial;0;0;2;0;0;0;0;0;0;0;0;0;-3,737828000000000;-38,493482000000000
264274;21;2;2015;15:31;14787;RUA JOAO AMORA;RUA MANUEL DA NOBREGA;;0;;Colis?úo;Luz do Dia;;;;;;0;0;2;0;0;0;0;0;0;0;0;0;-3,799715000000000;-38,584006000000000
264275;21;2;2015;15:32;0;RUA HOMEM DE MELO;;;555;;Colis?úo;Luz do Dia;;;Meio de Quadra;;;0;0;2;0;0;0;0;0;0;0;0;0;-3,815205000000000;-38,493520000000000
264276;21;2;2015;16:54;2740;RUA EDSON MARTINS;RUA RAIMUNDO PINHEIRO;;0;;Colis?úo;Luz do Dia;;;;;;0;0;2;0;0;0;0;0;0;0;0;0;-3,790975000000000;-38,597621000000000
264277;21;2;2015;17:28;0;RUA MAJ MONTENEGRO;;;0;;Colis?úo;Anoitecer;;;Meio de Quadra;;;0;0;2;0;0;0;0;0;0;0;0;0;;
264278;21;2;2015;17:47;0;RUA NEUDELIA MONTE;;;0;;Atropelamento;Anoitecer;;;Meio de Quadra;;;0;0;2;0;0;0;0;0;0;0;0;0;;
264280;21;2;2015;18:49;0;AV PDE ANTONIO TOMAS;;;3206;;Colis?úo;;;;Meio de Quadra;;;0;0;2;0;0;0;0;0;0;0;0;0;-3,745665000000000;-38,482775000000000
264282;21;2;2015;20:40;0;RUA EMILIO DE MENESES;;;0;;Colis?úo;;;;Meio de Quadra;;;0;0;2;0;0;0;0;0;0;0;0;0;;
264283;21;2;2015;21:02;24240;RUA FAUSTO CABRAL;RUA JOSE CARLOS GURGEL NOGUEIRA;;0;;Colis?úo;;;;Cruz;Pare;Misto;0;0;2;0;0;0;0;0;0;0;0;0;-3,734195000000000;-38,474615000000000
264285;21;2;2015;21:10;0;RUA 7 CJ JOSE WALTER;;;0;;Colis?úo;;;;Meio de Quadra;;;0;0;2;0;0;0;0;0;0;0;0;0;;
264287;21;2;2015;21:42;19533;RUA NEREU RAMOS;AV GAL OSORIO DE PAIVA;;0;;Colis?úo;;;;Cruz;Sem?íforo;Comercial;0;0;2;0;0;0;0;0;0;0;0;0;-3,782196000000000;-38,576828000000000
264293;21;2;2015;22:10;0;RUA MOURA MATOS;;;1412;;Atropelamento;;;;Meio de Quadra;;;0;0;2;0;0;0;0;0;0;0;0;0;-3,814019000000000;-38,541760000000000
264294;21;2;2015;23:34;0;RUA LAURO NOGUEIRA;;;1500;;Capotamento;;;;Meio de Quadra;;;0;0;1;0;0;0;0;0;0;0;0;0;-3,742066000000000;-38,472139000000000
264295;21;2;2015;23:48;1558;RUA PDE VALDEVINO;AV BAR STUDART;;0;;Colis?úo;;;;Cruz;Sem?íforo;Misto;0;0;2;0;0;0;0;0;0;0;0;0;-3,741641000000000;-38,508855000000000
264290;21;2;2015;22:05;0;RUA JOSE CARLOS GURGEL NOGUEIRA;;;210;;Colis?úo;;;;Meio de Quadra;;;0;0;2;0;0;0;0;0;0;0;0;0;-3,734264000000000;-38,474659000000000
264298;22;2;2015;02:43;0;RUA BAR ARACATI;;;1932;;Colis?úo;;;;Meio de Quadra;;;0;0;2;0;0;0;0;0;0;0;0;0;-3,738484000000000;-38,513715000000000
264301;22;2;2015;10:34;21605;RUA ANTONIO COSTA MENDES (PQ S?âO JOS?ë);RUA JOAO RAMALHO;;0;;Colis?úo;Luz do Dia;;;;;;0;0;2;0;0;0;0;0;0;0;0;0;;
264302;22;2;2015;13:24;13771;RUA LUIZA MIRANDA COELHO;AV PINTO BANDEIRA D56;;0;;Colis?úo;Luz do Dia;;;Cruz;Pare;Residencial;0;0;2;0;0;0;0;0;0;0;0;0;-3,774929000000000;-38,487283000000000
264304;22;2;2015;13:54;0;AV JOSE BASTOS;;;0;;Colis?úo;Luz do Dia;;;Meio de Quadra;;;0;0;2;0;0;0;0;0;0;0;0;0;;
264305;22;2;2015;14:11;8953;AV BEZERRA DE MENEZES;RUA TEOFILO GURGEL;;0;;Colis?úo;Luz do Dia;;;Cruz;N?úo H?í Controle;Comercial;0;0;2;0;0;0;0;0;0;0;0;0;-3,731856000000000;-38,546109000000000
264307;22;2;2015;14:45;0;RUA HIPOLITO PAMPLONA;;;740;;Colis?úo;Luz do Dia;;;Meio de Quadra;;;0;0;2;0;0;0;0;0;0;0;0;0;-3,747558000000000;-38,595773000000000
264309;22;2;2015;15:25;6376;AV A CJ CEARA;RUA 103 CJ CEARA;;0;;Colis?úo;Luz do Dia;;;T;N?úo H?í Controle;Residencial;0;0;2;0;0;0;0;0;0;0;0;0;-3,771719000000000;-38,604985000000000
264311;22;2;2015;16:16;12833;AV EDUARDO GIRAO;RUA DAMASCENO GIRAO;;0;;Colis?úo;Luz do Dia;;;Cruz;Sem?íforo;Comercial;0;0;2;0;0;0;0;0;0;0;0;0;-3,749257000000000;-38,539292000000000
264313;22;2;2015;17:20;0;RUA CAP JOAO FERREIRA LIMA;;;0;;Atropelamento;Anoitecer;;;Meio de Quadra;;;0;0;2;0;0;0;0;0;0;0;0;0;;
264315;22;2;2015;18:08;6558;RUA 301 CJ CEARA;RUA 343 A CJ CEARA;;0;;Colis?úo;Anoitecer;;;;;;0;0;2;0;0;0;0;0;0;0;0;0;-3,775440000000000;-38,611526000000000
264318;22;2;2015;18:53;0;RUA JOSE SETUBAL PESSOA;;;0;;Colis?úo;;;;Meio de Quadra;;;0;0;2;0;0;0;0;0;0;0;0;0;;
264321;22;2;2015;21:17;0;RUA CAP HUGO BEZERRA;;;0;;Colis?úo;;;;Meio de Quadra;;;0;0;2;0;0;0;0;0;0;0;0;0;;
264323;22;2;2015;21:40;0;AV JOSE BASTOS;;;4150;;Colis?úo;;;;Meio de Quadra;;;0;0;2;0;0;0;0;0;0;0;0;0;-3,754005000000000;-38,554467000000000
264325;22;2;2015;22:11;0;RUA 5;;;0;;Colis?úo;;;;Meio de Quadra;;;0;0;2;0;0;0;0;0;0;0;0;0;;
264326;22;2;2015;22:14;0;AV PAROARAS;;;0;;Atropelamento;;;;Meio de Quadra;;;0;0;2;0;0;0;0;0;0;0;0;0;;
257332;22;2;2015;00:15;0;AV PRS CASTELO BRANCO;;;2353;;Atropelamento;;;;Meio de Quadra;;;1;0;1;1;0;0;0;0;0;0;0;0;-3,713603000000000;-38,548957000000000
261339;22;2;2015;02:03;0;RUA JOSE JUSTA;;;0;;Queda;;;;Meio de Quadra;;;0;1;0;0;0;1;0;0;0;0;0;0;-3,759826000000000;-38,508406000000000
261340;22;2;2015;10:37;10999;RUA 15 DE NOVEMBRO;RUA ALBERTO MAGNO;;0;;Colis?úo;Luz do Dia;;;Cruz;Pare;Residencial;0;1;1;1;0;0;0;0;0;0;0;0;-3,769909000000000;-38,553169000000000
261334;22;2;2015;00:07;0;RUA ALEXANDRE BARAUNA;;;0;;Colis?úo;;;;Meio de Quadra;;;0;1;1;0;0;0;0;0;0;0;0;0;-3,746758000000000;-38,553052000000000
261335;22;2;2015;00:12;0;RUA ALM RUBIM;;;0;;Queda;;;;Meio de Quadra;;;0;1;0;0;0;0;0;0;0;1;0;0;;
261337;22;2;2015;01:39;0;AV ENG SANTANA JUNIOR;;;0;;Colis?úo;;;;;;;0;1;1;1;0;0;0;0;0;1;0;0;-3,742741000000000;-38,486614000000000
261342;22;2;2015;11:46;0;RUA PDE PEDRO DE ALENCAR;;;0;;Queda;Luz do Dia;;;Meio de Quadra;;;0;1;0;0;0;0;0;0;0;1;0;0;;
261343;22;2;2015;12:09;0;RUA BELISARIO TAVORA;;;0;;Atropelamento;Luz do Dia;;;Meio de Quadra;;;0;1;1;0;0;0;0;0;0;1;0;0;;
261344;22;2;2015;12:24;0;RUA BAR SOBRAL;;;0;;Colis?úo;Luz do Dia;;;Meio de Quadra;;;0;1;1;1;0;1;0;0;0;0;0;0;-3,768118000000000;-38,552184000000000
261345;22;2;2015;13:40;18169;RUA FRANCISCO D PERDIGAO;AV DIOGUINHO;;0;;Colis?úo;Luz do Dia;;;Outros;N?úo H?í Controle;Comercial;0;1;1;1;0;0;0;0;0;1;0;0;-3,762963000000000;-38,442522000000000
261347;22;2;2015;14:20;0;AV AUGUSTO DOS ANJOS;;;0;;Atropelamento;Luz do Dia;;;Meio de Quadra;;;0;1;1;0;0;0;0;0;0;1;0;0;-3,781404000000000;-38,580237000000000
261349;22;2;2015;14:51;0;RUA VIRGILIO BRANDAO;;;0;;Colis?úo;Luz do Dia;;;Meio de Quadra;;;0;1;1;0;0;0;0;0;0;0;0;0;-3,748918000000000;-38,595614000000000
261358;22;2;2015;22:41;0;AV JOR THOMAZ COELHO;;;0;;Colis?úo;;;;Meio de Quadra;;;0;1;1;1;0;0;0;0;0;1;0;0;-3,829923000000000;-38,509057000000000
261359;22;2;2015;22:43;0;AV CASTELO DE CASTRO;;;0;;Atropelamento;;;;Meio de Quadra;;;0;1;1;0;0;0;0;0;0;0;0;0;;
261360;22;2;2015;23:01;3985;RUA AFRODISIO GONDIM;RUA ALBERTO MAGNO;;0;;Colis?úo;;;;Cruz;Pare;Comercial;0;1;1;1;0;0;0;0;0;1;0;0;-3,758370000000000;-38,544286000000000
261353;22;2;2015;16:18;21546;RUA TULIPA NEGRA;RUA CEREJEIRAS;;0;;Colis?úo;Luz do Dia;;;Cruz;Pare;Comercial;0;1;1;0;0;0;0;0;0;1;0;0;-3,819417000000000;-38,597655000000000
261354;22;2;2015;19:08;0;RUA DORALICE COSTA;AV ROGACIANO LEITE;;0;;Colis?úo;;;;;;;0;1;1;0;0;0;0;0;0;0;0;0;;
261355;22;2;2015;21:48;0;RUA PRE NOVE;;;0;;Colis?úo;;;;Meio de Quadra;;;0;1;1;1;0;1;0;0;0;0;0;0;-3,754785000000000;-38,539233000000000
261356;22;2;2015;22:21;0;RUA VALPARAISO;;;1636;;Colis?úo;;;;Meio de Quadra;;;0;1;1;0;0;0;0;0;0;1;0;0;-3,839956000000000;-38,530960000000000
261351;22;2;2015;14:58;65;RUA HUGO VITOR;RUA MARTINS NETO;;0;;Colis?úo;Luz do Dia;;;Cruz;Pare;Misto;0;1;1;1;0;0;0;0;0;1;0;0;-3,740726000000000;-38,591458000000000
248993;22;2;2015;18:00;1585;RUA PDE VALDEVINO;RUA TIBURCIO CAVALCANTE;;0;;Colis?úo Transversal;Anoitecer;Bom;Seca;Cruz;Sem?íforo;Residencial;0;1;1;1;0;0;0;0;0;1;0;0;-3,742915000000000;-38,504815000000000
248990;22;2;2015;07:00;5472;RUA JAIME BENEVOLO;RUA ANTONIO POMPEU;;0;;Colis?úo Traseira;Luz do Dia;Bom;Seca;Cruz;Sem?íforo;Residencial;0;0;2;1;0;0;0;0;0;0;0;0;-3,736033000000000;-38,526664000000000
248991;22;2;2015;06:30;25345;RUA PORTO VELHO;RUA VITORIA (AV. PERIMETRAL);;0;;Colis?úo Transversal;Luz do Dia;Bom;Seca;Cruz;Sem?íforo;Residencial;0;1;1;0;0;0;0;0;0;1;0;0;-3,765170000000000;-38,588528000000000
248988;22;2;2015;18:50;22773;RUA ELISEU ORIA;RUA EDUARDO NOVAES;;0;;Colis?úo Lateral;Via Iluminada;Bom;Seca;Cruz;N?úo H?í Controle;Residencial;0;0;2;1;0;0;0;0;0;0;0;0;-3,800489000000000;-38,476996000000000
248985;22;2;2015;15:20;23433;RUA MON SALAZAR;RUA PRO CARVALHO;;0;;Colis?úo Transversal;Luz do Dia;Bom;Seca;Cruz;Pare;Misto;0;0;2;1;0;0;0;0;0;0;0;0;-3,756146000000000;-38,514308000000000
248986;22;2;2015;11:40;0;RUA ADOLFO CAMINHA;;;17;;Colis?úo Lateral;Luz do Dia;Bom;Seca;Meio de Quadra;N?úo H?í Controle;Comercial;0;0;2;1;0;0;0;0;0;0;0;0;-3,721223000000000;-38,523431000000000
248983;22;2;2015;22:05;0;RUA JOSE MENDONCA;;;1037;;Colis?úo Transversal;Via Iluminada;Bom;Seca;Meio de Quadra;N?úo H?í Controle;Residencial;0;2;1;0;0;0;0;0;0;1;0;0;-3,754695000000000;-38,601734000000000
249005;23;2;2015;15:10;1888;RUA PDE PEDRO DE ALENCAR;RUA LUIZ FERNANDES;;0;;;Luz do Dia;Bom;Seca;;Pare;Comercial;0;1;1;0;0;0;1;0;0;1;0;0;-3,845171000000000;-38,494485000000000
249007;23;2;2015;20:45;0;AV BORGES DE MELO;;;0;;Colis?úo Lateral;Via Iluminada;Bom;Seca;Outros;;Outros;0;1;1;0;1;0;0;0;0;1;0;0;-3,761269000000000;-38,520773000000000
261372;23;2;2015;17:21;0;RUA RAFAEL TOBIAS;;;0;;Colis?úo;Anoitecer;;;Meio de Quadra;;;0;1;1;1;0;0;0;0;0;1;0;0;;
261375;23;2;2015;20:08;11768;AV PRS CASTELO BRANCO;AV FILOMENO GOMES;;0;;Atropelamento;;;;Cruz;Sem?íforo;Lazer;0;1;1;1;0;0;0;0;0;0;0;0;-3,715542000000000;-38,541982000000000
261376;23;2;2015;21:40;0;AV PRS CASTELO BRANCO;RUA ARAQUEM;;0;;Queda;;;;;;;0;1;0;0;0;0;0;0;0;1;0;0;;
261366;23;2;2015;12:41;5060;RUA CASTRO E SILVA;AV IMPERADOR;;0;;Colis?úo;Luz do Dia;;;Cruz;Sem?íforo;Comercial;0;1;1;0;0;0;0;0;0;0;0;0;-3,722013000000000;-38,532916000000000
261367;23;2;2015;15:27;0;AV SEN FERNANDES TAVORA;;;0;;Queda;Luz do Dia;;;Meio de Quadra;;;0;1;0;0;0;0;0;0;0;1;0;0;;
261368;23;2;2015;17:07;0;RUA CAP FRANCISCO PEDRO;;;0;;Atropelamento;Anoitecer;;;Meio de Quadra;;;0;1;1;1;0;0;0;0;0;0;0;0;;
261361;23;2;2015;06:19;0;RUA JULIO BRAGA;;;0;;Colis?úo;Luz do Dia;;;Meio de Quadra;;;0;1;1;1;0;0;0;0;0;1;0;0;;
261362;23;2;2015;07:40;0;AV TRISTAO GONCALVES;;;0;;Colis?úo;Luz do Dia;;;Meio de Quadra;;;0;1;1;1;0;0;0;0;0;1;0;0;;
261363;23;2;2015;08:54;0;AV SEN CARLOS JEREISSATI (AEROPORTO);;;0;;Colis?úo;Luz do Dia;;;Meio de Quadra;;;0;1;1;1;0;0;0;0;0;1;0;0;;
249031;23;2;2015;08:45;5030;AV ALM BARROSO;RUA ALM JACEGUAI;;0;;Colis?úo Traseira;Luz do Dia;Bom;Seca;T;Sem?íforo Danificado;Comercial;0;0;2;1;0;0;1;0;0;0;0;0;-3,720749000000000;-38,519363000000000
249033;23;2;2015;07:00;25018;RUA TEODOMIRO DE CASTRO;RUA FRANCISCO CALACA;;0;;Colis?úo Frontal;Luz do Dia;Bom;Seca;T;Pare;Comercial;0;1;1;0;1;0;0;0;0;1;0;0;-3,717748000000000;-38,574380000000000
249021;23;2;2015;08:00;4190;RUA DOM HELIO CAMPOS D21;RUA MON ROSA D20/21;;0;;Colis?úo Lateral;Luz do Dia;Bom;Seca;Cruz;N?úo H?í Controle;Residencial;0;0;2;1;0;0;0;0;0;0;0;0;-3,712790000000000;-38,555141000000000
249016;23;2;2015;12:15;11840;RUA MON DANTAS;RUA DNA MAROQUINHA;;0;;Colis?úo Transversal;Luz do Dia;Bom;Seca;Cruz;Pare;Misto;0;0;2;1;0;0;0;0;0;0;0;0;-3,720021000000000;-38,545833000000000
249018;23;2;2015;13:42;0;AV PRS CASTELO BRANCO;;;2556;;Colis?úo Traseira;Luz do Dia;Bom;Seca;Meio de Quadra;Sem?íforo;Misto;0;0;2;1;0;0;0;0;0;0;0;0;-3,713045000000000;-38,550813000000000
249019;23;2;2015;08:40;1393;AV RUI BARBOSA;RUA JOAO CARVALHO;;0;;Colis?úo Lateral;Luz do Dia;Bom;Seca;Cruz;Sem?íforo;Residencial;0;0;2;1;0;0;0;0;0;0;0;0;-3,736928000000000;-38,509731000000000
249036;23;2;2015;13:50;5468;RUA BAR ARATANHA;RUA ANTONIO POMPEU;;0;;Colis?úo Transversal;Luz do Dia;Bom;Seca;Cruz;Sem?íforo;Comercial;0;1;1;1;0;0;0;0;0;1;0;0;-3,735826000000000;-38,527351000000000
249038;23;2;2015;08:00;10956;RUA EUZEBIO DE QUEIROS;RUA LIVINO DE CARVALHO;;0;;;Luz do Dia;Bom;Seca;Cruz;;Misto;0;1;1;1;0;0;0;0;0;0;0;0;-3,771892000000000;-38,555978000000000
249040;23;2;2015;11:20;19278;RUA 7 DE SETEMBRO;RUA CAIO PRADO;;0;;Colis?úo Lateral;Luz do Dia;Bom;Seca;Cruz;Sem?íforo;Misto;0;0;2;1;1;0;0;0;0;0;0;0;-3,773724000000000;-38,563028000000000
249042;23;2;2015;13:00;3769;AV DOMINGOS OLIMPIO;RUA SEN POMPEU;;0;;Colis?úo Traseira;Luz do Dia;Bom;Seca;Cruz;Sem?íforo;Misto;0;0;2;1;0;0;0;0;0;0;0;0;-3,736254000000000;-38,532455000000000
249043;23;2;2015;12:55;1324;RUA TORRES CAMARA;RUA DR JOSE LOURENCO;;0;;Colis?úo Lateral;Luz do Dia;Bom;Seca;Cruz;Pare;Comercial;0;0;2;1;0;0;0;0;0;0;0;0;-3,735281000000000;-38,508053000000000
249023;23;2;2015;18:00;16039;AV PRS COSTA E SILVA;RUA CEL TIBURCIO;;0;;Colis?úo Lateral;Via Iluminada;Bom;Seca;Cruz;Sem?íforo;Outros;0;1;1;0;0;0;1;0;1;0;0;0;-3,812167000000000;-38,573703000000000
249046;23;2;2015;11:40;0;AV ABOLICAO;;;2727;;Colis?úo Traseira;Luz do Dia;Bom;Seca;Meio de Quadra;N?úo H?í Controle;Comercial;0;0;2;1;0;0;0;0;0;0;0;0;-3,727318000000000;-38,495392000000000
249049;23;2;2015;20:30;930;AV AGUANAMBI;AV BORGES DE MELO;;0;;Colis?úo Traseira;Mal Iluminada;Bom;Seca;T;Sem?íforo;Outros;0;0;2;1;0;0;0;0;0;0;0;0;-3,760928000000000;-38,523880000000000
249052;23;2;2015;14:00;7909;AV DES MOREIRA;RUA FRANCISCO HOLANDA;;0;;Choque c/ Obst?ículo Fixo;Luz do Dia;Bom;Seca;Cruz;Sem?íforo;Comercial;0;0;1;1;0;0;0;0;0;0;0;0;-3,749355000000000;-38,502540000000000
249053;23;2;2015;13:00;15205;AV ABOLICAO;RUA OSVALDO CRUZ (ALDEOTA);;0;;Colis?úo;Luz do Dia;Bom;Seca;Cruz;Sem?íforo;Comercial;0;1;1;0;0;0;0;0;0;1;0;0;-3,726690000000000;-38,497445000000000
249057;23;2;2015;08:00;22124;RUA PRO COSTA MENDES;RUA MAJ PEDRO SAMPAIO;;0;;Colis?úo Lateral;Luz do Dia;Bom;Seca;Cruz;Pare;Comercial;0;1;1;1;1;0;0;0;0;0;0;0;-3,747674000000000;-38,554665000000000
249058;23;2;2015;09:00;0;AV PRS COSTA E SILVA;;;121;;Colis?úo Traseira;Luz do Dia;Nublado;Molhada;Meio de Quadra;;Residencial;0;1;1;0;1;0;0;0;0;1;0;0;;
249059;23;2;2015;15:30;11339;AV GODOFREDO MACIEL;AV BENJAMIM BRASIL;;0;;Colis?úo Lateral;Luz do Dia;Chuva;Molhada;Cruz;Sem?íforo Intermitente;Comercial;0;0;2;1;0;0;0;0;0;0;0;0;-3,803264000000000;-38,572040000000000
249060;23;2;2015;08:30;7760;AV ANTONIO SALES;RUA SILVA PAULET;;0;;Colis?úo Lateral;Luz do Dia;Bom;Seca;Cruz;Pare;Comercial;0;0;2;1;0;0;0;0;0;0;0;0;-3,743595000000000;-38,508383000000000
249061;23;2;2015;11:20;13431;RUA HENRIQUE RABELO;RUA ADOLFO SILVEIRA;;0;;Colis?úo Traseira;Luz do Dia;Bom;Seca;T;Pare;Residencial;0;0;2;1;0;0;0;0;0;0;0;0;-3,742598000000000;-38,521608000000000
249055;23;2;2015;13:30;12352;RUA MON HIPOLITO BRASIL;RUA ERNESTO PEDRO SANTOS;;0;;Colis?úo Transversal;Luz do Dia;Bom;Seca;Cruz;Pare;Misto;0;0;2;1;0;0;0;0;0;1;0;0;-3,760775000000000;-38,575314000000000
249064;23;2;2015;20:00;17677;RUA E VENEZA TROPICAL;RUA 8 VENEZA TROPICAL;;0;;Colis?úo Transversal;Via Iluminada;Bom;Seca;T;Pare;Comercial;0;2;1;1;0;0;0;0;0;1;0;0;-3,798273000000000;-38,541209000000000
249065;23;2;2015;21:30;12835;AV DOMINGOS OLIMPIO;RUA SOLON PINHEIRO;;0;;Colis?úo Traseira;Via Iluminada;Bom;Seca;Cruz;Sem?íforo;Comercial;0;0;2;1;0;0;0;0;0;0;0;0;-3,737409000000000;-38,528650000000000
257333;23;2;2015;09:10;2869;RUA BARRA MANSA;RUA CEL VIRGILIO NOGUEIRA (BOM JARDIM);;0;;Colis?úo;Luz do Dia;;;;;;0;1;0;1;0;0;0;0;0;1;0;0;-3,795808000000000;-38,610986000000000
257335;23;2;2015;14:20;170;AV ENG SERRAINE;AV SGT HERMINIO SAMPAIO;;0;;Colis?úo;Luz do Dia;;;;;;0;1;0;1;0;0;0;0;0;0;0;0;-3,734139000000000;-38,585621000000000
258802;23;2;2015;16:10;0;RD CE-040;;;0;KM-01;Choque c/ Obst?ículo Fixo;Luz do Dia;;Seca;Meio de Quadra;;;0;0;1;1;0;0;0;0;0;0;0;0;-3,754877000000000;-38,483270000000000
264328;23;2;2015;10:42;0;RUA SAMUEL UCHOA;;;758;;Colis?úo;Luz do Dia;;;Meio de Quadra;;;0;0;2;0;0;0;0;0;0;0;0;0;-3,753615000000000;-38,546711000000000
264329;23;2;2015;11:07;12857;RUA FLORIANO PEIXOTO;RUA CARLOS GOMES;;0;;Colis?úo;Luz do Dia;;;Cruz;Pare;Residencial;0;0;2;0;0;0;0;0;0;0;0;0;-3,739998000000000;-38,531321000000000
264330;23;2;2015;11:25;1405;AV SANTOS DUMONT;RUA VICENTE LEITE;;0;;Colis?úo;Luz do Dia;;;Cruz;Sem?íforo;Comercial;0;0;2;0;0;0;0;0;0;0;0;0;-3,737173000000000;-38,495419000000000
264331;23;2;2015;11:44;0;LOGRADOURO SEM NOME;;;0;;Atropelamento;Luz do Dia;;;Meio de Quadra;;;0;0;2;0;0;0;0;0;0;0;0;0;;
264332;23;2;2015;14:07;0;RUA JOSE VILAR;;;2;;Colis?úo;Luz do Dia;;;Meio de Quadra;;;0;0;2;0;0;0;0;0;0;0;0;0;;
264334;23;2;2015;21:55;0;AV ALM HENRIQUE SABOIA;;;0;;Colis?úo;;;;Meio de Quadra;;;0;0;2;0;0;0;0;0;0;0;0;0;;
260038;23;2;2015;10:06;0;RUA ALM RUBIM;;;0;;Colis?úo;Luz do Dia;;;Meio de Quadra;;;0;0;3;0;0;0;0;0;0;0;0;0;;
260034;23;2;2015;08:20;20839;AV JOVITA FEITOSA;RUA 21 DE ABRIL D27;;0;;Colis?úo;Luz do Dia;;;Cruz;N?úo H?í Controle;Residencial;0;0;2;1;0;0;0;0;0;0;0;0;-3,742913000000000;-38,567358000000000
253554;23;2;2015;12:50;0;RD BR 222;;;0;KM 00;Colis?úo Traseira;Luz do Dia;Nublado;Seca;Meio de Quadra;N?úo H?í Controle;Comercial;0;0;2;1;0;0;0;0;0;0;0;0;-3,736611000000000;-38,569072000000000
260039;24;2;2015;11:22;0;RUA ALM RUBIM;;;0;;Colis?úo;Luz do Dia;;;Meio de Quadra;;;0;0;2;0;0;0;0;0;0;0;0;0;;
260048;24;2;2015;19:45;0;RUA GAL SILVA JUNIOR;;;0;;;;;;Meio de Quadra;;;0;0;2;1;0;0;0;0;0;0;0;0;;
260042;24;2;2015;15:35;0;RUA CEL SOLON;;;0;;;Luz do Dia;;;Meio de Quadra;;;0;0;2;0;0;0;0;0;0;0;0;0;;
260063;24;2;2015;19:59;15342;RUA PEREIRA VALENTE;RUA OSVALDO CRUZ (ALDEOTA);;0;;;;;;Cruz;Pare;Residencial;0;0;2;0;0;0;0;0;0;0;0;0;-3,731621000000000;-38,499032000000000
264335;24;2;2015;09:45;0;AV BENJAMIM BRASIL;;;1685;;Colis?úo;Luz do Dia;;;Meio de Quadra;;;0;0;2;0;0;0;0;0;0;0;0;0;-3,807022000000000;-38,560749000000000
264336;24;2;2015;09:49;0;RUA JOAQUIM DOS ANJOS;;;584;;Colis?úo;Luz do Dia;;;Meio de Quadra;;;0;0;2;0;0;0;0;0;0;0;0;0;-3,831647000000000;-38,567575000000000
264338;24;2;2015;10:39;8790;RUA ELISEU ORIA;RUA MARCELINO LOPES;;0;;Colis?úo;Luz do Dia;;;Outros;Pare;Misto;0;0;2;0;0;0;0;0;0;0;0;0;-3,792999000000000;-38,477633000000000
264339;24;2;2015;10:44;0;RUA BAR SOBRAL;;;645;;Colis?úo;Luz do Dia;;;Meio de Quadra;;;0;0;2;0;0;0;0;0;0;0;0;0;-3,766667000000000;-38,554801000000000
264341;24;2;2015;10:49;1527;RUA OSVALDO CRUZ (ALDEOTA);RUA CAROLINA SUCUPIRA;;0;;Colis?úo;Luz do Dia;;;Cruz;Pare;Misto;0;0;2;0;0;0;0;0;0;0;0;0;-3,740552000000000;-38,501914000000000
264345;24;2;2015;11:17;266;AV JOVITA FEITOSA;RUA ERICO MOTA;;0;;Colis?úo;Luz do Dia;;;Cruz;Sem?íforo;Comercial;0;0;2;0;0;0;0;0;0;0;0;0;-3,740938000000000;-38,561850000000000
264347;24;2;2015;15:00;0;AV DR SILAS MUNGUBA;;;0;;Colis?úo;Luz do Dia;;;Meio de Quadra;;;0;0;2;0;0;0;0;0;0;0;0;0;;
264350;24;2;2015;21:39;5742;AV OLIVEIRA PAIVA;RUA MANUEL MONTEIRO;;0;;Colis?úo;;;;Cruz;Sem?íforo;Comercial;0;0;2;0;0;0;0;0;0;0;0;0;-3,795496000000000;-38,494140000000000
264352;24;2;2015;21:43;0;AV DOS EXPEDICIONARIOS;;;8259;;Colis?úo;;;;Meio de Quadra;;;0;0;2;0;0;0;0;0;0;0;0;0;-3,791601000000000;-38,549248000000000
264356;24;2;2015;22:05;0;RUA SGT JOAO PINHEIRO;;;1350;;Colis?úo;;;;Meio de Quadra;;;0;0;2;0;0;0;0;0;0;0;0;0;-3,784760000000000;-38,623362000000000
261387;24;2;2015;18:25;10936;RUA ZACARIAS GONDIM;RUA ELCIAS LOPES;;0;;Queda;Anoitecer;;;;;;0;1;0;0;0;0;0;0;0;1;0;0;-3,769876000000000;-38,559103000000000
261388;24;2;2015;19:37;0;RUA MARTINS NETO;;;0;;Queda;;;;Meio de Quadra;;;0;1;0;0;0;0;0;0;0;1;0;0;-3,740692000000000;-38,591193000000000