COD_ACIDENTE;DIA;MES;ANO;HORA;INTERSECAO;LOG1;LOG2;LOG3;NUMERO;REFERENCIA;NATUREZA;ILUMINACAO;TEMPO;SUPERFICIEPISTA;TIPOCRUZAMENTO;CONTROLETRAFEGO;USOSOLO;MORTOS;FERIDOS;ILESOS;AUTOMOVEL;ONIBUS;BICICLETA;CAMINHAO;MICROONIBUS;CICLOMOTOR;MOTOCICLETA;TRACAOANIMAL;TREM;LATITUDE;LONGITUDE
261389;24;2;2015;19:42;6809;RUA BENTO ALBUQUERQUE;RUA CESAR FONSECA;;0;;Colis?úo;;;;Cruz;Pare;Residencial;0;1;1;1;0;0;0;0;0;1;0;0;-3,746679000000000;-38,474090000000000
261411;24;2;2015;21:35;0;RUA VITAL BRASIL;;;0;;Colis?úo;;;;Meio de Quadra;;;0;1;1;0;0;0;0;0;0;1;0;0;;
260434;24;2;2015;08:08;25815;RUA ENG EDMUNDO ALMEIDA FILHO;RUA 13 DE ABRIL;;0;;Colis?úo;Luz do Dia;;;T;N?úo H?í Controle;Misto;0;0;2;0;1;0;0;0;0;0;0;0;-3,764695000000000;-38,530522000000000
260435;24;2;2015;11:46;12455;RUA RIO GRANDE DO SUL;AV SEN FERNANDES TAVORA;;0;;Colis?úo;Luz do Dia;;;T;Sem?íforo;Comercial;0;0;2;1;0;0;0;0;0;0;0;0;-3,768083000000000;-38,572159000000000
249070;24;2;2015;15:30;5063;RUA BAR RIO BRANCO;AV PRS CASTELO BRANCO;;0;;Colis?úo Transversal;Luz do Dia;Bom;Seca;T;Pare;Outros;0;1;1;0;0;0;0;0;0;1;0;0;-3,721459000000000;-38,526642000000000
249071;24;2;2015;10:00;0;RUA EDUARDO PERDIGAO;;;0;;Colis?úo Lateral;Luz do Dia;Nublado;Molhada;Meio de Quadra;Pare;Comercial;0;0;2;0;1;0;1;0;0;0;0;0;;
249056;24;2;2015;16:30;13393;RUA HENRIQUE RABELO;RUA JOAQUIM TORRES;;0;;Colis?úo Transversal;Luz do Dia;Bom;Seca;Cruz;Pare;Misto;0;0;2;1;0;0;0;0;0;0;0;0;-3,740897000000000;-38,521515000000000
249048;24;2;2015;12:50;3820;AV 13 DE MAIO;AV CARAPINIMA;;0;;Engavetamento;Luz do Dia;Nublado;Seca;Cruz;Sem?íforo;Comercial;0;0;4;1;0;0;0;0;0;0;0;0;-3,740001000000000;-38,540239000000000
249063;24;2;2015;19:12;9572;RUA JOSE TORRES;RUA OLIVEIRA SOBRINHO;;0;;Colis?úo Lateral;Via Iluminada;Bom;Seca;Cruz;Pare;Residencial;0;0;2;0;0;0;1;0;0;0;0;0;-3,777129000000000;-38,606477000000000
249068;24;2;2015;13:40;0;RUA MAL DEODORO;;;0;;Colis?úo;Luz do Dia;;;Meio de Quadra;;;0;0;2;1;0;0;0;0;0;0;0;0;;
249074;24;2;2015;18:15;5130;RUA CASTRO E SILVA;RUA FLORIANO PEIXOTO;;0;;Colis?úo Lateral;Via Iluminada;Bom;Seca;Cruz;Pare;Comercial;0;0;2;1;0;0;0;0;0;0;0;0;-3,724272000000000;-38,526110000000000
249054;24;2;2015;14:00;22060;RUA CARVALHO MOTA;RUA PAPI JUNIOR;;0;;Colis?úo Lateral;Luz do Dia;Bom;Seca;Cruz;Pare;Residencial;0;1;1;1;0;0;0;0;0;0;0;0;-3,738097000000000;-38,544669000000000
249050;24;2;2015;15:00;21383;AV JOVITA FEITOSA;AV JOSE BASTOS;;0;;Colis?úo Traseira;Luz do Dia;Nublado;Seca;Cruz;Pare;Comercial;0;0;2;1;0;0;0;0;0;0;0;0;-3,737273000000000;-38,543936000000000
249045;24;2;2015;15:45;21485;AV FRE CIRILO;AV MIN JOSE AMERICO;;0;;Colis?úo Traseira;Luz do Dia;Nublado;Seca;Cruz;Sem?íforo;;0;0;2;1;0;0;0;0;0;0;0;0;-3,812905000000000;-38,499500000000000
249041;24;2;2015;00:05;3589;RUA TAQUATIARA;RD BR 116;;0;;Colis?úo Lateral;Via Iluminada;Bom;Seca;T;Pare;Comercial;0;1;1;0;0;0;0;0;0;1;0;0;-3,829627000000000;-38,505021000000000
249039;24;2;2015;20:20;1337;AV SANTOS DUMONT;RUA OSVALDO CRUZ (ALDEOTA);;0;;Colis?úo Lateral;Via Iluminada;Nublado;Seca;Cruz;Sem?íforo;Comercial;0;0;2;1;0;0;0;0;0;0;0;0;-3,735602000000000;-38,500317000000000
249020;24;2;2015;08:00;22093;AV JOSE BASTOS;RUA ALEXANDRE BARAUNA;;0;;Colis?úo Transversal;Luz do Dia;Nublado;Seca;Cruz;Sem?íforo;Misto;0;0;2;0;1;0;0;1;0;0;0;0;-3,749516000000000;-38,549978000000000
249017;24;2;2015;10:00;3863;AV DOS EXPEDICIONARIOS;AV 13 DE MAIO;;0;;Colis?úo;Luz do Dia;Nublado;Molhada;;Pare;Outros;0;0;2;1;0;0;0;0;0;0;0;0;-3,744515000000000;-38,534969000000000
249022;24;2;2015;13:30;6837;AV ANTONIO SALES;RUA SAO GABRIEL (COCO);;0;;Colis?úo Lateral;Luz do Dia;Bom;Seca;T;Pare;Comercial;0;1;1;1;0;0;0;0;1;0;0;0;-3,748462000000000;-38,492552000000000
249025;24;2;2015;15:40;17464;AV BEIRA MAR;RUA BAUXITA;;0;;Colis?úo Traseira;Luz do Dia;Nublado;Seca;T;N?úo H?í Controle;Comercial;0;0;2;1;0;0;0;0;0;0;0;0;-3,722583000000000;-38,481648000000000
249034;24;2;2015;13:00;22865;RUA CON LIMA SUCUPIRA;RUA BERNARDO MANUEL;;0;;Colis?úo Transversal;Luz do Dia;Chuva;Molhada;Cruz;N?úo H?í Controle;Comercial;0;0;2;1;0;0;0;0;0;0;0;0;-3,779874000000000;-38,545656000000000
249035;24;2;2015;11:50;0;AV AGUANAMBI;;;0;ROTAT?ôRIA;Colis?úo Lateral;Luz do Dia;Nublado;Seca;Meio de Quadra;Sem?íforo;Comercial;0;0;2;1;0;0;1;0;0;0;0;0;-3,755538000000000;-38,523043000000000
249027;24;2;2015;07:40;25044;AV ENG HUMBERTO MONTE;RUA ARGENTINA;;0;;Colis?úo Lateral;Luz do Dia;Chuva;Molhada;Cruz;Sem?íforo;Residencial;0;1;1;1;0;0;0;0;0;1;0;0;-3,746008000000000;-38,563090000000000
249028;24;2;2015;17:30;0;RUA ROTARY;;;330;;Colis?úo Transversal;Via Iluminada;Nublado;Seca;Meio de Quadra;N?úo H?í Controle;Residencial;0;0;2;0;0;0;0;0;0;0;0;0;-3,742130000000000;-38,556783000000000
249032;24;2;2015;08:10;19596;RUA NEREU RAMOS;RUA TCHECOSLOVAQUIA;;0;;Colis?úo Lateral;Luz do Dia;Bom;Seca;Cruz;Pare;Comercial;0;1;1;1;0;0;0;0;0;1;0;0;-3,785913000000000;-38,570458000000000
249013;24;2;2015;08:00;5305;RUA SENA MADUREIRA;RUA MON LUIS ROCHA;;0;;Colis?úo Lateral;;Bom;Seca;T;N?úo H?í Controle;Comercial;0;0;2;1;0;0;0;0;0;1;0;0;-3,729618000000000;-38,525666000000000
249014;24;2;2015;;19746;RUA ARMANDO OLIVEIRA;RUA GUSTAVO SAMPAIO;;0;;Colis?úo Transversal;Via Iluminada;Bom;Seca;Cruz;Pare;Misto;0;0;2;1;0;0;1;0;0;0;0;0;-3,737521000000000;-38,567382000000000
249015;24;2;2015;13:00;5431;RUA GAL CLARINDO DE QUEIROZ;RUA BAR ARATANHA;;0;;Colis?úo Traseira;Luz do Dia;Nublado;Seca;Cruz;N?úo H?í Controle;Comercial;0;0;2;1;0;0;0;0;0;0;0;0;-3,733844000000000;-38,526693000000000
249010;24;2;2015;11:00;0;AV CARAPINIMA;;;2298;;Colis?úo Traseira;Luz do Dia;Chuva;Molhada;Meio de Quadra;Sem?íforo;Comercial;0;0;2;0;0;0;0;1;0;0;0;0;-3,740058000000000;-38,540297000000000
249011;24;2;2015;16:30;25037;AV LUCIANO CARNEIRO;RUA JULIO DA SILVEIRA;;0;;Colis?úo Traseira;Luz do Dia;Bom;Seca;T;Pare;Comercial;0;0;2;1;0;0;0;0;0;0;0;0;-3,759514000000000;-38,535029000000000
261382;24;2;2015;14:10;0;AV JOSE BASTOS;;;0;;Colis?úo;Luz do Dia;;;Meio de Quadra;;;0;1;1;1;0;0;0;0;0;1;0;0;-3,754300000000000;-38,554763000000000
261383;24;2;2015;16:35;0;AV PRS CASTELO BRANCO;;;0;;Queda;Luz do Dia;;;Meio de Quadra;;;0;1;0;0;0;0;0;0;0;1;0;0;-3,708056000000000;-38,569356000000000
261384;24;2;2015;16:46;0;AV PRS COSTA E SILVA;;;0;;Queda;Luz do Dia;;;Meio de Quadra;;;0;1;0;0;0;1;0;0;0;0;0;0;;
261385;24;2;2015;17:26;0;RUA GAL CLARINDO DE QUEIROZ;;;0;;Colis?úo;Anoitecer;;;Meio de Quadra;;;0;1;1;1;0;1;0;0;0;0;0;0;;
261386;24;2;2015;18:04;0;AV PRS CASTELO BRANCO;;;0;;Atropelamento;Anoitecer;;;Meio de Quadra;;;0;1;1;0;0;0;0;0;0;1;0;0;;
261378;24;2;2015;07:57;0;AV DR SILAS MUNGUBA;;;0;;Atropelamento;Luz do Dia;;;Meio de Quadra;;;0;1;1;0;0;0;0;0;0;1;0;0;-3,789771000000000;-38,542100000000000
261379;24;2;2015;10:26;0;AV DOMINGOS OLIMPIO;;;0;;Colis?úo;Luz do Dia;;;Meio de Quadra;;;0;1;1;1;0;0;0;0;0;1;0;0;-3,737804000000000;-38,527167000000000
261380;24;2;2015;11:45;0;RUA RUI MONTE;;;0;;Colis?úo;Luz do Dia;;;Meio de Quadra;;;0;1;1;1;0;0;0;0;0;1;0;0;;
249008;24;2;2015;07:05;5122;AV IMPERADOR;RUA SAO PAULO;;0;;Colis?úo Lateral;Luz do Dia;Nublado;Seca;Cruz;Sem?íforo;Comercial;0;0;2;1;1;0;0;0;0;0;0;0;-3,724049000000000;-38,533522000000000
249006;24;2;2015;20:30;15155;AV BEIRA MAR;RUA NUNES VALENTE;;0;;Colis?úo Lateral;Anoitecer;;Seca;Cruz;Pare;Residencial;0;0;2;0;0;0;0;0;0;0;0;0;-3,724863000000000;-38,500106000000000
249002;24;2;2015;06:10;0;AV C CJ HAB ST SAO JOAO;;;0;;Colis?úo Lateral;;Nublado;Seca;Meio de Quadra;Pare;Residencial;0;0;2;1;1;0;0;0;0;0;0;0;;
249003;24;2;2015;07:25;12955;AV A CJ JOSE WALTER;AV JOAO DE ARAUJO LIMA;;0;;Colis?úo Lateral;Luz do Dia;Nublado;Seca;T;Pare;Residencial;0;0;2;1;1;0;0;0;0;0;0;0;-3,823474000000000;-38,558691000000000
248998;24;2;2015;21:47;671;AV DR THEBERGE;RUA GOMES PASSOS;;0;;Colis?úo Lateral;Via Iluminada;Bom;Seca;T;N?úo H?í Controle;Comercial;0;1;1;1;0;0;0;0;0;1;0;0;-3,710415000000000;-38,563561000000000
248999;24;2;2015;09:30;20042;AV DEP PAULINO ROCHA;AV PRS JUSCELINO KUBITSCHEK (PASSAR?ë);;0;;Colis?úo Lateral;Luz do Dia;Chuva;Molhada;Rotat??ria;D?¬ Prefer?¬ncia;Comercial;0;0;2;1;0;0;0;0;0;0;0;0;-3,807229000000000;-38,524782000000000
249000;24;2;2015;15:40;0;AV PRS CASTELO BRANCO;;;4215;;Colis?úo Traseira;Luz do Dia;Bom;Seca;Meio de Quadra;Sem?íforo;Comercial;0;1;1;1;0;0;0;0;0;1;0;0;-3,707732000000000;-38,570251000000000
249037;25;2;2015;10:40;24347;RUA DES PRAXEDES;AV LUCIANO CARNEIRO;;0;;Colis?úo Lateral;Luz do Dia;Chuva;Molhada;Cruz;Sem?íforo;Misto;0;1;1;1;0;0;0;0;0;1;0;0;-3,764934000000000;-38,536679000000000
249044;25;2;2015;16:00;13372;RUA JOAO BRIGIDO;RUA NOGUEIRA ACIOLI;;0;;Colis?úo Transversal;Luz do Dia;Bom;Seca;Cruz;Sem?íforo;Comercial;0;1;1;1;0;0;0;0;0;1;0;0;-3,739259000000000;-38,520044000000000
249047;25;2;2015;18:30;15227;AV ABOLICAO;AV DES MOREIRA;;0;;Colis?úo Lateral;Anoitecer;Bom;Seca;Cruz;Sem?íforo;Comercial;0;0;2;1;0;0;1;0;0;0;0;0;-3,727331000000000;-38,495474000000000
249051;25;2;2015;09:30;0;RUA PERU;;;306;;Colis?úo Lateral;Luz do Dia;Chuva;Molhada;Meio de Quadra;N?úo H?í Controle;Residencial;0;0;2;1;1;0;0;0;0;0;0;0;-3,769805000000000;-38,550004000000000
249121;25;2;2015;00:45;1590;RUA PDE VALDEVINO;RUA JOAQUIM NABUCO;;0;;Colis?úo Lateral;Via Iluminada;Chuva;Molhada;Cruz;Sem?íforo;Residencial;0;1;1;1;0;0;0;0;0;0;0;0;-3,743222000000000;-38,503847000000000
249119;25;2;2015;05:00;20212;AV PRS JUSCELINO KUBITSCHEK (PASSAR?ë);RUA SAO TOMAZ DE AQUINO;;0;;Choque c/ Obst?ículo Fixo;Amanhecer;Bom;Seca;Cruz;Outros;Misto;0;0;1;1;0;0;0;0;0;0;0;0;-3,813772000000000;-38,529791000000000
249126;25;2;2015;22:00;7938;RUA VIS MAUA;RUA ASSIS CHATEAUBRIAND;;0;;Colis?úo Transversal;Via Iluminada;Bom;Seca;Cruz;Pare;Comercial;0;2;0;1;0;0;0;0;0;1;0;0;-3,746314000000000;-38,502693000000000
249128;25;2;2015;08:30;0;AV JOSE BASTOS;;;2828;;Colis?úo Lateral;Luz do Dia;Chuva;Molhada;Meio de Quadra;N?úo H?í Controle;Comercial;0;0;2;1;0;0;0;0;0;0;0;0;-3,745496000000000;-38,545915000000000
249131;25;2;2015;08:20;5395;RUA ANTONIO POMPEU;RUA TEREZA CRISTINA;;0;;Colis?úo Transversal;Luz do Dia;Chuva;Molhada;Cruz;Pare;Misto;0;3;0;0;0;0;0;0;0;1;0;0;-3,732340000000000;-38,538356000000000
249062;25;2;2015;16:00;11057;AV DOS EXPEDICIONARIOS;AV DR SILAS MUNGUBA;;0;;Colis?úo Transversal;Luz do Dia;Bom;Seca;Cruz;Sem?íforo;Misto;0;1;1;1;0;0;0;0;0;1;0;0;-3,787538000000000;-38,547960000000000
249066;25;2;2015;17:40;20129;AV DEP PAULINO ROCHA;RUA POMPILIO GOMES;;0;;Colis?úo Lateral;Anoitecer;Bom;Seca;T;Pare;Misto;0;0;2;1;1;0;0;0;0;0;0;0;-3,810076000000000;-38,519652000000000
249067;25;2;2015;08:30;19935;RUA JORGE ACURCIO;RUA FRANCISCO LORDA;;0;;Colis?úo Transversal;Luz do Dia;Bom;Seca;Cruz;Pare;Residencial;0;0;2;1;1;0;0;0;0;0;0;0;-3,762325000000000;-38,530533000000000
249133;25;2;2015;14:15;0;AV OLIVEIRA PAIVA;;;535;;Colis?úo Traseira;Luz do Dia;Nublado;Seca;Meio de Quadra;N?úo H?í Controle;Comercial;0;0;2;1;0;0;0;0;0;0;0;0;-3,797419000000000;-38,500575000000000
257337;25;2;2015;09:50;0;RUA JOSE MARTINS;;;405;;Colis?úo;Luz do Dia;;;Meio de Quadra;;;0;1;0;0;0;0;0;0;0;0;0;0;-3,790883000000000;-38,595627000000000
257342;25;2;2015;21:00;16024;AV BENJAMIM BRASIL;RUA CABRAL VERAS;;0;;Colis?úo;;;;;;;0;1;0;1;0;0;0;0;0;0;0;0;-3,805803000000000;-38,564149000000000
249163;25;2;2015;16:05;13602;AV ROGACIANO LEITE;RUA DR THOMPSON BULCAO;;0;;Colis?úo Traseira;Luz do Dia;Bom;Seca;Cruz;Sem?íforo;Outros;0;0;2;1;0;0;1;0;0;0;0;0;-3,767788000000000;-38,496968000000000
249165;25;2;2015;20:00;0;AV PRS COSTA E SILVA;;;641;;Colis?úo Transversal;Via Iluminada;Bom;Seca;Meio de Quadra;Outros;Misto;0;0;2;1;0;0;0;0;0;1;0;0;;
249166;25;2;2015;07:30;0;RUA DEMETRIO MENEZES;;;3700;;Colis?úo Lateral;Luz do Dia;Chuva;Molhada;Meio de Quadra;Pare;Comercial;0;0;2;1;1;0;0;0;0;0;0;0;-3,735992000000000;-38,584088000000000
249171;25;2;2015;09:10;1557;RUA CAROLINA SUCUPIRA;RUA BARBOSA DE FREITAS;;0;;Colis?úo Lateral;Luz do Dia;Chuva;Molhada;Cruz;Pare;Comercial;0;0;2;1;0;0;0;0;0;0;0;0;-3,741517000000000;-38,498942000000000
249173;25;2;2015;10:15;0;AV BEZERRA DE MENEZES;;;216;;Colis?úo Traseira;Luz do Dia;Chuva;Molhada;Meio de Quadra;N?úo H?í Controle;Comercial;0;0;2;1;0;0;0;0;0;0;0;0;-3,732134000000000;-38,547436000000000
249181;25;2;2015;18:10;6756;AV ANTONIO SALES;AV ENG SANTANA JUNIOR;;0;;Colis?úo Lateral;Anoitecer;Nublado;Seca;T;N?úo H?í Controle;Comercial;0;0;2;1;0;0;0;0;0;0;0;0;-3,749257000000000;-38,490039000000000
249182;25;2;2015;22:00;22353;AV BEZERRA DE MENEZES;AV OLAVO BILAC;;0;;Colis?úo Lateral;Via Iluminada;Bom;Seca;Cruz;Sem?íforo;Comercial;0;2;0;0;0;0;0;0;0;1;0;0;-3,735601000000000;-38,564151000000000
249183;25;2;2015;17:30;11001;RUA ANTONIO FIUZA;RUA ELCIAS LOPES;;0;;Colis?úo Lateral;Anoitecer;Bom;Seca;Cruz;Pare;Comercial;0;2;0;1;0;0;0;0;0;1;0;0;-3,772090000000000;-38,552914000000000
249185;25;2;2015;11:40;19654;AV BEZERRA DE MENEZES;RUA PRO NOGUEIRA;;0;;Colis?úo Lateral;Luz do Dia;Bom;Molhada;Cruz;Pare;Comercial;0;0;2;1;0;0;1;0;0;0;0;0;-3,732672000000000;-38,549985000000000
249186;25;2;2015;18:30;0;AV AGUANAMBI;;;1955;;Colis?úo Lateral;Anoitecer;Bom;Seca;Meio de Quadra;;Comercial;0;1;2;1;0;0;1;0;0;1;0;0;-3,754079000000000;-38,523478000000000
249188;25;2;2015;08:00;0;AV JOSE BASTOS;;;5699;;Colis?úo Traseira;Luz do Dia;Chuva;Molhada;Meio de Quadra;N?úo H?í Controle;Comercial;0;0;2;1;0;0;0;0;0;0;0;0;-3,761691000000000;-38,565210000000000
249190;25;2;2015;08:30;0;AV ANTONIO SALES;;;1540;;Colis?úo Traseira;Luz do Dia;Bom;Seca;Meio de Quadra;Sem?íforo;Comercial;0;0;2;1;0;0;0;0;0;1;0;0;-3,743264000000000;-38,509456000000000
249193;25;2;2015;07:30;0;AV BEZERRA DE MENEZES;;;50;;Colis?úo Traseira;Luz do Dia;Chuva;Molhada;Meio de Quadra;Sem?íforo;Comercial;0;1;1;1;0;0;0;0;0;1;0;0;-3,730567000000000;-38,540083000000000
249195;25;2;2015;10:00;7856;AV SEN VIRGILIO TAVORA;RUA HENRIQUETA GALENO;;0;;Colis?úo Transversal;Luz do Dia;Bom;Seca;Cruz;Pare;Comercial;0;0;2;1;1;0;0;0;0;0;0;0;-3,746365000000000;-38,496211000000000
249198;25;2;2015;21:00;17967;RUA DIVINO SALVADOR D26;RUA EVANDRO LUZ;;0;;Colis?úo Lateral;Mal Iluminada;Bom;Seca;;Pare;Comercial;0;0;2;1;0;0;0;0;0;0;0;0;-3,736133000000000;-38,576795000000000
249199;25;2;2015;16:10;20131;RUA PRO JOSE SILVEIRA;RUA CRISANTO ARRUDA;;0;;Colis?úo Transversal;Luz do Dia;Bom;Seca;Cruz;Pare;Comercial;0;1;1;1;0;0;0;0;0;1;0;0;-3,810268000000000;-38,522564000000000
249200;25;2;2015;09:00;0;RUA PAULA RODRIGUES;;;0;;Colis?úo Transversal;Luz do Dia;Chuva;Molhada;Meio de Quadra;N?úo H?í Controle;Comercial;0;0;2;1;0;0;0;0;0;0;0;0;;
249201;25;2;2015;09:59;0;AV GOV RAUL BARBOSA;;;6610;;Engavetamento;Luz do Dia;Bom;Seca;Meio de Quadra;Outros;Misto;0;0;3;1;0;0;1;0;0;0;0;0;-3,772052000000000;-38,511839000000000
249204;25;2;2015;09:15;15322;RUA BARBOSA DE FREITAS;RUA CANUTO DE AGUIAR;;0;;Colis?úo Transversal;Luz do Dia;Chuva;Molhada;Cruz;Pare;Residencial;0;1;1;1;0;0;0;0;0;1;0;0;-3,730624000000000;-38,495453000000000
258803;25;2;2015;08:30;0;RD CE-040;;;0;KM-07;Colis?úo;Luz do Dia;;;Meio de Quadra;;;0;1;1;0;0;0;0;0;0;0;0;0;-3,817953000000000;-38,483160000000000
258804;25;2;2015;10:40;0;RD CE-040;;;9470;KM-09;Colis?úo;Luz do Dia;;Seca;Meio de Quadra;;;0;1;1;0;0;0;1;0;0;0;0;0;-3,833911000000000;-38,482561000000000
261412;25;2;2015;06:31;0;AV ENG LEAL LIMA VERDE (SAPIRANGA/COITE);;;0;;Queda;Luz do Dia;;;Meio de Quadra;;;0;1;0;0;0;0;0;0;0;1;0;0;;
261413;25;2;2015;07:46;25334;AV B CJ CEARA;AV D CJ CEARA;;0;;Colis?úo;Luz do Dia;;;T;Pare;Misto;0;1;1;1;0;0;0;0;0;1;0;0;-3,763611000000000;-38,602328000000000
261415;25;2;2015;07:45;0;RUA LUIZA MIRANDA COELHO;;;0;;Colis?úo;Luz do Dia;;;Meio de Quadra;;;0;1;1;1;0;0;0;0;0;1;0;0;-3,775818000000000;-38,484229000000000
261425;25;2;2015;19:06;0;RUA ELCIAS LOPES;;;0;;Colis?úo;;;;Meio de Quadra;;;0;1;1;1;0;0;0;0;0;1;0;0;-3,772117000000000;-38,552836000000000
261419;25;2;2015;08:11;23389;RUA SABINO MONTE;RUA CAP TIBURCIO DA FROTA;;0;;Colis?úo;Luz do Dia;;;Cruz;Pare;Residencial;0;1;1;0;0;0;0;0;0;1;0;0;-3,754815000000000;-38,512291000000000
261420;25;2;2015;08:11;0;AV 13 DE MAIO;;;0;;Queda;Luz do Dia;;;Meio de Quadra;;;0;1;0;0;0;0;0;0;0;1;0;0;;
261421;25;2;2015;11:39;0;AV VIS RIO BRANCO;;;0;;Queda;Luz do Dia;;;Meio de Quadra;;;0;1;0;0;0;0;0;0;0;1;0;0;-3,732030000000000;-38,524902000000000
261422;25;2;2015;14:19;0;AV SEN FERNANDES TAVORA;;;0;;Colis?úo;Luz do Dia;;;Meio de Quadra;;;0;2;0;0;0;0;0;0;0;0;0;0;;
261423;25;2;2015;18:28;0;RUA 11 DE JULHO;;;0;;Queda;Anoitecer;;;Meio de Quadra;;;0;1;0;0;0;0;0;0;0;1;0;0;;
261446;25;2;2015;19:21;0;RUA STA TEREZINHA UI 806;;;0;;Queda;;;;Meio de Quadra;;;0;1;0;0;0;0;0;0;0;1;0;0;;
261448;25;2;2015;20:20;0;RUA 15 VILLAGE COLOSSO;;;0;;Colis?úo;;;;Meio de Quadra;;;0;1;1;0;0;0;0;0;0;0;0;0;;
261450;25;2;2015;21:44;0;RUA VALPARAISO;;;0;;Colis?úo;;;;Meio de Quadra;;;0;1;1;1;0;0;0;0;0;1;0;0;;
261455;25;2;2015;22:20;0;AV SEN FERNANDES TAVORA;;;3264;;Colis?úo;;;;Meio de Quadra;;;0;1;1;0;0;0;0;0;0;1;0;0;-3,754598000000000;-38,601137000000000
264366;25;2;2015;11:08;0;RUA DR CARLOS R PAMPLONA;;;1779;;Colis?úo;Luz do Dia;;;Meio de Quadra;;;0;0;2;0;0;0;0;0;0;0;0;0;;
264367;25;2;2015;11:19;8934;AV DOMINGOS OLIMPIO;RUA PDE MORORO;;0;;Colis?úo;Luz do Dia;;;Cruz;Pare;Residencial;0;0;2;0;0;0;0;0;0;0;0;0;-3,733752000000000;-38,539949000000000
264368;25;2;2015;11:52;0;RUA RIO GRANDE DO SUL;;;0;;Colis?úo;Luz do Dia;;;Meio de Quadra;;;0;0;2;0;0;0;0;0;0;0;0;0;;
264369;25;2;2015;13:12;0;AV GAL OSORIO DE PAIVA;;;0;;Atropelamento;Luz do Dia;;;Meio de Quadra;;;0;0;2;0;0;0;0;0;0;0;0;0;;
264370;25;2;2015;13:28;0;RUA VALPARAISO;;;0;;Colis?úo;Luz do Dia;;;Meio de Quadra;;;0;0;2;0;0;0;0;0;0;0;0;0;;
264371;25;2;2015;16:13;9700;RUA OSCAR ARARIPE;RUA BARRA VERMELHA;;0;;Colis?úo;Luz do Dia;;;Cruz;Pare;Residencial;0;0;2;0;0;0;0;0;0;0;0;0;-3,786343000000000;-38,614369000000000
264372;25;2;2015;16:46;0;RUA ARACATI D06;;;0;;Colis?úo;Luz do Dia;;;Meio de Quadra;;;0;0;2;0;0;0;0;0;0;0;0;0;;
264373;25;2;2015;22:24;0;RUA B NOVA VL MESSEJANA;;;29;;Colis?úo;;;;Meio de Quadra;;;0;0;2;0;0;0;0;0;0;0;0;0;;
264364;25;2;2015;07:18;22102;RUA JOSE FACANHA;RUA MON FURTADO;;0;;Colis?úo;Luz do Dia;;;Cruz;Pare;Residencial;0;0;2;0;0;0;0;0;0;0;0;0;-3,753672000000000;-38,555590000000000
264457;25;2;2015;22:26;20485;RUA ANTERO QUENTAL;RUA B RES F DE NORONHA;;0;;Colis?úo;;;;;;;0;0;2;0;0;0;0;0;0;0;0;0;-3,853873000000000;-38,492422000000000
264458;25;2;2015;22:37;0;AV AGUANAMBI;;;0;;Colis?úo;;;;Meio de Quadra;;;0;0;2;0;0;0;0;0;0;0;0;0;;
260078;25;2;2015;13:46;0;AV FRE CIRILO;;;0;;;Luz do Dia;;;Meio de Quadra;;;0;0;2;0;1;0;0;0;0;0;0;0;;
260089;25;2;2015;17:23;0;RUA MAL DEODORO;;;0;;Colis?úo;Anoitecer;;;Meio de Quadra;;;0;0;2;0;0;0;0;0;0;0;0;0;;
253529;26;2;2015;19:10;0;RD BR 116;;;2000;KM-02;Atropelamento;Via Iluminada;Nublado;Seca;Meio de Quadra;N?úo H?í Controle;Comercial;0;2;0;1;0;0;0;0;0;0;0;0;-3,771391000000000;-38,516780000000000
253543;26;2;2015;12:40;0;RD BR 222;;;0;KM-01;Colis?úo Lateral;Luz do Dia;Bom;Seca;Meio de Quadra;N?úo H?í Controle;Comercial;0;0;2;0;0;0;1;0;0;0;0;0;-3,737774000000000;-38,577952000000000
253492;26;2;2015;18:20;0;RD BR 116;;;8000;KM-08;Colis?úo Lateral;Anoitecer;Chuva;Seca;Meio de Quadra;N?úo H?í Controle;Comercial;0;1;1;1;0;0;0;0;1;0;0;0;-3,822018000000000;-38,503269000000000
264459;26;2;2015;01:22;0;RUA RENATO BRAGA;;;0;;Choque c/ Obst?ículo Fixo;;;;Meio de Quadra;;;0;0;1;0;0;0;0;0;0;0;0;0;;
264460;26;2;2015;10:49;0;AV PLACIDO CASTELO;;;0;;Colis?úo;Luz do Dia;;;Meio de Quadra;;;0;0;2;0;0;0;0;0;0;0;0;0;;
264461;26;2;2015;10:55;0;AV ANTONIO SALES;;;2435;;Colis?úo;Luz do Dia;;;Meio de Quadra;;;0;0;2;0;0;0;0;0;0;0;0;0;-3,745453000000000;-38,502341000000000
264462;26;2;2015;11:00;1522;RUA CEL JUCA;RUA EDUARDO GARCIA;;0;;Colis?úo;Luz do Dia;;;Cruz;Pare;Residencial;0;0;2;0;0;0;0;0;0;0;0;0;-3,740419000000000;-38,492166000000000
264463;26;2;2015;22:23;0;LOGRADOURO SEM NOME;;;0;;Colis?úo;;;;Meio de Quadra;;;0;0;2;0;0;0;0;0;0;0;0;0;;
264464;26;2;2015;22:29;0;RUA JULIO SILVA;;;130;;Choque c/ Obst?ículo Fixo;;;;Meio de Quadra;;;0;0;1;0;0;0;0;0;0;0;0;0;;