COD_ACIDENTE;DIA;MES;ANO;HORA;INTERSECAO;LOG1;LOG2;LOG3;NUMERO;REFERENCIA;NATUREZA;ILUMINACAO;TEMPO;SUPERFICIEPISTA;TIPOCRUZAMENTO;CONTROLETRAFEGO;USOSOLO;MORTOS;FERIDOS;ILESOS;AUTOMOVEL;ONIBUS;BICICLETA;CAMINHAO;MICROONIBUS;CICLOMOTOR;MOTOCICLETA;TRACAOANIMAL;TREM;LATITUDE;LONGITUDE
264465;26;2;2015;23:19;0;RUA OSCAR ARARIPE;;;1560;;Colis?úo;;;;Meio de Quadra;;;0;0;2;0;0;0;0;0;0;0;0;0;-3,789253000000000;-38,605397000000000
261456;26;2;2015;06:55;0;RUA GERMANO FRANCK;;;0;;Colis?úo;Luz do Dia;;;Meio de Quadra;;;0;1;1;1;0;0;0;0;0;1;0;0;-3,778428000000000;-38,563431000000000
261457;26;2;2015;07:03;0;RUA CAROLINA SUCUPIRA;;;0;;Colis?úo;Luz do Dia;;;Meio de Quadra;;;0;1;1;1;0;0;0;0;0;1;0;0;;
261458;26;2;2015;07:19;0;RUA PORTO VELHO;;;0;;Colis?úo;Luz do Dia;;;Meio de Quadra;;;0;1;1;1;0;0;0;0;0;1;0;0;;
261468;26;2;2015;08:42;0;AV DOS EXPEDICIONARIOS;;;0;;Colis?úo;Luz do Dia;;;Meio de Quadra;;;0;1;1;1;0;0;0;0;0;1;0;0;-3,747094000000000;-38,535738000000000
261470;26;2;2015;10:26;5436;RUA JAIME BENEVOLO;RUA GAL CLARINDO DE QUEIROZ;;0;;Colis?úo;Luz do Dia;;;Cruz;Pare;Comercial;0;1;1;1;0;0;0;0;0;1;0;0;-3,734060000000000;-38,526017000000000
261471;26;2;2015;11:15;1219;RUA COSTA BARROS;RUA JOAO CORDEIRO;;0;;Colis?úo;Luz do Dia;;;Cruz;Sem?íforo;Misto;0;1;1;1;0;0;0;0;0;0;0;0;-3,729449000000000;-38,514331000000000
261472;26;2;2015;11:16;0;RUA ANTONIO POMPEU;RUA VINTE E QUATRO DE MAIO;;0;;Atropelamento;Luz do Dia;;;;;;0;2;0;0;0;0;1;0;0;0;0;0;-3,731804000000000;-38,541591000000000
261482;26;2;2015;16:39;0;AV ALBERTO CRAVEIRO;;;0;;Colis?úo;Luz do Dia;;;Meio de Quadra;;;0;1;1;0;0;0;0;0;0;1;0;0;;
261483;26;2;2015;18:17;0;AV ROGACIANO LEITE;;;0;;Colis?úo;Anoitecer;;;Meio de Quadra;;;0;1;1;1;0;0;0;0;0;1;0;0;;
261484;26;2;2015;18:51;0;AV N CJ JOSE WALTER;;;0;;Atropelamento;;;;Meio de Quadra;;;0;1;1;0;0;0;0;0;0;1;0;0;;
261485;26;2;2015;19:25;0;AV MAE LISBOA;;;0;;Colis?úo;;;;Meio de Quadra;;;0;1;1;1;0;0;0;0;0;1;0;0;-3,807612000000000;-38,461119000000000
261486;26;2;2015;19:46;0;AV AGUANAMBI;;;0;;Queda;;;;Meio de Quadra;;;0;1;0;0;0;0;0;0;0;1;0;0;-3,741588000000000;-38,525881000000000
261487;26;2;2015;21:48;0;AV PRS CASTELO BRANCO;;;0;;Queda;;;;Meio de Quadra;;;0;1;0;0;0;0;0;0;0;1;0;0;-3,712066000000000;-38,554464000000000
261488;26;2;2015;22:48;0;TR TOCANTINS;;;0;;Queda;;;;Meio de Quadra;;;0;1;0;0;0;0;0;0;0;1;0;0;;
261478;26;2;2015;11:31;0;RUA VICENTE NOBRE MACEDO;;;0;;Colis?úo;Luz do Dia;;;;;;0;1;1;1;0;0;0;0;0;1;0;0;-3,823746000000000;-38,484156000000000
261480;26;2;2015;12:26;0;AV GAL OSORIO DE PAIVA;;;0;;Colis?úo;Luz do Dia;;;Meio de Quadra;;;0;1;1;1;0;1;0;0;0;0;0;0;-3,781021000000000;-38,575019000000000
258805;26;2;2015;09:20;0;RD CE-040;;;0;KM-04;Colis?úo;Luz do Dia;;Seca;Meio de Quadra;;;0;1;2;1;0;0;0;0;0;0;0;0;-3,792050000000000;-38,480251000000000
258806;26;2;2015;16:50;0;RD CE-040;;;0;KM-12;Colis?úo;Luz do Dia;Bom;Seca;Meio de Quadra;N?úo H?í Controle;;0;0;2;1;0;0;0;0;0;0;0;0;-3,848945000000000;-38,476237000000000
258807;26;2;2015;17:00;0;RD CE-040;;;0;KM-12;Colis?úo;Anoitecer;Bom;Seca;Meio de Quadra;N?úo H?í Controle;Comercial;0;1;1;0;0;0;0;0;0;1;0;0;-3,848945000000000;-38,476237000000000
258808;26;2;2015;18:40;0;RD CE-040;;;0;KM-07;Colis?úo;;Bom;Seca;Meio de Quadra;N?úo H?í Controle;Comercial;0;2;1;1;0;0;0;0;0;1;0;0;-3,817953000000000;-38,483160000000000
258809;26;2;2015;20:00;0;AV SEN CARLOS JEREISSATI (AEROPORTO);;;0;KM 02;Colis?úo;Via Iluminada;Bom;Seca;Meio de Quadra;N?úo H?í Controle;;0;0;4;1;0;0;0;0;0;0;0;0;-3,783932000000000;-38,529156000000000
258810;26;2;2015;20:10;0;AV SEN CARLOS JEREISSATI (AEROPORTO);;;0;KM 02;Colis?úo;Via Iluminada;Bom;Seca;Meio de Quadra;N?úo H?í Controle;;0;0;2;1;0;0;0;0;0;0;0;0;-3,783932000000000;-38,529156000000000
258812;26;2;2015;21:30;0;RD CE-040;;;0;KM-02;Choque c/ Obst?ículo Fixo;;Bom;Seca;Meio de Quadra;N?úo H?í Controle;;0;1;0;0;0;0;0;0;0;0;0;0;-3,776479000000000;-38,481598000000000
275043;26;2;2015;07:40;3030;RUA DIOGO CORREIA;RUA ANDRE REBOUCAS;;0;;Colis?úo Lateral;Luz do Dia;;;Cruz;Sem?íforo;Comercial;0;1;1;1;0;0;0;0;0;1;0;0;;
249184;26;2;2015;10:43;5108;RUA PRC ISABEL;RUA SAO PAULO;;0;;Colis?úo Traseira;Luz do Dia;Chuva;Molhada;Cruz;Pare;Misto;0;0;3;1;0;0;0;0;0;0;0;0;-3,723679000000000;-38,534619000000000
249150;26;2;2015;07:30;5846;RUA MANUEL MONTEIRO;RUA MAXIMO LINHARES;;0;;Colis?úo Lateral;Luz do Dia;Bom;Seca;Cruz;Pare;Residencial;0;0;2;1;0;0;0;0;0;0;0;0;-3,798590000000000;-38,494537000000000
249152;26;2;2015;10:30;23591;AV ENG SANTANA JUNIOR;RUA ISRAEL BEZERRA;;0;;Colis?úo Lateral;Luz do Dia;Bom;Seca;Cruz;Pare;Comercial;0;0;1;1;0;0;1;0;0;0;0;0;-3,751428000000000;-38,490505000000000
249153;26;2;2015;07:50;3883;AV DOS EXPEDICIONARIOS;RUA COSTA SOUZA;;0;;Colis?úo Transversal;Luz do Dia;Bom;Seca;Cruz;Pare;Comercial;0;1;1;1;0;0;0;0;0;1;0;0;-3,747745000000000;-38,535932000000000
249155;26;2;2015;20:50;0;AV PRS CASTELO BRANCO;;;3961;;Colis?úo Lateral;Via Iluminada;Bom;Seca;Meio de Quadra;N?úo H?í Controle;Comercial;0;0;2;1;0;0;0;0;0;0;0;0;-3,708671000000000;-38,567654000000000
249142;26;2;2015;17:30;0;AV JOAO PESSOA;;;5609;;Colis?úo Traseira;Luz do Dia;Bom;Seca;Meio de Quadra;N?úo H?í Controle;Misto;0;0;2;1;1;0;0;0;0;0;0;0;-3,759747000000000;-38,556024000000000
249143;26;2;2015;13:45;25150;RUA ISAC AMARAL;RUA JOAQUIM NABUCO;;0;;Colis?úo Transversal;Luz do Dia;Bom;Seca;Cruz;Sem?íforo;Comercial;0;1;1;1;0;0;0;0;0;1;0;0;-3,752218000000000;-38,506752000000000
249145;26;2;2015;08:30;0;AV DR SILAS MUNGUBA;;;2593;;Colis?úo Traseira;Luz do Dia;Bom;Seca;Meio de Quadra;Outros;Escola;0;0;2;1;0;0;0;0;0;0;0;0;-3,786360000000000;-38,550243000000000
249146;26;2;2015;10:30;0;AV DOMINGOS OLIMPIO;;;855;;Engavetamento;Luz do Dia;Bom;Seca;Meio de Quadra;Outros;Comercial;0;0;3;1;0;0;0;0;0;0;0;0;-3,736606000000000;-38,531417000000000
257350;26;2;2015;22:53;0;AV DIOGUINHO;;;0;;Colis?úo;;;;Meio de Quadra;;;0;2;0;0;0;0;0;0;0;1;0;0;;
257346;26;2;2015;16:30;0;RUA EDMUNDO FALCAO;;;250;;Choque c/ Obst?ículo Fixo;Luz do Dia;;;Meio de Quadra;;;0;1;0;0;0;0;0;0;0;0;0;0;-3,749597000000000;-38,450429000000000
260436;26;2;2015;11:24;0;RUA LUIS VIEIRA;;;165;;Colis?úo;Luz do Dia;;;Meio de Quadra;;;0;0;2;0;0;0;0;0;0;0;0;0;-3,796708000000000;-38,586316000000000
260438;26;2;2015;11:34;23338;RUA OSVALDO CRUZ (ALDEOTA);RUA EDUARDO BEZERRA;;0;;Colis?úo;Luz do Dia;;;Cruz;Pare;Residencial;0;0;2;1;0;0;0;0;0;0;0;0;-3,753129000000000;-38,505966000000000
260441;26;2;2015;18:38;0;AV WASHINGTON SOARES;;;0;;Colis?úo;;;;Meio de Quadra;;;0;0;2;1;0;0;0;0;0;0;0;0;;
249135;26;2;2015;15:00;25871;RUA CON DE CASTRO;RUA SAO MANUEL;;0;;Colis?úo Frontal;Luz do Dia;Bom;Seca;Outros;Pare;Residencial;0;0;2;1;0;0;0;0;0;0;0;0;-3,796271000000000;-38,583853000000000
249137;26;2;2015;08:15;19611;AV GODOFREDO MACIEL;RUA NEREU RAMOS;;0;;Colis?úo Traseira;Luz do Dia;Bom;Seca;T;Sem?íforo;Comercial;0;0;2;1;0;0;1;0;0;0;0;0;-3,787250000000000;-38,566802000000000
249138;26;2;2015;13:30;7328;RUA MANAUS;RUA PRO EDGAR DE ARRUDA;;0;;Colis?úo Transversal;Luz do Dia;Bom;Seca;Cruz;Pare;Residencial;0;1;1;1;0;0;0;0;0;1;0;0;-3,754542000000000;-38,591676000000000
249139;26;2;2015;10:05;25069;AV DOS EXPEDICIONARIOS;RUA RAUL CABRAL;;0;;;Luz do Dia;Bom;Seca;Cruz;Sem?íforo;Comercial;0;0;4;1;1;0;0;0;0;0;0;0;-3,769605000000000;-38,542595000000000
249072;26;2;2015;10:20;0;RUA MARIA GOMES DE SA;;;0;;Colis?úo Lateral;Luz do Dia;Bom;Seca;Meio de Quadra;Pare;Comercial;0;0;2;0;0;0;1;0;0;1;0;0;;
249073;26;2;2015;17:45;0;RUA VALPARAISO;;;0;;Colis?úo Transversal;Via Iluminada;Bom;Seca;Meio de Quadra;Pare;Residencial;0;0;2;1;1;0;0;0;0;0;0;0;;
249086;26;2;2015;09:10;0;RUA JAIME BENEVOLO;;;1444;;Colis?úo Lateral;Luz do Dia;Bom;Seca;Meio de Quadra;N?úo H?í Controle;Residencial;0;0;3;1;0;0;0;0;0;1;0;0;-3,744668000000000;-38,529561000000000
249120;26;2;2015;19:20;0;RUA 1123 CJ CEARA;;;186;;Colis?úo Traseira;Via Iluminada;Bom;Seca;Meio de Quadra;N?úo H?í Controle;Residencial;0;0;2;1;0;0;0;0;0;0;0;0;-3,762140000000000;-38,611943000000000
249081;26;2;2015;14:00;14682;AV OLIVEIRA PAIVA;RUA JUNIOR ROCHA;;0;;Colis?úo Transversal;Luz do Dia;Bom;Seca;Cruz;Sem?íforo;Comercial;0;1;1;1;0;0;0;0;0;1;0;0;-3,796189000000000;-38,488224000000000
249083;26;2;2015;19:20;0;AV ALBERTO CRAVEIRO;;;999;;Colis?úo Traseira;Anoitecer;Bom;Seca;Meio de Quadra;Outros;Residencial;0;1;1;1;0;0;0;0;0;1;0;0;-3,787436000000000;-38,517144000000000
249084;26;2;2015;18:00;19942;RUA FRANCISCO LORDA;RUA MOREIRA GOMES;;0;;Colis?úo Transversal;Anoitecer;Bom;Seca;Cruz;Pare;Residencial;0;1;1;1;0;0;0;0;0;1;0;0;-3,761260000000000;-38,534015000000000
249069;26;2;2015;10:00;22937;AV DR SILAS MUNGUBA;RUA GOV JOAO CARLOS;;0;;Colis?úo Traseira;Luz do Dia;Bom;Seca;Duplo T;Sem?íforo;Comercial;0;0;2;0;0;0;0;0;0;0;0;0;-3,783950000000000;-38,553910000000000
249077;26;2;2015;19:00;15290;RUA JOAQUIM NABUCO;RUA CANUTO DE AGUIAR;;0;;Colis?úo Transversal;Via Iluminada;Bom;Seca;Cruz;Pare;Misto;0;1;1;1;0;0;0;0;0;1;0;0;-3,729360000000000;-38,499390000000000
249079;26;2;2015;12:00;14606;RUA GAL CAIADO DE CASTRO;AV JOSE LEON;;0;;Colis?úo Lateral;Luz do Dia;Bom;Seca;T;Pare;Residencial;0;0;2;1;0;0;1;0;0;0;0;0;;
249111;26;2;2015;13:20;0;AV ROGACIANO LEITE;;;1020;;Colis?úo Lateral;Luz do Dia;Bom;Seca;Meio de Quadra;N?úo H?í Controle;Comercial;0;0;2;1;0;0;1;0;0;0;0;0;-3,766691000000000;-38,496477000000000
249112;26;2;2015;13:45;1504;RUA LEONARDO MOTA;RUA PAULA NEI;;0;;Colis?úo Transversal;Luz do Dia;Bom;Seca;Cruz;Pare;Residencial;0;0;2;1;0;0;0;0;0;0;0;0;-3,739817000000000;-38,497332000000000
249113;26;2;2015;08:30;0;AV AGUANAMBI;;;1909;POSTO SOBRAL E PAL?üCIO;Colis?úo Lateral;Luz do Dia;Bom;Seca;Meio de Quadra;N?úo H?í Controle;Comercial;0;0;2;1;0;0;0;0;0;0;0;0;-3,754125000000000;-38,523488000000000
249114;26;2;2015;07:20;7760;AV ANTONIO SALES;RUA SILVA PAULET;;0;;Colis?úo Lateral;Luz do Dia;Bom;Seca;Cruz;Pare;Comercial;0;1;1;1;0;0;0;0;0;0;0;0;-3,743595000000000;-38,508383000000000
249115;26;2;2015;17:30;7760;AV ANTONIO SALES;RUA SILVA PAULET;;0;;Colis?úo Transversal;Via Iluminada;Bom;Seca;Cruz;Pare;Comercial;0;0;2;1;0;0;0;0;0;0;0;0;-3,743595000000000;-38,508383000000000
249116;26;2;2015;07:00;26077;AV JOSE JATAHY;AV DUQ CAXIAS;;0;;Colis?úo Transversal;Luz do Dia;Bom;Seca;T;Pare;Misto;0;1;1;1;0;0;0;0;1;0;0;0;;
249117;26;2;2015;19:00;18299;RUA SEN ALMINO;RUA JOSE AVELINO;;0;;Colis?úo Transversal;Via Iluminada;Bom;Seca;Cruz;Pare;Comercial;0;1;1;0;0;0;0;0;0;1;0;0;-3,722476000000000;-38,517954000000000
275070;26;2;2015;06:50;5249;RUA COSTA BARROS;RUA RODRIGUES JUNIOR;;0;;Colis?úo Lateral;Luz do Dia;;;;;;0;0;2;1;0;0;0;0;0;0;0;0;;
253441;26;2;2015;16:10;0;RD BR 116;;;14000;KM-14;Colis?úo Traseira;Luz do Dia;Bom;Seca;Meio de Quadra;N?úo H?í Controle;Comercial;0;0;2;0;0;0;1;0;0;0;0;0;-3,873523000000000;-38,499242000000000
249080;27;2;2015;09:30;0;AV BEZERRA DE MENEZES;;;0;;Colis?úo Lateral;Via Iluminada;Bom;Seca;Meio de Quadra;Outros;Comercial;0;0;3;1;0;0;1;0;0;0;0;0;;
249078;27;2;2015;15:14;0;AV ABOLICAO;;;1898;;Colis?úo Traseira;Luz do Dia;Nublado;Seca;Meio de Quadra;N?úo H?í Controle;Comercial;0;1;1;1;0;0;0;0;0;1;0;0;-3,725221000000000;-38,502057000000000
249075;27;2;2015;07:55;25510;RUA BOA NOITE;RUA PERU;;0;;Colis?úo Transversal;Luz do Dia;Bom;Seca;Outros;Gesto;Comercial;0;0;2;1;0;0;0;0;0;0;0;0;-3,768619000000000;-38,549554000000000
249076;27;2;2015;09:15;0;RUA GOIAS;;;9;;Colis?úo Lateral;Luz do Dia;Nublado;Seca;Meio de Quadra;Pare;Misto;0;0;2;1;0;0;1;0;0;0;0;0;-3,750459000000000;-38,559357000000000
249085;27;2;2015;23:55;15238;RUA BAR ARACATI;RUA TEN BENEVOLO;;0;;Colis?úo Transversal;Via Iluminada;Bom;Seca;Cruz;Pare;Comercial;0;1;1;1;0;0;0;0;0;0;0;0;-3,727628000000000;-38,510266000000000
249082;27;2;2015;21:30;5347;RUA BAR RIO BRANCO;RUA PEDRO I;;0;;Colis?úo Transversal;Via Iluminada;Bom;Seca;Cruz;Sem?íforo;Comercial;0;0;2;1;0;0;0;0;0;0;0;0;-3,730887000000000;-38,529673000000000
249087;27;2;2015;10:30;25211;RUA OSCAR ARARIPE;RUA MARIA JULIA ROCHA;;0;;Colis?úo Lateral;Luz do Dia;Bom;Seca;Cruz;Sem?íforo;Comercial;0;1;1;1;0;0;0;0;0;0;0;0;-3,791130000000000;-38,599484000000000
249088;27;2;2015;07:30;0;RUA FRANCISCO JOSE A PEREIRA;;;0;;Colis?úo Lateral;Luz do Dia;Bom;Seca;Meio de Quadra;Pare;Comercial;0;0;2;1;0;0;0;0;0;0;0;0;;
249089;27;2;2015;10:40;19026;RUA DES WALDETARIO P MOTA;RUA RAMOS BOTELHO;;0;;Colis?úo Lateral;Luz do Dia;Chuva;Molhada;Cruz;Pare;Residencial;0;1;2;1;0;0;0;0;0;1;0;0;-3,735147000000000;-38,479574000000000
249090;27;2;2015;15:30;22099;AV JOSE BASTOS;RUA JOSE FACANHA;;0;;Colis?úo Traseira;Luz do Dia;Bom;Seca;T;Sem?íforo;Comercial;0;0;2;1;0;0;0;0;0;0;0;0;-3,754359000000000;-38,554822000000000
249091;27;2;2015;12:10;9077;AV AGUANAMBI;RUA BONFIM SOBRINHO;;0;;Colis?úo Lateral;Luz do Dia;Bom;Seca;Cruz;N?úo H?í Controle;Misto;0;1;1;1;0;0;0;0;0;1;0;0;-3,751039000000000;-38,523551000000000
249092;27;2;2015;10:20;0;RUA DR JOSE LOURENCO;;;870;;Colis?úo Lateral;Luz do Dia;Chuva;Molhada;Meio de Quadra;Pare;;0;0;2;1;0;0;1;0;0;0;0;0;-3,731948000000000;-38,506951000000000
249093;27;2;2015;06:30;0;AV SGT HERMINIO SAMPAIO;;;1122;;Colis?úo Traseira;Luz do Dia;Nublado;Molhada;;;;0;1;1;1;0;0;0;0;0;1;0;0;-3,724658000000000;-38,550643000000000
249094;27;2;2015;07:30;0;AV BEZERRA DE MENEZES;;;0;;Colis?úo Traseira;Luz do Dia;Nublado;Molhada;Meio de Quadra;N?úo H?í Controle;Comercial;0;0;2;1;1;0;0;0;0;0;0;0;;
249095;27;2;2015;09:20;21372;AV JOVITA FEITOSA;RUA JOSE SOMBRA;;0;;Colis?úo Lateral;Luz do Dia;Nublado;Seca;Cruz;Sem?íforo;Comercial;0;0;2;1;1;0;0;0;0;0;0;0;-3,737763000000000;-38,546301000000000
249096;27;2;2015;12:50;0;AV DR SILAS MUNGUBA;;;0;;Colis?úo Transversal;Luz do Dia;Bom;Seca;Meio de Quadra;;Comercial;0;0;2;1;0;0;0;0;0;0;0;0;;
249097;27;2;2015;19:30;16557;AV GODOFREDO MACIEL;RUA MIRTYL MEYER;;0;;Capotamento;Via Iluminada;Bom;Seca;Cruz;Pare;Comercial;0;1;1;1;0;0;0;0;0;1;0;0;-3,809211000000000;-38,573893000000000
249098;27;2;2015;19:30;0;AV DOS EXPEDICIONARIOS;;;11350;;Colis?úo Traseira;Via Iluminada;Bom;Seca;Meio de Quadra;;Escola;0;1;1;1;0;0;0;0;0;1;0;0;-3,817134000000000;-38,557018000000000
249099;27;2;2015;10:40;0;RUA ALUISIO AZEVEDO;;;439;;Colis?úo Traseira;Luz do Dia;Nublado;Molhada;Meio de Quadra;N?úo H?í Controle;Residencial;0;0;2;1;0;0;0;0;0;0;0;0;-3,771361000000000;-38,576990000000000
249100;27;2;2015;13:15;8930;RUA JUSTINIANO DE SERPA;AV DOMINGOS OLIMPIO;;0;;Colis?úo Lateral;Luz do Dia;Bom;Seca;Outros;Sem?íforo;Comercial;0;0;2;0;1;0;0;0;0;0;0;0;-3,733011000000000;-38,542468000000000
249101;27;2;2015;14:25;24902;RUA ANTONIO ARRUDA;RUA MARIA CLARA;;0;;Colis?úo Transversal;Luz do Dia;Bom;Seca;Cruz;N?úo H?í Controle;Residencial;0;1;1;0;0;0;0;0;0;1;0;0;-3,723432000000000;-38,594970000000000
249102;27;2;2015;20:30;16051;AV GODOFREDO MACIEL;RUA OSCAR BENEVIDES;;0;;Colis?úo Lateral;Via Iluminada;Bom;Seca;T;Sem?íforo;Comercial;0;0;2;1;0;0;0;0;0;0;0;0;-3,810087000000000;-38,574179000000000
249103;27;2;2015;14:00;0;AV PRS COSTA E SILVA;;;897;;Engavetamento;Luz do Dia;Bom;Seca;Meio de Quadra;Sem?íforo Intermitente;Comercial;0;0;3;1;0;0;0;0;0;0;0;0;-3,812951000000000;-38,571264000000000
249104;27;2;2015;18:30;0;AV PRS CASTELO BRANCO;;;0;;Colis?úo Traseira;Via Iluminada;Bom;Seca;Outros;N?úo H?í Controle;Comercial;0;0;2;1;0;0;0;0;0;0;0;0;;
249105;27;2;2015;21:10;0;AV DR THEBERGE;;;2490;;Colis?úo Lateral;Via Iluminada;Bom;Seca;Outros;N?úo H?í Controle;Residencial;0;1;1;0;0;0;1;0;0;1;0;0;-3,723983000000000;-38,568007000000000
249106;27;2;2015;10:00;0;AV BEZERRA DE MENEZES;;;0;;Colis?úo Traseira;Luz do Dia;Nublado;Seca;Meio de Quadra;N?úo H?í Controle;Misto;0;0;2;1;0;0;0;0;0;0;0;0;;
249107;27;2;2015;07:20;0;AV 13 DE MAIO;;;0;;Colis?úo Transversal;Luz do Dia;Nublado;Seca;Meio de Quadra;N?úo H?í Controle;Comercial;0;0;2;1;0;0;0;0;0;0;0;0;;
249108;27;2;2015;08:10;20042;AV DEP PAULINO ROCHA;AV PRS JUSCELINO KUBITSCHEK (PASSAR?ë);;0;;Colis?úo Traseira;Luz do Dia;Bom;Seca;Rotat??ria;D?¬ Prefer?¬ncia;Lazer;0;0;2;1;0;0;0;0;0;0;0;0;-3,807229000000000;-38,524782000000000
249109;27;2;2015;09:20;0;AV PRS COSTA E SILVA;;;0;;Choque c/ Obst?ículo Fixo;Luz do Dia;Nublado;Seca;Meio de Quadra;;Comercial;0;0;1;0;0;0;1;0;0;0;0;0;;
249110;27;2;2015;20:00;0;AV VIS RIO BRANCO;;;1189;;Colis?úo Traseira;Via Iluminada;Bom;Seca;Meio de Quadra;N?úo H?í Controle;Comercial;0;1;1;0;1;0;0;0;0;1;0;0;-3,731211000000000;-38,525074000000000
260461;27;2;2015;10:58;0;RUA LEONARDO MOTA;;;0;;Colis?úo;Luz do Dia;;;Meio de Quadra;;;0;0;2;1;0;0;0;0;0;0;0;0;;
249156;27;2;2015;14:00;5366;AV DUQ CAXIAS;RUA SEN POMPEU;;0;;Colis?úo Lateral;Luz do Dia;Bom;Seca;Cruz;Sem?íforo;Comercial;0;1;1;0;1;0;0;0;1;0;0;0;-3,731430000000000;-38,530994000000000
249158;27;2;2015;08:57;0;AV ABOLICAO;;;4001;;Colis?úo Transversal;Luz do Dia;Bom;Seca;Outros;Outros;Comercial;0;1;1;1;0;0;0;0;0;1;0;0;-3,725056000000000;-38,483388000000000
258813;27;2;2015;08:25;0;RD CE-040;;;0;KM-02;Colis?úo;Luz do Dia;Bom;Seca;Meio de Quadra;N?úo H?í Controle;Comercial;0;0;2;1;1;0;0;0;0;0;0;0;-3,776479000000000;-38,481598000000000
258817;27;2;2015;17:35;0;RD CE-040;;;0;KM-10;Colis?úo;Anoitecer;Bom;Seca;Meio de Quadra;N?úo H?í Controle;Comercial;0;0;2;1;0;0;0;0;0;0;0;0;-3,838671000000000;-38,480068000000000
258815;27;2;2015;13:20;0;AV SEN CARLOS JEREISSATI (AEROPORTO);;;0;KM 02;Colis?úo;Luz do Dia;Bom;Seca;Meio de Quadra;N?úo H?í Controle;Comercial;0;0;2;1;0;0;0;0;0;0;0;0;-3,783932000000000;-38,529156000000000
261496;27;2;2015;03:46;0;AV MR HULL;;;0;;Queda;;;;Meio de Quadra;;;0;1;0;0;0;0;0;0;0;1;0;0;-3,738553000000000;-38,584047000000000
261497;27;2;2015;07:00;0;RUA NAT FEIJO;;;0;;Atropelamento;Luz do Dia;;;Meio de Quadra;;;0;1;1;0;0;0;0;0;0;1;0;0;;
261498;27;2;2015;07:32;0;RUA NEREU RAMOS;;;0;;Colis?úo;Luz do Dia;;;Meio de Quadra;;;0;1;1;0;0;0;0;0;0;0;0;0;-3,785941000000000;-38,570381000000000
261499;27;2;2015;08:28;0;AV PRO GOMES DE MATOS;;;1349;;Atropelamento;Luz do Dia;;;Meio de Quadra;;;1;0;1;1;0;0;0;0;0;0;0;0;-3,763943000000000;-38,548018000000000
261501;27;2;2015;16:13;9297;RUA CESAR CORREIA;AV FRANCISCO SA;;0;;Colis?úo;Luz do Dia;;;Cruz;Pare;Comercial;0;1;1;0;0;0;0;0;0;1;0;0;-3,711949000000000;-38,573313000000000
261502;27;2;2015;17:01;0;RUA 1 CJ HAB ST SAO JOAO;;;0;;Colis?úo;Anoitecer;;;Meio de Quadra;;;0;1;1;0;0;0;0;0;0;0;0;0;;
261503;27;2;2015;18:25;9567;RUA SGT JOAO PINHEIRO;RUA CEL FABRICIANO;;0;;Colis?úo;Anoitecer;;;Cruz;N?úo H?í Controle;Residencial;0;1;1;0;0;0;0;0;0;1;0;0;-3,778965000000000;-38,621724000000000
261504;27;2;2015;19:53;0;RUA 2 CJ PEQ MONDUBIM;;;0;;Queda;;;;Meio de Quadra;;;0;1;0;0;0;0;0;0;0;1;0;0;;
261505;27;2;2015;20:09;0;AV DR THEBERGE;;;0;;Colis?úo;;;;Meio de Quadra;;;0;1;1;1;0;0;1;0;0;0;0;0;-3,723983000000000;-38,568007000000000
261506;27;2;2015;21:56;0;AV GODOFREDO MACIEL;;;0;;Colis?úo;;;;Meio de Quadra;;;0;1;1;1;0;0;0;0;0;1;0;0;;
261513;27;2;2015;22:55;0;RUA 218 CJ CEARA;;;0;;Queda;;;;Meio de Quadra;;;0;1;0;0;0;0;0;0;0;1;0;0;;
261514;27;2;2015;23:38;0;RUA MIN ALBUQUERQUE LIMA;;;387;;Colis?úo;;;;Meio de Quadra;;;0;1;1;0;0;0;0;0;0;1;0;0;-3,768551000000000;-38,607747000000000
264466;27;2;2015;09:18;0;RUA PERNAMBUCO;;;1725;;Colis?úo;Luz do Dia;;;Meio de Quadra;;;0;0;2;0;0;0;0;0;0;0;0;0;-3,756690000000000;-38,573147000000000
264467;27;2;2015;10:02;25883;RUA MOCA BONITA;RUA JOSE PARENTE D71;;0;;Colis?úo;Luz do Dia;;;;;;0;0;2;0;0;0;0;0;0;0;0;0;-3,813694000000000;-38,587033000000000
264468;27;2;2015;10:08;0;AV PRS CASTELO BRANCO;;;0;;Colis?úo;Luz do Dia;;;Meio de Quadra;;;0;0;2;0;0;0;0;0;0;0;0;0;;
264469;27;2;2015;10:45;1255;RUA ANTONIO AUGUSTO;RUA PDE LUIS FIGUEIRA;;0;;Colis?úo;Luz do Dia;;;Cruz;Pare;Residencial;0;0;2;0;0;0;0;0;0;0;0;0;-3,732470000000000;-38,514136000000000
264470;27;2;2015;10:48;0;RUA OSCAR ARARIPE;;;916;;Colis?úo;Luz do Dia;;;Meio de Quadra;;;0;0;2;0;0;0;0;0;0;0;0;0;-3,791104000000000;-38,599562000000000
264471;27;2;2015;11:39;0;AV CEL CARVALHO;;;117;;Colis?úo;Luz do Dia;;;Meio de Quadra;;;0;0;2;0;0;0;0;0;0;0;0;0;-3,703990000000000;-38,591414000000000