COD_ACIDENTE;DIA;MES;ANO;HORA;INTERSECAO;LOG1;LOG2;LOG3;NUMERO;REFERENCIA;NATUREZA;ILUMINACAO;TEMPO;SUPERFICIEPISTA;TIPOCRUZAMENTO;CONTROLETRAFEGO;USOSOLO;MORTOS;FERIDOS;ILESOS;AUTOMOVEL;ONIBUS;BICICLETA;CAMINHAO;MICROONIBUS;CICLOMOTOR;MOTOCICLETA;TRACAOANIMAL;TREM;LATITUDE;LONGITUDE
264472;27;2;2015;23:18;0;RUA 218 A CJ CEARA;;;0;;Colis?úo;;;;Meio de Quadra;;;0;0;2;0;0;0;0;0;0;0;0;0;;
264473;27;2;2015;23:19;10708;RUA PDE SA LEITAO;RUA MON HIPOLITO BRASIL;;0;;Colis?úo;;;;;;;0;0;2;0;0;0;0;0;0;0;0;0;-3,758489000000000;-38,579594000000000
253562;27;2;2015;13:45;0;RD BR 222;;;0;KM-02;Colis?úo Traseira;Luz do Dia;Bom;Seca;Meio de Quadra;N?úo H?í Controle;Comercial;0;0;3;1;0;0;0;0;0;0;0;0;-3,738951000000000;-38,586880000000000
260090;27;2;2015;02:48;1485;RUA PDE VALDEVINO;RUA ANTONIO AUGUSTO;;0;;Colis?úo;;;;Cruz;Pare;Comercial;0;0;2;0;0;0;0;0;0;0;0;0;-3,739239000000000;-38,516489000000000
260091;27;2;2015;10:33;0;RUA ANTONIO COSTA MENDES;;;0;;Colis?úo;Luz do Dia;;;Meio de Quadra;;;0;0;2;0;1;0;0;0;0;0;0;0;;
260092;27;2;2015;11:08;0;RUA CEL FRANCISCO PEREIRA (MESSEJANA);;;0;;Colis?úo;Luz do Dia;;;Meio de Quadra;;;0;0;2;0;0;0;1;0;0;0;0;0;;
260093;27;2;2015;17:48;0;AV OLIVEIRA PAIVA;;;0;;Colis?úo;Anoitecer;;;Meio de Quadra;;;0;0;2;0;0;0;1;0;0;0;0;0;;
264474;28;2;2015;00:55;0;AV DES MOREIRA;;;0;;Colis?úo;;;;Meio de Quadra;;;0;0;2;0;0;0;0;0;0;0;0;0;;
264475;28;2;2015;01:11;0;AV DA INDEPENDENCIA;;;754;;Colis?úo;;;;Meio de Quadra;;;0;0;2;0;0;0;0;0;0;0;0;0;-3,727984000000000;-38,587204000000000
264476;28;2;2015;04:43;0;AV PRS CASTELO BRANCO;;;2737;;Colis?úo;;;;Meio de Quadra;;;0;0;2;0;0;0;0;0;0;0;0;0;-3,712633000000000;-38,552246000000000
264477;28;2;2015;11:50;25062;AV DOS EXPEDICIONARIOS;RUA PDE AMBROSIO MACHADO;;0;;Colis?úo;Luz do Dia;;;Cruz;Pare;Misto;0;0;2;0;0;0;0;0;0;0;0;0;-3,760838000000000;-38,539946000000000
264478;28;2;2015;12:52;0;RUA CARLOS AMORA;;;152;;Colis?úo;Luz do Dia;;;Meio de Quadra;;;0;0;2;0;0;0;0;0;0;0;0;0;-3,775202000000000;-38,563642000000000
264479;28;2;2015;13:03;0;AV HEROIS DO ACRE;;;0;;Colis?úo;Luz do Dia;;;Meio de Quadra;;;0;0;2;0;0;0;0;0;0;0;0;0;;
264480;28;2;2015;13:08;3074;RUA 12 DE JULHO;RUA MARIA QUINTELA;;0;;Colis?úo;Luz do Dia;;;;;;0;0;2;0;0;0;0;0;0;0;0;0;-3,776106000000000;-38,585840000000000
264481;28;2;2015;13:10;0;AV GAL OSORIO DE PAIVA;;;4552;;Atropelamento;Luz do Dia;;;Meio de Quadra;;;0;0;2;0;0;0;0;0;0;0;0;0;-3,798729000000000;-38,596238000000000
264482;28;2;2015;13:31;0;RUA JAIME BENEVOLO;;;0;;Queda;Luz do Dia;;;Meio de Quadra;;;0;0;1;0;0;0;0;0;0;1;0;0;;
264483;28;2;2015;14:02;0;AV DOS EXPEDICIONARIOS;;;0;;Colis?úo;Luz do Dia;;;Meio de Quadra;;;0;0;2;0;0;0;0;0;0;0;0;0;;
264484;28;2;2015;15:31;0;RUA PDE PEDRO DE ALENCAR;;;0;;Colis?úo;Luz do Dia;;;Meio de Quadra;;;0;0;2;0;0;0;0;0;0;0;0;0;;
264485;28;2;2015;18:58;0;AV FRE CIRILO;;;1060;;Colis?úo;;;;Meio de Quadra;;;0;0;2;0;0;0;0;0;0;0;0;0;;
264486;28;2;2015;15:38;0;RUA FREDERICO SEVERO;;;36;;Colis?úo;Luz do Dia;;;Meio de Quadra;;;0;0;2;0;0;0;0;0;0;0;0;0;;
264487;28;2;2015;16:19;0;RUA JOAO FIRMINO;;;0;;Colis?úo;Luz do Dia;;;Meio de Quadra;;;0;0;2;0;0;0;0;0;0;0;0;0;;
264488;28;2;2015;16:20;0;AV PRS COSTA E SILVA;;;0;;Colis?úo;Luz do Dia;;;Meio de Quadra;;;0;0;2;0;0;0;0;0;0;0;0;0;;
264489;28;2;2015;16:23;0;AV PRS CASTELO BRANCO;;;0;;Colis?úo;Luz do Dia;;;Meio de Quadra;;;0;0;2;0;0;0;0;0;0;0;0;0;;
264490;28;2;2015;16:27;0;AV GENIBAU;;;0;;Colis?úo;Luz do Dia;;;Meio de Quadra;;;0;0;2;0;0;0;0;0;0;0;0;0;;
264491;28;2;2015;16:29;0;RUA AUDISIO PINHEIRO;;;0;;Colis?úo;Luz do Dia;;;Meio de Quadra;;;0;0;2;0;0;0;0;0;0;0;0;0;;
264492;28;2;2015;16:36;0;RUA REV BOLIVAR P BANDEIRA;;;377;;Colis?úo;Luz do Dia;;;Meio de Quadra;;;0;0;2;0;0;0;0;0;0;0;0;0;;
264493;28;2;2015;19:26;24909;RUA ROSINHA SAMPAIO;AV MOZART PINHEIRO DE LUCENA;;0;;Colis?úo;;;;Cruz;N?úo H?í Controle;Comercial;0;0;2;0;0;0;0;0;0;0;0;0;-3,724211000000000;-38,597432000000000
264494;28;2;2015;20:27;19179;AV SANTOS DUMONT;RUA JULIO AZEVEDO;;0;;Colis?úo;;;;;N?úo H?í Controle;Comercial;0;0;2;0;0;0;0;0;0;0;0;0;-3,741662000000000;-38,481471000000000
264495;28;2;2015;20:30;0;RUA PRO JOSE SILVEIRA;;;4634;;Colis?úo;;;;Meio de Quadra;;;0;0;2;0;0;0;0;0;0;0;0;0;;
264496;28;2;2015;21:55;0;RUA ANTONIO FIUZA;;;0;;Colis?úo;;;;Meio de Quadra;;;0;0;2;0;0;0;0;0;0;0;0;0;;
264497;28;2;2015;22:00;8652;AV EDILSON B SOARES;RUA MARIO ALENCAR ARARIPE;;0;;Colis?úo;;;;T;Sem?íforo;Escola;0;0;2;0;0;0;0;0;0;0;0;0;-3,789298000000000;-38,478792000000000
264498;28;2;2015;22:03;0;AV GAL OSORIO DE PAIVA;;;0;;Atropelamento de Animal;;;;Meio de Quadra;;;0;0;2;0;0;0;0;0;0;0;0;0;;
264499;28;2;2015;22:15;0;RUA JOSE MENDONCA;;;1044;;Colis?úo;;;;Meio de Quadra;;;0;0;2;0;0;0;0;0;0;0;0;0;-3,754573000000000;-38,601711000000000
264500;28;2;2015;22:17;0;RUA MIRTYL MEYER;;;157;;Colis?úo;;;;Meio de Quadra;;;0;0;2;0;0;0;0;0;0;0;0;0;;
264501;28;2;2015;22:19;0;RUA ANA BILHAR;;;1133;;Colis?úo;;;;Meio de Quadra;;;0;0;2;0;0;0;0;0;0;0;0;0;-3,731331000000000;-38,489915000000000
264502;28;2;2015;22:26;0;AV EDUARDO GIRAO;;;0;;Colis?úo;;;;Meio de Quadra;;;0;0;2;0;0;0;0;0;0;0;0;0;;
264503;28;2;2015;23:11;0;AV VIENA WEYNE;;;314;;Colis?úo;;;;Meio de Quadra;;;0;0;2;0;0;0;0;0;0;0;0;0;-3,801069000000000;-38,491456000000000
261515;28;2;2015;00:35;0;AV GAL OSORIO DE PAIVA;;;0;;Colis?úo;;;;Meio de Quadra;;;0;1;1;1;0;0;0;0;0;1;0;0;;
261517;28;2;2015;01:18;0;AV ROGACIANO LEITE;;;0;;Queda;;;;Meio de Quadra;;;0;1;0;0;0;0;0;0;0;1;0;0;-3,758927000000000;-38,491845000000000
261518;28;2;2015;06:49;0;AV AUGUSTO DOS ANJOS;;;2038;;Atropelamento;Luz do Dia;;;Meio de Quadra;;;0;1;1;0;0;0;0;0;0;0;0;0;-3,783375000000000;-38,581949000000000
261519;28;2;2015;07:26;0;RUA GERMANO FRANCK;;;0;;Colis?úo;Luz do Dia;;;Meio de Quadra;;;0;1;1;0;0;0;0;0;0;0;0;0;-3,777750000000000;-38,562610000000000
261521;28;2;2015;07:33;0;AV GAL OSORIO DE PAIVA;;;0;;Atropelamento;Luz do Dia;;;Meio de Quadra;;;0;1;1;0;0;0;0;0;0;1;0;0;-3,817371000000000;-38,614329000000000
261534;28;2;2015;11:23;0;AV FRANCISCO SA;;;0;;Queda;Luz do Dia;;;Meio de Quadra;;;0;1;0;0;0;1;0;0;0;0;0;0;;
261535;28;2;2015;12:10;0;AV GODOFREDO MACIEL;;;0;;Colis?úo;Luz do Dia;;;Meio de Quadra;;;0;1;1;0;0;0;0;0;0;0;0;0;-3,800964000000000;-38,571327000000000
261537;28;2;2015;15:51;0;AV PRS JUSCELINO KUBITSCHEK (PASSAR?ë);;;3561;;Colis?úo;Luz do Dia;;;Meio de Quadra;;;0;1;1;1;0;0;0;0;0;1;0;0;-3,812635000000000;-38,528985000000000
261538;28;2;2015;14:29;0;AV SEN CARLOS JEREISSATI (AEROPORTO);;;0;;Colis?úo;Luz do Dia;;;Meio de Quadra;;;0;1;1;1;0;0;0;0;0;1;0;0;;
261540;28;2;2015;15:56;0;RUA RIO GRANDE DO NORTE;;;0;;Queda;Luz do Dia;;;Meio de Quadra;;;0;1;0;0;0;0;0;0;0;1;0;0;;
261542;28;2;2015;16:02;0;RUA ULISSES MAGALHAES;;;0;;Colis?úo;Luz do Dia;;;Meio de Quadra;;;0;1;1;0;0;0;0;0;0;0;0;0;;
261543;28;2;2015;16:06;5051;RUA SEN JAGUARIBE;RUA SEN POMPEU;;0;;Colis?úo;Luz do Dia;;;Cruz;Pare;Comercial;0;1;1;0;0;0;0;0;0;0;0;0;-3,721667000000000;-38,528055000000000
261546;28;2;2015;16:12;0;AV SEN FERNANDES TAVORA;;;0;;Queda;Luz do Dia;;;Meio de Quadra;;;0;1;0;0;0;0;0;0;0;1;0;0;;
261567;28;2;2015;22:03;20042;AV ALBERTO CRAVEIRO;AV PRS JUSCELINO KUBITSCHEK (PASSAR?ë);;0;;Colis?úo;;;;;;;0;1;1;1;0;0;0;0;0;1;0;0;-3,807229000000000;-38,524782000000000
261569;28;2;2015;22:29;0;AV MACIEL BEZERRA;;;1610;;Atropelamento;;;;Meio de Quadra;;;0;1;1;0;0;0;0;0;0;1;0;0;-3,804994000000000;-38,629447000000000
261570;28;2;2015;23:02;0;TR VIANA WEYNE;;;0;;Colis?úo;;;;Meio de Quadra;;;0;1;1;1;0;0;0;0;0;0;0;0;;
261571;28;2;2015;23:05;0;RUA PRO HERIBALDO COSTA;;;0;;Colis?úo;;;;Meio de Quadra;;;0;1;1;1;0;0;0;0;0;1;0;0;;
261557;28;2;2015;16:45;0;AV PRO GOMES DE MATOS;;;0;;Colis?úo;Luz do Dia;;;Meio de Quadra;;;0;1;1;0;0;0;0;0;0;0;0;0;;
261559;28;2;2015;18:22;0;RUA JOSE BUSON;;;0;;Colis?úo;Anoitecer;;;Meio de Quadra;;;0;1;1;1;0;0;0;0;0;1;0;0;;
261561;28;2;2015;18:41;0;RUA CON DE CASTRO;;;0;;Atropelamento;;;;Meio de Quadra;;;0;1;1;0;0;0;0;0;0;1;0;0;-3,792597000000000;-38,580454000000000
261563;28;2;2015;19:18;24908;RUA PEDRO SAMPAIO;RUA ANTONIO ARRUDA;;0;;Colis?úo;;;;Cruz;Pare;Residencial;0;1;1;1;0;0;0;0;0;1;0;0;-3,724119000000000;-38,595168000000000
261564;28;2;2015;20:29;0;AV SGT HERMINIO SAMPAIO;;;0;;Colis?úo;;;;Meio de Quadra;;;0;1;0;1;0;0;0;0;0;1;0;0;-3,731601000000000;-38,579457000000000
261565;28;2;2015;21:48;0;AV PERIMETRAL;;;772;PRACA DO HENRIQUE JORGE;Atropelamento;;;;;;;0;1;1;0;0;0;0;0;0;1;0;0;;
257460;28;2;2015;21:44;22155;RUA PAPI JUNIOR;RUA ALEXANDRE BARAUNA;;0;;Colis?úo;;;;Cruz;Pare;Comercial;0;1;1;1;0;0;0;0;0;1;0;0;-3,747022000000000;-38,552760000000000
257354;28;2;2015;11:30;19377;RUA GERMANO FRANCK;RUA EDUARDO PERDIGAO;;0;;Colis?úo;Luz do Dia;;;Cruz;Sem?íforo;Residencial;0;1;0;1;0;0;0;0;0;1;0;0;-3,777704000000000;-38,562542000000000
258821;28;2;2015;09:00;0;RD CE-040;;;0;KM-06;Colis?úo;Luz do Dia;Bom;Seca;Meio de Quadra;N?úo H?í Controle;Comercial;0;0;2;1;0;0;0;0;0;0;0;0;-3,811270000000000;-38,478781000000000
258818;28;2;2015;00:05;0;RD CE-040;;;0;KM-08;Atropelamento;Via Iluminada;Bom;Seca;Meio de Quadra;N?úo H?í Controle;Comercial;0;1;1;0;0;0;0;0;0;0;0;0;-3,823332000000000;-38,481317000000000
258819;28;2;2015;07:45;0;RD CE-065;;;0;;Atropelamento;Luz do Dia;Bom;Seca;Meio de Quadra;N?úo H?í Controle;Comercial;0;2;0;0;0;0;0;0;0;1;0;0;;
258823;28;2;2015;15:20;0;RD CE-040;;;0;KM-05;Colis?úo;Luz do Dia;Bom;Seca;Meio de Quadra;N?úo H?í Controle;Comercial;0;1;1;1;0;0;0;0;0;1;0;0;-3,790876000000000;-38,480349000000000
258824;28;2;2015;16:30;0;RD CE-060;;;0;KM-03;Colis?úo;Luz do Dia;Bom;Seca;Meio de Quadra;N?úo H?í Controle;Comercial;0;1;1;1;0;0;0;0;0;1;0;0;-3,836637000000000;-38,582776000000000
249159;28;2;2015;07:00;1282;AV SANTOS DUMONT;AV BAR STUDART;;0;;Colis?úo Transversal;;Nublado;Seca;Cruz;Sem?íforo;Comercial;0;0;2;1;0;0;0;0;0;0;0;0;-3,733642000000000;-38,506304000000000
249160;28;2;2015;18:15;22878;RUA VITORIANO BORGES;RUA PERU;;0;;Colis?úo Lateral;Via Iluminada;Nublado;Seca;T;;Outros;0;0;2;1;0;0;0;0;0;0;0;0;-3,780765000000000;-38,553716000000000
249161;28;2;2015;19:45;0;RUA LONDRINA;;;149;;Choque c/ Obst?ículo Fixo;N?úo Iluminada;Nublado;Seca;Meio de Quadra;N?úo H?í Controle;Residencial;0;1;0;0;0;0;0;0;0;0;0;0;-3,783610000000000;-38,594072000000000
249154;28;2;2015;07:30;0;RUA AVILA GOULART;;;37;;Choque c/ Obst?ículo Fixo;Luz do Dia;Chuva;Seca;Meio de Quadra;;Residencial;0;0;2;1;0;0;1;0;0;0;0;0;;
249151;28;2;2015;13:40;0;AV SEN CARLOS JEREISSATI (AEROPORTO);;;3000;AEROPORTO;Colis?úo Traseira;Luz do Dia;Nublado;Seca;Meio de Quadra;N?úo H?í Controle;Outros;0;0;2;1;0;0;0;0;0;0;0;0;-3,780382000000000;-38,541414000000000
249147;28;2;2015;13:30;1375;AV SANTOS DUMONT;RUA BARBOSA DE FREITAS;;0;;Outros;Luz do Dia;Bom;Seca;Cruz;Sem?íforo;Comercial;0;0;2;1;1;0;0;0;0;0;0;0;-3,736551000000000;-38,497363000000000
249148;28;2;2015;13:00;0;AV PRS COSTA E SILVA;;;0;MOTEL3000;Colis?úo Lateral;Luz do Dia;Nublado;Seca;Meio de Quadra;Sem?íforo;Residencial;0;0;2;1;0;0;0;0;0;0;0;0;;
249149;28;2;2015;01:00;24257;RUA MANUEL JESUINO;RUA TAVARES COUTINHO;;0;;Colis?úo Transversal;Via Iluminada;Bom;Seca;Cruz;Sem?íforo;Residencial;0;1;1;1;0;0;0;0;0;1;0;0;-3,732500000000000;-38,484965000000000
249144;28;2;2015;09:00;15334;RUA CANUTO DE AGUIAR;RUA VICENTE LEITE;;0;;Outros;Luz do Dia;Chuva;Seca;Cruz;N?úo H?í Controle;Residencial;0;0;1;1;0;0;0;0;0;0;0;0;-3,731247000000000;-38,493529000000000
249140;28;2;2015;13:30;13408;AV ANTONIO SALES;RUA BAR ARACATI;;0;;Colis?úo Lateral;Luz do Dia;Nublado;Seca;Cruz;Pare;Comercial;0;1;1;1;0;0;0;0;0;1;0;0;-3,741563000000000;-38,514894000000000
249141;28;2;2015;00:35;1246;AV SANTOS DUMONT;RUA BAR ARACATI;;0;;Capotamento;Via Iluminada;Bom;Seca;Cruz;Sem?íforo;Residencial;0;0;2;1;0;0;0;0;0;0;0;0;-3,731909000000000;-38,511618000000000
257353;28;2;2015;00:30;3779;RUA ANTONIO POMPEU;RUA VINTE E QUATRO DE MAIO;;0;;Colis?úo;;;;Cruz;Pare;Comercial;0;1;0;0;0;0;0;0;0;1;0;0;-3,733667000000000;-38,534186000000000
260462;28;2;2015;21:12;0;AV SEN VIRGILIO TAVORA;;;511;;Colis?úo;;;;Meio de Quadra;;;0;0;2;1;0;0;0;0;0;0;0;0;-3,732786000000000;-38,491856000000000
249122;28;2;2015;12:35;9176;AV AGUANAMBI;AV EDUARDO GIRAO;;0;;Colis?úo Lateral;;Bom;Seca;Rotat??ria;;Comercial;0;0;2;1;0;0;0;0;0;0;0;0;-3,755303000000000;-38,523639000000000
249123;28;2;2015;15:30;25142;AV BORGES DE MELO;RUA JOAO ARARIPE;;0;;Colis?úo Transversal;Luz do Dia;Bom;Seca;Cruz;Sem?íforo;Comercial;0;0;2;0;0;0;0;0;1;0;0;0;-3,758147000000000;-38,532143000000000
249124;28;2;2015;17:10;3768;AV DOMINGOS OLIMPIO;AV TRISTAO GONCALVES;;0;;Colis?úo Lateral;Luz do Dia;Bom;Seca;Cruz;Sem?íforo;Comercial;0;0;2;1;1;0;0;0;0;0;0;0;-3,735133000000000;-38,535613000000000
249125;28;2;2015;07:40;25231;AV PRS COSTA E SILVA;AV I CJ JOSE WALTER;;0;;Colis?úo Traseira;Luz do Dia;Nublado;Seca;T;Outros;Residencial;0;1;1;1;0;0;0;0;0;1;0;0;-3,823494000000000;-38,550232000000000
249127;28;2;2015;07:40;1572;AV DES MOREIRA;RUA VICENTE LINHARES;;0;;Colis?úo Lateral;;Nublado;;Cruz;Sem?íforo;;0;1;1;1;0;0;0;0;0;1;0;0;-3,742153000000000;-38,500253000000000
249132;28;2;2015;13:50;20042;AV DEP PAULINO ROCHA;AV PRS JUSCELINO KUBITSCHEK (PASSAR?ë);;0;;Colis?úo Traseira;Luz do Dia;Nublado;Seca;Rotat??ria;Outros;Residencial;0;0;2;1;0;0;1;0;0;0;0;0;-3,807229000000000;-38,524782000000000
249129;28;2;2015;12:00;1507;RUA BAR ARACATI;RUA PDE VALDEVINO;;0;;Colis?úo Traseira;Luz do Dia;Chuva;Seca;Cruz;Pare;Comercial;0;0;2;1;0;0;0;0;0;0;0;0;-3,739898000000000;-38,514377000000000
249130;28;2;2015;07:20;4975;AV ALBERTO CRAVEIRO;RUA SAO SEBASTIAO D62;;0;;Colis?úo Lateral;Luz do Dia;Bom;Seca;T;Pare;Misto;0;1;1;1;0;0;0;0;0;1;0;0;-3,794533000000000;-38,517904000000000
249118;28;2;2015;12:30;1246;RUA BAR ARACATI;AV SANTOS DUMONT;;0;;Colis?úo Transversal;Luz do Dia;Chuva;Molhada;Cruz;Pare;Comercial;0;0;2;1;0;0;0;0;0;0;0;0;-3,731909000000000;-38,511618000000000
249136;28;2;2015;13:30;0;AV DR SILAS MUNGUBA;;;0;;Colis?úo Traseira;;Bom;;Meio de Quadra;;;0;0;3;1;0;0;0;0;0;0;0;0;;
249134;28;2;2015;16:25;3768;AV TRISTAO GONCALVES;AV DOMINGOS OLIMPIO;;0;;Colis?úo Lateral;Luz do Dia;Nublado;Seca;Cruz;Sem?íforo;Comercial;0;0;2;1;1;0;0;0;0;0;0;0;-3,735133000000000;-38,535613000000000
259763;1;3;2015;23:35;0;AV CEL CARVALHO;RUA FENELON BOMILCAR;;0;;Colis?úo;;;;;;;0;0;2;1;0;0;0;0;0;0;0;0;;
259722;1;3;2015;09:21;0;RUA MARTINS NETO;;;0;;Outros;Luz do Dia;;;Meio de Quadra;;;0;0;2;0;0;0;0;0;0;0;0;0;;
259758;1;3;2015;00:22;0;AV DOMINGOS OLIMPIO;;;0;;Colis?úo;;;;Meio de Quadra;;;0;0;2;1;1;0;0;0;0;0;0;0;;
264570;1;3;2015;21:07;9229;RUA MON LIBERATO;RUA MARIO MAMEDE;;0;;Colis?úo;;;;Cruz;Pare;Outros;0;0;2;0;0;0;0;0;0;0;0;0;-3,749814000000000;-38,530817000000000
264574;1;3;2015;21:48;20042;AV ALBERTO CRAVEIRO;AV DR SILAS MUNGUBA;;0;;Colis?úo;;;;;;;0;0;2;0;0;0;0;0;0;0;0;0;-3,807229000000000;-38,524782000000000
264577;1;3;2015;22:06;0;RUA PEDESTRE III;;;420;;Atropelamento;;;;Meio de Quadra;;;0;0;2;0;0;0;0;0;0;0;0;0;;
258547;1;3;2015;20:00;0;RD BR 020;;;429;;Choque c/ Obst?ículo Fixo;Luz do Dia;Bom;Seca;Meio de Quadra;;Misto;0;1;0;0;0;0;0;0;0;1;0;0;;
258539;1;3;2015;17:30;0;RD BR 116;;;7000;KM-07;Colis?úo Traseira;Anoitecer;Nublado;Seca;Meio de Quadra;;;0;2;1;0;0;0;1;0;0;0;0;0;-3,813246000000000;-38,501101000000000
260339;1;3;2015;13:33;0;RUA PDE FRANCISCO PITA;;;0;;Atropelamento;Luz do Dia;;;Meio de Quadra;;;0;1;1;1;0;0;0;0;0;0;0;0;;
260391;1;3;2015;22:26;0;AV GAL OSORIO DE PAIVA;;;0;;Queda;;;;Meio de Quadra;;;0;1;0;0;0;0;0;0;0;1;0;0;;
260388;1;3;2015;21:43;0;AV PERIMETRAL;;;21;JOSE WALTER;Colis?úo;;;;;;;0;0;2;1;0;0;0;0;0;1;0;0;-3,823385000000000;-38,550647000000000
260389;1;3;2015;21:54;0;AV G CJ JOSE WALTER;;;0;;Colis?úo;;;;Meio de Quadra;;;0;1;1;1;0;0;0;0;0;1;0;0;;
260386;1;3;2015;21:42;0;AV ENG HUMBERTO MONTE;;;0;;Colis?úo;;;;Meio de Quadra;;;0;1;0;0;0;0;0;0;0;0;0;0;;
260384;1;3;2015;21:28;0;RUA DEP MATOSO FILHO;AV CEL CARVALHO;;0;;Colis?úo;;;;;;;0;1;1;0;0;0;0;0;0;1;0;0;;
260366;1;3;2015;;0;AV RAD JOSE LIMA VERDE;;;0;;Colis?úo;;;;Meio de Quadra;;;0;1;1;1;0;0;0;0;0;1;0;0;;
260249;1;3;2015;00:30;0;RUA MARIA JULIA;;;0;;Colis?úo;;;;;;;0;1;1;1;0;0;0;0;0;1;0;0;-3,793613000000000;-38,600273000000000
260347;1;3;2015;21:23;0;AV 20 DE JANEIRO;;;0;;Colis?úo;;;;Meio de Quadra;;;0;1;1;1;0;0;0;0;0;1;0;0;-3,705062000000000;-38,582535000000000
260345;1;3;2015;15:20;0;RUA CARAMURU D45 (ITAPERI);;;0;;Queda;Luz do Dia;;;Meio de Quadra;;;0;1;0;0;0;1;0;0;0;0;0;0;-3,788959000000000;-38,541101000000000
260328;1;3;2015;09:43;0;AV DR SILAS MUNGUBA;;;3915;;Colis?úo;Luz do Dia;;;Meio de Quadra;;;0;1;1;1;0;0;0;0;0;1;0;0;-3,790876000000000;-38,538874000000000
260334;1;3;2015;11:27;0;AV AUGUSTO DOS ANJOS;;;0;;Colis?úo;Luz do Dia;;;Meio de Quadra;;;0;1;1;0;0;0;0;0;0;0;0;0;-3,775063000000000;-38,574648000000000
260342;1;3;2015;14:31;0;AV AGUANAMBI;;;0;;Queda;Luz do Dia;;;Meio de Quadra;;;0;1;1;1;0;0;0;0;0;1;0;0;-3,746548000000000;-38,525056000000000
260319;1;3;2015;07:53;0;RUA DNA LUCIA PINHEIRO (QUINTINO CUNHA);;;0;;Queda;Luz do Dia;;;Meio de Quadra;;;0;1;0;0;0;0;0;0;0;1;0;0;;
260331;1;3;2015;11:17;1416;RUA MARIA TOMASIA;RUA CEL JUCA;;0;;Atropelamento;Luz do Dia;;;Cruz;Pare;Residencial;0;1;1;1;0;0;0;0;0;0;0;0;-3,737434000000000;-38,491207000000000
260305;1;3;2015;05:34;9612;RUA SGT JOAO PINHEIRO;RUA OSCAR ARARIPE;;0;;Colis?úo;Amanhecer;;;Cruz;Pare;Comercial;0;1;1;1;0;0;0;0;0;1;0;0;-3,783833000000000;-38,623073000000000
249206;1;3;2015;13:30;13602;AV ROGACIANO LEITE;AV GAL MURILO BORGES;;0;;Colis?úo Traseira;Luz do Dia;Bom;Seca;;Sem?íforo;Comercial;0;0;2;1;0;0;0;0;0;0;0;0;-3,767788000000000;-38,496968000000000
249208;1;3;2015;21:30;22117;RUA PRO COSTA MENDES;RUA PAPI JUNIOR;;0;;Colis?úo Lateral;Via Iluminada;Bom;Seca;Cruz;Pare;Residencial;0;1;1;1;0;0;0;0;0;1;0;0;-3,748342000000000;-38,553931000000000
249211;1;3;2015;15:00;15289;AV DES MOREIRA;RUA ANA BILHAR;;0;;Colis?úo Transversal;Luz do Dia;Bom;Seca;Cruz;Sem?íforo;Comercial;0;0;2;1;0;0;0;0;0;0;0;0;-3,729331000000000;-38,496113000000000
249214;1;3;2015;07:00;0;AV VICENTE DE CASTRO;;;4521;;Atropelamento;Luz do Dia;Bom;Seca;Meio de Quadra;N?úo H?í Controle;Misto;0;1;1;1;0;0;0;0;0;0;0;0;-3,720186000000000;-38,476646000000000
249215;1;3;2015;14:20;3809;AV CARAPINIMA;RUA PDE FRANCISCO PINTO;;0;;Colis?úo Traseira;Luz do Dia;Bom;Seca;Cruz;Sem?íforo;Residencial;0;0;2;0;1;0;0;0;0;0;0;0;-3,741723000000000;-38,541958000000000
249216;1;3;2015;19:30;0;RUA 64 CJ JOSE WALTER;;;121;;Colis?úo Traseira;Mal Iluminada;Bom;Seca;Meio de Quadra;N?úo H?í Controle;Comercial;0;1;1;1;0;0;0;0;0;1;0;0;-3,838061000000000;-38,558938000000000
249217;1;3;2015;08:35;1519;RUA PDE VALDEVINO;RUA CARLOS VASCONCELOS;;0;;Colis?úo Transversal;Luz do Dia;Bom;Seca;Cruz;Sem?íforo;Comercial;0;0;2;1;0;0;0;0;0;0;0;0;-3,740277000000000;-38,513190000000000
249219;1;3;2015;23:30;0;RUA PDE PERDIGAO SAMPAIO;;;652;;Colis?úo Traseira;Via Iluminada;Bom;Seca;Meio de Quadra;N?úo H?í Controle;Residencial;0;1;1;0;1;0;0;0;0;1;0;0;-3,742336000000000;-38,594318000000000
249220;1;3;2015;16:15;7992;AV JOAO PESSOA;RUA ANA NERY;;0;;Colis?úo Transversal;Luz do Dia;Bom;Seca;Cruz;Pare;Comercial;0;0;2;1;1;0;0;0;0;0;0;0;-3,749460000000000;-38,546781000000000
249221;1;3;2015;15:30;0;RUA PEDRO LAZAR;;;1277;;Colis?úo Lateral;Luz do Dia;Bom;Seca;Meio de Quadra;N?úo H?í Controle;Residencial;0;1;1;1;0;0;0;0;0;1;0;0;;
249222;1;3;2015;20:00;20023;AV DR SILAS MUNGUBA;AV HEROIS DO ACRE;;0;;Colis?úo Traseira;Via Iluminada;Bom;Seca;Cruz;Sem?íforo;Misto;0;1;1;1;0;0;0;0;0;1;0;0;-3,803079000000000;-38,528540000000000
249224;1;3;2015;06:17;15189;AV ABOLICAO;RUA FRE MANSUETO;;0;;Colis?úo Traseira;Luz do Dia;Bom;Seca;Cruz;Sem?íforo;Misto;0;0;2;1;0;0;0;0;0;0;0;0;-3,726368000000000;-38,489324000000000
249225;1;3;2015;07:41;0;AV BEIRA MAR;;;872;;Colis?úo Transversal;Luz do Dia;Bom;Seca;Meio de Quadra;N?úo H?í Controle;Misto;0;0;2;1;0;0;1;0;0;0;0;0;-3,720242000000000;-38,511491000000000