COD_ACIDENTE;DIA;MES;ANO;HORA;INTERSECAO;LOG1;LOG2;LOG3;NUMERO;REFERENCIA;NATUREZA;ILUMINACAO;TEMPO;SUPERFICIEPISTA;TIPOCRUZAMENTO;CONTROLETRAFEGO;USOSOLO;MORTOS;FERIDOS;ILESOS;AUTOMOVEL;ONIBUS;BICICLETA;CAMINHAO;MICROONIBUS;CICLOMOTOR;MOTOCICLETA;TRACAOANIMAL;TREM;LATITUDE;LONGITUDE
249226;1;3;2015;18:30;15194;RUA DEP MOREIRA DA ROCHA;RUA ILDEFONSO ALBANO;;0;;Colis?úo Lateral;Via Iluminada;Bom;Seca;Cruz;Pare;Residencial;0;1;1;1;0;0;0;0;0;1;0;0;-3,726480000000000;-38,511072000000000
249227;1;3;2015;14:00;8025;AV JOAO PESSOA;RUA PRO COSTA MENDES;;0;;Colis?úo Traseira;Luz do Dia;Bom;Seca;Cruz;Sem?íforo;Misto;0;0;2;1;0;0;0;0;0;0;0;0;-3,752393000000000;-38,549441000000000
249228;1;3;2015;13:45;25007;AV JOAO PESSOA;RUA ROMEU MARTINS;;0;;Colis?úo Transversal;Luz do Dia;Bom;Seca;T;Pare;Misto;0;0;2;0;1;0;0;1;0;0;0;0;-3,762774000000000;-38,557972000000000
249232;1;3;2015;13:20;0;AV ENG SANTANA JUNIOR;;;2277;;Colis?úo Traseira;Luz do Dia;Bom;Seca;Meio de Quadra;Sem?íforo;Comercial;0;0;2;1;0;0;0;0;0;0;0;0;-3,742741000000000;-38,486614000000000
249233;1;3;2015;18:00;0;RUA PRO EDGAR DE ARRUDA;;;1057;;Colis?úo Lateral;Via Iluminada;Bom;Seca;Meio de Quadra;Pare;Residencial;0;2;0;1;0;0;0;0;0;0;0;0;-3,758411000000000;-38,584459000000000
249234;1;3;2015;07:15;7633;AV CARNEIRO DE MENDONCA;RUA RIO GRANDE DO SUL;;0;;Colis?úo Transversal;Luz do Dia;Bom;Seca;Cruz;Sem?íforo;Comercial;0;0;2;1;0;0;0;0;0;0;0;0;-3,762374000000000;-38,570011000000000
249235;1;3;2015;12:40;19328;RUA EDUARDO PERDIGAO;RUA CON DE CASTRO;;0;;Colis?úo Transversal;Luz do Dia;Bom;Seca;Cruz;Pare;Comercial;0;0;2;1;0;0;0;0;0;1;0;0;-3,775579000000000;-38,564769000000000
249236;1;3;2015;19:10;1219;RUA JOAO CORDEIRO;RUA COSTA BARROS;;0;;Colis?úo Transversal;Via Iluminada;Bom;Seca;Cruz;Sem?íforo;Misto;0;1;1;1;0;0;0;0;0;1;0;0;-3,729449000000000;-38,514331000000000
249238;1;3;2015;19:00;11057;AV DR SILAS MUNGUBA;AV DOS EXPEDICIONARIOS;;0;;Colis?úo Lateral;Via Iluminada;Bom;Seca;Cruz;Sem?íforo;Comercial;0;0;2;1;0;0;0;0;0;0;0;0;-3,787538000000000;-38,547960000000000
249230;1;3;2015;10:00;19269;RUA PRO GOMES BRASIL;RUA MARACANA;;0;;Colis?úo Lateral;Luz do Dia;Bom;Seca;Rotat??ria;Outros;Misto;0;0;2;1;0;0;0;0;0;0;0;0;-3,772840000000000;-38,568438000000000
258721;1;3;2015;21:30;0;RD CE-065;;;0;KM-02;Colis?úo Traseira;Via Iluminada;;Seca;Meio de Quadra;;;0;1;1;0;0;0;0;0;0;1;0;0;;
264504;1;3;2015;00:07;5364;RUA GAL CLARINDO DE QUEIROZ;AV TRISTAO GONCALVES;;0;;Colis?úo;;;;Cruz;N?úo H?í Controle;Comercial;0;0;2;0;0;0;0;0;0;0;0;0;-3,731314000000000;-38,534472000000000
264505;1;3;2015;00:23;0;AV JOAO DE ARAUJO LIMA;;;1481;;Colis?úo;;;;Meio de Quadra;;;0;0;2;0;0;0;0;0;0;0;0;0;;
264506;1;3;2015;02:18;0;AV JOSE LEON;;;1118;;Colis?úo;;;;Meio de Quadra;;;0;0;2;0;0;0;0;0;0;0;0;0;-3,787811000000000;-38,501846000000000
264507;1;3;2015;02:20;0;AV 13 DE MAIO;;;0;;Choque c/ Obst?ículo Fixo;;;;Meio de Quadra;;;0;0;1;0;0;0;0;0;0;0;0;0;;
264508;1;3;2015;02:22;0;RUA DOS MARINHEIROS;;;539;;Atropelamento;;;;Meio de Quadra;;;0;0;2;0;0;0;0;0;0;0;0;0;-3,843106000000000;-38,563338000000000
264509;1;3;2015;03:02;10302;AV SEN FERNANDES TAVORA;RUA PERILIO TEIXEIRA;;0;;Colis?úo;;;;Cruz;Pare;Comercial;0;0;2;0;0;0;0;0;0;0;0;0;-3,754628000000000;-38,600984000000000
264510;1;3;2015;07:25;0;AV DOS EXPEDICIONARIOS;;;0;;Choque c/ Obst?ículo Fixo;Luz do Dia;;;Meio de Quadra;;;0;0;1;0;0;0;0;0;0;0;0;0;;
264511;1;3;2015;10:25;0;RUA PRO GOMES BRASIL;;;0;;Colis?úo;Luz do Dia;;;Meio de Quadra;;;0;0;2;0;0;0;0;0;0;0;0;0;;
264519;1;3;2015;10:39;0;RUA 1 UI 308;;;994;;Choque c/ Obst?ículo Fixo;Luz do Dia;;;Meio de Quadra;;;0;0;1;0;0;0;0;0;0;0;0;0;;
264521;1;3;2015;10:41;15423;AV FRE CIRILO;RUA SILVEIRA DA MOTA;;0;;Colis?úo;Luz do Dia;;;Cruz;Pare;Comercial;0;0;2;0;0;0;0;0;0;0;0;0;-3,815944000000000;-38,498012000000000
264523;1;3;2015;10:57;0;AV FRANCISCO SA;;;7540;;Colis?úo;Luz do Dia;;;Meio de Quadra;;;0;0;2;0;0;0;0;0;0;0;0;0;-3,706398000000000;-38,586029000000000
264526;1;3;2015;11:01;0;RUA CEL FABRICIANO;;;784;;Colis?úo;Luz do Dia;;;Meio de Quadra;;;0;0;2;0;0;0;0;0;0;0;0;0;-3,785405000000000;-38,598485000000000
264529;1;3;2015;11:11;0;RUA JOSE HIPOLITO;;;1099;;Colis?úo;Luz do Dia;;;Meio de Quadra;;;0;0;2;0;0;0;0;0;0;0;0;0;-3,835606000000000;-38,486344000000000
264532;1;3;2015;11:42;0;RUA PDE PEDRO DE ALENCAR;;;31;;Colis?úo;Luz do Dia;;;Meio de Quadra;;;0;0;2;0;0;0;0;0;0;0;0;0;;
264537;1;3;2015;13:46;0;AV JOR THOMAZ COELHO;;;2583;;Colis?úo;Luz do Dia;;;Meio de Quadra;;;0;0;2;0;0;0;0;0;0;0;0;0;-3,828331000000000;-38,518914000000000
264538;1;3;2015;14:21;5709;AV OLIVEIRA PAIVA;AV DES GONZAGA;;0;;Colis?úo;Luz do Dia;;;Cruz;Sem?íforo;Lazer;0;0;2;0;0;0;0;0;0;0;0;0;-3,797165000000000;-38,499953000000000
264543;1;3;2015;14:51;0;RUA ANTONIO FIUZA;;;18;;Colis?úo;Luz do Dia;;;Meio de Quadra;;;0;0;2;0;0;0;0;0;0;0;0;0;;
264545;1;3;2015;17:18;0;AV SEN FERNANDES TAVORA;;;681;;Colis?úo;Anoitecer;;;Meio de Quadra;;;0;0;2;0;0;0;0;0;0;0;0;0;-3,763870000000000;-38,579003000000000
264548;1;3;2015;18:44;0;AV J CJ CEARA;;;0;;Colis?úo;;;;Meio de Quadra;;;0;0;2;0;0;0;0;0;0;0;0;0;;
264554;1;3;2015;18:47;5777;RUA JOSE A CAVALCANTE;RUA CHICO LEMOS;;0;;Atropelamento;;;;Cruz;;Residencial;0;0;2;0;0;0;0;0;0;0;0;0;-3,790905000000000;-38,499317000000000
264562;1;3;2015;18:49;2830;AV GAL OSORIO DE PAIVA;RUA OSCAR FRANCA;;0;;Colis?úo;;;;T;Sem?íforo;Residencial;0;0;2;0;0;0;0;0;0;0;0;0;-3,794473000000000;-38,592113000000000
264563;1;3;2015;19:20;6745;RUA BENTO ALBUQUERQUE;RUA PRO OTAVIO LOBO;;0;;Colis?úo;;;;Cruz;Sem?íforo;Residencial;0;0;2;0;0;0;0;0;0;0;0;0;-3,745035000000000;-38,479196000000000
264568;1;3;2015;21:04;0;RUA HUMBERTO LOMEU;;;1485;;Colis?úo;;;;Meio de Quadra;;;0;0;2;0;0;0;0;0;0;0;0;0;;
264565;1;3;2015;20:00;20269;AV PRS JUSCELINO KUBITSCHEK (PASSAR?ë);RUA ELDORADO;;0;;Colis?úo;;;;Cruz;Sem?íforo;Comercial;0;0;2;0;0;0;0;0;0;0;0;0;-3,816307000000000;-38,531633000000000
257463;2;3;2015;23:30;0;AV PRS COSTA E SILVA;;;3555;;Colis?úo;;;;Meio de Quadra;;;0;1;0;0;1;0;0;0;0;1;0;0;;
249303;2;3;2015;09:00;0;RUA OSCAR PEDREIRA;;;60;;Colis?úo Lateral;Luz do Dia;Chuva;Molhada;Meio de Quadra;N?úo H?í Controle;Residencial;0;0;2;0;0;0;1;0;0;0;0;0;-3,722777000000000;-38,543209000000000
249304;2;3;2015;19:15;7899;AV ANTONIO SALES;RUA MON CATAO;;0;;Colis?úo Lateral;Via Iluminada;Chuva;Molhada;Cruz;Pare;Comercial;0;0;2;1;0;0;0;0;0;0;0;0;-3,748174000000000;-38,493642000000000
249308;2;3;2015;18:00;5307;AV DUQ CAXIAS;RUA PRC ISABEL;;0;;Colis?úo Traseira;;Bom;Seca;Cruz;Sem?íforo;Misto;0;1;1;1;0;0;0;0;0;1;0;0;-3,729687000000000;-38,536407000000000
249292;2;3;2015;15:30;24229;AV ENG SANTANA JUNIOR;AV ENG ALBERTO SA;;0;;Colis?úo Transversal;Luz do Dia;Bom;Seca;Cruz;Sem?íforo;Comercial;0;0;2;1;0;0;0;0;0;0;0;0;-3,733357000000000;-38,480624000000000
249293;2;3;2015;20:10;22353;AV BEZERRA DE MENEZES;AV OLAVO BILAC;;0;;Colis?úo Lateral;Via Iluminada;Chuva;Molhada;Cruz;Sem?íforo Manual;Comercial;0;0;2;1;0;0;1;0;0;0;0;0;-3,735601000000000;-38,564151000000000
249294;2;3;2015;08:50;0;AV TRISTAO GONCALVES;;;1310;;Colis?úo Lateral;Luz do Dia;Chuva;Molhada;Meio de Quadra;Sem?íforo;;0;0;2;0;1;0;0;0;0;1;0;0;-3,733309000000000;-38,535066000000000
249295;2;3;2015;13:00;5490;AV AGUANAMBI;RUA ANTONIO POMPEU;;0;;Colis?úo Traseira;Luz do Dia;Nublado;Seca;Cruz;Sem?íforo;Comercial;0;0;2;1;0;0;0;0;0;0;0;0;-3,736873000000000;-38,523967000000000
249296;2;3;2015;13:25;3814;RUA WALDERY UCHOA;RUA PAULINO NOGUEIRA;;0;;Colis?úo Transversal;Luz do Dia;Nublado;Seca;Cruz;Pare;Residencial;0;0;2;1;0;0;0;0;0;0;0;0;-3,743449000000000;-38,538372000000000
249297;2;3;2015;15:45;11081;AV DOS EXPEDICIONARIOS;RUA ACAPULCO;;0;;Colis?úo Traseira;Luz do Dia;Nublado;Seca;T;Gesto;Residencial;0;0;3;1;1;0;1;0;0;0;0;0;-3,791592000000000;-38,549244000000000
249298;2;3;2015;00:05;5394;AV TRISTAO GONCALVES;RUA METON DE ALENCAR;;0;;Colis?úo Traseira;Via Iluminada;Bom;Seca;Cruz;Sem?íforo;Comercial;0;0;1;1;1;0;0;0;0;0;0;0;-3,732327000000000;-38,534777000000000
249299;2;3;2015;21:30;8931;RUA JUSTINIANO DE SERPA;RUA ANTONIO POMPEU;;0;;Colis?úo Lateral;Via Iluminada;Nublado;Molhada;Cruz;Pare;Comercial;0;0;2;1;1;0;0;0;0;0;0;0;-3,732034000000000;-38,542672000000000
249300;2;3;2015;07:00;7733;AV JOAO PESSOA;RUA BAR SOBRAL;;0;;Colis?úo Lateral;Luz do Dia;Nublado;Seca;Rotat??ria;Sem?íforo;Comercial;0;1;1;0;0;0;1;0;0;1;0;0;-3,764518000000000;-38,558693000000000
249301;2;3;2015;12:20;14682;AV OLIVEIRA PAIVA;RUA DR JOSE FURTADO;;0;;Colis?úo Transversal;Luz do Dia;Nublado;Seca;Cruz;Sem?íforo;Comercial;0;1;1;1;0;0;1;0;0;0;0;0;-3,796189000000000;-38,488224000000000
249310;2;3;2015;15:30;0;RUA PRC ISABEL;;;711;;Colis?úo Transversal;Luz do Dia;Bom;Seca;Meio de Quadra;N?úo H?í Controle;Misto;0;1;1;1;0;0;0;0;0;1;0;0;;
249311;2;3;2015;18:10;7903;AV ANTONIO SALES;RUA CEL LINHARES;;0;;Colis?úo;;Bom;Seca;Cruz;N?úo H?í Controle;Comercial;0;0;2;1;0;0;0;0;0;0;0;0;-3,746964000000000;-38,497481000000000
249312;2;3;2015;13:15;7401;AV SEN FERNANDES TAVORA;RUA AUDISIO PINHEIRO;;0;;Colis?úo Lateral;Luz do Dia;Bom;Seca;Cruz;Sem?íforo;Misto;0;0;2;1;0;0;0;0;0;0;0;0;-3,758593000000000;-38,588886000000000
249313;2;3;2015;12:40;7401;AV SEN FERNANDES TAVORA;RUA AUDISIO PINHEIRO;;0;;Colis?úo Lateral;Luz do Dia;Bom;Seca;Cruz;Sem?íforo;Misto;0;0;2;1;1;0;0;0;0;0;0;0;-3,758593000000000;-38,588886000000000
258729;2;3;2015;16:25;0;AV MIN JOSE AMERICO;;;0;;Colis?úo Traseira;Via Iluminada;;Seca;Meio de Quadra;;;0;0;2;1;0;0;0;0;0;1;0;0;;
258731;2;3;2015;17:00;0;RD CE-040;;;0;KM-07;Colis?úo Traseira;Via Iluminada;;Seca;Meio de Quadra;;;0;0;2;1;0;0;0;0;0;0;0;0;-3,817953000000000;-38,483160000000000
249231;2;3;2015;13:50;7914;AV ANTONIO SALES;RUA LEONARDO MOTA;;0;;Colis?úo Traseira;Luz do Dia;Bom;Seca;Cruz;Sem?íforo;Comercial;0;1;1;1;0;0;0;0;0;1;0;0;-3,746358000000000;-38,499442000000000
249243;2;3;2015;11:10;13752;RUA LUIZA MIRANDA COELHO;RUA COM NATANAEL CORTEZ;;0;;Colis?úo Transversal;Luz do Dia;Nublado;Seca;T;Pare;Residencial;0;0;3;1;0;0;0;0;0;0;0;0;-3,774361000000000;-38,489219000000000
249247;2;3;2015;19:30;25008;RUA TEODOMIRO DE CASTRO;RUA SILVIO ROMERO;;0;;Capotamento;Via Iluminada;Chuva;Molhada;Cruz;Pare;Residencial;0;0;2;1;0;0;0;0;0;0;0;0;-3,719538000000000;-38,570794000000000
249286;2;3;2015;14:30;12431;RUA RIO GRANDE DO SUL;RUA MARIO DA SILVEIRA;;0;;Colis?úo Transversal;Luz do Dia;Nublado;Seca;Cruz;Pare;Comercial;0;1;1;0;0;0;0;0;0;1;0;0;-3,765984000000000;-38,571640000000000
249239;2;3;2015;09:20;12648;RUA RIO ARAGUAIA;RUA MARIA CLARA;;0;;Colis?úo Transversal;Luz do Dia;Nublado;Molhada;Cruz;Pare;Residencial;0;2;0;1;0;0;0;0;0;1;0;0;-3,725741000000000;-38,582119000000000
249240;2;3;2015;18:30;21573;RUA LUIS VIEIRA;RUA ANTONIO COSTA MENDES (PQ S?âO JOS?ë);;0;;Colis?úo Transversal;Via Iluminada;Nublado;Seca;Cruz;Pare;Residencial;0;1;1;1;0;0;0;0;0;1;0;0;;
249241;2;3;2015;06:25;0;RUA PEDRO MACHADO;;;1001;;Colis?úo Lateral;Luz do Dia;Bom;Seca;Meio de Quadra;N?úo H?í Controle;Residencial;0;0;2;1;0;0;0;0;0;0;0;0;-3,754273000000000;-38,551022000000000
249237;2;3;2015;16:00;0;RUA PDE ANCHIETA;;;1417;;Colis?úo Lateral;Luz do Dia;Bom;Seca;Meio de Quadra;Outros;Comercial;0;1;2;1;0;0;0;0;0;1;0;0;-3,732914000000000;-38,552268000000000
249229;2;3;2015;19:50;15213;RUA TEN BENEVOLO;RUA ANTONIO AUGUSTO;;0;;Colis?úo Lateral;Via Iluminada;Bom;Molhada;Cruz;Pare;Comercial;0;0;2;1;0;0;0;0;0;0;0;0;-3,726933000000000;-38,512383000000000
249223;2;3;2015;01:30;0;AV BEIRA MAR;;;2982;;Choque c/ Obst?ículo Fixo;Via Iluminada;Bom;Seca;Meio de Quadra;N?úo H?í Controle;Comercial;0;0;1;1;0;0;0;0;0;0;0;0;-3,726083000000000;-38,495018000000000
249258;2;3;2015;10:30;0;AV GOV RAUL BARBOSA;;;900;;Colis?úo Traseira;;Bom;Seca;Meio de Quadra;N?úo H?í Controle;Comercial;0;0;2;1;0;0;1;0;0;0;0;0;-3,759012000000000;-38,504626000000000
249259;2;3;2015;12:30;0;AV PRS COSTA E SILVA;;;0;JOSE WALTER;Colis?úo Lateral;Luz do Dia;Bom;Seca;Meio de Quadra;N?úo H?í Controle;Residencial;0;0;2;1;0;0;1;0;0;0;0;0;;
249260;2;3;2015;07:40;10045;RUA EMILIO DE MENESES;RUA TAUBATE;;0;;Colis?úo Transversal;Luz do Dia;Nublado;Seca;Cruz;Pare;Misto;0;2;0;0;0;0;0;0;0;1;0;0;-3,778717000000000;-38,598188000000000
249261;2;3;2015;10:00;3796;RUA PDE MORORO;RUA JUVENAL GALENO;;0;;Colis?úo Transversal;Luz do Dia;Nublado;Seca;Cruz;Pare;Residencial;0;0;2;1;0;0;0;0;0;0;0;0;-3,737433000000000;-38,541005000000000
249262;2;3;2015;12:50;4251;AV FRANCISCO SA;RUA MARIO STUDART;;0;;Colis?úo Transversal;Luz do Dia;Nublado;Seca;T;Pare;Misto;0;0;2;1;0;0;0;0;0;0;0;0;-3,719680000000000;-38,550501000000000
249263;2;3;2015;17:30;0;AV ANTONIO JUSTA;;;2970;;Colis?úo Transversal;Anoitecer;Bom;Seca;Meio de Quadra;Sem?íforo;Comercial;0;1;1;1;0;0;0;0;0;1;0;0;-3,727972000000000;-38,493476000000000
249264;2;3;2015;18:00;0;AV SEN VIRGILIO TAVORA;;;284;;Colis?úo Lateral;;Chuva;Molhada;Meio de Quadra;N?úo H?í Controle;Comercial;0;0;2;1;0;0;0;0;0;0;0;0;-3,731343000000000;-38,491401000000000
249265;2;3;2015;09:00;9176;AV AGUANAMBI;AV EDUARDO GIRAO;;0;;Colis?úo Lateral;Luz do Dia;Nublado;Seca;Rotat??ria;Sem?íforo;Comercial;0;0;2;1;0;0;0;0;0;0;0;0;-3,755303000000000;-38,523639000000000
249289;2;3;2015;18:15;0;AV DES MOREIRA;;;3013;;Colis?úo Lateral;Via Iluminada;Bom;Seca;Meio de Quadra;;Residencial;0;0;2;0;0;0;1;0;0;0;0;0;;
249290;2;3;2015;19:20;0;AV ROGACIANO LEITE;;;0;;Colis?úo Lateral;Via Iluminada;Bom;Seca;Meio de Quadra;Sem?íforo;Residencial;0;1;1;1;0;0;0;0;0;1;0;0;;
249291;2;3;2015;13:00;0;RUA GAL CLARINDO DE QUEIROZ;;;1247;;Colis?úo Lateral;Luz do Dia;Bom;Seca;Meio de Quadra;Sem?íforo;Comercial;0;0;2;1;0;0;0;0;0;0;0;0;-3,730988000000000;-38,535488000000000
249218;2;3;2015;20:48;10726;RUA PRO HERIBALDO COSTA;RUA CURITIBA;;0;;Colis?úo Lateral;Via Iluminada;Bom;Molhada;Cruz;Outros;Residencial;0;0;2;1;0;0;0;0;0;0;0;0;-3,759992000000000;-38,583853000000000
260392;2;3;2015;06:24;0;PRACINHA DO HENRIQUE JORGE;;;0;;Colis?úo;Luz do Dia;;;Meio de Quadra;;;0;1;1;1;0;0;0;0;0;1;0;0;;
260433;2;3;2015;16:10;0;RUA COS ALVARO DE OLIVEIRA;AV JOVITA FEITOSA;;0;;Colis?úo;Luz do Dia;;;;;;0;1;1;1;0;0;0;0;0;1;0;0;;
260418;2;3;2015;14:22;0;AV PRS CASTELO BRANCO;;;0;;Colis?úo;Luz do Dia;;;Meio de Quadra;;;0;0;2;0;0;0;0;0;0;1;0;0;;
260413;2;3;2015;11:55;10065;RUA SEN MENEZES PIMENTEL;RUA ANTONIO NERY;;0;;Colis?úo;Luz do Dia;;;Cruz;Pare;Rural;0;1;1;1;0;0;0;0;0;1;0;0;;
260410;2;3;2015;11:02;24226;RUA FAUSTO CABRAL;RUA DES WALDETARIO P MOTA;;0;;Colis?úo;Luz do Dia;;;Cruz;Pare;Misto;0;1;1;1;0;0;0;0;0;1;0;0;-3,733093000000000;-38,478283000000000
260408;2;3;2015;08:03;0;RUA JAMACARU;;;0;;Colis?úo;Luz do Dia;;;Meio de Quadra;;;0;1;1;1;0;0;0;0;0;1;0;0;;
260405;2;3;2015;07:37;0;AV DUQ CAXIAS;;;0;;Colis?úo;Luz do Dia;;;Meio de Quadra;;;0;1;1;1;0;1;0;0;0;0;0;0;;
260400;2;3;2015;07:10;0;RUA EMILIO DE MENESES;;;0;;;Luz do Dia;;;Meio de Quadra;;;0;1;1;0;0;0;0;0;0;1;0;0;;
260458;2;3;2015;19:18;0;AV ROGACIANO LEITE;;;0;;Colis?úo;;;;Meio de Quadra;;;0;1;0;0;0;0;0;0;0;0;0;0;-3,773643000000000;-38,499058000000000
260476;2;3;2015;21:29;0;AV CEL CARVALHO;;;2273;;Colis?úo;;;;Meio de Quadra;;;0;1;1;0;0;0;0;0;0;0;0;0;-3,722485000000000;-38,586598000000000
260453;2;3;2015;19:12;0;RUA BERNARDO MANUEL;;;0;;Colis?úo;;;;Meio de Quadra;;;0;1;0;0;0;0;0;0;0;0;0;0;;
260450;2;3;2015;18:58;0;RUA DAS JAQUEIRAS;;;0;;Colis?úo;;;;Meio de Quadra;;;0;1;1;1;0;0;0;0;0;1;0;0;;
260446;2;3;2015;18:14;0;AV PRUDENTE BRASIL;;;0;;Colis?úo;Anoitecer;;;Meio de Quadra;;;0;1;1;1;0;0;0;0;0;1;0;0;-3,811156000000000;-38,534914000000000
260465;2;3;2015;21:33;0;AV CARAPINIMA;;;0;;Colis?úo;;;;Meio de Quadra;;;0;1;0;0;0;0;0;0;0;0;0;0;;
258552;2;3;2015;05:50;0;RD BR 222;;;0;KM-03;Colis?úo Traseira;Amanhecer;Bom;Seca;Meio de Quadra;;Rural;0;0;2;1;0;0;1;0;0;0;0;0;-3,736999000000000;-38,571997000000000
258558;2;3;2015;10:40;0;RD BR 020;;;429;;Colis?úo Traseira;Luz do Dia;Nublado;Molhada;Meio de Quadra;N?úo H?í Controle;Rural;0;0;2;1;0;0;1;0;0;0;0;0;;
258559;2;3;2015;13:00;0;RD BR 116;;;6000;KM-06;Colis?úo Lateral;Luz do Dia;Bom;Seca;Meio de Quadra;N?úo H?í Controle;Rural;0;0;2;1;0;0;1;0;0;0;0;0;-3,804691000000000;-38,503053000000000
264586;2;3;2015;05:24;0;RUA JACAUNA;;;693;;Choque c/ Obst?ículo Fixo;Amanhecer;;;Meio de Quadra;;;0;0;1;0;0;0;0;0;0;0;0;0;;
264595;2;3;2015;06:24;0;AV D CJ JOSE WALTER;;;211;;Atropelamento;Luz do Dia;;;Meio de Quadra;;;0;0;2;0;0;0;0;0;0;0;0;0;-3,831838000000000;-38,555043000000000
264601;2;3;2015;09:30;0;AV ALBERTO CRAVEIRO;;;3290;;Colis?úo;Luz do Dia;;;Meio de Quadra;;;0;0;2;0;0;0;0;0;0;0;0;0;-3,809356000000000;-38,526655000000000
264602;2;3;2015;11:16;0;ET DO ITAPERI;;;1665;;Choque c/ Obst?ículo Fixo;Luz do Dia;;;Meio de Quadra;;;0;0;1;0;0;0;0;0;0;0;0;0;;
264598;2;3;2015;06:25;25467;AV BENJAMIM BRASIL;RUA LEON GRADVOHL;;0;;Colis?úo;Luz do Dia;;;T;N?úo H?í Controle;Comercial;0;0;2;0;0;0;0;0;0;0;0;0;-3,804034000000000;-38,569567000000000
264599;2;3;2015;06:27;25127;AV ENG HUMBERTO MONTE;RUA BOLIVIA;;0;;Colis?úo;Luz do Dia;;;Cruz;Pare;Comercial;0;0;2;0;0;0;0;0;0;0;0;0;-3,743796000000000;-38,564826000000000
264605;2;3;2015;12:55;0;RUA HUGO VITOR;;;233;;Colis?úo;Luz do Dia;;;Meio de Quadra;;;0;0;2;0;0;0;0;0;0;0;0;0;;
264606;2;3;2015;14:08;0;RUA 1 UI 308;;;661;;Colis?úo;Luz do Dia;;;Meio de Quadra;;;0;0;2;0;0;0;0;0;0;0;0;0;-3,776353000000000;-38,507251000000000
264616;2;3;2015;17:36;5191;RUA PEREIRA FILGUEIRAS;AV DOM MANUEL;;0;;Colis?úo;Anoitecer;;;Cruz;Sem?íforo;Comercial;0;0;2;0;0;0;0;0;0;0;0;0;-3,725943000000000;-38,520338000000000
264617;2;3;2015;18:54;0;AV DIOGUINHO;;;91;;Colis?úo;;;;Meio de Quadra;;;0;0;2;0;0;0;0;0;0;0;0;0;;
264618;2;3;2015;22:00;0;RUA 114 CJ TUPAN MIRIM;;;0;;Colis?úo;;;;Meio de Quadra;;;0;0;2;0;0;0;0;0;0;0;0;0;;
264614;2;3;2015;17:19;0;RUA VALPARAISO;;;1066;;Colis?úo;Anoitecer;;;Meio de Quadra;;;0;0;2;0;0;0;0;0;0;0;0;0;-3,842005000000000;-38,528485000000000
264620;2;3;2015;20:31;0;AV PRO JOSE ARTHUR CARVALHO;;;520;;Colis?úo;;;;Meio de Quadra;;;0;0;2;0;0;0;0;0;0;0;0;0;-3,826322000000000;-38,474340000000000
264622;2;3;2015;22:03;25558;RUA FRANCISCO GLICERIO;RUA FERNANDO FARIAS DE MELO (MANUEL S?üTIRO);;0;;Colis?úo;;;;Cruz;N?úo H?í Controle;Residencial;0;0;2;0;0;0;0;0;0;0;0;0;-3,794710000000000;-38,578285000000000
264623;2;3;2015;22:07;0;RUA TIBURCIO CAVALCANTE;;;1233;;Colis?úo;;;;Meio de Quadra;;;0;0;2;0;0;0;0;0;0;0;0;0;-3,735878000000000;-38,502561000000000
259764;2;3;2015;08:07;0;RUA JAIME BENEVOLO;;;0;;Colis?úo;Luz do Dia;;;Meio de Quadra;;;0;0;2;1;0;0;0;0;0;0;0;0;;
259765;2;3;2015;08:32;26227;AV GAL OSORIO DE PAIVA;RUA AGAMENON;;0;;Colis?úo;Luz do Dia;;;;;;0;0;2;1;0;0;0;0;0;1;0;0;;
259766;2;3;2015;11:37;4167;AV FRANCISCO SA;RUA PLACIDO CARVALHO;;0;;Colis?úo;Luz do Dia;;;T;N?úo H?í Controle;Comercial;0;0;2;1;0;0;0;0;0;0;0;0;-3,718081000000000;-38,555342000000000
259767;2;3;2015;13:24;0;AV SANTOS DUMONT;;;0;;Outros;Luz do Dia;;;Meio de Quadra;;;0;0;2;1;0;0;0;0;0;0;0;0;;
259769;2;3;2015;17:09;0;AV AGUANAMBI;;;0;;Colis?úo;Anoitecer;;;Meio de Quadra;;;0;0;2;1;0;0;0;0;0;0;0;0;;
259774;3;3;2015;08:31;0;AV AGUANAMBI;;;0;;Colis?úo;Luz do Dia;;;Meio de Quadra;;;0;0;2;1;0;0;1;0;0;0;0;0;;
264625;3;3;2015;00:23;8025;AV JOAO PESSOA;RUA PRO COSTA MENDES;;0;;Colis?úo;;;;Cruz;Sem?íforo;Comercial;0;0;2;0;0;0;0;0;0;0;0;0;-3,752393000000000;-38,549441000000000
264626;3;3;2015;10:07;0;AV GAL OSORIO DE PAIVA;;;0;;Colis?úo;Luz do Dia;;;Meio de Quadra;;;0;0;2;0;0;0;0;0;0;0;0;0;;
264627;3;3;2015;11:17;0;RUA TEREZA CRISTINA;;;1814;;Colis?úo;Luz do Dia;;;Meio de Quadra;;;0;0;2;0;0;0;0;0;0;0;0;0;-3,736273000000000;-38,539531000000000
264628;3;3;2015;11:22;0;AV ENG HUMBERTO MONTE;;;2290;;Colis?úo;Luz do Dia;;;Meio de Quadra;;;0;0;2;0;0;0;0;0;0;0;0;0;-3,742018000000000;-38,566483000000000
264632;3;3;2015;17:03;0;AV ISABEL BEZERRA;;;900;;Colis?úo;Anoitecer;;;Meio de Quadra;;;0;0;2;0;0;0;0;0;0;0;0;0;-3,854508000000000;-38,503638000000000
264633;3;3;2015;21:24;18472;RUA FRE ODILON;RUA SEN ALVARO ADOLFO;;0;;Atropelamento;;;;;;;0;0;2;0;0;0;0;0;0;0;0;0;-3,734684000000000;-38,572413000000000