COD_ACIDENTE;DIA;MES;ANO;HORA;INTERSECAO;LOG1;LOG2;LOG3;NUMERO;REFERENCIA;NATUREZA;ILUMINACAO;TEMPO;SUPERFICIEPISTA;TIPOCRUZAMENTO;CONTROLETRAFEGO;USOSOLO;MORTOS;FERIDOS;ILESOS;AUTOMOVEL;ONIBUS;BICICLETA;CAMINHAO;MICROONIBUS;CICLOMOTOR;MOTOCICLETA;TRACAOANIMAL;TREM;LATITUDE;LONGITUDE
258567;3;3;2015;23:00;0;RD BR 020;;;426;;Capotamento;Via Iluminada;Nublado;Seca;Meio de Quadra;N?úo H?í Controle;Rural;0;2;0;1;0;0;0;0;0;0;0;0;;
260486;3;3;2015;16:41;24689;RUA RAIMUNDO GOMES;RUA GEORGE CAVALCANTE;;0;;Colis?úo;Luz do Dia;;;Cruz;N?úo H?í Controle;Residencial;0;1;0;0;0;0;0;0;0;0;0;0;-3,714337000000000;-38,590124000000000
260487;3;3;2015;19:23;25119;RUA BAR AQUIRAZ;RUA MIGUEL COUTO;;0;;Colis?úo;;;;Cruz;Pare;Residencial;0;1;1;1;0;0;0;0;0;1;0;0;-3,837441000000000;-38,487996000000000
260491;3;3;2015;20:06;0;RUA BAR CRATO;;;0;;Atropelamento;;;;Meio de Quadra;;;0;1;1;0;1;0;0;0;0;0;0;0;;
260492;3;3;2015;20:41;0;AV PRS CASTELO BRANCO;;;0;;Colis?úo;;;;Meio de Quadra;;;0;1;1;0;0;0;0;0;0;1;0;0;;
260477;3;3;2015;00:33;0;RUA MARIA JULIA;;;0;;Queda;;;;Meio de Quadra;;;0;1;0;0;0;0;0;0;0;1;0;0;-3,791393000000000;-38,599567000000000
260478;3;3;2015;07:41;0;AV MIN JOSE AMERICO;;;0;;Queda;Luz do Dia;;;Meio de Quadra;;;0;1;0;0;0;0;0;0;0;1;0;0;;
260479;3;3;2015;09:03;0;AV FRANCISCO SA;;;0;;Colis?úo;Luz do Dia;;;Meio de Quadra;;;0;1;1;1;0;0;0;0;0;1;0;0;-3,713973000000000;-38,567446000000000
260480;3;3;2015;12:10;0;AV AUGUSTO DOS ANJOS;;;0;;Colis?úo;Luz do Dia;;;Meio de Quadra;;;0;1;1;0;0;0;0;0;0;1;0;0;-3,775681000000000;-38,575202000000000
260481;3;3;2015;12:11;0;AV ABOLICAO;;;0;;Colis?úo;Luz do Dia;;;Meio de Quadra;;;0;1;1;1;0;0;0;0;0;1;0;0;;
260482;3;3;2015;12:11;0;AV GAL OSORIO DE PAIVA;;;0;;Colis?úo;Luz do Dia;;;Meio de Quadra;;;0;1;1;1;0;0;0;0;0;1;0;0;;
249287;3;3;2015;07:30;9034;AV AGUANAMBI;RUA CEL SOLON;;0;;Colis?úo Traseira;Luz do Dia;Nublado;Seca;Cruz;Sem?íforo;Comercial;0;0;2;1;1;0;0;0;0;0;0;0;-3,742854000000000;-38,525818000000000
249283;3;3;2015;18:30;23463;RUA FIS VIEIRA;RUA PAULO FIRMEZA;;0;;Colis?úo Transversal;Anoitecer;Bom;Seca;Cruz;Pare;Residencial;0;0;2;1;0;0;0;0;0;0;0;0;-3,757341000000000;-38,515176000000000
249278;3;3;2015;14:41;0;AV FRANCISCO SA;;;5036;;Colis?úo Traseira;Luz do Dia;Chuva;Molhada;Meio de Quadra;Sem?íforo;Comercial;0;0;2;1;0;0;0;0;0;0;0;0;-3,713340000000000;-38,569272000000000
249281;3;3;2015;19:30;0;AV SEN FERNANDES TAVORA;;;0;;Colis?úo Traseira;;Bom;Seca;Meio de Quadra;Outros;Comercial;0;0;2;0;1;0;0;0;0;1;0;0;;
249276;3;3;2015;09:05;14461;RUA PDE ANCHIETA;RUA HENRIQUE AUTRAN;;0;;Colis?úo Traseira;Luz do Dia;Bom;Seca;Cruz;Outros;Comercial;0;0;2;1;0;0;0;0;0;0;0;0;-3,727145000000000;-38,551539000000000
258742;3;3;2015;14:20;0;RD CE-040;;;0;KM-07;Engavetamento;Via Iluminada;;Seca;Meio de Quadra;;;0;0;3;1;0;0;0;0;0;0;0;0;-3,817953000000000;-38,483160000000000
265821;3;3;2015;08:05;6968;AV F CJ ESPERANCA;AV A CJ ESPERANCA;;0;;Atropelamento;Luz do Dia;;;Cruz;Sem?íforo;Residencial;1;1;0;0;0;0;0;0;0;1;0;0;-3,817893000000000;-38,588850000000000
249327;3;3;2015;19:10;16039;AV PRS COSTA E SILVA;RUA CEL TIBURCIO;;0;;;Via Iluminada;Bom;Seca;Cruz;Sem?íforo;Outros;0;0;2;1;0;0;1;0;0;0;0;0;-3,812167000000000;-38,573703000000000
249302;3;3;2015;16:10;22845;RUA GOV JOAO CARLOS;RUA CON LIMA SUCUPIRA;;0;;Colis?úo Lateral;Luz do Dia;Bom;Seca;Cruz;Pare;Residencial;0;0;2;0;1;0;0;0;0;0;0;0;-3,777951000000000;-38,551518000000000
249309;3;3;2015;12:50;0;AV DEP PAULINO ROCHA;;;2177;;Colis?úo Traseira;Luz do Dia;Bom;Seca;Meio de Quadra;Sem?íforo;Comercial;0;0;2;1;0;0;0;0;0;0;0;0;-3,810791000000000;-38,516761000000000
249306;3;3;2015;10:50;9231;RUA PDE BARBOSA DE JESUS;AV 13 DE MAIO;;0;;Colis?úo Traseira;Luz do Dia;Bom;Seca;Y;Pare;Comercial;0;0;2;1;0;0;0;0;0;0;0;0;-3,748302000000000;-38,530523000000000
249307;3;3;2015;16:10;7976;AV JOAO PESSOA;RUA MAJ WEYNE;;0;;Colis?úo Traseira;Luz do Dia;Bom;Seca;Cruz;Sem?íforo;Comercial;0;0;2;1;1;0;0;0;0;0;0;0;-3,747841000000000;-38,545334000000000
249331;3;3;2015;12:30;12685;AV DA INDEPENDENCIA;AV CEL CARVALHO;;0;;Colis?úo Transversal;Luz do Dia;Bom;Seca;Cruz;Sem?íforo;Comercial;0;1;1;0;0;0;0;0;0;1;0;0;-3,728711000000000;-38,584952000000000
249383;3;3;2015;15:00;10027;RUA TAUBATE;RUA TAQUARI;;0;;Colis?úo Transversal;Luz do Dia;Bom;Seca;Cruz;Pare;Residencial;0;2;0;1;0;0;0;0;0;0;0;0;-3,777270000000000;-38,597790000000000
249400;3;3;2015;17:30;15437;AV FRE CIRILO;RUA HOMEM DE MELO;;0;;Colis?úo Transversal;Anoitecer;Bom;Seca;Cruz;Pare;Comercial;0;1;1;1;0;0;0;0;0;1;0;0;-3,817039000000000;-38,497528000000000
249388;3;3;2015;09:10;0;AV FRANCISCO SA;;;4798;;Colis?úo;Luz do Dia;Bom;Seca;Meio de Quadra;N?úo H?í Controle;Comercial;0;1;3;1;0;0;0;0;0;1;0;0;-3,713986000000000;-38,567410000000000
249381;3;3;2015;09:45;0;AV SANTOS DUMONT;;;0;;Colis?úo Traseira;Luz do Dia;Bom;Seca;Meio de Quadra;N?úo H?í Controle;Comercial;0;0;2;1;0;0;0;0;0;0;0;0;;
249416;3;3;2015;14:50;0;RUA NAT FEIJO;;;1450;;Atropelamento;Luz do Dia;Bom;Seca;Meio de Quadra;Outros;Residencial;0;1;1;0;0;0;0;1;0;0;0;0;;
257465;3;3;2015;14:30;0;RD BR 116;;;4000;KM-04;Colis?úo Lateral;Luz do Dia;Bom;Seca;Meio de Quadra;;;1;0;1;0;0;0;0;0;0;1;0;0;-3,788331000000000;-38,510646000000000
257471;3;3;2015;14:30;0;AV 13 DE MAIO;;;2081;CEFET;Outros;Luz do Dia;;;Meio de Quadra;;;0;1;0;0;1;0;0;0;0;0;0;0;-3,743896000000000;-38,535688000000000
257469;3;3;2015;10:30;9359;RUA RIO TOCANTINS;RUA COS LAFAYETE;;0;;Colis?úo;Luz do Dia;;;Cruz;N?úo H?í Controle;Residencial;0;1;0;1;0;0;0;0;0;0;0;0;-3,718186000000000;-38,580697000000000
249420;3;3;2015;15:40;0;AV SANTOS DUMONT;;;5090;;Engavetamento;Luz do Dia;Bom;Seca;Outros;Pare;Comercial;0;0;2;1;0;0;0;0;0;0;0;0;-3,740229000000000;-38,486022000000000
249440;3;3;2015;07:20;15333;RUA PRO DIAS DA ROCHA;RUA ANA BILHAR;;0;;Colis?úo Transversal;Luz do Dia;Bom;Seca;Cruz;Pare;Lazer;0;0;2;1;0;0;0;0;0;0;0;0;-3,731209000000000;-38,490300000000000
249425;3;3;2015;10:30;0;RUA PDE PEDRO DE ALENCAR;;;0;;Colis?úo Traseira;Luz do Dia;Bom;Seca;Meio de Quadra;N?úo H?í Controle;Comercial;0;0;2;1;0;0;0;0;0;0;0;0;;
249443;3;3;2015;20:30;0;RUA RIO GRANDE DO SUL;;;1566;;Colis?úo Traseira;Via Iluminada;Bom;Seca;Meio de Quadra;N?úo H?í Controle;Residencial;0;0;2;1;0;0;0;0;0;0;0;0;-3,762043000000000;-38,569824000000000
249446;3;3;2015;20:45;8021;AV JOAO PESSOA;RUA SAMUEL UCHOA;;0;;Colis?úo Transversal;Via Iluminada;Bom;Seca;Duplo T;Pare;Comercial;0;1;1;1;0;0;0;0;0;1;0;0;-3,751840000000000;-38,548940000000000
249450;3;3;2015;19:40;22149;AV JOSE BASTOS;RUA SAMUEL UCHOA;;0;;Colis?úo Lateral;Via Iluminada;Bom;Seca;T;Pare;Misto;0;0;2;1;0;0;0;0;0;0;0;0;-3,750258000000000;-38,550718000000000
249453;3;3;2015;12:35;9192;RUA PAULA RODRIGUES;RUA MARIO MAMEDE;;0;;Colis?úo Transversal;Luz do Dia;Bom;Seca;Cruz;Sem?íforo;Misto;0;0;2;1;0;0;0;0;0;0;0;0;-3,753285000000000;-38,526739000000000
249456;3;3;2015;15:00;0;AV A CJ CEARA;;;900;;Colis?úo Lateral;Luz do Dia;Bom;Seca;Meio de Quadra;N?úo H?í Controle;Misto;0;1;1;1;0;0;0;0;0;1;0;0;-3,768355000000000;-38,603840000000000
249457;3;3;2015;03:00;0;RUA DOS POTIGUARAS;;;110;;Choque c/ Obst?ículo Fixo;Via Iluminada;Bom;Seca;Meio de Quadra;N?úo H?í Controle;Misto;0;0;2;1;0;0;0;0;0;0;0;0;-3,719774000000000;-38,516706000000000
249463;3;3;2015;20:50;0;AV PRS JUSCELINO KUBITSCHEK (PASSAR?ë);;;3707;;Colis?úo Traseira;Via Iluminada;Bom;Seca;Meio de Quadra;N?úo H?í Controle;Residencial;0;0;2;1;0;0;0;0;0;0;0;0;-3,815244000000000;-38,530863000000000
249466;3;3;2015;23:25;0;AV AGUANAMBI;;;1518;;Choque c/ Obst?ículo Fixo;Mal Iluminada;Bom;Seca;Meio de Quadra;N?úo H?í Controle;Misto;0;0;1;1;0;0;0;0;0;0;0;0;-3,749999000000000;-38,523716000000000
249469;3;3;2015;12:30;19656;AV BEZERRA DE MENEZES;RUA PRO JOSE DE BARCELOS;;0;;Colis?úo Lateral;Luz do Dia;Bom;Seca;T;Sem?íforo;Comercial;0;0;2;1;0;0;1;0;0;0;0;0;-3,732898000000000;-38,551066000000000
249471;3;3;2015;08:20;12445;AV SEN FERNANDES TAVORA;TR HELENA DE MARIA;;0;;Colis?úo Lateral;Luz do Dia;Bom;Seca;T;N?úo H?í Controle;Comercial;0;1;1;1;0;0;0;0;0;1;0;0;-3,766094000000000;-38,574916000000000
249474;3;3;2015;14:00;18155;AV ZEZE DIOGO;RUA DOZE UI 211;;0;;Colis?úo Transversal;Luz do Dia;Bom;Seca;T;N?úo H?í Controle;Lazer;0;0;2;1;0;0;0;0;0;0;0;0;-3,755465000000000;-38,444883000000000
249482;3;3;2015;15:00;5255;AV TRISTAO GONCALVES;RUA PEDRO PEREIRA;;0;;Colis?úo Lateral;Luz do Dia;Bom;Seca;Cruz;Sem?íforo;Comercial;0;0;2;1;1;0;0;0;0;0;0;0;-3,728075000000000;-38,533489000000000
249484;3;3;2015;13:10;7849;RUA JOSE VILAR;RUA FRANCISCO HOLANDA;;0;;Colis?úo Lateral;Luz do Dia;Bom;Seca;T;Pare;Residencial;0;1;1;0;0;0;0;0;0;1;0;0;-3,747448000000000;-38,508441000000000
275388;4;3;2015;07:10;12515;RUA JULIO BRAGA;RUA SILVEIRA FILHO;;0;;Colis?úo Transversal;Luz do Dia;;;Cruz;Pare;Comercial;0;1;1;1;0;0;0;0;0;1;0;0;;
260658;4;3;2015;22:26;0;AV ALBERTO CRAVEIRO;;;0;;Colis?úo;;;;Meio de Quadra;;;0;1;1;1;0;0;0;0;0;1;0;0;;
260654;4;3;2015;20:18;0;AV CASTELO DE CASTRO;;;0;;Colis?úo;;;;Meio de Quadra;;;0;1;1;1;0;0;0;0;0;1;0;0;;
260613;4;3;2015;11:11;0;AV PRS CASTELO BRANCO;;;0;;Colis?úo;Luz do Dia;;;Meio de Quadra;;;0;1;1;1;0;0;0;0;0;1;0;0;;
260650;4;3;2015;18:59;0;AV JOR THOMAZ COELHO;;;0;;Colis?úo;;;;Meio de Quadra;;;0;1;0;0;0;0;0;0;0;0;0;0;-3,829923000000000;-38,509057000000000
260647;4;3;2015;18:50;0;AV JOAO PESSOA;;;4974;;Colis?úo;;;;Meio de Quadra;;;0;1;1;1;0;0;0;0;0;1;0;0;-3,755381000000000;-38,552098000000000
260644;4;3;2015;17:44;24943;AV ABOLICAO;AV ALM HENRIQUE SABOIA;;0;;Queda;Anoitecer;;;T;Sem?íforo;Comercial;0;1;0;0;0;0;0;0;0;1;0;0;-3,722615000000000;-38,479798000000000
260645;4;3;2015;18:07;5397;AV DUQ CAXIAS;RUA ASSUNCAO;;0;;;Anoitecer;;;Cruz;Sem?íforo;Comercial;0;1;0;0;0;0;0;0;0;0;0;0;-3,732405000000000;-38,527952000000000
260627;4;3;2015;17:25;19037;AV ENG LUIS VIEIRA;RUA CEL JOSE AURELIO CAMARA;;0;;Queda;Anoitecer;;;;;;0;1;0;0;0;1;0;0;0;0;0;0;-3,735530000000000;-38,469684000000000
260624;4;3;2015;16:05;0;AV FRANCISCO SA;;;0;;Atropelamento;Luz do Dia;;;Meio de Quadra;;;0;1;0;0;0;0;0;0;0;1;0;0;-3,711230000000000;-38,575498000000000
260622;4;3;2015;14:47;0;AV CARAPINIMA;;;0;;;Luz do Dia;;;Meio de Quadra;;;0;1;1;1;0;0;0;0;0;1;0;0;;
260617;4;3;2015;12:30;0;RUA TEODOMIRO DE CASTRO;;;0;;Colis?úo;Luz do Dia;;;Meio de Quadra;;;0;1;0;0;0;0;0;0;0;0;0;0;-3,716125000000000;-38,578723000000000
260619;4;3;2015;14:13;0;RUA VIS BARBACENA D61;;;0;;Colis?úo;Luz do Dia;;;Meio de Quadra;;;0;1;0;0;0;0;0;0;0;0;0;0;-3,799744000000000;-38,491047000000000
249347;4;3;2015;23:40;0;RUA CEL MATOS DOURADO;;;1291;;Choque c/ Obst?ículo Fixo;Via Iluminada;Bom;Seca;Meio de Quadra;N?úo H?í Controle;Comercial;0;0;1;0;1;0;0;0;0;0;0;0;-3,751054000000000;-38,583703000000000
249305;4;3;2015;15:00;23679;RUA MIRTES ROCHA;RUA LINS DO REGO;;0;;Choque c/ Obst?ículo Fixo;Luz do Dia;Bom;Seca;Cruz;N?úo H?í Controle;Misto;0;0;1;0;0;0;1;0;0;0;0;0;-3,781367000000000;-38,579151000000000
249317;4;3;2015;13:00;0;RUA BERNARDO MANUEL;;;9360;;Engavetamento;Luz do Dia;Bom;Seca;Meio de Quadra;Sem?íforo;Misto;0;0;3;1;0;0;1;0;0;0;0;0;-3,801985000000000;-38,552393000000000
249318;4;3;2015;08:00;6756;AV ANTONIO SALES;AV ENG SANTANA JUNIOR;;0;;Colis?úo Lateral;Luz do Dia;Bom;Seca;Cruz;Outros;Residencial;0;1;1;1;0;0;0;0;0;1;0;0;-3,749257000000000;-38,490039000000000
249320;4;3;2015;04:30;21620;RUA BERNARDINO CAMPOS;RUA CON DE CASTRO;;0;;Colis?úo Lateral;Luz do Dia;Bom;Seca;T;Pare;Comercial;0;0;2;1;1;0;0;0;0;0;0;0;-3,801030000000000;-38,588350000000000
249321;4;3;2015;12:30;0;AV AGUANAMBI;;;384;;Colis?úo Lateral;Luz do Dia;Bom;Seca;Meio de Quadra;N?úo H?í Controle;Comercial;0;1;2;1;1;0;0;0;0;0;0;0;-3,740372000000000;-38,525015000000000
258768;4;3;2015;13:35;0;AV MIN JOSE AMERICO;;;0;;Colis?úo;Luz do Dia;;Seca;Meio de Quadra;;;0;0;2;1;0;0;1;0;0;0;0;0;;
258766;4;3;2015;18:25;0;RD CE-040;;;0;KM-07;Colis?úo;Anoitecer;;Seca;Meio de Quadra;;;0;0;2;1;0;0;0;0;0;1;0;0;-3,817953000000000;-38,483160000000000
258762;4;3;2015;15:45;0;RD CE-040;;;0;KM-04;Colis?úo;Luz do Dia;;Seca;Meio de Quadra;;;0;0;2;1;0;0;0;0;0;0;0;0;-3,792050000000000;-38,480251000000000
258757;4;3;2015;13:30;0;RD CE-040;;;0;KM-08;Colis?úo;Via Iluminada;;Seca;Meio de Quadra;;;0;0;2;1;1;0;0;0;0;0;0;0;-3,823332000000000;-38,481317000000000
258752;4;3;2015;12:50;0;RD CE-040;;;0;KM-05;Colis?úo;Via Iluminada;;Seca;Meio de Quadra;;;0;0;2;1;0;0;1;0;0;0;0;0;-3,790876000000000;-38,480349000000000
249277;4;3;2015;13:30;1480;RUA EDUARDO GARCIA;RUA VICENTE LEITE;;0;;Colis?úo Transversal;Luz do Dia;Bom;Seca;Cruz;Pare;Residencial;0;0;2;1;0;0;0;0;0;0;0;0;-3,739155000000000;-38,496056000000000
249244;4;3;2015;13:00;14878;AV CONTORNO LESTE;RUA 102 CJ NOVO MONDUBIM;;0;;Colis?úo Transversal;Luz do Dia;Bom;Seca;Cruz;N?úo H?í Controle;Residencial;0;0;2;1;0;0;0;0;0;0;0;0;-3,807659000000000;-38,586036000000000
249245;4;3;2015;16:09;5433;RUA MAJ FACUNDO;RUA METON DE ALENCAR;;0;;Colis?úo Lateral;Luz do Dia;Bom;Seca;Cruz;Pare;Comercial;0;1;1;1;0;0;0;0;0;1;0;0;-3,733917000000000;-38,529899000000000
249246;4;3;2015;06:40;24452;AV LUCIANO CARNEIRO;AV LAURO VIEIRA CHAVES;;0;;Queda;Luz do Dia;Bom;Seca;T;Pare;Misto;0;1;1;1;0;0;0;0;0;1;0;0;-3,772172000000000;-38,538894000000000
249248;4;3;2015;13:50;0;AV AGUANAMBI;;;570;;Colis?úo Lateral;Luz do Dia;Bom;Seca;Meio de Quadra;Sem?íforo;Comercial;0;0;2;1;0;0;0;0;0;0;0;0;-3,741823000000000;-38,525959000000000
249249;4;3;2015;18:10;25229;AV DR THEBERGE;AV OLAVO BILAC;;0;;Colis?úo Lateral;Mal Iluminada;Bom;Seca;Y;Pare;Misto;0;0;2;1;1;0;0;0;0;0;0;0;-3,721012000000000;-38,567102000000000
249250;4;3;2015;00:14;0;AV DR THEBERGE;;;1739;;Choque c/ Obst?ículo Fixo;;Bom;Seca;Meio de Quadra;N?úo H?í Controle;Misto;0;1;0;0;0;0;0;0;0;1;0;0;-3,716360000000000;-38,565509000000000
249251;4;3;2015;19:00;5099;AV TRISTAO GONCALVES;RUA SEN ALENCAR;;0;;Colis?úo Transversal;;Bom;Seca;Cruz;Pare;Comercial;0;1;1;1;0;0;0;0;0;0;0;0;-3,723524000000000;-38,532122000000000
249252;4;3;2015;08:00;15654;RUA VICENTE NOBRE MACEDO;RUA AFONSO HENRIQUE;;0;;Colis?úo Transversal;Luz do Dia;Bom;Seca;Cruz;Pare;Misto;0;0;2;1;0;0;0;0;0;0;0;0;-3,825453000000000;-38,484383000000000
249253;4;3;2015;09:30;0;AV CEL CARVALHO;;;1511;;Colis?úo Traseira;Luz do Dia;Bom;Seca;Meio de Quadra;N?úo H?í Controle;Misto;0;0;2;1;1;0;0;0;0;0;0;0;-3,715917000000000;-38,588313000000000
249254;4;3;2015;12:30;0;AV OLIVEIRA PAIVA;;;1192;;Colis?úo Traseira;Luz do Dia;Bom;Seca;Meio de Quadra;Gesto;Comercial;0;0;2;1;0;0;0;0;0;0;0;0;-3,795430000000000;-38,495840000000000
249255;4;3;2015;17:30;732;AV DR THEBERGE;RUA DOM JOSE TUPINAMBA;;0;;Colis?úo Transversal;Mal Iluminada;Bom;Seca;T;Pare;Residencial;0;1;1;1;0;0;0;0;0;1;0;0;-3,713762000000000;-38,564669000000000
249256;4;3;2015;16:30;15571;AV FRE CIRILO;RUA LEONCIO TABOSA;;0;;Engavetamento;Luz do Dia;Bom;Seca;Cruz;Sem?íforo;Outros;0;0;3;1;0;0;0;0;0;0;0;0;-3,822257000000000;-38,495262000000000
249257;4;3;2015;16:30;1234;RUA ANTONIO AUGUSTO;AV SANTOS DUMONT;;0;;Colis?úo Traseira;Via Iluminada;Bom;Seca;Cruz;Pare;Comercial;0;0;3;1;0;0;0;0;0;0;0;0;-3,731222000000000;-38,513733000000000
249282;4;3;2015;15:50;3779;RUA ANTONIO POMPEU;RUA VINTE E QUATRO DE MAIO;;0;;Colis?úo Transversal;Luz do Dia;Bom;Seca;Cruz;Pare;Comercial;0;0;2;1;0;0;0;0;0;0;0;0;-3,733667000000000;-38,534186000000000
249279;4;3;2015;13:40;0;AV JOSE LEON;;;1915;;Engavetamento;Luz do Dia;Bom;Seca;Meio de Quadra;N?úo H?í Controle;Misto;0;0;3;1;0;0;0;0;0;0;0;0;-3,789518000000000;-38,495023000000000
249280;4;3;2015;15:20;0;AV DEP PAULINO ROCHA;;;0;;Colis?úo Lateral;Luz do Dia;Bom;Seca;Meio de Quadra;Pare;Comercial;0;0;2;1;0;0;0;0;0;0;0;0;;
249284;4;3;2015;08:20;0;RUA RAIMUNDO NERY;;;379;;Colis?úo Lateral;Luz do Dia;Bom;Seca;Meio de Quadra;Outros;Residencial;0;2;1;1;0;0;0;0;0;1;0;0;-3,794330000000000;-38,586348000000000
249285;4;3;2015;06:30;0;AV GAL OSORIO DE PAIVA;;;1431;;Colis?úo Frontal;Luz do Dia;Bom;Seca;Meio de Quadra;Outros;Misto;0;0;2;1;0;0;0;0;0;1;0;0;-3,780442000000000;-38,574151000000000
249288;4;3;2015;18:30;24943;AV ABOLICAO;AV ALM HENRIQUE SABOIA;;0;;Colis?úo Lateral;Anoitecer;Bom;Seca;T;D?¬ Prefer?¬ncia;Misto;0;1;1;1;0;0;0;0;0;1;0;0;-3,722615000000000;-38,479798000000000
249266;4;3;2015;07:30;0;AV BEZERRA DE MENEZES;;;255;;Colis?úo Traseira;Luz do Dia;Bom;Seca;Meio de Quadra;Outros;Comercial;0;0;2;1;1;0;0;0;0;0;0;0;-3,732134000000000;-38,547436000000000
249267;4;3;2015;11:30;0;RUA CANDIDO CASTELO BRANCO;;;865;;Colis?úo Lateral;Luz do Dia;Bom;Seca;Meio de Quadra;N?úo H?í Controle;Misto;0;0;2;0;0;0;1;0;0;0;0;0;;
249268;4;3;2015;14:10;0;RUA BAR ARACATI;;;845;;Colis?úo Lateral;Luz do Dia;Bom;Seca;Meio de Quadra;N?úo H?í Controle;Misto;0;0;2;1;0;0;0;0;0;0;0;0;-3,728953000000000;-38,510669000000000
249269;4;3;2015;07:45;10956;RUA EUZEBIO DE QUEIROS;RUA LIVINO DE CARVALHO;;0;;Colis?úo Transversal;Luz do Dia;Bom;Seca;Cruz;;Residencial;0;1;1;1;0;0;0;0;0;0;0;0;-3,771892000000000;-38,555978000000000
249270;4;3;2015;18:30;9257;AV AGUANAMBI;RUA CEL PERGENTINO FERREIRA;;0;;Colis?úo Lateral;Anoitecer;Bom;Seca;Cruz;N?úo H?í Controle;Comercial;0;0;2;1;1;0;0;0;0;0;0;0;-3,748634000000000;-38,524049000000000
249271;4;3;2015;19:20;1666;AV BORGES DE MELO;RUA CAP VASCONCELOS D46;;0;;Engavetamento;Via Iluminada;Bom;Seca;Outros;N?úo H?í Controle;Residencial;0;0;3;1;0;0;0;0;0;0;0;0;-3,761585000000000;-38,517782000000000
249272;4;3;2015;13:20;15247;RUA DEP MOREIRA DA ROCHA;RUA NUNES VALENTE;;0;;Outros;Luz do Dia;Bom;Seca;Cruz;N?úo H?í Controle;Residencial;0;1;1;1;0;0;0;0;0;1;0;0;-3,727994000000000;-38,501120000000000
249273;4;3;2015;13:20;11945;AV PRS COSTA E SILVA;LOGRADOURO SEM NOME;;0;;Colis?úo Transversal;Luz do Dia;Bom;Seca;T;Pare;Residencial;0;1;1;1;0;0;0;0;0;1;0;0;;
249274;4;3;2015;10:30;9111;AV EDUARDO GIRAO;RUA DEP OSWALDO STUDART;;0;;Colis?úo Lateral;Luz do Dia;Bom;Seca;Cruz;Sem?íforo;Comercial;0;0;2;1;1;0;0;0;0;0;0;0;-3,755323000000000;-38,529775000000000
249275;4;3;2015;12:20;0;AV DES MOREIRA;;;1500;;Colis?úo Lateral;Luz do Dia;Bom;Seca;Meio de Quadra;N?úo H?í Controle;Comercial;0;0;2;1;0;0;0;0;0;0;0;0;-3,738888000000000;-38,499189000000000
249242;4;3;2015;22:00;0;AV ALBERTO CRAVEIRO;;;2770;CASTELAO;Colis?úo Lateral;Via Iluminada;Bom;Seca;Meio de Quadra;N?úo H?í Controle;Comercial;0;1;1;0;0;0;0;0;0;1;0;0;-3,805335000000000;-38,523255000000000
260493;4;3;2015;03:04;0;AV J CJ JOSE WALTER;;;0;;Queda;;;;Meio de Quadra;;;0;1;0;0;0;0;0;0;0;1;0;0;;
260494;4;3;2015;06:35;0;RUA MARIA GOMES DE SA;;;0;;Colis?úo;Luz do Dia;;;Meio de Quadra;;;0;1;0;0;0;0;0;0;0;0;0;0;;
260497;4;3;2015;08:08;0;AV SGT HERMINIO SAMPAIO;;;0;;Colis?úo;Luz do Dia;;;Meio de Quadra;;;0;1;0;0;0;0;0;0;0;0;0;0;-3,729375000000000;-38,573788000000000
260498;4;3;2015;09:45;0;RUA AFONSO LOPES;;;0;;Queda;Luz do Dia;;;Meio de Quadra;;;0;1;0;0;0;0;0;0;0;1;0;0;-3,790039000000000;-38,547286000000000
264634;4;3;2015;10:45;0;AV BEZERRA DE MENEZES;;;0;;Colis?úo;Luz do Dia;;;Meio de Quadra;;;0;0;2;0;0;0;0;0;0;0;0;0;;
264635;4;3;2015;10:58;0;AV GOV RAUL BARBOSA;;;1330;;Colis?úo;Luz do Dia;;;Meio de Quadra;;;0;0;2;0;0;0;0;0;0;0;0;0;-3,761985000000000;-38,508133000000000
264636;4;3;2015;16:15;1285;AV DOM LUIS;RUA VIS MAUA;;0;;Colis?úo;Luz do Dia;;;Cruz;Pare;Comercial;0;0;2;0;0;0;0;0;0;0;0;0;-3,732923000000000;-38,498390000000000
264637;4;3;2015;18:31;0;RUA PAULO R PINHEIRO;;;113;;Colis?úo;;;;Meio de Quadra;;;0;0;2;0;0;0;0;0;0;0;0;0;-3,758549000000000;-38,488719000000000
264638;4;3;2015;19:10;0;AV PRS COSTA E SILVA;;;4826;;Colis?úo;;;;Meio de Quadra;;;0;0;2;0;0;0;0;0;0;0;0;0;-3,826456000000000;-38,537293000000000
264639;4;3;2015;21:02;0;AV 13 DE MAIO;;;0;;Colis?úo;;;;Meio de Quadra;;;0;0;2;0;0;0;0;0;0;0;0;0;;
264640;4;3;2015;20:13;0;AV JOR THOMAZ COELHO;;;0;;Atropelamento;;;;Meio de Quadra;;;0;0;2;0;0;0;0;0;0;0;0;0;;
264641;4;3;2015;22:38;0;RUA TEODORO DE CASTRO;;;3838;;Colis?úo;;;;Meio de Quadra;;;0;0;2;0;0;0;0;0;0;0;0;0;;
259776;4;3;2015;08:22;0;TR SANTOS DUMONT;;;0;;Colis?úo;Luz do Dia;;;Meio de Quadra;;;0;0;2;1;0;0;1;0;0;0;0;0;;
259779;4;3;2015;12:23;0;AV MIGUEL DIAS;;;0;;Colis?úo;Luz do Dia;;;Meio de Quadra;;;0;0;2;1;0;0;0;0;0;0;0;0;;