COD_ACIDENTE;DIA;MES;ANO;HORA;INTERSECAO;LOG1;LOG2;LOG3;NUMERO;REFERENCIA;NATUREZA;ILUMINACAO;TEMPO;SUPERFICIEPISTA;TIPOCRUZAMENTO;CONTROLETRAFEGO;USOSOLO;MORTOS;FERIDOS;ILESOS;AUTOMOVEL;ONIBUS;BICICLETA;CAMINHAO;MICROONIBUS;CICLOMOTOR;MOTOCICLETA;TRACAOANIMAL;TREM;LATITUDE;LONGITUDE
259780;4;3;2015;17:27;0;RUA CEL FRANCISCO ALVES RIBEIRO;;;0;;Colis?úo;Anoitecer;;;Meio de Quadra;;;0;0;2;1;0;0;0;0;0;0;0;0;;
259781;4;3;2015;23:05;0;RUA TEODOMIRO DE CASTRO;;;0;;Colis?úo;;;;Meio de Quadra;;;0;0;2;1;0;0;0;0;0;0;0;0;;
259819;5;3;2015;11:51;7831;RUA NUNES VALENTE;RUA CEL ALVES TEIXEIRA;;0;;Colis?úo;Luz do Dia;;;Cruz;Pare;Comercial;0;0;2;1;0;0;0;0;0;0;0;0;-3,746860000000000;-38,507146000000000
259824;5;3;2015;12:47;0;AV GAL OSORIO DE PAIVA;;;0;;Colis?úo;Luz do Dia;;;Meio de Quadra;;;0;0;2;1;1;0;0;0;0;0;0;0;;
259821;5;3;2015;11:42;0;RUA BENI DE CARVALHO;;;0;;Colis?úo;Luz do Dia;;;;;;0;0;2;1;0;0;0;0;0;0;0;0;;
264727;5;3;2015;11:16;1311;RUA LEONARDO MOTA;RUA MARCOS MACEDO;;0;;Colis?úo;Luz do Dia;;;Cruz;Sem?íforo;Residencial;0;0;2;0;0;0;0;0;0;0;0;0;-3,734885000000000;-38,495763000000000
264728;5;3;2015;11:22;6743;AV SANTOS DUMONT;RUA ALMEIDA PRADO;;0;;Colis?úo;Luz do Dia;;;Cruz;Sem?íforo;Comercial;0;0;2;0;0;0;0;0;0;0;0;0;-3,743712000000000;-38,475153000000000
264729;5;3;2015;20:02;0;RUA ANTONIO LAFAYETTE;;;534;;Colis?úo;;;;Meio de Quadra;;;0;0;2;0;0;0;0;0;0;0;0;0;-3,732524000000000;-38,574422000000000
258568;5;3;2015;12:36;0;RD BR 222;;;0;KM-01;Colis?úo Lateral;Luz do Dia;Nublado;Molhada;Meio de Quadra;N?úo H?í Controle;Comercial;0;0;2;1;1;0;0;0;0;0;0;0;-3,737774000000000;-38,577952000000000
258570;5;3;2015;14:00;0;RD BR 222;;;0;KM-01;Colis?úo Lateral;Luz do Dia;Nublado;Molhada;Meio de Quadra;N?úo H?í Controle;Comercial;0;1;1;1;0;0;0;0;0;0;0;0;-3,737774000000000;-38,577952000000000
258590;5;3;2015;19:30;0;RD BR 116;;;0;;Colis?úo Lateral;Via Iluminada;Bom;Seca;Meio de Quadra;N?úo H?í Controle;Comercial;0;0;2;1;1;0;0;0;0;0;0;0;;
265842;5;3;2015;18:48;0;RUA MARTINS CARVALHO;;;3321;;Atropelamento;;;;Meio de Quadra;;;1;0;0;1;0;0;0;0;0;0;0;0;;
263004;5;3;2015;12:37;25003;AV SGT HERMINIO SAMPAIO;AV DR THEBERGE;;0;;Colis?úo;Luz do Dia;;;Cruz;Sem?íforo;Residencial;0;1;1;1;0;0;0;0;0;1;0;0;-3,727916000000000;-38,569276000000000
258782;5;3;2015;17:00;0;RD CE-040;;;0;KM-07;Colis?úo;Via Iluminada;;Seca;Meio de Quadra;;;0;0;2;0;0;0;1;0;0;0;0;0;-3,817953000000000;-38,483160000000000
258784;5;3;2015;17:27;0;RD CE-040;;;0;KM-01;Colis?úo;Via Iluminada;;Seca;Meio de Quadra;;;0;0;2;1;0;0;0;0;0;1;0;0;-3,754877000000000;-38,483270000000000
258779;5;3;2015;14:50;0;RD CE-040;;;0;KM-03;Colis?úo;Luz do Dia;;Seca;Meio de Quadra;;;0;0;2;1;0;0;0;0;0;0;0;0;-3,783185000000000;-38,481014000000000
258773;5;3;2015;08:20;0;RD CE-040;;;0;KM-05;Colis?úo;Luz do Dia;;Seca;Meio de Quadra;;;0;1;1;0;0;0;1;0;1;0;0;0;-3,790876000000000;-38,480349000000000
249322;5;3;2015;08:00;0;AV ENG HUMBERTO MONTE;;;2820;;Engavetamento;Luz do Dia;Nublado;Seca;Meio de Quadra;;Residencial;0;0;3;1;0;0;0;0;0;0;0;0;-3,738874000000000;-38,568942000000000
249323;5;3;2015;18:30;9033;RUA CEL SOLON;RUA DOM SEBASTIAO LEME;;0;;Colis?úo Transversal;Via Iluminada;Bom;Seca;Cruz;Pare;Misto;0;0;2;1;0;0;0;0;0;0;0;0;-3,742963000000000;-38,526799000000000
249314;5;3;2015;18:30;24982;AV ALM HENRIQUE SABOIA;RUA CAROLINA SUCUPIRA;;0;;Colis?úo Traseira;Via Iluminada;Bom;Seca;Cruz;Sem?íforo;Misto;0;1;1;1;0;0;0;0;0;1;0;0;-3,744387000000000;-38,490003000000000
249315;5;3;2015;15:40;14651;RUA LOURIVAL C PINHO;RUA JOAO REGINO;;0;;Colis?úo Frontal;Luz do Dia;Nublado;Seca;Cruz;Pare;Residencial;0;0;3;1;0;0;0;0;0;1;0;0;-3,793408000000000;-38,482706000000000
249316;5;3;2015;14:15;0;AV EDILSON B SOARES;;;140;;Colis?úo;Luz do Dia;Nublado;Seca;Meio de Quadra;N?úo H?í Controle;Comercial;0;1;1;1;0;0;0;0;0;1;0;0;-3,789758000000000;-38,484101000000000
249319;5;3;2015;15:40;9410;RUA CARNAUBAL;RUA RIO TOCANTINS;;0;;Colis?úo Lateral;Luz do Dia;Bom;Seca;Cruz;Pare;Residencial;0;0;2;1;0;0;0;0;0;1;0;0;-3,722720000000000;-38,581132000000000
249325;5;3;2015;08:35;15327;AV SEN VIRGILIO TAVORA;RUA ANA BILHAR;;0;;Colis?úo Traseira;Luz do Dia;Bom;Seca;Cruz;Sem?íforo;Comercial;0;0;2;0;1;0;0;0;0;0;0;0;-3,730893000000000;-38,491262000000000
249330;5;3;2015;21:15;9080;AV 13 DE MAIO;RUA JOAO LOBO FILHO;;0;;Colis?úo Transversal;Via Iluminada;Bom;Seca;Cruz;N?úo H?í Controle;;0;1;1;1;0;0;0;0;0;0;0;0;-3,753753000000000;-38,522342000000000
249328;5;3;2015;10:00;1339;RUA DES LEITE ALBUQUERQUE;RUA NUNES VALENTE;;0;;Colis?úo Transversal;Luz do Dia;;Seca;Cruz;Pare;Residencial;0;1;1;1;0;0;0;0;0;1;0;0;-3,735649000000000;-38,503540000000000
249345;5;3;2015;12:50;5436;RUA JAIME BENEVOLO;RUA GAL CLARINDO DE QUEIROZ;;0;;Colis?úo Transversal;Luz do Dia;Nublado;Seca;Cruz;Pare;Comercial;0;1;1;1;0;0;0;0;0;1;0;0;-3,734060000000000;-38,526017000000000
249340;5;3;2015;07:35;3768;AV DOMINGOS OLIMPIO;AV TRISTAO GONCALVES;;0;;Colis?úo Traseira;Luz do Dia;Bom;Seca;Cruz;Sem?íforo;Comercial;0;0;2;1;0;0;0;0;0;0;0;0;-3,735133000000000;-38,535613000000000
249342;5;3;2015;08:10;1275;RUA CARVALHO LIMA D09;RUA JOSE VILAR;;0;;Colis?úo Lateral;Luz do Dia;Bom;Seca;Cruz;Pare;Misto;0;1;1;1;0;0;0;0;1;0;0;0;-3,733342000000000;-38,503879000000000
249332;5;3;2015;20:50;5051;RUA SEN JAGUARIBE;RUA SEN POMPEU;;0;;Colis?úo Transversal;Via Iluminada;Bom;Seca;Cruz;Pare;Outros;0;0;2;1;0;0;0;0;0;0;0;0;-3,721667000000000;-38,528055000000000
249333;5;3;2015;17:00;0;AV PRS CASTELO BRANCO;;;0;;Colis?úo;Via Iluminada;Bom;Seca;Meio de Quadra;N?úo H?í Controle;Comercial;0;0;2;1;0;0;0;0;0;0;0;0;;
249334;5;3;2015;12:00;24240;RUA FAUSTO CABRAL;RUA JOSE CARLOS GURGEL NOGUEIRA;;0;;Colis?úo Transversal;Luz do Dia;Bom;Seca;Cruz;Pare;Misto;0;1;1;0;1;0;0;0;0;1;0;0;-3,734195000000000;-38,474615000000000
249336;5;3;2015;19:30;0;AV CASTELO DE CASTRO;;;1185;;Colis?úo Traseira;Via Iluminada;Bom;Seca;Meio de Quadra;N?úo H?í Controle;Comercial;0;1;1;1;0;0;0;0;0;1;0;0;-3,840320000000000;-38,521785000000000
249349;5;3;2015;23:40;25184;AV PRS COSTA E SILVA;RUA FRANCISCO NEPOMUCENO;;0;;Colis?úo Transversal;Via Iluminada;Nublado;Seca;T;N?úo H?í Controle;Misto;0;0;2;1;0;0;0;0;0;1;0;0;-3,830199000000000;-38,508005000000000
249351;5;3;2015;13:30;0;AV ALBERTO CRAVEIRO;;;507;MAKRO;Colis?úo Traseira;Luz do Dia;Bom;Seca;Meio de Quadra;N?úo H?í Controle;Comercial;0;0;2;1;0;0;0;0;0;0;0;0;-3,781154000000000;-38,515910000000000
249353;5;3;2015;20:50;5051;RUA SEN POMPEU;RUA SEN JAGUARIBE;;0;;Capotamento;Via Iluminada;Bom;Seca;Cruz;Pare;Comercial;0;1;1;1;0;0;0;0;0;1;0;0;-3,721667000000000;-38,528055000000000
249356;5;3;2015;07:30;0;AV BEZERRA DE MENEZES;;;1301;;Colis?úo Traseira;Luz do Dia;Bom;Seca;Meio de Quadra;;;0;1;1;1;0;0;0;0;0;1;0;0;-3,733991000000000;-38,556375000000000
249358;5;3;2015;16:15;15796;RUA PERGENTINO MAIA;RUA CEL GUILHERME ALENCAR;;0;;Colis?úo Lateral;;Bom;Seca;Cruz;;Comercial;0;0;2;1;0;0;0;0;0;1;0;0;-3,831012000000000;-38,491724000000000
249364;5;3;2015;15:20;0;RUA TEN BENEVOLO;;;2031;;Colis?úo Lateral;Luz do Dia;Nublado;Seca;Meio de Quadra;N?úo H?í Controle;Residencial;0;0;2;1;1;0;0;0;0;0;0;0;-3,729946000000000;-38,503115000000000
249365;5;3;2015;08:10;10956;RUA LIVINO DE CARVALHO;RUA EUZEBIO DE QUEIROS;;0;;Colis?úo Transversal;Luz do Dia;Bom;Seca;Cruz;Pare;Residencial;0;1;1;0;1;0;0;0;0;1;0;0;-3,771892000000000;-38,555978000000000
249366;5;3;2015;04:35;21612;RUA DOM XISTO ALBANO;RUA JOAO RAMALHO;;0;;Colis?úo Lateral;Luz do Dia;Bom;Seca;Cruz;Pare;Residencial;0;1;1;1;0;0;0;0;0;1;0;0;-3,799374000000000;-38,587726000000000
249376;5;3;2015;13:17;0;RUA EUSEBIO DE SOUZA;;;346;;Colis?úo Transversal;Luz do Dia;Bom;Seca;Meio de Quadra;N?úo H?í Controle;Misto;0;1;1;1;0;0;0;0;0;1;0;0;-3,740009000000000;-38,526259000000000
249378;5;3;2015;09:50;17350;RUA BAR SOBRAL;RUA JOAO FIRMINO;;0;;Colis?úo Transversal;Luz do Dia;Bom;Seca;Cruz;Pare;Residencial;0;2;0;0;0;0;0;0;0;1;0;0;-3,765714000000000;-38,556531000000000
249360;5;3;2015;12:20;0;RUA CEL ALVES TEIXEIRA;;;1280;;Colis?úo;Luz do Dia;Nublado;Seca;Meio de Quadra;N?úo H?í Controle;Residencial;0;0;2;1;0;0;0;0;0;0;0;0;-3,746497000000000;-38,509698000000000
249372;5;3;2015;07:00;0;AV CARAPINIMA;;;2298;;Colis?úo Lateral;Luz do Dia;Bom;Seca;Meio de Quadra;Outros;Comercial;0;0;2;1;1;0;0;0;0;0;0;0;-3,740058000000000;-38,540297000000000
249373;5;3;2015;15:40;0;AV DOMINGOS OLIMPIO;;;2105;;Colis?úo Lateral;Luz do Dia;Bom;Seca;Meio de Quadra;N?úo H?í Controle;Residencial;0;0;2;1;0;0;1;0;0;0;0;0;-3,732993000000000;-38,542388000000000
249374;5;3;2015;12:50;0;AV PRS COSTA E SILVA;;;0;JOSE WALTER;Colis?úo Transversal;Luz do Dia;Bom;Seca;Meio de Quadra;;Residencial;0;0;2;1;0;0;1;0;0;0;0;0;;
260668;5;3;2015;07:34;0;AV MR HULL;;;0;;Colis?úo;Luz do Dia;;;Meio de Quadra;;;0;1;1;1;0;0;0;0;0;1;0;0;;
260664;5;3;2015;07:22;0;AV WASHINGTON SOARES;;;0;;Queda;Luz do Dia;;;Meio de Quadra;;;0;1;0;0;0;0;0;0;0;1;0;0;;
257487;5;3;2015;10:35;0;RUA MANUEL MONTEIRO;;;780;;Colis?úo Lateral;Luz do Dia;;;Meio de Quadra;;;0;1;0;1;0;0;0;0;0;0;0;0;-3,793650000000000;-38,494075000000000
257485;5;3;2015;09:55;4612;AV OLIVEIRA PAIVA;AV WASHINGTON SOARES;;0;;Colis?úo;Luz do Dia;;;;;;0;1;0;0;0;0;1;0;0;1;0;0;-3,795695000000000;-38,479908000000000
257492;5;3;2015;15:35;0;RUA SEN ROBERT KENNEDY;;;980;;Colis?úo;Luz do Dia;;;Meio de Quadra;;;0;1;0;1;0;0;0;0;0;0;0;0;-3,708701000000000;-38,581211000000000
257495;5;3;2015;16:35;2640;RUA RAIMUNDO FROTA;RUA JANDIRA;;0;;Colis?úo;Luz do Dia;;;Cruz;Pare;Residencial;0;1;0;1;0;0;0;0;0;0;0;0;-3,714725000000000;-38,586834000000000
260709;5;3;2015;21:52;0;AV GAL OSORIO DE PAIVA;;;0;;Atropelamento;;;;Meio de Quadra;;;0;1;0;1;0;0;0;0;0;0;0;0;;
260729;5;3;2015;22:03;0;AV PERIMETRAL;;;0;;Colis?úo;;;;Meio de Quadra;;;0;1;1;1;0;0;0;0;0;1;0;0;;
260704;5;3;2015;19:27;0;AV JOAO PESSOA;;;0;;Atropelamento;;;;Meio de Quadra;;;0;1;0;0;0;0;0;0;0;0;0;0;;
260694;5;3;2015;18:46;0;RUA CEL FABRICIANO;;;0;;Colis?úo;;;;Meio de Quadra;;;0;1;0;0;0;0;0;0;0;0;0;0;;
260677;5;3;2015;08:23;0;AV N CJ JOSE WALTER;;;0;;Queda;Luz do Dia;;;Meio de Quadra;;;0;1;0;0;0;0;0;0;0;1;0;0;;
260678;5;3;2015;10:06;17350;RUA BAR SOBRAL;RUA JOAO FIRMINO;;0;;Colis?úo;Luz do Dia;;;Cruz;Pare;Residencial;0;1;0;0;0;0;0;0;0;0;0;0;-3,765714000000000;-38,556531000000000
260681;5;3;2015;13:27;0;RUA JAIME BENEVOLO;;;0;;Colis?úo;Luz do Dia;;;Meio de Quadra;;;0;1;1;1;0;0;0;0;0;1;0;0;;
260682;5;3;2015;14:08;0;AV MR HULL;;;0;;Atropelamento;Luz do Dia;;;Meio de Quadra;;;0;1;1;1;0;0;0;0;0;0;0;0;;
260683;5;3;2015;17:42;7650;AV CARNEIRO DE MENDONCA;RUA BELO HORIZONTE;;0;;Colis?úo;Anoitecer;;;Cruz;Pare;Misto;0;1;0;1;0;0;0;0;0;1;0;0;-3,763666000000000;-38,567567000000000
249442;5;3;2015;13:00;0;RUA NOGUEIRA ACIOLI;;;645;;Colis?úo Traseira;Luz do Dia;Bom;Seca;Meio de Quadra;N?úo H?í Controle;Comercial;0;0;2;0;0;0;0;0;0;0;0;0;-3,729788000000000;-38,516794000000000
259977;5;3;2015;10:55;0;AV B CJ CEARA;;;76;;Atropelamento;Luz do Dia;;;Meio de Quadra;;;1;0;1;0;0;0;0;0;0;1;0;0;;
260743;6;3;2015;11:15;17573;RUA MARANHAO;RUA ESTADO DO RIO;;0;;Colis?úo;Luz do Dia;;;;;;0;1;0;0;0;0;0;0;0;0;0;0;-3,754149000000000;-38,568106000000000
260736;6;3;2015;08:45;0;AV MAE LISBOA;;;0;;Colis?úo;Luz do Dia;;;Meio de Quadra;;;0;1;0;0;0;0;0;0;0;0;0;0;-3,806703000000000;-38,456997000000000
260762;6;3;2015;12:21;0;AV PERIMETRAL;;;0;;Queda;Luz do Dia;;;Meio de Quadra;;;0;1;0;0;0;0;0;0;0;1;0;0;;
260745;6;3;2015;11:30;0;RUA MAD ELISA BALDO;;;0;;;Luz do Dia;;;Meio de Quadra;;;0;1;0;0;0;0;0;0;0;0;0;0;;
260760;6;3;2015;11:36;0;AV MIN JOSE AMERICO;;;0;;Colis?úo;Luz do Dia;;;Meio de Quadra;;;0;1;0;0;0;0;0;0;0;0;0;0;;
260770;6;3;2015;14:22;12699;AV MAJ ASSIS;AV CEL CARVALHO;;0;;Atropelamento;Luz do Dia;;;Cruz;Sem?íforo;Residencial;0;1;0;1;0;0;0;0;0;0;0;0;-3,723796000000000;-38,586255000000000
260771;6;3;2015;14:29;10011;RUA DUAS NACOES;RUA CARLOS CHAGAS;;0;;Colis?úo;Luz do Dia;;;;;;0;1;1;1;0;0;0;0;0;1;0;0;-3,775462000000000;-38,601634000000000
260772;6;3;2015;15:03;19686;AV BEZERRA DE MENEZES;RUA ERICO MOTA;;0;;Atropelamento;Luz do Dia;;;Cruz;Sem?íforo;Comercial;0;1;1;0;0;0;0;0;0;1;0;0;-3,735357000000000;-38,562991000000000
260773;6;3;2015;16:32;0;RUA VINTE E QUATRO DE MAIO;;;0;;Atropelamento;Luz do Dia;;;Meio de Quadra;;;0;1;1;1;0;0;0;0;0;0;0;0;-3,732279000000000;-38,533739000000000
260775;6;3;2015;17:01;0;AV DUQ CAXIAS;;;0;;Choque c/ Obst?ículo Fixo;Anoitecer;;;Meio de Quadra;;;0;1;0;1;0;0;0;0;0;0;0;0;-3,728676000000000;-38,539517000000000
260777;6;3;2015;20:06;0;RUA BERNARDO MANUEL;;;0;;Atropelamento;;;;Meio de Quadra;;;0;1;1;1;0;0;0;0;0;0;0;0;-3,786381000000000;-38,547614000000000
260779;6;3;2015;21:34;2573;AV FRANCISCO SA;RUA GRACA ARANHA;;0;;Atropelamento;;;;Cruz;Pare;Residencial;0;1;1;0;0;0;0;0;0;1;0;0;-3,711611000000000;-38,574359000000000
260782;6;3;2015;23:05;0;AV DR SILAS MUNGUBA;;;0;;Atropelamento;;;;Meio de Quadra;;;0;1;1;1;0;0;0;0;0;0;0;0;-3,788665000000000;-38,545180000000000
257496;6;3;2015;10:50;0;RUA GAL AFONSO A LIMA;;;130;;Colis?úo;Luz do Dia;;;Meio de Quadra;;;0;1;0;1;0;0;0;0;0;0;0;0;-3,809901000000000;-38,489537000000000
257499;6;3;2015;16:45;0;AV ABOLICAO;;;2727;CLUBE DO NAUTICO;Engavetamento;Luz do Dia;;;Meio de Quadra;;;0;1;0;1;0;0;0;0;0;0;0;0;-3,727318000000000;-38,495392000000000
257504;6;3;2015;16:50;0;AV MAE LISBOA;;;2550;;Outros;Luz do Dia;;Seca;Meio de Quadra;;;0;1;2;1;0;0;0;0;0;1;0;0;-3,806660000000000;-38,456793000000000
249375;6;3;2015;12:45;25038;RUA PDE PEDRO DE ALENCAR;RUA JOSE HIPOLITO;;0;;Colis?úo Lateral;Luz do Dia;Bom;Seca;Cruz;Sem?íforo;Comercial;0;0;2;1;0;0;1;0;0;0;0;0;-3,832741000000000;-38,494029000000000
249361;6;3;2015;01:50;10031;RUA TAUBATE;RUA BIAS MENDES;;0;;Colis?úo Transversal;Via Iluminada;Bom;Seca;Cruz;N?úo H?í Controle;Residencial;0;1;1;1;0;0;0;0;0;1;0;0;;
249362;6;3;2015;11:00;0;RUA PRO CARVALHO;;;3060;;Colis?úo Lateral;Luz do Dia;Bom;Seca;Meio de Quadra;N?úo H?í Controle;Residencial;0;0;2;1;0;0;0;0;0;0;0;0;-3,751344000000000;-38,515225000000000
249363;6;3;2015;23:30;0;AV FRE CIRILO;;;4843;;Colis?úo Traseira;Via Iluminada;Bom;Seca;Meio de Quadra;N?úo H?í Controle;Residencial;0;1;1;1;0;0;0;0;0;1;0;0;-3,826193000000000;-38,493517000000000
249379;6;3;2015;13:20;0;AV BEIRA MAR;;;2190;;Colis?úo Traseira;Luz do Dia;Bom;Seca;Meio de Quadra;Outros;Comercial;0;0;2;1;0;0;0;0;0;0;0;0;-3,724614000000000;-38,501032000000000
249380;6;3;2015;07:20;0;AV EDUARDO GIRAO;;;931;;Colis?úo Traseira;Luz do Dia;Bom;Seca;Meio de Quadra;Outros;Comercial;0;0;2;1;0;0;0;0;0;0;0;0;-3,754044000000000;-38,531047000000000
249377;6;3;2015;13:20;0;RUA CEL FRANCISCO PEREIRA (MESSEJANA);;;384;;Colis?úo Transversal;Luz do Dia;Bom;Seca;Meio de Quadra;N?úo H?í Controle;Comercial;0;0;2;1;0;0;0;0;0;0;0;0;-3,832303000000000;-38,493026000000000
249384;6;3;2015;06:54;1324;RUA TORRES CAMARA;RUA DR JOSE LOURENCO;;0;;Colis?úo Transversal;Luz do Dia;Bom;Seca;Cruz;Pare;Comercial;0;0;2;1;0;0;0;0;0;0;0;0;-3,735281000000000;-38,508053000000000
249392;6;3;2015;13:15;9148;RUA DOM SEBASTIAO LEME;RUA GUILHERME MOREIRA;;0;;;Luz do Dia;Bom;Seca;Cruz;Pare;Residencial;0;0;2;1;0;0;0;0;0;0;0;0;-3,750073000000000;-38,525590000000000
249393;6;3;2015;12:30;0;RUA FRANCISCO F BAIMA;;;312;;Colis?úo Traseira;Luz do Dia;Bom;Seca;Meio de Quadra;N?úo H?í Controle;Residencial;0;0;2;1;0;0;0;0;0;0;0;0;-3,829988000000000;-38,485967000000000
249367;6;3;2015;23:00;12837;AV DOMINGOS OLIMPIO;RUA JAIME BENEVOLO;;0;;Colis?úo Transversal;Via Iluminada;Bom;Seca;Cruz;Sem?íforo;Comercial;0;0;2;1;0;0;0;0;0;0;0;0;-3,737780000000000;-38,527245000000000
249368;6;3;2015;14:40;17433;RUA CESAR ROSSAS;RUA PRO TEODORICO;;0;;Colis?úo Frontal;Luz do Dia;Bom;Seca;Y;N?úo H?í Controle;Comercial;0;0;2;0;0;0;0;0;0;1;0;0;-3,768770000000000;-38,553473000000000
249369;6;3;2015;07:30;17908;RUA BANVAR BEZERRA;AV SGT HERMINIO SAMPAIO;;0;;Colis?úo Lateral;Luz do Dia;Nublado;Molhada;Cruz;Sem?íforo;Comercial;0;0;2;1;0;0;1;0;0;0;0;0;-3,731982000000000;-38,580411000000000
249370;6;3;2015;06:00;0;AV GAL OSORIO DE PAIVA;;;2982;;Colis?úo Lateral;Luz do Dia;Bom;Seca;Meio de Quadra;Outros;Residencial;0;0;2;1;0;0;1;0;0;0;0;0;-3,789314000000000;-38,587085000000000
249371;6;3;2015;07:40;0;RUA TEN JOSE NEWTON;;;271;;Colis?úo Traseira;Luz do Dia;Bom;Seca;Meio de Quadra;Outros;Residencial;0;0;2;1;1;0;0;0;0;0;0;0;-3,824920000000000;-38,491682000000000
249359;6;3;2015;09:45;3771;AV DA UNIVERSIDADE;AV DOMINGOS OLIMPIO;;0;;Colis?úo Lateral;Luz do Dia;Bom;Seca;Cruz;Sem?íforo;Comercial;0;1;1;0;1;0;0;0;0;1;0;0;-3,735594000000000;-38,534216000000000
249357;6;3;2015;09:30;4194;AV FRANCISCO SA;AV TEN LISBOA;;0;;Colis?úo Transversal;Luz do Dia;Bom;Seca;Y;Pare;Misto;0;0;2;1;0;0;0;0;0;0;0;0;-3,717874000000000;-38,555953000000000
249354;6;3;2015;18:00;7903;RUA CEL LINHARES;AV ANTONIO SALES;;0;;Colis?úo Traseira;Anoitecer;Bom;Seca;Cruz;Pare;Comercial;0;1;1;1;0;0;0;0;0;1;0;0;-3,746964000000000;-38,497481000000000
249355;6;3;2015;07:40;4194;AV FRANCISCO SA;AV TEN LISBOA;;0;;Colis?úo Transversal;Luz do Dia;Bom;Seca;Y;Pare;Misto;0;0;2;1;1;0;0;0;0;0;0;0;-3,717874000000000;-38,555953000000000
249352;6;3;2015;17:45;15254;AV ANTONIO JUSTA;RUA VICENTE LEITE;;0;;Colis?úo Traseira;Anoitecer;Bom;Seca;Cruz;Pare;Residencial;0;0;2;1;0;0;0;0;0;0;0;0;-3,728280000000000;-38,492584000000000
249337;6;3;2015;19:00;25735;RUA DR JOSE FURTADO;RUA VIRGILIO PAES;;0;;Colis?úo Frontal;Via Iluminada;Bom;Seca;Cruz;Pare;Residencial;0;0;2;1;0;0;0;0;0;0;0;0;-3,797220000000000;-38,488225000000000
249338;6;3;2015;15:00;0;AV AGUANAMBI;;;72;;Colis?úo Lateral;Luz do Dia;Bom;Seca;Meio de Quadra;Outros;Comercial;0;0;2;1;0;0;1;0;0;0;0;0;-3,737697000000000;-38,524252000000000
249339;6;3;2015;14:00;0;AV DUQ CAXIAS;;;901;;Colis?úo Transversal;Luz do Dia;Bom;Seca;Meio de Quadra;;Comercial;0;0;2;1;0;0;0;0;0;1;0;0;-3,731072000000000;-38,532107000000000
249335;6;3;2015;17:25;0;AV PRS COSTA E SILVA;;;2560;;Colis?úo Lateral;Via Iluminada;Bom;Seca;Meio de Quadra;N?úo H?í Controle;Residencial;0;0;4;1;0;0;0;0;0;0;0;0;-3,820658000000000;-38,559294000000000
249343;6;3;2015;07:30;0;AV DES MOREIRA;;;1500;HOSPITAL DO EXERCITO;Colis?úo Lateral;Luz do Dia;Bom;Seca;Meio de Quadra;N?úo H?í Controle;Comercial;0;1;1;1;0;0;0;0;0;1;0;0;-3,738888000000000;-38,499189000000000
249344;6;3;2015;09:30;0;AV DR SILAS MUNGUBA;;;0;;Colis?úo Traseira;Luz do Dia;Bom;Seca;Meio de Quadra;Sem?íforo;Comercial;0;0;3;1;0;0;0;0;0;0;0;0;;
249341;6;3;2015;15:10;0;AV OLIVEIRA PAIVA;;;990;;Colis?úo Traseira;Luz do Dia;Bom;Seca;Meio de Quadra;N?úo H?í Controle;Comercial;0;0;2;1;1;0;0;0;0;0;0;0;;
249346;6;3;2015;10:30;0;AV DR SILAS MUNGUBA;;;4266;;Colis?úo Lateral;Luz do Dia;Bom;Seca;Meio de Quadra;N?úo H?í Controle;Comercial;0;0;2;1;0;0;1;0;0;0;0;0;-3,791390000000000;-38,537488000000000
249348;6;3;2015;08:00;0;AV EDUARDO GIRAO;AV LUCIANO CARNEIRO;AV DOS EXPEDICIONARIOS;0;;Colis?úo;Luz do Dia;Bom;Seca;Meio de Quadra;N?úo H?í Controle;Outros;0;1;2;1;0;0;0;0;0;1;0;0;;
249382;6;3;2015;16:30;5392;RUA PINTO MADEIRA;RUA NOGUEIRA ACIOLI;;0;;Colis?úo Transversal;Luz do Dia;Bom;Seca;Cruz;Pare;Misto;0;0;2;1;0;0;0;0;0;0;0;0;-3,732292000000000;-38,517559000000000
249389;6;3;2015;16:30;0;RUA GUILHERME ROCHA;;;0;;Atropelamento;Luz do Dia;Bom;Seca;Meio de Quadra;N?úo H?í Controle;Comercial;0;1;1;1;0;0;0;0;0;0;0;0;;
249409;6;3;2015;10:20;5357;RUA PEDRO I;RUA MAJ FACUNDO;;0;;Colis?úo Transversal;Luz do Dia;Bom;Seca;Cruz;Pare;Comercial;0;0;2;1;0;0;0;0;0;0;0;0;-3,731113000000000;-38,528990000000000
249410;6;3;2015;13:45;22055;AV JOSE BASTOS;RUA PDE CICERO;;0;;Colis?úo Lateral;Luz do Dia;Bom;Seca;T;N?úo H?í Controle;Comercial;0;0;2;1;1;0;0;0;0;0;0;0;-3,744462000000000;-38,544887000000000
249329;6;3;2015;17:20;1299;RUA ANTONIO AUGUSTO;RUA FIUZA DE PONTES;;0;;Colis?úo Lateral;Anoitecer;Bom;Seca;Cruz;Pare;Misto;0;0;2;1;0;0;0;0;0;0;0;0;-3,734379000000000;-38,514739000000000