COD_ACIDENTE;DIA;MES;ANO;HORA;INTERSECAO;LOG1;LOG2;LOG3;NUMERO;REFERENCIA;NATUREZA;ILUMINACAO;TEMPO;SUPERFICIEPISTA;TIPOCRUZAMENTO;CONTROLETRAFEGO;USOSOLO;MORTOS;FERIDOS;ILESOS;AUTOMOVEL;ONIBUS;BICICLETA;CAMINHAO;MICROONIBUS;CICLOMOTOR;MOTOCICLETA;TRACAOANIMAL;TREM;LATITUDE;LONGITUDE
249324;6;3;2015;16:00;22271;RUA ANTONINA DO NORTE;RUA ANTONIO DRUMONT;;0;;Colis?úo Transversal;Luz do Dia;Bom;Seca;Duplo T;Pare;Residencial;0;0;2;1;0;0;0;0;0;0;0;0;-3,727986000000000;-38,553726000000000
258793;6;3;2015;07:10;0;RD CE-040;;;0;KM-10;Colis?úo;Luz do Dia;;Seca;Meio de Quadra;;;0;0;2;1;0;0;0;0;0;0;0;0;-3,838671000000000;-38,480068000000000
258591;6;3;2015;01:00;0;RD BR 116;;;3000;KM-03;Colis?úo Lateral;Via Iluminada;Chuva;Molhada;Meio de Quadra;N?úo H?í Controle;Comercial;0;1;1;0;0;0;0;0;0;1;0;0;-3,779838000000000;-38,514372000000000
258592;6;3;2015;11:30;0;RD BR 116;;;2000;KM-02;Colis?úo Traseira;Luz do Dia;Bom;Seca;Meio de Quadra;N?úo H?í Controle;Comercial;0;0;2;1;0;0;1;0;0;0;0;0;-3,771391000000000;-38,516780000000000
264730;6;3;2015;08:20;0;RUA COS LAFAYETE;;;963;;Colis?úo;Luz do Dia;;;Meio de Quadra;;;0;0;2;0;0;0;0;0;0;0;0;0;-3,717589000000000;-38,587023000000000
264731;6;3;2015;10:24;8953;RUA TEOFILO GURGEL;AV BEZERRA DE MENEZES;;0;;Colis?úo;Luz do Dia;;;Cruz;N?úo H?í Controle;Comercial;0;0;2;0;0;0;0;0;0;0;0;0;-3,731856000000000;-38,546109000000000
264732;6;3;2015;11:23;0;RUA UM (MONDUBIM);;;2380;;Colis?úo;Luz do Dia;;;Meio de Quadra;;;0;0;2;0;0;0;0;0;0;0;0;0;;
264733;6;3;2015;14:49;0;RUA I ESPL MESSEJANA;;;0;;Colis?úo;Luz do Dia;;;Meio de Quadra;;;0;0;2;0;0;0;0;0;0;0;0;0;;
264734;6;3;2015;15:25;0;AV MAJ ASSIS;;;2495;;Colis?úo;Luz do Dia;;;Meio de Quadra;;;0;0;2;0;0;0;0;0;0;0;0;0;-3,720082000000000;-38,602395000000000
264735;6;3;2015;15:30;0;RUA BENTO GONCALVES;;;815;;Colis?úo;Luz do Dia;;;Meio de Quadra;;;0;0;2;0;0;0;0;0;0;0;0;0;-3,812166000000000;-38,587806000000000
264736;6;3;2015;16:35;0;RUA CUIABA;;;26;;Colis?úo;Luz do Dia;;;Meio de Quadra;;;0;0;2;0;0;0;0;0;0;0;0;0;-3,772565000000000;-38,572452000000000
264737;6;3;2015;16:46;0;RUA PARAGUACU D45;;;724;;Colis?úo;Luz do Dia;;;Meio de Quadra;;;0;0;2;0;0;0;0;0;0;0;0;0;-3,782656000000000;-38,538073000000000
264738;6;3;2015;19:12;9653;RUA FRANCISCO PAIVA;RUA BOM JESUS (GRANJA LISBOA);;0;;Colis?úo;;;;Cruz;N?úo H?í Controle;Residencial;0;0;2;0;0;0;0;0;0;0;0;0;-3,790241000000000;-38,614088000000000
264739;6;3;2015;19:24;743;AV PRS CASTELO BRANCO;AV PASTEUR;;0;;Colis?úo;;;;Cruz;Sem?íforo;Comercial;0;0;2;0;0;0;0;0;0;0;0;0;-3,711181000000000;-38,558856000000000
264740;6;3;2015;21:25;0;RUA HENRIQUE RABELO;;;0;;Colis?úo;;;;Meio de Quadra;;;0;0;2;0;0;0;0;0;0;0;0;0;;
264741;6;3;2015;21:59;0;AV DUQ CAXIAS;;;2240;;Colis?úo;;;;Meio de Quadra;;;0;0;2;0;0;0;0;0;0;0;0;0;-3,727138000000000;-38,544158000000000
259826;6;3;2015;15:28;13449;RUA CARLOS VASCONCELOS;RUA TOMAS ACIOLI;;0;;Colis?úo;Luz do Dia;;;Cruz;Pare;Comercial;0;0;2;1;0;0;0;0;0;0;0;0;-3,743445000000000;-38,514219000000000
259834;6;3;2015;10:52;0;RUA TEOFILO GURGEL;;;0;;Colis?úo;Luz do Dia;;;Meio de Quadra;;;0;0;2;0;0;0;1;0;0;0;0;0;;
259836;6;3;2015;19:42;8953;AV BEZERRA DE MENEZES;RUA TEOFILO GURGEL;;0;;Colis?úo;;;;Cruz;N?úo H?í Controle;Comercial;0;0;2;1;1;0;0;0;0;0;0;0;-3,731856000000000;-38,546109000000000
259838;6;3;2015;19:43;0;AV DOMINGOS OLIMPIO;;;0;;Colis?úo;;;;Meio de Quadra;;;0;0;2;1;0;0;0;0;0;0;0;0;;
259839;7;3;2015;02:02;0;RUA SILVA PAULET;;;0;;Colis?úo;;;;Meio de Quadra;;;0;0;4;1;0;0;0;0;0;0;0;0;;
259851;7;3;2015;23:25;11761;RUA JACINTO MATOS;AV PRS CASTELO BRANCO;;0;;Engavetamento;;;;T;Sem?íforo;Residencial;0;0;5;1;0;0;0;0;0;0;0;0;-3,714630000000000;-38,546333000000000
259847;7;3;2015;12:26;0;RUA GAL SAMPAIO;;;0;;Colis?úo;Luz do Dia;;;Meio de Quadra;;;0;0;2;1;1;0;0;0;0;0;0;0;;
259848;7;3;2015;16:43;0;RUA BERNARDO MANUEL;;;9287;;Colis?úo;Luz do Dia;;;Meio de Quadra;;;0;0;2;1;0;0;0;0;0;0;0;0;-3,800962000000000;-38,552100000000000
260835;7;3;2015;22:18;5407;AV DUQ CAXIAS;RUA SOLON PINHEIRO;;0;;Colis?úo;;;;Cruz;Sem?íforo;Comercial;0;1;1;1;0;0;0;0;0;1;0;0;-3,732704000000000;-38,527034000000000
260831;7;3;2015;21:56;0;AV AUGUSTO DOS ANJOS;;;0;;Queda;;;;Meio de Quadra;;;0;1;0;0;0;0;0;0;0;1;0;0;-3,785040000000000;-38,583365000000000
260832;7;3;2015;21:37;0;AV CASTELO DE CASTRO;;;885;;Colis?úo;;;;Meio de Quadra;;;0;1;1;0;0;0;0;0;0;0;0;0;-3,837344000000000;-38,521702000000000
260829;7;3;2015;22:30;0;RUA OSCAR ARARIPE;RUA VALDEMAR PAES;;1204;;Colis?úo;;;;;;;0;1;1;0;0;0;0;0;0;0;0;0;-3,790284000000000;-38,602178000000000
260826;7;3;2015;20:38;0;AV PRS CASTELO BRANCO;;;4707;CIES;Atropelamento;;;;Meio de Quadra;;;0;1;1;0;0;0;0;0;0;1;0;0;-3,706181000000000;-38,574524000000000
260827;7;3;2015;21:50;0;RD BR 116;;;0;;Queda;;;;Meio de Quadra;;;0;1;0;0;0;0;0;0;0;1;0;0;;
260823;7;3;2015;21:00;0;RUA COS ARAUJO LIMA;TR MARA;;0;;Colis?úo;;;;;;;0;1;1;1;0;0;0;0;0;1;0;0;;
260813;7;3;2015;18:51;0;AV MR HULL;;;0;;Queda;;;;Meio de Quadra;;;0;1;0;0;0;0;0;0;0;1;0;0;;
260814;7;3;2015;19:28;24954;AV ALM HENRIQUE SABOIA;RUA DR JOSE LINO;;0;;Atropelamento;;;;Outros;N?úo H?í Controle;Residencial;0;1;1;0;0;0;0;0;0;1;0;0;-3,730972000000000;-38,481934000000000
260815;7;3;2015;19:48;84;AV MR HULL;RUA PDE PERDIGAO SAMPAIO;;0;;Colis?úo;;;;;;;0;1;1;1;0;0;0;0;0;1;0;0;-3,740113000000000;-38,594635000000000
260816;7;3;2015;20:27;0;AV AUGUSTO DOS ANJOS;;;0;;Colis?úo;;;;Meio de Quadra;;;0;1;1;1;0;0;0;0;0;1;0;0;-3,785040000000000;-38,583365000000000
258611;7;3;2015;18:30;0;RD BR 222;;;0;KM-02;Colis?úo Transversal;Anoitecer;Bom;Molhada;Meio de Quadra;N?úo H?í Controle;Comercial;0;1;1;1;0;0;0;0;0;1;0;0;-3,738951000000000;-38,586880000000000
258608;7;3;2015;07:20;0;RD BR 020;;;0;;Colis?úo Frontal;Luz do Dia;Chuva;Molhada;Meio de Quadra;N?úo H?í Controle;Misto;0;0;3;1;0;0;1;0;0;0;0;0;;
258604;7;3;2015;05:50;0;RD BR 222;;;0;KM-01;Colis?úo Traseira;Amanhecer;Bom;Seca;Meio de Quadra;N?úo H?í Controle;Comercial;0;1;1;0;0;0;0;0;0;1;0;0;-3,737774000000000;-38,577952000000000
258625;7;3;2015;23:15;0;RD BR 116;;;15000;KM-15;Atropelamento de Animal;Via Iluminada;Nublado;Seca;Meio de Quadra;N?úo H?í Controle;Comercial;0;1;0;1;0;0;0;0;0;0;0;0;-3,882329000000000;-38,501113000000000
258619;7;3;2015;21:50;0;RD BR 116;;;7000;KM-07;Queda;Via Iluminada;Bom;Seca;Meio de Quadra;N?úo H?í Controle;Comercial;0;1;0;0;0;0;0;0;0;1;0;0;-3,813246000000000;-38,501101000000000
258615;7;3;2015;19:00;0;RD BR 222;;;0;KM-02;Colis?úo Lateral;Via Iluminada;Nublado;Seca;Meio de Quadra;N?úo H?í Controle;Comercial;0;0;2;1;0;0;1;0;0;0;0;0;-3,738951000000000;-38,586880000000000
258811;7;3;2015;13:00;0;RD CE-040;;;0;KM-08;Colis?úo;Luz do Dia;;Seca;Meio de Quadra;;;0;0;2;1;0;0;1;0;0;0;0;0;-3,823332000000000;-38,481317000000000
258814;7;3;2015;12:15;0;RD CE-040;;;0;KM-07;Colis?úo;Luz do Dia;;Molhada;Meio de Quadra;;;0;0;2;0;0;0;0;0;0;0;0;0;-3,817953000000000;-38,483160000000000
258816;7;3;2015;15:00;0;RD CE-040;;;0;KM-06;Colis?úo;Luz do Dia;Bom;;Meio de Quadra;;;0;0;3;1;0;0;0;0;0;0;0;0;-3,811270000000000;-38,478781000000000
249390;7;3;2015;14:50;5433;RUA METON DE ALENCAR;RUA MAJ FACUNDO;;0;;Colis?úo Transversal;Luz do Dia;Nublado;Seca;Cruz;Pare;Comercial;0;0;2;1;0;0;0;0;0;0;0;0;-3,733917000000000;-38,529899000000000
249391;7;3;2015;16:45;22298;AV BEZERRA DE MENEZES;RUA JOSE CANDIDO D08;;0;;Colis?úo Lateral;Luz do Dia;Nublado;Seca;T;Sem?íforo;Comercial;0;0;2;1;1;0;0;0;0;0;0;0;-3,732988000000000;-38,551501000000000
249394;7;3;2015;21:00;26190;AV AUGUSTO DOS ANJOS;RUA SOUSA CARVALHO;;0;;Colis?úo Frontal;Via Iluminada;Bom;Seca;T;Pare;Comercial;0;1;1;1;0;0;0;0;0;1;0;0;-3,785105000000000;-38,583417000000000
249395;7;3;2015;18:00;0;AV LUCIANO CARNEIRO;;;0;;Colis?úo Traseira;Via Iluminada;Chuva;Seca;Meio de Quadra;Sem?íforo Intermitente;Residencial;0;0;3;1;0;0;0;0;0;0;0;0;;
249396;7;3;2015;18:45;2573;AV FRANCISCO SA;RUA GRACA ARANHA;;0;;Colis?úo Lateral;Via Iluminada;;Seca;Cruz;Pare;Residencial;0;0;2;1;0;0;0;0;0;0;0;0;-3,711611000000000;-38,574359000000000
249397;7;3;2015;11:10;12863;AV DOMINGOS OLIMPIO;RUA FLORIANO PEIXOTO;;0;;Colis?úo Transversal;Luz do Dia;Nublado;Molhada;Cruz;Pare;Comercial;0;0;2;1;0;0;0;0;0;0;0;0;-3,736976000000000;-38,530313000000000
249398;7;3;2015;05:00;0;RUA ALMEIDA PRADO;;;340;;Colis?úo Transversal;Amanhecer;Nublado;Molhada;Meio de Quadra;N?úo H?í Controle;Residencial;0;0;2;1;0;0;0;0;0;0;0;0;;
249399;7;3;2015;07:30;19611;AV GODOFREDO MACIEL;RUA NEREU RAMOS;;0;;Colis?úo Transversal;Luz do Dia;Chuva;Seca;T;Sem?íforo;Comercial;0;0;2;1;0;0;0;0;0;0;0;0;-3,787250000000000;-38,566802000000000
249401;7;3;2015;13:10;5099;AV TRISTAO GONCALVES;RUA SEN ALENCAR;;0;;Colis?úo Transversal;Luz do Dia;Nublado;Molhada;Cruz;Pare;Comercial;0;0;2;1;1;0;0;0;0;0;0;0;-3,723524000000000;-38,532122000000000
249402;7;3;2015;09:00;0;AV WENEFRIDO MELO;;;0;;;Luz do Dia;Chuva;Molhada;Meio de Quadra;Outros;Outros;0;0;2;0;1;0;0;0;0;0;0;0;;
249403;7;3;2015;13:30;9142;RUA GUILHERME MOREIRA;RUA MON OTAVIO CASTRO;;0;;Colis?úo Transversal;Luz do Dia;Bom;Seca;Cruz;Pare;Residencial;0;0;2;1;0;0;0;0;0;0;0;0;-3,750182000000000;-38,526504000000000
249385;7;3;2015;13:00;0;AV ALBERTO CRAVEIRO;;;999;;Colis?úo Traseira;Luz do Dia;Nublado;Seca;Meio de Quadra;N?úo H?í Controle;Residencial;0;0;2;1;0;0;0;0;0;0;0;0;-3,787436000000000;-38,517144000000000
249386;7;3;2015;06:10;12479;RUA PERDIGAO DE OLIVEIRA;AV AUGUSTO DOS ANJOS;;0;;Colis?úo Transversal;Luz do Dia;Nublado;Seca;Cruz;Sem?íforo;Misto;0;1;1;0;1;0;0;0;0;1;0;0;-3,775131000000000;-38,574712000000000
249387;7;3;2015;17:40;5030;RUA ALM JACEGUAI;AV ALM BARROSO;;0;;Colis?úo Lateral;Anoitecer;Nublado;Molhada;T;N?úo H?í Controle;Comercial;0;1;1;1;0;0;1;0;0;0;0;0;-3,720749000000000;-38,519363000000000
257508;7;3;2015;02:23;24614;RUA G CJ VILA VELHA;AV K CJ PLANALTO BARRA;;0;;Colis?úo Lateral;;;;;;;0;1;0;1;0;0;0;0;0;1;0;0;-3,712634000000000;-38,602474000000000
260806;7;3;2015;15:27;0;AV GODOFREDO MACIEL;;;0;;Atropelamento;Luz do Dia;;;Meio de Quadra;;;0;1;1;0;0;0;0;0;0;1;0;0;;
260807;7;3;2015;18:30;0;AV MOZART PINHEIRO DE LUCENA;;;1240;;Colis?úo;Anoitecer;;;;;;0;1;1;1;0;0;0;0;0;1;0;0;-3,713496000000000;-38,594317000000000
260787;7;3;2015;04:13;15260;RUA ANA BILHAR;RUA JOAQUIM NABUCO;;0;;Queda;;;;Cruz;Sem?íforo;Residencial;0;0;2;1;0;0;0;0;0;0;0;0;-3,728382000000000;-38,499077000000000
260792;7;3;2015;06:02;0;RUA PERDIGAO DE OLIVEIRA;;;0;;Colis?úo;Luz do Dia;;;Meio de Quadra;;;0;1;0;0;0;0;0;0;0;0;0;0;-3,774811000000000;-38,576955000000000
260789;7;3;2015;06:00;0;AV MR HULL;;;0;;Colis?úo;Luz do Dia;;;Meio de Quadra;;;0;1;1;1;0;0;0;0;0;1;0;0;;
260800;7;3;2015;19:16;0;AV GAL OSORIO DE PAIVA;;;0;;Atropelamento;Luz do Dia;;;Meio de Quadra;;;0;1;1;0;0;0;0;0;0;1;0;0;;
260801;7;3;2015;11:06;0;RUA SAO GABRIEL D16 (JOAQUIM TAVORA);;;0;;Colis?úo;Luz do Dia;;;Meio de Quadra;;;0;1;1;1;0;0;0;0;0;1;0;0;;
260802;7;3;2015;12:23;0;AV DR SILAS MUNGUBA;;;0;;Colis?úo;Luz do Dia;;;Meio de Quadra;;;0;1;1;1;0;0;0;0;0;1;0;0;-3,800495000000000;-38,530296000000000
260803;7;3;2015;13:12;0;AV N CJ JOSE WALTER;;;0;;Colis?úo;Luz do Dia;;;Meio de Quadra;;;0;1;0;0;0;0;0;0;0;0;0;0;;
260804;7;3;2015;13:25;0;AV DR THEBERGE;;;0;;Colis?úo;Luz do Dia;;;Meio de Quadra;;;0;1;1;1;0;0;0;0;0;1;0;0;-3,716744000000000;-38,565643000000000
264928;7;3;2015;03:59;11738;AV LINEU MACHADO;RUA VIS CAUIPE;;0;;Colis?úo;;;;Cruz;N?úo H?í Controle;Comercial;0;0;2;0;0;0;0;0;0;0;0;0;-3,774312000000000;-38,581269000000000
264929;7;3;2015;06:59;15354;RUA FREDERICO BORGES;RUA CANUTO DE AGUIAR;;0;;Colis?úo;Luz do Dia;;;Cruz;N?úo H?í Controle;Comercial;0;0;2;0;0;0;0;0;0;0;0;0;-3,732629000000000;-38,489246000000000
264930;7;3;2015;08:47;15260;RUA ANA BILHAR;RUA JOAQUIM NABUCO;;0;;Colis?úo;Luz do Dia;;;Cruz;Sem?íforo;Residencial;0;0;2;0;0;0;0;0;0;0;0;0;-3,728382000000000;-38,499077000000000
264931;7;3;2015;08:49;17433;RUA PRO TEODORICO;RUA CESAR ROSSAS;;0;;Colis?úo;Luz do Dia;;;Outros;Pare;Comercial;0;0;2;0;0;0;0;0;0;0;0;0;-3,768770000000000;-38,553473000000000
264932;7;3;2015;10:29;0;AV DOS EXPEDICIONARIOS;;;0;;Colis?úo;Luz do Dia;;;Meio de Quadra;;;0;0;2;0;0;0;0;0;0;0;0;0;;
264933;7;3;2015;10:40;0;AV FRANCISCO SA;;;0;;Atropelamento;Luz do Dia;;;Meio de Quadra;;;0;0;2;0;0;0;0;0;0;0;0;0;;
264934;7;3;2015;10:41;0;AV DUQ CAXIAS;;;2225;;Colis?úo;Luz do Dia;;;Meio de Quadra;;;0;0;2;0;0;0;0;0;0;0;0;0;-3,727236000000000;-38,543876000000000
264935;7;3;2015;11:03;0;RUA CON DE CASTRO;;;1742;;Colis?úo;Luz do Dia;;;Meio de Quadra;;;0;0;2;0;0;0;0;0;0;0;0;0;-3,786116000000000;-38,574452000000000
264936;7;3;2015;11:06;5324;RUA GAL SAMPAIO;RUA PEDRO I;;0;;Colis?úo;Luz do Dia;;;Cruz;Sem?íforo Danificado;Comercial;0;0;2;0;0;0;0;0;0;0;0;0;-3,730182000000000;-38,531758000000000
264937;7;3;2015;12:20;0;RUA EDUARDO PORTO;;;0;;Colis?úo;Luz do Dia;;;Meio de Quadra;;;0;0;2;0;0;0;0;0;0;0;0;0;;
264938;7;3;2015;12:21;183;AV SGT HERMINIO SAMPAIO;RUA DEMETRIO MENEZES;;0;;Colis?úo;Luz do Dia;;;Cruz;Sem?íforo;Comercial;0;0;2;0;0;0;0;0;0;0;0;0;-3,731488000000000;-38,584591000000000
264939;7;3;2015;12:41;0;AV SANTOS DUMONT;;;0;;Colis?úo;Luz do Dia;;;Meio de Quadra;;;0;0;2;0;0;0;0;0;0;0;0;0;;
264940;7;3;2015;12:42;12699;AV CEL CARVALHO;AV MAJ ASSIS;;0;;Colis?úo;Luz do Dia;;;Cruz;Sem?íforo;Residencial;0;0;2;0;0;0;0;0;0;0;0;0;-3,723796000000000;-38,586255000000000
264941;7;3;2015;12:43;0;RUA ANSELMO NOGUEIRA;;;646;;Atropelamento;Luz do Dia;;;Meio de Quadra;;;0;0;2;0;0;0;0;0;0;0;0;0;-3,783707000000000;-38,587922000000000
264942;7;3;2015;13:29;9672;RUA BOM JESUS (GRANJA LISBOA);RUA GUARAREMA;;0;;Colis?úo;Luz do Dia;;;;;;0;0;2;0;0;0;0;0;0;0;0;0;-3,788544000000000;-38,619640000000000
264945;7;3;2015;14:20;0;AV DA INDEPENDENCIA;;;0;;Colis?úo;Luz do Dia;;;Meio de Quadra;;;0;0;2;0;0;0;0;0;0;0;0;0;;
264947;7;3;2015;15:29;5187;RUA SAO PAULO;RUA BAR RIO BRANCO;;0;;Colis?úo;Luz do Dia;;;Cruz;Sem?íforo;Comercial;0;0;2;0;0;0;0;0;0;0;0;0;-3,725856000000000;-38,528071000000000
264950;7;3;2015;16:32;0;AV ALM BARROSO;;;0;;Colis?úo;Luz do Dia;;;Meio de Quadra;;;0;0;2;0;0;0;0;0;0;0;0;0;;
264951;7;3;2015;16:42;0;RUA DOM LUSTOSA;;;40;;Colis?úo;Luz do Dia;;;Meio de Quadra;;;0;0;2;0;0;0;0;0;0;0;0;0;-3,846040000000000;-38,514990000000000
264956;7;3;2015;17:47;0;RUA DR PIO SARAIVA;;;236;;Colis?úo;Anoitecer;;;Meio de Quadra;;;0;0;2;0;0;0;0;0;0;0;0;0;-3,736707000000000;-38,599642000000000
264959;7;3;2015;18:28;0;AV PASTEUR;;;171;;Atropelamento;Anoitecer;;;Meio de Quadra;;;0;0;2;0;0;0;0;0;0;0;0;0;-3,707518000000000;-38,557774000000000
264971;7;3;2015;18:36;0;RUA PDE PERDIGAO SAMPAIO;;;0;;Colis?úo;;;;Meio de Quadra;;;0;0;2;0;0;0;0;0;0;0;0;0;;
264976;7;3;2015;20:23;1267;RUA COSTA BARROS;RUA NUNES VALENTE;;0;;Colis?úo;;;;Cruz;Gesto;Residencial;0;0;2;0;0;0;0;0;0;0;0;0;-3,733224000000000;-38,502761000000000
264977;7;3;2015;20:57;3860;AV 13 DE MAIO;AV DA UNIVERSIDADE;;0;;Colis?úo;;;;Cruz;Sem?íforo;Comercial;0;0;2;0;0;0;0;0;0;0;0;0;-3,740962000000000;-38,539107000000000
264981;7;3;2015;21:03;0;RUA TEODOMIRO DE CASTRO;;;0;;Atropelamento;;;;Meio de Quadra;;;0;0;2;0;0;0;0;0;0;0;0;0;;
264983;7;3;2015;21:33;12348;RUA MINAS GERAIS;RUA DIAMANTINA;;0;;Colis?úo;;;;Cruz;Pare;Residencial;0;0;2;0;0;0;0;0;0;0;0;0;-3,763776000000000;-38,569703000000000
264990;7;3;2015;22:35;9892;RUA SGT JOAO PINHEIRO;RUA BOM JESUS (GRANJA LISBOA);;0;;Colis?úo;;;;Cruz;Outros;Comercial;0;0;2;0;0;0;0;0;0;0;0;0;-3,787299000000000;-38,624041000000000
264998;7;3;2015;22:53;15204;RUA JULIO IBIAPINA;AV ABOLICAO;;0;;Colis?úo;;;;Cruz;Sem?íforo;Comercial;0;0;2;0;0;0;0;0;0;0;0;0;-3,726679000000000;-38,491290000000000
265001;7;3;2015;23:55;0;AV DR SILAS MUNGUBA;;;4495;;Colis?úo;;;;Meio de Quadra;;;0;0;2;0;0;0;0;0;0;0;0;0;-3,793030000000000;-38,535099000000000
265003;7;3;2015;23:56;0;AV GAL OSORIO DE PAIVA;;;0;;Colis?úo;;;;Meio de Quadra;;;0;0;2;0;0;0;0;0;0;0;0;0;;
265006;8;3;2015;00:29;13736;AV ROGACIANO LEITE;RUA PINDORAMA;;0;;Colis?úo;;;;Cruz;Sem?íforo;Comercial;0;0;2;0;0;0;0;0;0;0;0;0;-3,773416000000000;-38,498988000000000
265011;8;3;2015;01:25;5381;AV IMPERADOR;RUA METON DE ALENCAR;;0;;Colis?úo;;;;Cruz;Sem?íforo;Comercial;0;0;2;0;0;0;0;0;0;0;0;0;-3,731966000000000;-38,535869000000000
265015;8;3;2015;01:46;0;AV PRS CASTELO BRANCO;;;0;;Choque c/ Obst?ículo Fixo;;;;Meio de Quadra;;;0;0;1;0;0;0;0;0;0;0;0;0;;
265018;8;3;2015;02:00;0;RUA TRAJANO ALVES DE AGUIAR;;;390;;Colis?úo;;;;Meio de Quadra;;;0;0;2;0;0;0;0;0;0;0;0;0;-3,794534000000000;-38,492624000000000
265024;8;3;2015;17:21;3209;RUA ANSELMO NOGUEIRA;RUA VITAL BRASIL;;0;;Colis?úo;Anoitecer;;;Cruz;Sem?íforo;Residencial;0;0;2;0;0;0;0;0;0;0;0;0;-3,781072000000000;-38,587181000000000
265021;8;3;2015;06:36;0;RUA PDE PEDRO DE ALENCAR;;;0;;Capotamento;Luz do Dia;;;Meio de Quadra;;;0;0;1;0;0;0;0;0;0;0;0;0;;
265028;8;3;2015;17:47;0;RUA PERDIGAO DE OLIVEIRA;;;1049;;Colis?úo;Anoitecer;;;Meio de Quadra;;;0;0;2;0;0;0;0;0;0;0;0;0;-3,774304000000000;-38,579057000000000
265032;8;3;2015;20:16;24872;RUA ANTONIO ARRUDA;RUA CREUSA ROCHA;;0;;Colis?úo;;;;;;;0;0;2;0;0;0;0;0;0;0;0;0;-3,720645000000000;-38,594151000000000
265033;8;3;2015;20:38;0;RUA ELVIRA PINHO;;;383;;Colis?úo;;;;Meio de Quadra;;;0;0;2;0;0;0;0;0;0;0;0;0;-3,766931000000000;-38,555972000000000
265034;8;3;2015;20:39;0;AV CONTORNO SUL;;;96;;Colis?úo;;;;Meio de Quadra;;;0;0;2;0;0;0;0;0;0;0;0;0;-3,857849000000000;-38,491185000000000
265030;8;3;2015;18:56;0;AV DA INDEPENDENCIA;;;1148;;Atropelamento;;;;Meio de Quadra;;;0;0;2;0;0;0;0;0;0;0;0;0;-3,726896000000000;-38,591023000000000
275377;8;3;2015;01:15;0;RUA EMILIO DE MENESES;;;0;;Colis?úo Transversal;Via Iluminada;Bom;Seca;Meio de Quadra;Pare;Comercial;0;2;0;0;0;0;0;0;0;1;0;0;;
257511;8;3;2015;09:11;0;RD CE-040;;;0;KM-09;Choque c/ Obst?ículo Fixo;Luz do Dia;;Molhada;Meio de Quadra;;;0;1;0;1;0;0;0;0;0;0;0;0;-3,824774000000000;-38,481431000000000
257512;8;3;2015;21:33;23513;RUA SABINO MONTE;RUA ANA GONCALVES;;0;;Colis?úo;;;;Cruz;Pare;Rural;1;1;0;1;0;0;0;0;0;1;0;0;-3,759428000000000;-38,511374000000000
249404;8;3;2015;19:10;19366;AV DR SILAS MUNGUBA;RUA GERMANO FRANCK;;0;;Colis?úo Traseira;Via Iluminada;Bom;Molhada;Cruz;;Comercial;0;0;2;1;0;0;0;0;0;0;0;0;-3,777251000000000;-38,562004000000000
249405;8;3;2015;07:00;0;AV BORGES DE MELO;;;180;;Choque c/ Obst?ículo Fixo;Luz do Dia;Chuva;Molhada;Meio de Quadra;Sem?íforo;Residencial;0;0;1;1;0;0;0;0;0;0;0;0;-3,761281000000000;-38,520642000000000
249406;8;3;2015;09:40;17299;RUA EDITE BRAGA;RUA ALVARO FERNANDES;;0;;Colis?úo Frontal;Luz do Dia;Chuva;Molhada;Cruz;Pare;Residencial;0;1;1;1;0;0;0;0;0;0;0;0;-3,763747000000000;-38,550124000000000
249407;8;3;2015;13:15;6744;RUA BENTO ALBUQUERQUE;RUA BATISTA DE OLIVEIRA;;0;;Colis?úo Transversal;Luz do Dia;Chuva;Molhada;Cruz;Sem?íforo Danificado;Residencial;0;0;2;1;0;0;0;0;0;0;0;0;-3,744448000000000;-38,481027000000000
249408;8;3;2015;19:20;0;RUA JOSE BORBA VASCONCELOS;;;110;;Colis?úo Lateral;Via Iluminada;Bom;Seca;Meio de Quadra;;Residencial;0;0;2;0;1;0;0;0;0;0;0;0;;
249411;8;3;2015;20:00;0;RUA EVILASIO A MIRANDA;;;0;;Choque c/ Obst?ículo Fixo;;Chuva;Molhada;Meio de Quadra;N?úo H?í Controle;Residencial;0;0;1;1;0;0;0;0;0;0;0;0;;
249413;8;3;2015;05:40;17347;RUA ALBERTO MAGNO;RUA IRM BAZET;;0;;Colis?úo Transversal;Amanhecer;Chuva;Molhada;Cruz;Pare;Comercial;1;1;1;1;0;0;0;0;0;1;0;0;-3,765502000000000;-38,550525000000000
249418;8;3;2015;19:10;0;AV DOS EXPEDICIONARIOS;;;9235;;Atropelamento de Animal;Via Iluminada;Chuva;Molhada;Meio de Quadra;Sem?íforo;Comercial;0;1;0;0;0;0;0;0;0;1;0;0;-3,800576000000000;-38,551986000000000
249419;8;3;2015;05:00;0;RUA DR PAULO MARCELO;;;1911;;Colis?úo Lateral;Luz do Dia;Chuva;Seca;Meio de Quadra;N?úo H?í Controle;Residencial;0;0;2;1;0;0;0;0;0;0;0;0;-3,781376000000000;-38,458413000000000
249415;8;3;2015;19:00;0;RUA RIO PARAGUAI;;;875;;Colis?úo Lateral Sentido Oposto;Via Iluminada;Bom;Seca;Meio de Quadra;N?úo H?í Controle;Residencial;0;1;2;1;0;0;0;0;0;0;0;0;;
258820;8;3;2015;16:10;0;RD CE-060;;;0;KM-02;Choque c/ Obst?ículo Fixo;Luz do Dia;Bom;Molhada;Meio de Quadra;;;0;0;1;1;0;0;0;0;0;0;0;0;-3,828028000000000;-38,580009000000000