COD_ACIDENTE;DIA;MES;ANO;HORA;INTERSECAO;LOG1;LOG2;LOG3;NUMERO;REFERENCIA;NATUREZA;ILUMINACAO;TEMPO;SUPERFICIEPISTA;TIPOCRUZAMENTO;CONTROLETRAFEGO;USOSOLO;MORTOS;FERIDOS;ILESOS;AUTOMOVEL;ONIBUS;BICICLETA;CAMINHAO;MICROONIBUS;CICLOMOTOR;MOTOCICLETA;TRACAOANIMAL;TREM;LATITUDE;LONGITUDE
258626;8;3;2015;02:15;0;RD BR 116;;;11000;KM-11;Capotamento;Via Iluminada;Nublado;Molhada;Meio de Quadra;N?úo H?í Controle;Misto;0;1;0;0;0;0;0;0;0;0;0;0;-3,847160000000000;-38,497176000000000
260848;8;3;2015;01:12;0;AV IMPERADOR;;;0;;Queda;;;;Meio de Quadra;;;0;1;0;0;0;0;0;0;0;1;0;0;-3,732045000000000;-38,535891000000000
260859;8;3;2015;18:56;0;RUA BERNARDO MANUEL;;;0;;Queda;;;;Meio de Quadra;;;0;1;0;0;0;0;0;0;0;1;0;0;-3,800576000000000;-38,551986000000000
260857;8;3;2015;06:53;13432;AV RUI BARBOSA;AV ANTONIO SALES;;0;;Colis?úo;Luz do Dia;;;Cruz;Sem?íforo;Misto;0;1;1;1;0;0;0;0;0;1;0;0;-3,742611000000000;-38,511569000000000
260853;8;3;2015;05:43;0;AV GAL OSORIO DE PAIVA;;;0;;Queda;Amanhecer;;;Meio de Quadra;;;0;1;0;0;0;0;0;0;0;1;0;0;;
260851;8;3;2015;02:49;0;RUA ARTUR DE CARVALHO;;;273;;Queda;;;;Meio de Quadra;;;0;1;0;0;0;0;0;0;0;1;0;0;-3,761539000000000;-38,534863000000000
260844;8;3;2015;08:00;0;AV MAJ ASSIS;;;0;;Colis?úo;Luz do Dia;;;Meio de Quadra;;;0;1;0;0;0;0;0;0;0;0;0;0;-3,723287000000000;-38,590298000000000
259857;8;3;2015;00:39;0;AV GAL OSORIO DE PAIVA;;;0;;Colis?úo;;;;Meio de Quadra;;;0;0;2;1;1;0;0;0;0;0;0;0;;
259859;8;3;2015;09:30;0;RUA JUVENCIO VASCONCELOS;;;0;;Colis?úo;Luz do Dia;;;Meio de Quadra;;;0;0;2;0;1;0;0;0;0;0;0;0;;
265106;9;3;2015;00:17;12404;AV SEN FERNANDES TAVORA;AV LINEU MACHADO;;0;;Colis?úo;;;;Cruz;N?úo H?í Controle;Comercial;0;0;2;0;0;0;0;0;0;0;0;0;-3,765199000000000;-38,576540000000000
265107;9;3;2015;00:18;2715;RUA ITU;RUA EDSON MARTINS;;0;;Atropelamento;;;;;;;0;0;2;0;0;0;0;0;0;0;0;0;-3,789521000000000;-38,602186000000000
265108;9;3;2015;00:19;0;AV DA INDEPENDENCIA;;;2084;;Choque c/ Obst?ículo Fixo;;;;Meio de Quadra;;;0;0;1;0;0;0;0;0;0;0;0;0;-3,724653000000000;-38,598619000000000
265109;9;3;2015;15:06;0;AV NOSSA SRA DAS GRACAS;;;196;;Colis?úo;Luz do Dia;;;Meio de Quadra;;;0;0;2;0;0;0;0;0;0;0;0;0;;
265110;9;3;2015;17:02;23749;RUA CON DE CASTRO;RUA LINS DO REGO;;0;;Colis?úo;Anoitecer;;;T;N?úo H?í Controle;Rural;0;0;2;0;0;0;0;0;0;0;0;0;-3,785389000000000;-38,573794000000000
265111;9;3;2015;18:35;11796;RUA JACINTO MATOS;AV TEN LISBOA;;0;;Colis?úo;;;;Com Via F?®rrea;Cancela;Residencial;0;0;2;0;0;0;0;0;0;0;0;0;-3,718078000000000;-38,546653000000000
260883;9;3;2015;17:03;0;RUA PEDRO MELO;RUA SALGADO FILHO;;0;;Colis?úo;Anoitecer;;;;;;0;1;1;0;0;0;0;0;0;0;0;0;;
260887;9;3;2015;17:13;0;RUA CEL MATOS DOURADO;;;0;;Queda;Anoitecer;;;Meio de Quadra;;;0;1;0;0;0;0;0;0;0;1;0;0;;
260889;9;3;2015;18:34;17288;RUA ALBERTO MAGNO;RUA EDUARDO ANGELIM;;0;;Colis?úo;Anoitecer;;;Cruz;Pare;Residencial;0;1;1;0;0;0;0;0;0;1;0;0;-3,763194000000000;-38,548491000000000
260890;9;3;2015;18:47;0;RD BR 116;;;7000;KM-07;Atropelamento;;;;Meio de Quadra;;;0;1;1;1;0;0;0;0;0;0;0;0;-3,813246000000000;-38,501101000000000
260891;9;3;2015;19:19;0;RUA ANTONIO ARRUDA;;;0;;Atropelamento;;;;Meio de Quadra;;;0;1;1;0;0;0;0;0;0;0;0;0;;
260880;9;3;2015;11:09;19775;RUA AMADEU FURTADO;RUA CRATEUS;;0;;Colis?úo;Luz do Dia;;;Cruz;Pare;Residencial;0;1;1;1;0;0;0;0;0;1;0;0;-3,738433000000000;-38,563480000000000
260872;9;3;2015;00:44;0;RUA AQUIRAZ;;;0;;Queda;;;;Meio de Quadra;;;0;1;0;0;0;1;0;0;0;0;0;0;-3,758273000000000;-38,547390000000000
260873;9;3;2015;01:30;0;RUA CANDIDO MAIA;;;0;;Atropelamento;;;;Meio de Quadra;;;0;1;1;0;0;0;0;0;0;1;0;0;;
260870;9;3;2015;01:25;0;AV SIQUEIRA CAMPOS;;;0;;Colis?úo;;;;Meio de Quadra;;;0;1;1;1;0;0;0;0;0;1;0;0;-3,813347000000000;-38,628523000000000
258633;9;3;2015;18:30;0;RD BR 116;;;7000;KM-07;Colis?úo;Anoitecer;Bom;Seca;Meio de Quadra;N?úo H?í Controle;Comercial;0;1;1;1;0;1;0;0;0;0;0;0;-3,813246000000000;-38,501101000000000
258685;9;3;2015;12:00;0;RD BR 222;;;0;KM-01;Colis?úo Lateral;Luz do Dia;Chuva;Molhada;Meio de Quadra;N?úo H?í Controle;Comercial;0;0;2;1;0;0;1;0;0;0;0;0;-3,737774000000000;-38,577952000000000
258822;9;3;2015;12:30;0;RD CE-060;;;0;KM-02;Colis?úo;Luz do Dia;;Seca;Meio de Quadra;;;0;0;2;1;0;0;0;0;0;0;0;0;-3,828028000000000;-38,580009000000000
258825;9;3;2015;14:45;0;AV MIN JOSE AMERICO;;;0;;Colis?úo;Luz do Dia;;Seca;Meio de Quadra;;;0;0;2;1;0;0;0;0;0;0;0;0;;
258826;9;3;2015;16:20;0;RD CE-040;;;0;KM-13;Colis?úo;Luz do Dia;;Seca;Meio de Quadra;;;0;0;2;1;0;0;0;0;0;1;0;0;-3,857083000000000;-38,472314000000000
258827;9;3;2015;19:50;0;RD CE-040;;;0;KM-05;Colis?úo;;;Seca;Meio de Quadra;;;0;0;2;1;0;0;0;0;0;0;0;0;-3,790876000000000;-38,480349000000000
258828;9;3;2015;22:29;0;AV MIN JOSE AMERICO;;;0;;Colis?úo;Via Iluminada;;Seca;Meio de Quadra;;;0;0;2;1;0;0;0;0;0;0;0;0;;
275404;9;3;2015;17:40;0;AV DEP PAULINO ROCHA;;;2183;;Colis?úo Lateral;Anoitecer;;;Meio de Quadra;;;0;1;1;1;0;0;0;0;1;0;0;0;;
275438;9;3;2015;08:00;26253;RUA VIA LACTEA;RUA URANO;;0;;Colis?úo Traseira;Luz do Dia;;;;;;0;0;2;1;0;0;0;0;0;0;0;0;;
249417;9;3;2015;16:20;0;AV DES MOREIRA;;;1000;;;Luz do Dia;Bom;Seca;Meio de Quadra;N?úo H?í Controle;Comercial;0;0;2;1;0;0;0;0;0;0;0;0;-3,734322000000000;-38,497736000000000
249414;9;3;2015;20:30;64;RUA PDE PERDIGAO SAMPAIO;RUA MARTINS NETO;;0;;Colis?úo Lateral;Via Iluminada;Bom;Seca;Cruz;Pare;Residencial;0;0;2;1;1;0;0;0;0;0;0;0;-3,741162000000000;-38,594477000000000
249412;9;3;2015;18:40;21376;AV JOVITA FEITOSA;RUA PRO NOGUEIRA;;0;;Colis?úo Frontal;Via Iluminada;Bom;Seca;Cruz;Pare;Comercial;0;0;2;1;0;0;0;0;0;0;0;0;-3,738280000000000;-38,548839000000000
249448;9;3;2015;21:00;24307;RUA 8 DE SETEMBRO;RUA ALFREDO LADISLAU;;0;;Colis?úo Traseira;Via Iluminada;Bom;Seca;Cruz;Pare;Residencial;0;0;2;1;0;0;0;0;0;0;0;0;-3,738110000000000;-38,486952000000000
249452;9;3;2015;13:30;0;AV AGUANAMBI;;;841;;Colis?úo Traseira;Luz do Dia;Nublado;Seca;Meio de Quadra;N?úo H?í Controle;Comercial;0;1;1;0;0;0;1;0;0;1;0;0;-3,746548000000000;-38,525056000000000
249454;9;3;2015;08:40;22773;RUA ELISEU ORIA;RUA EDUARDO NOVAES;;0;;Colis?úo Lateral;Luz do Dia;Chuva;Molhada;Cruz;N?úo H?í Controle;Residencial;0;0;2;1;0;0;0;0;0;0;0;0;-3,800489000000000;-38,476996000000000
249455;9;3;2015;13:15;0;AV GAL OSORIO DE PAIVA;;;1841;;Colis?úo Traseira;Luz do Dia;Chuva;Molhada;Meio de Quadra;Gesto;Comercial;0;0;2;1;0;0;0;0;0;0;0;0;-3,801571000000000;-38,598969000000000
249459;9;3;2015;14:40;2822;AV GAL OSORIO DE PAIVA;RUA OSCAR ARARIPE;;0;;Colis?úo Traseira;Luz do Dia;Nublado;Molhada;T;Sem?íforo;Comercial;0;0;2;1;1;0;0;0;0;0;0;0;-3,794165000000000;-38,591823000000000
249478;9;3;2015;08:20;13408;AV ANTONIO SALES;RUA BAR ARACATI;;0;;Colis?úo Transversal;Luz do Dia;Chuva;Molhada;Cruz;Pare;Comercial;0;1;2;0;1;0;0;0;0;0;0;0;-3,741563000000000;-38,514894000000000
249480;9;3;2015;10:40;0;RUA DIOGO CORREIA;;;462;;Tombamento;Luz do Dia;Nublado;Seca;Meio de Quadra;N?úo H?í Controle;Residencial;0;0;1;0;0;0;1;0;0;0;0;0;-3,770156000000000;-38,590496000000000
249487;9;3;2015;12:00;0;RUA VENEZA;;;187;;Colis?úo Transversal;Luz do Dia;Bom;Seca;Meio de Quadra;N?úo H?í Controle;Residencial;0;0;2;1;0;0;0;0;0;1;0;0;-3,836356000000000;-38,492547000000000
249492;9;3;2015;07:50;0;RUA CEL MATOS DOURADO;;;180;VIADUTO ANT.BEZERRA;Engavetamento;Luz do Dia;Chuva;Molhada;Outros;N?úo H?í Controle;Comercial;0;0;4;1;0;0;0;0;0;0;0;0;-3,740157000000000;-38,585272000000000
249497;9;3;2015;15:00;26203;RUA DES MANUEL DE SALES ANDRADE;AV ROGACIANO LEITE;;0;;Colis?úo Traseira;Luz do Dia;Nublado;Seca;Cruz;Sem?íforo;Misto;0;0;2;0;0;0;0;0;0;0;0;0;-3,764202000000000;-38,494994000000000
249499;9;3;2015;09:00;2378;AV FRANCISCO SA;RUA 01 UI 901;;0;;Colis?úo Transversal;Luz do Dia;Chuva;Molhada;Duplo T;Pare;Residencial;0;1;1;1;0;0;0;0;0;1;0;0;-3,705552000000000;-38,587394000000000
249502;9;3;2015;14:50;0;AV DOM LUIS;;;251;;Colis?úo Lateral;Luz do Dia;Bom;Seca;Meio de Quadra;N?úo H?í Controle;Comercial;0;0;2;1;0;0;0;0;0;0;0;0;-3,732694000000000;-38,499105000000000
249505;9;3;2015;12:20;0;RUA MON BRUNO;;;1210;;Outros;Luz do Dia;Nublado;Seca;Meio de Quadra;N?úo H?í Controle;Residencial;0;0;2;0;0;0;1;0;0;1;0;0;-3,732673000000000;-38,509531000000000
249509;9;3;2015;18:30;0;AV AGUANAMBI;;;1686;;Engavetamento;Via Iluminada;Bom;Seca;Meio de Quadra;N?úo H?í Controle;Comercial;0;0;3;1;0;0;1;0;0;0;0;0;-3,751403000000000;-38,523490000000000
249510;9;3;2015;16:00;3773;RUA MANUELITO MOREIRA;AV DA UNIVERSIDADE;;0;;Colis?úo Lateral;Luz do Dia;Nublado;Seca;T;Pare;Misto;0;0;2;1;0;0;0;0;0;0;0;0;-3,734761000000000;-38,533470000000000
249512;9;3;2015;17:15;12867;RUA JAIME BENEVOLO;RUA JOAQUIM MAGALHAES;;0;;Colis?úo Lateral;Anoitecer;Bom;Seca;Cruz;Pare;Residencial;0;0;2;1;0;0;0;0;0;0;0;0;-3,739942000000000;-38,527961000000000
249515;9;3;2015;16:00;9176;AV AGUANAMBI;AV EDUARDO GIRAO;;0;;Colis?úo Traseira;Luz do Dia;Nublado;Seca;Rotat??ria;N?úo H?í Controle;Outros;0;0;2;1;0;0;0;0;0;0;0;0;-3,755303000000000;-38,523639000000000
249516;9;3;2015;14:30;9176;AV EDUARDO GIRAO;AV AGUANAMBI;;0;;Colis?úo Transversal;Luz do Dia;Nublado;Seca;Rotat??ria;Sem?íforo;Outros;0;0;2;0;1;0;0;0;0;0;0;0;-3,755303000000000;-38,523639000000000
249519;9;3;2015;16:00;12457;RUA PRO GOMES BRASIL;AV AUGUSTO DOS ANJOS;;0;;Colis?úo Transversal;Luz do Dia;Nublado;Seca;Cruz;Sem?íforo;Comercial;0;2;1;1;0;0;0;0;0;1;0;0;-3,770153000000000;-38,570427000000000
249521;9;3;2015;07:40;25269;AV DOS EXPEDICIONARIOS;RUA CEL AMANCIO CAVALCANTE;;0;;Colis?úo Transversal;Luz do Dia;Chuva;Molhada;T;Pare;Misto;0;0;2;1;0;0;0;0;0;0;0;0;-3,755998000000000;-38,538468000000000
249527;9;3;2015;13:20;0;AV FRANCISCO SA;;;3680;;Colis?úo Traseira;Luz do Dia;Nublado;Seca;Meio de Quadra;N?úo H?í Controle;Comercial;0;0;2;1;0;0;0;0;0;0;0;0;-3,717226000000000;-38,557879000000000
249528;9;3;2015;18:30;13021;AV I CJ JOSE WALTER;AV A CJ JOSE WALTER;;0;;Colis?úo Transversal;Via Iluminada;Bom;Seca;Cruz;Pare;Residencial;0;1;1;0;0;0;1;0;0;1;0;0;-3,825834000000000;-38,550935000000000
249529;9;3;2015;20:30;23804;AV GAL OSORIO DE PAIVA;RUA RAIMUNDO NERY;;0;;Colis?úo Lateral;Via Iluminada;Bom;Seca;Cruz;Sem?íforo Intermitente;Residencial;0;0;2;1;1;0;0;0;0;0;0;0;-3,790306000000000;-38,588065000000000
249524;9;3;2015;10:30;0;RUA PRO HERIBALDO COSTA;;;687;;Colis?úo Transversal;Luz do Dia;;Molhada;Meio de Quadra;N?úo H?í Controle;Residencial;0;0;2;1;0;0;0;0;0;0;0;0;-3,758995000000000;-38,583285000000000
249426;9;3;2015;12:50;1273;AV SANTOS DUMONT;RUA DR JOSE LOURENCO;;0;;Colis?úo Transversal;Luz do Dia;Bom;Seca;Cruz;Pare;Comercial;0;0;2;1;0;0;0;0;0;0;0;0;-3,733299000000000;-38,507380000000000
249427;9;3;2015;21:20;19328;RUA EDUARDO PERDIGAO;RUA CON DE CASTRO;;0;;Colis?úo Transversal;Via Iluminada;Bom;Seca;Cruz;N?úo H?í Controle;Comercial;0;0;2;1;0;0;0;0;0;0;0;0;-3,775579000000000;-38,564769000000000
249441;9;3;2015;08:40;1428;RUA MON CATAO;RUA MARIA TOMASIA;;0;;Colis?úo Transversal;Luz do Dia;Nublado;Molhada;Cruz;Pare;Residencial;0;1;1;1;0;0;0;0;0;1;0;0;-3,737741000000000;-38,490242000000000
249424;9;3;2015;19:39;5060;RUA CASTRO E SILVA;AV IMPERADOR;;0;;Colis?úo Transversal;Via Iluminada;Nublado;Molhada;Cruz;;Comercial;0;0;2;1;0;0;0;1;0;0;0;0;-3,722013000000000;-38,532916000000000
249431;9;3;2015;11:05;5437;RUA FLORIANO PEIXOTO;RUA METON DE ALENCAR;;0;;Colis?úo Transversal;Luz do Dia;Bom;Seca;Cruz;Pare;Comercial;0;1;2;1;0;0;0;1;0;0;0;0;-3,734071000000000;-38,529358000000000
249421;9;3;2015;19:00;16971;AV WENEFRIDO MELO;RUA JOSE DUTRA;;0;;Colis?úo Frontal;Via Iluminada;Bom;Seca;T;Pare;Comercial;0;0;2;1;0;0;0;0;0;0;0;0;-3,811155000000000;-38,575417000000000
249422;10;3;2015;20:30;12404;AV SEN FERNANDES TAVORA;AV LINEU MACHADO;;0;;Colis?úo Lateral;Via Iluminada;Bom;Seca;Cruz;Sem?íforo;Comercial;0;1;1;1;0;0;0;0;0;1;0;0;-3,765199000000000;-38,576540000000000
249423;10;3;2015;12:45;0;RUA PAULINO NOGUEIRA;;;0;;Engavetamento;Luz do Dia;Nublado;Seca;Meio de Quadra;Pare;Residencial;0;0;4;1;0;0;0;0;0;0;0;0;;
249432;10;3;2015;19:30;3800;RUA CAIO CARLOS;AV 13 DE MAIO;;0;;Colis?úo Transversal;Via Iluminada;Bom;Seca;Cruz;N?úo H?í Controle;Comercial;0;0;2;1;0;0;0;0;0;0;0;0;-3,738286000000000;-38,542160000000000
249433;10;3;2015;09:30;12811;AV DOS EXPEDICIONARIOS;RUA PRE NOVE;;0;;Colis?úo Lateral;Luz do Dia;Chuva;Molhada;T;Sem?íforo Intermitente;Residencial;0;0;2;1;0;0;0;0;0;0;0;0;-3,755028000000000;-38,538172000000000
249434;10;3;2015;07:30;21486;AV FRE CIRILO;RUA INACIO VASCONCELOS;;0;;Colis?úo Transversal;Luz do Dia;Chuva;Molhada;T;Pare;Residencial;0;1;1;1;0;0;0;0;0;1;0;0;-3,813936000000000;-38,499004000000000
249435;10;3;2015;08:40;5709;AV DES GONZAGA;AV OLIVEIRA PAIVA;;0;;Colis?úo Lateral;Luz do Dia;Chuva;Molhada;Cruz;N?úo H?í Controle;Misto;0;0;2;1;0;0;0;0;0;0;0;0;-3,797165000000000;-38,499953000000000
249436;10;3;2015;19:00;24293;RUA JULIO ABREU;RUA DELMIRO GOUVEIA;;0;;Colis?úo Transversal;Via Iluminada;Nublado;Seca;Cruz;Pare;Comercial;0;0;2;1;0;0;0;0;0;0;0;0;-3,735900000000000;-38,488072000000000
249437;10;3;2015;09:00;9176;AV AGUANAMBI;AV EDUARDO GIRAO;;0;;Colis?úo Lateral;;Chuva;Molhada;Rotat??ria;Sem?íforo;Outros;0;0;2;1;0;0;0;0;0;0;0;0;-3,755303000000000;-38,523639000000000
249438;10;3;2015;18:00;0;AV VIENA WEYNE;;;741;;Colis?úo Transversal;Via Iluminada;Bom;Seca;Meio de Quadra;D?¬ Prefer?¬ncia;Comercial;0;1;1;1;0;0;0;0;0;1;0;0;-3,801347000000000;-38,487426000000000
249439;10;3;2015;12:20;0;RUA 1139 CJ CEARA;;;0;;Colis?úo Lateral;Luz do Dia;Chuva;Molhada;Meio de Quadra;;Residencial;0;0;2;1;0;0;0;0;0;0;0;0;;
249428;10;3;2015;06:48;0;AV TRISTAO GONCALVES;;;1245;;Colis?úo Traseira;Luz do Dia;Nublado;Seca;Meio de Quadra;N?úo H?í Controle;Comercial;0;0;2;1;1;0;0;0;0;0;0;0;-3,732406000000000;-38,534800000000000
249429;10;3;2015;18:30;13383;AV ANTONIO SALES;RUA GONCALVES LEDO;;0;;Colis?úo Transversal;Via Iluminada;Nublado;Seca;Cruz;Pare;Comercial;0;0;2;1;1;0;0;0;0;0;0;0;-3,740227000000000;-38,519165000000000
249430;10;3;2015;06:35;12699;AV CEL CARVALHO;AV MAJ ASSIS;;0;;Colis?úo Transversal;Luz do Dia;Chuva;Molhada;Cruz;Sem?íforo Danificado;Comercial;0;0;2;0;1;0;0;0;0;0;0;0;-3,723796000000000;-38,586255000000000
249483;10;3;2015;10:20;12863;AV DOMINGOS OLIMPIO;RUA FLORIANO PEIXOTO;;0;;Colis?úo Transversal;Luz do Dia;Chuva;Molhada;Cruz;Pare;Misto;0;1;1;1;0;0;0;0;0;1;0;0;-3,736976000000000;-38,530313000000000
249481;10;3;2015;15:00;0;AV ALBERTO CRAVEIRO;;;2505;;Colis?úo Transversal;Luz do Dia;Nublado;Seca;Meio de Quadra;Gesto;Comercial;0;0;2;1;0;0;0;0;0;0;0;0;-3,802234000000000;-38,520758000000000
249479;10;3;2015;08:20;0;AV DR SILAS MUNGUBA;;;6466;;Colis?úo Lateral;Luz do Dia;Chuva;Seca;Outros;N?úo H?í Controle;Comercial;0;1;2;1;1;0;0;0;0;0;0;0;;
249475;10;3;2015;15:54;0;AV ABOLICAO;;;3793;;Colis?úo Lateral;Luz do Dia;Bom;Seca;Meio de Quadra;Outros;Comercial;0;1;2;0;0;0;1;0;1;0;0;0;-3,725644000000000;-38,485498000000000
249476;10;3;2015;16:41;7860;AV SEN VIRGILIO TAVORA;AV ANTONIO SALES;;0;;Colis?úo Traseira;Luz do Dia;Nublado;Seca;Cruz;Sem?íforo;Comercial;0;1;1;1;0;0;0;0;0;0;0;0;-3,747279000000000;-38,496500000000000
249477;10;3;2015;16:00;7402;AV SEN FERNANDES TAVORA;RUA MACEIO;;0;;Colis?úo Transversal;Luz do Dia;Bom;Seca;Cruz;Pare;Residencial;0;0;2;1;1;0;0;0;0;0;0;0;-3,759009000000000;-38,588112000000000
249472;10;3;2015;20:48;22951;AV DR SILAS MUNGUBA;RUA DR JUSTA ARAUJO D45;;0;;Colis?úo Transversal;Via Iluminada;Bom;Seca;Cruz;Sem?íforo;Comercial;0;1;1;1;0;0;0;0;0;1;0;0;-3,784586000000000;-38,553426000000000
249473;10;3;2015;13:30;7762;AV ANTONIO SALES;RUA NUNES VALENTE;;0;;Colis?úo Frontal;Luz do Dia;Nublado;Seca;Cruz;Pare;Comercial;0;0;2;1;0;0;0;0;0;1;0;0;-3,744237000000000;-38,506314000000000
249470;10;3;2015;19:40;0;AV GAL OSORIO DE PAIVA;;;4074;;Colis?úo Lateral;Via Iluminada;Bom;Seca;Meio de Quadra;N?úo H?í Controle;Comercial;0;0;2;1;0;0;1;0;0;0;0;0;-3,792562000000000;-38,590232000000000
249467;10;3;2015;06:40;7635;AV CARNEIRO DE MENDONCA;RUA GOIAS;;0;;Colis?úo Traseira;Luz do Dia;Nublado;Seca;Cruz;Outros;Misto;0;0;2;1;0;0;0;0;0;0;0;0;-3,763223000000000;-38,568394000000000
249468;10;3;2015;08:00;9191;RUA MARIO MAMEDE;RUA MARTINHO RODRIGUES;;0;;Colis?úo Transversal;Luz do Dia;Nublado;Seca;Cruz;Pare;Residencial;0;0;2;1;0;0;0;0;0;0;0;0;-3,753845000000000;-38,526088000000000
249464;10;3;2015;14:10;3990;AV PRO GOMES DE MATOS;RUA PRO COSTA MENDES;;0;;Colis?úo Traseira;Luz do Dia;Bom;Seca;Cruz;Sem?íforo;Comercial;0;0;2;0;1;0;0;0;0;0;0;0;-3,758035000000000;-38,542936000000000
249465;10;3;2015;12:30;0;RUA SILVA BAIMA;;;0;;Outros;Luz do Dia;Chuva;Molhada;Meio de Quadra;Outros;;0;0;1;0;0;0;1;0;0;0;0;0;;
249460;10;3;2015;11:10;17538;RUA IRM SIMAS;RUA MES JERONIMO D48;;0;;Colis?úo Transversal;Luz do Dia;Chuva;Seca;Cruz;Pare;Residencial;0;1;1;0;0;0;0;1;0;1;0;0;-3,728979000000000;-38,481561000000000
249461;10;3;2015;18:15;6788;AV SANTOS DUMONT;RUA DES WALDETARIO P MOTA;;0;;Colis?úo Lateral;Via Iluminada;Bom;Seca;Cruz;Sem?íforo;Comercial;0;0;2;0;1;0;0;0;0;0;0;0;-3,741093000000000;-38,483309000000000
249462;10;3;2015;10:00;5483;RUA NOGUEIRA ACIOLI;RUA BARBARA DE ALENCAR;;0;;Colis?úo Transversal;Luz do Dia;Chuva;Molhada;Cruz;Pare;Comercial;0;0;2;1;0;0;0;0;0;0;0;0;-3,736390000000000;-38,518995000000000
249458;10;3;2015;15:00;15763;RUA HERBENE;RUA TAQUATIARA;;0;;Colis?úo Transversal;Luz do Dia;Nublado;Seca;Cruz;Pare;Comercial;0;0;2;1;0;0;0;0;0;0;0;0;-3,829826000000000;-38,504232000000000
249447;10;3;2015;08:15;19135;AV DOS JANGADEIROS;RUA JOAQUIM LIMA;;0;;Colis?úo Lateral;Luz do Dia;Chuva;Molhada;Cruz;Pare;Comercial;0;0;2;1;0;0;0;0;0;0;0;0;;
249444;10;3;2015;18:40;0;AV PONTES VIEIRA;;;0;;Colis?úo Lateral;Via Iluminada;Bom;Seca;Meio de Quadra;Outros;Residencial;0;1;1;0;0;0;0;0;0;1;0;0;;
249445;10;3;2015;07:28;6800;AV SANTOS DUMONT;RUA BATISTA DE OLIVEIRA;;0;;Colis?úo Transversal;Luz do Dia;Chuva;Molhada;Cruz;Sem?íforo;Comercial;0;0;2;1;0;0;0;0;0;1;0;0;-3,742258000000000;-38,479668000000000
258857;10;3;2015;15:00;0;RD CE-040;;;0;KM-12;Colis?úo;Luz do Dia;;Molhada;Meio de Quadra;;;0;0;2;1;0;0;1;0;0;0;0;0;-3,848945000000000;-38,476237000000000
258859;10;3;2015;17:48;0;RD CE-040;;;0;KM-05;Colis?úo;Via Iluminada;;Seca;Meio de Quadra;;;0;0;2;1;0;0;1;0;0;0;0;0;-3,790876000000000;-38,480349000000000
258637;10;3;2015;08:30;0;RD BR 116;;;5000;KM-05;Colis?úo Lateral;Luz do Dia;Chuva;Molhada;Meio de Quadra;N?úo H?í Controle;Comercial;0;0;2;1;0;0;1;0;0;0;0;0;-3,796502000000000;-38,506787000000000
258687;10;3;2015;08:20;0;RD BR 222;;;0;KM-01;Colis?úo Traseira;Luz do Dia;Chuva;Molhada;Meio de Quadra;N?úo H?í Controle;Comercial;0;0;3;1;0;0;0;0;0;0;0;0;-3,737774000000000;-38,577952000000000
260896;10;3;2015;08:14;19437;AV DR SILAS MUNGUBA;RUA CASIMIRO DE ABREU;;0;;Colis?úo;Luz do Dia;;;T;Sem?íforo;Misto;0;1;1;1;0;0;0;0;0;0;0;0;-3,779395000000000;-38,560637000000000
260898;10;3;2015;09:16;20042;AV DR SILAS MUNGUBA;AV DEP PAULINO ROCHA;;0;;Colis?úo;Luz do Dia;;;;;;0;1;0;1;1;0;0;0;0;0;0;0;-3,807229000000000;-38,524782000000000
260936;10;3;2015;21:08;0;AV DR THEBERGE;RUA NOSSA SRA DAS GRACAS;;0;;Atropelamento;;;;;;;0;1;1;1;0;0;0;0;0;0;0;0;-3,706945000000000;-38,562418000000000
260939;10;3;2015;22:38;0;RUA SAO CRISTOVAO (PL A. SENNA);;;0;;Queda;;;;Meio de Quadra;;;0;1;0;0;0;0;0;0;0;1;0;0;;
260940;10;3;2015;22:38;9755;RUA TRES CORACOES;RUA EDSON MARTINS;;0;;Colis?úo;;;;;;;0;1;1;0;0;0;0;0;0;1;0;0;-3,787046000000000;-38,609844000000000
260928;10;3;2015;19:51;0;AV GAL OSORIO DE PAIVA;;;0;;Queda;;;;Meio de Quadra;;;0;1;0;0;0;0;0;0;0;1;0;0;-3,817371000000000;-38,614329000000000
260930;10;3;2015;10:20;0;AV DR SILAS MUNGUBA;;;0;;Colis?úo;Luz do Dia;;;Meio de Quadra;;;0;1;1;1;0;0;0;0;0;1;0;0;;
260914;10;3;2015;09:45;0;RUA DES FROTA D71;;;0;;Queda;Luz do Dia;;;Meio de Quadra;;;0;1;0;0;0;0;0;0;0;1;0;0;;
260917;10;3;2015;11:32;0;AV ENG HUMBERTO MONTE;;;0;;Colis?úo;Luz do Dia;;;Meio de Quadra;;;0;1;1;1;0;0;0;0;0;1;0;0;;
260920;10;3;2015;15:15;0;AV ABOLICAO;;;0;;Colis?úo;Luz do Dia;;;Meio de Quadra;;;0;1;1;1;0;0;0;0;0;1;0;0;-3,725645000000000;-38,485504000000000