COD_ACIDENTE;DIA;MES;ANO;HORA;INTERSECAO;LOG1;LOG2;LOG3;NUMERO;REFERENCIA;NATUREZA;ILUMINACAO;TEMPO;SUPERFICIEPISTA;TIPOCRUZAMENTO;CONTROLETRAFEGO;USOSOLO;MORTOS;FERIDOS;ILESOS;AUTOMOVEL;ONIBUS;BICICLETA;CAMINHAO;MICROONIBUS;CICLOMOTOR;MOTOCICLETA;TRACAOANIMAL;TREM;LATITUDE;LONGITUDE
260922;10;3;2015;17:18;15204;AV ABOLICAO;RUA JULIO IBIAPINA;;0;;Colis?úo;Anoitecer;;;Cruz;Sem?íforo;Comercial;0;1;1;1;0;0;0;0;0;1;0;0;-3,726679000000000;-38,491290000000000
265112;10;3;2015;06:26;0;RUA ARY LOBO D71;;;1311;;Colis?úo;Luz do Dia;;;Meio de Quadra;;;0;0;2;0;0;0;0;0;0;0;0;0;;
265113;10;3;2015;17:24;0;AV PRO GOMES DE MATOS;;;1157;;Colis?úo;Anoitecer;;;Meio de Quadra;;;0;0;2;0;0;0;0;0;0;0;0;0;-3,762685000000000;-38,546921000000000
265114;10;3;2015;17:30;0;AV PERIMETRAL;;;5445;;Colis?úo;Anoitecer;;;Meio de Quadra;;;0;0;2;0;0;0;0;0;0;0;0;0;-3,828478000000000;-38,531722000000000
265116;10;3;2015;18:29;0;RUA PDE IBIAPINA;;;1696;;Colis?úo;Anoitecer;;;Meio de Quadra;;;0;0;2;0;0;0;0;0;0;0;0;0;-3,730466000000000;-38,539979000000000
265121;10;3;2015;18:30;0;RUA BAR ARACATI;;;1430;;Colis?úo;Anoitecer;;;Meio de Quadra;;;0;0;2;0;0;0;0;0;0;0;0;0;-3,734022000000000;-38,512302000000000
265124;10;3;2015;19:57;0;RUA DES JOSE PASSOS FILHO;;;1350;;Colis?úo;;;;Meio de Quadra;;;0;0;2;0;0;0;0;0;0;0;0;0;;
265128;10;3;2015;20:19;0;RUA JOAO SORONGO;;;3955;;Colis?úo;;;;Meio de Quadra;;;0;0;2;0;0;0;0;0;0;0;0;0;;
265130;10;3;2015;20:28;17987;RUA ALCANTARA BILHAR;AV MR HULL;;0;;Colis?úo;;;;;;;0;0;2;0;0;0;0;0;0;0;0;0;-3,738271000000000;-38,582067000000000
265133;10;3;2015;21:11;26237;AV ROGACIANO LEITE;RUA PINDEREMIRIM;;0;;Atropelamento;;;;;;;0;0;2;0;0;0;0;0;0;0;0;0;;
259873;10;3;2015;21:12;0;AV SGT HERMINIO SAMPAIO;;;826;;Colis?úo;;;;Meio de Quadra;;;0;0;2;1;1;0;0;0;0;0;0;0;-3,724550000000000;-38,547894000000000
259867;10;3;2015;11:28;0;RUA PRO HERIBALDO COSTA;;;0;;Colis?úo;Luz do Dia;;;Meio de Quadra;;;0;0;2;0;0;0;0;0;0;0;0;0;;
259868;10;3;2015;13:23;3896;AV EDUARDO GIRAO;RUA CARLOS CAMARA;;0;;Colis?úo;Luz do Dia;;;Cruz;Pare;Comercial;0;0;2;0;0;0;0;0;0;0;0;0;-3,747043000000000;-38,543106000000000
259875;11;3;2015;11:45;0;AV ENG SANTANA JUNIOR;;;0;;Colis?úo;Luz do Dia;;;Meio de Quadra;;;0;0;2;1;0;0;0;0;0;0;0;0;;
259889;11;3;2015;17:51;0;RUA JOAQUIM FELICIO;;;0;;Colis?úo;Anoitecer;;;Meio de Quadra;;;0;0;2;1;0;0;1;0;0;0;0;0;;
265135;11;3;2015;02:35;0;RUA ALAGOAS;;;0;;Colis?úo;;;;Meio de Quadra;;;0;0;2;0;0;0;0;0;0;0;0;0;;
265137;11;3;2015;11:27;0;AV ANTONIO SALES;;;13;;Colis?úo;Luz do Dia;;;Meio de Quadra;;;0;0;2;0;0;0;0;0;0;0;0;0;-3,739226000000000;-38,522309000000000
265139;11;3;2015;11:44;0;RUA JOSE MOACIR BEZERRA;;;1250;;Colis?úo;Luz do Dia;;;Meio de Quadra;;;0;0;2;0;0;0;0;0;0;0;0;0;;
265144;11;3;2015;14:14;0;AV FRANCISCO SA;;;2855;;Colis?úo;Luz do Dia;;;Meio de Quadra;;;0;0;2;0;0;0;0;0;0;0;0;0;-3,719489000000000;-38,551086000000000
265146;11;3;2015;16:35;14841;TR REJANE;RUA PDE RODOLFO;;0;;Colis?úo;Luz do Dia;;;;;;0;0;2;0;0;0;0;0;0;0;0;0;-3,805515000000000;-38,584954000000000
265155;11;3;2015;21:37;9595;RUA LONDRINA;RUA SAO LUIZ DO OESTE;;0;;Colis?úo;;;;Cruz;N?úo H?í Controle;Residencial;0;0;2;0;0;0;0;0;0;0;0;0;-3,779347000000000;-38,609308000000000
265159;11;3;2015;21:54;10863;RUA PORTO VELHO;RUA PRO HERIBALDO COSTA;;0;;Colis?úo;;;;Cruz;Sem?íforo;Comercial;0;0;2;0;0;0;0;0;0;0;0;0;-3,765974000000000;-38,587014000000000
265164;11;3;2015;21:56;24886;AV MAJ ASSIS;AV MOZART PINHEIRO DE LUCENA;;0;;Atropelamento;;;;Cruz;Sem?íforo;Residencial;0;0;2;0;0;0;0;0;0;0;0;0;-3,721695000000000;-38,596693000000000
265166;11;3;2015;21:58;0;AV GODOFREDO PIMENTEL;;;530;;Colis?úo;;;;Meio de Quadra;;;0;0;2;0;0;0;0;0;0;0;0;0;-3,732064000000000;-38,589182000000000
265169;11;3;2015;22:33;0;RUA PAULINO ROCHA D32;;;0;;Colis?úo;;;;Meio de Quadra;;;0;0;2;0;0;0;0;0;0;0;0;0;;
265181;11;3;2015;22:46;22353;AV OLAVO BILAC;AV BEZERRA DE MENEZES;;0;;Colis?úo;;;;;;;0;0;2;0;0;0;0;0;0;0;0;0;-3,735601000000000;-38,564151000000000
265183;11;3;2015;22:56;16789;RUA OSCAR ROMERO;RUA SAO FRANCISCO DE ASSIS;;0;;Colis?úo;;;;;;;0;0;2;0;0;0;0;0;0;0;0;0;-3,832611000000000;-38,570820000000000
265185;11;3;2015;23:03;0;AV DES GONZAGA;;;0;;Colis?úo;;;;Meio de Quadra;;;0;0;2;0;0;0;0;0;0;0;0;0;;
265195;11;3;2015;23:20;0;RUA PEDRO DANTAS;;;0;;Colis?úo;;;;Meio de Quadra;;;0;0;2;0;0;0;0;0;0;0;0;0;;
260941;11;3;2015;07:07;0;AV GAL OSORIO DE PAIVA;;;0;;Colis?úo;Luz do Dia;;;Meio de Quadra;;;0;1;1;1;0;0;0;0;0;1;0;0;-3,790640000000000;-38,588381000000000
260961;11;3;2015;07:11;0;AV DOMINGOS OLIMPIO;;;0;;Atropelamento;Luz do Dia;;;Meio de Quadra;;;0;1;1;0;1;0;0;0;0;0;0;0;-3,737804000000000;-38,527167000000000
260985;11;3;2015;20:51;0;AV CEL CARVALHO;;;0;;Colis?úo;;;;Meio de Quadra;;;0;1;1;1;0;0;0;0;0;1;0;0;-3,721357000000000;-38,586902000000000
260987;11;3;2015;21:56;26191;AV MAJ ASSIS;RUA 43 CJ DOS BANCARIOS;;0;;Colis?úo;;;;T;Pare;Residencial;0;1;0;0;0;0;0;0;0;0;0;0;-3,720369000000000;-38,601233000000000
260988;11;3;2015;22:27;0;RUA MANUEL GALDINO;;;3907;;Colis?úo;;;;Meio de Quadra;;;0;1;1;0;0;0;0;0;0;1;0;0;-3,789688000000000;-38,626188000000000
260989;11;3;2015;22:49;0;AV CEL CARVALHO;;;0;;Colis?úo;;;;Meio de Quadra;;;0;1;1;0;0;0;0;0;0;1;0;0;;
260990;11;3;2015;22:43;0;AV CEL CARVALHO;;;0;;;;;;Meio de Quadra;;;0;1;1;0;0;0;0;0;0;1;0;0;;
260991;11;3;2015;23:45;0;AV DR SILAS MUNGUBA;;;0;;Colis?úo;;;;Meio de Quadra;;;0;1;0;1;1;0;0;0;0;0;0;0;;
260992;11;3;2015;00:41;0;AV PRO JOSE ARTHUR CARVALHO;;;0;;Queda;;;;Meio de Quadra;;;0;1;0;0;0;0;0;0;0;1;0;0;;
260978;11;3;2015;20:30;0;AV WASHINGTON SOARES;;;0;;Colis?úo;;;;Meio de Quadra;;;0;1;1;1;0;0;0;0;0;1;0;0;-3,758162000000000;-38,486688000000000
260971;11;3;2015;17:01;0;RUA VALPARAISO;;;0;;Colis?úo;Anoitecer;;;Meio de Quadra;;;0;1;1;1;0;0;0;0;0;1;0;0;-3,841440000000000;-38,529166000000000
260972;11;3;2015;18:16;0;AV GAL OSORIO DE PAIVA;;;0;;Colis?úo;Anoitecer;;;Meio de Quadra;;;0;1;0;0;0;0;0;0;0;0;0;0;-3,798199000000000;-38,595726000000000
260968;11;3;2015;13:08;13143;AV D CJ JOSE WALTER;RUA 41 CJ JOSE WALTER;;0;;Colis?úo;Luz do Dia;;;Cruz;Pare;Residencial;0;1;1;1;0;0;0;0;0;1;0;0;-3,830940000000000;-38,557966000000000
260969;11;3;2015;16:29;0;RUA SAO FRANCISCO D34;;;0;;Colis?úo;Luz do Dia;;;;;;0;1;1;1;0;0;0;0;0;1;0;0;;
260963;11;3;2015;11:17;583;AV FRANCISCO SA;RUA ANA FACO;;0;;;Luz do Dia;;;;;;0;1;1;1;0;0;0;0;0;1;0;0;-3,716149000000000;-38,561096000000000
260964;11;3;2015;12:47;0;AV GODOFREDO MACIEL;;;0;;Atropelamento;Luz do Dia;;;Meio de Quadra;;;0;1;1;0;0;0;0;0;0;1;0;0;-3,809132000000000;-38,573867000000000
258642;11;3;2015;07:40;0;RD BR 116;;;4000;KM-04;Colis?úo Traseira;Luz do Dia;Nublado;Seca;Meio de Quadra;N?úo H?í Controle;Comercial;0;2;1;1;0;0;0;0;0;1;0;0;-3,788331000000000;-38,510646000000000
258645;11;3;2015;17:40;0;RD BR 116;;;1000;KM-01;Colis?úo Lateral;Anoitecer;Bom;Seca;Meio de Quadra;N?úo H?í Controle;Comercial;0;0;2;1;1;0;0;0;0;0;0;0;-3,762554000000000;-38,518702000000000
258880;11;3;2015;20:00;0;RD CE-025;;;0;KM-01;;Via Iluminada;;Seca;Meio de Quadra;;;0;0;2;0;0;1;0;0;0;0;0;0;-3,807681000000000;-38,470976000000000
258873;11;3;2015;16:30;0;RD CE-040;;;0;KM-06;Colis?úo;Luz do Dia;;Seca;Meio de Quadra;;;0;0;2;1;0;0;0;0;0;0;0;0;-3,811270000000000;-38,478781000000000
258868;11;3;2015;15:30;0;RD CE-040;;;0;KM-05;Colis?úo;Luz do Dia;;Seca;Meio de Quadra;;;0;0;2;1;0;0;0;0;0;0;0;0;-3,790876000000000;-38,480349000000000
258864;11;3;2015;12:00;0;RD CE-040;;;0;KM-03;Colis?úo Lateral;Luz do Dia;;Seca;Meio de Quadra;;;0;0;2;1;0;0;0;0;0;0;0;0;-3,783185000000000;-38,481014000000000
249485;11;3;2015;;1250;AV BAR STUDART;RUA COSTA BARROS;;0;;Colis?úo;;Bom;Seca;Cruz;Sem?íforo;Comercial;0;0;2;1;0;0;0;0;0;0;0;0;-3,732231000000000;-38,505837000000000
249486;11;3;2015;11:30;15260;RUA ANA BILHAR;RUA JOAQUIM NABUCO;;0;;Colis?úo Transversal;Luz do Dia;Bom;Seca;Cruz;Sem?íforo;Residencial;0;0;2;0;0;0;0;0;0;1;0;0;-3,728382000000000;-38,499077000000000
249488;11;3;2015;16:50;12875;AV DOMINGOS OLIMPIO;RUA COS TRISTAO;;0;;Colis?úo Traseira;Luz do Dia;Bom;Seca;T;N?úo H?í Controle;Misto;0;0;2;1;0;0;0;0;0;0;0;0;-3,738077000000000;-38,526351000000000
249489;11;3;2015;12:25;3903;AV JOAO PESSOA;RUA PDE CICERO;;0;;Colis?úo Traseira;Luz do Dia;Bom;Seca;Cruz;Sem?íforo;Comercial;0;1;2;0;1;0;0;0;0;1;0;0;-3,745741000000000;-38,543442000000000
249490;11;3;2015;14:10;22103;AV JOSE BASTOS;RUA MAJ WEYNE;;0;;Colis?úo Lateral;Luz do Dia;Bom;Seca;T;Pare;Rural;0;0;2;1;0;0;0;0;0;0;0;0;-3,746466000000000;-38,546895000000000
249491;11;3;2015;13:00;3903;AV JOAO PESSOA;RUA PDE CICERO;;0;;Colis?úo Lateral;;Bom;Seca;Cruz;Sem?íforo;Misto;0;0;2;1;0;0;1;0;0;0;0;0;-3,745741000000000;-38,543442000000000
249500;11;3;2015;07:20;12837;AV DOMINGOS OLIMPIO;RUA JAIME BENEVOLO;;0;;Outros;Luz do Dia;Bom;Seca;Cruz;Sem?íforo;Comercial;0;1;1;0;1;1;0;0;0;0;0;0;-3,737780000000000;-38,527245000000000
249501;11;3;2015;11:30;9099;AV EDUARDO GIRAO;RUA MIN JOAQUIM BASTOS D14;;0;;Engavetamento;Luz do Dia;Bom;Seca;Com Via F?®rrea;Pare;Residencial;0;1;2;1;0;0;0;0;0;0;0;0;-3,755700000000000;-38,525973000000000
249498;11;3;2015;08:00;0;RUA LUIS GIRAO;;;365;;Colis?úo Transversal;Luz do Dia;Bom;Seca;Meio de Quadra;Pare;Residencial;0;0;2;0;0;0;0;0;0;0;0;0;-3,799039000000000;-38,482416000000000
249493;11;3;2015;19:15;13590;AV PONTES VIEIRA;RUA DR JOSE LOURENCO;;0;;Colis?úo Traseira;Via Iluminada;Bom;Seca;T;Sem?íforo;Comercial;0;1;1;1;0;0;0;0;0;1;0;0;-3,752735000000000;-38,513542000000000
249494;11;3;2015;09:40;15360;AV DES MOREIRA;AV DOM LUIS;;0;;Colis?úo Lateral;Luz do Dia;Bom;Seca;Rotat??ria;N?úo H?í Controle;Comercial;0;0;2;0;0;0;0;0;0;0;0;0;-3,733239000000000;-38,497383000000000
249495;11;3;2015;08:10;22081;RUA CAP FRANCISCO PEDRO;RUA GUSTAVO BRAGA;;0;;Colis?úo Lateral;Luz do Dia;Bom;Seca;Cruz;Pare;Residencial;0;0;3;1;0;0;0;0;0;0;0;0;-3,751155000000000;-38,552452000000000
249496;11;3;2015;16:30;0;AV PRS COSTA E SILVA;;;0;;Colis?úo Traseira;Luz do Dia;Bom;Seca;Meio de Quadra;N?úo H?í Controle;Residencial;0;0;2;1;0;0;0;0;0;0;0;0;;
249522;11;3;2015;11:30;1585;RUA TIBURCIO CAVALCANTE;RUA PDE VALDEVINO;;0;;Colis?úo Transversal;Luz do Dia;Bom;Seca;Cruz;Sem?íforo;Residencial;0;1;1;1;0;0;0;0;0;0;0;0;-3,742915000000000;-38,504815000000000
249517;11;3;2015;13:00;1273;AV SANTOS DUMONT;RUA DR JOSE LOURENCO;;0;;Colis?úo Transversal;Luz do Dia;Bom;Seca;Cruz;Pare;Comercial;0;1;1;1;0;0;0;0;0;1;0;0;-3,733299000000000;-38,507380000000000
249518;11;3;2015;20:30;3896;RUA CARLOS CAMARA;AV EDUARDO GIRAO;;0;;Colis?úo Transversal;Via Iluminada;Bom;Seca;Cruz;Pare;;0;0;2;1;0;0;0;0;0;0;0;0;-3,747043000000000;-38,543106000000000
249513;11;3;2015;21:00;25845;RUA PDE PEDRO DE ALENCAR;RUA JOSEFA B DE ALENCAR;;0;;Colis?úo Transversal;Via Iluminada;Bom;Seca;T;Sem?íforo;Comercial;0;1;1;1;0;0;0;0;0;1;0;0;-3,827783000000000;-38,493485000000000
249511;11;3;2015;07:10;0;AV PRS COSTA E SILVA;;;3020;;Colis?úo Traseira;Luz do Dia;Nublado;Seca;Meio de Quadra;Outros;Misto;0;0;2;1;0;0;0;0;0;0;0;0;;
249506;11;3;2015;07:00;356;RUA GUSTAVO BRAGA;RUA FRANCISCA CLOTILDE;;0;;Colis?úo Transversal;Luz do Dia;Bom;Seca;Cruz;Pare;Residencial;0;0;2;1;0;0;0;0;0;0;0;0;-3,747141000000000;-38,556863000000000
249532;11;3;2015;18:45;13592;AV PONTES VIEIRA;RUA PRO CARVALHO;;0;;Colis?úo Transversal;Luz do Dia;Bom;Seca;Cruz;N?úo H?í Controle;Comercial;0;1;1;0;0;0;0;0;0;1;0;0;-3,752890000000000;-38,514949000000000
249530;11;3;2015;19:00;0;AV GOV RAUL BARBOSA;;;5359;;Colis?úo Lateral;Via Iluminada;Bom;Seca;Meio de Quadra;N?úo H?í Controle;Misto;0;0;2;1;0;0;1;0;0;0;0;0;;
249535;11;3;2015;14:55;0;AV GODOFREDO MACIEL;;;2905;;Colis?úo Traseira;;Bom;Seca;Meio de Quadra;Sem?íforo;Comercial;0;1;1;1;0;0;0;0;1;0;0;0;-3,800806000000000;-38,571277000000000
249536;11;3;2015;07:20;26227;RUA AGAMENON;AV GAL OSORIO DE PAIVA;;0;;Colis?úo;Luz do Dia;Nublado;Seca;;;;1;0;1;0;1;0;0;0;0;1;0;0;;
249537;11;3;2015;08:30;5045;RUA SAO PAULO;AV FILOMENO GOMES;;0;;Colis?úo Transversal;Luz do Dia;Bom;Seca;Cruz;Sem?íforo;Residencial;0;0;2;1;0;0;0;0;0;0;0;0;-3,721539000000000;-38,541200000000000
249538;11;3;2015;09:20;3219;RUA ANSELMO NOGUEIRA;RUA EMILIO DE MENESES;;0;;Colis?úo Lateral;Luz do Dia;Bom;Seca;Cruz;Sem?íforo;Misto;0;1;1;0;0;0;0;0;0;1;0;0;-3,781760000000000;-38,587374000000000
249539;11;3;2015;08:00;0;AV SANTOS DUMONT;;;2889;;Colis?úo Lateral;Luz do Dia;Bom;Seca;Meio de Quadra;N?úo H?í Controle;Comercial;0;0;1;1;0;0;0;0;0;0;0;0;-3,736251000000000;-38,498286000000000
249526;11;3;2015;14:00;0;AV SANTOS DUMONT;;;1789;;Colis?úo Traseira;Luz do Dia;Bom;Seca;Meio de Quadra;N?úo H?í Controle;Comercial;0;0;2;1;0;0;0;0;0;0;0;0;-3,733134000000000;-38,507881000000000
257515;11;3;2015;07:45;13021;AV A CJ JOSE WALTER;AV I CJ JOSE WALTER;;0;;Colis?úo;Luz do Dia;;;Cruz;Pare;Residencial;0;1;0;1;0;0;0;0;0;1;0;0;-3,825834000000000;-38,550935000000000
257518;12;3;2015;14:50;15391;RUA ALMEIDA REGO;RUA ARAUJO TORREAO;;0;;Colis?úo;Luz do Dia;;;Cruz;Pare;Residencial;0;1;0;1;0;0;0;0;0;0;0;0;-3,814052000000000;-38,496403000000000
249525;12;3;2015;20:00;24293;RUA JULIO ABREU;RUA DELMIRO GOUVEIA;;0;;Colis?úo Lateral;;;;Cruz;Pare;Comercial;0;0;2;1;0;0;0;0;0;1;0;0;-3,735900000000000;-38,488072000000000
249508;12;3;2015;12:45;19313;RUA GERMANO FRANCK;RUA CON LIMA SUCUPIRA;;0;;Colis?úo Transversal;Luz do Dia;Nublado;Seca;Cruz;N?úo H?í Controle;Comercial;0;1;1;1;0;0;0;0;0;1;0;0;-3,775196000000000;-38,559584000000000
249514;12;3;2015;15:00;10392;RUA JOSE MENDONCA;RUA STA ADELIA;;0;;Colis?úo Traseira;Luz do Dia;Nublado;Seca;Cruz;N?úo H?í Controle;Residencial;0;0;2;0;1;0;1;0;0;0;0;0;-3,759043000000000;-38,602545000000000
249523;12;3;2015;13:20;0;AV ANTONIO SALES;;;3120;;Colis?úo Traseira;Luz do Dia;Nublado;Seca;Meio de Quadra;N?úo H?í Controle;Comercial;0;0;2;0;0;0;0;0;0;1;0;0;-3,747342000000000;-38,496298000000000
249520;12;3;2015;22:35;0;AV AGUANAMBI;;;0;ROTAT?ôRIA;Colis?úo Transversal;Via Iluminada;Bom;Seca;Meio de Quadra;Sem?íforo;Comercial;0;1;1;0;0;0;0;0;0;1;0;0;-3,755538000000000;-38,523043000000000
258883;12;3;2015;11:08;0;RD CE-040;;;0;KM-10;Colis?úo;Luz do Dia;;Seca;Meio de Quadra;;;0;0;2;1;0;0;0;0;0;0;0;0;-3,838671000000000;-38,480068000000000
258888;12;3;2015;21:00;0;RD CE-040;;;0;KM-02;Colis?úo;Via Iluminada;;Seca;Meio de Quadra;;;0;0;2;1;0;0;0;0;0;0;0;0;-3,776479000000000;-38,481598000000000
258885;12;3;2015;17:00;0;RD CE-040;;;0;KM-02;Colis?úo;Via Iluminada;;Seca;Meio de Quadra;;;0;0;2;1;0;0;0;0;0;0;0;0;-3,776479000000000;-38,481598000000000
249587;12;3;2015;;0;AV BEZERRA DE MENEZES;;;2099;;Engavetamento;Luz do Dia;Bom;;Meio de Quadra;Sem?íforo;Comercial;0;0;3;1;0;0;0;0;0;0;0;0;-3,735446000000000;-38,563437000000000
249591;12;3;2015;09:00;26204;RUA PDE PEDRO DE ALENCAR;RUA UBERLANDIA;;0;;Colis?úo Traseira;Luz do Dia;Bom;Seca;T;N?úo H?í Controle;Residencial;0;1;1;0;1;0;0;0;0;1;0;0;;
249593;12;3;2015;08:00;0;RUA BAR AQUIRAZ;;;1361;;Atropelamento;Luz do Dia;Bom;Seca;Meio de Quadra;N?úo H?í Controle;Comercial;0;2;0;0;0;0;0;0;0;1;0;0;-3,840048000000000;-38,485787000000000
249595;12;3;2015;04:00;5123;RUA CASTRO E SILVA;RUA MAJ FACUNDO;;0;;Colis?úo Transversal;Amanhecer;Bom;Seca;Cruz;Sem?íforo;Comercial;0;0;2;1;0;0;0;0;0;0;0;0;-3,724082000000000;-38,526703000000000
249607;12;3;2015;08:40;0;AV PRS CASTELO BRANCO;;;2546;;Colis?úo Traseira;Luz do Dia;Bom;Seca;Meio de Quadra;Pare;Residencial;0;1;1;1;0;0;0;0;0;1;0;0;-3,713068000000000;-38,550734000000000
249612;12;3;2015;10:00;0;AV PRS CASTELO BRANCO;;;2546;;Engavetamento;Luz do Dia;Bom;Seca;Meio de Quadra;Pare;Residencial;0;0;3;1;0;0;0;1;0;0;0;0;-3,713068000000000;-38,550734000000000
249617;12;3;2015;18:20;21376;AV JOVITA FEITOSA;RUA PRO NOGUEIRA;;0;;Colis?úo Transversal;Anoitecer;Bom;Seca;Cruz;Pare;Comercial;0;1;1;1;0;0;0;0;0;1;0;0;-3,738280000000000;-38,548839000000000
249620;12;3;2015;09:00;0;AV AGUANAMBI;;;421;;Colis?úo Traseira;Luz do Dia;Bom;Seca;Meio de Quadra;Sem?íforo;Comercial;0;0;2;1;1;0;0;0;0;0;0;0;-3,740523000000000;-38,525059000000000
249623;12;3;2015;10:00;0;RUA PESSOA ANTA;;;501;;Engavetamento;Luz do Dia;Bom;Seca;Meio de Quadra;Sem?íforo;Comercial;0;0;4;1;0;0;0;0;0;0;0;0;-3,720820000000000;-38,519637000000000
249651;12;3;2015;16:00;0;RUA BERNARDO MANUEL;;;7969;;Colis?úo Lateral;Luz do Dia;Bom;Seca;Meio de Quadra;Sem?íforo;Comercial;0;0;2;0;0;0;1;0;0;0;0;0;-3,789105000000000;-38,548490000000000
249660;12;3;2015;11:10;23725;RUA DOM HENRIQUE;RUA MON AGOSTINHO;;0;;Colis?úo Transversal;Luz do Dia;Nublado;Seca;Cruz;Pare;Misto;0;1;1;1;0;0;0;0;0;1;0;0;-3,787384000000000;-38,581683000000000
249665;12;3;2015;08:23;10317;RUA JOSE MENDONCA;RUA PASSO FUNDO;;0;;Colis?úo Lateral;Luz do Dia;Nublado;Seca;Cruz;Pare;Comercial;0;0;3;1;0;0;0;0;0;0;0;0;-3,755650000000000;-38,601915000000000
249657;12;3;2015;19:00;0;AV GODOFREDO MACIEL;;;2550;;Colis?úo Traseira;;Bom;Seca;Meio de Quadra;N?úo H?í Controle;Comercial;0;0;2;1;1;0;0;0;0;0;0;0;;
249685;12;3;2015;19:20;9130;AV 13 DE MAIO;RUA SOLON PINHEIRO;;0;;Colis?úo Lateral;Via Iluminada;;Seca;T;N?úo H?í Controle;Lazer;0;0;2;1;1;0;0;0;0;0;0;0;-3,747100000000000;-38,531934000000000
249687;12;3;2015;15:15;0;AV GAL OSORIO DE PAIVA;;;3951;;Colis?úo Lateral;Luz do Dia;Bom;Seca;Meio de Quadra;N?úo H?í Controle;Comercial;0;0;3;1;0;0;0;0;0;0;0;0;-3,792485000000000;-38,590153000000000
249689;12;3;2015;14:40;21850;RUA EMILIA GONCALVES;RUA GAL ALIPIO DOS SANTOS;;0;;Colis?úo Lateral;Luz do Dia;Bom;Seca;Cruz;Pare;Residencial;0;0;2;1;1;0;0;0;0;0;0;0;-3,731997000000000;-38,593202000000000
249690;12;3;2015;12:30;0;RUA NOGUEIRA ACIOLI;;;1400;;Colis?úo Traseira;Luz do Dia;Bom;Seca;Meio de Quadra;Sem?íforo;Comercial;0;0;2;1;0;0;0;0;0;0;0;0;-3,735456000000000;-38,518717000000000
249769;12;3;2015;17:40;0;RUA FAUSTO CABRAL;;;95;;Colis?úo Frontal;Anoitecer;Bom;Seca;Meio de Quadra;N?úo H?í Controle;Residencial;0;0;2;1;0;0;0;0;0;0;0;0;-3,732245000000000;-38,481364000000000
249787;12;3;2015;23:48;0;RUA CON DE CASTRO;;;1169;;Colis?úo Frontal;Via Iluminada;Bom;Seca;Meio de Quadra;N?úo H?í Controle;Residencial;0;1;1;1;0;0;0;0;0;1;0;0;;
249790;12;3;2015;16:00;19712;RUA JOSE PONTES;AV BEZERRA DE MENEZES;;0;;Colis?úo Lateral;Luz do Dia;Bom;Seca;T;Pare;Comercial;0;0;3;1;0;0;0;0;0;0;0;0;-3,736463000000000;-38,568324000000000
249806;12;3;2015;11:00;0;AV DOM MANUEL;;;1315;;Colis?úo Traseira;Luz do Dia;Bom;Seca;Meio de Quadra;N?úo H?í Controle;Comercial;0;0;2;1;0;0;0;0;0;0;0;0;-3,735581000000000;-38,523463000000000
249810;12;3;2015;10:10;0;AV GOV RAUL BARBOSA;;;0;;Colis?úo Lateral;Luz do Dia;Bom;Seca;Meio de Quadra;N?úo H?í Controle;Residencial;0;0;2;0;0;0;1;0;0;0;0;0;;
260993;12;3;2015;06:53;0;TR GUILHERME PERDIGAO;;;0;;Atropelamento;Luz do Dia;;;Meio de Quadra;;;0;1;0;0;0;0;0;0;0;0;0;0;;
260996;12;3;2015;08:13;0;AV MON TABOSA;;;1716;;Atropelamento;Luz do Dia;;;Meio de Quadra;;;0;1;1;1;0;0;0;0;0;0;0;0;-3,724749000000000;-38,503526000000000
260997;12;3;2015;08:38;0;RUA PESSOA ANTA;;;0;;Colis?úo;Luz do Dia;;;Meio de Quadra;;;0;1;1;1;0;0;0;0;0;1;0;0;-3,720820000000000;-38,519637000000000
260998;12;3;2015;08:48;0;RUA FRANCISCO CORDEIRO;;;0;;Colis?úo;Luz do Dia;;;Meio de Quadra;;;0;1;1;1;0;0;0;0;0;1;0;0;;
260999;12;3;2015;10:02;19106;RUA AMELIA BENEBIEN;RUA ANDRE DALL OLIO;;0;;Colis?úo;Luz do Dia;;;Cruz;Pare;Rural;0;1;1;1;0;0;0;0;0;1;0;0;-3,737969000000000;-38,478342000000000
261000;12;3;2015;10:07;0;RUA PRO CARVALHO;;;0;;Colis?úo;Luz do Dia;;;Meio de Quadra;;;0;1;1;1;0;0;0;0;0;1;0;0;;
261002;12;3;2015;13:27;0;RUA PEDRO PEREIRA;;;0;;Colis?úo;Luz do Dia;;;Meio de Quadra;;;0;1;1;1;0;0;0;0;0;1;0;0;;
261003;12;3;2015;13:32;0;RUA GERMANO FRANCK;;;0;;Colis?úo;Luz do Dia;;;Meio de Quadra;;;0;1;1;1;0;0;0;0;0;1;0;0;-3,774825000000000;-38,559139000000000
261005;12;3;2015;15:29;0;RUA FRANCISCA CLOTILDE;;;0;;Colis?úo;Luz do Dia;;;Meio de Quadra;;;0;1;1;1;0;0;0;0;0;1;0;0;;
261008;12;3;2015;16:33;5340;AV DUQ CAXIAS;RUA VINTE E QUATRO DE MAIO;;0;;Atropelamento;Luz do Dia;;;Cruz;Sem?íforo;Comercial;0;1;1;1;0;0;0;0;0;0;0;0;-3,730708000000000;-38,533230000000000