COD_ACIDENTE;DIA;MES;ANO;HORA;INTERSECAO;LOG1;LOG2;LOG3;NUMERO;REFERENCIA;NATUREZA;ILUMINACAO;TEMPO;SUPERFICIEPISTA;TIPOCRUZAMENTO;CONTROLETRAFEGO;USOSOLO;MORTOS;FERIDOS;ILESOS;AUTOMOVEL;ONIBUS;BICICLETA;CAMINHAO;MICROONIBUS;CICLOMOTOR;MOTOCICLETA;TRACAOANIMAL;TREM;LATITUDE;LONGITUDE
261009;12;3;2015;17:58;0;AV BEZERRA DE MENEZES;;;0;;Colis?úo;Anoitecer;;;Meio de Quadra;;;0;1;1;1;0;0;0;0;0;1;0;0;;
261017;12;3;2015;18:11;24872;RUA ANTONIO ARRUDA;RUA CREUSA ROCHA;;0;;Colis?úo;Anoitecer;;;;;;0;1;1;1;0;0;0;0;0;1;0;0;-3,720645000000000;-38,594151000000000
261018;12;3;2015;18:19;7849;RUA JOSE VILAR;RUA FRANCISCO HOLANDA;;0;;Colis?úo;Anoitecer;;;Cruz;Pare;Residencial;0;1;0;0;0;0;0;0;0;0;0;0;-3,747448000000000;-38,508441000000000
261019;12;3;2015;23:46;0;RUA PERNAMBUCO;;;0;;Colis?úo;;;;Meio de Quadra;;;0;1;1;0;0;0;0;0;0;1;0;0;-3,756719000000000;-38,573118000000000
260984;12;3;2015;20:50;20042;AV DEP PAULINO ROCHA;AV ALBERTO CRAVEIRO;;0;;Colis?úo;;;;;;;0;1;1;1;0;0;0;0;0;1;0;0;-3,807229000000000;-38,524782000000000
249821;12;3;2015;16:30;20042;AV DEP PAULINO ROCHA;AV ALBERTO CRAVEIRO;;0;;Colis?úo Traseira;Luz do Dia;Bom;Seca;Rotat??ria;D?¬ Prefer?¬ncia;Comercial;0;0;2;1;1;0;0;0;0;0;0;0;-3,807229000000000;-38,524782000000000
249823;12;3;2015;04:30;12440;AV AUGUSTO DOS ANJOS;RUA ARARIPE PRATA;;0;;Colis?úo Traseira;;Bom;Seca;Cruz;Pare;Misto;0;0;2;1;0;0;0;0;0;0;0;0;-3,771936000000000;-38,571749000000000
249830;12;3;2015;12:40;24280;RUA DELMIRO GOUVEIA;RUA REPUBLICA DO LIBANO;;0;;Colis?úo Transversal;Luz do Dia;Bom;Seca;Cruz;Pare;Residencial;0;0;2;0;0;0;0;0;0;0;0;0;-3,733732000000000;-38,488175000000000
249825;12;3;2015;12:30;0;RUA CONDE D??EU;;;630;;Colis?úo Lateral;Luz do Dia;Bom;Seca;Meio de Quadra;Sem?íforo;Comercial;0;0;2;1;0;0;1;0;0;0;0;0;-3,726411000000000;-38,525843000000000
249826;12;3;2015;14:00;0;RUA JORGE DUMAR;;;1820;;Colis?úo Transversal;Luz do Dia;Bom;Seca;Meio de Quadra;N?úo H?í Controle;Residencial;0;0;2;1;0;0;0;0;0;0;0;0;;
249840;12;3;2015;10:40;0;AV ABOLICAO;;;3000;;Engavetamento;Luz do Dia;Bom;Seca;Meio de Quadra;N?úo H?í Controle;Comercial;0;0;3;1;0;0;1;0;0;0;0;0;-3,726843000000000;-38,492394000000000
249844;12;3;2015;13:30;22102;RUA JOSE FACANHA;RUA MON FURTADO;;0;;Colis?úo Transversal;Luz do Dia;Bom;Seca;Cruz;Pare;Residencial;0;0;2;1;0;0;0;0;0;0;0;0;-3,753672000000000;-38,555590000000000
265199;12;3;2015;00:35;0;RUA PEDRO DANTAS;;;856;;Colis?úo;;;;Meio de Quadra;;;0;0;2;0;0;0;0;0;0;0;0;0;;
265200;12;3;2015;08:43;0;AV H CJ CEARA;;;2194;;Colis?úo;Luz do Dia;;;Meio de Quadra;;;0;0;2;0;0;0;0;0;0;0;0;0;-3,776652000000000;-38,617845000000000
265202;12;3;2015;08:50;17621;RUA JOSE PEDRA;RUA JOSE LITO OLIVEIRA;;0;;Colis?úo;Luz do Dia;;;;;;0;0;2;0;0;0;0;0;0;0;0;0;-3,794115000000000;-38,549239000000000
259890;12;3;2015;09:39;0;AV GODOFREDO MACIEL;;;0;;Colis?úo;Luz do Dia;;;Meio de Quadra;;;0;0;2;1;0;0;0;0;0;0;0;0;;
265204;13;3;2015;07:53;2462;AV CEL CARVALHO;RUA 01 UI 901;;0;;Colis?úo;Luz do Dia;;;T;Pare;Comercial;0;0;2;0;0;0;0;0;0;0;0;0;-3,707878000000000;-38,590388000000000
265206;13;3;2015;10:44;0;AV JOSE LEON;;;1843;;Colis?úo;Luz do Dia;;;Meio de Quadra;;;0;0;2;0;0;0;0;0;0;0;0;0;-3,789284000000000;-38,495952000000000
265208;13;3;2015;10:45;25949;AV DES FELICIANO DE ATAIDE (JD DAS OLIVEIRAS);RUA STENIO GOMES (JD OLIVEIRAS);;0;;Colis?úo;Luz do Dia;;;;;;0;0;2;0;0;0;0;0;0;0;0;0;;
265210;13;3;2015;10:54;0;RUA VIS SABOIA;;;198;;Colis?úo;Luz do Dia;;;Meio de Quadra;;;0;0;2;0;0;0;0;0;0;0;0;0;-3,727101000000000;-38,524303000000000
265219;13;3;2015;15:58;6744;RUA BATISTA DE OLIVEIRA;RUA BENTO ALBUQUERQUE;;0;;Colis?úo;Luz do Dia;;;Cruz;Sem?íforo;Residencial;0;0;2;0;0;0;0;0;0;0;0;0;-3,744448000000000;-38,481027000000000
265225;13;3;2015;22:17;0;RUA RAIMUNDO ARISTIDES;;;0;;Atropelamento;;;;Meio de Quadra;;;0;0;2;0;0;0;0;0;0;0;0;0;;
265226;13;3;2015;23:35;26099;RUA MIN ALBUQUERQUE LIMA;AV I CJ CEARA;;0;;Colis?úo;;;;T;Pare;Residencial;0;0;2;0;0;0;0;0;0;0;0;0;-3,769977000000000;-38,597489000000000
265223;13;3;2015;22:13;15152;AV ABOLICAO;AV BAR STUDART;;0;;Colis?úo;;;;;;;0;0;2;0;0;0;0;0;0;0;0;0;-3,724762000000000;-38,503445000000000
261057;13;3;2015;21:40;0;RUA STA SOFIA;;;358;;Atropelamento;;;;Meio de Quadra;;;0;1;1;0;0;0;0;0;0;1;0;0;-3,726122000000000;-38,571785000000000
261043;13;3;2015;11:32;3992;RUA ALBERTO MAGNO;RUA RAUL UCHOA;;0;;Colis?úo;Luz do Dia;;;Cruz;Pare;Comercial;0;1;1;1;0;0;0;0;0;1;0;0;-3,760225000000000;-38,545916000000000
261044;13;3;2015;11:44;0;RUA PRO COSTA MENDES;;;0;;Colis?úo;Luz do Dia;;;Meio de Quadra;;;0;1;1;1;0;0;0;0;0;1;0;0;-3,749607000000000;-38,552530000000000
261045;13;3;2015;11:52;0;AV SEN FERNANDES TAVORA;;;0;;Colis?úo;Luz do Dia;;;Meio de Quadra;;;0;1;0;0;0;0;0;0;0;0;0;0;-3,761407000000000;-38,583631000000000
261046;13;3;2015;14:40;0;AV WASHINGTON SOARES;;;0;;Colis?úo;Luz do Dia;;;Meio de Quadra;;;0;1;1;1;0;1;0;0;0;0;0;0;;
261047;13;3;2015;16:00;0;RUA TEN BENEVOLO;;;0;;Colis?úo;Luz do Dia;;;Meio de Quadra;;;0;1;1;1;0;0;0;0;0;1;0;0;-3,729495000000000;-38,504582000000000
261040;13;3;2015;10:11;0;RUA FARIAS LEMOS;;;470;;Colis?úo;Luz do Dia;;;Meio de Quadra;;;0;1;1;1;0;0;0;0;0;1;0;0;-3,815926000000000;-38,493111000000000
261041;13;3;2015;11:11;0;RUA PEDRO SAMPAIO;AV MOZART PINHEIRO DE LUCENA;;0;;Colis?úo;Luz do Dia;;;Meio de Quadra;;;0;1;1;0;0;0;0;0;0;1;0;0;;
261049;13;3;2015;18:33;0;RUA ROSINHA SAMPAIO;;;0;;Atropelamento;;;;Meio de Quadra;;;0;1;1;0;0;0;0;0;0;1;0;0;-3,726058000000000;-38,591100000000000
261052;13;3;2015;19:23;0;RUA COMERCIO D57;;;0;;Queda;;;;Meio de Quadra;;;0;1;0;0;0;0;0;0;0;1;0;0;;
261053;13;3;2015;19:54;1292;AV DES MOREIRA;RUA MARCOS MACEDO;;0;;Atropelamento;;;;Cruz;;Comercial;0;1;1;0;0;0;0;0;0;1;0;0;-3,734244000000000;-38,497711000000000
261055;13;3;2015;20:41;0;RUA 337 CONJUNTO CEARA;;;0;;Colis?úo;;;;Meio de Quadra;;;0;1;1;1;0;0;0;0;0;1;0;0;;
261059;13;3;2015;22:54;0;AV C CJ CEARA;;;0;;Colis?úo;;;;Meio de Quadra;;;0;1;1;1;0;0;0;0;0;0;0;0;-3,766401000000000;-38,611061000000000
261021;13;3;2015;01:51;0;RUA OITICICAS;;;0;;Colis?úo;;;;Meio de Quadra;;;0;1;0;0;0;0;0;0;0;0;0;0;-3,806155000000000;-38,536039000000000
261023;13;3;2015;06:16;0;AV DR SILAS MUNGUBA;;;0;;Queda;Luz do Dia;;;Meio de Quadra;;;0;1;0;0;0;0;0;0;0;1;0;0;;
261024;13;3;2015;06:26;0;AV JOSE BASTOS;;;0;;Atropelamento;Luz do Dia;;;Meio de Quadra;;;0;1;1;0;0;0;0;0;0;1;0;0;;
261028;13;3;2015;06:49;0;RUA PEDRO DANTAS;;;0;;Colis?úo;Luz do Dia;;;Meio de Quadra;;;0;1;1;1;0;0;0;0;0;1;0;0;-3,785701000000000;-38,522953000000000
261026;13;3;2015;06:47;0;AV SEN CARLOS JEREISSATI (AEROPORTO);;;0;;Colis?úo;Luz do Dia;;;Meio de Quadra;;;0;1;1;1;0;0;0;0;0;1;0;0;;
261037;13;3;2015;09:12;0;AV PERIMETRAL;;;0;;Colis?úo;Luz do Dia;;;Meio de Quadra;;;0;1;1;1;0;0;0;0;0;1;0;0;;
258691;13;3;2015;05:35;0;RD BR 222;;;0;KM-02;Colis?úo Lateral;Amanhecer;Chuva;Molhada;Meio de Quadra;N?úo H?í Controle;Comercial;0;0;2;1;0;0;1;0;0;0;0;0;-3,738951000000000;-38,586880000000000
258692;13;3;2015;18:20;0;RD BR 222;;;0;;Colis?úo;Anoitecer;Bom;Seca;Meio de Quadra;N?úo H?í Controle;Comercial;0;1;1;1;0;0;0;0;0;1;0;0;;
249643;13;3;2015;16:10;0;AV JOSE BASTOS;;;5856;;Engavetamento;Luz do Dia;Bom;Seca;Meio de Quadra;Sem?íforo;Comercial;0;1;3;1;0;0;0;0;0;1;0;0;-3,762820000000000;-38,565936000000000
249644;13;3;2015;07:20;1743;RUA CAP ARAGAO;RUA TEN BARBOSA D46;;0;;Colis?úo;Luz do Dia;Bom;Seca;Cruz;Pare;Residencial;0;1;1;1;0;0;0;0;0;1;0;0;-3,764730000000000;-38,512040000000000
249646;13;3;2015;15:30;5259;RUA SENA MADUREIRA;RUA POCINHO;;0;;Colis?úo Lateral;Luz do Dia;Bom;Seca;Cruz;Sem?íforo;Comercial;0;0;2;1;1;0;0;0;0;0;0;0;-3,728162000000000;-38,525841000000000
249648;13;3;2015;20:30;0;AV DUQ CAXIAS;;;1700;;Engavetamento;Via Iluminada;Bom;Seca;Meio de Quadra;Sem?íforo;Comercial;0;0;3;1;0;0;0;0;0;0;0;0;-3,728676000000000;-38,539517000000000
249611;13;3;2015;22:15;0;AV EDUARDO GIRAO;;;0;;Choque c/ Obst?ículo Fixo;Via Iluminada;Bom;Seca;Meio de Quadra;N?úo H?í Controle;Residencial;0;1;1;1;0;0;0;0;0;0;0;0;;
249650;13;3;2015;19:42;15101;AV HIS RAIMUNDO GIRAO;RUA JOAQUIM ALVES;;0;;Colis?úo Traseira;Luz do Dia;Bom;Seca;T;Pare;Comercial;0;0;2;1;0;0;0;0;0;0;0;0;-3,720943000000000;-38,511073000000000
249633;13;3;2015;07:35;11158;RUA JOSE MENELEU D41;RUA JULIO GASPAR;;0;;;Luz do Dia;Bom;Seca;Cruz;Pare;Residencial;0;1;1;1;0;0;0;0;0;1;0;0;-3,784374000000000;-38,560804000000000
249637;13;3;2015;19:30;0;AV AGUANAMBI;RUA DR JOSE VITOR;;0;;Colis?úo Traseira;Luz do Dia;Bom;Seca;Meio de Quadra;N?úo H?í Controle;Comercial;0;0;2;0;0;0;1;0;0;0;0;0;;
249638;13;3;2015;16:25;1375;AV SANTOS DUMONT;RUA BARBOSA DE FREITAS;;0;;Colis?úo Lateral;Luz do Dia;Bom;Seca;Cruz;Sem?íforo;Comercial;0;2;2;1;1;0;0;0;0;0;0;0;-3,736551000000000;-38,497363000000000
249640;13;3;2015;05:55;0;RUA CEL MOZART GONDIM;;;0;;Colis?úo Lateral;Amanhecer;Bom;Seca;Meio de Quadra;N?úo H?í Controle;Residencial;0;1;1;1;0;0;0;0;0;1;0;0;;
249641;13;3;2015;09:00;0;AV PRS COSTA E SILVA;;;898;;Colis?úo Traseira;Luz do Dia;Bom;Seca;Meio de Quadra;Pare;Comercial;0;1;1;0;0;0;1;0;0;1;0;0;-3,812963000000000;-38,571228000000000
249618;13;3;2015;09:30;6969;AV B CJ ESPERANCA;AV F CJ ESPERANCA;;0;;Colis?úo Transversal;Luz do Dia;Bom;Seca;Cruz;Pare;Misto;0;0;2;1;0;0;0;0;0;1;0;0;-3,817486000000000;-38,588467000000000
249613;13;3;2015;12:30;6743;AV SANTOS DUMONT;RUA ALMEIDA PRADO;;0;;Colis?úo Traseira;Luz do Dia;Bom;Seca;Cruz;Sem?íforo;Misto;0;0;2;1;0;0;0;0;0;0;0;0;-3,743712000000000;-38,475153000000000
249614;13;3;2015;16:15;7760;AV ANTONIO SALES;RUA SILVA PAULET;;0;;Colis?úo Lateral;Luz do Dia;Bom;Seca;Cruz;Pare;Comercial;0;0;2;1;0;0;0;0;0;0;0;0;-3,743595000000000;-38,508383000000000
249615;13;3;2015;19:00;24908;RUA ANTONIO ARRUDA;RUA PEDRO SAMPAIO;;0;;Colis?úo Transversal;Via Iluminada;Bom;Seca;Cruz;N?úo H?í Controle;Residencial;0;0;2;0;0;0;0;0;0;0;0;0;-3,724119000000000;-38,595168000000000
249609;13;3;2015;17:20;18743;RUA VALPARAISO;RUA CATOLE;;0;;Colis?úo Lateral;Via Iluminada;Bom;Seca;Cruz;Pare;Residencial;0;0;2;1;0;0;1;0;0;0;0;0;-3,846407000000000;-38,520171000000000
249604;13;3;2015;15:48;19252;AV JOAO PESSOA;RUA LIVINO DE CARVALHO;;0;;Colis?úo Transversal;Luz do Dia;Bom;Seca;T;Pare;Misto;0;0;2;1;0;0;0;0;0;0;0;0;-3,770275000000000;-38,561062000000000
249590;13;3;2015;11:30;0;AV HEROIS DO ACRE;;;492;;Colis?úo Lateral;Luz do Dia;Bom;Seca;Meio de Quadra;N?úo H?í Controle;Comercial;0;0;2;1;0;0;0;0;0;0;0;0;-3,803181000000000;-38,533569000000000
249606;13;3;2015;21:50;6112;AV A CJ CEARA;AV F CJ CEARA;;0;;Colis?úo Transversal;Via Iluminada;Bom;Seca;Cruz;N?úo H?í Controle;Misto;0;1;1;0;0;0;0;1;1;0;0;0;-3,767855000000000;-38,603189000000000
249596;13;3;2015;11:15;0;AV SEN FERNANDES TAVORA;;;988;;Colis?úo Lateral;Luz do Dia;Bom;Seca;Meio de Quadra;N?úo H?í Controle;Misto;0;0;2;1;1;0;0;0;0;0;0;0;-3,762280000000000;-38,581990000000000
249599;13;3;2015;20:00;0;RUA CON DE CASTRO;;;1780;;Colis?úo Traseira;Via Iluminada;Bom;Seca;Meio de Quadra;N?úo H?í Controle;Comercial;0;0;2;0;0;0;0;0;0;0;0;0;-3,786383000000000;-38,574697000000000
249602;13;3;2015;21:00;0;AV JOSE BASTOS;;;4600;;Colis?úo Traseira;Via Iluminada;Bom;Seca;Meio de Quadra;Sem?íforo;Residencial;0;0;2;1;0;0;0;0;0;0;0;0;-3,756877000000000;-38,557601000000000
249586;13;3;2015;12:00;0;AV SEN FERNANDES TAVORA;;;1230;;Choque c/ Obst?ículo Fixo;Luz do Dia;Bom;Seca;Meio de Quadra;Outros;Misto;0;1;0;1;0;0;0;0;0;0;0;0;-3,761407000000000;-38,583631000000000
249553;13;3;2015;11:10;0;RUA TAVARES IRACEMA;;;0;;Colis?úo Lateral;Luz do Dia;Bom;Seca;Meio de Quadra;N?úo H?í Controle;Comercial;0;0;2;1;0;0;0;1;0;0;0;0;;
249555;13;3;2015;17:10;0;AV AGUANAMBI;;;0;ROTAT?ôRIA;Colis?úo Traseira;Via Iluminada;Bom;Seca;Meio de Quadra;Sem?íforo;Comercial;0;0;2;1;0;0;0;0;0;0;0;0;-3,755538000000000;-38,523043000000000
249557;13;3;2015;18:20;24280;RUA REPUBLICA DO LIBANO;RUA DELMIRO GOUVEIA;;0;;Colis?úo Transversal;Via Iluminada;Bom;Seca;Cruz;Pare;Residencial;0;0;2;1;1;0;0;0;0;0;0;0;-3,733732000000000;-38,488175000000000
249567;13;3;2015;12:51;0;AV AUGUSTO DOS ANJOS;;;573;;Colis?úo Lateral;Luz do Dia;Bom;Seca;Meio de Quadra;Sem?íforo;Comercial;0;0;2;1;0;0;0;0;0;0;0;0;-3,773729000000000;-38,573436000000000
249570;13;3;2015;08:00;0;AV MAJ ASSIS;;;0;;Choque c/ Obst?ículo Fixo;Luz do Dia;Nublado;Molhada;Meio de Quadra;N?úo H?í Controle;Residencial;0;0;2;1;0;0;0;0;0;1;0;0;;
249572;13;3;2015;08:20;24968;AV ALM HENRIQUE SABOIA;RUA VILEBALDO AGUIAR;;0;;Colis?úo Lateral;Luz do Dia;Bom;Seca;Cruz;N?úo H?í Controle;Residencial;0;0;2;1;1;0;0;0;0;0;0;0;-3,740626000000000;-38,487544000000000
249574;13;3;2015;09:00;1424;AV HERACLITO GRACA;RUA CARLOS VASCONCELOS;;0;;Colis?úo Traseira;Luz do Dia;Bom;Seca;Cruz;Sem?íforo;Comercial;0;0;2;0;0;0;0;0;0;0;0;0;-3,737590000000000;-38,512285000000000
249578;13;3;2015;23:00;0;AV LUCIANO CARNEIRO;;;1443;;Colis?úo Transversal;Via Iluminada;Bom;Seca;Meio de Quadra;Pare;Comercial;0;0;2;1;0;0;0;0;0;0;0;0;-3,761389000000000;-38,535602000000000
249579;13;3;2015;03:20;15808;AV JOR THOMAZ COELHO;RUA STA CLARA DE ASSIS;;0;;Choque c/ Obst?ículo Fixo;Via Iluminada;Bom;Seca;T;N?úo H?í Controle;Comercial;0;1;0;1;0;0;0;0;0;0;0;0;-3,831579000000000;-38,502808000000000
249576;13;3;2015;15:00;5279;RUA COSTA BARROS;RUA NOGUEIRA ACIOLI;;0;;Colis?úo Lateral;Luz do Dia;Bom;Seca;Cruz;Pare;Misto;0;0;2;0;0;0;0;0;0;0;0;0;-3,728753000000000;-38,516481000000000
249584;13;3;2015;09:00;7519;RUA PEDRO DANTAS;RUA TORRES DE MELO;;0;;Colis?úo Transversal;Luz do Dia;Bom;Seca;Cruz;Pare;Residencial;0;1;1;0;0;0;1;0;0;1;0;0;-3,786094000000000;-38,520909000000000
258895;13;3;2015;16:20;0;AV MIN JOSE AMERICO;;;0;;Colis?úo;Luz do Dia;;Seca;Meio de Quadra;;;0;0;2;1;0;0;0;0;0;0;0;0;;
258897;13;3;2015;20:45;0;RD CE-060;;;0;KM-02;Colis?úo;Via Iluminada;;Seca;Meio de Quadra;;;0;0;2;1;0;0;0;0;0;1;0;0;-3,828028000000000;-38,580009000000000
249533;13;3;2015;12:40;0;RUA GAL CLARINDO DE QUEIROZ;;;1465;;Colis?úo Lateral;Luz do Dia;Bom;Seca;Meio de Quadra;N?úo H?í Controle;Comercial;0;0;2;1;0;0;0;1;0;0;0;0;-3,730568000000000;-38,536789000000000
249534;13;3;2015;08:05;0;RUA GERMANO FRANCK;;;905;;Colis?úo Transversal;Luz do Dia;Bom;Seca;Meio de Quadra;N?úo H?í Controle;Comercial;0;1;1;1;0;0;0;0;0;1;0;0;-3,778830000000000;-38,563902000000000
249531;13;3;2015;13:10;5060;AV IMPERADOR;RUA CASTRO E SILVA;;0;;Colis?úo Traseira;Luz do Dia;Bom;Seca;Cruz;Sem?íforo;Comercial;0;0;2;1;1;0;0;0;0;0;0;0;-3,722013000000000;-38,532916000000000
249546;13;3;2015;08:45;20042;AV DEP PAULINO ROCHA;AV ALBERTO CRAVEIRO;;0;;Colis?úo Traseira;Luz do Dia;Bom;Seca;Rotat??ria;D?¬ Prefer?¬ncia;Comercial;0;0;2;1;1;0;0;0;0;0;0;0;-3,807229000000000;-38,524782000000000
249550;13;3;2015;08:30;0;RUA MAJ WEYNE;;;931;;Colis?úo Lateral;Luz do Dia;Bom;Seca;Meio de Quadra;Pare;Residencial;0;0;2;1;0;0;0;0;0;1;0;0;-3,748672000000000;-38,544418000000000
249551;13;3;2015;14:00;24261;RUA MANUEL JESUINO;RUA REPUBLICA DO LIBANO;;0;;Colis?úo Transversal;Luz do Dia;Bom;Seca;Cruz;Pare;Residencial;0;0;2;1;0;0;0;0;0;0;0;0;-3,733603000000000;-38,484913000000000
257521;13;3;2015;01:30;0;AV GAL OSORIO DE PAIVA;;;5852;;Choque c/ Obst?ículo Fixo;;;;Meio de Quadra;;;0;1;0;0;0;0;0;0;0;1;0;0;-3,807594000000000;-38,604860000000000
257523;13;3;2015;10:00;0;AV PERIMETRAL;;;0;;Colis?úo Lateral;Luz do Dia;;;Meio de Quadra;;;0;1;0;1;0;0;0;0;0;0;0;0;;
257556;14;3;2015;11:09;23784;RUA MON AGOSTINHO;RUA RAIMUNDO NERY;;0;;Colis?úo;Luz do Dia;;;Cruz;Pare;Comercial;0;1;0;1;0;0;0;0;0;0;0;0;-3,792435000000000;-38,587155000000000
257557;14;3;2015;23:30;0;AV PRS COSTA E SILVA;;;3239;;Colis?úo;;;;Meio de Quadra;;;0;1;0;0;0;0;0;0;0;1;0;0;;
249552;14;3;2015;15:40;19561;AV GODOFREDO MACIEL;RUA ANTONIO BANDEIRA D41;;0;;Colis?úo Lateral;Luz do Dia;Bom;Seca;Cruz;Sem?íforo;Misto;0;0;2;1;0;0;1;0;0;0;0;0;-3,783278000000000;-38,565838000000000
249547;14;3;2015;00:00;25111;RUA DEMETRIO MENEZES;RUA GAL GOIS MONTEIRO;;0;;Engavetamento;Via Iluminada;Bom;Seca;Cruz;Pare;Comercial;0;0;2;1;0;0;0;0;0;0;0;0;-3,734527000000000;-38,584238000000000
249548;14;3;2015;09:15;23567;AV GOV RAUL BARBOSA;RUA ESV PINHEIRO;;0;;Colis?úo Transversal;;Bom;Seca;Duplo T;Pare;Residencial;0;0;2;0;1;0;0;0;0;0;0;0;-3,761659000000000;-38,507767000000000
249549;14;3;2015;14:30;0;RUA ALM RUBIM;;;1496;;Colis?úo Traseira;Luz do Dia;Bom;Seca;Meio de Quadra;Sem?íforo;Misto;0;0;2;1;0;0;0;0;0;0;0;0;-3,770550000000000;-38,556523000000000
249540;14;3;2015;00:05;9094;AV SORIANO ALBUQUERQUE;AV VIS RIO BRANCO;;0;;Colis?úo Lateral;;;Seca;Cruz;;Residencial;0;0;2;1;0;0;0;0;0;0;0;0;-3,747601000000000;-38,521682000000000
249541;14;3;2015;17:00;544;RUA TOMAS GONZAGA;RUA DOM JOSE TUPINAMBA;;0;;Colis?úo Transversal;Anoitecer;Bom;Seca;Cruz;N?úo H?í Controle;Residencial;0;0;2;1;0;0;0;0;0;0;0;0;-3,712336000000000;-38,568839000000000
249542;14;3;2015;17:00;25703;AV GAL OSORIO DE PAIVA;RUA DES FROTA D71;;0;;Colis?úo Lateral;Luz do Dia;Bom;Seca;T;Pare;Comercial;0;0;2;1;0;0;0;0;0;0;0;0;-3,793187000000000;-38,590838000000000
249543;14;3;2015;12:30;1311;RUA LEONARDO MOTA;RUA MARCOS MACEDO;;0;;Colis?úo Traseira;Luz do Dia;Bom;Seca;Cruz;Sem?íforo;Comercial;0;0;2;1;0;0;0;0;0;0;0;0;-3,734885000000000;-38,495763000000000
249544;14;3;2015;20:30;0;AV OLIVEIRA PAIVA;;;170;;Colis?úo Traseira;Via Iluminada;Bom;Seca;Meio de Quadra;N?úo H?í Controle;Comercial;0;1;2;1;0;0;0;0;0;1;0;0;-3,798775000000000;-38,503389000000000
249545;14;3;2015;15:00;0;AV DR SILAS MUNGUBA;;;3666;;Colis?úo Traseira;Luz do Dia;Bom;Seca;Meio de Quadra;N?úo H?í Controle;Comercial;0;0;2;0;0;0;0;0;1;1;0;0;-3,790219000000000;-38,540801000000000
258912;14;3;2015;08:40;0;RD CE-040;;;0;KM-07;Colis?úo;Luz do Dia;;Seca;Meio de Quadra;;;0;0;2;1;0;0;0;0;0;0;0;0;-3,817953000000000;-38,483160000000000
258916;14;3;2015;10:00;0;RD CE-040;;;0;KM-08;Outros;Luz do Dia;;Seca;Meio de Quadra;;;0;0;1;1;0;0;0;0;0;0;0;0;-3,823332000000000;-38,481317000000000
258923;14;3;2015;19:38;0;RD CE-040;;;0;KM-06;Colis?úo;Via Iluminada;;Seca;Meio de Quadra;;;0;0;2;1;0;0;0;0;0;1;0;0;-3,811270000000000;-38,478781000000000
258919;14;3;2015;18:00;0;RD CE-025;;;0;KM-02;Colis?úo;Via Iluminada;;Seca;Meio de Quadra;;;0;0;2;0;0;0;0;0;0;1;0;0;-3,807584000000000;-38,460957000000000
249558;14;3;2015;16:00;1375;AV SANTOS DUMONT;RUA BARBOSA DE FREITAS;;0;;Colis?úo Lateral;Luz do Dia;Bom;Seca;Cruz;Sem?íforo;Comercial;0;0;2;1;1;0;0;0;0;0;0;0;-3,736551000000000;-38,497363000000000
249559;14;3;2015;11:45;5292;RUA COSTA BARROS;RUA GONCALVES LEDO;;0;;Colis?úo Transversal;Luz do Dia;Bom;Seca;Cruz;Pare;Comercial;0;0;2;1;0;0;0;0;0;0;0;0;-3,729088000000000;-38,515426000000000
249560;14;3;2015;14:20;9020;RUA JAIME BENEVOLO;RUA SALDANHA MARINHO;;0;;Colis?úo Transversal;Luz do Dia;Bom;Seca;Cruz;Sem?íforo;Comercial;0;0;2;1;0;0;0;0;0;0;0;0;-3,743046000000000;-38,528994000000000
249561;14;3;2015;09:40;12551;AV HILDEBRANDO DE MELO;RUA MARIA CLARA;;0;;Colis?úo Transversal;Luz do Dia;Bom;Seca;Cruz;N?úo H?í Controle;Misto;0;0;2;1;0;0;0;0;0;0;0;0;-3,725093000000000;-38,589234000000000
249562;14;3;2015;07:30;19177;RUA BATISTA DE OLIVEIRA;RUA JOAQUIM LIMA;;0;;Colis?úo Transversal;Luz do Dia;Bom;Seca;Cruz;Pare;Misto;0;0;2;1;0;0;1;0;0;0;0;0;-3,741498000000000;-38,479209000000000
249563;14;3;2015;07:30;3863;AV 13 DE MAIO;RUA SEN POMPEU;;0;;Colis?úo Traseira;Luz do Dia;Bom;Seca;Cruz;Sem?íforo;Comercial;0;0;2;1;0;0;0;0;0;0;0;0;-3,744515000000000;-38,534969000000000
249564;14;3;2015;11:30;0;AV DOMINGOS OLIMPIO;;;1608;;Colis?úo Lateral;Luz do Dia;Bom;Molhada;Outros;Outros;Comercial;0;0;2;1;0;0;1;0;0;0;0;0;-3,734631000000000;-38,537208000000000
249556;14;3;2015;07:15;15191;AV BAR STUDART;RUA TOMAS POMPEU;;0;;Colis?úo Transversal;Luz do Dia;Bom;Seca;Cruz;Pare;Comercial;0;0;2;1;0;0;0;0;0;0;0;0;-3,726431000000000;-38,503970000000000
249554;14;3;2015;10:00;0;RUA CEL MATOS DOURADO;;;0;;Colis?úo Traseira;Luz do Dia;Bom;Seca;Meio de Quadra;Outros;Residencial;0;0;2;1;0;0;0;0;0;0;0;0;;