COD_ACIDENTE;DIA;MES;ANO;HORA;INTERSECAO;LOG1;LOG2;LOG3;NUMERO;REFERENCIA;NATUREZA;ILUMINACAO;TEMPO;SUPERFICIEPISTA;TIPOCRUZAMENTO;CONTROLETRAFEGO;USOSOLO;MORTOS;FERIDOS;ILESOS;AUTOMOVEL;ONIBUS;BICICLETA;CAMINHAO;MICROONIBUS;CICLOMOTOR;MOTOCICLETA;TRACAOANIMAL;TREM;LATITUDE;LONGITUDE
249588;14;3;2015;15:00;13563;AV SORIANO ALBUQUERQUE;RUA DR JOSE LOURENCO;;0;;Colis?úo Transversal;Luz do Dia;Bom;Seca;Cruz;Pare;Residencial;0;2;0;1;0;0;0;0;0;0;0;0;-3,749830000000000;-38,512631000000000
249589;14;3;2015;13:00;0;RUA PDE FRANCISCO PITA;;;67;;Colis?úo Lateral;Luz do Dia;Bom;Seca;Meio de Quadra;N?úo H?í Controle;Misto;0;1;1;1;0;0;0;0;0;1;0;0;-3,779777000000000;-38,505796000000000
249594;14;3;2015;12:30;0;RUA EDUARDO GUIMARAES;;;123;;Colis?úo Transversal;Luz do Dia;Bom;Seca;Meio de Quadra;N?úo H?í Controle;Residencial;0;0;2;1;0;0;0;0;0;0;0;0;;
249592;14;3;2015;12:30;11543;AV DES FELICIANO DE ATAIDE (JD DAS OLIVEIRAS);RUA LEA POMPEU;;0;;Colis?úo Lateral;Luz do Dia;Bom;Seca;Cruz;N?úo H?í Controle;Misto;0;0;2;1;0;0;0;0;0;0;0;0;;
249600;14;3;2015;15:20;15834;RUA TEN JURANDIR ALENCAR;RUA CEL FRANCISCO PEREIRA (MESSEJANA);;0;;Colis?úo Transversal;Luz do Dia;Bom;Seca;Cruz;Sem?íforo;Comercial;0;1;1;0;1;0;0;0;0;1;0;0;-3,831773000000000;-38,492929000000000
249601;14;3;2015;05:40;10863;RUA PRO HERIBALDO COSTA;RUA PORTO VELHO;;0;;Choque c/ Obst?ículo Fixo;Via Iluminada;Bom;Seca;Cruz;Pare;Misto;1;1;0;0;0;0;0;0;0;1;0;0;-3,765974000000000;-38,587014000000000
249597;14;3;2015;08:10;13945;AV RECREIO D64;AV MAE LISBOA;;0;;Colis?úo Lateral;Luz do Dia;Bom;Seca;T;N?úo H?í Controle;;0;0;2;1;0;0;1;0;0;0;0;0;-3,805565000000000;-38,449550000000000
249598;14;3;2015;19:00;0;AV ALM BARROSO;;;521;;Colis?úo Lateral;Via Iluminada;Bom;Seca;Meio de Quadra;Sem?íforo;Misto;0;1;1;1;0;0;0;0;0;1;0;0;-3,720627000000000;-38,518468000000000
258693;14;3;2015;11:20;0;RD BR 222;;;0;KM-01;Colis?úo Traseira;Luz do Dia;Bom;Seca;Meio de Quadra;N?úo H?í Controle;Comercial;0;0;2;1;1;0;0;0;0;0;0;0;-3,737774000000000;-38,577952000000000
261097;14;3;2015;15:16;13563;RUA DR JOSE LOURENCO;AV SORIANO ALBUQUERQUE;;0;;Atropelamento;Luz do Dia;;;Cruz;Pare;Residencial;0;1;1;1;0;0;0;0;0;0;0;0;-3,749830000000000;-38,512631000000000
261098;14;3;2015;16:21;0;RUA JACO DO BANDOLIM;;;0;;Queda;Luz do Dia;;;Meio de Quadra;;;0;1;0;0;0;0;0;0;0;1;0;0;;
261099;14;3;2015;17:37;0;AV PRS COSTA E SILVA;;;0;;Colis?úo;Anoitecer;;;Meio de Quadra;;;0;1;0;0;0;0;0;0;0;0;0;0;;
261100;14;3;2015;17:47;0;AV MAE LISBOA;;;0;;Queda;Anoitecer;;;Meio de Quadra;;;0;1;0;0;0;0;0;0;0;1;0;0;;
261101;14;3;2015;18:14;0;RUA JOSE MESSIAS MATOS;;;0;;Colis?úo;Anoitecer;;;;;;0;1;1;1;0;0;0;0;0;1;0;0;-3,797262000000000;-38,516733000000000
261102;14;3;2015;18:28;0;RUA RAUL UCHOA;;;0;;Atropelamento;Anoitecer;;;Meio de Quadra;;;0;1;1;0;0;0;0;0;0;1;0;0;;
261108;14;3;2015;21:32;0;RUA MANUEL GALDINO;;;0;;Colis?úo;;;;Meio de Quadra;;;0;1;1;0;0;0;0;0;0;1;0;0;;
261109;14;3;2015;21:37;0;RUA PEDRO C SALES D71;;;0;;Colis?úo;;;;Meio de Quadra;;;0;1;1;1;0;0;0;0;0;1;0;0;;
261110;14;3;2015;22:16;0;RUA DELMIRO FARIAS;;;122;;Colis?úo;;;;Meio de Quadra;;;0;1;1;1;0;0;0;0;0;1;0;0;-3,755237000000000;-38,541809000000000
261111;14;3;2015;22:28;0;AV I CJ JOSE WALTER;;;1210;;Colis?úo;;;;Meio de Quadra;;;0;1;1;0;0;0;0;0;0;0;0;0;-3,834653000000000;-38,553613000000000
261112;14;3;2015;22:48;0;AV JOSE BASTOS;;;2329;;Colis?úo;;;;Meio de Quadra;;;0;1;1;0;0;0;0;0;0;0;0;0;;
261113;14;3;2015;22:52;0;AV CEL CARVALHO;;;0;;Colis?úo;;;;Meio de Quadra;;;0;1;1;1;0;0;0;0;0;1;0;0;;
261104;14;3;2015;18:42;0;RUA EMILIO DE MENESES;;;0;;Queda;;;;Meio de Quadra;;;0;1;0;0;0;0;0;0;0;1;0;0;-3,780373000000000;-38,592312000000000
261105;14;3;2015;22:59;0;AV SANTOS DUMONT;;;0;;Atropelamento;;;;Meio de Quadra;;;0;1;1;1;0;0;0;0;0;0;0;0;-3,740076000000000;-38,486484000000000
261106;14;3;2015;20:33;0;AV ROGACIANO LEITE;;;0;;Atropelamento;;;;Meio de Quadra;;;0;1;1;0;0;0;0;0;0;1;0;0;;
265877;14;3;2015;10:25;0;RUA ESPLANADA DO MUCURIPE;;;284;;Atropelamento;Luz do Dia;;;Meio de Quadra;;;1;0;1;0;0;0;1;0;0;0;0;0;;
261060;14;3;2015;02:29;0;AV MR HULL;;;0;;Queda;;;;Meio de Quadra;;;0;1;0;0;0;0;0;0;0;1;0;0;-3,741131000000000;-38,601531000000000
261061;14;3;2015;03:46;0;AV CEL CARVALHO;;;0;;Colis?úo;;;;Meio de Quadra;;;0;1;1;1;0;0;0;0;0;1;0;0;-3,710798000000000;-38,589612000000000
261067;14;3;2015;09:44;1574;RUA PDE VALDEVINO;RUA JOSE VILAR;;0;;Colis?úo;Luz do Dia;;;Cruz;Sem?íforo;Comercial;0;1;1;1;0;1;0;0;0;0;0;0;-3,742300000000000;-38,506779000000000
261063;14;3;2015;04:15;0;AV CASTELO DE CASTRO;;;0;;Queda;;;;Meio de Quadra;;;0;1;0;0;0;0;0;0;0;1;0;0;-3,831817000000000;-38,521521000000000
261064;14;3;2015;05:41;0;RUA TAQUARI;;;0;;Capotamento;Amanhecer;;;Meio de Quadra;;;0;1;0;0;0;0;0;0;0;0;0;0;-3,780936000000000;-38,585112000000000
261065;14;3;2015;07:41;581;AV PASTEUR;AV FRANCISCO SA;;0;;Atropelamento;Luz do Dia;;;Cruz;;Comercial;0;1;1;0;0;0;0;0;0;1;0;0;-3,716325000000000;-38,560567000000000
261069;14;3;2015;09:02;0;AV GAL OSORIO DE PAIVA;;;0;;Atropelamento;Luz do Dia;;;Meio de Quadra;;;0;1;1;0;0;0;0;0;0;1;0;0;-3,795608000000000;-38,593233000000000
261071;14;3;2015;10:40;0;AV GOV RAUL BARBOSA;;;0;;Colis?úo;Luz do Dia;;;Meio de Quadra;;;0;1;1;1;0;0;0;0;0;1;0;0;;
261072;14;3;2015;12:27;0;AV AUGUSTO DOS ANJOS;;;312;;Atropelamento;Luz do Dia;;;Meio de Quadra;;;0;1;1;1;0;0;0;0;0;0;0;0;-3,771877000000000;-38,571692000000000
261073;14;3;2015;12:53;183;AV CEL CARVALHO;AV SGT HERMINIO SAMPAIO;;0;;Queda;Luz do Dia;;;;;;0;1;0;0;0;0;0;0;0;1;0;0;-3,731488000000000;-38,584591000000000
261074;14;3;2015;14:57;0;AV AUGUSTO DOS ANJOS;;;1659;;Colis?úo;Luz do Dia;;;Meio de Quadra;;;0;1;1;1;0;0;0;0;0;1;0;0;-3,780861000000000;-38,579762000000000
261075;14;3;2015;15:16;0;RUA DOM JOSE LOURENCO  D27;;;0;;Atropelamento;Luz do Dia;;;Meio de Quadra;;;0;1;1;1;0;0;0;0;0;0;0;0;-3,742474000000000;-38,558142000000000
265232;14;3;2015;09:45;0;RUA ENF JOAQUIM PINTO;;;375;;Colis?úo;Luz do Dia;;;Meio de Quadra;;;0;0;2;0;0;0;0;0;0;0;0;0;;
265227;14;3;2015;00:07;0;AV DR SILAS MUNGUBA;;;403;;Colis?úo;;;;Meio de Quadra;;;0;0;2;0;0;0;0;0;0;0;0;0;-3,777729000000000;-38,561709000000000
265228;14;3;2015;03:15;0;RUA AMELIA BENEBIEN;;;230;;Choque c/ Obst?ículo Fixo;;;;Meio de Quadra;;;0;0;1;0;0;0;0;0;0;0;0;0;;
265229;14;3;2015;03:34;0;AV DA INDEPENDENCIA;;;2827;;Choque c/ Obst?ículo Fixo;;;;Meio de Quadra;;;0;0;1;0;0;0;0;0;0;0;0;0;;
265230;14;3;2015;10:29;0;AV HERACLITO GRACA;;;1610;;Colis?úo;Luz do Dia;;;Meio de Quadra;;;0;0;2;0;0;0;0;0;0;0;0;0;-3,738265000000000;-38,510453000000000
265300;14;3;2015;11:51;4021;AV PRO GOMES DE MATOS;RUA DES PRAXEDES;;0;;Colis?úo;Luz do Dia;;;Cruz;Sem?íforo;Comercial;0;0;2;0;0;0;0;0;0;0;0;0;-3,761872000000000;-38,546229000000000
265301;14;3;2015;11:54;15975;AV GODOFREDO MACIEL;RUA CEL MANUEL ALBANO;;0;;Colis?úo;Luz do Dia;;;Cruz;Pare;Comercial;0;0;2;0;0;0;0;0;0;0;0;0;-3,805644000000000;-38,572780000000000
265302;14;3;2015;11:57;0;RUA PEDRO PEREIRA;;;683;;Colis?úo;Luz do Dia;;;Meio de Quadra;;;0;0;2;0;0;0;0;0;0;0;0;0;-3,728759000000000;-38,531461000000000
265303;14;3;2015;13:54;10730;AV SEN FERNANDES TAVORA;RUA VITORIA (AV. PERIMETRAL);;0;;Colis?úo;Luz do Dia;;;Cruz;Sem?íforo Intermitente;Comercial;0;0;2;0;0;0;0;0;0;0;0;0;-3,760193000000000;-38,585903000000000
265304;14;3;2015;13:50;0;RUA MES ROSA;;;434;;Colis?úo;Luz do Dia;;;Meio de Quadra;;;0;0;2;0;0;0;0;0;0;0;0;0;;
265305;14;3;2015;13:53;0;RUA POE MARIO LINHARES (J.WALTER);;;531;;Colis?úo;Luz do Dia;;;Meio de Quadra;;;0;0;2;0;0;0;0;0;0;0;0;0;;
265306;14;3;2015;13:56;0;RUA BERNARDO MANUEL;;;9996;;Colis?úo;Luz do Dia;;;Meio de Quadra;;;0;0;2;0;0;0;0;0;0;0;0;0;-3,806151000000000;-38,553639000000000
265307;14;3;2015;14:28;0;AV ABOLICAO;;;3395;;Colis?úo;Luz do Dia;;;Meio de Quadra;;;0;0;2;0;0;0;0;0;0;0;0;0;-3,726355000000000;-38,489242000000000
265308;14;3;2015;14:58;0;RUA TEN BENEVOLO;;;0;;Colis?úo;Luz do Dia;;;Meio de Quadra;;;0;0;2;0;0;0;0;0;0;0;0;0;;
265309;14;3;2015;15:13;0;RUA JULIO VERNE;;;404;;Colis?úo;Luz do Dia;;;Meio de Quadra;;;0;0;2;0;0;0;0;0;0;0;0;0;-3,775348000000000;-38,553078000000000
265310;14;3;2015;15:25;5466;RUA ROCHA LIMA;AV VIS RIO BRANCO;;0;;Colis?úo;Luz do Dia;;;Rotat??ria;Sem?íforo;Misto;0;0;2;0;0;0;0;0;0;0;0;0;-3,735770000000000;-38,524153000000000
265311;14;3;2015;17:06;15135;RUA FRANCISCO DIAS RIBEIRO;AV HIS RAIMUNDO GIRAO;;0;;Colis?úo;Anoitecer;;;Cruz;N?úo H?í Controle;Residencial;0;0;2;0;0;0;0;0;0;0;0;0;-3,724024000000000;-38,504397000000000
265312;14;3;2015;18:35;0;RUA HIL MORAES;;;145;;Atropelamento;;;;Meio de Quadra;;;0;0;2;0;0;0;0;0;0;0;0;0;-3,772061000000000;-38,474634000000000
265313;14;3;2015;19:09;0;RUA RIO GRANDE DO NORTE;;;0;;Colis?úo;;;;Meio de Quadra;;;0;0;2;0;0;0;0;0;0;0;0;0;;
265314;14;3;2015;21:44;0;RUA PEDRO CARDONIO UCHOA;;;341;;Colis?úo;;;;Meio de Quadra;;;0;0;2;0;0;0;0;0;0;0;0;0;;
265315;14;3;2015;21:53;0;RUA ALAGOAS;;;1608;;Atropelamento;;;;Meio de Quadra;;;0;0;2;0;0;0;0;0;0;0;0;0;-3,758901000000000;-38,571723000000000
265316;14;3;2015;22:18;12835;AV DOMINGOS OLIMPIO;RUA SOLON PINHEIRO;;0;;Colis?úo;;;;Cruz;Sem?íforo;Comercial;0;0;2;0;0;0;0;0;0;0;0;0;-3,737409000000000;-38,528650000000000
265317;14;3;2015;22:33;0;AV ANTONIO JUSTA;;;0;;Choque c/ Obst?ículo Fixo;;;;Meio de Quadra;;;0;0;1;0;0;0;0;0;0;0;0;0;;
265318;14;3;2015;22:36;0;RUA TEODOMIRO DE CASTRO;;;0;;Colis?úo;;;;Meio de Quadra;;;0;0;2;0;0;0;0;0;0;0;0;0;;
265319;14;3;2015;23:23;25085;RUA OSCAR ARARIPE;RUA VIRGILIO NOGUEIRA PAES;;0;;Colis?úo;;;;Cruz;Sem?íforo;Comercial;0;0;2;0;0;0;0;0;0;0;0;0;-3,788212000000000;-38,608554000000000
265320;14;3;2015;23:41;0;RUA CHICO MENDES;;;170;;Colis?úo;;;;Meio de Quadra;;;0;0;2;0;0;0;0;0;0;0;0;0;;
265321;14;3;2015;23:42;16057;AV GODOFREDO MACIEL;AV PRS COSTA E SILVA;;0;;Colis?úo;;;;Cruz;Sem?íforo;Comercial;0;0;2;0;0;0;0;0;0;0;0;0;-3,811743000000000;-38,574739000000000
259959;14;3;2015;02:48;0;RUA PDE BARBOSA DE JESUS;;;0;;Colis?úo;;;;Meio de Quadra;;;0;0;2;1;0;0;0;0;0;0;0;0;;
265322;15;3;2015;00:15;0;RUA IRINEU DE SOUZA;;;720;;Colis?úo;;;;Meio de Quadra;;;0;0;2;0;0;0;0;0;0;0;0;0;-3,709341000000000;-38,572283000000000
265323;15;3;2015;00:40;0;RUA JOAQUIM NABUCO;;;1300;;Colis?úo;;;;Meio de Quadra;;;0;0;2;0;0;0;0;0;0;0;0;0;-3,736351000000000;-38,501645000000000
265324;15;3;2015;03:48;0;AV PDE ANTONIO TOMAS;;;3155;;Choque c/ Obst?ículo Fixo;;;;Meio de Quadra;;;0;0;1;0;0;0;0;0;0;0;0;0;-3,745408000000000;-38,483499000000000
265325;15;3;2015;03:54;25231;AV I CJ JOSE WALTER;AV PRS COSTA E SILVA;;0;;Colis?úo;;;;T;N?úo H?í Controle;Residencial;0;0;2;0;0;0;0;0;0;0;0;0;-3,823494000000000;-38,550232000000000
265326;15;3;2015;04:14;0;AV DR SILAS MUNGUBA;;;0;;Choque c/ Obst?ículo Fixo;;;;Meio de Quadra;;;0;0;1;0;0;0;0;0;0;0;0;0;;
265327;15;3;2015;04:18;0;RUA TABATINGA;;;1985;;Choque c/ Obst?ículo Fixo;;;;Meio de Quadra;;;0;0;1;0;0;0;0;0;0;0;0;0;;
265328;15;3;2015;05:10;0;AV FRANCISCO SA;;;2880;;Choque c/ Obst?ículo Fixo;Amanhecer;;;Meio de Quadra;;;0;0;1;0;0;0;0;0;0;0;0;0;-3,719418000000000;-38,551297000000000
265329;15;3;2015;05:19;0;AV JOSE BASTOS;;;0;;Colis?úo;Amanhecer;;;Meio de Quadra;;;0;0;2;0;0;0;0;0;0;0;0;0;;
265330;15;3;2015;07:20;25049;AV PONTES VIEIRA;RUA CAP MELO;;0;;Colis?úo;Luz do Dia;;;Cruz;Sem?íforo;Comercial;0;0;2;0;0;0;0;0;0;0;0;0;-3,752762000000000;-38,513797000000000
265331;15;3;2015;08:28;19611;RUA NEREU RAMOS;AV GODOFREDO MACIEL;;0;;Colis?úo;Luz do Dia;;;T;Sem?íforo;Residencial;0;0;2;0;0;0;0;0;0;0;0;0;-3,787250000000000;-38,566802000000000
265332;15;3;2015;10:03;15292;AV ANTONIO JUSTA;RUA FRE MANSUETO;;0;;Colis?úo;Luz do Dia;;;Cruz;Pare;Residencial;0;0;2;0;0;0;0;0;0;0;0;0;-3,729381000000000;-38,488950000000000
265333;15;3;2015;10:45;3901;RUA JORGE DUMAR;AV EDUARDO GIRAO;;0;;Colis?úo;Luz do Dia;;;Cruz;Sem?íforo;Comercial;0;0;2;0;0;0;0;0;0;0;0;0;-3,749691000000000;-38,538695000000000
265334;15;3;2015;10:46;1480;RUA VICENTE LEITE;RUA EDUARDO GARCIA;;0;;Colis?úo;Luz do Dia;;;Cruz;Pare;Residencial;0;0;2;0;0;0;0;0;0;0;0;0;-3,739155000000000;-38,496056000000000
265335;15;3;2015;10:48;0;AV AUGUSTO DOS ANJOS;;;1711;;Colis?úo;Luz do Dia;;;Meio de Quadra;;;0;0;2;0;0;0;0;0;0;0;0;0;-3,780985000000000;-38,579869000000000
265336;15;3;2015;11:11;0;AV CONTORNO NORTE D71;;;1671;;Colis?úo;Luz do Dia;;;Meio de Quadra;;;0;0;2;0;0;0;0;0;0;0;0;0;-3,810342000000000;-38,590735000000000
265337;15;3;2015;11:17;0;AV CASTELO DE CASTRO;;;0;;Colis?úo;Luz do Dia;;;Meio de Quadra;;;0;0;2;0;0;0;0;0;0;0;0;0;;
265338;15;3;2015;11:22;0;AV DEP PAULINO ROCHA;;;0;;Colis?úo;Luz do Dia;;;Meio de Quadra;;;0;0;2;0;0;0;0;0;0;0;0;0;;
265339;15;3;2015;15:30;0;RUA REGINA DE FATIMA;;;3770;;Colis?úo;Luz do Dia;;;Meio de Quadra;;;0;0;2;0;0;0;0;0;0;0;0;0;;
265340;15;3;2015;17:37;0;RUA FRANCISCO ROCHA;;;55;;Colis?úo;Anoitecer;;;Meio de Quadra;;;0;0;2;0;0;0;0;0;0;0;0;0;;
265341;15;3;2015;18:09;0;RUA MANUEL SATIRO;;;0;;Colis?úo;Anoitecer;;;Meio de Quadra;;;0;0;2;0;0;0;0;0;0;0;0;0;;
265342;15;3;2015;19:33;0;RUA CON DE CASTRO;;;4533;;Colis?úo;;;;Meio de Quadra;;;0;0;2;0;0;0;0;0;0;0;0;0;-3,804867000000000;-38,591779000000000
265343;15;3;2015;19:56;0;RUA JOAQUIM ALFREDO;;;179;;Colis?úo;;;;Meio de Quadra;;;0;0;2;0;0;0;0;0;0;0;0;0;-3,808797000000000;-38,581183000000000
265344;15;3;2015;20:27;0;AV DA INDEPENDENCIA;;;2435;;Colis?úo;;;;Meio de Quadra;;;0;0;2;0;0;0;0;0;0;0;0;0;-3,723765000000000;-38,601660000000000
265346;15;3;2015;20:30;25231;AV PRS COSTA E SILVA;AV I CJ JOSE WALTER;;0;;Colis?úo;;;;T;N?úo H?í Controle;Residencial;0;0;2;0;0;0;0;0;0;0;0;0;-3,823494000000000;-38,550232000000000
265347;15;3;2015;21:46;0;AV CENTRAL CJ CEARA;;;0;;Colis?úo;;;;Meio de Quadra;;;0;0;2;0;0;0;0;0;0;0;0;0;;
265348;15;3;2015;21:50;14449;RUA DEMOCRITO ROCHA;RUA JOSE CANDIDO D08;;0;;Queda;;;;Cruz;Pare;Residencial;0;0;1;0;0;0;0;0;0;1;0;0;-3,726149000000000;-38,550628000000000
253063;15;3;2015;20:20;0;RD BR 116;;;3000;KM-03;Colis?úo Traseira;Luz do Dia;Bom;Seca;Meio de Quadra;N?úo H?í Controle;Comercial;0;0;4;1;0;0;0;0;0;0;0;0;-3,779838000000000;-38,514372000000000
261120;15;3;2015;01:06;0;RUA PDE MORORO;;;0;;Queda;;;;Meio de Quadra;;;0;1;0;0;0;0;0;0;0;1;0;0;;
261125;15;3;2015;04:25;0;AV CASTELO DE CASTRO;;;0;;Colis?úo;;;;Meio de Quadra;;;0;1;1;1;0;0;0;0;0;1;0;0;;
261122;15;3;2015;02:57;15293;RUA TEN BENEVOLO;AV BAR STUDART;;0;;Colis?úo;;;;Cruz;Sem?íforo;Comercial;0;1;1;1;0;0;0;0;0;1;0;0;-3,729390000000000;-38,504908000000000
261123;15;3;2015;02:57;0;AV DR SILAS MUNGUBA;;;0;;Colis?úo;;;;Meio de Quadra;;;0;1;0;0;0;0;0;0;0;0;0;0;-3,786471000000000;-38,550019000000000
261114;15;3;2015;00:26;0;AV GAL OSORIO DE PAIVA;;;0;;Queda;;;;Meio de Quadra;;;0;1;0;0;0;0;0;0;0;1;0;0;-3,776529000000000;-38,567927000000000
261115;15;3;2015;00:51;0;RUA NAPOLEAO QUEZADO;;;0;;Queda;;;;Meio de Quadra;;;0;1;0;0;0;0;0;0;0;1;0;0;-3,778907000000000;-38,565330000000000
261135;15;3;2015;06:43;0;RUA GUSTAVO SAMPAIO;;;0;;Capotamento;Luz do Dia;;;Meio de Quadra;;;0;1;0;1;0;0;0;0;0;0;0;0;;
261136;15;3;2015;07:06;25132;AV ODILON GUIMARAES;RUA VASCO DE ATAIDE;;0;;Colis?úo;Luz do Dia;;;Cruz;Pare;Comercial;0;1;1;1;0;0;0;0;0;1;0;0;-3,826027000000000;-38,479805000000000
261137;15;3;2015;18:13;17513;AV ABOLICAO;RUA PEDRO RUFINO D48;;0;;Colis?úo;Anoitecer;;;;;;0;1;0;0;0;0;0;0;0;0;0;0;-3,726087000000000;-38,487572000000000
261138;15;3;2015;17:22;0;RD BR 116;;;1000;KM-01;Atropelamento;Anoitecer;;;Meio de Quadra;;;0;1;1;1;0;0;0;0;0;0;0;0;-3,762554000000000;-38,518702000000000
261139;15;3;2015;17:48;0;RUA SEN ROBERT KENNEDY;;;0;;Colis?úo;Anoitecer;;;Meio de Quadra;;;0;1;0;0;0;0;0;0;0;0;0;0;-3,702165000000000;-38,578116000000000
261140;15;3;2015;19:05;0;AV WASHINGTON SOARES;;;0;;Colis?úo;;;;Meio de Quadra;;;0;1;0;0;0;0;0;0;0;0;0;0;-3,804425000000000;-38,479234000000000
261141;15;3;2015;20:10;0;AV PERIMETRAL;;;0;;Colis?úo;;;;Meio de Quadra;;;0;1;1;1;0;0;0;0;0;1;0;0;;
261142;15;3;2015;20:30;0;RUA JULIO SILVA;;;0;;Capotamento;;;;Meio de Quadra;;;0;1;0;1;0;0;0;0;0;0;0;0;;
261131;15;3;2015;04:49;0;PRACINHA DO HENRIQUE JORGE;;;0;;Colis?úo;;;;Meio de Quadra;;;0;1;1;1;0;0;0;0;0;1;0;0;;
261144;15;3;2015;21:04;0;RUA 337 CONJUNTO CEARA;;;0;;Colis?úo;;;;Meio de Quadra;;;0;1;1;1;0;0;0;0;0;1;0;0;;
261147;15;3;2015;21:23;17464;AV BEIRA MAR;RUA BAUXITA;;0;;Colis?úo;;;;T;N?úo H?í Controle;Comercial;0;1;0;0;0;0;0;0;0;0;0;0;-3,722583000000000;-38,481648000000000
261149;15;3;2015;22:32;0;RUA 406 CJ SAO CRISTOVAO;;;180;;Queda;;;;Meio de Quadra;;;0;1;0;0;0;0;0;0;0;1;0;0;;
249603;15;3;2015;15:20;23804;AV GAL OSORIO DE PAIVA;RUA RAIMUNDO NERY;;0;;Colis?úo Lateral;Luz do Dia;Bom;Seca;Cruz;Sem?íforo Intermitente;Misto;0;1;1;1;0;0;0;0;0;1;0;0;-3,790306000000000;-38,588065000000000
249605;15;3;2015;06:10;5366;RUA SEN POMPEU;AV DUQ CAXIAS;;0;;Capotamento;Luz do Dia;Bom;Seca;Cruz;N?úo H?í Controle;Comercial;0;1;1;1;0;0;0;0;0;0;0;0;-3,731430000000000;-38,530994000000000
249565;15;3;2015;06:30;5356;RUA GAL SAMPAIO;AV DUQ CAXIAS;;0;;Colis?úo Frontal;Amanhecer;Bom;Seca;Cruz;Sem?íforo;Comercial;0;2;0;1;0;0;0;1;0;0;0;0;-3,731096000000000;-38,532029000000000
249566;15;3;2015;15:30;0;RUA TORRES CAMARA;;;140;;Colis?úo Traseira;Luz do Dia;Bom;Seca;Meio de Quadra;N?úo H?í Controle;Comercial;0;0;2;0;0;0;0;0;0;0;0;0;-3,734748000000000;-38,509701000000000
249585;15;3;2015;04:20;5421;AV DUQ CAXIAS;AV VIS RIO BRANCO;;0;;Colis?úo Transversal;Amanhecer;Bom;Seca;Cruz;Sem?íforo;Misto;0;1;1;1;0;0;0;0;0;0;0;0;-3,733481000000000;-38,524603000000000
249577;15;3;2015;07:40;0;AV DR SILAS MUNGUBA;;;2616;;Choque c/ Obst?ículo Fixo;Luz do Dia;Bom;Seca;Meio de Quadra;N?úo H?í Controle;Comercial;0;2;0;0;1;0;0;0;0;1;0;0;-3,786436000000000;-38,550091000000000
249580;15;3;2015;23:00;0;AV BORGES DE MELO;;;1653;;Choque c/ Obst?ículo Fixo;Via Iluminada;Bom;Seca;Meio de Quadra;Sem?íforo;Comercial;0;2;1;0;0;0;0;0;0;0;0;0;-3,757649000000000;-38,532721000000000
249581;15;3;2015;20:30;0;AV 13 DE MAIO;;;0;;Colis?úo Traseira;Via Iluminada;Nublado;Seca;Meio de Quadra;N?úo H?í Controle;Escola;0;0;2;1;0;0;0;0;0;0;0;0;;
249582;15;3;2015;18:20;14607;RUA REPUBLICA ARMENIA;RUA MARIO LANZA;;0;;Colis?úo Frontal;Via Iluminada;Bom;Seca;Cruz;Pare;Misto;0;1;1;1;0;0;0;0;0;1;0;0;-3,790793000000000;-38,481251000000000
249583;15;3;2015;06:30;0;RUA HOLANDA;;;525;;Choque c/ Obst?ículo Fixo;Luz do Dia;Bom;Seca;Meio de Quadra;;Misto;0;1;1;1;0;0;0;0;0;0;0;0;-3,795465000000000;-38,563638000000000
249575;15;3;2015;14:30;1306;RUA TORRES CAMARA;RUA MON BRUNO;;0;;Colis?úo Transversal;Luz do Dia;Bom;Seca;Cruz;Pare;Comercial;0;0;2;1;0;0;0;0;0;0;0;0;-3,734594000000000;-38,510152000000000
249573;15;3;2015;;2451;AV PRS CASTELO BRANCO;RUA CESAR CORREIA;;0;;Colis?úo Lateral;Mal Iluminada;Nublado;Seca;T;N?úo H?í Controle;Residencial;0;0;2;1;0;0;0;0;0;0;0;0;-3,707235000000000;-38,571621000000000
249571;15;3;2015;17:30;19542;AV GODOFREDO MACIEL;RUA BISMARK;;0;;Colis?úo Transversal;Via Iluminada;Nublado;Seca;T;Pare;Misto;0;1;1;1;0;0;0;0;0;1;0;0;-3,782563000000000;-38,565624000000000
249568;15;3;2015;20:20;15409;RUA HOMEM DE MELO;RUA FARIAS LEMOS;;0;;Atropelamento;Via Iluminada;Bom;Seca;Cruz;N?úo H?í Controle;Residencial;0;1;1;1;0;0;0;0;0;0;0;0;-3,815172000000000;-38,493445000000000
249569;15;3;2015;14:00;0;AV GAL OSORIO DE PAIVA;;;0;;Colis?úo Traseira;Luz do Dia;Bom;Seca;Meio de Quadra;N?úo H?í Controle;Comercial;0;0;2;1;0;0;0;0;0;0;0;0;;
249610;16;3;2015;11:00;11601;AV JOSE LEON;AV DES FAUSTINO ALBUQUERQUE;;0;;Colis?úo Transversal;Luz do Dia;Bom;Seca;T;Pare;Comercial;0;0;2;1;1;0;0;0;0;0;0;0;-3,788245000000000;-38,500137000000000
249608;16;3;2015;17:00;8936;AV DOMINGOS OLIMPIO;RUA PRC ISABEL;;0;;Colis?úo Lateral;Luz do Dia;Bom;Seca;Cruz;Sem?íforo;Comercial;0;1;1;1;0;0;0;0;0;1;0;0;-3,734438000000000;-38,537790000000000
249619;16;3;2015;16:00;12699;AV CEL CARVALHO;AV MAJ ASSIS;;0;;Colis?úo Lateral;Luz do Dia;Bom;Seca;Cruz;Sem?íforo;Comercial;0;0;2;1;0;0;0;0;0;0;0;0;-3,723796000000000;-38,586255000000000
249621;16;3;2015;08:30;12857;RUA FLORIANO PEIXOTO;RUA CARLOS GOMES;;0;;Colis?úo Transversal;Luz do Dia;Bom;Seca;Cruz;Pare;Residencial;0;0;4;1;0;0;0;0;0;0;0;0;-3,739998000000000;-38,531321000000000