COD_ACIDENTE;DIA;MES;ANO;HORA;INTERSECAO;LOG1;LOG2;LOG3;NUMERO;REFERENCIA;NATUREZA;ILUMINACAO;TEMPO;SUPERFICIEPISTA;TIPOCRUZAMENTO;CONTROLETRAFEGO;USOSOLO;MORTOS;FERIDOS;ILESOS;AUTOMOVEL;ONIBUS;BICICLETA;CAMINHAO;MICROONIBUS;CICLOMOTOR;MOTOCICLETA;TRACAOANIMAL;TREM;LATITUDE;LONGITUDE
249622;16;3;2015;09:30;5458;RUA BARBARA DE ALENCAR;RUA RODRIGUES JUNIOR;;0;;Colis?úo Lateral Sentido Oposto;;Bom;Seca;Cruz;Pare;Comercial;0;0;2;1;0;0;0;0;0;1;0;0;-3,735343000000000;-38,522156000000000
249642;16;3;2015;11:30;578;AV FRANCISCO SA;RUA ENG JOAO NOGUEIRA;;0;;Colis?úo Lateral;;Nublado;Seca;Cruz;Pare;Comercial;0;1;1;1;0;0;0;0;0;1;0;0;-3,715147000000000;-38,564050000000000
249639;16;3;2015;14:00;0;RUA MAJ FACUNDO;;;816;;Colis?úo Lateral;Luz do Dia;;;Meio de Quadra;;;0;1;1;1;0;0;0;0;0;0;0;0;-3,730048000000000;-38,528643000000000
249634;16;3;2015;10:30;9240;RUA DEP OSWALDO STUDART;RUA MARIO MAMEDE;;0;;Colis?úo Transversal;Luz do Dia;Nublado;Seca;Cruz;Sem?íforo;Residencial;0;0;2;1;1;0;0;0;0;0;0;0;-3,752752000000000;-38,527367000000000
249635;16;3;2015;08:00;0;RUA EDUARDO BEZERRA;;;1024;;Colis?úo Traseira;Luz do Dia;Bom;Seca;Meio de Quadra;N?úo H?í Controle;Residencial;0;0;2;1;0;0;0;0;0;0;0;0;-3,753604000000000;-38,511253000000000
249636;16;3;2015;12:03;0;AV ENG ALBERTO SA;;;1256;;Colis?úo Lateral;Luz do Dia;Bom;Seca;Meio de Quadra;N?úo H?í Controle;Misto;0;0;2;1;0;0;0;0;0;0;0;0;-3,735677000000000;-38,471941000000000
249624;16;3;2015;;0;AV ODILON GUIMARAES;;;3400;;Colis?úo Traseira;Anoitecer;Bom;Seca;Meio de Quadra;N?úo H?í Controle;Comercial;0;0;2;1;0;0;0;0;0;0;0;0;-3,816095000000000;-38,470221000000000
249625;16;3;2015;19:50;0;AV PRS CASTELO BRANCO;;;4719;;Colis?úo Traseira;Via Iluminada;Bom;Seca;Meio de Quadra;N?úo H?í Controle;Misto;0;1;1;1;0;0;0;0;0;1;0;0;-3,706407000000000;-38,573861000000000
249626;16;3;2015;13:40;0;AV VICENTE DE CASTRO;;;0;;Colis?úo Lateral;Luz do Dia;Bom;Seca;Meio de Quadra;N?úo H?í Controle;Comercial;0;0;2;1;0;0;0;0;0;0;0;0;;
249627;16;3;2015;15:00;24956;AV ALM HENRIQUE SABOIA;AV ENG ALBERTO SA;;0;;Colis?úo Traseira;Luz do Dia;Bom;Seca;;Sem?íforo;Residencial;0;0;3;1;0;0;1;0;0;0;0;0;-3,732499000000000;-38,482890000000000
249628;16;3;2015;00:30;10005;RUA TAQUARI;RUA DUAS NACOES;;0;;Colis?úo Transversal;Via Iluminada;Nublado;Molhada;Cruz;Pare;Comercial;0;0;2;1;0;0;0;0;0;0;0;0;-3,776149000000000;-38,601822000000000
249629;16;3;2015;05:30;11768;AV PRS CASTELO BRANCO;AV FILOMENO GOMES;;0;;Colis?úo Transversal;Luz do Dia;Nublado;Seca;T;Sem?íforo;Comercial;0;1;1;1;0;0;0;0;0;1;0;0;-3,715542000000000;-38,541982000000000
249630;16;3;2015;10:50;25662;AV PRS COSTA E SILVA;RUA MUCAMBINHO (MESSEJANA);;0;;Colis?úo Traseira;Luz do Dia;Bom;Seca;T;Sem?íforo;Comercial;0;1;1;1;0;0;0;0;0;1;0;0;-3,830379000000000;-38,507235000000000
249631;16;3;2015;12:30;24229;AV ENG ALBERTO SA;AV ENG SANTANA JUNIOR;;0;;Colis?úo Transversal;Luz do Dia;Bom;Seca;Cruz;Sem?íforo;Comercial;0;1;1;0;0;0;0;0;0;1;0;0;-3,733357000000000;-38,480624000000000
249632;16;3;2015;14:40;5352;AV DOM MANUEL;RUA PINTO MADEIRA;;0;;Colis?úo Traseira;Luz do Dia;Bom;Seca;Cruz;Sem?íforo;Comercial;0;0;2;1;0;0;0;0;0;0;0;0;-3,730964000000000;-38,521957000000000
249649;16;3;2015;07:50;19389;AV GAL OSORIO DE PAIVA;RUA PERDIGAO DE OLIVEIRA;;0;;Colis?úo Lateral;Luz do Dia;Bom;Seca;Cruz;Sem?íforo;Misto;0;0;2;1;1;0;0;0;0;0;0;0;-3,777906000000000;-38,570115000000000
249647;16;3;2015;15:00;0;RUA PRO EDGAR DE ARRUDA;;;1061;;Colis?úo Lateral;Luz do Dia;Bom;Seca;Meio de Quadra;Outros;Misto;0;0;2;1;0;0;0;0;0;0;0;0;-3,758390000000000;-38,584498000000000
249645;16;3;2015;07:30;24820;AV MOZART PINHEIRO DE LUCENA;RUA CARLOS WALRAVEN;;0;;Colis?úo Transversal;Luz do Dia;Bom;Seca;Cruz;Pare;Misto;0;1;1;1;0;0;0;0;0;1;0;0;-3,718701000000000;-38,595801000000000
249652;16;3;2015;06:50;23804;AV GAL OSORIO DE PAIVA;RUA RAIMUNDO NERY;;0;;Colis?úo Lateral;Luz do Dia;Bom;Seca;Cruz;Sem?íforo;Comercial;0;1;1;0;1;0;0;0;0;1;0;0;-3,790306000000000;-38,588065000000000
249653;16;3;2015;06:30;15326;AV BAR STUDART;RUA PEREIRA FILGUEIRAS;;0;;Colis?úo Transversal;Luz do Dia;Chuva;Molhada;Cruz;Sem?íforo Danificado;Comercial;0;0;2;1;0;0;0;0;0;0;0;0;-3,730810000000000;-38,505361000000000
249654;16;3;2015;14:50;0;AV ENG HUMBERTO MONTE;;;637;;Colis?úo Traseira;Luz do Dia;Bom;Seca;Meio de Quadra;N?úo H?í Controle;Residencial;0;0;2;1;0;0;0;0;0;0;0;0;-3,752612000000000;-38,557641000000000
249655;16;3;2015;17:50;0;AV ANTONIO SALES;;;3525;;Colis?úo Traseira;Via Iluminada;Bom;Seca;Outros;Pare;Residencial;0;1;2;1;0;0;0;0;0;0;0;0;-3,749232000000000;-38,490117000000000
249656;16;3;2015;20:30;0;RUA CEL MOZART GONDIM;;;1419;;Atropelamento;Via Iluminada;Bom;Seca;Meio de Quadra;N?úo H?í Controle;Residencial;0;1;1;1;0;0;0;0;0;0;0;0;-3,732351000000000;-38,559472000000000
258929;16;3;2015;08:40;0;AV SEN CARLOS JEREISSATI (AEROPORTO);;;0;KM 01;Colis?úo;Luz do Dia;;Molhada;Meio de Quadra;;;0;0;2;1;0;0;0;0;0;1;0;0;-3,783803000000000;-38,520356000000000
258935;16;3;2015;12:20;0;RD CE-025;;;0;KM-01;Colis?úo;Luz do Dia;;Seca;Meio de Quadra;;;0;1;1;1;0;0;0;0;0;1;0;0;-3,807681000000000;-38,470976000000000
258939;16;3;2015;16:00;0;AV SEN CARLOS JEREISSATI (AEROPORTO);;;0;KM 03;Colis?úo;Luz do Dia;;Seca;Meio de Quadra;;;0;0;2;1;0;0;0;0;0;0;0;0;-3,780382000000000;-38,541414000000000
259964;16;3;2015;12:52;4189;AV PRS CASTELO BRANCO;RUA FRANCISCO CORDEIRO;;0;;Engavetamento;Luz do Dia;;;Cruz;Pare;Comercial;0;0;3;1;0;0;1;0;0;0;0;0;-3,713113000000000;-38,550593000000000
259961;16;3;2015;10:26;0;RUA ILDEFONSO ALBANO;;;0;;Colis?úo;Luz do Dia;;;Meio de Quadra;;;0;0;2;1;1;0;0;0;0;0;0;0;;
257565;16;3;2015;10:20;15232;RUA SILVA PAULET;RUA DEP MOREIRA DA ROCHA;;0;;Colis?úo;Luz do Dia;;;Cruz;Pare;Residencial;0;1;0;1;0;0;0;0;0;0;0;0;-3,727526000000000;-38,503194000000000
261151;16;3;2015;22:32;0;RUA MARIA JULIA;;;0;;Queda;;;;Meio de Quadra;;;0;1;0;0;0;0;0;0;0;1;0;0;-3,793515000000000;-38,600242000000000
261155;16;3;2015;06:10;0;AV PERIMETRAL;;;0;;Colis?úo;Luz do Dia;;;Meio de Quadra;;;0;1;0;0;0;0;0;0;0;0;0;0;;
261153;16;3;2015;02:00;0;RUA BERNARDO MANUEL;;;8801;;Colis?úo;;;;Meio de Quadra;;;0;1;1;0;0;0;0;0;0;0;0;0;-3,796602000000000;-38,550776000000000
261159;16;3;2015;07:40;0;AV CEL CARVALHO;;;0;;Colis?úo;Luz do Dia;;;Meio de Quadra;;;0;1;1;1;0;0;0;0;0;1;0;0;-3,713935000000000;-38,588811000000000
261164;16;3;2015;08:34;0;RUA EMILIO DE MENESES;;;0;;Atropelamento;Luz do Dia;;;Meio de Quadra;;;0;1;1;0;0;0;0;0;0;1;0;0;-3,781687000000000;-38,587630000000000
258695;16;3;2015;06:45;0;RD BR 222;;;0;KM-02;Colis?úo Transversal;Luz do Dia;Nublado;Molhada;Meio de Quadra;N?úo H?í Controle;Comercial;0;0;2;1;0;0;0;1;0;0;0;0;-3,738951000000000;-38,586880000000000
258649;16;3;2015;07:35;0;RD BR 116;;;6000;KM-06;Colis?úo Lateral;Luz do Dia;Bom;Seca;Meio de Quadra;N?úo H?í Controle;Comercial;0;0;2;1;0;0;1;0;0;0;0;0;-3,804691000000000;-38,503053000000000
261170;16;3;2015;14:48;0;AV DUQ CAXIAS;;;0;;Atropelamento;Luz do Dia;;;Meio de Quadra;;;0;1;1;0;0;0;0;0;0;0;0;0;-3,729008000000000;-38,538474000000000
261171;16;3;2015;14:47;0;RUA ANTONIO AUGUSTO;AV MON TABOSA;;0;;Colis?úo;Luz do Dia;;;;;;0;1;1;1;0;0;0;0;0;1;0;0;;
261172;16;3;2015;16:31;0;AV JOSE BASTOS;;;0;;Colis?úo;Luz do Dia;;;Meio de Quadra;;;0;1;1;1;0;0;0;0;0;1;0;0;-3,762820000000000;-38,565936000000000
261173;16;3;2015;17:11;0;AV LINEU MACHADO;;;0;;Atropelamento;Anoitecer;;;Meio de Quadra;;;0;1;1;1;0;0;0;0;0;0;0;0;-3,769107000000000;-38,578584000000000
261174;16;3;2015;17:50;0;AV PRS CASTELO BRANCO;;;0;;Colis?úo;Anoitecer;;;Meio de Quadra;;;0;1;1;1;0;0;0;0;0;1;0;0;-3,710018000000000;-38,563623000000000
261167;16;3;2015;11:31;7358;RUA TARCISIO PEIXOTO;RUA COS ARAUJO LIMA;;0;;Colis?úo;Luz do Dia;;;Cruz;Pare;Residencial;0;1;1;1;0;0;0;0;0;1;0;0;-3,751437000000000;-38,587451000000000
261168;16;3;2015;04:17;0;RD BR 116;;;9000;KM-09;Colis?úo;;;;Meio de Quadra;;;0;1;1;1;0;0;0;0;0;1;0;0;-3,830837000000000;-38,504865000000000
258655;16;3;2015;13:30;0;RD BR 116;;;9000;KM-09;Colis?úo Lateral;Luz do Dia;Bom;Seca;Meio de Quadra;N?úo H?í Controle;Comercial;0;1;1;0;0;0;0;0;0;1;0;0;-3,830837000000000;-38,504865000000000
258656;16;3;2015;17:30;0;RD BR 116;;;12000;KM-12;Colis?úo Lateral;Anoitecer;Nublado;Seca;Meio de Quadra;N?úo H?í Controle;Comercial;0;0;2;0;0;0;0;0;0;0;0;0;-3,855740000000000;-38,496066000000000
265350;16;3;2015;02:08;0;RUA 1018 CJ CEARA;;;121;;Choque c/ Obst?ículo Fixo;;;;Meio de Quadra;;;0;0;1;0;0;0;0;0;0;0;0;0;-3,770297000000000;-38,616608000000000
265352;16;3;2015;10:59;24969;AV PDE ANTONIO TOMAS;AV ALM HENRIQUE SABOIA;;0;;Colis?úo;Luz do Dia;;;Cruz;Sem?íforo;Misto;0;0;2;0;0;0;0;0;0;0;0;0;-3,743493000000000;-38,489455000000000
265353;16;3;2015;13:46;0;RUA JOAO BRIGIDO;;;0;;Colis?úo;Luz do Dia;;;Meio de Quadra;;;0;0;2;0;0;0;0;0;0;0;0;0;;
265356;17;3;2015;07:09;23371;RUA EDUARDO BEZERRA;RUA FRE VIDAL;;0;;Colis?úo;Luz do Dia;;;Cruz;Pare;Residencial;0;0;2;0;0;0;0;0;0;0;0;0;-3,754266000000000;-38,518044000000000
265357;17;3;2015;07:33;6425;AV G CJ CEARA;AV B CJ CEARA;;0;;Atropelamento;Luz do Dia;;;T;Pare;Residencial;0;0;2;0;0;0;0;0;0;0;0;0;-3,772599000000000;-38,611556000000000
265358;17;3;2015;09:13;25780;AV GAL OSORIO DE PAIVA;RUA ENG LUIS MONTENEGRO;;0;;Colis?úo;Luz do Dia;;;;;;0;0;2;0;0;0;0;0;0;0;0;0;;
265361;17;3;2015;09:47;5112;RUA BAR RIO BRANCO;RUA CASTRO E SILVA;;0;;Colis?úo;Luz do Dia;;;Cruz;Sem?íforo;Comercial;0;0;2;0;0;0;0;0;0;0;0;0;-3,723847000000000;-38,527429000000000
265366;17;3;2015;11:45;0;RUA BARRA VERMELHA;;;2355;;Colis?úo;Luz do Dia;;;Meio de Quadra;;;0;0;2;0;0;0;0;0;0;0;0;0;;
265367;17;3;2015;12:35;25334;AV D CJ CEARA;AV B CJ CEARA;;0;;Colis?úo;Luz do Dia;;;T;Pare;Misto;0;0;2;0;0;0;0;0;0;0;0;0;-3,763611000000000;-38,602328000000000
265368;17;3;2015;12:56;0;RUA MOURA MATOS;;;0;;Colis?úo;Luz do Dia;;;Meio de Quadra;;;0;0;2;0;0;0;0;0;0;0;0;0;;
265369;17;3;2015;13:39;0;LOGRADOURO SEM NOME;;;1500;;Atropelamento;Luz do Dia;;;Meio de Quadra;;;0;0;2;0;0;0;0;0;0;0;0;0;;
265370;17;3;2015;14:43;0;AV PRS COSTA E SILVA;;;5572;;Atropelamento;Luz do Dia;;;Meio de Quadra;;;0;0;2;0;0;0;0;0;0;0;0;0;;
265371;17;3;2015;15:48;0;AV FRANCISCO SA;;;5607;;Colis?úo;Luz do Dia;;;Meio de Quadra;;;0;0;2;0;0;0;0;0;0;0;0;0;-3,711230000000000;-38,575498000000000
265372;17;3;2015;16:05;13463;AV RUI BARBOSA;RUA TOMAS ACIOLI;;0;;Colis?úo;Luz do Dia;;;Cruz;Pare;Rural;0;0;2;0;0;0;0;0;0;0;0;0;-3,744140000000000;-38,512063000000000
265373;17;3;2015;22:33;25111;RUA DEMETRIO MENEZES;RUA GAL GOIS MONTEIRO;;0;;Colis?úo;;;;Cruz;Pare;Comercial;0;0;2;0;0;0;0;0;0;0;0;0;-3,734527000000000;-38,584238000000000
265363;17;3;2015;10:18;5310;RUA PEDRO PEREIRA;RUA MAJ FACUNDO;;0;;Colis?úo;Luz do Dia;;;Cruz;Sem?íforo;Comercial;0;0;2;0;0;0;0;0;0;0;0;0;-3,729683000000000;-38,528531000000000
258657;17;3;2015;07:20;0;RD BR 116;;;4000;KM-04;Colis?úo Lateral;Luz do Dia;Bom;Seca;Meio de Quadra;N?úo H?í Controle;Comercial;0;0;2;0;1;0;0;0;0;0;0;0;-3,788331000000000;-38,510646000000000
261191;17;3;2015;20:42;0;RUA VITAL BRASIL;;;0;;Colis?úo;Luz do Dia;;;Meio de Quadra;;;0;1;0;0;0;0;0;0;0;0;0;0;-3,779174000000000;-38,593884000000000
261192;17;3;2015;21:45;24903;AV MOZART PINHEIRO DE LUCENA;RUA PEDRO SAMPAIO;;0;;Atropelamento;;;;Cruz;Pare;Residencial;0;1;1;0;0;0;0;0;0;1;0;0;-3,723515000000000;-38,597226000000000
261193;17;3;2015;21:51;0;RUA JOSE BONFIM JUNIOR;;;0;;Colis?úo;;;;Meio de Quadra;;;0;1;1;1;0;0;0;0;0;1;0;0;;
261196;17;3;2015;22:23;0;AV CEL CARVALHO;;;0;;Colis?úo;;;;Meio de Quadra;;;0;1;1;0;0;0;0;0;0;1;0;0;;
261175;17;3;2015;07:16;0;AV ENG HUMBERTO MONTE;;;0;;Colis?úo;Luz do Dia;;;Meio de Quadra;;;0;1;1;1;0;0;0;0;0;1;0;0;-3,750147000000000;-38,559699000000000
261187;17;3;2015;11:52;0;RUA TEODOMIRO DE CASTRO;;;0;;Colis?úo;Luz do Dia;;;Meio de Quadra;;;0;1;1;1;0;0;0;0;0;1;0;0;-3,718247000000000;-38,573285000000000
261188;17;3;2015;08:26;16057;AV GODOFREDO MACIEL;AV PRS COSTA E SILVA;;0;;Colis?úo;Luz do Dia;;;Cruz;Sem?íforo;Comercial;0;1;1;0;0;0;1;0;0;1;0;0;-3,811743000000000;-38,574739000000000
261177;17;3;2015;07:36;0;AV D CJ JOSE WALTER;;;0;;Queda;Luz do Dia;;;Meio de Quadra;;;0;1;0;0;0;0;0;0;0;1;0;0;;
261178;17;3;2015;07:40;0;RUA PRO HERIBALDO COSTA;;;0;;Colis?úo;Luz do Dia;;;Meio de Quadra;;;0;1;1;1;0;0;0;0;0;1;0;0;;
261179;17;3;2015;10:15;0;AV WASHINGTON SOARES;;;0;;Colis?úo;Luz do Dia;;;Meio de Quadra;;;0;1;1;0;0;0;0;0;0;1;0;0;;
261180;17;3;2015;11:06;0;RUA CASTRO E SILVA;;;0;;Atropelamento;Luz do Dia;;;Meio de Quadra;;;0;1;1;0;0;0;0;0;0;1;0;0;;
261181;17;3;2015;11:14;24988;RUA FRE MANSUETO;RUA TAVARES COUTINHO;;0;;Colis?úo;Luz do Dia;;;Cruz;Sem?íforo Intermitente;Comercial;0;1;1;1;0;0;0;0;0;1;0;0;-3,732638000000000;-38,488784000000000
249692;17;3;2015;12:00;15290;RUA JOAQUIM NABUCO;RUA CANUTO DE AGUIAR;;0;;Colis?úo Transversal;Luz do Dia;Bom;Seca;Cruz;Pare;Residencial;0;0;2;1;0;0;0;0;0;0;0;0;-3,729360000000000;-38,499390000000000
249694;17;3;2015;14:00;0;RUA ERICO MOTA;;;0;;Colis?úo Traseira;Luz do Dia;Bom;Seca;Meio de Quadra;N?úo H?í Controle;Residencial;0;0;2;1;0;0;0;0;0;0;0;0;;
249697;17;3;2015;14:40;17336;RUA CEL ALEXANDRINO;RUA EUZEBIO DE QUEIROS;;0;;;Luz do Dia;;;Cruz;Pare;Comercial;0;1;1;1;0;1;0;0;0;0;0;0;-3,765196000000000;-38,552586000000000
249698;17;3;2015;14:20;0;AV SGT HERMINIO SAMPAIO;;;3615;;Colis?úo Traseira;Luz do Dia;Bom;Seca;Meio de Quadra;;Comercial;0;0;2;1;0;0;0;0;0;0;0;0;-3,728968000000000;-38,572804000000000
249702;17;3;2015;16:15;0;AV PRS COSTA E SILVA;;;135;;Colis?úo Traseira;Luz do Dia;Bom;Seca;Meio de Quadra;N?úo H?í Controle;Residencial;0;1;1;0;0;0;1;0;0;1;0;0;;
249703;17;3;2015;16:30;0;RUA FRANCISCO LEANDRO;;;270;;Colis?úo Lateral;Luz do Dia;Bom;Seca;Meio de Quadra;Sem?íforo;Misto;0;0;3;1;0;0;0;0;0;1;0;0;-3,822534000000000;-38,481523000000000
249704;17;3;2015;07:30;8009;RUA CARLOS CAMARA;RUA DELMIRO FARIAS;;0;;Colis?úo;Luz do Dia;Bom;Seca;Cruz;Pare;Comercial;0;0;2;1;0;0;0;1;0;0;0;0;-3,751026000000000;-38,546680000000000
249706;17;3;2015;13:15;5177;RUA SAO PAULO;RUA SEN POMPEU;;0;;Colis?úo Transversal;Luz do Dia;Bom;Seca;Cruz;Sem?íforo;Comercial;0;1;1;1;0;0;0;0;0;0;0;0;-3,725486000000000;-38,529196000000000
249707;17;3;2015;18:30;0;RUA MON CATAO;;;175;;Outros;Via Iluminada;Bom;Seca;Meio de Quadra;N?úo H?í Controle;Residencial;0;0;2;1;0;0;0;0;0;0;0;0;-3,736693000000000;-38,489904000000000
249700;17;3;2015;14:00;0;AV PRS COSTA E SILVA;;;568;;Colis?úo Lateral;Luz do Dia;Bom;Seca;Meio de Quadra;Sem?íforo;Comercial;0;1;1;0;0;0;1;0;0;1;0;0;-3,811852000000000;-38,574488000000000
260043;17;3;2015;08:08;0;AV ALBERTO CRAVEIRO;;;0;;Colis?úo;Luz do Dia;;;Meio de Quadra;;;0;0;2;1;0;0;1;0;0;0;0;0;;
260045;17;3;2015;10:56;0;RUA SILVINHA TELES D69;;;41;;Colis?úo;Luz do Dia;;;Meio de Quadra;;;0;0;2;1;1;0;0;0;0;0;0;0;-3,851024000000000;-38,523508000000000
260058;17;3;2015;19:20;21294;RUA STA INES D20;RUA STA ROSA D20/21 (JACARECANGA);;0;;Colis?úo;;;;;;;0;0;2;1;0;0;0;0;0;0;0;0;-3,709848000000000;-38,552888000000000
260040;17;3;2015;09:36;0;RUA JOAO ARARIPE;;;300;;Colis?úo;Luz do Dia;;;Meio de Quadra;;;0;0;2;1;0;0;0;0;0;0;0;0;-3,761010000000000;-38,533202000000000
260041;17;3;2015;07:41;3576;RUA MAXIMINO BARRETO;RUA MARIA PERDIGAO;;0;;Colis?úo;Luz do Dia;;;;;;0;0;2;1;1;0;0;0;0;0;0;0;-3,824761000000000;-38,508222000000000
264953;17;3;2015;17:26;6898;RUA BRUMADO;RUA MAGNA;;0;;Colis?úo;Anoitecer;;;Cruz;N?úo H?í Controle;Residencial;0;0;2;0;0;0;0;0;0;0;0;0;-3,811998000000000;-38,596127000000000
249661;17;3;2015;12:15;15350;AV DES MOREIRA;RUA PEREIRA VALENTE;;0;;Colis?úo Lateral;Luz do Dia;Bom;Seca;Cruz;Sem?íforo;Comercial;0;0;2;1;0;0;0;0;0;0;0;0;-3,732253000000000;-38,497076000000000
249662;17;3;2015;17:40;12812;RUA DAMASCENO GIRAO;AV PRO GOMES DE MATOS;;0;;Colis?úo Lateral;Anoitecer;Bom;Seca;Cruz;N?úo H?í Controle;Comercial;0;0;2;1;0;0;0;0;0;0;0;0;-3,755183000000000;-38,540496000000000
249663;17;3;2015;15:15;0;AV ALM MAXIMIANO DA FONSECA;;;1918;;Colis?úo Lateral;Luz do Dia;Bom;Seca;Meio de Quadra;N?úo H?í Controle;Residencial;0;1;1;1;0;0;0;0;0;1;0;0;-3,771007000000000;-38,487054000000000
249666;17;3;2015;07:37;0;AV ENG HUMBERTO MONTE;;;1017;;Colis?úo Traseira;Luz do Dia;Bom;Seca;Meio de Quadra;N?úo H?í Controle;Comercial;0;0;2;1;0;0;0;0;0;0;0;0;-3,750060000000000;-38,559772000000000
249667;17;3;2015;15:20;15301;RUA SILVA PAULET;RUA TEN BENEVOLO;;0;;Colis?úo Transversal;Luz do Dia;Bom;Seca;Cruz;Pare;Residencial;0;0;2;1;0;0;0;0;0;0;0;0;-3,729724000000000;-38,503888000000000
249668;17;3;2015;11:40;1519;RUA CARLOS VASCONCELOS;RUA PDE VALDEVINO;;0;;Colis?úo Transversal;Luz do Dia;Bom;Seca;Cruz;Sem?íforo;Comercial;0;0;2;1;0;0;0;0;0;0;0;0;-3,740277000000000;-38,513190000000000
249669;17;3;2015;;14138;AV CURIO;RUA JOSE BONFIM JUNIOR;;0;;Colis?úo Transversal;Via Iluminada;Bom;Seca;Cruz;Pare;Residencial;0;1;1;1;0;0;0;0;0;1;0;0;;
249658;17;3;2015;22:10;0;RUA DEMETRIO MENEZES;;;3548;;Queda;Via Iluminada;Bom;Seca;Meio de Quadra;Sem?íforo;Comercial;0;1;1;0;0;0;0;0;0;1;0;0;-3,734445000000000;-38,584248000000000
249659;17;3;2015;14:33;1273;AV SANTOS DUMONT;RUA DR JOSE LOURENCO;;0;;Colis?úo Lateral;Luz do Dia;Bom;Seca;Cruz;Pare;Comercial;0;1;1;1;0;0;0;0;0;1;0;0;-3,733299000000000;-38,507380000000000
249670;18;3;2015;15:00;1534;RUA MON CATAO;RUA EDUARDO GARCIA;;0;;Colis?úo Transversal;Luz do Dia;;;Cruz;Pare;Residencial;0;0;2;1;0;0;0;0;0;0;0;0;-3,740726000000000;-38,491196000000000
249671;18;3;2015;16:30;20042;AV DEP PAULINO ROCHA;AV PRS JUSCELINO KUBITSCHEK (PASSAR?ë);;0;;Colis?úo Transversal;Luz do Dia;Bom;Seca;Rotat??ria;D?¬ Prefer?¬ncia;Residencial;0;0;2;1;1;0;0;0;0;0;0;0;-3,807229000000000;-38,524782000000000
249672;18;3;2015;11:20;12837;AV DOMINGOS OLIMPIO;RUA JAIME BENEVOLO;;0;;Colis?úo Traseira;Luz do Dia;Bom;Seca;Cruz;Sem?íforo;Comercial;0;0;2;1;0;0;0;0;0;0;0;0;-3,737780000000000;-38,527245000000000
249673;18;3;2015;14:02;7760;AV ANTONIO SALES;RUA SILVA PAULET;;0;;Colis?úo Transversal;Luz do Dia;Bom;Seca;Cruz;Pare;Comercial;0;1;1;1;0;0;0;0;0;1;0;0;-3,743595000000000;-38,508383000000000
249674;18;3;2015;09:20;5293;RUA PEDRO PEREIRA;RUA SEN POMPEU;;0;;;Luz do Dia;Bom;Seca;Cruz;Sem?íforo;Comercial;0;0;2;1;0;0;0;0;0;0;0;0;-3,729114000000000;-38,530289000000000
249675;18;3;2015;22:20;0;RUA VITORIA (AV. PERIMETRAL);;;540;;Colis?úo Lateral;;Bom;Seca;Meio de Quadra;;Comercial;0;2;0;0;0;0;0;0;0;1;0;0;;
249676;18;3;2015;08:10;0;AV ALBERTO NEPOMUCENO;;;0;;Colis?úo Transversal;Luz do Dia;Bom;Seca;Meio de Quadra;Pare;Comercial;0;1;1;1;0;0;0;0;0;1;0;0;;
249677;18;3;2015;;0;AV GOV RAUL BARBOSA;;;7142;;Colis?úo Traseira;Luz do Dia;Bom;Seca;Meio de Quadra;Sem?íforo;Residencial;0;0;2;1;0;0;1;0;0;0;0;0;-3,775148000000000;-38,512979000000000
249678;18;3;2015;08:45;0;RUA PRO DIAS DA ROCHA;;;1286;;Colis?úo Lateral;Luz do Dia;Bom;Seca;Meio de Quadra;Outros;Residencial;0;0;2;1;0;0;0;0;0;0;0;0;;
249679;18;3;2015;08:03;0;AV PRS CASTELO BRANCO;;;2385;;Colis?úo Transversal;Luz do Dia;Bom;Seca;Meio de Quadra;N?úo H?í Controle;Comercial;0;0;2;0;0;0;0;0;0;0;0;0;-3,713516000000000;-38,549247000000000
249680;18;3;2015;14:45;13408;AV ANTONIO SALES;RUA BAR ARACATI;;0;;Colis?úo Transversal;Luz do Dia;Bom;Seca;Cruz;Pare;Comercial;0;2;1;1;0;0;0;0;0;1;0;0;-3,741563000000000;-38,514894000000000
249681;18;3;2015;06:00;0;AV PRS COSTA E SILVA;;;1001;;Colis?úo Lateral;Luz do Dia;Bom;Seca;Meio de Quadra;Outros;Residencial;0;0;2;1;1;0;0;0;0;0;0;0;-3,813270000000000;-38,570407000000000
249682;18;3;2015;13:10;0;RUA BENI DE CARVALHO;;;228;;Colis?úo Traseira;Luz do Dia;Bom;Seca;Meio de Quadra;N?úo H?í Controle;Misto;0;0;3;1;0;0;0;0;0;0;0;0;-3,744901000000000;-38,498414000000000
249683;18;3;2015;21:30;5721;RUA CHICO LEMOS;RUA JOAO LEONEL;;0;;Colis?úo Transversal;Via Iluminada;Bom;Seca;Cruz;Pare;Residencial;0;0;2;1;0;0;0;0;0;0;0;0;-3,799414000000000;-38,495493000000000
249684;18;3;2015;08:50;15347;AV DOM LUIS;RUA TIBURCIO CAVALCANTE;;0;;Colis?úo Lateral;Luz do Dia;Bom;Seca;T;Sem?íforo;Misto;0;0;2;0;1;0;0;0;0;0;0;0;-3,732021000000000;-38,501313000000000