COD_ACIDENTE;DIA;MES;ANO;HORA;INTERSECAO;LOG1;LOG2;LOG3;NUMERO;REFERENCIA;NATUREZA;ILUMINACAO;TEMPO;SUPERFICIEPISTA;TIPOCRUZAMENTO;CONTROLETRAFEGO;USOSOLO;MORTOS;FERIDOS;ILESOS;AUTOMOVEL;ONIBUS;BICICLETA;CAMINHAO;MICROONIBUS;CICLOMOTOR;MOTOCICLETA;TRACAOANIMAL;TREM;LATITUDE;LONGITUDE
249664;18;3;2015;20:10;7850;RUA CEL ALVES TEIXEIRA;RUA JOSE VILAR;;0;;Colis?úo Lateral;Via Iluminada;Bom;Seca;Cruz;Pare;Residencial;0;1;2;1;0;0;0;0;0;0;0;0;-3,746707000000000;-38,508198000000000
258940;18;3;2015;10:10;0;RD CE-040;;;0;KM-06;Colis?úo;Luz do Dia;Bom;Seca;Meio de Quadra;;;0;0;2;0;0;0;0;0;0;1;0;0;-3,811270000000000;-38,478781000000000
258942;18;3;2015;11:40;0;AV SEN CARLOS JEREISSATI (AEROPORTO);;;0;KM 03;Colis?úo;Luz do Dia;Bom;Seca;Meio de Quadra;;;0;0;2;1;0;0;0;0;0;1;0;0;-3,780382000000000;-38,541414000000000
258947;18;3;2015;18:20;0;RD CE-040;;;0;KM-02;Colis?úo;Luz do Dia;Bom;Seca;Meio de Quadra;;;0;0;2;1;0;0;1;0;0;0;0;0;-3,776479000000000;-38,481598000000000
258944;18;3;2015;12:45;0;RD CE-040;;;0;KM-07;Colis?úo;Luz do Dia;Bom;Seca;Meio de Quadra;;;0;0;2;1;0;0;0;0;0;0;0;0;-3,817953000000000;-38,483160000000000
260061;18;3;2015;13:35;0;AV ANTONIO SALES;;;0;;Colis?úo;Luz do Dia;;;Meio de Quadra;;;0;0;3;1;0;0;0;0;0;0;0;0;;
249701;18;3;2015;08:10;0;RUA JULIO VERNE;;;211;;Colis?úo Lateral;Anoitecer;Bom;Seca;Meio de Quadra;N?úo H?í Controle;Residencial;0;1;2;1;0;0;0;0;0;1;0;0;-3,775876000000000;-38,551593000000000
249712;18;3;2015;13:10;0;RUA NEREIDE;;;469;;Atropelamento;Luz do Dia;Bom;Seca;Meio de Quadra;Outros;Residencial;0;2;0;1;0;0;0;0;0;0;0;0;;
249715;18;3;2015;08:30;0;RUA PORTO VELHO;;;0;;Colis?úo Lateral;Luz do Dia;Bom;Seca;Meio de Quadra;Pare;Residencial;0;1;1;1;0;0;0;0;0;1;0;0;;
249716;18;3;2015;06:55;12379;RUA ALUISIO AZEVEDO;RUA AGUAPE;;0;;Colis?úo Transversal;Luz do Dia;Bom;Seca;Cruz;Pare;Residencial;0;0;2;1;0;0;0;0;0;0;0;0;-3,772843000000000;-38,574238000000000
249718;18;3;2015;06:30;12457;RUA PRO GOMES BRASIL;AV AUGUSTO DOS ANJOS;;0;;Colis?úo Lateral;Luz do Dia;Bom;Seca;Cruz;Sem?íforo;Misto;0;0;2;1;0;0;0;0;0;1;0;0;-3,770153000000000;-38,570427000000000
249719;18;3;2015;11:00;0;RUA ILDEFONSO ALBANO;;;1902;;Colis?úo Traseira;Luz do Dia;Bom;Seca;Meio de Quadra;N?úo H?í Controle;Comercial;0;0;2;1;0;0;0;0;0;0;0;0;;
249705;18;3;2015;14:00;0;AV PRS CASTELO BRANCO;;;2232;;Colis?úo Traseira;Luz do Dia;Bom;Seca;Meio de Quadra;N?úo H?í Controle;Residencial;0;0;3;1;0;0;0;0;0;0;0;0;-3,713932000000000;-38,547913000000000
249699;18;3;2015;14:45;0;RUA TEREZA CRISTINA;;;1189;;Colis?úo Lateral;Luz do Dia;Bom;Seca;;;;0;0;2;1;0;0;0;1;0;0;0;0;-3,730962000000000;-38,537939000000000
249691;18;3;2015;21:15;5112;RUA CASTRO E SILVA;RUA BAR RIO BRANCO;;0;;Colis?úo Transversal;;Bom;Seca;Cruz;Sem?íforo;Comercial;0;0;2;0;1;0;0;0;0;0;0;0;-3,723847000000000;-38,527429000000000
249688;18;3;2015;15:40;5418;RUA GAL CLARINDO DE QUEIROZ;RUA ASSUNCAO;;0;;Colis?úo Transversal;Via Iluminada;Bom;Seca;Cruz;Pare;Comercial;0;2;1;1;0;0;0;0;0;1;0;0;-3,733329000000000;-38,528262000000000
249686;18;3;2015;15:30;5463;RUA DNA LEOPOLDINA;RUA BARBARA DE ALENCAR;;0;;Colis?úo Transversal;Luz do Dia;Bom;Seca;Cruz;Pare;Residencial;0;0;2;1;0;0;0;0;0;0;0;0;-3,735695000000000;-38,521102000000000
249725;18;3;2015;13:50;22124;RUA MAJ PEDRO SAMPAIO;RUA PRO COSTA MENDES;;0;;Colis?úo Transversal;;Bom;Seca;Cruz;Pare;Residencial;0;0;2;1;0;0;0;0;0;0;0;0;-3,747674000000000;-38,554665000000000
249726;18;3;2015;15:30;0;AV SORIANO ALBUQUERQUE;;;565;;Colis?úo Lateral;Luz do Dia;Bom;Seca;;;;0;0;2;1;0;0;0;0;0;0;0;0;;
249727;18;3;2015;12:15;22080;RUA TAVARES IRACEMA;RUA CAP FRANCISCO PEDRO;;0;;Colis?úo Transversal;;Bom;Seca;Cruz;;Residencial;0;0;2;1;0;0;0;0;0;0;0;0;-3,751952000000000;-38,553188000000000
249728;18;3;2015;09:00;15238;RUA BAR ARACATI;RUA TEN BENEVOLO;;0;;Colis?úo Transversal;Luz do Dia;Bom;Seca;Cruz;Pare;Residencial;0;1;1;1;0;0;0;0;0;1;0;0;-3,727628000000000;-38,510266000000000
249721;18;3;2015;09:40;0;RUA PRO COSTA MENDES;;;1741;;Atropelamento;Luz do Dia;Bom;Seca;Meio de Quadra;Outros;Residencial;0;1;1;0;0;0;0;0;0;1;0;0;-3,748541000000000;-38,553708000000000
249723;18;3;2015;07:00;1746;RUA DJALMA PETIT;RUA PILOTO D46;;0;;Colis?úo Transversal;Luz do Dia;Bom;Seca;Cruz;Pare;Comercial;0;1;1;1;0;0;0;0;0;1;0;0;-3,765136000000000;-38,510504000000000
253069;18;3;2015;17:30;0;RD BR 116;;;4000;KM-04;Colis?úo Traseira;Anoitecer;Bom;Seca;Meio de Quadra;N?úo H?í Controle;Comercial;0;0;3;1;0;0;0;0;0;0;0;0;-3,788331000000000;-38,510646000000000
265906;18;3;2015;07:20;0;RUA TRES MARIAS D39 (MONTESE);;;885;;Atropelamento;Luz do Dia;;;Meio de Quadra;;;1;0;0;1;0;0;0;0;0;0;0;0;;
266003;18;3;2015;23:30;7907;AV PONTES VIEIRA;RUA VICENTE LEITE;;0;;Atropelamento;;;;Cruz;Sem?íforo;Comercial;0;1;1;1;0;0;0;0;0;0;0;0;-3,751180000000000;-38,500282000000000
261197;18;3;2015;06:47;0;AV I CJ JOSE WALTER;AV F CJ JOSE WALTER;;0;;Queda;Luz do Dia;;;Meio de Quadra;;;0;1;0;0;0;0;0;0;0;1;0;0;;
261203;18;3;2015;07:48;0;AV PERIMETRAL;;;0;;Colis?úo;Luz do Dia;;;Meio de Quadra;;;0;1;1;0;0;0;0;0;0;1;0;0;;
261209;18;3;2015;08:47;11668;RUA CACILDA BECKER;RUA PRO HERIBALDO COSTA;;0;;Queda;Luz do Dia;;;Cruz;Pare;Residencial;0;1;0;0;0;0;0;0;0;1;0;0;-3,770715000000000;-38,589464000000000
261215;18;3;2015;10:33;0;AV OLIVEIRA PAIVA;;;0;;Colis?úo;Luz do Dia;;;Meio de Quadra;;;0;1;1;0;0;0;0;0;0;1;0;0;-3,795587000000000;-38,493379000000000
261216;18;3;2015;12:06;0;RUA CON DE CASTRO;;;0;;Queda;Luz do Dia;;;Meio de Quadra;;;0;1;0;0;0;0;0;0;0;1;0;0;;
261217;18;3;2015;13:03;0;RUA OSCAR ARARIPE;;;0;;Colis?úo;Luz do Dia;;;Meio de Quadra;;;0;1;1;1;0;0;0;0;0;1;0;0;-3,792934000000000;-38,593859000000000
261218;18;3;2015;13:03;22055;AV JOSE BASTOS;RUA PDE CICERO;;0;;Colis?úo;Luz do Dia;;;T;Pare;Comercial;0;1;1;1;0;0;0;0;0;1;0;0;-3,744462000000000;-38,544887000000000
261212;18;3;2015;09:52;0;AV ALBERTO NEPOMUCENO;;;0;;Colis?úo;Luz do Dia;;;Meio de Quadra;;;0;1;1;1;0;0;0;0;0;1;0;0;;
261275;18;3;2015;20:02;19833;AV ENG HUMBERTO MONTE;AV JOVITA FEITOSA;;0;;Colis?úo;;;;Cruz;Sem?íforo;Comercial;0;1;1;0;0;0;0;0;0;1;0;0;-3,741963000000000;-38,566544000000000
261276;18;3;2015;21:17;0;RUA VITORIA;;;0;;Colis?úo;;;;Meio de Quadra;;;0;1;1;0;0;0;0;0;0;1;0;0;;
261273;18;3;2015;19:10;0;AV MAE LISBOA;;;0;;Queda;;;;Meio de Quadra;;;0;1;0;0;0;1;0;0;0;0;0;0;-3,807841000000000;-38,469579000000000
261270;18;3;2015;17:42;0;AV DOS EXPEDICIONARIOS;;;0;;Colis?úo;Anoitecer;;;Meio de Quadra;;;0;1;1;1;0;0;0;0;0;1;0;0;;
261271;18;3;2015;17:42;0;AV CARNEIRO DE MENDONCA;;;0;;Colis?úo;Anoitecer;;;Meio de Quadra;;;0;1;1;0;0;0;1;0;0;1;0;0;-3,759697000000000;-38,575546000000000
261267;18;3;2015;16:38;0;AV CONTORNO NORTE (SAO CRSITOVAO);;;0;;Colis?úo;Luz do Dia;;;Meio de Quadra;;;0;1;1;1;0;0;0;0;0;1;0;0;-3,831810000000000;-38,518977000000000
261263;18;3;2015;14:42;0;AV DOM LUIS;;;0;;Atropelamento;Luz do Dia;;;Meio de Quadra;;;0;1;1;1;0;0;0;0;0;0;0;0;-3,733214000000000;-38,497461000000000
261264;18;3;2015;15:00;1654;RUA BENI DE CARVALHO;AV SEN VIRGILIO TAVORA;;0;;Atropelamento;Luz do Dia;;;Cruz;Sem?íforo;Misto;0;1;1;0;0;0;1;0;0;0;0;0;-3,744098000000000;-38,500877000000000
261265;18;3;2015;16:38;0;AV GAL OSORIO DE PAIVA;;;0;;Colis?úo;Luz do Dia;;;Meio de Quadra;;;0;1;1;0;0;0;0;0;0;1;0;0;-3,777978000000000;-38,570230000000000
258658;18;3;2015;21:40;0;RD BR 116;;;5000;KM-05;Colis?úo Traseira;Via Iluminada;Bom;Seca;Meio de Quadra;N?úo H?í Controle;Comercial;0;0;2;1;0;0;0;0;0;0;0;0;-3,796502000000000;-38,506787000000000
265375;18;3;2015;10:57;5053;RUA SEN ALENCAR;RUA AGAPITO DOS SANTOS;;0;;Colis?úo;Luz do Dia;;;Cruz;Pare;Comercial;0;0;2;0;0;0;0;0;0;0;0;0;-3,721799000000000;-38,537552000000000
265376;18;3;2015;11:14;6545;AV H CJ CEARA;AV A CJ CEARA;;0;;Colis?úo;Luz do Dia;;;Cruz;Sem?íforo;Comercial;0;0;2;0;0;0;0;0;0;0;0;0;-3,775146000000000;-38,605924000000000
265381;18;3;2015;12:51;0;RUA CON DE CASTRO;;;4138;;Colis?úo;Luz do Dia;;;Meio de Quadra;;;0;0;2;0;0;0;0;0;0;0;0;0;-3,802103000000000;-38,589394000000000
265383;18;3;2015;16:37;0;AV CENTRAL;;;0;;Atropelamento;Luz do Dia;;;Meio de Quadra;;;0;0;2;0;0;0;0;0;0;0;0;0;;
265384;18;3;2015;19:02;0;LOGRADOURO SEM NOME;;;0;;Colis?úo;;;;Meio de Quadra;;;0;0;2;0;0;0;0;0;0;0;0;0;;
265390;18;3;2015;20:40;0;RUA BERNARDO MANUEL;;;0;;Colis?úo;;;;Meio de Quadra;;;0;0;2;0;0;0;0;0;0;0;0;0;;
265391;18;3;2015;20:57;0;AV GODOFREDO MACIEL;;;0;;Choque c/ Obst?ículo Fixo;;;;Meio de Quadra;;;0;0;1;0;0;0;0;0;0;0;0;0;;
265399;18;3;2015;22:09;0;AV DOS EXPEDICIONARIOS;;;5405;;Colis?úo;;;;Meio de Quadra;;;0;0;2;0;0;0;0;0;0;0;0;0;-3,766725000000000;-38,541720000000000
265400;18;3;2015;23:24;0;AV ZEZE DIOGO;;;6280;;Colis?úo;;;;Meio de Quadra;;;0;0;2;0;0;0;0;0;0;0;0;0;;
265414;19;3;2015;02:25;0;RUA PDE BARBOSA DE JESUS;;;299;;Colis?úo;;;;Meio de Quadra;;;0;0;2;0;0;0;0;0;0;0;0;0;-3,748834000000000;-38,528805000000000
265417;19;3;2015;05:23;25515;AV DA INDEPENDENCIA;AV HILDEBRANDO DE MELO;;0;;Choque c/ Obst?ículo Fixo;Amanhecer;;;Cruz;N?úo H?í Controle;Residencial;0;0;1;0;0;0;0;0;0;0;0;0;-3,727339000000000;-38,589467000000000
265422;19;3;2015;11:09;2779;RUA OSCAR ARARIPE;RUA VICENTE PINHEIRO;;0;;Colis?úo;Luz do Dia;;;Cruz;Pare;Comercial;0;0;2;0;0;0;0;0;0;0;0;0;-3,792701000000000;-38,594600000000000
265424;19;3;2015;21:07;0;RUA DOMINGOS DA VEIGA;;;70;;Atropelamento;;;;Meio de Quadra;;;0;0;2;0;0;0;0;0;0;0;0;0;;
265427;19;3;2015;21:09;13345;AV J CJ JOSE WALTER;AV H CJ JOSE WALTER;;0;;Colis?úo;;;;T;Pare;Residencial;0;0;2;0;0;0;0;0;0;0;0;0;-3,841244000000000;-38,558743000000000
265430;19;3;2015;21:30;0;RUA JOAQUIM DOS ANJOS;;;1280;;Colis?úo;;;;Meio de Quadra;;;0;0;2;0;0;0;0;0;0;0;0;0;-3,829958000000000;-38,571816000000000
265431;19;3;2015;21:36;19328;RUA EDUARDO PERDIGAO;RUA CON DE CASTRO;;0;;Colis?úo;;;;Cruz;N?úo H?í Controle;Comercial;0;0;2;0;0;0;0;0;0;0;0;0;-3,775579000000000;-38,564769000000000
265435;19;3;2015;22:52;0;RUA 30 DE OUTUBRO;;;0;;Colis?úo;;;;Meio de Quadra;;;0;0;2;0;0;0;0;0;0;0;0;0;;
265436;19;3;2015;23:23;0;RUA GUILHERME MENDES;;;194;;Colis?úo;;;;Meio de Quadra;;;0;0;2;0;0;0;0;0;0;0;0;0;;
258659;19;3;2015;15:40;0;RD BR 116;;;11000;KM-11;Colis?úo Frontal;Luz do Dia;Nublado;Seca;Meio de Quadra;N?úo H?í Controle;Comercial;0;1;1;1;0;0;0;0;0;1;0;0;-3,847160000000000;-38,497176000000000
261280;19;3;2015;04:40;0;AV WASHINGTON SOARES;;;0;;Capotamento;;;;Meio de Quadra;;;0;1;0;0;0;0;0;0;0;0;0;0;;
261278;19;3;2015;00:43;0;AV CEL CARVALHO;;;3039;;Colis?úo;;;;Meio de Quadra;;;0;1;1;0;0;0;0;0;0;0;0;0;-3,729591000000000;-38,584824000000000
261289;19;3;2015;07:53;0;AV DES MOREIRA;;;0;;Colis?úo;Luz do Dia;;;Meio de Quadra;;;0;1;1;1;0;0;0;0;0;1;0;0;;
261287;19;3;2015;07:43;0;RUA DO TRAPIA;RUA BARRA NOVA;;0;;Colis?úo;Luz do Dia;;;;;;0;1;1;1;0;0;0;0;0;1;0;0;;
261285;19;3;2015;06:40;0;AV PERIMETRAL;;;0;;Colis?úo;Luz do Dia;;;Meio de Quadra;;;0;1;1;0;0;0;0;0;0;1;0;0;;
261282;19;3;2015;06:03;0;AV DR SILAS MUNGUBA;;;0;;Colis?úo;Luz do Dia;;;Meio de Quadra;;;0;1;1;1;0;0;0;0;0;1;0;0;;
261307;19;3;2015;23:22;0;RUA PRO GOMES BRASIL;;;0;;Queda;;;;Meio de Quadra;;;0;1;0;0;0;1;0;0;0;0;0;0;-3,774031000000000;-38,567652000000000
261302;19;3;2015;22:09;0;AV FRANCISCO SA;;;6100;;Colis?úo;;;;Meio de Quadra;;;0;1;1;0;0;0;0;0;0;1;0;0;-3,710005000000000;-38,578925000000000
261300;19;3;2015;21:57;0;RUA BETEL;;;0;;Queda;;;;Meio de Quadra;;;0;1;0;0;0;0;0;0;0;1;0;0;;
261298;19;3;2015;21:49;0;RUA SGT JOAO PINHEIRO;;;0;;Queda;;;;Meio de Quadra;;;0;1;0;0;0;0;0;0;0;1;0;0;;
261291;19;3;2015;09:23;0;AV PERIMETRAL;;;0;;Atropelamento;Luz do Dia;;;Meio de Quadra;;;0;1;1;1;0;0;0;0;0;0;0;0;;
261293;19;3;2015;09:42;0;RUA DES PRAXEDES;;;0;;Queda;Luz do Dia;;;Meio de Quadra;;;0;1;0;0;0;0;0;0;0;1;0;0;-3,758557000000000;-38,551125000000000
261294;19;3;2015;09:42;0;AV LUCIANO CARNEIRO;;;0;;Colis?úo;Luz do Dia;;;Meio de Quadra;;;0;1;0;0;0;0;0;0;0;0;0;0;;
261295;19;3;2015;19:07;3788;RUA WALDERY UCHOA;RUA PDE FRANCISCO PINTO;;0;;Colis?úo;;;;Cruz;Pare;Residencial;0;1;1;1;0;0;0;0;0;1;0;0;-3,744299000000000;-38,539138000000000
261296;19;3;2015;21:41;0;AV SEN FERNANDES TAVORA;;;0;;Atropelamento;;;;Meio de Quadra;;;0;1;1;0;0;0;0;0;0;0;0;0;-3,759527000000000;-38,587137000000000
258696;19;3;2015;06:40;0;RD BR 222;;;0;KM-02;Colis?úo Lateral;Luz do Dia;Nublado;Seca;Meio de Quadra;N?úo H?í Controle;Comercial;0;0;2;1;0;0;0;0;0;0;0;0;-3,738951000000000;-38,586880000000000
258698;19;3;2015;06:40;0;RD BR 222;;;0;KM-02;Colis?úo Lateral;Luz do Dia;Nublado;Seca;Meio de Quadra;N?úo H?í Controle;Comercial;0;0;2;1;0;0;0;0;0;0;0;0;-3,738951000000000;-38,586880000000000
261304;19;3;2015;22:23;0;AV JUSCELINO KUBITSCHEK (CANINDEZINHO);;;0;;Atropelamento;;;;;;;0;1;1;0;0;0;0;0;0;0;0;0;;
266005;19;3;2015;06:38;0;RUA JORGE FIGUEIREDO (ANCURI);;;0;;Queda;Luz do Dia;;;Meio de Quadra;;;0;1;0;0;0;0;0;0;0;1;0;0;;
249724;19;3;2015;22:00;0;RUA DORALICE COSTA;;;250;;Outros;Mal Iluminada;Bom;Seca;Meio de Quadra;N?úo H?í Controle;Residencial;0;1;1;1;0;0;0;0;0;0;0;0;;
249722;19;3;2015;12:00;1580;RUA PDE VALDEVINO;RUA NUNES VALENTE;;0;;Colis?úo Lateral;Luz do Dia;Nublado;Seca;Cruz;Pare;Comercial;0;0;2;1;0;0;0;0;0;1;0;0;-3,742608000000000;-38,505782000000000
249733;19;3;2015;14:10;0;RUA BERNARDO MANUEL;;;8297;;Colis?úo Transversal;Luz do Dia;Bom;Seca;Meio de Quadra;N?úo H?í Controle;Comercial;0;0;2;1;0;0;0;0;0;0;0;0;-3,791601000000000;-38,549248000000000
249729;19;3;2015;10:50;0;AV DOMINGOS OLIMPIO;;;0;;Colis?úo Lateral;Luz do Dia;Bom;Seca;Meio de Quadra;N?úo H?í Controle;Comercial;0;0;2;1;1;0;0;0;0;0;0;0;;
249730;19;3;2015;07:30;0;AV ENG HUMBERTO MONTE;;;1927;;Colis?úo Traseira;Luz do Dia;Chuva;Molhada;Meio de Quadra;N?úo H?í Controle;Comercial;0;0;2;1;0;0;0;0;0;0;0;0;-3,744230000000000;-38,564513000000000
249731;19;3;2015;19:43;15135;AV HIS RAIMUNDO GIRAO;RUA FRANCISCO DIAS RIBEIRO;;0;;Colis?úo Transversal;Via Iluminada;Bom;Seca;Cruz;Pare;Misto;0;1;1;1;0;0;0;0;0;1;0;0;-3,724024000000000;-38,504397000000000
249693;19;3;2015;13:00;0;AV AUGUSTO DOS ANJOS;;;1380;;Atropelamento;Luz do Dia;Bom;Seca;Meio de Quadra;N?úo H?í Controle;Comercial;0;3;0;0;0;0;0;0;0;0;0;0;-3,778850000000000;-38,577994000000000
249695;19;3;2015;15:40;0;AV LUCIANO CARNEIRO;;;0;;Choque c/ Obst?ículo Fixo;Luz do Dia;Bom;Seca;Meio de Quadra;N?úo H?í Controle;Misto;0;1;0;0;0;0;0;0;0;1;0;0;;
249696;19;3;2015;20:00;0;AV G CJ JOSE WALTER;;;700;;Colis?úo Lateral;Via Iluminada;Bom;Seca;Meio de Quadra;N?úo H?í Controle;Residencial;0;0;2;1;0;0;0;0;0;0;0;0;;
249708;19;3;2015;10:00;1709;RUA CAP OLAVO;RUA CAP ARAGAO;;0;;Colis?úo Lateral;Luz do Dia;Bom;Seca;Cruz;Pare;Comercial;0;0;2;1;0;0;1;0;0;0;0;0;-3,765348000000000;-38,515937000000000
249709;19;3;2015;04:50;0;AV ALBERTO NEPOMUCENO;;;0;;Colis?úo Lateral;Luz do Dia;Bom;Seca;Meio de Quadra;N?úo H?í Controle;Comercial;0;0;2;1;0;0;0;0;0;0;0;0;;
249710;19;3;2015;03:00;22937;AV DR SILAS MUNGUBA;RUA GOV JOAO CARLOS;;0;;Colis?úo Transversal;Via Iluminada;Bom;Seca;T;Sem?íforo;Outros;0;1;1;1;0;0;0;0;0;1;0;0;-3,783950000000000;-38,553910000000000
249711;19;3;2015;14:30;5455;RUA ANTONIO POMPEU;RUA FLORIANO PEIXOTO;;0;;Colis?úo Transversal;Luz do Dia;Bom;Seca;Cruz;Pare;Residencial;0;0;2;1;0;0;0;0;0;0;0;0;-3,735086000000000;-38,529685000000000
249720;19;3;2015;10:20;0;RUA VALPARAISO;;;830;;Colis?úo Frontal;Luz do Dia;Bom;Molhada;Meio de Quadra;N?úo H?í Controle;Residencial;0;1;1;1;0;0;0;0;0;0;0;0;;
249717;19;3;2015;03:00;7888;AV DES MOREIRA;RUA TOMAS ACIOLI;;0;;Colis?úo Lateral;Via Iluminada;Bom;Seca;Cruz;Sem?íforo;Comercial;0;0;2;1;0;0;0;0;0;0;0;0;-3,747526000000000;-38,501963000000000
249713;19;3;2015;07:45;1358;AV DES MOREIRA;AV SANTOS DUMONT;;0;;Colis?úo Lateral;Luz do Dia;Chuva;Molhada;Cruz;Sem?íforo Intermitente;Comercial;0;1;1;0;0;0;0;0;0;1;0;0;-3,736226000000000;-38,498365000000000
249714;19;3;2015;23:00;5413;RUA GAL SAMPAIO;RUA METON DE ALENCAR;;0;;Colis?úo Transversal;Via Iluminada;Bom;Seca;Cruz;Sem?íforo;Comercial;0;0;2;1;0;0;0;0;0;0;0;0;-3,733033000000000;-38,532600000000000
260095;19;3;2015;11:39;0;RUA HAROLDO TORRES;;;0;;Colis?úo;Luz do Dia;;;Meio de Quadra;;;0;0;2;1;0;0;0;0;0;1;0;0;;
260120;20;3;2015;12:18;7816;RUA TIBURCIO CAVALCANTE;RUA MARCONDES PEREIRA;;0;;Colis?úo;Luz do Dia;;;Cruz;Pare;Residencial;0;0;2;1;0;0;0;0;0;1;0;0;-3,749447000000000;-38,506903000000000
260123;20;3;2015;17:26;0;RUA PARNAMIRIM;;;0;;Colis?úo;Anoitecer;;;Meio de Quadra;;;0;0;2;0;0;0;1;0;0;0;0;0;;
257578;20;3;2015;14:45;0;AV OLIVEIRA PAIVA;;;1544;;Colis?úo;Luz do Dia;;;Meio de Quadra;;;0;1;0;1;0;0;0;0;0;1;0;0;-3,795658000000000;-38,492741000000000
257574;20;3;2015;08:50;0;AV PERIMETRAL;;;649;TERMINAL DA MESSEJANA;Atropelamento;Luz do Dia;;;Meio de Quadra;;;1;0;1;0;1;0;0;0;0;0;0;0;-3,831827000000000;-38,502142000000000
257581;20;3;2015;17:20;17185;RUA FRANCISCO BENTO;RUA JOSE DUTRA;;0;;Colis?úo;Anoitecer;;;Cruz;Pare;Comercial;0;1;0;0;0;0;1;0;0;1;0;0;-3,812530000000000;-38,575894000000000
250588;20;3;2015;07:40;19958;AV LUCIANO CARNEIRO;RUA PDE AMBROSIO MACHADO;;0;;Colis?úo Transversal;Luz do Dia;Bom;Seca;T;Pare;Comercial;0;1;1;1;0;0;0;0;0;1;0;0;-3,762103000000000;-38,535823000000000
258951;20;3;2015;08:10;0;RD CE-060;;;0;KM-02;Colis?úo;Luz do Dia;Bom;Seca;Meio de Quadra;;;0;0;2;0;1;0;0;0;0;0;0;0;-3,828028000000000;-38,580009000000000
258952;20;3;2015;07:40;0;RD CE-060;;;0;KM-02;Colis?úo;Luz do Dia;;Seca;Meio de Quadra;;;0;0;2;1;0;0;0;0;0;0;0;0;-3,828028000000000;-38,580009000000000
258960;20;3;2015;21:10;0;RD CE-040;;;0;KM-01;Colis?úo;Via Iluminada;Bom;Seca;Meio de Quadra;;;0;0;2;1;0;0;0;0;0;0;0;0;-3,754877000000000;-38,483270000000000
249732;20;3;2015;05:00;25062;AV DOS EXPEDICIONARIOS;RUA PDE AMBROSIO MACHADO;;0;;Colis?úo Transversal;Luz do Dia;Bom;Seca;Cruz;Pare;Residencial;0;1;1;1;0;0;0;0;0;1;0;0;-3,760838000000000;-38,539946000000000
249734;20;3;2015;16:00;0;AV DR THEBERGE;;;1133;;Colis?úo Traseira;Luz do Dia;Bom;Seca;Outros;N?úo H?í Controle;Residencial;0;1;1;1;0;0;0;0;0;0;0;0;-3,712782000000000;-38,564337000000000
249738;20;3;2015;13:20;0;AV JOSE BASTOS;;;4806;;Colis?úo Transversal;Luz do Dia;Bom;Seca;Meio de Quadra;Sem?íforo Danificado;Comercial;0;0;2;1;0;0;0;0;0;0;0;0;-3,757180000000000;-38,559213000000000
249740;20;3;2015;11:30;1359;RUA CARLOS VASCONCELOS;RUA JOAO CARVALHO;;0;;Colis?úo Transversal;Luz do Dia;Bom;Seca;Cruz;Pare;Misto;0;0;2;0;0;0;0;0;0;0;0;0;-3,736251000000000;-38,511844000000000
249745;20;3;2015;19:30;0;AV SEN VIRGILIO TAVORA;;;0;;Capotamento;Anoitecer;Bom;Seca;Outros;Sem?íforo;Residencial;0;0;1;1;0;0;0;0;0;0;0;0;;
249746;20;3;2015;17:30;0;RUA PESSOA ANTA;;;274;;Colis?úo Lateral;Anoitecer;Bom;Seca;Outros;Outros;Comercial;0;0;2;1;0;0;0;0;0;0;0;0;-3,720970000000000;-38,520934000000000
249747;20;3;2015;18:30;24950;AV ALM HENRIQUE SABOIA;RUA DR JOSE FROTA;;0;;Colis?úo;Via Iluminada;Nublado;Seca;Outros;Pare;Residencial;0;0;3;1;0;0;0;0;0;0;0;0;-3,728337000000000;-38,480453000000000
249751;20;3;2015;15:10;17287;AV PRO GOMES DE MATOS;RUA VASCO DA GAMA;;0;;Colis?úo Lateral;Luz do Dia;Bom;Seca;Cruz;Pare;Comercial;0;0;2;1;1;0;0;0;0;0;0;0;-3,763166000000000;-38,547335000000000
249752;20;3;2015;07:15;8020;RUA ALEXANDRE BARAUNA;RUA CARLOS CAMARA;;0;;Colis?úo Transversal;Luz do Dia;Bom;Seca;Cruz;Pare;Residencial;0;0;2;1;0;0;0;0;0;0;0;0;-3,751840000000000;-38,547441000000000
249753;20;3;2015;15:55;5406;RUA ANTONIO POMPEU;RUA PRC ISABEL;;0;;Colis?úo Transversal;Luz do Dia;Bom;Seca;Cruz;Pare;Comercial;0;2;0;0;0;0;0;0;0;1;0;0;-3,732693000000000;-38,537283000000000
249754;20;3;2015;15:00;26037;RUA LEIRIA DE ANDRADE;RUA ARISTIDES B NETO;;0;;Colis?úo Frontal;Luz do Dia;Bom;Seca;Cruz;Pare;Residencial;0;0;2;1;0;0;0;0;0;0;0;0;-3,728884000000000;-38,555544000000000
249755;20;3;2015;16:00;0;AV DOM MANUEL;;;74;;Colis?úo Lateral;Luz do Dia;Bom;Seca;Meio de Quadra;N?úo H?í Controle;Residencial;0;0;2;1;0;0;1;0;0;0;0;0;-3,724734000000000;-38,519950000000000