COD_ACIDENTE;DIA;MES;ANO;HORA;INTERSECAO;LOG1;LOG2;LOG3;NUMERO;REFERENCIA;NATUREZA;ILUMINACAO;TEMPO;SUPERFICIEPISTA;TIPOCRUZAMENTO;CONTROLETRAFEGO;USOSOLO;MORTOS;FERIDOS;ILESOS;AUTOMOVEL;ONIBUS;BICICLETA;CAMINHAO;MICROONIBUS;CICLOMOTOR;MOTOCICLETA;TRACAOANIMAL;TREM;LATITUDE;LONGITUDE
249756;20;3;2015;;3929;RUA SEN POMPEU;RUA ANTONIO POMPEU;;0;;Colis?úo Transversal;Via Iluminada;Bom;Seca;Cruz;Sem?íforo;;0;0;2;1;0;0;0;0;0;0;0;0;-3,734439000000000;-38,531891000000000
249757;20;3;2015;22:15;21352;RUA DOM MANUEL DE MEDEIROS;RUA PRO NOGUEIRA;;0;;Colis?úo Frontal;Via Iluminada;Bom;Seca;Cruz;Pare;Misto;0;0;2;1;0;0;0;1;0;0;0;0;-3,736064000000000;-38,549301000000000
249758;20;3;2015;16:30;3771;AV DOMINGOS OLIMPIO;AV DA UNIVERSIDADE;;0;;Engavetamento;Anoitecer;Bom;Seca;Cruz;Sem?íforo;Residencial;0;0;3;1;0;0;0;0;0;0;0;0;-3,735594000000000;-38,534216000000000
249788;20;3;2015;07:50;13371;AV ANTONIO SALES;RUA DNA LEOPOLDINA;;0;;Colis?úo Lateral;Luz do Dia;Bom;Seca;Cruz;Pare;Comercial;0;0;2;1;1;0;0;0;0;0;0;0;-3,739197000000000;-38,522386000000000
249789;20;3;2015;18:45;21990;RUA CANDIDO JUCA;RUA MAJ PEDRO SAMPAIO;;0;;Colis?úo Lateral;Mal Iluminada;Bom;Seca;Cruz;Pare;Residencial;0;0;2;1;0;0;0;0;0;0;0;0;-3,740460000000000;-38,548182000000000
249780;20;3;2015;08:00;7621;RUA RIO GRANDE DO SUL;RUA PARAIBA;;0;;Colis?úo Traseira;Luz do Dia;Nublado;Seca;;Pare;Residencial;0;0;2;1;0;0;0;0;0;0;0;0;-3,759333000000000;-38,568018000000000
249776;20;3;2015;07:40;25165;AV ROGACIANO LEITE;RUA HENRIQUE DE CASTRO;;0;;Colis?úo Transversal;Luz do Dia;Nublado;Seca;Cruz;Pare;Comercial;0;0;2;1;0;0;0;0;0;0;0;0;-3,776997000000000;-38,500639000000000
249778;20;3;2015;16:18;0;AV AGUANAMBI;;;841;;Colis?úo Traseira;Luz do Dia;Bom;Seca;Meio de Quadra;N?úo H?í Controle;Comercial;0;1;1;1;1;0;0;0;0;0;0;0;-3,746548000000000;-38,525056000000000
249783;20;3;2015;11:20;0;AV ANTONIO SALES;;;2953;;Colis?úo Lateral;Luz do Dia;Bom;Seca;Meio de Quadra;N?úo H?í Controle;Misto;0;1;1;1;0;0;0;0;0;0;0;0;-3,746932000000000;-38,497581000000000
249784;20;3;2015;20:00;0;RUA PRO HERIBALDO COSTA;;;892;;Colis?úo Traseira;Via Iluminada;Bom;Seca;Meio de Quadra;N?úo H?í Controle;Residencial;0;0;2;1;0;0;0;0;0;1;0;0;-3,760065000000000;-38,583891000000000
249785;20;3;2015;09:25;0;RUA CEL MATOS DOURADO;;;1220;;Colis?úo Transversal;Luz do Dia;Bom;Seca;Meio de Quadra;N?úo H?í Controle;Residencial;0;0;2;1;1;0;0;0;0;0;0;0;-3,749092000000000;-38,584692000000000
249786;20;3;2015;06:17;15117;AV HIS RAIMUNDO GIRAO;RUA MON BRUNO;;0;;Colis?úo Transversal;Luz do Dia;Nublado;Seca;T;D?¬ Prefer?¬ncia;Comercial;0;2;0;1;0;0;0;0;0;1;0;0;-3,723076000000000;-38,506415000000000
249770;20;3;2015;17:20;23687;RUA DOM HENRIQUE;RUA DOM XISTO ALBANO;;0;;Colis?úo Lateral;Anoitecer;Bom;Seca;Cruz;Pare;Residencial;0;1;0;0;0;0;0;0;0;0;0;0;-3,789861000000000;-38,579040000000000
249768;20;3;2015;13:00;25096;RUA ROCHA LIMA;RUA RODRIGUES JUNIOR;;0;;Colis?úo Transversal;Luz do Dia;Bom;Seca;Cruz;Pare;Comercial;0;1;1;1;0;0;0;0;0;1;0;0;-3,736320000000000;-38,522475000000000
249772;20;3;2015;17:30;5345;AV VIS RIO BRANCO;RUA PINTO MADEIRA;;0;;Colis?úo Lateral;Via Iluminada;Bom;Seca;T;N?úo H?í Controle;Misto;0;0;2;1;0;0;1;0;0;0;0;0;-3,730803000000000;-38,525198000000000
249774;20;3;2015;19:53;348;RUA PRO LINO ENCARNACAO;RUA CESAR FONTENELE;;0;;Colis?úo Transversal;Via Iluminada;Bom;Seca;Cruz;Pare;Lazer;0;1;1;1;0;0;0;0;0;1;0;0;-3,746359000000000;-38,559596000000000
249742;20;3;2015;17:00;13408;AV ANTONIO SALES;RUA BAR ARACATI;;0;;Colis?úo Transversal;Anoitecer;Bom;Seca;Cruz;Pare;Comercial;0;0;2;0;0;0;0;0;0;0;0;0;-3,741563000000000;-38,514894000000000
249743;20;3;2015;08:15;7940;RUA CEL ALVES TEIXEIRA;RUA VIS MAUA;;0;;Choque c/ Obst?ículo Fixo;Luz do Dia;Bom;Seca;Cruz;Pare;Residencial;0;0;1;0;0;0;1;0;0;0;0;0;-3,747970000000000;-38,503223000000000
249749;20;3;2015;07:05;11543;AV DES FELICIANO DE ATAIDE (JD DAS OLIVEIRAS);RUA LEA POMPEU;;0;;Colis?úo Lateral;;Bom;Seca;Cruz;;Misto;0;0;2;1;0;0;1;0;0;0;0;0;;
249762;20;3;2015;08:15;0;RUA TOMAS ACIOLI;;;1151;;Colis?úo Lateral;Luz do Dia;Bom;Seca;Meio de Quadra;N?úo H?í Controle;Residencial;0;0;2;1;0;0;0;0;0;0;0;0;-3,745605000000000;-38,507488000000000
249764;20;3;2015;06:55;6128;RUA MIN ALBUQUERQUE LIMA;AV B CJ CEARA;;0;;Colis?úo Lateral;Luz do Dia;Bom;Seca;Cruz;Sem?íforo;Misto;0;0;2;1;0;0;0;0;0;0;0;0;-3,768744000000000;-38,607506000000000
261352;20;3;2015;19:37;0;AV DIOGUINHO;;;0;;Colis?úo;;;;Meio de Quadra;;;0;1;1;1;0;0;0;0;0;1;0;0;-3,736192000000000;-38,456289000000000
261357;20;3;2015;21:54;0;AV GODOFREDO MACIEL;;;0;;Queda;;;;Meio de Quadra;;;0;1;0;0;0;0;0;0;0;1;0;0;;
261350;20;3;2015;19:20;0;RUA PERDIGAO DE OLIVEIRA;;;0;;Queda;;;;Meio de Quadra;;;0;1;0;0;0;0;0;0;0;1;0;0;;
261348;20;3;2015;18:23;10051;RUA VITAL BRASIL;RUA TAUBATE;;0;;Colis?úo;Anoitecer;;;Cruz;Pare;Comercial;0;1;1;0;0;0;0;0;0;1;0;0;-3,778012000000000;-38,597995000000000
261316;20;3;2015;06:33;0;AV ALM MAXIMIANO DA FONSECA;;;0;;Colis?úo;Luz do Dia;;;Meio de Quadra;;;0;1;1;1;0;0;0;0;0;1;0;0;-3,770964000000000;-38,486990000000000
261317;20;3;2015;07:58;0;AV ALBERTO CRAVEIRO;;;0;;Queda;Luz do Dia;;;Meio de Quadra;;;0;1;0;0;0;0;0;0;0;1;0;0;;
261309;20;3;2015;02:02;0;RUA OSCAR ARARIPE;;;0;;Colis?úo;;;;Meio de Quadra;;;0;1;1;0;0;0;0;0;0;1;0;0;-3,790147000000000;-38,602598000000000
261314;20;3;2015;05:36;0;AV DOS EXPEDICIONARIOS;;;0;;Colis?úo;Amanhecer;;;Meio de Quadra;;;0;1;1;1;0;0;0;0;0;1;0;0;-3,760917000000000;-38,539970000000000
261322;20;3;2015;08:29;0;AV LUCIANO CARNEIRO;;;0;;Colis?úo;Luz do Dia;;;;;;0;1;1;1;0;0;0;0;0;1;0;0;;
261323;20;3;2015;09:38;0;RUA RUBIA SAMPAIO;;;0;;Colis?úo;Luz do Dia;;;Meio de Quadra;;;0;1;1;1;0;0;0;0;0;1;0;0;;
261324;20;3;2015;12:49;0;AV PRS CASTELO BRANCO;;;0;;Atropelamento;Luz do Dia;;;Meio de Quadra;;;0;1;1;0;0;0;0;0;0;1;0;0;;
261325;20;3;2015;12:56;0;AV RAD JOSE LIMA VERDE;;;0;;Colis?úo;Luz do Dia;;;Meio de Quadra;;;0;1;1;1;0;0;0;0;0;1;0;0;;
261327;20;3;2015;17:44;0;AV JOSE BASTOS;;;0;;Atropelamento;Anoitecer;;;Meio de Quadra;;;0;1;1;1;0;0;0;0;0;0;0;0;-3,761363000000000;-38,564999000000000
261328;20;3;2015;17:53;0;AV GODOFREDO MACIEL;;;0;;Colis?úo;Anoitecer;;;Meio de Quadra;;;0;1;1;1;0;0;0;0;0;1;0;0;;
261329;20;3;2015;17:56;22105;RUA CEL NUNES DE MELO;RUA ANTONIO MARTINS;;0;;Colis?úo;Anoitecer;;;;;;0;1;1;1;0;0;0;0;0;1;0;0;;
265439;20;3;2015;00:18;0;AV DIOGUINHO;;;4455;;Colis?úo;;;;Meio de Quadra;;;0;0;2;0;0;0;0;0;0;0;0;0;-3,759067000000000;-38,444415000000000
265445;20;3;2015;08:20;0;RUA C CJ LUCIANO CALV;;;0;;Colis?úo;Luz do Dia;;;Meio de Quadra;;;0;0;2;0;0;0;0;0;0;0;0;0;;
265456;20;3;2015;11:11;5300;RUA BAR RIO BRANCO;RUA PEDRO PEREIRA;;0;;Colis?úo;Luz do Dia;;;Duplo T;Sem?íforo;Comercial;0;0;2;0;0;0;0;0;0;0;0;0;-3,729457000000000;-38,529219000000000
265458;20;3;2015;11:15;15347;RUA TIBURCIO CAVALCANTE;AV DOM LUIS;;0;;Colis?úo;Luz do Dia;;;T;Sem?íforo;Comercial;0;0;2;0;0;0;0;0;0;0;0;0;-3,732021000000000;-38,501313000000000
265460;20;3;2015;15:30;0;RUA 7 DE ABRIL;;;368;;Colis?úo;Luz do Dia;;;Meio de Quadra;;;0;0;2;0;0;0;0;0;0;0;0;0;-3,721445000000000;-38,473727000000000
265461;20;3;2015;15:50;0;AV MAJ ASSIS;;;2820;;Choque c/ Obst?ículo Fixo;Luz do Dia;;;Meio de Quadra;;;0;0;1;0;0;0;0;0;0;0;0;0;-3,719258000000000;-38,605116000000000
265462;20;3;2015;16:43;0;AV CEL CARVALHO;;;1586;;Colis?úo;Luz do Dia;;;Meio de Quadra;;;0;0;2;0;0;0;0;0;0;0;0;0;-3,716645000000000;-38,588159000000000
265463;20;3;2015;17:48;0;RUA SUICA;;;564;;Colis?úo;Anoitecer;;;Meio de Quadra;;;0;0;2;0;0;0;0;0;0;0;0;0;-3,792884000000000;-38,568554000000000
265465;20;3;2015;17:55;14857;RUA MARIO FILHO;TR REJANE;;0;;Colis?úo;Anoitecer;;;Cruz;;Residencial;0;0;2;0;0;0;0;0;0;0;0;0;-3,806710000000000;-38,585721000000000
265466;20;3;2015;19:29;0;RUA GERMANO FRANCK;;;0;;Colis?úo;;;;Meio de Quadra;;;0;0;2;0;0;0;0;0;0;0;0;0;;
265467;20;3;2015;20:48;7913;AV ANTONIO SALES;RUA VIS MAUA;;0;;Colis?úo;;;;Cruz;Pare;Comercial;0;0;2;0;0;0;0;0;0;0;0;0;-3,745429000000000;-38,502420000000000
265469;20;3;2015;20:49;15298;RUA ANA BILHAR;RUA BARBOSA DE FREITAS;;0;;Atropelamento;;;;Cruz;Pare;Residencial;0;0;2;0;0;0;0;0;0;0;0;0;-3,729646000000000;-38,495143000000000
265470;20;3;2015;21:45;0;AV BENJAMIM BRASIL;;;2350;;Colis?úo;;;;Meio de Quadra;;;0;0;2;0;0;0;0;0;0;0;0;0;-3,809120000000000;-38,556106000000000
265471;20;3;2015;21:59;0;RUA CON DE CASTRO;;;5574;;Colis?úo;;;;Meio de Quadra;;;0;0;2;0;0;0;0;0;0;0;0;0;-3,812125000000000;-38,597557000000000
265472;21;3;2015;00:25;0;RUA CATOLE;;;94;;Colis?úo;;;;Meio de Quadra;;;0;0;2;0;0;0;0;0;0;0;0;0;-3,783190000000000;-38,504809000000000
261001;21;3;2015;11:18;0;AV JOVITA FEITOSA;;;0;;Colis?úo;Luz do Dia;;;Meio de Quadra;;;0;1;1;1;0;0;0;0;0;1;0;0;;
261369;21;3;2015;08:30;24908;RUA ANTONIO ARRUDA;RUA PEDRO SAMPAIO;;0;;Colis?úo;Luz do Dia;;;Cruz;Pare;Residencial;0;1;1;0;0;0;0;0;0;1;0;0;-3,724119000000000;-38,595168000000000
261370;21;3;2015;09:26;0;AV CEL CARVALHO;;;0;;Colis?úo;Luz do Dia;;;Meio de Quadra;;;0;1;1;1;0;0;0;0;0;1;0;0;-3,722127000000000;-38,586693000000000
261364;21;3;2015;03:12;19611;AV GODOFREDO MACIEL;RUA NEREU RAMOS;;0;;Queda;;;;T;Sem?íforo;Residencial;0;1;0;0;0;0;0;0;0;1;0;0;-3,787250000000000;-38,566802000000000
261365;21;3;2015;03:31;0;RUA LUIS VIEIRA;;;0;;Colis?úo;;;;Meio de Quadra;;;0;1;1;1;0;0;0;0;0;1;0;0;-3,792098000000000;-38,588154000000000
261373;21;3;2015;10:37;0;AV PRS CASTELO BRANCO;;;0;;Queda;Luz do Dia;;;Meio de Quadra;;;0;1;0;0;0;0;0;0;0;1;0;0;;
261374;21;3;2015;12:32;0;AV JOAO PESSOA;;;0;;Colis?úo;Luz do Dia;;;Meio de Quadra;;;0;1;0;1;1;0;0;0;0;0;0;0;-3,761293000000000;-38,557267000000000
261381;21;3;2015;15:29;0;AV JOAO PESSOA;;;0;;Colis?úo;Luz do Dia;;;Meio de Quadra;;;0;1;1;1;0;0;0;0;0;1;0;0;-3,758771000000000;-38,555134000000000
261377;21;3;2015;12:51;0;AV ALBERTO CRAVEIRO;;;0;;Atropelamento;Luz do Dia;;;Meio de Quadra;;;0;1;1;0;0;0;0;0;0;1;0;0;-3,782812000000000;-38,516560000000000
258660;21;3;2015;12:40;0;RD BR 116;;;4000;KM-04;Colis?úo Transversal;Luz do Dia;Bom;Seca;Meio de Quadra;N?úo H?í Controle;Comercial;0;0;2;0;1;0;0;0;0;0;0;0;-3,788331000000000;-38,510646000000000
249765;21;3;2015;15:15;9200;RUA JAIME BENEVOLO;RUA DEP JOAO PONTES;;0;;Colis?úo Transversal;Luz do Dia;Bom;Seca;Cruz;Pare;Misto;0;1;1;1;0;0;0;0;0;1;0;0;-3,746140000000000;-38,530076000000000
249767;21;3;2015;01:00;22048;RUA MON FURTADO;RUA CANDIDO JUCA;;0;;Colis?úo Lateral;Mal Iluminada;Chuva;Molhada;Cruz;N?úo H?í Controle;Residencial;0;0;2;1;0;0;0;0;0;0;0;0;-3,742476000000000;-38,546001000000000
249763;21;3;2015;13:30;24207;RUA CEL JOSE AURELIO CAMARA;RUA RENATO BRAGA;;0;;Colis?úo Lateral;Luz do Dia;Nublado;Seca;T;N?úo H?í Controle;Residencial;0;0;2;1;0;0;0;0;0;0;0;0;-3,732360000000000;-38,463218000000000
249750;21;3;2015;22:00;19501;AV DR SILAS MUNGUBA;RUA PDE CARLOS QUIXADA;;0;;Colis?úo Traseira;Via Iluminada;Chuva;Molhada;T;Sem?íforo;Comercial;0;0;2;1;0;0;0;0;0;0;0;0;-3,781111000000000;-38,557763000000000
249744;21;3;2015;18:50;14503;RUA H ESPL CASTELAO;RUA INES BRASIL;;0;;Colis?úo Transversal;Anoitecer;Chuva;Molhada;Cruz;Pare;Residencial;0;0;3;1;0;0;0;1;0;0;0;0;-3,801688000000000;-38,517518000000000
249775;21;3;2015;15:30;3788;RUA PDE FRANCISCO PINTO;RUA WALDERY UCHOA;;0;;Colis?úo Transversal;Luz do Dia;Nublado;Seca;Cruz;Pare;Comercial;0;0;2;1;0;0;0;0;0;1;0;0;-3,744299000000000;-38,539138000000000
249773;21;3;2015;02:00;15145;AV HIS RAIMUNDO GIRAO;AV BAR STUDART;;0;;Colis?úo Traseira;Via Iluminada;Chuva;Molhada;Cruz;Sem?íforo;Comercial;0;1;1;1;0;0;0;0;0;0;0;0;-3,724494000000000;-38,503367000000000
249737;21;3;2015;;0;RUA MARIO MAMEDE;RUA JAIME CALADO;;835;;Colis?úo Transversal;Luz do Dia;Bom;Seca;Meio de Quadra;N?úo H?í Controle;Residencial;0;0;2;1;0;0;0;0;0;0;0;0;-3,752334000000000;-38,527856000000000
249771;21;3;2015;07:30;26205;RUA MIN ALBUQUERQUE LIMA;RUA 719 CJ CEARA;;0;;Colis?úo Traseira;Luz do Dia;Bom;Seca;Duplo T;N?úo H?í Controle;Misto;0;0;2;1;0;0;0;0;0;1;0;0;-3,770919000000000;-38,602002000000000
249779;21;3;2015;07:20;1324;RUA TORRES CAMARA;RUA DR JOSE LOURENCO;;0;;Colis?úo Lateral;Luz do Dia;Bom;Seca;Cruz;;Comercial;0;1;1;1;0;0;0;0;0;0;0;0;-3,735281000000000;-38,508053000000000
249777;21;3;2015;01:00;9153;AV 13 DE MAIO;RUA PAULA RODRIGUES;;0;;Colis?úo Traseira;Via Iluminada;Chuva;Molhada;T;Sem?íforo;Comercial;0;0;2;1;0;0;0;0;0;0;0;0;-3,752271000000000;-38,525876000000000
249781;21;3;2015;10:20;9670;RUA OSCAR ARARIPE;RUA ARI MAIA;;0;;Colis?úo Frontal;Luz do Dia;Nublado;Molhada;Cruz;N?úo H?í Controle;Residencial;0;1;1;0;1;0;0;0;1;0;0;0;-3,784266000000000;-38,621576000000000
249782;21;3;2015;15:00;7670;AV JOSE BASTOS;RUA ALAGOAS;;0;;Colis?úo Lateral;Luz do Dia;Chuva;Molhada;Cruz;Pare;Comercial;0;1;1;1;0;0;0;0;0;1;0;0;-3,762751000000000;-38,565892000000000
249792;21;3;2015;10:10;11057;AV DOS EXPEDICIONARIOS;AV DR SILAS MUNGUBA;;0;;Colis?úo Transversal;Luz do Dia;Nublado;Seca;Cruz;Sem?íforo;Comercial;0;0;2;1;0;0;0;0;0;0;0;0;-3,787538000000000;-38,547960000000000
249793;21;3;2015;18:30;6837;AV ANTONIO SALES;RUA SAO GABRIEL (COCO);;0;;Colis?úo Traseira;Via Iluminada;Chuva;Molhada;T;N?úo H?í Controle;Comercial;0;1;1;1;0;0;0;0;0;0;0;0;-3,748462000000000;-38,492552000000000
249794;21;3;2015;20:45;1611;RUA CEL JUCA;RUA VICENTE LINHARES;;0;;Colis?úo Transversal;Via Iluminada;Bom;Molhada;Cruz;Pare;Residencial;0;1;1;1;0;0;0;0;0;0;0;0;-3,744356000000000;-38,493430000000000
249811;21;3;2015;20:00;0;AV PRS CASTELO BRANCO;;;4775;;Colis?úo Transversal;Via Iluminada;Bom;Seca;Meio de Quadra;N?úo H?í Controle;Residencial;0;2;1;1;0;0;0;0;0;0;0;0;-3,706085000000000;-38,574714000000000
249812;21;3;2015;10:00;0;RUA GONCALO SOUTO;;;306;;Colis?úo Traseira;Luz do Dia;Bom;Seca;;;;0;0;2;1;0;0;0;0;0;0;0;0;-3,768187000000000;-38,530543000000000
249803;21;3;2015;07:30;8121;RUA DR GILBERTO STUDART;RUA MANUEL DE QUEIROZ;;0;;Colis?úo Transversal;Luz do Dia;Bom;Seca;Cruz;Pare;Residencial;0;0;2;1;0;0;0;0;0;0;0;0;-3,748059000000000;-38,467177000000000
249796;21;3;2015;06:30;19572;RUA PRIMEIRO DE JANEIRO;RUA MONACO;;0;;Colis?úo Lateral;Luz do Dia;Bom;Seca;Cruz;Pare;Residencial;0;1;1;1;0;0;0;0;0;1;0;0;-3,784193000000000;-38,568891000000000
249798;21;3;2015;10:10;0;AV ALBERTO CRAVEIRO;;;466;;Colis?úo Traseira;Luz do Dia;Bom;Seca;Meio de Quadra;N?úo H?í Controle;Comercial;0;0;2;1;0;0;0;0;0;0;0;0;-3,782812000000000;-38,516560000000000
249799;21;3;2015;07:30;0;AV ALBERTO CRAVEIRO;;;466;;Colis?úo Traseira;Luz do Dia;Bom;Seca;Meio de Quadra;N?úo H?í Controle;Comercial;0;0;2;1;0;0;0;0;0;0;0;0;-3,782812000000000;-38,516560000000000
249801;21;3;2015;15:30;0;AV PRS COSTA E SILVA;;;0;;Colis?úo Lateral;Luz do Dia;Bom;Seca;Meio de Quadra;N?úo H?í Controle;Comercial;0;0;2;0;0;0;1;0;0;1;0;0;;
249819;21;3;2015;19:00;0;RUA BERNARDO MANUEL;;;9942;;Colis?úo Traseira;Via Iluminada;Chuva;Molhada;Meio de Quadra;N?úo H?í Controle;Comercial;0;1;2;1;1;0;0;0;0;1;0;0;-3,804176000000000;-38,553049000000000
249808;21;3;2015;16:30;5162;RUA SAO PAULO;RUA GAL SAMPAIO;;0;;Colis?úo Transversal;Luz do Dia;Bom;Seca;Cruz;Sem?íforo;Comercial;0;1;1;1;0;0;1;0;0;0;0;0;-3,725134000000000;-38,530266000000000
249809;21;3;2015;01:10;5143;RUA MON CARNEIRO DA CUNHA;AV FILOMENO GOMES;;0;;Choque c/ Obst?ículo Fixo;Via Iluminada;Bom;Molhada;T;Pare;Residencial;0;0;1;0;0;0;0;0;0;0;0;0;-3,724629000000000;-38,541718000000000
249815;21;3;2015;15:00;0;AV DEP PAULINO ROCHA;;;40;;Colis?úo Lateral;Luz do Dia;Bom;Seca;Meio de Quadra;N?úo H?í Controle;Residencial;0;1;1;1;0;0;0;0;0;1;0;0;-3,801112000000000;-38,507330000000000
249817;21;3;2015;07:10;0;RUA BERNARDO MANUEL;;;9340;;Colis?úo Traseira;Luz do Dia;Bom;Seca;Meio de Quadra;Sem?íforo;Residencial;0;0;3;1;0;0;1;0;0;0;0;0;-3,801657000000000;-38,552294000000000
249759;21;3;2015;12:30;0;AV ALBERTO CRAVEIRO;;;507;MAKRO;Colis?úo Lateral;Luz do Dia;Bom;Seca;Meio de Quadra;N?úo H?í Controle;Comercial;0;1;1;1;0;0;0;0;0;1;0;0;-3,781154000000000;-38,515910000000000
249760;21;3;2015;15:00;3767;AV DOMINGOS OLIMPIO;AV IMPERADOR;;0;;Colis?úo Transversal;Luz do Dia;Nublado;Seca;Cruz;Sem?íforo;Comercial;0;2;0;0;0;0;0;0;1;0;0;0;-3,734790000000000;-38,536697000000000
249761;21;3;2015;06:00;5437;RUA METON DE ALENCAR;RUA FLORIANO PEIXOTO;;0;;Colis?úo Transversal;Luz do Dia;Bom;Seca;Cruz;Pare;Comercial;0;0;2;1;0;0;1;0;0;0;0;0;-3,734071000000000;-38,529358000000000
249748;21;3;2015;20:40;22937;AV DR SILAS MUNGUBA;RUA GOV JOAO CARLOS;;0;;Colis?úo Frontal;Via Iluminada;Bom;Seca;Duplo T;Sem?íforo;Comercial;0;0;2;1;0;0;0;0;0;0;0;0;-3,783950000000000;-38,553910000000000
249741;21;3;2015;13:30;3419;AV JOAO PESSOA;RUA MIGUEL GONCALVES;;0;;Colis?úo Lateral;Luz do Dia;Bom;Seca;Cruz;Pare;Residencial;0;1;1;1;1;0;0;0;0;0;0;0;-3,758710000000000;-38,555080000000000
249739;21;3;2015;12:21;12882;RUA COS TRISTAO;RUA CARLOS GOMES;;0;;Colis?úo Lateral;Luz do Dia;Bom;Seca;Cruz;Pare;Residencial;0;0;2;1;0;0;0;0;0;0;0;0;-3,741253000000000;-38,527443000000000
249735;21;3;2015;17:45;5395;RUA TEREZA CRISTINA;RUA ANTONIO POMPEU;;0;;Colis?úo Transversal;Via Iluminada;Chuva;Molhada;Cruz;Pare;Comercial;0;1;1;1;0;0;0;0;0;1;0;0;-3,732340000000000;-38,538356000000000
249805;21;3;2015;00:05;0;AV DIOGUINHO;;;2214;;;Via Iluminada;Chuva;Molhada;Meio de Quadra;Outros;Comercial;0;1;2;0;1;0;0;0;0;1;0;0;-3,736192000000000;-38,456289000000000
258980;21;3;2015;23:30;0;RD CE-040;;;0;KM-06;Colis?úo Frontal;;;Molhada;Meio de Quadra;;;0;0;2;1;0;0;0;0;0;0;0;0;-3,811270000000000;-38,478781000000000
265631;21;3;2015;21:52;0;AV JOVITA FEITOSA;;;1086;;Colis?úo;;;;Meio de Quadra;;;0;0;2;0;0;0;0;0;0;0;0;0;-3,739343000000000;-38,553877000000000
265632;21;3;2015;21:59;9048;RUA CEL SOLON;RUA MON OTAVIO CASTRO;;0;;Colis?úo;;;;Cruz;Pare;Residencial;0;0;2;0;0;0;0;0;0;0;0;0;-3,743054000000000;-38,527710000000000
265637;21;3;2015;22:03;0;AV PRS CASTELO BRANCO;;;0;;Colis?úo;;;;Meio de Quadra;;;0;0;2;0;0;0;0;0;0;0;0;0;;
265639;21;3;2015;22:04;0;AV G CJ CEARA;;;0;;Colis?úo;;;;Meio de Quadra;;;0;0;2;0;0;0;0;0;0;0;0;0;;
265614;21;3;2015;20:16;0;AV PRS COSTA E SILVA;;;0;;Colis?úo;;;;Meio de Quadra;;;0;0;2;0;0;0;0;0;0;0;0;0;;
265621;21;3;2015;20:24;0;RUA CAP HERMINIO;;;101;;Colis?úo;;;;Meio de Quadra;;;0;0;2;0;0;0;0;0;0;0;0;0;;
265627;21;3;2015;21:51;5364;AV TRISTAO GONCALVES;RUA GAL CLARINDO DE QUEIROZ;;0;;Colis?úo;;;;Cruz;N?úo H?í Controle;Comercial;0;0;2;0;0;0;0;0;0;0;0;0;-3,731314000000000;-38,534472000000000
265595;21;3;2015;08:28;7881;RUA JOAO EMIDIO SILVEIRA;RUA FOT RIBEIRO;;0;;Colis?úo;Luz do Dia;;;;;;0;0;2;0;0;0;0;0;0;0;0;0;-3,750122000000000;-38,500045000000000
265596;21;3;2015;10:37;0;AV SEN FERNANDES TAVORA;;;2468;;Choque c/ Obst?ículo Fixo;Luz do Dia;;;Meio de Quadra;;;0;0;1;0;0;0;0;0;0;0;0;0;-3,755666000000000;-38,595374000000000
265597;21;3;2015;11:05;0;RUA CEL FRANCISCO PEREIRA (MESSEJANA);;;403;;Colis?úo;Luz do Dia;;;Meio de Quadra;;;0;0;2;0;0;0;0;0;0;0;0;0;-3,832484000000000;-38,493002000000000
265599;21;3;2015;12:35;0;RUA CON DE CASTRO;;;2792;;Colis?úo;Luz do Dia;;;Meio de Quadra;;;0;0;2;0;0;0;0;0;0;0;0;0;-3,793704000000000;-38,581472000000000
265600;21;3;2015;17:06;0;RUA CAR ARCO VERDE;;;130;;Atropelamento;Anoitecer;;;Meio de Quadra;;;0;0;2;0;0;0;0;0;0;0;0;0;-3,751349000000000;-38,593018000000000
265601;21;3;2015;17:32;0;LOGRADOURO SEM NOME;;;0;;Choque c/ Obst?ículo Fixo;Anoitecer;;;Meio de Quadra;;;0;0;1;0;0;0;0;0;0;0;0;0;;
265609;21;3;2015;21:15;0;AV DES FLORIANO BENEVIDES;;;220;;Colis?úo;;;;Meio de Quadra;;;0;0;2;0;0;0;0;0;0;0;0;0;-3,772671000000000;-38,479570000000000
265611;21;3;2015;23:42;7126;RUA STA ELISA D21;AV PASTEUR;;0;;Atropelamento;;;;Cruz;N?úo H?í Controle;Residencial;0;0;2;0;0;0;0;0;0;0;0;0;-3,707308000000000;-38,557705000000000
265612;21;3;2015;19:48;0;AV JOR THOMAZ COELHO;;;0;;Colis?úo;;;;Meio de Quadra;;;0;0;2;0;0;0;0;0;0;0;0;0;;
257583;21;3;2015;11:10;0;AV WASHINGTON SOARES;;;8564;;Colis?úo;Luz do Dia;Bom;Seca;Meio de Quadra;;;0;0;2;1;0;0;0;0;0;1;0;0;-3,826113000000000;-38,481712000000000
257584;21;3;2015;23:12;21704;RUA CARLOS ARAUJO;RUA DR JOSE GOIANA;;0;;Colis?úo;;;;Cruz;N?úo H?í Controle;Residencial;0;2;0;1;0;0;0;0;0;1;0;0;-3,727401000000000;-38,590442000000000