COD_ACIDENTE;DIA;MES;ANO;HORA;INTERSECAO;LOG1;LOG2;LOG3;NUMERO;REFERENCIA;NATUREZA;ILUMINACAO;TEMPO;SUPERFICIEPISTA;TIPOCRUZAMENTO;CONTROLETRAFEGO;USOSOLO;MORTOS;FERIDOS;ILESOS;AUTOMOVEL;ONIBUS;BICICLETA;CAMINHAO;MICROONIBUS;CICLOMOTOR;MOTOCICLETA;TRACAOANIMAL;TREM;LATITUDE;LONGITUDE
261394;21;3;2015;18:02;0;RUA IRINEU DE SOUZA;AV DR THEBERGE;;0;;Colis?úo;Anoitecer;;;;;;0;1;1;1;0;0;0;0;0;1;0;0;;
261395;21;3;2015;18:32;0;AV GAL OSORIO DE PAIVA;;;4969;;Colis?úo;;;;Meio de Quadra;;;0;1;1;0;0;0;1;0;0;1;0;0;-3,801746000000000;-38,599177000000000
261398;21;3;2015;19:13;0;VL STA ELISA D04;;;0;;Queda;;;;Meio de Quadra;;;0;1;0;0;0;0;0;0;0;1;0;0;;
261402;21;3;2015;19:30;12523;RUA PIERRE LUZ;RUA MARIA CLARA;;0;;Colis?úo;;;;Cruz;Pare;Misto;0;1;1;1;0;1;0;0;0;0;0;0;-3,725120000000000;-38,588502000000000
261403;21;3;2015;19:39;0;AV GOV RAUL BARBOSA;;;0;;Atropelamento;;;;Meio de Quadra;;;0;1;1;0;0;0;0;0;0;1;0;0;-3,774118000000000;-38,512814000000000
261404;21;3;2015;20:07;0;AV DOS EXPEDICIONARIOS;;;0;;Colis?úo;;;;Meio de Quadra;;;0;1;0;0;0;0;0;0;0;0;0;0;-3,804540000000000;-38,553136000000000
261406;21;3;2015;20:38;10875;RUA ARACAJU;RUA BOA VISTA;;0;;Atropelamento;;;;;;;0;1;1;0;0;0;0;0;0;0;0;0;-3,766392000000000;-38,591008000000000
261408;21;3;2015;23:45;0;AV MAJ ASSIS;;;0;;Colis?úo;;;;Meio de Quadra;;;0;1;1;1;0;0;0;0;0;1;0;0;-3,723287000000000;-38,590298000000000
260125;21;3;2015;04:14;0;AV DA UNIVERSIDADE;;;0;;Colis?úo;;;;Meio de Quadra;;;0;0;2;1;0;0;0;0;0;0;0;0;;
260126;21;3;2015;08:24;0;AV FRE CIRILO;;;0;;Colis?úo;Luz do Dia;;;Meio de Quadra;;;0;0;2;1;0;0;0;0;0;0;0;0;;
261409;22;3;2015;01:16;0;RD BR 116;;;14000;KM-14;;;;;Meio de Quadra;;;0;1;0;0;0;0;0;0;0;1;0;0;-3,873523000000000;-38,499242000000000
261410;22;3;2015;03:46;0;AV 13 DE MAIO;;;0;;Atropelamento;;;;Meio de Quadra;;;0;1;0;1;0;0;0;0;0;0;0;0;;
261416;22;3;2015;12:20;0;RUA FRANCISCO GLICERIO;;;0;;Colis?úo;Luz do Dia;;;Meio de Quadra;;;0;1;1;0;0;0;0;0;0;1;0;0;-3,797117000000000;-38,566050000000000
261418;22;3;2015;12:38;0;RUA ESTEFANIA M MOTA;;;0;;Atropelamento;Luz do Dia;;;Meio de Quadra;;;0;1;1;1;0;0;0;0;0;0;0;0;;
261414;22;3;2015;10:06;0;VL STA ELISA D04;;;0;;Colis?úo;Luz do Dia;;;Meio de Quadra;;;0;1;1;0;0;0;0;0;0;1;0;0;;
261440;22;3;2015;10:14;0;RD BR 116;;;14000;KM-14;Queda;Luz do Dia;;;Meio de Quadra;;;0;1;0;0;0;0;0;0;0;1;0;0;-3,873523000000000;-38,499242000000000
261426;22;3;2015;14:14;0;RUA CON DE CASTRO;;;0;;Colis?úo;Luz do Dia;;;Meio de Quadra;;;0;1;1;1;0;0;0;0;0;1;0;0;-3,799925000000000;-38,587272000000000
261427;22;3;2015;14:39;0;RUA GUSTAVO SAMPAIO;;;0;;;Luz do Dia;;;Meio de Quadra;;;0;1;1;1;0;0;0;0;0;1;0;0;;
261428;22;3;2015;15:12;0;AV HIS RAIMUNDO GIRAO;;;0;;Colis?úo;Luz do Dia;;;Meio de Quadra;;;0;1;1;1;0;0;0;0;0;1;0;0;;
261429;22;3;2015;15:16;0;AV DR SILAS MUNGUBA;;;0;;Colis?úo;Luz do Dia;;;Meio de Quadra;;;0;1;0;0;0;0;0;0;0;0;0;0;-3,780686000000000;-38,558546000000000
261430;22;3;2015;17:02;0;AV OLIVEIRA PAIVA;;;0;;Colis?úo;Anoitecer;;;Meio de Quadra;;;0;1;1;0;0;0;0;0;0;1;0;0;-3,798017000000000;-38,501833000000000
261431;22;3;2015;17:21;0;AV PERIMETRAL;;;0;;Queda;Anoitecer;;;Meio de Quadra;;;0;1;0;0;0;0;0;0;0;1;0;0;;
261432;22;3;2015;19:29;0;AV J CJ CEARA;;;0;;Colis?úo;;;;Meio de Quadra;;;0;1;0;0;0;0;0;0;0;0;0;0;;
261433;22;3;2015;20:05;0;AV WASHINGTON SOARES;;;0;;Atropelamento;;;;Meio de Quadra;;;0;1;0;1;0;0;0;0;0;0;0;0;-3,823756000000000;-38,481343000000000
261434;22;3;2015;20:29;0;RUA ALVES BEZERRA;;;0;;Colis?úo;;;;Meio de Quadra;;;0;1;1;1;0;0;0;0;0;1;0;0;;
261435;22;3;2015;20:50;0;AV PERIMETRAL;;;0;;Queda;;;;Meio de Quadra;;;0;1;0;0;0;0;0;0;0;1;0;0;;
261436;22;3;2015;20:54;0;RUA RIBEIRO LEITAO;RUA JOCKEY CLUBE;;0;;Colis?úo;;;;;;;0;1;1;1;0;0;0;0;0;1;0;0;;
261437;22;3;2015;21:10;0;AV JOAO PESSOA;;;5190;;Colis?úo;;;;Meio de Quadra;;;0;1;1;0;0;0;0;0;0;0;0;0;-3,756885000000000;-38,553449000000000
261438;22;3;2015;22:23;0;AV ABOLICAO;;;0;;Atropelamento;;;;Meio de Quadra;;;0;1;1;0;0;0;0;0;0;1;0;0;-3,720806000000000;-38,477727000000000
265643;22;3;2015;08:00;0;AV OLIVEIRA PAIVA;;;0;;Choque c/ Obst?ículo Fixo;Luz do Dia;;;Meio de Quadra;;;0;0;1;0;0;0;0;0;0;0;0;0;;
265656;22;3;2015;10:01;0;RUA STA ELISA D21;;;860;;Colis?úo;Luz do Dia;;;Meio de Quadra;;;0;0;2;0;0;0;0;0;0;0;0;0;-3,706027000000000;-38,560796000000000
265659;22;3;2015;12:44;5697;RUA ESV AZEVEDO;RUA CICERO ALVES SOUZA;;0;;Colis?úo;Luz do Dia;;;;;;0;0;2;0;0;0;0;0;0;0;0;0;-3,793175000000000;-38,499104000000000
265668;22;3;2015;13:50;0;VL DO MAR;;;0;;Colis?úo;Luz do Dia;;;Meio de Quadra;;;0;0;2;0;0;0;0;0;0;0;0;0;;
265669;22;3;2015;13:53;14453;RUA DEMOCRITO ROCHA;RUA CONRADO CABRAL;;0;;Colis?úo;Luz do Dia;;;Cruz;Pare;Residencial;0;0;2;0;0;0;0;0;0;0;0;0;-3,726347000000000;-38,549061000000000
265671;22;3;2015;13:56;0;AV GAL OSORIO DE PAIVA;;;6391;;Colis?úo;Luz do Dia;;;Meio de Quadra;;;0;0;2;0;0;0;0;0;0;0;0;0;-3,810912000000000;-38,608035000000000
265672;22;3;2015;14:17;0;AV CONTORNO SUL;;;101;;Choque c/ Obst?ículo Fixo;Luz do Dia;;;Meio de Quadra;;;0;0;1;0;0;0;0;0;0;0;0;0;;
265677;22;3;2015;16:22;0;RUA JUVENTUDE;;;601;;Atropelamento;Luz do Dia;;;Meio de Quadra;;;0;0;2;0;0;0;0;0;0;0;0;0;;
265679;22;3;2015;16:40;0;AV GODOFREDO MACIEL;;;0;;Colis?úo;Luz do Dia;;;Meio de Quadra;;;0;0;2;0;0;0;0;0;0;0;0;0;;
265680;22;3;2015;16:58;1823;RUA MARIA QUINTINO;RUA CEL ALIPIO CUNHA;;0;;Colis?úo;Luz do Dia;;;;;;0;0;2;0;0;0;0;0;0;0;0;0;-3,859578000000000;-38,501423000000000
265674;22;3;2015;14:55;0;AV PDE ANTONIO TOMAS;;;3655;;Colis?úo;Luz do Dia;;;Meio de Quadra;;;0;0;2;0;0;0;0;0;0;0;0;0;-3,746788000000000;-38,479170000000000
265675;22;3;2015;16:20;0;RUA SAO LEOPOLDO D69;;;860;;Colis?úo;Luz do Dia;;;Meio de Quadra;;;0;0;2;0;0;0;0;0;0;0;0;0;;
265685;22;3;2015;19:29;5881;AV J CJ CEARA;RUA 1133 CJ CEARA;;0;;Colis?úo;;;;;N?úo H?í Controle;Residencial;0;0;2;0;0;0;0;0;0;0;0;0;-3,759464000000000;-38,612587000000000
265686;22;3;2015;20:01;0;RUA MANOEL DE CASTRO (SIQUEIRA);;;1461;;Colis?úo;;;;Meio de Quadra;;;0;0;2;0;0;0;0;0;0;0;0;0;-3,804730000000000;-38,629043000000000
258981;22;3;2015;06:00;0;RD CE-040;;;0;KM-06;Choque c/ Obst?ículo Fixo;Luz do Dia;;Molhada;Meio de Quadra;;;0;0;1;1;0;0;0;0;0;0;0;0;-3,811270000000000;-38,478781000000000
258982;22;3;2015;09:10;0;RD CE-040;;;0;KM-05;Colis?úo;Luz do Dia;Bom;Seca;Meio de Quadra;;;0;0;2;1;0;0;0;0;0;0;0;0;-3,790876000000000;-38,480349000000000
276124;22;3;2015;12:00;0;RD BR 116;;;4000;KM-04;Colis?úo Lateral;Luz do Dia;Bom;Seca;Meio de Quadra;;;0;0;2;0;0;0;1;0;0;0;0;0;;
249818;22;3;2015;19:00;0;AV OLIVEIRA PAIVA;;;361;;Colis?úo Transversal;Via Iluminada;Bom;Seca;Meio de Quadra;N?úo H?í Controle;Comercial;0;1;1;0;0;0;0;0;1;1;0;0;-3,798017000000000;-38,501833000000000
249816;22;3;2015;11:30;2329;AV FRANCISCO SA;RUA AMADEU DE CASTRO;;0;;Colis?úo Transversal;Luz do Dia;Bom;Seca;T;N?úo H?í Controle;Comercial;0;1;1;1;0;0;0;0;0;1;0;0;-3,704250000000000;-38,589562000000000
249820;22;3;2015;02:15;241;AV JOVITA FEITOSA;RUA COS VIEIRA DA SILVA;;0;;Colis?úo Traseira;Via Iluminada;Chuva;Seca;Cruz;Pare;Comercial;0;1;1;1;0;0;0;0;0;0;0;0;-3,739414000000000;-38,554236000000000
249802;22;3;2015;14:00;0;RUA PDE ANCHIETA;;;93;;Colis?úo Traseira;Luz do Dia;Bom;Seca;Meio de Quadra;;Residencial;0;0;2;1;0;0;0;0;0;0;0;0;-3,720806000000000;-38,549807000000000
249800;22;3;2015;16:00;0;RUA JOR ANTONIO P TAVARES;;;809;;Colis?úo Traseira;Luz do Dia;Nublado;Seca;Meio de Quadra;N?úo H?í Controle;Residencial;0;1;1;1;1;0;0;0;0;0;0;0;-3,812043000000000;-38,510953000000000
249797;22;3;2015;12:30;6726;RUA DR GILBERTO STUDART;RUA JULIO AZEVEDO;;0;;Colis?úo Transversal;Luz do Dia;Bom;Seca;Cruz;Pare;Residencial;0;0;2;1;0;0;0;0;0;0;0;0;-3,743146000000000;-38,482408000000000
249791;22;3;2015;07:00;0;AV PRS CASTELO BRANCO;;;2660;;Atropelamento;Via Iluminada;Bom;Seca;Meio de Quadra;N?úo H?í Controle;Residencial;0;2;0;0;0;0;0;0;0;1;0;0;-3,712806000000000;-38,551633000000000
249804;22;3;2015;15:30;22200;AV SGT HERMINIO SAMPAIO;RUA CEL MOZART GONDIM;;0;;Colis?úo Transversal;Luz do Dia;Bom;Seca;Cruz;N?úo H?í Controle;Residencial;0;1;1;1;0;0;0;0;0;1;0;0;-3,726516000000000;-38,561327000000000
249807;22;3;2015;;8652;AV EDILSON B SOARES;RUA MARIO ALENCAR ARARIPE;;0;;Choque c/ Obst?ículo Fixo;Luz do Dia;Nublado;Seca;T;Pare;Residencial;0;0;1;0;0;0;0;0;0;0;0;0;-3,789298000000000;-38,478792000000000
249813;22;3;2015;14:50;3177;RUA ANSELMO NOGUEIRA;RUA CARLOS CHAGAS;;0;;Colis?úo Transversal;Luz do Dia;Chuva;Molhada;Cruz;Pare;Residencial;0;1;2;1;0;0;0;0;0;1;0;0;-3,779698000000000;-38,586797000000000
249814;22;3;2015;10:45;19753;RUA ERICO MOTA;RUA AZEVEDO BOLAO;;0;;Colis?úo Transversal;Luz do Dia;Nublado;Seca;Cruz;Pare;Residencial;0;0;2;1;0;0;0;0;0;0;0;0;-3,737645000000000;-38,562522000000000
249795;22;3;2015;12:30;0;RUA JOSE CARLOS GURGEL NOGUEIRA;;;211;;Colis?úo Lateral;Luz do Dia;Nublado;Seca;Meio de Quadra;;Residencial;0;1;1;1;0;0;0;0;0;1;0;0;-3,734264000000000;-38,474659000000000
257630;22;3;2015;22:18;3420;RUA DES PRAXEDES;AV JOAO PESSOA;;0;;Colis?úo;;;;Cruz;Sem?íforo;Comercial;0;1;0;0;1;0;0;0;0;1;0;0;-3,756946000000000;-38,553504000000000
257636;22;3;2015;19:40;0;RD CE-040;;;0;KM-09;Atropelamento;;;;Meio de Quadra;;;0;3;0;0;0;0;0;0;0;1;0;0;-3,824774000000000;-38,481431000000000
257652;22;3;2015;18:40;0;AV GAL OSORIO DE PAIVA;;;6395;;Colis?úo;;;;Meio de Quadra;;;1;0;1;1;0;0;0;0;0;1;0;0;-3,811033000000000;-38,608152000000000
258661;22;3;2015;01:00;0;RD BR 116;;;14000;KM-14;Colis?úo;Via Iluminada;Chuva;Molhada;Meio de Quadra;N?úo H?í Controle;Comercial;1;1;0;0;0;1;0;0;0;1;0;0;-3,873523000000000;-38,499242000000000
258662;22;3;2015;06:45;0;RD BR 116;;;5000;KM-05;Choque c/ Obst?ículo Fixo;Luz do Dia;Bom;Seca;Meio de Quadra;N?úo H?í Controle;Comercial;0;1;0;0;0;0;0;0;0;0;0;0;-3,796502000000000;-38,506787000000000
249827;22;3;2015;21:10;25455;AV ENG JOS?ë GUIMAR?âES;RUA PEDRO LAZAR;;0;;Colis?úo Transversal;Mal Iluminada;Nublado;Seca;Cruz;Pare;Residencial;0;1;1;1;0;0;0;0;1;0;0;0;;
249828;22;3;2015;05:40;0;RUA CONDE D??EU;;;0;;Colis?úo Lateral;Luz do Dia;Bom;Seca;Meio de Quadra;Pare;Comercial;0;0;2;1;0;0;0;0;0;0;0;0;;
249829;22;3;2015;14:40;25044;AV ENG HUMBERTO MONTE;RUA ARGENTINA;;0;;Colis?úo Lateral;Luz do Dia;Bom;Seca;Cruz;Sem?íforo;Comercial;0;1;1;1;0;0;0;0;0;1;0;0;-3,746008000000000;-38,563090000000000
249831;22;3;2015;08:15;5438;RUA METON DE ALENCAR;RUA ASSUNCAO;;0;;Colis?úo Transversal;Luz do Dia;Bom;Seca;Cruz;Pare;Misto;0;1;1;1;0;0;0;0;0;1;0;0;-3,734332000000000;-38,528594000000000
249832;22;3;2015;12:30;22937;AV DR SILAS MUNGUBA;RUA GOV JOAO CARLOS;;0;;Colis?úo Traseira;Luz do Dia;Nublado;Seca;T;Sem?íforo;Comercial;0;0;2;1;0;0;0;0;0;0;0;0;-3,783950000000000;-38,553910000000000
249833;22;3;2015;14:30;3609;RUA GUILHERME ASSUNCAO;AV CAP WALDEMAR PAULA LIMA;;0;;Colis?úo Frontal;Luz do Dia;Bom;Seca;Cruz;N?úo H?í Controle;Lazer;1;0;2;0;0;0;1;0;0;1;0;0;-3,816601000000000;-38,507427000000000
249834;22;3;2015;21:30;0;AV DA UNIVERSIDADE;;;3345;;Colis?úo Transversal;Via Iluminada;Nublado;Seca;Meio de Quadra;N?úo H?í Controle;Residencial;0;0;2;1;0;0;0;0;0;0;0;0;-3,744429000000000;-38,542261000000000
249835;22;3;2015;14:50;0;AV DR SILAS MUNGUBA;;;852;;Atropelamento;Luz do Dia;Nublado;Seca;Meio de Quadra;Sem?íforo;Residencial;0;1;1;1;0;0;0;0;0;0;0;0;-3,780889000000000;-38,558168000000000
249824;22;3;2015;14:45;5235;RUA PEDRO PEREIRA;RUA PRC ISABEL;;0;;Colis?úo Transversal;Luz do Dia;Bom;Seca;Cruz;Pare;Misto;0;0;2;1;0;0;0;0;0;0;0;0;-3,727353000000000;-38,535705000000000
249822;22;3;2015;12:30;19377;RUA EDUARDO PERDIGAO;RUA GERMANO FRANCK;;0;;Colis?úo Lateral;Luz do Dia;Nublado;Seca;Cruz;Sem?íforo;Comercial;0;0;2;1;0;0;0;0;0;0;0;0;-3,777704000000000;-38,562542000000000
249850;23;3;2015;14:30;22845;RUA CON LIMA SUCUPIRA;RUA GOV JOAO CARLOS;;0;;Colis?úo Transversal;Luz do Dia;Nublado;Seca;Cruz;Pare;Residencial;0;0;2;1;0;0;0;0;0;0;0;0;-3,777951000000000;-38,551518000000000
249871;23;3;2015;00:30;22099;AV JOSE BASTOS;RUA JOSE FACANHA;;0;;Colis?úo Traseira;Via Iluminada;Chuva;Molhada;T;Sem?íforo;Comercial;0;0;2;1;0;0;0;0;0;0;0;0;-3,754359000000000;-38,554822000000000
249868;23;3;2015;20:30;3929;RUA SEN POMPEU;RUA ANTONIO POMPEU;;0;;Colis?úo Lateral;Via Iluminada;Nublado;Seca;Cruz;Sem?íforo;Outros;0;0;2;1;0;0;1;0;0;0;0;0;-3,734439000000000;-38,531891000000000
249875;23;3;2015;15:00;1522;RUA CEL JUCA;RUA EDUARDO GARCIA;;0;;Colis?úo Lateral;Luz do Dia;Bom;Seca;Cruz;Pare;Misto;0;1;1;1;0;0;0;0;0;1;0;0;-3,740419000000000;-38,492166000000000
249877;23;3;2015;13:10;0;RUA SILVA PAULET;;;230;;Colis?úo Transversal;Luz do Dia;Nublado;Seca;Meio de Quadra;Sem?íforo;Misto;0;0;2;0;0;0;1;1;0;0;0;0;-3,726017000000000;-38,502703000000000
249878;23;3;2015;16:00;13420;RUA BAR ARACATI;RUA JOAQUIM TORRES;;0;;Colis?úo Lateral;Luz do Dia;Bom;Seca;Cruz;Pare;Residencial;0;0;2;0;0;0;0;0;0;0;0;0;-3,742151000000000;-38,515085000000000
249880;23;3;2015;08:10;0;RUA JOAO CORDEIRO;;;2333;;Colis?úo Lateral;Luz do Dia;Chuva;Molhada;Meio de Quadra;Sem?íforo;Misto;0;0;2;1;0;0;1;0;0;0;0;0;-3,740781000000000;-38,518125000000000
249881;23;3;2015;13:10;0;AV BORGES DE MELO;;;60;;Colis?úo Lateral;Luz do Dia;Nublado;Molhada;Meio de Quadra;Pare;Comercial;0;0;2;1;0;0;0;0;0;0;0;0;-3,761561000000000;-38,517871000000000
249884;23;3;2015;18:40;0;RUA GARDENIA;;;399;;Colis?úo Traseira;Via Iluminada;Bom;Seca;Meio de Quadra;N?úo H?í Controle;Residencial;0;0;2;1;0;0;0;0;0;0;0;0;;
249886;23;3;2015;10:20;0;AV BORGES DE MELO;;;12;;Colis?úo Lateral;Luz do Dia;Nublado;Seca;Meio de Quadra;N?úo H?í Controle;Residencial;0;1;1;0;0;0;0;0;0;0;0;0;;
249892;23;3;2015;11:00;15267;AV ANTONIO JUSTA;RUA CEL LINHARES;;0;;Choque c/ Obst?ículo Fixo;Luz do Dia;Nublado;Seca;T;N?úo H?í Controle;Residencial;0;0;2;1;0;0;0;0;0;1;0;0;-3,728586000000000;-38,491594000000000
249898;23;3;2015;09:45;0;RUA GAL PIRAGIBE;;;227;;Colis?úo Traseira;Luz do Dia;Nublado;Seca;Meio de Quadra;Outros;Residencial;0;0;2;1;0;0;0;0;0;0;0;0;-3,736447000000000;-38,558232000000000
249899;23;3;2015;;3175;RUA VITAL BRASIL;RUA LUZIA MOREIRA;;0;;Colis?úo Transversal;Luz do Dia;Chuva;Molhada;Cruz;Pare;Residencial;0;0;2;1;0;0;0;0;0;0;0;0;-3,779420000000000;-38,593017000000000
249900;23;3;2015;07:00;17957;RUA ALCANTARA BILHAR;RUA JOAQUIM ALBANO;;0;;Colis?úo Frontal;Luz do Dia;Chuva;Molhada;Cruz;Pare;Misto;0;0;2;1;0;0;0;0;0;0;0;0;-3,735593000000000;-38,582130000000000
249895;23;3;2015;09:00;0;RUA JOSE RANGEL;;;726;;Choque c/ Obst?ículo Fixo;Luz do Dia;Chuva;Molhada;Meio de Quadra;N?úo H?í Controle;Residencial;0;0;1;0;0;0;0;0;0;0;0;0;;
249896;23;3;2015;07:20;15255;RUA TEN BENEVOLO;RUA MON BRUNO;;0;;Colis?úo Transversal;Luz do Dia;Chuva;Molhada;Cruz;Pare;Comercial;0;0;2;1;1;0;0;0;0;0;0;0;-3,728332000000000;-38,508124000000000
249902;23;3;2015;22:00;0;RUA BERNARDO MANUEL;;;8259;;Colis?úo Lateral;Via Iluminada;Chuva;Molhada;Meio de Quadra;N?úo H?í Controle;Residencial;0;1;1;1;0;0;0;0;0;1;0;0;-3,791601000000000;-38,549248000000000
249903;23;3;2015;06:00;0;AV ENG HUMBERTO MONTE;;;0;;Capotamento;Luz do Dia;Nublado;Molhada;Meio de Quadra;N?úo H?í Controle;Comercial;0;2;0;0;0;0;0;0;0;0;0;0;-3,739038000000000;-38,568860000000000
249905;23;3;2015;08:46;0;AV CARNEIRO DE MENDONCA;;;1853;;Colis?úo Lateral;Luz do Dia;Chuva;Molhada;Meio de Quadra;N?úo H?í Controle;;0;1;1;1;0;0;0;0;0;1;0;0;-3,759973000000000;-38,574962000000000
249906;23;3;2015;05:00;5881;AV J CJ CEARA;RUA 1133 CJ CEARA;;0;;Colis?úo Lateral;Amanhecer;Chuva;Molhada;;N?úo H?í Controle;Residencial;0;0;2;1;0;0;0;0;0;1;0;0;-3,759464000000000;-38,612587000000000
249908;23;3;2015;16:00;5440;AV HERACLITO GRACA;RUA RODRIGUES JUNIOR;;0;;;Luz do Dia;Nublado;Seca;Cruz;Pare;Comercial;0;0;2;1;0;0;0;0;0;0;0;0;-3,734374000000000;-38,521831000000000
249910;23;3;2015;18:40;0;RUA RIO GRANDE DO SUL;;;2038;;Colis?úo Lateral;Via Iluminada;Nublado;Seca;Meio de Quadra;Outros;Residencial;0;0;2;1;0;0;0;0;0;0;0;0;-3,765495000000000;-38,571510000000000
249912;23;3;2015;20:00;11021;RUA GERMANO FRANCK;RUA MUNDICA PAULA;;0;;Colis?úo Frontal;Via Iluminada;Bom;Seca;Cruz;Pare;Comercial;0;0;2;1;0;0;0;0;0;0;0;0;-3,773259000000000;-38,557470000000000
249913;23;3;2015;11:00;7382;AV SEN FERNANDES TAVORA;RUA SAO LUIS D30;;0;;Colis?úo Traseira;Luz do Dia;Nublado;Molhada;Cruz;Pare;Residencial;0;1;1;1;0;0;0;0;0;1;0;0;-3,757244000000000;-38,591428000000000
249919;23;3;2015;20:00;17501;AV ABOLICAO;RUA MANUEL JESUINO;;0;;Colis?úo Transversal;Via Iluminada;Bom;Seca;Cruz;Sem?íforo;Misto;0;0;2;1;0;0;0;0;0;0;0;0;-3,725398000000000;-38,484515000000000
249920;23;3;2015;12:30;0;AV DR SILAS MUNGUBA;;;5697;;Colis?úo Traseira;Luz do Dia;Nublado;Seca;Meio de Quadra;Sem?íforo;Comercial;0;2;0;0;0;0;0;0;0;1;0;0;-3,802506000000000;-38,528991000000000
249921;23;3;2015;11:00;19306;AV GAL OSORIO DE PAIVA;RUA EDUARDO PERDIGAO;;0;;Colis?úo Traseira;Luz do Dia;Nublado;Seca;Cruz;Sem?íforo;Comercial;0;0;2;1;0;0;0;0;0;0;0;0;-3,774747000000000;-38,565454000000000
249915;23;3;2015;15:15;0;AV GAL OSORIO DE PAIVA;;;2466;;Colis?úo Lateral;Luz do Dia;Nublado;Seca;;;;0;0;2;1;0;0;1;0;0;0;0;0;-3,787463000000000;-38,585108000000000
249935;23;3;2015;12:40;13078;AV J CJ JOSE WALTER;RUA 34 CJ JOSE WALTER;;0;;Colis?úo Transversal;Luz do Dia;Nublado;Seca;Cruz;Pare;Residencial;0;0;2;1;0;0;0;0;0;0;0;0;-3,827934000000000;-38,554724000000000
249939;23;3;2015;12:40;13078;AV J CJ JOSE WALTER;RUA 34 CJ JOSE WALTER;;0;;Colis?úo Lateral;Luz do Dia;Nublado;;Cruz;Pare;Residencial;0;0;2;0;1;0;0;0;0;0;0;0;-3,827934000000000;-38,554724000000000
249940;23;3;2015;16:10;5359;RUA TEREZA CRISTINA;RUA METON DE ALENCAR;;0;;Colis?úo Transversal;Luz do Dia;Nublado;Seca;Cruz;Sem?íforo;Comercial;0;1;1;1;0;0;0;0;0;1;0;0;-3,731262000000000;-38,538031000000000
249942;23;3;2015;08:50;5668;AV JOSE LEON;RUA 3 UI 308;;0;;Colis?úo Transversal;Luz do Dia;Chuva;Molhada;Cruz;Pare;Residencial;0;0;2;1;0;0;0;0;0;0;0;0;-3,787712000000000;-38,502231000000000
249943;23;3;2015;14:50;15331;RUA SILVA PAULET;RUA PEREIRA FILGUEIRAS;;0;;Colis?úo Lateral;Luz do Dia;Nublado;Seca;Cruz;Pare;Residencial;0;0;2;1;0;0;0;0;0;0;0;0;-3,731144000000000;-38,504338000000000
249947;23;3;2015;14:00;0;RUA DOM JOSE LOURENCO  D27;;;420;;Colis?úo Transversal;Luz do Dia;Nublado;Seca;Meio de Quadra;N?úo H?í Controle;Residencial;0;0;2;1;0;0;0;0;0;1;0;0;-3,738297000000000;-38,559001000000000
249958;23;3;2015;11:30;1510;RUA JOSE VILAR;AV JULIO VENTURA;;0;;Colis?úo Lateral;Luz do Dia;Nublado;Seca;Cruz;Sem?íforo;Comercial;0;1;1;1;0;0;0;0;0;1;0;0;-3,739985000000000;-38,506014000000000
249959;23;3;2015;03:00;0;AV BORGES DE MELO;;;1287;;Queda;Luz do Dia;Chuva;Molhada;Meio de Quadra;N?úo H?í Controle;Comercial;0;0;2;1;0;0;0;0;0;0;0;0;-3,759529000000000;-38,530527000000000
249960;23;3;2015;11:15;0;RUA DR JOAQUIM BENTO;;;859;;Colis?úo Lateral;Luz do Dia;Bom;Seca;Meio de Quadra;N?úo H?í Controle;Comercial;0;0;2;1;0;0;0;0;0;0;0;0;-3,828302000000000;-38,483840000000000
249961;23;3;2015;10:40;17405;RUA ISAIE BORIS;RUA EQUADOR;;0;;Colis?úo Traseira;Luz do Dia;Nublado;Seca;Cruz;Sem?íforo;Residencial;0;0;2;1;0;0;0;0;0;1;0;0;-3,767845000000000;-38,550538000000000
249962;23;3;2015;17:30;1561;AV PDE ANTONIO TOMAS;AV SEN VIRGILIO TAVORA;;0;;Colis?úo Traseira;Anoitecer;Bom;Seca;Outros;Sem?íforo Intermitente;Comercial;0;1;1;1;0;0;0;0;0;1;0;0;-3,741760000000000;-38,494749000000000
249963;23;3;2015;19:35;5318;RUA PDE IBIAPINA;RUA GAL CLARINDO DE QUEIROZ;;0;;Colis?úo Traseira;Via Iluminada;Nublado;Molhada;Cruz;Pare;Comercial;0;0;2;1;1;0;0;0;0;0;0;0;-3,729518000000000;-38,540084000000000
249969;23;3;2015;19:50;0;RUA CEL MATOS DOURADO;;;1100;CSU;Colis?úo Lateral;Via Iluminada;Bom;Seca;Meio de Quadra;Pare;Comercial;0;2;1;1;0;1;0;0;0;1;0;0;-3,753352000000000;-38,582338000000000
257641;23;3;2015;12:30;0;RUA ERICO MOTA;;;467;;Colis?úo Lateral;Luz do Dia;;;Meio de Quadra;;;0;1;0;1;0;0;0;0;0;0;0;0;-3,740295000000000;-38,561984000000000