COD_ACIDENTE;DIA;MES;ANO;HORA;INTERSECAO;LOG1;LOG2;LOG3;NUMERO;REFERENCIA;NATUREZA;ILUMINACAO;TEMPO;SUPERFICIEPISTA;TIPOCRUZAMENTO;CONTROLETRAFEGO;USOSOLO;MORTOS;FERIDOS;ILESOS;AUTOMOVEL;ONIBUS;BICICLETA;CAMINHAO;MICROONIBUS;CICLOMOTOR;MOTOCICLETA;TRACAOANIMAL;TREM;LATITUDE;LONGITUDE
258986;23;3;2015;10:25;0;AV SEN CARLOS JEREISSATI (AEROPORTO);;;0;KM 02;Colis?úo;Luz do Dia;Bom;Seca;Meio de Quadra;;;0;0;2;1;0;0;0;0;0;0;0;0;-3,783932000000000;-38,529156000000000
258987;23;3;2015;15:00;0;RD CE-040;;;0;KM-06;Colis?úo;Luz do Dia;;Seca;Meio de Quadra;;;0;0;3;1;0;0;0;0;0;0;0;0;-3,811270000000000;-38,478781000000000
258988;23;3;2015;16:40;0;RD CE-040;;;0;KM-06;Colis?úo;Luz do Dia;Bom;;Meio de Quadra;;;0;1;1;1;0;0;0;0;0;1;0;0;-3,811270000000000;-38,478781000000000
265687;23;3;2015;00:56;0;RUA RIO GRANDE DO SUL;;;2180;;Colis?úo;;;;Meio de Quadra;;;0;0;2;0;0;0;0;0;0;0;0;0;-3,767050000000000;-38,571900000000000
265688;23;3;2015;10:00;3219;RUA EMILIO DE MENESES;RUA ANSELMO NOGUEIRA;;0;;Colis?úo;Luz do Dia;;;Cruz;Sem?íforo;Comercial;0;0;2;0;0;0;0;0;0;0;0;0;-3,781760000000000;-38,587374000000000
265691;23;3;2015;13:01;1447;RUA EDUARDO GARCIA;AV DES MOREIRA;;0;;Colis?úo;Luz do Dia;;;Cruz;Sem?íforo;Comercial;0;0;2;0;0;0;0;0;0;0;0;0;;
265695;23;3;2015;17:15;0;RUA 06 UI 509;;;0;;Colis?úo;Anoitecer;;;Meio de Quadra;;;0;0;2;0;0;0;0;0;0;0;0;0;;
265696;23;3;2015;23:03;17360;RUA ELVIRA PINHO;RUA ZACARIAS GONDIM;;0;;Colis?úo;;;;Cruz;Pare;Residencial;0;0;2;0;0;0;0;0;0;0;0;0;-3,766122000000000;-38,557766000000000
250662;23;3;2015;07:00;3302;RUA LUIS VIEIRA;AV GAL OSORIO DE PAIVA;;0;;Colis?úo Lateral;Luz do Dia;Chuva;Molhada;Cruz;Sem?íforo Intermitente;Comercial;0;0;2;1;0;0;1;0;0;0;0;0;-3,790879000000000;-38,588616000000000
261466;23;3;2015;10:06;0;AV PRS JUSCELINO KUBITSCHEK (PASSAR?ë);;;0;;Colis?úo;Luz do Dia;;;Meio de Quadra;;;0;1;1;1;0;0;0;0;0;1;0;0;;
261467;23;3;2015;13:19;0;RUA PRO MIRAMAR DA PONTE;;;0;;Colis?úo;Luz do Dia;;;Meio de Quadra;;;0;1;1;1;0;0;0;0;0;1;0;0;;
261452;23;3;2015;12:09;0;AV C CJ JOSE WALTER;;;0;;Colis?úo;Luz do Dia;;;Meio de Quadra;;;0;1;1;1;0;0;0;0;0;1;0;0;;
261464;23;3;2015;08:11;0;AV DR THEBERGE;;;0;;Colis?úo;Luz do Dia;;;Meio de Quadra;;;0;1;1;1;0;1;0;0;0;0;0;0;;
261460;23;3;2015;18:32;0;AV LINEU MACHADO;;;0;;Queda;;;;Meio de Quadra;;;0;1;0;0;0;0;0;0;0;1;0;0;-3,762240000000000;-38,574974000000000
261461;23;3;2015;19:19;0;AV CONTORNO OESTE D71;;;0;;Colis?úo;;;;Meio de Quadra;;;0;1;1;0;0;0;0;0;0;1;0;0;;
261462;23;3;2015;20:48;0;RUA VALDEMAR QUEIROZ;;;0;;Queda;;;;Meio de Quadra;;;0;1;0;0;0;0;0;0;0;1;0;0;;
261444;23;3;2015;10:18;3863;AV 13 DE MAIO;RUA SEN POMPEU;;0;;Colis?úo;Luz do Dia;;;Cruz;N?úo H?í Controle;Residencial;0;1;1;1;0;0;0;0;0;1;0;0;-3,744515000000000;-38,534969000000000
261454;23;3;2015;17:57;503;AV SEN FERNANDES TAVORA;RUA TOMAS CAVALCANTE;;0;;Queda;Anoitecer;;;Outros;Pare;Residencial;0;1;0;0;0;0;0;0;0;1;0;0;-3,755556000000000;-38,595960000000000
260128;23;3;2015;11:59;0;RUA ANTONIO POMPEU;;;0;;Colis?úo;Luz do Dia;;;Meio de Quadra;;;0;0;2;1;0;0;0;0;0;0;0;0;;
260130;23;3;2015;14:52;7742;RUA ESTADO DO RIO;RUA SERGIPE;;0;;Colis?úo;Luz do Dia;;;Cruz;N?úo H?í Controle;Residencial;0;0;2;1;0;0;0;0;0;1;0;0;-3,760059000000000;-38,571883000000000
259974;23;3;2015;01:00;0;AV GAL OSORIO DE PAIVA;;;4477;;Colis?úo;;;;Meio de Quadra;;;1;0;1;1;0;0;0;0;0;1;0;0;-3,797746000000000;-38,595300000000000
260177;23;3;2015;21:55;23698;RUA PLACIDO DE CASTRO;RUA MON AGOSTINHO;;0;;Colis?úo;;;;Cruz;N?úo H?í Controle;Residencial;0;0;2;1;1;0;0;0;0;0;0;0;-3,790354000000000;-38,585695000000000
260174;23;3;2015;18:18;0;AV DUQ CAXIAS;;;0;;Colis?úo;Anoitecer;;;Meio de Quadra;;;0;0;2;1;0;0;0;0;0;0;0;0;;
260179;24;3;2015;08:45;7674;AV JOSE BASTOS;RUA RIO GRANDE DO NORTE;;0;;Colis?úo;Luz do Dia;;;Cruz;Sem?íforo;Comercial;0;1;2;1;0;0;1;0;0;0;0;0;-3,760562000000000;-38,564477000000000
260183;24;3;2015;11:22;5139;RUA SEN ALENCAR;RUA SEN POMPEU;;0;;Colis?úo;Luz do Dia;;;Cruz;Sem?íforo;Comercial;0;0;2;1;0;0;0;0;0;0;0;0;-3,724526000000000;-38,528911000000000
261463;24;3;2015;07:41;12364;AV CARNEIRO DE MENDONCA;RUA GUARANI D35 (JOAO XXIII);;0;;;Luz do Dia;;;Cruz;Pare;Residencial;0;1;1;0;0;0;1;0;0;1;0;0;-3,758759000000000;-38,577321000000000
261469;24;3;2015;20:41;0;AV PASTEUR;;;0;;Atropelamento;;;;Meio de Quadra;;;0;1;1;1;0;0;0;0;0;0;0;0;;
261473;24;3;2015;21:29;0;AV ALBERTO CRAVEIRO;;;0;;Colis?úo;;;;Meio de Quadra;;;0;1;1;1;0;0;0;0;0;1;0;0;;
265699;24;3;2015;12:51;22755;RUA MARIO ALENCAR ARARIPE;RUA WALDEMAR ALCANTARA;;0;;Colis?úo;Luz do Dia;;;Cruz;N?úo H?í Controle;Residencial;0;0;2;0;0;0;0;0;0;0;0;0;-3,799332000000000;-38,477932000000000
258989;24;3;2015;14:15;0;AV SEN CARLOS JEREISSATI (AEROPORTO);;;0;KM 02;Colis?úo;Luz do Dia;;Seca;Meio de Quadra;;;0;1;1;1;0;0;0;0;0;0;0;0;-3,783932000000000;-38,529156000000000
258991;24;3;2015;16:05;0;RD CE-060;;;0;KM-02;Colis?úo;Luz do Dia;Bom;Seca;Meio de Quadra;;;0;0;2;1;0;0;0;0;0;0;0;0;-3,828028000000000;-38,580009000000000
258663;24;3;2015;06:10;0;RD BR 116;;;11000;KM-11;Atropelamento;Luz do Dia;;;Meio de Quadra;;;1;0;2;0;0;0;1;0;0;0;0;0;-3,847160000000000;-38,497176000000000
258664;24;3;2015;05:00;0;RD BR 116;;;7000;KM-07;Choque c/ Obst?ículo Fixo;Amanhecer;Bom;Seca;Meio de Quadra;N?úo H?í Controle;Comercial;0;0;1;1;0;0;0;0;0;0;0;0;-3,813246000000000;-38,501101000000000
258665;24;3;2015;12:30;0;RD BR 116;;;4000;KM-04;Colis?úo Lateral;Luz do Dia;Bom;Seca;Meio de Quadra;N?úo H?í Controle;Comercial;0;0;2;1;0;0;1;0;0;0;0;0;-3,788331000000000;-38,510646000000000
258669;24;3;2015;12:30;0;RD BR 116;;;4000;KM-04;Colis?úo Lateral;Luz do Dia;Bom;Seca;Meio de Quadra;N?úo H?í Controle;Comercial;0;0;2;1;0;0;1;0;0;0;0;0;-3,788331000000000;-38,510646000000000
249894;24;3;2015;19:00;0;AV ABOLICAO;;;2727;;Colis?úo Traseira;Anoitecer;Bom;Seca;Meio de Quadra;N?úo H?í Controle;Residencial;0;0;2;1;0;0;0;0;0;0;0;0;-3,727318000000000;-38,495392000000000
249883;24;3;2015;19:00;14421;RUA PDE ANCHIETA;AV SGT HERMINIO SAMPAIO;;0;;Colis?úo Traseira;Via Iluminada;Bom;Seca;Cruz;Sem?íforo;Comercial;0;0;2;1;0;0;0;1;0;0;0;0;-3,724693000000000;-38,551079000000000
249891;24;3;2015;15:40;10749;AV SEN FERNANDES TAVORA;RUA PRO HERIBALDO COSTA;;0;;Colis?úo Transversal;Luz do Dia;Nublado;Seca;Cruz;Sem?íforo;Comercial;0;0;2;1;0;0;1;0;0;0;0;0;-3,761006000000000;-38,584384000000000
249887;24;3;2015;15:00;20828;RUA PDE GUERRA;RUA JOSE PONTES;;0;;Colis?úo Frontal;Luz do Dia;Bom;Seca;Cruz;Pare;Residencial;0;0;2;1;0;0;0;0;0;0;0;0;-3,741149000000000;-38,568694000000000
249888;24;3;2015;10:30;0;RUA SOUSA GIRAO;;;1010;;Colis?úo Lateral;Luz do Dia;Bom;Seca;Meio de Quadra;N?úo H?í Controle;Residencial;0;0;2;1;0;0;1;0;0;0;0;0;;
249889;24;3;2015;12:15;0;AV CASTELO DE CASTRO;;;1300;;Colis?úo Traseira;Luz do Dia;Nublado;Seca;Meio de Quadra;N?úo H?í Controle;Misto;0;1;1;1;0;0;0;0;0;0;0;0;-3,840808000000000;-38,521771000000000
249876;24;3;2015;20:10;0;AV ALBERTO CRAVEIRO;;;466;;Colis?úo Traseira;Via Iluminada;Bom;Seca;Meio de Quadra;N?úo H?í Controle;Comercial;0;0;3;1;0;0;0;0;0;0;0;0;-3,782812000000000;-38,516560000000000
249869;24;3;2015;09:50;5710;AV OLIVEIRA PAIVA;RUA CON BRAVEZA;;0;;Colis?úo Lateral;Luz do Dia;Nublado;Seca;Cruz;Sem?íforo;Comercial;0;0;2;1;0;0;0;0;0;0;0;0;-3,796485000000000;-38,498448000000000
249870;24;3;2015;07:00;25083;AV JOR THOMAZ COELHO;RUA CEL FRANCISCO ALVES RIBEIRO;;0;;Colis?úo Transversal;;Nublado;Seca;Cruz;Pare;Residencial;0;1;1;1;1;0;0;0;0;0;0;0;-3,829900000000000;-38,509152000000000
249872;24;3;2015;12:00;14672;RUA JOAO REGINO;RUA PRO CARLOS LOBO;;0;;Colis?úo Transversal;Luz do Dia;Nublado;Seca;Cruz;Pare;Residencial;0;0;2;1;0;0;0;0;0;0;0;0;-3,795127000000000;-38,482554000000000
249874;24;3;2015;08:30;0;AV JOSE BASTOS;;;5572;;Colis?úo;Luz do Dia;Nublado;Seca;Meio de Quadra;N?úo H?í Controle;Comercial;0;1;1;0;0;0;1;0;0;1;0;0;-3,760494000000000;-38,564431000000000
249845;24;3;2015;15:18;0;RUA CAIO PRADO;;;61;;Colis?úo Lateral;Luz do Dia;Bom;Seca;Meio de Quadra;Sem?íforo;Comercial;0;0;1;0;1;0;0;0;0;0;0;0;-3,773660000000000;-38,563079000000000
249846;24;3;2015;11:00;7789;RUA SILVA PAULET;RUA JOAQUIM SA;;0;;Colis?úo Lateral;Luz do Dia;Nublado;Seca;Cruz;Pare;Comercial;0;0;2;1;0;0;0;0;0;0;0;0;-3,747785000000000;-38,509741000000000
249847;24;3;2015;16:45;17405;RUA ROMEU MARTINS;RUA ISAIE BORIS;;0;;Colis?úo Transversal;;Bom;Seca;Rotat??ria;Sem?íforo;Comercial;0;0;2;1;0;0;0;0;0;1;0;0;-3,767845000000000;-38,550538000000000
249848;24;3;2015;17:05;12845;RUA SILVA JARDIM;RUA BAR ARATANHA;;0;;Colis?úo Transversal;Luz do Dia;Bom;Seca;Cruz;Pare;Misto;0;0;2;1;0;0;0;0;0;0;0;0;-3,741779000000000;-38,529351000000000
249849;24;3;2015;13:30;1599;AV SEN VIRGILIO TAVORA;RUA VICENTE LINHARES;;0;;Colis?úo Traseira;Luz do Dia;Nublado;Seca;Cruz;Sem?íforo;Misto;0;0;3;1;0;0;0;0;0;0;0;0;-3,743743000000000;-38,495370000000000
249863;24;3;2015;16:37;8001;RUA MACHADO DE ASSIS;RUA ALEXANDRE BARAUNA;;0;;Colis?úo;Luz do Dia;Bom;Seca;Cruz;Pare;Residencial;0;2;0;0;0;0;0;0;0;1;0;0;-3,750339000000000;-38,549095000000000
249864;24;3;2015;09:50;0;RUA SOLON PINHEIRO;;;467;;Colis?úo Lateral;Luz do Dia;Nublado;Seca;Meio de Quadra;N?úo H?í Controle;Comercial;0;0;2;1;0;0;0;0;0;0;0;0;-3,734545000000000;-38,527670000000000
249865;24;3;2015;09:30;0;AV AGUANAMBI;;;570;;Colis?úo Lateral;Luz do Dia;Nublado;Seca;Meio de Quadra;N?úo H?í Controle;Comercial;0;0;2;1;0;0;1;0;0;0;0;0;-3,741823000000000;-38,525959000000000
249866;24;3;2015;07:00;23340;RUA JOAQUIM NABUCO;RUA EDUARDO BEZERRA;;0;;Colis?úo Transversal;Luz do Dia;Bom;Seca;Cruz;Pare;Residencial;0;0;2;1;0;0;0;0;0;0;0;0;-3,753238000000000;-38,507115000000000
249851;24;3;2015;09:00;0;RUA LUIZA MIRANDA COELHO;;;0;;Choque c/ Obst?ículo Fixo;;Nublado;Seca;Meio de Quadra;D?¬ Prefer?¬ncia;Residencial;0;0;1;0;0;0;0;0;0;0;0;0;;
249852;24;3;2015;08:00;0;AV TRISTAO GONCALVES;;;961;;Engavetamento;Luz do Dia;Nublado;Seca;;;;0;0;3;1;1;0;0;0;0;0;0;0;-3,730141000000000;-38,534116000000000
249853;24;3;2015;19:20;0;RUA LIVINO DE CARVALHO;;;0;;Colis?úo Lateral;Via Iluminada;Bom;Seca;Meio de Quadra;Pare;Residencial;0;0;2;1;0;0;0;0;0;0;0;0;;
249854;24;3;2015;15:20;0;AV ALBERTO CRAVEIRO;;;2770;CASTELAO;Colis?úo Lateral;Luz do Dia;Bom;Seca;Meio de Quadra;N?úo H?í Controle;Residencial;0;1;1;1;0;0;1;0;0;0;0;0;-3,805335000000000;-38,523255000000000
249855;24;3;2015;09:00;0;AV VIS RIO BRANCO;;;3963;;Colis?úo Traseira;Luz do Dia;Nublado;Seca;Meio de Quadra;N?úo H?í Controle;Comercial;0;0;2;1;1;0;0;0;0;0;0;0;;
249841;24;3;2015;18:20;0;AV DOM MANUEL;;;67;;Colis?úo Traseira;Via Iluminada;Bom;Seca;Meio de Quadra;N?úo H?í Controle;Comercial;0;0;2;1;0;0;0;0;0;1;0;0;-3,724798000000000;-38,519971000000000
249842;24;3;2015;15:57;1273;AV SANTOS DUMONT;RUA DR JOSE LOURENCO;;0;;Colis?úo Transversal;Luz do Dia;Nublado;Seca;Cruz;Pare;Comercial;0;0;2;0;0;0;0;0;0;0;0;0;-3,733299000000000;-38,507380000000000
249843;24;3;2015;08:00;0;AV FILOMENO GOMES;;;708;;Colis?úo Lateral;Luz do Dia;Nublado;Seca;Meio de Quadra;N?úo H?í Controle;Comercial;0;1;1;1;0;0;0;0;0;0;0;0;-3,721098000000000;-38,541260000000000
249836;24;3;2015;21:30;5472;RUA ANTONIO POMPEU;RUA JAIME BENEVOLO;;0;;Colis?úo Transversal;Via Iluminada;Bom;Seca;Cruz;Sem?íforo;Residencial;0;1;1;1;0;0;0;0;0;0;0;0;-3,736033000000000;-38,526664000000000
249837;24;3;2015;19:40;8955;AV BEZERRA DE MENEZES;RUA DOM JERONIMO D06;;0;;Colis?úo Transversal;;;;Cruz;N?úo H?í Controle;Comercial;0;0;2;1;0;0;0;0;0;0;0;0;-3,731375000000000;-38,543817000000000
249838;24;3;2015;16:00;17479;RUA TEREZA HINKO;RUA SEN MACHADO D48;;0;;Colis?úo Lateral;Luz do Dia;Bom;Seca;Cruz;Pare;Residencial;0;1;1;0;0;0;0;0;0;1;0;0;-3,724539000000000;-38,484407000000000
249839;24;3;2015;13:10;0;AV ANTONIO SALES;;;438;;Colis?úo Lateral;Luz do Dia;Nublado;Seca;Meio de Quadra;N?úo H?í Controle;Residencial;0;0;2;1;0;0;0;0;0;0;0;0;-3,740718000000000;-38,517635000000000
249856;25;3;2015;17:00;5356;AV DUQ CAXIAS;RUA GAL SAMPAIO;;0;;Colis?úo Transversal;Anoitecer;Bom;Seca;Cruz;Sem?íforo;Comercial;0;1;2;0;1;0;0;0;0;1;0;0;-3,731096000000000;-38,532029000000000
249857;25;3;2015;07:30;15298;RUA ANA BILHAR;RUA BARBOSA DE FREITAS;;0;;Colis?úo Transversal;Luz do Dia;Chuva;Molhada;Cruz;Pare;Residencial;0;0;2;0;0;0;0;0;0;0;0;0;-3,729646000000000;-38,495143000000000
249858;25;3;2015;17:20;0;RUA JOAQUIM MAGALHAES;;;1384;;Colis?úo Transversal;Anoitecer;Bom;Seca;;;;0;1;1;1;0;0;0;0;0;0;0;0;-3,740493000000000;-38,526324000000000
249859;25;3;2015;07:20;0;RUA DR JOSE ROBERTO SALES;;;0;;Colis?úo Transversal;Luz do Dia;Bom;Seca;Meio de Quadra;N?úo H?í Controle;Residencial;0;0;2;1;0;0;0;0;0;0;0;0;;
249860;25;3;2015;14:15;0;AV DUQ CAXIAS;;;1529;;Colis?úo Lateral;Luz do Dia;Nublado;Seca;Meio de Quadra;N?úo H?í Controle;Comercial;0;1;1;1;1;0;0;0;0;0;0;0;-3,729239000000000;-38,537767000000000
249861;25;3;2015;10:40;5437;RUA FLORIANO PEIXOTO;RUA METON DE ALENCAR;;0;;Colis?úo Transversal;Luz do Dia;Bom;Seca;Cruz;Pare;Comercial;0;2;1;1;0;0;0;0;0;1;0;0;-3,734071000000000;-38,529358000000000
249862;25;3;2015;15:00;0;AV CARNEIRO DE MENDONCA;;;1188;;Colis?úo Traseira;Luz do Dia;Bom;Seca;Meio de Quadra;Sem?íforo;Comercial;0;0;2;1;0;0;0;0;0;0;0;0;-3,762605000000000;-38,569583000000000
250058;25;3;2015;05:00;0;AV MIGUEL DIAS;;;372;;Choque c/ Obst?ículo Fixo;Amanhecer;Bom;Seca;Meio de Quadra;N?úo H?í Controle;Residencial;1;0;0;1;0;0;0;0;0;0;0;0;-3,760338000000000;-38,488056000000000
250060;25;3;2015;15:45;0;AV BEIRA MAR;;;2120;;Colis?úo Traseira;;Bom;Seca;Meio de Quadra;N?úo H?í Controle;Residencial;0;0;2;1;0;0;0;0;0;0;0;0;-3,724488000000000;-38,501531000000000
250064;25;3;2015;21:20;0;AV PRO GOMES DE MATOS;;;550;;Colis?úo;Via Iluminada;Bom;Seca;;;;0;0;2;1;0;0;0;0;0;0;0;0;-3,758560000000000;-38,543388000000000
258702;25;3;2015;18:20;0;RD BR 222;;;0;KM-02;Colis?úo Traseira;Anoitecer;Bom;Seca;Meio de Quadra;N?úo H?í Controle;Comercial;0;1;1;0;0;0;0;0;0;0;0;0;-3,738951000000000;-38,586880000000000
258994;25;3;2015;03:20;0;RD CE-040;;;0;KM-11;Colis?úo;;Bom;Seca;Meio de Quadra;;;0;0;2;1;0;0;0;0;0;0;0;0;-3,844873000000000;-38,480252000000000
265701;25;3;2015;11:05;15538;AV FRE CIRILO;RUA ALVES RIBEIRO;;0;;Colis?úo;Luz do Dia;;;T;N?úo H?í Controle;Comercial;0;0;2;0;0;0;0;0;0;0;0;0;-3,820819000000000;-38,495888000000000
265704;25;3;2015;11:13;25711;AV CEL CARVALHO;RUA RIO PARNAIBA;;0;;Colis?úo;Luz do Dia;;;Duplo T;N?úo H?í Controle;Comercial;0;0;2;0;0;0;0;0;0;0;0;0;-3,707361000000000;-38,590527000000000
265706;25;3;2015;11:13;0;AV ZEZE DIOGO;;;3060;;Colis?úo;Luz do Dia;;;Meio de Quadra;;;0;0;2;0;0;0;0;0;0;0;0;0;-3,732973000000000;-38,456809000000000
265709;25;3;2015;14:38;25445;RUA NELSON COELHO;AV PRO JOSE ARTHUR CARVALHO;;0;;Colis?úo;Luz do Dia;;;Cruz;N?úo H?í Controle;Residencial;0;0;2;0;0;0;0;0;0;0;0;0;-3,826139000000000;-38,464629000000000
265711;25;3;2015;16:39;0;RUA TEODORICO BARROSO;;;0;;Atropelamento;Luz do Dia;;;Meio de Quadra;;;0;0;2;0;0;0;0;0;0;0;0;0;;
265713;25;3;2015;21:37;25824;AV MIN JOSE AMERICO;RUA NENEN G BARREIRA;;0;;Colis?úo;;;;Cruz;Pare;Comercial;0;0;2;0;0;0;0;0;0;0;0;0;-3,811682000000000;-38,481079000000000
265715;25;3;2015;21:56;0;RUA ROSALVO QUINDERE;;;691;;Colis?úo;;;;Meio de Quadra;;;0;0;2;0;0;0;0;0;0;0;0;0;;
265716;25;3;2015;21:58;20001;RUA ITAREMA;RUA DES OTACILIO PEIXOTO;;0;;Colis?úo;;;;Cruz;Pare;Misto;0;0;2;0;0;0;0;0;0;0;0;0;-3,800241000000000;-38,534723000000000
265717;25;3;2015;21:59;0;AV PRS CASTELO BRANCO;;;85;;Colis?úo;;;;Meio de Quadra;;;0;0;2;0;0;0;0;0;0;0;0;0;;
261474;25;3;2015;01:56;0;AV SGT HERMINIO SAMPAIO;;;0;;Queda;;;;Meio de Quadra;;;0;1;0;0;0;0;0;0;0;1;0;0;-3,725590000000000;-38,556218000000000
261475;25;3;2015;03:17;0;RUA NAT FEIJO;;;0;;Queda;;;;Meio de Quadra;;;0;1;0;0;0;0;0;0;0;1;0;0;;
261476;25;3;2015;07:45;0;RUA ANDRE REBOUCAS;;;0;;Colis?úo;Luz do Dia;;;Meio de Quadra;;;0;1;1;1;0;0;0;0;0;1;0;0;-3,774158000000000;-38,588807000000000
261477;25;3;2015;10:58;0;RUA SEN ROBERT KENNEDY;;;0;;Atropelamento;Luz do Dia;;;Meio de Quadra;;;0;1;1;0;0;0;0;0;0;0;0;0;-3,702213000000000;-38,578138000000000
261493;25;3;2015;17:40;0;RUA ALVARO GARRIDO;;;0;;Queda;Anoitecer;;;Meio de Quadra;;;0;1;0;0;0;0;0;0;0;1;0;0;;
261494;25;3;2015;19:29;0;RUA DOM PEDRO II;;;0;;Queda;;;;Meio de Quadra;;;0;1;0;0;0;1;0;0;0;0;0;0;;
261495;25;3;2015;20:56;0;RUA DEP MATOSO FILHO;;;0;;Colis?úo;;;;Meio de Quadra;;;0;1;1;0;0;0;0;0;0;1;0;0;-3,732279000000000;-38,590055000000000
261511;25;3;2015;06:40;0;RUA OSCAR FRANCA;;;0;;Colis?úo;Luz do Dia;;;Meio de Quadra;;;0;1;0;0;0;0;0;0;0;0;0;0;;
261512;25;3;2015;07:29;0;RUA TAB JOAQUIM COELHO;;;0;;Capotamento;Luz do Dia;;;Meio de Quadra;;;0;1;0;0;0;0;0;0;0;0;0;0;;
261507;25;3;2015;22:57;0;RUA ERICO MOTA;;;0;;Colis?úo;;;;Meio de Quadra;;;0;1;0;0;0;0;0;0;0;0;0;0;;
261508;25;3;2015;23:10;0;AV HIS RAIMUNDO GIRAO;;;0;;Colis?úo;;;;Meio de Quadra;;;0;1;0;0;0;0;0;0;0;0;0;0;;
261509;25;3;2015;23:43;0;AV SEN VIRGILIO TAVORA;;;0;;Atropelamento;;;;Meio de Quadra;;;0;1;1;0;0;0;0;0;0;1;0;0;;
261481;25;3;2015;12:59;0;AV MAE LISBOA;;;0;;Colis?úo;Luz do Dia;;;Meio de Quadra;;;0;1;1;1;0;0;0;0;0;1;0;0;;
261479;25;3;2015;12:21;2431;RUA JERONIMO ALBUQUERQUE;RUA ESTEVAO DE CAMPOS;;0;;Colis?úo;Luz do Dia;;;Cruz;Pare;Misto;0;1;1;1;0;0;0;0;0;1;0;0;-3,706713000000000;-38,576292000000000
261489;25;3;2015;13:55;0;AV DOS EXPEDICIONARIOS;;;0;;Colis?úo;Luz do Dia;;;Meio de Quadra;;;0;1;1;1;0;0;0;0;0;1;0;0;;
261490;25;3;2015;16:43;0;AV DUQ CAXIAS;;;0;;Colis?úo;Luz do Dia;;;Meio de Quadra;;;0;1;1;0;0;0;0;0;0;1;0;0;-3,731120000000000;-38,531951000000000
261491;25;3;2015;05:38;0;RUA MARIO DE ANDRADE;;;0;;Colis?úo;Amanhecer;;;Meio de Quadra;;;0;1;1;1;0;0;0;0;0;1;0;0;-3,752460000000000;-38,560188000000000
260191;25;3;2015;09:27;26201;RUA SILVINHA TELES D69;AV CASTELO DE CASTRO;;0;;Colis?úo;Luz do Dia;;;T;Pare;Residencial;0;0;2;1;1;0;0;0;0;0;0;0;-3,851204000000000;-38,523297000000000
260194;26;3;2015;09:52;0;AV 13 DE MAIO;;;0;;Colis?úo;Luz do Dia;;;Meio de Quadra;;;0;0;2;1;1;0;0;0;0;0;0;0;;
261510;26;3;2015;02:34;0;TR SAO FRANCISCO D21;;;0;;Queda;;;;Meio de Quadra;;;0;1;0;0;0;0;0;0;0;1;0;0;;
261516;26;3;2015;07:34;0;AV PRS COSTA E SILVA;;;0;;Colis?úo;Luz do Dia;;;Meio de Quadra;;;0;1;1;0;0;0;0;0;0;1;0;0;-3,819256000000000;-38,562232000000000
261533;26;3;2015;18:41;0;RUA CAMELIA;;;378;;Colis?úo;Anoitecer;;;Meio de Quadra;;;0;1;0;0;0;0;0;0;0;0;0;0;-3,708599000000000;-38,564818000000000
261527;26;3;2015;16:39;0;AV ALBERTO CRAVEIRO;;;0;;Colis?úo;Luz do Dia;;;Meio de Quadra;;;0;1;1;1;0;0;0;0;0;1;0;0;-3,782812000000000;-38,516560000000000
261529;26;3;2015;17:50;0;RUA OSVALDO CRUZ;;;0;;Colis?úo;Anoitecer;;;Meio de Quadra;;;0;1;1;1;0;0;0;0;0;1;0;0;;
261522;26;3;2015;11:21;0;RUA JOAQUIM LEITAO;;;0;;Colis?úo;Luz do Dia;;;Meio de Quadra;;;0;1;1;1;0;0;0;0;0;1;0;0;;
261523;26;3;2015;12:15;0;AV JOR THOMAZ COELHO;;;0;;Colis?úo;Luz do Dia;;;Meio de Quadra;;;0;1;1;0;0;0;0;0;0;1;0;0;-3,832385000000000;-38,500136000000000
261524;26;3;2015;12:23;0;AV GODOFREDO MACIEL;;;0;;Queda;Luz do Dia;;;Meio de Quadra;;;0;1;0;0;0;0;0;0;0;1;0;0;;
261525;26;3;2015;14:10;21602;RUA STA LIDUINA D42;RUA CON DE CASTRO;;0;;Colis?úo;Luz do Dia;;;;;;0;1;1;1;0;0;0;0;0;1;0;0;-3,797482000000000;-38,584986000000000
261520;26;3;2015;07:44;0;AV GODOFREDO MACIEL;;;0;;Queda;Luz do Dia;;;Meio de Quadra;;;0;1;0;0;0;0;0;0;0;1;0;0;;
261544;26;3;2015;13:00;0;AV 13 DE MAIO;;;0;;;;;;Meio de Quadra;;;0;1;1;1;0;0;0;0;0;1;0;0;;
261539;26;3;2015;19:33;0;AV PRS CASTELO BRANCO;;;0;;Colis?úo;;;;Meio de Quadra;;;0;1;0;0;0;0;0;0;0;0;0;0;;
261536;26;3;2015;18:38;0;AV GAL OSORIO DE PAIVA;;;0;;Atropelamento;;;;Meio de Quadra;;;0;1;1;0;0;0;0;0;0;1;0;0;;
250590;26;3;2015;19:30;0;AV 13 DE MAIO;;;1025;;Colis?úo Traseira;Via Iluminada;Bom;Seca;Meio de Quadra;;Comercial;0;0;2;1;0;0;0;0;0;0;0;0;-3,750109000000000;-38,528411000000000
265724;26;3;2015;08:03;0;RUA ENG JAIME ROLEMBERG;;;334;;Colis?úo;Luz do Dia;;;Meio de Quadra;;;0;0;2;0;0;0;0;0;0;0;0;0;;
265725;26;3;2015;08:48;0;RUA MALMEQUER;;;660;;Colis?úo;Luz do Dia;;;Meio de Quadra;;;0;0;2;0;0;0;0;0;0;0;0;0;-3,792741000000000;-38,539165000000000