COD_ACIDENTE;DIA;MES;ANO;HORA;INTERSECAO;LOG1;LOG2;LOG3;NUMERO;REFERENCIA;NATUREZA;ILUMINACAO;TEMPO;SUPERFICIEPISTA;TIPOCRUZAMENTO;CONTROLETRAFEGO;USOSOLO;MORTOS;FERIDOS;ILESOS;AUTOMOVEL;ONIBUS;BICICLETA;CAMINHAO;MICROONIBUS;CICLOMOTOR;MOTOCICLETA;TRACAOANIMAL;TREM;LATITUDE;LONGITUDE
265726;26;3;2015;10:33;15293;RUA TEN BENEVOLO;AV BAR STUDART;;0;;Colis?úo;Luz do Dia;;;Cruz;Sem?íforo;Comercial;0;0;2;0;0;0;0;0;0;0;0;0;-3,729390000000000;-38,504908000000000
265727;26;3;2015;10:34;0;RUA CRISTAIS PAULISTA;;;0;;Colis?úo;Luz do Dia;;;Meio de Quadra;;;0;0;2;0;0;0;0;0;0;0;0;0;;
265728;26;3;2015;10:40;0;RUA DOM CARLOTO TAVORA;;;209;;Colis?úo;Luz do Dia;;;Meio de Quadra;;;0;0;2;0;0;0;0;0;0;0;0;0;-3,769190000000000;-38,558080000000000
265730;26;3;2015;10:53;5081;RUA CASTRO E SILVA;RUA VINTE E QUATRO DE MAIO;;0;;Colis?úo;Luz do Dia;;;Cruz;Sem?íforo;Comercial;0;0;2;0;0;0;0;0;0;0;0;0;-3,722746000000000;-38,530653000000000
265732;26;3;2015;15:36;24300;RUA MERUOCA;AV ANTONIO JUSTA;;0;;Colis?úo;Luz do Dia;;;Cruz;Pare;Residencial;0;0;2;0;0;0;0;0;0;0;0;0;-3,731422000000000;-38,482937000000000
265734;26;3;2015;17:55;12557;RUA GEORGE CAVALCANTE;RUA CARLOS WALRAVEN;;0;;Colis?úo;Anoitecer;;;Cruz;Pare;Residencial;0;0;2;0;0;0;0;0;0;0;0;0;-3,719866000000000;-38,591740000000000
265737;26;3;2015;19:27;9470;RUA MARIA CLARA;RUA RIO TOCANTINS;;0;;Colis?úo;;;;Cruz;Pare;Residencial;0;0;2;0;0;0;0;0;0;0;0;0;-3,725805000000000;-38,581412000000000
265739;26;3;2015;21:45;0;AV GODOFREDO MACIEL;;;720;;Colis?úo;;;;Meio de Quadra;;;0;0;2;0;0;0;0;0;0;0;0;0;-3,782642000000000;-38,565647000000000
258997;26;3;2015;07:15;0;RD CE-040;;;0;KM-02;Colis?úo;Luz do Dia;Bom;Seca;Meio de Quadra;;;0;0;4;1;0;0;0;0;0;0;0;0;-3,776479000000000;-38,481598000000000
258673;26;3;2015;07:30;0;RD BR 116;;;3000;KM-03;Colis?úo Lateral;Luz do Dia;Bom;Seca;Meio de Quadra;N?úo H?í Controle;Comercial;0;0;2;1;0;0;0;0;0;0;0;0;-3,779838000000000;-38,514372000000000
258674;26;3;2015;10:40;0;RD BR 116;;;5000;KM-05;Choque c/ Obst?ículo Fixo;Luz do Dia;Bom;Seca;Meio de Quadra;N?úo H?í Controle;Comercial;0;1;0;0;0;0;1;0;0;0;0;0;-3,796502000000000;-38,506787000000000
250065;26;3;2015;11:00;7751;RUA ESTADO DO RIO;RUA CEARA;;0;;Colis?úo Lateral;Luz do Dia;Bom;Seca;Cruz;Pare;Comercial;0;1;1;1;0;0;0;0;0;1;0;0;-3,756475000000000;-38,569606000000000
250066;26;3;2015;06:45;0;AV DEP PAULINO ROCHA;;;0;;Colis?úo Lateral;Luz do Dia;Bom;Seca;Meio de Quadra;Pare;Comercial;0;0;2;1;0;0;1;0;0;0;0;0;;
250067;26;3;2015;15:00;7496;RUA PEDRO DANTAS;RUA JOAO FONSECA;;0;;Colis?úo Frontal;Luz do Dia;Bom;Seca;Cruz;Pare;Comercial;0;0;2;1;0;0;0;0;0;0;0;0;-3,785733000000000;-38,522903000000000
250068;26;3;2015;16:30;4648;RUA CIRO MONTEIRO;RUA CRISANTO M DA ROCHA;;0;;Colis?úo Transversal;Luz do Dia;Bom;Seca;Cruz;Pare;Residencial;0;1;1;1;0;0;0;0;0;0;0;0;-3,802372000000000;-38,481540000000000
250069;26;3;2015;19:00;15538;RUA ALVES RIBEIRO;AV FRE CIRILO;;0;;Colis?úo Transversal;Via Iluminada;Bom;Seca;T;N?úo H?í Controle;Comercial;0;0;2;1;0;0;0;0;0;0;0;0;-3,820819000000000;-38,495888000000000
250070;26;3;2015;18:00;1305;RUA OSVALDO CRUZ (ALDEOTA);RUA MARIA TOMASIA;;0;;Colis?úo Lateral;Anoitecer;Bom;Seca;Cruz;Pare;Comercial;0;1;1;1;0;0;0;0;0;1;0;0;-3,734580000000000;-38,499989000000000
250071;26;3;2015;20:00;0;AV RUI BARBOSA;;;443;;Colis?úo Lateral;Via Iluminada;Bom;Seca;Meio de Quadra;;Residencial;0;0;2;1;0;0;0;0;0;0;0;0;;
250072;26;3;2015;06:51;0;RUA OSCAR FRANCA;;;3091;;Atropelamento;Luz do Dia;Bom;Seca;Meio de Quadra;Outros;Residencial;0;1;1;0;1;0;0;0;0;0;0;0;-3,785887000000000;-38,618493000000000
250062;26;3;2015;17:30;0;RUA COSME JERONIMO;;;1480;;Choque c/ Obst?ículo Fixo;Anoitecer;Bom;Seca;Meio de Quadra;N?úo H?í Controle;Residencial;0;0;1;1;0;0;0;0;0;0;0;0;;
250063;26;3;2015;09:30;24646;AV MOZART PINHEIRO DE LUCENA;AV C CJ NOVA ASSUNCAO;;0;;Colis?úo Lateral;Luz do Dia;Bom;Seca;Cruz;Pare;Residencial;0;1;1;1;0;0;0;0;0;1;0;0;-3,713326000000000;-38,594268000000000
250056;26;3;2015;09:00;0;RUA NOGUEIRA ACIOLI;;;1400;;Colis?úo Traseira;Luz do Dia;Bom;Seca;Meio de Quadra;Outros;Residencial;0;0;2;1;0;0;0;0;0;0;0;0;-3,735456000000000;-38,518717000000000
250040;26;3;2015;13:25;5045;RUA SAO PAULO;AV FILOMENO GOMES;;0;;Colis?úo Transversal;Luz do Dia;Bom;Seca;Cruz;Sem?íforo;Residencial;0;1;1;1;0;0;0;0;0;1;0;0;-3,721539000000000;-38,541200000000000
250052;26;3;2015;17:00;3844;RUA ADOLFO HERBSTER;RUA JOAO GENTIL;;0;;Colis?úo Transversal;Via Iluminada;Bom;Seca;Cruz;Pare;Residencial;0;0;2;1;0;0;0;0;0;1;0;0;-3,745475000000000;-38,539577000000000
250054;26;3;2015;08:05;0;AV DOMINGOS OLIMPIO;;;0;;Colis?úo Lateral;Luz do Dia;Bom;Seca;Meio de Quadra;Outros;Residencial;0;0;2;1;0;0;0;0;0;0;0;0;;
249978;26;3;2015;13:40;0;AV DR SILAS MUNGUBA;;;4241;;Engavetamento;Luz do Dia;Bom;Seca;Meio de Quadra;Sem?íforo;Residencial;0;0;3;1;0;0;0;0;0;0;0;0;-3,791270000000000;-38,537743000000000
249984;26;3;2015;14:15;3856;AV DA UNIVERSIDADE;RUA PDE FRANCISCO PINTO;;0;;Colis?úo Lateral;Luz do Dia;Bom;Seca;Cruz;Sem?íforo;Comercial;0;0;2;1;1;0;0;0;0;0;0;0;-3,742799000000000;-38,540777000000000
249955;26;3;2015;16:00;7668;RUA MATO GROSSO;RUA ALAGOAS;;0;;Colis?úo Transversal;Luz do Dia;Bom;Seca;Cruz;Pare;;0;0;2;1;0;0;0;0;0;0;0;0;-3,761919000000000;-38,567139000000000
249992;26;3;2015;15:30;5348;RUA METON DE ALENCAR;RUA PDE MORORO;;0;;Colis?úo Transversal;Luz do Dia;Bom;Seca;T;N?úo H?í Controle;Comercial;0;0;2;1;0;0;0;0;0;0;0;0;-3,730892000000000;-38,539143000000000
249988;26;3;2015;08:30;1463;RUA ILDEFONSO ALBANO;RUA ROCHA LIMA;;0;;Colis?úo Transversal;Luz do Dia;Bom;Seca;Cruz;N?úo H?í Controle;Misto;0;0;2;1;0;0;0;0;0;0;0;0;-3,738687000000000;-38,515157000000000
249989;26;3;2015;10:20;7694;RUA RIO GRANDE DO SUL;RUA RIO GRANDE DO NORTE;;0;;Colis?úo Transversal;Luz do Dia;Bom;Seca;Cruz;Pare;Comercial;0;1;1;1;0;0;0;0;0;1;0;0;-3,758617000000000;-38,567559000000000
249873;26;3;2015;18:40;0;AV LUCIANO CARNEIRO;;;605;MOTEL ASSAHI;Colis?úo Traseira;Via Iluminada;Bom;Seca;Meio de Quadra;N?úo H?í Controle;Misto;0;1;2;1;0;0;0;0;0;1;0;0;-3,752354000000000;-38,532834000000000
249879;26;3;2015;15:35;5092;AV IMPERADOR;RUA SEN ALENCAR;;0;;Colis?úo Transversal;Luz do Dia;Bom;Seca;Cruz;Sem?íforo;Comercial;0;0;2;0;0;0;0;0;0;0;0;0;-3,723171000000000;-38,533258000000000
249885;26;3;2015;17:30;13002;AV A CJ JOSE WALTER;AV J CJ JOSE WALTER;;0;;Colis?úo Lateral;Anoitecer;Bom;Seca;Cruz;Pare;Misto;0;1;1;1;0;0;0;0;0;0;0;0;-3,824958000000000;-38,553814000000000
249882;26;3;2015;07:20;22700;RUA ELISEU ORIA;RUA TAB JOAQUIM COELHO;;0;;Colis?úo Transversal;Luz do Dia;Bom;Seca;Cruz;Pare;Residencial;0;2;0;1;0;0;0;0;0;0;0;0;-3,796763000000000;-38,477309000000000
249890;26;3;2015;16:00;15347;AV DOM LUIS;RUA TIBURCIO CAVALCANTE;;0;;Colis?úo Lateral;Luz do Dia;Bom;Seca;T;Sem?íforo;Misto;0;0;2;0;1;0;0;0;0;0;0;0;-3,732021000000000;-38,501313000000000
249893;26;3;2015;20:05;9154;AV 13 DE MAIO;RUA DOM SEBASTIAO LEME;;0;;Colis?úo Lateral;Via Iluminada;Bom;Seca;Y;N?úo H?í Controle;Comercial;0;1;1;1;0;0;0;0;0;1;0;0;-3,752832000000000;-38,525221000000000
249946;26;3;2015;11:05;0;RUA JOSE VILAR;;;300;;Colis?úo Lateral;Luz do Dia;Bom;Seca;;;;0;0;2;1;0;0;1;0;0;0;0;0;-3,727754000000000;-38,502089000000000
249952;26;3;2015;06:30;0;AV GAL OSORIO DE PAIVA;;;1372;;Colis?úo Traseira;Luz do Dia;Bom;Seca;Meio de Quadra;Sem?íforo Manual;Comercial;0;4;0;0;0;0;0;0;0;1;0;0;-3,780117000000000;-38,573660000000000
249932;26;3;2015;19:00;1696;RUA CAP ARAGAO;RUA ASP MENDES;;0;;Colis?úo Transversal;Via Iluminada;Bom;Seca;Cruz;Pare;Residencial;0;1;1;1;0;0;0;0;0;1;0;0;-3,765175000000000;-38,514843000000000
249933;26;3;2015;13:40;5382;RUA PINTO MADEIRA;RUA J DA PENHA;;0;;Colis?úo Transversal;Luz do Dia;Bom;Seca;Cruz;Pare;Residencial;0;0;2;1;0;0;0;0;0;0;0;0;-3,731966000000000;-38,518623000000000
249949;26;3;2015;18:30;0;AV PRS COSTA E SILVA;;;1950;;Colis?úo Traseira;Anoitecer;Bom;Seca;Meio de Quadra;Outros;Misto;0;1;1;0;1;0;0;0;0;1;0;0;-3,818277000000000;-38,564268000000000
249936;26;3;2015;;13409;RUA JOAO BRIGIDO;RUA MON BRUNO;;0;;Colis?úo Transversal;;Bom;Seca;Cruz;Pare;Residencial;0;0;2;1;0;0;0;0;0;0;0;0;-3,741670000000000;-38,512432000000000
249937;27;3;2015;08:00;13231;AV JOAO DE ARAUJO LIMA;RUA MIGUEL PEREIRA;;0;;Colis?úo Lateral;Luz do Dia;Bom;Seca;T;Outros;Misto;0;0;2;1;0;0;0;0;0;0;0;0;-3,835252000000000;-38,561085000000000
249938;27;3;2015;05:00;3771;AV DOMINGOS OLIMPIO;AV DA UNIVERSIDADE;;0;;Colis?úo Lateral;Luz do Dia;Bom;Seca;Cruz;Sem?íforo;Comercial;0;0;2;1;0;0;0;1;0;0;0;0;-3,735594000000000;-38,534216000000000
249916;27;3;2015;08:30;20229;RUA MENOR JERONIMO;AV SAUDADE D68;;0;;Colis?úo Lateral;Luz do Dia;Bom;Seca;T;Pare;Comercial;0;0;2;1;0;0;0;0;0;0;0;0;-3,814498000000000;-38,534413000000000
249917;27;3;2015;08:30;15170;AV ABOLICAO;RUA JOSE VILAR;;0;;Colis?úo Lateral;Luz do Dia;Nublado;Seca;Cruz;Pare;Residencial;0;0;2;0;0;0;1;0;0;0;0;0;-3,725435000000000;-38,501373000000000
249918;27;3;2015;15:00;12871;RUA BAR ARATANHA;RUA JOAQUIM MAGALHAES;;0;;Colis?úo Transversal;Luz do Dia;Bom;Seca;Cruz;Pare;Residencial;0;0;2;1;0;0;0;0;0;0;0;0;-3,739716000000000;-38,528666000000000
249922;27;3;2015;18:30;12685;AV CEL CARVALHO;AV DA INDEPENDENCIA;;0;;Colis?úo Traseira;Via Iluminada;Bom;Seca;Cruz;Sem?íforo;Residencial;0;1;1;1;0;0;1;0;0;0;0;0;-3,728711000000000;-38,584952000000000
249923;27;3;2015;14:30;1351;RUA DES LEITE ALBUQUERQUE;RUA TIBURCIO CAVALCANTE;;0;;Colis?úo Lateral;Luz do Dia;Bom;Seca;Cruz;Pare;Residencial;0;0;2;1;0;0;0;0;0;0;0;0;-3,735956000000000;-38,502587000000000
249924;27;3;2015;12:15;24441;AV LUCIANO CARNEIRO;RUA RAUL CABRAL;;0;;Colis?úo Transversal;Luz do Dia;Bom;Seca;Cruz;Pare;Residencial;0;1;1;1;0;0;0;0;0;1;0;0;-3,770842000000000;-38,538495000000000
249925;27;3;2015;14:50;0;AV AGUANAMBI;;;68;;Colis?úo Lateral;Luz do Dia;Bom;Seca;Meio de Quadra;N?úo H?í Controle;Comercial;0;0;2;1;0;0;0;0;0;0;0;0;-3,737691000000000;-38,524250000000000
249926;27;3;2015;23:30;15694;RUA GUILHERME PESSOA;RUA DUARTE DA COSTA;;0;;Colis?úo Transversal;Via Iluminada;Bom;Seca;Cruz;Pare;Residencial;0;1;1;0;0;0;0;0;0;1;0;0;-3,827264000000000;-38,486663000000000
249927;27;3;2015;12:50;2758;RUA OSCAR FRANCA;RUA MARIA JULIA;;0;;Colis?úo Transversal;Luz do Dia;Nublado;Seca;Cruz;Pare;Residencial;0;1;1;0;0;0;0;0;0;1;0;0;-3,791890000000000;-38,599725000000000
249928;27;3;2015;15:30;0;RUA VIRGILIO NOGUEIRA PAES;;;291;;Atropelamento;Luz do Dia;Bom;Seca;Meio de Quadra;N?úo H?í Controle;Residencial;0;2;0;0;0;0;0;0;0;1;0;0;-3,785683000000000;-38,607737000000000
249929;27;3;2015;15:20;12863;AV DOMINGOS OLIMPIO;RUA FLORIANO PEIXOTO;;0;;Colis?úo Transversal;Luz do Dia;Bom;Seca;Cruz;N?úo H?í Controle;Residencial;0;0;2;0;0;0;0;0;0;0;0;0;-3,736976000000000;-38,530313000000000
249930;27;3;2015;16:30;0;AV DOMINGOS OLIMPIO;;;1607;;Colis?úo Traseira;Luz do Dia;Bom;Seca;Meio de Quadra;N?úo H?í Controle;Residencial;0;1;1;1;0;0;0;0;0;1;0;0;;
249931;27;3;2015;16:15;1483;AV SANTOS DUMONT;RUA FREDERICO BORGES;;0;;Colis?úo Traseira;Luz do Dia;Bom;Seca;T;N?úo H?í Controle;Comercial;0;0;2;1;0;0;0;0;0;0;0;0;-3,739244000000000;-38,488992000000000
249914;27;3;2015;14:15;0;AV DOMINGOS OLIMPIO;;;845;COL. LOUREN?çO FILHO;Colis?úo Traseira;;Bom;Seca;Meio de Quadra;;Misto;0;0;3;1;0;0;0;0;0;0;0;0;-3,736641000000000;-38,531314000000000
249911;27;3;2015;06:50;0;AV ANTONIO SALES;;;1453;;Engavetamento;Luz do Dia;Bom;Seca;Meio de Quadra;N?úo H?í Controle;Comercial;0;0;3;1;0;0;0;0;0;0;0;0;-3,742852000000000;-38,510778000000000
249909;27;3;2015;09:15;25070;RUA ALM RUFINO;AV DOS EXPEDICIONARIOS;;0;;Colis?úo Lateral;Luz do Dia;Bom;Seca;Cruz;Sem?íforo Intermitente;Comercial;0;0;2;1;0;0;0;0;0;0;0;0;-3,765289000000000;-38,541286000000000
249907;27;3;2015;19:00;0;AV SANTOS DUMONT;;;6995;;Colis?úo Lateral;Via Iluminada;Bom;Seca;Meio de Quadra;N?úo H?í Controle;Misto;0;1;1;1;0;0;0;0;0;1;0;0;-3,745403000000000;-38,469961000000000
249904;27;3;2015;12:00;0;AV JOVITA FEITOSA;;;0;;Colis?úo Transversal;Luz do Dia;Bom;Seca;Meio de Quadra;Sem?íforo;Residencial;0;0;2;1;0;0;0;0;0;0;0;0;;
249897;27;3;2015;;9168;AV BORGES DE MELO;AV LUCIANO CARNEIRO;;0;;Colis?úo Traseira;Via Iluminada;Bom;Seca;Cruz;Sem?íforo;Comercial;0;0;2;1;0;0;0;0;0;0;0;0;-3,756465000000000;-38,534097000000000
249901;27;3;2015;07:35;12857;RUA FLORIANO PEIXOTO;RUA CARLOS GOMES;;0;;Colis?úo Transversal;Luz do Dia;Nublado;Seca;Cruz;Pare;Residencial;0;0;2;1;0;0;0;0;0;0;0;0;-3,739998000000000;-38,531321000000000
249950;27;3;2015;19:00;1474;RUA JOAO CARVALHO;RUA TIBURCIO CAVALCANTE;;0;;Colis?úo Lateral;Via Iluminada;Bom;Seca;Cruz;Sem?íforo;Misto;0;0;2;0;1;0;0;0;0;0;0;0;-3,738950000000000;-38,503547000000000
249951;27;3;2015;12:50;7710;RUA PEDRO MUNIZ;AV CARNEIRO DE MENDONCA;;0;;Colis?úo Lateral;;Bom;Seca;Cruz;Pare;Residencial;0;1;1;1;0;0;0;0;0;1;0;0;-3,765627000000000;-38,563646000000000
249934;27;3;2015;09:30;25101;AV GAL OSORIO DE PAIVA;RUA ARARIPE PRATA;;0;;Colis?úo Traseira;Luz do Dia;Bom;Seca;Cruz;Outros;Misto;0;0;2;1;1;0;0;0;0;0;0;0;-3,776593000000000;-38,568029000000000
249941;27;3;2015;08:00;0;AV PRS CASTELO BRANCO;;;901;;Colis?úo;Luz do Dia;Bom;Seca;Outros;Outros;Comercial;0;2;1;1;0;0;0;0;0;0;0;0;-3,719700000000000;-38,531398000000000
249944;27;3;2015;09:00;0;AV AGUANAMBI;;;0;;Colis?úo Lateral;Luz do Dia;Bom;Seca;Meio de Quadra;Sem?íforo;Comercial;0;0;2;1;0;0;1;0;0;0;0;0;;
249945;27;3;2015;13:10;4016;RUA PRO COSTA MENDES;RUA JULIO CESAR D12;;0;;Colis?úo Transversal;Luz do Dia;Bom;Seca;Cruz;Pare;Misto;0;0;2;1;0;0;0;0;0;0;0;0;-3,754698000000000;-38,546911000000000
249953;27;3;2015;14:00;0;AV JOSE BASTOS;;;6450;;Colis?úo Lateral;Luz do Dia;Bom;Seca;Meio de Quadra;N?úo H?í Controle;Comercial;0;2;1;1;0;0;0;0;0;1;0;0;-3,767370000000000;-38,569559000000000
249954;27;3;2015;14:00;0;AV JOAO PESSOA;;;6943;;Colis?úo Transversal;Luz do Dia;Bom;Seca;Meio de Quadra;N?úo H?í Controle;Misto;0;0;3;1;0;0;1;1;0;0;0;0;-3,770280000000000;-38,561064000000000
249948;27;3;2015;18:09;0;RUA GAL CLARINDO DE QUEIROZ;;;633;;Colis?úo Traseira;Anoitecer;Bom;Seca;Meio de Quadra;Sem?íforo;Comercial;0;1;1;1;0;0;0;0;0;1;0;0;-3,732808000000000;-38,529846000000000
249956;27;3;2015;21:00;183;RUA DEMETRIO MENEZES;AV SGT HERMINIO SAMPAIO;;0;;Colis?úo;Via Iluminada;Bom;Seca;Cruz;Sem?íforo;Comercial;0;1;1;0;1;1;0;0;0;0;0;0;-3,731488000000000;-38,584591000000000
249957;27;3;2015;08:30;0;RUA EDUARDO PERDIGAO;;;231;TERM. PARANGABA;Atropelamento;Luz do Dia;Bom;Seca;Meio de Quadra;Outros;Comercial;1;0;1;0;1;0;0;0;0;0;0;0;-3,776553000000000;-38,563919000000000
249964;27;3;2015;13:10;10595;RUA ATILANO MOURA;AV CEL GUSTAVO A LIMA;;0;;Colis?úo Transversal;Luz do Dia;Bom;Seca;Com Via F?®rrea;Pare;Residencial;0;0;2;1;0;0;0;0;0;1;0;0;-3,762140000000000;-38,489614000000000
249965;27;3;2015;18:45;5329;RUA PEDRO PEREIRA;RUA SOLON PINHEIRO;;0;;Colis?úo Lateral;Via Iluminada;Bom;Seca;Cruz;Sem?íforo;Comercial;0;0;2;1;0;0;1;0;0;0;0;0;-3,730414000000000;-38,526298000000000
249966;27;3;2015;18:30;11953;AV PRS COSTA E SILVA;RUA CEL FRANCISCO ALVES RIBEIRO;;0;;Colis?úo Transversal;Via Iluminada;Bom;Seca;Cruz;Pare;Comercial;0;0;2;1;0;0;0;0;0;1;0;0;-3,829900000000000;-38,509152000000000
249967;27;3;2015;20:30;0;RUA DINAMARCA;;;146;;Colis?úo Traseira;Via Iluminada;Bom;Seca;Meio de Quadra;N?úo H?í Controle;Residencial;0;0;2;1;0;0;0;0;0;0;0;0;-3,783728000000000;-38,570660000000000
249968;27;3;2015;22:30;5451;AV DOM MANUEL;RUA BARBARA DE ALENCAR;;0;;Colis?úo Transversal;Via Iluminada;Bom;Seca;Cruz;Sem?íforo;Comercial;0;0;2;1;0;0;0;0;0;0;0;0;-3,734972000000000;-38,523262000000000
258705;27;3;2015;16:50;0;RD BR 222;;;0;KM-01;Colis?úo Lateral;Luz do Dia;Bom;Seca;;;;0;1;1;1;0;0;0;0;0;1;0;0;-3,737774000000000;-38,577952000000000
257682;27;3;2015;10:20;0;RUA AMADEU FURTADO;;;2922;;Atropelamento;Luz do Dia;;;Meio de Quadra;;;0;1;0;1;0;0;0;0;0;0;0;0;;
257685;27;3;2015;13:05;19942;RUA MOREIRA GOMES;RUA FRANCISCO LORDA;;0;;Colis?úo;Luz do Dia;;;Cruz;Pare;Residencial;0;1;0;1;0;0;0;0;0;1;0;0;-3,761260000000000;-38,534015000000000
257686;27;3;2015;19:46;0;RUA FRANCISCA CLOTILDE;;;436;;Outros;;;;Meio de Quadra;;;0;1;0;1;0;0;0;0;0;0;0;0;-3,741876000000000;-38,552124000000000
257678;27;3;2015;09:10;26229;RUA WILSON PEREIRA;RD CE-040;;0;;Colis?úo;Luz do Dia;;;;;;0;1;0;1;0;0;0;0;0;1;0;0;;
259004;27;3;2015;17:35;0;RD CE-040;;;0;KM-05;Colis?úo;Via Iluminada;Bom;Seca;Meio de Quadra;;;0;0;2;1;1;0;0;0;0;0;0;0;-3,790876000000000;-38,480349000000000
259000;27;3;2015;07:50;0;RD CE-040;;;0;KM-10;Colis?úo;Luz do Dia;Bom;Seca;Meio de Quadra;;;0;0;2;1;0;0;0;0;0;1;0;0;-3,838671000000000;-38,480068000000000
265741;27;3;2015;09:51;0;RUA DA LADEIRA;;;136;;Colis?úo;Luz do Dia;;;Meio de Quadra;;;0;0;2;0;0;0;0;0;0;0;0;0;;
265742;27;3;2015;11:13;10421;RUA LUIZ MARIANO;RUA RICARDO PONTES;;0;;Colis?úo;Luz do Dia;;;;;;0;0;2;0;0;0;0;0;0;0;0;0;-3,762081000000000;-38,599413000000000
265743;27;3;2015;11:13;84;RUA PDE PERDIGAO SAMPAIO;AV MR HULL;;0;;Atropelamento;Luz do Dia;;;;;;0;0;2;0;0;0;0;0;0;0;0;0;-3,740113000000000;-38,594635000000000
265744;27;3;2015;13:05;12666;AV CEL CARVALHO;RUA ROSINHA SAMPAIO;;0;;Colis?úo;Luz do Dia;;;Cruz;Pare;Comercial;0;0;2;0;0;0;0;0;0;0;0;0;-3,726938000000000;-38,585413000000000
265745;27;3;2015;14:21;0;RUA JERONIMO ALBUQUERQUE;;;590;;Colis?úo;Luz do Dia;;;Meio de Quadra;;;0;0;2;0;0;0;0;0;0;0;0;0;-3,708788000000000;-38,577098000000000
265746;27;3;2015;16:09;25154;RUA BENI DE CARVALHO;RUA VICENTE LEITE;;0;;Colis?úo;Luz do Dia;;;Cruz;Pare;Residencial;0;0;2;0;0;0;0;0;0;0;0;0;-3,745037000000000;-38,497966000000000
261549;27;3;2015;07:06;0;AV GAL OSORIO DE PAIVA;;;0;;Colis?úo;Luz do Dia;;;Meio de Quadra;;;0;1;1;0;0;0;0;0;0;1;0;0;;
261553;27;3;2015;11:49;0;AV SEN CARLOS JEREISSATI (AEROPORTO);;;0;;Queda;Luz do Dia;;;Meio de Quadra;;;0;0;1;0;0;1;0;0;0;0;0;0;;
261554;27;3;2015;12:18;0;AV LUCIANO CARNEIRO;;;0;;Colis?úo;Luz do Dia;;;Meio de Quadra;;;0;1;1;1;0;0;0;0;0;1;0;0;-3,770150000000000;-38,538285000000000
261555;27;3;2015;13:06;0;AV EDUARDO GIRAO;;;0;;Queda;Luz do Dia;;;Meio de Quadra;;;0;1;0;0;0;0;0;0;0;1;0;0;;
261556;27;3;2015;13:15;0;RUA OSCAR FRANCA;;;0;;Colis?úo;Luz do Dia;;;Meio de Quadra;;;0;1;1;1;0;0;0;0;0;1;0;0;-3,791915000000000;-38,599647000000000
261566;27;3;2015;17:24;0;RUA FRANCISCA CLOTILDE;;;0;;Atropelamento;Anoitecer;;;Meio de Quadra;;;0;1;1;1;0;0;0;0;0;0;0;0;-3,741876000000000;-38,552124000000000
261562;27;3;2015;17:04;0;RUA AMANCIO PEREIRA;;;0;;Colis?úo;Anoitecer;;;Meio de Quadra;;;0;1;2;1;1;0;0;0;0;0;0;0;;
261560;27;3;2015;16:56;0;AV JOAO PESSOA;;;0;;Colis?úo;Luz do Dia;;;Meio de Quadra;;;0;1;1;1;0;0;0;0;0;1;0;0;;
261558;27;3;2015;15:59;0;AV SEN VIRGILIO TAVORA;;;0;;Atropelamento;Luz do Dia;;;Meio de Quadra;;;0;1;1;0;0;0;0;0;0;1;0;0;;
261551;27;3;2015;09:22;0;RUA ITAGUAI;;;0;;Queda;Luz do Dia;;;Meio de Quadra;;;0;1;0;0;0;0;0;0;0;1;0;0;-3,797034000000000;-38,565287000000000
261572;27;3;2015;19:24;0;AV PLACIDO CASTELO;;;0;;Atropelamento;;;;Meio de Quadra;;;0;1;1;0;0;0;0;0;0;1;0;0;;
261573;27;3;2015;19:56;0;AV DOS EXPEDICIONARIOS;;;0;;Queda;;;;Meio de Quadra;;;0;1;0;0;0;0;0;0;0;1;0;0;-3,766567000000000;-38,541673000000000
261574;27;3;2015;21:38;0;ET DO JATOBA;;;0;;Colis?úo;;;;Meio de Quadra;;;0;1;1;0;0;0;0;0;0;0;0;0;;
261575;27;3;2015;22:10;0;RUA CEL ALVES TEIXEIRA;;;0;;Colis?úo;;;;Meio de Quadra;;;0;1;0;0;0;0;0;0;0;0;0;0;;
261568;27;3;2015;18:34;0;RUA MANUEL GALDINO;;;2180;;Colis?úo;;;;Meio de Quadra;;;0;1;1;0;0;0;0;0;0;0;0;0;;
260206;27;3;2015;11:44;0;RUA PEDRO PEREIRA;;;0;;Colis?úo;Luz do Dia;;;Meio de Quadra;;;0;0;2;1;0;0;1;0;0;0;0;0;;
260207;27;3;2015;14:38;0;RUA BRAGANCA;;;0;;Colis?úo;Luz do Dia;;;Meio de Quadra;;;0;0;2;1;0;0;0;0;0;0;0;0;;
260208;27;3;2015;15:19;0;RUA PRO HERIBALDO COSTA;RUA PORTO VELHO;;0;;Colis?úo;Luz do Dia;;;;;;0;0;2;1;0;0;1;0;0;0;0;0;;
261577;28;3;2015;05:22;14421;AV SGT HERMINIO SAMPAIO;RUA PDE ANCHIETA;;0;;Colis?úo;Amanhecer;;;Cruz;Sem?íforo;Comercial;0;1;1;1;0;0;0;0;0;1;0;0;-3,724693000000000;-38,551079000000000