COD_ACIDENTE;DIA;MES;ANO;HORA;INTERSECAO;LOG1;LOG2;LOG3;NUMERO;REFERENCIA;NATUREZA;ILUMINACAO;TEMPO;SUPERFICIEPISTA;TIPOCRUZAMENTO;CONTROLETRAFEGO;USOSOLO;MORTOS;FERIDOS;ILESOS;AUTOMOVEL;ONIBUS;BICICLETA;CAMINHAO;MICROONIBUS;CICLOMOTOR;MOTOCICLETA;TRACAOANIMAL;TREM;LATITUDE;LONGITUDE
261578;28;3;2015;07:16;0;AV JOSE LEON;;;0;;Colis?úo;Luz do Dia;;;Meio de Quadra;;;0;1;0;0;0;0;0;0;0;0;0;0;-3,789282000000000;-38,495960000000000
261579;28;3;2015;07:44;0;RUA EVARISTO REIS;;;0;;Colis?úo;Luz do Dia;;;Meio de Quadra;;;0;1;1;1;0;0;0;0;0;1;0;0;;
261580;28;3;2015;07:48;6737;AV ENG SANTANA JUNIOR;AV PDE ANTONIO TOMAS;;0;;Colis?úo;Luz do Dia;;;Cruz;Sem?íforo;Residencial;0;1;1;1;0;0;0;0;0;1;0;0;-3,743981000000000;-38,488012000000000
261581;28;3;2015;08:02;25070;AV DOS EXPEDICIONARIOS;RUA ALM RUFINO;;0;;Colis?úo;Luz do Dia;;;Cruz;Sem?íforo Intermitente;Comercial;0;1;1;1;0;0;0;0;0;1;0;0;-3,765289000000000;-38,541286000000000
261582;28;3;2015;08:10;22201;RUA DR GILBERTO CAMARA;AV SGT HERMINIO SAMPAIO;;0;;Colis?úo;Luz do Dia;;;Cruz;Pare;Misto;0;1;1;1;0;0;0;0;0;1;0;0;-3,726645000000000;-38,562028000000000
261583;28;3;2015;12:22;0;AV ENG HUMBERTO MONTE;;;1957;;Colis?úo;Luz do Dia;;;Meio de Quadra;;;0;1;1;1;0;0;0;0;0;1;0;0;-3,743930000000000;-38,564738000000000
261584;28;3;2015;15:25;0;RUA RIO TOCANTINS;;;0;;Colis?úo;Luz do Dia;;;Meio de Quadra;;;0;1;1;1;0;0;0;0;0;1;0;0;-3,722802000000000;-38,581139000000000
261585;28;3;2015;16:04;0;RUA CON DE CASTRO;;;4160;;Atropelamento;Luz do Dia;;;Meio de Quadra;;;0;1;1;1;0;0;0;0;0;0;0;0;-3,802195000000000;-38,589484000000000
261586;28;3;2015;16:29;0;RUA RECANTO VERDE;;;0;;Queda;Luz do Dia;;;Meio de Quadra;;;0;0;1;0;0;0;0;0;0;1;0;0;;
261587;28;3;2015;17:17;0;RUA MARIO DE ANDRADE;;;236;;Atropelamento;Anoitecer;;;Meio de Quadra;;;0;1;1;1;0;0;0;0;0;0;0;0;-3,753914000000000;-38,558703000000000
261588;28;3;2015;17:46;0;AV PRS CASTELO BRANCO;;;0;;Colis?úo;Anoitecer;;;Meio de Quadra;;;0;1;0;0;0;0;0;0;0;0;0;0;-3,723186000000000;-38,521251000000000
261589;28;3;2015;20:04;0;RUA CEL JOAO OLIVEIRA;;;0;;Colis?úo;;;;Meio de Quadra;;;0;1;1;1;0;0;0;0;0;1;0;0;-3,822910000000000;-38,487481000000000
261590;28;3;2015;21:52;0;AV CEL CARVALHO;;;0;;Colis?úo;;;;Meio de Quadra;;;0;1;1;1;0;0;0;0;0;1;0;0;;
261591;28;3;2015;22:23;0;RUA ALUISIO AZEVEDO;;;0;;Colis?úo;;;;Meio de Quadra;;;0;1;0;0;0;0;0;0;0;0;0;0;;
261593;28;3;2015;22:49;0;AV PRS CASTELO BRANCO;;;0;;Atropelamento;;;;Meio de Quadra;;;0;1;1;1;0;0;0;0;0;0;0;0;-3,702572000000000;-38,582394000000000
261594;28;3;2015;;4250;AV FRANCISCO SA;RUA PDE ANCHIETA;;0;;Queda;;;;Cruz;Sem?íforo;Comercial;0;1;0;0;0;0;0;0;0;1;0;0;-3,719988000000000;-38,549538000000000
265749;28;3;2015;05:11;11847;RUA JACINTO MATOS;AV FRANCISCO SA;;0;;Choque c/ Obst?ículo Fixo;Amanhecer;;;Cruz;;Residencial;0;0;1;0;0;0;0;0;0;0;0;0;-3,720881000000000;-38,546796000000000
265750;28;3;2015;08:41;0;RUA BARRA VERMELHA;;;2356;;Colis?úo;Luz do Dia;;;Meio de Quadra;;;0;0;2;0;0;0;0;0;0;0;0;0;;
265752;28;3;2015;10:37;0;RUA SAO DOMINGOS;;;478;;Colis?úo;Luz do Dia;;;Meio de Quadra;;;0;0;2;0;0;0;0;0;0;0;0;0;-3,735330000000000;-38,591727000000000
265753;28;3;2015;10:43;25116;AV ROGACIANO LEITE;RUA PDE FRANCISCO PITA;;0;;Colis?úo;Luz do Dia;;;Cruz;Pare;Comercial;0;0;2;0;0;0;0;0;0;0;0;0;-3,780960000000000;-38,501766000000000
265755;28;3;2015;10:46;5709;AV DES GONZAGA;AV OLIVEIRA PAIVA;;0;;Colis?úo;Luz do Dia;;;Cruz;Sem?íforo;Lazer;0;0;2;0;0;0;0;0;0;0;0;0;-3,797165000000000;-38,499953000000000
265757;28;3;2015;10:57;0;AV ALBERTO CRAVEIRO;;;0;;Colis?úo;Luz do Dia;;;Meio de Quadra;;;0;0;2;0;0;0;0;0;0;0;0;0;;
265760;28;3;2015;11:43;15693;RUA DIOGO FEIJO;RUA GUILHERME PESSOA;;0;;Colis?úo;Luz do Dia;;;;;;0;0;2;0;0;0;0;0;0;0;0;0;-3,827183000000000;-38,487307000000000
265762;28;3;2015;11:46;19115;RUA LAURO NOGUEIRA;AV ENG SANTANA JUNIOR;;0;;Colis?úo;Luz do Dia;;;Cruz;Pare;Comercial;0;0;2;0;0;0;0;0;0;0;0;0;-3,738325000000000;-38,483756000000000
265764;28;3;2015;12:30;24229;AV ENG SANTANA JUNIOR;AV ENG ALBERTO SA;;0;;Colis?úo;Luz do Dia;;;Cruz;Sem?íforo;Comercial;0;0;2;0;0;0;0;0;0;0;0;0;-3,733357000000000;-38,480624000000000
265767;28;3;2015;12:43;10099;RUA NEREIDE;RUA MON SABINO FEIJAO;;0;;Colis?úo;Luz do Dia;;;;;;0;0;2;0;0;0;0;0;0;0;0;0;-3,788694000000000;-38,595165000000000
265768;28;3;2015;12:55;9199;RUA BAR ARATANHA;RUA DEP JOAO PONTES;;0;;Colis?úo;Luz do Dia;;;Cruz;Pare;Comercial;0;0;2;0;0;0;0;0;0;0;0;0;-3,745923000000000;-38,530746000000000
265769;28;3;2015;12:57;5137;RUA CASTRO E SILVA;RUA GAL BEZERRIL;;0;;Colis?úo;Luz do Dia;;;Cruz;Pare;Comercial;0;0;2;0;0;0;0;0;0;0;0;0;-3,724461000000000;-38,525536000000000
265770;28;3;2015;13:09;0;AV SANTOS DUMONT;;;2828;;Colis?úo;Luz do Dia;;;Meio de Quadra;;;0;0;2;0;0;0;0;0;0;0;0;0;-3,735885000000000;-38,499449000000000
265771;28;3;2015;13:10;5707;RUA JULIO LIMA;RUA MELO CESAR;;0;;Colis?úo;Luz do Dia;;;;;;0;0;2;0;0;0;0;0;0;0;0;0;-3,797357000000000;-38,503059000000000
265772;28;3;2015;13:31;6724;AV ENG SANTANA JUNIOR;AV SANTOS DUMONT;;0;;Colis?úo;Luz do Dia;;;Cruz;N?úo H?í Controle;Comercial;0;0;2;0;0;0;0;0;0;0;0;0;-3,740506000000000;-38,485132000000000
265773;28;3;2015;14:02;0;RUA HOLANDA;;;586;;Colis?úo;Luz do Dia;;;Meio de Quadra;;;0;0;2;0;0;0;0;0;0;0;0;0;-3,797810000000000;-38,562372000000000
265774;28;3;2015;14:27;0;AV SGT HERMINIO SAMPAIO;;;0;;Colis?úo;Luz do Dia;;;Meio de Quadra;;;0;0;2;0;0;0;0;0;0;0;0;0;;
265775;28;3;2015;15:52;0;AV PRS JUSCELINO KUBITSCHEK (PASSAR?ë);;;3290;;Colis?úo;Luz do Dia;;;Meio de Quadra;;;0;0;2;0;0;0;0;0;0;0;0;0;-3,809356000000000;-38,526655000000000
265776;28;3;2015;16:34;0;AV CASTELO DE CASTRO;;;1547;;Colis?úo;Luz do Dia;;;Meio de Quadra;;;0;0;2;0;0;0;0;0;0;0;0;0;-3,842979000000000;-38,521593000000000
265777;28;3;2015;17:13;0;AV LEITE BARBOSA;;;649;;Colis?úo;Anoitecer;;;Meio de Quadra;;;0;0;2;0;0;0;0;0;0;0;0;0;;
265810;28;3;2015;19:02;1490;RUA DES LEITE ALBUQUERQUE;RUA CEL JUCA;;0;;Colis?úo;;;;Cruz;Pare;Misto;0;0;2;0;0;0;0;0;0;0;0;0;-3,739434000000000;-38,491875000000000
265823;28;3;2015;21:17;0;AV PRS COSTA E SILVA;;;0;;Colis?úo;;;;Meio de Quadra;;;0;0;2;0;0;0;0;0;0;0;0;0;;
265826;28;3;2015;21:36;0;AV AUGUSTO DOS ANJOS;;;608;;Colis?úo;;;;Meio de Quadra;;;0;0;2;0;0;0;0;0;0;0;0;0;-3,773747000000000;-38,573451000000000
265814;28;3;2015;19:49;12682;RUA DEP MATOSO FILHO;AV CEL CARVALHO;;0;;Colis?úo;;;;Cruz;Pare;Residencial;0;0;2;0;0;0;0;0;0;0;0;0;-3,729932000000000;-38,584780000000000
265816;28;3;2015;22:14;0;RUA TEODOMIRO DE CASTRO;;;4022;;Colis?úo;;;;Meio de Quadra;;;0;0;2;0;0;0;0;0;0;0;0;0;-3,720178000000000;-38,569542000000000
265819;28;3;2015;20:10;0;AV EDILSON B SOARES;;;2681;;Colis?úo;;;;Meio de Quadra;;;0;0;2;0;0;0;0;0;0;0;0;0;-3,787824000000000;-38,461667000000000
265820;28;3;2015;21:14;0;RUA ASSUNCAO;;;1702;;Colis?úo;;;;Meio de Quadra;;;0;0;2;0;0;0;0;0;0;0;0;0;-3,744464000000000;-38,531988000000000
259008;28;3;2015;11:35;0;AV SEN CARLOS JEREISSATI (AEROPORTO);;;0;KM 02;Colis?úo;Luz do Dia;Bom;Seca;Meio de Quadra;;;0;0;2;1;0;0;0;0;0;0;0;0;-3,783932000000000;-38,529156000000000
259018;28;3;2015;15:25;0;AV SEN CARLOS JEREISSATI (AEROPORTO);;;0;KM 02;Colis?úo;Luz do Dia;Bom;Seca;Meio de Quadra;;;0;0;2;1;0;0;0;0;0;0;0;0;-3,783932000000000;-38,529156000000000
260245;28;3;2015;12:58;11768;AV FILOMENO GOMES;AV PRS CASTELO BRANCO;;0;;Colis?úo;Luz do Dia;;;Cruz;Sem?íforo;Lazer;0;0;2;1;1;0;0;0;0;0;0;0;-3,715542000000000;-38,541982000000000
257687;28;3;2015;02:15;26230;RUA BORIS;AV PRS CASTELO BRANCO;;0;;Colis?úo;;;;;;;0;1;0;1;0;0;0;0;0;1;0;0;-3,723228000000000;-38,521056000000000
257690;28;3;2015;11:39;0;AV 13 DE MAIO;;;2350;;Colis?úo;Luz do Dia;;;Meio de Quadra;;;0;1;0;1;0;0;0;0;0;1;0;0;;
265828;28;3;2015;21:47;0;RUA MATO GROSSO;;;296;;Atropelamento;;;;Meio de Quadra;;;0;0;2;0;0;0;0;0;0;0;0;0;;
265829;28;3;2015;22:59;6285;AV G CJ CEARA;AV C CJ CEARA;;0;;Choque c/ Obst?ículo Fixo;;;;T;N?úo H?í Controle;Residencial;0;0;1;0;0;0;0;0;0;0;0;0;;
265830;28;3;2015;23:30;0;RUA RIO ARAGUAIA;;;923;;Colis?úo;;;;Meio de Quadra;;;0;0;2;0;0;0;0;0;0;0;0;0;-3,724840000000000;-38,582038000000000
249977;28;3;2015;07:30;0;AV GAL OSORIO DE PAIVA;;;1401;;Colis?úo Lateral;;Bom;Seca;Meio de Quadra;N?úo H?í Controle;Comercial;0;1;1;1;0;0;0;0;0;1;0;0;-3,780206000000000;-38,573799000000000
249983;28;3;2015;14:15;1273;AV SANTOS DUMONT;RUA DR JOSE LOURENCO;;0;;Colis?úo Transversal;Luz do Dia;Nublado;Molhada;Cruz;Pare;Comercial;0;0;2;1;0;0;0;0;0;0;0;0;-3,733299000000000;-38,507380000000000
249980;28;3;2015;07:10;0;AV JOVITA FEITOSA;;;3143;;Colis?úo Lateral;Luz do Dia;;;Meio de Quadra;;;0;0;2;1;0;0;0;0;0;0;0;0;-3,741773000000000;-38,565788000000000
249970;28;3;2015;18:30;0;AV DR SILAS MUNGUBA;;;5050;;Queda;Via Iluminada;;Seca;Meio de Quadra;Gesto;Residencial;0;1;0;0;0;0;0;0;0;1;0;0;-3,797533000000000;-38,531465000000000
249971;28;3;2015;03:50;23036;AV DR SILAS MUNGUBA;RUA CARAMURU D45 (ITAPERI);;0;;Choque c/ Obst?ículo Fixo;Via Iluminada;Bom;Seca;Cruz;Pare;Comercial;1;1;0;0;0;0;0;0;0;1;0;0;-3,789977000000000;-38,541473000000000
249973;28;3;2015;16:40;5437;RUA FLORIANO PEIXOTO;RUA METON DE ALENCAR;;0;;Colis?úo Transversal;Luz do Dia;Bom;Seca;Cruz;Pare;Comercial;0;1;1;0;0;0;0;0;0;1;0;0;-3,734071000000000;-38,529358000000000
249975;28;3;2015;08:00;0;AV DOS EXPEDICIONARIOS;;;5155;;Colis?úo Lateral;Luz do Dia;Bom;Seca;Meio de Quadra;Sem?íforo;Comercial;0;1;1;1;0;0;0;0;0;1;0;0;-3,765485000000000;-38,541344000000000
249990;28;3;2015;17:30;25435;AV ALBERTO CRAVEIRO;RUA PAULA FRANCINETE;;0;;Colis?úo Transversal;Amanhecer;Bom;Seca;T;Pare;Residencial;0;0;2;1;0;0;0;0;0;0;0;0;-3,795238000000000;-38,518044000000000
249991;28;3;2015;16:00;4250;AV FRANCISCO SA;RUA PDE ANCHIETA;;0;;Atropelamento;Luz do Dia;Bom;Seca;Cruz;Sem?íforo;Residencial;1;0;1;0;1;0;0;0;0;0;0;0;-3,719988000000000;-38,549538000000000
249986;28;3;2015;09:00;0;AV GODOFREDO MACIEL;;;2900;;Colis?úo Traseira;Luz do Dia;Bom;Seca;Meio de Quadra;Sem?íforo;Comercial;0;0;2;1;0;0;0;0;0;0;0;0;-3,799452000000000;-38,570835000000000
249987;28;3;2015;04:40;14422;AV SGT HERMINIO SAMPAIO;RUA MOZART PINTO;;0;;Colis?úo Transversal;Luz do Dia;Bom;Seca;T;Pare;Comercial;0;1;1;1;0;0;0;0;0;1;0;0;-3,724783000000000;-38,551753000000000
249993;28;3;2015;14:00;0;AV PRS CASTELO BRANCO;;;4300;;Colis?úo Lateral;Mal Iluminada;Bom;Seca;Meio de Quadra;N?úo H?í Controle;Residencial;0;1;1;0;1;0;0;0;0;1;0;0;-3,707613000000000;-38,570575000000000
250009;29;3;2015;03:00;0;RUA JOSE AVELINO;;;367;;Colis?úo Lateral;Via Iluminada;Nublado;Molhada;Meio de Quadra;N?úo H?í Controle;Comercial;0;0;2;1;1;0;0;0;0;0;0;0;-3,722355000000000;-38,519980000000000
250012;29;3;2015;20:05;0;AV BEIRA MAR;;;2100;;Colis?úo Transversal;Via Iluminada;Bom;Seca;Meio de Quadra;N?úo H?í Controle;Residencial;0;0;2;1;0;0;0;0;0;0;0;0;-3,724385000000000;-38,501909000000000
250017;29;3;2015;16:00;0;RUA VIS MAUA;;;0;;Colis?úo Lateral;Via Iluminada;Bom;Seca;Meio de Quadra;Pare;Residencial;0;0;2;1;0;0;0;0;0;0;0;0;;
250018;29;3;2015;08:30;13288;AV JOAO DE ARAUJO LIMA;RUA 66 CJ JOSE WALTER;;0;;Choque c/ Obst?ículo Fixo;Luz do Dia;Bom;Seca;T;Pare;Comercial;0;0;1;1;0;0;0;0;0;0;0;0;-3,838274000000000;-38,561745000000000
250019;29;3;2015;22:55;22070;RUA JOSE FACANHA;RUA PAPI JUNIOR;;0;;Colis?úo;Via Iluminada;Bom;Seca;Cruz;Outros;Residencial;0;3;0;0;0;0;0;0;0;1;0;0;-3,752136000000000;-38,557265000000000
249976;29;3;2015;18:10;15340;RUA CANUTO DE AGUIAR;RUA CEL LINHARES;;0;;Colis?úo Transversal;Via Iluminada;Bom;Seca;Cruz;Pare;Residencial;0;0;2;1;0;0;0;0;0;0;0;0;-3,731563000000000;-38,492546000000000
249974;29;3;2015;15:19;10777;RUA VITORIA (AV. PERIMETRAL);RUA PORTO ALEGRE;;0;;Colis?úo Transversal;Luz do Dia;Bom;Seca;Cruz;N?úo H?í Controle;Residencial;0;0;2;1;0;0;0;0;0;1;0;0;-3,762193000000000;-38,586947000000000
249972;29;3;2015;15:00;0;AV C CJ JOSE WALTER;;;0;;Colis?úo Transversal;Luz do Dia;Nublado;Seca;Meio de Quadra;D?¬ Prefer?¬ncia;Residencial;0;2;1;0;1;0;0;0;0;1;0;0;;
249981;29;3;2015;19:30;10730;RUA VITORIA (AV. PERIMETRAL);AV SEN FERNANDES TAVORA;;0;;Colis?úo Lateral;Via Iluminada;Bom;Seca;Cruz;Sem?íforo;Residencial;0;1;1;1;0;0;0;0;0;1;0;0;-3,760193000000000;-38,585903000000000
249982;29;3;2015;19:00;12508;AV LINEU MACHADO;RUA ALUISIO AZEVEDO;;0;;Colis?úo Transversal;Via Iluminada;Bom;Seca;Cruz;Sem?íforo;Comercial;0;1;1;1;0;0;0;0;0;1;0;0;-3,770212000000000;-38,579184000000000
249979;29;3;2015;07:15;0;AV SGT HERMINIO SAMPAIO;;;4296;;Colis?úo Frontal;Luz do Dia;Bom;Seca;Meio de Quadra;;Residencial;0;1;1;1;0;0;0;0;0;1;0;0;-3,731238000000000;-38,578547000000000
249985;29;3;2015;08:30;0;AV PRS CASTELO BRANCO;;;2922;;Colis?úo Traseira;Luz do Dia;Bom;Seca;Meio de Quadra;N?úo H?í Controle;Misto;0;1;1;1;0;0;0;0;0;1;0;0;-3,712076000000000;-38,554418000000000
265844;29;3;2015;09:45;3398;RUA PAPI JUNIOR;RUA AMAZONAS;;0;;Colis?úo;Luz do Dia;;;Cruz;Pare;Residencial;0;0;2;0;0;0;0;0;0;0;0;0;-3,755547000000000;-38,560679000000000
265836;29;3;2015;01:00;0;RUA JOAO CORDEIRO;;;1644;;Colis?úo;;;;Meio de Quadra;;;0;0;2;0;0;0;0;0;0;0;0;0;-3,734760000000000;-38,515990000000000
265846;29;3;2015;09:53;0;AV BEZERRA DE MENEZES;;;2181;;Colis?úo;Luz do Dia;;;Meio de Quadra;;;0;0;2;0;0;0;0;0;0;0;0;0;-3,735618000000000;-38,564231000000000
265841;29;3;2015;08:33;0;AV DEP PAULINO ROCHA;;;0;;Colis?úo;Luz do Dia;;;Meio de Quadra;;;0;0;2;0;0;0;0;0;0;0;0;0;;
265849;29;3;2015;10:20;0;RUA ANTONIO PEREIRA;;;635;;Colis?úo;Luz do Dia;;;Meio de Quadra;;;0;0;2;0;0;0;0;0;0;0;0;0;-3,832422000000000;-38,566978000000000
265850;29;3;2015;11:20;0;RUA VITAL BRASIL;;;1425;;Atropelamento;Luz do Dia;;;Meio de Quadra;;;0;0;2;0;0;0;0;0;0;0;0;0;-3,779223000000000;-38,593711000000000
265852;29;3;2015;11:37;0;RUA RIO ARAGUAIA;;;202;;Choque c/ Obst?ículo Fixo;Luz do Dia;;;Meio de Quadra;;;0;0;1;0;0;0;0;0;0;0;0;0;-3,718712000000000;-38,581475000000000
265878;29;3;2015;18:07;0;AV ZEZE DIOGO;;;0;;Colis?úo;Anoitecer;;;Meio de Quadra;;;0;0;2;0;0;0;0;0;0;0;0;0;;
265879;29;3;2015;22:24;0;RUA DEP MANUEL MATOSO FILHO;;;333;;Atropelamento;;;;Meio de Quadra;;;0;0;2;0;0;0;0;0;0;0;0;0;-3,728178000000000;-38,554375000000000
265875;29;3;2015;16:08;7713;AV CARNEIRO DE MENDONCA;RUA URSULA GARCIA;;0;;Atropelamento;Luz do Dia;;;Cruz;Pare;Comercial;0;0;2;0;0;0;0;0;0;0;0;0;-3,766169000000000;-38,562346000000000
265854;29;3;2015;11:38;0;RUA OTAVIO ROCHA;;;525;;Colis?úo;Luz do Dia;;;Meio de Quadra;;;0;0;2;0;0;0;0;0;0;0;0;0;-3,776087000000000;-38,473979000000000
265858;29;3;2015;11:50;0;AV PRO JOSE ARTHUR CARVALHO;;;0;;Colis?úo;Luz do Dia;;;Meio de Quadra;;;0;0;2;0;0;0;0;0;0;0;0;0;;
265860;29;3;2015;12:27;0;AV PRS CASTELO BRANCO;;;0;;Colis?úo;Luz do Dia;;;Meio de Quadra;;;0;0;2;0;0;0;0;0;0;0;0;0;;
265861;29;3;2015;12:29;21264;RUA DOM HELIO CAMPOS D21;RUA MARCILIO DIAS;;0;;Colis?úo;Luz do Dia;;;;;;0;0;2;0;0;0;0;0;0;0;0;0;-3,710509000000000;-38,554648000000000
265862;29;3;2015;15:22;0;AV JOR THOMAZ COELHO;;;0;;Colis?úo;Luz do Dia;;;;;;0;0;2;0;0;0;0;0;0;0;0;0;;
265863;29;3;2015;15:15;0;AV AUGUSTO DOS ANJOS;;;1815;;Colis?úo;Luz do Dia;;;Meio de Quadra;;;0;0;2;0;0;0;0;0;0;0;0;0;-3,781948000000000;-38,580733000000000
257692;29;3;2015;00:19;12662;RUA CARNAUBAL;RUA RIO PARAGUAI;;0;;Colis?úo;;;;Cruz;N?úo H?í Controle;Residencial;1;0;1;0;1;0;0;0;0;1;0;0;-3,722458000000000;-38,583961000000000
257693;29;3;2015;01:30;0;RUA ALUISIO AZEVEDO;;;165;;Outros;;;;Meio de Quadra;;;0;1;0;1;0;0;0;0;0;1;0;0;-3,772834000000000;-38,574251000000000
257694;29;3;2015;09:16;3990;AV PRO GOMES DE MATOS;RUA PRO COSTA MENDES;;0;;Colis?úo;Luz do Dia;;;Cruz;Sem?íforo;Comercial;0;0;2;1;0;0;0;0;0;0;0;0;-3,758035000000000;-38,542936000000000
257696;29;3;2015;23:56;0;AV WASHINGTON SOARES;;;2800;;Colis?úo Lateral;;;;Meio de Quadra;;;0;1;0;0;1;0;0;0;0;0;0;0;-3,783021000000000;-38,481028000000000
261595;29;3;2015;00:17;0;RUA OSCAR FRANCA;;;394;;Colis?úo;;;;Meio de Quadra;;;0;1;1;0;0;0;0;0;0;1;0;0;;
261596;29;3;2015;02:09;0;RUA MONTE LIBANO;;;0;;Colis?úo;;;;Meio de Quadra;;;0;1;1;1;0;0;0;0;0;1;0;0;-3,823708000000000;-38,561163000000000
261604;29;3;2015;12:16;0;RUA AQUIRAZ;;;0;;Colis?úo;Luz do Dia;;;Meio de Quadra;;;0;1;1;1;0;0;0;0;0;1;0;0;-3,757368000000000;-38,546740000000000
261605;29;3;2015;14:50;0;AV CEL CARVALHO;;;0;;Choque c/ Obst?ículo Fixo;Luz do Dia;;;Meio de Quadra;;;0;1;0;1;0;0;0;0;0;0;0;0;;
261606;29;3;2015;15:22;0;RUA VITORIA;;;0;;Colis?úo;Luz do Dia;;;;;;0;1;1;1;0;0;0;0;0;1;0;0;;
261607;29;3;2015;15:56;0;RUA PARAIBA;;;0;;Colis?úo;Luz do Dia;;;;;;0;1;0;0;0;0;0;0;0;0;0;0;;
261608;29;3;2015;15:58;0;RUA SOBRAL D03;;;0;;Colis?úo;Luz do Dia;;;Meio de Quadra;;;0;1;1;1;0;0;0;0;0;0;0;0;;
261609;29;3;2015;17:01;0;RUA EDGAR FALCAO;;;0;;Colis?úo;Anoitecer;;;Meio de Quadra;;;0;1;1;1;0;0;0;0;0;1;0;0;-3,730729000000000;-38,571799000000000
261612;29;3;2015;19:46;0;AV SIQUEIRA CAMPOS;;;0;;Atropelamento;;;;Meio de Quadra;;;0;1;1;1;0;0;0;0;0;0;0;0;-3,817679000000000;-38,622825000000000
261613;29;3;2015;20:31;0;RUA RECANTO VERDE;;;0;;Colis?úo;;;;Meio de Quadra;;;0;1;1;0;0;0;0;0;0;1;0;0;;
261614;29;3;2015;22:06;0;AV BORGES DE MELO;;;0;;Atropelamento;;;;Meio de Quadra;;;0;1;1;0;0;0;0;0;0;1;0;0;;
261598;29;3;2015;02:15;24967;AV ALM HENRIQUE SABOIA;AV SANTOS DUMONT;;0;;Queda;;;;Outros;N?úo H?í Controle;Comercial;0;1;0;0;0;0;0;0;0;1;0;0;-3,739751000000000;-38,487482000000000
261599;29;3;2015;03:01;0;RUA ALM JACEGUAI;;;0;;Atropelamento;;;;Meio de Quadra;;;0;1;1;1;0;0;0;0;0;0;0;0;;
261600;29;3;2015;07:22;0;AV SGT HERMINIO SAMPAIO;;;0;;Queda;Luz do Dia;;;Meio de Quadra;;;0;1;0;0;0;0;0;0;0;1;0;0;-3,731238000000000;-38,578547000000000
261601;29;3;2015;08:52;0;AV GAL OSORIO DE PAIVA;;;0;;Colis?úo;Luz do Dia;;;Meio de Quadra;;;0;1;1;1;0;0;0;0;0;1;0;0;-3,777188000000000;-38,568974000000000
261602;29;3;2015;10:18;0;AV ALM HENRIQUE SABOIA;;;0;;Queda;Luz do Dia;;;Meio de Quadra;;;0;1;0;0;0;0;0;0;0;1;0;0;;
261627;30;3;2015;17:20;0;AV PERIMETRAL;;;0;;Colis?úo;Anoitecer;;;Meio de Quadra;;;0;1;1;0;0;0;0;0;0;1;0;0;;
261628;30;3;2015;17:35;0;AV JOSE BASTOS;;;0;;Colis?úo;Anoitecer;;;Meio de Quadra;;;0;1;0;0;0;0;0;0;0;0;0;0;;
261629;30;3;2015;;0;AV I CJ JOSE WALTER;;;0;;Colis?úo;;;;Meio de Quadra;;;0;1;1;1;0;0;0;0;0;1;0;0;-3,830789000000000;-38,552456000000000
261615;30;3;2015;02:32;0;AV CASTELO DE CASTRO;;;0;;Queda;;;;Meio de Quadra;;;0;1;0;0;0;0;0;0;0;1;0;0;;
261616;30;3;2015;04:29;0;AV DEP PAULINO ROCHA;;;3131;CASTELAO;Choque c/ Obst?ículo Fixo;;;;Meio de Quadra;;;1;1;0;0;0;0;0;0;0;1;0;0;-3,808405000000000;-38,523807000000000
261617;30;3;2015;07:09;0;RUA VITORIA;;;0;;Colis?úo;Luz do Dia;;;Meio de Quadra;;;0;1;1;0;0;0;0;0;0;1;0;0;;
261618;30;3;2015;08:02;0;RUA PDE CICERO;;;0;;Queda;Luz do Dia;;;Meio de Quadra;;;0;1;1;0;0;0;0;0;0;1;0;0;-3,746040000000000;-38,543089000000000
261619;30;3;2015;09:45;0;RUA CLOVIS FONTENELE D22;;;0;;Colis?úo;Luz do Dia;;;;;;0;1;1;0;0;0;0;0;0;0;0;0;-3,709996000000000;-38,564909000000000
261620;30;3;2015;10:31;0;AV OLIVEIRA PAIVA;;;0;;Choque c/ Obst?ículo Fixo;Luz do Dia;;;Meio de Quadra;;;0;1;0;0;0;0;0;0;0;0;0;0;;
261621;30;3;2015;10:39;0;RUA LOURDES VIDAL ALVES;;;0;;Queda;Luz do Dia;;;Meio de Quadra;;;0;1;0;0;0;0;0;0;0;1;0;0;;
261622;30;3;2015;11:34;0;RUA PAULO MORAIS;;;0;;Queda;Luz do Dia;;;Meio de Quadra;;;0;1;0;0;0;0;0;0;0;1;0;0;;
261623;30;3;2015;11:35;0;AV GODOFREDO MACIEL;;;0;;Colis?úo;Luz do Dia;;;Meio de Quadra;;;0;1;1;1;0;0;0;0;0;1;0;0;;
261624;30;3;2015;12:48;0;AV PONTES VIEIRA;;;0;;Colis?úo;Luz do Dia;;;Meio de Quadra;;;0;1;1;1;0;0;0;0;0;1;0;0;;
261625;30;3;2015;12:51;0;RUA ALVES DE SOUZA;;;1076;;Queda;Luz do Dia;;;Meio de Quadra;;;0;1;0;0;0;0;0;0;0;1;0;0;-3,803021000000000;-38,595100000000000
261631;30;3;2015;21:29;0;RUA VALPARAISO;;;0;;Colis?úo;;;;Meio de Quadra;;;0;1;1;1;0;0;0;0;0;1;0;0;;
260250;30;3;2015;07:25;0;RUA PRA HELOISA F LIMA;AV DR SILAS MUNGUBA;;0;;Colis?úo;Luz do Dia;;;;;;0;0;2;1;0;0;0;0;0;0;0;0;;
260251;30;3;2015;11:19;0;AV 13 DE MAIO;RUA PAULA RODRIGUES;;0;;Colis?úo;Luz do Dia;;;Meio de Quadra;;;0;0;2;1;0;0;0;0;0;0;0;0;;