COD_ACIDENTE;DIA;MES;ANO;HORA;INTERSECAO;LOG1;LOG2;LOG3;NUMERO;REFERENCIA;NATUREZA;ILUMINACAO;TEMPO;SUPERFICIEPISTA;TIPOCRUZAMENTO;CONTROLETRAFEGO;USOSOLO;MORTOS;FERIDOS;ILESOS;AUTOMOVEL;ONIBUS;BICICLETA;CAMINHAO;MICROONIBUS;CICLOMOTOR;MOTOCICLETA;TRACAOANIMAL;TREM;LATITUDE;LONGITUDE
260253;30;3;2015;14:46;0;AV BEZERRA DE MENEZES;;;0;;Colis?úo;Luz do Dia;;;Meio de Quadra;;;0;0;2;0;0;0;0;1;0;0;0;0;;
259020;30;3;2015;07:10;0;RD CE-040;;;0;KM-10;Colis?úo;Luz do Dia;Bom;Seca;Meio de Quadra;;;0;0;2;1;0;0;0;0;0;0;0;0;-3,838671000000000;-38,480068000000000
259021;30;3;2015;09:00;0;RD CE-040;;;0;KM-07;Colis?úo;Luz do Dia;Bom;Molhada;Meio de Quadra;;;0;0;3;1;0;0;0;0;0;0;0;0;-3,817953000000000;-38,483160000000000
259025;30;3;2015;11:10;0;RD CE-025;;;0;KM-03;Colis?úo;Luz do Dia;Bom;Seca;Meio de Quadra;;;0;0;2;1;1;0;0;0;0;0;0;0;-3,805236000000000;-38,446791000000000
259039;30;3;2015;19:00;0;RD CE-040;;;0;KM-06;Colis?úo;Via Iluminada;Bom;Seca;Meio de Quadra;;;0;1;1;0;0;0;0;0;0;1;0;0;-3,811270000000000;-38,478781000000000
259033;30;3;2015;17:05;0;RD CE-040;;;0;KM-05;Colis?úo;Via Iluminada;Bom;Seca;Meio de Quadra;;;0;0;4;1;1;0;0;0;0;0;0;0;-3,790876000000000;-38,480349000000000
257698;30;3;2015;13:40;0;RD CE-060;;;0;KM-03;Atropelamento;Luz do Dia;;;Meio de Quadra;;;0;1;0;0;0;0;0;0;0;1;0;0;-3,836637000000000;-38,582776000000000
265882;30;3;2015;07:40;0;RUA RIO GRANDE DO SUL;;;1377;;Colis?úo;Luz do Dia;;;Meio de Quadra;;;0;0;2;0;0;0;0;0;0;0;0;0;-3,760368000000000;-38,568688000000000
265883;30;3;2015;08:26;11761;RUA JACINTO MATOS;AV PRS CASTELO BRANCO;;0;;Colis?úo;Luz do Dia;;;T;Sem?íforo;Residencial;0;0;2;0;0;0;0;0;0;0;0;0;-3,714630000000000;-38,546333000000000
265885;30;3;2015;08:47;0;RUA COLETORA A (MONDUBIM);;;543;;Colis?úo;Luz do Dia;;;Meio de Quadra;;;0;0;2;0;0;0;0;0;0;0;0;0;;
265887;30;3;2015;08:51;0;RUA JOSE HIPOLITO;;;1087;;Colis?úo;Luz do Dia;;;Meio de Quadra;;;0;0;2;0;0;0;0;0;0;0;0;0;-3,835495000000000;-38,486560000000000
265888;30;3;2015;09:18;12954;AV PRS COSTA E SILVA;AV DOS EXPEDICIONARIOS;;0;;Colis?úo;Luz do Dia;;;Cruz;Sem?íforo;Comercial;0;0;2;0;0;0;0;0;0;0;0;0;-3,821079000000000;-38,558276000000000
265892;30;3;2015;10:41;22248;RUA SOARES BULCAO;RUA CEL MOZART GONDIM;;0;;Colis?úo;Luz do Dia;;;Cruz;Pare;Comercial;0;0;2;0;0;0;0;0;0;0;0;0;-3,733310000000000;-38,559100000000000
265907;30;3;2015;17:44;1819;RUA MARIA QUINTINO;RUA JOCENO MONTEIRO;;0;;Colis?úo;Anoitecer;;;;;;0;0;2;0;0;0;0;0;0;0;0;0;-3,856864000000000;-38,501036000000000
265908;30;3;2015;19:00;6752;AV SANTOS DUMONT;RUA PRO OTAVIO LOBO;;0;;Colis?úo;;;;Cruz;Sem?íforo;Residencial;0;0;2;0;0;0;0;0;0;0;0;0;-3,742845000000000;-38,477829000000000
265910;30;3;2015;19:04;0;AV I CJ JOSE WALTER;;;780;;Atropelamento;;;;Meio de Quadra;;;0;0;2;0;0;0;0;0;0;0;0;0;-3,830789000000000;-38,552456000000000
265911;30;3;2015;21:45;18743;RUA CATOLE;RUA VALPARAISO;;0;;Colis?úo;;;;Cruz;Pare;Residencial;0;0;2;0;0;0;0;0;0;0;0;0;-3,846407000000000;-38,520171000000000
265894;30;3;2015;14:05;0;AV ODILON GUIMARAES;;;3655;;Colis?úo;Luz do Dia;;;Meio de Quadra;;;0;0;2;0;0;0;0;0;0;0;0;0;-3,815650000000000;-38,469311000000000
265897;30;3;2015;11:09;5415;RUA FLORIANO PEIXOTO;RUA GAL CLARINDO DE QUEIROZ;;0;;Colis?úo;Luz do Dia;;;Cruz;Pare;Comercial;0;0;2;0;0;0;0;0;0;0;0;0;-3,733049000000000;-38,529027000000000
265900;30;3;2015;11:51;0;RUA GUILHERME MENDES;;;1024;;Colis?úo;Luz do Dia;;;Meio de Quadra;;;0;0;2;0;0;0;0;0;0;0;0;0;-3,720559000000000;-38,587961000000000
265902;30;3;2015;12:32;5356;RUA GAL SAMPAIO;AV DUQ CAXIAS;;0;;Colis?úo;Luz do Dia;;;Cruz;Sem?íforo;Misto;0;0;2;0;0;0;0;0;0;0;0;0;-3,731096000000000;-38,532029000000000
265905;30;3;2015;17:15;0;RUA CAP ARAGAO;;;0;;Colis?úo;Anoitecer;;;Meio de Quadra;;;0;0;2;0;0;0;0;0;0;0;0;0;;
258682;30;3;2015;15:00;0;RD BR 116;;;4000;KM-04;Colis?úo Lateral;Luz do Dia;Bom;Seca;Meio de Quadra;N?úo H?í Controle;Comercial;0;0;2;1;0;0;0;0;0;0;0;0;-3,788331000000000;-38,510646000000000
258680;30;3;2015;10:45;0;RD BR 116;;;14000;KM-14;Colis?úo Lateral;Luz do Dia;Chuva;Molhada;Meio de Quadra;N?úo H?í Controle;Comercial;0;1;2;0;0;0;1;0;0;0;0;0;-3,873523000000000;-38,499242000000000
258684;30;3;2015;17:00;0;RD BR 116;;;3000;KM-03;Colis?úo Traseira;Anoitecer;Bom;Seca;Meio de Quadra;N?úo H?í Controle;Comercial;0;1;1;0;1;0;0;0;0;0;0;0;-3,779838000000000;-38,514372000000000
250013;30;3;2015;13:30;0;AV PRS JUSCELINO KUBITSCHEK (PASSAR?ë);;;3230;;Colis?úo Lateral;;Nublado;Seca;Outros;Outros;Residencial;0;1;1;1;0;0;0;0;0;1;0;0;-3,808822000000000;-38,526225000000000
250014;30;3;2015;08:30;0;RUA NEREU RAMOS;;;206;;Colis?úo Traseira;Luz do Dia;Chuva;Molhada;Meio de Quadra;N?úo H?í Controle;Comercial;0;1;1;0;1;0;0;0;0;1;0;0;-3,786525000000000;-38,568807000000000
250015;30;3;2015;18:45;0;AV DOMINGOS OLIMPIO;;;681;;Colis?úo Lateral;;Bom;Seca;Meio de Quadra;;Comercial;0;0;2;0;0;0;0;0;0;0;0;0;-3,737113000000000;-38,529842000000000
250016;30;3;2015;00:10;7718;AV CARNEIRO DE MENDONCA;AV JOSE BASTOS;;0;;Colis?úo Transversal;Via Iluminada;Bom;Seca;Cruz;Sem?íforo;Comercial;0;1;1;1;0;0;0;0;0;1;0;0;-3,764109000000000;-38,566759000000000
250010;30;3;2015;13:00;0;AV SANTOS DUMONT;;;2825;;Colis?úo Lateral;Luz do Dia;Nublado;Seca;Meio de Quadra;N?úo H?í Controle;Comercial;0;1;1;1;0;0;0;0;0;1;0;0;-3,736000000000000;-38,499079000000000
250011;30;3;2015;13:40;0;AV PONTES VIEIRA;;;0;;Colis?úo Lateral;Luz do Dia;Bom;Seca;Meio de Quadra;;Comercial;0;1;2;1;0;0;0;0;0;1;0;0;-3,752724000000000;-38,513460000000000
249994;30;3;2015;09:00;0;AV BEIRA MAR;;;0;;Atropelamento;Luz do Dia;Chuva;Molhada;Meio de Quadra;Sem?íforo;Comercial;0;1;1;0;0;0;0;0;0;0;0;0;;
249995;30;3;2015;07:50;1468;AV RUI BARBOSA;RUA CARLOS A GALVAO;;0;;Colis?úo Lateral;;Chuva;Seca;;;Comercial;0;0;2;1;0;0;0;0;0;0;0;0;-3,738755000000000;-38,510325000000000
249997;30;3;2015;18:00;0;RUA ANTONIO FURTADO;;;970;;Outros;Via Iluminada;Bom;Seca;Outros;Pare;Residencial;0;0;2;1;0;0;0;0;0;0;0;0;-3,751430000000000;-38,511240000000000
249998;30;3;2015;14:00;15834;RUA CEL FRANCISCO PEREIRA (MESSEJANA);RUA TEN JURANDIR ALENCAR;;0;;Colis?úo Lateral;Luz do Dia;Bom;Seca;Cruz;Sem?íforo;Comercial;0;0;2;1;1;0;0;0;0;0;0;0;-3,831773000000000;-38,492929000000000
249999;30;3;2015;16:00;0;AV SGT HERMINIO SAMPAIO;;;2500;;Colis?úo Traseira;;Bom;Seca;Meio de Quadra;N?úo H?í Controle;Comercial;0;0;2;0;0;0;0;0;0;0;0;0;-3,726761000000000;-38,562752000000000
250000;30;3;2015;00:05;0;AV OLIVEIRA PAIVA;;;223;;Engavetamento;Via Iluminada;Bom;Seca;Meio de Quadra;N?úo H?í Controle;Comercial;0;1;2;1;0;0;0;0;0;0;0;0;-3,798560000000000;-38,503005000000000
250001;30;3;2015;11:00;19667;AV BEZERRA DE MENEZES;RUA DOM LINO;;0;;Colis?úo Lateral;Luz do Dia;Chuva;Seca;Cruz;Sem?íforo;Comercial;0;0;2;1;0;0;1;0;0;0;0;0;-3,734232000000000;-38,557568000000000
250002;30;3;2015;08:20;1423;RUA TORRES CAMARA;RUA OSVALDO CRUZ (ALDEOTA);;0;;Colis?úo Transversal;Luz do Dia;Nublado;Molhada;Cruz;Sem?íforo;Residencial;0;0;2;1;0;0;0;0;0;0;0;0;-3,737574000000000;-38,500953000000000
250003;30;3;2015;19:00;0;AV WENEFRIDO MELO;;;309;;Colis?úo Traseira;Via Iluminada;Nublado;Seca;Meio de Quadra;Outros;Residencial;0;1;1;1;1;0;0;0;0;0;0;0;-3,810263000000000;-38,576380000000000
250004;30;3;2015;13:40;0;AV ROGACIANO LEITE;;;2399;;Choque c/ Obst?ículo Fixo;Luz do Dia;Bom;Seca;Meio de Quadra;;;0;0;2;1;0;0;0;0;0;0;0;0;-3,776071000000000;-38,500342000000000
250005;30;3;2015;09:00;11055;RUA CLOVIS FONTENELE D45;RUA OFIR;;0;;Colis?úo Lateral;;Nublado;Seca;Cruz;;Residencial;0;1;1;0;0;0;0;0;0;1;0;0;-3,788578000000000;-38,549049000000000
250006;30;3;2015;14:30;23433;RUA MON SALAZAR;RUA PRO CARVALHO;;0;;Colis?úo Lateral;Luz do Dia;Bom;Seca;Cruz;Pare;Comercial;0;0;2;1;0;0;0;0;0;0;0;0;-3,756146000000000;-38,514308000000000
250007;30;3;2015;10:30;5254;RUA JOAO CORDEIRO;RUA PEREIRA FILGUEIRAS;;0;;Colis?úo Transversal;Luz do Dia;Chuva;Molhada;Cruz;Sem?íforo;Residencial;0;0;2;1;0;0;0;0;0;0;0;0;-3,728001000000000;-38,513877000000000
250008;30;3;2015;12:40;25697;RUA ROCHA LIMA;RUA JOAO CORDEIRO;;0;;Colis?úo Transversal;Luz do Dia;Bom;Seca;Cruz;Pare;Residencial;0;0;2;0;0;0;0;0;0;0;0;0;-3,738000000000000;-38,517275000000000
250050;30;3;2015;07:00;0;RUA MENINO JESUS DE PRAGA;;;20;;Outros;Mal Iluminada;Bom;Seca;Meio de Quadra;N?úo H?í Controle;Residencial;0;0;1;0;0;0;1;0;0;0;0;0;-3,772361000000000;-38,582977000000000
250042;30;3;2015;23:50;12614;AV CEL CARVALHO;RUA COS LAFAYETE;;0;;Colis?úo Transversal;Via Iluminada;Chuva;Molhada;Cruz;Sem?íforo;Comercial;0;0;2;1;0;0;0;0;0;0;0;0;-3,717512000000000;-38,587938000000000
250043;30;3;2015;07:40;580;AV FRANCISCO SA;RUA FRE TEOBALDO;;0;;Colis?úo Transversal;Luz do Dia;Chuva;Molhada;Cruz;Pare;Comercial;0;0;2;1;0;0;0;0;0;0;0;0;-3,715815000000000;-38,562077000000000
250044;30;3;2015;12:30;0;RUA DES WALDETARIO P MOTA;;;1006;;Colis?úo Transversal;Luz do Dia;Bom;Seca;Meio de Quadra;N?úo H?í Controle;Residencial;0;0;2;1;0;0;0;0;0;0;0;0;-3,738660000000000;-38,481776000000000
250024;30;3;2015;14:10;0;AV JOAO PESSOA;;;0;;Colis?úo Traseira;Luz do Dia;Nublado;Seca;Meio de Quadra;;Residencial;0;0;2;0;1;0;0;0;0;1;0;0;;
250025;30;3;2015;15:30;0;ET PICI;;;907;;Colis?úo Frontal;Luz do Dia;Bom;Seca;Meio de Quadra;N?úo H?í Controle;Residencial;0;1;1;1;0;0;0;0;0;1;0;0;-3,766160000000000;-38,578066000000000
250026;30;3;2015;06:30;22932;RUA ANTONIO BENTO;RUA JAPI;;0;;Colis?úo Lateral Sentido Oposto;Luz do Dia;Bom;Seca;Cruz;Pare;Residencial;0;0;2;1;0;0;0;0;0;0;0;0;-3,783512000000000;-38,547961000000000
250021;30;3;2015;13:26;12762;RUA JORGE DUMAR;AV BORGES DE MELO;;0;;Colis?úo Transversal;Luz do Dia;Nublado;Seca;Cruz;Sem?íforo;Comercial;0;0;2;1;0;0;0;0;0;0;0;0;-3,752695000000000;-38,539369000000000
250028;30;3;2015;08:00;15896;RUA GURGEL DO AMARAL;RUA JOSE CAVALCANTE SOBR;;0;;Colis?úo Frontal;Luz do Dia;Nublado;Seca;T;Pare;Residencial;0;1;1;1;0;0;0;0;0;1;0;0;-3,835550000000000;-38,486455000000000
250030;30;3;2015;09:55;0;AV FRE CIRILO;;;3778;;Colis?úo Traseira;Luz do Dia;Chuva;Seca;Meio de Quadra;Outros;Misto;0;1;1;0;1;0;0;0;0;1;0;0;-3,817182000000000;-38,497463000000000
250032;30;3;2015;13:00;25683;RUA ANTONIO MENDES (JD AMERICA);RUA DAMASCENO GIRAO;;0;;Colis?úo Lateral;Luz do Dia;Nublado;Molhada;Cruz;Pare;Residencial;0;0;2;1;0;0;0;0;0;0;0;0;-3,751507000000000;-38,539780000000000
250034;30;3;2015;07:00;20212;AV PRS JUSCELINO KUBITSCHEK (PASSAR?ë);RUA SAO TOMAZ DE AQUINO;;0;;Colis?úo;Luz do Dia;Nublado;Seca;Cruz;Outros;Residencial;0;3;0;1;0;0;0;0;0;1;0;0;-3,813772000000000;-38,529791000000000
250039;30;3;2015;17:13;0;AV PRS COSTA E SILVA;;;2342;;Colis?úo Traseira;Anoitecer;Bom;;Meio de Quadra;;Residencial;0;0;3;1;0;0;0;0;0;0;0;0;-3,819919000000000;-38,560814000000000
250035;31;3;2015;09:00;13317;AV L CJ JOSE WALTER;RUA 68 CJ JOSE WALTER;;0;;Colis?úo Lateral;Luz do Dia;Nublado;Seca;Cruz;N?úo H?í Controle;Residencial;0;0;2;1;0;0;0;0;0;0;0;0;-3,839752000000000;-38,560139000000000
250036;31;3;2015;10:40;1656;RUA BENI DE CARVALHO;RUA PRO DIAS DA ROCHA;;0;;;Luz do Dia;Chuva;Molhada;Cruz;Pare;Comercial;0;0;3;1;0;0;0;0;0;1;0;0;-3,745994000000000;-38,495024000000000
250037;31;3;2015;15:20;9039;RUA BAR RIO BRANCO;RUA PDE MIGUELINHO;;0;;Colis?úo Transversal;Luz do Dia;Bom;Seca;Cruz;Pare;Comercial;0;0;2;1;0;0;0;0;0;1;0;0;-3,742749000000000;-38,533460000000000
250038;31;3;2015;07:25;8018;AV JOAO PESSOA;RUA JOSE MONTEIRO DOS SANTOS;;0;;Colis?úo Lateral;Luz do Dia;Chuva;Molhada;Cruz;N?úo H?í Controle;Comercial;0;1;1;1;0;0;0;0;0;1;0;0;-3,751769000000000;-38,548869000000000
250033;31;3;2015;15:00;15823;RUA MANUEL CASTELO BRANCO;RUA CEL ERNESTO MATOS;;0;;Colis?úo Traseira;Luz do Dia;Bom;Seca;Cruz;Sem?íforo;Comercial;0;0;2;1;0;0;0;0;0;0;0;0;-3,832449000000000;-38,490083000000000
250031;31;3;2015;16:00;0;RUA PDE PEDRO DE ALENCAR;;;0;FAE;Colis?úo Traseira;Luz do Dia;Bom;Seca;Meio de Quadra;N?úo H?í Controle;Comercial;0;0;2;1;0;0;0;0;0;0;0;0;;
250029;31;3;2015;12:00;0;AV ALBERTO CRAVEIRO;;;430;;Colis?úo Traseira;Luz do Dia;Chuva;Molhada;Meio de Quadra;N?úo H?í Controle;Comercial;0;0;2;1;0;0;0;0;0;0;0;0;-3,782668000000000;-38,516505000000000
250022;31;3;2015;17:50;13527;AV BAR STUDART;RUA JOAQUIM SA;;0;;Colis?úo Transversal;Anoitecer;Bom;Seca;;Pare;Comercial;0;0;2;1;1;0;0;0;0;0;0;0;-3,747468000000000;-38,510714000000000
250023;31;3;2015;08:50;13536;AV RUI BARBOSA;RUA JULIO SIQUEIRA;;0;;Colis?úo Lateral;Luz do Dia;Chuva;Molhada;T;Pare;Residencial;0;0;2;1;0;0;0;0;0;0;0;0;-3,748103000000000;-38,513332000000000
250027;31;3;2015;07:10;1530;RUA TIBURCIO CAVALCANTE;AV JULIO VENTURA;;0;;Colis?úo Lateral;Luz do Dia;Nublado;Seca;T;Sem?íforo;Comercial;0;0;2;1;1;0;0;0;0;0;0;0;-3,740609000000000;-38,504074000000000
250045;31;3;2015;09:00;0;AV 13 DE MAIO;;;1189;;Colis?úo Traseira;Luz do Dia;Nublado;Seca;Meio de Quadra;Outros;Comercial;0;0;2;1;0;0;0;0;0;0;0;0;-3,749017000000000;-38,529684000000000
250046;31;3;2015;18:20;0;AV PRS JUSCELINO KUBITSCHEK (PASSAR?ë);;;0;ROTAT?ôRIA CASTEL?âO;Colis?úo Lateral;Via Iluminada;Bom;Seca;Meio de Quadra;D?¬ Prefer?¬ncia;Residencial;0;0;2;1;0;0;0;0;0;0;0;0;;
250047;31;3;2015;07:30;0;AV PONTES VIEIRA;;;1360;;Colis?úo Traseira;Luz do Dia;Nublado;Seca;Meio de Quadra;N?úo H?í Controle;Comercial;0;1;1;0;1;0;0;0;0;1;0;0;-3,752230000000000;-38,509320000000000
250048;31;3;2015;08:00;11600;AV JOSE LEON;RUA DAS GAIVOTAS;;0;;Colis?úo Transversal;Luz do Dia;Bom;Seca;Cruz;Pare;Misto;0;1;1;1;0;0;0;0;0;1;0;0;-3,788073000000000;-38,500812000000000
250049;31;3;2015;10:45;0;RUA PDE PEDRO DE ALENCAR;;;0;;Colis?úo Lateral;Luz do Dia;Chuva;Molhada;Meio de Quadra;Pare;Misto;0;0;2;1;0;0;0;0;0;0;0;0;;
250051;31;3;2015;07:10;25043;AV CEL CARVALHO;RUA RIO TAPAJOS;;0;;Colis?úo Transversal;Luz do Dia;Nublado;Molhada;T;Pare;Comercial;0;0;2;1;0;0;0;1;0;0;0;0;-3,708154000000000;-38,590312000000000
250041;31;3;2015;10:15;10999;RUA ALBERTO MAGNO;RUA 15 DE NOVEMBRO;;0;;Colis?úo Transversal;Luz do Dia;Nublado;Molhada;Cruz;Pare;Comercial;0;0;2;1;1;0;0;0;0;0;0;0;-3,769909000000000;-38,553169000000000
250055;31;3;2015;21:00;13556;AV RUI BARBOSA;AV SORIANO ALBUQUERQUE;;0;;Colis?úo Traseira;Via Iluminada;Bom;Seca;Cruz;Sem?íforo;Comercial;0;0;2;1;0;0;0;0;0;0;0;0;-3,749460000000000;-38,513767000000000
250053;31;3;2015;10:10;13777;RUA LUIZA MIRANDA COELHO;RUA CAIO CID;;0;;Colis?úo Lateral;Luz do Dia;Bom;Seca;Cruz;Pare;Residencial;0;0;2;1;0;0;0;0;0;1;0;0;-3,775516000000000;-38,485263000000000
250057;31;3;2015;09:00;0;AV GODOFREDO MACIEL;;;720;;Colis?úo Traseira;Luz do Dia;Bom;Seca;Meio de Quadra;Outros;Misto;0;0;2;1;0;0;0;0;0;0;0;0;-3,782642000000000;-38,565647000000000
250059;31;3;2015;17:40;13408;AV ANTONIO SALES;RUA BAR ARACATI;;0;;Colis?úo Transversal;Anoitecer;Bom;Seca;Cruz;Pare;Comercial;0;1;1;1;0;0;0;0;0;1;0;0;-3,741563000000000;-38,514894000000000
250061;31;3;2015;19:30;0;AV ANTONIO SALES;;;1950;;Engavetamento;Anoitecer;Bom;Seca;Meio de Quadra;N?úo H?í Controle;Comercial;0;0;3;1;0;0;0;0;0;0;0;0;-3,743950000000000;-38,507234000000000
250079;31;3;2015;17:30;5037;RUA PESSOA ANTA;RUA GUILHERME BLHUM;;0;;Colis?úo Lateral;Anoitecer;Bom;Seca;T;Pare;Comercial;0;0;2;1;0;0;0;0;0;1;0;0;-3,721113000000000;-38,522017000000000
250080;31;3;2015;13:50;0;RUA BERNARDO MANUEL;;;10806;;Colis?úo Lateral Sentido Oposto;Luz do Dia;Bom;Seca;Meio de Quadra;Outros;Residencial;0;1;1;1;0;0;0;0;0;1;0;0;-3,814259000000000;-38,556151000000000
250020;31;3;2015;18:15;7760;AV ANTONIO SALES;RUA SILVA PAULET;;0;;Colis?úo Lateral;Anoitecer;Bom;Seca;Cruz;Pare;Comercial;0;0;2;1;0;0;0;0;0;1;0;0;-3,743595000000000;-38,508383000000000
250103;31;3;2015;20:20;15203;RUA DEP MOREIRA DA ROCHA;RUA MON BRUNO;;0;;Colis?úo Transversal;Via Iluminada;Bom;Seca;Cruz;Pare;Residencial;0;1;1;1;0;0;0;0;0;1;0;0;-3,726659000000000;-38,507591000000000
250120;31;3;2015;13:20;0;RUA MAJ FACUNDO;;;1521;;Colis?úo Lateral;Luz do Dia;Bom;Seca;Meio de Quadra;N?úo H?í Controle;Misto;0;0;2;1;0;0;0;0;0;0;0;0;-3,736403000000000;-38,530694000000000
250121;31;3;2015;15:15;0;RUA BAR RIO BRANCO;;;992;;Colis?úo Traseira;Luz do Dia;Nublado;Seca;Meio de Quadra;Sem?íforo;Comercial;0;0;2;1;0;0;0;0;0;0;0;0;-3,726933000000000;-38,528417000000000
250117;31;3;2015;12:00;0;AV TRISTAO GONCALVES;;;233;;Colis?úo Lateral;Luz do Dia;Nublado;Molhada;Meio de Quadra;N?úo H?í Controle;Comercial;0;0;2;1;1;0;0;0;0;0;0;0;-3,723916000000000;-38,532240000000000
250124;31;3;2015;20:20;0;AV HERACLITO GRACA;;;60;;Colis?úo Traseira;Via Iluminada;Bom;Seca;Meio de Quadra;N?úo H?í Controle;Comercial;0;0;3;1;0;0;0;0;0;0;0;0;-3,733682000000000;-38,523983000000000
250126;31;3;2015;14:00;0;RUA MIN ALBUQUERQUE LIMA;;;409;;Colis?úo Traseira;Luz do Dia;Bom;Seca;Meio de Quadra;N?úo H?í Controle;Comercial;0;0;2;1;0;0;0;1;0;0;0;0;-3,768683000000000;-38,607560000000000
265912;31;3;2015;07:20;0;RUA ALBERTO FEITOSA LIMA;;;0;;Colis?úo;Luz do Dia;;;Meio de Quadra;;;0;0;2;0;0;0;0;0;0;0;0;0;;
266018;31;3;2015;08:21;6545;AV H CJ CEARA;AV A CJ CEARA;;0;;Colis?úo;Luz do Dia;;;Cruz;Sem?íforo;Comercial;0;0;2;0;0;0;0;0;0;0;0;0;-3,775146000000000;-38,605924000000000
266019;31;3;2015;11:00;12350;AV LINEU MACHADO;RUA MON HIPOLITO BRASIL;;0;;Colis?úo;Luz do Dia;;;T;Outros;Residencial;0;0;2;0;0;0;0;0;0;0;0;0;-3,761245000000000;-38,574450000000000
266020;31;3;2015;18:01;0;RUA BRUNO VALENTE;;;450;;Colis?úo;Anoitecer;;;Meio de Quadra;;;0;0;2;0;0;0;0;0;0;0;0;0;-3,788394000000000;-38,539286000000000
266021;31;3;2015;18:23;4842;RUA CON DE CASTRO;RUA CORACAO DE MARIA;;0;;Colis?úo;Anoitecer;;;Cruz;Pare;Residencial;0;0;2;0;0;0;0;0;0;0;0;0;-3,810035000000000;-38,596258000000000
266022;31;3;2015;22:12;0;RUA VALMIR PONTES;;;167;;Colis?úo;;;;Meio de Quadra;;;0;0;2;0;0;0;0;0;0;0;0;0;;
266023;31;3;2015;22:38;3177;RUA CARLOS CHAGAS;RUA ANSELMO NOGUEIRA;;0;;Colis?úo;;;;Cruz;Pare;Residencial;0;0;2;0;0;0;0;0;0;0;0;0;-3,779698000000000;-38,586797000000000
266024;31;3;2015;22:55;0;AV ANTONIO JUSTA;;;0;;Colis?úo;;;;Meio de Quadra;;;0;0;2;0;0;0;0;0;0;0;0;0;;
266025;31;3;2015;23:03;15227;AV DES MOREIRA;AV ABOLICAO;;0;;Colis?úo;;;;Cruz;Sem?íforo;Comercial;0;0;2;0;0;0;0;0;0;0;0;0;-3,727331000000000;-38,495474000000000
266026;31;3;2015;23:24;0;LOGRADOURO SEM NOME;;;0;;Colis?úo;;;;Meio de Quadra;;;0;0;2;0;0;0;0;0;0;0;0;0;;
249736;31;3;2015;23:15;0;RUA DOM LINO;;;260;;Tombamento;Via Iluminada;Bom;Seca;Meio de Quadra;Pare;Comercial;0;0;1;1;0;0;0;0;0;0;0;0;-3,736752000000000;-38,557044000000000
259046;31;3;2015;16:30;0;AV SEN CARLOS JEREISSATI (AEROPORTO);;;0;KM 03;Queda;Luz do Dia;Bom;Seca;Meio de Quadra;;;0;0;1;0;0;0;0;0;1;0;0;0;-3,780382000000000;-38,541414000000000
259071;31;3;2015;17:00;0;RD CE-040;;;0;KM-07;Colis?úo;Via Iluminada;Bom;Seca;Meio de Quadra;;;0;0;2;1;0;0;0;0;0;0;0;0;-3,817953000000000;-38,483160000000000
259043;31;3;2015;14:30;0;RD CE-040;;;0;KM-05;Colis?úo;Luz do Dia;Bom;Molhada;Meio de Quadra;;;0;0;3;1;0;0;0;0;0;1;0;0;-3,790876000000000;-38,480349000000000
259075;31;3;2015;17:15;0;RD CE-040;;;0;KM-07;Colis?úo;Via Iluminada;Bom;Seca;Meio de Quadra;;;0;0;2;0;0;0;0;0;0;1;0;0;-3,817953000000000;-38,483160000000000
259079;31;3;2015;19:30;0;RD CE-040;;;0;KM-03;Colis?úo;Via Iluminada;Bom;Seca;Meio de Quadra;;;0;0;2;1;0;0;0;0;0;0;0;0;-3,783185000000000;-38,481014000000000
260299;31;3;2015;16:23;13432;AV RUI BARBOSA;AV ANTONIO SALES;;0;;Engavetamento;Luz do Dia;;;Cruz;Sem?íforo;Misto;0;0;3;1;0;0;0;0;0;0;0;0;-3,742611000000000;-38,511569000000000
261644;31;3;2015;13:03;565;RUA SAO BERNARDO;RUA DNA MENDINHA;;0;;Colis?úo;Luz do Dia;;;Cruz;Pare;Residencial;0;1;1;1;0;0;0;0;0;1;0;0;-3,714988000000000;-38,572165000000000
261646;31;3;2015;17:59;0;RUA STA ELISA D21;;;0;;Queda;Anoitecer;;;Meio de Quadra;;;0;1;0;0;0;0;0;0;0;1;0;0;;
261647;31;3;2015;18:14;0;AV PRS COSTA E SILVA;;;0;;Atropelamento;Anoitecer;;;Meio de Quadra;;;0;1;1;0;0;0;0;0;0;1;0;0;;
261648;31;3;2015;18:25;0;RUA RIO BRANCO;;;0;;Queda;Anoitecer;;;Meio de Quadra;;;0;1;0;0;0;0;0;0;0;1;0;0;;