COD_ACIDENTE;DIA;MES;ANO;HORA;INTERSECAO;LOG1;LOG2;LOG3;NUMERO;REFERENCIA;NATUREZA;ILUMINACAO;TEMPO;SUPERFICIEPISTA;TIPOCRUZAMENTO;CONTROLETRAFEGO;USOSOLO;MORTOS;FERIDOS;ILESOS;AUTOMOVEL;ONIBUS;BICICLETA;CAMINHAO;MICROONIBUS;CICLOMOTOR;MOTOCICLETA;TRACAOANIMAL;TREM;LATITUDE;LONGITUDE
261650;31;3;2015;18:40;0;RUA PESSOA ANTA;;;0;;Colis?úo;;;;Meio de Quadra;;;0;1;1;1;0;0;0;0;0;1;0;0;;
261652;31;3;2015;19:43;0;AV PRS CASTELO BRANCO;;;0;;Colis?úo;;;;Meio de Quadra;;;0;1;1;1;0;0;0;0;0;1;0;0;;
261654;31;3;2015;20:29;0;RUA VALPARAISO;;;0;;Colis?úo;;;;Meio de Quadra;;;0;1;1;1;0;0;0;0;0;1;0;0;-3,843658000000000;-38,526468000000000
261655;31;3;2015;22:26;0;RUA JOSE TORRES;;;0;;Colis?úo;;;;Meio de Quadra;;;0;1;1;1;0;0;0;0;0;1;0;0;-3,777735000000000;-38,606649000000000
261630;31;3;2015;18:14;0;AV PRS COSTA E SILVA;;;5301;;Atropelamento;Anoitecer;;;Meio de Quadra;;;1;0;1;0;0;0;0;0;0;1;0;0;-3,828181000000000;-38,533058000000000
261633;31;3;2015;07:18;0;AV JOAO PESSOA;;;0;;Colis?úo;Luz do Dia;;;Meio de Quadra;;;0;1;1;1;0;0;0;0;0;1;0;0;-3,751804000000000;-38,548904000000000
261634;31;3;2015;08:46;0;AV DIOGUINHO;;;971;;Colis?úo;Luz do Dia;;;Meio de Quadra;;;0;1;1;0;0;0;0;0;0;1;0;0;-3,726606000000000;-38,461518000000000
261635;31;3;2015;10:23;0;RUA BERNARDO MANUEL;;;0;;Colis?úo;Luz do Dia;;;Meio de Quadra;;;0;1;1;1;0;0;0;0;0;1;0;0;-3,803360000000000;-38,552826000000000
261636;31;3;2015;10:26;0;AV JOSE LEON;;;0;;Colis?úo;Luz do Dia;;;Meio de Quadra;;;0;1;1;1;0;0;0;0;0;0;0;0;-3,789968000000000;-38,492929000000000
261637;31;3;2015;10:41;0;AV LINEU MACHADO;;;102;;Colis?úo;Luz do Dia;;;Meio de Quadra;;;0;1;1;0;0;0;0;0;0;0;0;0;-3,761426000000000;-38,574545000000000
261638;31;3;2015;11:07;270;RUA AMADEU FURTADO;RUA GAL BERNARDO FIGUEIREDO;;0;;Colis?úo;Luz do Dia;;;Cruz;Pare;Residencial;0;1;1;1;0;1;0;0;0;0;0;0;-3,741903000000000;-38,562742000000000
261639;31;3;2015;12:16;0;AV AGUANAMBI;;;0;;Atropelamento;Luz do Dia;;;Meio de Quadra;;;0;1;1;1;0;0;0;0;0;0;0;0;;
259086;1;4;2015;18:10;0;AV SEN CARLOS JEREISSATI (AEROPORTO);;;0;KM 04;Colis?úo Lateral;Via Iluminada;Bom;Seca;Meio de Quadra;;;0;0;2;1;0;0;1;0;0;0;0;0;-3,779313000000000;-38,514638000000000
258854;1;4;2015;12:50;0;RD BR 222;;;0;;Colis?úo Lateral;Luz do Dia;Bom;Seca;Meio de Quadra;N?úo H?í Controle;Comercial;0;0;2;0;1;0;0;1;0;0;0;0;;
257813;1;4;2015;22:46;15371;AV DOM LUIS;RUA PRO DIAS DA ROCHA;;0;;Colis?úo;;;;Cruz;Pare;Comercial;0;1;1;1;0;0;0;0;0;1;0;0;-3,735126000000000;-38,491572000000000
266027;1;4;2015;10:39;0;RUA STA ROSA D65 (COA?çU);;;151;;Colis?úo;Luz do Dia;;;Meio de Quadra;;;0;0;2;0;0;0;0;0;0;0;0;0;;
266031;1;4;2015;12:18;25229;AV DR THEBERGE;AV OLAVO BILAC;;0;;Colis?úo;Luz do Dia;;;Y;Pare;Misto;0;0;2;0;0;0;0;0;0;0;0;0;-3,721012000000000;-38,567102000000000
266042;1;4;2015;12:24;0;RUA BAR ARACATI;;;2050;;Colis?úo;Luz do Dia;;;Meio de Quadra;;;0;0;2;0;0;0;0;0;0;0;0;0;-3,739749000000000;-38,514294000000000
250127;1;4;2015;15:15;3769;AV DOMINGOS OLIMPIO;RUA SEN POMPEU;;0;;Colis?úo Traseira;Luz do Dia;Bom;Seca;Cruz;Sem?íforo;Comercial;0;1;2;1;1;0;0;0;0;0;0;0;-3,736254000000000;-38,532455000000000
250128;1;4;2015;12:50;1259;RUA ILDEFONSO ALBANO;RUA PDE LUIS FIGUEIRA;;0;;Colis?úo;Luz do Dia;Bom;Seca;Cruz;Pare;Comercial;0;0;2;1;0;0;0;0;0;0;0;0;-3,732813000000000;-38,513063000000000
250129;1;4;2015;13:30;0;AV GAL OSORIO DE PAIVA;;;7617;;Colis?úo Traseira;Luz do Dia;Bom;Seca;Meio de Quadra;;Comercial;0;1;1;1;0;0;0;0;0;1;0;0;-3,818845000000000;-38,615729000000000
250131;1;4;2015;19:30;0;AV DOMINGOS OLIMPIO;;;0;;Colis?úo Lateral;Mal Iluminada;Bom;Seca;Meio de Quadra;Sem?íforo;Comercial;0;0;2;1;1;0;0;0;0;0;0;0;;
250133;1;4;2015;07:15;0;AV PDE ANTONIO TOMAS;;;3646;;Outros;Luz do Dia;Bom;Seca;Outros;Outros;Comercial;0;0;1;1;0;0;0;0;0;0;0;0;-3,743806000000000;-38,487191000000000
250125;1;4;2015;12:20;7631;RUA ALAGOAS;RUA PARANA;;0;;Colis?úo Transversal;Luz do Dia;Nublado;Seca;Cruz;Outros;Residencial;0;0;2;0;0;0;0;0;0;1;0;0;-3,759958000000000;-38,570138000000000
250118;1;4;2015;19:24;1592;RUA CEL JUCA;RUA CAROLINA SUCUPIRA;;0;;Colis?úo Lateral;Via Iluminada;Bom;Seca;Cruz;Pare;Residencial;0;0;2;1;0;0;0;0;0;0;0;0;-3,743389000000000;-38,493114000000000
250119;1;4;2015;09:20;9176;AV AGUANAMBI;AV EDUARDO GIRAO;;0;;Colis?úo Lateral;Luz do Dia;Nublado;Seca;Rotat??ria;D?¬ Prefer?¬ncia;Comercial;0;0;2;1;0;0;0;0;0;1;0;0;-3,755303000000000;-38,523639000000000
250122;1;4;2015;06:30;9005;AV JOSE BASTOS;AV DUQ CAXIAS;;0;;Colis?úo Transversal;Luz do Dia;Nublado;Seca;T;Pare;Residencial;0;2;1;0;1;0;0;0;0;0;0;0;-3,726670000000000;-38,545549000000000
250123;1;4;2015;21:30;12954;RUA BERNARDO MANUEL;AV PRS COSTA E SILVA;;0;;Colis?úo Lateral;Anoitecer;Bom;Seca;Cruz;Sem?íforo;Misto;0;0;2;1;0;0;0;0;0;0;0;0;-3,821079000000000;-38,558276000000000
250104;1;4;2015;07:30;0;RUA PEDRO I;;;933;;Queda;Luz do Dia;Nublado;Molhada;Meio de Quadra;Pare;Comercial;0;2;0;0;0;0;0;0;0;1;0;0;-3,729807000000000;-38,533031000000000
250106;1;4;2015;08:15;5415;RUA GAL CLARINDO DE QUEIROZ;RUA FLORIANO PEIXOTO;;0;;Colis?úo Transversal;Luz do Dia;Nublado;Seca;Cruz;Pare;Comercial;0;1;1;1;0;1;0;0;0;0;0;0;-3,733049000000000;-38,529027000000000
250097;1;4;2015;07:10;0;RUA FRE MANSUETO;;;1407;;Colis?úo Lateral;Luz do Dia;Chuva;Seca;Meio de Quadra;Outros;Misto;0;0;2;1;0;0;0;0;0;0;0;0;-3,736988000000000;-38,488551000000000
250098;1;4;2015;19:00;12847;RUA MAJ FACUNDO;RUA SALDANHA MARINHO;;0;;Colis?úo Transversal;Mal Iluminada;Bom;Seca;Cruz;Pare;Residencial;0;0;3;1;0;0;0;0;0;0;0;0;-3,741916000000000;-38,532454000000000
250108;1;4;2015;15:47;0;RUA JOAQUIM SA;;;1013;;Colis?úo Traseira;Luz do Dia;Bom;Seca;Meio de Quadra;N?úo H?í Controle;Residencial;0;0;1;1;1;0;0;0;0;0;0;0;-3,749906000000000;-38,503120000000000
250109;1;4;2015;20:06;0;RUA O ESPLANADA CASTELAO;;;296;;Colis?úo Lateral;Via Iluminada;Bom;Seca;Meio de Quadra;N?úo H?í Controle;Residencial;0;1;1;1;1;0;0;0;0;0;0;0;-3,807887000000000;-38,519422000000000
250110;1;4;2015;08:30;0;AV DR THEBERGE;;;2079;;Colis?úo Transversal;Luz do Dia;Bom;Seca;Meio de Quadra;N?úo H?í Controle;Misto;0;1;1;1;0;0;0;0;0;1;0;0;-3,719069000000000;-38,566405000000000
250111;1;4;2015;19:22;0;AV PRS COSTA E SILVA;;;0;;Colis?úo Lateral;Via Iluminada;Bom;Seca;Meio de Quadra;N?úo H?í Controle;Comercial;0;0;2;1;0;0;1;0;0;0;0;0;;
250112;1;4;2015;09:50;18404;AV GOV PARSIFAL BARROSO;AV SGT HERMINIO SAMPAIO;;0;;Colis?úo Traseira;Luz do Dia;Bom;Seca;Cruz;Sem?íforo;Residencial;0;0;2;1;0;0;0;0;0;0;0;0;-3,727916000000000;-38,569276000000000
250113;1;4;2015;14:45;25142;RUA JOAO ARARIPE;AV BORGES DE MELO;;0;;Colis?úo Traseira;;Nublado;Seca;Cruz;Sem?íforo;Comercial;0;0;2;1;1;0;0;0;0;0;0;0;-3,758147000000000;-38,532143000000000
250114;1;4;2015;13:00;0;AV PRO GOMES DE MATOS;;;1086;;Atropelamento;Luz do Dia;Nublado;Seca;Meio de Quadra;N?úo H?í Controle;Comercial;0;2;0;0;0;0;0;0;0;1;0;0;-3,762151000000000;-38,546463000000000
250115;1;4;2015;17:00;0;AV MOZART PINHEIRO DE LUCENA;;;790;;Colis?úo Lateral;Luz do Dia;Bom;Seca;Meio de Quadra;Pare;Comercial;0;0;2;1;0;0;0;0;0;0;0;0;-3,709714000000000;-38,593206000000000
250116;1;4;2015;21:30;0;AV 13 DE MAIO;;;1806;;Colis?úo Traseira;Via Iluminada;Bom;Seca;Meio de Quadra;Sem?íforo;Comercial;0;0;2;1;0;0;0;0;0;0;0;0;-3,745477000000000;-38,533845000000000
250085;1;4;2015;09:50;17495;AV ABOLICAO;RUA UMARI;;0;;Colis?úo Lateral;Luz do Dia;Bom;Seca;T;N?úo H?í Controle;Comercial;0;0;2;0;0;0;0;0;0;1;0;0;-3,725135000000000;-38,483577000000000
250086;1;4;2015;08:30;0;AV DOM LUIS;;;275;;Colis?úo Traseira;Luz do Dia;Nublado;Molhada;Meio de Quadra;Sem?íforo;Comercial;0;0;3;1;0;0;0;0;0;0;0;0;-3,732766000000000;-38,498880000000000
250087;1;4;2015;14:15;19363;AV GAL OSORIO DE PAIVA;RUA IGUAPE;;0;;Colis?úo Transversal;Luz do Dia;Bom;Seca;;N?úo H?í Controle;Comercial;0;1;1;0;0;0;0;0;0;1;0;0;-3,776964000000000;-38,568617000000000
250088;1;4;2015;11:00;17551;RUA MANUEL JESUINO;RUA DR JOSE LINO;;0;;Colis?úo Transversal;Luz do Dia;Bom;Seca;Cruz;Sem?íforo;Comercial;0;1;2;1;0;0;0;0;0;1;0;0;-3,730066000000000;-38,485087000000000
250090;1;4;2015;09:00;0;AV JOSE BASTOS;;;3340;;Colis?úo Traseira;Luz do Dia;Nublado;Seca;Meio de Quadra;Sem?íforo;Misto;0;1;1;1;0;0;0;0;0;1;0;0;;
250091;1;4;2015;10:40;0;AV JOSE BASTOS;;;5546;;Colis?úo Traseira;Luz do Dia;Nublado;Seca;Meio de Quadra;Sem?íforo;Comercial;0;1;1;0;0;0;0;0;0;0;0;0;-3,760320000000000;-38,564314000000000
250093;1;4;2015;21:00;0;RUA JOAQUIM SA;;;89;;Colis?úo Transversal;Via Iluminada;Bom;Seca;Meio de Quadra;N?úo H?í Controle;Misto;0;1;1;1;0;0;1;0;0;0;0;0;-3,747330000000000;-38,511058000000000
250094;1;4;2015;07:00;25118;AV DEP PAULINO ROCHA;RUA DO CONTORNO UI 302;;0;;Colis?úo Frontal;Luz do Dia;Chuva;Molhada;Outros;Pare;Comercial;0;0;2;1;0;0;0;0;0;0;0;0;-3,809737000000000;-38,520975000000000
250135;1;4;2015;19:40;1716;AV GAL MURILO BORGES;AV GOV RAUL BARBOSA;;0;;Colis?úo Lateral;Via Iluminada;Bom;Seca;Cruz;Sem?íforo;Misto;0;0;2;1;0;0;0;0;0;0;0;0;-3,763977000000000;-38,508802000000000
250102;1;4;2015;17:40;65;RUA HUGO VITOR;RUA MARTINS NETO;;0;;Colis?úo Lateral;;Bom;Seca;Cruz;Pare;Misto;0;0;2;1;0;0;1;0;0;0;0;0;-3,740726000000000;-38,591458000000000
261161;1;4;2015;16:46;544;RUA TOMAS GONZAGA;RUA DOM JOSE TUPINAMBA;;0;;Colis?úo;Luz do Dia;;;Cruz;N?úo H?í Controle;Residencial;0;1;1;1;0;0;0;0;0;1;0;0;-3,712336000000000;-38,568839000000000
261154;1;4;2015;15:19;0;AV FRANCISCO SA;;;3964;;Colis?úo;Luz do Dia;;;Meio de Quadra;;;0;2;0;0;0;0;0;0;0;1;0;0;-3,716350000000000;-38,560488000000000
261156;1;4;2015;16:11;0;RUA PRIMEIRO DE MAIO D34;RUA ANTONIO NERY;;0;;Atropelamento;Luz do Dia;;;;;;0;1;1;1;0;0;0;0;0;0;0;0;-3,779545000000000;-38,600503000000000
261157;1;4;2015;16:31;0;AV B CJ CEARA;;;0;;Colis?úo;Luz do Dia;;;Meio de Quadra;;;0;1;1;0;0;0;0;0;0;1;0;0;;
261152;1;4;2015;13:45;0;AV FRANCISCO SA;;;0;;Colis?úo;Luz do Dia;;;Meio de Quadra;;;0;1;1;0;0;0;0;0;0;0;0;0;-3,715841000000000;-38,561999000000000
261148;1;4;2015;13:35;9127;AV 13 DE MAIO;RUA ASSUNCAO;;0;;Atropelamento;Luz do Dia;;;T;Pare;Comercial;0;2;0;0;0;0;0;0;0;1;0;0;-3,746449000000000;-38,532687000000000
261145;1;4;2015;12:42;0;RUA VITORIA;;;1505;;Colis?úo;Luz do Dia;;;Meio de Quadra;;;0;1;1;1;0;0;0;0;0;1;0;0;;
261146;1;4;2015;12:45;0;AV PRO GOMES DE MATOS;;;0;;Colis?úo;Luz do Dia;;;Meio de Quadra;;;0;1;1;1;0;0;0;0;0;1;0;0;-3,762560000000000;-38,546815000000000
261132;1;4;2015;08:07;0;AV PERIMETRAL;;;5297;;Colis?úo;Luz do Dia;;;Meio de Quadra;;;0;1;1;1;0;0;0;0;0;1;0;0;-3,828174000000000;-38,533096000000000
261143;1;4;2015;08:49;0;AV GAL OSORIO DE PAIVA;;;395;;Colis?úo;Luz do Dia;;;Meio de Quadra;;;0;1;1;1;0;0;0;0;0;1;0;0;-3,775582000000000;-38,566378000000000
261124;1;4;2015;07:27;720;RUA ENG JOAO NOGUEIRA;RUA ASSIS BEZERRA;;0;;Atropelamento;Luz do Dia;;;;;;0;2;0;0;0;0;0;0;0;1;0;0;-3,718692000000000;-38,563323000000000
261129;1;4;2015;07:59;0;AV JOSE BASTOS;;;3390;HEMOCE;Atropelamento;Luz do Dia;;;Meio de Quadra;;;0;2;0;0;0;0;0;0;0;1;0;0;-3,749136000000000;-38,549630000000000
261118;1;4;2015;07:15;35;RUA PEDRO MELO;RUA JOAQUIM LEITAO;;0;;Colis?úo;Luz do Dia;;;Cruz;Pare;Residencial;0;1;1;1;0;0;0;0;0;1;0;0;-3,744174000000000;-38,592100000000000
261182;1;4;2015;19:21;3767;AV DOMINGOS OLIMPIO;AV IMPERADOR;;0;;Colis?úo;;;;Cruz;Sem?íforo;Comercial;0;2;0;0;0;0;0;0;0;1;0;0;-3,734790000000000;-38,536697000000000
261183;1;4;2015;19:46;0;RUA PAPI JUNIOR;;;0;;Atropelamento;;;;Meio de Quadra;;;0;1;1;1;0;0;0;0;0;0;0;0;-3,749723000000000;-38,555138000000000
261184;1;4;2015;20:46;0;AV BAR STUDART;;;0;;Atropelamento;;;;Meio de Quadra;;;0;1;1;1;0;0;0;0;0;0;0;0;-3,730146000000000;-38,505149000000000
266216;1;4;2015;16:34;340;RUA CESAR FONTENELE;RUA DOM JOSE LOURENCO  D27;;0;;Colis?úo;Luz do Dia;;;Cruz;Pare;Misto;0;0;2;0;0;0;0;0;0;0;0;0;-3,745892000000000;-38,557429000000000
266217;1;4;2015;17:03;0;AV B CJ ESPERANCA;;;104;;Colis?úo;Anoitecer;;;Meio de Quadra;;;0;0;2;0;0;0;0;0;0;0;0;0;-3,816204000000000;-38,589806000000000
266218;1;4;2015;20:25;0;LOGRADOURO SEM NOME;;;372;;Colis?úo;;;;Meio de Quadra;;;0;0;2;0;0;0;0;0;0;0;0;0;;
266219;1;4;2015;22:44;6818;RUA FRANCISCO MATOS;RUA DR GILBERTO STUDART;;0;;Colis?úo;;;;Cruz;Pare;Residencial;0;0;2;0;0;0;0;0;0;0;0;0;-3,747084000000000;-38,470191000000000
266220;1;4;2015;23:23;348;RUA PRO LINO ENCARNACAO;RUA CESAR FONTENELE;;0;;Colis?úo;;;;Cruz;Pare;Misto;0;0;2;0;0;0;0;0;0;0;0;0;-3,746359000000000;-38,559596000000000
266221;1;4;2015;23:29;7790;AV DES MOREIRA;AV PONTES VIEIRA;;0;;Colis?úo;;;;Cruz;Sem?íforo;Comercial;0;0;2;0;0;0;0;0;0;0;0;0;-3,751526000000000;-38,503254000000000
250073;1;4;2015;07:10;0;AV JOR THOMAZ COELHO;;;2719;;Colis?úo Traseira;Luz do Dia;Chuva;Molhada;Meio de Quadra;Outros;Residencial;0;0;4;1;0;0;0;0;0;0;0;0;-3,828448000000000;-38,519831000000000
250074;1;4;2015;14:05;0;AV SEN CARLOS JEREISSATI (AEROPORTO);;;3000;AEROPORTO;Colis?úo Traseira;Luz do Dia;Bom;Seca;Meio de Quadra;Outros;Outros;0;0;2;1;0;0;0;0;0;0;0;0;-3,780382000000000;-38,541414000000000
250075;1;4;2015;07:30;1476;AV BAR STUDART;AV JULIO VENTURA;;0;;Colis?úo Traseira;;Nublado;Molhada;Cruz;Sem?íforo;Comercial;0;0;2;1;1;0;0;0;0;0;0;0;-3,739072000000000;-38,508029000000000
250076;1;4;2015;15:10;8949;AV BEZERRA DE MENEZES;RUA JUSTINIANO DE SERPA;;0;;Colis?úo Lateral;Luz do Dia;Bom;Seca;Cruz;Sem?íforo;Comercial;0;0;2;1;0;0;1;0;0;0;0;0;-3,731156000000000;-38,542857000000000
250077;1;4;2015;17:40;0;RUA JOAQUIM BARROSO;;;0;;Colis?úo Lateral;Anoitecer;Bom;Seca;Meio de Quadra;Pare;Comercial;0;0;2;1;0;0;0;0;0;0;0;0;;
250078;1;4;2015;09:00;1432;AV SANTOS DUMONT;AV SEN VIRGILIO TAVORA;;0;;Colis?úo Lateral;Luz do Dia;Nublado;Molhada;Cruz;Sem?íforo;Comercial;0;0;2;1;0;0;0;0;0;0;0;0;-3,737828000000000;-38,493482000000000
250081;2;4;2015;23:30;12508;RUA ALUISIO AZEVEDO;AV LINEU MACHADO;;0;;Colis?úo Traseira;Via Iluminada;Bom;Seca;Cruz;Sem?íforo;Comercial;0;0;2;1;0;0;0;0;0;1;0;0;-3,770212000000000;-38,579184000000000
250082;2;4;2015;18:40;7772;AV BAR STUDART;RUA TOMAS ACIOLI;;0;;Colis?úo Traseira;;Bom;Seca;T;Pare;Comercial;0;0;2;1;0;0;0;0;0;0;0;0;-3,744844000000000;-38,509868000000000
266222;2;4;2015;10:26;0;AV IMPERADOR;;;1784;;Colis?úo;Luz do Dia;;;Meio de Quadra;;;0;0;2;0;0;0;0;0;0;0;0;0;-3,736962000000000;-38,537378000000000
266223;2;4;2015;10:33;0;RUA PDE SA LEITAO;;;806;;Colis?úo;Luz do Dia;;;Meio de Quadra;;;0;0;2;0;0;0;0;0;0;0;0;0;-3,763571000000000;-38,582274000000000
266224;2;4;2015;11:45;25011;RUA TEODOMIRO DE CASTRO;RUA TEN JOSE BARREIRA;;0;;Colis?úo;Luz do Dia;;;;N?úo H?í Controle;Comercial;0;0;2;0;0;0;0;0;0;0;0;0;-3,718743000000000;-38,572355000000000
266225;2;4;2015;11:48;11736;RUA JULIO BRAGA;RUA ELISEU VIANA;;0;;Colis?úo;Luz do Dia;;;;;;0;0;2;0;0;0;0;0;0;0;0;0;-3,773944000000000;-38,587072000000000
266226;2;4;2015;14:08;0;RUA VALPARAISO;;;0;;Choque c/ Obst?ículo Fixo;Luz do Dia;;;Meio de Quadra;;;0;0;1;0;0;0;0;0;0;0;0;0;;
266227;2;4;2015;17:53;10105;RUA MARIA JULIA;RUA GUSTAVO BARROSO;;0;;Colis?úo;Anoitecer;;;Cruz;Pare;Comercial;0;0;2;0;0;0;0;0;0;0;0;0;-3,786307000000000;-38,598031000000000
266228;2;4;2015;18:48;0;AV PRS CASTELO BRANCO;;;0;;Colis?úo;;;;Meio de Quadra;;;0;0;2;0;0;0;0;0;0;0;0;0;;
266229;2;4;2015;20:55;0;AV PRS COSTA E SILVA;;;0;;Colis?úo;;;;Meio de Quadra;;;0;0;2;0;0;0;0;0;0;0;0;0;;
266230;2;4;2015;20:50;5235;RUA PEDRO PEREIRA;RUA PRC ISABEL;;0;;Colis?úo;;;;Cruz;Pare;Comercial;0;0;2;0;0;0;0;0;0;0;0;0;-3,727353000000000;-38,535705000000000
266231;2;4;2015;22:49;0;RUA 1 GLEBA 4S;;;0;;Colis?úo;;;;Meio de Quadra;;;0;0;2;0;0;0;0;0;0;0;0;0;;
266232;2;4;2015;21:31;0;AV PRS CASTELO BRANCO;;;3100;;Atropelamento;;;;Meio de Quadra;;;0;0;2;0;0;0;0;0;0;0;0;0;-3,711624000000000;-38,557253000000000
266233;2;4;2015;22:47;0;AV CEL CARVALHO;;;1508;;Colis?úo;;;;Meio de Quadra;;;0;0;2;0;0;0;0;0;0;0;0;0;-3,715695000000000;-38,588391000000000
261185;2;4;2015;06:57;0;RUA URUCUTUBA;;;1605;;Colis?úo;Luz do Dia;;;Meio de Quadra;;;0;1;1;1;0;0;0;0;0;1;0;0;-3,797955000000000;-38,610552000000000
261189;2;4;2015;09:47;0;RUA ALFREDO MAMEDE;;;637;;Atropelamento;Luz do Dia;;;Meio de Quadra;;;0;1;1;1;0;0;0;0;0;0;0;0;-3,810639000000000;-38,582885000000000
261190;2;4;2015;09:49;0;RUA SAO LUIS D30;;;0;;Queda;Luz do Dia;;;Meio de Quadra;;;0;1;0;0;0;0;0;0;0;1;0;0;-3,761173000000000;-38,593499000000000
261206;2;4;2015;21:12;0;AV RAD JOSE LIMA VERDE;;;740;;Colis?úo;;;;Meio de Quadra;;;0;1;1;1;0;0;0;0;0;1;0;0;-3,699402000000000;-38,587595000000000
261207;2;4;2015;21:57;0;AV MR HULL;;;0;;Atropelamento;;;;Meio de Quadra;;;0;2;0;0;0;0;0;0;0;1;0;0;;
261208;2;4;2015;22:51;0;RUA MIN ALBUQUERQUE LIMA;;;70;;Colis?úo;;;;Meio de Quadra;;;0;1;1;1;0;0;0;0;0;1;0;0;-3,766650000000000;-38,610616000000000
261204;2;4;2015;21:10;0;AV ENG LEAL LIMA VERDE (SAPIRANGA/COITE);AV MAE LISBOA;;0;;Colis?úo;;;;;;;0;1;1;1;0;0;0;0;0;1;0;0;;
261198;2;4;2015;17:04;0;AV SANTOS DUMONT;;;0;;Atropelamento;Anoitecer;;;Meio de Quadra;;;0;2;0;0;0;0;0;0;0;1;0;0;-3,741505000000000;-38,482006000000000
261199;2;4;2015;17:07;0;AV DR SILAS MUNGUBA;;;0;;Colis?úo;Anoitecer;;;Meio de Quadra;;;0;0;2;0;0;0;0;0;0;0;0;0;;
261200;2;4;2015;18:05;15350;AV DES MOREIRA;RUA PEREIRA VALENTE;;0;;Atropelamento;Anoitecer;;;Cruz;Sem?íforo;Comercial;0;1;1;0;0;0;0;0;0;1;0;0;-3,732253000000000;-38,497076000000000
261201;2;4;2015;20:02;9736;RUA OSCAR FRANCA;RUA PATO BRANCO;;0;;Atropelamento;;;;;;;0;2;0;0;0;0;0;0;0;1;0;0;-3,786182000000000;-38,617430000000000
261202;2;4;2015;20:35;0;AV JOR THOMAZ COELHO;;;0;;Atropelamento;;;;Meio de Quadra;;;0;1;1;0;0;0;0;0;0;0;0;0;-3,829923000000000;-38,509057000000000
261194;2;4;2015;12:29;13381;RUA JOAO BRIGIDO;RUA JOAO CORDEIRO;;0;;Colis?úo;Luz do Dia;;;Cruz;Sem?íforo;Residencial;0;1;1;1;0;0;0;0;0;1;0;0;-3,739927000000000;-38,517870000000000
261195;2;4;2015;13:54;0;AV GOV RAUL BARBOSA;;;0;;Queda;Luz do Dia;;;Meio de Quadra;;;0;1;0;0;0;0;0;0;0;1;0;0;-3,778196000000000;-38,513007000000000
250156;2;4;2015;07:10;0;AV ODILON GUIMARAES;;;1351;;Colis?úo Lateral;Luz do Dia;Bom;Seca;;;;0;0;2;1;0;0;1;0;0;0;0;0;-3,825962000000000;-38,479753000000000
250158;2;4;2015;13:30;22080;RUA CAP FRANCISCO PEDRO;RUA TAVARES IRACEMA;;0;;Colis?úo Transversal;Luz do Dia;Nublado;Molhada;Cruz;Pare;Residencial;0;2;0;1;0;0;0;0;0;0;0;0;-3,751952000000000;-38,553188000000000
250169;2;4;2015;11:50;24392;AV LUCIANO CARNEIRO;RUA TEODORICO BARROSO;;0;;Colis?úo Transversal;Luz do Dia;Chuva;Molhada;Cruz;Pare;Misto;0;2;1;1;0;0;0;0;0;1;0;0;-3,767956000000000;-38,537620000000000
250160;2;4;2015;13:13;5136;RUA SAO JOSE D03;RUA RUFINO DE ALENCAR;;0;;Colis?úo Lateral;Luz do Dia;Nublado;Seca;T;N?úo H?í Controle;Comercial;0;0;2;1;1;0;0;0;0;0;0;0;-3,724460000000000;-38,523826000000000
250161;2;4;2015;15:00;0;AV OLIVEIRA PAIVA;;;2555;;Colis?úo Traseira;Luz do Dia;Nublado;Molhada;Meio de Quadra;;Comercial;0;0;2;1;0;0;1;0;0;0;0;0;-3,796056000000000;-38,483793000000000
250146;2;4;2015;15:20;25910;RUA ROSITA;RUA TAQUATIARA;;0;;Colis?úo Lateral;Luz do Dia;Nublado;Seca;T;N?úo H?í Controle;Residencial;0;0;2;1;0;0;1;0;0;0;0;0;;
250148;2;4;2015;18:30;1358;AV DES MOREIRA;AV SANTOS DUMONT;;0;;Colis?úo Traseira;Anoitecer;Bom;Seca;Cruz;Sem?íforo Intermitente;Comercial;0;1;1;0;1;0;0;0;0;1;0;0;-3,736226000000000;-38,498365000000000
250149;2;4;2015;05:00;19328;RUA EDUARDO PERDIGAO;RUA CON DE CASTRO;;0;;Colis?úo Transversal;Amanhecer;Bom;Seca;Cruz;N?úo H?í Controle;Comercial;0;0;2;1;0;0;0;0;0;0;0;0;-3,775579000000000;-38,564769000000000
250137;2;4;2015;07:49;5313;RUA VINTE E QUATRO DE MAIO;RUA PEDRO I;;0;;Colis?úo Transversal;Luz do Dia;Nublado;Seca;Cruz;Pare;Comercial;0;1;1;0;0;0;1;0;0;1;0;0;-3,729830000000000;-38,532952000000000
250142;2;4;2015;08:00;15195;AV ABOLICAO;RUA JOSE NAPOLEAO;;0;;Colis?úo Transversal;Luz do Dia;Bom;Seca;Cruz;Sem?íforo Manual;Comercial;0;1;1;0;0;0;0;0;0;1;0;0;-3,726523000000000;-38,490302000000000
250175;2;4;2015;19:00;0;RUA VENEZA;;;205;;Colis?úo Frontal;Via Iluminada;Bom;Seca;Meio de Quadra;N?úo H?í Controle;Residencial;0;0;2;1;0;0;0;0;0;0;0;0;-3,836369000000000;-38,492286000000000