COD_ACIDENTE;DIA;MES;ANO;HORA;INTERSECAO;LOG1;LOG2;LOG3;NUMERO;REFERENCIA;NATUREZA;ILUMINACAO;TEMPO;SUPERFICIEPISTA;TIPOCRUZAMENTO;CONTROLETRAFEGO;USOSOLO;MORTOS;FERIDOS;ILESOS;AUTOMOVEL;ONIBUS;BICICLETA;CAMINHAO;MICROONIBUS;CICLOMOTOR;MOTOCICLETA;TRACAOANIMAL;TREM;LATITUDE;LONGITUDE
250172;2;4;2015;18:00;0;AV JOSE BASTOS;;;0;;Colis?úo Lateral;Anoitecer;Bom;Seca;Meio de Quadra;Outros;Comercial;0;0;2;1;1;0;0;0;0;0;0;0;;
250095;2;4;2015;15:45;5433;RUA METON DE ALENCAR;RUA MAJ FACUNDO;;0;;Colis?úo Transversal;Luz do Dia;Bom;Seca;Cruz;Pare;Comercial;0;0;2;1;0;0;0;0;0;0;0;0;-3,733917000000000;-38,529899000000000
250096;2;4;2015;12:00;3423;AV JOAO PESSOA;RUA ALVARO FERNANDES;;0;;Engavetamento;Luz do Dia;Chuva;Molhada;Cruz;Sem?íforo;Residencial;0;0;3;1;0;0;0;0;0;0;0;0;-3,759317000000000;-38,555648000000000
250092;2;4;2015;21:05;0;AV ALBERTO CRAVEIRO;;;507;MAKRO;Colis?úo Lateral;;Bom;Seca;Meio de Quadra;N?úo H?í Controle;Comercial;0;1;1;1;0;0;0;0;1;0;0;0;-3,781154000000000;-38,515910000000000
250083;2;4;2015;18:40;0;AV JOVITA FEITOSA;;;330;;Colis?úo Traseira;Via Iluminada;Bom;Seca;Meio de Quadra;N?úo H?í Controle;Residencial;0;0;3;1;0;0;0;0;0;0;0;0;-3,737838000000000;-38,546700000000000
250084;2;4;2015;09:40;20042;AV DR SILAS MUNGUBA;AV PRS JUSCELINO KUBITSCHEK (PASSAR?ë);;0;;Colis?úo Transversal;Luz do Dia;Nublado;Seca;Rotat??ria;Outros;Residencial;0;0;2;1;0;0;0;0;0;0;0;0;-3,807229000000000;-38,524782000000000
250089;2;4;2015;15:30;0;AV DOM LUIS;;;348;;Colis?úo Transversal;Luz do Dia;Nublado;Seca;Meio de Quadra;N?úo H?í Controle;Comercial;0;0;2;1;0;0;0;0;0;0;0;0;-3,733180000000000;-38,497567000000000
250099;2;4;2015;06:30;5191;AV DOM MANUEL;RUA PEREIRA FILGUEIRAS;;0;;Colis?úo;Luz do Dia;Bom;Seca;Cruz;Sem?íforo Manual;Residencial;0;1;1;1;0;1;0;0;0;0;0;0;-3,725943000000000;-38,520338000000000
250100;2;4;2015;14:50;0;AV DOM LUIS;;;0;;Colis?úo Traseira;Luz do Dia;Nublado;Seca;Meio de Quadra;N?úo H?í Controle;Comercial;0;0;2;1;0;0;0;0;0;0;0;0;;
250101;2;4;2015;06:40;21345;RUA JOSE SOMBRA;RUA DOM MANUEL DE MEDEIROS;;0;;Colis?úo Transversal;Luz do Dia;Bom;Seca;Cruz;Pare;Residencial;0;0;2;1;0;0;0;0;0;0;0;0;-3,735546000000000;-38,546780000000000
250107;2;4;2015;18:50;0;AV BEZERRA DE MENEZES;;;1402;;Colis?úo Traseira;Via Iluminada;Bom;Seca;Meio de Quadra;N?úo H?í Controle;Escola;0;0;2;1;0;0;0;0;0;0;0;0;-3,734181000000000;-38,557325000000000
250105;2;4;2015;10:15;0;AV JOVITA FEITOSA;;;1247;;Engavetamento;Luz do Dia;Nublado;Seca;Meio de Quadra;N?úo H?í Controle;Residencial;0;0;2;1;0;0;0;0;0;0;0;0;-3,739665000000000;-38,555491000000000
250134;2;4;2015;12:00;0;RUA JUSTINIANO DE SERPA;;;0;;Colis?úo Lateral;Luz do Dia;Chuva;Molhada;Meio de Quadra;Sem?íforo;Comercial;0;0;2;1;0;0;0;0;0;0;0;0;;
250132;2;4;2015;15:07;0;AV PRS CASTELO BRANCO;;;0;;Atropelamento;Luz do Dia;Bom;Seca;Meio de Quadra;N?úo H?í Controle;Residencial;0;1;1;0;0;0;0;0;0;0;0;0;-3,711624000000000;-38,557253000000000
250130;2;4;2015;09:00;12745;RUA JULIO CESAR D12;RUA ANA NERY;;0;;Colis?úo Transversal;Luz do Dia;Bom;Seca;Cruz;Pare;Residencial;0;1;1;1;0;0;0;0;0;1;0;0;-3,751712000000000;-38,544349000000000
257815;2;4;2015;11:40;0;RD BR 116;;;5000;KM-05;Colis?úo;Luz do Dia;;;Meio de Quadra;;;0;1;0;1;0;0;0;0;0;0;0;0;-3,796502000000000;-38,506787000000000
257816;2;4;2015;18:00;19437;RUA CASIMIRO DE ABREU;AV DR SILAS MUNGUBA;;0;;Colis?úo;Anoitecer;;;T;Sem?íforo;Misto;0;1;0;0;0;0;0;1;0;1;0;0;-3,779395000000000;-38,560637000000000
260308;2;4;2015;10:30;0;AV PRO GOMES DE MATOS;;;0;;Colis?úo;Luz do Dia;;;Meio de Quadra;;;0;0;2;1;0;0;0;0;0;0;0;0;;
260309;2;4;2015;19:53;0;TR ANARIO BRAGA;;;0;;Colis?úo;;;;Meio de Quadra;;;0;0;2;0;0;0;0;1;0;0;0;0;;
250216;3;4;2015;17:30;326;RUA PRO LINO ENCARNACAO;RUA NESTOR BARBOSA;;0;;Colis?úo Lateral;Luz do Dia;Bom;Seca;Cruz;Pare;Residencial;0;0;3;0;0;0;0;1;0;0;0;0;-3,744954000000000;-38,559892000000000
250226;3;4;2015;10:15;17899;AV SGT HERMINIO SAMPAIO;RUA EVANDRO LUZ;;0;;Colis?úo Transversal;Luz do Dia;Bom;Seca;Duplo T;Pare;Comercial;0;0;2;1;0;0;0;0;0;1;0;0;-3,730841000000000;-38,577549000000000
250224;3;4;2015;05:00;22353;AV BEZERRA DE MENEZES;RUA AMADEU FURTADO;;0;;Colis?úo Transversal;Amanhecer;Bom;;Cruz;;;0;0;2;1;0;0;0;0;0;0;0;0;-3,735601000000000;-38,564151000000000
250180;3;4;2015;08:05;0;RUA PDE PEDRO DE ALENCAR;;;629;;Colis?úo Transversal;Luz do Dia;Bom;Seca;Meio de Quadra;Outros;Residencial;0;0;2;0;1;0;0;0;0;0;0;0;-3,833459000000000;-38,494061000000000
250184;3;4;2015;19:00;0;AV DR SILAS MUNGUBA;;;6400;;Queda;Via Iluminada;Nublado;Seca;Meio de Quadra;N?úo H?í Controle;Comercial;0;1;0;0;0;0;0;0;0;1;0;0;-3,800265000000000;-38,530419000000000
250193;3;4;2015;13:40;15367;RUA PEREIRA VALENTE;RUA CEL JUCA;;0;;Colis?úo Transversal;Luz do Dia;Chuva;Molhada;Cruz;Pare;Residencial;0;0;2;1;0;0;0;0;0;0;0;0;-3,734439000000000;-38,490267000000000
250200;3;4;2015;06:15;12819;AV PRO GOMES DE MATOS;RUA ANDRE CHAVES;;0;;Colis?úo Lateral;Luz do Dia;Bom;Seca;Cruz;Sem?íforo;Comercial;0;0;2;1;0;0;0;0;0;1;0;0;-3,756396000000000;-38,541533000000000
250201;3;4;2015;10:15;12426;AV SEN FERNANDES TAVORA;RUA RIBEIRO LEITAO;;0;;Colis?úo Transversal;Luz do Dia;Bom;Seca;Cruz;Pare;Residencial;0;1;1;1;0;0;0;0;0;1;0;0;-3,764304000000000;-38,578199000000000
250203;3;4;2015;12:30;0;AV GODOFREDO MACIEL;;;2841;;Colis?úo Traseira;Luz do Dia;Nublado;Seca;Meio de Quadra;;Comercial;0;0;3;1;0;0;0;0;0;0;0;0;-3,800271000000000;-38,571102000000000
250207;3;4;2015;20:00;0;RUA STA LIDUINA D42;;;339;;Choque c/ Obst?ículo Fixo;Via Iluminada;Bom;Seca;Meio de Quadra;N?úo H?í Controle;Outros;0;1;0;1;0;0;0;0;0;0;0;0;-3,801022000000000;-38,585182000000000
250208;3;4;2015;10:50;0;AV SANTOS DUMONT;;;7799;;Choque c/ Obst?ículo Fixo;Luz do Dia;Bom;Seca;Meio de Quadra;N?úo H?í Controle;Misto;0;1;0;1;0;0;0;0;0;0;0;0;-3,747388000000000;-38,463740000000000
250209;3;4;2015;19:57;0;AV BENJAMIM BRASIL;;;2350;;Colis?úo Lateral;Anoitecer;Bom;Seca;Meio de Quadra;Pare;Comercial;0;1;1;0;0;0;0;0;0;1;0;0;-3,809120000000000;-38,556106000000000
250210;3;4;2015;21:39;19328;RUA EDUARDO PERDIGAO;RUA CON DE CASTRO;;0;;Colis?úo Transversal;Mal Iluminada;Bom;Seca;Cruz;N?úo H?í Controle;Comercial;0;1;1;0;1;0;0;0;0;1;0;0;-3,775579000000000;-38,564769000000000
250211;3;4;2015;19:10;5490;AV AGUANAMBI;RUA PDE VALDEVINO;;0;;Colis?úo Lateral;Via Iluminada;Bom;Seca;Cruz;N?úo H?í Controle;Comercial;0;0;2;1;1;0;0;0;0;0;0;0;-3,736873000000000;-38,523967000000000
250214;3;4;2015;14:40;0;RUA PERGENTINO MAIA;;;1500;;Outros;Luz do Dia;Bom;Seca;Meio de Quadra;N?úo H?í Controle;Residencial;0;0;3;1;0;0;0;0;0;1;0;0;-3,832542000000000;-38,480890000000000
250155;3;4;2015;19:00;7990;RUA JOAO SORONGO;RUA CARLOS CAMARA;;0;;Colis?úo Transversal;;Bom;Seca;Cruz;Pare;Residencial;0;0;2;1;0;0;0;0;0;0;0;0;-3,749406000000000;-38,545224000000000
250205;3;4;2015;12:00;0;RUA CEL VIRGILIO NOGUEIRA (BOM JARDIM);;;108;;Colis?úo Lateral;Luz do Dia;Bom;Seca;Meio de Quadra;N?úo H?í Controle;Residencial;0;1;1;1;0;0;0;0;0;1;0;0;-3,783912000000000;-38,607156000000000
261210;3;4;2015;01:18;0;RUA CON DE CASTRO;;;33;;Colis?úo;;;;Meio de Quadra;;;0;0;2;0;0;0;0;0;0;0;0;0;-3,775060000000000;-38,564270000000000
261213;3;4;2015;10:47;0;AV PRS COSTA E SILVA;;;0;;Colis?úo;Luz do Dia;;;Meio de Quadra;;;0;0;2;0;0;0;0;0;0;0;0;0;;
261214;3;4;2015;11:28;0;RUA PIAUI;;;0;;Colis?úo;Luz do Dia;;;Meio de Quadra;;;0;1;1;0;0;0;0;0;0;0;0;0;-3,750498000000000;-38,573917000000000
261224;3;4;2015;18:46;0;AV FRANCISCO SA;;;0;;Colis?úo;;;;Meio de Quadra;;;0;1;1;0;0;0;0;0;0;0;0;0;;
261226;3;4;2015;20:52;0;RUA CAP JOAO FERREIRA LIMA;;;0;;Queda;;;;Meio de Quadra;;;0;1;0;0;0;0;0;0;0;1;0;0;;
261227;3;4;2015;21:47;0;RUA MURITIAPUA;;;0;;Queda;;;;Meio de Quadra;;;0;1;0;0;0;1;0;0;0;0;0;0;-3,819078000000000;-38,469191000000000
261228;3;4;2015;21:55;0;AV GAL OSORIO DE PAIVA;;;6297;;Colis?úo;;;;Meio de Quadra;;;0;1;1;1;0;0;0;0;0;1;0;0;-3,810793000000000;-38,607921000000000
261229;3;4;2015;23:42;0;AV MON SALVIANO;;;0;;Atropelamento;;;;Meio de Quadra;;;0;1;1;1;0;0;0;0;0;0;0;0;-3,775304000000000;-38,569862000000000
261220;3;4;2015;11:47;0;RUA LEON GRADVOHL;;;0;;;Luz do Dia;;;Meio de Quadra;;;0;1;1;0;0;0;0;0;0;0;0;0;-3,798911000000000;-38,567073000000000
261221;3;4;2015;13:46;0;RUA CON DE CASTRO;;;0;;Queda;Luz do Dia;;;Meio de Quadra;;;0;1;0;0;0;0;0;0;0;1;0;0;-3,805216000000000;-38,592102000000000
261222;3;4;2015;16:15;0;AV GAL OSORIO DE PAIVA;;;0;;Choque c/ Obst?ículo Fixo;Luz do Dia;;;Meio de Quadra;;;0;1;0;1;0;0;0;0;0;0;0;0;-3,819256000000000;-38,616130000000000
266234;3;4;2015;00:52;0;RUA GUERRA JUNQUEIRO;;;665;;Colis?úo;;;;Meio de Quadra;;;0;0;2;0;0;0;0;0;0;0;0;0;-3,781124000000000;-38,548884000000000
266235;3;4;2015;01:21;9039;RUA BAR RIO BRANCO;RUA PDE MIGUELINHO;;0;;Colis?úo;;;;Cruz;Pare;Residencial;0;0;2;0;0;0;0;0;0;0;0;0;-3,742749000000000;-38,533460000000000
266236;3;4;2015;04:27;0;RUA JOAO FIRMINO;;;340;;Choque c/ Obst?ículo Fixo;;;;Meio de Quadra;;;0;0;1;0;0;0;0;0;0;0;0;0;-3,762031000000000;-38,553589000000000
266237;3;4;2015;07:01;0;RUA VALPARAISO;;;0;;Choque c/ Obst?ículo Fixo;Luz do Dia;;;Meio de Quadra;;;0;0;1;0;0;0;0;0;0;0;0;0;;
266238;3;4;2015;10:20;7348;RUA MANAUS;RUA COS ARAUJO LIMA;;0;;Colis?úo;Luz do Dia;;;Cruz;N?úo H?í Controle;Residencial;0;0;2;0;0;0;0;0;0;0;0;0;-3,750379000000000;-38,589452000000000
266239;3;4;2015;10:36;0;AV JOVITA FEITOSA;;;0;;Colis?úo;Luz do Dia;;;Meio de Quadra;;;0;0;2;0;0;0;0;0;0;0;0;0;;
266240;3;4;2015;10:56;0;AV ZEZE DIOGO;;;6357;;Colis?úo;Luz do Dia;;;Meio de Quadra;;;0;0;2;0;0;0;0;0;0;0;0;0;;
266241;3;4;2015;16:12;0;RUA TOMAS GONZAGA;;;388;;Colis?úo;Luz do Dia;;;Meio de Quadra;;;0;0;2;0;0;0;0;0;0;0;0;0;-3,706814000000000;-38,566977000000000
266242;3;4;2015;18:58;0;AV GENIBAU;;;150;;Choque c/ Obst?ículo Fixo;;;;Meio de Quadra;;;0;0;1;0;0;0;0;0;0;0;0;0;-3,761502000000000;-38,596311000000000
266243;3;4;2015;19:25;0;AV PRS COSTA E SILVA;;;0;;Choque c/ Obst?ículo Fixo;;;;Meio de Quadra;;;0;0;1;0;0;0;0;0;0;0;0;0;;
257841;3;4;2015;16:25;3337;AV ENG HUMBERTO MONTE;RUA RIO GRANDE DO SUL;;0;;Choque c/ Obst?ículo Fixo;Luz do Dia;;;T;Pare;Comercial;0;1;0;0;0;0;0;0;0;0;0;0;-3,749204000000000;-38,560374000000000
257842;3;4;2015;18:35;13177;AV D CJ JOSE WALTER;AV I CJ JOSE WALTER;;0;;Colis?úo;;;;Rotat??ria;D?¬ Prefer?¬ncia;Residencial;0;1;0;1;0;0;0;0;0;1;0;0;-3,832440000000000;-38,552957000000000
257843;3;4;2015;18:27;0;RD CE-025;;;0;KM-03;Atropelamento;Anoitecer;;Seca;Meio de Quadra;;;0;1;1;1;0;0;0;0;0;0;0;0;-3,805236000000000;-38,446791000000000
266244;4;4;2015;03:23;19539;RUA EQUADOR;AV DR SILAS MUNGUBA;;0;;Choque c/ Obst?ículo Fixo;;;;Cruz;Sem?íforo;Comercial;0;0;1;0;0;0;0;0;0;0;0;0;-3,782377000000000;-38,555434000000000
266245;4;4;2015;20:25;0;AV PERIMETRAL;;;0;;Colis?úo;;;;Meio de Quadra;;;0;0;2;0;0;0;0;0;0;0;0;0;;
266246;4;4;2015;22:30;5055;AV ALM TAMANDARE;RUA DRAGAO DO MAR;;0;;Colis?úo;;;;;;;0;0;2;0;0;0;0;0;0;0;0;0;-3,721844000000000;-38,519897000000000
266247;4;4;2015;23:22;13007;RUA BERNARDO MANUEL;AV JOAO DE ARAUJO LIMA;;0;;Colis?úo;;;;Cruz;Pare;Comercial;0;0;2;0;0;0;0;0;0;0;0;0;;
261231;4;4;2015;04:18;0;RUA BERNARDO MANUEL;;;0;;Colis?úo;;;;Meio de Quadra;;;0;1;1;1;0;0;0;0;0;1;0;0;;
261237;4;4;2015;12:25;0;AV FRE CIRILO;;;0;;Colis?úo;Luz do Dia;;;Meio de Quadra;;;0;2;0;0;0;0;0;0;0;1;0;0;-3,818496000000000;-38,496896000000000
261239;4;4;2015;16:18;0;RUA MANUEL JACARE;;;0;;Atropelamento;Luz do Dia;;;Meio de Quadra;;;0;1;1;1;0;0;0;0;0;0;0;0;-3,725285000000000;-38,487524000000000
261244;4;4;2015;17:35;0;AV CARAPINIMA;;;0;;Colis?úo;Anoitecer;;;Meio de Quadra;;;0;1;1;1;0;0;0;0;0;1;0;0;;
261245;4;4;2015;19:08;0;AV GAL OSORIO DE PAIVA;;;0;;Queda;;;;Meio de Quadra;;;0;1;0;0;0;1;0;0;0;0;0;0;;
250206;4;4;2015;04:40;15197;RUA DEP MOREIRA DA ROCHA;RUA ANTONIO AUGUSTO;;0;;Colis?úo Transversal;Amanhecer;Bom;Seca;Cruz;Pare;Residencial;0;1;1;1;0;0;0;0;0;0;0;0;-3,726544000000000;-38,512260000000000
250183;4;4;2015;19:35;6285;AV C CJ CEARA;AV G CJ CEARA;;0;;Colis?úo Transversal;Mal Iluminada;Bom;Seca;T;N?úo H?í Controle;Residencial;0;3;0;0;1;0;0;0;0;1;0;0;;
250157;4;4;2015;13:45;12925;AV AGUANAMBI;AV DOMINGOS OLIMPIO;;0;;Colis?úo Lateral;Luz do Dia;Bom;Seca;Cruz;Sem?íforo;Comercial;0;0;2;1;0;0;0;0;0;0;0;0;-3,738683000000000;-38,524628000000000
250159;4;4;2015;19:43;13495;RUA ILDEFONSO ALBANO;RUA CEL ALVES TEIXEIRA;;0;;Colis?úo Transversal;;Bom;Seca;Cruz;Pare;Residencial;0;1;1;1;0;0;0;0;0;1;0;0;-3,745590000000000;-38,517296000000000
250143;4;4;2015;11:30;19663;AV BEZERRA DE MENEZES;RUA COS ALVARO DE OLIVEIRA;;0;;Colis?úo Lateral;Luz do Dia;Bom;Seca;Cruz;Pare;Comercial;0;0;2;1;0;0;0;0;0;0;0;0;-3,734032000000000;-38,556570000000000
250144;4;4;2015;19:00;0;RUA MIMOSA COELHO;;;142;;Colis?úo Traseira;Via Iluminada;Bom;Seca;Meio de Quadra;N?úo H?í Controle;Residencial;0;0;1;1;0;0;0;0;0;0;0;0;-3,794826000000000;-38,570108000000000
250145;4;4;2015;22:39;0;RUA EMILIO DE MENESES;;;937;;Choque c/ Obst?ículo Fixo;Via Iluminada;Bom;Seca;Meio de Quadra;N?úo H?í Controle;Residencial;1;2;0;1;0;0;0;0;0;1;0;0;-3,781050000000000;-38,589902000000000
250138;4;4;2015;19:50;0;AV ABOLICAO;;;2960;;Colis?úo Lateral;Via Iluminada;Bom;Seca;Meio de Quadra;N?úo H?í Controle;Misto;0;0;2;0;0;0;0;0;0;0;0;0;-3,726939000000000;-38,493002000000000
250139;4;4;2015;12:40;17292;RUA SATIRO DIAS;RUA QUEIROZ RIBEIRO;;0;;Colis?úo Transversal;Luz do Dia;Bom;Seca;Cruz;Pare;Comercial;0;0;2;1;0;0;0;0;0;0;0;0;-3,763284000000000;-38,546118000000000
250140;4;4;2015;10:15;0;AV 13 DE MAIO;;;1995;;Colis?úo Traseira;Luz do Dia;Nublado;Seca;Meio de Quadra;;Misto;0;1;1;1;0;0;0;0;0;1;0;0;-3,744461000000000;-38,535031000000000
250141;4;4;2015;18:00;2614;AV CEL CARVALHO;RUA DES HERMES PARAHYBA;;0;;Colis?úo Traseira;Via Iluminada;Bom;Seca;Cruz;N?úo H?í Controle;Misto;0;0;3;1;0;0;0;0;0;0;0;0;-3,713855000000000;-38,588830000000000
250150;4;4;2015;16:00;0;RUA PRIMEIRO DE JANEIRO;;;0;;Colis?úo Traseira;Luz do Dia;Bom;Seca;Meio de Quadra;N?úo H?í Controle;Comercial;0;2;0;0;0;0;0;0;0;1;0;0;;
250151;4;4;2015;08:30;14431;AV SGT HERMINIO SAMPAIO;RUA CONRADO CABRAL;;0;;Colis?úo Transversal;Luz do Dia;Nublado;Seca;T;Pare;Residencial;0;1;1;1;0;0;0;0;0;1;0;0;-3,724537000000000;-38,548837000000000
250152;4;4;2015;13:45;0;RUA CON DE CASTRO;;;0;;Colis?úo Transversal;Luz do Dia;Bom;Seca;Meio de Quadra;Pare;Comercial;0;0;2;1;0;0;0;0;0;0;0;0;;
250153;4;4;2015;07:50;11057;AV DOS EXPEDICIONARIOS;AV DR SILAS MUNGUBA;;0;;Colis?úo Lateral;Luz do Dia;Nublado;Seca;Cruz;Sem?íforo;Comercial;0;0;2;1;0;0;0;0;0;0;0;0;-3,787538000000000;-38,547960000000000
250154;4;4;2015;10:00;19436;AV AUGUSTO DOS ANJOS;RUA SEIXAS CORREIA;;0;;Colis?úo Transversal;Luz do Dia;Nublado;Seca;Outros;Sem?íforo;Comercial;0;1;1;1;0;0;0;0;0;1;0;0;-3,779412000000000;-38,578496000000000
250147;4;4;2015;16:00;0;RUA MIGUEL GURGEL;;;0;;Colis?úo Traseira;Luz do Dia;Bom;Seca;Meio de Quadra;Pare;Comercial;0;1;1;1;0;0;0;0;0;1;0;0;;
250136;4;4;2015;19:20;19323;RUA CARLOS AMORA;ET FERRO BATURITE;;0;;Colis?úo Traseira;Via Iluminada;Bom;Seca;T;N?úo H?í Controle;Comercial;0;0;2;1;0;0;0;0;0;0;0;0;-3,775394000000000;-38,563495000000000
260310;4;4;2015;14:18;0;RUA BETA;;;0;;Colis?úo;Luz do Dia;;;Meio de Quadra;;;0;0;3;1;1;0;0;0;0;0;0;0;;
260496;4;4;2015;08:08;0;AV DR THEBERGE;;;0;;Colis?úo;Luz do Dia;;;Meio de Quadra;;;0;1;0;0;0;0;0;0;0;0;0;0;;
258829;4;4;2015;02:20;0;RD BR 116;;;3000;KM-03;Capotamento;Via Iluminada;Bom;Seca;Meio de Quadra;N?úo H?í Controle;Comercial;0;0;1;1;0;0;0;0;0;0;0;0;-3,779838000000000;-38,514372000000000
250486;4;4;2015;08:40;1405;AV SANTOS DUMONT;RUA VICENTE LEITE;;0;;Colis?úo Transversal;Luz do Dia;Chuva;Molhada;Cruz;Sem?íforo;Comercial;0;1;1;0;0;0;0;0;0;1;0;0;-3,737173000000000;-38,495419000000000
250483;4;4;2015;12:35;5433;RUA METON DE ALENCAR;RUA MAJ FACUNDO;;0;;Colis?úo Transversal;Luz do Dia;Bom;Seca;Cruz;Pare;Comercial;0;1;1;1;0;0;0;0;0;1;0;0;-3,733917000000000;-38,529899000000000
261656;5;4;2015;10:47;0;AV WASHINGTON SOARES;;;0;;Colis?úo;Luz do Dia;;;Meio de Quadra;;;0;1;1;0;0;0;0;0;0;0;0;0;;
261657;5;4;2015;12:43;0;AV CASTELO DE CASTRO;;;0;;Atropelamento;Luz do Dia;;;Meio de Quadra;;;0;2;0;0;0;0;0;0;0;1;0;0;-3,838463000000000;-38,521733000000000
261659;5;4;2015;13:10;0;RUA PRO HERIBALDO COSTA;;;0;;Colis?úo;Luz do Dia;;;Meio de Quadra;;;0;1;1;1;0;0;0;0;0;1;0;0;-3,768905000000000;-38,588506000000000
261660;5;4;2015;13:15;0;AV HIS RAIMUNDO GIRAO;;;0;;Colis?úo;Luz do Dia;;;Meio de Quadra;;;0;1;1;1;0;0;0;0;0;1;0;0;;
261664;5;4;2015;19:31;0;AV AGUANAMBI;;;0;;Colis?úo;;;;Meio de Quadra;;;0;1;1;1;0;0;0;0;0;1;0;0;;
261671;5;4;2015;19:41;0;AV BEIRA MAR;;;0;;Colis?úo;;;;Meio de Quadra;;;0;1;1;1;0;0;0;0;0;1;0;0;-3,722600000000000;-38,481728000000000
261653;5;4;2015;10:20;0;RUA MON DANTAS;;;0;;Atropelamento;Luz do Dia;;;Meio de Quadra;;;0;2;0;0;0;0;0;0;0;1;0;0;;
261651;5;4;2015;09:17;0;AV DES MOREIRA;;;0;;Queda;Luz do Dia;;;Meio de Quadra;;;0;1;0;0;0;1;0;0;0;0;0;0;-3,728479000000000;-38,495835000000000
261643;5;4;2015;04:09;49;RUA HUGO VITOR;RUA TEN QUEIROZ;;0;;Colis?úo;;;;Cruz;Pare;Misto;0;1;1;0;0;0;0;0;0;0;0;0;-3,745141000000000;-38,590837000000000
261641;5;4;2015;00:39;0;AV BAR STUDART;;;0;;Colis?úo;;;;Meio de Quadra;;;0;1;1;1;0;0;0;0;0;1;0;0;;
261816;5;4;2015;08:42;2326;RUA SEN ROBERT KENNEDY;AV PRS CASTELO BRANCO;;0;;Atropelamento;Luz do Dia;;;Cruz;Sem?íforo;Residencial;0;1;1;1;0;0;0;0;0;0;0;0;-3,704117000000000;-38,579042000000000
250170;5;4;2015;17:22;13091;AV C CJ JOSE WALTER;AV L CJ JOSE WALTER;;0;;Colis?úo Lateral;Anoitecer;Bom;Seca;Rotat??ria;D?¬ Prefer?¬ncia;Outros;0;0;2;1;0;0;0;0;0;0;0;0;-3,828424000000000;-38,556737000000000
250171;5;4;2015;11:15;5437;RUA METON DE ALENCAR;RUA FLORIANO PEIXOTO;;0;;Colis?úo Transversal;Luz do Dia;Bom;Seca;Cruz;Pare;Comercial;0;0;2;1;0;0;0;0;0;0;0;0;-3,734071000000000;-38,529358000000000
250162;5;4;2015;;0;AV GODOFREDO MACIEL;;;0;;Colis?úo Lateral;Luz do Dia;Bom;Seca;;;;0;0;2;1;1;0;0;0;0;0;0;0;;
250163;5;4;2015;21:00;0;AV CARAPINIMA;;;2415;;Colis?úo Lateral;Via Iluminada;Bom;Seca;Meio de Quadra;Sem?íforo;Comercial;0;0;2;1;0;0;0;0;0;0;0;0;-3,740648000000000;-38,540886000000000
250164;5;4;2015;19:00;17265;RUA SATIRO DIAS;RUA ALBERTO MAGNO;;0;;Colis?úo Frontal;Via Iluminada;Bom;Seca;Cruz;Pare;Comercial;0;1;1;0;1;0;0;0;0;1;0;0;-3,762063000000000;-38,547531000000000
250165;5;4;2015;18:00;26136;AV ENG LEAL LIMA VERDE (SAPIRANGA/COITE);RUA EDUARDO NOVAES;;0;;Colis?úo Transversal;Via Iluminada;Bom;Seca;Cruz;N?úo H?í Controle;Residencial;0;0;2;1;0;0;0;0;0;0;0;0;-3,800353000000000;-38,475282000000000
250166;5;4;2015;07:00;15339;RUA FRE MANSUETO;RUA ANA BILHAR;;0;;Colis?úo Frontal;Luz do Dia;Bom;Seca;Cruz;Sem?íforo;Residencial;0;1;1;1;0;0;0;0;1;0;0;0;-3,731552000000000;-38,488841000000000
250167;5;4;2015;10:20;5200;RUA TEN BENEVOLO;RUA GONCALVES LEDO;;0;;Colis?úo Lateral;Luz do Dia;Bom;Seca;Cruz;N?úo H?í Controle;Comercial;0;0;2;1;1;0;0;0;0;0;0;0;-3,726183000000000;-38,514537000000000
250168;5;4;2015;13:00;19109;RUA PAULO MORAIS;RUA JULIO AZEVEDO;;0;;Colis?úo Frontal;Luz do Dia;Bom;Seca;Outros;Pare;Residencial;0;1;1;0;1;0;0;0;0;1;0;0;-3,738042000000000;-38,479186000000000
250185;5;4;2015;01:35;25942;AV JOSE BASTOS;AV SGT HERMINIO SAMPAIO;;0;;Colis?úo Transversal;Via Iluminada;Bom;Seca;Cruz;Sem?íforo;Comercial;0;2;1;1;0;0;0;0;0;0;0;0;-3,724690000000000;-38,545900000000000
250186;5;4;2015;;0;RUA DOS SABIAS;;;601;;Colis?úo Lateral;;Bom;Seca;Meio de Quadra;;Residencial;0;1;1;1;0;0;0;0;0;0;0;0;;
250187;5;4;2015;07:10;0;RUA DA SAUDADE D04;;;785;;Colis?úo Traseira;Luz do Dia;Bom;Seca;Meio de Quadra;N?úo H?í Controle;Residencial;0;0;2;1;0;0;0;0;0;0;0;0;;
250188;5;4;2015;07:40;0;RUA MAL DEODORO;;;755;;Colis?úo Lateral;Luz do Dia;Bom;Seca;Meio de Quadra;Pare;Misto;0;0;2;1;1;0;0;0;0;0;0;0;-3,742012000000000;-38,536096000000000
250189;5;4;2015;06:00;0;AV GAL OSORIO DE PAIVA;;;2946;;Colis?úo Traseira;Luz do Dia;Bom;Seca;Meio de Quadra;Pare;Comercial;0;1;1;0;0;0;0;0;0;1;0;0;-3,788269000000000;-38,586023000000000