COD_ACIDENTE;DIA;MES;ANO;HORA;INTERSECAO;LOG1;LOG2;LOG3;NUMERO;REFERENCIA;NATUREZA;ILUMINACAO;TEMPO;SUPERFICIEPISTA;TIPOCRUZAMENTO;CONTROLETRAFEGO;USOSOLO;MORTOS;FERIDOS;ILESOS;AUTOMOVEL;ONIBUS;BICICLETA;CAMINHAO;MICROONIBUS;CICLOMOTOR;MOTOCICLETA;TRACAOANIMAL;TREM;LATITUDE;LONGITUDE
250190;5;4;2015;20:00;19739;RUA GUSTAVO SAMPAIO;RUA MOREIRA DE SOUSA;;0;;Colis?úo Transversal;Via Iluminada;Bom;Seca;Cruz;Pare;Residencial;0;1;1;1;0;0;0;0;0;1;0;0;-3,737367000000000;-38,566650000000000
250181;5;4;2015;02:15;9020;RUA JAIME BENEVOLO;RUA SALDANHA MARINHO;;0;;Colis?úo Transversal;Via Iluminada;Bom;Seca;Cruz;Sem?íforo;Comercial;0;1;1;1;0;0;0;0;0;0;0;0;-3,743046000000000;-38,528994000000000
250182;5;4;2015;09:00;5258;RUA PDE MORORO;RUA PEDRO I;;0;;Colis?úo Transversal;Luz do Dia;Nublado;Seca;Cruz;Pare;Residencial;0;1;2;1;0;0;1;0;0;0;0;0;-3,728123000000000;-38,538290000000000
250173;5;4;2015;20:03;7650;AV CARNEIRO DE MENDONCA;RUA BELO HORIZONTE;;0;;Colis?úo Lateral;Via Iluminada;Bom;Seca;Cruz;Pare;Comercial;0;1;2;1;0;0;0;0;0;0;0;0;-3,763666000000000;-38,567567000000000
250174;5;4;2015;18:15;19596;RUA NEREU RAMOS;RUA TCHECOSLOVAQUIA;;0;;Colis?úo Lateral;Via Iluminada;Bom;Seca;Cruz;Pare;Comercial;0;1;1;1;0;0;0;0;0;0;0;0;-3,785913000000000;-38,570458000000000
250176;5;4;2015;02:30;19044;RUA JULIO AZEVEDO;RUA AVILA GOULART;;0;;Choque c/ Obst?ículo Fixo;Amanhecer;Bom;Seca;Cruz;Pare;Residencial;0;0;1;1;0;0;0;0;0;0;0;0;-3,735906000000000;-38,477882000000000
250177;5;4;2015;13:00;0;AV JOVITA FEITOSA;;;2870;;Colis?úo Lateral;Luz do Dia;Bom;Seca;Meio de Quadra;;Residencial;0;1;1;1;0;0;0;0;0;0;0;0;-3,741267000000000;-38,563374000000000
250178;5;4;2015;13:46;24915;AV DA INDEPENDENCIA;RUA ANTONIO ARRUDA;;0;;Colis?úo Transversal;Luz do Dia;Bom;Seca;T;Pare;Misto;0;1;1;1;0;0;0;0;1;0;0;0;-3,725549000000000;-38,595586000000000
250179;5;4;2015;19:00;0;AV CENTRAL CJ CEARA;;;0;TERMINAL;Colis?úo Frontal;Via Iluminada;Bom;Seca;Meio de Quadra;N?úo H?í Controle;Misto;0;0;2;1;0;0;0;0;0;0;0;0;;
261249;5;4;2015;00:15;0;RUA CEREJEIRAS;;;1117;;Colis?úo;;;;Meio de Quadra;;;0;1;1;1;0;1;0;0;0;0;0;0;-3,820314000000000;-38,598244000000000
266248;5;4;2015;00:13;0;AV F CJ CEARA;;;257;;Colis?úo;;;;Meio de Quadra;;;0;0;2;0;0;0;0;0;0;0;0;0;-3,763543000000000;-38,607474000000000
266249;5;4;2015;02:02;0;RUA ROSINHA SAMPAIO;;;980;;Colis?úo;;;;Meio de Quadra;;;0;0;2;0;0;0;0;0;0;0;0;0;-3,726717000000000;-38,587748000000000
266250;5;4;2015;02:04;0;AV SEN FERNANDES TAVORA;;;2978;;Colis?úo;;;;Meio de Quadra;;;0;0;2;0;0;0;0;0;0;0;0;0;-3,755118000000000;-38,598299000000000
266251;5;4;2015;04:51;0;AV SEN FERNANDES TAVORA;;;571;;Colis?úo;;;;Meio de Quadra;;;0;0;2;0;0;0;0;0;0;0;0;0;-3,764720000000000;-38,577416000000000
266252;5;4;2015;10:42;25854;AV EDILSON B SOARES;RUA ANIBAL F BONAVIDES;;0;;Colis?úo;Luz do Dia;;;Cruz;Pare;Residencial;0;0;2;0;0;0;0;0;0;0;0;0;-3,789009000000000;-38,475387000000000
266253;5;4;2015;19:52;0;RUA LOURDES VIDAL ALVES;;;766;;Colis?úo;;;;Meio de Quadra;;;0;0;2;0;0;0;0;0;0;0;0;0;-3,825043000000000;-38,473264000000000
266254;5;4;2015;23:40;0;AV PRS COSTA E SILVA;;;0;;Colis?úo;;;;Meio de Quadra;;;0;0;2;0;0;0;0;0;0;0;0;0;;
257847;5;4;2015;13:40;12837;RUA JAIME BENEVOLO;AV DOMINGOS OLIMPIO;;0;;Colis?úo;Luz do Dia;;;Cruz;Sem?íforo;Comercial;0;1;0;0;0;0;0;0;0;1;0;0;-3,737780000000000;-38,527245000000000
257849;5;4;2015;14:20;0;RD CE-040;;;5740;KM-08;Colis?úo;Luz do Dia;Bom;Seca;Meio de Quadra;;;0;1;1;1;0;0;0;0;0;0;0;0;-3,809556000000000;-38,478772000000000
257859;6;4;2015;21:00;19759;RUA AZEVEDO BOLAO;RUA AMADEU FURTADO;;0;;Colis?úo;;;;Cruz;Pare;Residencial;0;1;0;1;0;0;0;0;0;1;0;0;-3,737863000000000;-38,563588000000000
257857;6;4;2015;20:12;0;RD CE-025;;;0;KM-06;Colis?úo;;;;Meio de Quadra;;;0;1;0;1;0;0;0;0;0;1;0;0;-3,810993000000000;-38,426982000000000
266255;6;4;2015;10:13;0;AV 13 DE MAIO;;;1079;;Colis?úo;Luz do Dia;;;Meio de Quadra;;;0;0;2;0;0;0;0;0;0;0;0;0;;
266256;6;4;2015;19:40;0;RUA MIN ABNER VASCONCELOS;;;540;;Colis?úo;;;;Meio de Quadra;;;0;0;2;0;0;0;0;0;0;0;0;0;;
266257;6;4;2015;21:22;0;RUA STA MARIA GORETE;;;228;;Colis?úo;;;;Meio de Quadra;;;0;0;2;0;0;0;0;0;0;0;0;0;-3,725507000000000;-38,602351000000000
266258;6;4;2015;21:30;0;RUA ANTONIO NERY;;;913;;Colis?úo;;;;Meio de Quadra;;;0;0;2;0;0;0;0;0;0;0;0;0;-3,780414000000000;-38,600822000000000
266259;6;4;2015;21:33;0;AV PRS COSTA E SILVA;;;2540;;Colis?úo;;;;Meio de Quadra;;;0;0;2;0;0;0;0;0;0;0;0;0;-3,820590000000000;-38,559433000000000
266260;6;4;2015;22:56;0;AV DIOGUINHO;;;0;;Colis?úo;;;;Meio de Quadra;;;0;0;2;0;0;0;0;0;0;0;0;0;;
250406;6;4;2015;08:10;4531;AV DEP PAULINO ROCHA;RUA ENF JOAQUIM PINTO;;0;;Colis?úo Transversal;Luz do Dia;Bom;Seca;T;Pare;Residencial;0;1;1;1;0;0;0;0;0;1;0;0;-3,803203000000000;-38,507774000000000
250398;6;4;2015;20:00;0;AV PONTES VIEIRA;;;0;;Colis?úo Traseira;Via Iluminada;Bom;Seca;Meio de Quadra;Sem?íforo;Comercial;0;0;2;1;0;0;0;0;0;0;0;0;;
250400;6;4;2015;09:30;0;AV JOVITA FEITOSA;;;0;;Colis?úo Traseira;Luz do Dia;Bom;Seca;Meio de Quadra;Sem?íforo;Comercial;0;0;2;1;0;0;1;0;0;0;0;0;;
250403;6;4;2015;07:15;1737;RUA CAP ARAGAO;RUA ALECRIN;;0;;Colis?úo Lateral;Luz do Dia;Bom;Seca;Cruz;Pare;Comercial;0;0;2;1;0;0;0;0;0;0;0;0;-3,764185000000000;-38,509505000000000
250404;6;4;2015;13:15;0;AV ENG LEAL LIMA VERDE (SAPIRANGA/COITE);;;649;;Colis?úo Lateral;Luz do Dia;Bom;;Meio de Quadra;Pare;Escola;0;0;2;1;0;0;0;0;0;0;0;0;-3,794157000000000;-38,475852000000000
250414;6;4;2015;07:30;0;AV OLIVEIRA PAIVA;;;1267;;Engavetamento;Luz do Dia;Bom;Seca;Meio de Quadra;N?úo H?í Controle;Comercial;0;0;3;1;0;0;0;0;0;0;0;0;-3,795403000000000;-38,495100000000000
250439;6;4;2015;08:50;0;AV GODOFREDO MACIEL;;;1753;LAGOA DA MARAPONGA;Colis?úo Traseira;Luz do Dia;Bom;Seca;Meio de Quadra;N?úo H?í Controle;Misto;0;1;2;1;0;0;0;1;0;1;0;0;-3,788335000000000;-38,566763000000000
250432;6;4;2015;08:00;0;RUA TEN BENEVOLO;;;412;;Colis?úo Traseira;Luz do Dia;Bom;Seca;Meio de Quadra;N?úo H?í Controle;Residencial;0;0;2;1;0;0;0;0;0;0;0;0;-3,725394000000000;-38,517087000000000
250449;6;4;2015;14:30;0;AV PRS COSTA E SILVA;;;0;CHESF;Colis?úo Transversal;Luz do Dia;Bom;Seca;Meio de Quadra;N?úo H?í Controle;Misto;0;1;1;1;0;0;0;0;0;1;0;0;;
250463;6;4;2015;15:45;12514;AV LINEU MACHADO;RUA JULIO BRAGA;;0;;Colis?úo Transversal;Luz do Dia;Bom;Seca;Cruz;Sem?íforo;Comercial;0;0;2;1;0;0;0;0;0;0;0;0;-3,775335000000000;-38,581790000000000
250464;6;4;2015;20:50;0;RUA DEP OSWALDO STUDART;;;0;RODOVI?üRIA;Colis?úo;Via Iluminada;Bom;Seca;Meio de Quadra;;Comercial;0;0;2;1;1;0;0;0;0;0;0;0;;
250465;6;4;2015;07:30;0;AV DEP PAULINO ROCHA;;;57;;Colis?úo Lateral;Luz do Dia;Bom;Seca;Meio de Quadra;N?úo H?í Controle;Comercial;0;2;2;1;0;0;0;0;0;1;0;0;;
250466;6;4;2015;14:15;19081;RUA EDUARDO SABOIA;RUA DES WALDETARIO P MOTA;;0;;Colis?úo Lateral;Luz do Dia;Bom;Seca;Cruz;Pare;Comercial;0;0;2;1;1;0;0;0;0;0;0;0;-3,737338000000000;-38,480948000000000
250467;6;4;2015;08:00;5415;RUA GAL CLARINDO DE QUEIROZ;RUA FLORIANO PEIXOTO;;0;;Colis?úo Transversal;Luz do Dia;Bom;Seca;Cruz;Pare;Comercial;0;1;1;1;0;0;0;0;0;1;0;0;-3,733049000000000;-38,529027000000000
250437;6;4;2015;07:00;0;RUA PDE PEDRO DE ALENCAR;;;81;;Colis?úo Traseira;Luz do Dia;Bom;Seca;Meio de Quadra;N?úo H?í Controle;Escola;0;1;1;0;0;0;0;0;0;1;0;0;-3,828216000000000;-38,493540000000000
250469;6;4;2015;12:50;8934;AV DOMINGOS OLIMPIO;RUA PDE MORORO;;0;;Colis?úo Transversal;Luz do Dia;Bom;Seca;Cruz;Pare;Comercial;0;0;2;0;1;0;0;0;0;0;0;0;-3,733752000000000;-38,539949000000000
250472;6;4;2015;20:00;0;AV DOMINGOS OLIMPIO;;;187;;Colis?úo Traseira;Via Iluminada;Bom;Seca;Meio de Quadra;N?úo H?í Controle;Comercial;0;0;2;1;0;0;0;0;0;0;0;0;-3,738102000000000;-38,526273000000000
250473;6;4;2015;07:10;15359;RUA PEREIRA VALENTE;RUA VICENTE LEITE;;0;;Colis?úo Transversal;Luz do Dia;Bom;Seca;Cruz;Pare;Comercial;0;0;2;1;0;0;0;0;0;0;0;0;-3,733201000000000;-38,494152000000000
261678;6;4;2015;08:12;0;AV FRANCISCO SA;;;0;;Queda;Luz do Dia;;;Meio de Quadra;;;0;1;0;0;0;0;0;0;0;1;0;0;-3,713169000000000;-38,569768000000000
261679;6;4;2015;11:41;10807;RUA PORTO VELHO;RUA AUDISIO PINHEIRO;;0;;Colis?úo;Luz do Dia;;;Cruz;;;0;1;1;1;0;0;1;0;0;0;0;0;-3,763570000000000;-38,591490000000000
261681;6;4;2015;11:44;0;RUA CON DE CASTRO;;;0;;Colis?úo;Luz do Dia;;;Meio de Quadra;;;0;2;0;0;0;0;0;0;0;1;0;0;;
261686;6;4;2015;13:04;0;AV TEN LISBOA;;;0;;Colis?úo;Luz do Dia;;;Meio de Quadra;;;0;1;1;0;0;0;0;0;0;0;0;0;;
261687;6;4;2015;14:20;0;AV PERIMETRAL;;;0;;Colis?úo;Luz do Dia;;;Meio de Quadra;;;0;1;1;1;0;0;0;0;0;1;0;0;;
261700;6;4;2015;17:13;0;AV MAE LISBOA;;;0;;Colis?úo;Anoitecer;;;Meio de Quadra;;;0;1;1;1;0;0;0;0;0;1;0;0;;
261704;6;4;2015;19:54;12426;AV SEN FERNANDES TAVORA;RUA RIBEIRO LEITAO;;0;;Colis?úo;;;;Cruz;Pare;Residencial;0;1;1;1;0;0;0;0;0;1;0;0;-3,764304000000000;-38,578199000000000
261705;6;4;2015;20:40;0;AV JOSE JATAHY;;;0;;Colis?úo;;;;Meio de Quadra;;;0;1;1;0;0;0;1;0;0;1;0;0;;
261684;6;4;2015;12:48;0;AV ODILON GUIMARAES;;;0;;Queda;Luz do Dia;;;Meio de Quadra;;;0;1;0;0;0;0;0;0;0;1;0;0;-3,815821000000000;-38,469658000000000
250484;6;4;2015;09:50;0;AV JOVITA FEITOSA;;;1070;;Engavetamento;Luz do Dia;Bom;Seca;Meio de Quadra;N?úo H?í Controle;Comercial;0;0;3;1;0;0;0;0;0;0;0;0;-3,739288000000000;-38,553600000000000
250485;6;4;2015;14:45;25735;RUA DR JOSE FURTADO;RUA VIRGILIO PAES;;0;;Colis?úo Lateral;Luz do Dia;Bom;Seca;Cruz;Pare;Residencial;0;1;1;1;0;0;0;0;0;1;0;0;-3,797220000000000;-38,488225000000000
250482;6;4;2015;17:00;7897;RUA MON CATAO;RUA HENRIQUETA GALENO;;0;;Colis?úo Lateral;Anoitecer;Bom;Seca;Cruz;N?úo H?í Controle;Comercial;0;0;2;1;0;0;0;0;0;0;0;0;-3,747287000000000;-38,493338000000000
250476;6;4;2015;14:35;15347;AV DOM LUIS;RUA TIBURCIO CAVALCANTE;;0;;Colis?úo;Luz do Dia;Bom;Seca;T;Sem?íforo;Misto;0;0;2;0;1;0;0;0;0;0;0;0;-3,732021000000000;-38,501313000000000
250522;6;4;2015;09:05;5436;RUA JAIME BENEVOLO;RUA GAL CLARINDO DE QUEIROZ;;0;;Colis?úo Transversal;Luz do Dia;Bom;Seca;Cruz;Pare;Comercial;0;0;2;1;0;0;0;0;0;0;0;0;-3,734060000000000;-38,526017000000000
250489;6;4;2015;21:15;15772;RUA TAQUATIARA;RUA NOVA QUIETUDE;;0;;Colis?úo Lateral;Via Iluminada;Bom;Seca;Cruz;N?úo H?í Controle;Residencial;0;0;2;1;0;0;1;0;0;0;0;0;-3,830042000000000;-38,503338000000000
250490;6;4;2015;22:00;0;AV ISABEL BEZERRA;;;1036;;Colis?úo;Via Iluminada;Bom;Seca;Meio de Quadra;N?úo H?í Controle;Residencial;0;1;1;1;0;0;0;0;0;1;0;0;-3,854278000000000;-38,504913000000000
250487;6;4;2015;19:00;0;AV PRS COSTA E SILVA;;;0;JOSE WALTER;Engavetamento;;;;Meio de Quadra;;;0;0;3;1;0;0;0;0;0;0;0;0;;
250535;6;4;2015;19:00;1542;AV RUI BARBOSA;RUA PDE VALDEVINO;;0;;Colis?úo Lateral;Luz do Dia;Bom;Seca;Cruz;Sem?íforo;Residencial;0;0;2;1;0;0;0;0;0;0;0;0;-3,740964000000000;-38,511029000000000
250536;6;4;2015;14:00;25239;AV ENG ALBERTO SA;RUA PRISCO BEZERRA;;0;;Colis?úo Traseira;Luz do Dia;Bom;Seca;Cruz;N?úo H?í Controle;Comercial;0;0;2;1;0;0;0;0;0;0;0;0;-3,735975000000000;-38,470905000000000
250537;6;4;2015;10:40;8390;RUA ROSA CORDEIRO;RUA A UI 301;;0;;Colis?úo Transversal;Luz do Dia;Bom;Seca;Cruz;N?úo H?í Controle;Residencial;0;1;1;0;0;0;0;0;0;1;0;0;-3,773751000000000;-38,466590000000000
259093;6;4;2015;07:40;0;RD CE-040;;;0;KM-04;Colis?úo;Luz do Dia;Bom;Seca;Meio de Quadra;;;0;0;2;1;0;0;0;0;0;0;0;0;-3,792050000000000;-38,480251000000000
260327;6;4;2015;20:18;0;RUA MARCELINO LOPES;;;0;;Colis?úo;;;;Meio de Quadra;;;0;0;2;1;0;0;1;0;0;0;0;0;;
260321;6;4;2015;16:33;0;RUA PDE PEDRO DE ALENCAR;;;805;;Colis?úo;Luz do Dia;;;Meio de Quadra;;;0;0;2;1;1;0;0;0;0;0;0;0;-3,836214000000000;-38,494156000000000
260315;6;4;2015;12:02;0;AV DOM LUIS;;;0;;Colis?úo;Luz do Dia;;;Meio de Quadra;;;0;0;2;1;1;0;0;0;0;0;0;0;;
260313;6;4;2015;09:06;0;AV DUQ CAXIAS;;;0;;Colis?úo;Luz do Dia;;;Meio de Quadra;;;0;0;2;1;0;0;0;0;0;0;0;0;;
250281;6;4;2015;08:30;0;AV PRO GOMES DE MATOS;;;0;;Colis?úo Lateral;Luz do Dia;Bom;Seca;Meio de Quadra;Sem?íforo;Comercial;0;0;2;1;0;0;0;0;0;0;0;0;;
250240;6;4;2015;21:40;1324;RUA TORRES CAMARA;RUA DR JOSE LOURENCO;;0;;Colis?úo Transversal;Via Iluminada;Bom;Seca;Cruz;Pare;Comercial;0;0;2;1;0;0;0;0;0;0;0;0;-3,735281000000000;-38,508053000000000
250312;6;4;2015;15:00;0;AV DOMINGOS OLIMPIO;;;157;;Colis?úo Lateral;Luz do Dia;Bom;Seca;Meio de Quadra;Sem?íforo;Comercial;0;1;2;1;0;0;0;0;0;1;0;0;-3,738321000000000;-38,525610000000000
250321;6;4;2015;10:55;0;AV AGUANAMBI;;;46;;Colis?úo Lateral;Luz do Dia;Bom;Seca;Meio de Quadra;N?úo H?í Controle;Comercial;0;0;2;1;0;0;1;0;0;0;0;0;-3,737660000000000;-38,524239000000000
250322;6;4;2015;17:00;0;AV DOMINGOS OLIMPIO;;;845;COL. LOUREN?çO FILHO;Colis?úo Traseira;Anoitecer;Bom;Seca;Meio de Quadra;Sem?íforo;Comercial;0;0;2;1;0;0;0;0;0;1;0;0;-3,736641000000000;-38,531314000000000
250316;6;4;2015;20:00;0;AV AGUANAMBI;;;0;;Colis?úo Lateral;Via Iluminada;Bom;Seca;Meio de Quadra;N?úo H?í Controle;;0;0;2;0;0;0;1;0;0;0;0;0;;
250319;6;4;2015;16:30;0;AV PRS CASTELO BRANCO;;;0;;Colis?úo Lateral;Luz do Dia;Bom;Seca;Meio de Quadra;N?úo H?í Controle;Comercial;0;0;2;1;1;0;0;0;0;0;0;0;;
250227;7;4;2015;10:50;5433;RUA METON DE ALENCAR;RUA MAJ FACUNDO;;0;;Colis?úo Transversal;Luz do Dia;Nublado;Seca;Cruz;Pare;Comercial;0;0;2;1;0;0;0;0;0;0;0;0;-3,733917000000000;-38,529899000000000
250228;7;4;2015;09:30;0;AV 13 DE MAIO;;;2180;;Colis?úo Lateral;Luz do Dia;Bom;Seca;Meio de Quadra;Sem?íforo;Comercial;0;1;2;0;1;0;0;0;0;1;0;0;-3,743385000000000;-38,536280000000000
250215;7;4;2015;10:30;13436;AV ANTONIO SALES;RUA DR JOSE LOURENCO;;0;;Colis?úo Lateral;Luz do Dia;Bom;Seca;Cruz;Sem?íforo;Comercial;0;0;2;1;1;0;0;0;0;0;0;0;-3,742954000000000;-38,510450000000000
250225;7;4;2015;13:00;1309;RUA ILDEFONSO ALBANO;RUA FIUZA DE PONTES;;0;;Colis?úo Transversal;Luz do Dia;Bom;Seca;Cruz;Pare;Comercial;0;0;2;1;0;0;0;0;0;0;0;0;-3,734722000000000;-38,513672000000000
250217;7;4;2015;10:10;10697;RUA MON HIPOLITO BRASIL;RUA JOAQUIM M DE MACEDO;;0;;Colis?úo;Luz do Dia;Bom;Seca;T;Pare;Comercial;0;0;2;1;0;0;0;0;0;0;0;0;-3,757485000000000;-38,581469000000000
250218;7;4;2015;13:00;19018;AV ENG ALBERTO SA;RUA JOSE CARLOS GURGEL NOGUEIRA;;0;;Tombamento;Luz do Dia;Bom;Seca;Cruz;Sem?íforo;Comercial;0;2;1;0;0;0;1;0;0;0;0;0;-3,734800000000000;-38,475012000000000
250219;7;4;2015;12:00;22120;RUA PRO COSTA MENDES;RUA CEL NUNES DE MELO;;0;;Colis?úo Lateral;Luz do Dia;Bom;Seca;Cruz;Pare;Misto;0;1;1;1;0;0;0;0;0;1;0;0;-3,749003000000000;-38,553197000000000
250220;7;4;2015;08:00;154;RUA ANARIO BRAGA;RUA TOMAS RODRIGUES;;0;;Colis?úo;Luz do Dia;Bom;Seca;Cruz;Pare;Residencial;0;0;2;1;0;0;0;0;0;0;0;0;-3,736531000000000;-38,594415000000000
250221;7;4;2015;20:45;12745;RUA ANA NERY;RUA JULIO CESAR D12;;0;;Colis?úo Transversal;Via Iluminada;Bom;Seca;Cruz;Pare;Residencial;0;1;1;1;0;0;0;0;0;0;0;0;-3,751712000000000;-38,544349000000000
250222;7;4;2015;17:30;0;AV JOSE BASTOS;;;4400;CENTER BOX;Colis?úo Traseira;Luz do Dia;Bom;Seca;Meio de Quadra;Sem?íforo;Comercial;0;0;2;1;0;0;0;0;0;0;0;0;-3,755265000000000;-38,555754000000000
250223;7;4;2015;07:00;0;AV ALM HENRIQUE SABOIA;;;2364;;Colis?úo Lateral;Luz do Dia;Bom;Seca;Meio de Quadra;Outros;Residencial;0;0;2;1;0;0;1;0;0;0;0;0;-3,731330000000000;-38,482196000000000
260338;7;4;2015;13:24;0;RUA VER PEDRO PAULO MOREIRA;;;0;;Colis?úo;Luz do Dia;;;Meio de Quadra;;;0;0;2;1;0;0;0;0;0;0;0;0;;
260335;7;4;2015;13:19;13483;RUA CARLOS VASCONCELOS;RUA PINHO PESSOA;;0;;Colis?úo;Luz do Dia;;;Cruz;Pare;Residencial;0;0;2;1;0;0;0;0;0;0;0;0;-3,745054000000000;-38,514738000000000
260396;7;4;2015;18:38;0;AV FRE CIRILO;;;0;;Colis?úo;;;;Meio de Quadra;;;0;0;2;1;0;0;0;0;0;0;0;0;;
259095;7;4;2015;08:05;0;RD CE-040;;;0;KM-10;Colis?úo;Luz do Dia;Bom;Seca;Meio de Quadra;;;0;0;2;1;0;0;0;0;0;0;0;0;-3,838671000000000;-38,480068000000000
258830;7;4;2015;20:55;0;RD BR 116;;;1000;KM-01;Colis?úo Transversal;Via Iluminada;Bom;Seca;Meio de Quadra;N?úo H?í Controle;Comercial;0;0;2;1;1;0;0;0;0;0;0;0;-3,762554000000000;-38,518702000000000
261716;7;4;2015;07:39;0;RUA PDE ANCHIETA;;;0;;Colis?úo;Luz do Dia;;;Meio de Quadra;;;0;1;1;1;0;0;0;0;0;1;0;0;-3,731750000000000;-38,552123000000000
261717;7;4;2015;08:16;0;RUA COSTA BARROS;;;0;;Colis?úo;Luz do Dia;;;Meio de Quadra;;;0;1;1;1;0;0;0;0;0;1;0;0;;
261718;7;4;2015;10:04;0;AV PONTES VIEIRA;;;0;;Queda;Luz do Dia;;;Meio de Quadra;;;0;1;0;0;0;0;0;0;0;1;0;0;;
261719;7;4;2015;11:12;0;RUA RAIMUNDO FROTA;;;0;;Colis?úo;Luz do Dia;;;Meio de Quadra;;;0;2;0;0;0;0;0;0;0;1;0;0;;
261720;7;4;2015;12:15;0;AV 13 DE MAIO;;;0;;Colis?úo;Luz do Dia;;;Meio de Quadra;;;0;1;1;1;0;0;0;0;0;1;0;0;-3,748174000000000;-38,530677000000000
261721;7;4;2015;13:50;17871;RUA HERLITO FREIRE;AV SAUDADE D68;;0;;Colis?úo;Luz do Dia;;;;;;0;1;1;1;0;0;0;0;0;1;0;0;-3,818644000000000;-38,537478000000000
261722;7;4;2015;16:07;21850;RUA EMILIA GONCALVES;RUA GAL ALIPIO DOS SANTOS;;0;;Colis?úo;Luz do Dia;;;Cruz;Pare;Residencial;0;2;0;0;0;0;0;0;0;1;0;0;-3,731997000000000;-38,593202000000000
261723;7;4;2015;16:08;0;RUA ELVIRA PINHO;;;220;;Colis?úo;Luz do Dia;;;Meio de Quadra;;;0;2;0;1;0;0;0;0;0;1;0;0;-3,766457000000000;-38,557042000000000
261724;7;4;2015;18:03;0;RUA URUCUTUBA;;;0;;Queda;Anoitecer;;;Meio de Quadra;;;0;1;0;0;0;0;0;0;0;1;0;0;-3,798775000000000;-38,616642000000000
261725;7;4;2015;19:15;0;RUA BERNARDO MANUEL;;;0;;Queda;;;;Meio de Quadra;;;0;1;0;0;0;0;0;0;0;1;0;0;-3,804512000000000;-38,553151000000000
261726;7;4;2015;21:53;8000;AV JOAO PESSOA;RUA DELMIRO FARIAS;;0;;Colis?úo;;;;Cruz;Pare;Comercial;0;1;1;0;0;0;0;0;0;0;0;0;-3,750275000000000;-38,547538000000000
261711;7;4;2015;04:19;0;AV JOSE BASTOS;;;0;;Atropelamento;;;;Meio de Quadra;;;0;2;0;0;0;0;0;0;0;1;0;0;-3,757774000000000;-38,562297000000000
261712;7;4;2015;06:20;0;AV CARNEIRO DE MENDONCA;;;0;;Colis?úo;Luz do Dia;;;Meio de Quadra;;;0;1;1;1;0;0;0;0;0;1;0;0;-3,763261000000000;-38,568322000000000
261714;7;4;2015;07:18;0;AV PERIMETRAL;;;0;;Colis?úo;Luz do Dia;;;Meio de Quadra;;;0;1;1;1;0;0;0;0;0;1;0;0;;
266261;7;4;2015;11:01;0;RUA AGAMENON;;;776;;Colis?úo;Luz do Dia;;;Meio de Quadra;;;0;0;2;0;0;0;0;0;0;0;0;0;-3,790939000000000;-38,587700000000000
266262;7;4;2015;11:08;0;RUA PDE PEDRO DE ALENCAR;;;401;;Colis?úo;Luz do Dia;;;Meio de Quadra;;;0;0;2;0;0;0;0;0;0;0;0;0;-3,831302000000000;-38,493965000000000
266263;7;4;2015;11:10;0;RUA ERETIDES ALENCAR;;;113;;Colis?úo;Luz do Dia;;;Meio de Quadra;;;0;0;2;0;0;0;0;0;0;0;0;0;;
266264;7;4;2015;11:27;10999;RUA 15 DE NOVEMBRO;RUA ALBERTO MAGNO;;0;;Colis?úo;Luz do Dia;;;Cruz;Pare;Residencial;0;0;2;0;0;0;0;0;0;0;0;0;-3,769909000000000;-38,553169000000000
266265;7;4;2015;15:14;0;AV ALM HENRIQUE SABOIA;;;2364;;Choque c/ Obst?ículo Fixo;Luz do Dia;;;Meio de Quadra;;;0;0;2;0;0;0;0;0;0;0;0;0;-3,731330000000000;-38,482196000000000
266266;7;4;2015;17:03;9549;RUA SGT JOAO PINHEIRO;RUA MATEUS LEMOS;;0;;Atropelamento de Animal;Anoitecer;;;Cruz;N?úo H?í Controle;Residencial;0;0;1;0;0;0;0;0;0;0;0;0;-3,779671000000000;-38,621919000000000
266267;7;4;2015;19:59;0;RUA ESIO LIMA VERDE;;;84;;Atropelamento;;;;Meio de Quadra;;;0;0;2;0;0;0;0;0;0;0;0;0;-3,773615000000000;-38,471969000000000
266268;7;4;2015;21:16;0;AV PERIMETRAL;;;0;;Colis?úo;;;;Meio de Quadra;;;0;0;2;0;0;0;0;0;0;0;0;0;;
266269;7;4;2015;22:03;0;AV PRS CASTELO BRANCO;;;5754;;Colis?úo;;;;Meio de Quadra;;;0;0;2;0;0;0;0;0;0;0;0;0;-3,702676000000000;-38,582169000000000
250191;7;4;2015;07:50;3929;RUA SEN POMPEU;RUA ANTONIO POMPEU;;0;;Colis?úo Lateral;Luz do Dia;Bom;Seca;Cruz;Sem?íforo;Misto;0;1;1;1;0;0;0;0;0;1;0;0;-3,734439000000000;-38,531891000000000
250192;7;4;2015;15:00;5437;RUA FLORIANO PEIXOTO;RUA METON DE ALENCAR;;0;;Colis?úo Transversal;Luz do Dia;Bom;Seca;Cruz;Pare;Comercial;0;0;2;1;0;0;0;0;0;0;0;0;-3,734071000000000;-38,529358000000000
250212;7;4;2015;09:00;15283;RUA PEREIRA FILGUEIRAS;RUA BAR ARACATI;;0;;Colis?úo Transversal;Luz do Dia;Bom;Seca;Cruz;Pare;Comercial;0;0;2;1;0;0;0;0;0;1;0;0;-3,729076000000000;-38,510707000000000