COD_ACIDENTE;DIA;MES;ANO;HORA;INTERSECAO;LOG1;LOG2;LOG3;NUMERO;REFERENCIA;NATUREZA;ILUMINACAO;TEMPO;SUPERFICIEPISTA;TIPOCRUZAMENTO;CONTROLETRAFEGO;USOSOLO;MORTOS;FERIDOS;ILESOS;AUTOMOVEL;ONIBUS;BICICLETA;CAMINHAO;MICROONIBUS;CICLOMOTOR;MOTOCICLETA;TRACAOANIMAL;TREM;LATITUDE;LONGITUDE
250213;7;4;2015;10:00;7775;AV ANTONIO SALES;AV BAR STUDART;;0;;Colis?úo Traseira;Luz do Dia;Bom;Seca;Cruz;Sem?íforo;Comercial;0;0;3;1;0;0;0;0;0;0;0;0;-3,743288000000000;-38,509378000000000
250204;7;4;2015;18:00;12835;AV DOMINGOS OLIMPIO;RUA SOLON PINHEIRO;;0;;Colis?úo Lateral;Via Iluminada;Bom;Seca;Cruz;Sem?íforo Intermitente;Misto;0;0;2;0;1;0;1;0;0;0;0;0;-3,737409000000000;-38,528650000000000
250202;7;4;2015;12:20;7990;RUA CARLOS CAMARA;RUA JOAO SORONGO;;0;;Colis?úo Transversal;Luz do Dia;Bom;Seca;Cruz;Pare;Residencial;0;1;1;1;0;0;0;0;0;1;0;0;-3,749406000000000;-38,545224000000000
250194;7;4;2015;08:00;8057;AV JOAO PESSOA;RUA ANTONIO MARTINS;;0;;Colis?úo Transversal;;Bom;Seca;T;Pare;Misto;0;2;0;1;0;0;0;0;0;1;0;0;-3,755443000000000;-38,552153000000000
250195;7;4;2015;19:00;10194;RUA EMILIO DE MENESES;RUA ITAJAI;;0;;Colis?úo Transversal;Via Iluminada;Bom;Seca;T;Pare;Residencial;0;1;1;1;0;0;0;0;0;1;0;0;-3,779711000000000;-38,594656000000000
250196;7;4;2015;21:30;23804;AV GAL OSORIO DE PAIVA;RUA RAIMUNDO NERY;;0;;Colis?úo Traseira;;Bom;Seca;Cruz;Sem?íforo Intermitente;Comercial;0;1;1;1;0;0;0;0;0;1;0;0;-3,790306000000000;-38,588065000000000
250197;7;4;2015;11:30;22886;RUA BERNARDO MANUEL;RUA INACIO PARENTE;;0;;Colis?úo Transversal;Luz do Dia;Bom;Seca;Cruz;Sem?íforo;Comercial;0;0;2;1;0;0;0;0;0;0;0;0;-3,781268000000000;-38,546074000000000
250198;7;4;2015;19:30;12501;AV JOSE BASTOS;RUA DIAMANTINA;;0;;Colis?úo Lateral;Via Iluminada;Bom;Seca;T;Pare;Comercial;0;0;2;1;0;0;0;0;0;0;0;0;-3,764978000000000;-38,567402000000000
250199;7;4;2015;08:00;0;AV JOR THOMAZ COELHO;;;2000;;Colis?úo Lateral;Luz do Dia;Bom;Seca;Meio de Quadra;N?úo H?í Controle;Comercial;0;1;1;1;0;0;0;0;0;1;0;0;-3,828564000000000;-38,513181000000000
257862;7;4;2015;11:30;0;RUA CARLOS VASCONCELOS;;;876;;Colis?úo;Luz do Dia;;;Meio de Quadra;;;0;1;1;1;0;0;0;0;0;0;0;0;;
257864;7;4;2015;17:40;0;AV AGUANAMBI;;;1637;CIA PAULISTA;Colis?úo;Anoitecer;;;Meio de Quadra;;;0;1;0;1;0;0;0;0;0;1;0;0;-3,751120000000000;-38,523538000000000
257866;8;4;2015;01:50;10527;RUA CEL JUSTINO F RAMOS;RUA JOSE BELCHIOR;;0;;Outros;;;;;;;0;1;0;0;0;0;0;0;0;0;0;0;-3,829962000000000;-38,475095000000000
257869;8;4;2015;07:26;0;AV WASHINGTON SOARES;;;0;;Atropelamento;Luz do Dia;;Seca;Meio de Quadra;;;0;1;1;1;0;0;0;0;0;0;0;0;;
257871;8;4;2015;07:40;0;RD CE-040;;;0;KM-02;Atropelamento;Luz do Dia;Bom;Seca;Meio de Quadra;;;0;1;1;1;0;0;0;0;0;0;0;0;-3,776479000000000;-38,481598000000000
257872;8;4;2015;14:20;19328;RUA CON DE CASTRO;RUA EDUARDO PERDIGAO;;0;;Colis?úo;Luz do Dia;;;Cruz;N?úo H?í Controle;Comercial;0;1;0;1;0;0;0;0;0;0;0;0;-3,775579000000000;-38,564769000000000
257874;8;4;2015;20:52;19130;RUA LAURO NOGUEIRA;RUA DES WALDETARIO P MOTA;;0;;Colis?úo;;;;Cruz;Pare;Residencial;0;2;0;1;0;0;0;0;0;0;0;0;-3,738921000000000;-38,481940000000000
258374;8;4;2015;19:18;0;AV PRS CASTELO BRANCO;;;2719;;Atropelamento;Anoitecer;;;Meio de Quadra;;;2;0;0;0;0;0;0;0;0;1;0;0;-3,712672000000000;-38,552105000000000
266270;8;4;2015;10:40;0;AV GAL OSORIO DE PAIVA;;;3101;;Colis?úo;Luz do Dia;;;Meio de Quadra;;;0;0;2;0;0;0;0;0;0;0;0;0;-3,789656000000000;-38,587423000000000
266271;8;4;2015;14:22;0;RUA LUIZ FCO XAVIER;;;550;;Capotamento;Luz do Dia;;;Meio de Quadra;;;0;0;1;0;0;0;0;0;0;0;0;0;;
266272;8;4;2015;16:13;0;RUA FRANCISCO LORDA;;;167;;Colis?úo;Luz do Dia;;;Meio de Quadra;;;0;0;2;0;0;0;0;0;0;0;0;0;-3,762254000000000;-38,530770000000000
266274;8;4;2015;16:15;0;RUA MON FURTADO;;;2288;;Colis?úo;Luz do Dia;;;Meio de Quadra;;;0;0;2;0;0;0;0;0;0;0;0;0;-3,755670000000000;-38,557609000000000
266282;8;4;2015;19:45;0;VL JOAO XXIII;;;4266;;Atropelamento;;;;Meio de Quadra;;;0;0;2;0;0;0;0;0;0;0;0;0;;
266283;8;4;2015;22:06;12745;RUA JULIO CESAR D12;RUA ANA NERY;;0;;Colis?úo;;;;Cruz;Pare;Misto;0;0;2;0;0;0;0;0;0;0;0;0;-3,751712000000000;-38,544349000000000
266285;8;4;2015;22:39;6721;RUA BENTO ALBUQUERQUE;AV ENG SANTANA JUNIOR;;0;;Colis?úo;;;;Cruz;Sem?íforo;Misto;0;0;2;0;0;0;0;0;0;0;0;0;-3,742678000000000;-38,486538000000000
266276;8;4;2015;16:17;8950;AV BEZERRA DE MENEZES;RUA RUBIA SAMPAIO;;0;;Colis?úo;Luz do Dia;;;T;Pare;Comercial;0;0;2;0;0;0;0;0;0;0;0;0;-3,730585000000000;-38,540176000000000
266280;8;4;2015;19:21;13345;AV H CJ JOSE WALTER;AV J CJ JOSE WALTER;;0;;Colis?úo;;;;T;Pare;Residencial;0;0;2;0;0;0;0;0;0;0;0;0;-3,841244000000000;-38,558743000000000
261747;8;4;2015;07:41;0;AV JOSE BASTOS;;;0;;Colis?úo;Luz do Dia;;;Meio de Quadra;;;0;1;1;1;0;0;0;0;0;1;0;0;-3,754377000000000;-38,554835000000000
261734;8;4;2015;00:24;0;AV GAL OSORIO DE PAIVA;;;0;;Colis?úo;;;;Meio de Quadra;;;0;1;1;1;0;0;0;0;0;1;0;0;-3,784199000000000;-38,580030000000000
261735;8;4;2015;06:51;0;RUA FAUSTO CABRAL;;;0;;Colis?úo;Luz do Dia;;;Meio de Quadra;;;0;1;1;1;0;1;0;0;0;0;0;0;-3,735519000000000;-38,469765000000000
261751;8;4;2015;09:55;17601;RUA PIAUI;RUA RIO GRANDE DO SUL;;0;;Colis?úo;Luz do Dia;;;Cruz;Pare;;0;1;1;1;0;0;0;0;0;1;0;0;-3,756880000000000;-38,566439000000000
261752;8;4;2015;11:06;0;AV ENG HUMBERTO MONTE;;;0;;Colis?úo;Luz do Dia;;;Meio de Quadra;;;0;1;1;1;0;0;0;0;0;1;0;0;;
261753;8;4;2015;11:31;0;RD BR 116;;;12000;KM-12;Colis?úo;Luz do Dia;;;Meio de Quadra;;;0;1;1;1;0;0;0;0;0;1;0;0;-3,855740000000000;-38,496066000000000
261754;8;4;2015;14:55;0;AV LAURO VIEIRA CHAVES;;;0;;Colis?úo;Luz do Dia;;;Meio de Quadra;;;0;2;0;0;0;0;0;0;0;1;0;0;;
261755;8;4;2015;15:47;0;AV DA UNIVERSIDADE;;;0;;Atropelamento;Luz do Dia;;;Meio de Quadra;;;0;2;0;0;0;0;0;0;0;1;0;0;-3,738378000000000;-38,536762000000000
261756;8;4;2015;18:17;487;RUA PRO VIRGILIO DE MORAIS;RUA GOIANIA;;0;;Colis?úo;Anoitecer;;;;;;0;0;2;0;0;0;0;0;0;0;0;0;-3,758914000000000;-38,597175000000000
261759;8;4;2015;19:28;0;AV WASHINGTON SOARES;;;0;;Atropelamento;;;;Meio de Quadra;;;0;1;1;1;0;0;0;0;0;0;0;0;;
261765;8;4;2015;22:31;0;AV ENG SANTANA JUNIOR;AV PDE ANTONIO TOMAS;;0;;Atropelamento;;;;;;;0;1;1;0;1;0;0;0;0;0;0;0;-3,742741000000000;-38,486614000000000
258834;8;4;2015;13:50;0;RD BR 116;;;3000;KM-03;Atropelamento;Luz do Dia;Bom;Seca;Meio de Quadra;N?úo H?í Controle;Comercial;0;1;1;0;0;0;1;0;0;0;0;0;-3,779838000000000;-38,514372000000000
259099;8;4;2015;15:15;0;AV MIN JOSE AMERICO;;;0;;Colis?úo;Luz do Dia;Bom;Seca;Meio de Quadra;;;0;0;2;1;0;0;0;0;0;1;0;0;;
250256;8;4;2015;07:15;0;RUA FAUSTO CABRAL;;;763;;Colis?úo Traseira;Luz do Dia;Bom;Seca;Meio de Quadra;Sem?íforo;Residencial;0;0;2;1;0;0;0;0;0;0;0;0;-3,734035000000000;-38,475161000000000
250258;8;4;2015;15:00;1666;AV BORGES DE MELO;RUA CAP VASCONCELOS D46;;0;;Colis?úo Lateral;Luz do Dia;Bom;Seca;Y;Pare;Comercial;0;0;2;0;0;0;1;0;0;0;0;0;-3,761585000000000;-38,517782000000000
250262;8;4;2015;10:50;0;AV PRS CASTELO BRANCO;;;2431;;Engavetamento;Luz do Dia;Bom;Seca;Meio de Quadra;N?úo H?í Controle;Comercial;0;0;4;1;0;0;0;0;0;0;0;0;-3,713391000000000;-38,549663000000000
250266;8;4;2015;13:20;7674;AV JOSE BASTOS;RUA RIO GRANDE DO NORTE;;0;;Colis?úo Frontal;Luz do Dia;Bom;Seca;Cruz;Sem?íforo;Comercial;0;1;1;0;0;0;0;0;1;1;0;0;-3,760562000000000;-38,564477000000000
250268;8;4;2015;13:00;0;RUA EDUARDO MOTA;;;75;;Colis?úo Transversal;Luz do Dia;Bom;Seca;Meio de Quadra;N?úo H?í Controle;Residencial;0;0;2;1;0;0;0;0;0;0;0;0;-3,787022000000000;-38,540356000000000
250229;8;4;2015;21:40;0;AV DEP PAULINO ROCHA;;;1100;;Colis?úo Traseira;Via Iluminada;Bom;Seca;Meio de Quadra;N?úo H?í Controle;Misto;0;0;2;1;1;0;0;0;0;0;0;0;;
250231;8;4;2015;10:00;3819;AV CARAPINIMA;RUA JUVENAL GALENO;;0;;Colis?úo Frontal;Luz do Dia;Bom;Seca;Cruz;Sem?íforo;Comercial;0;0;2;0;0;0;0;0;0;1;0;0;-3,738998000000000;-38,539176000000000
250320;8;4;2015;15:00;0;RUA POCINHO;;;214;;Colis?úo;Luz do Dia;Bom;Seca;Meio de Quadra;N?úo H?í Controle;Comercial;0;1;3;0;1;0;0;0;0;1;0;0;-3,727957000000000;-38,523795000000000
250333;8;4;2015;15:00;7760;AV ANTONIO SALES;RUA SILVA PAULET;;0;;Colis?úo Transversal;Luz do Dia;Bom;Seca;Cruz;Pare;Comercial;0;0;2;1;0;0;0;0;0;0;0;0;-3,743595000000000;-38,508383000000000
250335;8;4;2015;17:40;13749;RUA MON CARNEIRO DA CUNHA;RUA TEODORO DE PAIVA;;0;;;Via Iluminada;Bom;Seca;Cruz;Pare;Residencial;0;0;2;1;0;0;0;0;0;1;0;0;-3,774193000000000;-38,495784000000000
250336;8;4;2015;06:50;25063;AV DOS EXPEDICIONARIOS;RUA ARMANDO MONTEIRO;;0;;Colis?úo Transversal;Luz do Dia;Nublado;Seca;Cruz;Pare;Misto;0;0;2;1;0;0;0;0;0;0;0;0;-3,762230000000000;-38,540372000000000
250323;8;4;2015;14:30;11863;RUA COM LUIS RIBEIRO;RUA JOAQUIM LINO;;0;;Colis?úo Transversal;Luz do Dia;Bom;Seca;Cruz;Pare;Misto;0;0;2;1;0;0;0;0;0;0;0;0;-3,721851000000000;-38,549113000000000
250324;8;4;2015;12:15;7774;AV ANTONIO SALES;RUA JOAQUIM NABUCO;;0;;Colis?úo Lateral;;Bom;Seca;Cruz;;Comercial;0;0;2;1;0;0;0;0;0;1;0;0;-3,744832000000000;-38,504371000000000
250325;8;4;2015;13:00;19469;AV AUGUSTO DOS ANJOS;AV GAL OSORIO DE PAIVA;;0;;Colis?úo Lateral;Luz do Dia;Bom;Seca;Outros;Pare;Misto;0;0;2;1;0;0;0;0;0;1;0;0;-3,787349000000000;-38,584939000000000
250326;8;4;2015;07:30;11057;AV DR SILAS MUNGUBA;AV DOS EXPEDICIONARIOS;;0;;Colis?úo Lateral;Luz do Dia;Bom;Seca;Cruz;Sem?íforo;Misto;0;1;1;1;0;0;0;0;0;1;0;0;-3,787538000000000;-38,547960000000000
250327;8;4;2015;15:20;11069;RUA EQUADOR;RUA SUECIA;;0;;Colis?úo Frontal;Luz do Dia;Bom;Seca;Cruz;Pare;Residencial;0;0;2;0;0;0;0;0;0;0;0;0;-3,784449000000000;-38,557111000000000
250328;8;4;2015;19:00;0;RUA ILDEFONSO ALBANO;;;1445;;Colis?úo Traseira;Via Iluminada;Bom;Seca;Meio de Quadra;N?úo H?í Controle;Comercial;0;0;2;1;0;0;0;0;0;0;0;0;-3,733531000000000;-38,513291000000000
250329;8;4;2015;19:04;0;AV PERIMETRAL;;;0;VIADUTO ANTONIO BEZERRA;Colis?úo Lateral;Via Iluminada;Nublado;Molhada;Outros;Outros;Residencial;0;0;2;1;0;0;0;0;0;0;0;0;;
250330;8;4;2015;19:17;0;RUA DES WALDETARIO P MOTA;;;862;;Atropelamento;Via Iluminada;Bom;Seca;Meio de Quadra;N?úo H?í Controle;Misto;0;1;1;1;0;0;0;0;0;0;0;0;-3,736759000000000;-38,480568000000000
250331;8;4;2015;20:30;12833;AV EDUARDO GIRAO;RUA DAMASCENO GIRAO;;0;;Colis?úo Traseira;Via Iluminada;Bom;Seca;Cruz;Sem?íforo;Comercial;0;0;2;1;0;0;0;0;0;0;0;0;-3,749257000000000;-38,539292000000000
250315;8;4;2015;15:45;9148;RUA DOM SEBASTIAO LEME;RUA GUILHERME MOREIRA;;0;;Colis?úo Lateral;Luz do Dia;Bom;Seca;Cruz;Pare;Residencial;0;0;2;1;0;0;0;0;0;0;0;0;-3,750073000000000;-38,525590000000000
250278;8;4;2015;10:00;0;AV BEZERRA DE MENEZES;;;2015;;Colis?úo Lateral;Luz do Dia;Bom;Seca;Meio de Quadra;Sem?íforo;Comercial;0;1;1;1;0;0;0;0;0;1;0;0;-3,735256000000000;-38,562498000000000
250270;8;4;2015;06:51;0;AV CEL CARVALHO;;;352;;Colis?úo Lateral;Luz do Dia;Bom;Seca;Meio de Quadra;Sem?íforo;Comercial;0;1;1;1;0;0;1;0;0;0;0;0;-3,706083000000000;-38,590872000000000
250272;8;4;2015;09:00;735;AV DR THEBERGE;AV TEN LISBOA;;0;;Colis?úo Lateral;Luz do Dia;Bom;Seca;Com Via F?®rrea;Cancela;Comercial;0;0;2;1;0;0;1;0;0;0;0;0;-3,720711000000000;-38,566942000000000
250274;8;4;2015;12:30;5436;RUA JAIME BENEVOLO;RUA GAL CLARINDO DE QUEIROZ;;0;;Colis?úo Lateral;Luz do Dia;Bom;Seca;Cruz;Pare;Comercial;0;1;1;1;0;0;0;0;0;1;0;0;-3,734060000000000;-38,526017000000000
250276;8;4;2015;17:15;25231;AV PRS COSTA E SILVA;AV I CJ JOSE WALTER;;0;;Colis?úo Traseira;Luz do Dia;Bom;Seca;T;N?úo H?í Controle;Residencial;0;0;2;1;0;0;0;0;0;0;0;0;-3,823494000000000;-38,550232000000000
250338;8;4;2015;08:17;17315;RUA DES PRAXEDES;RUA PDE JOAO PIAMARTA;;0;;Colis?úo Transversal;Luz do Dia;Bom;Seca;Y;Pare;Misto;0;1;1;0;1;0;0;0;0;0;0;0;-3,762866000000000;-38,543546000000000
250340;8;4;2015;09:25;25419;AV ALM HENRIQUE SABOIA;RUA JULIO ABREU;;0;;Colis?úo Traseira;Luz do Dia;Bom;Seca;Cruz;Sem?íforo;Comercial;0;0;2;1;0;0;0;0;0;0;0;0;-3,736144000000000;-38,485245000000000
250318;8;4;2015;17:40;5109;AV ALBERTO NEPOMUCENO;RUA DR JOAO MOREIRA;;0;;Colis?úo Lateral;Anoitecer;Bom;Seca;T;Sem?íforo;Comercial;0;0;2;1;0;0;0;0;0;0;0;0;-3,723737000000000;-38,524608000000000
250310;9;4;2015;23:33;25123;AV OLIVEIRA PAIVA;RUA BOTELHO MAGALHAES;;0;;Choque c/ Obst?ículo Fixo;Via Iluminada;Bom;Seca;T;Pare;Comercial;0;1;0;1;0;0;0;0;0;0;0;0;-3,795846000000000;-38,491147000000000
250232;9;4;2015;22:50;0;AV BEZERRA DE MENEZES;;;2400;;Colis?úo Traseira;Via Iluminada;Bom;Seca;Meio de Quadra;N?úo H?í Controle;Comercial;0;0;2;1;1;0;0;0;0;0;0;0;-3,736030000000000;-38,566166000000000
250233;9;4;2015;08:00;5455;RUA ANTONIO POMPEU;RUA FLORIANO PEIXOTO;;0;;Colis?úo Transversal;Luz do Dia;Chuva;Molhada;Cruz;Pare;Comercial;0;1;1;1;1;0;0;0;0;0;0;0;-3,735086000000000;-38,529685000000000
250234;9;4;2015;15:20;24298;RUA TAVARES COUTINHO;RUA 8 DE SETEMBRO;;0;;Colis?úo Transversal;Luz do Dia;Bom;Seca;Cruz;Pare;Residencial;0;0;2;1;0;0;0;0;0;0;0;0;-3,732610000000000;-38,487134000000000
250235;9;4;2015;13:20;11011;RUA GALILEU;RUA EQUADOR;;0;;Colis?úo Transversal;Luz do Dia;Bom;Seca;Cruz;Pare;Comercial;0;0;2;1;0;0;0;0;0;0;0;0;-3,776242000000000;-38,553113000000000
250236;9;4;2015;07:44;0;RUA METON DE ALENCAR;;;357;;Colis?úo Lateral;;Bom;Seca;Meio de Quadra;N?úo H?í Controle;Comercial;0;0;2;1;0;0;0;0;0;0;0;0;-3,734774000000000;-38,527233000000000
250237;9;4;2015;10:00;5185;RUA TEREZA CRISTINA;RUA LIBERATO BARROSO;;0;;Colis?úo Transversal;Luz do Dia;Nublado;Seca;Cruz;Pare;Comercial;0;2;0;1;0;0;0;0;0;1;0;0;-3,725833000000000;-38,536404000000000
250238;9;4;2015;14:00;0;RUA MARCOS MACEDO;;;1200;;Colis?úo Lateral;Luz do Dia;Nublado;Seca;Meio de Quadra;N?úo H?í Controle;Misto;0;0;2;1;0;0;0;0;0;0;0;0;-3,735869000000000;-38,492766000000000
250239;9;4;2015;15:40;12880;RUA SOUSA GIRAO;RUA MES ROSA;;0;;Colis?úo Transversal;Luz do Dia;Bom;Seca;Cruz;Pare;Residencial;0;1;1;1;0;0;0;0;0;1;0;0;-3,741568000000000;-38,525184000000000
250230;9;4;2015;15:00;0;RUA ALMEIDA REGO;;;0;;Colis?úo Transversal;Luz do Dia;Bom;Seca;;;;0;1;1;1;0;0;0;0;0;0;0;0;;
250241;9;4;2015;14:45;0;AV 13 DE MAIO;;;0;;Colis?úo Traseira;Luz do Dia;Bom;Seca;Meio de Quadra;N?úo H?í Controle;Comercial;0;0;2;1;0;0;0;0;0;0;0;0;;
250242;9;4;2015;14:15;0;AV JOSE BASTOS;;;305;;Colis?úo Lateral;;Nublado;Seca;Outros;Pare;Comercial;0;0;2;1;0;0;0;0;0;0;0;0;;
250243;9;4;2015;18:30;0;AV FRANCISCO SA;;;2743;;Colis?úo Lateral;Via Iluminada;Bom;Seca;Meio de Quadra;Sem?íforo;Comercial;0;0;2;1;0;0;1;0;0;0;0;0;-3,719850000000000;-38,549965000000000
250244;9;4;2015;11:23;7831;RUA CEL ALVES TEIXEIRA;RUA NUNES VALENTE;;0;;Colis?úo Transversal;Luz do Dia;Bom;Seca;Cruz;Pare;Comercial;0;2;0;1;0;0;0;0;0;1;0;0;-3,746860000000000;-38,507146000000000
250245;9;4;2015;06:10;0;AV LUCIANO CARNEIRO;;;0;;Colis?úo Traseira;Luz do Dia;Chuva;Seca;Meio de Quadra;N?úo H?í Controle;Misto;0;1;1;1;1;0;0;0;0;0;0;0;;
250246;9;4;2015;09:40;0;RUA NOGUEIRA ACIOLI;;;200;;Colis?úo Lateral;Luz do Dia;Nublado;Seca;Meio de Quadra;N?úo H?í Controle;Comercial;0;0;2;1;0;0;0;0;0;0;0;0;-3,725779000000000;-38,515563000000000
250247;9;4;2015;17:15;7818;RUA TIBURCIO CAVALCANTE;RUA FRANCISCO HOLANDA;;0;;Colis?úo Frontal;Via Iluminada;Bom;Seca;Cruz;Pare;Residencial;0;0;2;1;0;0;0;0;0;0;0;0;-3,748090000000000;-38,506474000000000
250248;9;4;2015;06:20;1576;RUA CEL JUCA;AV PDE ANTONIO TOMAS;;0;;Colis?úo Transversal;;Nublado;Molhada;Cruz;Sem?íforo;Misto;0;1;1;1;1;0;0;0;0;0;0;0;-3,742392000000000;-38,492803000000000
250249;9;4;2015;14:25;0;RUA PDE PEDRO DE ALENCAR;;;710;;Colis?úo Lateral;Luz do Dia;Nublado;Seca;Meio de Quadra;D?¬ Prefer?¬ncia;Comercial;0;1;1;1;0;0;1;0;0;0;0;0;-3,834082000000000;-38,494089000000000
250250;9;4;2015;06:45;0;AV GAL OSORIO DE PAIVA;;;426;;Colis?úo Lateral;Luz do Dia;Bom;Seca;Meio de Quadra;;Residencial;0;0;2;1;0;0;0;0;0;1;0;0;-3,776025000000000;-38,567114000000000
250251;9;4;2015;06:50;19252;AV JOAO PESSOA;RUA LIVINO DE CARVALHO;;0;;Colis?úo Transversal;Luz do Dia;Bom;Seca;T;Pare;Misto;0;1;1;1;0;0;0;0;0;1;0;0;-3,770275000000000;-38,561062000000000
250252;9;4;2015;18:30;0;RUA ALBERTO MAGNO;;;1001;;Colis?úo Transversal;Via Iluminada;Chuva;Seca;Meio de Quadra;N?úo H?í Controle;Comercial;0;0;2;1;0;0;0;0;0;0;0;0;-3,763256000000000;-38,548545000000000
250253;9;4;2015;12:15;10780;AV SEN FERNANDES TAVORA;RUA PDE SA LEITAO;;0;;Colis?úo Traseira;Luz do Dia;Nublado;Seca;Cruz;Pare;Misto;0;0;2;1;0;0;0;0;0;0;0;0;-3,762452000000000;-38,581677000000000
250254;9;4;2015;14:30;9034;AV AGUANAMBI;RUA CEL SOLON;;0;;Colis?úo Transversal;Luz do Dia;Nublado;Seca;Cruz;Sem?íforo;Residencial;0;1;1;1;0;0;0;0;0;1;0;0;-3,742854000000000;-38,525818000000000
250255;9;4;2015;18:30;0;RUA VITAL BRASIL;;;1360;;Colis?úo Lateral;Via Iluminada;Nublado;Molhada;Meio de Quadra;Outros;Residencial;0;1;1;1;0;0;0;0;0;1;0;0;-3,779378000000000;-38,593167000000000
250263;9;4;2015;07:05;12842;RUA JAIME BENEVOLO;RUA CARLOS GOMES;;0;;Colis?úo Transversal;Luz do Dia;Nublado;Seca;Cruz;Pare;Residencial;0;1;1;1;0;0;0;0;0;1;0;0;-3,740955000000000;-38,528298000000000
250264;9;4;2015;15:00;0;AV GODOFREDO MACIEL;;;538;;Colis?úo Traseira;Luz do Dia;Bom;Seca;Meio de Quadra;N?úo H?í Controle;Comercial;0;1;1;1;0;0;0;0;0;1;0;0;-3,781007000000000;-38,565158000000000
250259;9;4;2015;01:30;2544;AV CEL CARVALHO;AV TREZE ROCHDALE;;0;;Colis?úo Transversal;Via Iluminada;Bom;Seca;Cruz;;Comercial;0;1;2;1;1;0;0;1;0;0;0;0;-3,710718000000000;-38,589633000000000
250260;9;4;2015;13:20;0;AV PRS COSTA E SILVA;;;449;;Colis?úo Lateral;Luz do Dia;Nublado;Seca;Meio de Quadra;;Comercial;0;0;2;1;1;0;0;0;0;0;0;0;;
250261;9;4;2015;09:40;0;AV LUCIANO CARNEIRO;;;1991;;Colis?úo Traseira;Luz do Dia;;Seca;Meio de Quadra;;;0;0;2;1;0;0;0;1;0;0;0;0;-3,765012000000000;-38,536703000000000
250257;9;4;2015;18:50;347;RUA PRO COSTA MENDES;RUA FRANCISCA CLOTILDE;;0;;Colis?úo Lateral;Via Iluminada;Nublado;Molhada;Cruz;Pare;Comercial;0;0;2;1;0;0;1;0;0;0;0;0;-3,746335000000000;-38,556137000000000
260401;9;4;2015;19:00;23407;RUA CAP TIBURCIO DA FROTA;RUA BARROS LEAL;;0;;Colis?úo;;;;Cruz;Pare;Residencial;0;0;2;1;0;0;1;0;0;0;0;0;;
259109;9;4;2015;13:50;0;RD CE-040;;;0;KM-02;Colis?úo;Luz do Dia;;Seca;Meio de Quadra;;;0;0;3;1;0;0;0;0;0;0;0;0;-3,776479000000000;-38,481598000000000
259104;9;4;2015;07:25;0;RD CE-040;;;0;KM-13;Atropelamento;Luz do Dia;;Seca;Meio de Quadra;;;1;0;1;1;0;0;0;0;0;0;0;0;-3,857083000000000;-38,472314000000000
259124;9;4;2015;23:30;0;RD CE-025;;;0;KM-04;Choque c/ Obst?ículo Fixo;;Bom;Seca;Meio de Quadra;;;0;0;1;0;0;0;0;0;0;0;0;0;-3,805249000000000;-38,443065000000000
261771;9;4;2015;06:03;5051;RUA SEN POMPEU;RUA SEN JAGUARIBE;;0;;Colis?úo;Luz do Dia;;;Cruz;Pare;Comercial;0;1;1;0;0;0;0;0;0;0;0;0;-3,721667000000000;-38,528055000000000
261772;9;4;2015;06:45;0;RUA BERNARDO MANUEL;;;0;;Colis?úo;Luz do Dia;;;Meio de Quadra;;;0;0;2;0;0;0;0;0;0;0;0;0;;
261773;9;4;2015;07:15;0;RUA SEN ROBERT KENNEDY;;;0;;Colis?úo;Luz do Dia;;;Meio de Quadra;;;0;0;2;0;0;0;0;0;0;0;0;0;;
261774;9;4;2015;08:29;0;AV GODOFREDO MACIEL;;;0;;Colis?úo;Luz do Dia;;;Meio de Quadra;;;0;1;1;0;0;0;1;0;0;1;0;0;-3,787047000000000;-38,566802000000000
261775;9;4;2015;09:52;0;AV ENG SANTANA JUNIOR;;;0;;Queda;Luz do Dia;;;Meio de Quadra;;;0;1;0;0;0;1;0;0;0;0;0;0;;
261776;9;4;2015;10:15;0;AV IMPERADOR;;;0;;Colis?úo;Luz do Dia;;;Meio de Quadra;;;0;1;1;1;0;0;0;0;0;1;0;0;-3,733124000000000;-38,536201000000000
261785;9;4;2015;11:37;0;AV SEN FERNANDES TAVORA;;;0;;Colis?úo;Luz do Dia;;;Meio de Quadra;;;0;1;1;1;0;0;0;0;0;1;0;0;-3,759736000000000;-38,586746000000000
261786;9;4;2015;17:49;24939;AV BEZERRA DE MENEZES;RUA CEL MOZART GONDIM;;0;;Queda;Anoitecer;;;Cruz;Sem?íforo;Comercial;0;1;0;0;0;1;0;0;0;0;0;0;-3,734449000000000;-38,558651000000000
261787;9;4;2015;18:20;0;AV SEN FERNANDES TAVORA;;;0;;Colis?úo;Anoitecer;;;Meio de Quadra;;;0;2;1;1;0;0;0;0;0;1;0;0;;
261788;9;4;2015;18:29;0;AV ENG HUMBERTO MONTE;;;0;;Colis?úo;Anoitecer;;;Meio de Quadra;;;0;1;1;1;0;0;0;0;0;1;0;0;-3,752331000000000;-38,557884000000000
261789;9;4;2015;18:46;0;RUA VITOR MEIRELES;;;0;;Atropelamento;;;;Meio de Quadra;;;0;2;0;0;0;0;0;0;0;1;0;0;;