COD_ACIDENTE;DIA;MES;ANO;HORA;INTERSECAO;LOG1;LOG2;LOG3;NUMERO;REFERENCIA;NATUREZA;ILUMINACAO;TEMPO;SUPERFICIEPISTA;TIPOCRUZAMENTO;CONTROLETRAFEGO;USOSOLO;MORTOS;FERIDOS;ILESOS;AUTOMOVEL;ONIBUS;BICICLETA;CAMINHAO;MICROONIBUS;CICLOMOTOR;MOTOCICLETA;TRACAOANIMAL;TREM;LATITUDE;LONGITUDE
261790;9;4;2015;19:12;0;AV SGT HERMINIO SAMPAIO;;;1769;;Queda;;;;Meio de Quadra;;;0;1;0;0;0;0;0;0;0;1;0;0;-3,725640000000000;-38,556523000000000
261791;9;4;2015;19:41;0;RUA EDUARDO BEZERRA;;;0;;Queda;;;;Meio de Quadra;;;0;1;0;0;0;0;0;0;0;1;0;0;;
261769;9;4;2015;04:41;0;AV WASHINGTON SOARES;;;0;;Queda;;;;Meio de Quadra;;;0;1;0;0;0;0;0;0;0;1;0;0;-3,822358000000000;-38,481263000000000
261783;9;4;2015;10:27;8025;AV JOAO PESSOA;RUA PRO COSTA MENDES;;0;;Queda;Luz do Dia;;;Cruz;Sem?íforo;;0;1;0;0;0;0;0;0;0;1;0;0;-3,752393000000000;-38,549441000000000
266293;9;4;2015;07:23;0;AV SEN FERNANDES TAVORA;;;2499;;Colis?úo;Luz do Dia;;;Meio de Quadra;;;0;0;2;0;0;0;0;0;0;0;0;0;-3,755666000000000;-38,595372000000000
266297;9;4;2015;10:42;0;AV N CJ JOSE WALTER;;;1092;;Colis?úo;Luz do Dia;;;Meio de Quadra;;;0;0;2;0;0;0;0;0;0;0;0;0;;
266300;9;4;2015;11:06;25210;RUA FRE MANSUETO;AV BEIRA MAR;;0;;Colis?úo;Luz do Dia;;;T;Pare;Residencial;0;0;2;0;0;0;0;0;0;0;0;0;-3,724071000000000;-38,489755000000000
266302;9;4;2015;16:03;0;AV GAL OSORIO DE PAIVA;;;0;;Colis?úo;Luz do Dia;;;Meio de Quadra;;;0;0;2;0;0;0;0;0;0;0;0;0;;
266306;9;4;2015;16:11;12685;AV DA INDEPENDENCIA;AV CEL CARVALHO;;0;;Colis?úo;Luz do Dia;;;Cruz;Sem?íforo;Comercial;0;0;2;0;0;0;0;0;0;0;0;0;-3,728711000000000;-38,584952000000000
266309;9;4;2015;18:31;5159;RUA GUILHERME ROCHA;AV IMPERADOR;;0;;Atropelamento;;;;Cruz;Sem?íforo;Comercial;0;0;2;0;0;0;0;0;0;0;0;0;-3,725081000000000;-38,533829000000000
266310;9;4;2015;18:47;1653;RUA MON CATAO;RUA GAL TERTULIANO POTYGUARA;;0;;Colis?úo;;;;Cruz;N?úo H?í Controle;Comercial;0;0;2;0;0;0;0;0;0;0;0;0;-3,745640000000000;-38,492797000000000
266314;9;4;2015;20:06;5050;RUA PRC ISABEL;RUA CASTRO E SILVA;;0;;Atropelamento;;;;Cruz;Pare;Residencial;0;0;2;0;0;0;0;0;0;0;0;0;-3,721661000000000;-38,534005000000000
266316;9;4;2015;20:56;0;RUA AMARO CAVALCANTI;;;155;;Atropelamento;;;;Meio de Quadra;;;0;0;2;0;0;0;0;0;0;0;0;0;-3,724174000000000;-38,553300000000000
258371;9;4;2015;20:00;5399;RUA PEDRO I;AV VIS RIO BRANCO;;0;;Atropelamento;;;;;;;1;0;1;0;1;0;0;0;0;0;0;0;-3,732458000000000;-38,524814000000000
257939;9;4;2015;13:40;0;AV WASHINGTON SOARES;;;0;GONZAGUINHA MESSEJANA;Colis?úo;Luz do Dia;;Seca;Meio de Quadra;;;0;1;1;1;0;1;0;0;0;0;0;0;;
257975;10;4;2015;18:05;10780;AV SEN FERNANDES TAVORA;RUA PDE SA LEITAO;;0;;Colis?úo;Anoitecer;;;Cruz;Pare;Misto;0;2;0;0;0;0;0;0;0;1;0;0;-3,762452000000000;-38,581677000000000
266327;10;4;2015;10:09;6719;AV ENG SANTANA JUNIOR;RUA VICENTE LINHARES;;0;;Colis?úo;Luz do Dia;;;T;Pare;Comercial;0;0;2;0;0;0;0;0;0;0;0;0;-3,745684000000000;-38,489244000000000
266328;10;4;2015;10:13;7633;AV CARNEIRO DE MENDONCA;RUA RIO GRANDE DO SUL;;0;;Colis?úo;Luz do Dia;;;Cruz;Sem?íforo;Misto;0;0;2;0;0;0;0;0;0;0;0;0;-3,762374000000000;-38,570011000000000
266329;10;4;2015;10:43;14467;RUA JOAO TOME;RUA HENRIQUE AUTRAN;;0;;Colis?úo;Luz do Dia;;;Cruz;N?úo H?í Controle;Residencial;0;0;2;0;0;0;0;0;0;0;0;0;-3,727676000000000;-38,547342000000000
266336;10;4;2015;11:07;0;RUA PERILIO TEIXEIRA;;;570;;Colis?úo;Luz do Dia;;;Meio de Quadra;;;0;0;2;0;0;0;0;0;0;0;0;0;-3,759554000000000;-38,601893000000000
266337;10;4;2015;11:21;0;AV 13 DE MAIO;;;0;;Colis?úo;Luz do Dia;;;Meio de Quadra;;;0;0;2;0;0;0;0;0;0;0;0;0;;
266342;10;4;2015;13:36;0;RUA 8;;;101;;Colis?úo;Luz do Dia;;;Meio de Quadra;;;0;0;2;0;0;0;0;0;0;0;0;0;-3,835982000000000;-38,516018000000000
266343;10;4;2015;14:02;0;AV SAUDADE D68;;;520;;Colis?úo;Luz do Dia;;;Meio de Quadra;;;0;0;2;0;0;0;0;0;0;0;0;0;-3,823112000000000;-38,541549000000000
266346;10;4;2015;16:34;22216;RUA ERETIDES MARTINS;RUA IPE (ALAGADI?çO);;0;;Colis?úo;Luz do Dia;;;T;Pare;Residencial;0;0;2;0;0;0;0;0;0;0;0;0;-3,729936000000000;-38,559146000000000
266348;10;4;2015;18:40;0;RUA OLIVEIRA SOBRINHO;;;570;;Colis?úo;;;;Meio de Quadra;;;0;0;2;0;0;0;0;0;0;0;0;0;-3,782455000000000;-38,587435000000000
266353;10;4;2015;19:12;0;AV J CJ CEARA;;;17;;Colis?úo;;;;Meio de Quadra;;;0;0;2;0;0;0;0;0;0;0;0;0;;
266355;10;4;2015;19:44;0;AV PRS CASTELO BRANCO;;;0;;Atropelamento;;;;Meio de Quadra;;;0;0;2;0;0;0;0;0;0;0;0;0;;
266358;10;4;2015;19:45;18;RUA TEN QUEIROZ;RUA HIPOLITO PAMPLONA;;0;;Colis?úo;;;;Cruz;Pare;Rural;0;0;2;0;0;0;0;0;0;0;0;0;-3,745903000000000;-38,595994000000000
266361;10;4;2015;20:04;0;AV JOSE BASTOS;;;0;;Colis?úo;;;;Meio de Quadra;;;0;0;2;0;0;0;0;0;0;0;0;0;;
266363;10;4;2015;20:57;0;LOGRADOURO SEM NOME;;;0;;Choque c/ Obst?ículo Fixo;;;;Meio de Quadra;;;0;0;1;0;0;0;0;0;0;0;0;0;;
266364;10;4;2015;21:23;24987;AV ANTONIO SALES;AV ALM HENRIQUE SABOIA;;0;;Colis?úo;;;;Y;Outros;Comercial;0;0;2;0;0;0;0;0;0;0;0;0;-3,748334000000000;-38,492911000000000
266367;10;4;2015;21:25;0;RUA LUIS GUIMARAES;;;309;;Atropelamento;;;;Meio de Quadra;;;0;0;2;0;0;0;0;0;0;0;0;0;;
261792;10;4;2015;08:08;0;RUA EMILIO DE MENESES;;;2347;;Atropelamento;Luz do Dia;;;Meio de Quadra;;;1;0;1;1;0;0;0;0;0;0;0;0;-3,777646000000000;-38,601996000000000
261793;10;4;2015;09:46;0;AV BEZERRA DE MENEZES;;;0;;Colis?úo;Luz do Dia;;;Meio de Quadra;;;0;1;1;1;0;0;0;0;0;1;0;0;-3,730567000000000;-38,540083000000000
261794;10;4;2015;09:48;12508;AV LINEU MACHADO;RUA ALUISIO AZEVEDO;;0;;Colis?úo;Luz do Dia;;;Cruz;Sem?íforo;Residencial;0;1;1;1;0;0;0;0;0;1;0;0;-3,770212000000000;-38,579184000000000
261795;10;4;2015;10:22;1279;AV DOM LUIS;RUA OSVALDO CRUZ (ALDEOTA);;0;;Queda;Luz do Dia;;;Cruz;Sem?íforo;Comercial;0;1;0;0;0;0;0;0;0;1;0;0;-3,732616000000000;-38,499353000000000
261796;10;4;2015;12:32;5406;RUA ANTONIO POMPEU;RUA PRC ISABEL;;0;;Colis?úo;Luz do Dia;;;Cruz;Pare;Comercial;0;1;1;1;0;0;0;0;0;1;0;0;-3,732693000000000;-38,537283000000000
261797;10;4;2015;16:21;0;AV LINEU MACHADO;;;0;;Colis?úo;Luz do Dia;;;Meio de Quadra;;;0;1;1;1;0;0;0;0;0;1;0;0;;
261798;10;4;2015;17:34;0;RUA PRO COSTA MENDES;;;0;;Colis?úo;Anoitecer;;;Meio de Quadra;;;0;1;1;1;0;0;0;0;0;1;0;0;-3,746949000000000;-38,555460000000000
261799;10;4;2015;18:53;0;RUA SALGADO FILHO;RUA CEL JOAQUIM FRANKLIN;;0;;Colis?úo;;;;;;;0;1;1;1;0;0;0;0;0;1;0;0;;
261800;10;4;2015;10:04;0;AV PRS CASTELO BRANCO;;;4728;FARMACIA PAGUE MENOS;Atropelamento;Luz do Dia;;;Meio de Quadra;;;0;2;0;0;0;0;0;0;0;1;0;0;-3,706329000000000;-38,574068000000000
261801;10;4;2015;21:19;0;RUA JUVENCIO PORFIRIO SALES;;;0;;Queda;;;;Meio de Quadra;;;0;1;0;0;0;0;0;0;0;1;0;0;;
259127;10;4;2015;10:30;0;AV SEN CARLOS JEREISSATI (AEROPORTO);;;0;KM 03;Colis?úo;Luz do Dia;Bom;Molhada;Meio de Quadra;;;0;0;2;1;0;0;0;0;0;0;0;0;-3,780382000000000;-38,541414000000000
259129;10;4;2015;13:09;0;AV SEN CARLOS JEREISSATI (AEROPORTO);;;0;KM 03;Colis?úo;Luz do Dia;;Seca;Meio de Quadra;;;0;0;2;0;0;0;1;0;0;0;0;0;-3,780382000000000;-38,541414000000000
260424;10;4;2015;13:23;0;RUA EMILIO DE MENESES;;;1260;;Colis?úo;Luz do Dia;;;Meio de Quadra;;;0;0;2;0;1;0;1;0;0;0;0;0;-3,780253000000000;-38,592741000000000
260422;10;4;2015;07:58;0;AV GAL OSORIO DE PAIVA;;;0;;Colis?úo;Luz do Dia;;;Meio de Quadra;;;0;0;2;0;0;0;0;0;0;1;0;0;;
260426;10;4;2015;15:00;0;RUA VALPARAISO;;;0;;Colis?úo;Luz do Dia;;;Meio de Quadra;;;0;0;2;0;0;0;0;0;0;1;0;0;;
250265;10;4;2015;;0;AV SEN FERNANDES TAVORA;;;44;EXTRA;Colis?úo Lateral;Via Iluminada;Bom;Seca;Meio de Quadra;Sem?íforo;Comercial;0;0;2;1;1;0;0;0;0;0;0;0;-3,768776000000000;-38,571286000000000
250269;10;4;2015;21:39;0;AV JOR THOMAZ COELHO;;;309;;Colis?úo Transversal;Via Iluminada;Bom;Seca;Meio de Quadra;Pare;Comercial;0;2;0;0;1;0;0;0;0;1;0;0;;
250267;10;4;2015;18:40;0;AV L CJ JOSE WALTER;;;0;;Colis?úo Lateral;Via Iluminada;Nublado;Seca;Meio de Quadra;Pare;Residencial;0;0;2;1;1;0;0;0;0;0;0;0;;
250282;10;4;2015;09:30;1442;RUA FREDERICO BORGES;RUA MARIA TOMASIA;;0;;Colis?úo Lateral;Luz do Dia;Bom;Seca;Cruz;N?úo H?í Controle;Comercial;0;0;2;1;0;0;0;0;0;0;0;0;-3,738138000000000;-38,489033000000000
250283;10;4;2015;08:15;25379;RUA DES MANUEL DE SALES ANDRADE;AV MIGUEL DIAS;;0;;Colis?úo Lateral;Luz do Dia;Chuva;Molhada;Cruz;Sem?íforo;Comercial;0;0;2;0;0;0;1;0;0;0;0;0;-3,767211000000000;-38,487373000000000
250284;10;4;2015;19:00;0;AV DEP PAULINO ROCHA;;;1343;;Colis?úo Lateral;Via Iluminada;Bom;Seca;Meio de Quadra;N?úo H?í Controle;Misto;0;0;2;1;1;0;0;0;0;0;0;0;-3,809993000000000;-38,509097000000000
250285;10;4;2015;21:00;0;RUA JULIO ABREU;;;1928;;Colis?úo Lateral;Via Iluminada;Bom;Seca;Meio de Quadra;;Residencial;0;0;2;1;0;0;0;0;0;1;0;0;;
250286;10;4;2015;16:00;0;AV PRS COSTA E SILVA;;;2560;;Colis?úo Traseira;Luz do Dia;Bom;Seca;Meio de Quadra;Sem?íforo;Residencial;0;1;1;0;0;0;0;0;0;1;0;0;-3,820658000000000;-38,559294000000000
250287;10;4;2015;09:00;9111;AV EDUARDO GIRAO;RUA DEP OSWALDO STUDART;;0;;Colis?úo Lateral;Luz do Dia;Chuva;Seca;Cruz;Sem?íforo;Comercial;0;0;2;1;1;0;0;0;0;0;0;0;-3,755323000000000;-38,529775000000000
250288;10;4;2015;14:20;0;RUA PDE ANCHIETA;;;582;;Colis?úo;Luz do Dia;Bom;Seca;Meio de Quadra;N?úo H?í Controle;Comercial;0;1;1;1;0;0;1;0;0;0;0;0;-3,725065000000000;-38,551206000000000
250289;10;4;2015;14:10;0;AV DOMINGOS OLIMPIO;;;1112;;Colis?úo Traseira;;Bom;Seca;Meio de Quadra;N?úo H?í Controle;Residencial;0;1;1;1;0;0;0;0;0;1;0;0;-3,735821000000000;-38,533438000000000
250290;10;4;2015;17:00;7765;RUA TIBURCIO CAVALCANTE;RUA DOM EXPEDITO LOPES;;0;;Colis?úo Transversal;Anoitecer;Bom;Seca;Cruz;Pare;Residencial;0;0;2;1;0;0;0;0;0;0;0;0;-3,743802000000000;-38,505097000000000
250291;10;4;2015;09:05;0;AV JOSE BASTOS;;;2828;;Colis?úo Transversal;Anoitecer;Nublado;Seca;Meio de Quadra;N?úo H?í Controle;Comercial;0;1;1;1;0;0;0;0;0;1;0;0;-3,745496000000000;-38,545915000000000
250292;10;4;2015;06:47;23683;AV GAL OSORIO DE PAIVA;RUA GABRIEL FIUZA;;0;;Colis?úo Transversal;Luz do Dia;Bom;Seca;Com Via F?®rrea;Pare;Comercial;0;1;1;1;0;0;0;0;0;1;0;0;-3,785294000000000;-38,581746000000000
250293;10;4;2015;15:00;0;AV DEP PAULINO ROCHA;;;2179;;Colis?úo Lateral;Luz do Dia;Bom;Seca;Meio de Quadra;;Comercial;0;0;2;1;0;0;1;0;0;0;0;0;-3,810781000000000;-38,516798000000000
250294;10;4;2015;15:10;25352;AV DEP PAULINO ROCHA;RUA MANOEL AGUIAR PONTES;;0;;Colis?úo Traseira;Luz do Dia;Bom;Seca;Duplo T;Sem?íforo;Comercial;0;0;2;0;0;0;1;0;0;0;0;0;-3,810811000000000;-38,516682000000000
250295;10;4;2015;16:00;0;AV AGUANAMBI;;;0;;Colis?úo Traseira;Luz do Dia;Bom;Seca;Meio de Quadra;N?úo H?í Controle;Comercial;0;0;3;1;0;0;0;0;0;0;0;0;;
250296;10;4;2015;14:15;14483;AV SGT HERMINIO SAMPAIO;RUA LAVRAS DA MANGABEIRA;;0;;Colis?úo Transversal;Luz do Dia;Bom;Seca;T;Pare;Comercial;0;1;1;1;0;0;0;0;0;1;0;0;-3,724910000000000;-38,552535000000000
250297;10;4;2015;18:30;12847;RUA MAJ FACUNDO;RUA SALDANHA MARINHO;;0;;Colis?úo Lateral;Via Iluminada;Bom;Seca;Cruz;Pare;Comercial;0;1;1;0;0;0;0;0;0;1;0;0;-3,741916000000000;-38,532454000000000
250298;10;4;2015;18:00;0;RUA FRANCISCO LORDA;;;0;;Colis?úo Transversal;Via Iluminada;Bom;Seca;Meio de Quadra;Pare;Residencial;0;1;1;1;0;0;0;0;0;1;0;0;-3,761791000000000;-38,532275000000000
250299;10;4;2015;17:00;0;RUA ASSUNCAO;;;713;;Colis?úo Transversal;Via Iluminada;Bom;Seca;Meio de Quadra;N?úo H?í Controle;Residencial;0;1;1;1;0;0;0;0;0;1;0;0;-3,736387000000000;-38,529277000000000
250300;10;4;2015;11:46;0;AV BAR STUDART;;;1501;;Colis?úo Traseira;Luz do Dia;Bom;Seca;Meio de Quadra;N?úo H?í Controle;Residencial;0;0;2;1;0;0;0;0;0;0;0;0;-3,737553000000000;-38,507542000000000
250301;10;4;2015;15:30;15302;RUA PEREIRA FILGUEIRAS;RUA MON BRUNO;;0;;Colis?úo Lateral;Luz do Dia;Bom;Seca;Cruz;Pare;Residencial;0;0;2;1;0;0;0;0;0;0;0;0;-3,729763000000000;-38,508580000000000
250302;10;4;2015;06:20;24348;RUA JORGE ACURCIO;RUA ARMANDO MONTEIRO;;0;;Colis?úo Transversal;Luz do Dia;Nublado;Seca;Cruz;Pare;Residencial;0;0;2;1;0;0;0;0;0;0;0;0;-3,765184000000000;-38,531744000000000
250303;10;4;2015;09:00;12863;AV DOMINGOS OLIMPIO;RUA FLORIANO PEIXOTO;;0;;Colis?úo;Luz do Dia;Chuva;Seca;Cruz;Pare;Comercial;0;0;2;1;0;0;0;0;0;0;0;0;-3,736976000000000;-38,530313000000000
250304;10;4;2015;19:10;3788;RUA WALDERY UCHOA;RUA PDE FRANCISCO PINTO;;0;;Colis?úo Transversal;Anoitecer;Bom;Seca;Cruz;Pare;Misto;0;0;2;1;0;0;0;0;0;0;0;0;-3,744299000000000;-38,539138000000000
250305;10;4;2015;07:20;5437;RUA FLORIANO PEIXOTO;RUA METON DE ALENCAR;;0;;Colis?úo Transversal;Luz do Dia;Chuva;Molhada;Cruz;Pare;Comercial;0;0;3;1;0;0;0;0;0;0;0;0;-3,734071000000000;-38,529358000000000
250306;10;4;2015;09:00;12892;AV DOMINGOS OLIMPIO;RUA BAR RIO BRANCO;;0;;Colis?úo Traseira;Luz do Dia;Bom;Seca;Cruz;Sem?íforo;Comercial;0;1;1;0;0;0;0;0;1;0;0;0;-3,736579000000000;-38,531494000000000
250307;10;4;2015;11:40;4624;RUA CRISANTO M DA ROCHA;RUA LINO CONDE D61;;0;;Colis?úo Transversal;Luz do Dia;Bom;Seca;Cruz;Pare;Residencial;0;0;2;1;0;0;0;0;0;0;0;0;-3,799965000000000;-38,480989000000000
250308;10;4;2015;14:30;0;AV DEP PAULINO ROCHA;;;2175;;Colis?úo Traseira;Luz do Dia;Bom;Seca;Meio de Quadra;Sem?íforo;Comercial;0;0;2;0;0;0;1;0;0;0;0;0;-3,810831000000000;-38,516602000000000
250309;10;4;2015;10:30;24270;RUA PEREIRA VALENTE;RUA DELMIRO GOUVEIA;;0;;Colis?úo;Luz do Dia;Bom;Seca;Cruz;Pare;Residencial;0;1;1;1;0;0;0;0;0;1;0;0;-3,734817000000000;-38,488125000000000
250311;10;4;2015;12:35;7760;AV ANTONIO SALES;RUA SILVA PAULET;;0;;Colis?úo Lateral;Luz do Dia;;;Cruz;Pare;Comercial;0;0;2;1;0;0;0;0;0;0;0;0;-3,743595000000000;-38,508383000000000
250279;10;4;2015;12:20;25154;RUA BENI DE CARVALHO;RUA VICENTE LEITE;;0;;Colis?úo Lateral;Luz do Dia;Bom;Seca;Cruz;Pare;Residencial;0;1;1;1;0;0;0;0;0;1;0;0;-3,745037000000000;-38,497966000000000
250280;10;4;2015;14:00;0;RUA JUAZEIRO DO NORTE;;;333;;Colis?úo Lateral;Luz do Dia;Bom;Seca;Meio de Quadra;N?úo H?í Controle;Residencial;0;0;2;1;0;0;0;0;0;0;0;0;-3,727441000000000;-38,490524000000000
250313;10;4;2015;15:30;0;RUA RAD JOAO RAMOS (DUNAS);;;2975;;Colis?úo;Luz do Dia;Nublado;Seca;Meio de Quadra;N?úo H?í Controle;Comercial;0;2;0;0;0;0;0;0;0;1;0;0;;
250314;10;4;2015;17:30;8647;AV EDILSON B SOARES;RUA PRO SOLON FARIAS;;0;;Colis?úo Transversal;Mal Iluminada;Bom;Seca;Cruz;N?úo H?í Controle;Residencial;0;0;2;1;0;0;0;0;0;0;0;0;-3,789155000000000;-38,477116000000000
250275;10;4;2015;16:30;0;AV PONTES VIEIRA;;;0;;Colis?úo Traseira;Luz do Dia;Bom;Seca;Meio de Quadra;Outros;Comercial;0;1;2;1;1;0;0;0;0;1;0;0;;
250273;10;4;2015;15:20;0;RUA SEN POMPEU;;;454;;Colis?úo Lateral;Luz do Dia;Bom;Seca;Meio de Quadra;Sem?íforo Intermitente;Comercial;0;0;2;1;0;0;0;0;0;0;0;0;-3,722509000000000;-38,528307000000000
250271;10;4;2015;07:00;5333;RUA GAL CLARINDO DE QUEIROZ;RUA PRC ISABEL;;0;;Colis?úo Transversal;Luz do Dia;Chuva;Molhada;Cruz;Pare;Comercial;0;1;1;1;0;0;0;0;0;1;0;0;-3,730592000000000;-38,536711000000000
250332;10;4;2015;11:25;0;AV DOS EXPEDICIONARIOS;;;0;;Colis?úo Lateral;Luz do Dia;Nublado;Seca;Meio de Quadra;N?úo H?í Controle;Misto;0;0;2;1;0;0;0;0;0;1;0;0;;
250337;10;4;2015;14:40;1432;AV SANTOS DUMONT;AV SEN VIRGILIO TAVORA;;0;;Colis?úo;Luz do Dia;Bom;Molhada;Cruz;Sem?íforo;Comercial;0;0;2;1;1;0;0;0;0;0;0;0;-3,737828000000000;-38,493482000000000
250317;10;4;2015;06:50;3373;RUA MARIO DE ANDRADE;RUA PAPI JUNIOR;;0;;Colis?úo Transversal;Luz do Dia;Nublado;Seca;Cruz;Pare;Misto;1;0;1;0;0;0;1;0;1;0;0;0;-3,753737000000000;-38,558885000000000
250277;11;4;2015;12:10;0;AV PAROARAS;;;160;;Colis?úo Lateral;Luz do Dia;Nublado;Seca;Meio de Quadra;N?úo H?í Controle;Residencial;0;1;1;1;0;0;0;0;0;1;0;0;-3,812110000000000;-38,536795000000000
250341;11;4;2015;14:00;21379;AV JOVITA FEITOSA;RUA PRO RAIMUNDO ARRUDA;;0;;Colis?úo Transversal;Luz do Dia;Bom;Seca;Cruz;Sem?íforo;Comercial;0;1;2;0;0;0;0;0;0;1;0;0;-3,738742000000000;-38,550998000000000
250343;11;4;2015;16:10;15362;RUA PEREIRA VALENTE;RUA CEL LINHARES;;0;;Colis?úo Transversal;Luz do Dia;Bom;Seca;Cruz;Pare;Residencial;0;0;2;1;0;0;0;0;0;0;0;0;-3,733517000000000;-38,493183000000000
250344;11;4;2015;12:00;0;AV SANTOS DUMONT;;;1740;;Colis?úo Traseira;Luz do Dia;Nublado;Seca;Meio de Quadra;Sem?íforo;Misto;0;0;3;1;0;0;0;0;0;0;0;0;-3,732981000000000;-38,508353000000000
260440;11;4;2015;14:18;22665;AV ENG LEAL LIMA VERDE (SAPIRANGA/COITE);AV COS GOMES DE FREITAS (SAPIRANGA/COITE);;0;;Colis?úo;Luz do Dia;;;Rotat??ria;D?¬ Prefer?¬ncia;Comercial;0;0;2;0;0;0;0;0;0;0;0;0;-3,795341000000000;-38,475739000000000
258856;11;4;2015;08:35;0;RD BR 116;;;2000;KM-02;Colis?úo Transversal;Luz do Dia;Bom;Seca;Meio de Quadra;N?úo H?í Controle;Comercial;0;0;2;1;1;0;0;0;0;0;0;0;-3,771391000000000;-38,516780000000000
258073;11;4;2015;20:55;0;AV CEL CARVALHO;;;1260;;Colis?úo;;;;Meio de Quadra;;;0;1;0;1;0;0;0;0;0;1;0;0;-3,713441000000000;-38,588929000000000
261802;11;4;2015;08:14;0;AV SEN FERNANDES TAVORA;;;0;;Colis?úo;Luz do Dia;;;Meio de Quadra;;;0;2;0;0;0;0;0;0;0;1;0;0;;
261803;11;4;2015;10:03;15197;RUA DEP MOREIRA DA ROCHA;RUA ANTONIO AUGUSTO;;0;;Colis?úo;Luz do Dia;;;;;Residencial;0;2;0;0;0;0;0;0;0;1;0;0;-3,726544000000000;-38,512260000000000
261804;11;4;2015;12:12;0;AV ALBERTO CRAVEIRO;;;0;;Colis?úo;Luz do Dia;;;Meio de Quadra;;;0;1;1;1;0;0;0;0;0;1;0;0;;
261805;11;4;2015;13:58;0;RUA ESTADO DO RIO;;;0;;Colis?úo;Luz do Dia;;;Meio de Quadra;;;0;2;0;0;0;0;0;0;0;1;0;0;-3,756417000000000;-38,569549000000000
261806;11;4;2015;17:25;0;RUA LONDRINA;RUA BARRA VERMELHA;;0;;Colis?úo;Anoitecer;;;;;;0;1;1;0;0;0;0;0;0;1;0;0;-3,778498000000000;-38,612304000000000
261807;11;4;2015;17:26;0;RUA MOCA BONITA;;;0;;Queda;Anoitecer;;;Meio de Quadra;;;0;0;1;0;0;0;0;0;0;1;0;0;;
261808;11;4;2015;17:57;0;AV PERIMETRAL;;;0;;Colis?úo;Anoitecer;;;Meio de Quadra;;;0;2;0;0;0;0;0;0;0;1;0;0;;
261810;11;4;2015;18:00;0;RUA FRANCISCA CLOTILDE;;;0;;Colis?úo;Anoitecer;;;Meio de Quadra;;;0;1;1;1;0;0;0;0;0;1;0;0;-3,742441000000000;-38,552646000000000
261819;11;4;2015;21:22;18153;RUA EDMUNDO FALCAO;AV ZEZE DIOGO;;0;;Colis?úo;;;;;;;0;1;1;1;0;0;0;0;0;1;0;0;-3,748574000000000;-38,448263000000000
261822;11;4;2015;22:39;0;RUA AUDISIO PINHEIRO;;;0;;Colis?úo;;;;Meio de Quadra;;;0;1;1;1;0;0;0;0;0;1;0;0;-3,761506000000000;-38,590410000000000
261824;11;4;2015;22:43;0;RUA OSCAR ARARIPE;;;0;;Atropelamento;;;;Meio de Quadra;;;0;1;1;0;0;0;1;0;0;0;0;0;-3,790357000000000;-38,601953000000000
261832;11;4;2015;23:27;12699;AV CEL CARVALHO;AV MAJ ASSIS;;0;;Colis?úo;;;;Cruz;Sem?íforo;Residencial;0;3;0;0;0;0;0;0;0;1;0;0;-3,723796000000000;-38,586255000000000
261826;11;4;2015;22:54;0;RUA DOM XISTO ALBANO;;;0;;Queda;;;;Meio de Quadra;;;0;1;0;0;0;0;0;0;0;1;0;0;-3,789921000000000;-38,579095000000000
261829;11;4;2015;23:03;25964;AV GOV PARSIFAL BARROSO;RUA LICURGO MONTENEGRO;;0;;Colis?úo;;;;Duplo T;Pare;Residencial;0;1;1;1;0;0;0;0;0;1;0;0;-3,734410000000000;-38,568900000000000
250354;11;4;2015;08:20;0;RUA GONCALVES LEDO;;;1440;;Colis?úo Traseira;Luz do Dia;Nublado;Seca;Meio de Quadra;N?úo H?í Controle;Residencial;0;0;3;1;0;0;1;0;0;0;0;0;-3,736474000000000;-38,517907000000000
250355;11;4;2015;19:53;25154;RUA BENI DE CARVALHO;RUA VICENTE LEITE;;0;;Colis?úo Transversal;Via Iluminada;Bom;Seca;Cruz;Pare;Residencial;1;0;1;0;0;0;0;0;0;1;0;0;-3,745037000000000;-38,497966000000000
250356;11;4;2015;08:30;0;AV JOAO DE ARAUJO LIMA;;;1076;;Colis?úo Lateral;Luz do Dia;Bom;Seca;Meio de Quadra;Outros;Comercial;0;0;2;1;0;0;1;0;0;0;0;0;-3,831332000000000;-38,560234000000000
250357;11;4;2015;09:50;0;AV PONTES VIEIRA;;;692;;Colis?úo Traseira;Luz do Dia;Chuva;Molhada;Meio de Quadra;N?úo H?í Controle;Comercial;0;0;2;1;0;0;0;0;0;1;0;0;-3,752858000000000;-38,514669000000000
250358;11;4;2015;06:00;1405;AV SANTOS DUMONT;RUA VICENTE LEITE;;0;;Colis?úo Traseira;Luz do Dia;Bom;Seca;Cruz;Sem?íforo;Comercial;0;0;2;1;0;0;0;0;0;1;0;0;-3,737173000000000;-38,495419000000000
250359;11;4;2015;08:00;13152;RUA BERNARDO MANUEL;VL JOAO GUALBERTO;;0;;Colis?úo Lateral;Luz do Dia;Nublado;Seca;T;Pare;Comercial;0;1;1;0;0;0;0;0;0;1;0;0;-3,831465000000000;-38,561161000000000