COD_ACIDENTE;DIA;MES;ANO;HORA;INTERSECAO;LOG1;LOG2;LOG3;NUMERO;REFERENCIA;NATUREZA;ILUMINACAO;TEMPO;SUPERFICIEPISTA;TIPOCRUZAMENTO;CONTROLETRAFEGO;USOSOLO;MORTOS;FERIDOS;ILESOS;AUTOMOVEL;ONIBUS;BICICLETA;CAMINHAO;MICROONIBUS;CICLOMOTOR;MOTOCICLETA;TRACAOANIMAL;TREM;LATITUDE;LONGITUDE
250385;11;4;2015;15:55;7909;AV DES MOREIRA;RUA FRANCISCO HOLANDA;;0;;Colis?úo Transversal;Luz do Dia;Bom;Seca;Cruz;Sem?íforo;Residencial;0;1;1;1;0;0;0;0;0;1;0;0;-3,749355000000000;-38,502540000000000
250379;11;4;2015;18:00;0;RUA JOAO CORDEIRO;;;1410;;Colis?úo Transversal;Via Iluminada;Bom;Seca;Meio de Quadra;N?úo H?í Controle;Comercial;0;0;2;1;0;0;0;0;0;0;0;0;-3,732577000000000;-38,515312000000000
250380;11;4;2015;10:13;0;AV GODOFREDO MACIEL;;;1753;LAGOA DA MARAPONGA;Capotamento;Luz do Dia;Bom;Seca;Meio de Quadra;N?úo H?í Controle;Comercial;0;1;0;1;0;0;0;0;0;0;0;0;-3,788335000000000;-38,566763000000000
250381;11;4;2015;09:30;0;RUA JOAQUIM DE FIGUEIREDO FILHO;;;124;;Colis?úo Transversal;Luz do Dia;Bom;Seca;Meio de Quadra;N?úo H?í Controle;Residencial;0;0;2;1;0;0;0;0;0;0;0;0;-3,801548000000000;-38,481467000000000
250382;11;4;2015;13:40;24293;RUA JULIO ABREU;RUA DELMIRO GOUVEIA;;0;;Colis?úo Transversal;Luz do Dia;Bom;Seca;Cruz;Pare;Comercial;0;0;2;0;1;0;0;0;0;0;0;0;-3,735900000000000;-38,488072000000000
250383;11;4;2015;14:00;15374;AV DOM LUIS;RUA FREDERICO BORGES;;0;;Colis?úo Lateral;Luz do Dia;Bom;Seca;Cruz;Sem?íforo;Comercial;0;0;2;1;0;0;0;0;0;0;0;0;-3,735890000000000;-38,489136000000000
250387;11;4;2015;08:15;19271;RUA CAIO PRADO;AV GAL OSORIO DE PAIVA;;0;;Colis?úo Traseira;Luz do Dia;Nublado;Seca;Cruz;Pare;Misto;0;0;2;1;1;0;0;0;0;0;0;0;-3,773190000000000;-38,563447000000000
250388;11;4;2015;21:01;0;AV JOSE BASTOS;;;3878;;Colis?úo Transversal;Via Iluminada;Bom;Seca;Meio de Quadra;N?úo H?í Controle;Comercial;0;0;2;1;0;0;0;0;0;0;0;0;-3,752255000000000;-38,552712000000000
250349;11;4;2015;09:20;0;AV BEZERRA DE MENEZES;;;146;;Colis?úo Lateral;Luz do Dia;Chuva;Molhada;Meio de Quadra;Outros;Comercial;0;0;2;1;0;0;1;0;0;0;0;0;-3,730842000000000;-38,541477000000000
250346;11;4;2015;17:00;0;RUA SEN POMPEU;;;1943;;Colis?úo Traseira;Via Iluminada;Bom;Seca;Meio de Quadra;N?úo H?í Controle;Comercial;0;0;2;1;0;0;0;0;0;0;0;0;-3,735637000000000;-38,532238000000000
250347;11;4;2015;12:00;23493;RUA SABINO MONTE;RUA CARVALHO JUNIOR;;0;;Colis?úo Lateral;Luz do Dia;Bom;Seca;Cruz;Pare;Residencial;0;0;2;1;0;0;0;0;0;0;0;0;-3,758605000000000;-38,511538000000000
250368;11;4;2015;15:40;15005;AV GODOFREDO MACIEL;RUA SUICA;;0;;Queda;Luz do Dia;Bom;Seca;T;Pare;Outros;0;0;2;0;0;0;0;0;0;1;0;0;-3,792859000000000;-38,568361000000000
250372;11;4;2015;07:00;3771;AV DOMINGOS OLIMPIO;AV DA UNIVERSIDADE;;0;;;Luz do Dia;Nublado;Seca;Cruz;Sem?íforo;Comercial;0;0;2;1;0;0;0;0;0;0;0;0;-3,735594000000000;-38,534216000000000
250373;11;4;2015;13:55;15990;AV BENJAMIM BRASIL;RUA GASTAO JUSTA;;0;;Colis?úo Lateral;Luz do Dia;Bom;Seca;Cruz;Pare;Comercial;0;0;2;1;0;0;0;0;0;0;0;0;-3,804186000000000;-38,569066000000000
250374;11;4;2015;19:15;8933;AV DOMINGOS OLIMPIO;RUA RUBIA SAMPAIO;;0;;Engavetamento;Via Iluminada;Bom;Seca;Cruz;Pare;Residencial;0;0;3;1;0;0;0;0;0;0;0;0;-3,733409000000000;-38,541015000000000
250370;11;4;2015;09:00;1445;RUA VICENTE LEITE;RUA DES LEITE ALBUQUERQUE;;0;;Colis?úo Transversal;Luz do Dia;Chuva;Molhada;Cruz;Pare;Residencial;0;0;2;1;0;0;0;0;0;0;0;0;-3,738178000000000;-38,495734000000000
250376;11;4;2015;13:00;978;AV BORGES DE MELO;RD BR 116;;0;;Colis?úo Lateral;Luz do Dia;;Seca;T;N?úo H?í Controle;Comercial;0;0;2;1;0;0;0;0;0;1;0;0;-3,761468000000000;-38,518888000000000
266369;11;4;2015;00:54;15298;RUA ANA BILHAR;RUA BARBOSA DE FREITAS;;0;;Colis?úo;;;;Cruz;Pare;Residencial;0;0;2;0;0;0;0;0;0;0;0;0;-3,729646000000000;-38,495143000000000
266373;11;4;2015;03:47;15175;AV ABOLICAO;RUA NUNES VALENTE;;0;;Colis?úo;;;;Cruz;Pare;Misto;0;0;2;0;0;0;0;0;0;0;0;0;-3,725750000000000;-38,500384000000000
266374;11;4;2015;11:43;24289;RUA 8 DE SETEMBRO;RUA JULIO ABREU;;0;;Colis?úo;Luz do Dia;;;Cruz;N?úo H?í Controle;Escola;0;0;2;0;0;0;0;0;0;0;0;0;-3,735884000000000;-38,487006000000000
266375;11;4;2015;13:56;0;AV AUGUSTO DOS ANJOS;;;1388;;Colis?úo;Luz do Dia;;;Meio de Quadra;;;0;0;2;0;0;0;0;0;0;0;0;0;-3,778877000000000;-38,578018000000000
266371;11;4;2015;00:55;0;RUA ANDRE REBOUCAS;;;153;;Colis?úo;;;;Meio de Quadra;;;0;0;2;0;0;0;0;0;0;0;0;0;-3,774840000000000;-38,589760000000000
266379;11;4;2015;14:58;0;RUA JOSE VILAR;;;3234;;Colis?úo;Luz do Dia;;;Meio de Quadra;;;0;0;2;0;0;0;0;0;0;0;0;0;-3,752071000000000;-38,509969000000000
266381;11;4;2015;15:12;23727;RUA GABRIEL FIUZA;RUA MON AGOSTINHO;;0;;Colis?úo;Luz do Dia;;;Cruz;Pare;Misto;0;0;2;0;0;0;0;0;0;0;0;0;-3,786587000000000;-38,580412000000000
266392;11;4;2015;16:22;0;AV DOS EXPEDICIONARIOS;;;0;;Colis?úo;Luz do Dia;;;Meio de Quadra;;;0;0;2;0;0;0;0;0;0;0;0;0;;
266395;11;4;2015;18:44;0;AV RAD JOSE LIMA VERDE;;;0;;Colis?úo;;;;Meio de Quadra;;;0;0;2;0;0;0;0;0;0;0;0;0;;
266397;11;4;2015;18:56;0;AV SEN FERNANDES TAVORA;;;3004;;Colis?úo;;;;Meio de Quadra;;;0;0;2;0;0;0;0;0;0;0;0;0;-3,754859000000000;-38,599707000000000
266399;11;4;2015;22:59;0;AV BEZERRA DE MENEZES;;;0;;Colis?úo;;;;Meio de Quadra;;;0;0;2;0;0;0;0;0;0;0;0;0;;
265345;11;4;2015;15:00;0;RUA JOAQUIM DOS ANJOS;;;1406;;Colis?úo;Luz do Dia;;;Meio de Quadra;;;1;0;0;0;0;0;0;0;0;1;1;0;-3,829780000000000;-38,572563000000000
266401;12;4;2015;00:27;0;RUA AUDISIO PINHEIRO;;;1146;;Colis?úo;;;;Meio de Quadra;;;0;0;2;0;0;0;0;0;0;0;0;0;-3,761370000000000;-38,590339000000000
266403;12;4;2015;00:28;18515;AV GOV PARSIFAL BARROSO;RUA 2 LT SINCOL;;0;;Colis?úo;;;;T;Pare;Residencial;0;0;2;0;0;0;0;0;0;0;0;0;-3,735242000000000;-38,568952000000000
266409;12;4;2015;01:46;6817;RUA FRANCISCO MATOS;RUA BENTO ALBUQUERQUE;;0;;Colis?úo;;;;Cruz;Pare;Residencial;0;0;2;0;0;0;0;0;0;0;0;0;-3,747862000000000;-38,470436000000000
266410;12;4;2015;01:47;0;AV ALM BARROSO;;;0;;Colis?úo;;;;Meio de Quadra;;;0;0;2;0;0;0;0;0;0;0;0;0;;
266411;12;4;2015;01:48;0;AV FRANCISCO SA;;;6482;;Colis?úo;;;;Meio de Quadra;;;0;0;2;0;0;0;0;0;0;0;0;0;-3,708558000000000;-38,582382000000000
266413;12;4;2015;01:48;0;RUA PDE ANCHIETA;;;614;;Colis?úo;;;;Meio de Quadra;;;0;0;2;0;0;0;0;0;0;0;0;0;-3,725402000000000;-38,551316000000000
266406;12;4;2015;00:49;0;AV SEN FERNANDES TAVORA;;;3264;;Atropelamento;;;;Meio de Quadra;;;0;0;2;0;0;0;0;0;0;0;0;0;-3,754598000000000;-38,601137000000000
266407;12;4;2015;00:52;24221;RUA PRO HERACLITO;RUA JOSE CARLOS GURGEL NOGUEIRA;;0;;Colis?úo;;;;Cruz;Pare;Residencial;0;0;2;0;0;0;0;0;0;0;0;0;-3,732973000000000;-38,473860000000000
250348;12;4;2015;05:30;15313;RUA ANA BILHAR;RUA VICENTE LEITE;;0;;Colis?úo Transversal;Amanhecer;Nublado;Seca;Cruz;Pare;Residencial;0;0;2;1;0;0;0;0;0;0;0;0;-3,730261000000000;-38,493215000000000
250350;12;4;2015;13:10;0;AV BEIRA MAR;;;0;;Colis?úo Traseira;Luz do Dia;Bom;Seca;Meio de Quadra;N?úo H?í Controle;Comercial;0;0;2;0;0;0;0;0;0;1;0;0;;
250351;12;4;2015;18:30;0;AV DR SILAS MUNGUBA;;;0;;Colis?úo Lateral;Via Iluminada;Bom;Seca;Meio de Quadra;N?úo H?í Controle;Comercial;0;1;1;1;0;0;0;0;0;1;0;0;;
250352;12;4;2015;18:00;0;RUA HOLANDA;;;986;;Colis?úo Lateral Sentido Oposto;Via Iluminada;Bom;Seca;Meio de Quadra;N?úo H?í Controle;Comercial;0;0;2;1;0;0;0;0;0;0;0;0;-3,800134000000000;-38,561500000000000
250353;12;4;2015;08:45;5442;AV VIS RIO BRANCO;RUA GAL CLARINDO DE QUEIROZ;;0;;Colis?úo Lateral;Luz do Dia;Nublado;Seca;Cruz;Sem?íforo;Comercial;0;0;2;1;0;0;0;0;0;1;0;0;-3,734584000000000;-38,524385000000000
250360;12;4;2015;10:00;3769;RUA SEN POMPEU;AV DOMINGOS OLIMPIO;;0;;Colis?úo Transversal;Luz do Dia;Bom;Seca;Cruz;Sem?íforo;Comercial;0;1;1;1;0;0;0;0;0;1;0;0;-3,736254000000000;-38,532455000000000
250361;12;4;2015;05:30;0;RUA DA PAZ;;;378;;Choque c/ Obst?ículo Fixo;Luz do Dia;Bom;Seca;Meio de Quadra;N?úo H?í Controle;Residencial;0;3;0;0;0;0;0;0;0;0;0;0;;
250362;12;4;2015;19:00;0;AV PRS COSTA E SILVA;;;1720;;Colis?úo Transversal;Via Iluminada;Bom;Seca;Meio de Quadra;N?úo H?í Controle;Comercial;0;2;0;0;0;0;0;0;0;1;0;0;-3,816838000000000;-38,566971000000000
250363;12;4;2015;06:00;25084;AV BENJAMIM BRASIL;RUA BERNARDO MANUEL;;0;;Choque c/ Obst?ículo Fixo;Luz do Dia;Bom;Seca;T;Sem?íforo;Misto;0;1;0;1;0;0;0;0;0;0;0;0;-3,810060000000000;-38,554874000000000
250364;12;4;2015;14:05;22009;RUA TIRADENTES;RUA FRANCISCA CLOTILDE;;0;;Colis?úo Transversal;Luz do Dia;Bom;Seca;Cruz;Pare;Residencial;0;1;1;1;0;0;0;0;0;1;0;0;-3,740470000000000;-38,550861000000000
250345;12;4;2015;18:35;20042;AV DEP PAULINO ROCHA;AV PRS JUSCELINO KUBITSCHEK (PASSAR?ë);;0;;Colis?úo Lateral;Via Iluminada;Bom;Seca;Rotat??ria;N?úo H?í Controle;Lazer;0;0;2;1;0;0;0;0;0;0;0;0;-3,807229000000000;-38,524782000000000
261841;12;4;2015;14:46;0;AV IMPERADOR;;;0;;Queda;Luz do Dia;;;Meio de Quadra;;;0;1;0;0;0;0;0;0;0;1;0;0;-3,725657000000000;-38,534000000000000
261842;12;4;2015;15:02;3199;RUA VERBENA;RUA VITAL BRASIL;;0;;Colis?úo;Luz do Dia;;;;Outros;Comercial;0;1;1;1;0;0;0;0;0;1;0;0;-3,780666000000000;-38,588650000000000
261843;12;4;2015;17:22;0;RUA BOM JESUS (GRANJA LISBOA);;;0;;Colis?úo;Anoitecer;;;Meio de Quadra;;;0;1;1;0;0;0;0;0;0;1;0;0;-3,791057000000000;-38,611624000000000
261844;12;4;2015;18:02;0;RUA ALVARO DE ANDRADE;RUA DECIO DE CASTRO;;0;;Colis?úo;Anoitecer;;;;;;0;1;1;1;0;0;0;0;0;0;0;0;-3,772824000000000;-38,590304000000000
261846;12;4;2015;18:09;0;RUA DEP MATOSO FILHO;;;699;;Colis?úo;Anoitecer;;;Meio de Quadra;;;0;1;1;1;0;0;0;0;0;1;0;0;-3,732540000000000;-38,590654000000000
261847;12;4;2015;19:43;0;AV AUGUSTO DOS ANJOS;;;0;;Queda;;;;Meio de Quadra;;;0;1;0;0;0;0;0;0;0;1;0;0;-3,772081000000000;-38,571883000000000
261848;12;4;2015;20:00;0;AV PRS COSTA E SILVA;;;0;;Colis?úo;;;;Meio de Quadra;;;0;1;1;1;0;0;0;0;0;1;0;0;;
261849;12;4;2015;21:12;0;RUA PINTO MADEIRA;;;0;;Colis?úo;;;;Meio de Quadra;;;0;1;1;1;0;0;0;0;0;0;0;0;;
261850;12;4;2015;22:50;0;RUA AMARO JOSE DE SOUZA;;;0;;Colis?úo;;;;Meio de Quadra;;;0;1;1;0;0;0;0;0;0;0;0;0;-3,826290000000000;-38,566099000000000
261833;12;4;2015;07:32;0;RUA RAUL CABRAL;;;733;;Atropelamento;Luz do Dia;;;Meio de Quadra;;;0;1;1;0;0;0;0;0;0;1;0;0;-3,768575000000000;-38,545212000000000
261834;12;4;2015;07:48;0;AV DUQ CAXIAS;;;0;;Colis?úo;Luz do Dia;;;Meio de Quadra;;;0;2;0;0;0;0;0;0;0;1;0;0;-3,727457000000000;-38,543221000000000
261835;12;4;2015;08:34;0;RUA PLACIDO CARVALHO;;;202;;Atropelamento;Luz do Dia;;;Meio de Quadra;;;0;1;1;1;0;0;0;0;0;0;0;0;-3,720065000000000;-38,555495000000000
261836;12;4;2015;13:07;0;AV J CJ JOSE WALTER;;;0;;Colis?úo;Luz do Dia;;;Meio de Quadra;;;0;1;1;1;0;0;0;0;0;1;0;0;;
261837;12;4;2015;13:31;0;RUA CAP MELO;;;0;;Queda;Luz do Dia;;;Meio de Quadra;;;0;0;1;0;0;1;0;0;0;0;0;0;;
261838;12;4;2015;13:42;0;AV ANTONIO SALES;;;0;;Queda;Luz do Dia;;;Meio de Quadra;;;0;1;0;0;0;1;0;0;0;0;0;0;-3,748361000000000;-38,492833000000000
261839;12;4;2015;14:29;0;AV PERIMETRAL;;;0;;Atropelamento;Luz do Dia;;;Meio de Quadra;;;0;1;1;1;0;0;0;0;0;0;0;0;;
258075;12;4;2015;05:38;12404;AV SEN FERNANDES TAVORA;AV LINEU MACHADO;;0;;Colis?úo;Amanhecer;;;Cruz;N?úo H?í Controle;Misto;0;1;0;1;0;0;0;0;0;0;0;0;-3,765199000000000;-38,576540000000000
258095;12;4;2015;20:10;0;RUA DEP MATOSO FILHO;;;701;;Colis?úo;;;;Meio de Quadra;;;0;1;0;0;0;0;0;0;0;0;0;0;-3,732551000000000;-38,590674000000000
258097;12;4;2015;20:47;2640;RUA JANDIRA;RUA RAIMUNDO FROTA;;0;;Colis?úo;;;;Cruz;Pare;Residencial;0;1;0;1;0;0;0;0;0;1;0;0;-3,714725000000000;-38,586834000000000
258836;12;4;2015;07:40;0;RD BR 116;;;2000;KM-02;Queda;Luz do Dia;Bom;Molhada;Meio de Quadra;N?úo H?í Controle;Comercial;0;1;0;0;0;0;0;0;0;1;0;0;-3,771391000000000;-38,516780000000000
258838;12;4;2015;11:00;0;RD BR 116;;;3000;KM-03;Colis?úo Traseira;Luz do Dia;Bom;Seca;Meio de Quadra;N?úo H?í Controle;Comercial;0;1;1;0;0;0;0;0;0;0;0;0;-3,779838000000000;-38,514372000000000
259135;12;4;2015;01:10;0;RD CE-040;;;0;KM-03;Colis?úo;;;Seca;Meio de Quadra;;;0;0;2;1;0;0;0;0;0;0;0;0;-3,783185000000000;-38,481014000000000
259140;12;4;2015;17:40;0;AV MIN JOSE AMERICO;;;0;;Colis?úo;Via Iluminada;;Seca;Meio de Quadra;;;0;0;2;1;0;0;0;0;0;0;0;0;;
260442;12;4;2015;06:33;0;AV LINEU MACHADO;RUA ALUISIO AZEVEDO;;0;;Colis?úo;Luz do Dia;;;;;;0;0;2;1;0;0;0;0;0;0;0;0;;
260444;12;4;2015;17:23;0;AV OLIVEIRA PAIVA;;;1862;;Colis?úo;Anoitecer;;;Meio de Quadra;;;0;0;2;1;0;0;0;0;0;0;0;0;-3,796009000000000;-38,489727000000000
266518;12;4;2015;03:50;1380;RUA TORRES CAMARA;RUA NUNES VALENTE;;0;;Colis?úo;;;;Cruz;Pare;Residencial;0;0;2;0;0;0;0;0;0;0;0;0;-3,736618000000000;-38,503856000000000
266521;12;4;2015;03:52;7211;AV DR THEBERGE;AV PRS CASTELO BRANCO;;0;;Colis?úo;;;;Cruz;Sem?íforo;Comercial;0;0;2;0;0;0;0;0;0;0;0;0;-3,710079000000000;-38,563456000000000
266535;12;4;2015;06:32;0;AV CESAR CALS;;;433;;Colis?úo;Luz do Dia;;;Meio de Quadra;;;0;0;2;0;0;0;0;0;0;0;0;0;-3,721545000000000;-38,464155000000000
266565;12;4;2015;08:46;0;RUA CAP GUSTAVO;;;3482;;Colis?úo;Luz do Dia;;;Meio de Quadra;;;0;0;2;0;0;0;0;0;0;0;0;0;;
266568;12;4;2015;14:20;0;RUA DJALMA BENEVIDES;;;253;;Colis?úo;Luz do Dia;;;Meio de Quadra;;;0;0;2;0;0;0;0;0;0;0;0;0;;
266574;12;4;2015;14:38;6959;RUA BENTO GONCALVES;AV CONTORNO NORTE D71;;0;;Colis?úo;Luz do Dia;;;Duplo T;Pare;Residencial;0;0;2;0;0;0;0;0;0;0;0;0;-3,813044000000000;-38,588511000000000
266578;12;4;2015;15:44;0;AV J CJ CEARA;;;0;;Colis?úo;Luz do Dia;;;Meio de Quadra;;;0;0;2;0;0;0;0;0;0;0;0;0;;
266581;12;4;2015;16:08;15778;RUA TAQUATIARA;RUA STA CLARA DE ASSIS;;0;;Colis?úo;Luz do Dia;;;Cruz;Pare;Comercial;0;0;2;0;0;0;0;0;0;0;0;0;-3,830267000000000;-38,502459000000000
266582;12;4;2015;17:17;0;AV 13 DE MAIO;;;0;;Colis?úo;Anoitecer;;;Meio de Quadra;;;0;0;2;0;0;0;0;0;0;0;0;0;;
266585;12;4;2015;17:54;0;RUA SAO VICENTE D48;;;2005;;Colis?úo;Anoitecer;;;Meio de Quadra;;;0;0;2;0;0;0;0;0;0;0;0;0;;
266587;12;4;2015;18:58;0;RUA JOAO TINOCO;;;165;;Colis?úo;;;;Meio de Quadra;;;0;0;2;0;0;0;0;0;0;0;0;0;-3,728514000000000;-38,589214000000000
266589;12;4;2015;19:27;7733;AV JOAO PESSOA;RUA BAR SOBRAL;;0;;Colis?úo;;;;Outros;Sem?íforo;Comercial;0;0;2;0;0;0;0;0;0;0;0;0;-3,764518000000000;-38,558693000000000
266590;12;4;2015;19:47;0;RUA CEL JOAQUIM FRANKLIN;;;860;;Colis?úo;;;;Meio de Quadra;;;0;0;2;0;0;0;0;0;0;0;0;0;-3,743475000000000;-38,594786000000000
266591;12;4;2015;20:01;0;AV AGUANAMBI;;;0;;Colis?úo;;;;Meio de Quadra;;;0;0;2;0;0;0;0;0;0;0;0;0;;
266592;12;4;2015;20:03;0;RUA GRITO DE ALERTA;;;0;;Choque c/ Obst?ículo Fixo;;;;Meio de Quadra;;;0;0;1;0;0;0;0;0;0;0;0;0;;
266594;12;4;2015;20:48;13771;AV PINTO BANDEIRA D56;RUA LUIZA MIRANDA COELHO;;0;;Colis?úo;;;;Cruz;Pare;Residencial;0;0;2;0;0;0;0;0;0;0;0;0;-3,774929000000000;-38,487283000000000
266596;12;4;2015;21:34;0;AV OLIVEIRA PAIVA;;;0;;Atropelamento;;;;Meio de Quadra;;;0;0;2;0;0;0;0;0;0;0;0;0;;
266598;13;4;2015;09:36;0;LOGRADOURO SEM NOME;;;0;;Colis?úo;Luz do Dia;;;Meio de Quadra;;;0;0;2;0;0;0;0;0;0;0;0;0;;
266602;13;4;2015;18:14;17539;RUA ALVARO CORREIA;RUA DR ALOISIO MAMEDE;;0;;Colis?úo;Anoitecer;;;Cruz;N?úo H?í Controle;Residencial;0;0;2;0;0;0;0;0;0;0;0;0;-3,729098000000000;-38,483762000000000
266604;13;4;2015;19:26;0;RUA CEL VIRGILIO NOGUEIRA (BOM JARDIM);;;0;;Atropelamento;;;;Meio de Quadra;;;0;0;2;0;0;0;0;0;0;0;0;0;;
266607;13;4;2015;21:08;0;AV B CJ CEARA;;;770;;Colis?úo;;;;Meio de Quadra;;;0;0;2;0;0;0;0;0;0;0;0;0;-3,768509000000000;-38,607357000000000
266608;13;4;2015;21:53;0;RUA MONTE LIBANO;;;650;;Colis?úo;;;;Meio de Quadra;;;0;0;2;0;0;0;0;0;0;0;0;0;;
266612;13;4;2015;21:54;25873;RUA FRANCISCO SEGUNDO DA COSTA;RUA DR CARLOS R PAMPLONA;;0;;Colis?úo;;;;Cruz;N?úo H?í Controle;Residencial;0;0;2;0;0;0;0;0;0;0;0;0;-3,774099000000000;-38,478281000000000
266615;13;4;2015;21:57;0;RUA JULIO CESAR D04;;;154;;Colis?úo;;;;Meio de Quadra;;;0;0;2;0;0;0;0;0;0;0;0;0;;
266617;13;4;2015;22:04;0;RUA PORTO VELHO;;;401;;Colis?úo;;;;Meio de Quadra;;;0;0;2;0;0;0;0;0;0;0;0;0;-3,767610000000000;-38,584056000000000
260445;13;4;2015;;22143;RUA PAPI JUNIOR;RUA ANTONIO MARTINS;;0;;Colis?úo;;;;Cruz;Pare;Residencial;0;0;2;1;0;0;0;0;0;0;0;0;-3,751375000000000;-38,556608000000000
260447;13;4;2015;00:52;0;RUA CARLOS RIBEIRO;;;0;;Colis?úo;;;;Meio de Quadra;;;0;0;2;1;1;0;0;0;0;0;0;0;;
259147;13;4;2015;17:40;0;RD CE-040;;;0;KM-06;Colis?úo;Via Iluminada;;Seca;Meio de Quadra;;;0;0;2;1;0;0;0;0;0;1;0;0;-3,811270000000000;-38,478781000000000
261852;13;4;2015;10:17;0;RUA LUIS VIEIRA;;;0;;Atropelamento;Luz do Dia;;;Meio de Quadra;;;0;2;0;0;0;0;0;0;0;1;0;0;-3,795221000000000;-38,586915000000000
261853;13;4;2015;10:42;0;AV PERIMETRAL;;;0;;Colis?úo;Luz do Dia;;;Meio de Quadra;;;0;1;1;1;0;0;0;0;0;1;0;0;;
261863;13;4;2015;12:11;0;AV JOVITA FEITOSA;;;0;;Colis?úo;Luz do Dia;;;Meio de Quadra;;;0;1;1;1;0;0;0;0;0;1;0;0;-3,738759000000000;-38,551078000000000
261866;13;4;2015;17:51;0;AV PERIMETRAL;;;0;;Colis?úo;Anoitecer;;;Meio de Quadra;;;0;1;1;1;0;0;0;0;0;1;0;0;;
261868;13;4;2015;20:17;0;AV CENTRAL CJ CEARA;;;0;;Colis?úo;;;;Meio de Quadra;;;0;1;1;0;0;0;0;0;0;0;0;0;;
261870;13;4;2015;21:31;0;AV PRS COSTA E SILVA;;;0;;Colis?úo;;;;Meio de Quadra;;;0;1;1;1;0;0;0;0;0;1;0;0;;
261871;13;4;2015;21:44;0;RUA MAJ FACUNDO;;;0;;Atropelamento;;;;Meio de Quadra;;;0;1;1;1;0;0;0;0;0;0;0;0;;
250365;13;4;2015;06:00;3387;AV ENG HUMBERTO MONTE;RUA MON FURTADO;;0;;Outros;Luz do Dia;Chuva;Molhada;Cruz;Pare;Comercial;0;1;1;0;1;0;0;0;0;1;0;0;-3,754242000000000;-38,556153000000000
250366;13;4;2015;21:50;0;RUA JOAO CORDEIRO;;;2826;;Outros;Via Iluminada;Bom;Molhada;Meio de Quadra;;;0;0;2;1;0;0;0;0;0;0;0;0;-3,745307000000000;-38,519330000000000
250367;13;4;2015;16:30;0;AV EDILSON B SOARES;;;0;;Colis?úo Traseira;Via Iluminada;Bom;Seca;Meio de Quadra;Outros;Comercial;0;0;2;1;0;0;0;0;0;0;0;0;;
250369;13;4;2015;20:20;0;RUA SEN POMPEU;;;1501;;Colis?úo Lateral;Via Iluminada;Nublado;Seca;Meio de Quadra;N?úo H?í Controle;Comercial;0;0;2;1;0;0;1;0;0;0;0;0;-3,731762000000000;-38,531094000000000
250377;13;4;2015;13:00;0;AV JOR THOMAZ COELHO;;;731;;Colis?úo Lateral;;Bom;Seca;Meio de Quadra;;Residencial;0;0;2;0;1;0;0;0;0;0;0;0;-3,831565000000000;-38,502889000000000
250378;13;4;2015;08:30;0;AV DOMINGOS OLIMPIO;;;1021;;Engavetamento;Luz do Dia;Chuva;Molhada;Meio de Quadra;Sem?íforo;Comercial;0;0;2;1;0;0;0;0;0;0;0;0;-3,736095000000000;-38,532741000000000
250371;13;4;2015;19:30;0;RUA ROCHA LIMA;;;483;;Colis?úo Traseira;Via Iluminada;Bom;Seca;Meio de Quadra;N?úo H?í Controle;Comercial;0;0;2;1;0;0;0;0;0;0;0;0;-3,737227000000000;-38,519683000000000
250375;13;4;2015;18:00;0;AV PRS COSTA E SILVA;;;0;;Colis?úo Traseira;Mal Iluminada;Bom;Seca;Meio de Quadra;N?úo H?í Controle;Comercial;0;1;1;1;0;0;0;0;0;1;0;0;;
250389;13;4;2015;09:00;0;AV PRS COSTA E SILVA;;;641;;Colis?úo Lateral;;Nublado;Seca;Meio de Quadra;;Residencial;0;0;2;1;0;0;1;0;0;0;0;0;;
250384;13;4;2015;20:00;0;AV HIS RAIMUNDO GIRAO;;;574;;Colis?úo Lateral;Anoitecer;Bom;Seca;Meio de Quadra;Pare;Residencial;0;1;1;1;0;0;0;0;0;1;0;0;-3,720962000000000;-38,510992000000000
250386;13;4;2015;18:25;0;AV GOV RAUL BARBOSA;;;900;;Colis?úo Traseira;Via Iluminada;Nublado;Seca;Meio de Quadra;N?úo H?í Controle;Comercial;0;0;2;1;0;0;1;0;0;0;0;0;-3,759012000000000;-38,504626000000000
250392;13;4;2015;16:30;1508;RUA CATAO MAMEDE;RUA TIBURCIO CAVALCANTE;;0;;Colis?úo Lateral;Luz do Dia;Bom;Seca;Cruz;Pare;Comercial;0;0;2;0;0;0;0;0;0;0;0;0;-3,739901000000000;-38,503842000000000
250397;13;4;2015;18:45;0;AV PRS CASTELO BRANCO;;;1001;;Colis?úo Transversal;;Bom;Seca;Meio de Quadra;N?úo H?í Controle;Misto;0;2;0;1;0;0;0;0;0;0;0;0;-3,719131000000000;-38,532533000000000
250394;13;4;2015;09:20;7658;RUA RIO GRANDE DO NORTE;RUA GOIAS;;0;;Colis?úo Transversal;;Nublado;;Cruz;;;0;1;1;1;0;0;0;0;0;1;0;0;-3,759391000000000;-38,566333000000000
250405;13;4;2015;07:00;19871;RUA STA QUITERIA;RUA TOBIAS BARRETO;;0;;Colis?úo Transversal;Luz do Dia;Bom;Seca;Cruz;Pare;Residencial;0;0;2;1;0;0;0;0;0;0;0;0;-3,759128000000000;-38,540106000000000