COD_ACIDENTE;DIA;MES;ANO;HORA;INTERSECAO;LOG1;LOG2;LOG3;NUMERO;REFERENCIA;NATUREZA;ILUMINACAO;TEMPO;SUPERFICIEPISTA;TIPOCRUZAMENTO;CONTROLETRAFEGO;USOSOLO;MORTOS;FERIDOS;ILESOS;AUTOMOVEL;ONIBUS;BICICLETA;CAMINHAO;MICROONIBUS;CICLOMOTOR;MOTOCICLETA;TRACAOANIMAL;TREM;LATITUDE;LONGITUDE
250401;13;4;2015;09:00;10373;RUA PERILIO TEIXEIRA;RUA NOSSA SRA APARECIDA;;0;;Colis?úo Transversal;Luz do Dia;Nublado;Seca;Cruz;Pare;Misto;0;0;2;1;0;0;0;0;0;0;0;0;-3,758048000000000;-38,601606000000000
250402;13;4;2015;17:00;13372;RUA NOGUEIRA ACIOLI;RUA JOAO BRIGIDO;;0;;Colis?úo Transversal;Luz do Dia;Bom;Seca;Cruz;Sem?íforo;Residencial;0;1;1;1;0;0;0;0;0;1;0;0;-3,739259000000000;-38,520044000000000
250399;13;4;2015;14:50;0;AV SANTOS DUMONT;;;5782;;Colis?úo;Luz do Dia;;Seca;Meio de Quadra;;Comercial;0;1;1;0;0;0;0;0;0;1;0;0;-3,742233000000000;-38,479746000000000
250407;13;4;2015;16:40;0;AV 13 DE MAIO;;;0;;Colis?úo Traseira;Via Iluminada;Bom;Seca;Outros;N?úo H?í Controle;Comercial;0;0;2;1;0;0;0;0;0;0;0;0;;
250408;13;4;2015;18:40;0;AV SGT HERMINIO SAMPAIO;;;4291;;Colis?úo Lateral;Via Iluminada;Nublado;Seca;Meio de Quadra;Outros;Residencial;0;1;1;0;1;0;0;0;0;1;0;0;;
250409;13;4;2015;18:30;23800;RUA COM GARCIA;RUA PLACIDO DE CASTRO;;0;;Colis?úo Transversal;Via Iluminada;Bom;Seca;Cruz;Pare;Comercial;0;0;2;1;0;0;0;0;0;0;0;0;-3,792804000000000;-38,582889000000000
250410;13;4;2015;23:30;9072;AV PONTES VIEIRA;AV 13 DE MAIO;;0;;Colis?úo Traseira;Via Iluminada;Bom;Seca;Outros;N?úo H?í Controle;Comercial;0;0;2;1;1;0;0;0;0;0;0;0;-3,753544000000000;-38,520486000000000
250411;13;4;2015;16:20;0;AV PRS COSTA E SILVA;;;449;;Colis?úo Traseira;Amanhecer;Nublado;Seca;Meio de Quadra;Sem?íforo;Residencial;0;0;2;0;0;0;1;0;0;0;0;0;;
250412;13;4;2015;17:15;4080;RUA CEARA;AV JOSE BASTOS;;0;;Colis?úo Lateral;Luz do Dia;Bom;Seca;Cruz;Pare;;0;0;2;1;0;0;0;0;0;0;0;0;-3,760008000000000;-38,564112000000000
250416;13;4;2015;08:40;25007;AV JOAO PESSOA;RUA ROMEU MARTINS;;0;;Colis?úo Lateral;Luz do Dia;Chuva;Molhada;T;Pare;Comercial;0;0;2;1;1;0;0;0;0;0;0;0;-3,762774000000000;-38,557972000000000
250417;13;4;2015;09:30;17416;RUA ELVIRA PINHO;RUA EDITE BRAGA;;0;;Colis?úo Lateral;Luz do Dia;Chuva;Molhada;Cruz;Pare;Residencial;0;0;2;1;0;0;0;1;0;0;0;0;-3,768064000000000;-38,553552000000000
250418;13;4;2015;16:30;1432;AV SEN VIRGILIO TAVORA;AV SANTOS DUMONT;;0;;Engavetamento;Via Iluminada;Bom;Seca;Cruz;Sem?íforo;Comercial;0;0;3;1;0;0;1;0;0;0;0;0;-3,737828000000000;-38,493482000000000
250419;13;4;2015;18:00;23436;RUA CAP GUSTAVO;RUA MON SALAZAR;;0;;Colis?úo Lateral;Anoitecer;Bom;Seca;Cruz;Pare;Comercial;0;0;2;0;0;0;1;0;0;0;0;0;-3,756364000000000;-38,516507000000000
250420;13;4;2015;11:10;25890;AV H CJ CEARA;RUA BARRA VERMELHA;;0;;Colis?úo Traseira;Luz do Dia;Chuva;Seca;Cruz;N?úo H?í Controle;Residencial;0;0;2;1;1;0;0;0;0;0;0;0;-3,775983000000000;-38,611523000000000
250421;13;4;2015;07:05;11730;RUA JULIO BRAGA;RUA MENINO JESUS DE PRAGA;;0;;Colis?úo Transversal;Luz do Dia;Chuva;Molhada;Cruz;Pare;Misto;0;0;2;1;0;0;1;0;0;0;0;0;-3,773580000000000;-38,583875000000000
250422;13;4;2015;21:07;0;RUA ROCHA LIMA;;;483;;Outros;Via Iluminada;Bom;Seca;Meio de Quadra;N?úo H?í Controle;Comercial;0;0;2;0;0;0;0;1;0;0;0;0;-3,737227000000000;-38,519683000000000
250424;13;4;2015;22:30;0;AV JOSE BASTOS;;;2736;;Colis?úo Traseira;Via Iluminada;Bom;Seca;Meio de Quadra;N?úo H?í Controle;Comercial;0;1;1;1;0;0;0;0;0;1;0;0;-3,744525000000000;-38,544940000000000
250425;14;4;2015;10:30;22176;AV ENG HUMBERTO MONTE;AV JOSE BASTOS;;0;;Colis?úo Traseira;Luz do Dia;Chuva;Molhada;T;Sem?íforo;Comercial;0;0;2;1;0;0;0;0;0;0;0;0;-3,754966000000000;-38,555455000000000
250428;14;4;2015;15:50;0;AV BAR STUDART;;;1127;;Colis?úo Lateral;Luz do Dia;Chuva;Molhada;Meio de Quadra;Outros;Comercial;0;0;2;1;1;0;0;0;0;0;0;0;-3,734613000000000;-38,506628000000000
250429;14;4;2015;10:20;5258;RUA PEDRO I;RUA PDE MORORO;;0;;Colis?úo Transversal;Luz do Dia;Chuva;Molhada;Cruz;Pare;Comercial;0;0;2;1;1;0;0;0;0;0;0;0;-3,728123000000000;-38,538290000000000
250430;14;4;2015;21:15;0;AV DOM LUIS;;;502;PRACA PORTUGAL;Colis?úo Lateral;Via Iluminada;Bom;Seca;Meio de Quadra;N?úo H?í Controle;Comercial;0;0;2;1;0;0;0;0;0;0;0;0;-3,733243000000000;-38,497304000000000
250431;14;4;2015;18:30;0;AV GOV RAUL BARBOSA;;;900;;Colis?úo Transversal;Anoitecer;Nublado;Seca;Meio de Quadra;N?úo H?í Controle;Comercial;0;0;2;1;0;0;1;0;0;0;0;0;-3,759012000000000;-38,504626000000000
250423;14;4;2015;10:00;25125;RUA DNA LEOPOLDINA;RUA ROCHA LIMA;;0;;Colis?úo Transversal;Luz do Dia;Chuva;Molhada;Cruz;Pare;Rural;0;0;2;1;0;0;0;0;0;1;0;0;-3,736665000000000;-38,521427000000000
250413;14;4;2015;08:45;7762;AV ANTONIO SALES;RUA NUNES VALENTE;;0;;Colis?úo Transversal;Luz do Dia;Chuva;Molhada;Cruz;Pare;Comercial;0;0;2;1;0;0;0;0;0;1;0;0;-3,744237000000000;-38,506314000000000
250415;14;4;2015;13:45;15610;RUA VASCO DE ATAIDE;RUA MUNIZ FREIRE;;0;;Colis?úo Transversal;Luz do Dia;Chuva;Molhada;T;Pare;Residencial;0;1;1;1;0;0;0;0;0;1;0;0;-3,823871000000000;-38,488182000000000
250438;14;4;2015;19:30;13564;RUA CAP GUSTAVO;RUA CASTRO ALVES;;0;;Colis?úo Lateral;Via Iluminada;Nublado;Seca;Cruz;Pare;Residencial;0;0;2;1;0;0;0;0;0;0;0;0;-3,749887000000000;-38,517747000000000
250453;14;4;2015;15:00;0;AV JOAO PESSOA;;;6754;SESI;Queda;Luz do Dia;Chuva;Molhada;Meio de Quadra;;Comercial;0;1;1;0;1;0;0;0;0;1;0;0;-3,769014000000000;-38,560544000000000
250454;14;4;2015;13:20;1358;AV SANTOS DUMONT;AV DES MOREIRA;;0;;Colis?úo Traseira;Luz do Dia;Nublado;Seca;Cruz;Sem?íforo;Comercial;0;0;2;1;0;0;0;0;0;0;0;0;-3,736226000000000;-38,498365000000000
250455;14;4;2015;08:40;0;AV DOMINGOS OLIMPIO;;;2105;;Engavetamento;Luz do Dia;Chuva;Molhada;Meio de Quadra;N?úo H?í Controle;Residencial;0;2;2;1;0;0;0;0;0;0;0;0;-3,732993000000000;-38,542388000000000
250456;14;4;2015;07:20;25087;AV ALM MAXIMIANO DA FONSECA;AV PINTO BANDEIRA D56;;0;;Colis?úo Lateral;Luz do Dia;Chuva;Molhada;Cruz;Pare;Misto;0;0;2;1;0;0;0;0;0;1;0;0;-3,771039000000000;-38,486067000000000
250457;14;4;2015;17:00;15317;RUA TEN BENEVOLO;RUA NUNES VALENTE;;0;;Colis?úo Transversal;Anoitecer;Nublado;Molhada;Cruz;Pare;Residencial;0;0;2;1;0;0;0;0;0;0;0;0;-3,730365000000000;-38,501859000000000
250458;14;4;2015;18:50;25149;AV DOM LUIS;RUA MON CATAO;;0;;Colis?úo Transversal;Via Iluminada;;Molhada;T;Pare;Comercial;0;0;2;1;0;0;0;0;0;0;0;0;-3,735758000000000;-38,489602000000000
250459;14;4;2015;18:30;12068;AV CASTELO DE CASTRO;AV MON AMARILIO RODRIGUES;;0;;Colis?úo Lateral;Via Iluminada;Bom;Seca;Cruz;Sem?íforo;Misto;0;0;2;1;0;0;0;0;0;0;0;0;-3,835217000000000;-38,521635000000000
250433;14;4;2015;11:23;0;AV PRS JUSCELINO KUBITSCHEK (PASSAR?ë);;;370;;Colis?úo Traseira;Luz do Dia;Nublado;Molhada;Meio de Quadra;Sem?íforo;Misto;0;1;1;1;0;0;0;0;0;0;0;0;;
250434;14;4;2015;15:40;20269;AV PRS JUSCELINO KUBITSCHEK (PASSAR?ë);RUA ELDORADO;;0;;Colis?úo Transversal;Luz do Dia;Nublado;Molhada;Cruz;Sem?íforo;Comercial;0;0;2;1;0;0;0;0;0;0;0;0;-3,816307000000000;-38,531633000000000
250435;14;4;2015;19:00;1388;RUA LEONARDO MOTA;AV SANTOS DUMONT;;0;;Colis?úo Traseira;Via Iluminada;Bom;Seca;Cruz;Sem?íforo Intermitente;Comercial;0;0;3;0;0;0;0;0;0;0;0;0;-3,736857000000000;-38,496397000000000
250436;14;4;2015;13:00;0;RUA 15 DE NOVEMBRO;;;831;;Colis?úo Lateral;Luz do Dia;Nublado;Molhada;Meio de Quadra;Sem?íforo;Residencial;0;0;2;1;0;0;1;0;0;0;0;0;-3,770006000000000;-38,552899000000000
250440;14;4;2015;11:00;5234;RUA PEREIRA FILGUEIRAS;RUA NOGUEIRA ACIOLI;;0;;Colis?úo Transversal;Luz do Dia;Chuva;Molhada;Cruz;Pare;Comercial;0;0;2;1;0;0;0;0;0;0;0;0;-3,727333000000000;-38,516029000000000
250441;14;4;2015;21:10;0;RUA PDE IBIAPINA;;;0;;Colis?úo Lateral;Via Iluminada;Bom;Molhada;Meio de Quadra;Sem?íforo;Outros;0;0;2;1;1;0;0;0;0;0;0;0;;
250395;14;4;2015;10:00;20129;AV DEP PAULINO ROCHA;RUA POMPILIO GOMES;;0;;Colis?úo Lateral;Luz do Dia;Nublado;Molhada;Duplo T;Sem?íforo;Comercial;0;0;2;1;1;0;0;0;0;0;0;0;-3,810076000000000;-38,519652000000000
250396;14;4;2015;08:30;5777;RUA CHICO LEMOS;RUA JOSE A CAVALCANTE;;0;;Colis?úo Transversal;Luz do Dia;Chuva;Molhada;Cruz;Pare;Residencial;0;0;2;1;0;0;0;0;0;0;0;0;-3,790905000000000;-38,499317000000000
250393;14;4;2015;12:40;0;AV SEN CARLOS JEREISSATI (AEROPORTO);;;3000;AEROPORTO;Colis?úo Lateral;Luz do Dia;Bom;Seca;Outros;N?úo H?í Controle;Comercial;0;0;2;1;1;0;0;0;0;0;0;0;-3,780382000000000;-38,541414000000000
250390;14;4;2015;20:30;12068;AV CASTELO DE CASTRO;AV MON AMARILIO RODRIGUES;;0;;Colis?úo Lateral;Via Iluminada;Chuva;Molhada;Cruz;Sem?íforo Intermitente;Misto;0;0;2;1;0;0;0;0;0;1;0;0;-3,835217000000000;-38,521635000000000
250391;14;4;2015;19:20;0;AV BEIRA MAR;;;3080;;Colis?úo Traseira;Via Iluminada;Bom;Seca;Meio de Quadra;N?úo H?í Controle;Comercial;0;0;2;1;0;0;0;0;0;0;0;0;-3,725881000000000;-38,493390000000000
261878;14;4;2015;10:53;0;RUA DELMIRO FARIAS;;;0;;Colis?úo;Luz do Dia;;;Meio de Quadra;;;0;1;1;1;0;0;0;0;0;1;0;0;-3,752563000000000;-38,545008000000000
261879;14;4;2015;12:41;0;AV CARAPINIMA;;;0;;Atropelamento;Luz do Dia;;;Meio de Quadra;;;0;1;1;1;0;0;0;0;0;0;0;0;;
261880;14;4;2015;13:11;0;AV GODOFREDO MACIEL;;;0;;Colis?úo;Luz do Dia;;;Meio de Quadra;;;0;1;1;1;0;0;0;0;0;1;0;0;;
261885;14;4;2015;14:32;0;AV JOR JOAO RAMOS;;;0;;Colis?úo;Luz do Dia;;;Meio de Quadra;;;0;1;1;1;0;0;0;0;0;1;0;0;-3,839780000000000;-38,581642000000000
261886;14;4;2015;15:09;0;AV JOAO PESSOA;;;0;;Colis?úo;Luz do Dia;;;Meio de Quadra;;;0;1;1;1;0;0;0;0;0;1;0;0;-3,770199000000000;-38,561031000000000
261887;14;4;2015;16:17;0;RUA MIGUEL GURGEL;;;0;;Colis?úo;Luz do Dia;;;Meio de Quadra;;;0;1;2;1;0;0;0;0;0;1;0;0;;
261888;14;4;2015;16:53;577;AV FRANCISCO SA;AV DR THEBERGE;;0;;Atropelamento;Luz do Dia;;;Cruz;Sem?íforo;Comercial;0;1;1;1;0;0;0;0;0;0;0;0;-3,714822000000000;-38,565016000000000
261890;14;4;2015;16:53;0;AV PRS CASTELO BRANCO;;;0;;Queda;Luz do Dia;;;Meio de Quadra;;;0;1;0;0;0;0;0;0;0;1;0;0;-3,707078000000000;-38,572050000000000
261891;14;4;2015;17:39;0;RUA SALGADO FILHO;;;0;;Colis?úo;Anoitecer;;;Meio de Quadra;;;0;1;1;0;0;0;0;0;0;1;0;0;;
261875;14;4;2015;10:40;0;RUA MIN ALBUQUERQUE LIMA;;;0;;Queda;Luz do Dia;;;Meio de Quadra;;;0;1;0;0;0;0;0;0;0;1;0;0;;
261895;14;4;2015;21:57;1484;RUA JOAQUIM NABUCO;AV PDE ANTONIO TOMAS;;0;;;;;;Cruz;Sem?íforo;Comercial;0;1;1;1;0;0;0;0;0;1;0;0;-3,739222000000000;-38,502569000000000
259162;14;4;2015;13:30;0;RD CE-040;;;0;KM-03;Colis?úo;Luz do Dia;Bom;Seca;Meio de Quadra;;;0;0;2;1;0;0;0;0;0;0;0;0;-3,783185000000000;-38,481014000000000
259150;14;4;2015;06:45;0;RD CE-040;;;0;KM-08;Colis?úo;Via Iluminada;;Molhada;Meio de Quadra;;;0;0;2;1;0;0;0;0;0;0;0;0;-3,823332000000000;-38,481317000000000
258104;14;4;2015;16:00;0;RUA MARIA JULIA;;;0;;Colis?úo;Luz do Dia;;;Meio de Quadra;;;0;1;0;1;0;0;0;0;0;0;0;0;;
258101;14;4;2015;11:00;0;AV HIS RAIMUNDO GIRAO;;;0;;Colis?úo;Luz do Dia;;;Meio de Quadra;;;0;1;0;1;0;0;0;0;0;0;0;0;;
260456;14;4;2015;10:30;0;TR GENIBAU;;;0;;Colis?úo;Luz do Dia;;;Meio de Quadra;;;0;0;2;1;0;0;1;0;0;0;0;0;;
260460;14;4;2015;11:58;1358;AV SANTOS DUMONT;AV DES MOREIRA;;0;;Colis?úo;Luz do Dia;;;Cruz;Sem?íforo;Comercial;0;0;2;1;1;0;0;0;0;0;0;0;-3,736226000000000;-38,498365000000000
266619;14;4;2015;09:53;10406;RUA PERILIO TEIXEIRA;AV GENIBAU;;0;;Colis?úo;Luz do Dia;;;Cruz;Pare;Comercial;0;0;2;0;0;0;0;0;0;0;0;0;-3,760373000000000;-38,602050000000000
266622;14;4;2015;11:11;0;RUA DR CARLOS R PAMPLONA;;;128;;Colis?úo;Luz do Dia;;;Meio de Quadra;;;0;0;2;0;0;0;0;0;0;0;0;0;;
266624;14;4;2015;12:11;2694;RUA ZACARIAS FLORINDO;RUA JOSE MARTINS;;0;;Colis?úo;Luz do Dia;;;;;;0;0;2;0;0;0;0;0;0;0;0;0;-3,787388000000000;-38,606301000000000
266625;14;4;2015;20:35;0;RUA 7 UI 901;;;57;;Colis?úo;;;;Meio de Quadra;;;0;0;2;0;0;0;0;0;0;0;0;0;;
250339;14;4;2015;13:31;0;AV SANTOS DUMONT;;;3625;;Colis?úo Lateral;Luz do Dia;Bom;Seca;Meio de Quadra;N?úo H?í Controle;Comercial;0;1;1;1;0;0;0;0;0;1;0;0;-3,738296000000000;-38,491957000000000
250334;14;4;2015;06:00;0;AV SEN FERNANDES TAVORA;;;0;;Colis?úo Lateral;Luz do Dia;Chuva;Seca;Meio de Quadra;N?úo H?í Controle;Misto;0;0;2;0;0;0;0;1;0;0;0;0;;
256893;14;4;2015;11:30;0;RUA CON DE CASTRO;;;3918;CENTERBOX;Colis?úo;Luz do Dia;;;Meio de Quadra;;;0;1;0;1;0;0;0;0;0;1;0;0;-3,800511000000000;-38,587871000000000
258368;15;4;2015;17:00;3242;RUA JOSE ARISTOTELES GONDIM;RUA PRIMEIRO DE MAIO D34;;0;;Colis?úo;Anoitecer;;;Cruz;Pare;Residencial;1;0;1;1;0;0;0;0;0;1;0;0;-3,783524000000000;-38,586280000000000
266869;15;4;2015;18:36;15340;RUA CEL LINHARES;RUA CANUTO DE AGUIAR;;0;;Colis?úo;;;;Cruz;Pare;Residencial;0;0;2;0;0;0;0;0;0;0;0;0;-3,731563000000000;-38,492546000000000
266870;15;4;2015;18:42;0;AV ENG HUMBERTO MONTE;;;194625;;Colis?úo;;;;Meio de Quadra;;;0;0;2;0;0;0;0;0;0;0;0;0;;
266871;15;4;2015;18:52;5153;RUA TEN BENEVOLO;RUA RODRIGUES JUNIOR;;0;;Colis?úo;;;;T;N?úo H?í Controle;Residencial;0;0;2;0;0;0;0;0;0;0;0;0;-3,724892000000000;-38,518746000000000
266872;15;4;2015;19:10;0;RUA PEDRO DE SOUZA;;;423;;Colis?úo;;;;Meio de Quadra;;;0;0;2;0;0;0;0;0;0;0;0;0;-3,852426000000000;-38,499373000000000
266873;15;4;2015;20:01;0;AV I CJ JOSE WALTER;;;0;;Colis?úo;;;;Meio de Quadra;;;0;0;2;0;0;0;0;0;0;0;0;0;;
266874;15;4;2015;21:41;0;RUA ROSINHA SAMPAIO;;;1716;;Colis?úo;;;;Meio de Quadra;;;0;0;2;0;0;0;0;0;0;0;0;0;-3,724932000000000;-38,594962000000000
266875;15;4;2015;22:30;0;AV FRANCISCO SA;;;1700;;Atropelamento;;;;Meio de Quadra;;;0;0;2;0;0;0;0;0;0;0;0;0;;
266631;15;4;2015;10:33;12875;AV DOMINGOS OLIMPIO;RUA COS TRISTAO;;0;;Colis?úo;Luz do Dia;;;T;N?úo H?í Controle;Misto;0;0;2;0;0;0;0;0;0;0;0;0;-3,738077000000000;-38,526351000000000
266632;15;4;2015;10:41;0;AV ALM HENRIQUE SABOIA;;;267;;Colis?úo;Luz do Dia;;;Meio de Quadra;;;0;0;2;0;0;0;0;0;0;0;0;0;;
266627;15;4;2015;10:25;15264;RUA PAULA BARROS;AV ANTONIO JUSTA;;0;;Colis?úo;Luz do Dia;;;T;Pare;Residencial;0;0;2;0;0;0;0;0;0;0;0;0;-3,728451000000000;-38,492035000000000
266635;15;4;2015;14:28;0;RUA A UI 301;;;211;;Colis?úo;Luz do Dia;;;Meio de Quadra;;;0;0;2;0;0;0;0;0;0;0;0;0;;
266637;15;4;2015;16:09;6752;AV SANTOS DUMONT;RUA PRO OTAVIO LOBO;;0;;Atropelamento;Luz do Dia;;;Cruz;Sem?íforo;Residencial;0;0;2;0;0;0;0;0;0;0;0;0;-3,742845000000000;-38,477829000000000
266639;15;4;2015;18:34;0;RUA DOM HELIO CAMPOS D21;;;375;;Colis?úo;;;;Meio de Quadra;;;0;0;2;0;0;0;0;0;0;0;0;0;-3,714354000000000;-38,555863000000000
266641;15;4;2015;18:36;7762;AV ANTONIO SALES;RUA NUNES VALENTE;;0;;Colis?úo;;;;Cruz;Pare;Residencial;0;0;2;0;0;0;0;0;0;0;0;0;-3,744237000000000;-38,506314000000000
260470;15;4;2015;10:45;14588;AV EDILSON B SOARES;RUA JOAO REGINO;;0;;Colis?úo;Luz do Dia;;;Cruz;Pare;Misto;0;0;2;1;0;0;0;0;0;0;0;0;-3,789663000000000;-38,483001000000000
260467;15;4;2015;16:22;0;AV DOM LUIS;;;0;;Colis?úo;Luz do Dia;;;Meio de Quadra;;;0;0;2;1;1;0;0;0;0;0;0;0;;
260468;15;4;2015;07:44;0;RUA BERNARDO MANUEL;;;0;;Colis?úo;Luz do Dia;;;Meio de Quadra;;;0;0;2;1;1;0;0;0;0;0;0;0;;
258113;15;4;2015;22:00;0;RUA PRO COSTA MENDES;;;1872;;Colis?úo;;;;Meio de Quadra;;;0;1;0;1;0;0;0;0;0;0;0;0;-3,748333000000000;-38,553940000000000
258105;15;4;2015;10:30;12863;AV DOMINGOS OLIMPIO;RUA FLORIANO PEIXOTO;;0;;Colis?úo;Luz do Dia;;;Cruz;Pare;Comercial;0;1;0;1;0;0;0;0;0;0;0;0;-3,736976000000000;-38,530313000000000
258106;15;4;2015;09:00;0;AV PRS CASTELO BRANCO;;;0;;Colis?úo;Luz do Dia;;;Meio de Quadra;;;0;1;0;1;0;0;0;0;0;0;0;0;;
258858;15;4;2015;17:50;0;RD BR 222;;;0;KM-02;Colis?úo Traseira;Anoitecer;Bom;Seca;Meio de Quadra;N?úo H?í Controle;Comercial;0;2;1;1;0;0;0;0;0;1;0;0;-3,738951000000000;-38,586880000000000
259168;15;4;2015;17:50;0;RD CE-040;;;0;KM-09;Colis?úo;Via Iluminada;;Seca;Meio de Quadra;;;0;0;2;1;0;0;1;0;0;0;0;0;-3,824774000000000;-38,481431000000000
259164;15;4;2015;09:00;0;RD CE-040;;;0;KM-01;Colis?úo;Luz do Dia;;Seca;Meio de Quadra;;;0;0;3;1;0;0;0;0;0;0;0;0;-3,754877000000000;-38,483270000000000
259175;15;4;2015;15:20;0;RD CE-060;;;0;KM-01;Queda;Luz do Dia;;Molhada;Meio de Quadra;;;0;1;0;0;0;0;0;0;0;1;0;0;-3,819537000000000;-38,576995000000000
261897;15;4;2015;08:00;0;AV ALBERTO CRAVEIRO;;;0;;Queda;Luz do Dia;;;Meio de Quadra;;;0;1;0;0;0;0;0;0;0;1;0;0;;
261899;15;4;2015;08:12;0;AV PRS CASTELO BRANCO;;;0;;Queda;Luz do Dia;;;Meio de Quadra;;;0;1;0;0;0;0;0;0;0;1;0;0;;
261901;15;4;2015;08:32;0;AV CARAPINIMA;;;0;;Queda;Luz do Dia;;;Meio de Quadra;;;0;1;0;0;0;0;0;0;0;1;0;0;-3,738079000000000;-38,538112000000000
261902;15;4;2015;09:03;0;AV PRS CASTELO BRANCO;;;0;;Colis?úo;Luz do Dia;;;Meio de Quadra;;;0;1;1;1;0;1;0;0;0;0;0;0;;
261904;15;4;2015;09:32;0;AV JOSE BASTOS;;;0;;Colis?úo;Luz do Dia;;;Meio de Quadra;;;0;0;2;1;0;0;1;0;0;0;0;0;;
261905;15;4;2015;12:27;0;RUA PDE PEDRO DE ALENCAR;;;0;;Atropelamento;Luz do Dia;;;Meio de Quadra;;;0;2;0;0;0;0;0;0;0;1;0;0;-3,830795000000000;-38,493899000000000
261913;15;4;2015;13:27;18387;AV SGT HERMINIO SAMPAIO;AV OLAVO BILAC;;0;;Colis?úo;Luz do Dia;;;Cruz;Sem?íforo;Residencial;0;1;1;0;0;0;0;0;0;0;0;0;-3,727179000000000;-38,565080000000000
261914;15;4;2015;13:34;17377;RUA ELVIRA PINHO;RUA BAR CANINDE;;0;;Colis?úo;Luz do Dia;;;Cruz;Pare;Misto;0;1;1;1;0;0;0;0;0;1;0;0;-3,766881000000000;-38,556147000000000
261915;15;4;2015;14:18;26077;AV DUQ CAXIAS;AV JOSE JATAHY;;0;;Colis?úo;Luz do Dia;;;T;Pare;Comercial;0;0;2;0;0;0;0;0;0;0;0;0;;
261916;15;4;2015;14:43;0;RUA VALPARAISO;;;0;;Colis?úo;Luz do Dia;;;Meio de Quadra;;;0;1;1;0;0;0;0;0;0;0;0;0;-3,849850000000000;-38,509262000000000
261942;15;4;2015;17:16;0;RUA DOM HELIO CAMPOS D21;;;0;;Queda;Anoitecer;;;Meio de Quadra;;;0;1;1;0;0;0;0;0;0;1;0;0;;
261943;15;4;2015;17:44;0;AV MR HULL;;;0;;Colis?úo;Anoitecer;;;Meio de Quadra;;;0;1;1;1;0;0;0;0;0;1;0;0;;
261944;15;4;2015;19:28;0;RUA MINAS GERAIS;;;0;;Colis?úo;;;;Meio de Quadra;;;0;2;0;0;0;0;0;0;0;1;0;0;;
261945;15;4;2015;22:24;0;AV PRS CASTELO BRANCO;;;2345;;Atropelamento;;;;Meio de Quadra;;;0;1;1;0;0;0;0;0;0;0;0;0;-3,713650000000000;-38,548800000000000
261908;15;4;2015;12:31;0;AV DEP PAULINO ROCHA;;;0;;Queda;Luz do Dia;;;Meio de Quadra;;;0;1;0;0;0;0;0;0;0;1;0;0;-3,801657000000000;-38,507467000000000
261931;15;4;2015;15:22;25563;RUA JOAO AMORA;RUA FERNANDO FARIAS DE MELO (MANUEL S?üTIRO);;0;;Colis?úo;Luz do Dia;;;Cruz;;;0;1;1;1;0;0;0;0;0;1;0;0;-3,799994000000000;-38,578476000000000
261932;15;4;2015;15:23;0;AV PASTEUR;;;0;;Atropelamento;Luz do Dia;;;Meio de Quadra;;;0;1;1;1;0;0;0;0;0;0;0;0;-3,715391000000000;-38,560255000000000
261938;15;4;2015;15:58;0;AV FRANCISCO SA;;;0;;Colis?úo;Luz do Dia;;;Meio de Quadra;;;0;0;2;1;0;0;0;0;0;1;0;0;;
250442;15;4;2015;15:15;5415;RUA GAL CLARINDO DE QUEIROZ;RUA FLORIANO PEIXOTO;;0;;Colis?úo Transversal;Luz do Dia;Bom;Seca;Cruz;Pare;Comercial;0;0;2;1;0;0;0;0;0;0;0;0;-3,733049000000000;-38,529027000000000
250443;15;4;2015;22:00;1243;RUA PEREIRA FILGUEIRAS;RUA DR JOSE LOURENCO;;0;;Colis?úo Transversal;Via Iluminada;Bom;Seca;Cruz;Pare;Residencial;0;0;2;1;0;0;0;0;0;0;0;0;-3,730449000000000;-38,506470000000000
250444;15;4;2015;18:30;25307;AV JOSE LEON;AV DES GONZAGA;;0;;Colis?úo Traseira;Via Iluminada;Bom;Seca;Outros;N?úo H?í Controle;Residencial;0;0;2;1;0;0;0;0;0;0;0;0;-3,787080000000000;-38,504513000000000
250445;15;4;2015;20:25;1064;AV ENG LEAL LIMA VERDE (SAPIRANGA/COITE);RUA STA MARTHA;;0;;Colis?úo;Via Iluminada;Bom;Seca;T;Pare;Residencial;0;1;2;1;0;0;0;0;0;1;0;0;-3,806631000000000;-38,474761000000000
250446;15;4;2015;13:15;11729;RUA DIOGO CORREIA;RUA JOSE GASPAR;;0;;Colis?úo Lateral;Luz do Dia;Bom;Seca;T;Pare;Residencial;0;0;2;1;0;0;0;0;0;0;0;0;-3,773538000000000;-38,588831000000000
250447;15;4;2015;15:53;7389;RUA CURITIBA;RUA MACEIO;;0;;Colis?úo Transversal;Luz do Dia;Bom;Seca;Cruz;Pare;Residencial;0;1;1;0;0;0;0;0;0;1;0;0;-3,758004000000000;-38,587581000000000
250448;15;4;2015;09:50;0;AV ANTONIO SALES;;;239;;Colis?úo Traseira;Luz do Dia;Bom;Seca;Meio de Quadra;N?úo H?í Controle;Comercial;0;1;1;0;0;0;0;0;0;0;0;0;-3,740182000000000;-38,519314000000000
250450;15;4;2015;12:00;10680;RUA GONTRAN GIFFONI;RUA REV BOLIVAR P BANDEIRA;;0;;Colis?úo Transversal;Luz do Dia;Bom;Seca;Cruz;Pare;Residencial;0;0;2;1;0;0;0;0;0;0;0;0;-3,768527000000000;-38,491413000000000