COD_ACIDENTE;DIA;MES;ANO;HORA;INTERSECAO;LOG1;LOG2;LOG3;NUMERO;REFERENCIA;NATUREZA;ILUMINACAO;TEMPO;SUPERFICIEPISTA;TIPOCRUZAMENTO;CONTROLETRAFEGO;USOSOLO;MORTOS;FERIDOS;ILESOS;AUTOMOVEL;ONIBUS;BICICLETA;CAMINHAO;MICROONIBUS;CICLOMOTOR;MOTOCICLETA;TRACAOANIMAL;TREM;LATITUDE;LONGITUDE
250451;15;4;2015;09:40;9147;RUA CARLOS RIBEIRO;RUA DOM SEBASTIAO LEME;;0;;Colis?úo Transversal;;Bom;Seca;Cruz;Pare;Comercial;0;0;2;0;0;0;0;0;0;0;0;0;-3,746500000000000;-38,526198000000000
250452;15;4;2015;10:30;0;RUA CEL ALEXANDRINO;RUA ALBERTO MAGNO;;851;;Colis?úo Lateral;Luz do Dia;Bom;Seca;;;;0;0;2;1;0;0;0;0;0;0;0;0;-3,766365000000000;-38,550902000000000
250426;15;4;2015;13:20;25140;AV ALM MAXIMIANO DA FONSECA;RUA CAIO CID;;0;;Colis?úo Transversal;Luz do Dia;Bom;Seca;T;N?úo H?í Controle;Comercial;0;0;2;1;0;0;0;0;0;0;0;0;-3,771580000000000;-38,484125000000000
250427;15;4;2015;17:00;11849;AV FRANCISCO SA;AV JOSE BASTOS;;0;;Colis?úo Lateral;Anoitecer;;Seca;Cruz;Sem?íforo;Residencial;0;0;2;1;0;0;0;0;0;0;0;0;-3,720843000000000;-38,546905000000000
250542;15;4;2015;09:20;0;AV GOV RAUL BARBOSA;;;0;;Colis?úo Traseira;Luz do Dia;Bom;Seca;Meio de Quadra;Gesto;Comercial;0;1;1;1;0;0;0;0;0;1;0;0;;
250546;15;4;2015;;5436;RUA GAL CLARINDO DE QUEIROZ;RUA JAIME BENEVOLO;;0;;Colis?úo Transversal;Via Iluminada;Bom;Seca;Cruz;Pare;Comercial;0;0;2;1;0;0;0;0;0;0;0;0;-3,734060000000000;-38,526017000000000
250548;15;4;2015;13:40;5323;RUA EDGAR BORGES;RUA PEDRO PEREIRA;;0;;Colis?úo Traseira;Luz do Dia;Bom;Seca;Cruz;Pare;Comercial;0;0;2;1;0;0;0;0;0;0;0;0;-3,730116000000000;-38,527197000000000
250550;15;4;2015;18:50;1351;RUA TIBURCIO CAVALCANTE;RUA DES LEITE ALBUQUERQUE;;0;;Colis?úo Transversal;Via Iluminada;Bom;Seca;Cruz;Pare;Residencial;0;2;1;1;0;0;0;0;0;0;0;0;-3,735956000000000;-38,502587000000000
250552;15;4;2015;21:15;8886;RUA JUSTINIANO DE SERPA;RUA BELA CRUZ;;0;;Colis?úo Lateral;Via Iluminada;Bom;Seca;Cruz;Pare;Residencial;0;0;2;1;0;0;0;0;0;0;0;0;-3,734024000000000;-38,542256000000000
250553;15;4;2015;14:40;0;RUA JOAQUIM LIMA;;;699;;Colis?úo Lateral;Luz do Dia;Bom;Seca;Meio de Quadra;N?úo H?í Controle;Comercial;0;0;2;1;0;0;1;0;0;0;0;0;-3,741212000000000;-38,480105000000000
250554;15;4;2015;09:00;0;AV CARNEIRO DE MENDONCA;;;1512;;Engavetamento;Luz do Dia;Nublado;Seca;Meio de Quadra;N?úo H?í Controle;Comercial;0;0;3;1;1;0;0;0;0;0;0;0;-3,761203000000000;-38,572175000000000
250563;15;4;2015;15:14;20042;AV DEP PAULINO ROCHA;AV ALBERTO CRAVEIRO;;0;;Colis?úo Traseira;Luz do Dia;Bom;Seca;Rotat??ria;D?¬ Prefer?¬ncia;Outros;0;2;1;0;0;0;0;0;0;1;0;0;-3,807229000000000;-38,524782000000000
250561;15;4;2015;11:15;0;AV DOMINGOS OLIMPIO;;;1315;;Colis?úo Traseira;Luz do Dia;Bom;Seca;Meio de Quadra;Sem?íforo;Comercial;0;0;2;1;0;0;0;0;0;0;0;0;-3,735212000000000;-38,535409000000000
250567;15;4;2015;13:46;0;RUA JOSE VILAR;;;0;;Colis?úo Traseira;Luz do Dia;Bom;Seca;Meio de Quadra;;Comercial;0;0;2;1;0;0;0;0;0;0;0;0;;
250581;15;4;2015;16:30;15277;RUA JULIO IBIAPINA;AV ANTONIO JUSTA;;0;;Colis?úo Lateral;Luz do Dia;Bom;Seca;Cruz;Sem?íforo;Residencial;0;0;2;1;1;0;0;0;0;0;0;0;-3,728875000000000;-38,490692000000000
250583;15;4;2015;10:00;0;AV JOSE BASTOS;;;2736;;Colis?úo Lateral;Luz do Dia;Nublado;Molhada;Meio de Quadra;N?úo H?í Controle;Misto;0;1;1;0;0;0;0;0;0;1;0;0;-3,744525000000000;-38,544940000000000
250569;15;4;2015;16:41;1234;AV SANTOS DUMONT;RUA ANTONIO AUGUSTO;;0;;Colis?úo;Luz do Dia;Bom;Seca;Cruz;Pare;Comercial;0;0;2;1;0;0;0;0;0;0;0;0;-3,731222000000000;-38,513733000000000
250570;15;4;2015;10:40;9131;AV 13 DE MAIO;RUA BAR ARATANHA;;0;;Colis?úo Lateral;Luz do Dia;Bom;Seca;Cruz;Sem?íforo;Comercial;0;0;2;1;0;0;0;0;0;0;0;0;-3,747615000000000;-38,531331000000000
250488;16;4;2015;07:00;0;AV DOS EXPEDICIONARIOS;;;3910;;Colis?úo Lateral;Luz do Dia;Bom;Seca;Meio de Quadra;N?úo H?í Controle;Residencial;0;2;0;0;0;0;0;0;0;1;0;0;-3,752267000000000;-38,537333000000000
250543;16;4;2015;08:00;15322;RUA CANUTO DE AGUIAR;RUA BARBOSA DE FREITAS;;0;;Colis?úo Transversal;Luz do Dia;Bom;Seca;Cruz;Pare;Residencial;0;0;2;1;0;0;0;0;0;0;0;0;-3,730624000000000;-38,495453000000000
250491;16;4;2015;13:00;13372;RUA JOAO BRIGIDO;RUA NOGUEIRA ACIOLI;;0;;Colis?úo Transversal;Luz do Dia;Bom;Seca;Cruz;Sem?íforo;Residencial;0;0;2;1;0;0;0;0;0;0;0;0;-3,739259000000000;-38,520044000000000
250492;16;4;2015;17:00;0;AV PRS COSTA E SILVA;;;859;;Colis?úo Transversal;Anoitecer;Bom;Seca;Meio de Quadra;;Comercial;0;0;2;1;0;0;0;0;0;0;0;0;-3,812746000000000;-38,571914000000000
250493;16;4;2015;11:00;0;RUA METON DE ALENCAR;;;1757;;Colis?úo Traseira;Luz do Dia;Bom;Seca;Meio de Quadra;N?úo H?í Controle;Comercial;0;0;2;1;0;0;0;0;0;0;0;0;-3,730845000000000;-38,539293000000000
250494;16;4;2015;17:40;6741;RUA ALMEIDA PRADO;RUA VILEBALDO AGUIAR;;0;;Outros;Anoitecer;Bom;Seca;Cruz;Pare;Misto;0;0;4;1;0;0;0;0;0;0;0;0;-3,744545000000000;-38,475413000000000
250495;16;4;2015;09:00;0;RUA FORTALEZA UI 505;;;0;;Colis?úo Lateral;Luz do Dia;Bom;Seca;Meio de Quadra;N?úo H?í Controle;Comercial;0;0;2;1;0;0;0;0;0;0;0;0;;
250496;16;4;2015;10:30;8949;AV BEZERRA DE MENEZES;RUA JUSTINIANO DE SERPA;;0;;Engavetamento;Luz do Dia;Bom;Seca;Cruz;Sem?íforo;Comercial;0;0;3;1;0;0;0;0;0;0;0;0;-3,731156000000000;-38,542857000000000
250497;16;4;2015;11:20;8629;AV EDILSON B SOARES;RUA FRE JOSE MARIA;;0;;Colis?úo Traseira;Luz do Dia;Bom;Seca;T;N?úo H?í Controle;Comercial;0;1;1;0;0;0;0;0;0;1;0;0;-3,788498000000000;-38,469439000000000
250498;16;4;2015;08:20;0;RUA VALPARAISO;;;169;;Colis?úo Lateral;Luz do Dia;Bom;Seca;Meio de Quadra;Pare;Residencial;0;0;2;1;1;0;0;0;0;0;0;0;-3,846229000000000;-38,522138000000000
250499;16;4;2015;08:00;0;AV ZEZE DIOGO;;;202;;Colis?úo Lateral;Luz do Dia;Bom;Seca;Meio de Quadra;Outros;Comercial;0;1;1;1;0;0;0;0;0;0;0;0;;
250500;16;4;2015;12:30;0;RUA COSTA BARROS;;;0;;;Luz do Dia;;;Meio de Quadra;;;0;0;2;1;0;0;0;0;0;0;0;0;;
250501;16;4;2015;07:10;24310;RUA DELMIRO GOUVEIA;RUA OSORIO PALMELLA;;0;;Colis?úo Lateral;Luz do Dia;Bom;Seca;Cruz;Pare;Misto;0;0;2;1;0;0;1;0;0;0;0;0;-3,737052000000000;-38,488032000000000
250502;16;4;2015;14:30;24299;RUA 8 DE SETEMBRO;RUA REPUBLICA DO LIBANO;;0;;Colis?úo Lateral;Luz do Dia;Bom;Seca;Cruz;Pare;Residencial;0;0;2;1;0;0;0;0;0;0;0;0;-3,733700000000000;-38,487087000000000
250503;16;4;2015;14:53;1285;AV DOM LUIS;RUA VIS MAUA;;0;;;Luz do Dia;Bom;Seca;Cruz;N?úo H?í Controle;Comercial;0;0;2;1;0;0;0;0;0;0;0;0;-3,732923000000000;-38,498390000000000
250504;16;4;2015;21:00;0;RUA 15 DE NOVEMBRO;;;813;;Colis?úo Traseira;Via Iluminada;Bom;Seca;Meio de Quadra;N?úo H?í Controle;Residencial;0;0;2;1;0;0;0;0;0;0;0;0;-3,769937000000000;-38,553091000000000
250505;16;4;2015;19:50;0;AV JOSE BASTOS;;;5708;;Colis?úo Traseira;Via Iluminada;Bom;Seca;Meio de Quadra;N?úo H?í Controle;Comercial;0;0;2;1;0;0;0;0;0;0;0;0;-3,761693000000000;-38,565211000000000
250506;16;4;2015;18:20;25062;AV DOS EXPEDICIONARIOS;RUA PDE AMBROSIO MACHADO;;0;;Colis?úo Frontal;Via Iluminada;Bom;Seca;Cruz;Pare;Residencial;0;0;2;1;0;0;0;0;0;0;0;0;-3,760838000000000;-38,539946000000000
250507;16;4;2015;09:37;0;AV JOSE BASTOS;;;3786;;Colis?úo Traseira;Luz do Dia;Bom;Seca;Meio de Quadra;Outros;Comercial;0;1;1;1;0;0;0;0;0;1;0;0;-3,751658000000000;-38,552141000000000
250508;16;4;2015;09:20;0;AV PRS COSTA E SILVA;;;2067;CIALNE;Colis?úo Traseira;Luz do Dia;Bom;Seca;Meio de Quadra;N?úo H?í Controle;Misto;0;0;2;0;0;0;1;0;0;0;0;0;-3,827947000000000;-38,534167000000000
250509;16;4;2015;07:30;0;AV OLIVEIRA PAIVA;;;1691;;Colis?úo Traseira;Luz do Dia;Bom;Seca;Meio de Quadra;Outros;Misto;0;0;2;1;0;0;0;0;0;0;0;0;-3,795789000000000;-38,491446000000000
250510;16;4;2015;11:45;3316;RUA VIRIATO RIBEIRO;RUA CHILE;;0;;Colis?úo Transversal;Luz do Dia;Bom;Seca;Cruz;Pare;Residencial;0;0;2;1;0;0;0;0;0;0;0;0;-3,746178000000000;-38,565276000000000
250511;16;4;2015;17:10;6164;AV A CJ CEARA;RUA MIN ALBUQUERQUE LIMA;;0;;Colis?úo Transversal;Via Iluminada;Bom;Seca;Cruz;Sem?íforo;Comercial;0;2;0;0;0;1;0;0;0;1;0;0;-3,770669000000000;-38,604700000000000
250477;16;4;2015;;19771;RUA COS VIEIRA DA SILVA;RUA PDE GUERRA;;0;;Colis?úo Transversal;;Bom;Seca;Cruz;Pare;Residencial;0;0;2;1;0;0;0;0;0;1;0;0;-3,738302000000000;-38,554464000000000
250478;16;4;2015;21:00;0;RUA JOAQUIM ALBANO;;;130;;Colis?úo Traseira;Via Iluminada;Bom;Seca;Meio de Quadra;Sem?íforo;Outros;0;1;1;1;0;0;0;0;0;0;0;0;;
250479;16;4;2015;19:15;10844;RUA PORTO ALEGRE;RUA TUPI D35;;0;;Colis?úo Transversal;Via Iluminada;Bom;Seca;Cruz;Pare;Residencial;0;0;2;1;0;0;0;0;0;0;0;0;-3,765120000000000;-38,581470000000000
250480;16;4;2015;17:00;0;RUA WAGNER MARINHO;;;1410;;Colis?úo Lateral;Via Iluminada;Bom;Seca;Meio de Quadra;N?úo H?í Controle;Residencial;0;0;2;1;0;0;1;0;0;0;0;0;;
250481;16;4;2015;19:20;0;AV PRS COSTA E SILVA;;;0;;Colis?úo Lateral;Via Iluminada;Bom;Seca;Meio de Quadra;N?úo H?í Controle;Residencial;0;0;2;1;0;0;1;0;0;0;0;0;;
250475;16;4;2015;10:40;0;AV CEL CARVALHO;;;113;;Colis?úo Transversal;Luz do Dia;Bom;Seca;Meio de Quadra;N?úo H?í Controle;Comercial;0;0;2;1;0;0;0;0;0;1;0;0;-3,703954000000000;-38,591424000000000
250460;16;4;2015;17:00;1286;RUA MARCOS MACEDO;RUA VIS MAUA;;0;;Colis?úo Lateral;Via Iluminada;Bom;Seca;Cruz;Pare;Residencial;0;0;2;1;0;0;1;0;0;0;0;0;-3,733909000000000;-38,498715000000000
250461;16;4;2015;14:00;0;AV BEZERRA DE MENEZES;;;2461;;Colis?úo Lateral;Luz do Dia;Bom;Seca;Meio de Quadra;Sem?íforo;Comercial;0;0;2;1;0;0;0;0;0;0;0;0;-3,736062000000000;-38,566326000000000
250462;16;4;2015;11:20;5039;AV ALBERTO NEPOMUCENO;RUA PESSOA ANTA;;0;;Colis?úo Transversal;Luz do Dia;Bom;Seca;Outros;Sem?íforo;Comercial;0;0;2;1;0;0;0;0;0;0;0;0;-3,721257000000000;-38,523212000000000
250470;16;4;2015;09:00;0;RUA ADOLFO CAMINHA;;;0;;Colis?úo Traseira;Luz do Dia;Bom;;Meio de Quadra;;;0;0;2;1;1;0;0;0;0;0;0;0;;
250471;16;4;2015;09:10;15347;AV DOM LUIS;RUA TIBURCIO CAVALCANTE;;0;;Colis?úo Lateral;Luz do Dia;Bom;Seca;T;Sem?íforo;Misto;0;0;2;0;1;0;0;0;0;0;0;0;-3,732021000000000;-38,501313000000000
250468;16;4;2015;07:40;5332;RUA PEDRO I;RUA SEN POMPEU;;0;;Colis?úo Transversal;Luz do Dia;Chuva;Molhada;Cruz;Sem?íforo;Comercial;0;0;2;1;0;0;0;0;0;0;0;0;-3,730553000000000;-38,530728000000000
250474;16;4;2015;12:10;0;AV DOMINGOS OLIMPIO;;;123;;Atropelamento;Luz do Dia;Bom;Seca;Meio de Quadra;N?úo H?í Controle;Comercial;0;0;2;0;0;0;0;0;0;0;0;0;-3,738657000000000;-38,524692000000000
261949;16;4;2015;07:09;0;RUA MANUEL CASTELO BRANCO;;;0;;Colis?úo;Luz do Dia;;;Meio de Quadra;;;0;1;1;1;0;0;0;0;0;1;0;0;;
261950;16;4;2015;07:30;0;RUA PRO GOMES BRASIL;;;0;;Colis?úo;Luz do Dia;;;Meio de Quadra;;;0;1;1;0;0;0;0;0;0;0;0;0;-3,771243000000000;-38,569674000000000
261952;16;4;2015;07:50;0;AV SANTOS DUMONT;;;0;;;Luz do Dia;;;Meio de Quadra;;;0;1;1;1;0;0;0;0;0;1;0;0;-3,742225000000000;-38,479769000000000
261954;16;4;2015;07:56;0;AV GOV RAUL BARBOSA;;;0;;Queda;Luz do Dia;;;Meio de Quadra;;;0;1;0;0;0;0;0;0;0;1;0;0;;
261960;16;4;2015;19:12;25486;AV ALBERTO CRAVEIRO;AV SEN CARLOS JEREISSATI (AEROPORTO);;0;;Colis?úo;;;;Y;N?úo H?í Controle;Outros;0;2;0;0;0;0;0;0;0;1;0;0;-3,783767000000000;-38,516874000000000
261962;16;4;2015;20:10;25063;AV DOS EXPEDICIONARIOS;RUA ARMANDO MONTEIRO;;0;;Colis?úo;;;;Cruz;Pare;Misto;0;1;1;1;0;0;0;0;0;1;0;0;-3,762230000000000;-38,540372000000000
261963;16;4;2015;22:04;9257;AV AGUANAMBI;RUA CEL PERGENTINO FERREIRA;;0;;Colis?úo;;;;Cruz;Sem?íforo;Comercial;0;1;1;1;0;0;0;0;0;1;0;0;-3,748634000000000;-38,524049000000000
261957;16;4;2015;08:20;6800;AV SANTOS DUMONT;RUA BATISTA DE OLIVEIRA;;0;;Atropelamento;Luz do Dia;;;Cruz;Sem?íforo;Comercial;0;2;0;0;0;0;0;0;0;1;0;0;-3,742258000000000;-38,479668000000000
261958;16;4;2015;18:25;0;AV N CJ JOSE WALTER;;;0;;Atropelamento;Anoitecer;;;Meio de Quadra;;;0;1;1;0;1;0;0;0;0;0;0;0;;
259177;16;4;2015;05:00;0;RD CE-040;;;0;KM-11;Choque c/ Obst?ículo Fixo;Via Iluminada;;Seca;Meio de Quadra;;;0;0;1;1;0;0;0;0;0;0;0;0;-3,844873000000000;-38,480252000000000
258860;16;4;2015;11:30;0;RD BR 222;;;0;KM-01;Colis?úo Lateral;Luz do Dia;Bom;Seca;Meio de Quadra;N?úo H?í Controle;Comercial;0;0;2;0;0;0;1;0;0;0;0;0;-3,737774000000000;-38,577952000000000
258114;16;4;2015;07:30;0;AV FRANCISCO SA;;;2306;;Colis?úo;Luz do Dia;;;Meio de Quadra;;;0;1;0;1;1;0;0;0;0;0;0;0;;
258122;16;4;2015;08:40;0;RD CE-060;;;0;KM-03;Colis?úo;Luz do Dia;;;Meio de Quadra;;;0;1;0;1;0;0;0;0;0;1;0;0;-3,836637000000000;-38,582776000000000
260520;16;4;2015;18:21;17424;RUA TRES MARIAS D39 (MONTESE);RUA ANTONIO FIUZA;;0;;Colis?úo;Anoitecer;;;Cruz;Sem?íforo;Comercial;0;0;2;1;0;0;0;0;0;0;0;0;-3,768452000000000;-38,551577000000000
260523;16;4;2015;18:29;0;AV DOM LUIS;;;0;;Colis?úo;Anoitecer;;;Meio de Quadra;;;0;0;2;1;0;0;0;0;0;1;0;0;;
266876;16;4;2015;01:47;0;AV GAL OSORIO DE PAIVA;;;7761;;Capotamento;;;;Meio de Quadra;;;0;0;1;0;0;0;0;0;0;0;0;0;-3,820363000000000;-38,617221000000000
266877;16;4;2015;10:15;19009;RUA AVILA GOULART;RUA DES WALDETARIO P MOTA;;0;;Colis?úo;Luz do Dia;;;Cruz;Sem?íforo;Residencial;0;0;2;0;0;0;0;0;0;0;0;0;-3,734478000000000;-38,479160000000000
266878;16;4;2015;10:59;0;RUA CAP VASCONCELOS D46;;;77;;Colis?úo;Luz do Dia;;;Meio de Quadra;;;0;0;2;0;0;0;0;0;0;0;0;0;-3,762297000000000;-38,517586000000000
266879;16;4;2015;17:24;0;RUA RUA 1 (MONDUBIM);;;0;;Colis?úo;Anoitecer;;;Meio de Quadra;;;0;0;2;0;0;0;0;0;0;0;0;0;;
266880;16;4;2015;18:28;0;RUA 218 CJ CEARA;;;440;;Colis?úo;Anoitecer;;;Meio de Quadra;;;0;0;2;0;0;0;0;0;0;0;0;0;-3,766504000000000;-38,608169000000000
266881;16;4;2015;18:50;25121;RUA ELISEU UCHOA BECCO;RUA FIRMINO ROCHA AGUIAR;;0;;Colis?úo;;;;Cruz;N?úo H?í Controle;Residencial;0;0;2;0;0;0;0;0;0;0;0;0;-3,763391000000000;-38,486120000000000
266883;16;4;2015;20:17;0;RUA GERALDO BARBOSA;;;3124;;Atropelamento;;;;Meio de Quadra;;;0;0;2;0;0;0;0;0;0;0;0;0;-3,786293000000000;-38,619678000000000
266884;16;4;2015;22:51;1784;RUA MARIA QUINTINO;RUA PEDRO DE SOUZA;;0;;Colis?úo;;;;Cruz;Pare;Comercial;0;0;2;0;0;0;0;0;0;0;0;0;-3,852277000000000;-38,500227000000000
266905;17;4;2015;09:54;0;AV PRS COSTA E SILVA;;;0;;Colis?úo;Luz do Dia;;;Meio de Quadra;;;0;0;2;0;0;0;0;0;0;0;0;0;;
266906;17;4;2015;10:53;9152;RUA MIN JOAQUIM BASTOS D14;RUA MARTINHO RODRIGUES;;0;;Colis?úo;Luz do Dia;;;Cruz;Pare;Comercial;0;0;2;0;0;0;0;0;0;0;0;0;-3,754850000000000;-38,526951000000000
266907;17;4;2015;11:59;4108;RUA GOMES PASSOS;RUA ALVARO DE ALENCAR;;0;;Choque c/ Obst?ículo Fixo;Luz do Dia;;;;;;0;0;1;0;0;0;0;0;0;0;0;0;-3,712546000000000;-38,557397000000000
266911;17;4;2015;13:55;0;RUA HENRIQUE DE CASTRO;;;207;;Colis?úo;Luz do Dia;;;Meio de Quadra;;;0;1;1;0;0;0;0;0;0;0;0;0;-3,777042000000000;-38,500417000000000
266912;17;4;2015;17:13;0;AV JOVITA FEITOSA;;;3300;;Atropelamento;Anoitecer;;;Meio de Quadra;;;0;0;2;0;0;0;0;0;0;0;0;0;-3,742856000000000;-38,567299000000000
266914;17;4;2015;21:29;7658;RUA RIO GRANDE DO NORTE;RUA GOIAS;;0;;Colis?úo;;;;Cruz;;;0;0;2;0;0;0;0;0;0;0;0;0;-3,759391000000000;-38,566333000000000
266916;17;4;2015;21:51;15238;RUA BAR ARACATI;RUA TEN BENEVOLO;;0;;Colis?úo;;;;Cruz;Pare;Comercial;0;0;2;0;0;0;0;0;0;0;0;0;-3,727628000000000;-38,510266000000000
266909;17;4;2015;12:20;0;AV ENG LEAL LIMA VERDE (SAPIRANGA/COITE);;;691;;Atropelamento;Luz do Dia;;;Meio de Quadra;;;0;0;2;0;0;0;0;0;0;0;0;0;-3,795259000000000;-38,475748000000000
256918;17;4;2015;18:40;0;AV DOMINGOS OLIMPIO;;;188;;Engavetamento;Via Iluminada;Bom;Seca;Meio de Quadra;N?úo H?í Controle;Comercial;0;1;2;1;0;0;0;0;0;1;0;0;-3,738102000000000;-38,526273000000000
259182;17;4;2015;16:30;0;RD CE-040;;;0;KM-01;Colis?úo;Via Iluminada;Bom;Seca;Meio de Quadra;;;0;0;3;1;0;0;0;0;0;0;0;0;-3,754877000000000;-38,483270000000000
258861;17;4;2015;09:40;0;RD BR 222;;;0;KM-02;Atropelamento;Luz do Dia;Bom;Seca;Meio de Quadra;N?úo H?í Controle;Comercial;1;1;0;0;0;0;0;0;0;1;0;0;-3,738951000000000;-38,586880000000000
261966;17;4;2015;01:58;0;RUA COS ARAUJO LIMA;;;0;;Colis?úo;;;;Meio de Quadra;;;0;0;2;0;0;0;0;0;0;0;0;0;;
261967;17;4;2015;04:55;3771;AV DOMINGOS OLIMPIO;AV DA UNIVERSIDADE;;0;;Atropelamento;;;;Cruz;Sem?íforo;Residencial;0;1;1;1;0;0;0;0;0;0;0;0;-3,735594000000000;-38,534216000000000
261968;17;4;2015;06:31;0;AV PERIMETRAL;;;0;;Atropelamento;Luz do Dia;;;Meio de Quadra;;;0;2;0;0;0;0;0;0;0;1;0;0;;
261970;17;4;2015;06:45;0;AV E CJ CEARA;;;0;;Queda;Luz do Dia;;;Meio de Quadra;;;0;1;0;0;0;0;0;0;0;1;0;0;-3,758901000000000;-38,606994000000000
261971;17;4;2015;10:51;0;RD CE-040;;;0;KM-07;Colis?úo;Luz do Dia;;;Meio de Quadra;;;0;2;0;0;0;0;0;0;0;1;0;0;-3,817953000000000;-38,483160000000000
261972;17;4;2015;11:16;0;RUA TEN WILSON  D46;;;0;;Colis?úo;Luz do Dia;;;Meio de Quadra;;;0;1;1;1;0;0;0;0;0;1;0;0;;
261973;17;4;2015;12:09;0;AV PRS CASTELO BRANCO;;;0;;Colis?úo;Luz do Dia;;;Meio de Quadra;;;0;0;2;1;0;0;0;0;0;1;0;0;;
261974;17;4;2015;12:59;0;AV RAD JOSE LIMA VERDE;;;0;;Queda;Luz do Dia;;;Meio de Quadra;;;0;1;0;0;0;0;0;0;0;1;0;0;-3,703394000000000;-38,591571000000000
261975;17;4;2015;16:23;0;AV FILOMENO GOMES;;;0;;Colis?úo;Luz do Dia;;;Meio de Quadra;;;0;2;0;0;0;0;0;0;0;1;0;0;;
261976;17;4;2015;17:03;0;RUA PDE PERDIGAO SAMPAIO;;;0;;Colis?úo;Anoitecer;;;Meio de Quadra;;;0;0;2;0;0;0;0;0;0;0;0;0;;
261977;17;4;2015;19:20;14462;RUA HENRIQUE AUTRAN;RUA JOSE CANDIDO D08;;0;;Colis?úo;;;;Cruz;Pare;Residencial;0;1;1;1;0;0;0;0;0;1;0;0;-3,727243000000000;-38,550767000000000
261978;17;4;2015;19:40;0;RUA AMANCIO PEREIRA;;;0;;Colis?úo;;;;Meio de Quadra;;;0;1;1;1;0;0;0;0;0;1;0;0;-3,811608000000000;-38,521961000000000
261979;17;4;2015;23:30;0;RUA PRO GOMES BRASIL;;;0;;Queda;;;;Meio de Quadra;;;0;1;0;0;0;0;0;0;0;1;0;0;-3,771138000000000;-38,569755000000000
250523;17;4;2015;16:00;0;RUA CAP ARAGAO;;;0;;Colis?úo Lateral;Luz do Dia;Bom;Seca;Meio de Quadra;Pare;Comercial;0;1;1;1;0;0;0;0;0;1;0;0;;
250524;17;4;2015;14:20;0;AV CARAPINIMA;;;2425;;Colis?úo Lateral;Luz do Dia;Bom;Seca;Meio de Quadra;Sem?íforo;Comercial;0;0;2;1;1;0;0;0;0;0;0;0;-3,741071000000000;-38,541304000000000
250525;17;4;2015;08:00;0;AV GOV RAUL BARBOSA;;;5308;;Colis?úo Transversal;Luz do Dia;Bom;Seca;Meio de Quadra;N?úo H?í Controle;Comercial;0;0;2;1;0;0;1;0;0;0;0;0;-3,765974000000000;-38,508992000000000
250526;17;4;2015;07:20;5366;AV DUQ CAXIAS;RUA SEN POMPEU;;0;;Colis?úo Traseira;Luz do Dia;Bom;Seca;Cruz;Sem?íforo;Comercial;0;0;2;1;0;0;0;0;0;0;0;0;-3,731430000000000;-38,530994000000000
250527;17;4;2015;06:35;4633;AV VIENA WEYNE;RUA DR JOSE FURTADO;;0;;Colis?úo Transversal;Luz do Dia;Chuva;Molhada;Rotat??ria;D?¬ Prefer?¬ncia;Residencial;0;1;1;0;0;0;0;0;0;1;0;0;-3,801201000000000;-38,488662000000000
250528;17;4;2015;08:30;0;RUA PEDRO LAZAR;;;1303;;Engavetamento;Luz do Dia;Bom;Seca;Meio de Quadra;Outros;Residencial;0;0;3;1;0;0;0;0;0;0;0;0;-3,805147000000000;-38,488451000000000
250529;17;4;2015;18:00;0;AV BEZERRA DE MENEZES;;;245;;Choque c/ Obst?ículo Fixo;Via Iluminada;Bom;Seca;Meio de Quadra;;Comercial;0;1;0;0;0;0;0;0;1;0;0;0;-3,732134000000000;-38,547436000000000
250530;17;4;2015;00:00;5433;RUA METON DE ALENCAR;RUA MAJ FACUNDO;;0;;Colis?úo Traseira;Via Iluminada;Bom;Seca;Cruz;Pare;Comercial;0;0;3;1;0;0;0;0;0;0;0;0;-3,733917000000000;-38,529899000000000
250531;17;4;2015;08:10;2116;AV PRS CASTELO BRANCO;AV RAD JOSE LIMA VERDE;;0;;Colis?úo Lateral;Luz do Dia;Bom;Seca;Outros;Pare;Misto;0;0;2;1;1;0;0;0;0;0;0;0;-3,699825000000000;-38,588134000000000
250532;17;4;2015;10:40;0;AV ANTONIO JUSTA;;;3440;;Colis?úo Transversal;Luz do Dia;Bom;Seca;Meio de Quadra;N?úo H?í Controle;Residencial;0;0;2;1;1;0;0;0;0;0;0;0;-3,728900000000000;-38,490613000000000
250533;17;4;2015;09:20;15106;RUA JOAO CORDEIRO;RUA DRAGAO DO MAR;;0;;Colis?úo Transversal;Luz do Dia;Bom;Seca;Cruz;N?úo H?í Controle;Residencial;0;0;2;1;1;0;0;0;0;0;0;0;-3,722283000000000;-38,512096000000000
250534;17;4;2015;17:00;0;AV ENG HUMBERTO MONTE;;;0;;Colis?úo Traseira;Via Iluminada;Bom;Seca;Meio de Quadra;N?úo H?í Controle;Residencial;0;0;2;1;0;0;0;0;0;0;0;0;;