COD_ACIDENTE;DIA;MES;ANO;HORA;INTERSECAO;LOG1;LOG2;LOG3;NUMERO;REFERENCIA;NATUREZA;ILUMINACAO;TEMPO;SUPERFICIEPISTA;TIPOCRUZAMENTO;CONTROLETRAFEGO;USOSOLO;MORTOS;FERIDOS;ILESOS;AUTOMOVEL;ONIBUS;BICICLETA;CAMINHAO;MICROONIBUS;CICLOMOTOR;MOTOCICLETA;TRACAOANIMAL;TREM;LATITUDE;LONGITUDE
250512;17;4;2015;18:10;3788;RUA WALDERY UCHOA;RUA PDE FRANCISCO PINTO;;0;;Colis?úo Transversal;Via Iluminada;Bom;Seca;Cruz;Pare;Comercial;0;0;2;1;0;0;0;0;0;0;0;0;-3,744299000000000;-38,539138000000000
250513;17;4;2015;08:00;4189;AV PRS CASTELO BRANCO;RUA FRANCISCO CORDEIRO;;0;;;Luz do Dia;Bom;Seca;Cruz;Pare;Residencial;0;1;1;0;0;0;1;0;0;1;0;0;-3,713113000000000;-38,550593000000000
250514;17;4;2015;08:20;10680;RUA REV BOLIVAR P BANDEIRA;RUA GONTRAN GIFFONI;;0;;Colis?úo Lateral;Luz do Dia;Bom;Seca;Cruz;Pare;Residencial;0;0;2;1;0;0;0;0;0;0;0;0;-3,768527000000000;-38,491413000000000
250515;17;4;2015;07:30;0;RUA REV BOLIVAR P BANDEIRA;;;702;;Colis?úo Traseira;Luz do Dia;Bom;Seca;Meio de Quadra;N?úo H?í Controle;Residencial;0;0;2;1;0;0;0;0;0;0;0;0;-3,769081000000000;-38,491665000000000
250516;17;4;2015;08:00;25267;RUA FRANCISCA CLOTILDE;RUA GAL BERNARDO FIGUEIREDO;;0;;Colis?úo Traseira;Luz do Dia;Bom;Seca;Cruz;Pare;Residencial;0;0;2;1;0;0;0;0;0;0;0;0;-3,739248000000000;-38,549779000000000
250517;17;4;2015;11:40;15175;AV ABOLICAO;RUA NUNES VALENTE;;0;;Colis?úo Traseira;Luz do Dia;Bom;Seca;Cruz;Pare;Misto;0;0;2;1;0;0;0;0;0;0;0;0;-3,725750000000000;-38,500384000000000
250518;17;4;2015;06:30;9072;AV VIS RIO BRANCO;AV PONTES VIEIRA;;0;;Colis?úo Traseira;Luz do Dia;Bom;Seca;Cruz;Sem?íforo;Comercial;0;0;2;1;0;0;1;0;0;0;0;0;-3,753544000000000;-38,520486000000000
250519;17;4;2015;11:15;5437;RUA METON DE ALENCAR;RUA FLORIANO PEIXOTO;;0;;;Luz do Dia;Bom;Seca;Cruz;Pare;Comercial;0;0;2;1;0;0;0;0;0;0;0;0;-3,734071000000000;-38,529358000000000
250520;17;4;2015;11:30;0;AV PRS COSTA E SILVA;;;3601;;Colis?úo Lateral;Luz do Dia;Bom;Seca;Meio de Quadra;Sem?íforo;Comercial;0;0;2;1;0;0;1;0;0;0;0;0;-3,823879000000000;-38,548554000000000
250521;17;4;2015;20:00;3302;AV GAL OSORIO DE PAIVA;RUA LUIS VIEIRA;;0;;Colis?úo Transversal;Via Iluminada;Bom;Seca;Cruz;Sem?íforo;Comercial;0;1;1;0;1;0;0;0;0;1;0;0;-3,790879000000000;-38,588616000000000
250544;17;4;2015;19:00;0;AV JOAO PESSOA;;;3884;;Atropelamento;Via Iluminada;Bom;Seca;Meio de Quadra;Sem?íforo;Residencial;0;1;1;0;1;0;0;0;0;0;0;0;-3,747902000000000;-38,545389000000000
250545;17;4;2015;08:30;0;AV OLIVEIRA PAIVA;;;535;;Colis?úo Traseira;Luz do Dia;Bom;Seca;;;;0;0;3;1;0;0;0;0;0;0;0;0;-3,797419000000000;-38,500575000000000
250538;17;4;2015;17:00;0;AV JOSE BASTOS;;;5113;;Engavetamento;Anoitecer;Bom;Seca;Meio de Quadra;N?úo H?í Controle;Misto;0;0;3;1;0;0;0;0;0;0;0;0;-3,757774000000000;-38,562297000000000
250539;17;4;2015;08:10;0;AV DR SILAS MUNGUBA;;;4613;;Colis?úo Traseira;Luz do Dia;Nublado;Molhada;Outros;Outros;Comercial;0;0;3;1;0;0;0;0;0;0;0;0;-3,793833000000000;-38,534378000000000
250540;17;4;2015;11:30;3820;AV 13 DE MAIO;AV CARAPINIMA;;0;;Colis?úo Traseira;Luz do Dia;Bom;Seca;Cruz;Sem?íforo;Comercial;0;0;2;1;0;0;0;0;0;0;0;0;-3,740001000000000;-38,540239000000000
250541;17;4;2015;14:30;12440;AV AUGUSTO DOS ANJOS;RUA ARARIPE PRATA;;0;;Colis?úo Transversal;Luz do Dia;Bom;Seca;Cruz;Pare;Misto;0;0;2;1;0;0;0;0;0;0;0;0;-3,771936000000000;-38,571749000000000
250547;17;4;2015;12:30;24293;RUA JULIO ABREU;RUA DELMIRO GOUVEIA;;0;;Colis?úo Frontal;Luz do Dia;Bom;Seca;Cruz;Pare;Comercial;0;0;2;1;0;0;0;0;0;0;0;0;-3,735900000000000;-38,488072000000000
260701;17;4;2015;21:36;0;RUA NOSSA SRA DAS DORES;;;0;;Colis?úo;;;;Meio de Quadra;;;0;0;2;1;0;0;0;0;0;0;0;0;;
260685;17;4;2015;08:28;6850;AV PDE ANTONIO TOMAS;RUA BATISTA DE OLIVEIRA;;0;;Colis?úo;Luz do Dia;;;Cruz;Sem?íforo Intermitente;Residencial;0;0;2;1;0;0;0;0;0;0;0;0;-3,745906000000000;-38,481947000000000
260696;17;4;2015;14:49;0;RUA MARIO MAMEDE;;;0;;Colis?úo;Luz do Dia;;;Meio de Quadra;;;0;0;2;1;1;0;0;0;0;0;0;0;;
260692;17;4;2015;11:13;5383;AV DUQ CAXIAS;RUA MAJ FACUNDO;;0;;Colis?úo;Luz do Dia;;;Cruz;Sem?íforo;Comercial;0;0;2;1;0;0;0;0;0;1;0;0;-3,731981000000000;-38,529285000000000
260699;17;4;2015;15:48;0;RUA MIN JOAQUIM BASTOS D14;;;0;;Colis?úo;Luz do Dia;;;Meio de Quadra;;;0;0;2;1;1;0;0;0;0;0;0;0;;
260702;18;4;2015;05:52;0;RUA ANTONIO POMPEU;;;0;;Colis?úo;Amanhecer;;;Meio de Quadra;;;0;0;2;1;0;0;0;0;0;0;0;0;;
260719;18;4;2015;12:31;0;RUA FRANCISCO ALMEIDA;;;0;;Colis?úo;Luz do Dia;;;Meio de Quadra;;;0;0;2;1;0;0;0;0;0;0;0;0;;
250551;18;4;2015;13:30;12514;RUA JULIO BRAGA;AV LINEU MACHADO;;0;;Colis?úo Frontal;Luz do Dia;Bom;Seca;Cruz;Sem?íforo Danificado;Residencial;0;0;2;1;1;0;0;0;0;0;0;0;-3,775335000000000;-38,581790000000000
250549;18;4;2015;08:30;5437;RUA METON DE ALENCAR;RUA FLORIANO PEIXOTO;;0;;Colis?úo Transversal;Luz do Dia;Bom;Seca;Cruz;Pare;Comercial;0;1;1;1;0;0;0;0;0;1;0;0;-3,734071000000000;-38,529358000000000
250568;18;4;2015;17:45;0;RUA GERMANO FRANCK;;;860;;Colis?úo Lateral;Mal Iluminada;Bom;Seca;Meio de Quadra;N?úo H?í Controle;Comercial;0;1;1;1;0;0;0;0;0;1;0;0;-3,778750000000000;-38,563808000000000
250562;18;4;2015;07:00;19949;RUA FRANCISCO LORDA;RUA ALBERTO MONTEZUMA;;0;;Colis?úo Lateral;Luz do Dia;Bom;Seca;Cruz;Pare;Misto;0;2;1;1;0;0;0;0;0;1;0;0;-3,761900000000000;-38,531928000000000
250564;18;4;2015;14:50;0;AV AUGUSTO DOS ANJOS;;;150;TERMINAL LAGOA;;Luz do Dia;Bom;Seca;Meio de Quadra;N?úo H?í Controle;Misto;0;0;2;1;0;0;0;0;0;0;0;0;-3,770180000000000;-38,570436000000000
250565;18;4;2015;00:20;24192;RUA RENATO BRAGA;RUA HERMINIA BONAVIDES;;0;;Colis?úo Transversal;Via Iluminada;Bom;Seca;Y;Pare;Residencial;0;1;2;1;0;0;0;0;0;1;0;0;-3,731946000000000;-38,464800000000000
250566;18;4;2015;06:00;22176;AV JOSE BASTOS;AV ENG HUMBERTO MONTE;;0;;Outros;Via Iluminada;Nublado;Molhada;T;Sem?íforo;Comercial;0;1;2;1;1;0;0;0;0;0;0;0;-3,754966000000000;-38,555455000000000
250555;18;4;2015;12:15;5436;RUA JAIME BENEVOLO;RUA GAL CLARINDO DE QUEIROZ;;0;;Colis?úo Lateral;Luz do Dia;Bom;Seca;Cruz;Pare;Comercial;0;0;2;1;0;0;0;0;0;0;0;0;-3,734060000000000;-38,526017000000000
250556;18;4;2015;16:10;5454;RUA JAIME BENEVOLO;RUA METON DE ALENCAR;;0;;Colis?úo Lateral;Luz do Dia;Bom;Seca;Cruz;Sem?íforo Danificado;Comercial;0;0;2;1;0;0;0;0;0;0;0;0;-3,735065000000000;-38,526349000000000
250557;18;4;2015;08:50;0;RUA DOM SEBASTIAO LEME;;;985;;Colis?úo Lateral;Luz do Dia;Nublado;Seca;Meio de Quadra;N?úo H?í Controle;Residencial;0;0;2;1;0;0;0;0;0;0;0;0;-3,750623000000000;-38,525503000000000
250558;18;4;2015;09:19;0;AV CARAPINIMA;;;1946;;Atropelamento;Luz do Dia;Bom;Seca;Meio de Quadra;N?úo H?í Controle;Comercial;0;3;0;0;0;0;0;0;0;1;0;0;-3,738079000000000;-38,538112000000000
250559;18;4;2015;12:20;0;AV JOSE BASTOS;;;4000;;Colis?úo Traseira;Luz do Dia;Bom;Seca;Meio de Quadra;N?úo H?í Controle;Comercial;0;2;2;1;0;0;0;0;0;0;0;0;-3,752996000000000;-38,553458000000000
250560;18;4;2015;12:00;0;AV DOM LUIS;;;0;;Colis?úo Traseira;Luz do Dia;Bom;Seca;Meio de Quadra;N?úo H?í Controle;Comercial;0;0;2;1;0;0;0;0;0;0;0;0;;
250571;18;4;2015;18:00;20023;AV DR SILAS MUNGUBA;AV HEROIS DO ACRE;;0;;Colis?úo Traseira;Mal Iluminada;Bom;Seca;Cruz;Sem?íforo;Comercial;0;1;1;1;0;0;0;0;0;1;0;0;-3,803079000000000;-38,528540000000000
250572;18;4;2015;21:10;0;RUA BARBOSA DE FREITAS;;;100;;Colis?úo Traseira;Via Iluminada;Bom;Seca;Meio de Quadra;Pare;Residencial;0;0;2;1;0;0;0;0;0;0;0;0;-3,728032000000000;-38,494661000000000
250573;18;4;2015;16:31;0;RUA TEN BENEVOLO;;;312;;Atropelamento;Luz do Dia;Bom;Seca;Meio de Quadra;Outros;Residencial;1;0;1;1;0;0;0;0;0;0;0;0;-3,725050000000000;-38,518236000000000
250574;18;4;2015;06:50;25028;AV AUGUSTO DOS ANJOS;RUA ARARAQUARA;;0;;Colis?úo Transversal;Luz do Dia;Nublado;Molhada;T;Sem?íforo;Comercial;0;0;2;1;1;0;0;0;0;0;0;0;-3,781887000000000;-38,580678000000000
250575;18;4;2015;08:20;0;AV JOAO PESSOA;;;6886;;Colis?úo Traseira;Luz do Dia;Bom;Seca;Meio de Quadra;Sem?íforo;Misto;0;0;2;1;0;0;0;0;0;0;0;0;-3,770351000000000;-38,561093000000000
250576;18;4;2015;09:30;17583;RUA PIAUI;RUA ESTADO DO RIO;;0;;Colis?úo Transversal;Luz do Dia;Bom;Seca;Cruz;Pare;Misto;0;1;2;1;0;1;0;0;0;1;0;0;-3,755344000000000;-38,568847000000000
250577;18;4;2015;06:55;1639;RUA GAL TERTULIANO POTYGUARA;RUA PRO DIAS DA ROCHA;;0;;Colis?úo Transversal;Luz do Dia;Nublado;Seca;Cruz;Pare;Residencial;0;0;2;1;0;0;0;0;0;0;0;0;-3,745027000000000;-38,494698000000000
261997;18;4;2015;19:53;9576;RUA JOSE TORRES;RUA TEODORO DE CASTRO;;0;;Colis?úo;;;;Duplo T;Pare;Residencial;0;1;1;1;0;0;0;0;0;1;0;0;-3,779192000000000;-38,607054000000000
261993;18;4;2015;19:49;0;RUA GETULIO VARGAS;;;0;;Colis?úo;;;;Meio de Quadra;;;0;1;1;1;0;0;0;0;0;1;0;0;;
261994;18;4;2015;19:51;0;AV FRANCISCO SA;;;0;;Colis?úo;;;;Meio de Quadra;;;0;1;1;1;0;0;0;0;0;1;0;0;-3,710423000000000;-38,577760000000000
261982;18;4;2015;06:26;0;RUA LUIS VIEIRA;;;0;;Colis?úo;Luz do Dia;;;Meio de Quadra;;;0;1;1;0;0;0;0;0;0;0;0;0;;
261983;18;4;2015;09:04;0;AV AGUANAMBI;;;0;;Colis?úo;Luz do Dia;;;Meio de Quadra;;;0;1;2;0;0;0;0;0;0;1;0;0;;
261984;18;4;2015;09:12;0;AV DR SILAS MUNGUBA;;;0;;Colis?úo;Luz do Dia;;;Meio de Quadra;;;0;1;1;1;0;0;0;0;0;1;0;0;-3,790889000000000;-38,538836000000000
261985;18;4;2015;15:15;0;AV FRANCISCO SA;;;0;;Colis?úo;Luz do Dia;;;Meio de Quadra;;;0;0;2;1;0;0;0;0;0;1;0;0;;
261986;18;4;2015;15:22;0;RUA CANDIDO MAIA;;;0;FROTINHA ANT. BEZERRA;Colis?úo;Luz do Dia;;;Meio de Quadra;;;0;2;0;0;0;0;0;0;0;1;0;0;;
261987;18;4;2015;16:52;0;RUA PRC ISABEL;;;0;;Colis?úo;Luz do Dia;;;Meio de Quadra;;;0;1;1;1;0;0;0;0;0;1;0;0;;
261988;18;4;2015;18:19;0;AV GAL OSORIO DE PAIVA;;;0;;Colis?úo;Anoitecer;;;Meio de Quadra;;;0;1;1;1;0;0;1;0;0;0;0;0;-3,822053000000000;-38,618878000000000
261989;18;4;2015;19:16;12620;RUA TULIPA;RUA COS LAFAYETE;;0;;Colis?úo;;;;Cruz;Pare;Residencial;0;1;1;0;0;0;0;0;0;0;0;0;-3,718159000000000;-38,580936000000000
261990;18;4;2015;19:10;0;RUA HIPOLITO PAMPLONA;;;1046;;Colis?úo;;;;Meio de Quadra;;;0;1;1;0;0;0;0;0;0;1;0;0;;
261991;18;4;2015;19:46;0;AV GODOFREDO MACIEL;;;3440;;Colis?úo;;;;Meio de Quadra;;;0;1;1;1;0;0;0;0;0;1;0;0;-3,805565000000000;-38,572755000000000
261999;18;4;2015;23:55;0;RUA PRO VIRGILIO DE MORAIS;;;276;;Colis?úo;;;;Meio de Quadra;;;0;1;1;0;0;0;0;0;0;0;0;0;-3,751293000000000;-38,596656000000000
258299;18;4;2015;21:15;0;AV OLIVEIRA PAIVA;;;8140;;Colis?úo Transversal;;;;Meio de Quadra;;;0;1;1;1;1;0;0;0;0;0;0;0;;
258228;18;4;2015;02:43;0;AV SIQUEIRA CAMPOS;;;0;;Colis?úo Lateral;Luz do Dia;;;Meio de Quadra;;;1;1;0;0;0;0;0;0;0;1;0;0;-3,814498000000000;-38,626992000000000
258862;18;4;2015;11:45;0;RD BR 222;;;0;KM-02;Colis?úo Transversal;Luz do Dia;Bom;Seca;Meio de Quadra;N?úo H?í Controle;Comercial;0;1;1;1;0;0;0;0;0;1;0;0;-3,738951000000000;-38,586880000000000
252381;18;4;2015;14:50;5030;RUA ALM JACEGUAI;AV ALM BARROSO;;0;;Colis?úo Traseira;Luz do Dia;Bom;;T;Sem?íforo;Comercial;0;0;2;1;0;0;1;0;0;0;0;0;-3,720749000000000;-38,519363000000000
259187;18;4;2015;09:25;0;RD CE-040;;;0;KM-10;Colis?úo;Luz do Dia;;Seca;Meio de Quadra;;;0;1;1;1;0;0;0;0;0;1;0;0;-3,838671000000000;-38,480068000000000
266922;18;4;2015;05:37;5490;AV DOM MANUEL;RUA PDE VALDEVINO;;0;;Colis?úo;Amanhecer;;;;;;0;0;2;0;0;0;0;0;0;0;0;0;-3,736873000000000;-38,523967000000000
266917;18;4;2015;00:19;0;AV IMPERADOR;;;0;;Colis?úo;;;;Meio de Quadra;;;0;0;2;0;0;0;0;0;0;0;0;0;;
266920;18;4;2015;05:28;0;RUA MAJ FACUNDO;;;136;;Colis?úo;Amanhecer;;;Meio de Quadra;;;0;0;2;0;0;0;0;0;0;0;0;0;-3,724285000000000;-38,526767000000000
266925;18;4;2015;06:50;7382;AV SEN FERNANDES TAVORA;RUA SAO LUIS D30;;0;;Choque c/ Obst?ículo Fixo;Luz do Dia;;;Cruz;Pare;Residencial;0;0;1;0;0;0;0;0;0;0;0;0;-3,757244000000000;-38,591428000000000
266928;18;4;2015;10:04;0;AV JOSE LEON;;;0;;Colis?úo;Luz do Dia;;;Meio de Quadra;;;0;0;2;0;0;0;0;0;0;0;0;0;;
266933;18;4;2015;11:00;16345;RUA MORADA NOVA;RUA NOVA FORTALEZA (MONDUBIM);;0;;Choque c/ Obst?ículo Fixo;Luz do Dia;;;;;;0;0;1;0;0;0;0;0;0;0;0;0;-3,839867000000000;-38,572587000000000
266934;18;4;2015;11:45;25037;AV LUCIANO CARNEIRO;RUA JULIO DA SILVEIRA;;0;;Colis?úo;Luz do Dia;;;T;Pare;Comercial;0;0;2;0;0;0;0;0;0;0;0;0;-3,759514000000000;-38,535029000000000
266935;18;4;2015;11:51;0;AV C CJ CEARA;;;1789;;Colis?úo;Luz do Dia;;;Meio de Quadra;;;0;0;2;0;0;0;0;0;0;0;0;0;-3,774096000000000;-38,615741000000000
266947;18;4;2015;14:01;15392;RUA INACIO VASCONCELOS;RUA ARAUJO TORREAO;;0;;Colis?úo;Luz do Dia;;;Cruz;;Residencial;0;0;2;0;0;0;0;0;0;0;0;0;-3,812994000000000;-38,496873000000000
266948;18;4;2015;14:28;22849;RUA CON LIMA SUCUPIRA;RUA DR JUSTA ARAUJO D45;;0;;Colis?úo;Luz do Dia;;;Cruz;Pare;Misto;0;0;2;0;0;0;0;0;0;0;0;0;-3,778167000000000;-38,550832000000000
266949;18;4;2015;14:32;0;RUA JOSE HIPOLITO;;;1470;;Colis?úo;Luz do Dia;;;Meio de Quadra;;;0;0;2;0;0;0;0;0;0;0;0;0;-3,838054000000000;-38,481506000000000
266950;18;4;2015;14:48;0;RUA SABINO MONTE;;;4462;;Colis?úo;Luz do Dia;;;Meio de Quadra;;;0;0;2;0;0;0;0;0;0;0;0;0;-3,761478000000000;-38,511018000000000
266951;18;4;2015;14:51;0;RUA GUILHERME MENDES;;;559;;Colis?úo;Luz do Dia;;;Meio de Quadra;;;0;0;2;0;0;0;0;0;0;0;0;0;-3,720956000000000;-38,583738000000000
266952;18;4;2015;16:27;0;RUA ALTO DA SAUDE;;;178;;Colis?úo;Luz do Dia;;;Meio de Quadra;;;0;0;2;0;0;0;0;0;0;0;0;0;;
266953;18;4;2015;18:30;0;AV A CJ CEARA;;;785;;Colis?úo;Anoitecer;;;Meio de Quadra;;;0;0;2;0;0;0;0;0;0;0;0;0;-3,767820000000000;-38,603114000000000
266954;18;4;2015;19:22;10682;AV ROGACIANO LEITE;AV ENG SANTANA JUNIOR;;0;;Atropelamento;;;;Y;Sem?íforo;;0;0;2;0;0;0;0;0;0;0;0;0;-3,756482000000000;-38,491477000000000
266955;18;4;2015;19:25;0;RUA PEDRO ARTUR;;;846;;Colis?úo;;;;Meio de Quadra;;;0;0;2;0;0;0;0;0;0;0;0;0;-3,712537000000000;-38,554619000000000
266956;18;4;2015;19:29;0;AV BORGES DE MELO;;;888;;Colis?úo;;;;Meio de Quadra;;;0;0;2;0;0;0;0;0;0;0;0;0;;
266957;18;4;2015;19:54;7992;AV JOAO PESSOA;RUA ANA NERY;;0;;Colis?úo;;;;Cruz;N?úo H?í Controle;Comercial;0;0;2;0;0;0;0;0;0;0;0;0;-3,749460000000000;-38,546781000000000
266958;18;4;2015;19:57;0;AV ENG SANTANA JUNIOR;;;1927;;Colis?úo;;;;Meio de Quadra;;;0;0;2;0;0;0;0;0;0;0;0;0;-3,742507000000000;-38,486384000000000
266938;18;4;2015;12:11;0;AV JOR THOMAZ COELHO;;;15;;Colis?úo;Luz do Dia;;;Meio de Quadra;;;0;0;2;0;0;0;0;0;0;0;0;0;;
266939;18;4;2015;12:22;0;AV IMPERADOR;;;818;;Colis?úo;Luz do Dia;;;Meio de Quadra;;;0;0;2;0;0;0;0;0;0;0;0;0;-3,728402000000000;-38,534808000000000
266940;18;4;2015;12:40;0;AV PRS COSTA E SILVA;;;731;;Colis?úo;Luz do Dia;;;Meio de Quadra;;;0;0;2;0;0;0;0;0;0;0;0;0;-3,812338000000000;-38,573172000000000
266943;18;4;2015;13:09;0;RUA PIRAJUI;;;44;;Choque c/ Obst?ículo Fixo;Luz do Dia;;;Meio de Quadra;;;0;0;1;0;0;0;0;0;0;0;0;0;;
266944;18;4;2015;13:25;0;AV ABOLICAO;;;1894;;Colis?úo;Luz do Dia;;;Meio de Quadra;;;0;0;2;0;0;0;0;0;0;0;0;0;-3,725186000000000;-38,502167000000000
266930;18;4;2015;10:07;0;RUA BERNARDO MANUEL;;;0;;Colis?úo;Luz do Dia;;;Meio de Quadra;;;0;0;2;0;0;0;0;0;0;0;0;0;;
267077;18;4;2015;22:35;15369;RUA FRE MANSUETO;RUA PEREIRA VALENTE;;0;;Colis?úo;;;;Cruz;Pare;Comercial;0;0;2;0;0;0;0;0;0;0;0;0;-3,734827000000000;-38,488673000000000
267078;18;4;2015;23:55;0;RUA ANTONIO ARRUDA;;;597;;Colis?úo;;;;Meio de Quadra;;;0;0;2;0;0;0;0;0;0;0;0;0;-3,712846000000000;-38,591880000000000
267079;19;4;2015;00:29;1287;RUA PINTO MADEIRA;RUA BAR ARACATI;;0;;Atropelamento;;;;Cruz;Pare;Residencial;0;0;2;0;0;0;0;0;0;0;0;0;-3,733944000000000;-38,512278000000000
267080;19;4;2015;02:27;0;RUA FRANCISCO LEANDRO;;;69;;Colis?úo;;;;Meio de Quadra;;;0;0;2;0;0;0;0;0;0;0;0;0;-3,822315000000000;-38,483197000000000
267081;19;4;2015;05:29;18280;RUA TREMEMBES;AV ALM BARROSO;;0;;Colis?úo;Amanhecer;;;T;N?úo H?í Controle;Comercial;0;0;2;0;0;0;0;0;0;0;0;0;-3,720313000000000;-38,516088000000000
267082;19;4;2015;13:10;0;AV PRS COSTA E SILVA;;;0;;Atropelamento;Luz do Dia;;;Meio de Quadra;;;0;0;2;0;0;0;0;0;0;0;0;0;;
267083;19;4;2015;15:13;0;RUA ALBERTO DE OLIVEIRA;;;10;;Colis?úo;Luz do Dia;;;Meio de Quadra;;;0;0;2;0;0;0;0;0;0;0;0;0;-3,703830000000000;-38,574089000000000
267084;19;4;2015;21:46;0;AV CEL CARVALHO;;;0;;Colis?úo;;;;Meio de Quadra;;;0;0;2;0;0;0;0;0;0;0;0;0;;
267085;19;4;2015;21:46;0;AV BEZERRA DE MENEZES;;;0;;Colis?úo;;;;Meio de Quadra;;;0;0;2;0;0;0;0;0;0;0;0;0;;
267086;19;4;2015;22:28;19596;RUA NEREU RAMOS;RUA TCHECOSLOVAQUIA;;0;;Colis?úo;;;;Cruz;Pare;Comercial;0;0;2;0;0;0;0;0;0;0;0;0;-3,785913000000000;-38,570458000000000
259190;19;4;2015;09:15;0;RD CE-025;;;0;KM-03;Colis?úo;Luz do Dia;;Seca;Meio de Quadra;;;0;1;0;0;0;0;0;0;0;1;0;0;-3,805236000000000;-38,446791000000000
259209;19;4;2015;18:15;0;RD CE-040;;;0;KM-07;Colis?úo;Via Iluminada;;Seca;Meio de Quadra;;;0;0;2;1;0;0;0;0;0;0;0;0;-3,817953000000000;-38,483160000000000
262002;19;4;2015;00:27;5250;RUA PEDRO I;RUA AGAPITO DOS SANTOS;;0;;Colis?úo;;;;Cruz;Pare;Comercial;0;1;1;0;0;0;0;0;0;0;0;0;-3,727789000000000;-38,539337000000000
262005;19;4;2015;01:24;6083;RUA 218 CJ CEARA;RUA 202 A CJ CEARA;;0;;Atropelamento;;;;;;;0;1;1;1;0;0;0;0;0;0;0;0;-3,767116000000000;-38,608410000000000
262006;19;4;2015;03:33;0;RUA OSCAR ARARIPE;;;0;;Queda;;;;Meio de Quadra;;;0;1;0;0;0;0;0;0;0;1;0;0;-3,786334000000000;-38,614401000000000
262016;19;4;2015;09:18;0;AV MAE LISBOA;;;0;;Colis?úo;Luz do Dia;;;Meio de Quadra;;;0;1;1;1;0;0;0;0;0;1;0;0;;
262014;19;4;2015;07:10;0;AV 13 DE MAIO;;;0;;Queda;Luz do Dia;;;Meio de Quadra;;;0;1;0;0;0;0;0;0;0;1;0;0;;
262011;19;4;2015;04:38;0;AV CEL CARVALHO;;;0;;Colis?úo;;;;Meio de Quadra;;;0;1;1;1;0;0;0;0;0;1;0;0;;
262012;19;4;2015;05:21;0;AV BEZERRA DE MENEZES;;;0;;Colis?úo;Amanhecer;;;Meio de Quadra;;;0;1;1;0;0;0;0;0;0;0;0;0;;
262037;19;4;2015;13:02;14870;RUA WALDIR DIOGO;RUA ALFREDO MAMEDE;;0;;Colis?úo;Luz do Dia;;;Cruz;Sem?íforo;Residencial;0;1;1;1;0;1;0;0;0;0;0;0;-3,807367000000000;-38,580084000000000
262038;19;4;2015;18:06;5366;RUA SEN POMPEU;AV DUQ CAXIAS;;0;;Colis?úo;Anoitecer;;;Cruz;Sem?íforo;Comercial;0;1;1;1;0;0;0;0;0;1;0;0;-3,731430000000000;-38,530994000000000
262039;19;4;2015;19:36;0;AV PRS CASTELO BRANCO;;;0;;;;;;Meio de Quadra;;;0;2;0;0;0;0;0;0;0;1;0;0;;
262040;19;4;2015;21:01;0;AV PRS CASTELO BRANCO;;;0;;Queda;;;;Meio de Quadra;;;0;1;1;0;0;0;0;0;0;1;0;0;;
262029;19;4;2015;10:11;0;AV FRANCISCO SA;;;0;;Colis?úo;Luz do Dia;;;Meio de Quadra;;;0;1;2;0;0;0;0;0;0;0;0;0;-3,710477000000000;-38,577611000000000
262031;19;4;2015;10:51;0;RUA GERMANO FRANCK;;;0;;Colis?úo;Luz do Dia;;;Meio de Quadra;;;0;1;1;1;0;0;0;0;0;1;0;0;-3,775144000000000;-38,559521000000000
262032;19;4;2015;11:30;0;AV FRANCISCO SA;;;5855;;Colis?úo;Luz do Dia;;;Meio de Quadra;;;0;1;1;1;0;1;0;0;0;0;0;0;-3,710477000000000;-38,577611000000000
262034;19;4;2015;12:38;0;AV PERIMETRAL;;;0;;Colis?úo;Luz do Dia;;;Meio de Quadra;;;0;1;1;0;0;0;1;0;0;1;0;0;;
262035;19;4;2015;12:43;0;AV DES MOREIRA;;;0;;Queda;Luz do Dia;;;Meio de Quadra;;;0;1;0;0;0;1;0;0;0;0;0;0;-3,728431000000000;-38,495820000000000
250578;19;4;2015;12:45;0;AV AUGUSTO DOS ANJOS;;;194;;Colis?úo Lateral;Luz do Dia;Bom;Seca;Meio de Quadra;Sem?íforo Intermitente;Misto;0;0;2;1;1;0;0;0;0;0;0;0;-3,770883000000000;-38,570801000000000
250579;19;4;2015;17:30;6750;RUA BATISTA DE OLIVEIRA;RUA VILEBALDO AGUIAR;;0;;Colis?úo Transversal;Anoitecer;Bom;Seca;Cruz;Pare;Comercial;0;1;1;1;0;0;0;0;0;1;0;0;-3,743019000000000;-38,480134000000000
250580;19;4;2015;06:00;12387;AV JOSE BASTOS;RUA MOZART FIRMEZA;;0;;Colis?úo Traseira;Luz do Dia;Bom;Seca;T;N?úo H?í Controle;Comercial;0;0;2;1;1;0;0;0;0;0;0;0;-3,768480000000000;-38,570025000000000
250584;19;4;2015;16:00;0;RUA CON DE CASTRO;;;7166;;Colis?úo Transversal;Luz do Dia;Nublado;Seca;Meio de Quadra;N?úo H?í Controle;Residencial;0;0;2;1;1;0;0;0;0;0;0;0;-3,817384000000000;-38,600847000000000
250585;19;4;2015;16:00;0;AV BENJAMIM BRASIL;;;319;;Colis?úo Transversal;Luz do Dia;Bom;Seca;Meio de Quadra;N?úo H?í Controle;Residencial;0;0;2;1;0;0;0;0;0;0;0;0;-3,803956000000000;-38,569817000000000