COD_ACIDENTE;DIA;MES;ANO;HORA;INTERSECAO;LOG1;LOG2;LOG3;NUMERO;REFERENCIA;NATUREZA;ILUMINACAO;TEMPO;SUPERFICIEPISTA;TIPOCRUZAMENTO;CONTROLETRAFEGO;USOSOLO;MORTOS;FERIDOS;ILESOS;AUTOMOVEL;ONIBUS;BICICLETA;CAMINHAO;MICROONIBUS;CICLOMOTOR;MOTOCICLETA;TRACAOANIMAL;TREM;LATITUDE;LONGITUDE
250586;19;4;2015;12:03;23009;RUA ANITA GARIBALDI;RUA BRUNO VALENTE;;0;;Colis?úo Lateral;Luz do Dia;Bom;Seca;Cruz;Pare;Residencial;0;1;1;1;0;0;0;0;0;1;0;0;-3,788221000000000;-38,539228000000000
250587;19;4;2015;19:00;1380;RUA NUNES VALENTE;RUA TORRES CAMARA;;0;;Colis?úo Transversal;Via Iluminada;Bom;Seca;Cruz;N?úo H?í Controle;Comercial;0;3;0;0;0;0;0;0;0;1;0;0;-3,736618000000000;-38,503856000000000
250582;19;4;2015;19:00;15100;AV HIS RAIMUNDO GIRAO;RUA JOAO CORDEIRO;;0;;Colis?úo Traseira;Via Iluminada;Bom;Seca;Cruz;Sem?íforo;Comercial;0;0;2;1;0;0;0;0;0;0;0;0;-3,720835000000000;-38,511630000000000
250592;19;4;2015;09:00;11057;AV DR SILAS MUNGUBA;AV DOS EXPEDICIONARIOS;;0;;Colis?úo Transversal;Luz do Dia;Nublado;Seca;Cruz;Sem?íforo;Misto;0;0;2;1;0;0;0;0;0;0;0;0;-3,787538000000000;-38,547960000000000
250593;19;4;2015;20:40;0;RUA VITAL BRASIL;;;618;;Colis?úo Traseira;Via Iluminada;Bom;Seca;Meio de Quadra;Sem?íforo;Residencial;0;0;2;1;0;0;0;0;0;0;0;0;-3,781174000000000;-38,586834000000000
250594;19;4;2015;06:40;24347;AV LUCIANO CARNEIRO;RUA DES PRAXEDES;;0;;Colis?úo Transversal;Luz do Dia;Bom;Seca;Cruz;Sem?íforo;Misto;0;1;1;0;0;0;0;0;0;1;0;0;-3,764934000000000;-38,536679000000000
250598;19;4;2015;05:50;3768;AV DOMINGOS OLIMPIO;AV TRISTAO GONCALVES;;0;;Colis?úo Traseira;Amanhecer;Nublado;Molhada;Cruz;Sem?íforo;Misto;0;1;1;1;0;0;0;0;0;0;0;0;-3,735133000000000;-38,535613000000000
250599;19;4;2015;14:30;0;AV RAD JOSE LIMA VERDE;;;805;;Colis?úo Transversal;Luz do Dia;Bom;Seca;Meio de Quadra;Pare;Misto;0;1;1;0;1;0;0;0;0;1;0;0;-3,699619000000000;-38,587896000000000
250600;19;4;2015;13:00;1364;RUA JOSE VILAR;RUA TORRES CAMARA;;0;;Colis?úo Transversal;Luz do Dia;Nublado;Seca;Cruz;Sem?íforo;Comercial;0;0;2;1;0;0;0;0;0;0;0;0;-3,736301000000000;-38,504840000000000
250601;19;4;2015;15:20;15350;AV DES MOREIRA;RUA PEREIRA VALENTE;;0;;Colis?úo Lateral;Luz do Dia;Nublado;Seca;Cruz;Sem?íforo;Comercial;0;1;1;1;0;0;0;0;1;0;0;0;-3,732253000000000;-38,497076000000000
250602;19;4;2015;18:00;0;RUA CARLOS CAMARA;;;1110;;Choque c/ Obst?ículo Fixo;Anoitecer;Bom;Seca;Meio de Quadra;N?úo H?í Controle;Residencial;0;0;1;1;0;0;0;0;0;0;0;0;-3,745484000000000;-38,541757000000000
250595;20;4;2015;17:00;0;AV ANTONIO SALES;;;1950;;Colis?úo Lateral;Anoitecer;Bom;Seca;Meio de Quadra;Outros;Comercial;0;0;2;1;0;0;1;0;0;0;0;0;-3,743950000000000;-38,507234000000000
250596;20;4;2015;20:30;7869;RUA BARBOSA DE FREITAS;RUA FRANCISCO HOLANDA;;0;;Colis?úo Transversal;Via Iluminada;Bom;Seca;Cruz;Pare;Misto;0;0;2;1;0;0;0;0;0;0;0;0;-3,749671000000000;-38,501555000000000
250597;20;4;2015;11:20;0;RUA OSCAR ARARIPE;;;1828;;Colis?úo Traseira;Luz do Dia;Nublado;Seca;Meio de Quadra;;Misto;0;1;1;1;0;0;0;0;0;0;0;0;-3,788556000000000;-38,607554000000000
250591;20;4;2015;07:00;0;RUA ANA BILHAR;;;150;;Choque c/ Obst?ículo Fixo;Luz do Dia;Bom;Seca;Meio de Quadra;N?úo H?í Controle;Residencial;0;0;1;0;0;0;0;0;0;0;0;0;-3,728406000000000;-38,498998000000000
250589;20;4;2015;21:30;0;AV ANTONIO SALES;;;3525;;Colis?úo Traseira;Via Iluminada;Bom;Seca;Outros;N?úo H?í Controle;Residencial;0;0;3;1;0;0;0;0;0;0;0;0;-3,749232000000000;-38,490117000000000
260723;20;4;2015;11:58;0;AV ENG SANTANA JUNIOR;;;0;;Colis?úo;Luz do Dia;;;Meio de Quadra;;;0;0;3;1;1;0;0;0;0;0;0;0;;
260731;20;4;2015;19:24;0;AV AGUANAMBI;;;0;;Colis?úo;;;;Meio de Quadra;;;0;0;2;0;1;0;0;1;0;0;0;0;;
260726;20;4;2015;14:58;0;RUA PRO OTAVIO LOBO;;;0;;Colis?úo;Luz do Dia;;;Meio de Quadra;;;0;0;2;1;1;0;0;0;0;0;0;0;;
262061;20;4;2015;11:17;2404;AV 20 DE JANEIRO;RUA SEN ROBERT KENNEDY;;0;;Atropelamento;Luz do Dia;;;T;Pare;Residencial;0;1;1;0;0;0;0;0;0;1;0;0;-3,706153000000000;-38,580002000000000
262047;20;4;2015;06:09;0;AV PRS CASTELO BRANCO;;;0;;Queda;Luz do Dia;;;Meio de Quadra;;;0;1;0;0;0;0;0;0;0;1;0;0;;
262048;20;4;2015;08:25;0;AV AGUANAMBI;;;0;;Colis?úo;Luz do Dia;;;Meio de Quadra;;;0;1;1;1;0;0;0;0;0;1;0;0;-3,742882000000000;-38,525813000000000
262049;20;4;2015;08:28;0;AV DOS EXPEDICIONARIOS;;;0;;Colis?úo;Luz do Dia;;;Meio de Quadra;;;0;1;1;1;0;1;0;0;0;0;0;0;;
262064;20;4;2015;11:51;10780;RUA PDE SA LEITAO;AV SEN FERNANDES TAVORA;;0;;Colis?úo;Luz do Dia;;;Cruz;Pare;Misto;0;1;1;1;0;0;0;0;0;1;0;0;-3,762452000000000;-38,581677000000000
262066;20;4;2015;12:32;0;RUA SEBASTIAO DE ABREU;;;0;;Colis?úo;Luz do Dia;;;Meio de Quadra;;;0;1;1;1;0;0;0;0;0;1;0;0;;
262068;20;4;2015;16:16;0;RUA PDE ANCHIETA;;;0;;Colis?úo;Luz do Dia;;;Meio de Quadra;;;0;1;1;1;0;0;0;0;0;1;0;0;;
262069;20;4;2015;17:28;25006;RUA BENI DE CARVALHO;RUA LEONARDO MOTA;;0;;Atropelamento;Anoitecer;;;Cruz;Sem?íforo;Residencial;0;1;1;0;0;0;0;0;0;1;0;0;-3,744739000000000;-38,498931000000000
262072;20;4;2015;18:19;0;RUA SOUSA GIRAO;;;518;;Atropelamento;Anoitecer;;;Meio de Quadra;;;0;2;0;0;0;0;0;0;0;1;0;0;-3,744320000000000;-38,524716000000000
262075;20;4;2015;20:59;10733;RUA PORTO ALEGRE;RUA STA FILOMENA;;0;;Colis?úo;;;;Cruz;Pare;Residencial;0;2;0;0;0;0;0;0;0;1;0;0;-3,760249000000000;-38,590592000000000
262077;20;4;2015;22:17;0;AV BEZERRA DE MENEZES;;;0;;;;;;Meio de Quadra;;;0;2;0;1;0;0;0;0;0;1;0;0;;
262041;20;4;2015;01:38;0;RUA PEDRO DANTAS;;;0;;Atropelamento;;;;Meio de Quadra;;;0;1;1;0;0;0;0;0;0;1;0;0;-3,785131000000000;-38,526279000000000
262042;20;4;2015;03:30;0;AV PRS CASTELO BRANCO;;;0;;Colis?úo;;;;Meio de Quadra;;;0;0;2;0;0;0;0;0;0;0;0;0;;
262043;20;4;2015;05:57;0;AV ALBERTO CRAVEIRO;;;0;;Queda;Amanhecer;;;Meio de Quadra;;;0;1;0;0;0;0;0;0;0;1;0;0;;
250342;20;4;2015;06:55;18498;AV GOV PARSIFAL BARROSO;RUA MARIA MIRIAN F  DE SOUZA;;0;;Colis?úo Lateral;Luz do Dia;Bom;Seca;Cruz;;Residencial;0;0;2;1;0;0;0;0;0;0;0;0;-3,733515000000000;-38,568958000000000
250619;20;4;2015;23:27;15205;RUA OSVALDO CRUZ (ALDEOTA);AV ABOLICAO;;0;;Colis?úo Transversal;Via Iluminada;Bom;Seca;Cruz;Gesto;Comercial;0;2;1;1;0;0;0;0;0;0;0;0;-3,726690000000000;-38,497445000000000
259235;20;4;2015;07:10;0;AV SEN CARLOS JEREISSATI (AEROPORTO);;;220420;;Colis?úo;Luz do Dia;;;Meio de Quadra;;;0;0;3;1;0;0;0;0;0;1;0;0;;
259220;20;4;2015;12:40;0;RD CE-040;;;0;KM-01;Colis?úo;Via Iluminada;;;Meio de Quadra;;;0;0;2;1;0;0;0;0;0;1;0;0;-3,754877000000000;-38,483270000000000
259221;20;4;2015;12:40;0;AV MIN JOSE AMERICO;;;0;;Colis?úo;Luz do Dia;;Seca;Meio de Quadra;;;0;0;2;1;0;0;0;0;0;1;0;0;;
259224;20;4;2015;21:35;0;RD CE-040;;;0;KM-02;Colis?úo;Via Iluminada;;Seca;Meio de Quadra;;;0;0;2;1;1;0;0;0;0;0;0;0;-3,776479000000000;-38,481598000000000
259225;20;4;2015;01:00;0;RD CE-040;;;0;KM-04;Colis?úo;;;Seca;Meio de Quadra;;;0;1;1;0;0;0;0;0;0;0;0;0;-3,792050000000000;-38,480251000000000
267087;20;4;2015;00:28;19561;AV GODOFREDO MACIEL;RUA ANTONIO BANDEIRA D41;;0;;Colis?úo;;;;Cruz;Sem?íforo;Misto;0;0;2;0;0;0;0;0;0;0;0;0;-3,783278000000000;-38,565838000000000
267088;20;4;2015;00:48;0;AV EDUARDO GIRAO;;;0;;Choque c/ Obst?ículo Fixo;;;;Meio de Quadra;;;0;0;1;0;0;0;0;0;0;0;0;0;;
267089;20;4;2015;11:07;0;AV GODOFREDO MACIEL;;;0;;Colis?úo;Luz do Dia;;;Meio de Quadra;;;0;0;2;0;0;0;0;0;0;0;0;0;;
267090;20;4;2015;11:09;0;RUA FRANCISCO MENDES DE OLIVEIRA;;;316;;Choque c/ Obst?ículo Fixo;Luz do Dia;;;Meio de Quadra;;;0;0;1;0;0;0;0;0;0;0;0;0;-3,728229000000000;-38,594040000000000
267091;20;4;2015;16:53;0;AV DR SILAS MUNGUBA;;;3666;;Colis?úo;Luz do Dia;;;Meio de Quadra;;;0;0;2;0;0;0;0;0;0;0;0;0;-3,790219000000000;-38,540801000000000
267092;20;4;2015;22:24;0;RUA MARTINS CARVALHO;;;100;;Colis?úo;;;;Meio de Quadra;;;0;0;2;0;0;0;0;0;0;0;0;0;-3,797853000000000;-38,596234000000000
250899;20;4;2015;16:00;18743;RUA VALPARAISO;RUA CATOLE;;0;;Colis?úo Transversal;Luz do Dia;Bom;Seca;Cruz;Pare;Residencial;0;1;1;1;0;0;0;0;0;1;0;0;-3,846407000000000;-38,520171000000000
250901;20;4;2015;20:00;11761;AV PRS CASTELO BRANCO;RUA JACINTO MATOS;;0;;Colis?úo Transversal;Via Iluminada;Bom;Seca;Cruz;Sem?íforo;Lazer;0;1;1;1;0;0;1;0;0;0;0;0;-3,714630000000000;-38,546333000000000
250903;20;4;2015;09:10;0;AV SEN VIRGILIO TAVORA;;;2211;;Colis?úo Traseira;Luz do Dia;Bom;Seca;Meio de Quadra;N?úo H?í Controle;Comercial;0;0;2;1;0;0;0;0;0;0;0;0;-3,745879000000000;-38,496055000000000
250907;20;4;2015;18:15;7633;AV CARNEIRO DE MENDONCA;RUA RIO GRANDE DO SUL;;0;;Colis?úo Lateral;Via Iluminada;Bom;Seca;Cruz;Sem?íforo Intermitente;Comercial;0;2;1;0;0;0;1;0;0;1;0;0;-3,762374000000000;-38,570011000000000
250908;20;4;2015;16:40;15255;RUA MON BRUNO;RUA TEN BENEVOLO;;0;;Colis?úo Lateral;Luz do Dia;Nublado;Seca;Cruz;Pare;Comercial;0;0;2;1;0;0;0;1;0;0;0;0;-3,728332000000000;-38,508124000000000
250909;20;4;2015;11:40;0;AV DOMINGOS OLIMPIO;;;1551;;Colis?úo Traseira;Luz do Dia;Chuva;Molhada;Meio de Quadra;N?úo H?í Controle;Comercial;0;0;2;1;0;0;0;0;0;0;0;0;-3,734616000000000;-38,537258000000000
250910;20;4;2015;10:30;0;AV BEZERRA DE MENEZES;;;1301;;Engavetamento;Luz do Dia;Bom;Seca;Meio de Quadra;N?úo H?í Controle;Comercial;0;0;4;1;0;0;0;0;0;0;0;0;-3,733991000000000;-38,556375000000000
250911;20;4;2015;12:45;1257;RUA COSTA BARROS;RUA SILVA PAULET;;0;;Colis?úo Transversal;Luz do Dia;Bom;Seca;Cruz;Pare;Comercial;0;0;2;1;0;0;0;0;0;0;0;0;-3,732565000000000;-38,504799000000000
250905;20;4;2015;23:00;5246;RUA PEREIRA FILGUEIRAS;RUA GONCALVES LEDO;;0;;Colis?úo Transversal;Via Iluminada;Bom;Seca;Cruz;Pare;Residencial;0;1;1;1;0;0;0;0;0;0;0;0;-3,727667000000000;-38,515004000000000
250913;20;4;2015;18:20;7914;AV ANTONIO SALES;RUA LEONARDO MOTA;;0;;Colis?úo Lateral;Via Iluminada;Bom;Seca;Cruz;Sem?íforo;Comercial;0;0;2;1;0;0;0;0;0;0;0;0;-3,746358000000000;-38,499442000000000
250917;20;4;2015;20:00;12808;RUA PRE NOVE;RUA VICOSA;;0;;Colis?úo Lateral;Anoitecer;Bom;Seca;Outros;Pare;Residencial;0;0;2;1;0;0;0;0;0;0;0;0;-3,754767000000000;-38,539313000000000
250918;20;4;2015;05:00;0;RUA MON BRUNO;;;324;;Choque c/ Obst?ículo Fixo;Luz do Dia;Bom;Seca;Meio de Quadra;N?úo H?í Controle;Residencial;0;1;0;1;0;0;0;0;0;0;0;0;;
250919;20;4;2015;09:20;0;RUA TABULEIRO DO NORTE;;;0;;Colis?úo Transversal;Luz do Dia;Nublado;Seca;Outros;N?úo H?í Controle;Residencial;0;1;1;1;0;0;0;0;0;1;0;0;;
250921;20;4;2015;10:15;16453;RUA CEL MANUEL ALBANO;RUA 26 BATALHAO;;0;;Colis?úo Transversal;Luz do Dia;Bom;Seca;Cruz;Pare;Escola;0;0;2;1;0;0;0;0;0;0;0;0;-3,807008000000000;-38,568374000000000
250922;20;4;2015;12:00;3768;AV DOMINGOS OLIMPIO;AV TRISTAO GONCALVES;;0;;Colis?úo Traseira;Luz do Dia;Chuva;Molhada;Cruz;Sem?íforo;Comercial;0;0;4;1;0;0;0;0;0;0;0;0;-3,735133000000000;-38,535613000000000
250932;20;4;2015;06:20;0;AV BAR STUDART;;;0;;Colis?úo Traseira;Luz do Dia;Bom;Seca;Meio de Quadra;Pare;Comercial;0;0;2;1;0;0;0;0;0;1;0;0;;
250933;20;4;2015;15:30;0;RUA VICENTE LEITE;;;1565;;Colis?úo Lateral;;Bom;Seca;Meio de Quadra;Pare;Comercial;0;0;2;1;0;0;0;0;0;0;0;0;-3,740210000000000;-38,496394000000000
250934;20;4;2015;12:50;0;AV DOS EXPEDICIONARIOS;;;3910;;Engavetamento;Luz do Dia;Bom;Seca;Meio de Quadra;Sem?íforo;Escola;0;0;3;1;0;0;0;0;0;0;0;0;-3,752267000000000;-38,537333000000000
250935;20;4;2015;11:00;0;AV 13 DE MAIO;;;0;;Colis?úo Lateral;Luz do Dia;Nublado;Seca;Meio de Quadra;Pare;Comercial;0;0;2;1;0;0;0;0;0;0;0;0;;
250936;20;4;2015;10:50;15326;AV BAR STUDART;RUA PEREIRA FILGUEIRAS;;0;;Colis?úo Lateral;Luz do Dia;Bom;Seca;Cruz;Sem?íforo;Comercial;0;0;2;1;0;0;0;0;0;1;0;0;-3,730810000000000;-38,505361000000000
250937;20;4;2015;00:40;0;RUA DEP OSWALDO STUDART;;;848;;Colis?úo Traseira;Via Iluminada;Bom;Seca;Meio de Quadra;N?úo H?í Controle;Comercial;0;1;1;1;0;0;0;0;0;0;0;0;-3,756879000000000;-38,531072000000000
250938;20;4;2015;18:25;0;AV ANTONIO SALES;;;0;;Colis?úo Traseira;Via Iluminada;Bom;Seca;Meio de Quadra;;Residencial;0;0;3;1;0;0;0;0;0;0;0;0;;
250940;20;4;2015;21:15;0;AV BAR STUDART;;;225;;Colis?úo Frontal;;Bom;Seca;Meio de Quadra;;Residencial;0;0;2;1;0;0;0;0;0;0;0;0;-3,725848000000000;-38,503786000000000
250941;20;4;2015;09:10;0;AV DOMINGOS OLIMPIO;;;657;;Colis?úo Traseira;Luz do Dia;Bom;Seca;Meio de Quadra;Sem?íforo;Comercial;0;0;2;1;0;0;0;0;0;0;0;0;-3,737170000000000;-38,529627000000000
250942;20;4;2015;15:20;9081;AV AGUANAMBI;AV 13 DE MAIO;;0;;Colis?úo Traseira;Luz do Dia;Bom;Seca;Outros;Sem?íforo;Comercial;0;0;2;1;0;0;0;0;0;1;0;0;-3,753844000000000;-38,523451000000000
250943;20;4;2015;08:47;5777;RUA CHICO LEMOS;RUA JOSE A CAVALCANTE;;0;;Colis?úo Lateral;Luz do Dia;Bom;Seca;Cruz;Pare;Residencial;0;1;1;1;0;0;0;0;0;1;0;0;-3,790905000000000;-38,499317000000000
250944;20;4;2015;13:40;0;AV ANTONIO SALES;;;3027;;Colis?úo Lateral;Luz do Dia;Bom;Seca;Meio de Quadra;Sem?íforo;Comercial;0;0;2;1;0;0;0;0;0;0;0;0;-3,746989000000000;-38,497402000000000
250945;20;4;2015;18:00;0;AV AGUANAMBI;;;0;;Colis?úo Lateral;Anoitecer;Bom;Seca;Meio de Quadra;;Comercial;0;1;1;0;0;0;0;0;0;1;0;0;;
250946;20;4;2015;17:20;0;RUA PEDRO I;;;1250;;Colis?úo Frontal;Via Iluminada;Bom;Seca;Meio de Quadra;Pare;Comercial;0;0;2;1;0;0;0;0;0;0;0;0;-3,729035000000000;-38,535440000000000
250926;20;4;2015;22:00;0;RUA DEMETRIO MENEZES;;;0;;Colis?úo Lateral;Via Iluminada;Bom;Seca;Meio de Quadra;N?úo H?í Controle;Comercial;0;0;2;1;0;0;0;0;0;1;0;0;;
250915;20;4;2015;19:15;23377;AV PONTES VIEIRA;RUA BARROS LEAL;;0;;Colis?úo Traseira;Via Iluminada;Bom;Seca;T;Pare;Comercial;0;0;2;1;1;0;0;0;0;0;0;0;-3,753412000000000;-38,519369000000000
267093;21;4;2015;01:39;0;AV ALBERTO CRAVEIRO;;;1763;;Colis?úo;;;;Meio de Quadra;;;0;0;2;0;0;0;0;0;0;0;0;0;;
267095;21;4;2015;01:41;1383;RUA MON CATAO;RUA MARCOS MACEDO;;0;;Colis?úo;;;;Cruz;Pare;Misto;0;0;2;0;0;0;0;0;0;0;0;0;-3,736772000000000;-38,489930000000000
267096;21;4;2015;22:29;0;LOGRADOURO SEM NOME;;;0;;Colis?úo;;;;Meio de Quadra;;;0;0;2;0;0;0;0;0;0;0;0;0;;
267097;21;4;2015;22:41;0;AV E CJ ESPERANCA;;;0;;Colis?úo;;;;Meio de Quadra;;;0;0;2;0;0;0;0;0;0;0;0;0;;
267098;21;4;2015;23:25;19152;RUA LAURO NOGUEIRA;RUA BATISTA DE OLIVEIRA;;0;;Colis?úo;;;;Cruz;Pare;Misto;0;0;2;0;0;0;0;0;0;0;0;0;-3,740086000000000;-38,478301000000000
250620;21;4;2015;15:00;1424;AV HERACLITO GRACA;RUA CARLOS VASCONCELOS;;0;;Colis?úo Transversal;Luz do Dia;Bom;Seca;Cruz;Sem?íforo;Comercial;0;1;1;0;0;1;0;0;0;1;0;0;-3,737590000000000;-38,512285000000000
250621;21;4;2015;21:00;25852;RUA MARTINS CARVALHO;RUA A CJ PALMARES (G. LISBOA);;0;;Colis?úo Transversal;Via Iluminada;Bom;Seca;Cruz;Pare;Residencial;0;2;0;1;0;0;0;0;0;1;0;0;;
250604;21;4;2015;19:20;0;AV BEZERRA DE MENEZES;;;785;;Colis?úo Lateral;Via Iluminada;Bom;Seca;Meio de Quadra;N?úo H?í Controle;Comercial;0;3;1;1;1;0;0;0;0;0;0;0;-3,733085000000000;-38,551961000000000
250605;21;4;2015;20:00;17352;AV JOAO PESSOA;RUA ELVIRA PINHO;;0;;Outros;Via Iluminada;Bom;Seca;Cruz;Pare;Comercial;0;0;2;1;0;0;0;0;0;0;0;0;-3,765499000000000;-38,559092000000000
250606;21;4;2015;17:30;12594;RUA JANDIRA;RUA FENELON BOMILCAR;;0;;Colis?úo Transversal;Anoitecer;Bom;Seca;Cruz;Pare;Comercial;0;1;2;1;0;0;0;0;0;1;0;0;-3,715430000000000;-38,586889000000000
250607;21;4;2015;18:30;9202;RUA EUSEBIO DE SOUZA;RUA COSTA ARAUJO;;0;;Colis?úo Transversal;Via Iluminada;Bom;Seca;Cruz;Pare;Residencial;0;0;2;1;0;0;0;0;0;0;0;0;-3,747659000000000;-38,528868000000000
250608;21;4;2015;06:10;6738;RUA DES WALDETARIO P MOTA;RUA VILEBALDO AGUIAR;;0;;Colis?úo Transversal;Luz do Dia;Bom;Seca;Cruz;Pare;Residencial;0;0;2;1;0;0;0;0;0;0;0;0;-3,741853000000000;-38,483787000000000
250609;21;4;2015;18:30;7633;AV CARNEIRO DE MENDONCA;RUA RIO GRANDE DO SUL;;0;;;Anoitecer;Bom;Seca;Cruz;Sem?íforo;Comercial;0;0;2;1;0;0;0;0;0;0;0;0;-3,762374000000000;-38,570011000000000
250610;21;4;2015;18:30;15357;RUA LEONARDO MOTA;RUA PEREIRA VALENTE;;0;;Colis?úo Transversal;Via Iluminada;Bom;Seca;Cruz;Sem?íforo;Residencial;0;1;1;1;0;0;0;0;0;1;0;0;-3,732885000000000;-38,495134000000000
250611;21;4;2015;10:00;1576;AV PDE ANTONIO TOMAS;RUA CEL JUCA;;0;;Colis?úo Transversal;Luz do Dia;Bom;Seca;Cruz;Sem?íforo;Residencial;0;0;2;1;0;0;0;0;0;1;0;0;-3,742392000000000;-38,492803000000000
250612;21;4;2015;12:50;24270;RUA DELMIRO GOUVEIA;RUA PEREIRA VALENTE;;0;;Colis?úo Transversal;Luz do Dia;Bom;Seca;Cruz;N?úo H?í Controle;Residencial;0;0;3;1;0;0;0;0;0;1;0;0;-3,734817000000000;-38,488125000000000
250613;21;4;2015;15:00;0;AV FRANCISCO SA;;;5426;;Colis?úo Traseira;Luz do Dia;Bom;Seca;Meio de Quadra;Sem?íforo;Comercial;0;1;1;1;0;0;0;0;0;1;0;0;-3,712282000000000;-38,572352000000000
250614;21;4;2015;17:00;15204;RUA JULIO IBIAPINA;AV ABOLICAO;;0;;Colis?úo Traseira;Luz do Dia;Bom;Seca;Cruz;Sem?íforo;Residencial;0;0;2;1;0;0;0;0;0;0;0;0;-3,726679000000000;-38,491290000000000
250615;21;4;2015;14:00;0;RUA GUERRA JUNQUEIRO;;;1038;;Colis?úo Lateral;Luz do Dia;Nublado;Seca;Meio de Quadra;;Residencial;0;0;2;1;0;0;0;0;0;0;0;0;-3,780106000000000;-38,552049000000000
250616;21;4;2015;07:00;0;RUA CEL RIBEIRO DA SILVA;;;758;;Colis?úo Frontal;Luz do Dia;;Seca;Meio de Quadra;N?úo H?í Controle;Residencial;0;0;2;1;0;0;0;0;0;0;0;0;-3,731894000000000;-38,547827000000000
250617;21;4;2015;15:10;22839;RUA GALILEU;RUA GOV JOAO CARLOS;;0;;Colis?úo Transversal;Luz do Dia;Bom;Seca;Cruz;Pare;Residencial;0;0;2;1;0;0;0;0;0;0;0;0;-3,776902000000000;-38,551101000000000
250618;21;4;2015;10:20;10999;RUA ALBERTO MAGNO;RUA 15 DE NOVEMBRO;;0;;;Luz do Dia;Bom;Seca;Cruz;Pare;Residencial;0;0;2;1;0;0;0;0;0;0;0;0;-3,769909000000000;-38,553169000000000
250653;21;4;2015;08:17;19328;RUA EDUARDO PERDIGAO;RUA CON DE CASTRO;;0;;Colis?úo Lateral;Luz do Dia;Bom;Seca;Cruz;N?úo H?í Controle;Comercial;0;1;1;1;0;0;0;0;0;1;0;0;-3,775579000000000;-38,564769000000000
262099;21;4;2015;20:15;5063;RUA BAR RIO BRANCO;AV PRS CASTELO BRANCO;;0;;Queda;;;;T;Pare;Outros;0;1;0;0;0;0;0;0;0;1;0;0;-3,721459000000000;-38,526642000000000
262101;21;4;2015;20:32;0;RUA OSCAR ARARIPE;;;0;;Atropelamento;;;;Meio de Quadra;;;0;1;1;1;0;0;0;0;0;0;0;0;;
262102;21;4;2015;22:59;0;AV PERIMETRAL;;;0;;Colis?úo;;;;Meio de Quadra;;;0;1;1;1;0;0;0;0;0;1;0;0;;
262103;21;4;2015;23:29;0;RUA EDUARDO PERDIGAO;;;0;;Colis?úo;;;;Meio de Quadra;;;0;1;1;1;0;0;0;0;0;1;0;0;;
262093;21;4;2015;01:05;0;AV OLIVEIRA PAIVA;;;0;;Colis?úo;;;;Meio de Quadra;;;0;1;1;0;0;0;0;0;0;1;0;0;;
262094;21;4;2015;01:05;0;AV FRANCISCO SA;;;0;;Choque c/ Obst?ículo Fixo;;;;Meio de Quadra;;;0;1;0;1;0;0;0;0;0;0;0;0;;
262095;21;4;2015;10:08;0;AV SGT HERMINIO SAMPAIO;;;4223;;Colis?úo;Luz do Dia;;;Meio de Quadra;;;0;2;0;0;0;0;0;0;0;1;0;0;-3,730992000000000;-38,577932000000000
262096;21;4;2015;10:42;0;RUA ANA FACO;;;0;;Colis?úo;Luz do Dia;;;Meio de Quadra;;;0;1;1;1;0;0;0;0;0;1;0;0;-3,715216000000000;-38,561581000000000
260769;21;4;2015;11:06;0;AV 13 DE MAIO;;;0;;Colis?úo;Luz do Dia;;;Meio de Quadra;;;0;0;3;1;0;0;0;0;0;0;0;0;;
250603;21;4;2015;17:20;7258;AV ODILON GUIMARAES;RUA FRANCISCO LEANDRO;;0;;Colis?úo Lateral;Luz do Dia;Bom;Seca;Cruz;Sem?íforo;Misto;0;0;2;1;0;0;0;0;0;1;0;0;-3,824509000000000;-38,478709000000000
262105;22;4;2015;06:43;0;AV PINTO BANDEIRA D56;;;0;;Colis?úo;Luz do Dia;;;Meio de Quadra;;;0;1;1;1;0;0;0;0;0;1;0;0;;
262108;22;4;2015;09:26;0;RUA JOSE MENDONCA;;;0;;Atropelamento;Luz do Dia;;;Meio de Quadra;;;0;2;0;0;0;0;0;0;0;1;0;0;-3,756171000000000;-38,602011000000000
262113;22;4;2015;18:47;0;AV DA INDEPENDENCIA;;;0;;Colis?úo;;;;Meio de Quadra;;;0;1;2;0;0;0;0;0;0;1;0;0;-3,723677000000000;-38,601949000000000
262114;22;4;2015;20:52;0;AV GODOFREDO MACIEL;;;0;;Atropelamento;;;;Meio de Quadra;;;0;2;0;0;0;0;0;0;0;1;0;0;-3,828399000000000;-38,580119000000000
262110;22;4;2015;13:20;18753;RUA OLIMPIO RIBEIRO;RUA DALVA DE OLIVEIRA;;0;;Colis?úo;Luz do Dia;;;;;;0;0;2;1;0;0;0;0;0;1;0;0;-3,847910000000000;-38,523326000000000
262111;22;4;2015;16:58;5383;RUA MAJ FACUNDO;AV DUQ CAXIAS;;0;;Atropelamento;Luz do Dia;;;Cruz;Sem?íforo;Comercial;0;2;0;0;0;0;0;0;0;1;0;0;-3,731981000000000;-38,529285000000000
258303;22;4;2015;14:15;25852;RUA MARTINS CARVALHO;RUA A CJ PALMARES (G. LISBOA);;0;;Colis?úo;Luz do Dia;;;Cruz;N?úo H?í Controle;Comercial;0;1;0;1;1;0;0;0;0;0;0;0;;