COD_ACIDENTE;DIA;MES;ANO;HORA;INTERSECAO;LOG1;LOG2;LOG3;NUMERO;REFERENCIA;NATUREZA;ILUMINACAO;TEMPO;SUPERFICIEPISTA;TIPOCRUZAMENTO;CONTROLETRAFEGO;USOSOLO;MORTOS;FERIDOS;ILESOS;AUTOMOVEL;ONIBUS;BICICLETA;CAMINHAO;MICROONIBUS;CICLOMOTOR;MOTOCICLETA;TRACAOANIMAL;TREM;LATITUDE;LONGITUDE
250654;22;4;2015;16:00;3771;AV DA UNIVERSIDADE;AV DOMINGOS OLIMPIO;;0;;Colis?úo Transversal;Luz do Dia;Bom;Seca;Cruz;Sem?íforo;Comercial;0;1;1;1;0;0;0;0;0;0;0;0;-3,735594000000000;-38,534216000000000
250655;22;4;2015;13:40;5333;RUA GAL CLARINDO DE QUEIROZ;RUA PRC ISABEL;;0;;Colis?úo Transversal;Luz do Dia;Bom;Seca;Cruz;Outros;Comercial;0;0;2;1;0;0;0;0;0;0;0;0;-3,730592000000000;-38,536711000000000
250656;22;4;2015;21:00;17375;RUA ALAN KARDEC;AV JOSE DO PATROCINIO;;0;;Colis?úo Lateral;Via Iluminada;Chuva;Molhada;Outros;N?úo H?í Controle;Misto;0;0;2;1;1;0;0;0;0;0;0;0;-3,766831000000000;-38,547462000000000
250657;22;4;2015;19:00;0;AV BEZERRA DE MENEZES;;;1696;;Colis?úo Traseira;Via Iluminada;Chuva;Molhada;Meio de Quadra;N?úo H?í Controle;Comercial;0;0;2;1;0;0;0;0;0;0;0;0;-3,734694000000000;-38,559820000000000
250658;22;4;2015;01:10;0;AV PRS ARTUR BERNARDES;;;420;;Choque c/ Obst?ículo Fixo;Via Iluminada;Bom;Seca;Meio de Quadra;;Comercial;0;0;1;1;0;0;0;0;0;0;0;0;-3,772325000000000;-38,473371000000000
250659;22;4;2015;01:08;17390;RUA ALM RUBIM;RUA ELVIRA PINHO;;0;;Colis?úo Transversal;Via Iluminada;Bom;Seca;Cruz;Pare;Residencial;0;1;1;1;0;0;0;0;0;1;0;0;-3,767260000000000;-38,555324000000000
250660;22;4;2015;13:20;14585;AV EDILSON B SOARES;RUA NUBIA BARROCAS;;0;;Colis?úo Lateral;Luz do Dia;Bom;Seca;Cruz;Pare;Residencial;0;0;3;1;0;0;0;0;0;1;0;0;-3,789590000000000;-38,482203000000000
250661;22;4;2015;20:00;25063;AV DOS EXPEDICIONARIOS;RUA ARMANDO MONTEIRO;;0;;Colis?úo Transversal;;Chuva;Molhada;Cruz;Pare;Residencial;0;0;2;0;1;0;0;0;0;0;0;0;-3,762230000000000;-38,540372000000000
250622;22;4;2015;19:00;12863;AV DOMINGOS OLIMPIO;RUA FLORIANO PEIXOTO;;0;;Colis?úo Transversal;;Chuva;Molhada;Cruz;Pare;Misto;0;0;2;1;0;0;0;0;0;1;0;0;-3,736976000000000;-38,530313000000000
250623;22;4;2015;14:30;15145;AV HIS RAIMUNDO GIRAO;AV BAR STUDART;;0;;Colis?úo Transversal;Luz do Dia;Bom;Seca;Cruz;Sem?íforo;Comercial;0;1;2;1;0;0;0;0;0;1;0;0;-3,724494000000000;-38,503367000000000
250624;22;4;2015;21:00;0;AV SEN CARLOS JEREISSATI (AEROPORTO);;;3000;AEROPORTO;Colis?úo Traseira;Via Iluminada;Chuva;Molhada;Meio de Quadra;N?úo H?í Controle;Comercial;0;0;2;1;0;0;0;0;0;0;0;0;-3,780382000000000;-38,541414000000000
250625;22;4;2015;13:45;25063;AV DOS EXPEDICIONARIOS;RUA ARMANDO MONTEIRO;;0;;Colis?úo Transversal;Luz do Dia;Chuva;Molhada;Cruz;Pare;Residencial;0;2;0;0;0;0;0;0;1;0;0;0;-3,762230000000000;-38,540372000000000
250626;22;4;2015;11:43;10752;RUA JOCKEY CLUBE;RUA ANTONIO IVO;;0;;Colis?úo Transversal;Luz do Dia;Bom;Seca;Cruz;Pare;Residencial;0;1;1;1;0;0;0;0;0;1;0;0;-3,761104000000000;-38,581779000000000
250627;22;4;2015;14:20;11861;RUA ADRIANO MARTINS;AV FRANCISCO SA;;0;;Colis?úo Lateral;Luz do Dia;Bom;Seca;Cruz;Sem?íforo;Residencial;0;0;2;1;1;0;0;0;0;0;0;0;-3,721622000000000;-38,544509000000000
250628;22;4;2015;08:10;13278;AV G CJ JOSE WALTER;AV L CJ JOSE WALTER;;0;;Colis?úo Lateral;Luz do Dia;Bom;Seca;T;Pare;Comercial;0;1;1;1;0;0;0;0;0;1;0;0;-3,837707000000000;-38,559510000000000
250629;22;4;2015;19:50;2378;AV FRANCISCO SA;RUA 01 UI 901;;0;;Colis?úo Transversal;Mal Iluminada;Chuva;Molhada;T;Pare;Residencial;0;0;2;1;0;0;0;0;0;1;0;0;-3,705552000000000;-38,587394000000000
250630;22;4;2015;09:00;0;AV BORGES DE MELO;;;124;;Colis?úo Lateral;Luz do Dia;Bom;Seca;Meio de Quadra;N?úo H?í Controle;Residencial;0;0;2;0;0;0;0;1;0;0;0;0;-3,761333000000000;-38,520120000000000
250631;22;4;2015;08:50;19664;RUA GUSTAVO SAMPAIO;RUA PRO JOSE DE BARCELOS;;0;;Colis?úo Transversal;Luz do Dia;Bom;Seca;Cruz;Pare;Residencial;0;1;1;1;0;0;0;0;0;1;0;0;-3,734101000000000;-38,550829000000000
250632;22;4;2015;14:30;7158;AV PRS CASTELO BRANCO;RUA DNA MENDINHA;;0;;Colis?úo Traseira;Luz do Dia;Bom;Seca;Cruz;Outros;Comercial;0;0;2;0;1;0;0;0;0;0;0;0;-3,708021000000000;-38,569470000000000
250633;22;4;2015;06:25;13659;RUA DR THOMPSON BULCAO;RUA REV BOLIVAR P BANDEIRA;;0;;Colis?úo Transversal;Luz do Dia;Bom;Seca;Cruz;Sem?íforo;Comercial;0;1;1;1;0;0;0;0;0;1;0;0;-3,770002000000000;-38,492006000000000
250634;22;4;2015;13:40;0;AV FRANCISCO SA;;;0;;Colis?úo Transversal;Luz do Dia;Bom;Seca;Meio de Quadra;Sem?íforo;Residencial;0;0;2;0;1;0;0;0;0;0;0;0;;
250635;22;4;2015;12:40;12867;RUA JAIME BENEVOLO;RUA JOAQUIM MAGALHAES;;0;;Colis?úo Lateral;Luz do Dia;Bom;Seca;Cruz;Pare;Comercial;0;1;1;1;0;0;0;0;0;0;0;0;-3,739942000000000;-38,527961000000000
250636;22;4;2015;20:30;0;AV GODOFREDO MACIEL;;;711;;Colis?úo Traseira;Via Iluminada;Chuva;Molhada;Meio de Quadra;N?úo H?í Controle;Comercial;0;0;2;1;0;0;0;0;0;0;0;0;-3,782461000000000;-38,565593000000000
250637;22;4;2015;18:00;7432;RUA PEDRO DANTAS;RUA CAPRICHO;;0;;Colis?úo Lateral;Via Iluminada;Bom;Seca;T;Pare;Residencial;0;2;1;1;0;0;0;0;0;1;0;0;-3,785382000000000;-38,524906000000000
250638;22;4;2015;03:00;0;AV FRANCISCO SA;;;2945;;;Via Iluminada;Bom;Seca;Meio de Quadra;N?úo H?í Controle;Comercial;0;0;2;1;0;0;0;0;0;1;0;0;-3,719169000000000;-38,552040000000000
250639;22;4;2015;06:30;5235;RUA PEDRO PEREIRA;RUA PRC ISABEL;;0;;Colis?úo Transversal;Luz do Dia;Bom;Seca;Cruz;Pare;Comercial;0;0;2;1;0;0;0;0;0;0;0;0;-3,727353000000000;-38,535705000000000
250640;22;4;2015;16:10;3481;RUA CAP HUGO BEZERRA;RUA PARAISO;;0;;Colis?úo Lateral;Luz do Dia;Nublado;Seca;Cruz;Pare;Residencial;0;0;2;1;0;0;0;0;0;1;0;0;-3,820611000000000;-38,510990000000000
250641;22;4;2015;18:00;0;AV SANTOS DUMONT;;;6500;;Atropelamento;Via Iluminada;Bom;Seca;Meio de Quadra;Outros;Comercial;0;2;0;1;0;0;0;0;0;0;0;0;-3,743736000000000;-38,475074000000000
250642;22;4;2015;09:00;0;AV 13 DE MAIO;;;1257;;Colis?úo;Luz do Dia;Bom;Seca;Meio de Quadra;Sem?íforo;Comercial;0;2;1;0;0;0;0;1;0;1;0;0;-3,748602000000000;-38,530168000000000
250643;22;4;2015;12:45;7754;AV ANTONIO SALES;RUA JOSE VILAR;;0;;Colis?úo Traseira;Luz do Dia;Bom;Seca;Cruz;Sem?íforo;Residencial;0;0;2;1;0;0;0;0;0;0;0;0;-3,743929000000000;-38,507303000000000
250644;22;4;2015;15:40;25662;AV PRS COSTA E SILVA;RUA MUCAMBINHO (MESSEJANA);;0;;Colis?úo Traseira;Luz do Dia;Bom;Seca;T;Sem?íforo;Residencial;0;0;3;1;0;0;0;0;0;0;0;0;-3,830379000000000;-38,507235000000000
250645;22;4;2015;19:30;5343;RUA PDE IBIAPINA;AV BEZERRA DE MENEZES;;0;;Colis?úo Traseira;Via Iluminada;Bom;Seca;Cruz;Sem?íforo;Comercial;0;0;2;1;0;0;0;0;0;0;0;0;-3,730548000000000;-38,539973000000000
250646;22;4;2015;12:30;13564;RUA CAP GUSTAVO;RUA CASTRO ALVES;;0;;Colis?úo Lateral;Luz do Dia;Bom;Seca;Cruz;Pare;Misto;0;0;2;1;0;0;1;0;0;0;0;0;-3,749887000000000;-38,517747000000000
250647;22;4;2015;08:30;17383;RUA BAR SOBRAL;RUA EUZEBIO DE QUEIROS;;0;;Colis?úo Transversal;Luz do Dia;Bom;Seca;Cruz;Pare;Misto;0;1;1;1;0;0;0;0;0;1;0;0;-3,767051000000000;-38,554121000000000
250648;22;4;2015;13:20;0;AV BEZERRA DE MENEZES;;;1660;;Colis?úo Lateral;Luz do Dia;Bom;Seca;Meio de Quadra;N?úo H?í Controle;Comercial;0;1;1;1;0;0;0;0;0;0;0;0;-3,734617000000000;-38,559455000000000
250650;22;4;2015;12:40;0;AV DEP PAULINO ROCHA;;;2780;;Colis?úo Traseira;Luz do Dia;Bom;Seca;Meio de Quadra;Outros;Misto;0;0;2;1;0;0;0;0;0;0;0;0;-3,809746000000000;-38,520799000000000
250651;22;4;2015;10:40;19269;RUA PRO GOMES BRASIL;RUA MARACANA;;0;;Colis?úo Lateral;Luz do Dia;Bom;Seca;Cruz;Outros;Misto;0;0;2;1;1;0;0;0;0;0;0;0;-3,772840000000000;-38,568438000000000
250652;22;4;2015;07:20;0;AV JOSE BASTOS;;;6474;;Colis?úo Lateral;Luz do Dia;Bom;Seca;Meio de Quadra;Outros;Misto;0;2;1;1;0;0;0;0;0;1;0;0;-3,767391000000000;-38,569576000000000
267100;22;4;2015;00:23;0;RUA FRE JOSE MARIA;;;0;;Colis?úo;;;;Meio de Quadra;;;0;0;2;0;0;0;0;0;0;0;0;0;;
267102;22;4;2015;14:12;0;LOGRADOURO SEM NOME;;;0;;Colis?úo;Luz do Dia;;;Meio de Quadra;;;0;0;2;0;0;0;0;0;0;0;0;0;;
267105;22;4;2015;14:22;0;RUA SILVIO ROMERO;;;0;;Colis?úo;Luz do Dia;;;Meio de Quadra;;;0;0;2;0;0;0;0;0;0;0;0;0;;
267109;22;4;2015;16:12;0;AV CEL CARVALHO;;;0;;Colis?úo;Luz do Dia;;;Meio de Quadra;;;0;0;2;0;0;0;0;0;0;0;0;0;;
267110;22;4;2015;19:49;0;LOGRADOURO SEM NOME;;;0;;Colis?úo;;;;Meio de Quadra;;;0;0;2;0;0;0;0;0;0;0;0;0;;
260811;22;4;2015;16:21;0;AV JOR THOMAZ COELHO;;;0;;Colis?úo;Luz do Dia;;;Meio de Quadra;;;0;0;3;1;0;0;0;0;0;0;0;0;;
260812;22;4;2015;18:57;0;RUA MANUEL ARRUDA;;;0;;Colis?úo;;;;Meio de Quadra;;;0;0;2;1;0;0;0;0;0;0;0;0;;
259236;22;4;2015;06:50;0;RD CE-040;;;0;KM-09;Colis?úo;Luz do Dia;;Seca;Meio de Quadra;;;0;0;2;0;0;0;1;0;0;0;0;0;-3,824774000000000;-38,481431000000000
259242;23;4;2015;12:30;0;RD CE-040;;;0;KM-06;Colis?úo;Luz do Dia;;;Meio de Quadra;;;0;0;2;1;0;0;0;0;0;0;0;0;-3,811270000000000;-38,478781000000000
259246;23;4;2015;17:25;0;AV SEN CARLOS JEREISSATI (AEROPORTO);;;0;KM 02;Colis?úo;Via Iluminada;;;Meio de Quadra;;;0;0;2;1;0;0;0;0;0;0;0;0;-3,783932000000000;-38,529156000000000
255088;23;4;2015;08:00;4219;RUA BAR CRATO;RUA DR ALMEIDA FILHO;;0;;Colis?úo Transversal;Luz do Dia;Bom;Seca;Cruz;Pare;Comercial;0;1;1;1;0;0;0;0;0;1;0;0;-3,721259000000000;-38,559614000000000
267112;23;4;2015;07:03;0;AV PERIMETRAL;;;732;;Colis?úo;Luz do Dia;;;Meio de Quadra;;;0;0;2;0;0;0;0;0;0;0;0;0;-3,812414000000000;-38,572934000000000
267113;23;4;2015;07:58;0;AV ROGACIANO LEITE;;;480;;Colis?úo;Luz do Dia;;;Meio de Quadra;;;0;0;2;0;0;0;0;0;0;0;0;0;-3,762797000000000;-38,494053000000000
267115;23;4;2015;09:42;0;RUA CARLOS CHAGAS;;;558;;Colis?úo;Luz do Dia;;;Meio de Quadra;;;0;0;2;0;0;0;0;0;0;0;0;0;;
267116;23;4;2015;10:10;4535;RUA CEL ZACARIAS J FRANCA;RUA FRANCISCA N RAMOS;;0;;Colis?úo;Luz do Dia;;;Outros;Outros;Residencial;0;0;2;0;0;0;0;0;0;0;0;0;-3,807724000000000;-38,503506000000000
267117;23;4;2015;10:51;0;AV LUCIANO CARNEIRO;;;1991;;Colis?úo;Luz do Dia;;;Meio de Quadra;;;0;0;2;0;0;0;0;0;0;0;0;0;-3,765012000000000;-38,536703000000000
267118;23;4;2015;11:00;5118;RUA VINTE E CINCO DE MARCO;RUA RUFINO DE ALENCAR;;0;;Colis?úo;Luz do Dia;;;T;N?úo H?í Controle;Residencial;0;0;2;0;0;0;0;0;0;0;0;0;-3,723953000000000;-38,520769000000000
267119;23;4;2015;13:12;0;AV ENG SANTANA JUNIOR;;;0;;Colis?úo;Luz do Dia;;;Meio de Quadra;;;0;0;2;0;0;0;0;0;0;0;0;0;;
267120;23;4;2015;14:23;0;RUA 07 UI 509;;;254;;Colis?úo;Luz do Dia;;;Meio de Quadra;;;0;0;2;0;0;0;0;0;0;0;0;0;-3,807201000000000;-38,592176000000000
267121;23;4;2015;22:13;0;RUA PDE CONSTANTINO;;;19;;Atropelamento;;;;Meio de Quadra;;;0;0;2;0;0;0;0;0;0;0;0;0;-3,716313000000000;-38,545631000000000
267122;23;4;2015;22:40;1558;RUA PDE VALDEVINO;AV BAR STUDART;;0;;Colis?úo;;;;Cruz;Sem?íforo;Misto;0;0;2;0;0;0;0;0;0;0;0;0;-3,741641000000000;-38,508855000000000
267123;23;4;2015;22:45;0;RUA 202 A CJ CEARA;;;74;;Colis?úo;;;;Meio de Quadra;;;0;0;2;0;0;0;0;0;0;0;0;0;-3,766875000000000;-38,609014000000000
267124;23;4;2015;22:47;0;AV DIOGUINHO;;;6173;;Colis?úo;;;;Meio de Quadra;;;0;0;2;0;0;0;0;0;0;0;0;0;-3,767909000000000;-38,440110000000000
267125;23;4;2015;23:15;0;RUA PRO JOSE HENRIQUE;;;528;;Colis?úo;;;;Meio de Quadra;;;0;0;2;0;0;0;0;0;0;0;0;0;-3,830002000000000;-38,484888000000000
262120;23;4;2015;15:45;0;RUA PDE PEDRO DE ALENCAR;;;0;;Colis?úo;Luz do Dia;;;Meio de Quadra;;;0;1;1;0;0;0;1;0;0;1;0;0;;
262122;23;4;2015;18:38;23009;RUA ANITA GARIBALDI;RUA BRUNO VALENTE;;0;;Colis?úo;;;;Cruz;Pare;Residencial;0;1;1;1;0;0;0;0;0;1;0;0;-3,788221000000000;-38,539228000000000
262123;23;4;2015;19:24;0;AV SEN FERNANDES TAVORA;;;0;;Colis?úo;;;;Meio de Quadra;;;0;1;1;1;0;0;0;0;0;1;0;0;;
262125;23;4;2015;21:35;0;RUA JOAQUIM DOS ANJOS;;;1126;;Colis?úo;;;;Meio de Quadra;;;0;1;1;0;0;0;0;0;0;0;0;0;-3,830162000000000;-38,571286000000000
262127;23;4;2015;22:03;0;RUA 202 CJ CEARA;;;0;;Colis?úo;;;;Meio de Quadra;;;0;2;0;0;0;0;0;0;0;1;0;0;-3,767266000000000;-38,609341000000000
250663;23;4;2015;07:00;0;AV CARAPINIMA;;;2435;;Colis?úo Traseira;Luz do Dia;Nublado;Molhada;Meio de Quadra;Sem?íforo;Misto;0;0;2;1;1;0;0;0;0;0;0;0;-3,741493000000000;-38,541726000000000
250664;23;4;2015;11:00;5463;RUA BARBARA DE ALENCAR;RUA DNA LEOPOLDINA;;0;;Colis?úo Transversal;Luz do Dia;Nublado;Seca;Cruz;Pare;Misto;0;0;2;0;1;0;0;0;0;0;0;0;-3,735695000000000;-38,521102000000000
250665;23;4;2015;07:00;0;AV FRANCISCO SA;;;6081;;Atropelamento;Luz do Dia;Nublado;Seca;Meio de Quadra;Sem?íforo Manual;Comercial;0;2;0;0;0;0;0;0;0;1;0;0;-3,709606000000000;-38,580137000000000
250666;23;4;2015;10:30;14755;RUA STA LIDUINA D42;RUA ALBANO AMARAL;;0;;Colis?úo Traseira;Luz do Dia;Chuva;Molhada;Cruz;Sem?íforo;Comercial;0;0;2;1;0;0;0;0;0;0;0;0;-3,797816000000000;-38,584983000000000
250667;23;4;2015;12:00;5742;AV OLIVEIRA PAIVA;RUA MANUEL MONTEIRO;;0;;Colis?úo Traseira;Luz do Dia;Chuva;Molhada;Cruz;Sem?íforo;Comercial;0;0;2;1;0;0;0;0;0;0;0;0;-3,795496000000000;-38,494140000000000
250668;23;4;2015;;5743;RUA VIRGILIO PAES;RUA MANUEL MONTEIRO;;0;;Colis?úo Transversal;Luz do Dia;Nublado;Seca;Cruz;N?úo H?í Controle;Residencial;0;0;2;1;0;0;0;0;0;0;0;0;-3,796546000000000;-38,494302000000000
250669;23;4;2015;17:55;13536;AV RUI BARBOSA;RUA JULIO SIQUEIRA;;0;;;Anoitecer;Bom;Seca;T;Pare;Misto;0;1;1;0;0;0;0;0;0;1;0;0;-3,748103000000000;-38,513332000000000
250670;23;4;2015;13:00;25041;RUA JOSE HIPOLITO;RUA BAR AQUIRAZ;;0;;Colis?úo Transversal;Luz do Dia;Nublado;Molhada;Cruz;Sem?íforo;Comercial;0;0;2;1;0;0;1;0;0;0;0;0;-3,833725000000000;-38,489933000000000
250671;23;4;2015;07:00;21979;RUA GAL BERNARDO FIGUEIREDO;RUA PRO RAIMUNDO ARRUDA;;0;;Colis?úo Transversal;Luz do Dia;Chuva;Molhada;Cruz;Pare;Residencial;0;0;2;1;0;0;0;0;0;0;0;0;-3,739476000000000;-38,550840000000000
250672;23;4;2015;07:00;25831;RUA NENEN GONCALVES;RUA MARIA SARAIVA;;0;;Colis?úo Transversal;Luz do Dia;Nublado;Molhada;T;Pare;Residencial;0;0;2;1;0;0;0;0;0;0;0;0;;
250673;23;4;2015;08:00;25083;AV JOR THOMAZ COELHO;RUA CEL FRANCISCO ALVES RIBEIRO;;0;;Colis?úo Transversal;Luz do Dia;Nublado;Molhada;T;Pare;Comercial;0;1;1;1;0;0;0;0;0;1;0;0;-3,829900000000000;-38,509152000000000
250674;23;4;2015;16:10;9153;AV 13 DE MAIO;RUA PAULA RODRIGUES;;0;;Colis?úo Lateral;Luz do Dia;Nublado;Seca;T;Gesto;Comercial;0;0;2;1;1;0;0;0;0;0;0;0;-3,752271000000000;-38,525876000000000
250675;23;4;2015;12:30;0;RUA JUSTINIANO DE SERPA;;;131;;Colis?úo Lateral;Luz do Dia;Bom;Seca;Meio de Quadra;N?úo H?í Controle;Comercial;0;0;2;1;0;0;1;0;0;0;0;0;-3,732397000000000;-38,542594000000000
250676;23;4;2015;13:00;0;AV AGUANAMBI;;;30;;Colis?úo Frontal;Luz do Dia;Chuva;Molhada;Meio de Quadra;N?úo H?í Controle;Comercial;0;1;2;1;0;0;0;0;0;1;0;0;-3,737165000000000;-38,524071000000000
250677;23;4;2015;17:00;13177;AV I CJ JOSE WALTER;AV D CJ JOSE WALTER;;0;;Colis?úo Lateral;Luz do Dia;Bom;Seca;Cruz;D?¬ Prefer?¬ncia;Residencial;0;0;2;1;1;0;0;0;0;0;0;0;-3,832440000000000;-38,552957000000000
250678;23;4;2015;18:30;24987;AV ALM HENRIQUE SABOIA;AV ANTONIO SALES;;0;;Colis?úo Traseira;Via Iluminada;Chuva;Molhada;;N?úo H?í Controle;Comercial;0;0;3;1;0;0;0;0;0;0;0;0;-3,748334000000000;-38,492911000000000
250679;23;4;2015;00:22;5397;AV DUQ CAXIAS;RUA ASSUNCAO;;0;;Colis?úo Transversal;Via Iluminada;Chuva;Molhada;Cruz;Sem?íforo;Comercial;0;0;2;1;0;0;0;0;0;0;0;0;-3,732405000000000;-38,527952000000000
250680;23;4;2015;15:00;0;AV 13 DE MAIO;;;497;;Engavetamento;Luz do Dia;Nublado;Seca;Meio de Quadra;Sem?íforo;Comercial;0;0;4;1;0;0;0;0;0;0;0;0;-3,752324000000000;-38,525813000000000
250681;23;4;2015;19:00;5427;RUA GONCALVES LEDO;RUA FIUZA DE PONTES;;0;;Colis?úo Transversal;Via Iluminada;Bom;Seca;Cruz;Pare;Comercial;0;0;2;0;0;0;0;0;0;0;0;0;-3,733720000000000;-38,516830000000000
250682;23;4;2015;;1316;AV SANTOS DUMONT;RUA TIBURCIO CAVALCANTE;;0;;Colis?úo Transversal;Via Iluminada;Chuva;Molhada;Cruz;Sem?íforo;Misto;0;0;2;1;0;0;0;0;0;0;0;0;-3,734979000000000;-38,502259000000000
250683;23;4;2015;21:00;1522;RUA CEL JUCA;RUA EDUARDO GARCIA;;0;;Colis?úo Transversal;Via Iluminada;Chuva;Molhada;Cruz;Pare;Residencial;0;0;2;1;0;0;0;0;0;0;0;0;-3,740419000000000;-38,492166000000000
250684;23;4;2015;15:00;1351;RUA TIBURCIO CAVALCANTE;RUA DES LEITE ALBUQUERQUE;;0;;Colis?úo Transversal;Luz do Dia;Nublado;Seca;Cruz;Pare;Residencial;0;0;2;1;0;0;0;0;0;0;0;0;-3,735956000000000;-38,502587000000000
250685;23;4;2015;15:55;15135;AV HIS RAIMUNDO GIRAO;RUA FRANCISCO DIAS RIBEIRO;;0;;Colis?úo Transversal;Luz do Dia;Bom;Seca;Cruz;Pare;Residencial;0;1;2;1;1;0;0;0;0;0;0;0;-3,724024000000000;-38,504397000000000
250686;23;4;2015;16:30;0;AV GAL OSORIO DE PAIVA;;;4679;;Atropelamento;Luz do Dia;Nublado;Seca;Meio de Quadra;N?úo H?í Controle;Comercial;1;0;1;1;0;0;0;0;0;0;0;0;;
250687;23;4;2015;17:15;0;AV 13 DE MAIO;;;1995;;Engavetamento;Luz do Dia;Bom;Seca;Meio de Quadra;Sem?íforo Intermitente;Comercial;0;0;3;1;0;0;0;0;0;0;0;0;-3,744461000000000;-38,535031000000000
250688;23;4;2015;15:30;6741;RUA ALMEIDA PRADO;RUA VILEBALDO AGUIAR;;0;;Colis?úo Transversal;Luz do Dia;Bom;Seca;Cruz;Pare;Comercial;0;0;2;1;0;0;0;0;0;0;0;0;-3,744545000000000;-38,475413000000000
250689;23;4;2015;13:00;0;RUA PRO OTAVIO LOBO;;;540;;Engavetamento;Luz do Dia;Nublado;Seca;Meio de Quadra;Sem?íforo;Residencial;0;0;3;1;0;0;0;0;0;0;0;0;-3,743665000000000;-38,478347000000000
250690;23;4;2015;11:10;0;RUA RAIMUNDO NERY;;;455;;Colis?úo Lateral;Luz do Dia;Nublado;Seca;Meio de Quadra;N?úo H?í Controle;Residencial;0;0;2;1;0;0;0;0;0;0;0;0;-3,793657000000000;-38,586626000000000
250691;23;4;2015;17:00;0;AV DES MOREIRA;;;0;;Colis?úo Lateral;Luz do Dia;Nublado;Seca;Meio de Quadra;Sem?íforo;Comercial;0;0;2;1;0;0;0;0;0;1;0;0;;
250692;23;4;2015;14:00;14434;AV SGT HERMINIO SAMPAIO;RUA CEL RIBEIRO DA SILVA;;0;;Colis?úo Traseira;Luz do Dia;Nublado;Seca;T;Pare;Residencial;0;0;2;0;0;0;0;0;0;0;0;0;-3,724573000000000;-38,547436000000000
250693;23;4;2015;13:00;0;AV PRS CASTELO BRANCO;;;0;;Colis?úo Lateral;Luz do Dia;Nublado;Seca;Meio de Quadra;Sem?íforo;Residencial;0;0;2;0;0;0;0;0;0;0;0;0;;
250694;23;4;2015;06:30;19053;AV ENG SANTANA JUNIOR;RUA EDUARDO SABOIA;;0;;Colis?úo Lateral;Luz do Dia;Chuva;Molhada;T;N?úo H?í Controle;Comercial;0;0;2;1;1;0;0;0;0;0;0;0;-3,736244000000000;-38,482443000000000
250695;23;4;2015;12:20;2561;AV CEL CARVALHO;RUA SIRIUS;;0;;Colis?úo Traseira;Luz do Dia;Nublado;Molhada;T;N?úo H?í Controle;Residencial;0;0;2;1;1;0;0;0;0;0;0;0;-3,711144000000000;-38,589524000000000
250696;23;4;2015;20:30;0;AV AUGUSTO DOS ANJOS;;;1664;;Atropelamento;Via Iluminada;Bom;Seca;Meio de Quadra;Pare;Misto;0;4;0;0;0;0;0;0;0;1;0;0;-3,780861000000000;-38,579762000000000
250697;23;4;2015;17:53;13659;RUA REV BOLIVAR P BANDEIRA;RUA DR THOMPSON BULCAO;;0;;Colis?úo Traseira;Via Iluminada;Bom;Seca;Cruz;N?úo H?í Controle;Residencial;0;0;2;1;0;0;0;0;0;0;0;0;-3,770002000000000;-38,492006000000000
250698;23;4;2015;08:00;0;AV JOAO PESSOA;;;641;;Colis?úo Traseira;Luz do Dia;Nublado;Molhada;Meio de Quadra;N?úo H?í Controle;Comercial;0;0;2;1;0;0;0;0;0;0;0;0;;
258863;23;4;2015;12:00;0;RD BR 222;;;0;KM-02;Colis?úo Traseira;Luz do Dia;Nublado;Molhada;Meio de Quadra;N?úo H?í Controle;Comercial;0;0;2;1;0;0;1;0;0;0;0;0;-3,738951000000000;-38,586880000000000
258307;23;4;2015;09:40;0;RD QUARTO ANEL VIARIO;;;0;;Colis?úo;Luz do Dia;;;Meio de Quadra;;;0;1;0;1;0;0;0;0;0;1;0;0;;
262117;23;4;2015;10:17;0;AV AUGUSTO DOS ANJOS;;;0;;Colis?úo;Luz do Dia;;;Meio de Quadra;;;0;1;1;1;0;0;0;0;0;1;0;0;-3,785040000000000;-38,583365000000000
262118;23;4;2015;10:22;0;AV PERIMETRAL;;;0;;Colis?úo;Luz do Dia;;;Meio de Quadra;;;0;1;1;1;0;0;0;0;0;1;0;0;;
262119;23;4;2015;15:23;0;AV JOR THOMAZ COELHO;;;0;;Colis?úo;Luz do Dia;;;Meio de Quadra;;;0;1;1;1;0;0;0;0;0;1;0;0;-3,829923000000000;-38,509057000000000
258312;24;4;2015;18:00;743;AV PASTEUR;AV PRS CASTELO BRANCO;;0;;Colis?úo;Anoitecer;;;Cruz;Sem?íforo;Comercial;0;1;0;1;0;0;0;0;0;1;0;0;-3,711181000000000;-38,558856000000000
250699;24;4;2015;07:10;5437;RUA METON DE ALENCAR;RUA FLORIANO PEIXOTO;;0;;Colis?úo Transversal;Luz do Dia;Bom;Seca;Cruz;Pare;Comercial;0;0;2;1;0;0;0;0;0;0;0;0;-3,734071000000000;-38,529358000000000