COD_ACIDENTE;DIA;MES;ANO;HORA;INTERSECAO;LOG1;LOG2;LOG3;NUMERO;REFERENCIA;NATUREZA;ILUMINACAO;TEMPO;SUPERFICIEPISTA;TIPOCRUZAMENTO;CONTROLETRAFEGO;USOSOLO;MORTOS;FERIDOS;ILESOS;AUTOMOVEL;ONIBUS;BICICLETA;CAMINHAO;MICROONIBUS;CICLOMOTOR;MOTOCICLETA;TRACAOANIMAL;TREM;LATITUDE;LONGITUDE
250700;24;4;2015;19:40;0;AV GODOFREDO MACIEL;;;2947;DETRAN;Colis?úo Lateral;Via Iluminada;Chuva;Molhada;Meio de Quadra;N?úo H?í Controle;Comercial;0;0;2;1;0;0;1;0;0;0;0;0;-3,801128000000000;-38,571377000000000
250701;24;4;2015;21:00;0;RUA POCINHO;;;125;;Atropelamento;Mal Iluminada;Chuva;Molhada;Meio de Quadra;N?úo H?í Controle;Comercial;0;1;1;0;0;0;0;0;0;0;0;0;-3,727995000000000;-38,524488000000000
250702;24;4;2015;10:00;5143;RUA MON CARNEIRO DA CUNHA;AV FILOMENO GOMES;;0;;Colis?úo Lateral;Luz do Dia;Bom;Seca;T;N?úo H?í Controle;Residencial;0;0;2;1;0;0;1;0;0;0;0;0;-3,724629000000000;-38,541718000000000
250703;24;4;2015;18:35;9018;RUA SOLON PINHEIRO;RUA SALDANHA MARINHO;;0;;Colis?úo Lateral;Via Iluminada;Chuva;Molhada;Cruz;Pare;Residencial;0;0;2;1;0;0;0;0;0;0;0;0;-3,742594000000000;-38,530406000000000
250704;24;4;2015;15:00;9246;AV 13 DE MAIO;RUA BAR RIO BRANCO;;0;;Colis?úo Traseira;Luz do Dia;Chuva;Molhada;T;Sem?íforo;Comercial;0;0;2;1;0;0;0;0;0;0;0;0;-3,745129000000000;-38,534255000000000
250705;24;4;2015;19:00;22078;RUA CAP FRANCISCO PEDRO;RUA ANTONIO MARTINS;;0;;Colis?úo;Via Iluminada;Chuva;Molhada;Cruz;Pare;Residencial;0;0;2;1;1;0;0;0;0;0;0;0;-3,753310000000000;-38,554479000000000
250706;24;4;2015;08:00;5325;AV SANTOS DUMONT;RUA NOGUEIRA ACIOLI;;0;;Colis?úo Lateral;Luz do Dia;Nublado;Molhada;Cruz;N?úo H?í Controle;Comercial;0;0;2;1;1;0;0;0;0;0;0;0;-3,730201000000000;-38,516924000000000
250707;24;4;2015;14:40;9190;RUA CAMPO AMOR ROCHA;AV 13 DE MAIO;;0;;Colis?úo Lateral;Luz do Dia;Chuva;Molhada;T;Pare;Comercial;0;0;2;1;0;0;1;0;0;0;0;0;-3,753375000000000;-38,524600000000000
250708;24;4;2015;14:30;0;AV GAL OSORIO DE PAIVA;;;0;;Colis?úo Transversal;Luz do Dia;Chuva;Molhada;Meio de Quadra;Sem?íforo;Comercial;0;1;1;0;0;0;0;0;0;1;0;0;;
250709;24;4;2015;09:20;0;AV PRS CASTELO BRANCO;;;0;;Colis?úo Lateral;Luz do Dia;Nublado;Molhada;Meio de Quadra;;Residencial;0;0;2;1;0;0;1;0;0;0;0;0;;
250710;24;4;2015;17:06;12841;RUA SOLON PINHEIRO;RUA SILVA JARDIM;;0;;Colis?úo Transversal;Anoitecer;Chuva;Molhada;Cruz;Pare;Residencial;0;0;2;1;0;0;0;0;0;0;0;0;-3,741562000000000;-38,530062000000000
250711;24;4;2015;;5436;RUA JAIME BENEVOLO;RUA GAL CLARINDO DE QUEIROZ;;0;;Colis?úo Transversal;Via Iluminada;Chuva;Molhada;Cruz;Pare;Comercial;0;0;2;1;0;0;0;0;0;0;0;0;-3,734060000000000;-38,526017000000000
250712;24;4;2015;17:00;0;RUA MARIA GOMES DE SA;;;1753;;Engavetamento;Anoitecer;Chuva;Molhada;Meio de Quadra;N?úo H?í Controle;Residencial;0;0;3;1;0;0;0;0;0;0;0;0;-3,822769000000000;-38,584525000000000
250713;24;4;2015;07:00;5437;RUA METON DE ALENCAR;RUA FLORIANO PEIXOTO;;0;;Colis?úo Transversal;Luz do Dia;Chuva;Molhada;Cruz;Pare;Comercial;0;0;2;1;0;0;0;0;0;0;0;0;-3,734071000000000;-38,529358000000000
250714;24;4;2015;06:00;0;AV LEITE BARBOSA;;;91;;Colis?úo Lateral;Luz do Dia;Nublado;Molhada;Meio de Quadra;N?úo H?í Controle;Residencial;0;0;2;1;0;0;1;0;0;0;0;0;-3,713501000000000;-38,471175000000000
250715;24;4;2015;11:40;326;RUA NESTOR BARBOSA;RUA PRO LINO ENCARNACAO;;0;;Colis?úo Lateral;Luz do Dia;Chuva;Molhada;Cruz;Pare;Residencial;0;0;2;1;1;0;0;0;0;0;0;0;-3,744954000000000;-38,559892000000000
250716;24;4;2015;19:00;0;AV DEP PAULINO ROCHA;;;0;ROTAT?ôRIA;Colis?úo Lateral;Via Iluminada;Chuva;Molhada;Meio de Quadra;D?¬ Prefer?¬ncia;Residencial;0;0;2;1;1;0;0;0;0;0;0;0;;
250717;24;4;2015;16:00;10044;RUA EMILIO DE MENESES;RUA ANTONIO NERY;;0;;Colis?úo Lateral;Luz do Dia;Chuva;Molhada;Cruz;Pare;Comercial;0;0;2;1;0;0;0;0;0;0;0;0;-3,778162000000000;-38,600204000000000
250718;24;4;2015;15:30;0;AV ALM HENRIQUE SABOIA;;;0;;Colis?úo Traseira;Luz do Dia;Chuva;Molhada;Cruz;N?úo H?í Controle;Residencial;0;0;2;1;0;0;1;0;0;0;0;0;;
250719;24;4;2015;08:00;3975;RUA ALBERTO MAGNO;RUA PRO COSTA MENDES;;0;;Colis?úo Transversal;Luz do Dia;Chuva;Molhada;Cruz;Sem?íforo;Comercial;0;2;1;1;0;0;0;0;0;1;0;0;-3,757528000000000;-38,543548000000000
250720;24;4;2015;13:08;1337;AV SANTOS DUMONT;RUA OSVALDO CRUZ (ALDEOTA);;0;;;Luz do Dia;Nublado;Molhada;Cruz;Sem?íforo;Comercial;0;0;2;1;0;0;0;0;0;1;0;0;-3,735602000000000;-38,500317000000000
250721;24;4;2015;07:45;0;AV LUCIANO CARNEIRO;;;635;;Colis?úo Traseira;Luz do Dia;Chuva;Molhada;Meio de Quadra;N?úo H?í Controle;Residencial;0;0;3;1;0;0;0;0;0;0;0;0;-3,754604000000000;-38,533531000000000
250722;24;4;2015;21:00;23804;AV GAL OSORIO DE PAIVA;RUA RAIMUNDO NERY;;0;;Colis?úo Transversal;Via Iluminada;Chuva;Molhada;Cruz;Sem?íforo;Outros;0;0;2;1;0;0;0;0;0;0;0;0;-3,790306000000000;-38,588065000000000
250723;24;4;2015;02:35;0;AV SEN CARLOS JEREISSATI (AEROPORTO);;;3000;AEROPORTO;Colis?úo Traseira;Via Iluminada;Chuva;Molhada;Meio de Quadra;Sem?íforo;Outros;0;0;2;1;0;0;0;0;0;0;0;0;-3,780382000000000;-38,541414000000000
250724;24;4;2015;15:40;0;RUA GURGEL DO AMARAL;;;1227;;Colis?úo Traseira;Luz do Dia;Chuva;Molhada;Meio de Quadra;N?úo H?í Controle;Comercial;0;0;2;1;0;0;0;0;0;0;0;0;-3,836165000000000;-38,485195000000000
250725;24;4;2015;13:55;0;AV SGT HERMINIO SAMPAIO;;;5107;;Colis?úo Lateral;Luz do Dia;Chuva;Molhada;Meio de Quadra;N?úo H?í Controle;Comercial;0;0;2;1;0;0;0;0;0;1;0;0;-3,734040000000000;-38,584850000000000
250726;24;4;2015;12:40;2844;RUA DESCARTES BRAGA;RUA CEL VIRGILIO NOGUEIRA (BOM JARDIM);;0;;Colis?úo Transversal;Luz do Dia;Chuva;Molhada;Rotat??ria;N?úo H?í Controle;Comercial;0;1;1;1;0;0;1;0;0;0;0;0;;
250727;24;4;2015;13:56;5448;RUA BAR ARATANHA;RUA METON DE ALENCAR;;0;;Colis?úo Transversal;Luz do Dia;Chuva;Molhada;Cruz;Pare;Comercial;0;1;2;1;0;0;0;0;0;1;0;0;-3,734847000000000;-38,527028000000000
250728;24;4;2015;18:30;24397;RUA ALM RUFINO;RUA JORGE ACURCIO;;0;;Colis?úo Transversal;Mal Iluminada;Chuva;Molhada;Cruz;Pare;Residencial;0;1;1;1;0;0;0;0;0;1;0;0;-3,768224000000000;-38,532951000000000
262147;24;4;2015;00:51;0;AV N CJ JOSE WALTER;;;0;;Queda;;;;Meio de Quadra;;;0;1;0;0;0;0;0;0;0;1;0;0;;
262142;24;4;2015;21:12;0;AV M CJ JOSE WALTER;;;0;;Colis?úo;;;;Meio de Quadra;;;0;1;1;1;0;0;0;0;0;1;0;0;-3,822868000000000;-38,555201000000000
262143;24;4;2015;21:18;5259;RUA DR PEDRO BORGES;RUA POCINHO;;0;;Atropelamento;;;;;;;0;1;1;0;1;0;0;0;0;0;0;0;-3,728162000000000;-38,525841000000000
262144;24;4;2015;21:45;0;AV MOZART PINHEIRO DE LUCENA;;;0;;Atropelamento;;;;Meio de Quadra;;;0;1;1;1;0;0;0;0;0;0;0;0;;
262145;24;4;2015;21:50;0;AV CEL CARVALHO;;;0;;Colis?úo;;;;Meio de Quadra;;;0;1;1;0;0;0;0;0;0;0;0;0;;
262137;24;4;2015;14:40;2830;AV GAL OSORIO DE PAIVA;RUA OSCAR FRANCA;;0;;Colis?úo;Luz do Dia;;;T;Sem?íforo;Residencial;0;1;1;1;0;0;0;0;0;1;0;0;-3,794473000000000;-38,592113000000000
262138;24;4;2015;15:06;5965;AV F CJ CEARA;AV C CJ CEARA;;0;;Colis?úo;Luz do Dia;;;T;Pare;Residencial;0;1;1;1;0;0;0;0;0;1;0;0;-3,762701000000000;-38,609559000000000
262139;24;4;2015;16:47;0;AV ANTONIO SALES;;;0;;Colis?úo;Luz do Dia;;;Meio de Quadra;;;0;1;1;1;0;0;0;0;0;1;0;0;-3,740182000000000;-38,519314000000000
262140;24;4;2015;17:12;0;AV LUCIANO CARNEIRO;;;0;;Colis?úo;Anoitecer;;;Meio de Quadra;;;0;1;1;1;0;0;0;0;0;1;0;0;;
262130;24;4;2015;11:49;0;AV F CJ CEARA;;;0;;Queda;Luz do Dia;;;Meio de Quadra;;;0;1;0;0;0;0;0;0;0;1;0;0;-3,765520000000000;-38,604245000000000
259676;24;4;2015;12:50;0;RD CE-060;;;0;KM-03;Colis?úo;Luz do Dia;Bom;Seca;Meio de Quadra;;;0;0;2;1;0;0;0;0;0;1;0;0;-3,836637000000000;-38,582776000000000
267127;24;4;2015;11:07;0;RUA JOAQUIM FELICIO;;;0;;Colis?úo;Luz do Dia;;;Meio de Quadra;;;0;0;2;0;0;0;0;0;0;0;0;0;;
267128;24;4;2015;13:18;0;RUA JOSE MENDONCA;;;0;;Atropelamento;Luz do Dia;;;Meio de Quadra;;;0;0;2;0;0;0;0;0;0;0;0;0;;
267129;24;4;2015;13:33;0;RUA AUDISIO PINHEIRO;;;0;;Colis?úo;Luz do Dia;;;Meio de Quadra;;;0;0;2;0;0;0;0;0;0;0;0;0;;
267134;24;4;2015;15:08;0;RUA R UI 204;;;0;;Colis?úo;Luz do Dia;;;Meio de Quadra;;;0;0;2;0;0;0;0;0;0;0;0;0;;
267139;24;4;2015;18:17;1032;AV ENG LEAL LIMA VERDE (SAPIRANGA/COITE);RUA JOAQUIM FROTA;;0;;Colis?úo;Anoitecer;;;Rotat??ria;D?¬ Prefer?¬ncia;Residencial;0;0;2;0;0;0;0;0;0;0;0;0;-3,801619000000000;-38,475166000000000
267141;24;4;2015;18:38;0;RUA SERRA AZUL;;;320;;Atropelamento;;;;Meio de Quadra;;;0;0;2;0;0;0;0;0;0;0;0;0;-3,844397000000000;-38,527115000000000
267145;24;4;2015;20:25;0;AV JUSCELINO KUBITSCHEK (CANINDEZINHO);;;0;;Colis?úo;;;;Meio de Quadra;;;0;0;2;0;0;0;0;0;0;0;0;0;;
267150;24;4;2015;23:06;0;RUA OITICICAS;;;180;;Colis?úo;;;;Meio de Quadra;;;0;0;2;0;0;0;0;0;0;0;0;0;-3,805448000000000;-38,535798000000000
260818;24;4;2015;13:28;0;RUA CARLOS VASCONCELOS;;;0;;Colis?úo;Luz do Dia;;;Meio de Quadra;;;0;0;2;1;0;0;0;0;0;1;0;0;;
260819;24;4;2015;17:38;0;AV GAL OSORIO DE PAIVA;;;0;;Colis?úo;Anoitecer;;;Meio de Quadra;;;0;0;2;1;1;0;0;0;0;0;0;0;;
259250;24;4;2015;10:45;0;AV SEN CARLOS JEREISSATI (AEROPORTO);;;0;KM 02;Colis?úo;Via Iluminada;;Seca;Meio de Quadra;;;0;0;2;1;0;0;0;0;0;0;0;0;-3,783932000000000;-38,529156000000000
259258;24;4;2015;17:50;0;RD CE-040;;;0;KM-06;Colis?úo;Via Iluminada;;;Meio de Quadra;;;0;0;2;1;0;0;0;0;0;0;0;0;-3,811270000000000;-38,478781000000000
250847;24;4;2015;10:00;5357;RUA MAJ FACUNDO;RUA PEDRO I;;0;;Colis?úo Transversal;Luz do Dia;Chuva;Molhada;Cruz;Pare;Comercial;0;0;2;1;0;0;0;0;0;0;0;0;-3,731113000000000;-38,528990000000000
250794;25;4;2015;10:30;0;AV BEZERRA DE MENEZES;;;786;;;Luz do Dia;Bom;Seca;Meio de Quadra;Sem?íforo;Comercial;0;0;2;0;1;0;0;0;0;0;0;0;-3,733078000000000;-38,551928000000000
250796;25;4;2015;20:51;0;AV HIS RAIMUNDO GIRAO;;;630;;Colis?úo Lateral;Via Iluminada;Bom;Seca;Meio de Quadra;Sem?íforo;Residencial;0;0;2;1;0;0;1;0;0;0;0;0;-3,721412000000000;-38,509944000000000
250784;25;4;2015;08:45;24229;AV ENG SANTANA JUNIOR;AV ENG ALBERTO SA;;0;;;Luz do Dia;Bom;Seca;Cruz;Sem?íforo;Comercial;0;0;2;1;0;0;0;0;0;0;0;0;-3,733357000000000;-38,480624000000000
250785;25;4;2015;07:00;0;AV PRS CASTELO BRANCO;;;1223;;Colis?úo Lateral;Luz do Dia;Bom;Molhada;Meio de Quadra;N?úo H?í Controle;Residencial;0;0;2;1;1;0;0;0;0;0;0;0;-3,718204000000000;-38,535199000000000
250786;25;4;2015;14:38;0;AV DA UNIVERSIDADE;;;2910;;Outros;Luz do Dia;Bom;Seca;Meio de Quadra;Sem?íforo;Comercial;0;0;1;1;0;0;0;0;0;0;0;0;-3,741489000000000;-38,539543000000000
250787;25;4;2015;11:30;0;RUA PRO MIRAMAR DA PONTE;;;0;;Colis?úo Lateral;Luz do Dia;Bom;Seca;Meio de Quadra;N?úo H?í Controle;Residencial;0;0;2;1;0;0;0;0;0;1;0;0;;
250790;25;4;2015;02:15;11039;RUA PRIMEIRO DE JANEIRO;RUA JOSE MENELEU D41;;0;;Colis?úo Transversal;Luz do Dia;Bom;Seca;Cruz;Pare;Residencial;0;0;2;1;0;0;0;0;0;0;0;0;-3,786188000000000;-38,561612000000000
250792;25;4;2015;14:00;0;AV ALBERTO CRAVEIRO;;;466;;Colis?úo Transversal;Luz do Dia;Bom;Seca;Meio de Quadra;N?úo H?í Controle;Comercial;0;2;0;1;0;0;0;0;0;1;0;0;-3,782812000000000;-38,516560000000000
250762;25;4;2015;10:30;0;AV MON TABOSA;;;237;;Colis?úo Lateral;Luz do Dia;Nublado;Seca;Meio de Quadra;N?úo H?í Controle;Comercial;0;0;1;1;0;0;1;0;0;0;0;0;-3,723719000000000;-38,517239000000000
250743;25;4;2015;08:30;0;AV FRANCISCO SA;;;5928;;Colis?úo;Luz do Dia;Bom;Seca;Meio de Quadra;Pare;Comercial;0;1;1;0;0;1;1;0;0;0;0;0;-3,710423000000000;-38,577760000000000
250751;25;4;2015;20:30;5715;AV DES GONZAGA;RUA ULISSES BEZERRA;;0;;Colis?úo Transversal;Via Iluminada;Bom;Seca;Cruz;Pare;Comercial;0;0;2;1;1;0;0;0;0;0;0;0;-3,798159000000000;-38,499492000000000
250748;25;4;2015;13:25;1538;AV PDE ANTONIO TOMAS;RUA LEONARDO MOTA;;0;;Colis?úo Traseira;Luz do Dia;Bom;Seca;Cruz;Sem?íforo;Misto;0;0;2;1;0;0;0;0;0;0;0;0;-3,740811000000000;-38,497662000000000
250749;25;4;2015;08:30;15374;AV DOM LUIS;RUA FREDERICO BORGES;;0;;Colis?úo Lateral;Luz do Dia;Bom;Seca;Cruz;Sem?íforo;Comercial;0;0;2;1;1;0;0;0;0;0;0;0;-3,735890000000000;-38,489136000000000
250758;25;4;2015;17:30;0;AV FRANCISCO SA;;;1771;;Colis?úo Traseira;Anoitecer;Bom;Seca;Meio de Quadra;Sem?íforo;Comercial;0;1;1;1;0;0;0;0;0;1;0;0;-3,722552000000000;-38,541658000000000
250760;25;4;2015;07:00;0;AV ROGACIANO LEITE;;;400;;Colis?úo Traseira;Luz do Dia;Nublado;Seca;Meio de Quadra;N?úo H?í Controle;Comercial;0;0;5;1;0;0;0;0;0;0;0;0;-3,761667000000000;-38,493409000000000
250782;25;4;2015;06:15;15117;AV HIS RAIMUNDO GIRAO;RUA MON BRUNO;;0;;Colis?úo Lateral;Luz do Dia;Nublado;Seca;T;N?úo H?í Controle;Rural;0;0;2;1;0;0;0;0;0;1;0;0;-3,723076000000000;-38,506415000000000
250733;25;4;2015;07:00;0;RUA CARLOS AMORA;;;110;;Colis?úo Lateral;Luz do Dia;Bom;Seca;Meio de Quadra;Sem?íforo;Comercial;0;0;2;1;0;0;1;0;0;0;0;0;-3,774895000000000;-38,563873000000000
250741;25;4;2015;15:30;19658;AV BEZERRA DE MENEZES;RUA PRO ANACLETO;;0;;Colis?úo Traseira;Luz do Dia;Bom;Seca;T;N?úo H?í Controle;Comercial;0;0;2;1;0;0;0;0;0;0;0;0;-3,733352000000000;-38,553238000000000
259261;25;4;2015;16:00;0;AV SEN CARLOS JEREISSATI (AEROPORTO);;;0;KM 03;Colis?úo;Via Iluminada;;Seca;Meio de Quadra;;;0;1;1;1;0;0;0;0;0;1;0;0;-3,780382000000000;-38,541414000000000
260821;25;4;2015;21:34;0;RUA CON DE CASTRO;;;2480;;Colis?úo;;;;Meio de Quadra;;;0;0;2;1;1;0;0;0;0;0;0;0;;
267151;25;4;2015;09:26;0;AV DR THEBERGE;;;1278;;Colis?úo;Luz do Dia;;;Meio de Quadra;;;0;0;2;0;0;0;0;0;0;0;0;0;-3,713651000000000;-38,564633000000000
267153;25;4;2015;10:48;0;RUA CEL DIONISIO ALENCAR;;;496;;Colis?úo;Luz do Dia;;;Meio de Quadra;;;0;0;2;0;0;0;0;0;0;0;0;0;;
267154;25;4;2015;11:09;5302;AV TRISTAO GONCALVES;RUA PEDRO I;;0;;Colis?úo;Luz do Dia;;;Cruz;Sem?íforo;Comercial;0;0;2;0;0;0;0;0;0;0;0;0;-3,729523000000000;-38,533927000000000
267155;25;4;2015;12:13;0;RUA CERES;;;126;;Colis?úo;Luz do Dia;;;Meio de Quadra;;;0;0;2;0;0;0;0;0;0;0;0;0;-3,777429000000000;-38,585071000000000
267156;25;4;2015;13:06;0;RUA CASTRO E SILVA;;;0;;Colis?úo;Luz do Dia;;;Meio de Quadra;;;0;0;2;0;0;0;0;0;0;0;0;0;;
267158;25;4;2015;15:07;6563;RUA 301 CJ CEARA;RUA 303 A CJ CEARA;;0;;Colis?úo;Luz do Dia;;;;;;0;0;2;0;0;0;0;0;0;0;0;0;-3,775650000000000;-38,613222000000000
267159;25;4;2015;20:40;11642;RUA VITORIA (AV. PERIMETRAL);RUA CACILDA BECKER;;0;;Colis?úo;;;;;;;0;0;2;0;0;0;0;0;0;0;0;0;-3,768826000000000;-38,590369000000000
267161;25;4;2015;20:44;0;AV G CJ CEARA;;;0;;Colis?úo;;;;Meio de Quadra;;;0;0;2;0;0;0;0;0;0;0;0;0;;
267162;25;4;2015;20:48;0;RUA JOAO CRISPIM D65;;;1991;;Colis?úo;;;;Meio de Quadra;;;0;0;2;0;0;0;0;0;0;0;0;0;;
267167;25;4;2015;21:16;0;RUA CACILDA BECKER;;;1860;;Colis?úo;;;;Meio de Quadra;;;0;0;2;0;0;0;0;0;0;0;0;0;;
267168;25;4;2015;21:57;0;RUA COSTA BARROS;;;1227;;Colis?úo;;;;Meio de Quadra;;;0;0;2;0;0;0;0;0;0;0;0;0;-3,730109000000000;-38,512305000000000
267164;25;4;2015;20:49;0;RUA CEL DIONISIO ALENCAR;;;211;;Colis?úo;;;;Meio de Quadra;;;0;0;2;0;0;0;0;0;0;0;0;0;-3,829940000000000;-38,487081000000000
262151;25;4;2015;07:47;0;AV N CJ JOSE WALTER;;;0;;Colis?úo;Luz do Dia;;;Meio de Quadra;;;0;1;1;0;0;0;0;0;0;0;0;0;;
262149;25;4;2015;02:23;0;AV GODOFREDO MACIEL;;;0;;Colis?úo;;;;Meio de Quadra;;;0;1;1;0;0;0;0;0;0;0;0;0;;
262156;25;4;2015;12:07;0;RUA ANDRE REBOUCAS;RUA DECIO DE CASTRO;;133;;Colis?úo;Luz do Dia;;;;;;0;1;1;1;0;0;0;0;0;1;0;0;-3,774745000000000;-38,589626000000000
262159;25;4;2015;15:18;0;AV CASTELO DE CASTRO;;;0;;Colis?úo;Luz do Dia;;;Meio de Quadra;;;0;1;1;0;0;0;0;0;0;0;0;0;-3,835651000000000;-38,521651000000000
262162;25;4;2015;15:35;0;AV SEN CARLOS JEREISSATI (AEROPORTO);;;0;;Colis?úo;Luz do Dia;;;Meio de Quadra;;;0;1;1;0;0;0;0;0;0;0;0;0;;
262165;25;4;2015;16:22;0;AV CASTELO DE CASTRO;;;0;;Colis?úo;Luz do Dia;;;Meio de Quadra;;;0;2;0;0;0;0;0;0;0;1;0;0;;
262168;25;4;2015;17:40;0;RUA PDE PEDRO DE ALENCAR;;;0;;Colis?úo;Anoitecer;;;Meio de Quadra;;;0;1;1;1;0;0;0;0;0;1;0;0;-3,839928000000000;-38,494244000000000
262171;25;4;2015;22:26;0;AV GAL OSORIO DE PAIVA;;;0;;Atropelamento;Anoitecer;;;Meio de Quadra;;;0;1;1;0;0;0;0;0;0;0;0;0;;
262174;25;4;2015;21:30;0;AV AGUANAMBI;;;0;ROTAT?ôRIA;Colis?úo;;;;Meio de Quadra;;;0;1;1;0;0;0;0;0;0;1;0;0;-3,755538000000000;-38,523043000000000
250729;25;4;2015;14:30;0;AV DEP PAULINO ROCHA;;;0;;Colis?úo Traseira;Luz do Dia;Bom;Seca;Meio de Quadra;N?úo H?í Controle;Residencial;0;1;1;1;0;0;0;0;0;1;0;0;-3,803493000000000;-38,507825000000000
250731;25;4;2015;15:40;0;AV DEP PAULINO ROCHA;;;0;;Colis?úo Traseira;Luz do Dia;Bom;Seca;Meio de Quadra;N?úo H?í Controle;Residencial;0;0;2;1;0;0;0;0;0;0;0;0;;
258843;25;4;2015;18:00;0;RD BR 116;;;7000;KM-07;Colis?úo Lateral;Anoitecer;Bom;Seca;Meio de Quadra;N?úo H?í Controle;Comercial;0;2;1;1;0;0;0;0;0;1;0;0;-3,813246000000000;-38,501101000000000
258840;25;4;2015;09:00;0;RD BR 116;;;3000;KM-03;Colis?úo Traseira;Luz do Dia;Bom;Seca;Meio de Quadra;N?úo H?í Controle;Comercial;0;2;1;0;0;0;1;0;0;0;0;0;-3,779838000000000;-38,514372000000000
267260;25;4;2015;21:58;11338;RUA FRANCISCO GLICERIO;AV GODOFREDO MACIEL;;0;;Colis?úo;;;;Cruz;Sem?íforo;Comercial;0;0;2;0;0;0;0;0;0;0;0;0;-3,795981000000000;-38,569757000000000
267261;25;4;2015;22:22;0;RUA MAL LOTT;;;0;;Colis?úo;;;;Meio de Quadra;;;0;0;2;0;0;0;0;0;0;0;0;0;;
267262;25;4;2015;22:32;0;AV SANTOS DUMONT;;;7777;;Colis?úo;;;;Meio de Quadra;;;0;0;2;0;0;0;0;0;0;0;0;0;-3,749236000000000;-38,457904000000000
267263;25;4;2015;22:57;0;AV 1 CANINDEZINHO;;;0;;Choque c/ Obst?ículo Fixo;;;;Meio de Quadra;;;0;0;1;0;0;0;0;0;0;0;0;0;;
267264;25;4;2015;23:16;0;RUA OSCAR ARARIPE;;;770;;Colis?úo;;;;Meio de Quadra;;;0;0;2;0;0;0;0;0;0;0;0;0;-3,791506000000000;-38,598322000000000
267265;26;4;2015;00:20;26236;AV DR SILAS MUNGUBA;RUA BERNARDO MANUEL;;0;;Colis?úo;;;;;;;0;0;2;0;0;0;0;0;0;0;0;0;-3,787538000000000;-38,547960000000000
267266;26;4;2015;00:57;741;RUA IRINEU DE SOUZA;RUA TOMAS GONZAGA;;0;;Colis?úo;;;;Cruz;Pare;Residencial;0;0;2;0;0;0;0;0;0;0;0;0;-3,710743000000000;-38,568301000000000
267267;26;4;2015;01:02;0;RUA BENTO ALBUQUERQUE;;;1785;;Colis?úo;;;;Meio de Quadra;;;0;0;2;0;0;0;0;0;0;0;0;0;-3,747080000000000;-38,472836000000000
267268;26;4;2015;01:45;5134;RUA GUILHERME ROCHA;RUA TEREZA CRISTINA;;0;;Colis?úo;;;;Cruz;Pare;Residencial;0;0;2;0;0;0;0;0;0;0;0;0;-3,724385000000000;-38,535981000000000
267269;26;4;2015;02:13;0;AV DA UNIVERSIDADE;;;3057;;Colis?úo;;;;Meio de Quadra;;;0;0;2;0;0;0;0;0;0;0;0;0;-3,742738000000000;-38,540721000000000
267270;26;4;2015;02:15;0;RUA GUSTAVO SAMPAIO;;;800;;Choque c/ Obst?ículo Fixo;;;;Meio de Quadra;;;0;0;2;0;0;0;0;0;0;0;0;0;-3,734312000000000;-38,551835000000000
267271;26;4;2015;03:59;0;RUA TIBURCIO PEREIRA;;;430;;Choque c/ Obst?ículo Fixo;;;;Meio de Quadra;;;0;0;1;0;0;0;0;0;0;0;0;0;-3,798916000000000;-38,507565000000000
267272;26;4;2015;04:28;19667;AV BEZERRA DE MENEZES;RUA DOM LINO;;0;;Colis?úo;;;;Cruz;Sem?íforo;Comercial;0;0;2;0;0;0;0;0;0;0;0;0;-3,734232000000000;-38,557568000000000
267273;26;4;2015;05:06;0;AV DES MOREIRA;;;0;;Choque c/ Obst?ículo Fixo;Amanhecer;;;Meio de Quadra;;;0;0;1;0;0;0;0;0;0;0;0;0;;
267274;26;4;2015;06:43;10740;RUA PORTO ALEGRE;RUA AUDISIO PINHEIRO;;0;;Colis?úo;Luz do Dia;;;Cruz;Pare;Residencial;0;0;2;0;0;0;0;0;0;0;0;0;-3,760602000000000;-38,589942000000000
267275;26;4;2015;06:57;0;RUA MIGUEL ARAGAO;;;1229;;Atropelamento;Luz do Dia;;;Meio de Quadra;;;0;0;2;0;0;0;0;0;0;0;0;0;;
267276;26;4;2015;06:59;0;RUA CON DE CASTRO;;;90;;Colis?úo;Luz do Dia;;;Meio de Quadra;;;0;0;2;0;0;0;0;0;0;0;0;0;;
267277;26;4;2015;07:03;1270;RUA PINTO MADEIRA;RUA JOAO CORDEIRO;;0;;Colis?úo;Luz do Dia;;;Cruz;;Residencial;0;0;2;0;0;0;0;0;0;0;0;0;-3,732960000000000;-38,515428000000000
267278;26;4;2015;15:39;0;AV DES MOREIRA;;;0;;Colis?úo;Luz do Dia;;;Meio de Quadra;;;0;0;2;0;0;0;0;0;0;0;0;0;;
267279;26;4;2015;16:06;15335;RUA REPUBLICA DO LIBANO;AV DES MOREIRA;;0;;Colis?úo;Luz do Dia;;;Cruz;Pare;Outros;0;0;2;0;0;0;0;0;0;0;0;0;-3,731285000000000;-38,496754000000000
267280;26;4;2015;16:31;0;RUA DOM PEDRO II;;;83;;Colis?úo;Luz do Dia;;;Meio de Quadra;;;0;0;2;0;0;0;0;0;0;0;0;0;-3,780477000000000;-38,568878000000000