COD_ACIDENTE;DIA;MES;ANO;HORA;INTERSECAO;LOG1;LOG2;LOG3;NUMERO;REFERENCIA;NATUREZA;ILUMINACAO;TEMPO;SUPERFICIEPISTA;TIPOCRUZAMENTO;CONTROLETRAFEGO;USOSOLO;MORTOS;FERIDOS;ILESOS;AUTOMOVEL;ONIBUS;BICICLETA;CAMINHAO;MICROONIBUS;CICLOMOTOR;MOTOCICLETA;TRACAOANIMAL;TREM;LATITUDE;LONGITUDE
267281;26;4;2015;16:32;0;AV OLIVEIRA PAIVA;;;0;;Colis?úo;Luz do Dia;;;Meio de Quadra;;;0;0;2;0;0;0;0;0;0;0;0;0;;
267282;26;4;2015;16:34;0;RUA 7 DE SETEMBRO;;;0;;Colis?úo;Luz do Dia;;;Meio de Quadra;;;0;0;2;0;0;0;0;0;0;0;0;0;;
267283;26;4;2015;16:34;24786;RUA PALMACIA;RUA GEORGE CAVALCANTE;;0;;Colis?úo;Luz do Dia;;;;;;0;0;2;0;0;0;0;0;0;0;0;0;-3,717812000000000;-38,591143000000000
267284;26;4;2015;16:40;19328;RUA EDUARDO PERDIGAO;RUA CON DE CASTRO;;0;;Colis?úo;Luz do Dia;;;Cruz;N?úo H?í Controle;Comercial;0;0;2;0;0;0;0;0;0;0;0;0;-3,775579000000000;-38,564769000000000
267285;26;4;2015;18:14;0;RUA SOUSA PINTO;;;139;;Choque c/ Obst?ículo Fixo;Anoitecer;;;Meio de Quadra;;;0;0;1;0;0;0;0;0;0;0;0;0;-3,761882000000000;-38,517571000000000
267286;26;4;2015;19:20;0;RUA PEDRO VERISSIMO;;;185;;Colis?úo;;;;Meio de Quadra;;;0;0;2;0;0;0;0;0;0;0;0;0;;
267287;26;4;2015;20:13;10194;RUA ITAJAI;RUA EMILIO DE MENESES;;0;;Colis?úo;;;;T;Pare;Residencial;0;0;2;0;0;0;0;0;0;0;0;0;-3,779711000000000;-38,594656000000000
267288;26;4;2015;20:24;0;RUA EMILIO DE MENESES;;;157;;Colis?úo;;;;Meio de Quadra;;;0;0;2;0;0;0;0;0;0;0;0;0;-3,782917000000000;-38,583269000000000
250732;26;4;2015;16:30;19183;RUA LAURO NOGUEIRA;RUA CESAR FONSECA;;0;;Colis?úo Lateral;Luz do Dia;Bom;Seca;T;Sem?íforo;Comercial;0;1;1;1;0;0;0;0;0;1;0;0;-3,741946000000000;-38,472579000000000
250730;26;4;2015;13:40;8620;AV EDILSON B SOARES;RUA FIRMINDO ANANIAS CARDOSO;;0;;Colis?úo Transversal;Luz do Dia;Bom;Seca;Cruz;N?úo H?í Controle;Comercial;0;1;2;1;0;0;0;0;0;1;0;0;;
262176;26;4;2015;01:46;0;AV C CJ CEARA;;;0;;Choque c/ Obst?ículo Fixo;;;;Meio de Quadra;;;0;0;1;1;0;0;0;0;0;0;0;0;;
262178;26;4;2015;02:01;0;AV PERIMETRAL;;;0;;Colis?úo;;;;Meio de Quadra;;;0;0;2;0;0;0;0;0;0;0;0;0;;
262196;26;4;2015;23:05;21587;RUA ANTONIO COSTA MENDES (PQ S?âO JOS?ë);RUA DES FROTA D71;;0;;Colis?úo;;;;;;;0;1;1;1;0;0;0;0;0;1;0;0;;
262180;26;4;2015;02:14;0;AV FRANCISCO SA;;;0;;Choque c/ Obst?ículo Fixo;;;;Meio de Quadra;;;0;0;1;1;0;0;0;0;0;0;0;0;;
262182;26;4;2015;04:02;0;RUA PDE PAULINO;;;0;;Colis?úo;;;;Meio de Quadra;;;0;0;2;0;0;0;0;0;0;0;0;0;;
262184;26;4;2015;07:09;0;RUA ANTONIO BARROS;;;0;;Colis?úo;Luz do Dia;;;Meio de Quadra;;;0;1;1;0;0;0;0;0;0;0;0;0;;
262185;26;4;2015;08:16;0;AV OLAVO BILAC;;;0;;Choque c/ Obst?ículo Fixo;Luz do Dia;;;Meio de Quadra;;;0;1;0;0;0;0;0;0;0;1;0;0;-3,725385000000000;-38,565522000000000
262186;26;4;2015;11:03;0;RUA JACAUNA;;;0;;Colis?úo;Luz do Dia;;;;;;0;0;2;0;0;0;0;0;0;0;0;0;;
262187;26;4;2015;11:41;0;RUA CON DE CASTRO;;;0;;Colis?úo;Luz do Dia;;;Meio de Quadra;;;0;0;2;1;0;0;0;0;0;1;0;0;;
262188;26;4;2015;18:39;0;RUA 7 DE ABRIL;;;0;;Queda;;;;Meio de Quadra;;;0;1;0;0;0;0;0;0;0;1;0;0;;
262189;26;4;2015;19:37;19533;RUA NEREU RAMOS;AV GAL OSORIO DE PAIVA;;0;;Colis?úo;;;;Cruz;Sem?íforo;Comercial;0;2;0;0;0;0;0;0;0;1;0;0;-3,782196000000000;-38,576828000000000
262190;26;4;2015;20:09;0;AV SEN FERNANDES TAVORA;;;0;;Atropelamento;;;;Meio de Quadra;;;0;1;1;0;0;0;0;0;0;1;0;0;-3,755837000000000;-38,594468000000000
262191;26;4;2015;21:39;0;RUA MARTINS NETO;;;0;;Colis?úo;;;;Meio de Quadra;;;0;1;1;1;0;0;0;0;0;1;0;0;-3,740978000000000;-38,593187000000000
262192;26;4;2015;22:02;0;AV BEZERRA DE MENEZES;;;0;;Colis?úo;;;;Meio de Quadra;;;0;1;1;1;0;0;0;0;0;1;0;0;;
262193;26;4;2015;22:22;2729;RUA CEL VIRGILIO NOGUEIRA (BOM JARDIM);RUA CEL JOAO CORREIA;;0;;Colis?úo;;;;Cruz;N?úo H?í Controle;Residencial;0;1;1;1;0;0;0;0;0;1;0;0;;
262194;26;4;2015;23:00;0;RUA RERIUTABA;;;0;;Colis?úo;;;;Meio de Quadra;;;0;1;1;1;0;0;0;0;0;1;0;0;;
258333;26;4;2015;21:00;0;AV CAP WALDEMAR PAULA LIMA;;;550;;Colis?úo;;;;Meio de Quadra;;;0;2;0;1;0;0;0;0;0;1;0;0;-3,817884000000000;-38,507732000000000
258327;26;4;2015;00:00;18508;AV GOV PARSIFAL BARROSO;RUA 3 LT SINCOL;;0;;Colis?úo;;;;Duplo T;Pare;Comercial;0;1;1;1;0;0;0;0;0;1;0;0;-3,734636000000000;-38,568890000000000
258328;26;4;2015;04:12;1225;RUA COSTA BARROS;RUA ILDEFONSO ALBANO;;0;;Colis?úo;;;;Cruz;Sem?íforo;Comercial;0;2;0;1;0;0;0;0;0;0;0;0;-3,730135000000000;-38,512227000000000
250742;26;4;2015;20:10;15370;AV DOM LUIS;AV SEN VIRGILIO TAVORA;;0;;Colis?úo Traseira;Via Iluminada;Bom;Seca;Cruz;Sem?íforo;Comercial;0;0;2;1;0;0;0;0;0;0;0;0;-3,734829000000000;-38,492507000000000
250734;26;4;2015;16:20;14680;AV OLIVEIRA PAIVA;RUA LIDIA BRIGIDO;;0;;Colis?úo Transversal;Anoitecer;Bom;Seca;Cruz;Sem?íforo;Comercial;0;0;2;1;0;0;0;0;0;0;0;0;-3,796087000000000;-38,484139000000000
250735;26;4;2015;19:40;19533;AV GAL OSORIO DE PAIVA;RUA NEREU RAMOS;;0;;Colis?úo Lateral;Via Iluminada;Bom;Seca;Cruz;Sem?íforo;Comercial;0;1;1;1;0;0;0;0;0;1;0;0;-3,782196000000000;-38,576828000000000
250736;26;4;2015;18:00;0;AV JOSE BASTOS;;;5084;;Colis?úo Frontal;Anoitecer;Bom;Seca;Meio de Quadra;N?úo H?í Controle;Comercial;0;0;1;1;0;0;0;0;0;0;0;0;-3,757774000000000;-38,562297000000000
250737;26;4;2015;14:30;0;AV AUGUSTO DOS ANJOS;;;220;;Colis?úo Lateral;Luz do Dia;Bom;Seca;Meio de Quadra;N?úo H?í Controle;Residencial;0;1;1;1;0;0;0;0;0;1;0;0;-3,771276000000000;-38,571122000000000
250738;26;4;2015;15:00;18552;RUA CEREJEIRAS;RUA OSORIO CORREIA;;0;;Colis?úo Transversal;Luz do Dia;Bom;Seca;Cruz;N?úo H?í Controle;Residencial;0;2;1;0;1;0;0;0;0;0;0;0;-3,821969000000000;-38,599378000000000
250739;26;4;2015;01:00;5346;AV SANTOS DUMONT;RUA JOAO CORDEIRO;;0;;Colis?úo Transversal;Via Iluminada;Nublado;Seca;Cruz;Sem?íforo;Comercial;0;1;1;1;0;0;0;0;0;0;0;0;-3,730878000000000;-38,514781000000000
250740;26;4;2015;20:15;0;RUA PEREIRA FILGUEIRAS;;;1255;;Colis?úo Frontal;Via Iluminada;Bom;Seca;Meio de Quadra;;Comercial;0;0;2;1;0;0;0;0;0;0;0;0;-3,728731000000000;-38,511785000000000
250744;26;4;2015;13:45;12768;RUA EDITE BRAGA;RUA JOAO SORONGO;;0;;Colis?úo Transversal;Luz do Dia;Bom;Seca;Cruz;Pare;Residencial;0;1;1;0;0;0;0;0;0;1;0;0;-3,753112000000000;-38,541131000000000
250745;26;4;2015;16:45;0;AV ALBERTO CRAVEIRO;;;507;MAKRO;Engavetamento;Luz do Dia;Bom;Seca;Meio de Quadra;Outros;Comercial;0;0;5;1;0;0;0;0;0;0;0;0;-3,781154000000000;-38,515910000000000
250746;26;4;2015;11:00;1459;RUA BARBOSA DE FREITAS;RUA EDUARDO GARCIA;;0;;Colis?úo Transversal;Luz do Dia;Bom;Seca;Cruz;Sem?íforo;Comercial;0;0;2;1;0;0;0;0;0;0;0;0;-3,738523000000000;-38,497999000000000
250747;27;4;2015;12:00;0;AV LUCIANO CARNEIRO;;;0;;Colis?úo Traseira;Luz do Dia;Bom;Seca;Meio de Quadra;N?úo H?í Controle;Comercial;0;0;3;1;0;0;0;0;0;0;0;0;;
250752;27;4;2015;16:30;22008;RUA FRANCISCA CLOTILDE;RUA PDE CICERO;;0;;Colis?úo Transversal;Luz do Dia;Bom;Seca;Cruz;Pare;Residencial;0;0;2;1;0;0;0;0;0;0;0;0;-3,739665000000000;-38,550121000000000
250753;27;4;2015;13:00;1516;AV DES MOREIRA;AV PDE ANTONIO TOMAS;;0;;Colis?úo Transversal;Luz do Dia;Bom;Seca;Cruz;Sem?íforo;Comercial;0;0;2;1;0;0;0;0;0;1;0;0;-3,740161000000000;-38,499616000000000
250754;27;4;2015;15:00;6741;RUA ALMEIDA PRADO;RUA VILEBALDO AGUIAR;;0;;Colis?úo Transversal;;Bom;Seca;Cruz;Pare;Residencial;0;0;2;1;0;0;0;0;0;0;0;0;-3,744545000000000;-38,475413000000000
250755;27;4;2015;19:15;0;RUA MAL BITENCOURT;;;461;;Colis?úo Traseira;Via Iluminada;Bom;Seca;Meio de Quadra;N?úo H?í Controle;Residencial;0;1;1;1;0;0;0;0;0;1;0;0;-3,788091000000000;-38,528941000000000
250756;27;4;2015;14:00;0;AV GAL OSORIO DE PAIVA;;;3109;;Colis?úo Traseira;Luz do Dia;Bom;Seca;Meio de Quadra;;Comercial;0;1;1;0;0;0;0;0;0;1;0;0;-3,789675000000000;-38,587441000000000
250757;27;4;2015;09:00;25974;RUA TRES MARIAS D39 (MONTESE);RUA PERU;;0;;Colis?úo Lateral;Luz do Dia;Bom;Seca;T;Outros;Residencial;0;0;2;1;0;0;1;0;0;0;0;0;-3,769519000000000;-38,549898000000000
250761;27;4;2015;19:28;0;AV PRS CASTELO BRANCO;;;2108;;Colis?úo Traseira;Via Iluminada;Bom;Seca;Meio de Quadra;N?úo H?í Controle;Misto;0;1;1;1;0;0;0;0;0;1;0;0;-3,714327000000000;-38,546887000000000
250759;27;4;2015;14:30;19306;RUA EDUARDO PERDIGAO;AV GAL OSORIO DE PAIVA;;0;;Colis?úo Lateral;;Bom;Seca;Cruz;Sem?íforo;Comercial;0;0;2;1;0;0;1;0;0;0;0;0;-3,774747000000000;-38,565454000000000
250750;27;4;2015;13:00;15353;RUA BARBOSA DE FREITAS;RUA PEREIRA VALENTE;;0;;Colis?úo Transversal;;Bom;Seca;Cruz;Pare;Misto;0;0;2;1;0;0;0;0;0;0;0;0;-3,732578000000000;-38,496080000000000
250763;27;4;2015;07:05;22991;RUA BERNARDO MANUEL;RUA VILA RICA;;0;;Colis?úo Frontal;Luz do Dia;Bom;Seca;Cruz;Pare;;0;1;1;1;0;1;0;0;0;0;0;0;-3,786824000000000;-38,547746000000000
250764;27;4;2015;12:10;65;RUA HUGO VITOR;RUA MARTINS NETO;;0;;Colis?úo Frontal;Luz do Dia;Bom;Seca;Cruz;Pare;Misto;0;0;2;1;0;0;0;0;0;0;0;0;-3,740726000000000;-38,591458000000000
250765;27;4;2015;15:15;0;AV BEZERRA DE MENEZES;;;335;;Colis?úo Traseira;;Bom;Seca;Meio de Quadra;Outros;Comercial;0;0;2;1;0;0;0;0;0;0;0;0;-3,732209000000000;-38,547792000000000
250766;27;4;2015;07:30;7884;AV ANTONIO SALES;RUA VICENTE LEITE;;0;;Colis?úo Transversal;Luz do Dia;Bom;Seca;Cruz;Pare;Comercial;0;1;1;1;0;0;0;0;0;1;0;0;-3,746656000000000;-38,498468000000000
250767;27;4;2015;15:39;0;RUA CATOLE;;;2780;;Colis?úo Transversal;Luz do Dia;Bom;Seca;Meio de Quadra;Pare;Residencial;0;1;1;0;0;0;0;1;0;1;0;0;;
250768;27;4;2015;02:52;0;AV BEZERRA DE MENEZES;;;2113;;Choque c/ Obst?ículo Fixo;;Chuva;Seca;Meio de Quadra;Sem?íforo;Comercial;0;1;0;1;0;0;0;0;0;0;0;0;-3,735488000000000;-38,563624000000000
250769;27;4;2015;17:30;7990;RUA JOAO SORONGO;RUA CARLOS CAMARA;;0;;Colis?úo Transversal;Anoitecer;Bom;Seca;Cruz;Pare;Comercial;0;1;1;1;0;0;0;0;0;1;0;0;-3,749406000000000;-38,545224000000000
250770;27;4;2015;19:20;0;AV DA UNIVERSIDADE;;;2165;;Colis?úo Traseira;Via Iluminada;Bom;Seca;Meio de Quadra;Sem?íforo;Comercial;0;0;2;1;1;0;0;0;0;0;0;0;-3,736954000000000;-38,535467000000000
250771;27;4;2015;11:40;0;AV WENEFRIDO MELO;;;108;;Colis?úo Lateral;Luz do Dia;Bom;Seca;Meio de Quadra;N?úo H?í Controle;Residencial;0;0;2;1;0;0;1;0;0;0;0;0;-3,808744000000000;-38,578026000000000
250772;27;4;2015;15:30;0;RUA RIO GRANDE DO SUL;;;253;;Colis?úo Traseira;Luz do Dia;Bom;Seca;Meio de Quadra;N?úo H?í Controle;Residencial;0;0;2;1;0;0;0;0;0;0;0;0;-3,751592000000000;-38,562831000000000
250773;27;4;2015;14:45;0;AV ENG SANTANA JUNIOR;;;2360;;Colis?úo Traseira;Luz do Dia;Bom;Seca;Meio de Quadra;N?úo H?í Controle;Misto;0;1;1;1;0;0;1;0;0;0;0;0;-3,742741000000000;-38,486614000000000
250774;27;4;2015;15:40;0;RUA ROCHA LIMA;;;210;;Colis?úo Lateral;Luz do Dia;Bom;Seca;Meio de Quadra;N?úo H?í Controle;Comercial;0;1;1;0;0;0;0;0;0;1;0;0;-3,736416000000000;-38,522166000000000
250775;27;4;2015;12:44;5463;RUA DNA LEOPOLDINA;RUA BARBARA DE ALENCAR;;0;;Colis?úo Transversal;Luz do Dia;Bom;Seca;Cruz;Pare;Misto;0;1;1;0;0;0;0;1;0;1;0;0;-3,735695000000000;-38,521102000000000
250776;27;4;2015;14:30;9005;AV JOSE BASTOS;AV DUQ CAXIAS;;0;;Colis?úo Transversal;Luz do Dia;Bom;Seca;T;Pare;Misto;0;0;2;1;0;0;0;0;0;0;0;0;-3,726670000000000;-38,545549000000000
250777;27;4;2015;17:05;6724;AV ENG SANTANA JUNIOR;AV SANTOS DUMONT;;0;;Colis?úo Lateral;Anoitecer;Bom;Seca;Cruz;Pare;Comercial;0;0;2;1;1;0;0;0;0;0;0;0;-3,740506000000000;-38,485132000000000
250778;27;4;2015;14:25;21369;AV JOVITA FEITOSA;RUA CARVALHO MOTA;;0;;Colis?úo Transversal;Luz do Dia;Bom;Seca;Cruz;Pare;Comercial;0;0;2;1;0;0;0;0;0;0;0;0;-3,737437000000000;-38,544748000000000
250779;27;4;2015;15:30;25125;RUA DNA LEOPOLDINA;RUA ROCHA LIMA;;0;;Colis?úo Transversal;Luz do Dia;Bom;Seca;Cruz;Pare;Residencial;0;0;2;1;0;0;0;0;0;0;0;0;-3,736665000000000;-38,521427000000000
250780;27;4;2015;13:40;0;AV PRUDENTE BRASIL;;;633;;Colis?úo;Luz do Dia;Bom;Seca;Meio de Quadra;N?úo H?í Controle;Residencial;0;1;2;0;1;0;1;0;0;0;0;0;-3,808631000000000;-38,534077000000000
250781;27;4;2015;06:30;25672;AV AUGUSTO DOS ANJOS;RUA LINS DO REGO;;0;;Colis?úo Lateral;;Bom;Seca;T;;Comercial;0;1;1;0;1;0;0;0;0;1;0;0;-3,780923000000000;-38,579816000000000
250793;27;4;2015;10:40;0;AV BEZERRA DE MENEZES;;;360;;Colis?úo Traseira;Luz do Dia;Bom;Seca;Meio de Quadra;Sem?íforo;Comercial;0;0;2;1;0;0;0;0;0;0;0;0;-3,732209000000000;-38,547792000000000
250791;27;4;2015;06:30;12892;AV DOMINGOS OLIMPIO;RUA BAR RIO BRANCO;;0;;Colis?úo Lateral;Luz do Dia;Bom;Seca;Cruz;Sem?íforo;Comercial;0;1;1;1;0;0;0;0;0;1;0;0;-3,736579000000000;-38,531494000000000
250788;27;4;2015;09:00;10760;RUA JOCKEY CLUBE;RUA PDE SA LEITAO;;0;;Colis?úo Transversal;Luz do Dia;Bom;Seca;Cruz;Pare;Residencial;0;0;2;1;0;0;0;0;0;0;0;0;-3,761438000000000;-38,581152000000000
250797;27;4;2015;08:30;7752;AV JOAO PESSOA;AV CARNEIRO DE MENDONCA;;0;;Colis?úo Lateral;Luz do Dia;Nublado;Seca;Cruz;Sem?íforo;Comercial;0;1;1;1;0;0;0;0;0;0;0;0;-3,767222000000000;-38,559808000000000
250798;27;4;2015;06:30;20075;AV PRS JUSCELINO KUBITSCHEK (PASSAR?ë);RUA PRO JOSE SILVEIRA;;0;;Outros;Luz do Dia;Nublado;Seca;T;Pare;Residencial;0;2;1;0;0;0;1;0;0;1;0;0;-3,808288000000000;-38,525745000000000
250795;27;4;2015;10:30;9240;RUA DEP OSWALDO STUDART;RUA MARIO MAMEDE;;0;;Colis?úo Transversal;Luz do Dia;Bom;Seca;Cruz;Sem?íforo;Escola;1;0;1;1;0;0;0;0;0;1;0;0;-3,752752000000000;-38,527367000000000
250804;27;4;2015;18:00;5209;RUA TEN BENEVOLO;RUA JOAO CORDEIRO;;0;;Colis?úo Lateral;Via Iluminada;Bom;Seca;Cruz;;Residencial;0;0;2;1;1;0;0;0;0;0;0;0;-3,726514000000000;-38,513424000000000
250805;27;4;2015;11:00;0;AV PRS COSTA E SILVA;;;5479;;Colis?úo Frontal;Amanhecer;Bom;Seca;Meio de Quadra;N?úo H?í Controle;Comercial;0;1;1;0;0;1;1;0;0;0;0;0;-3,828541000000000;-38,531405000000000
250806;27;4;2015;11:30;672;RUA TEODORO CABRAL;RUA IRINEU DE SOUZA;;0;;Colis?úo Lateral;Luz do Dia;Bom;Seca;Cruz;Pare;Residencial;0;1;1;1;0;0;0;0;0;1;0;0;-3,711781000000000;-38,565218000000000
250807;27;4;2015;10:00;0;AV JOR THOMAZ COELHO;;;0;;Colis?úo Traseira;Luz do Dia;Bom;Seca;Meio de Quadra;Outros;Misto;0;0;2;1;0;0;0;1;0;0;0;0;;
250808;27;4;2015;06:30;25327;AV GOV RAUL BARBOSA;RUA CONGRESSO;;0;;Colis?úo Traseira;Luz do Dia;Bom;Seca;Outros;N?úo H?í Controle;Residencial;0;0;2;1;0;0;0;0;0;0;0;0;;
250809;27;4;2015;08:30;20124;AV DEP PAULINO ROCHA;RUA SAO CIPRIANO;;0;;Colis?úo Lateral;Luz do Dia;Bom;Seca;T;N?úo H?í Controle;Comercial;0;1;1;1;0;0;0;0;0;1;0;0;-3,809850000000000;-38,520537000000000
250810;27;4;2015;17:54;0;RUA ARTUR DE CARVALHO;;;1633;;Colis?úo Lateral;Anoitecer;Bom;Seca;Meio de Quadra;Pare;Misto;0;2;1;1;0;0;0;0;0;1;0;0;;
250812;27;4;2015;06:30;285;AV ENG HUMBERTO MONTE;RUA GAL BERNARDO FIGUEIREDO;;0;;Colis?úo Lateral;Luz do Dia;Bom;Seca;Cruz;N?úo H?í Controle;Comercial;0;0;2;0;1;0;0;0;0;0;0;0;-3,742578000000000;-38,565892000000000
250813;27;4;2015;18:21;25062;AV DOS EXPEDICIONARIOS;RUA PDE AMBROSIO MACHADO;;0;;Colis?úo Transversal;Anoitecer;Bom;Seca;Cruz;Pare;Residencial;0;1;1;1;0;0;0;0;0;1;0;0;-3,760838000000000;-38,539946000000000
250814;27;4;2015;06:15;19411;AV GAL OSORIO DE PAIVA;RUA JULIO BRAGA;;0;;Colis?úo Transversal;Luz do Dia;Nublado;Seca;Duplo T;Sem?íforo;Residencial;0;1;1;0;1;0;0;0;0;1;0;0;-3,778790000000000;-38,571513000000000
250815;27;4;2015;21:00;13132;AV JOAO DE ARAUJO LIMA;AV D CJ JOSE WALTER;;0;;Colis?úo Traseira;;Bom;Seca;Cruz;N?úo H?í Controle;Comercial;0;0;2;1;1;0;0;0;0;0;0;0;-3,830303000000000;-38,560009000000000
250801;27;4;2015;06:50;11057;AV DR SILAS MUNGUBA;AV DOS EXPEDICIONARIOS;;0;;Atropelamento;Luz do Dia;Bom;Seca;Cruz;Sem?íforo;Comercial;0;2;0;0;0;0;0;0;0;1;0;0;-3,787538000000000;-38,547960000000000
250802;27;4;2015;18:30;0;AV ABOLICAO;;;2026;;Colis?úo Traseira;Via Iluminada;Bom;Seca;Meio de Quadra;N?úo H?í Controle;Residencial;0;0;2;1;0;0;0;0;0;0;0;0;-3,725562000000000;-38,500966000000000
259262;27;4;2015;06:45;0;AV SEN CARLOS JEREISSATI (AEROPORTO);;;0;KM 03;Colis?úo;Via Iluminada;;Seca;Meio de Quadra;;;0;0;3;1;0;0;0;0;0;0;0;0;-3,780382000000000;-38,541414000000000
259269;27;4;2015;07:40;0;RD CE-040;;;0;KM-10;Colis?úo Lateral;Luz do Dia;;Seca;Meio de Quadra;;;0;0;2;1;0;0;0;0;0;0;0;0;-3,838671000000000;-38,480068000000000
259271;27;4;2015;08:40;0;RD CE-040;;;0;KM-01;Colis?úo;Luz do Dia;;Seca;Meio de Quadra;;;0;0;2;1;0;0;0;0;0;0;0;0;-3,754877000000000;-38,483270000000000
259275;27;4;2015;13:20;0;RD CE-060;;;0;KM-01;Colis?úo;Luz do Dia;;Seca;Meio de Quadra;;;0;0;2;0;0;1;1;0;0;0;0;0;-3,819537000000000;-38,576995000000000
258337;27;4;2015;10:10;2975;RUA PEDRO MARTINS;AV GAL OSORIO DE PAIVA;;0;;Colis?úo;Luz do Dia;;;Cruz;Sem?íforo;Comercial;0;1;0;0;1;0;0;0;0;1;0;0;-3,800862000000000;-38,598322000000000
260884;27;4;2015;23:12;0;AV PRS CASTELO BRANCO;;;0;;Colis?úo;;;;Meio de Quadra;;;0;0;2;1;0;0;1;0;0;0;0;0;;
262199;27;4;2015;05:37;5356;AV DUQ CAXIAS;RUA GAL SAMPAIO;;0;;Colis?úo;Amanhecer;;;Cruz;Sem?íforo;Misto;0;0;2;1;0;0;0;0;0;1;0;0;-3,731096000000000;-38,532029000000000
262200;27;4;2015;06:17;0;AV DOMINGOS OLIMPIO;;;0;;Queda;Luz do Dia;;;Meio de Quadra;;;0;0;1;0;0;0;0;0;0;1;0;0;;
262201;27;4;2015;11:04;0;AV PERIMETRAL;;;0;;Colis?úo;Luz do Dia;;;Meio de Quadra;;;0;0;2;1;0;0;1;0;0;0;0;0;;
262202;27;4;2015;11:10;0;AV GENIBAU;;;0;;Colis?úo;Luz do Dia;;;;;;0;2;0;0;0;0;0;0;0;1;0;0;;
262203;27;4;2015;11:46;0;RUA JAIME BENEVOLO;;;0;;Queda;Luz do Dia;;;Meio de Quadra;;;0;1;0;0;0;0;0;0;0;1;0;0;-3,747083000000000;-38,530393000000000
262204;27;4;2015;12:07;0;RUA CAIO PRADO;;;0;;Atropelamento;Luz do Dia;;;Meio de Quadra;;;0;2;0;0;0;0;0;0;0;1;0;0;-3,774425000000000;-38,562491000000000
262205;27;4;2015;14:38;5402;RUA METON DE ALENCAR;RUA VINTE E QUATRO DE MAIO;;0;;Colis?úo;Luz do Dia;;;Cruz;Pare;Escola;0;1;1;1;0;0;0;0;0;1;0;0;-3,732626000000000;-38,533848000000000
262206;27;4;2015;17:22;0;RUA VITAL BRASIL;;;0;;Colis?úo;Anoitecer;;;Meio de Quadra;;;0;1;1;1;0;0;0;0;0;1;0;0;-3,779378000000000;-38,593167000000000
262207;27;4;2015;19:55;0;RUA FRANCISCANO;;;0;;Atropelamento;;;;Meio de Quadra;;;0;1;1;1;0;0;0;0;0;0;0;0;;
262208;27;4;2015;20:02;0;RUA STA FILOMENA;;;0;;Queda;;;;Meio de Quadra;;;0;1;0;0;0;0;0;0;0;1;0;0;-3,763048000000000;-38,592073000000000
262209;27;4;2015;22:26;0;AV SGT HERMINIO SAMPAIO;;;0;;Colis?úo;;;;Meio de Quadra;;;0;1;1;1;0;0;0;0;0;1;0;0;-3,725590000000000;-38,556218000000000
262210;27;4;2015;22:45;0;AV 13 DE MAIO;;;0;;Atropelamento;;;;Meio de Quadra;;;0;1;1;1;0;0;0;0;0;0;0;0;-3,743637000000000;-38,535983000000000
262215;27;4;2015;08:37;9243;AV EDUARDO GIRAO;AV DOS EXPEDICIONARIOS;;0;;Colis?úo;Luz do Dia;;;Cruz;Sem?íforo;Comercial;0;2;0;0;0;0;0;0;0;1;0;0;-3,750712000000000;-38,536849000000000
258847;27;4;2015;06:20;0;RD BR 116;;;3000;KM-03;Colis?úo Traseira;Luz do Dia;Bom;Seca;Meio de Quadra;N?úo H?í Controle;Comercial;0;0;2;1;0;0;1;0;0;0;0;0;-3,779838000000000;-38,514372000000000
258865;27;4;2015;14:40;0;RD BR 222;;;0;KM-03;Colis?úo Lateral;Luz do Dia;Bom;Seca;Meio de Quadra;N?úo H?í Controle;Comercial;0;0;2;1;0;0;0;1;0;0;0;0;-3,736999000000000;-38,571997000000000
267289;27;4;2015;00:31;581;AV PASTEUR;AV FRANCISCO SA;;0;;Colis?úo;;;;Cruz;;Comercial;0;0;2;0;0;0;0;0;0;0;0;0;-3,716325000000000;-38,560567000000000
267290;27;4;2015;00:32;6128;AV B CJ CEARA;RUA MIN ALBUQUERQUE LIMA;;0;;Colis?úo;;;;Cruz;Sem?íforo;Residencial;0;0;2;0;0;0;0;0;0;0;0;0;-3,768744000000000;-38,607506000000000
267291;27;4;2015;07:06;0;AV WENEFRIDO MELO;;;347;;Colis?úo;Luz do Dia;;;Meio de Quadra;;;0;0;2;0;0;0;0;0;0;0;0;0;-3,810702000000000;-38,575902000000000
267292;27;4;2015;09:59;15835;RUA CEL DIONISIO ALENCAR;RUA MANUEL CASTELO BRANCO;;0;;Colis?úo;Luz do Dia;;;Cruz;Pare;Comercial;0;0;2;0;0;0;0;0;0;0;0;0;-3,832973000000000;-38,488281000000000
267293;27;4;2015;10:30;0;AV BEZERRA DE MENEZES;;;1820;;Colis?úo;Luz do Dia;;;Meio de Quadra;;;0;0;2;0;0;0;0;0;0;0;0;0;-3,734929000000000;-38,560902000000000
267294;27;4;2015;10:45;23349;RUA SABINO MONTE;RUA EDUARDO BEZERRA;;0;;Colis?úo;Luz do Dia;;;Cruz;Pare;Misto;0;0;2;0;0;0;0;0;0;0;0;0;-3,753712000000000;-38,512485000000000
267295;28;4;2015;00:20;743;AV PRS CASTELO BRANCO;AV PASTEUR;;0;;Colis?úo;;;;Cruz;Sem?íforo;Comercial;0;0;2;0;0;0;0;0;0;0;0;0;-3,711181000000000;-38,558856000000000