COD_ACIDENTE;DIA;MES;ANO;HORA;INTERSECAO;LOG1;LOG2;LOG3;NUMERO;REFERENCIA;NATUREZA;ILUMINACAO;TEMPO;SUPERFICIEPISTA;TIPOCRUZAMENTO;CONTROLETRAFEGO;USOSOLO;MORTOS;FERIDOS;ILESOS;AUTOMOVEL;ONIBUS;BICICLETA;CAMINHAO;MICROONIBUS;CICLOMOTOR;MOTOCICLETA;TRACAOANIMAL;TREM;LATITUDE;LONGITUDE
267296;28;4;2015;08:40;0;RUA BERNARDO MANUEL;;;7201;;Colis?úo;Luz do Dia;;;Meio de Quadra;;;0;0;2;0;0;0;0;0;0;0;0;0;;
267297;28;4;2015;08:46;0;RUA GRITO DE ALERTA;;;592;;Colis?úo;Luz do Dia;;;Meio de Quadra;;;0;0;2;0;0;0;0;0;0;0;0;0;-3,701919000000000;-38,574736000000000
267298;28;4;2015;11:11;25107;RUA JOAQUIM ALBANO;RUA DEMETRIO MENEZES;;0;;Colis?úo;Luz do Dia;;;Duplo T;Pare;Comercial;0;0;2;0;0;0;0;0;0;0;0;0;-3,735910000000000;-38,584096000000000
267299;28;4;2015;14:53;0;RUA VALPARAISO;;;1300;;Colis?úo;Luz do Dia;;;Meio de Quadra;;;0;0;2;0;0;0;0;0;0;0;0;0;-3,840734000000000;-38,530017000000000
267300;28;4;2015;15:28;4766;RUA MONTE PASCOAL;RUA SAO FELIPE D71;;0;;Colis?úo;Luz do Dia;;;;;;0;0;2;0;0;0;0;0;0;0;0;0;-3,804646000000000;-38,599931000000000
267301;28;4;2015;17:12;0;AV CARNEIRO DE MENDONCA;;;1116;;Colis?úo;Anoitecer;;;Meio de Quadra;;;0;0;2;0;0;0;0;0;0;0;0;0;-3,762836000000000;-38,569128000000000
267302;28;4;2015;18:16;0;RUA EDUARDO PORTO;;;71;;Colis?úo;Anoitecer;;;Meio de Quadra;;;0;0;2;0;0;0;0;0;0;0;0;0;-3,832608000000000;-38,496472000000000
267303;28;4;2015;18:19;0;RUA JOAO LOBO FILHO;;;19;;Colis?úo;Anoitecer;;;Meio de Quadra;;;0;0;2;0;0;0;0;0;0;0;0;0;-3,749608000000000;-38,523083000000000
267304;28;4;2015;18:21;21081;RUA STO AMARO DO PICI;RUA ALAGOAS;;0;;Colis?úo;Anoitecer;;;Cruz;Pare;Residencial;0;0;2;0;0;0;0;0;0;0;0;0;-3,752815000000000;-38,577392000000000
267305;28;4;2015;20:19;0;AV DR THEBERGE;;;3402;;Atropelamento;;;;Meio de Quadra;;;0;0;2;0;0;0;0;0;0;0;0;0;;
267306;28;4;2015;22:20;0;AV CARNEIRO DE MENDONCA;;;1323;;Colis?úo;;;;Meio de Quadra;;;0;0;2;0;0;0;0;0;0;0;0;0;;
262216;28;4;2015;12:04;0;AV GAL OSORIO DE PAIVA;;;0;;Colis?úo;Luz do Dia;;;Meio de Quadra;;;0;1;1;1;0;0;0;0;0;1;0;0;-3,792577000000000;-38,590248000000000
262224;28;4;2015;14:51;0;AV SEN FERNANDES TAVORA;;;0;;Colis?úo;Luz do Dia;;;Meio de Quadra;;;0;1;1;1;0;0;0;0;0;1;0;0;;
262232;28;4;2015;15:13;1282;AV BAR STUDART;AV SANTOS DUMONT;;0;;Colis?úo;Luz do Dia;;;Cruz;Sem?íforo;Comercial;0;1;1;1;0;0;0;0;0;1;0;0;-3,733642000000000;-38,506304000000000
262233;28;4;2015;16:52;0;AV PRS JUSCELINO KUBITSCHEK (PASSAR?ë);;;0;;Colis?úo;Luz do Dia;;;Meio de Quadra;;;0;0;2;1;0;0;0;0;0;1;0;0;;
262211;28;4;2015;07:49;0;RUA PRE NOVE;;;0;;Queda;Luz do Dia;;;Meio de Quadra;;;0;1;0;0;0;0;0;0;0;1;0;0;;
262235;28;4;2015;23:19;0;AV PRS CASTELO BRANCO;RUA FRANCISCO CORDEIRO;;0;;Atropelamento;;;;;;;0;1;1;0;0;0;0;0;0;0;0;0;;
250916;28;4;2015;17:30;11057;AV DR SILAS MUNGUBA;AV DOS EXPEDICIONARIOS;;0;;Colis?úo Transversal;Anoitecer;Bom;Seca;Cruz;Sem?íforo;Comercial;0;1;3;1;0;0;0;0;1;0;0;0;-3,787538000000000;-38,547960000000000
250982;28;4;2015;16:00;0;RUA TEN MARQUES;;;0;;Choque c/ Obst?ículo Fixo;Luz do Dia;Bom;Seca;T;N?úo H?í Controle;Residencial;0;0;1;1;0;0;0;0;0;0;0;0;;
250985;28;4;2015;09:40;0;AV DEP PAULINO ROCHA;;;2557;;Colis?úo Traseira;Luz do Dia;Bom;Seca;Meio de Quadra;N?úo H?í Controle;Comercial;0;0;4;1;0;0;0;0;0;0;0;0;-3,809896000000000;-38,520463000000000
250993;28;4;2015;13:30;0;RUA CON DE CASTRO;;;0;;Colis?úo Frontal;Luz do Dia;Bom;Seca;Meio de Quadra;Pare;Comercial;0;2;1;0;1;0;0;0;0;0;0;0;-3,808699000000000;-38,595218000000000
250998;28;4;2015;12:30;13396;RUA JOAO BRIGIDO;RUA BAR ARACATI;;0;;Colis?úo Transversal;Luz do Dia;Bom;Seca;Cruz;Pare;Residencial;0;1;1;0;0;0;0;0;0;1;0;0;-3,740939000000000;-38,514697000000000
251006;28;4;2015;13:30;13408;RUA BAR ARACATI;AV ANTONIO SALES;;0;;Colis?úo Transversal;Luz do Dia;Bom;Seca;Cruz;Pare;Residencial;0;0;2;1;0;0;0;0;0;0;0;0;-3,741563000000000;-38,514894000000000
250927;28;4;2015;13:10;5433;RUA MAJ FACUNDO;RUA METON DE ALENCAR;;0;;Colis?úo Transversal;Luz do Dia;Bom;Seca;Cruz;Pare;Misto;0;0;2;1;0;0;0;0;0;0;0;0;-3,733917000000000;-38,529899000000000
250928;28;4;2015;16:00;5063;RUA BAR RIO BRANCO;AV PRS CASTELO BRANCO;;0;;Colis?úo Traseira;Luz do Dia;Bom;Seca;T;Pare;Outros;0;0;2;1;0;0;0;0;0;0;0;0;-3,721459000000000;-38,526642000000000
250929;28;4;2015;13:30;0;AV BEZERRA DE MENEZES;;;2181;;Colis?úo Traseira;Luz do Dia;Bom;Seca;Meio de Quadra;Sem?íforo;Comercial;0;0;2;1;0;0;0;0;0;1;0;0;-3,735618000000000;-38,564231000000000
250930;28;4;2015;19:00;0;RUA TEODOMIRO DE CASTRO;;;4463;;Colis?úo Lateral;Via Iluminada;Bom;Seca;Meio de Quadra;Pare;Residencial;0;0;2;1;0;0;0;0;0;0;0;0;-3,718401000000000;-38,572991000000000
250971;28;4;2015;11:00;0;RUA PDE VALDEVINO;;;2640;;Colis?úo Lateral;Luz do Dia;Bom;Seca;Meio de Quadra;N?úo H?í Controle;Comercial;0;0;2;1;0;0;0;0;0;1;0;0;-3,743731000000000;-38,502005000000000
250948;28;4;2015;12:00;5164;RUA SOBRAL D03;RUA GOV SAMPAIO;;0;;;Luz do Dia;Bom;Seca;Com Via F?®rrea;N?úo H?í Controle;Comercial;0;0;2;0;0;0;1;0;0;0;0;0;-3,725166000000000;-38,524617000000000
250955;28;4;2015;16:00;0;RUA EDUARDO SABOIA;RUA DES WALDETARIO P MOTA;;0;;Colis?úo Lateral;Luz do Dia;Bom;Seca;Meio de Quadra;Pare;Comercial;0;0;2;0;0;0;0;0;0;1;0;0;;
250962;28;4;2015;08:40;25226;RUA JARDIM FLUMINENSE;AV GAL OSORIO DE PAIVA;;0;;Colis?úo Lateral;;Bom;Seca;T;Pare;Residencial;0;0;2;1;0;0;1;0;0;0;0;0;-3,808170000000000;-38,605395000000000
250939;28;4;2015;17:30;0;AV ALM MAXIMIANO DA FONSECA;;;1395;;Colis?úo Transversal;Via Iluminada;Bom;Seca;Meio de Quadra;N?úo H?í Controle;Comercial;0;0;2;1;0;0;0;0;0;1;0;0;-3,771600000000000;-38,484045000000000
250923;28;4;2015;19:00;0;AV ENG SANTANA JUNIOR;;;3000;;Colis?úo Lateral;Via Iluminada;Bom;Seca;Meio de Quadra;N?úo H?í Controle;Comercial;0;1;1;0;0;0;0;0;0;1;0;0;-3,747575000000000;-38,489665000000000
250924;28;4;2015;21:15;13396;RUA BAR ARACATI;RUA JOAO BRIGIDO;;0;;Colis?úo Transversal;Via Iluminada;Bom;Seca;Cruz;Pare;Residencial;0;1;1;1;0;0;0;0;0;1;0;0;-3,740939000000000;-38,514697000000000
250925;28;4;2015;14:45;0;RUA SAO PAULO;;;833;;Colis?úo;Luz do Dia;Bom;Seca;Meio de Quadra;Sem?íforo;Comercial;0;0;2;1;0;0;0;0;0;0;0;0;-3,724164000000000;-38,533168000000000
250920;28;4;2015;16:30;0;AV GAL OSORIO DE PAIVA;;;0;;Choque c/ Obst?ículo Fixo;Luz do Dia;Bom;Seca;Meio de Quadra;Sem?íforo;Comercial;0;0;1;0;1;0;0;0;0;0;0;0;;
250914;28;4;2015;19:40;0;AV B CJ CEARA;;;1127;;Colis?úo Transversal;Via Iluminada;Bom;Seca;Meio de Quadra;N?úo H?í Controle;Residencial;0;1;1;1;0;0;0;0;0;1;0;0;-3,770482000000000;-38,608974000000000
250906;28;4;2015;20:00;1451;RUA ANTONIO AUGUSTO;RUA ROCHA LIMA;;0;;Colis?úo Transversal;Via Iluminada;Bom;Seca;Cruz;Pare;Residencial;0;1;1;1;0;0;0;0;0;0;0;0;-3,738344000000000;-38,516207000000000
250912;28;4;2015;11:30;0;RUA ALEXANDRE BARAUNA;RUA MACHADO DE ASSIS;;0;;Colis?úo Traseira;Luz do Dia;Bom;Seca;Meio de Quadra;N?úo H?í Controle;Residencial;0;0;2;1;0;0;0;0;0;0;0;0;;
250904;28;4;2015;14:30;0;AV ABOLICAO;;;3200;;Colis?úo Lateral;;Bom;Seca;Meio de Quadra;N?úo H?í Controle;Comercial;0;2;1;1;0;0;0;0;0;0;0;0;-3,726624000000000;-38,490941000000000
250902;28;4;2015;14:30;0;AV MIGUEL DIAS;;;100;;Colis?úo Traseira;Luz do Dia;Bom;Seca;Meio de Quadra;Sem?íforo;Comercial;0;0;2;1;0;0;0;0;0;0;0;0;-3,758719000000000;-38,488239000000000
250900;28;4;2015;09:00;7633;RUA RIO GRANDE DO SUL;AV CARNEIRO DE MENDONCA;;0;;Colis?úo Traseira;Luz do Dia;Bom;Seca;Cruz;Sem?íforo;Comercial;0;0;2;1;0;0;0;0;0;0;0;0;-3,762374000000000;-38,570011000000000
250897;28;4;2015;14:20;14680;AV OLIVEIRA PAIVA;RUA LIDIA BRIGIDO;;0;;Colis?úo Frontal;;Bom;Seca;Cruz;Sem?íforo;Comercial;0;1;1;0;0;0;0;1;0;1;0;0;-3,796087000000000;-38,484139000000000
250898;28;4;2015;20:40;6724;AV SANTOS DUMONT;AV ENG SANTANA JUNIOR;;0;;Colis?úo Lateral;Via Iluminada;Bom;Seca;Cruz;Pare;Outros;0;0;2;1;0;0;0;1;0;0;0;0;-3,740506000000000;-38,485132000000000
250880;28;4;2015;18:00;15346;RUA PEREIRA VALENTE;RUA VIS MAUA;;0;;Colis?úo Transversal;Via Iluminada;Bom;Seca;Cruz;Pare;Residencial;0;0;2;1;0;0;0;0;0;0;0;0;-3,731927000000000;-38,498067000000000
250881;28;4;2015;20:00;6720;AV ENG SANTANA JUNIOR;RUA CAROLINA SUCUPIRA;;0;;Colis?úo Lateral;;;;;N?úo H?í Controle;Comercial;0;0;2;1;0;0;0;0;0;0;0;0;-3,744770000000000;-38,488863000000000
250876;28;4;2015;08:40;0;AV EDUARDO GIRAO;;;0;;Colis?úo Traseira;Luz do Dia;Bom;Molhada;Meio de Quadra;N?úo H?í Controle;Outros;0;1;1;0;0;0;0;0;0;1;0;0;;
250890;28;4;2015;16:00;0;AV ALM BARROSO;;;600;;Colis?úo Traseira;Luz do Dia;Bom;Seca;Meio de Quadra;Gesto;Comercial;0;0;2;1;0;0;0;0;0;0;0;0;-3,720538000000000;-38,517776000000000
250868;28;4;2015;20:00;0;RUA CEL ANTONIO SAMPAIO;;;855;;Outros;Via Iluminada;Bom;Molhada;Meio de Quadra;N?úo H?í Controle;Residencial;0;0;2;1;0;0;0;0;0;1;0;0;;
260886;28;4;2015;11:40;24293;RUA JULIO ABREU;RUA DELMIRO GOUVEIA;;0;;Colis?úo;Luz do Dia;;;Cruz;Pare;Comercial;0;0;2;1;1;0;0;0;0;0;0;0;-3,735900000000000;-38,488072000000000
259278;28;4;2015;07:05;0;AV SEN CARLOS JEREISSATI (AEROPORTO);;;0;KM 01;Colis?úo;Luz do Dia;;Seca;Meio de Quadra;;;0;1;1;0;0;0;0;0;0;1;0;0;-3,783803000000000;-38,520356000000000
259281;28;4;2015;17:00;0;AV SEN CARLOS JEREISSATI (AEROPORTO);;;0;KM 03;Colis?úo;Anoitecer;;Seca;Meio de Quadra;;;0;0;2;1;0;0;0;0;0;0;0;0;-3,780382000000000;-38,541414000000000
259282;28;4;2015;17:40;0;RD CE-040;;;0;KM-04;Colis?úo;Anoitecer;;Seca;Meio de Quadra;;;0;0;3;1;0;0;0;0;0;0;0;0;-3,792050000000000;-38,480251000000000
259289;28;4;2015;22:25;0;RD CE-040;;;0;KM-02;Colis?úo;;;Seca;Meio de Quadra;;;0;0;2;1;0;0;0;0;0;0;0;0;-3,776479000000000;-38,481598000000000
250803;28;4;2015;17:20;9159;RUA MIN JOAQUIM BASTOS D14;RUA DEP OSWALDO STUDART;;0;;;Anoitecer;Bom;;Outros;Pare;Residencial;0;0;3;1;0;0;0;0;0;0;0;0;-3,753766000000000;-38,528221000000000
250829;28;4;2015;07:20;0;AV AGUANAMBI;;;0;ROTAT?ôRIA;Colis?úo Traseira;Luz do Dia;Bom;Seca;Meio de Quadra;Sem?íforo;Comercial;0;0;2;1;0;0;0;0;0;0;0;0;-3,755538000000000;-38,523043000000000
250841;28;4;2015;10:00;338;RUA FRANCISCA CLOTILDE;RUA DES GARCIA;;0;;Colis?úo Transversal;Luz do Dia;Bom;Seca;Cruz;Pare;;0;0;2;1;0;0;0;0;0;1;0;0;-3,745793000000000;-38,555657000000000
250858;28;4;2015;16:30;0;AV 13 DE MAIO;;;0;;Colis?úo Lateral;Luz do Dia;Bom;Seca;Meio de Quadra;Sem?íforo;Comercial;0;0;2;0;0;0;1;0;0;0;0;0;;
250816;28;4;2015;16:30;0;AV CEL CARVALHO;;;2559;;Atropelamento;Via Iluminada;;Seca;Meio de Quadra;Pare;Comercial;0;1;1;1;0;0;0;0;0;0;0;0;-3,725210000000000;-38,585864000000000
250811;28;4;2015;15:00;5318;RUA PDE IBIAPINA;RUA GAL CLARINDO DE QUEIROZ;;0;;Colis?úo Transversal;Luz do Dia;Bom;Seca;Cruz;Pare;Comercial;0;0;2;1;0;0;0;0;0;0;0;0;-3,729518000000000;-38,540084000000000
250800;28;4;2015;20:00;0;AV BEZERRA DE MENEZES;;;1820;;Colis?úo Traseira;Via Iluminada;Bom;Seca;Meio de Quadra;N?úo H?í Controle;Comercial;0;1;1;1;0;0;0;0;0;1;0;0;-3,734929000000000;-38,560902000000000
250789;28;4;2015;16:35;19746;RUA ARMANDO OLIVEIRA;RUA GUSTAVO SAMPAIO;;0;;;Via Iluminada;Bom;Seca;;N?úo H?í Controle;Residencial;0;0;2;1;0;0;1;0;0;0;0;0;-3,737521000000000;-38,567382000000000
250783;28;4;2015;07:30;7985;RUA MAJ WEYNE;RUA FILGUEIRAS LIMA;;0;;Colis?úo Traseira;Luz do Dia;Bom;Seca;Cruz;Pare;Residencial;0;0;2;1;0;0;0;0;0;0;0;0;-3,748971000000000;-38,544097000000000
250799;29;4;2015;18:00;17416;RUA EDITE BRAGA;RUA ELVIRA PINHO;;0;;Colis?úo Frontal;Via Iluminada;Bom;Seca;Cruz;Pare;Residencial;0;0;2;1;0;0;0;0;0;0;0;0;-3,768064000000000;-38,553552000000000
250817;29;4;2015;01:00;0;RUA PEREIRA VALENTE;;;374;;Choque c/ Obst?ículo Fixo;Via Iluminada;Bom;Seca;Meio de Quadra;N?úo H?í Controle;Residencial;0;1;0;1;0;0;0;0;0;0;0;0;-3,731799000000000;-38,498468000000000
250819;29;4;2015;10:40;21379;AV JOVITA FEITOSA;RUA PRO RAIMUNDO ARRUDA;;0;;Colis?úo Lateral;Luz do Dia;Chuva;Molhada;Cruz;Sem?íforo;Comercial;0;1;2;1;0;0;0;0;0;1;0;0;-3,738742000000000;-38,550998000000000
250851;29;4;2015;22:45;0;RUA PESSOA ANTA;;;274;;Colis?úo Traseira;Via Iluminada;Bom;Seca;Meio de Quadra;Outros;Comercial;0;0;2;1;0;0;0;0;0;0;0;0;-3,720970000000000;-38,520934000000000
250843;29;4;2015;18:40;0;AV AGUANAMBI;;;46;;Colis?úo Lateral;Via Iluminada;Bom;Seca;Meio de Quadra;;Comercial;0;0;2;1;1;0;0;0;0;0;0;0;-3,737660000000000;-38,524239000000000
250823;29;4;2015;08:10;1586;AV PDE ANTONIO TOMAS;RUA FONSECA LOBO;;0;;Colis?úo Lateral;Luz do Dia;Bom;Seca;Cruz;Pare;Residencial;0;2;1;1;0;0;0;0;0;1;0;0;-3,743025000000000;-38,490871000000000
250831;29;4;2015;13:00;1266;RUA BAR ARACATI;RUA PDE LUIS FIGUEIRA;;0;;Colis?úo Transversal;Luz do Dia;Bom;Seca;Cruz;Pare;Residencial;0;0;2;1;0;0;0;0;0;1;0;0;-3,733156000000000;-38,512022000000000
250834;29;4;2015;07:39;19942;RUA FRANCISCO LORDA;RUA MOREIRA GOMES;;0;;Colis?úo Transversal;Luz do Dia;Bom;Seca;Cruz;Pare;Residencial;0;2;1;1;0;0;0;0;0;1;0;0;-3,761260000000000;-38,534015000000000
250836;29;4;2015;14:31;12863;AV DOMINGOS OLIMPIO;RUA FLORIANO PEIXOTO;;0;;Colis?úo Traseira;Luz do Dia;Bom;Seca;Cruz;Pare;Comercial;0;0;2;1;0;0;0;0;0;0;0;0;-3,736976000000000;-38,530313000000000
250838;29;4;2015;13:52;3875;RUA SEN POMPEU;RUA PDE MIGUELINHO;;0;;Colis?úo Lateral;Luz do Dia;Bom;Seca;Cruz;Pare;Comercial;0;0;2;1;0;0;0;0;0;1;0;0;-3,742469000000000;-38,534332000000000
250839;29;4;2015;19:30;0;AV PRS COSTA E SILVA;;;2464;;Colis?úo Lateral;Via Iluminada;Bom;Seca;Meio de Quadra;N?úo H?í Controle;Comercial;0;0;2;1;0;0;1;0;0;0;0;0;-3,820333000000000;-38,559963000000000
250828;29;4;2015;06:30;3863;RUA SEN POMPEU;AV 13 DE MAIO;;0;;Colis?úo Traseira;Luz do Dia;Bom;Seca;Cruz;Sem?íforo;Comercial;0;0;2;1;0;0;0;0;0;0;0;0;-3,744515000000000;-38,534969000000000
259293;29;4;2015;06:50;0;RD CE-040;;;0;KM-10;Colis?úo;Luz do Dia;;Seca;Meio de Quadra;;;0;0;2;1;0;0;1;0;0;0;0;0;-3,838671000000000;-38,480068000000000
259294;29;4;2015;11:34;0;RD CE-040;;;0;KM-06;Colis?úo;Via Iluminada;;Seca;Meio de Quadra;;;0;0;2;1;0;0;0;0;0;0;0;0;-3,811270000000000;-38,478781000000000
259295;29;4;2015;11:45;0;RD CE-040;;;0;KM-06;Colis?úo;Luz do Dia;;Seca;Meio de Quadra;;;0;0;2;1;0;0;0;0;0;1;0;0;-3,811270000000000;-38,478781000000000
259296;29;4;2015;13:10;0;RD CE-040;;;0;KM-03;Colis?úo;Luz do Dia;;Seca;Meio de Quadra;;;0;0;2;1;0;0;0;0;0;0;0;0;-3,783185000000000;-38,481014000000000
259297;29;4;2015;15:30;0;RD CE-025;;;0;KM-03;Colis?úo;Luz do Dia;;Seca;Meio de Quadra;;;0;0;2;1;0;0;1;0;0;0;0;0;-3,805236000000000;-38,446791000000000
259298;29;4;2015;22:45;0;AV SEN CARLOS JEREISSATI (AEROPORTO);;;0;KM 04;Choque c/ Obst?ículo Fixo;Via Iluminada;;Seca;Meio de Quadra;;;0;0;2;1;0;0;0;0;0;0;0;0;-3,779313000000000;-38,514638000000000
260899;29;4;2015;08:25;16971;AV WENEFRIDO MELO;RUA JOSE DUTRA;;0;;Colis?úo;Luz do Dia;;;T;Pare;Residencial;0;0;2;1;0;0;1;0;0;0;0;0;-3,811155000000000;-38,575417000000000
260901;29;4;2015;16:23;0;AV PONTES VIEIRA;;;0;;Colis?úo;Luz do Dia;;;Meio de Quadra;;;0;0;2;0;1;0;0;0;0;0;0;0;;
258343;29;4;2015;20:00;0;RUA CEL MANUEL ANTONIO LEITE;;;259;;Atropelamento;;;;Meio de Quadra;;;0;1;0;0;1;0;0;0;0;0;0;0;;
250869;29;4;2015;15:21;1257;RUA COSTA BARROS;RUA SILVA PAULET;;0;;Colis?úo Transversal;Luz do Dia;Bom;Seca;Cruz;Pare;Misto;0;0;2;1;0;0;0;0;0;0;0;0;-3,732565000000000;-38,504799000000000
250870;29;4;2015;14:20;19659;RUA CRUZ SALDANHA;AV BEZERRA DE MENEZES;;0;;Colis?úo Lateral;Luz do Dia;Bom;Seca;T;Pare;Comercial;0;0;2;0;0;0;0;0;0;0;0;0;-3,733569000000000;-38,554319000000000
250871;29;4;2015;03:42;0;AV ENG HUMBERTO MONTE;;;2677;;Choque c/ Obst?ículo Fixo;Via Iluminada;Chuva;Molhada;Meio de Quadra;N?úo H?í Controle;Comercial;0;1;0;1;0;0;0;0;0;0;0;0;-3,739038000000000;-38,568860000000000
250872;29;4;2015;06:00;5194;RUA MAJ FACUNDO;RUA SAO PAULO;;0;;Colis?úo Transversal;Amanhecer;Bom;Seca;Cruz;Sem?íforo;Comercial;0;0;2;1;0;0;0;0;0;0;0;0;-3,726091000000000;-38,527355000000000
250873;29;4;2015;07:20;0;RUA PAULO FIRMEZA;;;893;;Colis?úo Lateral;Luz do Dia;Bom;Seca;Meio de Quadra;Pare;Residencial;0;1;1;1;0;0;0;0;0;1;0;0;-3,757014000000000;-38,511672000000000
250874;29;4;2015;19:54;0;RUA CHICO LEMOS;;;216;;;;;;Meio de Quadra;;;0;0;2;1;0;0;0;0;0;1;0;0;-3,789936000000000;-38,499765000000000
250875;29;4;2015;09:40;5188;RUA TEN BENEVOLO;RUA NOGUEIRA ACIOLI;;0;;Colis?úo Transversal;Luz do Dia;Nublado;Seca;Cruz;Pare;Comercial;0;0;2;1;0;0;0;0;0;0;0;0;-3,725858000000000;-38,515591000000000
250891;29;4;2015;16:50;9075;AV AGUANAMBI;RUA CEL JOSE EUCLIDES;;0;;Colis?úo Transversal;Luz do Dia;Bom;Seca;Cruz;Pare;Comercial;0;0;2;1;1;0;0;0;0;0;0;0;-3,752233000000000;-38,523383000000000
250892;29;4;2015;08:30;0;AV DR SILAS MUNGUBA;;;4997;;Colis?úo Traseira;Luz do Dia;Nublado;Seca;Meio de Quadra;Outros;Residencial;0;0;2;1;0;0;0;1;0;0;0;0;-3,797068000000000;-38,531647000000000
250893;29;4;2015;;6741;RUA VILEBALDO AGUIAR;RUA ALMEIDA PRADO;;0;;Colis?úo Lateral;;Chuva;Molhada;Cruz;Pare;Residencial;0;0;2;1;0;0;1;0;0;0;0;0;-3,744545000000000;-38,475413000000000
250894;29;4;2015;11:50;9168;AV LUCIANO CARNEIRO;AV BORGES DE MELO;;0;;Engavetamento;Luz do Dia;Bom;Molhada;Cruz;Sem?íforo;Residencial;0;0;3;1;0;0;0;0;0;0;0;0;-3,756465000000000;-38,534097000000000
250895;29;4;2015;14:20;7674;RUA RIO GRANDE DO NORTE;AV JOSE BASTOS;;0;;Colis?úo Transversal;Luz do Dia;Bom;Seca;Cruz;Sem?íforo;Comercial;0;0;2;1;0;0;0;0;0;0;0;0;-3,760562000000000;-38,564477000000000
250896;29;4;2015;19:00;0;AV AGUANAMBI;;;358;;Colis?úo Traseira;Via Iluminada;Bom;Seca;Meio de Quadra;Sem?íforo;Residencial;0;0;2;1;0;0;0;0;0;0;0;0;-3,740220000000000;-38,524995000000000
250877;29;4;2015;14:00;1306;RUA MON BRUNO;RUA TORRES CAMARA;;0;;Colis?úo Lateral;Luz do Dia;Bom;Seca;Cruz;Pare;Comercial;0;0;2;1;0;0;0;0;0;1;0;0;-3,734594000000000;-38,510152000000000
250878;29;4;2015;15:00;6722;AV ENG SANTANA JUNIOR;RUA DR GILBERTO STUDART;;0;;Colis?úo Traseira;Luz do Dia;Bom;Seca;Cruz;Pare;Comercial;0;0;2;1;0;0;0;0;0;0;0;0;-3,741972000000000;-38,486048000000000
250879;29;4;2015;10:00;22149;AV JOSE BASTOS;RUA SAMUEL UCHOA;;0;;Colis?úo Traseira;Luz do Dia;Nublado;Seca;T;Pare;Comercial;0;0;2;1;0;0;0;0;0;0;0;0;-3,750258000000000;-38,550718000000000
250882;29;4;2015;;281;AV JOVITA FEITOSA;RUA PRO RAIMUNDO VITOR;;0;;Colis?úo Lateral;Via Iluminada;Bom;Seca;Cruz;N?úo H?í Controle;Comercial;0;2;1;1;0;0;0;0;0;1;0;0;-3,741618000000000;-38,565085000000000
250883;29;4;2015;10:20;0;AV ALBERTO CRAVEIRO;;;466;;Colis?úo Traseira;Luz do Dia;Bom;Seca;Meio de Quadra;N?úo H?í Controle;Comercial;0;0;2;1;0;0;1;0;0;0;0;0;-3,782812000000000;-38,516560000000000
250884;29;4;2015;14:28;0;AV SGT HERMINIO SAMPAIO;;;2505;;Colis?úo Lateral;Luz do Dia;Bom;Seca;Meio de Quadra;Outros;Comercial;0;1;1;0;0;0;0;0;0;1;0;0;-3,726817000000000;-38,563004000000000
250885;29;4;2015;09:10;12849;RUA SALDANHA MARINHO;RUA ASSUNCAO;;0;;Colis?úo Transversal;Luz do Dia;Bom;Seca;Cruz;Pare;Comercial;0;0;2;1;0;0;0;0;0;0;0;0;-3,742314000000000;-38,531231000000000
250886;29;4;2015;10:45;0;AV BEZERRA DE MENEZES;;;1049;;Colis?úo Traseira;Luz do Dia;Chuva;Molhada;Meio de Quadra;Sem?íforo;Comercial;0;1;1;0;1;0;0;0;0;1;0;0;-3,733548000000000;-38,554219000000000
250887;29;4;2015;06:50;19833;AV ENG HUMBERTO MONTE;AV JOVITA FEITOSA;;0;;Colis?úo Lateral;Luz do Dia;Bom;Seca;Cruz;Sem?íforo;Comercial;0;0;2;1;0;0;0;0;0;0;0;0;-3,741963000000000;-38,566544000000000
250888;29;4;2015;19:00;0;RUA DES PRAXEDES;;;0;;Colis?úo Traseira;Via Iluminada;Bom;Seca;Meio de Quadra;N?úo H?í Controle;Misto;0;0;2;1;0;0;0;0;0;0;0;0;;
250889;29;4;2015;07:15;347;RUA PRO COSTA MENDES;RUA FRANCISCA CLOTILDE;;0;;Colis?úo Transversal;Luz do Dia;Bom;Seca;Cruz;Pare;Comercial;0;1;1;0;1;0;0;0;0;0;0;0;-3,746335000000000;-38,556137000000000
262238;29;4;2015;05:06;0;AV GAL OSORIO DE PAIVA;;;0;;Queda;Amanhecer;;;Meio de Quadra;;;0;1;0;0;0;0;0;0;0;1;0;0;;
262241;29;4;2015;07:03;0;AV CEL CARVALHO;;;0;;Colis?úo;Luz do Dia;;;Meio de Quadra;;;0;2;0;0;0;0;0;0;0;1;0;0;;
262251;29;4;2015;16:44;0;RUA CHILE;;;0;;Colis?úo;Luz do Dia;;;Meio de Quadra;;;0;1;1;1;0;0;0;0;0;1;0;0;-3,745623000000000;-38,564682000000000