COD_ACIDENTE;DIA;MES;ANO;HORA;INTERSECAO;LOG1;LOG2;LOG3;NUMERO;REFERENCIA;NATUREZA;ILUMINACAO;TEMPO;SUPERFICIEPISTA;TIPOCRUZAMENTO;CONTROLETRAFEGO;USOSOLO;MORTOS;FERIDOS;ILESOS;AUTOMOVEL;ONIBUS;BICICLETA;CAMINHAO;MICROONIBUS;CICLOMOTOR;MOTOCICLETA;TRACAOANIMAL;TREM;LATITUDE;LONGITUDE
262252;29;4;2015;17:33;0;AV MR HULL;;;0;;Colis?úo;Anoitecer;;;Meio de Quadra;;;0;0;2;1;0;0;0;0;0;1;0;0;;
262253;29;4;2015;17:53;5662;AV JOSE LEON;RUA VICENTE LOPES;;0;;Colis?úo;Anoitecer;;;Cruz;Pare;Comercial;0;1;1;1;0;0;0;0;0;1;0;0;-3,789544000000000;-38,494897000000000
262254;29;4;2015;22:38;0;AV SEN FERNANDES TAVORA;;;0;;Atropelamento;;;;Meio de Quadra;;;0;1;1;0;0;0;0;0;0;0;0;0;;
267384;29;4;2015;06:39;0;RUA JOAQUIM ALBANO;;;0;;Colis?úo;Luz do Dia;;;Meio de Quadra;;;0;0;2;0;0;0;0;0;0;0;0;0;;
267386;29;4;2015;10:25;7982;RUA MAJ WEYNE;RUA CARLOS CAMARA;;0;;Colis?úo;Luz do Dia;;;Cruz;Pare;Residencial;0;0;2;0;0;0;0;0;0;0;0;0;-3,748600000000000;-38,544497000000000
267387;29;4;2015;12:30;0;RUA CON DE CASTRO;;;5314;;Atropelamento;Luz do Dia;;;Meio de Quadra;;;0;0;2;0;0;0;0;0;0;0;0;0;-3,809851000000000;-38,596123000000000
267388;29;4;2015;15:25;1562;RUA ROCHA LIMA;RUA NUNES VALENTE;;0;;Colis?úo;Luz do Dia;;;;;;0;0;2;0;0;0;0;0;0;0;0;0;-3,741785000000000;-38,505512000000000
267391;29;4;2015;16:27;15362;RUA PEREIRA VALENTE;RUA CEL LINHARES;;0;;Colis?úo;Luz do Dia;;;Cruz;Pare;Residencial;0;0;2;0;0;0;0;0;0;0;0;0;-3,733517000000000;-38,493183000000000
267392;29;4;2015;16:59;0;RUA METON DE ALENCAR;;;219;;Colis?úo;Luz do Dia;;;Meio de Quadra;;;0;0;2;0;0;0;0;0;0;0;0;0;;
267394;29;4;2015;17:30;0;AV FRANCISCO SA;;;6459;;Colis?úo;Anoitecer;;;Meio de Quadra;;;0;0;2;0;0;0;0;0;0;0;0;0;-3,708723000000000;-38,582113000000000
267396;29;4;2015;17:37;0;RUA JOAQUIM NABUCO;;;2626;;Colis?úo;Anoitecer;;;Meio de Quadra;;;0;0;2;0;0;0;0;0;0;0;0;0;-3,748233000000000;-38,505449000000000
267397;29;4;2015;18:46;21581;RUA DES FROTA D71;RUA MON AGOSTINHO;;0;;Colis?úo;;;;Cruz;Pare;Residencial;0;0;2;0;0;0;0;0;0;0;0;0;-3,794834000000000;-38,589329000000000
267477;29;4;2015;22:52;0;RUA PEDRO CABRAL;;;665;;Choque c/ Obst?ículo Fixo;;;;Meio de Quadra;;;0;0;1;0;0;0;0;0;0;0;0;0;-3,824949000000000;-38,593515000000000
267478;29;4;2015;23:11;0;RUA JOAQUIM DOS ANJOS;;;987;;Colis?úo;;;;Meio de Quadra;;;0;0;2;0;0;0;0;0;0;0;0;0;-3,830578000000000;-38,570218000000000
258867;29;4;2015;17:35;0;RD BR 222;;;0;KM-02;Colis?úo Transversal;Anoitecer;Bom;Seca;Meio de Quadra;N?úo H?í Controle;Comercial;0;3;0;0;0;0;0;0;0;1;0;0;-3,738951000000000;-38,586880000000000
258850;29;4;2015;07:25;0;RD BR 116;;;3000;KM-03;Colis?úo Traseira;Luz do Dia;Bom;Seca;Meio de Quadra;N?úo H?í Controle;Comercial;0;1;1;0;0;0;0;0;0;1;0;0;-3,779838000000000;-38,514372000000000
258851;30;4;2015;22:00;0;RD BR 116;;;2000;KM-02;Atropelamento;Via Iluminada;Bom;Seca;Meio de Quadra;N?úo H?í Controle;Comercial;0;2;0;0;0;0;0;0;0;1;0;0;-3,771391000000000;-38,516780000000000
258870;30;4;2015;07:30;0;RD BR 222;;;0;;Colis?úo Traseira;Luz do Dia;Bom;Seca;Meio de Quadra;N?úo H?í Controle;Comercial;0;0;2;1;0;0;0;1;0;0;0;0;;
273743;30;4;2015;07:30;19559;RUA CON DE CASTRO;RUA OSVALDO ARANHA;;0;;Colis?úo Transversal;Luz do Dia;Nublado;Molhada;T;Pare;Residencial;0;3;0;0;0;0;0;0;0;1;0;0;-3,783218000000000;-38,571784000000000
267479;30;4;2015;00:42;0;RUA CARLOS AMORA;;;0;;Colis?úo;;;;Meio de Quadra;;;0;0;2;0;0;0;0;0;0;0;0;0;;
267480;30;4;2015;02:47;0;RUA INES BRASIL;;;588;;Colis?úo;;;;Meio de Quadra;;;0;0;2;0;0;0;0;0;0;0;0;0;-3,804220000000000;-38,519526000000000
267481;30;4;2015;07:33;1416;RUA MARIA TOMASIA;RUA CEL JUCA;;0;;Colis?úo;Luz do Dia;;;Cruz;Pare;Residencial;0;0;2;0;0;0;0;0;0;0;0;0;-3,737434000000000;-38,491207000000000
267482;30;4;2015;07:38;11761;AV PRS CASTELO BRANCO;RUA JACINTO MATOS;;0;;Colis?úo;Luz do Dia;;;T;Sem?íforo;Residencial;0;0;2;0;0;0;0;0;0;0;0;0;-3,714630000000000;-38,546333000000000
267484;30;4;2015;10:03;0;RUA 25 CJ HAB ST S JOAO;;;0;;Colis?úo;Luz do Dia;;;Meio de Quadra;;;0;0;2;0;0;0;0;0;0;0;0;0;;
267485;30;4;2015;10:25;0;AV FRANCISCO SA;;;2366;;Colis?úo;Luz do Dia;;;Meio de Quadra;;;0;0;2;0;0;0;0;0;0;0;0;0;-3,720963000000000;-38,546524000000000
267486;30;4;2015;10:25;0;RUA GOV SAMPAIO;;;239;;Colis?úo;Luz do Dia;;;Meio de Quadra;;;0;0;2;0;0;0;0;0;0;0;0;0;-3,727208000000000;-38,524364000000000
267487;30;4;2015;10:28;15367;RUA CEL JUCA;RUA PEREIRA VALENTE;;0;;Colis?úo;Luz do Dia;;;Cruz;Pare;Misto;0;0;2;0;0;0;0;0;0;0;0;0;-3,734439000000000;-38,490267000000000
267488;30;4;2015;10:56;1378;RUA OSVALDO CRUZ (ALDEOTA);RUA DES LEITE ALBUQUERQUE;;0;;Colis?úo;Luz do Dia;;;Cruz;Pare;Comercial;0;0;2;0;0;0;0;0;0;0;0;0;-3,736598000000000;-38,500640000000000
267489;30;4;2015;11:01;7805;RUA OSVALDO CRUZ (ALDEOTA);RUA FRANCISCO HOLANDA;;0;;Colis?úo;Luz do Dia;;;Cruz;Pare;Comercial;0;0;2;0;0;0;0;0;0;0;0;0;-3,748713000000000;-38,504543000000000
267508;30;4;2015;18:30;23463;RUA PAULO FIRMEZA;RUA FIS VIEIRA;;0;;Colis?úo;Anoitecer;;;Cruz;Pare;Residencial;0;0;2;0;0;0;0;0;0;0;0;0;-3,757341000000000;-38,515176000000000
267509;30;4;2015;20:00;19800;RUA DOM MANUEL DE MEDEIROS;RUA TIP SALES;;0;;Colis?úo;;;;Cruz;Pare;Residencial;0;0;2;0;0;0;0;0;0;0;0;0;-3,739211000000000;-38,564466000000000
267511;30;4;2015;18:50;0;AV MAJ ASSIS;;;2333;;Colis?úo;;;;Meio de Quadra;;;0;0;2;0;0;0;0;0;0;0;0;0;-3,720508000000000;-38,600756000000000
267512;30;4;2015;19:00;0;RUA ANTENOR ROCHA ALEXANDRE;;;0;;Colis?úo;;;;Meio de Quadra;;;0;0;2;0;0;0;0;0;0;0;0;0;;
267513;30;4;2015;19:20;1490;RUA CEL JUCA;RUA DES LEITE ALBUQUERQUE;;0;;Colis?úo;;;;Cruz;Pare;Misto;0;0;2;0;0;0;0;0;0;0;0;0;-3,739434000000000;-38,491875000000000
267497;30;4;2015;16:17;1226;RUA COSTA BARROS;RUA ISAC MEYER;;0;;Colis?úo;Luz do Dia;;;Cruz;Pare;Comercial;0;0;2;0;0;0;0;0;0;0;0;0;-3,730316000000000;-38,511671000000000
267498;30;4;2015;16:24;0;RUA DUAS NACOES;;;1370;;Colis?úo;Luz do Dia;;;Meio de Quadra;;;0;0;2;0;0;0;0;0;0;0;0;0;;
267504;30;4;2015;20:53;4088;AV FRANCISCO SA;RUA ALVARO DE ALENCAR;;0;;Colis?úo;;;;Cruz;Pare;Comercial;0;0;2;0;0;0;0;0;0;0;0;0;-3,717106000000000;-38,558237000000000
267505;30;4;2015;17:53;0;RUA BERNARDO MANUEL;;;1171;;Colis?úo;Anoitecer;;;Meio de Quadra;;;0;0;2;0;0;0;0;0;0;0;0;0;;
267506;30;4;2015;18:26;0;AV CEL CARVALHO;;;2643;;Colis?úo;Anoitecer;;;Meio de Quadra;;;0;0;2;0;0;0;0;0;0;0;0;0;-3,725789000000000;-38,585708000000000
267515;30;4;2015;19:27;0;AV ALM HENRIQUE SABOIA;;;2179;;Colis?úo;;;;Meio de Quadra;;;0;0;2;0;0;0;0;0;0;0;0;0;-3,730000000000000;-38,481346000000000
267517;30;4;2015;19:28;5194;RUA MAJ FACUNDO;RUA SAO PAULO;;0;;Colis?úo;;;;Cruz;Sem?íforo;Comercial;0;0;2;0;0;0;0;0;0;0;0;0;-3,726091000000000;-38,527355000000000
267519;30;4;2015;21:34;0;RUA NEWTON CRAVEIRO;;;107;;Colis?úo;;;;Meio de Quadra;;;0;0;2;0;0;0;0;0;0;0;0;0;;
267520;30;4;2015;19:36;0;RUA LEBRE;;;180;;Colis?úo;;;;Meio de Quadra;;;0;0;2;0;0;0;0;0;0;0;0;0;-3,748064000000000;-38,567583000000000
267523;30;4;2015;19:49;0;RUA DR CORREIA LIMA;;;147;;Colis?úo;;;;Meio de Quadra;;;0;0;2;0;0;0;0;0;0;0;0;0;-3,782683000000000;-38,459664000000000
267525;30;4;2015;20:11;13389;RUA JOAO CORDEIRO;AV ANTONIO SALES;;0;;Colis?úo;;;;Cruz;Sem?íforo Intermitente;Comercial;0;0;2;0;0;0;0;0;0;0;0;0;-3,740588000000000;-38,518068000000000
267527;30;4;2015;20:20;0;RUA ROSA CORDEIRO;;;0;;Colis?úo;;;;Meio de Quadra;;;0;0;2;0;0;0;0;0;0;0;0;0;;
267529;30;4;2015;20:51;0;RUA DES LEITE ALBUQUERQUE;;;0;;Colis?úo;;;;Meio de Quadra;;;0;0;2;0;0;0;0;0;0;0;0;0;;
267532;30;4;2015;20:56;0;RUA ROBERTO SILVA;;;280;;Colis?úo;;;;Meio de Quadra;;;0;0;2;0;0;0;0;0;0;0;0;0;-3,772465000000000;-38,473924000000000
267534;30;4;2015;23:17;5709;AV DES GONZAGA;AV OLIVEIRA PAIVA;;0;;Colis?úo;;;;Cruz;Sem?íforo;Lazer;0;0;2;0;0;0;0;0;0;0;0;0;-3,797165000000000;-38,499953000000000
267537;30;4;2015;21:08;0;RUA DOM HENRIQUE;;;0;;Colis?úo;;;;Meio de Quadra;;;0;0;2;0;0;0;0;0;0;0;0;0;;
267538;30;4;2015;21:20;0;AV JUSCELINO KUBITSCHEK (CANINDEZINHO);;;0;;Colis?úo;;;;Meio de Quadra;;;0;0;2;0;0;0;0;0;0;0;0;0;;
267540;30;4;2015;21:41;17440;RUA ANTONIO FIUZA;RUA PRO TEODORICO;;0;;Colis?úo;;;;Cruz;Pare;Residencial;0;0;2;0;0;0;0;0;0;0;0;0;-3,769303000000000;-38,551898000000000
267543;30;4;2015;21:45;0;AV BEZERRA DE MENEZES;;;711;;Colis?úo;;;;Meio de Quadra;;;0;0;2;0;0;0;0;0;0;0;0;0;-3,732914000000000;-38,551146000000000
267545;30;4;2015;21:46;20197;AV SAUDADE D68;RUA 102 CJ PASSARE;;0;;Colis?úo;;;;;;;0;0;2;0;0;0;0;0;0;0;0;0;-3,813040000000000;-38,530668000000000
267547;30;4;2015;22:04;0;AV GODOFREDO MACIEL;;;0;;Colis?úo;;;;Meio de Quadra;;;0;0;2;0;0;0;0;0;0;0;0;0;;
267548;30;4;2015;22:32;0;AV ALBERTO CRAVEIRO;;;0;;Colis?úo;;;;Meio de Quadra;;;0;0;2;0;0;0;0;0;0;0;0;0;;
267549;30;4;2015;22:34;0;AV AGUANAMBI;;;0;;Colis?úo;;;;Meio de Quadra;;;0;0;2;0;0;0;0;0;0;0;0;0;;
267551;30;4;2015;22:50;20005;RUA DES OTACILIO PEIXOTO;AV DR SILAS MUNGUBA;;0;;Colis?úo;;;;T;Sem?íforo;Misto;0;0;2;0;0;0;0;0;0;0;0;0;-3,800419000000000;-38,530329000000000
267552;30;4;2015;22:51;14707;RUA SUICA;RUA BULGARIA;;0;;Colis?úo;;;;;;;0;0;2;0;0;0;0;0;0;0;0;0;-3,793751000000000;-38,579347000000000
267553;30;4;2015;23:15;0;RUA PERNAMBUCO;;;2501;;Colis?úo;;;;Meio de Quadra;;;0;0;2;0;0;0;0;0;0;0;0;0;-3,752617000000000;-38,576997000000000
267555;30;4;2015;23:15;0;RUA TULIPA;;;0;;Colis?úo;;;;Meio de Quadra;;;0;0;2;0;0;0;0;0;0;0;0;0;;
267492;30;4;2015;11:23;0;AV EDILSON B SOARES;;;999;;Colis?úo;Luz do Dia;;;Meio de Quadra;;;0;0;2;0;0;0;0;0;0;0;0;0;;
267493;30;4;2015;12:21;0;RUA 20 CJ JOSE WALTER;;;0;;Colis?úo;Luz do Dia;;;Meio de Quadra;;;0;0;2;0;0;0;0;0;0;0;0;0;;
267494;30;4;2015;15:19;0;RUA SOLON PINHEIRO;;;136;;Colis?úo;Luz do Dia;;;Meio de Quadra;;;0;0;2;0;0;0;0;0;0;0;0;0;-3,731756000000000;-38,526733000000000
267495;30;4;2015;16:05;0;RUA GOV SAMPAIO;;;428;;Colis?úo;Luz do Dia;;;Meio de Quadra;;;0;0;2;0;0;0;0;0;0;0;0;0;-3,729056000000000;-38,524114000000000
262255;30;4;2015;06:13;0;AV GAL OSORIO DE PAIVA;;;0;;Colis?úo;Luz do Dia;;;Meio de Quadra;;;0;1;1;1;0;0;0;0;0;1;0;0;-3,820525000000000;-38,617383000000000
262267;30;4;2015;06:52;0;RD BR 116;;;0;;Colis?úo;Luz do Dia;;;Meio de Quadra;;;0;1;1;1;0;0;0;0;0;1;0;0;;
262268;30;4;2015;08:21;0;RUA JOSE FACANHA;;;677;;Colis?úo;Luz do Dia;;;Meio de Quadra;;;0;1;1;1;0;0;0;0;0;1;0;0;-3,752052000000000;-38,557355000000000
262269;30;4;2015;09:52;10181;RUA TRES CORACOES;RUA NEREIDE;;0;;Queda;Luz do Dia;;;;;;0;1;0;0;0;0;0;0;0;1;0;0;-3,784322000000000;-38,608906000000000
262271;30;4;2015;11:00;0;AV GAL OSORIO DE PAIVA;;;4467;;Colis?úo;Luz do Dia;;;Meio de Quadra;;;0;1;1;1;0;0;0;0;0;1;0;0;-3,797648000000000;-38,595208000000000
262272;30;4;2015;11:13;12457;AV AUGUSTO DOS ANJOS;AV SEN FERNANDES TAVORA;;0;;Queda;Luz do Dia;;;;;;0;1;0;0;0;0;0;0;0;1;0;0;-3,770153000000000;-38,570427000000000
262273;30;4;2015;11:30;0;AV WASHINGTON SOARES;;;0;;Queda;Luz do Dia;;;Meio de Quadra;;;0;1;0;0;0;0;0;0;0;1;0;0;-3,788086000000000;-38,480610000000000
262274;30;4;2015;12:14;0;RUA FRE TEOBALDO;;;0;;Colis?úo;Luz do Dia;;;Meio de Quadra;;;0;1;1;1;0;0;0;0;0;1;0;0;;
262275;30;4;2015;14:18;0;RUA WALDIR DIOGO;;;0;;Colis?úo;Luz do Dia;;;Meio de Quadra;;;0;1;1;0;0;0;0;0;0;0;0;0;-3,807865000000000;-38,579203000000000
262278;30;4;2015;16:01;0;RUA ARTUR DE SOUZA;;;1860;;Colis?úo;Luz do Dia;;;Meio de Quadra;;;0;1;1;1;0;0;0;0;0;1;0;0;;
262281;30;4;2015;18:07;0;RUA JOAO GENTIL;;;0;;Colis?úo;Anoitecer;;;Meio de Quadra;;;0;1;1;1;0;0;0;0;0;0;0;0;-3,742805000000000;-38,537171000000000
262282;30;4;2015;20:08;0;RUA MON HIPOLITO BRASIL;;;0;;Colis?úo;;;;Meio de Quadra;;;0;1;1;1;0;0;0;0;0;1;0;0;;
262283;30;4;2015;21:13;0;AV PRS JUSCELINO KUBITSCHEK (PASSAR?ë);;;0;;Colis?úo;;;;Meio de Quadra;;;0;1;1;0;0;0;0;0;0;0;0;0;-3,823649000000000;-38,537065000000000
262284;30;4;2015;22:26;0;RUA SAMARIA;;;0;;Colis?úo;;;;Meio de Quadra;;;0;1;1;1;0;0;0;0;0;1;0;0;;
262299;30;4;2015;22:49;0;AV JOSE BASTOS;;;0;;Colis?úo;;;;Meio de Quadra;;;0;1;1;1;0;0;0;0;0;1;0;0;;
250862;30;4;2015;15:50;11339;AV GODOFREDO MACIEL;AV BENJAMIM BRASIL;;0;;Colis?úo Lateral;Luz do Dia;Bom;Seca;Cruz;Sem?íforo Intermitente;Comercial;0;0;2;1;0;0;0;0;0;0;0;0;-3,803264000000000;-38,572040000000000
250863;30;4;2015;14:00;0;RUA MAD ELISA BALDO;;;768;;Colis?úo Lateral;Luz do Dia;Bom;Seca;Meio de Quadra;N?úo H?í Controle;Residencial;0;0;2;1;0;0;0;0;0;0;0;0;-3,784809000000000;-38,547023000000000
250864;30;4;2015;13:30;0;RUA CEL NUNES DE MELO;;;0;;Colis?úo Lateral;Luz do Dia;Bom;Seca;Meio de Quadra;N?úo H?í Controle;Residencial;0;0;2;1;0;0;0;0;0;0;0;0;;
250865;30;4;2015;09:10;8930;AV DOMINGOS OLIMPIO;RUA JUSTINIANO DE SERPA;;0;;Colis?úo Lateral;Luz do Dia;Nublado;Seca;Outros;Sem?íforo;Residencial;0;0;2;1;0;0;1;0;0;0;0;0;-3,733011000000000;-38,542468000000000
250866;30;4;2015;15:49;23380;RUA CAP TIBURCIO DA FROTA;RUA NUNES VALENTE;;0;;Colis?úo Transversal;Luz do Dia;Bom;Seca;Cruz;Pare;Misto;0;1;1;1;0;0;0;0;0;1;0;0;-3,754506000000000;-38,509109000000000
250867;30;4;2015;19:30;18108;AV DIOGUINHO;AV SANTOS DUMONT;;0;;Colis?úo Transversal;Via Iluminada;Bom;Seca;Cruz;Sem?íforo;Comercial;0;1;1;0;0;0;0;0;1;0;0;0;-3,747029000000000;-38,450425000000000
259690;30;4;2015;23:14;0;AV JOSE BASTOS;;;3132;;Colis?úo;;;;Meio de Quadra;;;0;1;1;0;1;0;0;0;0;1;0;0;-3,747381000000000;-38,547836000000000
258344;30;4;2015;00:00;5356;RUA GAL SAMPAIO;AV DUQ CAXIAS;;0;;Colis?úo;;;;Cruz;Sem?íforo;Misto;0;1;1;1;0;0;0;0;0;0;0;0;-3,731096000000000;-38,532029000000000
258345;30;4;2015;;6164;RUA MIN ALBUQUERQUE LIMA;AV A CJ CEARA;;0;;Colis?úo Lateral;;;;Cruz;Sem?íforo;Comercial;0;1;0;1;0;0;0;0;0;0;0;0;-3,770669000000000;-38,604700000000000
258347;30;4;2015;20:00;5112;RUA BAR RIO BRANCO;RUA CASTRO E SILVA;;0;;Colis?úo;;;;Cruz;Sem?íforo;Comercial;0;1;0;0;1;1;0;0;0;0;0;0;-3,723847000000000;-38,527429000000000
260911;30;4;2015;16:23;8001;RUA MACHADO DE ASSIS;RUA ALEXANDRE BARAUNA;;0;;Colis?úo;Luz do Dia;;;Cruz;N?úo H?í Controle;Misto;0;0;2;1;1;0;0;0;0;0;0;0;-3,750339000000000;-38,549095000000000
260916;30;4;2015;16:46;0;RUA VICENTE LINHARES;;;196;;Colis?úo;Luz do Dia;;;Meio de Quadra;;;0;0;2;1;0;0;0;0;0;1;0;0;-3,741478000000000;-38,502299000000000
260921;30;4;2015;20:15;0;RUA 8 DE SETEMBRO;;;0;;Colis?úo;;;;;;;0;0;2;1;0;0;0;0;0;0;0;0;;
260926;30;4;2015;20:30;0;RUA 40 CJ JOSE WALTER;;;0;;Outros;;;;Meio de Quadra;;;0;0;1;0;0;0;1;0;0;0;0;0;;
259299;30;4;2015;13:00;0;RD CE-040;;;0;KM-06;Queda;Luz do Dia;;Seca;Meio de Quadra;;;0;0;1;0;0;0;0;0;0;1;0;0;-3,811270000000000;-38,478781000000000
259300;30;4;2015;18:30;0;RD CE-040;;;0;KM-10;Colis?úo;Via Iluminada;;Seca;Meio de Quadra;;;0;0;2;1;0;0;1;0;0;0;0;0;-3,838671000000000;-38,480068000000000
250840;30;4;2015;08:40;9098;RUA MIN JOAQUIM BASTOS D14;RUA CAMPO AMOR ROCHA;;0;;Colis?úo Transversal;Luz do Dia;Bom;Seca;Cruz;Pare;Rural;0;0;2;1;0;0;0;0;0;0;0;0;-3,755419000000000;-38,526294000000000
250837;30;4;2015;17:15;0;AV JOR THOMAZ COELHO;;;0;;Colis?úo Lateral;Via Iluminada;Bom;Seca;Meio de Quadra;Sem?íforo;Comercial;0;0;2;1;0;0;1;0;0;0;0;0;;
250835;30;4;2015;07:38;8995;AV BEZERRA DE MENEZES;RUA ESC PEDRO FRANCISCO DE ASSIS;;0;;Colis?úo Lateral;Luz do Dia;Bom;Seca;T;Pare;Comercial;0;1;1;0;0;0;0;0;0;1;0;0;-3,732481000000000;-38,549068000000000
250832;30;4;2015;13:00;9281;RUA JUVENAL DE CARVALHO;AV AGUANAMBI;;0;;Choque c/ Obst?ículo Fixo;Luz do Dia;Bom;Seca;Outros;Pare;Comercial;0;1;1;0;1;0;0;1;0;0;0;0;;
250833;30;4;2015;08:20;7752;AV CARNEIRO DE MENDONCA;AV JOAO PESSOA;;0;;Colis?úo Lateral;Luz do Dia;Bom;Seca;Cruz;Sem?íforo;Residencial;0;0;2;1;1;0;0;0;0;0;0;0;-3,767222000000000;-38,559808000000000
250824;30;4;2015;15:30;7770;RUA JOSE VILAR;RUA TOMAS ACIOLI;;0;;Colis?úo Lateral;Luz do Dia;Bom;Seca;Cruz;Pare;Misto;0;1;1;0;0;0;0;0;0;1;0;0;-3,745503000000000;-38,507807000000000
250825;30;4;2015;09:15;5109;RUA DR JOAO MOREIRA;AV ALBERTO NEPOMUCENO;;0;;Colis?úo Lateral;Luz do Dia;Bom;Seca;T;Sem?íforo;Comercial;0;0;2;1;0;0;0;0;0;0;0;0;-3,723737000000000;-38,524608000000000
250826;30;4;2015;15:30;3768;AV DOMINGOS OLIMPIO;AV TRISTAO GONCALVES;;0;;Colis?úo Traseira;Luz do Dia;Bom;Seca;Cruz;Sem?íforo;Comercial;0;0;2;1;0;0;0;0;0;0;0;0;-3,735133000000000;-38,535613000000000
250827;30;4;2015;18:00;0;AV BEZERRA DE MENEZES;;;749;;Colis?úo Traseira;Anoitecer;Bom;Seca;Outros;Sem?íforo Intermitente;Comercial;0;1;2;1;1;0;0;0;0;1;0;0;-3,733005000000000;-38,551581000000000
250830;30;4;2015;21:00;0;AV SGT HERMINIO SAMPAIO;;;0;;Colis?úo Traseira;Anoitecer;Bom;Seca;Outros;N?úo H?í Controle;Comercial;0;0;2;1;0;0;0;0;0;0;0;0;;
250844;30;4;2015;16:30;5366;AV DUQ CAXIAS;RUA SEN POMPEU;;0;;Colis?úo Lateral;Luz do Dia;Bom;Seca;Cruz;Sem?íforo;Comercial;0;1;1;0;0;0;0;1;0;1;0;0;-3,731430000000000;-38,530994000000000
250845;30;4;2015;10:20;3846;RUA PDE FRANCISCO PINTO;RUA JOAO GENTIL;;0;;Colis?úo Transversal;Luz do Dia;Nublado;Seca;Cruz;Pare;Residencial;0;0;2;1;0;0;0;0;0;0;0;0;-3,744607000000000;-38,538792000000000
250842;30;4;2015;11:20;0;AV PRS CASTELO BRANCO;;;2949;;Colis?úo Traseira;Luz do Dia;Bom;Seca;Meio de Quadra;Sem?íforo;Misto;0;0;2;1;0;0;0;1;0;0;0;0;-3,711956000000000;-38,555000000000000
250848;30;4;2015;12:30;15788;RUA PDE PEDRO DE ALENCAR;RUA PERGENTINO MAIA;;0;;Colis?úo Transversal;Luz do Dia;Bom;Seca;Cruz;Pare;Comercial;0;0;2;1;0;0;0;0;0;0;0;0;-3,830714000000000;-38,493889000000000
250849;30;4;2015;19:50;0;AV DEP PAULINO ROCHA;;;0;;Colis?úo Transversal;Via Iluminada;Bom;Seca;Meio de Quadra;N?úo H?í Controle;Comercial;0;0;2;1;0;0;0;0;0;0;0;0;;
250850;30;4;2015;14:51;0;RUA PDE PEDRO DE ALENCAR;;;0;;Colis?úo Lateral;Luz do Dia;Bom;Seca;Meio de Quadra;Sem?íforo;Comercial;0;1;1;0;0;0;0;0;0;1;0;0;;
250852;30;4;2015;10:45;0;AV FRE CIRILO;;;4000;CENTER BOX;Colis?úo Lateral;Luz do Dia;Bom;Seca;Meio de Quadra;N?úo H?í Controle;Comercial;0;1;1;0;0;0;0;0;0;1;0;0;-3,819105000000000;-38,496644000000000
250853;30;4;2015;08:30;9896;RUA OSCAR FRANCA;RUA SGT JOAO PINHEIRO;;0;;Colis?úo Lateral;Luz do Dia;Bom;Seca;Cruz;Pare;Misto;0;0;2;1;1;0;0;0;0;0;0;0;-3,784538000000000;-38,623274000000000
250854;30;4;2015;;9148;RUA DOM SEBASTIAO LEME;RUA GUILHERME MOREIRA;;0;;Colis?úo Transversal;Via Iluminada;Bom;Seca;Cruz;Pare;Residencial;0;1;1;1;0;0;0;0;0;1;0;0;-3,750073000000000;-38,525590000000000
250855;30;4;2015;;9072;AV VIS RIO BRANCO;AV PONTES VIEIRA;;0;;Colis?úo Lateral;Via Iluminada;Bom;Seca;Cruz;Sem?íforo;Comercial;0;0;2;1;0;0;1;0;0;0;0;0;-3,753544000000000;-38,520486000000000
250856;30;4;2015;12:50;0;AV SANTOS DUMONT;;;3465;;Outros;Luz do Dia;Bom;Seca;Meio de Quadra;N?úo H?í Controle;Comercial;0;0;2;1;0;0;0;0;0;0;0;0;-3,737783000000000;-38,493550000000000
250857;30;4;2015;21:00;0;RUA NUBIA BARROCAS;;;0;;Colis?úo Transversal;Anoitecer;Bom;Seca;Meio de Quadra;Pare;Comercial;0;0;2;1;0;0;0;0;0;0;0;0;;
250859;30;4;2015;19:20;15409;RUA HOMEM DE MELO;RUA FARIAS LEMOS;;0;;Outros;Via Iluminada;Bom;Seca;Cruz;N?úo H?í Controle;Residencial;0;0;3;1;0;0;0;0;0;0;0;0;-3,815172000000000;-38,493445000000000
250860;30;4;2015;16:50;13592;AV PONTES VIEIRA;RUA PRO CARVALHO;;0;;Engavetamento;Luz do Dia;Bom;Seca;Cruz;Sem?íforo;Comercial;0;0;4;1;0;0;0;0;0;0;0;0;-3,752890000000000;-38,514949000000000
250861;30;4;2015;19:39;23433;RUA MON SALAZAR;RUA PRO CARVALHO;;0;;Colis?úo Transversal;Via Iluminada;Bom;Seca;Cruz;Pare;Residencial;0;1;1;1;0;0;0;0;0;0;0;0;-3,756146000000000;-38,514308000000000
250820;30;4;2015;10:30;17298;RUA ALBERTO MAGNO;RUA ALFREDO DE CASTRO;;0;;Colis?úo Traseira;Luz do Dia;Bom;Seca;Cruz;Pare;Comercial;0;2;1;1;0;0;0;0;0;1;0;0;-3,763729000000000;-38,548952000000000
250821;30;4;2015;08:30;12954;AV PRS COSTA E SILVA;AV DOS EXPEDICIONARIOS;;0;;Colis?úo Lateral;;Bom;Seca;Cruz;Sem?íforo;Comercial;0;0;2;1;0;0;1;0;0;0;0;0;-3,821079000000000;-38,558276000000000
250822;30;4;2015;07:40;0;AV JOAO DE ARAUJO LIMA;;;891;;Colis?úo Lateral;Luz do Dia;Bom;Seca;Meio de Quadra;N?úo H?í Controle;Comercial;0;0;2;1;0;0;1;0;0;0;0;0;-3,829630000000000;-38,559857000000000