COD_ACIDENTE;DIA;MES;ANO;HORA;INTERSECAO;LOG1;LOG2;LOG3;NUMERO;REFERENCIA;NATUREZA;ILUMINACAO;TEMPO;SUPERFICIEPISTA;TIPOCRUZAMENTO;CONTROLETRAFEGO;USOSOLO;MORTOS;FERIDOS;ILESOS;AUTOMOVEL;ONIBUS;BICICLETA;CAMINHAO;MICROONIBUS;CICLOMOTOR;MOTOCICLETA;TRACAOANIMAL;TREM;LATITUDE;LONGITUDE
250818;30;4;2015;17:00;1276;RUA PDE LUIS FIGUEIRA;RUA CARLOS VASCONCELOS;;0;;Colis?úo Frontal;Via Iluminada;Bom;Seca;T;Pare;Misto;0;0;2;1;0;0;0;0;0;0;0;0;-3,733509000000000;-38,510962000000000
260983;1;5;2015;13:31;25226;AV GAL OSORIO DE PAIVA;RUA JARDIM FLUMINENSE;;0;;Colis?úo;Luz do Dia;;;T;Pare;Residencial;0;0;2;1;0;0;1;0;0;0;0;0;-3,808170000000000;-38,605395000000000
260994;1;5;2015;23:02;0;RUA DEMETRIO MENEZES;;;0;;Colis?úo;;;;Meio de Quadra;;;0;0;2;1;1;0;0;0;0;0;0;0;;
267187;1;5;2015;10:01;0;AV CONTORNO NORTE D71;;;0;;Colis?úo;Luz do Dia;;;Meio de Quadra;;;0;0;2;0;0;0;0;0;0;0;0;0;;
267189;1;5;2015;14:18;0;RUA CEL FABRICIANO;;;0;;Colis?úo;Luz do Dia;;;Meio de Quadra;;;0;0;2;0;0;0;0;0;0;0;0;0;;
267193;1;5;2015;23:55;0;AV EDILSON B SOARES;;;790;;Colis?úo;;;;Meio de Quadra;;;0;0;2;0;0;0;0;0;0;0;0;0;-3,789371000000000;-38,479547000000000
270541;1;5;2015;10:22;7982;RUA MAJ WEYNE;RUA CARLOS CAMARA;;0;;Colis?úo;Luz do Dia;;;Cruz;Pare;Residencial;0;0;2;0;0;0;0;0;0;0;0;0;-3,748600000000000;-38,544497000000000
270547;1;5;2015;10:32;5249;RUA COSTA BARROS;RUA RODRIGUES JUNIOR;;0;;Colis?úo;Luz do Dia;;;;;;0;0;2;0;0;0;0;0;0;0;0;0;-3,727742000000000;-38,519688000000000
270549;1;5;2015;11:14;0;RUA CAP PORFIRIO;;;111;;Colis?úo;Luz do Dia;;;Meio de Quadra;;;0;0;2;0;0;0;0;0;0;0;0;0;;
270552;1;5;2015;20:32;0;AV CEL CARVALHO;;;0;;Colis?úo;;;;Meio de Quadra;;;0;0;2;0;0;0;0;0;0;0;0;0;;
270554;1;5;2015;23:56;0;RUA OSCAR ARARIPE;;;1536;;Colis?úo;;;;Meio de Quadra;;;0;0;2;0;0;0;0;0;0;0;0;0;-3,789384000000000;-38,604990000000000
270559;1;5;2015;02:16;0;AV PRS COSTA E SILVA;;;1801;;Choque c/ Obst?ículo Fixo;;;;Meio de Quadra;;;0;0;1;0;0;0;0;0;0;0;0;0;-3,817568000000000;-38,565441000000000
270562;1;5;2015;01:08;0;RUA LIBERATO BARROSO;;;1012;;Choque c/ Obst?ículo Fixo;;;;Meio de Quadra;;;0;0;1;0;0;0;0;0;0;0;0;0;-3,725878000000000;-38,536262000000000
270565;1;5;2015;08:53;0;RUA OSCAR ROMERO;;;0;;Choque c/ Obst?ículo Fixo;Luz do Dia;;;Meio de Quadra;;;0;0;1;0;0;0;0;0;0;0;0;0;;
270569;1;5;2015;18:00;0;RUA LORENA;;;98;;Choque c/ Obst?ículo Fixo;Anoitecer;;;Meio de Quadra;;;0;0;1;0;0;0;0;0;0;0;0;0;-3,759658000000000;-38,558488000000000
270578;1;5;2015;19:15;9872;RUA DALAS;RUA BARRA VERMELHA;;0;;Atropelamento;;;;;;;0;0;2;0;0;0;0;0;0;0;0;0;-3,794595000000000;-38,617089000000000
259744;1;5;2015;05:00;0;AV GOV RAUL BARBOSA;;;7429;;Colis?úo Lateral;Amanhecer;;;Meio de Quadra;;;0;1;0;1;0;0;1;0;0;0;0;0;-3,776460000000000;-38,513174000000000
259745;1;5;2015;12:15;0;RUA MENOR JERONIMO;;;3028;;Choque c/ Obst?ículo Fixo;Luz do Dia;;;Meio de Quadra;;;0;1;0;1;0;0;0;0;0;0;0;0;;
250968;1;5;2015;23:10;5054;RUA ALM JACEGUAI;RUA DRAGAO DO MAR;;0;;Colis?úo Lateral;Via Iluminada;Bom;Seca;Cruz;Pare;Comercial;0;1;1;1;0;0;0;0;0;1;0;0;-3,721835000000000;-38,519333000000000
250969;1;5;2015;21:30;10897;AV LINEU MACHADO;RUA MOZART FIRMEZA;;0;;Colis?úo Transversal;Via Iluminada;Bom;Seca;Cruz;N?úo H?í Controle;Misto;0;2;0;0;0;0;0;0;0;1;0;0;-3,767588000000000;-38,577784000000000
250970;1;5;2015;12:47;15374;AV DOM LUIS;RUA FREDERICO BORGES;;0;;Colis?úo Lateral;Luz do Dia;Bom;Seca;Cruz;Sem?íforo;Comercial;0;0;2;1;1;0;0;0;0;0;0;0;-3,735890000000000;-38,489136000000000
250973;1;5;2015;15:00;18024;AV ZEZE DIOGO;RUA RENATO BRAGA;;0;;Colis?úo Lateral;Luz do Dia;Bom;Seca;Cruz;Sem?íforo;Comercial;0;0;2;1;0;0;0;0;0;0;0;0;-3,731905000000000;-38,457388000000000
250975;1;5;2015;20:15;5743;RUA MANUEL MONTEIRO;RUA VIRGILIO PAES;;0;;Colis?úo Lateral;Via Iluminada;Bom;Seca;Cruz;Pare;Residencial;0;2;0;1;0;0;0;0;0;0;0;0;-3,796546000000000;-38,494302000000000
250977;1;5;2015;18:20;5433;RUA METON DE ALENCAR;RUA MAJ FACUNDO;;0;;Colis?úo Lateral;Anoitecer;Bom;Seca;Cruz;Pare;Comercial;0;0;2;1;0;0;0;0;0;0;0;0;-3,733917000000000;-38,529899000000000
250979;1;5;2015;22:40;1257;RUA COSTA BARROS;RUA SILVA PAULET;;0;;Colis?úo Lateral;Via Iluminada;Bom;Seca;Cruz;Outros;Comercial;0;0;2;1;0;0;0;0;0;0;0;0;-3,732565000000000;-38,504799000000000
250980;1;5;2015;21:30;0;AV DEP PAULINO ROCHA;;;2370;;Colis?úo Transversal;Via Iluminada;Bom;Seca;Meio de Quadra;N?úo H?í Controle;Comercial;0;2;1;1;0;0;0;0;0;1;0;0;-3,810190000000000;-38,519059000000000
250981;1;5;2015;13:50;23698;RUA MON AGOSTINHO;RUA PLACIDO DE CASTRO;;0;;Colis?úo Transversal;Luz do Dia;Bom;Seca;Cruz;N?úo H?í Controle;Residencial;0;1;1;0;1;0;0;0;0;1;0;0;-3,790354000000000;-38,585695000000000
250999;1;5;2015;08:10;0;AV CARNEIRO DE MENDONCA;;;1502;;Colis?úo Frontal;Luz do Dia;Bom;Seca;Meio de Quadra;;Comercial;0;1;2;1;0;0;0;0;0;0;0;0;-3,761255000000000;-38,572076000000000
251000;1;5;2015;20:00;2356;RUA SEN ROBERT KENNEDY;RUA ESTEVAO DE CAMPOS;;0;;Colis?úo Transversal;Via Iluminada;Bom;Seca;Cruz;Pare;Residencial;0;0;2;1;0;0;0;0;0;0;0;0;-3,705131000000000;-38,579516000000000
251001;1;5;2015;12:00;5627;AV ROGACIANO LEITE;AV JOSE LEON;;0;;Colis?úo Lateral;Luz do Dia;Bom;Seca;Cruz;Sem?íforo;Comercial;0;0;2;1;0;0;0;0;0;0;0;0;-3,787355000000000;-38,503527000000000
251003;1;5;2015;14:20;3302;AV GAL OSORIO DE PAIVA;RUA LUIS VIEIRA;;0;;Colis?úo Transversal;Luz do Dia;Bom;Seca;Cruz;Sem?íforo;Comercial;0;1;1;1;0;0;0;0;0;1;0;0;-3,790879000000000;-38,588616000000000
251004;1;5;2015;20:50;5283;AV DOM MANUEL;AV SANTOS DUMONT;;0;;Atropelamento;Via Iluminada;Bom;Seca;Cruz;Sem?íforo;Comercial;0;2;0;0;0;0;0;0;1;0;0;0;-3,728774000000000;-38,521250000000000
251005;1;5;2015;18:15;0;AV 13 DE MAIO;;;441;;Colis?úo Traseira;Via Iluminada;Bom;Seca;Meio de Quadra;Sem?íforo;Comercial;0;0;2;1;0;0;0;0;0;0;0;0;-3,752697000000000;-38,525376000000000
250994;1;5;2015;22:00;5036;RUA PESSOA ANTA;RUA BORIS;;0;;Colis?úo Lateral;Via Iluminada;Bom;Seca;Cruz;Pare;Comercial;0;1;2;1;0;0;0;0;1;0;0;0;-3,720976000000000;-38,521017000000000
250995;1;5;2015;07:50;10842;RUA PRO HERIBALDO COSTA;RUA CUIABA;;0;;Colis?úo Lateral;Luz do Dia;Bom;Seca;Cruz;Pare;Residencial;0;1;1;0;0;0;0;0;0;1;0;0;-3,764961000000000;-38,586471000000000
250997;1;5;2015;08:20;0;AV O CJ JOSE WALTER;;;0;;Colis?úo Lateral;Luz do Dia;Bom;Seca;Meio de Quadra;N?úo H?í Controle;Residencial;0;0;2;1;0;0;1;0;0;0;0;0;;
250986;1;5;2015;18:00;15768;RUA CEL FRANCISCO PEREIRA (MESSEJANA);RUA PE CARLOS DE ALENCAR;;0;;Colis?úo Lateral;Via Iluminada;Bom;Seca;Cruz;N?úo H?í Controle;Misto;0;0;2;1;1;0;0;0;0;0;0;0;-3,829908000000000;-38,492670000000000
250987;1;5;2015;07:10;183;RUA DEMETRIO MENEZES;AV SGT HERMINIO SAMPAIO;;0;;Colis?úo Traseira;Luz do Dia;Bom;Seca;Cruz;Sem?íforo;Comercial;0;0;2;0;1;0;0;0;0;1;0;0;-3,731488000000000;-38,584591000000000
250988;1;5;2015;;0;RUA BERNARDO MANUEL;;;8792;;Atropelamento;Anoitecer;Bom;Seca;Meio de Quadra;Sem?íforo;Comercial;0;1;1;0;0;0;0;0;0;0;0;0;-3,796556000000000;-38,550764000000000
250990;1;5;2015;09:50;7914;AV ANTONIO SALES;RUA LEONARDO MOTA;;0;;Colis?úo Transversal;Luz do Dia;Bom;Seca;Cruz;Sem?íforo;Misto;0;1;1;1;0;0;0;0;1;0;0;0;-3,746358000000000;-38,499442000000000
250991;1;5;2015;10:30;15571;AV FRE CIRILO;RUA LEONCIO TABOSA;;0;;Colis?úo Traseira;Luz do Dia;Bom;Seca;Cruz;Sem?íforo;Misto;0;0;2;1;0;0;0;0;0;0;0;0;-3,822257000000000;-38,495262000000000
250992;1;5;2015;06:30;7869;RUA BARBOSA DE FREITAS;RUA FRANCISCO HOLANDA;;0;;Colis?úo Transversal;Luz do Dia;Bom;Seca;Cruz;Pare;Residencial;0;0;2;1;0;0;0;0;0;0;0;0;-3,749671000000000;-38,501555000000000
250983;1;5;2015;07:40;0;AV GOV RAUL BARBOSA;;;5648;;Capotamento;Luz do Dia;Nublado;Seca;Meio de Quadra;Outros;Misto;0;1;0;1;0;0;0;0;0;0;0;0;-3,770505000000000;-38,510759000000000
250984;1;5;2015;23:15;0;RUA EDUARDO PERDIGAO;;;0;;Colis?úo Transversal;Via Iluminada;Bom;Seca;Meio de Quadra;Outros;Comercial;0;0;2;1;0;0;0;0;0;0;0;0;;
261688;1;5;2015;21:47;0;AV DEP PAULINO ROCHA;;;0;;;;;;Meio de Quadra;;;0;1;1;1;0;0;0;0;0;1;0;0;-3,810179000000000;-38,519132000000000
261689;1;5;2015;23:10;0;AV MIN JOSE AMERICO;;;0;;Atropelamento;;;;Meio de Quadra;;;0;1;1;1;0;0;0;0;0;0;0;0;-3,811045000000000;-38,495385000000000
261690;1;5;2015;23:53;59;RUA TOMAS RODRIGUES;RUA CEL JOAQUIM FRANKLIN;;0;;Colis?úo;;;;Cruz;N?úo H?í Controle;Residencial;0;1;0;1;0;0;0;0;0;0;0;0;-3,743315000000000;-38,593540000000000
261682;1;5;2015;20:22;0;RUA BERNARDO MANUEL;;;0;;Atropelamento;;;;Meio de Quadra;;;0;1;1;1;0;0;0;0;0;0;0;0;;
261683;1;5;2015;21:26;0;AV JOSE BASTOS;;;0;;;;;;Meio de Quadra;;;0;1;1;1;0;1;0;0;0;0;0;0;;
261680;1;5;2015;19:48;0;AV PRS CASTELO BRANCO;;;0;;Atropelamento;;;;Meio de Quadra;;;0;1;1;1;0;0;0;0;0;0;0;0;;
261672;1;5;2015;16:37;5445;AV HERACLITO GRACA;RUA DNA LEOPOLDINA;;0;;Colis?úo;Luz do Dia;;;Cruz;Sem?íforo;Comercial;0;1;1;1;0;0;0;0;0;1;0;0;-3,734708000000000;-38,520779000000000
261673;1;5;2015;17:05;0;RUA NELSON COELHO;;;0;;Colis?úo;Anoitecer;;;Meio de Quadra;;;0;1;0;0;0;0;0;0;0;0;0;0;-3,832255000000000;-38,461701000000000
261674;1;5;2015;17:45;0;RUA OSCAR ARARIPE;;;0;;Colis?úo;Anoitecer;;;Meio de Quadra;;;0;1;0;0;0;0;0;0;0;0;0;0;-3,786334000000000;-38,614401000000000
261675;1;5;2015;18:32;0;RUA ANTONIO POMPEU;;;0;;Colis?úo;;;;Meio de Quadra;;;0;1;1;1;0;0;0;0;0;1;0;0;-3,732903000000000;-38,536620000000000
261676;1;5;2015;18:53;0;AV WASHINGTON SOARES;;;0;;Atropelamento;;;;Meio de Quadra;;;0;1;1;1;0;0;0;0;0;0;0;0;;
261677;1;5;2015;19:08;0;RUA BERNARDO MANUEL;;;0;;Colis?úo;;;;Meio de Quadra;;;0;0;2;1;0;0;0;0;0;1;0;0;;
261665;1;5;2015;06:41;13945;AV MAE LISBOA;AV RECREIO D64;;0;;Colis?úo;Luz do Dia;;;T;N?úo H?í Controle;;0;1;1;0;0;0;0;0;0;1;0;0;-3,805565000000000;-38,449550000000000
261666;1;5;2015;07:40;0;AV CARNEIRO DE MENDONCA;;;0;;Atropelamento de Animal;Luz do Dia;;;Meio de Quadra;;;0;1;0;0;0;0;0;0;0;1;0;0;;
261667;1;5;2015;08:41;0;RUA DEMETRIO MENEZES;;;0;;Colis?úo;Luz do Dia;;;Meio de Quadra;;;0;1;0;0;0;0;0;0;0;0;0;0;-3,734039000000000;-38,584296000000000
261668;1;5;2015;16:09;419;RUA PRO VIRGILIO DE MORAIS;RUA GRACO CARDOSO;;0;;Queda;Luz do Dia;;;Cruz;Pare;Residencial;0;1;0;0;0;0;0;0;0;1;0;0;-3,751830000000000;-38,596765000000000
261669;1;5;2015;16:10;15337;RUA PEREIRA FILGUEIRAS;RUA JOSE VILAR;;0;;Colis?úo;Luz do Dia;;;Cruz;Sem?íforo;Misto;0;1;1;1;0;0;0;0;0;0;0;0;-3,731461000000000;-38,503284000000000
261670;1;5;2015;16:22;0;AV WASHINGTON SOARES;;;0;;Atropelamento;Luz do Dia;;;Meio de Quadra;;;0;1;1;0;0;0;0;0;0;1;0;0;;
261662;1;5;2015;00:00;11170;RUA SUECIA;RUA BOGOTA;;0;;Capotamento;;;;T;N?úo H?í Controle;Residencial;0;1;0;1;0;0;0;0;0;0;0;0;-3,783238000000000;-38,558552000000000
261663;1;5;2015;01:30;0;RUA CEL VIRGILIO NOGUEIRA (BOM JARDIM);;;0;;Queda;;;;Meio de Quadra;;;0;1;0;0;0;0;0;0;0;1;0;0;;
259123;1;5;2015;06:40;0;RD CE-025;;;0;KM-03;Colis?úo;Luz do Dia;Chuva;Molhada;Meio de Quadra;;;0;1;1;0;1;0;0;0;0;1;0;0;-3,805236000000000;-38,446791000000000
259133;1;5;2015;18:45;0;RD CE-040;;;0;KM-10;Atropelamento;;Bom;Seca;Meio de Quadra;;;0;1;1;1;0;0;0;0;0;0;0;0;-3,838671000000000;-38,480068000000000
259131;1;5;2015;07:10;0;RD CE-040;;;0;KM-05;Capotamento;Luz do Dia;Bom;Seca;Meio de Quadra;;;0;2;0;1;0;0;0;0;0;0;0;0;-3,790876000000000;-38,480349000000000
259141;2;5;2015;21:50;0;RD CE-060;;;0;KM-02;Colis?úo Transversal;;Bom;Seca;Meio de Quadra;;;0;0;2;1;0;0;0;0;0;1;0;0;-3,828028000000000;-38,580009000000000
259136;2;5;2015;07:15;0;RD CE-040;;;0;KM-06;Engavetamento;Luz do Dia;Bom;Seca;Meio de Quadra;;;0;0;3;1;0;0;0;0;0;1;0;0;-3,811270000000000;-38,478781000000000
259137;2;5;2015;08:20;0;AV SEN CARLOS JEREISSATI (AEROPORTO);;;0;KM 02;Colis?úo;Luz do Dia;Bom;Seca;Meio de Quadra;;;0;0;2;1;0;0;0;0;0;0;0;0;-3,783932000000000;-38,529156000000000
259138;2;5;2015;08:30;0;AV WASHINGTON SOARES;;;240;;Atropelamento;Luz do Dia;Bom;Seca;Meio de Quadra;;;0;1;2;0;0;0;0;0;0;1;0;0;-3,757478000000000;-38,489350000000000
258874;2;5;2015;18:30;0;RD BR 116;;;4000;KM-04;Atropelamento;Anoitecer;Bom;Seca;Meio de Quadra;N?úo H?í Controle;Comercial;1;0;1;1;0;0;0;0;0;0;0;0;-3,788331000000000;-38,510646000000000
261691;2;5;2015;03:32;0;RUA MONTE LIBANO;;;0;;Queda;;;;Meio de Quadra;;;0;1;0;0;0;0;0;0;0;1;0;0;;
261701;2;5;2015;15:45;25133;AV JOSE BASTOS;RUA CANDIDO JUCA;;0;;Queda;Luz do Dia;;;T;Pare;Comercial;0;1;0;0;0;0;0;0;0;1;0;0;-3,743894000000000;-38,544419000000000
261702;2;5;2015;15:49;0;RUA ALAGOAS;;;0;;Atropelamento;Luz do Dia;;;Meio de Quadra;;;0;1;1;0;0;0;0;0;0;1;0;0;-3,761704000000000;-38,567476000000000
261703;2;5;2015;16:53;0;AV FRANCISCO SA;;;0;;Colis?úo;Luz do Dia;;;Meio de Quadra;;;0;1;1;1;0;0;0;0;0;1;0;0;-3,714916000000000;-38,564730000000000
261693;2;5;2015;05:16;0;AV MAE LISBOA;;;0;;Colis?úo;Amanhecer;;;Meio de Quadra;;;0;1;0;0;0;0;0;0;0;0;0;0;;
261694;2;5;2015;06:54;0;RUA CON DE CASTRO;;;0;;Colis?úo;Luz do Dia;;;Meio de Quadra;;;0;1;1;0;0;0;1;0;0;1;0;0;-3,802062000000000;-38,589354000000000
261695;2;5;2015;08:45;0;AV ALBERTO CRAVEIRO;;;0;;Colis?úo;Luz do Dia;;;Meio de Quadra;;;0;1;1;1;0;0;0;0;0;1;0;0;-3,801569000000000;-38,520248000000000
261696;2;5;2015;12:43;0;AV BORGES DE MELO;;;0;;Colis?úo;Luz do Dia;;;Meio de Quadra;;;0;1;1;1;0;0;0;0;0;1;0;0;;
261697;2;5;2015;13:30;5039;RUA PESSOA ANTA;AV ALBERTO NEPOMUCENO;;0;;Colis?úo;Luz do Dia;;;;;;0;1;1;1;0;0;0;0;0;1;0;0;-3,721257000000000;-38,523212000000000
261698;2;5;2015;13:37;0;AV GOV RAUL BARBOSA;;;0;;Colis?úo;Luz do Dia;;;Meio de Quadra;;;0;1;0;1;0;0;0;0;0;0;0;0;-3,766348000000000;-38,508993000000000
261699;2;5;2015;14:29;0;AV GOV RAUL BARBOSA;;;0;;Colis?úo;Luz do Dia;;;Meio de Quadra;;;0;1;0;1;0;0;0;0;0;0;0;0;-3,766367000000000;-38,508993000000000
261708;2;5;2015;20:05;0;RUA PRO VIRGILIO DE MORAIS;;;0;;Atropelamento;;;;Meio de Quadra;;;0;1;1;0;0;0;0;0;0;1;0;0;;
261709;2;5;2015;21:29;0;AV BEZERRA DE MENEZES;;;0;;Colis?úo;;;;Meio de Quadra;;;0;1;1;1;0;0;0;0;0;1;0;0;;
261706;2;5;2015;18:53;0;AV JOR THOMAZ COELHO;;;1342;;Atropelamento;;;;Meio de Quadra;;;1;1;0;0;0;0;0;0;0;1;0;0;-3,830338000000000;-38,507408000000000
261715;2;5;2015;23:41;0;AV A CJ POLAR;;;0;;Colis?úo;;;;Meio de Quadra;;;0;1;0;0;0;0;0;0;0;0;0;0;;
261713;2;5;2015;21:52;18552;RUA OSORIO CORREIA;RUA CEREJEIRAS;;0;;Colis?úo;;;;Cruz;N?úo H?í Controle;Residencial;0;2;0;1;1;0;0;0;0;0;0;0;-3,821969000000000;-38,599378000000000
259746;2;5;2015;15:00;9700;RUA OSCAR ARARIPE;RUA BARRA VERMELHA;;0;;Colis?úo;Luz do Dia;;;Cruz;Pare;Residencial;0;2;0;0;0;0;0;0;0;1;0;0;-3,786343000000000;-38,614369000000000
270583;2;5;2015;10:34;5185;RUA LIBERATO BARROSO;RUA TEREZA CRISTINA;;0;;Colis?úo;Luz do Dia;;;Cruz;Pare;Comercial;0;0;2;0;0;0;0;0;0;0;0;0;-3,725833000000000;-38,536404000000000
270588;2;5;2015;14:46;5340;AV DUQ CAXIAS;RUA VINTE E QUATRO DE MAIO;;0;;Colis?úo;Luz do Dia;;;Cruz;Sem?íforo;Comercial;0;0;2;0;0;0;0;0;0;0;0;0;-3,730708000000000;-38,533230000000000
270591;2;5;2015;19:54;0;RUA NOGUEIRA ACIOLI;;;1851;;Atropelamento;;;;Meio de Quadra;;;0;0;2;0;0;0;0;0;0;0;0;0;-3,739761000000000;-38,520240000000000
270593;2;5;2015;21:05;0;AV GODOFREDO MACIEL;;;0;;Colis?úo;;;;Meio de Quadra;;;0;0;2;0;0;0;0;0;0;0;0;0;;
270596;2;5;2015;21:27;0;AV GAL OSORIO DE PAIVA;;;6770;;Colis?úo;;;;Meio de Quadra;;;0;0;2;0;0;0;0;0;0;0;0;0;-3,813008000000000;-38,610073000000000
267194;2;5;2015;11:11;7223;RUA IRINEU DE SOUZA;RUA ALVES LIMA;;0;;Colis?úo;Luz do Dia;;;Cruz;Pare;Residencial;0;0;2;0;0;0;0;0;0;0;0;0;-3,710391000000000;-38,569298000000000
267196;2;5;2015;15:42;0;RUA JULIO PINTO D04;;;2321;;Colis?úo;Luz do Dia;;;Meio de Quadra;;;0;0;2;0;0;0;0;0;0;0;0;0;-3,726317000000000;-38,545180000000000
261032;2;5;2015;23:51;0;AV ENG HUMBERTO MONTE;;;0;;Colis?úo;;;;Meio de Quadra;;;0;0;2;1;0;0;0;0;0;0;0;0;;
261013;2;5;2015;13:49;0;RUA MON CATAO;;;0;;Colis?úo;Luz do Dia;;;Meio de Quadra;;;0;0;2;1;0;0;0;0;0;0;0;0;;
252064;2;5;2015;11:40;11069;RUA SUECIA;RUA EQUADOR;;0;;Colis?úo Lateral;Luz do Dia;Bom;Seca;T;Pare;Residencial;0;2;1;1;0;0;0;0;0;1;0;0;-3,784449000000000;-38,557111000000000
251034;2;5;2015;02:00;0;AV ENG HUMBERTO MONTE;;;2677;;Choque c/ Obst?ículo Fixo;Via Iluminada;Bom;Seca;Meio de Quadra;N?úo H?í Controle;Comercial;0;0;1;1;0;0;0;0;0;0;0;0;-3,739038000000000;-38,568860000000000
251027;2;5;2015;15:00;15104;AV HIS RAIMUNDO GIRAO;RUA ILDEFONSO ALBANO;;0;;Colis?úo Traseira;Luz do Dia;Bom;Seca;Cruz;Sem?íforo;Residencial;0;1;1;1;1;0;0;0;0;0;0;0;-3,721603000000000;-38,509542000000000
251015;2;5;2015;13:00;5359;RUA METON DE ALENCAR;RUA TEREZA CRISTINA;;0;;Colis?úo Lateral;Luz do Dia;Bom;Seca;;Sem?íforo;Comercial;0;1;2;1;0;0;0;0;0;1;0;0;-3,731262000000000;-38,538031000000000
251016;2;5;2015;14:00;0;AV ALBERTO NEPOMUCENO;;;0;;Colis?úo Transversal;Luz do Dia;Bom;Seca;Outros;Outros;Comercial;0;0;2;1;0;0;0;0;0;1;0;0;;
251017;2;5;2015;13:15;0;RUA PESSOA ANTA;;;14;;Colis?úo Traseira;Luz do Dia;Chuva;Molhada;Meio de Quadra;N?úo H?í Controle;Comercial;0;1;1;1;0;0;0;0;0;1;0;0;-3,721247000000000;-38,523130000000000
251019;2;5;2015;02:00;0;RUA TOMAS RODRIGUES;RUA CEL JOAQUIM FRANKLIN;;0;;;Via Iluminada;Nublado;Seca;Meio de Quadra;Pare;Comercial;0;1;1;1;0;0;0;0;0;0;0;0;;
251039;2;5;2015;11:00;12032;AV CASTELO DE CASTRO;AV BULEVAR I;;0;;Colis?úo Traseira;Luz do Dia;Bom;Seca;Cruz;Pare;Comercial;0;0;2;1;0;0;0;0;0;0;0;0;-3,833689000000000;-38,521582000000000
251052;2;5;2015;02:00;0;AV LINEU MACHADO;;;1176;;Colis?úo Lateral;Luz do Dia;Bom;Seca;Meio de Quadra;Sem?íforo;Residencial;0;0;2;1;0;0;0;0;0;0;0;0;-3,770139000000000;-38,579144000000000
251059;2;5;2015;05:45;4021;AV PRO GOMES DE MATOS;RUA DES PRAXEDES;;0;;Colis?úo Transversal;Luz do Dia;Bom;Seca;Cruz;Sem?íforo;Comercial;0;2;0;1;0;0;0;0;0;0;0;0;-3,761872000000000;-38,546229000000000
251064;2;5;2015;16:20;1270;RUA JOAO CORDEIRO;RUA PINTO MADEIRA;;0;;Colis?úo Transversal;Luz do Dia;Bom;Seca;Cruz;;Residencial;0;0;2;1;0;0;0;0;0;0;0;0;-3,732960000000000;-38,515428000000000
251069;2;5;2015;10:00;7519;RUA PEDRO DANTAS;RUA TORRES DE MELO;;0;;Queda;Luz do Dia;Bom;Seca;Cruz;Pare;Residencial;0;1;0;0;0;0;0;0;0;1;0;0;-3,786094000000000;-38,520909000000000
251093;2;5;2015;18:00;0;AV FRANCISCO SA;;;3930;;Colis?úo Transversal;Via Iluminada;Bom;Seca;Meio de Quadra;Pare;Comercial;0;0;2;1;1;0;0;0;0;0;0;0;-3,716470000000000;-38,560125000000000
251094;2;5;2015;20:00;5436;RUA GAL CLARINDO DE QUEIROZ;RUA JAIME BENEVOLO;;0;;Colis?úo Transversal;Via Iluminada;Bom;Seca;Cruz;Pare;Comercial;0;2;1;1;0;0;0;0;0;0;0;0;-3,734060000000000;-38,526017000000000
251095;2;5;2015;09:10;0;RUA ILDEFONSO ALBANO;;;14001;;Colis?úo Frontal;Luz do Dia;Bom;Seca;Meio de Quadra;N?úo H?í Controle;Residencial;0;0;2;1;0;0;0;0;0;0;0;0;;
251049;2;5;2015;14:30;0;AV GOV RAUL BARBOSA;;;5354;;Engavetamento;Luz do Dia;Bom;Seca;Meio de Quadra;N?úo H?í Controle;Comercial;0;1;3;1;0;0;0;0;0;0;0;0;-3,766404000000000;-38,508993000000000
251102;2;5;2015;09:30;6728;RUA DR GILBERTO STUDART;RUA JOSE C DA SILVEIRA;;0;;Colis?úo Lateral;Luz do Dia;Bom;Seca;Cruz;Pare;Residencial;0;0;2;1;0;0;0;0;0;0;0;0;-3,742857000000000;-38,483315000000000
251107;2;5;2015;17:30;239;AV JOVITA FEITOSA;RUA CRUZ SALDANHA;;0;;Colis?úo Transversal;Anoitecer;Bom;Seca;Cruz;N?úo H?í Controle;Residencial;1;0;1;0;0;1;0;0;0;1;0;0;-3,739205000000000;-38,553174000000000
251113;2;5;2015;16:00;13478;RUA ILDEFONSO ALBANO;RUA PINHO PESSOA;;0;;Colis?úo Transversal;Luz do Dia;Bom;Seca;Cruz;Pare;Residencial;0;0;2;1;0;0;0;0;0;0;0;0;-3,744667000000000;-38,517011000000000
251114;2;5;2015;13:10;26236;RUA BERNARDO MANUEL;AV DR SILAS MUNGUBA;;0;;Colis?úo;Luz do Dia;Bom;Seca;;;;0;1;1;1;0;0;0;0;0;0;0;0;-3,787538000000000;-38,547960000000000
251111;2;5;2015;21:35;25662;AV PRS COSTA E SILVA;RUA MUCAMBINHO (MESSEJANA);;0;;Colis?úo;Via Iluminada;Bom;Seca;T;Sem?íforo;Comercial;0;1;1;0;1;0;0;0;1;0;0;0;-3,830379000000000;-38,507235000000000
251126;2;5;2015;15:00;0;RUA BAR SOBRAL;;;596;;Colis?úo Transversal;Luz do Dia;Bom;Seca;Meio de Quadra;Pare;Residencial;0;1;1;1;0;0;0;0;0;1;0;0;-3,766919000000000;-38,554353000000000
251133;2;5;2015;09:20;0;AV ABOLICAO;;;2311;;Colis?úo Lateral;Luz do Dia;Bom;Seca;Meio de Quadra;N?úo H?í Controle;Comercial;0;0;2;0;1;0;0;0;0;0;0;0;-3,726348000000000;-38,498514000000000