COD_ACIDENTE;DIA;MES;ANO;HORA;INTERSECAO;LOG1;LOG2;LOG3;NUMERO;REFERENCIA;NATUREZA;ILUMINACAO;TEMPO;SUPERFICIEPISTA;TIPOCRUZAMENTO;CONTROLETRAFEGO;USOSOLO;MORTOS;FERIDOS;ILESOS;AUTOMOVEL;ONIBUS;BICICLETA;CAMINHAO;MICROONIBUS;CICLOMOTOR;MOTOCICLETA;TRACAOANIMAL;TREM;LATITUDE;LONGITUDE
251142;2;5;2015;08:10;0;AV ABOLICAO;;;2311;;Choque c/ Obst?ículo Fixo;Luz do Dia;Bom;Seca;Meio de Quadra;N?úo H?í Controle;Comercial;0;0;1;1;0;0;0;0;0;0;0;0;-3,726348000000000;-38,498514000000000
251152;2;5;2015;07:40;0;AV PRS CASTELO BRANCO;;;384;PEFOCE;Colis?úo Traseira;Luz do Dia;Bom;Seca;Meio de Quadra;N?úo H?í Controle;Residencial;0;0;2;1;0;0;0;0;0;1;0;0;;
251158;2;5;2015;23:45;16057;AV PRS COSTA E SILVA;AV WENEFRIDO MELO;;0;;Colis?úo Frontal;Via Iluminada;Bom;Seca;;N?úo H?í Controle;Residencial;0;1;1;1;0;0;0;0;0;1;0;0;-3,811743000000000;-38,574739000000000
261078;3;5;2015;01:12;0;RUA ANA BILHAR;;;0;;Colis?úo;;;;Meio de Quadra;;;0;0;2;1;0;0;0;0;0;0;0;0;;
261081;3;5;2015;18:54;0;AV 13 DE MAIO;;;0;;Colis?úo;;;;Meio de Quadra;;;0;0;2;1;1;0;0;0;0;0;0;0;;
251940;3;5;2015;09:30;0;AV DUQ CAXIAS;RUA BAR RIO BRANCO;;550;;Colis?úo Traseira;;Bom;;Meio de Quadra;;;0;1;1;0;0;0;0;0;0;1;0;0;-3,731955000000000;-38,529363000000000
251014;3;5;2015;09:30;5098;RUA CASTRO E SILVA;RUA SEN POMPEU;;0;;Colis?úo Lateral;Luz do Dia;Bom;Seca;Cruz;Sem?íforo;Comercial;0;1;1;1;0;0;0;0;0;1;0;0;-3,723468000000000;-38,528597000000000
251020;3;5;2015;07:20;0;AV JOSE BASTOS;;;5579;;Colis?úo Traseira;Luz do Dia;Bom;Seca;Meio de Quadra;Sem?íforo;Residencial;0;1;1;1;0;0;0;0;0;1;0;0;-3,760494000000000;-38,564431000000000
251021;3;5;2015;10:10;0;AV ROGACIANO LEITE;;;2450;;Choque c/ Obst?ículo Fixo;Luz do Dia;Bom;Seca;Meio de Quadra;Pare;Residencial;0;1;0;1;0;0;0;0;0;0;0;0;-3,777076000000000;-38,500662000000000
251023;3;5;2015;16:30;1601;RUA PDE VALDEVINO;RUA VIS MAUA;;0;;Colis?úo Lateral;Luz do Dia;Nublado;Seca;Cruz;Pare;Comercial;0;0;2;1;0;0;0;0;0;0;0;0;-3,743773000000000;-38,501876000000000
251024;3;5;2015;14:00;0;RUA PRO COSTA MENDES;;;2050;;Colis?úo Transversal;Luz do Dia;Bom;Seca;Meio de Quadra;N?úo H?í Controle;Comercial;0;0;2;1;1;0;0;0;0;0;0;0;-3,746638000000000;-38,555801000000000
251025;3;5;2015;12:30;25237;RUA PRISCO BEZERRA;RUA EMIDIO LOBO;;0;;Colis?úo Lateral;Luz do Dia;Bom;Seca;Cruz;N?úo H?í Controle;Residencial;0;2;0;1;0;0;0;0;0;1;0;0;-3,738255000000000;-38,470085000000000
251026;3;5;2015;23:11;1406;AV DES MOREIRA;RUA DES LEITE ALBUQUERQUE;;0;;Colis?úo Transversal;Via Iluminada;Bom;Seca;Cruz;Sem?íforo;Comercial;0;0;2;1;1;0;0;0;0;0;0;0;-3,737220000000000;-38,498678000000000
251018;3;5;2015;14:40;13537;AV SORIANO ALBUQUERQUE;RUA ILDEFONSO ALBANO;;0;;Colis?úo Lateral;Luz do Dia;Bom;Seca;Cruz;Sem?íforo;Comercial;0;0;2;1;0;0;0;0;0;0;0;0;-3,748124000000000;-38,518063000000000
262767;3;5;2015;04:00;1709;RUA CAP ARAGAO;RUA CAP OLAVO;;0;;Colis?úo;;;;Cruz;Pare;Comercial;0;1;0;0;0;0;0;0;0;1;0;0;-3,765348000000000;-38,515937000000000
267199;3;5;2015;03:15;1701;RUA CAP ARAGAO;RUA CAP VASCONCELOS D46;;0;;Colis?úo;;;;Cruz;Sem?íforo;Residencial;0;0;2;0;0;0;0;0;0;0;0;0;-3,765538000000000;-38,517041000000000
267200;3;5;2015;06:34;12068;AV CASTELO DE CASTRO;AV MON AMARILIO RODRIGUES;;0;;Colis?úo;Luz do Dia;;;Cruz;Sem?íforo;Misto;0;0;2;0;0;0;0;0;0;0;0;0;-3,835217000000000;-38,521635000000000
267202;3;5;2015;06:36;0;RUA AUDISIO PINHEIRO;;;0;;Colis?úo;Luz do Dia;;;Meio de Quadra;;;0;0;2;0;0;0;0;0;0;0;0;0;;
267204;3;5;2015;09:25;25672;RUA LINS DO REGO;AV AUGUSTO DOS ANJOS;;0;;Colis?úo;Luz do Dia;;;T;;Comercial;0;0;2;0;0;0;0;0;0;0;0;0;-3,780923000000000;-38,579816000000000
267205;3;5;2015;12:15;0;AV ENG LEAL LIMA VERDE (SAPIRANGA/COITE);;;540;;Colis?úo;Luz do Dia;;;Meio de Quadra;;;0;0;2;0;0;0;0;0;0;0;0;0;;
267207;3;5;2015;18:50;5374;AV DUQ CAXIAS;RUA BAR RIO BRANCO;;0;;Colis?úo;;;;Cruz;N?úo H?í Controle;Comercial;0;0;2;0;0;0;0;0;0;0;0;0;-3,731774000000000;-38,529947000000000
267208;3;5;2015;19:15;16709;RUA JOAQUIM CORREIA;RUA PLANALTINA (PL AYRTON SENNA);;0;;Colis?úo;;;;;;;0;0;2;0;0;0;0;0;0;0;0;0;-3,835665000000000;-38,568885000000000
270602;3;5;2015;10:07;0;RUA DEMETRIO MENEZES;;;3616;;Colis?úo;Luz do Dia;;;Meio de Quadra;;;0;0;2;0;0;0;0;0;0;0;0;0;-3,735041000000000;-38,584173000000000
270608;3;5;2015;10:32;18743;RUA VALPARAISO;RUA CATOLE;;0;;Colis?úo;Luz do Dia;;;Cruz;Pare;Residencial;0;0;2;0;0;0;0;0;0;0;0;0;-3,846407000000000;-38,520171000000000
270609;3;5;2015;17:09;12699;AV CEL CARVALHO;AV MAJ ASSIS;;0;;Colis?úo;Anoitecer;;;Cruz;Sem?íforo;Residencial;0;0;2;0;0;0;0;0;0;0;0;0;-3,723796000000000;-38,586255000000000
270610;3;5;2015;18:44;0;RUA CEL OLEGARIO MEMORIA;;;1663;;Colis?úo;;;;Meio de Quadra;;;0;0;2;0;0;0;0;0;0;0;0;0;;
270605;3;5;2015;10:18;0;AV SANTOS DUMONT;;;6050;;Colis?úo;Luz do Dia;;;Meio de Quadra;;;0;0;2;0;0;0;0;0;0;0;0;0;-3,742784000000000;-38,478024000000000
270606;3;5;2015;10:20;183;AV CEL CARVALHO;RUA DEMETRIO MENEZES;;0;;Colis?úo;Luz do Dia;;;;;;0;0;2;0;0;0;0;0;0;0;0;0;-3,731488000000000;-38,584591000000000
270612;3;5;2015;20:40;0;AV DR SILAS MUNGUBA;;;0;;Colis?úo;;;;Meio de Quadra;;;0;0;2;0;0;0;0;0;0;0;0;0;;
270614;3;5;2015;06:42;0;AV ROGACIANO LEITE;;;0;;Choque c/ Obst?ículo Fixo;Luz do Dia;;;Meio de Quadra;;;0;0;1;0;0;0;0;0;0;0;0;0;;
270617;3;5;2015;07:45;0;AV ROGACIANO LEITE;;;8841;;Choque c/ Obst?ículo Fixo;Luz do Dia;;;Meio de Quadra;;;0;0;1;0;0;0;0;0;0;0;0;0;;
270618;3;5;2015;18:47;0;AV ALBERTO CRAVEIRO;;;0;;Atropelamento;;;;Meio de Quadra;;;0;0;2;0;0;0;0;0;0;0;0;0;;
270620;3;5;2015;19:27;0;RUA TEN BOTELHO;;;177;;Queda;;;;Meio de Quadra;;;0;0;1;0;0;0;0;0;0;1;0;0;-3,814633000000000;-38,559392000000000
251008;3;5;2015;16:30;0;RUA RAIMUNDO GOMES;;;560;;Colis?úo Lateral Sentido Oposto;Via Iluminada;Chuva;Seca;Meio de Quadra;Outros;Residencial;0;0;2;1;0;0;0;0;0;0;0;0;-3,713360000000000;-38,593394000000000
251009;3;5;2015;13:30;0;AV DOS EXPEDICIONARIOS;;;9959;;Colis?úo Traseira;Luz do Dia;Bom;Seca;Meio de Quadra;Pare;Comercial;0;1;1;0;1;0;0;0;0;1;0;0;-3,803809000000000;-38,552939000000000
251010;3;5;2015;16:10;6801;RUA ANDRADE FURTADO;RUA PRO OTAVIO LOBO;;0;;Colis?úo Lateral;Luz do Dia;Bom;Seca;Cruz;Sem?íforo;Comercial;0;0;2;1;1;0;0;0;0;0;0;0;-3,745750000000000;-38,479651000000000
251011;3;5;2015;18:10;0;AV CARNEIRO DE MENDONCA;;;1502;;Colis?úo Traseira;Anoitecer;Nublado;Seca;Meio de Quadra;Sem?íforo;Comercial;0;0;3;1;0;0;0;0;0;0;0;0;-3,761255000000000;-38,572076000000000
251012;3;5;2015;20:00;0;AV GAL OSORIO DE PAIVA;;;6801;;Atropelamento;Mal Iluminada;Nublado;Seca;Meio de Quadra;N?úo H?í Controle;Comercial;1;1;0;0;0;0;0;0;0;1;0;0;-3,813093000000000;-38,610156000000000
267322;3;5;2015;20:02;0;RUA MARIA JULIA ROCHA;;;0;;Colis?úo;;;;Meio de Quadra;;;0;0;2;0;0;0;0;0;0;0;0;0;;
267323;3;5;2015;20:16;0;RUA JOSE TORRES;;;2819;;Colis?úo;;;;Meio de Quadra;;;0;0;2;0;0;0;0;0;0;0;0;0;;
267324;3;5;2015;20:48;19588;RUA TCHECOSLOVAQUIA;RUA DES BALTAR;;0;;Colis?úo;;;;;;;0;0;2;0;0;0;0;0;0;0;0;0;-3,785225000000000;-38,570228000000000
267325;3;5;2015;21:20;2219;RUA SEN ROBERT KENNEDY;RUA CHICO XAVIER;;0;;Colis?úo;;;;Cruz;N?úo H?í Controle;Residencial;0;0;2;0;0;0;0;0;0;0;0;0;-3,702091000000000;-38,578081000000000
267327;3;5;2015;21:55;0;RUA BOM JESUS (GRANJA LISBOA);;;2524;;Colis?úo;;;;Meio de Quadra;;;0;0;2;0;0;0;0;0;0;0;0;0;;
261750;3;5;2015;19:02;7733;AV JOAO PESSOA;RUA BAR SOBRAL;;0;;Colis?úo;;;;Outros;Sem?íforo;Comercial;0;1;0;1;0;0;0;0;0;0;0;0;-3,764518000000000;-38,558693000000000
261748;3;5;2015;15:56;0;RUA MOCA BONITA;;;0;;Colis?úo;Luz do Dia;;;Meio de Quadra;;;0;1;1;1;0;0;0;0;0;1;0;0;;
261760;3;5;2015;19:57;0;RUA VINTE E UM DE ABRIL;;;328;;Colis?úo;;;;Meio de Quadra;;;1;1;0;0;0;0;0;0;0;1;0;0;;
261761;3;5;2015;20:54;0;AV MR HULL;;;0;;Queda;;;;Meio de Quadra;;;0;1;0;0;0;0;0;0;0;1;0;0;-3,737599000000000;-38,576659000000000
261762;3;5;2015;22:39;0;RD BR 116;;;15000;KM-15;Colis?úo;;;;Meio de Quadra;;;0;1;1;0;0;0;0;0;0;1;0;0;-3,882329000000000;-38,501113000000000
261757;3;5;2015;19:13;0;RUA EMILIO DE MENESES;;;0;;Colis?úo;;;;Meio de Quadra;;;0;1;1;1;0;0;0;0;0;1;0;0;-3,782763000000000;-38,583831000000000
261736;3;5;2015;06:41;7393;RUA PRO EDGAR DE ARRUDA;RUA AUDISIO PINHEIRO;;0;;Colis?úo;Luz do Dia;;;Cruz;Pare;Residencial;0;1;1;1;0;0;0;0;0;1;0;0;-3,756603000000000;-38,587846000000000
261737;3;5;2015;05:48;0;AV JOSE BASTOS;;;0;;Colis?úo;Amanhecer;;;Meio de Quadra;;;0;1;1;1;0;0;0;0;0;1;0;0;;
261738;3;5;2015;06:48;5098;RUA SEN POMPEU;RUA CASTRO E SILVA;;0;;Colis?úo;Luz do Dia;;;Cruz;Sem?íforo;Comercial;0;1;1;1;0;0;0;0;0;1;0;0;-3,723468000000000;-38,528597000000000
261739;3;5;2015;08:00;0;AV MR HULL;;;0;;Colis?úo;Luz do Dia;;;Meio de Quadra;;;0;1;1;1;0;0;0;0;0;1;0;0;-3,737573000000000;-38,576450000000000
261740;3;5;2015;08:45;0;RUA ABEL RIBEIRO;;;0;;Queda;Luz do Dia;;;Meio de Quadra;;;0;1;0;0;0;0;0;0;0;1;0;0;-3,780998000000000;-38,577511000000000
261741;3;5;2015;08:50;0;AV WASHINGTON SOARES;;;0;;Colis?úo;Luz do Dia;;;Meio de Quadra;;;0;1;1;1;0;0;0;0;0;1;0;0;;
261742;3;5;2015;11:00;0;RUA BERNARDO MANUEL;;;0;;Colis?úo;Luz do Dia;;;Meio de Quadra;;;0;1;0;0;0;0;0;0;0;0;0;0;;
261743;3;5;2015;11:53;0;AV RAD JOSE LIMA VERDE;;;0;;Colis?úo;Luz do Dia;;;Meio de Quadra;;;0;1;1;1;0;0;0;0;0;1;0;0;-3,696343000000000;-38,586407000000000
261744;3;5;2015;13:16;0;RUA FLORENCIO ALENCAR;;;643;;Atropelamento;Luz do Dia;;;Meio de Quadra;;;0;1;0;1;0;0;0;0;0;0;0;0;;
261746;3;5;2015;15:33;0;AV CARNEIRO DE MENDONCA;;;0;;Queda;Luz do Dia;;;Meio de Quadra;;;0;0;1;0;0;1;0;0;0;0;0;0;;
261727;3;5;2015;00:01;0;AV GODOFREDO MACIEL;;;0;;Queda;;;;Meio de Quadra;;;0;1;0;0;0;0;0;0;0;1;0;0;-3,781261000000000;-38,565234000000000
261728;3;5;2015;00:31;5438;RUA ASSUNCAO;RUA METON DE ALENCAR;;0;;Colis?úo;;;;Cruz;Pare;Comercial;0;1;1;1;0;0;0;0;0;1;0;0;-3,734332000000000;-38,528594000000000
261729;3;5;2015;01:04;0;AV ENG HUMBERTO MONTE;;;0;;Colis?úo;;;;Meio de Quadra;;;0;1;1;1;0;0;0;0;0;1;0;0;-3,749847000000000;-38,559937000000000
261730;3;5;2015;02:23;0;RUA SEN POMPEU;AV 13 DE MAIO;;0;;Colis?úo;;;;;N?úo H?í Controle;Residencial;1;1;0;1;0;0;0;0;0;1;0;0;;
261731;3;5;2015;03:45;0;RUA CARIUS;;;0;;Queda;;;;Meio de Quadra;;;0;1;0;0;0;0;0;0;0;1;0;0;;
258875;3;5;2015;12:30;0;RD BR 116;;;2000;KM-02;Colis?úo Lateral;Luz do Dia;Bom;Seca;Meio de Quadra;N?úo H?í Controle;Comercial;0;1;2;0;0;0;0;0;0;1;0;0;-3,771391000000000;-38,516780000000000
258881;3;5;2015;23:00;0;RD BR 116;;;15000;KM-15;Colis?úo Traseira;Via Iluminada;Bom;Seca;Meio de Quadra;N?úo H?í Controle;Comercial;0;10;0;0;0;0;0;0;0;1;0;0;-3,882329000000000;-38,501113000000000
259143;3;5;2015;02:30;0;RD CE-065;;;0;;Choque c/ Obst?ículo Fixo;;Bom;Seca;Meio de Quadra;;;0;1;0;1;0;0;0;0;0;0;0;0;;
259144;3;5;2015;08:30;0;RD CE-040;;;0;KM-09;Colis?úo;Luz do Dia;Bom;Seca;Meio de Quadra;;;1;0;2;0;0;0;0;0;0;1;0;0;-3,824774000000000;-38,481431000000000
258958;4;5;2015;10:40;0;RD BR 222;;;0;KM-02;Colis?úo Traseira;Luz do Dia;Bom;Seca;Meio de Quadra;N?úo H?í Controle;Comercial;0;0;2;1;0;0;1;0;0;0;0;0;-3,738951000000000;-38,586880000000000
261763;4;5;2015;05:04;9155;AV LUCIANO CARNEIRO;AV EDUARDO GIRAO;;0;;;Amanhecer;;;Cruz;Sem?íforo;Comercial;0;1;0;0;0;0;0;0;0;0;0;0;-3,752275000000000;-38,532811000000000
261766;4;5;2015;06:13;0;AV GODOFREDO MACIEL;;;0;;Colis?úo;Luz do Dia;;;Meio de Quadra;;;0;1;0;0;0;0;0;0;0;0;0;0;-3,827055000000000;-38,579687000000000
261767;4;5;2015;06:57;0;AV WASHINGTON SOARES;;;0;;Atropelamento;Luz do Dia;;;Meio de Quadra;;;0;1;1;1;0;0;0;0;0;0;0;0;;
261768;4;5;2015;07:20;0;AV MR HULL;;;0;;Atropelamento;Luz do Dia;;;Meio de Quadra;;;0;1;1;1;0;0;0;0;0;0;0;0;-3,740224000000000;-38,595421000000000
261777;4;5;2015;12:06;0;RUA DR JOSE LOURENCO;;;0;;;Luz do Dia;;;Meio de Quadra;;;0;1;1;1;0;1;0;0;0;0;0;0;;
261809;4;5;2015;17:13;0;RUA TUPI D35;;;1829;;Colis?úo;Anoitecer;;;Meio de Quadra;;;0;0;2;1;0;0;0;0;0;1;0;0;-3,772848000000000;-38,585519000000000
261770;4;5;2015;10:51;0;AV JOR THOMAZ COELHO;;;0;;Queda;Luz do Dia;;;Meio de Quadra;;;0;1;0;0;0;0;0;0;0;1;0;0;;
261779;4;5;2015;12:06;24996;AV JOSE BASTOS;RUA PERNAMBUCO;;0;;Colis?úo;Luz do Dia;;;;N?úo H?í Controle;Comercial;0;1;1;1;0;0;0;0;0;1;0;0;-3,762017000000000;-38,565419000000000
261812;4;5;2015;17:12;7642;RUA ESTADO DO RIO;RUA RIO GRANDE DO NORTE;;0;;Colis?úo;Anoitecer;;;Cruz;Pare;Comercial;0;1;1;1;0;0;0;0;0;1;0;0;-3,757063000000000;-38,569969000000000
267328;4;5;2015;10:18;0;RUA ALVES BATISTA;;;0;;Colis?úo;Luz do Dia;;;Meio de Quadra;;;0;0;2;0;0;0;0;0;0;0;0;0;;
270628;4;5;2015;03:37;0;AV J CJ CEARA;;;673;;Colis?úo;;;;Meio de Quadra;;;0;0;2;0;0;0;0;0;0;0;0;0;-3,763051000000000;-38,614202000000000
270629;4;5;2015;08:43;0;RUA JORGE FIGUEIREDO (ANCURI);;;3211;;Colis?úo;Luz do Dia;;;Meio de Quadra;;;0;0;2;0;0;0;0;0;0;0;0;0;;
270634;4;5;2015;11:05;0;AV JOAO PESSOA;;;6427;;Colis?úo;Luz do Dia;;;Meio de Quadra;;;0;0;2;0;0;0;0;0;0;0;0;0;-3,766498000000000;-38,559500000000000
270636;4;5;2015;11:48;0;AV CARNEIRO DE MENDONCA;;;1520;;Colis?úo;Luz do Dia;;;Meio de Quadra;;;0;0;2;0;0;0;0;0;0;0;0;0;-3,761164000000000;-38,572256000000000
270638;4;5;2015;14:18;0;AV SEN FERNANDES TAVORA;;;2426;;Colis?úo;Luz do Dia;;;Meio de Quadra;;;0;0;2;0;0;0;0;0;0;0;0;0;-3,755988000000000;-38,593815000000000
270639;4;5;2015;15:08;21540;RUA FRANCISCO ALMEIDA;RUA TULIPA NEGRA;;0;;Colis?úo;Luz do Dia;;;Cruz;N?úo H?í Controle;Residencial;0;0;2;0;0;0;0;0;0;0;0;0;-3,821930000000000;-38,594074000000000
270645;4;5;2015;15:54;0;RUA JOSE EUCLIDES F GOMES;;;0;;Choque c/ Obst?ículo Fixo;Luz do Dia;;;Meio de Quadra;;;0;0;1;0;0;0;0;0;0;0;0;0;;
270647;4;5;2015;16:54;0;RUA CEL VIRGILIO NOGUEIRA (BOM JARDIM);;;607;;Colis?úo;Luz do Dia;;;Meio de Quadra;;;0;0;2;0;0;0;0;0;0;0;0;0;-3,788638000000000;-38,608689000000000
251028;4;5;2015;23:20;0;AV AGUANAMBI;;;282;;Colis?úo Traseira;Via Iluminada;Bom;Seca;Meio de Quadra;Outros;Comercial;0;0;2;1;0;0;0;0;0;0;0;0;-3,739335000000000;-38,524772000000000
251029;4;5;2015;07:40;5437;RUA METON DE ALENCAR;RUA FLORIANO PEIXOTO;;0;;Colis?úo Transversal;Luz do Dia;Bom;Seca;Cruz;Pare;Comercial;0;1;1;1;0;0;0;0;0;1;0;0;-3,734071000000000;-38,529358000000000
251030;4;5;2015;15:50;1234;AV SANTOS DUMONT;RUA ANTONIO AUGUSTO;;0;;Colis?úo Lateral;;Bom;Seca;Cruz;Pare;Comercial;0;0;2;1;0;0;0;0;0;0;0;0;-3,731222000000000;-38,513733000000000
251031;4;5;2015;14:20;0;AV BEZERRA DE MENEZES;;;1820;;Colis?úo Traseira;Luz do Dia;Bom;Seca;Meio de Quadra;;Comercial;0;1;2;1;0;0;0;0;0;1;0;0;-3,734929000000000;-38,560902000000000
251032;4;5;2015;01:30;3219;RUA EMILIO DE MENESES;RUA ANSELMO NOGUEIRA;;0;;Colis?úo Lateral;Via Iluminada;Bom;Seca;Cruz;Sem?íforo;Comercial;0;0;2;1;0;0;0;0;0;0;0;0;-3,781760000000000;-38,587374000000000
251038;4;5;2015;08:20;0;AV DOMINGOS OLIMPIO;;;517;;Colis?úo Traseira;Luz do Dia;Bom;Seca;Meio de Quadra;N?úo H?í Controle;Comercial;0;0;2;1;1;0;0;0;0;0;0;0;-3,737427000000000;-38,528570000000000
251050;4;5;2015;22:15;0;AV ANTONIO SALES;;;3525;;Colis?úo Traseira;Via Iluminada;Bom;Seca;Meio de Quadra;N?úo H?í Controle;Misto;0;0;2;1;0;0;0;0;0;0;0;0;-3,749232000000000;-38,490117000000000
251051;4;5;2015;17:00;13505;AV RUI BARBOSA;RUA CEL ALVES TEIXEIRA;;0;;Colis?úo Transversal;Anoitecer;Bom;Seca;Cruz;N?úo H?í Controle;Comercial;0;0;2;0;0;0;1;0;0;0;0;0;-3,746112000000000;-38,512684000000000
251070;4;5;2015;14:00;0;RUA RIO GRANDE DO NORTE;;;679;;Colis?úo Traseira;Luz do Dia;Bom;Seca;Meio de Quadra;Outros;Residencial;0;0;2;0;0;0;0;0;0;0;0;0;;
251071;4;5;2015;14:00;0;AV PRS COSTA E SILVA;;;801;;Colis?úo Lateral;Luz do Dia;Bom;Seca;Meio de Quadra;Sem?íforo;Residencial;0;2;0;1;0;0;0;0;0;1;0;0;-3,812535000000000;-38,572563000000000
251072;4;5;2015;;0;AV GAL OSORIO DE PAIVA;;;349;;Colis?úo Traseira;Luz do Dia;Bom;Seca;Meio de Quadra;Gesto;Comercial;0;1;1;1;0;0;0;0;0;1;0;0;-3,775262000000000;-38,565938000000000
251065;4;5;2015;11:30;12440;AV AUGUSTO DOS ANJOS;RUA ARARIPE PRATA;;0;;Colis?úo Lateral;Luz do Dia;Bom;Seca;Cruz;Pare;Comercial;0;0;2;1;0;0;1;0;0;0;0;0;-3,771936000000000;-38,571749000000000
251066;4;5;2015;09:20;0;AV GAL MURILO BORGES;;;0;;Colis?úo Traseira;Luz do Dia;Bom;Seca;Meio de Quadra;Outros;Outros;0;0;2;1;0;0;0;0;0;0;0;0;;
251067;4;5;2015;10:17;13807;AV PINTO BANDEIRA D56;RUA MON CARNEIRO DA CUNHA;;0;;Colis?úo Transversal;Luz do Dia;Bom;Seca;Cruz;Pare;Residencial;0;0;2;1;0;0;0;0;0;0;0;0;-3,777001000000000;-38,487824000000000
251068;4;5;2015;15:00;0;AV BEZERRA DE MENEZES;;;2181;;Atropelamento;Luz do Dia;Bom;Seca;Meio de Quadra;Sem?íforo;Comercial;1;0;1;0;1;0;0;0;0;0;0;0;-3,735618000000000;-38,564231000000000
251060;4;5;2015;20:05;15290;RUA JOAQUIM NABUCO;RUA CANUTO DE AGUIAR;;0;;Colis?úo Transversal;;Bom;Seca;Cruz;;Residencial;0;1;1;0;0;0;0;0;0;1;0;0;-3,729360000000000;-38,499390000000000
251061;4;5;2015;14:30;4020;AV PRO GOMES DE MATOS;RUA SAMUEL UCHOA;;0;;Colis?úo Lateral;Luz do Dia;Bom;Seca;Cruz;Pare;Comercial;0;0;2;1;0;0;0;0;0;1;0;0;-3,757193000000000;-38,542215000000000
251062;4;5;2015;14:50;10863;RUA PRO HERIBALDO COSTA;RUA PORTO VELHO;;0;;Colis?úo Transversal;Luz do Dia;Bom;Seca;Cruz;Sem?íforo;Comercial;0;2;1;1;0;0;0;0;0;1;0;0;-3,765974000000000;-38,587014000000000
251063;4;5;2015;14:00;10407;AV GENIBAU;RUA ALVES BATISTA;;0;;Colis?úo Transversal;Luz do Dia;Bom;Seca;Cruz;Pare;Misto;0;1;1;1;0;0;0;0;0;1;0;0;-3,760517000000000;-38,601313000000000
251053;4;5;2015;12:08;25137;RUA BENI DE CARVALHO;RUA BARBOSA DE FREITAS;;0;;Colis?úo Traseira;Luz do Dia;Bom;Seca;Cruz;Sem?íforo;Residencial;0;1;1;1;0;0;0;0;0;0;0;0;-3,744414000000000;-38,499890000000000
251054;4;5;2015;14:10;0;AV BAR STUDART;;;2770;;Colis?úo Traseira;Luz do Dia;Bom;Seca;Meio de Quadra;N?úo H?í Controle;Comercial;0;0;2;1;1;0;0;0;0;0;0;0;-3,748225000000000;-38,510954000000000
251055;4;5;2015;12:00;0;AV DIOGUINHO;;;0;;Colis?úo Transversal;Luz do Dia;Bom;Seca;Outros;Pare;Misto;0;0;2;1;0;0;0;0;0;1;0;0;;
251056;4;5;2015;16:30;7775;AV ANTONIO SALES;AV BAR STUDART;;0;;Colis?úo;Luz do Dia;Bom;Seca;Cruz;Sem?íforo;Comercial;0;0;3;1;0;0;0;0;0;0;0;0;-3,743288000000000;-38,509378000000000
251057;4;5;2015;15:30;266;AV JOVITA FEITOSA;RUA ERICO MOTA;;0;;Colis?úo Lateral;Luz do Dia;Bom;Seca;Cruz;Sem?íforo;Comercial;0;0;2;0;0;0;0;0;0;1;0;0;-3,740938000000000;-38,561850000000000
251058;4;5;2015;00:05;14902;RUA ALFREDO MAMEDE;RUA JOAQUIM ALFREDO;;0;;Colis?úo Lateral;Via Iluminada;Bom;Seca;T;Pare;Residencial;0;1;1;1;0;0;0;0;0;1;0;0;-3,808887000000000;-38,581046000000000
251041;4;5;2015;07:40;8021;AV JOAO PESSOA;RUA SAMUEL UCHOA;;0;;Colis?úo Frontal;Luz do Dia;Bom;Seca;Duplo T;Pare;Comercial;0;0;2;1;0;0;0;0;0;0;0;0;-3,751840000000000;-38,548940000000000
251043;4;5;2015;10:40;0;AV AGUANAMBI;;;661;;Colis?úo Traseira;Luz do Dia;Bom;Seca;Meio de Quadra;N?úo H?í Controle;Comercial;0;0;2;1;0;0;1;0;0;0;0;0;-3,742773000000000;-38,525831000000000
251045;4;5;2015;10:30;17388;AV JOAO PESSOA;RUA PRO TEODORICO;;0;;Colis?úo Lateral;Luz do Dia;Bom;Seca;Cruz;Pare;Comercial;0;0;2;1;0;0;1;0;0;0;0;0;-3,766574000000000;-38,559530000000000
251048;4;5;2015;20:10;0;AV CEL CARVALHO;;;125;;Colis?úo Traseira;Via Iluminada;Bom;Seca;Meio de Quadra;N?úo H?í Controle;Comercial;0;0;2;1;1;0;0;0;0;0;0;0;-3,704062000000000;-38,591396000000000
261084;4;5;2015;14:01;0;AV CARNEIRO DE MENDONCA;;;0;;Colis?úo;Luz do Dia;;;Meio de Quadra;;;0;0;2;1;0;0;0;0;0;0;0;0;;
261085;4;5;2015;18:16;0;RUA CAP HUGO BEZERRA;;;0;;Colis?úo;Anoitecer;;;Meio de Quadra;;;0;0;2;1;0;0;0;0;0;1;0;0;;
259198;4;5;2015;11:15;0;RD CE-040;;;0;KM-06;Colis?úo;Luz do Dia;Bom;Seca;Meio de Quadra;;;0;0;2;1;0;0;1;0;0;0;0;0;-3,811270000000000;-38,478781000000000
259199;4;5;2015;12:00;0;RD CE-040;;;0;KM-08;Colis?úo Traseira;Luz do Dia;Bom;Seca;Meio de Quadra;;;0;0;2;1;0;0;0;0;0;0;0;0;-3,823332000000000;-38,481317000000000
259200;4;5;2015;16:00;0;RD CE-025;;;0;KM-01;Colis?úo;Luz do Dia;Bom;Seca;Meio de Quadra;;;0;1;1;1;0;0;0;0;0;1;0;0;-3,807681000000000;-38,470976000000000