COD_ACIDENTE;DIA;MES;ANO;HORA;INTERSECAO;LOG1;LOG2;LOG3;NUMERO;REFERENCIA;NATUREZA;ILUMINACAO;TEMPO;SUPERFICIEPISTA;TIPOCRUZAMENTO;CONTROLETRAFEGO;USOSOLO;MORTOS;FERIDOS;ILESOS;AUTOMOVEL;ONIBUS;BICICLETA;CAMINHAO;MICROONIBUS;CICLOMOTOR;MOTOCICLETA;TRACAOANIMAL;TREM;LATITUDE;LONGITUDE
259196;4;5;2015;11:00;0;RD CE-040;;;0;KM-11;Colis?úo Traseira;Luz do Dia;Bom;Seca;Meio de Quadra;;;0;0;2;0;0;0;0;0;0;0;0;0;-3,844873000000000;-38,480252000000000
259194;4;5;2015;07:00;0;RD CE-040;;;0;KM-06;Colis?úo Traseira;Luz do Dia;Bom;Seca;Meio de Quadra;;;0;2;1;1;0;0;0;0;1;0;0;0;-3,811270000000000;-38,478781000000000
259201;5;5;2015;14:50;0;RD CE-040;;;0;KM-04;Colis?úo Traseira;Luz do Dia;Bom;Seca;Meio de Quadra;;;0;0;2;1;0;0;0;0;0;0;0;0;-3,792050000000000;-38,480251000000000
261088;5;5;2015;15:58;0;AV ALBERTO CRAVEIRO;;;0;;Colis?úo;Luz do Dia;;;Meio de Quadra;;;0;0;2;1;0;0;0;0;0;1;0;0;;
251170;5;5;2015;15:00;0;RUA NUNES VALENTE;RUA PDE VALDEVINO;;0;;Colis?úo Frontal;Luz do Dia;Bom;Seca;Meio de Quadra;N?úo H?í Controle;Misto;0;0;2;1;0;0;0;0;0;0;0;0;;
251172;5;5;2015;10:05;0;AV DR SILAS MUNGUBA;;;0;ROTAT?ôRIA;Colis?úo Traseira;Luz do Dia;Nublado;Seca;Meio de Quadra;D?¬ Prefer?¬ncia;Residencial;0;0;2;1;0;0;0;0;0;1;0;0;;
251174;5;5;2015;09:30;15820;AV JOR THOMAZ COELHO;RUA GRANJA CASTELO;;0;;Colis?úo Lateral;Luz do Dia;Bom;Seca;T;Sem?íforo;Comercial;0;0;2;1;0;0;0;0;0;0;0;0;-3,832383000000000;-38,500218000000000
251175;5;5;2015;13:40;3858;AV DA UNIVERSIDADE;RUA INSTITUTO DO CEARA;;0;;Colis?úo Traseira;Luz do Dia;Bom;Seca;Cruz;Pare;Comercial;0;0;2;1;0;0;0;0;0;0;0;0;-3,738318000000000;-38,536707000000000
251177;5;5;2015;15:10;22120;RUA PRO COSTA MENDES;RUA CEL NUNES DE MELO;;0;;Colis?úo Transversal;Luz do Dia;Bom;Seca;Cruz;Pare;Comercial;0;0;2;1;0;0;0;0;0;0;0;0;-3,749003000000000;-38,553197000000000
251196;5;5;2015;18:00;0;AV PRS COSTA E SILVA;;;4007;;Colis?úo Traseira;Via Iluminada;Nublado;Seca;Meio de Quadra;N?úo H?í Controle;Outros;0;2;1;1;1;0;0;0;0;0;0;0;;
251199;5;5;2015;08:25;1716;AV GOV RAUL BARBOSA;RUA CAP ARAGAO;;0;;Colis?úo Traseira;Luz do Dia;Bom;Seca;Cruz;Sem?íforo;Lazer;0;0;3;1;0;0;0;0;0;0;0;0;-3,763977000000000;-38,508802000000000
251201;5;5;2015;07:40;24229;AV ENG SANTANA JUNIOR;AV ENG ALBERTO SA;;0;;Colis?úo Lateral;Luz do Dia;Bom;Seca;Cruz;Sem?íforo;Comercial;0;0;2;1;0;0;0;0;0;0;0;0;-3,733357000000000;-38,480624000000000
251212;5;5;2015;13:10;12818;RUA ALBERTO MAGNO;RUA ANDRE CHAVES;;0;;Colis?úo Transversal;Luz do Dia;Bom;Seca;Cruz;Pare;Comercial;0;0;2;0;0;0;0;0;0;0;0;0;-3,756035000000000;-38,542230000000000
251217;5;5;2015;08:20;0;AV ALM TAMANDARE;;;120;;Colis?úo Traseira;Luz do Dia;Bom;Seca;Meio de Quadra;N?úo H?í Controle;Comercial;0;0;2;1;0;0;1;0;0;0;0;0;-3,720722000000000;-38,519886000000000
251214;5;5;2015;21:20;17288;RUA ALBERTO MAGNO;RUA EDUARDO ANGELIM;;0;;Colis?úo Transversal;Via Iluminada;Bom;Seca;Cruz;Pare;Comercial;0;0;2;1;0;0;0;0;0;0;0;0;-3,763194000000000;-38,548491000000000
251215;5;5;2015;15:00;20075;AV PRS JUSCELINO KUBITSCHEK (PASSAR?ë);RUA PRO JOSE SILVEIRA;;0;;Colis?úo Lateral;Luz do Dia;Bom;Seca;T;Pare;Residencial;0;1;2;0;0;0;0;0;0;1;0;0;-3,808288000000000;-38,525745000000000
251221;5;5;2015;09:20;315;RUA GAL PIRAGIBE;RUA NESTOR BARBOSA;;0;;Colis?úo Transversal;Luz do Dia;Bom;Seca;Cruz;Pare;Residencial;0;1;1;1;0;0;0;0;0;1;0;0;-3,744282000000000;-38,556613000000000
251222;5;5;2015;16:30;0;AV AGUANAMBI;;;1588;;Colis?úo Lateral;Via Iluminada;Bom;Seca;Meio de Quadra;N?úo H?í Controle;Comercial;0;0;2;1;0;0;0;0;0;0;0;0;-3,750958000000000;-38,523564000000000
251224;5;5;2015;16:30;0;RUA HIL MORAES;;;333;;Colis?úo Lateral;Via Iluminada;Bom;Seca;Meio de Quadra;;Residencial;0;0;2;1;0;0;0;0;0;0;0;0;-3,772582000000000;-38,474616000000000
251225;5;5;2015;15:50;0;RUA MON SALAZAR;;;640;;Outros;Luz do Dia;Bom;Seca;Meio de Quadra;N?úo H?í Controle;Comercial;0;0;2;0;0;0;0;0;0;0;0;0;-3,756143000000000;-38,513996000000000
251148;5;5;2015;14:00;7870;RUA FRANCISCO HOLANDA;RUA LEONARDO MOTA;;0;;Colis?úo Traseira;Luz do Dia;Bom;Seca;T;Pare;Residencial;0;0;2;1;0;0;0;0;0;0;0;0;-3,749968000000000;-38,500586000000000
251237;5;5;2015;13:30;15373;AV DOM LUIS;RUA FRE MANSUETO;;0;;Colis?úo Traseira;Luz do Dia;Bom;Seca;Cruz;Sem?íforo;Comercial;0;0;2;1;0;0;0;0;0;0;0;0;-3,735861000000000;-38,488626000000000
251252;5;5;2015;23:45;19667;AV BEZERRA DE MENEZES;RUA ERETIDES MARTINS;;0;;Choque c/ Obst?ículo Fixo;Via Iluminada;Bom;Seca;Cruz;Sem?íforo;Comercial;0;0;1;1;0;0;0;0;0;0;0;0;-3,734232000000000;-38,557568000000000
251253;5;5;2015;07:00;0;AV PRS COSTA E SILVA;;;4442;;Colis?úo Lateral;Luz do Dia;Bom;Seca;Meio de Quadra;Sem?íforo;Misto;0;0;2;1;0;0;1;0;0;0;0;0;;
251254;5;5;2015;08:10;0;AV GAL OSORIO DE PAIVA;;;3101;;Queda;Luz do Dia;Bom;Seca;Meio de Quadra;N?úo H?í Controle;Misto;0;0;2;0;1;0;0;0;0;1;0;0;-3,789656000000000;-38,587423000000000
251255;5;5;2015;10:45;7633;RUA RIO GRANDE DO SUL;AV CARNEIRO DE MENDONCA;;0;;Colis?úo Transversal;Luz do Dia;Bom;Seca;Cruz;Sem?íforo;Misto;0;1;1;1;0;0;0;0;0;1;0;0;-3,762374000000000;-38,570011000000000
251250;5;5;2015;12:30;15338;RUA ANA BILHAR;RUA FREDERICO BORGES;;0;;Colis?úo Transversal;Luz do Dia;Bom;Seca;Cruz;Pare;Misto;0;0;2;1;0;0;0;0;0;0;0;0;-3,731534000000000;-38,489282000000000
251258;5;5;2015;16:00;22124;RUA PRO COSTA MENDES;RUA MAJ PEDRO SAMPAIO;;0;;Colis?úo Transversal;Luz do Dia;Bom;Seca;Cruz;Pare;Comercial;0;1;1;1;0;0;0;0;0;1;0;0;-3,747674000000000;-38,554665000000000
251260;5;5;2015;19:00;12879;RUA BAR RIO BRANCO;RUA SILVA JARDIM;;0;;Colis?úo Lateral;Via Iluminada;Bom;Seca;Cruz;N?úo H?í Controle;Comercial;0;1;1;1;0;0;0;0;0;1;0;0;-3,740678000000000;-38,532795000000000
251262;5;5;2015;21:20;0;AV IMPERADOR;;;796;;Colis?úo Lateral;;Bom;Seca;Meio de Quadra;N?úo H?í Controle;Comercial;0;0;2;0;1;0;0;1;0;0;0;0;-3,728205000000000;-38,534752000000000
251264;5;5;2015;17:45;0;AV ENG SANTANA JUNIOR;;;1315;VIADUTO;Colis?úo Traseira;Anoitecer;Bom;Seca;Meio de Quadra;N?úo H?í Controle;Comercial;0;1;1;1;0;0;0;0;0;1;0;0;-3,739266000000000;-38,484352000000000
251098;5;5;2015;21:00;24738;AV MOZART PINHEIRO DE LUCENA;AV WASHINGTON LUIS;;0;;Colis?úo Transversal;Via Iluminada;Bom;Seca;T;Pare;Comercial;0;0;2;1;0;0;0;0;0;0;0;0;-3,715896000000000;-38,595019000000000
251096;5;5;2015;;0;AV HIS RAIMUNDO GIRAO;;;877;;Colis?úo Frontal;Via Iluminada;Bom;Seca;Meio de Quadra;Pare;Misto;0;0;2;1;0;0;0;1;0;0;0;0;;
251101;5;5;2015;10:20;0;AV ABOLICAO;;;3200;;Colis?úo Traseira;Luz do Dia;Bom;Seca;Meio de Quadra;N?úo H?í Controle;Misto;0;0;2;1;0;0;1;0;0;0;0;0;-3,726624000000000;-38,490941000000000
251127;5;5;2015;14:00;25065;AV DOS EXPEDICIONARIOS;RUA JULIO DA SILVEIRA;;0;;Colis?úo Transversal;Luz do Dia;Bom;Seca;Cruz;Pare;Misto;0;0;2;1;0;0;0;0;0;0;0;0;-3,758331000000000;-38,539181000000000
251128;5;5;2015;20:30;1474;RUA JOAO CARVALHO;RUA TIBURCIO CAVALCANTE;;0;;Outros;Via Iluminada;Bom;Molhada;Cruz;Sem?íforo;Comercial;0;0;1;1;0;0;0;0;0;0;0;0;-3,738950000000000;-38,503547000000000
251143;5;5;2015;13:40;0;RUA CACILDA BECKER;;;29;;Capotamento;Luz do Dia;Bom;Seca;Outros;N?úo H?í Controle;Residencial;0;0;1;0;0;0;1;0;0;0;0;0;-3,775436000000000;-38,587209000000000
251139;5;5;2015;13:40;0;AV PRS CASTELO BRANCO;;;146;;Colis?úo Traseira;Luz do Dia;Bom;Seca;Meio de Quadra;N?úo H?í Controle;Residencial;0;0;2;1;0;0;0;0;0;0;0;0;-3,723156000000000;-38,521389000000000
251145;5;5;2015;19:00;0;RUA LEONARDO MOTA;;;1750;;Colis?úo Traseira;Anoitecer;Bom;Seca;Outros;Sem?íforo Intermitente;Residencial;0;0;2;1;0;0;0;0;0;0;0;0;-3,741317000000000;-38,497830000000000
251146;5;5;2015;09:00;0;RUA PRO HERIBALDO COSTA;;;1017;;Colis?úo Lateral;Luz do Dia;Bom;Seca;Meio de Quadra;N?úo H?í Controle;Comercial;0;0;2;1;0;0;1;0;0;0;0;0;;
251136;5;5;2015;11:30;3880;RUA SEN POMPEU;RUA OLIVIO CAMARA;;0;;Atropelamento;Luz do Dia;Bom;Seca;Cruz;Pare;Misto;1;1;0;0;0;0;0;0;0;1;0;0;-3,737737000000000;-38,532902000000000
251137;5;5;2015;22:15;11877;RUA PDE ANCHIETA;RUA NAT FEIJO;;0;;Colis?úo Lateral Sentido Oposto;Via Iluminada;Nublado;Seca;Cruz;Pare;Misto;0;0;2;1;0;0;0;0;0;0;0;0;-3,722937000000000;-38,550499000000000
251124;5;5;2015;07:20;0;AV ROGACIANO LEITE;;;0;;Colis?úo Lateral;Luz do Dia;Bom;Seca;Meio de Quadra;Sem?íforo;Residencial;0;0;2;1;0;0;0;0;0;0;0;0;;
251130;5;5;2015;10:40;0;AV PONTES VIEIRA;;;220;;Colis?úo Traseira;Luz do Dia;Bom;Seca;Meio de Quadra;N?úo H?í Controle;Comercial;0;0;2;1;0;0;0;0;0;0;0;0;-3,753367000000000;-38,518725000000000
251131;5;5;2015;07:50;0;AV DR SILAS MUNGUBA;;;3500;;Colis?úo Lateral;Luz do Dia;Bom;Seca;Meio de Quadra;N?úo H?í Controle;Outros;0;0;2;1;0;0;0;0;0;1;0;0;-3,789771000000000;-38,542100000000000
251141;5;5;2015;09:30;5415;RUA GAL CLARINDO DE QUEIROZ;RUA FLORIANO PEIXOTO;;0;;Colis?úo Transversal;Luz do Dia;Bom;Seca;Cruz;Pare;Comercial;0;0;2;1;0;0;0;1;0;0;0;0;-3,733049000000000;-38,529027000000000
270782;5;5;2015;09:43;12393;RUA DES FELIX CANDIDO;RUA ALUISIO AZEVEDO;;0;;Colis?úo;Luz do Dia;;;Cruz;Pare;Residencial;0;0;2;0;0;0;0;0;0;0;0;0;-3,770664000000000;-38,578296000000000
267329;5;5;2015;11:05;12426;AV SEN FERNANDES TAVORA;RUA RIBEIRO LEITAO;;0;;Colis?úo;Luz do Dia;;;Cruz;Pare;Residencial;0;0;2;0;0;0;0;0;0;0;0;0;-3,764304000000000;-38,578199000000000
267330;5;5;2015;17:42;0;RUA DUAS NACOES;;;2375;;Colis?úo;Anoitecer;;;Meio de Quadra;;;0;0;2;0;0;0;0;0;0;0;0;0;;
261813;5;5;2015;06:45;0;AV PERIMETRAL;;;0;;Colis?úo;Luz do Dia;;;Meio de Quadra;;;0;1;1;1;0;0;0;0;0;1;0;0;;
261814;5;5;2015;07:10;25007;AV JOAO PESSOA;RUA ROMEU MARTINS;;0;;Colis?úo;Luz do Dia;;;T;Pare;Comercial;0;1;1;1;0;0;0;0;0;1;0;0;-3,762774000000000;-38,557972000000000
261815;5;5;2015;07:46;0;AV DR SILAS MUNGUBA;;;0;;Atropelamento;Luz do Dia;;;Meio de Quadra;;;0;1;1;0;0;0;0;0;0;1;0;0;-3,789771000000000;-38,542100000000000
261825;5;5;2015;16:56;0;AV PERIMETRAL;;;0;;Colis?úo;Luz do Dia;;;Meio de Quadra;;;0;1;1;1;0;0;0;0;0;1;0;0;;
261823;5;5;2015;;0;RUA CAJAZEIRAS;;;0;;Colis?úo;;;;Meio de Quadra;;;0;1;0;0;0;0;0;0;0;0;0;0;;
261820;5;5;2015;15:15;0;RUA BOA VISTA;;;0;;Atropelamento;Luz do Dia;;;Meio de Quadra;;;0;1;1;1;0;0;0;0;0;0;0;0;;
261821;5;5;2015;16:23;0;RUA GAL BERNARDO FIGUEIREDO;;;0;;Colis?úo;Luz do Dia;;;Meio de Quadra;;;0;1;1;1;0;0;0;0;0;1;0;0;-3,740428000000000;-38,555389000000000
261817;5;5;2015;13:17;0;RUA ANSELMO NOGUEIRA;;;0;;Capotamento;Luz do Dia;;;Meio de Quadra;;;0;1;0;0;0;0;0;0;0;0;0;0;;
261818;5;5;2015;14:13;0;RD BR 116;;;1000;KM-01;Colis?úo;Luz do Dia;;;Meio de Quadra;;;0;1;1;1;0;0;0;0;0;1;0;0;-3,762554000000000;-38,518702000000000
261827;5;5;2015;19:48;17626;RUA JOSE PEDRA;RUA JOAO FRANCA (PQ. 2 IRM?âOS);;0;;Colis?úo;;;;Cruz;Pare;Residencial;0;1;1;1;0;0;0;0;0;1;0;0;-3,795482000000000;-38,549671000000000
261856;5;5;2015;15:40;2523;AV FRANCISCO SA;RUA TULIPA;;0;;Colis?úo;Luz do Dia;;;T;Pare;Comercial;0;1;1;1;0;0;0;0;0;1;0;0;-3,710359000000000;-38,577954000000000
258882;5;5;2015;18:50;0;RD BR 116;;;5000;KM-05;Colis?úo Traseira;Via Iluminada;Bom;Molhada;Meio de Quadra;N?úo H?í Controle;Comercial;0;0;2;1;0;0;1;0;0;0;0;0;-3,796502000000000;-38,506787000000000
270783;5;5;2015;11:02;15204;AV ABOLICAO;RUA JULIO IBIAPINA;;0;;Colis?úo;Luz do Dia;;;Cruz;Sem?íforo;Comercial;0;0;2;0;0;0;0;0;0;0;0;0;-3,726679000000000;-38,491290000000000
270786;5;5;2015;14:02;0;RUA JOSE HIPOLITO;;;1120;;Colis?úo;Luz do Dia;;;Meio de Quadra;;;0;0;2;0;0;0;0;0;0;0;0;0;-3,835701000000000;-38,486161000000000
270787;5;5;2015;17:13;0;RUA PERILIO TEIXEIRA;;;195;;Colis?úo;Anoitecer;;;Meio de Quadra;;;0;0;2;0;0;0;0;0;0;0;0;0;;
270789;5;5;2015;17:19;0;RUA DOS ABOLICIONISTAS;;;0;;Atropelamento;Anoitecer;;;Meio de Quadra;;;0;0;2;0;0;0;0;0;0;0;0;0;;
270790;5;5;2015;17:29;2038;RUA DOS ABOLICIONISTAS;RUA DO POENTE;;0;;Atropelamento;Anoitecer;;;Cruz;Pare;Misto;0;0;2;0;0;0;0;0;0;0;0;0;-3,697794000000000;-38,580343000000000
270792;5;5;2015;19:04;0;RUA FRANCISCO ALVES PEREIRA;;;0;;Colis?úo;;;;Meio de Quadra;;;0;0;2;0;0;0;0;0;0;0;0;0;;
270793;5;5;2015;21:46;0;AV SEN FERNANDES TAVORA;;;3318;;Atropelamento;;;;Meio de Quadra;;;0;0;2;0;0;0;0;0;0;0;0;0;;
270794;5;5;2015;22:01;0;RUA JOSE VILAR;;;3005;;Colis?úo;;;;Meio de Quadra;;;0;0;2;0;0;0;0;0;0;0;0;0;-3,748940000000000;-38,508924000000000
270796;5;5;2015;22:04;25312;RUA BELEM;AV SEN FERNANDES TAVORA;;0;;Colis?úo;;;;Cruz;Pare;Misto;0;0;2;0;0;0;0;0;0;0;0;0;-3,756885000000000;-38,592095000000000
262825;5;5;2015;19:00;0;RUA SEN ROBERT KENNEDY;;;66;;Colis?úo Lateral;;;;Meio de Quadra;;;0;1;1;1;0;0;0;0;0;0;0;0;-3,699591000000000;-38,576926000000000
262834;6;5;2015;16:40;0;AV AGUANAMBI;;;900;;Colis?úo;Luz do Dia;;;Meio de Quadra;;;0;1;0;1;0;0;0;0;0;0;0;0;-3,744442000000000;-38,525564000000000
262847;6;5;2015;23:15;18244;AV DIOGUINHO;AV SALUSTIO DE PINHO;;0;;Colis?úo;;;;Meio de Quadra;Gesto;Residencial;0;1;0;1;0;0;0;0;0;0;0;0;-3,752084000000000;-38,447809000000000
270799;6;5;2015;04:39;0;RUA OUTONO;;;5;;Colis?úo;;;;Meio de Quadra;;;0;0;2;0;0;0;0;0;0;0;0;0;-3,774373000000000;-38,554087000000000
270801;6;5;2015;09:39;0;RUA URUBURETAMA;;;132;;Colis?úo;Luz do Dia;;;Meio de Quadra;;;0;0;2;0;0;0;0;0;0;0;0;0;-3,759475000000000;-38,542819000000000
270803;6;5;2015;10:01;10405;RUA JOSE MENDONCA;AV GENIBAU;;0;;Colis?úo;Luz do Dia;;;Duplo T;Pare;Residencial;0;0;2;0;0;0;0;0;0;0;0;0;-3,760237000000000;-38,602771000000000
270812;6;5;2015;11:40;0;AV PRS CASTELO BRANCO;;;5366;;Colis?úo;Luz do Dia;;;Meio de Quadra;;;0;0;2;0;0;0;0;0;0;0;0;0;-3,703887000000000;-38,579538000000000
270817;6;5;2015;13:10;0;AV PRS CASTELO BRANCO;;;4613;;Colis?úo;Luz do Dia;;;Meio de Quadra;;;0;0;2;0;0;0;0;0;0;0;0;0;-3,706692000000000;-38,573097000000000
270819;6;5;2015;14:01;22079;RUA VALDEMIRO CAVALCANTE;RUA CAP FRANCISCO PEDRO;;0;;Colis?úo;Luz do Dia;;;Cruz;Pare;Residencial;0;0;2;0;0;0;0;0;0;0;0;0;-3,752595000000000;-38,553785000000000
270820;6;5;2015;14:50;0;AV DA INDEPENDENCIA;;;0;;Colis?úo;Luz do Dia;;;Meio de Quadra;;;0;0;2;0;0;0;0;0;0;0;0;0;;
270822;6;5;2015;14:57;0;AV GAL OSORIO DE PAIVA;;;0;;Colis?úo;Luz do Dia;;;Meio de Quadra;;;0;0;2;0;0;0;0;0;0;0;0;0;;
270824;6;5;2015;16:36;0;AV ENG ALBERTO SA;;;0;;Atropelamento;Luz do Dia;;;Meio de Quadra;;;0;0;2;0;0;0;0;0;0;0;0;0;;
270826;6;5;2015;17:46;14357;RUA BAR CRATO;RUA HENRIQUE ELERY;;0;;Colis?úo;Anoitecer;;;Cruz;Pare;Rural;0;0;2;0;0;0;0;0;0;0;0;0;-3,721622000000000;-38,561002000000000
270828;6;5;2015;19:11;25980;AV SANTOS DUMONT;RUA JOAQUIM GENU;;0;;Colis?úo;;;;Cruz;N?úo H?í Controle;Residencial;0;0;2;0;0;0;0;0;0;0;0;0;-3,740773000000000;-38,484292000000000
270830;6;5;2015;20:28;0;AV GOV RAUL BARBOSA;;;6881;;Colis?úo;;;;Meio de Quadra;;;0;0;2;0;0;0;0;0;0;0;0;0;-3,773957000000000;-38,512788000000000
270833;6;5;2015;20:30;12867;RUA JOAQUIM MAGALHAES;RUA JAIME BENEVOLO;;0;;Colis?úo;;;;Cruz;Pare;Comercial;0;0;2;0;0;0;0;0;0;0;0;0;-3,739942000000000;-38,527961000000000
270834;6;5;2015;20:58;0;RUA BORIS;;;0;;Colis?úo;;;;Meio de Quadra;;;0;0;2;0;0;0;0;0;0;0;0;0;;
270840;6;5;2015;22:00;0;AV CASTELO DE CASTRO;;;0;;Colis?úo;;;;Meio de Quadra;;;0;0;2;0;0;0;0;0;0;0;0;0;;
270841;6;5;2015;22:34;1445;RUA DES LEITE ALBUQUERQUE;RUA VICENTE LEITE;;0;;Colis?úo;;;;Cruz;Pare;Comercial;0;0;2;0;0;0;0;0;0;0;0;0;-3,738178000000000;-38,495734000000000
270842;6;5;2015;23:53;26010;AV PRO ADERBAL NUNES FREIRE;AV ALM HENRIQUE SABOIA;;0;;Colis?úo;;;;;;;0;0;2;0;0;0;0;0;0;0;0;0;;
270837;6;5;2015;21:55;0;RUA SETE BARRA;;;70;;Choque c/ Obst?ículo Fixo;;;;Meio de Quadra;;;0;0;1;0;0;0;0;0;0;0;0;0;;
268060;6;5;2015;22:01;0;AV C CJ CEARA;;;995;;Colis?úo;;;;Meio de Quadra;;;0;0;2;0;0;0;0;0;0;0;0;0;-3,767226000000000;-38,611772000000000
258884;6;5;2015;14:00;0;RD BR 116;;;2000;KM-02;Colis?úo Traseira;Luz do Dia;Bom;Seca;Meio de Quadra;N?úo H?í Controle;Comercial;0;0;2;0;1;0;1;0;0;0;0;0;-3,771391000000000;-38,516780000000000
258959;6;5;2015;09:20;0;RD BR 222;;;0;KM-03;Colis?úo Traseira;Luz do Dia;Bom;Seca;Meio de Quadra;N?úo H?í Controle;Comercial;0;0;2;1;0;0;0;0;0;0;0;0;-3,736999000000000;-38,571997000000000
261857;6;5;2015;12:15;0;RUA URUCUTUBA;;;1956;;Colis?úo;Luz do Dia;;;Meio de Quadra;;;0;1;1;1;0;0;0;0;0;1;0;0;-3,798516000000000;-38,614150000000000
261859;6;5;2015;12:02;0;AV MACIEL BEZERRA;;;0;;Queda;Luz do Dia;;;Meio de Quadra;;;0;1;0;0;0;0;0;0;0;1;0;0;;
261864;6;5;2015;18:22;46;RUA SALGADO FILHO;RUA MARTINS NETO;;0;;Colis?úo;Anoitecer;;;Cruz;Pare;Residencial;0;1;1;1;0;0;0;0;0;1;0;0;-3,741272000000000;-38,595186000000000
261865;6;5;2015;19:49;0;RUA TEN JOSE NEWTON;;;331;;Atropelamento;;;;Meio de Quadra;;;0;1;1;0;0;0;0;0;0;1;0;0;-3,825376000000000;-38,491737000000000
261861;6;5;2015;14:53;0;AV GAL OSORIO DE PAIVA;;;0;;Colis?úo;Luz do Dia;;;Meio de Quadra;;;0;1;1;0;0;0;1;0;0;1;0;0;-3,786698000000000;-38,583962000000000
261862;6;5;2015;18:13;0;AV AUGUSTO DOS ANJOS;;;0;;Colis?úo;Anoitecer;;;Meio de Quadra;;;0;1;1;1;0;0;0;0;0;1;0;0;-3,777911000000000;-38,577179000000000
261872;6;5;2015;23:10;13491;RUA JOAO CORDEIRO;RUA CEL ALVES TEIXEIRA;;0;;Colis?úo;;;;Cruz;Pare;Residencial;0;1;1;1;0;0;0;0;0;1;0;0;-3,745411000000000;-38,519336000000000
261869;6;5;2015;21:50;7897;RUA HENRIQUETA GALENO;RUA MON CATAO;;0;;Colis?úo;;;;Cruz;N?úo H?í Controle;Comercial;0;1;1;1;0;0;0;0;0;1;0;0;-3,747287000000000;-38,493338000000000
261867;6;5;2015;20:55;0;AV PRS COSTA E SILVA;;;0;;Queda;;;;Meio de Quadra;;;0;0;1;0;0;0;0;0;0;1;0;0;;
261828;6;5;2015;06:13;0;AV CARNEIRO DE MENDONCA;;;0;;Queda;Luz do Dia;;;Meio de Quadra;;;0;1;0;0;0;0;0;0;0;1;0;0;-3,763705000000000;-38,567495000000000
261830;6;5;2015;06:26;0;AV SEN CARLOS JEREISSATI (AEROPORTO);;;0;;Colis?úo;Luz do Dia;;;Meio de Quadra;;;0;1;0;0;0;0;0;0;0;0;0;0;;
261831;6;5;2015;08:33;25124;RUA OLIVEIRA SOBRINHO;AV AUGUSTO DOS ANJOS;;0;;;Luz do Dia;;;Outros;Pare;Comercial;0;1;1;1;0;0;0;0;0;1;0;0;-3,783893000000000;-38,582393000000000
261855;6;5;2015;09:24;0;AV FRANCISCO SA;;;0;;Colis?úo;Luz do Dia;;;Meio de Quadra;;;0;1;1;1;0;0;0;0;0;1;0;0;-3,711273000000000;-38,575319000000000
261881;6;5;2015;07:33;0;AV JOVITA FEITOSA;;;0;;Queda;Luz do Dia;;;Meio de Quadra;;;0;1;0;0;0;0;0;0;0;1;0;0;;
267332;6;5;2015;11:05;0;AV FRANCISCO SA;;;5818;;Colis?úo;Luz do Dia;;;Meio de Quadra;;;0;0;2;0;0;0;0;0;0;0;0;0;-3,710863000000000;-38,576483000000000
267334;6;5;2015;11:19;3226;RUA EMILIO DE MENESES;RUA JOSE ARISTOTELES GONDIM;;0;;Colis?úo;Luz do Dia;;;Cruz;Pare;Residencial;0;0;2;0;0;0;0;0;0;0;0;0;-3,782184000000000;-38,585899000000000
267351;6;5;2015;12:52;0;RUA GAL BERNARDO FIGUEIREDO;;;465;;Colis?úo;Luz do Dia;;;Meio de Quadra;;;0;0;2;0;0;0;0;0;0;0;0;0;-3,739782000000000;-38,552297000000000
267357;6;5;2015;16:24;0;RUA SEN POMPEU;;;2607;;Colis?úo;Luz do Dia;;;Meio de Quadra;;;0;0;2;0;0;0;0;0;0;0;0;0;-3,741253000000000;-38,533965000000000
267358;6;5;2015;18:40;0;RUA STA LUCRECIA;;;1109;;Colis?úo;;;;Meio de Quadra;;;0;0;2;0;0;0;0;0;0;0;0;0;;
267354;6;5;2015;15:09;4025;RUA CEARA;RUA AMAPA;;0;;Colis?úo;Luz do Dia;;;;;;0;0;2;0;0;0;0;0;0;0;0;0;-3,760777000000000;-38,562948000000000
267393;6;5;2015;18:50;0;RUA CON DE CASTRO;;;2240;;Colis?úo;;;;Meio de Quadra;;;0;0;2;0;0;0;0;0;0;0;0;0;;
267417;6;5;2015;18:56;0;AV H CJ JOSE WALTER;;;0;;Colis?úo;;;;Meio de Quadra;;;0;0;2;0;0;0;0;0;0;0;0;0;;
267418;6;5;2015;19:01;0;AV BENJAMIM BRASIL;;;0;;Colis?úo;;;;Meio de Quadra;;;0;0;2;0;0;0;0;0;0;0;0;0;;
267419;6;5;2015;19:38;0;RUA VICENTE PINHEIRO;;;0;;Colis?úo;;;;Meio de Quadra;;;0;0;2;0;0;0;0;0;0;0;0;0;;
255399;6;5;2015;16:10;0;RUA BERNARDO MANUEL;;;10474;;Colis?úo Lateral;Luz do Dia;Bom;Seca;Meio de Quadra;N?úo H?í Controle;Misto;0;0;2;1;1;0;0;0;0;0;0;0;-3,810358000000000;-38,554955000000000
261707;6;5;2015;22:25;0;AV ZEZE DIOGO;;;0;;Colis?úo;;;;Meio de Quadra;;;0;1;1;1;0;0;0;0;0;0;0;0;;
251097;6;5;2015;16:00;9075;RUA CEL JOSE EUCLIDES;AV AGUANAMBI;;0;;Colis?úo Transversal;Luz do Dia;Bom;Seca;Cruz;N?úo H?í Controle;Comercial;0;0;2;1;1;0;0;0;0;0;0;0;-3,752233000000000;-38,523383000000000
251099;6;5;2015;17:15;1571;RUA VICENTE LEITE;RUA CAROLINA SUCUPIRA;;0;;Colis?úo Transversal;Luz do Dia;Bom;Seca;Cruz;Pare;Residencial;0;1;1;1;0;0;0;0;0;1;0;0;-3,742124000000000;-38,497020000000000