COD_ACIDENTE;DIA;MES;ANO;HORA;INTERSECAO;LOG1;LOG2;LOG3;NUMERO;REFERENCIA;NATUREZA;ILUMINACAO;TEMPO;SUPERFICIEPISTA;TIPOCRUZAMENTO;CONTROLETRAFEGO;USOSOLO;MORTOS;FERIDOS;ILESOS;AUTOMOVEL;ONIBUS;BICICLETA;CAMINHAO;MICROONIBUS;CICLOMOTOR;MOTOCICLETA;TRACAOANIMAL;TREM;LATITUDE;LONGITUDE
251100;6;5;2015;18:30;0;RUA TORRES CAMARA;;;600;;Engavetamento;Anoitecer;Bom;Seca;Meio de Quadra;N?úo H?í Controle;Comercial;0;0;3;1;0;0;0;0;0;0;0;0;-3,735932000000000;-38,505983000000000
251103;6;5;2015;20:15;5460;AV HERACLITO GRACA;RUA NOGUEIRA ACIOLI;;0;;Engavetamento;Via Iluminada;Bom;Seca;Cruz;Sem?íforo;Comercial;0;0;3;1;0;0;0;0;0;0;0;0;-3,735440000000000;-38,518518000000000
251104;6;5;2015;20:15;0;AV BEZERRA DE MENEZES;;;0;;Colis?úo Lateral;Via Iluminada;Bom;Seca;Meio de Quadra;N?úo H?í Controle;Comercial;0;0;2;0;0;0;0;0;0;0;0;0;;
251073;6;5;2015;14:30;0;AV LUCIANO CARNEIRO;;;1333;;Engavetamento;Luz do Dia;Bom;Seca;Meio de Quadra;N?úo H?í Controle;Comercial;0;0;5;1;0;0;0;0;0;0;0;0;-3,759593000000000;-38,535052000000000
251074;6;5;2015;07:00;25159;AV MIGUEL DIAS;AV ALM MAXIMIANO DA FONSECA;;0;;Colis?úo Lateral;Via Iluminada;Bom;Seca;Cruz;Pare;Residencial;0;0;2;1;0;0;0;0;0;0;0;0;-3,770833000000000;-38,487945000000000
251075;6;5;2015;11:35;3829;RUA MAL DEODORO;RUA PAULINO NOGUEIRA;;0;;Colis?úo Lateral;;Bom;Seca;Cruz;Pare;Residencial;0;0;2;0;0;0;1;0;0;0;0;0;-3,744452000000000;-38,537199000000000
251076;6;5;2015;08:30;5064;RUA BAR RIO BRANCO;RUA SEN JAGUARIBE;;0;;Colis?úo Traseira;Luz do Dia;Bom;Seca;T;N?úo H?í Controle;Outros;0;0;3;1;0;0;0;0;0;0;0;0;-3,722074000000000;-38,526853000000000
251077;6;5;2015;15:40;0;AV AGUANAMBI;;;0;ROTAT?ôRIA;Engavetamento;Luz do Dia;Bom;Seca;Meio de Quadra;Sem?íforo;Comercial;0;0;3;1;0;0;1;0;0;0;0;0;-3,755538000000000;-38,523043000000000
251078;6;5;2015;21:30;0;AV DOS EXPEDICIONARIOS;;;1260;;Engavetamento;Via Iluminada;Bom;Seca;Meio de Quadra;Sem?íforo;Residencial;0;0;3;1;1;0;0;0;0;0;0;0;;
251079;6;5;2015;19:23;13177;AV D CJ JOSE WALTER;AV I CJ JOSE WALTER;;0;;Colis?úo Transversal;Via Iluminada;Bom;Seca;Rotat??ria;D?¬ Prefer?¬ncia;Comercial;0;1;2;1;0;0;0;0;0;1;0;0;-3,832440000000000;-38,552957000000000
251080;6;5;2015;09:50;6818;RUA FRANCISCO MATOS;RUA DR GILBERTO STUDART;;0;;Colis?úo Transversal;Luz do Dia;Bom;Seca;Cruz;Pare;Lazer;0;1;1;0;0;0;0;0;0;1;0;0;-3,747084000000000;-38,470191000000000
251081;6;5;2015;09:50;0;AV SANTOS DUMONT;;;6870;;Choque c/ Obst?ículo Fixo;Luz do Dia;Bom;Seca;Meio de Quadra;N?úo H?í Controle;Residencial;0;0;1;1;0;0;0;0;0;0;0;0;-3,744787000000000;-38,471844000000000
251082;6;5;2015;08:30;0;AV PRS JUSCELINO KUBITSCHEK (PASSAR?ë);;;5451;USINA DE ASFALTO;Colis?úo Lateral;Luz do Dia;Bom;Seca;Meio de Quadra;N?úo H?í Controle;Industrial;0;0;2;1;0;0;0;0;0;0;0;0;-3,823401000000000;-38,536831000000000
251083;6;5;2015;11:00;0;AV JOR THOMAZ COELHO;;;5295;;Colis?úo Traseira;Luz do Dia;Bom;Seca;Meio de Quadra;Sem?íforo;Escola;0;1;1;1;0;0;0;0;0;0;0;0;;
251084;6;5;2015;;0;AV DOS EXPEDICIONARIOS;;;200;;Colis?úo Lateral;Luz do Dia;Bom;Seca;Meio de Quadra;N?úo H?í Controle;Comercial;0;0;2;1;0;0;0;0;0;0;0;0;;
251085;6;5;2015;10:40;0;RUA ANTONIO BANDEIRA D41;;;0;;Colis?úo Traseira;Luz do Dia;Bom;Seca;Meio de Quadra;N?úo H?í Controle;Comercial;0;0;2;1;0;0;0;0;0;0;0;0;;
251086;6;5;2015;13:10;0;AV ROGACIANO LEITE;;;1020;;Engavetamento;Luz do Dia;Bom;Seca;Meio de Quadra;N?úo H?í Controle;Comercial;0;0;3;1;0;0;0;0;0;0;0;0;-3,766691000000000;-38,496477000000000
251087;6;5;2015;18:30;7782;RUA OSVALDO CRUZ (ALDEOTA);RUA JULIO SIQUEIRA;;0;;Colis?úo Lateral;Via Iluminada;Bom;Seca;Cruz;Pare;Residencial;0;0;2;0;0;0;1;0;0;0;0;0;-3,750740000000000;-38,505200000000000
251088;6;5;2015;12:30;0;AV DR SILAS MUNGUBA;;;0;;Colis?úo Transversal;Anoitecer;Bom;Seca;Meio de Quadra;N?úo H?í Controle;Comercial;0;0;2;1;0;0;0;0;0;0;0;0;;
251089;6;5;2015;15:15;17440;RUA ANTONIO FIUZA;RUA PRO TEODORICO;;0;;Colis?úo Lateral;Luz do Dia;Bom;Seca;Cruz;Pare;Residencial;0;0;2;1;0;0;1;0;0;0;0;0;-3,769303000000000;-38,551898000000000
251090;6;5;2015;08:10;0;AV JOSE BASTOS;;;6670;;Colis?úo Lateral;Luz do Dia;Bom;Seca;Outros;Outros;Comercial;0;0;2;0;1;0;1;0;0;0;0;0;-3,769089000000000;-38,570173000000000
251091;6;5;2015;09:00;0;AV LINEU MACHADO;;;0;;Colis?úo Traseira;Luz do Dia;Bom;Seca;Meio de Quadra;Sem?íforo;Comercial;0;2;1;1;0;0;0;0;0;1;0;0;-3,764113000000000;-38,575963000000000
251092;6;5;2015;16:00;25024;RUA COSTA BARROS;RUA VINTE E CINCO DE MARCO;;0;;Colis?úo Transversal;Luz do Dia;Bom;Seca;Cruz;Sem?íforo;Comercial;0;0;2;1;0;0;0;0;0;0;0;0;-3,727056000000000;-38,521787000000000
261089;6;5;2015;11:23;0;AV SGT HERMINIO SAMPAIO;;;0;;Colis?úo;Luz do Dia;;;Meio de Quadra;;;0;0;2;0;1;0;1;0;0;0;0;0;;
261090;6;5;2015;16:40;0;RUA DNA LEOPOLDINA;;;0;;Colis?úo;Luz do Dia;;;Meio de Quadra;;;0;0;2;1;1;0;0;0;0;0;0;0;;
261093;6;5;2015;21:20;0;RUA PDE PEDRO DE ALENCAR;;;1798;;Colis?úo;;;;Meio de Quadra;;;0;0;2;1;0;0;0;0;0;0;0;0;;
259202;6;5;2015;15:00;0;RD CE-040;;;0;KM-04;Colis?úo;Luz do Dia;Bom;Seca;Meio de Quadra;;;0;0;3;1;0;0;0;0;0;0;0;0;-3,792050000000000;-38,480251000000000
259204;6;5;2015;15:10;0;RD CE-040;;;0;KM-05;Colis?úo;Luz do Dia;Bom;Seca;Meio de Quadra;;;0;0;2;0;0;0;0;0;0;1;0;0;-3,790876000000000;-38,480349000000000
259206;6;5;2015;18:45;0;RD CE-040;;;0;KM-03;Engavetamento;;Bom;Seca;Meio de Quadra;;;0;0;4;1;0;0;0;0;0;0;0;0;-3,783185000000000;-38,481014000000000
259208;7;5;2015;12:30;0;AV MIN JOSE AMERICO;;;0;;Colis?úo;Luz do Dia;Bom;Seca;Meio de Quadra;;;0;0;2;1;0;0;0;0;0;0;0;0;;
259212;7;5;2015;14:00;0;AV SEN CARLOS JEREISSATI (AEROPORTO);;;0;KM 01;Colis?úo;Luz do Dia;Bom;Seca;Meio de Quadra;;;0;1;1;0;0;0;0;0;0;1;0;0;-3,783803000000000;-38,520356000000000
259213;7;5;2015;13:10;0;AV MIN JOSE AMERICO;;;0;;Engavetamento;Luz do Dia;Bom;Seca;Meio de Quadra;;;0;0;4;1;0;0;0;0;0;0;0;0;;
261116;7;5;2015;12:05;0;RUA OSCAR ROMERO;;;661;;Colis?úo;Luz do Dia;;;Meio de Quadra;;;0;0;2;1;0;0;0;0;0;1;0;0;-3,831889000000000;-38,572615000000000
261117;7;5;2015;;25137;RUA BENI DE CARVALHO;RUA BARBOSA DE FREITAS;;0;;Colis?úo;;;;Cruz;Sem?íforo;Residencial;0;0;2;1;0;0;0;0;0;0;0;0;-3,744414000000000;-38,499890000000000
261119;7;5;2015;10:25;19305;RUA CARLOS AMORA;RUA CON DE CASTRO;;0;;Colis?úo;Luz do Dia;;;T;Sem?íforo;Comercial;0;0;2;0;1;0;0;0;0;0;0;0;-3,774756000000000;-38,563978000000000
251149;7;5;2015;16:30;0;AV PRS CASTELO BRANCO;;;0;;Colis?úo Traseira;Mal Iluminada;Bom;Seca;Outros;Pare;Outros;0;0;2;1;0;0;0;0;0;0;0;0;;
251150;7;5;2015;12:00;7869;RUA BARBOSA DE FREITAS;RUA FRANCISCO HOLANDA;;0;;Colis?úo Transversal;Luz do Dia;Bom;Seca;Cruz;Pare;Residencial;0;0;2;1;0;0;0;0;0;0;0;0;-3,749671000000000;-38,501555000000000
251151;7;5;2015;13:30;15214;AV ABOLICAO;RUA LEONARDO MOTA;;0;;Colis?úo Transversal;Luz do Dia;Bom;Seca;T;Pare;Misto;0;0;1;1;0;0;0;0;0;1;0;0;-3,726977000000000;-38,493236000000000
251153;7;5;2015;09:05;0;RUA ALM JACEGUAI;;;23;;Engavetamento;Luz do Dia;Bom;Seca;Meio de Quadra;N?úo H?í Controle;Comercial;0;0;3;1;1;0;0;0;0;0;0;0;;
251154;7;5;2015;08:00;0;RUA NIGERIA;;;0;;Colis?úo Frontal;Via Iluminada;Bom;Seca;Meio de Quadra;N?úo H?í Controle;Residencial;0;1;1;1;0;0;0;0;0;0;0;0;;
251155;7;5;2015;13:52;15366;RUA PRO DIAS DA ROCHA;RUA PEREIRA VALENTE;;0;;Colis?úo Transversal;Luz do Dia;Bom;Seca;Cruz;Pare;Comercial;0;0;2;1;0;0;0;0;0;0;0;0;-3,734132000000000;-38,491243000000000
251156;7;5;2015;06:50;0;AV ANTONIO SALES;;;2055;;Colis?úo Traseira;Luz do Dia;Nublado;Seca;Meio de Quadra;N?úo H?í Controle;Comercial;0;0;2;1;0;0;0;0;0;0;0;0;-3,744486000000000;-38,505510000000000
251157;7;5;2015;13:30;6809;RUA BENTO ALBUQUERQUE;RUA CESAR FONSECA;;0;;Colis?úo Transversal;Luz do Dia;Bom;Seca;Cruz;Pare;Residencial;0;0;2;1;0;0;1;0;0;0;0;0;-3,746679000000000;-38,474090000000000
251159;7;5;2015;12:30;0;AV HERACLITO GRACA;;;0;;Colis?úo Transversal;Luz do Dia;Bom;Seca;Meio de Quadra;N?úo H?í Controle;Comercial;0;0;2;1;1;0;0;0;0;0;0;0;;
251160;7;5;2015;09:45;5402;RUA VINTE E QUATRO DE MAIO;RUA METON DE ALENCAR;;0;;Colis?úo Transversal;Luz do Dia;Nublado;Seca;Cruz;Pare;Comercial;0;0;2;1;0;0;0;0;0;0;0;0;-3,732626000000000;-38,533848000000000
251161;7;5;2015;10:00;1257;RUA COSTA BARROS;RUA SILVA PAULET;;0;;Colis?úo Lateral;Luz do Dia;Nublado;Seca;Cruz;Outros;Comercial;0;0;2;1;1;0;0;0;0;0;0;0;-3,732565000000000;-38,504799000000000
251105;7;5;2015;23:00;0;RUA OSCAR ARARIPE;;;730;;Colis?úo Traseira;;Bom;Seca;Meio de Quadra;Sem?íforo;Residencial;0;1;1;1;0;0;0;0;0;1;0;0;-3,791620000000000;-38,597954000000000
251106;7;5;2015;19:00;15392;RUA INACIO VASCONCELOS;RUA ARAUJO TORREAO;;0;;Colis?úo Lateral;Anoitecer;Bom;Seca;Cruz;;Residencial;0;0;2;1;0;0;0;0;0;0;0;0;-3,812994000000000;-38,496873000000000
251108;7;5;2015;12:40;1380;RUA NUNES VALENTE;RUA TORRES CAMARA;;0;;Colis?úo Transversal;Luz do Dia;Bom;Seca;Cruz;Pare;Comercial;0;0;2;1;0;0;0;0;0;0;0;0;-3,736618000000000;-38,503856000000000
251109;7;5;2015;14:00;0;RUA COSTA BARROS;;;1121;;Colis?úo Traseira;Luz do Dia;Bom;Seca;Meio de Quadra;N?úo H?í Controle;Comercial;0;1;1;1;0;0;0;0;0;1;0;0;-3,729642000000000;-38,513722000000000
251110;7;5;2015;15:00;13396;RUA JOAO BRIGIDO;RUA BAR ARACATI;;0;;Colis?úo Transversal;Luz do Dia;Bom;Seca;Cruz;Pare;Residencial;0;1;1;1;0;0;0;0;0;1;0;0;-3,740939000000000;-38,514697000000000
251129;7;5;2015;07:45;0;AV PRO GOMES DE MATOS;;;557;;Colis?úo Traseira;Luz do Dia;Nublado;Seca;Meio de Quadra;;Comercial;0;0;2;1;0;0;0;0;0;0;0;0;-3,758562000000000;-38,543391000000000
251112;7;5;2015;18:30;0;AV HERACLITO GRACA;;;1575;;Colis?úo Traseira;Via Iluminada;Bom;Seca;Meio de Quadra;N?úo H?í Controle;Comercial;0;0;3;1;0;0;0;0;0;0;0;0;-3,737971000000000;-38,511322000000000
251115;7;5;2015;19:00;0;AV GAL OSORIO DE PAIVA;;;0;;Colis?úo Traseira;Via Iluminada;Bom;Seca;Meio de Quadra;N?úo H?í Controle;Comercial;0;0;2;1;0;0;0;0;0;0;0;0;;
251116;7;5;2015;;0;RUA DES WALDETARIO P MOTA;;;0;;Colis?úo Traseira;Anoitecer;Bom;Seca;Meio de Quadra;N?úo H?í Controle;Comercial;0;0;2;1;0;0;0;0;0;0;0;0;;
251117;7;5;2015;21:16;6817;RUA FRANCISCO MATOS;RUA BENTO ALBUQUERQUE;;0;;Colis?úo Transversal;Via Iluminada;Bom;Seca;Cruz;Pare;Residencial;0;0;2;1;0;0;0;0;0;0;0;0;-3,747862000000000;-38,470436000000000
251118;7;5;2015;22:40;5383;AV DUQ CAXIAS;RUA MAJ FACUNDO;;0;;Colis?úo Transversal;Via Iluminada;Bom;Seca;Cruz;Sem?íforo;Comercial;0;1;1;1;1;0;0;0;0;0;0;0;-3,731981000000000;-38,529285000000000
251119;7;5;2015;12:00;7710;AV CARNEIRO DE MENDONCA;RUA PEDRO MUNIZ;;0;;Colis?úo Transversal;Luz do Dia;Bom;Seca;Cruz;Pare;Comercial;0;1;1;1;0;0;0;0;0;1;0;0;-3,765627000000000;-38,563646000000000
251120;7;5;2015;08:50;15350;AV DES MOREIRA;RUA PEREIRA VALENTE;;0;;Colis?úo Transversal;;Chuva;Molhada;Cruz;Sem?íforo;Comercial;0;0;3;1;0;0;0;0;0;0;0;0;-3,732253000000000;-38,497076000000000
251121;7;5;2015;19:00;1510;AV JULIO VENTURA;RUA JOSE VILAR;;0;;Colis?úo Transversal;Via Iluminada;Bom;Seca;Cruz;Sem?íforo;Comercial;0;1;1;1;0;0;0;0;0;1;0;0;-3,739985000000000;-38,506014000000000
251122;7;5;2015;11:00;12925;AV DOMINGOS OLIMPIO;AV AGUANAMBI;;0;;Colis?úo Traseira;Luz do Dia;Bom;Seca;Cruz;Sem?íforo;Comercial;0;0;2;1;1;0;0;0;0;0;0;0;-3,738683000000000;-38,524628000000000
251123;7;5;2015;14:00;15322;RUA CANUTO DE AGUIAR;RUA BARBOSA DE FREITAS;;0;;Colis?úo Transversal;Luz do Dia;Bom;Seca;Cruz;Pare;Comercial;0;0;2;1;0;0;0;0;0;0;0;0;-3,730624000000000;-38,495453000000000
251013;7;5;2015;13:30;7694;RUA RIO GRANDE DO SUL;RUA RIO GRANDE DO NORTE;;0;;Colis?úo Transversal;Luz do Dia;Bom;Seca;Cruz;Pare;Residencial;0;1;1;1;0;0;0;0;0;1;0;0;-3,758617000000000;-38,567559000000000
251132;7;5;2015;10:20;0;RUA SEN MACHADO D48;;;300;;Colis?úo Transversal;Luz do Dia;Nublado;Seca;Meio de Quadra;N?úo H?í Controle;Residencial;0;0;2;1;0;0;0;0;0;0;0;0;-3,724475000000000;-38,484911000000000
251125;7;5;2015;20:30;12836;AV DOMINGOS OLIMPIO;RUA BAR ARATANHA;;0;;Colis?úo Transversal;;Bom;Seca;Cruz;;Comercial;0;0;2;1;1;0;0;0;0;0;0;0;-3,737562000000000;-38,527953000000000
251138;7;5;2015;21:00;13491;RUA CEL ALVES TEIXEIRA;RUA JOAO CORDEIRO;;0;;Colis?úo Transversal;Via Iluminada;Bom;Seca;Cruz;Pare;Residencial;0;0;2;1;0;0;0;0;0;0;0;0;-3,745411000000000;-38,519336000000000
251134;7;5;2015;10:20;0;AV JOR THOMAZ COELHO;;;1911;;Colis?úo Traseira;Luz do Dia;Bom;Seca;Meio de Quadra;N?úo H?í Controle;Comercial;0;1;1;1;0;0;0;0;1;0;0;0;-3,828898000000000;-38,512302000000000
251135;7;5;2015;09:30;11338;AV GODOFREDO MACIEL;RUA FRANCISCO GLICERIO;;0;;Colis?úo Traseira;Luz do Dia;Nublado;Seca;Cruz;Sem?íforo;Comercial;0;0;2;1;0;0;0;0;0;0;0;0;-3,795981000000000;-38,569757000000000
251147;7;5;2015;;0;RUA PDE PERDIGAO SAMPAIO;;;115;;Colis?úo Traseira;Via Iluminada;Bom;Seca;Meio de Quadra;N?úo H?í Controle;Comercial;0;0;2;1;1;0;0;0;0;0;0;0;-3,734222000000000;-38,596024000000000
251140;7;5;2015;22:45;0;AV CARNEIRO DE MENDONCA;;;1955;;Colis?úo Lateral;Via Iluminada;Bom;Seca;Meio de Quadra;;Residencial;0;0;2;1;0;0;0;0;0;0;0;0;-3,759652000000000;-38,575629000000000
251144;7;5;2015;20:20;8949;AV BEZERRA DE MENEZES;RUA JUSTINIANO DE SERPA;;0;;Colis?úo Frontal;Via Iluminada;Bom;Seca;Cruz;Sem?íforo;Comercial;1;0;1;0;1;0;0;0;0;1;0;0;-3,731156000000000;-38,542857000000000
267420;7;5;2015;20:25;16287;RUA 19 DE MARCO;RUA LEITAO CERQUEIRA;;0;;Colis?úo;;;;;;;0;0;2;0;0;0;0;0;0;0;0;0;-3,829612000000000;-38,563196000000000
267421;7;5;2015;21:24;9723;RUA GUARAREMA;RUA GERALDO BARBOSA;;0;;Colis?úo;;;;;;;0;0;2;0;0;0;0;0;0;0;0;0;-3,786464000000000;-38,619056000000000
261882;7;5;2015;09:09;25009;RUA TULIPA;RUA RAIMUNDO FROTA;;0;;Queda;Luz do Dia;;;;;;0;1;0;0;0;0;0;0;0;1;0;0;-3,715652000000000;-38,579975000000000
261883;7;5;2015;09:43;0;AV PERIMETRAL;;;0;;Colis?úo;Luz do Dia;;;Meio de Quadra;;;0;1;1;1;0;0;0;0;0;1;0;0;;
261884;7;5;2015;09:52;2469;AV 20 DE JANEIRO;RUA ALBERTO DE OLIVEIRA;;0;;Queda;Luz do Dia;;;Cruz;Pare;Misto;0;1;0;0;0;0;0;0;0;1;0;0;-3,708286000000000;-38,575648000000000
261889;7;5;2015;10:14;25219;RUA PEDRO MARTINS;RUA MARIA JULIA ROCHA;;0;;;Luz do Dia;;;;;;0;1;1;0;0;0;0;0;0;1;0;0;;
261896;7;5;2015;13:24;1222;RUA COSTA BARROS;RUA ANTONIO AUGUSTO;;0;;Colis?úo;Luz do Dia;;;Cruz;Pare;Misto;0;1;1;1;0;0;0;0;0;1;0;0;-3,729783000000000;-38,513288000000000
261876;7;5;2015;00:10;13085;AV C CJ JOSE WALTER;RUA 39 CJ JOSE WALTER;;0;;Atropelamento;;;;;;;0;1;1;0;1;0;0;0;0;0;0;0;-3,828162000000000;-38,557555000000000
261877;7;5;2015;07:14;23371;RUA FRE VIDAL;RUA EDUARDO BEZERRA;;0;;Colis?úo;Luz do Dia;;;Cruz;Pare;Residencial;0;1;1;1;0;0;0;0;0;1;0;0;-3,754266000000000;-38,518044000000000
261892;7;5;2015;10:33;0;RUA GUSTAVO SAMPAIO;;;0;;Queda;Luz do Dia;;;Meio de Quadra;;;0;1;0;0;0;0;0;0;0;1;0;0;;
261893;7;5;2015;11:08;0;AV FRANCISCO SA;;;0;;;Luz do Dia;;;Meio de Quadra;;;0;1;0;1;0;0;0;0;0;1;0;0;-3,709004000000000;-38,581647000000000
261894;7;5;2015;11:42;0;AV GOV RAUL BARBOSA;;;0;;Colis?úo;Luz do Dia;;;Meio de Quadra;;;0;1;0;1;0;0;1;0;0;0;0;0;-3,761633000000000;-38,507689000000000
261917;7;5;2015;20:01;7733;AV JOAO PESSOA;RUA BAR SOBRAL;;0;;Colis?úo;;;;Outros;Sem?íforo;Comercial;0;1;1;1;0;1;0;0;0;0;0;0;-3,764518000000000;-38,558693000000000
261918;7;5;2015;20:11;0;RUA ANA GONCALVES;;;209;;Colis?úo;;;;Meio de Quadra;;;0;1;1;1;0;0;0;0;0;1;0;0;-3,759693000000000;-38,514618000000000
261919;7;5;2015;20:35;26150;RUA AMANCIO PEREIRA;RUA CRISTAIS PAULISTA;;0;;Colis?úo;;;;Cruz;Pare;Comercial;0;1;0;0;0;0;0;0;0;0;0;0;-3,818428000000000;-38,523860000000000
261920;7;5;2015;21:32;0;RUA COSTA FREIRE;;;1564;;Atropelamento;;;;Meio de Quadra;;;0;1;1;0;0;0;0;0;0;1;0;0;-3,792998000000000;-38,585368000000000
261906;7;5;2015;17:19;0;AV MON TABOSA;;;603;;Atropelamento;Anoitecer;;;Meio de Quadra;;;0;1;1;1;0;0;0;0;0;0;0;0;-3,723889000000000;-38,513896000000000
261907;7;5;2015;18:07;0;AV L CJ JOSE WALTER;;;0;;Colis?úo;Anoitecer;;;Meio de Quadra;;;0;1;1;1;0;0;0;0;0;1;0;0;;
261900;7;5;2015;17:15;0;RUA SEN POMPEU;;;0;;Outros;Anoitecer;;;Meio de Quadra;;;0;1;0;0;0;0;0;0;0;0;0;0;;
261898;7;5;2015;15:33;0;RUA METON DE ALENCAR;;;0;;Colis?úo;Luz do Dia;;;Meio de Quadra;;;0;1;1;1;0;0;0;0;0;1;0;0;;
261874;7;5;2015;00:06;2830;AV GAL OSORIO DE PAIVA;RUA OSCAR FRANCA;;0;;Atropelamento;;;;T;Sem?íforo;Residencial;0;2;0;0;0;0;0;0;0;1;0;0;-3,794473000000000;-38,592113000000000
261909;7;5;2015;18:22;0;AV SGT HERMINIO SAMPAIO;;;0;;Queda;Anoitecer;;;Meio de Quadra;;;0;1;0;0;0;0;0;0;0;1;0;0;-3,729066000000000;-38,573048000000000
261910;7;5;2015;18:25;1447;AV DES MOREIRA;RUA TORRES CAMARA;;0;;Colis?úo;Anoitecer;;;;;;0;1;1;1;0;0;0;0;0;1;0;0;;
261911;7;5;2015;19:08;0;AV SGT HERMINIO SAMPAIO;;;0;;Colis?úo;;;;Meio de Quadra;;;0;1;1;1;0;0;0;0;0;1;0;0;;
261912;7;5;2015;19:26;0;AV GODOFREDO MACIEL;;;0;;Colis?úo;;;;Meio de Quadra;;;0;1;1;1;0;0;0;0;0;0;0;0;-3,778077000000000;-38,564277000000000
261926;7;5;2015;09:03;0;RUA FIRMINO ROCHA AGUIAR;;;0;;Atropelamento;Luz do Dia;;;Meio de Quadra;;;0;1;1;1;0;0;0;0;0;0;0;0;;
258886;7;5;2015;12:50;0;RD BR 116;;;5000;KM-05;Colis?úo Lateral;Luz do Dia;Bom;Seca;Meio de Quadra;N?úo H?í Controle;Comercial;0;0;2;1;0;0;0;0;0;0;0;0;-3,796502000000000;-38,506787000000000
258887;7;5;2015;13:10;0;RD BR 116;;;13000;KM-13;Colis?úo Lateral;Luz do Dia;Bom;Seca;Meio de Quadra;N?úo H?í Controle;Comercial;0;0;2;1;0;0;1;0;0;0;0;0;-3,864670000000000;-38,497727000000000
270851;7;5;2015;10:37;3860;AV DA UNIVERSIDADE;AV 13 DE MAIO;;0;;Colis?úo;Luz do Dia;;;Cruz;Sem?íforo;Comercial;0;0;2;0;0;0;0;0;0;0;0;0;-3,740962000000000;-38,539107000000000
270852;7;5;2015;11:18;0;RUA CEL ERNESTO MATOS;;;580;;Colis?úo;Luz do Dia;;;Meio de Quadra;;;0;0;2;0;0;0;0;0;0;0;0;0;;
270855;7;5;2015;11:33;0;RUA JOAQUIM NABUCO;;;430;;Colis?úo;Luz do Dia;;;Meio de Quadra;;;0;0;2;0;0;0;0;0;0;0;0;0;-3,729281000000000;-38,499364000000000
270858;7;5;2015;12:04;1498;RUA SILVA PAULET;AV JULIO VENTURA;;0;;Colis?úo;Luz do Dia;;;Cruz;Sem?íforo;Comercial;0;0;2;0;0;0;0;0;0;0;0;0;-3,739640000000000;-38,507100000000000
270861;7;5;2015;16:26;0;RUA TAQUATIARA;;;772;;Colis?úo;Luz do Dia;;;Meio de Quadra;;;0;0;2;0;0;0;0;0;0;0;0;0;-3,828882000000000;-38,508251000000000
270863;7;5;2015;21:25;16453;RUA CEL MANUEL ALBANO;RUA 26 BATALHAO;;0;;Colis?úo;;;;Cruz;Pare;Misto;0;0;2;0;0;0;0;0;0;0;0;0;-3,807008000000000;-38,568374000000000
262848;7;5;2015;03:00;0;AV A CJ JOSE WALTER;;;680;;Atropelamento;;;;Meio de Quadra;;;0;1;0;0;1;0;0;0;0;0;0;0;-3,824168000000000;-38,556401000000000
264145;7;5;2015;16:40;6817;RUA BENTO ALBUQUERQUE;RUA FRANCISCO MATOS;;0;;;Luz do Dia;;;Cruz;Pare;Residencial;0;1;0;1;1;0;0;0;0;0;0;0;-3,747862000000000;-38,470436000000000
251285;8;5;2015;08:00;12543;RUA ROSINHA SAMPAIO;RUA OTAVIO PARANHOS;;0;;Outros;Luz do Dia;Bom;Seca;;Pare;Residencial;0;0;1;0;0;0;1;0;0;0;0;0;-3,726838000000000;-38,586491000000000
251303;8;5;2015;08:15;0;RUA BERNARDO MANUEL;;;0;;Colis?úo Transversal;Luz do Dia;Bom;Seca;Meio de Quadra;Sem?íforo;Comercial;0;1;1;0;0;0;0;0;0;1;0;0;;
251308;8;5;2015;19:00;3801;RUA DOM JERONIMO D06;AV 13 DE MAIO;;0;;Colis?úo Traseira;Via Iluminada;Bom;Seca;T;Sem?íforo;Comercial;0;0;2;1;0;0;0;1;0;0;0;0;-3,738032000000000;-38,542436000000000
251296;8;5;2015;19:00;1337;AV SANTOS DUMONT;RUA OSVALDO CRUZ (ALDEOTA);;0;;Colis?úo Lateral;Anoitecer;Bom;Seca;Cruz;Pare;Comercial;0;0;2;0;1;0;0;0;0;0;0;0;-3,735602000000000;-38,500317000000000
251313;8;5;2015;21:00;25387;AV AUGUSTO DOS ANJOS;TR SANTABAIA;;0;;Colis?úo Lateral;Via Iluminada;Bom;Seca;T;N?úo H?í Controle;Comercial;0;2;0;0;0;0;0;0;0;1;0;0;-3,776038000000000;-38,575525000000000
251315;8;5;2015;10:15;8025;AV JOAO PESSOA;RUA PRO COSTA MENDES;;0;;Colis?úo Lateral;Luz do Dia;Bom;Seca;Cruz;Sem?íforo;Comercial;0;1;1;1;0;0;0;0;0;1;0;0;-3,752393000000000;-38,549441000000000
251320;8;5;2015;08:00;0;AV ENG HUMBERTO MONTE;;;1486;;Colis?úo Lateral;Luz do Dia;Nublado;Molhada;Meio de Quadra;Outros;Residencial;0;0;2;1;0;0;0;0;0;0;0;0;-3,747152000000000;-38,562104000000000
251330;8;5;2015;06:40;7650;AV CARNEIRO DE MENDONCA;RUA BELO HORIZONTE;;0;;Colis?úo Transversal;Luz do Dia;Nublado;Seca;Cruz;Pare;Comercial;0;1;1;1;0;0;0;0;0;1;0;0;-3,763666000000000;-38,567567000000000