COD_ACIDENTE;DIA;MES;ANO;HORA;INTERSECAO;LOG1;LOG2;LOG3;NUMERO;REFERENCIA;NATUREZA;ILUMINACAO;TEMPO;SUPERFICIEPISTA;TIPOCRUZAMENTO;CONTROLETRAFEGO;USOSOLO;MORTOS;FERIDOS;ILESOS;AUTOMOVEL;ONIBUS;BICICLETA;CAMINHAO;MICROONIBUS;CICLOMOTOR;MOTOCICLETA;TRACAOANIMAL;TREM;LATITUDE;LONGITUDE
251328;8;5;2015;09:45;11035;RUA GERMANO FRANCK;RUA JULIO VERNE;;0;;Colis?úo Transversal;Luz do Dia;Bom;Seca;T;N?úo H?í Controle;Comercial;0;1;1;0;0;0;1;0;1;0;0;0;-3,774526000000000;-38,558672000000000
251334;8;5;2015;08:00;0;AV JOSE BASTOS;;;4800;;;Luz do Dia;Bom;Seca;Meio de Quadra;Sem?íforo;Comercial;0;0;2;1;0;0;0;0;0;0;0;0;-3,757181000000000;-38,559153000000000
251336;8;5;2015;07:30;0;AV JOSE BASTOS;;;4800;;Colis?úo Traseira;Luz do Dia;Bom;;Outros;Sem?íforo;Residencial;0;0;2;1;0;0;0;0;0;0;0;0;-3,757181000000000;-38,559153000000000
251340;8;5;2015;13:40;25125;RUA DNA LEOPOLDINA;RUA ROCHA LIMA;;0;;Colis?úo Transversal;Luz do Dia;Bom;Seca;Cruz;Pare;Residencial;0;1;1;0;0;0;1;0;0;1;0;0;-3,736665000000000;-38,521427000000000
251345;8;5;2015;15:10;15105;AV HIS RAIMUNDO GIRAO;RUA BAR ARACATI;;0;;Colis?úo Lateral;Luz do Dia;Bom;Seca;T;N?úo H?í Controle;Outros;0;1;1;1;0;0;0;0;0;1;0;0;-3,722091000000000;-38,508496000000000
251346;8;5;2015;17:00;25854;AV EDILSON B SOARES;RUA ANIBAL F BONAVIDES;;0;;Colis?úo Traseira;Via Iluminada;;Molhada;Cruz;Pare;Residencial;0;0;3;1;0;0;0;0;0;0;0;0;-3,789009000000000;-38,475387000000000
251348;8;5;2015;16:20;9073;RUA LAURO MAIA;RUA CEL JOSE EUCLIDES;;0;;Colis?úo Lateral;Luz do Dia;Bom;Seca;Cruz;Pare;Residencial;0;0;2;1;0;0;0;0;0;1;0;0;-3,752061000000000;-38,521915000000000
251349;8;5;2015;06:30;1282;AV SANTOS DUMONT;AV BAR STUDART;;0;;Colis?úo Transversal;Luz do Dia;Bom;Seca;Cruz;Sem?íforo;Comercial;0;0;2;1;0;0;0;0;0;0;0;0;-3,733642000000000;-38,506304000000000
251351;8;5;2015;13:30;17288;RUA ALBERTO MAGNO;RUA EDUARDO ANGELIM;;0;;Colis?úo Lateral;Luz do Dia;Bom;;Cruz;Pare;Residencial;0;2;1;1;0;0;0;0;0;1;0;0;-3,763194000000000;-38,548491000000000
251356;8;5;2015;09:00;0;AV D CJ CEARA;;;958;;Colis?úo Traseira;Luz do Dia;Bom;Seca;Meio de Quadra;Gesto;Residencial;0;0;2;0;1;0;0;0;0;0;0;0;-3,760351000000000;-38,603587000000000
251364;8;5;2015;14:30;13261;AV JOAO DE ARAUJO LIMA;AV G CJ JOSE WALTER;;0;;Colis?úo Lateral;;Bom;Seca;Cruz;Gesto;Comercial;0;0;2;1;0;0;0;0;0;0;0;0;-3,837034000000000;-38,561487000000000
252415;8;5;2015;19:00;12955;AV JOAO DE ARAUJO LIMA;AV A CJ JOSE WALTER;;0;;Colis?úo Lateral;Via Iluminada;Chuva;Molhada;Cruz;Pare;Comercial;0;0;2;1;0;0;0;0;0;0;0;0;-3,823474000000000;-38,558691000000000
254713;8;5;2015;14:00;0;AV GAL OSORIO DE PAIVA;;;4050;;Colis?úo Lateral;Luz do Dia;Bom;Seca;Meio de Quadra;Sem?íforo;Comercial;0;0;2;1;0;0;1;0;0;0;0;0;-3,792557000000000;-38,590228000000000
254717;8;5;2015;21:00;3335;RUA VIRIATO RIBEIRO;RUA MARIO DE ANDRADE;;0;;Colis?úo Frontal;Via Iluminada;Bom;Seca;Cruz;Pare;Residencial;0;1;1;1;0;0;0;0;0;1;0;0;-3,749713000000000;-38,561808000000000
254723;8;5;2015;19:00;15195;AV ABOLICAO;RUA JOSE NAPOLEAO;;0;;Colis?úo Transversal;Via Iluminada;Bom;Seca;Cruz;Sem?íforo Manual;Comercial;0;0;2;1;0;0;0;0;0;0;0;0;-3,726523000000000;-38,490302000000000
254729;8;5;2015;08:30;8647;AV EDILSON B SOARES;RUA PRO SOLON FARIAS;;0;;Colis?úo Traseira;Luz do Dia;Chuva;Molhada;Cruz;Pare;Comercial;0;0;2;1;0;0;1;0;0;0;0;0;-3,789155000000000;-38,477116000000000
254736;8;5;2015;16:40;0;RUA CASTRO E SILVA;;;0;;Colis?úo Transversal;Luz do Dia;Bom;Seca;Meio de Quadra;N?úo H?í Controle;Comercial;0;0;2;1;1;0;0;0;0;0;0;0;;
270870;8;5;2015;08:58;6128;AV B CJ CEARA;RUA MIN ALBUQUERQUE LIMA;;0;;Colis?úo;Luz do Dia;;;Cruz;Sem?íforo;Residencial;0;0;2;0;0;0;0;0;0;0;0;0;-3,768744000000000;-38,607506000000000
270866;8;5;2015;00:54;0;RUA MAL BITENCOURT;;;100;;Choque c/ Obst?ículo Fixo;;;;Meio de Quadra;;;0;0;1;0;0;0;0;0;0;0;0;0;-3,786222000000000;-38,528414000000000
270867;8;5;2015;08:58;23002;RUA PRA HELOISA F LIMA;RUA VILA RICA;;0;;Colis?úo;Luz do Dia;;;Cruz;Pare;Outros;0;0;2;0;0;0;0;0;0;0;0;0;-3,787573000000000;-38,545724000000000
270872;8;5;2015;10:51;0;AV PRS CASTELO BRANCO;;;2335;;Colis?úo;Luz do Dia;;;Meio de Quadra;;;0;0;2;0;0;0;0;0;0;0;0;0;-3,713679000000000;-38,548699000000000
270874;8;5;2015;10:54;17353;RUA JOAQUIM PIMENTA;RUA TEODORICO BARROSO;;0;;Colis?úo;Luz do Dia;;;;;;0;0;2;0;0;0;0;0;0;0;0;0;-3,765788000000000;-38,544447000000000
270876;8;5;2015;12:35;7761;RUA NUNES VALENTE;RUA DOM EXPEDITO LOPES;;0;;Colis?úo;Luz do Dia;;;Cruz;Pare;Residencial;0;0;2;0;0;0;0;0;0;0;0;0;-3,743494000000000;-38,506068000000000
270877;8;5;2015;14:21;5215;RUA PDE MORORO;RUA PEDRO PEREIRA;;0;;Colis?úo;Luz do Dia;;;Cruz;Sem?íforo;Comercial;0;0;2;0;0;0;0;0;0;0;0;0;-3,726667000000000;-38,537843000000000
258889;8;5;2015;07:50;0;RD BR 116;;;1000;KM-01;Colis?úo Traseira;Luz do Dia;Bom;Seca;Meio de Quadra;N?úo H?í Controle;Comercial;0;0;3;1;0;0;0;0;0;0;0;0;-3,762554000000000;-38,518702000000000
258890;8;5;2015;09:30;0;RD BR 116;;;12000;KM-12;Colis?úo Frontal;Luz do Dia;Bom;Seca;Meio de Quadra;N?úo H?í Controle;Comercial;0;0;2;1;0;0;0;0;0;0;0;0;-3,855740000000000;-38,496066000000000
258891;8;5;2015;18:50;0;RD BR 116;;;4000;KM-04;Colis?úo Transversal;Via Iluminada;Bom;Seca;Meio de Quadra;N?úo H?í Controle;Comercial;0;0;2;1;1;0;0;0;0;0;0;0;-3,788331000000000;-38,510646000000000
261927;8;5;2015;09:31;12176;RUA CAROA CJ A TAMANDARE;RUA DO PEREIRO;;0;;Colis?úo;Luz do Dia;;;;;;0;1;1;1;0;0;0;0;0;1;0;0;-3,838906000000000;-38,517715000000000
261928;8;5;2015;12:08;0;RUA ALFREDO DE CASTRO;;;0;;Colis?úo;Luz do Dia;;;Meio de Quadra;;;0;1;1;1;0;0;0;0;0;1;0;0;-3,762264000000000;-38,550964000000000
261939;8;5;2015;20:05;0;RUA ICARASSU D63;;;0;;Queda;;;;Meio de Quadra;;;0;1;0;0;0;1;0;0;0;0;0;0;;
261940;8;5;2015;23:01;3863;AV 13 DE MAIO;RUA SEN POMPEU;;0;;Atropelamento;;;;Cruz;N?úo H?í Controle;Residencial;0;1;1;1;0;0;0;0;0;0;0;0;-3,744515000000000;-38,534969000000000
261934;8;5;2015;16:14;0;AV PRS COSTA E SILVA;;;0;;Colis?úo;Luz do Dia;;;Meio de Quadra;;;0;1;1;1;0;0;0;0;0;1;0;0;;
261935;8;5;2015;16:19;0;AV MR HULL;;;0;;Atropelamento;Luz do Dia;;;Meio de Quadra;;;0;0;2;0;0;0;0;0;0;1;0;0;;
261936;8;5;2015;18:52;0;RD BR 116;;;0;;Colis?úo;;;;Meio de Quadra;;;0;1;1;1;0;0;0;0;0;1;0;0;;
261937;8;5;2015;19:54;0;AV MR HULL;;;0;;Queda;;;;Meio de Quadra;;;0;1;0;0;0;0;0;0;0;1;0;0;;
261930;8;5;2015;14:40;0;AV AGUANAMBI;;;0;;Colis?úo;Luz do Dia;;;Meio de Quadra;;;0;1;1;1;0;0;0;0;0;1;0;0;-3,751527000000000;-38,523469000000000
261921;8;5;2015;06:13;0;AV MOZART PINHEIRO DE LUCENA;;;0;;Atropelamento;Luz do Dia;;;Meio de Quadra;;;0;1;1;1;0;0;0;0;0;0;0;0;-3,723594000000000;-38,597249000000000
261922;8;5;2015;07:32;0;RUA MANUEL SATIRO;;;0;;Colis?úo;Luz do Dia;;;Meio de Quadra;;;0;1;1;0;0;0;0;0;0;1;0;0;-3,807880000000000;-38,578150000000000
261923;8;5;2015;07:50;26236;AV DR SILAS MUNGUBA;RUA BERNARDO MANUEL;;0;;Colis?úo;Luz do Dia;;;;;;0;1;1;1;0;0;0;0;0;1;0;0;-3,787538000000000;-38,547960000000000
261924;8;5;2015;08:07;0;AV PRS JUSCELINO KUBITSCHEK (PASSAR?ë);;;0;;Colis?úo;Luz do Dia;;;Meio de Quadra;;;0;1;1;1;0;0;0;0;0;1;0;0;-3,819592000000000;-38,534037000000000
261925;8;5;2015;08:20;0;AV PERIMETRAL;;;631;;Colis?úo;Luz do Dia;;;Meio de Quadra;;;0;1;1;0;0;0;0;0;0;1;0;0;;
267422;8;5;2015;04:27;10705;AV SEN FERNANDES TAVORA;RUA STA FILOMENA;;0;;Colis?úo;;;;T;Pare;Escola;0;0;2;0;0;0;0;0;0;0;0;0;-3,758249000000000;-38,589546000000000
267425;8;5;2015;21:46;0;AV PRS CASTELO BRANCO;;;0;;Colis?úo;;;;Meio de Quadra;;;0;0;2;0;0;0;0;0;0;0;0;0;;
269979;8;5;2015;09:31;0;RUA PERNAMBUCO;;;0;;Colis?úo;Luz do Dia;;;Meio de Quadra;;;0;0;2;0;0;0;0;0;0;0;0;0;;
252121;8;5;2015;14:40;0;AV SANTOS DUMONT;;;0;;;Luz do Dia;Bom;Seca;Meio de Quadra;N?úo H?í Controle;Comercial;0;0;2;1;0;0;0;0;0;0;0;0;;
251162;8;5;2015;10:40;0;RUA DR JOSE LOURENCO;;;1109;;Colis?úo Transversal;Luz do Dia;Bom;Seca;Meio de Quadra;N?úo H?í Controle;Residencial;0;1;1;1;0;0;0;0;0;1;0;0;-3,733937000000000;-38,507582000000000
251171;8;5;2015;15:27;1516;AV DES MOREIRA;AV PDE ANTONIO TOMAS;;0;;Colis?úo Traseira;Luz do Dia;Bom;Seca;Cruz;Sem?íforo;Comercial;0;0;2;1;0;0;0;0;0;0;0;0;-3,740161000000000;-38,499616000000000
251179;8;5;2015;15:15;6724;AV SANTOS DUMONT;AV ENG SANTANA JUNIOR;;0;;Colis?úo Lateral;Luz do Dia;Bom;Seca;Cruz;N?úo H?í Controle;Comercial;0;0;2;1;1;0;0;0;0;0;0;0;-3,740506000000000;-38,485132000000000
251182;8;5;2015;08:50;5451;AV DOM MANUEL;RUA BARBARA DE ALENCAR;;0;;Colis?úo Lateral;Luz do Dia;Bom;Seca;Cruz;Sem?íforo;Comercial;0;0;4;1;1;0;0;0;0;0;0;0;-3,734972000000000;-38,523262000000000
251188;8;5;2015;23:40;15366;RUA PEREIRA VALENTE;RUA PRO DIAS DA ROCHA;;0;;Colis?úo Lateral;Via Iluminada;Bom;Seca;;Pare;Residencial;0;1;1;1;0;0;0;0;0;1;0;0;-3,734132000000000;-38,491243000000000
251218;8;5;2015;04:15;10963;RUA ANTONIO FIUZA;RUA 15 DE NOVEMBRO;;0;;Colis?úo Transversal;;Nublado;Molhada;Cruz;Sem?íforo;Residencial;0;1;1;1;1;0;0;0;0;0;0;0;-3,770252000000000;-38,552228000000000
251210;8;5;2015;10:00;0;AV GAL OSORIO DE PAIVA;;;5884;;Colis?úo Traseira;Luz do Dia;Bom;Seca;Meio de Quadra;Sem?íforo;Comercial;0;0;2;1;0;0;1;0;0;0;0;0;-3,807958000000000;-38,605198000000000
251203;8;5;2015;17:00;15360;AV DES MOREIRA;AV DOM LUIS;;0;;Colis?úo Traseira;Via Iluminada;Bom;Seca;Rotat??ria;Pare;Comercial;0;0;2;1;1;0;0;0;0;0;0;0;-3,733239000000000;-38,497383000000000
251205;8;5;2015;07:30;11981;AV CASTELO DE CASTRO;AV CONTORNO NORTE (SAO CRSITOVAO);;0;;Colis?úo Transversal;;Nublado;;Cruz;;Comercial;0;0;2;1;0;0;0;0;0;0;0;0;-3,831735000000000;-38,521519000000000
251207;8;5;2015;09:00;0;AV DES GONZAGA;;;288;;Atropelamento de Animal;Luz do Dia;Bom;Seca;Meio de Quadra;N?úo H?í Controle;Comercial;0;0;2;1;0;0;0;0;0;0;0;0;-3,789516000000000;-38,503427000000000
251197;8;5;2015;15:30;5269;RUA PDE IBIAPINA;AV DUQ CAXIAS;;0;;Colis?úo Lateral;;Bom;Seca;Cruz;Sem?íforo;Comercial;0;0;2;1;1;0;0;0;0;0;0;0;-3,728446000000000;-38,540226000000000
251195;8;5;2015;19:30;24226;RUA FAUSTO CABRAL;RUA DES WALDETARIO P MOTA;;0;;Colis?úo Transversal;Via Iluminada;Bom;Seca;Cruz;Pare;Residencial;0;1;1;1;0;0;0;0;0;1;0;0;-3,733093000000000;-38,478283000000000
251192;8;5;2015;15:00;0;RUA DO ROSARIO;;;0;;Colis?úo Frontal;Via Iluminada;Bom;Seca;Meio de Quadra;N?úo H?í Controle;Outros;0;0;2;1;0;0;0;0;0;0;0;0;;
251266;8;5;2015;19:00;12514;RUA JULIO BRAGA;AV LINEU MACHADO;;0;;Colis?úo Frontal;Via Iluminada;Nublado;Molhada;;N?úo H?í Controle;Comercial;0;0;2;1;0;0;0;0;0;1;0;0;-3,775335000000000;-38,581790000000000
251268;8;5;2015;20:53;0;RUA ISAIE BORIS;;;0;;Colis?úo Lateral;Via Iluminada;Bom;Seca;Meio de Quadra;Pare;Comercial;0;0;2;1;0;0;1;0;0;0;0;0;;
251230;8;5;2015;17:00;0;AV JOR THOMAZ COELHO;;;0;;Colis?úo Lateral;Luz do Dia;Bom;Seca;Meio de Quadra;N?úo H?í Controle;Residencial;0;1;1;1;0;0;0;0;0;1;0;0;;
251234;8;5;2015;09:00;0;RUA PDE GRACA;;;36;;Colis?úo Frontal;Luz do Dia;Bom;Seca;Meio de Quadra;Pare;Residencial;0;0;2;1;0;0;0;0;0;0;0;0;-3,732482000000000;-38,545981000000000
251248;8;5;2015;01:15;9952;RUA JOSE TORRES;RUA EMILIO DE MENESES;;0;;Colis?úo Transversal;Via Iluminada;Bom;Seca;Cruz;Pare;Comercial;0;2;0;0;0;0;0;0;0;1;0;0;-3,776425000000000;-38,606283000000000
251257;8;5;2015;00:30;6788;AV SANTOS DUMONT;RUA DES WALDETARIO P MOTA;;0;;Choque c/ Obst?ículo Fixo;Via Iluminada;Bom;Seca;Cruz;Sem?íforo;Comercial;0;0;1;1;0;0;0;0;0;0;0;0;-3,741093000000000;-38,483309000000000
261126;8;5;2015;18:22;0;RUA PEDRO I;;;0;;Colis?úo;Anoitecer;;;Meio de Quadra;;;0;0;2;0;1;0;0;0;0;0;0;0;;
261127;8;5;2015;19:05;11761;AV PRS CASTELO BRANCO;RUA JACINTO MATOS;;0;;Colis?úo;;;;T;Sem?íforo;Residencial;0;0;2;1;0;0;0;0;0;0;0;0;-3,714630000000000;-38,546333000000000
261128;8;5;2015;20:52;0;RUA CEL ALEXANDRINO;;;0;;Colis?úo;;;;Meio de Quadra;;;0;0;2;1;0;0;1;0;0;0;0;0;;
259272;8;5;2015;18:20;0;RD CE-040;;;0;KM-02;Colis?úo;Anoitecer;Bom;Seca;Meio de Quadra;;;0;0;2;1;0;0;0;0;0;0;0;0;-3,776479000000000;-38,481598000000000
259273;8;5;2015;20:40;0;RD CE-040;;;2040;KM-03;Colis?úo;;Bom;Seca;Meio de Quadra;;;0;0;2;1;0;0;0;0;0;0;0;0;;
259270;8;5;2015;14:40;0;RD CE-040;;;0;KM-08;Colis?úo;Luz do Dia;Bom;Seca;Meio de Quadra;;;0;0;2;1;0;0;0;0;0;1;0;0;-3,823332000000000;-38,481317000000000
259267;8;5;2015;06:50;0;AV SEN CARLOS JEREISSATI (AEROPORTO);;;0;KM 03;Colis?úo Traseira;Luz do Dia;;Seca;Meio de Quadra;;;0;0;2;1;0;0;0;0;0;1;0;0;-3,780382000000000;-38,541414000000000
259274;9;5;2015;09:50;0;RD CE-040;;;0;KM-06;Colis?úo Traseira;Luz do Dia;Bom;Seca;Meio de Quadra;;;0;0;2;1;0;0;0;0;0;0;0;0;-3,811270000000000;-38,478781000000000
259276;9;5;2015;13:20;0;AV SEN CARLOS JEREISSATI (AEROPORTO);;;0;KM 02;Engavetamento;Luz do Dia;Bom;Seca;Meio de Quadra;;;0;0;3;1;0;0;0;0;0;0;0;0;-3,783932000000000;-38,529156000000000
261133;9;5;2015;21:15;0;RUA AZEVEDO BOLAO;;;1180;;Colis?úo;;;;Meio de Quadra;;;0;0;2;1;0;0;0;0;0;0;0;0;-3,736063000000000;-38,554829000000000
251193;9;5;2015;10:00;0;RUA FRE ODILON;;;3112;;Colis?úo Lateral;Luz do Dia;Bom;Seca;Meio de Quadra;Sem?íforo;Residencial;0;0;2;1;0;0;0;0;0;0;0;0;;
251194;9;5;2015;01:20;0;AV GAL OSORIO DE PAIVA;;;6770;;Colis?úo Transversal;Via Iluminada;Chuva;Molhada;Meio de Quadra;N?úo H?í Controle;Comercial;0;2;1;1;0;0;0;0;0;1;0;0;-3,813008000000000;-38,610073000000000
251198;9;5;2015;07:30;25351;AV PRS JUSCELINO KUBITSCHEK (PASSAR?ë);RUA MARINHO E SILVA;;0;;Colis?úo Traseira;Luz do Dia;Nublado;Seca;Cruz;Pare;Misto;0;0;2;1;0;0;0;0;0;0;0;0;;
251200;9;5;2015;18:30;0;RUA JARDIM BOTANICO;;;2095;;Colis?úo Frontal;Via Iluminada;Bom;Seca;Meio de Quadra;N?úo H?í Controle;Comercial;0;1;1;1;0;0;0;0;0;0;0;0;;
251208;9;5;2015;19:30;0;AV I CJ JOSE WALTER;;;855;;Colis?úo Lateral;Via Iluminada;Bom;Seca;Meio de Quadra;N?úo H?í Controle;Residencial;0;0;2;1;0;0;0;0;0;0;0;0;;
251209;9;5;2015;07:30;19375;RUA NAPOLEAO QUEZADO;RUA CON DE CASTRO;;0;;Colis?úo Lateral;Luz do Dia;Bom;Seca;Cruz;Pare;Misto;0;0;2;1;1;0;0;0;0;0;0;0;-3,777706000000000;-38,566777000000000
251206;9;5;2015;01:05;1496;RUA PDE VALDEVINO;RUA ILDEFONSO ALBANO;;0;;Colis?úo Transversal;Via Iluminada;Nublado;Seca;Cruz;Sem?íforo;Comercial;0;1;1;0;0;0;0;0;0;1;0;0;-3,739573000000000;-38,515423000000000
251204;9;5;2015;18:55;0;AV GODOFREDO MACIEL;;;0;;Colis?úo Traseira;Via Iluminada;Bom;Seca;Meio de Quadra;N?úo H?í Controle;Comercial;0;1;1;1;1;0;0;0;0;0;0;0;-3,796044000000000;-38,569776000000000
251202;9;5;2015;09:00;0;RUA PRC ISABEL;;;1305;;Colis?úo Lateral;Luz do Dia;Bom;Seca;Meio de Quadra;;Residencial;0;0;2;1;0;0;0;0;0;1;0;0;-3,732294000000000;-38,537171000000000
251211;9;5;2015;10:00;0;RUA CON DE CASTRO;;;6144;;Colis?úo Lateral;Luz do Dia;Bom;Seca;Meio de Quadra;N?úo H?í Controle;Residencial;0;0;2;1;0;0;0;0;0;0;0;0;-3,816100000000000;-38,599887000000000
251213;9;5;2015;16:00;0;AV JOR THOMAZ COELHO;;;555;;Colis?úo Lateral;Luz do Dia;Bom;Seca;Meio de Quadra;N?úo H?í Controle;Comercial;0;0;2;1;1;0;0;0;0;0;0;0;-3,832409000000000;-38,499306000000000
251216;9;5;2015;07:30;5468;RUA BAR ARATANHA;RUA ANTONIO POMPEU;;0;;Colis?úo Transversal;;Bom;Seca;Cruz;Sem?íforo;Comercial;0;1;1;1;0;0;0;0;1;0;0;0;-3,735826000000000;-38,527351000000000
251189;9;5;2015;08:30;0;AV OLAVO BILAC;;;817;;Colis?úo Lateral;Luz do Dia;Bom;Seca;Meio de Quadra;N?úo H?í Controle;Comercial;0;1;1;1;0;0;0;0;0;1;0;0;-3,727822000000000;-38,565013000000000
251190;9;5;2015;11:30;15623;RUA VASCO DE ATAIDE;RUA VICENTE NOBRE MACEDO;;0;;Colis?úo Transversal;Luz do Dia;Bom;Seca;Cruz;Pare;Residencial;0;0;2;1;0;0;0;0;0;0;0;0;-3,824367000000000;-38,484238000000000
251191;9;5;2015;07:35;5394;AV TRISTAO GONCALVES;RUA METON DE ALENCAR;;0;;Queda;;Nublado;Molhada;Cruz;Sem?íforo;Comercial;0;2;0;0;0;0;0;0;0;1;0;0;-3,732327000000000;-38,534777000000000
251183;9;5;2015;11:30;5374;RUA BAR RIO BRANCO;AV DUQ CAXIAS;;0;;Colis?úo Traseira;Luz do Dia;Bom;Seca;Cruz;Sem?íforo;Comercial;0;2;0;1;0;0;0;1;0;0;0;0;-3,731774000000000;-38,529947000000000
251184;9;5;2015;13:30;14421;RUA PDE ANCHIETA;AV SGT HERMINIO SAMPAIO;;0;;Colis?úo Transversal;Luz do Dia;Bom;Seca;Cruz;Sem?íforo;Comercial;0;1;1;0;1;0;0;0;0;1;0;0;-3,724693000000000;-38,551079000000000
251185;9;5;2015;13:30;0;AV BEZERRA DE MENEZES;;;1049;;Colis?úo Traseira;Amanhecer;Bom;Seca;Meio de Quadra;Sem?íforo;Residencial;0;0;2;1;0;0;0;0;0;0;0;0;-3,733548000000000;-38,554219000000000
251186;9;5;2015;13:50;0;AV SANTOS DUMONT;;;2727;;Colis?úo Lateral;Luz do Dia;Bom;Seca;;;;0;0;2;1;0;0;0;0;0;0;0;0;-3,735498000000000;-38,500642000000000
251187;9;5;2015;12:00;7860;AV ANTONIO SALES;AV SEN VIRGILIO TAVORA;;0;;Colis?úo;Luz do Dia;Bom;Seca;Cruz;Sem?íforo;Misto;0;0;2;1;0;0;0;0;0;0;0;0;-3,747279000000000;-38,496500000000000
251180;9;5;2015;09:25;15360;AV DES MOREIRA;AV DOM LUIS;;0;;Colis?úo Lateral;;Bom;Seca;Rotat??ria;Pare;Comercial;0;0;2;1;1;0;0;0;0;0;0;0;-3,733239000000000;-38,497383000000000
251181;9;5;2015;05:40;1529;RUA JOSE VILAR;RUA BARBARA DE ALENCAR;;0;;Colis?úo Transversal;Amanhecer;Bom;Seca;Cruz;Pare;Misto;0;2;2;0;0;0;0;0;0;1;0;0;-3,740591000000000;-38,506213000000000
251178;9;5;2015;18:05;5436;RUA GAL CLARINDO DE QUEIROZ;RUA JAIME BENEVOLO;;0;;Colis?úo Transversal;Via Iluminada;Bom;Seca;Cruz;Pare;Comercial;0;1;1;0;0;0;1;0;0;1;0;0;-3,734060000000000;-38,526017000000000
251176;9;5;2015;16:40;6817;RUA FRANCISCO MATOS;RUA BENTO ALBUQUERQUE;;0;;Colis?úo Transversal;Luz do Dia;Bom;Seca;Cruz;Pare;Lazer;0;0;2;1;0;0;0;0;0;0;0;0;-3,747862000000000;-38,470436000000000
251173;9;5;2015;20:50;24293;RUA JULIO ABREU;RUA DELMIRO GOUVEIA;;0;;Colis?úo Transversal;Via Iluminada;Bom;Seca;Cruz;Pare;Comercial;0;0;3;1;0;0;0;0;0;0;0;0;-3,735900000000000;-38,488072000000000
251163;9;5;2015;19:30;14453;RUA CONRADO CABRAL;RUA DEMOCRITO ROCHA;;0;;Colis?úo Transversal;Via Iluminada;Bom;Seca;Cruz;Pare;Residencial;0;1;1;0;0;0;0;0;0;1;0;0;-3,726347000000000;-38,549061000000000
251164;9;5;2015;;0;AV JOSE BASTOS;;;5682;;Colis?úo Traseira;Via Iluminada;Bom;Seca;Meio de Quadra;Sem?íforo;Comercial;0;0;3;1;0;0;0;0;0;0;0;0;-3,761363000000000;-38,564999000000000
251165;9;5;2015;00:10;26121;AV ROGACIANO LEITE;RUA LAGO DAS ORQUIDEAS;;0;;Colis?úo;Via Iluminada;Bom;Seca;Cruz;Pare;Misto;1;0;1;1;0;0;0;0;0;1;0;0;;
251166;9;5;2015;21:00;0;AV PAROARAS;;;0;;Colis?úo Traseira;Via Iluminada;Bom;Seca;Meio de Quadra;N?úo H?í Controle;Comercial;0;1;1;1;0;0;0;0;0;1;0;0;;
251167;9;5;2015;07:15;5381;AV IMPERADOR;RUA METON DE ALENCAR;;0;;Colis?úo Lateral;Luz do Dia;Chuva;Molhada;Cruz;Sem?íforo;Comercial;0;0;2;1;0;0;0;0;0;0;0;0;-3,731966000000000;-38,535869000000000
251168;9;5;2015;17:43;0;RUA CON DE CASTRO;;;4675;;Colis?úo Frontal;Anoitecer;Bom;Seca;Meio de Quadra;N?úo H?í Controle;Residencial;1;0;1;1;0;0;0;0;0;1;0;0;-3,806373000000000;-38,593182000000000
251169;9;5;2015;20:10;0;AV EDUARDO GIRAO;;;420;;Choque c/ Obst?ículo Fixo;Via Iluminada;Bom;Seca;Meio de Quadra;Outros;Residencial;0;0;2;0;0;0;0;0;0;0;0;0;-3,756560000000000;-38,527994000000000
267008;9;5;2015;16:11;0;RUA CON DE CASTRO;;;0;;Atropelamento;Luz do Dia;;;Meio de Quadra;;;1;0;1;1;0;0;0;0;0;0;0;0;;
267427;9;5;2015;00:10;0;AV JOR JOAO RAMOS;;;0;;Colis?úo;;;;Meio de Quadra;;;0;0;2;0;0;0;0;0;0;0;0;0;;
267428;9;5;2015;09:17;1574;RUA PDE VALDEVINO;RUA JOSE VILAR;;0;;Colis?úo;Luz do Dia;;;Cruz;Sem?íforo;Comercial;0;0;2;0;0;0;0;0;0;0;0;0;-3,742300000000000;-38,506779000000000
267430;9;5;2015;11:39;1414;RUA PDE QUINDERE;RUA NUNES VALENTE;;0;;Colis?úo;Luz do Dia;;;Cruz;Pare;Residencial;0;0;2;0;0;0;0;0;0;0;0;0;-3,737396000000000;-38,504153000000000
267432;9;5;2015;11:43;0;RUA BAR AQUIRAZ;;;1900;;Colis?úo;Luz do Dia;;;Meio de Quadra;;;0;0;2;0;0;0;0;0;0;0;0;0;-3,843435000000000;-38,482524000000000
267433;9;5;2015;12:27;2300;RUA CAUBI;RUA DOMINGOS DA VEIGA;;0;;Colis?úo;Luz do Dia;;;;;;0;0;2;0;0;0;0;0;0;0;0;0;-3,703420000000000;-38,577892000000000
267434;9;5;2015;13:20;23791;RUA COSTA FREIRE;RUA RAIMUNDO NERY;;0;;Colis?úo;Luz do Dia;;;Cruz;Pare;Residencial;0;0;2;0;0;0;0;0;0;0;0;0;-3,794144000000000;-38,586423000000000