COD_ACIDENTE;DIA;MES;ANO;HORA;INTERSECAO;LOG1;LOG2;LOG3;NUMERO;REFERENCIA;NATUREZA;ILUMINACAO;TEMPO;SUPERFICIEPISTA;TIPOCRUZAMENTO;CONTROLETRAFEGO;USOSOLO;MORTOS;FERIDOS;ILESOS;AUTOMOVEL;ONIBUS;BICICLETA;CAMINHAO;MICROONIBUS;CICLOMOTOR;MOTOCICLETA;TRACAOANIMAL;TREM;LATITUDE;LONGITUDE
267436;9;5;2015;13:57;10419;RUA HUMAITA D73;RUA LUIZ MARIANO;;0;;Colis?úo;Luz do Dia;;;;;;0;0;2;0;0;0;0;0;0;0;0;0;-3,761802000000000;-38,600830000000000
267437;9;5;2015;21:04;2742;RUA OSCAR ARARIPE;RUA MARIA JULIA;;0;;Colis?úo;;;;Cruz;Sem?íforo;Comercial;0;0;2;0;0;0;0;0;0;0;0;0;-3,791130000000000;-38,599484000000000
262050;9;5;2015;23:48;0;RUA MORENINHA IRINEU;;;0;;Queda;;;;Meio de Quadra;;;0;1;0;0;0;1;0;0;0;0;0;0;-3,736889000000000;-38,555896000000000
262036;9;5;2015;19:49;0;AV CASTELO DE CASTRO;;;0;;Queda;;;;Meio de Quadra;;;0;1;0;0;0;0;0;0;0;1;0;0;-3,842594000000000;-38,521628000000000
262033;9;5;2015;17:43;0;RUA CON DE CASTRO;;;0;;Queda;Anoitecer;;;Meio de Quadra;;;0;1;0;0;0;0;0;0;0;1;0;0;-3,806247000000000;-38,593063000000000
262030;9;5;2015;16:09;0;AV JOR THOMAZ COELHO;;;0;;Atropelamento;Luz do Dia;;;Meio de Quadra;;;0;1;1;1;0;0;0;0;0;0;0;0;-3,829923000000000;-38,509057000000000
262044;9;5;2015;20:50;0;RUA OSCAR FRANCA;;;0;;Colis?úo;;;;Meio de Quadra;;;0;1;1;1;0;0;0;0;0;1;0;0;-3,791915000000000;-38,599647000000000
262009;9;5;2015;06:38;0;AV JOSE BASTOS;;;0;;Colis?úo;Luz do Dia;;;Meio de Quadra;;;0;1;1;1;0;0;0;0;0;1;0;0;;
262028;9;5;2015;15:04;0;RUA PESSOA ANTA;;;353;;Colis?úo;Luz do Dia;;;Meio de Quadra;;;0;1;1;0;0;0;0;0;0;1;0;0;;
262017;9;5;2015;07:52;0;RUA EDUARDO PORTO;;;0;;Queda;Luz do Dia;;;Meio de Quadra;;;0;1;0;0;0;0;0;0;0;1;0;0;-3,832714000000000;-38,495119000000000
262018;9;5;2015;09:43;5051;RUA SEN POMPEU;RUA SEN JAGUARIBE;;0;;;Luz do Dia;;;Cruz;Pare;Comercial;0;1;1;1;0;0;0;0;0;1;0;0;-3,721667000000000;-38,528055000000000
262019;9;5;2015;10:25;0;RUA ROSA CRUZ;;;0;;Colis?úo;Luz do Dia;;;Meio de Quadra;;;0;1;1;1;0;0;0;0;0;1;0;0;-3,798852000000000;-38,566859000000000
262020;9;5;2015;10:48;0;AV GAL OSORIO DE PAIVA;;;0;;Colis?úo;Luz do Dia;;;Meio de Quadra;;;0;1;0;0;0;0;0;0;0;0;0;0;-3,813008000000000;-38,610073000000000
262021;9;5;2015;11:32;15194;RUA ILDEFONSO ALBANO;RUA DEP MOREIRA DA ROCHA;;0;;Colis?úo;Luz do Dia;;;Cruz;Pare;Residencial;0;1;1;1;0;0;0;0;0;1;0;0;-3,726480000000000;-38,511072000000000
262022;9;5;2015;11:45;0;AV PRS COSTA E SILVA;;;5295;;Colis?úo;Luz do Dia;;;Meio de Quadra;;;0;1;1;0;0;0;1;0;0;1;0;0;-3,828171000000000;-38,533114000000000
262023;9;5;2015;11:54;0;AV AGUANAMBI;;;0;;Colis?úo;Luz do Dia;;;Meio de Quadra;;;0;1;1;1;0;0;0;0;0;1;0;0;;
262024;9;5;2015;13:11;0;AV SEN CARLOS JEREISSATI (AEROPORTO);;;0;;Colis?úo;Luz do Dia;;;Meio de Quadra;;;0;1;0;1;0;0;0;0;0;0;0;0;;
262025;9;5;2015;14:31;9595;RUA LONDRINA;RUA SAO LUIZ DO OESTE;;0;;Colis?úo;Luz do Dia;;;Cruz;N?úo H?í Controle;Residencial;0;1;1;1;0;0;0;0;0;1;0;0;-3,779347000000000;-38,609308000000000
262004;9;5;2015;04:43;6285;AV C CJ CEARA;AV G CJ CEARA;;0;;Capotamento;;;;T;N?úo H?í Controle;Residencial;0;1;0;1;0;0;0;0;0;0;0;0;;
262000;9;5;2015;04:17;5140;AV DOM MANUEL;RUA TEN BENEVOLO;;0;;Atropelamento;;;;Cruz;Sem?íforo;Comercial;0;1;1;1;0;0;0;0;0;0;0;0;-3,724540000000000;-38,519888000000000
261995;9;5;2015;00:50;0;AV GAL OSORIO DE PAIVA;;;0;;Colis?úo;;;;Meio de Quadra;;;0;1;1;1;0;0;0;0;0;1;0;0;-3,813008000000000;-38,610073000000000
261996;9;5;2015;01:05;0;AV SEN FERNANDES TAVORA;;;0;;Queda;;;;Meio de Quadra;;;0;1;0;0;0;0;0;0;0;1;0;0;;
261998;9;5;2015;03:58;0;AV GAL OSORIO DE PAIVA;;;0;;Queda;;;;Meio de Quadra;;;0;1;0;0;0;0;0;0;0;1;0;0;;
258892;9;5;2015;08:40;0;RD BR 116;;;0;;Colis?úo Traseira;Luz do Dia;Bom;Seca;Meio de Quadra;N?úo H?í Controle;Comercial;0;2;1;1;0;0;0;0;0;0;0;0;;
258893;9;5;2015;08:50;0;RD BR 116;;;0;;Colis?úo Traseira;Luz do Dia;Bom;Seca;Meio de Quadra;N?úo H?í Controle;Comercial;0;0;2;1;0;0;0;0;0;0;0;0;;
258894;9;5;2015;12:00;0;RD BR 116;;;0;;Colis?úo Traseira;Luz do Dia;Bom;Seca;Meio de Quadra;N?úo H?í Controle;Comercial;0;1;1;1;0;0;0;0;0;1;0;0;;
258896;9;5;2015;22:35;0;RD BR 116;;;1000;KM-01;Outros;Via Iluminada;Bom;Molhada;Meio de Quadra;N?úo H?í Controle;Comercial;0;1;3;1;0;0;0;0;0;0;0;0;-3,762554000000000;-38,518702000000000
270878;9;5;2015;09:26;1586;AV PDE ANTONIO TOMAS;RUA FONSECA LOBO;;0;;Colis?úo;Luz do Dia;;;Cruz;Pare;Residencial;0;0;2;0;0;0;0;0;0;0;0;0;-3,743025000000000;-38,490871000000000
270879;9;5;2015;09:55;0;AV JOAO DE ARAUJO LIMA;;;0;;Colis?úo;Luz do Dia;;;Meio de Quadra;;;0;0;2;0;0;0;0;0;0;0;0;0;;
270881;9;5;2015;11:06;0;AV GODOFREDO MACIEL;;;2431;;Atropelamento;Luz do Dia;;;Meio de Quadra;;;0;0;2;0;0;0;0;0;0;0;0;0;-3,796044000000000;-38,569776000000000
270882;9;5;2015;12:30;0;RUA PRO GOMES BRASIL;;;0;;Colis?úo;Luz do Dia;;;Meio de Quadra;;;0;0;2;0;0;0;0;0;0;0;0;0;;
270884;9;5;2015;13:26;0;AV DR THEBERGE;;;1863;;Colis?úo;Luz do Dia;;;Meio de Quadra;;;0;0;2;0;0;0;0;0;0;0;0;0;-3,717276000000000;-38,565823000000000
270885;9;5;2015;15:16;0;RUA PRO JOSE LEITE GONDIM;;;0;;Colis?úo;Luz do Dia;;;Meio de Quadra;;;0;0;2;0;0;0;0;0;0;0;0;0;;
270887;9;5;2015;15:33;19739;RUA GUSTAVO SAMPAIO;RUA MOREIRA DE SOUSA;;0;;Colis?úo;Luz do Dia;;;Cruz;Pare;Residencial;0;0;2;0;0;0;0;0;0;0;0;0;-3,737367000000000;-38,566650000000000
270888;9;5;2015;20:02;0;AV SGT HERMINIO SAMPAIO;;;2656;;Colis?úo;;;;Meio de Quadra;;;0;0;2;0;0;0;0;0;0;0;0;0;-3,726957000000000;-38,563824000000000
270889;9;5;2015;20:25;0;RUA CEL MATOS DOURADO;;;0;;Colis?úo;;;;Meio de Quadra;;;0;0;2;0;0;0;0;0;0;0;0;0;;
270890;9;5;2015;20:53;21485;AV FRE CIRILO;AV MIN JOSE AMERICO;;0;;Colis?úo;;;;Cruz;Sem?íforo;;0;0;2;0;0;0;0;0;0;0;0;0;-3,812905000000000;-38,499500000000000
270896;10;5;2015;13:28;0;RUA BOA VISTA;;;58;;Colis?úo;Luz do Dia;;;Meio de Quadra;;;0;0;2;0;0;0;0;0;0;0;0;0;;
270897;10;5;2015;14:29;0;AV ROGACIANO LEITE;;;2732;;Colis?úo;Luz do Dia;;;Meio de Quadra;;;0;0;2;0;0;0;0;0;0;0;0;0;-3,782270000000000;-38,502077000000000
270898;10;5;2015;14:31;0;AV ZEZE DIOGO;;;0;;Colis?úo;Luz do Dia;;;Meio de Quadra;;;0;0;2;0;0;0;0;0;0;0;0;0;;
270893;10;5;2015;08:31;3010;RUA URUCUTUBA;RUA CEL VIRGILIO NOGUEIRA (BOM JARDIM);;0;;Colis?úo;Luz do Dia;;;Cruz;N?úo H?í Controle;Comercial;0;0;2;0;0;0;0;0;0;0;0;0;-3,798102000000000;-38,611715000000000
270894;10;5;2015;10:17;0;RUA PRO GOMES BRASIL;;;312;;Colis?úo;Luz do Dia;;;Meio de Quadra;;;0;0;2;0;0;0;0;0;0;0;0;0;-3,772938000000000;-38,568370000000000
270902;10;5;2015;15:05;0;RUA CON DE CASTRO;;;6056;;Colis?úo;Luz do Dia;;;Meio de Quadra;;;0;0;2;0;0;0;0;0;0;0;0;0;-3,815485000000000;-38,599443000000000
270903;10;5;2015;15:06;0;AV SGT HERMINIO SAMPAIO;;;4026;;Colis?úo;Luz do Dia;;;Meio de Quadra;;;0;0;2;0;0;0;0;0;0;0;0;0;-3,730599000000000;-38,576918000000000
270905;10;5;2015;15:41;0;AV D CJ JOSE WALTER;;;0;;Colis?úo;Luz do Dia;;;Meio de Quadra;;;0;0;2;0;0;0;0;0;0;0;0;0;;
270907;10;5;2015;15:48;0;AV SEN FERNANDES TAVORA;;;2976;;Atropelamento;Luz do Dia;;;Meio de Quadra;;;0;0;2;0;0;0;0;0;0;0;0;0;-3,755142000000000;-38,598191000000000
270911;10;5;2015;18:59;0;AV BENJAMIM BRASIL;;;0;;Colis?úo;;;;Meio de Quadra;;;0;0;2;0;0;0;0;0;0;0;0;0;;
270913;10;5;2015;22:39;1462;RUA JOAO CARVALHO;RUA NUNES VALENTE;;0;;Colis?úo;;;;Cruz;Pare;Comercial;0;0;2;0;0;0;0;0;0;0;0;0;-3,738599000000000;-38,504491000000000
270916;10;5;2015;22:44;0;RUA MIGUEL GONCALVES;;;139;;Colis?úo;;;;Meio de Quadra;;;0;0;2;0;0;0;0;0;0;0;0;0;-3,757958000000000;-38,556016000000000
258905;10;5;2015;04:20;0;RD BR 116;;;1000;KM-01;Colis?úo Traseira;Via Iluminada;Bom;Seca;Meio de Quadra;N?úo H?í Controle;Misto;0;1;2;1;0;0;0;0;0;0;0;0;-3,762554000000000;-38,518702000000000
258907;10;5;2015;11:10;0;RD BR 116;;;11000;KM-11;Colis?úo;Luz do Dia;Bom;Seca;Meio de Quadra;N?úo H?í Controle;Comercial;0;1;1;1;0;1;0;0;0;0;0;0;-3,847160000000000;-38,497176000000000
268064;10;5;2015;14:52;0;AV GODOFREDO MACIEL;;;0;;Colis?úo;Luz do Dia;;;Meio de Quadra;;;0;0;2;0;0;0;0;0;0;0;0;0;;
268065;10;5;2015;15:59;18928;RUA DALVA DE OLIVEIRA;RUA CANGURU;;0;;Colis?úo;Luz do Dia;;;;;;0;0;2;0;0;0;0;0;0;0;0;0;-3,847306000000000;-38,525702000000000
268067;10;5;2015;18:56;0;AV OLIVEIRA PAIVA;;;1495;;Colis?úo;;;;Meio de Quadra;;;0;0;2;0;0;0;0;0;0;0;0;0;-3,795658000000000;-38,492741000000000
268068;10;5;2015;19:30;0;RUA NESTOR F VASCONCELOS;;;0;;Colis?úo;;;;Meio de Quadra;;;0;0;2;0;0;0;0;0;0;0;0;0;;
268069;10;5;2015;22:41;0;RUA MONTE LIBANO;;;0;;Colis?úo;;;;Meio de Quadra;;;0;0;2;0;0;0;0;0;0;0;0;0;;
268070;10;5;2015;22:43;0;AV DUQ CAXIAS;;;2072;;Colis?úo;;;;Meio de Quadra;;;0;0;2;0;0;0;0;0;0;0;0;0;-3,727663000000000;-38,542622000000000
262894;10;5;2015;20:00;4018;RUA DES PRAXEDES;RUA JULIO CESAR D12;;0;;Colis?úo;;;;T;Pare;Residencial;0;1;0;1;0;0;0;0;0;1;0;0;-3,758989000000000;-38,550396000000000
262895;10;5;2015;21:17;24987;AV ANTONIO SALES;AV ALM HENRIQUE SABOIA;;0;;Colis?úo;;;;Y;Outros;Comercial;0;0;1;1;0;0;0;0;0;0;0;0;-3,748334000000000;-38,492911000000000
262062;10;5;2015;15:56;9846;RUA BARRA MANSA;RUA FRANCISCO PAIVA;;0;;Colis?úo;Luz do Dia;;;;;;0;1;1;1;0;0;0;0;0;1;0;0;-3,794386000000000;-38,615403000000000
262063;10;5;2015;16:14;0;AV GENIBAU;;;0;;Queda;Luz do Dia;;;Meio de Quadra;;;0;1;0;0;0;0;0;0;0;1;0;0;-3,760920000000000;-38,599094000000000
262051;10;5;2015;01:16;0;RUA UMARIZEIRA;;;0;;Queda;;;;Meio de Quadra;;;0;1;0;0;0;0;0;0;0;1;0;0;;
262052;10;5;2015;04:19;0;RUA EUCLIDES O DE SOUSA;;;0;;Choque c/ Obst?ículo Fixo;;;;Meio de Quadra;;;0;1;0;1;0;0;0;0;0;0;0;0;;
262053;10;5;2015;04:22;0;RD BR 116;;;0;;Atropelamento;;;;Meio de Quadra;;;0;1;1;1;0;0;0;0;0;0;0;0;;
262054;10;5;2015;05:31;0;AV CARAPINIMA;;;0;;Colis?úo;Amanhecer;;;Meio de Quadra;;;0;1;0;1;0;0;0;0;0;0;0;0;-3,740648000000000;-38,540886000000000
262055;10;5;2015;06:48;0;RUA ANGELICA GURGEL;;;0;;Colis?úo;Luz do Dia;;;Meio de Quadra;;;0;1;0;0;0;0;0;0;0;0;0;0;;
262056;10;5;2015;10:06;2955;RUA MARIA JULIA;RUA SAO FRANCISCO D21;;0;;Colis?úo;Luz do Dia;;;Cruz;Pare;Comercial;0;1;0;0;0;0;0;0;0;0;0;0;-3,798608000000000;-38,601633000000000
262057;10;5;2015;11:16;0;RD BR 116;;;11000;KM-11;Colis?úo;Luz do Dia;;;Meio de Quadra;;;0;1;0;0;0;0;0;0;0;0;0;0;-3,847160000000000;-38,497176000000000
262058;10;5;2015;14:15;0;RUA DANIEL DE CASTRO;;;0;;Atropelamento;Luz do Dia;;;Meio de Quadra;;;0;1;0;1;0;0;0;0;0;0;0;0;;
262059;10;5;2015;14:18;12642;RUA MARIA CLARA;RUA ALBERTO FERREIRA;;0;;Atropelamento;Luz do Dia;;;;;;0;1;1;0;0;0;0;0;0;1;0;0;-3,725597000000000;-38,583535000000000
262060;10;5;2015;14:33;19958;AV LUCIANO CARNEIRO;RUA PDE AMBROSIO MACHADO;;0;;Atropelamento;Luz do Dia;;;T;Pare;Comercial;0;1;0;0;0;0;0;0;0;0;0;0;-3,762103000000000;-38,535823000000000
262078;10;5;2015;22:10;5188;RUA TEN BENEVOLO;RUA NOGUEIRA ACIOLI;;0;;Colis?úo;;;;Cruz;Pare;Residencial;0;1;1;0;0;0;0;0;0;1;0;0;-3,725858000000000;-38,515591000000000
262076;10;5;2015;20:27;0;AV SGT HERMINIO SAMPAIO;;;0;;Colis?úo;;;;Meio de Quadra;;;0;1;1;1;0;0;0;0;0;1;0;0;-3,731152000000000;-38,578330000000000
262074;10;5;2015;18:42;0;RUA JOAO VITOR;;;0;;Queda;;;;Meio de Quadra;;;0;1;0;0;0;0;0;0;0;1;0;0;;
262070;10;5;2015;18:07;0;AV GODOFREDO MACIEL;;;0;;Colis?úo;Anoitecer;;;Meio de Quadra;;;0;1;0;0;0;0;0;0;0;0;0;0;;
262071;10;5;2015;18:17;6914;AV CONTORNO NORTE D71;RUA 113 CJ ESPERANCA;;0;;Colis?úo;Anoitecer;;;;;;0;1;1;0;0;0;0;0;0;1;0;0;-3,809508000000000;-38,591748000000000
262067;10;5;2015;17:23;0;RUA OSVALDO CRUZ;;;0;;Colis?úo;Anoitecer;;;Meio de Quadra;;;0;1;1;1;0;0;0;0;0;1;0;0;;
262065;10;5;2015;16:38;0;AV PERIMETRAL;;;0;;Colis?úo;Luz do Dia;;;Meio de Quadra;;;0;1;1;1;0;0;0;0;0;1;0;0;;
267439;10;5;2015;07:33;0;AV JOR THOMAZ COELHO;;;0;;Colis?úo;Luz do Dia;;;Meio de Quadra;;;0;0;2;0;0;0;0;0;0;0;0;0;;
267440;10;5;2015;14:25;0;RUA JACAUNA;;;0;;Colis?úo;Luz do Dia;;;Meio de Quadra;;;0;0;2;0;0;0;0;0;0;0;0;0;;
251223;10;5;2015;03:10;5490;AV DOM MANUEL;RUA PDE VALDEVINO;;0;;Colis?úo Traseira;Via Iluminada;Bom;Seca;Cruz;Sem?íforo;Comercial;0;1;1;0;0;0;0;0;0;1;0;0;-3,736873000000000;-38,523967000000000
251226;10;5;2015;17:30;0;AV ANTONIO SALES;;;2429;;Colis?úo Lateral;Via Iluminada;Bom;Seca;Meio de Quadra;N?úo H?í Controle;Outros;0;0;2;1;0;0;0;0;0;0;0;0;;
251228;10;5;2015;15:10;0;AV SEN VIRGILIO TAVORA;;;1090;;Outros;Luz do Dia;Bom;Seca;Meio de Quadra;Outros;Comercial;0;1;0;1;0;0;0;0;0;0;0;0;-3,736722000000000;-38,493124000000000
251229;10;5;2015;11:00;0;RUA SEN POMPEU;;;2551;;Colis?úo Lateral;Luz do Dia;Bom;Seca;Meio de Quadra;N?úo H?í Controle;Residencial;0;0;2;1;0;0;0;0;0;0;0;0;-3,740723000000000;-38,533805000000000
251219;10;5;2015;06:30;3789;AV 13 DE MAIO;RUA WALDERY UCHOA;;0;;Choque c/ Obst?ículo Fixo;Amanhecer;Nublado;Seca;Cruz;Pare;Comercial;0;0;1;1;0;0;0;0;0;0;0;0;-3,742399000000000;-38,537427000000000
251220;10;5;2015;12:20;7992;AV JOAO PESSOA;RUA ANA NERY;;0;;Colis?úo Transversal;Luz do Dia;Bom;Seca;Cruz;N?úo H?í Controle;Comercial;0;1;1;1;0;0;0;0;0;0;0;0;-3,749460000000000;-38,546781000000000
251235;10;5;2015;11:45;0;RUA NUNES VALENTE;;;687;;Colis?úo Lateral;Luz do Dia;Bom;Seca;Meio de Quadra;N?úo H?í Controle;Residencial;0;0;2;0;0;0;0;0;0;0;0;0;-3,730437000000000;-38,501881000000000
251236;10;5;2015;10:10;25163;RUA MARIA JULIA ROCHA;RUA SAO FRANCISCO D34;;0;;Colis?úo Transversal;Luz do Dia;Bom;Seca;Cruz;Pare;Misto;0;2;0;0;1;0;0;0;0;1;0;0;-3,800920000000000;-38,602742000000000
251231;10;5;2015;14:20;0;AV LUCIANO CARNEIRO;;;1600;;Colis?úo Transversal;Luz do Dia;Bom;Seca;Outros;N?úo H?í Controle;Comercial;0;1;1;1;0;1;0;0;0;0;0;0;-3,762182000000000;-38,535845000000000
251232;10;5;2015;20:35;0;AV DR SILAS MUNGUBA;;;5005;;Colis?úo Lateral;Via Iluminada;Bom;Seca;Meio de Quadra;N?úo H?í Controle;Comercial;0;0;2;1;1;0;0;0;0;0;0;0;-3,797136000000000;-38,531620000000000
251233;10;5;2015;20:30;0;AV DA UNIVERSIDADE;;;3099;;Colis?úo Lateral;Via Iluminada;Bom;Seca;Meio de Quadra;Outros;Comercial;0;0;2;1;1;0;0;0;0;0;0;0;-3,742926000000000;-38,540892000000000
251238;10;5;2015;20:00;18387;AV OLAVO BILAC;AV SGT HERMINIO SAMPAIO;;0;;Colis?úo Transversal;;Bom;Seca;Cruz;Sem?íforo;Comercial;0;0;2;1;0;0;0;0;0;0;0;0;-3,727179000000000;-38,565080000000000
251239;10;5;2015;10:20;3769;AV DOMINGOS OLIMPIO;RUA SEN POMPEU;;0;;Colis?úo Lateral;Luz do Dia;Bom;Seca;Cruz;Sem?íforo;Comercial;0;0;2;1;0;0;0;0;0;0;0;0;-3,736254000000000;-38,532455000000000
251240;10;5;2015;06:15;1388;RUA LEONARDO MOTA;AV SANTOS DUMONT;;0;;Colis?úo Transversal;Amanhecer;Bom;Seca;Cruz;Sem?íforo;Comercial;0;1;1;1;0;0;0;0;0;0;0;0;-3,736857000000000;-38,496397000000000
251241;10;5;2015;18:00;0;AV BAR STUDART;;;620;;Colis?úo Lateral;Anoitecer;Bom;Seca;Meio de Quadra;N?úo H?í Controle;Residencial;0;1;3;1;0;0;0;0;0;1;0;0;;
251242;10;5;2015;07:40;10044;RUA EMILIO DE MENESES;RUA ANTONIO NERY;;0;;Colis?úo Transversal;Luz do Dia;Bom;Seca;Cruz;Pare;Misto;0;0;2;1;0;0;0;0;0;0;0;0;-3,778162000000000;-38,600204000000000
261134;10;5;2015;01:11;0;RUA CON DE CASTRO;;;0;;Colis?úo;;;;Meio de Quadra;;;0;0;2;1;0;0;0;0;0;0;0;0;;
268640;10;5;2015;08:50;0;AV WASHINGTON SOARES;;;6055;;Colis?úo;Luz do Dia;;;Meio de Quadra;;;0;1;0;1;0;1;0;0;0;0;0;0;-3,811697000000000;-38,478905000000000
259308;10;5;2015;10:30;0;RD CE-040;;;0;KM-13;Colis?úo;Luz do Dia;Bom;Seca;Meio de Quadra;;;0;0;2;1;0;0;0;0;0;0;0;0;-3,857083000000000;-38,472314000000000
259310;10;5;2015;12:36;0;RD CE-040;;;0;KM-14;Colis?úo;Luz do Dia;Bom;Seca;Meio de Quadra;;;0;0;2;1;0;0;0;0;0;0;0;0;-3,865526000000000;-38,469235000000000
259315;10;5;2015;13:00;0;RD CE-040;;;0;KM-14;Engavetamento;Luz do Dia;Bom;Seca;Meio de Quadra;;;0;0;3;1;0;0;0;0;0;0;0;0;-3,865526000000000;-38,469235000000000
259352;10;5;2015;13:50;0;RD CE-040;;;0;KM-14;Colis?úo Lateral;Luz do Dia;Bom;Seca;Meio de Quadra;;;0;0;2;1;0;0;0;0;0;0;0;0;-3,865526000000000;-38,469235000000000
259353;10;5;2015;15:40;0;AV SEN CARLOS JEREISSATI (AEROPORTO);;;0;KM 01;Colis?úo;Luz do Dia;Bom;Seca;Meio de Quadra;;;0;0;2;1;0;0;0;0;0;0;0;0;-3,783803000000000;-38,520356000000000
259354;10;5;2015;19:20;0;RD CE-040;;;0;KM-04;Colis?úo;;Bom;Seca;Meio de Quadra;;;0;2;1;1;0;0;0;0;0;1;0;0;-3,792050000000000;-38,480251000000000
259355;11;5;2015;16:45;0;AV SEN CARLOS JEREISSATI (AEROPORTO);;;0;KM 02;Colis?úo;Luz do Dia;Bom;Seca;Meio de Quadra;;;0;0;2;1;0;0;0;0;0;0;0;0;-3,783932000000000;-38,529156000000000
259361;11;5;2015;17:00;0;RD CE-040;;;0;KM-12;Colis?úo;Anoitecer;Bom;Seca;Meio de Quadra;;;0;0;2;1;0;0;1;0;0;0;0;0;-3,848945000000000;-38,476237000000000
261163;11;5;2015;17:53;20373;RUA COPERNICO;RUA GARDENIA;;0;;Colis?úo;Anoitecer;;;;;;0;0;2;1;0;0;1;0;0;0;0;0;-3,838538000000000;-38,490874000000000
251243;11;5;2015;22:00;0;RUA JOSE FACANHA;;;48;;Colis?úo Lateral;;Bom;Seca;Meio de Quadra;N?úo H?í Controle;Residencial;0;0;2;0;1;0;0;0;0;1;0;0;-3,756093000000000;-38,552905000000000
251244;11;5;2015;18:45;0;AV CASTELO DE CASTRO;;;1917;;Colis?úo Traseira;Via Iluminada;Bom;Seca;Meio de Quadra;N?úo H?í Controle;Misto;0;0;3;1;0;0;0;0;0;0;0;0;-3,828540000000000;-38,521257000000000
251245;11;5;2015;07:00;0;AV 13 DE MAIO;;;0;;Colis?úo Lateral;Luz do Dia;Nublado;Seca;Meio de Quadra;N?úo H?í Controle;Comercial;0;0;2;1;0;0;0;0;0;0;0;0;;
251246;11;5;2015;09:20;0;AV BORGES DE MELO;;;0;;Colis?úo Lateral;Luz do Dia;Bom;Seca;Outros;N?úo H?í Controle;Comercial;0;0;2;1;1;0;0;0;0;0;0;0;;
251247;11;5;2015;17:00;6781;RUA BENTO ALBUQUERQUE;RUA ZAMENHOF;;0;;Colis?úo Lateral;Via Iluminada;Bom;Seca;Cruz;Pare;Residencial;0;2;1;0;1;0;0;0;0;1;0;0;-3,745776000000000;-38,476888000000000
251249;11;5;2015;10:00;0;RUA JUSTINIANO DE SERPA;;;83;;Colis?úo Traseira;Luz do Dia;Bom;Seca;Meio de Quadra;N?úo H?í Controle;Comercial;0;2;1;0;1;0;0;0;0;1;0;0;-3,731954000000000;-38,542689000000000
251269;11;5;2015;07:05;12811;AV DOS EXPEDICIONARIOS;RUA PRE NOVE;;0;;Colis?úo Traseira;Luz do Dia;Bom;Seca;T;Sem?íforo;Residencial;0;0;2;1;1;0;0;0;0;0;0;0;-3,755028000000000;-38,538172000000000
251263;11;5;2015;07:40;0;RUA CEL MATOS DOURADO;;;230;;Engavetamento;Luz do Dia;Chuva;Seca;Meio de Quadra;Pare;Residencial;0;1;3;1;0;0;0;0;0;1;0;0;-3,740878000000000;-38,585213000000000
251261;11;5;2015;10:40;0;AV PDE ANTONIO TOMAS;;;3377;;Colis?úo Lateral;Luz do Dia;Bom;Seca;Meio de Quadra;Sem?íforo;Residencial;0;0;2;0;0;0;0;0;0;0;0;0;-3,745930000000000;-38,481868000000000
251259;11;5;2015;11:30;9031;RUA JAIME BENEVOLO;RUA PDE ROMA;;0;;Colis?úo Lateral;Luz do Dia;Bom;Seca;Cruz;Pare;Residencial;0;0;2;1;0;0;0;0;0;0;0;0;-3,745090000000000;-38,529716000000000
251251;11;5;2015;18:40;2378;AV FRANCISCO SA;RUA 01 UI 901;;0;;Colis?úo Traseira;Via Iluminada;Bom;Seca;T;N?úo H?í Controle;Residencial;0;0;2;1;0;0;0;0;0;0;0;0;-3,705552000000000;-38,587394000000000
251256;11;5;2015;08:10;0;AV 13 DE MAIO;;;1839;;Colis?úo Traseira;Luz do Dia;Bom;Seca;Meio de Quadra;Sem?íforo;Comercial;0;0;2;1;0;0;0;0;0;0;0;0;-3,745342000000000;-38,534000000000000
251273;11;5;2015;10:00;0;RUA SATIRO DIAS;;;80;;Atropelamento;Luz do Dia;Bom;Seca;Meio de Quadra;N?úo H?í Controle;Residencial;0;1;1;1;1;0;0;0;0;0;0;0;-3,763749000000000;-38,545550000000000
251276;11;5;2015;07:20;55;RUA SALGADO FILHO;RUA CEL JOAQUIM FRANKLIN;;0;;Colis?úo Lateral;Luz do Dia;Bom;Seca;Cruz;Pare;Residencial;0;0;2;1;0;0;0;0;0;0;0;0;-3,743486000000000;-38,594868000000000
251278;11;5;2015;10:20;0;RUA PRO HERIBALDO COSTA;;;518;;Colis?úo Traseira;Luz do Dia;Bom;Seca;Meio de Quadra;N?úo H?í Controle;Comercial;0;1;2;1;0;0;0;0;0;0;0;0;;
251280;11;5;2015;00:45;5693;RUA MARGARIDA DE QUEIROZ;RUA CON BRAVEZA;;0;;Colis?úo Lateral;Luz do Dia;Bom;Seca;Cruz;Pare;Residencial;0;0;2;1;0;0;0;0;0;0;0;0;-3,792488000000000;-38,500225000000000
266840;11;5;2015;08:35;0;RUA TEODOMIRO DE CASTRO;;;3943;CHURRASCARIA O VARAND?âO;Atropelamento;Luz do Dia;;;Meio de Quadra;;;1;0;0;0;1;0;0;0;0;0;0;0;-3,720466000000000;-38,568974000000000
262146;11;5;2015;19:35;7053;RUA STA ELISA D21;AV DR THEBERGE;;0;;Atropelamento;;;;;;;0;1;0;1;0;0;0;0;0;0;0;0;;
262148;11;5;2015;;0;AV CARNEIRO DE MENDONCA;;;0;;Choque c/ Obst?ículo Fixo;;;;Meio de Quadra;;;0;1;0;1;0;0;0;0;0;0;0;0;;