COD_ACIDENTE;DIA;MES;ANO;HORA;INTERSECAO;LOG1;LOG2;LOG3;NUMERO;REFERENCIA;NATUREZA;ILUMINACAO;TEMPO;SUPERFICIEPISTA;TIPOCRUZAMENTO;CONTROLETRAFEGO;USOSOLO;MORTOS;FERIDOS;ILESOS;AUTOMOVEL;ONIBUS;BICICLETA;CAMINHAO;MICROONIBUS;CICLOMOTOR;MOTOCICLETA;TRACAOANIMAL;TREM;LATITUDE;LONGITUDE
262131;11;5;2015;13:37;0;AV PERIMETRAL;;;0;;Colis?úo;Luz do Dia;;;Meio de Quadra;;;0;1;0;0;0;0;0;0;0;0;0;0;-3,827955000000000;-38,534106000000000
262132;11;5;2015;13:55;19672;RUA GAL PIRAGIBE;AV BEZERRA DE MENEZES;;0;;Colis?úo;Luz do Dia;;;Cruz;Sem?íforo;Residencial;0;1;0;1;0;0;0;0;0;0;0;0;-3,734449000000000;-38,558651000000000
262133;11;5;2015;15:09;0;RUA CEL MATOS DOURADO;;;0;;Colis?úo;Luz do Dia;;;Meio de Quadra;;;0;1;0;0;0;0;0;0;0;0;0;0;-3,751054000000000;-38,583703000000000
262134;11;5;2015;16:47;0;AV DR SILAS MUNGUBA;;;0;;Colis?úo;Luz do Dia;;;Meio de Quadra;;;0;1;1;1;0;0;0;0;0;1;0;0;;
262135;11;5;2015;18:19;0;AV FRANCISCO SA;;;0;;Colis?úo;Anoitecer;;;Meio de Quadra;;;0;1;0;0;0;0;0;0;0;0;0;0;-3,704292000000000;-38,589491000000000
262136;11;5;2015;18:33;12849;RUA SALDANHA MARINHO;RUA ASSUNCAO;;0;;Colis?úo;;;;Cruz;Pare;Residencial;0;1;0;1;0;0;0;0;0;0;0;0;-3,742314000000000;-38,531231000000000
262083;11;5;2015;07:09;0;RUA MES ROSA;;;0;;Colis?úo;Luz do Dia;;;Meio de Quadra;;;0;1;1;1;0;0;0;0;0;1;0;0;;
262084;11;5;2015;10:34;0;AV JOR THOMAZ COELHO;;;0;;Queda;Luz do Dia;;;Meio de Quadra;;;0;1;0;0;0;0;0;0;0;1;0;0;;
262085;11;5;2015;12:33;22288;RUA JOSE CANDIDO D08;RUA LERIA DE ANDRADE;;0;;Colis?úo;Luz do Dia;;;Cruz;Pare;Residencial;0;1;1;1;0;0;0;0;0;1;0;0;-3,729416000000000;-38,551044000000000
262966;11;5;2015;18:25;1473;RUA CATAO MAMEDE;RUA SILVA PAULET;;0;;Colis?úo;Anoitecer;;;Cruz;Pare;Residencial;0;1;0;1;0;0;0;0;0;0;0;0;-3,738908000000000;-38,506862000000000
251304;11;5;2015;11:20;0;AV DEP PAULINO ROCHA;;;0;;Colis?úo Traseira;Luz do Dia;Bom;Seca;Meio de Quadra;D?¬ Prefer?¬ncia;Lazer;0;0;2;1;1;0;0;0;0;0;0;0;;
251305;11;5;2015;14:00;0;AV PRS COSTA E SILVA;;;5143;;Choque c/ Obst?ículo Fixo;Luz do Dia;Bom;Seca;Meio de Quadra;N?úo H?í Controle;Comercial;0;1;0;0;0;0;0;0;1;0;0;0;-3,827833000000000;-38,534513000000000
251306;11;5;2015;21:00;0;RUA ANTONIO GADELHA;;;515;;Colis?úo Traseira;Via Iluminada;Bom;Seca;Meio de Quadra;N?úo H?í Controle;Comercial;0;0;2;1;0;0;0;0;0;0;0;0;-3,832599000000000;-38,500629000000000
251307;11;5;2015;22:00;9176;AV AGUANAMBI;AV EDUARDO GIRAO;;0;;Colis?úo Lateral;Via Iluminada;Bom;Seca;Rotat??ria;N?úo H?í Controle;Comercial;0;0;2;1;0;0;0;0;0;0;0;0;-3,755303000000000;-38,523639000000000
251292;11;5;2015;10:45;3860;AV 13 DE MAIO;AV DA UNIVERSIDADE;;0;;Colis?úo Traseira;Luz do Dia;Bom;Seca;Cruz;Sem?íforo;Outros;0;0;1;1;0;0;0;0;0;0;0;0;-3,740962000000000;-38,539107000000000
251293;11;5;2015;09:20;12884;RUA COS TRISTAO;RUA MES ROSA;;0;;Colis?úo Transversal;Luz do Dia;Bom;Seca;Cruz;Pare;Comercial;0;0;2;1;0;0;0;0;0;0;0;0;-3,741860000000000;-38,527652000000000
251298;11;5;2015;06:50;0;AV LUCIANO CARNEIRO;;;1970;;Colis?úo Traseira;Luz do Dia;Bom;Seca;Meio de Quadra;Sem?íforo;Misto;0;0;2;1;0;0;0;0;0;0;0;0;-3,765442000000000;-38,536836000000000
251299;11;5;2015;06:40;0;AV ALBERTO CRAVEIRO;;;430;;Colis?úo Traseira;Luz do Dia;Nublado;Seca;Meio de Quadra;N?úo H?í Controle;Comercial;0;1;1;1;0;0;0;0;0;1;0;0;-3,782668000000000;-38,516505000000000
251300;11;5;2015;23:40;1423;RUA TORRES CAMARA;RUA OSVALDO CRUZ (ALDEOTA);;0;;Capotamento;Via Iluminada;Bom;Seca;Cruz;Sem?íforo;Residencial;0;0;2;1;0;0;0;0;0;0;0;0;-3,737574000000000;-38,500953000000000
251301;11;5;2015;16:00;15327;AV SEN VIRGILIO TAVORA;RUA ANA BILHAR;;0;;Colis?úo Lateral;Luz do Dia;Bom;Seca;Cruz;Sem?íforo;Comercial;0;0;2;1;0;0;0;0;0;1;0;0;-3,730893000000000;-38,491262000000000
251302;11;5;2015;18:30;1337;AV SANTOS DUMONT;RUA OSVALDO CRUZ (ALDEOTA);;0;;Colis?úo Transversal;Via Iluminada;Bom;Seca;Cruz;Sem?íforo;Comercial;0;1;2;1;1;0;0;0;0;0;0;0;-3,735602000000000;-38,500317000000000
251286;11;5;2015;16:47;15353;RUA PEREIRA VALENTE;RUA BARBOSA DE FREITAS;;0;;Colis?úo;;Bom;Seca;Cruz;Pare;Residencial;0;0;2;1;0;0;1;0;0;0;0;0;-3,732578000000000;-38,496080000000000
251283;11;5;2015;07:30;0;RUA MAL DEODORO;;;1365;;Colis?úo Traseira;Luz do Dia;Bom;Seca;Meio de Quadra;N?úo H?í Controle;Residencial;0;0;2;1;0;0;0;0;0;0;0;0;-3,747256000000000;-38,538457000000000
251288;11;5;2015;09:00;5710;AV OLIVEIRA PAIVA;RUA CON BRAVEZA;;0;;Colis?úo;Luz do Dia;Bom;Seca;Cruz;N?úo H?í Controle;Comercial;0;0;2;1;0;0;0;0;0;0;0;0;-3,796485000000000;-38,498448000000000
251290;11;5;2015;11:30;0;AV JOVITA FEITOSA;;;3079;;Colis?úo Traseira;Luz do Dia;Bom;Seca;Meio de Quadra;N?úo H?í Controle;Comercial;0;0;2;1;0;0;0;0;0;0;0;0;-3,741650000000000;-38,565234000000000
251281;11;5;2015;10:50;0;RUA LUIS VIEIRA;;;1245;;Colis?úo Traseira;Luz do Dia;Bom;Seca;Meio de Quadra;N?úo H?í Controle;Misto;0;1;1;1;0;0;0;0;0;1;0;0;-3,787054000000000;-38,590136000000000
258915;11;5;2015;21:20;0;RD BR 116;;;7000;KM-07;Colis?úo Traseira;Via Iluminada;Bom;Seca;Meio de Quadra;N?úo H?í Controle;Comercial;0;1;1;1;0;0;0;0;0;0;0;0;-3,813246000000000;-38,501101000000000
258913;11;5;2015;08:00;0;RD BR 116;;;7000;KM-07;Choque c/ Obst?ículo Fixo;Luz do Dia;Bom;Seca;Meio de Quadra;N?úo H?í Controle;Comercial;0;1;0;1;0;0;0;0;0;0;0;0;-3,813246000000000;-38,501101000000000
258910;11;5;2015;06:50;0;RD BR 116;;;9000;KM-09;Colis?úo Traseira;Luz do Dia;Bom;Seca;Meio de Quadra;N?úo H?í Controle;Comercial;0;0;2;1;0;0;0;0;0;0;0;0;-3,830837000000000;-38,504865000000000
270918;11;5;2015;11:05;0;AV JOAO PESSOA;;;6318;;Colis?úo;Luz do Dia;;;Meio de Quadra;;;0;0;2;0;0;0;0;0;0;0;0;0;-3,765575000000000;-38,559123000000000
270920;11;5;2015;11:45;0;RUA CEL FABRICIANO;;;1223;;Atropelamento;Luz do Dia;;;Meio de Quadra;;;0;0;2;0;0;0;0;0;0;0;0;0;-3,784222000000000;-38,602627000000000
270922;11;5;2015;17:11;0;AV DOM MANUEL;;;77;;Colis?úo;Anoitecer;;;Meio de Quadra;;;0;0;2;0;0;0;0;0;0;0;0;0;-3,724888000000000;-38,520000000000000
270924;11;5;2015;17:34;0;RUA ELISEU ORIA;;;900;;Colis?úo;Anoitecer;;;Meio de Quadra;;;0;0;2;0;0;0;0;0;0;0;0;0;-3,795569000000000;-38,477412000000000
270926;11;5;2015;17:36;0;AV PRS COSTA E SILVA;;;5571;;Colis?úo;Anoitecer;;;Meio de Quadra;;;0;0;2;0;0;0;0;0;0;0;0;0;;
270927;11;5;2015;17:39;7894;RUA VICENTE LEITE;RUA PRO FRANCISCO GONCALVES;;0;;Colis?úo;Anoitecer;;;Cruz;Pare;Escola;0;0;2;0;0;0;0;0;0;0;0;0;-3,747615000000000;-38,498773000000000
270929;11;5;2015;17:52;15288;RUA VICENTE LEITE;RUA SILVA JATAHY;;0;;Colis?úo;Anoitecer;;;Cruz;Pare;Residencial;0;0;2;0;0;0;0;0;0;0;0;0;-3,729302000000000;-38,492910000000000
270932;12;5;2015;00:15;0;RUA CAP TIBURCIO DA FROTA;;;1240;;Choque c/ Obst?ículo Fixo;;;;Meio de Quadra;;;0;0;1;0;0;0;0;0;0;0;0;0;-3,754522000000000;-38,509297000000000
270935;12;5;2015;21:25;0;AV LINEU MACHADO;;;270;;Colis?úo;;;;Meio de Quadra;;;0;0;2;0;0;0;0;0;0;0;0;0;-3,762240000000000;-38,574974000000000
270936;12;5;2015;21:26;21773;RUA GAL ALIPIO DOS SANTOS;RUA LINDOLFO FREIRE;;0;;Colis?úo;;;;;;;0;0;1;0;0;0;0;0;0;0;0;0;-3,729318000000000;-38,587219000000000
268072;12;5;2015;17:06;0;RUA JOSE CAETANO;;;0;;Colis?úo;Anoitecer;;;Meio de Quadra;;;0;0;2;0;0;0;0;0;0;0;0;0;;
251282;12;5;2015;13:50;4189;AV PRS CASTELO BRANCO;RUA FRANCISCO CORDEIRO;;0;;Colis?úo Traseira;Luz do Dia;Bom;Seca;Cruz;Pare;Outros;0;0;2;1;0;0;0;0;0;0;0;0;-3,713113000000000;-38,550593000000000
251291;12;5;2015;07:20;6791;AV PDE ANTONIO TOMAS;RUA JOAO ADOLFO GURGEL;;0;;Engavetamento;Luz do Dia;Bom;Seca;T;N?úo H?í Controle;Residencial;0;0;3;1;0;0;0;0;0;0;0;0;-3,746133000000000;-38,481221000000000
251289;12;5;2015;12:30;0;AV DUQ CAXIAS;;;1289;;Colis?úo Traseira;Luz do Dia;Bom;Seca;Meio de Quadra;Outros;Comercial;0;0;2;0;0;0;0;0;0;1;0;0;-3,730022000000000;-38,535375000000000
251284;12;5;2015;16:30;0;AV FRE CIRILO;;;4749;;Colis?úo Traseira;Via Iluminada;Bom;Seca;Meio de Quadra;N?úo H?í Controle;Residencial;0;0;2;1;0;0;0;0;0;0;0;0;-3,825493000000000;-38,493863000000000
251287;12;5;2015;13:50;5415;RUA FLORIANO PEIXOTO;RUA GAL CLARINDO DE QUEIROZ;;0;;Colis?úo Transversal;Luz do Dia;Bom;Seca;Cruz;Pare;Comercial;0;0;2;1;0;0;1;0;0;0;0;0;-3,733049000000000;-38,529027000000000
251294;12;5;2015;06:30;0;AV PRS JUSCELINO KUBITSCHEK (PASSAR?ë);;;4500;SARA KUBSTSCHEK;Atropelamento de Animal;Luz do Dia;Bom;Seca;Meio de Quadra;N?úo H?í Controle;Residencial;0;1;0;0;0;0;0;0;0;1;0;0;-3,818562000000000;-38,533326000000000
251295;12;5;2015;20:15;0;AV SEN FERNANDES TAVORA;;;338;;Colis?úo Transversal;Via Iluminada;Bom;Seca;Meio de Quadra;N?úo H?í Controle;Comercial;0;1;1;1;0;0;0;0;0;1;0;0;;
251366;12;5;2015;20:00;0;AV JOSE BASTOS;;;6118;;Colis?úo Transversal;;Bom;Seca;Meio de Quadra;N?úo H?í Controle;Comercial;0;1;1;1;0;0;0;0;0;1;0;0;-3,765047000000000;-38,567445000000000
251352;12;5;2015;19:30;0;RUA GAL CAIADO DE CASTRO;;;480;;Atropelamento;Via Iluminada;Bom;Seca;Meio de Quadra;N?úo H?í Controle;Residencial;1;0;1;1;0;0;0;0;0;0;0;0;-3,787604000000000;-38,489043000000000
251341;12;5;2015;15:00;0;AV PRS ARTUR BERNARDES;;;2450;;Colis?úo Lateral;Luz do Dia;Bom;Seca;Meio de Quadra;N?úo H?í Controle;Misto;0;0;2;0;0;0;0;0;0;0;0;0;-3,792761000000000;-38,471674000000000
251342;12;5;2015;13:50;24104;AV CESAR CALS;RUA HERMINIA BONAVIDES;;0;;Colis?úo Transversal;Luz do Dia;Bom;Seca;T;Pare;Residencial;0;1;2;1;0;0;0;0;0;1;0;0;-3,729537000000000;-38,459926000000000
251343;12;5;2015;09:00;0;AV SGT HERMINIO SAMPAIO;;;809;;Colis?úo Lateral;Luz do Dia;Bom;Seca;Meio de Quadra;Outros;Comercial;0;0;2;1;0;0;0;0;0;1;0;0;-3,724550000000000;-38,547894000000000
251344;12;5;2015;16:00;0;RUA CHICO LEMOS;;;925;;Colis?úo Lateral;Luz do Dia;Bom;Seca;;;;0;0;2;1;1;0;0;0;0;0;0;0;-3,794913000000000;-38,497512000000000
251337;12;5;2015;08:05;0;RUA PDE IBIAPINA;;;0;;Colis?úo Traseira;Luz do Dia;Bom;Seca;Meio de Quadra;N?úo H?í Controle;Comercial;0;0;2;1;0;0;0;0;0;1;0;0;;
251338;12;5;2015;10:00;0;AV PRS CASTELO BRANCO;;;134;;Engavetamento;Luz do Dia;Bom;Seca;Meio de Quadra;N?úo H?í Controle;Comercial;0;0;3;1;0;0;0;0;0;0;0;0;-3,723126000000000;-38,521528000000000
251339;12;5;2015;14:40;0;AV AGUANAMBI;;;1637;;Colis?úo Traseira;Luz do Dia;Bom;Seca;Meio de Quadra;Outros;Comercial;0;1;1;1;0;0;0;0;0;1;0;0;-3,751120000000000;-38,523538000000000
251335;12;5;2015;09:10;0;AV BAR STUDART;;;1071;;Colis?úo Lateral;Luz do Dia;Bom;Seca;Meio de Quadra;N?úo H?í Controle;Comercial;0;0;2;1;1;0;0;0;0;0;0;0;-3,733720000000000;-38,506330000000000
251297;12;5;2015;07:30;25242;RUA FAUSTO CABRAL;RUA PRISCO BEZERRA;;0;;Colis?úo Transversal;Luz do Dia;Bom;Seca;Cruz;Pare;Residencial;0;0;2;1;0;0;0;0;1;0;0;0;-3,735188000000000;-38,471170000000000
251401;12;5;2015;06:40;18498;AV GOV PARSIFAL BARROSO;RUA MARIA MIRIAN F  DE SOUZA;;0;;Colis?úo Traseira;Luz do Dia;Bom;Seca;T;Pare;Misto;0;1;2;1;0;0;1;0;0;1;0;0;-3,733515000000000;-38,568958000000000
251393;12;5;2015;13:00;25892;RUA ANSELMO NOGUEIRA;RUA COSMONAUTAS D34;;0;;Colis?úo Transversal;Luz do Dia;Bom;Seca;Cruz;Gesto;Residencial;0;1;1;1;0;0;0;0;0;1;0;0;;
251394;12;5;2015;12:30;1378;RUA DES LEITE ALBUQUERQUE;RUA OSVALDO CRUZ (ALDEOTA);;0;;Colis?úo Transversal;Luz do Dia;Bom;Seca;Cruz;Pare;Misto;0;0;2;1;0;0;0;0;0;0;0;0;-3,736598000000000;-38,500640000000000
251391;12;5;2015;21:30;9115;RUA DR ALFREDO WEYNE D14;RUA GAL SILVA JUNIOR;;0;;Colis?úo Transversal;Via Iluminada;Bom;Seca;Cruz;Pare;Comercial;0;0;2;1;0;0;0;0;0;0;0;0;-3,755893000000000;-38,532116000000000
256645;12;5;2015;09:27;0;AV GODOFREDO MACIEL;;;878;;Colis?úo Traseira;Luz do Dia;Bom;Seca;Meio de Quadra;N?úo H?í Controle;Comercial;0;0;2;1;0;0;0;0;0;0;0;0;-3,783784000000000;-38,565990000000000
262157;12;5;2015;11:57;0;AV AGUANAMBI;;;0;;Atropelamento;Luz do Dia;;;Meio de Quadra;;;0;1;1;1;0;0;0;0;0;0;0;0;-3,752151000000000;-38,523386000000000
262150;12;5;2015;06:28;0;AV SGT HERMINIO SAMPAIO;;;0;;Atropelamento;Luz do Dia;;;Meio de Quadra;;;0;1;1;0;0;0;0;0;0;1;0;0;-3,727320000000000;-38,565855000000000
262152;12;5;2015;09:34;24244;RUA FAUSTO CABRAL;RUA SOLON ONOFRE;;0;;Atropelamento;Luz do Dia;;;Cruz;Pare;Residencial;0;1;1;0;0;0;0;0;0;1;0;0;-3,734718000000000;-38,472778000000000
262153;12;5;2015;10:02;2779;RUA VICENTE PINHEIRO;RUA OSCAR ARARIPE;;0;;Colis?úo;Luz do Dia;;;Cruz;Pare;Comercial;0;1;1;1;0;0;0;0;0;1;0;0;-3,792701000000000;-38,594600000000000
262154;12;5;2015;10:33;0;RUA BERNARDO MANUEL;;;0;;Atropelamento;Luz do Dia;;;Meio de Quadra;;;0;1;1;1;0;0;0;0;0;0;0;0;-3,799738000000000;-38,551728000000000
262155;12;5;2015;11:44;0;RUA VALPARAISO;;;0;;Colis?úo;Luz do Dia;;;Meio de Quadra;;;0;1;1;1;0;0;0;0;0;1;0;0;;
262173;12;5;2015;12:23;0;AV FRE CIRILO;;;0;;Queda;Luz do Dia;;;Meio de Quadra;;;0;1;0;0;0;0;0;0;0;1;0;0;;
262169;12;5;2015;06:44;0;RD BR 116;;;5000;KM-05;Colis?úo;Luz do Dia;;;Meio de Quadra;;;0;1;1;1;0;0;0;0;0;1;0;0;-3,796502000000000;-38,506787000000000
262166;12;5;2015;19:15;0;AV AUGUSTO DOS ANJOS;;;0;;Colis?úo;;;;Meio de Quadra;;;0;1;1;1;0;0;0;0;0;1;0;0;;
262167;12;5;2015;21:22;0;AV LUCIANO CARNEIRO;;;0;;Queda;;;;Meio de Quadra;;;0;1;0;0;0;0;0;0;0;1;0;0;;
262163;12;5;2015;18:40;0;AV JOSE BASTOS;;;0;;Colis?úo;;;;Meio de Quadra;;;0;1;1;1;0;0;0;0;0;1;0;0;-3,765047000000000;-38,567445000000000
262164;12;5;2015;18:45;9359;RUA COS LAFAYETE;RUA RIO TOCANTINS;;0;;Colis?úo;;;;Cruz;N?úo H?í Controle;Residencial;0;1;0;0;0;0;0;0;0;1;0;0;-3,718186000000000;-38,580697000000000
262160;12;5;2015;17:16;0;AV DOLOR BARREIRA;;;401;;Atropelamento;Anoitecer;;;Meio de Quadra;;;0;1;1;0;0;0;0;0;0;1;0;0;;
262161;12;5;2015;17:58;0;AV BORGES DE MELO;;;0;;Atropelamento;Anoitecer;;;Meio de Quadra;;;0;1;1;1;0;0;0;0;0;0;0;0;;
267003;12;5;2015;18:02;0;RUA DAS PEDRINHAS;;;0;;Colis?úo;Anoitecer;;;Meio de Quadra;;;1;0;1;0;0;0;0;0;0;1;0;0;;
251279;12;5;2015;13:30;17365;RUA TEN MOACIR MATOS;RUA EUZEBIO DE QUEIROS;;0;;Colis?úo Transversal;Luz do Dia;Bom;Seca;Cruz;Pare;Residencial;0;1;1;1;0;0;0;0;1;0;0;0;-3,766390000000000;-38,553728000000000
251277;12;5;2015;14:40;18498;AV GOV PARSIFAL BARROSO;RUA MARIA MIRIAN F  DE SOUZA;;0;;Choque c/ Obst?ículo Fixo;Luz do Dia;Bom;Seca;T;;Residencial;0;1;0;1;0;0;0;0;0;0;0;0;-3,733515000000000;-38,568958000000000
251275;12;5;2015;10:15;7948;AV PONTES VIEIRA;RUA JOAQUIM NABUCO;;0;;Colis?úo Frontal;Luz do Dia;Bom;Seca;Cruz;Sem?íforo;Residencial;0;1;1;1;0;0;0;0;0;1;0;0;-3,751917000000000;-38,506628000000000
251267;12;5;2015;12:00;0;AV JOSE BASTOS;;;4300;;Engavetamento;Luz do Dia;Bom;Seca;Outros;Sem?íforo;Residencial;0;0;3;1;0;0;0;0;0;0;0;0;-3,754377000000000;-38,554835000000000
251270;12;5;2015;12:30;25675;AV ABOLICAO;TR SAO GERARDO (MUCURIPE);;0;;Colis?úo Traseira;Luz do Dia;Bom;Seca;T;Pare;Rural;0;0;2;0;0;0;0;0;0;1;0;0;-3,725907000000000;-38,486613000000000
251271;12;5;2015;11:00;3769;AV DOMINGOS OLIMPIO;RUA SEN POMPEU;;0;;Colis?úo Traseira;Luz do Dia;Bom;Seca;Cruz;Sem?íforo;Comercial;0;0;3;1;0;0;0;1;0;1;0;0;-3,736254000000000;-38,532455000000000
251272;12;5;2015;08:50;15362;RUA CEL LINHARES;RUA PEREIRA VALENTE;;0;;Colis?úo Lateral;Luz do Dia;Bom;Seca;Cruz;Pare;Residencial;0;0;2;1;0;0;0;0;0;0;0;0;-3,733517000000000;-38,493183000000000
261283;12;5;2015;19:48;0;RUA ANDRADE FURTADO;;;0;;Colis?úo;;;;Meio de Quadra;;;0;0;2;1;0;0;0;0;0;0;0;0;;
261165;12;5;2015;08:18;0;AV ANTONIO SALES;;;0;;Colis?úo;Luz do Dia;;;Meio de Quadra;;;0;0;2;1;0;0;0;0;0;0;0;0;;
259363;12;5;2015;05:55;0;RD CE-040;;;0;KM-07;Colis?úo;Amanhecer;Bom;Seca;Meio de Quadra;;;0;0;2;1;0;0;0;0;0;1;0;0;-3,817953000000000;-38,483160000000000
261330;13;5;2015;09:36;0;AV JOAO PESSOA;;;0;;Colis?úo;Luz do Dia;;;Meio de Quadra;;;0;0;2;1;1;0;0;0;0;0;0;0;;
266851;13;5;2015;11:00;0;RUA A (CJ IRM?â DULCE II);;;132;;Atropelamento;Luz do Dia;;;Meio de Quadra;;;1;1;1;1;0;0;0;0;0;0;0;0;;
262170;13;5;2015;10:16;7790;AV DES MOREIRA;AV PONTES VIEIRA;;0;;Colis?úo;Luz do Dia;;;Cruz;Sem?íforo;Comercial;0;1;1;1;0;0;0;0;0;1;0;0;-3,751526000000000;-38,503254000000000
262179;13;5;2015;18:09;0;AV WASHINGTON SOARES;;;0;;Colis?úo;Anoitecer;;;Meio de Quadra;;;0;1;0;0;0;0;0;0;0;0;0;0;;
262177;13;5;2015;16:49;0;AV PRS CASTELO BRANCO;;;0;;Atropelamento;Luz do Dia;;;Meio de Quadra;;;0;1;1;0;0;0;0;0;0;1;0;0;-3,712477000000000;-38,552787000000000
262175;13;5;2015;14:25;0;RD BR 116;;;9000;KM-09;Colis?úo;Luz do Dia;;;Meio de Quadra;;;0;1;1;1;0;0;0;0;0;1;0;0;-3,830837000000000;-38,504865000000000
262172;13;5;2015;12:10;0;RUA MARIA ALICE FERRAZ;;;0;;Colis?úo;Luz do Dia;;;Meio de Quadra;;;0;1;0;0;0;0;0;0;0;0;0;0;-3,771559000000000;-38,489912000000000
262183;13;5;2015;19:10;0;AV DES GONZAGA;;;0;;Colis?úo;;;;Meio de Quadra;;;0;1;1;1;0;0;0;0;0;1;0;0;;
262181;13;5;2015;18:27;0;AV SEN FERNANDES TAVORA;;;0;;Colis?úo;Anoitecer;;;Meio de Quadra;;;0;1;0;0;0;0;0;0;0;0;0;0;-3,762589000000000;-38,581405000000000
262225;13;5;2015;22:10;0;RUA 2 CJ T JEREISSATI;;;0;;Atropelamento;;;;Meio de Quadra;;;0;1;1;1;0;0;0;0;0;0;0;0;;
262217;13;5;2015;19:12;0;RUA BRAGANCA;;;0;;Queda;;;;Meio de Quadra;;;0;1;0;0;0;0;0;0;0;1;0;0;-3,782379000000000;-38,597005000000000
262218;13;5;2015;19:29;0;AV BORGES DE MELO;;;0;;Colis?úo;;;;Meio de Quadra;;;0;1;1;1;0;0;0;0;0;1;0;0;;
262219;13;5;2015;20:03;0;AV MIN JOSE AMERICO;;;0;;Atropelamento;;;;Meio de Quadra;;;0;1;1;1;0;0;0;0;0;0;0;0;;
262220;13;5;2015;20:19;0;RUA MARANGUAPE D50;;;0;;Colis?úo;;;;Meio de Quadra;;;0;1;0;0;0;0;0;0;0;0;0;0;;
262221;13;5;2015;20:52;0;RUA LUIS VIEIRA;;;0;;Atropelamento;;;;Meio de Quadra;;;0;1;1;1;0;0;0;0;0;0;0;0;-3,795103000000000;-38,586962000000000
262222;13;5;2015;21:48;0;AV ZEZE DIOGO;;;0;;Queda;;;;Meio de Quadra;;;0;1;0;0;0;0;0;0;0;1;0;0;;
262223;13;5;2015;21:52;0;AV JOSE BASTOS;;;0;;Queda;;;;Meio de Quadra;;;0;1;0;0;0;1;0;0;0;0;0;0;;
251314;13;5;2015;11:00;9149;RUA DOM SEBASTIAO LEME;RUA DR JOSE VITOR;;0;;Colis?úo Frontal;Luz do Dia;Bom;Seca;Cruz;Pare;Residencial;0;0;2;1;0;0;0;0;0;1;0;0;-3,747703000000000;-38,526000000000000
251316;13;5;2015;07:30;25037;AV LUCIANO CARNEIRO;RUA JULIO DA SILVEIRA;;0;;Colis?úo Traseira;Luz do Dia;Bom;Seca;T;Pare;Comercial;0;1;1;1;0;0;0;0;0;1;0;0;-3,759514000000000;-38,535029000000000
251317;13;5;2015;11:10;13707;AV CENTRAL IU 309;RUA B CJ LUSTOSA PALMARES;;0;;Colis?úo Transversal;Luz do Dia;Bom;Seca;T;N?úo H?í Controle;Residencial;0;1;1;1;0;0;0;0;0;1;0;0;;
251318;13;5;2015;20:45;12884;RUA COS TRISTAO;RUA MES ROSA;;0;;Colis?úo Transversal;Via Iluminada;Bom;Seca;Cruz;Pare;Residencial;0;0;2;1;0;0;0;0;0;0;0;0;-3,741860000000000;-38,527652000000000
251319;13;5;2015;09:20;8934;AV DOMINGOS OLIMPIO;RUA PDE MORORO;;0;;Colis?úo Transversal;Luz do Dia;Bom;Seca;Cruz;Pare;Misto;0;0;2;0;0;0;0;0;0;0;0;0;-3,733752000000000;-38,539949000000000
251321;13;5;2015;16:00;11856;AV FRANCISCO SA;RUA JOSE PINTO DO CARMO;;0;;Colis?úo Transversal;Luz do Dia;Bom;Seca;Cruz;Sem?íforo;Residencial;0;0;3;1;0;0;0;0;0;1;0;0;-3,721324000000000;-38,545407000000000
251322;13;5;2015;16:23;9039;RUA BAR RIO BRANCO;RUA PDE MIGUELINHO;;0;;Colis?úo Transversal;Luz do Dia;Bom;Seca;Cruz;Pare;Misto;0;0;2;0;0;0;0;1;0;0;0;0;-3,742749000000000;-38,533460000000000
251323;13;5;2015;11:00;0;RUA PDE PEDRO DE ALENCAR;;;81;;Colis?úo Traseira;Luz do Dia;Bom;Seca;Meio de Quadra;Outros;Comercial;0;1;1;1;0;0;0;0;0;1;0;0;-3,828216000000000;-38,493540000000000
251324;13;5;2015;19:30;0;RUA MARTINHO RODRIGUES;;;46;;Colis?úo Lateral;Luz do Dia;Bom;Seca;Meio de Quadra;;Comercial;0;0;2;1;0;0;0;0;0;0;0;0;-3,753158000000000;-38,525499000000000
251325;13;5;2015;20:20;0;RUA MARIO MAMEDE;;;856;;Colis?úo Lateral;Via Iluminada;Bom;Seca;;;;0;1;2;1;1;0;0;0;0;1;0;0;-3,752110000000000;-38,528125000000000
251326;13;5;2015;11:00;7790;AV DES MOREIRA;AV PONTES VIEIRA;;0;;Colis?úo Traseira;Luz do Dia;Bom;Seca;Cruz;Sem?íforo;Comercial;0;0;3;1;0;0;0;0;0;1;0;0;-3,751526000000000;-38,503254000000000
251327;13;5;2015;14:10;15313;RUA ANA BILHAR;RUA VICENTE LEITE;;0;;Colis?úo Transversal;Luz do Dia;Bom;Seca;Cruz;Pare;Residencial;0;1;1;1;0;0;0;0;0;1;0;0;-3,730261000000000;-38,493215000000000
251329;13;5;2015;09:45;1242;RUA COSTA BARROS;RUA DR JOSE LOURENCO;;0;;Colis?úo Lateral;Luz do Dia;Bom;Seca;Cruz;Pare;Misto;0;1;1;1;0;0;0;0;1;0;0;0;-3,731870000000000;-38,506927000000000