COD_ACIDENTE;DIA;MES;ANO;HORA;INTERSECAO;LOG1;LOG2;LOG3;NUMERO;REFERENCIA;NATUREZA;ILUMINACAO;TEMPO;SUPERFICIEPISTA;TIPOCRUZAMENTO;CONTROLETRAFEGO;USOSOLO;MORTOS;FERIDOS;ILESOS;AUTOMOVEL;ONIBUS;BICICLETA;CAMINHAO;MICROONIBUS;CICLOMOTOR;MOTOCICLETA;TRACAOANIMAL;TREM;LATITUDE;LONGITUDE
251331;13;5;2015;18:00;0;RUA DR CARLOS R PAMPLONA;;;200;;Colis?úo Transversal;Via Iluminada;Bom;Seca;Meio de Quadra;Pare;Comercial;0;0;2;1;0;0;0;0;0;0;0;0;-3,774403000000000;-38,481256000000000
251332;13;5;2015;20:00;5812;AV OLIVEIRA PAIVA;RUA CEZIDIO ALBUQUERQUE;;0;;Engavetamento;;Bom;Seca;;N?úo H?í Controle;Comercial;0;0;3;1;0;0;0;0;0;0;0;0;-3,798714000000000;-38,503433000000000
251333;13;5;2015;21:00;0;AV SEN FERNANDES TAVORA;;;960;;Colis?úo Lateral;Via Iluminada;Nublado;Seca;Meio de Quadra;N?úo H?í Controle;Misto;0;1;1;0;0;0;0;0;0;1;0;0;-3,762501000000000;-38,581571000000000
251353;13;5;2015;08:40;0;AV BEZERRA DE MENEZES;;;571;ASSAI;Engavetamento;Luz do Dia;Bom;Seca;Meio de Quadra;N?úo H?í Controle;Comercial;0;1;2;1;0;0;0;0;0;0;0;0;-3,730827000000000;-38,541180000000000
251354;13;5;2015;06:50;14450;AV SGT HERMINIO SAMPAIO;RUA HENRIQUE ELERY;;0;;Colis?úo Traseira;Luz do Dia;Bom;Seca;T;Pare;Lazer;0;0;2;1;0;0;0;0;0;0;0;0;-3,726244000000000;-38,559779000000000
251355;13;5;2015;13:30;0;AV MON TABOSA;;;474;;Colis?úo Lateral;Luz do Dia;Bom;Seca;Meio de Quadra;;Comercial;0;0;2;1;0;0;0;0;0;0;0;0;-3,723843000000000;-38,515069000000000
251350;13;5;2015;19:37;5140;AV DOM MANUEL;RUA TEN BENEVOLO;;0;;Colis?úo Lateral;Via Iluminada;Bom;Seca;Cruz;Sem?íforo;Comercial;0;0;2;1;0;0;1;0;0;0;0;0;-3,724540000000000;-38,519888000000000
251357;13;5;2015;13:40;0;AV ANTONIO SALES;;;456;;Colis?úo Traseira;Luz do Dia;Bom;Seca;Meio de Quadra;Sem?íforo;Residencial;0;0;2;1;0;0;0;0;0;0;0;0;-3,740778000000000;-38,517436000000000
251358;13;5;2015;18:25;0;AV GOV RAUL BARBOSA;;;900;;Colis?úo Lateral;Via Iluminada;Bom;Seca;Meio de Quadra;N?úo H?í Controle;Comercial;0;0;2;1;0;0;0;0;0;0;0;0;-3,759012000000000;-38,504626000000000
251359;13;5;2015;22:00;17412;RUA ALBERTO MAGNO;RUA BAR SOBRAL;;0;;Colis?úo;Via Iluminada;Bom;Seca;Cruz;Sem?íforo;Comercial;0;0;2;1;0;0;0;0;0;1;0;0;-3,767991000000000;-38,552417000000000
251360;13;5;2015;23:00;22886;RUA BERNARDO MANUEL;RUA INACIO PARENTE;;0;;Colis?úo Transversal;Via Iluminada;Bom;Seca;Cruz;Pare;Comercial;0;1;1;1;0;0;0;0;0;0;0;0;-3,781268000000000;-38,546074000000000
251361;13;5;2015;15:30;9034;AV AGUANAMBI;RUA CEL SOLON;;0;;Colis?úo;Luz do Dia;Bom;Seca;Cruz;Sem?íforo;;0;2;1;1;0;0;0;0;0;1;0;0;-3,742854000000000;-38,525818000000000
251309;13;5;2015;13:40;12883;RUA JOAQUIM MAGALHAES;RUA COS TRISTAO;;0;;Colis?úo;Luz do Dia;Bom;Seca;Cruz;N?úo H?í Controle;Residencial;0;1;1;1;0;1;0;0;0;0;0;0;-3,740231000000000;-38,527096000000000
251310;13;5;2015;09:30;5265;RUA PEDRO PEREIRA;RUA VINTE E QUATRO DE MAIO;;0;;Colis?úo Transversal;Luz do Dia;Bom;Seca;Cruz;Pare;Comercial;0;0;2;1;0;0;0;0;0;0;0;0;-3,728400000000000;-38,532486000000000
251311;13;5;2015;17:20;1370;RUA CEL JUCA;RUA MARCOS MACEDO;;0;;Colis?úo Lateral;Via Iluminada;Bom;Seca;Cruz;Pare;Misto;0;0;2;1;0;0;0;0;0;0;0;0;-3,736456000000000;-38,490901000000000
251312;13;5;2015;13:40;0;AV N CJ JOSE WALTER;;;231;;Engavetamento;Luz do Dia;Bom;Seca;Meio de Quadra;N?úo H?í Controle;Comercial;0;0;3;1;0;0;0;0;0;0;0;0;;
262979;13;5;2015;17:40;0;AV WASHINGTON SOARES;;;0;;Atropelamento;Anoitecer;;;Meio de Quadra;;;0;2;0;0;0;0;0;0;0;1;0;0;;
268074;13;5;2015;08:14;0;AV AUGUSTO DOS ANJOS;;;1585;;Colis?úo;Luz do Dia;;;Meio de Quadra;;;0;0;2;0;0;0;0;0;0;0;0;0;-3,780055000000000;-38,579055000000000
268075;13;5;2015;19:55;0;RUA JORGE DUMAR;;;2180;;Colis?úo;;;;Meio de Quadra;;;0;0;2;0;0;0;0;0;0;0;0;0;-3,754711000000000;-38,539836000000000
258917;13;5;2015;07:15;0;RD BR 116;;;7000;KM-07;Colis?úo Traseira;Luz do Dia;Bom;Seca;Meio de Quadra;N?úo H?í Controle;Comercial;0;2;1;0;0;0;0;0;0;1;0;0;-3,813246000000000;-38,501101000000000
258921;13;5;2015;14:00;0;RD BR 116;;;7000;KM-07;Colis?úo Lateral;Luz do Dia;Bom;Seca;Meio de Quadra;N?úo H?í Controle;Comercial;0;0;2;0;0;0;1;0;0;0;0;0;-3,813246000000000;-38,501101000000000
258922;13;5;2015;14:10;0;RD BR 116;;;3000;KM-03;Colis?úo Traseira;Luz do Dia;Bom;Seca;Meio de Quadra;N?úo H?í Controle;Comercial;0;2;1;1;0;0;0;0;0;1;0;0;-3,779838000000000;-38,514372000000000
258962;13;5;2015;08:00;0;RD BR 222;;;0;KM-02;Atropelamento;Luz do Dia;Bom;Seca;Meio de Quadra;N?úo H?í Controle;Comercial;0;2;0;0;0;0;0;0;0;1;0;0;-3,738951000000000;-38,586880000000000
270990;13;5;2015;11:27;0;RUA 104 CJ ESPERANCA;;;194;;Choque c/ Obst?ículo Fixo;Luz do Dia;;;Meio de Quadra;;;0;0;1;0;0;0;0;0;0;0;0;0;-3,813835000000000;-38,590084000000000
270991;13;5;2015;11:29;0;RUA JOAQUIM FELICIO;;;0;;Colis?úo;Luz do Dia;;;Meio de Quadra;;;0;0;2;0;0;0;0;0;0;0;0;0;;
270992;13;5;2015;12:30;2843;RUA DR FERNANDO AUGUSTO;RUA MON SABINO FEIJAO;;0;;Colis?úo;Luz do Dia;;;;;;0;0;2;0;0;0;0;0;0;0;0;0;-3,795027000000000;-38,597110000000000
270993;13;5;2015;14:31;2843;RUA DR FERNANDO AUGUSTO;RUA MON SABINO FEIJAO;;0;;Colis?úo;Luz do Dia;;;;;;0;0;2;0;0;0;0;0;0;0;0;0;-3,795027000000000;-38,597110000000000
270994;13;5;2015;16:42;0;AV BORGES DE MELO;;;0;;Atropelamento;Luz do Dia;;;Meio de Quadra;;;0;0;2;0;0;0;0;0;0;0;0;0;;
270996;13;5;2015;16:54;19957;AV LUCIANO CARNEIRO;RUA STA QUITERIA;;0;;Colis?úo;Luz do Dia;;;Cruz;Sem?íforo;Comercial;0;0;2;0;0;0;0;0;0;0;0;0;-3,760537000000000;-38,535339000000000
270997;13;5;2015;19:42;0;AV E CJ CEARA;;;441;;Colis?úo;;;;Meio de Quadra;;;0;0;2;0;0;0;0;0;0;0;0;0;-3,758902000000000;-38,607994000000000
270998;13;5;2015;19:52;0;AV GAL OSORIO DE PAIVA;;;1900;;Atropelamento;;;;Meio de Quadra;;;0;0;2;0;0;0;0;0;0;0;0;0;-3,783675000000000;-38,579229000000000
270988;13;5;2015;11:24;0;RUA PARAIBA;;;355;;Choque c/ Obst?ículo Fixo;Luz do Dia;;;Meio de Quadra;;;0;0;1;0;0;0;0;0;0;0;0;0;-3,761751000000000;-38,564285000000000
271005;13;5;2015;20:22;0;RUA MARIO MAMEDE;;;0;;Colis?úo;;;;Meio de Quadra;;;0;0;2;0;0;0;0;0;0;0;0;0;;
271006;13;5;2015;21:10;0;AV ENG LUIS VIEIRA;;;0;;Atropelamento;;;;Meio de Quadra;;;0;0;2;0;0;0;0;0;0;0;0;0;;
271008;13;5;2015;22:23;0;AV JOSE BASTOS;;;4600;;Atropelamento;;;;Meio de Quadra;;;0;0;2;0;0;0;0;0;0;0;0;0;-3,756877000000000;-38,557601000000000
271009;14;5;2015;00:03;13537;AV SORIANO ALBUQUERQUE;RUA CAP GUSTAVO;;0;;Choque c/ Obst?ículo Fixo;;;;Cruz;Sem?íforo;Misto;0;0;1;0;0;0;0;0;0;0;0;0;-3,748124000000000;-38,518063000000000
271011;14;5;2015;03:59;17976;RUA DEMETRIO MENEZES;RUA JOSE ACIOLY;;0;;Choque c/ Obst?ículo Fixo;;;;Cruz;N?úo H?í Controle;Misto;0;0;1;0;0;0;0;0;0;0;0;0;-3,731488000000000;-38,584591000000000
271013;14;5;2015;07:25;0;AV PRS COSTA E SILVA;;;0;;Atropelamento de Animal;Luz do Dia;;;Meio de Quadra;;;0;0;1;0;0;0;0;0;0;0;0;0;;
271014;14;5;2015;09:42;0;RUA RERIUTABA;;;1653;;Colis?úo;Luz do Dia;;;Meio de Quadra;;;0;0;2;0;0;0;0;0;0;0;0;0;-3,715104000000000;-38,592703000000000
271017;14;5;2015;10:41;0;AV DOS EXPEDICIONARIOS;;;9942;;Colis?úo;Luz do Dia;;;Meio de Quadra;;;0;0;2;0;0;0;0;0;0;0;0;0;-3,804176000000000;-38,553049000000000
258963;14;5;2015;07:30;0;RD BR 222;;;0;KM-01;Colis?úo Lateral;Luz do Dia;Bom;Seca;Meio de Quadra;N?úo H?í Controle;Comercial;0;0;2;1;1;0;0;0;0;0;0;0;-3,737774000000000;-38,577952000000000
258924;14;5;2015;06:05;0;RD BR 116;;;15000;KM-15;Colis?úo Lateral;Luz do Dia;Bom;Seca;Meio de Quadra;N?úo H?í Controle;Comercial;0;2;3;0;1;0;1;0;0;0;0;0;-3,882329000000000;-38,501113000000000
268076;14;5;2015;11:23;24773;RUA 22 CJ BEIRA RIO;AV J CJ POLAR;;0;;Colis?úo;Luz do Dia;;;;;;0;0;2;0;0;0;0;0;0;0;0;0;-3,717390000000000;-38,598595000000000
263010;14;5;2015;23:50;9722;RUA GERALDO BARBOSA;RUA ARI MAIA;;0;;Colis?úo;;;;;;;1;0;0;0;0;0;0;0;0;1;0;0;-3,785660000000000;-38,621967000000000
251362;14;5;2015;06:45;9170;AV EDUARDO GIRAO;RUA GAL SILVA JUNIOR;;0;;Colis?úo Transversal;Luz do Dia;Chuva;Molhada;Cruz;Sem?íforo;Comercial;0;0;2;1;0;0;0;0;0;0;0;0;-3,754309000000000;-38,530785000000000
251363;14;5;2015;;0;RUA SABINO BORGES;;;0;;Choque c/ Obst?ículo Fixo;Via Iluminada;Bom;Seca;Meio de Quadra;N?úo H?í Controle;Residencial;0;0;1;0;0;0;1;0;0;0;0;0;;
251365;14;5;2015;22:00;9183;AV FELINO BARROSO;RUA CARLOS RIBEIRO;;0;;Colis?úo Lateral;Via Iluminada;Bom;Seca;Cruz;Pare;Comercial;0;0;2;1;0;0;1;0;0;0;0;0;-3,746736000000000;-38,528224000000000
251368;14;5;2015;10:15;0;AV 13 DE MAIO;;;1419;;Outros;Luz do Dia;Nublado;Seca;Meio de Quadra;N?úo H?í Controle;Comercial;0;2;0;0;1;0;0;0;0;1;0;0;-3,747668000000000;-38,531268000000000
251369;14;5;2015;10:35;15135;AV HIS RAIMUNDO GIRAO;RUA FRANCISCO DIAS RIBEIRO;;0;;Colis?úo Transversal;;Bom;Seca;Cruz;Pare;Comercial;0;0;2;1;1;0;0;0;0;0;0;0;-3,724024000000000;-38,504397000000000
251371;14;5;2015;;9169;AV LUCIANO CARNEIRO;RUA DR ALFREDO WEYNE D14;;0;;Outros;Luz do Dia;Nublado;Seca;Cruz;Pare;Comercial;0;0;1;1;0;0;0;0;0;0;0;0;-3,754682000000000;-38,533556000000000
251372;14;5;2015;14:00;0;RUA 15 DE NOVEMBRO;;;959;;Colis?úo Traseira;Luz do Dia;Bom;Seca;Meio de Quadra;N?úo H?í Controle;Misto;0;0;2;1;0;0;0;0;0;0;0;0;-3,770421000000000;-38,551754000000000
251373;14;5;2015;13:15;0;RUA JAIME BENEVOLO;;;1915;;Engavetamento;Luz do Dia;Bom;Seca;Meio de Quadra;Outros;Residencial;0;0;2;1;0;0;0;0;0;0;0;0;-3,748727000000000;-38,531226000000000
251375;14;5;2015;17:00;9075;RUA CEL JOSE EUCLIDES;AV AGUANAMBI;;0;;Colis?úo Lateral;Luz do Dia;Bom;Seca;Cruz;Pare;Comercial;0;0;2;0;0;0;0;0;0;0;0;0;-3,752233000000000;-38,523383000000000
251376;14;5;2015;14:30;9197;RUA JAIME BENEVOLO;RUA COSTA ARAUJO;;0;;Colis?úo Lateral;Luz do Dia;Bom;Seca;Cruz;Pare;Residencial;0;1;1;1;0;0;0;0;0;1;0;0;-3,747162000000000;-38,530420000000000
251377;14;5;2015;07:30;0;RUA ALM RUBIM;;;1700;;Colis?úo Traseira;Luz do Dia;Nublado;Seca;Meio de Quadra;N?úo H?í Controle;Residencial;0;0;3;1;0;0;0;0;0;0;0;0;-3,772248000000000;-38,557119000000000
251378;14;5;2015;08:00;0;RUA ISAC AMARAL;;;0;;Colis?úo Lateral;Luz do Dia;Bom;Seca;Meio de Quadra;Sem?íforo;Comercial;0;0;2;1;0;0;0;0;0;0;0;0;;
251380;14;5;2015;15:20;0;AV BEZERRA DE MENEZES;;;0;;Colis?úo Traseira;Luz do Dia;Bom;Seca;Meio de Quadra;N?úo H?í Controle;Comercial;0;0;2;0;0;0;1;0;0;0;0;0;;
251381;14;5;2015;08:40;20042;AV DR SILAS MUNGUBA;AV PRS JUSCELINO KUBITSCHEK (PASSAR?ë);;0;;Colis?úo Lateral;Luz do Dia;Bom;Seca;Rotat??ria;N?úo H?í Controle;Comercial;0;1;1;1;0;0;0;0;0;1;0;0;-3,807229000000000;-38,524782000000000
251382;14;5;2015;13:55;19305;RUA CARLOS AMORA;RUA CON DE CASTRO;;0;;Colis?úo;;Bom;Seca;T;Sem?íforo;Comercial;0;0;2;1;0;0;0;0;0;0;0;0;-3,774756000000000;-38,563978000000000
251383;14;5;2015;08:30;0;AV VIENA WEYNE;;;0;;Colis?úo Lateral;Luz do Dia;Bom;Seca;Meio de Quadra;N?úo H?í Controle;Comercial;0;0;2;1;0;0;0;0;0;0;0;0;;
251384;14;5;2015;15:50;5211;AV IMPERADOR;RUA LIBERATO BARROSO;;0;;Colis?úo Lateral;Luz do Dia;Bom;Seca;Cruz;Sem?íforo Intermitente;Comercial;0;0;2;0;0;0;0;1;0;0;0;0;-3,726511000000000;-38,534257000000000
251385;14;5;2015;06:10;0;AV CARAPINIMA;;;1984;;Colis?úo Traseira;Luz do Dia;Nublado;Seca;Meio de Quadra;Sem?íforo;;0;0;2;1;0;0;1;0;0;0;0;0;-3,738282000000000;-38,538313000000000
251386;14;5;2015;20:40;12629;RUA COS LAFAYETE;RUA JACI;;0;;Colis?úo Traseira;Via Iluminada;Bom;Seca;Cruz;Pare;Residencial;0;0;2;1;0;0;1;0;0;0;0;0;-3,717718000000000;-38,585601000000000
251387;14;5;2015;10:50;1462;RUA JOAO CARVALHO;RUA NUNES VALENTE;;0;;Colis?úo Transversal;Luz do Dia;Bom;Seca;Cruz;Pare;Residencial;0;2;2;1;0;0;0;0;0;1;0;0;-3,738599000000000;-38,504491000000000
251388;14;5;2015;14:53;7694;RUA RIO GRANDE DO SUL;RUA RIO GRANDE DO NORTE;;0;;Colis?úo;Luz do Dia;Bom;Seca;Cruz;Pare;Residencial;0;0;2;1;0;0;0;0;0;0;0;0;-3,758617000000000;-38,567559000000000
251389;14;5;2015;16:10;0;RUA VENEZUELA;;;820;;Outros;Luz do Dia;Bom;Seca;Meio de Quadra;Pare;Residencial;0;0;2;1;0;0;0;0;0;0;0;0;;
251390;14;5;2015;18:00;0;RUA AMSTERDA;;;0;;Choque c/ Obst?ículo Fixo;Via Iluminada;Bom;Seca;Meio de Quadra;;Residencial;0;1;0;1;0;0;0;0;0;0;0;0;;
251398;14;5;2015;13:30;12514;AV LINEU MACHADO;RUA JULIO BRAGA;;0;;Colis?úo Frontal;Luz do Dia;Bom;Seca;;Sem?íforo;Comercial;0;1;1;0;0;0;0;1;0;1;0;0;-3,775335000000000;-38,581790000000000
251399;14;5;2015;14:00;0;AV GOV RAUL BARBOSA;;;0;;Colis?úo Lateral;Luz do Dia;Bom;Seca;Outros;N?úo H?í Controle;;0;0;2;1;0;0;0;0;0;0;0;0;;
251400;14;5;2015;07:45;15005;AV GODOFREDO MACIEL;RUA SUICA;;0;;Colis?úo Lateral;Luz do Dia;Nublado;Seca;T;Pare;Misto;0;1;1;1;0;0;0;0;0;1;0;0;-3,792859000000000;-38,568361000000000
251395;14;5;2015;11:50;0;RUA DR GILBERTO STUDART;;;630;;Colis?úo Lateral;Luz do Dia;Bom;Seca;Meio de Quadra;N?úo H?í Controle;Residencial;0;1;1;1;0;0;0;0;0;0;0;0;-3,742882000000000;-38,483236000000000
251396;14;5;2015;16:40;0;RUA CEL ALVES TEIXEIRA;;;0;;Outros;Luz do Dia;Bom;Seca;Meio de Quadra;N?úo H?í Controle;Misto;0;0;2;1;0;0;0;0;0;0;0;0;;
251403;14;5;2015;10:00;0;AV ANTONIO SALES;;;2377;;Atropelamento;Luz do Dia;Bom;Seca;Meio de Quadra;N?úo H?í Controle;Comercial;0;1;1;0;0;0;0;0;0;1;0;0;-3,745409000000000;-38,502499000000000
251404;14;5;2015;08:00;0;AV DES FELICIANO DE ATAIDE (EDSON QUEIROZ);;;0;;Engavetamento;Luz do Dia;Nublado;Seca;Meio de Quadra;N?úo H?í Controle;Comercial;0;0;2;1;0;0;0;0;0;0;0;0;;
251405;14;5;2015;16:30;19533;AV GAL OSORIO DE PAIVA;RUA NEREU RAMOS;;0;;Colis?úo Lateral;Luz do Dia;Bom;Seca;Cruz;Sem?íforo;Comercial;0;0;2;1;0;0;1;0;0;0;0;0;-3,782196000000000;-38,576828000000000
251406;14;5;2015;05:10;0;AV PRS COSTA E SILVA;;;0;TERMINAL-MESSEJANA;Colis?úo Lateral;Amanhecer;Nublado;Seca;Outros;Outros;Outros;0;1;1;1;1;0;0;0;0;0;0;0;;
251407;14;5;2015;18:50;7923;AV GOV RAUL BARBOSA;RUA ISAC AMARAL;;0;;Colis?úo Traseira;Via Iluminada;Bom;Seca;Cruz;Cancela;Misto;0;0;2;1;0;0;0;0;0;0;0;0;-3,753019000000000;-38,503726000000000
251408;14;5;2015;13:15;1695;RUA ASP MENDES;RUA DJALMA PETIT;;0;;Colis?úo Transversal;Luz do Dia;Bom;Seca;Cruz;Pare;Residencial;0;1;1;1;0;0;0;0;0;1;0;0;-3,765971000000000;-38,514700000000000
262226;14;5;2015;06:51;0;AV PERIMETRAL;;;0;;Colis?úo;Luz do Dia;;;Meio de Quadra;;;0;1;0;0;0;0;0;0;0;0;0;0;;
262227;14;5;2015;07:32;0;AV ENG HUMBERTO MONTE;;;0;;Queda;Luz do Dia;;;Meio de Quadra;;;0;1;0;0;0;0;0;0;0;1;0;0;;
262228;14;5;2015;08:27;0;AV DEP PAULINO ROCHA;;;0;;;Luz do Dia;;;Meio de Quadra;;;0;1;1;1;0;0;0;0;0;1;0;0;;
262234;14;5;2015;11:19;0;AV BORGES DE MELO;;;0;;Atropelamento;Luz do Dia;;;Meio de Quadra;;;0;1;1;1;0;0;0;0;0;0;0;0;;
262230;14;5;2015;10:13;7913;AV ANTONIO SALES;RUA VIS MAUA;;0;;Atropelamento;Luz do Dia;;;Cruz;Pare;Comercial;0;1;1;1;0;0;0;0;0;0;0;0;-3,745429000000000;-38,502420000000000
262231;14;5;2015;10:39;0;AV GODOFREDO MACIEL;;;0;;Colis?úo;Luz do Dia;;;Meio de Quadra;;;0;1;1;0;0;0;0;0;0;1;0;0;-3,781007000000000;-38,565158000000000
262245;14;5;2015;19:42;3993;RUA DULCINEIA GONDIM;RUA ALBERTO MAGNO;;0;;Colis?úo;;;;Cruz;Pare;Comercial;0;1;1;1;0;0;0;0;0;1;0;0;-3,759321000000000;-38,545120000000000
262246;14;5;2015;20:06;0;RUA MON LIBERATO;;;0;;Atropelamento;;;;Meio de Quadra;;;0;1;1;1;0;0;0;0;0;0;0;0;;
262247;14;5;2015;20:14;0;AV GOV RAUL BARBOSA;;;0;;Queda;;;;Meio de Quadra;;;0;1;0;0;0;0;0;0;0;1;0;0;-3,777055000000000;-38,513424000000000
262242;14;5;2015;18:28;21378;AV JOVITA FEITOSA;RUA PRO JOSE DE BARCELOS;;0;;Colis?úo;Anoitecer;;;Cruz;Sem?íforo Intermitente;Comercial;0;1;1;1;0;0;0;0;0;1;0;0;-3,738516000000000;-38,549933000000000
262243;14;5;2015;18:41;10054;RUA ANTONIO NERY;RUA OLIVEIRA SOBRINHO;;0;;Colis?úo;;;;Cruz;Pare;Comercial;0;1;1;1;0;0;0;0;0;1;0;0;-3,778827000000000;-38,600388000000000
262239;14;5;2015;16:32;0;RUA JOCKEY CLUBE;;;0;;Colis?úo;Luz do Dia;;;Meio de Quadra;;;0;1;1;1;0;0;0;0;0;1;0;0;-3,761839000000000;-38,580410000000000
262240;14;5;2015;17:36;0;RUA CANUTO DE AGUIAR;;;0;;Colis?úo;Anoitecer;;;Meio de Quadra;;;0;1;1;0;0;0;0;0;0;1;0;0;-3,729334000000000;-38,499468000000000
262236;14;5;2015;13:47;0;AV OLAVO BILAC;;;0;;Atropelamento;Luz do Dia;;;Meio de Quadra;;;0;1;1;0;0;0;0;0;0;1;0;0;-3,732041000000000;-38,564590000000000
262249;14;5;2015;23:13;1566;RUA PDE VALDEVINO;RUA SILVA PAULET;;0;;Colis?úo;;;;Cruz;Pare;Comercial;0;1;1;1;0;0;0;0;0;1;0;0;-3,741957000000000;-38,507851000000000
261331;14;5;2015;02:20;0;AV PRS COSTA E SILVA;;;0;;Colis?úo;;;;Meio de Quadra;;;0;0;3;1;0;0;0;0;0;0;0;0;;
261332;14;5;2015;11:05;0;RUA BERNARDO MANUEL;;;997;;Colis?úo;Luz do Dia;;;Meio de Quadra;;;0;1;2;1;0;0;0;0;0;0;0;0;;
261333;14;5;2015;17:52;9075;RUA CEL JOSE EUCLIDES;AV AGUANAMBI;;0;;Colis?úo;Anoitecer;;;T;Outros;Comercial;0;0;2;1;1;0;0;0;0;0;0;0;-3,752233000000000;-38,523383000000000
259377;14;5;2015;09:18;0;RD CE-040;;;0;KM-12;Colis?úo;Luz do Dia;Bom;Seca;Meio de Quadra;;;0;0;2;1;1;0;0;0;0;0;0;0;-3,848945000000000;-38,476237000000000
259452;14;5;2015;15:50;0;RD CE-040;;;0;KM-06;Engavetamento;Luz do Dia;Bom;Seca;Meio de Quadra;;;0;0;3;1;0;0;0;0;0;0;0;0;-3,811270000000000;-38,478781000000000
259456;14;5;2015;16:00;0;RD CE-040;;;0;KM-10;Colis?úo;Luz do Dia;Bom;Seca;Meio de Quadra;;;0;0;2;0;0;0;0;0;0;1;0;0;-3,838671000000000;-38,480068000000000
259465;14;5;2015;19:00;0;RD CE-040;;;0;KM-04;Colis?úo;;Bom;Seca;Meio de Quadra;;;0;0;2;1;1;0;0;0;0;0;0;0;-3,792050000000000;-38,480251000000000
259468;15;5;2015;;0;AV MIN JOSE AMERICO;;;0;;Colis?úo;;Bom;Seca;Meio de Quadra;;;0;0;2;1;0;0;0;0;0;0;0;0;;
259472;15;5;2015;11:00;0;RD CE-025;;;0;KM-04;Colis?úo;Luz do Dia;Bom;Seca;Meio de Quadra;;;0;0;2;1;0;0;0;0;0;0;0;0;-3,805249000000000;-38,443065000000000
259474;15;5;2015;20:30;0;RD CE-040;;;0;KM-04;Colis?úo Traseira;;Bom;Seca;Meio de Quadra;;;0;1;1;1;0;0;0;0;0;0;0;0;-3,792050000000000;-38,480251000000000
261341;15;5;2015;21:18;6804;RUA ALMEIDA PRADO;RUA BENTO ALBUQUERQUE;;0;;Colis?úo;;;;Cruz;Pare;Residencial;0;0;2;1;0;0;1;0;0;0;0;0;-3,746101000000000;-38,475918000000000
261338;15;5;2015;15:41;0;AV ALBERTO CRAVEIRO;;;0;;Colis?úo;Luz do Dia;;;Meio de Quadra;;;0;0;2;1;0;0;0;0;0;0;0;0;;
262250;15;5;2015;02:01;0;AV JOSE BASTOS;;;0;;Queda;;;;Meio de Quadra;;;0;1;0;0;0;0;0;0;0;1;0;0;;
262279;15;5;2015;14:55;0;RUA AMADEU FURTADO;;;0;;Colis?úo;Luz do Dia;;;Meio de Quadra;;;0;1;1;1;0;0;0;0;0;1;0;0;-3,739134000000000;-38,563336000000000
262280;15;5;2015;15:18;0;AV GODOFREDO MACIEL;;;0;;Colis?úo;Luz do Dia;;;Meio de Quadra;;;0;1;0;0;0;0;0;0;0;0;0;0;;
262285;15;5;2015;15:39;0;AV PERIMETRAL;;;0;;Colis?úo;Luz do Dia;;;Meio de Quadra;;;0;1;0;0;0;0;0;0;0;0;0;0;;
262286;15;5;2015;16:22;0;AV OLIVEIRA PAIVA;;;0;;Atropelamento;Luz do Dia;;;Meio de Quadra;;;0;1;1;0;0;0;0;0;0;1;0;0;-3,795813000000000;-38,481005000000000
262287;15;5;2015;16:53;0;AV PRS COSTA E SILVA;;;0;;Queda;Luz do Dia;;;Meio de Quadra;;;0;1;0;0;0;0;0;0;0;1;0;0;;
262288;15;5;2015;17:02;0;RUA BAR RIO BRANCO;;;0;;Colis?úo;Anoitecer;;;Meio de Quadra;;;0;1;1;1;0;0;0;0;0;1;0;0;;
262289;15;5;2015;17:09;0;AV SEN FERNANDES TAVORA;;;0;;Queda;Anoitecer;;;Meio de Quadra;;;0;1;0;0;0;0;0;0;0;1;0;0;;
262290;15;5;2015;17:36;22000;RUA ALEXANDRE BARAUNA;RUA FRE MARCELINO;;0;;Colis?úo;Anoitecer;;;Cruz;Pare;Residencial;0;1;1;1;0;0;0;0;0;1;0;0;-3,745701000000000;-38,554232000000000
262291;15;5;2015;18:43;0;RUA VALPARAISO;;;0;;Colis?úo;;;;Meio de Quadra;;;0;1;0;0;0;0;0;0;0;0;0;0;-3,843011000000000;-38,527263000000000
262293;15;5;2015;18:44;2779;RUA OSCAR ARARIPE;RUA VICENTE PINHEIRO;;0;;Colis?úo;;;;Cruz;Pare;Comercial;0;1;0;0;0;0;0;0;0;0;0;0;-3,792701000000000;-38,594600000000000
262294;15;5;2015;20:31;0;RUA ANDRE REBOUCAS;;;0;;Colis?úo;;;;Meio de Quadra;;;0;1;1;1;0;0;0;0;0;1;0;0;;
262295;15;5;2015;20:44;0;AV JOVITA FEITOSA;;;529;;Colis?úo;;;;Meio de Quadra;;;0;1;1;1;0;0;0;0;0;1;0;0;-3,738261000000000;-38,548758000000000
262296;15;5;2015;23:32;12699;AV CEL CARVALHO;AV MAJ ASSIS;;0;;Colis?úo;;;;Cruz;Sem?íforo;Residencial;0;1;1;1;0;0;0;0;0;1;0;0;-3,723796000000000;-38,586255000000000
262297;15;5;2015;21:17;7432;RUA PEDRO DANTAS;RUA CAPRICHO;;0;;Colis?úo;;;;T;Pare;Residencial;0;1;0;0;0;0;0;0;0;0;0;0;-3,785382000000000;-38,524906000000000