COD_ACIDENTE;DIA;MES;ANO;HORA;INTERSECAO;LOG1;LOG2;LOG3;NUMERO;REFERENCIA;NATUREZA;ILUMINACAO;TEMPO;SUPERFICIEPISTA;TIPOCRUZAMENTO;CONTROLETRAFEGO;USOSOLO;MORTOS;FERIDOS;ILESOS;AUTOMOVEL;ONIBUS;BICICLETA;CAMINHAO;MICROONIBUS;CICLOMOTOR;MOTOCICLETA;TRACAOANIMAL;TREM;LATITUDE;LONGITUDE
262277;15;5;2015;13:40;0;AV DA INDEPENDENCIA;;;0;;Atropelamento;Luz do Dia;;;Meio de Quadra;;;0;1;1;0;0;0;0;0;0;1;0;0;-3,725194000000000;-38,596789000000000
262256;15;5;2015;08:09;17342;AV PRO GOMES DE MATOS;RUA ALAN KARDEC;;0;;Colis?úo;Luz do Dia;;;Cruz;Sem?íforo;Comercial;0;1;1;1;0;0;0;0;0;1;0;0;-3,765321000000000;-38,549213000000000
262257;15;5;2015;08:34;0;AV JOAO PESSOA;;;0;;Queda;Luz do Dia;;;Meio de Quadra;;;0;1;0;0;0;0;0;0;0;1;0;0;-3,757303000000000;-38,553822000000000
262258;15;5;2015;08:38;14841;RUA PDE RODOLFO;TR REJANE;;0;;Colis?úo;Luz do Dia;;;;;;0;1;1;1;0;0;0;0;0;1;0;0;-3,805515000000000;-38,584954000000000
262259;15;5;2015;09:32;0;RUA ANA BATISTA;;;0;;Queda;Luz do Dia;;;Meio de Quadra;;;0;1;0;0;0;0;0;0;0;1;0;0;;
262260;15;5;2015;09:46;3768;AV TRISTAO GONCALVES;AV DOMINGOS OLIMPIO;;0;;Queda;Luz do Dia;;;Cruz;Sem?íforo;Comercial;0;1;0;0;0;0;0;0;0;1;0;0;-3,735133000000000;-38,535613000000000
262261;15;5;2015;12:03;0;RUA CON DE CASTRO;;;0;;Colis?úo;Luz do Dia;;;Meio de Quadra;;;0;1;1;1;0;0;0;0;0;1;0;0;;
262262;15;5;2015;11:13;0;RUA TEODOMIRO DE CASTRO;;;0;;Colis?úo;Luz do Dia;;;Meio de Quadra;;;0;1;1;1;0;0;0;0;0;1;0;0;-3,718247000000000;-38,573285000000000
262263;15;5;2015;11:38;0;AV PRS CASTELO BRANCO;;;0;;Colis?úo;Luz do Dia;;;Meio de Quadra;;;0;1;0;0;0;0;1;0;0;1;0;0;;
262264;15;5;2015;12:39;9168;AV LUCIANO CARNEIRO;AV BORGES DE MELO;;0;;Colis?úo;Luz do Dia;;;Cruz;Sem?íforo;Residencial;0;1;0;0;0;0;0;0;0;0;0;0;-3,756465000000000;-38,534097000000000
262265;15;5;2015;12:48;0;AV DOMINGOS OLIMPIO;;;0;;Colis?úo;Luz do Dia;;;Meio de Quadra;;;0;1;1;0;0;0;1;0;0;1;0;0;;
262266;15;5;2015;12:56;0;AV PDE ANTONIO TOMAS;;;0;;Colis?úo;Luz do Dia;;;Meio de Quadra;;;0;1;0;0;0;0;0;0;0;0;0;0;-3,746981000000000;-38,478564000000000
251409;15;5;2015;14:00;1064;AV ENG LEAL LIMA VERDE (SAPIRANGA/COITE);RUA STA MARTHA;;0;;Colis?úo Traseira;Luz do Dia;Bom;Seca;Cruz;Pare;Residencial;0;1;3;1;0;0;0;0;0;0;0;0;-3,806631000000000;-38,474761000000000
251397;15;5;2015;14:15;12863;AV DOMINGOS OLIMPIO;RUA FLORIANO PEIXOTO;;0;;Colis?úo Lateral;Luz do Dia;Bom;Seca;Cruz;Pare;Comercial;0;0;2;1;0;0;0;0;0;0;0;0;-3,736976000000000;-38,530313000000000
251392;15;5;2015;22:20;9039;RUA BAR RIO BRANCO;RUA PDE MIGUELINHO;;0;;Colis?úo Lateral;Via Iluminada;Bom;Seca;Cruz;Pare;Comercial;0;1;1;1;0;0;0;0;0;1;0;0;-3,742749000000000;-38,533460000000000
251402;15;5;2015;17:00;9055;RUA CEL ALVES TEIXEIRA;AV VIS RIO BRANCO;;0;;Colis?úo Lateral;Anoitecer;Bom;Seca;Cruz;Pare;Comercial;0;1;2;1;0;0;0;0;0;1;0;0;-3,745349000000000;-38,522164000000000
252338;15;5;2015;09:45;0;AV JOSE BASTOS;;;3390;;Colis?úo Traseira;Luz do Dia;Bom;Seca;Meio de Quadra;Outros;Residencial;0;0;2;1;0;0;0;0;0;0;0;0;-3,749136000000000;-38,549630000000000
252401;15;5;2015;12:30;17804;RUA G UI 309;RUA I UI 309;;0;;Colis?úo Transversal;Luz do Dia;Bom;Seca;T;N?úo H?í Controle;Residencial;0;1;1;0;0;0;0;0;0;1;0;0;-3,807332000000000;-38,548391000000000
251374;15;5;2015;05:00;6817;RUA FRANCISCO MATOS;RUA BENTO ALBUQUERQUE;;0;;Colis?úo Transversal;Amanhecer;Bom;Molhada;Cruz;Pare;Residencial;0;1;1;0;1;0;0;0;0;0;0;0;-3,747862000000000;-38,470436000000000
251367;15;5;2015;16:00;0;RUA WALDIR DIOGO;;;328;;Colis?úo Transversal;Luz do Dia;Bom;Seca;Outros;N?úo H?í Controle;Residencial;0;0;2;1;0;0;1;0;0;0;0;0;-3,807072000000000;-38,581125000000000
263014;15;5;2015;09:45;4612;AV WASHINGTON SOARES;AV OLIVEIRA PAIVA;;0;;Colis?úo;Luz do Dia;;;;;;0;1;0;1;0;1;0;0;0;1;0;0;-3,795695000000000;-38,479908000000000
268077;15;5;2015;09:06;0;RUA CEL FRANCISCO ALVES RIBEIRO;;;101;;Colis?úo;Luz do Dia;;;Meio de Quadra;;;0;0;2;0;0;0;0;0;0;0;0;0;-3,829980000000000;-38,509171000000000
268078;15;5;2015;09:53;0;RUA DOMINGOS A RIBEIRO;;;0;;Colis?úo;Luz do Dia;;;Meio de Quadra;;;0;0;2;0;0;0;0;0;0;0;0;0;;
268079;15;5;2015;10:44;0;RUA PASCOAL CASTRO ALVES;;;900;;Colis?úo;Luz do Dia;;;Meio de Quadra;;;0;0;2;0;0;0;0;0;0;0;0;0;;
268081;15;5;2015;21:03;0;RUA VERBENA;;;0;;Colis?úo;;;;Meio de Quadra;;;0;0;2;0;0;0;0;0;0;0;0;0;;
268083;15;5;2015;23:33;0;RUA DA LADEIRA;;;210;;Colis?úo;;;;Meio de Quadra;;;0;0;2;0;0;0;0;0;0;0;0;0;-3,729186000000000;-38,476086000000000
268084;15;5;2015;21:00;9016;RUA BAR RIO BRANCO;RUA DEP JOAO PONTES;;0;;Colis?úo;;;;T;Pare;Comercial;0;0;2;0;0;0;0;0;0;0;0;0;-3,744830000000000;-38,534138000000000
268087;15;5;2015;21:49;0;RUA OTAVIO PARANHOS;;;493;;Colis?úo;;;;Meio de Quadra;;;0;0;2;0;0;0;0;0;0;0;0;0;;
268089;15;5;2015;21:50;0;AV MOZART PINHEIRO DE LUCENA;;;0;;Colis?úo;;;;Meio de Quadra;;;0;0;2;0;0;0;0;0;0;0;0;0;;
268091;15;5;2015;22:18;21316;RUA GUSTAVO SAMPAIO;RUA PDE GRACA;;0;;Colis?úo;;;;;;;0;0;2;0;0;0;0;0;0;0;0;0;-3,733050000000000;-38,545863000000000
268092;15;5;2015;22:18;0;AV AUGUSTO DOS ANJOS;;;572;;Colis?úo;;;;Meio de Quadra;;;0;0;2;0;0;0;0;0;0;0;0;0;;
268093;15;5;2015;23:31;10046;RUA EMILIO DE MENESES;RUA BRAGANCA;;0;;Colis?úo;;;;Cruz;Pare;Residencial;0;0;2;0;0;0;0;0;0;0;0;0;-3,779277000000000;-38,596166000000000
268094;15;5;2015;23:39;0;RUA PAULINO NOGUEIRA;;;283;;Colis?úo;;;;Meio de Quadra;;;0;0;2;0;0;0;0;0;0;0;0;0;-3,743582000000000;-38,538212000000000
258926;15;5;2015;07:00;0;RD BR 116;;;3000;KM-03;Colis?úo Lateral;Luz do Dia;Bom;Seca;Meio de Quadra;N?úo H?í Controle;Comercial;0;0;3;1;0;0;1;0;0;0;0;0;-3,779838000000000;-38,514372000000000
251548;15;5;2015;17:00;15280;RUA TEN BENEVOLO;RUA DR JOSE LOURENCO;;0;;Colis?úo Transversal;Luz do Dia;Bom;Seca;Cruz;Pare;Comercial;0;1;1;1;0;0;0;0;0;1;0;0;-3,729029000000000;-38,506010000000000
251552;15;5;2015;16:35;8950;AV BEZERRA DE MENEZES;RUA RUBIA SAMPAIO;;0;;Colis?úo Lateral;Luz do Dia;Bom;Seca;T;Pare;Comercial;0;0;2;1;0;0;0;0;0;0;0;0;-3,730585000000000;-38,540176000000000
251553;15;5;2015;11:45;18977;AV CASTELO DE CASTRO;RUA JOSE LINHARES;;0;;Colis?úo Traseira;Luz do Dia;Bom;Seca;Outros;Pare;Comercial;0;1;1;0;0;0;1;0;0;1;0;0;-3,843767000000000;-38,521526000000000
251565;15;5;2015;19:20;15238;RUA TEN BENEVOLO;RUA BAR ARACATI;;0;;Colis?úo Lateral;Mal Iluminada;Bom;Seca;Cruz;Pare;Residencial;0;1;1;1;0;0;0;0;0;0;0;0;-3,727628000000000;-38,510266000000000
271025;15;5;2015;00:42;0;RUA CEL ZACARIAS J FRANCA;;;0;;Choque c/ Obst?ículo Fixo;;;;Meio de Quadra;;;0;0;1;0;0;0;0;0;0;0;0;0;;
271027;15;5;2015;11:11;0;RUA FAUSTO CABRAL;;;900;;Colis?úo;Luz do Dia;;;Meio de Quadra;;;0;0;2;0;0;0;0;0;0;0;0;0;-3,734421000000000;-38,473815000000000
271033;15;5;2015;12:31;1064;AV ENG LEAL LIMA VERDE (SAPIRANGA/COITE);RUA STA MARTHA;;0;;Colis?úo;Luz do Dia;;;Cruz;Pare;Residencial;0;0;2;0;0;0;0;0;0;0;0;0;-3,806631000000000;-38,474761000000000
271089;15;5;2015;16:53;0;RUA BENTO ALBUQUERQUE;;;1450;;Colis?úo;Luz do Dia;;;Meio de Quadra;;;0;0;2;0;0;0;0;0;0;0;0;0;-3,745776000000000;-38,476883000000000
271090;15;5;2015;17:01;0;RUA RISO DO PRADO;;;2260;;Atropelamento;Anoitecer;;;Meio de Quadra;;;0;0;2;0;0;0;0;0;0;0;0;0;;
271096;15;5;2015;17:18;0;RUA MIGUEL ARAGAO;;;1253;;Colis?úo;Anoitecer;;;Meio de Quadra;;;0;0;2;0;0;0;0;0;0;0;0;0;;
271105;15;5;2015;18:46;0;RUA PDE MAXIMO FEITOSA;;;405;;Choque c/ Obst?ículo Fixo;;;;Meio de Quadra;;;0;0;1;0;0;0;0;0;0;0;0;0;-3,731204000000000;-38,574387000000000
271106;15;5;2015;18:54;0;RUA OSCAR ARARIPE;;;0;;Atropelamento;;;;Meio de Quadra;;;0;0;2;0;0;0;0;0;0;0;0;0;;
271107;15;5;2015;19:17;22124;RUA PRO COSTA MENDES;RUA MAJ PEDRO SAMPAIO;;0;;Atropelamento;;;;Cruz;Pare;Comercial;0;0;2;0;0;0;0;0;0;0;0;0;-3,747674000000000;-38,554665000000000
271109;15;5;2015;22:19;12699;AV CEL CARVALHO;AV MAJ ASSIS;;0;;Colis?úo;;;;Cruz;Sem?íforo;Residencial;0;0;2;0;0;0;0;0;0;0;0;0;-3,723796000000000;-38,586255000000000
261390;15;5;2015;10:54;15788;RUA PDE PEDRO DE ALENCAR;RUA PERGENTINO MAIA;;0;;Colis?úo;Luz do Dia;;;Cruz;Pare;Comercial;0;0;2;1;0;0;0;0;0;0;0;0;-3,830714000000000;-38,493889000000000
251414;15;5;2015;12:00;14924;RUA ALFREDO MAMEDE;RUA PRO ANTONIO VIDAL;;0;;Colis?úo Lateral;;Bom;Seca;;N?úo H?í Controle;Residencial;0;1;1;1;0;0;0;0;0;1;0;0;-3,810680000000000;-38,582955000000000
251417;15;5;2015;06:20;0;RUA BERNARDO MANUEL;;;10988;;Colis?úo Traseira;Amanhecer;Bom;Seca;Meio de Quadra;;Residencial;0;0;2;1;0;0;1;0;0;0;0;0;-3,816395000000000;-38,556792000000000
251432;15;5;2015;08:22;0;AV ALM HENRIQUE SABOIA;;;3680;;Colis?úo Traseira;Luz do Dia;Bom;Seca;Meio de Quadra;Sem?íforo;Residencial;0;0;2;1;0;0;0;0;0;0;0;0;-3,741681000000000;-38,488299000000000
251422;15;5;2015;07:50;6749;RUA BATISTA DE OLIVEIRA;RUA DR GILBERTO STUDART;;0;;Colis?úo Lateral;Luz do Dia;Bom;Seca;Cruz;N?úo H?í Controle;Residencial;0;0;2;0;1;0;0;0;0;0;0;0;-3,743734000000000;-38,480581000000000
251436;15;5;2015;08:00;0;RUA THOMPSON GONCALVES;;;853;;Engavetamento;Luz do Dia;Bom;Seca;Meio de Quadra;Sem?íforo;Residencial;0;0;3;1;0;0;0;0;0;0;0;0;;
251439;15;5;2015;09:15;0;RUA VICENTE NOBRE MACEDO;;;0;;Colis?úo Lateral;Luz do Dia;Bom;Seca;Meio de Quadra;Outros;Residencial;0;0;2;1;0;0;0;0;1;0;0;0;;
251443;15;5;2015;16:00;0;RUA MON ANTERO;;;515;;Colis?úo Transversal;Luz do Dia;Bom;Seca;Meio de Quadra;N?úo H?í Controle;Comercial;0;0;2;1;0;0;0;0;0;0;0;0;-3,796581000000000;-38,493279000000000
251452;15;5;2015;12:35;0;AV LUCIANO CARNEIRO;;;1110;;Colis?úo Traseira;Luz do Dia;Bom;Seca;Meio de Quadra;N?úo H?í Controle;Comercial;0;2;1;0;1;0;0;0;0;1;0;0;-3,756544000000000;-38,534121000000000
251457;15;5;2015;15:50;0;AV LUCIANO CARNEIRO;;;605;;Colis?úo Transversal;;Bom;Seca;Meio de Quadra;Outros;Comercial;0;0;2;1;0;0;0;0;0;1;0;0;-3,752354000000000;-38,532834000000000
251458;15;5;2015;16:00;0;AV ANTONIO SALES;;;3525;;Colis?úo Lateral;Luz do Dia;Bom;Seca;Meio de Quadra;N?úo H?í Controle;Residencial;0;0;3;1;0;0;0;0;0;1;0;0;-3,749232000000000;-38,490117000000000
251450;15;5;2015;20:00;0;AV PRUDENTE BRASIL;;;770;;Choque c/ Obst?ículo Fixo;Via Iluminada;Bom;Seca;Meio de Quadra;N?úo H?í Controle;Residencial;0;1;1;0;0;0;0;0;0;0;0;0;-3,809503000000000;-38,534366000000000
251462;15;5;2015;13:50;2940;RUA URUCUTUBA;RUA NS2 UI 706;;0;;Colis?úo Lateral;Luz do Dia;Bom;Seca;T;Pare;Residencial;0;0;2;1;1;0;0;0;0;0;0;0;-3,797793000000000;-38,609672000000000
251477;15;5;2015;09:30;24943;AV ABOLICAO;AV ALM HENRIQUE SABOIA;;0;;Colis?úo;Luz do Dia;Bom;Seca;Cruz;Sem?íforo;Comercial;0;0;2;1;0;0;0;0;0;1;0;0;-3,722615000000000;-38,479798000000000
251464;15;5;2015;01:40;0;RUA PRO ANACLETO;;;279;;Colis?úo Frontal;Mal Iluminada;Bom;Seca;Meio de Quadra;Pare;Comercial;0;0;2;1;0;0;0;0;0;0;0;0;-3,736012000000000;-38,552688000000000
251467;15;5;2015;08:00;15815;RUA MANUEL CASTELO BRANCO;RUA CEL GUILHERME ALENCAR;;0;;Colis?úo Transversal;Luz do Dia;Bom;Seca;Cruz;Pare;Comercial;0;1;2;1;0;0;0;0;0;1;0;0;-3,831934000000000;-38,491829000000000
251472;15;5;2015;05:00;0;RUA REPUBLICA DO LIBANO;;;1415;;Engavetamento;Amanhecer;Nublado;Molhada;Meio de Quadra;N?úo H?í Controle;Residencial;0;0;3;1;0;0;0;0;0;0;0;0;-3,733702000000000;-38,487169000000000
251473;15;5;2015;13:00;0;RUA RAIMUNDO NERY;;;1300;;Colis?úo Traseira;Luz do Dia;Bom;Seca;Meio de Quadra;N?úo H?í Controle;Residencial;0;0;2;0;0;0;0;0;0;0;0;0;;
251474;15;5;2015;14:40;3211;RUA VERBENA;RUA EMILIO DE MENESES;;0;;Colis?úo Transversal;;Bom;Seca;Cruz;Sem?íforo;Comercial;0;0;2;1;0;0;0;0;0;0;0;0;-3,781344000000000;-38,588838000000000
251470;15;5;2015;05:30;15277;RUA JULIO IBIAPINA;AV ANTONIO JUSTA;;0;;Choque c/ Obst?ículo Fixo;Luz do Dia;Nublado;Molhada;Outros;Sem?íforo;Comercial;0;1;0;1;0;0;0;0;0;0;0;0;-3,728875000000000;-38,490692000000000
251509;15;5;2015;15:00;0;AV OLIVEIRA PAIVA;;;535;;Colis?úo Traseira;Luz do Dia;Bom;Seca;Meio de Quadra;Outros;Comercial;0;0;2;1;0;0;0;0;0;0;0;0;-3,797419000000000;-38,500575000000000
251512;15;5;2015;19:00;0;AV SGT HERMINIO SAMPAIO;;;677;;Colis?úo Lateral;Via Iluminada;Bom;Seca;Meio de Quadra;N?úo H?í Controle;Comercial;0;1;1;1;0;0;0;0;0;1;0;0;-3,724645000000000;-38,546313000000000
251519;15;5;2015;08:00;15820;AV JOR THOMAZ COELHO;RUA GRANJA CASTELO;;0;;Colis?úo Traseira;;Bom;Seca;T;Sem?íforo;Comercial;0;0;2;1;1;0;0;0;0;0;0;0;-3,832383000000000;-38,500218000000000
251526;15;5;2015;08:30;15807;RUA CEL DIONISIO ALENCAR;RUA PERGENTINO MAIA;;0;;Colis?úo Lateral;Luz do Dia;Bom;Seca;Cruz;Pare;Residencial;0;2;1;0;1;0;0;0;0;1;0;0;-3,831561000000000;-38,487711000000000
251534;15;5;2015;11:45;17355;RUA ROMEU MARTINS;RUA EUZEBIO DE QUEIROS;;0;;Colis?úo;Luz do Dia;Bom;Seca;Cruz;Pare;Residencial;0;1;1;1;0;0;0;0;0;1;0;0;-3,765892000000000;-38,553218000000000
251541;15;5;2015;07:10;0;RUA FAUSTO CABRAL;;;440;;;Luz do Dia;Bom;Seca;Meio de Quadra;N?úo H?í Controle;Residencial;0;0;4;1;0;0;0;0;0;0;0;0;-3,733139000000000;-38,478132000000000
251421;16;5;2015;11:30;1316;AV SANTOS DUMONT;RUA TIBURCIO CAVALCANTE;;0;;Colis?úo Transversal;Luz do Dia;Bom;Seca;Cruz;Sem?íforo;Comercial;0;0;2;1;0;0;0;0;0;0;0;0;-3,734979000000000;-38,502259000000000
251444;16;5;2015;05:00;0;RUA ECA DE QUEIROZ;;;1254;;Colis?úo Frontal;Luz do Dia;Bom;Seca;Meio de Quadra;Outros;Residencial;0;0;2;1;0;0;0;0;0;0;0;0;;
251445;16;5;2015;09:54;0;AV JOR THOMAZ COELHO;;;5180;;Colis?úo Traseira;Luz do Dia;Bom;Seca;Meio de Quadra;N?úo H?í Controle;Comercial;0;0;2;1;0;0;0;0;0;0;0;0;;
251446;16;5;2015;07:20;0;RUA VALPARAISO;;;0;;Colis?úo Lateral;Luz do Dia;Bom;Seca;Meio de Quadra;Outros;Comercial;0;0;2;1;0;0;0;0;0;1;0;0;;
251447;16;5;2015;13:30;0;RUA EDUARDO PERDIGAO;;;231;TERM. PARANGABA;Colis?úo Frontal;Luz do Dia;Bom;Seca;;;;0;1;1;0;0;0;0;0;0;1;0;0;-3,776553000000000;-38,563919000000000
251448;16;5;2015;16:30;0;RUA EDUARDO PERDIGAO;;;158;;Colis?úo Transversal;Luz do Dia;Bom;Seca;Meio de Quadra;Pare;Comercial;0;0;2;1;1;0;0;0;0;0;0;0;-3,776036000000000;-38,564362000000000
251449;16;5;2015;09:22;0;AV JOR JOAO RAMOS;;;2334;;Atropelamento;Luz do Dia;Bom;Seca;Meio de Quadra;N?úo H?í Controle;Residencial;1;0;1;1;0;0;0;0;0;0;0;0;;
251440;16;5;2015;16:10;15282;RUA TIBURCIO CAVALCANTE;RUA CANUTO DE AGUIAR;;0;;Colis?úo Lateral;Luz do Dia;Bom;Seca;Cruz;Pare;Residencial;0;0;2;1;0;0;0;0;0;0;0;0;-3,729044000000000;-38,500359000000000
251441;16;5;2015;11:45;5250;RUA PEDRO I;RUA AGAPITO DOS SANTOS;;0;;Colis?úo Lateral;Luz do Dia;Bom;Seca;Cruz;Pare;Comercial;0;1;1;1;0;0;0;0;0;1;0;0;-3,727789000000000;-38,539337000000000
251442;16;5;2015;22:35;5433;RUA MAJ FACUNDO;RUA METON DE ALENCAR;;0;;Colis?úo Lateral;Via Iluminada;Bom;Seca;Cruz;Outros;Comercial;0;0;2;1;0;0;0;0;0;0;0;0;-3,733917000000000;-38,529899000000000
251437;16;5;2015;13:50;25016;RUA TEODOMIRO DE CASTRO;RUA GRACA ARANHA;;0;;Colis?úo Lateral;Luz do Dia;Bom;Seca;Cruz;N?úo H?í Controle;Residencial;0;1;1;1;0;0;0;0;0;1;0;0;-3,717026000000000;-38,576351000000000
251438;16;5;2015;23:36;15365;AV SEN VIRGILIO TAVORA;RUA PEREIRA VALENTE;;0;;Colis?úo Transversal;Via Iluminada;Bom;Seca;Cruz;Sem?íforo;Comercial;0;0;2;1;0;0;0;0;0;0;0;0;-3,733834000000000;-38,492193000000000
251423;16;5;2015;06:05;7860;AV ANTONIO SALES;AV SEN VIRGILIO TAVORA;;0;;Colis?úo Transversal;Luz do Dia;Bom;Seca;Cruz;Sem?íforo;Residencial;0;0;2;0;1;0;0;0;0;0;0;0;-3,747279000000000;-38,496500000000000
251433;16;5;2015;17:20;9567;RUA CEL FABRICIANO;RUA SGT JOAO PINHEIRO;;0;;Colis?úo Transversal;Anoitecer;;;Cruz;N?úo H?í Controle;Residencial;0;1;1;0;1;0;0;0;0;1;0;0;-3,778965000000000;-38,621724000000000
251434;16;5;2015;14:20;0;AV JOVITA FEITOSA;;;2426;;;Luz do Dia;Bom;Seca;Meio de Quadra;N?úo H?í Controle;Comercial;0;0;2;1;0;0;0;0;0;0;0;0;-3,740386000000000;-38,559165000000000
251435;16;5;2015;21:00;3767;AV DOMINGOS OLIMPIO;AV IMPERADOR;;0;;Colis?úo;Via Iluminada;Bom;Seca;Cruz;Sem?íforo;Comercial;0;1;2;0;0;0;0;0;0;1;0;0;-3,734790000000000;-38,536697000000000
251425;16;5;2015;13:15;12745;RUA JULIO CESAR D12;RUA ANA NERY;;0;;Colis?úo Transversal;Luz do Dia;Bom;Seca;Cruz;Pare;Residencial;0;0;2;1;0;0;0;0;0;0;0;0;-3,751712000000000;-38,544349000000000
251426;16;5;2015;13:30;0;AV ANTONIO SALES;;;2460;;Colis?úo Traseira;Luz do Dia;Bom;Seca;Meio de Quadra;N?úo H?í Controle;Residencial;0;0;2;1;0;0;0;0;0;0;0;0;-3,745619000000000;-38,501813000000000
251427;16;5;2015;21:00;0;AV GODOFREDO MACIEL;;;2290;;Colis?úo Traseira;;Bom;Seca;Meio de Quadra;Sem?íforo;Comercial;0;0;2;1;0;0;0;0;0;0;0;0;-3,795874000000000;-38,569720000000000
251428;16;5;2015;09:40;0;RUA JOSE HIPOLITO;;;277;;Colis?úo Lateral;Luz do Dia;Bom;Seca;Meio de Quadra;Outros;Comercial;0;0;2;1;0;0;0;0;0;0;0;0;-3,832908000000000;-38,492776000000000
251430;16;5;2015;19:20;6749;RUA DR GILBERTO STUDART;RUA BATISTA DE OLIVEIRA;;0;;Colis?úo Lateral;Via Iluminada;Bom;Seca;Cruz;Pare;Residencial;0;0;2;0;1;0;0;0;0;0;0;0;-3,743734000000000;-38,480581000000000
251419;16;5;2015;09:30;0;AV BEZERRA DE MENEZES;;;1802;;;Luz do Dia;Bom;Seca;Meio de Quadra;N?úo H?í Controle;Residencial;0;0;2;1;0;0;0;0;0;0;0;0;-3,734772000000000;-38,560286000000000
261391;16;5;2015;13:27;0;AV JOSE BASTOS;;;2380;;Colis?úo;Luz do Dia;;;Meio de Quadra;;;0;0;2;1;1;0;0;0;0;0;0;0;;
261392;16;5;2015;16:20;0;AV WASHINGTON SOARES;;;0;;Colis?úo;Luz do Dia;;;Meio de Quadra;;;0;0;2;1;0;0;0;0;0;0;0;0;;
253023;16;5;2015;07:00;0;RD BR 116;;;4000;KM-04;Colis?úo Traseira;Luz do Dia;Bom;Seca;Meio de Quadra;N?úo H?í Controle;Comercial;0;0;3;1;0;0;0;0;0;0;0;0;-3,788331000000000;-38,510646000000000
258964;16;5;2015;09:30;0;RD BR 222;;;0;;Colis?úo;Luz do Dia;Bom;Seca;Meio de Quadra;N?úo H?í Controle;Comercial;0;0;2;1;0;0;1;0;0;0;0;0;;
268097;16;5;2015;11:32;0;RUA PDE PEDRO DE ALENCAR;;;1618;;Colis?úo;Luz do Dia;;;Meio de Quadra;;;0;0;2;0;0;0;0;0;0;0;0;0;;
268098;16;5;2015;12:37;0;RUA PDE ANTONINO;;;798;;Colis?úo;Luz do Dia;;;Meio de Quadra;;;0;0;2;0;0;0;0;0;0;0;0;0;-3,747239000000000;-38,520510000000000
268099;16;5;2015;14:24;19809;RUA PDE GUERRA;RUA PRO LINO ENCARNACAO;;0;;Colis?úo;Luz do Dia;;;Cruz;Pare;Residencial;0;0;2;0;0;0;0;0;0;0;0;0;-3,739571000000000;-38,560980000000000
268101;16;5;2015;16:11;25084;AV BENJAMIM BRASIL;RUA BERNARDO MANUEL;;0;;Colis?úo;Luz do Dia;;;T;Sem?íforo;Comercial;0;0;2;0;0;0;0;0;0;0;0;0;-3,810060000000000;-38,554874000000000
268127;16;5;2015;18:20;4835;RUA CORACAO DE MARIA;RUA DOM XISTO ALBANO;;0;;Colis?úo;Anoitecer;;;;;;0;0;2;0;0;0;0;0;0;0;0;0;-3,809466000000000;-38,596808000000000
268128;16;5;2015;20:03;0;AV GAL OSORIO DE PAIVA;;;0;;Colis?úo;;;;Meio de Quadra;;;0;0;2;0;0;0;0;0;0;0;0;0;;
268129;16;5;2015;23:11;0;AV FRE CIRILO;;;3480;;Colis?úo;;;;Meio de Quadra;;;0;0;2;0;0;0;0;0;0;0;0;0;-3,815475000000000;-38,498245000000000
268130;16;5;2015;22:56;0;AV EDILSON B SOARES;;;1410;;Choque c/ Obst?ículo Fixo;;;;Meio de Quadra;;;0;0;2;0;0;0;0;0;0;0;0;0;-3,788828000000000;-38,473352000000000
268131;16;5;2015;22:59;3348;RUA MARIO DE ANDRADE;RUA MINAS GERAIS;;0;;Colis?úo;;;;Cruz;Pare;Residencial;0;0;2;0;0;0;0;0;0;0;0;0;-3,751314000000000;-38,561389000000000
268132;16;5;2015;23:58;0;AV JOVITA FEITOSA;;;0;;Colis?úo;;;;Meio de Quadra;;;0;0;2;0;0;0;0;0;0;0;0;0;;
262298;16;5;2015;02:22;0;RUA CEL FABRICIANO;;;0;;Queda;;;;Meio de Quadra;;;0;1;0;0;0;1;0;0;0;0;0;0;;
262304;16;5;2015;03:53;0;AV BAR STUDART;;;0;;Colis?úo;;;;Meio de Quadra;;;0;1;0;0;0;0;0;0;0;0;0;0;-3,737553000000000;-38,507542000000000
262305;16;5;2015;03:58;12520;AV AUGUSTO DOS ANJOS;RUA ALUISIO AZEVEDO;;0;;Colis?úo;;;;T;Sem?íforo;Comercial;0;1;1;0;0;0;0;0;0;1;0;0;-3,773439000000000;-38,573164000000000
262306;16;5;2015;06:32;11338;AV GODOFREDO MACIEL;RUA FRANCISCO GLICERIO;;0;;Colis?úo;Luz do Dia;;;Cruz;Sem?íforo;Comercial;0;1;0;1;0;0;0;0;0;0;0;0;-3,795981000000000;-38,569757000000000
262307;16;5;2015;08:32;0;RUA ALVARO GARRIDO;;;874;;Colis?úo;Luz do Dia;;;Meio de Quadra;;;0;1;1;0;0;0;1;0;0;1;0;0;;
262308;16;5;2015;11:00;3420;AV JOAO PESSOA;RUA DES PRAXEDES;;0;;Colis?úo;Luz do Dia;;;Cruz;Sem?íforo;Comercial;0;1;1;1;0;0;0;0;0;1;0;0;-3,756946000000000;-38,553504000000000