COD_ACIDENTE;DIA;MES;ANO;HORA;INTERSECAO;LOG1;LOG2;LOG3;NUMERO;REFERENCIA;NATUREZA;ILUMINACAO;TEMPO;SUPERFICIEPISTA;TIPOCRUZAMENTO;CONTROLETRAFEGO;USOSOLO;MORTOS;FERIDOS;ILESOS;AUTOMOVEL;ONIBUS;BICICLETA;CAMINHAO;MICROONIBUS;CICLOMOTOR;MOTOCICLETA;TRACAOANIMAL;TREM;LATITUDE;LONGITUDE
262309;16;5;2015;11:43;24837;RUA GEORGE CAVALCANTE;RUA MORAUJO;;0;;Atropelamento;Luz do Dia;;;;;;0;1;0;0;0;0;0;0;0;0;0;0;-3,719178000000000;-38,591548000000000
262315;16;5;2015;12:11;7766;RUA TIBURCIO CAVALCANTE;AV ANTONIO SALES;;0;;Colis?úo;Luz do Dia;;;Cruz;Sem?íforo;Comercial;0;1;1;1;0;0;0;0;0;1;0;0;-3,744543000000000;-38,505333000000000
262316;16;5;2015;12:34;0;AV SORIANO ALBUQUERQUE;;;0;;Colis?úo;Luz do Dia;;;Meio de Quadra;;;0;1;1;1;0;0;0;0;0;1;0;0;;
262317;16;5;2015;14:14;0;RUA EDUARDO PERDIGAO;;;0;;Colis?úo;Luz do Dia;;;Meio de Quadra;;;0;1;0;0;0;0;0;0;0;0;0;0;;
262318;16;5;2015;14:29;0;RUA SEN POMPEU;;;0;;Colis?úo;Luz do Dia;;;Meio de Quadra;;;0;1;1;1;0;0;0;0;0;1;0;0;-3,744185000000000;-38,534863000000000
262319;16;5;2015;15:09;7633;AV CARNEIRO DE MENDONCA;RUA RIO GRANDE DO SUL;;0;;Colis?úo;Luz do Dia;;;Cruz;Sem?íforo;Misto;0;1;0;0;0;0;0;0;0;0;0;0;-3,762374000000000;-38,570011000000000
262320;16;5;2015;15:23;3316;RUA VIRIATO RIBEIRO;RUA CHILE;;0;;Colis?úo;Luz do Dia;;;Cruz;Pare;Residencial;0;1;1;1;0;0;0;0;0;1;0;0;-3,746178000000000;-38,565276000000000
262322;16;5;2015;17:24;0;AV PRS CASTELO BRANCO;;;749;PEFOCE;Colis?úo;Anoitecer;;;Meio de Quadra;;;1;1;0;1;0;0;0;0;0;1;0;0;-3,718066000000000;-38,535806000000000
262323;16;5;2015;18:37;0;RD BR 116;;;11000;KM-11;Atropelamento;;;;Meio de Quadra;;;0;1;1;1;0;0;0;0;0;0;0;0;-3,847160000000000;-38,497176000000000
262324;16;5;2015;18:21;0;AV L CJ JOSE WALTER;RUA 68 CJ JOSE WALTER;;1701;;Atropelamento;Anoitecer;;;Meio de Quadra;;;0;1;1;0;0;0;0;0;0;1;0;0;-3,839524000000000;-38,560069000000000
262331;16;5;2015;19:43;0;RUA JOSE MARTINS;;;0;;Queda;;;;Meio de Quadra;;;0;1;0;0;0;0;0;0;0;1;0;0;;
262332;16;5;2015;20:57;0;AV BEZERRA DE MENEZES;;;0;;Atropelamento;;;;Meio de Quadra;;;0;1;1;0;1;0;0;0;0;0;0;0;-3,734558000000000;-38,559177000000000
262333;16;5;2015;21:19;0;RUA MARIA JULIA;;;0;;Colis?úo;;;;Meio de Quadra;;;0;1;1;1;0;0;0;0;0;1;0;0;;
262334;16;5;2015;23:06;0;AV PERIMETRAL;;;0;MADEIREIRA SAO LUIS;Colis?úo;;;;Meio de Quadra;;;0;1;1;1;0;0;0;0;0;1;0;0;;
262326;16;5;2015;18:43;0;AV DEP PAULINO ROCHA;;;0;;Colis?úo;;;;Meio de Quadra;;;0;1;0;0;0;0;0;0;0;0;0;0;-3,811421000000000;-38,514208000000000
262327;16;5;2015;19:26;0;RUA SANDRA GENTIL;;;0;;Colis?úo;;;;Meio de Quadra;;;0;1;1;1;0;0;0;0;0;1;0;0;-3,797209000000000;-38,468747000000000
271350;16;5;2015;11:09;0;AV BEZERRA DE MENEZES;;;952;;Colis?úo;Luz do Dia;;;Meio de Quadra;;;0;0;2;0;0;0;0;0;0;0;0;0;-3,733384000000000;-38,553409000000000
271351;16;5;2015;11:48;0;AV OLIVEIRA PAIVA;;;2415;;Colis?úo;Luz do Dia;;;Meio de Quadra;;;0;0;2;0;0;0;0;0;0;0;0;0;-3,796119000000000;-38,484576000000000
271354;16;5;2015;11:57;0;AV JOVITA FEITOSA;;;2426;;Colis?úo;Luz do Dia;;;Meio de Quadra;;;0;0;2;0;0;0;0;0;0;0;0;0;-3,740386000000000;-38,559165000000000
271355;16;5;2015;11:59;0;RUA TEN BENEVOLO;;;200;;Colis?úo;Luz do Dia;;;Meio de Quadra;;;0;0;2;0;0;0;0;0;0;0;0;0;-3,724868000000000;-38,518824000000000
271357;16;5;2015;12:00;0;RUA VINTE E QUATRO DE MAIO;;;600;;Colis?úo;Luz do Dia;;;Meio de Quadra;;;0;0;2;0;0;0;0;0;0;0;0;0;;
271359;16;5;2015;13:22;17347;RUA ALBERTO MAGNO;RUA IRM BAZET;;0;;Colis?úo;Luz do Dia;;;Cruz;Pare;Comercial;0;0;2;0;0;0;0;0;0;0;0;0;-3,765502000000000;-38,550525000000000
271361;16;5;2015;13:24;0;RUA VITAL BRASIL;;;0;;Colis?úo;Luz do Dia;;;Meio de Quadra;;;0;0;2;0;0;0;0;0;0;0;0;0;;
271364;16;5;2015;15:43;0;AV BEZERRA DE MENEZES;;;0;;Colis?úo;Luz do Dia;;;Meio de Quadra;;;0;0;2;0;0;0;0;0;0;0;0;0;;
271366;16;5;2015;15:55;0;AV DR SILAS MUNGUBA;;;0;;Colis?úo;Luz do Dia;;;Meio de Quadra;;;0;0;2;0;0;0;0;0;0;0;0;0;;
271367;16;5;2015;16:10;0;AV WENEFRIDO MELO;;;198;;Colis?úo;Luz do Dia;;;Meio de Quadra;;;0;0;2;0;0;0;0;0;0;0;0;0;-3,809061000000000;-38,577675000000000
271370;16;5;2015;16:22;11668;RUA CACILDA BECKER;RUA PRO HERIBALDO COSTA;;0;;Colis?úo;Luz do Dia;;;Cruz;Pare;Residencial;0;0;2;0;0;0;0;0;0;0;0;0;-3,770715000000000;-38,589464000000000
271373;16;5;2015;16:31;3368;RUA AMAZONAS;RUA RIO GRANDE DO SUL;;0;;Colis?úo;Luz do Dia;;;Cruz;Pare;Residencial;0;0;2;0;0;0;0;0;0;0;0;0;-3,753306000000000;-38,564164000000000
271379;16;5;2015;18:21;0;RUA JOAO MELO;;;658;;Colis?úo;Anoitecer;;;Meio de Quadra;;;0;0;2;0;0;0;0;0;0;0;0;0;-3,758105000000000;-38,555626000000000
271381;16;5;2015;19:00;5433;RUA MAJ FACUNDO;RUA METON DE ALENCAR;;0;;Colis?úo;;;;Cruz;Pare;Comercial;0;0;2;0;0;0;0;0;0;0;0;0;-3,733917000000000;-38,529899000000000
271383;16;5;2015;21:17;0;RUA GUANABARA;;;560;;Colis?úo;;;;Meio de Quadra;;;0;0;2;0;0;0;0;0;0;0;0;0;-3,753662000000000;-38,566934000000000
271384;16;5;2015;21:19;6720;AV ENG SANTANA JUNIOR;RUA CAROLINA SUCUPIRA;;0;;Colis?úo;;;;;N?úo H?í Controle;Comercial;0;0;2;0;0;0;0;0;0;0;0;0;-3,744770000000000;-38,488863000000000
271386;16;5;2015;21:22;17453;RUA DES PRAXEDES;AV JOSE DO PATROCINIO;;0;;Colis?úo;;;;Cruz;Pare;Residencial;0;0;2;0;0;0;0;0;0;0;0;0;-3,762794000000000;-38,543752000000000
271387;16;5;2015;21:45;22087;RUA PRO COSTA MENDES;RUA CAP FRANCISCO PEDRO;;0;;Colis?úo;;;;Cruz;Sem?íforo;Comercial;0;0;2;0;0;0;0;0;0;0;0;0;-3,750337000000000;-38,551734000000000
271389;16;5;2015;22:33;0;AV ABOLICAO;;;0;;Atropelamento;;;;Meio de Quadra;;;0;0;2;0;0;0;0;0;0;0;0;0;;
271390;16;5;2015;22:34;0;RUA CON DE CASTRO;;;3006;;Atropelamento;;;;Meio de Quadra;;;0;0;2;0;0;0;0;0;0;0;0;0;-3,795114000000000;-38,582776000000000
271391;16;5;2015;23:09;0;AV DOS EXPEDICIONARIOS;;;7233;;Colis?úo;;;;Meio de Quadra;;;0;0;2;0;0;0;0;0;0;0;0;0;-3,782185000000000;-38,546357000000000
271392;16;5;2015;23:41;0;RUA MOURA MATOS;;;0;;Colis?úo;;;;Meio de Quadra;;;0;0;2;0;0;0;0;0;0;0;0;0;;
259476;16;5;2015;16:00;0;RD CE-040;;;0;KM-06;Colis?úo Traseira;Luz do Dia;Bom;Seca;Meio de Quadra;;;0;0;2;1;0;0;0;0;0;0;0;0;-3,811270000000000;-38,478781000000000
259477;17;5;2015;14:20;0;RD CE-025;;;0;KM-01;Colis?úo;Luz do Dia;Bom;Seca;Meio de Quadra;;;0;0;2;1;0;0;0;0;0;0;0;0;-3,807681000000000;-38,470976000000000
259479;17;5;2015;15:00;0;RD CE-040;;;0;KM-02;Colis?úo;Luz do Dia;Bom;Seca;Meio de Quadra;;;0;0;2;1;1;0;0;0;0;0;0;0;-3,776479000000000;-38,481598000000000
259480;17;5;2015;19:02;0;RD CE-040;;;0;KM-07;Colis?úo Traseira;;Bom;Seca;Meio de Quadra;;;0;0;2;1;0;0;0;0;0;1;0;0;-3,817953000000000;-38,483160000000000
271394;17;5;2015;00:47;0;AV BEZERRA DE MENEZES;;;1645;;Atropelamento;;;;Meio de Quadra;;;0;0;2;0;0;0;0;0;0;0;0;0;-3,734619000000000;-38,559462000000000
271401;17;5;2015;10:26;5070;RUA JOSE AVELINO;RUA BORIS;;0;;Colis?úo;Luz do Dia;;;Cruz;Outros;Lazer;0;0;2;0;0;0;0;0;0;0;0;0;-3,722288000000000;-38,521029000000000
271402;17;5;2015;14:20;0;RUA ELDORADO;;;0;;Atropelamento;Luz do Dia;;;Meio de Quadra;;;0;0;2;0;0;0;0;0;0;0;0;0;;
271404;17;5;2015;15:04;0;RUA SABIAGUABA;;;0;;Colis?úo;Luz do Dia;;;Meio de Quadra;;;0;0;2;0;0;0;0;0;0;0;0;0;;
271406;17;5;2015;16:29;0;AV CEL CARVALHO;;;840;;Atropelamento;Luz do Dia;;;Meio de Quadra;;;0;0;2;0;0;0;0;0;0;0;0;0;-3,709892000000000;-38,589839000000000
271408;17;5;2015;20:47;2251;AV CEL CARVALHO;AV 20 DE JANEIRO;;0;;Colis?úo;;;;;;;0;0;2;0;0;0;0;0;0;0;0;0;;
271409;17;5;2015;21:32;12496;AV CARNEIRO DE MENDONCA;AV LINEU MACHADO;;0;;Colis?úo;;;;T;Sem?íforo;Comercial;0;0;2;0;0;0;0;0;0;0;0;0;-3,760403000000000;-38,574021000000000
271410;17;5;2015;21:54;0;RUA PAULA NEI;;;960;;Colis?úo;;;;Meio de Quadra;;;0;0;2;0;0;0;0;0;0;0;0;0;-3,742306000000000;-38,489655000000000
262343;17;5;2015;06:12;0;RUA MARIA GOMES DE SA;;;0;;Atropelamento;Luz do Dia;;;Meio de Quadra;;;0;1;0;1;0;0;0;0;0;0;0;0;-3,824032000000000;-38,583485000000000
262344;17;5;2015;07:10;0;AV WASHINGTON SOARES;;;0;;Queda;Luz do Dia;;;Meio de Quadra;;;0;1;0;0;0;0;0;0;0;1;0;0;;
262345;17;5;2015;07:14;0;RUA GAL ALIPIO DOS SANTOS;;;0;;Queda;Luz do Dia;;;Meio de Quadra;;;0;1;0;0;0;0;0;0;0;1;0;0;-3,733282000000000;-38,596014000000000
262335;17;5;2015;00:13;0;RUA BETEL;;;1525;;Colis?úo;;;;Meio de Quadra;;;0;1;1;0;0;0;0;0;0;1;0;0;-3,791763000000000;-38,552418000000000
262336;17;5;2015;00:38;0;AV DIOGUINHO;;;1190;;Colis?úo;;;;Meio de Quadra;;;0;1;1;1;0;0;0;0;0;1;0;0;-3,728224000000000;-38,460637000000000
262337;17;5;2015;01:01;0;RUA DEMETRIO MENEZES;;;0;;Colis?úo;;;;Meio de Quadra;;;0;1;1;1;0;0;0;0;0;1;0;0;;
262338;17;5;2015;02:48;0;RUA 15 DE NOVEMBRO;;;0;;Atropelamento;;;;Meio de Quadra;;;0;1;1;1;0;0;0;0;0;0;0;0;;
262339;17;5;2015;02:56;0;AV BEZERRA DE MENEZES;;;618;;Colis?úo;;;;Meio de Quadra;;;0;1;1;1;0;0;0;0;0;1;0;0;-3,732793000000000;-38,550568000000000
262341;17;5;2015;06:07;0;RUA PRO GOMES BRASIL;;;0;;Queda;Luz do Dia;;;Meio de Quadra;;;0;1;0;0;0;0;0;0;0;1;0;0;;
262356;17;5;2015;08:50;0;AV JOR THOMAZ COELHO;;;0;;Queda;Luz do Dia;;;Meio de Quadra;;;0;1;0;0;0;0;0;0;0;1;0;0;;
262357;17;5;2015;15:07;0;AV FRANCISCO SA;;;0;;Queda;Luz do Dia;;;Meio de Quadra;;;0;1;0;0;0;0;0;0;0;1;0;0;-3,713410000000000;-38,569080000000000
262358;17;5;2015;15:39;5433;RUA METON DE ALENCAR;RUA MAJ FACUNDO;;0;;Colis?úo;Luz do Dia;;;Cruz;Pare;Comercial;0;1;1;1;0;0;0;0;0;1;0;0;-3,733917000000000;-38,529899000000000
262359;17;5;2015;17:51;0;AV PERIMETRAL;;;0;;Colis?úo;Anoitecer;;;Meio de Quadra;;;0;1;0;0;0;0;0;0;0;0;0;0;;
262360;17;5;2015;18:07;20226;AV PAROARAS;AV SAUDADE D68;;0;;Queda;Anoitecer;;;Outros;Pare;Residencial;0;1;0;0;0;0;0;0;0;1;0;0;-3,814399000000000;-38,534257000000000
262361;17;5;2015;19:40;0;AV PRS CASTELO BRANCO;;;0;;Atropelamento;;;;Meio de Quadra;;;0;1;1;1;0;0;0;0;0;0;0;0;;
262362;17;5;2015;19:43;0;RD BR 116;;;0;;Atropelamento;;;;Meio de Quadra;;;0;1;1;1;0;0;0;0;0;0;0;0;;
262363;17;5;2015;20:53;0;RUA CANDIDO MAIA;;;0;;Colis?úo;;;;Meio de Quadra;;;0;1;0;0;0;0;0;0;0;0;0;0;;
262365;17;5;2015;21:00;0;AV CEL CARVALHO;;;0;;Atropelamento;;;;Meio de Quadra;;;0;1;1;1;0;0;0;0;0;0;0;0;;
262366;17;5;2015;21:01;8121;RUA DR GILBERTO STUDART;RUA MANUEL DE QUEIROZ;;0;;Colis?úo;;;;Cruz;Pare;Residencial;0;1;1;1;0;0;0;0;0;1;0;0;-3,748059000000000;-38,467177000000000
262367;17;5;2015;21:08;15339;RUA FRE MANSUETO;RUA ANA BILHAR;;0;;Colis?úo;;;;Cruz;Sem?íforo;Residencial;0;1;1;0;0;0;0;0;0;1;0;0;-3,731552000000000;-38,488841000000000
262369;17;5;2015;21:20;0;AV RECREIO D64;;;0;;Colis?úo;;;;Meio de Quadra;;;0;1;1;1;0;0;0;0;0;1;0;0;-3,811567000000000;-38,449255000000000
262370;17;5;2015;21:38;17326;RUA ALBERTO MAGNO;RUA ALAN KARDEC;;0;;Queda;;;;Cruz;Pare;Comercial;0;1;0;0;0;0;0;0;0;1;0;0;-3,764796000000000;-38,549918000000000
262371;17;5;2015;21:51;24943;AV ALM HENRIQUE SABOIA;AV ABOLICAO;;0;;Atropelamento;;;;T;Sem?íforo;Comercial;1;0;1;1;0;0;0;0;0;0;0;0;-3,722615000000000;-38,479798000000000
268156;17;5;2015;15:49;64;RUA MARTINS NETO;RUA PDE PERDIGAO SAMPAIO;;0;;Colis?úo;Luz do Dia;;;Cruz;Pare;Comercial;0;0;2;0;0;0;0;0;0;0;0;0;-3,741162000000000;-38,594477000000000
268158;17;5;2015;17:25;2967;TR RAIMUNDO PINHEIRO;RUA PEDRO MARTINS;;0;;Colis?úo;Anoitecer;;;;;;0;0;2;0;0;0;0;0;0;0;0;0;-3,799869000000000;-38,600555000000000
268152;17;5;2015;12:11;23433;RUA MON SALAZAR;RUA PRO CARVALHO;;0;;Colis?úo;Luz do Dia;;;Cruz;Pare;Residencial;0;0;2;0;0;0;0;0;0;0;0;0;-3,756146000000000;-38,514308000000000
268147;17;5;2015;10:00;11266;RUA 2 CAMPO DOS INGLESES;RUA 10 CAMPO DOS INGLESE;;0;;Colis?úo;Luz do Dia;;;;;;0;0;2;0;0;0;0;0;0;0;0;0;-3,800547000000000;-38,565515000000000
268150;17;5;2015;10:01;0;AV CARNEIRO DE MENDONCA;;;218;;Colis?úo;Luz do Dia;;;Meio de Quadra;;;0;0;2;0;0;0;0;0;0;0;0;0;;
268142;17;5;2015;00:29;25227;AV A CJ CEARA;AV I CJ CEARA;;0;;Colis?úo;;;;;;;0;0;2;0;0;0;0;0;0;0;0;0;-3,766922000000000;-38,601152000000000
268144;17;5;2015;00:58;0;AV CEL CARVALHO;;;0;;Colis?úo;;;;Meio de Quadra;;;0;0;2;0;0;0;0;0;0;0;0;0;;
268145;17;5;2015;03:33;0;AV BEZERRA DE MENEZES;;;2706;;Colis?úo;;;;Meio de Quadra;;;0;0;2;0;0;0;0;0;0;0;0;0;-3,736575000000000;-38,568861000000000
251410;17;5;2015;15:00;0;AV DES GONZAGA;;;220;;Colis?úo Lateral;Via Iluminada;Bom;Seca;Meio de Quadra;N?úo H?í Controle;Residencial;0;0;2;1;0;0;0;0;0;0;0;0;-3,788949000000000;-38,503677000000000
251411;17;5;2015;10:30;0;AV ABOLICAO;;;0;;Colis?úo Lateral;Luz do Dia;Bom;Seca;Meio de Quadra;N?úo H?í Controle;Residencial;0;0;2;0;0;0;0;1;0;1;0;0;;
251412;17;5;2015;17:50;1450;RUA JOSE VILAR;RUA JOAO CARVALHO;;0;;Colis?úo Transversal;Anoitecer;Bom;Seca;Cruz;Sem?íforo;Comercial;0;0;2;1;0;0;0;0;0;0;0;0;-3,738318000000000;-38,505477000000000
261393;17;5;2015;22:30;0;AV GAL OSORIO DE PAIVA;;;0;;Colis?úo;;;;Meio de Quadra;;;0;0;2;1;1;0;0;0;0;0;0;0;;
261396;17;5;2015;23:36;0;RUA PRO GOMES BRASIL;;;0;;Colis?úo;;;;Meio de Quadra;;;0;0;2;1;1;0;0;0;0;0;0;0;;
251420;17;5;2015;19:20;6059;AV C CJ CEARA;RUA MIN ALBUQUERQUE LIMA;;0;;Colis?úo Transversal;Anoitecer;Chuva;Molhada;Com Via F?®rrea;Pare;Comercial;0;1;1;1;0;0;0;0;0;1;0;0;-3,770669000000000;-38,604700000000000
251418;17;5;2015;13:00;15326;AV BAR STUDART;RUA PEREIRA FILGUEIRAS;;0;;Colis?úo Transversal;Luz do Dia;Bom;Seca;Cruz;Sem?íforo;Comercial;0;1;2;1;0;0;0;0;0;1;0;0;-3,730810000000000;-38,505361000000000
251415;17;5;2015;20:00;0;AV DOS EXPEDICIONARIOS;;;0;;Colis?úo Lateral;Via Iluminada;Bom;Seca;Meio de Quadra;N?úo H?í Controle;Comercial;0;0;2;1;1;0;0;0;0;0;0;0;;
251416;17;5;2015;18:00;24441;AV LUCIANO CARNEIRO;RUA RAUL CABRAL;;0;;Colis?úo;Via Iluminada;Bom;Seca;Cruz;;Residencial;0;0;3;1;0;0;0;0;0;0;0;0;-3,770842000000000;-38,538495000000000
251413;17;5;2015;17:40;0;AV PRS COSTA E SILVA;;;2913;;Colis?úo Traseira;Via Iluminada;Bom;Seca;Meio de Quadra;N?úo H?í Controle;Misto;0;1;1;0;1;0;0;0;0;1;0;0;;
251424;17;5;2015;14:15;8011;RUA ALEXANDRE BARAUNA;AV JOAO PESSOA;;0;;Colis?úo Lateral;Luz do Dia;Bom;Seca;Cruz;Sem?íforo;Comercial;0;0;2;1;1;0;0;0;0;0;0;0;-3,751089000000000;-38,548267000000000
251463;17;5;2015;15:00;17400;RUA BAR SOBRAL;RUA EDITE BRAGA;;0;;Colis?úo Lateral;Luz do Dia;Bom;Seca;Cruz;N?úo H?í Controle;Residencial;0;0;2;0;1;0;0;0;0;0;0;0;-3,767521000000000;-38,553278000000000
251471;17;5;2015;11:30;7926;AV ANTONIO SALES;RUA BARBOSA DE FREITAS;;0;;Colis?úo Transversal;Luz do Dia;Bom;Seca;Cruz;Sem?íforo;Residencial;0;1;1;1;0;0;0;0;0;0;0;0;-3,746051000000000;-38,500407000000000
251475;17;5;2015;00:20;15144;AV MON TABOSA;AV RUI BARBOSA;;0;;Colis?úo Transversal;Via Iluminada;Nublado;Seca;Cruz;Pare;Residencial;0;1;1;1;0;0;0;0;0;0;0;0;-3,724441000000000;-38,505696000000000
251476;17;5;2015;09:10;5333;RUA PRC ISABEL;RUA GAL CLARINDO DE QUEIROZ;;0;;Colis?úo Lateral;Luz do Dia;Bom;Seca;Cruz;Pare;Comercial;0;0;2;1;0;0;0;0;0;0;0;0;-3,730592000000000;-38,536711000000000
251468;17;5;2015;20:15;25047;RUA ANTONIO ARRUDA;RUA CIDADE PALHANO;;0;;Colis?úo Lateral;Via Iluminada;Bom;Seca;Cruz;Pare;Residencial;0;0;2;0;1;0;0;0;0;1;0;0;-3,717903000000000;-38,593359000000000
251469;17;5;2015;18:20;0;RUA EDUARDO SALGADO;;;310;;Colis?úo Lateral;Via Iluminada;Bom;Seca;Meio de Quadra;N?úo H?í Controle;Residencial;0;0;2;1;0;0;0;0;0;0;0;0;-3,734127000000000;-38,508382000000000
251465;17;5;2015;15:30;15194;RUA DEP MOREIRA DA ROCHA;RUA ILDEFONSO ALBANO;;0;;Colis?úo Transversal;Luz do Dia;Bom;Seca;Cruz;Pare;Residencial;0;0;2;1;0;0;0;0;0;0;0;0;-3,726480000000000;-38,511072000000000
251466;17;5;2015;12:15;7907;AV PONTES VIEIRA;RUA VICENTE LEITE;;0;;Colis?úo Traseira;Luz do Dia;Bom;Seca;Cruz;Sem?íforo;Comercial;0;0;2;1;0;0;0;0;0;0;0;0;-3,751180000000000;-38,500282000000000
251478;17;5;2015;18:30;12849;RUA ASSUNCAO;RUA SALDANHA MARINHO;;0;;Colis?úo Transversal;Via Iluminada;Bom;Seca;Cruz;Pare;Residencial;0;1;1;1;0;0;0;0;0;0;0;0;-3,742314000000000;-38,531231000000000
251480;17;5;2015;16:40;0;AV JOSE BASTOS;;;1002;;Engavetamento;Luz do Dia;Bom;Seca;Meio de Quadra;N?úo H?í Controle;Comercial;0;0;3;1;0;0;0;0;0;0;0;0;;
251481;17;5;2015;08:00;5438;RUA METON DE ALENCAR;RUA ASSUNCAO;;0;;Colis?úo Lateral;Luz do Dia;Bom;Seca;Cruz;Pare;Residencial;0;0;2;1;0;0;0;0;0;0;0;0;-3,734332000000000;-38,528594000000000
251482;17;5;2015;09:15;1601;RUA PDE VALDEVINO;RUA VIS MAUA;;0;;Colis?úo Transversal;Luz do Dia;Bom;Seca;Cruz;Pare;Comercial;0;2;0;1;0;0;0;0;0;1;0;0;-3,743773000000000;-38,501876000000000
251507;18;5;2015;10:40;0;RUA ANDRADE FURTADO;;;515;;Colis?úo Lateral;Luz do Dia;Bom;Seca;Meio de Quadra;N?úo H?í Controle;Residencial;0;0;2;1;0;0;0;0;0;0;0;0;-3,744339000000000;-38,484188000000000
251451;18;5;2015;20:00;0;AV JOSE BASTOS;;;6510;;Colis?úo Traseira;Via Iluminada;Bom;Seca;Meio de Quadra;N?úo H?í Controle;Comercial;0;1;1;0;0;0;0;0;0;0;0;0;-3,767391000000000;-38,569576000000000
251459;18;5;2015;13:20;21986;RUA TIRADENTES;RUA CEL NUNES DE MELO;;0;;Colis?úo Traseira;Luz do Dia;Bom;Seca;Cruz;Pare;Residencial;0;0;3;1;0;0;0;0;0;0;0;0;-3,743155000000000;-38,547927000000000
251460;18;5;2015;09:00;0;AV BORGES DE MELO;;;0;;Colis?úo Transversal;Luz do Dia;Bom;Seca;Meio de Quadra;N?úo H?í Controle;Misto;0;0;2;1;1;0;0;0;0;0;0;0;;
251461;18;5;2015;15:20;1276;RUA CARLOS VASCONCELOS;RUA PDE LUIS FIGUEIRA;;0;;Colis?úo Frontal;Luz do Dia;Bom;Seca;Duplo T;Pare;Residencial;0;0;2;1;0;0;0;0;0;0;0;0;-3,733509000000000;-38,510962000000000
251453;18;5;2015;13:40;0;AV EDUARDO GIRAO;;;1103;;Colis?úo Lateral;Luz do Dia;Bom;Seca;Meio de Quadra;;Residencial;0;0;2;1;0;0;1;0;0;0;0;0;-3,753107000000000;-38,531979000000000
251454;18;5;2015;15:15;64;RUA PDE PERDIGAO SAMPAIO;RUA MARTINS NETO;;0;;Colis?úo Lateral;Luz do Dia;Bom;Seca;Cruz;Pare;Comercial;0;0;2;1;0;0;0;0;0;1;0;0;-3,741162000000000;-38,594477000000000
251455;18;5;2015;12:30;1469;AV SEN VIRGILIO TAVORA;RUA DES LEITE ALBUQUERQUE;;0;;;Luz do Dia;Bom;Seca;Cruz;Sem?íforo;Comercial;0;0;2;1;0;0;0;0;0;0;0;0;-3,738810000000000;-38,493796000000000
251456;18;5;2015;19:46;0;RUA ISAIE BORIS;;;300;;Colis?úo Lateral;Via Iluminada;Bom;Seca;Meio de Quadra;Sem?íforo;Comercial;0;0;2;1;0;0;1;0;0;0;0;0;-3,766909000000000;-38,548067000000000
251511;18;5;2015;19:30;0;RUA RIO GRANDE DO SUL;;;0;;Colis?úo Lateral;Via Iluminada;Bom;Seca;Meio de Quadra;N?úo H?í Controle;Residencial;0;1;1;1;0;0;0;0;0;1;0;0;;
251514;18;5;2015;20:30;1437;RUA JOAO CARVALHO;RUA SILVA PAULET;;0;;Colis?úo Transversal;Via Iluminada;Bom;Seca;Cruz;Pare;Misto;0;0;2;1;0;0;0;0;0;0;0;0;-3,737966000000000;-38,506557000000000
251516;18;5;2015;11:00;17911;RUA EVANDRO LUZ;RUA HAROLDO LEAO;;0;;Colis?úo Lateral;Luz do Dia;Bom;Seca;Cruz;Pare;Residencial;0;1;1;0;0;0;0;1;0;1;0;0;-3,732352000000000;-38,577346000000000
251518;18;5;2015;19:15;0;AV PDE ANTONIO TOMAS;;;410;;Colis?úo Traseira;Via Iluminada;Bom;Seca;Meio de Quadra;N?úo H?í Controle;Comercial;0;1;1;1;0;0;0;0;1;0;0;0;-3,740141000000000;-38,499695000000000
251525;18;5;2015;14:40;0;AV AGUANAMBI;;;888;;Colis?úo Traseira;Luz do Dia;Bom;Seca;Meio de Quadra;;Comercial;0;0;2;1;0;0;0;0;0;0;0;0;-3,744120000000000;-38,525614000000000
251521;18;5;2015;20:30;13375;AV ANTONIO SALES;RUA J DA PENHA;;0;;Colis?úo Lateral;Via Iluminada;Bom;Seca;Cruz;Pare;Comercial;0;0;2;1;0;0;0;0;0;0;0;0;-3,739540000000000;-38,521352000000000
251522;18;5;2015;19:15;19692;RUA PRO ANACLETO;RUA AZEVEDO BOLAO;;0;;Colis?úo Lateral;Anoitecer;Bom;Seca;Cruz;Pare;Residencial;0;0;2;1;0;0;0;0;0;0;0;0;-3,735640000000000;-38,552765000000000
251523;18;5;2015;08:40;3860;AV 13 DE MAIO;AV DA UNIVERSIDADE;;0;;Engavetamento;Luz do Dia;Bom;Seca;Cruz;Sem?íforo;Escola;0;0;3;1;0;0;0;0;0;0;0;0;-3,740962000000000;-38,539107000000000
251542;18;5;2015;00:30;21520;RUA FRANCISCO ALMEIDA;RUA GETULIO VARGAS  D-71;;0;;Colis?úo Transversal;Mal Iluminada;Bom;Seca;Cruz;N?úo H?í Controle;Comercial;0;1;1;0;1;0;0;0;0;1;0;0;-3,819306000000000;-38,592231000000000
251543;18;5;2015;20:20;0;AV ANTONIO SALES;;;2371;;Colis?úo Lateral;Via Iluminada;Bom;Seca;Meio de Quadra;N?úo H?í Controle;Comercial;0;1;3;1;1;0;0;0;0;0;0;0;-3,745389000000000;-38,502566000000000
251537;18;5;2015;23:12;8025;RUA PRO COSTA MENDES;AV JOAO PESSOA;;0;;Colis?úo Transversal;Via Iluminada;Bom;Seca;Cruz;Sem?íforo;Comercial;0;1;1;1;0;0;0;0;0;0;0;0;-3,752393000000000;-38,549441000000000