COD_ACIDENTE;DIA;MES;ANO;HORA;INTERSECAO;LOG1;LOG2;LOG3;NUMERO;REFERENCIA;NATUREZA;ILUMINACAO;TEMPO;SUPERFICIEPISTA;TIPOCRUZAMENTO;CONTROLETRAFEGO;USOSOLO;MORTOS;FERIDOS;ILESOS;AUTOMOVEL;ONIBUS;BICICLETA;CAMINHAO;MICROONIBUS;CICLOMOTOR;MOTOCICLETA;TRACAOANIMAL;TREM;LATITUDE;LONGITUDE
251539;18;5;2015;07:50;5072;AV TRISTAO GONCALVES;RUA CASTRO E SILVA;;0;;Colis?úo Lateral;Luz do Dia;Bom;Seca;Cruz;Pare;Comercial;0;0;2;0;1;0;0;0;0;0;0;0;-3,722330000000000;-38,531768000000000
251540;18;5;2015;13:40;15209;RUA SILVA JATAHY;RUA NUNES VALENTE;;0;;Colis?úo Lateral;Luz do Dia;Bom;Seca;Cruz;Pare;Residencial;0;0;2;0;0;0;1;0;0;0;0;0;-3,726754000000000;-38,500705000000000
251535;18;5;2015;07:45;0;RUA VALPARAISO;;;0;;Choque c/ Obst?ículo Fixo;Luz do Dia;Bom;Seca;Meio de Quadra;N?úo H?í Controle;Rural;0;1;0;1;0;0;0;0;0;0;0;0;;
251530;18;5;2015;01:15;0;AV A LT VILLAGE COLOSSO;;;0;;Choque c/ Obst?ículo Fixo;N?úo Iluminada;Bom;Seca;Meio de Quadra;N?úo H?í Controle;Rural;0;3;0;1;0;0;0;0;0;0;0;0;;
251532;18;5;2015;09:15;0;AV ROGACIANO LEITE;;;400;;Colis?úo Traseira;Luz do Dia;Bom;Seca;Meio de Quadra;N?úo H?í Controle;Comercial;0;0;2;0;0;0;0;0;0;1;0;0;-3,761667000000000;-38,493409000000000
251533;18;5;2015;19:15;0;AV ENG SANTANA JUNIOR;;;0;;Colis?úo Transversal;Anoitecer;Bom;Seca;Meio de Quadra;N?úo H?í Controle;Comercial;0;0;2;1;1;0;0;0;0;0;0;0;;
251527;18;5;2015;16:30;9081;AV AGUANAMBI;AV 13 DE MAIO;;0;;Colis?úo Transversal;Luz do Dia;Bom;Seca;Cruz;Pare;Comercial;0;0;2;1;0;0;0;1;0;0;0;0;-3,753844000000000;-38,523451000000000
251528;18;5;2015;13:25;22069;AV ENG HUMBERTO MONTE;RUA PAPI JUNIOR;;0;;Colis?úo Lateral;Luz do Dia;Bom;Seca;Cruz;;Comercial;0;1;2;0;0;0;1;0;0;1;0;0;-3,752552000000000;-38,557697000000000
261397;18;5;2015;08:35;0;AV FRE CIRILO;;;0;;Colis?úo;Luz do Dia;;;Meio de Quadra;;;0;0;2;1;0;0;0;0;0;1;0;0;;
261399;18;5;2015;12:37;0;RUA GONCALVES LEDO;;;0;;Colis?úo;Luz do Dia;;;Meio de Quadra;;;0;0;2;0;0;0;1;0;0;0;0;0;;
261441;18;5;2015;17:51;0;AV PONTES VIEIRA;;;0;;Colis?úo;Anoitecer;;;Meio de Quadra;;;0;0;2;1;0;0;0;0;0;0;0;0;;
261401;18;5;2015;11:33;0;RUA SOLON PINHEIRO;;;427;;Colis?úo;Luz do Dia;;;Meio de Quadra;;;0;0;3;1;1;0;0;0;0;0;0;0;-3,734124000000000;-38,527523000000000
261407;18;5;2015;15:59;0;RUA FRE CANECA;;;913;;Colis?úo;Luz do Dia;;;Meio de Quadra;;;0;0;2;1;0;0;0;0;0;0;0;0;;
263064;18;5;2015;00:31;7608;AV DR SILAS MUNGUBA;RUA MAL BITENCOURT;;0;;Colis?úo;;;;T;Sem?íforo;Comercial;0;1;1;1;0;0;0;0;0;0;0;0;-3,796992000000000;-38,531678000000000
251549;18;5;2015;08:10;7812;RUA JOAQUIM NABUCO;RUA JULIO SIQUEIRA;;0;;Colis?úo Transversal;Luz do Dia;Bom;Seca;Cruz;Pare;Residencial;0;0;2;1;0;0;0;0;0;0;0;0;-3,750442000000000;-38,506154000000000
251544;18;5;2015;15:30;0;AV DOS EXPEDICIONARIOS;;;3190;;Colis?úo Traseira;Luz do Dia;Bom;Seca;Meio de Quadra;N?úo H?í Controle;Comercial;0;0;2;1;0;0;0;0;0;1;0;0;-3,746560000000000;-38,535594000000000
251546;18;5;2015;11:00;1358;AV SANTOS DUMONT;AV DES MOREIRA;;0;;Colis?úo Lateral;Luz do Dia;Bom;Seca;Cruz;Sem?íforo;Comercial;0;0;2;1;0;0;0;0;0;1;0;0;-3,736226000000000;-38,498365000000000
262372;18;5;2015;08:00;7669;RUA ALAGOAS;RUA GOIAS;;0;;Colis?úo;Luz do Dia;;;Cruz;Pare;Residencial;0;1;0;0;0;1;0;0;0;0;0;0;-3,761531000000000;-38,567746000000000
262375;18;5;2015;07:23;0;AV PRS JUSCELINO KUBITSCHEK (PASSAR?ë);;;0;;Colis?úo;Luz do Dia;;;Meio de Quadra;;;0;1;1;0;0;0;0;0;0;1;0;0;-3,819592000000000;-38,534037000000000
262376;18;5;2015;08:31;0;RUA PARANA;;;0;;Colis?úo;Luz do Dia;;;Meio de Quadra;;;0;1;1;1;0;0;0;0;0;1;0;0;;
262391;18;5;2015;08:33;9597;RUA LONDRINA;RUA JOSE TORRES;;0;;Colis?úo;Luz do Dia;;;Cruz;N?úo H?í Controle;Rural;0;1;1;1;0;0;0;0;0;1;0;0;-3,779916000000000;-38,607258000000000
262392;18;5;2015;11:43;0;RUA BAR RIO BRANCO;;;0;;Atropelamento;Luz do Dia;;;Meio de Quadra;;;0;1;1;0;0;0;0;0;0;1;0;0;;
262393;18;5;2015;12:24;0;AV CEL CARVALHO;;;0;;Colis?úo;Luz do Dia;;;Meio de Quadra;;;0;1;1;1;0;0;0;0;0;1;0;0;;
262394;18;5;2015;13:52;0;RUA DEP OSWALDO STUDART;;;0;;Colis?úo;Luz do Dia;;;Meio de Quadra;;;0;1;0;0;0;0;0;0;0;0;0;0;;
262395;18;5;2015;14:59;0;AV PERIMETRAL;;;0;;Colis?úo;Luz do Dia;;;Meio de Quadra;;;0;1;1;1;0;0;0;0;0;1;0;0;;
262397;18;5;2015;15:49;0;AV CEL CARVALHO;;;0;;Queda;Luz do Dia;;;Meio de Quadra;;;0;1;0;0;0;0;0;0;0;1;0;0;;
262398;18;5;2015;16:00;0;RUA ANTENOR ROCHA ALEXANDRE;;;0;;Colis?úo;Luz do Dia;;;Meio de Quadra;;;0;1;1;1;0;0;0;0;0;1;0;0;-3,792128000000000;-38,482267000000000
262399;18;5;2015;17:45;0;AV PERIMETRAL;;;0;;Colis?úo;Anoitecer;;;Meio de Quadra;;;0;1;1;0;0;0;0;0;0;1;0;0;;
262401;18;5;2015;18:00;17389;RUA ISAIE BORIS;RUA IRM BAZET;;0;;Colis?úo;Anoitecer;;;;Pare;Comercial;0;1;1;1;0;0;0;0;0;1;0;0;-3,767093000000000;-38,548585000000000
262402;18;5;2015;19:03;0;AV MR HULL;;;0;;Atropelamento;;;;Meio de Quadra;;;0;1;1;1;0;0;0;0;0;0;0;0;;
262404;18;5;2015;19:11;0;AV ANTONIO SALES;;;0;;Colis?úo;;;;Meio de Quadra;;;0;1;0;1;1;0;0;0;0;0;0;0;;
262406;18;5;2015;19:17;0;AV PDE ANTONIO TOMAS;;;0;;Queda;;;;Meio de Quadra;;;0;1;0;0;0;0;0;0;0;1;0;0;;
262407;18;5;2015;19:41;0;RUA DES HERMES PARAHYBA;;;0;;Colis?úo;;;;Meio de Quadra;;;0;1;1;1;0;0;0;0;0;1;0;0;-3,712976000000000;-38,592005000000000
262408;18;5;2015;19:45;0;AV BEZERRA DE MENEZES;;;2690;;Colis?úo;;;;Meio de Quadra;;;0;1;1;1;0;0;0;0;0;1;0;0;-3,736540000000000;-38,568694000000000
262409;18;5;2015;20:41;0;RUA HONORINA MAIA;;;0;;Colis?úo;;;;Meio de Quadra;;;0;1;1;1;0;0;0;0;0;1;0;0;;
271418;18;5;2015;11:25;0;RUA GAL BEZERRIL;;;755;;Colis?úo;Luz do Dia;;;Meio de Quadra;;;0;0;2;0;0;0;0;0;0;0;0;0;-3,729798000000000;-38,526443000000000
271421;18;5;2015;11:26;0;RUA VITAL BRASIL;;;1425;;Colis?úo;Luz do Dia;;;Meio de Quadra;;;0;0;2;0;0;0;0;0;0;0;0;0;-3,779223000000000;-38,593711000000000
271422;18;5;2015;11:31;5333;RUA PRC ISABEL;RUA GAL CLARINDO DE QUEIROZ;;0;;Colis?úo;Luz do Dia;;;Cruz;Pare;Comercial;0;0;2;0;0;0;0;0;0;0;0;0;-3,730592000000000;-38,536711000000000
271426;18;5;2015;11:35;0;RUA METON DE ALENCAR;;;824;;Colis?úo;Luz do Dia;;;Meio de Quadra;;;0;0;2;0;0;0;0;0;0;0;0;0;;
271432;18;5;2015;11:58;5425;RUA VINTE E CINCO DE MARCO;AV HERACLITO GRACA;;0;;Colis?úo;Luz do Dia;;;T;N?úo H?í Controle;Comercial;0;0;2;0;0;0;0;0;0;0;0;0;-3,733706000000000;-38,523905000000000
271434;18;5;2015;14:37;0;AV ALM HENRIQUE SABOIA;;;0;;Colis?úo;Luz do Dia;;;Meio de Quadra;;;0;0;2;0;0;0;0;0;0;0;0;0;;
271436;18;5;2015;15:54;0;RUA CAETANO XIMENES ARAGAO;;;110;;Colis?úo;Luz do Dia;;;Meio de Quadra;;;0;0;2;0;0;0;0;0;0;0;0;0;-3,783202000000000;-38,482263000000000
271438;18;5;2015;16:17;0;RUA OSCAR ARARIPE;;;834;;Colis?úo;Luz do Dia;;;Meio de Quadra;;;0;0;2;0;0;0;0;0;0;0;0;0;-3,791317000000000;-38,598910000000000
271441;18;5;2015;16:50;0;AV JOAO DE ARAUJO LIMA;;;101;;Colis?úo;Luz do Dia;;;Meio de Quadra;;;0;0;2;0;0;0;0;0;0;0;0;0;-3,822148000000000;-38,558284000000000
268859;18;5;2015;17:03;9132;AV 13 DE MAIO;RUA JAIME BENEVOLO;;0;;Colis?úo;Anoitecer;;;Cruz;Sem?íforo;Comercial;0;0;2;0;0;0;0;0;0;0;0;0;-3,748122000000000;-38,530741000000000
268860;18;5;2015;17:04;0;AV SIQUEIRA CAMPOS;;;836;;Colis?úo;Anoitecer;;;Meio de Quadra;;;0;0;2;0;0;0;0;0;0;0;0;0;-3,817679000000000;-38,622825000000000
268866;19;5;2015;08:33;4533;AV DEP PAULINO ROCHA;RUA HUMBERTO TEIXEIRA;;0;;Colis?úo;Luz do Dia;;;T;Pare;Residencial;0;0;2;0;0;0;0;0;0;0;0;0;-3,803937000000000;-38,507895000000000
268874;19;5;2015;08:49;11609;RUA CIDADE RIO BRANCO;RUA VITORIA (AV. PERIMETRAL);;0;;Colis?úo;Luz do Dia;;;;;;0;0;2;0;0;0;0;0;0;0;0;0;-3,766165000000000;-38,589066000000000
268878;19;5;2015;10:29;7446;RUA CLARIM;RUA 05 UI 611;;0;;Colis?úo;Luz do Dia;;;;;;0;0;2;0;0;0;0;0;0;0;0;0;-3,787500000000000;-38,526520000000000
271802;19;5;2015;11:09;0;RUA 03 UI;;;0;;Colis?úo;Luz do Dia;;;Meio de Quadra;;;0;0;2;0;0;0;0;0;0;0;0;0;;
271805;19;5;2015;11:47;0;AV BEIRA MAR;;;4057;;Colis?úo;Luz do Dia;;;Meio de Quadra;;;0;0;2;0;0;0;0;0;0;0;0;0;;
271810;19;5;2015;15:18;0;RUA TIBURCIO CAVALCANTE;;;2960;;Colis?úo;Luz do Dia;;;Meio de Quadra;;;0;0;2;0;0;0;0;0;0;0;0;0;-3,750927000000000;-38,507388000000000
271811;19;5;2015;15:32;7497;RUA PEDRO DANTAS;RUA BOA VENTURA;;0;;Colis?úo;Luz do Dia;;;Cruz;N?úo H?í Controle;Misto;0;0;2;0;0;0;0;0;0;0;0;0;-3,785562000000000;-38,523885000000000
271812;19;5;2015;16:32;10739;RUA PRO MIRAMAR DA PONTE;AV SEN FERNANDES TAVORA;;0;;Colis?úo;Luz do Dia;;;Cruz;Sem?íforo;Misto;0;0;2;0;0;0;0;0;0;0;0;0;-3,760591000000000;-38,585156000000000
271813;19;5;2015;16:33;16034;RUA GAL CORDEIRO NETO;RUA FRANCISCO BENTO;;0;;Choque c/ Obst?ículo Fixo;Luz do Dia;;;;;;0;0;1;0;0;0;0;0;0;0;0;0;-3,813479000000000;-38,572956000000000
271814;19;5;2015;17:37;21607;RUA CON DE CASTRO;RUA LUIS VIEIRA;;0;;Atropelamento;Anoitecer;;;Y;D?¬ Prefer?¬ncia;Residencial;0;0;2;0;0;0;0;0;0;0;0;0;-3,798405000000000;-38,585845000000000
271815;19;5;2015;17:57;0;RUA JOAQUIM TORRES;;;37;;Colis?úo;Anoitecer;;;Meio de Quadra;;;0;0;2;0;0;0;0;0;0;0;0;0;-3,740967000000000;-38,522510000000000
271807;19;5;2015;14:19;0;AV A CJ CEARA;;;755;;Colis?úo;Luz do Dia;;;Meio de Quadra;;;0;0;2;0;0;0;0;0;0;0;0;0;;
271808;19;5;2015;15:11;5255;AV TRISTAO GONCALVES;RUA PEDRO PEREIRA;;0;;Colis?úo;Luz do Dia;;;Cruz;Sem?íforo;Comercial;0;0;2;0;0;0;0;0;0;0;0;0;-3,728075000000000;-38,533489000000000
259482;19;5;2015;15:05;0;RD CE-040;;;0;KM-07;Colis?úo;Luz do Dia;Bom;Seca;Meio de Quadra;;;0;0;2;1;0;0;1;0;0;0;0;0;-3,817953000000000;-38,483160000000000
259534;19;5;2015;16:10;0;RD CE-040;;;0;KM-08;Colis?úo Traseira;Luz do Dia;Bom;Seca;Meio de Quadra;;;0;0;2;1;0;0;0;0;0;0;0;0;-3,823332000000000;-38,481317000000000
259561;19;5;2015;17:35;0;AV SEN CARLOS JEREISSATI (AEROPORTO);;;0;KM 01;Colis?úo Traseira;Anoitecer;Bom;Seca;Meio de Quadra;;;0;0;2;1;0;0;0;0;0;0;0;0;-3,783803000000000;-38,520356000000000
259562;19;5;2015;21:30;0;AV SEN CARLOS JEREISSATI (AEROPORTO);;;0;KM 03;Colis?úo;;Bom;Seca;Meio de Quadra;;;0;0;2;1;0;0;0;0;0;0;0;0;-3,780382000000000;-38,541414000000000
268937;19;5;2015;16:21;2326;RUA SEN ROBERT KENNEDY;AV PRS CASTELO BRANCO;;0;;Colis?úo;Luz do Dia;;;Cruz;Sem?íforo;Residencial;0;0;2;0;0;0;0;0;0;0;0;0;-3,704117000000000;-38,579042000000000
269040;19;5;2015;17:35;0;AV PRO JOSE ARTHUR CARVALHO;;;75;;Colis?úo;Anoitecer;;;Meio de Quadra;;;0;0;2;0;0;0;0;0;0;0;0;0;-3,825954000000000;-38,476820000000000
262415;19;5;2015;06:44;0;AV PRS CASTELO BRANCO;;;0;;Colis?úo;Luz do Dia;;;Meio de Quadra;;;0;1;1;1;0;0;0;0;0;1;0;0;;
262412;19;5;2015;02:30;0;RUA CEL GONCALO D46;;;0;;Colis?úo;;;;Meio de Quadra;;;0;1;1;1;0;0;0;0;0;1;0;0;;
262413;19;5;2015;05:26;0;AV AGUANAMBI;;;0;;Queda;Amanhecer;;;Meio de Quadra;;;0;1;0;0;0;0;0;0;0;1;0;0;;
262430;19;5;2015;07:36;0;AV PERIMETRAL;;;0;;Colis?úo;Luz do Dia;;;Meio de Quadra;;;0;1;1;0;0;0;0;0;0;1;0;0;;
262435;19;5;2015;10:22;14952;RUA CON DE CASTRO;RUA FERNANDO FARIAS DE MELO (MANUEL S?üTIRO);;0;;Colis?úo;Luz do Dia;;;Duplo T;Pare;Residencial;0;1;1;1;0;0;0;0;0;1;0;0;-3,790043000000000;-38,578102000000000
262436;19;5;2015;17:13;0;AV PERIMETRAL;;;0;;Colis?úo;Anoitecer;;;Meio de Quadra;;;0;1;0;0;0;0;0;0;0;0;0;0;;
262437;19;5;2015;17:17;0;AV JOSE BASTOS;;;0;;Queda;Anoitecer;;;Meio de Quadra;;;0;1;0;0;0;0;0;0;0;1;0;0;;
262438;19;5;2015;20:43;0;AV GAL OSORIO DE PAIVA;;;0;;Colis?úo;;;;Meio de Quadra;;;0;1;1;1;0;0;0;0;0;1;0;0;-3,786687000000000;-38,583944000000000
262432;19;5;2015;08:28;0;RUA ADUALDO BATISTA;;;0;;Colis?úo;Luz do Dia;;;Meio de Quadra;;;0;1;1;0;0;0;0;0;0;1;0;0;;
262433;19;5;2015;08:41;0;AV PERIMETRAL;;;0;;Queda;Luz do Dia;;;Meio de Quadra;;;0;1;0;0;0;0;0;0;0;1;0;0;;
256826;19;5;2015;17:00;9189;RUA MARIO MAMEDE;RUA CAMPO AMOR ROCHA;;0;;Colis?úo Transversal;Anoitecer;Bom;Seca;Cruz;Outros;Residencial;0;0;2;1;0;0;0;0;0;1;0;0;-3,754388000000000;-38,525444000000000
258928;19;5;2015;07:10;0;RD BR 116;;;4000;KM-04;Colis?úo Traseira;Luz do Dia;Bom;Seca;Meio de Quadra;N?úo H?í Controle;Comercial;0;0;3;1;0;0;0;0;0;0;0;0;-3,788331000000000;-38,510646000000000
263091;19;5;2015;14:00;23748;RUA LEAO DO NORTE;RUA CON DE CASTRO;;0;;Colis?úo;Luz do Dia;;;T;Pare;Misto;0;1;0;1;0;0;0;0;0;1;0;0;-3,786042000000000;-38,574385000000000
261442;19;5;2015;11:13;0;AV ABOLICAO;;;0;;Colis?úo;Luz do Dia;;;Meio de Quadra;;;0;0;3;1;0;0;1;0;0;0;0;0;;
261443;19;5;2015;14:03;7718;AV CARNEIRO DE MENDONCA;AV JOSE BASTOS;;0;;Colis?úo;Luz do Dia;;;Cruz;Sem?íforo;Comercial;0;0;3;1;0;0;0;0;0;0;0;0;-3,764109000000000;-38,566759000000000
261447;19;5;2015;15:47;6788;RUA DES WALDETARIO P MOTA;AV SANTOS DUMONT;;0;;Colis?úo;Luz do Dia;;;Cruz;Sem?íforo;Misto;0;0;2;1;0;0;0;0;0;0;0;0;-3,741093000000000;-38,483309000000000
251505;19;5;2015;;7895;RUA VICENTE LEITE;RUA ISRAEL BEZERRA;;0;;Colis?úo Transversal;Luz do Dia;Bom;Seca;Cruz;Pare;Residencial;0;0;2;1;0;0;0;0;0;0;0;0;-3,748584000000000;-38,499075000000000
251483;19;5;2015;18:30;0;RUA JULIO BRAGA;;;1146;;Colis?úo Transversal;Anoitecer;Bom;Seca;Meio de Quadra;;;0;1;1;1;0;0;0;0;0;1;0;0;-3,775421000000000;-38,581361000000000
251484;19;5;2015;07:20;19952;AV LUCIANO CARNEIRO;RUA FRANCISCO LORDA;;0;;Colis?úo Traseira;Luz do Dia;Bom;Seca;Cruz;Sem?íforo;Comercial;0;0;2;0;1;0;0;0;0;0;0;0;-3,760835000000000;-38,535431000000000
251485;19;5;2015;01:45;0;AV FRANCISCO SA;;;7390;;Colis?úo Transversal;Luz do Dia;Bom;Seca;Meio de Quadra;N?úo H?í Controle;Residencial;0;0;2;1;0;0;0;0;0;0;0;0;-3,707028000000000;-38,584964000000000
251486;19;5;2015;09:30;1289;AV SANTOS DUMONT;RUA SILVA PAULET;;0;;Colis?úo Transversal;Luz do Dia;;;Cruz;Pare;Comercial;0;1;1;0;0;0;0;0;0;1;0;0;-3,733985000000000;-38,505258000000000
251487;19;5;2015;19:10;11285;RUA FRANCISCO GLICERIO;RUA CARLOS STUDART;;0;;Colis?úo Transversal;Via Iluminada;Bom;Seca;Cruz;Pare;Comercial;0;0;1;1;0;0;0;0;0;0;0;0;-3,796234000000000;-38,568900000000000
251488;19;5;2015;16:45;1413;RUA BARBARA DE ALENCAR;RUA JOAO CORDEIRO;;0;;Colis?úo Lateral;Via Iluminada;Bom;Seca;Cruz;Pare;Residencial;0;0;2;1;0;0;0;0;0;0;0;0;-3,737041000000000;-38,516987000000000
251489;19;5;2015;13:30;0;RUA ANTONIO TEIXEIRA LEITE;;;796;;Colis?úo;Luz do Dia;Bom;Seca;Meio de Quadra;N?úo H?í Controle;Residencial;0;1;1;1;0;0;0;0;0;1;0;0;;
251490;19;5;2015;;0;AV DOMINGOS OLIMPIO;;;123;;Colis?úo Lateral;Luz do Dia;Bom;Seca;;;;0;0;2;1;0;0;1;0;0;0;0;0;-3,738657000000000;-38,524692000000000
251491;19;5;2015;17:30;25003;AV DR THEBERGE;AV SGT HERMINIO SAMPAIO;;0;;Colis?úo Lateral;Via Iluminada;Bom;Seca;Cruz;Sem?íforo Manual;Comercial;0;1;1;1;0;0;1;0;0;0;0;0;-3,727916000000000;-38,569276000000000
251492;19;5;2015;09:00;5030;AV ALM BARROSO;RUA ALM JACEGUAI;;0;;Colis?úo Lateral;Luz do Dia;Bom;Seca;T;Sem?íforo;Comercial;0;0;2;1;0;0;1;0;0;0;0;0;-3,720749000000000;-38,519363000000000
251493;19;5;2015;15:30;17357;RUA ALAN KARDEC;RUA QUEIROZ RIBEIRO;;0;;Colis?úo Transversal;Luz do Dia;Bom;Seca;Cruz;Pare;Residencial;0;0;2;1;0;0;0;0;0;0;0;0;-3,765962000000000;-38,548436000000000
251494;19;5;2015;09:50;0;AV VICENTE DE CASTRO;;;4753;;Colis?úo Traseira;;Bom;Seca;Meio de Quadra;N?úo H?í Controle;Comercial;0;0;3;1;0;0;1;0;0;0;0;0;-3,721439000000000;-38,478637000000000
251495;19;5;2015;09:00;5153;RUA TEN BENEVOLO;RUA RODRIGUES JUNIOR;;0;;Colis?úo Traseira;Luz do Dia;Bom;Seca;T;N?úo H?í Controle;Residencial;0;0;3;1;0;0;0;0;0;0;0;0;-3,724892000000000;-38,518746000000000
251496;19;5;2015;10:30;0;RUA CEL MANUEL ANTONIO LEITE;;;243;;Colis?úo Transversal;Luz do Dia;Bom;Seca;Meio de Quadra;Pare;Misto;0;0;2;1;1;0;0;0;0;0;0;0;;
251497;19;5;2015;23:40;0;AV 13 DE MAIO;;;441;;Colis?úo Lateral;Via Iluminada;Bom;Seca;Outros;Outros;Comercial;0;1;1;1;0;0;0;0;0;1;0;0;-3,752697000000000;-38,525376000000000
251498;19;5;2015;12:30;15238;RUA TEN BENEVOLO;RUA BAR ARACATI;;0;;Colis?úo Lateral;Luz do Dia;Bom;Seca;Cruz;Pare;Residencial;0;0;2;1;0;0;0;1;0;0;0;0;-3,727628000000000;-38,510266000000000
251499;19;5;2015;11:15;0;AV CARAPINIMA;;;2306;;Colis?úo Traseira;Luz do Dia;Bom;Seca;Meio de Quadra;N?úo H?í Controle;Misto;0;2;0;1;0;0;0;0;0;1;0;0;-3,740113000000000;-38,540353000000000
251500;19;5;2015;06:40;0;AV PRS CASTELO BRANCO;;;4310;;Colis?úo Lateral;;Bom;Seca;Meio de Quadra;;Misto;0;1;1;1;0;0;0;0;0;1;0;0;-3,707560000000000;-38,570717000000000
251501;19;5;2015;07:15;0;AV JOAO PESSOA;;;6330;;Colis?úo Lateral;Luz do Dia;Bom;Seca;Meio de Quadra;N?úo H?í Controle;Comercial;0;1;1;1;0;0;0;0;0;1;0;0;-3,765695000000000;-38,559172000000000
251502;19;5;2015;23:00;17428;RUA ALBERTO MAGNO;RUA CESAR ROSSAS;;0;;Colis?úo Transversal;Via Iluminada;Bom;Seca;Cruz;Sem?íforo;Comercial;0;0;2;1;0;0;1;0;0;0;0;0;-3,768561000000000;-38,552686000000000
251503;19;5;2015;18:30;23557;AV GOV RAUL BARBOSA;RUA BELISARIO TAVORA;;0;;Colis?úo Lateral;Anoitecer;Bom;Seca;T;Pare;Comercial;0;1;1;1;0;0;0;0;0;1;0;0;-3,761108000000000;-38,505537000000000
251504;20;5;2015;06:45;12871;RUA BAR ARATANHA;RUA JOAQUIM MAGALHAES;;0;;Colis?úo Transversal;Luz do Dia;Bom;Seca;Cruz;Pare;Residencial;0;0;2;1;0;0;0;0;0;0;0;0;-3,739716000000000;-38,528666000000000
251506;20;5;2015;19:30;0;RUA DR THOMPSON BULCAO;;;850;;Colis?úo;Via Iluminada;Bom;Seca;Meio de Quadra;N?úo H?í Controle;Comercial;0;1;1;0;1;1;0;0;0;0;0;0;;
251508;20;5;2015;13:00;19657;RUA PRO RAIMUNDO ARRUDA;AV BEZERRA DE MENEZES;;0;;Colis?úo Lateral;Luz do Dia;Bom;Seca;Cruz;Sem?íforo;Comercial;0;0;2;0;0;0;1;0;1;0;0;0;-3,733126000000000;-38,552148000000000
251510;20;5;2015;17:00;9176;AV AGUANAMBI;AV EDUARDO GIRAO;;0;;Colis?úo;Luz do Dia;Bom;Seca;Rotat??ria;N?úo H?í Controle;Comercial;0;0;2;1;0;0;1;0;0;0;0;0;-3,755303000000000;-38,523639000000000
251529;20;5;2015;12:50;307;RUA DOM JOSE LOURENCO  D27;RUA DAMIAO FERNANDES;;0;;Colis?úo Lateral;Luz do Dia;Bom;Seca;Cruz;N?úo H?í Controle;Residencial;0;0;2;1;0;0;0;0;0;0;0;0;-3,743795000000000;-38,557869000000000
251536;20;5;2015;18:45;5371;RUA GAL CLARINDO DE QUEIROZ;RUA VINTE E QUATRO DE MAIO;;0;;Colis?úo Transversal;Via Iluminada;Bom;Seca;Cruz;Pare;Comercial;0;0;2;1;0;0;0;0;0;0;0;0;-3,731621000000000;-38,533532000000000
251538;20;5;2015;06:20;19696;RUA GUSTAVO SAMPAIO;RUA DOM JOSE LOURENCO  D27;;0;;Colis?úo Transversal;Luz do Dia;Bom;Seca;Cruz;Pare;Comercial;0;1;1;0;0;0;0;0;0;1;0;0;-3,735880000000000;-38,559501000000000
251524;20;5;2015;10:11;0;AV CENTRAL ALA OESTE;;;0;;Colis?úo Transversal;Luz do Dia;Bom;Seca;Meio de Quadra;Pare;Comercial;0;0;2;1;0;0;0;0;0;0;0;0;;
251520;20;5;2015;14:05;0;AV ALBERTO NEPOMUCENO;;;0;;Colis?úo Lateral;Luz do Dia;Bom;Seca;Meio de Quadra;Sem?íforo Manual;Comercial;0;0;2;1;0;0;0;0;0;0;0;0;;
251517;20;5;2015;13:50;13536;AV RUI BARBOSA;RUA JULIO SIQUEIRA;;0;;Colis?úo Transversal;Luz do Dia;Bom;Seca;T;Pare;Misto;0;0;2;1;0;0;0;0;0;0;0;0;-3,748103000000000;-38,513332000000000
251515;20;5;2015;16:00;0;RUA MARCOS MACEDO;;;470;;Colis?úo Transversal;Luz do Dia;Bom;Seca;Meio de Quadra;Pare;Comercial;0;0;2;1;0;0;0;0;0;0;0;0;-3,734403000000000;-38,497213000000000
251513;20;5;2015;07:40;11069;RUA SUECIA;RUA EQUADOR;;0;;Colis?úo Transversal;Luz do Dia;Bom;Seca;Cruz;Pare;Residencial;0;0;2;1;0;0;0;0;0;0;0;0;-3,784449000000000;-38,557111000000000
261451;20;5;2015;16:17;0;AV CARNEIRO DE MENDONCA;;;0;;Colis?úo;Luz do Dia;;;Meio de Quadra;;;0;0;2;1;0;0;0;0;0;0;0;0;;
261449;20;5;2015;09:25;5434;AV DOM MANUEL;AV HERACLITO GRACA;;0;;Colis?úo;Luz do Dia;;;Cruz;Sem?íforo;Comercial;0;0;2;1;1;0;0;0;0;0;0;0;-3,734013000000000;-38,522952000000000
261453;20;5;2015;15:33;0;AV BEZERRA DE MENEZES;;;1820;;Colis?úo;Luz do Dia;;;Meio de Quadra;;;0;0;2;0;0;0;0;0;0;0;0;0;-3,734929000000000;-38,560902000000000
261531;20;5;2015;17:59;0;RUA AFONSO HENRIQUE;;;1285;;Colis?úo;Anoitecer;;;Meio de Quadra;;;0;0;2;0;1;0;0;0;0;0;0;0;-3,827090000000000;-38,479835000000000
261532;20;5;2015;23:45;0;RUA CON DE CASTRO;;;0;;Colis?úo;;;;Meio de Quadra;;;0;0;2;1;0;0;0;0;0;0;0;0;;
253022;20;5;2015;10:30;0;RD BR 116;;;6000;KM-06;Choque c/ Obst?ículo Fixo;Luz do Dia;Bom;Seca;Meio de Quadra;N?úo H?í Controle;Comercial;0;0;1;1;0;0;0;0;0;0;0;0;-3,804691000000000;-38,503053000000000