COD_ACIDENTE;DIA;MES;ANO;HORA;INTERSECAO;LOG1;LOG2;LOG3;NUMERO;REFERENCIA;NATUREZA;ILUMINACAO;TEMPO;SUPERFICIEPISTA;TIPOCRUZAMENTO;CONTROLETRAFEGO;USOSOLO;MORTOS;FERIDOS;ILESOS;AUTOMOVEL;ONIBUS;BICICLETA;CAMINHAO;MICROONIBUS;CICLOMOTOR;MOTOCICLETA;TRACAOANIMAL;TREM;LATITUDE;LONGITUDE
258930;20;5;2015;06:50;0;RD BR 116;;;9000;KM-09;Colis?úo Traseira;Luz do Dia;Bom;Seca;Meio de Quadra;N?úo H?í Controle;Comercial;0;0;2;1;0;0;1;0;0;0;0;0;-3,830837000000000;-38,504865000000000
258932;20;5;2015;19:35;0;RD BR 116;;;11000;KM-11;Colis?úo Lateral;Via Iluminada;Bom;Seca;Meio de Quadra;N?úo H?í Controle;Comercial;0;1;1;1;0;0;0;0;0;1;0;0;-3,847160000000000;-38,497176000000000
258965;20;5;2015;09:10;0;RD BR 222;;;0;KM-02;Colis?úo Lateral;Luz do Dia;Bom;Seca;Meio de Quadra;N?úo H?í Controle;Comercial;0;0;2;0;0;0;0;0;0;0;0;0;-3,738951000000000;-38,586880000000000
251547;20;5;2015;06:50;24987;AV ANTONIO SALES;AV ALM HENRIQUE SABOIA;;0;;Colis?úo Traseira;Luz do Dia;Bom;Seca;Y;Outros;Comercial;0;0;2;1;1;0;0;0;0;0;0;0;-3,748334000000000;-38,492911000000000
251545;20;5;2015;06:00;0;AV SGT HERMINIO SAMPAIO;;;0;;Colis?úo Lateral;Luz do Dia;Bom;Seca;Meio de Quadra;Pare;Residencial;0;1;1;1;0;0;0;0;0;1;0;0;;
251550;20;5;2015;01:30;0;AV GAL OSORIO DE PAIVA;;;4711;;Colis?úo Lateral;Via Iluminada;Bom;Seca;Meio de Quadra;N?úo H?í Controle;Residencial;0;0;2;1;0;0;0;0;0;0;0;0;;
251555;20;5;2015;13:35;12398;AV LINEU MACHADO;ET PICI;;0;;Colis?úo Transversal;Luz do Dia;Bom;Seca;Cruz;Pare;Misto;0;2;1;1;0;0;0;0;0;1;0;0;-3,767407000000000;-38,577683000000000
251557;20;5;2015;10:20;12520;AV AUGUSTO DOS ANJOS;RUA ALUISIO AZEVEDO;;0;;Colis?úo Lateral;Luz do Dia;Bom;Seca;T;Sem?íforo;Comercial;0;1;1;1;0;0;0;0;0;1;0;0;-3,773439000000000;-38,573164000000000
251563;20;5;2015;12:30;0;AV DEP PAULINO ROCHA;;;1004;;Colis?úo Traseira;Luz do Dia;Bom;Seca;Meio de Quadra;Gesto;Residencial;0;0;3;1;0;0;0;0;0;0;0;0;;
251559;20;5;2015;07:50;9287;AV BORGES DE MELO;AV DOS EXPEDICIONARIOS;;0;;Colis?úo Transversal;Luz do Dia;Bom;Seca;Cruz;Sem?íforo;Comercial;0;1;1;1;0;0;0;0;0;1;0;0;-3,753391000000000;-38,537674000000000
251567;20;5;2015;09:30;7258;AV ODILON GUIMARAES;RUA FRANCISCO LEANDRO;;0;;Colis?úo Traseira;Luz do Dia;Bom;Seca;Cruz;Sem?íforo;Outros;0;1;1;0;1;0;1;0;0;0;0;0;-3,824509000000000;-38,478709000000000
251568;20;5;2015;07:30;17342;AV PRO GOMES DE MATOS;RUA ALAN KARDEC;;0;;Colis?úo Lateral;Luz do Dia;Bom;Seca;Cruz;Sem?íforo;Comercial;0;0;2;1;0;0;0;0;0;0;0;0;-3,765321000000000;-38,549213000000000
251569;20;5;2015;13:10;15802;RUA CEL JOAQUIM BEZERRA;RUA CAP AFRANIO;;0;;Colis?úo Transversal;Luz do Dia;Bom;Seca;T;N?úo H?í Controle;Comercial;0;0;2;1;0;0;0;0;0;0;0;0;-3,831313000000000;-38,495297000000000
251574;20;5;2015;08:30;0;AV DIOGUINHO;;;4740;;Atropelamento;Luz do Dia;Bom;Seca;Meio de Quadra;N?úo H?í Controle;Residencial;1;1;0;0;0;0;0;0;0;1;0;0;-3,756047000000000;-38,445893000000000
251575;20;5;2015;00:20;4006;RUA EDITE BRAGA;RUA DES PRAXEDES;;0;;Colis?úo Traseira;Via Iluminada;Bom;Seca;Cruz;Pare;Comercial;0;0;2;1;0;0;0;0;0;0;0;0;-3,760633000000000;-38,547472000000000
251571;20;5;2015;10:30;0;AV JOSE BASTOS;;;3204;;Engavetamento;Luz do Dia;Bom;Seca;Meio de Quadra;N?úo H?í Controle;Comercial;0;0;4;1;0;0;0;0;0;0;0;0;;
251578;20;5;2015;15:30;13566;AV RUI BARBOSA;RUA CASTRO ALVES;;0;;Colis?úo Lateral;Luz do Dia;Bom;Seca;T;Pare;Comercial;0;0;2;1;0;0;0;0;0;0;0;0;-3,750012000000000;-38,513946000000000
251581;20;5;2015;08:00;25186;RUA VER PEDRO PAULO MOREIRA;RUA REPUBLICA ARMENIA;;0;;Colis?úo Lateral;;Bom;Seca;Cruz;Pare;Comercial;0;0;2;0;1;0;0;0;0;0;0;0;-3,787002000000000;-38,481560000000000
251582;20;5;2015;08:50;26118;RUA JOSE B PARENTE D59;AV ALM MAXIMIANO DA FONSECA;;0;;Colis?úo Lateral;Luz do Dia;Bom;Seca;T;Pare;Misto;0;0;2;1;0;0;0;0;0;0;0;0;-3,771301000000000;-38,485100000000000
251584;20;5;2015;14:30;0;RUA BARBARA DE ALENCAR;;;50;;Colis?úo Lateral;Luz do Dia;Bom;Seca;Meio de Quadra;;Comercial;0;0;2;0;0;0;0;0;0;0;0;0;-3,734944000000000;-38,523339000000000
251587;20;5;2015;14:30;0;AV DOMINGOS OLIMPIO;;;247;;Colis?úo Traseira;Luz do Dia;Bom;Seca;Meio de Quadra;N?úo H?í Controle;Comercial;0;0;2;1;0;0;0;0;0;0;0;0;-3,737804000000000;-38,527167000000000
257336;20;5;2015;04:45;0;AV AGUANAMBI;;;1980;VIADUTO-13 DE MAIO;Choque c/ Obst?ículo Fixo;;;;Meio de Quadra;;;0;1;0;0;0;0;0;0;0;0;0;0;-3,753895000000000;-38,523477000000000
262466;20;5;2015;21:39;0;AV RECREIO D64;;;1750;;Queda;;;;Meio de Quadra;;;0;1;0;0;0;0;0;0;0;1;0;0;;
262467;20;5;2015;23:09;0;RUA BERNARDO MANUEL;;;108685;;Colis?úo;;;;Meio de Quadra;;;0;2;0;1;0;0;0;0;0;1;0;0;;
262439;20;5;2015;00:32;0;RUA CAMPO BOM;;;0;;Colis?úo;;;;Meio de Quadra;;;0;1;1;1;0;1;0;0;0;0;0;0;;
262440;20;5;2015;07:33;0;AV EXPEDICIONARIOS (INVALIDA);;;0;;Colis?úo;Luz do Dia;;;Meio de Quadra;;;0;1;1;1;0;0;0;0;0;1;0;0;;
262441;20;5;2015;07:35;0;AV WASHINGTON SOARES;;;0;;Colis?úo;Luz do Dia;;;Meio de Quadra;;;0;1;1;1;0;0;0;0;0;1;0;0;;
262442;20;5;2015;08:10;266;AV JOVITA FEITOSA;RUA ERICO MOTA;;0;;Queda;Luz do Dia;;;Cruz;Sem?íforo;Comercial;0;1;0;0;0;0;0;0;0;1;0;0;-3,740938000000000;-38,561850000000000
262443;20;5;2015;11:46;10842;RUA PRO HERIBALDO COSTA;RUA CUIABA;;0;;Colis?úo;Luz do Dia;;;Cruz;Pare;Residencial;0;1;1;0;0;0;0;0;0;1;0;0;-3,764961000000000;-38,586471000000000
262444;20;5;2015;09:27;0;AV ZEZE DIOGO;;;0;;Colis?úo;Luz do Dia;;;Meio de Quadra;;;0;1;1;1;0;0;0;0;0;1;0;0;;
262445;20;5;2015;12:36;0;AV GOV RAUL BARBOSA;;;0;;Colis?úo;Luz do Dia;;;Meio de Quadra;;;0;1;1;1;0;0;0;0;0;1;0;0;-3,767301000000000;-38,509259000000000
262446;20;5;2015;13:42;0;AV BORGES DE MELO;;;0;;Atropelamento;Luz do Dia;;;Meio de Quadra;;;0;1;1;0;0;0;0;0;0;0;0;0;;
262447;20;5;2015;13:56;0;RUA PEDRO MELO;;;0;;Colis?úo;Luz do Dia;;;Meio de Quadra;;;0;1;1;1;0;0;0;0;0;1;0;0;;
262448;20;5;2015;14:58;0;AV CENTRAL;;;0;;Colis?úo;Luz do Dia;;;Meio de Quadra;;;0;1;1;1;0;0;0;0;0;1;0;0;;
262449;20;5;2015;15:27;11259;AV BENJAMIM BRASIL;RUA PAURILO BARROSO;;0;;Colis?úo;Luz do Dia;;;Cruz;N?úo H?í Controle;Residencial;0;1;1;1;0;0;0;0;0;1;0;0;-3,803725000000000;-38,570528000000000
262450;20;5;2015;17:51;0;RUA CEL JOAO CORREIA;;;0;;Colis?úo;Anoitecer;;;Meio de Quadra;;;0;1;1;1;0;0;0;0;0;1;0;0;;
262451;20;5;2015;18:13;0;RD BR 116;;;0;;Queda;Anoitecer;;;Meio de Quadra;;;0;1;0;0;0;0;0;0;0;1;0;0;;
262452;20;5;2015;18:46;0;AV BEZERRA DE MENEZES;;;0;;Atropelamento;;;;Meio de Quadra;;;0;1;1;1;0;0;0;0;0;0;0;0;;
262453;20;5;2015;19:27;0;RUA PRO VIRGILIO DE MORAIS;;;0;;Atropelamento;;;;Meio de Quadra;;;0;1;1;0;1;0;0;0;0;0;0;0;-3,751655000000000;-38,596727000000000
262454;20;5;2015;19:53;0;AV JOAO PESSOA;;;0;;Colis?úo;;;;Meio de Quadra;;;0;1;1;0;0;0;0;0;0;1;0;0;;
262455;20;5;2015;19:53;0;RD BR 116;;;11000;KM-11;Colis?úo;;;;Meio de Quadra;;;0;1;1;1;0;0;0;0;0;1;0;0;-3,847160000000000;-38,497176000000000
262456;20;5;2015;20:54;0;AV PRS CASTELO BRANCO;;;0;;Atropelamento;;;;Meio de Quadra;;;0;1;1;1;0;0;0;0;0;0;0;0;;
269042;20;5;2015;08:01;0;AV MOZART PINHEIRO DE LUCENA;;;1201;;Colis?úo;Luz do Dia;;;Meio de Quadra;;;0;0;2;0;0;0;0;0;0;0;0;0;-3,713405000000000;-38,594291000000000
269044;20;5;2015;15:13;0;RUA MIN ALBUQUERQUE LIMA;;;740;;Colis?úo;Luz do Dia;;;Meio de Quadra;;;0;0;2;0;0;0;0;0;0;0;0;0;-3,769892000000000;-38,606286000000000
269045;20;5;2015;15:40;0;AV ANTONIO SALES;;;20;;Colis?úo;Luz do Dia;;;Meio de Quadra;;;0;0;2;0;0;0;0;0;0;0;0;0;-3,738981000000000;-38,522837000000000
269046;20;5;2015;15:46;0;RUA PESSOA ANTA;;;531;;Colis?úo;Luz do Dia;;;Meio de Quadra;;;0;0;2;0;0;0;0;0;0;0;0;0;;
269048;20;5;2015;16:19;3779;RUA VINTE E QUATRO DE MAIO;RUA ANTONIO POMPEU;;0;;Colis?úo;Luz do Dia;;;Cruz;Pare;Comercial;0;0;2;0;0;0;0;0;0;0;0;0;-3,733667000000000;-38,534186000000000
269049;20;5;2015;17:15;2614;AV CEL CARVALHO;RUA DES HERMES PARAHYBA;;0;;Colis?úo;Anoitecer;;;Cruz;Sem?íforo;Misto;0;0;2;0;0;0;0;0;0;0;0;0;-3,713855000000000;-38,588830000000000
269051;20;5;2015;19:54;1547;RUA CAROLINA SUCUPIRA;AV DES MOREIRA;;0;;Colis?úo;;;;Cruz;Sem?íforo;Comercial;0;0;2;0;0;0;0;0;0;0;0;0;-3,741192000000000;-38,499948000000000
269052;20;5;2015;21:09;0;RUA JOAQUIM LEITAO;;;1000;;Colis?úo;;;;Meio de Quadra;;;0;0;2;0;0;0;0;0;0;0;0;0;-3,747156000000000;-38,591684000000000
269057;20;5;2015;22:59;15835;RUA MANUEL CASTELO BRANCO;RUA CEL DIONISIO ALENCAR;;0;;Colis?úo;;;;Cruz;Pare;Comercial;0;0;2;0;0;0;0;0;0;0;0;0;-3,832973000000000;-38,488281000000000
269059;20;5;2015;23:34;11081;AV DOS EXPEDICIONARIOS;RUA ACAPULCO;;0;;Colis?úo;;;;T;Pare;Comercial;0;0;2;0;0;0;0;0;0;0;0;0;-3,791592000000000;-38,549244000000000
269060;20;5;2015;23:35;0;AV ALM MAXIMIANO DA FONSECA;;;544;;Colis?úo;;;;Meio de Quadra;;;0;0;2;0;0;0;0;0;0;0;0;0;;
268988;20;5;2015;23:32;18735;RUA VALPARAISO;RUA 1 CJ HAB ST SAO JOAO;;0;;Colis?úo;;;;Cruz;Pare;Comercial;0;0;2;0;0;0;0;0;0;0;0;0;-3,846389000000000;-38,519542000000000
271843;20;5;2015;08:25;0;RUA RUI MONTE;;;0;;Colis?úo;Luz do Dia;;;Meio de Quadra;;;0;0;2;0;0;0;0;0;0;0;0;0;;
271850;20;5;2015;08:39;21376;AV JOVITA FEITOSA;RUA PRO NOGUEIRA;;0;;Colis?úo;Luz do Dia;;;Cruz;Pare;Comercial;0;0;2;0;0;0;0;0;0;0;0;0;-3,738280000000000;-38,548839000000000
271852;20;5;2015;09:28;0;RUA RANGEL PESTANA;;;1342;;Colis?úo;Luz do Dia;;;Meio de Quadra;;;0;0;2;0;0;0;0;0;0;0;0;0;-3,789595000000000;-38,466669000000000
271854;20;5;2015;10:02;5345;AV VIS RIO BRANCO;RUA PEDRO PEREIRA;;0;;Colis?úo;Luz do Dia;;;;;;0;0;2;0;0;0;0;0;0;0;0;0;-3,730803000000000;-38,525198000000000
271857;20;5;2015;10:53;1337;AV SANTOS DUMONT;RUA OSVALDO CRUZ (ALDEOTA);;0;;Colis?úo;Luz do Dia;;;Cruz;Sem?íforo;Comercial;0;0;2;0;0;0;0;0;0;0;0;0;-3,735602000000000;-38,500317000000000
271860;20;5;2015;11:08;24293;RUA DELMIRO GOUVEIA;RUA JULIO ABREU;;0;;Colis?úo;Luz do Dia;;;Cruz;Pare;Comercial;0;0;2;0;0;0;0;0;0;0;0;0;-3,735900000000000;-38,488072000000000
271868;20;5;2015;14:22;0;RUA EUZEBIO DE QUEIROS;;;0;;Colis?úo;Luz do Dia;;;Meio de Quadra;;;0;0;2;0;0;0;0;0;0;0;0;0;;
271869;20;5;2015;14:24;0;AV CEL CARVALHO;;;3131;;Colis?úo;Luz do Dia;;;Meio de Quadra;;;0;0;2;0;0;0;0;0;0;0;0;0;-3,731406000000000;-38,584600000000000
271870;20;5;2015;14:25;15173;AV BEIRA MAR;RUA OSVALDO CRUZ (ALDEOTA);;0;;Colis?úo;Luz do Dia;;;Cruz;N?úo H?í Controle;Comercial;0;0;2;0;0;0;0;0;0;0;0;0;-3,725649000000000;-38,497108000000000
271871;20;5;2015;14:41;0;RUA SEN ROBERT KENNEDY;;;976;;Colis?úo;Luz do Dia;;;Meio de Quadra;;;0;0;2;0;0;0;0;0;0;0;0;0;-3,708627000000000;-38,581177000000000
271875;20;5;2015;15:53;0;AV ALBERTO CRAVEIRO;;;0;;Colis?úo;Luz do Dia;;;Meio de Quadra;;;0;0;2;0;0;0;0;0;0;0;0;0;;
271878;20;5;2015;16:20;0;RUA PDE PEDRO DE ALENCAR;;;671;;Colis?úo;Luz do Dia;;;Meio de Quadra;;;0;0;2;0;0;0;0;0;0;0;0;0;-3,833830000000000;-38,494078000000000
271884;20;5;2015;16:56;13478;RUA PINHO PESSOA;RUA ILDEFONSO ALBANO;;0;;Colis?úo;Luz do Dia;;;Cruz;Pare;Residencial;0;0;2;0;0;0;0;0;0;0;0;0;-3,744667000000000;-38,517011000000000
271885;20;5;2015;17:39;0;TR DOM JOSE LOURENCO  D27;;;105;;Colis?úo;Anoitecer;;;Meio de Quadra;;;0;0;2;0;0;0;0;0;0;0;0;0;-3,737587000000000;-38,559004000000000
271886;20;5;2015;19:45;0;AV MAJ ASSIS;;;1522;;Atropelamento;;;;Meio de Quadra;;;0;0;2;0;0;0;0;0;0;0;0;0;-3,722495000000000;-38,593022000000000
271887;20;5;2015;22:02;17412;RUA ALBERTO MAGNO;RUA BAR SOBRAL;;0;;Colis?úo;;;;Cruz;Sem?íforo;Comercial;0;0;2;0;0;0;0;0;0;0;0;0;-3,767991000000000;-38,552417000000000
271881;20;5;2015;16:34;9243;AV EDUARDO GIRAO;AV DOS EXPEDICIONARIOS;;0;;Colis?úo;Luz do Dia;;;Cruz;Sem?íforo;Comercial;0;0;2;0;0;0;0;0;0;0;0;0;-3,750712000000000;-38,536849000000000
271882;20;5;2015;16:41;0;RUA ANTONIO BARBOSA;;;0;;Colis?úo;Luz do Dia;;;Meio de Quadra;;;0;0;2;0;0;0;0;0;0;0;0;0;;
271889;20;5;2015;22:17;22070;RUA JOSE FACANHA;RUA PAPI JUNIOR;;0;;Colis?úo;;;;Cruz;Outros;Residencial;0;0;2;0;0;0;0;0;0;0;0;0;-3,752136000000000;-38,557265000000000
271836;20;5;2015;05:50;0;AV FRE CIRILO;;;0;;Choque c/ Obst?ículo Fixo;Amanhecer;;;Meio de Quadra;;;0;0;1;0;0;0;0;0;0;0;0;0;;
271840;20;5;2015;07:35;0;AV C CJ NOVA ASSUNCAO;;;0;;Colis?úo;Luz do Dia;;;Meio de Quadra;;;0;0;2;0;0;0;0;0;0;0;0;0;;
271893;21;5;2015;10:19;7211;AV DR THEBERGE;AV PRS CASTELO BRANCO;;0;;Colis?úo;Luz do Dia;;;Cruz;Sem?íforo;Comercial;0;0;2;0;0;0;0;0;0;0;0;0;-3,710079000000000;-38,563456000000000
271896;21;5;2015;10:36;183;AV SGT HERMINIO SAMPAIO;AV CEL CARVALHO;;0;;Colis?úo;Luz do Dia;;;;;;0;0;2;0;0;0;0;0;0;0;0;0;-3,731488000000000;-38,584591000000000
271897;21;5;2015;11:13;0;AV PRO JOSE ARTHUR CARVALHO;;;0;;Colis?úo;Luz do Dia;;;Meio de Quadra;;;0;0;2;0;0;0;0;0;0;0;0;0;;
271902;21;5;2015;21:41;0;RUA EMILIO DE MENESES;;;0;;Atropelamento;;;;Meio de Quadra;;;0;0;2;0;0;0;0;0;0;0;0;0;;
271903;21;5;2015;22:11;0;AV OLIVEIRA PAIVA;;;444;;Colis?úo;;;;Meio de Quadra;;;0;0;2;0;0;0;0;0;0;0;0;0;-3,797777000000000;-38,501296000000000
271899;21;5;2015;11:18;1592;RUA CEL JUCA;RUA CAROLINA SUCUPIRA;;0;;Colis?úo;Luz do Dia;;;Cruz;Pare;Residencial;0;0;2;0;0;0;0;0;0;0;0;0;-3,743389000000000;-38,493114000000000
271900;21;5;2015;11:19;13414;RUA CARLOS VASCONCELOS;AV ANTONIO SALES;;0;;Colis?úo;Luz do Dia;;;Cruz;Sem?íforo Intermitente;Comercial;0;0;2;0;0;0;0;0;0;0;0;0;-3,741942000000000;-38,513726000000000
271906;21;5;2015;23:09;15370;AV DOM LUIS;AV SEN VIRGILIO TAVORA;;0;;Colis?úo;;;;Cruz;Sem?íforo;Comercial;0;0;2;0;0;0;0;0;0;0;0;0;-3,734829000000000;-38,492507000000000
269063;21;5;2015;21:10;0;RUA DUAS NACOES;;;550;;Colis?úo;;;;Meio de Quadra;;;0;0;2;0;0;0;0;0;0;0;0;0;-3,777023000000000;-38,602070000000000
269065;21;5;2015;23:08;0;AV DR SILAS MUNGUBA;;;0;;Colis?úo;;;;Meio de Quadra;;;0;0;2;0;0;0;0;0;0;0;0;0;;
259610;21;5;2015;07:40;0;RD CE-040;;;0;KM-08;Colis?úo;Luz do Dia;Bom;Seca;Meio de Quadra;;;0;2;1;1;0;0;0;0;1;0;0;0;-3,823332000000000;-38,481317000000000
259611;21;5;2015;08:00;0;AV SEN CARLOS JEREISSATI (AEROPORTO);;;0;KM 02;Colis?úo Traseira;Luz do Dia;Bom;Seca;Meio de Quadra;;;0;0;2;1;0;0;0;0;0;0;0;0;-3,783932000000000;-38,529156000000000
254988;21;5;2015;11:45;15435;RUA FREDERICO SEVERO;RUA FARIAS LEMOS;;0;;Colis?úo Transversal;Luz do Dia;Bom;Seca;Cruz;Pare;Residencial;0;1;2;0;0;0;0;0;1;1;0;0;-3,816836000000000;-38,492707000000000
262468;21;5;2015;05:24;0;RUA ADOLFO CAMINHA;;;0;;Queda;Amanhecer;;;Meio de Quadra;;;0;1;0;0;0;0;0;0;0;1;0;0;;
262469;21;5;2015;06:22;0;AV N CJ JOSE WALTER;;;0;;Queda;Luz do Dia;;;Meio de Quadra;;;0;1;0;0;0;1;0;0;0;0;0;0;;
262471;21;5;2015;09:19;0;RUA DES PRAXEDES;;;0;;Queda;Luz do Dia;;;Meio de Quadra;;;0;1;0;0;0;0;0;0;0;1;0;0;-3,759077000000000;-38,550164000000000
262472;21;5;2015;10:13;0;AV DR SILAS MUNGUBA;;;0;;Queda;Luz do Dia;;;Meio de Quadra;;;0;1;0;0;0;0;0;0;0;1;0;0;-3,797167000000000;-38,531608000000000
262473;21;5;2015;11:57;0;AV ROGACIANO LEITE;;;0;;Colis?úo;Luz do Dia;;;Meio de Quadra;;;0;1;1;1;0;0;0;0;0;1;0;0;-3,776229000000000;-38,500387000000000
262474;21;5;2015;14:11;23727;RUA GABRIEL FIUZA;RUA MON AGOSTINHO;;0;;Colis?úo;Luz do Dia;;;Cruz;Pare;Misto;0;1;0;1;0;0;0;0;0;0;0;0;-3,786587000000000;-38,580412000000000
262475;21;5;2015;14:13;0;RUA CON DE CASTRO;;;0;;Colis?úo;Luz do Dia;;;Meio de Quadra;;;0;1;1;1;0;0;0;0;0;1;0;0;;
262476;21;5;2015;14:44;0;AV GODOFREDO MACIEL;;;0;;Colis?úo;Luz do Dia;;;Meio de Quadra;;;0;1;0;0;0;0;0;0;0;0;0;0;-3,831792000000000;-38,581228000000000
262477;21;5;2015;15:39;0;AV DR SILAS MUNGUBA;;;1089;;Colis?úo;Luz do Dia;;;Meio de Quadra;;;0;1;1;0;0;0;0;0;0;1;0;0;-3,781895000000000;-38,556313000000000
262489;21;5;2015;16:44;0;AV SEN FERNANDES TAVORA;;;0;;Colis?úo;Luz do Dia;;;Meio de Quadra;;;0;1;1;1;0;0;0;0;0;1;0;0;;
262490;21;5;2015;18:01;25486;AV ALBERTO CRAVEIRO;AV SEN CARLOS JEREISSATI (AEROPORTO);;0;;Colis?úo;Anoitecer;;;Y;N?úo H?í Controle;Outros;0;1;1;1;0;0;0;0;0;1;0;0;-3,783767000000000;-38,516874000000000
262491;21;5;2015;18:45;0;AV PONTES VIEIRA;;;0;;Atropelamento;;;;Meio de Quadra;;;0;1;1;0;0;0;0;0;0;1;0;0;-3,752431000000000;-38,510963000000000
262492;21;5;2015;19:48;0;RUA OSCAR ARARIPE;;;0;;Colis?úo;;;;Meio de Quadra;;;0;1;1;0;0;0;0;0;0;1;0;0;-3,793238000000000;-38,592932000000000
262485;21;5;2015;16:08;0;AV ALM HENRIQUE SABOIA;;;0;;Colis?úo;Luz do Dia;;;Meio de Quadra;;;0;1;1;1;0;0;0;0;0;1;0;0;;
262487;21;5;2015;16:30;0;AV DOMINGOS OLIMPIO;;;0;;Colis?úo;Luz do Dia;;;Meio de Quadra;;;0;1;1;1;0;0;0;0;0;1;0;0;-3,736305000000000;-38,532299000000000
262497;21;5;2015;20:17;0;RD BR 116;;;12000;KM-12;Queda;;;;Meio de Quadra;;;0;1;0;0;0;0;0;0;0;1;0;0;-3,855740000000000;-38,496066000000000
262501;21;5;2015;22:00;0;RUA ASSUNCAO;;;0;;Colis?úo;;;;Meio de Quadra;;;0;1;1;1;0;0;0;0;0;1;0;0;;
264765;21;5;2015;11:14;0;AV CEL CARVALHO;;;0;;Colis?úo;Luz do Dia;;;Meio de Quadra;;;0;1;1;1;0;0;0;0;0;1;0;0;;
264766;21;5;2015;11:52;0;AV PRS COSTA E SILVA;;;0;;Colis?úo;Luz do Dia;;;Meio de Quadra;;;0;1;1;1;0;0;0;0;0;1;0;0;;
262506;21;5;2015;23:39;0;RUA ALBERT SABIN;;;0;;Queda;;;;Meio de Quadra;;;0;1;0;0;0;1;0;0;0;0;0;0;;
251588;21;5;2015;16:00;12965;AV A CJ JOSE WALTER;RUA 5 CJ JOSE WALTER;;0;;Colis?úo Lateral;Luz do Dia;Bom;Seca;Cruz;N?úo H?í Controle;Residencial;0;0;2;1;1;0;0;0;0;0;0;0;-3,823829000000000;-38,557526000000000
251645;21;5;2015;06:30;3769;AV DOMINGOS OLIMPIO;RUA SEN POMPEU;;0;;Engavetamento;Luz do Dia;Bom;Seca;Cruz;Sem?íforo;Comercial;0;0;3;1;0;0;0;0;0;0;0;0;-3,736254000000000;-38,532455000000000
251651;21;5;2015;21:00;0;AV SEN FERNANDES TAVORA;;;0;;Atropelamento;Via Iluminada;Bom;Seca;Meio de Quadra;N?úo H?í Controle;Comercial;0;1;1;0;0;0;0;0;0;1;0;0;-3,766132000000000;-38,574844000000000
251661;21;5;2015;15:45;24967;AV ALM HENRIQUE SABOIA;AV SANTOS DUMONT;;0;;Colis?úo Traseira;Luz do Dia;Bom;Seca;Outros;N?úo H?í Controle;Comercial;0;0;2;1;1;0;0;0;0;0;0;0;-3,739751000000000;-38,487482000000000
251657;21;5;2015;12:30;21610;RUA CON DE CASTRO;RUA PETRONILHA BEZERRA;;0;;Colis?úo Lateral;Luz do Dia;Bom;Seca;Cruz;Pare;Residencial;0;1;1;0;0;0;0;0;0;1;0;0;-3,798921000000000;-38,586329000000000
251659;21;5;2015;16:30;0;RUA CON DE CASTRO;;;112;;Colis?úo Lateral;Luz do Dia;Bom;Seca;Meio de Quadra;N?úo H?í Controle;Residencial;0;1;1;1;0;0;0;0;0;1;0;0;;
251672;21;5;2015;08:30;13602;RUA DR THOMPSON BULCAO;AV ROGACIANO LEITE;;0;;Colis?úo Traseira;Luz do Dia;Bom;Seca;Cruz;Sem?íforo;Residencial;0;0;2;1;0;0;1;0;0;0;0;0;-3,767788000000000;-38,496968000000000
251669;21;5;2015;09:40;0;AV JOAO PESSOA;;;5772;;Colis?úo Transversal;Luz do Dia;Bom;Seca;Meio de Quadra;Outros;Comercial;0;0;2;1;1;0;0;0;0;0;0;0;-3,761063000000000;-38,557107000000000
251585;21;5;2015;12:30;13420;RUA BAR ARACATI;RUA JOAQUIM TORRES;;0;;Colis?úo Transversal;Luz do Dia;Bom;Seca;Cruz;Pare;Comercial;0;0;2;1;0;0;0;0;0;0;0;0;-3,742151000000000;-38,515085000000000
251586;21;5;2015;12:00;12837;AV DOMINGOS OLIMPIO;RUA JAIME BENEVOLO;;0;;Colis?úo Traseira;Luz do Dia;Bom;Seca;Cruz;Sem?íforo;Comercial;0;0;2;1;0;0;0;0;0;0;0;0;-3,737780000000000;-38,527245000000000
251583;21;5;2015;09:20;20005;AV DR SILAS MUNGUBA;RUA DES OTACILIO PEIXOTO;;0;;Colis?úo Traseira;Luz do Dia;Bom;Seca;T;Sem?íforo;Misto;0;0;2;1;0;0;1;0;0;0;0;0;-3,800419000000000;-38,530329000000000
251579;21;5;2015;08:10;9148;RUA DOM SEBASTIAO LEME;RUA GUILHERME MOREIRA;;0;;Colis?úo Transversal;Luz do Dia;Bom;Seca;Cruz;Pare;Residencial;0;0;2;1;0;0;0;0;0;0;0;0;-3,750073000000000;-38,525590000000000
251580;21;5;2015;11:20;0;AV WENEFRIDO MELO;;;0;;Colis?úo Lateral;Amanhecer;Bom;Seca;Meio de Quadra;Outros;Misto;0;0;2;1;0;0;1;0;0;0;0;0;;
251572;21;5;2015;12:20;9028;RUA SOLON PINHEIRO;RUA DEP JOAO PONTES;;0;;Colis?úo Transversal;Luz do Dia;Bom;Seca;Cruz;Pare;Residencial;0;0;2;1;0;0;0;0;0;0;0;0;-3,745689000000000;-38,531463000000000
251573;21;5;2015;15:00;9045;RUA COS TRISTAO;RUA CEL SOLON;;0;;Colis?úo Transversal;Luz do Dia;Bom;Seca;Cruz;N?úo H?í Controle;Residencial;0;1;1;1;0;0;0;0;0;1;0;0;-3,743099000000000;-38,528081000000000
251576;21;5;2015;07:30;0;AV BORGES DE MELO;;;901;;Colis?úo Traseira;Luz do Dia;Bom;Seca;Meio de Quadra;Outros;Comercial;0;0;2;1;0;0;0;0;0;0;0;0;-3,760572000000000;-38,527100000000000