COD_ACIDENTE;DIA;MES;ANO;HORA;INTERSECAO;LOG1;LOG2;LOG3;NUMERO;REFERENCIA;NATUREZA;ILUMINACAO;TEMPO;SUPERFICIEPISTA;TIPOCRUZAMENTO;CONTROLETRAFEGO;USOSOLO;MORTOS;FERIDOS;ILESOS;AUTOMOVEL;ONIBUS;BICICLETA;CAMINHAO;MICROONIBUS;CICLOMOTOR;MOTOCICLETA;TRACAOANIMAL;TREM;LATITUDE;LONGITUDE
251577;21;5;2015;18:30;22298;AV BEZERRA DE MENEZES;RUA JOSE CANDIDO D08;;0;;Colis?úo Lateral;Via Iluminada;Bom;Seca;T;N?úo H?í Controle;Comercial;0;0;2;1;0;0;0;0;0;0;0;0;-3,732988000000000;-38,551501000000000
251570;21;5;2015;09:25;0;AV JOAO PESSOA;;;5609;IMPARH;Colis?úo Traseira;Luz do Dia;Bom;Seca;Meio de Quadra;N?úo H?í Controle;Comercial;0;0;2;0;1;0;0;0;0;1;0;0;-3,759747000000000;-38,556024000000000
251596;21;5;2015;14:30;24950;AV ALM HENRIQUE SABOIA;RUA DR JOSE FROTA;;0;;Colis?úo Traseira;Luz do Dia;Bom;Seca;Duplo T;;Residencial;0;1;1;1;0;0;0;0;0;1;0;0;-3,728337000000000;-38,480453000000000
251597;21;5;2015;15:30;23041;AV DR SILAS MUNGUBA;RUA BRUNO VALENTE;;0;;Colis?úo Transversal;Luz do Dia;Bom;Seca;Cruz;Pare;Misto;0;1;1;1;0;0;0;0;0;1;0;0;-3,790483000000000;-38,540009000000000
251598;21;5;2015;07:20;11030;RUA CESAR ROSSAS;RUA EUZEBIO DE QUEIROS;;0;;Colis?úo Transversal;Luz do Dia;Bom;Seca;Y;Sem?íforo;Misto;0;2;1;0;0;0;0;0;0;1;0;0;-3,769241000000000;-38,555011000000000
251590;21;5;2015;08:30;15576;RUA CEL JOAO OLIVEIRA;RUA TEN JOSE NEWTON;;0;;Colis?úo Transversal;Luz do Dia;Bom;Seca;T;Pare;Residencial;0;1;1;1;0;0;0;0;0;1;0;0;-3,822426000000000;-38,491369000000000
251605;21;5;2015;10:30;3820;AV 13 DE MAIO;AV CARAPINIMA;;0;;Colis?úo Traseira;Luz do Dia;Bom;Seca;Cruz;Sem?íforo;Comercial;0;1;1;1;0;0;0;0;0;0;0;0;-3,740001000000000;-38,540239000000000
251560;21;5;2015;09:20;0;RUA LAURO NOGUEIRA;;;0;;Colis?úo Transversal;Luz do Dia;Bom;Seca;Meio de Quadra;Sem?íforo Danificado;Residencial;0;0;2;1;1;0;0;0;0;0;0;0;;
251561;21;5;2015;08:20;0;AV SANTOS DUMONT;;;5150;;Colis?úo Lateral;Luz do Dia;Bom;Molhada;;;;0;0;2;1;1;0;0;0;0;0;0;0;-3,740445000000000;-38,485326000000000
251562;21;5;2015;07:45;0;RUA VIA LACTEA;;;0;;Colis?úo Traseira;Luz do Dia;Bom;Seca;Meio de Quadra;N?úo H?í Controle;Residencial;0;0;2;1;0;0;0;0;0;0;0;0;;
251564;21;5;2015;10:30;7754;AV ANTONIO SALES;RUA JOSE VILAR;;0;;Colis?úo Traseira;Luz do Dia;Bom;Seca;Cruz;Sem?íforo;Comercial;0;0;2;1;0;0;0;0;0;0;0;0;-3,743929000000000;-38,507303000000000
251566;21;5;2015;17:30;19659;RUA CRUZ SALDANHA;AV BEZERRA DE MENEZES;;0;;;Via Iluminada;Bom;Seca;T;Pare;Comercial;0;0;2;1;0;0;0;0;0;0;0;0;-3,733569000000000;-38,554319000000000
251558;21;5;2015;12:00;1658;RUA MON CATAO;RUA BENI DE CARVALHO;;0;;Colis?úo Lateral;Luz do Dia;Bom;Seca;Cruz;Pare;Misto;0;0;2;1;1;0;0;0;0;0;0;0;-3,746618000000000;-38,493113000000000
251556;21;5;2015;09:20;0;AV PRS CASTELO BRANCO;;;200;;Colis?úo Traseira;Luz do Dia;Bom;Seca;Meio de Quadra;Pare;Comercial;0;0;2;1;0;0;0;0;0;0;0;0;;
251554;21;5;2015;16:20;0;AV AGUANAMBI;;;918;;Colis?úo Lateral;Anoitecer;Bom;Seca;Meio de Quadra;;Comercial;0;1;1;1;0;0;0;0;0;1;0;0;-3,744926000000000;-38,525490000000000
251696;21;5;2015;10:15;23425;RUA SABINO MONTE;RUA MON SALAZAR;;0;;Colis?úo Lateral;Luz do Dia;Bom;Seca;Cruz;Pare;Residencial;0;0;2;1;0;0;0;0;0;0;0;0;-3,755927000000000;-38,512070000000000
251697;21;5;2015;09:40;0;AV PRS CASTELO BRANCO;;;3861;;Colis?úo Traseira;Luz do Dia;Bom;Seca;Meio de Quadra;N?úo H?í Controle;Misto;0;0;2;1;0;0;1;0;0;0;0;0;-3,708915000000000;-38,566933000000000
251698;21;5;2015;09:00;0;AV PRS CASTELO BRANCO;;;3860;;Colis?úo Traseira;Luz do Dia;Bom;Seca;Meio de Quadra;N?úo H?í Controle;Misto;0;1;2;0;0;0;0;1;0;0;0;0;;
251700;21;5;2015;13:28;12758;RUA DELMIRO FARIAS;RUA JULIO CESAR D12;;0;;Colis?úo Transversal;Luz do Dia;Bom;Seca;Cruz;Pare;Residencial;0;0;3;1;0;0;0;0;0;1;0;0;-3,752508000000000;-38,545070000000000
261550;21;5;2015;23:07;1420;AV SANTOS DUMONT;RUA CEL LINHARES;;0;;Colis?úo;;;;Cruz;Pare;Comercial;0;0;2;1;0;0;0;0;0;0;0;0;-3,737489000000000;-38,494449000000000
261547;21;5;2015;12:55;0;AV AGUANAMBI;;;0;;Colis?úo;Luz do Dia;;;Meio de Quadra;;;0;0;2;1;0;0;0;0;0;0;0;0;;
261548;21;5;2015;16:45;5246;RUA PEREIRA FILGUEIRAS;RUA GONCALVES LEDO;;0;;Colis?úo;Luz do Dia;;;Cruz;Pare;Comercial;0;0;2;1;0;0;0;0;0;0;0;0;-3,727667000000000;-38,515004000000000
261649;22;5;2015;16:05;0;AV GAL OSORIO DE PAIVA;;;0;;Colis?úo;Luz do Dia;;;Meio de Quadra;;;0;0;2;1;0;0;0;0;0;0;0;0;;
261552;22;5;2015;09:18;0;AV BENJAMIM BRASIL;;;0;;Colis?úo;Luz do Dia;;;Meio de Quadra;;;0;0;2;1;0;0;0;0;0;1;0;0;;
251728;22;5;2015;13:05;1383;RUA MON CATAO;RUA MARCOS MACEDO;;0;;Colis?úo Traseira;Luz do Dia;Bom;Seca;Cruz;Pare;Residencial;0;0;2;1;0;0;0;0;0;0;0;0;-3,736772000000000;-38,489930000000000
251735;22;5;2015;07:30;22070;RUA JOSE FACANHA;RUA PAPI JUNIOR;;0;;Queda;Luz do Dia;Chuva;Molhada;Cruz;Outros;Residencial;0;1;0;0;0;0;0;0;0;1;0;0;-3,752136000000000;-38,557265000000000
251740;22;5;2015;19:30;0;AV DES FAUSTINO ALBUQUERQUE;;;0;;Colis?úo Transversal;Via Iluminada;Bom;Seca;Meio de Quadra;;Residencial;0;1;1;1;0;0;0;0;0;1;0;0;-3,782905000000000;-38,498616000000000
251747;22;5;2015;08:30;3860;AV 13 DE MAIO;AV DA UNIVERSIDADE;;0;;Colis?úo Lateral;Luz do Dia;Bom;Seca;;Sem?íforo;Comercial;0;1;1;1;0;0;0;0;0;1;0;0;-3,740962000000000;-38,539107000000000
251752;22;5;2015;08:20;0;AV AGUANAMBI;;;0;ROTAT?ôRIA;Colis?úo Lateral;Luz do Dia;Bom;Seca;Meio de Quadra;;Comercial;0;0;2;1;0;0;0;0;0;0;0;0;-3,755538000000000;-38,523043000000000
251691;22;5;2015;20:40;0;AV CARNEIRO DE MENDONCA;;;1864;;Colis?úo Lateral;Via Iluminada;Bom;Seca;Meio de Quadra;N?úo H?í Controle;Residencial;0;0;2;1;1;0;0;0;0;0;0;0;-3,759646000000000;-38,575642000000000
251678;22;5;2015;15:00;1604;RUA GAL TERTULIANO POTYGUARA;RUA VICENTE LEITE;;0;;Colis?úo Transversal;Luz do Dia;Bom;Seca;Cruz;Pare;Comercial;0;0;2;1;0;0;0;0;0;1;0;0;-3,744078000000000;-38,497657000000000
251679;22;5;2015;08:20;19713;RUA DOM LINO;RUA AZEVEDO BOLAO;;0;;Colis?úo Transversal;Luz do Dia;Bom;;Cruz;Pare;Comercial;0;0;2;1;0;0;0;0;0;0;0;0;-3,736529000000000;-38,557088000000000
251683;22;5;2015;09:50;12682;AV CEL CARVALHO;RUA DEP MATOSO FILHO;;0;;Colis?úo Transversal;Luz do Dia;Bom;Seca;Cruz;Pare;Residencial;0;0;2;0;1;0;0;0;0;1;0;0;-3,729932000000000;-38,584780000000000
251687;22;5;2015;15:25;5185;RUA LIBERATO BARROSO;RUA TEREZA CRISTINA;;0;;Colis?úo Transversal;Luz do Dia;Bom;Seca;Cruz;N?úo H?í Controle;Comercial;0;0;2;1;0;0;1;0;0;0;0;0;-3,725833000000000;-38,536404000000000
251759;22;5;2015;00:20;17513;AV ABOLICAO;RUA MANUEL JACARE;;0;;Colis?úo Lateral;Via Iluminada;Bom;Seca;Cruz;Pare;Residencial;0;1;1;1;0;0;0;0;0;1;0;0;-3,726087000000000;-38,487572000000000
251756;22;5;2015;04:30;0;RUA PDE PEDRO DE ALENCAR;;;605;;Choque c/ Obst?ículo Fixo;Via Iluminada;Bom;Molhada;Meio de Quadra;N?úo H?í Controle;Comercial;0;0;1;1;0;0;0;0;0;0;0;0;-3,833247000000000;-38,494051000000000
251766;22;5;2015;08:00;0;AV ALBERTO CRAVEIRO;;;466;;Colis?úo Traseira;Luz do Dia;Bom;Seca;Meio de Quadra;;Comercial;0;0;3;1;0;0;1;0;0;0;0;0;-3,782812000000000;-38,516560000000000
251772;22;5;2015;10:00;1267;RUA NUNES VALENTE;RUA COSTA BARROS;;0;;Colis?úo Transversal;;Bom;Seca;Cruz;Gesto;Residencial;0;2;1;1;0;0;0;0;0;0;0;0;-3,733224000000000;-38,502761000000000
251775;22;5;2015;21:30;1550;RUA PDE VALDEVINO;RUA DR JOSE LOURENCO;;0;;Colis?úo Transversal;Via Iluminada;Bom;Seca;Cruz;Sem?íforo;Comercial;0;1;1;1;0;0;0;0;0;0;0;0;-3,741307000000000;-38,509928000000000
251780;22;5;2015;13:00;0;RUA VICENTE LINHARES;;;64;;Colis?úo Traseira;Luz do Dia;Bom;Seca;Meio de Quadra;N?úo H?í Controle;Residencial;0;0;2;1;0;0;0;0;0;0;0;0;;
251786;22;5;2015;15:50;0;AV PRS COSTA E SILVA;;;4397;;Colis?úo Lateral;;Bom;Seca;Meio de Quadra;N?úo H?í Controle;Residencial;0;1;1;0;0;0;0;0;0;1;0;0;-3,825385000000000;-38,540701000000000
251798;22;5;2015;10:50;15820;AV JOR THOMAZ COELHO;RUA GRANJA CASTELO;;0;;Colis?úo Lateral;Luz do Dia;Bom;Seca;T;Sem?íforo;Comercial;0;0;2;1;1;0;0;0;0;0;0;0;-3,832383000000000;-38,500218000000000
251803;22;5;2015;15:40;0;RUA JACINTO MATOS;;;944;;Colis?úo Lateral;Luz do Dia;Bom;Seca;Meio de Quadra;Pare;Comercial;0;0;2;1;0;0;0;0;0;1;0;0;;
251808;22;5;2015;06:40;9080;AV 13 DE MAIO;RUA JOAO LOBO FILHO;;0;;Colis?úo Traseira;Luz do Dia;Bom;Seca;;Pare;Comercial;0;0;2;1;1;0;0;0;0;0;0;0;-3,753753000000000;-38,522342000000000
269857;22;5;2015;11:15;0;RUA 2 PLANALTO MIRASSOL;;;57;;Colis?úo;Luz do Dia;;;Meio de Quadra;;;0;0;2;0;0;0;0;0;0;0;0;0;;
269860;22;5;2015;11:45;14585;AV EDILSON B SOARES;RUA NUBIA BARROCAS;;0;;Colis?úo;Luz do Dia;;;Cruz;Pare;Residencial;0;0;2;0;0;0;0;0;0;0;0;0;-3,789590000000000;-38,482203000000000
269862;22;5;2015;20:54;0;RUA DOS MAIAS D61;;;0;;Colis?úo;;;;Meio de Quadra;;;0;0;2;0;0;0;0;0;0;0;0;0;;
251673;22;5;2015;09:00;0;RUA METON DE ALENCAR;;;1697;;Colis?úo Lateral;Luz do Dia;Bom;Seca;Meio de Quadra;N?úo H?í Controle;Comercial;0;0;2;1;1;0;0;0;0;0;0;0;-3,731248000000000;-38,538069000000000
251674;22;5;2015;19:50;7884;AV ANTONIO SALES;RUA VICENTE LEITE;;0;;Colis?úo Transversal;Via Iluminada;Bom;Seca;Cruz;Pare;Comercial;0;1;2;1;1;0;0;0;0;0;0;0;-3,746656000000000;-38,498468000000000
251609;22;5;2015;06:30;0;RUA CESAR ROSSAS;RUA PRO TEODORICO;;0;;Colis?úo Transversal;Luz do Dia;Bom;Seca;Meio de Quadra;Pare;Comercial;0;1;1;1;0;0;0;0;0;1;0;0;;
251612;22;5;2015;18:05;7905;RUA ISRAEL BEZERRA;RUA CEL LINHARES;;0;;Colis?úo Transversal;Via Iluminada;Bom;Seca;Cruz;N?úo H?í Controle;Residencial;0;0;2;1;0;0;0;0;0;0;0;0;-3,748900000000000;-38,498095000000000
251616;22;5;2015;08:00;9186;RUA MIN JOAQUIM BASTOS D14;RUA NAPOLEAO LAUREANO;;0;;Colis?úo Transversal;Luz do Dia;Bom;Seca;Cruz;Pare;Residencial;0;1;1;0;0;0;0;0;0;1;0;0;-3,751813000000000;-38,530508000000000
251621;22;5;2015;17:30;0;RUA CEL MATOS DOURADO;;;1291;;;Via Iluminada;Bom;Seca;Meio de Quadra;N?úo H?í Controle;Comercial;0;1;2;0;0;0;0;0;0;1;0;0;-3,751054000000000;-38,583703000000000
251626;22;5;2015;09:10;0;AV GOV RAUL BARBOSA;;;0;;Colis?úo Transversal;Luz do Dia;Bom;Seca;Meio de Quadra;;;0;0;2;1;0;0;0;0;0;0;0;0;;
258933;22;5;2015;08:20;0;RD BR 116;;;2000;KM-02;Colis?úo Lateral;Luz do Dia;Nublado;Molhada;Meio de Quadra;N?úo H?í Controle;Comercial;0;0;2;1;0;0;0;0;0;0;0;0;-3,771391000000000;-38,516780000000000
258934;22;5;2015;18:30;0;RD BR 116;;;5000;KM-05;Colis?úo;Anoitecer;Bom;Seca;Meio de Quadra;N?úo H?í Controle;Comercial;0;0;2;1;1;0;0;0;0;0;0;0;-3,796502000000000;-38,506787000000000
263138;22;5;2015;11:00;0;RUA SILVA PAULET;;;495;;Choque c/ Obst?ículo Fixo;Luz do Dia;;;Meio de Quadra;;;0;1;0;0;0;0;0;0;0;0;0;0;-3,728460000000000;-38,503457000000000
252403;22;5;2015;20:00;25019;RUA TEODOMIRO DE CASTRO;RUA DNA MENDINHA;;0;;Colis?úo Transversal;Via Iluminada;Bom;Seca;Cruz;N?úo H?í Controle;Residencial;0;0;2;1;0;0;0;0;0;0;0;0;-3,718209000000000;-38,573357000000000
252404;22;5;2015;18:00;0;AV AGUANAMBI;;;0;;Colis?úo Traseira;Anoitecer;Bom;Seca;Meio de Quadra;N?úo H?í Controle;Comercial;0;0;2;1;0;0;0;0;0;0;0;0;;
252406;22;5;2015;16:00;0;RUA PRO RAIMUNDO ARRUDA;RUA GAL BERNARDO FIGUEIREDO;;0;;Colis?úo Traseira;Luz do Dia;Bom;Seca;Meio de Quadra;Pare;Residencial;0;0;2;1;0;0;0;0;0;0;0;0;;
262534;22;5;2015;06:37;17433;RUA CESAR ROSSAS;RUA PRO TEODORICO;;0;;Colis?úo;Luz do Dia;;;Outros;Pare;Comercial;0;1;1;1;0;0;0;0;0;1;0;0;-3,768770000000000;-38,553473000000000
262538;22;5;2015;06:51;0;AV GOV RAUL BARBOSA;;;0;;Colis?úo;Luz do Dia;;;Meio de Quadra;;;0;1;1;1;0;0;0;0;0;1;0;0;-3,774125000000000;-38,512815000000000
262539;22;5;2015;08:10;0;RUA BOA VISTA;;;0;;Colis?úo;Luz do Dia;;;Meio de Quadra;;;0;1;1;1;0;0;0;0;0;1;0;0;;
262540;22;5;2015;08:14;0;AV 13 DE MAIO;;;0;;Queda;Luz do Dia;;;Meio de Quadra;;;0;1;0;0;0;0;0;0;0;1;0;0;;
262541;22;5;2015;09:15;0;AV WASHINGTON SOARES;;;0;;Colis?úo;Luz do Dia;;;Meio de Quadra;;;0;1;1;1;0;0;0;0;0;1;0;0;;
262542;22;5;2015;09:23;1459;RUA EDUARDO GARCIA;RUA BARBOSA DE FREITAS;;0;;Colis?úo;Luz do Dia;;;Cruz;Sem?íforo;Comercial;0;1;1;1;0;0;0;0;0;1;0;0;-3,738523000000000;-38,497999000000000
262545;22;5;2015;12:23;17937;RUA BALDUINO FREIRE;RUA EVANDRO LUZ;;0;;Colis?úo;Luz do Dia;;;;;;0;1;1;0;0;0;0;0;0;1;0;0;-3,734161000000000;-38,577096000000000
262546;22;5;2015;15:49;0;AV PERIMETRAL;;;0;;Colis?úo;Luz do Dia;;;Meio de Quadra;;;0;1;1;1;0;0;0;0;0;1;0;0;-3,785899000000000;-38,590114000000000
262547;22;5;2015;16:30;0;RUA VALMIR PONTES;;;0;;Colis?úo;Luz do Dia;;;Meio de Quadra;;;0;1;1;1;0;0;0;0;0;1;0;0;;
262548;22;5;2015;16:50;0;AV PRS CASTELO BRANCO;;;0;;Atropelamento;Luz do Dia;;;Meio de Quadra;;;0;1;1;1;0;0;0;0;0;0;0;0;;
262549;22;5;2015;17:00;0;AV WASHINGTON SOARES;;;3636;;Colis?úo;Anoitecer;;;;;;0;1;1;1;0;0;0;0;0;1;0;0;-3,787049000000000;-38,480691000000000
262550;22;5;2015;17:07;0;AV PERIMETRAL;;;0;;Colis?úo;Anoitecer;;;Meio de Quadra;;;0;1;1;0;0;0;0;0;0;1;0;0;;
262551;22;5;2015;17:22;15370;AV DOM LUIS;AV SEN VIRGILIO TAVORA;;0;;Colis?úo;Anoitecer;;;Cruz;Sem?íforo;Comercial;0;1;1;1;0;0;0;0;0;1;0;0;-3,734829000000000;-38,492507000000000
262552;22;5;2015;17:55;0;RUA EMILIO DE MENESES;;;0;;Colis?úo;Anoitecer;;;Meio de Quadra;;;0;1;0;0;0;0;0;0;0;0;0;0;-3,780555000000000;-38,591634000000000
262553;22;5;2015;18:06;0;TR EDSON QUEIROZ;;;0;;Colis?úo;Anoitecer;;;Meio de Quadra;;;0;1;1;1;0;0;0;0;0;1;0;0;;
262564;22;5;2015;20:42;19072;RUA AMELIA BENEBIEN;RUA NOVA PETROPOLES;;0;;Colis?úo;;;;Com Via F?®rrea;Pare;Residencial;0;1;1;1;0;0;0;0;0;1;0;0;-3,737053000000000;-38,472040000000000
262565;22;5;2015;21:22;0;RUA CEL QUEIROZ;;;0;;Atropelamento;;;;Meio de Quadra;;;0;1;1;1;0;0;0;0;0;0;0;0;;
262560;22;5;2015;19:01;2431;RUA ESTEVAO DE CAMPOS;RUA JERONIMO ALBUQUERQUE;;0;;Colis?úo;;;;Cruz;Pare;Misto;0;1;1;1;0;0;0;0;0;1;0;0;-3,706713000000000;-38,576292000000000
262561;22;5;2015;19:21;0;AV SEN FERNANDES TAVORA;;;0;;Colis?úo;;;;Meio de Quadra;;;0;1;0;0;0;0;0;0;0;0;0;0;-3,757823000000000;-38,590341000000000
251815;22;5;2015;07:20;14484;RUA FRANCISCO VILELA;RUA JOSE MESSIAS MATOS;;0;;Colis?úo Transversal;Luz do Dia;Bom;Seca;Cruz;Pare;Residencial;0;1;1;1;0;0;0;0;0;0;0;0;-3,797699000000000;-38,516826000000000
251818;22;5;2015;20:20;9136;RUA MON OTAVIO CASTRO;RUA BONFIM SOBRINHO;;0;;Colis?úo Lateral;Via Iluminada;Bom;Seca;T;Pare;Residencial;0;0;2;1;0;0;1;0;0;0;0;0;-3,751367000000000;-38,526287000000000
251820;22;5;2015;12:20;0;RUA FAUSTO CABRAL;;;851;;Colis?úo Lateral;Luz do Dia;Bom;Seca;Meio de Quadra;N?úo H?í Controle;Residencial;0;1;1;1;0;0;0;0;0;1;0;0;-3,734298000000000;-38,474249000000000
251822;22;5;2015;19:30;0;RUA HELVECIO MONTE;;;640;;Colis?úo Lateral;Via Iluminada;Bom;Seca;Meio de Quadra;N?úo H?í Controle;Residencial;0;0;2;0;1;0;0;0;0;0;0;0;-3,766414000000000;-38,535659000000000
251824;22;5;2015;21:45;24331;AV LUCIANO CARNEIRO;RUA ARMANDO MONTEIRO;;0;;Colis?úo Transversal;Via Iluminada;Bom;Seca;Cruz;Pare;Comercial;0;1;1;0;0;0;0;0;0;1;0;0;-3,763454000000000;-38,536219000000000
251829;22;5;2015;22:40;0;AV HEROIS DO ACRE;;;1001;;Colis?úo Lateral;Via Iluminada;Bom;Seca;Meio de Quadra;N?úo H?í Controle;Comercial;0;0;2;1;1;0;0;0;0;0;0;0;-3,803155000000000;-38,537849000000000
251834;22;5;2015;14:30;24270;RUA PEREIRA VALENTE;RUA DELMIRO GOUVEIA;;0;;Colis?úo Transversal;;Bom;Seca;Cruz;N?úo H?í Controle;Residencial;0;0;2;1;0;0;0;0;0;0;0;0;-3,734817000000000;-38,488125000000000
251838;22;5;2015;07:00;0;AV BEZERRA DE MENEZES;;;600;;Colis?úo Lateral;Via Iluminada;Bom;Seca;Meio de Quadra;N?úo H?í Controle;Comercial;0;2;0;0;0;0;0;0;0;1;0;0;-3,732748000000000;-38,550352000000000
251843;22;5;2015;13:25;9072;AV 13 DE MAIO;AV VIS RIO BRANCO;;0;;Colis?úo Traseira;Luz do Dia;Bom;Seca;Cruz;Sem?íforo;Comercial;0;0;2;1;0;0;0;0;0;0;0;0;-3,753544000000000;-38,520486000000000
251856;22;5;2015;16:45;23364;RUA CAP GUSTAVO;RUA EDUARDO BEZERRA;;0;;Colis?úo Transversal;Via Iluminada;Bom;Seca;;Sem?íforo Intermitente;Residencial;0;0;2;1;0;0;0;0;0;0;0;0;-3,754148000000000;-38,516951000000000
251854;22;5;2015;14:00;23424;RUA MON SALAZAR;RUA HERMINIO BARROSO;;0;;Choque c/ Obst?ículo Fixo;Luz do Dia;Bom;Seca;Cruz;Pare;Comercial;0;1;0;1;0;0;0;0;0;0;0;0;-3,755854000000000;-38,511160000000000
259615;22;5;2015;07:00;0;AV MIN JOSE AMERICO;;;0;;Colis?úo Lateral;Luz do Dia;Bom;Seca;Meio de Quadra;;;0;0;2;0;1;0;0;0;0;0;0;0;;
259616;22;5;2015;08:20;0;AV SEN CARLOS JEREISSATI (AEROPORTO);;;0;KM 04;Colis?úo;Luz do Dia;Bom;Seca;Meio de Quadra;;;0;0;2;1;0;0;1;0;0;0;0;0;-3,779313000000000;-38,514638000000000
259627;22;5;2015;16:40;0;RD CE-040;;;0;KM-04;Colis?úo Traseira;Luz do Dia;Bom;Seca;Meio de Quadra;;;0;0;2;1;0;0;0;0;0;0;0;0;-3,792050000000000;-38,480251000000000
259628;22;5;2015;17:00;0;RD CE-040;;;0;KM-12;Colis?úo;Anoitecer;Bom;Seca;Meio de Quadra;;;0;0;2;1;0;0;0;0;0;0;0;0;-3,848945000000000;-38,476237000000000
269099;22;5;2015;00:07;0;RUA ANTONIO BARBOSA;;;1635;;Colis?úo;;;;Meio de Quadra;;;0;0;2;0;0;0;0;0;0;0;0;0;-3,833754000000000;-38,565565000000000
271923;22;5;2015;00:27;0;RUA FLORIANO PEIXOTO;;;2117;;Choque c/ Obst?ículo Fixo;;;;Meio de Quadra;;;0;0;1;0;0;0;0;0;0;0;0;0;-3,741003000000000;-38,531656000000000
271925;22;5;2015;09:31;0;AV CONTORNO NORTE D71;;;1578;;Colis?úo;Luz do Dia;;;Meio de Quadra;;;0;0;2;0;0;0;0;0;0;0;0;0;-3,810937000000000;-38,590155000000000
271927;22;5;2015;10:44;6509;AV C CJ CEARA;RUA 311 CJ CEARA;;0;;Colis?úo;Luz do Dia;;;;;;0;0;2;0;0;0;0;0;0;0;0;0;-3,774384000000000;-38,615826000000000
271930;22;5;2015;10:49;13255;RUA TEN MATIAS PEIXOTO;AV JOAO DE ARAUJO LIMA;;0;;Colis?úo;Luz do Dia;;;;;;0;0;2;0;0;0;0;0;0;0;0;0;-3,836672000000000;-38,561401000000000
271934;22;5;2015;11:25;0;RUA METON DE ALENCAR;;;1630;;Colis?úo;Luz do Dia;;;Meio de Quadra;;;0;0;2;0;0;0;0;0;0;0;0;0;;
271935;22;5;2015;12:16;0;RUA ERNESTO PEDRO SANTOS;;;4;;Colis?úo;Luz do Dia;;;Meio de Quadra;;;0;0;2;0;0;0;0;0;0;0;0;0;;
271937;22;5;2015;12:32;14786;RUA STA LIDUINA D42;RUA JOAO AMORA;;0;;Colis?úo;Luz do Dia;;;Cruz;Pare;Residencial;0;0;2;0;0;0;0;0;0;0;0;0;-3,799663000000000;-38,585104000000000
271939;22;5;2015;13:20;5965;AV F CJ CEARA;AV C CJ CEARA;;0;;Colis?úo;Luz do Dia;;;T;Pare;Residencial;0;0;2;0;0;0;0;0;0;0;0;0;-3,762701000000000;-38,609559000000000
271941;22;5;2015;20:06;0;RUA JOAO TINOCO;;;0;;Colis?úo;;;;Meio de Quadra;;;0;0;2;0;0;0;0;0;0;0;0;0;;
271943;22;5;2015;23:48;0;AV ALM HENRIQUE SABOIA;;;3225;;Colis?úo;;;;Meio de Quadra;;;0;0;2;0;0;0;0;0;0;0;0;0;;
271945;22;5;2015;23:51;7645;RUA ESTADO DO RIO;RUA PERNAMBUCO;;0;;Colis?úo;;;;Cruz;Pare;Misto;0;0;2;0;0;0;0;0;0;0;0;0;-3,758439000000000;-38,570848000000000
271949;22;5;2015;23:55;5709;AV DES GONZAGA;AV OLIVEIRA PAIVA;;0;;Colis?úo;;;;Cruz;Sem?íforo;Lazer;0;0;2;0;0;0;0;0;0;0;0;0;-3,797165000000000;-38,499953000000000
271993;23;5;2015;09:49;0;RUA RUFINO DE ALENCAR;;;0;;Colis?úo;Luz do Dia;;;Meio de Quadra;;;0;0;2;0;0;0;0;0;0;0;0;0;;
271994;23;5;2015;10:35;0;AV LUCIANO CARNEIRO;;;0;;Colis?úo;Luz do Dia;;;Meio de Quadra;;;0;0;2;0;0;0;0;0;0;0;0;0;;
271996;23;5;2015;16:28;24886;AV MAJ ASSIS;AV MOZART PINHEIRO DE LUCENA;;0;;Colis?úo;Luz do Dia;;;Cruz;Sem?íforo;Residencial;0;0;2;0;0;0;0;0;0;0;0;0;-3,721695000000000;-38,596693000000000
271998;23;5;2015;16:49;0;RUA MARIA JULIA;;;848;;Atropelamento;Luz do Dia;;;Meio de Quadra;;;0;0;2;0;0;0;0;0;0;0;0;0;-3,793377000000000;-38,600198000000000
271999;23;5;2015;17:40;0;AV ENG SANTANA JUNIOR;;;1901;;Colis?úo;Anoitecer;;;Meio de Quadra;;;0;0;2;0;0;0;0;0;0;0;0;0;-3,742276000000000;-38,486235000000000
272001;23;5;2015;17:57;12634;RUA GUILHERME MENDES;RUA OTAVIO PARANHOS;;0;;Atropelamento;Anoitecer;;;Cruz;Pare;Residencial;0;0;2;0;0;0;0;0;0;0;0;0;-3,720749000000000;-38,585950000000000
272002;23;5;2015;18:08;0;AV CENTRAL CJ CEARA;;;894;;Colis?úo;Anoitecer;;;Meio de Quadra;;;0;0;2;0;0;0;0;0;0;0;0;0;;
272004;23;5;2015;18:31;0;AV PERIMETRAL;;;0;;Atropelamento;;;;Meio de Quadra;;;0;0;2;0;0;0;0;0;0;0;0;0;;
272007;23;5;2015;18:46;0;RUA GUARANI D35 (JOAO XXIII);;;1213;;Colis?úo;;;;Meio de Quadra;;;0;0;2;0;0;0;0;0;0;0;0;0;-3,768298000000000;-38,582321000000000
272008;23;5;2015;20:14;11836;RUA JACINTO MATOS;RUA MON DANTAS;;0;;Colis?úo;;;;Cruz;Pare;Comercial;0;0;2;0;0;0;0;0;0;0;0;0;-3,719714000000000;-38,546800000000000