COD_ACIDENTE;DIA;MES;ANO;HORA;INTERSECAO;LOG1;LOG2;LOG3;NUMERO;REFERENCIA;NATUREZA;ILUMINACAO;TEMPO;SUPERFICIEPISTA;TIPOCRUZAMENTO;CONTROLETRAFEGO;USOSOLO;MORTOS;FERIDOS;ILESOS;AUTOMOVEL;ONIBUS;BICICLETA;CAMINHAO;MICROONIBUS;CICLOMOTOR;MOTOCICLETA;TRACAOANIMAL;TREM;LATITUDE;LONGITUDE
272010;23;5;2015;20:21;0;RUA MONTE PASCOAL;;;148;;Choque c/ Obst?ículo Fixo;;;;Meio de Quadra;;;0;0;1;0;0;0;0;0;0;0;0;0;;
272011;23;5;2015;20:45;0;RUA EMILIA GONCALVES;;;921;;Choque c/ Obst?ículo Fixo;;;;Meio de Quadra;;;0;0;1;0;0;0;0;0;0;0;0;0;-3,731036000000000;-38,593627000000000
272012;23;5;2015;21:23;24990;AV PRS JUSCELINO KUBITSCHEK (PASSAR?ë);AV PRS COSTA E SILVA;;0;;Colis?úo;;;;T;Sem?íforo;Residencial;0;0;2;0;0;0;0;0;0;0;0;0;-3,825648000000000;-38,539516000000000
259630;23;5;2015;06:55;0;RD CE-040;;;0;KM-07;Colis?úo;Luz do Dia;Bom;Seca;Meio de Quadra;;;0;1;1;1;0;1;0;0;0;0;0;0;-3,817953000000000;-38,483160000000000
259634;23;5;2015;20:45;0;RD CE-040;;;0;KM-01;Colis?úo Lateral;;Bom;Seca;Meio de Quadra;;;0;0;2;1;0;0;0;0;0;0;0;0;-3,754877000000000;-38,483270000000000
259632;23;5;2015;11:35;0;RD CE-065;;;0;KM-03;Colis?úo Traseira;Luz do Dia;Bom;Seca;Meio de Quadra;;;0;0;2;1;0;0;0;0;0;0;0;0;;
262575;23;5;2015;09:06;0;RUA CANDIDO MAIA;;;0;;Colis?úo;Luz do Dia;;;Meio de Quadra;;;0;1;1;1;0;0;0;0;0;1;0;0;;
262576;23;5;2015;09:58;17616;RUA CEARA;RUA MATO GROSSO;;0;;Colis?úo;Luz do Dia;;;;;;0;1;1;1;0;0;0;0;0;1;0;0;-3,759183000000000;-38,565376000000000
262577;23;5;2015;11:29;0;AV DOS EXPEDICIONARIOS;;;0;;Colis?úo;Luz do Dia;;;Meio de Quadra;;;0;1;1;1;0;0;0;0;0;1;0;0;-3,766567000000000;-38,541673000000000
262578;23;5;2015;12:40;0;RUA OSCAR ARARIPE;;;2729;;Colis?úo;Luz do Dia;;;Meio de Quadra;;;0;1;0;0;0;0;0;0;0;0;0;0;-3,786334000000000;-38,614401000000000
262579;23;5;2015;12:57;0;AV GOV PARSIFAL BARROSO;;;0;;Colis?úo;Luz do Dia;;;Meio de Quadra;;;0;1;0;0;0;0;0;0;0;0;0;0;;
262566;23;5;2015;01:44;0;AV DES MOREIRA;;;0;;Atropelamento;;;;Meio de Quadra;;;0;1;1;1;0;0;0;0;0;0;0;0;-3,748373000000000;-38,502230000000000
262567;23;5;2015;03:13;0;AV SIQUEIRA CAMPOS;;;0;;Colis?úo;;;;Meio de Quadra;;;0;1;1;1;0;0;0;0;0;1;0;0;-3,814615000000000;-38,626837000000000
262568;23;5;2015;05:43;0;AV GOV RAUL BARBOSA;;;0;;Queda;Amanhecer;;;Meio de Quadra;;;0;1;0;0;0;0;0;0;0;1;0;0;-3,775532000000000;-38,513030000000000
262569;23;5;2015;06:11;0;RUA CON LIMA SUCUPIRA;;;0;;Queda;Luz do Dia;;;Meio de Quadra;;;0;1;0;0;0;0;0;0;0;1;0;0;-3,775773000000000;-38,558181000000000
262570;23;5;2015;06:31;0;AV PRO JOSE ARTHUR CARVALHO;;;0;;Queda;Luz do Dia;;;Meio de Quadra;;;0;1;0;0;0;0;0;0;0;1;0;0;;
262571;23;5;2015;07:41;0;RUA PEDRO MARTINS;;;0;;Colis?úo;Luz do Dia;;;Meio de Quadra;;;0;1;0;0;0;0;0;0;0;0;0;0;;
262572;23;5;2015;07:51;0;AV DEP PAULINO ROCHA;;;0;;Colis?úo;Luz do Dia;;;Meio de Quadra;;;0;1;1;1;0;0;0;0;0;1;0;0;;
262573;23;5;2015;07:53;0;RUA AMERICO VESPUCIO;;;0;;Colis?úo;Luz do Dia;;;Meio de Quadra;;;0;1;1;1;0;0;0;0;0;1;0;0;-3,783711000000000;-38,548908000000000
262582;23;5;2015;13:35;0;AV FRE CIRILO;;;0;;Colis?úo;Luz do Dia;;;Meio de Quadra;;;0;1;1;1;0;0;0;0;0;1;0;0;;
262583;23;5;2015;14:14;0;AV ANTONIO SALES;;;0;;Queda;Luz do Dia;;;Meio de Quadra;;;0;1;0;0;0;0;0;0;0;1;0;0;-3,741071000000000;-38,516502000000000
262585;23;5;2015;16:51;0;RUA ESTEVAO DE CAMPOS;;;0;;Colis?úo;Luz do Dia;;;Meio de Quadra;;;0;1;1;0;0;0;0;0;0;1;0;0;;
262604;23;5;2015;17:28;0;RUA BARRA DO TURNO;;;0;;Queda;Anoitecer;;;Meio de Quadra;;;0;1;0;0;0;0;0;0;0;1;0;0;;
262605;23;5;2015;20:13;5625;AV ROGACIANO LEITE;AV DES GONZAGA;;0;;Colis?úo;;;;T;D?¬ Prefer?¬ncia;Comercial;0;1;1;1;0;0;0;0;0;1;0;0;-3,788545000000000;-38,503866000000000
262606;23;5;2015;20:35;0;AV WASHINGTON SOARES;;;0;;Colis?úo;;;;Meio de Quadra;;;0;1;0;0;0;0;0;0;0;0;0;0;;
262608;23;5;2015;20:58;0;AV SIQUEIRA CAMPOS;;;0;;Colis?úo;;;;Meio de Quadra;;;0;1;1;1;0;0;0;0;0;1;0;0;-3,814615000000000;-38,626837000000000
262610;23;5;2015;23:24;0;RUA PANAMA;;;0;;Atropelamento;;;;Meio de Quadra;;;0;1;1;1;0;0;0;0;0;0;0;0;;
266847;23;5;2015;17:35;0;AV FRANCISCO SA;;;7384;;Colis?úo;Anoitecer;;;Meio de Quadra;;;1;0;1;1;1;0;0;0;0;0;0;0;;
262124;23;5;2015;19:30;7926;AV ANTONIO SALES;RUA BARBOSA DE FREITAS;;0;;Colis?úo;;;;Cruz;Sem?íforo;Residencial;0;1;1;1;0;0;0;0;0;1;0;0;-3,746051000000000;-38,500407000000000
258936;23;5;2015;14:00;0;RD BR 116;;;1000;KM-01;Colis?úo Traseira;Luz do Dia;Bom;Seca;Meio de Quadra;N?úo H?í Controle;Comercial;0;0;4;1;0;0;0;0;0;0;0;0;-3,762554000000000;-38,518702000000000
251617;23;5;2015;06:50;7957;AV PONTES VIEIRA;AV BAR STUDART;;0;;Choque c/ Obst?ículo Fixo;Amanhecer;Nublado;Seca;Cruz;Outros;Comercial;0;0;1;0;0;0;0;0;0;0;0;0;-3,752590000000000;-38,512361000000000
251618;23;5;2015;13:30;0;RUA EURICO MEDINA;;;182;;Colis?úo Lateral;Luz do Dia;Bom;Seca;Meio de Quadra;N?úo H?í Controle;Comercial;0;0;2;1;0;0;0;0;0;0;0;0;-3,756657000000000;-38,584977000000000
251619;23;5;2015;06:30;19611;RUA NEREU RAMOS;AV GODOFREDO MACIEL;;0;;Colis?úo Lateral;Luz do Dia;Chuva;Seca;T;Sem?íforo;Residencial;0;0;3;1;0;0;1;0;0;0;0;0;-3,787250000000000;-38,566802000000000
251620;23;5;2015;10:00;3788;RUA PDE FRANCISCO PINTO;RUA WALDERY UCHOA;;0;;Colis?úo Transversal;Luz do Dia;Nublado;Seca;Cruz;Pare;Comercial;0;0;2;1;0;0;1;0;0;0;0;0;-3,744299000000000;-38,539138000000000
251613;23;5;2015;16:30;0;AV DEP PAULINO ROCHA;;;1361;;Colis?úo Traseira;Luz do Dia;Bom;Seca;Meio de Quadra;N?úo H?í Controle;Residencial;0;0;2;1;0;0;0;0;0;0;0;0;-3,810968000000000;-38,509983000000000
251614;23;5;2015;16:10;0;RUA JOAQUIM ALBANO;;;0;TERMINAL ANTONIO BEZERRA;Colis?úo Traseira;Luz do Dia;Bom;Seca;Meio de Quadra;N?úo H?í Controle;Comercial;0;1;1;1;0;0;0;0;0;1;0;0;;
251615;23;5;2015;11:00;3769;AV DOMINGOS OLIMPIO;RUA SEN POMPEU;;0;;Colis?úo Traseira;Luz do Dia;Bom;Seca;Cruz;Sem?íforo;Comercial;0;0;2;1;0;0;0;0;0;0;0;0;-3,736254000000000;-38,532455000000000
251610;23;5;2015;08:50;4016;RUA PRO COSTA MENDES;RUA JULIO CESAR D12;;0;;Colis?úo Lateral;Luz do Dia;Chuva;Molhada;Cruz;Pare;Residencial;0;1;1;1;0;0;0;0;0;1;0;0;-3,754698000000000;-38,546911000000000
251611;23;5;2015;10:00;0;AV AUGUSTO DOS ANJOS;;;1915;;Colis?úo Traseira;Luz do Dia;Bom;Seca;Meio de Quadra;N?úo H?í Controle;Misto;0;0;2;1;0;0;0;0;0;0;0;0;-3,782139000000000;-38,580876000000000
251589;23;5;2015;20:30;5328;AV DUQ CAXIAS;AV TRISTAO GONCALVES;;0;;Colis?úo Transversal;;Bom;Seca;Cruz;Sem?íforo;Comercial;0;1;1;0;1;0;0;0;1;0;0;0;-3,730400000000000;-38,534196000000000
251606;23;5;2015;19:00;22297;AV BEZERRA DE MENEZES;RUA PDE ANCHIETA;;0;;Colis?úo Lateral;Via Iluminada;Bom;Seca;Cruz;Sem?íforo;Comercial;0;0;2;0;1;0;1;0;0;0;0;0;-3,733155000000000;-38,552298000000000
251607;23;5;2015;00:10;1383;RUA MON CATAO;RUA MARCOS MACEDO;;0;;Colis?úo Transversal;Via Iluminada;Bom;Seca;Cruz;Pare;Residencial;0;1;1;1;0;0;0;0;0;0;0;0;-3,736772000000000;-38,489930000000000
251608;23;5;2015;08:30;0;AV DA UNIVERSIDADE;;;2475;;Colis?úo Traseira;Luz do Dia;Nublado;Seca;Meio de Quadra;Sem?íforo;Misto;0;0;2;1;0;0;0;0;0;0;0;0;-3,738747000000000;-38,537099000000000
251591;23;5;2015;11:00;0;AV FRE CIRILO;;;4629;;Colis?úo Transversal;Luz do Dia;Bom;Seca;Meio de Quadra;N?úo H?í Controle;Comercial;0;1;1;1;0;0;0;0;0;1;0;0;-3,824200000000000;-38,494414000000000
251592;23;5;2015;10:30;577;AV DR THEBERGE;AV FRANCISCO SA;;0;;Colis?úo Lateral;Luz do Dia;Bom;Seca;Cruz;Sem?íforo;Comercial;0;0;2;1;0;0;1;0;0;0;0;0;-3,714822000000000;-38,565016000000000
251593;23;5;2015;09:45;0;AV ALBERTO CRAVEIRO;;;0;;Engavetamento;Luz do Dia;Chuva;Seca;Meio de Quadra;Outros;Residencial;0;0;3;1;0;0;0;0;0;0;0;0;;
251594;23;5;2015;00:15;1445;RUA DES LEITE ALBUQUERQUE;RUA VICENTE LEITE;;0;;Colis?úo Transversal;Via Iluminada;Bom;Seca;Cruz;Pare;Misto;0;1;1;1;0;0;0;0;0;0;0;0;-3,738178000000000;-38,495734000000000
251595;23;5;2015;16:00;13389;AV ANTONIO SALES;RUA JOAO CORDEIRO;;0;;Colis?úo Lateral;Luz do Dia;Bom;Seca;Cruz;Sem?íforo;Comercial;0;0;2;1;0;0;0;0;0;0;0;0;-3,740588000000000;-38,518068000000000
251599;23;5;2015;12:30;0;AV MIGUEL DIAS;;;1140;;Colis?úo Traseira;Luz do Dia;Bom;Seca;Meio de Quadra;;Residencial;0;1;1;1;0;0;0;0;0;1;0;0;-3,765440000000000;-38,487539000000000
251600;23;5;2015;21:00;0;AV LINEU MACHADO;;;840;;Colis?úo;Via Iluminada;Bom;Seca;Meio de Quadra;N?úo H?í Controle;Residencial;0;2;0;0;0;0;0;0;0;1;0;0;-3,767479000000000;-38,577722000000000
251601;23;5;2015;12:40;5117;RUA BORIS;RUA RUFINO DE ALENCAR;;0;;Colis?úo Lateral;Luz do Dia;Bom;Seca;T;Pare;Residencial;0;0;2;0;1;0;0;0;0;0;0;0;-3,723953000000000;-38,521067000000000
251602;23;5;2015;08:40;21378;AV JOVITA FEITOSA;RUA PRO JOSE DE BARCELOS;;0;;Colis?úo Lateral;Luz do Dia;Nublado;Seca;Cruz;Sem?íforo;Comercial;0;1;1;1;0;0;0;0;0;1;0;0;-3,738516000000000;-38,549933000000000
251603;23;5;2015;09:40;21376;AV JOVITA FEITOSA;RUA PRO NOGUEIRA;;0;;Colis?úo;Luz do Dia;Nublado;Seca;Cruz;Pare;Comercial;0;1;0;0;0;0;0;0;0;1;0;0;-3,738280000000000;-38,548839000000000
251604;23;5;2015;18:00;5463;RUA DNA LEOPOLDINA;RUA BARBARA DE ALENCAR;;0;;Colis?úo Transversal;Via Iluminada;Bom;Seca;Cruz;Pare;Comercial;0;0;2;1;1;0;0;0;0;0;0;0;-3,735695000000000;-38,521102000000000
269868;23;5;2015;08:21;0;RUA ANTONIO BENTO;;;580;;Colis?úo;Luz do Dia;;;Meio de Quadra;;;0;0;2;0;0;0;0;0;0;0;0;0;-3,784386000000000;-38,548227000000000
269870;23;5;2015;12:49;0;RUA FRE ALEMAO;;;326;;Colis?úo;Luz do Dia;;;Meio de Quadra;;;0;0;2;0;0;0;0;0;0;0;0;0;-3,785914000000000;-38,544078000000000
269873;23;5;2015;12:54;0;AV A CJ ESPERANCA;;;0;;Colis?úo;Luz do Dia;;;Meio de Quadra;;;0;0;2;0;0;0;0;0;0;0;0;0;;
269878;23;5;2015;17:29;0;RUA PRO JOSE HENRIQUE;;;1362;;Colis?úo;Anoitecer;;;Meio de Quadra;;;0;0;2;0;0;0;0;0;0;0;0;0;;
269880;23;5;2015;19:30;6929;AV PENETRACAO NORTE SUL;AV CONTORNO SUL D71;;0;;Colis?úo;;;;;;;0;0;2;0;0;0;0;0;0;0;0;0;-3,814629000000000;-38,593128000000000
269900;23;5;2015;20:33;16280;RUA ANTONIO BARBOSA;RUA LEITAO CERQUEIRA;;0;;Colis?úo;;;;Cruz;Pare;Residencial;0;0;2;0;0;0;0;0;0;0;0;0;-3,829333000000000;-38,563988000000000
261732;23;5;2015;11:30;0;RUA GUILHERME V DA COSTA;;;63;;Colis?úo;Luz do Dia;;;Meio de Quadra;;;0;0;2;1;0;0;0;0;0;0;0;0;-3,798631000000000;-38,570507000000000
261545;24;5;2015;09:47;0;RUA TEN LAURO;;;0;;Colis?úo;Luz do Dia;;;Meio de Quadra;;;0;0;2;1;1;0;0;0;0;0;0;0;;
270083;24;5;2015;00:36;24939;AV BEZERRA DE MENEZES;RUA CEL MOZART GONDIM;;0;;Colis?úo;;;;Cruz;Sem?íforo;Comercial;0;0;2;0;0;0;0;0;0;0;0;0;-3,734449000000000;-38,558651000000000
270088;24;5;2015;00:59;0;RUA VALPARAISO;;;0;;Colis?úo;;;;Meio de Quadra;;;0;0;2;0;0;0;0;0;0;0;0;0;;
270089;24;5;2015;01:06;0;RUA ALCINO GUANABARA;;;575;;Colis?úo;;;;Meio de Quadra;;;0;0;2;0;0;0;0;0;0;0;0;0;-3,819460000000000;-38,598545000000000
270090;24;5;2015;02:05;0;RUA TAQUATIARA;;;223;;Colis?úo;;;;Meio de Quadra;;;0;0;2;0;0;0;0;0;0;0;0;0;-3,830410000000000;-38,501923000000000
270091;24;5;2015;03:33;0;RUA HOMEM DE MELO;;;545;;Colis?úo;;;;Meio de Quadra;;;0;0;2;0;0;0;0;0;0;0;0;0;-3,815243000000000;-38,493607000000000
270093;24;5;2015;09:52;0;AV COS GOMES DE FREITAS (SAPIRANGA/COITE);;;3188;;Colis?úo;Luz do Dia;;;Meio de Quadra;;;0;0;2;0;0;0;0;0;0;0;0;0;-3,795560000000000;-38,478175000000000
270094;24;5;2015;18:14;10453;AV I CJ CEARA;RUA DAS PEDRINHAS;;0;;Colis?úo;Anoitecer;;;;;;0;0;2;0;0;0;0;0;0;0;0;0;-3,766922000000000;-38,601152000000000
270098;24;5;2015;20:00;0;TR MARIA FRANCISCA DA CONCEICAO;;;1291;;Colis?úo;;;;Meio de Quadra;;;0;0;2;0;0;0;0;0;0;0;0;0;;
270085;24;5;2015;00:49;0;AV GODOFREDO MACIEL;;;2440;;Colis?úo;;;;Meio de Quadra;;;0;0;2;0;0;0;0;0;0;0;0;0;-3,796928000000000;-38,570061000000000
270086;24;5;2015;00:58;18730;RUA 35 CJ HAB ST S JOAO;RUA VERDE 3  ST SAO JOAO;;0;;Colis?úo;;;;;;;0;0;2;0;0;0;0;0;0;0;0;0;-3,846877000000000;-38,518525000000000
270176;24;5;2015;21:35;0;AV GOV PARSIFAL BARROSO;;;0;;Colis?úo;;;;Meio de Quadra;;;0;0;2;0;0;0;0;0;0;0;0;0;;
251622;24;5;2015;15:45;3779;RUA VINTE E QUATRO DE MAIO;RUA ANTONIO POMPEU;;0;;Colis?úo Transversal;Luz do Dia;Bom;Seca;Cruz;Pare;Comercial;0;3;0;0;0;0;0;0;0;1;0;0;-3,733667000000000;-38,534186000000000
251623;24;5;2015;10:00;5436;RUA GAL CLARINDO DE QUEIROZ;RUA JAIME BENEVOLO;;0;;Colis?úo Transversal;;Bom;Seca;Cruz;Pare;Comercial;0;0;2;1;0;0;0;0;0;0;0;0;-3,734060000000000;-38,526017000000000
251624;24;5;2015;13:40;0;RUA CARLOS AMORA;;;0;;Colis?úo;Luz do Dia;Bom;Seca;Meio de Quadra;N?úo H?í Controle;Comercial;0;1;1;0;1;1;0;0;0;0;0;0;;
251625;24;5;2015;07:20;15224;AV BAR STUDART;RUA DEP MOREIRA DA ROCHA;;0;;Colis?úo Transversal;Luz do Dia;Bom;Seca;Cruz;Sem?íforo;Residencial;0;0;2;1;0;0;0;0;0;0;0;0;-3,727254000000000;-38,504238000000000
251627;24;5;2015;13:15;6810;RUA BENTO ALBUQUERQUE;RUA JOSE BORBA VASCONCELOS;;0;;Colis?úo Transversal;Luz do Dia;Bom;Seca;Cruz;Pare;Outros;0;1;1;1;0;0;0;0;0;0;0;0;-3,747266000000000;-38,472258000000000
251628;24;5;2015;19:00;0;AV DR SILAS MUNGUBA;;;5690;;Colis?úo Traseira;Via Iluminada;Bom;Seca;Meio de Quadra;Pare;Comercial;0;0;3;1;0;0;0;0;0;0;0;0;;
251629;24;5;2015;06:20;25000;RUA COSTA BARROS;AV DOM MANUEL;;0;;Colis?úo Transversal;Luz do Dia;Bom;Seca;Cruz;Sem?íforo;Residencial;0;0;2;1;0;0;0;0;0;0;0;0;-3,727381000000000;-38,520793000000000
251630;24;5;2015;10:20;8936;AV DOMINGOS OLIMPIO;RUA PRC ISABEL;;0;;Colis?úo Lateral;Luz do Dia;Bom;Seca;Cruz;Sem?íforo;Comercial;0;2;1;1;0;0;0;0;0;1;0;0;-3,734438000000000;-38,537790000000000
251631;24;5;2015;14:20;0;AV GAL OSORIO DE PAIVA;;;4390;;Colis?úo Traseira;Luz do Dia;Bom;Seca;Meio de Quadra;;Comercial;0;0;4;1;1;0;0;0;0;0;0;0;-3,796771000000000;-38,594374000000000
251632;24;5;2015;07:50;0;RUA GOMES DE FREITAS (PLANALTO AYRTON SENNA);;;3188;;Colis?úo Lateral;Luz do Dia;Bom;Seca;Meio de Quadra;N?úo H?í Controle;Residencial;0;1;1;1;0;0;0;0;0;0;0;0;;
251633;24;5;2015;;25058;AV AUGUSTO DOS ANJOS;RUA VITAL BRASIL;;0;;Colis?úo Transversal;;Bom;Seca;Outros;;Comercial;0;1;2;1;0;0;0;0;0;1;0;0;-3,782734000000000;-38,581387000000000
251634;24;5;2015;20:00;0;AV PRS COSTA E SILVA;;;0;;Colis?úo;Via Iluminada;Bom;Seca;Meio de Quadra;N?úo H?í Controle;Outros;0;0;2;1;0;0;0;0;0;0;0;0;;
251635;24;5;2015;10:20;13390;RUA ILDEFONSO ALBANO;RUA JOAO BRIGIDO;;0;;Colis?úo Lateral;Luz do Dia;Bom;Seca;Cruz;Sem?íforo;Comercial;0;1;1;1;0;0;0;0;0;0;0;0;-3,740605000000000;-38,515750000000000
251636;24;5;2015;06:50;0;AV PRS CASTELO BRANCO;;;0;;Colis?úo Traseira;Luz do Dia;Nublado;Seca;Meio de Quadra;;Residencial;0;0;2;1;0;0;0;0;0;0;0;0;;
251637;24;5;2015;17:30;0;AV JOAO PESSOA;;;6933;;Colis?úo Traseira;Via Iluminada;Bom;Seca;Meio de Quadra;N?úo H?í Controle;Residencial;1;0;1;1;0;0;0;0;0;1;0;0;-3,770339000000000;-38,561088000000000
251638;24;5;2015;12:50;22704;RUA MIN ABNER VASCONCELOS;RUA TAB JOAQUIM COELHO;;0;;Colis?úo Transversal;Luz do Dia;Bom;Seca;Cruz;Pare;Residencial;0;0;2;1;0;0;0;0;0;0;0;0;-3,796908000000000;-38,478979000000000
251639;24;5;2015;11:20;5407;AV DUQ CAXIAS;RUA SOLON PINHEIRO;;0;;Colis?úo Transversal;Luz do Dia;Bom;Seca;Cruz;Sem?íforo;Comercial;0;3;0;1;0;0;0;0;0;1;0;0;-3,732704000000000;-38,527034000000000
251640;24;5;2015;08:00;0;RUA MARIA GOMES DE SA;;;1301;;Colis?úo Lateral;Luz do Dia;Bom;Seca;Meio de Quadra;N?úo H?í Controle;Residencial;0;1;1;1;0;0;0;0;0;0;0;0;-3,825598000000000;-38,582114000000000
258937;24;5;2015;13:20;0;RD BR 116;;;3000;KM-03;Colis?úo Transversal;Luz do Dia;Bom;Seca;Meio de Quadra;N?úo H?í Controle;Comercial;0;2;1;1;0;0;0;0;0;0;0;0;-3,779838000000000;-38,514372000000000
263166;24;5;2015;15:40;18416;RUA AUZIR SAMPAIO;AV SGT HERMINIO SAMPAIO;;0;;Colis?úo;Luz do Dia;;;Cruz;N?úo H?í Controle;Comercial;0;1;0;1;0;0;0;0;0;1;0;0;-3,728495000000000;-38,571691000000000
257300;24;5;2015;00:15;0;AV SEN CARLOS JEREISSATI (AEROPORTO);;;3000;AEROPORTO;Colis?úo Traseira;Mal Iluminada;Bom;Seca;Meio de Quadra;N?úo H?í Controle;Outros;0;0;2;1;0;0;0;0;0;0;0;0;-3,780382000000000;-38,541414000000000
257293;24;5;2015;13:30;3800;AV 13 DE MAIO;RUA CAIO CARLOS;;0;;;Luz do Dia;Bom;Seca;Cruz;N?úo H?í Controle;Comercial;0;1;1;0;0;0;0;0;0;1;0;0;-3,738286000000000;-38,542160000000000
257193;24;5;2015;18:50;15909;RUA PDE PEDRO DE ALENCAR;RUA VENEZA;;0;;Colis?úo Lateral;;Bom;Seca;Duplo T;Pare;Residencial;0;2;1;1;0;0;0;0;0;1;0;0;-3,836296000000000;-38,494157000000000
257153;24;5;2015;13:00;26190;AV AUGUSTO DOS ANJOS;RUA SOUSA CARVALHO;;0;;Colis?úo Transversal;Luz do Dia;Bom;Seca;T;Pare;Comercial;0;1;1;0;0;0;0;0;0;1;0;0;-3,785105000000000;-38,583417000000000
259677;24;5;2015;21:45;0;RD CE-040;;;0;KM-02;Choque c/ Obst?ículo Fixo;;Bom;Seca;Meio de Quadra;;;0;0;1;1;0;0;0;0;0;0;0;0;-3,776479000000000;-38,481598000000000
259655;24;5;2015;05:00;0;AV SEN CARLOS JEREISSATI (AEROPORTO);;;0;KM 03;Choque c/ Obst?ículo Fixo;Amanhecer;Bom;Molhada;Meio de Quadra;;;0;0;1;1;0;0;0;0;0;0;0;0;-3,780382000000000;-38,541414000000000
262609;24;5;2015;23:11;1394;RUA TIBURCIO CAVALCANTE;RUA TORRES CAMARA;;0;;Colis?úo;;;;Cruz;Sem?íforo;Comercial;0;1;1;1;0;0;0;0;0;1;0;0;-3,736933000000000;-38,502906000000000
262614;24;5;2015;00:32;0;RUA JOR ANTONIO P TAVARES;;;0;;Atropelamento;;;;Meio de Quadra;;;0;1;0;0;0;0;0;0;0;0;0;0;-3,814136000000000;-38,506778000000000
262615;24;5;2015;02:16;0;AV DA INDEPENDENCIA;;;841;;Queda;;;;Meio de Quadra;;;0;1;0;0;0;0;0;0;0;1;0;0;-3,727784000000000;-38,587916000000000
262616;24;5;2015;02:45;0;RUA MARTINS NETO;;;0;;Colis?úo;;;;Meio de Quadra;;;0;1;0;0;0;0;0;0;0;0;0;0;-3,739660000000000;-38,584068000000000
262617;24;5;2015;04:25;0;AV GAL OSORIO DE PAIVA;;;0;;Colis?úo;;;;Meio de Quadra;;;0;1;0;0;0;0;0;0;0;0;0;0;-3,783010000000000;-38,578139000000000
262618;24;5;2015;06:42;0;AV PONTES VIEIRA;;;0;;Colis?úo;Luz do Dia;;;Meio de Quadra;;;0;1;1;0;0;0;0;0;0;1;0;0;-3,752482000000000;-38,511387000000000
262625;24;5;2015;16:53;0;AV MR HULL;;;0;;Colis?úo;Luz do Dia;;;Meio de Quadra;;;0;1;0;1;0;0;0;0;0;0;0;0;-3,739224000000000;-38,588748000000000
262626;24;5;2015;17:27;0;RUA RIO VENTURA;;;0;;Colis?úo;Anoitecer;;;Meio de Quadra;;;0;1;1;0;0;0;0;0;0;1;0;0;;
262627;24;5;2015;18:28;10101;RUA NEREIDE;RUA MARIA JULIA;;0;;Colis?úo;Anoitecer;;;Cruz;N?úo H?í Controle;Residencial;0;1;1;1;0;0;0;0;0;1;0;0;-3,787683000000000;-38,598438000000000
262628;24;5;2015;19:23;0;RUA SAO BENEDITO;;;0;;Colis?úo;;;;Meio de Quadra;;;0;1;1;1;0;0;0;0;0;1;0;0;;
262629;24;5;2015;19:58;0;RUA PDE CICERO;;;0;;Atropelamento;;;;Meio de Quadra;;;0;1;1;1;0;0;0;0;0;0;0;0;-3,741251000000000;-38,548387000000000
262631;24;5;2015;22:23;0;RUA ANTONIO BARBOSA;;;0;;Colis?úo;;;;Meio de Quadra;;;0;1;1;1;0;0;0;0;0;1;0;0;;
262632;24;5;2015;22:53;0;AV ENG HUMBERTO MONTE;;;0;;Choque c/ Obst?ículo Fixo;;;;Meio de Quadra;;;0;1;0;1;0;0;0;0;0;0;0;0;;
262633;24;5;2015;23:02;0;AV SEN FERNANDES TAVORA;;;0;;Colis?úo;;;;Meio de Quadra;;;0;1;0;0;0;0;0;0;0;0;0;0;;
262620;24;5;2015;09:23;0;RUA MIN ALBUQUERQUE LIMA;;;0;;Queda;Luz do Dia;;;Meio de Quadra;;;0;1;0;0;0;0;0;0;0;1;0;0;;
262621;24;5;2015;12:17;0;AV FRANCISCO SA;;;4180;;Colis?úo;Luz do Dia;;;Meio de Quadra;;;0;1;1;0;0;0;0;0;0;1;0;0;-3,715787000000000;-38,562154000000000
262622;24;5;2015;13:04;0;AV GODOFREDO MACIEL;;;0;;Colis?úo;Luz do Dia;;;Meio de Quadra;;;0;1;1;1;0;0;0;0;0;1;0;0;-3,832233000000000;-38,581359000000000
272013;24;5;2015;00:33;0;AV DOS EXPEDICIONARIOS;;;3420;;Choque c/ Obst?ículo Fixo;;;;Meio de Quadra;;;0;0;1;0;0;0;0;0;0;0;0;0;-3,748391000000000;-38,536126000000000
272014;24;5;2015;00:39;0;AV D CJ JOSE WALTER;;;0;;Choque c/ Obst?ículo Fixo;;;;Meio de Quadra;;;0;0;1;0;0;0;0;0;0;0;0;0;;
272015;24;5;2015;00:44;0;RUA 15 DE NOVEMBRO;;;499;;Colis?úo;;;;Meio de Quadra;;;0;0;2;0;0;0;0;0;0;0;0;0;-3,768987000000000;-38,555713000000000
272017;24;5;2015;13:09;0;RUA GOMES PASSOS;;;435;;Colis?úo;Luz do Dia;;;Meio de Quadra;;;0;0;2;0;0;0;0;0;0;0;0;0;-3,711626000000000;-38,559991000000000
272018;24;5;2015;18:40;0;RUA HOMEM DE MELO;;;515;;Colis?úo;;;;Meio de Quadra;;;0;0;2;0;0;0;0;0;0;0;0;0;-3,815360000000000;-38,493871000000000
272021;24;5;2015;19:35;0;RUA GETULIO VARGAS;;;932;;Atropelamento;;;;Meio de Quadra;;;0;0;2;0;0;0;0;0;0;0;0;0;-3,818932000000000;-38,592647000000000