COD_ACIDENTE;DIA;MES;ANO;HORA;INTERSECAO;LOG1;LOG2;LOG3;NUMERO;REFERENCIA;NATUREZA;ILUMINACAO;TEMPO;SUPERFICIEPISTA;TIPOCRUZAMENTO;CONTROLETRAFEGO;USOSOLO;MORTOS;FERIDOS;ILESOS;AUTOMOVEL;ONIBUS;BICICLETA;CAMINHAO;MICROONIBUS;CICLOMOTOR;MOTOCICLETA;TRACAOANIMAL;TREM;LATITUDE;LONGITUDE
272022;24;5;2015;20:40;0;RUA TEN JURANDIR ALENCAR;;;101;;Colis?úo;;;;Meio de Quadra;;;0;0;2;0;0;0;0;0;0;0;0;0;;
272024;24;5;2015;21:18;0;RUA ANTERO QUENTAL;;;0;;Colis?úo;;;;Meio de Quadra;;;0;0;2;0;0;0;0;0;0;0;0;0;;
272025;24;5;2015;21:21;0;AV DA INDEPENDENCIA;;;2205;;Colis?úo;;;;Meio de Quadra;;;0;0;2;0;0;0;0;0;0;0;0;0;-3,724361000000000;-38,599625000000000
272027;24;5;2015;21:34;0;RUA ALMEIDA PRADO;;;0;;Colis?úo;;;;Meio de Quadra;;;0;0;2;0;0;0;0;0;0;0;0;0;;
272029;24;5;2015;21:57;0;AV CONTORNO NORTE D71;;;885;;Colis?úo;;;;Meio de Quadra;;;0;0;2;0;0;0;0;0;0;0;0;0;;
272031;25;5;2015;10:19;0;RUA ANASTACIO BRAGA;;;0;;Colis?úo;Luz do Dia;;;Meio de Quadra;;;0;0;2;0;0;0;0;0;0;0;0;0;;
272033;25;5;2015;10:44;0;RUA ALBERTO MAGNO;;;123;;Colis?úo;Luz do Dia;;;Meio de Quadra;;;0;0;2;0;0;0;0;0;0;0;0;0;-3,757182000000000;-38,543239000000000
272044;25;5;2015;11:21;0;AV SGT HERMINIO SAMPAIO;;;3983;;Colis?úo;Luz do Dia;;;Meio de Quadra;;;0;0;2;0;0;0;0;0;0;0;0;0;-3,730295000000000;-38,576134000000000
272046;25;5;2015;12:35;0;RUA ANTONIO POMPEU;;;0;;Colis?úo;Luz do Dia;;;Meio de Quadra;;;0;0;2;0;0;0;0;0;0;0;0;0;;
272048;25;5;2015;14:29;1485;RUA ANTONIO AUGUSTO;RUA PDE VALDEVINO;;0;;Colis?úo;Luz do Dia;;;Cruz;Pare;Comercial;0;0;2;0;0;0;0;0;0;0;0;0;-3,739239000000000;-38,516489000000000
272049;25;5;2015;14:43;0;AV ROGACIANO LEITE;;;0;;Colis?úo;Luz do Dia;;;Meio de Quadra;;;0;0;2;0;0;0;0;0;0;0;0;0;;
272051;25;5;2015;20:19;0;RUA 422 CJ CEARA;;;35;;Colis?úo;;;;Meio de Quadra;;;0;0;2;0;0;0;0;0;0;0;0;0;-3,759730000000000;-38,605840000000000
262642;25;5;2015;17:20;0;RUA MON SABINO FEIJAO;;;0;;Queda;Anoitecer;;;Meio de Quadra;;;0;1;0;0;0;0;0;0;0;1;0;0;;
262644;25;5;2015;17:34;0;AV CEL CARVALHO;;;0;;Colis?úo;Anoitecer;;;Meio de Quadra;;;0;1;0;0;0;0;0;0;0;0;0;0;;
262646;25;5;2015;17:45;0;AV WASHINGTON LUIS;;;0;;Colis?úo;Anoitecer;;;Meio de Quadra;;;0;1;1;1;0;0;0;0;0;1;0;0;-3,716543000000000;-38,592872000000000
262647;25;5;2015;18:23;0;AV ENG HUMBERTO MONTE;;;0;;Colis?úo;Anoitecer;;;Meio de Quadra;;;0;1;1;1;0;0;0;0;0;1;0;0;-3,743930000000000;-38,564738000000000
262649;25;5;2015;18:29;0;AV AGUANAMBI;;;0;;Capotamento;Anoitecer;;;Meio de Quadra;;;0;1;0;0;0;0;0;0;0;1;0;0;-3,742927000000000;-38,525805000000000
262634;25;5;2015;06:43;0;AV MIN JOSE AMERICO;;;0;;Colis?úo;Luz do Dia;;;Meio de Quadra;;;0;1;1;0;0;0;0;0;0;1;0;0;-3,811619000000000;-38,496652000000000
262635;25;5;2015;08:26;18060;RUA PRO MOZART SOLON;AV DIOGUINHO;;0;;Colis?úo;Luz do Dia;;;Cruz;Pare;Lazer;0;1;0;1;0;0;0;0;0;0;0;0;-3,738210000000000;-38,455185000000000
262636;25;5;2015;08:43;0;RUA JULIO BRAGA;;;0;;Colis?úo;Luz do Dia;;;Meio de Quadra;;;0;1;1;1;0;0;0;0;0;1;0;0;;
262637;25;5;2015;09:28;0;AV FRANCISCO SA;;;0;;Atropelamento;Luz do Dia;;;Meio de Quadra;;;0;1;1;1;0;0;0;0;0;0;0;0;-3,713340000000000;-38,569272000000000
262638;25;5;2015;09:47;371;RUA ERICO MOTA;RUA ZEMARIO MAMEDE;;0;;Colis?úo;Luz do Dia;;;Cruz;Pare;Residencial;0;1;1;1;0;0;0;0;0;1;0;0;-3,748689000000000;-38,560266000000000
262639;25;5;2015;12:16;0;RUA ANTONIO CARNEIRO;;;0;;Colis?úo;Luz do Dia;;;Meio de Quadra;;;0;1;1;1;0;0;0;0;0;1;0;0;;
262640;25;5;2015;13:02;0;RUA VICENTE LINHARES;;;0;;Colis?úo;Luz do Dia;;;Meio de Quadra;;;0;1;1;1;0;0;0;0;0;1;0;0;;
259678;25;5;2015;19:30;0;RD CE-040;;;0;KM-07;Colis?úo;;Bom;Seca;Meio de Quadra;;;0;0;2;1;0;0;0;0;0;0;0;0;-3,817953000000000;-38,483160000000000
262158;25;5;2015;13:07;0;RUA 1018 CJ CEARA;;;0;;Atropelamento;Luz do Dia;;;Meio de Quadra;;;0;1;1;0;0;0;0;0;0;1;0;0;;
263176;25;5;2015;14:00;17645;RUA JOSE PEDRA;TR JOSE PEDRA D44;;0;;Colis?úo;Luz do Dia;;;;;;0;1;0;1;0;0;0;0;0;0;0;0;;
263171;25;5;2015;01:10;0;RUA DO CANAL (TAUAPE);;;1054;;Colis?úo;;;;Meio de Quadra;;;0;1;0;0;0;0;0;0;0;0;0;0;;
263184;25;5;2015;16:00;0;RUA CON DE CASTRO;;;4594;;Colis?úo;Luz do Dia;;;Meio de Quadra;;;0;1;0;0;0;0;0;0;0;1;0;0;-3,805617000000000;-38,592471000000000
263186;25;5;2015;19:50;0;RUA PAULO FIRMEZA;;;0;;Colis?úo;;;;Meio de Quadra;;;0;1;0;1;0;0;0;0;0;0;0;0;;
258938;25;5;2015;06:50;0;RD BR 116;;;12000;KM-12;Colis?úo Traseira;Luz do Dia;Chuva;Molhada;Meio de Quadra;N?úo H?í Controle;Comercial;0;0;8;1;0;0;0;0;0;0;0;0;-3,855740000000000;-38,496066000000000
258943;25;5;2015;06:50;0;RD BR 116;;;12000;KM-12;Colis?úo Traseira;Luz do Dia;Bom;Seca;Meio de Quadra;N?úo H?í Controle;Comercial;0;0;3;1;0;0;1;0;0;0;0;0;-3,855740000000000;-38,496066000000000
258941;25;5;2015;05:50;0;RD BR 116;;;12000;KM-12;Colis?úo Traseira;Amanhecer;Chuva;Molhada;Meio de Quadra;N?úo H?í Controle;Comercial;0;0;3;1;0;0;1;0;0;0;0;0;-3,855740000000000;-38,496066000000000
251641;25;5;2015;21:10;0;AV 13 DE MAIO;;;0;;Colis?úo Traseira;Via Iluminada;Bom;Seca;Outros;Pare;Comercial;0;0;2;1;0;0;0;0;0;0;0;0;;
251642;25;5;2015;11:40;12457;RUA PRO GOMES BRASIL;AV JOSE BASTOS;;0;;Colis?úo Traseira;Luz do Dia;Bom;Seca;Cruz;Sem?íforo;Comercial;0;0;3;1;0;0;0;0;0;0;0;0;-3,770153000000000;-38,570427000000000
251643;25;5;2015;21:20;6817;RUA BENTO ALBUQUERQUE;RUA FRANCISCO MATOS;;0;;Colis?úo Lateral;Via Iluminada;Bom;Seca;Cruz;Pare;Residencial;0;0;2;1;0;0;0;0;0;0;0;0;-3,747862000000000;-38,470436000000000
251644;25;5;2015;16:00;4615;RUA CRISANTO M DA ROCHA;RUA JOSE ANASTACIO DIAS;;0;;Colis?úo Transversal;Luz do Dia;Bom;Seca;Cruz;Pare;Comercial;0;0;2;1;0;0;0;0;0;0;0;0;-3,797667000000000;-38,480432000000000
251675;25;5;2015;12:30;0;AV CARAPINIMA;;;2608;;Colis?úo Traseira;Luz do Dia;Bom;Seca;Meio de Quadra;N?úo H?í Controle;Residencial;0;0;2;1;0;0;0;0;0;0;0;0;-3,741855000000000;-38,542097000000000
251660;25;5;2015;14:45;0;AV GOV RAUL BARBOSA;;;7041;;Colis?úo Traseira;Luz do Dia;Bom;Seca;Meio de Quadra;;Residencial;0;1;1;1;0;0;0;0;0;1;0;0;-3,774745000000000;-38,512916000000000
251658;25;5;2015;15:10;0;AV BEZERRA DE MENEZES;;;1256;;Engavetamento;Luz do Dia;Bom;Seca;Meio de Quadra;Sem?íforo;Comercial;0;1;2;1;0;0;0;0;0;0;0;0;-3,734015000000000;-38,556489000000000
251662;25;5;2015;10:35;0;AV SEN CARLOS JEREISSATI (AEROPORTO);;;3000;AEROPORTO;Colis?úo Traseira;Luz do Dia;Bom;Seca;Outros;;Outros;0;0;2;1;0;0;0;0;0;0;0;0;-3,780382000000000;-38,541414000000000
251663;25;5;2015;07:00;0;RUA CANUTO DE AGUIAR;;;272;;Colis?úo Transversal;Luz do Dia;Bom;Seca;Meio de Quadra;Outros;Residencial;0;0;2;1;0;0;0;0;0;0;0;0;-3,729069000000000;-38,500280000000000
251664;25;5;2015;08:10;0;RUA JOSE AVELINO;;;800;;Colis?úo Lateral;Luz do Dia;Bom;Seca;Meio de Quadra;N?úo H?í Controle;Comercial;0;0;2;1;0;0;0;0;0;0;0;0;-3,722616000000000;-38,515839000000000
251665;25;5;2015;13:25;0;AV DEP PAULINO ROCHA;;;0;ROTAT?ôRIA;Colis?úo Traseira;;Bom;Seca;Meio de Quadra;D?¬ Prefer?¬ncia;Lazer;0;0;2;1;0;0;0;0;0;0;0;0;;
251666;25;5;2015;07:50;0;AV ANTONIO SALES;;;1997;;Colis?úo Traseira;Luz do Dia;Bom;Seca;Meio de Quadra;Sem?íforo;Residencial;0;0;2;1;0;0;0;0;0;0;0;0;-3,744261000000000;-38,506235000000000
251667;25;5;2015;07:30;17352;AV JOAO PESSOA;RUA ELVIRA PINHO;;0;;Colis?úo Transversal;Luz do Dia;Nublado;Seca;Cruz;Pare;Misto;0;0;3;1;1;0;0;0;0;0;0;0;-3,765499000000000;-38,559092000000000
251668;25;5;2015;10:00;17331;RUA ROMEU MARTINS;RUA BAR CANINDE;;0;;Colis?úo Transversal;Luz do Dia;Bom;Seca;Cruz;Pare;Misto;0;0;2;1;0;0;0;0;0;0;0;0;-3,764890000000000;-38,554694000000000
251652;25;5;2015;09:00;23617;AV SGT HERMINIO SAMPAIO;RUA CHASTINET GUIMARAES;;0;;Colis?úo Transversal;Luz do Dia;Bom;Seca;Cruz;N?úo H?í Controle;Residencial;0;1;1;1;0;0;0;0;0;1;0;0;-3,727089000000000;-38,564546000000000
251653;25;5;2015;11:30;9176;AV EDUARDO GIRAO;AV AGUANAMBI;;0;;Colis?úo Lateral;Luz do Dia;Bom;Seca;Rotat??ria;N?úo H?í Controle;Comercial;0;0;2;1;0;0;0;0;0;0;0;0;-3,755303000000000;-38,523639000000000
251654;25;5;2015;17:30;0;AV CEL CARVALHO;;;250;;Colis?úo Traseira;Via Iluminada;Bom;Seca;Meio de Quadra;Outros;Comercial;0;2;0;0;1;0;0;0;0;1;0;0;-3,705064000000000;-38,591138000000000
251655;25;5;2015;12:00;6024;AV B CJ CEARA;AV F CJ CEARA;;0;;Colis?úo Lateral;Luz do Dia;Bom;Seca;Cruz;Pare;Residencial;0;1;1;1;0;0;0;0;0;1;0;0;-3,764735000000000;-38,604951000000000
251656;25;5;2015;15:00;0;AV TRISTAO GONCALVES;;;0;;Atropelamento;Luz do Dia;Bom;Seca;Meio de Quadra;Sem?íforo;Comercial;0;2;0;0;0;0;0;0;0;1;0;0;-3,728341000000000;-38,533568000000000
251646;25;5;2015;06:35;13366;RUA DNA LEOPOLDINA;RUA JOAO BRIGIDO;;0;;Colis?úo Transversal;Luz do Dia;Bom;Seca;Cruz;Sem?íforo;Residencial;0;0;2;1;0;0;0;0;0;0;0;0;-3,738646000000000;-38,522203000000000
251647;25;5;2015;08:40;0;AV PONTES VIEIRA;;;833;;Colis?úo Lateral;Luz do Dia;Bom;Seca;Meio de Quadra;N?úo H?í Controle;Comercial;0;1;1;1;0;0;0;0;0;1;0;0;;
251648;25;5;2015;09:30;0;AV MOZART PINHEIRO DE LUCENA;;;1140;;Capotamento;Luz do Dia;Bom;Seca;Meio de Quadra;N?úo H?í Controle;Residencial;0;1;1;1;0;0;0;0;0;0;0;0;-3,712724000000000;-38,594089000000000
251649;25;5;2015;08:00;0;AV JOVITA FEITOSA;;;293;;Colis?úo Transversal;Luz do Dia;Bom;Seca;Meio de Quadra;Sem?íforo;Comercial;0;0;2;1;0;0;0;0;0;0;0;0;-3,737776000000000;-38,546382000000000
251650;25;5;2015;18:30;25127;AV ENG HUMBERTO MONTE;RUA BOLIVIA;;0;;Colis?úo Transversal;Via Iluminada;;Seca;Cruz;Pare;Residencial;0;1;1;1;0;0;0;0;0;1;0;0;-3,743796000000000;-38,564826000000000
251670;25;5;2015;08:40;9139;RUA MON OTAVIO CASTRO;RUA CEL PERGENTINO FERREIRA;;0;;Colis?úo Lateral;;Bom;Seca;Cruz;;Residencial;0;0;2;1;0;0;0;0;0;1;0;0;-3,748970000000000;-38,526704000000000
251671;25;5;2015;07:50;17277;AV PRO GOMES DE MATOS;RUA SATIRO DIAS;;0;;Colis?úo Lateral;Luz do Dia;Nublado;Seca;Cruz;Sem?íforo;Comercial;0;1;1;0;0;0;0;0;0;1;0;0;-3,762623000000000;-38,546868000000000
270177;25;5;2015;12:44;23956;RUA ANTONIO CARNEIRO;AV TRAJANO DE MEDEIROS;;0;;Colis?úo;Luz do Dia;;;;;;0;0;2;0;0;0;0;0;0;0;0;0;;
270192;25;5;2015;18:24;0;AV PRS CASTELO BRANCO;;;0;;Colis?úo;Anoitecer;;;Meio de Quadra;;;0;0;2;0;0;0;0;0;0;0;0;0;;
270193;25;5;2015;21:44;0;RUA RUA 1 (MONDUBIM);;;0;;Colis?úo;;;;Meio de Quadra;;;0;0;2;0;0;0;0;0;0;0;0;0;;
251688;25;5;2015;18:20;9131;AV LUCIANO CARNEIRO;AV 13 DE MAIO;;0;;Colis?úo Lateral;Via Iluminada;Bom;Seca;Cruz;N?úo H?í Controle;Comercial;0;0;2;1;0;0;0;0;0;0;0;0;-3,747615000000000;-38,531331000000000
251689;25;5;2015;12:30;1492;RUA BARBOSA DE FREITAS;RUA PAULA NEI;;0;;Colis?úo Transversal;Luz do Dia;Bom;Seca;T;N?úo H?í Controle;Misto;0;0;2;1;0;0;0;0;0;0;0;0;-3,739481000000000;-38,498298000000000
251690;25;5;2015;01:00;0;RUA JOSE TEIXEIRA COSTA;;;0;;Colis?úo Transversal;Via Iluminada;Bom;Seca;Meio de Quadra;N?úo H?í Controle;Residencial;0;1;1;1;0;0;0;0;0;1;0;0;;
251684;25;5;2015;13:15;1599;AV SEN VIRGILIO TAVORA;RUA VICENTE LINHARES;;0;;Colis?úo Transversal;Luz do Dia;Bom;Seca;Cruz;Sem?íforo;Comercial;0;1;1;1;0;0;0;0;0;1;0;0;-3,743743000000000;-38,495370000000000
251685;25;5;2015;13:50;7872;AV PONTES VIEIRA;RUA LEONARDO MOTA;;0;;Colis?úo Transversal;Luz do Dia;Bom;Seca;T;N?úo H?í Controle;Comercial;0;1;1;0;0;0;0;0;0;1;0;0;-3,751263000000000;-38,500985000000000
251686;25;5;2015;15:40;6737;AV PDE ANTONIO TOMAS;AV ENG SANTANA JUNIOR;;0;;Colis?úo Traseira;;Bom;Seca;Cruz;Sem?íforo;Comercial;0;0;3;1;0;0;0;0;0;0;0;0;-3,743981000000000;-38,488012000000000
251680;25;5;2015;12:00;1579;RUA BARBOSA DE FREITAS;RUA VICENTE LINHARES;;0;;Colis?úo Lateral;Luz do Dia;Bom;Seca;Cruz;Sem?íforo;Residencial;0;0;2;0;0;0;0;0;0;0;0;0;-3,742487000000000;-38,499256000000000
251681;25;5;2015;14:20;0;AV ALM HENRIQUE SABOIA;;;0;;Colis?úo;Luz do Dia;Bom;Seca;Meio de Quadra;;;0;0;3;1;0;0;0;0;0;0;0;0;;
251676;25;5;2015;13:00;25307;AV DES GONZAGA;AV JOSE LEON;;0;;Colis?úo Transversal;Luz do Dia;Bom;Seca;Outros;N?úo H?í Controle;Misto;0;0;2;0;0;0;1;0;0;0;0;0;-3,787080000000000;-38,504513000000000
251677;25;5;2015;19:00;1420;AV SANTOS DUMONT;RUA CEL LINHARES;;0;;Colis?úo Transversal;Via Iluminada;Bom;Seca;Cruz;Pare;Comercial;0;0;2;1;1;0;0;0;0;0;0;0;-3,737489000000000;-38,494449000000000
251693;25;5;2015;08:40;0;AV PONTES VIEIRA;;;329;;Colis?úo Traseira;Luz do Dia;Bom;Seca;Meio de Quadra;Outros;Misto;0;0;2;1;0;0;0;0;0;0;0;0;-3,753196000000000;-38,517492000000000
251694;25;5;2015;14:20;19659;AV BEZERRA DE MENEZES;RUA CRUZ SALDANHA;;0;;Colis?úo Lateral;Luz do Dia;Bom;Seca;T;Pare;Comercial;0;0;2;1;0;0;1;0;0;0;0;0;-3,733569000000000;-38,554319000000000
251695;25;5;2015;17:30;24748;AV WASHINGTON LUIS;RUA ANTONIO ARRUDA;;0;;Colis?úo Transversal;;Bom;Seca;Cruz;;Residencial;0;2;0;1;0;0;0;0;0;1;0;0;-3,716519000000000;-38,592950000000000
251699;26;5;2015;14:10;0;AV SEN CARLOS JEREISSATI (AEROPORTO);;;0;;Colis?úo Transversal;Luz do Dia;Nublado;Seca;Outros;N?úo H?í Controle;Outros;0;0;2;1;0;0;0;0;0;0;0;0;;
251703;26;5;2015;09:15;7846;RUA JOSE VILAR;RUA JULIO SIQUEIRA;;0;;Choque c/ Obst?ículo Fixo;Luz do Dia;Chuva;Seca;Cruz;Pare;Residencial;0;0;1;1;0;0;0;0;0;0;0;0;-3,749493000000000;-38,509103000000000
251704;26;5;2015;20:30;15288;RUA VICENTE LEITE;RUA SILVA JATAHY;;0;;Colis?úo Lateral;Via Iluminada;Bom;Seca;Cruz;Pare;Residencial;0;1;1;1;0;0;0;0;0;1;0;0;-3,729302000000000;-38,492910000000000
251705;26;5;2015;08:00;6745;RUA BENTO ALBUQUERQUE;RUA PRO OTAVIO LOBO;;0;;Colis?úo Traseira;Luz do Dia;Chuva;Molhada;Cruz;Sem?íforo;Residencial;0;0;2;1;0;0;0;0;0;0;0;0;-3,745035000000000;-38,479196000000000
251706;26;5;2015;10:20;9153;AV 13 DE MAIO;RUA PAULA RODRIGUES;;0;;Colis?úo Traseira;Luz do Dia;Chuva;Seca;T;Sem?íforo;Comercial;0;0;2;1;0;0;0;0;0;0;0;0;-3,752271000000000;-38,525876000000000
251707;26;5;2015;07:40;3779;RUA ANTONIO POMPEU;RUA VINTE E QUATRO DE MAIO;;0;;Colis?úo Transversal;Luz do Dia;Nublado;Molhada;Cruz;Pare;Comercial;0;0;2;1;0;0;0;0;0;0;0;0;-3,733667000000000;-38,534186000000000
251708;26;5;2015;09:00;13495;RUA ILDEFONSO ALBANO;RUA CEL ALVES TEIXEIRA;;0;;Colis?úo Lateral;Luz do Dia;;;Cruz;Pare;Residencial;0;0;2;1;0;0;0;0;0;0;0;0;-3,745590000000000;-38,517296000000000
251709;26;5;2015;19:30;0;AV PONTES VIEIRA;;;177;VIADUTO;Colis?úo Traseira;Via Iluminada;Bom;Seca;Meio de Quadra;N?úo H?í Controle;Comercial;0;0;3;1;0;0;0;0;0;0;0;0;-3,753338000000000;-38,518720000000000
251710;26;5;2015;07:50;0;RUA PDE PEDRO DE ALENCAR;;;2230;;Colis?úo Traseira;Luz do Dia;Chuva;Molhada;Meio de Quadra;Outros;;0;0;2;1;0;0;1;0;0;0;0;0;-3,848194000000000;-38,494791000000000
251711;26;5;2015;11:00;0;AV PONTES VIEIRA;;;2571;;Engavetamento;Luz do Dia;Chuva;Seca;Meio de Quadra;Sem?íforo;Comercial;0;0;3;1;0;0;0;0;0;0;0;0;-3,750970000000000;-38,498538000000000
251712;26;5;2015;11:00;0;AV PONTES VIEIRA;;;669;;;Luz do Dia;Bom;Seca;Meio de Quadra;Sem?íforo;Comercial;0;0;2;1;0;0;0;0;0;0;0;0;-3,752917000000000;-38,515135000000000
251713;26;5;2015;09:10;12745;RUA JULIO CESAR D12;RUA ANA NERY;;0;;Colis?úo Transversal;Luz do Dia;;Molhada;Cruz;Pare;Misto;0;1;1;1;0;0;0;0;0;0;0;0;-3,751712000000000;-38,544349000000000
251714;26;5;2015;08:30;7608;AV DR SILAS MUNGUBA;RUA MAL BITENCOURT;;0;;Colis?úo Traseira;Luz do Dia;Chuva;Molhada;T;Sem?íforo;Comercial;0;1;1;1;0;0;0;0;0;0;0;0;-3,796992000000000;-38,531678000000000
251715;26;5;2015;09:30;0;RUA HOLANDA;;;0;;;Luz do Dia;Chuva;Seca;Meio de Quadra;N?úo H?í Controle;Comercial;0;1;1;0;0;0;0;0;0;1;0;0;-3,808129000000000;-38,556054000000000
251753;26;5;2015;14:06;0;AV GAL OSORIO DE PAIVA;;;5852;;Colis?úo Traseira;Luz do Dia;Nublado;Seca;Meio de Quadra;Sem?íforo Intermitente;Comercial;0;0;2;1;0;0;1;0;0;0;0;0;-3,807594000000000;-38,604860000000000
251750;26;5;2015;22:45;23774;RUA GABRIEL FIUZA;RUA COM GARCIA;;0;;Colis?úo Transversal;;Bom;Seca;Cruz;Pare;Residencial;0;1;1;0;0;0;0;0;0;1;0;0;-3,788233000000000;-38,578685000000000
251748;26;5;2015;14:15;9176;AV EDUARDO GIRAO;AV AGUANAMBI;;0;;Colis?úo Lateral;Luz do Dia;Nublado;Seca;Rotat??ria;Sem?íforo;Comercial;0;0;2;1;0;0;1;0;0;0;0;0;-3,755303000000000;-38,523639000000000
251745;26;5;2015;08:00;21326;RUA JOSE SOMBRA;RUA AZEVEDO BOLAO;;0;;Colis?úo;Luz do Dia;Chuva;Seca;Cruz;Pare;Residencial;0;0;2;1;0;0;0;0;0;0;0;0;-3,734235000000000;-38,547065000000000
251741;26;5;2015;11:10;0;AV AGUANAMBI;;;1212;;Colis?úo Traseira;Luz do Dia;Nublado;Molhada;Meio de Quadra;Sem?íforo;Comercial;0;1;2;1;0;0;0;0;0;0;0;0;-3,747473000000000;-38,524611000000000
251742;26;5;2015;09:00;2614;AV CEL CARVALHO;RUA DES HERMES PARAHYBA;;0;;Colis?úo Traseira;Luz do Dia;Chuva;Seca;Cruz;Sem?íforo;Misto;0;0;2;1;0;0;0;0;0;0;0;0;-3,713855000000000;-38,588830000000000
251729;26;5;2015;17:55;0;AV DOM LUIS;;;0;;Colis?úo Lateral;Via Iluminada;Bom;Seca;Meio de Quadra;N?úo H?í Controle;Comercial;0;0;2;0;0;0;0;0;0;0;0;0;;
251721;26;5;2015;09:00;7869;RUA BARBOSA DE FREITAS;RUA FRANCISCO HOLANDA;;0;;Colis?úo Transversal;Luz do Dia;Chuva;Seca;Cruz;Pare;Residencial;0;0;2;1;0;0;0;0;0;0;0;0;-3,749671000000000;-38,501555000000000
251731;26;5;2015;14:30;5436;RUA JAIME BENEVOLO;RUA GAL CLARINDO DE QUEIROZ;;0;;Colis?úo Transversal;Luz do Dia;Bom;Seca;Cruz;Pare;Comercial;0;0;2;1;0;0;0;0;0;0;0;0;-3,734060000000000;-38,526017000000000
251701;26;5;2015;10:00;0;RUA DES OTACILIO PEIXOTO;;;545;;Colis?úo Traseira;Luz do Dia;Chuva;Seca;Meio de Quadra;N?úo H?í Controle;Residencial;0;0;2;1;0;0;0;0;0;0;0;0;-3,800213000000000;-38,535632000000000
251719;26;5;2015;07:30;19686;RUA ERICO MOTA;AV BEZERRA DE MENEZES;;0;;Colis?úo Traseira;Luz do Dia;Chuva;Seca;T;Sem?íforo;Misto;0;1;1;1;0;0;0;0;0;0;0;0;-3,735357000000000;-38,562991000000000
251724;26;5;2015;19:40;0;AV AGUANAMBI;;;0;;Colis?úo Transversal;Via Iluminada;Bom;Seca;Meio de Quadra;N?úo H?í Controle;Comercial;0;0;2;1;1;0;0;0;0;0;0;0;;
251725;26;5;2015;04:00;0;AV ALM BARROSO;;;0;;Colis?úo Traseira;;Nublado;Seca;Meio de Quadra;;Comercial;0;1;5;1;0;0;1;0;0;0;0;0;;
251773;26;5;2015;19:30;15214;AV ABOLICAO;RUA LEONARDO MOTA;;0;;Colis?úo Transversal;Via Iluminada;Bom;Seca;T;Pare;Comercial;0;1;1;0;0;0;0;0;0;1;0;0;-3,726977000000000;-38,493236000000000
251774;26;5;2015;14:10;0;RUA PDE ANCHIETA;;;0;;Colis?úo Lateral;Luz do Dia;Nublado;Seca;Meio de Quadra;Sem?íforo;Comercial;0;0;2;1;0;0;0;0;0;0;0;0;;
251755;26;5;2015;15:40;17309;AV PRO GOMES DE MATOS;RUA ALFREDO DE CASTRO;;0;;Engavetamento;Luz do Dia;Nublado;Seca;T;Pare;Comercial;0;0;8;1;0;0;0;0;0;0;0;0;-3,764234000000000;-38,548267000000000
251771;26;5;2015;18:30;1367;RUA DES LEITE ALBUQUERQUE;RUA SABINO PIRES;;0;;Colis?úo Transversal;Anoitecer;Bom;Seca;T;N?úo H?í Controle;Comercial;0;1;1;0;0;0;0;0;0;1;0;0;-3,736380000000000;-38,501280000000000
251767;26;5;2015;10:30;0;AV AGUANAMBI;;;911;;Colis?úo;Luz do Dia;Chuva;Molhada;Meio de Quadra;N?úo H?í Controle;Comercial;0;0;2;0;1;0;0;0;0;0;0;0;-3,744755000000000;-38,525516000000000
251763;26;5;2015;06:00;12508;AV LINEU MACHADO;RUA ALUISIO AZEVEDO;;0;;Colis?úo Transversal;Luz do Dia;Nublado;Seca;Cruz;Sem?íforo;Residencial;0;0;2;1;0;0;0;0;0;0;0;0;-3,770212000000000;-38,579184000000000
261758;26;5;2015;09:48;0;TR ALBERTO MAGNO;;;0;;Colis?úo;Luz do Dia;;;Meio de Quadra;;;0;0;2;1;1;0;0;0;0;0;0;0;;
261764;26;5;2015;20:30;0;RUA OSCAR ARARIPE;;;0;;Colis?úo;;;;Meio de Quadra;;;0;0;2;1;0;0;0;0;0;0;0;0;;
270196;26;5;2015;06:15;0;RUA JATAI D71;;;439;;Colis?úo;Luz do Dia;;;Meio de Quadra;;;0;0;2;0;0;0;0;0;0;0;0;0;;
270201;26;5;2015;16:33;19539;AV DR SILAS MUNGUBA;RUA EQUADOR;;0;;Colis?úo;Luz do Dia;;;Cruz;Sem?íforo;Comercial;0;0;2;0;0;0;0;0;0;0;0;0;-3,782377000000000;-38,555434000000000
258966;26;5;2015;10:00;0;RD BR 222;;;0;KM-01;Colis?úo Lateral;Luz do Dia;Bom;Seca;Meio de Quadra;N?úo H?í Controle;Comercial;0;0;2;0;1;0;1;0;0;0;0;0;-3,737774000000000;-38,577952000000000
258945;26;5;2015;07:00;0;RD BR 116;;;5000;KM-05;Colis?úo Traseira;Luz do Dia;Chuva;Molhada;Meio de Quadra;N?úo H?í Controle;Comercial;0;0;2;1;0;0;0;0;0;0;0;0;-3,796502000000000;-38,506787000000000
258950;26;5;2015;19:00;0;RD BR 116;;;1000;KM-01;Colis?úo Transversal;Via Iluminada;Bom;Seca;Meio de Quadra;N?úo H?í Controle;Comercial;0;0;2;1;0;0;1;0;0;0;0;0;-3,762554000000000;-38,518702000000000