COD_ACIDENTE;DIA;MES;ANO;HORA;INTERSECAO;LOG1;LOG2;LOG3;NUMERO;REFERENCIA;NATUREZA;ILUMINACAO;TEMPO;SUPERFICIEPISTA;TIPOCRUZAMENTO;CONTROLETRAFEGO;USOSOLO;MORTOS;FERIDOS;ILESOS;AUTOMOVEL;ONIBUS;BICICLETA;CAMINHAO;MICROONIBUS;CICLOMOTOR;MOTOCICLETA;TRACAOANIMAL;TREM;LATITUDE;LONGITUDE
263197;26;5;2015;16:40;22083;RUA CAP FRANCISCO PEDRO;RUA DELMIRO FARIAS;;0;;;Luz do Dia;;;Cruz;Pare;Residencial;0;1;0;1;0;0;0;0;0;1;0;0;-3,748223000000000;-38,549818000000000
260495;26;5;2015;18:00;9037;AV AGUANAMBI;RUA DR JOAO DE DEUS D11;;0;;Colis?úo Traseira;Anoitecer;;;Cruz;N?úo H?í Controle;Comercial;0;0;2;0;0;0;1;1;0;0;0;0;-3,745224000000000;-38,525445000000000
259679;26;5;2015;09:40;0;RD CE-040;;;0;KM-04;Colis?úo Lateral;Luz do Dia;Bom;Molhada;Meio de Quadra;;;0;0;2;0;1;0;0;1;0;0;0;0;-3,792050000000000;-38,480251000000000
262650;26;5;2015;04:03;0;RUA TREMEMBES;;;0;;Atropelamento;;;;Meio de Quadra;;;0;1;1;0;0;0;1;0;0;0;0;0;-3,719756000000000;-38,516010000000000
262655;26;5;2015;07:24;0;RUA CESAR ROSSAS;;;0;;Atropelamento;Luz do Dia;;;Meio de Quadra;;;0;1;1;0;0;0;0;0;0;1;0;0;;
262656;26;5;2015;07:53;0;AV WASHINGTON SOARES;;;6574;;Colis?úo;Luz do Dia;;;Meio de Quadra;;;0;1;1;1;0;1;0;0;0;0;0;0;;
262657;26;5;2015;10:25;7899;AV ANTONIO SALES;RUA MON CATAO;;0;;Queda;Luz do Dia;;;Cruz;Pare;Comercial;0;1;1;0;0;0;0;0;0;1;0;0;-3,748174000000000;-38,493642000000000
262658;26;5;2015;10:43;11067;RUA AUSTRALIA;RUA EQUADOR;;0;;Queda;Luz do Dia;;;;;;0;1;0;0;0;0;0;0;0;1;0;0;-3,784015000000000;-38,556753000000000
262653;26;5;2015;07:15;0;AV DOMINGOS OLIMPIO;;;0;;Queda;Luz do Dia;;;Meio de Quadra;;;0;1;1;0;0;0;0;0;0;1;0;0;;
262666;26;5;2015;12:35;0;AV JOR THOMAZ COELHO;;;0;;Atropelamento;Luz do Dia;;;Meio de Quadra;;;0;1;1;0;1;0;0;0;0;0;0;0;;
262668;26;5;2015;13:40;3993;RUA DULCINEIA GONDIM;RUA ALBERTO MAGNO;;0;;Colis?úo;Luz do Dia;;;Cruz;Pare;Comercial;0;1;1;1;0;0;0;0;0;1;0;0;-3,759321000000000;-38,545120000000000
262671;26;5;2015;16:40;0;AV PERIMETRAL;;;0;;Atropelamento de Animal;Luz do Dia;;;Meio de Quadra;;;0;1;0;0;0;0;0;0;0;1;0;0;;
262681;26;5;2015;20:19;183;AV CEL CARVALHO;AV SGT HERMINIO SAMPAIO;;0;;Atropelamento;;;;;;;0;1;1;0;1;0;0;0;0;0;0;0;-3,731488000000000;-38,584591000000000
262673;26;5;2015;16:44;0;AV GAL OSORIO DE PAIVA;;;1883;;Atropelamento;Luz do Dia;;;Meio de Quadra;;;0;1;1;0;0;0;0;0;0;0;0;0;-3,783686000000000;-38,579243000000000
262707;26;5;2015;13:00;0;AV DR SILAS MUNGUBA;;;100;;Colis?úo;Luz do Dia;;;Meio de Quadra;;;0;1;0;0;1;0;0;0;0;0;0;0;-3,776105000000000;-38,562936000000000
272093;26;5;2015;08:08;21376;AV JOVITA FEITOSA;RUA PRO NOGUEIRA;;0;;Colis?úo;Luz do Dia;;;Cruz;Pare;Comercial;0;0;2;0;0;0;0;0;0;0;0;0;-3,738280000000000;-38,548839000000000
272094;26;5;2015;09:06;0;RUA PDE ANCHIETA;;;379;;Colis?úo;Luz do Dia;;;Meio de Quadra;;;0;0;2;0;0;0;0;0;0;0;0;0;-3,723690000000000;-38,550744000000000
272096;26;5;2015;09:20;2451;AV PRS CASTELO BRANCO;RUA CESAR CORREIA;;0;;Colis?úo;Luz do Dia;;;T;N?úo H?í Controle;Residencial;0;0;2;0;0;0;0;0;0;0;0;0;-3,707235000000000;-38,571621000000000
272097;26;5;2015;10:50;0;RUA DOM QUINTINO;;;690;;Atropelamento;Luz do Dia;;;Meio de Quadra;;;0;0;2;0;0;0;0;0;0;0;0;0;-3,710817000000000;-38,556078000000000
272098;26;5;2015;16:27;9653;RUA BOM JESUS (GRANJA LISBOA);RUA FRANCISCO PAIVA;;0;;Colis?úo;Luz do Dia;;;Cruz;N?úo H?í Controle;Residencial;0;0;2;0;0;0;0;0;0;0;0;0;-3,790241000000000;-38,614088000000000
272182;27;5;2015;17:16;0;AV ENG LUIS VIEIRA;;;300;;Colis?úo;Anoitecer;;;Meio de Quadra;;;0;0;2;0;0;0;0;0;0;0;0;0;-3,733246000000000;-38,468620000000000
272184;27;5;2015;18:43;0;RUA TUPI D05 (P.IRACEMA);;;0;;Atropelamento;;;;Meio de Quadra;;;0;0;2;0;0;0;0;0;0;0;0;0;;
272186;27;5;2015;18:49;0;AV CASTELO DE CASTRO;;;1050;;Atropelamento de Animal;;;;Meio de Quadra;;;0;0;1;0;0;0;0;0;0;0;0;0;;
272187;27;5;2015;21:56;0;AV PRS CASTELO BRANCO;;;0;;Atropelamento;;;;Meio de Quadra;;;0;0;2;0;0;0;0;0;0;0;0;0;;
272189;27;5;2015;21:59;13594;AV PONTES VIEIRA;RUA CAP GUSTAVO;;0;;Colis?úo;;;;Cruz;Sem?íforo;Comercial;0;0;2;0;0;0;0;0;0;0;0;0;-3,753153000000000;-38,517125000000000
272175;27;5;2015;16:01;0;RUA DR CARLOS R PAMPLONA;;;39;;Colis?úo;Luz do Dia;;;Meio de Quadra;;;0;0;2;0;0;0;0;0;0;0;0;0;;
272180;27;5;2015;17:03;0;RUA 09 UI 211;;;0;;Atropelamento;Anoitecer;;;Meio de Quadra;;;0;0;2;0;0;0;0;0;0;0;0;0;;
262705;27;5;2015;14:01;0;AV SANTOS DUMONT;;;3601;;Atropelamento;Luz do Dia;;;Meio de Quadra;;;0;1;1;0;0;0;0;0;0;0;0;0;-3,738091000000000;-38,492581000000000
262701;27;5;2015;08:55;0;RUA BARBOSA DE FREITAS;;;0;;Colis?úo;Luz do Dia;;;Meio de Quadra;;;0;1;1;1;0;0;0;0;0;1;0;0;-3,743532000000000;-38,499602000000000
262702;27;5;2015;09:31;0;AV DA UNIVERSIDADE;;;0;;Colis?úo;Luz do Dia;;;Meio de Quadra;;;0;1;1;1;0;0;0;0;0;1;0;0;;
262693;27;5;2015;06:54;21538;RUA TULIPA NEGRA;RUA INA BRITO;;0;;Colis?úo;Luz do Dia;;;;;;0;1;0;0;1;0;0;0;0;1;0;0;-3,821541000000000;-38,594627000000000
262698;27;5;2015;08:29;7420;RUA CEL MATOS DOURADO;RUA MON HIPOLITO BRASIL;;0;;Colis?úo;Luz do Dia;;;Cruz;Pare;Residencial;0;1;1;1;0;0;0;0;0;1;0;0;-3,756247000000000;-38,583823000000000
262690;27;5;2015;06:47;0;AV PERIMETRAL;;;0;MADEIREIRA SAO LUIS;Queda;Luz do Dia;;;Meio de Quadra;;;0;2;0;0;0;0;0;0;0;1;0;0;;
262733;27;5;2015;21:41;5187;RUA SAO PAULO;RUA BAR RIO BRANCO;;0;;Colis?úo;;;;Cruz;Sem?íforo;Comercial;0;1;1;1;0;0;0;0;0;1;0;0;-3,725856000000000;-38,528071000000000
262731;27;5;2015;21:28;0;RUA CON DE CASTRO;;;0;;Queda;;;;Meio de Quadra;;;0;1;0;0;0;0;0;0;0;1;0;0;-3,804822000000000;-38,591738000000000
262729;27;5;2015;18:25;0;AV PASTEUR;;;0;;Colis?úo;Anoitecer;;;Meio de Quadra;;;0;1;0;0;0;0;0;0;0;0;0;0;-3,709624000000000;-38,558422000000000
262725;27;5;2015;18:47;0;RUA GRACILIANO RAMOS;;;0;;Colis?úo;;;;Meio de Quadra;;;0;1;1;0;0;0;0;0;0;1;0;0;-3,752942000000000;-38,530877000000000
262719;27;5;2015;16:21;19833;AV JOVITA FEITOSA;AV ENG HUMBERTO MONTE;;0;;Colis?úo;Luz do Dia;;;Cruz;Sem?íforo;Comercial;0;1;1;1;0;0;0;0;0;1;0;0;-3,741963000000000;-38,566544000000000
262710;27;5;2015;15:12;10445;RUA RICARDO PONTES;RUA RIO DAS BALCAS;;0;;Colis?úo;Luz do Dia;;;Cruz;N?úo H?í Controle;Residencial;0;1;0;0;0;0;0;0;0;0;0;0;-3,765465000000000;-38,600083000000000
262754;27;5;2015;23:31;0;AV LUCIANO CARNEIRO;;;0;;Colis?úo;;;;Meio de Quadra;;;0;1;1;1;0;0;0;0;0;1;0;0;-3,765012000000000;-38,536703000000000
262752;27;5;2015;22:38;0;RD BR 116;;;3000;KM-03;Colis?úo;;;;Meio de Quadra;;;0;1;1;1;0;0;0;0;0;1;0;0;-3,779838000000000;-38,514372000000000
266904;27;5;2015;18:45;0;RD QUARTO ANEL VIARIO;;;0;;Colis?úo;Luz do Dia;;;Meio de Quadra;;;1;0;0;0;0;0;0;0;0;1;0;0;;
259681;27;5;2015;07:35;0;RD CE-025;;;0;KM-02;Colis?úo;Luz do Dia;Bom;Molhada;Meio de Quadra;;;0;0;2;1;0;0;0;0;1;0;0;0;-3,807584000000000;-38,460957000000000
259682;27;5;2015;08:47;0;RD CE-040;;;0;KM-12;Colis?úo;Luz do Dia;Bom;Seca;Meio de Quadra;;;0;0;2;1;0;0;1;0;0;0;0;0;-3,848945000000000;-38,476237000000000
259683;27;5;2015;17:30;0;RD CE-025;;;0;KM-02;Colis?úo;Anoitecer;Bom;Seca;Meio de Quadra;;;0;0;2;1;0;0;0;0;0;0;0;0;-3,807584000000000;-38,460957000000000
258953;27;5;2015;22:40;0;RD BR 116;;;2000;KM-02;Colis?úo Traseira;Via Iluminada;Bom;Seca;Meio de Quadra;N?úo H?í Controle;Comercial;0;2;1;1;0;0;0;0;0;1;0;0;-3,771391000000000;-38,516780000000000
270203;27;5;2015;11:03;0;AV GAL OSORIO DE PAIVA;;;5384;;Colis?úo;Luz do Dia;;;Meio de Quadra;;;0;0;2;0;0;0;0;0;0;0;0;0;-3,804551000000000;-38,601896000000000
270205;27;5;2015;16:21;0;RUA STA JULIA;;;155;;Colis?úo;Luz do Dia;;;Meio de Quadra;;;0;0;2;0;0;0;0;0;0;0;0;0;-3,774770000000000;-38,568631000000000
270207;27;5;2015;16:52;9156;AV LUCIANO CARNEIRO;RUA MIN JOAQUIM BASTOS D14;;0;;Colis?úo;Luz do Dia;;;T;Sem?íforo;Outros;0;0;2;0;0;0;0;0;0;0;0;0;-3,750348000000000;-38,532220000000000
270208;27;5;2015;21:58;352;RUA PEDRO DE QUEIROZ;RUA XAVIER DE OLIVEIRA;;0;;Colis?úo;;;;Cruz;N?úo H?í Controle;Residencial;0;0;2;0;0;0;0;0;0;0;0;0;-3,746834000000000;-38,558367000000000
270209;27;5;2015;23:44;0;RUA MAJ JOSE ARAUJO AGUIAR;;;100;;Colis?úo;;;;Meio de Quadra;;;0;0;2;0;0;0;0;0;0;0;0;0;-3,775851000000000;-38,514582000000000
261845;27;5;2015;17:16;12871;RUA BAR ARATANHA;RUA JOAQUIM MAGALHAES;;0;;Colis?úo;Anoitecer;;;Cruz;Pare;Residencial;0;0;2;1;0;0;0;0;0;0;0;0;-3,739716000000000;-38,528666000000000
251764;27;5;2015;19:30;17535;RUA MANUEL JESUINO;RUA ALVARO CORREIA;;0;;Colis?úo Lateral;Via Iluminada;Bom;Seca;Cruz;N?úo H?í Controle;Residencial;0;0;2;1;0;0;0;0;0;0;0;0;-3,728674000000000;-38,485118000000000
251765;27;5;2015;11:45;0;AV DR SILAS MUNGUBA;;;1700;UECE;Colis?úo Lateral;Luz do Dia;Bom;Seca;Meio de Quadra;Pare;Comercial;0;0;2;1;0;0;1;0;0;0;0;0;-3,785332000000000;-38,552153000000000
251757;27;5;2015;17:20;0;AV BORGES DE MELO;;;1620;;Colis?úo Transversal;Luz do Dia;Bom;Seca;Meio de Quadra;N?úo H?í Controle;Comercial;0;0;2;1;1;0;0;0;0;0;0;0;-3,756518000000000;-38,534035000000000
251758;27;5;2015;;9198;RUA BAR ARATANHA;RUA COSTA ARAUJO;;0;;Colis?úo Lateral;Luz do Dia;Nublado;Seca;Cruz;Pare;Comercial;0;0;2;1;0;0;0;0;0;0;0;0;-3,746946000000000;-38,531099000000000
251760;27;5;2015;20:25;7982;RUA CARLOS CAMARA;RUA MAJ WEYNE;;0;;Colis?úo Lateral;Via Iluminada;Bom;Seca;Cruz;Pare;Misto;0;1;2;1;0;0;1;0;0;1;0;0;-3,748600000000000;-38,544497000000000
251761;27;5;2015;18:00;19570;RUA NEREU RAMOS;RUA ESPANHA;;0;;Colis?úo Frontal;Anoitecer;Bom;Seca;T;Pare;Comercial;0;2;0;0;0;0;0;0;0;1;0;0;-3,783961000000000;-38,574434000000000
251762;27;5;2015;19:20;10445;RUA RICARDO PONTES;RUA RIO DAS BALCAS;;0;;Colis?úo Transversal;Via Iluminada;Bom;Seca;Cruz;N?úo H?í Controle;Residencial;0;0;2;1;0;0;0;0;0;0;0;0;-3,765465000000000;-38,600083000000000
251768;27;5;2015;10:00;15364;RUA FRE MANSUETO;RUA REPUBLICA DO LIBANO;;0;;Colis?úo Lateral;Luz do Dia;Bom;Seca;Cruz;Pare;Residencial;0;0;2;1;0;0;0;0;0;0;0;0;-3,733732000000000;-38,488729000000000
251769;27;5;2015;00:00;5084;RUA SEN ALENCAR;RUA PRC ISABEL;;0;;Colis?úo Transversal;Via Iluminada;Nublado;Seca;Cruz;Pare;Misto;0;1;1;1;0;0;0;0;0;1;0;0;-3,722828000000000;-38,534356000000000
251770;27;5;2015;13:30;0;AV DOMINGOS OLIMPIO;;;657;;Colis?úo Traseira;Luz do Dia;Bom;Seca;Meio de Quadra;Sem?íforo;Comercial;0;0;2;1;0;0;0;0;0;0;0;0;-3,737170000000000;-38,529627000000000
251726;27;5;2015;11:00;0;RUA PDE JOAO PIAMARTA;RUA PDE AMBROSIO MACHADO;;0;;Colis?úo Lateral;Luz do Dia;Bom;Seca;Meio de Quadra;;Residencial;0;0;2;1;0;0;1;0;0;0;0;0;;
251727;27;5;2015;17:20;17298;RUA ALBERTO MAGNO;RUA ALFREDO DE CASTRO;;0;;Colis?úo Transversal;Anoitecer;Bom;Seca;Cruz;Pare;Residencial;0;0;3;1;0;0;0;0;0;1;0;0;-3,763729000000000;-38,548952000000000
251720;27;5;2015;18:00;0;RUA SOLON PINHEIRO;;;364;;Colis?úo Traseira;Anoitecer;Bom;Seca;Meio de Quadra;N?úo H?í Controle;Residencial;0;0;3;1;0;0;0;0;0;0;0;0;;
251702;27;5;2015;15:44;19729;RUA AZEVEDO BOLAO;RUA DOM JOSE LOURENCO  D27;;0;;Colis?úo Transversal;Luz do Dia;Bom;Seca;Cruz;Pare;Residencial;0;2;1;0;0;0;0;0;0;1;0;0;-3,736965000000000;-38,559267000000000
251732;27;5;2015;18:00;25279;AV ROGACIANO LEITE;RUA DES WALDEMAR ALVES PEREIRA;;0;;Atropelamento;Via Iluminada;Bom;Seca;Cruz;Pare;Comercial;1;1;0;0;0;0;0;0;0;1;0;0;;
251733;27;5;2015;06:20;25406;RUA CEL MATOS DOURADO;RUA PRO JOSE LEITE GONDIM;;0;;Colis?úo Transversal;Luz do Dia;Nublado;Molhada;T;Pare;Residencial;0;1;1;1;0;0;0;0;0;1;0;0;-3,740923000000000;-38,585210000000000
251734;27;5;2015;13:30;26077;AV JOSE JATAHY;AV DUQ CAXIAS;;0;;Colis?úo Lateral;Luz do Dia;Bom;Seca;T;Pare;Comercial;0;0;2;1;0;0;0;0;0;1;0;0;;
251722;27;5;2015;14:00;9104;RUA GRACILIANO RAMOS;RUA PAULA RODRIGUES;;0;;Colis?úo Lateral;Luz do Dia;Bom;Seca;Cruz;Pare;Residencial;0;1;1;1;0;0;0;0;0;1;0;0;-3,755149000000000;-38,528324000000000
251723;27;5;2015;16:30;0;RUA DR JOAO MOREIRA;;;207;;Colis?úo Lateral;Luz do Dia;Bom;Seca;Meio de Quadra;Sem?íforo;Comercial;0;0;2;0;1;0;0;0;0;0;0;0;-3,723015000000000;-38,526439000000000
251730;27;5;2015;12:15;7781;AV ANTONIO SALES;AV DES MOREIRA;;0;;Colis?úo Transversal;Luz do Dia;Bom;Seca;Cruz;Sem?íforo;Comercial;0;0;2;1;0;0;0;0;0;0;0;0;-3,745744000000000;-38,501410000000000
251743;27;5;2015;15:40;5709;AV OLIVEIRA PAIVA;AV DES GONZAGA;;0;;Colis?úo;Luz do Dia;Bom;Seca;Cruz;Sem?íforo;Escola;0;1;1;0;1;1;0;0;0;0;0;0;-3,797165000000000;-38,499953000000000
251744;27;5;2015;15:40;371;RUA ZEMARIO MAMEDE;RUA ERICO MOTA;;0;;Colis?úo Transversal;Via Iluminada;Bom;Seca;Cruz;Pare;Residencial;0;1;1;1;0;0;0;0;0;1;0;0;-3,748689000000000;-38,560266000000000
251736;27;5;2015;16:00;0;AV DR SILAS MUNGUBA;;;1000;;Colis?úo Traseira;Luz do Dia;Bom;Seca;Meio de Quadra;N?úo H?í Controle;Comercial;0;1;2;1;1;0;0;0;0;1;0;0;-3,781518000000000;-38,557022000000000
251738;27;5;2015;07:20;4019;RUA SAMUEL UCHOA;RUA ANDRE CHAVES;;0;;Colis?úo Traseira;Luz do Dia;Bom;Seca;Y;Pare;Residencial;0;0;2;1;0;0;0;0;0;0;0;0;-3,753929000000000;-38,546270000000000
251739;27;5;2015;08:30;0;AV ALM BARROSO;;;772;;Engavetamento;Luz do Dia;Bom;Seca;Meio de Quadra;Outros;Comercial;0;0;3;1;0;0;0;0;0;0;0;0;-3,720324000000000;-38,516169000000000
251746;27;5;2015;13:00;12954;RUA BERNARDO MANUEL;AV PRS COSTA E SILVA;;0;;Colis?úo Traseira;Luz do Dia;Bom;Seca;Cruz;Sem?íforo;Residencial;0;1;1;1;0;0;0;0;0;1;0;0;-3,821079000000000;-38,558276000000000
251749;27;5;2015;07:35;0;AV DOMINGOS OLIMPIO;;;1589;;Colis?úo Traseira;Luz do Dia;Bom;Seca;Meio de Quadra;Sem?íforo;Escola;0;0;2;1;0;0;0;0;0;0;0;0;-3,734468000000000;-38,537715000000000
251751;27;5;2015;08:00;5455;RUA FLORIANO PEIXOTO;RUA ANTONIO POMPEU;;0;;Colis?úo Transversal;Luz do Dia;Bom;Seca;Cruz;Pare;Comercial;0;0;2;1;0;0;0;0;0;0;0;0;-3,735086000000000;-38,529685000000000
251754;27;5;2015;07:10;5187;RUA SAO PAULO;RUA BAR RIO BRANCO;;0;;Colis?úo Transversal;Luz do Dia;Nublado;Seca;Cruz;Sem?íforo;Comercial;0;1;1;0;0;0;0;0;0;1;0;0;-3,725856000000000;-38,528071000000000
251716;27;5;2015;19:30;1522;RUA CEL JUCA;RUA EDUARDO GARCIA;;0;;Colis?úo Transversal;Via Iluminada;Bom;Seca;Cruz;Pare;Residencial;0;0;2;1;0;0;0;0;0;0;0;0;-3,740419000000000;-38,492166000000000
251717;27;5;2015;19:00;0;RUA NAPOLEAO LAUREANO;;;525;;Colis?úo Traseira;Via Iluminada;Bom;Seca;Meio de Quadra;N?úo H?í Controle;Residencial;0;2;1;1;0;0;0;0;1;1;0;0;-3,752470000000000;-38,531048000000000
251789;28;5;2015;19:00;23458;RUA PAULO FIRMEZA;RUA PRO CARVALHO;;0;;Colis?úo Lateral;Via Iluminada;;Seca;Cruz;Pare;;0;0;2;1;0;0;0;0;0;0;0;0;-3,757232000000000;-38,514078000000000
251794;28;5;2015;14:10;5357;RUA MAJ FACUNDO;RUA PEDRO I;;0;;Colis?úo Transversal;Luz do Dia;Bom;Seca;Cruz;Pare;Comercial;0;0;2;1;0;0;0;0;0;1;0;0;-3,731113000000000;-38,528990000000000
251791;28;5;2015;18:30;7762;RUA NUNES VALENTE;AV ANTONIO SALES;;0;;Outros;Via Iluminada;Bom;Seca;Cruz;Pare;Residencial;0;0;1;1;0;0;0;0;0;0;0;0;-3,744237000000000;-38,506314000000000
251792;28;5;2015;15:30;12849;RUA ASSUNCAO;RUA SALDANHA MARINHO;;0;;Colis?úo Transversal;Luz do Dia;Bom;Seca;Cruz;Pare;Misto;0;0;2;0;0;0;0;0;0;0;0;0;-3,742314000000000;-38,531231000000000
251804;28;5;2015;20:05;0;AV ANTONIO SALES;;;3510;;Choque c/ Obst?ículo Fixo;Via Iluminada;Bom;Seca;Meio de Quadra;Outros;Comercial;0;0;1;1;0;0;0;0;0;0;0;0;-3,748486000000000;-38,492473000000000
261854;28;5;2015;12:42;0;RUA BERNARDO MANUEL;;;0;;Colis?úo;Luz do Dia;;;Meio de Quadra;;;0;0;2;1;1;0;0;0;0;0;0;0;;
261858;28;5;2015;13:53;0;AV FRANCISCO SA;;;0;;Colis?úo;Luz do Dia;;;Meio de Quadra;;;0;0;2;1;1;0;0;0;0;0;0;0;;
272198;28;5;2015;12:27;0;AV EDILSON B SOARES;;;0;;Colis?úo;Luz do Dia;;;Meio de Quadra;;;0;0;2;0;0;0;0;0;0;0;0;0;;
272207;28;5;2015;21:34;0;AV N CJ JOSE WALTER;;;0;;Colis?úo;;;;Meio de Quadra;;;0;0;2;0;0;0;0;0;0;0;0;0;;
272208;28;5;2015;22:10;0;AV PRS CASTELO BRANCO;;;2609;;Atropelamento;;;;Meio de Quadra;;;0;0;2;0;0;0;0;0;0;0;0;0;-3,712918000000000;-38,551247000000000
272209;28;5;2015;23:33;0;AV PRS CASTELO BRANCO;;;2896;;Colis?úo;;;;Meio de Quadra;;;0;0;2;0;0;0;0;0;0;0;0;0;-3,712213000000000;-38,553808000000000
272205;28;5;2015;21:12;0;RUA ANTONIO BARROS;;;215;;Atropelamento;;;;Meio de Quadra;;;0;0;2;0;0;0;0;0;0;0;0;0;;
270213;28;5;2015;01:19;0;TR AUGUSTO DOS ANJOS;;;1977;;Colis?úo;;;;Meio de Quadra;;;0;0;2;0;0;0;0;0;0;0;0;0;;
270216;28;5;2015;10:20;0;RUA ANTERO QUENTAL;;;0;;Colis?úo;Luz do Dia;;;Meio de Quadra;;;0;0;2;0;0;0;0;0;0;0;0;0;;
270217;28;5;2015;21:07;8558;RUA CERES;RUA ERNESTO MONTEIRO;;0;;Colis?úo;;;;Cruz;;Residencial;0;0;2;0;0;0;0;0;0;0;0;0;-3,786129000000000;-38,471318000000000
270225;28;5;2015;23:41;19152;RUA BATISTA DE OLIVEIRA;RUA LAURO NOGUEIRA;;0;;Colis?úo;;;;Cruz;Pare;Misto;0;0;2;0;0;0;0;0;0;0;0;0;-3,740086000000000;-38,478301000000000
258954;28;5;2015;00:15;0;RD BR 116;;;14000;KM-14;Choque c/ Obst?ículo Fixo;Via Iluminada;Bom;Seca;Meio de Quadra;N?úo H?í Controle;Comercial;0;0;1;1;0;0;0;0;0;0;0;0;-3,873523000000000;-38,499242000000000
258955;28;5;2015;07:20;0;RD BR 116;;;5000;KM-05;Colis?úo Traseira;Luz do Dia;Bom;Seca;Meio de Quadra;N?úo H?í Controle;Comercial;0;0;2;1;0;0;0;0;0;0;0;0;-3,796502000000000;-38,506787000000000
258956;28;5;2015;09:30;0;RD BR 116;;;6000;KM-06;Queda;Luz do Dia;Bom;Seca;Meio de Quadra;N?úo H?í Controle;Comercial;0;1;0;0;0;1;0;0;0;0;0;0;-3,804691000000000;-38,503053000000000
263209;28;5;2015;02:00;25025;AV AUGUSTO DOS ANJOS;RUA EMILIO DE MENESES;;0;;Colis?úo;;;;T;Sem?íforo;Comercial;0;1;0;0;1;0;0;0;0;1;0;0;-3,783313000000000;-38,581896000000000
259686;28;5;2015;07:50;0;RD CE-040;;;0;KM-06;Colis?úo Traseira;Luz do Dia;Bom;Seca;Meio de Quadra;;;0;0;2;1;0;0;0;0;0;0;0;0;-3,811270000000000;-38,478781000000000
259687;28;5;2015;12:30;0;RD CE-040;;;0;KM-05;Colis?úo Traseira;Luz do Dia;Bom;Seca;Meio de Quadra;;;0;0;2;1;0;0;0;0;0;0;0;0;-3,790876000000000;-38,480349000000000
262758;28;5;2015;02:54;0;RD BR 116;;;0;;Queda;;;;Meio de Quadra;;;0;1;0;0;0;0;0;0;0;1;0;0;;
262755;28;5;2015;01:13;5413;RUA METON DE ALENCAR;RUA GAL SAMPAIO;;0;;Colis?úo;;;;Cruz;Sem?íforo;Comercial;0;1;1;1;0;0;0;0;0;1;0;0;-3,733033000000000;-38,532600000000000
262756;28;5;2015;02:33;26236;AV DR SILAS MUNGUBA;RUA BERNARDO MANUEL;;0;;Choque c/ Obst?ículo Fixo;;;;;;;0;1;0;1;0;0;0;0;0;0;0;0;-3,787538000000000;-38,547960000000000
262766;28;5;2015;07:37;0;RUA NOSSA SRA DAS GRACAS;;;0;;Colis?úo;Luz do Dia;;;Meio de Quadra;;;0;1;0;0;0;0;0;0;0;0;0;0;-3,708650000000000;-38,558461000000000
262761;28;5;2015;07:04;0;AV JOAO DE ARAUJO LIMA;;;0;;Colis?úo;Luz do Dia;;;Meio de Quadra;;;0;1;1;1;0;0;0;0;0;1;0;0;-3,833049000000000;-38,560612000000000
262763;28;5;2015;07:18;0;AV ALBERTO CRAVEIRO;;;0;;Colis?úo;Luz do Dia;;;Meio de Quadra;;;0;1;1;1;0;0;0;0;0;1;0;0;;
262769;28;5;2015;09:22;0;RUA PRO COSTA MENDES;;;0;;Queda;Luz do Dia;;;Meio de Quadra;;;0;1;0;0;0;0;0;0;0;1;0;0;;
262770;28;5;2015;09:42;0;RUA CANAL;;;0;;Colis?úo;Luz do Dia;;;Meio de Quadra;;;0;1;0;1;0;0;0;0;0;0;0;0;;
262771;28;5;2015;10:13;0;RD BR 116;;;0;;Queda;Luz do Dia;;;Meio de Quadra;;;0;1;0;0;0;1;0;0;0;0;0;0;;
262773;28;5;2015;11:20;0;AV MAE LISBOA;;;0;;Colis?úo;Luz do Dia;;;Meio de Quadra;;;0;0;1;0;0;0;0;0;0;0;0;0;;
262774;28;5;2015;11:50;15299;RUA OSVALDO CRUZ (ALDEOTA);RUA CANUTO DE AGUIAR;;0;;Colis?úo;Luz do Dia;;;Cruz;Pare;Comercial;0;1;1;1;0;0;0;0;0;1;0;0;-3,729675000000000;-38,498405000000000
262786;28;5;2015;22:59;0;AV ROGACIANO LEITE;;;2150;;Colis?úo;;;;Meio de Quadra;;;0;1;1;1;0;0;0;0;0;1;0;0;-3,773643000000000;-38,499058000000000
262778;28;5;2015;15:29;0;RUA VITAL BRASIL;;;0;;Queda;Luz do Dia;;;Meio de Quadra;;;0;1;0;0;0;1;0;0;0;0;0;0;-3,779076000000000;-38,594236000000000
262780;28;5;2015;16:53;5185;RUA LIBERATO BARROSO;RUA TEREZA CRISTINA;;0;;Colis?úo;Luz do Dia;;;Cruz;Pare;Comercial;0;1;1;1;0;0;0;0;0;1;0;0;-3,725833000000000;-38,536404000000000
262781;28;5;2015;19:04;9297;AV FRANCISCO SA;RUA CESAR CORREIA;;0;;Queda;;;;Cruz;Pare;Comercial;0;1;0;0;0;0;0;0;0;1;0;0;-3,711949000000000;-38,573313000000000
262782;28;5;2015;19:54;0;RD BR 116;;;14000;KM-14;Atropelamento;;;;Meio de Quadra;;;0;1;1;1;0;0;0;0;0;0;0;0;-3,873523000000000;-38,499242000000000