COD_ACIDENTE;DIA;MES;ANO;HORA;INTERSECAO;LOG1;LOG2;LOG3;NUMERO;REFERENCIA;NATUREZA;ILUMINACAO;TEMPO;SUPERFICIEPISTA;TIPOCRUZAMENTO;CONTROLETRAFEGO;USOSOLO;MORTOS;FERIDOS;ILESOS;AUTOMOVEL;ONIBUS;BICICLETA;CAMINHAO;MICROONIBUS;CICLOMOTOR;MOTOCICLETA;TRACAOANIMAL;TREM;LATITUDE;LONGITUDE
262783;28;5;2015;21:10;7762;RUA NUNES VALENTE;AV ANTONIO SALES;;0;;Colis?úo;;;;Cruz;Pare;Residencial;0;1;0;1;1;0;0;0;0;0;0;0;-3,744237000000000;-38,506314000000000
262784;28;5;2015;21:41;0;AV DEP PAULINO ROCHA;;;0;;Colis?úo;;;;Meio de Quadra;;;0;1;1;1;0;0;0;0;0;1;0;0;;
262574;28;5;2015;08:41;4016;RUA PRO COSTA MENDES;RUA JULIO CESAR D12;;0;;Colis?úo;Luz do Dia;;;Cruz;Pare;Residencial;0;1;1;1;0;0;0;0;0;1;0;0;-3,754698000000000;-38,546911000000000
272190;28;5;2015;08:48;0;AV FRANCISCO SA;;;0;;Colis?úo;Luz do Dia;;;Meio de Quadra;;;0;0;2;0;0;0;0;0;0;0;0;0;;
272192;28;5;2015;10:44;0;RUA ADOLFO MARINHO (VILA VELHA);;;5144;;Colis?úo;Luz do Dia;;;Meio de Quadra;;;0;0;2;0;0;0;0;0;0;0;0;0;;
272194;28;5;2015;11:08;0;AV SIQUEIRA CAMPOS;;;206;;Colis?úo;Luz do Dia;;;Meio de Quadra;;;0;0;2;0;0;0;0;0;0;0;0;0;-3,820522000000000;-38,619959000000000
272195;28;5;2015;11:48;0;AV PDE ANTONIO TOMAS;;;385;;Colis?úo;Luz do Dia;;;Meio de Quadra;;;0;0;2;0;0;0;0;0;0;0;0;0;;
251855;28;5;2015;;5777;RUA JOSE A CAVALCANTE;RUA CHICO LEMOS;;0;;Colis?úo Transversal;;Bom;Seca;Cruz;;Residencial;0;1;4;1;0;0;0;0;0;0;0;0;-3,790905000000000;-38,499317000000000
251876;28;5;2015;20:30;0;RUA CECILIA MEIRELES;;;253;;Atropelamento;Via Iluminada;Bom;Seca;Meio de Quadra;Pare;Residencial;0;0;2;0;0;0;0;0;0;1;0;0;-3,819763000000000;-38,489994000000000
251878;28;5;2015;20:10;5076;RUA DR JOAO MOREIRA;RUA SEN POMPEU;;0;;Atropelamento;Via Iluminada;Bom;Seca;Cruz;Sem?íforo;Comercial;0;1;1;0;1;0;0;0;0;0;0;0;-3,722400000000000;-38,528275000000000
251880;28;5;2015;15:20;99;RUA MARTINS NETO;RUA TOMAS RODRIGUES;;0;;Colis?úo Transversal;Luz do Dia;Bom;Seca;Cruz;Outros;Residencial;0;0;2;1;0;0;0;0;0;0;0;0;-3,741063000000000;-38,593771000000000
251850;28;5;2015;07:40;0;AV PRS CASTELO BRANCO;;;2359;;Engavetamento;Luz do Dia;Bom;Seca;Meio de Quadra;N?úo H?í Controle;Residencial;0;0;3;1;0;0;0;0;0;0;0;0;-3,713586000000000;-38,549011000000000
251852;28;5;2015;18:30;7862;AV ANTONIO SALES;RUA PRO DIAS DA ROCHA;;0;;Choque c/ Obst?ículo Fixo;Via Iluminada;Bom;Seca;Cruz;Pare;Comercial;0;0;2;1;0;0;0;0;0;0;0;0;-3,747586000000000;-38,495535000000000
251853;28;5;2015;21:20;15343;RUA NUNES VALENTE;RUA PEREIRA FILGUEIRAS;;0;;Atropelamento;Via Iluminada;Bom;Seca;Cruz;Sem?íforo;Residencial;2;1;2;1;1;0;0;0;0;0;0;0;-3,731786000000000;-38,502310000000000
251872;28;5;2015;06:35;11155;RUA CAMBARA;RUA ANTONIO BANDEIRA D41;;0;;Colis?úo Lateral;Luz do Dia;Bom;Seca;Cruz;Pare;Residencial;0;0;2;1;1;0;0;0;0;0;0;0;-3,783828000000000;-38,564114000000000
251873;28;5;2015;15:00;0;AV PRS JUSCELINO KUBITSCHEK (PASSAR?ë);;;0;;Colis?úo Lateral;Luz do Dia;Bom;Seca;Meio de Quadra;Pare;Comercial;0;3;0;0;0;0;0;0;0;1;0;0;-3,811300000000000;-38,528043000000000
251857;28;5;2015;20:00;0;RUA BERNARDO MANUEL;;;11360;;Colis?úo Transversal;Via Iluminada;Bom;Seca;Meio de Quadra;Sem?íforo;Escola;0;1;1;0;1;0;0;0;0;1;0;0;-3,817502000000000;-38,557126000000000
251858;28;5;2015;10:15;0;RUA PORTO VELHO;;;297;;Colis?úo Lateral;Luz do Dia;Bom;Seca;Meio de Quadra;N?úo H?í Controle;Comercial;0;1;1;1;0;0;0;0;0;1;0;0;;
251882;28;5;2015;07:40;17370;RUA BAR SOBRAL;RUA ALM RUBIM;;0;;Colis?úo Transversal;Luz do Dia;Chuva;Molhada;Cruz;Pare;Misto;0;0;2;1;0;0;1;0;0;0;0;0;-3,766572000000000;-38,554972000000000
251884;28;5;2015;09:20;7650;AV CARNEIRO DE MENDONCA;RUA BELO HORIZONTE;;0;;Colis?úo Lateral;Luz do Dia;Nublado;;Cruz;Pare;Misto;0;1;1;0;0;0;0;0;0;1;0;0;-3,763666000000000;-38,567567000000000
251840;28;5;2015;07:50;17373;RUA CEL ALEXANDRINO;AV PRO GOMES DE MATOS;;0;;Colis?úo Lateral;Luz do Dia;Chuva;Molhada;Cruz;Pare;Comercial;0;0;2;1;0;0;0;0;0;0;0;0;-3,766732000000000;-38,550403000000000
251845;28;5;2015;10:00;0;AV N CJ JOSE WALTER;;;1462;;Colis?úo Lateral;Luz do Dia;Bom;Seca;Meio de Quadra;Sem?íforo;Comercial;0;2;1;1;0;0;0;0;0;1;0;0;-3,833468000000000;-38,560702000000000
251847;28;5;2015;08:30;0;AV TRISTAO GONCALVES;;;1470;;Engavetamento;Luz do Dia;Bom;Seca;Meio de Quadra;N?úo H?í Controle;Comercial;0;0;3;1;0;0;1;0;0;0;0;0;-3,734715000000000;-38,535484000000000
251832;28;5;2015;16:30;13404;RUA JOAO BRIGIDO;RUA CARLOS VASCONCELOS;;0;;Colis?úo Traseira;Luz do Dia;Bom;Seca;Cruz;Sem?íforo Intermitente;Residencial;0;0;2;1;0;0;0;0;0;0;0;0;-3,741327000000000;-38,513526000000000
251835;28;5;2015;17:00;1383;RUA MON CATAO;RUA MARCOS MACEDO;;0;;Colis?úo Transversal;Via Iluminada;Bom;Seca;Cruz;Pare;Comercial;0;0;2;1;0;0;0;0;0;0;0;0;-3,736772000000000;-38,489930000000000
251836;28;5;2015;19:40;9297;AV FRANCISCO SA;RUA CESAR CORREIA;;0;;;Via Iluminada;Bom;Seca;Cruz;Pare;Misto;0;1;2;0;0;0;0;0;0;1;0;0;-3,711949000000000;-38,573313000000000
251827;28;5;2015;12:30;19513;RUA BISMARK;RUA CAMPANARIO;;0;;Colis?úo Transversal;Luz do Dia;Bom;Seca;Cruz;N?úo H?í Controle;Residencial;0;0;2;1;0;0;0;0;0;0;0;0;-3,781479000000000;-38,568138000000000
251812;28;5;2015;09:20;0;AV ALBERTO CRAVEIRO;;;507;MAKRO;Colis?úo Traseira;Luz do Dia;Bom;Seca;Meio de Quadra;;Comercial;0;1;1;1;0;0;0;0;0;1;0;0;-3,781154000000000;-38,515910000000000
251809;28;5;2015;07:45;0;AV GOV RAUL BARBOSA;;;5950;;Colis?úo Traseira;Luz do Dia;Bom;Seca;Meio de Quadra;N?úo H?í Controle;Comercial;0;0;2;1;0;0;0;0;0;0;0;0;-3,769650000000000;-38,510411000000000
257644;28;5;2015;12:05;5219;AV TRISTAO GONCALVES;RUA LIBERATO BARROSO;;0;;Colis?úo Lateral;Luz do Dia;Bom;Seca;Cruz;Sem?íforo;Comercial;0;0;2;1;1;0;0;0;0;0;0;0;-3,726826000000000;-38,533116000000000
259286;28;5;2015;18:40;0;RD BR 222;;;0;KM-03;Tombamento;Via Iluminada;Bom;Seca;Meio de Quadra;N?úo H?í Controle;Comercial;0;2;0;0;0;0;0;0;0;1;0;0;-3,736999000000000;-38,571997000000000
251810;29;5;2015;14:10;0;AV SEN FERNANDES TAVORA;;;1355;;Colis?úo Lateral;Luz do Dia;Bom;Seca;Meio de Quadra;;Comercial;0;0;3;1;1;0;0;0;0;1;0;0;-3,760729000000000;-38,584899000000000
251811;29;5;2015;09:10;25071;AV DOS EXPEDICIONARIOS;RUA TEODORICO BARROSO;;0;;Colis?úo Lateral;Luz do Dia;Bom;Seca;Cruz;Pare;Residencial;0;1;1;0;0;0;0;0;0;1;0;0;-3,766646000000000;-38,541696000000000
251813;29;5;2015;16:45;1474;RUA JOAO CARVALHO;RUA TIBURCIO CAVALCANTE;;0;;Colis?úo Lateral;Luz do Dia;Bom;Seca;Cruz;Sem?íforo;Comercial;0;0;2;1;1;0;0;0;0;0;0;0;-3,738950000000000;-38,503547000000000
251814;29;5;2015;;5135;AV TRISTAO GONCALVES;RUA SAO PAULO;;0;;Colis?úo Lateral;Via Iluminada;Bom;Seca;Cruz;Pare;Comercial;0;0;2;1;0;0;0;0;0;0;0;0;-3,724419000000000;-38,532395000000000
262814;29;5;2015;15:43;0;AV PERIMETRAL;;;0;;Colis?úo;Luz do Dia;;;Meio de Quadra;;;0;1;0;0;0;0;0;0;0;0;0;0;;
262817;29;5;2015;17:05;19165;RUA PEREIRA DE MIRANDA;RUA BATISTA DE OLIVEIRA;;0;;Colis?úo;Anoitecer;;;Cruz;Pare;Residencial;0;1;1;1;0;0;0;0;0;1;0;0;-3,740801000000000;-38,478760000000000
262787;29;5;2015;00:10;0;RUA ARTUR DE CARVALHO;;;0;;Colis?úo;;;;Meio de Quadra;;;0;1;0;0;0;0;0;0;0;0;0;0;;
262788;29;5;2015;06:11;0;AV ALBERTO CRAVEIRO;;;0;;Colis?úo;Luz do Dia;;;Meio de Quadra;;;0;1;1;1;0;0;0;0;0;1;0;0;;
262789;29;5;2015;06:18;19611;AV GODOFREDO MACIEL;RUA NEREU RAMOS;;0;;Queda;Luz do Dia;;;T;Sem?íforo;Residencial;0;1;0;0;0;0;0;0;0;1;0;0;-3,787250000000000;-38,566802000000000
262790;29;5;2015;06:20;0;AV ROGACIANO LEITE;;;0;;Colis?úo;Luz do Dia;;;Meio de Quadra;;;0;1;0;0;0;0;0;0;0;0;0;0;-3,762797000000000;-38,494053000000000
262791;29;5;2015;07:07;0;RUA CACILDA BECKER;;;0;;Queda;Luz do Dia;;;Meio de Quadra;;;0;1;0;0;0;0;0;0;0;1;0;0;-3,774557000000000;-38,587545000000000
262792;29;5;2015;07:13;0;AV DOLOR BARREIRA;;;0;;Colis?úo;Luz do Dia;;;Meio de Quadra;;;0;1;1;1;0;0;0;0;0;1;0;0;-3,739776000000000;-38,466850000000000
262793;29;5;2015;07:15;0;AV MOZART PINHEIRO DE LUCENA;;;0;;Colis?úo;Luz do Dia;;;Meio de Quadra;;;0;1;1;1;0;0;0;0;0;1;0;0;-3,709476000000000;-38,593135000000000
262794;29;5;2015;07:43;0;AV PRS CASTELO BRANCO;;;0;;Colis?úo;Luz do Dia;;;Meio de Quadra;;;0;1;1;1;0;0;0;0;0;1;0;0;-3,707561000000000;-38,570713000000000
262795;29;5;2015;08:56;0;AV MR HULL;;;0;;Colis?úo;Luz do Dia;;;Meio de Quadra;;;0;1;0;0;0;0;0;0;0;0;0;0;;
262796;29;5;2015;09:16;11030;RUA 15 DE NOVEMBRO;RUA CESAR ROSSAS;;0;;Colis?úo;Luz do Dia;;;Outros;Sem?íforo;Comercial;0;1;1;1;0;0;0;0;0;1;0;0;-3,769241000000000;-38,555011000000000
262797;29;5;2015;10:25;0;AV AGUANAMBI;;;0;;Colis?úo;Luz do Dia;;;Meio de Quadra;;;0;1;1;1;0;0;0;0;0;1;0;0;-3,757408000000000;-38,523540000000000
262798;29;5;2015;13:51;18510;RUA MEXICO;RUA TEN MARQUES;;0;;Colis?úo;Luz do Dia;;;Cruz;N?úo H?í Controle;Rural;0;1;0;0;0;0;0;0;0;0;0;0;-3,734792000000000;-38,573257000000000
264767;29;5;2015;15:03;0;AV ROGACIANO LEITE;;;0;;Colis?úo;Luz do Dia;;;Meio de Quadra;;;0;1;0;0;0;0;0;0;0;0;0;0;-3,762797000000000;-38,494053000000000
264768;29;5;2015;15:47;0;AV BEZERRA DE MENEZES;;;0;;Colis?úo;Luz do Dia;;;Meio de Quadra;;;0;1;0;0;0;0;0;0;0;0;0;0;-3,734370000000000;-38,558270000000000
270502;29;5;2015;18:22;0;AV PERIMETRAL;;;0;;Colis?úo;Anoitecer;;;Meio de Quadra;;;0;0;2;0;0;0;0;0;0;0;0;0;;
270507;29;5;2015;22:51;3894;RUA JULIO CESAR D12;AV EDUARDO GIRAO;;0;;Colis?úo;;;;Cruz;Sem?íforo;Comercial;0;0;2;0;0;0;0;0;0;0;0;0;-3,747630000000000;-38,540636000000000
259688;29;5;2015;07:40;0;AV MIN JOSE AMERICO;;;0;;Colis?úo;Luz do Dia;Bom;Seca;Meio de Quadra;;;0;0;2;1;0;0;0;0;0;0;0;0;;
259704;29;5;2015;09:40;0;RD CE-040;;;0;KM-10;Colis?úo;Luz do Dia;Bom;Seca;Meio de Quadra;;;0;0;2;1;0;0;0;0;0;0;0;0;-3,838671000000000;-38,480068000000000
259705;29;5;2015;13:05;0;RD CE-040;;;0;KM-06;Colis?úo;Luz do Dia;Bom;Seca;Meio de Quadra;;;0;0;2;1;0;0;0;0;0;1;0;0;-3,811270000000000;-38,478781000000000
259707;29;5;2015;23:40;0;RD CE-040;;;0;KM-03;Colis?úo;;Bom;Seca;Meio de Quadra;;;0;0;2;1;0;0;0;0;0;0;0;0;-3,783185000000000;-38,481014000000000
255189;29;5;2015;11:30;5496;RUA PDE VALDEVINO;RUA DNA LEOPOLDINA;;0;;Colis?úo Transversal;Luz do Dia;Bom;Seca;Cruz;Sem?íforo;Misto;0;0;2;1;0;0;0;0;0;0;0;0;-3,737577000000000;-38,521753000000000
263211;29;5;2015;21:20;13935;RUA VER PEDRO PAULO MOREIRA;RUA GAL CAIADO DE CASTRO;;0;;Colis?úo;;;;Cruz;Pare;Misto;0;1;0;1;0;0;0;0;0;0;0;0;-3,786953000000000;-38,488961000000000
258967;29;5;2015;14:30;0;RD BR 222;;;0;KM-03;Colis?úo Traseira;Luz do Dia;Bom;Seca;Meio de Quadra;N?úo H?í Controle;Comercial;0;0;3;1;0;0;1;0;0;0;0;0;-3,736999000000000;-38,571997000000000
252632;29;5;2015;09:25;5039;AV ALBERTO NEPOMUCENO;RUA PESSOA ANTA;;0;;Colis?úo Traseira;Luz do Dia;Chuva;Molhada;Cruz;Sem?íforo;Comercial;0;0;2;1;0;0;0;0;0;0;0;0;-3,721257000000000;-38,523212000000000
262850;29;5;2015;21:58;0;AV WASHINGTON SOARES;;;0;;Colis?úo;;;;Meio de Quadra;;;0;1;1;1;0;0;0;0;0;1;0;0;;
262855;29;5;2015;22:06;0;RUA CON DE CASTRO;;;0;;Colis?úo;;;;Meio de Quadra;;;0;1;1;1;0;0;0;0;0;1;0;0;-3,808666000000000;-38,595190000000000
262839;29;5;2015;17:52;6968;AV F CJ ESPERANCA;AV A CJ ESPERANCA;;0;;Colis?úo;Anoitecer;;;Cruz;Sem?íforo;Residencial;0;1;1;1;0;0;0;0;0;1;0;0;-3,817893000000000;-38,588850000000000
262845;29;5;2015;21:41;0;AV SEN FERNANDES TAVORA;;;1647;;Colis?úo;;;;Meio de Quadra;;;0;1;1;1;0;0;0;0;0;1;0;0;-3,759437000000000;-38,587305000000000
262841;29;5;2015;18:34;0;RUA GUANABARA;;;0;;Colis?úo;;;;Meio de Quadra;;;0;1;1;0;0;0;0;0;0;1;0;0;;
262858;29;5;2015;23:10;45;RUA SALGADO FILHO;RUA PRO JOSE LEITE GONDIM;;0;;Colis?úo;;;;Cruz;Pare;Residencial;0;1;0;0;1;0;0;0;0;1;0;0;-3,742366000000000;-38,595030000000000
262836;29;5;2015;16:55;0;AV JOR THOMAZ COELHO;;;2000;;Colis?úo;Luz do Dia;;;Meio de Quadra;;;0;1;1;1;0;0;0;0;0;1;0;0;-3,828564000000000;-38,513181000000000
262832;29;5;2015;17:12;3779;RUA ANTONIO POMPEU;RUA VINTE E QUATRO DE MAIO;;0;;Colis?úo;Anoitecer;;;Cruz;Pare;Comercial;0;1;1;1;0;0;0;0;0;1;0;0;-3,733667000000000;-38,534186000000000
270231;29;5;2015;09:09;1530;AV JULIO VENTURA;RUA TIBURCIO CAVALCANTE;;0;;Colis?úo;Luz do Dia;;;Cruz;Sem?íforo;Comercial;0;0;2;0;0;0;0;0;0;0;0;0;-3,740609000000000;-38,504074000000000
270238;29;5;2015;12:53;4259;RUA PLACIDO CARVALHO;RUA NAT FEIJO;;0;;Colis?úo;Luz do Dia;;;Cruz;Pare;Residencial;0;0;2;0;0;0;0;0;0;0;0;0;-3,721655000000000;-38,555624000000000
270236;29;5;2015;12:24;9567;RUA SGT JOAO PINHEIRO;RUA CEL FABRICIANO;;0;;Colis?úo;Luz do Dia;;;Cruz;N?úo H?í Controle;Residencial;0;0;2;0;0;0;0;0;0;0;0;0;-3,778965000000000;-38,621724000000000
270375;29;5;2015;16:58;0;RUA ESTADO DO RIO;;;578;;Colis?úo;Luz do Dia;;;Meio de Quadra;;;0;0;2;0;0;0;0;0;0;0;0;0;;
270376;29;5;2015;17:29;0;RUA PRO MIRAMAR DA PONTE;;;0;;Colis?úo;Anoitecer;;;Meio de Quadra;;;0;0;2;0;0;0;0;0;0;0;0;0;;
272214;29;5;2015;12:00;0;RUA PEDRO LAZAR;;;784;;Colis?úo;Luz do Dia;;;Meio de Quadra;;;0;0;2;0;0;0;0;0;0;0;0;0;-3,802449000000000;-38,488535000000000
272229;29;5;2015;13:43;0;RUA ASSUNCAO;;;98;;Colis?úo;Luz do Dia;;;Meio de Quadra;;;0;0;2;0;0;0;0;0;0;0;0;0;-3,730863000000000;-38,527447000000000
272232;29;5;2015;17:30;0;AV ALBERTO CRAVEIRO;;;512;;Colis?úo;Anoitecer;;;Meio de Quadra;;;0;0;2;0;0;0;0;0;0;0;0;0;-3,782995000000000;-38,516633000000000
272237;29;5;2015;20:11;17626;RUA JOSE PEDRA;RUA JOAO FRANCA (PQ. 2 IRM?âOS);;0;;Colis?úo;;;;Cruz;Pare;Residencial;0;0;2;0;0;0;0;0;0;0;0;0;-3,795482000000000;-38,549671000000000
272240;29;5;2015;22:25;25325;AV JOAO DE ARAUJO LIMA;AV PRS COSTA E SILVA;;0;;Choque c/ Obst?ículo Fixo;;;;Cruz;Sem?íforo;Comercial;0;0;1;0;0;0;0;0;0;0;0;0;;
272242;29;5;2015;22:27;19469;AV GAL OSORIO DE PAIVA;AV AUGUSTO DOS ANJOS;;0;;Colis?úo;;;;Outros;Pare;Misto;0;0;2;0;0;0;0;0;0;0;0;0;-3,787349000000000;-38,584939000000000
272244;29;5;2015;22:58;0;AV DR SILAS MUNGUBA;;;4212;;Colis?úo;;;;Meio de Quadra;;;0;0;2;0;0;0;0;0;0;0;0;0;-3,791208000000000;-38,537896000000000
272246;29;5;2015;23:25;0;RUA SALGADO FILHO;;;634;;Atropelamento;;;;Meio de Quadra;;;0;0;2;0;0;0;0;0;0;0;0;0;-3,742447000000000;-38,595018000000000
272210;29;5;2015;11:49;0;RUA TOMAS RODRIGUES;RUA MARTINS NETO;RUA PRO JOSE LEITE GONDIM;407;;Colis?úo;Luz do Dia;;;Meio de Quadra;;;0;0;2;0;0;0;0;0;0;0;0;0;-3,740280000000000;-38,593875000000000
261860;29;5;2015;07:04;14967;AV GODOFREDO MACIEL;RUA JULIO ALCIDES;;0;;Colis?úo;Luz do Dia;;;T;Outros;Comercial;0;0;2;1;0;0;0;0;0;0;0;0;-3,787856000000000;-38,566785000000000
261955;29;5;2015;14:55;0;AV BEZERRA DE MENEZES;;;0;;Colis?úo;Luz do Dia;;;Meio de Quadra;;;0;0;2;1;1;0;0;0;0;0;0;0;;
261956;29;5;2015;16:17;0;AV GODOFREDO MACIEL;;;0;;Colis?úo;Luz do Dia;;;Meio de Quadra;;;0;0;2;1;0;0;0;0;0;0;0;0;;
261953;29;5;2015;12:13;0;AV DEP PAULINO ROCHA;;;46;;Colis?úo;Luz do Dia;;;Meio de Quadra;;;0;0;2;1;0;0;0;1;0;0;0;0;-3,801657000000000;-38,507467000000000
261951;29;5;2015;08:27;0;RUA N S DA CONCEICAO (PICI);;;0;;Colis?úo;Luz do Dia;;;Meio de Quadra;;;0;0;2;1;0;0;0;0;0;0;0;0;;
261965;29;5;2015;16:40;0;RUA CEL OLEGARIO MEMORIA;;;0;;Colis?úo;Luz do Dia;;;Meio de Quadra;;;0;0;2;1;0;0;1;0;0;0;0;0;;
261969;29;5;2015;22:21;10046;RUA EMILIO DE MENESES;RUA BRAGANCA;;0;;Colis?úo;;;;Cruz;Pare;Residencial;0;0;2;1;0;0;0;0;0;0;0;0;-3,779277000000000;-38,596166000000000
251805;29;5;2015;13:00;14668;RUA JUNIOR ROCHA;RUA DES AVELAR;;0;;Colis?úo Lateral;Luz do Dia;Bom;Seca;Cruz;N?úo H?í Controle;Misto;0;0;2;1;0;0;0;0;0;0;0;0;-3,794660000000000;-38,488059000000000
251806;29;5;2015;16:00;0;RUA JOSE VILAR;;;335;;Colis?úo Traseira;Amanhecer;Bom;Seca;Meio de Quadra;N?úo H?í Controle;Residencial;0;0;2;1;0;0;0;0;0;0;0;0;-3,727910000000000;-38,502137000000000
251807;29;5;2015;20:00;12405;AV LINEU MACHADO;RUA JOCKEY CLUBE;;0;;Colis?úo Transversal;Via Iluminada;Bom;Seca;T;Pare;Comercial;0;1;1;1;0;0;0;0;0;1;0;0;-3,764186000000000;-38,576001000000000
251799;29;5;2015;19:45;15125;RUA ILDEFONSO ALBANO;RUA DR ATUALPA BARBOSA LIMA (P. IRACEMA);;0;;Colis?úo Transversal;Via Iluminada;Bom;Seca;Cruz;Pare;Residencial;0;0;4;1;0;0;0;0;0;0;0;0;-3,723503000000000;-38,510128000000000
251800;29;5;2015;12:10;0;RUA TERTULIANO SALES;;;505;;Colis?úo Lateral;Luz do Dia;Bom;Seca;Meio de Quadra;N?úo H?í Controle;Residencial;1;1;1;1;0;0;0;0;0;1;0;0;-3,762785000000000;-38,531410000000000
251801;29;5;2015;14:45;0;RUA CAP VASCONCELOS D46;;;330;;Colis?úo Traseira;Luz do Dia;Bom;Seca;Meio de Quadra;N?úo H?í Controle;Misto;0;0;2;1;0;0;0;0;0;0;0;0;-3,765062000000000;-38,517131000000000
251802;29;5;2015;10:25;1520;AV JULIO VENTURA;RUA NUNES VALENTE;;0;;Colis?úo Traseira;Luz do Dia;Bom;Seca;Cruz;Sem?íforo;Comercial;0;2;1;1;0;0;0;0;0;1;0;0;-3,740301000000000;-38,505037000000000
251793;29;5;2015;12:40;8951;RUA ANTONIO POMPEU;RUA RUBIA SAMPAIO;;0;;Colis?úo Transversal;Luz do Dia;Bom;Seca;Cruz;Pare;Comercial;0;0;2;1;0;0;0;0;0;0;0;0;-3,731652000000000;-38,540544000000000
251795;29;5;2015;19:00;0;AV DOS JANGADEIROS;;;0;;Colis?úo Traseira;Anoitecer;Bom;Seca;Meio de Quadra;N?úo H?í Controle;Comercial;0;0;2;1;0;0;0;0;0;0;0;0;;
251796;29;5;2015;21:00;7916;RUA HENRIQUETA GALENO;RUA CEL LINHARES;;0;;Colis?úo Lateral;Via Iluminada;Bom;Seca;Cruz;Pare;Residencial;0;0;2;0;1;0;0;0;0;0;0;0;-3,746040000000000;-38,497191000000000
251797;29;5;2015;07:00;0;AV DEP PAULINO ROCHA;;;1330;;Colis?úo Lateral;Luz do Dia;Bom;Seca;Meio de Quadra;N?úo H?í Controle;Comercial;0;0;2;1;0;0;1;0;0;0;0;0;-3,810276000000000;-38,509350000000000
251790;29;5;2015;19:00;1716;RUA CAP ARAGAO;AV GOV RAUL BARBOSA;;0;;Colis?úo Transversal;Via Iluminada;Bom;Seca;Cruz;Sem?íforo;Comercial;0;1;1;1;0;0;0;0;0;1;0;0;-3,763977000000000;-38,508802000000000
251787;29;5;2015;10:30;12849;RUA ASSUNCAO;RUA SALDANHA MARINHO;;0;;Colis?úo Transversal;Luz do Dia;Bom;Seca;Cruz;Pare;Misto;0;1;1;0;0;0;0;0;0;1;0;0;-3,742314000000000;-38,531231000000000
251788;29;5;2015;11:00;25279;AV ROGACIANO LEITE;RUA DES WALDEMAR ALVES PEREIRA;;0;;Colis?úo Lateral;Via Iluminada;Bom;Seca;Cruz;N?úo H?í Controle;Comercial;0;1;1;1;0;0;0;0;0;1;0;0;;
251781;29;5;2015;15:40;12835;AV DOMINGOS OLIMPIO;RUA SOLON PINHEIRO;;0;;Colis?úo Traseira;Luz do Dia;Bom;Seca;Cruz;Sem?íforo;Comercial;0;0;3;1;0;0;0;0;0;0;0;0;-3,737409000000000;-38,528650000000000
251782;29;5;2015;17:30;15881;RUA PDE PEDRO DE ALENCAR;RUA GUARUJA;;0;;Colis?úo Lateral;Via Iluminada;Bom;Seca;Rotat??ria;Pare;Comercial;0;1;1;1;0;0;0;0;0;1;0;0;-3,834885000000000;-38,494118000000000
251783;29;5;2015;12:50;0;AV DR SILAS MUNGUBA;;;592;;Outros;Luz do Dia;Bom;Seca;Meio de Quadra;Sem?íforo;Residencial;0;0;1;1;0;0;0;0;0;0;0;0;-3,779962000000000;-38,559897000000000
251784;29;5;2015;06:00;7479;AV ALBERTO CRAVEIRO;RUA PEDRO DANTAS;;0;;Colis?úo Traseira;Luz do Dia;Nublado;Seca;T;Sem?íforo;Comercial;0;1;1;1;0;0;0;0;0;1;0;0;-3,786753000000000;-38,517220000000000
251785;29;5;2015;04:40;3771;AV DOMINGOS OLIMPIO;AV DA UNIVERSIDADE;;0;;Colis?úo Transversal;Via Iluminada;Nublado;Seca;Cruz;Sem?íforo Intermitente;Misto;0;0;2;1;1;0;0;0;0;0;0;0;-3,735594000000000;-38,534216000000000
251776;29;5;2015;17:05;0;AV PRS COSTA E SILVA;;;3601;;Engavetamento;Luz do Dia;Bom;Molhada;Meio de Quadra;;Comercial;0;0;4;1;0;0;0;0;0;0;0;0;-3,823879000000000;-38,548554000000000
251777;29;5;2015;13:30;9176;AV EDUARDO GIRAO;AV AGUANAMBI;;0;;Colis?úo Traseira;Luz do Dia;Bom;Seca;Rotat??ria;N?úo H?í Controle;Comercial;0;0;2;1;0;0;0;0;0;0;0;0;-3,755303000000000;-38,523639000000000
251778;29;5;2015;10:00;0;AV OLIVEIRA PAIVA;;;415;;Colis?úo Traseira;;Bom;Seca;Meio de Quadra;N?úo H?í Controle;Comercial;0;0;2;1;0;0;0;0;0;0;0;0;-3,797852000000000;-38,501461000000000
251779;29;5;2015;14:30;0;AV PRS JUSCELINO KUBITSCHEK (PASSAR?ë);;;5451;;Colis?úo Traseira;Luz do Dia;Bom;Seca;Meio de Quadra;Pare;Residencial;0;0;2;1;0;0;0;0;0;0;0;0;-3,823401000000000;-38,536831000000000
262001;30;5;2015;10:43;25209;RUA BAIXA DO MILAGRE;AV MOZART PINHEIRO DE LUCENA;;0;;Colis?úo;Luz do Dia;;;;;;0;0;2;0;0;0;1;0;0;0;0;0;-3,734227000000000;-38,599994000000000
262003;30;5;2015;18:59;0;AV JOR THOMAZ COELHO;;;0;;Colis?úo;;;;Meio de Quadra;;;0;0;2;1;0;0;0;0;0;0;0;0;;