COD_ACIDENTE;DIA;MES;ANO;HORA;INTERSECAO;LOG1;LOG2;LOG3;NUMERO;REFERENCIA;NATUREZA;ILUMINACAO;TEMPO;SUPERFICIEPISTA;TIPOCRUZAMENTO;CONTROLETRAFEGO;USOSOLO;MORTOS;FERIDOS;ILESOS;AUTOMOVEL;ONIBUS;BICICLETA;CAMINHAO;MICROONIBUS;CICLOMOTOR;MOTOCICLETA;TRACAOANIMAL;TREM;LATITUDE;LONGITUDE
262007;30;5;2015;20:24;0;AV ENG JOS?ë GUIMAR?âES;;;0;;Colis?úo;;;;Meio de Quadra;;;0;0;3;1;0;0;0;0;0;0;0;0;;
272252;30;5;2015;00:15;3769;AV DOMINGOS OLIMPIO;RUA SEN POMPEU;;0;;Colis?úo;;;;Cruz;Sem?íforo;Comercial;0;0;2;0;0;0;0;0;0;0;0;0;-3,736254000000000;-38,532455000000000
272254;30;5;2015;02:43;0;RUA BAR ARATANHA;;;1103;;Choque c/ Obst?ículo Fixo;;;;Meio de Quadra;;;0;0;1;0;0;0;0;0;0;0;0;0;-3,742898000000000;-38,529723000000000
272255;30;5;2015;07:28;0;AV WENEFRIDO MELO;;;224;;Atropelamento;Luz do Dia;;;Meio de Quadra;;;0;0;2;0;0;0;0;0;0;0;0;0;-3,809374000000000;-38,577334000000000
272257;30;5;2015;08:34;0;AV BEZERRA DE MENEZES;;;25;;Colis?úo;Luz do Dia;;;Meio de Quadra;;;0;0;2;0;0;0;0;0;0;0;0;0;-3,730585000000000;-38,540036000000000
272259;30;5;2015;09:05;25229;AV OLAVO BILAC;AV DR THEBERGE;;0;;Colis?úo;Luz do Dia;;;Y;Pare;Misto;0;0;2;0;0;0;0;0;0;0;0;0;-3,721012000000000;-38,567102000000000
272266;30;5;2015;10:30;21822;RUA DEP MATOSO FILHO;RUA PINHEIRO BASTOS;;0;;Colis?úo;Luz do Dia;;;;;;0;0;2;0;0;0;0;0;0;0;0;0;-3,731037000000000;-38,587246000000000
272269;30;5;2015;10:35;0;RUA RIO BRANCO;;;0;;Colis?úo;Luz do Dia;;;Meio de Quadra;;;0;0;2;0;0;0;0;0;0;0;0;0;;
272270;30;5;2015;11:14;0;RUA MARTINS NETO;;;934;;Colis?úo;Luz do Dia;;;Meio de Quadra;;;0;0;2;0;0;0;0;0;0;0;0;0;-3,741043000000000;-38,593639000000000
272273;30;5;2015;17:01;23786;RUA AGAMENON;RUA DR ESTENIO GOMES;;0;;Colis?úo;Anoitecer;;;;;;0;0;2;0;0;0;0;0;0;0;0;0;-3,793655000000000;-38,584783000000000
272275;30;5;2015;17:10;0;RUA JOR ANTONIO P TAVARES;;;1208;;Colis?úo;Anoitecer;;;Meio de Quadra;;;0;0;2;0;0;0;0;0;0;0;0;0;-3,813202000000000;-38,508103000000000
272282;30;5;2015;18:37;0;AV PERIMETRAL;;;0;;Colis?úo;;;;Meio de Quadra;;;0;0;2;0;0;0;0;0;0;0;0;0;;
272283;30;5;2015;19:12;17373;AV PRO GOMES DE MATOS;RUA CEL ALEXANDRINO;;0;;Colis?úo;;;;Cruz;Pare;Comercial;0;0;2;0;0;0;0;0;0;0;0;0;-3,766732000000000;-38,550403000000000
272279;30;5;2015;17:38;0;RUA HONORATO SILVA;;;497;;Atropelamento;Anoitecer;;;Meio de Quadra;;;0;0;2;0;0;0;0;0;0;0;0;0;;
272280;30;5;2015;18:36;0;RUA TAQUARI;;;2379;;Colis?úo;;;;Meio de Quadra;;;0;0;2;0;0;0;0;0;0;0;0;0;-3,775955000000000;-38,602498000000000
272287;30;5;2015;19:36;0;RUA CON DE CASTRO;;;4800;;Colis?úo;;;;Meio de Quadra;;;0;0;2;0;0;0;0;0;0;0;0;0;-3,807494000000000;-38,594198000000000
272289;30;5;2015;20:49;0;RUA PIAUI;;;1516;;Colis?úo;;;;Meio de Quadra;;;0;0;2;0;0;0;0;0;0;0;0;0;-3,752595000000000;-38,571959000000000
273315;30;5;2015;05:30;2412;AV FRANCISCO SA;RUA IRAPUA;;0;;Queda;Amanhecer;;;Cruz;N?úo H?í Controle;Residencial;1;0;0;0;0;1;0;0;0;0;0;0;-3,706356000000000;-38,586099000000000
262860;30;5;2015;03:01;0;RD BR 116;;;13000;KM-13;Queda;;;;Meio de Quadra;;;0;1;0;0;0;0;0;0;0;1;0;0;-3,864670000000000;-38,497727000000000
262877;30;5;2015;07:43;0;AV CASTELO DE CASTRO;;;0;;Colis?úo;Luz do Dia;;;Meio de Quadra;;;0;1;0;0;0;0;0;0;0;0;0;0;-3,835299000000000;-38,521638000000000
262873;30;5;2015;06:27;0;AV FRE CIRILO;;;0;;Colis?úo;Luz do Dia;;;Meio de Quadra;;;0;1;0;0;0;0;0;0;0;0;0;0;;
262874;30;5;2015;07:15;0;RUA CON DE CASTRO;;;0;;Colis?úo;Luz do Dia;;;Meio de Quadra;;;0;1;1;1;0;0;0;0;0;1;0;0;-3,799771000000000;-38,587123000000000
262875;30;5;2015;07:16;0;RUA NENEN GONCALVES;;;0;;Colis?úo;Luz do Dia;;;Meio de Quadra;;;0;1;1;1;0;0;0;0;0;1;0;0;;
262885;30;5;2015;13:16;0;RUA JOAO TINOCO;;;0;;Colis?úo;Luz do Dia;;;Meio de Quadra;;;0;1;1;1;0;0;0;0;0;1;0;0;-3,729580000000000;-38,591595000000000
262879;30;5;2015;10:11;23607;RUA BAR CRATO;RUA CAP NESTOR GOIS;;0;;Queda;Luz do Dia;;;Cruz;Pare;Misto;0;1;0;0;0;0;0;0;0;1;0;0;-3,721812000000000;-38,561703000000000
262893;30;5;2015;14:55;0;RUA BOM JESUS (JD DAS OLIVEIRAS);;;0;;Queda;Luz do Dia;;;Meio de Quadra;;;0;1;0;0;0;0;0;0;0;1;0;0;;
262899;30;5;2015;15:02;0;RUA CAP NESTOR GOIS;;;0;;Colis?úo;Luz do Dia;;;Meio de Quadra;;;0;1;0;1;0;0;0;0;0;0;0;0;-3,724068000000000;-38,561100000000000
262901;30;5;2015;16:36;0;AV 1 CANINDEZINHO;;;0;;Colis?úo;Luz do Dia;;;Meio de Quadra;;;0;1;0;0;0;0;0;0;0;1;0;0;;
262902;30;5;2015;16:46;0;AV 1 CANINDEZINHO;;;0;;Colis?úo;Luz do Dia;;;Meio de Quadra;;;0;1;0;0;0;0;0;0;0;1;0;0;;
262903;30;5;2015;19:15;0;AV GOV RAUL BARBOSA;;;5950;;Colis?úo;;;;Meio de Quadra;;;0;1;1;1;0;0;0;0;0;1;0;0;-3,769650000000000;-38,510411000000000
262905;30;5;2015;21:09;0;RUA AMOR PERFEITO;;;0;;Atropelamento;;;;Meio de Quadra;;;0;1;1;1;0;0;0;0;0;0;0;0;;
262906;30;5;2015;21:29;4006;RUA DES PRAXEDES;RUA EDITE BRAGA;;0;;Colis?úo;;;;Cruz;Pare;Comercial;0;1;1;1;0;0;0;0;0;1;0;0;-3,760633000000000;-38,547472000000000
258957;30;5;2015;03:00;0;RD BR 116;;;13000;KM-13;Colis?úo;Via Iluminada;Bom;Seca;Meio de Quadra;N?úo H?í Controle;Comercial;0;3;0;0;0;1;0;0;0;1;0;0;-3,864670000000000;-38,497727000000000
263212;30;5;2015;02:22;3894;AV EDUARDO GIRAO;RUA JULIO CESAR D12;;0;;Colis?úo;;;;Cruz;Sem?íforo;Comercial;0;1;0;0;1;0;0;0;0;0;0;0;-3,747630000000000;-38,540636000000000
263213;30;5;2015;02:43;0;AV DR SILAS MUNGUBA;;;4310;;Choque c/ Obst?ículo Fixo;;;;Meio de Quadra;;;0;0;1;0;0;0;0;0;0;0;0;0;-3,791500000000000;-38,537254000000000
263216;30;5;2015;04:05;577;AV DR THEBERGE;AV FRANCISCO SA;;0;;Engavetamento;;;;Cruz;Sem?íforo;Comercial;0;1;0;1;0;0;0;0;0;0;0;0;-3,714822000000000;-38,565016000000000
255197;30;5;2015;14:15;8936;AV DOMINGOS OLIMPIO;RUA PRC ISABEL;;0;;Colis?úo Transversal;Luz do Dia;Bom;Seca;Cruz;Sem?íforo;Residencial;0;0;2;0;1;0;0;0;0;0;0;0;-3,734438000000000;-38,537790000000000
259724;30;5;2015;17:20;0;RD CE-040;;;0;KM-02;Colis?úo Traseira;Anoitecer;Bom;Seca;Meio de Quadra;;;0;0;2;1;0;0;0;0;0;0;0;0;-3,776479000000000;-38,481598000000000
259720;30;5;2015;07:00;0;AV MIN JOSE AMERICO;;;0;;Tombamento;Luz do Dia;Bom;Molhada;Meio de Quadra;;;0;1;1;0;0;0;0;0;0;1;0;0;;
270510;30;5;2015;02:42;577;AV FRANCISCO SA;AV DR THEBERGE;;0;;Colis?úo;;;;Cruz;Sem?íforo;Comercial;0;0;2;0;0;0;0;0;0;0;0;0;-3,714822000000000;-38,565016000000000
270513;30;5;2015;09:17;0;VL JOAO XXIII;;;0;;Colis?úo;Luz do Dia;;;Meio de Quadra;;;0;0;2;0;0;0;0;0;0;0;0;0;;
270518;30;5;2015;16:31;13177;AV I CJ JOSE WALTER;AV D CJ JOSE WALTER;;0;;Colis?úo;Luz do Dia;;;Rotat??ria;D?¬ Prefer?¬ncia;Comercial;0;0;2;0;0;0;0;0;0;0;0;0;-3,832440000000000;-38,552957000000000
270519;30;5;2015;17:04;3860;AV DA UNIVERSIDADE;AV 13 DE MAIO;;0;;Colis?úo;Anoitecer;;;Cruz;Sem?íforo;Comercial;0;0;2;0;0;0;0;0;0;0;0;0;-3,740962000000000;-38,539107000000000
270520;30;5;2015;17:19;5235;RUA PEDRO PEREIRA;RUA PRC ISABEL;;0;;Colis?úo;Anoitecer;;;Cruz;Pare;Comercial;0;0;2;0;0;0;0;0;0;0;0;0;-3,727353000000000;-38,535705000000000
270521;30;5;2015;18:29;0;RUA DR FERNANDO AUGUSTO;;;3952;;Colis?úo;Anoitecer;;;Meio de Quadra;;;0;0;2;0;0;0;0;0;0;0;0;0;-3,785502000000000;-38,627829000000000
270515;30;5;2015;10:02;0;AV F CJ ESPERANCA;;;102;;Colis?úo;Luz do Dia;;;Meio de Quadra;;;0;0;2;0;0;0;0;0;0;0;0;0;-3,815768000000000;-38,586844000000000
267015;30;5;2015;16:08;0;RUA TULIPA NEGRA;;;2078;;Colis?úo;Luz do Dia;;;Meio de Quadra;;;1;0;1;1;0;0;0;0;0;0;0;0;-3,818918000000000;-38,598380000000000
251816;30;5;2015;00:30;0;RUA AMAZONAS;;;1348;;Choque c/ Obst?ículo Fixo;Via Iluminada;;Seca;;;;0;1;0;1;0;0;0;0;0;0;0;0;-3,752304000000000;-38,565743000000000
251817;30;5;2015;09:00;8020;RUA ALEXANDRE BARAUNA;RUA CARLOS CAMARA;;0;;Colis?úo Lateral;Luz do Dia;Bom;Seca;Cruz;Pare;Residencial;0;0;3;1;0;0;0;0;0;0;0;0;-3,751840000000000;-38,547441000000000
251821;30;5;2015;11:00;0;RUA SAO PAULO;;;819;;Colis?úo Traseira;;Bom;Seca;Meio de Quadra;N?úo H?í Controle;Comercial;0;0;3;1;0;0;0;0;0;0;0;0;-3,724212000000000;-38,533021000000000
251819;30;5;2015;10:00;5185;RUA LIBERATO BARROSO;RUA TEREZA CRISTINA;;0;;Colis?úo Lateral;Luz do Dia;Bom;Seca;Cruz;N?úo H?í Controle;Comercial;0;0;2;1;0;0;0;0;0;0;0;0;-3,725833000000000;-38,536404000000000
251828;30;5;2015;06:40;271;AV JOVITA FEITOSA;RUA AMADEU FURTADO;;0;;Colis?úo Transversal;Luz do Dia;Bom;Seca;Cruz;Sem?íforo;Residencial;0;0;2;1;0;0;0;0;0;0;0;0;-3,741173000000000;-38,562915000000000
251830;30;5;2015;09:00;5445;AV HERACLITO GRACA;RUA DNA LEOPOLDINA;;0;;Colis?úo Lateral;Luz do Dia;Bom;Seca;Cruz;Sem?íforo;Comercial;0;0;2;1;0;0;0;0;0;0;0;0;-3,734708000000000;-38,520779000000000
251831;30;5;2015;09:30;11030;RUA 15 DE NOVEMBRO;RUA EUZEBIO DE QUEIROS;;0;;Colis?úo Lateral;Luz do Dia;Bom;Seca;Cruz;Sem?íforo;Comercial;0;1;1;1;0;0;0;0;0;1;0;0;-3,769241000000000;-38,555011000000000
251825;30;5;2015;09:50;0;AV ALBERTO CRAVEIRO;;;466;;Colis?úo Traseira;;Bom;Seca;Meio de Quadra;Outros;Comercial;0;0;2;1;1;0;0;0;0;0;0;0;-3,782812000000000;-38,516560000000000
251826;30;5;2015;16:15;12892;AV DOMINGOS OLIMPIO;RUA BAR RIO BRANCO;;0;;Colis?úo Lateral;Luz do Dia;Bom;Seca;Cruz;Sem?íforo;Comercial;0;0;2;0;0;0;0;0;0;0;0;0;-3,736579000000000;-38,531494000000000
251823;30;5;2015;06:20;0;RUA PDE PEDRO DE ALENCAR;;;126;;Colis?úo Traseira;Luz do Dia;;Seca;Meio de Quadra;Outros;Comercial;0;0;2;0;1;0;0;0;0;1;0;0;-3,828718000000000;-38,493607000000000
251837;30;5;2015;12:15;1445;RUA VICENTE LEITE;RUA DES LEITE ALBUQUERQUE;;0;;Colis?úo Transversal;Luz do Dia;Bom;Seca;Cruz;Pare;Escola;0;0;2;1;0;0;0;0;0;0;0;0;-3,738178000000000;-38,495734000000000
251833;30;5;2015;17:40;15007;RUA HOLANDA;RUA OTAVIO FILOMENO;;0;;Colis?úo Transversal;Mal Iluminada;Bom;Seca;Duplo T;N?úo H?í Controle;Residencial;0;0;2;1;0;0;0;0;0;0;0;0;-3,793048000000000;-38,565945000000000
251839;30;5;2015;07:00;5318;RUA PDE IBIAPINA;RUA GAL CLARINDO DE QUEIROZ;;0;;Atropelamento;Luz do Dia;Bom;Seca;Cruz;Pare;Comercial;0;1;1;0;1;0;0;0;0;0;0;0;-3,729518000000000;-38,540084000000000
251848;30;5;2015;07:30;0;RUA CASTRO E SILVA;;;505;;Choque c/ Obst?ículo Fixo;Luz do Dia;Bom;Seca;Meio de Quadra;;;0;0;2;1;0;0;0;0;0;0;0;0;-3,723070000000000;-38,529747000000000
251849;30;5;2015;13:00;0;RUA JULIO ABREU;;;250;;Colis?úo Traseira;Luz do Dia;Bom;Seca;Meio de Quadra;Sem?íforo;Comercial;0;0;2;1;0;0;0;0;0;0;0;0;-3,735894000000000;-38,486682000000000
251846;30;5;2015;11:30;25447;RUA HOLANDA;RUA FRANCISCO GLICERIO;;0;;Colis?úo Transversal;Luz do Dia;Bom;Seca;T;N?úo H?í Controle;Comercial;0;0;2;1;0;0;0;0;0;0;0;0;-3,798266000000000;-38,562214000000000
251841;30;5;2015;08:00;0;AV CARNEIRO DE MENDONCA;;;436;;Colis?úo Transversal;Luz do Dia;Bom;Seca;Meio de Quadra;N?úo H?í Controle;Comercial;0;1;1;1;0;0;0;0;0;1;0;0;-3,765860000000000;-38,563080000000000
251842;30;5;2015;06:40;22176;AV ENG HUMBERTO MONTE;AV JOSE BASTOS;;0;;Colis?úo Traseira;Luz do Dia;Nublado;Seca;T;Sem?íforo;Residencial;0;0;1;1;0;0;0;0;0;0;0;0;-3,754966000000000;-38,555455000000000
251844;30;5;2015;12:30;0;AV ROGACIANO LEITE;;;2160;;Colis?úo Traseira;Luz do Dia;Bom;Seca;Meio de Quadra;N?úo H?í Controle;Residencial;0;1;1;1;0;0;0;0;0;1;0;0;-3,773825000000000;-38,499111000000000
251851;30;5;2015;15:50;5352;AV DOM MANUEL;RUA PINTO MADEIRA;;0;;Colis?úo Traseira;Luz do Dia;Bom;Seca;Cruz;Sem?íforo;Residencial;0;0;2;1;0;0;0;0;0;0;0;0;-3,730964000000000;-38,521957000000000
251874;31;5;2015;13:00;15374;AV DOM LUIS;RUA FREDERICO BORGES;;0;;Colis?úo Lateral;Luz do Dia;Bom;Seca;Cruz;Sem?íforo;Comercial;0;0;2;1;0;0;0;0;0;0;0;0;-3,735890000000000;-38,489136000000000
251859;31;5;2015;20:30;0;RUA MUCAMBINHO (MESSEJANA);;;400;;Colis?úo Traseira;Anoitecer;Bom;Seca;Meio de Quadra;N?úo H?í Controle;Residencial;0;0;2;1;0;0;0;0;0;0;0;0;-3,830300000000000;-38,507214000000000
251860;31;5;2015;21:00;5328;AV DUQ CAXIAS;AV TRISTAO GONCALVES;;0;;Choque c/ Obst?ículo Fixo;Via Iluminada;Bom;Seca;Cruz;Sem?íforo;Comercial;0;0;1;1;0;0;0;0;0;0;0;0;-3,730400000000000;-38,534196000000000
251861;31;5;2015;10:00;0;AV PDE ANTONIO TOMAS;;;515;;Colis?úo Traseira;Luz do Dia;Bom;Seca;Meio de Quadra;N?úo H?í Controle;Lazer;0;0;2;1;0;0;0;0;0;0;0;0;-3,744339000000000;-38,484188000000000
251862;31;5;2015;15:00;5490;AV AGUANAMBI;RUA ANTONIO POMPEU;;0;;Colis?úo Transversal;Luz do Dia;Bom;Seca;Cruz;Sem?íforo;Comercial;0;0;3;1;1;0;0;0;0;0;0;0;-3,736873000000000;-38,523967000000000
251863;31;5;2015;07:30;22849;RUA DR JUSTA ARAUJO D45;RUA CON LIMA SUCUPIRA;;0;;Colis?úo Transversal;Luz do Dia;Bom;Seca;Cruz;Pare;Residencial;0;0;2;1;0;0;0;0;0;0;0;0;-3,778167000000000;-38,550832000000000
251864;31;5;2015;10:00;0;AV GODOFREDO MACIEL;;;4300;;Colis?úo Lateral;Luz do Dia;Bom;Seca;Meio de Quadra;N?úo H?í Controle;Comercial;0;0;2;1;0;0;0;0;0;0;0;0;-3,812544000000000;-38,575023000000000
251865;31;5;2015;11:30;12758;RUA JULIO CESAR D12;RUA DELMIRO FARIAS;;0;;Colis?úo Transversal;Luz do Dia;Bom;Seca;Cruz;Pare;Residencial;0;1;2;1;0;0;0;0;1;0;0;0;-3,752508000000000;-38,545070000000000
251866;31;5;2015;15:55;15190;AV ABOLICAO;RUA JOAQUIM NABUCO;;0;;Engavetamento;Luz do Dia;Bom;Seca;Cruz;Sem?íforo;Residencial;0;0;4;1;0;0;0;0;0;0;0;0;-3,726373000000000;-38,498436000000000
251867;31;5;2015;13:00;0;AV GODOFREDO MACIEL;;;2939;;Colis?úo Lateral;Luz do Dia;Bom;Seca;Meio de Quadra;Sem?íforo;Comercial;0;1;1;0;0;0;0;0;0;1;0;0;-3,801428000000000;-38,571468000000000
251868;31;5;2015;15:00;17277;AV PRO GOMES DE MATOS;RUA SATIRO DIAS;;0;;Colis?úo Transversal;Luz do Dia;Bom;Seca;Cruz;Sem?íforo;Comercial;0;1;1;1;0;0;0;0;0;1;0;0;-3,762623000000000;-38,546868000000000
251869;31;5;2015;11:30;0;AV SANTOS DUMONT;;;7800;;Engavetamento;Luz do Dia;Bom;Seca;Meio de Quadra;N?úo H?í Controle;Misto;0;0;3;1;0;0;0;0;0;0;0;0;-3,747888000000000;-38,462283000000000
251870;31;5;2015;19:00;15197;RUA DEP MOREIRA DA ROCHA;RUA ANTONIO AUGUSTO;;0;;Colis?úo Lateral;Via Iluminada;Bom;Seca;;;Residencial;0;0;2;1;0;0;0;0;0;0;0;0;-3,726544000000000;-38,512260000000000
251871;31;5;2015;06:45;13473;RUA ANTONIO AUGUSTO;RUA PINHO PESSOA;;0;;Colis?úo Transversal;Anoitecer;Bom;Seca;Cruz;Pare;Residencial;0;1;1;1;0;0;0;0;0;0;0;0;-3,744442000000000;-38,518112000000000
251886;31;5;2015;22:00;0;AV GAL OSORIO DE PAIVA;;;0;;Colis?úo Lateral;Via Iluminada;Nublado;Molhada;Meio de Quadra;N?úo H?í Controle;Comercial;0;2;1;1;0;0;0;0;0;1;0;0;;
258968;31;5;2015;22:00;0;RD BR 222;;;0;KM-02;Colis?úo Traseira;Via Iluminada;Bom;Seca;Meio de Quadra;N?úo H?í Controle;Comercial;0;0;2;1;0;0;0;0;0;0;0;0;-3,738951000000000;-38,586880000000000
262909;31;5;2015;07:04;5343;AV BEZERRA DE MENEZES;RUA PDE IBIAPINA;;0;;Atropelamento;Luz do Dia;;;Cruz;Sem?íforo;Comercial;0;1;1;0;1;0;0;0;0;0;0;0;-3,730548000000000;-38,539973000000000
262910;31;5;2015;08:16;0;RUA CON DE CASTRO;;;0;;Queda;Luz do Dia;;;Meio de Quadra;;;0;1;0;0;0;0;0;0;0;1;0;0;;
262911;31;5;2015;08:18;0;AV AUGUSTO DOS ANJOS;;;0;;Colis?úo;Luz do Dia;;;Meio de Quadra;;;0;1;0;0;0;0;0;0;0;1;0;0;-3,773757000000000;-38,573460000000000
262955;31;5;2015;21:18;0;AV GAL OSORIO DE PAIVA;;;0;;Colis?úo;;;;Meio de Quadra;;;0;1;1;1;0;0;0;0;0;1;0;0;;
262956;31;5;2015;22:06;0;RUA GUILHERME PESSOA;;;0;;Queda;;;;Meio de Quadra;;;0;1;0;0;0;0;0;0;0;1;0;0;-3,827273000000000;-38,486581000000000
262913;31;5;2015;09:34;15302;RUA PEREIRA FILGUEIRAS;RUA MON BRUNO;;0;;Colis?úo;Luz do Dia;;;;Pare;Residencial;0;1;1;1;0;0;0;0;0;1;0;0;-3,729763000000000;-38,508580000000000
262916;31;5;2015;10:50;0;RUA URUCUTUBA;;;2070;;Colis?úo;Luz do Dia;;;Meio de Quadra;;;0;1;0;0;0;0;0;0;0;0;0;0;-3,798641000000000;-38,615390000000000
262920;31;5;2015;15:05;0;AV JOSE BASTOS;;;0;;Queda;Luz do Dia;;;Meio de Quadra;;;0;0;1;0;0;0;0;0;0;1;0;0;;
262918;31;5;2015;14:53;12925;AV AGUANAMBI;AV ANTONIO SALES;;0;;Colis?úo;Luz do Dia;;;;;;0;1;0;1;1;0;0;0;0;0;0;0;-3,738683000000000;-38,524628000000000
262934;31;5;2015;15:31;0;RUA DIAMANTINA;;;0;;Atropelamento;Luz do Dia;;;Meio de Quadra;;;0;1;1;0;0;0;0;0;0;1;0;0;-3,763985000000000;-38,569290000000000
262936;31;5;2015;15:47;4875;RUA CON DE CASTRO;RUA JARDIM FLUMINENSE;;0;;Queda;Luz do Dia;;;T;Sem?íforo;Residencial;0;1;0;0;0;0;0;0;0;1;0;0;-3,812831000000000;-38,597948000000000
262939;31;5;2015;17:49;0;AV I CJ CEARA;;;0;;Queda;Anoitecer;;;Meio de Quadra;;;0;1;0;0;0;0;0;0;0;1;0;0;;
262948;31;5;2015;17:56;0;AV JOAO PESSOA;;;0;;Queda;Anoitecer;;;Meio de Quadra;;;0;1;0;0;0;0;0;0;0;1;0;0;;
262949;31;5;2015;19:02;0;AV GOV RAUL BARBOSA;;;0;;Queda;;;;Meio de Quadra;;;0;1;0;0;0;0;0;0;0;1;0;0;;
262951;31;5;2015;20:10;0;AV ISABEL BEZERRA;;;0;;Colis?úo;;;;Meio de Quadra;;;0;1;0;0;0;0;0;0;0;0;0;0;;
262953;31;5;2015;20:59;0;AV SEN FERNANDES TAVORA;;;0;;Colis?úo;;;;Meio de Quadra;;;0;1;0;0;0;0;0;0;0;1;0;0;;
252407;31;5;2015;17:10;20968;RUA AMERICO FACO;RUA PLANALTO DO PICI;;0;;Colis?úo Lateral;Via Iluminada;Bom;;Cruz;N?úo H?í Controle;;0;0;2;1;0;0;0;0;0;0;0;0;;
252409;31;5;2015;14:30;21894;RUA DEP MATOSO FILHO;RUA XXIX CIDADE OESTE;;0;;Colis?úo Lateral;Luz do Dia;Bom;Seca;Cruz;Pare;Residencial;0;1;1;0;0;0;0;0;0;1;0;0;-3,733880000000000;-38,594094000000000
252411;31;5;2015;17:30;20269;AV PRS JUSCELINO KUBITSCHEK (PASSAR?ë);RUA ELDORADO;;0;;Colis?úo Transversal;Via Iluminada;Bom;Seca;Cruz;Sem?íforo;Comercial;0;1;2;1;0;0;0;0;0;1;0;0;-3,816307000000000;-38,531633000000000
273353;31;5;2015;18:45;0;AV MR HULL;;;4442;TERMINAL ANTONIO BEZERRA;Atropelamento;;;;Meio de Quadra;;;1;0;1;1;0;0;0;0;0;0;0;0;-3,738616000000000;-38,584585000000000
272358;31;5;2015;10:08;0;RUA TEN BENEVOLO;;;284;;Colis?úo;Luz do Dia;;;Meio de Quadra;;;0;0;2;0;0;0;0;0;0;0;0;0;-3,724932000000000;-38,518613000000000
272359;31;5;2015;11:06;0;RUA PIERRE LUZ;;;0;;Colis?úo;Luz do Dia;;;Meio de Quadra;;;0;0;2;0;0;0;0;0;0;0;0;0;;
272352;31;5;2015;07:13;13390;RUA ILDEFONSO ALBANO;RUA JOAO BRIGIDO;;0;;Colis?úo;Luz do Dia;;;Cruz;Sem?íforo;Comercial;0;0;2;0;0;0;0;0;0;0;0;0;-3,740605000000000;-38,515750000000000
272354;31;5;2015;07:38;0;AV JANGADEIROS (MUCURIPE);;;960;;Colis?úo;Luz do Dia;;;Meio de Quadra;;;0;0;2;0;0;0;0;0;0;0;0;0;-3,725905000000000;-38,478750000000000
272363;31;5;2015;11:27;3302;AV GAL OSORIO DE PAIVA;RUA LUIS VIEIRA;;0;;Colis?úo;Luz do Dia;;;Cruz;Sem?íforo Intermitente;Comercial;0;0;2;0;0;0;0;0;0;0;0;0;-3,790879000000000;-38,588616000000000
272364;31;5;2015;13:24;0;RUA CEREJEIRAS;;;1503;;Colis?úo;Luz do Dia;;;Meio de Quadra;;;0;0;2;0;0;0;0;0;0;0;0;0;;
272365;31;5;2015;14:26;5356;RUA GAL SAMPAIO;AV DUQ CAXIAS;;0;;Colis?úo;Luz do Dia;;;Cruz;Sem?íforo;Misto;0;0;2;0;0;0;0;0;0;0;0;0;-3,731096000000000;-38,532029000000000
272366;31;5;2015;14:49;0;AV SEN FERNANDES TAVORA;;;1606;;Atropelamento;Luz do Dia;;;Meio de Quadra;;;0;0;2;0;0;0;0;0;0;0;0;0;-3,759654000000000;-38,586902000000000
272368;31;5;2015;14:50;16022;AV BENJAMIM BRASIL;RUA ENG JAIME ROLEMBERG;;0;;Colis?úo;Luz do Dia;;;Outros;Pare;Comercial;0;0;2;0;0;0;0;0;0;0;0;0;-3,805233000000000;-38,565732000000000
272369;31;5;2015;15:01;6976;RUA SETEMBRINA;RUA LAGO DO TANQUE;;0;;Colis?úo;Luz do Dia;;;;;;0;0;2;0;0;0;0;0;0;0;0;0;-3,809021000000000;-38,594977000000000
272370;31;5;2015;15:58;0;RUA CON DE CASTRO;;;7255;;Colis?úo;Luz do Dia;;;Meio de Quadra;;;0;0;2;0;0;0;0;0;0;0;0;0;-3,817482000000000;-38,600927000000000
272371;31;5;2015;16:07;4615;RUA JOSE ANASTACIO DIAS;RUA CRISANTO M DA ROCHA;;0;;Colis?úo;Luz do Dia;;;Cruz;Pare;Comercial;0;0;2;0;0;0;0;0;0;0;0;0;-3,797667000000000;-38,480432000000000
272334;31;5;2015;00:29;10070;RUA 23 DE JUNHO;RUA DUAS NACOES;;0;;Choque c/ Obst?ículo Fixo;;;;;;;0;0;1;0;0;0;0;0;0;0;0;0;-3,783144000000000;-38,603759000000000
272336;31;5;2015;01:01;13473;RUA ANTONIO AUGUSTO;RUA PINHO PESSOA;;0;;Capotamento;;;;Cruz;Pare;Residencial;0;0;1;0;0;0;0;0;0;0;0;0;-3,744442000000000;-38,518112000000000
272337;31;5;2015;01:09;0;AV LAURO VIEIRA CHAVES;;;870;;Colis?úo;;;;Meio de Quadra;;;0;0;2;0;0;0;0;0;0;0;0;0;;
272338;31;5;2015;01:10;11630;RUA PRO HERIBALDO COSTA;RUA BOA VISTA;;0;;Colis?úo;;;;Cruz;Pare;Residencial;0;0;2;0;0;0;0;0;0;0;0;0;-3,767974000000000;-38,588035000000000
272340;31;5;2015;01:24;0;RUA CON LIMA SUCUPIRA;;;1695;;Colis?úo;;;;Meio de Quadra;;;0;0;2;0;0;0;0;0;0;0;0;0;-3,778327000000000;-38,550442000000000