COD_ACIDENTE;DIA;MES;ANO;HORA;INTERSECAO;LOG1;LOG2;LOG3;NUMERO;REFERENCIA;NATUREZA;ILUMINACAO;TEMPO;SUPERFICIEPISTA;TIPOCRUZAMENTO;CONTROLETRAFEGO;USOSOLO;MORTOS;FERIDOS;ILESOS;AUTOMOVEL;ONIBUS;BICICLETA;CAMINHAO;MICROONIBUS;CICLOMOTOR;MOTOCICLETA;TRACAOANIMAL;TREM;LATITUDE;LONGITUDE
272341;31;5;2015;01:28;0;AV DR SILAS MUNGUBA;;;0;;Colis?úo;;;;Meio de Quadra;;;0;0;2;0;0;0;0;0;0;0;0;0;;
272343;31;5;2015;04:43;16057;AV GODOFREDO MACIEL;AV WENEFRIDO MELO;;0;;Colis?úo;;;;;;;0;0;2;0;0;0;0;0;0;0;0;0;-3,811743000000000;-38,574739000000000
272344;31;5;2015;04:50;0;RUA BERNARDO MANUEL;;;12802;;Colis?úo;;;;Meio de Quadra;;;0;0;2;0;0;0;0;0;0;0;0;0;;
272346;31;5;2015;04:53;5381;RUA METON DE ALENCAR;AV IMPERADOR;;0;;Choque c/ Obst?ículo Fixo;;;;Cruz;Sem?íforo;Comercial;0;0;1;0;0;0;0;0;0;0;0;0;-3,731966000000000;-38,535869000000000
272348;31;5;2015;04:55;0;RUA ALBERTO MAGNO;;;422;;Choque c/ Obst?ículo Fixo;;;;Meio de Quadra;;;0;0;1;0;0;0;0;0;0;0;0;0;-3,759383000000000;-38,545174000000000
272349;31;5;2015;06:53;0;RUA JAIME BENEVOLO;;;796;;Choque c/ Obst?ículo Fixo;Luz do Dia;;;Meio de Quadra;;;0;0;1;0;0;0;0;0;0;0;0;0;-3,739196000000000;-38,527714000000000
272350;31;5;2015;06:56;24943;AV ALM HENRIQUE SABOIA;AV ABOLICAO;;0;;Colis?úo;Luz do Dia;;;T;Sem?íforo;Comercial;0;0;2;0;0;0;0;0;0;0;0;0;-3,722615000000000;-38,479798000000000
272361;31;5;2015;11:07;15820;AV JOR THOMAZ COELHO;RUA GRANJA CASTELO;;0;;Colis?úo;Luz do Dia;;;T;Sem?íforo;Residencial;0;0;2;0;0;0;0;0;0;0;0;0;-3,832383000000000;-38,500218000000000
272373;31;5;2015;16:24;0;AV PRS CASTELO BRANCO;;;0;;Colis?úo;Luz do Dia;;;Meio de Quadra;;;0;0;2;0;0;0;0;0;0;0;0;0;;
272376;31;5;2015;20:31;1927;AV ISABEL BEZERRA;RUA MARIA QUINTINO;;0;;Colis?úo;;;;Cruz;Pare;Residencial;0;0;2;0;0;0;0;0;0;0;0;0;-3,855018000000000;-38,500730000000000
272378;31;5;2015;21:04;0;RUA CON DE CASTRO;;;4500;;Atropelamento;;;;Meio de Quadra;;;0;0;2;0;0;0;0;0;0;0;0;0;-3,804822000000000;-38,591738000000000
272379;31;5;2015;23:53;2479;AV CEL CARVALHO;RUA FLORENCIO ALENCAR;;0;;Colis?úo;;;;Cruz;N?úo H?í Controle;;0;0;2;0;0;0;0;0;0;0;0;0;;
272356;31;5;2015;10:06;0;AV L CJ JOSE WALTER;;;870;;Choque c/ Obst?ículo Fixo;Luz do Dia;;;Meio de Quadra;;;0;0;1;0;0;0;0;0;0;0;0;0;-3,832357000000000;-38,557925000000000
262026;1;6;2015;09:45;0;AV DR SILAS MUNGUBA;;;0;;Colis?úo;Luz do Dia;;;Meio de Quadra;;;0;0;2;1;0;0;0;0;0;0;0;0;;
262046;1;6;2015;14:52;0;AV DR SILAS MUNGUBA;;;0;;Colis?úo;Luz do Dia;;;Meio de Quadra;;;0;0;2;1;0;0;1;0;0;0;0;0;;
267561;1;6;2015;10:24;3302;RUA LUIS VIEIRA;AV GAL OSORIO DE PAIVA;;0;;Colis?úo;Luz do Dia;;;Cruz;Sem?íforo Intermitente;Comercial;0;0;2;0;0;0;0;0;0;0;0;0;-3,790879000000000;-38,588616000000000
267562;1;6;2015;12:42;0;RUA CORREGO DAS FLORES;;;217;;Colis?úo;Luz do Dia;;;Meio de Quadra;;;0;0;2;0;0;0;0;0;0;0;0;0;;
267563;1;6;2015;16:28;0;AV JOSE BASTOS;;;4800;;Colis?úo;Luz do Dia;;;Meio de Quadra;;;0;0;2;0;0;0;0;0;0;0;0;0;-3,757181000000000;-38,559153000000000
267566;1;6;2015;16:55;1277;RUA COSTA BARROS;RUA TIBURCIO CAVALCANTE;;0;;Colis?úo;Luz do Dia;;;T;N?úo H?í Controle;Misto;0;0;2;0;0;0;0;0;0;0;0;0;-3,733549000000000;-38,501794000000000
267567;1;6;2015;20:02;0;AV MOZART PINHEIRO DE LUCENA;;;1720;;Colis?úo;;;;Meio de Quadra;;;0;0;2;0;0;0;0;0;0;0;0;0;-3,717666000000000;-38,595526000000000
267570;1;6;2015;20:29;0;RUA JOSE FACANHA;;;896;;Colis?úo;;;;Meio de Quadra;;;0;0;2;0;0;0;0;0;0;0;0;0;-3,750620000000000;-38,558934000000000
267571;1;6;2015;22:15;0;RUA PDE ANTONINO;;;331;;Colis?úo;;;;Meio de Quadra;;;0;0;2;0;0;0;0;0;0;0;0;0;;
259029;1;6;2015;08:00;0;RD BR 222;;;0;KM-02;Colis?úo Lateral;Luz do Dia;Bom;Seca;Meio de Quadra;N?úo H?í Controle;Comercial;0;0;2;1;1;0;0;0;0;0;0;0;-3,738951000000000;-38,586880000000000
259030;1;6;2015;07:40;0;RD BR 222;;;0;KM-01;Colis?úo Traseira;Luz do Dia;Bom;Seca;Meio de Quadra;N?úo H?í Controle;Comercial;0;1;1;1;1;0;0;0;0;0;0;0;-3,737774000000000;-38,577952000000000
259031;1;6;2015;16:35;0;RD BR 222;;;0;;Colis?úo Traseira;Luz do Dia;Bom;Seca;Meio de Quadra;N?úo H?í Controle;Comercial;0;0;2;1;1;0;0;0;0;0;0;0;;
251887;1;6;2015;19:00;0;RUA SAO JOSE D03;;;0;;Colis?úo Lateral;Via Iluminada;Bom;Seca;Meio de Quadra;Outros;Comercial;0;1;1;0;0;0;0;0;0;1;0;0;;
251888;1;6;2015;14:50;1345;RUA LEONARDO MOTA;RUA MARIA TOMASIA;;0;;Colis?úo Lateral;Luz do Dia;Bom;Seca;Cruz;Pare;Comercial;0;0;2;1;0;0;0;0;0;0;0;0;-3,735853000000000;-38,496070000000000
251889;1;6;2015;11:55;9144;RUA JUVENAL DE CARVALHO;RUA CEL PERGENTINO FERREIRA;;0;;Colis?úo Lateral;Luz do Dia;Bom;Seca;Cruz;Pare;Residencial;0;1;1;1;0;0;0;0;0;1;0;0;-3,748779000000000;-38,524903000000000
251890;1;6;2015;07:00;5383;AV DUQ CAXIAS;RUA MAJ FACUNDO;;0;;Colis?úo Lateral;Luz do Dia;Bom;Seca;Cruz;Sem?íforo;Residencial;0;1;2;1;1;0;0;0;0;1;0;0;-3,731981000000000;-38,529285000000000
251891;1;6;2015;21:00;0;AV SANTOS DUMONT;;;7800;;Colis?úo Lateral;Via Iluminada;Bom;Seca;Meio de Quadra;N?úo H?í Controle;Comercial;0;1;1;0;0;0;0;0;0;1;0;0;-3,747888000000000;-38,462283000000000
251885;1;6;2015;08:30;12844;AV FELINO BARROSO;RUA JAIME BENEVOLO;;0;;Colis?úo Lateral;Luz do Dia;Bom;Seca;Y;Pare;Comercial;0;0;2;1;0;0;1;0;0;0;0;0;-3,742348000000000;-38,528763000000000
251883;1;6;2015;18:30;0;AV GAL OSORIO DE PAIVA;;;0;;Colis?úo Lateral;Luz do Dia;Bom;Seca;Meio de Quadra;Sem?íforo;Comercial;0;0;2;1;1;0;0;0;0;0;0;0;;
251897;1;6;2015;20:00;9136;RUA MON OTAVIO CASTRO;RUA BONFIM SOBRINHO;;0;;Colis?úo Lateral;Via Iluminada;Bom;Seca;T;Pare;Residencial;0;0;2;1;0;0;0;0;0;0;0;0;-3,751367000000000;-38,526287000000000
251901;1;6;2015;09:20;6817;RUA FRANCISCO MATOS;RUA BENTO ALBUQUERQUE;;0;;Colis?úo Transversal;Luz do Dia;Bom;Seca;Cruz;Pare;Residencial;0;0;2;1;0;0;0;0;0;0;0;0;-3,747862000000000;-38,470436000000000
251902;1;6;2015;05:50;2669;RUA DAS CARAVELAS;RUA SEN ROBERT KENNEDY;;0;;Colis?úo Traseira;Luz do Dia;Bom;Seca;T;Pare;Residencial;0;1;1;1;0;0;0;0;0;1;0;0;-3,698290000000000;-38,576310000000000
251903;1;6;2015;11:50;25192;AV ALM MAXIMIANO DA FONSECA;RUA EFESIO;;0;;Colis?úo Transversal;Luz do Dia;Bom;Seca;;N?úo H?í Controle;Residencial;0;0;2;1;0;0;1;0;0;0;0;0;-3,770976000000000;-38,487169000000000
251899;1;6;2015;07:00;0;RUA PRO CASTELO BRANCO D08;;;0;;Colis?úo Lateral;Luz do Dia;Bom;Seca;Meio de Quadra;Sem?íforo;Comercial;0;0;2;1;1;0;0;0;0;0;0;0;;
251907;1;6;2015;14:10;0;RUA MARCOS MACEDO;;;1211;;Colis?úo Lateral;Luz do Dia;Bom;Seca;Meio de Quadra;N?úo H?í Controle;Comercial;0;0;2;1;0;0;1;0;0;0;0;0;-3,736141000000000;-38,491961000000000
251909;1;6;2015;16:15;0;AV BEZERRA DE MENEZES;;;1000;;Colis?úo Lateral;Luz do Dia;Bom;Seca;Meio de Quadra;;Comercial;0;0;2;1;0;0;0;0;0;0;0;0;-3,733456000000000;-38,553777000000000
251912;1;6;2015;20:30;20042;AV PRS JUSCELINO KUBITSCHEK (PASSAR?ë);AV ALBERTO CRAVEIRO;;0;;Colis?úo;Via Iluminada;Bom;Seca;Cruz;Sem?íforo;Residencial;0;1;1;1;0;0;0;0;0;1;0;0;-3,807229000000000;-38,524782000000000
251913;1;6;2015;08:20;7508;RUA PEDRO DANTAS;RUA NENEN GONCALVES;;0;;Colis?úo Lateral;Luz do Dia;Bom;Seca;Cruz;Pare;Misto;0;3;0;1;0;0;0;0;0;1;0;0;-3,786437000000000;-38,518947000000000
251875;1;6;2015;14:53;15360;AV DOM LUIS;AV DES MOREIRA;;0;;Colis?úo Lateral;Luz do Dia;Bom;Seca;Rotat??ria;N?úo H?í Controle;Comercial;0;0;2;1;1;0;0;0;0;0;0;0;-3,733239000000000;-38,497383000000000
251881;1;6;2015;10:20;13507;RUA CEL ALVES TEIXEIRA;RUA DR JOSE LOURENCO;;0;;Colis?úo Lateral;Luz do Dia;Bom;Seca;Cruz;Pare;Residencial;0;0;2;1;0;0;0;0;0;0;0;0;-3,746256000000000;-38,511496000000000
251879;1;6;2015;12:20;0;AV AGUANAMBI;;;1637;;Colis?úo Traseira;Luz do Dia;Bom;Seca;Meio de Quadra;Sem?íforo;Comercial;0;2;0;1;0;0;0;0;0;1;0;0;-3,751120000000000;-38,523538000000000
251877;1;6;2015;01:00;10730;AV SEN FERNANDES TAVORA;RUA VITORIA (AV. PERIMETRAL);;0;;Colis?úo Lateral;Via Iluminada;Chuva;Seca;Cruz;Sem?íforo Intermitente;Comercial;0;0;2;1;0;0;0;0;0;0;0;0;-3,760193000000000;-38,585903000000000
251917;1;6;2015;12:40;9103;AV EDUARDO GIRAO;RUA PAULA RODRIGUES;;0;;Choque c/ Obst?ículo Fixo;Luz do Dia;Bom;Seca;T;Pare;Residencial;0;0;1;1;0;0;0;0;0;0;0;0;-3,755984000000000;-38,529104000000000
251920;1;6;2015;13:30;1470;RUA BARBARA DE ALENCAR;RUA MON BRUNO;;0;;Colis?úo Transversal;Luz do Dia;Bom;Seca;Cruz;Pare;;0;0;2;0;0;0;0;0;0;0;0;0;-3,738830000000000;-38,511522000000000
251922;1;6;2015;10:30;0;AV SEN FERNANDES TAVORA;;;1335;;Colis?úo Transversal;Luz do Dia;Bom;Seca;Meio de Quadra;Outros;Comercial;0;0;2;0;1;0;0;0;0;0;0;0;-3,760828000000000;-38,584714000000000
251923;1;6;2015;15:00;11191;AV DR SILAS MUNGUBA;RUA JOSE MENELEU D41;;0;;Colis?úo Frontal;Luz do Dia;Bom;Seca;T;Sem?íforo;Comercial;0;2;0;0;1;1;0;0;0;0;0;0;-3,780972000000000;-38,558016000000000
251926;1;6;2015;10:20;13492;RUA DR JOSE LOURENCO;RUA PINHO PESSOA;;0;;Colis?úo Transversal;Luz do Dia;Bom;Seca;Cruz;Pare;Residencial;0;0;2;1;0;0;0;0;0;0;0;0;-3,745487000000000;-38,511254000000000
251927;1;6;2015;08:15;0;AV AUGUSTO DOS ANJOS;;;902;;Colis?úo Lateral;Luz do Dia;Bom;Seca;Meio de Quadra;;Comercial;0;2;0;0;0;0;0;0;0;1;0;0;-3,775714000000000;-38,575233000000000
251928;1;6;2015;07:00;0;AV DR SILAS MUNGUBA;;;0;;Colis?úo Traseira;Luz do Dia;Bom;Seca;Meio de Quadra;N?úo H?í Controle;Comercial;0;0;2;0;0;0;1;0;0;0;0;0;;
251929;1;6;2015;08:30;20042;AV PRS JUSCELINO KUBITSCHEK (PASSAR?ë);AV DEP PAULINO ROCHA;;0;;Colis?úo Lateral;Luz do Dia;Bom;Seca;Rotat??ria;N?úo H?í Controle;Comercial;0;0;2;1;0;0;0;0;0;0;0;0;-3,807229000000000;-38,524782000000000
251934;1;6;2015;09:00;5612;RUA CEL NOGUEIRA PAES;AV CASTANHOLEIRAS;;0;;Colis?úo Lateral;;Bom;Seca;Outros;;Comercial;0;1;1;1;0;0;0;0;0;1;0;0;;
259306;1;6;2015;08:00;0;RD CE-040;;;0;KM-05;Colis?úo;Luz do Dia;;Seca;Meio de Quadra;;;0;0;2;0;0;0;0;0;0;0;0;0;-3,790876000000000;-38,480349000000000
259312;1;6;2015;11:30;0;AV MIN JOSE AMERICO;;;0;;Colis?úo;Luz do Dia;Bom;Seca;Meio de Quadra;;;0;1;1;1;0;0;0;0;0;1;0;0;-3,811544000000000;-38,481365000000000
251939;1;6;2015;18:30;19957;AV LUCIANO CARNEIRO;RUA STA QUITERIA;;0;;Colis?úo Frontal;Anoitecer;Bom;Seca;Cruz;Sem?íforo;Comercial;0;1;1;1;0;0;0;0;0;1;0;0;-3,760537000000000;-38,535339000000000
251941;1;6;2015;07:00;10765;RUA FLORIANOPOLIS;RUA PRO MIRAMAR DA PONTE;;0;;Colis?úo Transversal;Luz do Dia;Bom;Seca;Cruz;Pare;Residencial;0;2;1;1;0;0;0;0;1;0;0;0;-3,761604000000000;-38,585683000000000
251942;1;6;2015;07:30;0;AV OLIVEIRA PAIVA;;;2400;;Engavetamento;Luz do Dia;Bom;Seca;Meio de Quadra;N?úo H?í Controle;Comercial;0;0;2;1;0;0;0;0;0;0;0;0;-3,796174000000000;-38,484927000000000
251944;1;6;2015;08:40;9287;AV DOS EXPEDICIONARIOS;AV BORGES DE MELO;;0;;Colis?úo Lateral;Luz do Dia;Bom;Seca;Cruz;Sem?íforo;Misto;0;0;2;1;0;0;1;0;0;0;0;0;-3,753391000000000;-38,537674000000000
251945;1;6;2015;16:30;5213;RUA SENA MADUREIRA;RUA VIS SABOIA;;0;;Engavetamento;Luz do Dia;Bom;Seca;Cruz;Sem?íforo;Comercial;0;2;2;0;1;0;0;0;0;0;0;0;-3,726579000000000;-38,525915000000000
251946;1;6;2015;11:00;5235;RUA PRC ISABEL;RUA PEDRO PEREIRA;;0;;Colis?úo Transversal;Luz do Dia;Bom;Seca;Cruz;Pare;Residencial;0;0;2;1;0;0;0;0;0;0;0;0;-3,727353000000000;-38,535705000000000
251947;1;6;2015;16:45;1445;RUA DES LEITE ALBUQUERQUE;RUA VICENTE LEITE;;0;;Colis?úo Transversal;Via Iluminada;Bom;Seca;Cruz;Pare;Escola;0;0;2;1;0;0;0;0;0;0;0;0;-3,738178000000000;-38,495734000000000
251949;1;6;2015;00:30;3975;RUA ALBERTO MAGNO;RUA PRO COSTA MENDES;;0;;Colis?úo Transversal;Via Iluminada;Bom;Seca;Cruz;Sem?íforo Intermitente;Residencial;0;1;1;1;0;0;0;0;0;0;0;0;-3,757528000000000;-38,543548000000000
251950;1;6;2015;16:58;5457;RUA ANTONIO POMPEU;RUA ASSUNCAO;;0;;Colis?úo Lateral;Luz do Dia;Bom;Seca;Cruz;Sem?íforo;Comercial;0;1;1;0;1;0;0;0;0;1;0;0;-3,735329000000000;-38,528927000000000
251951;1;6;2015;18:00;3302;AV GAL OSORIO DE PAIVA;RUA LUIS VIEIRA;;0;;Colis?úo Lateral;Anoitecer;Bom;Seca;Cruz;Sem?íforo;Comercial;0;0;2;1;0;0;1;0;0;0;0;0;-3,790879000000000;-38,588616000000000
251952;1;6;2015;14:00;0;AV GODOFREDO MACIEL;;;2947;DETRAN;Colis?úo Transversal;Luz do Dia;Bom;Seca;Meio de Quadra;Sem?íforo;Comercial;0;1;1;1;0;0;0;0;0;0;0;0;-3,801128000000000;-38,571377000000000
262310;1;6;2015;16:07;5146;RUA GUILHERME ROCHA;RUA PRC ISABEL;;0;;Colis?úo;Luz do Dia;;;Cruz;Pare;Comercial;0;1;1;1;0;0;0;0;0;1;0;0;-3,724720000000000;-38,534931000000000
262311;1;6;2015;16:35;0;AV BEZERRA DE MENEZES;;;944;;Atropelamento;Luz do Dia;;;Meio de Quadra;;;0;1;1;0;0;1;0;0;0;0;0;0;-3,733367000000000;-38,553318000000000
262312;1;6;2015;18:03;0;AV MAE LISBOA;;;0;;Colis?úo;Anoitecer;;;Meio de Quadra;;;0;1;1;1;0;0;0;0;0;1;0;0;;
262313;1;6;2015;18:50;0;RUA VERBENA;;;0;;Colis?úo;;;;Meio de Quadra;;;0;2;0;0;0;0;0;0;0;1;0;0;-3,778306000000000;-38,587966000000000
262314;1;6;2015;19:58;0;AV PRS COSTA E SILVA;;;0;;Colis?úo;;;;Meio de Quadra;;;0;2;0;0;0;0;0;0;0;1;0;0;;
262300;1;6;2015;00:34;0;RUA ALBERTO MAGNO;;;0;;Colis?úo;;;;Meio de Quadra;;;0;1;1;1;0;0;0;0;0;1;0;0;;
262301;1;6;2015;08:03;0;RUA BAR RIO BRANCO;;;0;;Colis?úo;Luz do Dia;;;Meio de Quadra;;;0;1;1;1;0;0;0;0;0;1;0;0;;
262302;1;6;2015;09:55;0;AV WASHINGTON SOARES;;;0;;Colis?úo;Luz do Dia;;;Meio de Quadra;;;0;1;1;1;0;0;0;0;0;1;0;0;;
262340;2;6;2015;10:37;0;AV GAL OSORIO DE PAIVA;;;0;;Colis?úo;Luz do Dia;;;Meio de Quadra;;;0;1;1;1;0;0;0;0;0;1;0;0;-3,807958000000000;-38,605198000000000
262325;2;6;2015;06:52;0;RD BR 116;;;4000;KM-04;Colis?úo;Luz do Dia;;;Meio de Quadra;;;0;1;1;1;0;0;0;0;0;0;0;0;-3,788331000000000;-38,510646000000000
262321;2;6;2015;06:42;0;AV ENG HUMBERTO MONTE;;;0;;Queda;Luz do Dia;;;Meio de Quadra;;;0;1;0;0;0;0;0;0;0;1;0;0;;
262346;2;6;2015;10:43;0;AV DOS EXPEDICIONARIOS;;;0;;Colis?úo;Luz do Dia;;;Meio de Quadra;;;0;1;1;1;0;0;0;0;0;1;0;0;;
262328;2;6;2015;07:04;0;AV IMPERADOR;;;0;;Queda;Luz do Dia;;;Meio de Quadra;;;0;1;0;0;0;0;0;0;0;1;0;0;-3,731633000000000;-38,535773000000000
262329;2;6;2015;07:26;0;RD BR 116;;;0;;Colis?úo;Luz do Dia;;;Meio de Quadra;;;0;1;1;1;0;0;0;0;0;1;0;0;;
262330;2;6;2015;09:23;0;RD BR 116;;;4000;KM-04;Colis?úo;Luz do Dia;;;Meio de Quadra;;;0;1;1;1;0;0;0;0;0;0;0;0;-3,788331000000000;-38,510646000000000
262348;2;6;2015;11:00;0;RUA BETEL;;;0;;Colis?úo;Luz do Dia;;;Meio de Quadra;;;0;1;1;1;0;0;0;0;0;0;0;0;-3,792079000000000;-38,552561000000000
262349;2;6;2015;11:38;0;AV CASTELO DE CASTRO;;;0;;Queda;Luz do Dia;;;Meio de Quadra;;;0;1;0;0;0;0;0;0;0;1;0;0;-3,836013000000000;-38,521661000000000
262350;2;6;2015;12:07;0;RUA RIBEIRO LEITAO;;;0;;Queda;Luz do Dia;;;Meio de Quadra;;;0;1;0;0;0;1;0;0;0;0;0;0;-3,761464000000000;-38,576676000000000
262351;2;6;2015;12:08;0;AV DOS EXPEDICIONARIOS;;;0;;Colis?úo;Luz do Dia;;;Meio de Quadra;;;0;1;1;1;0;0;0;0;0;1;0;0;-3,766395000000000;-38,541620000000000
262352;2;6;2015;12:24;0;AV DR SILAS MUNGUBA;;;0;NORMATEL;Colis?úo;Luz do Dia;;;Meio de Quadra;;;0;1;1;1;0;0;0;0;0;1;0;0;;
262353;2;6;2015;13:19;0;AV CONTORNO SUL;;;0;;Colis?úo;Luz do Dia;;;Meio de Quadra;;;0;1;1;1;0;0;0;0;0;1;0;0;-3,835521000000000;-38,515631000000000
262354;2;6;2015;13:27;0;RUA JULIO SILVA;;;0;;Atropelamento;Luz do Dia;;;Meio de Quadra;;;0;1;1;1;0;0;0;0;0;0;0;0;;
262355;2;6;2015;14:37;0;AV DEP PAULINO ROCHA;;;0;;Colis?úo;Luz do Dia;;;Meio de Quadra;;;0;2;0;0;0;0;0;0;0;1;0;0;;
262377;2;6;2015;17:17;18806;RUA VALPARAISO;RUA MODESTA;;0;;Queda;Anoitecer;;;T;Pare;Comercial;0;1;0;0;0;0;0;0;0;1;0;0;-3,846011000000000;-38,522992000000000
262378;2;6;2015;19:29;1537;AV BAR STUDART;RUA ROCHA LIMA;;0;;Atropelamento;;;;Cruz;Pare;Misto;0;1;1;0;1;0;0;0;0;0;0;0;-3,740782000000000;-38,508580000000000
262379;2;6;2015;19:54;0;AV FRANCISCO SA;;;0;;Colis?úo;;;;Meio de Quadra;;;0;1;1;1;0;0;0;0;0;1;0;0;-3,713726000000000;-38,568166000000000
262380;2;6;2015;21:11;0;AV GAL OSORIO DE PAIVA;;;1127;FROTINHA DA PARANGABA;Atropelamento;;;;Meio de Quadra;;;0;1;1;1;0;0;0;0;0;0;0;0;-3,779137000000000;-38,572016000000000
262381;2;6;2015;21:51;0;AV PERIMETRAL;;;0;;Queda;;;;Meio de Quadra;;;0;1;0;0;0;0;0;0;0;1;0;0;;
262382;2;6;2015;22:31;7911;AV ANTONIO SALES;RUA OSVALDO CRUZ (ALDEOTA);;0;;Atropelamento;;;;Cruz;Sem?íforo;Residencial;0;1;1;1;0;0;0;0;0;0;0;0;-3,745139000000000;-38,503390000000000
262374;2;6;2015;15:56;3408;RUA DES PRAXEDES;RUA MATOS VASCONCELOS;;0;;Colis?úo;Luz do Dia;;;Cruz;Pare;Residencial;0;1;1;1;0;0;0;0;0;1;0;0;-3,755879000000000;-38,554688000000000
252095;2;6;2015;14:30;0;AV PRO JOSE ARTHUR CARVALHO;;;0;;Colis?úo Traseira;Luz do Dia;Bom;Seca;Meio de Quadra;N?úo H?í Controle;Residencial;0;1;1;1;0;0;0;0;0;0;0;0;;
252096;2;6;2015;18:35;15370;AV DOM LUIS;AV SEN VIRGILIO TAVORA;;0;;Colis?úo Lateral;Via Iluminada;Bom;Seca;Cruz;Sem?íforo;Comercial;0;0;2;0;1;0;0;0;0;0;0;0;-3,734829000000000;-38,492507000000000
252070;2;6;2015;23:30;17579;RUA PIAUI;RUA ESPIRITO SANTO;;0;;Colis?úo Transversal;Via Iluminada;Bom;Seca;Cruz;Pare;Comercial;0;1;1;0;1;0;0;0;0;1;0;0;-3,750946000000000;-38,566924000000000
252072;2;6;2015;11:20;12097;AV CASTELO DE CASTRO;RUA 305 CJ SAO CRISTOVAO;;0;;Colis?úo Traseira;Luz do Dia;Bom;Seca;Cruz;Pare;Residencial;0;1;1;0;0;0;1;0;0;1;0;0;-3,836195000000000;-38,521668000000000
251953;2;6;2015;20:30;12068;AV CASTELO DE CASTRO;AV MON AMARILIO RODRIGUES;;0;;Outros;Via Iluminada;Bom;Seca;Cruz;Sem?íforo;Misto;0;0;4;1;0;0;0;0;0;0;0;0;-3,835217000000000;-38,521635000000000
251966;2;6;2015;17:50;3788;RUA PDE FRANCISCO PINTO;RUA WALDERY UCHOA;;0;;Colis?úo Transversal;Via Iluminada;Bom;Seca;Cruz;Pare;Residencial;0;0;2;1;0;0;0;0;0;0;0;0;-3,744299000000000;-38,539138000000000
251967;2;6;2015;08:10;1321;RUA VICENTE LEITE;RUA MARCOS MACEDO;;0;;Colis?úo Transversal;Luz do Dia;Bom;Seca;Cruz;Pare;Residencial;0;0;3;1;0;0;0;0;0;0;0;0;-3,735201000000000;-38,494787000000000
251963;2;6;2015;13:50;18993;AV ENG ALBERTO SA;AV DOS JANGADEIROS;;0;;Colis?úo Transversal;Luz do Dia;Bom;Seca;T;N?úo H?í Controle;Residencial;0;0;2;1;0;0;1;0;0;0;0;0;;
251943;2;6;2015;21:45;0;AV PRS COSTA E SILVA;;;0;;Queda;Mal Iluminada;Bom;Seca;Meio de Quadra;Outros;Outros;0;1;0;0;0;0;0;0;0;1;0;0;;
251955;2;6;2015;16:37;25119;RUA BAR AQUIRAZ;RUA MIGUEL COUTO;;0;;Colis?úo Transversal;Luz do Dia;Bom;Seca;Cruz;Pare;Residencial;0;2;1;1;0;0;0;0;0;1;0;0;-3,837441000000000;-38,487996000000000
251956;2;6;2015;19:15;735;AV DR THEBERGE;AV TEN LISBOA;;0;;Colis?úo Lateral;Via Iluminada;Bom;Seca;T;Pare;Misto;0;0;2;1;0;0;0;0;0;0;0;0;-3,720711000000000;-38,566942000000000
251957;2;6;2015;15:50;6729;RUA DES WALDETARIO P MOTA;RUA BENTO ALBUQUERQUE;;0;;Colis?úo Transversal;Luz do Dia;Bom;Seca;Cruz;Sem?íforo;Residencial;0;0;2;1;0;0;0;0;0;1;0;0;-3,743274000000000;-38,484685000000000
252030;2;6;2015;19:15;17400;RUA EDITE BRAGA;RUA BAR SOBRAL;;0;;Colis?úo Transversal;Via Iluminada;Bom;Seca;Cruz;Pare;Residencial;0;0;2;1;0;0;0;0;0;0;0;0;-3,767521000000000;-38,553278000000000
252033;2;6;2015;;6802;AV PDE ANTONIO TOMAS;RUA SEBASTIAO DE ABREU;;0;;;;;;;;;0;0;2;1;0;0;1;0;0;0;0;0;-3,746548000000000;-38,479940000000000
252068;2;6;2015;18:30;1445;RUA DES LEITE ALBUQUERQUE;RUA VICENTE LEITE;;0;;Colis?úo Transversal;Via Iluminada;Bom;Seca;Cruz;Pare;Escola;0;0;2;1;0;0;0;0;0;0;0;0;-3,738178000000000;-38,495734000000000
252066;2;6;2015;10:10;0;AV JOSE BASTOS;;;4454;;Colis?úo Traseira;Luz do Dia;Bom;Seca;Meio de Quadra;Sem?íforo;Comercial;0;1;1;1;0;0;0;0;0;0;0;0;-3,755498000000000;-38,555968000000000
252056;2;6;2015;08:30;9072;AV PONTES VIEIRA;AV VIS RIO BRANCO;;0;;Colis?úo Lateral;Luz do Dia;Bom;Seca;Cruz;Sem?íforo;Comercial;0;1;1;1;0;0;0;0;0;1;0;0;-3,753544000000000;-38,520486000000000
252059;2;6;2015;11:00;0;AV ANTONIO SALES;;;1419;;Engavetamento;Luz do Dia;Bom;Seca;Meio de Quadra;N?úo H?í Controle;Comercial;0;0;3;1;0;0;0;0;0;0;0;0;-3,742635000000000;-38,511490000000000
252062;2;6;2015;11:00;1285;AV DOM LUIS;RUA VIS MAUA;;0;;Colis?úo Transversal;Luz do Dia;Bom;Seca;Cruz;Pare;Comercial;0;0;2;1;0;0;0;0;0;0;0;0;-3,732923000000000;-38,498390000000000
252063;2;6;2015;11:40;0;RUA SEN POMPEU;;;2607;;Colis?úo Traseira;Luz do Dia;Bom;Seca;Meio de Quadra;N?úo H?í Controle;Misto;0;1;1;1;0;0;0;0;0;1;0;0;-3,741253000000000;-38,533965000000000