COD_ACIDENTE;DIA;MES;ANO;HORA;INTERSECAO;LOG1;LOG2;LOG3;NUMERO;REFERENCIA;NATUREZA;ILUMINACAO;TEMPO;SUPERFICIEPISTA;TIPOCRUZAMENTO;CONTROLETRAFEGO;USOSOLO;MORTOS;FERIDOS;ILESOS;AUTOMOVEL;ONIBUS;BICICLETA;CAMINHAO;MICROONIBUS;CICLOMOTOR;MOTOCICLETA;TRACAOANIMAL;TREM;LATITUDE;LONGITUDE
267138;2;6;2015;02:45;9410;RUA RIO TOCANTINS;RUA CARNAUBAL;;0;;Colis?úo;;;;Cruz;Pare;Residencial;1;0;1;0;0;0;0;0;0;1;0;0;-3,722720000000000;-38,581132000000000
263449;2;6;2015;19:00;17474;AV ABOLICAO;RUA JUVENCIO VASCONCELOS;;0;;Colis?úo;;;;Cruz;Sem?íforo;Comercial;0;1;0;1;0;0;0;0;0;0;0;0;-3,724048000000000;-38,481815000000000
259316;2;6;2015;08:30;21475;RUA EVARISTO DA VEIGA;AV MIN JOSE AMERICO;;0;;Colis?úo;Luz do Dia;;Seca;;;;0;1;1;1;0;0;0;0;0;1;0;0;-3,810550000000000;-38,494252000000000
251935;2;6;2015;13:00;0;AV SANTOS DUMONT;;;0;;Atropelamento;Luz do Dia;Bom;Seca;Meio de Quadra;N?úo H?í Controle;Misto;0;0;2;1;0;0;0;0;0;0;0;0;;
251936;2;6;2015;13:40;15313;RUA ANA BILHAR;RUA VICENTE LEITE;;0;;Colis?úo Transversal;Luz do Dia;Bom;Seca;Cruz;Pare;Residencial;0;0;2;1;0;0;1;0;0;0;0;0;-3,730261000000000;-38,493215000000000
251924;2;6;2015;10:00;15371;AV DOM LUIS;RUA PRO DIAS DA ROCHA;;0;;Colis?úo Transversal;Luz do Dia;Bom;Seca;Cruz;Pare;Comercial;0;0;2;1;0;0;0;0;0;1;0;0;-3,735126000000000;-38,491572000000000
251921;2;6;2015;17:30;1441;AV SANTOS DUMONT;RUA PRO DIAS DA ROCHA;;0;;Colis?úo Lateral;Anoitecer;Bom;Seca;Cruz;Pare;Residencial;0;0;2;1;0;0;0;0;0;0;0;0;-3,738113000000000;-38,492502000000000
251918;2;6;2015;15:00;1574;RUA PDE VALDEVINO;RUA JOSE VILAR;;0;;Colis?úo Traseira;Luz do Dia;Bom;Seca;Cruz;Sem?íforo;Comercial;0;1;1;0;0;0;0;0;0;1;0;0;-3,742300000000000;-38,506779000000000
251919;2;6;2015;13:20;19805;AV ENG HUMBERTO MONTE;RUA JOSE PONTES;;0;;Colis?úo Frontal;Luz do Dia;Bom;Seca;Cruz;Sem?íforo;Misto;0;1;1;1;0;0;0;0;0;1;0;0;-3,739413000000000;-38,568553000000000
251938;2;6;2015;18:45;7884;AV ANTONIO SALES;RUA VICENTE LEITE;;0;;Colis?úo Transversal;Anoitecer;Bom;Seca;Cruz;Pare;Residencial;0;1;1;0;0;0;0;0;0;1;0;0;-3,746656000000000;-38,498468000000000
251932;2;6;2015;07:35;5130;RUA CASTRO E SILVA;RUA FLORIANO PEIXOTO;;0;;Colis?úo Transversal;Luz do Dia;Bom;Seca;Cruz;Pare;Comercial;0;0;2;1;0;0;0;0;0;0;0;0;-3,724272000000000;-38,526110000000000
251933;2;6;2015;09:00;1656;RUA BENI DE CARVALHO;RUA PRO DIAS DA ROCHA;;0;;Colis?úo Transversal;Luz do Dia;Bom;Seca;Cruz;Pare;Comercial;0;0;2;1;0;0;0;0;0;0;0;0;-3,745994000000000;-38,495024000000000
251914;2;6;2015;12:30;22083;RUA CAP FRANCISCO PEDRO;RUA DELMIRO FARIAS;;0;;Colis?úo Transversal;Luz do Dia;Bom;Seca;Cruz;Pare;Misto;0;0;2;1;0;0;0;0;0;0;0;0;-3,748223000000000;-38,549818000000000
251915;2;6;2015;15:00;2758;RUA MARIA JULIA;RUA OSCAR FRANCA;;0;;Colis?úo Transversal;Luz do Dia;Bom;Seca;Cruz;Pare;Residencial;0;0;3;1;0;0;0;0;0;0;0;0;-3,791890000000000;-38,599725000000000
251910;2;6;2015;10:30;25858;RUA 1 CJ PEQ MONDUBIM;AV JOAO DE ARAUJO LIMA;;0;;Colis?úo Traseira;Luz do Dia;Bom;Seca;T;Pare;Comercial;0;0;2;1;0;0;0;0;0;0;0;0;;
251905;2;6;2015;18:30;13408;AV ANTONIO SALES;RUA BAR ARACATI;;0;;Colis?úo Lateral;Via Iluminada;Bom;Seca;Cruz;Outros;Comercial;0;0;2;1;0;0;0;0;0;1;0;0;-3,741563000000000;-38,514894000000000
251894;2;6;2015;09:00;0;RUA JOSE HIPOLITO;;;264;;Colis?úo Lateral;Luz do Dia;Nublado;Seca;Meio de Quadra;N?úo H?í Controle;Misto;0;0;2;1;0;0;0;0;0;1;0;0;-3,832878000000000;-38,492993000000000
251895;2;6;2015;09:00;0;RUA JUSTINIANO DE SERPA;;;344;;Colis?úo Lateral;Luz do Dia;Bom;Seca;Meio de Quadra;Pare;Misto;0;1;1;1;0;0;0;0;0;1;0;0;-3,734158000000000;-38,542227000000000
251892;2;6;2015;22:00;0;AV AGUANAMBI;;;0;;Colis?úo Traseira;Via Iluminada;Bom;Seca;Meio de Quadra;Sem?íforo;Comercial;0;0;2;1;1;0;0;0;0;0;0;0;;
258969;2;6;2015;11:10;0;RD BR 116;;;3000;KM-03;Colis?úo Transversal;Luz do Dia;Bom;Seca;Meio de Quadra;N?úo H?í Controle;Comercial;0;0;2;1;0;0;1;0;0;0;0;0;-3,779838000000000;-38,514372000000000
258970;2;6;2015;07:10;0;RD BR 116;;;3000;KM-03;Colis?úo Traseira;Luz do Dia;Bom;Seca;Meio de Quadra;N?úo H?í Controle;Comercial;0;1;3;1;1;0;0;0;0;0;0;0;-3,779838000000000;-38,514372000000000
258971;2;6;2015;11:30;0;RD BR 116;;;3000;KM-03;Colis?úo Traseira;Luz do Dia;Bom;Seca;Meio de Quadra;N?úo H?í Controle;Comercial;0;1;1;1;0;0;0;0;0;1;0;0;-3,779838000000000;-38,514372000000000
258972;2;6;2015;17:45;0;RD BR 116;;;2000;KM-02;Colis?úo Traseira;Anoitecer;Bom;Seca;Meio de Quadra;N?úo H?í Controle;Comercial;0;2;1;1;0;0;0;0;0;1;0;0;-3,771391000000000;-38,516780000000000
267573;2;6;2015;11:11;0;AV AUGUSTO DOS ANJOS;;;2443;;Colis?úo;Luz do Dia;;;Meio de Quadra;;;0;0;2;0;0;0;0;0;0;0;0;0;;
267575;2;6;2015;11:12;0;RUA CON DE CASTRO;;;2270;;Colis?úo;Luz do Dia;;;Meio de Quadra;;;0;0;2;0;0;0;0;0;0;0;0;0;-3,789804000000000;-38,577859000000000
267584;2;6;2015;16:49;15320;RUA ANA BILHAR;RUA CEL LINHARES;;0;;Colis?úo;Luz do Dia;;;Cruz;Pare;Residencial;0;0;2;0;0;0;0;0;0;0;0;0;-3,730568000000000;-38,492228000000000
267580;2;6;2015;11:52;0;RUA TEN TITO BARROS;;;330;;Colis?úo;Luz do Dia;;;Meio de Quadra;;;0;0;2;0;0;0;0;0;0;0;0;0;-3,797920000000000;-38,511356000000000
267591;2;6;2015;17:10;12404;AV LINEU MACHADO;AV SEN FERNANDES TAVORA;;0;;Colis?úo;Anoitecer;;;Cruz;N?úo H?í Controle;Comercial;0;0;2;0;0;0;0;0;0;0;0;0;-3,765199000000000;-38,576540000000000
267593;2;6;2015;17:17;15254;AV ANTONIO JUSTA;RUA VICENTE LEITE;;0;;Colis?úo;Anoitecer;;;Cruz;Pare;Residencial;0;0;2;0;0;0;0;0;0;0;0;0;-3,728280000000000;-38,492584000000000
267598;2;6;2015;18:02;0;RUA PORTO VELHO;;;135;;Colis?úo;Anoitecer;;;Meio de Quadra;;;0;0;2;0;0;0;0;0;0;0;0;0;-3,768524000000000;-38,582241000000000
267599;2;6;2015;18:05;0;AV PRS COSTA E SILVA;;;0;;Colis?úo;Anoitecer;;;Meio de Quadra;;;0;0;2;0;0;0;0;0;0;0;0;0;;
267596;2;6;2015;17:42;0;AV DES MOREIRA;;;200;;Colis?úo;Anoitecer;;;Meio de Quadra;;;0;0;2;0;0;0;0;0;0;0;0;0;-3,728741000000000;-38,495921000000000
267605;2;6;2015;22:41;577;AV FRANCISCO SA;AV DR THEBERGE;;0;;Atropelamento;;;;Cruz;Sem?íforo;Comercial;0;0;2;0;0;0;0;0;0;0;0;0;-3,714822000000000;-38,565016000000000
267607;2;6;2015;22:58;7948;RUA JOAQUIM NABUCO;AV PONTES VIEIRA;;0;;Colis?úo;;;;Cruz;Sem?íforo Intermitente;Comercial;0;0;2;0;0;0;0;0;0;0;0;0;-3,751917000000000;-38,506628000000000
262081;2;6;2015;21:37;0;AV MAJ ASSIS;;;0;;Colis?úo;;;;Meio de Quadra;;;0;0;2;1;0;0;0;0;0;0;0;0;;
262082;3;6;2015;03:06;0;AV PERIMETRAL;;;0;;Colis?úo;;;;Meio de Quadra;;;0;0;2;0;0;0;1;0;0;0;0;0;;
267608;3;6;2015;10:52;0;AV BEZERRA DE MENEZES;;;1640;;Colis?úo;Luz do Dia;;;Meio de Quadra;;;0;0;2;0;0;0;0;0;0;0;0;0;-3,734578000000000;-38,559270000000000
267616;3;6;2015;12:34;0;RUA 701 CJ CEARA;;;0;;Colis?úo;Luz do Dia;;;Meio de Quadra;;;0;0;2;0;0;0;0;0;0;0;0;0;;
267617;3;6;2015;13:34;0;LOGRADOURO SEM NOME;;;1700;;Choque c/ Obst?ículo Fixo;Luz do Dia;;;Meio de Quadra;;;0;0;1;0;0;0;0;0;0;0;0;0;;
267618;3;6;2015;14:00;0;RUA DA PAZ;;;0;;Colis?úo;Luz do Dia;;;Meio de Quadra;;;0;0;2;0;0;0;0;0;0;0;0;0;;
267619;3;6;2015;16:19;9160;RUA DEP OSWALDO STUDART;RUA GRACILIANO RAMOS;;0;;Colis?úo;Luz do Dia;;;Cruz;Pare;Comercial;0;0;2;0;0;0;0;0;0;0;0;0;-3,754499000000000;-38,529082000000000
267620;3;6;2015;16:38;25769;RUA CORUMBA;AV DR SILAS MUNGUBA;;0;;Colis?úo;Luz do Dia;;;;Gesto;Comercial;0;0;2;0;0;0;0;0;0;0;0;0;-3,801188000000000;-38,530014000000000
267621;3;6;2015;16:44;0;AV DOMINGOS OLIMPIO;;;88;;Colis?úo;Luz do Dia;;;Meio de Quadra;;;0;0;2;0;0;0;0;0;0;0;0;0;;
267622;3;6;2015;17:26;10131;RUA MIRTES CORDEIRO;RUA VICENTE PINHEIRO;;0;;Atropelamento;Anoitecer;;;;;;0;0;2;0;0;0;0;0;0;0;0;0;-3,790584000000000;-38,593947000000000
267623;3;6;2015;17:30;0;AV RUI BARBOSA;;;0;;Colis?úo;Anoitecer;;;Meio de Quadra;;;0;0;2;0;0;0;0;0;0;0;0;0;;
267624;3;6;2015;18:00;0;RUA SEN POMPEU;;;1279;;Colis?úo;Anoitecer;;;Meio de Quadra;;;0;0;2;0;0;0;0;0;0;0;0;0;-3,729842000000000;-38,530510000000000
267625;3;6;2015;18:18;0;AV PRS COSTA E SILVA;;;5479;;Colis?úo;Anoitecer;;;Meio de Quadra;;;0;0;2;0;0;0;0;0;0;0;0;0;-3,828541000000000;-38,531405000000000
267748;3;6;2015;18:27;0;AV OLIVEIRA PAIVA;;;0;;Colis?úo;Anoitecer;;;Meio de Quadra;;;0;0;2;0;0;0;0;0;0;0;0;0;;
267749;3;6;2015;18:52;7983;AV JOAO PESSOA;RUA JOAO SORONGO;;0;;Colis?úo;;;;;;;0;0;2;0;0;0;0;0;0;0;0;0;-3,748663000000000;-38,546069000000000
267750;3;6;2015;19:03;0;AV JOVITA FEITOSA;;;2988;;Colis?úo;;;;Meio de Quadra;;;0;0;2;0;0;0;0;0;0;0;0;0;-3,741478000000000;-38,564398000000000
267751;3;6;2015;19:38;0;RUA BOA VISTA;;;0;;Atropelamento;;;;Meio de Quadra;;;0;0;2;0;0;0;0;0;0;0;0;0;;
267753;3;6;2015;20:00;0;RUA VITORIA;;;1321;;Atropelamento;;;;Meio de Quadra;;;0;0;2;0;0;0;0;0;0;0;0;0;;
267755;3;6;2015;20:31;0;RUA EURICO MEDINA;;;718;;Colis?úo;;;;Meio de Quadra;;;0;0;2;0;0;0;0;0;0;0;0;0;-3,760362000000000;-38,586937000000000
267757;3;6;2015;21:58;0;RUA HOLANDA;;;281;;Colis?úo;;;;Meio de Quadra;;;0;0;2;0;0;0;0;0;0;0;0;0;;
267758;3;6;2015;22:01;0;RUA 104 CJ PASSARE;;;0;;Colis?úo;;;;Meio de Quadra;;;0;0;2;0;0;0;0;0;0;0;0;0;;
267760;3;6;2015;22:03;0;RUA JUSTINIANO DE SERPA;;;268;;Colis?úo;;;;Meio de Quadra;;;0;0;2;0;0;0;0;0;0;0;0;0;-3,733483000000000;-38,542370000000000
267761;3;6;2015;22:04;15162;AV BEIRA MAR;RUA TIBURCIO CAVALCANTE;;0;;Colis?úo;;;;T;Pare;Comercial;0;0;2;0;0;0;0;0;0;0;0;0;-3,725126000000000;-38,499109000000000
267762;3;6;2015;22:31;0;RUA MAL DEODORO;;;1407;;Colis?úo;;;;Meio de Quadra;;;0;0;2;0;0;0;0;0;0;0;0;0;;
267765;3;6;2015;22:31;5098;RUA CASTRO E SILVA;RUA SEN POMPEU;;0;;Colis?úo;;;;Cruz;Sem?íforo;Comercial;0;0;2;0;0;0;0;0;0;0;0;0;-3,723468000000000;-38,528597000000000
267767;3;6;2015;22:46;0;RUA LONDRINA;;;1845;;Colis?úo;;;;Meio de Quadra;;;0;0;2;0;0;0;0;0;0;0;0;0;-3,779866000000000;-38,607435000000000
267770;3;6;2015;23:52;0;RUA TIBURCIO CAVALCANTE;;;1876;;Colis?úo;;;;Meio de Quadra;;;0;0;2;0;0;0;0;0;0;0;0;0;-3,740966000000000;-38,504193000000000
258973;3;6;2015;11:40;0;RD BR 116;;;1000;KM-01;Colis?úo Traseira;Luz do Dia;Bom;Seca;Meio de Quadra;N?úo H?í Controle;Comercial;0;0;3;1;0;0;0;0;0;0;0;0;-3,762554000000000;-38,518702000000000
259032;3;6;2015;19:45;0;RD BR 222;;;0;;Colis?úo Traseira;Via Iluminada;Bom;Seca;Meio de Quadra;N?úo H?í Controle;Comercial;0;0;4;1;0;0;0;0;0;0;0;0;;
252391;3;6;2015;08:00;8137;RUA 1 GLEBA 5S;RUA BENTO ALBUQUERQUE;;0;;Colis?úo Lateral;Luz do Dia;Bom;Seca;T;N?úo H?í Controle;Comercial;0;0;2;1;0;0;0;0;0;0;0;0;-3,750391000000000;-38,462487000000000
252392;3;6;2015;19:15;0;AV ANTONIO SALES;;;1811;;Colis?úo Lateral;Via Iluminada;Bom;Seca;Meio de Quadra;N?úo H?í Controle;Residencial;0;0;2;1;1;0;0;0;0;0;0;0;-3,743792000000000;-38,507743000000000
252393;3;6;2015;08:10;0;RUA 5 CJ PEQ MONDUBIM;;;0;;Colis?úo Lateral;Luz do Dia;Bom;Seca;Meio de Quadra;N?úo H?í Controle;Comercial;0;0;2;1;1;0;0;0;0;0;0;0;;
251893;3;6;2015;18:12;0;RUA OSVALDO CRUZ (ALDEOTA);;;2557;;Colis?úo Lateral;Anoitecer;Bom;Seca;Meio de Quadra;N?úo H?í Controle;Residencial;0;1;1;0;0;0;0;0;0;1;0;0;-3,747908000000000;-38,504291000000000
251896;3;6;2015;11:40;7849;RUA JOSE VILAR;RUA FRANCISCO HOLANDA;;0;;Colis?úo Transversal;Luz do Dia;Bom;Seca;Cruz;Pare;Comercial;0;1;1;1;0;0;0;0;0;1;0;0;-3,747448000000000;-38,508441000000000
251898;3;6;2015;12:35;0;RUA DES JOSE GIL DE CARVALHO;;;144;;Colis?úo Transversal;Luz do Dia;Bom;Seca;Meio de Quadra;N?úo H?í Controle;Comercial;0;0;2;1;0;0;0;0;0;1;0;0;;
251906;3;6;2015;17:20;5303;AV SANTOS DUMONT;RUA DNA LEOPOLDINA;;0;;Colis?úo Lateral;Via Iluminada;Bom;Seca;Outros;;Comercial;0;0;2;1;1;0;0;0;0;0;0;0;-3,729515000000000;-38,519029000000000
251900;3;6;2015;10:20;0;AV JOAO PESSOA;;;5215;;Engavetamento;Luz do Dia;Bom;Seca;Meio de Quadra;N?úo H?í Controle;Comercial;0;1;3;1;0;0;0;0;0;0;0;0;-3,757141000000000;-38,553678000000000
251904;3;6;2015;19:30;20129;AV DEP PAULINO ROCHA;RUA POMPILIO GOMES;;0;;Colis?úo Lateral;Via Iluminada;Bom;Seca;T;Pare;Comercial;0;0;2;1;0;0;1;0;0;0;0;0;-3,810076000000000;-38,519652000000000
251911;3;6;2015;04:50;0;AV PRS COSTA E SILVA;;;3088;;Atropelamento;Via Iluminada;Chuva;Molhada;Meio de Quadra;N?úo H?í Controle;Comercial;1;1;0;0;0;0;0;0;0;1;0;0;-3,828998000000000;-38,523054000000000
251908;3;6;2015;10:30;0;AV DR THEBERGE;;;1711;;Atropelamento;Luz do Dia;Bom;Seca;Meio de Quadra;N?úo H?í Controle;Comercial;0;1;1;1;0;0;0;0;0;0;0;0;;
251916;3;6;2015;;24982;AV ALM HENRIQUE SABOIA;RUA CAROLINA SUCUPIRA;;0;;Colis?úo Lateral;Luz do Dia;Bom;Seca;;Sem?íforo;Comercial;0;0;2;1;0;0;1;0;0;0;0;0;-3,744387000000000;-38,490003000000000
251925;3;6;2015;16:20;2523;AV FRANCISCO SA;RUA TULIPA;;0;;Colis?úo Lateral Sentido Oposto;Luz do Dia;Bom;Seca;T;Pare;Comercial;0;1;1;1;0;0;0;0;1;0;0;0;-3,710359000000000;-38,577954000000000
251937;3;6;2015;09:00;12685;AV DA INDEPENDENCIA;AV CEL CARVALHO;;0;;Colis?úo Lateral;Luz do Dia;Bom;Seca;Cruz;Sem?íforo;Residencial;0;0;2;1;0;0;1;0;0;0;0;0;-3,728711000000000;-38,584952000000000
251930;3;6;2015;10:00;13544;RUA DR JOSE LOURENCO;RUA JULIO SIQUEIRA;;0;;Colis?úo Transversal;Luz do Dia;Bom;Seca;Cruz;Pare;Comercial;0;0;3;1;0;0;0;0;0;0;0;0;-3,748473000000000;-38,512200000000000
263456;3;6;2015;21:20;7277;RUA JOANA SOARES;RUA ELZA  L ALBUQUERQUE;;0;;;;;;;;;0;1;0;0;0;0;0;0;0;0;0;0;-3,821261000000000;-38,478273000000000
259321;3;6;2015;12:00;0;RD CE-040;;;0;KM-03;Colis?úo;Luz do Dia;;Seca;Meio de Quadra;;;0;0;2;1;0;0;0;0;0;0;0;0;-3,783185000000000;-38,481014000000000
259324;3;6;2015;15:10;0;RD CE-040;;;0;KM-03;Colis?úo;Luz do Dia;;Seca;Meio de Quadra;;;0;0;2;1;1;0;0;0;0;0;0;0;-3,783185000000000;-38,481014000000000
259332;3;6;2015;17:46;0;AV MIN JOSE AMERICO;;;0;;Colis?úo;Anoitecer;;Seca;Meio de Quadra;;;0;0;4;1;0;0;0;0;0;0;0;0;;
259330;3;6;2015;17:40;0;RD CE-040;;;0;KM-03;Colis?úo;Anoitecer;;Seca;Meio de Quadra;;;0;0;2;1;0;0;0;0;0;0;0;0;-3,783185000000000;-38,481014000000000
267147;3;6;2015;12:00;0;RUA APUCARANA;;;342;;Colis?úo;Luz do Dia;;;Meio de Quadra;;;1;0;1;0;0;0;0;0;0;1;0;0;;
252038;3;6;2015;09:40;0;AV ENG HUMBERTO MONTE;;;0;;Engavetamento;Luz do Dia;Nublado;Seca;Meio de Quadra;N?úo H?í Controle;Comercial;0;0;3;1;0;0;0;0;0;0;0;0;;
252035;3;6;2015;07:10;0;AV DA UNIVERSIDADE;;;2386;;Choque c/ Obst?ículo Fixo;Luz do Dia;Bom;Seca;Meio de Quadra;N?úo H?í Controle;Comercial;0;0;1;0;1;0;0;0;0;0;0;0;-3,738150000000000;-38,536556000000000
252036;3;6;2015;08:00;0;AV SUL SITIO TUNGA;;;0;;Choque c/ Obst?ículo Fixo;Luz do Dia;Nublado;Outros;Meio de Quadra;Outros;Comercial;0;0;1;1;0;0;0;0;0;0;0;0;;
252031;3;6;2015;17:40;0;RUA DOM JOSE LOURENCO  D27;;;1740;;Colis?úo Traseira;Via Iluminada;Bom;Seca;Meio de Quadra;Sem?íforo;Comercial;0;0;2;1;0;0;0;0;0;0;0;0;;
252021;3;6;2015;12:20;17285;RUA JOAO FIRMINO;RUA IRM BAZET;;0;;Colis?úo Traseira;Luz do Dia;Bom;Seca;Cruz;Pare;Residencial;0;0;2;0;0;0;0;0;0;0;0;0;-3,762808000000000;-38,554308000000000
252028;3;6;2015;08:00;0;AV ROGACIANO LEITE;;;2176;;Colis?úo Traseira;Luz do Dia;Bom;Seca;Meio de Quadra;N?úo H?í Controle;Residencial;0;0;2;1;0;0;0;0;0;0;0;0;-3,774111000000000;-38,499236000000000
252017;3;6;2015;07:30;0;AV GOV RAUL BARBOSA;;;6666;;Colis?úo Lateral;Luz do Dia;Bom;Seca;Meio de Quadra;N?úo H?í Controle;Comercial;0;0;2;1;1;0;0;0;0;0;0;0;-3,772572000000000;-38,512345000000000
252018;3;6;2015;18:30;15136;AV MON TABOSA;RUA ANTONIO AUGUSTO;;0;;Colis?úo Transversal;Via Iluminada;Bom;Seca;Cruz;Pare;Comercial;0;0;2;1;0;0;0;0;0;0;0;0;-3,724092000000000;-38,511469000000000
252023;3;6;2015;15:20;14967;AV GODOFREDO MACIEL;RUA JULIO ALCIDES;;0;;Colis?úo Transversal;Luz do Dia;Bom;Seca;T;Pare;Residencial;0;0;2;1;0;0;0;0;0;0;0;0;-3,787856000000000;-38,566785000000000
251998;3;6;2015;17:27;8931;RUA JUSTINIANO DE SERPA;RUA ANTONIO POMPEU;;0;;Colis?úo Lateral;Anoitecer;Bom;Seca;T;Pare;Comercial;0;0;2;0;0;0;1;0;0;0;0;0;-3,732034000000000;-38,542672000000000
252001;3;6;2015;18:10;0;RUA MONTE LIBANO;;;560;;Colis?úo Transversal;Via Iluminada;Bom;Seca;Meio de Quadra;N?úo H?í Controle;Comercial;0;1;1;1;0;0;0;0;0;1;0;0;-3,825127000000000;-38,562256000000000
252002;3;6;2015;22:35;2830;AV GAL OSORIO DE PAIVA;RUA OSCAR FRANCA;;0;;Colis?úo Transversal;Via Iluminada;Bom;Seca;T;Sem?íforo;Comercial;0;0;2;1;1;0;0;0;0;0;0;0;-3,794473000000000;-38,592113000000000
252004;3;6;2015;14:30;12712;RUA JULIO CESAR D12;RUA MAJ WEYNE;;0;;Colis?úo Lateral;Luz do Dia;Bom;Seca;Cruz;Pare;Residencial;0;0;2;1;0;0;0;0;0;0;0;0;-3,750019000000000;-38,542813000000000
252006;3;6;2015;07:20;0;RUA CAP GUSTAVO;;;3399;;Colis?úo Traseira;Luz do Dia;Bom;Seca;Meio de Quadra;Pare;Comercial;0;0;2;1;0;0;0;0;0;0;0;0;-3,751045000000000;-38,517537000000000
252008;3;6;2015;10:10;0;RUA PRO RAIMUNDO ARRUDA;;;646;;Colis?úo Traseira;Luz do Dia;Bom;Seca;Meio de Quadra;Sem?íforo;Residencial;0;0;2;1;0;0;0;0;0;0;0;0;-3,739031000000000;-38,550935000000000
252012;3;6;2015;13:40;15194;RUA ILDEFONSO ALBANO;RUA DEP MOREIRA DA ROCHA;;0;;Colis?úo Transversal;Luz do Dia;Bom;Seca;Cruz;Pare;Comercial;0;1;1;1;0;0;0;0;0;0;0;0;-3,726480000000000;-38,511072000000000
252014;3;6;2015;08:02;10951;RUA EQUADOR;RUA DOM CARLOTO TAVORA;;0;;Colis?úo Traseira;Luz do Dia;Bom;Seca;Cruz;Pare;Comercial;0;1;2;1;0;0;0;0;0;1;0;0;-3,771500000000000;-38,551645000000000
252015;3;6;2015;08:40;0;AV LUCIANO CARNEIRO;;;840;;Colis?úo Transversal;Luz do Dia;Bom;Seca;Meio de Quadra;N?úo H?í Controle;Comercial;0;0;2;1;0;0;0;0;0;1;0;0;-3,755371000000000;-38,533792000000000
251958;3;6;2015;19:00;15374;AV DOM LUIS;RUA FREDERICO BORGES;;0;;Colis?úo Transversal;Via Iluminada;Bom;Seca;Cruz;Sem?íforo;Comercial;0;0;2;1;1;0;0;0;0;0;0;0;-3,735890000000000;-38,489136000000000
251948;3;6;2015;13:30;5371;RUA VINTE E QUATRO DE MAIO;RUA GAL CLARINDO DE QUEIROZ;;0;;Colis?úo Transversal;Luz do Dia;Bom;Seca;Cruz;Pare;Comercial;0;1;2;1;0;0;0;0;0;0;0;0;-3,731621000000000;-38,533532000000000
251964;3;6;2015;21:20;3829;RUA MAL DEODORO;RUA PAULINO NOGUEIRA;;0;;Colis?úo Traseira;Via Iluminada;Bom;Seca;;Pare;Comercial;0;0;2;1;0;0;0;0;0;0;0;0;-3,744452000000000;-38,537199000000000
251985;3;6;2015;07:50;15975;AV GODOFREDO MACIEL;RUA CEL MANUEL ALBANO;;0;;Colis?úo Transversal;Luz do Dia;Bom;Seca;Cruz;Pare;Comercial;0;1;1;1;0;0;0;0;0;1;0;0;-3,805644000000000;-38,572780000000000
251981;3;6;2015;13:10;15152;AV ABOLICAO;AV BAR STUDART;;0;;Colis?úo Traseira;Luz do Dia;Bom;Seca;;N?úo H?í Controle;Comercial;0;0;2;1;0;0;0;0;0;0;0;0;-3,724762000000000;-38,503445000000000
251988;3;6;2015;09:45;0;RUA TIBURCIO CAVALCANTE;;;1656;;Colis?úo Traseira;Luz do Dia;Bom;Seca;Meio de Quadra;N?úo H?í Controle;Residencial;0;0;2;1;0;0;0;0;0;1;0;0;-3,739109000000000;-38,503591000000000
251991;3;6;2015;09:00;1425;RUA JOAO CARVALHO;AV BAR STUDART;;0;;Colis?úo Traseira;Luz do Dia;Bom;Seca;Cruz;Sem?íforo;Comercial;0;0;2;1;0;0;0;0;0;0;0;0;-3,737632000000000;-38,507567000000000
251994;3;6;2015;14:45;0;AV PONTES VIEIRA;;;832;;Colis?úo Traseira;Luz do Dia;Bom;Seca;Meio de Quadra;N?úo H?í Controle;Comercial;0;0;2;1;0;0;0;0;0;0;0;0;-3,752724000000000;-38,513460000000000
251954;3;6;2015;20:00;0;AV BORGES DE MELO;;;2061;;Colis?úo Lateral;Via Iluminada;Bom;Seca;Meio de Quadra;Outros;Outros;0;1;1;0;0;0;0;1;0;1;0;0;-3,754403000000000;-38,536504000000000
251970;3;6;2015;18:40;0;RUA CANDIDO CASTELO BRANCO;;;0;;Engavetamento;Via Iluminada;Bom;Seca;Meio de Quadra;Outros;Comercial;0;0;3;1;0;0;0;0;0;0;0;0;;
251977;3;6;2015;12:00;12883;RUA JOAQUIM MAGALHAES;RUA COS TRISTAO;;0;;Colis?úo Transversal;Luz do Dia;Bom;Seca;Cruz;Pare;Residencial;0;0;2;0;0;0;0;0;0;0;0;0;-3,740231000000000;-38,527096000000000
262384;3;6;2015;02:20;0;AV AUGUSTO DOS ANJOS;;;0;;Colis?úo;;;;Meio de Quadra;;;0;1;1;1;0;0;0;0;0;1;0;0;-3,781573000000000;-38,580388000000000
262385;3;6;2015;04:28;0;AV AUGUSTO DOS ANJOS;;;0;;Colis?úo;;;;Meio de Quadra;;;0;1;1;0;0;0;0;0;0;1;0;0;-3,780508000000000;-38,579460000000000
262386;3;6;2015;05:38;0;RUA COSME JERONIMO;;;0;;Queda;Amanhecer;;;Meio de Quadra;;;0;1;0;0;0;0;0;0;0;1;0;0;;
262387;3;6;2015;07:02;0;RUA RAIMUNDO FROTA;;;0;;Colis?úo;Luz do Dia;;;Meio de Quadra;;;0;1;1;0;0;0;0;0;0;0;0;0;-3,714735000000000;-38,586753000000000