COD_ACIDENTE;DIA;MES;ANO;HORA;INTERSECAO;LOG1;LOG2;LOG3;NUMERO;REFERENCIA;NATUREZA;ILUMINACAO;TEMPO;SUPERFICIEPISTA;TIPOCRUZAMENTO;CONTROLETRAFEGO;USOSOLO;MORTOS;FERIDOS;ILESOS;AUTOMOVEL;ONIBUS;BICICLETA;CAMINHAO;MICROONIBUS;CICLOMOTOR;MOTOCICLETA;TRACAOANIMAL;TREM;LATITUDE;LONGITUDE
262388;3;6;2015;07:56;0;AV ALBERTO CRAVEIRO;;;0;;Colis?úo;Luz do Dia;;;Meio de Quadra;;;0;1;1;1;0;0;0;0;0;1;0;0;;
262389;3;6;2015;09:38;5374;AV DUQ CAXIAS;RUA BAR RIO BRANCO;;0;;Colis?úo;Luz do Dia;;;Cruz;Sem?íforo;Comercial;0;1;1;1;0;0;0;0;0;1;0;0;-3,731774000000000;-38,529947000000000
262390;3;6;2015;11:17;0;ET DO JATOBA;;;2200;;Atropelamento;Luz do Dia;;;Meio de Quadra;;;1;0;2;1;0;0;0;0;0;0;0;0;;
262368;3;6;2015;20:57;19377;RUA EDUARDO PERDIGAO;RUA GERMANO FRANCK;;0;;Colis?úo;;;;Cruz;Sem?íforo;Residencial;0;0;2;1;1;0;0;0;0;0;0;0;-3,777704000000000;-38,562542000000000
262414;3;6;2015;19:32;0;AV PERIMETRAL;;;1700;;Atropelamento;;;;Meio de Quadra;;;0;1;1;0;0;0;0;0;0;0;0;0;-3,816852000000000;-38,566942000000000
262416;3;6;2015;19:57;0;AV PRS CASTELO BRANCO;;;0;;Colis?úo;;;;Meio de Quadra;;;0;1;1;1;0;0;0;0;0;1;0;0;;
262417;3;6;2015;21:23;0;AV GAL OSORIO DE PAIVA;;;4500;;Atropelamento;;;;Meio de Quadra;;;0;2;0;0;0;0;0;0;0;1;0;0;-3,797784000000000;-38,595374000000000
262418;3;6;2015;22:23;0;AV CARNEIRO DE MENDONCA;;;509;;Colis?úo;;;;Meio de Quadra;;;0;1;1;1;0;0;0;0;0;1;0;0;-3,765361000000000;-38,564271000000000
262410;3;6;2015;19:07;0;AV FRANCISCO SA;;;0;;Atropelamento;;;;Meio de Quadra;;;0;1;1;0;0;0;0;0;0;1;0;0;-3,716049000000000;-38,561387000000000
262411;3;6;2015;19:26;0;AV DOS EXPEDICIONARIOS;;;4495;;Atropelamento;;;;Meio de Quadra;;;0;1;1;0;1;0;0;0;0;0;0;0;-3,757645000000000;-38,538987000000000
262403;3;6;2015;17:32;0;RUA TIBURCIO RODRIGUES;;;0;;Queda;Anoitecer;;;Meio de Quadra;;;0;1;0;0;0;0;0;0;0;1;0;0;-3,758586000000000;-38,516803000000000
262400;3;6;2015;16:24;0;AV PRO JOSE ARTHUR CARVALHO;;;0;;Queda;Luz do Dia;;;Meio de Quadra;;;0;1;0;0;0;0;0;0;0;1;0;0;;
262396;3;6;2015;12:34;2628;RUA TULIPA;RUA LARA;;0;;Colis?úo;Luz do Dia;;;Cruz;Pare;Comercial;0;1;1;0;0;0;1;0;0;1;0;0;-3,714268000000000;-38,579471000000000
262303;3;6;2015;20:00;0;AV GODOFREDO MACIEL;;;0;;Colis?úo;;;;Meio de Quadra;;;0;0;2;1;0;0;0;0;0;0;0;0;;
262419;4;6;2015;06:56;0;AV WASHINGTON SOARES;;;0;;Queda;Luz do Dia;;;Meio de Quadra;;;0;1;0;0;0;0;0;0;0;1;0;0;-3,771639000000000;-38,482002000000000
262420;4;6;2015;10:49;0;RUA JOSE CARLOS GURGEL NOGUEIRA;;;0;;Queda;Luz do Dia;;;Meio de Quadra;;;0;1;0;0;0;0;0;0;0;1;0;0;-3,732467000000000;-38,473567000000000
262422;4;6;2015;12:52;0;AV PRS CASTELO BRANCO;;;0;;Atropelamento;Luz do Dia;;;Meio de Quadra;;;0;1;0;0;0;0;0;0;0;1;0;0;;
262423;4;6;2015;16:14;0;AV MAE LISBOA;;;0;;Queda;Luz do Dia;;;Meio de Quadra;;;0;1;0;0;0;0;0;0;0;1;0;0;-3,807946000000000;-38,465029000000000
262424;4;6;2015;17:03;0;AV FRANCISCO SA;;;0;;Colis?úo;Anoitecer;;;Meio de Quadra;;;0;1;1;0;0;0;0;0;0;0;0;0;-3,712014000000000;-38,573192000000000
262425;4;6;2015;18:00;0;AV PRO JOSE ARTHUR CARVALHO;;;0;;Queda;Anoitecer;;;Meio de Quadra;;;0;0;1;0;0;0;0;0;0;1;0;0;;
262426;4;6;2015;19:13;0;RUA ALBERTO TORRES;;;11;;Atropelamento;;;;Meio de Quadra;;;0;1;1;1;0;0;0;0;0;0;0;0;-3,816004000000000;-38,498166000000000
262427;4;6;2015;19:15;0;AV CEL CARVALHO;;;0;;Queda;;;;Meio de Quadra;;;0;1;0;0;0;0;0;0;0;1;0;0;-3,703579000000000;-38,591521000000000
262428;4;6;2015;20:07;0;RUA URUCUTUBA;;;1550;;Colis?úo;;;;Meio de Quadra;;;0;1;1;1;0;0;0;0;0;1;0;0;-3,797673000000000;-38,608863000000000
262429;4;6;2015;22:13;0;AV ENG HUMBERTO MONTE;;;0;;Queda;;;;Meio de Quadra;;;0;1;0;0;0;0;0;0;0;1;0;0;;
262373;4;6;2015;08:37;7957;AV PONTES VIEIRA;AV BAR STUDART;;0;;Colis?úo;Luz do Dia;;;T;Sem?íforo Intermitente;Comercial;0;0;2;0;1;0;0;0;0;0;0;0;-3,752590000000000;-38,512361000000000
262383;4;6;2015;18:00;0;AV JOVITA FEITOSA;;;0;;Colis?úo;Anoitecer;;;Meio de Quadra;;;0;0;2;1;1;0;0;0;0;0;0;0;;
251978;4;6;2015;13:00;0;RUA VASCO DA GAMA;;;233;;Colis?úo;Via Iluminada;Nublado;Seca;Meio de Quadra;;Residencial;0;1;1;1;0;1;0;0;0;0;0;0;-3,759349000000000;-38,552333000000000
251979;4;6;2015;11:50;9020;RUA SALDANHA MARINHO;RUA JAIME BENEVOLO;;0;;Colis?úo Transversal;Luz do Dia;Bom;Seca;Cruz;Sem?íforo;Residencial;0;1;1;1;0;0;0;0;0;1;0;0;-3,743046000000000;-38,528994000000000
251980;4;6;2015;08:00;0;AV BEZERRA DE MENEZES;;;1819;;Colis?úo Traseira;Luz do Dia;Bom;Seca;Meio de Quadra;N?úo H?í Controle;Comercial;0;1;1;1;0;0;0;0;0;1;0;0;-3,735122000000000;-38,561839000000000
251971;4;6;2015;07:00;0;RUA AMADEU FURTADO;;;440;;Choque c/ Obst?ículo Fixo;Luz do Dia;Nublado;Seca;Meio de Quadra;Outros;Residencial;0;0;1;0;0;0;0;0;0;0;0;0;-3,739345000000000;-38,563292000000000
251972;4;6;2015;12:00;1654;AV SEN VIRGILIO TAVORA;RUA BENI DE CARVALHO;;0;;Colis?úo Lateral;Luz do Dia;Nublado;Seca;Cruz;Sem?íforo Intermitente;Comercial;0;1;1;1;0;0;0;0;0;1;0;0;-3,744098000000000;-38,500877000000000
251973;4;6;2015;15:00;12699;AV CEL CARVALHO;AV MAJ ASSIS;;0;;Colis?úo Lateral;Luz do Dia;Bom;Seca;Cruz;Sem?íforo;Residencial;0;0;2;1;1;0;0;0;0;0;0;0;-3,723796000000000;-38,586255000000000
251974;4;6;2015;04:40;0;AV CARNEIRO DE MENDONCA;;;413;;Choque c/ Obst?ículo Fixo;Amanhecer;Chuva;Seca;Meio de Quadra;N?úo H?í Controle;Misto;0;1;0;1;0;0;0;0;0;0;0;0;-3,765858000000000;-38,563085000000000
251975;4;6;2015;10:15;9108;RUA BARTOLOMEU DE GUSMAO;RUA FRANCOIS T MENEZES;;0;;Colis?úo Lateral;Luz do Dia;Bom;Molhada;Cruz;Gesto;Residencial;0;0;2;1;1;0;0;0;0;0;0;0;-3,757998000000000;-38,526108000000000
251976;4;6;2015;15:10;23436;RUA MON SALAZAR;RUA CAP GUSTAVO;;0;;Colis?úo Transversal;Luz do Dia;Bom;Seca;Cruz;Pare;Residencial;0;0;2;1;0;0;0;0;0;0;0;0;-3,756364000000000;-38,516507000000000
251968;4;6;2015;16:40;5356;AV DUQ CAXIAS;RUA GAL SAMPAIO;;0;;Colis?úo Transversal;Luz do Dia;Bom;Seca;Cruz;Sem?íforo;Comercial;0;1;1;1;0;0;0;0;0;1;0;0;-3,731096000000000;-38,532029000000000
251969;4;6;2015;14:50;6749;RUA BATISTA DE OLIVEIRA;RUA DR GILBERTO STUDART;;0;;Colis?úo Transversal;Luz do Dia;Bom;Seca;Cruz;Pare;Residencial;0;0;2;1;0;0;1;0;0;0;0;0;-3,743734000000000;-38,480581000000000
251982;4;6;2015;08:30;15277;AV ANTONIO JUSTA;AV SEN VIRGILIO TAVORA;;0;;Colis?úo Traseira;Luz do Dia;Chuva;Molhada;;Sem?íforo;Residencial;0;0;2;1;0;0;0;0;0;0;0;0;-3,728875000000000;-38,490692000000000
251983;4;6;2015;21:00;26206;RUA VASCO DE ATAIDE;RUA CEL ERNESTO MATOS;;0;;Colis?úo Frontal;Via Iluminada;Nublado;Seca;;;;0;1;1;1;0;0;0;0;0;1;0;0;;
251984;4;6;2015;11:15;13537;AV SORIANO ALBUQUERQUE;RUA CAP GUSTAVO;;0;;Colis?úo Transversal;Luz do Dia;Chuva;Molhada;Cruz;Sem?íforo;Comercial;0;0;2;1;0;0;0;0;0;0;0;0;-3,748124000000000;-38,518063000000000
251986;4;6;2015;04:20;0;AV CARAPINIMA;;;0;;Choque c/ Obst?ículo Fixo;Luz do Dia;Chuva;Seca;Outros;Outros;Misto;0;0;1;0;0;0;1;0;0;0;0;0;;
251965;4;6;2015;11:00;2955;RUA MARIA JULIA;RUA SAO FRANCISCO D21;;0;;Colis?úo Lateral;;Nublado;Seca;Cruz;Pare;Comercial;0;0;3;1;0;0;0;0;0;0;0;0;-3,798608000000000;-38,601633000000000
251959;4;6;2015;02:00;0;AV 13 DE MAIO;;;1025;;Colis?úo Traseira;Anoitecer;Chuva;Molhada;Meio de Quadra;N?úo H?í Controle;Comercial;0;0;4;1;0;0;0;0;0;0;0;0;-3,750109000000000;-38,528411000000000
251960;4;6;2015;18:30;0;RUA JOSE HIPOLITO;;;1093;;Colis?úo Transversal;;Nublado;Seca;Meio de Quadra;N?úo H?í Controle;;0;0;2;1;0;0;0;0;0;1;0;0;-3,835587000000000;-38,486381000000000
251961;4;6;2015;14:00;18049;AV DIOGUINHO;RUA DR ELIZEU HOLANDA;;0;;Colis?úo Transversal;Luz do Dia;Bom;Seca;T;Pare;Comercial;0;1;1;1;0;0;0;0;0;1;0;0;-3,735343000000000;-38,456756000000000
251962;4;6;2015;20:40;17342;AV PRO GOMES DE MATOS;RUA ALAN KARDEC;;0;;Colis?úo Transversal;Via Iluminada;Bom;Seca;Cruz;Sem?íforo;Comercial;0;1;1;1;0;0;0;0;0;0;0;0;-3,765321000000000;-38,549213000000000
252037;4;6;2015;23:06;24969;AV PDE ANTONIO TOMAS;AV ALM HENRIQUE SABOIA;;0;;Colis?úo Transversal;Via Iluminada;Nublado;Seca;Cruz;Sem?íforo;Misto;0;1;1;1;0;0;0;0;0;1;0;0;-3,743493000000000;-38,489455000000000
259333;4;6;2015;17:20;0;RD CE-025;;;0;KM-03;Colis?úo;Via Iluminada;;Seca;Meio de Quadra;;;0;0;2;1;0;0;0;0;0;1;0;0;-3,805236000000000;-38,446791000000000
259336;4;6;2015;16:00;0;RD CE-025;;;0;KM-02;Colis?úo;Luz do Dia;;Seca;Meio de Quadra;;;0;1;1;1;0;0;0;0;0;1;0;0;-3,807584000000000;-38,460957000000000
267778;4;6;2015;00:23;25517;RUA DES WALDETARIO P MOTA;AV PDE ANTONIO TOMAS;;0;;Colis?úo;;;;Cruz;Sem?íforo;Residencial;0;0;2;0;0;0;0;0;0;0;0;0;;
267779;4;6;2015;03:22;391;RUA PRO VIRGILIO DE MORAIS;AV LIBERDADE;;0;;Colis?úo;;;;Cruz;Pare;Residencial;0;0;2;0;0;0;0;0;0;0;0;0;-3,749531000000000;-38,596325000000000
267780;4;6;2015;03:25;3233;RUA EMILIO DE MENESES;RUA ARACA;;0;;Colis?úo;;;;Cruz;Pare;Comercial;0;0;2;0;0;0;0;0;0;0;0;0;-3,782708000000000;-38,584038000000000
267785;4;6;2015;03:31;0;RUA PESSOA ANTA;;;142;;Choque c/ Obst?ículo Fixo;;;;Meio de Quadra;;;0;0;1;0;0;0;0;0;0;0;0;0;-3,721062000000000;-38,521649000000000
267786;4;6;2015;09:59;14665;RUA PDE JANUARIO CAMPOS;RUA DES AVELAR;;0;;Colis?úo;Luz do Dia;;;Cruz;Pare;Residencial;0;0;2;0;0;0;0;0;0;0;0;0;-3,794498000000000;-38,489472000000000
267787;4;6;2015;12:16;0;RUA JOSE CAETANO;;;0;;Choque c/ Obst?ículo Fixo;Luz do Dia;;;Meio de Quadra;;;0;0;1;0;0;0;0;0;0;0;0;0;;
267789;4;6;2015;18:13;0;AV RECREIO D64;;;0;;Atropelamento;Anoitecer;;;Meio de Quadra;;;0;0;2;0;0;0;0;0;0;0;0;0;;
267791;4;6;2015;18:19;0;RUA POE MARIO LINHARES (J.WALTER);;;158;;Atropelamento;Anoitecer;;;Meio de Quadra;;;0;0;2;0;0;0;0;0;0;0;0;0;;
267792;4;6;2015;19:24;0;RUA JUVENAL DE CARVALHO;;;629;;Colis?úo;;;;Meio de Quadra;;;0;0;2;0;0;0;0;0;0;0;0;0;-3,746786000000000;-38,525225000000000
267796;4;6;2015;21:34;0;AV ENG HUMBERTO MONTE;;;1297;;Colis?úo;;;;Meio de Quadra;;;0;0;2;0;0;0;0;0;0;0;0;0;-3,748124000000000;-38,561277000000000
267798;5;6;2015;09:12;0;RUA MARIA PERDIGAO;;;325;;Choque c/ Obst?ículo Fixo;Luz do Dia;;;Meio de Quadra;;;0;0;1;0;0;0;0;0;0;0;0;0;-3,823681000000000;-38,508129000000000
267800;5;6;2015;09:16;21042;RUA 8 DE JUNHO UI 601;RUA CASTELO DE CASTRO (PICI);;0;;Choque c/ Obst?ículo Fixo;Luz do Dia;;;;;;0;0;1;0;0;0;0;0;0;0;0;0;-3,751740000000000;-38,579473000000000
267801;5;6;2015;11:25;0;AV CEL CARVALHO;;;0;;Colis?úo;Luz do Dia;;;Meio de Quadra;;;0;0;2;0;0;0;0;0;0;0;0;0;;
267804;5;6;2015;11:27;5695;RUA MARGARIDA DE QUEIROZ;RUA CHICO LEMOS;;0;;Colis?úo;Luz do Dia;;;Cruz;Pare;Residencial;0;0;2;0;0;0;0;0;0;0;0;0;-3,791881000000000;-38,498869000000000
267807;5;6;2015;13:32;0;RUA VALPARAISO;;;0;;Colis?úo;Luz do Dia;;;Meio de Quadra;;;0;0;2;0;0;0;0;0;0;0;0;0;;
267812;5;6;2015;16:15;0;AV ANTONIO SALES;;;3243;;Colis?úo;Luz do Dia;;;Meio de Quadra;;;0;0;2;0;0;0;0;0;0;0;0;0;-3,747637000000000;-38,495368000000000
267814;5;6;2015;16:19;15834;RUA CEL FRANCISCO PEREIRA (MESSEJANA);RUA TEN JURANDIR ALENCAR;;0;;Colis?úo;Luz do Dia;;;Cruz;Sem?íforo;Comercial;0;0;2;0;0;0;0;0;0;0;0;0;-3,831773000000000;-38,492929000000000
267815;5;6;2015;16:52;0;AV PRS CASTELO BRANCO;;;0;;Colis?úo;Luz do Dia;;;Meio de Quadra;;;0;0;2;0;0;0;0;0;0;0;0;0;;
267841;5;6;2015;18:07;0;RUA N UI 309;;;351;;Atropelamento;Anoitecer;;;Meio de Quadra;;;0;0;2;0;0;0;0;0;0;0;0;0;;
267845;5;6;2015;18:23;19587;AV GODOFREDO MACIEL;RUA PRIMEIRO DE JANEIRO;;0;;Colis?úo;Anoitecer;;;T;Outros;Comercial;0;0;2;0;0;0;0;0;0;0;0;0;-3,784762000000000;-38,566283000000000
259034;5;6;2015;10:40;0;RD BR 222;;;0;KM-01;Colis?úo;Luz do Dia;Bom;Seca;Meio de Quadra;N?úo H?í Controle;Comercial;0;0;2;1;0;0;1;0;0;0;0;0;-3,737774000000000;-38,577952000000000
259035;5;6;2015;15:30;0;RD BR 222;;;0;KM-02;Colis?úo Transversal;Luz do Dia;Bom;Seca;Meio de Quadra;N?úo H?í Controle;Comercial;0;2;0;0;0;0;0;0;0;1;0;0;-3,738951000000000;-38,586880000000000
259001;5;6;2015;20:10;0;RD BR 116;;;1000;KM-01;Colis?úo Traseira;Via Iluminada;Bom;Seca;Meio de Quadra;N?úo H?í Controle;Comercial;0;2;1;0;1;0;0;0;0;1;0;0;-3,762554000000000;-38,518702000000000
258974;5;6;2015;15:10;0;RD BR 116;;;7000;KM-07;Atropelamento de Animal;Luz do Dia;Bom;Seca;Meio de Quadra;N?úo H?í Controle;Comercial;0;1;2;0;0;0;0;0;0;1;0;0;-3,813246000000000;-38,501101000000000
267848;5;6;2015;19:01;0;AV ROGACIANO LEITE;;;0;;Colis?úo;;;;Meio de Quadra;;;0;0;2;0;0;0;0;0;0;0;0;0;;
267850;5;6;2015;22:28;0;RUA TULIPA NEGRA;;;1869;;Colis?úo;;;;Meio de Quadra;;;0;0;2;0;0;0;0;0;0;0;0;0;-3,820332000000000;-38,596337000000000
267852;5;6;2015;23:21;13474;RUA DR JOSE LOURENCO;RUA TOMAS ACIOLI;;0;;Colis?úo;;;;Cruz;Pare;Comercial;0;0;2;0;0;0;0;0;0;0;0;0;-3,744447000000000;-38,510934000000000
263474;5;6;2015;13:10;0;AV DR SILAS MUNGUBA;;;976;;Colis?úo;Luz do Dia;;;Meio de Quadra;;;0;1;0;1;0;0;0;0;0;1;0;0;-3,781438000000000;-38,557165000000000
263469;5;6;2015;11:50;10921;RUA PRO MIRAMAR DA PONTE;RUA SILVA BAIMA;;0;;Colis?úo;Luz do Dia;;;;;;0;1;0;1;0;0;0;0;0;0;0;0;-3,755623000000000;-38,582534000000000
252042;5;6;2015;18:03;0;AV TRISTAO GONCALVES;;;1380;;Colis?úo Lateral;Anoitecer;Bom;Seca;Meio de Quadra;N?úo H?í Controle;Comercial;0;1;1;1;0;0;0;0;0;1;0;0;-3,733629000000000;-38,535159000000000
252039;5;6;2015;17:18;0;AV FRANCISCO SA;;;3557;;Atropelamento;Anoitecer;Nublado;Seca;Meio de Quadra;Sem?íforo;Misto;0;1;1;0;0;0;0;0;0;0;0;0;-3,717440000000000;-38,557290000000000
252040;5;6;2015;07:50;0;RUA PRC ISABEL;;;819;;Colis?úo Lateral;Luz do Dia;Nublado;Seca;Meio de Quadra;N?úo H?í Controle;Comercial;0;0;2;1;0;0;0;0;0;0;0;0;-3,728373000000000;-38,536011000000000
252044;5;6;2015;11:00;0;RUA PEREIRA FILGUEIRAS;;;2111;;Colis?úo Traseira;Luz do Dia;Bom;Seca;Meio de Quadra;N?úo H?í Controle;Misto;0;0;2;1;0;0;0;0;0;0;0;0;-3,731169000000000;-38,504259000000000
252045;5;6;2015;13:40;1376;RUA JOAO CARVALHO;RUA MON BRUNO;;0;;Colis?úo Lateral;Luz do Dia;;Seca;Cruz;Pare;Comercial;0;0;2;1;0;0;0;0;0;0;0;0;-3,736585000000000;-38,510792000000000
252046;5;6;2015;09:30;19585;RUA DINAMARCA;RUA DES BALTAR;;0;;Colis?úo Transversal;Luz do Dia;Bom;Seca;Cruz;Pare;Residencial;0;0;2;1;0;0;0;0;0;0;0;0;-3,784917000000000;-38,571077000000000
252016;5;6;2015;10:45;1386;AV SEN VIRGILIO TAVORA;RUA MARIA TOMASIA;;0;;Colis?úo Transversal;Luz do Dia;Bom;Seca;Cruz;Pare;Comercial;0;0;2;1;0;0;0;0;0;1;0;0;-3,736801000000000;-38,493150000000000
252013;5;6;2015;08:10;0;RUA PRO LINO ENCARNACAO;;;928;;Colis?úo Lateral;Luz do Dia;Bom;Seca;Meio de Quadra;;Residencial;0;1;3;1;0;0;0;0;0;0;0;0;-3,743768000000000;-38,560135000000000
252009;5;6;2015;18:30;0;AV SANTOS DUMONT;;;5160;;Colis?úo Lateral;Via Iluminada;Bom;Seca;Meio de Quadra;N?úo H?í Controle;Comercial;0;0;2;1;1;0;0;0;0;0;0;0;-3,740482000000000;-38,485210000000000
252010;5;6;2015;15:10;0;AV ABOLICAO;;;2016;;Colis?úo Traseira;;Bom;Seca;Meio de Quadra;N?úo H?í Controle;Misto;0;0;2;1;0;0;0;0;0;0;0;0;-3,725522000000000;-38,501092000000000
252011;5;6;2015;09:00;0;AV PRS COSTA E SILVA;;;0;;Colis?úo Transversal;Luz do Dia;Bom;Seca;Meio de Quadra;N?úo H?í Controle;Residencial;0;0;2;1;0;0;0;0;0;0;0;0;;
252007;5;6;2015;14:30;17951;RUA JOAQUIM ALBANO;RUA DRACON BARRETO;;0;;Colis?úo Lateral;Luz do Dia;Bom;Seca;Cruz;Sem?íforo Intermitente;Misto;0;0;2;1;0;0;0;0;0;0;0;0;-3,735122000000000;-38,578990000000000
252005;5;6;2015;21:30;24939;AV BEZERRA DE MENEZES;RUA CEL MOZART GONDIM;;0;;Colis?úo Lateral;Via Iluminada;Bom;Seca;Cruz;Sem?íforo;Comercial;0;1;2;1;0;0;0;0;0;1;0;0;-3,734449000000000;-38,558651000000000
252003;5;6;2015;12:30;0;AV DEP PAULINO ROCHA;;;0;;Colis?úo Lateral;Luz do Dia;Bom;Seca;Meio de Quadra;Pare;Comercial;0;0;2;1;0;0;1;0;0;0;0;0;;
251999;5;6;2015;15:00;0;AV CEL CARVALHO;;;2901;;Colis?úo Traseira;Luz do Dia;Bom;Seca;Meio de Quadra;N?úo H?í Controle;Misto;0;0;2;0;1;0;1;0;0;0;0;0;-3,728395000000000;-38,585031000000000
252000;5;6;2015;06:45;5436;RUA GAL CLARINDO DE QUEIROZ;RUA JAIME BENEVOLO;;0;;Colis?úo Transversal;Luz do Dia;Nublado;Seca;Cruz;Pare;Comercial;0;1;1;1;0;0;0;0;0;1;0;0;-3,734060000000000;-38,526017000000000
252024;5;6;2015;13:40;24441;AV LUCIANO CARNEIRO;RUA RAUL CABRAL;;0;;Colis?úo Traseira;Luz do Dia;Bom;Seca;Cruz;Pare;Residencial;0;1;1;1;0;0;1;0;0;0;0;0;-3,770842000000000;-38,538495000000000
252025;5;6;2015;03:00;5188;RUA NOGUEIRA ACIOLI;RUA TEN BENEVOLO;;0;;Colis?úo Transversal;Via Iluminada;Bom;Seca;Cruz;Pare;Comercial;0;1;1;1;0;0;0;0;0;1;0;0;-3,725858000000000;-38,515591000000000
252026;5;6;2015;18:25;0;AV AGUANAMBI;;;0;;Colis?úo Lateral;Via Iluminada;Bom;Seca;Meio de Quadra;Sem?íforo;Comercial;0;0;2;1;0;0;0;0;0;0;0;0;;
252027;5;6;2015;17:10;25029;AV CEL CARVALHO;RUA TEN ELIEZER COSTA;;0;;Colis?úo Transversal;;Bom;Seca;Cruz;Pare;Misto;0;1;1;1;0;0;0;0;0;1;0;0;-3,710718000000000;-38,589633000000000
252019;5;6;2015;17:40;15357;RUA LEONARDO MOTA;RUA PEREIRA VALENTE;;0;;Colis?úo Transversal;Via Iluminada;Bom;Seca;Cruz;Pare;Comercial;0;0;2;1;0;0;0;0;0;0;0;0;-3,732885000000000;-38,495134000000000
252020;5;6;2015;11:20;15435;RUA FREDERICO SEVERO;RUA FARIAS LEMOS;;0;;Colis?úo Lateral;;Bom;Seca;Cruz;;Residencial;0;0;2;1;0;0;0;0;0;0;0;0;-3,816836000000000;-38,492707000000000
252029;5;6;2015;09:00;792;RUA CAP VASCONCELOS D46;RUA TEN JAIME ANDRADE;;0;;Colis?úo Lateral;Luz do Dia;Bom;Seca;T;Pare;Comercial;0;0;2;1;0;0;0;0;0;0;0;0;-3,771671000000000;-38,515978000000000
252022;5;6;2015;07:00;21372;AV JOVITA FEITOSA;RUA JOSE SOMBRA;;0;;Colis?úo Traseira;Luz do Dia;Nublado;Seca;Cruz;Sem?íforo;Comercial;0;0;2;0;0;0;0;0;0;0;0;0;-3,737763000000000;-38,546301000000000
252032;5;6;2015;18:50;1302;RUA MARCOS MACEDO;RUA BARBOSA DE FREITAS;;0;;Colis?úo Lateral;Via Iluminada;Bom;Seca;Cruz;Pare;Comercial;0;0;2;1;0;0;1;0;0;0;0;0;-3,734569000000000;-38,496719000000000
252034;5;6;2015;15:45;5108;RUA SAO PAULO;RUA PRC ISABEL;;0;;Colis?úo Lateral;Luz do Dia;Bom;Seca;Cruz;Pare;Comercial;0;0;1;1;0;0;0;0;0;0;0;0;-3,723679000000000;-38,534619000000000
251987;5;6;2015;16:20;1302;RUA MARCOS MACEDO;RUA BARBOSA DE FREITAS;;0;;Colis?úo Transversal;Luz do Dia;Bom;Seca;Cruz;Pare;Comercial;0;0;2;1;0;0;0;0;0;0;0;0;-3,734569000000000;-38,496719000000000
251995;5;6;2015;19:40;12925;AV AGUANAMBI;AV DOMINGOS OLIMPIO;;0;;Colis?úo Lateral;Via Iluminada;Bom;Seca;Cruz;N?úo H?í Controle;Comercial;0;2;2;1;0;0;1;0;0;1;0;0;-3,738683000000000;-38,524628000000000
251996;5;6;2015;18:00;16971;RUA JOSE DUTRA;AV WENEFRIDO MELO;;0;;Colis?úo Traseira;Via Iluminada;Bom;Seca;T;Pare;Residencial;0;0;2;1;0;0;1;0;0;0;0;0;-3,811155000000000;-38,575417000000000
251997;5;6;2015;10:49;19437;AV DR SILAS MUNGUBA;RUA CASIMIRO DE ABREU;;0;;Colis?úo Lateral;Via Iluminada;Bom;Seca;T;Sem?íforo Intermitente;Misto;0;1;1;1;0;0;0;0;0;1;0;0;-3,779395000000000;-38,560637000000000
251992;5;6;2015;10:05;0;AV SANTOS DUMONT;;;0;;Colis?úo Transversal;Luz do Dia;Bom;Seca;Meio de Quadra;Sem?íforo;Comercial;0;0;2;1;1;0;0;0;0;0;0;0;;
251993;5;6;2015;09:20;0;RUA ILDEFONSO ALBANO;;;2100;;Colis?úo;Luz do Dia;Bom;Seca;Meio de Quadra;Sem?íforo;Comercial;0;0;2;1;0;0;0;0;0;0;0;0;-3,739182000000000;-38,515305000000000
251989;5;6;2015;17:40;0;AV BEZERRA DE MENEZES;;;2048;;Colis?úo Traseira;Via Iluminada;Bom;Seca;Meio de Quadra;N?úo H?í Controle;Comercial;0;0;3;1;0;0;0;0;0;0;0;0;-3,735412000000000;-38,563276000000000
251990;5;6;2015;14:00;7211;AV PRS CASTELO BRANCO;AV DR THEBERGE;;0;;Colis?úo Lateral;Luz do Dia;Bom;Seca;Cruz;Sem?íforo;Residencial;0;0;2;1;0;0;0;0;0;0;0;0;-3,710079000000000;-38,563456000000000
262596;5;6;2015;16:10;1538;AV PDE ANTONIO TOMAS;RUA LEONARDO MOTA;;0;;Colis?úo;Luz do Dia;;;Cruz;Sem?íforo;Comercial;0;0;3;1;0;0;0;0;0;0;0;0;-3,740811000000000;-38,497662000000000
262597;5;6;2015;18:38;0;RUA ADOLFO CAMINHA;;;0;;Colis?úo;;;;Meio de Quadra;;;0;0;2;1;0;0;0;0;0;1;0;0;;
262493;5;6;2015;11:53;0;AV BEZERRA DE MENEZES;;;0;;Colis?úo;Luz do Dia;;;Meio de Quadra;;;0;0;2;1;0;0;0;0;0;0;0;0;;
262478;5;6;2015;14:10;0;RUA RIO TOCANTINS;;;0;;Colis?úo;Luz do Dia;;;Meio de Quadra;;;0;1;1;1;0;0;0;0;0;1;0;0;;
262479;5;6;2015;15:39;0;AV MR HULL;;;0;;Colis?úo;Luz do Dia;;;Meio de Quadra;;;0;2;0;0;0;0;0;0;0;1;0;0;;
262480;5;6;2015;16:02;0;RUA JOSE CARLOS GURGEL NOGUEIRA;;;0;;Colis?úo;Luz do Dia;;;Meio de Quadra;;;0;2;0;0;0;0;0;0;0;1;0;0;;