COD_ACIDENTE;DIA;MES;ANO;HORA;INTERSECAO;LOG1;LOG2;LOG3;NUMERO;REFERENCIA;NATUREZA;ILUMINACAO;TEMPO;SUPERFICIEPISTA;TIPOCRUZAMENTO;CONTROLETRAFEGO;USOSOLO;MORTOS;FERIDOS;ILESOS;AUTOMOVEL;ONIBUS;BICICLETA;CAMINHAO;MICROONIBUS;CICLOMOTOR;MOTOCICLETA;TRACAOANIMAL;TREM;LATITUDE;LONGITUDE
262481;5;6;2015;16:14;0;AV JOSE LEON;;;0;;Colis?úo;Luz do Dia;;;Meio de Quadra;;;0;1;1;1;0;0;0;0;0;1;0;0;-3,787845000000000;-38,501711000000000
262482;5;6;2015;19:35;0;AV JOAO DE ARAUJO LIMA;;;0;;Atropelamento;;;;Meio de Quadra;;;0;1;1;1;0;0;0;0;0;0;0;0;-3,835058000000000;-38,561042000000000
262483;5;6;2015;23:09;0;AV J CJ JOSE WALTER;;;0;;Colis?úo;;;;Meio de Quadra;;;0;2;0;0;0;0;0;0;0;1;0;0;;
262470;5;6;2015;13:37;0;AV PRS CASTELO BRANCO;;;0;;Colis?úo;Luz do Dia;;;Meio de Quadra;;;0;1;1;0;0;0;0;0;0;1;0;0;;
262464;5;6;2015;10:55;3521;RUA VALERIA;RUA AMARO BANDEIRA;;0;;Colis?úo;Luz do Dia;;;;;;0;1;1;1;0;0;0;0;0;1;0;0;-3,822073000000000;-38,505282000000000
262465;5;6;2015;12:11;0;AV GAL OSORIO DE PAIVA;;;0;;Atropelamento;Luz do Dia;;;Meio de Quadra;;;0;1;1;0;0;0;0;0;0;1;0;0;-3,779137000000000;-38,572016000000000
262457;5;6;2015;00:26;0;RUA CAP JOAO FERREIRA LIMA;;;0;;Queda;;;;Meio de Quadra;;;0;1;0;0;0;0;0;0;0;1;0;0;;
262458;5;6;2015;03:20;0;AV ENG HUMBERTO MONTE;;;0;;Colis?úo;;;;Meio de Quadra;;;0;1;1;1;0;0;0;0;0;0;0;0;;
262459;5;6;2015;07:04;0;AV D CJ CEARA;;;0;;Colis?úo;Luz do Dia;;;Meio de Quadra;;;0;2;0;0;0;0;0;0;0;1;0;0;;
262460;5;6;2015;07:43;0;RUA FRANCISCO MATIAS;;;0;;Queda;Luz do Dia;;;Meio de Quadra;;;0;1;0;0;0;0;0;0;0;1;0;0;;
262461;5;6;2015;07:48;25107;RUA JOAQUIM ALBANO;RUA DEMETRIO MENEZES;;0;;Colis?úo;Luz do Dia;;;Duplo T;Pare;Comercial;0;1;1;1;0;0;0;0;0;1;0;0;-3,735910000000000;-38,584096000000000
262462;5;6;2015;10:55;0;AV SGT HERMINIO SAMPAIO;;;0;;Queda;Luz do Dia;;;Meio de Quadra;;;0;1;0;0;0;0;0;0;0;1;0;0;-3,724822000000000;-38,551994000000000
262484;6;6;2015;05:55;24212;RUA RENATO BRAGA;RUA OLIVEIRA FILHO;;0;;Queda;Amanhecer;;;Cruz;N?úo H?í Controle;Residencial;0;1;0;0;0;0;0;0;0;1;0;0;-3,732559000000000;-38,461183000000000
262494;6;6;2015;11:23;0;AV CEL CARVALHO;;;0;;Queda;Luz do Dia;;;Meio de Quadra;;;0;1;0;0;0;0;0;0;0;1;0;0;-3,703579000000000;-38,591521000000000
262495;6;6;2015;11:25;0;AV EDILSON B SOARES;;;0;;Colis?úo;Luz do Dia;;;Meio de Quadra;;;0;1;1;0;0;0;0;0;0;0;0;0;-3,789161000000000;-38,477198000000000
262496;6;6;2015;14:43;0;AV DOS EXPEDICIONARIOS;;;0;;Colis?úo;Luz do Dia;;;Meio de Quadra;;;0;1;1;0;0;0;0;0;0;0;0;0;;
262498;6;6;2015;16:59;0;RUA TERTULIANO SALES;;;0;;Atropelamento;Luz do Dia;;;Meio de Quadra;;;0;2;0;0;0;0;0;0;0;1;0;0;;
262499;6;6;2015;17:36;12849;RUA ASSUNCAO;RUA SALDANHA MARINHO;;0;;Colis?úo;Anoitecer;;;Cruz;Pare;Residencial;0;1;1;0;0;0;0;0;0;0;0;0;-3,742314000000000;-38,531231000000000
262500;6;6;2015;19:02;0;RUA COS LAFAYETE;;;0;;Colis?úo;;;;Meio de Quadra;;;0;1;1;0;0;0;0;0;0;0;0;0;-3,718037000000000;-38,582256000000000
262488;6;6;2015;09:08;0;AV ROGACIANO LEITE;;;0;;Colis?úo;Luz do Dia;;;Meio de Quadra;;;0;1;1;1;0;0;0;0;0;1;0;0;-3,778511000000000;-38,501132000000000
262486;6;6;2015;09:03;0;AV MAE LISBOA;;;2279;;Colis?úo;Luz do Dia;;;Meio de Quadra;;;0;1;0;1;0;0;0;0;0;1;0;0;-3,807236000000000;-38,459389000000000
262503;6;6;2015;19:26;0;RUA VALPARAISO;;;0;;Colis?úo;;;;Meio de Quadra;;;0;2;0;1;0;0;0;0;0;1;0;0;-3,842122000000000;-38,528347000000000
262505;6;6;2015;21:27;0;AV ODILON GUIMARAES;;;0;;Queda;;;;Meio de Quadra;;;0;1;0;0;0;0;0;0;0;1;0;0;-3,821309000000000;-38,476412000000000
252075;6;6;2015;03:00;0;AV JOSE SABOIA;;;908;;Colis?úo Traseira;Via Iluminada;Nublado;Molhada;Meio de Quadra;N?úo H?í Controle;Comercial;0;0;1;0;0;0;0;0;0;0;0;0;-3,718154000000000;-38,466047000000000
252078;6;6;2015;09:40;24293;RUA JULIO ABREU;RUA DELMIRO GOUVEIA;;0;;Colis?úo Transversal;Luz do Dia;Bom;Seca;Cruz;Pare;Comercial;0;1;1;1;1;0;0;0;0;0;0;0;-3,735900000000000;-38,488072000000000
252097;6;6;2015;13:00;0;AV PRS COSTA E SILVA;;;0;;Colis?úo Traseira;Luz do Dia;Bom;Seca;Meio de Quadra;Sem?íforo;Residencial;0;0;3;1;0;0;0;0;0;0;0;0;;
252098;6;6;2015;02:47;1463;RUA ILDEFONSO ALBANO;RUA ROCHA LIMA;;0;;Colis?úo Transversal;Via Iluminada;Chuva;Molhada;Cruz;Pare;Comercial;0;1;1;0;0;0;0;0;0;0;0;0;-3,738687000000000;-38,515157000000000
252082;6;6;2015;09:45;0;AV DR SILAS MUNGUBA;;;6070;;Colis?úo Traseira;Luz do Dia;Bom;Seca;Outros;N?úo H?í Controle;Comercial;0;1;1;1;0;0;0;0;0;1;0;0;-3,805396000000000;-38,526502000000000
252100;6;6;2015;07:50;9169;AV LUCIANO CARNEIRO;RUA DR ALFREDO WEYNE D14;;0;;Colis?úo Lateral;Luz do Dia;Nublado;Molhada;;Pare;Comercial;0;0;2;1;0;0;0;0;0;0;0;0;-3,754682000000000;-38,533556000000000
252101;6;6;2015;00:00;24970;AV ALM HENRIQUE SABOIA;RUA VICENTE LEITE;;0;;Colis?úo Traseira;Via Iluminada;Bom;Seca;Cruz;Pare;Residencial;0;0;3;1;0;0;0;0;0;0;0;0;-3,752102000000000;-38,499821000000000
252085;6;6;2015;07:30;10953;RUA ALM RUBIM;RUA DOM CARLOTO TAVORA;;0;;Colis?úo Transversal;Luz do Dia;Bom;Seca;Cruz;Pare;Comercial;0;1;1;1;0;0;0;0;0;1;0;0;-3,769820000000000;-38,556269000000000
252090;6;6;2015;17:48;0;AV PRS CASTELO BRANCO;;;2436;;Atropelamento;Anoitecer;Bom;Seca;Meio de Quadra;N?úo H?í Controle;Comercial;1;0;1;0;0;0;0;0;0;1;0;0;-3,713388000000000;-38,549676000000000
252091;6;6;2015;12:20;0;AV HERACLITO GRACA;;;1245;;Colis?úo Transversal;;Bom;Seca;Meio de Quadra;Outros;Comercial;0;0;2;1;0;0;0;0;0;0;0;0;-3,736822000000000;-38,514261000000000
252092;6;6;2015;12:45;19651;AV GAL OSORIO DE PAIVA;RUA AFRANIO PEIXOTO;;0;;Colis?úo;Luz do Dia;Bom;Seca;Duplo T;Sem?íforo;Comercial;0;2;1;0;0;0;0;0;0;1;0;0;-3,780072000000000;-38,573584000000000
252094;6;6;2015;08:40;15160;AV ABOLICAO;RUA SILVA PAULET;;0;;Colis?úo Frontal;Luz do Dia;Nublado;Molhada;Outros;Sem?íforo;Residencial;0;2;1;1;0;0;0;0;0;0;0;0;-3,725111000000000;-38,502412000000000
252113;6;6;2015;19:00;0;RUA PDE JOAO PIAMARTA;;;336;;Colis?úo Lateral;Via Iluminada;Bom;Seca;Meio de Quadra;N?úo H?í Controle;Residencial;0;0;2;0;0;0;1;0;0;1;0;0;-3,758148000000000;-38,541514000000000
252107;6;6;2015;15:20;8953;AV BEZERRA DE MENEZES;RUA TEOFILO GURGEL;;0;;Colis?úo Traseira;Luz do Dia;Bom;Seca;Duplo T;Pare;Comercial;0;1;1;1;0;0;0;0;0;1;0;0;-3,731856000000000;-38,546109000000000
252103;6;6;2015;15:00;0;RUA NUNES VALENTE;;;802;;Colis?úo Lateral;;;;Meio de Quadra;;;0;0;2;1;0;0;0;0;0;0;0;0;-3,730437000000000;-38,501881000000000
252111;6;6;2015;12:30;5692;AV DES GONZAGA;RUA MARGARIDA DE QUEIROZ;;0;;Colis?úo Transversal;Luz do Dia;Bom;Seca;;Pare;Comercial;0;0;2;1;0;0;0;0;0;0;0;0;-3,793168000000000;-38,501753000000000
262598;6;6;2015;22:52;25803;RUA DR HUGO ROCHA;RUA SAO ROQUE (ALVARO WEYNE);;0;;Colis?úo;;;;;;;0;0;2;1;1;0;0;0;0;0;0;0;;
252051;6;6;2015;14:45;7976;AV JOAO PESSOA;RUA MAJ WEYNE;;0;;Colis?úo Lateral;Luz do Dia;Bom;Seca;Cruz;;Comercial;0;1;1;0;1;0;0;0;0;1;0;0;-3,747841000000000;-38,545334000000000
252052;6;6;2015;19:00;23380;RUA NUNES VALENTE;RUA CAP TIBURCIO DA FROTA;;0;;Colis?úo Lateral;Via Iluminada;Bom;Seca;Cruz;Pare;Residencial;0;0;2;1;0;0;0;0;0;0;0;0;-3,754506000000000;-38,509109000000000
252054;6;6;2015;07:40;12849;RUA SALDANHA MARINHO;RUA ASSUNCAO;;0;;Colis?úo Transversal;Anoitecer;Bom;Seca;Cruz;Pare;Comercial;0;2;2;1;0;0;0;0;0;0;0;0;-3,742314000000000;-38,531231000000000
252041;6;6;2015;18:50;0;AV PRS COSTA E SILVA;;;151;;Colis?úo Traseira;Via Iluminada;Bom;Seca;Meio de Quadra;N?úo H?í Controle;Residencial;0;0;2;1;0;0;1;0;0;0;0;0;-3,823036000000000;-38,551861000000000
252043;6;6;2015;06:40;0;RUA AMADEU FURTADO;;;2252;;Colis?úo Traseira;Luz do Dia;Bom;Molhada;Meio de Quadra;N?úo H?í Controle;Residencial;0;1;3;1;0;0;0;0;0;0;0;0;;
252069;6;6;2015;15:20;5188;RUA TEN BENEVOLO;RUA NOGUEIRA ACIOLI;;0;;Colis?úo Transversal;Luz do Dia;Bom;Seca;Cruz;Pare;Residencial;0;3;0;1;0;0;0;0;0;0;0;0;-3,725858000000000;-38,515591000000000
252048;6;6;2015;12:30;9229;RUA MARIO MAMEDE;RUA MON LIBERATO;;0;;Colis?úo Lateral;Luz do Dia;Bom;Seca;T;N?úo H?í Controle;Comercial;0;0;2;1;0;0;0;0;0;0;0;0;-3,749814000000000;-38,530817000000000
252065;6;6;2015;10:30;0;RUA CASTRO E SILVA;;;651;;Colis?úo Lateral;Luz do Dia;Bom;Seca;Meio de Quadra;N?úo H?í Controle;Comercial;0;0;2;1;0;0;0;0;0;0;0;0;-3,722356000000000;-38,531690000000000
263475;6;6;2015;15:50;19317;RUA VENUS;RUA IGUAPE;;0;;Colis?úo;Luz do Dia;;;Cruz;Pare;Residencial;0;1;0;1;0;0;0;0;0;0;0;0;-3,775284000000000;-38,571076000000000
263477;6;6;2015;17:50;13173;AV L CJ JOSE WALTER;RUA 56 CJ JOSE WALTER;;0;;Colis?úo;Anoitecer;;;;;;0;1;0;1;0;0;0;0;0;1;0;0;-3,832260000000000;-38,557872000000000
267854;6;6;2015;02:46;0;AV A CJ CEARA;;;1350;;Colis?úo;;;;Meio de Quadra;;;0;0;2;0;0;0;0;0;0;0;0;0;-3,773218000000000;-38,605386000000000
267857;6;6;2015;14:10;0;RUA VIS CAUIPE;;;0;;Colis?úo;Luz do Dia;;;Meio de Quadra;;;0;0;2;0;0;0;0;0;0;0;0;0;;
267860;6;6;2015;15:04;0;RUA 104 CJ PASSARE;;;0;;Colis?úo;Luz do Dia;;;Meio de Quadra;;;0;0;2;0;0;0;0;0;0;0;0;0;;
267863;6;6;2015;15:21;0;RUA SOCORRO GOMES;;;503;;Colis?úo;Luz do Dia;;;Meio de Quadra;;;0;0;2;0;0;0;0;0;0;0;0;0;-3,835685000000000;-38,478626000000000
267864;6;6;2015;15:44;0;AV RAD JOSE LIMA VERDE;;;57;;Colis?úo;Luz do Dia;;;Meio de Quadra;;;0;0;2;0;0;0;0;0;0;0;0;0;;
267865;6;6;2015;16:16;0;RUA MAURO FREIRE;;;150;;Colis?úo;Luz do Dia;;;Meio de Quadra;;;0;0;2;0;0;0;0;0;0;0;0;0;;
267866;6;6;2015;17:51;0;AV ENG JOS?ë GUIMAR?âES;;;0;;Colis?úo;Anoitecer;;;Meio de Quadra;;;0;0;2;0;0;0;0;0;0;0;0;0;;
267868;6;6;2015;18:26;0;RUA DR HUGO ROCHA;;;0;;Colis?úo;Anoitecer;;;Meio de Quadra;;;0;0;2;0;0;0;0;0;0;0;0;0;;
267871;6;6;2015;18:56;0;AV GENIBAU;;;141;;Colis?úo;;;;Meio de Quadra;;;0;0;2;0;0;0;0;0;0;0;0;0;-3,761502000000000;-38,596313000000000
267873;6;6;2015;19:45;0;RUA NELSON COELHO;;;209;;Colis?úo;;;;Meio de Quadra;;;0;0;2;0;0;0;0;0;0;0;0;0;-3,827333000000000;-38,464112000000000
267878;6;6;2015;21:24;24407;RUA PRO VICENTE SILVEIRA;RUA VICENTE SPINDOLA;;0;;Colis?úo;;;;;;;0;0;2;0;0;0;0;0;0;0;0;0;-3,768816000000000;-38,539355000000000
267881;6;6;2015;21:33;0;RUA FREDERICO ANDRADE;;;280;;Colis?úo;;;;Meio de Quadra;;;0;0;2;0;0;0;0;0;0;0;0;0;-3,717548000000000;-38,565073000000000
267884;6;6;2015;21:52;0;AV DR SILAS MUNGUBA;;;0;;Colis?úo;;;;Meio de Quadra;;;0;0;2;0;0;0;0;0;0;0;0;0;;
267887;6;6;2015;22:34;26150;RUA CRISTAIS PAULISTA;RUA AMANCIO PEREIRA;;0;;Colis?úo;;;;Cruz;Pare;Comercial;0;0;2;0;0;0;0;0;0;0;0;0;-3,818428000000000;-38,523860000000000
252394;6;6;2015;15:00;0;RUA CESAR ROSSAS;;;43;;Colis?úo Transversal;Luz do Dia;Bom;Seca;Meio de Quadra;Sem?íforo;Misto;0;0;2;1;0;0;0;0;0;0;0;0;-3,768408000000000;-38,552119000000000
252395;6;6;2015;21:40;19389;RUA PERDIGAO DE OLIVEIRA;AV GAL OSORIO DE PAIVA;;0;;Colis?úo Transversal;Via Iluminada;Bom;Seca;Cruz;Pare;Comercial;0;1;1;0;0;0;1;0;0;1;0;0;-3,777906000000000;-38,570115000000000
267740;6;6;2015;18:30;0;AV N CJ JOSE WALTER;;;0;;;Anoitecer;;;Meio de Quadra;;;1;0;1;0;0;0;0;0;0;1;0;0;;
260784;7;6;2015;00:46;0;AV DR SILAS MUNGUBA;;;0;;Queda;;;;Meio de Quadra;;;0;1;0;0;0;0;0;0;0;1;0;0;;
267897;7;6;2015;00:17;17412;RUA BAR SOBRAL;RUA ALBERTO MAGNO;;0;;Colis?úo;;;;Cruz;Sem?íforo;Comercial;0;0;2;0;0;0;0;0;0;0;0;0;-3,767991000000000;-38,552417000000000
267905;7;6;2015;02:39;0;AV GAL OSORIO DE PAIVA;;;0;;Colis?úo;;;;Meio de Quadra;;;0;0;2;0;0;0;0;0;0;0;0;0;;
267906;7;6;2015;02:41;0;AV JOR THOMAZ COELHO;;;2257;;Choque c/ Obst?ículo Fixo;;;;Meio de Quadra;;;0;0;1;0;0;0;0;0;0;0;0;0;-3,828079000000000;-38,516075000000000
267907;7;6;2015;06:42;0;RUA JOAQUIM FELICIO;;;170;;Colis?úo;Luz do Dia;;;Meio de Quadra;;;0;0;2;0;0;0;0;0;0;0;0;0;-3,829775000000000;-38,493401000000000
267908;7;6;2015;16:13;0;AV GAL OSORIO DE PAIVA;;;3444;;Colis?úo;Luz do Dia;;;Meio de Quadra;;;0;0;2;0;0;0;0;0;0;0;0;0;-3,791328000000000;-38,589042000000000
267909;7;6;2015;16:49;0;RUA SOUSA PINTO;;;0;;Atropelamento;Luz do Dia;;;Meio de Quadra;;;0;0;2;0;0;0;0;0;0;0;0;0;;
267910;7;6;2015;17:42;0;RUA NATAL;;;748;;Colis?úo;Anoitecer;;;Meio de Quadra;;;0;0;2;0;0;0;0;0;0;0;0;0;-3,761346000000000;-38,591965000000000
267899;7;6;2015;01:30;0;AV SEN FERNANDES TAVORA;;;594;;Colis?úo;;;;Meio de Quadra;;;0;0;2;0;0;0;0;0;0;0;0;0;-3,764720000000000;-38,577416000000000
267900;7;6;2015;01:48;23002;RUA VILA RICA;RUA PRA HELOISA F LIMA;;0;;Choque c/ Obst?ículo Fixo;;;;Cruz;Pare;Outros;0;0;1;0;0;0;0;0;0;0;0;0;-3,787573000000000;-38,545724000000000
267902;7;6;2015;02:10;9236;RUA DR RATISBONA;RUA GRACILIANO RAMOS;;0;;Colis?úo;;;;Cruz;Pare;Residencial;0;0;2;0;0;0;0;0;0;0;0;0;-3,754038000000000;-38,529613000000000
267903;7;6;2015;02:10;0;RUA DOM SEBASTIAO LEME;;;477;;Colis?úo;;;;Meio de Quadra;;;0;0;2;0;0;0;0;0;0;0;0;0;-3,745749000000000;-38,526322000000000
268034;7;6;2015;18:39;0;RUA SAO JOAO UI 803;;;20;;Colis?úo;;;;Meio de Quadra;;;0;0;2;0;0;0;0;0;0;0;0;0;-3,724513000000000;-38,603537000000000
268035;7;6;2015;18:42;0;RUA SALGADO FILHO;;;734;;Choque c/ Obst?ículo Fixo;;;;Meio de Quadra;;;0;0;2;0;0;0;0;0;0;0;0;0;-3,743567000000000;-38,594856000000000
268036;7;6;2015;19:42;3242;RUA PRIMEIRO DE MAIO D34;RUA JOSE ARISTOTELES GONDIM;;0;;Colis?úo;;;;Cruz;Pare;Residencial;0;0;2;0;0;0;0;0;0;0;0;0;-3,783524000000000;-38,586280000000000
268038;7;6;2015;20:09;0;AV JOSE BASTOS;;;2771;;Queda;;;;Meio de Quadra;;;0;0;1;0;0;0;0;0;0;1;0;0;;
268039;7;6;2015;20:40;0;RUA STA LUCRECIA;;;981;;Colis?úo;;;;Meio de Quadra;;;0;0;2;0;0;0;0;0;0;0;0;0;;
268040;7;6;2015;21:39;0;AV AGUANAMBI;;;0;;Colis?úo;;;;Meio de Quadra;;;0;0;2;0;0;0;0;0;0;0;0;0;;
268041;7;6;2015;21:40;1238;RUA ILDEFONSO ALBANO;AV SANTOS DUMONT;;0;;Queda;;;;Cruz;Sem?íforo;Comercial;0;0;1;0;0;0;0;0;0;1;0;0;-3,731565000000000;-38,512669000000000
268043;7;6;2015;22:09;10475;AV SEN FERNANDES TAVORA;RUA HUMAITA D73;;0;;Colis?úo;;;;Cruz;Pare;Comercial;0;0;2;0;0;0;0;0;0;0;0;0;-3,754880000000000;-38,599578000000000
268044;7;6;2015;22:11;0;AV DR SILAS MUNGUBA;;;0;;Colis?úo;;;;Meio de Quadra;;;0;0;2;0;0;0;0;0;0;0;0;0;;
268045;7;6;2015;23:31;1260;RUA JOSE VILAR;RUA COSTA BARROS;;0;;Colis?úo;;;;Cruz;Sem?íforo;Comercial;0;0;2;0;0;0;0;0;0;0;0;0;-3,732908000000000;-38,503746000000000
263486;7;6;2015;03:20;12660;RUA CARNAUBAL;RUA OTAVIO PARANHOS;;0;;Choque c/ Obst?ículo Fixo;;;;;;;0;1;0;0;0;0;0;0;0;0;0;0;-3,722252000000000;-38,586104000000000
263483;7;6;2015;02:20;0;RUA NUNES FEIJO;;;1008;;Colis?úo;;;;Meio de Quadra;;;0;1;0;1;0;0;0;0;0;1;0;0;-3,847490000000000;-38,503801000000000
263489;7;6;2015;21:00;0;AV NORTE SUL;;;0;;Colis?úo Lateral;;;;Meio de Quadra;;;0;1;0;0;0;0;0;0;0;0;0;0;;
259341;7;6;2015;19:25;0;RD CE-040;;;0;KM-09;Colis?úo;Luz do Dia;Bom;Seca;Meio de Quadra;;;0;1;1;0;0;1;0;0;0;0;0;0;-3,824774000000000;-38,481431000000000
252067;7;6;2015;;0;AV SAUDADE D68;;;900;ZOOL?ôGICO;Colis?úo Transversal;Anoitecer;Bom;Seca;Meio de Quadra;N?úo H?í Controle;Residencial;0;1;1;1;0;0;1;0;0;0;0;0;-3,823487000000000;-38,541837000000000
252049;7;6;2015;19:00;0;AV ENG LEAL LIMA VERDE (SAPIRANGA/COITE);;;1422;;Colis?úo Transversal;Via Iluminada;Bom;Seca;Meio de Quadra;N?úo H?í Controle;Residencial;0;0;2;1;0;0;0;0;0;0;0;0;-3,802451000000000;-38,475106000000000
252050;7;6;2015;22:00;7396;RUA PRO EDGAR DE ARRUDA;RUA EURICO MEDINA;;0;;Colis?úo Transversal;Via Iluminada;Bom;Seca;Cruz;Pare;Misto;0;1;1;1;0;0;0;0;0;1;0;0;-3,757814000000000;-38,585584000000000
252057;7;6;2015;17:30;20042;AV PRS JUSCELINO KUBITSCHEK (PASSAR?ë);AV DEP PAULINO ROCHA;;0;;Colis?úo Traseira;Luz do Dia;Bom;Seca;Rotat??ria;N?úo H?í Controle;Residencial;0;0;2;1;0;0;0;0;0;0;0;0;-3,807229000000000;-38,524782000000000
252058;7;6;2015;08:00;5051;RUA SEN POMPEU;RUA SEN JAGUARIBE;;0;;Colis?úo Transversal;Luz do Dia;Bom;Seca;Cruz;Pare;Misto;0;0;2;1;0;0;0;0;0;0;0;0;-3,721667000000000;-38,528055000000000
252060;7;6;2015;16:00;0;RUA OSCAR ARARIPE;;;0;;Colis?úo Traseira;Luz do Dia;Bom;Seca;Meio de Quadra;N?úo H?í Controle;Comercial;0;0;2;1;0;0;0;0;0;0;0;0;;
252061;7;6;2015;15:30;19155;RUA JULIO AZEVEDO;RUA PEREIRA DE MIRANDA;;0;;Colis?úo Transversal;Luz do Dia;Bom;Seca;Cruz;Pare;Residencial;0;2;1;1;0;0;0;0;0;1;0;0;-3,740205000000000;-38,480558000000000
252055;7;6;2015;07:00;0;RUA EMILIO DE MENESES;;;0;;Colis?úo;Luz do Dia;Nublado;Seca;Meio de Quadra;Pare;Residencial;0;3;0;1;0;0;0;0;0;1;0;0;-3,780962000000000;-38,590205000000000
252047;7;6;2015;14:45;17453;RUA DES PRAXEDES;AV JOSE DO PATROCINIO;;0;;Colis?úo Transversal;Luz do Dia;Bom;Seca;Cruz;Pare;Residencial;0;0;2;1;0;0;0;0;0;0;0;0;-3,762794000000000;-38,543752000000000
262599;7;6;2015;03:31;0;RUA DOM SEBASTIAO LEME;;;0;;Colis?úo;;;;Meio de Quadra;;;0;0;3;1;0;0;0;0;0;0;0;0;;
262600;7;6;2015;20:24;22937;AV DR SILAS MUNGUBA;RUA GOV JOAO CARLOS;;0;;Colis?úo;;;;T;Sem?íforo;Comercial;0;0;2;1;0;0;0;0;0;1;0;0;-3,783950000000000;-38,553910000000000
262601;7;6;2015;22:17;0;AV AGUANAMBI;;;0;;Colis?úo;;;;Meio de Quadra;;;0;0;2;1;0;0;0;0;0;0;0;0;;
262508;7;6;2015;01:17;0;AV SEN FERNANDES TAVORA;;;0;;Colis?úo;;;;Meio de Quadra;;;0;1;1;1;0;0;0;0;0;1;0;0;-3,764720000000000;-38,577416000000000
262509;7;6;2015;01:33;0;RUA PRA HELOISA F LIMA;;;0;;Choque c/ Obst?ículo Fixo;;;;Meio de Quadra;;;0;1;0;1;0;0;0;0;0;0;0;0;-3,787070000000000;-38,545580000000000
262510;7;6;2015;02:56;17310;RUA ALBERTO MAGNO;RUA ALVARO FERNANDES;;0;;Colis?úo;;;;Cruz;Sem?íforo;Comercial;0;0;2;1;0;0;0;0;0;1;0;0;-3,764244000000000;-38,549422000000000
262511;7;6;2015;03:32;0;AV CEL CARVALHO;;;0;;Queda;;;;Meio de Quadra;;;0;1;0;0;0;0;0;0;0;1;0;0;;
262512;7;6;2015;09:54;0;RUA 860 CJ CEARA;;;0;;Queda;Luz do Dia;;;Meio de Quadra;;;0;1;0;0;0;0;0;0;0;1;0;0;;
262513;7;6;2015;10:33;0;RUA PRO HERIBALDO COSTA;;;0;;Colis?úo;Luz do Dia;;;Meio de Quadra;;;0;2;0;0;0;0;0;0;0;1;0;0;;
262514;7;6;2015;11:52;0;RUA PEDRO MELO;;;0;;Colis?úo;Luz do Dia;;;Meio de Quadra;;;0;1;1;0;0;0;0;0;0;0;0;0;;
262515;7;6;2015;15:27;25019;RUA TEODOMIRO DE CASTRO;RUA DNA MENDINHA;;0;;Colis?úo;Luz do Dia;;;Cruz;N?úo H?í Controle;Residencial;0;1;1;1;0;0;0;0;0;1;0;0;-3,718209000000000;-38,573357000000000
262516;7;6;2015;18:12;0;AV DOM LUIS;;;0;;Atropelamento;Anoitecer;;;Meio de Quadra;;;0;1;1;1;0;0;0;0;0;0;0;0;-3,734637000000000;-38,493109000000000
262517;7;6;2015;19:11;0;RUA VERBENA;;;0;;Queda;;;;Meio de Quadra;;;0;1;0;0;0;0;0;0;0;1;0;0;-3,783319000000000;-38,589385000000000
262518;7;6;2015;19:19;0;AV WASHINGTON SOARES;;;0;;Colis?úo;;;;Meio de Quadra;;;0;1;1;1;0;1;0;0;0;0;0;0;-3,830219000000000;-38,482314000000000
262519;7;6;2015;19:23;0;AV JOSE BASTOS;;;0;;Queda;;;;Meio de Quadra;;;0;1;0;0;0;0;0;0;0;1;0;0;;
262520;7;6;2015;20:14;0;RUA CEL MATOS DOURADO;;;0;;Colis?úo;;;;Meio de Quadra;;;0;1;1;1;0;0;0;0;0;1;0;0;;
262785;7;6;2015;10:00;19662;RUA GUSTAVO SAMPAIO;RUA PRO NOGUEIRA;;0;;Colis?úo;Luz do Dia;Bom;Seca;Cruz;Pare;Misto;0;0;3;1;0;0;0;0;0;0;0;0;-3,733875000000000;-38,549740000000000
252079;7;6;2015;21:00;6756;AV ENG SANTANA JUNIOR;AV ANTONIO SALES;;0;;Colis?úo Lateral;;Bom;Seca;Cruz;Outros;Misto;0;0;2;1;0;0;0;0;0;0;0;0;-3,749257000000000;-38,490039000000000
252076;7;6;2015;13:30;17427;RUA AQUILES BORIS;RUA PERU;;0;;Engavetamento;Luz do Dia;;Seca;Cruz;Sem?íforo;;0;0;3;1;0;0;0;0;0;0;0;0;-3,768524000000000;-38,549523000000000
252077;7;6;2015;12:00;13592;AV PONTES VIEIRA;RUA PRO CARVALHO;;0;;Colis?úo Traseira;Luz do Dia;Bom;Seca;Cruz;Sem?íforo;Misto;0;0;2;1;0;0;0;0;0;0;0;0;-3,752890000000000;-38,514949000000000
252073;7;6;2015;14:15;3767;AV IMPERADOR;AV DOMINGOS OLIMPIO;;0;;Colis?úo Lateral;Luz do Dia;Bom;Seca;Cruz;Sem?íforo;Misto;0;0;2;1;0;0;0;0;0;1;0;0;-3,734790000000000;-38,536697000000000
252074;7;6;2015;13:39;738;AV FRANCISCO SA;RUA DNA MENDINHA;;0;;Colis?úo Transversal;Luz do Dia;Bom;Seca;Cruz;Pare;Misto;0;1;1;0;1;0;0;0;0;1;0;0;-3,712666000000000;-38,571238000000000
252071;7;6;2015;18:30;20042;AV PRS JUSCELINO KUBITSCHEK (PASSAR?ë);AV DEP PAULINO ROCHA;;0;;Colis?úo Traseira;Anoitecer;Bom;Seca;Rotat??ria;N?úo H?í Controle;Residencial;0;0;2;1;0;0;0;0;0;0;0;0;-3,807229000000000;-38,524782000000000