COD_ACIDENTE;DIA;MES;ANO;HORA;INTERSECAO;LOG1;LOG2;LOG3;NUMERO;REFERENCIA;NATUREZA;ILUMINACAO;TEMPO;SUPERFICIEPISTA;TIPOCRUZAMENTO;CONTROLETRAFEGO;USOSOLO;MORTOS;FERIDOS;ILESOS;AUTOMOVEL;ONIBUS;BICICLETA;CAMINHAO;MICROONIBUS;CICLOMOTOR;MOTOCICLETA;TRACAOANIMAL;TREM;LATITUDE;LONGITUDE
252080;8;6;2015;09:36;15283;RUA PEREIRA FILGUEIRAS;RUA BAR ARACATI;;0;;Colis?úo Transversal;Luz do Dia;Bom;Seca;Cruz;Pare;Misto;0;1;1;1;0;0;0;0;0;1;0;0;-3,729076000000000;-38,510707000000000
252081;8;6;2015;09:20;22176;AV JOSE BASTOS;AV ENG HUMBERTO MONTE;;0;;Engavetamento;Luz do Dia;Bom;Seca;T;Sem?íforo;Comercial;0;0;4;1;0;0;0;0;0;0;0;0;-3,754966000000000;-38,555455000000000
252112;8;6;2015;12:30;24988;RUA FRE MANSUETO;RUA TAVARES COUTINHO;;0;;Colis?úo Lateral;;Bom;Seca;Cruz;Sem?íforo;Comercial;0;1;0;0;1;0;0;0;0;1;0;0;-3,732638000000000;-38,488784000000000
252104;8;6;2015;21:30;0;AV TRISTAO GONCALVES;;;0;;Colis?úo Transversal;Via Iluminada;Bom;Seca;Meio de Quadra;Sem?íforo;Comercial;0;0;2;1;0;0;0;0;0;0;0;0;;
252106;8;6;2015;23:00;15437;AV FRE CIRILO;RUA HOMEM DE MELO;;0;;Colis?úo Lateral;Via Iluminada;Bom;Seca;Cruz;N?úo H?í Controle;Comercial;0;0;2;1;0;0;0;0;0;0;0;0;-3,817039000000000;-38,497528000000000
252108;8;6;2015;07:20;3844;RUA JOAO GENTIL;RUA ADOLFO HERBSTER;;0;;Colis?úo Transversal;Luz do Dia;Chuva;Molhada;Cruz;Pare;Residencial;0;0;2;1;0;0;0;0;0;0;0;0;-3,745475000000000;-38,539577000000000
252109;8;6;2015;18:00;22100;AV JOSE BASTOS;RUA ANTONIO MARTINS;;0;;Colis?úo Lateral;Via Iluminada;Bom;Seca;T;Pare;Residencial;0;1;1;0;1;0;0;0;0;0;0;0;-3,753653000000000;-38,554113000000000
252110;8;6;2015;16:30;0;AV PRS CASTELO BRANCO;;;2533;;Colis?úo Traseira;Via Iluminada;Bom;Seca;Meio de Quadra;Outros;Residencial;0;0;2;1;0;0;1;0;0;0;0;0;;
252114;8;6;2015;14:00;4087;AV FRANCISCO SA;RUA LUCAS PINTO;;0;;Colis?úo Lateral;Luz do Dia;Bom;Seca;Cruz;N?úo H?í Controle;Comercial;0;0;2;0;0;0;1;0;0;0;0;0;-3,716763000000000;-38,559268000000000
252115;8;6;2015;10:00;5460;AV HERACLITO GRACA;RUA NOGUEIRA ACIOLI;;0;;Colis?úo Traseira;Luz do Dia;Bom;Seca;Cruz;Sem?íforo;Comercial;0;0;2;1;0;0;0;0;0;0;0;0;-3,735440000000000;-38,518518000000000
252116;8;6;2015;;23344;RUA EDUARDO BEZERRA;RUA NUNES VALENTE;;0;;Colis?úo Transversal;Luz do Dia;Bom;Seca;Cruz;Pare;Residencial;0;0;2;1;0;0;0;0;0;0;0;0;-3,753429000000000;-38,509234000000000
252117;8;6;2015;08:40;19935;RUA FRANCISCO LORDA;RUA JORGE ACURCIO;;0;;Colis?úo Lateral;Luz do Dia;Chuva;Seca;Cruz;Pare;Residencial;0;1;1;0;0;0;1;0;0;1;0;0;-3,762325000000000;-38,530533000000000
252122;8;6;2015;15:15;0;AV GOV RAUL BARBOSA;;;5460;;Colis?úo Traseira;Luz do Dia;Bom;Seca;Meio de Quadra;N?úo H?í Controle;Residencial;0;0;2;1;0;0;0;0;0;0;0;0;-3,767316000000000;-38,509270000000000
252119;8;6;2015;17:30;13478;RUA ILDEFONSO ALBANO;RUA PINHO PESSOA;;0;;Colis?úo Transversal;Anoitecer;Bom;Seca;Cruz;Pare;Residencial;0;1;1;1;0;0;0;0;0;1;0;0;-3,744667000000000;-38,517011000000000
252120;8;6;2015;12:15;7849;RUA JOSE VILAR;RUA FRANCISCO HOLANDA;;0;;Colis?úo Transversal;Luz do Dia;Bom;Seca;Cruz;Pare;Residencial;0;1;1;1;0;0;0;0;0;1;0;0;-3,747448000000000;-38,508441000000000
252086;8;6;2015;18:50;15360;AV DOM LUIS;AV DES MOREIRA;;0;;Colis?úo Lateral;Via Iluminada;Bom;Seca;Rotat??ria;Outros;Comercial;0;0;2;1;1;0;0;0;0;0;0;0;-3,733239000000000;-38,497383000000000
252087;8;6;2015;07:10;8096;AV DOS EXPEDICIONARIOS;TR JOSE PEDRA D44;;0;;Colis?úo Transversal;Luz do Dia;Bom;Molhada;T;Pare;Comercial;0;1;1;0;1;0;0;0;0;1;0;0;;
252088;8;6;2015;19:30;0;AV BAR STUDART;;;1127;;Outros;Via Iluminada;Bom;Seca;Meio de Quadra;N?úo H?í Controle;Comercial;0;0;3;1;0;0;0;0;0;0;0;0;-3,734613000000000;-38,506628000000000
252089;8;6;2015;17:20;17513;RUA MANUEL JACARE;AV ABOLICAO;;0;;Colis?úo Lateral;Anoitecer;Bom;Seca;Cruz;Pare;Residencial;0;0;2;1;0;0;0;0;0;0;0;0;-3,726087000000000;-38,487572000000000
252102;8;6;2015;20:30;15144;AV MON TABOSA;AV RUI BARBOSA;;0;;Colis?úo Lateral;Via Iluminada;Bom;Seca;Cruz;Pare;Comercial;0;0;2;1;0;0;0;0;0;0;0;0;-3,724441000000000;-38,505696000000000
252083;8;6;2015;15:50;1322;AV DOM LUIS;RUA VICENTE LEITE;;0;;Engavetamento;Luz do Dia;Bom;Seca;Cruz;Sem?íforo;Comercial;0;0;2;1;0;0;0;0;0;0;0;0;-3,734197000000000;-38,494467000000000
252084;8;6;2015;19:50;0;AV PRS CASTELO BRANCO;;;2426;;Colis?úo Lateral;Via Iluminada;Bom;Seca;Meio de Quadra;N?úo H?í Controle;Residencial;0;0;2;1;0;0;1;0;0;0;0;0;-3,713413000000000;-38,549590000000000
252130;8;6;2015;08:40;0;RUA ANDRADE FURTADO;;;0;;Colis?úo Transversal;Luz do Dia;;Seca;Meio de Quadra;Pare;Misto;0;0;2;1;1;0;0;0;0;0;0;0;;
252128;8;6;2015;20:15;1276;RUA CARLOS VASCONCELOS;RUA PDE LUIS FIGUEIRA;;0;;Colis?úo Lateral;Via Iluminada;Bom;Seca;Duplo T;Pare;Residencial;0;0;2;1;0;0;0;0;0;0;0;0;-3,733509000000000;-38,510962000000000
262544;8;6;2015;20:44;0;AV RAD JOSE LIMA VERDE;;;0;;Queda;;;;Meio de Quadra;;;0;1;0;0;0;0;0;0;0;1;0;0;;
262521;8;6;2015;01:56;0;AV DOS EXPEDICIONARIOS;;;3824;;Atropelamento;;;;Meio de Quadra;;;0;1;1;1;0;0;0;0;0;0;0;0;-3,751921000000000;-38,537226000000000
262522;8;6;2015;03:43;0;AV ENG HUMBERTO MONTE;;;0;;Atropelamento;;;;Meio de Quadra;;;0;1;1;1;0;0;0;0;0;0;0;0;-3,745988000000000;-38,563106000000000
262523;8;6;2015;05:48;0;AV GODOFREDO MACIEL;;;0;;Colis?úo;Amanhecer;;;Meio de Quadra;;;0;1;0;1;0;0;0;0;0;0;0;0;-3,782642000000000;-38,565647000000000
262524;8;6;2015;07:22;10936;RUA ELCIAS LOPES;RUA ZACARIAS GONDIM;;0;;Colis?úo;Luz do Dia;;;;;;0;1;1;1;0;1;0;0;0;0;0;0;-3,769876000000000;-38,559103000000000
262525;8;6;2015;07:30;0;RUA BERNARDO MANUEL;;;0;;Colis?úo;Luz do Dia;;;Meio de Quadra;;;0;0;2;0;0;0;0;0;0;0;0;0;;
262526;8;6;2015;07:34;0;RUA MANUEL TEOFILO;;;0;;Colis?úo;Luz do Dia;;;Meio de Quadra;;;0;1;1;1;0;0;0;0;0;1;0;0;;
262527;8;6;2015;08:04;0;AV BEZERRA DE MENEZES;;;0;;Queda;Luz do Dia;;;Meio de Quadra;;;0;1;0;0;0;0;0;0;0;1;0;0;-3,732209000000000;-38,547792000000000
262528;8;6;2015;14:59;0;RUA CEL ALVES TEIXEIRA;;;0;;Colis?úo;Luz do Dia;;;Meio de Quadra;;;0;1;1;1;0;0;0;0;0;1;0;0;;
262529;8;6;2015;15:18;0;RUA MARIA GOMES DE SA;;;0;;Colis?úo;Luz do Dia;;;Meio de Quadra;;;0;1;1;1;0;0;0;0;0;1;0;0;;
262530;8;6;2015;16:24;0;RUA PDE PERDIGAO SAMPAIO;;;0;;Colis?úo;Luz do Dia;;;Meio de Quadra;;;0;0;2;1;0;0;0;0;0;1;0;0;;
262531;8;6;2015;17:15;0;AV DEP PAULINO ROCHA;;;0;;Colis?úo;Anoitecer;;;Meio de Quadra;;;0;1;1;1;0;0;0;0;0;1;0;0;;
262554;8;6;2015;21:34;0;AV CANDIDO PORTINARI;;;0;;Colis?úo;;;;Meio de Quadra;;;0;1;1;1;0;0;0;0;0;1;0;0;-3,801720000000000;-38,483802000000000
262555;8;6;2015;21:35;19328;RUA CON DE CASTRO;RUA EDUARDO PERDIGAO;;0;;Colis?úo;;;;Cruz;N?úo H?í Controle;Comercial;0;1;1;0;0;0;1;0;0;1;0;0;-3,775579000000000;-38,564769000000000
262556;8;6;2015;22:09;0;AV CARNEIRO DE MENDONCA;;;0;;Colis?úo;;;;Meio de Quadra;;;0;1;1;1;0;0;0;0;0;1;0;0;;
262535;8;6;2015;17:17;0;AV JOAO PESSOA;;;5831;;Colis?úo;Anoitecer;;;Meio de Quadra;;;0;1;1;0;1;0;0;0;0;1;0;0;-3,761596000000000;-38,557444000000000
262602;8;6;2015;00:18;0;RUA COSTA BARROS;;;0;;Colis?úo;;;;Meio de Quadra;;;0;0;2;1;0;0;0;0;0;0;0;0;;
262603;8;6;2015;11:56;0;AV WASHINGTON SOARES;;;0;;Colis?úo;Luz do Dia;;;Meio de Quadra;;;0;0;2;1;1;0;0;0;0;0;0;0;;
262619;8;6;2015;23:40;19328;RUA EDUARDO PERDIGAO;RUA CON DE CASTRO;;0;;Colis?úo;;;;Cruz;N?úo H?í Controle;Comercial;0;0;2;1;0;0;0;0;0;0;0;0;-3,775579000000000;-38,564769000000000
259345;8;6;2015;07:00;0;AV SEN CARLOS JEREISSATI (AEROPORTO);;;0;;Colis?úo;Luz do Dia;;Seca;Meio de Quadra;;;0;0;2;1;0;0;1;0;0;0;0;0;;
259351;8;6;2015;13:00;0;RD CE-040;;;0;KM-03;Colis?úo;Luz do Dia;;Seca;Meio de Quadra;;;0;0;4;1;0;0;0;0;0;0;0;0;-3,783185000000000;-38,481014000000000
263617;8;6;2015;20:30;0;RUA DR JOSE LOURENCO;;;0;;Colis?úo;;;;Meio de Quadra;;;0;1;0;1;0;0;0;0;0;1;0;0;;
263610;8;6;2015;03:30;0;AV JOSE LEON;;;1256;;Colis?úo;;;;Meio de Quadra;;;0;1;0;1;0;0;0;0;1;0;0;0;-3,788399000000000;-38,499515000000000
268046;8;6;2015;16:51;19828;RUA TIP SALES;RUA FRECHEIRINHA;;0;;Colis?úo;Luz do Dia;;;;;;0;0;2;0;0;0;0;0;0;0;0;0;-3,740830000000000;-38,564130000000000
268048;8;6;2015;22:11;12496;AV CARNEIRO DE MENDONCA;AV LINEU MACHADO;;0;;Colis?úo;;;;T;Sem?íforo;Comercial;0;0;2;0;0;0;0;0;0;0;0;0;-3,760403000000000;-38,574021000000000
268049;8;6;2015;22:52;12654;RUA ERETIDES ALENCAR;AV MAJ ASSIS;;0;;Colis?úo;;;;Cruz;N?úo H?í Controle;Residencial;0;0;2;0;0;0;0;0;0;0;0;0;-3,724131000000000;-38,582691000000000
259036;8;6;2015;10:00;0;RD BR 222;;;0;KM-02;Colis?úo Traseira;Luz do Dia;Bom;Seca;Meio de Quadra;N?úo H?í Controle;Comercial;0;0;2;1;0;0;0;0;0;0;0;0;-3,738951000000000;-38,586880000000000
259002;9;6;2015;10:15;0;RD BR 116;;;8000;KM-08;Colis?úo;Luz do Dia;Bom;Seca;Meio de Quadra;N?úo H?í Controle;Comercial;0;1;1;1;0;1;0;0;0;0;0;0;-3,822018000000000;-38,503269000000000
259003;9;6;2015;15:35;0;RD BR 116;;;7000;KM-07;Choque c/ Obst?ículo Fixo;Luz do Dia;Bom;Seca;Meio de Quadra;N?úo H?í Controle;Comercial;0;0;1;0;0;0;1;0;0;0;0;0;-3,813246000000000;-38,501101000000000
268050;9;6;2015;11:11;0;RUA PRO RAIMUNDO ARRUDA;;;22;;Colis?úo;Luz do Dia;;;Meio de Quadra;;;0;0;2;0;0;0;0;0;0;0;0;0;-3,733360000000000;-38,552103000000000
268051;9;6;2015;11:12;0;RUA D CJ VILA VELHA;;;1240;;Colis?úo;Luz do Dia;;;Meio de Quadra;;;0;0;2;0;0;0;0;0;0;0;0;0;;
268052;9;6;2015;16:49;3969;RUA PRO COSTA MENDES;RUA FRE ORLANDO;;0;;Colis?úo;Luz do Dia;;;Cruz;Pare;Comercial;0;0;2;0;0;0;0;0;0;0;0;0;-3,755259000000000;-38,546297000000000
268053;9;6;2015;17:57;0;RUA MARIA TOMASIA;;;900;;Colis?úo;Anoitecer;;;Meio de Quadra;;;0;0;2;0;0;0;0;0;0;0;0;0;-3,736510000000000;-38,494055000000000
268054;9;6;2015;18:00;0;RUA NUNES FEIJO;;;1614;;Choque c/ Obst?ículo Fixo;Anoitecer;;;Meio de Quadra;;;0;0;1;0;0;0;0;0;0;0;0;0;-3,845541000000000;-38,508831000000000
267810;9;6;2015;18:48;0;AV CASTELO DE CASTRO;;;0;;Colis?úo;;;;Meio de Quadra;;;0;1;1;1;0;0;0;0;0;1;0;0;;
267808;9;6;2015;18:42;19664;RUA GUSTAVO SAMPAIO;RUA PRO JOSE DE BARCELOS;;0;;Colis?úo;;;;Cruz;Pare;Residencial;0;1;1;1;0;0;0;0;0;1;0;0;-3,734101000000000;-38,550829000000000
259357;9;6;2015;10:25;0;RD CE-040;;;0;KM-08;Colis?úo;Luz do Dia;;Molhada;Meio de Quadra;;;0;0;2;0;0;0;0;0;0;1;0;0;-3,823332000000000;-38,481317000000000
259358;9;6;2015;14:27;0;RD CE-040;;;0;KM-02;Colis?úo;Luz do Dia;;Molhada;Meio de Quadra;;;0;1;1;0;0;0;0;0;0;1;0;0;-3,776479000000000;-38,481598000000000
262590;9;6;2015;19:17;0;RUA ARTUR DE CARVALHO;;;0;;Colis?úo;;;;Meio de Quadra;;;0;1;1;1;0;0;0;0;0;1;0;0;;
262591;9;6;2015;19:22;0;AV CEL CARVALHO;;;0;;Colis?úo;;;;Meio de Quadra;;;0;1;1;0;0;0;0;0;0;0;0;0;;
262593;9;6;2015;21:27;0;AV DR SILAS MUNGUBA;;;0;;Queda;;;;Meio de Quadra;;;0;1;0;0;0;0;0;0;0;1;0;0;-3,791270000000000;-38,537743000000000
262594;9;6;2015;21:56;0;AV PERIMETRAL;;;0;;Atropelamento;;;;Meio de Quadra;;;0;1;1;0;0;0;0;0;0;0;0;0;;
262586;9;6;2015;18:55;0;RUA BAR RIO BRANCO;;;0;;Atropelamento;;;;Meio de Quadra;;;0;1;0;0;0;0;0;0;0;1;0;0;;
262584;9;6;2015;18:36;0;RUA PRO GOMES BRASIL;;;0;;Colis?úo;;;;Meio de Quadra;;;0;1;1;1;0;0;0;0;0;1;0;0;;
262558;9;6;2015;10:27;12687;RUA PRP NASSAU;RUA ERETIDES ALENCAR;;0;;Choque c/ Obst?ículo Fixo;Luz do Dia;;;;;;0;1;0;1;0;0;0;0;0;0;0;0;-3,728655000000000;-38,583113000000000
262559;9;6;2015;10:29;0;AV D CJ CEARA;;;0;;Colis?úo;Luz do Dia;;;Meio de Quadra;;;0;2;0;0;0;0;0;0;0;1;0;0;-3,762883000000000;-38,602612000000000
262580;9;6;2015;17:04;0;AV RAD JOSE LIMA VERDE;;;0;;Atropelamento;Anoitecer;;;Meio de Quadra;;;0;1;0;0;0;0;0;0;0;1;0;0;-3,696108000000000;-38,586383000000000
262581;9;6;2015;17:35;0;RUA JOVINO VERISSIMO;;;0;;Atropelamento;Anoitecer;;;Meio de Quadra;;;0;1;0;1;0;0;0;0;0;0;0;0;;
262562;9;6;2015;15:39;0;AV PRS COSTA E SILVA;;;0;;Queda;Luz do Dia;;;Meio de Quadra;;;0;1;0;0;0;0;0;0;0;1;0;0;;
252131;9;6;2015;16:30;25986;RUA PDE PEDRO DE ALENCAR;RUA MANOEL VIRINO;;0;;Colis?úo Transversal;Luz do Dia;Bom;Seca;Cruz;N?úo H?í Controle;Comercial;0;0;2;0;1;0;1;0;0;0;0;0;-3,848501000000000;-38,494812000000000
252132;9;6;2015;19:30;1658;RUA MON CATAO;RUA BENI DE CARVALHO;;0;;Colis?úo Lateral;Via Iluminada;Bom;Seca;Cruz;Outros;Comercial;0;0;2;1;0;0;0;0;0;0;0;0;-3,746618000000000;-38,493113000000000
252127;9;6;2015;17:13;0;AV JOR THOMAZ COELHO;;;1416;;Colis?úo Traseira;Mal Iluminada;Bom;Seca;Meio de Quadra;N?úo H?í Controle;Misto;0;1;1;1;0;0;0;0;0;1;0;0;-3,830236000000000;-38,507842000000000
252124;9;6;2015;19:45;0;RUA FLORENCIO ALENCAR;;;0;;Colis?úo Lateral;Via Iluminada;Bom;Seca;Meio de Quadra;N?úo H?í Controle;Comercial;0;1;1;0;1;0;0;0;0;1;0;0;;
252125;9;6;2015;08:00;0;AV SGT HERMINIO SAMPAIO;;;1628;;Colis?úo Lateral;Luz do Dia;Bom;Seca;Meio de Quadra;N?úo H?í Controle;Comercial;0;1;1;1;0;0;0;0;0;1;0;0;-3,725394000000000;-38,555230000000000
252171;9;6;2015;07:00;0;AV JOSE BASTOS;;;2380;;Colis?úo Transversal;Amanhecer;Bom;Seca;Meio de Quadra;N?úo H?í Controle;Comercial;0;1;1;1;0;0;0;0;0;1;0;0;;
252172;9;6;2015;12:45;12925;AV DOMINGOS OLIMPIO;AV AGUANAMBI;;0;;Colis?úo Traseira;Luz do Dia;Bom;Seca;Cruz;Sem?íforo;Misto;0;0;2;1;0;0;1;0;0;0;0;0;-3,738683000000000;-38,524628000000000
252173;9;6;2015;07:50;24392;RUA TEODORICO BARROSO;AV LUCIANO CARNEIRO;;0;;Colis?úo Lateral;Luz do Dia;Bom;Seca;Cruz;Pare;Comercial;0;0;2;1;0;0;0;0;0;1;0;0;-3,767956000000000;-38,537620000000000
252174;9;6;2015;04:55;0;RUA URUCUTUBA;;;1547;;Colis?úo Lateral;Amanhecer;Bom;Seca;Meio de Quadra;;Residencial;0;0;2;0;1;0;1;0;0;0;0;0;-3,797759000000000;-38,609435000000000
252175;9;6;2015;11:30;0;RUA MAJ FACUNDO;;;692;;;Luz do Dia;Bom;Seca;Meio de Quadra;N?úo H?í Controle;Comercial;0;0;2;1;0;0;0;0;0;0;0;0;-3,729225000000000;-38,528383000000000
252176;9;6;2015;08:30;588;RUA ANA FACO;RUA FRE TEOBALDO;;0;;Colis?úo Transversal;Luz do Dia;Bom;Seca;Cruz;Pare;Comercial;0;0;2;1;0;0;0;0;0;0;0;0;-3,715154000000000;-38,561634000000000
252177;9;6;2015;12:40;15699;RUA MEM DE SA;RUA GUILHERME PESSOA;;0;;Colis?úo Lateral;Luz do Dia;Bom;Seca;Cruz;N?úo H?í Controle;Residencial;0;0;2;1;0;0;0;0;0;0;0;0;-3,827417000000000;-38,485338000000000
252178;9;6;2015;18:20;19161;RUA LAURO NOGUEIRA;RUA PRO OTAVIO LOBO;;0;;Colis?úo Transversal;Via Iluminada;Bom;Seca;Cruz;Sem?íforo;Residencial;0;1;1;1;0;0;0;0;0;1;0;0;-3,740673000000000;-38,476452000000000
252179;9;6;2015;07:40;0;AV PRS COSTA E SILVA;;;863;;Colis?úo Lateral;Luz do Dia;Bom;Seca;Meio de Quadra;Outros;Misto;0;0;2;1;0;0;0;0;0;0;0;0;-3,812873000000000;-38,571498000000000
252180;9;6;2015;15:30;12836;AV DOMINGOS OLIMPIO;RUA BAR ARATANHA;;0;;Colis?úo Lateral;Luz do Dia;Bom;Seca;Cruz;Sem?íforo;Comercial;0;0;2;1;0;0;0;0;0;0;0;0;-3,737562000000000;-38,527953000000000
252181;9;6;2015;07:40;12863;AV DOMINGOS OLIMPIO;RUA FLORIANO PEIXOTO;;0;;Colis?úo Transversal;Luz do Dia;Bom;Seca;Cruz;Pare;Comercial;0;0;2;1;1;0;0;0;0;0;0;0;-3,736976000000000;-38,530313000000000
252182;9;6;2015;13:20;300;RUA DOM LINO;RUA DAMIAO FERNANDES;;0;;Colis?úo Lateral;Luz do Dia;Bom;Seca;Cruz;Pare;Residencial;0;0;2;1;0;0;0;0;0;0;0;0;-3,743350000000000;-38,555700000000000
252183;9;6;2015;08:10;0;AV PRS COSTA E SILVA;;;834;;Colis?úo Traseira;Luz do Dia;Bom;Seca;Meio de Quadra;N?úo H?í Controle;Comercial;0;0;2;1;0;0;0;0;0;0;0;0;;
252184;9;6;2015;07:20;1285;AV DOM LUIS;RUA VIS MAUA;;0;;Colis?úo Transversal;Luz do Dia;Bom;Seca;Cruz;Pare;Comercial;0;2;1;0;0;0;0;0;1;0;0;0;-3,732923000000000;-38,498390000000000
252185;9;6;2015;10:00;0;AV LUCIANO CARNEIRO;;;0;;Colis?úo Transversal;Luz do Dia;Bom;Seca;Meio de Quadra;N?úo H?í Controle;Misto;0;1;1;1;0;0;0;0;0;1;0;0;;
252186;9;6;2015;19:30;15295;RUA PEREIRA FILGUEIRAS;RUA CARLOS VASCONCELOS;;0;;Colis?úo Lateral;Via Iluminada;Bom;Seca;Duplo T;Sem?íforo Intermitente;Misto;0;0;2;1;0;0;0;0;0;0;0;0;-3,729429000000000;-38,509622000000000
252187;9;6;2015;15:54;0;AV DEP PAULINO ROCHA;;;1285;;Colis?úo Transversal;Luz do Dia;Nublado;Seca;Meio de Quadra;Pare;Misto;0;0;2;1;0;0;0;0;0;0;0;0;-3,807950000000000;-38,508509000000000
252188;9;6;2015;18:51;15329;RUA VIS MAUA;RUA REPUBLICA DO LIBANO;;0;;Colis?úo;Via Iluminada;Bom;Seca;Cruz;Pare;Residencial;0;1;1;1;0;0;0;0;0;1;0;0;-3,730960000000000;-38,497750000000000
252189;9;6;2015;18:45;0;RUA JUVENAL GALENO;;;403;;Colis?úo Traseira;Via Iluminada;Bom;Seca;Meio de Quadra;Sem?íforo;Misto;0;0;2;1;0;0;0;0;0;1;0;0;-3,739140000000000;-38,539011000000000
252190;9;6;2015;09:50;7861;RUA CEL JUCA;AV ANTONIO SALES;;0;;Colis?úo Traseira;Luz do Dia;Bom;Seca;Cruz;Sem?íforo;Comercial;0;0;2;1;0;0;0;0;0;0;0;0;-3,747893000000000;-38,494573000000000
252191;9;6;2015;15:15;22120;RUA CEL NUNES DE MELO;RUA PRO COSTA MENDES;;0;;Colis?úo Transversal;Luz do Dia;Bom;Seca;Cruz;Pare;Comercial;0;0;2;0;0;0;0;0;0;0;0;0;-3,749003000000000;-38,553197000000000
252192;9;6;2015;21:00;0;RUA PDE PEDRO DE ALENCAR;;;244;;Colis?úo Lateral;Via Iluminada;Bom;Seca;Outros;N?úo H?í Controle;Comercial;0;0;2;0;0;0;0;0;0;0;0;0;-3,829791000000000;-38,493766000000000
252193;9;6;2015;14:30;15301;RUA TEN BENEVOLO;RUA SILVA PAULET;;0;;Colis?úo Transversal;Luz do Dia;Bom;Seca;Cruz;Pare;Misto;0;1;2;1;0;0;0;0;0;0;0;0;-3,729724000000000;-38,503888000000000
252194;9;6;2015;17:00;0;AV SANTOS DUMONT;;;5150;;Colis?úo Traseira;Luz do Dia;Bom;Seca;Meio de Quadra;N?úo H?í Controle;Comercial;0;0;2;1;1;0;0;0;0;0;0;0;-3,740445000000000;-38,485326000000000
252195;9;6;2015;21:40;0;AV GODOFREDO MACIEL;;;201;ASSAI;Colis?úo Transversal;Via Iluminada;Bom;Seca;Meio de Quadra;N?úo H?í Controle;Comercial;0;1;1;1;0;0;0;0;0;1;0;0;-3,778393000000000;-38,564374000000000
252196;9;6;2015;19:30;13507;RUA DR JOSE LOURENCO;RUA CEL ALVES TEIXEIRA;;0;;Outros;Via Iluminada;Bom;Seca;Cruz;Pare;Residencial;0;0;2;1;0;0;0;0;0;0;0;0;-3,746256000000000;-38,511496000000000
252197;9;6;2015;17:00;3896;AV EDUARDO GIRAO;RUA CARLOS CAMARA;;0;;Colis?úo Transversal;Luz do Dia;Bom;Seca;Cruz;Pare;Comercial;0;0;3;1;0;0;0;0;0;0;0;0;-3,747043000000000;-38,543106000000000
252198;9;6;2015;11:40;0;RUA CARLOS AMORA;;;0;;Colis?úo Traseira;Luz do Dia;Bom;Seca;Meio de Quadra;Pare;Comercial;0;0;2;1;0;0;0;0;0;0;0;0;;
252199;9;6;2015;20:26;25116;AV ROGACIANO LEITE;RUA PDE FRANCISCO PITA;;0;;Atropelamento;Via Iluminada;Bom;Seca;Cruz;Pare;Residencial;0;0;2;1;0;0;0;0;0;0;0;0;-3,780960000000000;-38,501766000000000
252134;9;6;2015;13:00;0;AV SANTOS DUMONT;;;3646;;Colis?úo Traseira;Luz do Dia;Bom;Seca;Meio de Quadra;;Misto;0;0;2;1;0;0;0;0;0;0;0;0;-3,738462000000000;-38,491451000000000
252135;9;6;2015;07:15;13435;RUA ANTONIO AUGUSTO;RUA ADOLFO SIQUEIRA;;0;;Colis?úo Transversal;Luz do Dia;Bom;Seca;Cruz;Pare;Residencial;0;0;2;1;0;0;0;0;0;0;0;0;-3,742786000000000;-38,517599000000000
252136;9;6;2015;17:10;0;AV ABOLICAO;;;2933;;Colis?úo Traseira;Luz do Dia;Bom;Seca;Meio de Quadra;N?úo H?í Controle;Comercial;0;0;2;1;0;0;0;0;0;1;0;0;-3,726929000000000;-38,493084000000000
252137;9;6;2015;18:00;24270;RUA DELMIRO GOUVEIA;RUA PEREIRA VALENTE;;0;;Colis?úo Transversal;Anoitecer;Bom;Seca;Cruz;N?úo H?í Controle;Residencial;0;0;2;1;0;0;0;0;0;0;0;0;-3,734817000000000;-38,488125000000000
252138;9;6;2015;07:15;9219;AV 13 DE MAIO;RUA EUSEBIO DE SOUZA;;0;;Colis?úo Transversal;Luz do Dia;Bom;Seca;Cruz;Pare;Comercial;0;0;2;1;1;0;0;0;0;0;0;0;-3,749261000000000;-38,529402000000000
252139;9;6;2015;07:50;0;RUA METON DE ALENCAR;;;1757;;Colis?úo Lateral;Luz do Dia;Bom;Seca;Meio de Quadra;N?úo H?í Controle;Comercial;0;0;2;1;0;0;0;1;0;0;0;0;-3,730845000000000;-38,539293000000000
252099;9;6;2015;18:00;20814;RUA JOSE PONTES;RUA DOM MANUEL DE MEDEIROS;;0;;Colis?úo Lateral;Via Iluminada;Bom;Seca;Cruz;Pare;Comercial;0;0;2;1;0;0;0;0;0;0;0;0;-3,739964000000000;-38,568598000000000
252123;10;6;2015;19:40;0;AV OLIVEIRA PAIVA;;;695;IGREJA DA GL?ôRIA;Colis?úo Traseira;N?úo Iluminada;Bom;Seca;Meio de Quadra;Sem?íforo Danificado;Comercial;0;0;2;1;0;0;0;0;0;0;0;0;-3,797223000000000;-38,500084000000000
252118;10;6;2015;17:20;1447;AV DES MOREIRA;RUA EDUARDO GARCIA;;0;;Colis?úo Lateral;;Bom;;Cruz;Sem?íforo;Comercial;0;0;2;1;0;0;0;0;0;0;0;0;;
252140;10;6;2015;07:20;3887;RUA WALDERY UCHOA;RUA ANTENOR FROTA WANDERLEY;;0;;Colis?úo Transversal;Luz do Dia;Bom;Seca;Cruz;Pare;Residencial;0;0;2;1;0;0;0;0;0;0;0;0;-3,745992000000000;-38,540663000000000