COD_ACIDENTE;DIA;MES;ANO;HORA;INTERSECAO;LOG1;LOG2;LOG3;NUMERO;REFERENCIA;NATUREZA;ILUMINACAO;TEMPO;SUPERFICIEPISTA;TIPOCRUZAMENTO;CONTROLETRAFEGO;USOSOLO;MORTOS;FERIDOS;ILESOS;AUTOMOVEL;ONIBUS;BICICLETA;CAMINHAO;MICROONIBUS;CICLOMOTOR;MOTOCICLETA;TRACAOANIMAL;TREM;LATITUDE;LONGITUDE
252141;10;6;2015;09:00;5627;AV ROGACIANO LEITE;AV JOSE LEON;;0;;Colis?úo Lateral;Luz do Dia;Bom;Seca;Cruz;Sem?íforo;Residencial;0;0;2;0;0;0;1;0;0;1;0;0;-3,787355000000000;-38,503527000000000
252142;10;6;2015;15:20;5039;RUA PESSOA ANTA;AV ALBERTO NEPOMUCENO;;0;;Colis?úo Lateral;Luz do Dia;Bom;Seca;Cruz;Sem?íforo;Comercial;0;0;2;1;0;0;0;0;0;0;0;0;-3,721257000000000;-38,523212000000000
252144;10;6;2015;15:10;0;AV BEZERRA DE MENEZES;;;325;;;Luz do Dia;Bom;Seca;Meio de Quadra;Sem?íforo;Comercial;0;0;2;0;0;0;0;0;0;0;0;0;-3,732190000000000;-38,547695000000000
252145;10;6;2015;20:00;7957;AV PONTES VIEIRA;AV BAR STUDART;;0;;Colis?úo Lateral;Via Iluminada;Bom;Seca;Cruz;Sem?íforo;Comercial;0;0;2;1;1;0;0;0;0;0;0;0;-3,752590000000000;-38,512361000000000
252146;10;6;2015;07:00;0;AV JOSE BASTOS;;;5647;;Colis?úo Traseira;Luz do Dia;Bom;Seca;Meio de Quadra;N?úo H?í Controle;Comercial;0;0;1;1;0;0;0;0;0;0;0;0;-3,761201000000000;-38,564894000000000
252147;10;6;2015;09:36;0;RUA JACINTO MATOS;;;687;;Atropelamento;Luz do Dia;Bom;Seca;Meio de Quadra;N?úo H?í Controle;Comercial;0;2;0;1;0;0;0;0;0;0;0;0;;
252148;10;6;2015;17:00;0;AV AGUANAMBI;;;0;ROTAT?ôRIA;Colis?úo Lateral;Via Iluminada;Bom;Seca;Meio de Quadra;Sem?íforo;Residencial;0;0;2;1;0;0;0;0;0;0;0;0;-3,755538000000000;-38,523043000000000
252149;10;6;2015;21:50;0;AV AGUANAMBI;;;0;COMANDO GERAL DA PM;Colis?úo Frontal;Via Iluminada;Bom;Seca;Meio de Quadra;N?úo H?í Controle;Residencial;1;1;1;0;0;0;0;0;0;1;0;0;-3,755538000000000;-38,523043000000000
252150;10;6;2015;12:30;0;AV PDE ANTONIO TOMAS;;;0;;Colis?úo Lateral;Luz do Dia;Bom;Seca;Meio de Quadra;N?úo H?í Controle;Residencial;0;0;2;1;1;0;0;0;0;0;0;0;;
252151;10;6;2015;10:00;25049;AV PONTES VIEIRA;RUA CAP MELO;;0;;Colis?úo Traseira;Luz do Dia;Bom;Seca;Cruz;Sem?íforo;Comercial;0;0;3;1;0;0;0;0;0;0;0;0;-3,752762000000000;-38,513797000000000
252152;10;6;2015;09:00;0;AV PRS CASTELO BRANCO;;;0;;Colis?úo Lateral;;Bom;Seca;Meio de Quadra;Sem?íforo;Comercial;0;0;2;1;0;0;0;0;0;0;0;0;;
252153;10;6;2015;14:00;0;RUA PIAUI;;;1388;;Colis?úo Traseira;Luz do Dia;Bom;Seca;Meio de Quadra;Outros;Residencial;0;0;2;1;1;0;0;0;0;0;0;0;;
252154;10;6;2015;14:50;0;AV PONTES VIEIRA;;;0;;Colis?úo Traseira;Luz do Dia;Bom;Seca;Meio de Quadra;N?úo H?í Controle;Comercial;0;1;1;1;0;0;0;0;0;1;0;0;;
252155;10;6;2015;06:15;1433;RUA LEONARDO MOTA;RUA DES LEITE ALBUQUERQUE;;0;;Colis?úo Lateral;;Bom;Seca;Cruz;Sem?íforo;Comercial;0;0;2;1;0;0;0;0;0;0;0;0;-3,737862000000000;-38,496708000000000
252156;10;6;2015;13:40;12842;RUA JAIME BENEVOLO;RUA CARLOS GOMES;;0;;Colis?úo Transversal;Luz do Dia;Bom;Seca;Cruz;Pare;Residencial;0;0;2;1;0;0;0;0;0;0;0;0;-3,740955000000000;-38,528298000000000
252157;10;6;2015;09:10;0;AV ANTONIO SALES;;;55;;Colis?úo Traseira;Luz do Dia;Bom;Seca;Meio de Quadra;Sem?íforo;Comercial;0;0;2;1;0;0;0;0;0;0;0;0;-3,738817000000000;-38,522994000000000
252158;10;6;2015;09:00;0;AV AGUANAMBI;;;0;ROTAT?ôRIA;Colis?úo Traseira;Luz do Dia;Bom;Seca;Meio de Quadra;Sem?íforo;Comercial;0;0;2;1;0;0;0;0;0;0;0;0;-3,755538000000000;-38,523043000000000
252159;10;6;2015;20:00;5627;AV ROGACIANO LEITE;AV JOSE LEON;;0;;Colis?úo Lateral;Anoitecer;Bom;Seca;Cruz;Sem?íforo;Comercial;0;0;2;1;0;0;0;0;0;0;0;0;-3,787355000000000;-38,503527000000000
252160;10;6;2015;08:00;17366;RUA ROMEU MARTINS;RUA EDITE BRAGA;;0;;Colis?úo Lateral;;Bom;Seca;Cruz;Pare;Residencial;0;0;2;1;0;0;0;0;0;0;0;0;-3,766408000000000;-38,552486000000000
252161;10;6;2015;07:45;25069;AV DOS EXPEDICIONARIOS;RUA RAUL CABRAL;;0;;Colis?úo Traseira;Luz do Dia;Bom;Seca;Cruz;Sem?íforo;Residencial;0;0;2;1;0;0;0;0;0;0;0;0;-3,769605000000000;-38,542595000000000
252162;10;6;2015;13:30;0;RUA DEMETRIO MENEZES;;;1861;TERM. ANTONIO BEZERRA;Engavetamento;Luz do Dia;Bom;Seca;Outros;Sem?íforo;Comercial;0;0;3;1;0;0;0;1;0;0;0;0;-3,736655000000000;-38,584051000000000
252163;10;6;2015;08:00;12614;AV CEL CARVALHO;RUA COS LAFAYETE;;0;;Colis?úo Traseira;Luz do Dia;Bom;Seca;Cruz;Sem?íforo Intermitente;Comercial;0;1;1;1;0;0;0;0;0;0;0;0;-3,717512000000000;-38,587938000000000
252164;10;6;2015;11:15;0;AV ENG HUMBERTO MONTE;;;1745;;Colis?úo Lateral;Luz do Dia;Bom;Seca;Meio de Quadra;N?úo H?í Controle;Residencial;0;0;2;1;0;0;1;0;0;0;0;0;-3,745641000000000;-38,563394000000000
252165;10;6;2015;19:00;1439;RUA FONSECA LOBO;RUA MARIA TOMASIA;;0;;Colis?úo Transversal;Anoitecer;Bom;Seca;Cruz;Pare;Residencial;0;0;2;1;0;0;0;0;0;0;0;0;-3,738057000000000;-38,489290000000000
252166;10;6;2015;09:48;12614;AV CEL CARVALHO;RUA COS LAFAYETE;;0;;Colis?úo Traseira;Luz do Dia;Bom;Seca;Cruz;Sem?íforo;Comercial;0;0;2;1;0;0;0;0;0;1;0;0;-3,717512000000000;-38,587938000000000
252167;10;6;2015;18:00;0;AV GAL OSORIO DE PAIVA;;;0;;Colis?úo Lateral;Anoitecer;Bom;;Meio de Quadra;;;0;0;2;1;0;0;0;0;0;0;0;0;;
252168;10;6;2015;07:30;5384;RUA PDE MORORO;RUA ANTONIO POMPEU;;0;;Colis?úo Transversal;Luz do Dia;Bom;Seca;Cruz;Pare;Comercial;0;0;2;1;0;0;0;0;0;0;0;0;-3,731997000000000;-38,539450000000000
252169;10;6;2015;16:30;5290;AV DUQ CAXIAS;RUA PDE MORORO;;0;;Colis?úo Transversal;Luz do Dia;Bom;Seca;Cruz;Sem?íforo;Comercial;0;0;2;1;0;0;1;0;0;0;0;0;-3,728983000000000;-38,538552000000000
252170;10;6;2015;12:30;1378;RUA OSVALDO CRUZ (ALDEOTA);RUA DES LEITE ALBUQUERQUE;;0;;Colis?úo Transversal;Luz do Dia;Bom;Seca;Cruz;Pare;Misto;0;0;2;1;0;0;0;0;0;0;0;0;-3,736598000000000;-38,500640000000000
252126;10;6;2015;10:05;8934;AV DOMINGOS OLIMPIO;RUA PDE MORORO;;0;;Colis?úo Transversal;Luz do Dia;Bom;Seca;Cruz;Pare;Residencial;0;1;1;1;0;0;0;0;0;1;0;0;-3,733752000000000;-38,539949000000000
252133;10;6;2015;12:30;0;AV JOSE BASTOS;;;1350;;Colis?úo Traseira;Luz do Dia;Bom;Seca;Meio de Quadra;Outros;Comercial;0;0;2;1;0;0;0;0;0;0;0;0;;
252129;10;6;2015;19:50;13507;RUA DR JOSE LOURENCO;RUA CEL ALVES TEIXEIRA;;0;;Colis?úo Lateral;Via Iluminada;Bom;Seca;;N?úo H?í Controle;Outros;0;0;2;0;0;0;0;0;0;0;0;0;-3,746256000000000;-38,511496000000000
268301;10;6;2015;22:53;0;AV SEN FERNANDES TAVORA;;;1264;;Colis?úo;;;;Meio de Quadra;;;0;0;2;0;0;0;0;0;0;0;0;0;-3,761044000000000;-38,584311000000000
268303;10;6;2015;23:43;5490;AV DOM MANUEL;AV AGUANAMBI;;0;;Colis?úo;;;;;;;0;0;2;0;0;0;0;0;0;0;0;0;-3,736873000000000;-38,523967000000000
262595;10;6;2015;06:08;0;RUA BAR AQUIRAZ;;;0;;Colis?úo;Luz do Dia;;;Meio de Quadra;;;0;1;1;0;0;0;0;0;0;0;0;0;;
262641;10;6;2015;10:52;0;AV WASHINGTON SOARES;;;0;;Atropelamento;Luz do Dia;;;Meio de Quadra;;;0;1;1;1;0;0;0;0;0;0;0;0;;
262669;10;6;2015;22:53;10749;AV SEN FERNANDES TAVORA;RUA PRO HERIBALDO COSTA;;0;;Colis?úo;;;;Cruz;Sem?íforo;Comercial;0;1;1;0;0;0;0;0;0;0;0;0;-3,761006000000000;-38,584384000000000
262667;10;6;2015;23:17;1219;RUA JOAO CORDEIRO;RUA COSTA BARROS;;0;;Colis?úo;;;;Cruz;Sem?íforo;Misto;0;0;3;1;1;0;0;0;0;0;0;0;-3,729449000000000;-38,514331000000000
262654;10;6;2015;17:00;0;AV PRS CASTELO BRANCO;;;0;;Colis?úo;Anoitecer;;;Meio de Quadra;;;0;1;1;1;0;1;0;0;0;0;0;0;;
262659;10;6;2015;20:11;0;AV PRS COSTA E SILVA;;;0;;Colis?úo;;;;Meio de Quadra;;;0;1;1;1;0;0;0;0;0;1;0;0;;
262661;10;6;2015;20:25;0;AV GAL OSORIO DE PAIVA;;;0;;Atropelamento;;;;Meio de Quadra;;;0;2;0;0;0;0;0;0;0;1;0;0;;
262662;10;6;2015;21:26;19442;RUA GERMANO FRANCK;AV GODOFREDO MACIEL;;0;;Atropelamento;;;;;Sem?íforo;Comercial;0;2;0;0;0;0;0;0;0;1;0;0;-3,779532000000000;-38,564715000000000
262663;10;6;2015;11:37;0;AV GODOFREDO MACIEL;;;0;;Colis?úo;Luz do Dia;;;Meio de Quadra;;;0;0;2;1;0;0;1;0;0;0;0;0;;
262664;10;6;2015;21:33;0;RUA PDE PEDRO DE ALENCAR;;;0;;Atropelamento;;;;Meio de Quadra;;;0;1;1;1;0;0;0;0;0;0;0;0;;
262665;10;6;2015;21:46;0;RUA AUGUSTA BENEVIDES;;;805;;Atropelamento;;;;Meio de Quadra;;;0;1;1;0;0;0;0;0;0;1;0;0;-3,849136000000000;-38,498093000000000
262651;10;6;2015;16:17;0;AV BORGES DE MELO;;;0;;Queda;Luz do Dia;;;Meio de Quadra;;;0;1;0;0;0;0;0;0;0;1;0;0;-3,753959000000000;-38,537014000000000
262652;10;6;2015;16:22;0;RUA TULIPA NEGRA;RUA VICENTE CELESTINO;;0;;Colis?úo;Luz do Dia;;;;;;0;1;1;1;0;0;0;0;0;1;0;0;;
262648;10;6;2015;11:56;0;RUA VALPARAISO;;;0;;Queda;Luz do Dia;;;Meio de Quadra;;;0;1;0;0;0;0;0;0;0;1;0;0;;
262645;10;6;2015;11:10;19787;RUA DOM LINO;RUA PDE GUERRA;;0;;Colis?úo;Luz do Dia;;;Cruz;Pare;Residencial;0;1;1;0;0;0;1;0;0;1;0;0;-3,738718000000000;-38,556643000000000
262643;10;6;2015;11:31;0;AV ODILON GUIMARAES;;;4365;;Colis?úo;Luz do Dia;;;Meio de Quadra;;;0;2;0;0;0;0;0;0;0;1;0;0;-3,810305000000000;-38,462333000000000
262612;10;6;2015;07:13;0;RUA COMERCIO D57;;;0;;Atropelamento;Luz do Dia;;;Meio de Quadra;;;0;2;0;0;0;0;0;0;0;1;0;0;;
262613;10;6;2015;07:36;0;RUA GERMANO FRANCK;;;0;;Colis?úo;Luz do Dia;;;Meio de Quadra;;;0;1;1;0;0;0;0;0;0;0;0;0;-3,778750000000000;-38,563808000000000
259362;10;6;2015;09:50;0;RD CE-060;;;0;KM-01;Colis?úo;Luz do Dia;;Seca;Meio de Quadra;;;0;1;2;1;0;0;0;0;0;0;0;0;-3,819537000000000;-38,576995000000000
252218;10;6;2015;15:50;20269;AV PRS JUSCELINO KUBITSCHEK (PASSAR?ë);RUA ELDORADO;;0;;Colis?úo Traseira;Via Iluminada;Bom;Seca;Cruz;Sem?íforo;Residencial;0;0;2;1;0;0;0;0;0;0;0;0;-3,816307000000000;-38,531633000000000
267693;10;6;2015;03:30;0;RUA DESCONHECIDA;;;0;;Colis?úo;;;;Meio de Quadra;;;1;0;0;0;0;0;0;0;0;1;0;0;;
268055;10;6;2015;10:57;16557;AV GODOFREDO MACIEL;RUA MIRTYL MEYER;;0;;Colis?úo;Luz do Dia;;;Cruz;N?úo H?í Controle;Comercial;0;0;2;0;0;0;0;0;0;0;0;0;-3,809211000000000;-38,573893000000000
268056;10;6;2015;11:53;0;AV ZEZE DIOGO;;;0;;Colis?úo;Luz do Dia;;;Meio de Quadra;;;0;0;2;0;0;0;0;0;0;0;0;0;;
268140;10;6;2015;22:42;1219;RUA COSTA BARROS;RUA JOAO CORDEIRO;;0;;;;;;Cruz;Sem?íforo;Misto;0;0;1;0;0;0;0;0;0;0;0;0;-3,729449000000000;-38,514331000000000
268123;10;6;2015;20:33;0;AV OLIVEIRA PAIVA;;;2982;;Atropelamento;;;;Meio de Quadra;;;0;0;2;0;0;0;0;0;0;0;0;0;-3,795781000000000;-38,480733000000000
268119;10;6;2015;16:50;0;RUA CON DE CASTRO;;;9480;;Colis?úo;Luz do Dia;;;Meio de Quadra;;;0;0;2;0;0;0;0;0;0;0;0;0;-3,825233000000000;-38,606019000000000
268120;10;6;2015;17:20;5100;AV MON TABOSA;AV DOM MANUEL;;0;;Colis?úo;Anoitecer;;;Cruz;Sem?íforo;Comercial;0;0;2;0;0;0;0;0;0;0;0;0;-3,723554000000000;-38,519439000000000
259005;10;6;2015;08:00;0;RD BR 116;;;11000;KM-11;Colis?úo Lateral;Luz do Dia;Bom;Seca;Meio de Quadra;N?úo H?í Controle;Comercial;0;0;2;1;0;0;0;0;0;0;0;0;-3,847160000000000;-38,497176000000000
259006;10;6;2015;17:00;0;RD BR 116;;;14000;KM-14;Choque c/ Obst?ículo Fixo;Anoitecer;Bom;Seca;Meio de Quadra;N?úo H?í Controle;Comercial;0;0;1;0;0;0;1;0;0;0;0;0;-3,873523000000000;-38,499242000000000
259037;10;6;2015;23:10;0;RD BR 222;;;0;KM-03;Colis?úo Traseira;Via Iluminada;Bom;Seca;Meio de Quadra;N?úo H?í Controle;Comercial;0;0;2;0;1;0;0;1;0;0;0;0;-3,736999000000000;-38,571997000000000
252396;10;6;2015;21:38;0;RUA MOURA MATOS;AV SAUDADE D68;;0;;Colis?úo Traseira;Via Iluminada;Bom;Seca;Meio de Quadra;N?úo H?í Controle;Outros;0;0;2;1;0;0;1;0;0;0;0;0;;
259038;11;6;2015;06:40;0;RD BR 222;;;0;KM-02;Colis?úo Lateral;Luz do Dia;Bom;Seca;Meio de Quadra;N?úo H?í Controle;Comercial;0;1;1;1;0;0;0;0;0;1;0;0;-3,738951000000000;-38,586880000000000
259040;11;6;2015;12:50;0;RD BR 222;;;0;KM-01;Colis?úo Traseira;Luz do Dia;Bom;Seca;Meio de Quadra;N?úo H?í Controle;Comercial;0;1;1;1;0;0;0;0;0;1;0;0;-3,737774000000000;-38,577952000000000
259041;11;6;2015;12:50;0;RD BR 222;;;0;KM-01;Colis?úo Traseira;Luz do Dia;Bom;Seca;Meio de Quadra;N?úo H?í Controle;Comercial;0;0;2;0;1;0;0;0;0;0;0;0;-3,737774000000000;-38,577952000000000
259042;11;6;2015;13:30;0;RD BR 222;;;0;;Colis?úo Traseira;Luz do Dia;Bom;Seca;Meio de Quadra;N?úo H?í Controle;Comercial;0;1;2;1;0;0;1;0;0;0;0;0;;
273280;11;6;2015;18:25;5269;RUA PDE IBIAPINA;AV DUQ CAXIAS;;0;;Colis?úo;Anoitecer;;;Cruz;Sem?íforo;Comercial;0;1;0;0;0;0;0;0;0;0;0;0;-3,728446000000000;-38,540226000000000
273277;11;6;2015;17:54;0;AV PERIMETRAL;;;0;;Colis?úo;Anoitecer;;;Meio de Quadra;;;0;1;0;1;0;0;0;0;0;1;0;0;;
273285;11;6;2015;20:46;0;RUA OLIVEIRA SOBRINHO;;;0;;Colis?úo;;;;Meio de Quadra;;;0;1;0;0;0;0;0;0;0;1;0;0;-3,779994000000000;-38,596242000000000
273288;11;6;2015;21:07;7223;RUA IRINEU DE SOUZA;RUA ALVES LIMA;;0;;Queda;;;;Cruz;Pare;Residencial;0;1;0;0;0;0;0;0;0;1;0;0;-3,710391000000000;-38,569298000000000
273294;11;6;2015;22:34;0;RUA ILDEFONSO ALBANO;;;0;;Colis?úo;;;;Meio de Quadra;;;0;1;0;1;0;0;0;0;0;1;0;0;-3,723651000000000;-38,510174000000000
273249;11;6;2015;14:20;0;RUA PINTO MADEIRA;;;0;;Colis?úo;Luz do Dia;;;Meio de Quadra;;;0;1;0;1;0;0;0;0;0;0;0;0;;
273232;11;6;2015;13:18;0;ET DO FIO (MESSEJANA);;;0;;Colis?úo;Luz do Dia;;;Meio de Quadra;;;0;1;0;1;0;0;0;0;0;1;0;0;;
273254;11;6;2015;16:23;0;AV GAL OSORIO DE PAIVA;;;0;;Queda;Luz do Dia;;;Meio de Quadra;;;0;1;0;0;0;0;0;0;0;1;0;0;;
273261;11;6;2015;16:32;0;AV SEN FERNANDES TAVORA;;;0;;Queda;Luz do Dia;;;Meio de Quadra;;;0;1;0;0;0;0;0;0;0;1;0;0;;
273267;11;6;2015;16:54;0;RUA DORALICE COSTA;;;0;;Colis?úo;Luz do Dia;;;Meio de Quadra;;;0;1;0;1;0;0;0;0;0;1;0;0;;
252219;11;6;2015;06:50;0;RUA MARTINS NETO;;;0;;Colis?úo Frontal;Luz do Dia;Bom;Seca;Meio de Quadra;Outros;Residencial;0;0;2;1;0;0;0;1;0;0;0;0;;
252220;11;6;2015;08:00;22665;AV ENG LEAL LIMA VERDE (SAPIRANGA/COITE);AV COS GOMES DE FREITAS (SAPIRANGA/COITE);;0;;Colis?úo Lateral;Luz do Dia;Bom;Seca;Rotat??ria;D?¬ Prefer?¬ncia;Comercial;0;1;1;0;0;0;0;0;0;1;0;0;-3,795341000000000;-38,475739000000000
252221;11;6;2015;08:00;5844;AV DES GONZAGA;RUA ENF JOAQUIM PINTO;;0;;Colis?úo Lateral;Luz do Dia;Bom;Seca;Cruz;Pare;Residencial;0;0;2;1;0;0;0;0;0;1;0;0;-3,800396000000000;-38,497696000000000
252201;11;6;2015;21:30;0;AV SANTOS DUMONT;;;7800;;Colis?úo Traseira;Mal Iluminada;Bom;Seca;Meio de Quadra;Outros;Misto;0;0;2;1;0;0;0;0;0;1;0;0;-3,747888000000000;-38,462283000000000
252202;11;6;2015;10:00;0;AV JULIO VENTURA;;;2267;;Colis?úo Lateral;Luz do Dia;Bom;Seca;Meio de Quadra;N?úo H?í Controle;Comercial;0;0;2;0;0;0;0;0;0;0;0;0;;
252203;11;6;2015;08:15;0;AV ALBERTO CRAVEIRO;;;822;;Colis?úo Lateral;Luz do Dia;Bom;Seca;Meio de Quadra;N?úo H?í Controle;Comercial;0;0;2;1;0;0;1;0;0;0;0;0;-3,785395000000000;-38,517093000000000
252204;11;6;2015;18:03;5419;RUA FIUZA DE PONTES;RUA NOGUEIRA ACIOLI;;0;;Colis?úo Lateral;Via Iluminada;Bom;Seca;Cruz;Pare;Residencial;0;0;2;1;0;0;0;0;0;0;0;0;-3,733368000000000;-38,517884000000000
252205;11;6;2015;08:40;5082;RUA DR JOAO MOREIRA;RUA BAR RIO BRANCO;;0;;Colis?úo Lateral;Luz do Dia;Bom;Seca;Cruz;N?úo H?í Controle;Comercial;0;1;1;1;0;0;0;0;0;1;0;0;-3,722797000000000;-38,527092000000000
252206;11;6;2015;16:00;0;AV BEZERRA DE MENEZES;;;1105;;Colis?úo Traseira;Luz do Dia;Bom;Seca;Meio de Quadra;Sem?íforo;Comercial;0;0;2;1;0;0;0;0;0;0;0;0;-3,733635000000000;-38,554645000000000
252207;11;6;2015;13:50;12445;AV SEN FERNANDES TAVORA;TR HELENA DE MARIA;;0;;Colis?úo Lateral;Luz do Dia;Bom;Seca;Duplo T;N?úo H?í Controle;Comercial;0;1;2;0;0;0;0;0;0;1;0;0;-3,766094000000000;-38,574916000000000
252208;11;6;2015;23:10;4016;RUA JULIO CESAR D12;RUA PRO COSTA MENDES;;0;;Colis?úo Transversal;Via Iluminada;Bom;Seca;Cruz;Pare;Residencial;0;1;1;1;0;0;0;0;0;0;0;0;-3,754698000000000;-38,546911000000000
252209;11;6;2015;16:30;5437;RUA FLORIANO PEIXOTO;RUA METON DE ALENCAR;;0;;Colis?úo Lateral;Luz do Dia;Bom;Seca;Cruz;Pare;Residencial;0;0;2;1;0;0;0;0;0;0;0;0;-3,734071000000000;-38,529358000000000
252210;11;6;2015;14:10;8934;AV DOMINGOS OLIMPIO;RUA PDE MORORO;;0;;Colis?úo Transversal;Luz do Dia;Bom;Seca;Cruz;Pare;Comercial;0;1;1;0;0;0;0;0;0;1;0;0;-3,733752000000000;-38,539949000000000
252211;11;6;2015;08:20;25037;AV LUCIANO CARNEIRO;RUA JULIO DA SILVEIRA;;0;;Colis?úo Transversal;Luz do Dia;Bom;Seca;T;Pare;Misto;0;2;0;0;0;0;0;0;0;1;0;0;-3,759514000000000;-38,535029000000000
252212;11;6;2015;15:15;0;AV JOSE BASTOS;;;5355;;Colis?úo Traseira;Luz do Dia;Bom;Seca;Meio de Quadra;N?úo H?í Controle;Comercial;0;0;2;1;0;0;0;0;0;0;0;0;;
252213;11;6;2015;11:00;19611;AV GODOFREDO MACIEL;RUA NEREU RAMOS;;0;;Colis?úo Traseira;Luz do Dia;Bom;Seca;T;Sem?íforo;Comercial;0;0;2;1;1;0;0;0;0;0;0;0;-3,787250000000000;-38,566802000000000
252214;11;6;2015;14:50;1527;RUA OSVALDO CRUZ (ALDEOTA);RUA CAROLINA SUCUPIRA;;0;;Colis?úo Traseira;Luz do Dia;Bom;Seca;Cruz;Pare;Comercial;0;0;2;1;0;0;0;0;0;0;0;0;-3,740552000000000;-38,501914000000000
252215;11;6;2015;13:00;0;AV CARAPINIMA;RUA PDE FRANCISCO PINTO;;2600;;Atropelamento;Luz do Dia;Bom;Seca;Meio de Quadra;Sem?íforo;Residencial;1;1;0;0;0;0;0;0;0;1;0;0;-3,741779000000000;-38,542017000000000
252216;11;6;2015;18:00;0;RUA MATOS VASCONCELOS;;;850;;;Via Iluminada;Bom;Seca;Meio de Quadra;N?úo H?í Controle;Residencial;0;1;1;0;0;0;0;0;0;1;0;0;-3,753059000000000;-38,552101000000000
252217;11;6;2015;09:20;17957;RUA JOAQUIM ALBANO;RUA ALCANTARA BILHAR;;0;;Colis?úo Transversal;Luz do Dia;Bom;Seca;Cruz;Pare;Residencial;0;1;1;1;0;0;0;0;0;1;0;0;-3,735593000000000;-38,582130000000000
252227;11;6;2015;19:10;23518;RUA FLORO BARTOLOMEU;RUA BELISARIO TAVORA;;0;;Colis?úo Transversal;Mal Iluminada;Bom;Seca;Cruz;Pare;Residencial;0;0;2;1;0;0;1;0;0;0;0;0;-3,759786000000000;-38,505584000000000
252228;11;6;2015;19:30;7401;AV SEN FERNANDES TAVORA;RUA AUDISIO PINHEIRO;;0;;Colis?úo Transversal;Via Iluminada;Bom;Seca;Cruz;Sem?íforo;Comercial;0;1;1;1;0;0;0;0;0;1;0;0;-3,758593000000000;-38,588886000000000
252230;11;6;2015;14:15;1605;AV DES MOREIRA;RUA PDE VALDEVINO;;0;;Engavetamento;Luz do Dia;Bom;Seca;Cruz;Sem?íforo;Comercial;0;0;3;1;0;0;0;0;0;0;0;0;-3,744098000000000;-38,500877000000000
252232;11;6;2015;09:00;7760;AV ANTONIO SALES;RUA SILVA PAULET;;0;;Colis?úo Transversal;Luz do Dia;Bom;Seca;Cruz;Pare;Comercial;0;1;1;1;0;0;0;0;1;0;0;0;-3,743595000000000;-38,508383000000000
252235;11;6;2015;09:00;1625;RUA PDE VALDEVINO;RUA LEONARDO MOTA;;0;;Colis?úo Traseira;Luz do Dia;Bom;Seca;Cruz;Sem?íforo;Comercial;0;0;2;1;0;0;0;0;0;0;0;0;-3,744739000000000;-38,498931000000000
252241;11;6;2015;19:30;5269;RUA PDE IBIAPINA;AV DUQ CAXIAS;;0;;Colis?úo Traseira;Via Iluminada;Bom;Seca;Cruz;Sem?íforo;Comercial;0;1;1;0;0;0;0;0;0;1;0;0;-3,728446000000000;-38,540226000000000
252242;11;6;2015;08:00;26118;AV ALM MAXIMIANO DA FONSECA;RUA JOSE B PARENTE D59;;0;;Colis?úo Lateral Sentido Oposto;Luz do Dia;Bom;Seca;Duplo T;Pare;Residencial;0;0;2;1;0;0;0;0;0;0;0;0;-3,771301000000000;-38,485100000000000
252237;11;6;2015;08:15;1405;RUA VICENTE LEITE;AV SANTOS DUMONT;;0;;Colis?úo Lateral;Luz do Dia;Bom;Seca;Cruz;Sem?íforo;Comercial;0;0;2;1;0;0;0;0;0;0;0;0;-3,737173000000000;-38,495419000000000
252239;11;6;2015;09:40;13161;AV D CJ JOSE WALTER;RUA 69 CJ JOSE WALTER;;0;;Colis?úo Transversal;Luz do Dia;Bom;Seca;T;N?úo H?í Controle;Comercial;0;0;2;1;0;0;1;0;0;0;0;0;-3,831825000000000;-38,555098000000000
252256;11;6;2015;16:20;0;RUA PEREIRA FILGUEIRAS;;;1931;;Colis?úo Traseira;Luz do Dia;Bom;Seca;Meio de Quadra;Sem?íforo;Comercial;0;0;2;1;0;0;0;0;0;0;0;0;-3,730785000000000;-38,505439000000000
252257;11;6;2015;15:30;9020;RUA JAIME BENEVOLO;RUA SALDANHA MARINHO;;0;;Colis?úo Transversal;Luz do Dia;Bom;Seca;Cruz;Sem?íforo;Residencial;0;0;2;1;0;0;0;0;0;0;0;0;-3,743046000000000;-38,528994000000000
252262;11;6;2015;18:30;5421;AV DUQ CAXIAS;AV VIS RIO BRANCO;;0;;Colis?úo Transversal;Luz do Dia;Bom;Seca;Cruz;Pare;Comercial;0;1;2;1;0;0;0;0;0;1;0;0;-3,733481000000000;-38,524603000000000
252269;11;6;2015;14:00;0;AV 13 DE MAIO;;;465;;Colis?úo Traseira;Luz do Dia;Bom;Seca;Meio de Quadra;Sem?íforo Intermitente;Comercial;0;0;2;1;0;0;0;0;0;0;0;0;-3,752537000000000;-38,525563000000000
252270;11;6;2015;13:00;25116;RUA PDE FRANCISCO PITA;AV ROGACIANO LEITE;;0;;Colis?úo Transversal;Luz do Dia;Bom;Seca;Cruz;Pare;Comercial;0;0;2;1;0;0;0;0;0;0;0;0;-3,780960000000000;-38,501766000000000