COD_ACIDENTE;DIA;MES;ANO;HORA;INTERSECAO;LOG1;LOG2;LOG3;NUMERO;REFERENCIA;NATUREZA;ILUMINACAO;TEMPO;SUPERFICIEPISTA;TIPOCRUZAMENTO;CONTROLETRAFEGO;USOSOLO;MORTOS;FERIDOS;ILESOS;AUTOMOVEL;ONIBUS;BICICLETA;CAMINHAO;MICROONIBUS;CICLOMOTOR;MOTOCICLETA;TRACAOANIMAL;TREM;LATITUDE;LONGITUDE
252271;11;6;2015;13:50;0;AV OLIVEIRA PAIVA;;;2939;;Colis?úo Traseira;Luz do Dia;Bom;Seca;Meio de Quadra;;Comercial;0;0;1;1;0;0;0;0;0;0;0;0;-3,795829000000000;-38,481169000000000
252272;11;6;2015;07:40;12457;AV JOSE BASTOS;AV SEN FERNANDES TAVORA;;0;;Colis?úo Traseira;Luz do Dia;Bom;Seca;Cruz;Sem?íforo;Comercial;0;0;2;0;0;0;0;0;0;1;0;0;-3,770153000000000;-38,570427000000000
252274;11;6;2015;08:40;19587;AV GODOFREDO MACIEL;RUA PRIMEIRO DE JANEIRO;;0;;Colis?úo Lateral;Luz do Dia;Bom;Seca;T;Outros;Comercial;0;1;1;0;1;0;0;0;0;1;0;0;-3,784762000000000;-38,566283000000000
252283;11;6;2015;13:40;17342;AV PRO GOMES DE MATOS;RUA ALAN KARDEC;;0;;Colis?úo Transversal;Luz do Dia;Bom;Seca;Cruz;Sem?íforo;Comercial;0;1;1;0;0;0;0;0;0;1;0;0;-3,765321000000000;-38,549213000000000
252285;11;6;2015;18:30;11768;AV FILOMENO GOMES;AV PRS CASTELO BRANCO;;0;;Colis?úo Traseira;Via Iluminada;Bom;Seca;Cruz;Sem?íforo;Lazer;0;0;2;1;0;0;0;0;0;0;0;0;-3,715542000000000;-38,541982000000000
252287;11;6;2015;18:20;0;RUA MANUEL RODRIGUES;;;188;;Choque c/ Obst?ículo Fixo;Anoitecer;Bom;Seca;Meio de Quadra;N?úo H?í Controle;Residencial;0;0;1;1;0;0;0;0;0;0;0;0;-3,792737000000000;-38,515856000000000
259367;11;6;2015;13:40;0;AV SEN CARLOS JEREISSATI (AEROPORTO);;;0;KM 03;Colis?úo;Luz do Dia;;Seca;Meio de Quadra;;;0;0;2;1;0;0;0;0;0;1;0;0;-3,780382000000000;-38,541414000000000
263651;11;6;2015;23:15;10777;RUA PORTO ALEGRE;RUA VITORIA (AV. PERIMETRAL);;0;;Colis?úo;;;;Cruz;Pare;Comercial;0;1;0;1;1;0;0;0;0;0;0;0;-3,762193000000000;-38,586947000000000
263649;11;6;2015;15:20;25087;AV PINTO BANDEIRA D56;AV ALM MAXIMIANO DA FONSECA;;0;;Colis?úo;Luz do Dia;;;Cruz;Pare;Misto;0;1;0;1;0;0;0;0;0;0;0;0;-3,771039000000000;-38,486067000000000
263633;11;6;2015;09:30;13592;AV PONTES VIEIRA;RUA PRO CARVALHO;;0;;Colis?úo;Luz do Dia;;;Cruz;Sem?íforo;Comercial;0;1;0;1;0;0;0;0;0;1;0;0;-3,752890000000000;-38,514949000000000
262680;11;6;2015;06:09;25443;RUA ROCHA LIMA;RUA NOGUEIRA ACIOLI;;0;;Colis?úo;Luz do Dia;;;Cruz;Pare;Comercial;0;1;1;1;0;0;0;0;0;1;0;0;-3,737351000000000;-38,519293000000000
262678;11;6;2015;01:03;1260;RUA COSTA BARROS;RUA JOSE VILAR;;0;;Choque c/ Obst?ículo Fixo;;;;Cruz;Sem?íforo;Comercial;0;1;1;0;0;0;0;0;0;0;0;0;-3,732908000000000;-38,503746000000000
262682;11;6;2015;08:11;0;AV LUCIANO CARNEIRO;;;0;;Colis?úo;Luz do Dia;;;Meio de Quadra;;;0;1;1;1;0;0;0;0;0;1;0;0;-3,760457000000000;-38,535315000000000
262683;11;6;2015;10:33;0;AV CEL CARVALHO;;;0;;Colis?úo;Luz do Dia;;;Meio de Quadra;;;0;1;1;1;0;0;0;0;0;1;0;0;-3,703990000000000;-38,591414000000000
262684;11;6;2015;16:51;10420;RUA LUIZ MARIANO;RUA DAS PEDRINHAS;;0;;Colis?úo;Luz do Dia;;;Cruz;N?úo H?í Controle;Residencial;0;0;5;1;0;0;0;0;0;0;0;0;-3,761937000000000;-38,600122000000000
262685;11;6;2015;18:53;15832;RUA PDE PEDRO DE ALENCAR;RUA EDUARDO PORTO;;0;;Colis?úo;;;;;;;0;0;2;1;1;0;0;0;0;0;0;0;-3,832741000000000;-38,494029000000000
268161;11;6;2015;17:26;0;RUA VITAL BRASIL;;;0;;Colis?úo;Anoitecer;;;Meio de Quadra;;;0;0;2;0;0;0;0;0;0;0;0;0;;
268165;11;6;2015;17:59;0;RUA PDE PEDRO DE ALENCAR;;;0;;Colis?úo;Anoitecer;;;Meio de Quadra;;;0;0;2;1;0;0;0;0;0;1;0;0;;
268169;11;6;2015;20:25;0;AV COS GOMES DE FREITAS (SAPIRANGA/COITE);;;0;;Colis?úo;;;;Meio de Quadra;;;0;1;0;0;0;0;0;0;0;0;0;0;;
268170;11;6;2015;20:53;10052;RUA BRAGANCA;RUA OLIVEIRA SOBRINHO;;0;;Colis?úo;;;;;;;0;0;2;0;0;0;0;0;0;0;0;0;-3,779965000000000;-38,596353000000000
268167;11;6;2015;18:06;0;RUA MEXICO;;;248;;Atropelamento;Anoitecer;;;Meio de Quadra;;;0;1;0;0;0;0;0;0;0;0;0;0;;
268173;11;6;2015;21:41;10666;AV MIGUEL DIAS;RUA ROMEU ALDIGUERI;;0;;Colis?úo;;;;Cruz;Pare;Comercial;0;0;2;0;0;0;0;0;0;1;0;0;-3,765358000000000;-38,487547000000000
268190;11;6;2015;22:05;5313;RUA VINTE E QUATRO DE MAIO;RUA PEDRO I;;0;;Colis?úo;;;;Cruz;Pare;Comercial;0;0;2;0;0;0;0;0;0;0;0;0;-3,729830000000000;-38,532952000000000
252200;11;6;2015;05:30;15896;RUA GURGEL DO AMARAL;RUA JOSE CAVALCANTE SOBR;;0;;Colis?úo Lateral;Luz do Dia;Bom;Seca;T;N?úo H?í Controle;Residencial;0;0;2;1;0;0;0;0;0;0;0;0;-3,835550000000000;-38,486455000000000
268201;12;6;2015;06:50;0;RUA MANUEL SATIRO;;;0;ESTA?ç?âO MONDUBIM;Colis?úo;Luz do Dia;;;Meio de Quadra;;;0;0;1;0;0;0;0;0;0;0;0;0;;
268204;12;6;2015;10:31;10021;RUA BRAGANCA;RUA SOUSA CARVALHO;;0;;Colis?úo;Luz do Dia;;;Cruz;;Residencial;0;0;2;0;0;0;0;0;0;0;0;0;-3,781357000000000;-38,596732000000000
268208;12;6;2015;10:49;0;AV JOR THOMAZ COELHO;;;0;;Colis?úo;Luz do Dia;;;Meio de Quadra;;;0;0;2;0;0;0;0;0;0;0;0;0;;
268212;12;6;2015;16:24;22099;AV JOSE BASTOS;RUA JOSE FACANHA;;0;;Colis?úo;Luz do Dia;;;T;Sem?íforo;Comercial;0;0;1;0;0;0;0;0;0;0;0;0;-3,754359000000000;-38,554822000000000
268215;12;6;2015;16:32;7806;RUA FRANCISCO HOLANDA;RUA SILVA PAULET;;0;;Colis?úo;Luz do Dia;;;Cruz;Pare;Residencial;0;0;2;0;0;0;0;0;0;0;0;0;-3,747096000000000;-38,509525000000000
268219;12;6;2015;17:13;8949;AV BEZERRA DE MENEZES;RUA JUSTINIANO DE SERPA;;0;;Colis?úo;Anoitecer;;;Cruz;Sem?íforo Intermitente;Comercial;0;0;2;0;0;0;0;0;0;0;0;0;-3,731156000000000;-38,542857000000000
268221;12;6;2015;20:25;0;RUA LAURO MAIA;;;0;;Colis?úo;;;;Meio de Quadra;;;0;2;0;0;0;0;0;0;0;0;0;0;;
268222;12;6;2015;21:33;24990;AV PRS JUSCELINO KUBITSCHEK (PASSAR?ë);AV PRS COSTA E SILVA;;0;;Colis?úo;;;;T;Sem?íforo;Residencial;0;0;2;1;0;0;0;0;0;1;0;0;-3,825648000000000;-38,539516000000000
268223;12;6;2015;21:41;0;RUA BERNARDO MANUEL;;;0;;Colis?úo;;;;Meio de Quadra;;;0;0;2;0;0;0;0;0;0;0;0;0;;
268225;12;6;2015;21:45;0;AV PRS CASTELO BRANCO;;;0;;Colis?úo;;;;Meio de Quadra;;;0;0;2;0;0;0;0;0;0;0;0;0;;
262689;12;6;2015;14:43;0;RUA PDE PEDRO DE ALENCAR;;;0;;Colis?úo;Luz do Dia;;;Meio de Quadra;;;0;0;2;1;0;0;0;0;0;0;0;0;;
262694;12;6;2015;16:41;0;RUA 7 DE SETEMBRO;;;0;;Colis?úo;Luz do Dia;;;Meio de Quadra;;;0;0;2;0;0;0;0;0;0;0;0;0;;
262700;12;6;2015;19:10;0;AV BEZERRA DE MENEZES;;;0;;Colis?úo;;;;Meio de Quadra;;;0;0;2;1;1;0;0;0;0;0;0;0;;
263666;12;6;2015;17:55;9753;RUA LUMINOSA;RUA TRES CORACOES;;0;;Colis?úo;Anoitecer;;;;;;0;1;0;1;0;0;0;0;0;1;0;0;-3,783608000000000;-38,608682000000000
263662;12;6;2015;11:35;0;RUA 1 PQ SAO LUCAS;;;751;;Choque c/ Obst?ículo Fixo;Luz do Dia;;;Meio de Quadra;;;0;1;0;0;0;0;0;0;0;0;0;0;;
252275;12;6;2015;17:40;7884;AV ANTONIO SALES;RUA VICENTE LEITE;;0;;Colis?úo Transversal;Via Iluminada;Bom;;Cruz;Pare;Comercial;0;0;2;1;0;0;0;0;0;1;0;0;-3,746656000000000;-38,498468000000000
252276;12;6;2015;13:25;12352;RUA MON HIPOLITO BRASIL;RUA ERNESTO PEDRO SANTOS;;0;;Colis?úo Transversal;Luz do Dia;Bom;Seca;Cruz;Pare;Comercial;0;1;1;1;0;0;0;0;0;1;0;0;-3,760775000000000;-38,575314000000000
252277;12;6;2015;13:00;3347;AV ENG HUMBERTO MONTE;RUA GOIAS;;0;;Colis?úo Lateral;Luz do Dia;Bom;Seca;T;Pare;Comercial;0;0;1;1;0;0;0;0;0;0;0;0;-3,750494000000000;-38,559425000000000
252278;12;6;2015;09:45;0;AV GODOFREDO MACIEL;;;3654;;;Luz do Dia;Bom;Seca;Meio de Quadra;Pare;Comercial;0;0;2;1;0;0;0;0;0;1;0;0;;
252273;12;6;2015;16:40;22930;RUA BERNARDO MANUEL;RUA LEAO TREZE;;0;;Colis?úo Lateral;Luz do Dia;Bom;Seca;Cruz;Pare;Residencial;0;0;2;1;0;0;0;0;0;0;0;0;-3,783394000000000;-38,546723000000000
252263;12;6;2015;20:30;7762;AV ANTONIO SALES;RUA NUNES VALENTE;;0;;Colis?úo Transversal;Via Iluminada;Bom;Seca;Cruz;Pare;Residencial;0;1;1;1;0;0;0;0;0;1;0;0;-3,744237000000000;-38,506314000000000
252264;12;6;2015;18:50;0;RUA VIA FERREA;;;179;;Colis?úo Lateral;Mal Iluminada;Bom;Seca;Meio de Quadra;N?úo H?í Controle;Residencial;0;0;2;0;0;0;0;0;0;1;0;0;;
252265;12;6;2015;08:30;25974;RUA TRES MARIAS D39 (MONTESE);RUA PERU;;0;;Colis?úo Traseira;Luz do Dia;Bom;Seca;T;N?úo H?í Controle;Residencial;0;0;2;1;1;0;0;0;0;0;0;0;-3,769519000000000;-38,549898000000000
252266;12;6;2015;16:00;0;RUA PAURILO BARROSO;;;209;;Colis?úo Lateral;Luz do Dia;Bom;Seca;Meio de Quadra;N?úo H?í Controle;Residencial;0;1;1;1;0;0;0;0;0;1;0;0;-3,801088000000000;-38,569729000000000
252267;12;6;2015;13:00;4875;RUA CON DE CASTRO;RUA JARDIM FLUMINENSE;;0;;Colis?úo Traseira;Luz do Dia;Bom;;T;Sem?íforo;Residencial;0;0;2;1;0;0;0;0;0;1;0;0;-3,812831000000000;-38,597948000000000
252268;12;6;2015;10:00;0;AV SGT HERMINIO SAMPAIO;;;4157;;Colis?úo Transversal;Luz do Dia;Bom;Seca;Meio de Quadra;N?úo H?í Controle;Residencial;0;1;1;0;0;0;0;0;0;1;0;0;-3,730769000000000;-38,577354000000000
252258;12;6;2015;07:00;0;AV ODILON GUIMARAES;;;3721;;Colis?úo Lateral;Luz do Dia;Bom;Seca;Meio de Quadra;N?úo H?í Controle;Comercial;0;1;1;1;0;0;0;0;0;1;0;0;-3,815177000000000;-38,468343000000000
252259;12;6;2015;16:20;0;AV PRS CASTELO BRANCO;;;0;;Colis?úo Traseira;Luz do Dia;Bom;Molhada;Meio de Quadra;Sem?íforo;Comercial;0;0;2;1;0;0;0;0;0;0;0;0;;
252260;12;6;2015;17:00;446;RUA AZEVEDO BARRETO;RUA PRO VIEIRA;;0;;Colis?úo Transversal;Luz do Dia;Bom;Seca;Cruz;Pare;Residencial;0;0;2;1;0;0;0;0;0;0;0;0;-3,750109000000000;-38,593522000000000
252261;12;6;2015;15:15;9079;RUA LAURO MAIA;RUA BONFIM SOBRINHO;;0;;Colis?úo Transversal;Luz do Dia;Bom;Seca;Cruz;Pare;Residencial;1;0;1;0;0;0;0;0;0;1;0;0;-3,750867000000000;-38,522154000000000
252240;12;6;2015;07:40;1445;RUA DES LEITE ALBUQUERQUE;RUA VICENTE LEITE;;0;;Colis?úo Transversal;Luz do Dia;Bom;Seca;Cruz;Pare;Comercial;0;1;1;1;0;0;0;0;0;1;0;0;-3,738178000000000;-38,495734000000000
252238;12;6;2015;17:20;0;RUA FRANCO ROCHA;;;423;;Colis?úo Lateral;Via Iluminada;Bom;Seca;Meio de Quadra;Outros;Residencial;0;1;1;1;0;0;0;0;0;1;0;0;;
252243;12;6;2015;07:30;0;AV BORGES DE MELO;;;0;;Colis?úo Lateral;Luz do Dia;Bom;Seca;Meio de Quadra;Pare;Comercial;0;0;2;1;0;0;0;0;0;0;0;0;;
252244;12;6;2015;17:20;0;RUA METON DE ALENCAR;;;0;;Colis?úo Lateral;Anoitecer;Bom;Seca;Meio de Quadra;Outros;Comercial;0;0;2;1;0;0;0;0;0;0;0;0;;
252246;12;6;2015;17:20;15227;AV ABOLICAO;AV DES MOREIRA;;0;;Colis?úo Transversal;Luz do Dia;Bom;Seca;Cruz;Sem?íforo;Comercial;0;0;2;1;1;0;0;0;0;0;0;0;-3,727331000000000;-38,495474000000000
252247;12;6;2015;18:40;0;AV 13 DE MAIO;;;1776;;Colis?úo Traseira;Via Iluminada;Bom;Seca;Meio de Quadra;N?úo H?í Controle;Comercial;0;0;2;1;0;0;0;0;0;0;0;0;-3,745675000000000;-38,533607000000000
252248;12;6;2015;13:10;8936;AV DOMINGOS OLIMPIO;RUA PRC ISABEL;;0;;Colis?úo Transversal;Luz do Dia;Bom;Seca;Cruz;Sem?íforo;Comercial;0;0;2;1;0;0;0;0;0;0;0;0;-3,734438000000000;-38,537790000000000
252249;12;6;2015;10:30;0;AV AGUANAMBI;;;0;ROTAT?ôRIA;Colis?úo Lateral;Luz do Dia;Bom;Seca;Meio de Quadra;Outros;Outros;0;0;2;1;0;0;1;0;0;0;0;0;-3,755538000000000;-38,523043000000000
252250;12;6;2015;19:40;0;AV AUGUSTO DOS ANJOS;;;150;;Colis?úo Traseira;Via Iluminada;Bom;Seca;Meio de Quadra;N?úo H?í Controle;Comercial;0;0;2;1;1;0;0;0;0;0;0;0;-3,770180000000000;-38,570436000000000
252251;12;6;2015;19:40;7786;RUA OSVALDO CRUZ (ALDEOTA);RUA JOAQUIM SA;;0;;Colis?úo Traseira;Luz do Dia;Bom;Seca;Cruz;Pare;Comercial;0;2;0;1;0;0;0;0;0;1;0;0;-3,749392000000000;-38,504759000000000
252252;12;6;2015;16:05;1456;AV SANTOS DUMONT;RUA CEL JUCA;;0;;Colis?úo Traseira;Luz do Dia;Bom;Seca;Cruz;Sem?íforo;Comercial;0;0;2;1;0;0;0;0;0;0;0;0;-3,738438000000000;-38,491530000000000
252253;12;6;2015;20:00;8931;RUA JUSTINIANO DE SERPA;RUA ANTONIO POMPEU;;0;;Colis?úo Transversal;Via Iluminada;Bom;Seca;T;Pare;Comercial;0;0;2;1;0;0;0;0;0;0;0;0;-3,732034000000000;-38,542672000000000
252254;12;6;2015;16:00;0;AV BEZERRA DE MENEZES;;;887;;Colis?úo Traseira;Luz do Dia;Bom;Seca;Meio de Quadra;;Comercial;0;0;2;1;0;0;0;0;0;0;0;0;-3,733243000000000;-38,552722000000000
252255;12;6;2015;11:00;0;AV AGUANAMBI;;;0;ROTAT?ôRIA;Colis?úo Traseira;Luz do Dia;Bom;Seca;Meio de Quadra;Sem?íforo;Comercial;0;0;2;0;1;0;0;0;0;0;0;0;-3,755538000000000;-38,523043000000000
252236;12;6;2015;20:00;0;AV PRS COSTA E SILVA;;;2246;;Colis?úo Lateral;Via Iluminada;Bom;Seca;Meio de Quadra;N?úo H?í Controle;Residencial;0;0;2;1;0;0;0;0;0;1;0;0;-3,819601000000000;-38,561486000000000
252233;12;6;2015;00:30;13537;AV SORIANO ALBUQUERQUE;RUA CAP GUSTAVO;;0;;Colis?úo Lateral;Via Iluminada;Bom;Seca;Cruz;Sem?íforo;Comercial;0;1;1;1;0;0;0;0;0;1;0;0;-3,748124000000000;-38,518063000000000
252234;12;6;2015;08:25;9153;AV 13 DE MAIO;RUA PAULA RODRIGUES;;0;;Atropelamento;Luz do Dia;Bom;Seca;T;Sem?íforo;Comercial;1;2;0;0;0;0;0;0;0;1;0;0;-3,752271000000000;-38,525876000000000
252231;12;6;2015;06:30;7939;RUA VIS MAUA;RUA TOMAS ACIOLI;;0;;Colis?úo Transversal;Luz do Dia;Bom;Seca;Cruz;Pare;Comercial;0;0;2;1;0;0;0;0;0;1;0;0;-3,747201000000000;-38,502977000000000
252229;12;6;2015;13:40;0;AV ENG SANTANA JUNIOR;;;332;;Colis?úo Lateral;Luz do Dia;Bom;Seca;Meio de Quadra;N?úo H?í Controle;Residencial;0;0;3;1;1;0;0;0;0;0;0;0;-3,732068000000000;-38,479822000000000
252222;12;6;2015;17:20;0;RUA BAR SOBRAL;;;890;;Colis?úo Lateral;;Bom;Seca;Meio de Quadra;N?úo H?í Controle;Residencial;0;1;1;1;0;0;0;0;0;1;0;0;-3,765322000000000;-38,557237000000000
252223;12;6;2015;16:00;15383;RUA FARIAS LEMOS;RUA ALMEIDA REGO;;0;;Colis?úo Frontal;Luz do Dia;Bom;Seca;Cruz;;Residencial;0;0;2;1;0;0;0;0;0;0;0;0;-3,813110000000000;-38,494338000000000
252225;12;6;2015;11:30;17316;RUA TEN MOACIR MATOS;RUA ZACARIAS GONDIM;;0;;Colis?úo Frontal;Luz do Dia;Bom;Seca;;Pare;Residencial;0;1;1;1;0;0;0;0;0;0;0;0;-3,764447000000000;-38,556819000000000
252226;12;6;2015;11:30;3771;AV DOMINGOS OLIMPIO;AV DA UNIVERSIDADE;;0;;Colis?úo Traseira;Luz do Dia;Bom;Seca;Cruz;Sem?íforo;Comercial;0;1;1;1;0;0;0;0;0;1;0;0;-3,735594000000000;-38,534216000000000
273301;12;6;2015;00:13;0;AV OLIVEIRA PAIVA;;;0;;Colis?úo;;;;Meio de Quadra;;;0;1;0;1;0;0;0;0;0;1;0;0;-3,795473000000000;-38,494359000000000
273354;12;6;2015;07:00;3238;RUA ANSELMO NOGUEIRA;RUA PRIMEIRO DE MAIO D34;;0;;Colis?úo;Luz do Dia;;;Cruz;Pare;Residencial;0;1;0;1;0;0;0;0;0;1;0;0;-3,783108000000000;-38,587753000000000
273357;12;6;2015;07:06;0;AV SGT HERMINIO SAMPAIO;;;0;;Colis?úo;Luz do Dia;;;Meio de Quadra;;;0;1;0;1;0;0;0;0;0;1;0;0;-3,725394000000000;-38,555230000000000
273359;12;6;2015;07:31;0;RUA BERNARDO MANUEL;;;0;;Colis?úo;Luz do Dia;;;Meio de Quadra;;;0;1;0;1;0;0;0;0;0;1;0;0;-3,804176000000000;-38,553049000000000
273366;12;6;2015;11:08;0;RUA MON HIPOLITO BRASIL;;;0;;Colis?úo;Luz do Dia;;;Meio de Quadra;;;0;1;0;1;0;0;0;0;0;1;0;0;;
273370;12;6;2015;11:55;0;RUA ALBERTO MAGNO;;;0;;Colis?úo;Luz do Dia;;;Meio de Quadra;;;0;1;0;1;0;0;0;0;0;1;0;0;-3,758897000000000;-38,544751000000000
273374;12;6;2015;15:26;0;RUA RUBENS MONTE D43;;;0;;Colis?úo;Luz do Dia;;;Meio de Quadra;;;0;1;0;1;0;0;0;0;0;1;0;0;-3,803593000000000;-38,565733000000000
273377;12;6;2015;15:53;0;RUA PERNAMBUCO;;;0;;Queda;Luz do Dia;;;Meio de Quadra;;;0;1;0;0;0;0;0;0;0;1;0;0;;
273378;12;6;2015;17:24;0;RUA FRANCO ROCHA;;;0;;Colis?úo;Anoitecer;;;Meio de Quadra;;;0;1;0;1;0;0;0;0;0;1;0;0;;
273382;12;6;2015;17:37;3860;AV 13 DE MAIO;AV DA UNIVERSIDADE;;0;;Colis?úo;Anoitecer;;;Cruz;Sem?íforo;Comercial;0;1;0;0;0;0;0;0;0;0;0;0;-3,740962000000000;-38,539107000000000
273390;12;6;2015;18:54;0;AV PERIMETRAL;;;0;;Atropelamento;;;;Meio de Quadra;;;0;1;0;0;0;0;0;0;0;1;0;0;;
273391;12;6;2015;19:20;0;AV DR SILAS MUNGUBA;;;0;;Colis?úo;;;;Meio de Quadra;;;0;1;0;1;0;0;0;0;0;0;0;0;-3,788665000000000;-38,545180000000000
273392;12;6;2015;19:49;0;AV BEZERRA DE MENEZES;;;0;;Colis?úo;;;;Meio de Quadra;;;0;1;0;0;0;0;0;0;0;0;0;0;-3,731170000000000;-38,543055000000000
273312;12;6;2015;01:25;0;RUA 333 CJ CEARA;;;0;;Queda;;;;Meio de Quadra;;;0;1;0;0;0;0;0;0;0;1;0;0;;
273314;12;6;2015;04:43;0;RUA OSCAR ARARIPE;;;0;;Queda;;;;Meio de Quadra;;;0;1;0;0;0;0;0;0;0;1;0;0;-3,792922000000000;-38,593897000000000
273330;12;6;2015;05:32;0;AV N CJ JOSE WALTER;;;0;;Colis?úo;Amanhecer;;;Meio de Quadra;;;0;1;0;0;0;0;0;0;0;0;0;0;;
273337;12;6;2015;06:25;0;AV ODILON GUIMARAES;;;0;;Colis?úo;Luz do Dia;;;Meio de Quadra;;;0;1;0;0;0;0;0;0;0;0;0;0;-3,815323000000000;-38,468645000000000
273350;12;6;2015;06:59;1764;RUA TEN WILSON  D46;RUA ASP MENDES;;0;;Colis?úo;Luz do Dia;;;Cruz;N?úo H?í Controle;Residencial;0;1;0;0;0;0;0;0;0;0;0;0;-3,769481000000000;-38,514054000000000
273394;12;6;2015;20:56;3973;RUA PDE MACEDO;RUA AQUIRAZ;;0;;Colis?úo;;;;;;;0;1;0;1;0;0;0;0;0;1;0;0;-3,756290000000000;-38,545931000000000
273407;12;6;2015;21:36;0;AV BEZERRA DE MENEZES;;;0;;Colis?úo;;;;Meio de Quadra;;;0;1;0;1;0;0;0;0;0;1;0;0;;
273408;12;6;2015;22:49;0;AV MR HULL;;;0;;Queda;;;;Meio de Quadra;;;0;1;0;0;0;0;0;0;0;1;0;0;;
273404;12;6;2015;21:24;0;AV PERIMETRAL;;;0;;Colis?úo;;;;Meio de Quadra;;;0;1;0;0;0;0;0;0;0;0;0;0;;
259044;12;6;2015;12:45;0;RD BR 222;;;0;KM-02;Colis?úo Lateral;Luz do Dia;Bom;Seca;Meio de Quadra;N?úo H?í Controle;Comercial;0;0;3;0;1;0;0;0;0;0;0;0;-3,738951000000000;-38,586880000000000
259045;12;6;2015;22:50;0;RD BR 222;;;0;;Atropelamento de Animal;Via Iluminada;Nublado;Seca;Meio de Quadra;N?úo H?í Controle;Comercial;0;2;0;0;0;0;0;0;0;1;0;0;;
259007;12;6;2015;07:30;0;RD BR 116;;;4000;KM-04;Colis?úo Lateral;Luz do Dia;Bom;Seca;Meio de Quadra;N?úo H?í Controle;Comercial;0;1;1;1;0;0;0;0;0;1;0;0;-3,788331000000000;-38,510646000000000
252398;13;6;2015;16:30;3811;RUA TEREZA CRISTINA;RUA LUIS DE MIRANDA;;0;;Colis?úo Transversal;Luz do Dia;Bom;Seca;Cruz;Pare;Residencial;0;0;2;1;0;0;0;0;0;0;0;0;-3,737524000000000;-38,539896000000000
273437;13;6;2015;03:08;24967;AV ALM HENRIQUE SABOIA;AV SANTOS DUMONT;;0;;Colis?úo;;;;Outros;N?úo H?í Controle;Comercial;0;1;0;0;0;0;0;0;0;0;0;0;-3,739751000000000;-38,487482000000000
273435;13;6;2015;01:16;0;RUA NOGUEIRA ACIOLI;;;0;;Colis?úo;;;;Meio de Quadra;;;0;1;0;1;0;0;0;0;0;1;0;0;;
273441;13;6;2015;07:20;0;RUA BERNARDO MANUEL;;;852;;Colis?úo;Luz do Dia;;;Meio de Quadra;;;0;1;0;1;0;0;0;0;0;1;0;0;;
273446;13;6;2015;07:30;17287;AV PRO GOMES DE MATOS;RUA VASCO DA GAMA;;0;;Colis?úo;Luz do Dia;;;Cruz;Pare;Comercial;0;1;0;1;0;0;0;0;0;1;0;0;-3,763166000000000;-38,547335000000000
273452;13;6;2015;08:09;0;AV GAL OSORIO DE PAIVA;;;0;;Colis?úo;Luz do Dia;;;Meio de Quadra;;;0;1;0;1;0;0;0;0;0;1;0;0;-3,779137000000000;-38,572016000000000
273454;13;6;2015;09:46;0;AV GODOFREDO MACIEL;;;0;;Colis?úo;Luz do Dia;;;Meio de Quadra;;;0;1;0;0;0;0;0;0;0;0;0;0;;
273456;13;6;2015;11:01;10704;RUA ANTONIO IVO;RUA MON HIPOLITO BRASIL;;0;;Colis?úo;Luz do Dia;;;;;;0;1;0;1;0;0;0;0;0;1;0;0;-3,758154000000000;-38,580214000000000
273459;13;6;2015;12:11;0;RUA 115 CJ CEARA;;;0;;Queda;Luz do Dia;;;Meio de Quadra;;;0;1;0;0;0;0;0;0;0;1;0;0;-3,774387000000000;-38,606385000000000
273464;13;6;2015;12:23;0;RUA MARIA CLARA;;;0;;Colis?úo;Luz do Dia;;;Meio de Quadra;;;0;1;0;0;0;0;0;0;0;0;0;0;;
273470;13;6;2015;13:42;5247;AV IMPERADOR;RUA PEDRO PEREIRA;;0;;Queda;Luz do Dia;;;Cruz;Sem?íforo;Comercial;0;1;0;0;0;0;0;0;0;1;0;0;-3,727714000000000;-38,534609000000000
273505;13;6;2015;17:27;0;AV PRS JUSCELINO KUBITSCHEK (PASSAR?ë);;;0;;Atropelamento;Anoitecer;;;Meio de Quadra;;;0;1;0;0;0;0;0;0;0;0;0;0;-3,812546000000000;-38,528922000000000
273507;13;6;2015;18:02;9287;AV DOS EXPEDICIONARIOS;AV BORGES DE MELO;;0;;Colis?úo;Anoitecer;;;Cruz;Sem?íforo;Comercial;0;1;0;1;0;0;0;0;0;1;0;0;-3,753391000000000;-38,537674000000000
273508;13;6;2015;18:10;0;RUA DOM SEBASTIAO LEME;;;0;;Atropelamento;Anoitecer;;;Meio de Quadra;;;0;1;0;1;0;0;0;0;0;0;0;0;-3,743044000000000;-38,526785000000000
273499;13;6;2015;16:09;0;RUA JOSE MARTINS;;;0;;Queda;Luz do Dia;;;Meio de Quadra;;;0;1;0;0;0;0;0;0;0;1;0;0;;
273500;13;6;2015;16:14;0;AV CASTELO DE CASTRO;;;0;;Colis?úo;Luz do Dia;;;Meio de Quadra;;;0;1;0;0;0;0;0;0;0;0;0;0;;
273511;13;6;2015;18:25;0;RUA VILA VELHA;;;0;;Colis?úo;Anoitecer;;;Meio de Quadra;;;0;1;0;1;0;0;0;0;0;1;0;0;;
273513;13;6;2015;21:41;0;RUA CEL FABRICIANO;;;0;;Queda;;;;Meio de Quadra;;;0;1;0;0;0;0;0;0;0;1;0;0;-3,785853000000000;-38,597097000000000
273514;13;6;2015;22:49;0;AV PERIMETRAL;;;0;;Colis?úo;;;;Meio de Quadra;;;0;1;0;0;0;0;0;0;0;1;0;0;;
273515;13;6;2015;23:06;0;AV CASTELO DE CASTRO;;;0;;Queda;;;;Meio de Quadra;;;0;1;0;0;0;0;0;0;0;1;0;0;-3,830826000000000;-38,521490000000000