COD_ACIDENTE;DIA;MES;ANO;HORA;INTERSECAO;LOG1;LOG2;LOG3;NUMERO;REFERENCIA;NATUREZA;ILUMINACAO;TEMPO;SUPERFICIEPISTA;TIPOCRUZAMENTO;CONTROLETRAFEGO;USOSOLO;MORTOS;FERIDOS;ILESOS;AUTOMOVEL;ONIBUS;BICICLETA;CAMINHAO;MICROONIBUS;CICLOMOTOR;MOTOCICLETA;TRACAOANIMAL;TREM;LATITUDE;LONGITUDE
273477;13;6;2015;14:04;0;AV BEZERRA DE MENEZES;;;0;;Colis?úo;Luz do Dia;;;Meio de Quadra;;;0;1;0;0;0;0;0;0;0;0;0;0;;
273490;13;6;2015;15:56;0;AV DEP PAULINO ROCHA;;;0;;Atropelamento;Luz do Dia;;;Meio de Quadra;;;0;1;0;1;0;0;0;0;0;0;0;0;-3,801112000000000;-38,507330000000000
267339;13;6;2015;00:24;26240;RUA REGINA SILVA;RUA GEORGE SOSA;;0;;Colis?úo;;;;;;;1;0;1;1;0;0;0;0;0;0;0;0;;
252279;13;6;2015;14:00;0;RUA CEL JUSTINO F RAMOS;;;95;;Colis?úo Lateral;Via Iluminada;Bom;Seca;Meio de Quadra;N?úo H?í Controle;Residencial;0;1;1;1;0;0;0;0;0;1;0;0;;
252280;13;6;2015;07:45;0;RUA VILEBALDO AGUIAR;;;1740;;Colis?úo Transversal;Luz do Dia;Bom;Seca;Meio de Quadra;N?úo H?í Controle;Residencial;0;1;1;0;0;0;0;0;0;1;0;0;-3,745221000000000;-38,473308000000000
252281;13;6;2015;07:11;1260;RUA JOSE VILAR;RUA COSTA BARROS;;0;;Colis?úo Transversal;Luz do Dia;Bom;Seca;Cruz;Sem?íforo;Residencial;0;1;1;0;0;0;0;0;0;1;0;0;-3,732908000000000;-38,503746000000000
252282;13;6;2015;13:50;13376;RUA JOAO BRIGIDO;RUA GONCALVES LEDO;;0;;Colis?úo Transversal;Luz do Dia;Bom;Seca;Cruz;N?úo H?í Controle;Residencial;0;1;2;1;0;0;0;0;0;0;0;0;-3,739611000000000;-38,518955000000000
252286;13;6;2015;12:50;0;RUA PEDRO PEREIRA;;;501;;Colis?úo Lateral;Luz do Dia;Bom;Seca;Meio de Quadra;Sem?íforo;Comercial;0;0;2;1;0;0;0;0;0;0;0;0;-3,729256000000000;-38,529845000000000
252292;13;6;2015;09:10;9227;RUA JAIME BENEVOLO;RUA MARIO MAMEDE;;0;;Colis?úo Transversal;Luz do Dia;Bom;Seca;Cruz;Sem?íforo;Residencial;0;1;1;1;0;0;1;0;0;0;0;0;-3,749153000000000;-38,531586000000000
252289;13;6;2015;14:30;0;AV BEZERRA DE MENEZES;;;692;;Engavetamento;Luz do Dia;Bom;Seca;Meio de Quadra;Sem?íforo;Comercial;0;1;1;0;1;0;0;0;0;1;0;0;-3,732914000000000;-38,551146000000000
252297;13;6;2015;15:00;0;RUA VALMIR PONTES;;;0;;Colis?úo Transversal;Luz do Dia;Bom;Seca;Meio de Quadra;N?úo H?í Controle;Escola;0;0;2;1;0;0;0;0;0;0;0;0;;
252300;13;6;2015;14:00;0;RUA BAR RIO BRANCO;;;538;;Colis?úo Transversal;Luz do Dia;Bom;Seca;Meio de Quadra;N?úo H?í Controle;Comercial;0;0;2;1;0;0;0;0;0;0;0;0;-3,723075000000000;-38,527184000000000
252313;13;6;2015;05:55;22353;AV BEZERRA DE MENEZES;AV OLAVO BILAC;;0;;Colis?úo Transversal;Amanhecer;Bom;Seca;Cruz;Sem?íforo;Comercial;1;1;1;0;1;0;0;0;0;1;0;0;-3,735601000000000;-38,564151000000000
252314;13;6;2015;08:30;5437;RUA METON DE ALENCAR;RUA FLORIANO PEIXOTO;;0;;Tombamento;Luz do Dia;Bom;Seca;Cruz;Pare;Residencial;0;0;2;1;0;0;0;0;0;0;0;0;-3,734071000000000;-38,529358000000000
252315;13;6;2015;11:30;12352;RUA ERNESTO PEDRO SANTOS;RUA MON HIPOLITO BRASIL;;0;;Colis?úo Transversal;Luz do Dia;Bom;Seca;Cruz;Pare;Comercial;0;0;2;1;0;0;0;0;0;0;0;0;-3,760775000000000;-38,575314000000000
252316;13;6;2015;13:30;5433;RUA METON DE ALENCAR;RUA MAJ FACUNDO;;0;;Colis?úo Transversal;Luz do Dia;Bom;Seca;Cruz;Pare;Comercial;0;1;1;1;0;0;0;0;0;0;0;0;-3,733917000000000;-38,529899000000000
252304;13;6;2015;05:40;7633;AV CARNEIRO DE MENDONCA;RUA RIO GRANDE DO SUL;;0;;Colis?úo Traseira;Amanhecer;Bom;Seca;Cruz;;Comercial;0;0;3;1;0;0;1;0;0;0;0;0;-3,762374000000000;-38,570011000000000
252305;13;6;2015;13:50;0;RUA ALBERTO MAGNO;;;570;;Colis?úo Lateral;Luz do Dia;Bom;Seca;Meio de Quadra;N?úo H?í Controle;Residencial;0;0;2;0;0;0;1;0;0;1;0;0;-3,760679000000000;-38,546317000000000
252306;13;6;2015;22:30;1243;RUA PEREIRA FILGUEIRAS;RUA DR JOSE LOURENCO;;0;;Colis?úo Transversal;Via Iluminada;Bom;Seca;Cruz;Pare;Comercial;0;0;2;1;0;0;0;0;0;0;0;0;-3,730449000000000;-38,506470000000000
252310;13;6;2015;04:30;5189;RUA PDE IBIAPINA;RUA PEDRO PEREIRA;;0;;Colis?úo Lateral;Amanhecer;Bom;Seca;Cruz;Outros;Comercial;0;0;2;1;1;0;0;0;0;0;0;0;-3,725940000000000;-38,540601000000000
263687;13;6;2015;18:50;0;AV PRS JUSCELINO KUBITSCHEK (PASSAR?ë);;;3555;;Colis?úo;;;;Meio de Quadra;;;0;1;0;1;0;1;0;0;0;0;0;0;-3,812546000000000;-38,528922000000000
263690;13;6;2015;22:33;0;RUA CAP HUGO BEZERRA;;;1553;;Atropelamento;;;;Meio de Quadra;;;1;0;1;1;0;0;0;0;0;0;0;0;-3,819496000000000;-38,516336000000000
259369;13;6;2015;09:55;0;RD CE-040;;;0;KM-07;Colis?úo;Luz do Dia;;Seca;Meio de Quadra;;;0;0;3;1;0;0;0;0;0;0;0;0;-3,817953000000000;-38,483160000000000
259370;13;6;2015;08:30;0;AV SEN CARLOS JEREISSATI (AEROPORTO);;;0;KM 02;Colis?úo;Luz do Dia;;Seca;Meio de Quadra;;;0;0;3;1;0;0;1;0;0;0;0;0;-3,783932000000000;-38,529156000000000
259372;13;6;2015;12:30;0;RD CE-040;;;0;KM-03;Colis?úo;Luz do Dia;Bom;Seca;Meio de Quadra;;;0;0;3;1;0;0;0;0;0;1;0;0;-3,783185000000000;-38,481014000000000
262708;13;6;2015;18:43;3795;RUA JUVENAL GALENO;RUA GERVASIO DE CASTRO;;0;;Colis?úo;;;;T;Pare;Comercial;0;0;2;1;0;0;1;0;0;0;0;0;-3,738628000000000;-38,539609000000000
268228;13;6;2015;01:08;5054;RUA ALM JACEGUAI;RUA DRAGAO DO MAR;;0;;Colis?úo;;;;Cruz;Pare;Comercial;0;0;2;0;0;0;0;0;0;0;0;0;-3,721835000000000;-38,519333000000000
268231;13;6;2015;02:26;0;RUA CEL MATOS DOURADO;;;0;;Atropelamento;;;;Meio de Quadra;;;0;1;1;0;0;0;0;0;0;0;0;0;;
268235;13;6;2015;03:40;0;RUA GAL CLARINDO DE QUEIROZ;;;0;;Atropelamento;;;;Meio de Quadra;;;0;0;2;0;0;0;0;0;0;0;0;0;;
268262;13;6;2015;11:57;0;RUA JOAO GENTIL;;;2998;;Choque c/ Obst?ículo Fixo;Luz do Dia;;;Meio de Quadra;;;0;0;1;0;0;0;0;0;0;0;0;0;;
268263;13;6;2015;12:00;0;RUA RAIMUNDO MARQUES;;;0;;Colis?úo;Luz do Dia;;;Meio de Quadra;;;0;0;2;0;0;0;0;0;0;0;0;0;;
268256;13;6;2015;08:39;23710;AV GAL OSORIO DE PAIVA;RUA DOM HENRIQUE;;0;;Colis?úo;Luz do Dia;;;Duplo T;Pare;Comercial;0;0;2;0;0;0;0;0;0;0;0;0;-3,786100000000000;-38,583025000000000
268237;13;6;2015;05:02;0;AV PDE ANTONIO TOMAS;;;3646;PQ DO COCO;Choque c/ Obst?ículo Fixo;Amanhecer;;;Meio de Quadra;;;0;1;0;0;0;0;0;0;0;0;0;0;-3,743806000000000;-38,487191000000000
268239;13;6;2015;05:15;0;AV AGUANAMBI;;;0;;Colis?úo;Amanhecer;;;Meio de Quadra;;;0;0;2;0;0;0;0;0;0;0;0;0;;
268251;13;6;2015;07:59;0;RUA SAO FRANCISCO D34;;;0;;Colis?úo;Luz do Dia;;;Meio de Quadra;;;0;0;2;0;0;0;0;0;0;0;0;0;;
268258;13;6;2015;08:48;0;RUA ANTERO QUENTAL;;;0;;Colis?úo;Luz do Dia;;;Meio de Quadra;;;0;0;2;0;0;0;0;0;0;0;0;0;;
268259;13;6;2015;10:49;0;RUA 408 CJ SAO CRISTOVAO;;;0;;Choque c/ Obst?ículo Fixo;Luz do Dia;;;Meio de Quadra;;;0;1;0;0;0;0;0;0;0;0;0;0;;
268321;13;6;2015;12:02;9093;AV VIS RIO BRANCO;RUA DR PEDRO TELES;;0;;Colis?úo;Luz do Dia;;;T;Pare;Residencial;0;0;2;0;0;0;0;0;0;0;0;0;-3,746660000000000;-38,521882000000000
268328;13;6;2015;12:28;0;RUA GAL CLARINDO DE QUEIROZ;;;0;;Colis?úo;Luz do Dia;;;Meio de Quadra;;;0;0;2;0;0;0;0;0;0;0;0;0;;
268334;13;6;2015;12:30;0;RUA MARIA CLARA;;;0;;Atropelamento;Luz do Dia;;;Meio de Quadra;;;0;0;2;0;0;0;0;0;0;0;0;0;;
268336;13;6;2015;12:46;0;RUA EMILIA GONCALVES;;;0;;Atropelamento;Luz do Dia;;;Meio de Quadra;;;0;0;2;0;0;0;0;0;0;0;0;0;;
268339;13;6;2015;13:29;0;RUA BERNARDO MANUEL;;;0;;Colis?úo;Luz do Dia;;;Meio de Quadra;;;0;0;2;0;0;0;0;0;0;0;0;0;;
268344;13;6;2015;13:47;0;RUA FRANCISCA MARIA DA CONCEICAO;;;0;;Colis?úo;Luz do Dia;;;Meio de Quadra;;;0;0;1;0;0;0;0;0;0;0;0;0;;
268348;13;6;2015;14:24;13177;AV I CJ JOSE WALTER;AV D CJ JOSE WALTER;;0;;Colis?úo;Luz do Dia;;;Rotat??ria;D?¬ Prefer?¬ncia;Comercial;0;0;2;0;0;0;0;0;0;0;0;0;-3,832440000000000;-38,552957000000000
268351;13;6;2015;14:32;18743;RUA VALPARAISO;RUA CATOLE;;0;;Colis?úo;Luz do Dia;;;Cruz;Pare;Residencial;0;0;1;0;0;0;0;0;0;0;0;0;-3,846407000000000;-38,520171000000000
268456;13;6;2015;20:19;0;AV 13 DE MAIO;;;0;;Colis?úo;;;;Meio de Quadra;;;0;0;2;0;0;0;0;0;0;0;0;0;;
268466;13;6;2015;20:32;0;RUA PEREIRA COUTINHO;;;0;;Choque c/ Obst?ículo Fixo;;;;Meio de Quadra;;;0;0;1;0;0;0;0;0;0;0;0;0;;
268471;13;6;2015;20:40;0;AV PRO JOSE ARTHUR CARVALHO;;;0;;Colis?úo;;;;Meio de Quadra;;;0;0;2;0;0;0;0;0;0;0;0;0;;
268475;13;6;2015;21:37;21611;RUA COM GARCIA;RUA JOAO RAMALHO;;0;;Colis?úo;;;;Cruz;Pare;Residencial;0;0;2;0;0;0;0;0;0;0;0;0;-3,799067000000000;-38,588536000000000
268355;13;6;2015;14:53;13937;RUA VER PEDRO PAULO MOREIRA;RUA IEDA PEREIRA;;0;;Colis?úo;Luz do Dia;;;Cruz;Pare;Comercial;0;0;2;0;0;0;0;0;0;0;0;0;-3,787070000000000;-38,488151000000000
268359;13;6;2015;16:33;17294;RUA CEL ALEXANDRINO;RUA JOAO FIRMINO;;0;;Colis?úo;Luz do Dia;;;Cruz;Pare;Comercial;0;0;1;0;0;0;0;0;0;0;0;0;-3,763514000000000;-38,554922000000000
268361;13;6;2015;17:29;0;AV PRS COSTA E SILVA;;;0;;Atropelamento;Anoitecer;;;Meio de Quadra;;;0;0;2;0;0;0;0;0;0;0;0;0;;
268377;13;6;2015;19:25;0;RUA VALPARAISO;;;0;;Colis?úo;;;;Meio de Quadra;;;0;0;2;0;0;0;0;0;0;0;0;0;;
268386;13;6;2015;19:47;0;AV DOM ALO?ìSIO LORSCHEIDER;;;0;;Colis?úo;;;;Meio de Quadra;;;0;0;2;0;0;0;0;0;0;0;0;0;;
268477;14;6;2015;00:17;22951;AV DR SILAS MUNGUBA;RUA DR JUSTA ARAUJO D45;;0;;Colis?úo;;;;Cruz;Outros;Comercial;0;0;2;0;0;0;0;0;0;0;0;0;-3,784586000000000;-38,553426000000000
268516;14;6;2015;06:46;0;AV MIGUEL DIAS;;;0;;Colis?úo;Luz do Dia;;;Meio de Quadra;;;0;0;1;0;0;0;0;0;0;0;0;0;;
268519;14;6;2015;06:53;0;RUA CARLOS CHAGAS;;;0;;Colis?úo;Luz do Dia;;;Meio de Quadra;;;0;0;1;0;0;0;0;0;0;0;0;0;;
268520;14;6;2015;06:59;1432;AV SANTOS DUMONT;AV SEN VIRGILIO TAVORA;;0;;Colis?úo;Luz do Dia;;;Cruz;Sem?íforo;Comercial;0;0;1;0;0;0;0;0;0;0;0;0;-3,737828000000000;-38,493482000000000
268500;14;6;2015;03:07;3769;AV DOMINGOS OLIMPIO;RUA SEN POMPEU;;0;;Choque c/ Obst?ículo Fixo;;;;Cruz;Sem?íforo;Comercial;0;0;1;0;0;0;0;0;0;0;0;0;-3,736254000000000;-38,532455000000000
268502;14;6;2015;03:09;0;RUA CEARA;;;0;;Colis?úo;;;;Meio de Quadra;;;0;0;1;0;0;0;0;0;0;0;0;0;;
268507;14;6;2015;04:42;2523;RUA TULIPA;AV FRANCISCO SA;;0;;Colis?úo;;;;T;Pare;Comercial;0;0;1;0;0;0;0;0;0;0;0;0;-3,710359000000000;-38,577954000000000
268480;14;6;2015;00:21;0;AV BENJAMIM BRASIL;;;0;;Colis?úo;;;;Meio de Quadra;;;0;0;1;0;0;0;0;0;0;0;0;0;;
268484;14;6;2015;00:22;25965;RUA CEL MANUEL ANTONIO LEITE;RUA DECIO DE CASTRO;;0;;Colis?úo;;;;Cruz;N?úo H?í Controle;Residencial;0;0;2;0;0;0;0;0;0;0;0;0;-3,772952000000000;-38,591473000000000
268486;14;6;2015;00:24;0;AV AUGUSTO DOS ANJOS;;;0;;Colis?úo;;;;Meio de Quadra;;;0;0;1;0;0;0;0;0;0;0;0;0;;
268488;14;6;2015;00:43;0;RUA OFIR;;;0;;Colis?úo;;;;Meio de Quadra;;;0;0;1;0;0;0;0;0;0;0;0;0;;
268493;14;6;2015;02:49;5159;AV IMPERADOR;RUA GUILHERME ROCHA;;0;;Colis?úo;;;;Cruz;Sem?íforo;Comercial;0;0;1;0;0;0;0;0;0;0;0;0;-3,725081000000000;-38,533829000000000
268496;14;6;2015;03:06;0;AV JOR THOMAZ COELHO;;;0;;Colis?úo;;;;Meio de Quadra;;;0;0;2;0;0;0;0;0;0;0;0;0;;
268504;14;6;2015;04:06;7899;AV ANTONIO SALES;RUA MON CATAO;;0;;Choque c/ Obst?ículo Fixo;;;;Cruz;Pare;Comercial;0;0;1;0;0;0;0;0;0;0;0;0;-3,748174000000000;-38,493642000000000
268524;14;6;2015;10:07;0;RUA DUAS NACOES;;;0;;Choque c/ Obst?ículo Fixo;Luz do Dia;;;Meio de Quadra;;;0;0;1;0;0;0;0;0;0;0;0;0;;
268526;14;6;2015;10:31;0;AV GAL OSORIO DE PAIVA;;;0;;Colis?úo;Luz do Dia;;;Meio de Quadra;;;0;0;2;0;0;0;0;0;0;0;0;0;;
262711;14;6;2015;20:21;0;RUA PDE PEDRO DE ALENCAR;;;0;;Colis?úo;;;;Meio de Quadra;;;0;0;2;1;0;0;0;0;0;0;0;0;;
263692;14;6;2015;01:00;0;AV VIS RIO BRANCO;;;0;;Colis?úo;;;;Meio de Quadra;;;0;1;0;1;0;0;0;0;0;1;0;0;;
268617;14;6;2015;17:03;0;AV DEP PAULINO ROCHA;;;0;;Colis?úo;Anoitecer;;;Meio de Quadra;;;0;0;2;0;0;0;0;0;0;0;0;0;;
268534;14;6;2015;12:34;0;AV COSTA OESTE;;;0;;Colis?úo;Luz do Dia;;;Meio de Quadra;;;0;0;1;0;0;0;0;0;0;0;0;0;;
268537;14;6;2015;19:31;0;RUA NOVE UI 211;;;0;;Colis?úo;;;;Meio de Quadra;;;0;0;2;0;0;0;0;0;0;0;0;0;;
268540;14;6;2015;21:32;24886;AV MOZART PINHEIRO DE LUCENA;AV MAJ ASSIS;;0;;;;;;Cruz;Sem?íforo;Residencial;0;0;2;0;0;0;0;0;0;0;0;0;-3,721695000000000;-38,596693000000000
268544;14;6;2015;21:33;3030;RUA DIOGO CORREIA;RUA ANDRE REBOUCAS;;0;;Colis?úo;;;;Cruz;Sem?íforo;Comercial;0;0;1;0;0;0;0;0;0;0;0;0;-3,774008000000000;-38,588606000000000
268546;14;6;2015;22:40;0;AV GAL OSORIO DE PAIVA;;;0;;Colis?úo;;;;Meio de Quadra;;;0;0;1;0;0;0;0;0;0;0;0;0;;
268549;14;6;2015;22:46;6342;RUA 703 CJ CEARA;RUA 705 CJ CEARA;;0;;Colis?úo;;;;;;;0;0;1;0;0;0;0;0;0;0;0;0;-3,771163000000000;-38,598231000000000
252311;14;6;2015;09:00;5235;RUA PEDRO PEREIRA;RUA PRC ISABEL;;0;;Colis?úo Transversal;Luz do Dia;Bom;Seca;Cruz;Pare;Misto;0;1;1;0;0;0;0;0;0;1;0;0;-3,727353000000000;-38,535705000000000
252312;14;6;2015;20:00;13089;AV C CJ JOSE WALTER;RUA 41 CJ JOSE WALTER;;0;;Colis?úo Transversal;Via Iluminada;Bom;Seca;Cruz;N?úo H?í Controle;Residencial;0;0;2;1;0;0;0;0;0;0;0;0;-3,828279000000000;-38,557167000000000
252307;14;6;2015;17:30;4021;AV PRO GOMES DE MATOS;RUA DES PRAXEDES;;0;;Colis?úo Transversal;Via Iluminada;Bom;Seca;Cruz;Sem?íforo;Comercial;0;3;0;0;0;0;0;0;0;1;0;0;-3,761872000000000;-38,546229000000000
252308;14;6;2015;13:50;5158;RUA SOBRAL D03;RUA CONDE D??EU;;0;;Colis?úo Lateral;Luz do Dia;Bom;Seca;T;N?úo H?í Controle;Comercial;0;0;2;0;0;0;0;0;0;1;0;0;-3,725059000000000;-38,525264000000000
252309;14;6;2015;07:00;5200;RUA TEN BENEVOLO;RUA GONCALVES LEDO;;0;;Colis?úo Lateral;Luz do Dia;Chuva;Molhada;Cruz;Pare;Residencial;0;0;2;1;1;0;0;0;0;0;0;0;-3,726183000000000;-38,514537000000000
252301;14;6;2015;07:10;9117;RUA DR ALFREDO WEYNE D14;RUA DR RATISBONA;;0;;Colis?úo Transversal;Luz do Dia;Chuva;Molhada;Cruz;Pare;Residencial;0;0;2;1;0;0;0;0;0;0;0;0;-3,756355000000000;-38,531575000000000
252302;14;6;2015;07:30;0;RUA COS LAFAYETE;;;690;;Choque c/ Obst?ículo Fixo;Luz do Dia;Nublado;Seca;Meio de Quadra;Pare;Residencial;1;0;0;0;0;0;0;0;0;1;0;0;-3,717862000000000;-38,584160000000000
252303;14;6;2015;09:20;5433;RUA METON DE ALENCAR;RUA MAJ FACUNDO;;0;;Colis?úo Transversal;Luz do Dia;Bom;Seca;Cruz;Pare;Comercial;0;0;2;1;0;0;0;0;0;0;0;0;-3,733917000000000;-38,529899000000000
252298;14;6;2015;20:50;0;AV DR SILAS MUNGUBA;;;5454;;Colis?úo Lateral;Via Iluminada;Bom;Seca;Meio de Quadra;N?úo H?í Controle;Comercial;0;0;2;1;1;0;0;0;0;0;0;0;-3,801695000000000;-38,529767000000000
252299;14;6;2015;13:20;6343;AV C CJ CEARA;RUA 1084 CJ CEARA;;0;;Colis?úo Transversal;Luz do Dia;Bom;Seca;Cruz;N?úo H?í Controle;Residencial;0;2;1;0;0;0;0;0;0;1;0;0;;
252290;14;6;2015;19:10;1257;RUA COSTA BARROS;RUA SILVA PAULET;;0;;Colis?úo Transversal;Via Iluminada;Bom;Seca;Cruz;Pare;Comercial;0;2;0;0;0;0;0;0;0;1;0;0;-3,732565000000000;-38,504799000000000
252291;14;6;2015;12:30;22055;AV JOSE BASTOS;RUA PDE CICERO;;0;;Choque c/ Obst?ículo Fixo;Luz do Dia;Bom;Seca;T;Pare;Comercial;0;0;1;0;0;0;1;0;0;0;0;0;-3,744462000000000;-38,544887000000000
252293;14;6;2015;10:25;0;AV RECREIO D64;;;840;;Outros;Luz do Dia;Bom;Seca;Meio de Quadra;N?úo H?í Controle;Residencial;0;0;3;1;0;0;0;0;0;0;0;0;-3,813186000000000;-38,449597000000000
252294;14;6;2015;13:13;0;AV ZEZE DIOGO;;;0;;Colis?úo Lateral;Luz do Dia;Bom;Seca;Meio de Quadra;Outros;Comercial;0;0;2;1;0;0;0;0;0;0;0;0;;
252295;14;6;2015;09:50;0;AV JOSE SABOIA;;;300;;Choque c/ Obst?ículo Fixo;Luz do Dia;Bom;Seca;Meio de Quadra;N?úo H?í Controle;Industrial;0;1;0;0;0;0;0;0;0;0;0;0;-3,717001000000000;-38,467612000000000
252296;14;6;2015;18:45;1359;RUA CARLOS VASCONCELOS;RUA JOAO CARVALHO;;0;;Colis?úo Transversal;Via Iluminada;Bom;Seca;Cruz;Pare;Residencial;0;0;2;1;0;0;0;0;0;0;0;0;-3,736251000000000;-38,511844000000000
252288;14;6;2015;13:00;0;AV CEL CARVALHO;;;2570;;Colis?úo Traseira;Luz do Dia;Bom;Seca;Meio de Quadra;Pare;Residencial;0;0;3;1;0;0;0;0;0;0;0;0;-3,725303000000000;-38,585839000000000
273516;14;6;2015;00:17;0;RUA JULIO PINTO D08;;;0;;Colis?úo;;;;Meio de Quadra;;;0;1;0;1;0;0;0;0;0;1;0;0;;
273517;14;6;2015;03:06;0;AV GODOFREDO MACIEL;;;0;;Queda;;;;Meio de Quadra;;;0;1;0;0;0;0;0;0;0;1;0;0;;
273518;14;6;2015;05:53;0;RUA 761 CJ CEARA;;;0;;Queda;Amanhecer;;;Meio de Quadra;;;0;1;0;0;0;0;0;0;0;1;0;0;;
273519;14;6;2015;05:57;0;AV ENG SANTANA JUNIOR;;;0;;Capotamento;Amanhecer;;;Meio de Quadra;;;0;1;0;1;0;0;0;0;0;0;0;0;;
273520;14;6;2015;07:04;0;RUA CEL VIRGILIO NOGUEIRA (BOM JARDIM);;;0;;Colis?úo;Luz do Dia;;;Meio de Quadra;;;0;1;0;1;0;0;0;0;0;1;0;0;;
273522;14;6;2015;09:04;5235;RUA PRC ISABEL;RUA PEDRO PEREIRA;;0;;Colis?úo;Luz do Dia;;;Cruz;Pare;Comercial;0;1;0;0;0;0;0;0;0;0;0;0;-3,727353000000000;-38,535705000000000
273531;14;6;2015;14:42;0;RUA BOM JESUS (GRANJA LISBOA);;;0;;Queda;Luz do Dia;;;Meio de Quadra;;;0;1;0;0;0;0;0;0;0;1;0;0;;
273533;14;6;2015;17:45;3263;AV PERIMETRAL;RUA POMAR CARIOCA;;0;;Colis?úo;Anoitecer;;;Cruz;Outros;Residencial;0;1;0;0;0;0;0;0;0;0;0;0;-3,784820000000000;-38,589809000000000
273534;14;6;2015;18:15;0;AV DA INDEPENDENCIA;;;0;;Colis?úo;Anoitecer;;;Meio de Quadra;;;0;1;0;0;0;0;0;0;0;1;0;0;-3,726765000000000;-38,591482000000000
273535;14;6;2015;19:40;0;RD BR 116;;;6000;KM-06;Colis?úo;;;;Meio de Quadra;;;0;1;0;0;0;0;0;0;0;0;0;0;-3,804691000000000;-38,503053000000000
273536;14;6;2015;19:42;0;AV DR SILAS MUNGUBA;;;0;;Colis?úo;;;;Meio de Quadra;;;0;1;0;0;0;0;0;0;0;1;0;0;-3,789391000000000;-38,543234000000000
273539;14;6;2015;21:02;12398;AV LINEU MACHADO;ET PICI;;0;;Colis?úo;;;;Cruz;Pare;Misto;0;1;0;1;0;0;0;0;0;1;0;0;-3,767407000000000;-38,577683000000000
273540;14;6;2015;21:59;0;AV GAL OSORIO DE PAIVA;;;0;;Colis?úo;;;;Meio de Quadra;;;0;1;0;1;0;0;0;0;0;1;0;0;-3,799588000000000;-38,597087000000000
273542;14;6;2015;22:30;6526;RUA 303 C CJ CEARA;RUA 311 CJ CEARA;;0;;Colis?úo;;;;;;;0;1;0;0;0;0;0;0;0;0;0;0;-3,774700000000000;-38,614759000000000
273543;14;6;2015;23:09;0;AV WASHINGTON SOARES;;;0;;Queda;;;;Meio de Quadra;;;0;1;0;0;0;1;0;0;0;0;0;0;;
273525;14;6;2015;12:03;0;AV COSTA OESTE;;;0;;Atropelamento;Luz do Dia;;;Meio de Quadra;;;0;1;0;0;0;0;0;0;0;1;0;0;;
259009;14;6;2015;09:00;0;RD BR 116;;;5000;KM-05;Colis?úo Traseira;Luz do Dia;Bom;Seca;Meio de Quadra;N?úo H?í Controle;Comercial;0;1;1;1;0;0;0;0;0;1;0;0;-3,796502000000000;-38,506787000000000
259010;15;6;2015;06:40;0;RD BR 116;;;3000;KM-03;Colis?úo Traseira;Luz do Dia;Bom;Seca;Meio de Quadra;N?úo H?í Controle;Comercial;0;1;1;1;0;0;0;0;0;0;0;0;-3,779838000000000;-38,514372000000000
259011;15;6;2015;22:30;0;RD BR 116;;;3000;KM-03;Queda;Via Iluminada;Bom;Seca;Meio de Quadra;N?úo H?í Controle;Comercial;0;1;0;0;0;0;0;0;0;1;0;0;-3,779838000000000;-38,514372000000000
273570;15;6;2015;12:56;7849;RUA FRANCISCO HOLANDA;RUA JOSE VILAR;;0;;Colis?úo;Luz do Dia;;;Cruz;Pare;Residencial;0;1;0;1;0;0;0;0;0;1;0;0;-3,747448000000000;-38,508441000000000
273575;15;6;2015;14:19;0;RUA 20 DE JANEIRO;;;0;;Colis?úo;Luz do Dia;;;Meio de Quadra;;;0;1;0;1;0;0;0;0;0;0;0;0;;
273579;15;6;2015;16:18;0;RUA ALVES DE SOUZA;;;0;;Colis?úo;Luz do Dia;;;Meio de Quadra;;;0;1;0;0;0;0;0;0;0;0;0;0;;
273581;15;6;2015;16:29;0;RUA DEP MATOSO FILHO;;;0;;Colis?úo;Luz do Dia;;;Meio de Quadra;;;0;0;1;0;0;0;0;0;0;1;0;0;;
273582;15;6;2015;17:10;11533;RUA BARRA NOVA;RUA VALE FORMOSO;;0;;Colis?úo;Anoitecer;;;Cruz;Pare;Misto;0;1;0;0;0;0;0;0;0;0;0;0;-3,784756000000000;-38,505665000000000
273584;15;6;2015;17:42;0;AV BORGES DE MELO;;;0;;Colis?úo;Anoitecer;;;Meio de Quadra;;;0;1;0;1;0;0;0;0;0;1;0;0;;
273585;15;6;2015;17:52;0;AV GAL OSORIO DE PAIVA;;;0;;Colis?úo;Anoitecer;;;Meio de Quadra;;;0;1;0;0;0;0;0;0;0;1;0;0;-3,775166000000000;-38,565833000000000
273586;15;6;2015;18:20;0;RUA 14 CJ PEQ MONDUBIM;;;0;;Colis?úo;Anoitecer;;;Meio de Quadra;;;0;1;0;1;0;0;0;0;0;1;0;0;;
273588;15;6;2015;19:03;5202;RUA PEREIRA FILGUEIRAS;RUA RODRIGUES JUNIOR;;0;;Colis?úo;;;;Cruz;Pare;Comercial;0;2;0;1;0;0;0;0;0;0;0;0;-3,726304000000000;-38,519213000000000
273593;15;6;2015;19:09;0;AV FRANCISCO SA;;;0;;Colis?úo;;;;Meio de Quadra;;;0;0;1;0;0;0;0;0;0;0;0;0;;
273598;15;6;2015;21:18;0;AV CASTANHOLEIRAS;;;0;;Queda;;;;Meio de Quadra;;;0;1;0;0;0;0;0;0;0;1;0;0;-3,752991000000000;-38,468533000000000
273599;15;6;2015;22:14;0;AV ALBERTO CRAVEIRO;;;0;;Queda;;;;Meio de Quadra;;;0;1;0;0;0;0;0;0;0;1;0;0;;
273601;15;6;2015;23:46;0;AV BEZERRA DE MENEZES;;;0;;Queda;;;;Meio de Quadra;;;0;1;0;0;0;0;0;0;0;1;0;0;;