COD_ACIDENTE;DIA;MES;ANO;HORA;INTERSECAO;LOG1;LOG2;LOG3;NUMERO;REFERENCIA;NATUREZA;ILUMINACAO;TEMPO;SUPERFICIEPISTA;TIPOCRUZAMENTO;CONTROLETRAFEGO;USOSOLO;MORTOS;FERIDOS;ILESOS;AUTOMOVEL;ONIBUS;BICICLETA;CAMINHAO;MICROONIBUS;CICLOMOTOR;MOTOCICLETA;TRACAOANIMAL;TREM;LATITUDE;LONGITUDE
273563;15;6;2015;11:13;0;AV GAL OSORIO DE PAIVA;;;0;;Atropelamento;Luz do Dia;;;Meio de Quadra;;;0;1;0;0;0;0;0;0;0;1;0;0;-3,775166000000000;-38,565833000000000
273565;15;6;2015;12:49;0;AV PRS COSTA E SILVA;;;0;;Atropelamento;Luz do Dia;;;Meio de Quadra;;;0;1;0;0;1;0;0;0;0;0;0;0;;
252388;15;6;2015;10:00;0;AV JOR THOMAZ COELHO;;;0;;Colis?úo Frontal;;;Seca;Meio de Quadra;Sem?íforo;Comercial;0;0;2;1;0;0;0;0;0;0;0;0;;
252379;15;6;2015;16:30;19152;RUA BATISTA DE OLIVEIRA;RUA LAURO NOGUEIRA;;0;;Colis?úo Transversal;Luz do Dia;Bom;Seca;Cruz;Pare;Residencial;0;1;2;0;0;0;0;0;0;0;0;0;-3,740086000000000;-38,478301000000000
252385;15;6;2015;16:30;17563;RUA ESPIRITO SANTO;RUA AMAZONAS;;0;;Colis?úo Transversal;Luz do Dia;Bom;Seca;Cruz;Pare;Residencial;0;1;1;1;0;0;0;0;0;1;0;0;-3,751391000000000;-38,567217000000000
252333;15;6;2015;14:30;0;TR 25 DE MARCO UI 806;;;60;;Colis?úo Lateral;Luz do Dia;Bom;Seca;Meio de Quadra;N?úo H?í Controle;Residencial;0;0;2;1;0;0;0;1;0;0;0;0;;
252335;15;6;2015;14:30;0;AV 20 DE JANEIRO;;;1621;;Colis?úo Lateral Sentido Oposto;Luz do Dia;Bom;Seca;Meio de Quadra;;Residencial;0;1;3;1;0;0;0;0;0;0;0;0;-3,705791000000000;-38,580919000000000
252337;15;6;2015;14:30;0;RUA METON DE ALENCAR;;;0;;Colis?úo Lateral;Luz do Dia;Bom;Seca;Meio de Quadra;Sem?íforo;Comercial;0;0;2;1;1;0;0;0;0;0;0;0;;
252342;15;6;2015;15:30;3946;RUA DULCINEIA GONDIM;RUA FRE ORLANDO;;0;;Colis?úo Lateral;Luz do Dia;Bom;Seca;Cruz;Pare;Residencial;0;1;1;1;0;0;0;0;0;1;0;0;-3,756988000000000;-38,547738000000000
252344;15;6;2015;08:30;15238;RUA TEN BENEVOLO;RUA BAR ARACATI;;0;;Colis?úo Lateral;Luz do Dia;Bom;Seca;Cruz;Pare;Residencial;0;0;2;1;0;0;0;0;0;1;0;0;-3,727628000000000;-38,510266000000000
252346;15;6;2015;21:00;0;AV JOR THOMAZ COELHO;;;0;;Colis?úo Lateral;Via Iluminada;Bom;Seca;Meio de Quadra;Outros;Comercial;0;0;2;1;1;0;0;0;0;0;0;0;;
252375;15;6;2015;10:00;17331;RUA ROMEU MARTINS;RUA BAR CANINDE;;0;;Colis?úo Transversal;Luz do Dia;Bom;Seca;Cruz;Pare;Residencial;0;1;1;1;0;0;0;0;0;1;0;0;-3,764890000000000;-38,554694000000000
252376;15;6;2015;08:30;15347;AV DOM LUIS;RUA TIBURCIO CAVALCANTE;;0;;Colis?úo Lateral;;Bom;;Duplo T;;;0;0;2;1;1;0;0;0;0;0;0;0;-3,732021000000000;-38,501313000000000
252377;15;6;2015;09:30;0;RUA CARLOS VASCONCELOS;;;170;;Colis?úo Lateral;Luz do Dia;Bom;Seca;Meio de Quadra;N?úo H?í Controle;Residencial;0;0;2;1;0;0;0;0;0;0;0;0;-3,723623000000000;-38,507765000000000
252358;15;6;2015;16:20;0;AV ODILON GUIMARAES;;;2136;;Colis?úo Traseira;Luz do Dia;Bom;Seca;Meio de Quadra;N?úo H?í Controle;Residencial;0;0;2;1;0;0;0;0;0;0;0;0;-3,819952000000000;-38,475434000000000
252370;15;6;2015;09:00;1538;AV PDE ANTONIO TOMAS;RUA LEONARDO MOTA;;0;;Colis?úo Frontal;Luz do Dia;Bom;Seca;Cruz;Sem?íforo;Residencial;0;0;2;1;0;0;0;0;0;0;0;0;-3,740811000000000;-38,497662000000000
252371;15;6;2015;16:30;9046;RUA MON OTAVIO CASTRO;RUA PDE MATOS SERRA;;0;;Colis?úo Transversal;Luz do Dia;Bom;Seca;Cruz;Pare;Comercial;0;0;2;1;0;0;0;0;0;0;0;0;-3,744257000000000;-38,527506000000000
252373;15;6;2015;07:00;9952;RUA EMILIO DE MENESES;RUA JOSE TORRES;;0;;Colis?úo Transversal;Luz do Dia;;;Cruz;Pare;Comercial;0;1;1;1;1;0;0;0;0;0;0;0;-3,776425000000000;-38,606283000000000
252348;15;6;2015;13:00;0;RUA CEL MATOS DOURADO;;;0;;Engavetamento;Luz do Dia;Bom;Seca;Meio de Quadra;Outros;Comercial;0;0;3;0;1;0;0;0;0;0;0;0;;
252350;15;6;2015;13:00;7849;RUA JOSE VILAR;RUA FRANCISCO HOLANDA;;0;;Colis?úo Transversal;Luz do Dia;Bom;Seca;Cruz;Pare;Residencial;0;1;2;1;0;0;0;0;0;1;0;0;-3,747448000000000;-38,508441000000000
252352;15;6;2015;12:50;0;AV JOSE BASTOS;;;4683;;Colis?úo Traseira;Luz do Dia;Bom;Seca;Meio de Quadra;Gesto;Comercial;0;0;4;1;0;0;0;0;0;0;0;0;-3,756873000000000;-38,557516000000000
252362;15;6;2015;14:30;0;AV FRE CIRILO;;;3845;;Colis?úo Transversal;Luz do Dia;Bom;Seca;Meio de Quadra;N?úo H?í Controle;Comercial;0;0;2;1;0;0;0;0;0;0;0;0;-3,817626000000000;-38,497268000000000
252363;15;6;2015;07:45;0;AV HERACLITO GRACA;;;1390;;Colis?úo Lateral;Luz do Dia;Bom;Seca;Meio de Quadra;N?úo H?í Controle;Comercial;0;0;2;1;0;0;0;0;0;1;0;0;-3,737513000000000;-38,512442000000000
252364;15;6;2015;00:15;8949;AV BEZERRA DE MENEZES;RUA JUSTINIANO DE SERPA;;0;;Choque c/ Obst?ículo Fixo;Via Iluminada;Bom;Seca;Cruz;Sem?íforo;Comercial;0;0;1;1;0;0;0;0;0;0;0;0;-3,731156000000000;-38,542857000000000
252365;15;6;2015;20:40;8937;RUA ANTONIO POMPEU;RUA CARLOS SEVERO;;0;;Colis?úo Lateral;Via Iluminada;Bom;Seca;Cruz;Pare;Comercial;0;1;1;1;0;0;0;0;0;1;0;0;-3,731863000000000;-38,541865000000000
273550;15;6;2015;06:57;0;AV FRANCISCO SA;;;0;;Queda;Luz do Dia;;;Meio de Quadra;;;0;1;0;0;0;0;0;0;0;1;0;0;;
273551;15;6;2015;08:07;0;AV DR SILAS MUNGUBA;;;0;;Colis?úo;Luz do Dia;;;Meio de Quadra;;;0;1;0;1;0;0;0;0;0;1;0;0;-3,797134000000000;-38,531621000000000
273552;15;6;2015;08:50;15288;RUA SILVA JATAHY;RUA VICENTE LEITE;;0;;Colis?úo;Luz do Dia;;;Cruz;Pare;Residencial;0;1;0;1;0;0;0;0;0;1;0;0;-3,729302000000000;-38,492910000000000
273553;15;6;2015;09:04;9198;RUA BAR ARATANHA;RUA COSTA ARAUJO;;0;;Colis?úo;Luz do Dia;;;Cruz;Pare;Comercial;0;1;0;1;0;0;0;0;0;1;0;0;-3,746946000000000;-38,531099000000000
273554;15;6;2015;09:16;15227;AV ABOLICAO;AV DES MOREIRA;;0;;Colis?úo;Luz do Dia;;;Cruz;Sem?íforo;Comercial;0;1;0;0;0;0;0;0;0;0;0;0;-3,727331000000000;-38,495474000000000
273555;15;6;2015;09:46;0;RUA PDE PEDRO DE ALENCAR;;;0;;Colis?úo;Luz do Dia;;;Meio de Quadra;;;0;1;0;1;0;0;0;0;0;1;0;0;-3,837197000000000;-38,494171000000000
273561;15;6;2015;11:06;0;RUA CAROLINA SUCUPIRA;;;0;;Queda;Luz do Dia;;;Meio de Quadra;;;0;1;0;0;0;0;0;0;0;1;0;0;;
273544;15;6;2015;05:00;0;AV ABOLICAO;;;0;;Colis?úo;Amanhecer;;;Meio de Quadra;;;0;1;0;0;0;0;1;0;0;1;0;0;;
273546;15;6;2015;05:13;9952;RUA EMILIO DE MENESES;RUA JOSE TORRES;;0;;Colis?úo;Amanhecer;;;Cruz;Pare;Comercial;0;1;0;1;1;0;0;0;0;0;0;0;-3,776425000000000;-38,606283000000000
273547;15;6;2015;06:03;0;AV PERIMETRAL;;;0;;Colis?úo;Luz do Dia;;;Meio de Quadra;;;0;1;0;0;0;0;0;0;0;0;0;0;;
273548;15;6;2015;06:36;0;RUA GAL GOIS MONTEIRO;;;0;;Colis?úo;Luz do Dia;;;Meio de Quadra;;;0;1;0;1;0;0;0;0;0;1;0;0;;
252317;15;6;2015;08:00;15226;AV ANTONIO JUSTA;AV ABOLICAO;;0;;Colis?úo Lateral;Luz do Dia;Bom;Seca;;Sem?íforo;Comercial;0;2;0;0;1;0;0;0;0;1;0;0;-3,727331000000000;-38,495474000000000
252318;15;6;2015;08:45;0;AV DR SILAS MUNGUBA;;;1700;;Colis?úo Traseira;Luz do Dia;Bom;Seca;Meio de Quadra;Sem?íforo;Escola;0;1;1;1;0;0;0;0;0;1;0;0;-3,785332000000000;-38,552153000000000
252319;15;6;2015;12:30;0;AV AGUANAMBI;;;1020;;Colis?úo Lateral;Luz do Dia;Bom;Seca;Meio de Quadra;Sem?íforo;Residencial;0;0;2;1;0;0;0;0;0;0;0;0;-3,745822000000000;-38,525342000000000
252321;15;6;2015;06:40;20839;AV JOVITA FEITOSA;RUA 21 DE ABRIL D27;;0;;Colis?úo Lateral;Luz do Dia;Bom;Seca;Cruz;N?úo H?í Controle;Residencial;0;0;2;1;0;0;0;0;0;0;0;0;-3,742913000000000;-38,567358000000000
252322;15;6;2015;19:00;1566;RUA PDE VALDEVINO;RUA SILVA PAULET;;0;;Colis?úo Transversal;Via Iluminada;Bom;Seca;Cruz;Pare;Comercial;0;0;2;1;0;0;0;0;0;0;0;0;-3,741957000000000;-38,507851000000000
252323;15;6;2015;14:50;0;RUA JOSE VILAR;;;0;;Colis?úo Lateral;Luz do Dia;Bom;Seca;Meio de Quadra;N?úo H?í Controle;Residencial;0;1;1;1;0;0;0;0;1;0;0;0;-3,751014000000000;-38,509601000000000
252326;15;6;2015;12:50;347;RUA PRO COSTA MENDES;RUA FRANCISCA CLOTILDE;;0;;Colis?úo Lateral Sentido Oposto;Luz do Dia;Bom;Seca;Cruz;Pare;Comercial;0;0;2;1;1;0;0;0;0;0;0;0;-3,746335000000000;-38,556137000000000
252330;15;6;2015;16:30;0;AV BEZERRA DE MENEZES;;;600;;Colis?úo Lateral;Luz do Dia;Bom;Seca;Meio de Quadra;Sem?íforo;Comercial;0;0;2;1;0;0;1;0;0;0;0;0;-3,732748000000000;-38,550352000000000
268551;15;6;2015;11:06;2737;RUA CEL JOAO CORREIA;RUA ZACARIAS FLORINDO;;0;;Atropelamento;Luz do Dia;;;;;;0;0;2;0;0;0;0;0;0;0;0;0;-3,790872000000000;-38,607428000000000
268553;15;6;2015;11:18;6169;RUA MIN ALBUQUERQUE LIMA;RUA 836 CJ CEARA;;0;;;Luz do Dia;;;;;;0;0;2;0;0;0;0;0;0;0;0;0;-3,770922000000000;-38,603437000000000
268556;15;6;2015;13:45;0;RUA MARIA GOMES DE SA;;;0;;Colis?úo;Luz do Dia;;;Meio de Quadra;;;0;0;3;0;0;0;0;0;0;0;0;0;;
268560;15;6;2015;17:28;0;RUA BARRA NOVA;;;0;;Atropelamento;Anoitecer;;;Meio de Quadra;;;0;0;2;0;0;0;0;0;0;0;0;0;;
268568;15;6;2015;20:15;0;AV BENJAMIM BRASIL;;;0;;Atropelamento;Anoitecer;;;Meio de Quadra;;;0;0;2;0;0;0;0;0;0;0;0;0;;
268579;15;6;2015;16:33;0;RUA BAR AQUIRAZ;;;0;;Colis?úo;Luz do Dia;;;Meio de Quadra;;;0;0;1;0;0;0;0;0;0;0;0;0;;
268580;15;6;2015;17:20;0;AV N CJ JOSE WALTER;;;0;;Colis?úo;Anoitecer;;;Meio de Quadra;;;0;0;1;0;0;0;0;0;0;0;0;0;;
268574;15;6;2015;08:36;3199;RUA VERBENA;RUA VITAL BRASIL;;0;;Colis?úo;Luz do Dia;;;Cruz;Sem?íforo;Comercial;0;0;1;0;0;0;0;0;0;0;0;0;-3,780666000000000;-38,588650000000000
263700;15;6;2015;00:04;0;AV LINEU MACHADO;;;826;;Colis?úo;;;;Meio de Quadra;;;0;2;0;1;0;0;0;0;0;1;0;0;;
259375;15;6;2015;08:20;0;RD CE-040;;;0;KM-05;Colis?úo;Luz do Dia;;Seca;Meio de Quadra;;;0;1;1;1;0;0;0;0;0;0;0;0;-3,790876000000000;-38,480349000000000
262746;15;6;2015;19:15;0;AV GAL OSORIO DE PAIVA;;;0;;Colis?úo;;;;Meio de Quadra;;;0;0;2;1;1;0;0;0;0;0;0;0;;
262768;16;6;2015;14:03;0;AV DOS EXPEDICIONARIOS;;;0;;Colis?úo;Luz do Dia;;;Meio de Quadra;;;0;0;2;1;0;0;0;0;0;0;0;0;;
259380;16;6;2015;13:55;0;RD CE-040;;;0;KM-03;;Luz do Dia;;Seca;Meio de Quadra;;;0;0;2;1;0;0;1;0;0;0;0;0;-3,783185000000000;-38,481014000000000
259382;16;6;2015;14:00;0;RD CE-065;;;0;KM-03;Colis?úo;Luz do Dia;;Seca;Meio de Quadra;;;0;1;1;1;0;0;0;0;0;1;0;0;;
268577;16;6;2015;10:27;0;RUA SGT SERPA;;;0;;Colis?úo;Luz do Dia;;;Meio de Quadra;;;0;0;2;0;0;0;0;0;0;0;0;0;;
268581;16;6;2015;17:53;0;RUA MON FURTADO;;;0;;Colis?úo;Anoitecer;;;Meio de Quadra;;;0;0;2;0;0;0;0;0;0;0;0;0;;
268582;16;6;2015;18:15;0;RUA JOSE CAVALCANTE SOBR;;;0;;Colis?úo;Anoitecer;;;Meio de Quadra;;;0;0;2;0;0;0;0;0;0;0;0;0;;
268583;16;6;2015;20:21;0;AV RECREIO D64;;;0;;Colis?úo;;;;Meio de Quadra;;;0;0;1;0;0;0;0;0;0;0;0;0;;
268584;16;6;2015;00:27;0;RUA FENELON BOMILCAR;;;0;;Choque c/ Obst?ículo Fixo;;;;Meio de Quadra;;;0;1;0;0;0;0;0;0;0;1;0;0;;
252331;16;6;2015;20:00;0;AV LINEU MACHADO;;;419;JOCKEY CLUBE;Colis?úo Lateral;Via Iluminada;Bom;Seca;Meio de Quadra;Outros;Outros;0;1;1;1;0;0;0;0;0;1;0;0;-3,764716000000000;-38,576251000000000
252332;16;6;2015;11:25;0;RUA JULIO ABREU;;;120;;Colis?úo Transversal;Luz do Dia;Bom;Seca;Meio de Quadra;N?úo H?í Controle;Comercial;0;0;2;1;0;0;0;0;0;0;0;0;-3,735894000000000;-38,488154000000000
252327;16;6;2015;06:20;0;RUA VERBENA;;;713;;Colis?úo Traseira;Luz do Dia;Bom;Seca;Meio de Quadra;N?úo H?í Controle;Residencial;0;0;2;1;0;0;0;0;0;0;0;0;-3,783319000000000;-38,589385000000000
252328;16;6;2015;16:15;17379;RUA TEN MOACIR MATOS;RUA EDITE BRAGA;;0;;Colis?úo Transversal;Luz do Dia;Bom;Seca;Cruz;Pare;Residencial;0;1;1;1;0;0;0;0;0;0;0;0;-3,766915000000000;-38,552921000000000
252329;16;6;2015;08:00;15144;AV MON TABOSA;AV RUI BARBOSA;;0;;Colis?úo Traseira;Luz do Dia;Bom;Seca;Cruz;Pare;Comercial;0;0;2;1;0;0;1;0;0;0;0;0;-3,724441000000000;-38,505696000000000
252324;16;6;2015;15:50;0;RUA MAL DEODORO;;;0;;Colis?úo Transversal;Luz do Dia;Bom;Seca;Meio de Quadra;Pare;Escola;0;1;1;1;0;0;0;0;0;1;0;0;;
252325;16;6;2015;06:20;0;AV PRS COSTA E SILVA;;;121;;Colis?úo Lateral;Luz do Dia;Bom;Seca;Meio de Quadra;N?úo H?í Controle;Residencial;0;1;1;1;0;0;0;0;0;1;0;0;;
252366;16;6;2015;13:00;4082;AV JOAO PESSOA;RUA CEARA;;0;;Colis?úo Traseira;Luz do Dia;Bom;Seca;T;Sem?íforo;Comercial;0;1;2;1;0;0;0;0;0;1;0;0;-3,763434000000000;-38,558244000000000
252367;16;6;2015;10:40;9160;RUA DEP OSWALDO STUDART;RUA GRACILIANO RAMOS;;0;;Colis?úo Transversal;Luz do Dia;Bom;Seca;Cruz;Pare;Misto;0;1;1;1;0;0;0;0;0;0;0;0;-3,754499000000000;-38,529082000000000
252368;16;6;2015;09:00;0;RUA COSTA BARROS;;;928;;Colis?úo Lateral;Luz do Dia;Bom;Seca;Meio de Quadra;N?úo H?í Controle;Residencial;0;1;1;1;0;0;0;0;1;0;0;0;-3,729217000000000;-38,515035000000000
252369;16;6;2015;16:40;0;RUA VICENTE LEITE;;;631;;Colis?úo Lateral;Luz do Dia;Bom;Seca;Meio de Quadra;Sem?íforo;Comercial;0;0;2;1;0;0;0;0;0;0;0;0;;
252353;16;6;2015;18:50;0;RUA CATOLE;;;0;;Colis?úo Transversal;Via Iluminada;Bom;Seca;Outros;N?úo H?í Controle;Rural;0;1;1;0;0;0;1;0;0;1;0;0;;
252354;16;6;2015;14:10;6569;AV H CJ CEARA;RUA 343 A CJ CEARA;;0;;Colis?úo Lateral;Luz do Dia;Bom;Seca;Cruz;Pare;Residencial;0;1;1;0;1;0;0;0;0;1;0;0;-3,775974000000000;-38,611464000000000
252355;16;6;2015;12:30;0;RUA BENI DE CARVALHO;;;183;;Engavetamento;Luz do Dia;Bom;Seca;Meio de Quadra;N?úo H?í Controle;Residencial;0;0;5;1;0;0;1;0;0;0;0;0;-3,744715000000000;-38,499009000000000
252357;16;6;2015;19:00;0;AV PRS CASTELO BRANCO;;;0;;Colis?úo Lateral;Via Iluminada;Bom;Seca;Meio de Quadra;Sem?íforo;Outros;0;0;2;1;0;0;1;0;0;0;0;0;;
252351;16;6;2015;14:50;6729;RUA BENTO ALBUQUERQUE;RUA DES WALDETARIO P MOTA;;0;;Colis?úo Transversal;Luz do Dia;Bom;Seca;Cruz;Sem?íforo;Residencial;0;1;1;1;0;0;0;0;0;1;0;0;-3,743274000000000;-38,484685000000000
252349;16;6;2015;07:15;17433;RUA CESAR ROSSAS;RUA PRO TEODORICO;;0;;Colis?úo Lateral;Luz do Dia;Bom;Seca;Outros;Pare;Comercial;0;1;1;0;1;1;0;0;0;0;0;0;-3,768770000000000;-38,553473000000000
252374;16;6;2015;08:00;3420;AV JOAO PESSOA;RUA DES PRAXEDES;;0;;Colis?úo Traseira;Luz do Dia;Bom;Seca;Cruz;Sem?íforo;Misto;0;0;2;1;1;0;0;0;0;0;0;0;-3,756946000000000;-38,553504000000000
252372;16;6;2015;20:00;22719;AV ENG LEAL LIMA VERDE (SAPIRANGA/COITE);RUA EUCLIDES O DE SOUSA;;0;;Colis?úo Transversal;Via Iluminada;Bom;Seca;Cruz;Pare;Residencial;0;2;1;1;0;0;0;0;0;1;0;0;-3,797866000000000;-38,475497000000000
252359;16;6;2015;20:45;0;RUA LAURO MAIA;;;347;;Colis?úo Lateral;Via Iluminada;Bom;Seca;Meio de Quadra;;Comercial;0;0;2;1;0;0;0;0;0;0;0;0;-3,743649000000000;-38,523653000000000
252360;16;6;2015;10:00;25342;AV ROGACIANO LEITE;RUA GONTRAN GIFFONI;;0;;Colis?úo Lateral;Luz do Dia;Bom;Seca;T;Pare;Residencial;0;0;2;1;0;0;1;0;0;0;0;0;-3,765753000000000;-38,496061000000000
252361;16;6;2015;12:30;9037;AV AGUANAMBI;RUA DR JOAO DE DEUS D11;;0;;Colis?úo Lateral;Luz do Dia;Bom;Seca;Cruz;N?úo H?í Controle;Comercial;0;1;1;0;0;0;0;0;0;1;0;0;-3,745224000000000;-38,525445000000000
252378;16;6;2015;14:00;25232;AV PRS COSTA E SILVA;AV M CJ JOSE WALTER;;0;;Colis?úo Transversal;Luz do Dia;Bom;Seca;T;Pare;Residencial;0;0;2;1;0;0;0;0;0;0;0;0;-3,822098000000000;-38,554973000000000
252347;16;6;2015;19:00;7674;AV JOSE BASTOS;RUA RIO GRANDE DO NORTE;;0;;Colis?úo Transversal;Via Iluminada;Bom;Seca;Cruz;Pare;Residencial;0;0;2;1;0;0;0;0;0;0;0;0;-3,760562000000000;-38,564477000000000
252345;16;6;2015;08:05;0;AV MON TABOSA;;;1521;;Colis?úo Traseira;Luz do Dia;Bom;Seca;Meio de Quadra;N?úo H?í Controle;Residencial;0;0;2;1;0;0;0;0;0;0;0;0;-3,724445000000000;-38,505613000000000
252343;16;6;2015;19:10;15293;AV BAR STUDART;RUA TEN BENEVOLO;;0;;Colis?úo Transversal;Via Iluminada;Bom;Seca;Cruz;Sem?íforo;Comercial;0;2;1;1;0;0;0;0;0;1;0;0;-3,729390000000000;-38,504908000000000
252336;16;6;2015;16:30;7348;RUA COS ARAUJO LIMA;RUA MANAUS;;0;;Colis?úo Lateral;Anoitecer;Bom;Seca;Cruz;N?úo H?í Controle;Residencial;0;1;1;1;0;0;0;0;0;1;0;0;-3,750379000000000;-38,589452000000000
252339;16;6;2015;20:30;15322;RUA BARBOSA DE FREITAS;RUA CANUTO DE AGUIAR;;0;;Colis?úo;Via Iluminada;Bom;Seca;Cruz;Pare;Residencial;0;1;1;1;0;0;0;0;0;1;0;0;-3,730624000000000;-38,495453000000000
252340;16;6;2015;17:00;0;AV GOV RAUL BARBOSA;;;0;;Colis?úo Transversal;Via Iluminada;Bom;Seca;Meio de Quadra;Pare;Comercial;0;1;1;0;1;1;0;0;0;0;0;0;;
252341;16;6;2015;08:00;5318;RUA PDE IBIAPINA;RUA GAL CLARINDO DE QUEIROZ;;0;;Colis?úo Lateral;Luz do Dia;Bom;Seca;Cruz;Pare;Comercial;0;1;1;1;0;0;0;0;0;1;0;0;-3,729518000000000;-38,540084000000000
252334;16;6;2015;19:30;7348;RUA COS ARAUJO LIMA;RUA MANAUS;;0;;Colis?úo Lateral Sentido Oposto;Via Iluminada;Bom;Seca;Cruz;N?úo H?í Controle;Residencial;0;1;1;1;0;0;0;0;0;1;0;0;-3,750379000000000;-38,589452000000000
252380;16;6;2015;08:10;0;AV ALM HENRIQUE SABOIA;AV ANTONIO JUSTA;;0;;Colis?úo Traseira;Luz do Dia;Bom;Seca;Meio de Quadra;Outros;Misto;0;0;2;1;0;0;0;0;0;0;0;0;;
273623;16;6;2015;13:55;25890;AV H CJ CEARA;RUA BARRA VERMELHA;;0;;Colis?úo;Luz do Dia;;;Cruz;N?úo H?í Controle;Residencial;0;1;0;0;0;0;0;0;0;0;0;0;-3,775983000000000;-38,611523000000000
273649;16;6;2015;16:05;3831;RUA MAL DEODORO;AV 13 DE MAIO;;0;;Colis?úo;Luz do Dia;;;Cruz;Sem?íforo;Comercial;0;1;0;1;0;0;0;0;0;1;0;0;-3,743122000000000;-38,536588000000000
273625;16;6;2015;14:57;0;RUA CATOLE;;;0;;Colis?úo;Luz do Dia;;;Meio de Quadra;;;0;1;0;0;0;0;1;0;0;1;0;0;;
273635;16;6;2015;15:50;0;RUA TEODOMIRO DE CASTRO;;;0;;Colis?úo;Luz do Dia;;;Meio de Quadra;;;0;1;0;1;0;0;0;0;0;1;0;0;;
273638;16;6;2015;16:02;0;RUA BAR AQUIRAZ;;;0;;Colis?úo;Luz do Dia;;;Meio de Quadra;;;0;1;0;1;0;0;0;0;0;1;0;0;-3,840278000000000;-38,485544000000000
273670;16;6;2015;19:09;0;RUA FRANCISCA MARIA DA CONCEICAO;;;0;;Colis?úo;;;;Meio de Quadra;;;0;1;0;0;0;0;0;0;0;1;0;0;;
273657;16;6;2015;17:11;0;AV GOV RAUL BARBOSA;;;0;;Atropelamento;Anoitecer;;;Meio de Quadra;;;0;1;0;0;1;0;0;0;0;0;0;0;-3,761633000000000;-38,507689000000000
273661;16;6;2015;19:02;0;RUA SOBREIRA FILHO;;;0;;Colis?úo;Anoitecer;;;Meio de Quadra;;;0;1;0;1;0;0;0;0;0;1;0;0;-3,778933000000000;-38,584027000000000
273653;16;6;2015;16:53;0;RUA COS ARAUJO LIMA;;;0;;Colis?úo;Luz do Dia;;;Meio de Quadra;;;0;1;0;0;0;0;0;0;0;1;0;0;;
273602;16;6;2015;00:31;0;RUA TEN WILSON  D46;;;0;;Atropelamento;;;;Meio de Quadra;;;0;1;0;1;0;0;0;0;0;0;0;0;-3,769042000000000;-38,511692000000000
273603;16;6;2015;05:27;11030;RUA CESAR ROSSAS;RUA 15 DE NOVEMBRO;;0;;Colis?úo;Amanhecer;;;Outros;Sem?íforo;Comercial;0;1;0;1;0;0;0;0;0;1;0;0;-3,769241000000000;-38,555011000000000
273604;16;6;2015;06:13;0;AV PERIMETRAL;;;0;;Colis?úo;Luz do Dia;;;Meio de Quadra;;;0;1;0;1;0;0;0;0;0;1;0;0;;
273607;16;6;2015;06:22;0;RUA CON DE CASTRO;;;0;;Queda;Luz do Dia;;;Meio de Quadra;;;0;1;0;0;0;0;0;0;0;1;0;0;;
273609;16;6;2015;06:44;0;AV MR HULL;;;0;;Colis?úo;Luz do Dia;;;Meio de Quadra;;;0;1;0;0;0;0;0;0;0;1;0;0;;
273610;16;6;2015;07:27;0;AV SGT HERMINIO SAMPAIO;;;0;;Colis?úo;Luz do Dia;;;Meio de Quadra;;;0;1;0;1;0;0;0;0;0;1;0;0;;
273611;16;6;2015;07:42;0;RUA ALEXANDRE BARAUNA;;;0;;Atropelamento;Luz do Dia;;;Meio de Quadra;;;0;1;0;0;0;0;0;0;0;1;0;0;;
273612;16;6;2015;07:57;11675;RUA PRO HERIBALDO COSTA;RUA DIOGO CORREIA;;0;;Colis?úo;Luz do Dia;;;Cruz;Pare;Residencial;0;1;0;1;0;0;0;0;0;1;0;0;-3,770996000000000;-38,590102000000000
273614;16;6;2015;10:11;0;AV GOV RAUL BARBOSA;;;0;;Colis?úo;Luz do Dia;;;Meio de Quadra;;;0;1;0;1;0;0;0;0;0;1;0;0;;
273616;16;6;2015;10:43;0;RUA PERO COELHO;;;0;;Colis?úo;Luz do Dia;;;Meio de Quadra;;;0;1;0;0;0;0;0;0;0;0;0;0;;
273618;16;6;2015;12:46;502;AV SEN FERNANDES TAVORA;RUA PRO VIRGILIO DE MORAIS;;0;;Colis?úo;Luz do Dia;;;Cruz;Sem?íforo;Comercial;0;1;0;0;0;0;0;0;0;1;0;0;-3,755286000000000;-38,597421000000000
273680;16;6;2015;20:12;0;AV PRO JOSE ARTHUR CARVALHO;;;0;;Colis?úo;;;;Meio de Quadra;;;0;1;0;0;0;0;0;0;0;0;0;0;;
259012;16;6;2015;08:05;0;RD BR 116;;;1000;KM-01;Colis?úo Lateral;Luz do Dia;Bom;Seca;Meio de Quadra;N?úo H?í Controle;Comercial;0;0;2;1;1;0;0;0;0;0;0;0;-3,762554000000000;-38,518702000000000
259047;16;6;2015;07:20;0;RD BR 222;;;0;;Colis?úo Lateral;Luz do Dia;Bom;Seca;Meio de Quadra;N?úo H?í Controle;Comercial;0;2;0;0;0;0;0;0;0;1;0;0;;
273768;17;6;2015;23:34;0;AV MR HULL;;;0;;Colis?úo;;;;Meio de Quadra;;;0;1;0;0;0;0;0;0;0;1;0;0;;
273729;17;6;2015;21:32;0;AV CASTELO DE CASTRO;;;0;;Colis?úo;;;;Meio de Quadra;;;0;1;0;1;0;0;0;0;0;1;0;0;;
273716;17;6;2015;18:05;0;AV MAE LISBOA;;;0;;Colis?úo;Anoitecer;;;Meio de Quadra;;;0;1;0;0;0;1;0;0;0;0;0;0;;
273720;17;6;2015;19:02;0;RUA EMILIO DE MENESES;;;0;;Colis?úo;;;;Meio de Quadra;;;0;1;0;1;0;0;0;0;0;1;0;0;-3,776455000000000;-38,606207000000000