COD_ACIDENTE;DIA;MES;ANO;HORA;INTERSECAO;LOG1;LOG2;LOG3;NUMERO;REFERENCIA;NATUREZA;ILUMINACAO;TEMPO;SUPERFICIEPISTA;TIPOCRUZAMENTO;CONTROLETRAFEGO;USOSOLO;MORTOS;FERIDOS;ILESOS;AUTOMOVEL;ONIBUS;BICICLETA;CAMINHAO;MICROONIBUS;CICLOMOTOR;MOTOCICLETA;TRACAOANIMAL;TREM;LATITUDE;LONGITUDE
273691;17;6;2015;06:49;0;RUA PRO GOMES BRASIL;;;0;;Atropelamento;Luz do Dia;;;Meio de Quadra;;;0;1;0;1;0;0;0;0;0;0;0;0;;
273693;17;6;2015;07:44;0;AV CARNEIRO DE MENDONCA;;;0;;Colis?úo;Luz do Dia;;;Meio de Quadra;;;0;1;0;1;0;0;0;0;0;1;0;0;-3,765400000000000;-38,564179000000000
273699;17;6;2015;12:26;0;AV DIOGUINHO;;;0;;Colis?úo;Luz do Dia;;;Meio de Quadra;;;0;1;0;1;0;0;0;0;0;1;0;0;;
273703;17;6;2015;12:38;0;AV WASHINGTON SOARES;;;0;;Colis?úo;Luz do Dia;;;Meio de Quadra;;;0;1;0;1;0;0;0;0;0;1;0;0;;
273704;17;6;2015;12:58;0;AV ROGACIANO LEITE;;;0;;Colis?úo;Luz do Dia;;;Meio de Quadra;;;0;1;0;1;0;0;0;0;0;1;0;0;-3,770479000000000;-38,498040000000000
273705;17;6;2015;13:04;10897;AV LINEU MACHADO;RUA MOZART FIRMEZA;;0;;Colis?úo;Luz do Dia;;;Cruz;N?úo H?í Controle;Misto;0;1;0;1;0;0;0;0;0;1;0;0;-3,767588000000000;-38,577784000000000
273708;17;6;2015;13:54;0;RUA ROSA MISTICA;;;0;;Colis?úo;Luz do Dia;;;Meio de Quadra;;;0;1;0;1;0;0;0;0;0;1;0;0;;
273710;17;6;2015;14:23;0;RUA DR JOAQUIM BENTO;;;0;;Colis?úo;Luz do Dia;;;Meio de Quadra;;;0;1;0;1;0;1;0;0;0;0;0;0;-3,828565000000000;-38,488213000000000
252397;17;6;2015;13:40;5303;AV SANTOS DUMONT;RUA DNA LEOPOLDINA;;0;;Colis?úo Traseira;Luz do Dia;Bom;Seca;T;Sem?íforo;Comercial;0;1;1;1;0;0;0;0;0;1;0;0;-3,729515000000000;-38,519029000000000
252389;17;6;2015;08:30;4021;AV PRO GOMES DE MATOS;RUA DES PRAXEDES;;0;;Colis?úo Traseira;Luz do Dia;Bom;Seca;Cruz;Sem?íforo;Comercial;0;0;2;1;0;0;0;0;0;1;0;0;-3,761872000000000;-38,546229000000000
252390;17;6;2015;07:40;0;RUA IRINEU DE SOUZA;;;507;;Colis?úo Traseira;Luz do Dia;Bom;Seca;Meio de Quadra;N?úo H?í Controle;Residencial;0;0;2;1;0;0;0;0;0;0;0;0;;
252399;17;6;2015;15:50;4319;AV VICENTE DE CASTRO;AV JOSE SABOIA;;0;;Colis?úo Lateral;Luz do Dia;Bom;Seca;Cruz;Pare;Comercial;0;0;2;1;0;0;1;0;0;0;0;0;-3,713785000000000;-38,473200000000000
252400;17;6;2015;03:40;3302;AV GAL OSORIO DE PAIVA;RUA LUIS VIEIRA;;0;;Colis?úo Transversal;Via Iluminada;Bom;Seca;Cruz;Sem?íforo;Comercial;0;1;1;1;0;0;1;0;0;0;0;0;-3,790879000000000;-38,588616000000000
252405;17;6;2015;09:15;25451;RUA CASTRO ALVES;AV VIS RIO BRANCO;;0;;Colis?úo Lateral;Luz do Dia;Bom;Seca;Cruz;Pare;Residencial;0;1;1;1;0;0;0;0;0;0;0;0;-3,750125000000000;-38,521157000000000
252402;17;6;2015;01:00;0;AV DR SILAS MUNGUBA;;;5700;;Choque c/ Obst?ículo Fixo;Via Iluminada;Bom;Seca;Meio de Quadra;N?úo H?í Controle;Comercial;0;0;1;1;0;0;0;0;0;0;0;0;-3,803141000000000;-38,528485000000000
252410;17;6;2015;11:30;24418;RUA JORGE ACURCIO;RUA LIV GUALTER;;0;;Colis?úo Transversal;Luz do Dia;Bom;Seca;Cruz;N?úo H?í Controle;Comercial;0;0;2;1;0;0;1;0;0;0;0;0;-3,769564000000000;-38,533475000000000
252408;17;6;2015;14:30;20043;AV PRUDENTE BRASIL;AV PALESTINA D68;;0;;Colis?úo Transversal;Luz do Dia;Bom;Seca;Cruz;Pare;Residencial;0;0;2;1;0;0;0;0;0;0;0;0;-3,806944000000000;-38,533505000000000
252416;17;6;2015;19:00;0;RUA JORGE ACURCIO;;;222;;Colis?úo Transversal;Via Iluminada;Bom;Seca;Meio de Quadra;N?úo H?í Controle;Residencial;0;0;2;1;0;0;0;0;0;1;0;0;-3,762147000000000;-38,530476000000000
252417;17;6;2015;16:40;22176;AV ENG HUMBERTO MONTE;AV JOSE BASTOS;;0;;Colis?úo Traseira;Luz do Dia;Bom;Seca;T;Sem?íforo;Comercial;0;1;1;0;0;0;0;0;0;1;0;0;-3,754966000000000;-38,555455000000000
252419;17;6;2015;09:00;0;AV CARNEIRO DE MENDONCA;;;1273;;Colis?úo Traseira;Luz do Dia;Bom;Seca;Meio de Quadra;Outros;Comercial;0;0;2;1;0;0;0;0;0;1;0;0;-3,762141000000000;-38,570431000000000
252420;17;6;2015;13:18;1358;AV SANTOS DUMONT;AV DES MOREIRA;;0;;;Luz do Dia;Bom;Seca;Cruz;Sem?íforo;Comercial;0;0;2;1;1;0;0;0;0;0;0;0;-3,736226000000000;-38,498365000000000
252421;17;6;2015;14:45;1339;RUA NUNES VALENTE;RUA DES LEITE ALBUQUERQUE;;0;;Colis?úo Transversal;Luz do Dia;Bom;Seca;Cruz;Pare;Comercial;0;1;1;1;0;0;0;0;0;1;0;0;-3,735649000000000;-38,503540000000000
252422;17;6;2015;11:00;8933;AV DOMINGOS OLIMPIO;RUA RUBIA SAMPAIO;;0;;Colis?úo Lateral;;Bom;Seca;Cruz;Pare;Residencial;0;0;2;1;0;0;0;0;0;0;0;0;-3,733409000000000;-38,541015000000000
252423;17;6;2015;16:40;0;AV DOMINGOS OLIMPIO;;;1800;;Colis?úo Traseira;Luz do Dia;Bom;Seca;Meio de Quadra;Outros;Comercial;0;0;2;1;0;0;0;0;0;0;0;0;-3,734062000000000;-38,538962000000000
252424;17;6;2015;19:40;22849;RUA CON LIMA SUCUPIRA;RUA DR JUSTA ARAUJO D45;;0;;Colis?úo Transversal;Via Iluminada;Bom;Seca;Cruz;Pare;Residencial;0;0;2;1;0;0;0;0;0;0;0;0;-3,778167000000000;-38,550832000000000
252426;17;6;2015;07:00;22167;AV JOSE BASTOS;RUA TAVARES IRACEMA;;0;;Colis?úo Transversal;Luz do Dia;Bom;Seca;T;Pare;Comercial;0;1;1;0;0;0;0;1;0;1;0;0;-3,752313000000000;-38,552770000000000
252427;17;6;2015;09:50;10807;RUA PORTO VELHO;RUA AUDISIO PINHEIRO;;0;;Colis?úo Transversal;Luz do Dia;Bom;Seca;Cruz;Outros;Residencial;0;1;1;1;0;0;0;0;0;1;0;0;-3,763570000000000;-38,591490000000000
252428;17;6;2015;10:50;7948;AV PONTES VIEIRA;RUA JOAQUIM NABUCO;;0;;Colis?úo Lateral;Luz do Dia;Bom;Seca;Cruz;Sem?íforo;Comercial;0;0;2;1;0;0;0;0;0;0;0;0;-3,751917000000000;-38,506628000000000
252429;17;6;2015;08:00;242;RUA GAL BERNARDO FIGUEIREDO;RUA COS ALVARO DE OLIVEIRA;;0;;Colis?úo Transversal;Luz do Dia;Bom;Seca;Cruz;Pare;Residencial;0;1;1;1;0;0;0;0;0;0;0;0;-3,740373000000000;-38,555261000000000
252430;17;6;2015;;22939;RUA LEAO TREZE;RUA PRA HELOISA F LIMA;;0;;Colis?úo Transversal;Luz do Dia;Bom;Seca;Cruz;Pare;Residencial;0;0;2;1;0;0;0;0;0;0;0;0;-3,784072000000000;-38,544709000000000
268585;17;6;2015;03:13;9139;RUA CEL PERGENTINO FERREIRA;RUA MON OTAVIO CASTRO;;0;;Colis?úo;;;;Cruz;Pare;Comercial;0;0;1;0;0;0;0;0;0;0;0;0;-3,748970000000000;-38,526704000000000
268595;17;6;2015;13:24;0;AV ROGACIANO LEITE;;;0;;Colis?úo;Luz do Dia;;;Meio de Quadra;;;0;0;1;0;0;0;0;0;0;0;0;0;;
268597;17;6;2015;;0;RUA VALPARAISO;;;0;;Capotamento;;;;Meio de Quadra;;;0;0;1;0;0;0;0;0;0;0;0;0;;
268600;17;6;2015;13:57;0;AV JOSE SABOIA;;;0;;Colis?úo;Luz do Dia;;;Meio de Quadra;;;0;0;1;0;0;0;0;0;0;0;0;0;;
268588;17;6;2015;11:07;20023;AV HEROIS DO ACRE;AV DR SILAS MUNGUBA;;0;;Choque c/ Obst?ículo Fixo;Luz do Dia;;;Cruz;Sem?íforo;Comercial;0;0;1;0;0;0;0;0;0;0;0;0;-3,803079000000000;-38,528540000000000
268589;17;6;2015;12:00;25735;RUA VIRGILIO PAES;RUA DR JOSE FURTADO;;0;;Colis?úo;Luz do Dia;;;Cruz;Pare;Residencial;0;0;1;0;0;0;0;0;0;0;0;0;-3,797220000000000;-38,488225000000000
268602;17;6;2015;14:50;0;RUA MOZART FIRMEZA;;;0;;Choque c/ Obst?ículo Fixo;Luz do Dia;;;Meio de Quadra;;;0;1;0;0;0;0;0;0;0;1;0;0;;
268606;17;6;2015;16:26;1447;RUA TORRES CAMARA;AV DES MOREIRA;;0;;Colis?úo;Luz do Dia;;;;;;0;0;2;0;0;0;0;0;0;0;0;0;;
268609;17;6;2015;16:27;3863;AV 13 DE MAIO;AV DOS EXPEDICIONARIOS;;0;;Colis?úo;Luz do Dia;;;;;;0;0;1;0;0;0;0;0;0;0;0;0;-3,744515000000000;-38,534969000000000
268615;17;6;2015;16:53;0;AV PRS COSTA E SILVA;;;0;;Colis?úo;Luz do Dia;;;Meio de Quadra;;;0;0;2;0;0;0;0;0;0;0;0;0;;
268625;17;6;2015;17:17;19469;AV AUGUSTO DOS ANJOS;AV GAL OSORIO DE PAIVA;;0;;Colis?úo;Anoitecer;;;Outros;Pare;Misto;0;0;2;0;0;0;0;0;0;0;0;0;-3,787349000000000;-38,584939000000000
268626;17;6;2015;18:23;0;AV GAL OSORIO DE PAIVA;;;0;;Atropelamento;Anoitecer;;;Meio de Quadra;;;0;0;2;0;0;0;0;0;0;0;0;0;;
268630;17;6;2015;18:25;0;AV PERIMETRAL;;;0;;Colis?úo;Anoitecer;;;Meio de Quadra;;;0;0;1;0;0;0;0;0;0;0;0;0;;
268641;17;6;2015;18:32;19694;RUA TIP SALES;AV BEZERRA DE MENEZES;;0;;Colis?úo;;;;T;Pare;Comercial;0;0;2;0;0;0;0;0;0;0;0;0;-3,735828000000000;-38,565167000000000
268642;17;6;2015;19:28;0;RUA MOURA MATOS;;;0;;;;;;Meio de Quadra;;;0;0;1;0;0;0;0;0;0;0;0;0;;
268644;17;6;2015;19:29;0;AV ABOLICAO;;;0;;Colis?úo;;;;Meio de Quadra;;;0;1;0;1;0;0;0;0;0;1;0;0;-3,725056000000000;-38,483388000000000
268715;17;6;2015;20:07;0;AV SGT HERMINIO SAMPAIO;;;0;;Colis?úo;;;;Meio de Quadra;;;0;0;1;0;0;0;0;0;0;0;0;0;;
268716;17;6;2015;20:08;0;RUA DR HUGO ROCHA;;;0;;Atropelamento;;;;Meio de Quadra;;;0;0;2;0;0;0;0;0;0;0;0;0;;
268718;17;6;2015;20:50;12561;RUA CARIUS;RUA GEORGE CAVALCANTE;;0;;Colis?úo;;;;Cruz;N?úo H?í Controle;Residencial;0;0;2;0;0;0;0;0;0;0;0;0;-3,721920000000000;-38,592336000000000
268639;17;6;2015;18:29;19707;RUA ARMANDO OLIVEIRA;AV BEZERRA DE MENEZES;;0;;Colis?úo;Anoitecer;;;Cruz;Sem?íforo;;0;0;2;0;0;0;0;0;0;0;0;0;-3,736264000000000;-38,567270000000000
268721;17;6;2015;21:00;0;AV JOR THOMAZ COELHO;;;0;;Colis?úo;;;;Meio de Quadra;;;0;0;2;0;0;0;0;0;0;0;0;0;;
268722;17;6;2015;21:07;15261;RUA JOSE VILAR;RUA CANUTO DE AGUIAR;;0;;Colis?úo;;;;T;N?úo H?í Controle;Residencial;0;0;2;0;0;0;0;0;0;0;0;0;-3,728393000000000;-38,502288000000000
268724;17;6;2015;21:16;21319;RUA JOSE SOMBRA;RUA GUSTAVO SAMPAIO;;0;;Colis?úo;;;;Cruz;Pare;Residencial;0;1;1;1;0;0;0;0;0;1;0;0;-3,733349000000000;-38,547260000000000
268732;17;6;2015;21:59;3901;AV EDUARDO GIRAO;RUA JORGE DUMAR;;0;;Colis?úo;;;;Cruz;Sem?íforo;Comercial;0;0;2;0;0;0;0;0;0;0;0;0;-3,749691000000000;-38,538695000000000
268734;17;6;2015;22:36;0;AV SEN FERNANDES TAVORA;;;0;;Colis?úo;;;;Meio de Quadra;;;0;1;1;1;0;0;0;0;0;1;0;0;;
268737;17;6;2015;06:15;5346;RUA JOAO CORDEIRO;AV SANTOS DUMONT;;0;;Colis?úo;Luz do Dia;;;Cruz;Sem?íforo;Comercial;0;0;2;0;0;0;0;0;0;0;0;0;-3,730878000000000;-38,514781000000000
259383;17;6;2015;09:00;0;AV SEN CARLOS JEREISSATI (AEROPORTO);;;0;KM 02;Colis?úo;Luz do Dia;;Seca;Meio de Quadra;;;0;0;2;1;0;0;0;0;0;0;0;0;-3,783932000000000;-38,529156000000000
259388;17;6;2015;13:00;0;RD CE-040;;;0;KM-02;Colis?úo;Luz do Dia;;Seca;Meio de Quadra;;;0;1;1;1;0;0;0;0;0;1;0;0;-3,776479000000000;-38,481598000000000
262749;17;6;2015;19:32;0;RUA ARMANDO OLIVEIRA;;;0;;Colis?úo;;;;Meio de Quadra;;;0;0;2;1;1;0;0;0;0;0;0;0;;
262751;18;6;2015;12:16;0;AV PONTES VIEIRA;;;0;;Colis?úo;Luz do Dia;;;Meio de Quadra;;;0;0;2;1;0;0;0;0;0;0;0;0;;
262759;18;6;2015;18:33;0;AV DR THEBERGE;;;0;;Colis?úo;;;;Meio de Quadra;;;0;0;2;1;0;0;1;0;0;0;0;0;;
259392;18;6;2015;08:50;0;RD CE-040;;;0;KM-10;Colis?úo;Luz do Dia;;Seca;Meio de Quadra;;;0;0;2;0;0;0;0;0;0;0;0;0;-3,838671000000000;-38,480068000000000
259394;18;6;2015;10:20;0;RD CE-040;;;0;KM-07;Colis?úo;Luz do Dia;;Seca;Meio de Quadra;;;0;0;3;1;0;0;0;0;0;0;0;0;-3,817953000000000;-38,483160000000000
268741;18;6;2015;07:48;0;AV CENTRAL;;;0;;Colis?úo;Luz do Dia;;;Meio de Quadra;;;0;0;2;0;0;0;0;0;0;0;0;0;;
268745;18;6;2015;09:43;0;RUA ASP MENDES;;;0;;Colis?úo;Luz do Dia;;;Meio de Quadra;;;0;0;2;0;0;0;0;0;0;0;0;0;;
268748;18;6;2015;10:23;0;AV ANTONIO JUSTA;;;0;;Colis?úo;Luz do Dia;;;Meio de Quadra;;;0;0;3;0;0;0;0;0;0;0;0;0;;
268749;18;6;2015;10:48;743;AV PASTEUR;AV PRS CASTELO BRANCO;;0;;Colis?úo;Luz do Dia;;;Cruz;Sem?íforo;Comercial;0;0;2;0;0;0;0;0;0;0;0;0;-3,711181000000000;-38,558856000000000
268757;18;6;2015;11:27;0;RUA GRACO CARDOSO;;;0;;Atropelamento;Luz do Dia;;;Meio de Quadra;;;0;0;2;0;0;0;0;0;0;0;0;0;;
268760;18;6;2015;12:11;0;RUA DEP MATOSO FILHO;;;0;;Colis?úo;Luz do Dia;;;Meio de Quadra;;;0;0;2;0;0;0;0;0;0;0;0;0;;
268763;18;6;2015;16:27;25108;AV BEZERRA DE MENEZES;RUA BRAZ DE FRANCESCO;;0;;Atropelamento;Luz do Dia;;;Cruz;Sem?íforo;Comercial;0;0;2;0;0;0;0;0;0;0;0;0;-3,736282000000000;-38,567363000000000
268766;18;6;2015;16:58;0;RUA CEARA;;;0;;Colis?úo;Luz do Dia;;;Meio de Quadra;;;0;0;2;0;0;0;0;0;0;0;0;0;;
268768;18;6;2015;17:11;0;AV GAL OSORIO DE PAIVA;;;0;;Colis?úo;Anoitecer;;;Meio de Quadra;;;0;0;2;0;0;0;0;0;0;0;0;0;;
268769;18;6;2015;17:22;23684;RUA COSTA FREIRE;RUA GABRIEL FIUZA;;0;;Colis?úo;Anoitecer;;;Cruz;Pare;Residencial;0;0;2;0;0;0;0;0;0;0;0;0;-3,787067000000000;-38,579907000000000
268770;18;6;2015;17:31;618;RUA COS GOUVEIA;AV DR THEBERGE;;0;;Colis?úo;Anoitecer;;;T;Sem?íforo Intermitente;Comercial;0;0;2;0;0;0;0;0;0;0;0;0;-3,717354000000000;-38,565848000000000
268771;18;6;2015;18:29;4419;RUA LINDOIA;RUA 7 DE ABRIL;;0;;Colis?úo;Anoitecer;;;;;;0;0;2;0;0;0;0;0;0;0;0;0;-3,721330000000000;-38,473299000000000
268773;18;6;2015;18:56;21979;RUA GAL BERNARDO FIGUEIREDO;RUA PRO RAIMUNDO ARRUDA;;0;;Colis?úo;;;;Cruz;Pare;Residencial;0;0;2;0;0;0;0;0;0;0;0;0;-3,739476000000000;-38,550840000000000
268775;18;6;2015;20:51;0;RUA CREUSA ROCHA;;;0;;Atropelamento;;;;Meio de Quadra;;;0;0;2;0;0;0;0;0;0;0;0;0;;
268776;18;6;2015;22:33;0;AV ENG SANTANA JUNIOR;;;0;;Colis?úo;;;;Meio de Quadra;;;0;0;2;0;0;0;0;0;0;0;0;0;;
268778;18;6;2015;22:34;0;AV GAL OSORIO DE PAIVA;;;0;;Colis?úo;;;;Meio de Quadra;;;0;0;2;0;0;0;0;0;0;0;0;0;;
263710;18;6;2015;16:50;0;RUA PDE ANTONINO;;;1073;;Choque c/ Obst?ículo Fixo;Luz do Dia;;;Meio de Quadra;;;0;1;0;1;0;0;0;0;0;0;0;0;-3,749667000000000;-38,520183000000000
263706;18;6;2015;09:00;0;RUA 24 DE OUTUBRO;;;415;;Colis?úo;Luz do Dia;;;Meio de Quadra;;;0;1;0;1;0;0;0;0;0;0;0;0;-3,753207000000000;-38,602896000000000
252449;18;6;2015;07:30;17359;AV PRO GOMES DE MATOS;RUA IRM BAZET;;0;;Colis?úo Transversal;Luz do Dia;Bom;Seca;Cruz;Pare;Comercial;0;0;2;1;0;0;0;0;0;0;0;0;-3,766045000000000;-38,549810000000000
252454;18;6;2015;15:05;5437;RUA METON DE ALENCAR;RUA FLORIANO PEIXOTO;;0;;Colis?úo Transversal;Luz do Dia;Bom;Seca;Cruz;Pare;Comercial;0;0;2;1;0;0;0;0;0;0;0;0;-3,734071000000000;-38,529358000000000
252461;18;6;2015;21:45;0;AV JOSE BASTOS;;;3250;;Engavetamento;Via Iluminada;Bom;Seca;Meio de Quadra;N?úo H?í Controle;Comercial;0;1;4;1;0;0;0;0;0;1;0;0;-3,748698000000000;-38,549161000000000
252425;18;6;2015;14:00;10993;RUA 15 DE NOVEMBRO;RUA BAR CANINDE;;0;;Colis?úo Lateral;Luz do Dia;Bom;Seca;Cruz;Pare;Lazer;0;0;2;1;0;0;0;0;0;0;0;0;-3,768608000000000;-38,556768000000000
252418;18;6;2015;14:00;13741;RUA LUIZA MIRANDA COELHO;RUA PINDORAMA;;0;;Colis?úo Frontal;Luz do Dia;Bom;Seca;Cruz;N?úo H?í Controle;Comercial;0;1;2;1;0;0;0;0;0;1;0;0;;
252412;18;6;2015;14:30;0;RUA CARLOS AMORA;;;150;;Colis?úo Traseira;Luz do Dia;Bom;Seca;Meio de Quadra;;Comercial;0;0;2;1;0;0;0;0;0;0;0;0;-3,775187000000000;-38,563653000000000
252413;18;6;2015;16:50;9019;RUA BAR ARATANHA;RUA SALDANHA MARINHO;;0;;Colis?úo Transversal;Luz do Dia;Bom;Seca;Cruz;Sem?íforo;Comercial;0;0;2;0;0;0;0;0;0;0;0;0;-3,742820000000000;-38,529697000000000
252414;18;6;2015;19:15;48;RUA JOAQUIM LEITAO;RUA TEN QUEIROZ;;0;;Colis?úo Transversal;Via Iluminada;Bom;Seca;Cruz;Pare;Misto;0;1;2;1;0;0;0;0;0;1;0;0;-3,745296000000000;-38,591941000000000
252386;18;6;2015;10:00;0;AV AGUANAMBI;;;150;;Colis?úo Lateral;Luz do Dia;Bom;Seca;Meio de Quadra;;Comercial;0;0;2;1;0;0;0;0;0;0;0;0;-3,738607000000000;-38,524598000000000
252382;18;6;2015;10:05;2523;AV FRANCISCO SA;RUA TULIPA;;0;;Colis?úo;Luz do Dia;Bom;Seca;T;Pare;Comercial;0;1;1;0;1;0;0;0;0;1;0;0;-3,710359000000000;-38,577954000000000
252383;18;6;2015;20:00;22167;AV JOSE BASTOS;RUA TAVARES IRACEMA;;0;;Colis?úo Transversal;Via Iluminada;Bom;Seca;Cruz;Pare;Comercial;0;2;1;1;0;0;0;0;0;1;0;0;-3,752313000000000;-38,552770000000000
252384;18;6;2015;18:30;0;AV BORGES DE MELO;;;138;IGREJA DA BASE A?ëREA;Colis?úo Transversal;Via Iluminada;Bom;Seca;Meio de Quadra;D?¬ Prefer?¬ncia;Residencial;0;2;0;0;0;0;0;0;0;1;0;0;-3,761320000000000;-38,520250000000000
273784;18;6;2015;17:10;0;RUA RIO GRANDE DO NORTE;;;0;;Colis?úo;Anoitecer;;;Meio de Quadra;;;0;1;0;1;0;0;0;0;0;1;0;0;-3,759510000000000;-38,566162000000000
273787;18;6;2015;17:21;0;AV JOSE BASTOS;;;0;;Colis?úo;Anoitecer;;;Meio de Quadra;;;0;1;0;1;0;0;0;0;0;1;0;0;;
273770;18;6;2015;06:46;0;RD BR 116;;;0;;Atropelamento;Luz do Dia;;;Meio de Quadra;;;0;1;0;0;0;0;0;0;0;1;0;0;-3,794757000000000;-38,507645000000000
273772;18;6;2015;07:40;0;AV JOAO PESSOA;;;0;;Colis?úo;Luz do Dia;;;Meio de Quadra;;;0;1;0;1;0;0;0;0;0;1;0;0;-3,770351000000000;-38,561093000000000
273773;18;6;2015;09:02;0;RUA GAL SAMPAIO;;;0;;Atropelamento;Luz do Dia;;;Meio de Quadra;;;0;1;0;1;0;0;0;0;0;0;0;0;-3,728502000000000;-38,531255000000000
273774;18;6;2015;09:41;0;RUA 12 DE JULHO;;;0;;Queda;Luz do Dia;;;Meio de Quadra;;;0;1;0;0;0;0;0;0;0;1;0;0;;
273776;18;6;2015;09:42;19366;AV DR SILAS MUNGUBA;RUA GERMANO FRANCK;;0;;Atropelamento;Luz do Dia;;;Cruz;Sem?íforo;Comercial;0;1;0;0;0;0;0;0;0;1;0;0;-3,777251000000000;-38,562004000000000
273777;18;6;2015;11:55;5329;RUA PEDRO PEREIRA;RUA SOLON PINHEIRO;;0;;Atropelamento;Luz do Dia;;;Cruz;Sem?íforo;Comercial;0;1;0;0;0;0;0;0;0;1;0;0;-3,730414000000000;-38,526298000000000
273779;18;6;2015;13:14;384;RUA ELESBAO VELOSO;RUA DR LUIS MORAES CORREIA;;0;;Queda;Luz do Dia;;;;;;0;1;0;0;0;0;0;0;0;1;0;0;-3,751140000000000;-38,592292000000000
273790;18;6;2015;17:48;0;RUA PRO HERIBALDO COSTA;;;0;;Colis?úo;Anoitecer;;;Meio de Quadra;;;0;1;0;1;0;0;0;0;0;1;0;0;-3,763069000000000;-38,585472000000000
273791;18;6;2015;18:04;0;AV BORGES DE MELO;;;0;;Queda;Anoitecer;;;Meio de Quadra;;;0;1;0;0;0;0;0;0;0;1;0;0;;
273793;18;6;2015;20:23;0;RUA DJALMA PETIT;;;0;;Atropelamento;;;;Meio de Quadra;;;0;1;0;0;0;0;0;0;0;0;0;0;-3,765538000000000;-38,512478000000000
273794;18;6;2015;20:23;0;AV D CJ JOSE WALTER;;;0;HOSP. GONZAGUINHA;Colis?úo;;;;Meio de Quadra;;;0;1;0;1;0;0;0;0;0;1;0;0;;
273795;18;6;2015;20:36;0;RUA CREUSA ROCHA;;;0;;Colis?úo;;;;Meio de Quadra;;;0;1;0;1;0;0;0;0;0;1;0;0;;
259013;18;6;2015;06:40;0;RD BR 116;;;4000;KM-04;Colis?úo Transversal;Luz do Dia;Bom;Seca;Meio de Quadra;N?úo H?í Controle;Comercial;0;1;1;0;0;0;0;0;0;1;0;0;-3,788331000000000;-38,510646000000000
252464;18;6;2015;15:45;1656;RUA PRO DIAS DA ROCHA;RUA BENI DE CARVALHO;;0;;Colis?úo Lateral;Luz do Dia;Bom;Seca;Cruz;Pare;Comercial;0;1;1;0;0;0;0;0;0;1;0;0;-3,745994000000000;-38,495024000000000
252466;18;6;2015;08:10;0;AV ALBERTO NEPOMUCENO;;;0;;Colis?úo Lateral;Luz do Dia;Bom;Seca;Meio de Quadra;N?úo H?í Controle;Comercial;0;0;2;1;1;0;0;0;0;0;0;0;;
252469;18;6;2015;11:00;0;RUA NAT FEIJO;;;550;;Colis?úo Transversal;Luz do Dia;Bom;Seca;Meio de Quadra;N?úo H?í Controle;Misto;0;0;2;1;0;0;1;0;0;0;0;0;-3,722112000000000;-38,553768000000000
252470;18;6;2015;11:00;19787;RUA PDE GUERRA;RUA DOM LINO;;0;;Colis?úo Transversal;Luz do Dia;Bom;Seca;Cruz;Pare;Residencial;0;1;1;1;0;0;0;0;0;1;0;0;-3,738718000000000;-38,556643000000000
252471;18;6;2015;18:30;1285;AV DOM LUIS;RUA VIS MAUA;;0;;Outros;Via Iluminada;Bom;Seca;Cruz;Pare;Comercial;0;0;2;1;0;0;0;0;0;0;0;0;-3,732923000000000;-38,498390000000000
252472;18;6;2015;18:04;0;AV AGUANAMBI;;;0;ROTAT?ôRIA;Colis?úo Lateral;Via Iluminada;Bom;Seca;Meio de Quadra;N?úo H?í Controle;Comercial;0;0;2;1;0;0;1;0;0;0;0;0;-3,755538000000000;-38,523043000000000
252484;18;6;2015;09:30;19135;RUA JOAQUIM LIMA;AV DOS JANGADEIROS;;0;;Colis?úo Frontal;Luz do Dia;Bom;Seca;T;Pare;Residencial;0;1;1;0;1;0;0;0;0;1;0;0;;
252485;18;6;2015;14:00;0;AV SEN VIRGILIO TAVORA;;;535;;Engavetamento;Luz do Dia;;Seca;Meio de Quadra;Sem?íforo;Comercial;0;0;3;1;0;0;0;0;0;0;0;0;;
252486;18;6;2015;14:00;0;AV JOVITA FEITOSA;;;809;;Colis?úo Lateral;Luz do Dia;Bom;Seca;Meio de Quadra;Sem?íforo;Comercial;0;0;2;1;0;0;0;0;0;0;0;0;-3,738769000000000;-38,551123000000000
252487;18;6;2015;11:30;0;RUA GAL GOIS MONTEIRO;;;934;;;Luz do Dia;Bom;Seca;Meio de Quadra;N?úo H?í Controle;Residencial;0;0;2;1;0;0;0;0;0;0;0;0;-3,734329000000000;-38,583025000000000
252488;18;6;2015;13:00;4250;AV FRANCISCO SA;RUA PDE ANCHIETA;;0;;Colis?úo Lateral;Luz do Dia;Bom;Seca;Cruz;Sem?íforo;Comercial;0;0;2;1;0;0;1;0;0;0;0;0;-3,719988000000000;-38,549538000000000
252474;18;6;2015;19:50;25328;RUA PORTO VELHO;RUA TUPI D35;;0;;Colis?úo Traseira;Via Iluminada;Bom;Seca;;N?úo H?í Controle;Misto;0;0;2;1;0;0;0;0;0;0;0;0;-3,768111000000000;-38,583018000000000
252475;18;6;2015;13:50;1557;RUA BARBOSA DE FREITAS;RUA CAROLINA SUCUPIRA;;0;;Colis?úo Transversal;Luz do Dia;Bom;Seca;Cruz;N?úo H?í Controle;Misto;0;0;2;1;0;0;0;0;0;0;0;0;-3,741517000000000;-38,498942000000000
252498;18;6;2015;15:30;0;RUA PDE FRANCISCO PINTO;;;337;;Colis?úo Traseira;Luz do Dia;Bom;Seca;;;;0;0;2;1;0;0;0;1;0;0;0;0;-3,743594000000000;-38,539894000000000