COD_ACIDENTE;DIA;MES;ANO;HORA;INTERSECAO;LOG1;LOG2;LOG3;NUMERO;REFERENCIA;NATUREZA;ILUMINACAO;TEMPO;SUPERFICIEPISTA;TIPOCRUZAMENTO;CONTROLETRAFEGO;USOSOLO;MORTOS;FERIDOS;ILESOS;AUTOMOVEL;ONIBUS;BICICLETA;CAMINHAO;MICROONIBUS;CICLOMOTOR;MOTOCICLETA;TRACAOANIMAL;TREM;LATITUDE;LONGITUDE
252499;18;6;2015;18:30;15100;AV HIS RAIMUNDO GIRAO;RUA JOAO CORDEIRO;;0;;Colis?úo Traseira;Via Iluminada;Bom;Seca;Cruz;Sem?íforo;Comercial;0;0;2;1;0;0;0;0;0;0;0;0;-3,720835000000000;-38,511630000000000
252500;18;6;2015;20:40;0;RUA PRO DIAS DA ROCHA;;;684;;Colis?úo Transversal;Via Iluminada;Bom;Seca;Meio de Quadra;N?úo H?í Controle;Residencial;0;0;2;1;0;0;0;0;0;0;0;0;-3,735205000000000;-38,491595000000000
252501;18;6;2015;14:00;5051;RUA SEN JAGUARIBE;RUA SEN POMPEU;;0;;Colis?úo Lateral;Luz do Dia;Bom;Seca;Cruz;Pare;Residencial;0;0;2;1;0;0;0;0;0;0;0;0;-3,721667000000000;-38,528055000000000
252503;18;6;2015;10:40;25331;AV BENJAMIM BRASIL;ET PAVUNA;;0;;Colis?úo Transversal;Luz do Dia;Bom;Seca;Duplo T;N?úo H?í Controle;Residencial;0;0;2;1;0;0;0;0;0;0;0;0;-3,809073000000000;-38,556174000000000
252481;18;6;2015;05:45;5346;AV SANTOS DUMONT;RUA JOAO CORDEIRO;;0;;Colis?úo Transversal;Luz do Dia;Bom;Seca;Cruz;Sem?íforo;Comercial;0;0;2;0;1;0;0;0;0;0;0;0;-3,730878000000000;-38,514781000000000
252482;18;6;2015;08:30;15269;AV RUI BARBOSA;RUA TEN BENEVOLO;;0;;Colis?úo Transversal;Luz do Dia;Bom;Seca;Cruz;Sem?íforo;Residencial;0;1;1;1;0;0;0;0;0;1;0;0;-3,728685000000000;-38,507048000000000
272447;18;6;2015;18:30;0;AV FRANCISCO SA;;;5036;HOSP. LUIS DE FRAN?çA;Atropelamento;Anoitecer;;;Meio de Quadra;;;1;0;1;1;0;0;0;0;0;0;0;0;-3,713340000000000;-38,569272000000000
259014;19;6;2015;18:45;0;RD BR 116;;;9000;KM-09;Colis?úo Lateral;Via Iluminada;Bom;Seca;Meio de Quadra;N?úo H?í Controle;Comercial;0;2;1;0;0;0;0;0;0;1;0;0;-3,830837000000000;-38,504865000000000
259015;19;6;2015;20:20;0;RD BR 116;;;0;;Colis?úo Traseira;Via Iluminada;Bom;Seca;Meio de Quadra;N?úo H?í Controle;Comercial;0;0;3;1;0;0;0;0;0;0;0;0;;
259016;19;6;2015;22:20;0;RD BR 116;;;4000;KM-04;Colis?úo Lateral;Via Iluminada;Bom;Seca;Meio de Quadra;N?úo H?í Controle;Comercial;0;1;1;1;0;0;0;0;0;1;0;0;-3,788331000000000;-38,510646000000000
273796;19;6;2015;03:24;0;AV DEP PAULINO ROCHA;;;0;;Queda;;;;Meio de Quadra;;;0;1;0;0;0;0;0;0;0;1;0;0;-3,809828000000000;-38,509042000000000
273797;19;6;2015;04:54;0;AV GAL OSORIO DE PAIVA;;;0;;Queda;;;;Meio de Quadra;;;0;1;0;0;0;0;0;0;0;1;0;0;;
273800;19;6;2015;08:58;0;RUA CHICO LEMOS;;;0;;Colis?úo;Luz do Dia;;;Meio de Quadra;;;0;1;0;1;0;0;0;0;0;1;0;0;;
252431;19;6;2015;16:50;7923;AV GOV RAUL BARBOSA;RUA ISAC AMARAL;;0;;Colis?úo Transversal;Luz do Dia;Bom;Seca;Cruz;Sem?íforo;Residencial;0;0;2;1;0;0;0;0;0;1;0;0;-3,753019000000000;-38,503726000000000
252432;19;6;2015;13:20;0;AV JOAO PESSOA;;;5253;;Colis?úo Traseira;Luz do Dia;Bom;Seca;Meio de Quadra;N?úo H?í Controle;Comercial;0;0;2;1;0;0;0;0;0;0;0;0;-3,757398000000000;-38,553906000000000
252433;19;6;2015;01:30;0;RUA CARLOS WALRAVEN;;;439;;Colis?úo Lateral;Via Iluminada;Bom;Seca;Meio de Quadra;N?úo H?í Controle;Comercial;0;1;1;1;0;0;0;0;0;0;0;0;-3,719587000000000;-38,592710000000000
252434;19;6;2015;11:50;1463;RUA ILDEFONSO ALBANO;RUA ROCHA LIMA;;0;;Colis?úo Transversal;Luz do Dia;Bom;;Cruz;Pare;Comercial;0;0;2;1;0;0;0;0;0;0;0;0;-3,738687000000000;-38,515157000000000
252435;19;6;2015;18:30;565;RUA DNA MENDINHA;RUA SAO BERNARDO;;0;;Colis?úo Transversal;Anoitecer;Bom;Molhada;Cruz;Pare;Residencial;0;1;1;1;0;0;1;0;0;0;0;0;-3,714988000000000;-38,572165000000000
252436;19;6;2015;07:00;0;AV DOMINGOS OLIMPIO;;;52;;Colis?úo Traseira;Luz do Dia;Bom;Seca;Meio de Quadra;N?úo H?í Controle;Comercial;0;0;3;1;1;0;0;0;0;0;0;0;;
252437;19;6;2015;06:10;0;AV SGT HERMINIO SAMPAIO;;;1416;;Colis?úo Lateral;Luz do Dia;Bom;Molhada;Meio de Quadra;;Residencial;0;0;2;1;0;0;0;0;0;0;0;0;-3,725042000000000;-38,553212000000000
252438;19;6;2015;08:20;5395;RUA TEREZA CRISTINA;RUA ANTONIO POMPEU;;0;;Colis?úo Transversal;Luz do Dia;Bom;Seca;Cruz;Pare;Comercial;0;0;2;1;0;0;0;0;0;0;0;0;-3,732340000000000;-38,538356000000000
252439;19;6;2015;19:15;25149;AV DOM LUIS;RUA MON CATAO;;0;;Colis?úo Lateral;Via Iluminada;Bom;Seca;T;Pare;Comercial;0;0;2;1;0;0;0;0;0;0;0;0;-3,735758000000000;-38,489602000000000
252440;19;6;2015;15:30;13408;AV ANTONIO SALES;RUA BAR ARACATI;;0;;Colis?úo Transversal;Luz do Dia;Bom;Seca;Cruz;Pare;Comercial;0;0;2;1;0;0;0;0;0;0;0;0;-3,741563000000000;-38,514894000000000
252441;19;6;2015;20:00;7975;RUA CARLOS CAMARA;RUA ALVARO MARTINS;;0;;Atropelamento;Via Iluminada;Bom;Seca;Cruz;Pare;Residencial;0;1;1;1;0;0;0;0;0;0;0;0;-3,747550000000000;-38,543554000000000
252442;19;6;2015;08:15;0;AV GOV RAUL BARBOSA;;;5487;;Colis?úo Lateral;Luz do Dia;Bom;Seca;Meio de Quadra;N?úo H?í Controle;Comercial;0;0;2;0;0;0;1;0;0;1;0;0;;
252443;19;6;2015;13:10;16692;AV PRS COSTA E SILVA;AV DOS JANGADEIROS;;0;;;Luz do Dia;Bom;Seca;;N?úo H?í Controle;Residencial;0;0;2;0;1;0;0;0;0;0;0;0;-3,817238000000000;-38,566159000000000
252444;19;6;2015;12:00;17378;RUA ALBERTO MAGNO;RUA ROMEU MARTINS;;0;;Colis?úo Lateral;Luz do Dia;Bom;Seca;Cruz;Pare;Comercial;0;2;0;1;0;0;0;0;0;1;0;0;-3,766914000000000;-38,551758000000000
252445;19;6;2015;16:45;0;RUA EDUARDO PERDIGAO;;;168;;Colis?úo Transversal;Luz do Dia;Bom;Seca;Meio de Quadra;Pare;Comercial;0;0;2;1;1;0;0;0;0;0;0;0;-3,776058000000000;-38,564344000000000
252446;19;6;2015;08:00;0;AV DEP PAULINO ROCHA;;;0;SEMAM;Colis?úo Lateral;Luz do Dia;Bom;Seca;Meio de Quadra;N?úo H?í Controle;Comercial;0;0;2;0;0;0;1;0;0;0;0;0;;
268779;19;6;2015;02:09;15339;RUA FRE MANSUETO;RUA ANA BILHAR;;0;;Colis?úo;;;;Cruz;Sem?íforo;Residencial;0;0;2;0;0;0;0;0;0;0;0;0;-3,731552000000000;-38,488841000000000
268785;19;6;2015;10:15;0;RUA MENOR JERONIMO;;;0;;Atropelamento;Luz do Dia;;;Meio de Quadra;;;0;1;1;1;0;0;0;0;0;0;0;0;;
268781;19;6;2015;10:05;26176;RUA AFONSO HENRIQUE;AV ODILON GUIMARAES;;0;;Colis?úo;Luz do Dia;;;T;Pare;Comercial;0;0;2;0;0;0;0;0;0;0;0;0;-3,826720000000000;-38,480330000000000
268782;19;6;2015;10:10;16294;RUA CEL QUEIROZ;RUA LUCAS AVELINO;;0;;Colis?úo;Luz do Dia;;;;;;0;0;2;0;0;0;0;0;0;0;0;0;-3,835331000000000;-38,564343000000000
268783;19;6;2015;10:12;0;RUA SOBRAL D03;;;0;;Colis?úo;Luz do Dia;;;Meio de Quadra;;;0;0;2;0;0;0;0;0;0;0;0;0;;
268787;19;6;2015;10:16;0;RUA ELDORADO;;;0;;Colis?úo;Luz do Dia;;;Meio de Quadra;;;0;0;2;0;0;0;0;0;0;0;0;0;;
268788;19;6;2015;10:22;0;AV AUGUSTO DOS ANJOS;;;0;;Colis?úo;Luz do Dia;;;Meio de Quadra;;;0;0;2;0;0;0;0;0;0;0;0;0;;
268791;19;6;2015;10:45;3929;RUA ANTONIO POMPEU;RUA SEN POMPEU;;0;;Colis?úo;Luz do Dia;;;Cruz;Sem?íforo;Misto;0;0;2;0;0;0;0;0;0;0;0;0;-3,734439000000000;-38,531891000000000
268792;19;6;2015;10:49;18743;RUA VALPARAISO;RUA CATOLE;;0;;Colis?úo;Luz do Dia;;;Cruz;Pare;Residencial;0;0;2;0;0;0;0;0;0;0;0;0;-3,846407000000000;-38,520171000000000
268797;19;6;2015;11:03;0;RUA NOSSA SRA APARECIDA;;;0;;Colis?úo;Luz do Dia;;;Meio de Quadra;;;0;0;2;0;0;0;0;0;0;0;0;0;;
268798;19;6;2015;11:17;0;RUA FONSECA LOBO;;;0;;Atropelamento;Luz do Dia;;;Meio de Quadra;;;0;1;1;0;0;0;0;0;0;0;0;0;;
268800;19;6;2015;12:25;6944;RUA DIONISIO SERQUEIRA;AV CONTORNO NORTE D71;;0;;Choque c/ Obst?ículo Fixo;Luz do Dia;;;;;;0;0;1;0;0;0;0;0;0;0;0;0;-3,811796000000000;-38,589473000000000
268805;19;6;2015;12:25;5709;AV OLIVEIRA PAIVA;AV DES GONZAGA;;0;;Colis?úo;Luz do Dia;;;Cruz;Sem?íforo;Lazer;0;0;2;0;0;0;0;0;0;0;0;0;-3,797165000000000;-38,499953000000000
268808;19;6;2015;12:40;0;AV I CJ JOSE WALTER;;;0;;Colis?úo;Luz do Dia;;;Meio de Quadra;;;0;0;2;0;0;0;0;0;0;0;0;0;;
268811;19;6;2015;14:11;0;AV OLIVEIRA PAIVA;;;0;;Colis?úo;Luz do Dia;;;Meio de Quadra;;;0;0;2;0;0;0;0;0;0;0;0;0;;
268813;19;6;2015;14:15;0;AV DEP PAULINO ROCHA;;;0;;Colis?úo;Luz do Dia;;;Meio de Quadra;;;0;0;2;0;0;0;0;0;0;0;0;0;;
268814;19;6;2015;14:34;0;AV ABOLICAO;;;0;;Colis?úo;Luz do Dia;;;Meio de Quadra;;;0;0;2;0;0;0;0;0;0;0;0;0;;
268816;19;6;2015;14:39;0;AV HERACLITO GRACA;;;0;;Colis?úo;Luz do Dia;;;Meio de Quadra;;;0;0;2;0;0;0;0;0;0;0;0;0;;
268819;19;6;2015;15:06;0;AV AGUANAMBI;;;0;;Colis?úo;Luz do Dia;;;Meio de Quadra;;;0;0;2;0;0;0;0;0;0;0;0;0;;
268825;19;6;2015;15:25;0;RUA EMILIO DE MENESES;;;0;;Colis?úo;Luz do Dia;;;Meio de Quadra;;;0;0;2;0;0;0;0;0;0;0;0;0;;
268826;19;6;2015;15:27;5437;RUA FLORIANO PEIXOTO;RUA METON DE ALENCAR;;0;;Colis?úo;Luz do Dia;;;Cruz;Pare;Comercial;0;0;2;0;0;0;0;0;0;0;0;0;-3,734071000000000;-38,529358000000000
268827;19;6;2015;15:55;17311;RUA ROMEU MARTINS;RUA JOAO FIRMINO;;0;;Colis?úo;Luz do Dia;;;Cruz;Pare;Residencial;0;0;2;0;0;0;0;0;0;0;0;0;-3,764274000000000;-38,555582000000000
268828;19;6;2015;16:48;0;AV ALBERTO CRAVEIRO;;;0;;Colis?úo;Luz do Dia;;;Meio de Quadra;;;0;0;2;0;0;0;0;0;0;0;0;0;;
268829;19;6;2015;17:00;5079;RUA AGAPITO DOS SANTOS;RUA SAO PAULO;;0;;Colis?úo;Anoitecer;;;Cruz;N?úo H?í Controle;Residencial;0;0;2;0;0;0;0;0;0;0;0;0;-3,722650000000000;-38,537811000000000
268865;19;6;2015;08:26;0;AV SGT HERMINIO SAMPAIO;;;0;;Colis?úo;Luz do Dia;;;Meio de Quadra;;;0;0;2;0;0;0;0;0;0;0;0;0;;
268867;19;6;2015;08:21;3347;AV ENG HUMBERTO MONTE;RUA GOIAS;;0;;Colis?úo;Luz do Dia;;;T;Pare;Comercial;0;0;2;0;0;0;0;0;0;0;0;0;-3,750494000000000;-38,559425000000000
268851;19;6;2015;23:46;0;RUA JUVENTUDE;;;0;;Colis?úo;;;;Meio de Quadra;;;0;0;2;0;0;0;0;0;0;0;0;0;;
268852;19;6;2015;05:05;0;AV PONTES VIEIRA;;;0;;Colis?úo;Amanhecer;;;Meio de Quadra;;;0;0;2;0;0;0;0;0;0;0;0;0;;
268854;19;6;2015;07:06;0;AV PRS COSTA E SILVA;;;0;;Colis?úo;Luz do Dia;;;Meio de Quadra;;;0;1;1;0;0;0;0;0;0;0;0;0;;
268831;19;6;2015;17:13;7923;RUA ISAC AMARAL;AV DES MOREIRA;;0;;Colis?úo Frontal;Anoitecer;;;;;;0;0;2;0;0;0;0;0;0;0;0;0;-3,753019000000000;-38,503726000000000
268832;19;6;2015;17:30;15135;AV HIS RAIMUNDO GIRAO;RUA FRANCISCO DIAS RIBEIRO;;0;;Colis?úo;Anoitecer;;;Cruz;N?úo H?í Controle;Residencial;0;0;2;0;0;0;0;0;0;0;0;0;-3,724024000000000;-38,504397000000000
268822;19;6;2015;15:23;0;AV DR SILAS MUNGUBA;;;0;;Colis?úo;Luz do Dia;;;Meio de Quadra;;;0;0;2;0;0;0;0;0;0;0;0;0;;
268835;19;6;2015;19:06;0;AV DR THEBERGE;;;0;;Colis?úo;;;;Meio de Quadra;;;0;0;2;0;0;0;0;0;0;0;0;0;;
268839;19;6;2015;19:20;0;RUA RUA SABINO LORETO (BARROSO);;;0;;Colis?úo;;;;Meio de Quadra;;;0;0;2;0;0;0;0;0;0;0;0;0;;
268841;19;6;2015;20:07;0;RUA CEL VIRGILIO NOGUEIRA (BOM JARDIM);;;0;;Colis?úo;;;;Meio de Quadra;;;0;0;2;0;0;0;0;0;0;0;0;0;;
268844;19;6;2015;22:44;0;AV PERIMETRAL;;;0;;Colis?úo;;;;Meio de Quadra;;;0;1;1;1;0;0;0;0;0;1;0;0;;
268846;19;6;2015;23:14;3302;AV GAL OSORIO DE PAIVA;RUA LUIS VIEIRA;;0;;Colis?úo;;;;Cruz;Sem?íforo Intermitente;Comercial;0;1;1;1;0;0;0;0;0;1;0;0;-3,790879000000000;-38,588616000000000
259419;19;6;2015;20:10;0;AV MAE LISBOA;;;0;;Colis?úo;Via Iluminada;;Seca;Meio de Quadra;;;0;1;1;1;0;0;0;0;0;1;0;0;-3,805513000000000;-38,449058000000000
259415;19;6;2015;14:55;0;RD CE-040;;;0;KM-01;Colis?úo;Luz do Dia;;Seca;Meio de Quadra;;;0;0;2;1;0;0;0;0;0;0;0;0;-3,754877000000000;-38,483270000000000
259416;19;6;2015;16:05;0;RD CE-040;;;0;KM-03;Colis?úo;Luz do Dia;;Seca;Meio de Quadra;;;0;2;5;1;0;0;0;0;0;1;0;0;-3,783185000000000;-38,481014000000000
262764;19;6;2015;09:46;0;AV FRANCISCO SA;;;0;;Colis?úo;Luz do Dia;;;Meio de Quadra;;;0;0;2;1;0;0;0;0;0;0;0;0;;
262765;19;6;2015;10:19;3770;RUA MAL DEODORO;AV DOMINGOS OLIMPIO;;0;;Colis?úo;Luz do Dia;;;T;Pare;Comercial;0;0;2;1;1;0;0;0;0;0;0;0;-3,735847000000000;-38,533360000000000
262762;19;6;2015;08:57;0;AV ANTONIO SALES;;;0;;Colis?úo;Luz do Dia;;;Meio de Quadra;;;0;0;3;1;0;0;0;1;0;0;0;0;;
273801;19;6;2015;09:36;0;RUA ARACAJU;;;0;;Queda;Luz do Dia;;;Meio de Quadra;;;0;1;0;0;0;1;0;0;0;0;0;0;-3,754529000000000;-38,584785000000000
273808;19;6;2015;11:51;0;AV BEIRA MAR;;;0;;Atropelamento;Luz do Dia;;;Meio de Quadra;;;0;1;0;1;0;0;0;0;0;0;0;0;-3,722529000000000;-38,481482000000000
273809;19;6;2015;12:27;0;AV ENG HUMBERTO MONTE;;;0;;Colis?úo;Luz do Dia;;;Meio de Quadra;;;0;1;0;1;0;0;0;0;0;1;0;0;;
273811;19;6;2015;15:41;0;RUA ROMEU MARTINS;;;0;;Colis?úo;Luz do Dia;;;Meio de Quadra;;;0;1;0;1;0;0;0;0;0;1;0;0;;
273804;19;6;2015;09:38;0;RUA NOSSA SRA DAS GRACAS;;;0;;Queda;Luz do Dia;;;Meio de Quadra;;;0;1;0;0;0;0;0;0;0;1;0;0;;
273813;19;6;2015;16:03;0;AV WASHINGTON SOARES;;;0;;Colis?úo;Luz do Dia;;;Meio de Quadra;;;0;1;0;0;0;0;0;0;0;0;0;0;-3,781466000000000;-38,481154000000000
273814;19;6;2015;17:55;11160;RUA JOSE MENELEU D41;RUA SUECIA;;0;;Colis?úo;Anoitecer;;;Cruz;Pare;Residencial;0;1;0;1;0;0;0;0;0;1;0;0;-3,782586000000000;-38,559334000000000
273816;19;6;2015;19:53;0;RD BR 116;;;0;;Colis?úo;;;;Meio de Quadra;;;0;1;0;1;0;0;0;0;0;1;0;0;;
273817;19;6;2015;20:47;0;RUA MATO GROSSO;;;0;;Colis?úo;;;;Meio de Quadra;;;0;1;0;0;0;0;0;0;0;0;0;0;-3,755933000000000;-38,563307000000000
273819;19;6;2015;23:45;0;RD BR 116;;;4000;KM-04;Colis?úo;;;;Meio de Quadra;;;0;1;0;1;0;0;0;0;0;1;0;0;-3,788331000000000;-38,510646000000000
273820;20;6;2015;05:41;0;RUA LUIZA GUIMARAES;;;0;;Queda;Amanhecer;;;Meio de Quadra;;;0;1;0;0;0;0;0;0;0;1;0;0;;
273821;20;6;2015;06:46;0;RUA SEN POMPEU;;;0;;Colis?úo;Luz do Dia;;;Meio de Quadra;;;0;1;0;0;0;0;0;0;0;0;0;0;;
273863;20;6;2015;20:03;0;RUA CARLOS CAMARA;;;0;;Colis?úo;;;;Meio de Quadra;;;0;1;0;1;0;0;0;0;0;1;0;0;-3,747611000000000;-38,543608000000000
273865;20;6;2015;21:03;18756;RUA VALPARAISO;AV B CJ HAB ST SAO JOAO;;0;;Colis?úo;;;;Cruz;Pare;Residencial;0;1;0;0;0;0;0;0;0;1;0;0;-3,846515000000000;-38,517719000000000
273867;20;6;2015;22:22;0;AV PERIMETRAL;;;0;;Queda;;;;Meio de Quadra;;;0;1;0;0;0;1;0;0;0;0;0;0;;
273871;20;6;2015;23:16;0;RUA PDE PERDIGAO SAMPAIO;;;0;;Colis?úo;;;;Meio de Quadra;;;0;1;0;0;0;0;0;0;0;0;0;0;;
273873;20;6;2015;23:42;0;RD BR 116;;;7000;KM-07;Queda;;;;Meio de Quadra;;;0;1;0;0;0;0;0;0;0;1;0;0;-3,813246000000000;-38,501101000000000
273824;20;6;2015;06:49;0;AV PERIMETRAL;;;0;;Colis?úo;Luz do Dia;;;Meio de Quadra;;;0;1;0;0;0;0;0;0;0;1;0;0;;
273825;20;6;2015;07:06;0;RUA VERBENA;;;0;;Colis?úo;Luz do Dia;;;Meio de Quadra;;;0;1;0;1;0;0;0;0;0;1;0;0;-3,781423000000000;-38,588860000000000
273827;20;6;2015;07:40;0;RUA IMPERATRIZ D44;;;0;;Atropelamento;Luz do Dia;;;Meio de Quadra;;;0;1;0;0;0;0;0;0;0;1;0;0;;
273829;20;6;2015;07:59;0;AV HIS RAIMUNDO GIRAO;;;0;;Capotamento;Luz do Dia;;;Meio de Quadra;;;0;1;0;1;0;0;0;0;0;0;0;0;;
273830;20;6;2015;09:15;10018;RUA HUMBERTO LOMEU;RUA DUAS NACOES;;0;;Colis?úo;Luz do Dia;;;;;;0;1;0;1;0;0;0;0;0;1;0;0;-3,781768000000000;-38,603382000000000
273832;20;6;2015;11:56;48;RUA JOAQUIM LEITAO;RUA TEN QUEIROZ;;0;;Colis?úo;Luz do Dia;;;Cruz;Pare;Misto;0;1;0;1;0;0;0;0;0;1;0;0;-3,745296000000000;-38,591941000000000
273841;20;6;2015;12:47;0;RUA ANTONIO DE CASTRO;;;0;;Colis?úo;Luz do Dia;;;Meio de Quadra;;;0;1;0;1;0;0;0;0;0;1;0;0;;
273843;20;6;2015;13:42;0;AV N CJ JOSE WALTER;;;0;;Colis?úo;Luz do Dia;;;Meio de Quadra;;;0;1;0;1;0;0;0;0;0;1;0;0;;
273847;20;6;2015;16:43;24511;RUA DR QUIXADA FELICIO;AV J CJ POLAR;;0;;Colis?úo;Luz do Dia;;;Cruz;Pare;Residencial;0;1;0;1;0;0;0;0;0;1;0;0;-3,709781000000000;-38,596399000000000
273848;20;6;2015;17:46;0;AV ODILON GUIMARAES;;;0;;Colis?úo;Anoitecer;;;Meio de Quadra;;;0;1;0;1;0;0;0;0;0;1;0;0;-3,815963000000000;-38,469950000000000
273850;20;6;2015;17:54;0;AV WASHINGTON SOARES;;;0;;Atropelamento;Anoitecer;;;Meio de Quadra;;;0;1;0;1;0;0;0;0;0;0;0;0;-3,807568000000000;-38,479060000000000
273851;20;6;2015;18:22;0;RUA EDITE BRAGA;;;0;;Colis?úo;Anoitecer;;;Meio de Quadra;;;0;1;0;1;0;0;0;0;0;1;0;0;-3,753638000000000;-38,541600000000000
273852;20;6;2015;19:02;0;AV OLIVEIRA PAIVA;;;0;;Atropelamento;;;;Meio de Quadra;;;0;1;0;0;0;0;0;0;0;0;0;0;;
273854;20;6;2015;19:15;0;AV PRS CASTELO BRANCO;;;0;;Atropelamento;;;;Meio de Quadra;;;0;1;0;0;0;0;0;0;0;1;0;0;-3,712413000000000;-38,553008000000000
262812;20;6;2015;15:46;17251;RUA EUGENIO GADELHA;RUA BAR CANINDE;;0;;Colis?úo;Luz do Dia;;;Cruz;Pare;Residencial;0;0;2;1;0;0;0;0;0;0;0;0;-3,760980000000000;-38,551248000000000
262813;20;6;2015;17:11;0;RUA CONDE D??EU;;;0;;Colis?úo;Anoitecer;;;Meio de Quadra;;;0;0;2;1;1;0;0;0;0;0;0;0;;
262815;20;6;2015;23:33;15326;RUA PEREIRA FILGUEIRAS;AV BAR STUDART;;0;;Colis?úo;;;;Cruz;Sem?íforo;Comercial;0;0;2;1;0;0;0;0;0;0;0;0;-3,730810000000000;-38,505361000000000
259421;20;6;2015;18:10;0;RD CE-040;;;0;KM-07;Atropelamento;Anoitecer;;Seca;Meio de Quadra;;;0;1;1;1;0;0;0;0;0;0;0;0;-3,817953000000000;-38,483160000000000
259422;20;6;2015;20:00;0;AV SEN CARLOS JEREISSATI (AEROPORTO);;;0;KM 02;Colis?úo;Via Iluminada;;Seca;Meio de Quadra;;;0;0;2;1;0;0;0;0;0;0;0;0;-3,783932000000000;-38,529156000000000
268984;20;6;2015;23:18;7391;RUA ARACAJU;RUA CURITIBA;;0;;Atropelamento;;;;Cruz;Pare;Misto;0;1;1;1;0;0;0;0;0;0;0;0;-3,758402000000000;-38,586845000000000
268985;20;6;2015;23:19;0;RUA HUGO VITOR;;;0;;Colis?úo;;;;Meio de Quadra;;;0;0;2;0;0;0;0;0;0;0;0;0;;
268971;20;6;2015;19:22;0;RUA MIRTES CORDEIRO;;;0;;Colis?úo;;;;Meio de Quadra;;;0;0;2;0;0;0;0;0;0;0;0;0;;
268972;20;6;2015;19:23;0;AV DES FAUSTINO ALBUQUERQUE;;;0;;Colis?úo;;;;Meio de Quadra;;;0;1;1;1;0;0;0;0;0;1;0;0;-3,785497000000000;-38,499345000000000
268974;20;6;2015;19:25;0;AV CAP WALDEMAR PAULA LIMA;;;0;;Colis?úo;;;;Meio de Quadra;;;0;1;1;1;0;0;0;0;0;1;0;0;;
268976;20;6;2015;19:26;0;RUA FRANCISCO RAMOS;;;0;;Colis?úo;;;;Meio de Quadra;;;0;1;1;0;0;0;0;0;0;0;0;0;;
268977;20;6;2015;19:27;0;RUA DAS PITANGUEIRAS;;;0;;Colis?úo;;;;Meio de Quadra;;;0;0;2;0;0;0;0;0;0;0;0;0;;
268978;20;6;2015;20:04;0;RUA URUCUTUBA;;;0;;Colis?úo;;;;Meio de Quadra;;;0;0;2;0;0;0;0;0;0;0;0;0;;
268979;20;6;2015;21:06;1538;AV PDE ANTONIO TOMAS;RUA LEONARDO MOTA;;0;;Choque c/ Obst?ículo Fixo;;;;Cruz;Sem?íforo;Comercial;0;0;2;0;0;0;0;0;0;0;0;0;-3,740811000000000;-38,497662000000000
268980;20;6;2015;21:48;0;RUA JOSE MENDONCA;;;0;;Colis?úo;;;;Meio de Quadra;;;0;0;2;0;0;0;0;0;0;0;0;0;;
268981;20;6;2015;21:50;0;AV GODOFREDO MACIEL;;;0;;Colis?úo;;;;Meio de Quadra;;;0;0;2;0;0;0;0;0;0;0;0;0;;
268991;20;6;2015;03:12;0;RUA JOSE HIPOLITO;;;0;;Colis?úo;;;;Meio de Quadra;;;0;0;2;0;0;0;0;0;0;0;0;0;;
268987;20;6;2015;23:20;0;AV 13 DE MAIO;;;0;;Colis?úo;;;;Meio de Quadra;;;0;0;2;0;0;0;0;0;0;0;0;0;;
268938;20;6;2015;16:22;0;RUA PEDRO MARTINS;;;0;;Colis?úo;Luz do Dia;;;Meio de Quadra;;;0;1;1;1;0;0;0;0;0;1;0;0;-3,798673000000000;-38,603230000000000
268936;20;6;2015;16:22;670;RUA GOMES PASSOS;RUA PRO JOSE BONIFACIO;;0;;Colis?úo;Luz do Dia;;;Cruz;Pare;Residencial;0;0;2;0;0;0;0;0;0;0;0;0;-3,710794000000000;-38,562431000000000
268929;20;6;2015;15:03;18503;RUA ANTONIO LAFAYETTE;RUA OURO BRANCO;;0;;Colis?úo;Luz do Dia;;;;;;0;1;1;0;0;0;0;0;0;0;0;0;-3,733798000000000;-38,574293000000000
268933;20;6;2015;15:31;0;RUA ISAIE BORIS;;;0;;Colis?úo;Luz do Dia;;;Meio de Quadra;;;0;1;1;1;0;0;0;0;0;1;0;0;-3,766945000000000;-38,548179000000000
268940;20;6;2015;16:26;5142;RUA CASTRO E SILVA;RUA CONDE D??EU;;0;;Colis?úo;Luz do Dia;;;Outros;Sem?íforo;Comercial;0;0;2;0;0;0;0;0;0;0;0;0;-3,724606000000000;-38,525072000000000
268942;20;6;2015;16:39;0;RUA GOMES PASSOS;;;0;;Colis?úo;Luz do Dia;;;Meio de Quadra;;;0;0;2;0;0;0;0;0;0;0;0;0;;
268944;20;6;2015;16:40;0;AV BEZERRA DE MENEZES;;;0;;Colis?úo;Luz do Dia;;;Meio de Quadra;;;0;0;2;0;0;0;0;0;0;0;0;0;;
268947;20;6;2015;16:45;0;RUA EMILIO CONDE;;;0;;Colis?úo;Luz do Dia;;;Meio de Quadra;;;0;0;2;0;0;0;0;0;0;0;0;0;;
268955;20;6;2015;17:59;0;RUA TULIPA;;;0;;Colis?úo;Anoitecer;;;Meio de Quadra;;;0;0;2;0;0;0;0;0;0;0;0;0;;
268962;20;6;2015;18:51;8934;AV DOMINGOS OLIMPIO;RUA PDE MORORO;;0;;Colis?úo;;;;Cruz;Pare;Residencial;0;0;2;0;0;0;0;0;0;0;0;0;-3,733752000000000;-38,539949000000000
268965;20;6;2015;19:13;4188;AV PRS CASTELO BRANCO;RUA STA ROSA D20/21 (JACARECANGA);;0;;Colis?úo;;;;T;N?úo H?í Controle;Residencial;0;0;2;0;0;0;0;0;0;0;0;0;-3,712336000000000;-38,553260000000000
268969;20;6;2015;19:21;25559;RUA FERNANDO FARIAS DE MELO (MANUEL S?üTIRO);RUA UIRAPURU;;0;;Colis?úo;;;;Cruz;Pare;;0;0;2;0;0;0;0;0;0;0;0;0;-3,795633000000000;-38,578318000000000
268879;20;6;2015;09:58;0;RUA DES EURICO MONTEIRO;;;0;;Colis?úo;Luz do Dia;;;Meio de Quadra;;;0;0;2;0;0;0;0;0;0;0;0;0;;