COD_ACIDENTE;DIA;MES;ANO;HORA;INTERSECAO;LOG1;LOG2;LOG3;NUMERO;REFERENCIA;NATUREZA;ILUMINACAO;TEMPO;SUPERFICIEPISTA;TIPOCRUZAMENTO;CONTROLETRAFEGO;USOSOLO;MORTOS;FERIDOS;ILESOS;AUTOMOVEL;ONIBUS;BICICLETA;CAMINHAO;MICROONIBUS;CICLOMOTOR;MOTOCICLETA;TRACAOANIMAL;TREM;LATITUDE;LONGITUDE
268881;20;6;2015;09:59;0;RUA PRO SILAS RIBEIRO;;;0;;Colis?úo;Luz do Dia;;;Meio de Quadra;;;0;1;1;1;0;0;0;0;0;1;0;0;;
268886;20;6;2015;10:08;0;AV PASTEUR;;;0;;Colis?úo;Luz do Dia;;;Meio de Quadra;;;0;0;2;0;0;0;0;0;0;0;0;0;;
268892;20;6;2015;10:27;0;AV PRS CASTELO BRANCO;;;749;PEFOCE;Atropelamento;Luz do Dia;;;Meio de Quadra;;;0;1;1;1;0;0;0;0;0;0;0;0;-3,718066000000000;-38,535806000000000
268894;20;6;2015;10:57;0;RUA MAL BITENCOURT;;;0;;Colis?úo;Luz do Dia;;;Meio de Quadra;;;0;1;1;1;0;0;0;0;0;1;0;0;;
268897;20;6;2015;10:40;0;RUA VALPARAISO;;;0;;Colis?úo;Luz do Dia;;;Meio de Quadra;;;0;1;1;1;0;0;0;0;0;1;0;0;;
268901;20;6;2015;10:49;0;RUA MIGUEL GURGEL;;;0;;Colis?úo;Luz do Dia;;;Meio de Quadra;;;0;0;2;0;0;0;0;0;0;0;0;0;;
268902;20;6;2015;10:50;0;RUA DAS PEDRINHAS;;;0;;Colis?úo;Luz do Dia;;;Meio de Quadra;;;0;0;2;0;0;0;0;0;0;0;0;0;;
268905;20;6;2015;11:03;0;RUA DES PRAXEDES;;;0;;Colis?úo;Luz do Dia;;;Meio de Quadra;;;0;0;2;0;0;0;0;0;0;0;0;0;;
268908;20;6;2015;11:03;0;AV JOAO PESSOA;;;0;;Colis?úo;Luz do Dia;;;Meio de Quadra;;;0;0;2;0;0;0;0;0;0;0;0;0;;
268912;20;6;2015;11:12;22886;RUA INACIO PARENTE;RUA BERNARDO MANUEL;;0;;Colis?úo;Luz do Dia;;;Cruz;Sem?íforo;Comercial;0;0;2;0;0;0;0;0;0;0;0;0;-3,781268000000000;-38,546074000000000
268913;20;6;2015;13:48;12954;RUA BERNARDO MANUEL;AV PRS COSTA E SILVA;;0;;Colis?úo;Luz do Dia;;;;;;0;0;2;0;0;0;0;0;0;0;0;0;-3,821079000000000;-38,558276000000000
268921;20;6;2015;14:52;0;RUA ANTONIO LAFAYETTE;;;0;;Atropelamento;Luz do Dia;;;Meio de Quadra;;;0;0;2;0;0;0;0;0;0;0;0;0;;
268924;20;6;2015;14:55;0;RUA EDUARDO ANGELIM;;;0;;Colis?úo;Luz do Dia;;;Meio de Quadra;;;0;0;2;0;0;0;0;0;0;0;0;0;;
268861;20;6;2015;07:24;3199;RUA VITAL BRASIL;RUA VERBENA;;0;;Colis?úo;Luz do Dia;;;Cruz;Sem?íforo;Comercial;0;0;2;0;0;0;0;0;0;0;0;0;-3,780666000000000;-38,588650000000000
268857;20;6;2015;07:07;0;AV A CJ CEARA;;;0;;Colis?úo;Luz do Dia;;;Meio de Quadra;;;0;0;2;0;0;0;0;0;0;0;0;0;;
268864;20;6;2015;07:58;0;RUA IMPERATRIZ;;;0;;Atropelamento;Luz do Dia;;;Meio de Quadra;;;0;0;2;0;0;0;0;0;0;0;0;0;;
268873;20;6;2015;08:21;0;AV CASTELO DE CASTRO;;;0;;Atropelamento;Luz do Dia;;;Meio de Quadra;;;0;0;2;0;0;0;0;0;0;0;0;0;;
268877;20;6;2015;09:37;0;RUA DES FRANCISCO BARROS FONTENELE;;;0;;Colis?úo;Luz do Dia;;;Meio de Quadra;;;0;0;2;0;0;0;0;0;0;0;0;0;;
263789;20;6;2015;12:15;15435;RUA FARIAS LEMOS;RUA FREDERICO SEVERO;;0;;Colis?úo;Luz do Dia;;;Cruz;;Residencial;0;1;0;1;0;0;0;0;0;0;0;0;-3,816836000000000;-38,492707000000000
259017;20;6;2015;19:00;0;RD BR 116;;;9000;KM-09;Queda;Via Iluminada;Bom;Seca;Meio de Quadra;N?úo H?í Controle;Comercial;0;1;0;0;0;0;0;0;1;0;0;0;-3,830837000000000;-38,504865000000000
259019;20;6;2015;23:20;0;RD BR 116;;;6000;KM-06;Colis?úo Traseira;Via Iluminada;Bom;Seca;Meio de Quadra;N?úo H?í Controle;Comercial;0;3;0;0;0;0;0;0;0;1;0;0;-3,804691000000000;-38,503053000000000
252526;20;6;2015;12:30;0;AV FRANCISCO SA;;;4533;;Colis?úo Traseira;Luz do Dia;Bom;Seca;Meio de Quadra;Sem?íforo;Comercial;0;0;2;1;0;0;1;0;0;0;0;0;-3,714667000000000;-38,565462000000000
252527;20;6;2015;13:19;5283;AV DOM MANUEL;AV SANTOS DUMONT;;0;;;Luz do Dia;Bom;Seca;Cruz;Sem?íforo;Misto;0;0;5;1;0;0;0;0;0;0;0;0;-3,728774000000000;-38,521250000000000
252529;20;6;2015;15:00;0;RUA VALPARAISO;;;0;;Colis?úo Transversal;Luz do Dia;Bom;Seca;Meio de Quadra;N?úo H?í Controle;Comercial;0;0;2;1;0;0;0;0;0;0;0;0;;
252530;20;6;2015;20:00;17434;RUA CESAR ROSSAS;RUA EDITE BRAGA;;0;;Colis?úo Lateral;Via Iluminada;Bom;Seca;Cruz;Pare;Residencial;0;1;1;1;0;0;0;0;0;1;0;0;-3,768906000000000;-38,553869000000000
252515;20;6;2015;10:30;3410;RUA DES PRAXEDES;RUA JOAO MELO;;0;;Colis?úo Transversal;Luz do Dia;Bom;Seca;Cruz;N?úo H?í Controle;Comercial;0;0;2;1;0;0;0;0;0;0;0;0;-3,756403000000000;-38,554104000000000
252516;20;6;2015;05:30;25006;RUA BENI DE CARVALHO;RUA LEONARDO MOTA;;0;;Colis?úo Lateral;Luz do Dia;Bom;Seca;Cruz;Sem?íforo;Comercial;0;0;2;0;0;0;0;0;0;0;0;0;-3,744739000000000;-38,498931000000000
252517;20;6;2015;12:00;0;RUA VALPARAISO;;;0;;Colis?úo Transversal;Luz do Dia;Bom;Seca;Meio de Quadra;N?úo H?í Controle;;0;0;2;1;0;0;0;0;0;0;0;0;;
252518;20;6;2015;15:00;5235;RUA PEDRO PEREIRA;RUA PRC ISABEL;;0;;Colis?úo Transversal;Luz do Dia;Bom;Seca;Cruz;Pare;Residencial;0;0;2;1;0;0;0;0;0;0;0;0;-3,727353000000000;-38,535705000000000
252519;20;6;2015;07:00;15245;AV ANTONIO JUSTA;RUA LEONARDO MOTA;;0;;Colis?úo Transversal;Luz do Dia;Bom;Seca;Cruz;Pare;Residencial;0;1;1;1;0;0;0;0;0;0;0;0;-3,727945000000000;-38,493542000000000
252521;20;6;2015;09:00;10842;RUA PRO HERIBALDO COSTA;RUA CUIABA;;0;;Colis?úo Lateral;Luz do Dia;;Seca;Cruz;Pare;Residencial;0;0;2;1;0;0;1;0;0;0;0;0;-3,764961000000000;-38,586471000000000
252522;20;6;2015;01:35;1225;RUA COSTA BARROS;RUA ILDEFONSO ALBANO;;0;;Colis?úo Transversal;Via Iluminada;Nublado;Seca;Cruz;Sem?íforo;Comercial;0;1;1;1;1;0;0;0;0;0;0;0;-3,730135000000000;-38,512227000000000
252523;20;6;2015;08:15;14995;AV GODOFREDO MACIEL;RUA NIGERIA;;0;;Colis?úo Traseira;Luz do Dia;Bom;Seca;Duplo T;Outros;Residencial;0;1;1;1;0;0;0;0;0;1;0;0;-3,792542000000000;-38,568128000000000
252524;20;6;2015;10:20;15301;RUA TEN BENEVOLO;RUA SILVA PAULET;;0;;Colis?úo Transversal;Luz do Dia;Bom;Seca;Cruz;Pare;Residencial;0;2;0;1;0;0;0;0;0;0;0;0;-3,729724000000000;-38,503888000000000
252504;20;6;2015;07:45;15288;RUA VICENTE LEITE;RUA SILVA JATAHY;;0;;Colis?úo Transversal;Luz do Dia;Bom;Seca;Cruz;Pare;Residencial;0;0;2;0;0;0;0;0;0;0;0;0;-3,729302000000000;-38,492910000000000
252505;20;6;2015;10:50;17424;RUA ANTONIO FIUZA;RUA TRES MARIAS D39 (MONTESE);;0;;Colis?úo Traseira;Luz do Dia;Bom;Seca;Cruz;Sem?íforo;Comercial;0;1;1;1;0;0;0;0;0;1;0;0;-3,768452000000000;-38,551577000000000
252506;20;6;2015;08:00;5051;RUA SEN POMPEU;RUA SEN JAGUARIBE;;0;;Colis?úo Transversal;Luz do Dia;Bom;Seca;Cruz;Pare;Comercial;0;1;1;0;0;0;0;0;0;1;0;0;-3,721667000000000;-38,528055000000000
252507;20;6;2015;13:20;0;RUA CON DE CASTRO;;;5205;;Colis?úo Frontal;Luz do Dia;Bom;Seca;Meio de Quadra;N?úo H?í Controle;Residencial;0;0;2;0;1;0;1;0;0;0;0;0;-3,808732000000000;-38,595246000000000
252508;20;6;2015;02:45;15005;AV GODOFREDO MACIEL;RUA SUICA;;0;;Choque c/ Obst?ículo Fixo;Via Iluminada;Bom;Seca;T;N?úo H?í Controle;Comercial;0;0;3;1;0;0;0;0;0;0;0;0;-3,792859000000000;-38,568361000000000
252510;20;6;2015;12:10;0;AV DUQ CAXIAS;;;0;;Colis?úo Traseira;Luz do Dia;Bom;Seca;Meio de Quadra;N?úo H?í Controle;Comercial;0;2;0;1;0;0;0;0;0;0;0;0;;
252511;20;6;2015;07:00;0;AV PRS CASTELO BRANCO;;;0;;Colis?úo Traseira;Luz do Dia;Bom;Seca;Meio de Quadra;N?úo H?í Controle;Comercial;0;0;2;1;0;0;0;0;0;0;0;0;;
252512;20;6;2015;13:20;19278;RUA CAIO PRADO;RUA 7 DE SETEMBRO;;0;;Colis?úo Lateral;Luz do Dia;Bom;Seca;Cruz;Sem?íforo;Comercial;0;0;2;1;1;0;0;0;0;0;0;0;-3,773724000000000;-38,563028000000000
252513;20;6;2015;13:00;4630;AV VIENA WEYNE;RUA BOTELHO MAGALHAES;;0;;Colis?úo Transversal;Luz do Dia;Bom;Seca;Cruz;Pare;Comercial;0;0;2;1;0;0;0;0;0;0;0;0;-3,801029000000000;-38,491573000000000
252467;21;6;2015;14:00;10863;RUA PORTO VELHO;RUA PRO HERIBALDO COSTA;;0;;Colis?úo Lateral;;Bom;Seca;Cruz;Sem?íforo;Comercial;0;2;1;1;0;0;0;0;0;1;0;0;-3,765974000000000;-38,587014000000000
252468;21;6;2015;05:00;0;RUA LAURO MAIA;;;353;;Choque c/ Obst?ículo Fixo;Amanhecer;Nublado;Seca;Meio de Quadra;Outros;Residencial;0;0;1;1;0;0;0;0;0;0;0;0;-3,743685000000000;-38,523644000000000
252465;21;6;2015;09:30;0;AV CEL CARVALHO;;;235;;Colis?úo Lateral;Luz do Dia;Bom;Seca;Meio de Quadra;;Comercial;0;0;2;1;0;0;0;0;0;1;0;0;-3,705046000000000;-38,591142000000000
252463;21;6;2015;12:20;22887;RUA DR JUSTA ARAUJO D45;RUA VITORIANO BORGES;;0;;Colis?úo Transversal;Luz do Dia;Bom;Seca;Cruz;Pare;Residencial;0;3;1;1;0;0;0;0;0;1;0;0;-3,781281000000000;-38,552083000000000
259022;21;6;2015;10:05;0;RD BR 116;;;14000;KM-14;Colis?úo Lateral;Luz do Dia;Bom;Seca;Meio de Quadra;N?úo H?í Controle;Comercial;0;2;0;1;0;0;0;0;0;0;0;0;-3,873523000000000;-38,499242000000000
252447;21;6;2015;05:50;25729;AV TRISTAO GONCALVES;RUA ANTONIO POMPEU;;0;;Colis?úo Transversal;Amanhecer;Bom;Seca;Cruz;Sem?íforo;Comercial;0;0;2;1;0;0;0;0;0;0;0;0;-3,733388000000000;-38,535088000000000
252448;21;6;2015;08:10;20131;RUA PRO JOSE SILVEIRA;RUA CRISANTO ARRUDA;;0;;Colis?úo Transversal;Luz do Dia;Nublado;Seca;Cruz;Outros;Residencial;0;0;3;1;0;0;0;0;0;0;0;0;-3,810268000000000;-38,522564000000000
252462;21;6;2015;08:30;15350;AV DES MOREIRA;RUA PEREIRA VALENTE;;0;;Choque c/ Obst?ículo Fixo;Luz do Dia;Nublado;Molhada;Cruz;Sem?íforo;Comercial;0;0;1;1;0;0;0;0;0;0;0;0;-3,732253000000000;-38,497076000000000
252455;21;6;2015;19:20;0;AV BEZERRA DE MENEZES;;;2495;;Colis?úo Lateral;Via Iluminada;Bom;Seca;Meio de Quadra;N?úo H?í Controle;Comercial;0;0;2;1;1;0;0;0;0;0;0;0;-3,736168000000000;-38,566827000000000
252456;21;6;2015;17:30;13389;AV ANTONIO SALES;RUA JOAO CORDEIRO;;0;;Outros;Via Iluminada;Bom;Seca;Cruz;Sem?íforo Intermitente;Comercial;0;0;2;1;0;0;0;0;0;0;0;0;-3,740588000000000;-38,518068000000000
252457;21;6;2015;14:45;0;AV ENG ALBERTO SA;;;52;;Colis?úo Lateral;Luz do Dia;Bom;Seca;Meio de Quadra;Sem?íforo;Comercial;0;0;2;1;0;0;0;0;0;0;0;0;-3,732599000000000;-38,482669000000000
252458;21;6;2015;09:00;1649;RUA CEL JUCA;RUA GAL TERTULIANO POTYGUARA;;0;;Colis?úo;Via Iluminada;Nublado;Seca;Cruz;Pare;Residencial;0;1;1;1;0;0;0;0;0;0;0;0;-3,745325000000000;-38,493766000000000
252459;21;6;2015;19:25;0;AV DR SILAS MUNGUBA;;;3483;;Atropelamento;Via Iluminada;Bom;Seca;Meio de Quadra;N?úo H?í Controle;Comercial;0;1;1;0;1;0;0;0;0;0;0;0;-3,789525000000000;-38,542838000000000
252460;21;6;2015;02:00;12752;RUA MAJ WEYNE;RUA EDITE BRAGA;;0;;Choque c/ Obst?ículo Fixo;Luz do Dia;Nublado;Molhada;T;N?úo H?í Controle;Residencial;0;1;0;1;0;0;0;0;0;0;0;0;-3,752226000000000;-38,540332000000000
252450;21;6;2015;22:30;0;AV HIS RAIMUNDO GIRAO;;;900;;Colis?úo Traseira;Via Iluminada;Bom;Seca;Meio de Quadra;Sem?íforo;Residencial;0;0;3;1;0;0;0;0;0;0;0;0;-3,722562000000000;-38,507507000000000
252451;21;6;2015;21:00;23045;AV DR SILAS MUNGUBA;RUA MALMEQUER;;0;;Colis?úo Transversal;Via Iluminada;Bom;Seca;Cruz;Sem?íforo;Comercial;0;1;1;1;0;0;0;0;0;1;0;0;-3,790980000000000;-38,538571000000000
252452;21;6;2015;18:40;0;RUA BENTO GONCALVES;;;700;;Colis?úo Frontal;Via Iluminada;Bom;Seca;Meio de Quadra;N?úo H?í Controle;Residencial;0;1;1;1;0;0;0;0;0;1;0;0;-3,811504000000000;-38,587358000000000
252453;21;6;2015;18:30;19672;AV BEZERRA DE MENEZES;RUA GAL PIRAGIBE;;0;;Engavetamento;Via Iluminada;Bom;Seca;Cruz;Sem?íforo;Comercial;0;0;3;1;0;0;0;0;0;0;0;0;-3,734449000000000;-38,558651000000000
263795;21;6;2015;00:20;0;RUA LIBERATO BARROSO;;;1163;;Colis?úo Lateral;;;;Meio de Quadra;;;0;1;0;1;0;0;0;0;0;0;0;0;-3,725483000000000;-38,537573000000000
263802;21;6;2015;20:20;11288;RUA ROSA CRUZ;RUA VIDAL DE NEGREIROS;;0;;Colis?úo;;;;Cruz;Pare;Rural;0;1;0;0;0;1;0;0;0;0;0;0;-3,799905000000000;-38,565010000000000
263811;21;6;2015;21:10;0;RUA BERNARDO MANUEL;;;10000;;Colis?úo;;;;Meio de Quadra;;;0;1;0;1;0;0;0;0;0;1;0;0;-3,806539000000000;-38,553769000000000
268996;21;6;2015;04:27;12762;AV BORGES DE MELO;RUA JORGE DUMAR;;0;;Choque c/ Obst?ículo Fixo;;;;Cruz;Sem?íforo;Comercial;0;0;1;0;0;0;0;0;0;0;0;0;-3,752695000000000;-38,539369000000000
269003;21;6;2015;04:32;1649;RUA GAL TERTULIANO POTYGUARA;RUA CEL JUCA;;0;;Colis?úo;;;;Cruz;Pare;Residencial;0;0;2;0;0;0;0;0;0;0;0;0;-3,745325000000000;-38,493766000000000
269004;21;6;2015;05:04;1657;RUA CEL JUCA;RUA BENI DE CARVALHO;;0;;Colis?úo;Amanhecer;;;Cruz;Sem?íforo;Misto;0;0;2;0;0;0;0;0;0;0;0;0;-3,746301000000000;-38,494070000000000
268992;21;6;2015;03:13;0;AV CARAPINIMA;;;0;;Colis?úo;;;;Meio de Quadra;;;0;0;2;0;0;0;0;0;0;0;0;0;;
268993;21;6;2015;04:25;184;RUA BALDUINO FREIRE;RUA CAP BRASIL;;0;;Colis?úo;;;;Cruz;Sem?íforo Intermitente;Residencial;0;1;0;0;0;0;0;0;0;0;0;0;-3,735496000000000;-38,586378000000000
269100;21;6;2015;17:55;0;RUA 15 DE NOVEMBRO;;;0;;Colis?úo;Anoitecer;;;Meio de Quadra;;;0;1;1;1;0;0;0;0;0;1;0;0;;
269039;21;6;2015;17:32;0;RUA GERMANO FRANCK;;;0;;Colis?úo;Anoitecer;;;Meio de Quadra;;;0;0;2;0;0;0;0;0;0;0;0;0;;
269064;21;6;2015;20:25;12404;AV SEN FERNANDES TAVORA;AV LINEU MACHADO;;0;;Colis?úo;;;;Cruz;N?úo H?í Controle;Comercial;0;0;2;0;0;0;0;0;0;0;0;0;-3,765199000000000;-38,576540000000000
269061;21;6;2015;19:04;0;RUA SAO FRANCISCO D21;;;0;;Colis?úo;;;;Meio de Quadra;;;0;0;2;0;0;0;0;0;0;0;0;0;;
269058;21;6;2015;19:02;0;RUA CAP BRASIL;;;0;;Colis?úo;;;;Meio de Quadra;;;0;0;2;0;0;0;0;0;0;0;0;0;;
269054;21;6;2015;18:45;0;RUA ULLISSES GUIMARAES;;;0;;Colis?úo;;;;Outros;Pare;Misto;0;0;2;0;0;0;0;0;0;0;0;0;;
269067;21;6;2015;20:57;18743;RUA VALPARAISO;RUA CATOLE;;0;;Colis?úo;;;;Cruz;Pare;Residencial;0;0;2;0;0;0;0;0;0;0;0;0;-3,846407000000000;-38,520171000000000
269069;21;6;2015;21:09;0;AV DR SILAS MUNGUBA;;;0;;Colis?úo;;;;Meio de Quadra;;;0;0;2;0;0;0;0;0;0;0;0;0;;
269071;21;6;2015;21:39;0;RUA TEN TITO BARROS;;;0;;Atropelamento;;;;Meio de Quadra;;;0;0;2;0;0;0;0;0;0;0;0;0;;
269073;21;6;2015;21:58;581;AV PASTEUR;AV FRANCISCO SA;;0;;Atropelamento;;;;Cruz;;Comercial;0;0;2;0;0;0;0;0;0;0;0;0;-3,716325000000000;-38,560567000000000
269076;21;6;2015;22:16;0;AV EDILSON B SOARES;;;0;;Colis?úo;;;;Meio de Quadra;;;0;1;1;0;0;0;0;0;0;1;0;0;-3,788490000000000;-38,469356000000000
269029;21;6;2015;13:38;10065;RUA ANTONIO NERY;RUA SEN MENEZES PIMENTEL;;0;;Colis?úo;Luz do Dia;;;Cruz;Pare;Rural;0;0;2;0;0;0;0;0;0;0;0;0;;
269031;21;6;2015;14:40;6254;RUA 541 C CJ CEARA;RUA 541 B CJ CEARA;;0;;Colis?úo;Luz do Dia;;;;;;0;0;2;0;0;0;0;0;0;0;0;0;-3,768962000000000;-38,609504000000000
269033;21;6;2015;14:54;21864;RUA EMILIA GONCALVES;RUA ALINE VIEIRA COLARES;;0;;Colis?úo;Luz do Dia;;;Cruz;N?úo H?í Controle;Residencial;0;0;2;0;0;0;0;0;0;0;0;0;-3,732622000000000;-38,592922000000000
269035;21;6;2015;13:36;0;RUA ANIBAL MASCARENHAS;;;0;;Colis?úo;Luz do Dia;;;Meio de Quadra;;;0;0;2;0;0;0;0;0;0;0;0;0;;
269036;21;6;2015;20:55;0;RUA DES JOSE GIL DE CARVALHO;;;0;;Atropelamento;;;;Meio de Quadra;;;0;0;2;0;0;0;0;0;0;0;0;0;;
269009;21;6;2015;10:22;5235;RUA PEDRO PEREIRA;RUA PRC ISABEL;;0;;Colis?úo;Luz do Dia;;;Cruz;Pare;Comercial;0;0;2;0;0;0;0;0;0;0;0;0;-3,727353000000000;-38,535705000000000
269014;21;6;2015;11:07;1337;RUA OSVALDO CRUZ (ALDEOTA);AV SANTOS DUMONT;;0;;Colis?úo;Luz do Dia;;;Cruz;Sem?íforo;Comercial;0;0;2;0;0;0;0;0;0;0;0;0;-3,735602000000000;-38,500317000000000
269015;21;6;2015;12:02;1175;AV ODILON GUIMARAES;AV IZABEL M ALENCAR;;0;;Colis?úo;Luz do Dia;;;;;;0;0;2;0;0;0;0;0;0;0;0;0;-3,817893000000000;-38,473680000000000
269017;21;6;2015;12:06;0;RUA FRANCISCO PEREIRA (JD DAS OLIVEIRAS);;;0;;Colis?úo;Luz do Dia;;;Meio de Quadra;;;0;0;2;0;0;0;0;0;0;0;0;0;;
269020;21;6;2015;12:08;0;RUA FRANCISCO PEREIRA (JD DAS OLIVEIRAS);;;0;;Colis?úo;Luz do Dia;;;Meio de Quadra;;;0;0;2;0;0;0;0;0;0;0;0;0;;
269022;21;6;2015;12:09;15951;RUA PDE PEDRO DE ALENCAR;AV FRE CIRILO;;0;;Colis?úo;Luz do Dia;;;T;N?úo H?í Controle;Comercial;0;0;2;0;0;0;0;0;0;0;0;0;-3,827783000000000;-38,493485000000000
269024;21;6;2015;12:54;0;RUA FRANCISCO PAIVA;;;0;;Colis?úo;Luz do Dia;;;Meio de Quadra;;;0;0;2;0;0;0;0;0;0;0;0;0;;
269026;21;6;2015;12:58;200;RUA SAO SALVADOR;RUA MARTINS NETO;;0;;Colis?úo;Luz do Dia;;;;;;0;0;2;0;0;0;0;0;0;0;0;0;-3,740482000000000;-38,589691000000000
259424;21;6;2015;07:45;0;AV SEN CARLOS JEREISSATI (AEROPORTO);;;0;KM 01;Colis?úo;Luz do Dia;;Seca;Meio de Quadra;;;0;0;2;1;0;0;0;0;0;0;0;0;-3,783803000000000;-38,520356000000000
273875;21;6;2015;01:22;0;AV CEL CARVALHO;;;0;;Queda;;;;Meio de Quadra;;;0;1;0;0;0;0;0;0;0;1;0;0;-3,713441000000000;-38,588929000000000
273885;21;6;2015;04:24;12757;RUA MAJ WEYNE;RUA DAMASCENO GIRAO;;0;;Colis?úo;;;;;;;0;1;0;1;0;0;0;0;0;0;0;0;-3,752487000000000;-38,540018000000000
273892;21;6;2015;09:07;0;AV PRAIA DE SABIAGUABA;;;0;;Queda;Luz do Dia;;;Meio de Quadra;;;0;1;0;0;0;0;0;0;0;1;0;0;;
273887;21;6;2015;05:14;0;AV PERIMETRAL;;;0;;Colis?úo;Amanhecer;;;Meio de Quadra;;;0;1;0;0;0;0;0;0;0;0;0;0;;
273898;21;6;2015;09:54;0;AV PDE ANTONIO TOMAS;;;0;;Colis?úo;Luz do Dia;;;Meio de Quadra;;;0;1;0;1;0;0;0;0;0;1;0;0;-3,742097000000000;-38,493691000000000
273899;21;6;2015;10:16;0;AV PDE ANTONIO TOMAS;;;0;;Queda;Luz do Dia;;;Meio de Quadra;;;0;1;0;0;0;1;0;0;0;0;0;0;-3,742097000000000;-38,493691000000000
273902;21;6;2015;12:13;0;RUA DR JUSTA ARAUJO D45;;;0;;Colis?úo;Luz do Dia;;;Meio de Quadra;;;0;1;0;1;0;0;0;0;0;1;0;0;-3,781153000000000;-38,552032000000000
273905;21;6;2015;12:39;0;RUA FRANCISCO PAIVA;;;0;;Queda;Luz do Dia;;;Meio de Quadra;;;0;1;0;0;0;0;0;0;0;1;0;0;;
273914;21;6;2015;13:50;0;RUA PORTO VELHO;;;0;;Colis?úo;Luz do Dia;;;Meio de Quadra;;;0;1;0;1;0;0;0;0;0;1;0;0;;
273923;21;6;2015;14:03;0;AV PERIMETRAL;;;0;VIADUTO ANTONIO BEZERRA;Colis?úo;Luz do Dia;;;Meio de Quadra;;;0;1;0;1;0;0;0;0;0;1;0;0;;
273933;21;6;2015;17:21;0;AV FRE CIRILO;;;3480;HOSPITAL DO CORA?ç?âO;Atropelamento;Anoitecer;;;Meio de Quadra;;;0;1;0;1;0;0;0;0;0;0;0;0;-3,815475000000000;-38,498245000000000
273934;21;6;2015;17:30;0;AV ROGACIANO LEITE;;;0;;Colis?úo;Anoitecer;;;Meio de Quadra;;;0;1;0;1;0;1;0;0;0;0;0;0;;
273937;21;6;2015;17:37;0;RUA BERNARDO MANUEL;;;0;;Colis?úo;Anoitecer;;;Meio de Quadra;;;0;1;0;1;0;0;0;0;0;1;0;0;;
273939;21;6;2015;18:04;0;AV SEN FERNANDES TAVORA;;;0;;Atropelamento;Anoitecer;;;Meio de Quadra;;;0;1;0;1;0;0;0;0;0;0;0;0;;
273941;21;6;2015;19:21;0;AV DR SILAS MUNGUBA;;;0;;Atropelamento;;;;Meio de Quadra;;;0;1;0;0;0;0;0;0;0;0;0;0;;
273942;21;6;2015;19:22;15335;AV DES MOREIRA;RUA REPUBLICA DO LIBANO;;0;;Colis?úo;;;;Cruz;Pare;Outros;0;1;0;1;0;0;0;0;0;1;0;0;-3,731285000000000;-38,496754000000000
273944;21;6;2015;19:57;0;AV DIOGUINHO;;;0;;Colis?úo;;;;Meio de Quadra;;;0;1;0;1;0;0;0;0;0;1;0;0;;
273947;21;6;2015;20:36;0;AV DR SILAS MUNGUBA;;;0;;Colis?úo;;;;Meio de Quadra;;;0;1;0;0;0;0;0;0;0;0;0;0;;
273929;21;6;2015;17:04;0;AV FRANCISCO SA;;;0;;Colis?úo;Anoitecer;;;Meio de Quadra;;;0;1;0;1;0;0;0;0;0;1;0;0;-3,721053000000000;-38,546254000000000
273969;21;6;2015;20:40;0;AV MR HULL;;;0;;Queda;;;;Meio de Quadra;;;0;1;0;0;0;0;0;0;0;1;0;0;;
273974;22;6;2015;02:48;0;AV H CJ CEARA;;;0;;Queda;;;;Meio de Quadra;;;0;1;0;0;0;0;0;0;0;1;0;0;-3,776362000000000;-38,615004000000000
273992;22;6;2015;19:48;0;RD QUARTO ANEL VIARIO;;;0;;Colis?úo;;;;Meio de Quadra;;;0;1;0;1;0;1;0;0;0;0;0;0;;
273995;22;6;2015;19:55;0;RUA 1018 CJ CEARA;;;0;;Queda;;;;Meio de Quadra;;;0;1;0;0;0;0;0;0;0;1;0;0;;
273976;22;6;2015;06:53;21601;RUA COM GARCIA;RUA DARCY VARGAS;;0;;Colis?úo;Luz do Dia;;;;;;0;1;0;1;0;0;0;0;0;1;0;0;-3,797338000000000;-38,586988000000000
273978;22;6;2015;07:43;11932;AV CASTELO DE CASTRO;AV PRS COSTA E SILVA;;0;;Atropelamento;Luz do Dia;;;Cruz;Sem?íforo;Misto;0;1;0;1;0;0;0;0;0;0;0;0;-3,829012000000000;-38,521435000000000
273979;22;6;2015;09:57;0;AV RAD JOSE LIMA VERDE;;;0;;Queda;Luz do Dia;;;Meio de Quadra;;;0;1;0;0;0;0;0;0;0;1;0;0;;
273981;22;6;2015;10:07;0;RUA FRANCISCO MATOS;;;0;;Colis?úo;Luz do Dia;;;Meio de Quadra;;;0;1;0;0;0;0;0;0;0;0;0;0;;
273982;22;6;2015;10:24;0;RD BR 116;;;0;;Colis?úo;Luz do Dia;;;Meio de Quadra;;;0;1;0;0;0;0;1;0;0;1;0;0;;
273983;22;6;2015;11:49;0;AV GOV RAUL BARBOSA;;;0;;Queda;Luz do Dia;;;Meio de Quadra;;;0;1;0;0;0;0;0;0;0;1;0;0;;
273984;22;6;2015;13:30;0;AV ABOLICAO;;;0;;Colis?úo;Luz do Dia;;;Meio de Quadra;;;0;1;0;1;0;0;0;0;0;1;0;0;-3,724791000000000;-38,503368000000000
273987;22;6;2015;15:06;0;AV ROGACIANO LEITE;;;0;;Colis?úo;Luz do Dia;;;Meio de Quadra;;;0;0;1;0;0;0;0;0;0;0;0;0;;
273988;22;6;2015;17:20;0;RUA VITORIA;;;0;;Queda;Anoitecer;;;Meio de Quadra;;;0;1;0;0;0;0;0;0;0;1;0;0;;
273990;22;6;2015;18:18;0;AV MAE LISBOA;;;0;;Colis?úo;Anoitecer;;;Meio de Quadra;;;0;1;0;1;0;0;0;0;0;1;0;0;-3,806027000000000;-38,453444000000000