COD_ACIDENTE;DIA;MES;ANO;HORA;INTERSECAO;LOG1;LOG2;LOG3;NUMERO;REFERENCIA;NATUREZA;ILUMINACAO;TEMPO;SUPERFICIEPISTA;TIPOCRUZAMENTO;CONTROLETRAFEGO;USOSOLO;MORTOS;FERIDOS;ILESOS;AUTOMOVEL;ONIBUS;BICICLETA;CAMINHAO;MICROONIBUS;CICLOMOTOR;MOTOCICLETA;TRACAOANIMAL;TREM;LATITUDE;LONGITUDE
274009;22;6;2015;22:47;0;RUA GAL SAMPAIO;;;0;;Colis?úo;;;;Meio de Quadra;;;0;1;0;1;0;0;0;0;0;1;0;0;;
273997;22;6;2015;22:28;0;RUA VITORIA;;;0;;Colis?úo;;;;Meio de Quadra;;;0;1;0;1;0;0;0;0;0;1;0;0;;
262818;22;6;2015;12:25;0;AV DR SILAS MUNGUBA;;;0;;Colis?úo;Luz do Dia;;;Meio de Quadra;;;0;0;2;1;0;0;0;0;0;0;0;0;;
269077;22;6;2015;00:15;0;AV CEL CARVALHO;;;0;;Colis?úo;;;;Meio de Quadra;;;0;1;1;1;0;0;0;0;0;1;0;0;;
269081;22;6;2015;16:20;2830;AV GAL OSORIO DE PAIVA;RUA OSCAR FRANCA;;0;;Colis?úo;Luz do Dia;;;T;Sem?íforo;Residencial;0;0;2;0;0;0;0;0;0;0;0;0;-3,794473000000000;-38,592113000000000
269083;22;6;2015;16:39;7401;AV SEN FERNANDES TAVORA;RUA AUDISIO PINHEIRO;;0;;Colis?úo;Luz do Dia;;;Cruz;Sem?íforo;Comercial;0;0;2;0;0;0;0;0;0;0;0;0;-3,758593000000000;-38,588886000000000
269086;22;6;2015;16:43;7860;AV ANTONIO SALES;AV SEN VIRGILIO TAVORA;;0;;Colis?úo;Luz do Dia;;;Cruz;Sem?íforo;Comercial;0;0;2;0;0;0;0;0;0;0;0;0;-3,747279000000000;-38,496500000000000
269087;22;6;2015;16:59;0;RUA PDE PEDRO DE ALENCAR;;;0;;Colis?úo;Luz do Dia;;;Meio de Quadra;;;0;0;2;0;0;0;0;0;0;0;0;0;;
269089;22;6;2015;17:10;0;AV DR SILAS MUNGUBA;;;0;;Colis?úo;Anoitecer;;;Meio de Quadra;;;0;0;2;0;0;0;0;0;0;0;0;0;;
269091;22;6;2015;17:23;0;RUA ANTONIO COSTA MENDES;;;0;;Colis?úo;Anoitecer;;;Meio de Quadra;;;0;0;2;0;0;0;0;0;0;0;0;0;;
269105;22;6;2015;18:13;0;AV ALBERTO CRAVEIRO;;;0;;Colis?úo;Anoitecer;;;;;;0;0;2;0;0;0;0;0;0;0;0;0;;
269106;22;6;2015;18:34;7211;AV PRS CASTELO BRANCO;AV DR THEBERGE;;0;;Colis?úo;;;;Cruz;Sem?íforo;Comercial;0;0;2;0;0;0;0;0;0;0;0;0;-3,710079000000000;-38,563456000000000
269107;22;6;2015;18:59;0;RUA RICARDO PONTES;;;0;;Colis?úo;;;;Meio de Quadra;;;0;1;1;1;0;0;0;0;0;1;0;0;;
269112;22;6;2015;19:21;10681;AV MIGUEL DIAS;RUA ATILANO MOURA;;0;;Colis?úo;;;;;Sem?íforo;Residencial;0;0;2;0;0;0;0;0;0;0;0;0;-3,763517000000000;-38,487708000000000
269115;22;6;2015;19:50;10774;AV SEN FERNANDES TAVORA;RUA ANTONIO IVO;;0;;Colis?úo;;;;Cruz;N?úo H?í Controle;Residencial;0;0;2;0;0;0;0;0;0;0;0;0;-3,762109000000000;-38,582305000000000
269118;22;6;2015;20:54;0;RUA OSVALDO ARANHA;;;0;;Colis?úo;;;;Meio de Quadra;;;0;0;2;0;0;0;0;0;0;0;0;0;;
269123;22;6;2015;22:41;0;RUA JOAQUIM B DOS SANTOS;;;0;;Colis?úo;;;;Meio de Quadra;;;0;0;2;0;0;0;0;0;0;0;0;0;;
269126;22;6;2015;23:02;13594;AV PONTES VIEIRA;RUA CAP GUSTAVO;;0;;Colis?úo;;;;Cruz;Sem?íforo;Comercial;0;1;1;1;0;0;0;0;0;1;0;0;-3,753153000000000;-38,517125000000000
269128;22;6;2015;23:09;0;RUA CON DE CASTRO;;;0;;Colis?úo;;;;Meio de Quadra;;;0;0;2;0;0;0;0;0;0;0;0;0;;
263818;22;6;2015;14:10;666;RUA FERREIRA DOS SANTOS;RUA JOAO RIBEIRO;;0;;Colis?úo;Luz do Dia;;;;;;0;1;0;1;1;0;0;0;0;0;0;0;-3,717916000000000;-38,567265000000000
263821;22;6;2015;17:20;272;RUA ABILIO MARTINS;RUA PEDRO DE QUEIROZ;;0;;Colis?úo;Anoitecer;;;Cruz;Pare;Residencial;0;1;0;0;0;0;0;0;0;0;0;0;-3,741922000000000;-38,559367000000000
263822;22;6;2015;19:10;14857;RUA MARIO FILHO;TR REJANE;;0;;Colis?úo;;;;Cruz;;Residencial;0;1;1;1;0;0;0;0;0;1;0;0;-3,806710000000000;-38,585721000000000
263816;22;6;2015;10:28;0;RUA DUTRA;;;13;;Choque c/ Obst?ículo Fixo;Luz do Dia;;;Meio de Quadra;;;0;1;0;0;0;0;0;0;0;1;0;0;-3,731678000000000;-38,486658000000000
259023;22;6;2015;09:40;0;RD BR 116;;;6000;KM-06;Colis?úo Lateral;Luz do Dia;Bom;Seca;Meio de Quadra;N?úo H?í Controle;Comercial;0;1;1;1;1;0;0;0;0;0;0;0;-3,804691000000000;-38,503053000000000
259024;22;6;2015;14:54;0;RD BR 116;;;0;;Colis?úo Lateral;Luz do Dia;Bom;Seca;Meio de Quadra;N?úo H?í Controle;Comercial;0;0;2;0;1;0;0;0;0;0;0;0;;
252605;22;6;2015;18:30;0;RUA JUSTINIANO DE SERPA;;;83;;Colis?úo Lateral;Anoitecer;Bom;Seca;Meio de Quadra;Outros;Misto;0;0;2;1;1;0;0;0;0;0;0;0;-3,731954000000000;-38,542689000000000
252592;22;6;2015;16:30;1380;RUA NUNES VALENTE;RUA TORRES CAMARA;;0;;Colis?úo Frontal;Via Iluminada;Bom;Seca;Cruz;Pare;Residencial;0;1;1;1;0;0;0;0;0;0;0;0;-3,736618000000000;-38,503856000000000
252594;22;6;2015;16:30;0;AV DOM LUIS;;;500;;Colis?úo Lateral;Luz do Dia;Bom;Seca;Meio de Quadra;Outros;Comercial;0;0;2;1;0;0;0;0;0;0;0;0;-3,733263000000000;-38,497304000000000
252537;22;6;2015;09:25;5331;AV SANTOS DUMONT;RUA GONCALVES LEDO;;0;;Colis?úo Transversal;Luz do Dia;Bom;Seca;Cruz;Pare;Comercial;0;0;2;1;0;0;0;0;0;0;0;0;-3,730535000000000;-38,515848000000000
252538;22;6;2015;07:00;4114;AV PRS CASTELO BRANCO;RUA LUCAS PINTO;;0;;Colis?úo Transversal;Luz do Dia;Bom;Seca;Cruz;Pare;Residencial;0;1;2;1;0;0;0;0;1;0;0;0;-3,711416000000000;-38,558025000000000
252539;22;6;2015;07:00;1311;RUA LEONARDO MOTA;RUA MARCOS MACEDO;;0;;Colis?úo Transversal;Luz do Dia;Bom;Seca;Cruz;Sem?íforo;Residencial;0;1;1;1;0;0;0;0;0;0;0;0;-3,734885000000000;-38,495763000000000
252552;22;6;2015;17:45;1512;RUA ROCHA LIMA;AV RUI BARBOSA;;0;;Colis?úo Lateral;Via Iluminada;Bom;Seca;Cruz;Outros;Residencial;0;0;2;1;0;0;0;0;0;1;0;0;-3,740096000000000;-38,510753000000000
252553;22;6;2015;16:20;5455;RUA ANTONIO POMPEU;RUA FLORIANO PEIXOTO;;0;;Colis?úo Lateral;Luz do Dia;Bom;Seca;Cruz;N?úo H?í Controle;Comercial;0;0;2;1;0;0;0;0;0;1;0;0;-3,735086000000000;-38,529685000000000
252554;22;6;2015;08:40;0;AV LUCIANO CARNEIRO;RUA MIN JOAQUIM BASTOS D14;RUA MARIO MAMEDE;0;;Colis?úo Traseira;Luz do Dia;Bom;Seca;Meio de Quadra;N?úo H?í Controle;;0;0;2;1;0;0;0;0;0;0;0;0;;
252555;22;6;2015;07:30;18440;AV SGT HERMINIO SAMPAIO;RUA CARLINDO CRUZ;;0;;Colis?úo Lateral;Luz do Dia;Bom;Seca;T;Pare;Misto;0;0;2;1;0;0;0;0;0;1;0;0;-3,729636000000000;-38,574437000000000
252556;22;6;2015;11:30;22951;AV DR SILAS MUNGUBA;RUA DR JUSTA ARAUJO D45;;0;;Colis?úo Transversal;Luz do Dia;Bom;Seca;Cruz;Sem?íforo;Comercial;0;1;1;1;0;0;0;0;0;1;0;0;-3,784586000000000;-38,553426000000000
252535;22;6;2015;11:30;12925;AV ANTONIO SALES;AV AGUANAMBI;;0;;Colis?úo Traseira;Luz do Dia;Bom;Seca;Cruz;Sem?íforo;Misto;0;0;3;1;0;0;1;0;0;0;0;0;-3,738683000000000;-38,524628000000000
252558;22;6;2015;18:30;12849;RUA ASSUNCAO;RUA SALDANHA MARINHO;;0;;Colis?úo Transversal;Via Iluminada;Bom;Seca;Cruz;Pare;Misto;0;2;1;1;0;0;0;0;0;1;0;0;-3,742314000000000;-38,531231000000000
252562;22;6;2015;08:30;0;AV DR THEBERGE;;;2420;;Colis?úo Lateral;Luz do Dia;Bom;Seca;Meio de Quadra;N?úo H?í Controle;Residencial;0;0;2;1;0;0;1;0;0;0;0;0;-3,723153000000000;-38,567737000000000
252563;22;6;2015;17:20;0;AV PRS CASTELO BRANCO;;;2944;;Colis?úo Traseira;Luz do Dia;Bom;Seca;Meio de Quadra;N?úo H?í Controle;Comercial;0;0;2;1;0;0;0;0;0;0;0;0;-3,711963000000000;-38,554955000000000
252565;22;6;2015;14:00;0;AV WENEFRIDO MELO;;;390;;Colis?úo Lateral;Luz do Dia;Bom;Seca;Meio de Quadra;Outros;Comercial;0;0;2;1;0;0;0;0;0;0;0;0;-3,811056000000000;-38,575518000000000
252560;22;6;2015;15:46;0;AV ROGACIANO LEITE;;;200;;Choque c/ Obst?ículo Fixo;Luz do Dia;Bom;Seca;Meio de Quadra;N?úo H?í Controle;Residencial;0;1;0;0;0;0;0;0;0;1;0;0;-3,758927000000000;-38,491845000000000
252567;22;6;2015;18:10;15597;RUA CEL JOAO OLIVEIRA;RUA VICENTE NOBRE MACEDO;;0;;Colis?úo Transversal;Via Iluminada;Bom;Seca;Cruz;Pare;Residencial;0;0;3;1;0;0;0;0;0;0;0;0;-3,823327000000000;-38,484102000000000
252569;22;6;2015;13:15;15152;AV BAR STUDART;AV MON TABOSA;;0;;Colis?úo Transversal;Luz do Dia;Bom;Seca;Cruz;Sem?íforo;Misto;0;1;1;1;0;0;0;0;0;1;0;0;-3,724762000000000;-38,503445000000000
252570;22;6;2015;14:35;0;AV PRS CASTELO BRANCO;;;289;;Colis?úo Traseira;Luz do Dia;Bom;;Meio de Quadra;;;0;0;2;1;0;0;0;0;0;0;0;0;;
252572;22;6;2015;16:30;0;AV DR SILAS MUNGUBA;;;3723;;Colis?úo Traseira;Via Iluminada;Bom;Seca;Meio de Quadra;N?úo H?í Controle;Residencial;0;0;2;1;0;0;0;0;0;0;0;0;-3,790272000000000;-38,540645000000000
252573;22;6;2015;19:35;13408;AV ANTONIO SALES;RUA BAR ARACATI;;0;;Colis?úo Transversal;Via Iluminada;Bom;Seca;Cruz;Pare;Comercial;0;0;2;0;1;0;0;0;0;0;0;0;-3,741563000000000;-38,514894000000000
252575;22;6;2015;07:00;7790;AV PONTES VIEIRA;AV DES MOREIRA;;0;;Colis?úo Transversal;Luz do Dia;Bom;Seca;Cruz;Sem?íforo;Comercial;0;0;2;1;0;0;0;0;0;0;0;0;-3,751526000000000;-38,503254000000000
252576;22;6;2015;09:20;15260;RUA ANA BILHAR;RUA JOAQUIM NABUCO;;0;;Colis?úo Transversal;Luz do Dia;Bom;Seca;Cruz;Sem?íforo;Residencial;0;0;2;1;0;0;0;0;0;1;0;0;-3,728382000000000;-38,499077000000000
252577;22;6;2015;10:15;6817;RUA BENTO ALBUQUERQUE;RUA FRANCISCO MATOS;;0;;Colis?úo Lateral;Luz do Dia;Bom;Seca;Cruz;Pare;Residencial;0;1;1;1;1;0;0;0;0;0;0;0;-3,747862000000000;-38,470436000000000
252578;22;6;2015;16:00;25745;RUA FRANCISCO JOSE A PEREIRA;RUA DR WANDA SIDOU;;0;;Colis?úo Transversal;Luz do Dia;Bom;Seca;Cruz;Gesto;Comercial;0;0;3;1;0;0;1;0;0;0;0;0;;
252580;22;6;2015;10:56;0;AV AGUANAMBI;;;358;;Engavetamento;Luz do Dia;Bom;Seca;Meio de Quadra;N?úo H?í Controle;Comercial;0;0;3;1;0;0;0;0;0;0;0;0;-3,740220000000000;-38,524995000000000
252581;22;6;2015;10:00;5402;RUA VINTE E QUATRO DE MAIO;RUA METON DE ALENCAR;;0;;Colis?úo Transversal;Luz do Dia;Bom;Seca;Cruz;Pare;Misto;0;0;2;1;0;0;0;0;0;0;0;0;-3,732626000000000;-38,533848000000000
252583;22;6;2015;08:00;10962;RUA ANTONIO FIUZA;RUA DOM CARLOTO TAVORA;;0;;Colis?úo Transversal;Luz do Dia;Bom;Seca;Cruz;Pare;Residencial;0;1;1;1;0;0;0;1;0;0;0;0;-3,771157000000000;-38,552567000000000
252585;22;6;2015;16:00;0;RUA PRO COSTA MENDES;;;0;;Colis?úo Lateral;Luz do Dia;Bom;Seca;Meio de Quadra;Pare;Comercial;0;0;2;1;0;0;0;0;0;0;0;0;;
252586;22;6;2015;07:15;0;AV GAL OSORIO DE PAIVA;;;857;;Colis?úo Traseira;Luz do Dia;Bom;Seca;Meio de Quadra;Sem?íforo;Residencial;0;1;1;0;1;0;0;0;0;1;0;0;-3,777862000000000;-38,570045000000000
252587;22;6;2015;11:00;17326;RUA ALBERTO MAGNO;RUA ALAN KARDEC;;0;;Colis?úo Traseira;Luz do Dia;Bom;Seca;Cruz;Pare;Comercial;0;0;2;1;0;0;0;0;0;0;0;0;-3,764796000000000;-38,549918000000000
252589;22;6;2015;15:00;0;RUA MARGARIDA DE QUEIROZ;;;274;;Colis?úo Lateral;Luz do Dia;Bom;Seca;Meio de Quadra;N?úo H?í Controle;Residencial;0;0;2;1;0;0;0;0;0;1;0;0;-3,794416000000000;-38,504536000000000
252590;22;6;2015;16:00;0;AV GAL OSORIO DE PAIVA;;;420;;Colis?úo Traseira;Luz do Dia;Bom;Seca;Meio de Quadra;Outros;Misto;0;0;2;1;0;0;0;0;0;0;0;0;-3,775801000000000;-38,566760000000000
252591;22;6;2015;16:30;0;AV BEZERRA DE MENEZES;;;2695;;Colis?úo Lateral;Luz do Dia;Bom;Seca;Meio de Quadra;;Comercial;0;0;2;1;0;0;1;0;0;0;0;0;;
252536;23;6;2015;09:10;0;AV DOS JANGADEIROS;;;620;;Colis?úo Lateral;Luz do Dia;Bom;Seca;Meio de Quadra;N?úo H?í Controle;Residencial;0;0;2;1;0;0;1;0;0;0;0;0;;
252540;23;6;2015;07:10;7907;AV PONTES VIEIRA;RUA VICENTE LEITE;;0;;Colis?úo Transversal;Luz do Dia;Bom;Seca;Cruz;Sem?íforo;Comercial;0;0;2;1;0;0;0;0;0;0;0;0;-3,751180000000000;-38,500282000000000
252541;23;6;2015;16:48;7846;RUA JULIO SIQUEIRA;RUA JOSE VILAR;;0;;Colis?úo Transversal;Anoitecer;Bom;Seca;Cruz;Pare;Residencial;0;0;2;1;0;0;0;0;0;0;0;0;-3,749493000000000;-38,509103000000000
252542;23;6;2015;09:00;0;AV JOR THOMAZ COELHO;;;0;;Atropelamento;Luz do Dia;Bom;Seca;Outros;N?úo H?í Controle;Outros;0;2;0;0;0;0;0;0;0;1;0;0;;
252525;23;6;2015;09:00;3420;AV JOAO PESSOA;RUA DES PRAXEDES;;0;;Colis?úo Traseira;Luz do Dia;Bom;Seca;Cruz;Sem?íforo;Comercial;0;1;1;1;0;0;0;0;0;0;0;0;-3,756946000000000;-38,553504000000000
252520;23;6;2015;11:30;25697;RUA JOAO CORDEIRO;RUA ROCHA LIMA;;0;;Colis?úo Lateral;Luz do Dia;Bom;Seca;Cruz;Pare;Residencial;0;0;2;1;0;0;0;0;0;0;0;0;-3,738000000000000;-38,517275000000000
252531;23;6;2015;14:20;11281;AV GODOFREDO MACIEL;RUA RUBENS MONTE D43;;0;;Colis?úo Traseira;Luz do Dia;Bom;Seca;T;N?úo H?í Controle;Comercial;0;0;2;1;1;0;0;0;0;0;0;0;-3,799374000000000;-38,570810000000000
252532;23;6;2015;10:00;0;RUA PRO EDUARDO BARROS LEAL;;;77;;Colis?úo Traseira;Luz do Dia;Bom;Seca;Meio de Quadra;Pare;Residencial;0;0;2;1;0;0;0;0;0;0;0;0;-3,734784000000000;-38,563526000000000
252533;23;6;2015;13:40;0;AV DES MOREIRA;;;0;;Colis?úo Traseira;Luz do Dia;Nublado;Seca;Meio de Quadra;Sem?íforo;Comercial;0;0;2;1;0;0;0;0;0;0;0;0;;
252534;23;6;2015;14:00;0;RUA NEREU RAMOS;;;60;;Colis?úo Traseira;Luz do Dia;Nublado;Molhada;Meio de Quadra;Sem?íforo;Comercial;0;0;2;1;1;0;0;0;0;0;0;0;-3,786999000000000;-38,567490000000000
252528;23;6;2015;09:40;8050;AV JOAO PESSOA;RUA DONDON FEITOSA;;0;;Colis?úo Transversal;Luz do Dia;Bom;Seca;T;Pare;Comercial;0;0;2;1;0;0;0;0;0;1;0;0;-3,754529000000000;-38,551359000000000
252483;23;6;2015;16:00;0;RUA PEDRO PEREIRA;;;383;;;Luz do Dia;Bom;Seca;Meio de Quadra;N?úo H?í Controle;Comercial;0;0;2;1;0;0;0;0;0;0;0;0;-3,729604000000000;-38,528874000000000
252473;23;6;2015;19:50;23045;AV DR SILAS MUNGUBA;RUA MALMEQUER;;0;;Colis?úo Lateral;Via Iluminada;Chuva;Molhada;Cruz;Sem?íforo;Comercial;0;1;1;0;1;0;0;0;0;1;0;0;-3,790980000000000;-38,538571000000000
252489;23;6;2015;09:15;0;RUA CARLOS AMORA;;;0;IGREJA DA PARANGABA;Colis?úo Lateral;Luz do Dia;Bom;Seca;Meio de Quadra;Pare;Comercial;0;0;2;0;1;0;1;0;0;0;0;0;;
252490;23;6;2015;08:40;0;AV AGUANAMBI;;;0;ROTAT?ôRIA;Outros;Luz do Dia;Bom;Seca;Meio de Quadra;Sem?íforo;Residencial;0;2;0;0;0;0;0;0;0;1;0;0;-3,755538000000000;-38,523043000000000
252492;23;6;2015;16:48;25976;AV ENG JOS?ë GUIMAR?âES;AV DEP JOAQUIM F CORREIA;;0;;Colis?úo Lateral;Luz do Dia;Bom;Seca;Cruz;N?úo H?í Controle;Residencial;0;2;0;1;0;0;0;0;0;1;0;0;;
252493;23;6;2015;16:00;706;AV DR THEBERGE;RUA ACUCENA;;0;;Colis?úo Traseira;Luz do Dia;Nublado;;Duplo T;N?úo H?í Controle;Comercial;0;0;2;1;0;0;0;0;0;1;0;0;-3,720185000000000;-38,566788000000000
252494;23;6;2015;12:00;14606;AV JOSE LEON;RUA GAL CAIADO DE CASTRO;;0;;Colis?úo Transversal;Luz do Dia;Bom;Seca;T;Pare;Residencial;0;0;2;1;0;0;0;0;0;0;0;0;;
252495;23;6;2015;09:30;8050;AV JOAO PESSOA;RUA DONDON FEITOSA;;0;;Colis?úo;Luz do Dia;Bom;Seca;T;Pare;Comercial;0;1;1;1;0;0;0;0;0;1;0;0;-3,754529000000000;-38,551359000000000
252496;23;6;2015;08:00;0;RUA DIOGO CORREIA;;;0;;Colis?úo Transversal;Luz do Dia;Bom;Seca;Meio de Quadra;N?úo H?í Controle;Residencial;0;1;1;1;0;0;0;0;0;1;0;0;;
252497;23;6;2015;08:45;15189;AV ABOLICAO;RUA FRE MANSUETO;;0;;Colis?úo Lateral;Luz do Dia;Bom;Seca;;Sem?íforo;Comercial;0;0;2;1;0;0;0;1;0;0;0;0;-3,726368000000000;-38,489324000000000
252514;23;6;2015;17:30;7762;AV ANTONIO SALES;RUA NUNES VALENTE;;0;;Colis?úo Transversal;Via Iluminada;Bom;Seca;Cruz;Pare;;0;0;2;1;0;0;0;0;0;0;0;0;-3,744237000000000;-38,506314000000000
252509;23;6;2015;12:15;0;RUA DES LEITE ALBUQUERQUE;;;0;;Outros;Luz do Dia;Bom;Seca;Meio de Quadra;N?úo H?í Controle;Comercial;0;0;2;1;0;0;0;0;0;0;0;0;;
252502;23;6;2015;06:00;0;AV EDILSON B SOARES;;;0;;Outros;Luz do Dia;Bom;Seca;Meio de Quadra;Outros;Residencial;0;2;1;1;0;1;0;0;0;0;0;0;;
252476;23;6;2015;16:10;0;AV GODOFREDO MACIEL;;;86;ASSAI;Colis?úo Traseira;Luz do Dia;Bom;Seca;Meio de Quadra;N?úo H?í Controle;Comercial;0;0;2;1;0;0;0;0;0;0;0;0;-3,776991000000000;-38,563941000000000
252477;23;6;2015;19:55;0;AV SEN FERNANDES TAVORA;;;0;JOCKEY;Colis?úo Traseira;Via Iluminada;Chuva;Molhada;Meio de Quadra;N?úo H?í Controle;Comercial;0;0;2;1;0;0;0;0;0;0;0;0;;
252478;23;6;2015;09:00;0;RUA PDE VALDEVINO;;;526;;Colis?úo Lateral;Luz do Dia;Bom;Seca;Meio de Quadra;Sem?íforo;Comercial;0;0;2;0;1;0;0;0;0;0;0;0;-3,738326000000000;-38,519378000000000
252479;23;6;2015;08:50;0;AV PRS COSTA E SILVA;;;0;;Colis?úo Lateral;Luz do Dia;Bom;Seca;Meio de Quadra;Sem?íforo;Industrial;0;1;1;0;0;0;0;0;0;1;0;0;;
252480;23;6;2015;11:00;0;RUA JOAQUIM TORRES;;;1072;;Outros;Luz do Dia;Nublado;Molhada;Meio de Quadra;N?úo H?í Controle;Comercial;0;0;2;1;0;0;0;0;0;0;0;0;;
273383;23;6;2015;06:00;0;AV ZEZE DIOGO;;;4111;BIRUTA;Queda;Luz do Dia;;;Meio de Quadra;;;1;0;0;0;0;1;0;0;0;0;0;0;-3,740175000000000;-38,452857000000000
262822;23;6;2015;11:03;0;RUA TEN MOACIR MATOS;;;0;;Colis?úo;Luz do Dia;;;Meio de Quadra;;;0;0;2;0;0;0;1;0;0;0;0;0;;
262824;23;6;2015;19:36;0;RUA PDE PEDRO DE ALENCAR;;;0;;Colis?úo;;;;Meio de Quadra;;;0;0;2;1;0;0;0;1;0;0;0;0;;
263828;23;6;2015;02:20;0;RUA COS TRISTAO;;;0;;Choque c/ Obst?ículo Fixo;;;;Meio de Quadra;;;0;1;0;0;0;0;0;0;0;0;0;0;;
269136;23;6;2015;08:11;19533;RUA NEREU RAMOS;AV GAL OSORIO DE PAIVA;;0;;Colis?úo;Luz do Dia;;;Cruz;Sem?íforo;Comercial;0;0;2;0;0;0;0;0;0;0;0;0;-3,782196000000000;-38,576828000000000
269131;23;6;2015;07:56;0;RUA JOSE TORRES;;;0;;Colis?úo;Luz do Dia;;;Meio de Quadra;;;0;0;2;0;0;0;0;0;0;0;0;0;;
269141;23;6;2015;08:12;24990;AV PRS COSTA E SILVA;AV PRS JUSCELINO KUBITSCHEK (PASSAR?ë);;0;;Colis?úo;Luz do Dia;;;T;Sem?íforo;Residencial;0;0;3;0;0;0;0;0;0;0;0;0;-3,825648000000000;-38,539516000000000
269146;23;6;2015;08:21;0;AV ALBERTO CRAVEIRO;;;0;;Colis?úo;Luz do Dia;;;Meio de Quadra;;;0;0;2;0;0;0;0;0;0;0;0;0;;
269149;23;6;2015;10:50;0;RUA PERGENTINO MAIA;;;0;;Atropelamento;Luz do Dia;;;Meio de Quadra;;;0;0;2;0;0;0;0;0;0;0;0;0;;
269154;23;6;2015;10:53;15804;RUA PERGENTINO MAIA;RUA ANTONINO BARROS;;0;;Colis?úo;Luz do Dia;;;Cruz;Pare;Comercial;0;1;1;1;0;0;0;0;0;1;0;0;-3,831390000000000;-38,488977000000000
269158;23;6;2015;15:15;25107;RUA JOAQUIM ALBANO;RUA DEMETRIO MENEZES;;0;;Colis?úo;Luz do Dia;;;Duplo T;Pare;Comercial;0;0;2;0;0;0;0;0;0;0;0;0;-3,735910000000000;-38,584096000000000
269160;23;6;2015;13:28;0;AV DR THEBERGE;;;0;;Colis?úo;Luz do Dia;;;Meio de Quadra;;;0;0;2;0;0;0;0;0;0;0;0;0;;
269163;23;6;2015;15:51;0;AV FRANCISCO SA;;;3700;BCO. BRADESCO;Colis?úo;Luz do Dia;;;Meio de Quadra;;;0;0;2;0;0;0;0;0;0;0;0;0;-3,717113000000000;-38,558134000000000
259425;23;6;2015;17:00;0;AV SEN CARLOS JEREISSATI (AEROPORTO);;;0;KM 02;Colis?úo;Via Iluminada;;Seca;Meio de Quadra;;;0;0;2;1;0;0;0;0;0;0;0;0;-3,783932000000000;-38,529156000000000
259426;23;6;2015;18:00;0;RD CE-040;;;0;KM-04;Colis?úo;Via Iluminada;;Seca;Meio de Quadra;;;0;0;2;1;0;0;0;0;0;1;0;0;-3,792050000000000;-38,480251000000000
269167;23;6;2015;16:35;0;RUA PEDRO I;;;0;;Colis?úo;Luz do Dia;;;Meio de Quadra;;;0;0;2;0;0;0;0;0;0;0;0;0;;
269172;23;6;2015;18:54;0;RUA DA SAUDADE;;;0;;;;;;Meio de Quadra;;;0;0;2;0;0;0;0;0;0;0;0;0;;
269169;23;6;2015;17:09;0;AV ENG ALBERTO SA;;;0;;Atropelamento;Anoitecer;;;Meio de Quadra;;;0;0;2;0;0;0;0;0;0;0;0;0;;
269170;23;6;2015;17:13;0;RUA VALPARAISO;;;0;;Colis?úo;Anoitecer;;;Meio de Quadra;;;0;1;1;1;0;0;0;0;0;1;0;0;;
269178;23;6;2015;19:14;0;AV DOS EXPEDICIONARIOS;;;0;;Queda;;;;Meio de Quadra;;;0;0;2;0;0;0;0;0;0;0;0;0;;
269180;23;6;2015;20:19;0;RUA SAO FRANCISCO D21;;;0;;Colis?úo;;;;Meio de Quadra;;;0;0;2;0;0;0;0;0;0;0;0;0;;
274011;23;6;2015;06:41;0;AV EDILSON B SOARES;;;0;;Queda;Luz do Dia;;;Meio de Quadra;;;0;1;0;0;0;1;0;0;0;0;0;0;;
274013;23;6;2015;06:51;25116;AV ROGACIANO LEITE;RUA PDE FRANCISCO PITA;;0;;Colis?úo;Luz do Dia;;;Cruz;Pare;Comercial;0;1;0;1;0;0;0;0;0;1;0;0;-3,780960000000000;-38,501766000000000
274014;23;6;2015;07:22;0;RUA NEREU RAMOS;;;0;;Colis?úo;Luz do Dia;;;Meio de Quadra;;;0;1;0;1;0;0;0;0;0;1;0;0;-3,782980000000000;-38,575766000000000
274016;23;6;2015;07:42;0;AV SEN CARLOS JEREISSATI (AEROPORTO);;;0;;Queda;Luz do Dia;;;Meio de Quadra;;;0;1;0;0;0;0;0;0;0;1;0;0;;
274017;23;6;2015;08:00;0;AV JOAO PESSOA;;;0;;Colis?úo;Luz do Dia;;;Meio de Quadra;;;0;1;0;1;0;0;0;0;0;1;0;0;-3,754275000000000;-38,551131000000000
274019;23;6;2015;08:48;0;RUA ANTONIO ARRUDA;;;0;;Colis?úo;Luz do Dia;;;Meio de Quadra;;;0;1;0;1;0;1;0;0;0;0;0;0;-3,709344000000000;-38,590880000000000
274020;23;6;2015;08:54;0;RUA CONRADO CABRAL;;;0;;Colis?úo;Luz do Dia;;;Meio de Quadra;;;0;1;0;1;0;0;0;0;0;0;0;0;-3,729228000000000;-38,549429000000000
274021;23;6;2015;12:47;0;AV DOMINGOS OLIMPIO;;;0;;Queda;Luz do Dia;;;Meio de Quadra;;;0;1;0;0;0;0;0;0;0;1;0;0;;
274027;23;6;2015;16:04;0;AV JOSE BASTOS;;;3786;BANCO DO BRASIL;Queda;Luz do Dia;;;Meio de Quadra;;;0;1;0;0;0;0;0;0;0;1;0;0;-3,751658000000000;-38,552141000000000