COD_ACIDENTE;DIA;MES;ANO;HORA;INTERSECAO;LOG1;LOG2;LOG3;NUMERO;REFERENCIA;NATUREZA;ILUMINACAO;TEMPO;SUPERFICIEPISTA;TIPOCRUZAMENTO;CONTROLETRAFEGO;USOSOLO;MORTOS;FERIDOS;ILESOS;AUTOMOVEL;ONIBUS;BICICLETA;CAMINHAO;MICROONIBUS;CICLOMOTOR;MOTOCICLETA;TRACAOANIMAL;TREM;LATITUDE;LONGITUDE
274033;23;6;2015;18:20;15722;RUA DR JOAQUIM BENTO;RUA MEM DE SA;;0;;Colis?úo;Anoitecer;;;T;Sem?íforo;Outros;0;1;0;0;0;0;0;0;0;0;0;0;-3,828294000000000;-38,485446000000000
274034;23;6;2015;19:02;0;RUA BERNARDO MANUEL;;;0;;Queda;;;;Meio de Quadra;;;0;1;0;0;0;0;0;0;0;1;0;0;;
274040;24;6;2015;05:17;0;AV MR HULL;;;0;;Colis?úo;Amanhecer;;;Meio de Quadra;;;0;1;0;1;0;0;0;0;0;1;0;0;-3,739434000000000;-38,589985000000000
274042;24;6;2015;06:03;12925;AV ANTONIO SALES;AV AGUANAMBI;;0;;Colis?úo;Luz do Dia;;;;;;0;1;0;1;0;0;0;0;0;0;0;0;-3,738683000000000;-38,524628000000000
274043;24;6;2015;06:35;15139;RUA BAR ARACATI;AV MON TABOSA;;0;;Colis?úo;Luz do Dia;;;Cruz;Pare;Comercial;0;1;0;1;0;0;0;0;0;1;0;0;-3,724226000000000;-38,509158000000000
274045;24;6;2015;07:24;0;AV PERIMETRAL;;;0;;Colis?úo;Luz do Dia;;;Meio de Quadra;;;0;1;0;1;0;1;0;0;0;0;0;0;;
269183;24;6;2015;09:08;0;RUA MARIO STUDART;;;0;;Colis?úo;Luz do Dia;;;Meio de Quadra;;;0;0;2;0;0;0;0;0;0;0;0;0;;
269186;24;6;2015;09:10;0;RUA EMILIA GONCALVES;;;0;;Colis?úo;Luz do Dia;;;Meio de Quadra;;;0;0;2;0;0;0;0;0;0;0;0;0;;
269189;24;6;2015;11:10;0;RUA 105 CJ TUPAN MIRIM;;;0;;Colis?úo;Luz do Dia;;;Meio de Quadra;;;0;0;2;0;0;0;0;0;0;0;0;0;;
269193;24;6;2015;11:11;0;AV PRO GOMES DE MATOS;;;0;;Colis?úo;Luz do Dia;;;Meio de Quadra;;;0;0;2;0;0;0;0;0;0;0;0;0;;
269199;24;6;2015;12:35;2326;AV PRS CASTELO BRANCO;RUA SEN ROBERT KENNEDY;;0;;Colis?úo;Luz do Dia;;;Cruz;Sem?íforo;Residencial;0;0;2;0;0;0;0;0;0;0;0;0;-3,704117000000000;-38,579042000000000
269200;24;6;2015;15:03;0;AV MOZART PINHEIRO DE LUCENA;;;0;;Colis?úo;Luz do Dia;;;;;;0;0;2;0;0;0;0;0;0;0;0;0;;
269201;24;6;2015;15:35;0;RUA ALBERTO MAGNO;;;0;;Atropelamento;Luz do Dia;;;Meio de Quadra;;;0;1;1;1;0;0;0;0;0;0;0;0;-3,763666000000000;-38,548900000000000
269202;24;6;2015;16:54;0;RUA BERNARDO PORTO;;;0;;Colis?úo;Luz do Dia;;;Meio de Quadra;;;0;0;2;0;0;0;0;0;0;0;0;0;;
269203;24;6;2015;16:54;0;AV DOM MANUEL;;;0;;Atropelamento;Luz do Dia;;;;;;0;0;2;0;0;0;0;0;0;0;0;0;;
269204;24;6;2015;16:54;0;AV DOM MANUEL;;;0;;Atropelamento;Luz do Dia;;;Meio de Quadra;;;0;0;2;0;0;0;0;0;0;0;0;0;;
269205;24;6;2015;17:23;0;AV DIOGUINHO;;;0;;Colis?úo;Anoitecer;;;;;;0;1;1;0;0;0;0;0;0;0;0;0;;
269196;24;6;2015;11:13;0;RUA PDE PEDRO DE ALENCAR;;;0;;Colis?úo;Luz do Dia;;;Meio de Quadra;;;0;0;2;0;0;0;0;0;0;0;0;0;;
269207;24;6;2015;21:39;23688;RUA GABRIEL FIUZA;RUA DR ESTENIO GOMES;;0;;Colis?úo;;;;;;;0;0;2;0;0;0;0;0;0;0;0;0;-3,787655000000000;-38,579286000000000
269212;24;6;2015;20:53;0;RUA JOAQUIM LIMA;;;0;;Colis?úo;;;;Meio de Quadra;;;0;0;2;0;0;0;0;0;0;0;0;0;;
269213;24;6;2015;18:52;22092;AV JOSE BASTOS;RUA VALDEMIRO CAVALCANTE;;0;;Colis?úo;;;;;;;0;0;2;0;0;0;0;0;0;0;0;0;-3,752938000000000;-38,553400000000000
269214;24;6;2015;19:46;0;AV JOSE BASTOS;;;0;;Colis?úo;;;;Meio de Quadra;;;0;1;1;0;0;0;0;0;0;0;0;0;-3,761363000000000;-38,564999000000000
269216;24;6;2015;20:43;0;AV DEP PAULINO ROCHA;;;0;;Colis?úo;;;;Meio de Quadra;;;0;0;2;0;0;0;0;0;0;0;0;0;;
269217;24;6;2015;20:47;14786;RUA STA LIDUINA D42;RUA JOAO AMORA;;0;;Colis?úo;;;;Cruz;Pare;Residencial;0;0;2;0;0;0;0;0;0;0;0;0;-3,799663000000000;-38,585104000000000
269209;24;6;2015;18:21;0;AV PRS CASTELO BRANCO;;;0;;Colis?úo;Anoitecer;;;Meio de Quadra;;;0;0;2;0;0;0;0;0;0;0;0;0;;
269210;24;6;2015;18:22;0;RUA JOSE MENDONCA;;;0;;Colis?úo;Anoitecer;;;Meio de Quadra;;;0;0;2;0;0;0;0;0;0;0;0;0;;
269221;24;6;2015;02:00;3420;AV JOAO PESSOA;RUA DES PRAXEDES;;0;;Colis?úo;;;;Cruz;Sem?íforo;Comercial;0;0;2;0;0;0;0;0;0;0;0;0;-3,756946000000000;-38,553504000000000
263840;24;6;2015;16:17;4224;RUA ARISTOTELES BEZERRA;RUA BERNARDO PORTO;;0;;Colis?úo;Luz do Dia;;;Cruz;N?úo H?í Controle;Comercial;1;1;1;1;0;0;0;0;0;1;0;0;-3,719838000000000;-38,557553000000000
263837;24;6;2015;16:35;121;RUA RUI MONTE;RUA CEL JOAQUIM FRANKLIN;;0;;Colis?úo;Luz do Dia;;;;;;1;0;1;1;0;0;0;0;0;1;0;0;-3,742326000000000;-38,587330000000000
274050;24;6;2015;08:17;7765;RUA DOM EXPEDITO LOPES;RUA TIBURCIO CAVALCANTE;;0;;Colis?úo;Luz do Dia;;;Cruz;Pare;Residencial;0;1;0;0;0;0;0;0;0;0;0;0;-3,743802000000000;-38,505097000000000
274051;24;6;2015;13:17;12699;AV CEL CARVALHO;AV MAJ ASSIS;;0;;Colis?úo;Luz do Dia;;;Cruz;Sem?íforo;Residencial;0;1;0;1;0;0;0;0;0;1;0;0;-3,723796000000000;-38,586255000000000
274052;24;6;2015;14:38;0;RUA CESAR ROSSAS;;;0;;Colis?úo;Luz do Dia;;;Meio de Quadra;;;0;1;0;0;0;0;0;0;0;1;0;0;-3,768582000000000;-38,552765000000000
274057;24;6;2015;15:55;0;RUA OSCAR FRANCA;;;0;;Queda;Luz do Dia;;;Meio de Quadra;;;0;1;0;0;0;1;0;0;0;0;0;0;-3,785561000000000;-38,619667000000000
274061;24;6;2015;16:56;0;AV PRS CASTELO BRANCO;;;0;;Atropelamento;Luz do Dia;;;Meio de Quadra;;;0;1;0;0;0;0;0;0;0;1;0;0;;
274062;24;6;2015;18:18;0;AV TRISTAO GONCALVES;;;0;;Colis?úo;Anoitecer;;;Meio de Quadra;;;0;1;0;1;0;0;0;0;0;1;0;0;;
274063;24;6;2015;18:21;0;AV N CJ JOSE WALTER;;;0;;Colis?úo;Anoitecer;;;Meio de Quadra;;;0;1;0;1;0;0;0;0;0;1;0;0;;
274064;24;6;2015;18:39;0;RUA GUSTAVO SAMPAIO;;;0;;Queda;;;;Meio de Quadra;;;0;1;0;0;0;0;0;0;0;1;0;0;-3,735326000000000;-38,556785000000000
274065;24;6;2015;18:51;0;RUA TRES CORACOES;;;0;;Atropelamento;;;;Meio de Quadra;;;0;1;0;0;0;0;0;0;0;0;0;0;;
274067;24;6;2015;20:17;0;AV DEP PAULINO ROCHA;;;0;;Colis?úo;;;;Meio de Quadra;;;0;1;0;0;0;0;0;0;0;1;0;0;;
262829;24;6;2015;10:38;0;RUA JULIO VERNE;;;0;;Colis?úo;Luz do Dia;;;Meio de Quadra;;;0;0;2;1;0;0;0;0;0;0;0;0;;
262833;24;6;2015;13:52;0;AV DEP PAULINO ROCHA;;;0;;Colis?úo;Luz do Dia;;;Meio de Quadra;;;0;0;2;0;0;0;1;0;0;0;0;0;;
262837;24;6;2015;18:24;0;AV ABOLICAO;;;0;;Colis?úo;Anoitecer;;;Meio de Quadra;;;0;0;2;1;0;0;0;0;0;0;0;0;;
262840;24;6;2015;18:31;25067;AV DOS EXPEDICIONARIOS;RUA DES PRAXEDES;;0;;Colis?úo;;;;;Outros;Misto;0;0;2;1;0;0;0;0;0;0;0;0;-3,763679000000000;-38,540839000000000
252595;24;6;2015;09:00;23453;RUA PAULO FIRMEZA;RUA CAP MELO;;0;;Colis?úo Lateral;Luz do Dia;Bom;Seca;Cruz;Pare;Residencial;0;1;1;1;0;0;0;0;0;1;0;0;-3,757131000000000;-38,512966000000000
252596;24;6;2015;08:00;0;RUA JACINTO MATOS;;;944;;Colis?úo Traseira;Luz do Dia;Bom;Seca;Meio de Quadra;N?úo H?í Controle;Residencial;0;1;1;1;0;0;0;0;0;1;0;0;;
252598;24;6;2015;13:30;5076;RUA DR JOAO MOREIRA;RUA SEN POMPEU;;0;;Colis?úo Traseira;Luz do Dia;Bom;Seca;Cruz;Sem?íforo Intermitente;Comercial;0;0;2;1;1;0;0;0;0;0;0;0;-3,722400000000000;-38,528275000000000
252599;24;6;2015;17:40;0;AV BEZERRA DE MENEZES;;;0;;Colis?úo Lateral;Luz do Dia;Bom;Seca;Meio de Quadra;Sem?íforo Intermitente;Comercial;0;0;2;1;0;0;1;0;0;0;0;0;;
252600;24;6;2015;17:50;5099;AV TRISTAO GONCALVES;RUA SEN ALENCAR;;0;;Colis?úo Transversal;Anoitecer;Bom;Seca;Cruz;Pare;Comercial;1;0;1;0;1;0;0;0;0;1;0;0;-3,723524000000000;-38,532122000000000
252606;24;6;2015;13:30;12892;AV DOMINGOS OLIMPIO;RUA BAR RIO BRANCO;;0;;Colis?úo Traseira;Luz do Dia;Bom;Seca;Cruz;Sem?íforo;Comercial;0;0;2;1;0;0;0;0;0;0;0;0;-3,736579000000000;-38,531494000000000
252607;24;6;2015;16:10;0;AV JOAO PESSOA;;;4408;;Colis?úo Traseira;Luz do Dia;Bom;Seca;Meio de Quadra;N?úo H?í Controle;Comercial;0;0;2;1;0;0;1;0;0;0;0;0;-3,751707000000000;-38,548815000000000
252608;24;6;2015;13:30;3205;RUA CARLOS CHAGAS;RUA THOMPSON GONCALVES;;0;;Colis?úo Transversal;Luz do Dia;Bom;Seca;Cruz;Pare;Comercial;0;1;1;0;0;0;0;0;1;0;0;0;-3,780970000000000;-38,582303000000000
252609;24;6;2015;16:00;0;AV JOAO PESSOA;;;3912;;;Luz do Dia;Bom;Seca;Meio de Quadra;;;0;0;2;1;0;0;0;0;0;1;0;0;-3,748309000000000;-38,545753000000000
252616;24;6;2015;06:30;12926;AV ANTONIO SALES;AV VIS RIO BRANCO;;0;;Colis?úo Lateral;Luz do Dia;Bom;Seca;Cruz;Sem?íforo Intermitente;Comercial;0;0;2;1;0;0;0;0;0;0;0;0;-3,738574000000000;-38,523589000000000
252637;24;6;2015;15:50;15327;AV SEN VIRGILIO TAVORA;RUA ANA BILHAR;;0;;Colis?úo Lateral;Via Iluminada;Bom;Seca;Cruz;Sem?íforo;Comercial;0;1;1;1;0;0;0;0;0;1;0;0;-3,730893000000000;-38,491262000000000
252638;24;6;2015;21:00;10405;RUA JOSE MENDONCA;AV GENIBAU;;0;;Colis?úo Lateral;Via Iluminada;Bom;Seca;Duplo T;Pare;Misto;0;0;3;0;1;0;0;0;0;1;0;0;-3,760237000000000;-38,602771000000000
252639;24;6;2015;13:30;13334;AV L CJ JOSE WALTER;AV H CJ JOSE WALTER;;0;;Colis?úo Transversal;Luz do Dia;Bom;Seca;Cruz;Pare;Residencial;0;1;2;1;0;0;0;0;0;0;0;0;-3,840720000000000;-38,560432000000000
252602;24;6;2015;06:30;5051;RUA SEN POMPEU;RUA SEN JAGUARIBE;;0;;Colis?úo Transversal;Luz do Dia;Bom;Seca;Cruz;Pare;Comercial;0;1;1;1;0;0;0;0;0;1;0;0;-3,721667000000000;-38,528055000000000
252603;24;6;2015;10:24;0;RUA JUSTINIANO DE SERPA;;;115;;Colis?úo Lateral;Luz do Dia;Bom;Seca;Meio de Quadra;Pare;Residencial;0;0;2;1;0;0;1;0;0;0;0;0;-3,732114000000000;-38,542654000000000
252625;24;6;2015;17:30;17289;RUA ALFREDO DE CASTRO;RUA EDITE BRAGA;;0;;Atropelamento;Via Iluminada;Bom;Seca;Cruz;Pare;Residencial;0;1;1;1;0;0;0;0;0;0;0;0;-3,763213000000000;-38,549658000000000
252627;24;6;2015;07:00;5283;AV DOM MANUEL;AV SANTOS DUMONT;;0;;Colis?úo Lateral Sentido Oposto;Luz do Dia;Bom;Seca;Cruz;Sem?íforo;Comercial;0;1;1;1;0;0;0;0;0;1;0;0;-3,728774000000000;-38,521250000000000
252613;24;6;2015;08:30;0;AV I CJ JOSE WALTER;;;780;;Colis?úo Lateral;Luz do Dia;Bom;Seca;Meio de Quadra;N?úo H?í Controle;Residencial;0;1;2;0;0;0;0;0;0;1;0;0;-3,830789000000000;-38,552456000000000
252641;24;6;2015;07:30;3419;AV JOAO PESSOA;RUA MIGUEL GONCALVES;;0;;Colis?úo Transversal;Luz do Dia;Bom;Seca;Cruz;Pare;Residencial;0;1;1;0;1;0;0;0;0;1;0;0;-3,758710000000000;-38,555080000000000
252645;24;6;2015;10:00;0;RUA BRI TORRES;;;1395;;Colis?úo Transversal;Luz do Dia;Bom;Seca;Meio de Quadra;Outros;Residencial;0;1;1;1;0;0;0;0;0;1;0;0;;
252646;24;6;2015;09:00;25144;RUA PRO HERIBALDO COSTA;RUA CEL MATOS DOURADO;;0;;Colis?úo Lateral;Luz do Dia;Bom;Seca;Outros;Sem?íforo;Misto;0;0;2;1;0;0;0;0;0;0;0;0;-3,753427000000000;-38,582309000000000
252647;24;6;2015;11:10;0;AV VIS RIO BRANCO;;;3556;;Colis?úo Lateral;Luz do Dia;Bom;Seca;Meio de Quadra;N?úo H?í Controle;Comercial;0;0;2;1;0;0;1;0;0;0;0;0;-3,752333000000000;-38,520724000000000
252648;24;6;2015;14:00;1324;RUA DR JOSE LOURENCO;RUA TORRES CAMARA;;0;;Colis?úo Transversal;Luz do Dia;Bom;Seca;Cruz;Pare;Comercial;0;0;3;0;0;0;0;0;0;1;0;0;-3,735281000000000;-38,508053000000000
252650;24;6;2015;14:30;0;AV TRISTAO GONCALVES;;;1345;;Colis?úo Lateral;Luz do Dia;Bom;Seca;Meio de Quadra;Sem?íforo;Comercial;0;0;2;1;0;0;0;0;0;1;0;0;;
252651;24;6;2015;09:50;15258;RUA PEREIRA FILGUEIRAS;RUA ANTONIO AUGUSTO;;0;;Colis?úo Transversal;Luz do Dia;Bom;Seca;Cruz;Pare;Comercial;0;0;2;1;0;0;0;0;0;0;0;0;-3,728380000000000;-38,512866000000000
252652;24;6;2015;18:00;0;RUA BERNARDO MANUEL;;;1054;;Colis?úo Traseira;Via Iluminada;Bom;Seca;Meio de Quadra;Outros;Comercial;0;1;1;1;0;0;0;0;0;1;0;0;;
252654;24;6;2015;10:30;5185;RUA LIBERATO BARROSO;RUA TEREZA CRISTINA;;0;;Colis?úo Transversal;Luz do Dia;Bom;Seca;Cruz;Pare;Comercial;0;0;2;1;0;0;0;0;0;0;0;0;-3,725833000000000;-38,536404000000000
252655;24;6;2015;11:00;0;AV ROGACIANO LEITE;;;900;;Colis?úo Lateral;Luz do Dia;Bom;Seca;Meio de Quadra;Outros;Residencial;0;0;4;1;0;0;1;0;0;0;0;0;-3,764269000000000;-38,495042000000000
252662;24;6;2015;14:50;3809;AV CARAPINIMA;RUA PDE FRANCISCO PINTO;;0;;Colis?úo Lateral;Luz do Dia;Bom;Seca;Cruz;Sem?íforo Intermitente;Comercial;0;0;2;1;0;0;0;0;0;1;0;0;-3,741723000000000;-38,541958000000000
252658;24;6;2015;17:00;0;RUA VINTE E CINCO DE MARCO;;;425;;Colis?úo Lateral;Anoitecer;Bom;Seca;Meio de Quadra;N?úo H?í Controle;Comercial;0;1;1;1;0;0;0;0;0;1;0;0;-3,727644000000000;-38,521972000000000
252659;24;6;2015;11:00;7805;RUA OSVALDO CRUZ (ALDEOTA);RUA FRANCISCO HOLANDA;;0;;Colis?úo Transversal;Luz do Dia;Bom;Seca;Cruz;Pare;Comercial;0;1;1;1;0;0;0;0;0;1;0;0;-3,748713000000000;-38,504543000000000
252660;24;6;2015;16:00;15138;AV HIS RAIMUNDO GIRAO;RUA ANTONIO LIMA;;0;;Colis?úo Lateral;Luz do Dia;Bom;Seca;Duplo T;N?úo H?í Controle;Misto;0;0;2;1;0;0;0;0;0;1;0;0;-3,724196000000000;-38,504023000000000
252643;24;6;2015;07:00;15227;AV ABOLICAO;AV DES MOREIRA;;0;;Colis?úo Lateral;Luz do Dia;Bom;Seca;Cruz;Sem?íforo;Comercial;0;0;2;1;1;0;0;0;0;0;0;0;-3,727331000000000;-38,495474000000000
267424;24;6;2015;07:50;0;RUA VALPARAISO;;;608;;Colis?úo;Luz do Dia;;;Meio de Quadra;;;1;1;1;0;0;0;0;0;0;1;0;0;-3,844210000000000;-38,525780000000000
252543;25;6;2015;15:00;5692;AV DES GONZAGA;RUA MARGARIDA DE QUEIROZ;;0;;Colis?úo Transversal;;Nublado;Seca;Cruz;Pare;Comercial;0;1;1;1;0;0;0;0;0;1;0;0;-3,793168000000000;-38,501753000000000
252544;25;6;2015;18:20;0;AV AGUANAMBI;;;0;ROTAT?ôRIA;Colis?úo Lateral;Anoitecer;Nublado;;Meio de Quadra;Sem?íforo;Comercial;0;0;2;1;0;0;0;0;0;0;0;0;-3,755538000000000;-38,523043000000000
252545;25;6;2015;20:30;7403;AV SEN FERNANDES TAVORA;RUA ARACAJU;;0;;Engavetamento;Anoitecer;Nublado;Molhada;Cruz;Outros;Comercial;0;1;2;1;0;0;0;0;0;1;0;0;-3,759398000000000;-38,587377000000000
252546;25;6;2015;08:40;0;RUA CEL FRANCISCO PEREIRA (MESSEJANA);;;0;;Colis?úo Traseira;Luz do Dia;Bom;Seca;Meio de Quadra;N?úo H?í Controle;Comercial;0;0;2;1;0;0;0;0;0;0;0;0;;
252547;25;6;2015;19:40;0;AV PRS COSTA E SILVA;;;1726;;Colis?úo Transversal;Via Iluminada;Bom;Seca;Meio de Quadra;N?úo H?í Controle;Residencial;0;0;2;1;0;0;0;0;0;0;0;0;-3,817247000000000;-38,566140000000000
252548;25;6;2015;13:50;7765;RUA TIBURCIO CAVALCANTE;RUA DOM EXPEDITO LOPES;;0;;Atropelamento;Luz do Dia;Bom;Seca;Cruz;Pare;Residencial;0;1;1;1;0;0;0;0;0;0;0;0;-3,743802000000000;-38,505097000000000
252549;25;6;2015;11:10;7790;AV DES MOREIRA;AV PONTES VIEIRA;;0;;;Luz do Dia;Bom;Seca;Cruz;Sem?íforo;Comercial;0;1;1;1;0;0;0;0;0;1;0;0;-3,751526000000000;-38,503254000000000
252550;25;6;2015;19:30;12440;AV AUGUSTO DOS ANJOS;ET PICI;;0;;Colis?úo Transversal;Via Iluminada;Nublado;Seca;Cruz;Pare;Comercial;0;0;3;1;0;0;0;0;0;0;0;0;-3,771936000000000;-38,571749000000000
252551;25;6;2015;15:20;9131;AV 13 DE MAIO;RUA BAR ARATANHA;;0;;Colis?úo Traseira;Luz do Dia;Bom;Seca;Cruz;Sem?íforo;Comercial;0;1;1;1;0;0;0;0;0;0;0;0;-3,747615000000000;-38,531331000000000
252559;25;6;2015;20:40;19755;RUA JOSE PONTES;RUA GUSTAVO SAMPAIO;;0;;Colis?úo Transversal;Via Iluminada;Bom;Seca;Cruz;Pare;Residencial;0;0;2;1;0;0;0;0;0;0;0;0;-3,737730000000000;-38,568421000000000
252557;25;6;2015;22:30;0;AV BEZERRA DE MENEZES;;;2458;;Colis?úo Lateral;Via Iluminada;Bom;Seca;Meio de Quadra;N?úo H?í Controle;Comercial;0;0;2;1;0;0;0;0;0;0;0;0;-3,736068000000000;-38,566356000000000
252588;25;6;2015;14:00;0;RUA ILDEFONSO ALBANO;;;1500;;Engavetamento;Luz do Dia;Bom;Seca;Meio de Quadra;Sem?íforo;Comercial;0;0;3;1;0;0;0;0;0;0;0;0;-3,733894000000000;-38,513407000000000
252584;25;6;2015;19:30;0;RUA BAR AQUIRAZ;;;587;;Colis?úo Transversal;Via Iluminada;Bom;Seca;Meio de Quadra;N?úo H?í Controle;Comercial;0;1;1;1;0;0;0;0;0;1;0;0;-3,832323000000000;-38,490037000000000
252582;25;6;2015;19:30;1302;RUA MARCOS MACEDO;RUA BARBOSA DE FREITAS;;0;;Colis?úo Lateral;Via Iluminada;Nublado;Molhada;Cruz;Pare;Comercial;0;0;2;1;0;0;0;0;0;0;0;0;-3,734569000000000;-38,496719000000000
252579;25;6;2015;08:10;12836;RUA BAR ARATANHA;AV DOMINGOS OLIMPIO;;0;;Colis?úo Traseira;Luz do Dia;Chuva;Molhada;Cruz;Sem?íforo;Comercial;0;1;3;1;1;0;0;0;0;0;0;0;-3,737562000000000;-38,527953000000000
252574;25;6;2015;08:15;13592;AV PONTES VIEIRA;RUA PRO CARVALHO;;0;;Colis?úo Traseira;;Nublado;Molhada;Cruz;Sem?íforo;Comercial;0;0;2;1;0;0;0;0;0;0;0;0;-3,752890000000000;-38,514949000000000
252571;25;6;2015;07:10;0;RUA MACHADO DE ASSIS;;;0;;Colis?úo Lateral;Luz do Dia;Chuva;Molhada;Meio de Quadra;;;0;0;2;1;1;0;0;0;0;0;0;0;;
252568;25;6;2015;20:30;7760;AV ANTONIO SALES;RUA SILVA PAULET;;0;;Colis?úo Lateral;Via Iluminada;Bom;Seca;Cruz;Pare;Comercial;0;0;2;1;1;0;0;0;0;0;0;0;-3,743595000000000;-38,508383000000000
252561;25;6;2015;17:05;5235;RUA PRC ISABEL;RUA PEDRO PEREIRA;;0;;Colis?úo Lateral;Via Iluminada;Chuva;Molhada;Cruz;Pare;Comercial;0;1;1;1;0;0;0;0;0;1;0;0;-3,727353000000000;-38,535705000000000
252566;25;6;2015;12:30;9099;AV EDUARDO GIRAO;RUA FRANCOIS T MENEZES;;0;;Colis?úo Lateral;;Bom;Seca;;Pare;Comercial;0;0;2;1;0;0;1;0;0;0;0;0;-3,755700000000000;-38,525973000000000
252614;25;6;2015;18:30;1476;AV BAR STUDART;AV JULIO VENTURA;;0;;Colis?úo Transversal;Via Iluminada;Chuva;Molhada;Cruz;Sem?íforo;Comercial;0;1;1;1;0;0;0;0;0;1;0;0;-3,739072000000000;-38,508029000000000
252615;25;6;2015;19:00;5436;RUA GAL CLARINDO DE QUEIROZ;RUA JAIME BENEVOLO;;0;;Colis?úo Transversal;Via Iluminada;Nublado;Molhada;Cruz;Pare;Comercial;0;0;2;1;0;0;0;0;0;0;0;0;-3,734060000000000;-38,526017000000000
252604;25;6;2015;05:50;7694;RUA RIO GRANDE DO SUL;RUA RIO GRANDE DO NORTE;;0;;Colis?úo Transversal;Luz do Dia;Chuva;Molhada;Cruz;Pare;Comercial;0;1;1;0;0;0;0;1;0;1;0;0;-3,758617000000000;-38,567559000000000
252610;25;6;2015;14:30;1282;AV SANTOS DUMONT;AV BAR STUDART;;0;;Colis?úo Traseira;Luz do Dia;Bom;Seca;Cruz;Sem?íforo;Comercial;0;0;2;1;0;0;0;0;0;0;0;0;-3,733642000000000;-38,506304000000000
252611;25;6;2015;15:50;23453;RUA CAP MELO;RUA PAULO FIRMEZA;;0;;Colis?úo Lateral;Luz do Dia;Nublado;Seca;Cruz;Pare;Residencial;0;0;2;0;0;0;0;0;0;1;0;0;-3,757131000000000;-38,512966000000000
252612;25;6;2015;11:20;5160;RUA TEN BENEVOLO;RUA SEN ALMINO;;0;;Colis?úo Traseira;Luz do Dia;Bom;Seca;T;Pare;Comercial;0;0;2;1;0;0;0;0;0;0;0;0;-3,725100000000000;-38,518077000000000
252601;25;6;2015;07:40;0;AV GOV PARSIFAL BARROSO;;;0;;Colis?úo Frontal;Luz do Dia;Nublado;Molhada;Outros;N?úo H?í Controle;Comercial;0;0;2;1;0;0;0;0;0;0;0;0;;
252597;25;6;2015;07:30;19686;AV BEZERRA DE MENEZES;RUA ERICO MOTA;;0;;Colis?úo Traseira;Luz do Dia;Nublado;Molhada;T;Sem?íforo;Comercial;0;0;2;1;0;0;0;1;0;0;0;0;-3,735357000000000;-38,562991000000000
252593;25;6;2015;08:30;25037;AV LUCIANO CARNEIRO;RUA JULIO DA SILVEIRA;;0;;Colis?úo Transversal;Luz do Dia;Nublado;Seca;T;Pare;Comercial;0;1;1;0;0;0;0;0;0;1;0;0;-3,759514000000000;-38,535029000000000
262846;25;6;2015;19:25;0;RUA DR JOAO GUILHERME;;;0;;Colis?úo;;;;Meio de Quadra;;;0;0;2;1;0;0;0;0;0;0;0;0;;
262843;25;6;2015;09:01;0;RUA TEREZA CRISTINA;;;0;;Colis?úo;Luz do Dia;;;Meio de Quadra;;;0;0;2;1;0;0;1;0;0;0;0;0;;
269256;25;6;2015;21:52;0;RUA 13 DE ABRIL;;;0;;Colis?úo;;;;Meio de Quadra;;;0;0;2;0;0;0;0;0;0;0;0;0;;
269258;25;6;2015;20:30;0;RUA UBERLANDIA;;;0;;Colis?úo;;;;Meio de Quadra;;;0;0;2;0;0;0;0;0;0;0;0;0;;
274093;25;6;2015;04:19;0;RUA CON DE CASTRO;;;0;;Queda;;;;Meio de Quadra;;;0;1;0;0;0;0;0;0;0;1;0;0;-3,798346000000000;-38,585786000000000
274095;25;6;2015;07:36;12836;AV DOMINGOS OLIMPIO;RUA BAR ARATANHA;;0;;Atropelamento;Luz do Dia;;;Cruz;Sem?íforo;Comercial;0;1;0;1;0;0;0;0;0;0;0;0;-3,737562000000000;-38,527953000000000
274101;25;6;2015;08:13;0;RUA ABELARDO MARINHO;;;0;;Queda;Luz do Dia;;;Meio de Quadra;;;0;1;0;0;0;0;0;0;0;1;0;0;;
274106;25;6;2015;08:14;0;AV GOV PARSIFAL BARROSO;;;0;;Colis?úo;Luz do Dia;;;Meio de Quadra;;;0;1;0;1;0;0;0;0;0;1;0;0;;
274107;25;6;2015;08:25;0;AV ALBERTO CRAVEIRO;;;0;;Queda;Luz do Dia;;;Meio de Quadra;;;0;1;0;0;0;0;0;0;0;1;0;0;;
274108;25;6;2015;09:47;13372;RUA NOGUEIRA ACIOLI;RUA JOAO BRIGIDO;;0;;Colis?úo;Luz do Dia;;;Cruz;Sem?íforo;Residencial;0;1;0;1;0;0;0;0;0;1;0;0;-3,739259000000000;-38,520044000000000
274099;25;6;2015;08:06;13233;AV L CJ JOSE WALTER;AV F CJ JOSE WALTER;;0;;Colis?úo;Luz do Dia;;;Cruz;Pare;Residencial;0;1;0;1;0;0;0;0;0;1;0;0;-3,835328000000000;-38,558805000000000
274113;25;6;2015;11:10;7790;AV PONTES VIEIRA;AV DES MOREIRA;;0;;Colis?úo;Luz do Dia;;;Cruz;Sem?íforo;Comercial;0;1;0;0;0;0;0;0;0;0;0;0;-3,751526000000000;-38,503254000000000
274114;25;6;2015;11:46;0;RUA CON DE CASTRO;;;0;;Colis?úo;Luz do Dia;;;Meio de Quadra;;;0;1;0;1;0;0;0;0;0;1;0;0;-3,807494000000000;-38,594198000000000
274130;25;6;2015;17:41;0;AV ALM HENRIQUE SABOIA;;;0;;Queda;Anoitecer;;;Meio de Quadra;;;0;1;0;0;0;0;0;0;0;1;0;0;;