COD_ACIDENTE;DIA;MES;ANO;HORA;INTERSECAO;LOG1;LOG2;LOG3;NUMERO;REFERENCIA;NATUREZA;ILUMINACAO;TEMPO;SUPERFICIEPISTA;TIPOCRUZAMENTO;CONTROLETRAFEGO;USOSOLO;MORTOS;FERIDOS;ILESOS;AUTOMOVEL;ONIBUS;BICICLETA;CAMINHAO;MICROONIBUS;CICLOMOTOR;MOTOCICLETA;TRACAOANIMAL;TREM;LATITUDE;LONGITUDE
274116;25;6;2015;12:52;0;AV CEL CARVALHO;;;0;;Colis?úo;Luz do Dia;;;Meio de Quadra;;;0;1;0;0;0;0;0;0;0;0;0;0;-3,709055000000000;-38,590076000000000
274118;25;6;2015;13:21;6738;RUA DES WALDETARIO P MOTA;RUA VILEBALDO AGUIAR;;0;;Colis?úo;Luz do Dia;;;Cruz;Pare;Residencial;0;1;0;1;0;0;0;0;0;1;0;0;-3,741853000000000;-38,483787000000000
274124;25;6;2015;15:03;0;AV DES GONZAGA;;;0;;Colis?úo;Luz do Dia;;;Meio de Quadra;;;0;1;0;0;0;0;0;0;0;0;0;0;-3,788742000000000;-38,503772000000000
274125;25;6;2015;16:48;0;AV PERIMETRAL;;;0;;Colis?úo;Luz do Dia;;;Meio de Quadra;;;0;1;0;0;0;0;0;0;0;0;0;0;;
274128;25;6;2015;17:23;0;AV OLAVO BILAC;;;0;;Colis?úo;Anoitecer;;;Meio de Quadra;;;0;1;0;1;0;0;0;0;0;1;0;0;-3,734255000000000;-38,564432000000000
274136;25;6;2015;19:41;0;AV JOSE LEON;;;0;;Colis?úo;;;;Meio de Quadra;;;0;1;0;1;0;0;0;0;0;1;0;0;-3,787415000000000;-38,503347000000000
274137;25;6;2015;20:31;0;AV DR THEBERGE;;;0;;Colis?úo;;;;Meio de Quadra;;;0;1;0;1;0;0;0;0;0;1;0;0;-3,718217000000000;-38,566129000000000
274139;25;6;2015;21:19;632;AV PASTEUR;RUA ENG JOAO NOGUEIRA;;0;;Colis?úo;;;;Cruz;Pare;Comercial;0;1;0;1;0;0;0;0;0;1;0;0;-3,712927000000000;-38,559415000000000
263847;25;6;2015;18:20;0;AV 13 DE MAIO;;;2400;;Colis?úo;Anoitecer;;;Meio de Quadra;;;0;1;0;1;0;0;0;0;0;1;0;0;-3,741992000000000;-38,537898000000000
263845;25;6;2015;11:20;0;AV GOV PARSIFAL BARROSO;;;1300;COL?ëGIO STA. ISABEL;Engavetamento;Luz do Dia;;;Meio de Quadra;;;0;1;0;1;0;0;0;0;0;1;0;0;-3,736214000000000;-38,569071000000000
269228;25;6;2015;09:01;0;RUA BALDUINO FREIRE;;;0;;Colis?úo;Luz do Dia;;;Meio de Quadra;;;0;0;2;0;0;0;0;0;0;0;0;0;;
269235;25;6;2015;18:13;0;AV CARNEIRO DE MENDONCA;;;0;;Atropelamento;Anoitecer;;;Meio de Quadra;;;0;1;1;0;0;0;0;0;0;1;0;0;-3,761245000000000;-38,572096000000000
269239;25;6;2015;19:55;0;RUA FRE ODILON;;;0;;Colis?úo;;;;Meio de Quadra;;;0;0;2;0;0;0;0;0;0;0;0;0;;
269253;25;6;2015;20:55;0;RUA PRO GOMES BRASIL;;;0;;Colis?úo;;;;Meio de Quadra;;;0;0;2;0;0;0;0;0;0;0;0;0;;
269246;25;6;2015;20:28;24657;RUA RAIMUNDO GOMES;RUA ANTONIO ARRUDA;;0;;Colis?úo;;;;;;;0;0;2;0;0;0;0;0;0;0;0;0;-3,713723000000000;-38,592133000000000
269249;25;6;2015;20:36;0;AV JOSE BASTOS;;;0;;Atropelamento;;;;Meio de Quadra;;;0;0;2;0;0;0;0;0;0;0;0;0;;
269251;25;6;2015;20:54;598;RUA FERREIRA DOS SANTOS;AV DR THEBERGE;;0;;Colis?úo;;;;T;N?úo H?í Controle;Comercial;0;0;2;0;0;0;0;0;0;0;0;0;-3,718296000000000;-38,566155000000000
259430;25;6;2015;13:50;0;RD CE-040;;;0;KM-07;Colis?úo;Luz do Dia;;Seca;Meio de Quadra;;;0;0;3;1;0;0;0;0;0;0;0;0;-3,817953000000000;-38,483160000000000
259432;26;6;2015;08:00;0;RD CE-040;;;0;KM-09;Colis?úo;Luz do Dia;;Seca;Meio de Quadra;;;0;1;1;0;0;0;0;0;0;1;0;0;-3,824774000000000;-38,481431000000000
259433;26;6;2015;14:20;0;AV SEN CARLOS JEREISSATI (AEROPORTO);;;0;KM 01;Colis?úo;Luz do Dia;;Seca;Meio de Quadra;;;0;1;1;1;0;0;0;0;0;1;0;0;-3,783803000000000;-38,520356000000000
259435;26;6;2015;19:40;0;RD CE-040;;;0;KM-07;Colis?úo;Via Iluminada;;Seca;Meio de Quadra;;;0;2;0;0;0;0;0;0;0;1;0;0;-3,817953000000000;-38,483160000000000
263943;26;6;2015;18:25;0;AV OLIVEIRA PAIVA;;;535;;Colis?úo;Anoitecer;;;Meio de Quadra;;;0;0;1;0;1;0;0;0;0;0;0;0;-3,797419000000000;-38,500575000000000
263939;26;6;2015;17:40;670;RUA PRO JOSE BONIFACIO;RUA GOMES PASSOS;;0;;Colis?úo;Anoitecer;;;Cruz;Pare;Residencial;0;0;1;0;0;0;0;0;0;1;0;0;-3,710794000000000;-38,562431000000000
263945;26;6;2015;19:00;0;RUA MORAUJO;;;474;;Atropelamento;;;;Meio de Quadra;;;1;0;1;0;0;0;0;0;0;1;0;0;;
273925;26;6;2015;21:32;0;RUA DNA LUCIA PINHEIRO (QUINTINO CUNHA);;;0;;Colis?úo;;;;Meio de Quadra;;;0;1;1;1;0;0;0;0;0;1;0;0;-3,731272000000000;-38,600549000000000
273926;26;6;2015;21:29;0;RUA PERNAMBUCO;;;0;;Atropelamento;;;;Meio de Quadra;;;0;1;1;0;0;0;0;0;0;1;0;0;-3,752984000000000;-38,576667000000000
273927;26;6;2015;23:08;0;AV PRS CASTELO BRANCO;;;0;;Colis?úo;;;;Meio de Quadra;;;0;1;1;1;0;0;0;0;0;1;0;0;;
273928;26;6;2015;23:45;0;RUA 23 DE JUNHO;;;0;;Queda;;;;Meio de Quadra;;;0;1;0;0;0;0;0;0;0;1;0;0;;
273915;26;6;2015;19:49;0;AV CEL CARVALHO;;;0;;Colis?úo;;;;Meio de Quadra;;;0;1;1;1;0;0;0;0;0;1;0;0;-3,725800000000000;-38,585706000000000
273917;26;6;2015;20:27;743;AV PASTEUR;AV PRS CASTELO BRANCO;;0;;Atropelamento;;;;Cruz;Sem?íforo;Comercial;0;1;1;0;0;0;0;0;0;1;0;0;-3,711181000000000;-38,558856000000000
273918;26;6;2015;20:38;0;AV WASHINGTON SOARES;;;0;;Queda;;;;Meio de Quadra;;;0;1;0;0;0;1;0;0;0;0;0;0;-3,826113000000000;-38,481712000000000
273919;26;6;2015;21:19;0;RUA ARTUR DE CARVALHO;;;0;;Colis?úo;;;;Meio de Quadra;;;0;1;1;1;0;1;0;0;0;0;0;0;;
273922;26;6;2015;21:22;0;RUA DOM XISTO ALBANO;;;0;;Colis?úo;;;;Meio de Quadra;;;0;1;1;1;0;0;0;0;0;1;0;0;;
273908;26;6;2015;13:24;10844;RUA PORTO ALEGRE;RUA TUPI D35;;0;;Colis?úo;Luz do Dia;;;Cruz;Pare;Residencial;0;1;1;1;0;0;0;0;0;1;0;0;-3,765120000000000;-38,581470000000000
273909;26;6;2015;16:57;670;RUA PRO JOSE BONIFACIO;RUA GOMES PASSOS;;0;;Colis?úo;Luz do Dia;;;Cruz;Pare;Residencial;0;1;1;1;0;0;0;0;0;1;0;0;-3,710794000000000;-38,562431000000000
273911;26;6;2015;18:39;0;AV L CJ JOSE WALTER;;;0;;Colis?úo;;;;Meio de Quadra;;;0;1;0;0;0;0;0;0;0;0;0;0;-3,835527000000000;-38,558863000000000
273913;26;6;2015;19:43;4733;AV MIN JOSE AMERICO;AV WASHINGTON SOARES;;0;;Queda;;;;;D?¬ Prefer?¬ncia;Outros;0;1;0;0;0;0;0;0;0;1;0;0;-3,812650000000000;-38,479419000000000
273901;26;6;2015;12:55;0;AV C CJ CEARA;;;0;;Atropelamento;Luz do Dia;;;Meio de Quadra;;;0;1;1;1;0;0;0;0;0;0;0;0;-3,762044000000000;-38,609304000000000
273889;26;6;2015;07:15;0;AV I CJ JOSE WALTER;;;0;;Colis?úo;Luz do Dia;;;Meio de Quadra;;;0;1;1;1;0;0;0;0;0;1;0;0;;
273891;26;6;2015;07:50;0;AV WASHINGTON SOARES;;;0;;Colis?úo;Luz do Dia;;;Meio de Quadra;;;0;1;1;1;0;0;0;0;0;1;0;0;-3,826113000000000;-38,481712000000000
273893;26;6;2015;08:49;0;AV DR SILAS MUNGUBA;;;0;;Colis?úo;Luz do Dia;;;Meio de Quadra;;;0;1;1;1;0;0;0;0;0;1;0;0;-3,786619000000000;-38,549737000000000
273895;26;6;2015;09:51;0;AV JOSE BASTOS;;;0;;Atropelamento;Luz do Dia;;;Meio de Quadra;;;0;1;1;0;0;0;0;0;0;1;0;0;;
273897;26;6;2015;10:15;5437;RUA METON DE ALENCAR;RUA FLORIANO PEIXOTO;;0;;Colis?úo;Luz do Dia;;;Cruz;Pare;Comercial;0;1;0;1;0;0;0;0;0;0;0;0;-3,734071000000000;-38,529358000000000
273886;26;6;2015;06:10;0;AV FRANCISCO SA;;;0;;Colis?úo;Luz do Dia;;;Meio de Quadra;;;0;1;0;0;0;0;0;0;0;0;0;0;-3,713169000000000;-38,569768000000000
269271;26;6;2015;10:52;0;RUA LUIS TIBURCIO;;;0;;Colis?úo;Luz do Dia;;;;;;0;0;2;0;0;0;0;0;0;0;0;0;;
269278;26;6;2015;16:29;659;RUA ANA FACO;RUA CRUZEIRO DO SUL;;0;;Colis?úo;Luz do Dia;;;Cruz;N?úo H?í Controle;Misto;0;0;2;0;0;0;0;0;0;0;0;0;-3,714368000000000;-38,562314000000000
269279;26;6;2015;16:30;15190;AV ABOLICAO;RUA JOAQUIM NABUCO;;0;;Colis?úo;Luz do Dia;;;Cruz;Sem?íforo;Comercial;0;0;2;0;0;0;0;0;0;0;0;0;-3,726373000000000;-38,498436000000000
269281;26;6;2015;17:55;0;AV BEIRA MAR;;;0;;Colis?úo;Anoitecer;;;Meio de Quadra;;;0;0;2;0;0;0;0;0;0;0;0;0;;
269283;26;6;2015;18:47;0;AV L CJ JOSE WALTER;;;0;;Colis?úo;;;;Meio de Quadra;;;0;0;2;0;0;0;0;0;0;0;0;0;;
269289;26;6;2015;21:10;0;AV PASTEUR;;;0;;Atropelamento;;;;Meio de Quadra;;;0;0;2;0;0;0;0;0;0;0;0;0;;
269292;26;6;2015;21:14;0;AV SEN FERNANDES TAVORA;;;0;;Atropelamento;;;;Meio de Quadra;;;0;0;2;0;0;0;0;0;0;0;0;0;;
269295;26;6;2015;21:34;0;RUA LUCIANA NUNES;;;0;;Colis?úo;;;;Meio de Quadra;;;0;0;2;0;0;0;0;0;0;0;0;0;;
269300;26;6;2015;22:12;0;RUA PERNAMBUCO;;;0;;Atropelamento;;;;Meio de Quadra;;;0;0;2;0;0;0;0;0;0;0;0;0;;
269308;26;6;2015;22:15;0;AV OLIVEIRA PAIVA;;;0;;Colis?úo;;;;Meio de Quadra;;;0;0;2;0;0;0;0;0;0;0;0;0;;
269310;26;6;2015;22:34;0;AV LINEU MACHADO;;;0;;Colis?úo;;;;Meio de Quadra;;;0;0;2;0;0;0;0;0;0;0;0;0;;
269312;26;6;2015;23:02;25084;AV BENJAMIM BRASIL;RUA BERNARDO MANUEL;;0;;Colis?úo;;;;T;Sem?íforo;Comercial;0;0;2;0;0;0;0;0;0;0;0;0;-3,810060000000000;-38,554874000000000
262853;26;6;2015;15:40;0;AV GODOFREDO MACIEL;;;0;;Outros;Luz do Dia;;;Meio de Quadra;;;0;0;1;0;0;0;0;0;0;1;0;0;;
252677;26;6;2015;18:00;15160;AV ABOLICAO;RUA SILVA PAULET;;0;;Colis?úo Lateral;Anoitecer;Bom;Seca;Y;Sem?íforo Intermitente;Comercial;0;0;2;1;0;0;1;0;0;0;0;0;-3,725111000000000;-38,502412000000000
252679;26;6;2015;18:30;0;RUA FAUSTO AGUIAR;;;700;;Colis?úo Frontal;Mal Iluminada;Bom;Seca;Meio de Quadra;;Comercial;0;0;2;1;0;0;0;0;0;0;0;0;-3,811619000000000;-38,492580000000000
252680;26;6;2015;20:40;0;AV FRANCISCO SA;;;4130;;Colis?úo Traseira;Via Iluminada;Bom;Seca;Meio de Quadra;Sem?íforo;Comercial;0;0;2;1;0;0;0;0;0;1;0;0;-3,715884000000000;-38,561870000000000
252681;26;6;2015;19:40;15370;AV DOM LUIS;AV SEN VIRGILIO TAVORA;;0;;Colis?úo Lateral;Via Iluminada;Bom;Seca;Cruz;Sem?íforo;Comercial;0;0;2;1;0;0;0;0;0;0;0;0;-3,734829000000000;-38,492507000000000
252682;26;6;2015;21:30;0;AV DOM LUIS;;;1040;;Colis?úo Transversal;Via Iluminada;Bom;Seca;Meio de Quadra;Sem?íforo;Comercial;0;0;2;1;0;0;0;0;0;0;0;0;-3,735039000000000;-38,491844000000000
252686;26;6;2015;;15302;RUA MON BRUNO;RUA PEREIRA FILGUEIRAS;;0;;Colis?úo Lateral;Via Iluminada;Bom;Seca;;Pare;Residencial;0;0;2;1;0;0;0;0;0;0;0;0;-3,729763000000000;-38,508580000000000
252684;26;6;2015;06:20;0;AV SANTOS DUMONT;;;6945;;Colis?úo Lateral;Luz do Dia;Bom;Seca;Meio de Quadra;N?úo H?í Controle;Residencial;0;1;1;1;0;0;0;0;0;1;0;0;-3,745116000000000;-38,470832000000000
252691;26;6;2015;09:30;0;AV WENEFRIDO MELO;;;0;;Colis?úo Lateral;Luz do Dia;Bom;Seca;Meio de Quadra;N?úo H?í Controle;Residencial;0;0;2;1;0;0;1;0;0;0;0;0;;
252692;26;6;2015;11:30;0;AV BAR STUDART;;;2044;;Colis?úo Lateral;Luz do Dia;Bom;Seca;Meio de Quadra;N?úo H?í Controle;Comercial;0;0;2;1;0;0;0;0;0;0;0;0;;
252694;26;6;2015;09:15;5709;AV DES GONZAGA;AV OLIVEIRA PAIVA;;0;;Colis?úo Traseira;Luz do Dia;Bom;Seca;Cruz;Sem?íforo;Comercial;0;0;2;1;0;0;0;0;0;0;0;0;-3,797165000000000;-38,499953000000000
252695;26;6;2015;05:55;26210;AV CHANC EDSON QUEIROZ;AV MIGUEL DIAS;;0;;Colis?úo Transversal;Amanhecer;Bom;Seca;Cruz;Sem?íforo;Comercial;0;2;0;0;0;0;0;0;1;1;0;0;;
252696;26;6;2015;09:00;0;AV ANTONIO SALES;;;239;;Colis?úo Transversal;Luz do Dia;Bom;Seca;Meio de Quadra;N?úo H?í Controle;Comercial;0;1;1;1;0;0;0;0;0;1;0;0;-3,740182000000000;-38,519314000000000
252699;26;6;2015;10:00;0;RUA JOAO LOBO FILHO;;;57;;Colis?úo Lateral;;Nublado;Seca;Meio de Quadra;Pare;Residencial;0;0;2;1;0;0;0;0;0;0;0;0;-3,749337000000000;-38,523132000000000
252700;26;6;2015;13:10;9236;RUA GRACILIANO RAMOS;RUA DR RATISBONA;;0;;Colis?úo Transversal;Luz do Dia;Bom;Seca;Cruz;Pare;Residencial;0;0;2;1;1;0;0;0;0;0;0;0;-3,754038000000000;-38,529613000000000
252701;26;6;2015;19:00;8934;AV DOMINGOS OLIMPIO;RUA PDE MORORO;;0;;Colis?úo Transversal;Via Iluminada;Bom;Seca;Cruz;Pare;Comercial;0;0;2;1;0;0;1;0;0;0;0;0;-3,733752000000000;-38,539949000000000
252702;26;6;2015;11:45;0;AV GOV RAUL BARBOSA;;;7140;;Colis?úo Traseira;;Bom;Seca;Meio de Quadra;N?úo H?í Controle;Comercial;0;0;2;1;0;0;1;0;0;0;0;0;-3,775123000000000;-38,512975000000000
252704;26;6;2015;13:30;0;AV DES MOREIRA;;;2040;;Colis?úo Traseira;;Bom;Seca;Meio de Quadra;N?úo H?í Controle;Residencial;0;0;2;1;0;0;0;0;0;0;0;0;-3,743208000000000;-38,500593000000000
252707;26;6;2015;15:00;19029;RUA SOLON ONOFRE;AV ENG ALBERTO SA;;0;;Colis?úo Transversal;;Bom;Seca;Cruz;Pare;Comercial;0;0;2;1;0;0;0;0;0;0;0;0;-3,735314000000000;-38,473145000000000
252711;26;6;2015;19:31;0;AV ALBERTO CRAVEIRO;;;430;MAKRO;Engavetamento;Via Iluminada;Bom;Seca;Meio de Quadra;Outros;Comercial;0;0;3;1;0;0;0;0;0;0;0;0;-3,782668000000000;-38,516505000000000
252712;26;6;2015;07:29;0;AV DR SILAS MUNGUBA;;;5455;;Colis?úo Lateral;Luz do Dia;Bom;Seca;Meio de Quadra;N?úo H?í Controle;Residencial;0;0;2;1;0;0;1;0;0;0;0;0;-3,800495000000000;-38,530296000000000
252713;26;6;2015;08:50;22990;AV DR SILAS MUNGUBA;RUA AMERICO VESPUCIO;;0;;Colis?úo Transversal;;Bom;;Cruz;;;0;1;1;1;0;0;0;0;0;1;0;0;-3,786542000000000;-38,549873000000000
252714;26;6;2015;07:50;0;AV DR SILAS MUNGUBA;;;7500;BNB;Colis?úo Frontal;;Bom;Seca;Meio de Quadra;N?úo H?í Controle;Residencial;0;0;2;1;0;0;0;0;0;0;0;0;-3,804187000000000;-38,527608000000000
252715;26;6;2015;10:20;0;RUA ANTONIO AUGUSTO;;;1300;;Colis?úo Traseira;Luz do Dia;Bom;Seca;Meio de Quadra;N?úo H?í Controle;Residencial;0;1;1;1;0;0;0;0;0;1;0;0;-3,732392000000000;-38,514112000000000
252717;26;6;2015;07:50;0;AV PRS CASTELO BRANCO;;;4547;;Colis?úo Lateral;Luz do Dia;Bom;Seca;Meio de Quadra;;Comercial;0;1;1;1;0;0;0;0;0;1;0;0;-3,706827000000000;-38,572732000000000
252719;26;6;2015;13:20;0;AV HEROIS DO ACRE;;;100;;Colis?úo Lateral;Luz do Dia;Bom;Seca;Meio de Quadra;;Residencial;0;0;2;1;0;0;0;0;0;0;0;0;-3,803048000000000;-38,529438000000000
252720;26;6;2015;08:15;13483;RUA CARLOS VASCONCELOS;RUA PINHO PESSOA;;0;;Colis?úo Lateral;Luz do Dia;Bom;Seca;Cruz;Pare;Residencial;0;0;3;0;0;0;0;0;0;0;0;0;-3,745054000000000;-38,514738000000000
252721;26;6;2015;07:00;0;AV 13 DE MAIO;;;1312;;Colis?úo Traseira;Luz do Dia;Bom;Seca;Meio de Quadra;Outros;Comercial;0;0;2;1;0;0;0;0;0;0;0;0;-3,748226000000000;-38,530612000000000
252723;26;6;2015;10:00;21086;RUA GASPAR LEMOS;RUA PIAUI;;0;;Colis?úo Transversal;;;;;;;0;0;2;1;0;0;0;0;0;1;0;0;-3,753021000000000;-38,571547000000000
252724;26;6;2015;10:50;19707;AV BEZERRA DE MENEZES;RUA ARMANDO OLIVEIRA;;0;;Colis?úo Lateral;Luz do Dia;Bom;;Cruz;Sem?íforo;;0;0;2;1;0;0;1;0;0;0;0;0;-3,736264000000000;-38,567270000000000
252725;26;6;2015;08:10;5174;AV TRISTAO GONCALVES;RUA GUILHERME ROCHA;;0;;Colis?úo Lateral;Luz do Dia;Bom;Seca;Cruz;Sem?íforo;Comercial;0;0;2;1;1;0;0;0;0;0;0;0;-3,725452000000000;-38,532707000000000
252727;26;6;2015;10:45;5437;RUA FLORIANO PEIXOTO;RUA METON DE ALENCAR;;0;;Colis?úo Transversal;Luz do Dia;Bom;Seca;Cruz;Pare;Comercial;0;0;2;1;0;0;0;0;0;0;0;0;-3,734071000000000;-38,529358000000000
252730;26;6;2015;14:00;1429;RUA NUNES VALENTE;RUA AFONSO CELSO;;0;;Colis?úo Transversal;Luz do Dia;Bom;Seca;Cruz;Pare;Residencial;0;0;2;1;0;0;0;0;0;0;0;0;-3,737785000000000;-38,504234000000000
252731;26;6;2015;15:20;11021;RUA ALM RUBIM;RUA MUNDICA PAULA;;0;;Colis?úo Transversal;Luz do Dia;Bom;Seca;Cruz;Sem?íforo;Comercial;0;0;2;1;1;0;0;0;0;0;0;0;-3,773259000000000;-38,557470000000000
252748;26;6;2015;14:20;577;AV DR THEBERGE;AV FRANCISCO SA;;0;;Colis?úo Lateral;Luz do Dia;Bom;Seca;Cruz;Sem?íforo Intermitente;Comercial;0;0;2;1;0;0;1;0;0;0;0;0;-3,714822000000000;-38,565016000000000
252738;26;6;2015;10:30;0;AV AGUANAMBI;;;0;ROTAT?ôRIA;Colis?úo Lateral;Luz do Dia;Bom;Seca;Meio de Quadra;Sem?íforo;Comercial;0;0;2;1;0;0;1;0;0;0;0;0;-3,755538000000000;-38,523043000000000
252733;26;6;2015;17:00;15383;RUA ALMEIDA REGO;RUA FARIAS LEMOS;;0;;Colis?úo Transversal;Luz do Dia;Bom;Seca;Cruz;N?úo H?í Controle;Residencial;0;0;2;1;0;0;0;0;0;0;0;0;-3,813110000000000;-38,494338000000000
252741;26;6;2015;13:10;15072;RUA FRANCISCO GLICERIO;RUA ALFA;;0;;Colis?úo Lateral;Luz do Dia;Bom;Seca;T;Pare;Residencial;0;0;2;1;0;0;0;0;0;0;0;0;-3,795719000000000;-38,570622000000000
252742;26;6;2015;10:15;23801;RUA COSTA FREIRE;RUA PLACIDO DE CASTRO;;0;;Colis?úo Lateral;Luz do Dia;Bom;Seca;Cruz;Pare;Residencial;0;0;2;0;1;0;0;0;0;0;0;0;-3,791629000000000;-38,584125000000000
252743;26;6;2015;17:30;7762;AV ANTONIO SALES;RUA NUNES VALENTE;;0;;Colis?úo Transversal;;Bom;Seca;Cruz;Pare;Residencial;0;0;2;1;0;0;0;1;0;0;0;0;-3,744237000000000;-38,506314000000000
252685;27;6;2015;10:00;9139;RUA CEL PERGENTINO FERREIRA;RUA MON OTAVIO CASTRO;;0;;Colis?úo Lateral;Luz do Dia;Bom;Seca;Cruz;Pare;Comercial;0;1;1;1;0;0;0;0;0;1;0;0;-3,748970000000000;-38,526704000000000
252617;27;6;2015;12:30;0;AV DUQ CAXIAS;;;0;;Colis?úo Traseira;Luz do Dia;Bom;Seca;Meio de Quadra;Pare;Comercial;0;0;2;1;0;0;0;0;0;1;0;0;;
252618;27;6;2015;09:00;0;RUA PDE AMBROSIO MACHADO;;;0;;Colis?úo Lateral;Luz do Dia;Bom;Seca;Meio de Quadra;;Residencial;0;0;2;1;0;0;1;0;0;0;0;0;;
252619;27;6;2015;07:10;0;RUA LUIZ FERNANDES;;;0;;Colis?úo Transversal;Luz do Dia;Bom;Seca;Meio de Quadra;Outros;Residencial;0;1;1;1;0;0;0;0;0;1;0;0;;
252620;27;6;2015;07:30;1350;RUA TORRES CAMARA;RUA SILVA PAULET;;0;;Colis?úo Transversal;Luz do Dia;Bom;Seca;Cruz;Pare;Comercial;0;0;2;1;0;0;0;0;0;0;0;0;-3,735958000000000;-38,505905000000000
252621;27;6;2015;11:00;0;RUA DOS POTIGUARAS;;;117;;;Luz do Dia;Bom;Seca;Meio de Quadra;N?úo H?í Controle;Residencial;0;0;4;1;0;0;0;0;0;0;0;0;-3,719753000000000;-38,516833000000000
252622;27;6;2015;07:00;24993;AV DOM MANUEL;RUA ROCHA LIMA;;0;;Colis?úo Lateral;Luz do Dia;Bom;Seca;Cruz;Sem?íforo;Comercial;0;0;2;1;0;0;0;0;0;0;0;0;-3,735959000000000;-38,523587000000000
252623;27;6;2015;11:30;8949;AV BEZERRA DE MENEZES;RUA JUSTINIANO DE SERPA;;0;;Colis?úo Traseira;Luz do Dia;Bom;Seca;Cruz;Sem?íforo;Comercial;0;0;2;1;1;0;0;0;0;0;0;0;-3,731156000000000;-38,542857000000000
252624;27;6;2015;12:30;0;AV HEROIS DO ACRE;;;455;;Colis?úo Lateral;Luz do Dia;Bom;Seca;Meio de Quadra;N?úo H?í Controle;Comercial;0;1;1;1;0;0;0;0;0;1;0;0;-3,803181000000000;-38,533569000000000
262854;27;6;2015;15:40;0;RUA PEDRO A SILVA;;;0;;Colis?úo;Luz do Dia;;;Meio de Quadra;;;0;0;2;1;0;0;0;0;0;0;0;0;;
262856;27;6;2015;17:31;0;AV PRS COSTA E SILVA;;;0;;Engavetamento;Anoitecer;;;Meio de Quadra;;;0;0;6;1;0;0;0;0;0;0;0;0;;
269313;27;6;2015;01:31;15099;AV BEIRA MAR;RUA JOAO CORDEIRO;;0;;Colis?úo;;;;T;Pare;Comercial;0;0;2;0;0;0;0;0;0;0;0;0;-3,720256000000000;-38,511410000000000
269314;27;6;2015;11:24;0;AV MAJ ASSIS;;;0;;Colis?úo;Luz do Dia;;;Meio de Quadra;;;0;0;2;0;0;0;0;0;0;0;0;0;;
269316;27;6;2015;14:46;15441;RUA JOHN LENNON;RUA PEDRO A SILVA;;0;;Colis?úo;Luz do Dia;;;;;;0;0;2;0;0;0;0;0;0;0;0;0;-3,817268000000000;-38,490148000000000
269318;27;6;2015;14:47;0;AV AUGUSTO DOS ANJOS;;;0;;Colis?úo;Luz do Dia;;;Meio de Quadra;;;0;0;2;0;0;0;0;0;0;0;0;0;;
269321;27;6;2015;15:54;0;AV JOR THOMAZ COELHO;;;0;;Tombamento;Luz do Dia;;;Meio de Quadra;;;0;0;2;0;0;0;0;0;0;0;0;0;;
269323;27;6;2015;15:41;1534;RUA EDUARDO GARCIA;RUA MON CATAO;;0;;Colis?úo;Luz do Dia;;;Cruz;Pare;Residencial;0;0;2;0;0;0;0;0;0;0;0;0;-3,740726000000000;-38,491196000000000
269325;27;6;2015;15:54;26230;AV PRS CASTELO BRANCO;RUA BORIS;;0;;Colis?úo;Luz do Dia;;;Cruz;N?úo H?í Controle;Comercial;0;0;2;0;0;0;0;0;0;0;0;0;-3,723228000000000;-38,521056000000000
269326;27;6;2015;16:02;0;RUA VITORIA;;;0;;Colis?úo;Luz do Dia;;;Meio de Quadra;;;0;0;2;0;0;0;0;0;0;0;0;0;;
269327;27;6;2015;16:21;0;AV SEN FERNANDES TAVORA;;;0;;Colis?úo;Luz do Dia;;;Meio de Quadra;;;0;0;2;0;0;0;0;0;0;0;0;0;;
269331;27;6;2015;16:40;0;AV CASTELO DE CASTRO;;;0;;Atropelamento;Luz do Dia;;;Meio de Quadra;;;0;0;2;0;0;0;0;0;0;0;0;0;;
269329;27;6;2015;16:34;0;RUA 1125 CJ CEARA;;;0;;Colis?úo;Luz do Dia;;;Meio de Quadra;;;0;0;2;0;0;0;0;0;0;0;0;0;;
269336;27;6;2015;16:42;571;RUA SILVIO ROMERO;RUA COELHO NETO;;0;;Colis?úo;Luz do Dia;;;Cruz;N?úo H?í Controle;Residencial;0;0;2;0;0;0;0;0;0;0;0;0;-3,718451000000000;-38,570252000000000
269342;27;6;2015;17:11;0;RUA MIGUEL ARAGAO;;;0;;;Anoitecer;;;Meio de Quadra;;;0;0;2;0;0;0;0;0;0;0;0;0;;
269348;27;6;2015;17:26;0;RUA CEL FRANCISCO RIBEIRO;;;0;;Colis?úo;Anoitecer;;;Meio de Quadra;;;0;0;2;0;0;0;0;0;0;0;0;0;;
269351;27;6;2015;17:59;0;RUA BRAGANCA;;;0;;Colis?úo;Anoitecer;;;Meio de Quadra;;;0;0;2;0;0;0;0;0;0;0;0;0;;
269356;27;6;2015;18:01;23380;RUA CAP TIBURCIO DA FROTA;RUA NUNES VALENTE;;0;;Colis?úo;Anoitecer;;;Cruz;Pare;Residencial;0;0;2;0;0;0;0;0;0;0;0;0;-3,754506000000000;-38,509109000000000
269359;27;6;2015;18:43;0;RUA DOIS;;;0;;Colis?úo;;;;Meio de Quadra;;;0;0;2;0;0;0;0;0;0;0;0;0;;
269364;27;6;2015;18:46;0;RUA JACAUNA;;;0;;Colis?úo;;;;Meio de Quadra;;;0;0;2;0;0;0;0;0;0;0;0;0;;
269371;27;6;2015;18:47;12807;RUA ALBERTO MAGNO;RUA ANA NERY;;0;;Colis?úo;;;;Cruz;Sem?íforo;Residencial;0;0;2;0;0;0;0;0;0;0;0;0;-3,754704000000000;-38,541058000000000