COD_ACIDENTE;DIA;MES;ANO;HORA;INTERSECAO;LOG1;LOG2;LOG3;NUMERO;REFERENCIA;NATUREZA;ILUMINACAO;TEMPO;SUPERFICIEPISTA;TIPOCRUZAMENTO;CONTROLETRAFEGO;USOSOLO;MORTOS;FERIDOS;ILESOS;AUTOMOVEL;ONIBUS;BICICLETA;CAMINHAO;MICROONIBUS;CICLOMOTOR;MOTOCICLETA;TRACAOANIMAL;TREM;LATITUDE;LONGITUDE
269375;27;6;2015;19:29;0;AV ALBERTO CRAVEIRO;;;0;;Colis?úo;;;;Meio de Quadra;;;0;0;2;0;0;0;0;0;0;0;0;0;;
269378;27;6;2015;19:30;0;AV BENJAMIM BRASIL;;;0;;Colis?úo;;;;Meio de Quadra;;;0;0;2;0;0;0;0;0;0;0;0;0;;
269381;27;6;2015;19:37;0;AV LINEU MACHADO;;;0;;Colis?úo;;;;Meio de Quadra;;;0;0;2;0;0;0;0;0;0;0;0;0;;
269385;27;6;2015;20:09;0;AV JOSE BASTOS;;;0;;Colis?úo;;;;Meio de Quadra;;;0;0;2;0;0;0;0;0;0;0;0;0;;
269387;27;6;2015;20:33;0;RUA OSCAR ARARIPE;;;0;;Colis?úo;;;;Meio de Quadra;;;0;0;2;0;0;0;0;0;0;0;0;0;;
269391;27;6;2015;22:31;0;AV DEP PAULINO ROCHA;;;0;;Colis?úo;;;;Meio de Quadra;;;0;0;2;0;0;0;0;0;0;0;0;0;;
269393;27;6;2015;22:32;2302;AV PRS CASTELO BRANCO;RUA GAL MUNIZ ARAGAO;;0;;Colis?úo;;;;;;;0;0;2;0;0;0;0;0;0;0;0;0;-3,703494000000000;-38,580385000000000
269395;27;6;2015;23:38;5099;RUA SEN ALENCAR;AV TRISTAO GONCALVES;;0;;Colis?úo;;;;Cruz;Pare;Comercial;0;0;2;0;0;0;0;0;0;0;0;0;-3,723524000000000;-38,532122000000000
273938;27;6;2015;05:24;0;RUA MINAS GERAIS;;;0;;Queda;Amanhecer;;;Meio de Quadra;;;0;1;0;0;0;0;0;0;0;1;0;0;-3,754971000000000;-38,564391000000000
273954;27;6;2015;11:47;0;RUA VINTE QUATRO DE MAIO;;;0;;Colis?úo;Luz do Dia;;;Meio de Quadra;;;0;1;1;1;0;0;0;0;0;1;0;0;;
273956;27;6;2015;15:35;0;RUA ITAJAI;;;0;;Colis?úo;Luz do Dia;;;Meio de Quadra;;;0;1;1;1;0;0;0;0;0;1;0;0;;
273957;27;6;2015;16:35;0;RUA SILVA ROM?ëRIO;;;0;;Colis?úo;Luz do Dia;;;Meio de Quadra;;;0;1;1;1;0;0;0;0;0;1;0;0;;
273959;27;6;2015;17:45;10115;RUA MARIA JULIA;RUA 23 DE JUNHO;;0;;Colis?úo;Anoitecer;;;;;;0;1;1;1;0;0;0;0;0;1;0;0;;
273991;27;6;2015;20:03;0;RUA PRO COSTA MENDES;;;0;;Atropelamento;;;;Meio de Quadra;;;0;1;1;0;0;0;0;0;0;1;0;0;;
273994;27;6;2015;23:45;22353;AV OLAVO BILAC;AV BEZERRA DE MENEZES;;0;;Colis?úo;;;;;;;0;1;0;0;0;0;0;0;0;0;0;0;-3,735601000000000;-38,564151000000000
273931;27;6;2015;00:31;7473;PR LAGOINHA;RUA PRO NELSON;;0;;Colis?úo;;;;;;;0;1;1;1;0;1;0;0;0;0;0;0;-3,790497000000000;-38,515947000000000
273932;27;6;2015;03:57;0;RD BR 116;;;0;;Atropelamento;;;;Meio de Quadra;;;0;1;0;0;0;0;0;0;0;0;0;0;;
271620;27;6;2015;10:43;0;RUA CAP CLOVIS MAIA;;;0;;Colis?úo;Luz do Dia;;;Meio de Quadra;;;0;0;2;0;0;0;0;0;0;0;0;0;;
271621;27;6;2015;12:47;0;RUA NOSSA SRA DAS GRACAS;;;904;;Colis?úo;Luz do Dia;;;Meio de Quadra;;;0;0;2;0;0;0;0;0;0;0;0;0;-3,709438000000000;-38,556181000000000
259437;27;6;2015;06:20;0;AV MIN JOSE AMERICO;;;0;;Colis?úo;Luz do Dia;;Seca;Meio de Quadra;;;0;1;1;0;0;0;1;0;0;1;0;0;;
259445;27;6;2015;13:00;0;RD CE-040;;;0;KM-07;Colis?úo;Luz do Dia;;Seca;Meio de Quadra;;;0;0;2;1;0;0;0;0;0;0;0;0;-3,817953000000000;-38,483160000000000
259454;28;6;2015;17:00;0;RD CE-040;;;0;KM-09;Atropelamento;Anoitecer;;Seca;Meio de Quadra;;;0;1;1;0;0;0;0;0;0;1;0;0;-3,824774000000000;-38,481431000000000
259448;28;6;2015;13:10;0;RD CE-040;;;0;KM-04;Colis?úo;Luz do Dia;;Seca;Meio de Quadra;;;0;0;2;1;0;0;0;0;0;0;0;0;-3,792050000000000;-38,480251000000000
259457;28;6;2015;18:10;0;RD CE-040;;;0;KM-08;Colis?úo;Anoitecer;;Seca;Meio de Quadra;;;0;1;1;1;0;0;0;0;0;1;0;0;-3,823332000000000;-38,481317000000000
274046;28;6;2015;16:10;1784;RUA MARIA QUINTINO;RUA PEDRO DE SOUZA;;0;;Colis?úo;Luz do Dia;;;Cruz;Pare;Comercial;0;1;1;1;0;0;0;0;0;1;0;0;-3,852277000000000;-38,500227000000000
274047;28;6;2015;16:16;0;AV GOV RAUL BARBOSA;;;0;;Colis?úo;Luz do Dia;;;Meio de Quadra;;;0;1;1;1;0;0;0;0;0;1;0;0;;
274066;28;6;2015;23:11;0;RUA BERNARDO MANUEL;;;0;;Colis?úo;;;;Meio de Quadra;;;0;1;1;1;0;0;0;0;0;1;0;0;;
274058;28;6;2015;19:07;0;RUA OSCAR FRANCA;;;0;;Queda;;;;Meio de Quadra;;;0;1;0;0;0;0;0;0;0;1;0;0;-3,785117000000000;-38,621248000000000
274059;28;6;2015;19:27;0;ET PICI;;;0;;Atropelamento;;;;Meio de Quadra;;;0;1;1;0;0;0;0;0;0;1;0;0;-3,770197000000000;-38,574158000000000
274060;28;6;2015;19:43;25118;RUA DO CONTORNO UI 302;AV DEP PAULINO ROCHA;;0;;Queda;;;;Outros;N?úo H?í Controle;Comercial;0;1;0;0;0;0;0;0;0;1;0;0;-3,809737000000000;-38,520975000000000
274053;28;6;2015;16:17;0;AV SEN FERNANDES TAVORA;;;0;;Queda;Luz do Dia;;;Meio de Quadra;;;0;1;0;0;0;0;0;0;0;1;0;0;-3,754820000000000;-38,599980000000000
274054;28;6;2015;16:22;0;AV JOSE LEON;;;0;;Colis?úo;Luz do Dia;;;Meio de Quadra;;;0;1;0;0;0;0;0;0;0;0;0;0;;
274055;28;6;2015;16:47;0;AV WASHINGTON SOARES;;;0;;Atropelamento;Luz do Dia;;;Meio de Quadra;;;0;1;1;0;0;0;0;0;0;1;0;0;;
274056;28;6;2015;17:57;0;AV WASHINGTON SOARES;;;0;;Colis?úo;Anoitecer;;;Meio de Quadra;;;0;1;1;1;0;0;0;0;0;1;0;0;;
273996;28;6;2015;00:28;0;RUA PRO JOSE MILTON;;;0;;Atropelamento;;;;Meio de Quadra;;;0;1;1;0;0;0;0;0;0;1;0;0;;
274038;28;6;2015;09:14;0;RUA URUCUTUBA;;;0;;Colis?úo;Luz do Dia;;;Meio de Quadra;;;0;1;1;1;0;0;0;0;0;1;0;0;-3,798907000000000;-38,621770000000000
274039;28;6;2015;12:54;0;AV GAL OSORIO DE PAIVA;;;0;;Colis?úo;Luz do Dia;;;Meio de Quadra;;;0;1;1;1;0;0;0;0;0;1;0;0;-3,792545000000000;-38,590215000000000
274028;28;6;2015;05:54;0;RUA PDE FRANCISCO PITA;;;0;;Colis?úo;Amanhecer;;;Meio de Quadra;;;0;1;1;1;0;0;0;0;0;1;0;0;;
274030;28;6;2015;06:10;17606;RUA CEARA;RUA PARANA;;0;;Queda;Luz do Dia;;;Cruz;Pare;Comercial;0;1;0;0;0;0;0;0;0;1;0;0;-3,757261000000000;-38,568348000000000
274031;28;6;2015;07:42;0;AV PENETRACAO OESTE I;;;0;;Colis?úo;Luz do Dia;;;Meio de Quadra;;;0;1;1;1;0;0;0;0;0;1;0;0;;
274023;28;6;2015;04:31;15189;AV ABOLICAO;RUA FRE MANSUETO;;0;;Atropelamento;;;;Cruz;Sem?íforo;Comercial;1;0;1;1;0;0;0;0;0;0;0;0;-3,726368000000000;-38,489324000000000
274024;28;6;2015;04:45;11021;RUA GERMANO FRANCK;RUA ALM RUBIM;;0;;Queda;;;;;;;0;1;0;0;0;0;0;0;0;1;0;0;-3,773259000000000;-38,557470000000000
274026;28;6;2015;05:38;0;AV GAL OSORIO DE PAIVA;;;0;;Colis?úo;Amanhecer;;;Meio de Quadra;;;0;1;1;1;0;0;0;0;0;1;0;0;-3,792549000000000;-38,590219000000000
274041;28;6;2015;13:20;0;RUA TAQUARI;;;0;;Queda;Luz do Dia;;;Meio de Quadra;;;0;1;0;0;0;0;0;0;0;1;0;0;;
273998;28;6;2015;02:19;0;AV PRS CASTELO BRANCO;;;0;;Atropelamento;;;;Meio de Quadra;;;0;1;1;1;0;0;0;0;0;0;0;0;-3,723121000000000;-38,521551000000000
269399;28;6;2015;00:13;23493;RUA CARVALHO JUNIOR;RUA SABINO MONTE;;0;;Colis?úo;;;;Cruz;Pare;Residencial;0;0;2;0;0;0;0;0;0;0;0;0;-3,758605000000000;-38,511538000000000
269402;28;6;2015;00:34;0;RUA TEN JOSE NEWTON;;;0;;Atropelamento;;;;Meio de Quadra;;;0;0;2;0;0;0;0;0;0;0;0;0;;
269404;28;6;2015;02:24;743;AV PASTEUR;AV PRS CASTELO BRANCO;;0;;Atropelamento;;;;Cruz;Sem?íforo;Comercial;0;0;2;0;0;0;0;0;0;0;0;0;-3,711181000000000;-38,558856000000000
269406;28;6;2015;02:59;15227;AV ABOLICAO;AV DES MOREIRA;;0;;Colis?úo;;;;Cruz;Sem?íforo;Comercial;0;0;2;0;0;0;0;0;0;0;0;0;-3,727331000000000;-38,495474000000000
269410;28;6;2015;04:53;0;AV DEP PAULINO ROCHA;;;0;;Choque c/ Obst?ículo Fixo;;;;Meio de Quadra;;;0;0;1;0;0;0;0;0;0;0;0;0;;
269417;28;6;2015;09:06;0;AV DOLOR BARREIRA;;;0;;Colis?úo;Luz do Dia;;;Meio de Quadra;;;0;0;2;0;0;0;0;0;0;0;0;0;;
269422;28;6;2015;09:58;0;RUA URUCUTUBA;;;0;;Atropelamento;Luz do Dia;;;Meio de Quadra;;;0;0;2;0;0;0;0;0;0;0;0;0;;
269427;28;6;2015;10:04;25227;AV A CJ CEARA;AV D CJ CEARA;;0;;Colis?úo;Luz do Dia;;;;;;0;0;2;0;0;0;0;0;0;0;0;0;-3,766922000000000;-38,601152000000000
269430;28;6;2015;10:31;0;AV DAS GRAVIOLAS;;;0;;Colis?úo;Luz do Dia;;;Meio de Quadra;;;0;0;2;0;0;0;0;0;0;0;0;0;;
269432;28;6;2015;10:33;0;RUA JOSE BUSON;;;0;;Colis?úo;Luz do Dia;;;Meio de Quadra;;;0;0;2;0;0;0;0;0;0;0;0;0;;
269434;28;6;2015;13:57;0;AV PERIMETRAL;;;0;;Colis?úo;Luz do Dia;;;Meio de Quadra;;;0;0;2;0;0;0;0;0;0;0;0;0;;
269438;28;6;2015;16:25;0;RUA PEDRO DE SOUZA;;;0;;Colis?úo;Luz do Dia;;;Meio de Quadra;;;0;0;2;0;0;0;0;0;0;0;0;0;;
269436;28;6;2015;14:42;0;RUA OSCAR ARARIPE;;;0;;Colis?úo;Luz do Dia;;;Meio de Quadra;;;0;1;1;1;0;0;0;0;0;1;0;0;;
269445;28;6;2015;16:37;0;AV JOSE LEON;;;0;;Colis?úo;Luz do Dia;;;Meio de Quadra;;;0;0;2;0;0;0;0;0;0;0;0;0;;
269447;28;6;2015;17:46;12954;RUA BERNARDO MANUEL;AV PRS COSTA E SILVA;;0;;Colis?úo;Anoitecer;;;;;;0;1;1;0;0;0;0;0;0;0;0;0;-3,821079000000000;-38,558276000000000
269450;28;6;2015;18:51;0;RUA CRISTAIS PAULISTA;;;0;;Colis?úo;;;;Meio de Quadra;;;0;0;2;0;0;0;0;0;0;0;0;0;;
269452;28;6;2015;19:19;9671;RUA OSCAR FRANCA;RUA ARI MAIA;;0;;Colis?úo;;;;Cruz;Pare;Residencial;0;0;2;0;0;0;0;0;0;0;0;0;-3,784963000000000;-38,621799000000000
269455;28;6;2015;20:52;23688;RUA GABRIEL FIUZA;RUA DR ESTENIO GOMES;;0;;Colis?úo;;;;;;;0;0;2;0;0;0;0;0;0;0;0;0;-3,787655000000000;-38,579286000000000
269458;28;6;2015;20:53;0;RUA EMILIO DE MENESES;;;0;;Atropelamento;;;;Meio de Quadra;;;0;1;1;1;0;0;0;0;0;0;0;0;-3,779686000000000;-38,594734000000000
262861;28;6;2015;12:00;0;AL GRACIOLAS;;;0;;Colis?úo;Luz do Dia;;;Meio de Quadra;;;0;0;2;1;0;0;1;0;0;0;0;0;;
252678;28;6;2015;18:05;0;AV JOVITA FEITOSA;;;293;;Colis?úo Transversal;Anoitecer;Bom;Seca;Meio de Quadra;Sem?íforo;Residencial;0;0;2;1;0;0;0;0;0;0;0;0;-3,737776000000000;-38,546382000000000
252693;28;6;2015;17:00;0;RUA BAR SOBRAL;;;756;;Colis?úo Traseira;Anoitecer;Bom;Seca;Meio de Quadra;N?úo H?í Controle;Comercial;0;0;3;1;0;0;0;0;0;0;0;0;;
252697;28;6;2015;11:45;5396;RUA SEN POMPEU;RUA GAL CLARINDO DE QUEIROZ;;0;;Colis?úo Transversal;Luz do Dia;Bom;Seca;Cruz;Sem?íforo;Comercial;0;0;2;1;0;0;0;0;0;0;0;0;-3,732353000000000;-38,531279000000000
252698;28;6;2015;06:45;0;AV PRO JOSE ARTHUR CARVALHO;;;2200;;Colis?úo Traseira;Luz do Dia;Bom;Seca;Meio de Quadra;N?úo H?í Controle;Comercial;0;0;2;1;0;0;0;0;0;1;0;0;-3,824586000000000;-38,459699000000000
252687;28;6;2015;18:40;1324;RUA TORRES CAMARA;RUA DR JOSE LOURENCO;;0;;Colis?úo Transversal;Via Iluminada;Bom;Seca;Cruz;Pare;Comercial;0;1;1;1;0;0;0;0;0;1;0;0;-3,735281000000000;-38,508053000000000
252688;28;6;2015;20:00;15290;RUA JOAQUIM NABUCO;RUA CANUTO DE AGUIAR;;0;;Colis?úo Transversal;Via Iluminada;Bom;Seca;Cruz;Pare;Residencial;0;0;2;1;0;0;0;0;0;0;0;0;-3,729360000000000;-38,499390000000000
252689;28;6;2015;06:00;3788;RUA WALDERY UCHOA;RUA PDE FRANCISCO PINTO;;0;;Colis?úo Transversal;Luz do Dia;Bom;Seca;Cruz;Pare;Residencial;0;1;1;0;0;0;0;0;0;1;0;0;-3,744299000000000;-38,539138000000000
252690;28;6;2015;12:00;1559;RUA MON CATAO;RUA PAULA NEI;;0;;Colis?úo Transversal;Luz do Dia;Bom;Seca;Cruz;Gesto;Residencial;0;0;2;1;0;0;0;0;0;0;0;0;-3,741704000000000;-38,491510000000000
252683;28;6;2015;12:20;1451;RUA ROCHA LIMA;RUA ANTONIO AUGUSTO;;0;;Colis?úo Transversal;Luz do Dia;Bom;Seca;Cruz;Pare;Residencial;0;1;1;1;0;0;0;0;0;1;0;0;-3,738344000000000;-38,516207000000000
252708;28;6;2015;06:40;0;RUA PDE IBIAPINA;;;1313;;Atropelamento;Luz do Dia;Bom;Seca;Meio de Quadra;N?úo H?í Controle;Escola;0;1;1;1;0;0;0;0;0;0;0;0;-3,726692000000000;-38,540489000000000
252709;28;6;2015;19:00;15104;AV HIS RAIMUNDO GIRAO;RUA ILDEFONSO ALBANO;;0;;Colis?úo Traseira;Via Iluminada;Bom;Seca;Cruz;Sem?íforo;Misto;0;0;2;1;1;0;0;0;0;0;0;0;-3,721603000000000;-38,509542000000000
252705;28;6;2015;09:00;20145;RUA POMPILIO GOMES;RUA PRO JOSE SILVEIRA;;0;;Colis?úo Traseira;Luz do Dia;Bom;Seca;Cruz;Pare;Residencial;0;0;2;1;0;0;0;0;0;1;0;0;-3,811008000000000;-38,519895000000000
252706;28;6;2015;14:30;0;AV ALBERTO CRAVEIRO;;;466;;Atropelamento;Luz do Dia;Bom;Seca;Meio de Quadra;D?¬ Prefer?¬ncia;Comercial;0;2;0;0;0;0;0;0;0;1;0;0;-3,782812000000000;-38,516560000000000
252703;28;6;2015;08:20;20145;RUA POMPILIO GOMES;RUA PRO JOSE SILVEIRA;;0;;Colis?úo Transversal;Luz do Dia;Bom;Seca;Cruz;Pare;Residencial;0;1;1;0;0;0;1;0;0;1;0;0;-3,811008000000000;-38,519895000000000
252644;29;6;2015;20:00;22849;RUA DR JUSTA ARAUJO D45;RUA CON LIMA SUCUPIRA;;0;;Outros;Via Iluminada;Bom;Seca;Cruz;Pare;Residencial;0;0;2;1;0;0;0;0;0;1;0;0;-3,778167000000000;-38,550832000000000
252661;29;6;2015;07:50;0;AV BEZERRA DE MENEZES;;;2224;;Colis?úo Traseira;Luz do Dia;Nublado;Seca;Meio de Quadra;Sem?íforo;Comercial;0;0;2;1;0;0;1;0;0;0;0;0;-3,735683000000000;-38,564524000000000
252663;29;6;2015;10:10;0;AV AUGUSTO DOS ANJOS;;;489;;Colis?úo Lateral;Luz do Dia;Bom;Seca;Meio de Quadra;Outros;Comercial;0;1;1;1;0;0;0;0;0;1;0;0;-3,772994000000000;-38,572751000000000
252664;29;6;2015;09:00;11339;AV GODOFREDO MACIEL;AV BENJAMIM BRASIL;;0;;Colis?úo Traseira;Luz do Dia;Bom;Seca;Cruz;Sem?íforo;Comercial;0;0;2;1;0;0;0;0;0;0;0;0;-3,803264000000000;-38,572040000000000
252665;29;6;2015;13:45;1445;RUA VICENTE LEITE;RUA DES LEITE ALBUQUERQUE;;0;;Colis?úo Transversal;Luz do Dia;Nublado;Seca;Cruz;Pare;Comercial;0;0;2;1;0;0;0;0;0;0;0;0;-3,738178000000000;-38,495734000000000
252666;29;6;2015;12:35;0;RUA EDUARDO GARCIA;;;0;;Colis?úo Transversal;Luz do Dia;Bom;Seca;Meio de Quadra;Gesto;Comercial;0;0;2;1;0;0;0;0;0;0;0;0;;
252668;29;6;2015;09:48;0;AV PRS COSTA E SILVA;;;121;;Colis?úo Traseira;Luz do Dia;Bom;Seca;Meio de Quadra;N?úo H?í Controle;Comercial;0;1;1;1;0;0;0;0;0;1;0;0;;
252670;29;6;2015;14:30;13507;RUA DR JOSE LOURENCO;RUA CEL ALVES TEIXEIRA;;0;;Colis?úo Transversal;Luz do Dia;Bom;Seca;Cruz;N?úo H?í Controle;Comercial;0;0;2;1;0;0;0;0;0;0;0;0;-3,746256000000000;-38,511496000000000
252671;29;6;2015;15:00;15331;RUA PEREIRA FILGUEIRAS;RUA SILVA PAULET;;0;;Colis?úo Transversal;Luz do Dia;Bom;Seca;Cruz;Pare;Comercial;0;1;1;1;0;0;0;0;0;0;0;0;-3,731144000000000;-38,504338000000000
252672;29;6;2015;17:40;0;AV ALBERTO CRAVEIRO;;;0;;Colis?úo Lateral;Via Iluminada;Bom;Seca;Meio de Quadra;D?¬ Prefer?¬ncia;Comercial;0;2;0;0;0;0;0;0;0;1;0;0;;
252673;29;6;2015;08:15;0;RUA ANTONIO POMPEU;;;586;;Colis?úo Traseira;Luz do Dia;Bom;Seca;Outros;N?úo H?í Controle;Comercial;0;1;1;1;0;0;0;0;0;1;0;0;-3,735304000000000;-38,529005000000000
252674;29;6;2015;10:00;0;AV JOVITA FEITOSA;;;2426;;Colis?úo Lateral;Luz do Dia;Bom;Seca;Meio de Quadra;N?úo H?í Controle;Comercial;0;0;2;1;0;0;1;0;0;0;0;0;-3,740386000000000;-38,559165000000000
252675;29;6;2015;09:00;14454;RUA TEOFILO GURGEL;RUA JULIO PINTO D08;;0;;Colis?úo Transversal;Luz do Dia;Bom;Seca;Cruz;Pare;Residencial;0;1;1;1;0;0;0;0;0;1;0;0;-3,726436000000000;-38,546395000000000
252676;29;6;2015;07:00;23741;RUA CON DE CASTRO;RUA GABRIEL FIUZA;;0;;Colis?úo Transversal;Anoitecer;Bom;Seca;T;;Residencial;0;1;1;1;0;0;0;0;0;1;0;0;-3,789390000000000;-38,577474000000000
252642;29;6;2015;06:45;0;AV GAL OSORIO DE PAIVA;;;467;;Colis?úo Traseira;Luz do Dia;Nublado;Seca;Meio de Quadra;Outros;Residencial;0;1;1;1;0;0;0;0;0;1;0;0;-3,775827000000000;-38,566802000000000
252649;29;6;2015;10:00;0;AV SANTOS DUMONT;;;0;;Colis?úo Transversal;Luz do Dia;Bom;Seca;Meio de Quadra;Sem?íforo;Comercial;0;0;2;1;1;0;0;0;0;0;0;0;;
252656;29;6;2015;08:00;13581;RUA CAP GUSTAVO;RUA FRE BERNARDINO;;0;;Colis?úo Lateral Sentido Oposto;Luz do Dia;Nublado;Seca;T;Pare;Residencial;0;0;2;1;0;0;0;0;0;0;0;0;-3,750964000000000;-38,517554000000000
252657;29;6;2015;06:50;1360;RUA DES LEITE ALBUQUERQUE;RUA JOAQUIM NABUCO;;0;;Colis?úo Traseira;Luz do Dia;Nublado;Seca;Cruz;Pare;Comercial;0;1;2;1;0;0;0;1;0;0;0;0;-3,736273000000000;-38,501621000000000
252653;29;6;2015;15:30;8937;RUA CARLOS SEVERO;RUA ANTONIO POMPEU;;0;;Colis?úo Lateral;Luz do Dia;Bom;Seca;Cruz;Pare;Comercial;0;0;2;1;0;0;1;0;0;0;0;0;-3,731863000000000;-38,541865000000000
252628;29;6;2015;16:00;0;AV GOV RAUL BARBOSA;;;6887;;Colis?úo Lateral;Luz do Dia;Bom;Seca;Meio de Quadra;N?úo H?í Controle;Comercial;0;0;2;1;1;0;0;0;0;0;0;0;-3,773995000000000;-38,512795000000000
252629;29;6;2015;19:30;11164;RUA JULIO GASPAR;RUA FAGUNDES VARELA;;0;;Colis?úo Lateral;Via Iluminada;Bom;Seca;Cruz;Pare;Residencial;0;0;2;0;0;0;0;0;0;1;0;0;-3,783086000000000;-38,562332000000000
252630;29;6;2015;01:15;13559;RUA PRO CARVALHO;RUA CASTRO ALVES;;0;;Colis?úo Lateral;Via Iluminada;Bom;Seca;Cruz;N?úo H?í Controle;Residencial;0;0;2;1;0;0;0;0;0;0;0;0;-3,749706000000000;-38,515531000000000
252631;29;6;2015;18:30;0;AV ABOLICAO;;;4022;;Colis?úo Traseira;Via Iluminada;Bom;Seca;Outros;Pare;Comercial;0;0;2;1;0;0;0;0;0;0;0;0;-3,723952000000000;-38,481625000000000
252640;29;6;2015;21:30;12864;AV DOMINGOS OLIMPIO;RUA ASSUNCAO;;0;;Outros;Via Iluminada;Nublado;Molhada;Cruz;Sem?íforo;Residencial;0;1;1;1;0;0;0;0;1;0;0;0;-3,737192000000000;-38,529548000000000
252633;29;6;2015;19:30;0;RUA DR SOCORRO AZEVEDO;;;580;;Choque c/ Obst?ículo Fixo;N?úo Iluminada;Bom;Seca;Meio de Quadra;Outros;Residencial;0;0;1;1;0;0;0;0;0;0;0;0;-3,768871000000000;-38,492543000000000
252634;29;6;2015;22:00;17277;AV PRO GOMES DE MATOS;RUA SATIRO DIAS;;0;;Colis?úo Transversal;Via Iluminada;Nublado;Molhada;Cruz;Sem?íforo;Comercial;0;1;1;0;0;0;1;0;0;1;0;0;-3,762623000000000;-38,546868000000000
252635;29;6;2015;08:30;8643;AV EDILSON B SOARES;AV ENG LEAL LIMA VERDE (SAPIRANGA/COITE);;0;;Colis?úo Transversal;Luz do Dia;Nublado;Seca;Cruz;Pare;Comercial;0;0;2;1;1;0;0;0;0;0;0;0;-3,789082000000000;-38,476215000000000
252636;29;6;2015;15:30;3789;AV 13 DE MAIO;RUA WALDERY UCHOA;;0;;Colis?úo Lateral;Luz do Dia;Bom;Seca;Cruz;Pare;Comercial;0;0;3;1;0;0;0;0;0;0;0;0;-3,742399000000000;-38,537427000000000
259026;29;6;2015;07:50;0;RD BR 116;;;2000;KM-02;Colis?úo Traseira;Luz do Dia;Bom;Seca;Meio de Quadra;N?úo H?í Controle;Comercial;0;1;1;1;0;0;0;0;0;1;0;0;-3,771391000000000;-38,516780000000000
259027;29;6;2015;18:30;0;RD BR 116;;;6000;KM-06;Atropelamento;Anoitecer;Bom;Seca;Meio de Quadra;N?úo H?í Controle;Comercial;0;2;0;0;0;0;0;0;0;1;0;0;-3,804691000000000;-38,503053000000000
259048;29;6;2015;04:40;0;RD BR 222;;;0;;Choque c/ Obst?ículo Fixo;Amanhecer;Chuva;Molhada;Meio de Quadra;N?úo H?í Controle;Comercial;1;0;0;1;0;0;0;0;0;0;0;0;-3,741613000000000;-38,604686000000000
262863;29;6;2015;17:25;0;RUA GERMANO FRANCK;;;0;;Colis?úo;Anoitecer;;;Meio de Quadra;;;0;0;2;1;1;0;0;0;0;0;0;0;;
269459;29;6;2015;02:40;0;RUA PESSOA ANTA;;;0;;Atropelamento;;;;Meio de Quadra;;;0;0;2;0;0;0;0;0;0;0;0;0;;
269461;29;6;2015;11:21;0;RUA VITAL BRASIL;;;0;;Colis?úo;Luz do Dia;;;Meio de Quadra;;;0;0;2;0;0;0;0;0;0;0;0;0;;
269463;29;6;2015;11:27;0;RUA CEL QUEIROZ;;;0;;Atropelamento;Luz do Dia;;;Meio de Quadra;;;0;1;1;0;0;0;0;0;0;1;0;0;;
269465;29;6;2015;11:53;0;RUA PDE SA LEITAO;;;0;;Colis?úo;Luz do Dia;;;Meio de Quadra;;;0;0;2;0;0;0;0;0;0;0;0;0;;
269467;29;6;2015;12:09;0;AV DOM ALO?ìSIO LORSCHEIDER;;;0;;Colis?úo;Luz do Dia;;;Meio de Quadra;;;0;0;2;0;0;0;0;0;0;0;0;0;;
269468;29;6;2015;12:59;24585;RUA GAMA;RUA BETA CJ VILA VELHA;;0;;Atropelamento;Luz do Dia;;;;;;0;0;2;0;0;0;0;0;0;0;0;0;-3,711820000000000;-38,602595000000000
269470;29;6;2015;17:33;0;AV PRS COSTA E SILVA;;;0;;Colis?úo;Anoitecer;;;Meio de Quadra;;;0;0;2;0;0;0;0;0;0;0;0;0;;
269473;29;6;2015;18:26;0;AV GAL OSORIO DE PAIVA;;;0;;Colis?úo;Anoitecer;;;Meio de Quadra;;;0;0;2;0;0;0;0;0;0;0;0;0;;
269474;29;6;2015;18:36;3033;RUA DECIO DE CASTRO;RUA ANDRE REBOUCAS;;0;;Colis?úo;;;;Com Via F?®rrea;Pare;Residencial;0;0;2;0;0;0;0;0;0;0;0;0;-3,774642000000000;-38,589480000000000
274068;29;6;2015;01:06;0;RUA MARIA QUINTELA;;;0;;Queda;;;;Meio de Quadra;;;0;1;0;0;0;0;0;0;0;1;0;0;-3,777906000000000;-38,582564000000000
274081;29;6;2015;05:18;0;AV DIOGUINHO;;;577;BARATAO;Queda;Amanhecer;;;Meio de Quadra;;;0;1;0;0;0;0;0;0;0;1;0;0;-3,722674000000000;-38,463604000000000
274115;29;6;2015;15:53;0;RUA CHICO LEMOS;;;0;;Colis?úo;Luz do Dia;;;Meio de Quadra;;;0;1;1;1;0;0;0;0;0;1;0;0;-3,790979000000000;-38,499281000000000
274100;29;6;2015;06:40;0;AV BEZERRA DE MENEZES;;;0;;Colis?úo;Luz do Dia;;;Meio de Quadra;;;0;1;1;1;0;0;0;0;0;1;0;0;;
274109;29;6;2015;11:33;0;AV DR SILAS MUNGUBA;;;0;;Colis?úo;Luz do Dia;;;Meio de Quadra;;;0;1;1;1;0;0;0;0;0;1;0;0;-3,795686000000000;-38,532397000000000
274110;29;6;2015;13:57;0;RUA COM GARCIA;;;0;;Colis?úo;Luz do Dia;;;Meio de Quadra;;;0;1;1;1;0;0;0;0;0;1;0;0;-3,794173000000000;-38,584122000000000
274111;29;6;2015;14:33;0;AV ROGACIANO LEITE;;;0;;Colis?úo;Luz do Dia;;;Meio de Quadra;;;0;1;1;1;0;0;0;0;0;1;0;0;-3,780880000000000;-38,501747000000000