COD_ACIDENTE;DIA;MES;ANO;HORA;INTERSECAO;LOG1;LOG2;LOG3;NUMERO;REFERENCIA;NATUREZA;ILUMINACAO;TEMPO;SUPERFICIEPISTA;TIPOCRUZAMENTO;CONTROLETRAFEGO;USOSOLO;MORTOS;FERIDOS;ILESOS;AUTOMOVEL;ONIBUS;BICICLETA;CAMINHAO;MICROONIBUS;CICLOMOTOR;MOTOCICLETA;TRACAOANIMAL;TREM;LATITUDE;LONGITUDE
274102;29;6;2015;06:53;15184;AV ABOLICAO;RUA TIBURCIO CAVALCANTE;;0;;Colis?úo;Luz do Dia;;;Cruz;Sem?íforo;Comercial;0;1;1;1;0;0;0;0;0;1;0;0;-3,726066000000000;-38,499409000000000
274103;29;6;2015;07:06;0;RUA RAUL CABRAL;;;0;;Colis?úo;Luz do Dia;;;Meio de Quadra;;;0;1;0;0;0;0;0;0;0;0;0;0;-3,768463000000000;-38,545386000000000
274104;29;6;2015;07:12;0;AV DEP PAULINO ROCHA;;;0;;Colis?úo;Luz do Dia;;;Meio de Quadra;;;0;1;1;1;0;0;0;0;0;1;0;0;;
274097;29;6;2015;06:04;0;AV HERACLITO GRACA;;;0;;Colis?úo;Luz do Dia;;;Meio de Quadra;;;0;1;1;1;0;0;0;0;0;1;0;0;;
274098;29;6;2015;06:31;0;RUA CRISTAIS PAULISTA;;;0;;Colis?úo;Luz do Dia;;;Meio de Quadra;;;0;1;0;0;0;0;0;0;0;1;0;0;;
274094;29;6;2015;05:38;0;RUA VILA LOBOS;;;0;;Atropelamento;Amanhecer;;;Meio de Quadra;;;0;1;1;1;0;0;0;0;0;0;0;0;;
274129;29;6;2015;19:09;0;AV SEN CARLOS JEREISSATI (AEROPORTO);;;0;;Atropelamento;;;;Meio de Quadra;;;0;1;0;0;0;0;0;0;0;0;0;0;;
274126;29;6;2015;18:46;0;RUA DES LEITE ALBUQUERQUE;;;0;;Colis?úo;;;;Meio de Quadra;;;0;1;1;1;0;0;0;0;0;1;0;0;-3,739534000000000;-38,491560000000000
274121;29;6;2015;17:29;0;RUA CON DE CASTRO;;;0;;Colis?úo;Anoitecer;;;Meio de Quadra;;;0;1;1;1;0;0;0;0;0;1;0;0;-3,789450000000000;-38,577530000000000
274123;29;6;2015;18:34;0;RUA PAU BRASIL;;;0;;Colis?úo;;;;Meio de Quadra;;;0;1;0;0;0;0;0;0;0;0;0;0;;
274132;29;6;2015;19:43;0;AV J CJ CEARA;;;0;ESTA?ç?âO DE TREM;Atropelamento;;;;Meio de Quadra;;;0;1;0;0;0;0;0;0;0;0;0;1;;
274151;30;6;2015;03:11;0;AV CASTELO DE CASTRO;;;0;;Colis?úo;;;;Meio de Quadra;;;0;1;0;1;0;0;0;0;0;0;0;0;-3,832592000000000;-38,521543000000000
274152;30;6;2015;04:05;0;AV 13 DE MAIO;;;0;;Queda;;;;Meio de Quadra;;;0;1;0;0;0;0;0;0;0;1;0;0;-3,751684000000000;-38,526569000000000
274153;30;6;2015;07:29;12666;RUA ROSINHA SAMPAIO;AV CEL CARVALHO;;0;;Colis?úo;Luz do Dia;;;Cruz;Pare;Comercial;0;1;0;0;0;0;0;0;0;1;0;0;-3,726938000000000;-38,585413000000000
274155;30;6;2015;09:05;0;AV JOSE BASTOS;;;0;;Colis?úo;Luz do Dia;;;Meio de Quadra;;;0;1;1;1;0;0;0;0;0;1;0;0;;
274163;30;6;2015;09:29;0;RUA JULIO ABREU;;;0;;Colis?úo;Luz do Dia;;;;;;0;1;0;0;0;0;0;0;0;0;0;0;;
274164;30;6;2015;09:29;0;RUA JULIO ABREU;;;0;;Colis?úo;Luz do Dia;;;Meio de Quadra;;;0;0;1;0;0;0;0;0;0;0;0;0;;
274167;30;6;2015;14:17;0;AV JOSE BASTOS;;;0;;Colis?úo;Luz do Dia;;;Meio de Quadra;;;0;1;1;1;0;0;0;0;0;1;0;0;-3,754377000000000;-38,554835000000000
274172;30;6;2015;15:14;0;RUA NOGUEIRA ACIOLI;;;0;;Colis?úo;Luz do Dia;;;Meio de Quadra;;;0;1;1;1;0;0;0;0;0;1;0;0;;
274187;30;6;2015;17:04;0;RUA SEBASTIAO DE ABREU;;;0;;Colis?úo;Anoitecer;;;Meio de Quadra;;;0;1;1;1;0;0;0;0;0;1;0;0;;
274190;30;6;2015;17:13;0;RUA NEREU RAMOS;;;0;;Colis?úo;Anoitecer;;;Meio de Quadra;;;0;1;0;1;0;0;1;0;0;0;0;0;;
274194;30;6;2015;22:48;0;AV BEZERRA DE MENEZES;;;0;;Colis?úo;;;;Meio de Quadra;;;0;1;1;0;0;0;0;0;0;1;0;0;;
269476;30;6;2015;09:51;0;AV FRANCISCO SA;;;0;;Colis?úo;Luz do Dia;;;Meio de Quadra;;;0;0;2;0;0;0;0;0;0;0;0;0;;
269477;30;6;2015;11:09;12645;RUA MARIA CLARA;RUA ERETIDES ALENCAR;;0;;Colis?úo;Luz do Dia;;;Cruz;N?úo H?í Controle;Residencial;0;1;1;1;0;0;0;0;0;1;0;0;-3,725660000000000;-38,582832000000000
269481;30;6;2015;11:41;12834;RUA ANTONIO POMPEU;RUA BAR RIO BRANCO;;0;;Colis?úo;Luz do Dia;;;Cruz;Sem?íforo;Comercial;0;0;2;0;0;0;0;0;0;0;0;0;-3,734707000000000;-38,530891000000000
269483;30;6;2015;16:18;25062;RUA PDE AMBROSIO MACHADO;AV DOS EXPEDICIONARIOS;;0;;Colis?úo;Luz do Dia;;;Cruz;Pare;Misto;0;0;2;0;0;0;0;0;0;0;0;0;-3,760838000000000;-38,539946000000000
269484;30;6;2015;20:58;12903;RUA BAR ARATANHA;RUA CARLOS GOMES;;0;;Atropelamento;;;;Cruz;N?úo H?í Controle;Residencial;0;1;1;1;0;0;0;0;0;0;0;0;-3,740756000000000;-38,529020000000000
269486;30;6;2015;21:44;0;RUA VALPARAISO;;;0;;Colis?úo;;;;Meio de Quadra;;;0;1;1;0;0;0;0;0;0;1;0;0;-3,844035000000000;-38,526004000000000
262872;30;6;2015;14:37;0;AV FRE CIRILO;;;0;;Colis?úo;Luz do Dia;;;Meio de Quadra;;;0;0;2;1;0;0;1;0;0;0;0;0;;
262870;30;6;2015;10:42;605;AV FRANCISCO SA;RUA TEODORO CABRAL;;0;;Colis?úo;Luz do Dia;;;Cruz;Pare;Residencial;0;0;2;1;0;0;0;0;0;0;0;0;-3,714432000000000;-38,566115000000000
259028;30;6;2015;13:02;0;RD BR 116;;;3000;KM-03;Colis?úo Transversal;Luz do Dia;Bom;Seca;Meio de Quadra;N?úo H?í Controle;Comercial;0;1;1;0;0;0;1;0;0;1;0;0;-3,779838000000000;-38,514372000000000
252722;30;6;2015;17:40;0;AV JOAO PESSOA;;;6411;;Colis?úo Lateral;Anoitecer;Bom;Seca;Meio de Quadra;Sem?íforo Intermitente;Comercial;0;0;2;1;1;0;0;0;0;0;0;0;-3,766267000000000;-38,559406000000000
252744;30;6;2015;18:30;9055;AV VIS RIO BRANCO;RUA ARTHUR TEMOTEO;;0;;Colis?úo Lateral;Via Iluminada;Bom;Seca;Cruz;Pare;Misto;0;1;1;1;0;0;0;0;0;1;0;0;-3,745349000000000;-38,522164000000000
252745;30;6;2015;07:50;5458;RUA BARBARA DE ALENCAR;RUA RODRIGUES JUNIOR;;0;;Colis?úo Lateral;Luz do Dia;Nublado;Seca;Cruz;Pare;Comercial;0;0;2;1;1;0;0;0;0;0;0;0;-3,735343000000000;-38,522156000000000
252746;30;6;2015;19:00;0;AV FRANCISCO SA;;;2366;;Colis?úo Transversal;Via Iluminada;Bom;Seca;Meio de Quadra;N?úo H?í Controle;Comercial;0;0;3;1;1;0;1;0;0;0;0;0;-3,720963000000000;-38,546524000000000
252747;30;6;2015;21:50;6743;AV SANTOS DUMONT;RUA ALMEIDA PRADO;;0;;Colis?úo Lateral;Via Iluminada;Bom;Seca;Cruz;Sem?íforo;Comercial;0;0;2;1;0;0;0;0;0;0;0;0;-3,743712000000000;-38,475153000000000
252734;30;6;2015;15:30;5627;AV ROGACIANO LEITE;AV JOSE LEON;;0;;Colis?úo Lateral;Via Iluminada;;Seca;Cruz;Sem?íforo;Comercial;0;1;1;1;0;0;0;0;0;1;0;0;-3,787355000000000;-38,503527000000000
252735;30;6;2015;23:40;0;AV PRS COSTA E SILVA;;;2670;;Colis?úo Traseira;Via Iluminada;Bom;Seca;Meio de Quadra;N?úo H?í Controle;Comercial;0;1;1;1;0;0;0;0;0;0;0;0;;
252736;30;6;2015;09:00;22099;AV JOSE BASTOS;RUA JOSE FACANHA;;0;;Colis?úo Traseira;Luz do Dia;Chuva;Molhada;T;Sem?íforo;Comercial;0;1;2;0;0;0;0;0;0;1;0;0;-3,754359000000000;-38,554822000000000
252737;30;6;2015;14:20;8936;AV DOMINGOS OLIMPIO;RUA PRC ISABEL;;0;;Colis?úo Traseira;Luz do Dia;Bom;Seca;Cruz;Sem?íforo;Residencial;0;0;2;1;0;0;0;0;0;0;0;0;-3,734438000000000;-38,537790000000000
252739;30;6;2015;13:30;0;AV AGUANAMBI;;;68;;Colis?úo Traseira;Luz do Dia;Bom;Seca;Meio de Quadra;Sem?íforo;Comercial;0;1;1;1;0;0;0;0;0;0;0;0;-3,737691000000000;-38,524250000000000
252740;30;6;2015;14:30;22176;AV JOSE BASTOS;AV ENG HUMBERTO MONTE;;0;;Colis?úo Transversal;Luz do Dia;Bom;Seca;T;Sem?íforo;Comercial;0;1;1;0;0;0;0;0;0;1;0;0;-3,754966000000000;-38,555455000000000
252749;30;6;2015;19:00;13602;AV ROGACIANO LEITE;RUA DR THOMPSON BULCAO;;0;;Colis?úo Traseira;Via Iluminada;Bom;Seca;Cruz;Sem?íforo;Comercial;0;0;2;1;0;0;0;0;0;0;0;0;-3,767788000000000;-38,496968000000000
252751;30;6;2015;13:40;0;RUA RIO GRANDE DO NORTE;;;420;;Colis?úo Lateral;Luz do Dia;Bom;Seca;Meio de Quadra;;Residencial;0;0;2;0;0;0;0;0;0;1;0;0;;
252752;30;6;2015;21:00;6817;RUA BENTO ALBUQUERQUE;RUA FRANCISCO MATOS;;0;;Colis?úo Transversal;Via Iluminada;Bom;Seca;Cruz;Pare;Residencial;0;1;1;1;0;0;0;0;0;0;0;0;-3,747862000000000;-38,470436000000000
252754;30;6;2015;09:20;5317;RUA GAL CLARINDO DE QUEIROZ;RUA PDE MORORO;;0;;Colis?úo Lateral;Luz do Dia;Nublado;Molhada;T;Outros;Comercial;0;1;1;1;0;0;0;0;0;1;0;0;-3,729924000000000;-38,538837000000000
252755;30;6;2015;07:00;5333;RUA GAL CLARINDO DE QUEIROZ;RUA PRC ISABEL;;0;;Colis?úo Transversal;Luz do Dia;Nublado;Seca;Cruz;Pare;Comercial;0;1;1;1;0;0;0;0;0;0;0;0;-3,730592000000000;-38,536711000000000
252756;30;6;2015;07:30;13505;AV RUI BARBOSA;RUA CEL ALVES TEIXEIRA;;0;;Colis?úo Transversal;Luz do Dia;Chuva;Molhada;Cruz;Gesto;Comercial;0;1;2;1;0;1;0;0;0;0;0;0;-3,746112000000000;-38,512684000000000
252757;30;6;2015;10:05;1538;AV PDE ANTONIO TOMAS;RUA LEONARDO MOTA;;0;;Colis?úo Lateral;Luz do Dia;Bom;Seca;Cruz;Sem?íforo;Misto;0;0;2;1;0;0;1;0;0;0;0;0;-3,740811000000000;-38,497662000000000
252758;30;6;2015;08:30;0;AV ZEZE DIOGO;;;3740;;Colis?úo Lateral;Luz do Dia;Chuva;Molhada;Meio de Quadra;Outros;Comercial;0;0;2;1;0;0;1;0;0;0;0;0;;
252760;30;6;2015;07:30;6813;RUA VILEBALDO AGUIAR;RUA JOSE BORBA VASCONCELOS;;0;;Colis?úo Lateral;Luz do Dia;Chuva;Molhada;Cruz;Pare;Misto;0;0;2;1;0;0;0;0;0;0;0;0;-3,745728000000000;-38,471771000000000
252761;30;6;2015;09:20;0;AV MIGUEL DIAS;;;220;;Colis?úo Traseira;Luz do Dia;Nublado;Seca;Meio de Quadra;Outros;Comercial;0;0;2;1;0;0;0;0;0;0;0;0;-3,759344000000000;-38,488175000000000
252762;30;6;2015;10:40;0;AV JOVITA FEITOSA;;;1196;;Colis?úo Traseira;Luz do Dia;Bom;Seca;Meio de Quadra;N?úo H?í Controle;Comercial;0;0;2;1;0;0;0;0;0;0;0;0;-3,739522000000000;-38,554779000000000
252764;30;6;2015;17:00;5234;RUA PEREIRA FILGUEIRAS;RUA NOGUEIRA ACIOLI;;0;;Colis?úo Transversal;Via Iluminada;Bom;Seca;Cruz;Pare;Residencial;0;0;2;0;0;0;0;0;0;0;0;0;-3,727333000000000;-38,516029000000000
252765;30;6;2015;10:10;0;AV ANTONIO SALES;AV ALM HENRIQUE SABOIA;;0;;Colis?úo Traseira;Luz do Dia;Chuva;Molhada;Meio de Quadra;;Outros;0;0;2;1;0;0;0;0;0;0;0;0;;
252766;30;6;2015;09:30;24293;RUA JULIO ABREU;RUA DELMIRO GOUVEIA;;0;;Colis?úo Lateral;Luz do Dia;Nublado;Seca;Cruz;Pare;Comercial;0;1;3;1;1;0;0;0;0;0;0;0;-3,735900000000000;-38,488072000000000
252767;30;6;2015;13:10;25163;RUA SAO FRANCISCO D34;RUA MARIA JULIA ROCHA;;0;;Colis?úo Transversal;Luz do Dia;Bom;Seca;Cruz;Pare;Residencial;0;0;2;1;0;0;0;0;0;0;0;0;-3,800920000000000;-38,602742000000000
252768;30;6;2015;09:15;0;AV SGT HERMINIO SAMPAIO;;;725;;Engavetamento;Luz do Dia;Bom;Seca;Meio de Quadra;N?úo H?í Controle;Comercial;0;0;3;1;0;0;0;0;0;0;0;0;-3,724577000000000;-38,547354000000000
252769;30;6;2015;09:00;0;AV JOAO PESSOA;;;5358;;Engavetamento;Luz do Dia;Chuva;Molhada;Meio de Quadra;N?úo H?í Controle;Residencial;0;0;3;1;0;0;0;0;0;0;0;0;-3,758233000000000;-38,554648000000000
252771;30;6;2015;21:00;0;AV AGUANAMBI;;;0;ROTAT?ôRIA;Colis?úo Lateral;Via Iluminada;Bom;Seca;Meio de Quadra;Pare;Comercial;0;0;2;1;0;0;0;0;0;0;0;0;-3,755538000000000;-38,523043000000000
252772;30;6;2015;15:30;5419;RUA NOGUEIRA ACIOLI;RUA FIUZA DE PONTES;;0;;Colis?úo Lateral;Luz do Dia;Bom;Seca;Cruz;Pare;Residencial;0;1;1;1;0;0;0;0;0;1;0;0;-3,733368000000000;-38,517884000000000
252773;30;6;2015;19:00;0;RUA NEREU RAMOS;;;540;;Colis?úo Transversal;Via Iluminada;Bom;Seca;Meio de Quadra;N?úo H?í Controle;Residencial;0;1;2;1;0;0;1;0;0;0;0;0;-3,785577000000000;-38,571378000000000
252732;30;6;2015;09:30;0;AV JOVITA FEITOSA;RUA CARVALHO MOTA;;0;;Colis?úo Traseira;Luz do Dia;Chuva;Molhada;Meio de Quadra;N?úo H?í Controle;Comercial;0;0;3;1;0;0;0;0;0;0;0;0;;
252728;30;6;2015;15:00;0;AV ALBERTO CRAVEIRO;;;466;;Colis?úo Lateral;Luz do Dia;Bom;Seca;Meio de Quadra;N?úo H?í Controle;Comercial;0;0;2;1;0;0;1;0;0;0;0;0;-3,782812000000000;-38,516560000000000
252729;30;6;2015;14:30;17501;RUA MANUEL JESUINO;AV ABOLICAO;;0;;Colis?úo Traseira;Luz do Dia;Bom;Seca;Cruz;Sem?íforo Intermitente;Comercial;0;0;2;1;0;0;0;0;0;1;0;0;-3,725398000000000;-38,484515000000000
252726;30;6;2015;;0;AV ALBERTO CRAVEIRO;;;466;;Engavetamento;Luz do Dia;Bom;Seca;Meio de Quadra;N?úo H?í Controle;Comercial;0;0;3;1;0;0;0;0;0;0;0;0;-3,782812000000000;-38,516560000000000
259061;1;7;2015;07:00;0;RD BR 116;;;5000;KM-05;Colis?úo Traseira;Luz do Dia;Bom;Seca;Meio de Quadra;N?úo H?í Controle;Comercial;0;1;1;1;0;0;0;0;0;1;0;0;-3,796502000000000;-38,506787000000000
262917;1;7;2015;13:58;0;RUA BERNARDO MANUEL;;;0;;Colis?úo;Luz do Dia;;;Meio de Quadra;;;0;0;2;1;0;0;0;0;0;0;0;0;;
262914;1;7;2015;08:07;238;RUA GAL BERNARDO FIGUEIREDO;RUA GONCALVES DIAS;;0;;Colis?úo;Luz do Dia;;;Cruz;Pare;Comercial;0;0;2;1;0;0;0;0;0;0;0;0;-3,739793000000000;-38,552444000000000
262915;1;7;2015;13:07;0;AV DOM MANUEL;;;0;;Colis?úo;Luz do Dia;;;Meio de Quadra;;;0;0;2;1;0;0;0;0;0;0;0;0;;
262987;1;7;2015;02:57;0;AV WASHINGTON SOARES;;;0;;Atropelamento;;;;Meio de Quadra;;;0;1;1;1;0;0;0;0;0;0;0;0;;
263031;1;7;2015;19:28;0;AV GAL OSORIO DE PAIVA;;;0;;Atropelamento;;;;Meio de Quadra;;;0;1;1;0;1;0;0;0;0;0;0;0;;
263027;1;7;2015;17:07;0;AV BORGES DE MELO;;;0;;Atropelamento;Anoitecer;;;Meio de Quadra;;;0;1;0;0;0;0;0;0;0;0;0;0;;
263025;1;7;2015;16:42;0;AV JOSE LEON;;;0;;Colis?úo;Luz do Dia;;;Meio de Quadra;;;0;1;1;1;0;0;0;0;0;1;0;0;;
263034;1;7;2015;19:36;0;AV SGT HERMINIO SAMPAIO;;;0;;Atropelamento;;;;Meio de Quadra;;;0;1;1;0;0;0;0;0;0;1;0;0;;
263036;1;7;2015;19:45;0;AV SEN CARLOS JEREISSATI (AEROPORTO);;;0;;Colis?úo;;;;Meio de Quadra;;;0;1;1;1;0;0;0;0;0;1;0;0;;
263038;1;7;2015;22:09;4099;RUA OLIMPIO DE PAIVA;RUA LUCAS PINTO;;0;;Colis?úo;;;;Cruz;N?úo H?í Controle;Residencial;0;1;1;1;0;0;0;0;0;1;0;0;-3,717822000000000;-38,559618000000000
263009;1;7;2015;15:54;0;RUA ANARIO BRAGA;;;0;;Colis?úo;Luz do Dia;;;Meio de Quadra;;;0;1;1;1;0;0;0;0;0;1;0;0;;
263022;1;7;2015;16:38;0;AV DA INDEPENDENCIA;;;0;;Colis?úo;Luz do Dia;;;Meio de Quadra;;;0;1;1;1;0;0;0;0;0;1;0;0;;
263006;1;7;2015;14:26;19252;RUA LIVINO DE CARVALHO;AV JOAO PESSOA;;0;;Colis?úo;Luz do Dia;;;T;;;0;1;0;0;1;0;0;0;0;1;0;0;-3,770275000000000;-38,561062000000000
263007;1;7;2015;15:39;0;AV SEN CARLOS JEREISSATI (AEROPORTO);;;0;;Colis?úo;Luz do Dia;;;Meio de Quadra;;;0;1;0;1;0;0;0;0;0;0;0;0;;
263000;1;7;2015;09:53;0;AV ENG HUMBERTO MONTE;;;0;;Queda;Luz do Dia;;;Meio de Quadra;;;0;1;0;0;0;0;0;0;0;1;0;0;;
263001;1;7;2015;12:14;0;AV PERIMETRAL;;;0;;Queda;Luz do Dia;;;Meio de Quadra;;;0;1;0;0;0;0;0;0;0;1;0;0;;
264042;1;7;2015;22:00;19667;AV BEZERRA DE MENEZES;RUA ERETIDES MARTINS;;0;;Colis?úo;;;;;;;0;2;0;1;0;0;0;0;0;1;0;0;-3,734232000000000;-38,557568000000000
259443;1;7;2015;14:15;0;AV SEN CARLOS JEREISSATI (AEROPORTO);;;0;KM 03;Colis?úo;Luz do Dia;Bom;Seca;Meio de Quadra;;Comercial;0;0;2;1;0;0;1;0;0;0;0;0;-3,780382000000000;-38,541414000000000
259444;1;7;2015;15:00;0;AV SEN CARLOS JEREISSATI (AEROPORTO);;;0;KM 02;Colis?úo;Luz do Dia;Nublado;Seca;Meio de Quadra;;Comercial;0;0;2;1;0;0;0;0;0;0;0;0;-3,783932000000000;-38,529156000000000
268337;1;7;2015;22:51;6087;RUA 218 CJ CEARA;RUA 202 CJ CEARA;;0;;Colis?úo;;;;T;Outros;Residencial;0;0;2;0;0;0;0;0;0;0;0;0;-3,767243000000000;-38,608467000000000
268335;1;7;2015;22:47;0;RUA RAIMUNDO MATIAS;;;815;;Colis?úo;;;;Meio de Quadra;;;0;0;2;0;0;0;0;0;0;0;0;0;;
268332;1;7;2015;18:39;0;RUA DNA BELA;;;58;;Colis?úo;;;;Meio de Quadra;;;0;0;2;0;0;0;0;0;0;0;0;0;;
268326;1;7;2015;18:34;1900;RUA MARIA QUINTINO;RUA AUGUSTA BENEVIDES;;0;;Colis?úo;;;;Cruz;N?úo H?í Controle;Comercial;0;0;2;0;0;0;0;0;0;0;0;0;-3,849445000000000;-38,499690000000000
268322;1;7;2015;16:56;0;AV OLIVEIRA PAIVA;;;1267;;Colis?úo;Luz do Dia;;;Meio de Quadra;;;0;0;2;0;0;0;0;0;0;0;0;0;-3,795403000000000;-38,495100000000000
268319;1;7;2015;12:02;0;RUA EUCLIDES O DE SOUSA;;;1152;;Atropelamento;Luz do Dia;;;Meio de Quadra;;;0;0;2;0;0;0;0;0;0;0;0;0;-3,797362000000000;-38,469655000000000
254436;1;7;2015;02:49;15169;AV BEIRA MAR;RUA JOAQUIM NABUCO;;0;;Colis?úo;;;;T;Pare;Outros;0;0;2;1;0;0;1;0;0;0;0;0;-3,725387000000000;-38,498120000000000
254438;1;7;2015;20:30;0;AV FRE CIRILO;;;0;;Colis?úo Traseira;Via Iluminada;Bom;Seca;Meio de Quadra;Sem?íforo;Comercial;0;0;2;1;0;0;0;0;0;0;0;0;;
254442;1;7;2015;13:00;0;RUA GONCALVES DIAS;;;0;;Colis?úo Transversal;Luz do Dia;Bom;Seca;Meio de Quadra;Pare;Residencial;0;1;1;1;0;0;0;0;0;1;0;0;;
254443;1;7;2015;17:40;12533;AV CEL CARVALHO;RUA MARIA CLARA;;0;;Colis?úo Transversal;Luz do Dia;Bom;Seca;Cruz;Pare;Comercial;0;0;2;1;0;0;0;1;0;0;0;0;-3,725382000000000;-38,585818000000000
254446;1;7;2015;15:40;0;AV PRS COSTA E SILVA;;;4587;CHESF;Colis?úo Lateral;Luz do Dia;Bom;Seca;Meio de Quadra;Sem?íforo;Comercial;0;0;2;1;0;0;0;0;0;0;0;0;-3,825712000000000;-38,539331000000000
254447;1;7;2015;19:30;15135;AV HIS RAIMUNDO GIRAO;RUA FRANCISCO DIAS RIBEIRO;;0;;Colis?úo Transversal;Via Iluminada;Bom;Seca;Cruz;Pare;Comercial;0;0;2;1;1;0;0;0;0;0;0;0;-3,724024000000000;-38,504397000000000
254448;1;7;2015;06:30;0;RUA DA MANGUEIRA;;;0;;Choque c/ Obst?ículo Fixo;Luz do Dia;Chuva;Molhada;Meio de Quadra;N?úo H?í Controle;Residencial;0;0;1;1;0;0;0;0;0;0;0;0;;
254450;1;7;2015;18:20;0;RUA PAPI JUNIOR;;;1682;;Colis?úo Transversal;Via Iluminada;Bom;Seca;Meio de Quadra;N?úo H?í Controle;Residencial;0;1;1;1;0;1;0;0;0;0;0;0;-3,750715000000000;-38,556065000000000
254451;1;7;2015;12:00;0;RUA MANUEL DE QUEIROZ;;;460;;Colis?úo Lateral;Luz do Dia;Bom;Seca;Meio de Quadra;N?úo H?í Controle;Misto;0;1;1;1;0;0;0;0;0;1;0;0;;
254452;1;7;2015;16:15;6817;RUA FRANCISCO MATOS;RUA BENTO ALBUQUERQUE;;0;;Colis?úo Transversal;Luz do Dia;Bom;Seca;Cruz;Pare;Residencial;0;0;2;0;0;0;0;0;0;1;0;0;-3,747862000000000;-38,470436000000000
254453;1;7;2015;13:00;19753;RUA AZEVEDO BOLAO;RUA ERICO MOTA;;0;;Colis?úo Transversal;Luz do Dia;Bom;Seca;Cruz;Pare;Misto;0;0;3;1;0;0;0;0;0;0;0;0;-3,737645000000000;-38,562522000000000
254454;1;7;2015;09:30;15501;AV FRE CIRILO;RUA FREDERICO SEVERO;;0;;Colis?úo Traseira;Luz do Dia;Bom;Seca;T;Pare;Comercial;0;1;1;1;0;0;0;0;0;1;0;0;-3,819870000000000;-38,496307000000000
254455;1;7;2015;19:50;0;AV ALBERTO CRAVEIRO;;;2111;;Choque c/ Obst?ículo Fixo;Via Iluminada;Bom;Seca;Meio de Quadra;N?úo H?í Controle;Residencial;0;1;0;1;0;0;0;0;0;0;0;0;-3,798843000000000;-38,518813000000000
254456;1;7;2015;19:00;0;AV ENG HUMBERTO MONTE;;;887;;Colis?úo Transversal;Via Iluminada;Bom;Seca;Meio de Quadra;N?úo H?í Controle;Misto;0;0;2;1;0;0;0;0;0;0;0;0;-3,750961000000000;-38,559036000000000
254457;1;7;2015;16:00;17410;RUA ALM RUBIM;RUA PRO TEODORICO;;0;;Colis?úo Lateral;Luz do Dia;Bom;Seca;Cruz;Pare;Residencial;0;0;2;1;0;0;0;0;0;0;0;0;-3,767984000000000;-38,555605000000000
254460;1;7;2015;09:00;0;AV GOV PARSIFAL BARROSO;;;0;;Queda;Luz do Dia;Bom;Seca;Meio de Quadra;N?úo H?í Controle;Comercial;0;1;0;0;0;0;0;0;0;1;0;0;;
254461;1;7;2015;06:30;19820;AV JOVITA FEITOSA;RUA GAL PIRAGIBE;;0;;Colis?úo Transversal;Luz do Dia;Bom;Seca;Cruz;Sem?íforo;Residencial;0;0;2;1;0;0;0;0;0;0;0;0;-3,740049000000000;-38,557484000000000
254462;1;7;2015;14:30;20975;RUA ALAGOAS;RUA MONTEIRO LOBATO;;0;;Colis?úo Transversal;Luz do Dia;Bom;Seca;Cruz;Pare;Residencial;0;0;2;1;0;0;0;0;0;0;0;0;-3,750582000000000;-38,580095000000000
254463;1;7;2015;14:55;7645;RUA ESTADO DO RIO;RUA PERNAMBUCO;;0;;Colis?úo Transversal;Luz do Dia;Nublado;Seca;Cruz;Pare;Misto;0;1;1;1;0;0;0;0;0;1;0;0;-3,758439000000000;-38,570848000000000
254465;1;7;2015;18:25;0;AV ENG SANTANA JUNIOR;;;1927;;Colis?úo Traseira;Via Iluminada;Bom;Seca;Meio de Quadra;Sem?íforo;Comercial;0;0;2;1;0;0;0;0;0;1;0;0;-3,742507000000000;-38,486384000000000
254467;1;7;2015;17:30;7982;RUA CARLOS CAMARA;RUA MAJ WEYNE;;0;;Colis?úo Lateral;Anoitecer;Bom;Seca;Cruz;Pare;Residencial;0;1;1;1;0;0;0;0;0;1;0;0;-3,748600000000000;-38,544497000000000
254468;2;7;2015;07:00;5062;RUA DR JOAO MOREIRA;RUA GAL SAMPAIO;;0;;Colis?úo Transversal;Luz do Dia;Bom;Seca;Cruz;Sem?íforo;Comercial;0;2;0;0;0;0;0;0;0;1;0;0;-3,722030000000000;-38,529364000000000
254469;2;7;2015;15:00;8937;RUA ANTONIO POMPEU;RUA CARLOS SEVERO;;0;;Colis?úo Lateral;Luz do Dia;Bom;Seca;Cruz;Pare;Comercial;0;1;1;1;0;0;0;0;0;1;0;0;-3,731863000000000;-38,541865000000000
254473;2;7;2015;06:10;0;RUA ANTONIO DIVINO;;;104;;Colis?úo Frontal;Anoitecer;Bom;Seca;Meio de Quadra;;Residencial;0;0;2;1;0;0;0;0;0;1;0;0;-3,804026000000000;-38,560074000000000
254474;2;7;2015;08:00;1503;AV SEN VIRGILIO TAVORA;RUA EDUARDO GARCIA;;0;;Colis?úo Traseira;Luz do Dia;Bom;Seca;Cruz;Sem?íforo;Comercial;0;0;1;1;0;0;0;0;0;1;0;0;-3,739797000000000;-38,494102000000000
254475;2;7;2015;09:00;0;RUA MERUOCA;;;190;;Colis?úo Transversal;Luz do Dia;Bom;Seca;Meio de Quadra;N?úo H?í Controle;Residencial;0;0;2;1;1;0;0;0;0;0;0;0;-3,731504000000000;-38,482933000000000
254477;2;7;2015;13:00;0;RUA DES LEITE ALBUQUERQUE;;;1056;;Outros;Luz do Dia;Bom;Seca;Meio de Quadra;N?úo H?í Controle;Escola;0;0;2;0;0;0;0;0;0;1;0;0;-3,738201000000000;-38,495655000000000