COD_ACIDENTE;DIA;MES;ANO;HORA;INTERSECAO;LOG1;LOG2;LOG3;NUMERO;REFERENCIA;NATUREZA;ILUMINACAO;TEMPO;SUPERFICIEPISTA;TIPOCRUZAMENTO;CONTROLETRAFEGO;USOSOLO;MORTOS;FERIDOS;ILESOS;AUTOMOVEL;ONIBUS;BICICLETA;CAMINHAO;MICROONIBUS;CICLOMOTOR;MOTOCICLETA;TRACAOANIMAL;TREM;LATITUDE;LONGITUDE
254479;2;7;2015;14:00;5504;RUA PDE VALDEVINO;RUA JOAO CORDEIRO;;0;;Colis?úo Traseira;Luz do Dia;Bom;Seca;Cruz;Sem?íforo;Residencial;0;0;1;1;0;0;0;0;0;1;0;0;-3,738896000000000;-38,517550000000000
254481;2;7;2015;08:10;5109;AV ALBERTO NEPOMUCENO;RUA DR JOAO MOREIRA;;0;;Colis?úo Lateral;Luz do Dia;Bom;Seca;Com Via F?®rrea;Sem?íforo;Misto;0;0;3;1;1;0;0;0;0;0;0;0;-3,723737000000000;-38,524608000000000
254482;2;7;2015;15:20;25387;AV AUGUSTO DOS ANJOS;TR SANTABAIA;;0;;Colis?úo Transversal;Luz do Dia;Bom;Seca;T;Pare;Comercial;0;1;1;1;0;0;0;0;0;1;0;0;-3,776038000000000;-38,575525000000000
254483;2;7;2015;;0;AV BEZERRA DE MENEZES;;;0;;Choque c/ Obst?ículo Fixo;Via Iluminada;Nublado;Seca;Meio de Quadra;Sem?íforo;Comercial;0;0;1;1;0;0;0;0;0;0;0;0;;
254485;2;7;2015;19:00;7862;AV ANTONIO SALES;RUA PRO DIAS DA ROCHA;;0;;Colis?úo Transversal;;Bom;Seca;Cruz;Pare;Comercial;0;0;2;1;0;0;0;0;0;0;0;0;-3,747586000000000;-38,495535000000000
254486;2;7;2015;19:50;0;AV 13 DE MAIO;;;1251;;Colis?úo;Luz do Dia;Bom;Seca;Meio de Quadra;N?úo H?í Controle;Comercial;0;1;1;1;0;0;0;0;0;0;0;0;-3,748709000000000;-38,530043000000000
254488;2;7;2015;06:50;0;AV ANTONIO SALES;;;55;;Colis?úo Lateral;Luz do Dia;Bom;Seca;Meio de Quadra;Sem?íforo;;0;0;2;0;1;0;0;0;0;0;0;0;-3,738817000000000;-38,522994000000000
254489;2;7;2015;18:40;0;AV CARNEIRO DE MENDONCA;;;1600;;Colis?úo Lateral;Via Iluminada;Bom;Seca;Meio de Quadra;N?úo H?í Controle;Comercial;0;0;2;1;0;0;0;0;0;1;0;0;-3,760990000000000;-38,572666000000000
254490;2;7;2015;18:05;0;AV BENJAMIM BRASIL;;;498;;Colis?úo Traseira;Luz do Dia;Bom;Seca;Meio de Quadra;;Residencial;0;0;2;1;0;0;0;0;0;0;0;0;-3,804379000000000;-38,568417000000000
254491;2;7;2015;14:30;5084;RUA SEN ALENCAR;RUA PRC ISABEL;;0;;Colis?úo Transversal;Luz do Dia;Bom;Seca;Cruz;Pare;Comercial;0;0;2;1;0;0;0;0;0;0;0;0;-3,722828000000000;-38,534356000000000
254492;2;7;2015;12:00;25021;RUA TEODOMIRO DE CASTRO;RUA DR HUGO ROCHA;;0;;Colis?úo Lateral;Luz do Dia;Bom;Seca;Cruz;Pare;Comercial;0;0;2;0;1;0;0;0;0;0;0;0;-3,720504000000000;-38,568901000000000
254493;2;7;2015;09:30;0;RUA ALBERTO MAGNO;;;0;;Colis?úo Lateral;Luz do Dia;Bom;Seca;Meio de Quadra;;Comercial;0;0;2;1;0;0;0;0;0;0;0;0;;
254494;2;7;2015;16:40;0;AV PRS JUSCELINO KUBITSCHEK (PASSAR?ë);;;3999;;Colis?úo Traseira;Luz do Dia;Nublado;Seca;Meio de Quadra;Sem?íforo;Comercial;0;0;2;1;0;0;0;0;0;0;0;0;-3,817185000000000;-38,532271000000000
254495;2;7;2015;12:00;0;AV JOSE BASTOS;;;4000;;Colis?úo Lateral;Luz do Dia;Bom;Seca;Meio de Quadra;Gesto;Comercial;0;1;2;1;0;0;0;0;0;1;0;0;-3,752996000000000;-38,553458000000000
254496;2;7;2015;13:40;0;RUA MON CARNEIRO DA CUNHA;;;0;;Colis?úo Lateral;Luz do Dia;Bom;Seca;Meio de Quadra;Sem?íforo;Residencial;0;1;1;1;0;0;0;0;0;1;0;0;;
254498;2;7;2015;18:00;25102;AV FILOMENO GOMES;AV FRANCISCO SA;;0;;Colis?úo Lateral;Via Iluminada;Bom;Seca;Cruz;Sem?íforo;Comercial;0;0;2;1;0;0;1;0;0;0;0;0;-3,722742000000000;-38,541044000000000
254500;2;7;2015;09:20;22099;AV JOSE BASTOS;RUA JOSE FACANHA;;0;;Colis?úo Traseira;Luz do Dia;Bom;Seca;T;Sem?íforo;Comercial;0;1;1;0;0;0;0;0;0;1;0;0;-3,754359000000000;-38,554822000000000
254502;2;7;2015;14:20;0;RUA JOAQUIM NABUCO;;;2570;;Engavetamento;Luz do Dia;Bom;Seca;Meio de Quadra;N?úo H?í Controle;Misto;0;1;2;1;0;0;0;0;0;1;0;0;-3,747701000000000;-38,505278000000000
254504;2;7;2015;15:15;0;RUA BAR ARACATI;;;1060;;Colis?úo Lateral;Luz do Dia;Bom;Seca;;;;0;0;2;1;0;0;0;0;0;0;0;0;-3,730409000000000;-38,511127000000000
254505;2;7;2015;12:30;22162;AV JOSE BASTOS;RUA PORFIRIO SAMPAIO;;0;;Colis?úo Lateral;Luz do Dia;Bom;Seca;Cruz;Sem?íforo;Comercial;0;0;2;1;0;0;0;0;0;0;0;0;-3,745851000000000;-38,546271000000000
254507;2;7;2015;09:00;0;AV DR THEBERGE;;;1618;;Atropelamento;Luz do Dia;Bom;Seca;Meio de Quadra;Outros;Residencial;0;3;0;0;0;0;0;0;0;1;0;0;-3,715461000000000;-38,565219000000000
254510;2;7;2015;06:40;0;RUA WALDIR DIOGO;;;0;;Colis?úo Lateral;Luz do Dia;Bom;Seca;Outros;Pare;Residencial;0;1;1;1;0;1;0;0;0;0;0;0;;
254511;2;7;2015;16:35;9159;RUA MIN JOAQUIM BASTOS D14;RUA DEP OSWALDO STUDART;;0;;Colis?úo Traseira;Luz do Dia;Bom;Seca;Outros;Pare;Comercial;0;0;2;1;0;0;0;0;0;0;0;0;-3,753766000000000;-38,528221000000000
268352;2;7;2015;17:49;13402;AV ANTONIO SALES;RUA ILDEFONSO ALBANO;;0;;Colis?úo;Anoitecer;;;Cruz;N?úo H?í Controle;Comercial;0;0;2;0;0;0;0;0;0;0;0;0;-3,741238000000000;-38,515947000000000
268346;2;7;2015;16:07;6746;RUA DR GILBERTO STUDART;RUA ZAMENHOF;;0;;Colis?úo;Luz do Dia;;;Cruz;Pare;Residencial;0;0;2;0;0;0;0;0;0;0;0;0;-3,745007000000000;-38,476632000000000
268347;2;7;2015;16:53;0;LOGRADOURO SEM NOME;;;0;;Colis?úo;Luz do Dia;;;Meio de Quadra;;;0;0;2;0;0;0;0;0;0;0;0;0;;
268343;2;7;2015;13:46;15238;RUA TEN BENEVOLO;RUA BAR ARACATI;;0;;Colis?úo;Luz do Dia;;;Cruz;Pare;Comercial;0;0;2;0;0;0;0;0;0;0;0;0;-3,727628000000000;-38,510266000000000
268340;2;7;2015;12:58;0;RUA RUFINO DE ALENCAR;;;0;;Colis?úo;Luz do Dia;;;Meio de Quadra;;;0;0;2;0;0;0;0;0;0;0;0;0;;
268379;2;7;2015;22:57;25709;AV D CJ CEARA;RUA 432 CJ CEARA;;0;;Colis?úo;;;;T;N?úo H?í Controle;Residencial;0;0;2;0;0;0;0;0;0;0;0;0;-3,761083000000000;-38,603300000000000
268383;2;7;2015;23:39;0;AV OLIVEIRA PAIVA;;;0;;Colis?úo;;;;Meio de Quadra;;;0;0;2;0;0;0;0;0;0;0;0;0;;
268365;2;7;2015;21:34;0;RUA RAIMUNDO FROTA;;;4437;;Colis?úo;;;;Meio de Quadra;;;0;0;2;0;0;0;0;0;0;0;0;0;;
268369;2;7;2015;21:56;15137;AV MON TABOSA;RUA ILDEFONSO ALBANO;;0;;Colis?úo;;;;Cruz;Sem?íforo;Comercial;0;0;2;0;0;0;0;0;0;0;0;0;-3,724155000000000;-38,510333000000000
259446;2;7;2015;07:00;0;RD CE-040;;;0;;Colis?úo;Luz do Dia;Bom;Seca;Meio de Quadra;;Comercial;0;0;2;1;0;0;0;0;0;0;0;0;;
259447;2;7;2015;10:00;0;RD CE-040;;;0;KM-06;Colis?úo;Luz do Dia;Bom;Seca;Meio de Quadra;;Comercial;0;0;2;1;0;0;1;0;0;0;0;0;-3,811270000000000;-38,478781000000000
259449;2;7;2015;15:00;0;RD CE-040;;;0;KM-06;Colis?úo;Luz do Dia;Bom;Seca;Meio de Quadra;;Comercial;0;0;2;1;0;0;0;0;0;0;0;0;-3,811270000000000;-38,478781000000000
259450;2;7;2015;18:00;0;AV SEN CARLOS JEREISSATI (AEROPORTO);;;0;KM 01;Atropelamento;Anoitecer;Bom;Seca;Meio de Quadra;;Comercial;0;3;0;0;0;0;0;0;0;1;0;0;-3,783803000000000;-38,520356000000000
263048;2;7;2015;06:14;0;AV ANTONIO SALES;;;0;;Colis?úo;Luz do Dia;;;Meio de Quadra;;;0;1;0;0;0;0;0;0;0;0;0;0;;
263072;2;7;2015;14:38;0;RUA JOSE HIPOLITO;;;0;;Colis?úo;Luz do Dia;;;Meio de Quadra;;;0;1;1;1;0;0;0;0;0;1;0;0;;
263073;2;7;2015;14:53;17535;RUA MANUEL JESUINO;RUA ALVARO CORREIA;;0;;Colis?úo;Luz do Dia;;;Cruz;N?úo H?í Controle;Residencial;0;1;1;1;0;0;0;0;0;1;0;0;-3,728674000000000;-38,485118000000000
263068;2;7;2015;09:24;0;RUA MON SALAZAR;;;0;;Colis?úo;Luz do Dia;;;Meio de Quadra;;;0;1;1;1;0;0;0;0;0;1;0;0;;
263069;2;7;2015;13:59;0;RUA CON DE CASTRO;;;0;;Colis?úo;Luz do Dia;;;Meio de Quadra;;;0;1;0;0;0;0;0;0;0;0;0;0;;
263078;2;7;2015;17:44;0;RD BR 116;;;3000;KM-03;Atropelamento;Anoitecer;;;Meio de Quadra;;;0;1;1;0;0;0;0;0;0;1;0;0;-3,779838000000000;-38,514372000000000
263079;2;7;2015;18:20;0;RUA RAUL CABRAL;;;0;;Colis?úo;Anoitecer;;;Meio de Quadra;;;0;1;1;1;0;0;0;0;0;1;0;0;;
263080;2;7;2015;18:20;7646;RUA ESTADO DO RIO;RUA ALAGOAS;;0;;Colis?úo;Anoitecer;;;Cruz;Pare;Escola;0;1;0;0;0;0;0;0;0;0;0;0;-3,759172000000000;-38,571323000000000
263081;2;7;2015;18:26;0;AV WASHINGTON SOARES;;;0;;Atropelamento;Anoitecer;;;Meio de Quadra;;;0;1;1;0;0;0;0;0;0;1;0;0;;
263075;2;7;2015;15:02;0;AV AUGUSTO DOS ANJOS;;;0;;Colis?úo;Luz do Dia;;;Meio de Quadra;;;0;1;1;1;0;0;0;0;0;1;0;0;;
263076;2;7;2015;16:57;11932;AV CASTELO DE CASTRO;AV PRS COSTA E SILVA;;0;;Colis?úo;Luz do Dia;;;Cruz;Sem?íforo;Misto;0;1;0;0;0;0;0;0;0;0;0;0;-3,829012000000000;-38,521435000000000
263083;2;7;2015;18:53;0;AV DIOGUINHO;;;479;;Atropelamento;;;;Meio de Quadra;;;0;1;1;1;0;0;0;0;0;0;0;0;-3,722211000000000;-38,463833000000000
263084;2;7;2015;20:18;0;AV F CJ CEARA;;;0;;Colis?úo;;;;Meio de Quadra;;;0;1;0;0;0;0;0;0;0;0;0;0;;
263040;2;7;2015;00:56;0;AV 13 DE MAIO;;;0;;Colis?úo;;;;Meio de Quadra;;;0;1;1;1;0;0;0;0;0;1;0;0;;
263041;2;7;2015;01:19;15289;RUA ANA BILHAR;AV DES MOREIRA;;0;;Colis?úo;;;;Cruz;Sem?íforo;Residencial;0;1;1;1;0;0;0;0;0;1;0;0;-3,729331000000000;-38,496113000000000
263065;2;7;2015;08:30;0;RD BR 116;;;0;;Colis?úo;Luz do Dia;;;Meio de Quadra;;;0;1;1;1;0;1;0;0;0;0;0;0;;
263066;2;7;2015;09:04;577;AV FRANCISCO SA;AV DR THEBERGE;;0;;Colis?úo;Luz do Dia;;;Cruz;Sem?íforo;Comercial;0;1;0;1;0;0;0;0;0;1;0;0;-3,714822000000000;-38,565016000000000
262921;2;7;2015;04:32;0;RUA CONDE D??EU;;;0;;Colis?úo;;;;Meio de Quadra;;;0;0;2;0;1;0;1;0;0;0;0;0;;
262922;2;7;2015;09:50;0;AV MIN JOSE AMERICO;;;0;;Colis?úo;Luz do Dia;;;Meio de Quadra;;;0;0;2;1;0;0;0;0;0;0;0;0;;
262924;2;7;2015;09:50;0;AV CEL CARVALHO;;;0;;Colis?úo;Luz do Dia;;;Meio de Quadra;;;0;0;2;1;0;0;0;0;0;0;0;0;;
259062;2;7;2015;08:30;0;RD BR 116;;;6000;KM-06;Colis?úo;Luz do Dia;Bom;Seca;Meio de Quadra;N?úo H?í Controle;Comercial;0;1;1;0;1;1;0;0;0;0;0;0;-3,804691000000000;-38,503053000000000
259063;2;7;2015;17:35;0;RD BR 116;;;3000;KM-03;Colis?úo Frontal;Anoitecer;Bom;Seca;Meio de Quadra;N?úo H?í Controle;Comercial;0;2;0;0;0;0;0;0;0;1;0;0;-3,779838000000000;-38,514372000000000
263085;2;7;2015;21:14;0;RUA TEODOMIRO DE CASTRO;;;0;;Colis?úo;;;;Meio de Quadra;;;0;1;1;1;0;0;0;0;0;1;0;0;;
263087;2;7;2015;22:19;0;RUA VIRGILIO BRANDAO;;;0;;Colis?úo;;;;Meio de Quadra;;;0;1;0;0;0;0;0;0;0;0;0;0;;
263089;2;7;2015;23:56;0;RUA PRO GOMES BRASIL;;;0;;Queda;;;;Meio de Quadra;;;0;1;0;0;0;0;0;0;0;1;0;0;;
263090;2;7;2015;01:13;0;AV JOVITA FEITOSA;;;0;;Capotamento;;;;Meio de Quadra;;;0;1;0;1;0;0;0;0;0;0;0;0;;
268000;2;7;2015;18:30;0;RUA ENG LUIS MONTENEGRO;;;0;;Colis?úo;Anoitecer;;;Meio de Quadra;;;1;0;1;1;0;0;0;0;0;0;0;0;;
263093;3;7;2015;05:31;0;RUA PDE MORORO;;;0;;Colis?úo;Amanhecer;;;Meio de Quadra;Pare;Residencial;0;1;0;1;1;0;0;0;0;0;0;0;;
263095;3;7;2015;06:24;0;RUA HOMEM DE MELO;;;0;;Colis?úo;Luz do Dia;;;Meio de Quadra;;;0;1;1;1;0;0;0;0;0;1;0;0;;
263098;3;7;2015;06:58;5174;AV TRISTAO GONCALVES;RUA GUILHERME ROCHA;;0;;Atropelamento;Luz do Dia;;;Cruz;Sem?íforo;Comercial;0;1;1;0;0;0;0;0;0;1;0;0;-3,725452000000000;-38,532707000000000
263099;3;7;2015;07:21;0;AV AGUANAMBI;;;0;ROTAT?ôRIA;Colis?úo;Luz do Dia;;;Meio de Quadra;;;0;1;1;1;0;0;0;0;0;1;0;0;-3,755538000000000;-38,523043000000000
263101;3;7;2015;08:17;0;AV PERIMETRAL;;;0;;Colis?úo;Luz do Dia;;;Meio de Quadra;;;0;1;0;0;0;0;0;0;0;1;0;0;;
263111;3;7;2015;09:23;0;RUA OSVALDO CRUZ;;;0;;Colis?úo;Luz do Dia;;;Meio de Quadra;;;0;0;2;1;0;0;0;0;0;1;0;0;;
263109;3;7;2015;08:55;0;AV 13 DE MAIO;;;0;;Atropelamento;Luz do Dia;;;Meio de Quadra;;;0;1;1;0;0;0;0;0;0;1;0;0;;
263116;3;7;2015;09:58;0;RUA ALVARO FERNANDES;;;0;;Colis?úo;Luz do Dia;;;Meio de Quadra;;;0;1;1;1;0;0;0;0;0;1;0;0;;
263118;3;7;2015;13:11;0;AV MR HULL;;;0;;Colis?úo;Luz do Dia;;;Meio de Quadra;;;0;1;1;1;0;0;0;0;0;1;0;0;;
263119;3;7;2015;16:20;0;AV WASHINGTON SOARES;;;0;;Colis?úo;Luz do Dia;;;Meio de Quadra;;;0;1;1;1;0;0;0;0;0;1;0;0;;
263120;3;7;2015;17:20;0;RUA JOSE HIPOLITO;;;0;;Colis?úo;Anoitecer;;;Meio de Quadra;;;0;1;0;0;0;0;0;0;0;0;0;0;;
263126;3;7;2015;20:14;0;RUA PDE PEDRO DE ALENCAR;;;0;;Colis?úo;;;;Meio de Quadra;;;0;1;1;1;0;0;0;0;0;1;0;0;;
263146;3;7;2015;02:47;0;AV CASTELO DE CASTRO;;;0;;Colis?úo;;;;Meio de Quadra;;;0;1;1;0;0;0;0;0;0;1;0;0;;
263122;3;7;2015;18:16;0;AV GAL MURILO BORGES;;;0;;Colis?úo;Anoitecer;;;Meio de Quadra;;;0;1;1;1;0;0;0;0;0;1;0;0;;
263124;3;7;2015;19:50;0;AV GAL OSORIO DE PAIVA;;;0;;Queda;;;;Meio de Quadra;;;0;1;0;0;0;0;0;0;0;1;0;0;;
263141;3;7;2015;20:47;0;RUA PRO GOMES BRASIL;;;0;;Colis?úo;;;;Meio de Quadra;;;0;1;1;1;0;0;0;0;0;1;0;0;;
259049;3;7;2015;13:50;0;RD BR 222;;;0;KM-01;Colis?úo Traseira;Luz do Dia;Bom;Seca;Meio de Quadra;N?úo H?í Controle;Comercial;1;0;1;1;0;0;0;0;0;1;0;0;-3,737774000000000;-38,577952000000000
262927;3;7;2015;01:01;0;AV BEZERRA DE MENEZES;;;0;;Colis?úo;;;;Meio de Quadra;;;0;0;2;1;0;0;0;0;0;0;0;0;;
262928;3;7;2015;02:28;15194;RUA DEP MOREIRA DA ROCHA;RUA ILDEFONSO ALBANO;;0;;Colis?úo;;;;Cruz;Pare;Residencial;0;0;2;1;0;0;0;0;0;0;0;0;-3,726480000000000;-38,511072000000000
262937;3;7;2015;14:57;0;AV GAL OSORIO DE PAIVA;;;0;;Colis?úo;Luz do Dia;;;Meio de Quadra;;;0;0;2;1;0;0;0;0;0;0;0;0;;
264123;3;7;2015;23:07;0;AV CARAPINIMA;;;0;;Atropelamento;;;;Meio de Quadra;;;1;0;1;0;0;0;0;0;0;0;0;0;;
259451;3;7;2015;12:30;0;RD CE-040;;;0;KM-08;Colis?úo;Luz do Dia;Bom;Seca;Meio de Quadra;;Comercial;0;1;1;1;0;0;0;0;0;1;0;0;-3,823332000000000;-38,481317000000000
259455;3;7;2015;17:00;0;AV SEN CARLOS JEREISSATI (AEROPORTO);;;0;KM 01;Colis?úo;Anoitecer;Bom;Seca;Meio de Quadra;N?úo H?í Controle;Comercial;0;0;2;1;0;0;0;0;0;0;0;0;-3,783803000000000;-38,520356000000000
259453;3;7;2015;16:00;0;RD CE-040;;;0;KM-08;Colis?úo;Luz do Dia;Bom;Seca;Meio de Quadra;;Comercial;0;1;1;1;0;0;0;0;0;1;0;0;-3,823332000000000;-38,481317000000000
259459;3;7;2015;19:00;0;RD CE-040;;;0;KM-06;Colis?úo;Via Iluminada;Bom;Seca;Meio de Quadra;;Comercial;0;0;2;1;0;0;0;0;0;0;0;0;-3,811270000000000;-38,478781000000000
268387;3;7;2015;14:38;0;RUA VALPARAISO;;;45;;Colis?úo;Luz do Dia;;;Meio de Quadra;;;0;0;2;0;0;0;0;0;0;0;0;0;;
268398;3;7;2015;16:15;13389;AV ANTONIO SALES;RUA JOAO CORDEIRO;;0;;Atropelamento;Luz do Dia;;;Cruz;Sem?íforo Intermitente;Comercial;0;0;2;0;0;0;0;0;0;0;0;0;-3,740588000000000;-38,518068000000000
268402;3;7;2015;17:20;0;AV MON TABOSA;;;578;;Colis?úo;Anoitecer;;;Meio de Quadra;;;0;0;2;0;0;0;0;0;0;0;0;0;-3,723902000000000;-38,514174000000000
268407;3;7;2015;21:07;0;AV CENTRAL CJ CEARA;;;0;;Colis?úo;;;;Meio de Quadra;;;0;0;2;0;0;0;0;0;0;0;0;0;;
268411;3;7;2015;22:01;0;AV GODOFREDO MACIEL;;;277;;Colis?úo;;;;Meio de Quadra;;;0;0;2;0;0;0;0;0;0;0;0;0;-3,779464000000000;-38,564696000000000
268414;3;7;2015;22:31;23784;RUA RAIMUNDO NERY;RUA MON AGOSTINHO;;0;;Atropelamento;;;;Cruz;Pare;Comercial;0;0;2;0;0;0;0;0;0;0;0;0;-3,792435000000000;-38,587155000000000
268435;3;7;2015;23:09;0;RUA F CJ ITAPERI;;;158;;Colis?úo;;;;Meio de Quadra;;;0;0;2;0;0;0;0;0;0;0;0;0;-3,796863000000000;-38,547223000000000
268438;3;7;2015;23:14;7751;RUA ESTADO DO RIO;RUA CEARA;;0;;Colis?úo;;;;Cruz;Pare;Misto;0;0;2;0;0;0;0;0;0;0;0;0;-3,756475000000000;-38,569606000000000
268442;3;7;2015;23:46;0;RUA CLAUDIO MANUEL;;;0;;Atropelamento;;;;Meio de Quadra;;;0;0;2;0;0;0;0;0;0;0;0;0;;
254514;3;7;2015;19:55;1557;RUA BARBOSA DE FREITAS;RUA CAROLINA SUCUPIRA;;0;;Colis?úo Transversal;Via Iluminada;Bom;Seca;Cruz;Pare;Residencial;0;1;1;1;0;0;0;0;0;0;0;0;-3,741517000000000;-38,498942000000000
254517;3;7;2015;13:45;15360;AV DES MOREIRA;AV DOM LUIS;;0;;Colis?úo Lateral;Luz do Dia;Bom;Seca;Rotat??ria;N?úo H?í Controle;Comercial;0;0;2;1;1;0;0;0;0;0;0;0;-3,733239000000000;-38,497383000000000
254520;3;7;2015;01:30;0;AV ENG HUMBERTO MONTE;;;2450;;Choque c/ Obst?ículo Fixo;Via Iluminada;Bom;Molhada;Meio de Quadra;N?úo H?í Controle;Residencial;0;1;0;1;0;0;0;0;0;0;0;0;-3,741654000000000;-38,566889000000000
254521;3;7;2015;04:50;0;AV BEZERRA DE MENEZES;;;1339;;Colis?úo Traseira;Via Iluminada;Bom;Seca;Meio de Quadra;N?úo H?í Controle;Comercial;0;1;2;1;0;0;1;0;0;0;0;0;;
254523;3;7;2015;19:30;12495;RUA ERNESTO PEDRO SANTOS;AV CARNEIRO DE MENDONCA;;0;;Atropelamento;Via Iluminada;Bom;Seca;Cruz;Pare;Residencial;1;0;1;0;0;0;0;0;0;0;0;0;-3,760006000000000;-38,574887000000000
254524;3;7;2015;08:15;17287;AV PRO GOMES DE MATOS;RUA VASCO DA GAMA;;0;;Colis?úo Transversal;Luz do Dia;Chuva;Molhada;Cruz;Pare;Comercial;0;0;2;1;0;0;0;0;0;0;0;0;-3,763166000000000;-38,547335000000000
254526;3;7;2015;11:15;0;AV AGUANAMBI;;;1017;;Colis?úo Traseira;Luz do Dia;Nublado;Molhada;Meio de Quadra;N?úo H?í Controle;Comercial;0;0;2;0;0;0;0;1;0;0;0;0;-3,745822000000000;-38,525342000000000
254527;3;7;2015;13:00;5327;RUA FRANKLIN TAVORA;RUA RODRIGUES JUNIOR;;0;;Colis?úo Transversal;Luz do Dia;Bom;Seca;Cruz;Pare;Residencial;0;1;1;1;0;0;0;0;0;1;0;0;-3,730338000000000;-38,520551000000000
254528;3;7;2015;10:18;1527;RUA OSVALDO CRUZ (ALDEOTA);RUA CAROLINA SUCUPIRA;;0;;Colis?úo Transversal;Luz do Dia;Nublado;Molhada;Cruz;Pare;Residencial;0;1;1;1;0;0;0;0;0;1;0;0;-3,740552000000000;-38,501914000000000
254529;3;7;2015;08:00;6737;AV ENG SANTANA JUNIOR;AV PDE ANTONIO TOMAS;;0;;Colis?úo Lateral;Luz do Dia;Nublado;Molhada;Cruz;Sem?íforo;Comercial;0;0;2;0;0;0;0;0;0;0;0;0;-3,743981000000000;-38,488012000000000
254530;3;7;2015;15:50;9176;AV AGUANAMBI;AV EDUARDO GIRAO;;0;;Colis?úo Traseira;Luz do Dia;Bom;Seca;Rotat??ria;Sem?íforo;Comercial;0;0;2;1;0;0;0;0;0;0;0;0;-3,755303000000000;-38,523639000000000
254531;3;7;2015;19:15;21586;RUA CON DE CASTRO;RUA AGAMENON;;0;;Colis?úo Transversal;Via Iluminada;Bom;Seca;Cruz;N?úo H?í Controle;Residencial;0;2;0;0;0;0;0;0;0;1;0;0;-3,795357000000000;-38,583003000000000
254532;3;7;2015;20:15;7635;AV CARNEIRO DE MENDONCA;RUA GOIAS;;0;;Colis?úo Transversal;Via Iluminada;Bom;Seca;Cruz;Pare;Residencial;0;0;2;1;1;0;0;0;0;0;0;0;-3,763223000000000;-38,568394000000000
254533;3;7;2015;18:00;0;RUA STA LIDUINA D42;;;255;;Colis?úo Traseira;Via Iluminada;Bom;Seca;Meio de Quadra;Sem?íforo Manual;Residencial;0;0;2;1;0;0;0;0;0;0;0;0;-3,800171000000000;-38,585123000000000
254534;3;7;2015;12:10;9193;RUA MARIO MAMEDE;RUA JAIME CALADO;;0;;Colis?úo Transversal;Luz do Dia;Bom;Seca;Cruz;Pare;Residencial;0;0;2;1;0;0;0;0;0;0;0;0;-3,752281000000000;-38,527919000000000
254535;3;7;2015;18:30;15301;RUA TEN BENEVOLO;RUA SILVA PAULET;;0;;Colis?úo Transversal;Via Iluminada;Bom;Seca;Cruz;Pare;Residencial;0;0;2;1;0;0;0;0;0;0;0;0;-3,729724000000000;-38,503888000000000
254536;3;7;2015;06:15;5356;AV DUQ CAXIAS;RUA GAL SAMPAIO;;0;;Colis?úo Transversal;Amanhecer;Bom;Seca;Cruz;Sem?íforo;Misto;0;0;2;1;0;0;0;0;0;0;0;0;-3,731096000000000;-38,532029000000000
254537;3;7;2015;12:30;0;RUA CON DE CASTRO;;;0;;Colis?úo Lateral;;Bom;Seca;Meio de Quadra;;Residencial;0;0;2;1;1;0;0;0;0;0;0;0;;
254538;3;7;2015;12:25;23787;RUA RAIMUNDO NERY;RUA DR ESTENIO GOMES;;0;;Colis?úo Transversal;Luz do Dia;Bom;Seca;Cruz;Pare;Comercial;0;0;2;0;0;0;0;0;0;0;0;0;-3,795067000000000;-38,586043000000000
254541;3;7;2015;07:30;18743;RUA VALPARAISO;RUA CATOLE;;0;;Colis?úo Lateral;Luz do Dia;Chuva;Molhada;Cruz;Pare;Residencial;0;0;2;1;0;0;1;0;0;0;0;0;-3,846407000000000;-38,520171000000000
254542;3;7;2015;08:00;0;RUA CHICO LEMOS;;;269;;Colis?úo Frontal;;Chuva;Molhada;Meio de Quadra;N?úo H?í Controle;Residencial;0;0;2;1;0;0;0;0;0;0;0;0;-3,790638000000000;-38,499437000000000
254543;3;7;2015;08:00;1230;RUA COSTA BARROS;RUA BAR ARACATI;;0;;Colis?úo Traseira;Luz do Dia;Nublado;Molhada;Cruz;Pare;Misto;0;0;2;1;0;0;0;0;0;0;0;0;-3,730488000000000;-38,511153000000000
254544;3;7;2015;10:00;13537;AV SORIANO ALBUQUERQUE;RUA CAP GUSTAVO;;0;;Colis?úo Traseira;Luz do Dia;Nublado;Seca;Cruz;Sem?íforo;Comercial;0;0;2;1;0;0;1;0;0;0;0;0;-3,748124000000000;-38,518063000000000
254545;3;7;2015;09:10;7888;AV DES MOREIRA;RUA ISRAEL BEZERRA;;0;;Colis?úo Traseira;Luz do Dia;Nublado;Molhada;Cruz;Sem?íforo;Comercial;0;0;2;1;1;0;0;0;0;0;0;0;-3,747526000000000;-38,501963000000000
254546;3;7;2015;09:20;0;AV DOS EXPEDICIONARIOS;;;11171;;Colis?úo Transversal;Luz do Dia;Bom;Molhada;;;;0;0;2;0;1;0;1;0;0;0;0;0;-3,817334000000000;-38,557075000000000
254548;3;7;2015;08:00;0;AV JULIO VENTURA;;;0;;Colis?úo Traseira;Luz do Dia;Chuva;Molhada;Meio de Quadra;Sem?íforo;Comercial;0;0;1;1;0;0;0;0;0;0;0;0;;
254549;3;7;2015;09:20;0;AV BEZERRA DE MENEZES;;;500;;Colis?úo Traseira;Luz do Dia;Nublado;Molhada;Meio de Quadra;N?úo H?í Controle;Comercial;0;0;2;1;0;0;0;0;0;0;0;0;-3,732563000000000;-38,549481000000000
254550;3;7;2015;06:40;116;RUA RUI MONTE;RUA PRO JOSE LEITE GONDIM;;0;;Colis?úo Transversal;Luz do Dia;Nublado;Molhada;Cruz;Pare;Residencial;0;0;2;1;0;0;0;0;0;0;0;0;-3,741250000000000;-38,587413000000000