COD_ACIDENTE;DIA;MES;ANO;HORA;INTERSECAO;LOG1;LOG2;LOG3;NUMERO;REFERENCIA;NATUREZA;ILUMINACAO;TEMPO;SUPERFICIEPISTA;TIPOCRUZAMENTO;CONTROLETRAFEGO;USOSOLO;MORTOS;FERIDOS;ILESOS;AUTOMOVEL;ONIBUS;BICICLETA;CAMINHAO;MICROONIBUS;CICLOMOTOR;MOTOCICLETA;TRACAOANIMAL;TREM;LATITUDE;LONGITUDE
254551;3;7;2015;09:35;1337;AV SANTOS DUMONT;RUA OSVALDO CRUZ (ALDEOTA);;0;;Colis?úo;Luz do Dia;Nublado;Molhada;Cruz;Sem?íforo;Comercial;0;0;2;1;1;0;0;0;0;0;0;0;-3,735602000000000;-38,500317000000000
254552;3;7;2015;08:20;3829;RUA PAULINO NOGUEIRA;RUA MAL DEODORO;;0;;Colis?úo Traseira;Luz do Dia;Chuva;Molhada;Cruz;Pare;Comercial;0;1;1;0;0;0;0;0;0;1;0;0;-3,744452000000000;-38,537199000000000
254553;3;7;2015;18:20;0;AV JOSE BASTOS;;;2850;;Colis?úo Traseira;Via Iluminada;Bom;Seca;Meio de Quadra;N?úo H?í Controle;Comercial;0;0;3;1;0;0;0;0;0;0;0;0;-3,745726000000000;-38,546151000000000
254554;3;7;2015;18:00;22162;AV JOSE BASTOS;RUA PORFIRIO SAMPAIO;;0;;Colis?úo Traseira;Anoitecer;Bom;Seca;Cruz;Sem?íforo;Comercial;0;0;2;1;0;0;0;0;0;0;0;0;-3,745851000000000;-38,546271000000000
254556;3;7;2015;10:10;15501;AV FRE CIRILO;RUA FREDERICO SEVERO;;0;;Colis?úo Traseira;;Chuva;Seca;T;Pare;Residencial;0;0;2;1;0;0;0;1;0;0;0;0;-3,819870000000000;-38,496307000000000
254557;3;7;2015;12:05;0;RUA ANTONIO POMPEU;;;1711;;Colis?úo Transversal;Luz do Dia;Bom;Seca;;;;0;0;2;0;0;0;1;0;0;0;0;0;-3,732322000000000;-38,538431000000000
254558;3;7;2015;15:00;2486;RUA SEN ROBERT KENNEDY;AV FRANCISCO SA;;0;;Colis?úo Lateral;Luz do Dia;Bom;Seca;Cruz;Pare;Residencial;0;0;2;1;0;0;1;0;0;0;0;0;-3,709140000000000;-38,581426000000000
254559;3;7;2015;16:30;17297;AV PRO GOMES DE MATOS;RUA EDUARDO ANGELIM;;0;;Colis?úo Transversal;Luz do Dia;Bom;Seca;Cruz;Pare;Comercial;0;0;2;1;1;0;0;0;0;0;0;0;-3,763719000000000;-38,547809000000000
254569;4;7;2015;01:55;1358;AV DES MOREIRA;AV SANTOS DUMONT;;0;;Colis?úo Lateral;Via Iluminada;Chuva;Molhada;Cruz;Sem?íforo;Comercial;0;1;1;1;0;0;0;0;0;0;0;0;-3,736226000000000;-38,498365000000000
254547;4;7;2015;07:50;0;AV AGUANAMBI;;;1453;;Colis?úo Lateral;Luz do Dia;Nublado;Molhada;Meio de Quadra;N?úo H?í Controle;Comercial;0;0;2;1;0;0;0;0;0;0;0;0;-3,749558000000000;-38,523789000000000
268446;4;7;2015;00:01;0;RUA GAL TERTULIANO POTYGUARA;;;1079;;Choque c/ Obst?ículo Fixo;;;;Meio de Quadra;;;0;0;1;0;0;0;0;0;0;0;0;0;-3,744871000000000;-38,495177000000000
268454;4;7;2015;02:26;1359;RUA JOAO CARVALHO;RUA CARLOS VASCONCELOS;;0;;Colis?úo;;;;Cruz;Pare;Residencial;0;0;2;0;0;0;0;0;0;0;0;0;-3,736251000000000;-38,511844000000000
268450;4;7;2015;02:25;0;RUA DRAGAO DO MAR;;;218;;Colis?úo;;;;Meio de Quadra;;;0;0;2;0;0;0;0;0;0;0;0;0;-3,721833000000000;-38,519181000000000
268472;4;7;2015;09:04;0;AV GAL OSORIO DE PAIVA;;;0;;Colis?úo;Luz do Dia;;;Meio de Quadra;;;0;0;2;0;0;0;0;0;0;0;0;0;;
268473;4;7;2015;09:14;7775;AV BAR STUDART;AV ANTONIO SALES;;0;;Colis?úo;Luz do Dia;;;Cruz;Sem?íforo;Comercial;0;0;2;0;0;0;0;0;0;0;0;0;-3,743288000000000;-38,509378000000000
268468;4;7;2015;08:48;0;RUA PRO COSTA MENDES;;;68;;Colis?úo;Luz do Dia;;;Meio de Quadra;;;0;0;2;0;0;0;0;0;0;0;0;0;-3,758199000000000;-38,542735000000000
268463;4;7;2015;07:59;5253;RUA GOV SAMPAIO;RUA POCINHO;;0;;Colis?úo;Luz do Dia;;;Cruz;N?úo H?í Controle;Comercial;0;0;2;0;0;0;0;0;0;0;0;0;-3,727970000000000;-38,524268000000000
268458;4;7;2015;07:30;5343;AV BEZERRA DE MENEZES;RUA METON DE ALENCAR;;0;;Colis?úo;Luz do Dia;;;;;;0;0;2;0;0;0;0;0;0;0;0;0;-3,730548000000000;-38,539973000000000
268508;4;7;2015;11:49;0;AV BENJAMIM BRASIL;;;432;;Colis?úo;Luz do Dia;;;Meio de Quadra;;;0;0;2;0;0;0;0;0;0;0;0;0;;
268509;4;7;2015;12:39;13582;RUA DR JOSE LOURENCO;RUA ANTONIO FURTADO;;0;;Colis?úo;Luz do Dia;;;Cruz;N?úo H?í Controle;Residencial;0;0;2;0;0;0;0;0;0;0;0;0;-3,751649000000000;-38,513202000000000
268510;4;7;2015;12:49;17265;RUA ALBERTO MAGNO;RUA SATIRO DIAS;;0;;Colis?úo;Luz do Dia;;;Cruz;Pare;Comercial;0;0;2;0;0;0;0;0;0;0;0;0;-3,762063000000000;-38,547531000000000
268511;4;7;2015;12:54;0;RUA GODOFREDO OLIVEIRA;;;4000;;Colis?úo;Luz do Dia;;;Meio de Quadra;;;0;0;2;0;0;0;0;0;0;0;0;0;;
268512;4;7;2015;13:05;0;AV JOVITA FEITOSA;;;554;;Colis?úo;Luz do Dia;;;Meio de Quadra;;;0;0;2;0;0;0;0;0;0;0;0;0;-3,738297000000000;-38,548919000000000
268513;4;7;2015;13:06;0;AV ENG HUMBERTO MONTE;;;2546;;Colis?úo;Luz do Dia;;;Meio de Quadra;;;0;0;2;0;0;0;0;0;0;0;0;0;-3,740189000000000;-38,567960000000000
268503;4;7;2015;09:47;0;RUA MARIA JULIA;;;2069;;Colis?úo;Luz do Dia;;;Meio de Quadra;;;0;0;2;0;0;0;0;0;0;0;0;0;-3,803791000000000;-38,604222000000000
268505;4;7;2015;10:26;7393;RUA AUDISIO PINHEIRO;RUA PRO EDGAR DE ARRUDA;;0;;Colis?úo;Luz do Dia;;;Cruz;Pare;Residencial;0;0;2;0;0;0;0;0;0;0;0;0;-3,756603000000000;-38,587846000000000
268506;4;7;2015;10:40;0;AV GODOFREDO MACIEL;;;4572;;Colis?úo;Luz do Dia;;;Meio de Quadra;;;0;0;2;0;0;0;0;0;0;0;0;0;-3,814933000000000;-38,574911000000000
268495;4;7;2015;09:36;0;LOGRADOURO SEM NOME;;;0;;Colis?úo;Luz do Dia;;;Meio de Quadra;;;0;0;2;0;0;0;0;0;0;0;0;0;;
259461;4;7;2015;12:50;0;AV SEN CARLOS JEREISSATI (AEROPORTO);;;0;KM 03;Colis?úo;Luz do Dia;Bom;Seca;Meio de Quadra;;Comercial;0;0;2;1;0;0;0;0;0;0;0;0;-3,780382000000000;-38,541414000000000
268699;4;7;2015;22:40;0;RUA BOM JESUS (GRANJA LISBOA);;;261;;Colis?úo;;;;Meio de Quadra;;;0;0;2;0;0;0;0;0;0;0;0;0;-3,796015000000000;-38,596402000000000
268700;4;7;2015;23:21;15372;RUA CEL JUCA;AV DOM LUIS;;0;;Colis?úo;;;;Cruz;Sem?íforo;Comercial;0;0;2;0;0;0;0;0;0;0;0;0;-3,735452000000000;-38,490579000000000
268701;4;7;2015;23:33;11001;RUA ANTONIO FIUZA;RUA ELCIAS LOPES;;0;;Colis?úo;;;;Cruz;Pare;Residencial;0;0;2;0;0;0;0;0;0;0;0;0;-3,772090000000000;-38,552914000000000
268702;4;7;2015;23:35;0;AV BEIRA MAR;;;2120;;Atropelamento;;;;Meio de Quadra;;;0;0;2;0;0;0;0;0;0;0;0;0;-3,724488000000000;-38,501531000000000
268703;4;7;2015;23:36;0;AV GAL OSORIO DE PAIVA;;;0;;Colis?úo;;;;Meio de Quadra;;;0;0;2;0;0;0;0;0;0;0;0;0;;
268704;4;7;2015;23:37;0;AV CENTRAL CJ CEARA;;;0;;Colis?úo;;;;Meio de Quadra;;;0;0;2;0;0;0;0;0;0;0;0;0;;
268705;4;7;2015;23:41;0;RUA FRANCISCO CALACA;;;0;;Colis?úo;;;;Meio de Quadra;;;0;0;2;0;0;0;0;0;0;0;0;0;;
268706;4;7;2015;23:56;9168;AV LUCIANO CARNEIRO;AV BORGES DE MELO;;0;;Colis?úo;;;;Cruz;Sem?íforo;Residencial;0;0;2;0;0;0;0;0;0;0;0;0;-3,756465000000000;-38,534097000000000
268658;4;7;2015;14:51;0;RUA DNA MENDINHA;;;118;;Colis?úo;Luz do Dia;;;Meio de Quadra;;;0;0;2;0;0;0;0;0;0;0;0;0;;
268661;4;7;2015;15:34;0;RUA MACEIO;;;750;;Colis?úo;Luz do Dia;;;Meio de Quadra;;;0;0;2;0;0;0;0;0;0;0;0;0;-3,760388000000000;-38,588841000000000
268662;4;7;2015;16:05;0;RUA GUILHERME PESSOA;;;256;;Colis?úo;Luz do Dia;;;Meio de Quadra;;;0;0;2;0;0;0;0;0;0;0;0;0;;
268664;4;7;2015;16:22;0;RUA BENI DE CARVALHO;;;660;;Colis?úo;Luz do Dia;;;Meio de Quadra;;;0;0;2;0;0;0;0;0;0;0;0;0;-3,746229000000000;-38,494298000000000
268665;4;7;2015;16:27;0;AV BEZERRA DE MENEZES;;;2494;;Colis?úo;Luz do Dia;;;Meio de Quadra;;;0;0;2;0;0;0;0;0;0;0;0;0;-3,736126000000000;-38,566626000000000
268671;4;7;2015;17:04;0;AV MOZART PINHEIRO DE LUCENA;;;1460;;Colis?úo;Anoitecer;;;Meio de Quadra;;;0;0;2;0;0;0;0;0;0;0;0;0;-3,715400000000000;-38,594872000000000
268674;4;7;2015;17:35;0;AV JOAO PESSOA;;;0;;Colis?úo;Anoitecer;;;Meio de Quadra;;;0;0;2;0;0;0;0;0;0;0;0;0;;
268678;4;7;2015;19:23;19095;AV DOS JANGADEIROS;RUA LAURO NOGUEIRA;;0;;Colis?úo;;;;Cruz;Pare;Residencial;0;0;2;0;0;0;0;0;0;0;0;0;-3,737682000000000;-38,485765000000000
268676;4;7;2015;18:38;0;AV HILDEBRANDO DE MELO;;;169;;Atropelamento;;;;Meio de Quadra;;;0;0;2;0;0;0;0;0;0;0;0;0;;
268682;4;7;2015;19:41;0;AV PRS COSTA E SILVA;;;0;;Colis?úo;;;;Meio de Quadra;;;0;0;2;1;0;0;0;0;0;0;0;0;;
268685;4;7;2015;20:28;0;RUA MAJ GERARDO MENDES;;;0;;Atropelamento;;;;Meio de Quadra;;;0;0;2;0;0;0;0;0;0;0;0;0;;
268687;4;7;2015;20:31;0;LOGRADOURO SEM NOME;;;0;;Colis?úo;;;;Meio de Quadra;;;0;0;2;0;0;0;0;0;0;0;0;0;;
268691;4;7;2015;20:54;2755;RUA BOM JESUS (GRANJA LISBOA);RUA CEL VIRGILIO NOGUEIRA (BOM JARDIM);;0;;Colis?úo;;;;Cruz;Cancela;Misto;0;0;2;0;0;0;0;0;0;0;0;0;-3,791684000000000;-38,609686000000000
268692;4;7;2015;21:00;10897;AV LINEU MACHADO;RUA MOZART FIRMEZA;;0;;Colis?úo;;;;Cruz;N?úo H?í Controle;Misto;0;0;2;0;0;0;0;0;0;0;0;0;-3,767588000000000;-38,577784000000000
268693;4;7;2015;21:51;15372;RUA CEL JUCA;AV DOM LUIS;;0;;Choque c/ Obst?ículo Fixo;;;;Cruz;Sem?íforo;Comercial;0;0;1;0;0;0;0;0;0;0;0;0;-3,735452000000000;-38,490579000000000
268694;4;7;2015;21:59;6573;AV C CJ CEARA;AV H CJ CEARA;;0;;Colis?úo;;;;Cruz;N?úo H?í Controle;Residencial;0;0;2;0;0;0;0;0;0;0;0;0;-3,776518000000000;-38,616458000000000
268689;4;7;2015;20:33;0;AV HIS RAIMUNDO GIRAO;;;600;;Colis?úo;;;;Meio de Quadra;;;0;0;2;0;0;0;0;0;0;0;0;0;-3,721178000000000;-38,510435000000000
268697;4;7;2015;22:10;5060;RUA CASTRO E SILVA;AV IMPERADOR;;0;;Choque c/ Obst?ículo Fixo;;;;Cruz;Sem?íforo;Comercial;0;0;1;0;0;0;0;0;0;0;0;0;-3,722013000000000;-38,532916000000000
268650;4;7;2015;13:08;3066;RUA MARIA QUINTELA;RUA GUARANI D35 (JOAO XXIII);;0;;Colis?úo;Luz do Dia;;;;;;0;0;2;0;0;0;0;0;0;0;0;0;-3,775852000000000;-38,586404000000000
268651;4;7;2015;13:20;0;AV AGUANAMBI;;;94;;Colis?úo;Luz do Dia;;;Meio de Quadra;;;0;0;2;0;0;0;0;0;0;0;0;0;-3,737727000000000;-38,524263000000000
268653;4;7;2015;10:40;13177;AV I CJ JOSE WALTER;AV D CJ JOSE WALTER;;0;;Colis?úo;Luz do Dia;;;Rotat??ria;D?¬ Prefer?¬ncia;Comercial;0;0;2;0;0;0;0;0;0;0;0;0;-3,832440000000000;-38,552957000000000
268656;4;7;2015;14:38;6950;AV C CJ ESPERANCA;AV PENETRACAO OESTE I;;0;;Colis?úo;Luz do Dia;;;;;;0;0;2;0;0;0;0;0;0;0;0;0;-3,815622000000000;-38,589362000000000
254572;4;7;2015;10:00;0;AV AGUANAMBI;;;0;ROTAT?ôRIA;Colis?úo Lateral;Luz do Dia;Bom;Seca;Meio de Quadra;N?úo H?í Controle;Comercial;0;0;2;1;0;0;1;0;0;0;0;0;-3,755538000000000;-38,523043000000000
254591;4;7;2015;15:00;21376;AV JOVITA FEITOSA;RUA PRO NOGUEIRA;;0;;Colis?úo Transversal;Luz do Dia;Nublado;Seca;Cruz;Pare;Comercial;0;0;2;1;0;0;0;0;0;0;0;0;-3,738280000000000;-38,548839000000000
254576;4;7;2015;05:30;0;AV DR THEBERGE;;;2790;;Engavetamento;Amanhecer;Nublado;Seca;Meio de Quadra;N?úo H?í Controle;Comercial;0;0;2;1;0;0;1;0;0;0;0;0;-3,726959000000000;-38,568963000000000
254584;4;7;2015;09:00;0;AV BORGES DE MELO;;;1196;;Colis?úo Lateral;Luz do Dia;Bom;Seca;Meio de Quadra;Sem?íforo;Residencial;0;1;1;1;0;0;0;0;0;1;0;0;-3,759636000000000;-38,530403000000000
254600;4;7;2015;11:00;0;RUA VER PEDRO PAULO MOREIRA;;;0;;Colis?úo Lateral;Luz do Dia;Bom;Seca;Meio de Quadra;Pare;Comercial;0;0;2;1;0;0;0;0;0;0;0;0;;
254609;4;7;2015;16:10;0;AV ANTONIO SALES;;;3196;;Engavetamento;Luz do Dia;Bom;Seca;Meio de Quadra;N?úo H?í Controle;Comercial;0;0;3;0;0;0;0;0;0;1;0;0;;
254619;4;7;2015;06:00;0;AV AGUANAMBI;;;1386;;Choque c/ Obst?ículo Fixo;Luz do Dia;Bom;Molhada;Meio de Quadra;Sem?íforo;Comercial;0;1;0;1;0;0;0;0;0;0;0;0;-3,748923000000000;-38,523933000000000
254636;4;7;2015;11:20;7608;AV DR SILAS MUNGUBA;RUA MAL BITENCOURT;;0;;Colis?úo Lateral;Luz do Dia;;Seca;T;Sem?íforo;Comercial;0;1;1;0;0;0;0;0;0;1;0;0;-3,796992000000000;-38,531678000000000
264132;4;7;2015;20:20;0;ET DO ANCURI;;;500;;Colis?úo;;;;Meio de Quadra;;;0;0;1;1;0;0;0;0;0;0;0;0;;
262938;4;7;2015;03:31;0;AV GODOFREDO MACIEL;;;0;;Colis?úo;;;;Meio de Quadra;;;0;0;2;1;0;0;0;0;0;0;0;0;;
262940;4;7;2015;12:43;5709;AV DES GONZAGA;AV OLIVEIRA PAIVA;;0;;Colis?úo;Luz do Dia;;;Cruz;Sem?íforo;Lazer;0;0;2;1;0;0;1;0;0;0;0;0;-3,797165000000000;-38,499953000000000
262942;4;7;2015;12:53;0;RUA PRO HERIBALDO COSTA;;;0;;Colis?úo;Luz do Dia;;;Meio de Quadra;;;0;0;2;1;0;0;0;0;0;0;0;0;;
262945;4;7;2015;17:14;0;AV PENETRACAO OESTE I;;;0;;Colis?úo;Anoitecer;;;Meio de Quadra;;;0;0;2;1;0;0;0;0;0;0;0;0;;
262975;4;7;2015;20:26;0;RUA LEON GRADVOHL;RUA FRANCISCO GLICERIO;;0;;Colis?úo;;;;;;;0;0;2;1;1;0;0;0;0;0;0;0;;
259050;4;7;2015;07:00;0;RD BR 222;;;0;KM-02;Colis?úo Traseira;Luz do Dia;Nublado;Molhada;Meio de Quadra;N?úo H?í Controle;Comercial;0;0;2;1;0;0;0;0;0;0;0;0;-3,738951000000000;-38,586880000000000
259064;4;7;2015;15:00;0;RD BR 116;;;12000;KM-12;Colis?úo Traseira;Luz do Dia;Bom;Seca;Meio de Quadra;N?úo H?í Controle;Comercial;0;0;2;1;0;0;0;0;0;0;0;0;-3,855740000000000;-38,496066000000000
259065;4;7;2015;19:00;0;RD BR 116;;;10000;KM-10;Colis?úo Transversal;Via Iluminada;Bom;Seca;Meio de Quadra;N?úo H?í Controle;Comercial;0;2;0;0;0;0;0;0;0;1;0;0;-3,834435000000000;-38,503373000000000
263157;4;7;2015;09:31;0;AV BORGES DE MELO;;;0;;Colis?úo;Luz do Dia;;;Meio de Quadra;;;0;1;1;1;0;0;0;0;0;1;0;0;;
263152;4;7;2015;06:19;0;RUA LEANDRO MONTEIRO;;;0;;Queda;Luz do Dia;;;Meio de Quadra;;;0;1;0;0;0;0;0;0;0;1;0;0;;
263153;4;7;2015;08:40;0;AV PRS CASTELO BRANCO;;;0;;Queda;Luz do Dia;;;Meio de Quadra;;;0;1;0;0;0;0;0;0;0;1;0;0;;
263167;4;7;2015;13:03;0;AV BEZERRA DE MENEZES;;;0;;Queda;Luz do Dia;;;Meio de Quadra;;;0;1;0;0;0;0;0;0;0;1;0;0;;
263168;4;7;2015;14:47;0;AV PERIMETRAL;;;3593;;Colis?úo;Luz do Dia;;;Meio de Quadra;;;0;1;1;1;0;0;0;0;0;1;0;0;;
263195;4;7;2015;16:27;8937;RUA CARLOS SEVERO;RUA ANTONIO POMPEU;;0;;Colis?úo;Luz do Dia;;;Cruz;Pare;Comercial;0;1;0;1;0;0;0;0;0;0;0;0;-3,731863000000000;-38,541865000000000
263189;4;7;2015;16:15;0;AV PERIMETRAL;;;0;;Colis?úo;Luz do Dia;;;Meio de Quadra;;;1;1;1;1;0;0;0;0;0;1;0;0;;
263207;4;7;2015;18:26;21624;RUA CON DE CASTRO;RUA PIRAJUI;;0;;Colis?úo;Anoitecer;;;;;;0;1;1;1;0;0;0;0;0;1;0;0;-3,802339000000000;-38,589623000000000
263208;4;7;2015;18:52;0;AV ENG LEAL LIMA VERDE (SAPIRANGA/COITE);;;0;;Colis?úo;;;;Meio de Quadra;;;0;0;2;1;0;1;0;0;0;0;0;0;;
263199;4;7;2015;16:29;0;AV GAL OSORIO DE PAIVA;RUA PERDIGAO DE OLIVEIRA;;0;;Colis?úo;Luz do Dia;;;;;;0;1;1;1;0;0;0;0;0;1;0;0;;
263202;4;7;2015;16:49;3768;AV TRISTAO GONCALVES;AV DOMINGOS OLIMPIO;;0;;Colis?úo;Luz do Dia;;;Cruz;Sem?íforo;Comercial;0;1;1;1;0;0;0;0;0;1;0;0;-3,735133000000000;-38,535613000000000
263203;4;7;2015;17:04;10013;RUA OLIVEIRA SOBRINHO;RUA DUAS NACOES;;0;;Atropelamento;Anoitecer;;;Cruz;Pare;Rural;0;1;1;1;0;0;0;0;0;0;0;0;-3,778267000000000;-38,602409000000000
263163;4;7;2015;11:27;0;AV CASTANHOLEIRAS;;;0;;Atropelamento;Luz do Dia;;;Meio de Quadra;;;0;1;1;0;0;0;0;0;0;1;0;0;;
263164;4;7;2015;12:17;5625;AV DES GONZAGA;AV ROGACIANO LEITE;;0;;Colis?úo;Luz do Dia;;;T;D?¬ Prefer?¬ncia;Comercial;0;1;1;1;0;0;0;0;0;1;0;0;-3,788545000000000;-38,503866000000000
263173;4;7;2015;14:24;565;RUA SAO BERNARDO;RUA DNA MENDINHA;;0;;Colis?úo;Luz do Dia;;;Cruz;Pare;Residencial;0;1;0;1;0;0;0;0;0;0;0;0;-3,714988000000000;-38,572165000000000
263233;4;7;2015;19:18;0;RD BR 116;;;10000;KM-10;Atropelamento;;;;Meio de Quadra;;;0;2;0;0;0;0;0;0;0;1;0;0;-3,834435000000000;-38,503373000000000
263238;4;7;2015;19:45;0;RUA SGT JOAO PINHEIRO;;;0;;Atropelamento;;;;Meio de Quadra;;;0;1;0;0;0;0;0;0;0;0;0;0;;
263239;4;7;2015;19:51;0;RUA GOIANESA;;;152;;Atropelamento de Animal;;;;Meio de Quadra;;;0;1;0;0;0;0;0;0;0;0;0;0;;
263240;4;7;2015;20:04;23786;RUA DR ESTENIO GOMES;RUA AGAMENON;;0;;Colis?úo;;;;;;;0;1;1;1;0;0;0;0;0;1;0;0;-3,793655000000000;-38,584783000000000
263243;4;7;2015;21:21;0;AV BEZERRA DE MENEZES;RUA PDE ANCHIETA;;0;;Queda;;;;;;;0;1;0;0;0;0;0;0;0;1;0;0;;
263244;4;7;2015;21:26;19285;RUA MARACANA;RUA ARARIPE PRATA;;0;;Colis?úo;;;;T;Pare;Residencial;0;1;1;1;0;0;0;0;0;1;0;0;-3,773944000000000;-38,569939000000000
263247;4;7;2015;22:32;21983;RUA GAL BERNARDO FIGUEIREDO;RUA TIRADENTES;;0;;Colis?úo;;;;Duplo T;Pare;Residencial;0;1;0;0;0;0;0;0;0;0;0;0;-3,739647000000000;-38,551719000000000
263248;4;7;2015;23:37;0;RUA BAR CRATO;RUA CHASTINET GUIMARAES;;0;;Colis?úo;;;;;;;0;1;1;1;0;1;0;0;0;0;0;0;;
263251;5;7;2015;00:06;0;AV ALBERTO CRAVEIRO;;;0;;Queda;;;;Meio de Quadra;;;0;1;0;0;0;0;0;0;0;1;0;0;;
263252;5;7;2015;00:24;0;AV JOSE BASTOS;;;3110;;Colis?úo;;;;Meio de Quadra;;;0;1;1;1;0;1;0;0;0;0;0;0;-3,767496000000000;-38,569681000000000
263254;5;7;2015;01:26;23395;RUA CAP TIBURCIO DA FROTA;RUA PRO CARVALHO;;0;;Colis?úo;;;;Cruz;Pare;Residencial;0;1;0;0;0;0;0;0;0;1;0;0;-3,754980000000000;-38,514532000000000
263256;5;7;2015;02:41;12849;RUA ASSUNCAO;RUA SALDANHA MARINHO;;0;;Colis?úo;;;;Cruz;Pare;Residencial;0;1;1;1;0;0;1;0;0;0;0;0;-3,742314000000000;-38,531231000000000
263260;5;7;2015;02:41;0;AV WASHINGTON SOARES;;;0;;Choque c/ Obst?ículo Fixo;;;;Meio de Quadra;;;0;1;0;1;0;0;0;0;0;0;0;0;;
263261;5;7;2015;03:08;0;AV JOSE BASTOS;;;0;;Colis?úo;;;;Meio de Quadra;;;0;1;1;1;0;0;0;0;0;1;0;0;;
263262;5;7;2015;03:28;0;AV CEL CARVALHO;;;0;;Colis?úo;;;;Meio de Quadra;;;0;1;1;1;0;0;0;0;0;1;0;0;;
263263;5;7;2015;05:20;0;AV AMERICO BARREIRA;;;0;;Colis?úo;Amanhecer;;;Meio de Quadra;;;0;1;0;0;0;0;0;0;0;0;0;0;;
263265;5;7;2015;08:32;0;RUA JAIME BENEVOLO;;;0;;Colis?úo;Luz do Dia;;;Meio de Quadra;;;0;1;0;1;1;0;0;0;0;0;0;0;;
263276;5;7;2015;11:12;0;RUA JOAO AMORA;;;0;;Queda;Luz do Dia;;;Meio de Quadra;;;0;1;0;0;0;0;0;0;0;1;0;0;;
263277;5;7;2015;12:38;0;AV ZEZE DIOGO;;;0;;Colis?úo;Luz do Dia;;;Meio de Quadra;;;0;1;1;1;0;0;0;0;0;1;0;0;;
263278;5;7;2015;14:03;6817;RUA BENTO ALBUQUERQUE;RUA FRANCISCO MATOS;;0;;Atropelamento;Luz do Dia;;;Cruz;Pare;Residencial;0;1;1;0;1;0;0;0;0;0;0;0;-3,747862000000000;-38,470436000000000
263279;5;7;2015;16:30;5798;RUA MARGARIDA DE QUEIROZ;RUA RAIMUNDO G HOLANDA;;0;;Colis?úo;Luz do Dia;;;Cruz;Pare;Residencial;0;1;1;1;0;0;0;0;0;1;0;0;-3,790975000000000;-38,496860000000000
263280;5;7;2015;17:59;48;RUA JOAQUIM LEITAO;RUA TEN QUEIROZ;;0;;Colis?úo;Anoitecer;;;Cruz;Pare;Misto;0;1;1;1;0;0;0;0;0;1;0;0;-3,745296000000000;-38,591941000000000
263281;5;7;2015;18:13;0;RUA SGT JOAO PINHEIRO;RUA OSCAR FRANCA;;0;;Colis?úo;Anoitecer;;;;;;0;1;1;1;0;0;0;0;0;1;0;0;;
263282;5;7;2015;19:11;15276;RUA TEN BENEVOLO;RUA MELQUIADES PINTO;;0;;Colis?úo;;;;T;Pare;Residencial;0;1;1;1;0;0;0;0;0;1;0;0;-3,728847000000000;-38,506551000000000
263283;5;7;2015;19:17;3251;RUA SOUSA CARVALHO;RUA JOSE ARISTOTELES GONDIM;;0;;Queda;;;;;;;0;1;0;0;0;0;0;0;0;1;0;0;-3,784202000000000;-38,586469000000000
263284;5;7;2015;19:34;0;RUA DEP MATOSO FILHO;;;335;;Atropelamento;;;;Meio de Quadra;;;0;1;1;0;0;0;0;0;0;1;0;0;-3,731275000000000;-38,587800000000000
263285;5;7;2015;22:05;0;RUA CAP JOAO FERREIRA LIMA;;;0;;Colis?úo;;;;Meio de Quadra;;;0;1;1;1;0;0;0;0;0;1;0;0;;
263286;5;7;2015;22:10;0;RUA BERNARDO MANUEL;;;0;;Queda;;;;Meio de Quadra;;;0;1;0;0;0;0;0;0;0;1;0;0;;
259068;5;7;2015;06:30;0;RD BR 116;;;3000;KM-03;Choque c/ Obst?ículo Fixo;Luz do Dia;Chuva;Molhada;Meio de Quadra;N?úo H?í Controle;Comercial;0;0;1;1;0;0;0;0;0;0;0;0;-3,779838000000000;-38,514372000000000
259070;5;7;2015;11:10;0;RD BR 116;;;5000;KM-05;Colis?úo Lateral;Luz do Dia;Chuva;Molhada;Meio de Quadra;N?úo H?í Controle;Comercial;0;0;2;1;0;0;0;0;0;0;0;0;-3,796502000000000;-38,506787000000000
264146;5;7;2015;19:45;0;RUA REPUBLICA;;;17;;Colis?úo Lateral;;;;Meio de Quadra;;;0;1;0;1;0;0;0;0;0;1;0;0;-3,711930000000000;-38,548311000000000
264141;5;7;2015;14:50;0;AV BAR STUDART;;;1670;;Choque c/ Obst?ículo Fixo;Luz do Dia;;;Meio de Quadra;;;0;1;0;1;0;0;0;0;0;0;0;0;-3,738661000000000;-38,507895000000000
254571;5;7;2015;08:00;5436;RUA GAL CLARINDO DE QUEIROZ;RUA JAIME BENEVOLO;;0;;Colis?úo Lateral;Luz do Dia;Chuva;Seca;Cruz;Pare;Residencial;0;0;1;1;0;0;0;0;0;0;0;0;-3,734060000000000;-38,526017000000000
268707;5;7;2015;11:47;0;RUA DES HERMES PARAHYBA;;;750;;Colis?úo;Luz do Dia;;;Meio de Quadra;;;0;0;2;0;0;0;0;0;0;0;0;0;-3,713401000000000;-38,590607000000000
268708;5;7;2015;00:20;0;AV DOM MANUEL;;;12;;Colis?úo;;;;Meio de Quadra;;;0;0;2;0;0;0;0;0;0;0;0;0;-3,724187000000000;-38,519775000000000
268709;5;7;2015;00:54;0;AV AGUANAMBI;;;0;;Choque c/ Obst?ículo Fixo;;;;Meio de Quadra;;;0;0;1;0;0;0;0;0;0;0;0;0;;
268710;5;7;2015;00:58;0;RUA TEODOMIRO DE CASTRO;;;4107;;Colis?úo;;;;Meio de Quadra;;;0;0;2;0;0;0;0;0;0;0;0;0;-3,719733000000000;-38,570414000000000
268711;5;7;2015;01:02;0;AV BEZERRA DE MENEZES;;;0;;Colis?úo;;;;Meio de Quadra;;;0;0;2;0;0;0;0;0;0;0;0;0;;
268712;5;7;2015;01:16;3121;AV LINEU MACHADO;RUA MARIA QUINTELA;;0;;Choque c/ Obst?ículo Fixo;;;;;;;0;0;1;0;0;0;0;0;0;0;0;0;-3,777615000000000;-38,583045000000000