COD_ACIDENTE;DIA;MES;ANO;HORA;INTERSECAO;LOG1;LOG2;LOG3;NUMERO;REFERENCIA;NATUREZA;ILUMINACAO;TEMPO;SUPERFICIEPISTA;TIPOCRUZAMENTO;CONTROLETRAFEGO;USOSOLO;MORTOS;FERIDOS;ILESOS;AUTOMOVEL;ONIBUS;BICICLETA;CAMINHAO;MICROONIBUS;CICLOMOTOR;MOTOCICLETA;TRACAOANIMAL;TREM;LATITUDE;LONGITUDE
268714;5;7;2015;02:40;0;RUA PRO VIEIRA;;;698;;Colis?úo;;;;Meio de Quadra;;;0;0;2;0;0;0;0;0;0;0;0;0;;
268720;5;7;2015;05:27;0;RUA JOSE HIPOLITO;;;1320;;Colis?úo;Amanhecer;;;Meio de Quadra;;;0;0;2;0;0;0;0;0;0;0;0;0;-3,836558000000000;-38,484451000000000
268717;5;7;2015;03:18;18306;RUA TREMEMBES;RUA DOS POTIGUARAS;;0;;Colis?úo;;;;Cruz;Pare;;0;0;2;0;0;0;0;0;0;0;0;0;-3,719888000000000;-38,516031000000000
268746;5;7;2015;10:05;25419;RUA JULIO ABREU;AV ALM HENRIQUE SABOIA;;0;;Choque c/ Obst?ículo Fixo;Luz do Dia;;;Cruz;Sem?íforo;Comercial;0;0;1;0;0;0;0;0;0;0;0;0;-3,736144000000000;-38,485245000000000
268742;5;7;2015;08:19;0;RUA JOSE HIPOLITO;;;130;;Colis?úo;Luz do Dia;;;Meio de Quadra;;;0;0;2;0;0;0;0;0;0;0;0;0;;
268744;5;7;2015;08:40;0;RUA BARBARA DE ALENCAR;;;227;;Colis?úo;Luz do Dia;;;Meio de Quadra;;;0;0;2;0;0;0;0;0;0;0;0;0;-3,735271000000000;-38,522383000000000
268731;5;7;2015;07:44;0;RUA SEN ALENCAR;;;0;;Choque c/ Obst?ículo Fixo;Luz do Dia;;;Meio de Quadra;;;0;0;1;0;0;0;0;0;0;0;0;0;;
268733;5;7;2015;07:58;0;AV CESAR CALS;;;2612;;Colis?úo;Luz do Dia;;;Meio de Quadra;;;0;0;2;0;0;0;0;0;0;0;0;0;-3,739245000000000;-38,455538000000000
268725;5;7;2015;08:51;12457;AV AUGUSTO DOS ANJOS;RUA PRO GOMES BRASIL;;0;;Colis?úo;Luz do Dia;;;Cruz;Sem?íforo;Comercial;0;0;2;0;0;0;0;0;0;0;0;0;-3,770153000000000;-38,570427000000000
268728;5;7;2015;06:52;0;LOGRADOURO SEM NOME;;;0;;Colis?úo;Luz do Dia;;;Meio de Quadra;;;0;0;2;0;0;0;0;0;0;0;0;0;;
259466;5;7;2015;01:05;0;RD CE-040;;;0;KM-02;Outros;Via Iluminada;Bom;Seca;Meio de Quadra;;Comercial;0;0;1;1;0;0;0;0;0;0;0;0;-3,776479000000000;-38,481598000000000
259473;5;7;2015;02:00;0;RD CE-040;;;0;KM-08;Capotamento;Via Iluminada;Bom;Molhada;Meio de Quadra;;Comercial;0;0;1;1;0;0;0;0;0;0;0;0;-3,823332000000000;-38,481317000000000
259483;5;7;2015;15:30;0;RD CE-040;;;0;KM-13;Colis?úo;Luz do Dia;Bom;Seca;Meio de Quadra;;Comercial;0;0;2;1;0;0;0;0;0;0;0;0;-3,857083000000000;-38,472314000000000
259484;5;7;2015;17:00;0;RD CE-040;;;0;KM-06;Colis?úo;Anoitecer;Nublado;Seca;Meio de Quadra;N?úo H?í Controle;Comercial;0;0;2;1;0;0;1;0;0;0;0;0;-3,811270000000000;-38,478781000000000
259478;5;7;2015;02:20;0;RD CE-040;;;0;KM-02;Outros;Via Iluminada;Bom;Seca;Meio de Quadra;N?úo H?í Controle;Comercial;0;0;1;1;0;0;0;0;0;0;0;0;-3,776479000000000;-38,481598000000000
269068;5;7;2015;20:25;0;AV A CJ CEARA;;;739;;Colis?úo;;;;Meio de Quadra;;;0;0;2;0;0;0;0;0;0;0;0;0;;
269055;5;7;2015;18:51;0;AV N (CJ VILA VELHA);;;339;;Colis?úo;;;;Meio de Quadra;;;0;0;2;0;0;0;0;0;0;0;0;0;;
269062;5;7;2015;20:22;0;AV DR THEBERGE;;;2044;;Colis?úo;;;;Meio de Quadra;;;0;0;2;0;0;0;0;0;0;0;0;0;-3,718719000000000;-38,566289000000000
269010;5;7;2015;18:10;9675;RUA OSCAR ARARIPE;RUA GUARAREMA;;0;;Colis?úo;Anoitecer;;;Cruz;Pare;Misto;0;0;2;0;0;0;0;0;0;0;0;0;-3,785079000000000;-38,618664000000000
268994;5;7;2015;15:00;10830;RUA PORTO ALEGRE;RUA PDE SA LEITAO;;0;;Colis?úo;Luz do Dia;;;;;;0;0;2;0;0;0;0;0;0;0;0;0;-3,764452000000000;-38,582727000000000
268995;5;7;2015;16:55;19328;RUA EDUARDO PERDIGAO;RUA CON DE CASTRO;;0;;Colis?úo;Luz do Dia;;;Cruz;N?úo H?í Controle;Comercial;0;0;2;0;0;0;0;0;0;0;0;0;-3,775579000000000;-38,564769000000000
268998;5;7;2015;15:55;0;AV PRS COSTA E SILVA;;;0;;Choque c/ Obst?ículo Fixo;Luz do Dia;;;Meio de Quadra;;;0;0;1;0;0;0;0;0;0;0;0;0;;
268999;5;7;2015;16:24;0;RUA PDE CONSTANTINO;;;19;;Choque c/ Obst?ículo Fixo;Luz do Dia;;;Meio de Quadra;;;0;0;1;0;0;0;0;0;0;0;0;0;-3,716313000000000;-38,545631000000000
269006;5;7;2015;17:31;0;AV GAL OSORIO DE PAIVA;;;0;;Colis?úo;Anoitecer;;;Meio de Quadra;;;0;0;2;0;0;0;0;0;0;0;0;0;;
254570;5;7;2015;13:40;0;AV ALM HENRIQUE SABOIA;;;3737;;Queda;;Nublado;Molhada;Meio de Quadra;Sem?íforo Manual;Residencial;0;1;1;0;1;0;0;0;0;1;0;0;-3,750512000000000;-38,494737000000000
254560;5;7;2015;22:30;25137;RUA BENI DE CARVALHO;RUA BARBOSA DE FREITAS;;0;;Colis?úo Transversal;Via Iluminada;Bom;Seca;Cruz;Sem?íforo;Residencial;0;0;2;1;0;0;0;0;0;0;0;0;-3,744414000000000;-38,499890000000000
254561;5;7;2015;09:20;5352;AV DOM MANUEL;RUA PINTO MADEIRA;;0;;Colis?úo Transversal;Luz do Dia;Chuva;Molhada;Cruz;Sem?íforo;Comercial;0;0;2;1;0;0;0;0;0;0;0;0;-3,730964000000000;-38,521957000000000
254562;5;7;2015;02:00;18302;RUA SEN ALMINO;RUA DRAGAO DO MAR;;0;;Colis?úo Transversal;Via Iluminada;Chuva;Molhada;Cruz;Pare;Lazer;0;1;1;1;0;0;0;0;0;1;0;0;-3,721816000000000;-38,517919000000000
254563;5;7;2015;07:30;12757;RUA MAJ WEYNE;AV BORGES DE MELO;;0;;Colis?úo Lateral;Luz do Dia;;;;;;0;0;2;1;0;0;0;0;0;0;0;0;-3,752487000000000;-38,540018000000000
254564;5;7;2015;07:40;11160;RUA SUECIA;RUA JOSE MENELEU D41;;0;;Colis?úo Lateral;Luz do Dia;Chuva;Molhada;Cruz;Pare;Residencial;0;0;2;1;0;0;0;0;0;0;0;0;-3,782586000000000;-38,559334000000000
254565;5;7;2015;07:30;0;AV BAR STUDART;;;345;;Colis?úo Lateral;Luz do Dia;Chuva;Molhada;Meio de Quadra;Sem?íforo;Comercial;0;0;2;1;1;0;0;0;0;0;0;0;-3,727176000000000;-38,504212000000000
254566;5;7;2015;12:20;15280;RUA DR JOSE LOURENCO;RUA TEN BENEVOLO;;0;;Colis?úo Transversal;Luz do Dia;Nublado;Seca;Cruz;Pare;Misto;0;0;2;1;0;0;0;0;0;0;0;0;-3,729029000000000;-38,506010000000000
254567;5;7;2015;12:30;1266;RUA BAR ARACATI;RUA PDE LUIS FIGUEIRA;;0;;Colis?úo Transversal;Luz do Dia;Nublado;Seca;Cruz;Pare;Residencial;0;0;2;1;0;0;0;0;0;0;0;0;-3,733156000000000;-38,512022000000000
254568;5;7;2015;11:40;22167;AV JOSE BASTOS;RUA TAVARES IRACEMA;;0;;Colis?úo Transversal;Luz do Dia;Nublado;Molhada;Cruz;Pare;Comercial;0;1;1;1;0;0;0;0;0;0;0;0;-3,752313000000000;-38,552770000000000
269070;6;7;2015;21:51;0;AV ISABEL BEZERRA;;;520;;Colis?úo;;;;Meio de Quadra;;;0;0;2;0;0;0;0;0;0;0;0;0;-3,855021000000000;-38,500598000000000
269090;6;7;2015;22:09;7892;RUA PRO DIAS DA ROCHA;RUA PRO FRANCISCO GONCALVES;;0;;Colis?úo;;;;Cruz;Pare;Comercial;0;0;2;0;0;0;0;0;0;0;0;0;-3,748582000000000;-38,495852000000000
259485;6;7;2015;12:30;0;RD CE-040;;;0;KM-08;Colis?úo;Luz do Dia;Bom;Seca;Meio de Quadra;N?úo H?í Controle;Comercial;0;1;1;1;0;0;0;0;0;1;0;0;-3,823332000000000;-38,481317000000000
259486;6;7;2015;01:40;0;RD CE-025;;;0;KM-06;Colis?úo;Via Iluminada;Bom;Seca;Meio de Quadra;N?úo H?í Controle;Comercial;0;1;1;1;0;0;0;0;0;1;0;0;-3,810993000000000;-38,426982000000000
254573;6;7;2015;21:00;5413;RUA METON DE ALENCAR;RUA GAL SAMPAIO;;0;;Colis?úo Transversal;Via Iluminada;Bom;Seca;Cruz;Sem?íforo;Misto;0;1;1;0;0;0;0;0;0;1;0;0;-3,733033000000000;-38,532600000000000
254574;6;7;2015;16:00;0;AV PONTES VIEIRA;;;1843;;Colis?úo Transversal;Luz do Dia;Bom;Seca;Meio de Quadra;N?úo H?í Controle;Misto;0;0;2;1;0;0;0;0;0;0;0;0;-3,751738000000000;-38,505144000000000
254585;6;7;2015;08:30;23433;RUA MON SALAZAR;RUA PRO CARVALHO;;0;;Colis?úo Transversal;Luz do Dia;Bom;Seca;Cruz;Pare;Comercial;0;2;1;1;0;0;0;0;1;0;0;0;-3,756146000000000;-38,514308000000000
254586;6;7;2015;09:00;15360;AV DOM LUIS;AV DES MOREIRA;;0;;Colis?úo Lateral;Luz do Dia;Bom;Seca;Rotat??ria;N?úo H?í Controle;Comercial;0;0;1;1;0;0;0;0;0;0;0;0;-3,733239000000000;-38,497383000000000
254577;6;7;2015;21:20;7693;RUA RIO GRANDE DO SUL;RUA CEARA;;0;;Colis?úo Transversal;Via Iluminada;Bom;Seca;Cruz;Pare;Residencial;0;0;2;0;0;0;0;0;0;1;0;0;-3,758036000000000;-38,567187000000000
254579;6;7;2015;19:30;22937;AV DR SILAS MUNGUBA;RUA GOV JOAO CARLOS;;0;;Colis?úo Transversal;Via Iluminada;Bom;Seca;T;Sem?íforo;Comercial;0;1;1;1;0;0;0;0;0;1;0;0;-3,783950000000000;-38,553910000000000
254593;6;7;2015;12:00;0;AV JOSE BASTOS;;;4000;;Engavetamento;Luz do Dia;Bom;Seca;Meio de Quadra;Gesto;Comercial;0;0;3;1;0;0;0;0;0;0;0;0;-3,752996000000000;-38,553458000000000
254590;6;7;2015;14:55;12557;RUA CARLOS WALRAVEN;RUA GEORGE CAVALCANTE;;0;;Colis?úo Lateral;Luz do Dia;Bom;Seca;Cruz;Pare;Residencial;0;0;2;1;1;0;0;0;0;0;0;0;-3,719866000000000;-38,591740000000000
254588;6;7;2015;13:50;0;RUA JACINTO MATOS;;;449;;Colis?úo Lateral;Luz do Dia;Bom;Seca;Meio de Quadra;N?úo H?í Controle;Comercial;0;0;2;1;0;0;0;0;0;0;0;0;-3,714712000000000;-38,546341000000000
254620;6;7;2015;14:10;20042;AV PRS JUSCELINO KUBITSCHEK (PASSAR?ë);AV DR SILAS MUNGUBA;;0;;Colis?úo Lateral;Luz do Dia;Bom;Seca;Rotat??ria;D?¬ Prefer?¬ncia;Lazer;0;1;1;1;0;0;0;0;0;1;0;0;-3,807229000000000;-38,524782000000000
254621;6;7;2015;06:55;5118;RUA RUFINO DE ALENCAR;RUA VINTE E CINCO DE MARCO;;0;;Colis?úo Lateral;Anoitecer;Bom;Seca;T;N?úo H?í Controle;Residencial;0;0;2;1;0;0;0;0;0;0;0;0;-3,723953000000000;-38,520769000000000
254622;6;7;2015;08:30;0;AV GAL OSORIO DE PAIVA;;;7617;;Colis?úo Traseira;Luz do Dia;Bom;Seca;Meio de Quadra;Sem?íforo;Misto;0;0;2;1;0;0;0;0;0;0;0;0;-3,818845000000000;-38,615729000000000
254623;6;7;2015;09:45;0;AV LINEU MACHADO;;;841;;Atropelamento;Luz do Dia;Bom;Seca;Meio de Quadra;N?úo H?í Controle;Misto;1;1;0;0;0;0;0;0;0;1;0;0;;
254624;6;7;2015;14:20;7752;AV JOAO PESSOA;AV CARNEIRO DE MENDONCA;;0;;Colis?úo Traseira;Luz do Dia;Bom;Seca;Cruz;Sem?íforo;Misto;0;0;1;1;0;0;0;0;0;0;0;0;-3,767222000000000;-38,559808000000000
254625;6;7;2015;07:40;0;AV DR SILAS MUNGUBA;;;1700;;Colis?úo Lateral;Luz do Dia;Bom;Seca;Meio de Quadra;Outros;Comercial;0;1;3;1;0;0;0;0;0;1;0;0;-3,785332000000000;-38,552153000000000
254626;6;7;2015;08:00;12984;AV A CJ JOSE WALTER;AV M CJ JOSE WALTER;;0;;Colis?úo Transversal;Luz do Dia;Bom;Seca;Cruz;Pare;Residencial;0;1;1;1;0;0;0;0;0;0;0;0;-3,824397000000000;-38,555667000000000
254627;6;7;2015;15:45;340;RUA CESAR FONTENELE;RUA DOM JOSE LOURENCO  D27;;0;;Colis?úo Transversal;;Bom;Seca;Cruz;Pare;Residencial;0;1;1;1;0;0;0;0;0;1;0;0;-3,745892000000000;-38,557429000000000
254628;6;7;2015;;5051;RUA SEN POMPEU;RUA SEN JAGUARIBE;;0;;Colis?úo Lateral;Via Iluminada;Bom;Seca;Cruz;Pare;Comercial;0;0;2;1;0;0;0;0;0;0;0;0;-3,721667000000000;-38,528055000000000
254629;6;7;2015;14:30;0;AV DEP PAULINO ROCHA;;;0;;Colis?úo Traseira;Luz do Dia;Bom;Seca;Meio de Quadra;Pare;Lazer;0;0;2;1;0;0;1;0;0;0;0;0;;
254630;6;7;2015;12:25;25069;RUA RAUL CABRAL;AV DOS EXPEDICIONARIOS;;0;;Colis?úo Transversal;Luz do Dia;Bom;Seca;Cruz;N?úo H?í Controle;Comercial;0;0;2;1;0;0;0;0;0;0;0;0;-3,769605000000000;-38,542595000000000
254615;6;7;2015;15:50;1378;RUA DES LEITE ALBUQUERQUE;RUA OSVALDO CRUZ (ALDEOTA);;0;;Colis?úo Transversal;Luz do Dia;Bom;Seca;Cruz;Gesto;Comercial;0;0;2;1;0;0;0;0;0;0;0;0;-3,736598000000000;-38,500640000000000
254617;6;7;2015;12:30;0;RUA AGAPITO DOS SANTOS;;;800;;Colis?úo;Luz do Dia;Bom;Seca;Meio de Quadra;Pare;Comercial;0;0;3;1;0;0;0;0;0;0;0;0;-3,728148000000000;-38,539446000000000
254618;6;7;2015;08:30;0;RUA EDUARDO BEZERRA;;;290;;Atropelamento;Luz do Dia;Bom;Seca;Meio de Quadra;N?úo H?í Controle;Residencial;0;1;1;1;0;0;0;0;0;0;0;0;-3,754139000000000;-38,516869000000000
254632;6;7;2015;06:15;0;RUA BENTO ALBUQUERQUE;;;485;;Colis?úo Lateral;Luz do Dia;Bom;Seca;Meio de Quadra;N?úo H?í Controle;Residencial;0;1;1;0;0;0;0;0;0;1;0;0;-3,743299000000000;-38,484606000000000
254633;6;7;2015;10:30;0;AV DES GONZAGA;;;0;;Colis?úo Lateral;Luz do Dia;Bom;Seca;Meio de Quadra;N?úo H?í Controle;Residencial;0;0;2;1;0;0;1;0;0;0;0;0;;
254634;6;7;2015;;0;AV PRS COSTA E SILVA;;;321;;Colis?úo Frontal;Luz do Dia;Bom;Seca;Meio de Quadra;N?úo H?í Controle;Residencial;0;0;1;0;0;0;0;0;0;0;0;0;;
254635;6;7;2015;18:00;0;AV DOM MANUEL;;;101;;Colis?úo Traseira;Anoitecer;Bom;Seca;Meio de Quadra;;Comercial;0;0;2;1;0;0;0;0;0;0;0;0;-3,725105000000000;-38,520070000000000
254610;6;7;2015;20:40;19656;AV BEZERRA DE MENEZES;RUA PRO JOSE DE BARCELOS;;0;;Colis?úo Transversal;Via Iluminada;Bom;Seca;T;Sem?íforo;Comercial;0;1;1;1;1;0;0;0;0;0;0;0;-3,732898000000000;-38,551066000000000
254612;6;7;2015;17:00;9154;AV 13 DE MAIO;RUA DOM SEBASTIAO LEME;;0;;Colis?úo Transversal;Anoitecer;Bom;Seca;T;N?úo H?í Controle;Misto;0;1;1;1;0;0;0;0;0;1;0;0;-3,752832000000000;-38,525221000000000
254613;6;7;2015;14:30;10609;RUA ELISEU UCHOA BECCO;RUA OLIMPIO GALDINO DE SOUSA;;0;;Colis?úo Transversal;Luz do Dia;Bom;Seca;Cruz;Pare;Residencial;0;0;2;1;0;0;0;0;0;0;0;0;-3,759641000000000;-38,486414000000000
254605;6;7;2015;13:40;15204;AV ABOLICAO;RUA JULIO IBIAPINA;;0;;Colis?úo Traseira;Luz do Dia;Bom;Seca;Cruz;Sem?íforo;Comercial;0;1;1;1;0;0;0;0;0;1;0;0;-3,726679000000000;-38,491290000000000
254607;6;7;2015;14:40;0;AV MON TABOSA;;;552;;Colis?úo Lateral;Luz do Dia;Bom;Seca;Meio de Quadra;N?úo H?í Controle;Comercial;0;1;1;1;0;0;0;0;0;1;0;0;-3,723889000000000;-38,514399000000000
254602;6;7;2015;10:20;1432;AV SANTOS DUMONT;AV SEN VIRGILIO TAVORA;;0;;Colis?úo Traseira;Luz do Dia;Bom;Seca;Cruz;Sem?íforo;Comercial;0;0;2;1;1;0;0;0;0;0;0;0;-3,737828000000000;-38,493482000000000
254603;6;7;2015;07:20;0;AV JOSE SABOIA;;;495;;Colis?úo;Amanhecer;Bom;Seca;Meio de Quadra;N?úo H?í Controle;Comercial;0;1;1;1;0;0;1;0;0;0;0;0;-3,717130000000000;-38,467434000000000
254596;6;7;2015;06:00;7990;RUA JOAO SORONGO;RUA CARLOS CAMARA;;0;;Colis?úo Lateral;Luz do Dia;Bom;Seca;Cruz;Pare;Comercial;0;0;2;1;0;0;0;0;0;0;0;0;-3,749406000000000;-38,545224000000000
263287;6;7;2015;06:44;0;RUA DOM CARLOTO TAVORA;;;0;;Colis?úo;Luz do Dia;;;Meio de Quadra;;;0;1;0;0;0;0;0;0;0;1;0;0;;
263288;6;7;2015;07:31;0;RUA JOSE HIPOLITO;;;0;;Colis?úo;Luz do Dia;;;Meio de Quadra;;;0;1;2;1;0;0;0;0;0;1;0;0;;
263289;6;7;2015;10:30;0;AV CESAR CALS;;;0;;Atropelamento;Luz do Dia;;;Meio de Quadra;;;0;1;1;1;0;0;0;0;0;0;0;0;;
263290;6;7;2015;11:13;0;RUA MARIA JULIA;;;0;;Colis?úo;Luz do Dia;;;Meio de Quadra;;;0;1;1;1;0;0;0;0;0;1;0;0;;
263291;6;7;2015;12:38;0;AV WASHINGTON SOARES;;;909;SHOPPING SALINAS;Colis?úo;Luz do Dia;;;Meio de Quadra;;;0;1;1;1;0;0;0;0;0;1;0;0;-3,762147000000000;-38,482824000000000
263292;6;7;2015;13:46;11761;RUA JACINTO MATOS;AV PRS CASTELO BRANCO;;0;;Colis?úo;Luz do Dia;;;T;Sem?íforo;Residencial;0;1;1;1;0;0;0;0;0;1;0;0;-3,714630000000000;-38,546333000000000
263293;6;7;2015;14:01;0;AV CAP WALDEMAR PAULA LIMA;;;0;;Colis?úo;Luz do Dia;;;Meio de Quadra;;;0;1;0;0;0;0;0;0;0;1;0;0;;
263294;6;7;2015;15:03;0;RUA LONDRINA;;;0;;Colis?úo;Luz do Dia;;;Meio de Quadra;;;0;1;0;0;0;0;0;0;0;0;0;0;;
263295;6;7;2015;16:36;0;RUA VALPARAISO;;;0;;Atropelamento;Luz do Dia;;;Meio de Quadra;;;0;1;1;0;0;0;0;0;0;1;0;0;;
263296;6;7;2015;17:48;0;AV PRS CASTELO BRANCO;;;0;;Queda;Anoitecer;;;Meio de Quadra;;;0;1;0;0;0;0;0;0;0;1;0;0;;
263364;6;7;2015;21:53;18108;AV DIOGUINHO;AV SANTOS DUMONT;;0;;Queda;;;;Cruz;Sem?íforo;Comercial;0;1;0;0;0;0;0;0;0;1;0;0;-3,747029000000000;-38,450425000000000
263365;6;7;2015;22:12;0;RUA ROSINHA SAMPAIO;;;964;;Colis?úo;;;;Meio de Quadra;;;0;1;1;1;0;0;0;0;0;1;0;0;-3,726731000000000;-38,587596000000000
263298;6;7;2015;18:28;9772;RUA JOSE MARTINS;RUA TRES CORACOES;;0;;Colis?úo;Anoitecer;;;;;;0;2;1;1;0;0;0;0;0;1;0;0;-3,786341000000000;-38,609601000000000
263366;7;7;2015;06:41;0;AV AUGUSTO DOS ANJOS;;;0;;Atropelamento;Luz do Dia;;;Meio de Quadra;;;0;1;1;0;0;0;0;0;0;0;0;0;;
263367;7;7;2015;07:34;0;AV ROGACIANO LEITE;;;0;;Colis?úo;Luz do Dia;;;Meio de Quadra;;;0;1;0;0;0;0;0;0;0;0;0;0;;
263368;7;7;2015;08:27;5295;AV IMPERADOR;RUA PEDRO I;;0;;Atropelamento;Luz do Dia;;;Cruz;Sem?íforo;Comercial;0;1;1;0;0;0;1;0;0;0;0;0;-3,729161000000000;-38,535035000000000
259051;7;7;2015;10:30;0;RD BR 222;;;0;KM-01;Colis?úo Traseira;Luz do Dia;Bom;Seca;Meio de Quadra;N?úo H?í Controle;Comercial;0;0;2;1;0;0;0;0;0;0;0;0;-3,737774000000000;-38,577952000000000
259074;7;7;2015;08:30;0;RD BR 116;;;12000;KM-12;Colis?úo Lateral;Luz do Dia;Bom;Seca;Meio de Quadra;N?úo H?í Controle;Comercial;0;0;2;1;0;0;1;0;0;0;0;0;-3,855740000000000;-38,496066000000000
262982;7;7;2015;15:15;0;RUA BERNARDO MANUEL;;;7718;;Colis?úo;Luz do Dia;;;Meio de Quadra;;;0;0;3;1;0;0;0;0;0;0;0;0;-3,785654000000000;-38,547397000000000
254597;7;7;2015;18:00;1523;RUA DR JOSE LOURENCO;RUA ROCHA LIMA;;0;;Colis?úo Lateral;Via Iluminada;Bom;Seca;Cruz;Pare;Comercial;0;0;2;1;0;0;0;0;0;0;0;0;-3,740430000000000;-38,509641000000000
254598;7;7;2015;20:00;0;AV GOV RAUL BARBOSA;;;6572;;Colis?úo Traseira;Via Iluminada;Bom;Seca;Meio de Quadra;N?úo H?í Controle;Comercial;0;0;2;1;0;0;0;0;0;0;0;0;-3,771749000000000;-38,511488000000000
254599;7;7;2015;15:10;1331;RUA MARCOS MACEDO;RUA CEL LINHARES;;0;;Colis?úo Transversal;Luz do Dia;Bom;Seca;Cruz;Pare;Residencial;0;0;2;1;0;0;0;0;0;0;0;0;-3,735526000000000;-38,493827000000000
254604;7;7;2015;05:00;0;AV SEN CARLOS JEREISSATI (AEROPORTO);;;3000;AEROPORTO;Colis?úo Traseira;Amanhecer;Bom;Seca;Meio de Quadra;N?úo H?í Controle;Comercial;0;0;2;1;0;0;0;0;0;0;0;0;-3,780382000000000;-38,541414000000000
254601;7;7;2015;13:00;5037;RUA PESSOA ANTA;RUA GUILHERME BLHUM;;0;;Colis?úo Transversal;Luz do Dia;Bom;Seca;T;Pare;Comercial;0;1;1;1;0;0;0;0;0;1;0;0;-3,721113000000000;-38,522017000000000
254608;7;7;2015;15:15;0;AV SEN VIRGILIO TAVORA;;;2225;;Atropelamento;Luz do Dia;Bom;Seca;Meio de Quadra;N?úo H?í Controle;Misto;0;0;2;0;0;0;0;0;0;1;0;0;-3,746164000000000;-38,496147000000000
254606;7;7;2015;07:50;0;AV FRE CIRILO;;;3571;;Colis?úo Traseira;Luz do Dia;Bom;Seca;Meio de Quadra;Sem?íforo;Comercial;0;0;2;1;1;0;0;0;0;0;0;0;-3,815613000000000;-38,498157000000000
254614;7;7;2015;07:40;10427;RUA 30 DE MAIO D73;RUA ALVES BATISTA;;0;;Colis?úo Transversal;Luz do Dia;Bom;Seca;Cruz;N?úo H?í Controle;Residencial;0;1;2;1;0;0;0;0;0;1;0;0;-3,762797000000000;-38,601748000000000
254611;7;7;2015;07:20;7401;AV SEN FERNANDES TAVORA;RUA AUDISIO PINHEIRO;;0;;Colis?úo Transversal;Luz do Dia;Bom;Seca;Cruz;Sem?íforo;Comercial;0;1;1;1;0;0;0;0;0;1;0;0;-3,758593000000000;-38,588886000000000
254616;7;7;2015;11:55;8794;RUA MARCELINO LOPES;RUA MIN ABNER VASCONCELOS;;0;;Colis?úo Lateral;Luz do Dia;Bom;Seca;Cruz;Pare;Comercial;0;0;2;1;0;0;0;0;0;0;0;0;-3,793134000000000;-38,479299000000000
254631;7;7;2015;11:55;15397;RUA FAUSTO AGUIAR;RUA HOMEM DE MELO;;0;;Colis?úo Lateral;Luz do Dia;Bom;Seca;T;Pare;Residencial;0;0;2;1;1;0;0;0;0;0;0;0;-3,814719000000000;-38,492437000000000
254589;7;7;2015;10:00;675;AV PASTEUR;RUA CRUZEIRO DO SUL;;0;;Colis?úo Lateral;Luz do Dia;Bom;Seca;Cruz;Pare;Comercial;0;0;2;1;0;0;0;0;0;1;0;0;;
254594;7;7;2015;10:00;13021;AV I CJ JOSE WALTER;AV A CJ JOSE WALTER;;0;;Colis?úo Lateral;Luz do Dia;Bom;Seca;Cruz;Pare;Residencial;0;0;2;1;0;0;0;0;0;0;0;0;-3,825834000000000;-38,550935000000000
254595;7;7;2015;11:45;0;AV WENEFRIDO MELO;;;390;;Colis?úo Transversal;Luz do Dia;Bom;Seca;Meio de Quadra;Sem?íforo;Residencial;0;0;2;1;0;0;0;0;0;0;0;0;-3,811056000000000;-38,575518000000000
254592;7;7;2015;19:00;0;RUA DA SAUDADE D04;;;161;;Colis?úo Lateral;Luz do Dia;Bom;Seca;Meio de Quadra;N?úo H?í Controle;Residencial;0;1;1;1;0;0;0;0;0;1;0;0;-3,719829000000000;-38,533366000000000
254581;7;7;2015;13:20;0;AV PRS COSTA E SILVA;;;5581;;Colis?úo Traseira;Luz do Dia;Bom;Seca;Meio de Quadra;Gesto;Comercial;0;0;2;1;0;0;0;0;0;0;0;0;-3,828937000000000;-38,529493000000000
254582;7;7;2015;10:00;0;RUA 1020 CJ CEARA;;;121;;Colis?úo Transversal;Luz do Dia;Bom;Seca;Meio de Quadra;Gesto;Residencial;0;0;2;1;0;0;0;0;0;1;0;0;-3,769962000000000;-38,616348000000000
254583;7;7;2015;12:20;15275;RUA JOSE VILAR;RUA TEN AMAURI PIO;;0;;Colis?úo Lateral;Luz do Dia;Bom;Seca;T;Pare;Residencial;0;0;2;1;0;0;0;0;0;0;0;0;-3,728727000000000;-38,502395000000000
254587;7;7;2015;07:40;0;AV AGUANAMBI;;;69;;Engavetamento;Luz do Dia;Bom;Seca;Meio de Quadra;Sem?íforo Intermitente;Comercial;0;0;3;1;0;0;0;0;0;0;0;0;-3,736950000000000;-38,523995000000000
254637;7;7;2015;15:45;0;AV DOM LUIS;;;251;;Colis?úo Traseira;Luz do Dia;Bom;Seca;Meio de Quadra;Gesto;Comercial;0;0;2;1;1;0;0;0;0;0;0;0;-3,732694000000000;-38,499105000000000
254639;7;7;2015;15:30;0;RUA GAL SAMPAIO;;;1366;;Colis?úo Transversal;Luz do Dia;Bom;Seca;Meio de Quadra;N?úo H?í Controle;Comercial;0;0;2;1;1;0;0;0;0;0;0;0;-3,730361000000000;-38,531808000000000