COD_ACIDENTE;DIA;MES;ANO;HORA;INTERSECAO;LOG1;LOG2;LOG3;NUMERO;REFERENCIA;NATUREZA;ILUMINACAO;TEMPO;SUPERFICIEPISTA;TIPOCRUZAMENTO;CONTROLETRAFEGO;USOSOLO;MORTOS;FERIDOS;ILESOS;AUTOMOVEL;ONIBUS;BICICLETA;CAMINHAO;MICROONIBUS;CICLOMOTOR;MOTOCICLETA;TRACAOANIMAL;TREM;LATITUDE;LONGITUDE
254641;7;7;2015;13:15;0;AV PRS CASTELO BRANCO;;;709;;Colis?úo Transversal;Luz do Dia;Bom;Seca;Meio de Quadra;Sem?íforo;Comercial;0;0;2;1;0;0;1;0;0;0;0;0;;
254642;7;7;2015;07:30;0;AV BEZERRA DE MENEZES;;;502;HIPER BOMPRE?çO;Colis?úo Traseira;Luz do Dia;Bom;Seca;Meio de Quadra;N?úo H?í Controle;Comercial;0;0;3;1;0;0;0;0;0;0;0;0;-3,731698000000000;-38,545486000000000
254644;7;7;2015;14:15;11339;AV BENJAMIM BRASIL;AV GODOFREDO MACIEL;;0;;Colis?úo Transversal;Luz do Dia;Bom;Seca;Cruz;Sem?íforo;Comercial;0;0;2;1;0;0;1;0;0;0;0;0;-3,803264000000000;-38,572040000000000
254646;7;7;2015;09:45;0;AV JOAO PESSOA;;;7189;;Outros;Luz do Dia;Bom;Seca;Meio de Quadra;N?úo H?í Controle;Comercial;0;0;2;0;0;0;0;1;0;0;0;0;-3,772909000000000;-38,562153000000000
254648;7;7;2015;18:30;0;RUA EDUARDO GARCIA;;;555;;Colis?úo Traseira;Anoitecer;Bom;Seca;Meio de Quadra;N?úo H?í Controle;Comercial;0;0;2;1;0;0;0;0;0;0;0;0;-3,739816000000000;-38,494021000000000
254652;7;7;2015;08:20;23401;RUA CAP TIBURCIO DA FROTA;RUA FIS VIEIRA;;0;;Colis?úo Transversal;Luz do Dia;Bom;Seca;Cruz;Pare;Residencial;0;0;2;1;0;0;0;0;0;1;0;0;-3,755115000000000;-38,515629000000000
254653;7;7;2015;07:45;0;AV GOV RAUL BARBOSA;;;6666;;Colis?úo Transversal;Luz do Dia;Bom;Seca;Meio de Quadra;N?úo H?í Controle;Misto;0;0;2;0;0;0;0;0;0;1;0;0;-3,772572000000000;-38,512345000000000
254650;7;7;2015;09:00;0;AV ABOLICAO;;;2960;;Colis?úo Traseira;Luz do Dia;Bom;Seca;Meio de Quadra;N?úo H?í Controle;Comercial;0;0;2;1;0;0;1;0;0;0;0;0;-3,726939000000000;-38,493002000000000
254656;7;7;2015;06:40;0;RUA GAL RABELO;;;0;;Colis?úo Frontal;Luz do Dia;Bom;Seca;Meio de Quadra;Outros;Residencial;0;1;1;0;0;0;1;0;0;1;0;0;;
254659;7;7;2015;19:40;634;AV PASTEUR;RUA GOMES PASSOS;;0;;Colis?úo Lateral;Via Iluminada;Bom;Seca;Cruz;N?úo H?í Controle;Residencial;0;0;2;1;0;0;1;0;0;0;0;0;-3,711941000000000;-38,559096000000000
254660;7;7;2015;18:00;0;RUA GAL PIRAGIBE;;;0;;Colis?úo Transversal;Via Iluminada;Bom;Seca;Meio de Quadra;Pare;Residencial;0;0;2;1;0;0;0;0;0;0;0;0;;
254662;7;7;2015;20:00;11836;RUA JACINTO MATOS;RUA MON DANTAS;;0;;Colis?úo Transversal;Via Iluminada;Bom;Seca;Cruz;Pare;Residencial;0;1;2;1;0;0;0;0;0;1;0;0;-3,719714000000000;-38,546800000000000
254665;7;7;2015;00:50;0;AV PRS COSTA E SILVA;;;0;;Engavetamento;Luz do Dia;Bom;Seca;Meio de Quadra;;Residencial;0;0;4;1;0;0;0;0;0;1;0;0;;
254667;7;7;2015;09:40;0;RUA JUVENAL GALENO;;;512;;Colis?úo Lateral;Luz do Dia;Bom;Seca;Outros;N?úo H?í Controle;Comercial;0;0;2;1;0;0;0;0;0;0;0;0;-3,738838000000000;-38,539361000000000
254671;7;7;2015;13:40;19669;RUA GUSTAVO SAMPAIO;RUA PRO RAIMUNDO ARRUDA;;0;;Colis?úo Transversal;Luz do Dia;Bom;Seca;Cruz;Pare;Residencial;0;1;1;1;0;0;0;0;0;1;0;0;-3,734328000000000;-38,551915000000000
254678;7;7;2015;14:40;1324;RUA TORRES CAMARA;RUA DR JOSE LOURENCO;;0;;Colis?úo Transversal;Luz do Dia;Bom;Seca;Cruz;Pare;Comercial;0;2;1;0;0;0;0;0;0;1;0;0;-3,735281000000000;-38,508053000000000
254675;7;7;2015;20:25;24990;AV PRS COSTA E SILVA;AV PRS JUSCELINO KUBITSCHEK (PASSAR?ë);;0;;Engavetamento;Via Iluminada;Bom;Seca;T;Sem?íforo;Residencial;0;0;3;0;1;0;1;0;0;0;0;0;-3,825648000000000;-38,539516000000000
254691;7;7;2015;15:00;0;AV DR SILAS MUNGUBA;;;4392;;Colis?úo Traseira;Luz do Dia;Bom;Seca;Meio de Quadra;Gesto;Comercial;0;0;2;1;0;0;0;0;0;0;0;0;-3,792890000000000;-38,535227000000000
254692;7;7;2015;07:15;0;AV JOAO PESSOA;;;4595;;Colis?úo Lateral;Luz do Dia;Bom;Seca;Outros;;Comercial;0;0;2;1;0;0;0;0;0;0;0;0;-3,752820000000000;-38,549818000000000
254688;7;7;2015;16:15;0;AV PRO GOMES DE MATOS;;;1349;;Colis?úo Lateral;Luz do Dia;Bom;Seca;Meio de Quadra;N?úo H?í Controle;Comercial;0;0;2;1;1;0;0;0;0;0;0;0;-3,763943000000000;-38,548018000000000
259487;7;7;2015;01:40;0;RD CE-040;;;0;KM-04;Capotamento;Via Iluminada;Bom;Seca;Meio de Quadra;N?úo H?í Controle;Comercial;1;0;0;1;0;0;0;0;0;0;0;0;-3,792050000000000;-38,480251000000000
259488;7;7;2015;13:10;0;AV SEN CARLOS JEREISSATI (AEROPORTO);;;0;KM 03;Colis?úo;Luz do Dia;Bom;Seca;Meio de Quadra;;Comercial;0;1;1;1;0;0;0;0;0;1;0;0;-3,780382000000000;-38,541414000000000
259489;7;7;2015;14:00;0;AV SEN CARLOS JEREISSATI (AEROPORTO);;;0;KM 01;Colis?úo;Luz do Dia;Bom;Seca;Meio de Quadra;N?úo H?í Controle;Comercial;0;0;2;1;0;0;0;0;0;0;0;0;-3,783803000000000;-38,520356000000000
259491;7;7;2015;15:30;0;AV SEN CARLOS JEREISSATI (AEROPORTO);;;0;KM 01;Colis?úo;Luz do Dia;Bom;Seca;Meio de Quadra;N?úo H?í Controle;Comercial;0;0;2;1;0;0;0;0;0;0;0;0;-3,783803000000000;-38,520356000000000
263371;7;7;2015;17:52;0;AV PRS COSTA E SILVA;;;0;;Colis?úo;Anoitecer;;;Meio de Quadra;;;0;1;0;0;0;0;0;0;0;0;0;0;;
263372;7;7;2015;18:41;15815;RUA MANUEL CASTELO BRANCO;RUA CEL GUILHERME ALENCAR;;0;;Colis?úo;;;;Cruz;Pare;Comercial;0;1;1;1;0;0;0;0;0;1;0;0;-3,831934000000000;-38,491829000000000
263373;7;7;2015;19:03;0;RUA DORALICE COSTA;;;0;;Colis?úo;;;;Meio de Quadra;;;0;1;1;0;0;0;0;0;0;1;0;0;;
263374;7;7;2015;19:09;0;AV GAL OSORIO DE PAIVA;;;0;;Queda;;;;Meio de Quadra;;;0;1;0;0;0;0;0;0;0;1;0;0;;
263375;7;7;2015;20:19;0;RUA SAO PAULO;;;0;;Colis?úo;;;;Meio de Quadra;;;0;1;0;0;0;0;0;0;0;0;0;0;;
263382;7;7;2015;21:49;0;RUA ANA FACO;;;0;;Queda;;;;Meio de Quadra;;;0;1;0;0;0;1;0;0;0;0;0;0;;
269095;7;7;2015;10:58;10885;RUA CUIABA;RUA TUPI D35;;0;;Colis?úo;Luz do Dia;;;;;;0;0;2;0;0;0;0;0;0;0;0;0;-3,767102000000000;-38,582496000000000
269108;7;7;2015;17:43;0;AV PRS COSTA E SILVA;;;3021;;Atropelamento;Anoitecer;;;Meio de Quadra;;;0;0;2;0;0;0;0;0;0;0;0;0;;
269102;7;7;2015;15:23;0;AV GOV RAUL BARBOSA;;;0;;Colis?úo;Luz do Dia;;;Meio de Quadra;;;0;0;2;0;0;0;0;0;0;0;0;0;;
269111;7;7;2015;21:32;23770;RUA COSTA FREIRE;RUA LINS DO REGO;;0;;Colis?úo;;;;Cruz;Pare;Residencial;0;0;2;0;0;0;0;0;0;0;0;0;-3,783248000000000;-38,576684000000000
269114;7;7;2015;21:55;0;RUA 4 CJ JOSE WALTER;;;0;;Atropelamento;;;;Meio de Quadra;;;0;0;2;0;0;0;0;0;0;0;0;0;;
269098;7;7;2015;14:46;0;RUA SAO JOAO D20;;;20;;Colis?úo;Luz do Dia;;;Meio de Quadra;;;0;0;2;0;0;0;0;0;0;0;0;0;-3,715651000000000;-38,549363000000000
269164;8;7;2015;17:09;0;AV VIS RIO BRANCO;;;1040;;Atropelamento;Anoitecer;;;Meio de Quadra;;;0;0;2;0;0;0;0;0;0;0;0;0;;
269156;8;7;2015;16:40;0;RUA MARIA G DE MEDEIROS;;;36;;Colis?úo;Luz do Dia;;;Meio de Quadra;;;0;0;2;0;0;0;0;0;0;0;0;0;-3,783853000000000;-38,476918000000000
269152;8;7;2015;16:22;0;RUA SILVA PAULET;;;2526;;Colis?úo;Luz do Dia;;;Meio de Quadra;;;0;0;2;0;0;0;0;0;0;0;0;0;-3,746462000000000;-38,509321000000000
269139;8;7;2015;16:09;0;RUA JOSE HIPOLITO;;;575;;Colis?úo;Luz do Dia;;;Meio de Quadra;;;0;0;2;0;0;0;0;0;0;0;0;0;-3,833593000000000;-38,490316000000000
269137;8;7;2015;11:32;0;RUA BOM JESUS (GRANJA LISBOA);;;780;;Atropelamento;Luz do Dia;;;Meio de Quadra;;;0;0;2;0;0;0;0;0;0;0;0;0;-3,794606000000000;-38,600705000000000
263383;8;7;2015;04:50;0;AV BEZERRA DE MENEZES;;;0;;Colis?úo;;;;Meio de Quadra;;;0;1;1;1;0;0;0;0;0;1;0;0;;
263384;8;7;2015;06:19;0;AV ALM HENRIQUE SABOIA;;;0;;Queda;Luz do Dia;;;Meio de Quadra;;;0;1;0;0;0;0;0;0;0;1;0;0;;
263385;8;7;2015;11:23;14624;RUA HERMINIO DE CASTRO;AV JOSE LEON;;0;;Colis?úo;Luz do Dia;;;;;;0;1;1;1;0;0;0;0;0;1;0;0;-3,791637000000000;-38,486375000000000
263386;8;7;2015;16:03;0;AV WASHINGTON SOARES;;;0;;Colis?úo;Luz do Dia;;;Meio de Quadra;;;0;1;1;1;0;0;0;0;0;1;0;0;;
263387;8;7;2015;16:21;0;RUA HOLANDA;;;0;;Queda;Luz do Dia;;;Meio de Quadra;;;0;1;0;0;0;0;0;0;0;1;0;0;;
263388;8;7;2015;16:49;0;AV BEZERRA DE MENEZES;;;0;;Colis?úo;Luz do Dia;;;Meio de Quadra;;;0;1;0;0;0;0;0;0;0;0;0;0;;
263390;8;7;2015;17:01;0;RUA BAR RIO BRANCO;;;0;;Atropelamento;Anoitecer;;;Meio de Quadra;;;0;1;1;0;0;0;0;0;0;1;0;0;;
263399;8;7;2015;20:26;0;RUA 701 CJ CEARA;;;0;;Colis?úo;;;;Meio de Quadra;;;0;1;1;0;0;0;0;0;0;1;0;0;;
263400;8;7;2015;20:37;3335;RUA VIRIATO RIBEIRO;RUA MARIO DE ANDRADE;;0;;Colis?úo;;;;Cruz;Pare;Residencial;0;1;1;1;0;0;0;0;0;1;0;0;-3,749713000000000;-38,561808000000000
263401;8;7;2015;21:49;0;AV DOS EXPEDICIONARIOS;;;0;;Queda;;;;Meio de Quadra;;;0;1;0;0;0;0;0;0;0;1;0;0;;
259492;8;7;2015;07:15;0;RD CE-040;;;0;KM-10;Colis?úo;Luz do Dia;Bom;Seca;Meio de Quadra;N?úo H?í Controle;Comercial;0;1;1;1;0;0;0;0;0;1;0;0;-3,838671000000000;-38,480068000000000
259496;8;7;2015;08:00;0;RD CE-040;;;0;KM-13;Colis?úo;Luz do Dia;Bom;Seca;Meio de Quadra;;Comercial;0;1;2;1;0;0;0;0;0;0;0;0;-3,857083000000000;-38,472314000000000
259497;8;7;2015;14:30;0;RD CE-040;;;0;KM-12;Colis?úo;Luz do Dia;Bom;Seca;Meio de Quadra;;Comercial;0;2;0;1;0;0;0;0;0;1;0;0;-3,848945000000000;-38,476237000000000
259498;8;7;2015;01:30;0;RD CE-040;;;0;KM-08;Colis?úo;Via Iluminada;Bom;Seca;Meio de Quadra;N?úo H?í Controle;Comercial;0;0;2;1;0;0;0;0;0;0;0;0;-3,823332000000000;-38,481317000000000
269166;8;7;2015;17:48;1825;RUA MARIA QUINTINO;RUA JOSE MOREIRA;;0;;Colis?úo;Anoitecer;;;;;;0;0;2;0;0;0;0;0;0;0;0;0;-3,857732000000000;-38,501171000000000
254693;8;7;2015;14:50;23451;RUA PAULO FIRMEZA;RUA SABINO MONTE;;0;;Colis?úo Lateral;Luz do Dia;Bom;Seca;Cruz;Pare;Residencial;0;1;1;1;0;0;0;0;0;1;0;0;-3,757031000000000;-38,511850000000000
254686;8;7;2015;05:00;0;AV PERIMETRAL;;;1801;;Choque c/ Obst?ículo Fixo;Amanhecer;Bom;Seca;Meio de Quadra;N?úo H?í Controle;Comercial;0;0;1;0;1;0;0;0;0;0;0;0;;
254664;8;7;2015;09:00;0;RUA MARTINS CARVALHO;;;0;;Colis?úo Transversal;Luz do Dia;Bom;Seca;Meio de Quadra;Pare;Residencial;0;2;0;0;0;0;0;0;0;1;0;0;;
254670;8;7;2015;17:00;5189;RUA PEDRO PEREIRA;RUA PDE IBIAPINA;;0;;Colis?úo;Luz do Dia;Bom;Seca;Cruz;Pare;Escola;0;1;1;0;0;0;0;0;0;1;0;0;-3,725940000000000;-38,540601000000000
254661;8;7;2015;10:00;9189;RUA MARIO MAMEDE;RUA CAMPO AMOR ROCHA;;0;;Colis?úo Lateral;Luz do Dia;Bom;Molhada;Cruz;Outros;Residencial;0;0;2;1;0;0;0;0;0;0;0;0;-3,754388000000000;-38,525444000000000
254657;8;7;2015;08:30;5474;RUA J DA PENHA;RUA BARBARA DE ALENCAR;;0;;Choque c/ Obst?ículo Fixo;Luz do Dia;Bom;Seca;Cruz;Pare;Comercial;0;0;2;1;0;0;1;0;0;0;0;0;-3,736038000000000;-38,520055000000000
254638;8;7;2015;19:00;15227;AV ABOLICAO;AV DES MOREIRA;;0;;Colis?úo Transversal;Via Iluminada;Bom;Seca;Cruz;Sem?íforo;Comercial;0;0;2;1;1;0;0;0;0;0;0;0;-3,727331000000000;-38,495474000000000
262988;8;7;2015;11:50;8647;AV EDILSON B SOARES;RUA PRO SOLON FARIAS;;0;;Colis?úo;Luz do Dia;;;Cruz;Pare;Misto;0;0;2;1;0;0;1;0;0;0;0;0;-3,789155000000000;-38,477116000000000
262993;8;7;2015;23:10;6809;RUA BENTO ALBUQUERQUE;RUA CESAR FONSECA;;0;;Colis?úo;;;;Cruz;Pare;Residencial;0;0;2;1;1;0;0;0;0;0;0;0;-3,746679000000000;-38,474090000000000
262991;8;7;2015;14:35;0;AV JOSE LEON;;;0;;Colis?úo;Luz do Dia;;;Meio de Quadra;;;0;0;2;1;0;0;0;0;0;0;0;0;;
254709;8;7;2015;10:30;0;RUA TOMAS ACIOLI;;;2366;;Colis?úo Traseira;Luz do Dia;Nublado;Seca;Meio de Quadra;N?úo H?í Controle;Residencial;0;0;2;1;0;0;0;0;0;0;0;0;;
254740;8;7;2015;19:30;0;RUA VINTE E QUATRO DE MAIO;;;72;PRA?çA DA ESTA?ç?âO;Colis?úo;Luz do Dia;Bom;Seca;Outros;Outros;Comercial;0;1;1;0;1;1;0;0;0;0;0;0;-3,722287000000000;-38,530500000000000
254745;8;7;2015;18:30;19656;AV BEZERRA DE MENEZES;RUA PRO JOSE DE BARCELOS;;0;;Colis?úo Transversal;Anoitecer;Bom;Seca;T;Sem?íforo;Comercial;0;1;1;0;1;0;0;0;0;1;0;0;-3,732898000000000;-38,551066000000000
254751;8;7;2015;17:35;5499;RUA PDE VALDEVINO;RUA J DA PENHA;;0;;Colis?úo Transversal;Anoitecer;Bom;Seca;Cruz;Pare;Comercial;0;0;2;0;1;0;0;0;0;0;0;0;-3,737911000000000;-38,520695000000000
254753;8;7;2015;15:30;0;AV PRS COSTA E SILVA;;;5559;;Colis?úo Lateral;Luz do Dia;Bom;Seca;Meio de Quadra;N?úo H?í Controle;Comercial;0;1;1;0;0;0;1;0;0;1;0;0;;
254758;8;7;2015;09:10;15144;AV MON TABOSA;AV RUI BARBOSA;;0;;Colis?úo Traseira;Luz do Dia;;Molhada;Cruz;Pare;Comercial;0;0;2;1;0;0;0;0;0;0;0;0;-3,724441000000000;-38,505696000000000
254766;8;7;2015;16:10;0;RUA DR PEDRO BORGES;;;0;;Colis?úo Transversal;Luz do Dia;Bom;Seca;Meio de Quadra;Gesto;Comercial;0;0;2;1;0;0;1;0;0;0;0;0;;
254778;8;7;2015;09:50;8934;AV DOMINGOS OLIMPIO;RUA PDE MORORO;;0;;Colis?úo Transversal;Luz do Dia;Bom;Molhada;Cruz;Pare;Residencial;0;0;2;1;0;0;0;0;0;1;0;0;-3,733752000000000;-38,539949000000000
254779;8;7;2015;09:30;0;RUA AZEVEDO BARRETO;;;964;;Colis?úo Lateral;Luz do Dia;Nublado;Seca;Meio de Quadra;Outros;Residencial;0;0;2;0;1;0;1;0;0;0;0;0;-3,749295000000000;-38,594954000000000
254784;8;7;2015;08:30;4765;RUA STO AGOSTINHO D71;RUA MONTE PASCOAL;;0;;Colis?úo Transversal;Luz do Dia;Nublado;Seca;Cruz;Outros;Residencial;0;0;2;1;0;0;0;0;0;0;0;0;-3,804348000000000;-38,600530000000000
254789;8;7;2015;19:00;17334;RUA ALM RUFINO;RUA FRE VICENTE SALVADOR;;0;;Colis?úo Lateral;Via Iluminada;Bom;Seca;Cruz;Pare;Residencial;0;0;3;1;0;0;0;0;0;1;0;0;-3,765072000000000;-38,541996000000000
254793;8;7;2015;09:00;13396;RUA JOAO BRIGIDO;RUA BAR ARACATI;;0;;Colis?úo Transversal;Luz do Dia;Chuva;Molhada;Cruz;Pare;Residencial;0;0;2;1;0;0;0;0;0;0;0;0;-3,740939000000000;-38,514697000000000
254797;8;7;2015;07:30;24979;AV ALM HENRIQUE SABOIA;RUA PRO FRANCISCO GONCALVES;;0;;Colis?úo Traseira;Luz do Dia;Chuva;Molhada;Outros;;Residencial;0;1;1;1;0;0;0;0;0;1;0;0;-3,749278000000000;-38,493668000000000
254799;8;7;2015;08:35;7949;RUA OSVALDO CRUZ (ALDEOTA);RUA ISAC AMARAL;;0;;Colis?úo Lateral;Luz do Dia;Chuva;Molhada;Cruz;Pare;Residencial;0;0;2;1;0;0;1;0;0;0;0;0;-3,752487000000000;-38,505756000000000
254801;8;7;2015;09:40;0;AV JOVITA FEITOSA;;;2402;;Colis?úo Traseira;Luz do Dia;Chuva;Molhada;Meio de Quadra;N?úo H?í Controle;Comercial;0;0;2;1;0;0;0;0;0;0;0;0;-3,740298000000000;-38,558711000000000
254802;8;7;2015;18:00;17429;RUA RAUL CABRAL;RUA MIMOSA;;0;;Colis?úo Transversal;Anoitecer;Bom;Seca;Cruz;Pare;Residencial;0;1;1;1;0;0;0;0;0;1;0;0;-3,768620000000000;-38,545143000000000
254803;8;7;2015;07:30;0;RUA JOAQUIM MAGALHAES;;;0;;Colis?úo Transversal;Luz do Dia;Nublado;Molhada;Meio de Quadra;N?úo H?í Controle;Residencial;0;0;2;1;0;0;0;0;0;0;0;0;;
254804;8;7;2015;08:30;0;AV PRS COSTA E SILVA;;;0;;Colis?úo Lateral;Luz do Dia;Chuva;Molhada;Meio de Quadra;Pare;Comercial;0;0;2;1;0;0;1;0;0;0;0;0;;
254810;8;7;2015;06:30;0;AV GOV RAUL BARBOSA;;;0;;Colis?úo Traseira;Luz do Dia;Bom;Seca;Meio de Quadra;N?úo H?í Controle;Comercial;0;1;1;1;0;0;0;0;0;1;0;0;;
254812;8;7;2015;06:45;0;RUA TEN JAIME ANDRADE;;;0;;Colis?úo Lateral;Luz do Dia;Chuva;Molhada;Meio de Quadra;;Residencial;0;0;2;1;1;0;0;0;0;0;0;0;;
254817;8;7;2015;20:50;0;RUA TEBAS;;;0;;Colis?úo Frontal;Mal Iluminada;Bom;Seca;Meio de Quadra;N?úo H?í Controle;Residencial;0;0;2;1;0;0;0;0;0;1;0;0;;
254824;8;7;2015;08:40;13021;AV I CJ JOSE WALTER;AV A CJ JOSE WALTER;;0;;Colis?úo Lateral;Luz do Dia;Bom;Seca;Cruz;Pare;Residencial;0;2;1;0;0;0;1;0;0;1;0;0;-3,825834000000000;-38,550935000000000
254831;8;7;2015;21:00;0;RUA JOSE HIPOLITO;;;0;;Colis?úo Lateral;Via Iluminada;Bom;Seca;Meio de Quadra;Outros;Residencial;0;1;2;1;0;0;0;0;0;1;0;0;;
254822;8;7;2015;15:10;7884;AV ANTONIO SALES;RUA VICENTE LEITE;;0;;Colis?úo Lateral;Luz do Dia;Bom;Seca;Cruz;Pare;Comercial;0;0;2;1;0;0;0;0;0;0;0;0;-3,746656000000000;-38,498468000000000
274293;8;7;2015;18:20;0;AV ANTONIO SALES;;;806;;Engavetamento;Anoitecer;;;Meio de Quadra;;;0;0;1;1;0;0;0;0;0;0;0;0;-3,741683000000000;-38,514532000000000
259077;8;7;2015;10:05;0;RD BR 116;;;1000;KM-01;Colis?úo Traseira;Luz do Dia;Bom;Seca;Meio de Quadra;N?úo H?í Controle;Comercial;0;0;5;1;0;0;0;0;0;0;0;0;-3,762554000000000;-38,518702000000000
259082;8;7;2015;13:30;0;RD BR 116;;;3000;KM-03;Colis?úo Traseira;Luz do Dia;Bom;Seca;Meio de Quadra;N?úo H?í Controle;Comercial;0;0;2;1;0;0;0;0;0;0;0;0;-3,779838000000000;-38,514372000000000
259080;8;7;2015;12:10;0;RD BR 116;;;14000;KM-14;Tombamento;Luz do Dia;Bom;Seca;Meio de Quadra;N?úo H?í Controle;Comercial;0;0;1;0;0;0;1;0;0;0;0;0;-3,873523000000000;-38,499242000000000
254837;8;7;2015;07:40;24272;RUA TAVARES COUTINHO;RUA DR ALOISIO MAMEDE;;0;;Colis?úo Transversal;Luz do Dia;Bom;Seca;Cruz;Pare;Comercial;0;1;2;1;0;0;0;0;0;1;0;0;-3,732445000000000;-38,483864000000000
254835;8;7;2015;19:00;0;RUA PDE PEDRO DE ALENCAR;;;266;;Colis?úo Lateral;Via Iluminada;Bom;Seca;Meio de Quadra;Outros;Comercial;0;0;2;1;0;0;0;0;0;1;0;0;-3,829997000000000;-38,493794000000000
259083;9;7;2015;11:00;0;RD BR 116;;;0;;Colis?úo Lateral;Luz do Dia;Bom;Seca;Meio de Quadra;N?úo H?í Controle;Comercial;0;0;2;1;0;0;1;0;0;0;0;0;;
254705;9;7;2015;12:00;9176;AV AGUANAMBI;AV EDUARDO GIRAO;;0;;Colis?úo Traseira;Luz do Dia;Bom;Seca;Rotat??ria;Sem?íforo;Comercial;0;0;2;1;0;0;0;0;0;0;0;0;-3,755303000000000;-38,523639000000000
262996;9;7;2015;13:06;0;RUA NOSSA SRA APARECIDA;;;877;;Colis?úo;Luz do Dia;;;Meio de Quadra;;;0;0;2;1;1;0;0;0;0;0;0;0;-3,757551000000000;-38,604491000000000
263008;9;7;2015;17:05;0;RUA PRA HELOISA F LIMA;;;0;;Colis?úo;Anoitecer;;;Meio de Quadra;;;0;0;2;1;0;0;1;0;0;0;0;0;;
263017;9;7;2015;20:46;15821;AV JOR THOMAZ COELHO;RUA ANGELICA GURGEL;;0;;Colis?úo;;;;T;Pare;Comercial;0;0;2;0;1;0;0;0;0;1;0;0;-3,832400000000000;-38,499058000000000
263012;9;7;2015;18:36;0;AV DR SILAS MUNGUBA;;;0;;Colis?úo;;;;Meio de Quadra;;;0;0;2;1;1;0;0;0;0;0;0;0;;
263013;9;7;2015;19:29;0;RUA GAL TERTULIANO POTYGUARA;;;0;;Colis?úo;;;;Meio de Quadra;;;0;0;2;1;0;0;0;0;0;0;0;0;;
264162;9;7;2015;12:40;7335;RUA MACAPA;RUA COS ARAUJO LIMA;;0;;Colis?úo;Luz do Dia;;;;;;1;0;1;1;0;0;0;0;0;0;0;0;-3,750036000000000;-38,590096000000000
254640;9;7;2015;05:40;0;RUA METON DE ALENCAR;;;1791;;Colis?úo Lateral;Luz do Dia;Bom;Seca;Meio de Quadra;N?úo H?í Controle;Comercial;0;0;2;1;0;0;0;0;0;0;0;0;-3,730777000000000;-38,539497000000000
254645;9;7;2015;14:30;9237;AV EDUARDO GIRAO;RUA DR RATISBONA;;0;;Colis?úo Traseira;Luz do Dia;Bom;Seca;T;Pare;Misto;0;0;2;1;0;0;0;0;0;0;0;0;-3,754825000000000;-38,530274000000000
254643;9;7;2015;18:30;19144;RUA DES WALDETARIO P MOTA;RUA PEREIRA DE MIRANDA;;0;;Colis?úo;Via Iluminada;Bom;Seca;Cruz;Pare;Residencial;0;0;2;1;0;0;0;0;0;1;0;0;-3,739627000000000;-38,482385000000000
254654;9;7;2015;18:40;0;AV PONTES VIEIRA;;;177;VIADUTO;Colis?úo Traseira;Via Iluminada;Bom;Seca;Meio de Quadra;N?úo H?í Controle;Outros;0;0;2;1;0;0;0;0;0;0;0;0;-3,753338000000000;-38,518720000000000
254655;9;7;2015;16:40;9021;RUA CEL SOLON;AV FELINO BARROSO;;0;;Colis?úo Transversal;Luz do Dia;Bom;Seca;Cruz;Pare;Comercial;0;1;1;0;0;0;0;0;0;1;0;0;-3,743154000000000;-38,528653000000000
254649;9;7;2015;09:15;19252;AV JOAO PESSOA;RUA LIVINO DE CARVALHO;;0;;Colis?úo;;Bom;;T;;;0;0;2;0;1;0;0;0;0;0;0;0;-3,770275000000000;-38,561062000000000
254647;9;7;2015;14:30;9081;AV 13 DE MAIO;AV AGUANAMBI;;0;;Colis?úo Lateral;Luz do Dia;Bom;Seca;Cruz;;Comercial;0;0;2;0;1;0;0;0;0;0;0;0;-3,753844000000000;-38,523451000000000
254658;9;7;2015;05:55;19667;AV BEZERRA DE MENEZES;RUA ERETIDES MARTINS;;0;;Colis?úo Transversal;Amanhecer;Bom;Seca;Cruz;Sem?íforo;Comercial;0;1;1;1;0;0;0;0;0;1;0;0;-3,734232000000000;-38,557568000000000
254651;9;7;2015;16:30;5340;AV DUQ CAXIAS;RUA VINTE E QUATRO DE MAIO;;0;;Colis?úo Transversal;Anoitecer;Bom;Seca;Cruz;Sem?íforo;Comercial;0;1;1;1;0;0;0;0;1;0;0;0;-3,730708000000000;-38,533230000000000
254663;9;7;2015;07:35;0;AV DOMINGOS OLIMPIO;;;1199;;Colis?úo Traseira;Luz do Dia;Bom;Seca;Meio de Quadra;Outros;Comercial;0;1;2;1;0;0;0;0;1;1;0;0;;
254672;9;7;2015;08:40;0;AV BEZERRA DE MENEZES;;;370;;Colis?úo Traseira;Luz do Dia;Bom;Seca;Meio de Quadra;Sem?íforo;Residencial;0;0;2;1;0;0;0;0;0;0;0;0;-3,732209000000000;-38,547792000000000
254673;9;7;2015;04:00;7869;RUA BARBOSA DE FREITAS;RUA FRANCISCO HOLANDA;;0;;Colis?úo Transversal;Luz do Dia;Bom;Seca;Cruz;Pare;Comercial;0;0;2;1;0;0;0;0;0;0;0;0;-3,749671000000000;-38,501555000000000
254668;9;7;2015;13:30;11057;AV DR SILAS MUNGUBA;AV DOS EXPEDICIONARIOS;;0;;Colis?úo Lateral;;Bom;Seca;Cruz;Sem?íforo;Comercial;0;0;2;1;0;0;0;0;0;0;0;0;-3,787538000000000;-38,547960000000000