COD_ACIDENTE;DIA;MES;ANO;HORA;INTERSECAO;LOG1;LOG2;LOG3;NUMERO;REFERENCIA;NATUREZA;ILUMINACAO;TEMPO;SUPERFICIEPISTA;TIPOCRUZAMENTO;CONTROLETRAFEGO;USOSOLO;MORTOS;FERIDOS;ILESOS;AUTOMOVEL;ONIBUS;BICICLETA;CAMINHAO;MICROONIBUS;CICLOMOTOR;MOTOCICLETA;TRACAOANIMAL;TREM;LATITUDE;LONGITUDE
254669;9;7;2015;18:15;7884;AV ANTONIO SALES;RUA VICENTE LEITE;;0;;Colis?úo Transversal;;Bom;;Cruz;;Comercial;0;0;2;1;0;0;0;0;0;0;0;0;-3,746656000000000;-38,498468000000000
254666;9;7;2015;14:10;5184;RUA GUILHERME ROCHA;RUA VINTE E QUATRO DE MAIO;;0;;Colis?úo Traseira;Luz do Dia;Bom;Seca;Cruz;Pare;Comercial;0;1;1;0;0;0;1;0;0;1;0;0;-3,725813000000000;-38,531622000000000
254687;9;7;2015;07:30;0;AV HIS RAIMUNDO GIRAO;;;0;;Colis?úo Lateral;Luz do Dia;Bom;Seca;Meio de Quadra;Pare;Comercial;0;1;1;1;0;0;0;0;0;1;0;0;;
254676;9;7;2015;09:20;348;RUA PRO LINO ENCARNACAO;RUA CESAR FONTENELE;;0;;Colis?úo Lateral;Luz do Dia;Bom;Seca;Cruz;Pare;Comercial;0;0;2;1;0;0;0;0;0;0;0;0;-3,746359000000000;-38,559596000000000
254677;9;7;2015;02:23;6750;RUA BATISTA DE OLIVEIRA;RUA VILEBALDO AGUIAR;;0;;Colis?úo Transversal;Via Iluminada;Bom;Seca;Cruz;Pare;Residencial;0;1;1;1;0;0;0;0;0;0;0;0;-3,743019000000000;-38,480134000000000
254679;9;7;2015;14:00;0;AV GOV PARSIFAL BARROSO;;;600;;Colis?úo Traseira;Luz do Dia;Bom;Seca;Meio de Quadra;;Comercial;0;0;2;1;0;0;1;0;0;0;0;0;-3,731972000000000;-38,569038000000000
254680;9;7;2015;07:45;12496;AV CARNEIRO DE MENDONCA;AV LINEU MACHADO;;0;;Colis?úo Lateral;Luz do Dia;Bom;Seca;T;Sem?íforo;Comercial;0;0;2;1;0;0;0;0;0;0;0;0;-3,760403000000000;-38,574021000000000
254681;9;7;2015;10:00;0;AV DR SILAS MUNGUBA;;;0;;Atropelamento;Luz do Dia;Bom;Seca;Meio de Quadra;Sem?íforo;Outros;0;2;1;1;0;0;0;0;0;0;0;0;;
254682;9;7;2015;16:00;23375;RUA JOAQUIM NABUCO;RUA CAP TIBURCIO DA FROTA;;0;;Colis?úo Lateral;Luz do Dia;Bom;Seca;Cruz;Pare;Residencial;0;0;2;1;0;0;0;0;0;0;0;0;-3,754360000000000;-38,507482000000000
254684;9;7;2015;10:00;0;AV GOV PARSIFAL BARROSO;;;300;;Atropelamento;Luz do Dia;Bom;Seca;Meio de Quadra;N?úo H?í Controle;Residencial;0;2;0;0;0;0;0;0;0;1;0;0;-3,729806000000000;-38,569183000000000
254685;9;7;2015;06:50;4189;AV PRS CASTELO BRANCO;RUA FRANCISCO CORDEIRO;;0;;Colis?úo Lateral;Luz do Dia;Bom;Seca;Cruz;N?úo H?í Controle;Residencial;0;0;2;1;1;0;0;0;0;0;0;0;-3,713113000000000;-38,550593000000000
254695;9;7;2015;16:50;0;RUA CEL JUCA;;;0;;Colis?úo Lateral;Luz do Dia;Bom;Seca;;;;0;1;1;1;0;0;0;0;0;1;0;0;;
254696;9;7;2015;12:30;7805;RUA OSVALDO CRUZ (ALDEOTA);RUA FRANCISCO HOLANDA;;0;;Colis?úo Transversal;Luz do Dia;Bom;Seca;Cruz;Pare;Comercial;0;2;0;1;0;0;0;0;0;1;0;0;-3,748713000000000;-38,504543000000000
254697;9;7;2015;16:20;7760;AV ANTONIO SALES;RUA SILVA PAULET;;0;;Colis?úo Transversal;Luz do Dia;Bom;Seca;Cruz;Pare;Comercial;0;1;1;1;0;0;0;0;0;1;0;0;-3,743595000000000;-38,508383000000000
254689;9;7;2015;08:10;5437;RUA METON DE ALENCAR;RUA FLORIANO PEIXOTO;;0;;Colis?úo Transversal;Luz do Dia;Bom;Seca;Cruz;Pare;Comercial;0;0;2;1;0;0;1;0;0;0;0;0;-3,734071000000000;-38,529358000000000
254690;9;7;2015;14:20;1737;RUA CAP ARAGAO;RUA ALECRIN;;0;;Colis?úo Traseira;Luz do Dia;Bom;Seca;Cruz;Pare;Misto;0;0;2;1;0;0;1;0;0;0;0;0;-3,764185000000000;-38,509505000000000
254700;9;7;2015;17:00;12404;AV SEN FERNANDES TAVORA;AV LINEU MACHADO;;0;;Colis?úo Transversal;Luz do Dia;Bom;Seca;Cruz;N?úo H?í Controle;Misto;0;0;2;1;1;0;0;0;0;0;0;0;-3,765199000000000;-38,576540000000000
254703;9;7;2015;15:50;0;RUA METON DE ALENCAR;;;199;;Colis?úo Lateral;Luz do Dia;Bom;Seca;Meio de Quadra;N?úo H?í Controle;Comercial;0;1;2;1;0;0;0;0;0;1;0;0;;
269185;9;7;2015;13:48;0;RUA JOSE MENDONCA;;;765;;Colis?úo;Luz do Dia;;;Meio de Quadra;;;0;0;2;0;0;0;0;0;0;0;0;0;-3,756282000000000;-38,602032000000000
269181;9;7;2015;11:17;16204;RUA MONTE LIBANO;RUA 5 CJ PEQ MONDUBIM;;0;;Colis?úo;Luz do Dia;;;Duplo T;Pare;Misto;0;0;2;0;0;0;0;0;0;0;0;0;-3,823957000000000;-38,561359000000000
269176;9;7;2015;10:49;7694;RUA RIO GRANDE DO NORTE;RUA RIO GRANDE DO SUL;;0;;Colis?úo;Luz do Dia;;;Cruz;Pare;Residencial;0;0;2;0;0;0;0;0;0;0;0;0;-3,758617000000000;-38,567559000000000
269194;9;7;2015;16:41;0;AV GAL OSORIO DE PAIVA;;;5840;;Colis?úo;Luz do Dia;;;Meio de Quadra;;;0;0;2;0;0;0;0;0;0;0;0;0;-3,807352000000000;-38,604625000000000
269191;9;7;2015;16:26;0;RUA VALPARAISO;;;1430;;Atropelamento;Luz do Dia;;;Meio de Quadra;;;0;0;2;0;0;0;0;0;0;0;0;0;-3,837799000000000;-38,533596000000000
269187;9;7;2015;15:07;7497;RUA PEDRO DANTAS;RUA BOA VENTURA;;0;;Colis?úo;Luz do Dia;;;Cruz;N?úo H?í Controle;Misto;0;0;2;0;0;0;0;0;0;0;0;0;-3,785562000000000;-38,523885000000000
269237;9;7;2015;20:25;0;RUA XAVIER DA SILVEIRA;;;4208;;Colis?úo;;;;Meio de Quadra;;;0;0;2;0;0;0;0;0;0;0;0;0;-3,788313000000000;-38,625717000000000
269198;9;7;2015;18:14;0;RUA BARBOSA DE FREITAS;;;1850;;Colis?úo;Anoitecer;;;Meio de Quadra;;;0;0;2;0;0;0;0;0;0;0;0;0;-3,742408000000000;-38,499230000000000
269250;9;7;2015;21:43;0;AV BEZERRA DE MENEZES;;;2496;;Colis?úo;;;;Meio de Quadra;;;0;0;2;0;0;0;0;0;0;0;0;0;-3,736138000000000;-38,566682000000000
269244;9;7;2015;21:41;0;AV FRANCISCO SA;;;5426;;Colis?úo;;;;Meio de Quadra;;;0;0;2;0;0;0;0;0;0;0;0;0;-3,712282000000000;-38,572352000000000
259499;9;7;2015;18:00;0;RD CE-040;;;0;KM-09;Colis?úo;Anoitecer;Bom;Seca;Meio de Quadra;N?úo H?í Controle;Comercial;0;0;2;1;0;0;0;0;0;0;0;0;-3,824774000000000;-38,481431000000000
259500;9;7;2015;18:15;0;AV SEN CARLOS JEREISSATI (AEROPORTO);;;0;KM 03;Colis?úo;Anoitecer;Bom;Seca;Meio de Quadra;N?úo H?í Controle;Comercial;0;1;1;1;0;0;0;0;0;1;0;0;-3,780382000000000;-38,541414000000000
263402;9;7;2015;01:46;0;AV WASHINGTON SOARES;;;0;;Choque c/ Obst?ículo Fixo;;;;Meio de Quadra;;;0;1;0;1;0;0;0;0;0;0;0;0;;
263403;9;7;2015;04:16;26091;AV JOVITA FEITOSA;AV 13 DE MAIO;;0;;Queda;;;;;;;0;1;0;0;0;0;0;0;0;1;0;0;-3,737273000000000;-38,543936000000000
263404;9;7;2015;05:13;0;AV BEZERRA DE MENEZES;;;0;;Queda;Amanhecer;;;Meio de Quadra;;;0;1;0;0;0;0;0;0;0;1;0;0;;
263405;9;7;2015;09:34;0;RUA PERNAMBUCO;;;0;;Colis?úo;Luz do Dia;;;Meio de Quadra;;;0;1;1;0;0;0;0;0;0;1;0;0;;
263406;9;7;2015;09:48;0;RUA VALPARAISO;;;0;;Colis?úo;Luz do Dia;;;Meio de Quadra;;;0;1;0;0;0;0;1;0;0;1;0;0;;
263407;9;7;2015;10:29;0;AV SEN CARLOS JEREISSATI (AEROPORTO);;;0;;Colis?úo;Luz do Dia;;;Meio de Quadra;;;0;1;1;1;0;0;0;0;0;1;0;0;;
263408;9;7;2015;11:05;0;AV B CJ CEARA;;;0;;Queda;Luz do Dia;;;Meio de Quadra;;;0;1;0;0;0;0;0;0;0;1;0;0;;
263409;9;7;2015;11:13;0;AV PRO JOSE ARTHUR CARVALHO;;;0;;Queda;Luz do Dia;;;Meio de Quadra;;;0;1;0;0;0;0;0;0;0;1;0;0;;
263414;9;7;2015;15:26;0;AV CASTANHOLEIRAS;;;0;;Colis?úo;Luz do Dia;;;Meio de Quadra;;;0;1;1;1;0;0;0;0;0;1;0;0;;
263415;9;7;2015;16:07;0;RUA DA PAZ;;;0;;Colis?úo;Luz do Dia;;;Meio de Quadra;;;0;1;1;1;0;0;0;0;0;1;0;0;;
263416;9;7;2015;16:15;0;RUA JULIO SILVA;;;0;;Colis?úo;Luz do Dia;;;Meio de Quadra;;;0;1;0;0;0;0;0;0;0;0;0;0;;
263417;9;7;2015;19:13;0;RUA VALPARAISO;;;0;;Queda;;;;Meio de Quadra;;;0;1;0;0;0;1;0;0;0;0;0;0;;
263418;9;7;2015;20:19;0;AV DEP PAULINO ROCHA;;;0;;Colis?úo;;;;Meio de Quadra;;;0;1;0;1;0;0;0;0;0;0;0;0;;
263419;9;7;2015;22:04;0;RUA PDE GUERRA;;;0;;Colis?úo;;;;Meio de Quadra;;;0;1;0;0;0;0;0;0;0;0;0;0;;
263420;9;7;2015;22:41;0;AV CARNEIRO DE MENDONCA;;;0;;Colis?úo;;;;;;;0;2;0;1;0;0;0;0;0;1;0;0;;
263422;9;7;2015;00:35;21312;AV BEZERRA DE MENEZES;RUA JOSE SOMBRA;;0;;Queda;;;;Duplo T;Pare;Comercial;0;1;0;0;0;0;0;0;0;1;0;0;-3,732150000000000;-38,547516000000000
263423;10;7;2015;01:30;0;AV FRANCISCO SA;;;0;;Atropelamento;;;;Meio de Quadra;;;0;1;1;0;0;0;0;0;0;1;0;0;;
263424;10;7;2015;05:35;0;AV SEN CARLOS JEREISSATI (AEROPORTO);;;0;;Atropelamento;Amanhecer;;;Meio de Quadra;;;0;1;1;0;0;0;0;0;0;1;0;0;;
263425;10;7;2015;06:11;0;AV SIQUEIRA CAMPOS;;;0;;Atropelamento;Luz do Dia;;;Meio de Quadra;;;0;1;1;1;0;0;0;0;0;1;0;0;;
263478;10;7;2015;17:04;0;AL VIOLETAS;;;0;;Colis?úo;Anoitecer;;;Meio de Quadra;;;0;1;1;1;0;0;0;0;0;1;0;0;;
263479;10;7;2015;17:35;0;AV CASTELO DE CASTRO;;;0;;Atropelamento;Anoitecer;;;Meio de Quadra;;;0;1;1;0;0;0;0;0;0;1;0;0;;
263476;10;7;2015;16:07;0;RUA VENEZUELA;;;0;;Colis?úo;Luz do Dia;;;Meio de Quadra;;;0;1;1;1;0;0;0;0;0;1;0;0;-3,765021000000000;-38,548061000000000
263470;10;7;2015;12:09;12457;RUA PRO GOMES BRASIL;AV SEN FERNANDES TAVORA;;0;;Colis?úo;Luz do Dia;;;;;;0;1;0;1;1;0;0;0;0;1;0;0;-3,770153000000000;-38,570427000000000
263467;10;7;2015;09:05;0;RUA URUCUTUBA;;;0;;Colis?úo;Luz do Dia;;;Meio de Quadra;;;0;0;1;0;0;0;0;0;0;0;0;0;;
263468;10;7;2015;10:45;0;RUA BOM JESUS (BARRA DO CEARA);;;0;;Atropelamento;Luz do Dia;;;Meio de Quadra;;;0;1;1;1;0;0;0;0;0;0;0;0;;
263451;10;7;2015;07:48;3769;RUA SEN POMPEU;AV DOMINGOS OLIMPIO;;0;;Colis?úo;Luz do Dia;;;Cruz;Sem?íforo;Comercial;0;1;0;0;0;0;0;0;0;0;0;0;-3,736254000000000;-38,532455000000000
263490;10;7;2015;18:01;0;AV DES GONZAGA;;;0;;Colis?úo;Anoitecer;;;Meio de Quadra;;;0;1;0;0;0;0;0;0;0;0;0;0;;
263491;10;7;2015;20:40;0;AV MIGUEL DIAS;;;0;;Queda;;;;Meio de Quadra;;;0;1;0;0;0;1;0;0;0;0;0;0;;
263492;10;7;2015;21:06;0;AV GAL OSORIO DE PAIVA;;;0;;Colis?úo;;;;Meio de Quadra;;;0;1;0;0;0;0;0;0;0;0;0;0;-3,819047000000000;-38,615923000000000
263493;10;7;2015;23:47;0;AV FRE CIRILO;;;0;;Queda;;;;Meio de Quadra;;;0;1;0;0;0;0;0;0;0;1;0;0;;
263495;10;7;2015;00:07;0;RUA JULIO AZEVEDO;;;0;;Colis?úo;;;;Meio de Quadra;;;0;1;1;1;0;0;0;0;0;1;0;0;;
263496;10;7;2015;03:43;0;AV N CJ JOSE WALTER;;;0;;Colis?úo;;;;Meio de Quadra;;;0;1;1;1;0;0;0;0;0;1;0;0;;
263498;10;7;2015;04:28;0;AV JOSE LEON;;;0;;Atropelamento;;;;Meio de Quadra;;;0;1;1;1;0;0;0;0;0;0;0;0;;
263499;10;7;2015;07:13;0;AV JOSE BASTOS;;;0;;Colis?úo;Luz do Dia;;;Meio de Quadra;;;0;1;0;0;0;0;0;0;0;0;0;0;;
263500;10;7;2015;09:03;10752;RUA ANTONIO IVO;RUA JOCKEY CLUBE;;0;;Colis?úo;Luz do Dia;;;Cruz;Pare;Residencial;0;1;1;1;0;0;0;0;0;1;0;0;-3,761104000000000;-38,581779000000000
263443;10;7;2015;07:09;0;AV BEZERRA DE MENEZES;;;0;;Queda;Luz do Dia;;;Meio de Quadra;;;0;1;0;0;0;0;0;0;0;1;0;0;;
263444;10;7;2015;07:10;0;AV ALM HENRIQUE SABOIA;;;0;;Queda;Luz do Dia;;;Meio de Quadra;;;0;1;0;0;0;0;0;0;0;1;0;0;;
263458;10;7;2015;08:13;0;RUA ORIENTE;;;0;;Queda;Luz do Dia;;;Meio de Quadra;;;0;1;0;0;0;0;0;0;0;1;0;0;;
263502;10;7;2015;11:18;0;RUA GERMANO FRANCK;;;0;;Colis?úo;Luz do Dia;;;Meio de Quadra;;;0;1;1;1;0;0;0;0;0;1;0;0;;
263503;10;7;2015;12:02;0;AV CEL CARVALHO;;;2473;;Colis?úo;Luz do Dia;;;Meio de Quadra;;;0;1;1;1;0;0;0;0;0;1;0;0;-3,724419000000000;-38,586084000000000
259502;10;7;2015;07:20;0;RD CE-040;;;0;KM-10;Colis?úo;Luz do Dia;Bom;Seca;Meio de Quadra;N?úo H?í Controle;Comercial;0;1;1;1;0;0;0;0;0;1;0;0;-3,838671000000000;-38,480068000000000
259504;10;7;2015;09:40;0;RD CE-040;;;0;KM-07;Colis?úo;Luz do Dia;Bom;Seca;Meio de Quadra;N?úo H?í Controle;Comercial;0;0;2;1;0;0;1;0;0;0;0;0;-3,817953000000000;-38,483160000000000
259505;10;7;2015;10:45;0;AV SEN CARLOS JEREISSATI (AEROPORTO);;;0;;Colis?úo;Luz do Dia;Bom;Seca;Meio de Quadra;N?úo H?í Controle;Comercial;0;0;2;1;0;0;0;0;0;0;0;0;;
259508;10;7;2015;14:00;0;RD CE-040;;;0;KM-04;Colis?úo;Luz do Dia;Bom;Seca;Meio de Quadra;N?úo H?í Controle;Comercial;0;0;2;1;0;0;0;0;0;0;0;0;-3,792050000000000;-38,480251000000000
269252;10;7;2015;03:46;0;AV HIS RAIMUNDO GIRAO;;;0;;Colis?úo;;;;Meio de Quadra;;;0;0;2;0;0;0;0;0;0;0;0;0;;
254704;10;7;2015;19:45;11936;AV PRS COSTA E SILVA;RUA PAULINA ARRUDA;;0;;Colis?úo Lateral;Via Iluminada;Bom;Seca;Cruz;Outros;Comercial;0;0;3;1;1;0;0;0;0;0;0;0;-3,828997000000000;-38,512038000000000
254701;10;7;2015;14:30;1302;RUA MARCOS MACEDO;RUA BARBOSA DE FREITAS;;0;;Colis?úo Transversal;Luz do Dia;Bom;Seca;Cruz;Pare;Comercial;0;0;2;1;0;0;1;0;0;0;0;0;-3,734569000000000;-38,496719000000000
254702;10;7;2015;18:10;0;AV OLIVEIRA PAIVA;;;2368;;Colis?úo Lateral;Via Iluminada;Bom;Seca;Meio de Quadra;;Comercial;0;0;2;0;0;0;0;0;0;1;0;0;;
254698;10;7;2015;10:00;9160;RUA DEP OSWALDO STUDART;RUA GRACILIANO RAMOS;;0;;Colis?úo Lateral;Luz do Dia;Bom;Seca;Cruz;Pare;Comercial;0;0;3;1;0;0;0;0;0;0;0;0;-3,754499000000000;-38,529082000000000
254694;10;7;2015;16:00;5448;RUA BAR ARATANHA;RUA METON DE ALENCAR;;0;;Colis?úo Lateral;Luz do Dia;Bom;Seca;Cruz;Pare;Comercial;0;0;2;1;0;0;0;0;0;1;0;0;-3,734847000000000;-38,527028000000000
264165;10;7;2015;11:10;0;RUA OSVALDO CRUZ (ALDEOTA);;;188;;Colis?úo;Luz do Dia;;;Meio de Quadra;;;0;1;0;0;0;0;0;0;0;1;0;0;-3,727616000000000;-38,497742000000000
269311;10;7;2015;22:15;0;RUA TEODOMIRO DE CASTRO;;;6490;;Colis?úo;;;;Meio de Quadra;;;0;0;2;0;0;0;0;0;0;0;0;0;-3,716219000000000;-38,578510000000000
269304;10;7;2015;18:06;0;AV PRS CASTELO BRANCO;;;0;;Colis?úo;Anoitecer;;;Meio de Quadra;;;0;0;2;0;0;0;0;0;0;0;0;0;;
269306;10;7;2015;18:31;581;AV PASTEUR;AV FRANCISCO SA;;0;;Colis?úo;;;;Cruz;;Comercial;0;0;2;0;0;0;0;0;0;0;0;0;-3,716325000000000;-38,560567000000000
269302;10;7;2015;17:06;0;VL DO MAR;;;633;;Atropelamento;Anoitecer;;;Meio de Quadra;;;0;0;2;0;0;0;0;0;0;0;0;0;;
269294;10;7;2015;16:08;0;AV CESAR CALS;;;280;;Colis?úo;Luz do Dia;;;Meio de Quadra;;;0;0;2;0;0;0;0;0;0;0;0;0;-3,720563000000000;-38,464611000000000
269288;10;7;2015;13:58;0;AV A CJ CEARA;;;0;;Colis?úo;Luz do Dia;;;Meio de Quadra;;;0;0;2;0;0;0;0;0;0;0;0;0;;
269265;10;7;2015;13:06;21312;AV BEZERRA DE MENEZES;RUA JOSE SOMBRA;;0;;Colis?úo;Luz do Dia;;;Duplo T;Pare;Comercial;0;0;2;0;0;0;0;0;0;0;0;0;-3,732150000000000;-38,547516000000000
269260;10;7;2015;11:31;0;RUA BOM JESUS (GRANJA LISBOA);;;3375;;Colis?úo;Luz do Dia;;;Meio de Quadra;;;0;0;2;0;0;0;0;0;0;0;0;0;;
269261;10;7;2015;13:34;0;RUA SGT JOAO PINHEIRO;;;378;;Colis?úo;Luz do Dia;;;Meio de Quadra;;;0;0;2;0;0;0;0;0;0;0;0;0;;
269257;10;7;2015;11:03;5356;AV DUQ CAXIAS;RUA GAL SAMPAIO;;0;;Colis?úo;Luz do Dia;;;Cruz;Sem?íforo;Misto;0;0;2;0;0;0;0;0;0;0;0;0;-3,731096000000000;-38,532029000000000
254710;10;7;2015;07:00;1312;AV DOM LUIS;RUA LEONARDO MOTA;;0;;Colis?úo Lateral;Luz do Dia;Bom;Seca;Cruz;;Comercial;0;0;2;1;0;0;0;0;0;0;0;0;-3,733872000000000;-38,495445000000000
254808;10;7;2015;14:50;11285;RUA FRANCISCO GLICERIO;RUA CARLOS STUDART;;0;;Colis?úo Lateral;Luz do Dia;Bom;Seca;Cruz;Pare;Comercial;0;1;1;1;0;0;0;0;0;1;0;0;-3,796234000000000;-38,568900000000000
254771;10;7;2015;09:30;0;RUA ENG JAIME ROLEMBERG;;;1258;;Colis?úo Transversal;Luz do Dia;Bom;Seca;Meio de Quadra;Pare;Residencial;0;0;2;1;0;0;0;0;0;0;0;0;;
254769;10;7;2015;20:45;15135;AV HIS RAIMUNDO GIRAO;RUA FRANCISCO DIAS RIBEIRO;;0;;Engavetamento;Via Iluminada;Bom;Seca;Cruz;Pare;Comercial;0;0;3;1;0;0;0;0;0;1;0;0;-3,724024000000000;-38,504397000000000
254775;10;7;2015;13:40;0;AV JOSE BASTOS;;;5036;;Colis?úo Traseira;Luz do Dia;Bom;Seca;Meio de Quadra;N?úo H?í Controle;Comercial;0;1;2;1;0;0;0;0;0;0;0;0;-3,757505000000000;-38,561685000000000
254776;10;7;2015;11:10;0;AV BEZERRA DE MENEZES;;;1653;;Colis?úo Traseira;Luz do Dia;Bom;;Meio de Quadra;;Comercial;0;1;1;1;0;0;0;0;1;0;0;0;-3,734635000000000;-38,559541000000000
254767;10;7;2015;16:30;15135;AV HIS RAIMUNDO GIRAO;RUA FRANCISCO DIAS RIBEIRO;;0;;Colis?úo Transversal;Luz do Dia;Bom;Seca;Cruz;Pare;Comercial;0;0;2;1;1;0;0;0;0;0;0;0;-3,724024000000000;-38,504397000000000
254760;10;7;2015;14:30;15834;RUA CEL FRANCISCO PEREIRA (MESSEJANA);RUA TEN JURANDIR ALENCAR;;0;;Colis?úo Lateral;Luz do Dia;Bom;Seca;T;N?úo H?í Controle;Comercial;0;0;2;0;0;0;0;1;0;0;0;0;-3,831773000000000;-38,492929000000000
254762;10;7;2015;20:00;19367;RUA JULIO BRAGA;RUA STA LIGIA;;0;;Colis?úo Transversal;Via Iluminada;Bom;Seca;Cruz;Pare;Residencial;0;2;0;0;0;0;0;0;0;1;0;0;-3,777294000000000;-38,574892000000000
254763;10;7;2015;18:30;15374;AV DOM LUIS;RUA FREDERICO BORGES;;0;;Colis?úo Lateral;Via Iluminada;Bom;Seca;Cruz;Sem?íforo;Comercial;0;1;1;0;1;0;0;0;0;1;0;0;-3,735890000000000;-38,489136000000000
254756;10;7;2015;12:56;0;AV BEZERRA DE MENEZES;;;335;;Colis?úo Lateral;Luz do Dia;Bom;Seca;Meio de Quadra;Outros;Comercial;0;1;1;1;0;0;0;0;0;0;0;0;-3,732209000000000;-38,547792000000000
254757;10;7;2015;05:10;5348;RUA METON DE ALENCAR;RUA PDE MORORO;;0;;Colis?úo Lateral;Luz do Dia;Bom;Seca;T;N?úo H?í Controle;Comercial;0;1;1;0;1;0;0;0;0;1;0;0;-3,730892000000000;-38,539143000000000
254746;10;7;2015;19:20;0;RUA VIRGILIO VASCONCELOS;;;0;;Colis?úo Lateral;Via Iluminada;Bom;Seca;Meio de Quadra;N?úo H?í Controle;Residencial;0;0;2;1;0;0;0;0;0;0;0;0;;
254748;10;7;2015;20:00;0;AV ABOLICAO;;;2308;;Colis?úo Lateral;Via Iluminada;Bom;Seca;Meio de Quadra;N?úo H?í Controle;Comercial;0;0;2;1;0;0;0;1;0;0;0;0;-3,726398000000000;-38,498357000000000
254742;10;7;2015;07:00;15289;AV DES MOREIRA;RUA ANA BILHAR;;0;;Colis?úo Transversal;Luz do Dia;Bom;Seca;Cruz;Sem?íforo;Residencial;0;1;1;1;0;0;0;0;0;0;0;0;-3,729331000000000;-38,496113000000000
254737;10;7;2015;03:40;15230;RUA JOAQUIM NABUCO;RUA SILVA JATAHY;;0;;Colis?úo Transversal;Via Iluminada;Bom;Seca;Cruz;Pare;Residencial;0;0;4;1;0;0;0;0;0;0;0;0;-3,727387000000000;-38,498765000000000
254728;10;7;2015;06:05;0;AV 13 DE MAIO;;;1932;;Colis?úo Traseira;Luz do Dia;Bom;Seca;Meio de Quadra;Sem?íforo;Comercial;0;0;2;1;0;0;0;0;0;0;0;0;-3,744566000000000;-38,534905000000000
254739;10;7;2015;10:45;0;AV JOAO PESSOA;;;0;;Colis?úo Lateral;Luz do Dia;Bom;Seca;Meio de Quadra;N?úo H?í Controle;Outros;0;0;2;0;0;0;0;1;0;0;0;0;;
254731;10;7;2015;06:10;3863;AV 13 DE MAIO;RUA SEN POMPEU;;0;;Colis?úo Transversal;Luz do Dia;Bom;Seca;Outros;Sem?íforo;Comercial;0;1;2;0;0;0;0;0;0;1;0;0;-3,744515000000000;-38,534969000000000
254733;10;7;2015;08:00;0;AV VICENTE DE CASTRO;;;0;;Colis?úo Lateral;Luz do Dia;Bom;Seca;Meio de Quadra;N?úo H?í Controle;Comercial;0;0;2;0;0;0;1;0;0;0;0;0;;
254725;10;7;2015;16:30;5402;RUA METON DE ALENCAR;RUA VINTE E QUATRO DE MAIO;;0;;Colis?úo Transversal;Luz do Dia;Bom;Seca;Cruz;Pare;Comercial;0;1;1;1;0;0;0;0;0;1;0;0;-3,732626000000000;-38,533848000000000
254721;10;7;2015;13:50;0;AV PRS CASTELO BRANCO;;;400;;Colis?úo Lateral;Luz do Dia;Bom;Seca;Meio de Quadra;N?úo H?í Controle;Comercial;0;0;2;1;1;0;0;0;0;0;0;0;-3,720316000000000;-38,530144000000000
254719;10;7;2015;20:00;22157;RUA DELMIRO FARIAS;RUA MON FURTADO;;0;;Colis?úo Transversal;Via Iluminada;Bom;Seca;Cruz;Pare;Residencial;0;0;2;1;0;0;0;0;0;0;0;0;-3,747544000000000;-38,550550000000000
254715;10;7;2015;03:30;11021;RUA ALM RUBIM;RUA GERMANO FRANCK;;0;;Colis?úo Frontal;Via Iluminada;Bom;Seca;;N?úo H?í Controle;Lazer;0;1;1;1;0;0;0;0;0;0;0;0;-3,773259000000000;-38,557470000000000
254716;10;7;2015;23:00;0;AV JOSE BASTOS;;;3830;;Colis?úo Frontal;Via Iluminada;Bom;Seca;Meio de Quadra;D?¬ Prefer?¬ncia;Comercial;0;0;2;0;0;0;0;1;0;0;0;0;-3,751911000000000;-38,552363000000000
267886;10;7;2015;03:00;0;RUA PESSOA ANTA;;;287;CAIXA ECONOMICA;Colis?úo;;;;Meio de Quadra;;;1;0;1;0;0;0;0;0;0;1;0;0;-3,720865000000000;-38,520444000000000
254855;10;7;2015;10:30;0;AV AGUANAMBI;;;615;;Colis?úo Transversal;Luz do Dia;Bom;Seca;Meio de Quadra;N?úo H?í Controle;Comercial;0;0;2;1;0;0;0;0;0;0;0;0;-3,742577000000000;-38,525862000000000
254856;10;7;2015;07:50;12839;RUA SEN POMPEU;RUA CARLOS GOMES;;0;;Colis?úo Traseira;Luz do Dia;Bom;Seca;T;N?úo H?í Controle;Residencial;0;1;1;0;0;0;0;0;0;1;0;0;-3,739312000000000;-38,533382000000000
254858;10;7;2015;13:00;24990;AV PRS COSTA E SILVA;AV PRS JUSCELINO KUBITSCHEK (PASSAR?ë);;0;;Colis?úo Traseira;Luz do Dia;Bom;Seca;T;Sem?íforo;Misto;0;1;1;1;0;0;0;0;0;0;0;0;-3,825648000000000;-38,539516000000000
254859;10;7;2015;12:25;15214;AV ABOLICAO;RUA LEONARDO MOTA;;0;;Colis?úo Lateral;Luz do Dia;Bom;Seca;T;Pare;Comercial;0;0;2;1;0;0;1;0;0;0;0;0;-3,726977000000000;-38,493236000000000
254860;10;7;2015;19:00;11630;RUA PRO HERIBALDO COSTA;RUA BOA VISTA;;0;;Colis?úo Traseira;Via Iluminada;Bom;Seca;Cruz;Pare;Residencial;0;0;2;1;0;0;1;0;0;0;0;0;-3,767974000000000;-38,588035000000000
254862;10;7;2015;16:36;0;AV SANTOS DUMONT;;;3051;;Colis?úo Transversal;Luz do Dia;Bom;Seca;Meio de Quadra;N?úo H?í Controle;Comercial;0;0;2;1;0;0;0;0;0;0;0;0;-3,736518000000000;-38,497461000000000