COD_ACIDENTE;DIA;MES;ANO;HORA;INTERSECAO;LOG1;LOG2;LOG3;NUMERO;REFERENCIA;NATUREZA;ILUMINACAO;TEMPO;SUPERFICIEPISTA;TIPOCRUZAMENTO;CONTROLETRAFEGO;USOSOLO;MORTOS;FERIDOS;ILESOS;AUTOMOVEL;ONIBUS;BICICLETA;CAMINHAO;MICROONIBUS;CICLOMOTOR;MOTOCICLETA;TRACAOANIMAL;TREM;LATITUDE;LONGITUDE
254865;10;7;2015;16:54;12954;AV PRS COSTA E SILVA;RUA BERNARDO MANUEL;;0;;Colis?úo Traseira;Luz do Dia;Bom;Seca;;Sem?íforo;Outros;0;0;2;1;0;0;0;0;0;0;0;0;-3,821079000000000;-38,558276000000000
254867;10;7;2015;08:30;6727;RUA DR GILBERTO STUDART;RUA DES WALDETARIO P MOTA;;0;;Colis?úo Lateral;Luz do Dia;Bom;Seca;Cruz;Pare;Residencial;0;0;2;1;0;0;0;0;0;0;0;0;-3,742559000000000;-38,484239000000000
254869;10;7;2015;11:10;0;AV AGUANAMBI;;;0;ROTAT?ôRIA;Colis?úo Lateral;Luz do Dia;Bom;Seca;Meio de Quadra;Sem?íforo;Comercial;0;0;2;1;0;0;1;0;0;0;0;0;-3,755538000000000;-38,523043000000000
254874;10;7;2015;12:10;1279;AV DOM LUIS;RUA OSVALDO CRUZ (ALDEOTA);;0;;Colis?úo Traseira;Luz do Dia;Bom;Seca;Cruz;Sem?íforo;Comercial;0;0;2;1;0;0;0;0;0;0;0;0;-3,732616000000000;-38,499353000000000
254875;10;7;2015;14:35;0;AV SANTOS DUMONT;;;5071;;Colis?úo Lateral;Luz do Dia;Bom;Seca;Meio de Quadra;Outros;Comercial;0;0;2;1;1;0;0;0;0;0;0;0;-3,740092000000000;-38,486438000000000
254871;10;7;2015;09:05;0;AV PDE ANTONIO TOMAS;;;920;;Atropelamento;Luz do Dia;Bom;Seca;Meio de Quadra;;Comercial;0;1;1;1;0;0;0;0;0;0;0;0;-3,741462000000000;-38,495650000000000
254714;11;7;2015;13:00;0;AV HIS RAIMUNDO GIRAO;;;600;;Colis?úo Lateral;Luz do Dia;Bom;Seca;Meio de Quadra;Sem?íforo;Misto;0;0;2;1;0;0;0;0;0;0;0;0;-3,721178000000000;-38,510435000000000
254720;11;7;2015;05:40;0;AV GAL OSORIO DE PAIVA;;;1498;;Choque c/ Obst?ículo Fixo;;Bom;Seca;Meio de Quadra;Pare;Comercial;0;0;1;0;1;0;0;0;0;0;0;0;-3,781021000000000;-38,575019000000000
254718;11;7;2015;13:00;0;AV ANTONIO SALES;;;0;;Colis?úo Traseira;Luz do Dia;Bom;Seca;Meio de Quadra;Sem?íforo;Comercial;0;0;2;1;0;0;0;1;0;0;0;0;;
254722;11;7;2015;09:30;22865;RUA CON LIMA SUCUPIRA;RUA BERNARDO MANUEL;;0;;Colis?úo Lateral;Luz do Dia;Bom;Seca;Cruz;Pare;Misto;0;0;2;0;0;0;0;0;0;0;0;0;-3,779874000000000;-38,545656000000000
254724;11;7;2015;14:40;0;AV GODOFREDO MACIEL;;;1892;;Colis?úo Traseira;Luz do Dia;Bom;Seca;Meio de Quadra;N?úo H?í Controle;Comercial;0;0;2;1;0;0;0;0;0;0;0;0;-3,793649000000000;-38,568928000000000
254726;11;7;2015;07:00;0;AV ABOLICAO;;;0;;Colis?úo Traseira;Luz do Dia;Bom;Seca;Meio de Quadra;N?úo H?í Controle;Comercial;0;1;1;1;0;0;0;0;0;1;0;0;;
254727;11;7;2015;07:50;3820;AV CARAPINIMA;AV 13 DE MAIO;;0;;Colis?úo Traseira;Luz do Dia;Bom;Seca;Cruz;Sem?íforo;Misto;0;0;2;1;1;0;0;0;0;0;0;0;-3,740001000000000;-38,540239000000000
254730;11;7;2015;10:40;5091;RUA CASTRO E SILVA;RUA GAL SAMPAIO;;0;;Colis?úo Lateral;Luz do Dia;Bom;Seca;Cruz;Sem?íforo;Comercial;0;0;2;0;1;0;0;0;0;0;0;0;-3,723098000000000;-38,529670000000000
254734;11;7;2015;15:05;366;RUA ERICO MOTA;RUA LOPES FILHO;;0;;Colis?úo Transversal;Luz do Dia;Bom;Seca;Cruz;Pare;Residencial;0;0;2;1;0;0;0;0;0;0;0;0;-3,747993000000000;-38,560405000000000
254735;11;7;2015;12:10;17361;RUA BAR SOBRAL;RUA BAR CANINDE;;0;;Colis?úo Lateral;Luz do Dia;Bom;Seca;Cruz;Pare;Residencial;0;2;0;0;0;0;0;0;0;1;0;0;-3,766148000000000;-38,555751000000000
254732;11;7;2015;16:00;10807;RUA PORTO VELHO;RUA AUDISIO PINHEIRO;;0;;Colis?úo Transversal;;Bom;;Cruz;;;0;1;1;1;0;0;0;0;0;1;0;0;-3,763570000000000;-38,591490000000000
254738;11;7;2015;05:40;1558;RUA PDE VALDEVINO;AV BAR STUDART;;0;;Colis?úo Traseira;Luz do Dia;Bom;Seca;Cruz;Sem?íforo;Comercial;0;1;3;1;0;0;0;0;0;0;0;0;-3,741641000000000;-38,508855000000000
254743;11;7;2015;14:00;0;AV BAR STUDART;;;0;;Colis?úo Traseira;Luz do Dia;Bom;Seca;Meio de Quadra;N?úo H?í Controle;Comercial;0;0;2;1;0;0;0;0;0;0;0;0;;
254744;11;7;2015;18:20;19953;RUA FRANCISCO LORDA;RUA ARTUR DE CARVALHO;;0;;Colis?úo Traseira;Via Iluminada;Bom;Seca;Cruz;Outros;Residencial;0;0;2;1;1;0;0;0;0;0;0;0;-3,761042000000000;-38,534715000000000
254741;11;7;2015;14:50;1453;AV HERACLITO GRACA;AV RUI BARBOSA;;0;;Colis?úo Traseira;Luz do Dia;Bom;Seca;Cruz;Sem?íforo;Comercial;0;0;2;1;0;0;0;0;0;0;0;0;-3,738357000000000;-38,510199000000000
254747;11;7;2015;19:18;0;AV 13 DE MAIO;;;2881;;Atropelamento;Via Iluminada;Bom;Seca;Meio de Quadra;N?úo H?í Controle;Comercial;0;1;1;0;0;0;0;0;0;1;0;0;-3,739281000000000;-38,541080000000000
254711;11;7;2015;10:50;0;AV MIN JOSE AMERICO;;;0;;Colis?úo Lateral;Luz do Dia;Bom;Seca;;;;0;0;2;1;0;0;1;0;0;0;0;0;;
254712;11;7;2015;14:00;18440;AV SGT HERMINIO SAMPAIO;RUA CARLINDO CRUZ;;0;;Colis?úo Lateral;Luz do Dia;Bom;Seca;T;Pare;Misto;0;1;1;1;0;0;0;0;0;1;0;0;-3,729636000000000;-38,574437000000000
254706;11;7;2015;20:15;0;RUA CEL MATOS DOURADO;;;1277;;Colis?úo Lateral;Luz do Dia;Bom;Seca;Meio de Quadra;Outros;Comercial;0;0;2;1;1;0;0;0;0;0;0;0;-3,749947000000000;-38,584271000000000
254707;11;7;2015;23:30;1585;RUA TIBURCIO CAVALCANTE;RUA PDE VALDEVINO;;0;;Colis?úo Transversal;Via Iluminada;Bom;Seca;Cruz;Sem?íforo;Residencial;0;3;0;0;0;0;0;0;0;1;0;0;-3,742915000000000;-38,504815000000000
254708;11;7;2015;13:45;0;AV MIN JOSE AMERICO;;;0;;Colis?úo Lateral;;Bom;Seca;Meio de Quadra;Sem?íforo;Residencial;0;0;2;1;0;0;1;0;0;0;0;0;;
269415;11;7;2015;21:37;0;AV EDUARDO GIRAO;;;0;;Colis?úo;;;;Meio de Quadra;;;0;0;2;0;0;0;0;0;0;0;0;0;;
269409;11;7;2015;21:01;0;AV MOZART PINHEIRO DE LUCENA;;;0;;Colis?úo;;;;Meio de Quadra;;;0;0;2;0;0;0;0;0;0;0;0;0;;
269423;11;7;2015;22:07;0;AV FRANCISCO SA;;;3190;;Atropelamento;;;;Meio de Quadra;;;0;0;2;0;0;0;0;0;0;0;0;0;-3,718106000000000;-38,555264000000000
269425;11;7;2015;22:45;0;AV WASHINGTON LUIS;;;73;;Colis?úo;;;;Meio de Quadra;;;0;0;2;0;0;0;0;0;0;0;0;0;-3,717449000000000;-38,589591000000000
269418;11;7;2015;22:00;1310;RUA TORRES CAMARA;RUA GAL JOAQUIM DE ANDRADE;;0;;Colis?úo;;;;Cruz;N?úo H?í Controle;Comercial;0;0;2;0;0;0;0;0;0;0;0;0;-3,734775000000000;-38,509624000000000
269411;11;7;2015;21:20;9168;AV LUCIANO CARNEIRO;AV BORGES DE MELO;;0;;Choque c/ Obst?ículo Fixo;;;;Cruz;Sem?íforo;Residencial;0;0;1;0;0;0;0;0;0;0;0;0;-3,756465000000000;-38,534097000000000
269405;11;7;2015;20:23;0;RUA CEL MANUEL ANTONIO LEITE;;;177;;Colis?úo;;;;Meio de Quadra;;;0;0;2;0;0;0;0;0;0;0;0;0;-3,773406000000000;-38,592032000000000
269400;11;7;2015;19:40;0;RUA MON ROSA D20/21;;;918;;Atropelamento;;;;Meio de Quadra;;;0;0;2;0;0;0;0;0;0;0;0;0;-3,712855000000000;-38,554965000000000
269401;11;7;2015;20:13;0;RUA MON VICENTE MARTINS;;;0;;Colis?úo;;;;Meio de Quadra;;;0;0;2;0;0;0;0;0;0;0;0;0;;
269397;11;7;2015;19:19;0;RUA BRAS VIDAL;;;574;;Colis?úo;;;;Meio de Quadra;;;0;0;2;0;0;0;0;0;0;0;0;0;-3,827436000000000;-38,484010000000000
269386;11;7;2015;18:43;0;AV JOVITA FEITOSA;;;856;;Colis?úo;;;;Meio de Quadra;;;0;0;2;0;0;0;0;0;0;0;0;0;-3,738884000000000;-38,551649000000000
269382;11;7;2015;18:36;0;RUA MARIA JULIA ROCHA;;;0;;Colis?úo;;;;Meio de Quadra;;;0;0;2;0;0;0;0;0;0;0;0;0;;
269377;11;7;2015;18:27;111;RUA CAP BRASIL;RUA DR CATUNDA GONDIM;;0;;Colis?úo;Anoitecer;;;T;Pare;Residencial;0;0;2;0;0;0;0;0;0;0;0;0;-3,737649000000000;-38,586326000000000
269380;11;7;2015;18:33;0;AV JOSE BASTOS;;;4855;;Colis?úo;;;;Meio de Quadra;;;0;0;2;0;0;0;0;0;0;0;0;0;;
269372;11;7;2015;18:18;7181;AV PRS CASTELO BRANCO;RUA TOMAS GONZAGA;;0;;Colis?úo;Anoitecer;;;T;Pare;Misto;0;0;2;0;0;0;0;0;0;0;0;0;-3,708698000000000;-38,567577000000000
269374;11;7;2015;18:20;0;RUA ARISTIDES B NETO;;;0;;Colis?úo;Anoitecer;;;Meio de Quadra;;;0;0;2;0;0;0;0;0;0;0;0;0;;
269367;11;7;2015;16:38;15597;RUA CEL JOAO OLIVEIRA;RUA VICENTE NOBRE MACEDO;;0;;Colis?úo;Luz do Dia;;;Cruz;Pare;Residencial;0;0;2;0;0;0;0;0;0;0;0;0;-3,823327000000000;-38,484102000000000
269358;11;7;2015;16:15;0;RUA DR JOSE LINO;;;263;;Colis?úo;Luz do Dia;;;Meio de Quadra;;;0;0;2;0;0;0;0;0;0;0;0;0;;
269362;11;7;2015;16:27;0;RUA FRANCISCANO;;;579;;Colis?úo;Luz do Dia;;;Meio de Quadra;;;0;0;2;0;0;0;0;0;0;0;0;0;;
269349;11;7;2015;16:07;0;RUA FONSECA LOBO;;;1223;;Colis?úo;Luz do Dia;;;Meio de Quadra;;;0;0;2;0;0;0;0;0;0;0;0;0;;
269350;11;7;2015;16:08;1658;RUA MON CATAO;RUA BENI DE CARVALHO;;0;;Colis?úo;Luz do Dia;;;Cruz;Pare;Comercial;0;0;2;0;0;0;0;0;0;0;0;0;-3,746618000000000;-38,493113000000000
269346;11;7;2015;15:07;0;LOGRADOURO SEM NOME;;;340;;Colis?úo;Luz do Dia;;;Meio de Quadra;;;0;0;2;0;0;0;0;0;0;0;0;0;;
269343;11;7;2015;13:15;9410;RUA CARNAUBAL;RUA RIO TOCANTINS;;0;;Colis?úo;Luz do Dia;;;Cruz;Pare;Residencial;0;0;2;0;0;0;0;0;0;0;0;0;-3,722720000000000;-38,581132000000000
269340;11;7;2015;12:58;0;RUA PRO HERIBALDO COSTA;;;89;;Colis?úo;Luz do Dia;;;Meio de Quadra;;;0;0;2;0;0;0;0;0;0;0;0;0;-3,753506000000000;-38,582286000000000
269332;11;7;2015;11:40;0;AV PRS COSTA E SILVA;;;3130;;Colis?úo;Luz do Dia;;;Meio de Quadra;;;0;0;2;0;0;0;0;0;0;0;0;0;;
269333;11;7;2015;12:47;0;AV SEN FERNANDES TAVORA;;;0;;Colis?úo;Luz do Dia;;;Meio de Quadra;;;0;0;2;0;0;0;0;0;0;0;0;0;;
269335;11;7;2015;12:57;0;RUA MOCAMBIQUE;;;602;;Colis?úo;Luz do Dia;;;Meio de Quadra;;;0;0;2;0;0;0;0;0;0;0;0;0;;
269328;11;7;2015;10:29;0;RUA BERNARDO MANUEL;;;0;;Colis?úo;Luz do Dia;;;Meio de Quadra;;;0;0;2;0;0;0;0;0;0;0;0;0;;
269324;11;7;2015;10:20;24984;AV ALM HENRIQUE SABOIA;RUA BENTO ALBUQUERQUE;;0;;Colis?úo;Luz do Dia;;;T;N?úo H?í Controle;Residencial;0;0;2;0;0;0;0;0;0;0;0;0;-3,742019000000000;-38,488529000000000
269322;11;7;2015;10:02;0;AV DEP PAULINO ROCHA;;;0;;Colis?úo;Luz do Dia;;;Meio de Quadra;;;0;0;2;0;0;0;0;0;0;0;0;0;;
269319;11;7;2015;01:22;0;RUA JACINTO MATOS;;;536;;Colis?úo;;;;Meio de Quadra;;;0;0;2;0;0;0;0;0;0;0;0;0;-3,715797000000000;-38,546432000000000
269320;11;7;2015;01:26;0;RUA VERBENA;;;1081;;Choque c/ Obst?ículo Fixo;;;;Meio de Quadra;;;0;0;1;0;0;0;0;0;0;0;0;0;-3,785487000000000;-38,590003000000000
264182;11;7;2015;01:28;0;AV CEL CARVALHO;;;1797;;Atropelamento;;;;Meio de Quadra;;;0;1;1;1;0;0;0;0;0;0;0;0;-3,718739000000000;-38,587575000000000
264183;11;7;2015;22:10;483;RUA PORTO ALEGRE;RUA VIRGILIO BRANDAO;;0;;Choque c/ Obst?ículo Fixo;;;;;;;0;1;0;0;0;0;0;0;0;0;0;0;-3,757438000000000;-38,597039000000000
263018;11;7;2015;11:35;25509;RUA HOLANDA;RUA ANTONIO DIVINO;;0;;Colis?úo;Luz do Dia;;;Cruz;Pare;Residencial;0;0;2;1;0;0;0;0;0;0;0;0;-3,803674000000000;-38,559490000000000
263019;11;7;2015;11:49;15832;RUA PDE PEDRO DE ALENCAR;RUA TEN JURANDIR ALENCAR;;0;;Colis?úo;Luz do Dia;;;Cruz;Sem?íforo;Comercial;0;0;2;1;1;0;0;0;0;0;0;0;-3,832741000000000;-38,494029000000000
263021;11;7;2015;17:56;2755;RUA CEL VIRGILIO NOGUEIRA (BOM JARDIM);RUA BOM JESUS (GRANJA LISBOA);;0;;Colis?úo;Anoitecer;;;Cruz;Cancela;Misto;0;0;2;0;1;0;0;0;0;1;0;0;-3,791684000000000;-38,609686000000000
259509;11;7;2015;15:40;0;RD CE-040;;;0;KM-04;Colis?úo;Luz do Dia;Bom;Seca;Meio de Quadra;N?úo H?í Controle;Comercial;0;1;1;1;0;0;0;0;0;0;0;0;-3,792050000000000;-38,480251000000000
259510;11;7;2015;19:08;0;RD CE-040;;;0;KM-04;Colis?úo;Via Iluminada;Bom;Seca;Meio de Quadra;N?úo H?í Controle;Comercial;0;1;1;1;0;0;0;0;0;1;0;0;-3,792050000000000;-38,480251000000000
263523;11;7;2015;18:43;10054;RUA OLIVEIRA SOBRINHO;RUA ANTONIO NERY;;0;;Colis?úo;;;;Cruz;Pare;Comercial;0;1;1;0;0;0;0;0;0;1;0;0;-3,778827000000000;-38,600388000000000
263528;11;7;2015;19:56;0;RUA HONORINA MAIA;;;0;;Colis?úo;;;;Meio de Quadra;;;0;1;1;1;0;0;0;0;0;1;0;0;;
263529;11;7;2015;21:16;3321;RUA 21 DE ABRIL D27;RUA URUGUAI;;0;;Colis?úo;;;;Cruz;Pare;Comercial;0;1;1;1;0;1;0;0;0;0;0;0;-3,747687000000000;-38,562805000000000
263530;11;7;2015;21:29;0;RUA LINEU JUCA;;;0;;Queda;;;;Meio de Quadra;;;0;1;0;0;0;0;0;0;0;1;0;0;-3,769114000000000;-38,532625000000000
263525;11;7;2015;19:16;1534;RUA MON CATAO;RUA EDUARDO GARCIA;;0;;Colis?úo;;;;Cruz;Pare;Residencial;0;1;1;1;0;0;0;0;0;1;0;0;-3,740726000000000;-38,491196000000000
263526;11;7;2015;19:51;0;RUA CEL OLEGARIO MEMORIA;;;0;;Colis?úo;;;;Meio de Quadra;;;0;1;1;1;0;0;0;0;0;1;0;0;-3,790264000000000;-38,460913000000000
263532;11;7;2015;22:10;0;AV PRS CASTELO BRANCO;;;0;;Colis?úo;;;;Meio de Quadra;;;0;1;1;1;0;0;0;0;0;1;0;0;;
263533;11;7;2015;23:22;0;AV PRS COSTA E SILVA;;;0;;Atropelamento;;;;Meio de Quadra;;;0;1;1;1;0;0;0;0;0;0;0;0;;
263537;11;7;2015;22:47;0;AV DR SILAS MUNGUBA;;;0;;Colis?úo;;;;Meio de Quadra;;;0;1;1;1;0;0;0;0;0;1;0;0;-3,790373000000000;-38,540392000000000
263535;11;7;2015;23:23;0;AV D CJ JOSE WALTER;;;0;;Queda;;;;Meio de Quadra;;;0;1;0;0;0;0;0;0;0;1;0;0;;
263518;11;7;2015;17:37;0;AV GAL OSORIO DE PAIVA;;;0;;Colis?úo;Anoitecer;;;Meio de Quadra;;;0;1;1;1;0;0;0;0;0;1;0;0;-3,820401000000000;-38,617259000000000
263519;11;7;2015;17:52;0;AV ZEZE DIOGO;;;0;;Queda;Anoitecer;;;Meio de Quadra;;;0;1;0;0;0;0;0;0;0;1;0;0;;
263520;11;7;2015;18:25;21546;RUA TULIPA NEGRA;RUA CEREJEIRAS;;0;;Atropelamento;Anoitecer;;;Cruz;Pare;Comercial;0;1;1;0;0;0;0;0;0;1;0;0;-3,819417000000000;-38,597655000000000
263521;11;7;2015;18:32;0;RUA JABORANDI;;;905;;Atropelamento;;;;Meio de Quadra;;;0;1;1;1;0;0;0;0;0;0;0;0;-3,838194000000000;-38,514825000000000
263505;11;7;2015;12:32;0;RUA HELENA MARIA;;;0;;Colis?úo;Luz do Dia;;;Meio de Quadra;;;0;1;1;1;0;0;0;0;0;1;0;0;;
263506;11;7;2015;12:34;24331;RUA ARMANDO MONTEIRO;AV LUCIANO CARNEIRO;;0;;Colis?úo;Luz do Dia;;;Cruz;Pare;Comercial;0;1;1;1;0;0;0;0;0;1;0;0;-3,763454000000000;-38,536219000000000
263507;11;7;2015;15:39;0;RUA ANTONIO FIUZA;;;0;;Colis?úo;Luz do Dia;;;Meio de Quadra;;;0;1;1;1;0;0;0;0;0;1;0;0;-3,768529000000000;-38,551606000000000
263508;11;7;2015;15:50;0;AV MAE LISBOA;;;0;;Colis?úo;Luz do Dia;;;Meio de Quadra;;;0;1;0;1;0;0;0;0;0;0;0;0;;
263509;11;7;2015;16:10;0;RUA MON BRUNO;;;0;;Colis?úo;Luz do Dia;;;Meio de Quadra;;;0;1;1;1;0;0;0;0;0;1;0;0;;
263510;11;7;2015;17:34;12806;RUA ANDRE CHAVES;RUA AQUIRAZ;;0;;Colis?úo;Anoitecer;;;Duplo T;Pare;Residencial;0;1;1;1;0;0;0;0;0;1;0;0;-3,754688000000000;-38,544786000000000
263511;11;7;2015;17:35;0;AV PRS COSTA E SILVA;;;0;;Colis?úo;Anoitecer;;;Meio de Quadra;;;0;1;1;1;0;0;0;0;0;1;0;0;-3,814101000000000;-38,569697000000000
263536;12;7;2015;00:27;0;AV DOMINGOS OLIMPIO;;;1951;;Atropelamento;;;;Meio de Quadra;;;0;1;1;0;0;0;0;0;0;1;0;0;-3,733446000000000;-38,540907000000000
263541;12;7;2015;07:26;0;RUA JOSE ACIOLY;;;157;;Colis?úo;Luz do Dia;;;Meio de Quadra;;;0;1;0;0;0;0;0;0;0;0;0;0;-3,732019000000000;-38,585805000000000
263542;12;7;2015;10:38;1432;AV SANTOS DUMONT;AV SEN VIRGILIO TAVORA;;0;;Queda;Luz do Dia;;;Cruz;Sem?íforo;Comercial;0;1;0;0;0;1;0;0;0;0;0;0;-3,737828000000000;-38,493482000000000
263544;12;7;2015;11:31;0;AV DR SILAS MUNGUBA;;;0;;Colis?úo;Luz do Dia;;;Meio de Quadra;;;0;1;1;1;0;0;0;0;0;1;0;0;-3,801695000000000;-38,529767000000000
263545;12;7;2015;13:07;25538;AV SEN FERNANDES TAVORA;RUA CAETANO SILVA (A. NUNES);;0;;Colis?úo;Luz do Dia;;;T;Pare;Misto;0;1;0;0;0;0;0;0;0;0;0;0;;
263546;12;7;2015;16:09;0;AV CARNEIRO DE MENDONCA;;;0;;Atropelamento;Luz do Dia;;;Meio de Quadra;;;0;1;1;0;0;0;0;0;0;1;0;0;-3,760557000000000;-38,573694000000000
263548;12;7;2015;18:06;0;AV DIOGUINHO;;;2950;;Colis?úo;Anoitecer;;;Meio de Quadra;;;0;1;0;0;0;0;0;0;0;0;0;0;-3,742009000000000;-38,453121000000000
263550;12;7;2015;18:40;0;AV CARNEIRO DE MENDONCA;;;0;;Colis?úo;;;;Meio de Quadra;;;0;1;0;0;0;0;0;0;0;0;0;0;;
263551;12;7;2015;18:58;4213;RUA BAR CRATO;RUA RAQUEL HOLANDA;;0;;Colis?úo;;;;Cruz;Pare;Residencial;0;1;0;0;0;0;0;0;0;0;0;0;-3,721069000000000;-38,558927000000000
263555;12;7;2015;23:11;6285;AV C CJ CEARA;AV G CJ CEARA;;0;;Queda;;;;T;N?úo H?í Controle;Residencial;0;1;0;0;0;0;0;0;0;1;0;0;;
263556;12;7;2015;00:15;0;AV ALBERTO CRAVEIRO;;;0;;Queda;;;;Meio de Quadra;;;0;1;0;0;0;0;0;0;0;1;0;0;;
263538;12;7;2015;03:15;0;RUA TIBURCIO PEREIRA;;;0;;Queda;;;;Meio de Quadra;;;0;1;0;0;0;0;0;0;0;1;0;0;-3,795792000000000;-38,509011000000000
263539;12;7;2015;04:53;0;AV TRISTAO GONCALVES;;;0;;Colis?úo;;;;Meio de Quadra;;;0;1;0;1;0;0;0;0;0;0;0;0;;
263553;12;7;2015;21:46;0;RUA JOAQUIM ALBANO;RUA DRACON BARRETO;;0;;Colis?úo;;;;;;;0;1;1;1;0;0;0;0;0;1;0;0;-3,735108000000000;-38,578909000000000
263024;12;7;2015;15:00;0;AV ZEZE DIOGO;;;4987;;Colis?úo;Luz do Dia;;;Meio de Quadra;;;0;0;2;1;0;0;0;0;0;0;0;0;;
264200;12;7;2015;21:20;0;AV J CJ JOSE WALTER;;;1770;;Colis?úo Lateral;;;;Meio de Quadra;;;0;1;0;0;1;0;0;0;0;0;0;0;-3,840473000000000;-38,558522000000000
269444;12;7;2015;13:43;0;RUA PINHEIRO TORRES;;;1849;;Colis?úo;Luz do Dia;;;Meio de Quadra;;;0;0;2;0;0;0;0;0;0;0;0;0;-3,811265000000000;-38,543659000000000
269437;12;7;2015;12:15;10420;RUA DAS PEDRINHAS;RUA LUIZ MARIANO;;0;;Colis?úo;Luz do Dia;;;Cruz;N?úo H?í Controle;Residencial;0;0;2;0;0;0;0;0;0;0;0;0;-3,761937000000000;-38,600122000000000
269448;12;7;2015;18:33;0;RUA JOAQUIM NABUCO;;;0;;Colis?úo;;;;Meio de Quadra;;;0;0;2;0;0;0;0;0;0;0;0;0;;
269446;12;7;2015;15:29;0;AV MIN JOSE AMERICO;;;0;;Colis?úo;Luz do Dia;;;Meio de Quadra;;;0;0;2;0;0;0;0;0;0;0;0;0;;
269439;12;7;2015;13:20;0;AV ZEZE DIOGO;;;0;;Colis?úo;Luz do Dia;;;Meio de Quadra;;;0;0;2;0;0;0;0;0;0;0;0;0;;
269435;12;7;2015;00:30;0;AV DR SILAS MUNGUBA;;;0;;Colis?úo;;;;Meio de Quadra;;;0;0;2;0;0;0;0;0;0;0;0;0;;
254749;12;7;2015;12:15;1238;RUA ILDEFONSO ALBANO;AV SANTOS DUMONT;;0;;Colis?úo Lateral;Luz do Dia;Bom;Seca;Cruz;Sem?íforo;Comercial;0;0;2;1;0;0;1;0;0;0;0;0;-3,731565000000000;-38,512669000000000
254750;12;7;2015;13:10;0;RUA TEREZA CRISTINA;;;1580;;Colis?úo Lateral;Luz do Dia;Bom;Seca;;;;0;0;2;1;0;0;0;0;0;0;0;0;-3,734165000000000;-38,538906000000000
254759;12;7;2015;18:13;3830;RUA PAULINO NOGUEIRA;RUA STO ANTONIO D12;;0;;Colis?úo Lateral;Luz do Dia;Bom;Seca;Cruz;Pare;Comercial;0;0;2;1;0;0;0;0;0;0;0;0;-3,743991000000000;-38,537736000000000
254754;12;7;2015;13:00;0;AV DOS EXPEDICIONARIOS;;;8641;;Colis?úo Transversal;Luz do Dia;Bom;Seca;Meio de Quadra;Pare;Residencial;0;0;2;1;0;0;0;0;0;0;0;0;-3,795196000000000;-38,550345000000000
254755;12;7;2015;12:00;5715;RUA ULISSES BEZERRA;AV DES GONZAGA;;0;;Colis?úo Lateral;Luz do Dia;Bom;Seca;Cruz;Pare;Comercial;0;0;2;1;0;0;0;0;0;0;0;0;-3,798159000000000;-38,499492000000000
254752;12;7;2015;18:30;15360;AV DOM LUIS;AV DES MOREIRA;;0;;Colis?úo Lateral;Via Iluminada;Bom;Seca;Rotat??ria;Pare;Comercial;0;0;2;1;0;0;0;0;0;0;0;0;-3,733239000000000;-38,497383000000000
254764;12;7;2015;06:00;0;AV FRANCISCO SA;;;1904;;Queda;Luz do Dia;Bom;Seca;Meio de Quadra;N?úo H?í Controle;Residencial;0;1;0;1;0;0;0;0;0;0;0;0;-3,722256000000000;-38,542553000000000
254765;12;7;2015;12:15;3860;AV 13 DE MAIO;AV DA UNIVERSIDADE;;0;;Colis?úo Traseira;Luz do Dia;Bom;Seca;Cruz;Sem?íforo Danificado;Comercial;0;0;2;1;0;0;0;0;0;0;0;0;-3,740962000000000;-38,539107000000000
254761;12;7;2015;20:32;18299;RUA SEN ALMINO;RUA JOSE AVELINO;;0;;Colis?úo Lateral;Via Iluminada;Bom;Seca;Cruz;N?úo H?í Controle;Comercial;0;0;2;1;0;0;0;0;0;0;0;0;-3,722476000000000;-38,517954000000000
254768;12;7;2015;13:15;3481;RUA CAP HUGO BEZERRA;RUA PARAISO;;0;;Colis?úo Transversal;Luz do Dia;Bom;Seca;Cruz;Pare;Comercial;0;1;1;0;1;0;0;0;0;1;0;0;-3,820611000000000;-38,510990000000000
254770;12;7;2015;06:30;5255;AV TRISTAO GONCALVES;RUA PEDRO PEREIRA;;0;;Colis?úo Frontal;Amanhecer;Bom;Seca;Cruz;Sem?íforo;Comercial;0;0;2;1;0;0;0;0;0;0;0;0;-3,728075000000000;-38,533489000000000
254772;12;7;2015;17:50;24364;RUA PRO VICENTE SILVEIRA;RUA ALM RUFINO;;0;;Colis?úo Frontal;Anoitecer;Bom;Seca;Cruz;Pare;Residencial;0;1;1;1;0;0;0;0;0;1;0;0;-3,766138000000000;-38,538534000000000
254773;12;7;2015;23:40;25435;AV ALBERTO CRAVEIRO;RUA PAULA FRANCINETE;;0;;Colis?úo Lateral;Via Iluminada;Bom;Seca;T;Pare;Comercial;0;1;1;0;0;0;1;0;0;1;0;0;-3,795238000000000;-38,518044000000000
254774;12;7;2015;18:30;0;AV AUGUSTO DOS ANJOS;;;0;;Colis?úo;Anoitecer;;;Meio de Quadra;;;0;0;2;1;0;0;0;0;0;0;0;0;;
254777;13;7;2015;17:00;0;AV DUQ CAXIAS;;;560;;Colis?úo Traseira;Anoitecer;Bom;Seca;Meio de Quadra;Sem?íforo;Comercial;0;1;1;0;0;0;0;0;0;1;0;0;-3,731800000000000;-38,529869000000000
254785;13;7;2015;17:40;9037;AV AGUANAMBI;RUA DR JOAO DE DEUS D11;;0;;Colis?úo Transversal;Anoitecer;Bom;Seca;Cruz;N?úo H?í Controle;Comercial;0;1;1;0;0;0;0;0;0;1;0;0;-3,745224000000000;-38,525445000000000