COD_ACIDENTE;DIA;MES;ANO;HORA;INTERSECAO;LOG1;LOG2;LOG3;NUMERO;REFERENCIA;NATUREZA;ILUMINACAO;TEMPO;SUPERFICIEPISTA;TIPOCRUZAMENTO;CONTROLETRAFEGO;USOSOLO;MORTOS;FERIDOS;ILESOS;AUTOMOVEL;ONIBUS;BICICLETA;CAMINHAO;MICROONIBUS;CICLOMOTOR;MOTOCICLETA;TRACAOANIMAL;TREM;LATITUDE;LONGITUDE
254786;13;7;2015;11:30;0;RUA VALPARAISO;;;0;;Colis?úo Traseira;Luz do Dia;Bom;Seca;Meio de Quadra;Gesto;Residencial;0;0;2;1;0;0;0;0;0;0;0;0;;
254787;13;7;2015;15:00;0;AV BEZERRA DE MENEZES;;;2660;;Colis?úo;Luz do Dia;Bom;Seca;Meio de Quadra;;Comercial;1;0;1;1;0;1;0;0;0;0;0;0;;
254788;13;7;2015;15:35;0;AV CARAPINIMA;;;1746;;Atropelamento;Luz do Dia;Bom;Seca;Meio de Quadra;N?úo H?í Controle;Comercial;1;0;1;0;1;0;0;0;0;0;0;0;-3,737097000000000;-38,537245000000000
254780;13;7;2015;09:10;5438;RUA METON DE ALENCAR;RUA ASSUNCAO;;0;;Colis?úo Transversal;Luz do Dia;Bom;Seca;Cruz;Pare;Comercial;0;1;1;1;0;0;0;0;0;1;0;0;-3,734332000000000;-38,528594000000000
254781;13;7;2015;16:45;0;AV PRS COSTA E SILVA;;;4010;;Colis?úo Transversal;Luz do Dia;Bom;Seca;Meio de Quadra;Sem?íforo;Comercial;0;2;0;0;0;0;0;0;0;1;0;0;;
254782;13;7;2015;01:00;3293;AV PERIMETRAL;RUA LUIS VIEIRA;;0;;Capotamento;Via Iluminada;Bom;Seca;;N?úo H?í Controle;Comercial;1;0;0;1;0;0;0;0;0;0;0;0;-3,786828000000000;-38,590193000000000
254783;13;7;2015;16:15;8014;RUA PRO COSTA MENDES;RUA MACHADO DE ASSIS;;0;;Colis?úo Lateral;Luz do Dia;Bom;Seca;Cruz;Sem?íforo;Residencial;0;2;0;1;0;0;0;0;0;1;0;0;-3,751652000000000;-38,550288000000000
254809;13;7;2015;18:00;0;AV BORGES DE MELO;;;1630;RODOVIARIA;Colis?úo Lateral;Via Iluminada;Bom;Seca;Meio de Quadra;Sem?íforo;Comercial;0;0;2;1;0;0;1;0;0;0;0;0;-3,758655000000000;-38,531511000000000
254811;13;7;2015;08:30;22947;RUA FRE ALEMAO;RUA LEAO TREZE;;0;;Colis?úo Lateral;Luz do Dia;Bom;Seca;Cruz;Pare;Residencial;0;0;2;0;1;0;0;0;0;1;0;0;-3,784415000000000;-38,543639000000000
254813;13;7;2015;10:30;10561;RUA ANTONIO MAGALHAES;RUA FRE GALVAO D64;;0;;Colis?úo Transversal;Luz do Dia;Bom;Seca;Cruz;N?úo H?í Controle;Residencial;0;0;2;1;0;0;0;0;0;0;0;0;-3,834386000000000;-38,475466000000000
254814;13;7;2015;08:00;0;AV JOR THOMAZ COELHO;;;0;;Colis?úo Traseira;Luz do Dia;Bom;Seca;Meio de Quadra;N?úo H?í Controle;Comercial;0;0;2;1;0;0;0;0;0;0;0;0;;
254815;13;7;2015;16:00;0;RUA TEN JURANDIR ALENCAR;;;222;;Colis?úo;Via Iluminada;Bom;Seca;;;;0;0;2;1;0;0;1;0;0;0;0;0;-3,831739000000000;-38,493274000000000
254816;13;7;2015;09:00;7650;AV CARNEIRO DE MENDONCA;RUA BELO HORIZONTE;;0;;Colis?úo Transversal;Luz do Dia;Bom;Seca;Cruz;Pare;Residencial;0;1;1;1;0;0;0;0;0;1;0;0;-3,763666000000000;-38,567567000000000
254825;13;7;2015;10:39;1605;AV DES MOREIRA;RUA PDE VALDEVINO;;0;;Colis?úo Transversal;Luz do Dia;Bom;Seca;Cruz;Sem?íforo;Comercial;0;1;1;1;0;0;0;0;0;1;0;0;-3,744098000000000;-38,500877000000000
254826;13;7;2015;02:00;1585;RUA PDE VALDEVINO;RUA TIBURCIO CAVALCANTE;;0;;Colis?úo Lateral;Via Iluminada;Bom;Seca;Cruz;Sem?íforo;Residencial;0;1;2;1;0;0;0;0;0;0;0;0;-3,742915000000000;-38,504815000000000
254827;13;7;2015;16:30;0;AV PRS CASTELO BRANCO;;;6374;;Colis?úo Traseira;Luz do Dia;Bom;Seca;Meio de Quadra;Pare;Comercial;0;1;1;1;0;0;0;0;0;0;0;0;;
254828;13;7;2015;;15370;AV DOM LUIS;AV SEN VIRGILIO TAVORA;;0;;Colis?úo Transversal;Via Iluminada;Bom;Seca;Cruz;Sem?íforo;Misto;0;0;2;1;0;0;0;0;0;0;0;0;-3,734829000000000;-38,492507000000000
254818;13;7;2015;20:00;0;AV JOSE BASTOS;;;283;;Colis?úo Traseira;Via Iluminada;Bom;Seca;Meio de Quadra;N?úo H?í Controle;Comercial;0;0;2;1;0;0;0;0;0;0;0;0;-3,758709000000000;-38,563264000000000
254819;13;7;2015;17:10;25406;RUA CEL MATOS DOURADO;RUA PRO JOSE LEITE GONDIM;;0;;Colis?úo Lateral;Luz do Dia;Bom;Seca;T;Pare;Residencial;0;1;1;1;0;0;0;0;0;1;0;0;-3,740923000000000;-38,585210000000000
254820;13;7;2015;15:20;0;RUA BAR RIO BRANCO;;;2543;;Colis?úo Traseira;Luz do Dia;Bom;Seca;Meio de Quadra;Outros;Comercial;0;0;3;1;0;0;0;0;0;0;0;0;-3,740421000000000;-38,532711000000000
254821;13;7;2015;12:40;17435;RUA ALBERTO MAGNO;RUA PRO TEODORICO;;0;;Colis?úo Lateral;Luz do Dia;Bom;Seca;Cruz;Pare;Residencial;0;1;1;0;0;0;0;0;0;1;0;0;-3,768977000000000;-38,552834000000000
254805;13;7;2015;11:30;15227;AV DES MOREIRA;AV ABOLICAO;;0;;Colis?úo Lateral;Luz do Dia;Bom;Seca;Cruz;Sem?íforo;Comercial;0;0;2;1;1;0;0;0;0;0;0;0;-3,727331000000000;-38,495474000000000
254806;13;7;2015;10:20;1232;RUA COSTA BARROS;RUA MON BRUNO;;0;;Colis?úo Lateral;Luz do Dia;Bom;Seca;Cruz;Pare;Comercial;0;0;2;1;0;0;0;0;0;0;0;0;-3,731183000000000;-38,509040000000000
254807;13;7;2015;21:30;0;AV ENG HUMBERTO MONTE;;;1195;;Colis?úo Lateral;Via Iluminada;Bom;Seca;Meio de Quadra;N?úo H?í Controle;Comercial;0;0;2;1;1;0;0;0;0;0;0;0;-3,749151000000000;-38,560418000000000
254800;13;7;2015;15:00;8949;AV BEZERRA DE MENEZES;RUA JUSTINIANO DE SERPA;;0;;Colis?úo Traseira;Luz do Dia;Bom;Seca;Cruz;Sem?íforo;Comercial;0;0;2;0;0;0;1;0;0;0;0;0;-3,731156000000000;-38,542857000000000
254798;13;7;2015;08:30;0;AV PRS CASTELO BRANCO;;;4613;;Colis?úo Transversal;Luz do Dia;Bom;Seca;Meio de Quadra;N?úo H?í Controle;Comercial;0;1;1;1;0;0;0;0;0;0;0;0;-3,706692000000000;-38,573097000000000
254794;13;7;2015;20:30;3992;RUA ALBERTO MAGNO;RUA RAUL UCHOA;;0;;Colis?úo Traseira;Via Iluminada;Bom;Seca;Cruz;Pare;Comercial;0;0;2;1;0;0;0;0;0;0;0;0;-3,760225000000000;-38,545916000000000
254795;13;7;2015;18:40;0;RUA EDUARDO PERDIGAO;;;62;CENTRO ESPORTIVO;Colis?úo Traseira;Via Iluminada;Bom;Seca;Meio de Quadra;N?úo H?í Controle;Misto;0;0;2;1;0;0;0;1;0;0;0;0;-3,774471000000000;-38,565738000000000
254796;13;7;2015;07:15;12627;RUA COS LAFAYETE;RUA ROSA LEITE OLIVEIRA;;0;;Colis?úo Transversal;Luz do Dia;Bom;Seca;Cruz;Pare;Residencial;0;1;1;1;0;0;0;0;0;1;0;0;-3,717646000000000;-38,586377000000000
254790;13;7;2015;16:30;0;AV SANTOS DUMONT;;;3600;;Colis?úo Traseira;Luz do Dia;Bom;Seca;Meio de Quadra;N?úo H?í Controle;Comercial;0;1;2;1;0;0;0;0;0;1;0;0;-3,738139000000000;-38,492423000000000
254791;13;7;2015;19:00;0;AV SANTOS DUMONT;;;0;;Colis?úo Traseira;Via Iluminada;Bom;Seca;Meio de Quadra;Sem?íforo;Comercial;0;0;2;1;0;0;0;0;0;0;0;0;;
254792;13;7;2015;16:40;0;RUA ALCANTARA BILHAR;;;677;;Colis?úo Frontal;Luz do Dia;Bom;Seca;Meio de Quadra;Pare;Residencial;0;1;1;0;0;0;0;0;0;1;0;0;-3,737047000000000;-38,581898000000000
254823;13;7;2015;18:01;15135;AV HIS RAIMUNDO GIRAO;RUA FRANCISCO DIAS RIBEIRO;;0;;Colis?úo Transversal;Luz do Dia;Bom;Seca;Cruz;N?úo H?í Controle;Residencial;0;0;2;1;0;0;0;0;0;0;0;0;-3,724024000000000;-38,504397000000000
269453;13;7;2015;20:02;0;LOGRADOURO SEM NOME;;;0;;Atropelamento;;;;Meio de Quadra;;;0;0;2;0;0;0;0;0;0;0;0;0;;
269451;13;7;2015;16:30;3788;RUA PDE FRANCISCO PINTO;RUA WALDERY UCHOA;;0;;Colis?úo;Luz do Dia;;;Cruz;Pare;Residencial;0;0;2;0;0;0;0;0;0;0;0;0;-3,744299000000000;-38,539138000000000
264210;13;7;2015;21:11;0;RUA STA CECILIA D18;;;0;;Colis?úo;;;;Meio de Quadra;;;0;1;0;1;0;0;0;0;0;1;0;0;;
263030;13;7;2015;16:56;0;RUA METON DE ALENCAR;;;0;;Colis?úo;Luz do Dia;;;Meio de Quadra;;;0;0;2;1;0;0;0;0;0;0;0;0;;
259084;13;7;2015;07:30;0;RD BR 116;;;7000;KM-07;Colis?úo Traseira;Luz do Dia;Bom;Seca;Meio de Quadra;N?úo H?í Controle;Comercial;0;3;1;1;0;0;0;0;0;1;0;0;-3,813246000000000;-38,501101000000000
259087;13;7;2015;14:45;0;RD BR 116;;;8000;KM-08;Colis?úo Traseira;Luz do Dia;Bom;Seca;Meio de Quadra;N?úo H?í Controle;Comercial;0;1;1;1;0;0;0;0;1;0;0;0;-3,822018000000000;-38,503269000000000
259088;13;7;2015;17:00;0;RD BR 116;;;6000;KM-06;Colis?úo Lateral;Anoitecer;Bom;Seca;Meio de Quadra;N?úo H?í Controle;Comercial;0;0;2;1;0;0;0;0;0;0;0;0;-3,804691000000000;-38,503053000000000
263562;13;7;2015;00:34;0;AV PERIMETRAL;;;0;;Capotamento;;;;Meio de Quadra;;;0;1;0;1;0;0;0;0;0;0;0;0;;
263563;13;7;2015;05:56;0;RUA ROSA LEITE OLIVEIRA;;;0;;Colis?úo;Amanhecer;;;Meio de Quadra;;;0;1;1;1;0;0;0;0;0;1;0;0;;
263564;13;7;2015;06:21;0;AV GAL OSORIO DE PAIVA;;;0;;Atropelamento;Luz do Dia;;;Meio de Quadra;;;0;1;1;0;1;0;0;0;0;0;0;0;;
263565;13;7;2015;06:47;0;RUA CON DE CASTRO;;;0;;Colis?úo;Luz do Dia;;;Meio de Quadra;;;0;1;1;1;0;0;0;0;0;1;0;0;-3,781572000000000;-38,570271000000000
263566;13;7;2015;07:52;4250;AV FRANCISCO SA;RUA PDE ANCHIETA;;0;;Queda;Luz do Dia;;;Cruz;Sem?íforo;Comercial;0;1;0;0;0;0;0;0;0;1;0;0;-3,719988000000000;-38,549538000000000
263567;13;7;2015;07:27;0;RD BR 116;;;2000;KM-02;Colis?úo;Luz do Dia;;;Meio de Quadra;;;0;1;1;1;0;0;0;0;0;1;0;0;-3,771391000000000;-38,516780000000000
263568;13;7;2015;08:22;1225;RUA COSTA BARROS;RUA ILDEFONSO ALBANO;;0;;Colis?úo;Luz do Dia;;;Cruz;Sem?íforo;Comercial;0;1;1;1;0;0;0;0;0;1;0;0;-3,730135000000000;-38,512227000000000
263569;13;7;2015;11:56;0;RUA ALBERTO MAGNO;;;0;;Colis?úo;Luz do Dia;;;Meio de Quadra;;;0;1;1;1;0;0;0;0;0;1;0;0;-3,769054000000000;-38,552861000000000
263570;13;7;2015;16:53;1507;RUA PDE VALDEVINO;RUA BAR ARACATI;;0;;Colis?úo;Luz do Dia;;;Cruz;Pare;Comercial;0;1;1;1;0;0;0;0;0;1;0;0;-3,739898000000000;-38,514377000000000
263571;13;7;2015;;5374;AV DUQ CAXIAS;RUA BAR RIO BRANCO;;0;;Colis?úo;;;;Cruz;N?úo H?í Controle;Comercial;0;1;1;1;0;0;0;0;0;1;0;0;-3,731774000000000;-38,529947000000000
263638;13;7;2015;17:42;0;AV AUGUSTO DOS ANJOS;;;0;;Colis?úo;Anoitecer;;;Meio de Quadra;;;0;1;1;1;0;0;0;0;0;1;0;0;;
263639;13;7;2015;19:17;23658;AV SGT HERMINIO SAMPAIO;RUA POMPEU CAVALCANTE;;0;;Queda;;;;Duplo T;Pare;Comercial;0;1;0;0;0;0;0;0;0;1;0;0;-3,726772000000000;-38,562833000000000
263657;13;7;2015;23:16;0;AV BEZERRA DE MENEZES;;;0;;Colis?úo;;;;Meio de Quadra;;;0;1;1;1;0;0;0;0;0;1;0;0;-3,731803000000000;-38,545980000000000
263648;13;7;2015;21:57;0;AV PERIMETRAL;;;0;;Queda;;;;Meio de Quadra;;;0;1;0;0;0;0;0;0;0;1;0;0;;
263654;13;7;2015;22:12;0;RUA FRE MARCELINO;;;100;;Atropelamento;;;;Meio de Quadra;;;0;1;0;0;0;0;0;0;0;1;0;0;;
259511;13;7;2015;07:40;0;AV SEN CARLOS JEREISSATI (AEROPORTO);;;0;KM 02;Atropelamento;Luz do Dia;Bom;Seca;Meio de Quadra;;Comercial;1;0;1;1;0;0;0;0;0;0;0;0;-3,783932000000000;-38,529156000000000
259513;14;7;2015;21:45;0;RD CE-040;;;0;KM-12;Colis?úo;Via Iluminada;Bom;Seca;Meio de Quadra;N?úo H?í Controle;Comercial;0;2;0;0;0;0;0;0;1;1;0;0;-3,848945000000000;-38,476237000000000
263660;14;7;2015;06:07;0;AV DR SILAS MUNGUBA;;;0;;Colis?úo;Luz do Dia;;;Meio de Quadra;;;0;1;0;0;0;0;0;0;0;1;0;0;;
263661;14;7;2015;06:43;0;AV ROGACIANO LEITE;;;0;;Atropelamento;Luz do Dia;;;Meio de Quadra;;;0;1;1;1;0;0;0;0;0;0;0;0;-3,767713000000000;-38,496935000000000
263663;14;7;2015;09:09;0;AV PRS CASTELO BRANCO;;;0;;Colis?úo;Luz do Dia;;;Meio de Quadra;;;0;1;1;1;0;0;0;0;0;1;0;0;-3,720316000000000;-38,530144000000000
263683;14;7;2015;14:55;0;AV CEL CARVALHO;;;0;;Colis?úo;Luz do Dia;;;Meio de Quadra;;;0;1;1;0;0;0;1;0;0;1;0;0;;
263677;14;7;2015;09:24;0;RUA DR JOSE LOURENCO;;;0;;Atropelamento;Luz do Dia;;;Meio de Quadra;;;0;1;1;0;0;0;0;0;0;1;0;0;-3,739767000000000;-38,509422000000000
263679;14;7;2015;13:18;0;AV DUQ CAXIAS;;;0;;Atropelamento;Luz do Dia;;;Meio de Quadra;;;0;1;1;1;0;0;0;0;0;0;0;0;-3,731120000000000;-38,531951000000000
263680;14;7;2015;13:31;0;AV J CJ CEARA;;;0;;Colis?úo;Luz do Dia;;;Meio de Quadra;;;0;1;1;0;0;0;0;0;0;1;0;0;;
263699;14;7;2015;22:03;0;RUA PRO GOMES BRASIL;;;0;;Queda;;;;Meio de Quadra;;;0;1;0;0;0;0;0;0;0;1;0;0;;
263696;14;7;2015;21:15;0;AV GAL OSORIO DE PAIVA;;;0;;Colis?úo;;;;Meio de Quadra;;;0;1;0;0;0;0;0;0;0;0;0;0;;
263694;14;7;2015;19:43;0;AV DOLOR BARREIRA;;;0;;Queda;;;;Meio de Quadra;;;0;1;0;0;0;0;0;0;0;1;0;0;-3,728023000000000;-38,473209000000000
263689;14;7;2015;18:17;0;RUA SAO FIDELIS D71;;;0;;Colis?úo;Anoitecer;;;Meio de Quadra;;;0;1;0;0;0;0;0;0;0;0;0;0;;
263686;14;7;2015;17:00;0;RUA DR FERNANDO AUGUSTO;;;0;;Queda;Anoitecer;;;Meio de Quadra;;;0;1;0;0;0;0;0;0;0;1;0;0;-3,787459000000000;-38,620820000000000
263684;14;7;2015;15:31;0;AV SANTOS DUMONT;;;0;;Colis?úo;Luz do Dia;;;Meio de Quadra;;;0;1;1;1;0;0;0;0;0;1;0;0;;
263088;14;7;2015;15:12;0;RUA CEL ZACARIAS J FRANCA;;;0;;Colis?úo;Luz do Dia;;;Meio de Quadra;;;0;0;2;1;0;0;0;0;0;0;0;0;;
263070;14;7;2015;09:11;0;RUA TREMEMBES;;;0;;Colis?úo;Luz do Dia;;;Meio de Quadra;;;0;0;2;1;0;0;0;0;0;0;0;0;;
269456;14;7;2015;11:11;0;RUA OSCAR ARARIPE;;;1668;;Colis?úo;Luz do Dia;;;Meio de Quadra;;;0;0;2;0;0;0;0;0;0;0;0;0;-3,788965000000000;-38,606294000000000
269457;14;7;2015;11:23;0;RUA FRE MANSUETO;;;1225;;Colis?úo;Luz do Dia;;;Meio de Quadra;;;0;0;2;0;0;0;0;0;0;0;0;0;-3,735050000000000;-38,488662000000000
254832;14;7;2015;16:40;15194;RUA ILDEFONSO ALBANO;RUA DEP MOREIRA DA ROCHA;;0;;Colis?úo Transversal;Luz do Dia;Bom;Seca;Cruz;Pare;Residencial;0;1;1;1;0;0;0;0;0;1;0;0;-3,726480000000000;-38,511072000000000
254833;14;7;2015;15:00;0;RUA SATIRO DIAS;;;320;;Colis?úo Lateral;Luz do Dia;Bom;Seca;Meio de Quadra;N?úo H?í Controle;Comercial;0;0;2;1;0;0;0;0;0;0;0;0;-3,762211000000000;-38,547350000000000
254829;14;7;2015;17:30;0;AV VICENTE DE CASTRO;;;0;;Colis?úo Lateral;Anoitecer;Bom;Seca;Outros;N?úo H?í Controle;Comercial;0;0;2;1;0;0;0;0;0;0;0;0;;
254830;14;7;2015;18:30;15190;RUA JOAQUIM NABUCO;AV ABOLICAO;;0;;Colis?úo Transversal;Via Iluminada;Bom;Seca;Cruz;Sem?íforo;Comercial;0;0;2;1;0;0;0;0;0;0;0;0;-3,726373000000000;-38,498436000000000
254872;14;7;2015;07:00;0;RUA PDE PEDRO DE ALENCAR;;;0;;Colis?úo Transversal;Luz do Dia;Bom;Seca;Meio de Quadra;Pare;Misto;0;0;2;1;0;0;1;0;0;0;0;0;;
254880;14;7;2015;10:20;10624;AV ROGACIANO LEITE;RUA ATILANO MOURA;;0;;Colis?úo Lateral;Luz do Dia;Bom;Seca;Cruz;Sem?íforo;Comercial;0;0;2;1;0;0;0;0;0;0;0;0;-3,759455000000000;-38,492149000000000
254882;14;7;2015;12:50;19952;AV LUCIANO CARNEIRO;RUA FRANCISCO LORDA;;0;;Colis?úo Traseira;Luz do Dia;;;Cruz;Sem?íforo;Comercial;0;0;2;1;0;0;0;0;0;0;0;0;-3,760835000000000;-38,535431000000000
254884;14;7;2015;21:00;5455;RUA ANTONIO POMPEU;RUA FLORIANO PEIXOTO;;0;;Colis?úo Transversal;Via Iluminada;Bom;Seca;Cruz;Pare;Comercial;0;1;1;0;0;0;0;1;0;1;0;0;-3,735086000000000;-38,529685000000000
254885;14;7;2015;09:10;0;AV PRS CASTELO BRANCO;;;400;;Colis?úo Traseira;Luz do Dia;Bom;Seca;Meio de Quadra;Outros;Comercial;0;1;1;1;0;0;0;0;0;1;0;0;-3,720316000000000;-38,530144000000000
254889;14;7;2015;10:30;15227;AV ABOLICAO;AV DES MOREIRA;;0;;Colis?úo Lateral;Luz do Dia;Bom;Seca;Cruz;Sem?íforo;Comercial;0;0;2;0;1;0;0;0;0;0;0;0;-3,727331000000000;-38,495474000000000
254890;14;7;2015;17:30;0;AV PRS CASTELO BRANCO;;;6131;;Colis?úo Lateral;;Bom;Seca;Meio de Quadra;N?úo H?í Controle;Residencial;0;0;2;1;1;0;0;0;0;0;0;0;-3,701115000000000;-38,585477000000000
254887;14;7;2015;18:00;4189;AV PRS CASTELO BRANCO;RUA FRANCISCO CORDEIRO;;0;;Colis?úo Lateral;Via Iluminada;Bom;Seca;Cruz;Pare;Residencial;0;0;2;1;0;0;0;0;0;0;0;0;-3,713113000000000;-38,550593000000000
254876;14;7;2015;08:30;24943;AV ABOLICAO;AV ALM HENRIQUE SABOIA;;0;;Colis?úo Traseira;Luz do Dia;Bom;Seca;Cruz;Sem?íforo;Residencial;0;0;2;0;0;0;1;0;0;0;0;0;-3,722615000000000;-38,479798000000000
254877;14;7;2015;21:30;0;AV GAL OSORIO DE PAIVA;;;4832;;Colis?úo;Via Iluminada;Bom;Seca;Meio de Quadra;N?úo H?í Controle;Residencial;0;2;0;0;0;1;0;0;0;1;0;0;-3,801358000000000;-38,598803000000000
254870;14;7;2015;15:00;25910;RUA ROSITA;RUA TAQUATIARA;;0;;Colis?úo Lateral;Luz do Dia;Bom;Seca;T;Pare;Misto;0;0;2;1;0;0;1;0;0;0;0;0;;
254868;14;7;2015;09:25;0;RUA COSTA BARROS;;;1850;;Atropelamento;Luz do Dia;Bom;Seca;Meio de Quadra;N?úo H?í Controle;Comercial;0;2;0;0;0;0;0;0;0;1;0;0;-3,731832000000000;-38,507039000000000
254866;14;7;2015;09:30;0;RUA J DA PENHA;;;738;;Colis?úo Lateral;Luz do Dia;Bom;Seca;Meio de Quadra;N?úo H?í Controle;Comercial;0;1;1;0;0;0;0;0;0;1;0;0;;
254863;14;7;2015;17:00;0;RUA VILEBALDO AGUIAR;;;196;;Colis?úo;Via Iluminada;Bom;Seca;Meio de Quadra;N?úo H?í Controle;Comercial;0;0;2;0;0;1;0;0;0;0;0;0;;
254864;14;7;2015;15:40;0;AV ABOLICAO;;;3406;;Atropelamento;;Bom;Seca;Meio de Quadra;;Comercial;0;1;1;0;0;0;1;0;0;0;0;0;-3,726344000000000;-38,489173000000000
254861;14;7;2015;13:10;1534;RUA MON CATAO;RUA EDUARDO GARCIA;;0;;Colis?úo Transversal;Luz do Dia;Bom;Seca;Cruz;Pare;Misto;0;1;1;1;0;0;0;0;0;0;0;0;-3,740726000000000;-38,491196000000000
254836;14;7;2015;11:00;0;AV 13 DE MAIO;;;0;;Colis?úo Traseira;Luz do Dia;Bom;Seca;Meio de Quadra;Sem?íforo;Escola;0;0;2;1;0;0;0;0;0;0;0;0;;
254834;14;7;2015;08:45;12849;RUA ASSUNCAO;RUA SALDANHA MARINHO;;0;;Colis?úo Transversal;Luz do Dia;Bom;Seca;Cruz;Pare;Residencial;0;0;2;1;0;0;0;0;0;0;0;0;-3,742314000000000;-38,531231000000000
254845;14;7;2015;10:05;0;RUA ANSELMO NOGUEIRA;;;295;;Colis?úo Traseira;Luz do Dia;Bom;Seca;Meio de Quadra;Sem?íforo;Misto;0;1;1;0;0;1;0;0;0;0;0;0;-3,780992000000000;-38,587158000000000
254846;14;7;2015;10:11;3808;AV CARAPINIMA;RUA LUIS DE MIRANDA;;0;;Colis?úo Traseira;Luz do Dia;Bom;Seca;T;Pare;Misto;0;1;1;1;1;0;0;0;0;0;0;0;-3,738138000000000;-38,538169000000000
254847;14;7;2015;14:00;5162;RUA SAO PAULO;RUA GAL SAMPAIO;;0;;Colis?úo Transversal;Luz do Dia;Bom;Seca;Cruz;Sem?íforo;Comercial;0;1;0;1;0;0;0;0;0;1;0;0;-3,725134000000000;-38,530266000000000
254848;14;7;2015;14:30;8934;AV DOMINGOS OLIMPIO;RUA PDE MORORO;;0;;Colis?úo Lateral;Luz do Dia;Bom;Seca;Cruz;Pare;Residencial;0;0;2;0;0;0;0;0;0;0;0;0;-3,733752000000000;-38,539949000000000
254849;14;7;2015;16:30;22220;AV OLAVO BILAC;RUA IPE (ALAGADI?çO);;0;;Colis?úo Transversal;Luz do Dia;Bom;Seca;T;Pare;Residencial;0;1;1;1;0;0;0;0;0;1;0;0;-3,731875000000000;-38,564604000000000
254850;14;7;2015;09:20;0;AV DR SILAS MUNGUBA;;;0;;Colis?úo Traseira;Luz do Dia;Bom;Seca;Meio de Quadra;Pare;Comercial;0;0;2;1;0;0;1;0;0;0;0;0;;
254851;14;7;2015;12:30;0;RUA ALBERTO MAGNO;;;0;;Colis?úo Lateral;Luz do Dia;Bom;Seca;;;;0;0;2;1;1;0;0;0;0;0;0;0;;
254852;14;7;2015;20:20;0;AV DR SILAS MUNGUBA;;;0;;;Via Iluminada;Bom;Seca;Meio de Quadra;N?úo H?í Controle;Residencial;0;0;2;1;0;0;0;0;0;1;0;0;;
254853;14;7;2015;18:10;0;VL FRANCISCO GERARDO;;;0;;Colis?úo Lateral;Via Iluminada;Bom;Seca;Meio de Quadra;N?úo H?í Controle;Comercial;0;0;2;1;1;0;0;0;0;0;0;0;;
254838;14;7;2015;12:00;20129;AV DEP PAULINO ROCHA;RUA POMPILIO GOMES;;0;;Colis?úo Lateral;Luz do Dia;Bom;Seca;T;Pare;Comercial;0;0;2;1;0;0;1;0;0;0;0;0;-3,810076000000000;-38,519652000000000
254839;14;7;2015;12:30;0;AV DUQ CAXIAS;;;1701;SESC;Outros;Luz do Dia;Bom;Seca;Meio de Quadra;N?úo H?í Controle;Comercial;0;1;2;1;0;0;0;0;0;1;0;0;-3,728676000000000;-38,539517000000000
254840;14;7;2015;22:30;0;AV JOSE BASTOS;;;3132;;Engavetamento;Via Iluminada;Bom;Seca;Meio de Quadra;N?úo H?í Controle;Comercial;0;1;2;1;0;0;0;1;0;0;0;0;-3,747381000000000;-38,547836000000000
254841;14;7;2015;16:30;1784;RUA PEDRO DE SOUZA;RUA MARIA QUINTINO;;0;;Colis?úo;Luz do Dia;Bom;Seca;Cruz;Pare;Comercial;0;0;2;1;0;0;0;0;0;0;0;0;-3,852277000000000;-38,500227000000000
254842;14;7;2015;17:20;8030;RUA PRO COSTA MENDES;RUA CARLOS CAMARA;;0;;Colis?úo Transversal;Anoitecer;Bom;Seca;Cruz;Pare;Residencial;0;0;2;1;0;0;0;0;0;0;0;0;-3,753143000000000;-38,548622000000000
254843;14;7;2015;19:30;21590;RUA RAIMUNDO NERY;RUA COM GARCIA;;0;;Colis?úo Transversal;Via Iluminada;Bom;Seca;Cruz;Pare;Residencial;0;2;1;1;0;0;0;0;0;1;0;0;-3,795908000000000;-38,585684000000000
254854;15;7;2015;11:30;5092;RUA SEN ALENCAR;AV IMPERADOR;;0;;Colis?úo Traseira;Luz do Dia;Bom;Seca;Cruz;Sem?íforo;Comercial;0;0;2;1;0;0;0;0;0;0;0;0;-3,723171000000000;-38,533258000000000
254857;15;7;2015;09:35;19328;RUA EDUARDO PERDIGAO;RUA CON DE CASTRO;;0;;Colis?úo Lateral;Luz do Dia;Bom;Seca;Cruz;N?úo H?í Controle;Comercial;0;0;2;0;1;0;1;0;0;0;0;0;-3,775579000000000;-38,564769000000000
254878;15;7;2015;07:20;15225;RUA TEN BENEVOLO;RUA ILDEFONSO ALBANO;;0;;Colis?úo Transversal;Luz do Dia;Bom;Seca;Cruz;Sem?íforo;Comercial;0;0;2;1;0;0;0;0;0;0;0;0;-3,727294000000000;-38,511332000000000
254893;15;7;2015;08:00;0;RUA PAULA BARROS;;;260;;Colis?úo Transversal;Luz do Dia;Bom;Seca;Meio de Quadra;N?úo H?í Controle;Comercial;0;0;2;1;0;0;0;0;0;0;0;0;;
254886;15;7;2015;20:40;17265;RUA ALBERTO MAGNO;RUA SATIRO DIAS;;0;;Colis?úo Transversal;Luz do Dia;Bom;Seca;Cruz;Pare;Comercial;0;3;0;1;0;0;0;0;0;1;0;0;-3,762063000000000;-38,547531000000000