COD_ACIDENTE;DIA;MES;ANO;HORA;INTERSECAO;LOG1;LOG2;LOG3;NUMERO;REFERENCIA;NATUREZA;ILUMINACAO;TEMPO;SUPERFICIEPISTA;TIPOCRUZAMENTO;CONTROLETRAFEGO;USOSOLO;MORTOS;FERIDOS;ILESOS;AUTOMOVEL;ONIBUS;BICICLETA;CAMINHAO;MICROONIBUS;CICLOMOTOR;MOTOCICLETA;TRACAOANIMAL;TREM;LATITUDE;LONGITUDE
254873;15;7;2015;15:00;3829;RUA PAULINO NOGUEIRA;RUA MAL DEODORO;;0;;Colis?úo Lateral;Luz do Dia;Bom;Seca;Cruz;Pare;Comercial;0;0;2;1;0;0;0;0;0;0;0;0;-3,744452000000000;-38,537199000000000
254895;15;7;2015;;0;RUA CAP MELO;;;3684;;Colis?úo Transversal;Anoitecer;Bom;Seca;Meio de Quadra;N?úo H?í Controle;Residencial;0;1;1;1;0;0;0;0;0;1;0;0;-3,754768000000000;-38,513415000000000
254899;15;7;2015;07:00;0;RUA NEWTON CRAVEIRO;;;875;;Choque c/ Obst?ículo Fixo;Luz do Dia;Bom;Seca;Meio de Quadra;N?úo H?í Controle;Residencial;0;0;2;0;0;0;1;0;0;0;0;0;;
254900;15;7;2015;17:00;23466;RUA PAULO FIRMEZA;RUA CAP GUSTAVO;;0;;Colis?úo Transversal;Luz do Dia;Bom;Seca;Duplo T;Pare;Residencial;0;0;2;1;0;0;0;0;0;1;0;0;-3,757459000000000;-38,516363000000000
254906;15;7;2015;18:00;0;AV DES MOREIRA;;;1759;;Choque c/ Obst?ículo Fixo;Anoitecer;Bom;Seca;Meio de Quadra;Sem?íforo;Comercial;0;0;2;1;0;0;0;0;0;0;0;0;-3,741692000000000;-38,500106000000000
254915;15;7;2015;15:30;0;AV CARAPINIMA;;;2642;;Colis?úo Traseira;Luz do Dia;Bom;Seca;Meio de Quadra;;Comercial;0;0;2;0;1;0;0;0;0;0;0;0;-3,742175000000000;-38,542443000000000
254922;15;7;2015;18:10;0;AV HERACLITO GRACA;;;406;;;Anoitecer;Bom;Seca;Meio de Quadra;Sem?íforo;Comercial;0;0;2;1;1;0;0;0;0;0;0;0;-3,734682000000000;-38,520857000000000
254929;15;7;2015;11:15;5295;AV IMPERADOR;RUA PEDRO I;;0;;;Luz do Dia;Bom;Seca;Cruz;Sem?íforo;Comercial;0;1;1;1;0;0;0;0;0;1;0;0;-3,729161000000000;-38,535035000000000
254933;15;7;2015;12:20;14870;RUA WALDIR DIOGO;RUA ALFREDO MAMEDE;;0;;Colis?úo Transversal;Luz do Dia;Bom;Seca;Cruz;Sem?íforo;Residencial;0;0;2;1;0;0;0;0;0;1;0;0;-3,807367000000000;-38,580084000000000
254936;15;7;2015;15:00;0;RUA VITORIA;;;890;;Colis?úo Traseira;Luz do Dia;Bom;Seca;Meio de Quadra;Outros;Comercial;0;0;2;1;0;0;0;0;0;1;0;0;;
254941;15;7;2015;11:20;17495;AV ABOLICAO;RUA UMARI;;0;;Colis?úo Transversal;Luz do Dia;Bom;Seca;Cruz;Pare;Comercial;0;0;2;1;0;0;0;1;0;0;0;0;-3,725135000000000;-38,483577000000000
254938;15;7;2015;21:30;10863;RUA PORTO VELHO;RUA PRO HERIBALDO COSTA;;0;;Colis?úo Transversal;Via Iluminada;Bom;Seca;Cruz;Sem?íforo;Comercial;0;1;1;1;0;0;0;0;0;1;0;0;-3,765974000000000;-38,587014000000000
254945;15;7;2015;18:10;0;AV LUCIANO CARNEIRO;;;0;;;Mal Iluminada;Bom;Seca;Meio de Quadra;Outros;Comercial;0;0;2;1;0;0;0;0;0;0;0;0;;
254948;15;7;2015;08:00;19062;RUA DES WALDETARIO P MOTA;RUA PAULO MORAIS;;0;;Colis?úo Transversal;Luz do Dia;Bom;Seca;Cruz;Pare;Residencial;0;1;1;1;0;0;0;0;0;1;0;0;-3,736632000000000;-38,480491000000000
254950;15;7;2015;16:10;0;RUA ANTONIO FIUZA;;;181;;Colis?úo Traseira;Luz do Dia;Bom;Seca;Meio de Quadra;N?úo H?í Controle;Comercial;0;0;2;1;0;0;0;0;0;0;0;0;-3,768529000000000;-38,551606000000000
254953;15;7;2015;08:00;6817;RUA BENTO ALBUQUERQUE;RUA FRANCISCO MATOS;;0;;Colis?úo Transversal;Luz do Dia;Bom;Seca;Cruz;Pare;Residencial;0;1;1;1;0;0;0;0;0;1;0;0;-3,747862000000000;-38,470436000000000
254957;15;7;2015;10:00;12835;AV DOMINGOS OLIMPIO;RUA SOLON PINHEIRO;;0;;Colis?úo Traseira;Luz do Dia;Bom;Seca;;Sem?íforo;Comercial;0;0;2;1;0;0;0;0;0;0;0;0;-3,737409000000000;-38,528650000000000
269460;15;7;2015;08:15;0;RUA STA EFIGENIA;;;764;;Colis?úo;Luz do Dia;;;Meio de Quadra;;;0;0;2;0;0;0;0;0;0;0;0;0;;
269469;15;7;2015;16:59;0;AV DES FLORIANO BENEVIDES;;;0;;Colis?úo;Luz do Dia;;;Meio de Quadra;;;0;0;2;0;0;0;0;0;0;0;0;0;;
269466;15;7;2015;15:12;14841;RUA PDE RODOLFO;TR REJANE;;0;;Colis?úo;Luz do Dia;;;;;;0;0;2;0;0;0;0;0;0;0;0;0;-3,805515000000000;-38,584954000000000
269464;15;7;2015;10:41;0;RUA BARBARA DE ALENCAR;;;602;;Colis?úo;Luz do Dia;;;Meio de Quadra;;;0;0;2;0;0;0;0;0;0;0;0;0;-3,736343000000000;-38,519129000000000
269472;15;7;2015;17:39;0;AV EDUARDO GIRAO;;;0;;Colis?úo;Anoitecer;;;Meio de Quadra;;;0;0;2;0;0;0;0;0;0;0;0;0;;
269480;15;7;2015;22:38;0;RUA 8 DE SETEMBRO;;;1444;;Colis?úo;;;;Meio de Quadra;;;0;0;2;0;0;0;0;0;0;0;0;0;;
269475;15;7;2015;22:28;0;RUA EUGENIO GADELHA;;;436;;Colis?úo;;;;Meio de Quadra;;;0;0;2;0;0;0;0;0;0;0;0;0;-3,760941000000000;-38,551376000000000
263096;15;7;2015;18:50;25119;RUA BAR AQUIRAZ;RUA MIGUEL COUTO;;0;;Colis?úo;;;;Cruz;Pare;Residencial;0;0;2;1;0;0;0;0;0;0;0;0;-3,837441000000000;-38,487996000000000
259089;15;7;2015;09:51;0;RD BR 116;;;8000;KM-08;Colis?úo Traseira;Luz do Dia;Bom;Seca;Meio de Quadra;N?úo H?í Controle;Comercial;0;2;1;1;0;0;0;0;0;1;0;0;-3,822018000000000;-38,503269000000000
259090;15;7;2015;18:00;0;RD BR 116;;;1000;KM-01;Colis?úo Traseira;Anoitecer;Bom;Seca;Meio de Quadra;N?úo H?í Controle;Comercial;0;1;1;1;0;0;0;0;0;1;0;0;-3,762554000000000;-38,518702000000000
259052;15;7;2015;17:00;0;RD BR 222;;;0;;Colis?úo Lateral;Anoitecer;Bom;Seca;Meio de Quadra;N?úo H?í Controle;Comercial;0;1;1;1;0;0;0;0;0;1;0;0;;
267945;15;7;2015;04:30;6752;AV SANTOS DUMONT;RUA PRO OTAVIO LOBO;;0;;Colis?úo Traseira;;;;Cruz;Sem?íforo;Residencial;1;0;1;1;0;0;0;0;0;1;0;0;-3,742845000000000;-38,477829000000000
263701;15;7;2015;07:12;0;AV PRS CASTELO BRANCO;;;0;;Queda;Luz do Dia;;;Meio de Quadra;;;0;1;0;0;0;0;0;0;0;1;0;0;;
263714;15;7;2015;07:13;0;RUA PRO JOSE SILVEIRA;;;0;;Colis?úo;Luz do Dia;;;Meio de Quadra;;;0;1;1;1;0;1;0;0;0;0;0;0;;
263715;15;7;2015;07:48;0;RUA GUARUJA;;;0;;Colis?úo;Luz do Dia;;;Meio de Quadra;;;0;1;1;0;0;0;0;0;0;1;0;0;;
263716;15;7;2015;09:05;0;AV MAE LISBOA;;;0;;Queda;Luz do Dia;;;Meio de Quadra;;;0;1;0;0;0;0;0;0;0;1;0;0;-3,807857000000000;-38,469416000000000
263717;15;7;2015;09:31;0;AV CASTELO DE CASTRO;;;0;;Colis?úo;Luz do Dia;;;Meio de Quadra;;;0;1;1;0;0;0;1;0;0;1;0;0;-3,841242000000000;-38,521739000000000
263719;15;7;2015;11:51;0;AV L CJ JOSE WALTER;;;0;;Colis?úo;Luz do Dia;;;Meio de Quadra;;;0;1;1;1;0;0;0;0;0;1;0;0;;
263720;15;7;2015;12:38;0;AV GOV PARSIFAL BARROSO;;;0;;Colis?úo;Luz do Dia;;;Meio de Quadra;;;0;1;1;1;0;0;0;0;0;1;0;0;;
263721;15;7;2015;12:56;0;AV PRS COSTA E SILVA;;;0;;Colis?úo;Luz do Dia;;;Meio de Quadra;;;0;1;0;0;0;0;0;0;0;0;0;0;;
263722;15;7;2015;15:13;0;AV PRS CASTELO BRANCO;;;2996;;Atropelamento;Luz do Dia;;;Meio de Quadra;;;0;1;1;1;0;0;0;0;0;0;0;0;-3,711841000000000;-38,555758000000000
263723;15;7;2015;15:14;0;RUA STA ELISA D21;;;0;;Colis?úo;Luz do Dia;;;Meio de Quadra;;;0;1;1;1;0;0;0;0;0;1;0;0;-3,703843000000000;-38,566210000000000
263724;15;7;2015;16:53;0;AV LINEU MACHADO;;;0;;Colis?úo;Luz do Dia;;;Meio de Quadra;;;0;1;1;1;0;0;0;0;0;1;0;0;;
263728;15;7;2015;17:23;0;AV LUCIANO CARNEIRO;;;0;;Colis?úo;Anoitecer;;;Meio de Quadra;;;0;1;1;1;0;0;0;0;0;1;0;0;-3,764491000000000;-38,536538000000000
263729;15;7;2015;18:16;0;RUA GUARANI D65;;;0;;Colis?úo;Anoitecer;;;Meio de Quadra;;;0;1;0;0;0;0;0;0;0;1;0;0;;
263730;15;7;2015;18:41;0;AV GAL OSORIO DE PAIVA;;;0;;Colis?úo;;;;Meio de Quadra;;;0;1;1;0;0;0;0;0;0;1;0;0;-3,802245000000000;-38,599658000000000
263731;15;7;2015;18:59;0;AV RAD JOSE LIMA VERDE;;;0;;Atropelamento;;;;Meio de Quadra;;;0;1;1;1;0;0;0;0;0;0;0;0;-3,697561000000000;-38,586777000000000
263732;15;7;2015;19:17;0;AV GAL OSORIO DE PAIVA;;;0;;Atropelamento;;;;Meio de Quadra;;;0;1;1;1;0;0;0;0;0;0;0;0;-3,775741000000000;-38,566657000000000
263726;15;7;2015;17:23;0;RUA PRO HERIBALDO COSTA;;;0;;Colis?úo;Anoitecer;;;Meio de Quadra;;;0;1;1;1;0;0;0;0;0;1;0;0;;
263740;15;7;2015;21:34;0;AV SGT HERMINIO SAMPAIO;VL PONTES;;0;;Atropelamento;;;;;;;0;1;1;1;0;0;0;0;0;0;0;0;-3,729246000000000;-38,573474000000000
259515;15;7;2015;11:40;0;RD CE-040;;;0;;Colis?úo;Luz do Dia;Bom;Seca;Meio de Quadra;N?úo H?í Controle;Comercial;0;0;2;1;0;0;0;0;0;0;0;0;;
259517;15;7;2015;22:05;0;AV SEN CARLOS JEREISSATI (AEROPORTO);;;0;KM 02;Colis?úo;Via Iluminada;Bom;Seca;Meio de Quadra;;Comercial;0;0;2;1;0;0;0;0;0;0;0;0;-3,783932000000000;-38,529156000000000
256123;15;7;2015;18:30;20042;AV DEP PAULINO ROCHA;AV ALBERTO CRAVEIRO;;0;;Colis?úo Traseira;Via Iluminada;Bom;;Rotat??ria;Pare;Residencial;0;0;2;1;0;0;0;0;0;0;0;0;-3,807229000000000;-38,524782000000000
254983;15;7;2015;19:40;3788;RUA WALDERY UCHOA;RUA PDE FRANCISCO PINTO;;0;;Colis?úo Traseira;Via Iluminada;Bom;Seca;Cruz;Pare;Residencial;0;0;2;0;0;0;0;0;0;1;0;0;-3,744299000000000;-38,539138000000000
254972;15;7;2015;15:00;1378;RUA DES LEITE ALBUQUERQUE;RUA OSVALDO CRUZ (ALDEOTA);;0;;Colis?úo Transversal;Luz do Dia;Bom;Seca;Cruz;Pare;Comercial;0;0;4;1;0;0;0;0;0;0;0;0;-3,736598000000000;-38,500640000000000
254977;15;7;2015;13:00;23458;RUA PAULO FIRMEZA;RUA PRO CARVALHO;;0;;Colis?úo Transversal;Luz do Dia;Bom;Seca;Cruz;Pare;Residencial;0;0;2;1;0;0;0;0;0;0;0;0;-3,757232000000000;-38,514078000000000
254962;15;7;2015;12:45;0;RUA CARLOS CAMARA;;;1289;;Colis?úo Lateral;Luz do Dia;Bom;Seca;Meio de Quadra;N?úo H?í Controle;Residencial;0;0;2;1;0;0;0;0;0;1;0;0;-3,747642000000000;-38,543635000000000
254998;15;7;2015;21:10;0;RUA PAULO CANDIDO;;;545;;Colis?úo Lateral;Via Iluminada;Bom;Seca;Meio de Quadra;Outros;Residencial;0;0;2;1;0;0;0;0;0;0;0;0;-3,801537000000000;-38,566057000000000
254999;15;7;2015;19:20;12405;AV LINEU MACHADO;RUA JOCKEY CLUBE;;0;;;Via Iluminada;Bom;Seca;Outros;Outros;Residencial;0;0;3;1;0;0;0;0;0;1;0;0;-3,764186000000000;-38,576001000000000
254981;15;7;2015;19:05;22979;RUA FRE ALEMAO;RUA MAD ELISA BALDO;;0;;Colis?úo Transversal;Via Iluminada;Bom;Seca;Cruz;Pare;Residencial;0;0;2;1;0;0;0;0;0;0;0;0;-3,785835000000000;-38,544056000000000
256144;15;7;2015;18:20;0;AV WASHINGTON SOARES;;;980;;Colis?úo Lateral;Via Iluminada;Bom;Seca;Meio de Quadra;Pare;Comercial;0;0;2;1;0;0;0;0;0;0;0;0;;
254970;16;7;2015;13:50;18303;AV ALM BARROSO;RUA ITAPIPOCA;;0;;Colis?úo Lateral;Via Iluminada;Chuva;Molhada;;N?úo H?í Controle;Comercial;0;0;2;1;0;0;0;0;0;1;0;0;-3,720403000000000;-38,516762000000000
254974;16;7;2015;10:15;13416;AV RUI BARBOSA;RUA JOAO BRIGIDO;;0;;Colis?úo Transversal;Luz do Dia;Nublado;Seca;Cruz;Pare;Misto;0;1;1;1;0;0;0;0;0;1;0;0;-3,741995000000000;-38,511369000000000
259520;16;7;2015;18:10;0;AV SEN CARLOS JEREISSATI (AEROPORTO);;;0;KM 03;Colis?úo;Anoitecer;Bom;Seca;Meio de Quadra;;Comercial;0;3;6;1;0;0;0;0;0;1;0;0;-3,780382000000000;-38,541414000000000
263742;16;7;2015;05:09;0;RD BR 116;;;0;;Colis?úo;Amanhecer;;;Meio de Quadra;;;0;1;1;0;0;0;1;0;0;1;0;0;;
263743;16;7;2015;06:38;0;RUA NOSSA SRA APARECIDA;;;0;;Colis?úo;Luz do Dia;;;Meio de Quadra;;;0;1;1;1;0;0;0;0;0;1;0;0;;
263744;16;7;2015;07:20;3768;AV TRISTAO GONCALVES;AV DOMINGOS OLIMPIO;;0;;Colis?úo;Luz do Dia;;;Cruz;Sem?íforo;Comercial;0;1;1;1;0;0;0;0;0;1;0;0;-3,735133000000000;-38,535613000000000
263746;16;7;2015;09:52;0;AV CEL CARVALHO;;;1761;;Colis?úo;Luz do Dia;;;Meio de Quadra;;;0;1;1;1;0;0;0;0;0;1;0;0;-3,717857000000000;-38,587852000000000
263762;16;7;2015;15:42;0;AV ZUCA ACIOLY;;;0;;Queda;Luz do Dia;;;Meio de Quadra;;;0;1;0;0;0;0;0;0;0;1;0;0;;
263763;16;7;2015;16:41;0;AV MIGUEL DIAS;;;0;;Colis?úo;Luz do Dia;;;Meio de Quadra;;;0;1;0;0;0;0;0;0;0;0;0;0;;
263748;16;7;2015;13:31;0;RUA FRANCISCA CLOTILDE;;;0;;Queda;Luz do Dia;;;Meio de Quadra;;;0;1;1;0;0;0;0;0;0;1;0;0;-3,747202000000000;-38,556917000000000
263813;16;7;2015;21:30;0;RUA BERNARDO MANUEL;;;0;;Colis?úo;;;;Meio de Quadra;;;0;1;0;0;0;0;0;0;0;0;0;0;;
263814;16;7;2015;22:49;0;RUA CON DE CASTRO;;;0;;Colis?úo;;;;Meio de Quadra;;;0;1;1;1;0;0;0;0;0;1;0;0;-3,775175000000000;-38,564380000000000
263815;16;7;2015;23:44;0;AV PERIMETRAL;;;0;;Atropelamento;;;;Meio de Quadra;;;0;1;1;1;0;0;0;0;0;0;0;0;;
263810;16;7;2015;21:12;7861;RUA CEL JUCA;AV ANTONIO SALES;;0;;Queda;;;;Cruz;Sem?íforo;Comercial;0;1;0;0;0;0;0;0;0;1;0;0;-3,747893000000000;-38,494573000000000
263805;16;7;2015;19:05;0;RUA MELO DE OLIVEIRA;;;0;;Colis?úo;;;;Meio de Quadra;;;0;1;1;1;0;0;0;0;0;1;0;0;;
263797;16;7;2015;18:35;0;RUA JOAO FONSECA;;;0;;Queda;;;;Meio de Quadra;;;0;1;0;0;0;0;0;0;0;1;0;0;;
263794;16;7;2015;18:20;0;AV SEN CARLOS JEREISSATI (AEROPORTO);;;0;;Colis?úo;Anoitecer;;;Meio de Quadra;;;0;1;1;1;0;0;0;0;0;1;0;0;;
267904;16;7;2015;17:14;0;RUA VALPARAISO;;;160;EMEIF MARIETA CALS;Atropelamento;Anoitecer;;;Meio de Quadra;;;1;0;1;1;0;0;0;0;0;0;0;0;-3,845773000000000;-38,523560000000000
263103;16;7;2015;17:20;6722;AV ENG SANTANA JUNIOR;RUA DR GILBERTO STUDART;;0;;Colis?úo;Anoitecer;;;Cruz;Pare;Comercial;0;0;2;1;1;0;0;0;0;0;0;0;-3,741972000000000;-38,486048000000000
269485;16;7;2015;02:24;2205;AV RAD JOSE LIMA VERDE;AV CEL CARVALHO;;0;;Choque c/ Obst?ículo Fixo;;;;Y;N?úo H?í Controle;Comercial;0;0;1;0;0;0;0;0;0;0;0;0;-3,703499000000000;-38,591542000000000
269489;16;7;2015;05:27;0;RUA JOSE LUCAS;;;603;;Colis?úo;Amanhecer;;;Meio de Quadra;;;0;0;2;0;0;0;0;0;0;0;0;0;;
269490;16;7;2015;10:21;0;RUA BORIS;;;90;;Colis?úo;Luz do Dia;;;Meio de Quadra;;;0;0;2;0;0;0;0;0;0;0;0;0;-3,721249000000000;-38,521020000000000
269491;16;7;2015;11:39;0;AV PRS CASTELO BRANCO;;;0;;Colis?úo;Luz do Dia;;;Meio de Quadra;;;0;0;2;0;0;0;0;0;0;0;0;0;;
269496;16;7;2015;15:18;9055;AV VIS RIO BRANCO;RUA CEL ALVES TEIXEIRA;;0;;Colis?úo;Luz do Dia;;;;;;0;0;2;0;0;0;0;0;0;0;0;0;-3,745349000000000;-38,522164000000000
269497;16;7;2015;16:16;0;RUA RODRIGUES JUNIOR;;;488;;Atropelamento;Luz do Dia;;;Meio de Quadra;;;0;0;2;0;0;0;0;0;0;0;0;0;;
269502;16;7;2015;22:21;0;AV J CJ JOSE WALTER;;;0;;Colis?úo;;;;Meio de Quadra;;;0;0;2;0;0;0;0;0;0;0;0;0;;
269503;16;7;2015;22:45;2431;RUA ESTEVAO DE CAMPOS;RUA JERONIMO ALBUQUERQUE;;0;;Colis?úo;;;;Cruz;Pare;Misto;0;0;2;0;0;0;0;0;0;0;0;0;-3,706713000000000;-38,576292000000000
254928;16;7;2015;18:40;0;AV AGUANAMBI;;;965;;Engavetamento;Via Iluminada;Bom;Seca;Meio de Quadra;N?úo H?í Controle;Comercial;0;0;3;1;0;0;0;0;0;0;0;0;-3,746726000000000;-38,524970000000000
254905;16;7;2015;07:20;18407;AV SGT HERMINIO SAMPAIO;RUA VIRGILIO BRIGIDO;;0;;Atropelamento;Luz do Dia;Bom;Seca;T;N?úo H?í Controle;Residencial;0;1;1;0;0;0;0;0;0;0;0;0;-3,728096000000000;-38,570340000000000
254921;16;7;2015;07:50;0;RUA PEDRO PEREIRA;;;694;;Colis?úo Traseira;Luz do Dia;Bom;Seca;Meio de Quadra;N?úo H?í Controle;Comercial;0;0;2;1;0;0;0;0;0;0;0;0;-3,728609000000000;-38,531851000000000
254924;16;7;2015;08:30;5371;RUA GAL CLARINDO DE QUEIROZ;RUA VINTE E QUATRO DE MAIO;;0;;Colis?úo Transversal;Luz do Dia;Bom;Seca;Cruz;Pare;Comercial;0;1;1;1;0;0;0;0;0;1;0;0;-3,731621000000000;-38,533532000000000
254926;16;7;2015;13:18;0;AV DIOGUINHO;;;2125;;Choque c/ Obst?ículo Fixo;Luz do Dia;Bom;Seca;Meio de Quadra;N?úo H?í Controle;Comercial;0;1;0;0;0;0;1;0;0;0;0;0;-3,735415000000000;-38,456716000000000
254912;16;7;2015;13:10;5709;AV DES GONZAGA;AV OLIVEIRA PAIVA;;0;;Colis?úo Lateral;Luz do Dia;Bom;Seca;Cruz;Sem?íforo;Comercial;0;0;2;1;0;0;1;0;0;0;0;0;-3,797165000000000;-38,499953000000000
254913;16;7;2015;14:00;0;AV DOMINGOS OLIMPIO;;;1050;;Colis?úo Traseira;Luz do Dia;Bom;Seca;Meio de Quadra;N?úo H?í Controle;Comercial;0;0;2;1;0;0;0;0;0;0;0;0;-3,735873000000000;-38,533283000000000
254919;16;7;2015;15:00;0;AV DUQ CAXIAS;;;914;;;Luz do Dia;Bom;Seca;Meio de Quadra;;Comercial;0;0;1;1;0;0;0;0;0;0;0;0;-3,730929000000000;-38,532552000000000
254903;16;7;2015;07:10;13592;AV PONTES VIEIRA;RUA PRO CARVALHO;;0;;Choque c/ Obst?ículo Fixo;Luz do Dia;Bom;Seca;Cruz;Sem?íforo;Comercial;0;1;1;1;0;0;0;0;0;0;0;0;-3,752890000000000;-38,514949000000000
254908;16;7;2015;08:30;0;AV BEZERRA DE MENEZES;;;1001;;Colis?úo Traseira;Luz do Dia;Bom;Seca;Meio de Quadra;;Comercial;0;1;1;1;0;0;0;0;0;1;0;0;-3,733521000000000;-38,554018000000000
254910;16;7;2015;14:00;0;AV OLIVEIRA PAIVA;;;1237;;Colis?úo Traseira;Luz do Dia;Bom;Seca;Meio de Quadra;N?úo H?í Controle;Comercial;0;0;2;1;0;0;0;0;0;0;0;0;-3,795391000000000;-38,495265000000000
254901;16;7;2015;15:10;1306;RUA TORRES CAMARA;RUA MON BRUNO;;0;;Engavetamento;Luz do Dia;Bom;Seca;Cruz;Pare;Comercial;0;0;3;1;0;0;0;0;0;0;0;0;-3,734594000000000;-38,510152000000000
254896;16;7;2015;16:00;569;RUA COELHO NETO;RUA FRANCISCO CALACA;;0;;Colis?úo Lateral;Luz do Dia;Bom;Seca;Cruz;Pare;Residencial;0;0;2;1;1;0;0;0;0;0;0;0;-3,716762000000000;-38,573999000000000
254881;16;7;2015;10:35;8000;AV JOAO PESSOA;RUA DELMIRO FARIAS;;0;;Colis?úo Transversal;Luz do Dia;Nublado;Seca;Cruz;Pare;Escola;0;0;2;1;1;0;0;0;0;0;0;0;-3,750275000000000;-38,547538000000000
254883;16;7;2015;15:20;0;AV DOMINGOS OLIMPIO;;;397;;Colis?úo Transversal;Luz do Dia;Bom;Seca;Meio de Quadra;N?úo H?í Controle;Comercial;0;0;2;1;1;0;0;0;0;0;0;0;-3,737584000000000;-38,527874000000000
254894;16;7;2015;12:30;7999;RUA CARLOS CAMARA;RUA ANA NERY;;0;;Colis?úo Traseira;Luz do Dia;Nublado;Seca;Cruz;Pare;Misto;0;0;2;1;1;0;0;0;0;0;0;0;-3,750211000000000;-38,545958000000000
254888;16;7;2015;09:30;1423;RUA TORRES CAMARA;RUA OSVALDO CRUZ (ALDEOTA);;0;;Colis?úo Transversal;Luz do Dia;Bom;Seca;Cruz;Sem?íforo;Residencial;0;0;2;1;0;0;0;0;0;0;0;0;-3,737574000000000;-38,500953000000000
254891;16;7;2015;21:50;1297;AV SANTOS DUMONT;RUA JOSE VILAR;;0;;Colis?úo Transversal;Via Iluminada;Chuva;Molhada;Cruz;Sem?íforo;Comercial;0;0;2;1;0;0;0;0;0;0;0;0;-3,734337000000000;-38,504194000000000
254892;16;7;2015;16:30;0;AV DR SILAS MUNGUBA;;;2555;;Colis?úo Transversal;Luz do Dia;Bom;Seca;Meio de Quadra;Pare;Comercial;0;2;1;1;0;0;0;0;1;0;0;0;-3,786312000000000;-38,550338000000000
254879;16;7;2015;10:00;0;AV DOMINGOS OLIMPIO;;;185;;Colis?úo Traseira;Luz do Dia;Nublado;Seca;Meio de Quadra;N?úo H?í Controle;Comercial;0;0;2;1;0;0;0;0;0;0;0;0;-3,738102000000000;-38,526273000000000
267783;16;7;2015;09:30;0;RUA TARSILA DO AMARAL;;;44;;Colis?úo;Luz do Dia;;;Meio de Quadra;;;1;0;1;0;0;0;1;0;0;1;0;0;;
254897;17;7;2015;17:30;12618;RUA COS LAFAYETE;RUA RIO ARAGUAIA;;0;;Colis?úo Lateral;Anoitecer;Nublado;Molhada;Cruz;Pare;Misto;0;1;1;0;0;0;0;0;0;1;0;0;-3,718123000000000;-38,581410000000000
254898;17;7;2015;18:40;9034;AV AGUANAMBI;RUA CEL SOLON;;0;;Colis?úo Lateral;Via Iluminada;Nublado;Seca;Cruz;Sem?íforo;Misto;0;1;1;0;1;0;0;0;0;1;0;0;-3,742854000000000;-38,525818000000000
254902;17;7;2015;19:00;18302;RUA DRAGAO DO MAR;RUA SEN ALMINO;;0;;Colis?úo Traseira;Via Iluminada;Bom;Seca;Cruz;Pare;Comercial;0;0;2;1;0;0;0;0;0;0;0;0;-3,721816000000000;-38,517919000000000
254911;17;7;2015;13:00;25071;AV DOS EXPEDICIONARIOS;RUA TEODORICO BARROSO;;0;;Colis?úo Transversal;Luz do Dia;Bom;Seca;Cruz;Pare;Comercial;0;1;1;1;0;0;0;0;0;1;0;0;-3,766646000000000;-38,541696000000000
254909;17;7;2015;14:50;3896;RUA CARLOS CAMARA;AV EDUARDO GIRAO;;0;;Colis?úo Transversal;Luz do Dia;Bom;Seca;Cruz;N?úo H?í Controle;Residencial;0;0;2;1;0;0;0;0;0;0;0;0;-3,747043000000000;-38,543106000000000
254904;17;7;2015;19:30;0;RUA PRO HERIBALDO COSTA;;;2116;;Colis?úo Transversal;Via Iluminada;Chuva;Molhada;Meio de Quadra;;Residencial;0;0;2;1;0;0;0;0;0;0;0;0;-3,769661000000000;-38,588915000000000
254907;17;7;2015;12:15;0;AV VIS RIO BRANCO;;;2840;;Colis?úo Traseira;Luz do Dia;Bom;Seca;Meio de Quadra;N?úo H?í Controle;Residencial;0;0;2;1;0;0;0;0;0;0;0;0;-3,745935000000000;-38,522036000000000
254920;17;7;2015;20:30;7481;RUA BOA VENTURA;RUA BANDEIRA DE MELO;;0;;Colis?úo Transversal;Via Iluminada;Chuva;Molhada;Cruz;Pare;Residencial;0;0;2;0;1;0;0;0;0;0;0;0;-3,787535000000000;-38,524278000000000
254914;17;7;2015;16:30;15224;AV BAR STUDART;RUA DEP MOREIRA DA ROCHA;;0;;Colis?úo Lateral;Luz do Dia;Bom;Seca;Cruz;Sem?íforo;Comercial;0;1;1;1;0;0;0;0;0;1;0;0;-3,727254000000000;-38,504238000000000
254916;17;7;2015;18:06;4250;AV FRANCISCO SA;RUA PDE ANCHIETA;;0;;Colis?úo Lateral;Anoitecer;Nublado;Seca;Cruz;Sem?íforo;Comercial;0;1;1;0;0;0;0;1;0;1;0;0;-3,719988000000000;-38,549538000000000
254917;17;7;2015;05:30;0;AV DES MOREIRA;;;2565;;Choque c/ Obst?ículo Fixo;Luz do Dia;Chuva;Molhada;Meio de Quadra;N?úo H?í Controle;Comercial;0;0;1;1;0;0;0;0;0;0;0;0;-3,748216000000000;-38,502181000000000
254918;17;7;2015;10:00;1351;RUA DES LEITE ALBUQUERQUE;RUA TIBURCIO CAVALCANTE;;0;;Colis?úo Transversal;Luz do Dia;Bom;Seca;Cruz;Pare;Misto;0;1;1;1;0;0;0;0;0;1;0;0;-3,735956000000000;-38,502587000000000