COD_ACIDENTE;DIA;MES;ANO;HORA;INTERSECAO;LOG1;LOG2;LOG3;NUMERO;REFERENCIA;NATUREZA;ILUMINACAO;TEMPO;SUPERFICIEPISTA;TIPOCRUZAMENTO;CONTROLETRAFEGO;USOSOLO;MORTOS;FERIDOS;ILESOS;AUTOMOVEL;ONIBUS;BICICLETA;CAMINHAO;MICROONIBUS;CICLOMOTOR;MOTOCICLETA;TRACAOANIMAL;TREM;LATITUDE;LONGITUDE
254927;17;7;2015;12:00;7762;AV ANTONIO SALES;RUA NUNES VALENTE;;0;;Colis?úo Transversal;Luz do Dia;Bom;Seca;Cruz;Pare;Residencial;0;1;1;1;0;0;0;0;0;1;0;0;-3,744237000000000;-38,506314000000000
254925;17;7;2015;10:50;8931;RUA ANTONIO POMPEU;RUA JUSTINIANO DE SERPA;;0;;Colis?úo Transversal;Luz do Dia;Bom;Seca;T;Pare;Comercial;0;0;2;1;0;0;1;0;0;0;0;0;-3,732034000000000;-38,542672000000000
254923;17;7;2015;14:00;0;AV GOV RAUL BARBOSA;;;5354;;Colis?úo Traseira;Luz do Dia;Bom;Seca;Meio de Quadra;N?úo H?í Controle;Comercial;0;1;1;1;0;0;0;0;0;1;0;0;-3,766404000000000;-38,508993000000000
254939;17;7;2015;10:40;0;AV AGUANAMBI;;;417;;Colis?úo Traseira;;Bom;Seca;Meio de Quadra;Gesto;Comercial;0;0;2;1;0;0;0;1;0;0;0;0;-3,740422000000000;-38,525030000000000
254937;17;7;2015;07:40;0;AV WENEFRIDO MELO;;;108;;Colis?úo Lateral;Luz do Dia;Bom;Seca;Meio de Quadra;N?úo H?í Controle;Residencial;0;1;2;1;0;0;1;0;0;1;0;0;-3,808744000000000;-38,578026000000000
254934;17;7;2015;09:30;0;AV FRANCISCO SA;;;2152;;Colis?úo Lateral;Luz do Dia;Bom;Seca;Meio de Quadra;N?úo H?í Controle;Residencial;0;0;2;1;1;0;0;0;0;0;0;0;-3,721549000000000;-38,544721000000000
254935;17;7;2015;09:50;1547;AV DES MOREIRA;RUA CAROLINA SUCUPIRA;;0;;Colis?úo Transversal;Luz do Dia;Nublado;Seca;Cruz;Sem?íforo;Comercial;0;1;1;0;0;0;0;0;0;1;0;0;-3,741192000000000;-38,499948000000000
254930;17;7;2015;16:00;25769;AV DR SILAS MUNGUBA;RUA CORUMBA;;0;;Colis?úo Traseira;Luz do Dia;Bom;Seca;T;Pare;Comercial;0;0;2;1;0;0;0;0;0;1;0;0;-3,801188000000000;-38,530014000000000
254931;17;7;2015;21:10;19811;RUA MOREIRA DE SOUSA;RUA DOM MANUEL DE MEDEIROS;;0;;Colis?úo Lateral;Mal Iluminada;Nublado;Seca;Cruz;Pare;Residencial;0;0;2;1;0;0;0;0;0;0;0;0;-3,739647000000000;-38,566790000000000
254932;17;7;2015;07:45;735;AV DR THEBERGE;AV TEN LISBOA;;0;;Colis?úo Transversal;Luz do Dia;Bom;Seca;T;Pare;Comercial;0;1;1;1;0;0;0;0;0;1;0;0;-3,720711000000000;-38,566942000000000
269505;17;7;2015;08:53;0;RUA FRANCISCO SEGUNDO DA COSTA;;;247;;Colis?úo;Luz do Dia;;;Meio de Quadra;;;0;0;2;0;0;0;0;0;0;0;0;0;;
269509;17;7;2015;09:49;0;RUA PDE PEDRO DE ALENCAR;;;1130;;Colis?úo;Luz do Dia;;;Meio de Quadra;;;0;0;2;0;0;0;0;0;0;0;0;0;-3,837576000000000;-38,494213000000000
269510;17;7;2015;10:26;0;RUA JOSE FACANHA;;;52;;Colis?úo;Luz do Dia;;;Meio de Quadra;;;0;0;2;0;0;0;0;0;0;0;0;0;-3,755929000000000;-38,553078000000000
269507;17;7;2015;09:27;0;AV FRANCISCO SA;;;6050;;Colis?úo;Luz do Dia;;;Meio de Quadra;;;0;0;2;0;0;0;0;0;0;0;0;0;-3,710033000000000;-38,578841000000000
269513;17;7;2015;11:16;0;RUA CAP AFRANIO;;;149;;Colis?úo;Luz do Dia;;;Meio de Quadra;;;0;0;2;0;0;0;0;0;0;0;0;0;-3,829314000000000;-38,494869000000000
269515;17;7;2015;12:32;6751;RUA PRO OTAVIO LOBO;RUA VILEBALDO AGUIAR;;0;;Colis?úo;Luz do Dia;;;Cruz;Pare;Residencial;0;0;2;0;0;0;0;0;0;0;0;0;-3,743596000000000;-38,478303000000000
269518;17;7;2015;12:36;0;AV PRS COSTA E SILVA;;;0;;Colis?úo;Luz do Dia;;;Meio de Quadra;;;0;0;2;0;0;0;0;0;0;0;0;0;;
269519;17;7;2015;13:34;0;AV ALBERTO CRAVEIRO;;;0;;Colis?úo;Luz do Dia;;;Meio de Quadra;;;0;0;2;0;0;0;0;0;0;0;0;0;;
269521;17;7;2015;13:36;10420;RUA DAS PEDRINHAS;RUA LUIZ MARIANO;;0;;Colis?úo;Luz do Dia;;;Cruz;N?úo H?í Controle;Residencial;0;0;2;0;0;0;0;0;0;0;0;0;-3,761937000000000;-38,600122000000000
269523;17;7;2015;16:12;0;RUA PEDRO DANTAS;;;81;;Colis?úo;Luz do Dia;;;Meio de Quadra;;;0;0;2;0;0;0;0;0;0;0;0;0;-3,786547000000000;-38,518370000000000
269529;17;7;2015;16:50;10859;RUA PORTO ALEGRE;RUA JULIO MACIEL D35;;0;;Colis?úo;Luz do Dia;;;;;;0;0;2;0;0;0;0;0;0;0;0;0;-3,765825000000000;-38,579716000000000
269535;17;7;2015;17:48;0;RUA GUILHERME MENDES;;;347;;Colis?úo;Anoitecer;;;Meio de Quadra;;;0;0;2;0;0;0;0;0;0;0;0;0;;
269538;17;7;2015;18:09;11009;RUA EQUADOR;RUA JULIO VERNE;;0;;Colis?úo;Anoitecer;;;Cruz;Pare;Misto;0;0;2;0;0;0;0;0;0;0;0;0;-3,775427000000000;-38,552843000000000
269541;17;7;2015;18:41;0;LOGRADOURO SEM NOME;;;0;;Colis?úo;;;;Meio de Quadra;;;0;0;2;0;0;0;0;0;0;0;0;0;;
269544;17;7;2015;18:43;21983;RUA GAL BERNARDO FIGUEIREDO;RUA TIRADENTES;;0;;Colis?úo;;;;Duplo T;Pare;Residencial;0;0;2;0;0;0;0;0;0;0;0;0;-3,739647000000000;-38,551719000000000
269552;17;7;2015;20:17;0;RUA BOM JESUS (GRANJA LISBOA);;;227;;Capotamento;;;;Meio de Quadra;;;0;0;1;0;0;0;0;0;0;0;0;0;-3,796126000000000;-38,596063000000000
269558;17;7;2015;20:38;0;AV BENJAMIM BRASIL;;;0;;Colis?úo;;;;Meio de Quadra;;;0;0;2;0;0;0;0;0;0;0;0;0;;
269561;17;7;2015;21:38;3219;RUA ANSELMO NOGUEIRA;RUA EMILIO DE MENESES;;0;;Colis?úo;;;;Cruz;Sem?íforo;Comercial;0;0;2;0;0;0;0;0;0;0;0;0;-3,781760000000000;-38,587374000000000
263106;17;7;2015;16:21;15399;RUA ALMEIDA REGO;AV FRE CIRILO;;0;;Colis?úo;Luz do Dia;;;Cruz;Sem?íforo;Comercial;0;0;2;1;0;0;1;0;0;0;0;0;-3,814967000000000;-38,498444000000000
263107;17;7;2015;17:47;0;RUA ILDEFONSO ALBANO;;;0;;Colis?úo;Anoitecer;;;Meio de Quadra;;;0;0;2;1;1;0;0;0;0;0;0;0;;
259053;17;7;2015;05:10;0;RD BR 222;;;0;KM-01;Colis?úo Traseira;Amanhecer;Bom;Seca;Meio de Quadra;N?úo H?í Controle;Comercial;0;2;1;1;0;0;0;1;0;0;0;0;-3,737774000000000;-38,577952000000000
259091;17;7;2015;18:00;0;RD BR 116;;;11000;KM-11;Colis?úo Traseira;Anoitecer;Chuva;Molhada;Meio de Quadra;N?úo H?í Controle;Comercial;0;0;3;1;0;0;0;0;0;0;0;0;-3,847160000000000;-38,497176000000000
263819;17;7;2015;09:14;0;AV DA INDEPENDENCIA;;;0;;Colis?úo;Luz do Dia;;;Meio de Quadra;;;0;1;1;1;0;0;0;0;0;1;0;0;-3,727268000000000;-38,589712000000000
263839;17;7;2015;13:08;0;RUA PAPI JUNIOR;;;250;;Atropelamento;Luz do Dia;;;Meio de Quadra;;;0;1;0;0;0;0;0;0;0;1;0;0;;
263835;17;7;2015;12:04;0;RUA VIS CAUIPE;;;0;;Queda;Luz do Dia;;;Meio de Quadra;;;0;1;0;0;0;0;0;0;0;1;0;0;;
263858;17;7;2015;19:55;0;RUA SAO PAULO;;;0;;Colis?úo;;;;Meio de Quadra;;;0;1;1;1;0;0;0;0;0;1;0;0;;
263859;17;7;2015;20:11;0;RUA CON DE CASTRO;;;0;;Colis?úo;;;;Meio de Quadra;;;0;1;0;0;0;0;0;0;0;0;0;0;-3,801091000000000;-38,588405000000000
263851;17;7;2015;15:48;0;AV 20 DE JANEIRO;;;0;;Queda;Luz do Dia;;;Meio de Quadra;;;0;1;0;0;0;0;0;0;0;1;0;0;-3,702262000000000;-38,589256000000000
263852;17;7;2015;16:38;0;RUA PORTO VELHO;;;0;;Colis?úo;Luz do Dia;;;Meio de Quadra;;;0;1;0;0;0;0;0;0;0;0;0;0;-3,767508000000000;-38,584180000000000
263853;17;7;2015;18:59;271;AV JOVITA FEITOSA;RUA AMADEU FURTADO;;0;;Colis?úo;;;;Cruz;Sem?íforo;Residencial;0;1;0;0;0;0;0;0;0;0;0;0;-3,741173000000000;-38,562915000000000
263849;17;7;2015;15:46;0;RUA MOREIRA DA ROCHA;;;0;;Colis?úo;Luz do Dia;;;Meio de Quadra;;;0;1;1;1;0;0;0;0;0;1;0;0;;
263855;17;7;2015;19:46;0;AV GAL OSORIO DE PAIVA;;;0;;Atropelamento;;;;Meio de Quadra;;;0;1;1;1;0;0;0;0;0;0;0;0;-3,806454000000000;-38,603765000000000
259525;17;7;2015;18:00;0;AV SEN CARLOS JEREISSATI (AEROPORTO);;;0;KM 01;Colis?úo;Anoitecer;Bom;Seca;Meio de Quadra;N?úo H?í Controle;Comercial;0;0;2;1;0;0;0;0;0;0;0;0;-3,783803000000000;-38,520356000000000
259526;18;7;2015;08:40;0;RD CE-040;;;0;KM-06;Colis?úo;Luz do Dia;Bom;Seca;Meio de Quadra;N?úo H?í Controle;Comercial;0;0;2;0;0;0;0;0;0;0;0;0;-3,811270000000000;-38,478781000000000
259527;18;7;2015;15:00;0;RD CE-040;;;0;KM-01;Choque c/ Obst?ículo Fixo;Luz do Dia;Bom;Seca;Meio de Quadra;N?úo H?í Controle;Comercial;0;0;1;1;0;0;0;0;0;0;0;0;-3,754877000000000;-38,483270000000000
263861;18;7;2015;00:35;0;RUA IPALMERIM;;;0;;Queda;;;;Meio de Quadra;;;0;1;0;0;0;0;0;0;0;1;0;0;;
263872;18;7;2015;00:50;9952;RUA JOSE TORRES;RUA EMILIO DE MENESES;;0;;Queda;;;;Cruz;Pare;Comercial;0;1;0;0;0;0;0;0;0;1;0;0;-3,776425000000000;-38,606283000000000
263873;18;7;2015;01:19;0;AV JOAO PESSOA;;;0;;Colis?úo;;;;Meio de Quadra;;;0;1;0;0;0;0;0;0;0;0;0;0;-3,770280000000000;-38,561064000000000
263874;18;7;2015;06:30;0;RUA TEODOMIRO DE CASTRO;;;6404;;Colis?úo;Luz do Dia;;;Meio de Quadra;;;0;1;0;1;0;0;0;0;0;1;0;0;-3,716589000000000;-38,577502000000000
263882;18;7;2015;10:53;0;AV GODOFREDO MACIEL;;;0;;Colis?úo;Luz do Dia;;;Meio de Quadra;;;0;1;1;1;0;0;0;0;0;1;0;0;;
263884;18;7;2015;11:04;17564;RUA PARA;RUA ESTADO DO RIO;;0;;Colis?úo;Luz do Dia;;;Cruz;Pare;Residencial;0;1;1;1;0;0;0;0;0;1;0;0;-3,752973000000000;-38,567337000000000
263886;18;7;2015;11:09;0;AV PRS ARTUR BERNARDES;;;0;;Queda;Luz do Dia;;;Meio de Quadra;;;0;1;0;0;0;0;0;0;0;1;0;0;;
263888;18;7;2015;11:40;0;RUA MARIA QUINTELA;;;0;;Colis?úo;Luz do Dia;;;Meio de Quadra;;;0;1;1;0;0;0;1;0;0;1;0;0;;
263890;18;7;2015;13:29;18733;RUA VALPARAISO;RUA VERDE 2 CJ ST S.JOAO;;0;;Colis?úo;Luz do Dia;;;;;;0;1;0;0;0;0;0;0;0;1;0;0;-3,846425000000000;-38,518933000000000
263903;18;7;2015;18:16;0;RUA CRISANTO ARRUDA;;;0;;Queda;Anoitecer;;;Meio de Quadra;;;0;1;0;0;0;0;0;0;0;1;0;0;;
263904;18;7;2015;18:37;0;RUA MARACANA;;;0;;Colis?úo;;;;Meio de Quadra;;;0;1;0;0;0;0;0;0;0;0;0;0;;
263905;18;7;2015;18:58;0;RUA 448 A CJ CEARA;;;0;;Queda;;;;Meio de Quadra;;;0;1;0;0;0;0;0;0;0;1;0;0;;
263906;18;7;2015;21:59;0;AV PASTEUR;;;0;;Queda;;;;Meio de Quadra;;;0;1;0;0;0;0;0;0;0;1;0;0;-3,709763000000000;-38,558456000000000
263907;18;7;2015;22:07;0;RUA WALDIR DIOGO;;;0;;Atropelamento;;;;Meio de Quadra;;;0;1;0;1;0;0;0;0;0;0;0;0;-3,802753000000000;-38,587854000000000
263908;18;7;2015;22:32;0;RUA GUANABARA;;;0;;Colis?úo;;;;;;;0;1;1;1;0;0;0;0;0;1;0;0;-3,754026000000000;-38,567167000000000
263900;18;7;2015;17:22;0;RUA DALAS;;;0;;Colis?úo;Anoitecer;;;Meio de Quadra;;;0;1;1;1;0;0;0;0;0;1;0;0;;
263901;18;7;2015;17:57;0;RUA CARLOS MAGNO;;;0;;Queda;Anoitecer;;;Meio de Quadra;;;0;1;0;0;0;0;0;0;0;1;0;0;;
263895;18;7;2015;13:02;25154;RUA BENI DE CARVALHO;RUA VICENTE LEITE;;0;;Colis?úo;Luz do Dia;;;Cruz;Pare;Residencial;0;1;1;1;0;0;0;0;0;1;0;0;-3,745037000000000;-38,497966000000000
263897;18;7;2015;14:38;0;AV BEZERRA DE MENEZES;;;0;;Colis?úo;Luz do Dia;;;Meio de Quadra;;;0;1;1;1;0;0;0;0;0;1;0;0;;
263898;18;7;2015;15:26;0;RUA SAO PAULO;;;973;;Colis?úo;Luz do Dia;;;Meio de Quadra;;;0;1;1;1;0;0;0;0;0;1;0;0;-3,723791000000000;-38,534308000000000
259054;18;7;2015;08:00;0;RD BR 222;;;0;KM-02;Colis?úo Traseira;Luz do Dia;Bom;Seca;Meio de Quadra;N?úo H?í Controle;Comercial;0;0;3;1;1;0;0;0;0;0;0;0;-3,738951000000000;-38,586880000000000
263112;18;7;2015;14:49;0;RUA PRO LINO ENCARNACAO;RUA CESAR FONTENELE;;0;;Colis?úo;Luz do Dia;;;;;;0;0;3;1;0;0;0;0;0;0;0;0;;
263113;18;7;2015;15:03;0;AV LINEU MACHADO;;;400;;Colis?úo;Luz do Dia;;;Meio de Quadra;;;0;0;2;1;0;0;0;0;0;0;0;0;-3,763844000000000;-38,575815000000000
269569;18;7;2015;10:40;5347;RUA BAR RIO BRANCO;RUA PEDRO I;;0;;Colis?úo;Luz do Dia;;;Cruz;Sem?íforo;Comercial;0;0;2;0;0;0;0;0;0;0;0;0;-3,730887000000000;-38,529673000000000
269571;18;7;2015;10:52;0;AV PERIMETRAL;;;0;;Colis?úo;Luz do Dia;;;Meio de Quadra;;;0;0;2;0;0;0;0;0;0;0;0;0;;
269575;18;7;2015;11:12;24385;RUA TEODORICO BARROSO;RUA PRO VICENTE SILVEIRA;;0;;Colis?úo;Luz do Dia;;;;;;0;0;2;0;0;0;0;0;0;0;0;0;-3,767495000000000;-38,538951000000000
269577;18;7;2015;11:56;0;AV ZEZE DIOGO;;;0;;Colis?úo;Luz do Dia;;;Meio de Quadra;;;0;0;2;0;0;0;0;0;0;0;0;0;;
269580;18;7;2015;12:02;0;RUA JOSE B PARENTE D59;;;0;;Queda;Luz do Dia;;;Meio de Quadra;;;0;0;1;0;0;0;0;0;0;1;0;0;;
269582;18;7;2015;12:49;0;RUA ROQUET PINTO;;;235;;Atropelamento;Luz do Dia;;;Meio de Quadra;;;0;0;2;0;0;0;0;0;0;0;0;0;-3,783962000000000;-38,567150000000000
269585;18;7;2015;12:57;0;RUA CAP HERMINIO;;;601;;Colis?úo;Luz do Dia;;;Meio de Quadra;;;0;0;2;0;0;0;0;0;0;0;0;0;;
269592;18;7;2015;13:24;0;AV DIOGUINHO;;;0;;Colis?úo;Luz do Dia;;;Meio de Quadra;;;0;0;2;0;0;0;0;0;0;0;0;0;;
269588;18;7;2015;12:59;0;AV JOSE JATAHY;;;0;;Colis?úo;Luz do Dia;;;Meio de Quadra;;;0;0;2;0;0;0;0;0;0;0;0;0;;
269601;18;7;2015;13:31;22055;AV JOSE BASTOS;RUA PDE CICERO;;0;;Colis?úo;Luz do Dia;;;T;Pare;Comercial;0;0;2;0;0;0;0;0;0;0;0;0;-3,744462000000000;-38,544887000000000
269604;18;7;2015;13:32;0;RUA DES PRAXEDES;;;221;;Colis?úo;Luz do Dia;;;Meio de Quadra;;;0;0;2;0;0;0;0;0;0;0;0;0;-3,757724000000000;-38,552359000000000
269616;18;7;2015;14:33;18986;RUA PENSAMENTO;RUA EDILSON CANDEIAS;;0;;Colis?úo;Luz do Dia;;;Cruz;N?úo H?í Controle;Residencial;0;0;2;0;0;0;0;0;0;0;0;0;-3,844736000000000;-38,526015000000000
269617;18;7;2015;15:11;26236;AV DR SILAS MUNGUBA;RUA BERNARDO MANUEL;;0;;Colis?úo;Luz do Dia;;;;;;0;0;2;0;0;0;0;0;0;0;0;0;-3,787538000000000;-38,547960000000000
269613;18;7;2015;13:58;16072;RUA JOAO GADELHA;RUA RAIMUNDO MAIA;;0;;Colis?úo;Luz do Dia;;;;;;0;0;2;0;0;0;0;0;0;0;0;0;-3,813962000000000;-38,563977000000000
269620;18;7;2015;15:20;0;RUA SENA MADUREIRA;;;820;;Colis?úo;Luz do Dia;;;Meio de Quadra;;;0;0;2;0;0;0;0;0;0;0;0;0;-3,728080000000000;-38,525851000000000
269623;18;7;2015;15:26;12674;AV CEL CARVALHO;RUA GUILHERME MENDES;;0;;Colis?úo;Luz do Dia;;;Cruz;Pare;Comercial;0;0;2;0;0;0;0;0;0;0;0;0;-3,720651000000000;-38,587094000000000
269630;18;7;2015;18:33;0;RUA G ESPL CASTELAO;;;641;;Colis?úo;;;;Meio de Quadra;;;0;0;2;0;0;0;0;0;0;0;0;0;-3,808317000000000;-38,518520000000000
269632;18;7;2015;20:00;0;TR VIANA WEYNE;;;1048;;Colis?úo;;;;Meio de Quadra;;;0;0;2;0;0;0;0;0;0;0;0;0;;
269627;18;7;2015;16:21;18299;RUA SEN ALMINO;RUA JOSE AVELINO;;0;;Colis?úo;Luz do Dia;;;Cruz;Pare;Comercial;0;0;2;0;0;0;0;0;0;0;0;0;-3,722476000000000;-38,517954000000000
254940;18;7;2015;22:20;0;AV ABOLICAO;;;2208;;Choque c/ Obst?ículo Fixo;Via Iluminada;Bom;Seca;Meio de Quadra;N?úo H?í Controle;Residencial;0;0;1;1;0;0;0;0;0;0;0;0;-3,726124000000000;-38,499222000000000
254946;18;7;2015;13:40;25118;AV DEP PAULINO ROCHA;RUA DO CONTORNO UI 302;;0;;Colis?úo Lateral;Luz do Dia;Bom;Seca;Outros;N?úo H?í Controle;Comercial;0;0;2;0;1;0;0;0;0;0;0;0;-3,809737000000000;-38,520975000000000
254947;18;7;2015;09:00;9176;AV AGUANAMBI;AV EDUARDO GIRAO;;0;;Colis?úo Traseira;Luz do Dia;Bom;Seca;Rotat??ria;Sem?íforo;Comercial;0;0;2;1;0;0;0;0;0;0;0;0;-3,755303000000000;-38,523639000000000
254942;18;7;2015;01:40;25548;AV JOAO PESSOA;RUA VILA LOBOS;;0;;Atropelamento;Via Iluminada;Chuva;Molhada;Outros;;Residencial;1;0;1;0;0;0;0;0;0;0;0;0;-3,771198000000000;-38,561439000000000
254943;18;7;2015;13:20;5331;AV SANTOS DUMONT;RUA GONCALVES LEDO;;0;;Colis?úo Transversal;Luz do Dia;Bom;Seca;Cruz;Pare;Comercial;0;2;0;0;0;0;0;0;0;1;0;0;-3,730535000000000;-38,515848000000000
254944;18;7;2015;07:00;7781;AV DES MOREIRA;AV ANTONIO SALES;;0;;Colis?úo Traseira;Luz do Dia;Bom;Seca;Cruz;Sem?íforo;Comercial;0;0;2;1;0;0;0;0;0;0;0;0;-3,745744000000000;-38,501410000000000
254958;18;7;2015;19:20;5981;RUA 448 A CJ CEARA;RUA 448 CJ CEARA;;0;;Colis?úo Lateral;Via Iluminada;Bom;Seca;;;;0;1;2;1;0;0;0;0;0;1;0;0;-3,763225000000000;-38,606874000000000
254959;18;7;2015;09:40;22990;AV DR SILAS MUNGUBA;RUA AMERICO VESPUCIO;;0;;Colis?úo Lateral;Luz do Dia;Bom;Seca;Cruz;;Comercial;0;1;1;1;0;0;0;0;0;1;0;0;-3,786542000000000;-38,549873000000000
254960;18;7;2015;05:30;0;RUA CEL JOSE FILOMENO GOMES;;;1754;;Choque c/ Obst?ículo Fixo;Amanhecer;Bom;Seca;Meio de Quadra;N?úo H?í Controle;Residencial;0;0;1;1;0;0;0;0;0;0;0;0;-3,781829000000000;-38,488488000000000
254954;18;7;2015;07:00;18299;RUA SEN ALMINO;RUA JOSE AVELINO;;0;;Colis?úo Transversal;Luz do Dia;Bom;Seca;Cruz;Pare;Comercial;0;1;1;0;0;0;0;0;1;0;0;0;-3,722476000000000;-38,517954000000000
254955;18;7;2015;;0;AV EDILSON B SOARES;;;70;;Colis?úo;Via Iluminada;;;Meio de Quadra;N?úo H?í Controle;;0;0;2;1;0;0;0;0;0;0;0;0;-3,789832000000000;-38,484925000000000
254956;18;7;2015;10:00;26130;AV VIS RIO BRANCO;RUA PINHO PESSOA;;0;;Colis?úo Lateral;Luz do Dia;Nublado;Seca;T;N?úo H?í Controle;Residencial;0;1;1;0;0;0;0;0;0;1;0;0;-3,744525000000000;-38,522340000000000
254951;18;7;2015;05:30;0;AV PRS COSTA E SILVA;;;1001;;Choque c/ Obst?ículo Fixo;Luz do Dia;Bom;Seca;Meio de Quadra;N?úo H?í Controle;Residencial;0;1;0;1;0;0;0;0;0;0;0;0;-3,813270000000000;-38,570407000000000
254952;18;7;2015;11:40;0;AV DOM LUIS;;;0;;Colis?úo;Luz do Dia;Bom;Seca;;;;0;0;2;1;0;0;1;0;0;0;0;0;;
254949;18;7;2015;07:30;0;AV ENG HUMBERTO MONTE;;;221;;Colis?úo Lateral;;Bom;Seca;Meio de Quadra;N?úo H?í Controle;Comercial;0;1;1;1;0;0;0;0;0;1;0;0;;
264284;18;7;2015;17:30;18058;RUA PRO MOZART SOLON;AV ZEZE DIOGO;;0;;;Anoitecer;;;Cruz;;Residencial;0;1;0;1;0;0;0;0;0;0;0;0;-3,737739000000000;-38,454206000000000
269646;18;7;2015;23:43;23016;AV DR SILAS MUNGUBA;RUA PRA HELOISA F LIMA;;0;;Colis?úo;;;;Cruz;Sem?íforo Intermitente;Comercial;0;0;2;0;0;0;0;0;0;0;0;0;-3,788406000000000;-38,545961000000000
269647;19;7;2015;01:16;0;RUA JOSE FACANHA;;;830;;Colis?úo;;;;Meio de Quadra;;;0;0;2;0;0;0;0;0;0;0;0;0;-3,751064000000000;-38,558462000000000
269767;19;7;2015;03:08;0;RUA CECILIA MEIRELES;;;46;;Colis?úo;;;;Meio de Quadra;;;0;0;2;0;0;0;0;0;0;0;0;0;-3,819553000000000;-38,491776000000000
269768;19;7;2015;09:30;25253;RUA VALMIR PONTES;AV WASHINGTON SOARES;;0;;Atropelamento;Luz do Dia;;;Cruz;Sem?íforo;Comercial;0;0;2;0;0;0;0;0;0;0;0;0;-3,771482000000000;-38,482016000000000
269769;19;7;2015;10:06;0;RUA HUMAITA D29;;;459;;Colis?úo;Luz do Dia;;;Meio de Quadra;;;0;0;2;0;0;0;0;0;0;0;0;0;;
269770;19;7;2015;11:09;1339;RUA DES LEITE ALBUQUERQUE;RUA NUNES VALENTE;;0;;Colis?úo;Luz do Dia;;;Cruz;Pare;Comercial;0;0;2;0;0;0;0;0;0;0;0;0;-3,735649000000000;-38,503540000000000
269771;19;7;2015;12:29;5185;RUA TEREZA CRISTINA;RUA LIBERATO BARROSO;;0;;Colis?úo;Luz do Dia;;;Cruz;Pare;Comercial;0;0;2;0;0;0;0;0;0;0;0;0;-3,725833000000000;-38,536404000000000
269772;19;7;2015;16:27;4319;AV JOSE SABOIA;AV VICENTE DE CASTRO;;0;;Colis?úo;Luz do Dia;;;Cruz;N?úo H?í Controle;Comercial;0;0;2;0;0;0;0;0;0;0;0;0;-3,713785000000000;-38,473200000000000
269773;19;7;2015;16:28;21611;RUA JOAO RAMALHO;RUA COM GARCIA;;0;;Colis?úo;Luz do Dia;;;Cruz;Pare;Residencial;0;0;2;0;0;0;0;0;0;0;0;0;-3,799067000000000;-38,588536000000000
269774;19;7;2015;18:21;0;RUA MOURA MATOS;;;1256;;Colis?úo;Anoitecer;;;Meio de Quadra;;;0;0;2;0;0;0;0;0;0;0;0;0;-3,815524000000000;-38,540055000000000
269775;19;7;2015;21:25;0;RUA 147 CJ CEARA;;;100;;Colis?úo;;;;Meio de Quadra;;;0;0;2;0;0;0;0;0;0;0;0;0;-3,769962000000000;-38,608183000000000
269776;19;7;2015;22:12;0;RUA CARIUS;;;450;;Colis?úo;;;;Meio de Quadra;;;0;0;2;0;0;0;0;0;0;0;0;0;-3,721693000000000;-38,593015000000000
269777;19;7;2015;22:27;0;RUA SOL;;;383;;Colis?úo;;;;Meio de Quadra;;;0;0;2;0;0;0;0;0;0;0;0;0;;
263114;19;7;2015;00:17;0;AV DR SILAS MUNGUBA;;;0;;Colis?úo;;;;Meio de Quadra;;;0;0;2;1;1;0;0;0;0;0;0;0;;
263115;19;7;2015;08:41;0;RUA DES WALDETARIO P MOTA;;;0;;Colis?úo;Luz do Dia;;;Meio de Quadra;;;0;0;2;1;1;0;0;0;0;0;0;0;;
259055;19;7;2015;18:50;0;RD BR 222;;;0;KM-01;Atropelamento;Via Iluminada;Bom;Seca;Meio de Quadra;N?úo H?í Controle;Comercial;0;1;1;0;0;0;0;0;0;0;0;0;-3,737774000000000;-38,577952000000000
259092;19;7;2015;19:00;0;RD BR 116;;;7000;KM-07;Colis?úo Traseira;Via Iluminada;Bom;Seca;Meio de Quadra;N?úo H?í Controle;Comercial;0;1;2;1;0;0;0;1;0;1;0;0;-3,813246000000000;-38,501101000000000
263911;19;7;2015;00:01;23687;RUA DOM HENRIQUE;RUA DOM XISTO ALBANO;;0;;Colis?úo;;;;Cruz;Pare;Residencial;0;2;0;1;0;0;0;0;0;0;0;0;-3,789861000000000;-38,579040000000000
263912;19;7;2015;00:09;0;AV PERIMETRAL;;;3236;;Colis?úo;;;;Meio de Quadra;;;0;1;1;1;0;0;0;0;0;1;0;0;;
263913;19;7;2015;01:36;0;AV PERIMETRAL;;;0;;Colis?úo;;;;Meio de Quadra;;;0;1;1;1;0;0;0;0;0;1;0;0;;
263914;19;7;2015;01:39;0;AV GAL OSORIO DE PAIVA;;;5704;;Queda;;;;Meio de Quadra;;;0;1;0;0;0;0;0;0;0;1;0;0;-3,806420000000000;-38,603733000000000
263915;19;7;2015;03:25;0;RUA MARANGUAPE D50;;;2805;;Queda;;;;Meio de Quadra;;;0;1;0;0;0;0;0;0;0;1;0;0;;
263917;19;7;2015;11:11;0;RUA PERNAMBUCO;;;0;;Colis?úo;Luz do Dia;;;Meio de Quadra;;;0;1;1;1;0;0;0;0;0;1;0;0;-3,748901000000000;-38,580471000000000
263918;19;7;2015;13:55;0;AV MR HULL;;;0;;Atropelamento;Luz do Dia;;;Meio de Quadra;;;0;1;0;0;0;0;0;0;0;0;0;0;;
263925;19;7;2015;17:30;0;AV GAL OSORIO DE PAIVA;;;0;;Atropelamento;Anoitecer;;;Meio de Quadra;;;0;1;1;0;0;0;0;0;0;1;0;0;-3,805574000000000;-38,602923000000000