COD_ACIDENTE;DIA;MES;ANO;HORA;INTERSECAO;LOG1;LOG2;LOG3;NUMERO;REFERENCIA;NATUREZA;ILUMINACAO;TEMPO;SUPERFICIEPISTA;TIPOCRUZAMENTO;CONTROLETRAFEGO;USOSOLO;MORTOS;FERIDOS;ILESOS;AUTOMOVEL;ONIBUS;BICICLETA;CAMINHAO;MICROONIBUS;CICLOMOTOR;MOTOCICLETA;TRACAOANIMAL;TREM;LATITUDE;LONGITUDE
263926;19;7;2015;17:40;0;RUA PDE PEDRO DE ALENCAR;;;0;;Colis?úo;Anoitecer;;;Meio de Quadra;;;0;1;1;1;0;0;0;0;0;1;0;0;-3,848328000000000;-38,494803000000000
263927;19;7;2015;18:31;743;AV PASTEUR;AV PRS CASTELO BRANCO;;0;;Atropelamento;;;;Cruz;Sem?íforo;Comercial;1;0;1;0;0;0;0;0;0;1;0;0;-3,711181000000000;-38,558856000000000
263928;19;7;2015;18:40;0;AV GAL OSORIO DE PAIVA;;;0;;Colis?úo;;;;Meio de Quadra;;;0;1;1;1;0;0;0;0;0;1;0;0;-3,805574000000000;-38,602923000000000
263929;19;7;2015;19:02;0;AV MR HULL;;;0;;Atropelamento;;;;Meio de Quadra;;;0;1;1;0;0;0;0;0;0;1;0;0;;
263930;19;7;2015;19:26;0;AV GAL OSORIO DE PAIVA;;;0;;Colis?úo;;;;Meio de Quadra;;;0;1;1;1;0;0;0;0;0;1;0;0;;
263931;19;7;2015;19:33;0;RUA URUCUTUBA;;;0;;Queda;;;;Meio de Quadra;;;0;1;0;0;0;0;0;0;0;1;0;0;-3,799233000000000;-38,619316000000000
263946;19;7;2015;19:59;9529;RUA SGT JOAO PINHEIRO;RUA MIRTES CORDEIRO;;0;;Queda;;;;Cruz;N?úo H?í Controle;Residencial;0;1;0;0;0;0;0;0;0;1;0;0;-3,781806000000000;-38,622506000000000
263957;19;7;2015;08:41;0;RUA L CJ VILA VELHA;;;0;;Colis?úo;Luz do Dia;;;Meio de Quadra;;;0;1;1;1;0;0;0;0;0;1;0;0;;
263948;19;7;2015;22:15;0;RUA PRO VIRGILIO DE MORAIS;;;0;;Colis?úo;;;;Meio de Quadra;;;0;1;1;1;0;0;0;0;0;1;0;0;-3,751282000000000;-38,596653000000000
263949;19;7;2015;23:19;0;AV WASHINGTON SOARES;;;0;;Colis?úo;;;;Meio de Quadra;;;0;1;1;1;0;0;0;0;0;1;0;0;-3,819252000000000;-38,482510000000000
259528;19;7;2015;23:30;0;RD CE-040;;;0;KM-08;Colis?úo;Via Iluminada;Nublado;Seca;Meio de Quadra;N?úo H?í Controle;Comercial;0;1;1;1;0;0;0;0;1;0;0;0;-3,823332000000000;-38,481317000000000
255005;19;7;2015;05:50;1453;AV RUI BARBOSA;AV HERACLITO GRACA;;0;;Colis?úo Lateral;Luz do Dia;Bom;Seca;Cruz;Sem?íforo;Comercial;0;0;2;1;1;0;0;0;0;0;0;0;-3,738357000000000;-38,510199000000000
255013;19;7;2015;19:30;9543;RUA ARI MAIA;RUA CEL FABRICIANO;;0;;Choque c/ Obst?ículo Fixo;Luz do Dia;Bom;Seca;Cruz;Pare;Residencial;0;0;1;0;0;0;0;0;0;0;0;0;-3,779362000000000;-38,620267000000000
255017;19;7;2015;19:35;0;AV DOS EXPEDICIONARIOS;;;4363;;Colis?úo Lateral;Via Iluminada;Bom;Seca;Meio de Quadra;;Comercial;0;1;1;1;0;0;0;0;0;1;0;0;-3,756651000000000;-38,538672000000000
255089;19;7;2015;18:40;137;RUA RUI MONTE;RUA MARTINS NETO;;0;;;;;;;;;0;0;2;1;0;0;0;0;0;0;0;0;-3,740128000000000;-38,587494000000000
255094;19;7;2015;09:00;0;RUA BOM JESUS (BARRA DO CEARA);;;2846;;Colis?úo Frontal;Luz do Dia;Bom;Seca;Meio de Quadra;Outros;Comercial;0;1;1;0;0;0;0;0;0;1;0;0;;
255077;19;7;2015;00:10;25006;RUA BENI DE CARVALHO;RUA LEONARDO MOTA;;0;;Colis?úo Transversal;Via Iluminada;Bom;Seca;Cruz;Sem?íforo;Comercial;0;3;0;1;0;0;0;0;0;1;0;0;-3,744739000000000;-38,498931000000000
255083;19;7;2015;14:30;0;AV BEZERRA DE MENEZES;;;2461;;Atropelamento;Luz do Dia;Bom;Seca;Meio de Quadra;N?úo H?í Controle;Comercial;0;1;1;0;1;0;0;0;0;0;0;0;-3,736062000000000;-38,566326000000000
255025;19;7;2015;09:00;6128;RUA MIN ALBUQUERQUE LIMA;AV B CJ CEARA;;0;;Colis?úo Transversal;Luz do Dia;Bom;Seca;Cruz;Sem?íforo;Residencial;0;0;2;0;0;0;0;0;0;1;0;0;-3,768744000000000;-38,607506000000000
255030;19;7;2015;19:30;3003;AV GAL OSORIO DE PAIVA;RUA JARDIM PARUARA;;0;;Atropelamento;Via Iluminada;Bom;Seca;T;Outros;Comercial;0;0;2;1;0;0;0;0;0;0;0;0;-3,803497000000000;-38,600890000000000
255039;19;7;2015;13:40;19038;RUA PAULO MORAIS;AV ENG SANTANA JUNIOR;;0;;Colis?úo Traseira;;Bom;Seca;Cruz;Pare;Comercial;0;0;2;0;0;0;1;0;0;0;0;0;-3,735537000000000;-38,481999000000000
255047;19;7;2015;18:00;0;AV PRS COSTA E SILVA;;;859;;Colis?úo Traseira;Via Iluminada;Bom;Seca;Meio de Quadra;N?úo H?í Controle;Comercial;0;1;2;1;0;0;0;0;0;0;0;0;-3,812746000000000;-38,571914000000000
255050;19;7;2015;19:00;11968;AV JOR THOMAZ COELHO;RD BR 116;;0;;Choque c/ Obst?ículo Fixo;Via Iluminada;Bom;Seca;;N?úo H?í Controle;Comercial;0;0;1;1;0;0;0;0;0;0;0;0;-3,828613000000000;-38,530987000000000
255052;19;7;2015;20:00;0;RUA MAL DEODORO;;;0;;Colis?úo Transversal;Anoitecer;Bom;Seca;Meio de Quadra;N?úo H?í Controle;Residencial;0;0;2;1;0;0;0;0;0;0;0;0;;
255102;19;7;2015;13:30;0;AV GOV RAUL BARBOSA;;;0;;Atropelamento;Luz do Dia;Bom;Seca;Meio de Quadra;N?úo H?í Controle;Comercial;0;2;0;0;0;0;0;0;0;1;0;0;;
254982;20;7;2015;20:10;0;AV JOSE BASTOS;;;2736;;Engavetamento;Via Iluminada;Bom;Seca;Meio de Quadra;N?úo H?í Controle;Comercial;0;0;3;1;0;0;0;0;0;0;0;0;-3,744525000000000;-38,544940000000000
254992;20;7;2015;10:00;1232;RUA COSTA BARROS;RUA MON BRUNO;;0;;Colis?úo Lateral;Luz do Dia;Bom;Seca;Cruz;Pare;Comercial;0;0;2;1;0;0;1;0;0;0;0;0;-3,731183000000000;-38,509040000000000
254994;20;7;2015;16:00;7662;RUA RIO GRANDE DO NORTE;RUA MINAS GERAIS;;0;;Colis?úo Traseira;;Bom;Seca;Rotat??ria;Gesto;Residencial;0;0;2;1;0;0;0;0;0;0;0;0;;
254996;20;7;2015;10:00;13409;RUA JOAO BRIGIDO;RUA MON BRUNO;;0;;Colis?úo Transversal;Luz do Dia;Bom;Seca;Cruz;Pare;Comercial;0;0;2;1;0;0;0;0;0;0;0;0;-3,741670000000000;-38,512432000000000
254975;20;7;2015;15:00;21569;RUA LUIS VIEIRA;RUA MON AGOSTINHO;;0;;Colis?úo Traseira;Luz do Dia;Bom;Seca;Cruz;Pare;Comercial;0;1;1;1;0;0;0;0;0;1;0;0;-3,793096000000000;-38,587761000000000
254976;20;7;2015;20:30;8933;AV DOMINGOS OLIMPIO;RUA RUBIA SAMPAIO;;0;;Colis?úo Traseira;Via Iluminada;Bom;Seca;Cruz;Pare;Residencial;0;0;2;1;0;0;0;0;0;0;0;0;-3,733409000000000;-38,541015000000000
254973;20;7;2015;11:42;5652;RUA CHICO LEMOS;RUA JOSE FRAGA NETO;;0;;Colis?úo Frontal;Luz do Dia;Bom;Seca;T;Pare;Residencial;0;0;2;1;0;0;1;0;0;0;0;0;-3,789141000000000;-38,500113000000000
254978;20;7;2015;08:39;0;AV FRANCISCO SA;;;2743;;Colis?úo Transversal;Luz do Dia;Bom;Seca;Meio de Quadra;N?úo H?í Controle;Comercial;0;1;1;1;0;0;0;0;0;1;0;0;-3,719850000000000;-38,549965000000000
254979;20;7;2015;08:30;5348;RUA METON DE ALENCAR;RUA PDE MORORO;;0;;Colis?úo Lateral;Luz do Dia;Bom;Seca;T;N?úo H?í Controle;Comercial;0;0;2;1;0;0;0;0;0;0;0;0;-3,730892000000000;-38,539143000000000
254980;20;7;2015;09:24;0;RUA TEN BENEVOLO;;;0;;Colis?úo Lateral;Luz do Dia;Bom;Seca;Meio de Quadra;Pare;Residencial;0;0;2;1;0;0;0;0;0;0;0;0;;
254984;20;7;2015;11:10;16051;AV GODOFREDO MACIEL;RUA OSCAR BENEVIDES;;0;;Colis?úo Lateral;Luz do Dia;Bom;Seca;T;Sem?íforo;Comercial;0;0;2;1;0;0;1;0;0;0;0;0;-3,810087000000000;-38,574179000000000
254985;20;7;2015;18:20;25127;AV ENG HUMBERTO MONTE;RUA BOLIVIA;;0;;Colis?úo Transversal;Via Iluminada;Bom;Seca;Cruz;Pare;Comercial;0;0;2;1;0;0;0;0;0;0;0;0;-3,743796000000000;-38,564826000000000
254986;20;7;2015;07:30;8949;AV BEZERRA DE MENEZES;RUA JUSTINIANO DE SERPA;;0;;Queda;Luz do Dia;Bom;Seca;Cruz;Sem?íforo;Comercial;0;1;0;0;0;0;0;0;0;1;0;0;-3,731156000000000;-38,542857000000000
254987;20;7;2015;10:00;0;AV BAR STUDART;;;2360;;Colis?úo Traseira;Luz do Dia;Bom;Seca;Meio de Quadra;N?úo H?í Controle;Comercial;0;0;2;1;0;0;0;0;0;0;0;0;-3,744383000000000;-38,509723000000000
254989;20;7;2015;11:10;13590;AV PONTES VIEIRA;RUA DR JOSE LOURENCO;;0;;Colis?úo Traseira;Luz do Dia;Bom;Seca;T;N?úo H?í Controle;Comercial;0;0;2;1;0;0;0;0;0;0;0;0;-3,752735000000000;-38,513542000000000
254990;20;7;2015;14:46;15269;RUA TEN BENEVOLO;AV RUI BARBOSA;;0;;Colis?úo Lateral;Luz do Dia;Bom;Seca;Cruz;Sem?íforo;Residencial;0;1;1;1;0;0;0;0;0;1;0;0;-3,728685000000000;-38,507048000000000
254971;20;7;2015;17:20;7884;AV ANTONIO SALES;RUA VICENTE LEITE;;0;;Colis?úo Transversal;;Bom;Seca;Cruz;Pare;Comercial;0;0;2;1;1;0;0;0;0;0;0;0;-3,746656000000000;-38,498468000000000
254963;20;7;2015;11:20;0;RUA ELISEU UCHOA BECCO;;;0;;Colis?úo Transversal;N?úo Iluminada;Bom;Seca;;;;0;0;2;1;0;0;0;0;0;0;0;0;;
254964;20;7;2015;17:10;17412;RUA ALBERTO MAGNO;RUA BAR SOBRAL;;0;;Colis?úo Lateral;Luz do Dia;Bom;Seca;Cruz;Sem?íforo;Comercial;0;0;2;1;1;0;0;0;0;0;0;0;-3,767991000000000;-38,552417000000000
254965;20;7;2015;16:00;6724;AV SANTOS DUMONT;AV ENG SANTANA JUNIOR;;0;;Colis?úo Lateral;Luz do Dia;Bom;Seca;Cruz;Pare;Comercial;0;0;2;0;1;0;1;0;0;0;0;0;-3,740506000000000;-38,485132000000000
254966;20;7;2015;06:10;7976;AV JOAO PESSOA;RUA MAJ WEYNE;;0;;Colis?úo Transversal;Luz do Dia;Bom;Seca;Cruz;Sem?íforo;Comercial;0;0;2;0;1;0;0;0;0;0;0;0;-3,747841000000000;-38,545334000000000
254967;20;7;2015;12:50;0;AV PONTES VIEIRA;;;220;;Colis?úo Lateral;Luz do Dia;Bom;Seca;Meio de Quadra;N?úo H?í Controle;Comercial;0;1;1;0;1;1;0;0;0;0;0;0;-3,753367000000000;-38,518725000000000
254968;20;7;2015;19:50;0;AV BEIRA MAR;;;2560;;Colis?úo Lateral;Via Iluminada;Bom;Seca;Meio de Quadra;Outros;Comercial;0;1;1;0;1;1;0;0;0;0;0;0;-3,725408000000000;-38,498040000000000
254969;20;7;2015;06:00;5370;RUA PRC ISABEL;RUA METON DE ALENCAR;;0;;Colis?úo;Luz do Dia;Bom;Seca;Cruz;Pare;Comercial;1;0;1;0;0;1;0;1;0;0;0;0;-3,731614000000000;-38,536973000000000
263950;20;7;2015;06:42;0;AV GAL OSORIO DE PAIVA;;;0;;Colis?úo;Luz do Dia;;;Meio de Quadra;;;0;1;1;1;0;1;0;0;0;0;0;0;-3,807352000000000;-38,604625000000000
263951;20;7;2015;07:12;4082;RUA CEARA;AV JOAO PESSOA;;0;;Colis?úo;Luz do Dia;;;T;Sem?íforo;Comercial;0;1;1;1;0;0;0;0;0;1;0;0;-3,763434000000000;-38,558244000000000
263952;20;7;2015;07:17;2326;AV PRS CASTELO BRANCO;RUA SEN ROBERT KENNEDY;;0;;Colis?úo;Luz do Dia;;;Cruz;Sem?íforo;Residencial;0;1;1;1;0;0;0;0;0;1;0;0;-3,704117000000000;-38,579042000000000
263953;20;7;2015;08:28;0;AV PRS CASTELO BRANCO;;;0;;Atropelamento;Luz do Dia;;;Meio de Quadra;;;0;1;1;1;0;0;0;0;0;0;0;0;;
263960;20;7;2015;09:13;0;AV GAL OSORIO DE PAIVA;;;0;;Colis?úo;Luz do Dia;;;Meio de Quadra;;;0;1;1;1;0;0;0;0;0;1;0;0;;
263961;20;7;2015;10:56;0;AV DR THEBERGE;;;0;;Colis?úo;Luz do Dia;;;Meio de Quadra;;;0;1;1;1;0;0;0;0;0;1;0;0;-3,718719000000000;-38,566289000000000
263117;20;7;2015;10:42;0;AV GODOFREDO MACIEL;;;0;;Colis?úo;Luz do Dia;;;Meio de Quadra;;;0;0;2;1;0;0;1;0;0;0;0;0;;
263981;20;7;2015;22:08;3481;RUA CAP HUGO BEZERRA;RUA PARAISO;;0;;Colis?úo;;;;Cruz;Pare;Comercial;0;1;1;1;0;0;0;0;0;1;0;0;-3,820611000000000;-38,510990000000000
263971;20;7;2015;16:13;7875;AV PONTES VIEIRA;AV SEN VIRGILIO TAVORA;;0;;Queda;Luz do Dia;;;T;Sem?íforo;Comercial;0;1;0;0;0;0;0;0;0;1;0;0;-3,750886000000000;-38,497652000000000
263972;20;7;2015;16:28;0;AV MR HULL;;;0;;Colis?úo;Luz do Dia;;;Meio de Quadra;;;0;1;0;0;0;0;0;0;0;1;0;0;;
263974;20;7;2015;19:06;0;AV ROGACIANO LEITE;;;0;;Atropelamento;;;;Meio de Quadra;;;0;1;1;0;0;0;0;0;0;1;0;0;-3,771909000000000;-38,498501000000000
263975;20;7;2015;20:24;15238;RUA TEN BENEVOLO;RUA BAR ARACATI;;0;;Colis?úo;;;;Cruz;Pare;Comercial;0;1;0;0;0;0;0;0;0;1;0;0;-3,727628000000000;-38,510266000000000
263976;20;7;2015;22:05;832;RUA DR PEDRO ROCHA;RUA DR AMADEU SA;;0;;Colis?úo;;;;;;;0;1;1;1;0;0;0;0;0;1;0;0;-3,775019000000000;-38,517396000000000
263965;20;7;2015;13:48;15951;AV FRE CIRILO;RUA PDE PEDRO DE ALENCAR;;0;;Colis?úo;Luz do Dia;;;T;N?úo H?í Controle;Comercial;0;1;0;0;0;0;0;0;0;1;0;0;-3,827783000000000;-38,493485000000000
263966;20;7;2015;14:01;411;RUA PRO VIEIRA;RUA CURITIBA;;0;;Colis?úo;Luz do Dia;;;Cruz;N?úo H?í Controle;Residencial;0;1;1;1;0;0;0;0;0;1;0;0;-3,754678000000000;-38,594380000000000
263968;20;7;2015;15:04;6983;AV CONTORNO SUL D71;RUA PEDRO CABRAL;;0;;Colis?úo;Luz do Dia;;;;;;0;1;1;1;0;0;0;0;0;1;0;0;-3,818544000000000;-38,589165000000000
269778;20;7;2015;21:36;2758;RUA MARIA JULIA;RUA OSCAR FRANCA;;0;;Colis?úo;;;;Cruz;Pare;Residencial;0;0;2;0;0;0;0;0;0;0;0;0;-3,791890000000000;-38,599725000000000
269780;20;7;2015;22:36;0;AV BAR STUDART;;;706;;Colis?úo;;;;Meio de Quadra;;;0;0;2;0;0;0;0;0;0;0;0;0;-3,730146000000000;-38,505149000000000
269786;20;7;2015;22:37;0;RUA CEL MATOS DOURADO;;;685;;Colis?úo;;;;Meio de Quadra;;;0;0;2;0;0;0;0;0;0;0;0;0;-3,745012000000000;-38,584869000000000
264316;20;7;2015;11:30;0;AV PRS COSTA E SILVA;;;394;;Colis?úo;Luz do Dia;;;Meio de Quadra;;;1;0;1;1;0;0;0;0;0;1;0;0;;
270149;20;7;2015;02:00;5072;AV TRISTAO GONCALVES;RUA CASTRO E SILVA;;0;;Atropelamento;;;;Cruz;Pare;Comercial;0;0;2;0;0;0;0;0;0;0;0;0;-3,722330000000000;-38,531768000000000
254961;20;7;2015;18:40;15282;RUA TIBURCIO CAVALCANTE;RUA CANUTO DE AGUIAR;;0;;Colis?úo Transversal;Via Iluminada;Bom;Seca;Cruz;Pare;Residencial;0;0;2;1;0;0;0;0;0;0;0;0;-3,729044000000000;-38,500359000000000
269794;21;7;2015;12:03;4251;AV FRANCISCO SA;RUA MARIO STUDART;;0;;Colis?úo;Luz do Dia;;;T;Pare;Misto;0;0;2;0;0;0;0;0;0;0;0;0;-3,719680000000000;-38,550501000000000
269796;21;7;2015;16:25;0;RUA 08 UI 509;;;141;;Colis?úo;Luz do Dia;;;Meio de Quadra;;;0;0;2;0;0;0;0;0;0;0;0;0;-3,805588000000000;-38,591591000000000
269798;21;7;2015;16:47;0;AV SIQUEIRA CAMPOS;;;1193;;Colis?úo;Luz do Dia;;;Meio de Quadra;;;0;0;2;0;0;0;0;0;0;0;0;0;-3,814615000000000;-38,626837000000000
263986;21;7;2015;09:49;0;AV PERIMETRAL;;;0;;Colis?úo;Luz do Dia;;;Meio de Quadra;;;0;1;0;0;0;0;0;0;0;0;0;0;;
263987;21;7;2015;12:05;0;RUA 43 CJ JOSE WALTER;;;0;;Atropelamento;Luz do Dia;;;Meio de Quadra;;;0;1;1;0;0;0;1;0;0;0;0;0;-3,824829000000000;-38,555148000000000
263991;21;7;2015;12:33;9131;AV 13 DE MAIO;AV LUCIANO CARNEIRO;;0;;Colis?úo;Luz do Dia;;;;;;0;1;1;1;0;0;0;0;0;1;0;0;-3,747615000000000;-38,531331000000000
263992;21;7;2015;14:28;0;RUA STA LUZIA;;;0;;Colis?úo;Luz do Dia;;;Meio de Quadra;;;0;1;1;1;0;0;0;0;0;1;0;0;;
263993;21;7;2015;14:59;2469;AV 20 DE JANEIRO;RUA ALBERTO DE OLIVEIRA;;0;;Colis?úo;Luz do Dia;;;Cruz;Pare;Misto;0;1;1;1;0;0;0;0;0;1;0;0;-3,708286000000000;-38,575648000000000
263996;21;7;2015;15:10;0;AV SEN CARLOS JEREISSATI (AEROPORTO);;;0;;Colis?úo;Luz do Dia;;;Meio de Quadra;;;0;1;1;1;0;0;0;0;0;1;0;0;;
263997;21;7;2015;15:25;0;RUA PDE PEDRO DE ALENCAR;;;0;;Colis?úo;Luz do Dia;;;Meio de Quadra;;;0;1;1;1;0;0;0;0;0;1;0;0;;
263999;21;7;2015;15:32;0;AV CARAPINIMA;;;0;;Queda;Luz do Dia;;;Meio de Quadra;;;0;1;0;0;0;0;0;0;0;1;0;0;-3,737790000000000;-38,537848000000000
264006;21;7;2015;18:42;0;AV SGT HERMINIO SAMPAIO;;;0;;Colis?úo;;;;Meio de Quadra;;;0;1;1;1;0;0;0;0;0;1;0;0;-3,726552000000000;-38,561502000000000
263982;21;7;2015;04:14;0;RUA HOLANDA;;;0;;Queda;;;;Meio de Quadra;;;0;1;0;0;0;0;0;0;0;1;0;0;;
263983;21;7;2015;06:09;0;AV WASHINGTON SOARES;;;0;;Queda;Luz do Dia;;;Meio de Quadra;;;0;1;0;0;0;1;0;0;0;0;0;0;;
263984;21;7;2015;07:33;0;AV JOAO PESSOA;;;0;;Colis?úo;Luz do Dia;;;Meio de Quadra;;;0;1;1;1;0;0;0;0;0;1;0;0;-3,756100000000000;-38,552781000000000
263144;21;7;2015;11:19;0;AV PRS CASTELO BRANCO;;;0;;Colis?úo;Luz do Dia;;;Meio de Quadra;;;0;0;2;1;0;0;1;0;0;0;0;0;;
254991;21;7;2015;15:00;15347;AV DOM LUIS;RUA TIBURCIO CAVALCANTE;;0;;Colis?úo Lateral;Luz do Dia;Bom;Seca;Outros;Sem?íforo;Comercial;0;0;2;1;1;0;0;0;0;0;0;0;-3,732021000000000;-38,501313000000000
254997;21;7;2015;12:50;7762;AV ANTONIO SALES;RUA NUNES VALENTE;;0;;Colis?úo Transversal;Luz do Dia;Bom;Seca;Cruz;Pare;Residencial;0;0;2;1;0;0;0;0;0;0;0;0;-3,744237000000000;-38,506314000000000
254995;21;7;2015;15:50;0;AV MON TABOSA;;;0;;Colis?úo Traseira;Luz do Dia;Bom;Seca;Meio de Quadra;N?úo H?í Controle;Comercial;0;0;2;1;0;0;0;0;0;1;0;0;;
254993;21;7;2015;15:47;0;AV DOM MANUEL;;;511;;Colis?úo Lateral;Luz do Dia;Bom;Seca;Meio de Quadra;Sem?íforo;Residencial;0;0;2;1;0;0;1;0;0;0;0;0;-3,728696000000000;-38,521225000000000
255004;21;7;2015;16:30;0;RUA BAR ARATANHA;;;1300;;Colis?úo Lateral;Luz do Dia;Bom;Seca;Meio de Quadra;N?úo H?í Controle;Comercial;0;0;2;1;0;0;0;0;0;0;0;0;-3,744371000000000;-38,530214000000000
255002;21;7;2015;11:45;5419;RUA NOGUEIRA ACIOLI;RUA FIUZA DE PONTES;;0;;Colis?úo Transversal;Luz do Dia;Bom;Seca;Cruz;Pare;Residencial;0;0;2;1;0;0;0;0;0;0;0;0;-3,733368000000000;-38,517884000000000
255010;21;7;2015;14:05;12666;AV CEL CARVALHO;RUA ROSINHA SAMPAIO;;0;;Colis?úo Lateral;Luz do Dia;Bom;Seca;Cruz;Pare;Comercial;0;0;2;1;1;0;0;0;0;0;0;0;-3,726938000000000;-38,585413000000000
255021;21;7;2015;09:40;0;AV ALBERTO CRAVEIRO;;;1515;;Colis?úo Lateral;Luz do Dia;Nublado;Seca;Meio de Quadra;N?úo H?í Controle;Comercial;0;1;1;0;1;0;0;0;0;0;1;0;-3,793803000000000;-38,517751000000000
255006;21;7;2015;08:30;0;AV GAL OSORIO DE PAIVA;;;4059;;Colis?úo Lateral;Luz do Dia;Nublado;Seca;Meio de Quadra;N?úo H?í Controle;Comercial;0;0;2;1;0;0;1;0;0;0;0;0;-3,792568000000000;-38,590239000000000
255008;21;7;2015;13:45;0;AV CEL CARVALHO;;;2798;;Colis?úo Lateral;Luz do Dia;Bom;Seca;Meio de Quadra;Outros;Comercial;0;0;2;1;0;0;0;0;0;1;0;0;-3,727527000000000;-38,585254000000000
255053;21;7;2015;08:20;0;AV BEIRA MAR;;;4050;;Colis?úo Transversal;Luz do Dia;Bom;Seca;Meio de Quadra;N?úo H?í Controle;Comercial;0;0;2;1;0;0;0;0;0;0;0;0;-3,723239000000000;-38,484328000000000
255054;21;7;2015;18:30;0;RUA ANTONIO AUGUSTO;;;1080;;Colis?úo Lateral;Via Iluminada;Bom;Seca;Meio de Quadra;N?úo H?í Controle;Comercial;0;0;2;1;0;0;1;0;0;0;0;0;-3,729910000000000;-38,513327000000000
255055;21;7;2015;15:20;5711;AV OLIVEIRA PAIVA;RUA CHICO LEMOS;;0;;Colis?úo Lateral;Luz do Dia;Bom;Seca;Cruz;Sem?íforo;Comercial;0;0;2;1;0;0;0;0;0;0;0;0;-3,795857000000000;-38,497091000000000
255051;21;7;2015;23:25;12842;RUA CARLOS GOMES;RUA JAIME BENEVOLO;;0;;Outros;Via Iluminada;Bom;Seca;Cruz;Pare;Residencial;0;1;0;1;0;0;0;0;0;0;0;0;-3,740955000000000;-38,528298000000000
255046;21;7;2015;09:30;15909;RUA PDE PEDRO DE ALENCAR;RUA VENEZA;;0;;Colis?úo Transversal;Luz do Dia;Bom;Seca;Duplo T;Pare;Residencial;0;0;2;1;0;0;0;0;0;0;0;0;-3,836296000000000;-38,494157000000000
255049;21;7;2015;12:00;22000;RUA ALEXANDRE BARAUNA;RUA FRE MARCELINO;;0;;Colis?úo Transversal;Luz do Dia;;;Cruz;Pare;Residencial;0;0;2;1;0;0;0;0;0;0;0;0;-3,745701000000000;-38,554232000000000
255084;21;7;2015;08:00;20042;AV DEP PAULINO ROCHA;AV ALBERTO CRAVEIRO;;0;;Colis?úo Lateral;Luz do Dia;Bom;Seca;Rotat??ria;Pare;Comercial;0;0;2;1;0;0;1;0;0;0;0;0;-3,807229000000000;-38,524782000000000
255085;21;7;2015;07:00;0;AV JOAO DE ARAUJO LIMA;;;119;;Colis?úo Lateral;Luz do Dia;Bom;Seca;Meio de Quadra;Outros;Misto;0;0;2;1;0;0;0;0;0;0;0;0;-3,822456000000000;-38,558375000000000
255069;21;7;2015;12:00;13935;RUA VER PEDRO PAULO MOREIRA;RUA GAL CAIADO DE CASTRO;;0;;Colis?úo Transversal;Luz do Dia;Bom;Seca;Cruz;Pare;Misto;0;0;2;1;0;0;0;0;0;0;0;0;-3,786953000000000;-38,488961000000000
255095;21;7;2015;11:00;7781;AV ANTONIO SALES;AV DES MOREIRA;;0;;Colis?úo Traseira;Luz do Dia;Bom;Seca;Cruz;Sem?íforo;Comercial;0;0;2;1;0;0;0;1;0;0;0;0;-3,745744000000000;-38,501410000000000
255090;21;7;2015;10:30;5424;RUA METON DE ALENCAR;RUA BAR RIO BRANCO;;0;;Colis?úo Traseira;Luz do Dia;Bom;Seca;Cruz;Pare;Comercial;0;0;2;1;0;0;0;0;0;1;0;0;-3,733701000000000;-38,530563000000000
255092;21;7;2015;06:05;2573;AV FRANCISCO SA;RUA GRACA ARANHA;;0;;Colis?úo Frontal;Luz do Dia;Bom;Seca;Cruz;Pare;Residencial;0;1;2;1;1;0;0;0;0;1;0;0;-3,711611000000000;-38,574359000000000
259529;21;7;2015;16:16;0;RD CE-040;;;0;KM-05;Colis?úo;Luz do Dia;Bom;Seca;Meio de Quadra;N?úo H?í Controle;Comercial;0;1;3;1;0;0;0;0;0;1;0;0;-3,790876000000000;-38,480349000000000
259530;21;7;2015;17:40;0;RD CE-040;;;0;KM-06;Colis?úo;Anoitecer;Bom;Seca;Meio de Quadra;N?úo H?í Controle;Comercial;0;1;1;1;0;0;0;0;0;1;0;0;-3,811270000000000;-38,478781000000000
255103;21;7;2015;21:00;3368;RUA AMAZONAS;RUA RIO GRANDE DO SUL;;0;;Colis?úo Transversal;Via Iluminada;Outros;Seca;Cruz;Pare;Residencial;0;2;1;1;0;0;0;0;0;1;0;0;-3,753306000000000;-38,564164000000000
255099;21;7;2015;14:50;22082;RUA CAP FRANCISCO PEDRO;RUA ALEXANDRE BARAUNA;;0;;Colis?úo Transversal;Luz do Dia;Bom;Seca;Cruz;Pare;Comercial;0;0;2;0;0;0;0;0;0;0;0;0;-3,749020000000000;-38,550539000000000
255123;21;7;2015;10:15;0;AV JOSE BASTOS;;;1140;;Colis?úo Traseira;Luz do Dia;Bom;Seca;Meio de Quadra;N?úo H?í Controle;Comercial;0;0;2;0;1;0;0;0;0;0;0;0;;
255148;21;7;2015;08:10;22951;AV DR SILAS MUNGUBA;RUA DR JUSTA ARAUJO D45;;0;;Colis?úo Lateral;Luz do Dia;Bom;Seca;Cruz;Outros;Comercial;0;0;2;1;0;0;0;0;0;0;0;0;-3,784586000000000;-38,553426000000000