COD_ACIDENTE;DIA;MES;ANO;HORA;INTERSECAO;LOG1;LOG2;LOG3;NUMERO;REFERENCIA;NATUREZA;ILUMINACAO;TEMPO;SUPERFICIEPISTA;TIPOCRUZAMENTO;CONTROLETRAFEGO;USOSOLO;MORTOS;FERIDOS;ILESOS;AUTOMOVEL;ONIBUS;BICICLETA;CAMINHAO;MICROONIBUS;CICLOMOTOR;MOTOCICLETA;TRACAOANIMAL;TREM;LATITUDE;LONGITUDE
255156;21;7;2015;15:40;0;AV HEROIS DO ACRE;;;0;;Colis?úo Lateral;Luz do Dia;Bom;Seca;Meio de Quadra;N?úo H?í Controle;Residencial;0;1;1;1;0;0;0;0;0;1;0;0;-3,803155000000000;-38,537849000000000
255159;21;7;2015;11:50;13028;RUA 26 CJ JOSE WALTER;RUA 43 CJ JOSE WALTER;;0;;Colis?úo Lateral;Luz do Dia;Bom;Seca;T;Pare;Residencial;0;1;1;0;0;1;1;0;0;0;0;0;-3,826144000000000;-38,555548000000000
255164;21;7;2015;09:40;0;AV N CJ JOSE WALTER;;;1830;;Colis?úo Lateral;Luz do Dia;Nublado;Seca;Meio de Quadra;N?úo H?í Controle;Misto;0;0;2;1;0;0;0;0;0;1;0;0;-3,838012000000000;-38,561695000000000
255162;21;7;2015;15:00;0;AV ALBERTO CRAVEIRO;;;466;;Colis?úo Traseira;Luz do Dia;Bom;Seca;Outros;Gesto;Comercial;0;0;2;1;0;0;0;0;0;0;0;0;-3,782812000000000;-38,516560000000000
255172;21;7;2015;10:40;0;AV SEN FERNANDES TAVORA;;;387;;Colis?úo Lateral;Luz do Dia;Bom;Seca;Meio de Quadra;Sem?íforo;Comercial;0;0;2;1;1;0;0;0;0;0;0;0;-3,765241000000000;-38,576470000000000
255188;21;7;2015;14:00;15168;RUA ANTONIO AUGUSTO;RUA PDE CLIMERIO;;0;;Colis?úo Lateral;Luz do Dia;Bom;Seca;Cruz;N?úo H?í Controle;Residencial;0;0;2;1;0;0;0;0;0;0;0;0;-3,725368000000000;-38,511892000000000
255185;21;7;2015;09:00;15366;RUA PEREIRA VALENTE;RUA PRO DIAS DA ROCHA;;0;;Colis?úo Transversal;Luz do Dia;Nublado;Seca;Cruz;Pare;Comercial;0;0;2;1;0;0;0;0;0;0;0;0;-3,734132000000000;-38,491243000000000
255097;21;7;2015;11:15;0;RUA FRE MANSUETO;;;934;;;Luz do Dia;Bom;Seca;Meio de Quadra;Sem?íforo;Comercial;0;0;2;1;0;0;0;0;0;0;0;0;-3,732507000000000;-38,488790000000000
259533;22;7;2015;17:45;0;RD CE-040;;;0;KM-10;Colis?úo;Anoitecer;Bom;Seca;Meio de Quadra;;Comercial;0;0;2;1;0;0;0;0;0;0;0;0;-3,838671000000000;-38,480068000000000
255070;22;7;2015;20:15;12603;RUA FENELON BOMILCAR;RUA TULIPA;;0;;Colis?úo Lateral;Via Iluminada;Bom;Seca;Cruz;Pare;Residencial;0;0;2;1;0;0;0;0;0;0;0;0;-3,716114000000000;-38,580157000000000
255072;22;7;2015;09:30;25062;AV DOS EXPEDICIONARIOS;RUA PDE AMBROSIO MACHADO;;0;;Colis?úo Transversal;Luz do Dia;Bom;Seca;Cruz;Pare;Misto;0;1;1;1;0;0;0;0;0;1;0;0;-3,760838000000000;-38,539946000000000
255073;22;7;2015;09:00;1462;RUA JOAO CARVALHO;RUA NUNES VALENTE;;0;;Colis?úo Frontal;Luz do Dia;Nublado;Molhada;Cruz;Pare;Comercial;0;0;2;1;0;0;0;0;0;0;0;0;-3,738599000000000;-38,504491000000000
255086;22;7;2015;20:30;22200;AV SGT HERMINIO SAMPAIO;RUA MAJ VERISSIMO;;0;;Colis?úo Frontal;Anoitecer;Bom;Seca;Cruz;Pare;Comercial;0;1;1;0;0;0;0;0;0;1;0;0;-3,726516000000000;-38,561327000000000
255079;22;7;2015;20:48;0;AV PDE ANTONIO TOMAS;;;180;;Colis?úo Traseira;Mal Iluminada;Bom;Seca;;;;0;1;1;1;0;0;0;0;0;1;0;0;-3,739394000000000;-38,502032000000000
255081;22;7;2015;21:12;0;AV BEZERRA DE MENEZES;;;2714;HABBIB'S;Colis?úo Traseira;Via Iluminada;Bom;Seca;Outros;Outros;Comercial;0;0;2;0;1;0;1;0;0;0;0;0;-3,736593000000000;-38,568945000000000
255062;22;7;2015;10:30;20269;AV PRS JUSCELINO KUBITSCHEK (PASSAR?ë);RUA ELDORADO;;0;;Colis?úo Transversal;Luz do Dia;Bom;Seca;Cruz;Sem?íforo;Comercial;0;1;1;1;0;0;0;0;0;1;0;0;-3,816307000000000;-38,531633000000000
255063;22;7;2015;10:20;5433;RUA METON DE ALENCAR;RUA MAJ FACUNDO;;0;;Colis?úo Transversal;Luz do Dia;Bom;Seca;Cruz;Pare;;0;0;2;1;0;0;0;0;0;0;0;0;-3,733917000000000;-38,529899000000000
255064;22;7;2015;06:30;17366;RUA ROMEU MARTINS;RUA EDITE BRAGA;;0;;Colis?úo Transversal;Luz do Dia;Bom;Seca;Cruz;Pare;Residencial;0;1;2;1;0;0;0;0;0;1;0;0;-3,766408000000000;-38,552486000000000
255065;22;7;2015;13:30;0;RUA JOSE VILAR;;;1932;;Colis?úo Transversal;Luz do Dia;Bom;;Meio de Quadra;;;0;1;3;1;0;0;0;0;0;0;0;0;-3,741144000000000;-38,506394000000000
255059;22;7;2015;;5188;RUA TEN BENEVOLO;RUA NOGUEIRA ACIOLI;;0;;Colis?úo Lateral;Via Iluminada;Bom;Seca;Cruz;Pare;Residencial;0;0;2;1;0;0;0;0;0;0;0;0;-3,725858000000000;-38,515591000000000
255067;22;7;2015;18:00;12837;AV DOMINGOS OLIMPIO;RUA JAIME BENEVOLO;;0;;Colis?úo Lateral;Via Iluminada;Bom;Seca;Cruz;Sem?íforo;Comercial;0;0;3;1;0;0;1;0;0;0;0;0;-3,737780000000000;-38,527245000000000
255041;22;7;2015;19:00;3387;AV ENG HUMBERTO MONTE;RUA MON FURTADO;;0;;Colis?úo Traseira;Via Iluminada;Bom;Seca;Cruz;Pare;Comercial;0;0;2;1;0;0;0;0;0;0;0;0;-3,754242000000000;-38,556153000000000
255037;22;7;2015;07:40;19683;RUA PRO JOSE DE BARCELOS;RUA AZEVEDO BOLAO;;0;;Colis?úo Lateral;Luz do Dia;Nublado;Seca;Cruz;Pare;Residencial;0;0;2;1;0;0;0;0;0;0;0;0;-3,735196000000000;-38,550610000000000
255031;22;7;2015;15:15;1661;RUA JOAQUIM NABUCO;RUA VICENTE LINHARES;;0;;Colis?úo Lateral;;Bom;Seca;Cruz;Pare;Comercial;0;0;2;1;0;0;0;0;0;0;0;0;-3,741195000000000;-38,503180000000000
255032;22;7;2015;16:30;0;AV ALBERTO CRAVEIRO;;;0;;Atropelamento;Luz do Dia;Bom;Seca;Meio de Quadra;N?úo H?í Controle;Comercial;0;1;1;1;0;0;0;0;0;0;0;0;-3,792398000000000;-38,517453000000000
255033;22;7;2015;21:50;19611;AV GODOFREDO MACIEL;RUA NEREU RAMOS;;0;;Colis?úo;Via Iluminada;Bom;Seca;T;Sem?íforo;Comercial;0;0;2;1;0;0;0;0;0;0;0;0;-3,787250000000000;-38,566802000000000
255034;22;7;2015;10:50;59;RUA TOMAS RODRIGUES;RUA CEL JOAQUIM FRANKLIN;;0;;Colis?úo Transversal;Luz do Dia;Bom;Seca;Cruz;N?úo H?í Controle;Residencial;0;0;2;1;0;0;1;0;0;0;0;0;-3,743315000000000;-38,593540000000000
255026;22;7;2015;14:30;15367;RUA PEREIRA VALENTE;RUA CEL JUCA;;0;;Colis?úo Transversal;Luz do Dia;Bom;Seca;Cruz;Pare;Misto;0;1;1;0;0;0;0;0;0;1;0;0;-3,734439000000000;-38,490267000000000
255027;22;7;2015;06:50;18743;RUA VALPARAISO;RUA CATOLE;;0;;Colis?úo Lateral;Luz do Dia;Nublado;Molhada;Cruz;Pare;Residencial;0;0;2;1;0;0;0;0;0;0;0;0;-3,846407000000000;-38,520171000000000
255028;22;7;2015;18:00;13393;RUA HENRIQUE RABELO;RUA JOAQUIM TORRES;;0;;Colis?úo Lateral Sentido Oposto;Anoitecer;Bom;Seca;Cruz;Pare;Misto;0;0;2;1;0;0;0;0;0;0;0;0;-3,740897000000000;-38,521515000000000
255029;22;7;2015;19:00;0;AV LINEU MACHADO;;;1372;;Colis?úo Lateral;Via Iluminada;Bom;Seca;Meio de Quadra;N?úo H?í Controle;Residencial;0;0;3;1;0;0;1;1;0;0;0;0;-3,771685000000000;-38,579905000000000
255009;22;7;2015;18:00;0;RUA BERNARDO MANUEL;;;5099;;Colis?úo;;Bom;Seca;Meio de Quadra;N?úo H?í Controle;Comercial;0;1;1;1;0;0;0;0;0;1;0;0;;
255007;22;7;2015;15:30;11761;AV PRS CASTELO BRANCO;RUA JACINTO MATOS;;0;;Colis?úo Traseira;Luz do Dia;Bom;Seca;Cruz;Pare;Comercial;0;0;2;1;1;0;0;0;0;0;0;0;-3,714630000000000;-38,546333000000000
255014;22;7;2015;17:30;0;RUA EUGENIO GADELHA;;;39;;Colis?úo Lateral;Luz do Dia;Bom;Seca;Meio de Quadra;N?úo H?í Controle;Residencial;0;0;2;1;0;0;0;0;0;0;0;0;-3,761720000000000;-38,548040000000000
255015;22;7;2015;09:30;5500;RUA PDE VALDEVINO;RUA NOGUEIRA ACIOLI;;0;;Colis?úo Transversal;Luz do Dia;Bom;Seca;Cruz;Sem?íforo;Comercial;0;0;2;1;0;0;0;0;0;0;0;0;-3,738246000000000;-38,519630000000000
255016;22;7;2015;18:50;5709;AV OLIVEIRA PAIVA;AV DES GONZAGA;;0;;Colis?úo Traseira;Via Iluminada;Bom;Seca;Cruz;Sem?íforo;Comercial;0;0;2;1;0;0;0;0;0;1;0;0;-3,797165000000000;-38,499953000000000
255022;22;7;2015;16:40;0;AV ABOLICAO;;;4034;;Colis?úo Lateral;Luz do Dia;Bom;Seca;Meio de Quadra;N?úo H?í Controle;Misto;0;0;2;1;0;0;0;0;0;0;0;0;-3,723520000000000;-38,481040000000000
255024;22;7;2015;14:15;0;RUA BATISTA DE OLIVEIRA;;;1000;;Colis?úo Lateral;Luz do Dia;Bom;Seca;Meio de Quadra;N?úo H?í Controle;Residencial;0;0;2;1;0;0;0;0;0;0;0;0;-3,746460000000000;-38,482291000000000
255011;22;7;2015;09:00;0;AV SGT HERMINIO SAMPAIO;;;1723;;Colis?úo Frontal;Luz do Dia;Bom;Seca;Meio de Quadra;Pare;Comercial;0;0;2;1;0;0;0;0;0;0;0;0;-3,725590000000000;-38,556218000000000
255012;22;7;2015;22:30;7923;AV DES MOREIRA;RUA ISAC AMARAL;;0;;Colis?úo Frontal;Via Iluminada;Bom;Seca;Cruz;Sem?íforo Intermitente;Comercial;0;0;2;1;0;0;0;0;0;1;0;0;-3,753019000000000;-38,503726000000000
255018;22;7;2015;14:20;0;AV CARNEIRO DE MENDONCA;;;728;;Colis?úo;Luz do Dia;Bom;Seca;Meio de Quadra;N?úo H?í Controle;Comercial;0;1;1;0;0;0;1;0;0;1;0;0;-3,764330000000000;-38,566349000000000
255019;22;7;2015;14:35;0;AV ABOLICAO;;;4043;;Colis?úo Lateral;Luz do Dia;Bom;Seca;Meio de Quadra;N?úo H?í Controle;Comercial;0;1;1;0;1;1;0;0;0;0;0;0;-3,724670000000000;-38,482742000000000
255020;22;7;2015;13:20;0;AV EDILSON B SOARES;;;2606;;Colis?úo Lateral;Luz do Dia;Bom;Seca;Meio de Quadra;N?úo H?í Controle;Residencial;0;0;2;1;0;0;0;0;0;0;0;0;-3,787901000000000;-38,462521000000000
255003;22;7;2015;15:02;5332;RUA PEDRO I;RUA SEN POMPEU;;0;;Colis?úo Transversal;Luz do Dia;Bom;Seca;Cruz;Sem?íforo;Comercial;0;0;3;1;0;0;0;0;0;0;0;0;-3,730553000000000;-38,530728000000000
255000;22;7;2015;06:50;7847;RUA JOSE VILAR;RUA JOAQUIM SA;;0;;Colis?úo Transversal;Via Iluminada;Bom;Seca;Cruz;Pare;Residencial;0;1;1;1;0;0;0;0;0;1;0;0;-3,748119000000000;-38,508665000000000
255001;22;7;2015;14:00;0;TR SOBRAL (PASSARE);;;160;;Colis?úo Lateral;Luz do Dia;Bom;Seca;Meio de Quadra;N?úo H?í Controle;Comercial;0;0;2;1;0;0;0;0;0;0;0;0;;
255076;22;7;2015;19:30;0;RUA LEONARDO MOTA;;;1420;;Engavetamento;;Bom;Seca;Meio de Quadra;N?úo H?í Controle;Comercial;0;0;3;1;0;0;0;0;0;0;0;0;-3,738565000000000;-38,496936000000000
259094;22;7;2015;11:55;0;RD BR 116;;;2000;KM-02;Outros;Luz do Dia;Bom;Seca;Meio de Quadra;N?úo H?í Controle;Comercial;0;0;2;0;0;0;0;0;0;0;0;0;-3,771391000000000;-38,516780000000000
264009;22;7;2015;01:03;0;RUA TRES MARIAS;;;0;;Choque c/ Obst?ículo Fixo;;;;Meio de Quadra;;;0;1;0;1;0;0;0;0;0;0;0;0;;
264015;22;7;2015;07:04;0;RUA ROMEU MARTINS;;;0;;Colis?úo;Luz do Dia;;;Meio de Quadra;;;0;1;1;1;0;0;0;0;0;1;0;0;-3,766455000000000;-38,552418000000000
264013;22;7;2015;06:54;0;RUA PDE VALDEVINO;;;0;;Colis?úo;Luz do Dia;;;Meio de Quadra;;;0;1;0;0;0;0;0;0;0;0;0;0;-3,741387000000000;-38,509665000000000
264095;22;7;2015;12:25;0;AV PRS JUSCELINO KUBITSCHEK (PASSAR?ë);;;0;;Atropelamento;Luz do Dia;;;Meio de Quadra;;;0;1;1;0;0;0;0;0;0;1;0;0;;
264104;22;7;2015;17:26;21478;AV MIN JOSE AMERICO;RUA ELISARIO MENDES;;0;;Colis?úo;Anoitecer;;;Cruz;N?úo H?í Controle;Rural;0;1;1;1;0;0;0;0;0;1;0;0;-3,811474000000000;-38,496335000000000
264097;22;7;2015;14:31;0;AV ALBERTO CRAVEIRO;;;0;;Queda;Luz do Dia;;;Meio de Quadra;;;0;1;0;0;0;0;0;0;0;1;0;0;-3,792398000000000;-38,517453000000000
264098;22;7;2015;15:11;0;AV AUGUSTO DOS ANJOS;;;0;;Atropelamento;Luz do Dia;;;Meio de Quadra;;;0;1;0;0;0;0;0;0;0;0;0;0;;
264026;22;7;2015;09:50;0;AV DOS EXPEDICIONARIOS;;;42339;;Colis?úo;Luz do Dia;;;Meio de Quadra;;;0;1;1;1;0;0;0;0;0;1;0;0;;
264023;22;7;2015;08:18;0;AV PRS COSTA E SILVA;;;0;;Queda;Luz do Dia;;;Meio de Quadra;;;0;1;0;0;0;0;0;0;0;1;0;0;;
264090;22;7;2015;12:06;0;RUA JOAO BRIGIDO;;;0;;Colis?úo;Luz do Dia;;;Meio de Quadra;;;0;1;1;1;0;0;0;0;0;1;0;0;;
264111;22;7;2015;18:48;0;RUA VINTE E QUATRO DE MAIO;;;0;;Queda;;;;Meio de Quadra;;;0;1;0;0;0;1;0;0;0;0;0;0;;
264019;22;7;2015;07:22;0;AV SEN CARLOS JEREISSATI (AEROPORTO);;;0;;Colis?úo;Luz do Dia;;;Meio de Quadra;;;0;1;1;1;0;0;0;0;0;1;0;0;;
264109;22;7;2015;18:13;6969;AV F CJ ESPERANCA;AV B CJ ESPERANCA;;0;;Colis?úo;Anoitecer;;;Cruz;Pare;Misto;0;1;0;0;0;0;0;0;0;0;0;0;-3,817486000000000;-38,588467000000000
264101;22;7;2015;17:04;19776;RUA MOREIRA DE SOUSA;RUA AZEVEDO BOLAO;;0;;Atropelamento;Anoitecer;;;Cruz;Pare;Comercial;0;1;0;0;0;0;0;0;0;0;0;0;-3,738489000000000;-38,566735000000000
264106;22;7;2015;18:00;23640;RUA BAR CRATO;RUA POMPEU CAVALCANTE;;0;;Colis?úo;Anoitecer;;;Rotat??ria;Pare;Residencial;0;1;0;1;0;0;0;0;0;0;0;0;-3,722474000000000;-38,564168000000000
269805;22;7;2015;21:41;0;RUA CON DE CASTRO;;;0;;Colis?úo;;;;Meio de Quadra;;;0;0;2;0;0;0;0;0;0;0;0;0;;
269806;22;7;2015;23:51;23458;RUA PRO CARVALHO;RUA PAULO FIRMEZA;;0;;Colis?úo;;;;Cruz;Pare;Residencial;0;0;2;0;0;0;0;0;0;0;0;0;-3,757232000000000;-38,514078000000000
269802;22;7;2015;10:44;12682;AV CEL CARVALHO;RUA DEP MATOSO FILHO;;0;;Colis?úo;Luz do Dia;;;Cruz;Pare;Residencial;0;0;2;0;0;0;0;0;0;0;0;0;-3,729932000000000;-38,584780000000000
269803;22;7;2015;19:03;0;RUA XAVIER DA SILVEIRA;;;2600;;Colis?úo;;;;Meio de Quadra;;;0;0;2;0;0;0;0;0;0;0;0;0;-3,791903000000000;-38,613703000000000
264324;22;7;2015;09:20;9243;AV DOS EXPEDICIONARIOS;AV EDUARDO GIRAO;;0;;Colis?úo;Luz do Dia;;;Cruz;Sem?íforo;Comercial;0;1;0;1;0;0;0;0;0;1;0;0;-3,750712000000000;-38,536849000000000
264333;22;7;2015;23:30;10749;AV SEN FERNANDES TAVORA;RUA PRO HERIBALDO COSTA;;0;;Colis?úo;;;;Cruz;Sem?íforo;Comercial;0;1;0;1;0;0;0;0;0;1;0;0;-3,761006000000000;-38,584384000000000
264346;22;7;2015;22:58;4875;RUA CON DE CASTRO;RUA JARDIM FLUMINENSE;;0;;Colis?úo;;;;T;Sem?íforo;Residencial;0;1;1;1;0;0;0;0;0;1;0;0;-3,812831000000000;-38,597948000000000
264342;22;7;2015;21:16;0;RUA GERMANO FRANCK;;;0;;Colis?úo;;;;Meio de Quadra;;;0;1;1;1;0;0;0;0;0;1;0;0;-3,778830000000000;-38,563902000000000
264343;23;7;2015;18:30;5490;AV DOM MANUEL;AV AGUANAMBI;;0;;Colis?úo;Anoitecer;;;;;;0;1;0;1;0;0;0;0;0;1;0;0;-3,736873000000000;-38,523967000000000
264349;23;7;2015;01:30;0;AV ALM BARROSO;;;0;;Colis?úo;;;;Meio de Quadra;;;0;1;1;1;0;0;0;0;0;1;0;0;-3,720616000000000;-38,518373000000000
264337;23;7;2015;16:30;245;RUA DOM LINO;RUA GAL BERNARDO FIGUEIREDO;;0;;Outros;Luz do Dia;;;Cruz;Pare;Misto;0;1;0;1;0;0;0;0;0;0;0;0;-3,740582000000000;-38,556267000000000
264376;23;7;2015;05:45;14723;RUA UIRAPURU;RUA FRANCFORT;;0;;Queda;Amanhecer;;;;;;0;1;0;0;0;0;0;0;0;1;0;0;-3,795490000000000;-38,581627000000000
264378;23;7;2015;08:29;0;RUA BAR CRATO;;;0;;Colis?úo;Luz do Dia;;;Meio de Quadra;;;0;1;1;1;0;0;0;0;0;1;0;0;-3,721279000000000;-38,559693000000000
264379;23;7;2015;08:54;0;RUA PERNAMBUCO;;;0;;Colis?úo;Luz do Dia;;;Meio de Quadra;;;0;1;1;1;0;0;0;0;0;1;0;0;-3,757376000000000;-38,572498000000000
264380;23;7;2015;09:14;0;RUA NOSSA SRA DAS GRACAS;;;0;;Atropelamento;Luz do Dia;;;Meio de Quadra;;;0;1;1;0;0;0;0;0;0;1;0;0;-3,707743000000000;-38,561503000000000
264381;23;7;2015;10:41;0;AV CONTORNO SUL;;;123;;Colis?úo;Luz do Dia;;;Meio de Quadra;;;0;1;1;1;0;0;0;0;0;1;0;0;-3,837741000000000;-38,519786000000000
264382;23;7;2015;12:50;0;AV PERIMETRAL;;;998;;Colis?úo;Luz do Dia;;;Meio de Quadra;;;0;1;1;1;0;0;0;0;0;1;0;0;;
264387;23;7;2015;15:09;24229;AV ENG SANTANA JUNIOR;AV ENG ALBERTO SA;;0;;Colis?úo;Luz do Dia;;;Cruz;Sem?íforo;Comercial;0;1;1;1;0;0;0;0;0;1;0;0;-3,733357000000000;-38,480624000000000
264388;23;7;2015;16:07;0;AV GAL OSORIO DE PAIVA;;;0;;Atropelamento;Luz do Dia;;;Meio de Quadra;;;0;1;1;0;0;0;0;0;0;1;0;0;-3,773612000000000;-38,564003000000000
264384;23;7;2015;14:14;0;RUA PORTO VELHO;;;0;;Queda;Luz do Dia;;;Meio de Quadra;;;0;1;0;0;0;0;0;0;0;1;0;0;-3,768351000000000;-38,582568000000000
264385;23;7;2015;14:54;0;AV CENTRAL CJ CEARA;;;0;;Colis?úo;Luz do Dia;;;;;;0;1;1;1;0;0;0;0;0;1;0;0;;
269818;23;7;2015;10:00;0;RUA C CJ LUCIANO CALV;;;0;;Colis?úo;Luz do Dia;;;Meio de Quadra;;;0;0;2;0;0;0;0;0;0;0;0;0;;
269826;23;7;2015;10:41;7497;RUA PEDRO DANTAS;RUA BOA VENTURA;;0;;Colis?úo;Luz do Dia;;;Cruz;N?úo H?í Controle;Misto;0;0;2;0;0;0;0;0;0;0;0;0;-3,785562000000000;-38,523885000000000
269828;23;7;2015;10:47;1510;RUA JOSE VILAR;AV JULIO VENTURA;;0;;Colis?úo;Luz do Dia;;;Cruz;Sem?íforo;Comercial;0;0;2;0;0;0;0;0;0;0;0;0;-3,739985000000000;-38,506014000000000
269829;23;7;2015;10:59;0;AV JOSE BASTOS;;;2700;;Colis?úo;Luz do Dia;;;Meio de Quadra;;;0;0;2;0;0;0;0;0;0;0;0;0;;
269831;23;7;2015;11:03;3218;RUA TAQUARI;RUA THOMPSON GONCALVES;;0;;Colis?úo;Luz do Dia;;;;;;0;0;2;0;0;0;0;0;0;0;0;0;-3,781659000000000;-38,582499000000000
269832;23;7;2015;11:15;3789;RUA WALDERY UCHOA;AV 13 DE MAIO;;0;;Colis?úo;Luz do Dia;;;Cruz;Pare;Comercial;0;0;2;0;0;0;0;0;0;0;0;0;-3,742399000000000;-38,537427000000000
269836;23;7;2015;11:28;9246;AV 13 DE MAIO;RUA BAR RIO BRANCO;;0;;Colis?úo;Luz do Dia;;;Cruz;Sem?íforo;Comercial;0;0;2;0;0;0;0;0;0;0;0;0;-3,745129000000000;-38,534255000000000
269838;23;7;2015;12:50;12426;RUA RIBEIRO LEITAO;AV SEN FERNANDES TAVORA;;0;;Colis?úo;Luz do Dia;;;Cruz;Pare;Residencial;0;0;2;0;0;0;0;0;0;0;0;0;-3,764304000000000;-38,578199000000000
269839;23;7;2015;12:54;0;RUA CANINDE D48;;;490;;Colis?úo;Luz do Dia;;;Meio de Quadra;;;0;0;2;0;0;0;0;0;0;0;0;0;;
269843;23;7;2015;12:55;0;RUA ROSA MISTICA;;;239;;Colis?úo;Luz do Dia;;;Meio de Quadra;;;0;0;2;0;0;0;0;0;0;0;0;0;;
269874;23;7;2015;20:59;5490;RUA PDE VALDEVINO;AV AGUANAMBI;;0;;Colis?úo;;;;;;;0;0;2;0;0;0;0;0;0;0;0;0;-3,736873000000000;-38,523967000000000
269877;23;7;2015;23:10;15200;RUA DEP MOREIRA DA ROCHA;RUA CARLOS VASCONCELOS;;0;;Colis?úo;;;;Cruz;Sem?íforo;Residencial;0;0;2;0;0;0;0;0;0;0;0;0;-3,726560000000000;-38,508724000000000
269869;23;7;2015;17:31;0;RUA COELHO NETO;;;169;;Colis?úo;Anoitecer;;;Meio de Quadra;;;0;0;2;0;0;0;0;0;0;0;0;0;;
269866;23;7;2015;16:50;6112;AV A CJ CEARA;AV F CJ CEARA;;0;;Colis?úo;Luz do Dia;;;Cruz;N?úo H?í Controle;Misto;0;0;2;0;0;0;0;0;0;0;0;0;-3,767855000000000;-38,603189000000000
263169;23;7;2015;20:39;6788;RUA DES WALDETARIO P MOTA;AV SANTOS DUMONT;;0;;Colis?úo;;;;Cruz;Sem?íforo;Misto;0;0;2;0;1;0;0;0;0;0;0;0;-3,741093000000000;-38,483309000000000
263155;23;7;2015;13:58;0;AV AUGUSTO DOS ANJOS;;;0;;Colis?úo;Luz do Dia;;;Meio de Quadra;;;0;0;2;1;1;0;0;0;0;0;0;0;;
255036;23;7;2015;18:40;1451;RUA ANTONIO AUGUSTO;RUA ROCHA LIMA;;0;;Colis?úo Lateral;Via Iluminada;Bom;Seca;Cruz;Pare;Residencial;0;1;1;0;0;0;0;0;1;0;0;0;-3,738344000000000;-38,516207000000000
255040;23;7;2015;19:10;1358;AV DES MOREIRA;AV SANTOS DUMONT;;0;;Colis?úo;Via Iluminada;Bom;Seca;Cruz;Sem?íforo;Comercial;0;1;1;1;0;1;0;0;0;0;0;0;-3,736226000000000;-38,498365000000000
255066;23;7;2015;11:00;22124;RUA PRO COSTA MENDES;RUA MAJ PEDRO SAMPAIO;;0;;Colis?úo Transversal;Luz do Dia;Bom;Seca;Cruz;Pare;Comercial;0;0;2;1;0;0;0;1;0;0;0;0;-3,747674000000000;-38,554665000000000
255056;23;7;2015;18:00;0;RUA PRO CARLOS LOBO;;;350;;Colis?úo Transversal;Via Iluminada;Bom;Seca;Meio de Quadra;;Comercial;0;1;1;1;0;0;0;0;0;1;0;0;-3,795100000000000;-38,482297000000000
255080;23;7;2015;10:00;0;RUA ALBERTO MAGNO;;;1038;;Colis?úo Lateral;;Bom;Seca;Meio de Quadra;N?úo H?í Controle;Comercial;0;1;1;1;0;0;0;0;0;1;0;0;-3,764159000000000;-38,549336000000000
255058;23;7;2015;14:00;0;AV GOV RAUL BARBOSA;;;0;;Colis?úo Lateral;Luz do Dia;Bom;Seca;Meio de Quadra;;Comercial;0;0;2;0;0;0;1;0;0;0;0;0;;
255075;23;7;2015;05:50;26050;RUA GURGEL DO AMARAL;RUA MARQ SANTOS;;0;;Colis?úo Lateral;Amanhecer;Bom;Seca;T;Pare;Residencial;0;1;1;1;0;0;0;0;0;1;0;0;-3,835739000000000;-38,486088000000000
259541;23;7;2015;16:20;0;RD CE-040;;;0;KM-06;Colis?úo;Luz do Dia;Bom;Seca;Meio de Quadra;;Comercial;0;0;2;1;0;0;0;0;0;0;0;0;-3,811270000000000;-38,478781000000000
259538;23;7;2015;11:00;0;RD CE-040;;;0;KM-05;Colis?úo;Luz do Dia;Bom;Seca;Meio de Quadra;;Comercial;0;0;2;1;0;0;0;0;0;0;0;0;-3,790876000000000;-38,480349000000000
255184;23;7;2015;14:00;15346;RUA PEREIRA VALENTE;RUA VIS MAUA;;0;;Colis?úo Lateral;Luz do Dia;Bom;Seca;Cruz;Pare;Residencial;0;0;3;1;0;0;0;0;0;0;0;0;-3,731927000000000;-38,498067000000000
255177;23;7;2015;18:30;14967;AV GODOFREDO MACIEL;RUA JULIO ALCIDES;;0;;Colis?úo Lateral;Anoitecer;Bom;Seca;T;Pare;Comercial;0;0;2;1;0;0;1;0;0;0;0;0;-3,787856000000000;-38,566785000000000
255181;23;7;2015;16:40;15245;AV ANTONIO JUSTA;RUA LEONARDO MOTA;;0;;Colis?úo Transversal;Luz do Dia;Bom;Seca;Cruz;Pare;Comercial;0;1;1;1;0;0;0;0;0;1;0;0;-3,727945000000000;-38,493542000000000
255171;23;7;2015;13:00;0;AV GODOFREDO MACIEL;;;0;;;Luz do Dia;Bom;Seca;Meio de Quadra;Sem?íforo;Comercial;0;0;2;0;0;0;1;0;1;0;0;0;;
255169;23;7;2015;09:40;0;RUA BARBOSA DE FREITAS;;;1990;;Colis?úo Lateral;Luz do Dia;Bom;Seca;Meio de Quadra;N?úo H?í Controle;Residencial;0;0;2;1;0;0;0;0;0;0;0;0;-3,743532000000000;-38,499602000000000
255122;23;7;2015;09:05;0;AV PRO GOMES DE MATOS;;;1835;;Colis?úo Lateral;Luz do Dia;Bom;Seca;Meio de Quadra;N?úo H?í Controle;Comercial;0;0;2;0;0;0;1;0;0;0;0;0;-3,767385000000000;-38,550970000000000