COD_ACIDENTE;DIA;MES;ANO;HORA;INTERSECAO;LOG1;LOG2;LOG3;NUMERO;REFERENCIA;NATUREZA;ILUMINACAO;TEMPO;SUPERFICIEPISTA;TIPOCRUZAMENTO;CONTROLETRAFEGO;USOSOLO;MORTOS;FERIDOS;ILESOS;AUTOMOVEL;ONIBUS;BICICLETA;CAMINHAO;MICROONIBUS;CICLOMOTOR;MOTOCICLETA;TRACAOANIMAL;TREM;LATITUDE;LONGITUDE
255105;23;7;2015;08:50;15104;AV HIS RAIMUNDO GIRAO;RUA ILDEFONSO ALBANO;;0;;Colis?úo Lateral;Luz do Dia;Bom;Seca;Cruz;Sem?íforo;Residencial;0;0;2;1;0;0;0;0;0;0;0;0;-3,721603000000000;-38,509542000000000
255113;23;7;2015;08:00;4219;RUA BAR CRATO;RUA DR ALMEIDA FILHO;;0;;Colis?úo Transversal;Luz do Dia;Bom;Seca;Cruz;Pare;Comercial;0;1;1;1;0;0;0;0;0;1;0;0;-3,721259000000000;-38,559614000000000
255116;23;7;2015;23:00;13544;RUA DR JOSE LOURENCO;RUA JULIO SIQUEIRA;;0;;Colis?úo Lateral;;Bom;Seca;Cruz;Pare;Comercial;0;1;1;1;0;0;0;0;0;0;0;0;-3,748473000000000;-38,512200000000000
255128;23;7;2015;21:10;25769;AV DR SILAS MUNGUBA;RUA CORUMBA;;0;;Colis?úo Lateral;;;;T;Pare;Comercial;0;0;2;1;0;0;0;0;1;0;0;0;-3,801188000000000;-38,530014000000000
255112;24;7;2015;20:30;9153;RUA PAULA RODRIGUES;AV 13 DE MAIO;;0;;Colis?úo Transversal;Via Iluminada;Bom;Seca;T;Sem?íforo;Outros;0;0;2;0;0;0;0;0;0;0;0;0;-3,752271000000000;-38,525876000000000
255115;24;7;2015;18:30;0;AV SANTOS DUMONT;;;5303;;Colis?úo Lateral;Via Iluminada;Bom;Seca;Meio de Quadra;Sem?íforo;Comercial;0;1;1;1;0;0;0;0;0;1;0;0;;
255100;24;7;2015;06:10;4828;RUA CON DE CASTRO;RUA LAGO DO TANQUE;;0;;Colis?úo Lateral;Luz do Dia;Bom;Seca;Cruz;Pare;Residencial;0;1;1;0;1;0;0;0;0;1;0;0;-3,808795000000000;-38,595300000000000
255107;24;7;2015;16:15;14807;RUA JOAO AREAS;RUA CREUSA ROQUE;;0;;Colis?úo Frontal;Luz do Dia;Bom;Seca;T;Pare;Residencial;0;1;1;0;0;0;1;0;0;1;0;0;-3,800789000000000;-38,576292000000000
255121;24;7;2015;20:20;0;AV DOMINGOS OLIMPIO;;;1536;;Colis?úo Lateral;Via Iluminada;Bom;Seca;Meio de Quadra;Sem?íforo;Comercial;0;2;0;1;1;0;0;0;0;0;0;0;;
255119;24;7;2015;10:58;1332;AV DOM LUIS;RUA CEL LINHARES;;0;;Colis?úo Lateral;Luz do Dia;Bom;Seca;Cruz;Pare;Comercial;0;1;1;1;1;0;0;0;0;0;0;0;-3,734513000000000;-38,493503000000000
255125;24;7;2015;15:00;8125;RUA MANUEL DE QUEIROZ;RUA BENTO ALBUQUERQUE;;0;;Colis?úo Transversal;Luz do Dia;Bom;Seca;Cruz;Pare;Comercial;0;1;1;1;0;0;0;0;0;0;0;0;-3,748837000000000;-38,467393000000000
255149;24;7;2015;15:30;0;AV AUGUSTO DOS ANJOS;;;517;;Engavetamento;Luz do Dia;Bom;Seca;Meio de Quadra;Sem?íforo;Comercial;0;0;2;1;0;0;0;0;0;0;0;0;-3,773378000000000;-38,573109000000000
255183;24;7;2015;11:10;0;AV PONTES VIEIRA;;;241;;Colis?úo Traseira;Luz do Dia;Bom;Seca;Meio de Quadra;N?úo H?í Controle;Comercial;0;0;2;1;0;0;0;0;0;0;0;0;-3,753295000000000;-38,518326000000000
255179;24;7;2015;14:40;17294;RUA CEL ALEXANDRINO;RUA JOAO FIRMINO;;0;;Colis?úo Transversal;Luz do Dia;Bom;Seca;Cruz;Pare;Comercial;0;0;2;1;0;0;0;0;0;0;0;0;-3,763514000000000;-38,554922000000000
255180;24;7;2015;15:16;8026;RUA SAMUEL UCHOA;RUA CARLOS CAMARA;;0;;Colis?úo Transversal;Luz do Dia;Bom;Seca;Cruz;Pare;Residencial;0;1;1;0;0;0;0;0;0;1;0;0;-3,752537000000000;-38,548069000000000
255187;24;7;2015;19:00;0;RUA ALBERTO MAGNO;;;1821;;;Mal Iluminada;Bom;Seca;Meio de Quadra;N?úo H?í Controle;Residencial;0;0;2;1;0;0;0;0;0;0;0;0;-3,769514000000000;-38,552999000000000
255096;24;7;2015;10:30;5067;RUA PDE MORORO;RUA SEN ALENCAR;;0;;Colis?úo Transversal;Luz do Dia;Bom;Seca;Cruz;Pare;Comercial;0;0;2;1;0;0;0;1;0;0;0;0;-3,722160000000000;-38,536475000000000
259542;24;7;2015;14:40;0;AV SEN CARLOS JEREISSATI (AEROPORTO);;;0;KM 03;Colis?úo;Luz do Dia;Bom;Seca;Meio de Quadra;;Comercial;0;1;1;1;0;0;0;0;0;1;0;0;-3,780382000000000;-38,541414000000000
259543;24;7;2015;06:30;0;RD CE-040;;;0;KM-11;Colis?úo;Luz do Dia;Bom;Seca;Meio de Quadra;N?úo H?í Controle;Comercial;1;0;1;0;0;0;1;0;0;1;0;0;-3,844873000000000;-38,480252000000000
259545;24;7;2015;16:10;0;RD CE-040;;;0;KM-06;Colis?úo;Luz do Dia;Bom;Seca;Meio de Quadra;;Comercial;0;0;2;1;0;0;0;0;0;0;0;0;-3,811270000000000;-38,478781000000000
255078;24;7;2015;15:40;6818;RUA DR GILBERTO STUDART;RUA FRANCISCO MATOS;;0;;Colis?úo Lateral;Luz do Dia;Bom;Seca;Cruz;Pare;Residencial;0;0;2;1;1;0;0;0;0;0;0;0;-3,747084000000000;-38,470191000000000
255074;24;7;2015;08:15;1522;RUA CEL JUCA;RUA EDUARDO GARCIA;;0;;Capotamento;Luz do Dia;Bom;Seca;Cruz;Pare;Residencial;0;0;2;1;0;0;0;0;0;0;0;0;-3,740419000000000;-38,492166000000000
255071;24;7;2015;20:30;25283;RUA DES WALDEMAR ALVES PEREIRA;RUA LIV LUIZ MAIA;;0;;Colis?úo Transversal;Via Iluminada;Bom;Seca;Cruz;Pare;Residencial;0;0;2;1;1;0;0;0;0;0;0;0;;
255082;24;7;2015;15:15;0;AV ALBERTO CRAVEIRO;;;430;;Colis?úo Traseira;Luz do Dia;Bom;Seca;Meio de Quadra;Outros;Comercial;0;0;2;1;0;0;0;0;0;1;0;0;-3,782668000000000;-38,516505000000000
255087;24;7;2015;08:00;7393;RUA AUDISIO PINHEIRO;RUA PRO EDGAR DE ARRUDA;;0;;Colis?úo Transversal;Luz do Dia;Bom;Seca;Cruz;Pare;Residencial;0;2;0;0;0;0;0;0;0;1;0;0;-3,756603000000000;-38,587846000000000
255057;24;7;2015;14:30;11738;AV LINEU MACHADO;RUA VIS CAUIPE;;0;;Colis?úo Lateral;Luz do Dia;Bom;Seca;Cruz;Pare;Comercial;0;1;2;1;0;0;0;0;0;1;0;0;-3,774312000000000;-38,581269000000000
255068;24;7;2015;18:26;15238;RUA BAR ARACATI;RUA TEN BENEVOLO;;0;;Colis?úo Lateral;Via Iluminada;Bom;Seca;Cruz;Pare;Comercial;0;0;2;1;0;0;0;0;0;0;0;0;-3,727628000000000;-38,510266000000000
255060;24;7;2015;21:00;1716;AV GAL MURILO BORGES;AV GOV RAUL BARBOSA;;0;;Colis?úo Traseira;Via Iluminada;Bom;Seca;Cruz;Sem?íforo;Residencial;0;0;2;1;0;0;0;0;0;0;0;0;-3,763977000000000;-38,508802000000000
255061;24;7;2015;10:00;11761;AV PRS CASTELO BRANCO;RUA JACINTO MATOS;;0;;Colis?úo Traseira;Luz do Dia;Bom;Seca;T;Sem?íforo;Comercial;0;0;3;1;0;0;1;0;0;0;0;0;-3,714630000000000;-38,546333000000000
255038;24;7;2015;16:00;9176;AV AGUANAMBI;AV EDUARDO GIRAO;;0;;Colis?úo Lateral;Luz do Dia;Bom;Seca;Rotat??ria;N?úo H?í Controle;Comercial;0;0;1;0;0;0;1;0;0;0;0;0;-3,755303000000000;-38,523639000000000
255042;24;7;2015;20:33;17226;RUA SAO GONCALO DO AMARANTE;RUA MIGUEL GONCALVES;;0;;Colis?úo Transversal;Via Iluminada;Bom;Seca;Cruz;Pare;Residencial;0;0;2;0;0;0;0;0;0;0;0;0;-3,759443000000000;-38,554236000000000
255043;24;7;2015;17:00;0;RUA PRO TEODORICO;;;620;;Colis?úo Traseira;Anoitecer;Bom;Seca;Meio de Quadra;Pare;Residencial;0;0;2;1;0;0;0;0;0;1;0;0;-3,768528000000000;-38,554099000000000
255048;24;7;2015;19:00;0;RUA VITORIA;;;1264;;Colis?úo Traseira;Via Iluminada;Bom;Seca;Meio de Quadra;Outros;Residencial;0;1;1;1;0;0;1;0;0;0;0;0;;
263170;24;7;2015;14:11;0;RUA PDE VALDEVINO;;;0;;Colis?úo;Luz do Dia;;;Meio de Quadra;;;0;0;2;1;0;0;0;0;0;0;0;0;;
263172;24;7;2015;15:00;0;AV 13 DE MAIO;;;0;;Colis?úo;Luz do Dia;;;Meio de Quadra;;;0;0;2;1;0;0;0;0;0;0;0;0;;
259056;24;7;2015;18:50;0;RD BR 222;;;0;KM-02;Colis?úo Transversal;Via Iluminada;Bom;Seca;Meio de Quadra;N?úo H?í Controle;Comercial;0;2;1;0;0;0;0;0;0;1;0;0;-3,738951000000000;-38,586880000000000
269886;24;7;2015;07:57;0;RUA FRANCISCO LEANDRO;;;0;;Colis?úo;Luz do Dia;;;Meio de Quadra;;;0;0;2;0;0;0;0;0;0;0;0;0;;
269887;24;7;2015;08:48;0;RUA JOAQUIM MACHADO;;;170;;Colis?úo;Luz do Dia;;;Meio de Quadra;;;0;0;2;0;0;0;0;0;0;0;0;0;-3,860818000000000;-38,495021000000000
269888;24;7;2015;20:37;0;AV GODOFREDO MACIEL;;;0;;Atropelamento;;;;Meio de Quadra;;;0;0;2;0;0;0;0;0;0;0;0;0;;
269897;24;7;2015;23:23;15190;AV ABOLICAO;RUA JOAQUIM NABUCO;;0;;Colis?úo;;;;Cruz;Sem?íforo;Comercial;0;0;2;0;0;0;0;0;0;0;0;0;-3,726373000000000;-38,498436000000000
269890;24;7;2015;21:06;0;RUA FRANCISCO GLICERIO;;;0;;Colis?úo;;;;Meio de Quadra;;;0;0;2;0;0;0;0;0;0;0;0;0;;
269891;24;7;2015;21:20;22082;RUA CAP FRANCISCO PEDRO;RUA ALEXANDRE BARAUNA;;0;;Colis?úo;;;;Cruz;Pare;Comercial;0;0;2;0;0;0;0;0;0;0;0;0;-3,749020000000000;-38,550539000000000
269894;24;7;2015;23:19;2852;RUA ITU;RUA MARTINS CARVALHO;;0;;Colis?úo;;;;;;;0;0;2;0;0;0;0;0;0;0;0;0;-3,795320000000000;-38,604177000000000
264399;24;7;2015;07:33;0;RD BR 116;;;13000;KM-13;Colis?úo;Luz do Dia;;;Meio de Quadra;;;0;1;1;0;0;0;1;0;0;1;0;0;-3,864670000000000;-38,497727000000000
264401;24;7;2015;07:45;0;RUA BERNARDO MANUEL;;;0;;Atropelamento;Luz do Dia;;;Meio de Quadra;;;0;1;1;1;0;0;0;0;0;0;0;0;;
264355;24;7;2015;11:35;0;RUA HOLANDA;;;0;;Atropelamento;Luz do Dia;;;Meio de Quadra;;;0;0;1;0;1;0;0;0;0;0;0;0;;
264414;24;7;2015;09:39;0;RUA AZEVEDO BOLAO;;;0;;Colis?úo;Luz do Dia;;;Meio de Quadra;;;0;1;1;1;0;0;0;0;0;1;0;0;-3,734219000000000;-38,546985000000000
264417;24;7;2015;10:18;0;RUA SAO PAULO;;;0;;Colis?úo;Luz do Dia;;;Meio de Quadra;;;0;1;1;1;0;1;0;0;0;0;0;0;-3,721986000000000;-38,539832000000000
264418;24;7;2015;12:23;0;AV BORGES DE MELO;;;0;;Atropelamento;Luz do Dia;;;Meio de Quadra;;;0;1;1;0;0;0;0;0;0;1;0;0;;
264420;24;7;2015;13:08;0;AV GODOFREDO MACIEL;;;0;;Atropelamento;Luz do Dia;;;Meio de Quadra;;;0;1;1;1;0;0;0;0;0;0;0;0;-3,818695000000000;-38,576069000000000
264422;24;7;2015;15:22;8935;RUA TEREZA CRISTINA;AV DOMINGOS OLIMPIO;;0;;Colis?úo;Luz do Dia;;;Cruz;Sem?íforo;Residencial;0;1;1;1;0;0;0;0;0;1;0;0;-3,734086000000000;-38,538883000000000
264423;24;7;2015;15:32;25311;RUA JOAO REGINO;RUA ANTENOR ROCHA ALEXANDRE;;0;;Colis?úo;Luz do Dia;;;Cruz;Pare;Residencial;0;1;1;1;0;0;0;0;0;1;0;0;-3,792178000000000;-38,482810000000000
264424;24;7;2015;16:27;0;AV CASTELO DE CASTRO;;;0;;Queda;Luz do Dia;;;Meio de Quadra;;;0;1;0;0;0;0;0;0;0;1;0;0;;
264555;24;7;2015;23:02;0;AV PRS CASTELO BRANCO;;;0;;Colis?úo;;;;Meio de Quadra;;;0;1;0;0;0;0;0;0;0;0;0;0;-3,717541000000000;-38,539363000000000
264552;24;7;2015;22:56;0;RUA TEODOMIRO DE CASTRO;;;4344;;Colis?úo;;;;Meio de Quadra;;;0;1;1;1;0;0;0;0;0;1;0;0;-3,718794000000000;-38,572252000000000
264539;24;7;2015;20:17;3767;AV DOMINGOS OLIMPIO;AV IMPERADOR;;0;;Colis?úo;;;;Cruz;Sem?íforo;Comercial;0;1;0;0;0;0;0;0;0;0;0;0;-3,734790000000000;-38,536697000000000
264542;24;7;2015;22:50;0;AV GAL OSORIO DE PAIVA;;;0;;Queda;;;;Meio de Quadra;;;0;1;0;0;0;0;0;0;0;1;0;0;;
264441;24;7;2015;17:20;0;AV SANTOS DUMONT;;;0;;Colis?úo;Anoitecer;;;Meio de Quadra;;;0;1;0;0;0;0;0;0;0;0;0;0;-3,740748000000000;-38,484370000000000
264442;24;7;2015;17:24;0;RUA RAUL CABRAL;;;0;;Atropelamento;Anoitecer;;;Meio de Quadra;;;0;1;1;0;0;0;0;0;0;1;0;0;-3,767402000000000;-38,546857000000000
264444;24;7;2015;17:44;21376;AV JOVITA FEITOSA;RUA PRO NOGUEIRA;;0;;Queda;Anoitecer;;;Cruz;Pare;Comercial;0;1;0;0;0;0;0;0;0;1;0;0;-3,738280000000000;-38,548839000000000
264445;24;7;2015;18:32;0;RUA OSCAR ARARIPE;;;0;;Colis?úo;;;;Meio de Quadra;;;0;1;0;0;0;0;0;0;0;0;0;0;-3,784284000000000;-38,621496000000000
264451;24;7;2015;18:50;0;AV MR HULL;;;0;;Colis?úo;;;;Meio de Quadra;;;0;1;1;1;0;0;0;0;0;1;0;0;-3,740125000000000;-38,594716000000000
264448;24;7;2015;18:41;0;RUA VITORIA;;;0;;Colis?úo;;;;Meio de Quadra;;;0;1;0;1;0;0;1;0;0;0;0;0;;
264389;24;7;2015;06:39;0;AV WASHINGTON SOARES;;;0;;Colis?úo;Luz do Dia;;;Meio de Quadra;;;0;1;1;1;0;0;0;0;0;1;0;0;;
264391;24;7;2015;06:41;19331;RUA PRO GOMES BRASIL;AV GAL OSORIO DE PAIVA;;0;;Atropelamento;Luz do Dia;;;Cruz;Sem?íforo;Comercial;0;1;1;0;0;0;0;0;0;1;0;0;-3,775618000000000;-38,566451000000000
264392;24;7;2015;07:09;0;AV H CJ CEARA;;;0;;Colis?úo;Luz do Dia;;;Meio de Quadra;;;0;1;1;1;0;0;0;0;0;1;0;0;;
264393;24;7;2015;07:27;0;AV VICENTE DE CASTRO;;;0;;Queda;Luz do Dia;;;Meio de Quadra;;;0;1;0;0;0;0;0;0;0;1;0;0;;
264358;24;7;2015;18:50;26236;AV DR SILAS MUNGUBA;RUA BERNARDO MANUEL;;0;;Colis?úo;;;;;;;0;0;1;1;0;0;0;0;0;0;0;0;-3,787538000000000;-38,547960000000000
264359;25;7;2015;14:41;7529;RUA PEDRO DANTAS;RUA CHICO MOTA;;0;;Colis?úo;Luz do Dia;;;Cruz;Pare;Residencial;0;2;0;1;0;0;0;0;0;1;0;0;-3,785914000000000;-38,521908000000000
264360;25;7;2015;18:05;4319;AV JOSE SABOIA;AV VICENTE DE CASTRO;;0;;Choque c/ Obst?ículo Fixo;Anoitecer;;;Cruz;N?úo H?í Controle;Comercial;0;1;0;1;0;0;0;0;0;0;0;0;-3,713785000000000;-38,473200000000000
264361;25;7;2015;22:40;0;AV DIOGUINHO;;;5800;;Colis?úo;;;;Meio de Quadra;;;0;1;0;1;0;0;0;0;0;1;0;0;-3,764529000000000;-38,441748000000000
264362;25;7;2015;23:25;0;AV DIOGUINHO;;;140;;Colis?úo;;;;Meio de Quadra;;;0;2;0;1;0;0;0;0;0;1;0;0;-3,719616000000000;-38,465071000000000
264564;25;7;2015;03:50;12521;AV AUGUSTO DOS ANJOS;RUA JULIO BRAGA;;0;;Queda;;;;Duplo T;N?úo H?í Controle;Comercial;0;1;0;0;0;0;0;0;0;1;0;0;-3,776779000000000;-38,576193000000000
264561;25;7;2015;00:10;0;AV CASTELO DE CASTRO;;;0;;Colis?úo;;;;;;;0;1;1;1;0;0;0;0;0;1;0;0;;
269904;25;7;2015;02:05;0;RUA POMPILIO GOMES;;;261;;Colis?úo;;;;Meio de Quadra;;;0;0;2;0;0;0;0;0;0;0;0;0;;
269910;25;7;2015;02:09;5371;RUA VINTE E QUATRO DE MAIO;RUA GAL CLARINDO DE QUEIROZ;;0;;Colis?úo;;;;Cruz;Pare;Comercial;0;0;2;0;0;0;0;0;0;0;0;0;-3,731621000000000;-38,533532000000000
269918;25;7;2015;02:11;0;RUA H ESPL CASTELAO;;;3375;;Choque c/ Obst?ículo Fixo;;;;Meio de Quadra;;;0;0;1;0;0;0;0;0;0;0;0;0;;
269924;25;7;2015;09:37;0;RUA VITAL BRASIL;;;2298;;Colis?úo;Luz do Dia;;;Meio de Quadra;;;0;0;2;0;0;0;0;0;0;0;0;0;;
269928;25;7;2015;11:51;1378;RUA DES LEITE ALBUQUERQUE;RUA OSVALDO CRUZ (ALDEOTA);;0;;Colis?úo;Luz do Dia;;;Cruz;Pare;Comercial;0;0;2;0;0;0;0;0;0;0;0;0;-3,736598000000000;-38,500640000000000
269929;25;7;2015;13:03;0;RUA BAR AQUIRAZ;;;0;;Colis?úo;Luz do Dia;;;Meio de Quadra;;;0;0;2;0;0;0;0;0;0;0;0;0;;
269971;25;7;2015;19:37;0;RUA TEN ROMA;;;522;;Colis?úo;;;;Meio de Quadra;;;0;0;2;0;0;0;0;0;0;0;0;0;-3,767523000000000;-38,513381000000000
269972;25;7;2015;20:20;3785;RUA WALDERY UCHOA;RUA ADOLFO HERBSTER;;0;;Colis?úo;;;;Cruz;Pare;Residencial;0;0;2;0;0;0;0;0;0;0;0;0;-3,745159000000000;-38,539914000000000
269975;25;7;2015;21:55;0;LOGRADOURO SEM NOME;;;1580;;Colis?úo;;;;Meio de Quadra;;;0;0;2;0;0;0;0;0;0;0;0;0;;
269977;25;7;2015;23:57;0;AV DR SILAS MUNGUBA;;;4410;;Colis?úo;;;;Meio de Quadra;;;0;0;2;0;0;0;0;0;0;0;0;0;-3,792948000000000;-38,535173000000000
269932;25;7;2015;13:07;0;RUA 339 CJ CEARA;;;77;;Colis?úo;Luz do Dia;;;Meio de Quadra;;;0;0;2;0;0;0;0;0;0;0;0;0;-3,774100000000000;-38,611507000000000
269934;25;7;2015;14:00;0;AV ZEZE DIOGO;;;0;;Colis?úo;Luz do Dia;;;Meio de Quadra;;;0;0;2;0;0;0;0;0;0;0;0;0;;
269939;25;7;2015;14:32;3788;RUA PDE FRANCISCO PINTO;RUA WALDERY UCHOA;;0;;Colis?úo;Luz do Dia;;;Cruz;Pare;Residencial;0;0;2;0;0;0;0;0;0;0;0;0;-3,744299000000000;-38,539138000000000
269950;25;7;2015;15:25;17054;RUA ANA BRITO;RUA PAULO MENDONCA;;0;;Colis?úo;Luz do Dia;;;;;;0;0;2;0;0;0;0;0;0;0;0;0;-3,830927000000000;-38,584709000000000
269953;25;7;2015;15:25;16057;AV PRS COSTA E SILVA;AV GODOFREDO MACIEL;;0;;Colis?úo;Luz do Dia;;;;;;0;0;2;0;0;0;0;0;0;0;0;0;-3,811743000000000;-38,574739000000000
269956;25;7;2015;16:56;15584;RUA ALVES RIBEIRO;RUA LOPES TROVAO;;0;;Colis?úo;Luz do Dia;;;;;;0;0;2;0;0;0;0;0;0;0;0;0;-3,822740000000000;-38,501838000000000
269961;25;7;2015;18:35;0;RUA CON DE CASTRO;;;3517;;Choque c/ Obst?ículo Fixo;;;;Meio de Quadra;;;0;0;1;0;0;0;0;0;0;0;0;0;-3,798346000000000;-38,585786000000000
269963;25;7;2015;18:40;0;AV BENJAMIM BRASIL;;;0;;Colis?úo;;;;Meio de Quadra;;;0;0;2;0;0;0;0;0;0;0;0;0;;
269967;25;7;2015;19:24;26122;AV MAJ ASSIS;AV J CJ POLAR;;0;;Colis?úo;;;;T;Pare;Residencial;0;0;2;0;0;0;0;0;0;0;0;0;-3,720828000000000;-38,599604000000000
269968;25;7;2015;19:25;14781;RUA AMERICO ROCHA LIMA;RUA JOAO AREAS;;0;;Colis?úo;;;;;;;0;0;2;0;0;0;0;0;0;0;0;0;-3,799187000000000;-38,576245000000000
263178;25;7;2015;15:34;0;RUA PDE PEDRO DE ALENCAR;;;587;;Colis?úo;Luz do Dia;;;Meio de Quadra;;;0;0;2;1;0;0;1;0;0;0;0;0;-3,833088000000000;-38,494044000000000
263179;25;7;2015;14:33;15104;AV HIS RAIMUNDO GIRAO;RUA ILDEFONSO ALBANO;;0;;Colis?úo;Luz do Dia;;;Cruz;Sem?íforo;Residencial;0;0;2;1;1;0;0;0;0;0;0;0;-3,721603000000000;-38,509542000000000
263181;25;7;2015;18:08;0;RUA VITAL BRASIL;;;0;;Colis?úo;Anoitecer;;;Meio de Quadra;;;0;0;2;1;0;0;0;0;0;1;0;0;;
255093;25;7;2015;09:10;0;AV PRS COSTA E SILVA;;;1960;;Colis?úo Transversal;;Bom;;Meio de Quadra;;;0;0;2;1;0;0;0;0;0;0;0;0;-3,818335000000000;-38,564147000000000
255091;25;7;2015;09:45;24331;AV LUCIANO CARNEIRO;RUA ARMANDO MONTEIRO;;0;;Colis?úo Lateral;Luz do Dia;Bom;Seca;Cruz;Pare;Residencial;0;2;1;1;0;0;0;0;0;1;0;0;-3,763454000000000;-38,536219000000000
259546;25;7;2015;04:00;0;AV SEN CARLOS JEREISSATI (AEROPORTO);;;0;KM 03;Colis?úo;Via Iluminada;Bom;Seca;Meio de Quadra;;Comercial;0;1;1;0;0;0;1;0;0;0;0;0;-3,780382000000000;-38,541414000000000
259547;25;7;2015;16:25;0;RD CE-060;;;0;KM-01;Colis?úo;Luz do Dia;;Seca;Meio de Quadra;;Comercial;0;2;1;1;1;0;0;0;0;1;0;0;-3,819537000000000;-38,576995000000000
259550;25;7;2015;17:00;0;RD CE-040;;;0;KM-04;Colis?úo;Anoitecer;Bom;Seca;Meio de Quadra;;Comercial;0;0;2;1;0;0;0;0;0;0;0;0;-3,792050000000000;-38,480251000000000
259551;25;7;2015;19:15;0;RD CE-040;;;0;KM-12;Colis?úo;;Bom;Seca;Meio de Quadra;N?úo H?í Controle;Comercial;0;0;2;1;1;0;0;0;0;0;0;0;-3,848945000000000;-38,476237000000000
255098;25;7;2015;16:40;0;AV JOSE BASTOS;;;2428;;Colis?úo Lateral;Via Iluminada;Bom;Seca;Meio de Quadra;Outros;Comercial;0;1;1;0;0;0;0;0;0;1;0;0;-3,742866000000000;-38,543361000000000
255126;25;7;2015;10:00;1257;RUA COSTA BARROS;RUA SILVA PAULET;;0;;Colis?úo Transversal;Luz do Dia;Bom;Seca;Cruz;Pare;Comercial;0;0;2;1;0;0;0;0;0;0;0;0;-3,732565000000000;-38,504799000000000
255127;25;7;2015;06:10;19174;RUA PRO OTAVIO LOBO;RUA PEREIRA DE MIRANDA;;0;;Colis?úo Transversal;Luz do Dia;Bom;Seca;Cruz;Pare;Residencial;0;0;2;1;1;0;0;0;0;0;0;0;-3,741389000000000;-38,476904000000000
255124;25;7;2015;12:30;5392;RUA PINTO MADEIRA;RUA NOGUEIRA ACIOLI;;0;;Colis?úo Lateral;Luz do Dia;Bom;Seca;Cruz;Pare;Misto;0;0;2;1;0;0;0;0;0;0;0;0;-3,732292000000000;-38,517559000000000
255120;25;7;2015;22:00;0;AV DR SILAS MUNGUBA;;;5007;;Colis?úo Traseira;Via Iluminada;Nublado;Seca;Meio de Quadra;Outros;Comercial;0;1;3;1;0;0;0;0;0;1;0;0;-3,797153000000000;-38,531613000000000
255109;25;7;2015;00:05;9287;AV DOS EXPEDICIONARIOS;AV BORGES DE MELO;;0;;Colis?úo Transversal;Via Iluminada;Bom;Seca;Cruz;Sem?íforo;Comercial;0;0;2;1;0;0;0;0;0;0;0;0;-3,753391000000000;-38,537674000000000
255110;25;7;2015;12:20;11191;AV DR SILAS MUNGUBA;RUA JOSE MENELEU D41;;0;;Colis?úo Transversal;Luz do Dia;Bom;Seca;T;Sem?íforo;Comercial;0;1;1;0;1;0;0;0;0;1;0;0;-3,780972000000000;-38,558016000000000
255101;25;7;2015;10:20;13396;RUA JOAO BRIGIDO;RUA BAR ARACATI;;0;;Colis?úo Transversal;Luz do Dia;Bom;Seca;Cruz;Pare;Residencial;0;1;1;1;0;0;0;0;0;0;0;0;-3,740939000000000;-38,514697000000000
255104;25;7;2015;19:30;12457;AV SEN FERNANDES TAVORA;AV AUGUSTO DOS ANJOS;;0;;Colis?úo Traseira;Via Iluminada;Bom;Seca;Cruz;Sem?íforo;Misto;0;0;2;1;1;0;0;0;0;0;0;0;-3,770153000000000;-38,570427000000000
255117;25;7;2015;00:20;5413;RUA GAL SAMPAIO;RUA METON DE ALENCAR;;0;;Colis?úo Lateral;Via Iluminada;Bom;Seca;Cruz;Sem?íforo;Comercial;0;1;1;1;0;0;0;0;0;0;0;0;-3,733033000000000;-38,532600000000000
255114;25;7;2015;12:45;0;AV ALBERTO CRAVEIRO;;;0;;Engavetamento;Luz do Dia;Bom;Seca;Meio de Quadra;N?úo H?í Controle;Comercial;0;0;3;1;0;0;0;0;0;0;0;0;;
255106;25;7;2015;18:00;22849;RUA CON LIMA SUCUPIRA;RUA DR JUSTA ARAUJO D45;;0;;Colis?úo Lateral Sentido Oposto;Via Iluminada;Bom;Seca;Cruz;Pare;Residencial;0;0;2;1;0;0;0;0;0;0;0;0;-3,778167000000000;-38,550832000000000
255129;25;7;2015;17:15;0;RUA SATIRO DIAS;;;92;;Colis?úo Lateral;;Bom;Seca;Meio de Quadra;;Residencial;0;1;1;1;0;0;0;0;0;1;0;0;-3,763668000000000;-38,545652000000000
255130;25;7;2015;10:00;0;AV SANTOS DUMONT;;;0;;Colis?úo Traseira;Luz do Dia;Bom;Seca;Meio de Quadra;N?úo H?í Controle;Lazer;0;0;2;1;0;0;0;0;0;0;0;0;;
255131;25;7;2015;18:20;0;AV SANTOS DUMONT;;;6140;;Colis?úo;Via Iluminada;Bom;Seca;Meio de Quadra;N?úo H?í Controle;Comercial;0;0;2;1;0;0;0;0;0;0;0;0;-3,743212000000000;-38,476696000000000
255132;25;7;2015;09:50;25009;RUA TULIPA;RUA RAIMUNDO FROTA;;0;;Colis?úo Frontal;Luz do Dia;Bom;Seca;;;;0;1;1;1;0;0;0;0;0;1;0;0;-3,715652000000000;-38,579975000000000