COD_ACIDENTE;DIA;MES;ANO;HORA;INTERSECAO;LOG1;LOG2;LOG3;NUMERO;REFERENCIA;NATUREZA;ILUMINACAO;TEMPO;SUPERFICIEPISTA;TIPOCRUZAMENTO;CONTROLETRAFEGO;USOSOLO;MORTOS;FERIDOS;ILESOS;AUTOMOVEL;ONIBUS;BICICLETA;CAMINHAO;MICROONIBUS;CICLOMOTOR;MOTOCICLETA;TRACAOANIMAL;TREM;LATITUDE;LONGITUDE
255133;25;7;2015;12:40;9040;RUA JAIME BENEVOLO;RUA PDE MIGUELINHO;;0;;Choque c/ Obst?ículo Fixo;Luz do Dia;Bom;Seca;Cruz;;Comercial;0;0;1;0;0;0;1;0;0;0;0;0;-3,744086000000000;-38,529347000000000
264569;25;7;2015;06:39;0;AV JOSE LEON;;;0;;Colis?úo;Luz do Dia;;;Meio de Quadra;;;0;1;1;1;0;0;0;0;0;1;0;0;;
264578;25;7;2015;14:17;0;AV DEP PAULINO ROCHA;;;0;;Colis?úo;Luz do Dia;;;Meio de Quadra;;;0;1;1;1;0;0;0;0;0;1;0;0;-3,801657000000000;-38,507467000000000
264575;25;7;2015;12:28;0;RUA AQUIRAZ;;;0;;Colis?úo;Luz do Dia;;;Meio de Quadra;;;0;1;1;1;0;0;0;0;0;1;0;0;;
264571;25;7;2015;09:00;17359;AV PRO GOMES DE MATOS;RUA IRM BAZET;;0;;Colis?úo;Luz do Dia;;;Cruz;Pare;Residencial;0;1;1;1;0;0;0;0;0;1;0;0;-3,766045000000000;-38,549810000000000
264650;25;7;2015;23:22;24941;AV CEL CARVALHO;RUA RAIMUNDO GOMES;;0;;Choque c/ Obst?ículo Fixo;;;;Cruz;N?úo H?í Controle;Residencial;0;1;1;1;0;0;0;0;0;1;0;0;-3,714758000000000;-38,588617000000000
264651;25;7;2015;23:44;0;AV BEIRA MAR;;;0;;Atropelamento;;;;Meio de Quadra;;;0;1;1;0;0;0;0;0;0;1;0;0;-3,722124000000000;-38,480388000000000
264648;25;7;2015;22:22;0;AV DIOGUINHO;;;0;;Colis?úo;;;;Meio de Quadra;;;0;1;1;1;0;0;0;0;0;1;0;0;-3,764402000000000;-38,441812000000000
264644;25;7;2015;20:49;0;RUA LOURDES VIDAL ALVES;;;804;;Colis?úo;;;;Meio de Quadra;;;0;1;0;0;0;0;0;0;0;1;0;0;;
264645;25;7;2015;22:01;0;RUA CARLOS CHAGAS;;;0;;Atropelamento;;;;Meio de Quadra;;;0;1;1;1;0;0;0;0;0;0;0;0;;
264608;25;7;2015;19:22;0;AV SEN FERNANDES TAVORA;;;0;;Queda;;;;Meio de Quadra;;;0;1;0;0;0;0;0;0;0;1;0;0;;
264591;25;7;2015;16:31;0;AV SGT HERMINIO SAMPAIO;;;0;;Colis?úo;Luz do Dia;;;Meio de Quadra;;;0;1;1;1;0;0;0;0;0;1;0;0;-3,729797000000000;-38,574854000000000
264592;25;7;2015;17:48;0;RUA RAIMUNDO NERY;;;0;;Queda;Anoitecer;;;Meio de Quadra;;;0;1;0;0;0;0;0;0;0;1;0;0;;
264589;25;7;2015;16:27;0;RUA PRIMEIRO DE JANEIRO;AV GODOFREDO MACIEL;;0;;Atropelamento;Luz do Dia;;;;;;0;1;1;1;0;0;0;0;0;0;0;0;-3,785063000000000;-38,565293000000000
264581;25;7;2015;14:34;0;AV MAE LISBOA;;;0;;Colis?úo;Luz do Dia;;;Meio de Quadra;;;0;1;1;1;0;0;0;0;0;1;0;0;;
264582;25;7;2015;15:58;0;AV GAL OSORIO DE PAIVA;;;0;;Colis?úo;Luz do Dia;;;Meio de Quadra;;;0;1;0;0;0;0;0;0;0;0;0;0;-3,809632000000000;-38,606787000000000
264653;26;7;2015;03:03;0;AV PERIMETRAL;;;0;;Queda;;;;Meio de Quadra;;;0;1;0;0;0;0;0;0;0;1;0;0;;
264654;26;7;2015;03:32;0;AV PERIMETRAL;;;0;;Queda;;;;Meio de Quadra;;;0;1;0;0;0;0;0;0;0;1;0;0;;
264661;26;7;2015;03:41;4875;RUA CON DE CASTRO;RUA JARDIM FLUMINENSE;;0;;Colis?úo;;;;T;Sem?íforo;Residencial;0;1;1;1;0;0;0;0;0;1;0;0;-3,812831000000000;-38,597948000000000
264667;26;7;2015;11:17;0;AV IMPERADOR;;;0;;Queda;Luz do Dia;;;Meio de Quadra;;;0;1;0;0;0;0;0;0;0;1;0;0;;
264663;26;7;2015;04:34;0;AV CONTORNO SUL;;;0;;Colis?úo;;;;Meio de Quadra;;;0;1;1;1;0;0;0;0;0;1;0;0;-3,835878000000000;-38,517710000000000
264664;26;7;2015;05:36;0;RUA PANAMA;;;0;;Choque c/ Obst?ículo Fixo;Amanhecer;;;Meio de Quadra;;;0;1;0;1;0;0;0;0;0;0;0;0;;
264672;26;7;2015;15:41;0;AV PRAIA DE SABIAGUABA;;;0;;Colis?úo;Luz do Dia;;;Meio de Quadra;;;0;1;1;1;0;0;0;0;0;1;0;0;;
264678;26;7;2015;17:02;0;RUA JULIO SILVA;;;0;;Colis?úo;Anoitecer;;;Meio de Quadra;;;0;1;0;0;0;0;0;0;0;0;0;0;;
264679;26;7;2015;19:01;18108;AV SANTOS DUMONT;AV DIOGUINHO;;0;;Queda;;;;Cruz;Sem?íforo;Comercial;0;1;0;0;0;0;0;0;0;1;0;0;-3,747029000000000;-38,450425000000000
264680;26;7;2015;19:30;0;AV GODOFREDO MACIEL;;;0;;Atropelamento;;;;Meio de Quadra;;;0;1;1;0;0;0;0;0;0;1;0;0;;
264681;26;7;2015;22:11;5709;AV OLIVEIRA PAIVA;AV DES GONZAGA;;0;;Colis?úo;;;;Cruz;Sem?íforo;Lazer;0;1;1;1;0;0;0;0;0;1;0;0;-3,797165000000000;-38,499953000000000
264684;26;7;2015;22:22;0;AV PRS JUSCELINO KUBITSCHEK (PASSAR?ë);;;0;;Colis?úo;;;;Meio de Quadra;;;0;1;1;1;0;0;0;0;0;1;0;0;-3,825598000000000;-38,539451000000000
264675;26;7;2015;16:30;0;AV CONTORNO NORTE D71;;;1536;;Colis?úo;Luz do Dia;;;Meio de Quadra;;;0;1;1;1;0;0;0;0;0;1;0;0;-3,811531000000000;-38,589692000000000
264676;26;7;2015;16:51;0;RUA MANOEL DE CASTRO (SIQUEIRA);;;0;;Colis?úo;Luz do Dia;;;Meio de Quadra;;;0;1;1;1;0;0;0;0;0;1;0;0;;
264688;26;7;2015;23:36;0;AV MR HULL;;;0;;Atropelamento;;;;Meio de Quadra;;;0;1;1;1;0;0;0;0;0;0;0;0;-3,737504000000000;-38,575886000000000
255118;26;7;2015;01:40;11339;AV GODOFREDO MACIEL;AV BENJAMIM BRASIL;;0;;Colis?úo Transversal;Via Iluminada;Bom;Seca;Cruz;Sem?íforo;Comercial;0;1;1;1;0;0;0;0;0;0;0;0;-3,803264000000000;-38,572040000000000
255111;26;7;2015;07:00;1496;RUA ILDEFONSO ALBANO;RUA PDE VALDEVINO;;0;;Colis?úo Lateral;Luz do Dia;Bom;Seca;Cruz;Sem?íforo;Comercial;0;1;1;0;0;0;0;0;0;0;0;0;-3,739573000000000;-38,515423000000000
255154;26;7;2015;19:00;0;AV PRS COSTA E SILVA;;;0;;Colis?úo Lateral;Via Iluminada;Bom;Seca;Meio de Quadra;N?úo H?í Controle;Comercial;0;1;1;0;1;1;0;0;0;0;0;0;;
255173;26;7;2015;23:15;0;RUA ARTUR DE CARVALHO;;;1250;;Colis?úo Lateral;Via Iluminada;Bom;Seca;Meio de Quadra;N?úo H?í Controle;Residencial;0;1;1;0;1;0;0;0;0;1;0;0;;
255175;26;7;2015;05:30;0;RUA JOSE ACIOLY;;;0;;Choque c/ Obst?ículo Fixo;Luz do Dia;Bom;Seca;Meio de Quadra;Pare;Residencial;0;1;1;1;0;0;0;0;0;0;0;0;;
255176;26;7;2015;11:00;0;AV ALM BARROSO;;;0;;Colis?úo Transversal;Luz do Dia;Bom;Seca;Meio de Quadra;Pare;Residencial;0;0;2;1;0;0;0;0;0;0;0;0;;
255165;26;7;2015;12:40;0;AV SANTOS DUMONT;;;8674;;Colis?úo Traseira;Luz do Dia;Bom;Seca;Meio de Quadra;;Outros;0;0;2;0;0;0;0;0;0;0;0;0;-3,747060000000000;-38,450500000000000
255158;26;7;2015;21:50;19271;AV GAL OSORIO DE PAIVA;RUA CAIO PRADO;;0;;Colis?úo Lateral;Via Iluminada;Bom;Seca;Cruz;Pare;Comercial;0;0;2;1;0;0;0;0;0;0;0;0;-3,773190000000000;-38,563447000000000
255161;26;7;2015;17:10;25423;AV SANTOS DUMONT;AV ZUCA ACIOLY;;0;;Colis?úo Traseira;Luz do Dia;Bom;Seca;Cruz;N?úo H?í Controle;Residencial;0;0;2;1;0;0;0;0;0;0;0;0;-3,746816000000000;-38,465623000000000
255186;26;7;2015;;99;RUA MARTINS NETO;RUA TOMAS RODRIGUES;;0;;Colis?úo Transversal;Via Iluminada;Bom;Seca;Cruz;Outros;Residencial;0;1;1;1;0;0;0;0;0;1;0;0;-3,741063000000000;-38,593771000000000
255191;26;7;2015;14:40;2955;RUA MARIA JULIA;RUA SAO FRANCISCO D21;;0;;Colis?úo Transversal;Luz do Dia;Bom;Seca;Cruz;Pare;Comercial;0;2;1;1;0;0;0;0;0;1;0;0;-3,798608000000000;-38,601633000000000
255178;26;7;2015;14:00;15205;AV ABOLICAO;RUA OSVALDO CRUZ (ALDEOTA);;0;;Colis?úo Transversal;Luz do Dia;Bom;Seca;Cruz;Sem?íforo;Residencial;0;0;2;1;0;0;0;0;0;0;0;0;-3,726690000000000;-38,497445000000000
255182;26;7;2015;19:00;0;RUA CRISANTO M DA ROCHA;;;777;;Colis?úo Lateral;;Bom;Seca;Meio de Quadra;Outros;Comercial;0;0;3;1;0;0;0;0;0;1;0;0;-3,795513000000000;-38,479750000000000
255199;26;7;2015;18:15;0;AV JOAO PESSOA;;;4538;;Colis?úo Traseira;Anoitecer;Bom;Seca;Meio de Quadra;Sem?íforo;Comercial;0;1;3;1;0;0;0;0;0;0;0;0;-3,752613000000000;-38,549636000000000
255195;26;7;2015;12:00;22082;RUA CAP FRANCISCO PEDRO;RUA ALEXANDRE BARAUNA;;0;;Colis?úo Transversal;Luz do Dia;Bom;Seca;Cruz;Pare;Comercial;0;0;2;1;0;0;0;0;0;0;0;0;-3,749020000000000;-38,550539000000000
255214;26;7;2015;21:10;0;AV 13 DE MAIO;;;1746;;Colis?úo;Via Iluminada;Bom;Seca;Meio de Quadra;N?úo H?í Controle;Comercial;0;0;2;1;0;0;0;0;0;0;0;0;-3,745871000000000;-38,533366000000000
259552;26;7;2015;10:40;0;RD CE-025;;;0;KM-05;Colis?úo;Luz do Dia;Bom;Seca;Meio de Quadra;N?úo H?í Controle;Comercial;0;0;2;0;1;0;0;0;0;0;0;0;-3,810070000000000;-38,433120000000000
259555;26;7;2015;16:30;0;RD CE-040;;;0;KM-01;Colis?úo;Luz do Dia;Bom;Seca;Meio de Quadra;N?úo H?í Controle;Comercial;0;1;1;0;0;0;0;0;0;1;0;0;-3,754877000000000;-38,483270000000000
264447;26;7;2015;22:42;0;AV PRS JUSCELINO KUBITSCHEK (PASSAR?ë);;;5551;;Atropelamento;;;;Meio de Quadra;;;0;1;0;1;0;0;0;0;0;0;0;0;-3,825598000000000;-38,539451000000000
270150;26;7;2015;02:01;0;RUA TABAJARAS;;;0;;Atropelamento;;;;Meio de Quadra;;;0;0;2;0;0;0;0;0;0;0;0;0;;
270151;26;7;2015;03:46;0;AV PRS COSTA E SILVA;;;0;;Colis?úo;;;;Meio de Quadra;;;0;0;2;0;0;0;0;0;0;0;0;0;;
270152;26;7;2015;08:05;0;RUA PRO GOMES BRASIL;;;0;;Colis?úo;Luz do Dia;;;Meio de Quadra;;;0;0;2;0;0;0;0;0;0;0;0;0;;
270153;26;7;2015;11:24;0;LOGRADOURO SEM NOME;;;0;;Colis?úo;Luz do Dia;;;Meio de Quadra;;;0;0;2;0;0;0;0;0;0;0;0;0;;
270230;26;7;2015;22:45;0;AV PRS COSTA E SILVA;;;2015;;Colis?úo;;;;Meio de Quadra;;;0;0;2;0;0;0;0;0;0;0;0;0;-3,818620000000000;-38,563559000000000
270234;26;7;2015;23:27;6473;RUA 111 CJ CEARA;AV A CJ CEARA;;0;;Colis?úo;;;;;;;0;0;2;0;0;0;0;0;0;0;0;0;-3,773555000000000;-38,605484000000000
270227;26;7;2015;22:44;0;AV PRS COSTA E SILVA;;;896;;Colis?úo;;;;Meio de Quadra;;;0;0;2;0;0;0;0;0;0;0;0;0;-3,812958000000000;-38,571243000000000
270222;26;7;2015;20:56;3841;RUA PDE FRANCISCO PINTO;RUA JULIO CESAR D12;;0;;Colis?úo;;;;T;Pare;Residencial;0;0;2;0;0;0;0;0;0;0;0;0;-3,745041000000000;-38,538314000000000
270218;26;7;2015;19:08;0;RUA SGT JOAO PINHEIRO;;;0;;Colis?úo;;;;Meio de Quadra;;;0;0;2;0;0;0;0;0;0;0;0;0;;
270219;26;7;2015;20:37;15654;RUA VICENTE NOBRE MACEDO;RUA AFONSO HENRIQUE;;0;;Choque c/ Obst?ículo Fixo;;;;Cruz;Pare;Misto;0;0;1;0;0;0;0;0;0;0;0;0;-3,825453000000000;-38,484383000000000
270214;26;7;2015;18:39;2706;RUA CEL VIRGILIO NOGUEIRA (BOM JARDIM);RUA OSCAR FRANCA;;0;;Colis?úo;;;;Cruz;Pare;Residencial;0;0;2;0;0;0;0;0;0;0;0;0;-3,788936000000000;-38,608784000000000
270211;26;7;2015;17:40;6584;AV H CJ CEARA;AV J CJ CEARA;;0;;Colis?úo;Anoitecer;;;Cruz;Outros;Residencial;0;0;2;0;0;0;0;0;0;0;0;0;-3,777092000000000;-38,621543000000000
270148;26;7;2015;05:09;0;AV ODILON GUIMARAES;;;4419;;Colis?úo;Amanhecer;;;Meio de Quadra;;;0;0;2;0;0;0;0;0;0;0;0;0;-3,809724000000000;-38,462157000000000
270189;26;7;2015;17:38;0;AV CONTORNO OESTE D71;;;0;;Atropelamento;Anoitecer;;;Meio de Quadra;;;0;0;2;0;0;0;0;0;0;0;0;0;;
270178;26;7;2015;17:06;22392;RUA MANUEL DE CASTRO FEITOSA;RUA SABIAGUABA;;0;;Colis?úo;Anoitecer;;;;;;0;0;2;0;0;0;0;0;0;0;0;0;-3,780411000000000;-38,434700000000000
270174;26;7;2015;17:02;0;AV A CJ CEARA;;;1320;;Choque c/ Obst?ículo Fixo;Anoitecer;;;Meio de Quadra;;;0;0;1;0;0;0;0;0;0;0;0;0;-3,772949000000000;-38,605312000000000
270181;26;7;2015;17:13;0;RUA 101 CJ ESPERANCA;;;0;;Atropelamento;Anoitecer;;;Meio de Quadra;;;0;0;2;0;0;0;0;0;0;0;0;0;;
270155;26;7;2015;13:14;0;RUA RUA 1 (MONDUBIM);;;45;;Colis?úo;Luz do Dia;;;Meio de Quadra;;;0;0;2;0;0;0;0;0;0;0;0;0;;
270156;26;7;2015;14:27;0;RUA DR JOSE ROBERTO SALES;;;105;;Colis?úo;Luz do Dia;;;Meio de Quadra;;;0;0;2;0;0;0;0;0;0;0;0;0;;
270157;26;7;2015;15:53;0;AV GODOFREDO MACIEL;;;0;;Atropelamento;Luz do Dia;;;Meio de Quadra;;;0;0;2;0;0;0;0;0;0;0;0;0;;
270159;26;7;2015;16:59;0;RUA ALM RUBIM;;;0;;Choque c/ Obst?ículo Fixo;Luz do Dia;;;Meio de Quadra;;;0;0;1;0;0;0;0;0;0;0;0;0;;
270172;26;7;2015;17:01;0;LOGRADOURO SEM NOME;;;0;;Atropelamento;Anoitecer;;;Meio de Quadra;;;0;0;2;0;0;0;0;0;0;0;0;0;;
270265;27;7;2015;17:40;0;AV CASTANHOLEIRAS;;;400;;Atropelamento;Anoitecer;;;Meio de Quadra;;;0;0;2;0;0;0;0;0;0;0;0;0;-3,752982000000000;-38,468530000000000
270256;27;7;2015;15:46;0;AV CEL CARVALHO;;;3621;;Colis?úo;Luz do Dia;;;Meio de Quadra;;;0;0;2;0;0;0;0;0;0;0;0;0;;
270242;27;7;2015;14:12;0;AV SGT HERMINIO SAMPAIO;;;0;;Colis?úo;Luz do Dia;;;Meio de Quadra;;;0;0;2;0;0;0;0;0;0;0;0;0;;
270247;27;7;2015;14:53;0;AV RAD JOSE LIMA VERDE;;;1057;;Colis?úo;Luz do Dia;;;Meio de Quadra;;;0;0;2;0;0;0;0;0;0;0;0;0;-3,701794000000000;-38,589870000000000
270267;27;7;2015;18:45;0;AV FRANCISCO SA;;;5036;;Atropelamento;;;;Meio de Quadra;;;0;0;2;0;0;0;0;0;0;0;0;0;-3,713340000000000;-38,569272000000000
270272;27;7;2015;19:19;22105;RUA ANTONIO MARTINS;RUA CEL NUNES DE MELO;;0;;Colis?úo;;;;;;;0;0;2;0;0;0;0;0;0;0;0;0;;
270278;27;7;2015;19:30;23453;RUA PAULO FIRMEZA;RUA CAP MELO;;0;;Colis?úo;;;;Cruz;Pare;Residencial;0;0;2;0;0;0;0;0;0;0;0;0;-3,757131000000000;-38,512966000000000
270281;27;7;2015;23:37;22082;RUA CAP FRANCISCO PEDRO;RUA ALEXANDRE BARAUNA;;0;;Colis?úo;;;;Cruz;Pare;Comercial;0;0;2;0;0;0;0;0;0;0;0;0;-3,749020000000000;-38,550539000000000
270285;27;7;2015;22:23;0;AV SORIANO ALBUQUERQUE;;;189;;Colis?úo;;;;Meio de Quadra;;;0;0;2;0;0;0;0;0;0;0;0;0;;
270289;27;7;2015;23:36;1219;RUA JOAO CORDEIRO;RUA COSTA BARROS;;0;;Colis?úo;;;;Cruz;Sem?íforo;Misto;0;0;2;0;0;0;0;0;0;0;0;0;-3,729449000000000;-38,514331000000000
270292;27;7;2015;23:00;743;AV PASTEUR;AV PRS CASTELO BRANCO;;0;;Colis?úo;;;;Cruz;Sem?íforo;Comercial;0;0;2;0;0;0;0;0;0;0;0;0;-3,711181000000000;-38,558856000000000
264516;27;7;2015;08:50;0;AV SEN CARLOS JEREISSATI (AEROPORTO);;;0;KM 03;Colis?úo;Luz do Dia;;;Meio de Quadra;;;0;1;0;0;1;0;0;0;0;1;0;0;-3,780382000000000;-38,541414000000000
264353;27;7;2015;;20557;RUA JOAQUIM MACHADO;RUA CEL ANTONIO SAMPAIO;;0;;;;;;;;;0;2;0;0;1;0;0;0;0;1;0;0;-3,860850000000000;-38,494831000000000
263183;27;7;2015;10:01;0;RUA CON DE CASTRO;;;956;;Colis?úo;Luz do Dia;;;Meio de Quadra;;;0;0;2;1;0;0;0;0;0;0;0;0;-3,781544000000000;-38,570245000000000
259556;27;7;2015;15:00;0;RD CE-040;;;0;KM-06;Colis?úo;Luz do Dia;Bom;Seca;Meio de Quadra;N?úo H?í Controle;Comercial;0;0;2;1;0;0;1;0;0;0;0;0;-3,811270000000000;-38,478781000000000
259557;27;7;2015;18:00;0;RD CE-025;;;0;KM-03;Colis?úo;Anoitecer;Bom;Seca;Meio de Quadra;;Comercial;0;1;1;1;0;0;0;0;0;1;0;0;-3,805236000000000;-38,446791000000000
255160;27;7;2015;16:40;15216;AV ABOLICAO;RUA VIS MAUA;;0;;Engavetamento;Luz do Dia;Bom;Seca;Cruz;Outros;Comercial;0;1;3;1;0;0;0;0;0;0;0;0;-3,727006000000000;-38,496477000000000
255166;27;7;2015;20:40;15282;RUA CANUTO DE AGUIAR;RUA TIBURCIO CAVALCANTE;;0;;Colis?úo Transversal;Via Iluminada;Bom;Seca;Cruz;Pare;Residencial;0;1;1;1;0;0;0;0;0;1;0;0;-3,729044000000000;-38,500359000000000
255167;27;7;2015;08:45;22940;RUA BERNARDO MANUEL;RUA JAPI;;0;;Colis?úo Transversal;Luz do Dia;Bom;Seca;Cruz;Pare;Comercial;0;1;1;1;0;0;0;0;0;1;0;0;-3,784073000000000;-38,546927000000000
255168;27;7;2015;12:30;12954;AV PRS COSTA E SILVA;AV DOS EXPEDICIONARIOS;;0;;Colis?úo Lateral;;Nublado;Seca;;Gesto;Residencial;0;0;2;1;1;0;0;0;0;0;0;0;-3,821079000000000;-38,558276000000000
255174;27;7;2015;13:55;12445;AV SEN FERNANDES TAVORA;TR HELENA DE MARIA;;0;;;Luz do Dia;Bom;Seca;Cruz;N?úo H?í Controle;Comercial;0;1;1;1;0;0;0;0;0;1;0;0;-3,766094000000000;-38,574916000000000
255170;27;7;2015;13:30;3376;AV ENG HUMBERTO MONTE;RUA CEL NUNES DE MELO;;0;;Colis?úo Transversal;Luz do Dia;Bom;Seca;Cruz;Gesto;Residencial;0;1;1;1;0;0;0;0;0;1;0;0;-3,753384000000000;-38,556940000000000
255163;27;7;2015;15:30;0;AV SEN VIRGILIO TAVORA;;;1800;;Engavetamento;Luz do Dia;Bom;Seca;Meio de Quadra;N?úo H?í Controle;Comercial;0;0;3;1;0;0;0;0;0;0;0;0;-3,742172000000000;-38,494881000000000
255155;27;7;2015;16:20;0;RUA GASPAR DUTRA;;;1710;;Colis?úo Frontal;Luz do Dia;Bom;Seca;Meio de Quadra;N?úo H?í Controle;Comercial;0;1;1;0;1;0;0;0;0;1;0;0;-3,837619000000000;-38,569737000000000
255157;27;7;2015;10:20;19331;AV GAL OSORIO DE PAIVA;RUA PRO GOMES BRASIL;;0;;Colis?úo Transversal;Luz do Dia;Nublado;Seca;Cruz;Sem?íforo;Lazer;0;1;1;1;0;0;0;0;0;1;0;0;-3,775618000000000;-38,566451000000000
255150;27;7;2015;15:30;17287;AV PRO GOMES DE MATOS;RUA VASCO DA GAMA;;0;;Engavetamento;Luz do Dia;Bom;Seca;Cruz;Pare;Comercial;0;0;3;1;0;0;0;0;0;0;0;0;-3,763166000000000;-38,547335000000000
255151;27;7;2015;13:40;14588;RUA JOAO REGINO;AV EDILSON B SOARES;;0;;Colis?úo Lateral;Luz do Dia;Bom;Seca;Cruz;Pare;Misto;0;0;2;1;0;0;0;0;0;0;0;0;-3,789663000000000;-38,483001000000000
255152;27;7;2015;07:45;0;RUA JOSE IVO;;;0;;Colis?úo Transversal;Luz do Dia;Bom;Seca;Meio de Quadra;Pare;Comercial;0;1;1;0;0;0;0;0;0;1;0;0;;
255153;27;7;2015;;20001;RUA DES OTACILIO PEIXOTO;RUA ITAREMA;;0;;Colis?úo Transversal;Via Iluminada;Bom;Seca;Cruz;Pare;Misto;0;1;1;1;0;0;0;0;0;1;0;0;-3,800241000000000;-38,534723000000000
255134;27;7;2015;09:50;5123;RUA CASTRO E SILVA;RUA MAJ FACUNDO;;0;;Colis?úo Transversal;Luz do Dia;Bom;Seca;Cruz;Sem?íforo;Comercial;0;0;2;1;0;0;0;0;0;0;0;0;-3,724082000000000;-38,526703000000000
255135;27;7;2015;01:35;0;AV SANTOS DUMONT;;;0;;Colis?úo Traseira;Via Iluminada;Nublado;Seca;Meio de Quadra;N?úo H?í Controle;Residencial;0;1;1;1;0;0;0;0;0;1;0;0;-3,742821000000000;-38,477907000000000
255136;27;7;2015;02:43;0;AV SANTOS DUMONT;;;0;;Choque c/ Obst?ículo Fixo;Via Iluminada;Nublado;Molhada;Meio de Quadra;N?úo H?í Controle;Comercial;0;1;0;1;0;0;0;0;0;0;0;0;-3,742784000000000;-38,478024000000000
255137;27;7;2015;07:30;0;AV GAL OSORIO DE PAIVA;;;4841;;Colis?úo Traseira;Luz do Dia;Bom;Seca;Meio de Quadra;N?úo H?í Controle;Escola;0;0;2;0;1;0;0;0;0;0;0;0;-3,801211000000000;-38,598660000000000
255138;27;7;2015;18:00;5460;AV HERACLITO GRACA;RUA NOGUEIRA ACIOLI;;0;;Colis?úo Lateral;Anoitecer;Bom;Seca;Cruz;Sem?íforo Intermitente;Comercial;0;2;1;0;0;0;0;0;0;1;0;0;-3,735440000000000;-38,518518000000000
255139;27;7;2015;05:00;3820;AV CARAPINIMA;AV 13 DE MAIO;;0;;Colis?úo Lateral;Amanhecer;Bom;Seca;Cruz;Sem?íforo;Comercial;0;1;1;0;0;0;0;0;0;1;0;0;-3,740001000000000;-38,540239000000000
255140;27;7;2015;21:00;5168;RUA JOAO CORDEIRO;RUA PDE CLIMERIO;;0;;Colis?úo Transversal;Mal Iluminada;Bom;Seca;Cruz;Pare;Misto;0;0;2;1;0;0;0;0;0;0;0;0;-3,725241000000000;-38,513034000000000
255141;27;7;2015;17:40;5123;RUA MAJ FACUNDO;RUA CASTRO E SILVA;;0;;Colis?úo Lateral;Anoitecer;Bom;Seca;Cruz;N?úo H?í Controle;Comercial;0;0;2;1;0;0;0;0;0;0;0;0;-3,724082000000000;-38,526703000000000
255142;27;7;2015;21:40;3892;RUA JULIO CESAR D12;RUA ADOLFO HERBSTER;;0;;Choque c/ Obst?ículo Fixo;Via Iluminada;Bom;Seca;Cruz;Gesto;Residencial;0;1;2;1;1;0;0;0;0;0;0;0;-3,745900000000000;-38,539092000000000
255143;27;7;2015;13:40;0;RUA CEL MATOS DOURADO;;;1220;;Choque c/ Obst?ículo Fixo;Luz do Dia;Bom;Seca;Meio de Quadra;Sem?íforo;Residencial;0;1;0;1;0;0;0;0;0;0;0;0;-3,749092000000000;-38,584692000000000
255144;27;7;2015;07:30;0;AV GAL OSORIO DE PAIVA;;;0;;Colis?úo Lateral;Luz do Dia;Nublado;Seca;Meio de Quadra;Outros;Residencial;0;0;2;0;0;0;1;0;0;0;0;0;;
255145;27;7;2015;06:10;0;RUA TAUBATE;;;966;;Colis?úo Traseira;Luz do Dia;Bom;Seca;Meio de Quadra;Outros;Residencial;0;0;2;1;1;0;0;0;0;0;0;0;-3,781665000000000;-38,598995000000000
255146;27;7;2015;13:00;9087;AV AGUANAMBI;RUA DR JOSE VITOR;;0;;Colis?úo Traseira;Luz do Dia;Bom;Seca;Cruz;Pare;Comercial;0;0;2;1;0;0;1;0;0;0;0;0;-3,747548000000000;-38,524576000000000
255147;27;7;2015;14:00;13662;AV MIGUEL DIAS;RUA GONTRAN GIFFONI;;0;;Colis?úo Transversal;Luz do Dia;Bom;Seca;T;N?úo H?í Controle;Residencial;0;0;2;1;0;0;0;0;0;0;0;0;-3,770045000000000;-38,487636000000000
264697;27;7;2015;00:32;0;RUA PDE PEDRO DE ALENCAR;;;0;;Colis?úo;;;;Meio de Quadra;;;0;1;1;1;0;0;0;0;0;1;0;0;-3,828784000000000;-38,493616000000000
264713;27;7;2015;11:37;0;RUA TOMAS RODRIGUES;;;0;;Colis?úo;Luz do Dia;;;Meio de Quadra;;;0;1;1;1;0;0;0;0;0;1;0;0;;
264715;27;7;2015;16:39;0;AV GAL OSORIO DE PAIVA;;;7053;;Colis?úo;Luz do Dia;;;Meio de Quadra;;;0;1;0;0;0;0;0;0;0;0;0;0;-3,815843000000000;-38,612851000000000
264716;27;7;2015;17:53;0;RUA EDUARDO ANGELIM;;;0;;Colis?úo;Anoitecer;;;Meio de Quadra;;;0;1;1;1;0;0;0;0;0;1;0;0;-3,762822000000000;-38,548992000000000
264703;27;7;2015;06:02;1463;RUA ILDEFONSO ALBANO;RUA ROCHA LIMA;;0;;Colis?úo;Luz do Dia;;;Cruz;Pare;Comercial;0;1;1;1;0;0;0;0;0;1;0;0;-3,738687000000000;-38,515157000000000
264704;27;7;2015;07:27;0;AV CEL CARVALHO;;;0;;Colis?úo;Luz do Dia;;;Meio de Quadra;;;0;1;1;1;0;0;0;0;0;1;0;0;;
264709;27;7;2015;08:27;10420;RUA DAS PEDRINHAS;RUA LUIZ MARIANO;;0;;Colis?úo;Luz do Dia;;;Cruz;N?úo H?í Controle;Residencial;0;1;0;0;0;0;0;0;0;1;0;0;-3,761937000000000;-38,600122000000000
264718;27;7;2015;18:43;1538;RUA LEONARDO MOTA;AV PDE ANTONIO TOMAS;;0;;Atropelamento;;;;Cruz;Sem?íforo;Comercial;0;1;0;1;0;0;0;0;0;0;0;0;-3,740811000000000;-38,497662000000000