COD_ACIDENTE;DIA;MES;ANO;HORA;INTERSECAO;LOG1;LOG2;LOG3;NUMERO;REFERENCIA;NATUREZA;ILUMINACAO;TEMPO;SUPERFICIEPISTA;TIPOCRUZAMENTO;CONTROLETRAFEGO;USOSOLO;MORTOS;FERIDOS;ILESOS;AUTOMOVEL;ONIBUS;BICICLETA;CAMINHAO;MICROONIBUS;CICLOMOTOR;MOTOCICLETA;TRACAOANIMAL;TREM;LATITUDE;LONGITUDE
264719;27;7;2015;18:43;0;AV OLIVEIRA PAIVA;;;0;;Colis?úo;;;;Meio de Quadra;;;0;1;1;1;0;0;0;0;0;1;0;0;-3,795658000000000;-38,492741000000000
264720;27;7;2015;19:25;0;RUA VINTE E QUATRO DE MAIO;;;574;PRA?çA JOS?ë DE ALENCAR;Atropelamento;;;;Meio de Quadra;;;0;1;0;1;0;0;0;0;0;0;0;0;;
264721;27;7;2015;19:56;0;RUA GANDOLA;;;0;;Atropelamento;;;;Meio de Quadra;;;0;1;0;0;0;0;0;0;0;0;0;0;-3,758187000000000;-38,561017000000000
264722;27;7;2015;20:01;17375;RUA ALAN KARDEC;RUA ISAIE BORIS;;0;;Atropelamento;;;;;;;0;1;1;0;0;0;0;0;0;1;0;0;-3,766831000000000;-38,547462000000000
264723;27;7;2015;20:30;0;RUA DEP OSWALDO STUDART;;;0;;Colis?úo;;;;Meio de Quadra;;;0;1;1;1;0;0;0;0;0;1;0;0;;
264724;27;7;2015;21:24;0;RUA VALPARAISO;;;0;;Colis?úo;;;;Meio de Quadra;;;0;1;0;0;0;0;0;0;0;1;0;0;;
264725;27;7;2015;22:02;0;RUA CARLOS AMORA;;;0;;Atropelamento;;;;Meio de Quadra;;;0;1;1;0;1;0;0;0;0;0;0;0;-3,775246000000000;-38,563609000000000
264726;27;7;2015;22:23;6745;RUA PRO OTAVIO LOBO;RUA BENTO ALBUQUERQUE;;0;;Colis?úo;;;;Cruz;Sem?íforo;Residencial;0;1;0;0;0;0;0;0;0;1;0;0;-3,745035000000000;-38,479196000000000
264742;28;7;2015;00:03;0;AV GODOFREDO MACIEL;;;0;;Queda;;;;Meio de Quadra;;;0;1;0;0;0;0;0;0;0;1;0;0;-3,802813000000000;-38,571899000000000
264743;28;7;2015;07:04;4672;AV MIN JOSE AMERICO;RUA PEDRO LAZAR;;0;;Colis?úo;Luz do Dia;;;;N?úo H?í Controle;Comercial;0;1;1;1;0;0;0;0;0;1;0;0;-3,808267000000000;-38,489290000000000
264744;28;7;2015;12:11;68;RUA PEDRO MELO;RUA PRO JOAQUIM NOGUEIRA D29;;0;;Colis?úo;Luz do Dia;;;Cruz;Pare;Misto;0;1;1;1;0;0;0;0;0;1;0;0;-3,743857000000000;-38,589881000000000
264745;28;7;2015;16:36;0;AV SEN FERNANDES TAVORA;;;0;;Colis?úo;Luz do Dia;;;Meio de Quadra;;;0;1;1;1;0;0;0;0;0;1;0;0;-3,755270000000000;-38,597501000000000
264746;28;7;2015;17:14;0;AV SGT HERMINIO SAMPAIO;;;0;;Colis?úo;Anoitecer;;;Meio de Quadra;;;0;1;1;1;0;0;0;0;0;1;0;0;-3,727052000000000;-38,564337000000000
264747;28;7;2015;17:23;0;RUA COM LUIS RIBEIRO;;;0;;Colis?úo;Anoitecer;;;Meio de Quadra;;;0;1;1;1;0;0;0;0;0;1;0;0;;
264748;28;7;2015;18:30;0;AV PRS JUSCELINO KUBITSCHEK (PASSAR?ë);;;0;;Colis?úo;Anoitecer;;;Meio de Quadra;;;0;1;1;1;0;0;0;0;0;1;0;0;;
264749;28;7;2015;19:19;12501;AV JOSE BASTOS;RUA DIAMANTINA;;0;;Colis?úo;;;;T;Pare;Comercial;0;1;1;1;0;0;0;0;0;1;0;0;-3,764978000000000;-38,567402000000000
264750;28;7;2015;19:23;0;RUA ANDRE CHAVES;;;0;;Atropelamento;;;;Meio de Quadra;;;0;1;1;0;0;0;0;0;0;1;0;0;;
264751;28;7;2015;19:34;0;RUA L CJ VILA VELHA;;;0;;Colis?úo;;;;Meio de Quadra;;;0;1;1;1;0;0;0;0;0;1;0;0;;
264752;28;7;2015;20:36;0;AV LINEU MACHADO;;;0;;Colis?úo;;;;Meio de Quadra;;;0;1;1;1;0;0;0;0;0;1;0;0;-3,763282000000000;-38,575518000000000
264753;28;7;2015;22:04;0;AV OLIVEIRA PAIVA;;;0;;Colis?úo;;;;Meio de Quadra;;;0;1;0;0;0;0;0;0;0;0;0;0;;
264754;28;7;2015;23:25;155;RUA PDE PERDIGAO SAMPAIO;RUA ANARIO BRAGA;;0;;Colis?úo;;;;Cruz;Pare;Comercial;0;1;1;1;0;0;0;0;0;1;0;0;-3,736242000000000;-38,595191000000000
255215;28;7;2015;20:40;0;AV BEZERRA DE MENEZES;;;711;;Capotamento;Via Iluminada;Bom;Seca;Meio de Quadra;N?úo H?í Controle;Comercial;0;1;0;1;0;0;0;0;0;0;0;0;-3,732914000000000;-38,551146000000000
255216;28;7;2015;21:50;0;AV DOMINGOS OLIMPIO;;;0;;Colis?úo Lateral;Via Iluminada;Bom;Seca;Meio de Quadra;N?úo H?í Controle;Comercial;0;0;2;1;0;0;0;0;0;0;0;0;;
255223;28;7;2015;19:30;0;AV GAL MURILO BORGES;;;0;;Colis?úo;Luz do Dia;Bom;Seca;Meio de Quadra;Sem?íforo;Residencial;0;1;1;1;0;0;0;0;0;1;0;0;;
255224;28;7;2015;07:00;7860;AV ANTONIO SALES;AV SEN VIRGILIO TAVORA;;0;;Colis?úo Lateral;Luz do Dia;Bom;Seca;Cruz;Sem?íforo;Residencial;0;0;2;1;0;0;0;0;0;0;0;0;-3,747279000000000;-38,496500000000000
255225;28;7;2015;18:10;5191;AV DOM MANUEL;RUA PEREIRA FILGUEIRAS;;0;;Colis?úo Lateral;;Bom;Seca;Cruz;Sem?íforo;Comercial;0;2;1;1;0;0;0;0;0;1;0;0;-3,725943000000000;-38,520338000000000
255221;28;7;2015;17:30;1343;AV SEN VIRGILIO TAVORA;RUA MARCOS MACEDO;;0;;Colis?úo Traseira;Anoitecer;Bom;Seca;Cruz;Pare;Comercial;0;0;2;1;0;0;0;0;0;0;0;0;-3,735843000000000;-38,492845000000000
255213;28;7;2015;07:40;0;AV VIS RIO BRANCO;;;3826;;Colis?úo Lateral;Luz do Dia;Bom;Seca;Meio de Quadra;N?úo H?í Controle;Comercial;0;1;1;1;0;0;0;0;0;1;0;0;-3,754767000000000;-38,520239000000000
255198;28;7;2015;08:10;14421;RUA PDE ANCHIETA;AV SGT HERMINIO SAMPAIO;;0;;Colis?úo Traseira;Luz do Dia;Bom;Seca;Cruz;Sem?íforo;Comercial;0;0;2;1;0;0;0;0;0;0;0;0;-3,724693000000000;-38,551079000000000
255201;28;7;2015;09:30;0;RUA MON DANTAS;;;0;;Choque c/ Obst?ículo Fixo;Luz do Dia;Bom;Seca;Outros;Pare;Comercial;0;0;3;1;0;0;0;0;0;0;0;0;;
255204;28;7;2015;19:30;22726;RUA EUCLIDES O DE SOUSA;RUA MARIO ALENCAR ARARIPE;;0;;Colis?úo Transversal;Via Iluminada;Bom;Seca;Cruz;Pare;Residencial;0;1;2;1;0;0;0;0;0;1;0;0;-3,798084000000000;-38,478038000000000
255209;28;7;2015;19:30;0;RUA BENTO ALBUQUERQUE;;;333;;Colis?úo Traseira;Via Iluminada;Bom;Seca;Meio de Quadra;Sem?íforo;Misto;0;1;1;1;0;0;0;0;0;1;0;0;-3,742703000000000;-38,486459000000000
255210;28;7;2015;17:30;15194;RUA DEP MOREIRA DA ROCHA;RUA ILDEFONSO ALBANO;;0;;Colis?úo Transversal;Anoitecer;Bom;Seca;Cruz;Pare;Misto;0;0;2;0;0;0;0;0;0;1;0;0;-3,726480000000000;-38,511072000000000
259558;28;7;2015;08:31;0;AV SEN CARLOS JEREISSATI (AEROPORTO);;;0;KM 02;Colis?úo;Luz do Dia;Bom;Seca;Meio de Quadra;;Comercial;0;0;2;1;0;0;0;0;0;0;0;0;-3,783932000000000;-38,529156000000000
259563;28;7;2015;13:40;0;RD CE-040;;;0;KM-11;Colis?úo;Luz do Dia;Bom;Seca;Meio de Quadra;N?úo H?í Controle;Comercial;0;0;2;1;0;0;1;0;0;0;0;0;-3,844873000000000;-38,480252000000000
256117;28;7;2015;13:00;5391;RUA PEDRO I;RUA JAIME BENEVOLO;;0;;Atropelamento;Luz do Dia;Bom;Seca;T;Sem?íforo Intermitente;Comercial;0;2;0;0;0;0;0;0;0;1;0;0;-3,732251000000000;-38,525437000000000
255228;28;7;2015;00:30;19018;AV ENG ALBERTO SA;RUA JOSE CARLOS GURGEL NOGUEIRA;;0;;Colis?úo Transversal;Luz do Dia;Bom;Seca;Cruz;Sem?íforo;Misto;0;1;1;1;0;0;0;0;0;1;0;0;-3,734800000000000;-38,475012000000000
255229;28;7;2015;07:20;8001;RUA ALEXANDRE BARAUNA;RUA MACHADO DE ASSIS;;0;;Colis?úo Lateral;Luz do Dia;Bom;Seca;Cruz;N?úo H?í Controle;Misto;0;0;2;1;1;0;0;0;0;0;0;0;-3,750339000000000;-38,549095000000000
255232;28;7;2015;06:50;0;RUA CARLOS AMORA;;;0;;Outros;Luz do Dia;Bom;Seca;Meio de Quadra;N?úo H?í Controle;Comercial;0;0;2;0;0;0;0;0;0;1;0;0;;
255242;28;7;2015;09:55;25170;AV LINEU MACHADO;RUA PRO EDGAR DE ARRUDA;;0;;Colis?úo Transversal;Luz do Dia;Bom;Seca;Cruz;Pare;Misto;0;1;1;0;0;0;1;0;0;1;0;0;-3,763209000000000;-38,575480000000000
255245;28;7;2015;;0;AV AGUANAMBI;;;90;;Colis?úo Traseira;Luz do Dia;Bom;Seca;Meio de Quadra;N?úo H?í Controle;Comercial;0;0;2;1;0;0;0;0;0;0;0;0;-3,741141000000000;-38,525536000000000
255246;28;7;2015;11:30;13735;RUA CAIO CID;RUA NELSON STUDART;;0;;Colis?úo Traseira;Luz do Dia;Bom;Seca;Cruz;Pare;Misto;0;0;2;1;0;0;0;0;0;0;0;0;-3,773571000000000;-38,484694000000000
255248;28;7;2015;08:30;0;RUA TIBURCIO CAVALCANTE;;;1660;;Colis?úo Lateral;Luz do Dia;Bom;Seca;Meio de Quadra;N?úo H?í Controle;Comercial;0;0;2;1;0;0;0;0;0;0;0;0;-3,739163000000000;-38,503606000000000
255251;28;7;2015;07:20;6750;RUA VILEBALDO AGUIAR;RUA BATISTA DE OLIVEIRA;;0;;Colis?úo Transversal;Luz do Dia;Bom;Seca;Cruz;Pare;Residencial;0;0;2;1;0;0;0;0;0;0;0;0;-3,743019000000000;-38,480134000000000
255255;28;7;2015;07:15;20042;AV ALBERTO CRAVEIRO;AV DR SILAS MUNGUBA;;0;;Colis?úo Traseira;Luz do Dia;Bom;Seca;Rotat??ria;D?¬ Prefer?¬ncia;Residencial;0;0;2;1;0;0;0;0;0;0;0;0;-3,807229000000000;-38,524782000000000
255257;28;7;2015;15:45;0;RUA JOAQUIM MAGALHAES;;;10;;Colis?úo Lateral;Luz do Dia;Bom;Seca;Meio de Quadra;N?úo H?í Controle;Comercial;0;0;2;1;0;0;0;0;0;0;0;0;-3,737134000000000;-38,535528000000000
255259;28;7;2015;13:30;25063;AV DOS EXPEDICIONARIOS;RUA ARMANDO MONTEIRO;;0;;Colis?úo Transversal;Luz do Dia;Bom;Seca;Cruz;Pare;Misto;0;0;2;1;0;0;0;0;0;0;0;0;-3,762230000000000;-38,540372000000000
255263;28;7;2015;09:15;0;AV ALM HENRIQUE SABOIA;;;0;;Choque c/ Obst?ículo Fixo;Luz do Dia;Bom;Seca;Outros;N?úo H?í Controle;Residencial;0;0;1;1;0;0;0;0;0;0;0;0;;
255264;28;7;2015;09:20;0;AV ALM HENRIQUE SABOIA;;;0;;Colis?úo Traseira;Luz do Dia;Bom;Seca;Meio de Quadra;N?úo H?í Controle;Residencial;0;0;2;1;0;0;0;0;0;0;0;0;;
255266;28;7;2015;07:00;0;RUA DEP OSWALDO STUDART;;;0;;Colis?úo Lateral;Luz do Dia;Bom;Seca;Meio de Quadra;Outros;Misto;0;1;1;0;0;0;0;0;0;1;0;0;;
255269;28;7;2015;09:10;19949;RUA FRANCISCO LORDA;RUA ALBERTO MONTEZUMA;;0;;Colis?úo Lateral;Luz do Dia;Bom;Seca;Cruz;Pare;Misto;0;0;2;1;0;0;1;0;0;0;0;0;-3,761900000000000;-38,531928000000000
255273;28;7;2015;14:00;0;AV DR SILAS MUNGUBA;;;4376;;Colis?úo Traseira;;Bom;Seca;Meio de Quadra;;Misto;0;0;2;1;0;0;0;0;0;0;0;0;-3,791940000000000;-38,536489000000000
255278;28;7;2015;11:30;12841;RUA SILVA JARDIM;RUA SOLON PINHEIRO;;0;;Colis?úo Lateral;Luz do Dia;Bom;Seca;Cruz;Pare;Comercial;0;0;2;1;0;0;0;0;0;0;0;0;-3,741562000000000;-38,530062000000000
255276;28;7;2015;12:20;0;RUA STA LIDUINA D42;;;28;;Colis?úo Transversal;Luz do Dia;Bom;Seca;Meio de Quadra;Pare;Residencial;0;1;1;0;0;0;0;0;0;1;0;0;-3,797992000000000;-38,585005000000000
264527;28;7;2015;03:50;0;AV DUQ CAXIAS;;;0;;Colis?úo;;;;Meio de Quadra;;;0;1;0;0;0;0;0;0;0;1;0;0;;
270298;28;7;2015;15:01;0;RUA LAURO MAIA;;;0;;Colis?úo;Luz do Dia;;;Meio de Quadra;;;0;0;2;0;0;0;0;0;0;0;0;0;;
270299;28;7;2015;15:07;0;RUA IRM BAZET;;;1226;;Colis?úo;Luz do Dia;;;Meio de Quadra;;;0;0;2;0;0;0;0;0;0;0;0;0;-3,767400000000000;-38,548214000000000
270295;28;7;2015;11:03;0;RUA PDE PEDRO DE ALENCAR;;;1969;;Colis?úo;Luz do Dia;;;Meio de Quadra;;;0;0;2;0;0;0;0;0;0;0;0;0;-3,845088000000000;-38,494477000000000
270304;28;7;2015;15:27;0;RUA C UI 204;;;480;;Capotamento;Luz do Dia;;;Meio de Quadra;;;0;0;1;0;0;0;0;0;0;0;0;0;;
270306;28;7;2015;16:26;0;RUA FRANCISCO GLICERIO;;;356;;Colis?úo;Luz do Dia;;;Meio de Quadra;;;0;0;2;0;0;0;0;0;0;0;0;0;-3,797480000000000;-38,564842000000000
270309;28;7;2015;18:51;10112;RUA NEREIDE;RUA RAIMUNDO PINHEIRO;;0;;Colis?úo;;;;Cruz;N?úo H?í Controle;Residencial;0;0;2;0;0;0;0;0;0;0;0;0;-3,788179000000000;-38,596824000000000
270310;28;7;2015;23:15;0;RUA CON PENAFORT;;;4;;Colis?úo;;;;Meio de Quadra;;;0;0;2;0;0;0;0;0;0;0;0;0;;
270315;29;7;2015;00:23;0;RUA JOSE NOGUEIRA FREIRE;;;80;;Colis?úo;;;;Meio de Quadra;;;0;0;2;0;0;0;0;0;0;0;0;0;-3,806119000000000;-38,498355000000000
270316;29;7;2015;10:04;21883;RUA DEP MATOSO FILHO;RUA EMILIA GONCALVES;;0;;Colis?úo;Luz do Dia;;;Cruz;Pare;Residencial;0;0;2;0;0;0;0;0;0;0;0;0;-3,733400000000000;-38,592575000000000
270321;29;7;2015;10:40;0;AV SANTOS DUMONT;;;6564;;Colis?úo;Luz do Dia;;;Meio de Quadra;;;0;0;2;0;0;0;0;0;0;0;0;0;-3,744037000000000;-38,474149000000000
264546;29;7;2015;19:52;0;RUA SAO PAULO;AV FILOMENO GOMES;;1868;;Colis?úo Lateral;;;;;;;0;1;1;1;0;0;0;0;0;0;0;0;-3,721385000000000;-38,541662000000000
255364;29;7;2015;18:30;0;AV BEZERRA DE MENEZES;;;2090;;Colis?úo Traseira;Via Iluminada;Bom;Seca;Meio de Quadra;Outros;Comercial;0;0;2;0;0;0;0;0;0;1;0;0;-3,735462000000000;-38,563510000000000
255368;29;7;2015;08:30;16975;RUA DR PROCOPIO;TR SAO JOAO BATISTA;;0;;Colis?úo Transversal;Luz do Dia;Bom;Seca;Cruz;N?úo H?í Controle;Residencial;0;1;1;1;0;0;0;0;0;1;0;0;-3,826849000000000;-38,588713000000000
255370;29;7;2015;10:20;5711;AV OLIVEIRA PAIVA;RUA CHICO LEMOS;;0;;Colis?úo Transversal;Luz do Dia;Bom;Seca;Cruz;Sem?íforo;Comercial;0;1;1;0;0;0;0;0;0;1;0;0;-3,795857000000000;-38,497091000000000
255375;29;7;2015;10:55;0;AV SANTOS DUMONT;;;2383;;Colis?úo Traseira;Luz do Dia;Bom;Seca;Meio de Quadra;;Comercial;0;0;2;1;0;0;0;0;0;0;0;0;-3,734578000000000;-38,503477000000000
255382;29;7;2015;08:50;15282;RUA CANUTO DE AGUIAR;RUA TIBURCIO CAVALCANTE;;0;;Colis?úo Transversal;Luz do Dia;Bom;Seca;Cruz;Pare;Misto;0;1;1;0;0;0;0;1;0;0;0;0;-3,729044000000000;-38,500359000000000
255384;29;7;2015;09:30;0;AV SANTOS DUMONT;;;2829;;Colis?úo Lateral;Luz do Dia;Bom;Seca;Meio de Quadra;Sem?íforo Intermitente;Misto;0;1;1;1;0;0;0;0;0;1;0;0;-3,736033000000000;-38,498973000000000
255386;29;7;2015;20:15;0;RUA FREDERICO BORGES;;;186;;Colis?úo Lateral;Mal Iluminada;Bom;Seca;Meio de Quadra;N?úo H?í Controle;Comercial;0;0;2;1;0;0;0;0;0;0;0;0;-3,731317000000000;-38,489288000000000
255388;29;7;2015;17:00;0;RUA EDUARDO GARCIA;;;813;;Outros;Via Iluminada;Bom;Seca;Meio de Quadra;Outros;Residencial;0;0;2;1;0;0;0;0;0;1;0;0;;
255392;29;7;2015;14:50;0;AV DR SILAS MUNGUBA;;;5555;;Colis?úo Traseira;Luz do Dia;Bom;Seca;Meio de Quadra;N?úo H?í Controle;Comercial;0;0;2;1;0;0;0;0;0;1;0;0;-3,800875000000000;-38,530135000000000
255393;29;7;2015;20:30;25552;AV VICENTE DE CASTRO;RUA BENEDITO MACEDO;;0;;Colis?úo Transversal;Via Iluminada;Bom;Seca;Cruz;Pare;Comercial;0;0;2;1;0;0;0;0;0;0;0;0;;
255272;29;7;2015;;25136;AV ENG HUMBERTO MONTE;RUA CHILE;;0;;;Via Iluminada;Bom;Seca;T;N?úo H?í Controle;Residencial;0;0;2;1;0;0;0;0;0;0;0;0;-3,744928000000000;-38,563951000000000
255285;29;7;2015;06:55;1498;RUA SILVA PAULET;AV JULIO VENTURA;;0;;Colis?úo Transversal;Luz do Dia;Bom;Seca;Cruz;Sem?íforo;Comercial;0;0;2;1;0;0;0;0;0;1;0;0;-3,739640000000000;-38,507100000000000
255288;29;7;2015;13:00;0;AV HERACLITO GRACA;;;45;;Colis?úo Traseira;Luz do Dia;Bom;Seca;Meio de Quadra;N?úo H?í Controle;Comercial;0;1;1;1;0;0;0;0;0;1;0;0;-3,733624000000000;-38,524164000000000
255279;29;7;2015;21:20;0;RUA CAMELIA;;;765;;Choque c/ Obst?ículo Fixo;Via Iluminada;Bom;Seca;Meio de Quadra;N?úo H?í Controle;Comercial;0;0;1;1;0;0;0;0;0;0;0;0;;
255280;29;7;2015;09:00;0;AV SEN VIRGILIO TAVORA;;;1525;;Colis?úo Traseira;Luz do Dia;Bom;Seca;Meio de Quadra;Sem?íforo;Comercial;0;0;3;1;0;0;0;0;0;0;0;0;-3,739454000000000;-38,493994000000000
255270;29;7;2015;18:20;0;AV BEZERRA DE MENEZES;;;2597;;Colis?úo Lateral;Anoitecer;Bom;Seca;Meio de Quadra;Sem?íforo;Comercial;0;0;2;1;0;0;0;0;0;0;0;0;-3,736342000000000;-38,567673000000000
255267;29;7;2015;11:10;0;AV GOV PARSIFAL BARROSO;;;600;;Colis?úo Traseira;Luz do Dia;Bom;Seca;Meio de Quadra;Sem?íforo;Comercial;0;0;2;1;0;0;0;0;0;0;0;0;-3,731972000000000;-38,569038000000000
255250;29;7;2015;15:40;19656;AV BEZERRA DE MENEZES;RUA PRO JOSE DE BARCELOS;;0;;Colis?úo Transversal;Luz do Dia;Bom;Seca;T;Sem?íforo;Comercial;0;1;1;0;1;0;0;0;0;1;0;0;-3,732898000000000;-38,551066000000000
255262;29;7;2015;08:30;0;AV BEZERRA DE MENEZES;;;2585;;Colis?úo Lateral;Luz do Dia;Bom;Seca;Meio de Quadra;Outros;Comercial;0;0;2;1;0;0;1;0;0;0;0;0;-3,736321000000000;-38,567567000000000
255240;29;7;2015;09:30;1649;RUA CEL JUCA;RUA GAL TERTULIANO POTYGUARA;;0;;Colis?úo Transversal;Luz do Dia;Bom;Seca;Cruz;Pare;Residencial;0;0;3;1;0;0;0;0;0;0;0;0;-3,745325000000000;-38,493766000000000
255236;29;7;2015;18:00;7508;RUA PEDRO DANTAS;RUA NENEN GONCALVES;;0;;Colis?úo Traseira;Anoitecer;Bom;Seca;Cruz;Pare;Residencial;0;1;1;1;0;0;0;0;0;1;0;0;-3,786437000000000;-38,518947000000000
255237;29;7;2015;18:50;21372;AV JOVITA FEITOSA;RUA JOSE SOMBRA;;0;;Colis?úo Traseira;Via Iluminada;Bom;Seca;Cruz;Sem?íforo;Comercial;0;0;3;1;0;0;0;0;0;0;0;0;-3,737763000000000;-38,546301000000000
263200;29;7;2015;13:51;26236;AV DR SILAS MUNGUBA;RUA BERNARDO MANUEL;;0;;Colis?úo;Luz do Dia;;;;;;0;0;2;1;0;0;0;0;0;0;0;0;-3,787538000000000;-38,547960000000000
263201;29;7;2015;17:02;0;AV BEZERRA DE MENEZES;;;0;;Colis?úo;Anoitecer;;;Meio de Quadra;;;0;1;2;1;0;0;0;0;0;0;0;0;;
263205;29;7;2015;18:53;0;AV DR SILAS MUNGUBA;;;0;;Colis?úo;;;;Meio de Quadra;;;0;0;2;1;1;0;0;0;0;0;0;0;;
263190;29;7;2015;10:20;0;AV CEL CARVALHO;AV MAJ ASSIS;;0;;Colis?úo;Luz do Dia;;;;;;0;0;2;1;0;0;1;0;0;0;0;0;;
263196;29;7;2015;12:58;0;RUA ESPERANTINA;;;155;;Colis?úo;Luz do Dia;;;Meio de Quadra;;;0;0;2;1;0;0;0;0;0;0;0;0;;
259057;29;7;2015;17:10;0;RD BR 222;;;0;KM-01;Colis?úo Traseira;Anoitecer;Bom;Seca;Meio de Quadra;N?úo H?í Controle;Comercial;0;0;2;1;1;0;0;0;0;0;0;0;-3,737774000000000;-38,577952000000000
259058;29;7;2015;19:30;0;RD BR 222;;;0;KM-01;Atropelamento;Via Iluminada;Bom;Seca;Meio de Quadra;N?úo H?í Controle;Comercial;0;3;0;1;0;0;0;0;0;1;0;0;-3,737774000000000;-38,577952000000000
259096;29;7;2015;08:00;0;RD BR 116;;;3000;KM-03;Colis?úo Lateral;Luz do Dia;Bom;Seca;Meio de Quadra;N?úo H?í Controle;Comercial;0;2;0;0;0;0;0;0;0;1;0;0;-3,779838000000000;-38,514372000000000
259097;29;7;2015;17:30;0;RD BR 116;;;14000;KM-14;Colis?úo Lateral;Anoitecer;Bom;Seca;Meio de Quadra;N?úo H?í Controle;Comercial;0;0;2;1;0;0;1;0;0;0;0;0;-3,873523000000000;-38,499242000000000
259564;29;7;2015;17:20;0;AV SEN CARLOS JEREISSATI (AEROPORTO);;;0;KM 02;Colis?úo;Anoitecer;Bom;Seca;Meio de Quadra;N?úo H?í Controle;Comercial;0;0;2;0;0;0;0;0;0;0;0;0;-3,783932000000000;-38,529156000000000
255205;29;7;2015;;25003;AV DR THEBERGE;AV SGT HERMINIO SAMPAIO;;0;;Colis?úo Traseira;Luz do Dia;Bom;Seca;Cruz;Sem?íforo;Residencial;0;0;2;0;1;0;0;0;0;0;0;0;-3,727916000000000;-38,569276000000000
255202;29;7;2015;16:40;7972;RUA MAJ WEYNE;RUA MACHADO DE ASSIS;;0;;Colis?úo Traseira;Luz do Dia;Bom;Seca;T;Pare;Outros;0;0;2;1;0;0;0;0;0;0;0;0;-3,747089000000000;-38,546151000000000
255196;29;7;2015;12:35;8625;AV EDILSON B SOARES;RUA EVILASIO A MIRANDA;;0;;Colis?úo Traseira;Luz do Dia;Bom;Seca;T;Pare;Residencial;0;0;2;1;0;0;0;0;0;0;0;0;;
255190;29;7;2015;08:00;0;RUA GAL PIRAGIBE;;;577;;Colis?úo Lateral;Luz do Dia;Bom;Seca;Meio de Quadra;;Comercial;0;0;2;1;0;0;0;0;0;0;0;0;-3,739633000000000;-38,557571000000000
255192;29;7;2015;11:18;23791;RUA RAIMUNDO NERY;RUA COSTA FREIRE;;0;;Colis?úo Transversal;Luz do Dia;Bom;Seca;Cruz;Pare;Residencial;0;2;0;0;1;0;0;0;0;1;0;0;-3,794144000000000;-38,586423000000000
255193;29;7;2015;08:00;0;AV DOS EXPEDICIONARIOS;;;3826;;Colis?úo Lateral;Luz do Dia;Bom;Seca;Meio de Quadra;N?úo H?í Controle;Escola;0;0;2;1;0;0;0;0;0;0;0;0;-3,752015000000000;-38,537256000000000
255194;29;7;2015;09:00;0;RUA MARACANA;;;317;;Outros;Luz do Dia;Bom;Seca;Meio de Quadra;N?úo H?í Controle;Residencial;0;0;1;0;0;0;1;0;0;0;0;0;;
262248;29;7;2015;12:23;0;RUA CON DE CASTRO;;;0;;Atropelamento;Luz do Dia;;;Meio de Quadra;;;0;2;0;0;0;0;0;0;0;1;0;0;-3,798827000000000;-38,586245000000000
264755;29;7;2015;06:45;0;RUA GAL PIRAGIBE;;;0;;Colis?úo;Luz do Dia;;;Meio de Quadra;;;0;1;1;0;0;0;1;0;0;1;0;0;;
264756;29;7;2015;07:07;0;RUA DR GILBERTO STUDART;;;0;;Colis?úo;Luz do Dia;;;Meio de Quadra;;;0;1;1;1;0;0;0;0;0;1;0;0;-3,744012000000000;-38,479740000000000
264757;29;7;2015;07:09;0;AV GODOFREDO MACIEL;;;0;;Colis?úo;Luz do Dia;;;Meio de Quadra;;;0;1;1;1;0;0;0;0;0;1;0;0;-3,805565000000000;-38,572755000000000
264758;29;7;2015;07:11;0;AV ENG SANTANA JUNIOR;;;0;;Colis?úo;Luz do Dia;;;Meio de Quadra;;;0;1;1;1;0;0;0;0;0;1;0;0;-3,734560000000000;-38,481389000000000
264759;29;7;2015;07:48;0;RUA TEODOMIRO DE CASTRO;;;0;;Colis?úo;Luz do Dia;;;Meio de Quadra;;;0;1;0;0;0;0;0;0;0;1;0;0;-3,717003000000000;-38,576410000000000
264760;29;7;2015;07:51;13021;AV I CJ JOSE WALTER;AV A CJ JOSE WALTER;;0;;Colis?úo;Luz do Dia;;;Cruz;Pare;Residencial;0;1;0;0;0;0;0;0;0;1;0;0;-3,825834000000000;-38,550935000000000
264761;29;7;2015;07:57;0;RD BR 116;;;2000;KM-02;Queda;Luz do Dia;;;Meio de Quadra;;;0;1;0;0;0;0;0;0;0;1;0;0;-3,771391000000000;-38,516780000000000
264762;29;7;2015;10:13;0;RUA SAO FRANCISCO D34;;;0;;Atropelamento;Luz do Dia;;;Meio de Quadra;;;0;1;1;1;0;0;0;0;0;0;0;0;;
264763;29;7;2015;10:22;0;ET PICI;;;0;;Colis?úo;Luz do Dia;;;Meio de Quadra;;;0;1;1;1;0;0;0;0;0;1;0;0;;
264764;29;7;2015;10:47;1433;RUA DES LEITE ALBUQUERQUE;RUA LEONARDO MOTA;;0;;Atropelamento;Luz do Dia;;;Cruz;Sem?íforo;Comercial;0;1;1;0;0;0;0;0;0;1;0;0;-3,737862000000000;-38,496708000000000
264769;29;7;2015;16:31;0;AV SEN FERNANDES TAVORA;;;0;;Colis?úo;Luz do Dia;;;Meio de Quadra;;;0;1;1;1;0;0;0;0;0;1;0;0;;
264770;29;7;2015;17:17;0;RUA DR WANDA SIDOU;;;0;;Colis?úo;Anoitecer;;;Meio de Quadra;;;0;1;0;0;0;0;0;0;0;0;0;0;;