COD_ACIDENTE;DIA;MES;ANO;HORA;INTERSECAO;LOG1;LOG2;LOG3;NUMERO;REFERENCIA;NATUREZA;ILUMINACAO;TEMPO;SUPERFICIEPISTA;TIPOCRUZAMENTO;CONTROLETRAFEGO;USOSOLO;MORTOS;FERIDOS;ILESOS;AUTOMOVEL;ONIBUS;BICICLETA;CAMINHAO;MICROONIBUS;CICLOMOTOR;MOTOCICLETA;TRACAOANIMAL;TREM;LATITUDE;LONGITUDE
264789;29;7;2015;18:42;11630;RUA PRO HERIBALDO COSTA;RUA BOA VISTA;;0;;Colis?úo;;;;Cruz;Pare;Residencial;0;1;0;0;0;0;0;0;0;1;0;0;-3,767974000000000;-38,588035000000000
264795;29;7;2015;19:31;0;AV MR HULL;;;0;;Colis?úo;;;;Meio de Quadra;;;0;1;1;1;0;0;0;0;0;1;0;0;;
264796;29;7;2015;21:59;0;AV PRO GOMES DE MATOS;;;0;;Colis?úo;;;;Meio de Quadra;;;0;1;1;1;0;0;0;0;0;1;0;0;-3,756859000000000;-38,541925000000000
264797;29;7;2015;22:19;0;RUA CON DE CASTRO;;;0;;Colis?úo;;;;Meio de Quadra;;;0;1;1;1;0;0;0;0;0;1;0;0;;
264798;29;7;2015;22:26;10999;RUA 15 DE NOVEMBRO;RUA ALBERTO MAGNO;;0;;Colis?úo;;;;Cruz;Pare;Residencial;0;1;1;1;0;0;0;0;0;1;0;0;-3,769909000000000;-38,553169000000000
264802;29;7;2015;22:56;14952;RUA CON DE CASTRO;RUA FERNANDO FARIAS DE MELO (MANUEL S?üTIRO);;0;;Colis?úo;;;;Duplo T;Pare;Residencial;0;1;0;0;0;0;0;0;0;0;0;0;-3,790043000000000;-38,578102000000000
270439;29;7;2015;11:00;5433;RUA METON DE ALENCAR;RUA MAJ FACUNDO;;0;;Colis?úo;Luz do Dia;;;Cruz;Pare;Comercial;0;0;2;0;0;0;0;0;0;0;0;0;-3,733917000000000;-38,529899000000000
270446;29;7;2015;16:18;12971;AV A CJ JOSE WALTER;RUA 7 CJ JOSE WALTER;;0;;Colis?úo;Luz do Dia;;;;;;0;0;2;0;0;0;0;0;0;0;0;0;-3,823964000000000;-38,557073000000000
270441;29;7;2015;11:27;0;AV DOS EXPEDICIONARIOS;;;5645;;Colis?úo;Luz do Dia;;;Meio de Quadra;;;0;0;2;0;0;0;0;0;0;0;0;0;;
270443;29;7;2015;12:36;0;AV CENTRAL CJ CEARA;;;0;;Colis?úo;Luz do Dia;;;Meio de Quadra;;;0;0;2;0;0;0;0;0;0;0;0;0;;
270448;29;7;2015;22:10;25009;RUA TULIPA;RUA TEODOMIRO DE CASTRO;;0;;Colis?úo;;;;;;;0;0;2;0;0;0;0;0;0;0;0;0;-3,715652000000000;-38,579975000000000
270449;29;7;2015;23:06;5396;RUA SEN POMPEU;RUA GAL CLARINDO DE QUEIROZ;;0;;Colis?úo;;;;Cruz;Sem?íforo;Comercial;0;0;2;0;0;0;0;0;0;0;0;0;-3,732353000000000;-38,531279000000000
270450;30;7;2015;04:39;0;AV DEP PAULINO ROCHA;;;50;;Colis?úo;;;;Meio de Quadra;;;0;0;2;0;0;0;0;0;0;0;0;0;-3,802055000000000;-38,507550000000000
270451;30;7;2015;09:20;17350;RUA BAR SOBRAL;RUA JOAO FIRMINO;;0;;Colis?úo;Luz do Dia;;;Cruz;Pare;Residencial;0;0;2;0;0;0;0;0;0;0;0;0;-3,765714000000000;-38,556531000000000
270452;30;7;2015;09:32;0;AV JOSE BASTOS;;;0;;Colis?úo;Luz do Dia;;;Meio de Quadra;;;0;0;2;0;0;0;0;0;0;0;0;0;;
270453;30;7;2015;10:25;64;RUA MARTINS NETO;RUA PDE PERDIGAO SAMPAIO;;0;;Colis?úo;Luz do Dia;;;Cruz;Pare;Comercial;0;0;2;0;0;0;0;0;0;0;0;0;-3,741162000000000;-38,594477000000000
270454;30;7;2015;11:41;0;RUA PERILIO TEIXEIRA;;;810;;Colis?úo;Luz do Dia;;;Meio de Quadra;;;0;0;2;0;0;0;0;0;0;0;0;0;-3,756989000000000;-38,601401000000000
270455;30;7;2015;16:24;0;RUA TELES DE SOUZA;;;0;;Colis?úo;Luz do Dia;;;Meio de Quadra;Sem?íforo;Comercial;0;0;2;0;0;0;0;0;0;0;0;0;;
270456;30;7;2015;16:38;0;RUA OLIVEIRA SOBRINHO;;;346;;Colis?úo;Luz do Dia;;;Meio de Quadra;;;0;0;2;0;0;0;0;0;0;0;0;0;-3,783051000000000;-38,585312000000000
270457;30;7;2015;22:08;0;RUA CARAMURU D45 (ITAPERI);;;269;;Colis?úo;;;;Meio de Quadra;;;0;0;2;0;0;0;0;0;0;0;0;0;-3,789110000000000;-38,541132000000000
270458;30;7;2015;22:21;3819;AV CARAPINIMA;RUA JUVENAL GALENO;;0;;Colis?úo;;;;Cruz;Sem?íforo;Comercial;0;0;2;0;0;0;0;0;0;0;0;0;-3,738998000000000;-38,539176000000000
264803;30;7;2015;01:47;0;AV COS GOMES DE FREITAS (SAPIRANGA/COITE);;;0;;Capotamento;;;;Meio de Quadra;;;0;1;0;1;0;0;0;0;0;0;0;0;;
264804;30;7;2015;06:04;0;AV MR HULL;;;0;;Queda;Luz do Dia;;;Meio de Quadra;;;0;1;0;0;0;0;0;0;0;1;0;0;-3,738105000000000;-38,580937000000000
264815;30;7;2015;06:43;978;RD BR 116;AV BORGES DE MELO;;0;;Atropelamento;Luz do Dia;;;T;N?úo H?í Controle;Comercial;0;1;1;0;0;0;0;0;0;0;0;0;-3,761468000000000;-38,518888000000000
264816;30;7;2015;06:52;0;AV JOSE BASTOS;;;0;;Atropelamento;Luz do Dia;;;Meio de Quadra;;;0;1;1;1;0;0;0;0;0;0;0;0;;
264817;30;7;2015;08:13;0;RD BR 116;;;2000;KM-02;Colis?úo;Luz do Dia;;;Meio de Quadra;;;0;1;1;1;0;0;0;0;0;1;0;0;-3,771391000000000;-38,516780000000000
264819;30;7;2015;10:22;0;RUA ANDRE REBOUCAS;;;212;;Atropelamento;Luz do Dia;;;Meio de Quadra;;;1;0;1;1;0;0;0;0;0;0;0;0;-3,775103000000000;-38,590116000000000
264820;30;7;2015;10:26;0;AV DUQ CAXIAS;;;0;;Colis?úo;Luz do Dia;;;Meio de Quadra;;;0;1;1;1;0;0;0;0;0;1;0;0;;
264822;30;7;2015;11:37;0;AV FRANCISCO SA;;;43;;Colis?úo;Luz do Dia;;;Meio de Quadra;;;0;1;1;0;0;0;0;0;0;0;0;0;;
264823;30;7;2015;12:39;0;RUA HOLANDA;;;0;;Colis?úo;Luz do Dia;;;Meio de Quadra;;;0;1;0;0;0;0;0;0;0;0;0;0;;
264824;30;7;2015;13:24;5201;RUA FLORIANO PEIXOTO;RUA SAO PAULO;;0;;Colis?úo;Luz do Dia;;;Cruz;Sem?íforo;Comercial;0;1;1;1;0;0;0;0;0;1;0;0;-3,726281000000000;-38,526784000000000
264825;30;7;2015;14:13;0;RUA JOSE MENDONCA;;;0;;Colis?úo;Luz do Dia;;;Meio de Quadra;;;0;1;0;0;0;0;0;0;0;0;0;0;-3,760374000000000;-38,602795000000000
264829;30;7;2015;18:02;0;RUA GUILHERME ALENCAR;;;0;;Colis?úo;Anoitecer;;;Meio de Quadra;;;0;1;1;1;0;0;0;0;0;1;0;0;-3,834915000000000;-38,491800000000000
264830;30;7;2015;18:34;0;AV DOLOR BARREIRA;;;0;;Atropelamento;Anoitecer;;;Meio de Quadra;;;0;1;1;0;0;0;0;0;0;1;0;0;-3,729238000000000;-38,472630000000000
264832;30;7;2015;20:37;1516;AV PDE ANTONIO TOMAS;AV DES MOREIRA;;0;;Colis?úo;;;;Cruz;Sem?íforo;Comercial;0;1;0;0;0;0;0;0;0;0;0;0;-3,740161000000000;-38,499616000000000
264834;30;7;2015;02:42;0;AV BEZERRA DE MENEZES;;;0;;Colis?úo;;;;Meio de Quadra;;;0;1;0;0;0;0;0;0;0;0;0;0;;
264835;30;7;2015;06:04;0;RUA MARIA JULIA;;;0;;Queda;Luz do Dia;;;Meio de Quadra;;;0;1;0;0;0;0;0;0;0;1;0;0;;
255203;30;7;2015;04:15;0;AV ALBERTO NEPOMUCENO;;;146;;Colis?úo Lateral;Via Iluminada;Bom;Seca;Meio de Quadra;N?úo H?í Controle;Comercial;0;0;2;1;0;0;0;0;0;0;0;0;-3,722354000000000;-38,523816000000000
255211;30;7;2015;16:00;1406;AV DES MOREIRA;RUA DES LEITE ALBUQUERQUE;;0;;Colis?úo Transversal;Luz do Dia;Bom;Seca;Cruz;Sem?íforo;Comercial;0;0;2;0;0;0;0;0;0;1;0;0;-3,737220000000000;-38,498678000000000
255222;30;7;2015;20:10;0;RUA EMILIO DE MENESES;;;1293;;Colis?úo Transversal;Via Iluminada;Bom;Seca;Meio de Quadra;N?úo H?í Controle;Residencial;0;0;2;1;0;0;0;0;0;1;0;0;-3,780167000000000;-38,593047000000000
255208;30;7;2015;13:20;1351;RUA TIBURCIO CAVALCANTE;RUA DES LEITE ALBUQUERQUE;;0;;Colis?úo Transversal;Luz do Dia;Bom;Seca;Cruz;N?úo H?í Controle;Comercial;0;0;2;1;0;0;0;0;0;0;0;0;-3,735956000000000;-38,502587000000000
255218;30;7;2015;23:00;19062;RUA DES WALDETARIO P MOTA;RUA PAULO MORAIS;;0;;Colis?úo Transversal;Via Iluminada;Bom;Seca;Cruz;Pare;Comercial;0;1;1;1;0;0;0;0;0;0;0;0;-3,736632000000000;-38,480491000000000
255219;30;7;2015;11:00;0;AV DUQ CAXIAS;;;1573;;Colis?úo Lateral;Luz do Dia;Bom;Seca;;;;0;1;1;1;0;0;0;0;0;1;0;0;-3,729050000000000;-38,538343000000000
259567;30;7;2015;08:15;0;RD CE-060;;;0;KM-03;Outros;Luz do Dia;Bom;Seca;Meio de Quadra;N?úo H?í Controle;Comercial;0;1;0;0;0;0;0;0;0;1;0;0;-3,836637000000000;-38,582776000000000
259568;30;7;2015;09:00;0;RD CE-060;;;4747;KM-02;Colis?úo;Luz do Dia;Bom;Seca;Meio de Quadra;;Comercial;0;2;1;0;0;0;1;0;0;1;0;0;-3,817124000000000;-38,574608000000000
259098;30;7;2015;06:45;0;RD BR 116;;;2000;KM-02;Colis?úo Lateral;Luz do Dia;Bom;Seca;Meio de Quadra;N?úo H?í Controle;Comercial;0;2;1;1;0;0;0;0;0;1;0;0;-3,771391000000000;-38,516780000000000
259059;30;7;2015;11:30;0;RD BR 222;;;0;KM-03;Colis?úo Traseira;Luz do Dia;Bom;Seca;Meio de Quadra;N?úo H?í Controle;Comercial;0;1;2;1;0;0;0;0;0;1;0;0;-3,736999000000000;-38,571997000000000
263232;30;7;2015;13:10;0;AV JOAO PESSOA;;;0;;Colis?úo;Luz do Dia;;;Meio de Quadra;;;0;0;2;1;0;0;0;0;0;0;0;0;;
263236;30;7;2015;23:22;15339;RUA ANA BILHAR;RUA FRE MANSUETO;;0;;Colis?úo;;;;Cruz;Sem?íforo;Residencial;0;0;2;1;0;0;0;0;0;0;0;0;-3,731552000000000;-38,488841000000000
263210;30;7;2015;09:18;12593;AV CEL CARVALHO;RUA MISERICORDIA;;0;;Colis?úo;Luz do Dia;;;Cruz;Pare;Residencial;0;0;2;1;0;0;0;0;0;0;0;0;-3,725879000000000;-38,585686000000000
255238;30;7;2015;14:00;20042;AV ALBERTO CRAVEIRO;AV DR SILAS MUNGUBA;;0;;Colis?úo Lateral;Luz do Dia;Bom;Seca;Rotat??ria;D?¬ Prefer?¬ncia;Lazer;0;0;2;1;0;0;0;0;0;0;0;0;-3,807229000000000;-38,524782000000000
255241;30;7;2015;10:30;15834;RUA TEN JURANDIR ALENCAR;RUA CEL FRANCISCO PEREIRA (MESSEJANA);;0;;Colis?úo Lateral;Luz do Dia;Bom;Seca;Cruz;Sem?íforo;Comercial;0;0;2;1;0;0;1;0;0;0;0;0;-3,831773000000000;-38,492929000000000
255233;30;7;2015;18:00;0;AV AGUANAMBI;;;94;;Colis?úo Lateral;Via Iluminada;Bom;Seca;Meio de Quadra;Sem?íforo;Comercial;0;0;2;1;1;0;0;0;0;0;0;0;-3,737727000000000;-38,524263000000000
255230;30;7;2015;16:00;0;AV BEZERRA DE MENEZES;;;1256;;Colis?úo Traseira;Luz do Dia;Bom;Seca;Meio de Quadra;;Comercial;0;0;2;0;0;0;0;0;0;0;0;0;-3,734015000000000;-38,556489000000000
255226;30;7;2015;16:30;0;AV 13 DE MAIO;;;1400;;Colis?úo Traseira;Luz do Dia;Bom;Seca;Meio de Quadra;Sem?íforo;Comercial;0;0;2;1;1;0;0;0;0;0;0;0;-3,747801000000000;-38,531113000000000
255256;30;7;2015;16:00;24988;RUA FRE MANSUETO;RUA TAVARES COUTINHO;;0;;Colis?úo Transversal;Luz do Dia;Bom;Seca;Cruz;Sem?íforo;Comercial;0;0;2;1;0;0;0;0;0;0;0;0;-3,732638000000000;-38,488784000000000
255253;30;7;2015;15:45;281;AV JOVITA FEITOSA;RUA PRO RAIMUNDO VITOR;;0;;Colis?úo Lateral;Luz do Dia;Bom;Seca;T;Pare;Comercial;0;1;1;1;0;0;0;0;0;1;0;0;-3,741618000000000;-38,565085000000000
255249;30;7;2015;12:20;12762;AV BORGES DE MELO;RUA JORGE DUMAR;;0;;Colis?úo Traseira;Luz do Dia;Bom;Seca;Cruz;Sem?íforo;Comercial;0;0;3;1;0;0;0;0;0;0;0;0;-3,752695000000000;-38,539369000000000
255235;30;7;2015;20:00;0;RUA TAQUATIARA;;;0;TERMINAL DE MESSEJANA;Colis?úo Traseira;Via Iluminada;Bom;Seca;Meio de Quadra;N?úo H?í Controle;Residencial;0;0;2;1;0;0;0;0;1;0;0;0;;
255244;30;7;2015;21:30;0;RUA ESIO LIMA VERDE;;;24;;Colis?úo Frontal;Mal Iluminada;Bom;Seca;Meio de Quadra;N?úo H?í Controle;Residencial;0;1;1;0;1;0;0;0;1;0;0;0;-3,774056000000000;-38,472135000000000
255260;30;7;2015;18:30;13416;AV RUI BARBOSA;RUA JOAO BRIGIDO;;0;;Colis?úo Lateral;Via Iluminada;Bom;Seca;Cruz;Pare;Comercial;0;0;2;1;0;0;0;0;0;0;0;0;-3,741995000000000;-38,511369000000000
255265;30;7;2015;07:40;0;RUA RIO GRANDE DO SUL;;;1377;;Colis?úo Transversal;Luz do Dia;Bom;Seca;Meio de Quadra;N?úo H?í Controle;Residencial;0;0;2;1;0;0;0;0;0;0;0;0;-3,760368000000000;-38,568688000000000
255271;30;7;2015;07:30;20042;AV ALBERTO CRAVEIRO;AV DEP PAULINO ROCHA;;0;;Colis?úo Lateral;Luz do Dia;Bom;Seca;Rotat??ria;D?¬ Prefer?¬ncia;Comercial;0;1;1;1;0;0;0;0;0;1;0;0;-3,807229000000000;-38,524782000000000
255287;30;7;2015;07:40;7833;AV BAR STUDART;RUA CEL ALVES TEIXEIRA;;0;;Colis?úo Traseira;Luz do Dia;Bom;Seca;Cruz;Sem?íforo;Comercial;0;0;4;1;0;0;0;0;0;1;0;0;-3,746400000000000;-38,510368000000000
255296;30;7;2015;08:10;7770;RUA JOSE VILAR;RUA TOMAS ACIOLI;;0;;Colis?úo Lateral;Luz do Dia;Bom;Seca;Cruz;Pare;Residencial;0;0;2;1;1;0;0;0;0;0;0;0;-3,745503000000000;-38,507807000000000
255297;30;7;2015;18:00;0;AV DOMINGOS OLIMPIO;;;1195;;Colis?úo Frontal;Anoitecer;Bom;Seca;Meio de Quadra;Outros;Comercial;0;0;3;1;0;0;0;0;0;0;0;0;-3,735606000000000;-38,534135000000000
255283;30;7;2015;09:00;13497;RUA BAR ARACATI;RUA CEL ALVES TEIXEIRA;;0;;Colis?úo Transversal;Luz do Dia;Bom;Seca;Cruz;Pare;Residencial;0;1;1;1;0;0;0;0;0;1;0;0;-3,745716000000000;-38,516177000000000
255284;30;7;2015;09:00;0;AV AGUANAMBI;;;1001;;Colis?úo Traseira;Luz do Dia;Bom;Seca;Meio de Quadra;;Comercial;0;0;3;1;0;0;0;0;0;0;0;0;-3,745362000000000;-38,525423000000000
255277;30;7;2015;15:30;0;AV GODOFREDO MACIEL;;;424;;Choque c/ Obst?ículo Fixo;Luz do Dia;Bom;Seca;Meio de Quadra;N?úo H?í Controle;Comercial;0;0;1;1;0;0;0;0;0;0;0;0;-3,779933000000000;-38,564831000000000
255292;30;7;2015;08:46;24257;RUA MANUEL JESUINO;RUA TAVARES COUTINHO;;0;;Colis?úo Lateral;Luz do Dia;Bom;Seca;Cruz;Sem?íforo;Residencial;0;1;1;0;1;0;0;0;0;1;0;0;-3,732500000000000;-38,484965000000000
255304;30;7;2015;21:30;632;AV PASTEUR;RUA ENG JOAO NOGUEIRA;;0;;Colis?úo Frontal;Via Iluminada;Bom;Seca;Cruz;Pare;Comercial;0;2;1;1;0;0;0;0;0;0;0;0;-3,712927000000000;-38,559415000000000
264549;30;7;2015;01:27;22665;AV ENG LEAL LIMA VERDE (SAPIRANGA/COITE);AV COS GOMES DE FREITAS (SAPIRANGA/COITE);;0;;Colis?úo;;;;Rotat??ria;D?¬ Prefer?¬ncia;Comercial;0;3;0;1;0;0;0;0;0;0;0;0;-3,795341000000000;-38,475739000000000
264553;30;7;2015;05:30;0;AV PRS CASTELO BRANCO;;;255;BIBLIOTECA P?ÜBLICA;Colis?úo Lateral;Amanhecer;;;Meio de Quadra;;;0;1;0;1;0;0;0;0;0;0;0;0;-3,723277000000000;-38,520828000000000
264556;30;7;2015;09:15;10999;RUA 15 DE NOVEMBRO;RUA ALBERTO MAGNO;;0;;Colis?úo;Luz do Dia;;;Cruz;Pare;Residencial;0;2;0;1;0;0;0;0;0;1;0;0;-3,769909000000000;-38,553169000000000
255385;31;7;2015;10:40;0;RUA JOAO CORDEIRO;;;1596;;Colis?úo Lateral;Luz do Dia;Bom;Seca;Meio de Quadra;N?úo H?í Controle;Comercial;0;2;1;1;0;0;0;0;0;1;0;0;-3,734302000000000;-38,515848000000000
255379;31;7;2015;22:00;0;RUA DEP MOREIRA DA ROCHA;;;1266;;Choque c/ Obst?ículo Fixo;Via Iluminada;Bom;Molhada;Meio de Quadra;N?úo H?í Controle;Residencial;0;0;2;1;0;0;0;0;0;0;0;0;-3,727943000000000;-38,501514000000000
255405;31;7;2015;08:20;0;AV JOSE BASTOS;;;0;;Colis?úo Lateral;Luz do Dia;Bom;Seca;Meio de Quadra;Sem?íforo Danificado;Comercial;0;0;3;1;0;0;0;0;0;1;0;0;;
255413;31;7;2015;05:20;11339;AV GODOFREDO MACIEL;AV BENJAMIM BRASIL;;0;;Colis?úo Traseira;Amanhecer;Bom;Seca;Cruz;Sem?íforo;Comercial;0;0;2;1;0;0;0;0;0;0;0;0;-3,803264000000000;-38,572040000000000
255425;31;7;2015;12:15;0;AV BEZERRA DE MENEZES;;;0;;Colis?úo Lateral;Luz do Dia;Bom;Seca;Meio de Quadra;N?úo H?í Controle;Comercial;0;0;2;0;1;0;0;0;0;1;0;0;;
255426;31;7;2015;15:00;0;AV DR SILAS MUNGUBA;;;3666;;Colis?úo Traseira;Luz do Dia;Bom;Seca;Meio de Quadra;Sem?íforo;Comercial;0;0;2;1;0;0;0;0;0;0;0;0;-3,790219000000000;-38,540801000000000
255430;31;7;2015;17:30;0;RUA EDITE BRAGA;;;1401;;Colis?úo Lateral;Anoitecer;Bom;Seca;Meio de Quadra;N?úo H?í Controle;Residencial;0;0;2;1;0;0;0;0;0;0;0;0;-3,761673000000000;-38,548445000000000
255432;31;7;2015;19:31;0;RUA GERMANO FRANCK;;;0;;Colis?úo Lateral;Via Iluminada;Bom;Seca;Meio de Quadra;N?úo H?í Controle;Comercial;0;0;2;1;0;0;0;1;0;0;0;0;;
255436;31;7;2015;16:20;0;AV ALBERTO CRAVEIRO;;;0;;Colis?úo Traseira;Luz do Dia;Bom;Seca;Meio de Quadra;Pare;Comercial;0;0;2;1;0;0;0;0;0;0;0;0;;
255437;31;7;2015;;0;RUA FIS VIEIRA;;;3456;;Colis?úo Traseira;Via Iluminada;Bom;Seca;Meio de Quadra;N?úo H?í Controle;Residencial;0;0;3;1;0;0;0;0;0;0;0;0;-3,751664000000000;-38,516276000000000
255438;31;7;2015;05:30;13586;RUA CAP GUSTAVO;RUA ANTONIO FURTADO;;0;;Choque c/ Obst?ículo Fixo;Amanhecer;Bom;Seca;T;Pare;Comercial;0;0;1;1;0;0;0;0;0;0;0;0;-3,752095000000000;-38,517333000000000
255434;31;7;2015;11:45;12954;AV PRS COSTA E SILVA;RUA BERNARDO MANUEL;;0;;Colis?úo Lateral;Luz do Dia;Bom;Seca;Cruz;Sem?íforo;Comercial;0;0;2;0;0;0;0;0;0;0;0;0;-3,821079000000000;-38,558276000000000
255372;31;7;2015;15:20;1297;AV SANTOS DUMONT;RUA JOSE VILAR;;0;;Colis?úo Traseira;Luz do Dia;Bom;Seca;Cruz;N?úo H?í Controle;Comercial;0;0;2;1;0;0;0;0;0;0;0;0;-3,734337000000000;-38,504194000000000
255365;31;7;2015;14:45;5440;AV HERACLITO GRACA;RUA RODRIGUES JUNIOR;;0;;Colis?úo Traseira;Luz do Dia;Bom;Seca;Cruz;N?úo H?í Controle;Comercial;0;0;2;1;0;0;0;0;0;0;0;0;-3,734374000000000;-38,521831000000000
255362;31;7;2015;10:00;0;AV AGUANAMBI;;;1637;;Colis?úo Lateral;Luz do Dia;Bom;Seca;Meio de Quadra;Outros;Comercial;0;0;2;1;0;0;0;0;0;0;0;0;-3,751120000000000;-38,523538000000000
255357;31;7;2015;09:20;0;RUA JOSE VILAR;;;800;;Colis?úo Lateral;Luz do Dia;Bom;Seca;Meio de Quadra;N?úo H?í Controle;Comercial;0;0;2;1;0;0;1;0;0;0;0;0;-3,732271000000000;-38,503542000000000
255360;31;7;2015;08:00;9020;RUA SALDANHA MARINHO;RUA JAIME BENEVOLO;;0;;Colis?úo Lateral;Luz do Dia;Bom;Seca;Cruz;Sem?íforo;Comercial;0;0;2;1;0;0;0;0;0;1;0;0;-3,743046000000000;-38,528994000000000
264849;31;7;2015;18:09;0;RUA CON DE CASTRO;;;0;;Colis?úo;Anoitecer;;;Meio de Quadra;;;0;1;0;0;0;0;0;0;0;1;0;0;-3,821426000000000;-38,604268000000000
264850;31;7;2015;18:13;0;AV MR HULL;;;0;;Colis?úo;Anoitecer;;;Meio de Quadra;;;0;1;0;0;0;0;0;0;0;0;0;0;;
264851;31;7;2015;18:17;0;RUA PRO HERIBALDO COSTA;;;0;;Colis?úo;Anoitecer;;;Meio de Quadra;;;0;1;1;1;0;0;0;0;0;1;0;0;;
264852;31;7;2015;18:25;0;RUA PORTO VELHO;;;0;;Colis?úo;Anoitecer;;;Meio de Quadra;;;0;1;0;0;0;0;0;0;0;0;0;0;;
264861;31;7;2015;19:09;0;AV MR HULL;;;0;;Colis?úo;;;;Meio de Quadra;;;0;1;1;1;0;0;0;0;0;1;0;0;;
264865;31;7;2015;19:48;0;AV GAL OSORIO DE PAIVA;;;0;;Colis?úo;;;;Meio de Quadra;;;0;1;1;1;0;0;0;0;0;1;0;0;;
264866;31;7;2015;20:56;0;AV CONTORNO SUL;;;0;;Colis?úo;;;;Meio de Quadra;;;0;1;1;1;0;0;0;0;0;1;0;0;-3,836082000000000;-38,517891000000000
264867;31;7;2015;21:09;0;RUA CEL VIRGILIO NOGUEIRA (BOM JARDIM);;;0;;Atropelamento;;;;Meio de Quadra;;;0;1;1;0;0;0;0;0;0;1;0;0;;
264870;31;7;2015;22:17;3767;AV IMPERADOR;AV DOMINGOS OLIMPIO;;0;;Colis?úo;;;;Cruz;Sem?íforo;Comercial;0;1;1;1;0;0;0;0;0;1;0;0;-3,734790000000000;-38,536697000000000
264871;31;7;2015;22:22;0;AV PERIMETRAL;;;0;;Colis?úo;;;;Meio de Quadra;;;0;1;1;0;0;0;0;0;0;0;0;0;;
264872;31;7;2015;22:51;0;AV VICENTE DE CASTRO;;;6870;;Colis?úo;;;;Meio de Quadra;;;0;2;0;1;0;0;0;0;0;1;0;0;-3,709002000000000;-38,471203000000000
264873;31;7;2015;22:55;0;RUA TEODOMIRO DE CASTRO;;;0;;Queda;;;;Meio de Quadra;;;0;1;0;0;0;0;0;0;0;1;0;0;;
264874;31;7;2015;23:32;0;AV GAL OSORIO DE PAIVA;;;0;;Colis?úo;;;;Meio de Quadra;;;0;1;0;1;1;0;0;0;0;0;0;0;;
264876;31;7;2015;23:46;0;RUA DR ESTENIO GOMES;;;0;;Colis?úo;;;;Meio de Quadra;;;0;0;2;1;0;0;0;0;0;1;0;0;;
255319;31;7;2015;14:00;0;RUA PRO OTAVIO LOBO;;;540;;Colis?úo Lateral;Luz do Dia;Bom;Seca;Meio de Quadra;Pare;Residencial;0;0;3;0;1;0;0;0;0;0;0;0;-3,743665000000000;-38,478347000000000
255327;31;7;2015;13:20;0;AV VICENTE DE CASTRO;;;6070;;Colis?úo Lateral;Luz do Dia;Bom;Material Derrapante;Meio de Quadra;N?úo H?í Controle;Industrial;0;1;2;0;0;0;1;0;0;1;0;0;-3,711400000000000;-38,472228000000000
255282;31;7;2015;08:00;0;AV PRS COSTA E SILVA;;;0;;Colis?úo Transversal;Luz do Dia;Bom;Seca;Meio de Quadra;N?úo H?í Controle;Residencial;0;2;1;1;0;0;0;0;0;1;0;0;-3,826378000000000;-38,537464000000000
255286;31;7;2015;08:30;0;RUA GERMANO FRANCK;;;720;TERMINAL PARANGABA;Colis?úo Lateral;Luz do Dia;Bom;Seca;Meio de Quadra;N?úo H?í Controle;Residencial;0;0;2;1;0;0;0;0;0;1;0;0;-3,777298000000000;-38,562071000000000
255291;31;7;2015;14:40;15815;RUA MANUEL CASTELO BRANCO;RUA CEL GUILHERME ALENCAR;;0;;;Luz do Dia;Bom;Seca;Cruz;Pare;Comercial;0;0;2;1;0;0;0;0;0;0;0;0;-3,831934000000000;-38,491829000000000
255274;31;7;2015;10:00;7426;AV SEN FERNANDES TAVORA;RUA NATAL;;0;;Colis?úo Lateral;Luz do Dia;Bom;Seca;Cruz;N?úo H?í Controle;Residencial;0;0;2;1;0;0;0;0;0;0;0;0;-3,757915000000000;-38,590172000000000
255261;31;7;2015;15:30;7401;AV SEN FERNANDES TAVORA;RUA AUDISIO PINHEIRO;;0;;;Luz do Dia;Bom;;Cruz;Sem?íforo;Comercial;0;0;2;1;0;0;0;0;0;0;0;0;-3,758593000000000;-38,588886000000000
255243;31;7;2015;17:30;13375;AV ANTONIO SALES;RUA HENRIQUE RABELO;;0;;Colis?úo Lateral;Anoitecer;Bom;Seca;Cruz;Pare;Comercial;0;1;1;1;0;0;0;0;0;1;0;0;-3,739540000000000;-38,521352000000000
255254;31;7;2015;12:20;7892;RUA PRO FRANCISCO GONCALVES;RUA PRO DIAS DA ROCHA;;0;;Colis?úo Lateral;Luz do Dia;Bom;Seca;Cruz;Pare;Comercial;0;1;1;0;0;0;0;0;0;1;0;0;-3,748582000000000;-38,495852000000000
255227;31;7;2015;10:50;13586;RUA CAP GUSTAVO;RUA ANTONIO FURTADO;;0;;Colis?úo Transversal;Luz do Dia;Bom;Seca;T;Pare;Comercial;0;0;2;1;0;0;0;0;0;0;0;0;-3,752095000000000;-38,517333000000000
255234;31;7;2015;12:30;2604;AV CEL CARVALHO;RUA ARQUIMEDES MEMORIA;;0;;Outros;Luz do Dia;Nublado;Seca;T;Gesto;Residencial;0;0;1;0;0;0;1;0;0;0;0;0;-3,713096000000000;-38,589014000000000