COD_ACIDENTE;DIA;MES;ANO;HORA;INTERSECAO;LOG1;LOG2;LOG3;NUMERO;REFERENCIA;NATUREZA;ILUMINACAO;TEMPO;SUPERFICIEPISTA;TIPOCRUZAMENTO;CONTROLETRAFEGO;USOSOLO;MORTOS;FERIDOS;ILESOS;AUTOMOVEL;ONIBUS;BICICLETA;CAMINHAO;MICROONIBUS;CICLOMOTOR;MOTOCICLETA;TRACAOANIMAL;TREM;LATITUDE;LONGITUDE
255239;31;7;2015;14:40;0;AV FRANCISCO SA;;;2410;;Colis?úo Transversal;Luz do Dia;Bom;Seca;Meio de Quadra;N?úo H?í Controle;Residencial;0;0;2;1;0;0;1;0;0;0;0;0;-3,720520000000000;-38,547906000000000
255353;31;7;2015;09:15;19053;AV ENG SANTANA JUNIOR;RUA EDUARDO SABOIA;;0;;Colis?úo Lateral;Luz do Dia;Bom;Seca;T;N?úo H?í Controle;Comercial;0;0;2;0;1;0;0;0;0;1;0;0;-3,736244000000000;-38,482443000000000
255333;31;7;2015;08:40;0;RUA EDITE BRAGA;;;301;;Colis?úo Lateral;Luz do Dia;Bom;Seca;Meio de Quadra;Pare;Residencial;0;0;2;1;0;0;0;0;0;0;0;0;-3,754343000000000;-38,542240000000000
255339;31;7;2015;13:40;7860;AV ANTONIO SALES;AV SEN VIRGILIO TAVORA;;0;;Colis?úo Traseira;Luz do Dia;Bom;Seca;Cruz;Sem?íforo;Residencial;0;0;2;1;0;0;0;0;0;0;0;0;-3,747279000000000;-38,496500000000000
255344;31;7;2015;08:00;20023;AV DR SILAS MUNGUBA;AV HEROIS DO ACRE;;0;;Colis?úo Lateral;Luz do Dia;Bom;Seca;Cruz;Sem?íforo;Comercial;0;0;2;1;1;0;0;0;0;0;0;0;-3,803079000000000;-38,528540000000000
255346;31;7;2015;17:30;13264;RUA 60 CJ JOSE WALTER;RUA 49 CJ JOSE WALTER;;0;;Colis?úo Lateral;Luz do Dia;Bom;Seca;Cruz;N?úo H?í Controle;Residencial;0;0;2;1;0;0;0;0;1;0;0;0;-3,837154000000000;-38,557030000000000
255349;31;7;2015;17:00;0;AV N CJ JOSE WALTER;;;751;;Colis?úo Lateral;Luz do Dia;Bom;Seca;Meio de Quadra;N?úo H?í Controle;Residencial;0;0;2;1;0;0;0;0;0;1;0;0;-3,828346000000000;-38,559544000000000
263249;31;7;2015;16:25;0;AV JOAO PESSOA;RUA PRO COSTA MENDES;;0;;Colis?úo;Luz do Dia;;;;;;0;0;2;1;0;0;0;0;0;0;0;0;;
263253;31;7;2015;16:51;15290;RUA JOAQUIM NABUCO;RUA CANUTO DE AGUIAR;;0;;Colis?úo;Luz do Dia;;;Cruz;Pare;Residencial;0;0;2;1;0;0;0;0;0;0;0;0;-3,729360000000000;-38,499390000000000
263258;31;7;2015;22:40;0;RUA GUILHERME ROCHA;RUA COS ESTELITA;;0;;Colis?úo;;;;;;;0;0;2;1;0;0;0;0;0;0;0;0;;
259060;31;7;2015;19:00;0;RD BR 222;;;0;KM-01;Atropelamento;Via Iluminada;Bom;Seca;Meio de Quadra;N?úo H?í Controle;Comercial;1;1;0;0;0;0;0;0;0;1;0;0;-3,737774000000000;-38,577952000000000
263246;31;7;2015;14:59;6818;RUA FRANCISCO MATOS;RUA DR GILBERTO STUDART;;0;;Colis?úo;Luz do Dia;;;Cruz;Pare;Residencial;0;0;2;1;0;0;0;0;0;0;0;0;-3,747084000000000;-38,470191000000000
259570;31;7;2015;10:20;0;RD CE-040;;;0;KM-04;Colis?úo;Luz do Dia;Bom;Seca;Meio de Quadra;;Comercial;0;0;2;1;0;0;0;0;0;0;0;0;-3,792050000000000;-38,480251000000000
259571;31;7;2015;10:21;0;RD CE-040;;;0;KM-06;Colis?úo;Luz do Dia;Bom;Seca;Meio de Quadra;;Comercial;0;0;2;1;0;0;0;0;0;0;0;0;-3,811270000000000;-38,478781000000000
259573;31;7;2015;17:30;0;RD CE-040;;;0;KM-06;Colis?úo;Anoitecer;Bom;Seca;Meio de Quadra;;Comercial;0;0;2;1;0;0;0;0;0;0;0;0;-3,811270000000000;-38,478781000000000
259574;31;7;2015;17:30;0;RD CE-040;;;0;KM-07;Colis?úo;Anoitecer;Bom;Seca;Meio de Quadra;;Comercial;0;0;2;0;0;0;0;0;0;0;0;0;-3,817953000000000;-38,483160000000000
259576;31;7;2015;19:00;0;AV SEN CARLOS JEREISSATI (AEROPORTO);;;0;;Colis?úo;Via Iluminada;Bom;Seca;Meio de Quadra;;Comercial;0;2;0;0;0;1;0;0;0;1;0;0;;
259464;31;7;2015;18:00;0;AV SEN CARLOS JEREISSATI (AEROPORTO);;;0;KM 02;Colis?úo;Anoitecer;;Seca;Meio de Quadra;;;0;1;1;1;0;0;0;0;0;1;0;0;-3,783932000000000;-38,529156000000000
255220;31;7;2015;17:30;15126;AV HIS RAIMUNDO GIRAO;AV RUI BARBOSA;;0;;Colis?úo Lateral;Anoitecer;Bom;Seca;Cruz;Sem?íforo;Comercial;0;0;2;1;0;0;0;0;0;1;0;0;-3,723546000000000;-38,505405000000000
255217;31;7;2015;09:00;0;RUA MARIA TOMASIA;;;555;;Choque c/ Obst?ículo Fixo;Luz do Dia;Bom;Seca;Meio de Quadra;N?úo H?í Controle;Comercial;0;0;2;0;0;0;1;0;0;0;0;0;;
255212;31;7;2015;22:20;15194;RUA ILDEFONSO ALBANO;RUA DEP MOREIRA DA ROCHA;;0;;Queda;Via Iluminada;Bom;Seca;Cruz;Pare;Residencial;0;1;2;1;0;0;0;0;0;1;0;0;-3,726480000000000;-38,511072000000000
255206;31;7;2015;18:30;0;AV OLIVEIRA PAIVA;;;2061;;Colis?úo Traseira;Via Iluminada;Bom;Seca;Meio de Quadra;Sem?íforo;Comercial;0;0;2;0;0;0;0;0;0;1;0;0;-3,796209000000000;-38,488030000000000
255200;31;7;2015;19:00;0;AV BORGES DE MELO;;;2121;;Colis?úo Lateral;Via Iluminada;Bom;Seca;Meio de Quadra;Outros;Residencial;0;0;2;1;0;0;0;0;0;0;0;0;-3,753959000000000;-38,537014000000000
264836;31;7;2015;07:33;0;AV PRS COSTA E SILVA;;;0;;Colis?úo;Luz do Dia;;;Meio de Quadra;;;0;1;1;1;0;0;0;0;0;1;0;0;-3,826378000000000;-38,537464000000000
264838;31;7;2015;08:20;5214;RUA PEREIRA FILGUEIRAS;RUA DNA LEOPOLDINA;;0;;Colis?úo;Luz do Dia;;;Cruz;Sem?íforo;Comercial;0;1;1;1;0;0;0;0;0;1;0;0;-3,726647000000000;-38,518167000000000
264846;31;7;2015;16:44;0;AV PRS CASTELO BRANCO;;;0;;Colis?úo;Luz do Dia;;;Meio de Quadra;;;0;1;1;1;0;0;0;0;0;1;0;0;;
264847;31;7;2015;17:02;0;RUA PEDRO DANTAS;;;0;;Atropelamento;Anoitecer;;;Meio de Quadra;;;0;1;1;1;0;0;0;0;0;0;0;0;;
264843;31;7;2015;14:31;23047;AV DR SILAS MUNGUBA;RUA GIRASSOL;;0;;Colis?úo;Luz do Dia;;;Cruz;Outros;Comercial;0;1;1;1;0;0;0;0;0;1;0;0;-3,791235000000000;-38,537818000000000
264844;31;7;2015;16:05;0;AV WASHINGTON SOARES;;;0;;Atropelamento;Luz do Dia;;;Meio de Quadra;;;0;1;1;1;0;0;0;0;0;0;0;0;-3,758550000000000;-38,485082000000000
270459;31;7;2015;14:44;0;AV CASTELO DE CASTRO;;;1592;;Colis?úo;Luz do Dia;;;Meio de Quadra;;;0;0;2;0;0;0;0;0;0;0;0;0;;
270460;31;7;2015;15:22;0;RUA JOSE HIPOLITO;;;1019;;Colis?úo;Luz do Dia;;;Meio de Quadra;;;0;0;2;0;0;0;0;0;0;0;0;0;-3,835207000000000;-38,487111000000000
270461;31;7;2015;15:48;17932;RUA GAL GOIS MONTEIRO;RUA DRACON BARRETO;;0;;Colis?úo;Luz do Dia;;;Cruz;Pare;Residencial;0;0;2;0;0;0;0;0;0;0;0;0;-3,733801000000000;-38,579178000000000
270462;31;7;2015;15:58;0;RUA PRO HERIBALDO COSTA;;;774;;Atropelamento;Luz do Dia;;;Meio de Quadra;;;0;0;2;0;0;0;0;0;0;0;0;0;-3,759278000000000;-38,583478000000000
270463;31;7;2015;16:14;0;AV OLIVEIRA PAIVA;;;1556;;Colis?úo;Luz do Dia;;;Meio de Quadra;;;0;0;2;0;0;0;0;0;0;0;0;0;;
270464;31;7;2015;17:01;0;RUA RIO GRANDE DO SUL;;;1155;;Colis?úo;Anoitecer;;;Meio de Quadra;;;0;0;2;0;0;0;0;0;0;0;0;0;-3,758686000000000;-38,567603000000000
270465;31;7;2015;17:14;0;AV GODOFREDO MACIEL;;;4000;;Colis?úo;Anoitecer;;;Meio de Quadra;;;0;0;2;0;0;0;0;0;0;0;0;0;-3,809372000000000;-38,573939000000000
270466;31;7;2015;17:20;0;ET PAVUNA;;;161;;Colis?úo;Anoitecer;;;Meio de Quadra;;;0;0;2;0;0;0;0;0;0;0;0;0;-3,819062000000000;-38,558554000000000
270467;31;7;2015;18:15;10344;RUA PERILIO TEIXEIRA;RUA PORTO DAS ROSAS;;0;;Colis?úo;Anoitecer;;;;;;0;0;2;0;0;0;0;0;0;0;0;0;-3,756908000000000;-38,601385000000000
270468;31;7;2015;18:44;0;AV CEL CARVALHO;;;0;;Colis?úo;;;;Meio de Quadra;;;0;0;2;0;0;0;0;0;0;0;0;0;;
270469;31;7;2015;20:19;0;LOGRADOURO SEM NOME;;;0;;Choque c/ Obst?ículo Fixo;;;;Meio de Quadra;;;0;0;2;0;0;0;0;0;0;0;0;0;;
270470;31;7;2015;20:30;0;RUA CORREIA LIMA D39;;;0;;Colis?úo;;;;Meio de Quadra;;;0;0;2;0;0;0;0;0;0;0;0;0;;
270471;31;7;2015;20:32;24904;RUA ROSINHA SAMPAIO;RUA PEDRO FERREIRA;;0;;Colis?úo;;;;Cruz;N?úo H?í Controle;Residencial;0;0;2;0;0;0;0;0;0;0;0;0;-3,723605000000000;-38,599496000000000
270472;31;7;2015;20:34;0;RUA CUIABA;;;0;;Colis?úo;;;;Meio de Quadra;;;0;0;2;0;0;0;0;0;0;0;0;0;;
270473;31;7;2015;20:58;25681;RUA CEL MANUEL ANTONIO LEITE;RUA VALDEMAR HOLANDA;;0;;Choque c/ Obst?ículo Fixo;;;;Cruz;N?úo H?í Controle;Residencial;0;0;1;0;0;0;0;0;0;0;0;0;-3,772499000000000;-38,590951000000000
270474;31;7;2015;21:44;0;LOGRADOURO SEM NOME;;;0;;Colis?úo;;;;Meio de Quadra;;;0;0;2;0;0;0;0;0;0;0;0;0;;
270475;31;7;2015;22:43;0;RUA 113 CJ CEARA;;;0;;Colis?úo;;;;Meio de Quadra;;;0;0;2;0;0;0;0;0;0;0;0;0;;
270476;31;7;2015;22:52;0;AV DR SILAS MUNGUBA;;;953;;Colis?úo;;;;Meio de Quadra;;;0;0;2;0;0;0;0;0;0;0;0;0;-3,781419000000000;-38,557195000000000
270477;31;7;2015;22:59;1450;RUA JOSE VILAR;RUA JOAO CARVALHO;;0;;Colis?úo;;;;Cruz;Sem?íforo;Residencial;0;0;2;0;0;0;0;0;0;0;0;0;-3,738318000000000;-38,505477000000000
270478;31;7;2015;23:13;22353;RUA AMADEU FURTADO;AV BEZERRA DE MENEZES;;0;;Colis?úo;;;;Cruz;Sem?íforo;Comercial;0;0;2;0;0;0;0;0;0;0;0;0;-3,735601000000000;-38,564151000000000
270479;31;7;2015;00:02;0;RUA RAIMUNDO NERY;;;297;;Colis?úo;;;;Meio de Quadra;;;0;0;2;0;0;0;0;0;0;0;0;0;-3,795143000000000;-38,586012000000000
264576;31;7;2015;21:13;19469;AV GAL OSORIO DE PAIVA;AV AUGUSTO DOS ANJOS;;0;;Colis?úo;;;;Outros;Pare;Misto;0;1;0;1;0;0;0;0;0;1;0;0;-3,787349000000000;-38,584939000000000
259460;1;8;2015;14:10;0;AV SEN CARLOS JEREISSATI (AEROPORTO);;;0;KM 03;Colis?úo;Luz do Dia;;Seca;Meio de Quadra;;;0;0;2;1;0;0;0;0;0;0;0;0;-3,780382000000000;-38,541414000000000
263457;1;8;2015;12:42;0;RUA BERNARDO MANUEL;;;0;;Colis?úo;Luz do Dia;;;Meio de Quadra;;;0;0;2;1;0;0;0;0;0;0;0;0;;
259100;1;8;2015;07:25;0;RD BR 116;;;5000;KM-05;Colis?úo Traseira;Luz do Dia;Bom;Seca;Meio de Quadra;N?úo H?í Controle;Comercial;0;0;3;1;0;0;0;1;0;0;0;0;-3,796502000000000;-38,506787000000000
255332;1;8;2015;07:00;17315;RUA DES PRAXEDES;RUA PDE JOAO PIAMARTA;;0;;Colis?úo Transversal;Luz do Dia;Bom;Seca;Cruz;Pare;Residencial;0;0;2;0;0;0;0;0;0;0;0;0;-3,762866000000000;-38,543546000000000
255231;1;8;2015;;0;RUA BENEDITO MACEDO;;;0;;Choque c/ Obst?ículo Fixo;Via Iluminada;Bom;Seca;Meio de Quadra;N?úo H?í Controle;Industrial;0;0;1;1;0;0;0;0;0;0;0;0;;
255252;1;8;2015;20:00;0;AV CEL CARVALHO;;;0;;Colis?úo Traseira;Via Iluminada;Bom;Seca;Meio de Quadra;Outros;Comercial;0;0;2;1;1;0;0;0;0;0;0;0;;
255258;1;8;2015;18:00;1485;RUA PDE VALDEVINO;RUA ANTONIO AUGUSTO;;0;;Colis?úo Lateral;;Bom;Seca;Cruz;Pare;Comercial;0;1;1;1;0;0;0;0;0;1;0;0;-3,739239000000000;-38,516489000000000
255247;1;8;2015;13:30;0;AV PRO GOMES DE MATOS;;;1173;;Colis?úo Traseira;Luz do Dia;Bom;Seca;Meio de Quadra;Sem?íforo;Comercial;0;0;2;1;1;0;0;0;0;0;0;0;-3,762804000000000;-38,547023000000000
255268;1;8;2015;02:00;0;AV DR SILAS MUNGUBA;;;0;;Colis?úo Transversal;Via Iluminada;Bom;;Meio de Quadra;Sem?íforo;Comercial;0;0;2;1;1;0;0;0;0;0;0;0;;
255275;1;8;2015;18:10;10749;AV SEN FERNANDES TAVORA;RUA PRO HERIBALDO COSTA;;0;;Colis?úo Traseira;Via Iluminada;Bom;Seca;Cruz;Sem?íforo;Comercial;0;0;2;1;1;0;0;0;0;0;0;0;-3,761006000000000;-38,584384000000000
255281;1;8;2015;14:00;0;RUA CASTRO E SILVA;;;0;;Colis?úo Lateral;Luz do Dia;Bom;Seca;Meio de Quadra;N?úo H?í Controle;Comercial;0;0;2;1;0;0;0;0;0;0;0;0;;
255330;1;8;2015;14:00;0;RUA JOAQUIM TORRES;;;465;;Colis?úo Transversal;Luz do Dia;Bom;Seca;Meio de Quadra;Outros;Residencial;0;0;2;1;0;0;0;0;0;0;0;0;-3,741434000000000;-38,518772000000000
255315;1;8;2015;05:40;5305;RUA SENA MADUREIRA;RUA MON LUIS ROCHA;;0;;Choque c/ Obst?ículo Fixo;;Bom;Seca;;;Comercial;0;0;1;1;0;0;0;0;0;0;0;0;-3,729618000000000;-38,525666000000000
255316;1;8;2015;13:00;0;AV PRS COSTA E SILVA;;;1717;;Colis?úo;Luz do Dia;Bom;Seca;Meio de Quadra;;Comercial;1;1;0;0;0;0;0;0;0;1;0;0;-3,816840000000000;-38,566965000000000
255300;1;8;2015;23:40;0;RUA ADOLFO CAMINHA;;;37;;Colis?úo Transversal;Luz do Dia;Bom;Seca;Meio de Quadra;N?úo H?í Controle;Outros;0;0;2;1;0;0;0;0;0;0;0;0;-3,721193000000000;-38,523629000000000
255306;1;8;2015;00:55;5468;RUA BAR ARATANHA;RUA ANTONIO POMPEU;;0;;Colis?úo Transversal;Via Iluminada;Nublado;Molhada;Cruz;Sem?íforo;Residencial;0;0;2;1;0;0;0;0;0;0;0;0;-3,735826000000000;-38,527351000000000
255295;1;8;2015;16:30;0;AV CASTELO DE CASTRO;;;924;;Colis?úo Lateral;Luz do Dia;Bom;Seca;Meio de Quadra;Pare;Comercial;0;0;2;1;0;0;0;0;0;0;0;0;-3,837888000000000;-38,521716000000000
255310;1;8;2015;11:30;15194;RUA DEP MOREIRA DA ROCHA;RUA ILDEFONSO ALBANO;;0;;Colis?úo Transversal;Luz do Dia;Bom;Seca;Cruz;Pare;Residencial;0;1;1;1;0;0;0;0;0;1;0;0;-3,726480000000000;-38,511072000000000
269607;1;8;2015;22:36;0;AV I CJ JOSE WALTER;;;0;;Colis?úo;;;;Meio de Quadra;;;0;0;2;0;0;0;0;0;0;0;0;0;;
269610;1;8;2015;22:58;0;AV SANTOS DUMONT;;;0;;Colis?úo;;;;Meio de Quadra;;;0;0;2;0;0;0;0;0;0;0;0;0;;
269602;1;8;2015;21:49;22120;RUA CEL NUNES DE MELO;RUA PRO COSTA MENDES;;0;;Atropelamento;;;;Cruz;Pare;Comercial;0;0;2;0;0;0;0;0;0;0;0;0;-3,749003000000000;-38,553197000000000
269589;1;8;2015;20:18;0;AV PERIMETRAL;;;0;;Colis?úo;;;;Meio de Quadra;;;0;0;2;0;0;0;0;0;0;0;0;0;;
269600;1;8;2015;21:23;21979;RUA GAL BERNARDO FIGUEIREDO;RUA PRO RAIMUNDO ARRUDA;;0;;Colis?úo;;;;Cruz;Pare;Residencial;0;0;2;0;0;0;0;0;0;0;0;0;-3,739476000000000;-38,550840000000000
269593;1;8;2015;20:53;15348;RUA PRO DIAS DA ROCHA;RUA CANUTO DE AGUIAR;;0;;Colis?úo;;;;Cruz;Pare;Misto;0;0;2;0;0;0;0;0;0;0;0;0;-3,732186000000000;-38,490611000000000
269597;1;8;2015;21:17;0;RUA CARVALHO JUNIOR;;;0;;Atropelamento;;;;Meio de Quadra;;;0;0;2;0;0;0;0;0;0;0;0;0;;
269574;1;8;2015;18:12;0;RUA GUILHERME ASSUNCAO;;;0;;Colis?úo;Anoitecer;;;Meio de Quadra;;;0;0;2;0;0;0;0;0;0;0;0;0;;
269578;1;8;2015;19:38;18744;RUA CODO;RUA DALVA DE OLIVEIRA;;0;;Choque c/ Obst?ículo Fixo;;;;;;;0;0;1;0;0;0;0;0;0;0;0;0;-3,848308000000000;-38,521891000000000
269579;1;8;2015;20:06;0;AV DOS EXPEDICIONARIOS;;;0;;Colis?úo;;;;Meio de Quadra;;;0;0;2;0;0;0;0;0;0;0;0;0;;
269576;1;8;2015;18:24;0;AV CONTORNO SUL;;;0;;Colis?úo;Anoitecer;;;Meio de Quadra;;;0;0;2;0;0;0;0;0;0;0;0;0;;
269572;1;8;2015;18:00;6804;RUA ALMEIDA PRADO;RUA BENTO ALBUQUERQUE;;0;;Colis?úo;Anoitecer;;;Cruz;Pare;Residencial;0;0;2;0;0;0;0;0;0;0;0;0;-3,746101000000000;-38,475918000000000
269570;1;8;2015;16:05;0;AV OLIVEIRA PAIVA;;;0;;Colis?úo;Luz do Dia;;;Meio de Quadra;;;0;0;2;0;0;0;0;0;0;0;0;0;;
269567;1;8;2015;15:12;0;RUA BRILHANTE;;;0;;Atropelamento;Luz do Dia;;;Meio de Quadra;;;0;0;2;0;0;0;0;0;0;0;0;0;;
269568;1;8;2015;16:05;0;RUA JOSE MENDONCA;;;0;;Colis?úo;Luz do Dia;;;Meio de Quadra;;;0;0;2;0;0;0;0;0;0;0;0;0;;
269557;1;8;2015;12:46;0;RUA TR?èS (MESSEJANA);;;0;;Colis?úo;Luz do Dia;;;Meio de Quadra;;;0;0;2;0;0;0;0;0;0;0;0;0;;
269547;1;8;2015;12:39;0;RUA JOAO AREAS;;;0;;Colis?úo;Luz do Dia;;;;;;0;0;2;0;0;0;0;0;0;0;0;0;;
269549;1;8;2015;13:48;17579;RUA ESPIRITO SANTO;RUA PIAUI;;0;;Colis?úo;Luz do Dia;;;Cruz;N?úo H?í Controle;Comercial;0;0;2;0;0;0;0;0;0;0;0;0;-3,750946000000000;-38,566924000000000
269539;1;8;2015;11:23;0;RUA PDE PEDRO DE ALENCAR;;;0;;Colis?úo;Luz do Dia;;;Meio de Quadra;;;0;0;2;0;0;0;0;0;0;0;0;0;;
269537;1;8;2015;11:20;22905;RUA DR JUSTA ARAUJO D45;RUA PDE NOBREGA;;0;;Colis?úo;Luz do Dia;;;;;;0;0;2;0;0;0;0;0;0;0;0;0;-3,782321000000000;-38,552507000000000
269533;1;8;2015;11:07;9904;ET DO JATOBA;RUA JOAO GENTIL;;0;;Atropelamento;Luz do Dia;;;T;;Residencial;0;0;2;0;0;0;0;0;0;0;0;0;-3,791072000000000;-38,626124000000000
269526;1;8;2015;11:01;7211;AV PRS CASTELO BRANCO;AV DR THEBERGE;;0;;Colis?úo;Luz do Dia;;;Cruz;Sem?íforo;Comercial;0;0;2;0;0;0;0;0;0;0;0;0;-3,710079000000000;-38,563456000000000
269522;1;8;2015;;10695;RUA PRO HERIBALDO COSTA;RUA MON HIPOLITO BRASIL;;0;;Colis?úo;;;;Cruz;Pare;Comercial;0;0;2;0;0;0;0;0;0;0;0;0;-3,757069000000000;-38,582275000000000
269516;1;8;2015;08:56;9157;AV LUCIANO CARNEIRO;RUA JAIME BENEVOLO;;0;;Colis?úo;Luz do Dia;;;Cruz;Sem?íforo;Residencial;0;0;2;0;0;0;0;0;0;0;0;0;-3,749679000000000;-38,532033000000000
269514;1;8;2015;08:51;1287;RUA PINTO MADEIRA;RUA BAR ARACATI;;0;;Colis?úo;Luz do Dia;;;Cruz;Pare;Residencial;0;0;2;0;0;0;0;0;0;0;0;0;-3,733944000000000;-38,512278000000000
269511;1;8;2015;07:52;0;RUA DR BERNARDO DE CASTRO FEITOSA;;;0;;Choque c/ Obst?ículo Fixo;Luz do Dia;;;Meio de Quadra;;;0;0;1;0;0;0;0;0;0;0;0;0;;
269506;1;8;2015;07:01;710;RUA JOAO RIBEIRO;RUA ACUCENA;;0;;Choque c/ Obst?ículo Fixo;Luz do Dia;;;;Pare;Rural;0;0;1;0;0;0;0;0;0;0;0;0;-3,719825000000000;-38,567855000000000
269494;1;8;2015;00:14;0;RUA DES WALDETARIO P MOTA;;;0;;Colis?úo;;;;Meio de Quadra;;;0;0;2;0;0;0;0;0;0;0;0;0;;
269495;1;8;2015;00:24;0;AV 13 DE MAIO;;;0;;Colis?úo;;;;Meio de Quadra;;;0;0;2;0;0;0;0;0;0;0;0;0;;
269501;1;8;2015;02:47;0;RUA ANA BILHAR;;;0;;Atropelamento;;;;Meio de Quadra;;;0;0;2;0;0;0;0;0;0;0;0;0;;
269498;1;8;2015;01:49;15152;AV ABOLICAO;AV BAR STUDART;;0;;Colis?úo;;;;;;;0;0;2;0;0;0;0;0;0;0;0;0;-3,724762000000000;-38,503445000000000
264877;1;8;2015;00:59;0;AV HEROIS DO ACRE;;;0;;Queda;;;;Meio de Quadra;;;0;1;0;0;0;0;0;0;0;1;0;0;;
264878;1;8;2015;02:23;0;AV MAJ ASSIS;;;0;;Queda;;;;Meio de Quadra;;;0;1;0;0;0;0;0;0;0;1;0;0;-3,723259000000000;-38,590397000000000
264879;1;8;2015;02:25;0;RD BR 116;;;0;;Colis?úo;;;;Meio de Quadra;;;0;1;1;1;0;0;0;0;0;1;0;0;;
264880;1;8;2015;03:01;0;RUA CON DE CASTRO;;;0;;Colis?úo;;;;Meio de Quadra;;;0;1;1;1;0;0;0;0;0;1;0;0;-3,786524000000000;-38,574825000000000
264881;1;8;2015;03:26;15347;AV DOM LUIS;RUA TIBURCIO CAVALCANTE;;0;;Queda;;;;T;Sem?íforo;Comercial;0;1;0;0;0;0;0;0;0;1;0;0;-3,732021000000000;-38,501313000000000
264882;1;8;2015;07:44;11164;RUA JULIO GASPAR;RUA FAGUNDES VARELA;;0;;Colis?úo;Luz do Dia;;;Cruz;Pare;Residencial;0;1;1;1;0;0;0;0;0;1;0;0;-3,783086000000000;-38,562332000000000
264883;1;8;2015;07:52;0;RUA ROMEU MARTINS;;;0;;Colis?úo;Luz do Dia;;;Meio de Quadra;;;0;1;1;1;0;0;0;0;0;1;0;0;;
264884;1;8;2015;08:41;0;AV PRS CASTELO BRANCO;;;0;;Colis?úo;Luz do Dia;;;Meio de Quadra;;;0;1;1;1;0;0;0;0;0;1;0;0;;
264885;1;8;2015;09:43;0;AV FRE CIRILO;;;0;;Colis?úo;Luz do Dia;;;Meio de Quadra;;;0;1;1;1;0;0;0;0;0;1;0;0;-3,820646000000000;-38,495963000000000
264895;1;8;2015;16:27;0;RUA TEREZA CRISTINA;;;0;;Atropelamento;Luz do Dia;;;Meio de Quadra;;;0;1;1;1;0;0;0;0;0;0;0;0;-3,722564000000000;-38,535462000000000
264896;1;8;2015;17:15;0;RUA MARIA GOMES DE SA;;;0;;Colis?úo;Anoitecer;;;Meio de Quadra;;;0;1;1;1;0;0;0;0;0;1;0;0;;
264897;1;8;2015;20:28;19178;RUA PRO MOZART SOLON;RUA AMARILIO CARTAXO;;0;;Colis?úo;;;;;;;0;1;1;1;0;0;0;0;0;1;0;0;-3,741570000000000;-38,461558000000000
264898;1;8;2015;20:45;6128;RUA MIN ALBUQUERQUE LIMA;AV B CJ CEARA;;0;;Colis?úo;;;;Cruz;Sem?íforo;Residencial;0;1;0;0;0;0;0;0;0;0;0;0;-3,768744000000000;-38,607506000000000
264899;1;8;2015;21:01;0;AV JOSE BASTOS;;;0;;Colis?úo;;;;Meio de Quadra;;;0;1;1;1;0;0;0;0;0;1;0;0;-3,752996000000000;-38,553458000000000
264900;1;8;2015;21:41;0;RUA PRO COSTA MENDES;;;0;;Colis?úo;;;;Meio de Quadra;;;0;1;1;1;0;1;0;0;0;0;0;0;;
264901;1;8;2015;22:54;0;AV PRS CASTELO BRANCO;;;0;;Colis?úo;;;;Meio de Quadra;;;0;1;0;0;0;0;0;0;0;0;0;0;;
264954;1;8;2015;08:30;24369;RUA DOMINGOS JAGUARIBE;RUA ALBERTO MONTEZUMA;;0;;Colis?úo;Luz do Dia;;;Cruz;Pare;Residencial;0;0;1;0;0;0;0;0;0;1;0;0;-3,766452000000000;-38,533453000000000
264957;1;8;2015;12:00;0;RUA CEL JUSTINO F RAMOS;;;0;;Choque c/ Obst?ículo Fixo;Luz do Dia;;;Meio de Quadra;;;0;0;1;0;0;0;0;0;0;0;0;0;;
264890;1;8;2015;15:40;0;AV SEN FERNANDES TAVORA;;;0;;Queda;Luz do Dia;;;Meio de Quadra;;;0;1;0;0;0;0;0;0;0;1;0;0;-3,767909000000000;-38,572775000000000
264887;1;8;2015;10:58;0;ET DO JATOBA;;;0;;Colis?úo;Luz do Dia;;;Meio de Quadra;;;0;1;1;1;0;1;0;0;0;0;0;0;;
264888;1;8;2015;11:36;0;RUA ARTUR DE CARVALHO;;;0;;Colis?úo;Luz do Dia;;;Meio de Quadra;;;0;1;1;1;0;0;0;0;0;1;0;0;;
264905;1;8;2015;23:21;0;RUA MARIO DE ANDRADE;;;0;;Queda;;;;Meio de Quadra;;;0;1;0;0;0;0;0;0;0;1;0;0;-3,749109000000000;-38,563410000000000
264984;1;8;2015;18:40;3199;RUA VITAL BRASIL;RUA VERBENA;;0;;Colis?úo;;;;Cruz;Sem?íforo;Comercial;0;0;1;1;0;0;0;0;0;0;0;0;-3,780666000000000;-38,588650000000000
269782;1;8;2015;23:01;19533;AV GAL OSORIO DE PAIVA;RUA NEREU RAMOS;;0;;Colis?úo;;;;Cruz;Sem?íforo;Comercial;0;0;2;0;0;0;0;0;0;0;0;0;-3,782196000000000;-38,576828000000000
269779;1;8;2015;23:01;0;AV JOSE BASTOS;;;0;;Colis?úo;;;;Meio de Quadra;;;0;0;2;0;0;0;0;0;0;0;0;0;;
255358;1;8;2015;05:50;19672;AV BEZERRA DE MENEZES;RUA GAL PIRAGIBE;;0;;Colis?úo Traseira;Luz do Dia;Bom;Seca;Cruz;Sem?íforo;Residencial;0;1;1;1;0;0;0;0;0;1;0;0;-3,734449000000000;-38,558651000000000
255367;1;8;2015;12:30;6901;RUA 111 CJ ESPERANCA;RUA I;;0;;Colis?úo Transversal;Luz do Dia;Bom;Seca;Cruz;N?úo H?í Controle;Residencial;0;0;2;1;0;0;0;0;0;1;0;0;-3,811272000000000;-38,592298000000000
255381;1;8;2015;16:00;0;RUA CARLOS AMORA;;;0;;Colis?úo Lateral;Luz do Dia;Bom;Seca;Meio de Quadra;N?úo H?í Controle;Comercial;0;0;2;1;0;0;0;0;0;0;0;0;;