COD_ACIDENTE;DIA;MES;ANO;HORA;INTERSECAO;LOG1;LOG2;LOG3;NUMERO;REFERENCIA;NATUREZA;ILUMINACAO;TEMPO;SUPERFICIEPISTA;TIPOCRUZAMENTO;CONTROLETRAFEGO;USOSOLO;MORTOS;FERIDOS;ILESOS;AUTOMOVEL;ONIBUS;BICICLETA;CAMINHAO;MICROONIBUS;CICLOMOTOR;MOTOCICLETA;TRACAOANIMAL;TREM;LATITUDE;LONGITUDE
269787;2;8;2015;01:36;25137;RUA BARBOSA DE FREITAS;RUA BENI DE CARVALHO;;0;;Colis?úo;;;;Cruz;Sem?íforo;Residencial;0;0;2;0;0;0;0;0;0;0;0;0;-3,744414000000000;-38,499890000000000
269795;2;8;2015;06:24;0;RUA 114 UI 508;;;0;;Choque c/ Obst?ículo Fixo;Luz do Dia;;;Meio de Quadra;;;0;0;1;0;0;0;0;0;0;0;0;0;;
269785;2;8;2015;01:30;0;RUA DOM XISTO ALBANO;;;0;;Colis?úo;;;;Meio de Quadra;;;0;0;2;0;0;0;0;0;0;0;0;0;;
269793;2;8;2015;04:12;12954;AV PRS COSTA E SILVA;AV DOS EXPEDICIONARIOS;;0;;Colis?úo;;;;Cruz;Sem?íforo;Comercial;0;0;2;0;0;0;0;0;0;0;0;0;-3,821079000000000;-38,558276000000000
269789;2;8;2015;01:45;3831;AV 13 DE MAIO;RUA MAL DEODORO;;0;;;;;;Cruz;Sem?íforo;Comercial;0;0;2;0;0;0;0;0;0;0;0;0;-3,743122000000000;-38,536588000000000
269791;2;8;2015;02:31;0;RUA BERNARDO MANUEL;;;0;;Colis?úo;;;;Meio de Quadra;;;0;0;2;0;0;0;0;0;0;0;0;0;;
269804;2;8;2015;09:22;18464;AV SGT HERMINIO SAMPAIO;RUA PEDRO PONCIANO;;0;;Colis?úo;Luz do Dia;;;Cruz;;Comercial;0;0;2;0;0;0;0;0;0;0;0;0;-3,730442000000000;-38,576523000000000
269809;2;8;2015;17:30;0;RUA 99 CJ JOSE WALTER;;;0;;Colis?úo;Anoitecer;;;Meio de Quadra;;;0;0;2;0;0;0;0;0;0;0;0;0;;
269812;2;8;2015;20:47;0;AV DIOGUINHO;;;0;;Atropelamento;;;;Meio de Quadra;;;0;0;2;0;0;0;0;0;0;0;0;0;;
269814;2;8;2015;22:02;0;AV MAJ ASSIS;;;0;;Colis?úo;;;;Meio de Quadra;;;0;0;2;0;0;0;0;0;0;0;0;0;;
269807;2;8;2015;09:23;0;AV GAL OSORIO DE PAIVA;;;0;;Colis?úo;Luz do Dia;;;Meio de Quadra;;Comercial;0;0;2;0;0;0;0;0;0;0;0;0;;
269799;2;8;2015;07:26;0;RUA TIJIPIO;;;0;;Colis?úo;Luz do Dia;;;Meio de Quadra;;;0;0;2;0;0;0;0;0;0;0;0;0;;
269797;2;8;2015;06:30;0;AV ZEZE DIOGO;;;0;;Atropelamento;Luz do Dia;;;Meio de Quadra;;;0;0;2;0;0;0;0;0;0;0;0;0;;
269801;2;8;2015;08:25;0;RUA ANTONIO POMPEU;;;0;;Atropelamento;Luz do Dia;;;Meio de Quadra;;;0;0;2;0;0;0;0;0;0;0;0;0;;
264991;2;8;2015;17:51;0;RUA GUARANI D65;;;0;;Queda;Anoitecer;;;Meio de Quadra;;;0;1;0;0;0;0;0;0;0;1;0;0;;
264974;2;8;2015;15:31;0;RUA CAP NESTOR GOIS;;;0;;Atropelamento;Luz do Dia;;;Meio de Quadra;;;0;1;1;0;0;0;0;0;0;1;0;0;;
265007;2;8;2015;22:29;0;RUA COSTA FREIRE;;;0;;Colis?úo;;;;Meio de Quadra;;;0;1;0;0;0;0;0;0;0;0;0;0;-3,790964000000000;-38,583519000000000
265002;2;8;2015;22:04;0;RUA BAR AQUIRAZ;;;0;;Colis?úo;;;;Meio de Quadra;;;0;1;1;0;0;0;0;0;0;0;0;0;-3,837508000000000;-38,487948000000000
264999;2;8;2015;21:44;17955;RUA JOAQUIM ALBANO;RUA EUCLIDES DA CUNHA;;0;;Colis?úo;;;;Cruz;Pare;Residencial;0;1;1;1;0;0;0;0;0;1;0;0;-3,735439000000000;-38,581042000000000
265000;2;8;2015;21:53;26122;AV MAJ ASSIS;AV J CJ POLAR;;0;;Colis?úo;;;;T;Pare;Residencial;0;1;1;0;0;0;0;0;0;1;0;0;-3,720828000000000;-38,599604000000000
264993;2;8;2015;18:36;0;AV TEN LISBOA;;;0;;Colis?úo;;;;Meio de Quadra;;;0;1;1;1;0;0;0;0;0;1;0;0;-3,727906000000000;-38,576019000000000
264995;2;8;2015;20:06;0;AV GAL OSORIO DE PAIVA;;;0;;Colis?úo;;;;Meio de Quadra;;;0;1;0;0;0;0;0;0;0;0;0;0;;
264996;2;8;2015;21:30;0;AV CEL CARVALHO;;;0;;Colis?úo;;;;Meio de Quadra;;;0;1;1;1;0;0;0;0;0;1;0;0;;
264961;2;8;2015;12:44;0;RUA 23 CJ POLAR;;;0;;Colis?úo;Luz do Dia;;;Meio de Quadra;;;0;1;1;1;0;0;0;0;0;1;0;0;;
264964;2;8;2015;14:20;0;AV ALM BARROSO;;;0;;Colis?úo;Luz do Dia;;;Meio de Quadra;;;0;1;0;0;0;0;0;0;0;0;0;0;-3,720396000000000;-38,516831000000000
264907;2;8;2015;02:26;0;AV DOS EXPEDICIONARIOS;;;0;;Colis?úo;;;;Meio de Quadra;;;0;1;1;1;0;0;0;0;0;1;0;0;-3,805651000000000;-38,553473000000000
264908;2;8;2015;04:07;0;AV CEL CARVALHO;;;0;;Queda;;;;Meio de Quadra;;;0;1;0;0;0;0;0;0;0;1;0;0;-3,719665000000000;-38,587362000000000
264909;2;8;2015;04:26;17394;RUA CEL ALEXANDRINO;RUA QUEIROZ RIBEIRO;;0;;Colis?úo;;;;Cruz;Sem?íforo;Comercial;0;1;1;1;0;0;0;0;0;1;0;0;-3,767401000000000;-38,549675000000000
264910;2;8;2015;09:07;0;AV SGT HERMINIO SAMPAIO;;;0;;Colis?úo;Luz do Dia;;;Meio de Quadra;;;0;1;1;1;0;0;0;0;0;1;0;0;-3,730352000000000;-38,576287000000000
264911;2;8;2015;09:10;0;RUA BERNARDO MANUEL;;;0;;Colis?úo;Luz do Dia;;;Meio de Quadra;;;0;1;1;1;0;1;0;0;0;0;0;0;-3,785500000000000;-38,547351000000000
264912;2;8;2015;09:23;0;AV GAL OSORIO DE PAIVA;;;0;;Colis?úo;Luz do Dia;;;Meio de Quadra;;;0;1;1;1;0;0;0;0;0;1;0;0;-3,783970000000000;-38,579676000000000
255311;2;8;2015;11:30;9246;AV 13 DE MAIO;RUA BAR RIO BRANCO;;0;;Colis?úo Lateral;Luz do Dia;Bom;Seca;T;Sem?íforo;Comercial;0;0;2;1;0;0;0;0;0;0;0;0;-3,745129000000000;-38,534255000000000
255312;2;8;2015;13:00;7173;RUA CAMELIA;TR MUNDIAL;;0;;Colis?úo Lateral;Luz do Dia;Bom;Seca;T;Outros;Residencial;0;1;1;1;0;0;0;0;0;1;0;0;-3,708461000000000;-38,565254000000000
255309;2;8;2015;17:00;0;RUA BENTO ALBUQUERQUE;;;1611;;Colis?úo Traseira;Anoitecer;Bom;Seca;Meio de Quadra;N?úo H?í Controle;Residencial;0;0;2;1;0;0;1;0;0;0;0;0;-3,746101000000000;-38,475914000000000
255307;2;8;2015;11:10;9176;AV AGUANAMBI;AV EDUARDO GIRAO;;0;;Colis?úo Traseira;Luz do Dia;Bom;Seca;Rotat??ria;Sem?íforo;Comercial;0;0;2;1;0;0;0;0;0;0;0;0;-3,755303000000000;-38,523639000000000
255301;2;8;2015;09:30;3863;AV 13 DE MAIO;RUA SEN POMPEU;;0;;Colis?úo Transversal;Luz do Dia;Bom;Seca;Outros;Sem?íforo;Comercial;0;1;1;1;1;0;0;0;0;0;0;0;-3,744515000000000;-38,534969000000000
255302;2;8;2015;15:00;19130;RUA DES WALDETARIO P MOTA;RUA LAURO NOGUEIRA;;0;;Colis?úo Transversal;Luz do Dia;Bom;Seca;Cruz;Pare;Residencial;0;1;1;1;0;0;0;0;0;1;0;0;-3,738921000000000;-38,481940000000000
255303;2;8;2015;16:10;17394;RUA CEL ALEXANDRINO;RUA QUEIROZ RIBEIRO;;0;;Colis?úo Transversal;Luz do Dia;Bom;Seca;T;Sem?íforo;Residencial;0;0;2;1;0;0;0;0;0;1;0;0;-3,767401000000000;-38,549675000000000
255305;2;8;2015;18:20;25325;AV JOAO DE ARAUJO LIMA;AV PRS COSTA E SILVA;;0;;Colis?úo Traseira;Anoitecer;Bom;Seca;Cruz;Sem?íforo;Comercial;0;0;2;1;0;0;0;0;0;0;0;0;;
255293;2;8;2015;18:20;1443;RUA BARBARA DE ALENCAR;RUA BAR ARACATI;;0;;Colis?úo Transversal;Anoitecer;Bom;Seca;Cruz;Pare;Residencial;0;0;2;1;0;0;0;0;0;0;0;0;-3,738162000000000;-38,513608000000000
255294;2;8;2015;11:00;0;RUA PERNAMBUCO;;;0;;Colis?úo Lateral;Luz do Dia;Bom;Seca;Meio de Quadra;;Residencial;0;1;2;0;0;0;0;0;0;1;0;0;;
255317;2;8;2015;15:30;5403;RUA PINTO MADEIRA;RUA GONCALVES LEDO;;0;;Colis?úo Transversal;Luz do Dia;Bom;Seca;Cruz;Pare;Misto;0;0;2;1;0;0;0;0;0;0;0;0;-3,732626000000000;-38,516497000000000
255314;2;8;2015;12:50;0;AV JOR THOMAZ COELHO;;;2720;;Engavetamento;Luz do Dia;Bom;Seca;Meio de Quadra;;Comercial;0;0;3;1;0;0;0;0;0;0;0;0;-3,828340000000000;-38,518982000000000
255289;2;8;2015;07:00;0;RUA ALBERTO MAGNO;;;1388;;Colis?úo Lateral;Luz do Dia;Bom;Seca;Meio de Quadra;Outros;Comercial;0;1;1;1;0;0;0;0;0;1;0;0;-3,765322000000000;-38,550371000000000
255290;2;8;2015;06:30;25056;RUA ALM JACEGUAI;RUA PESSOA ANTA;;0;;Colis?úo Lateral;Luz do Dia;Bom;Seca;Cruz;Sem?íforo Intermitente;Comercial;0;0;2;1;0;0;0;0;0;0;0;0;-3,720749000000000;-38,519363000000000
255298;2;8;2015;14:30;0;AV JOR THOMAZ COELHO;;;0;;Choque c/ Obst?ículo Fixo;Luz do Dia;Bom;Seca;Outros;N?úo H?í Controle;Comercial;0;0;1;1;0;0;0;0;0;0;0;0;;
255299;2;8;2015;12:51;0;AV N CJ JOSE WALTER;;;0;;Colis?úo Transversal;;Bom;Seca;Meio de Quadra;N?úo H?í Controle;Comercial;0;0;2;1;0;0;0;0;0;0;0;0;;
263463;2;8;2015;15:21;17350;RUA BAR SOBRAL;RUA JOAO FIRMINO;;0;;Colis?úo;Luz do Dia;;;Cruz;Pare;Residencial;0;0;2;1;0;0;0;0;0;0;0;0;-3,765714000000000;-38,556531000000000
263465;2;8;2015;19:24;15364;RUA REPUBLICA DO LIBANO;RUA FRE MANSUETO;;0;;Colis?úo;;;;Cruz;Pare;Residencial;0;0;3;1;0;0;0;0;0;0;0;0;-3,733732000000000;-38,488729000000000
263472;2;8;2015;22:06;5159;RUA GUILHERME ROCHA;AV IMPERADOR;;0;;Colis?úo;;;;Cruz;Sem?íforo;Comercial;0;0;2;1;0;0;0;1;0;0;0;0;-3,725081000000000;-38,533829000000000
259462;2;8;2015;07:30;0;RD CE-040;;;0;KM-01;Colis?úo;Luz do Dia;;Seca;Meio de Quadra;;;0;0;2;1;0;0;0;0;0;0;0;0;-3,754877000000000;-38,483270000000000
259463;2;8;2015;21:05;0;RD CE-040;;;0;KM-05;Colis?úo;N?úo Iluminada;;Seca;Meio de Quadra;;;0;0;2;1;0;0;0;0;0;0;0;0;-3,790876000000000;-38,480349000000000
259467;3;8;2015;08:17;0;RD CE-040;;;0;KM-06;Colis?úo;Luz do Dia;;Seca;Meio de Quadra;;;0;0;2;1;0;0;0;0;0;1;0;0;-3,811270000000000;-38,478781000000000
259469;3;8;2015;11:20;0;RD CE-040;;;0;KM-06;Colis?úo;Luz do Dia;;Seca;Meio de Quadra;;;0;0;2;1;0;0;0;0;0;0;0;0;-3,811270000000000;-38,478781000000000
263631;3;8;2015;13:03;0;AV SANTOS DUMONT;;;0;;Colis?úo;Luz do Dia;;;Meio de Quadra;;;0;0;2;1;0;0;0;0;0;0;0;0;;
263620;3;8;2015;12:32;3903;AV JOAO PESSOA;RUA PDE CICERO;;0;;Colis?úo;Luz do Dia;;;;;;0;0;2;1;1;0;0;0;0;0;0;0;-3,745741000000000;-38,543442000000000
263621;3;8;2015;12:50;0;AV PRO GOMES DE MATOS;;;0;;Colis?úo;Luz do Dia;;;Meio de Quadra;;;0;0;2;0;1;0;0;0;0;0;0;0;;
255326;3;8;2015;11:00;12691;RUA ALBERTO DE OLIVEIRA;RUA FENELON BOMILCAR;;0;;Colis?úo Transversal;Luz do Dia;Bom;Seca;Y;Outros;Comercial;0;0;2;1;0;0;0;0;0;0;0;0;-3,716285000000000;-38,578633000000000
255318;3;8;2015;18:00;0;AV DOS EXPEDICIONARIOS;;;0;;Colis?úo Transversal;Anoitecer;Bom;Seca;Meio de Quadra;Pare;Comercial;0;0;2;1;0;0;0;0;0;0;0;0;;
255322;3;8;2015;05:15;0;RUA PDE CHEVALIER;;;765;;Colis?úo Transversal;Amanhecer;Bom;Seca;Meio de Quadra;Pare;Residencial;0;0;2;1;0;0;0;0;0;0;0;0;;
255308;3;8;2015;10:30;26091;AV JOVITA FEITOSA;AV JOSE JATAHY;;0;;Colis?úo Lateral;Luz do Dia;Bom;Seca;Cruz;N?úo H?í Controle;Comercial;0;0;2;1;0;0;1;0;0;0;0;0;-3,737273000000000;-38,543936000000000
255313;3;8;2015;20:00;7760;AV ANTONIO SALES;RUA SILVA PAULET;;0;;Colis?úo Lateral;Via Iluminada;Bom;Seca;Cruz;Pare;Comercial;0;1;3;1;1;0;0;0;0;0;0;0;-3,743595000000000;-38,508383000000000
255354;3;8;2015;10:00;23364;RUA EDUARDO BEZERRA;RUA CAP GUSTAVO;;0;;Colis?úo Transversal;Luz do Dia;Bom;Seca;Cruz;Sem?íforo Intermitente;Residencial;0;0;2;1;0;0;0;0;0;0;0;0;-3,754148000000000;-38,516951000000000
255351;3;8;2015;09:00;0;AV PRS COSTA E SILVA;;;5301;;Colis?úo Traseira;Luz do Dia;Bom;Seca;Meio de Quadra;Sem?íforo;Escola;0;1;1;1;0;0;0;0;0;1;0;0;-3,828181000000000;-38,533058000000000
255352;3;8;2015;16:40;1581;AV PDE ANTONIO TOMAS;RUA MON CATAO;;0;;Colis?úo Transversal;Anoitecer;Bom;Seca;Cruz;Sem?íforo;Comercial;0;0;2;0;0;0;0;0;0;1;0;0;-3,742708000000000;-38,491843000000000
255345;3;8;2015;14:15;0;RUA VICENTE N BRAGA D14;;;42;;Colis?úo Lateral;Luz do Dia;Bom;Seca;Meio de Quadra;N?úo H?í Controle;Residencial;0;0;2;1;0;0;0;0;0;0;0;0;-3,755702000000000;-38,520480000000000
255341;3;8;2015;16:30;0;AV BEZERRA DE MENEZES;;;370;;Colis?úo Traseira;Luz do Dia;Bom;Seca;Meio de Quadra;Sem?íforo;Comercial;0;0;2;1;1;0;0;0;0;0;0;0;-3,732209000000000;-38,547792000000000
255342;3;8;2015;12:30;19766;RUA AZEVEDO BOLAO;RUA TIP SALES;;0;;Colis?úo Transversal;Luz do Dia;Bom;Seca;Cruz;Pare;Residencial;0;0;2;1;0;0;0;0;0;1;0;0;-3,738108000000000;-38,564696000000000
255335;3;8;2015;00:20;25029;AV CEL CARVALHO;RUA TEN ELIEZER COSTA;;0;;Colis?úo Transversal;Via Iluminada;Bom;Seca;Cruz;Pare;Comercial;0;2;1;1;0;0;0;0;0;1;0;0;-3,710718000000000;-38,589633000000000
259101;3;8;2015;14:00;0;RD BR 116;;;6000;KM-06;Colis?úo Traseira;Luz do Dia;Bom;Seca;Meio de Quadra;N?úo H?í Controle;Comercial;0;0;2;1;0;0;0;0;0;0;0;0;-3,804691000000000;-38,503053000000000
265012;3;8;2015;01:43;0;RUA PDE PEDRO DE ALENCAR;;;0;;Colis?úo;;;;Meio de Quadra;;;0;1;0;0;0;0;0;0;0;0;0;0;;
265013;3;8;2015;08:01;0;AV CEL CARVALHO;;;0;;Colis?úo;Luz do Dia;;;Meio de Quadra;;;0;1;1;1;0;0;0;0;0;1;0;0;-3,706228000000000;-38,590859000000000
265014;3;8;2015;09:07;0;RUA ANTONIO POMPEU;;;0;;Colis?úo;Luz do Dia;;;Meio de Quadra;;;0;1;1;1;0;0;0;0;0;1;0;0;-3,731861000000000;-38,539865000000000
269823;3;8;2015;03:49;22176;AV ENG HUMBERTO MONTE;AV JOSE BASTOS;;0;;Colis?úo;;;;T;Sem?íforo;Comercial;0;0;2;0;0;0;0;0;0;0;0;0;-3,754966000000000;-38,555455000000000
269833;3;8;2015;21:26;0;RUA ISABEL FERREIRA;;;0;;Colis?úo;;;;Meio de Quadra;;;0;0;2;0;0;0;0;0;0;0;0;0;;
269827;3;8;2015;06:31;6545;AV H CJ CEARA;AV A CJ CEARA;;0;;Colis?úo;Luz do Dia;;;Cruz;Sem?íforo;Comercial;0;0;2;0;0;0;0;0;0;0;0;0;-3,775146000000000;-38,605924000000000
265036;3;8;2015;18:12;0;RUA ZACARIAS GONDIM;;;0;;Colis?úo;Anoitecer;;;Meio de Quadra;;;0;1;1;1;0;0;0;0;0;1;0;0;-3,768339000000000;-38,558561000000000
265037;3;8;2015;18:38;0;AV PERIMETRAL;;;0;;Colis?úo;;;;Meio de Quadra;;;0;1;1;1;0;0;0;0;0;1;0;0;;
265038;3;8;2015;19:27;0;AV BORGES DE MELO;;;0;;Colis?úo;;;;Meio de Quadra;;;0;1;0;0;0;0;0;0;0;1;0;0;;
265022;3;8;2015;16:01;0;AV GAL OSORIO DE PAIVA;;;0;;Colis?úo;Luz do Dia;;;Meio de Quadra;;;0;1;1;0;0;0;1;0;0;1;0;0;-3,796850000000000;-38,594446000000000
265025;3;8;2015;16:34;0;RUA TRES CORACOES;;;0;;Colis?úo;Luz do Dia;;;Meio de Quadra;;;0;1;1;1;0;0;0;0;0;1;0;0;;
265026;3;8;2015;17:00;0;RUA TEOFILO GURGEL;;;0;;Colis?úo;Anoitecer;;;Meio de Quadra;;;0;1;1;1;0;0;0;0;0;1;0;0;-3,727170000000000;-38,546492000000000
265019;3;8;2015;10:10;0;RUA RIO GRANDE DO SUL;;;0;;Colis?úo;Luz do Dia;;;Meio de Quadra;;;0;1;0;0;0;0;0;0;0;0;0;0;-3,751239000000000;-38,562457000000000
265020;3;8;2015;10:51;0;AV PRS CASTELO BRANCO;;;0;;Colis?úo;Luz do Dia;;;Meio de Quadra;;;0;1;0;0;0;0;0;0;0;0;0;0;;
265010;3;8;2015;00:55;0;RUA NAT FEIJO;;;0;;Queda;;;;Meio de Quadra;;;0;1;0;0;0;0;0;0;0;1;0;0;;
265017;3;8;2015;09:52;0;RUA SAO FIDELIS D71;;;0;;Colis?úo;Luz do Dia;;;Meio de Quadra;;;0;1;0;0;0;0;0;0;0;0;0;0;;
255402;3;8;2015;19:00;0;AV EDUARDO GIRAO;;;948;;Colis?úo Traseira;Mal Iluminada;Bom;Seca;Meio de Quadra;Sem?íforo;Comercial;0;0;3;1;0;0;0;0;0;0;0;0;-3,753875000000000;-38,531188000000000
255408;3;8;2015;09:00;24347;AV LUCIANO CARNEIRO;RUA DES PRAXEDES;;0;;Outros;Luz do Dia;Bom;Seca;Outros;Sem?íforo;Comercial;0;0;3;1;0;0;0;0;0;0;0;0;-3,764934000000000;-38,536679000000000
255411;3;8;2015;09:30;0;AV EDUARDO GIRAO;;;0;;Colis?úo Traseira;Luz do Dia;Bom;Seca;Meio de Quadra;Pare;Comercial;0;0;2;1;0;0;0;0;0;0;0;0;;
255415;3;8;2015;07:50;25073;AV DOS EXPEDICIONARIOS;RUA STA LUZIA;;0;;Colis?úo Traseira;Luz do Dia;Bom;Seca;Cruz;N?úo H?í Controle;Comercial;0;0;3;1;0;0;0;0;0;0;0;0;-3,760177000000000;-38,539744000000000
255416;3;8;2015;18:30;20042;AV DEP PAULINO ROCHA;AV ALBERTO CRAVEIRO;;0;;Colis?úo Lateral;Anoitecer;Bom;Seca;Rotat??ria;D?¬ Prefer?¬ncia;Comercial;0;0;2;1;0;0;0;0;0;1;0;0;-3,807229000000000;-38,524782000000000
255380;3;8;2015;14:00;0;AV HIS RAIMUNDO GIRAO;;;0;;Engavetamento;Luz do Dia;Bom;Seca;Meio de Quadra;Sem?íforo;Comercial;0;0;3;1;0;0;0;0;0;0;0;0;;
255383;3;8;2015;08:00;9033;RUA CEL SOLON;RUA DOM SEBASTIAO LEME;;0;;Colis?úo Transversal;Luz do Dia;Bom;Seca;Cruz;Pare;Residencial;0;0;2;1;0;0;0;0;0;0;0;0;-3,742963000000000;-38,526799000000000
255395;3;8;2015;15:30;5125;RUA RUFINO DE ALENCAR;AV ALBERTO NEPOMUCENO;;0;;Colis?úo Lateral;Luz do Dia;Bom;Seca;T;Sem?íforo;Comercial;0;0;2;0;1;0;0;0;0;0;0;0;-3,724606000000000;-38,525072000000000
255390;3;8;2015;;0;RUA SOBRAL D03;;;0;;Colis?úo Lateral;Luz do Dia;Bom;Seca;Meio de Quadra;Sem?íforo;Comercial;0;0;2;1;1;0;0;0;0;0;0;0;;
255482;3;8;2015;10:30;1716;AV GOV RAUL BARBOSA;RUA CAP ARAGAO;;0;;Colis?úo Traseira;Luz do Dia;Bom;Seca;Cruz;Sem?íforo;Comercial;0;0;2;1;1;0;0;0;0;0;0;0;-3,763977000000000;-38,508802000000000
255474;3;8;2015;19:00;2706;RUA CEL VIRGILIO NOGUEIRA (BOM JARDIM);RUA OSCAR FRANCA;;0;;Colis?úo Transversal;Anoitecer;Bom;Seca;Cruz;Pare;Residencial;0;1;1;1;0;0;0;0;0;1;0;0;-3,788936000000000;-38,608784000000000
255478;3;8;2015;15:00;0;AV GOV RAUL BARBOSA;;;3614;;Colis?úo Transversal;Luz do Dia;Bom;Seca;Meio de Quadra;N?úo H?í Controle;Comercial;0;0;2;1;0;0;1;0;0;0;0;0;;
255461;3;8;2015;13:30;0;RUA NEREU RAMOS;;;340;;Colis?úo Lateral;Luz do Dia;Bom;Seca;Meio de Quadra;Outros;Comercial;0;0;2;1;0;0;0;0;0;0;0;0;-3,786047000000000;-38,570094000000000
255465;3;8;2015;08:00;4193;AV FRANCISCO SA;RUA DOM HELIO CAMPOS D21;;0;;Colis?úo Lateral;Luz do Dia;;;T;Pare;Comercial;0;0;2;1;0;0;0;1;0;0;0;0;-3,717711000000000;-38,556428000000000
255466;3;8;2015;06:45;0;AV 13 DE MAIO;;;2686;;Colis?úo Lateral;Luz do Dia;Bom;Seca;Meio de Quadra;N?úo H?í Controle;Escola;0;0;3;1;0;0;0;0;0;1;0;0;-3,740908000000000;-38,539169000000000
255468;3;8;2015;14:00;0;AV BEZERRA DE MENEZES;;;2450;;Colis?úo Traseira;Luz do Dia;Bom;Seca;Meio de Quadra;Outros;Comercial;0;0;2;0;1;0;0;0;0;0;0;0;-3,736003000000000;-38,566148000000000
255471;3;8;2015;17:00;23804;RUA RAIMUNDO NERY;AV GAL OSORIO DE PAIVA;;0;;Colis?úo Transversal;Via Iluminada;Bom;Seca;Cruz;Pare;Comercial;0;0;2;1;0;0;1;0;0;0;0;0;-3,790306000000000;-38,588065000000000
255356;3;8;2015;07:00;0;AV ALBERTO CRAVEIRO;;;512;;Colis?úo Lateral;Luz do Dia;Bom;Seca;Meio de Quadra;N?úo H?í Controle;Residencial;0;0;2;1;0;0;0;0;0;1;0;0;-3,782995000000000;-38,516633000000000
255363;3;8;2015;13:07;7813;RUA TIBURCIO CAVALCANTE;RUA JULIO SIQUEIRA;;0;;Colis?úo Transversal;Luz do Dia;Bom;Seca;Cruz;Pare;Residencial;0;1;1;1;0;0;0;0;0;0;0;0;-3,750135000000000;-38,507128000000000
255366;3;8;2015;20:30;21293;RUA NOSSA SRA DAS GRACAS;RUA ALVARO DE ALENCAR;;0;;Colis?úo Transversal;Via Iluminada;Bom;Seca;Cruz;N?úo H?í Controle;Residencial;0;0;2;1;0;0;0;0;0;0;0;0;-3,709334000000000;-38,556571000000000
255371;3;8;2015;06:00;0;AV GAL OSORIO DE PAIVA;;;3366;;Choque c/ Obst?ículo Fixo;Amanhecer;Bom;Seca;Meio de Quadra;N?úo H?í Controle;Comercial;0;0;1;1;0;0;0;0;0;0;0;0;-3,790247000000000;-38,588007000000000
255377;3;8;2015;09:00;0;RUA OSCAR ARARIPE;;;825;;Colis?úo Traseira;Luz do Dia;Bom;Seca;Meio de Quadra;N?úo H?í Controle;Residencial;0;0;2;1;1;0;0;0;0;0;0;0;-3,791364000000000;-38,598768000000000
255359;3;8;2015;11:20;8950;AV BEZERRA DE MENEZES;RUA RUBIA SAMPAIO;;0;;Colis?úo Lateral;Luz do Dia;Bom;Seca;T;Pare;Comercial;0;0;2;1;0;0;0;0;0;0;0;0;-3,730585000000000;-38,540176000000000
255361;3;8;2015;16:00;0;AV SANTOS DUMONT;;;0;;Colis?úo Traseira;Luz do Dia;Bom;Seca;Meio de Quadra;N?úo H?í Controle;Comercial;0;0;2;1;0;0;0;0;0;0;0;0;;
255355;4;8;2015;13:00;0;AV GODOFREDO MACIEL;;;0;;Colis?úo Traseira;Luz do Dia;Bom;Seca;Meio de Quadra;Sem?íforo;Comercial;0;0;2;1;0;0;1;0;0;0;0;0;;
255378;4;8;2015;19:30;0;AV BEZERRA DE MENEZES;;;2018;;Colis?úo Traseira;Via Iluminada;Bom;Seca;Meio de Quadra;Sem?íforo;Comercial;0;0;3;1;0;0;0;0;0;0;0;0;-3,735296000000000;-38,562695000000000
255376;4;8;2015;08:10;0;RUA PRO NOGUEIRA;;;125;;Colis?úo Lateral;Luz do Dia;Bom;Seca;Meio de Quadra;Pare;Misto;0;0;2;1;0;0;0;0;0;0;0;0;-3,732844000000000;-38,549948000000000
255373;4;8;2015;09:00;3876;AV DA UNIVERSIDADE;RUA JOAQUIM MAGALHAES;;0;;Colis?úo Traseira;Luz do Dia;Bom;Seca;T;Pare;Comercial;0;0;2;1;1;0;0;0;0;0;0;0;-3,737079000000000;-38,535589000000000
255374;4;8;2015;09:50;18387;AV SGT HERMINIO SAMPAIO;AV OLAVO BILAC;;0;;Colis?úo Lateral;Luz do Dia;Bom;Seca;Cruz;Sem?íforo;Residencial;0;0;2;1;0;0;1;0;0;0;0;0;-3,727179000000000;-38,565080000000000
255369;4;8;2015;18:50;1402;RUA BAR ARACATI;AV HERACLITO GRACA;;0;;Colis?úo Lateral;Via Iluminada;Bom;Seca;Cruz;Pare;Comercial;0;0;2;1;0;0;0;0;0;0;0;0;-3,737147000000000;-38,513289000000000
255391;4;8;2015;12:40;0;AV PRS COSTA E SILVA;;;2560;;Colis?úo Lateral;Luz do Dia;Bom;Seca;Meio de Quadra;Gesto;Comercial;0;0;2;1;1;0;0;0;0;0;0;0;-3,820658000000000;-38,559294000000000
255394;4;8;2015;10:06;0;AV BEZERRA DE MENEZES;;;146;;Colis?úo Traseira;Luz do Dia;Bom;Seca;Meio de Quadra;Outros;Misto;0;0;2;1;0;0;0;0;0;0;0;0;-3,730842000000000;-38,541477000000000
255387;4;8;2015;20:30;169;AV SGT HERMINIO SAMPAIO;RUA CAP BRASIL;;0;;Colis?úo Lateral;Luz do Dia;Bom;Seca;Cruz;Pare;Residencial;0;0;2;1;0;0;0;0;0;1;0;0;-3,734166000000000;-38,586415000000000
255412;4;8;2015;14:30;25519;AV GOV RAUL BARBOSA;AV ALM HENRIQUE SABOIA;;0;;Engavetamento;Luz do Dia;Bom;Seca;Y;Sem?íforo;Residencial;0;1;3;1;0;0;0;0;0;0;0;0;-3,758466000000000;-38,504580000000000