COD_ACIDENTE;DIA;MES;ANO;HORA;INTERSECAO;LOG1;LOG2;LOG3;NUMERO;REFERENCIA;NATUREZA;ILUMINACAO;TEMPO;SUPERFICIEPISTA;TIPOCRUZAMENTO;CONTROLETRAFEGO;USOSOLO;MORTOS;FERIDOS;ILESOS;AUTOMOVEL;ONIBUS;BICICLETA;CAMINHAO;MICROONIBUS;CICLOMOTOR;MOTOCICLETA;TRACAOANIMAL;TREM;LATITUDE;LONGITUDE
255409;4;8;2015;15:30;0;AV BORGES DE MELO;;;80;SINDIONIBUS;Colis?úo Traseira;Luz do Dia;Bom;Seca;Meio de Quadra;N?úo H?í Controle;Residencial;0;0;2;1;0;0;0;0;0;0;0;0;-3,761554000000000;-38,517930000000000
255410;4;8;2015;07:45;0;RUA VALPARAISO;;;2000;;Colis?úo Traseira;Luz do Dia;Bom;Seca;Meio de Quadra;N?úo H?í Controle;Residencial;0;0;2;1;0;0;0;0;0;0;0;0;-3,846389000000000;-38,519766000000000
255403;4;8;2015;13:00;0;RUA LEONARDO MOTA;;;1355;;Colis?úo Lateral;Luz do Dia;Bom;Seca;Meio de Quadra;N?úo H?í Controle;Comercial;0;0;2;1;0;0;0;0;0;0;0;0;-3,738269000000000;-38,496819000000000
255406;4;8;2015;20:30;22176;AV JOSE BASTOS;AV ENG HUMBERTO MONTE;;0;;Colis?úo;;;;T;Sem?íforo;Comercial;0;1;1;1;0;0;0;0;0;1;0;0;-3,754966000000000;-38,555455000000000
255400;4;8;2015;21:30;0;AV ALBERTO CRAVEIRO;;;430;MAKRO;Colis?úo Traseira;Via Iluminada;Bom;Seca;Meio de Quadra;N?úo H?í Controle;Comercial;0;0;2;1;0;0;0;0;0;0;0;0;-3,782668000000000;-38,516505000000000
255397;4;8;2015;18:30;5749;AV DES GONZAGA;RUA JULIO LIMA;;0;;Colis?úo Lateral;Via Iluminada;Bom;Seca;Cruz;Pare;Comercial;0;0;2;1;0;0;0;0;0;0;0;0;-3,796143000000000;-38,500411000000000
255433;4;8;2015;07:30;0;AV OLAVO BILAC;;;449;;Colis?úo Transversal;Luz do Dia;Bom;Seca;Meio de Quadra;N?úo H?í Controle;Residencial;0;1;1;0;0;0;0;0;0;1;0;0;-3,725320000000000;-38,565545000000000
255431;4;8;2015;16:00;0;AV PRS JUSCELINO KUBITSCHEK (PASSAR?ë);;;5451;;Engavetamento;Luz do Dia;Bom;Seca;Meio de Quadra;Gesto;Comercial;0;0;3;1;0;0;0;0;0;0;0;0;-3,823401000000000;-38,536831000000000
255427;4;8;2015;19:30;24254;RUA DELMIRO GOUVEIA;AV ANTONIO JUSTA;;0;;Colis?úo Lateral;Via Iluminada;Bom;Seca;T;Pare;Residencial;0;0;2;1;0;0;0;0;0;0;0;0;;
255428;4;8;2015;23:20;17428;RUA CESAR ROSSAS;RUA ALBERTO MAGNO;;0;;Colis?úo Transversal;Via Iluminada;Bom;Seca;Cruz;Sem?íforo;Comercial;1;0;1;1;0;0;0;0;0;1;0;0;-3,768561000000000;-38,552686000000000
255419;4;8;2015;11:35;10005;RUA DUAS NACOES;RUA TAQUARI;;0;;Colis?úo Transversal;Luz do Dia;Bom;Seca;Cruz;Pare;Residencial;0;0;2;1;0;0;0;1;0;0;0;0;-3,776149000000000;-38,601822000000000
265058;4;8;2015;10:22;0;RUA VIS BARBACENA D61;;;0;;Colis?úo;Luz do Dia;;;Meio de Quadra;;;0;1;1;1;0;0;0;0;0;1;0;0;-3,799898000000000;-38,490806000000000
265059;4;8;2015;10:57;0;RUA VICENTE LINHARES;;;0;;Colis?úo;Luz do Dia;;;Meio de Quadra;;;0;1;1;1;0;0;0;0;0;1;0;0;-3,744381000000000;-38,493351000000000
265064;4;8;2015;14:42;0;RUA CARLOS GOMES;;;0;;Queda;Luz do Dia;;;Meio de Quadra;;;0;1;0;0;0;0;0;0;0;1;0;0;-3,740446000000000;-38,530240000000000
265065;4;8;2015;14:56;0;RUA CARLOS CHAGAS;;;0;;Colis?úo;Luz do Dia;;;Meio de Quadra;;;0;1;1;1;0;0;0;0;0;1;0;0;;
265068;4;8;2015;15:23;0;RUA SAO BERNARDO DE CAMPOS;;;0;;Colis?úo;Luz do Dia;;;Meio de Quadra;;;0;1;1;1;0;0;0;0;0;1;0;0;;
265070;4;8;2015;17:14;0;RUA LUIS VIEIRA;;;0;;Colis?úo;Anoitecer;;;Meio de Quadra;;;0;1;1;0;0;0;0;0;0;1;0;0;-3,794040000000000;-38,587389000000000
265071;4;8;2015;18:02;0;AV GAL MURILO BORGES;;;0;;Colis?úo;Anoitecer;;;Meio de Quadra;;;0;1;1;1;0;0;0;0;0;1;0;0;;
265073;4;8;2015;20:15;25046;RUA FERNANDO FARIAS DE MELO (MANUEL S?üTIRO);RUA AMERICO ROCHA LIMA;;0;;Colis?úo;;;;Cruz;Pare;Residencial;0;1;0;0;0;0;0;0;0;0;0;0;-3,799080000000000;-38,578449000000000
265074;4;8;2015;20:26;2486;AV FRANCISCO SA;RUA SEN ROBERT KENNEDY;;0;;Colis?úo;;;;Cruz;Pare;Residencial;0;1;1;1;0;0;0;0;0;1;0;0;-3,709140000000000;-38,581426000000000
265076;4;8;2015;21:42;7258;AV ODILON GUIMARAES;RUA FRANCISCO LEANDRO;;0;;Colis?úo;;;;Cruz;Sem?íforo;Outros;0;1;1;1;0;0;0;0;0;1;0;0;-3,824509000000000;-38,478709000000000
265077;4;8;2015;22:46;0;RUA BOM JESUS (BARRA DO CEARA);;;0;;Colis?úo;;;;Meio de Quadra;;;0;1;1;1;0;0;0;0;0;1;0;0;;
265078;4;8;2015;22:57;0;RUA CESAR ROSSAS;RUA ALBERTO MAGNO;;0;;Colis?úo;;;;;Sem?íforo;Comercial;0;1;1;1;0;0;0;0;0;1;0;0;;
269844;4;8;2015;11:18;7774;RUA JOAQUIM NABUCO;AV ANTONIO SALES;;0;;Colis?úo;Luz do Dia;;;Cruz;;Comercial;0;0;2;0;0;0;0;0;0;0;0;0;-3,744832000000000;-38,504371000000000
269841;4;8;2015;11:04;1649;RUA GAL TERTULIANO POTYGUARA;RUA CEL JUCA;;0;;Colis?úo;Luz do Dia;;;Cruz;Pare;Residencial;0;0;2;0;0;0;0;0;0;0;0;0;-3,745325000000000;-38,493766000000000
269837;4;8;2015;09:23;0;RUA PARAISO VERDE;;;0;;Colis?úo;Luz do Dia;;;Meio de Quadra;;;0;0;2;0;0;0;0;0;0;0;0;0;;
269848;4;8;2015;15:48;21619;RUA DOM XISTO ALBANO;RUA BERNARDINO CAMPOS;;0;;Colis?úo;Luz do Dia;;;;;;0;0;2;0;0;0;0;0;0;0;0;0;-3,800768000000000;-38,589087000000000
269849;4;8;2015;16:10;0;AV PRS COSTA E SILVA;;;0;;Colis?úo;Luz do Dia;;;Meio de Quadra;;;0;0;2;0;0;0;0;0;0;0;0;0;;
269853;4;8;2015;17:22;1943;RUA SAO LEOPOLDO D69;RUA ERIBERTO NOBRE;;0;;Colis?úo;Anoitecer;;;Cruz;;Residencial;0;0;2;0;0;0;0;0;0;0;0;0;-3,862303000000000;-38,504540000000000
269864;4;8;2015;23:04;9672;RUA BOM JESUS (GRANJA LISBOA);RUA GUARAREMA;;0;;Colis?úo;;;;;;;0;0;2;0;0;0;0;0;0;0;0;0;-3,788544000000000;-38,619640000000000
269856;4;8;2015;22:31;0;AV ALBERTO CRAVEIRO;;;0;;Colis?úo;;;;Meio de Quadra;;;0;0;2;0;0;0;0;0;0;0;0;0;;
269859;4;8;2015;23:03;0;AV GAL OSORIO DE PAIVA;;;0;;Colis?úo;;;;Meio de Quadra;;;0;0;2;0;0;0;0;0;0;0;0;0;;
264994;4;8;2015;12:20;0;RUA SGT SILVA;;;188;;Colis?úo;Luz do Dia;;;Meio de Quadra;;;0;0;1;1;0;0;0;0;0;0;0;0;-3,756869000000000;-38,536552000000000
264988;4;8;2015;09:00;0;RUA PDE PEDRO DE ALENCAR;;;1791;;Colis?úo Lateral;Luz do Dia;;;Meio de Quadra;;;0;0;1;0;0;0;1;0;0;0;0;0;-3,843723000000000;-38,494377000000000
259105;4;8;2015;10:15;0;RD BR 116;;;6000;KM-06;Colis?úo Lateral;Luz do Dia;Bom;Seca;Meio de Quadra;N?úo H?í Controle;Comercial;0;1;1;1;0;0;0;0;0;1;0;0;-3,804691000000000;-38,503053000000000
259106;4;8;2015;18:00;0;RD BR 116;;;1000;KM-01;Colis?úo Traseira;Anoitecer;Bom;Molhada;Meio de Quadra;N?úo H?í Controle;Comercial;0;2;1;0;0;0;0;0;0;1;0;0;-3,762554000000000;-38,518702000000000
255336;4;8;2015;06:30;0;AV BEZERRA DE MENEZES;;;2450;;Colis?úo Traseira;Luz do Dia;Bom;Seca;Meio de Quadra;N?úo H?í Controle;Comercial;0;1;1;1;0;0;0;0;0;1;0;0;-3,736003000000000;-38,566148000000000
255337;4;8;2015;09:38;3975;RUA ALBERTO MAGNO;RUA PRO COSTA MENDES;;0;;Colis?úo Lateral;Luz do Dia;Bom;Seca;Cruz;Sem?íforo;;0;2;1;1;0;0;0;0;0;1;0;0;-3,757528000000000;-38,543548000000000
255338;4;8;2015;06:30;19949;RUA FRANCISCO LORDA;RUA ALBERTO MONTEZUMA;;0;;Colis?úo Lateral;Luz do Dia;Bom;Seca;Cruz;Pare;Comercial;0;1;1;1;0;0;0;0;0;1;0;0;-3,761900000000000;-38,531928000000000
255340;4;8;2015;07:30;0;RUA STA MARLUCIA;;;118;;Colis?úo Transversal;Luz do Dia;Bom;Seca;Meio de Quadra;N?úo H?í Controle;Misto;0;0;2;1;0;0;1;0;0;0;0;0;-3,806844000000000;-38,580147000000000
255334;4;8;2015;09:20;3219;RUA EMILIO DE MENESES;RUA ANSELMO NOGUEIRA;;0;;Colis?úo Transversal;Luz do Dia;Bom;Seca;Cruz;Sem?íforo;Comercial;0;0;2;1;0;0;0;0;1;0;0;0;-3,781760000000000;-38,587374000000000
255343;4;8;2015;14:00;7773;RUA DOM EXPEDITO LOPES;RUA JOAQUIM NABUCO;;0;;Colis?úo Traseira;Luz do Dia;Bom;Seca;Cruz;Pare;Residencial;0;0;2;1;0;0;0;0;0;0;0;0;-3,744118000000000;-38,504144000000000
255350;4;8;2015;15:20;0;AV OLIVEIRA PAIVA;;;2555;;Colis?úo Traseira;Luz do Dia;Bom;Seca;Meio de Quadra;Gesto;Comercial;0;0;3;1;1;0;0;0;0;0;0;0;-3,796056000000000;-38,483793000000000
255347;4;8;2015;15:00;15353;RUA PEREIRA VALENTE;RUA BARBOSA DE FREITAS;;0;;Colis?úo Transversal;Luz do Dia;Bom;Seca;Cruz;Pare;Residencial;0;0;1;1;0;0;0;0;0;0;0;0;-3,732578000000000;-38,496080000000000
255348;4;8;2015;14:30;5723;AV OLIVEIRA PAIVA;RUA MON ANTERO;;0;;Colis?úo Transversal;;Bom;Seca;T;Gesto;Comercial;0;1;1;1;0;0;0;0;0;1;0;0;-3,795604000000000;-38,493198000000000
255323;4;8;2015;12:45;15301;RUA TEN BENEVOLO;RUA SILVA PAULET;;0;;Colis?úo Lateral;Luz do Dia;Bom;Seca;Cruz;Pare;Misto;0;0;2;1;0;0;0;0;0;0;0;0;-3,729724000000000;-38,503888000000000
255324;4;8;2015;09:00;1450;RUA JOAO CARVALHO;RUA JOSE VILAR;;0;;Colis?úo Frontal;Luz do Dia;Bom;Seca;Cruz;Sem?íforo Intermitente;Comercial;0;0;2;1;0;0;0;0;0;0;0;0;-3,738318000000000;-38,505477000000000
255325;4;8;2015;07:30;0;RUA PDE PERDIGAO SAMPAIO;;;872;;Atropelamento;Luz do Dia;Bom;Seca;Meio de Quadra;N?úo H?í Controle;Residencial;0;2;0;0;0;0;0;0;0;1;0;0;-3,745097000000000;-38,593920000000000
255320;4;8;2015;18:40;0;RUA BAR CRATO;;;1700;;Colis?úo Lateral;Anoitecer;Bom;Seca;Meio de Quadra;Outros;Residencial;0;0;2;1;0;0;0;0;0;0;0;0;;
255321;4;8;2015;20:00;0;AV FRANCISCO SA;;;2777;;Atropelamento;Via Iluminada;Bom;Seca;Meio de Quadra;Outros;Comercial;0;2;0;0;0;0;0;0;0;1;0;0;-3,719704000000000;-38,550423000000000
255331;4;8;2015;16:45;0;AV PDE ANTONIO TOMAS;;;2302;;Colis?úo Traseira;Via Iluminada;Bom;Seca;Meio de Quadra;;Comercial;0;0;2;1;1;0;0;0;0;0;0;0;-3,742836000000000;-38,491447000000000
255328;4;8;2015;03:00;0;AV ABOLICAO;;;2311;;Choque c/ Obst?ículo Fixo;Via Iluminada;Bom;Seca;Meio de Quadra;N?úo H?í Controle;Misto;0;0;1;1;0;0;0;0;0;0;0;0;-3,726348000000000;-38,498514000000000
255329;4;8;2015;19:00;0;RUA CON LIMA SUCUPIRA;;;2036;;Colis?úo Transversal;Mal Iluminada;Bom;Seca;Meio de Quadra;Outros;Residencial;0;1;1;1;0;0;0;0;0;1;0;0;;
263671;4;8;2015;17:08;0;RUA ANTONIO POMPEU;;;0;;Colis?úo;Anoitecer;;;Meio de Quadra;;;0;0;2;1;0;0;0;0;0;0;0;0;;
263642;4;8;2015;10:59;19305;RUA CARLOS AMORA;RUA CON DE CASTRO;;0;;Colis?úo;Luz do Dia;;;T;Sem?íforo;Comercial;0;0;2;1;1;0;0;0;0;0;0;0;-3,774756000000000;-38,563978000000000
259470;4;8;2015;15:00;0;RD CE-040;;;0;KM-06;Colis?úo;Luz do Dia;;Seca;Meio de Quadra;;;0;0;3;1;0;0;1;0;0;0;0;0;-3,811270000000000;-38,478781000000000
259471;4;8;2015;20:15;0;RD CE-040;;;0;KM-07;Colis?úo;;;Seca;Meio de Quadra;;;0;0;2;1;0;0;0;0;0;0;0;0;-3,817953000000000;-38,483160000000000
263673;4;8;2015;17:57;0;RUA TRES MARIAS D50;;;0;;Colis?úo;Anoitecer;;;Meio de Quadra;;;0;0;2;0;0;0;0;0;0;0;0;0;;
259197;4;8;2015;15:50;0;RD BR 222;;;0;;Colis?úo Lateral;Luz do Dia;Bom;Seca;Meio de Quadra;N?úo H?í Controle;Comercial;0;0;2;1;1;0;0;0;0;0;0;0;;
263798;4;8;2015;20:50;16057;AV GODOFREDO MACIEL;AV WENEFRIDO MELO;;0;;Colis?úo;;;;;;;0;0;2;1;0;0;0;1;0;0;0;0;-3,811743000000000;-38,574739000000000
263808;5;8;2015;17:04;0;RUA ANTONIO POMPEU;;;0;;Colis?úo;Anoitecer;;;Meio de Quadra;;;0;0;2;1;0;0;0;0;0;0;0;0;;
263803;5;8;2015;16:03;22937;AV DR SILAS MUNGUBA;RUA GOV JOAO CARLOS;;0;;Colis?úo;Luz do Dia;;;T;Sem?íforo;Comercial;0;0;2;1;1;0;0;0;0;0;0;0;-3,783950000000000;-38,553910000000000
263801;5;8;2015;15:47;0;AV LUCIANO CARNEIRO;;;0;;Colis?úo;Luz do Dia;;;Meio de Quadra;;;0;0;2;1;0;0;0;0;0;1;0;0;;
263812;5;8;2015;19:05;11761;AV PRS CASTELO BRANCO;RUA JACINTO MATOS;;0;;Colis?úo;;;;T;Sem?íforo;Residencial;0;0;2;1;1;0;0;0;0;0;0;0;-3,714630000000000;-38,546333000000000
255612;5;8;2015;07:00;0;AV GODOFREDO MACIEL;;;3416;;Colis?úo Lateral;;Bom;Seca;Meio de Quadra;N?úo H?í Controle;Comercial;0;0;2;1;0;0;0;0;0;0;0;0;-3,804935000000000;-38,572560000000000
255623;5;8;2015;20:30;0;RUA JAIME BENEVOLO;;;801;;;Via Iluminada;Bom;Seca;Meio de Quadra;;Comercial;0;0;2;1;0;0;0;0;0;1;0;0;-3,739262000000000;-38,527736000000000
255702;5;8;2015;15:30;0;AV PONTES VIEIRA;;;0;;Outros;Luz do Dia;Bom;Seca;Meio de Quadra;N?úo H?í Controle;Comercial;0;1;2;0;0;0;0;0;0;1;0;0;-3,753055000000000;-38,516337000000000
255709;5;8;2015;17:45;0;RUA PEDRO I;;;873;;Colis?úo Lateral;Via Iluminada;Bom;Seca;Meio de Quadra;N?úo H?í Controle;Comercial;0;0;2;0;1;0;0;0;0;0;0;0;-3,729988000000000;-38,532452000000000
255698;5;8;2015;15:00;0;RUA ASSIS CHATEAUBRIAND;;;0;;Colis?úo Lateral;;Bom;Seca;Meio de Quadra;N?úo H?í Controle;Comercial;0;0;2;1;0;0;1;0;0;0;0;0;;
255694;5;8;2015;12:20;7884;AV ANTONIO SALES;RUA VICENTE LEITE;;0;;Colis?úo Lateral;Luz do Dia;Bom;Seca;Cruz;Pare;Comercial;0;0;2;1;0;0;0;0;0;0;0;0;-3,746656000000000;-38,498468000000000
255628;5;8;2015;19:25;25268;AV BORGES DE MELO;RUA JORGE ACURCIO;;0;;Colis?úo Lateral;Via Iluminada;Bom;Seca;T;Sem?íforo Intermitente;Comercial;0;0;2;0;0;0;1;0;0;0;0;0;-3,760118000000000;-38,529837000000000
255638;5;8;2015;09:39;0;TR CAP ARAGAO;;;766;;Colis?úo Traseira;Luz do Dia;Bom;Seca;Meio de Quadra;;Residencial;0;0;2;1;0;0;0;0;0;0;0;0;;
255644;5;8;2015;07:40;22083;RUA DELMIRO FARIAS;RUA CAP FRANCISCO PEDRO;;0;;Colis?úo Transversal;Luz do Dia;Bom;Seca;Cruz;Pare;Residencial;0;0;2;1;0;0;1;0;0;0;0;0;-3,748223000000000;-38,549818000000000
255646;5;8;2015;17:40;0;AV EDUARDO GIRAO;;;430;;Colis?úo Lateral;Anoitecer;Bom;Seca;Meio de Quadra;N?úo H?í Controle;Comercial;0;1;1;1;0;0;0;0;0;1;0;0;-3,748180000000000;-38,540212000000000
259475;5;8;2015;07:30;0;RD CE-060;;;0;KM-02;Colis?úo;Luz do Dia;;Seca;Meio de Quadra;;;0;0;2;0;0;0;1;0;0;0;0;0;-3,828028000000000;-38,580009000000000
255487;5;8;2015;20:30;302;RUA NELSON MACHADO;RUA PRO LINO ENCARNACAO;;0;;Outros;Via Iluminada;Bom;Seca;Cruz;Pare;Residencial;0;0;3;1;0;0;0;0;0;0;0;0;-3,743542000000000;-38,560182000000000
255495;5;8;2015;15:45;0;AV BEZERRA DE MENEZES;;;0;;Colis?úo Traseira;Luz do Dia;Bom;Seca;Meio de Quadra;N?úo H?í Controle;Comercial;0;0;2;1;0;0;0;0;0;0;0;0;;
255501;5;8;2015;19:10;19538;AV GODOFREDO MACIEL;RUA INGA;;0;;Colis?úo Lateral;Via Iluminada;Bom;Seca;T;Pare;Comercial;0;1;1;1;0;0;0;0;0;1;0;0;-3,782382000000000;-38,565570000000000
255509;5;8;2015;11:30;9246;AV 13 DE MAIO;RUA BAR RIO BRANCO;;0;;Colis?úo Lateral;Luz do Dia;Bom;Seca;;Sem?íforo;Comercial;0;1;1;0;0;0;0;0;0;1;0;0;-3,745129000000000;-38,534255000000000
255516;5;8;2015;07:30;9020;RUA JAIME BENEVOLO;RUA SALDANHA MARINHO;;0;;Colis?úo Lateral;Luz do Dia;Bom;Seca;Cruz;Sem?íforo;Comercial;0;0;2;1;0;0;0;0;0;0;0;0;-3,743046000000000;-38,528994000000000
255522;5;8;2015;19:30;0;AV VICENTE DE CASTRO;;;0;;Colis?úo Lateral;Via Iluminada;Bom;Seca;Outros;Pare;Outros;0;1;1;1;0;0;0;0;0;1;0;0;-3,710455000000000;-38,471858000000000
255533;5;8;2015;08:30;18028;AV DIOGUINHO;RUA RENATO BRAGA;;0;;Colis?úo Lateral;Anoitecer;Bom;Seca;Cruz;Sem?íforo;Comercial;0;0;2;1;0;0;1;0;0;0;0;0;-3,731428000000000;-38,458889000000000
255537;5;8;2015;06:50;17496;RUA TEREZA HINKO;RUA DA PAZ;;0;;Colis?úo Traseira;Luz do Dia;Bom;Seca;T;Sem?íforo;Comercial;0;0;2;1;0;0;0;0;0;0;0;0;-3,725162000000000;-38,484485000000000
255539;5;8;2015;07:00;0;AV AGUANAMBI;;;150;;Colis?úo Traseira;Luz do Dia;Bom;Seca;Meio de Quadra;Sem?íforo Intermitente;Comercial;0;0;2;1;1;0;0;0;0;0;0;0;-3,738607000000000;-38,524598000000000
255543;5;8;2015;09:30;18155;AV ZEZE DIOGO;RUA DOZE UI 211;;0;;Colis?úo Transversal;Luz do Dia;Bom;Seca;T;N?úo H?í Controle;Comercial;0;0;2;1;0;0;0;1;0;0;0;0;-3,755465000000000;-38,444883000000000
255547;5;8;2015;06:00;8050;AV JOAO PESSOA;RUA DONDON FEITOSA;;0;;Capotamento;Luz do Dia;Bom;Seca;T;Pare;Comercial;0;1;1;1;0;0;0;0;0;0;0;0;-3,754529000000000;-38,551359000000000
255552;5;8;2015;09:10;0;RUA BERNARDO MANUEL;;;11173;;Colis?úo Lateral;Luz do Dia;Bom;Seca;Meio de Quadra;N?úo H?í Controle;Comercial;0;0;2;0;1;0;1;0;0;0;0;0;-3,817356000000000;-38,557082000000000
255553;5;8;2015;14:00;3829;RUA PAULINO NOGUEIRA;RUA MAL DEODORO;;0;;Colis?úo Transversal;Luz do Dia;Bom;Seca;Cruz;Pare;Comercial;0;0;2;0;1;0;0;0;0;0;0;0;-3,744452000000000;-38,537199000000000
255608;5;8;2015;07:20;0;RUA GALILEU;;;415;;Colis?úo Lateral;Luz do Dia;Bom;Seca;Meio de Quadra;N?úo H?í Controle;Comercial;0;0;2;1;0;0;1;0;0;0;0;0;-3,776352000000000;-38,552770000000000
255603;5;8;2015;07:50;0;RUA PAULINO ROCHA D32;;;0;;Colis?úo Lateral;Luz do Dia;Bom;Seca;Meio de Quadra;Sem?íforo;Comercial;0;1;1;1;0;0;0;0;0;1;0;0;;
255562;5;8;2015;14:00;5292;RUA GONCALVES LEDO;RUA COSTA BARROS;;0;;Colis?úo Transversal;Luz do Dia;Bom;Seca;Cruz;Pare;Comercial;0;0;2;1;0;0;0;0;0;1;0;0;-3,729088000000000;-38,515426000000000
255566;5;8;2015;16:45;9055;AV VIS RIO BRANCO;RUA ARTHUR TEMOTEO;;0;;Colis?úo Transversal;Luz do Dia;Bom;Seca;Cruz;Pare;Residencial;0;0;3;1;0;0;0;0;0;0;0;0;-3,745349000000000;-38,522164000000000
255570;5;8;2015;21:00;0;AV JOSE BASTOS;;;0;;Colis?úo;;;;Meio de Quadra;;;0;0;2;0;1;0;0;0;0;0;0;0;;
255573;5;8;2015;10:30;12455;AV SEN FERNANDES TAVORA;RUA RIO GRANDE DO SUL;;0;;Colis?úo Traseira;Luz do Dia;Bom;Seca;T;Sem?íforo;Comercial;0;0;2;1;0;0;0;0;0;0;0;0;-3,768083000000000;-38,572159000000000
255576;5;8;2015;09:20;9170;AV EDUARDO GIRAO;RUA GAL SILVA JUNIOR;;0;;Colis?úo Transversal;Luz do Dia;Bom;Seca;;Sem?íforo;Comercial;0;0;2;1;0;0;0;0;0;0;0;0;-3,754309000000000;-38,530785000000000
255593;5;8;2015;14:40;26077;AV DUQ CAXIAS;AV JOSE JATAHY;;0;;Colis?úo Lateral;Luz do Dia;Bom;Seca;Cruz;Pare;Comercial;0;0;2;1;0;0;1;0;0;0;0;0;;
255594;5;8;2015;07:40;0;AV ENG ALBERTO SA;;;100;;Colis?úo Traseira;Luz do Dia;Bom;Seca;Meio de Quadra;Outros;Residencial;0;0;3;1;0;0;0;0;0;0;0;0;-3,732849000000000;-38,482028000000000
255595;5;8;2015;10:20;6730;RUA DES WALDETARIO P MOTA;RUA ANDRADE FURTADO;;0;;Colis?úo Lateral;Luz do Dia;Bom;Seca;Cruz;Sem?íforo;Residencial;0;1;1;1;0;0;0;0;0;1;0;0;-3,744025000000000;-38,485150000000000
265097;5;8;2015;10:28;0;AV CEL CARVALHO;;;0;;Colis?úo;Luz do Dia;;;Meio de Quadra;;;0;0;2;1;0;0;0;0;0;1;0;0;;
265098;5;8;2015;10:57;0;AV PRS CASTELO BRANCO;;;0;;Atropelamento;Luz do Dia;;;Meio de Quadra;;;0;1;1;1;0;0;0;0;0;0;0;0;-3,707207000000000;-38,571698000000000
265099;5;8;2015;12:09;0;RUA MIGUEL GURGEL;;;0;;Queda;Luz do Dia;;;Meio de Quadra;;;0;1;0;0;0;0;0;0;0;1;0;0;;
265100;5;8;2015;12:16;0;AV CEL CARVALHO;;;0;;Colis?úo;Luz do Dia;;;Meio de Quadra;;;0;1;0;1;0;0;0;0;0;0;0;0;-3,707281000000000;-38,590548000000000
265101;5;8;2015;14:48;0;AV MR HULL;;;0;;Queda;Luz do Dia;;;Meio de Quadra;;;0;1;0;0;0;0;0;0;0;1;0;0;-3,738013000000000;-38,580301000000000
265102;5;8;2015;15:07;0;RUA CEL FRANCISCO ALVES RIBEIRO;;;0;;Queda;Luz do Dia;;;Meio de Quadra;;;0;1;0;0;0;0;0;0;0;1;0;0;;
265103;5;8;2015;16:01;5091;RUA CASTRO E SILVA;RUA GAL SAMPAIO;;0;;Atropelamento;Luz do Dia;;;Cruz;Sem?íforo;Comercial;0;1;1;1;0;0;0;0;0;0;0;0;-3,723098000000000;-38,529670000000000
265104;5;8;2015;16:11;4000;AV PRO GOMES DE MATOS;RUA RAUL UCHOA;;0;;Atropelamento;Luz do Dia;;;Cruz;Pare;Comercial;0;1;1;1;0;0;0;0;0;0;0;0;-3,760768000000000;-38,545294000000000
265105;5;8;2015;17:41;0;AV WASHINGTON SOARES;;;0;;Queda;Anoitecer;;;Meio de Quadra;;;0;1;0;0;0;0;0;0;0;1;0;0;;
265127;5;8;2015;18:13;7975;RUA ALVARO MARTINS;RUA CARLOS CAMARA;;0;;Colis?úo;Anoitecer;;;Cruz;Pare;Residencial;0;1;1;1;0;0;0;0;0;1;0;0;-3,747550000000000;-38,543554000000000
265149;5;8;2015;19:45;0;RUA BERNARDO MANUEL;;;0;;Colis?úo;;;;Meio de Quadra;;;0;1;1;1;0;0;0;0;0;1;0;0;;
265145;5;8;2015;18:53;0;RUA PRO COSTA MENDES;;;0;;Colis?úo;;;;Meio de Quadra;;;0;1;1;0;0;0;0;0;0;1;0;0;;
265153;5;8;2015;21:43;0;RUA DUAS NACOES;;;0;;Atropelamento;;;;Meio de Quadra;;;0;1;1;0;0;0;0;0;0;1;0;0;;
259107;5;8;2015;07:35;0;RD BR 116;;;2000;KM-02;Colis?úo Traseira;Luz do Dia;Bom;Seca;Meio de Quadra;N?úo H?í Controle;Comercial;0;1;1;1;0;0;0;0;0;1;0;0;-3,771391000000000;-38,516780000000000
259108;5;8;2015;12:00;0;RD BR 116;;;6000;KM-06;Colis?úo Lateral;Luz do Dia;Bom;Seca;Meio de Quadra;N?úo H?í Controle;Comercial;0;1;1;1;0;0;0;0;0;1;0;0;-3,804691000000000;-38,503053000000000
259120;5;8;2015;18:03;0;RD BR 116;;;12000;KM-12;Tombamento;Anoitecer;Bom;Seca;Meio de Quadra;N?úo H?í Controle;Comercial;0;2;0;0;0;0;1;0;0;0;0;0;-3,855740000000000;-38,496066000000000
259121;5;8;2015;20:45;0;RD BR 116;;;7000;KM-07;Colis?úo Traseira;Via Iluminada;Bom;Seca;Meio de Quadra;N?úo H?í Controle;Comercial;0;0;4;1;0;0;0;0;0;0;0;0;-3,813246000000000;-38,501101000000000
269889;5;8;2015;10:36;0;RUA ANTONIO LAFAYETTE;;;0;;Atropelamento;Luz do Dia;;;Meio de Quadra;;;0;0;2;0;0;0;0;0;0;0;0;0;;
269882;5;8;2015;09:11;0;AV A CJ CEARA;;;0;;Colis?úo;Luz do Dia;;;Meio de Quadra;;;0;0;2;0;0;0;0;0;0;0;0;0;;
269876;5;8;2015;07:56;22159;RUA PRO COSTA MENDES;AV JOSE BASTOS;;0;;Colis?úo;Luz do Dia;;;Outros;N?úo H?í Controle;Residencial;0;0;2;0;0;0;0;0;0;0;0;0;-3,750784000000000;-38,551247000000000