COD_ACIDENTE;DIA;MES;ANO;HORA;INTERSECAO;LOG1;LOG2;LOG3;NUMERO;REFERENCIA;NATUREZA;ILUMINACAO;TEMPO;SUPERFICIEPISTA;TIPOCRUZAMENTO;CONTROLETRAFEGO;USOSOLO;MORTOS;FERIDOS;ILESOS;AUTOMOVEL;ONIBUS;BICICLETA;CAMINHAO;MICROONIBUS;CICLOMOTOR;MOTOCICLETA;TRACAOANIMAL;TREM;LATITUDE;LONGITUDE
269923;5;8;2015;23:57;0;RUA COS TRISTAO;;;0;;Colis?úo;;;;Meio de Quadra;;;0;0;2;0;0;0;0;0;0;0;0;0;;
269921;5;8;2015;22:56;0;RUA URUCUTUBA;;;0;;Choque c/ Obst?ículo Fixo;;;;Meio de Quadra;;;0;0;1;0;0;0;0;0;0;0;0;0;;
269919;5;8;2015;22:40;22082;RUA CAP FRANCISCO PEDRO;RUA ALEXANDRE BARAUNA;;0;;Colis?úo;;;;Cruz;Pare;Comercial;0;0;2;0;0;0;0;0;0;0;0;0;-3,749020000000000;-38,550539000000000
269914;5;8;2015;22:39;0;AV DA INDEPENDENCIA;;;0;;Colis?úo;;;;Meio de Quadra;;;0;0;2;0;0;0;0;0;0;0;0;0;;
269911;5;8;2015;22:34;0;RUA JOSE NAPOLEAO;;;0;;Colis?úo;;;;Meio de Quadra;;;0;0;2;0;0;0;0;0;0;0;0;0;;
269907;5;8;2015;21:50;0;RUA ABILIO MARTINS;;;0;;Colis?úo;;;;Meio de Quadra;;;0;0;2;0;0;0;0;0;0;0;0;0;;
269898;5;8;2015;11:57;17453;RUA DES PRAXEDES;AV JOSE DO PATROCINIO;;0;;Colis?úo;Luz do Dia;;;Cruz;Pare;Residencial;0;0;2;0;0;0;0;0;0;0;0;0;-3,762794000000000;-38,543752000000000
269899;5;8;2015;15:14;0;AV PRUDENTE BRASIL;;;0;;Colis?úo;Luz do Dia;;;Meio de Quadra;;;0;0;2;0;0;0;0;0;0;0;0;0;;
269901;5;8;2015;16:04;12352;RUA MON HIPOLITO BRASIL;RUA ERNESTO PEDRO SANTOS;;0;;Colis?úo;Luz do Dia;;;Cruz;Pare;Residencial;0;0;2;0;0;0;0;0;0;0;0;0;-3,760775000000000;-38,575314000000000
269885;5;8;2015;10:17;1259;RUA PDE LUIS FIGUEIRA;RUA ILDEFONSO ALBANO;;0;;Colis?úo;Luz do Dia;;;Cruz;Pare;Comercial;0;0;2;0;0;0;0;0;0;0;0;0;-3,732813000000000;-38,513063000000000
269896;5;8;2015;11:45;0;RUA REPUBLICA DO PERU;;;0;;Colis?úo;Luz do Dia;;;Meio de Quadra;;;0;0;2;0;0;0;0;0;0;0;0;0;;
269892;5;8;2015;11:01;0;RUA VALPARAISO;;;0;;Colis?úo;Luz do Dia;;;Meio de Quadra;;;0;0;2;0;0;0;0;0;0;0;0;0;;
265079;5;8;2015;07:39;0;AV GAL OSORIO DE PAIVA;;;0;;Colis?úo;Luz do Dia;;;Meio de Quadra;;;0;1;1;1;0;0;0;0;0;1;0;0;-3,820341000000000;-38,617199000000000
265080;5;8;2015;08:23;16587;RUA MONTE LIBANO;RUA AMARO JOSE DE SOUZA;;0;;Colis?úo;Luz do Dia;;;T;Pare;Residencial;0;1;1;1;0;0;0;0;0;1;0;0;-3,827632000000000;-38,564113000000000
265081;5;8;2015;08:29;0;AV PRS CASTELO BRANCO;;;0;;Queda;Luz do Dia;;;Meio de Quadra;;;0;1;0;0;0;0;0;0;0;1;0;0;-3,722201000000000;-38,524456000000000
265082;5;8;2015;08:34;0;AV MAE LISBOA;;;0;;Atropelamento;Luz do Dia;;;Meio de Quadra;;;0;1;1;0;0;0;0;0;0;1;0;0;-3,806677000000000;-38,456874000000000
265083;5;8;2015;08:57;0;RUA PRO JOSE SILVEIRA;;;0;;Colis?úo;Luz do Dia;;;Meio de Quadra;;;0;1;1;1;0;0;0;0;0;1;0;0;;
265005;5;8;2015;11:20;0;AV GAL OSORIO DE PAIVA;;;7775;;;Luz do Dia;;;Meio de Quadra;;;0;0;1;1;0;0;0;0;0;0;0;0;-3,820401000000000;-38,617259000000000
265009;5;8;2015;13:40;6745;RUA PRO OTAVIO LOBO;RUA BENTO ALBUQUERQUE;;0;;Colis?úo;Luz do Dia;;;Cruz;Sem?íforo;Residencial;0;1;0;1;0;0;0;0;0;1;0;0;-3,745035000000000;-38,479196000000000
265029;5;8;2015;17:58;0;RUA MIN JOAQUIM BASTOS D14;;;750;;Colis?úo;Anoitecer;;;Meio de Quadra;;;1;1;1;1;0;0;0;0;0;1;0;0;;
255414;5;8;2015;14:05;0;AV CEL CARVALHO;;;2901;;Colis?úo Lateral;Luz do Dia;Bom;Seca;Meio de Quadra;Sem?íforo;Comercial;0;0;2;1;0;0;1;0;0;0;0;0;-3,728395000000000;-38,585031000000000
255423;5;8;2015;15:10;13381;RUA JOAO CORDEIRO;RUA JOAO BRIGIDO;;0;;Colis?úo Transversal;Luz do Dia;Bom;Seca;;N?úo H?í Controle;Residencial;0;0;2;1;0;0;0;0;0;1;0;0;-3,739927000000000;-38,517870000000000
255429;5;8;2015;14:30;0;AV DOS EXPEDICIONARIOS;;;3910;;Colis?úo Traseira;Luz do Dia;Bom;Seca;Meio de Quadra;N?úo H?í Controle;Escola;0;0;2;1;0;0;0;0;0;0;0;0;-3,752267000000000;-38,537333000000000
255452;5;8;2015;08:30;16587;RUA MONTE LIBANO;RUA AMARO JOSE DE SOUZA;;0;;Colis?úo Transversal;Luz do Dia;Bom;Seca;T;Pare;Residencial;0;0;2;1;0;0;0;0;0;1;0;0;-3,827632000000000;-38,564113000000000
255445;5;8;2015;10:00;5038;RUA SEN ALENCAR;RUA OTO DE ALENCAR;;0;;Colis?úo Transversal;Luz do Dia;Bom;Seca;Cruz;Pare;Comercial;0;1;2;1;0;0;0;0;0;1;0;0;-3,721158000000000;-38,539632000000000
255442;5;8;2015;08:30;0;AV DEP PAULINO ROCHA;;;0;;Colis?úo Traseira;Luz do Dia;Bom;Seca;Meio de Quadra;N?úo H?í Controle;Comercial;0;0;2;1;0;0;0;0;0;0;0;0;;
255398;5;8;2015;13:30;0;AV PRO GOMES DE MATOS;;;1368;;Colis?úo Traseira;Luz do Dia;Bom;Seca;Meio de Quadra;N?úo H?í Controle;Comercial;0;0;2;1;0;0;0;0;0;0;0;0;-3,764172000000000;-38,548214000000000
255407;5;8;2015;07:30;26097;RUA PAPI JUNIOR;AV JOSE JATAHY;;0;;Colis?úo Lateral;Luz do Dia;Bom;Seca;Cruz;Pare;Residencial;0;0;2;1;0;0;1;0;0;0;0;0;-3,737364000000000;-38,543919000000000
255389;5;8;2015;10:25;0;RUA PDE VALDEVINO;;;109;;Colis?úo Lateral;Luz do Dia;Bom;Seca;Meio de Quadra;Outros;Residencial;0;0;2;1;0;0;0;0;0;1;0;0;-3,737147000000000;-38,523112000000000
264452;5;8;2015;17:09;15155;AV BEIRA MAR;RUA NUNES VALENTE;;0;;Colis?úo;Anoitecer;;;Cruz;Pare;Residencial;0;0;3;1;0;0;0;0;0;0;0;0;-3,724863000000000;-38,500106000000000
255396;6;8;2015;17:40;11668;RUA PRO HERIBALDO COSTA;RUA CACILDA BECKER;;0;;Colis?úo Lateral;Via Iluminada;Bom;Seca;Cruz;Pare;Residencial;0;0;2;1;0;0;1;0;0;0;0;0;-3,770715000000000;-38,589464000000000
255404;6;8;2015;18:05;0;RUA JACINTO MATOS;;;449;;Colis?úo Traseira;Via Iluminada;Bom;Seca;Meio de Quadra;;Residencial;0;0;2;1;0;0;0;0;0;0;0;0;-3,714712000000000;-38,546341000000000
255401;6;8;2015;09:32;0;AV SEN CARLOS JEREISSATI (AEROPORTO);;;3000;;Colis?úo Lateral;Luz do Dia;Bom;Seca;Meio de Quadra;N?úo H?í Controle;Outros;0;0;2;1;0;0;0;0;0;0;0;0;-3,780382000000000;-38,541414000000000
255417;6;8;2015;21:00;0;RUA BERNARDO MANUEL;;;7941;;Colis?úo Lateral;Via Iluminada;Bom;Seca;Meio de Quadra;N?úo H?í Controle;Residencial;0;0;2;1;1;0;0;0;0;0;0;0;-3,788638000000000;-38,548344000000000
255418;6;8;2015;22:10;0;RUA ALBERTO MAGNO;;;412;;Colis?úo Transversal;Via Iluminada;Bom;Seca;Meio de Quadra;N?úo H?í Controle;Residencial;0;1;1;0;0;0;0;0;0;1;0;0;-3,759383000000000;-38,545174000000000
255439;6;8;2015;13:30;15346;RUA PEREIRA VALENTE;RUA VIS MAUA;;0;;Colis?úo Transversal;Luz do Dia;Bom;Seca;Cruz;Pare;Residencial;0;0;2;1;0;0;0;0;0;0;0;0;-3,731927000000000;-38,498067000000000
255440;6;8;2015;14:30;19165;RUA BATISTA DE OLIVEIRA;RUA PEREIRA DE MIRANDA;;0;;Colis?úo Transversal;Luz do Dia;Bom;Seca;Cruz;Pare;Residencial;0;0;2;1;1;0;0;0;0;0;0;0;-3,740801000000000;-38,478760000000000
255441;6;8;2015;20:00;15718;RUA CEL DIONISIO ALENCAR;RUA DR JOAQUIM BENTO;;0;;Colis?úo Lateral;Via Iluminada;Bom;Seca;Cruz;Pare;Residencial;0;0;2;1;0;0;1;0;0;0;0;0;-3,828267000000000;-38,486419000000000
255448;6;8;2015;09:45;12954;RUA BERNARDO MANUEL;AV PRS COSTA E SILVA;;0;;Colis?úo Lateral;Anoitecer;Bom;Seca;Cruz;Sem?íforo;Comercial;0;0;2;1;0;0;0;0;0;1;0;0;-3,821079000000000;-38,558276000000000
255424;6;8;2015;14:30;6756;AV ANTONIO SALES;AV ENG SANTANA JUNIOR;;0;;Colis?úo Lateral;Luz do Dia;Bom;Seca;Outros;N?úo H?í Controle;Comercial;0;0;2;1;0;0;0;0;0;0;0;0;-3,749257000000000;-38,490039000000000
255420;6;8;2015;08:15;3851;RUA ADOLFO HERBSTER;AV DA UNIVERSIDADE;;0;;Colis?úo Traseira;Luz do Dia;Bom;Seca;T;Pare;Misto;0;0;2;1;1;0;0;0;0;0;0;0;-3,743649000000000;-38,541551000000000
255421;6;8;2015;21:30;19328;RUA EDUARDO PERDIGAO;RUA CON DE CASTRO;;0;;Colis?úo Transversal;Via Iluminada;Bom;Seca;Cruz;Pare;Comercial;0;0;2;1;0;0;0;0;0;0;0;0;-3,775579000000000;-38,564769000000000
255422;6;8;2015;19:15;0;RUA PRO GOMES BRASIL;;;0;;Colis?úo Traseira;Via Iluminada;Bom;Seca;Meio de Quadra;N?úo H?í Controle;Outros;0;0;2;1;0;0;0;0;0;0;0;0;;
255451;6;8;2015;09:00;0;AV PRS CASTELO BRANCO;;;3100;;Colis?úo Traseira;Luz do Dia;Bom;Seca;Meio de Quadra;N?úo H?í Controle;Residencial;0;0;2;1;0;0;1;0;0;0;0;0;-3,711624000000000;-38,557253000000000
255454;6;8;2015;06:30;0;AV DR SILAS MUNGUBA;;;1700;UECE;Colis?úo Lateral;Luz do Dia;Bom;Seca;Meio de Quadra;Sem?íforo;Misto;0;2;1;0;1;0;0;0;0;1;0;0;-3,785332000000000;-38,552153000000000
255456;6;8;2015;18:30;0;RUA GONTRAN GIFFONI;;;100;;Colis?úo Frontal;Via Iluminada;Bom;Seca;Meio de Quadra;Pare;Misto;0;1;1;1;0;0;0;0;0;1;0;0;-3,766089000000000;-38,495508000000000
265031;6;8;2015;13:05;0;AV DUQ CAXIAS;;;1700;;Colis?úo Lateral;Luz do Dia;;;Meio de Quadra;;;0;0;1;1;1;0;0;0;0;0;0;0;-3,728676000000000;-38,539517000000000
269951;6;8;2015;22:35;0;AV 13 DE MAIO;;;0;;Colis?úo;;;;Meio de Quadra;;;0;0;2;0;0;0;0;0;0;0;0;0;;
269952;6;8;2015;23:48;0;RUA NUNES VALENTE;;;0;;Colis?úo;;;;Meio de Quadra;;;0;0;2;0;0;0;0;0;0;0;0;0;;
269940;6;8;2015;11:06;5418;RUA ASSUNCAO;RUA GAL CLARINDO DE QUEIROZ;;0;;Colis?úo;Luz do Dia;;;Cruz;Pare;Comercial;0;0;2;0;0;0;0;0;0;0;0;0;-3,733329000000000;-38,528262000000000
269931;6;8;2015;02:34;22296;RUA PDE ANCHIETA;RUA SOARES BULCAO;;0;;Colis?úo;;;;Cruz;;Comercial;0;0;2;0;0;0;0;0;0;0;0;0;-3,731832000000000;-38,552133000000000
269935;6;8;2015;09:08;0;AV CEL CARVALHO;;;0;;Atropelamento;Luz do Dia;;;Meio de Quadra;;;0;0;2;0;0;0;0;0;0;0;0;0;;
269943;6;8;2015;11:27;0;AV ROGACIANO LEITE;;;0;;Colis?úo;Luz do Dia;;;Meio de Quadra;;;0;0;2;0;0;0;0;0;0;0;0;0;;
269946;6;8;2015;13:07;0;AV JOSE LEON;;;0;;Colis?úo;Luz do Dia;;;Meio de Quadra;;;0;1;1;0;0;0;0;0;0;0;0;0;;
269947;6;8;2015;13:15;0;RUA HIL MORAES;;;0;;Colis?úo;Luz do Dia;;;Meio de Quadra;;;0;0;2;0;0;0;0;0;0;0;0;0;;
269948;6;8;2015;16:30;7508;RUA PEDRO DANTAS;RUA NENEN GONCALVES;;0;;Colis?úo;Luz do Dia;;;Cruz;Pare;Residencial;0;0;2;0;0;0;0;0;0;0;0;0;-3,786437000000000;-38,518947000000000
259122;6;8;2015;22:30;0;RD BR 116;;;8000;KM-08;Choque c/ Obst?ículo Fixo;Via Iluminada;Bom;Seca;Meio de Quadra;N?úo H?í Controle;Comercial;0;0;1;1;0;0;0;0;0;0;0;0;-3,822018000000000;-38,503269000000000
265154;6;8;2015;04:25;0;RUA PDE ANCHIETA;;;0;;Colis?úo;;;;Meio de Quadra;;;0;1;0;1;0;0;0;0;0;0;0;0;;
265157;6;8;2015;07:26;0;RUA PRO JOSE MILTON;;;0;;Queda;Luz do Dia;;;Meio de Quadra;;;0;1;0;0;0;0;0;0;0;1;0;0;;
265167;6;8;2015;13:05;0;AV JOSE BASTOS;;;0;;Colis?úo;Luz do Dia;;;Meio de Quadra;;;0;0;1;0;0;0;0;0;0;0;0;0;;
265160;6;8;2015;08:59;0;RUA DR JOSE GOIANA;;;0;;Colis?úo;Luz do Dia;;;Meio de Quadra;;;0;1;1;1;0;1;0;0;0;0;0;0;;
265186;6;8;2015;20:06;0;RUA MAL DEODORO;;;0;;Colis?úo;;;;Meio de Quadra;;;0;1;0;0;0;0;0;0;0;0;0;0;;
265187;6;8;2015;20:38;15184;AV ABOLICAO;RUA TIBURCIO CAVALCANTE;;0;;Atropelamento;;;;Cruz;Sem?íforo;Comercial;0;1;1;0;0;0;0;0;0;1;0;0;-3,726066000000000;-38,499409000000000
265190;6;8;2015;21:30;0;RUA ALBERTO MAGNO;;;0;;Colis?úo;;;;Meio de Quadra;;;0;1;0;0;0;0;0;0;0;0;0;0;-3,759383000000000;-38,545174000000000
265193;6;8;2015;22:11;0;RUA DAS PEDRINHAS;;;0;;Colis?úo;;;;Meio de Quadra;;;0;1;0;1;0;0;0;0;0;0;0;0;-3,762017000000000;-38,600139000000000
265194;6;8;2015;00:58;0;AV GAL OSORIO DE PAIVA;;;0;;Colis?úo;;;;Meio de Quadra;;;0;1;0;0;0;0;0;0;0;0;0;0;;
265170;6;8;2015;17:20;0;RUA CON DE CASTRO;;;0;;Colis?úo;Anoitecer;;;Meio de Quadra;;;0;1;0;0;0;0;0;0;0;1;0;0;-3,820574000000000;-38,603799000000000
265173;6;8;2015;19:01;0;RD BR 116;;;0;;Atropelamento;;;;Meio de Quadra;;;0;1;1;1;0;0;0;0;0;0;0;0;;
265174;6;8;2015;19:07;0;RUA EMILIO DE MENESES;;;0;;Atropelamento;;;;Meio de Quadra;;;0;1;1;1;0;0;0;0;0;0;0;0;-3,778606000000000;-38,598575000000000
255587;6;8;2015;13:45;0;RUA JOSE HIPOLITO;;;1270;;Colis?úo Transversal;Luz do Dia;Bom;Seca;Meio de Quadra;;Residencial;0;0;2;1;0;0;0;0;0;0;0;0;-3,836363000000000;-38,484817000000000
255589;6;8;2015;12:00;0;AV BORGES DE MELO;;;124;;Colis?úo Lateral;Luz do Dia;Bom;Seca;Meio de Quadra;N?úo H?í Controle;Outros;0;0;2;1;0;0;1;0;0;0;0;0;-3,761333000000000;-38,520120000000000
255559;6;8;2015;18:15;0;RUA CAP TIBURCIO DA FROTA;;;60;;Colis?úo Traseira;Via Iluminada;Bom;Seca;Meio de Quadra;N?úo H?í Controle;Residencial;0;0;2;1;0;0;0;0;0;0;0;0;-3,755394000000000;-38,519510000000000
255557;6;8;2015;10:15;0;AV PRO GOMES DE MATOS;;;1181;;Colis?úo Lateral;Luz do Dia;Bom;Seca;Meio de Quadra;N?úo H?í Controle;Comercial;0;0;2;1;1;0;0;0;0;0;0;0;-3,762864000000000;-38,547075000000000
255545;6;8;2015;06:40;0;AV PRO GOMES DE MATOS;;;2107;;Colis?úo Lateral;Luz do Dia;Bom;Seca;Meio de Quadra;D?¬ Prefer?¬ncia;Comercial;0;0;2;1;1;0;0;0;0;0;0;0;;
255546;6;8;2015;08:20;3245;RUA ANSELMO NOGUEIRA;RUA SOUSA CARVALHO;;0;;Colis?úo Transversal;Luz do Dia;Bom;Seca;Cruz;Pare;Residencial;0;1;1;1;0;0;0;0;0;0;0;0;-3,783796000000000;-38,587948000000000
255532;6;8;2015;09:00;0;AV GAL OSORIO DE PAIVA;;;4951;;Colis?úo Traseira;Luz do Dia;Bom;Seca;Meio de Quadra;N?úo H?í Controle;Comercial;0;1;1;1;0;0;0;0;0;1;0;0;-3,801585000000000;-38,599023000000000
255534;6;8;2015;12:45;25027;AV DR SILAS MUNGUBA;RUA PRA STELLA COCHRANE;;0;;Colis?úo Lateral;Luz do Dia;Bom;Seca;Cruz;Sem?íforo;Comercial;0;0;2;1;0;0;0;0;0;0;0;0;-3,793090000000000;-38,535043000000000
255517;6;8;2015;07:30;0;RUA DR JOSE ROBERTO SALES;;;0;;Colis?úo Transversal;Luz do Dia;Bom;Seca;Meio de Quadra;N?úo H?í Controle;Residencial;0;0;2;1;0;0;0;0;0;1;0;0;;
255520;6;8;2015;11:00;5216;RUA SEN ALMIR PINTO;RUA CEL FERRAZ;;0;;Choque c/ Obst?ículo Fixo;Luz do Dia;Bom;Seca;T;N?úo H?í Controle;Comercial;0;0;1;1;0;0;0;0;0;0;0;0;;
255508;6;8;2015;09:00;15896;RUA GURGEL DO AMARAL;RUA JOSE CAVALCANTE SOBR;;0;;Colis?úo Lateral;Luz do Dia;Bom;Seca;T;Pare;Residencial;0;0;2;1;0;0;0;0;0;1;0;0;-3,835550000000000;-38,486455000000000
255515;6;8;2015;23:00;9168;AV LUCIANO CARNEIRO;AV BORGES DE MELO;;0;;;;;;Cruz;Sem?íforo;Residencial;0;0;4;1;0;0;0;0;0;0;0;0;-3,756465000000000;-38,534097000000000
255511;6;8;2015;22:00;5438;RUA METON DE ALENCAR;RUA ASSUNCAO;;0;;Colis?úo Transversal;Via Iluminada;Bom;Seca;Cruz;Pare;Comercial;0;1;1;0;0;0;0;0;0;1;0;0;-3,734332000000000;-38,528594000000000
255500;6;8;2015;08:00;6716;AV PDE ANTONIO TOMAS;RUA ALUYSIO SORIANO ADERALDO;;0;;Colis?úo Lateral;Luz do Dia;Bom;Seca;Y;N?úo H?í Controle;Residencial;0;0;2;1;0;0;1;0;0;0;0;0;;
255506;6;8;2015;18:30;15288;RUA VICENTE LEITE;RUA SILVA JATAHY;;0;;Colis?úo Transversal;Anoitecer;Bom;Seca;Cruz;Pare;Residencial;0;1;1;1;0;0;0;0;0;0;0;0;-3,729302000000000;-38,492910000000000
255503;6;8;2015;17:00;15354;RUA CANUTO DE AGUIAR;RUA FREDERICO BORGES;;0;;Colis?úo Transversal;Anoitecer;Bom;Seca;Cruz;Pare;Comercial;0;0;2;1;0;0;0;0;0;1;0;0;-3,732629000000000;-38,489246000000000
255496;6;8;2015;15:40;9039;RUA BAR RIO BRANCO;RUA PDE MIGUELINHO;;0;;Colis?úo Transversal;Luz do Dia;Bom;Seca;Cruz;Pare;Residencial;0;1;2;1;0;0;0;0;0;1;0;0;-3,742749000000000;-38,533460000000000
255489;6;8;2015;12:30;8076;AV EDUARDO GIRAO;RUA WALDERY UCHOA;;0;;Colis?úo Transversal;Luz do Dia;Bom;Seca;T;Pare;Comercial;0;0;2;1;1;0;0;0;0;0;0;0;-3,747280000000000;-38,541834000000000
263826;6;8;2015;09:21;0;AV PRS CASTELO BRANCO;;;0;;Colis?úo;Luz do Dia;;;Meio de Quadra;;;0;0;2;1;0;0;1;0;0;0;0;0;;
263823;6;8;2015;00:45;0;RUA METON DE ALENCAR;;;0;;Colis?úo;;;;Meio de Quadra;;;0;0;2;1;0;0;0;0;0;0;0;0;;
263877;6;8;2015;14:22;0;AV DR THEBERGE;;;0;;Colis?úo;Luz do Dia;;;Meio de Quadra;;;0;0;2;1;0;0;1;0;0;0;0;0;;
259481;7;8;2015;12:50;0;RD CE-025;;;0;KM-03;Colis?úo Lateral;Luz do Dia;;Seca;Meio de Quadra;;;0;0;2;1;0;0;0;0;0;0;0;0;-3,805236000000000;-38,446791000000000
259490;7;8;2015;13:00;0;RD CE-040;;;0;KM-02;Capotamento;Luz do Dia;;Seca;Meio de Quadra;;;0;0;2;1;0;0;0;0;0;0;0;0;-3,776479000000000;-38,481598000000000
255490;7;8;2015;13:45;1398;RUA JOSE VILAR;RUA PDE QUINDERE;;0;;Colis?úo Transversal;Luz do Dia;Bom;Seca;T;Pare;Misto;0;0;2;1;0;0;0;0;0;0;0;0;-3,737088000000000;-38,505087000000000
255492;7;8;2015;15:00;0;RUA CEL JUCA;;;1612;;Colis?úo Transversal;Luz do Dia;Bom;Seca;Meio de Quadra;N?úo H?í Controle;Residencial;0;0;2;1;0;0;0;0;0;0;0;0;-3,745403000000000;-38,493792000000000
255493;7;8;2015;16:40;1358;AV SANTOS DUMONT;AV DES MOREIRA;;0;;Colis?úo Transversal;Luz do Dia;Bom;Seca;Cruz;Sem?íforo;Comercial;0;0;2;1;0;0;0;0;0;0;0;0;-3,736226000000000;-38,498365000000000
255488;7;8;2015;09:40;0;RUA PRO EDUARDO BARROS LEAL;;;113;;Colis?úo Transversal;Luz do Dia;Bom;Seca;Meio de Quadra;Gesto;Residencial;0;0;2;1;0;0;0;0;0;0;0;0;-3,734515000000000;-38,563590000000000
255486;7;8;2015;07:30;0;AV GOV RAUL BARBOSA;;;5660;;Colis?úo Traseira;Luz do Dia;Bom;Seca;Meio de Quadra;N?úo H?í Controle;Comercial;0;1;1;0;0;0;1;0;0;1;0;0;-3,768190000000000;-38,509774000000000
255483;7;8;2015;16:00;17953;RUA BANVAR BEZERRA;RUA JOAQUIM ALBANO;;0;;Colis?úo Lateral;Via Iluminada;Bom;Seca;Cruz;Pare;Residencial;0;0;2;1;0;0;1;0;0;0;0;0;-3,735275000000000;-38,579975000000000
255484;7;8;2015;10:00;0;AV DR THEBERGE;;;3000;;Colis?úo Lateral;Luz do Dia;Bom;Seca;Outros;Sem?íforo Intermitente;Comercial;0;0;2;1;0;0;0;0;0;0;0;0;-3,727839000000000;-38,569248000000000
265236;7;8;2015;06:56;19562;RUA NEREU RAMOS;RUA SEIFERT;;0;;Colis?úo;Luz do Dia;;;Cruz;Pare;Residencial;0;1;1;1;0;0;0;0;0;1;0;0;-3,783283000000000;-38,575359000000000
265237;7;8;2015;08:29;0;AV DOMINGOS OLIMPIO;;;0;;Atropelamento;Luz do Dia;;;Meio de Quadra;;;0;1;1;0;0;1;0;0;0;0;0;0;;
265243;7;8;2015;09:49;0;RUA SAO FRANCISCO D21;;;0;;Queda;Luz do Dia;;;Meio de Quadra;;;0;1;0;0;0;0;0;0;0;1;0;0;;
265244;7;8;2015;11:40;0;RUA MIN JOAQUIM BASTOS D14;;;0;;Colis?úo;Luz do Dia;;;Meio de Quadra;;;0;1;0;0;0;0;0;0;0;0;0;0;-3,753124000000000;-38,528968000000000
265245;7;8;2015;12:12;25125;RUA ROCHA LIMA;RUA DNA LEOPOLDINA;;0;;Colis?úo;Luz do Dia;;;Cruz;Pare;Residencial;0;1;1;1;0;0;0;0;0;1;0;0;-3,736665000000000;-38,521427000000000
265239;7;8;2015;09:03;0;AV FRANCISCO SA;;;0;;Colis?úo;Luz do Dia;;;Meio de Quadra;;;0;1;1;1;0;0;0;0;0;1;0;0;;
265248;7;8;2015;14:41;0;RUA FRE MARCELINO;;;0;;Atropelamento;Luz do Dia;;;Meio de Quadra;;;0;1;1;0;0;0;0;0;0;1;0;0;-3,745995000000000;-38,554501000000000
265250;7;8;2015;14:48;9142;RUA GUILHERME MOREIRA;RUA MON OTAVIO CASTRO;;0;;Colis?úo;Luz do Dia;;;Cruz;Pare;Residencial;0;1;1;1;0;0;0;0;0;1;0;0;-3,750182000000000;-38,526504000000000
265252;7;8;2015;14:49;0;AV GODOFREDO MACIEL;;;0;;Colis?úo;Luz do Dia;;;Meio de Quadra;;;0;1;1;1;0;0;0;0;0;1;0;0;;
265253;7;8;2015;15:40;0;AV ALBERTO CRAVEIRO;;;0;;Colis?úo;Luz do Dia;;;Meio de Quadra;;;0;1;1;0;0;0;1;0;0;1;0;0;-3,782668000000000;-38,516505000000000
265259;7;8;2015;16:20;24209;RUA JULIO AZEVEDO;RUA PRO HERACLITO;;0;;Colis?úo;Luz do Dia;;;Cruz;Pare;Residencial;0;1;1;1;0;0;0;0;0;1;0;0;-3,732449000000000;-38,475700000000000
265260;7;8;2015;16:48;0;RD BR 116;;;11000;KM-11;Colis?úo;Luz do Dia;;;Meio de Quadra;;;0;1;0;0;0;0;0;0;0;0;0;0;-3,847160000000000;-38,497176000000000
265261;7;8;2015;17:57;0;AV GAL OSORIO DE PAIVA;;;0;;Atropelamento;Anoitecer;;;Meio de Quadra;;;0;1;1;0;0;0;0;0;0;1;0;0;;
259132;7;8;2015;19:30;0;RD BR 116;;;5000;KM-05;Colis?úo Traseira;Via Iluminada;Bom;Seca;Meio de Quadra;N?úo H?í Controle;Comercial;0;1;2;1;0;0;0;0;0;1;0;0;-3,796502000000000;-38,506787000000000
259130;7;8;2015;16:40;0;RD BR 116;;;10000;KM-10;Atropelamento;Luz do Dia;Bom;Seca;Meio de Quadra;N?úo H?í Controle;Comercial;0;2;0;0;0;0;0;0;0;1;0;0;-3,834435000000000;-38,503373000000000
259125;7;8;2015;07:15;0;RD BR 116;;;11000;KM-11;Colis?úo Transversal;Luz do Dia;Bom;Seca;Meio de Quadra;N?úo H?í Controle;Comercial;0;1;1;0;0;0;1;0;0;1;0;0;-3,847160000000000;-38,497176000000000
264107;7;8;2015;17:00;5706;RUA ANTONIO DE CASTRO;RUA CON BRAVEZA;;0;;Colis?úo;Anoitecer;;;Cruz;Pare;Residencial;0;0;2;1;0;0;0;0;0;0;0;0;-3,794459000000000;-38,499347000000000
264039;7;8;2015;13:37;15105;AV HIS RAIMUNDO GIRAO;RUA BAR ARACATI;;0;;Colis?úo;Luz do Dia;;;T;N?úo H?í Controle;Comercial;0;0;2;1;0;0;0;1;0;0;0;0;-3,722091000000000;-38,508496000000000
255885;7;8;2015;09:00;0;AV 13 DE MAIO;AV AGUANAMBI;;0;;Colis?úo Traseira;Luz do Dia;Bom;Seca;Meio de Quadra;N?úo H?í Controle;Comercial;0;0;3;1;0;0;0;0;0;0;0;0;;
269958;7;8;2015;00:29;1316;AV SANTOS DUMONT;RUA TIBURCIO CAVALCANTE;;0;;Colis?úo;;;;Cruz;Sem?íforo;Comercial;0;0;2;0;0;0;0;0;0;0;0;0;-3,734979000000000;-38,502259000000000
269969;7;8;2015;12:00;13000;RUA 29 CJ JOSE WALTER;RUA 22 CJ JOSE WALTER;;0;;Colis?úo;Luz do Dia;;;;;;0;0;2;0;0;0;0;0;0;0;0;0;-3,824869000000000;-38,557674000000000