COD_ACIDENTE;DIA;MES;ANO;HORA;INTERSECAO;LOG1;LOG2;LOG3;NUMERO;REFERENCIA;NATUREZA;ILUMINACAO;TEMPO;SUPERFICIEPISTA;TIPOCRUZAMENTO;CONTROLETRAFEGO;USOSOLO;MORTOS;FERIDOS;ILESOS;AUTOMOVEL;ONIBUS;BICICLETA;CAMINHAO;MICROONIBUS;CICLOMOTOR;MOTOCICLETA;TRACAOANIMAL;TREM;LATITUDE;LONGITUDE
269964;7;8;2015;10:49;22084;RUA CAP FRANCISCO PEDRO;RUA ANA NERY;;0;;Colis?úo;Luz do Dia;;;Cruz;Pare;Residencial;0;0;2;0;0;0;0;0;0;0;0;0;-3,747399000000000;-38,549085000000000
269965;7;8;2015;11:14;0;RUA PESSOA ANTA;;;0;;Colis?úo;Luz do Dia;;;Meio de Quadra;;;0;0;2;0;0;0;0;0;0;0;0;0;;
269962;7;8;2015;10:33;7774;AV ANTONIO SALES;RUA JOAQUIM NABUCO;;0;;Colis?úo;Luz do Dia;;;Cruz;;Comercial;0;0;2;0;0;0;0;0;0;0;0;0;-3,744832000000000;-38,504371000000000
269978;7;8;2015;23:48;15224;AV BAR STUDART;RUA DEP MOREIRA DA ROCHA;;0;;Colis?úo;;;;Cruz;Sem?íforo;Comercial;0;0;2;0;0;0;0;0;0;0;0;0;-3,727254000000000;-38,504238000000000
269976;7;8;2015;21:42;0;AV CASTELO DE CASTRO;;;0;;Choque c/ Obst?ículo Fixo;;;;Meio de Quadra;;;0;0;1;0;0;0;0;0;0;0;0;0;;
269973;7;8;2015;12:55;0;AV DOS JANGADEIROS;;;0;;Colis?úo;Luz do Dia;;;Meio de Quadra;;;0;0;2;0;0;0;0;0;0;0;0;0;;
265035;7;8;2015;16:20;16557;AV GODOFREDO MACIEL;RUA MIRTYL MEYER;;0;;Colis?úo;Luz do Dia;;;Cruz;N?úo H?í Controle;Comercial;0;1;0;1;0;0;0;0;0;1;0;0;-3,809211000000000;-38,573893000000000
255455;7;8;2015;19:30;24279;RUA TAVARES COUTINHO;RUA DELMIRO GOUVEIA;;0;;Colis?úo Traseira;Via Iluminada;Bom;Seca;Cruz;;Residencial;0;0;2;1;0;0;0;0;0;0;0;0;-3,732656000000000;-38,488224000000000
255462;7;8;2015;18:30;0;AV GAL OSORIO DE PAIVA;;;0;;Colis?úo Traseira;Via Iluminada;Bom;Seca;Meio de Quadra;N?úo H?í Controle;Comercial;0;0;3;1;0;0;0;0;0;0;0;0;;
255458;7;8;2015;08:15;0;RUA MON SALAZAR;;;802;;Colis?úo Traseira;Luz do Dia;Bom;Seca;Outros;Outros;Comercial;0;0;2;0;0;0;0;0;0;0;0;0;-3,755982000000000;-38,512372000000000
255459;7;8;2015;23:30;0;AV JOSE LEON;;;2369;;Engavetamento;Via Iluminada;Bom;Seca;Meio de Quadra;N?úo H?í Controle;Comercial;0;0;3;1;0;0;0;0;0;0;0;0;-3,790531000000000;-38,490571000000000
255460;7;8;2015;00:15;10420;RUA DAS PEDRINHAS;RUA LUIZ MARIANO;;0;;Colis?úo Transversal;Via Iluminada;Bom;Seca;Cruz;N?úo H?í Controle;Residencial;0;2;1;1;0;0;0;0;0;0;0;0;-3,761937000000000;-38,600122000000000
255464;7;8;2015;18:00;15881;RUA PDE PEDRO DE ALENCAR;RUA GUARUJA;;0;;Colis?úo Lateral;Via Iluminada;Bom;Seca;Rotat??ria;Pare;Comercial;0;0;2;1;0;0;1;0;0;0;0;0;-3,834885000000000;-38,494118000000000
255467;7;8;2015;18:15;5348;RUA METON DE ALENCAR;RUA PDE MORORO;;0;;Colis?úo Lateral;Via Iluminada;Bom;Seca;T;N?úo H?í Controle;Comercial;0;0;2;1;0;0;0;1;0;0;0;0;-3,730892000000000;-38,539143000000000
255469;7;8;2015;02:00;22036;RUA TIRADENTES;RUA CAP FRANCISCO PEDRO;;0;;Colis?úo Transversal;Via Iluminada;Bom;Seca;T;Pare;Residencial;0;0;2;1;0;0;0;0;0;0;0;0;-3,744485000000000;-38,546446000000000
255479;7;8;2015;12:40;0;RUA JOAO CORDEIRO;;;1296;;Colis?úo Lateral;Luz do Dia;Bom;Seca;Meio de Quadra;N?úo H?í Controle;Residencial;0;1;1;1;0;0;0;0;0;1;0;0;-3,731644000000000;-38,515025000000000
255473;7;8;2015;20:45;14981;AV GODOFREDO MACIEL;RUA HOLANDA;;0;;Colis?úo Frontal;Via Iluminada;Bom;Seca;T;N?úo H?í Controle;Comercial;0;2;0;0;0;1;0;0;0;1;0;0;-3,791113000000000;-38,567077000000000
255481;7;8;2015;10:00;9043;RUA BAR ARATANHA;RUA PDE MIGUELINHO;;0;;Colis?úo Transversal;Luz do Dia;Bom;Seca;Cruz;Pare;Comercial;0;0;2;1;0;0;0;0;0;0;0;0;-3,743861000000000;-38,530045000000000
255475;7;8;2015;10:30;0;RUA ANA BILHAR;;;291;;Colis?úo Traseira;;Bom;Seca;Meio de Quadra;Sem?íforo;Misto;0;0;2;1;0;0;1;0;0;0;0;0;-3,728908000000000;-38,497438000000000
255476;7;8;2015;15:30;17310;RUA ALBERTO MAGNO;RUA ALVARO FERNANDES;;0;;Colis?úo Lateral;;Bom;Seca;Cruz;Sem?íforo;Comercial;0;2;1;1;0;0;0;0;0;1;0;0;-3,764244000000000;-38,549422000000000
255446;7;8;2015;16:15;0;AV GAL OSORIO DE PAIVA;;;3398;;Colis?úo Lateral;Luz do Dia;Bom;Seca;Meio de Quadra;Sem?íforo;Comercial;0;0;3;0;1;0;0;0;0;0;0;0;-3,790954000000000;-38,588687000000000
255450;7;8;2015;;0;AV PRS COSTA E SILVA;;;3021;;Colis?úo Traseira;Luz do Dia;Bom;Seca;Meio de Quadra;N?úo H?í Controle;Residencial;0;0;2;1;0;0;0;0;0;0;0;0;;
255435;7;8;2015;19:21;0;AV PRS COSTA E SILVA;;;3021;;Colis?úo Transversal;Via Iluminada;Bom;Seca;Meio de Quadra;N?úo H?í Controle;Residencial;0;1;1;0;0;0;0;1;0;1;0;0;;
255443;8;8;2015;20:40;24990;AV PRS COSTA E SILVA;AV PRS JUSCELINO KUBITSCHEK (PASSAR?ë);;0;;Colis?úo Lateral;Via Iluminada;Bom;Seca;T;Sem?íforo;Misto;0;1;1;0;0;0;0;0;0;1;0;0;-3,825648000000000;-38,539516000000000
255444;8;8;2015;20:40;1405;AV SANTOS DUMONT;RUA VICENTE LEITE;;0;;Colis?úo Lateral;Luz do Dia;Bom;Seca;Cruz;Sem?íforo;Comercial;0;0;2;1;0;0;0;0;0;0;0;0;-3,737173000000000;-38,495419000000000
255453;8;8;2015;14:20;0;AV SANTOS DUMONT;;;2889;;Colis?úo Traseira;Luz do Dia;Bom;Seca;Meio de Quadra;Sem?íforo;Comercial;0;0;2;1;0;0;0;0;0;0;0;0;-3,736251000000000;-38,498286000000000
255447;8;8;2015;18:30;15211;AV ABOLICAO;RUA PAULA BARROS;;0;;Colis?úo Transversal;Anoitecer;Bom;Seca;Cruz;Sem?íforo;Comercial;0;0;2;1;0;0;0;0;0;0;0;0;-3,726831000000000;-38,492313000000000
255449;8;8;2015;12:15;8291;RUA PRO ELADIO MAGALHAES;RUA POE ALUISIO DE MEDEIROS;;0;;;Luz do Dia;Bom;Seca;T;N?úo H?í Controle;Residencial;0;0;2;1;0;0;0;0;0;0;0;0;-3,758389000000000;-38,481425000000000
255477;8;8;2015;06:30;0;AV AGUANAMBI;;;0;;Colis?úo Traseira;Luz do Dia;Bom;Seca;Meio de Quadra;Sem?íforo;Comercial;0;0;2;1;0;0;0;0;0;1;0;0;;
255480;8;8;2015;11:40;25032;RUA JOAO BRIGIDO;AV BAR STUDART;;0;;Colis?úo Transversal;Luz do Dia;Bom;Seca;Cruz;Pare;Comercial;0;0;2;1;0;0;0;0;0;0;0;0;-3,742519000000000;-38,509133000000000
255470;8;8;2015;02:00;1527;RUA OSVALDO CRUZ (ALDEOTA);RUA CAROLINA SUCUPIRA;;0;;Capotamento;Via Iluminada;Bom;Seca;Cruz;Pare;Residencial;0;1;1;1;0;0;0;0;0;0;0;0;-3,740552000000000;-38,501914000000000
255472;8;8;2015;14:50;7665;RUA RIO GRANDE DO NORTE;RUA BELO HORIZONTE;;0;;Colis?úo Frontal;Luz do Dia;Bom;Seca;Cruz;Pare;Residencial;0;0;3;1;0;0;0;0;0;0;0;0;-3,760010000000000;-38,565384000000000
255463;8;8;2015;19:00;19353;RUA GERMANO FRANCK;RUA CAIO PRADO;;0;;Colis?úo Lateral;;;;T;N?úo H?í Controle;Comercial;0;0;2;1;0;0;0;0;0;1;0;0;-3,776373000000000;-38,560982000000000
255457;8;8;2015;19:00;0;AV PRS COSTA E SILVA;;;0;;Colis?úo Traseira;Via Iluminada;Bom;Seca;Meio de Quadra;N?úo H?í Controle;Outros;0;1;1;1;0;0;0;0;0;1;0;0;;
265042;8;8;2015;16:15;0;RUA BARRA NOVA;;;805;;Colis?úo;Luz do Dia;;;Meio de Quadra;;;1;0;1;0;1;0;0;0;0;1;0;0;-3,782953000000000;-38,505216000000000
265040;8;8;2015;10:55;9222;RUA GRACILIANO RAMOS;RUA GAL SILVA JUNIOR;;0;;Colis?úo;Luz do Dia;;;Cruz;Pare;Residencial;0;0;1;1;0;0;0;0;0;0;0;0;-3,753567000000000;-38,530158000000000
269981;8;8;2015;10:19;0;RUA BENTO ALBUQUERQUE;;;0;;Colis?úo;Luz do Dia;;;Meio de Quadra;;;0;0;2;0;0;0;0;0;0;0;0;0;;
269986;8;8;2015;10:48;1825;RUA JOSE MOREIRA;RUA MARIA QUINTINO;;0;;Colis?úo;Luz do Dia;;;;;;0;0;2;0;0;0;0;0;0;0;0;0;-3,857732000000000;-38,501171000000000
269991;8;8;2015;11:20;0;AV AGUANAMBI;;;0;;Colis?úo;Luz do Dia;;;Meio de Quadra;;;0;0;2;0;0;0;0;0;0;0;0;0;;
269998;8;8;2015;12:05;18314;AV HIS RAIMUNDO GIRAO;RUA XAVIER DE CASTRO;;0;;Colis?úo;Luz do Dia;;;T;Pare;Residencial;0;0;2;0;0;0;0;0;0;0;0;0;-3,720718000000000;-38,512216000000000
270001;8;8;2015;12:04;0;AV PRS COSTA E SILVA;;;0;;Colis?úo;Luz do Dia;;;Meio de Quadra;;;0;0;2;0;0;0;0;0;0;0;0;0;;
270004;8;8;2015;15:28;22162;AV JOSE BASTOS;RUA PORFIRIO SAMPAIO;;0;;Colis?úo;Luz do Dia;;;Cruz;Sem?íforo;Comercial;0;0;2;0;0;0;0;0;0;0;0;0;-3,745851000000000;-38,546271000000000
270005;8;8;2015;15:31;1350;RUA SILVA PAULET;RUA TORRES CAMARA;;0;;Colis?úo;Luz do Dia;;;Cruz;Pare;Comercial;0;0;2;0;0;0;0;0;0;0;0;0;-3,735958000000000;-38,505905000000000
270006;8;8;2015;15:51;0;AV CARAPINIMA;;;0;;Colis?úo;Luz do Dia;;;Meio de Quadra;;;0;0;2;0;0;0;0;0;0;0;0;0;;
270009;8;8;2015;15:57;1536;RUA PAULA NEI;AV SEN VIRGILIO TAVORA;;0;;Colis?úo;Luz do Dia;;;;Pare;;0;0;2;0;0;0;0;0;0;0;0;0;-3,740746000000000;-38,494423000000000
270011;8;8;2015;;22940;RUA BERNARDO MANUEL;RUA JAPI;;0;;Colis?úo;;;;Cruz;Pare;Misto;0;0;2;0;0;0;0;0;0;0;0;0;-3,784073000000000;-38,546927000000000
270018;8;8;2015;16:37;0;RUA GETULIO VARGAS;;;0;;Colis?úo;Luz do Dia;;;Meio de Quadra;;;0;0;2;0;0;0;0;0;0;0;0;0;;
270021;8;8;2015;16:40;2596;AV HILDEBRANDO DE MELO;RUA ALVARO GARRIDO;;0;;Colis?úo;Luz do Dia;;;Duplo T;N?úo H?í Controle;Residencial;0;0;2;0;0;0;0;0;0;0;0;0;-3,712472000000000;-38,587882000000000
270025;8;8;2015;17:44;0;RUA IRM BAZET;;;0;;Colis?úo;Anoitecer;;;Meio de Quadra;;;0;0;2;0;0;0;0;0;0;0;0;0;;
270029;8;8;2015;18:24;18267;RUA JAMAICA;AV DIOGUINHO;;0;;Choque c/ Obst?ículo Fixo;Anoitecer;;;;;;0;0;1;0;0;0;0;0;0;0;0;0;;
270033;8;8;2015;22:02;11630;RUA PRO HERIBALDO COSTA;RUA BOA VISTA;;0;;Colis?úo;;;;Cruz;Pare;Residencial;0;0;2;0;0;0;0;0;0;0;0;0;-3,767974000000000;-38,588035000000000
270036;8;8;2015;22:07;0;TR TEN JOSE BARREIRA;;;0;;Colis?úo;;;;Meio de Quadra;;;0;0;2;0;0;0;0;0;0;0;0;0;;
270039;8;8;2015;22:18;0;RUA RENATO BRAGA;;;0;;Colis?úo;;;;Meio de Quadra;;;0;0;2;0;0;0;0;0;0;0;0;0;;
270048;8;8;2015;22:20;0;RUA CON DE CASTRO;;;3918;CENTERBOX;Colis?úo;;;;Meio de Quadra;;;0;0;2;0;0;0;0;0;0;0;0;0;-3,800511000000000;-38,587871000000000
270054;8;8;2015;22:20;0;AV CEL CARVALHO;;;0;;Colis?úo;;;;Meio de Quadra;;;0;0;2;0;0;0;0;0;0;0;0;0;;
270058;8;8;2015;23:38;0;RUA CARLOS VASCONCELOS;;;0;;Colis?úo;;;;Meio de Quadra;;;0;0;2;0;0;0;0;0;0;0;0;0;;
254844;8;8;2015;15:45;0;AV PRS COSTA E SILVA;;;4442;;Colis?úo Traseira;Luz do Dia;Bom;Seca;Meio de Quadra;N?úo H?í Controle;Outros;0;1;1;0;0;0;0;0;0;1;0;0;;
264124;8;8;2015;17:30;0;AV ALBERTO CRAVEIRO;;;0;;Colis?úo;Anoitecer;;;Meio de Quadra;;;0;0;2;1;1;0;0;0;0;0;0;0;;
259146;8;8;2015;11:40;0;RD BR 116;;;5000;KM-05;Colis?úo Traseira;Luz do Dia;Bom;Seca;Meio de Quadra;N?úo H?í Controle;Comercial;0;0;2;1;0;0;0;0;0;0;0;0;-3,796502000000000;-38,506787000000000
259139;8;8;2015;08:45;0;RD BR 116;;;3000;KM-03;Colis?úo Traseira;Luz do Dia;Bom;Seca;Meio de Quadra;N?úo H?í Controle;Comercial;0;1;1;1;0;0;0;0;0;1;0;0;-3,779838000000000;-38,514372000000000
265263;8;8;2015;01:07;0;RUA CEL DIONISIO ALENCAR;;;0;;Colis?úo;;;;;;;0;1;1;1;0;0;0;0;0;1;0;0;;
265265;8;8;2015;03:15;0;AV AGUANAMBI;;;0;;Colis?úo;;;;Meio de Quadra;;;0;1;1;1;0;0;0;0;0;1;0;0;-3,745305000000000;-38,525432000000000
265267;8;8;2015;04:37;12404;AV SEN FERNANDES TAVORA;AV LINEU MACHADO;;0;;Choque c/ Obst?ículo Fixo;;;;Cruz;N?úo H?í Controle;Comercial;0;1;0;1;0;0;0;0;0;0;0;0;-3,765199000000000;-38,576540000000000
265288;8;8;2015;19:03;0;AV PRS COSTA E SILVA;;;0;;Colis?úo;;;;Meio de Quadra;;;0;1;1;1;0;0;0;0;0;1;0;0;;
265289;8;8;2015;20:10;0;RUA PERGENTINO MAIA;;;0;;Atropelamento;;;;Meio de Quadra;;;0;1;1;0;0;0;0;0;0;1;0;0;-3,832446000000000;-38,481585000000000
265293;8;8;2015;21:02;0;RUA CAP FRANCISCO PEDRO;;;0;;Colis?úo;;;;Meio de Quadra;;;0;1;1;1;0;0;0;0;0;1;0;0;;
265294;8;8;2015;21:47;0;RUA PRO HERIBALDO COSTA;;;0;;Colis?úo;;;;Meio de Quadra;;;0;1;0;0;0;0;0;0;0;0;0;0;-3,767900000000000;-38,587999000000000
265295;8;8;2015;21:56;0;RUA CARLOS MAGNO;;;0;;Queda;;;;Meio de Quadra;;;0;1;0;0;0;0;0;0;0;1;0;0;;
265296;8;8;2015;23:18;7211;AV PRS CASTELO BRANCO;AV DR THEBERGE;;0;;Colis?úo;;;;Cruz;Sem?íforo;Comercial;0;1;0;0;0;0;0;0;0;0;0;0;-3,710079000000000;-38,563456000000000
265297;8;8;2015;23:28;18387;AV SGT HERMINIO SAMPAIO;AV OLAVO BILAC;;0;;Colis?úo;;;;Cruz;Sem?íforo;Residencial;0;1;1;0;0;0;0;0;0;1;0;0;-3,727179000000000;-38,565080000000000
265273;8;8;2015;08:51;0;AV ALBERTO CRAVEIRO;;;507;MAKRO;Colis?úo;Luz do Dia;;;Meio de Quadra;;;0;1;1;1;0;0;0;0;0;1;0;0;-3,781154000000000;-38,515910000000000
265275;8;8;2015;10:31;15652;RUA AFONSO HENRIQUE;RUA MEM DE SA;;0;;Colis?úo;Luz do Dia;;;Duplo T;Pare;;0;1;0;0;0;0;0;0;0;1;0;0;-3,825363000000000;-38,485067000000000
265277;8;8;2015;10:49;0;AV AGUANAMBI;;;0;;Colis?úo;Luz do Dia;;;Meio de Quadra;;;0;1;0;0;0;0;0;0;0;1;0;0;-3,747182000000000;-38,524750000000000
265278;8;8;2015;12:57;0;RUA CARVALHO MOTA;;;0;;Colis?úo;Luz do Dia;;;Meio de Quadra;;;0;1;1;1;0;0;0;0;0;1;0;0;;
265284;8;8;2015;17:49;0;RUA ALFREDO MAMEDE;;;0;;Colis?úo;Anoitecer;;;Meio de Quadra;;;0;1;1;1;0;0;0;0;0;1;0;0;;
265285;8;8;2015;18:18;21081;RUA ALAGOAS;RUA STO AMARO DO PICI;;0;;Colis?úo;Anoitecer;;;Cruz;Pare;Residencial;0;1;1;1;0;0;0;0;0;1;0;0;-3,752815000000000;-38,577392000000000
265286;8;8;2015;18:30;0;AV PRS CASTELO BRANCO;;;0;;Atropelamento;Anoitecer;;;Meio de Quadra;;;0;1;1;0;0;0;0;0;0;1;0;0;-3,703170000000000;-38,581079000000000
255485;8;8;2015;15:37;23364;RUA CAP GUSTAVO;RUA EDUARDO BEZERRA;;0;;Colis?úo Traseira;Luz do Dia;Bom;Seca;Cruz;Sem?íforo Intermitente;Residencial;0;0;5;1;0;0;0;0;0;0;0;0;-3,754148000000000;-38,516951000000000
255497;8;8;2015;19:20;3814;RUA WALDERY UCHOA;RUA PAULINO NOGUEIRA;;0;;Colis?úo Transversal;Via Iluminada;Bom;Seca;Cruz;Pare;Residencial;0;2;1;1;0;0;0;0;0;1;0;0;-3,743449000000000;-38,538372000000000
255505;8;8;2015;20:30;22055;AV JOSE BASTOS;RUA PDE CICERO;;0;;Choque c/ Obst?ículo Fixo;Via Iluminada;Bom;Seca;T;Pare;Comercial;0;0;2;1;0;0;0;0;0;0;0;0;-3,744462000000000;-38,544887000000000
255513;8;8;2015;12:50;0;AV AGUANAMBI;;;77;;Colis?úo Lateral;Luz do Dia;Bom;Seca;Meio de Quadra;N?úo H?í Controle;Comercial;0;0;2;1;0;0;1;0;0;0;0;0;-3,737677000000000;-38,524245000000000
255535;8;8;2015;00:15;0;AV DIOGUINHO;;;940;;Colis?úo Traseira;Via Iluminada;Bom;Seca;Meio de Quadra;N?úo H?í Controle;Residencial;2;0;0;1;0;0;0;0;0;0;0;0;-3,725620000000000;-38,462062000000000
255540;8;8;2015;16:30;3856;AV DA UNIVERSIDADE;RUA PDE FRANCISCO PINTO;;0;;Colis?úo Transversal;Luz do Dia;Bom;Seca;Cruz;Sem?íforo;Comercial;0;1;1;1;0;0;0;0;0;1;0;0;-3,742799000000000;-38,540777000000000
255523;8;8;2015;12:00;22081;RUA CAP FRANCISCO PEDRO;RUA GUSTAVO BRAGA;;0;;Colis?úo Transversal;Luz do Dia;Bom;Seca;Cruz;Pare;Residencial;0;0;2;1;0;0;0;0;0;0;0;0;-3,751155000000000;-38,552452000000000
255528;8;8;2015;14:30;5340;AV DUQ CAXIAS;RUA VINTE E QUATRO DE MAIO;;0;;Colis?úo Transversal;Luz do Dia;;;Cruz;Sem?íforo;Comercial;0;2;1;0;1;0;0;0;0;1;0;0;-3,730708000000000;-38,533230000000000
255519;8;8;2015;08:50;13474;RUA DR JOSE LOURENCO;RUA TOMAS ACIOLI;;0;;Colis?úo Transversal;Luz do Dia;Bom;Seca;Cruz;Pare;Comercial;0;1;1;0;0;1;0;0;0;0;0;0;-3,744447000000000;-38,510934000000000
255531;8;8;2015;13:30;22891;RUA GUERRA JUNQUEIRO;RUA ANTONIO BENTO;;0;;Colis?úo Transversal;Luz do Dia;Bom;Seca;Meio de Quadra;N?úo H?í Controle;Residencial;0;0;2;1;0;0;0;0;0;1;0;0;-3,781558000000000;-38,547423000000000
255542;8;8;2015;16:00;0;AV ALBERTO CRAVEIRO;;;2770;CASTELAO;Colis?úo Lateral;Luz do Dia;Bom;Seca;Meio de Quadra;N?úo H?í Controle;Comercial;0;0;2;1;0;0;0;0;0;0;0;0;-3,805335000000000;-38,523255000000000
255555;8;8;2015;10:00;1493;RUA OSVALDO CRUZ (ALDEOTA);AV PDE ANTONIO TOMAS;;0;;Colis?úo Transversal;Luz do Dia;Bom;Seca;Cruz;Sem?íforo;Comercial;0;1;1;1;0;0;0;0;0;1;0;0;-3,739538000000000;-38,501588000000000
255556;8;8;2015;18:30;1316;AV SANTOS DUMONT;RUA TIBURCIO CAVALCANTE;;0;;Colis?úo Transversal;Anoitecer;Bom;Seca;Cruz;Sem?íforo;Comercial;0;0;2;1;0;0;0;0;0;0;0;0;-3,734979000000000;-38,502259000000000
255549;8;8;2015;08:30;5406;RUA ANTONIO POMPEU;RUA PRC ISABEL;;0;;Engavetamento;Luz do Dia;Bom;Seca;Cruz;Pare;Comercial;0;1;4;1;0;0;0;0;0;1;0;0;-3,732693000000000;-38,537283000000000
255560;8;8;2015;20:00;0;RUA ALM JACEGUAI;;;0;DRAG?âO DO MAR;Colis?úo Traseira;Anoitecer;Bom;Seca;Meio de Quadra;Sem?íforo;Comercial;0;0;3;1;0;0;0;0;0;0;0;0;;
255567;8;8;2015;20:30;0;RUA OLIVEIRA FILHO;;;1379;;Colis?úo Transversal;Anoitecer;Bom;Seca;Meio de Quadra;N?úo H?í Controle;Comercial;0;1;1;1;0;0;0;0;0;1;0;0;;
255551;8;8;2015;05:00;0;AV BEIRA MAR;;;3666;;Colis?úo Lateral;Amanhecer;Bom;Seca;Meio de Quadra;N?úo H?í Controle;Comercial;0;0;2;0;1;0;0;0;0;0;0;0;-3,723409000000000;-38,487957000000000
255564;8;8;2015;21:45;15340;RUA CEL LINHARES;RUA CANUTO DE AGUIAR;;0;;Colis?úo Transversal;Via Iluminada;Bom;Seca;Cruz;Pare;Residencial;0;0;2;1;0;0;0;0;0;0;0;0;-3,731563000000000;-38,492546000000000
259205;8;8;2015;18:00;0;RD BR 222;;;0;KM-01;Colis?úo Lateral;Anoitecer;Bom;Seca;Meio de Quadra;N?úo H?í Controle;Comercial;0;0;2;1;1;0;0;0;0;0;0;0;-3,737774000000000;-38,577952000000000
259203;8;8;2015;13:00;0;RD BR 222;;;0;KM-01;Colis?úo Traseira;Luz do Dia;Bom;Seca;Meio de Quadra;N?úo H?í Controle;Comercial;0;0;2;0;0;0;1;0;0;0;0;0;-3,737774000000000;-38,577952000000000
259501;9;8;2015;10:30;0;RD CE-040;;;0;KM-08;Colis?úo;Luz do Dia;;Seca;Meio de Quadra;;;0;0;2;1;0;0;0;0;0;1;0;0;-3,823332000000000;-38,481317000000000
259503;9;8;2015;16:45;0;RD CE-040;;;0;KM-10;Colis?úo;Luz do Dia;;Seca;Meio de Quadra;;;0;0;2;1;0;0;0;0;0;0;0;0;-3,838671000000000;-38,480068000000000
259506;9;8;2015;17:00;0;RD CE-040;;;0;KM-10;Colis?úo;Anoitecer;;Seca;Meio de Quadra;;;0;0;2;1;0;0;0;0;0;0;0;0;-3,838671000000000;-38,480068000000000
255550;9;8;2015;08:30;0;AV SGT HERMINIO SAMPAIO;;;3568;;Colis?úo Traseira;Luz do Dia;Bom;Seca;Meio de Quadra;N?úo H?í Controle;Residencial;0;0;4;1;0;0;0;0;0;0;0;0;-3,728802000000000;-38,572410000000000
255544;9;8;2015;19:30;0;AV GODOFREDO MACIEL;;;2959;;Colis?úo Traseira;Via Iluminada;Bom;Seca;Meio de Quadra;N?úo H?í Controle;Comercial;0;0;2;1;0;0;0;0;0;1;0;0;-3,801758000000000;-38,571570000000000
255548;9;8;2015;07:30;9750;RUA CEL FABRICIANO;RUA SAO LUIZ DO OESTE;;0;;Colis?úo Transversal;Luz do Dia;Bom;Seca;Cruz;Pare;Comercial;0;2;1;1;0;0;0;0;0;1;0;0;-3,782125000000000;-38,610116000000000
255529;9;8;2015;13:40;0;AV PRO GOMES DE MATOS;;;1577;;Choque c/ Obst?ículo Fixo;Luz do Dia;Bom;Seca;Meio de Quadra;N?úo H?í Controle;Comercial;0;0;2;1;1;0;0;0;0;0;0;0;-3,765384000000000;-38,549265000000000
255530;9;8;2015;19:30;9085;RUA ALCANTARAS;RUA DR JOSE VITOR;;0;;Choque c/ Obst?ículo Fixo;Via Iluminada;Bom;Seca;T;Pare;Comercial;0;0;2;1;0;0;0;0;0;0;0;0;-3,747422000000000;-38,523559000000000
255541;9;8;2015;20:20;25852;RUA MARTINS CARVALHO;RUA A CJ PALMARES (G. LISBOA);;0;;Colis?úo Transversal;Via Iluminada;Bom;Seca;Cruz;Pare;Residencial;1;1;1;0;1;0;0;0;0;1;0;0;;
255538;9;8;2015;17:00;0;RUA AGAMENON;;;27;;Colis?úo Traseira;Via Iluminada;Bom;Seca;Meio de Quadra;N?úo H?í Controle;Comercial;0;1;1;1;0;0;0;0;0;1;0;0;-3,795219000000000;-38,583193000000000
255536;9;8;2015;09:08;11418;AV DES FAUSTINO ALBUQUERQUE;RUA ADEMAR DE BARROS;;0;;Colis?úo Transversal;Via Iluminada;Bom;Seca;Cruz;Pare;Residencial;1;1;1;1;0;0;0;0;0;1;0;0;-3,780906000000000;-38,498022000000000
255518;9;8;2015;17:00;587;RUA FRE TEOBALDO;RUA COELHO DA FONSECA;;0;;Colis?úo Lateral;Via Iluminada;Bom;Seca;Cruz;N?úo H?í Controle;Residencial;0;1;1;1;0;0;0;0;0;0;0;0;-3,714819000000000;-38,560921000000000
255512;9;8;2015;14:00;0;AV ALM HENRIQUE SABOIA;;;0;;Choque c/ Obst?ículo Fixo;Luz do Dia;Bom;Seca;Meio de Quadra;Pare;Residencial;0;0;1;1;0;0;0;0;0;0;0;0;;
255498;9;8;2015;04:00;0;AV PRS CASTELO BRANCO;;;2700;;Colis?úo Transversal;Luz do Dia;Bom;Seca;Meio de Quadra;;Residencial;0;0;2;0;0;0;0;0;0;0;0;0;-3,712717000000000;-38,551950000000000
255502;9;8;2015;21:00;0;AV GAL OSORIO DE PAIVA;;;0;;Engavetamento;Via Iluminada;Bom;Seca;Meio de Quadra;N?úo H?í Controle;Residencial;0;0;3;1;0;0;0;0;0;0;0;0;;
255494;9;8;2015;13:10;12843;RUA JAIME BENEVOLO;RUA MES ROSA;;0;;Choque c/ Obst?ículo Fixo;Luz do Dia;Bom;Seca;Cruz;Pare;Residencial;0;0;1;1;0;0;0;0;0;0;0;0;-3,741987000000000;-38,528645000000000
255491;9;8;2015;20:00;0;AV BAR STUDART;;;1334;;Choque c/ Obst?ículo Fixo;Anoitecer;Bom;Seca;Meio de Quadra;N?úo H?í Controle;Comercial;0;1;0;1;0;0;0;0;0;0;0;0;-3,735806000000000;-38,507000000000000
265298;9;8;2015;01:04;0;TR AZEVEDO BOLAO;;;0;;Atropelamento;;;;Meio de Quadra;;;0;1;0;0;0;0;0;0;0;0;0;0;-3,737338000000000;-38,558369000000000
265299;9;8;2015;02:20;0;AV CEL CARVALHO;;;0;;Colis?úo;;;;Meio de Quadra;;;0;1;1;1;0;0;0;0;0;1;0;0;;
265351;9;8;2015;05:31;0;AV GODOFREDO MACIEL;;;0;;Queda;Amanhecer;;;Meio de Quadra;;;0;1;0;0;0;0;0;0;0;1;0;0;;