COD_ACIDENTE;DIA;MES;ANO;HORA;INTERSECAO;LOG1;LOG2;LOG3;NUMERO;REFERENCIA;NATUREZA;ILUMINACAO;TEMPO;SUPERFICIEPISTA;TIPOCRUZAMENTO;CONTROLETRAFEGO;USOSOLO;MORTOS;FERIDOS;ILESOS;AUTOMOVEL;ONIBUS;BICICLETA;CAMINHAO;MICROONIBUS;CICLOMOTOR;MOTOCICLETA;TRACAOANIMAL;TREM;LATITUDE;LONGITUDE
265349;9;8;2015;03:17;243;AV JOVITA FEITOSA;RUA COS ALVARO DE OLIVEIRA;;0;;Choque c/ Obst?ículo Fixo;;;;Cruz;Pare;Comercial;0;1;0;1;0;0;0;0;0;0;0;0;-3,739649000000000;-38,555411000000000
265421;9;8;2015;23:30;0;AV PDE ANTONIO TOMAS;;;0;;Queda;;;;Meio de Quadra;;;0;1;0;0;0;0;0;0;0;1;0;0;-3,745408000000000;-38,483499000000000
265423;9;8;2015;23:59;0;AV OLIVEIRA PAIVA;;;0;;Queda;;;;Meio de Quadra;;;0;1;0;0;0;0;0;0;0;1;0;0;;
265419;9;8;2015;22:30;0;AV PERIMETRAL;;;0;;Colis?úo;;;;Meio de Quadra;;;0;1;1;1;0;0;0;0;0;1;0;0;;
265415;9;8;2015;22:12;0;AV PERIMETRAL;;;0;;Colis?úo;;;;Meio de Quadra;;;0;1;1;1;0;0;0;0;0;1;0;0;;
265393;9;8;2015;20:02;0;AV BAR STUDART;;;0;;Colis?úo;;;;Meio de Quadra;;;0;1;0;0;0;0;0;0;0;0;0;0;-3,735847000000000;-38,507013000000000
265360;9;8;2015;08:31;25020;RUA TEODOMIRO DE CASTRO;RUA FRE ODILON;;0;;Colis?úo;Luz do Dia;;;T;N?úo H?í Controle;Residencial;0;1;1;1;0;0;0;0;0;1;0;0;-3,720052000000000;-38,569787000000000
265408;9;8;2015;21:20;0;RUA VITAL BRASIL;;;0;;Colis?úo;;;;Meio de Quadra;;;0;1;1;1;0;0;0;0;0;1;0;0;-3,777983000000000;-38,598098000000000
265411;9;8;2015;21:27;0;AV CASTELO DE CASTRO;;;0;;Colis?úo;;;;Meio de Quadra;;;0;1;1;1;0;0;0;0;0;1;0;0;-3,832305000000000;-38,521535000000000
265386;9;8;2015;18:19;0;AV PRS CASTELO BRANCO;;;0;;Colis?úo;Anoitecer;;;Meio de Quadra;;;0;1;1;1;0;1;0;0;0;0;0;0;-3,709076000000000;-38,566462000000000
265388;9;8;2015;19:33;0;AV DES FAUSTINO ALBUQUERQUE;;;0;;Colis?úo;;;;Meio de Quadra;;;0;1;1;1;0;0;0;0;0;1;0;0;-3,780808000000000;-38,497993000000000
265389;9;8;2015;19:41;0;RUA SEN ROBERT KENNEDY;;;0;;Atropelamento;;;;Meio de Quadra;;;0;1;1;0;0;0;0;0;0;1;0;0;-3,703170000000000;-38,578586000000000
265377;9;8;2015;14:56;0;RUA DR AMADEU SA;;;0;;Atropelamento;Luz do Dia;;;Meio de Quadra;;;0;1;1;0;0;0;0;0;0;1;0;0;;
265364;9;8;2015;11:56;0;RUA MOACIR MACHADO;;;0;;Queda;Luz do Dia;;;Meio de Quadra;;;0;1;0;0;0;0;0;0;0;1;0;0;-3,765679000000000;-38,528765000000000
265379;9;8;2015;15:24;0;RUA RUA 1 (MONDUBIM);;;0;;Colis?úo;Luz do Dia;;;Meio de Quadra;;;0;1;1;0;0;0;0;0;0;1;0;0;;
265374;9;8;2015;12:53;0;RUA CON DE CASTRO;;;0;;Colis?úo;Luz do Dia;;;Meio de Quadra;;;0;1;0;1;1;0;0;0;0;0;0;0;-3,807494000000000;-38,594198000000000
265355;9;8;2015;07:20;2205;AV RAD JOSE LIMA VERDE;AV CEL CARVALHO;;0;;Queda;Luz do Dia;;;Y;N?úo H?í Controle;Comercial;0;1;0;0;0;0;0;0;0;1;0;0;-3,703499000000000;-38,591542000000000
259148;9;8;2015;15:45;0;RD BR 116;;;11000;KM-11;Colis?úo Traseira;Luz do Dia;Bom;Seca;Meio de Quadra;N?úo H?í Controle;Comercial;0;0;2;1;0;0;0;0;0;0;0;0;-3,847160000000000;-38,497176000000000
270060;9;8;2015;00:13;0;AV DR THEBERGE;;;0;;Colis?úo;;;;Meio de Quadra;;;0;0;2;0;0;0;0;0;0;0;0;0;;
270062;9;8;2015;00:16;0;RUA RENATO BRAGA;;;0;;Colis?úo;;;;Meio de Quadra;;;0;0;2;0;0;0;0;0;0;0;0;0;;
270067;9;8;2015;00:20;0;AV OLAVO BILAC;;;0;;Colis?úo;;;;Meio de Quadra;;;0;0;2;0;0;0;0;0;0;0;0;0;;
270120;9;8;2015;18:48;0;AV JOAO PESSOA;;;0;;Colis?úo;;;;Meio de Quadra;;;0;0;2;0;0;0;0;0;0;0;0;0;;
270122;9;8;2015;19:23;23468;RUA CRUZ ABREU;RUA ESV PINHEIRO;;0;;Colis?úo Frontal;;;;Cruz;Pare;Residencial;0;0;2;0;0;0;0;0;0;0;0;0;-3,757508000000000;-38,507840000000000
270124;9;8;2015;19:36;25334;AV B CJ CEARA;AV D CJ CEARA;;0;;Colis?úo;;;;T;Pare;Misto;0;0;2;0;0;0;0;0;0;0;0;0;-3,763611000000000;-38,602328000000000
270108;9;8;2015;10:09;0;RUA JOSE HIPOLITO;;;0;;Colis?úo;Luz do Dia;;;Meio de Quadra;;;0;0;2;0;0;0;0;0;0;0;0;0;;
270111;9;8;2015;10:59;0;RUA ANTONIO BARROS;;;0;;Colis?úo Frontal;Luz do Dia;;;;;;0;0;2;0;0;0;0;0;0;0;0;0;;
270113;9;8;2015;15:11;21269;RUA ALVARO DE ALENCAR;RUA DOM QUINTINO;;0;;Colis?úo;Luz do Dia;;;Cruz;N?úo H?í Controle;Residencial;0;0;2;0;0;0;0;0;0;0;0;0;-3,710610000000000;-38,556962000000000
270095;9;8;2015;07:03;0;AV OLIVEIRA PAIVA;;;0;;Choque c/ Obst?ículo Fixo;Luz do Dia;;;Meio de Quadra;;;0;0;1;0;0;0;0;0;0;0;0;0;;
270084;9;8;2015;04:17;0;AV ENG LEAL LIMA VERDE (SAPIRANGA/COITE);;;0;;Queda;;;;Meio de Quadra;;;0;0;1;0;0;0;0;0;0;0;0;0;;
270082;9;8;2015;04:15;0;AV PRS CASTELO BRANCO;;;0;;Colis?úo;;;;Meio de Quadra;;;0;0;1;0;0;0;0;0;0;0;0;0;;
270070;9;8;2015;02:21;0;AV LUCIANO CARNEIRO;;;0;;Choque c/ Obst?ículo Fixo;;;;Meio de Quadra;;;0;0;1;0;0;0;0;0;0;0;0;0;;
270071;9;8;2015;02:26;5127;RUA GAL SAMPAIO;RUA SEN ALENCAR;;0;;Colis?úo;;;;Cruz;Sem?íforo;Comercial;0;0;2;0;0;0;0;0;0;0;0;0;-3,724192000000000;-38,529984000000000
270076;9;8;2015;02:46;0;RUA GAL PIRAGIBE;;;0;;Colis?úo;;;;Meio de Quadra;;;0;0;2;0;0;0;0;0;0;0;0;0;;
270079;9;8;2015;03:10;0;AV PERIMETRAL;;;0;;Colis?úo;;;;Meio de Quadra;;;0;0;2;0;0;0;0;0;0;0;0;0;;
265043;9;8;2015;04:18;0;RUA AZEVEDO BOLAO;;;75;;Choque c/ Obst?ículo Fixo;;;;Meio de Quadra;;;0;2;0;1;0;0;0;0;0;0;0;0;;
265075;10;8;2015;04:00;0;AV GOV RAUL BARBOSA;;;5720;;Outros;;;;Meio de Quadra;;;1;0;0;0;0;0;0;0;0;1;0;0;-3,768646000000000;-38,510047000000000
270127;10;8;2015;10:40;0;AV GAL OSORIO DE PAIVA;;;0;;Choque c/ Obst?ículo Fixo;Luz do Dia;;;Meio de Quadra;;;0;0;2;0;0;0;0;0;0;0;0;0;;
255749;10;8;2015;07:45;0;RUA 13 DE ABRIL;;;0;;Colis?úo Lateral;Luz do Dia;Bom;Seca;Meio de Quadra;;Residencial;0;0;2;1;0;0;0;0;0;0;0;0;;
255758;10;8;2015;08:00;25640;RUA 13 DE ABRIL;RUA VIA LACTEA;;0;;Colis?úo Traseira;;Bom;Seca;T;N?úo H?í Controle;Misto;0;1;1;1;0;0;0;0;0;1;0;0;;
255759;10;8;2015;13:40;0;RUA COSTA BARROS;;;0;;Colis?úo Transversal;Luz do Dia;Bom;Seca;Meio de Quadra;Sem?íforo;Residencial;0;0;2;1;0;0;0;0;0;0;0;0;;
255767;10;8;2015;;0;AV DOMINGOS OLIMPIO;;;1234;;Colis?úo Traseira;Luz do Dia;Bom;Seca;Meio de Quadra;N?úo H?í Controle;Comercial;0;0;3;1;0;0;0;0;0;0;0;0;-3,735345000000000;-38,535010000000000
255770;10;8;2015;17:20;0;RUA OSVALDO CRUZ (ALDEOTA);;;0;;Colis?úo Lateral;Via Iluminada;Bom;Seca;Meio de Quadra;N?úo H?í Controle;Comercial;0;0;2;1;0;0;0;0;0;0;0;0;;
265478;10;8;2015;10:13;0;RUA ROSA MISTICA;;;0;;Queda;Luz do Dia;;;Meio de Quadra;;;0;1;0;0;0;1;0;0;0;0;0;0;;
265479;10;8;2015;12:08;0;AV DR THEBERGE;;;0;;Colis?úo;Luz do Dia;;;Meio de Quadra;;;0;1;1;1;0;1;0;0;0;0;0;0;-3,708927000000000;-38,563063000000000
265481;10;8;2015;12:34;0;RUA CAP MELO;;;0;;Colis?úo;Luz do Dia;;;Meio de Quadra;;;0;1;1;1;0;0;0;0;0;1;0;0;-3,756938000000000;-38,513002000000000
265482;10;8;2015;13:04;0;RUA EMILIO DE MENESES;;;0;;Colis?úo;Luz do Dia;;;Meio de Quadra;;;0;1;1;0;0;0;0;0;0;1;0;0;;
265484;10;8;2015;13:08;0;RUA LUIS ANDRE;;;0;;Colis?úo;Luz do Dia;;;Meio de Quadra;;;0;1;0;0;0;0;0;0;0;0;0;0;;
265487;10;8;2015;14:45;0;RUA DEP MATOSO FILHO;;;0;;Colis?úo;Luz do Dia;;;Meio de Quadra;;;0;1;1;1;0;0;0;0;0;1;0;0;-3,734063000000000;-38,594491000000000
265491;10;8;2015;19:43;0;RD BR 116;;;1000;KM-01;Colis?úo;;;;Meio de Quadra;;;0;1;1;1;0;0;0;0;0;1;0;0;-3,762554000000000;-38,518702000000000
265492;10;8;2015;20:01;0;AV SEN CARLOS JEREISSATI (AEROPORTO);;;0;;Colis?úo;;;;Meio de Quadra;;;0;1;0;0;0;0;0;0;0;0;0;0;;
265493;10;8;2015;21:18;0;RUA CANDIDO CASTELO BRANCO;;;0;;Colis?úo;;;;Meio de Quadra;;;0;1;1;1;0;0;0;0;0;1;0;0;;
265494;10;8;2015;21:31;0;RUA BOA ESPERANCA D43;;;0;;Colis?úo;;;;Meio de Quadra;;;0;1;1;0;0;0;0;0;0;1;0;0;;
259151;10;8;2015;17:40;0;RD BR 116;;;9000;KM-09;Colis?úo Lateral;Anoitecer;Bom;Seca;Meio de Quadra;N?úo H?í Controle;Comercial;0;2;0;0;0;0;0;0;0;1;0;0;-3,830837000000000;-38,504865000000000
265489;10;8;2015;17:34;0;AV PERIMETRAL;;;0;;Colis?úo;Anoitecer;;;Meio de Quadra;;;0;1;1;1;0;0;0;0;0;1;0;0;-3,813422000000000;-38,570251000000000
265496;10;8;2015;23:26;0;AV MIGUEL DIAS;;;0;;Colis?úo;;;;Meio de Quadra;;;0;1;0;0;0;0;0;0;0;0;0;0;;
264152;10;8;2015;17:00;17326;RUA ALBERTO MAGNO;RUA ALAN KARDEC;;0;;Colis?úo;Anoitecer;;;Cruz;Pare;Comercial;0;0;2;1;0;0;1;0;0;0;0;0;-3,764796000000000;-38,549918000000000
264149;10;8;2015;16:43;1432;AV SANTOS DUMONT;AV SEN VIRGILIO TAVORA;;0;;Colis?úo;Luz do Dia;;;Cruz;Sem?íforo;Comercial;0;0;2;0;1;0;0;0;0;0;0;0;-3,737828000000000;-38,493482000000000
265432;10;8;2015;07:59;0;RUA PRO JOSE HENRIQUE;;;0;;Colis?úo;Luz do Dia;;;Meio de Quadra;;;0;1;1;1;0;0;0;0;0;1;0;0;;
265434;10;8;2015;08:52;0;AV SEN FERNANDES TAVORA;;;0;;Colis?úo;Luz do Dia;;;Meio de Quadra;;;0;1;0;0;0;0;0;0;0;0;0;0;;
265438;10;8;2015;09:49;0;AV GAL OSORIO DE PAIVA;;;0;;Colis?úo;Luz do Dia;;;Meio de Quadra;;;0;1;1;1;0;0;0;0;0;1;0;0;-3,816923000000000;-38,613904000000000
255504;10;8;2015;12:10;8931;RUA JUSTINIANO DE SERPA;RUA ANTONIO POMPEU;;0;;Colis?úo Frontal;Luz do Dia;Bom;Seca;T;Pare;Comercial;0;0;2;1;1;0;0;0;0;0;0;0;-3,732034000000000;-38,542672000000000
255499;10;8;2015;17:30;0;RUA MARIA GOMES DE SA;;;2150;;;Anoitecer;Bom;Seca;Meio de Quadra;Outros;Comercial;0;0;2;1;0;0;0;0;0;0;0;0;-3,820332000000000;-38,586467000000000
255510;10;8;2015;19:02;0;AV PRS CASTELO BRANCO;;;0;;Colis?úo Traseira;Via Iluminada;Bom;Seca;Meio de Quadra;N?úo H?í Controle;Comercial;0;1;1;1;0;0;0;0;0;1;0;0;;
255507;10;8;2015;11:40;8931;RUA JUSTINIANO DE SERPA;RUA ANTONIO POMPEU;;0;;Colis?úo Lateral;Luz do Dia;Bom;Seca;T;;Comercial;0;0;2;1;0;0;1;0;0;0;0;0;-3,732034000000000;-38,542672000000000
255521;10;8;2015;09:15;5044;RUA SEN ALENCAR;RUA COS ESTELITA;;0;;Colis?úo Lateral;Luz do Dia;Bom;Seca;Cruz;Pare;Residencial;0;1;1;0;0;0;0;0;0;1;0;0;-3,721483000000000;-38,538606000000000
255514;10;8;2015;16:45;7733;AV JOAO PESSOA;RUA BAR SOBRAL;;0;;Colis?úo Frontal;Anoitecer;Bom;Seca;Rotat??ria;Sem?íforo;Comercial;0;2;1;0;0;0;0;1;0;1;0;0;-3,764518000000000;-38,558693000000000
255524;10;8;2015;09:00;0;AV ANTONIO JUSTA;;;0;;Colis?úo Traseira;Luz do Dia;Bom;Seca;Meio de Quadra;N?úo H?í Controle;Misto;0;0;2;1;0;0;0;0;0;0;0;0;;
255525;10;8;2015;10:40;0;AV DR SILAS MUNGUBA;;;5445;;Colis?úo Traseira;Luz do Dia;Bom;Seca;Meio de Quadra;N?úo H?í Controle;Comercial;0;1;1;1;0;0;0;0;0;1;0;0;;
255526;10;8;2015;16:15;12818;RUA ALBERTO MAGNO;RUA ANDRE CHAVES;;0;;Colis?úo Transversal;;Bom;Seca;Cruz;Pare;Comercial;0;1;1;0;0;0;0;1;0;1;0;0;-3,756035000000000;-38,542230000000000
255527;10;8;2015;;3771;AV DA UNIVERSIDADE;AV DOMINGOS OLIMPIO;;0;;Colis?úo Transversal;Via Iluminada;Bom;Seca;Cruz;Sem?íforo;Comercial;0;0;2;1;1;0;0;0;0;0;0;0;-3,735594000000000;-38,534216000000000
259507;10;8;2015;03:00;0;RD CE-060;;;0;KM-03;Colis?úo;Via Iluminada;;Seca;Meio de Quadra;;;0;0;2;1;0;0;1;0;0;0;0;0;-3,836637000000000;-38,582776000000000
259512;10;8;2015;06:50;0;RD CE-060;;;0;KM-03;Colis?úo Lateral;Luz do Dia;;Seca;Meio de Quadra;;;0;0;2;0;0;0;0;0;0;0;0;0;-3,836637000000000;-38,582776000000000
259514;10;8;2015;10:20;0;RD CE-025;;;0;KM-01;Colis?úo;Luz do Dia;;Seca;Meio de Quadra;;;0;0;2;1;0;0;0;0;0;0;0;0;-3,807681000000000;-38,470976000000000
259207;10;8;2015;12:40;0;RD BR 222;;;0;KM-01;Colis?úo Lateral;Luz do Dia;Bom;Seca;Meio de Quadra;N?úo H?í Controle;Comercial;0;0;2;0;1;0;1;0;0;0;0;0;-3,737774000000000;-38,577952000000000
255647;10;8;2015;18:00;5474;RUA J DA PENHA;RUA BARBARA DE ALENCAR;;0;;Outros;Via Iluminada;Bom;Seca;Cruz;N?úo H?í Controle;Comercial;0;0;2;1;0;0;0;0;0;0;0;0;-3,736038000000000;-38,520055000000000
255654;10;8;2015;19:30;0;AV DOS EXPEDICIONARIOS;;;4970;;Colis?úo Lateral;Via Iluminada;Bom;Seca;Meio de Quadra;N?úo H?í Controle;Residencial;0;0;3;1;1;0;0;0;0;0;0;0;-3,763219000000000;-38,540671000000000
255655;10;8;2015;07:30;0;AV PONTES VIEIRA;;;710;;Colis?úo Traseira;Luz do Dia;Bom;Seca;Meio de Quadra;N?úo H?í Controle;Comercial;0;0;2;1;0;0;0;0;0;0;0;0;-3,752834000000000;-38,514447000000000
255657;10;8;2015;10:00;0;RUA BENTO ALBUQUERQUE;;;1190;;Colis?úo Traseira;Luz do Dia;Bom;Seca;Meio de Quadra;N?úo H?í Controle;Residencial;0;0;2;1;0;0;0;0;0;0;0;0;-3,745201000000000;-38,478674000000000
255658;10;8;2015;14:30;6731;AV PDE ANTONIO TOMAS;RUA ANDRADE FURTADO;;0;;Colis?úo Lateral;Luz do Dia;Bom;Seca;;N?úo H?í Controle;Residencial;0;1;1;1;0;0;0;0;0;1;0;0;-3,747141000000000;-38,475355000000000
255661;10;8;2015;12:00;0;AV PRS COSTA E SILVA;;;600;;Colis?úo Traseira;Luz do Dia;Bom;Seca;Meio de Quadra;Gesto;Comercial;0;1;1;1;0;0;0;0;0;1;0;0;-3,812137000000000;-38,573779000000000
255641;10;8;2015;14:00;3337;AV ENG HUMBERTO MONTE;RUA RIO GRANDE DO SUL;;0;;Colis?úo Traseira;Luz do Dia;Bom;Seca;T;Pare;Comercial;0;0;2;1;0;0;0;0;0;0;0;0;-3,749204000000000;-38,560374000000000
255642;10;8;2015;15:50;0;AV DES MOREIRA;;;2262;;Colis?úo Traseira;Luz do Dia;Bom;Seca;Meio de Quadra;Sem?íforo Intermitente;Comercial;0;1;1;1;0;0;0;0;0;1;0;0;-3,745134000000000;-38,501209000000000
255639;10;8;2015;08:30;5203;RUA AGAPITO DOS SANTOS;RUA PEDRO PEREIRA;;0;;Colis?úo Transversal;Luz do Dia;Bom;Seca;Cruz;Pare;Comercial;0;0;2;1;1;0;0;0;0;0;0;0;-3,726324000000000;-38,538907000000000
255633;10;8;2015;;9156;AV LUCIANO CARNEIRO;RUA MIN JOAQUIM BASTOS D14;;0;;Colis?úo Traseira;Via Iluminada;Bom;Seca;T;Sem?íforo;Outros;0;0;2;1;0;0;0;0;0;1;0;0;-3,750348000000000;-38,532220000000000
255634;10;8;2015;08:00;0;AV BEZERRA DE MENEZES;;;1735;;Colis?úo Lateral;Luz do Dia;Bom;Seca;Meio de Quadra;Sem?íforo;Comercial;0;0;2;1;0;0;1;0;0;0;0;0;-3,734751000000000;-38,560083000000000
255635;10;8;2015;20:00;25144;RUA CEL MATOS DOURADO;RUA PRO HERIBALDO COSTA;;0;;Colis?úo Lateral;Via Iluminada;Bom;Seca;Outros;Sem?íforo;Residencial;0;0;2;1;0;0;1;0;0;0;0;0;-3,753427000000000;-38,582309000000000
255701;10;8;2015;07:30;11761;AV PRS CASTELO BRANCO;RUA JACINTO MATOS;;0;;Colis?úo Lateral;Luz do Dia;Bom;Seca;T;Sem?íforo;Residencial;0;0;2;1;0;0;1;0;0;0;0;0;-3,714630000000000;-38,546333000000000
255664;10;8;2015;06:40;11761;AV PRS CASTELO BRANCO;RUA JACINTO MATOS;;0;;Colis?úo Transversal;Luz do Dia;Bom;Seca;T;Sem?íforo;Residencial;0;0;2;1;0;0;0;0;0;0;0;0;-3,714630000000000;-38,546333000000000
255704;10;8;2015;07:50;15227;AV ABOLICAO;AV DES MOREIRA;;0;;Colis?úo Lateral;Luz do Dia;Bom;Seca;Cruz;Sem?íforo;Comercial;0;0;2;1;1;0;0;0;0;0;0;0;-3,727331000000000;-38,495474000000000
255705;10;8;2015;14:20;22162;AV JOSE BASTOS;RUA PORFIRIO SAMPAIO;;0;;Colis?úo Traseira;Luz do Dia;Bom;Seca;Cruz;Sem?íforo;Comercial;0;0;2;1;0;0;0;0;0;0;0;0;-3,745851000000000;-38,546271000000000
255718;10;8;2015;10:30;23710;AV GAL OSORIO DE PAIVA;RUA DOM HENRIQUE;;0;;Colis?úo;Luz do Dia;Bom;Seca;Duplo T;Pare;Comercial;0;0;2;1;0;0;0;0;0;0;0;0;-3,786100000000000;-38,583025000000000
255722;10;8;2015;14:55;0;AV JOR THOMAZ COELHO;;;0;;Colis?úo Traseira;Luz do Dia;Bom;Seca;Meio de Quadra;Pare;Comercial;0;0;2;1;0;0;0;1;0;0;0;0;;
255723;10;8;2015;15:00;0;RUA 15 DE NOVEMBRO;;;887;;Engavetamento;Luz do Dia;Bom;Seca;Meio de Quadra;N?úo H?í Controle;Misto;0;0;3;1;0;0;0;0;0;0;0;0;-3,770223000000000;-38,552305000000000
255716;10;8;2015;14:10;0;AV 13 DE MAIO;;;1776;;Colis?úo Traseira;Luz do Dia;Bom;Seca;Meio de Quadra;Outros;Comercial;0;0;2;1;0;0;0;0;0;0;0;0;-3,745675000000000;-38,533607000000000
255726;10;8;2015;06:40;0;AV DUQ CAXIAS;;;1701;;Colis?úo Traseira;Luz do Dia;Bom;Seca;Meio de Quadra;N?úo H?í Controle;Comercial;0;0;2;1;1;0;0;0;0;0;0;0;-3,728676000000000;-38,539517000000000
255727;10;8;2015;17:10;18431;AV SGT HERMINIO SAMPAIO;VL PONTES;;0;;Colis?úo Lateral;Luz do Dia;Bom;Seca;T;Pare;Misto;0;1;1;1;0;0;0;0;0;1;0;0;-3,729183000000000;-38,573329000000000
255731;10;8;2015;11:50;1421;RUA MON BRUNO;RUA CATAO MAMEDE;;0;;Colis?úo Transversal;Luz do Dia;Bom;Seca;Cruz;Pare;Residencial;0;1;1;0;0;0;0;0;0;1;0;0;-3,737525000000000;-38,511094000000000
255734;10;8;2015;12:30;0;RUA RAIMUNDO NERY;;;485;;Colis?úo Lateral;Luz do Dia;Bom;Seca;Meio de Quadra;Sem?íforo;Comercial;0;0;2;1;0;0;1;0;0;0;0;0;-3,793439000000000;-38,586721000000000
255740;10;8;2015;14:20;0;AV SGT HERMINIO SAMPAIO;;;2006;POLO DE LAZER;Colis?úo Lateral;Luz do Dia;Bom;Seca;Meio de Quadra;N?úo H?í Controle;Misto;0;2;1;1;0;0;0;0;0;1;0;0;-3,725997000000000;-38,558438000000000
255738;10;8;2015;09:30;0;AV 13 DE MAIO;;;100;;Colis?úo Traseira;Luz do Dia;Bom;Seca;Meio de Quadra;N?úo H?í Controle;Comercial;0;0;2;1;1;0;0;0;0;0;0;0;-3,753644000000000;-38,521500000000000
255636;11;8;2015;07:45;6790;RUA SAMIR HILUY;RUA VER PAULO MAMEDE;;0;;Colis?úo Traseira;Luz do Dia;Bom;Seca;Rotat??ria;Outros;Residencial;0;0;2;1;0;0;0;0;0;0;0;0;-3,747950000000000;-38,481463000000000
255626;11;8;2015;18:00;19029;AV ENG ALBERTO SA;RUA SOLON ONOFRE;;0;;Colis?úo Lateral;Via Iluminada;Bom;Seca;Cruz;Pare;Comercial;0;1;1;1;0;0;0;0;0;1;0;0;-3,735314000000000;-38,473145000000000
255627;11;8;2015;08:00;3401;AV JOSE BASTOS;RUA VIRIATO RIBEIRO;;0;;Colis?úo Traseira;Luz do Dia;Bom;Seca;;N?úo H?í Controle;Comercial;0;0;2;1;0;0;0;0;0;0;0;0;-3,755554000000000;-38,556028000000000
255640;11;8;2015;07:40;25090;AV GOV PARSIFAL BARROSO;RUA EDGAR FALCAO;;0;;Engavetamento;Luz do Dia;Bom;Seca;T;Sem?íforo;Comercial;0;0;3;1;0;0;0;0;0;0;0;0;-3,732054000000000;-38,569038000000000
255630;11;8;2015;13:55;13423;AV ANTONIO SALES;RUA MON BRUNO;;0;;Colis?úo Transversal;Luz do Dia;Bom;Seca;Cruz;Pare;Comercial;0;0;2;0;0;0;0;0;0;1;0;0;-3,742276000000000;-38,512634000000000
255631;11;8;2015;15:10;0;RUA JAIME BENEVOLO;;;1479;;Colis?úo Traseira;Luz do Dia;Bom;Seca;Meio de Quadra;Outros;Residencial;0;0;3;1;0;0;0;0;0;0;0;0;;
255645;11;8;2015;15:20;15194;RUA DEP MOREIRA DA ROCHA;RUA ILDEFONSO ALBANO;;0;;Colis?úo Transversal;Luz do Dia;Bom;Seca;Cruz;Pare;Residencial;0;0;2;1;0;0;0;1;0;0;0;0;-3,726480000000000;-38,511072000000000
255648;11;8;2015;13:34;0;AV ENG SANTANA JUNIOR;;;2760;;Colis?úo Transversal;Luz do Dia;Bom;Seca;Meio de Quadra;N?úo H?í Controle;Comercial;0;1;1;1;0;0;0;0;0;1;0;0;-3,745604000000000;-38,489224000000000
255649;11;8;2015;20:00;0;AV AGUANAMBI;;;1588;;Colis?úo Lateral;Via Iluminada;Bom;Seca;Meio de Quadra;N?úo H?í Controle;Comercial;0;0;2;1;0;0;0;0;0;1;0;0;-3,750958000000000;-38,523564000000000
255622;11;8;2015;13:35;0;AV PONTES VIEIRA;;;600;;Colis?úo Traseira;Luz do Dia;Bom;Seca;Meio de Quadra;N?úo H?í Controle;Comercial;0;1;1;0;0;0;0;0;0;1;0;0;-3,753006000000000;-38,515941000000000
255615;11;8;2015;16:00;0;AV FRE CIRILO;;;0;;Colis?úo Lateral;Luz do Dia;Bom;Seca;Meio de Quadra;Gesto;Residencial;0;1;1;1;0;0;0;0;0;1;0;0;;
255619;11;8;2015;11:20;0;AV ANTONIO SALES;;;1950;;Colis?úo Traseira;Luz do Dia;Bom;Seca;Meio de Quadra;N?úo H?í Controle;Comercial;0;0;4;1;0;0;0;0;0;0;0;0;-3,743950000000000;-38,507234000000000
255613;11;8;2015;15:00;0;AV DR SILAS MUNGUBA;;;847;;Colis?úo Traseira;Luz do Dia;Bom;Seca;Meio de Quadra;Gesto;Comercial;0;0;2;0;0;0;1;0;0;0;0;0;;
259516;11;8;2015;10:50;0;AV MIN JOSE AMERICO;;;0;;Colis?úo;Luz do Dia;Bom;Seca;Meio de Quadra;;;0;0;2;1;0;0;0;0;0;0;0;0;;
255554;11;8;2015;18:55;4830;RUA ITATIAIA;RUA DAS PITANGUEIRAS;;0;;Colis?úo Transversal;Via Iluminada;Bom;Seca;Cruz;N?úo H?í Controle;Residencial;0;0;2;1;0;0;0;0;0;1;0;0;-3,808917000000000;-38,602538000000000
255558;11;8;2015;13:40;1658;RUA MON CATAO;RUA BENI DE CARVALHO;;0;;Colis?úo Lateral;Luz do Dia;Bom;Seca;Cruz;Pare;Comercial;0;0;2;0;0;0;0;0;0;0;0;0;-3,746618000000000;-38,493113000000000
255565;11;8;2015;14:00;0;RUA VALMIR PONTES;;;0;UNIFOR;Colis?úo Lateral;Luz do Dia;Bom;Seca;Meio de Quadra;N?úo H?í Controle;Comercial;0;0;2;1;0;0;0;0;0;0;0;0;;
255572;11;8;2015;14:15;24943;AV ABOLICAO;AV ALM HENRIQUE SABOIA;;0;;Colis?úo Traseira;Luz do Dia;Bom;Seca;T;Sem?íforo;Comercial;0;0;2;1;0;0;0;0;0;0;0;0;-3,722615000000000;-38,479798000000000
255574;11;8;2015;22:30;0;AV CEL CARVALHO;;;3078;;Colis?úo Lateral;Via Iluminada;Bom;Seca;Meio de Quadra;N?úo H?í Controle;Residencial;0;0;2;1;0;0;0;0;0;0;0;0;-3,730713000000000;-38,584682000000000
255575;11;8;2015;12:30;1378;RUA DES LEITE ALBUQUERQUE;RUA OSVALDO CRUZ (ALDEOTA);;0;;Colis?úo Transversal;Luz do Dia;Bom;Seca;Cruz;Pare;Comercial;0;0;2;1;0;0;0;0;0;0;0;0;-3,736598000000000;-38,500640000000000
255568;11;8;2015;16:00;0;AV ALM MAXIMIANO DA FONSECA;;;1395;;Atropelamento;Luz do Dia;Bom;Seca;Meio de Quadra;Sem?íforo Intermitente;Comercial;0;0;2;0;0;0;0;0;0;1;0;0;-3,771600000000000;-38,484045000000000