COD_ACIDENTE;DIA;MES;ANO;HORA;INTERSECAO;LOG1;LOG2;LOG3;NUMERO;REFERENCIA;NATUREZA;ILUMINACAO;TEMPO;SUPERFICIEPISTA;TIPOCRUZAMENTO;CONTROLETRAFEGO;USOSOLO;MORTOS;FERIDOS;ILESOS;AUTOMOVEL;ONIBUS;BICICLETA;CAMINHAO;MICROONIBUS;CICLOMOTOR;MOTOCICLETA;TRACAOANIMAL;TREM;LATITUDE;LONGITUDE
255569;11;8;2015;17:00;0;AV ALBERTO CRAVEIRO;;;0;;Colis?úo Lateral;Luz do Dia;Bom;Seca;Meio de Quadra;N?úo H?í Controle;Comercial;0;0;2;1;0;0;0;0;0;0;0;0;;
255561;11;8;2015;17:30;12445;AV SEN FERNANDES TAVORA;TR HELENA DE MARIA;;0;;Colis?úo Lateral;Via Iluminada;Bom;Seca;T;Outros;Comercial;0;1;1;0;0;0;0;0;0;1;0;0;-3,766094000000000;-38,574916000000000
255563;11;8;2015;17:30;0;RUA JORGE ACURCIO;;;841;;Engavetamento;Anoitecer;Bom;Seca;Meio de Quadra;N?úo H?í Controle;Residencial;0;0;2;1;0;0;0;0;0;0;0;0;-3,768056000000000;-38,532885000000000
255590;11;8;2015;07:00;5338;RUA PINTO MADEIRA;RUA VINTE E CINCO DE MARCO;;0;;Colis?úo Transversal;Luz do Dia;Bom;Seca;Cruz;Pare;Residencial;0;1;1;1;0;0;0;0;0;1;0;0;-3,730648000000000;-38,522925000000000
255588;11;8;2015;15:30;5025;RUA SEN ALENCAR;AV FILOMENO GOMES;;0;;Colis?úo Transversal;Luz do Dia;Bom;Seca;T;Pare;Comercial;0;0;2;1;0;0;0;0;0;0;0;0;-3,720616000000000;-38,541328000000000
255578;11;8;2015;13:30;0;AV HIS RAIMUNDO GIRAO;;;860;;Colis?úo Lateral;Luz do Dia;Bom;Seca;Meio de Quadra;Sem?íforo;Comercial;0;0;2;1;0;0;0;0;0;0;0;0;-3,722468000000000;-38,507703000000000
255579;11;8;2015;14:30;0;RUA ANA BILHAR;;;291;;Colis?úo Lateral;Luz do Dia;Bom;Seca;Meio de Quadra;Outros;Residencial;0;0;2;1;0;0;0;0;0;0;0;0;-3,728908000000000;-38,497438000000000
255581;11;8;2015;16:00;6744;RUA BATISTA DE OLIVEIRA;RUA BENTO ALBUQUERQUE;;0;;Colis?úo Traseira;Luz do Dia;Bom;Seca;Cruz;Sem?íforo;Residencial;0;0;2;1;0;0;0;0;0;0;0;0;-3,744448000000000;-38,481027000000000
255582;11;8;2015;07:50;0;AV DOS EXPEDICIONARIOS;;;4522;;Colis?úo Lateral;Luz do Dia;Bom;Seca;Meio de Quadra;N?úo H?í Controle;Comercial;0;1;1;1;0;0;0;0;0;1;0;0;-3,758150000000000;-38,539129000000000
255583;11;8;2015;15:45;0;RUA NAT FEIJO;;;509;;Colis?úo Lateral;Luz do Dia;Bom;Seca;Meio de Quadra;N?úo H?í Controle;Residencial;0;0;2;1;0;0;0;0;0;0;0;0;-3,722219000000000;-38,553387000000000
255584;11;8;2015;07:40;0;AV PRS COSTA E SILVA;;;2719;;Colis?úo Transversal;Luz do Dia;Bom;Seca;Meio de Quadra;N?úo H?í Controle;Comercial;0;1;1;1;0;0;0;0;0;1;0;0;;
255585;11;8;2015;07:50;930;AV BORGES DE MELO;AV AGUANAMBI;;0;;Engavetamento;Luz do Dia;Bom;Seca;T;Sem?íforo;Comercial;0;0;3;1;0;0;0;0;0;1;0;0;-3,760928000000000;-38,523880000000000
255606;11;8;2015;09:20;25068;AV DOS EXPEDICIONARIOS;RUA STA QUITERIA;;0;;Colis?úo Transversal;Luz do Dia;Bom;Seca;Rotat??ria;Sem?íforo;Residencial;0;0;2;1;0;0;0;0;0;0;0;0;-3,759299000000000;-38,539477000000000
255599;11;8;2015;07:30;4542;AV DEP PAULINO ROCHA;RUA CEL ZACARIAS J FRANCA;;0;;Colis?úo Transversal;Luz do Dia;Bom;Seca;T;Pare;Residencial;0;0;2;0;0;0;1;0;0;1;0;0;-3,805266000000000;-38,508111000000000
255602;11;8;2015;20:30;4429;AV CESAR CALS;RUA ISMAEL PORDEUS;;0;;Colis?úo Lateral;Via Iluminada;Bom;Seca;Cruz;N?úo H?í Controle;Residencial;0;0;2;1;0;0;0;0;0;0;0;0;-3,720638000000000;-38,464577000000000
255609;11;8;2015;12:00;15429;RUA DOMINGOS RAIOL;RUA HOMEM DE MELO;;0;;Colis?úo Transversal;Luz do Dia;Bom;Seca;Cruz;Pare;Residencial;0;1;1;1;0;0;0;0;0;1;0;0;-3,816531000000000;-38,496508000000000
255610;11;8;2015;12:15;25769;AV DR SILAS MUNGUBA;RUA CORUMBA;;0;;Engavetamento;Luz do Dia;Bom;Seca;;Gesto;Comercial;0;0;3;1;0;0;0;0;0;0;0;0;-3,801188000000000;-38,530014000000000
265138;11;8;2015;21:30;0;RUA QUIXADA D06;;;0;;Colis?úo;;;;Meio de Quadra;;;0;1;0;0;1;0;0;0;0;1;0;0;;
265123;11;8;2015;12:51;15189;AV ABOLICAO;RUA FRE MANSUETO;;0;;Colis?úo;Luz do Dia;;;Cruz;Sem?íforo;Comercial;0;0;1;0;1;0;0;0;0;0;0;0;-3,726368000000000;-38,489324000000000
264154;11;8;2015;09:55;0;RUA BERNARDO MANUEL;;;0;;Colis?úo;Luz do Dia;;;Meio de Quadra;;;0;0;2;1;0;0;0;0;0;0;0;0;;
264185;11;8;2015;14:44;15768;RUA CEL FRANCISCO PEREIRA (MESSEJANA);RUA JOAQUIM FELICIO;;0;;Colis?úo;Luz do Dia;;;;;;0;0;2;1;1;0;0;0;0;0;0;0;-3,829908000000000;-38,492670000000000
265501;11;8;2015;05:50;0;RUA MARIA DULCE;;;0;;Queda;Amanhecer;;;Meio de Quadra;;;0;1;0;0;0;0;0;0;0;1;0;0;;
265502;11;8;2015;06:38;0;AV PDE ANTONIO TOMAS;;;0;;Queda;Luz do Dia;;;Meio de Quadra;;;0;1;0;0;0;0;0;0;0;1;0;0;;
265503;11;8;2015;06:43;60;RUA TOMAS RODRIGUES;RUA TEN QUEIROZ;;0;;Queda;Luz do Dia;;;Cruz;Pare;Residencial;0;1;0;0;0;0;0;0;0;1;0;0;-3,745469000000000;-38,593135000000000
265498;11;8;2015;05:49;13334;AV H CJ JOSE WALTER;AV L CJ JOSE WALTER;;0;;Colis?úo;Amanhecer;;;Cruz;Pare;Residencial;0;1;0;0;0;0;0;0;0;0;0;0;-3,840720000000000;-38,560432000000000
265505;11;8;2015;07:21;0;AV DOS EXPEDICIONARIOS;;;0;;Colis?úo;Luz do Dia;;;Meio de Quadra;;;0;1;0;0;0;0;0;0;0;0;0;0;-3,757975000000000;-38,539080000000000
265506;11;8;2015;07:45;0;AV PERIMETRAL;;;0;;Colis?úo;Luz do Dia;;;Meio de Quadra;;;0;1;1;1;0;0;0;0;0;1;0;0;;
265508;11;8;2015;09:39;0;RUA CON DE CASTRO;;;0;;Atropelamento;Luz do Dia;;;Meio de Quadra;;;0;1;1;0;0;0;0;0;0;1;0;0;-3,799485000000000;-38,586852000000000
265519;11;8;2015;15:45;1422;RUA DES LEITE ALBUQUERQUE;RUA BARBOSA DE FREITAS;;0;;Colis?úo;Luz do Dia;;;Cruz;Sem?íforo;Comercial;0;1;1;0;0;0;0;0;0;1;0;0;-3,737545000000000;-38,497689000000000
265520;11;8;2015;15:55;0;VL PDE MAXIMILIANO;;;0;;Atropelamento;Luz do Dia;;;Meio de Quadra;;;0;1;1;0;0;0;0;0;0;1;0;0;;
265512;11;8;2015;13:50;16786;RUA OSCAR ROMERO;RUA QUIXADA D06;;0;;Colis?úo;Luz do Dia;;;Cruz;N?úo H?í Controle;Residencial;0;1;0;0;0;0;0;0;0;0;0;0;-3,832123000000000;-38,571987000000000
265532;11;8;2015;17:17;5500;RUA PDE VALDEVINO;RUA NOGUEIRA ACIOLI;;0;;Colis?úo;Anoitecer;;;Cruz;Sem?íforo;Comercial;0;1;1;0;0;0;0;0;0;1;0;0;-3,738246000000000;-38,519630000000000
265533;11;8;2015;17:23;0;RUA PARAMBU;;;0;;Colis?úo;Anoitecer;;;Meio de Quadra;;;0;1;0;1;0;0;0;0;0;0;0;0;;
265534;11;8;2015;17:48;0;AV SEN FERNANDES TAVORA;;;0;;Colis?úo;Anoitecer;;;Meio de Quadra;;;0;1;1;1;0;0;0;0;0;1;0;0;;
265536;11;8;2015;18:24;0;RD BR 116;;;3000;KM-03;Colis?úo;Anoitecer;;;Meio de Quadra;;;0;1;1;1;0;0;0;0;0;1;0;0;-3,779838000000000;-38,514372000000000
265537;11;8;2015;18:28;0;RUA PORTO VELHO;;;0;;Atropelamento;Anoitecer;;;Meio de Quadra;;;0;1;1;0;0;0;0;0;0;1;0;0;-3,763883000000000;-38,590887000000000
265539;11;8;2015;19:53;0;RUA ILDEFONSO ALBANO;;;0;;Atropelamento;;;;Meio de Quadra;;;0;1;1;1;0;0;0;0;0;0;0;0;-3,728128000000000;-38,511638000000000
265541;11;8;2015;21:07;0;AV PERIMETRAL;;;0;;Colis?úo;;;;Meio de Quadra;;;0;1;1;0;0;0;0;0;0;1;0;0;;
265542;11;8;2015;22:37;0;RUA CAETANO SILVA (A. NUNES);;;0;;Queda;;;;Meio de Quadra;;;0;1;0;0;0;0;0;0;0;1;0;0;;
265543;11;8;2015;23:52;0;AV AUGUSTO DOS ANJOS;;;0;;Colis?úo;;;;Meio de Quadra;;;0;1;0;0;0;0;0;0;0;0;0;0;-3,779877000000000;-38,578895000000000
265545;11;8;2015;06:05;0;AV PERIMETRAL;;;0;;Colis?úo;Luz do Dia;;;Meio de Quadra;;;0;1;1;1;0;0;0;0;0;1;0;0;;
265546;11;8;2015;06:16;0;AV DEP PAULINO ROCHA;;;0;;Colis?úo;Luz do Dia;;;Meio de Quadra;;;0;1;0;0;0;0;0;0;0;0;0;0;;
265547;11;8;2015;07:06;0;RUA PORTO FRANCO;;;0;;Colis?úo;Luz do Dia;;;Meio de Quadra;;;0;1;1;1;0;0;0;0;0;1;0;0;;
265548;11;8;2015;07:49;0;AV JOVITA FEITOSA;;;0;;Colis?úo;Luz do Dia;;;Meio de Quadra;;;0;1;0;0;0;0;0;0;0;0;0;0;;
265522;11;8;2015;16:57;0;RUA PRO JOSE LEITE GONDIM;;;0;;Colis?úo;Luz do Dia;;;Meio de Quadra;;;0;1;1;1;0;0;0;0;0;1;0;0;;
259152;11;8;2015;13:00;0;RD BR 116;;;9000;KM-09;Colis?úo Traseira;Luz do Dia;Bom;Seca;Meio de Quadra;N?úo H?í Controle;Comercial;0;0;2;0;0;0;1;0;0;0;0;0;-3,830837000000000;-38,504865000000000
259155;11;8;2015;18:30;0;RD BR 116;;;4000;KM-04;Colis?úo Lateral;Anoitecer;Bom;Seca;Meio de Quadra;N?úo H?í Controle;Comercial;0;1;1;1;0;0;0;0;0;1;0;0;-3,788331000000000;-38,510646000000000
255811;11;8;2015;13:10;0;AV ROGACIANO LEITE;;;0;;Colis?úo;Luz do Dia;Bom;Seca;Meio de Quadra;Sem?íforo;Comercial;0;1;1;1;0;0;0;0;0;1;0;0;;
270135;11;8;2015;11:04;0;AV GAL OSORIO DE PAIVA;;;0;;Colis?úo;Luz do Dia;;;Meio de Quadra;;;0;0;2;0;0;0;0;0;0;0;0;0;;
270179;11;8;2015;12:35;0;AV PRO GOMES DE MATOS;;;0;;Colis?úo;Luz do Dia;;;Meio de Quadra;;;0;0;2;0;0;0;0;0;0;0;0;0;;
270184;11;8;2015;16:31;0;AV JOSE BASTOS;;;0;;Colis?úo;Luz do Dia;;;Meio de Quadra;;;0;0;2;0;0;0;0;0;0;0;0;0;;
270185;11;8;2015;21:11;0;AV A CJ CEARA;;;0;;Colis?úo;;;;Meio de Quadra;;;0;0;2;0;0;0;0;0;0;0;0;0;;
270187;11;8;2015;22:56;0;AV CEL CARVALHO;;;3601;;;;;;Meio de Quadra;;;0;0;2;0;0;0;0;0;0;0;0;0;;
270190;12;8;2015;09:32;18638;RUA AVARE;RUA TEREZA BERNARDO;;0;;Atropelamento;Luz do Dia;;;;;;0;0;2;0;0;0;0;0;0;0;0;0;-3,841689000000000;-38,528128000000000
270195;12;8;2015;10:53;0;AV ALBERTO CRAVEIRO;;;0;;Colis?úo;Luz do Dia;;;Meio de Quadra;;;0;0;2;0;0;0;0;0;0;0;0;0;;
270198;12;8;2015;11:13;0;RUA GAL CLARINDO DE QUEIROZ;;;0;;Colis?úo;Luz do Dia;;;Meio de Quadra;;;0;0;2;0;0;0;0;0;0;0;0;0;;
270210;12;8;2015;18:04;0;AV GAL OSORIO DE PAIVA;;;0;;Atropelamento;Anoitecer;;;Meio de Quadra;;;0;0;2;0;0;0;0;0;0;0;0;0;;
270206;12;8;2015;16:12;0;RUA VALPARAISO;;;0;;Colis?úo;Luz do Dia;;;Meio de Quadra;;;0;0;2;0;0;0;0;0;0;0;0;0;;
270204;12;8;2015;15:55;10780;RUA PDE SA LEITAO;AV SEN FERNANDES TAVORA;;0;;Colis?úo;Luz do Dia;;;Cruz;Pare;Misto;0;0;2;0;0;0;0;0;0;0;0;0;-3,762452000000000;-38,581677000000000
270212;12;8;2015;21:32;0;RUA DUARTE COELHO;;;0;;Atropelamento;;;;Meio de Quadra;;;0;0;2;0;0;0;0;0;0;0;0;0;;
270215;12;8;2015;22:01;19331;AV GAL OSORIO DE PAIVA;RUA PRO GOMES BRASIL;;0;;Colis?úo;;;;Cruz;Sem?íforo;Comercial;0;0;2;0;0;0;0;0;0;0;0;0;-3,775618000000000;-38,566451000000000
270220;12;8;2015;22:47;0;RUA AZEVEDO BOLAO;;;0;;Colis?úo;;;;Meio de Quadra;;;0;0;2;0;0;0;0;0;0;0;0;0;;
265563;12;8;2015;12:12;0;AV ALM HENRIQUE SABOIA;;;0;;Queda;Luz do Dia;;;Meio de Quadra;;;0;1;0;0;0;0;0;0;0;1;0;0;;
265565;12;8;2015;12:13;0;AV GAL OSORIO DE PAIVA;;;0;;Colis?úo;Luz do Dia;;;Meio de Quadra;;;0;1;1;1;0;0;0;0;0;1;0;0;;
265567;12;8;2015;16:41;0;RD BR 116;;;10000;KM-10;Atropelamento;Luz do Dia;;;Meio de Quadra;;;0;1;1;1;0;0;0;0;0;0;0;0;-3,834435000000000;-38,503373000000000
265569;12;8;2015;17:04;0;AV PRS COSTA E SILVA;;;0;;Queda;Anoitecer;;;Meio de Quadra;;;0;1;0;0;0;0;0;0;0;1;0;0;;
265570;12;8;2015;19:19;0;AV MR HULL;;;0;;Colis?úo;;;;Meio de Quadra;;;0;1;1;1;0;1;0;0;0;0;0;0;;
265571;12;8;2015;21:05;0;AV JOSE BASTOS;;;0;;Colis?úo;;;;Meio de Quadra;;;0;1;1;1;0;0;0;0;0;1;0;0;;
265572;12;8;2015;21:11;0;RUA DUARTE COELHO;;;0;;Queda;;;;Meio de Quadra;;;0;1;0;0;0;0;0;0;0;1;0;0;;
265573;12;8;2015;21:45;0;AV AUGUSTO DOS ANJOS;;;0;;Atropelamento;;;;Meio de Quadra;;;0;1;1;0;0;0;0;0;0;1;0;0;;
265549;12;8;2015;08:00;0;RUA PRO HERIBALDO COSTA;;;0;;Colis?úo;Luz do Dia;;;Meio de Quadra;;;0;1;1;1;0;0;0;0;0;1;0;0;-3,767445000000000;-38,587773000000000
265550;12;8;2015;08:26;5306;RUA DO ROSARIO;RUA MON LUIS ROCHA;;0;;Queda;Luz do Dia;;;Cruz;Pare;Comercial;0;1;0;0;0;0;0;0;0;1;0;0;-3,729645000000000;-38,526198000000000
265551;12;8;2015;08:34;0;AV DA INDEPENDENCIA;;;0;;Queda;Luz do Dia;;;Meio de Quadra;;;0;1;0;0;0;0;0;0;0;1;0;0;-3,727600000000000;-38,588558000000000
265552;12;8;2015;08:52;0;RUA FRANCISCO ALMEIDA;;;0;;Colis?úo;Luz do Dia;;;Meio de Quadra;;;0;1;1;1;0;0;0;0;0;1;0;0;-3,817155000000000;-38,590787000000000
265553;12;8;2015;09:35;0;AV CASTELO DE CASTRO;;;0;;Colis?úo;Luz do Dia;;;Meio de Quadra;;;0;1;0;0;0;0;0;0;0;0;0;0;;
265554;12;8;2015;12:06;10615;RUA JUSTINO CAFE NETO;RUA ALBERT SABIN;;0;;Colis?úo;Luz do Dia;;;;;;0;1;1;1;0;0;0;0;0;1;0;0;-3,758910000000000;-38,490164000000000
265575;12;8;2015;22:15;3357;RUA GOIAS;RUA 3 DE MAIO;;0;;Colis?úo;;;;Cruz;Pare;Residencial;0;1;0;0;0;0;0;0;0;0;0;0;-3,752292000000000;-38,561270000000000
264188;12;8;2015;16:08;0;AV GAL OSORIO DE PAIVA;;;0;;Colis?úo;Luz do Dia;;;Meio de Quadra;;;0;0;2;0;1;0;0;0;0;0;0;0;;
265165;12;8;2015;15:00;0;AV GODOFREDO MACIEL;;;0;;Colis?úo;Luz do Dia;;;Meio de Quadra;;;0;1;0;1;0;0;0;0;0;1;0;0;;
265148;12;8;2015;09:50;0;RUA POMPEU CAVALCANTE;;;71;;Colis?úo Lateral;Luz do Dia;;;Meio de Quadra;;;0;0;1;1;0;0;0;0;0;0;0;0;-3,721025000000000;-38,564635000000000
265152;12;8;2015;11:40;18688;RUA TEREZA BERNARDO;RUA SAQUAREMA;;0;;Colis?úo Lateral;Luz do Dia;;;;;;0;1;1;1;0;0;0;0;0;0;0;0;-3,841200000000000;-38,527725000000000
255592;12;8;2015;10:00;9073;RUA LAURO MAIA;RUA CEL JOSE EUCLIDES;;0;;Colis?úo Transversal;Luz do Dia;Bom;Seca;Cruz;Pare;Residencial;0;0;2;1;0;0;0;0;0;0;0;0;-3,752061000000000;-38,521915000000000
255600;12;8;2015;12:05;0;RUA ALBERTO FEITOSA LIMA;;;0;;Colis?úo Lateral;Luz do Dia;Bom;Seca;Meio de Quadra;N?úo H?í Controle;Comercial;0;1;1;1;0;0;0;0;0;1;0;0;;
255607;12;8;2015;;0;AV PONTES VIEIRA;;;0;;Colis?úo Lateral;Via Iluminada;Bom;Seca;Meio de Quadra;N?úo H?í Controle;Comercial;0;0;2;1;0;0;1;0;0;0;0;0;;
255604;12;8;2015;13:20;0;RUA ANTONIO AUGUSTO;;;0;;Colis?úo Lateral;Luz do Dia;Bom;Seca;Meio de Quadra;N?úo H?í Controle;Comercial;0;0;2;1;0;0;0;0;0;0;0;0;;
255586;12;8;2015;22:45;0;AV DOM LUIS;;;502;PRACA PORTUGAL;Colis?úo Lateral;Via Iluminada;Bom;Seca;Meio de Quadra;N?úo H?í Controle;Comercial;0;0;2;0;1;0;0;0;0;0;0;0;-3,733243000000000;-38,497304000000000
255580;12;8;2015;13:30;0;RUA DEP OSWALDO STUDART;;;475;;Colis?úo Traseira;Luz do Dia;Bom;Seca;Meio de Quadra;N?úo H?í Controle;Residencial;0;0;2;1;0;0;0;0;0;0;0;0;-3,754565000000000;-38,529138000000000
255577;12;8;2015;07:35;1273;AV SANTOS DUMONT;RUA DR JOSE LOURENCO;;0;;Colis?úo Lateral Sentido Oposto;Luz do Dia;Bom;Seca;Cruz;Pare;Comercial;0;0;2;1;1;0;0;0;0;0;0;0;-3,733299000000000;-38,507380000000000
255571;12;8;2015;18:20;5077;AV ALBERTO NEPOMUCENO;AV PRS CASTELO BRANCO;;0;;Colis?úo Transversal;Anoitecer;Bom;Seca;T;N?úo H?í Controle;Comercial;0;0;2;1;0;0;0;0;0;0;0;0;-3,722425000000000;-38,523857000000000
259518;12;8;2015;17:00;0;RD CE-040;;;0;KM-07;Colis?úo;Anoitecer;;Seca;Meio de Quadra;;;0;0;3;1;0;0;0;0;0;0;0;0;-3,817953000000000;-38,483160000000000
259519;12;8;2015;17:15;0;RD CE-040;;;0;KM-06;Colis?úo;Anoitecer;;Seca;Meio de Quadra;;;0;0;2;1;0;0;0;0;1;0;0;0;-3,811270000000000;-38,478781000000000
259211;12;8;2015;12:30;0;RD BR 222;;;0;KM-01;Colis?úo Lateral;Luz do Dia;Bom;Seca;Meio de Quadra;N?úo H?í Controle;Comercial;0;1;1;0;0;0;0;0;0;1;0;0;-3,737774000000000;-38,577952000000000
255614;12;8;2015;22:30;15107;AV HIS RAIMUNDO GIRAO;RUA VIRGILIO VASCONCELOS;;0;;Colis?úo Transversal;Amanhecer;Bom;Seca;T;N?úo H?í Controle;Residencial;0;2;1;1;0;0;0;0;0;1;0;0;-3,722335000000000;-38,507972000000000
255620;12;8;2015;09:40;23476;RUA SABINO MONTE;RUA CRUZ ABREU;;0;;Colis?úo Lateral;Luz do Dia;Bom;Seca;T;Pare;Residencial;0;0;2;1;0;0;0;0;0;0;0;0;-3,757827000000000;-38,511694000000000
255618;12;8;2015;21:20;0;AV BAR STUDART;;;2534;;Choque c/ Obst?ículo Fixo;Via Iluminada;Bom;Seca;Meio de Quadra;N?úo H?í Controle;Comercial;0;0;1;1;0;0;0;0;0;0;0;0;-3,745770000000000;-38,510163000000000
255650;12;8;2015;14:49;18552;RUA OSORIO CORREIA;RUA CEREJEIRAS;;0;;Colis?úo Transversal;Luz do Dia;Bom;Seca;Cruz;N?úo H?í Controle;Residencial;0;0;2;1;1;0;0;0;0;0;0;0;-3,821969000000000;-38,599378000000000
255625;12;8;2015;06:20;5518;AL ANGELICAS;AV FLAMBOYANTS;;0;;Colis?úo Lateral;Luz do Dia;Bom;Seca;Cruz;;Residencial;0;1;1;1;0;0;0;0;0;1;0;0;-3,747703000000000;-38,474694000000000
255663;12;8;2015;10:00;12863;AV DOMINGOS OLIMPIO;RUA FLORIANO PEIXOTO;;0;;Colis?úo Frontal;Luz do Dia;Bom;Seca;Cruz;Pare;Comercial;0;0;2;1;0;0;0;0;0;0;0;0;-3,736976000000000;-38,530313000000000
255660;12;8;2015;06:20;15347;AV DOM LUIS;RUA TIBURCIO CAVALCANTE;;0;;Colis?úo Transversal;Luz do Dia;Bom;Seca;Outros;Sem?íforo;Comercial;0;0;2;1;1;0;0;0;0;0;0;0;-3,732021000000000;-38,501313000000000
255643;12;8;2015;08:00;1423;RUA OSVALDO CRUZ (ALDEOTA);RUA TORRES CAMARA;;0;;Colis?úo Lateral;Luz do Dia;Bom;Seca;Cruz;Sem?íforo;Residencial;0;0;2;0;0;0;0;0;0;1;0;0;-3,737574000000000;-38,500953000000000
255632;12;8;2015;18:30;0;AV ANTONIO SALES;;;1654;;Colis?úo Lateral;Via Iluminada;Bom;Seca;Meio de Quadra;Outros;Comercial;0;0;2;1;0;0;0;0;0;0;0;0;;
255629;12;8;2015;07:30;26091;AV JOVITA FEITOSA;AV JOSE JATAHY;;0;;Colis?úo Transversal;Luz do Dia;Bom;Seca;Cruz;N?úo H?í Controle;Comercial;0;1;1;0;1;0;0;0;0;1;0;0;-3,737273000000000;-38,543936000000000
255637;12;8;2015;09:40;9098;RUA CAMPO AMOR ROCHA;RUA MIN JOAQUIM BASTOS D14;;0;;Colis?úo Transversal;Luz do Dia;Bom;Seca;Cruz;Pare;Rural;0;0;2;1;0;0;0;0;0;0;0;0;-3,755419000000000;-38,526294000000000
255665;12;8;2015;08:30;0;AV SEN VIRGILIO TAVORA;;;0;;Engavetamento;Luz do Dia;Bom;Seca;Outros;Sem?íforo Intermitente;Comercial;0;0;4;1;0;0;0;0;0;0;0;0;;
255671;12;8;2015;14:00;0;AV DOM MANUEL;;;124;;Colis?úo Lateral;Luz do Dia;Bom;Seca;Meio de Quadra;N?úo H?í Controle;Comercial;0;0;2;1;0;0;1;0;0;0;0;0;-3,725149000000000;-38,520084000000000
255673;12;8;2015;16:04;0;AV AUGUSTO DOS ANJOS;;;0;;Colis?úo Lateral;Luz do Dia;Bom;;Meio de Quadra;N?úo H?í Controle;Comercial;0;0;2;1;1;0;0;0;0;0;0;0;;
255678;12;8;2015;08:00;17275;RUA ALVARO FERNANDES;RUA BAR CANINDE;;0;;Colis?úo Transversal;Luz do Dia;Bom;Seca;Cruz;Pare;Residencial;0;0;2;1;0;0;0;0;0;0;0;0;-3,762184000000000;-38,552236000000000
255679;12;8;2015;06:45;19437;AV DR SILAS MUNGUBA;RUA CASIMIRO DE ABREU;;0;;Colis?úo Transversal;Luz do Dia;Bom;Seca;T;Sem?íforo Intermitente;Misto;0;0;2;1;0;0;0;0;0;0;0;0;-3,779395000000000;-38,560637000000000
255676;12;8;2015;06:20;0;AV PRS COSTA E SILVA;;;0;;Colis?úo Transversal;Luz do Dia;Bom;Seca;Meio de Quadra;Sem?íforo;Comercial;0;1;1;1;0;0;0;0;0;1;0;0;;
255682;12;8;2015;07:30;0;AV JOSE BASTOS;;;3390;;Colis?úo Transversal;Luz do Dia;Bom;Seca;Meio de Quadra;Outros;Comercial;0;0;2;1;1;0;0;0;0;0;0;0;-3,749136000000000;-38,549630000000000
255699;12;8;2015;15:20;15310;AV BAR STUDART;RUA EDGAR DAMASCENO;;0;;Colis?úo Traseira;Luz do Dia;Bom;Seca;T;Pare;Comercial;0;0;2;1;0;0;0;0;0;0;0;0;-3,730068000000000;-38,505124000000000
255684;12;8;2015;11:20;9006;AV JOSE BASTOS;AV 13 DE MAIO;;0;;Colis?úo Transversal;Luz do Dia;Bom;Seca;Com Via F?®rrea;N?úo H?í Controle;Residencial;0;0;2;1;0;0;0;0;0;1;0;0;;
255686;12;8;2015;07:10;0;AV BORGES DE MELO;;;0;;Colis?úo Transversal;Luz do Dia;Bom;Seca;Outros;Pare;Comercial;0;0;2;1;0;0;0;0;0;1;0;0;;
255687;12;8;2015;19:39;0;RUA VICENTE LINHARES;;;0;;Colis?úo Traseira;Via Iluminada;Bom;Seca;Meio de Quadra;N?úo H?í Controle;Comercial;0;0;2;1;0;0;0;0;0;0;0;0;;
255690;12;8;2015;13:00;4319;AV VICENTE DE CASTRO;AV JOSE SABOIA;;0;;Colis?úo Transversal;Luz do Dia;Bom;Seca;Cruz;Pare;Comercial;0;0;2;1;0;0;0;0;0;0;0;0;-3,713785000000000;-38,473200000000000
255707;12;8;2015;18:40;22109;RUA MON FURTADO;RUA GUSTAVO BRAGA;;0;;Colis?úo Transversal;Via Iluminada;Bom;Seca;Cruz;N?úo H?í Controle;Residencial;0;0;2;1;0;0;0;0;0;0;0;0;-3,750477000000000;-38,553203000000000
255703;12;8;2015;20:30;7861;AV ANTONIO SALES;RUA CEL JUCA;;0;;Colis?úo Transversal;Via Iluminada;Bom;Seca;Cruz;Sem?íforo;Comercial;0;0;2;1;0;0;0;0;0;0;0;0;-3,747893000000000;-38,494573000000000
255710;13;8;2015;14:40;0;RUA SAO JOSE D03;;;32;;Colis?úo Lateral;Luz do Dia;Bom;Seca;Meio de Quadra;Sem?íforo;;0;1;1;1;0;0;0;0;0;1;0;0;-3,725384000000000;-38,523721000000000
255711;13;8;2015;15:40;0;AV 13 DE MAIO;;;1806;;Colis?úo Transversal;Luz do Dia;Bom;Seca;Meio de Quadra;Sem?íforo;Comercial;0;0;2;0;1;0;0;0;0;0;0;0;-3,745477000000000;-38,533845000000000
255708;13;8;2015;07:40;0;AV BORGES DE MELO;;;0;;Colis?úo Lateral;Luz do Dia;Bom;Seca;Meio de Quadra;Sem?íforo;Comercial;0;0;2;1;1;0;0;0;0;0;0;0;;
255713;13;8;2015;07:50;13741;RUA LUIZA MIRANDA COELHO;RUA PINDORAMA;;0;;Colis?úo Lateral;Luz do Dia;Bom;Seca;Cruz;Pare;Comercial;0;1;1;1;0;0;0;0;0;1;0;0;;
255714;13;8;2015;18:30;9147;RUA CARLOS RIBEIRO;RUA DOM SEBASTIAO LEME;;0;;Colis?úo Transversal;Via Iluminada;Bom;Seca;Cruz;Pare;Misto;0;0;2;1;0;0;0;0;0;0;0;0;-3,746500000000000;-38,526198000000000
255715;13;8;2015;10:00;7813;RUA JULIO SIQUEIRA;RUA TIBURCIO CAVALCANTE;;0;;Colis?úo Transversal;Luz do Dia;Bom;Seca;Cruz;Pare;Residencial;0;0;2;1;0;0;0;0;0;0;0;0;-3,750135000000000;-38,507128000000000