COD_ACIDENTE;DIA;MES;ANO;HORA;INTERSECAO;LOG1;LOG2;LOG3;NUMERO;REFERENCIA;NATUREZA;ILUMINACAO;TEMPO;SUPERFICIEPISTA;TIPOCRUZAMENTO;CONTROLETRAFEGO;USOSOLO;MORTOS;FERIDOS;ILESOS;AUTOMOVEL;ONIBUS;BICICLETA;CAMINHAO;MICROONIBUS;CICLOMOTOR;MOTOCICLETA;TRACAOANIMAL;TREM;LATITUDE;LONGITUDE
255719;13;8;2015;15:00;1255;RUA ANTONIO AUGUSTO;RUA PDE LUIS FIGUEIRA;;0;;Colis?úo Transversal;Luz do Dia;Bom;Seca;Cruz;Pare;Residencial;0;0;3;1;0;0;0;0;0;0;0;0;-3,732470000000000;-38,514136000000000
255691;13;8;2015;14:30;5464;AV HERACLITO GRACA;RUA GONCALVES LEDO;;0;;Colis?úo Lateral;Luz do Dia;Bom;Seca;T;Pare;Comercial;0;0;2;1;0;0;0;0;0;0;0;0;-3,735774000000000;-38,517456000000000
255692;13;8;2015;07:20;15227;AV ABOLICAO;AV DES MOREIRA;;0;;Colis?úo Transversal;Luz do Dia;Bom;Seca;Cruz;Sem?íforo Intermitente;Misto;0;0;2;1;1;0;0;0;0;0;0;0;-3,727331000000000;-38,495474000000000
255693;13;8;2015;19:00;0;AV PRS COSTA E SILVA;;;0;;Colis?úo Transversal;;Bom;Seca;Meio de Quadra;;Residencial;0;0;2;0;1;0;0;0;0;0;0;0;;
255696;13;8;2015;15:30;0;AV ALM MAXIMIANO DA FONSECA;AV WASHINGTON SOARES;;0;;Colis?úo Traseira;Luz do Dia;Bom;Seca;Meio de Quadra;Sem?íforo;Comercial;0;0;3;1;0;0;0;0;0;0;0;0;;
255697;13;8;2015;08:30;12469;RUA DES GOMES PARENTE;RUA MELO DE OLIVEIRA;;0;;Colis?úo Lateral;Luz do Dia;Bom;Seca;Cruz;Pare;Comercial;0;0;2;1;0;0;0;0;0;0;0;0;-3,773360000000000;-38,578654000000000
255674;13;8;2015;16:00;5318;RUA PDE IBIAPINA;RUA GAL CLARINDO DE QUEIROZ;;0;;Colis?úo Lateral;Luz do Dia;Bom;Seca;Cruz;Pare;Comercial;0;0;2;1;1;0;0;0;0;0;0;0;-3,729518000000000;-38,540084000000000
255624;13;8;2015;13:00;1350;RUA SILVA PAULET;RUA TORRES CAMARA;;0;;Colis?úo Transversal;Luz do Dia;Bom;Seca;Cruz;Pare;Comercial;0;0;2;1;0;0;0;0;0;0;0;0;-3,735958000000000;-38,505905000000000
255621;13;8;2015;16:07;22029;RUA TIRADENTES;RUA FRE MARCELINO;;0;;Colis?úo Transversal;Luz do Dia;Bom;Seca;Cruz;Pare;Residencial;0;1;1;1;0;0;0;0;0;0;0;0;-3,741130000000000;-38,550132000000000
255616;13;8;2015;15:30;0;AV ENG HUMBERTO MONTE;;;681;;Colis?úo Traseira;Luz do Dia;Bom;Seca;Meio de Quadra;N?úo H?í Controle;Residencial;0;0;2;1;0;0;0;0;0;0;0;0;-3,752331000000000;-38,557884000000000
255617;13;8;2015;12:40;0;AV DR THEBERGE;;;2196;;Colis?úo Frontal;Luz do Dia;Bom;Seca;Meio de Quadra;N?úo H?í Controle;Comercial;0;0;2;1;0;0;0;0;0;1;0;0;-3,720044000000000;-38,566738000000000
259214;13;8;2015;07:00;0;RD BR 222;;;0;KM-01;Colis?úo Traseira;Luz do Dia;Bom;Seca;Meio de Quadra;N?úo H?í Controle;Comercial;0;2;0;1;0;0;0;0;0;1;0;0;-3,737774000000000;-38,577952000000000
259215;13;8;2015;18:20;0;RD BR 222;;;0;KM-02;Colis?úo Lateral;Anoitecer;Bom;Seca;Meio de Quadra;N?úo H?í Controle;Comercial;0;0;2;1;0;0;1;0;0;0;0;0;-3,738951000000000;-38,586880000000000
259521;13;8;2015;11:14;0;RD CE-040;;;0;KM-07;Colis?úo;Luz do Dia;;Seca;Meio de Quadra;;;0;0;3;1;0;0;0;0;0;0;0;0;-3,817953000000000;-38,483160000000000
259522;13;8;2015;15:50;0;RD CE-040;;;0;KM-05;Colis?úo;Luz do Dia;;Seca;Meio de Quadra;;;0;0;2;1;0;0;0;0;0;0;0;0;-3,790876000000000;-38,480349000000000
255591;13;8;2015;18:30;0;AV AGUANAMBI;;;841;;Colis?úo Traseira;Via Iluminada;Bom;Seca;Meio de Quadra;N?úo H?í Controle;Comercial;0;0;2;0;0;0;0;0;0;0;0;0;-3,746548000000000;-38,525056000000000
255596;13;8;2015;09:20;0;RUA VALMIR PONTES;;;0;;Colis?úo Lateral;Luz do Dia;Bom;Seca;Meio de Quadra;N?úo H?í Controle;Misto;0;0;2;1;0;0;0;0;0;0;0;0;;
255597;13;8;2015;23:00;12603;RUA TULIPA;RUA FENELON BOMILCAR;;0;;Colis?úo Transversal;Mal Iluminada;Bom;Seca;Cruz;Pare;Comercial;0;1;1;0;0;0;0;0;0;1;0;0;-3,716114000000000;-38,580157000000000
255598;13;8;2015;23:10;19328;RUA CON DE CASTRO;RUA EDUARDO PERDIGAO;;0;;Colis?úo Transversal;Via Iluminada;Bom;Seca;Cruz;N?úo H?í Controle;Comercial;0;0;2;1;0;0;1;0;0;0;0;0;-3,775579000000000;-38,564769000000000
255605;13;8;2015;14:30;16022;AV BENJAMIM BRASIL;RUA ENG JAIME ROLEMBERG;;0;;Colis?úo Transversal;Luz do Dia;Bom;Seca;Outros;Pare;Comercial;0;0;2;1;0;0;0;0;0;1;0;0;-3,805233000000000;-38,565732000000000
255601;13;8;2015;17:00;5472;RUA JAIME BENEVOLO;RUA ANTONIO POMPEU;;0;;Colis?úo Transversal;Luz do Dia;Bom;Seca;Cruz;Pare;Comercial;0;1;1;0;0;0;0;0;0;1;0;0;-3,736033000000000;-38,526664000000000
265177;13;8;2015;18:00;0;AV GAL OSORIO DE PAIVA;;;7655;;Colis?úo;Anoitecer;;;Meio de Quadra;;;0;0;1;0;1;0;0;0;0;0;0;0;-3,819139000000000;-38,616014000000000
265171;13;8;2015;06:30;3302;AV GAL OSORIO DE PAIVA;RUA LUIS VIEIRA;;0;;Colis?úo;Luz do Dia;;;Cruz;Sem?íforo Intermitente;Comercial;0;2;0;1;0;0;0;0;0;1;0;0;-3,790879000000000;-38,588616000000000
265180;13;8;2015;22:40;0;RUA OSCAR ARARIPE;;;3314;;Atropelamento;;;;Meio de Quadra;;;1;0;1;0;0;0;0;0;0;1;0;0;-3,784643000000000;-38,620227000000000
264194;13;8;2015;15:54;0;AV GOV RAUL BARBOSA;;;0;;Colis?úo;Luz do Dia;;;Meio de Quadra;;;0;0;2;1;0;0;1;0;0;0;0;0;;
264192;13;8;2015;11:28;0;AV GOV RAUL BARBOSA;;;0;;Colis?úo;Luz do Dia;;;Meio de Quadra;;;0;0;3;1;0;0;0;0;0;0;0;0;;
269330;13;8;2015;20:00;0;RD BR 116;;;11000;KM-11;Atropelamento;;;;Meio de Quadra;;;1;0;1;0;0;0;0;0;0;0;0;0;-3,847160000000000;-38,497176000000000
265581;13;8;2015;05:18;0;AV GAL OSORIO DE PAIVA;;;0;;Colis?úo;Amanhecer;;;Meio de Quadra;;;0;1;0;0;0;0;0;0;0;0;0;0;;
265583;13;8;2015;07:53;0;RUA BAR CRATO;;;0;;Queda;Luz do Dia;;;Meio de Quadra;;;0;1;0;0;0;0;0;0;0;1;0;0;-3,721833000000000;-38,561782000000000
265584;13;8;2015;12:24;12977;AV A CJ JOSE WALTER;RUA 9 CJ JOSE WALTER;;0;;Atropelamento;Luz do Dia;;;;;;0;1;1;0;0;0;0;0;0;1;0;0;-3,824100000000000;-38,556623000000000
265585;13;8;2015;12:27;0;RUA CRISTAIS PAULISTA;;;0;;Colis?úo;Luz do Dia;;;Meio de Quadra;;;0;1;1;0;0;0;0;0;0;1;0;0;;
265587;13;8;2015;15:11;0;RUA SAO JOSE D20;;;0;;Colis?úo;Luz do Dia;;;Meio de Quadra;;;0;1;1;1;0;0;0;0;0;1;0;0;;
265588;13;8;2015;17:03;9040;RUA JAIME BENEVOLO;RUA PDE MIGUELINHO;;0;;Colis?úo;Anoitecer;;;Cruz;Pare;Misto;0;1;1;1;0;0;0;0;0;1;0;0;-3,744086000000000;-38,529347000000000
265589;13;8;2015;17:12;5251;RUA SEN POMPEU;RUA LIBERATO BARROSO;;0;;Choque c/ Obst?ículo Fixo;Anoitecer;;;Cruz;Outros;Comercial;0;1;1;1;0;0;0;0;0;1;0;0;-3,727893000000000;-38,529914000000000
265590;13;8;2015;18:16;0;AV CASTELO DE CASTRO;;;0;;Colis?úo;Anoitecer;;;Meio de Quadra;;;0;1;1;1;0;0;0;0;0;1;0;0;;
265592;13;8;2015;18:52;0;RUA DOM QUINTINO;;;0;;Atropelamento;;;;Meio de Quadra;;;0;1;0;0;0;0;0;0;0;0;0;0;-3,713596000000000;-38,546771000000000
265593;13;8;2015;21:16;0;RUA OSCAR ARARIPE;;;0;;Colis?úo;;;;Meio de Quadra;;;0;1;1;1;0;0;0;0;0;1;0;0;-3,784605000000000;-38,620359000000000
265619;13;8;2015;23:15;17579;RUA PIAUI;RUA ESPIRITO SANTO;;0;;Colis?úo;;;;Cruz;N?úo H?í Controle;Comercial;0;1;1;1;0;0;0;0;0;1;0;0;-3,750946000000000;-38,566924000000000
265617;13;8;2015;22:18;0;RUA EDUARDO PERDIGAO;;;0;;Colis?úo;;;;Meio de Quadra;;;0;1;0;0;0;0;0;0;0;0;0;0;;
270221;13;8;2015;09:22;0;RUA REGINA DE FATIMA;;;0;;Atropelamento;Luz do Dia;;;Meio de Quadra;;;0;0;2;0;0;0;0;0;0;0;0;0;;
270224;13;8;2015;11:10;7888;RUA ISRAEL BEZERRA;AV DES MOREIRA;;0;;Colis?úo;Luz do Dia;;;;;;0;0;2;0;0;0;0;0;0;0;0;0;-3,747526000000000;-38,501963000000000
270228;13;8;2015;11:16;25519;AV GOV RAUL BARBOSA;AV ALM HENRIQUE SABOIA;;0;;Colis?úo;Luz do Dia;;;Y;N?úo H?í Controle;Residencial;0;0;2;0;0;0;0;0;0;0;0;0;-3,758466000000000;-38,504580000000000
270239;13;8;2015;11:19;0;AV GODOFREDO MACIEL;;;0;;Colis?úo;Luz do Dia;;;Meio de Quadra;;;0;0;2;0;0;0;0;0;0;0;0;0;;
270240;13;8;2015;18:28;84;RUA PDE PERDIGAO SAMPAIO;AV MR HULL;;0;;Colis?úo;Anoitecer;;;;;;0;0;2;0;0;0;0;0;0;0;0;0;-3,740113000000000;-38,594635000000000
270250;13;8;2015;22:35;0;RUA NOVE UI 211;;;0;;Colis?úo;;;;Meio de Quadra;;;0;0;2;0;0;0;0;0;0;0;0;0;;
270253;13;8;2015;23:13;0;RUA DOM SEBASTIAO LEME;;;0;;Colis?úo;;;;Meio de Quadra;;;0;0;2;0;0;0;0;0;0;0;0;0;;
270257;14;8;2015;14:10;13735;RUA NELSON STUDART;RUA CAIO CID;;0;;Colis?úo;Luz do Dia;;;Cruz;Pare;Misto;0;1;1;0;0;0;0;0;0;0;0;0;-3,773571000000000;-38,484694000000000
270266;14;8;2015;21:27;0;RUA JULIO SILVA;;;0;;Colis?úo;;;;Meio de Quadra;;;0;0;2;0;0;0;0;0;0;0;0;0;;
270262;14;8;2015;17:40;0;RUA PERNAMBUCO;;;0;;Choque c/ Obst?ículo Fixo;Anoitecer;;;Meio de Quadra;;;0;0;1;0;0;0;0;0;0;0;0;0;;
270263;14;8;2015;18:56;0;RUA PDE ANTONINO;;;0;;Colis?úo;;;;Meio de Quadra;;;0;0;2;0;0;0;0;0;0;0;0;0;;
270264;14;8;2015;20:35;0;RUA CAIO PRADO;;;0;;Colis?úo;;;;Meio de Quadra;;;0;0;2;0;0;0;0;0;0;0;0;0;;
270255;14;8;2015;10:51;0;RUA MARIO MAMEDE;;;0;;Colis?úo;Luz do Dia;;;Meio de Quadra;;;0;0;2;0;0;0;0;0;0;0;0;0;;
270260;14;8;2015;16:46;0;RUA PRO JOSE HENRIQUE;;;0;;Colis?úo;Luz do Dia;;;Meio de Quadra;;;0;0;2;0;0;0;0;0;0;0;0;0;;
270271;14;8;2015;21:55;0;RUA BAR CRATO;;;0;;Colis?úo;;;;Meio de Quadra;;;0;1;0;0;0;0;0;0;0;0;0;0;;
270280;14;8;2015;22:13;8025;AV JOAO PESSOA;RUA PRO COSTA MENDES;;0;;Colis?úo;;;;Cruz;Sem?íforo;Comercial;0;0;2;0;0;0;0;0;0;0;0;0;-3,752393000000000;-38,549441000000000
270269;14;8;2015;21:30;12521;AV AUGUSTO DOS ANJOS;RUA JULIO BRAGA;;0;;Colis?úo;;;;Duplo T;N?úo H?í Controle;Comercial;0;0;2;0;0;0;0;0;0;0;0;0;-3,776779000000000;-38,576193000000000
270274;14;8;2015;22:09;0;AV FRANCISCO SA;;;0;;Colis?úo;;;;Meio de Quadra;;;0;0;2;0;0;0;0;0;0;0;0;0;;
264281;14;8;2015;12:58;9114;RUA DEP OSWALDO STUDART;AV BORGES DE MELO;;0;;Colis?úo;Luz do Dia;;;Cruz;Sem?íforo;Comercial;0;0;2;1;0;0;0;0;0;0;0;0;-3,758147000000000;-38,532143000000000
264286;14;8;2015;20:58;0;AV DIOGUINHO;;;0;;Colis?úo;;;;Meio de Quadra;;;0;0;2;0;1;0;0;0;0;1;0;0;;
264279;14;8;2015;12:47;15158;RUA JOSE NAPOLEAO;AV BEIRA MAR;;0;;Colis?úo;Luz do Dia;;;T;Pare;Residencial;0;0;2;1;0;0;0;0;0;0;0;0;-3,724949000000000;-38,490598000000000
255757;14;8;2015;17:40;15177;AV BEIRA MAR;RUA PAULA BARROS;;0;;Colis?úo Traseira;Via Iluminada;Bom;Seca;T;N?úo H?í Controle;Comercial;0;0;2;1;0;0;0;0;0;0;0;0;-3,725755000000000;-38,492479000000000
255752;14;8;2015;11:50;0;RUA DEP OSWALDO STUDART;;;848;;Colis?úo Traseira;Luz do Dia;Bom;Seca;Meio de Quadra;N?úo H?í Controle;Comercial;0;1;1;0;0;0;0;0;0;1;0;0;-3,756879000000000;-38,531072000000000
255744;14;8;2015;07:10;0;RUA DR GILBERTO STUDART;;;805;;Colis?úo Lateral;Luz do Dia;Bom;Seca;Meio de Quadra;N?úo H?í Controle;Residencial;0;0;2;1;0;0;0;0;0;1;0;0;-3,743567000000000;-38,481095000000000
255747;14;8;2015;09:10;0;AV ABOLICAO;;;3049;;Choque c/ Obst?ículo Fixo;Luz do Dia;Bom;Seca;Meio de Quadra;N?úo H?í Controle;Residencial;0;0;2;0;0;0;1;0;0;0;0;0;-3,726788000000000;-38,492015000000000
265620;14;8;2015;06:39;0;RUA CON DE CASTRO;;;0;;Atropelamento;Luz do Dia;;;Meio de Quadra;;;0;1;1;1;0;0;0;0;0;0;0;0;-3,802694000000000;-38,589891000000000
265622;14;8;2015;07:00;12533;RUA MARIA CLARA;AV CEL CARVALHO;;0;;Colis?úo;Luz do Dia;;;Cruz;Pare;Comercial;0;1;1;1;0;0;0;0;0;1;0;0;-3,725382000000000;-38,585818000000000
265629;14;8;2015;10:33;5433;RUA MAJ FACUNDO;RUA METON DE ALENCAR;;0;;Colis?úo;Luz do Dia;;;Cruz;Pare;Comercial;0;1;1;1;0;0;0;0;0;1;0;0;-3,733917000000000;-38,529899000000000
265624;14;8;2015;07:37;0;RUA LAGO AZUL;;;0;;Colis?úo;Luz do Dia;;;Meio de Quadra;;;0;1;1;1;0;0;0;0;0;1;0;0;;
265626;14;8;2015;10:01;0;AV ALBERTO CRAVEIRO;;;0;;Capotamento;Luz do Dia;;;Meio de Quadra;;;0;1;0;1;0;0;0;0;0;0;0;0;;
265642;14;8;2015;13:19;12925;AV DOMINGOS OLIMPIO;AV AGUANAMBI;;0;;Colis?úo;Luz do Dia;;;;;;0;1;1;1;0;0;0;0;0;1;0;0;-3,738683000000000;-38,524628000000000
265645;14;8;2015;13:47;9670;RUA OSCAR ARARIPE;RUA ARI MAIA;;0;;Colis?úo;Luz do Dia;;;Cruz;N?úo H?í Controle;Residencial;0;1;0;0;0;0;0;0;0;0;0;0;-3,784266000000000;-38,621576000000000
265646;14;8;2015;15:21;19317;RUA IGUAPE;RUA VENUS;;0;;Colis?úo;Luz do Dia;;;Cruz;Pare;Residencial;0;1;0;0;0;0;0;0;0;0;0;0;-3,775284000000000;-38,571076000000000
265638;14;8;2015;12:59;329;RUA ALEXANDRE BARAUNA;RUA FRANCISCA CLOTILDE;;0;;Queda;Luz do Dia;;;Cruz;Pare;Residencial;0;1;0;0;0;0;0;0;0;1;0;0;-3,745033000000000;-38,554975000000000
265634;14;8;2015;10:47;0;AV PERIMETRAL;;;0;;Colis?úo;Luz do Dia;;;Meio de Quadra;;;0;1;1;1;0;0;0;0;0;1;0;0;;
265690;14;8;2015;22:54;0;AV COS GOMES DE FREITAS (SAPIRANGA/COITE);;;0;;Colis?úo;;;;Meio de Quadra;;;0;1;0;0;0;0;0;0;0;0;0;0;;
265682;14;8;2015;20:47;0;RUA DES PRAXEDES;;;0;;Colis?úo;;;;Meio de Quadra;;;0;1;1;1;0;0;0;0;0;0;0;0;-3,757725000000000;-38,552358000000000
265683;14;8;2015;20:57;13402;AV ANTONIO SALES;RUA ILDEFONSO ALBANO;;0;;Colis?úo;;;;Cruz;N?úo H?í Controle;Comercial;0;1;0;0;0;0;0;0;0;0;0;0;-3,741238000000000;-38,515947000000000
265684;14;8;2015;21:29;0;AV GODOFREDO MACIEL;;;0;;Colis?úo;;;;Meio de Quadra;;;0;1;1;1;0;0;0;0;0;1;0;0;;
265660;14;8;2015;17:58;15701;RUA BRAS VIDAL;RUA GUILHERME PESSOA;;0;;Colis?úo;Anoitecer;;;Cruz;Pare;Residencial;0;1;1;1;0;0;0;0;0;1;0;0;-3,827579000000000;-38,484005000000000
265661;14;8;2015;18:13;10044;RUA EMILIO DE MENESES;RUA ANTONIO NERY;;0;;Colis?úo;Anoitecer;;;Cruz;Pare;Comercial;0;1;1;1;0;0;0;0;0;1;0;0;-3,778162000000000;-38,600204000000000
265664;14;8;2015;18:40;1322;AV DOM LUIS;RUA VICENTE LEITE;;0;;Colis?úo;;;;Cruz;Sem?íforo;Comercial;0;1;0;0;0;0;0;0;0;0;0;0;-3,734197000000000;-38,494467000000000
265665;14;8;2015;18:41;26236;RUA BERNARDO MANUEL;AV DR SILAS MUNGUBA;;0;;Atropelamento;;;;;;;0;1;1;0;0;0;0;0;0;1;0;0;-3,787538000000000;-38,547960000000000
265666;14;8;2015;18:51;0;RUA JOSE MESSIAS MATOS;;;0;;Atropelamento;;;;Meio de Quadra;;;0;1;1;0;0;0;0;0;0;1;0;0;-3,795833000000000;-38,516427000000000
265667;14;8;2015;20:14;0;RUA ARTUR DE CARVALHO;;;0;;Colis?úo;;;;Meio de Quadra;;;0;1;1;1;0;0;0;0;0;1;0;0;;
265657;14;8;2015;17:14;0;AV CARNEIRO DE MENDONCA;;;0;;Colis?úo;Anoitecer;;;Meio de Quadra;;;0;1;0;0;0;0;0;0;0;0;0;0;-3,759080000000000;-38,576717000000000
265654;14;8;2015;16:38;0;AV DIOGUINHO;;;0;;Colis?úo;Luz do Dia;;;Meio de Quadra;;;0;1;1;1;0;0;0;0;0;1;0;0;-3,747629000000000;-38,450047000000000
265652;14;8;2015;16:29;12872;RUA FLORIANO PEIXOTO;RUA JOAQUIM MAGALHAES;;0;;Colis?úo;Luz do Dia;;;Cruz;Pare;Residencial;0;1;1;1;0;0;0;0;0;1;0;0;-3,738958000000000;-38,530974000000000
259156;14;8;2015;10:20;0;RD BR 116;;;3000;KM-03;Capotamento;Luz do Dia;Bom;Seca;Meio de Quadra;N?úo H?í Controle;Comercial;0;1;0;1;0;0;0;0;0;0;0;0;-3,779838000000000;-38,514372000000000
264199;14;8;2015;12:26;0;RUA MARIA QUINTELA;;;0;;Colis?úo;Luz do Dia;;;Meio de Quadra;;;0;0;2;1;0;0;0;0;0;0;0;0;;
265192;14;8;2015;15:15;11069;RUA EQUADOR;RUA SUECIA;;0;;Colis?úo;Luz do Dia;;;Cruz;Pare;Residencial;0;0;1;1;0;0;0;0;0;0;0;0;-3,784449000000000;-38,557111000000000
255611;14;8;2015;17:30;24993;AV DOM MANUEL;RUA ROCHA LIMA;;0;;Colis?úo Traseira;Anoitecer;Bom;Seca;Cruz;Sem?íforo;Comercial;0;0;2;1;0;0;0;0;0;0;0;0;-3,735959000000000;-38,523587000000000
259523;14;8;2015;07:30;0;RD CE-040;;;0;KM-03;Colis?úo;Luz do Dia;;Seca;Meio de Quadra;;;0;0;2;1;0;0;0;0;0;0;0;0;-3,783185000000000;-38,481014000000000
259524;14;8;2015;22:30;0;AV SEN CARLOS JEREISSATI (AEROPORTO);;;0;KM 01;Colis?úo;;;Seca;Meio de Quadra;;;0;0;3;1;0;0;0;0;0;0;0;0;-3,783803000000000;-38,520356000000000
256020;14;8;2015;12:30;0;AV ALM HENRIQUE SABOIA;;;0;;Colis?úo Traseira;Luz do Dia;Bom;Seca;Meio de Quadra;N?úo H?í Controle;Comercial;0;1;1;1;0;0;1;0;0;0;0;0;;
255675;14;8;2015;18:00;26211;AV PRS COSTA E SILVA;RUA DO JANGADEIRO;;0;;Colis?úo Transversal;Via Iluminada;Bom;Seca;Cruz;Pare;Comercial;0;0;2;1;0;0;0;0;0;0;0;0;;
255672;14;8;2015;04:00;0;RUA NEREU RAMOS;;;456;;Choque c/ Obst?ículo Fixo;Amanhecer;Bom;Seca;Meio de Quadra;Outros;Residencial;0;1;0;1;0;0;0;0;0;0;0;0;-3,785724000000000;-38,570972000000000
255666;14;8;2015;12:15;25096;RUA RODRIGUES JUNIOR;RUA ROCHA LIMA;;0;;Colis?úo Transversal;Luz do Dia;Bom;Seca;Cruz;Pare;Residencial;0;0;2;1;1;0;0;0;0;0;0;0;-3,736320000000000;-38,522475000000000
255667;14;8;2015;12:00;5492;RUA DNA LEOPOLDINA;RUA JAGUARIBARA;;0;;Colis?úo Lateral;Luz do Dia;Bom;Seca;T;N?úo H?í Controle;Residencial;0;0;2;0;0;0;0;0;0;1;0;0;-3,737035000000000;-38,521544000000000
255668;14;8;2015;08:00;0;RUA PDE GUERRA;;;1268;;Colis?úo Lateral;Luz do Dia;Bom;Seca;Meio de Quadra;N?úo H?í Controle;Comercial;0;0;2;1;0;0;0;0;0;0;0;0;-3,738565000000000;-38,555874000000000
255669;14;8;2015;16:00;19317;RUA VENUS;RUA IGUAPE;;0;;Colis?úo Transversal;Luz do Dia;Bom;Seca;Cruz;Pare;Residencial;0;1;2;1;0;0;0;0;0;1;0;0;-3,775284000000000;-38,571076000000000
255670;14;8;2015;17:30;19009;RUA AVILA GOULART;RUA DES WALDETARIO P MOTA;;0;;Colis?úo Transversal;Anoitecer;Bom;Seca;Cruz;Sem?íforo;Residencial;0;0;2;1;0;0;0;0;0;0;0;0;-3,734478000000000;-38,479160000000000
255683;14;8;2015;05:45;5421;AV DUQ CAXIAS;AV VIS RIO BRANCO;;0;;Colis?úo Traseira;Luz do Dia;Bom;Seca;Cruz;Sem?íforo;Comercial;0;0;2;1;0;0;0;0;0;0;0;0;-3,733481000000000;-38,524603000000000
255677;14;8;2015;07:30;23710;AV GAL OSORIO DE PAIVA;RUA DOM HENRIQUE;;0;;Colis?úo Lateral;Luz do Dia;Nublado;Seca;Duplo T;Pare;Comercial;0;0;2;1;1;0;0;0;0;0;0;0;-3,786100000000000;-38,583025000000000
255680;14;8;2015;15:00;17908;AV SGT HERMINIO SAMPAIO;RUA BANVAR BEZERRA;;0;;Colis?úo Lateral;Luz do Dia;Bom;Seca;Cruz;Sem?íforo;Comercial;0;0;2;1;0;0;0;0;0;0;0;0;-3,731982000000000;-38,580411000000000
255681;14;8;2015;08:20;0;RUA BAR RIO BRANCO;;;1921;;Colis?úo Traseira;Luz do Dia;Bom;Seca;Meio de Quadra;;Comercial;0;0;2;1;0;0;0;0;0;0;0;0;-3,735001000000000;-38,530985000000000
255685;14;8;2015;12:30;7903;AV ANTONIO SALES;RUA CEL LINHARES;;0;;Engavetamento;Luz do Dia;Bom;Seca;Cruz;Pare;Comercial;0;0;3;1;0;0;0;0;0;0;0;0;-3,746964000000000;-38,497481000000000
255700;14;8;2015;10:00;10842;RUA PRO HERIBALDO COSTA;RUA CUIABA;;0;;Colis?úo Lateral;Luz do Dia;Bom;Seca;Cruz;Pare;Residencial;0;0;2;1;0;0;1;0;0;0;0;0;-3,764961000000000;-38,586471000000000
255688;14;8;2015;13:00;25006;RUA BENI DE CARVALHO;RUA LEONARDO MOTA;;0;;Colis?úo Transversal;Luz do Dia;Bom;Seca;Cruz;Sem?íforo;Residencial;0;0;2;1;0;0;0;0;0;0;0;0;-3,744739000000000;-38,498931000000000
255689;14;8;2015;07:05;10953;RUA ALM RUBIM;RUA DOM CARLOTO TAVORA;;0;;Engavetamento;Luz do Dia;Nublado;Seca;Cruz;Pare;Comercial;0;0;3;1;1;0;0;0;0;0;0;0;-3,769820000000000;-38,556269000000000
255656;14;8;2015;01:40;11738;AV LINEU MACHADO;RUA VIS CAUIPE;;0;;Choque c/ Obst?ículo Fixo;Via Iluminada;Nublado;Seca;Cruz;N?úo H?í Controle;Comercial;0;0;1;0;0;0;0;0;0;0;0;0;-3,774312000000000;-38,581269000000000
255662;14;8;2015;15:45;0;AV JOAO PESSOA;;;0;;Colis?úo Traseira;Luz do Dia;Bom;Seca;Meio de Quadra;Sem?íforo;Residencial;0;0;3;1;0;0;0;0;0;0;0;0;;
255651;14;8;2015;07:15;22009;RUA TIRADENTES;RUA FRANCISCA CLOTILDE;;0;;Colis?úo Transversal;Luz do Dia;Bom;Seca;Cruz;Pare;Comercial;0;0;2;1;0;0;0;0;0;0;0;0;-3,740470000000000;-38,550861000000000
255652;14;8;2015;18:20;0;RUA BERNARDO MANUEL;;;7941;;Atropelamento;Via Iluminada;Bom;Seca;Meio de Quadra;N?úo H?í Controle;Comercial;0;1;1;0;0;0;0;0;0;1;0;0;-3,788638000000000;-38,548344000000000
255653;14;8;2015;18:40;9153;AV 13 DE MAIO;RUA PAULA RODRIGUES;;0;;Colis?úo Lateral;Via Iluminada;Bom;Seca;T;Sem?íforo;Comercial;0;0;2;1;1;0;0;0;0;0;0;0;-3,752271000000000;-38,525876000000000
255720;14;8;2015;17:30;0;AV DOMINGOS OLIMPIO;;;1289;;Colis?úo Traseira;Anoitecer;Bom;Seca;Meio de Quadra;Sem?íforo;Comercial;0;0;3;1;0;0;0;0;0;0;0;0;-3,735303000000000;-38,535141000000000
255712;14;8;2015;19:45;0;RUA GAL CLARINDO DE QUEIROZ;;;1745;;Colis?úo Lateral;Via Iluminada;Bom;Seca;Meio de Quadra;N?úo H?í Controle;Comercial;0;0;2;0;0;0;1;0;0;0;0;0;-3,729972000000000;-38,538766000000000
255706;14;8;2015;09:30;17395;RUA ALBERTO MAGNO;RUA TEN MOACIR MATOS;;0;;Colis?úo Lateral;Luz do Dia;Bom;Seca;Cruz;Pare;Comercial;0;0;2;0;0;0;0;1;0;0;0;0;-3,767411000000000;-38,552117000000000
255736;14;8;2015;10:10;1472;RUA TIBURCIO CAVALCANTE;AV PDE ANTONIO TOMAS;;0;;Colis?úo Lateral;Luz do Dia;Bom;Seca;Cruz;Sem?íforo;Comercial;0;0;2;1;0;0;0;0;0;0;0;0;-3,738950000000000;-38,503547000000000
255729;14;8;2015;07:20;12533;AV CEL CARVALHO;RUA MARIA CLARA;;0;;Colis?úo Transversal;Luz do Dia;Bom;Seca;Cruz;Pare;Comercial;0;0;2;1;0;0;0;0;1;0;0;0;-3,725382000000000;-38,585818000000000