COD_ACIDENTE;DIA;MES;ANO;HORA;INTERSECAO;LOG1;LOG2;LOG3;NUMERO;REFERENCIA;NATUREZA;ILUMINACAO;TEMPO;SUPERFICIEPISTA;TIPOCRUZAMENTO;CONTROLETRAFEGO;USOSOLO;MORTOS;FERIDOS;ILESOS;AUTOMOVEL;ONIBUS;BICICLETA;CAMINHAO;MICROONIBUS;CICLOMOTOR;MOTOCICLETA;TRACAOANIMAL;TREM;LATITUDE;LONGITUDE
255724;14;8;2015;16:45;9055;AV VIS RIO BRANCO;RUA ARTHUR TEMOTEO;;0;;Colis?úo Lateral;Luz do Dia;Bom;Seca;Cruz;Pare;Comercial;0;0;2;1;0;0;0;0;0;0;0;0;-3,745349000000000;-38,522164000000000
255733;14;8;2015;10:40;5463;RUA DNA LEOPOLDINA;RUA BARBARA DE ALENCAR;;0;;Colis?úo Transversal;Luz do Dia;Bom;Seca;Cruz;Pare;Comercial;0;0;2;1;0;0;0;0;0;0;0;0;-3,735695000000000;-38,521102000000000
255739;15;8;2015;21:30;0;AV ENG SANTANA JUNIOR;;;0;;Colis?úo Lateral;Via Iluminada;Bom;Seca;Meio de Quadra;N?úo H?í Controle;Comercial;0;0;2;1;0;0;0;0;0;0;0;0;;
255735;15;8;2015;10:30;6817;RUA FRANCISCO MATOS;RUA BENTO ALBUQUERQUE;;0;;Colis?úo Transversal;Luz do Dia;Bom;Seca;Cruz;Pare;Residencial;0;1;1;1;1;0;0;0;0;0;0;0;-3,747862000000000;-38,470436000000000
255721;15;8;2015;06:30;25056;RUA ALM JACEGUAI;RUA PESSOA ANTA;;0;;Colis?úo Lateral;Amanhecer;Bom;Seca;Cruz;Sem?íforo;Comercial;0;0;2;1;1;0;0;0;0;0;0;0;-3,720749000000000;-38,519363000000000
259531;15;8;2015;15:15;0;RD CE-040;;;0;KM-07;Colis?úo;Luz do Dia;;Seca;Meio de Quadra;;;0;0;2;1;0;0;0;0;0;0;0;0;-3,817953000000000;-38,483160000000000
259532;15;8;2015;15:30;0;RD CE-040;;;0;KM-09;Colis?úo;Luz do Dia;;Seca;Meio de Quadra;;;0;0;2;1;0;0;0;0;0;0;0;0;-3,824774000000000;-38,481431000000000
265833;15;8;2015;22:42;21828;RUA DA MANGUEIRA;RUA DNA LUCIA PINHEIRO (QUINTINO CUNHA);;0;;Colis?úo;;;;;;;0;1;1;1;0;0;0;0;0;1;0;0;-3,731251000000000;-38,600628000000000
265840;15;8;2015;22:51;0;AV GAL OSORIO DE PAIVA;;;0;;Queda;;;;Meio de Quadra;;;0;1;0;0;0;0;0;0;0;1;0;0;;
265845;15;8;2015;23:20;12834;RUA ANTONIO POMPEU;RUA BAR RIO BRANCO;;0;;Colis?úo;;;;Cruz;Sem?íforo;Comercial;0;1;0;0;0;0;0;0;0;0;0;0;-3,734707000000000;-38,530891000000000
265843;15;8;2015;22:55;0;RD BR 116;;;0;;Queda;;;;Meio de Quadra;;;0;1;0;0;0;0;0;0;0;1;0;0;;
265197;15;8;2015;19:35;0;RUA VALPARAISO;;;0;;Colis?úo;;;;Meio de Quadra;;;0;2;0;1;0;0;0;0;0;1;0;0;-3,846389000000000;-38,519766000000000
255937;15;8;2015;14:30;0;AV PONTES VIEIRA;;;2889;;Colis?úo Traseira;Luz do Dia;Bom;Seca;Meio de Quadra;N?úo H?í Controle;Residencial;0;0;2;1;0;0;0;0;0;1;0;0;;
265692;15;8;2015;00:14;0;AV WASHINGTON SOARES;;;0;;Colis?úo;;;;Meio de Quadra;;;0;1;1;1;0;0;0;0;0;1;0;0;;
265697;15;8;2015;06:13;0;RUA SGT JOAO PINHEIRO;;;0;;Queda;Luz do Dia;;;Meio de Quadra;;;0;1;0;0;0;0;0;0;0;1;0;0;-3,779317000000000;-38,621821000000000
265705;15;8;2015;06:37;0;RUA VITAL BRASIL;;;0;;Colis?úo;Luz do Dia;;;Meio de Quadra;;;0;1;1;1;0;0;0;0;0;1;0;0;-3,778557000000000;-38,596074000000000
265729;15;8;2015;10:51;0;AV CEL CARVALHO;;;0;;Atropelamento;Luz do Dia;;;Meio de Quadra;;;0;1;1;0;0;0;0;0;0;1;0;0;-3,714838000000000;-38,588597000000000
265710;15;8;2015;09:24;0;RUA PALMACIA;;;0;;Colis?úo;Luz do Dia;;;Meio de Quadra;;;0;1;1;0;0;0;1;0;0;1;0;0;;
265708;15;8;2015;07:16;0;RUA DOM QUINTINO;;;0;;Colis?úo;Luz do Dia;;;Meio de Quadra;;;0;1;1;1;0;0;0;0;0;1;0;0;-3,711091000000000;-38,554521000000000
265765;15;8;2015;21:30;0;RUA WALDERY UCHOA;;;0;;Colis?úo;;;;Meio de Quadra;;;0;1;1;1;0;0;0;0;0;1;0;0;;
265766;15;8;2015;22:31;0;RUA PRO HERIBALDO COSTA;;;0;;Colis?úo;;;;Meio de Quadra;;;0;1;1;0;0;0;0;0;0;1;0;0;;
265763;15;8;2015;19:48;0;AV HIS RAIMUNDO GIRAO;;;0;;Atropelamento;;;;Meio de Quadra;;;0;1;1;1;0;0;0;0;0;0;0;0;;
265761;15;8;2015;18:06;0;RUA CAP HUGO BEZERRA;;;0;;Atropelamento;Anoitecer;;;Meio de Quadra;;;0;1;1;1;0;0;0;0;0;0;0;0;-3,821105000000000;-38,505276000000000
265758;15;8;2015;16:23;0;RUA VALPARAISO;;;0;;Colis?úo;Luz do Dia;;;Meio de Quadra;;;0;1;1;1;0;0;0;0;0;1;0;0;-3,846389000000000;-38,519766000000000
265759;15;8;2015;16:30;0;AV BORGES DE MELO;;;0;;Colis?úo;Luz do Dia;;;Meio de Quadra;;;0;1;1;1;0;0;0;0;0;1;0;0;-3,760226000000000;-38,529645000000000
265756;15;8;2015;16:03;0;RUA BARRA NOVA;;;0;;Colis?úo;Luz do Dia;;;Meio de Quadra;;;0;1;1;1;0;0;0;0;0;1;0;0;-3,784905000000000;-38,505704000000000
265754;15;8;2015;15:56;1490;RUA CEL JUCA;RUA DES LEITE ALBUQUERQUE;;0;;Colis?úo;Luz do Dia;;;Cruz;Pare;Misto;0;1;1;0;0;0;0;0;0;1;0;0;-3,739434000000000;-38,491875000000000
265751;15;8;2015;15:12;0;RUA BILL CARTAXO;;;0;;Colis?úo;Luz do Dia;;;Meio de Quadra;;;0;1;0;1;0;0;0;0;0;0;0;0;;
265747;15;8;2015;14:56;0;AV PERIMETRAL;;;0;;Atropelamento;Luz do Dia;;;Meio de Quadra;;;0;1;1;0;0;0;0;0;0;1;0;0;;
265740;15;8;2015;14:38;0;RUA BENTO ALBUQUERQUE;;;0;;Queda;Luz do Dia;;;Meio de Quadra;;;0;1;0;0;0;1;0;0;0;0;0;0;;
265738;15;8;2015;14:10;17410;RUA PRO TEODORICO;RUA ALM RUBIM;;0;;Colis?úo;Luz do Dia;;;Cruz;Pare;Residencial;0;1;0;0;0;0;0;0;0;0;0;0;-3,767984000000000;-38,555605000000000
265735;15;8;2015;13:14;0;AV CEL CARVALHO;;;0;;Colis?úo;Luz do Dia;;;Meio de Quadra;;;0;1;1;1;0;0;0;0;0;1;0;0;;
265736;15;8;2015;13:34;0;AV BENJAMIM BRASIL;;;0;;Colis?úo;Luz do Dia;;;Meio de Quadra;;;0;1;1;1;0;0;0;0;0;1;0;0;-3,805505000000000;-38,564956000000000
265733;15;8;2015;11:06;0;AV GODOFREDO MACIEL;;;0;;Colis?úo;Luz do Dia;;;Meio de Quadra;;;0;1;1;1;0;0;0;0;0;1;0;0;-3,831792000000000;-38,581228000000000
265731;15;8;2015;11:03;0;RUA NOVA CONQUISTA (BONSUCESSO);;;0;;Colis?úo;Luz do Dia;;;Meio de Quadra;;;0;1;1;1;0;0;0;0;0;1;0;0;-3,786680000000000;-38,628873000000000
265722;15;8;2015;10:12;0;RUA VICENTE LUIS ROCHA (QUNTINO CUNHA);;;0;;Atropelamento;Luz do Dia;;;Meio de Quadra;;;0;1;1;1;0;0;0;0;0;0;0;0;;
265723;15;8;2015;10:25;6817;RUA BENTO ALBUQUERQUE;RUA FRANCISCO MATOS;;0;;Colis?úo;Luz do Dia;;;Cruz;Pare;Residencial;0;1;0;1;1;0;0;0;0;0;0;0;-3,747862000000000;-38,470436000000000
255748;15;8;2015;13:00;8933;AV DOMINGOS OLIMPIO;RUA RUBIA SAMPAIO;;0;;Colis?úo Lateral;Luz do Dia;Bom;Seca;Cruz;Pare;Residencial;0;0;2;1;0;0;0;0;0;0;0;0;-3,733409000000000;-38,541015000000000
255745;15;8;2015;14:45;0;RUA MOREIRA DA ROCHA;;;0;;Colis?úo Transversal;Luz do Dia;Bom;Seca;Meio de Quadra;Pare;Residencial;0;0;2;1;0;0;0;0;0;0;0;0;;
255753;15;8;2015;14:00;0;AV CEL CARVALHO;;;1423;;Colis?úo Lateral;Luz do Dia;Bom;Seca;Meio de Quadra;N?úo H?í Controle;Comercial;0;1;1;1;0;0;0;0;0;1;0;0;-3,715188000000000;-38,588514000000000
255762;15;8;2015;04:49;0;AV GAL OSORIO DE PAIVA;;;2309;;Colis?úo Frontal;Amanhecer;Bom;Seca;Meio de Quadra;Outros;Comercial;1;1;1;0;0;0;0;0;1;1;0;0;-3,785987000000000;-38,582846000000000
255766;15;8;2015;07:45;0;RUA JOAO AMORA;;;1151;;Colis?úo Lateral;Luz do Dia;Bom;Seca;Meio de Quadra;Outros;Residencial;0;0;3;1;0;0;0;0;0;0;0;0;-3,799694000000000;-38,584252000000000
255812;15;8;2015;13:30;22710;RUA EUCLIDES O DE SOUSA;RUA ANTONIO GENTIL;;0;;Colis?úo Transversal;Luz do Dia;Bom;;Cruz;;Residencial;0;0;2;1;0;0;0;0;0;0;0;0;-3,797228000000000;-38,467913000000000
255807;15;8;2015;15:00;22297;AV BEZERRA DE MENEZES;RUA PDE ANCHIETA;;0;;Colis?úo Traseira;Luz do Dia;Bom;Seca;Cruz;Sem?íforo;Comercial;0;0;2;1;0;0;0;0;0;0;0;0;-3,733155000000000;-38,552298000000000
255818;15;8;2015;05:30;0;RUA MAL DEODORO;;;651;;Colis?úo Traseira;Via Iluminada;Bom;Seca;Meio de Quadra;N?úo H?í Controle;Residencial;0;2;1;1;0;0;0;0;0;1;0;0;-3,741323000000000;-38,535784000000000
255796;15;8;2015;16:20;0;RUA WALDIR DIOGO;;;1051;;Colis?úo Lateral;Luz do Dia;Bom;Seca;Meio de Quadra;Outros;Residencial;0;0;2;1;1;0;0;0;0;0;0;0;-3,803009000000000;-38,587477000000000
255799;15;8;2015;10:00;13426;RUA CARLOS VASCONCELOS;RUA JOAQUIM TORRES;;0;;Colis?úo Lateral;Luz do Dia;Bom;Seca;Cruz;Pare;Comercial;0;0;2;1;0;0;0;0;0;0;0;0;-3,742376000000000;-38,513870000000000
255802;15;8;2015;05:15;0;RUA CAMOCIM;;;0;;;Amanhecer;Bom;Seca;Meio de Quadra;Gesto;Comercial;0;0;2;1;0;0;0;0;0;0;0;0;;
264288;15;8;2015;22:56;0;RUA JOAO SORONGO;;;0;;Colis?úo;;;;Meio de Quadra;;;0;0;2;1;0;0;0;1;0;0;0;0;;
270296;15;8;2015;08:40;0;AV D CJ CEARA;;;0;;Colis?úo;Luz do Dia;;;Meio de Quadra;;;0;0;2;0;0;0;0;0;0;0;0;0;;
270297;15;8;2015;07:31;154;RUA ANARIO BRAGA;RUA TOMAS RODRIGUES;;0;;Colis?úo;Luz do Dia;;;Cruz;Pare;Residencial;0;0;2;0;0;0;0;0;0;0;0;0;-3,736531000000000;-38,594415000000000
270300;15;8;2015;07:31;2328;AV CEL CARVALHO;AV FRANCISCO SA;;0;;Choque c/ Obst?ículo Fixo;Luz do Dia;;;Cruz;Pare;Comercial;0;0;1;0;0;0;0;0;0;0;0;0;-3,703499000000000;-38,591542000000000
270302;15;8;2015;07:10;5031;RUA PESSOA ANTA;AV ALM BARROSO;;0;;Colis?úo;Luz do Dia;;;;;;0;0;2;0;0;0;0;0;0;0;0;0;-3,720821000000000;-38,519885000000000
270303;15;8;2015;09:42;0;RUA PALMACIA;;;0;;Atropelamento;Luz do Dia;;;Meio de Quadra;;;0;0;2;0;0;0;0;0;0;0;0;0;;
270293;15;8;2015;06:34;0;RUA SGT JOAO PINHEIRO;;;0;;Colis?úo;Luz do Dia;;;Meio de Quadra;;;0;0;2;0;0;0;0;0;0;0;0;0;;
270290;15;8;2015;06:28;15320;RUA ANA BILHAR;RUA CEL LINHARES;;0;;Colis?úo;Luz do Dia;;;Cruz;Pare;Residencial;0;0;2;0;0;0;0;0;0;0;0;0;-3,730568000000000;-38,492228000000000
270283;15;8;2015;05:39;0;AV BENJAMIM BRASIL;;;0;;Choque c/ Obst?ículo Fixo;Amanhecer;;;Meio de Quadra;;;0;0;1;0;0;0;0;0;0;0;0;0;;
270336;15;8;2015;17:10;14843;RUA 08 UI 509;RUA 06 UI 509;;0;;Colis?úo;Anoitecer;;;;;;0;0;2;0;0;0;0;0;0;0;0;0;-3,805708000000000;-38,591701000000000
270337;15;8;2015;17:11;0;RUA SULAMITA PORTELA;;;0;;Colis?úo;Anoitecer;;;Meio de Quadra;;;0;0;2;0;0;0;0;0;0;0;0;0;;
270339;15;8;2015;18:04;0;RUA EDUARDO PORTO;;;0;;Atropelamento;Anoitecer;;;Meio de Quadra;;;0;0;2;0;0;0;0;0;0;0;0;0;;
270341;15;8;2015;18:06;0;RUA JAMACARU;;;0;;Choque c/ Obst?ículo Fixo;Anoitecer;;;Meio de Quadra;;;0;0;1;0;0;0;0;0;0;0;0;0;;
270327;15;8;2015;15:31;0;RUA TEN BENEVOLO;;;0;;Colis?úo;Luz do Dia;;;Meio de Quadra;;;0;0;2;0;0;0;0;0;0;0;0;0;;
270329;15;8;2015;16:31;0;RUA VALPARAISO;;;0;;Capotamento;Luz do Dia;;;Meio de Quadra;;;0;0;1;0;0;0;0;0;0;0;0;0;;
270330;15;8;2015;16:45;25815;RUA 13 DE ABRIL;RUA ENG EDMUNDO ALMEIDA FILHO;;0;;Colis?úo;Luz do Dia;;;T;N?úo H?í Controle;Misto;0;0;2;0;0;0;0;0;0;0;0;0;-3,764695000000000;-38,530522000000000
270332;15;8;2015;16:55;0;RUA CEREJEIRAS;;;0;;Colis?úo;Luz do Dia;;;Meio de Quadra;;;0;0;2;0;0;0;0;0;0;0;0;0;;
270333;15;8;2015;17:03;0;RUA PRO CARVALHO;;;0;;Colis?úo;Anoitecer;;;Meio de Quadra;;;0;0;2;0;0;0;0;0;0;0;0;0;;
270334;15;8;2015;17:06;16281;RUA ANTONIO PEREIRA;RUA ANTONIO BARBOSA;;0;;Colis?úo;Anoitecer;;;Cruz;Pare;Residencial;0;0;2;0;0;0;0;0;0;0;0;0;-3,832952000000000;-38,565289000000000
270318;15;8;2015;12:00;0;AV EDILSON B SOARES;;;0;;Colis?úo;Luz do Dia;;;Meio de Quadra;;;0;0;2;0;0;0;0;0;0;0;0;0;;
270323;15;8;2015;12:55;0;AV A CJ CEARA;;;0;;Colis?úo;Luz do Dia;;;Meio de Quadra;;;0;0;2;0;0;0;0;0;0;0;0;0;;
270324;15;8;2015;14:48;14799;RUA STA LIDUINA D42;RUA CREUSA ROQUE;;0;;Atropelamento;Luz do Dia;;;Cruz;;Residencial;0;0;2;0;0;0;0;0;0;0;0;0;-3,800585000000000;-38,585140000000000
270325;15;8;2015;14:50;17410;RUA PRO TEODORICO;RUA ALM RUBIM;;0;;Colis?úo;Luz do Dia;;;Cruz;Pare;Residencial;0;0;2;0;0;0;0;0;0;0;0;0;-3,767984000000000;-38,555605000000000
270307;15;8;2015;09:44;12699;AV CEL CARVALHO;AV MAJ ASSIS;;0;;Atropelamento;Luz do Dia;;;Cruz;Sem?íforo;Residencial;0;0;2;0;0;0;0;0;0;0;0;0;-3,723796000000000;-38,586255000000000
270312;15;8;2015;11:31;0;RUA NOVA CONQUISTA (BONSUCESSO);;;0;;Colis?úo;Luz do Dia;;;Meio de Quadra;;;0;0;2;0;0;0;0;0;0;0;0;0;;
270314;15;8;2015;11:33;17421;AV PRO GOMES DE MATOS;RUA TRES MARIAS D39 (MONTESE);;0;;Choque c/ Obst?ículo Fixo;Luz do Dia;;;;;;0;0;2;0;0;0;0;0;0;0;0;0;-3,768334000000000;-38,551793000000000
270344;15;8;2015;18:33;0;RUA LUIS VIEIRA;;;0;;Colis?úo;;;;Meio de Quadra;;;0;0;2;0;0;0;0;0;0;0;0;0;;
270346;15;8;2015;20:06;0;AV PRO JOSE ARTHUR CARVALHO;;;0;;Colis?úo;;;;Meio de Quadra;;;0;0;2;0;0;0;0;0;0;0;0;0;;
270320;15;8;2015;12:23;0;AV CASTELO DE CASTRO;;;0;;Colis?úo;Luz do Dia;;;Meio de Quadra;;;0;0;2;0;0;0;0;0;0;0;0;0;;
270349;15;8;2015;20:32;0;AV SORIANO ALBUQUERQUE;;;0;;Colis?úo;;;;Meio de Quadra;;;0;0;2;0;0;0;0;0;0;0;0;0;;
270351;15;8;2015;21:38;3789;AV 13 DE MAIO;RUA WALDERY UCHOA;;0;;Colis?úo;;;;Cruz;Pare;Comercial;0;0;2;0;0;0;0;0;0;0;0;0;-3,742399000000000;-38,537427000000000
270353;15;8;2015;21:39;0;AV N CJ JOSE WALTER;;;0;;Colis?úo;;;;Meio de Quadra;;;0;0;2;0;0;0;0;0;0;0;0;0;;
270355;15;8;2015;22:11;0;RUA RAIMUNDO BIZARRIA;;;0;;Colis?úo;;;;Meio de Quadra;;;0;0;2;0;0;0;0;0;0;0;0;0;;
270358;15;8;2015;22:39;0;RUA FRANCISCA CLOTILDE;;;0;;Colis?úo;;;;Meio de Quadra;;;0;0;2;0;0;0;0;0;0;0;0;0;;
270359;16;8;2015;00:29;0;RUA DNA LUCIA PINHEIRO (QUINTINO CUNHA);;;0;;Colis?úo;;;;Meio de Quadra;;;0;0;2;0;0;0;0;0;0;0;0;0;;
270377;16;8;2015;11:02;15788;RUA PERGENTINO MAIA;RUA PDE PEDRO DE ALENCAR;;0;;Colis?úo;Luz do Dia;;;Cruz;Pare;Comercial;0;0;2;0;0;0;0;0;0;0;0;0;-3,830714000000000;-38,493889000000000
270369;16;8;2015;06:55;21022;RUA ALAGOAS;RUA CASTELO DE CASTRO (PICI);;0;;Colis?úo;Luz do Dia;;;;;;0;0;2;0;0;0;0;0;0;0;0;0;-3,751251000000000;-38,578961000000000
270371;16;8;2015;07:41;0;RUA ALBERTO MAGNO;;;0;;Choque c/ Obst?ículo Fixo;Luz do Dia;;;Meio de Quadra;;;0;0;1;0;0;0;0;0;0;0;0;0;;
270372;16;8;2015;08:31;5215;RUA PDE MORORO;RUA PEDRO PEREIRA;;0;;Colis?úo;Luz do Dia;;;Cruz;Sem?íforo;Comercial;0;0;2;0;0;0;0;0;0;0;0;0;-3,726667000000000;-38,537843000000000
270363;16;8;2015;00:46;9237;RUA DR RATISBONA;AV EDUARDO GIRAO;;0;;Colis?úo;;;;T;Pare;Misto;0;0;2;0;0;0;0;0;0;0;0;0;-3,754825000000000;-38,530274000000000
270365;16;8;2015;00:51;7430;RUA COS ARAUJO LIMA;RUA ELESBAO VELOSO;;0;;Colis?úo;;;;;;;0;0;2;0;0;0;0;0;0;0;0;0;-3,749403000000000;-38,591361000000000
270366;16;8;2015;06:19;0;RUA PEDRO DANTAS;;;0;;Colis?úo;Luz do Dia;;;Meio de Quadra;;;0;0;2;0;0;0;0;0;0;0;0;0;;
270374;16;8;2015;08:43;0;AV CEL CARVALHO;;;0;;Colis?úo;Luz do Dia;;;Meio de Quadra;;;0;0;2;0;0;0;0;0;0;0;0;0;;
270379;16;8;2015;11:03;0;RUA SGT BARBOSA;;;0;;Colis?úo;Luz do Dia;;;Meio de Quadra;;;0;0;2;0;0;0;0;0;0;0;0;0;;
270382;16;8;2015;12:12;0;RUA FRE MARCELINO;;;0;;Atropelamento;Luz do Dia;;;Meio de Quadra;;;0;0;2;0;0;0;0;0;0;0;0;0;;
270384;16;8;2015;12:15;0;AV PERIMETRAL;;;0;;Colis?úo;Luz do Dia;;;Meio de Quadra;;;0;0;2;0;0;0;0;0;0;0;0;0;;
270386;16;8;2015;12:49;0;AV GAL OSORIO DE PAIVA;;;0;;Choque c/ Obst?ículo Fixo;Luz do Dia;;;Meio de Quadra;;;0;0;1;0;0;0;0;0;0;0;0;0;;
270395;16;8;2015;16:44;13036;RUA 26 CJ JOSE WALTER;RUA 47 CJ JOSE WALTER;;0;;Colis?úo;Luz do Dia;;;;;;0;0;2;0;0;0;0;0;0;0;0;0;-3,826387000000000;-38,554747000000000
270396;16;8;2015;16:52;0;RUA PRO JOSE HENRIQUE;;;0;;Atropelamento;Luz do Dia;;;Meio de Quadra;;;0;0;2;0;0;0;0;0;0;0;0;0;;
270397;16;8;2015;17:01;0;RUA FRANCISCO L DA SILVA;;;0;;Colis?úo;Anoitecer;;;Meio de Quadra;;;0;0;2;0;0;0;0;0;0;0;0;0;;
270398;16;8;2015;17:11;5758;AV OLIVEIRA PAIVA;RUA VALTER DE CASTRO;;0;;Colis?úo;Anoitecer;;;T;Pare;Comercial;0;0;2;0;0;0;0;0;0;0;0;0;-3,795578000000000;-38,493446000000000
270388;16;8;2015;13:20;0;RUA 2 DE ABRIL;;;0;;Colis?úo;Luz do Dia;;;Meio de Quadra;;;0;0;2;0;0;0;0;0;0;0;0;0;;
270389;16;8;2015;13:21;9518;RUA RAIMUNDO BIZARRIA;RUA NASSAU;;0;;Colis?úo;Luz do Dia;;;T;Pare;Residencial;0;0;2;0;0;0;0;0;0;0;0;0;-3,728898000000000;-38,580404000000000
270391;16;8;2015;14:08;0;RUA FAUSTO CABRAL;;;0;;Colis?úo;Luz do Dia;;;Meio de Quadra;;;0;0;2;0;0;0;0;0;0;0;0;0;;
270393;16;8;2015;15:54;13426;RUA JOAQUIM TORRES;RUA CARLOS VASCONCELOS;;0;;Colis?úo;Luz do Dia;;;Cruz;Pare;Comercial;0;0;2;0;0;0;0;0;0;0;0;0;-3,742376000000000;-38,513870000000000
264289;16;8;2015;00:37;12807;RUA ANA NERY;RUA ALBERTO MAGNO;;0;;Colis?úo;;;;Cruz;Sem?íforo;Residencial;0;0;2;1;0;0;0;0;0;0;0;0;-3,754704000000000;-38,541058000000000
264291;16;8;2015;21:35;0;AV RUI BARBOSA;;;0;;Colis?úo;;;;Meio de Quadra;;;0;0;2;1;0;0;0;0;0;0;0;0;;
255771;16;8;2015;19:00;9170;AV EDUARDO GIRAO;RUA GAL SILVA JUNIOR;;0;;Colis?úo Traseira;Via Iluminada;Bom;Seca;Cruz;Sem?íforo;Comercial;0;0;1;1;0;0;0;0;0;0;0;0;-3,754309000000000;-38,530785000000000
255768;16;8;2015;16:45;1480;RUA EDUARDO GARCIA;RUA VICENTE LEITE;;0;;Colis?úo Transversal;Luz do Dia;Bom;Seca;Cruz;Pare;Escola;0;0;2;1;0;0;0;0;0;0;0;0;-3,739155000000000;-38,496056000000000
255773;16;8;2015;21:05;25269;AV DOS EXPEDICIONARIOS;RUA CEL AMANCIO CAVALCANTE;;0;;Colis?úo Lateral;Via Iluminada;Bom;Seca;T;Pare;Misto;0;0;2;1;0;0;0;0;0;1;0;0;-3,755998000000000;-38,538468000000000
255765;16;8;2015;13:00;0;AV SEN FERNANDES TAVORA;;;2438;;Choque c/ Obst?ículo Fixo;Luz do Dia;Bom;Seca;Meio de Quadra;N?úo H?í Controle;Residencial;0;0;2;1;0;0;0;0;0;1;0;0;-3,755781000000000;-38,594749000000000
255756;16;8;2015;13:10;0;AV AGUANAMBI;;;0;ROTAT?ôRIA;Colis?úo Traseira;Luz do Dia;Bom;Seca;Meio de Quadra;N?úo H?í Controle;Escola;0;1;1;1;0;0;0;0;0;1;0;0;-3,755538000000000;-38,523043000000000
255754;16;8;2015;15:40;15136;AV MON TABOSA;RUA ANTONIO AUGUSTO;;0;;Colis?úo Traseira;Luz do Dia;Bom;Seca;Cruz;Pare;Comercial;0;0;3;1;0;0;0;0;0;0;0;0;-3,724092000000000;-38,511469000000000
255751;16;8;2015;18:00;0;AV DR SILAS MUNGUBA;;;3723;;Colis?úo Transversal;N?úo Iluminada;Bom;Seca;Meio de Quadra;Sem?íforo;Comercial;0;0;2;1;0;0;0;0;0;0;0;0;-3,790272000000000;-38,540645000000000
255746;16;8;2015;07:30;5462;RUA SOLON PINHEIRO;RUA ANTONIO POMPEU;;0;;Colis?úo Traseira;Luz do Dia;Bom;Seca;Cruz;Sem?íforo;Comercial;0;1;1;1;0;0;0;0;0;1;0;0;-3,735609000000000;-38,528028000000000
259157;16;8;2015;15:50;0;RD BR 116;;;5000;KM-05;Queda;Luz do Dia;Bom;Seca;Meio de Quadra;N?úo H?í Controle;Comercial;0;1;0;0;0;0;0;0;0;1;0;0;-3,796502000000000;-38,506787000000000
270403;16;8;2015;18:51;0;AV SEN FERNANDES TAVORA;;;0;;Colis?úo;;;;Meio de Quadra;;;0;0;2;0;0;0;0;0;0;0;0;0;;
270404;16;8;2015;21:15;0;AV ENG SANTANA JUNIOR;;;0;;Colis?úo;;;;Meio de Quadra;;;0;0;2;0;0;0;0;0;0;0;0;0;;
270405;16;8;2015;21:41;0;AV GAL OSORIO DE PAIVA;;;0;;Colis?úo;;;;Meio de Quadra;;;0;0;2;0;0;0;0;0;0;0;0;0;;
270406;16;8;2015;21:46;0;RUA 212 CJ SAO CRISTOVAO;;;0;;Colis?úo;;;;Meio de Quadra;;;0;0;2;0;0;0;0;0;0;0;0;0;;
270399;16;8;2015;17:33;0;RUA MANUEL CASTELO BRANCO;;;0;;Colis?úo;Anoitecer;;;Meio de Quadra;;;0;0;2;0;0;0;0;0;0;0;0;0;;
265848;16;8;2015;00:22;0;RUA ELESBAO VELOSO;;;0;;Colis?úo;;;;Meio de Quadra;;;0;1;1;1;0;0;0;0;0;1;0;0;;
265857;16;8;2015;06:56;0;RUA ALAGOAS;;;0;;Colis?úo;Luz do Dia;;;Meio de Quadra;;;0;1;1;1;0;0;0;0;0;1;0;0;-3,751318000000000;-38,578886000000000
265864;16;8;2015;08:21;0;RUA SGT JOAO PINHEIRO;;;0;;Colis?úo;Luz do Dia;;;Meio de Quadra;;;0;1;1;0;0;0;0;0;0;1;0;0;-3,786002000000000;-38,623679000000000
265868;16;8;2015;11:35;0;AV HEROIS DO ACRE;;;0;;Atropelamento;Luz do Dia;;;Meio de Quadra;;;0;1;1;1;0;0;0;0;0;0;0;0;-3,803173000000000;-38,535105000000000
265869;16;8;2015;11:54;0;RUA LUIS VIEIRA;;;0;;Queda;Luz do Dia;;;Meio de Quadra;;;0;1;0;0;0;0;0;0;0;1;0;0;-3,794300000000000;-38,587283000000000
265870;16;8;2015;12:47;0;AV MAE LISBOA;;;0;;Queda;Luz do Dia;;;Meio de Quadra;;;0;1;0;0;0;0;0;0;0;1;0;0;;
265866;16;8;2015;10:45;0;RUA PERGENTINO MAIA;;;0;;Colis?úo;Luz do Dia;;;Meio de Quadra;;;0;1;1;1;0;0;0;0;0;1;0;0;-3,832171000000000;-38,483557000000000
265872;16;8;2015;13:33;0;AV PRO JOSE ARTHUR CARVALHO;;;0;;Queda;Luz do Dia;;;Meio de Quadra;;;0;1;0;0;0;0;0;0;0;1;0;0;-3,825340000000000;-38,462348000000000
265895;16;8;2015;18:44;12635;RUA OTAVIO PARANHOS;RUA ABELARDO FERREIRA;;0;;Atropelamento;;;;Cruz;N?úo H?í Controle;Residencial;0;1;1;0;0;0;0;0;0;1;0;0;-3,719247000000000;-38,585812000000000
265891;16;8;2015;16:34;0;RUA PRO JOSE HENRIQUE;;;0;;Queda;Luz do Dia;;;Meio de Quadra;;;0;1;0;0;0;0;0;0;0;1;0;0;-3,830131000000000;-38,483817000000000
265914;16;8;2015;19:04;0;AV ODILON GUIMARAES;;;0;;Colis?úo;;;;Meio de Quadra;;;0;1;1;1;0;0;0;0;0;1;0;0;-3,825962000000000;-38,479753000000000
265915;16;8;2015;20:13;0;AV FRE CIRILO;;;0;;Atropelamento;;;;Meio de Quadra;;;0;1;1;0;0;0;0;0;0;1;0;0;;
265917;16;8;2015;20:29;0;RUA CEL MATOS DOURADO;;;0;;Colis?úo;;;;Meio de Quadra;;;0;1;0;0;0;0;0;0;0;0;0;0;-3,745012000000000;-38,584869000000000
265918;16;8;2015;21:17;11644;RUA PRO HERIBALDO COSTA;RUA CHUI;;0;;Colis?úo;;;;Outros;N?úo H?í Controle;Outros;0;1;1;1;0;0;0;0;0;1;0;0;-3,768978000000000;-38,588544000000000