COD_ACIDENTE;DIA;MES;ANO;HORA;INTERSECAO;LOG1;LOG2;LOG3;NUMERO;REFERENCIA;NATUREZA;ILUMINACAO;TEMPO;SUPERFICIEPISTA;TIPOCRUZAMENTO;CONTROLETRAFEGO;USOSOLO;MORTOS;FERIDOS;ILESOS;AUTOMOVEL;ONIBUS;BICICLETA;CAMINHAO;MICROONIBUS;CICLOMOTOR;MOTOCICLETA;TRACAOANIMAL;TREM;LATITUDE;LONGITUDE
265919;16;8;2015;21:17;0;RUA DR JUSTA ARAUJO D45;;;0;;Queda;;;;Meio de Quadra;;;0;1;0;0;0;0;0;0;0;1;0;0;-3,780395000000000;-38,551734000000000
265921;16;8;2015;21:25;0;RUA CARLOS AMORA;;;0;;;;;;Meio de Quadra;;;0;1;1;1;0;0;0;0;0;1;0;0;;
255737;16;8;2015;15:00;12375;RUA ARARIPE MACEDO;RUA RIBEIRO JUNIOR;;0;;Colis?úo Transversal;Mal Iluminada;Bom;Seca;Cruz;N?úo H?í Controle;Residencial;0;2;0;1;0;0;0;0;0;1;0;0;-3,772916000000000;-38,576343000000000
255730;16;8;2015;09:55;6760;AV ENG SANTANA JUNIOR;RUA GAL TERTULIANO POTYGUARA;;0;;Colis?úo Transversal;Luz do Dia;Bom;Seca;T;Pare;Comercial;0;0;2;1;0;0;0;0;0;0;0;0;-3,746669000000000;-38,489463000000000
255732;16;8;2015;13:15;17941;RUA DRACON BARRETO;RUA BALDUINO FREIRE;;0;;Colis?úo Transversal;Luz do Dia;Bom;Seca;Cruz;N?úo H?í Controle;Residencial;0;1;1;1;0;0;0;0;1;0;0;0;-3,734461000000000;-38,579080000000000
255725;16;8;2015;11:00;7818;RUA TIBURCIO CAVALCANTE;RUA FRANCISCO HOLANDA;;0;;Colis?úo Transversal;Luz do Dia;Bom;Seca;Cruz;Pare;Residencial;0;1;1;1;0;0;0;0;0;1;0;0;-3,748090000000000;-38,506474000000000
255717;16;8;2015;07:00;6737;AV PDE ANTONIO TOMAS;AV ENG SANTANA JUNIOR;;0;;Colis?úo Transversal;Luz do Dia;Bom;Seca;Cruz;Sem?íforo;Residencial;0;1;1;1;0;0;0;0;0;1;0;0;-3,743981000000000;-38,488012000000000
255741;16;8;2015;16:45;0;RUA HOMEM DE MELO;;;467;;Atropelamento;Luz do Dia;Bom;Seca;Meio de Quadra;N?úo H?í Controle;Residencial;1;1;0;0;0;0;0;0;0;1;0;0;-3,815544000000000;-38,494292000000000
255742;17;8;2015;18:00;0;AV PRS CASTELO BRANCO;;;0;;Colis?úo Traseira;Via Iluminada;Bom;Seca;Meio de Quadra;N?úo H?í Controle;Comercial;0;0;2;1;0;0;0;0;0;1;0;0;;
255728;17;8;2015;08:30;15172;AV BEIRA MAR;RUA JULIO IBIAPINA;;0;;Colis?úo Traseira;Luz do Dia;Bom;Seca;T;;Residencial;0;0;2;1;0;0;0;0;0;0;0;0;-3,725637000000000;-38,491503000000000
265923;17;8;2015;00:29;0;RUA POMPILIO GOMES;;;0;;Colis?úo;;;;Meio de Quadra;;;0;1;0;0;0;0;0;0;0;0;0;0;;
265927;17;8;2015;04:06;0;RUA CARLOS JUACABA;;;0;;Queda;;;;Meio de Quadra;;;0;1;0;0;0;0;0;0;0;1;0;0;;
265930;17;8;2015;06:11;0;AV MIN JOSE AMERICO;;;0;;Colis?úo;Luz do Dia;;;Meio de Quadra;;;0;1;1;1;0;0;0;0;0;1;0;0;;
265931;17;8;2015;06:19;0;AV EDILSON B SOARES;;;0;;Atropelamento;Luz do Dia;;;Meio de Quadra;;;0;1;1;0;0;0;0;0;0;1;0;0;-3,788335000000000;-38,467584000000000
265936;17;8;2015;07:18;0;RUA VITORIA;;;0;;Atropelamento;Luz do Dia;;;Meio de Quadra;;;0;1;1;1;0;0;0;0;0;0;0;0;;
265937;17;8;2015;09:32;0;AV PRS CASTELO BRANCO;;;0;;Colis?úo;Luz do Dia;;;Meio de Quadra;;;0;1;1;1;0;0;0;0;0;1;0;0;;
265943;17;8;2015;09:49;0;RUA DAS PEDRINHAS;;;0;;Colis?úo;Luz do Dia;;;Meio de Quadra;;;0;1;1;1;0;0;0;0;0;1;0;0;-3,761313000000000;-38,599994000000000
265945;17;8;2015;10:36;0;AV SEN FERNANDES TAVORA;;;0;;Colis?úo;Luz do Dia;;;Meio de Quadra;;;0;1;1;1;0;0;0;0;0;1;0;0;-3,755300000000000;-38,597339000000000
265949;17;8;2015;15:28;0;RUA BAR AQUIRAZ;;;0;;Atropelamento;Luz do Dia;;;Meio de Quadra;;;0;1;1;0;0;0;0;0;0;0;0;0;-3,844247000000000;-38,481760000000000
265952;17;8;2015;16:25;0;RUA PRIMEIRO DE JANEIRO;;;0;;Queda;Luz do Dia;;;Meio de Quadra;;;0;1;0;0;0;0;0;0;0;1;0;0;;
265954;17;8;2015;17:50;0;RUA MON HIPOLITO BRASIL;;;0;;Queda;Anoitecer;;;Meio de Quadra;;;0;1;0;0;0;0;0;0;0;1;0;0;-3,756493000000000;-38,583359000000000
265957;17;8;2015;18:07;0;AV JOAO PESSOA;;;0;;Colis?úo;Anoitecer;;;Meio de Quadra;;;0;1;0;0;0;0;0;0;0;0;0;0;-3,771809000000000;-38,561694000000000
265962;17;8;2015;18:18;0;AV SGT HERMINIO SAMPAIO;;;0;;Colis?úo;Anoitecer;;;Meio de Quadra;;;0;1;1;1;0;0;0;0;0;1;0;0;-3,727104000000000;-38,564626000000000
265965;17;8;2015;18:44;11172;RUA PERU;RUA SUECIA;;0;;Colis?úo;;;;;;;0;1;1;1;0;0;0;0;0;1;0;0;;
265969;17;8;2015;19:36;0;AV A CJ CEARA;;;0;;Colis?úo;;;;Meio de Quadra;;;0;1;0;0;0;0;0;0;0;0;0;0;-3,767402000000000;-38,602196000000000
265970;17;8;2015;21:41;0;AV FRANCISCO SA;;;0;;Colis?úo;;;;Meio de Quadra;;;0;1;1;1;0;0;0;0;0;1;0;0;-3,704292000000000;-38,589491000000000
259535;17;8;2015;06:10;0;AV SEN CARLOS JEREISSATI (AEROPORTO);;;0;KM 03;Colis?úo;Luz do Dia;;Seca;Meio de Quadra;;;0;0;2;1;0;0;0;0;0;0;0;0;-3,780382000000000;-38,541414000000000
259536;17;8;2015;06:10;0;RD CE-040;;;0;KM-06;Colis?úo;Luz do Dia;;Seca;Meio de Quadra;;;0;0;2;1;0;0;0;0;0;1;0;0;-3,811270000000000;-38,478781000000000
259537;17;8;2015;14:00;0;RD CE-040;;;0;KM-05;Colis?úo;Luz do Dia;;Seca;Meio de Quadra;;;0;0;2;1;0;0;0;0;0;1;0;0;-3,790876000000000;-38,480349000000000
259539;17;8;2015;23:00;0;AV SEN CARLOS JEREISSATI (AEROPORTO);;;0;KM 02;;Via Iluminada;;Seca;Meio de Quadra;;;0;0;2;1;0;0;0;0;0;0;0;0;-3,783932000000000;-38,529156000000000
259216;17;8;2015;14:00;0;RD BR 222;;;0;;Colis?úo Lateral;Luz do Dia;Bom;Seca;Meio de Quadra;N?úo H?í Controle;Comercial;0;1;1;1;0;0;0;0;0;1;0;0;;
270407;17;8;2015;00:42;0;RUA POMPILIO GOMES;;;0;;Choque c/ Obst?ículo Fixo;;;;Meio de Quadra;;;0;0;1;0;0;0;0;0;0;0;0;0;;
270409;17;8;2015;00:45;0;AV CASTELO DE CASTRO;;;0;;Choque c/ Obst?ículo Fixo;;;;Meio de Quadra;;;0;0;1;0;0;0;0;0;0;0;0;0;;
270410;17;8;2015;00:51;0;RUA BERNARDO MANUEL;;;0;;Choque c/ Obst?ículo Fixo;;;;Meio de Quadra;;;0;0;1;0;0;0;0;0;0;0;0;0;;
270412;17;8;2015;00:54;0;RUA MIN ALBUQUERQUE LIMA;;;0;;Capotamento;;;;Meio de Quadra;;;0;0;1;0;0;0;0;0;0;0;0;0;;
270413;17;8;2015;05:04;0;RUA CARLOS JUACABA;;;0;;Colis?úo;Amanhecer;;;Meio de Quadra;;;0;0;2;0;0;0;0;0;0;0;0;0;;
270419;17;8;2015;09:56;10420;RUA DAS PEDRINHAS;RUA LUIZ MARIANO;;0;;Colis?úo;Luz do Dia;;;Cruz;N?úo H?í Controle;Residencial;0;0;2;0;0;0;0;0;0;0;0;0;-3,761937000000000;-38,600122000000000
270423;17;8;2015;12:22;0;RUA MANUEL BERNARDO;;;0;;Colis?úo;Luz do Dia;;;Meio de Quadra;;;0;0;2;0;0;0;0;0;0;0;0;0;;
270424;17;8;2015;13:22;0;RUA PRO OTAVIO LOBO;;;0;;Colis?úo;Luz do Dia;;;Meio de Quadra;;;0;0;1;0;0;0;0;0;0;0;0;0;;
270416;17;8;2015;05:04;0;AV CEL CARVALHO;;;0;;Colis?úo;Amanhecer;;;Meio de Quadra;;;0;0;2;0;0;0;0;0;0;0;0;0;;
270428;17;8;2015;16:24;0;AV PERIMETRAL;;;0;;Colis?úo;Luz do Dia;;;Meio de Quadra;;;0;0;2;0;0;0;0;0;0;0;0;0;;
270429;17;8;2015;16:32;0;RUA PRIMEIRO DE JANEIRO;;;0;;Choque c/ Obst?ículo Fixo;Luz do Dia;;;Meio de Quadra;;;0;0;1;0;0;0;0;0;0;0;0;0;;
270430;17;8;2015;17:59;0;RUA AZEVEDO BOLAO;;;0;;Colis?úo;Anoitecer;;;Meio de Quadra;;;0;0;2;0;0;0;0;0;0;0;0;0;;
270431;17;8;2015;18:13;0;RUA ANTONIO NOGUEIRA;;;0;;Colis?úo;Anoitecer;;;Meio de Quadra;;;0;0;2;0;0;0;0;0;0;0;0;0;;
270432;17;8;2015;18:22;16810;RUA PLANALTINA (PL AYRTON SENNA);RUA JOAQUIM DOS ANJOS;;0;;Colis?úo;Anoitecer;;;;;;0;0;2;0;0;0;0;0;0;0;0;0;;
270433;17;8;2015;21:48;0;RUA GONCALVES DIAS;;;0;;Colis?úo;;;;Meio de Quadra;;;0;0;2;0;0;0;0;0;0;0;0;0;;
270434;17;8;2015;21:50;0;AV EDILSON B SOARES;;;0;;Colis?úo;;;;Meio de Quadra;;;0;0;2;0;0;0;0;0;0;0;0;0;;
270435;17;8;2015;21:54;0;AV FRANCISCO SA;;;0;;Colis?úo;;;;Meio de Quadra;;;0;0;2;0;0;0;0;0;0;0;0;0;;
270436;17;8;2015;23:04;26118;AV ALM MAXIMIANO DA FONSECA;RUA JOSE B PARENTE D59;;0;;Colis?úo;;;;T;Pare;Residencial;0;0;2;0;0;0;0;0;0;0;0;0;-3,771301000000000;-38,485100000000000
265211;17;8;2015;10:00;26083;AV BEZERRA DE MENEZES;AV JOSE JATAHY;;0;;Colis?úo;Luz do Dia;;;Cruz;Pare;Comercial;0;0;1;1;0;0;0;0;0;0;0;0;;
265213;17;8;2015;13:50;0;RUA PRO GOMES BRASIL;;;0;;Colis?úo;Luz do Dia;;;Meio de Quadra;;;0;0;1;1;0;0;0;0;0;0;0;0;;
265215;17;8;2015;14:46;15191;AV BAR STUDART;RUA TOMAS POMPEU;;0;;Colis?úo;Luz do Dia;;;Cruz;Pare;Comercial;0;0;1;1;0;0;0;0;0;0;0;0;-3,726431000000000;-38,503970000000000
255910;17;8;2015;04:30;6493;RUA 117 CJ CEARA;RUA 115 CJ CEARA;;0;;Colis?úo Lateral;Luz do Dia;Bom;Seca;T;Pare;Comercial;0;0;2;0;1;0;0;0;0;1;0;0;;
255879;17;8;2015;18:41;1453;AV RUI BARBOSA;AV HERACLITO GRACA;;0;;Colis?úo Lateral;Via Iluminada;Bom;Seca;Cruz;Sem?íforo;Comercial;0;0;2;1;0;0;0;0;0;0;0;0;-3,738357000000000;-38,510199000000000
255895;17;8;2015;19:00;0;AV JOSE LEON;;;2715;;Colis?úo Traseira;;Bom;Seca;Meio de Quadra;N?úo H?í Controle;;0;0;4;1;0;0;0;0;0;0;0;0;-3,791184000000000;-38,488067000000000
255903;17;8;2015;18:00;0;AV ALBERTO CRAVEIRO;;;431;;Colis?úo Traseira;Anoitecer;Bom;Seca;Meio de Quadra;Gesto;Comercial;0;0;3;0;0;0;0;0;0;1;0;0;;
255905;17;8;2015;09:30;0;AV BEZERRA DE MENEZES;;;161;;Colis?úo Traseira;Luz do Dia;Bom;Seca;Meio de Quadra;Outros;Comercial;0;0;2;1;0;0;0;0;0;0;0;0;-3,731925000000000;-38,546274000000000
255743;17;8;2015;07:10;22028;RUA FRE MARCELINO;RUA PDE CICERO;;0;;Colis?úo Transversal;Luz do Dia;Bom;Seca;Cruz;N?úo H?í Controle;Residencial;0;1;2;1;0;0;0;0;0;1;0;0;-3,740324000000000;-38,549401000000000
255750;17;8;2015;15:45;3769;AV DOMINGOS OLIMPIO;RUA SEN POMPEU;;0;;Colis?úo Lateral;Luz do Dia;Bom;Seca;Cruz;Sem?íforo;Comercial;0;0;2;1;0;0;1;0;0;0;0;0;-3,736254000000000;-38,532455000000000
255755;17;8;2015;21:45;2473;AV CEL CARVALHO;RUA 2 UI 901;;0;;Colis?úo Transversal;Via Iluminada;Bom;Seca;T;Pare;Residencial;0;0;2;1;0;0;0;0;0;0;0;0;-3,708529000000000;-38,590213000000000
255761;17;8;2015;11:00;0;AV VICENTE DE CASTRO;;;5720;;Colis?úo Transversal;Luz do Dia;Bom;Seca;Meio de Quadra;N?úo H?í Controle;Comercial;0;0;2;1;0;0;0;0;0;0;0;0;;
255763;17;8;2015;15:30;14680;AV OLIVEIRA PAIVA;RUA LIDIA BRIGIDO;;0;;Engavetamento;Luz do Dia;Bom;Seca;Cruz;Sem?íforo;Comercial;0;0;3;1;0;0;0;0;0;0;0;0;-3,796087000000000;-38,484139000000000
255805;17;8;2015;00:05;0;AV 13 DE MAIO;;;1189;;Colis?úo Lateral;Via Iluminada;Bom;Seca;Meio de Quadra;N?úo H?í Controle;Comercial;0;0;3;1;1;0;0;0;0;0;0;0;-3,749017000000000;-38,529684000000000
255793;17;8;2015;08:00;0;RUA TEN BENEVOLO;;;593;;Colis?úo Traseira;Luz do Dia;Bom;Seca;Meio de Quadra;N?úo H?í Controle;Residencial;0;0;3;1;0;0;0;0;0;0;0;0;-3,725792000000000;-38,515820000000000
255788;17;8;2015;12:40;0;AV PRO JOSE ARTHUR CARVALHO;;;0;;Outros;Luz do Dia;Bom;Seca;Meio de Quadra;Pare;Escola;0;0;2;0;0;0;1;0;0;0;0;0;;
255790;17;8;2015;17:20;7288;AV ODILON GUIMARAES;TR ELIEL;;0;;Colis?úo Frontal;Anoitecer;Bom;Seca;Cruz;N?úo H?í Controle;Residencial;0;1;1;1;0;0;0;0;0;1;0;0;-3,825270000000000;-38,479229000000000
255791;17;8;2015;07:40;0;RUA JEQUITIBA;;;0;;Colis?úo Traseira;Luz do Dia;Bom;Seca;Meio de Quadra;N?úo H?í Controle;Residencial;0;0;2;1;0;0;1;0;0;0;0;0;;
255808;17;8;2015;12:00;0;AV DEP PAULINO ROCHA;;;1333;SEMAM;Colis?úo Traseira;Luz do Dia;Bom;Seca;Meio de Quadra;N?úo H?í Controle;Outros;0;2;1;0;0;0;0;0;0;1;0;0;-3,809115000000000;-38,508730000000000
255809;17;8;2015;14:40;0;RUA BAR RIO BRANCO;;;1369;;Colis?úo Transversal;Luz do Dia;Bom;Seca;Meio de Quadra;N?úo H?í Controle;Comercial;0;0;2;1;0;0;0;0;0;0;0;0;-3,730235000000000;-38,529469000000000
255810;17;8;2015;17:15;0;AV OLIVEIRA PAIVA;;;170;MERCADINHO S?âO LUIZ;Choque c/ Obst?ículo Fixo;Luz do Dia;Bom;Seca;Meio de Quadra;N?úo H?í Controle;Comercial;0;0;1;0;0;0;1;0;0;0;0;0;-3,798775000000000;-38,503389000000000
264383;17;8;2015;08:55;22276;RUA PDE ANCHIETA;RUA JOSE MARROCOS;;0;;Colis?úo;Luz do Dia;;;Cruz;Pare;Residencial;0;0;2;1;0;0;0;0;0;0;0;0;-3,730945000000000;-38,552019000000000
264394;18;8;2015;08:23;0;AV GOV RAUL BARBOSA;;;0;;Colis?úo;Luz do Dia;;;Meio de Quadra;;;0;0;2;1;0;0;1;0;0;0;0;0;;
264390;18;8;2015;06:59;0;AV ALBERTO CRAVEIRO;;;0;;Engavetamento;Luz do Dia;;;Meio de Quadra;;;0;0;4;1;0;0;0;0;0;0;0;0;;
255813;18;8;2015;11:40;0;RUA GUILHERME ROCHA;;;0;;Colis?úo Transversal;Luz do Dia;Bom;Seca;;;;0;0;2;1;0;0;0;1;0;0;0;0;;
255815;18;8;2015;19:30;25697;RUA JOAO CORDEIRO;RUA ROCHA LIMA;;0;;Colis?úo Transversal;Via Iluminada;Bom;Seca;Cruz;Pare;Residencial;0;0;2;1;0;0;0;0;0;0;0;0;-3,738000000000000;-38,517275000000000
255820;18;8;2015;13:30;17468;RUA TEREZA HINKO;AV BEIRA MAR;;0;;Choque c/ Obst?ículo Fixo;Luz do Dia;Bom;Seca;T;N?úo H?í Controle;Residencial;0;1;0;1;0;0;0;0;0;0;0;0;-3,723235000000000;-38,484246000000000
255821;18;8;2015;19:30;1521;RUA DES LEITE ALBUQUERQUE;RUA MAL RONDON;;0;;Colis?úo Lateral;Via Iluminada;Bom;Seca;Cruz;Pare;Residencial;0;1;1;1;0;0;0;0;0;1;0;0;-3,740372000000000;-38,488952000000000
255827;18;8;2015;21:30;19533;AV GAL OSORIO DE PAIVA;RUA NEREU RAMOS;;0;;Colis?úo Transversal;Via Iluminada;Bom;Seca;Cruz;Sem?íforo;Comercial;0;2;0;0;0;0;0;0;0;1;0;0;-3,782196000000000;-38,576828000000000
255828;18;8;2015;08:10;0;AV PRS JUSCELINO KUBITSCHEK (PASSAR?ë);;;4707;;Colis?úo Lateral;Luz do Dia;Bom;Seca;Meio de Quadra;N?úo H?í Controle;Comercial;0;0;2;0;0;0;1;0;0;0;0;0;-3,819592000000000;-38,534037000000000
255829;18;8;2015;13:00;0;RUA NUNES VALENTE;;;1071;;Colis?úo Lateral;Luz do Dia;Bom;Seca;Meio de Quadra;Pare;Residencial;0;0;2;1;0;0;1;0;0;0;0;0;-3,734585000000000;-38,503203000000000
255824;18;8;2015;18:30;17317;AV JOAO PESSOA;RUA TEN MOACIR MATOS;;0;;Colis?úo Transversal;Via Iluminada;Bom;Seca;T;Pare;Comercial;0;1;1;0;0;0;0;0;0;1;0;0;-3,763615000000000;-38,558316000000000
255817;18;8;2015;09:00;24293;RUA JULIO ABREU;RUA DELMIRO GOUVEIA;;0;;Colis?úo Lateral;Luz do Dia;Bom;Seca;Cruz;Pare;Comercial;0;0;2;1;1;0;0;0;0;0;0;0;-3,735900000000000;-38,488072000000000
255806;18;8;2015;10:10;15136;AV MON TABOSA;RUA ANTONIO AUGUSTO;;0;;Colis?úo Transversal;Luz do Dia;Bom;Seca;Cruz;Pare;Comercial;0;0;2;1;0;0;0;0;0;0;0;0;-3,724092000000000;-38,511469000000000
255803;18;8;2015;08:50;0;AV EDUARDO GIRAO;;;0;ROTAT?ôRIA;Colis?úo Lateral;Luz do Dia;Bom;Seca;Meio de Quadra;N?úo H?í Controle;Comercial;0;0;2;1;0;0;0;0;0;0;0;0;;
255801;18;8;2015;06:00;0;RUA EUZEBIO DE QUEIROS;;;45;;Colis?úo Lateral;Luz do Dia;Bom;Seca;Meio de Quadra;Pare;Comercial;0;0;2;1;0;0;0;0;0;0;0;0;-3,758378000000000;-38,546590000000000
255776;18;8;2015;12:50;25720;AV I CJ JOSE WALTER;RUA POE MARIO LINHARES (J.WALTER);;0;;Colis?úo Lateral;Luz do Dia;Bom;Seca;T;Pare;Residencial;0;1;1;1;0;0;0;0;0;1;0;0;;
255769;18;8;2015;19:30;3410;RUA DES PRAXEDES;RUA JOAO MELO;;0;;Colis?úo Transversal;Via Iluminada;Bom;Seca;Cruz;Pare;Residencial;0;0;2;1;0;0;0;0;0;0;0;0;-3,756403000000000;-38,554104000000000
255778;18;8;2015;09:00;0;RUA FRANCISCO VILELA;;;536;;Colis?úo Lateral;Luz do Dia;Bom;Seca;Meio de Quadra;N?úo H?í Controle;Residencial;0;0;2;1;0;0;0;0;0;1;0;0;;
255782;18;8;2015;20:00;0;AV COS GOMES DE FREITAS (SAPIRANGA/COITE);;;299;;Atropelamento;Via Iluminada;Bom;Seca;Meio de Quadra;Sem?íforo;Comercial;1;0;1;0;0;0;0;0;0;1;0;0;;
255783;18;8;2015;21:26;15812;RUA MANUEL CASTELO BRANCO;RUA CEL FRANCISCO PEREIRA (MESSEJANA);;0;;Colis?úo Lateral;Via Iluminada;Bom;Seca;Cruz;Sem?íforo;Comercial;0;0;2;1;1;0;0;0;0;0;0;0;-3,831773000000000;-38,492929000000000
255785;18;8;2015;06:30;14847;RUA WALDIR DIOGO;TR WALDIR DIOGO;;0;;Colis?úo Lateral;Luz do Dia;Bom;Seca;Cruz;Pare;Residencial;0;2;0;0;1;0;0;0;0;1;0;0;-3,807105000000000;-38,581050000000000
255786;18;8;2015;21:00;0;AV HIS RAIMUNDO GIRAO;;;1810;;Colis?úo Traseira;Via Iluminada;Bom;Seca;;;;0;0;4;1;0;0;0;0;0;0;0;0;;
255764;18;8;2015;19:45;24235;RUA JULIO AZEVEDO;RUA FAUSTO CABRAL;;0;;Colis?úo Transversal;Via Iluminada;Bom;Seca;Cruz;Pare;Residencial;0;1;1;0;1;0;0;0;0;1;0;0;-3,733662000000000;-38,476448000000000
259158;18;8;2015;09:50;0;RD BR 116;;;10000;KM-10;Colis?úo Traseira;Luz do Dia;Bom;Seca;Meio de Quadra;N?úo H?í Controle;Comercial;0;1;1;1;0;0;0;0;0;1;0;0;-3,834435000000000;-38,503373000000000
265216;18;8;2015;02:37;0;AV PRS COSTA E SILVA;;;0;;Choque c/ Obst?ículo Fixo;;;;Meio de Quadra;;;0;0;1;1;0;0;0;0;0;0;0;0;;
270486;18;8;2015;01:10;0;RUA MON FURTADO;;;0;;Colis?úo;;;;Meio de Quadra;;;0;0;2;0;0;0;0;0;0;0;0;0;;
270487;18;8;2015;12:07;0;RUA WALDIR DIOGO;;;0;;Colis?úo;Luz do Dia;;;Meio de Quadra;;;0;0;2;0;0;0;0;0;0;0;0;0;;
270488;18;8;2015;08:28;0;AV PRS CASTELO BRANCO;;;0;;Colis?úo;Luz do Dia;;;Meio de Quadra;;;0;0;2;0;0;0;0;0;0;0;0;0;;
270490;18;8;2015;09:49;25583;RUA VALMIR PONTES;RUA HIL MORAES;;0;;Colis?úo;Luz do Dia;;;Outros;Pare;;0;0;2;0;0;0;0;0;0;0;0;0;;
270491;18;8;2015;09:51;0;RUA CEL MATOS DOURADO;;;0;;Colis?úo;Luz do Dia;;;Meio de Quadra;;;0;0;2;0;0;0;0;0;0;0;0;0;;
270493;18;8;2015;13:35;21602;RUA STA LIDUINA D42;RUA CON DE CASTRO;;0;;Colis?úo;Luz do Dia;;;;;;0;0;2;0;0;0;0;0;0;0;0;0;-3,797482000000000;-38,584986000000000
270495;18;8;2015;11:17;0;RUA JOSE TORRES;;;0;;Colis?úo;Luz do Dia;;;Meio de Quadra;;;0;0;2;0;0;0;0;0;0;0;0;0;;
270497;18;8;2015;11:18;3116;RUA JULIO BRAGA;RUA LUIS DE CASTRO;;0;;Colis?úo;Luz do Dia;;;Cruz;Pare;Misto;0;0;2;0;0;0;0;0;0;0;0;0;-3,776427000000000;-38,577424000000000
270514;18;8;2015;15:23;6721;RUA BENTO ALBUQUERQUE;AV ENG SANTANA JUNIOR;;0;;Colis?úo;Luz do Dia;;;Cruz;Sem?íforo;Misto;0;0;2;0;0;0;0;0;0;0;0;0;-3,742678000000000;-38,486538000000000
270511;18;8;2015;14:11;0;AV DA UNIVERSIDADE;;;0;;Colis?úo;Luz do Dia;;;Meio de Quadra;;;0;0;2;0;0;0;0;0;0;0;0;0;;
270512;18;8;2015;14:27;0;AV BEZERRA DE MENEZES;;;0;;Colis?úo;Luz do Dia;;;Meio de Quadra;;;0;0;2;0;0;0;0;0;0;0;0;0;;
270506;18;8;2015;13:16;0;RUA 856 CJ CEARA;;;0;;Colis?úo;Luz do Dia;;;Meio de Quadra;;;0;0;2;0;0;0;0;0;0;0;0;0;;
270509;18;8;2015;13:33;9576;RUA TEODORO DE CASTRO;RUA JOSE TORRES;;0;;Colis?úo;Luz do Dia;;;Duplo T;Pare;Residencial;0;0;2;0;0;0;0;0;0;0;0;0;-3,779192000000000;-38,607054000000000
270499;18;8;2015;13:00;24786;RUA PALMACIA;RUA GEORGE CAVALCANTE;;0;;Colis?úo;Luz do Dia;;;;;;0;0;2;0;0;0;0;0;0;0;0;0;-3,717812000000000;-38,591143000000000
270500;18;8;2015;13:03;0;AV CONTORNO NORTE D71;;;0;;Colis?úo;Luz do Dia;;;Meio de Quadra;;;0;0;2;0;0;0;0;0;0;0;0;0;;
270501;18;8;2015;13:07;5801;AV DES GONZAGA;RUA ALICE;;0;;Colis?úo;Luz do Dia;;;T;N?úo H?í Controle;Residencial;0;0;2;0;0;0;0;0;0;0;0;0;-3,791340000000000;-38,502595000000000
270538;18;8;2015;12:40;0;AV OLIVEIRA PAIVA;;;0;;Colis?úo;Luz do Dia;;;Meio de Quadra;;;0;0;2;0;0;0;0;0;0;0;0;0;;
270517;18;8;2015;20:20;17979;RUA PDE MAXIMO FEITOSA;RUA EVANDRO LUZ;;0;;Colis?úo;;;;;;;0;0;2;0;0;0;0;0;0;0;0;0;-3,737155000000000;-38,576652000000000
259540;18;8;2015;07:15;0;RD CE-040;;;0;KM-07;Colis?úo;Luz do Dia;;Seca;Meio de Quadra;;;0;0;3;1;0;0;0;0;0;0;0;0;-3,817953000000000;-38,483160000000000
265975;18;8;2015;06:37;0;AV PERIMETRAL;;;0;;Colis?úo;Luz do Dia;;;Meio de Quadra;;;0;1;0;0;0;0;0;0;0;0;0;0;;
265977;18;8;2015;07:33;4612;AV WASHINGTON SOARES;RUA CRISANTO M DA ROCHA;;0;;Colis?úo;Luz do Dia;;;;;;0;1;1;1;0;1;0;0;0;0;0;0;-3,795695000000000;-38,479908000000000
265979;18;8;2015;07:53;0;AV BEZERRA DE MENEZES;;;0;;Colis?úo;Luz do Dia;;;Meio de Quadra;;;0;1;1;1;0;0;0;0;0;1;0;0;;
265981;18;8;2015;08:37;0;AV PRS JUSCELINO KUBITSCHEK (PASSAR?ë);;;0;;Colis?úo;Luz do Dia;;;Meio de Quadra;;;0;1;1;0;0;0;0;0;0;1;0;0;;
265982;18;8;2015;09:00;0;AV DEP PAULINO ROCHA;;;0;;Queda;Luz do Dia;;;Meio de Quadra;;;0;1;0;0;0;0;0;0;0;1;0;0;;
265985;18;8;2015;15:38;0;AV GODOFREDO MACIEL;;;0;;Colis?úo;Luz do Dia;;;Meio de Quadra;;;0;1;1;1;0;0;0;0;0;1;0;0;-3,826493000000000;-38,579506000000000
265989;18;8;2015;17:33;0;AV PERIMETRAL;;;0;;Colis?úo;Anoitecer;;;Meio de Quadra;;;0;1;1;1;0;0;0;0;0;1;0;0;;
265995;18;8;2015;18:35;0;RUA FAUSTO CABRAL;;;0;;Colis?úo;;;;Meio de Quadra;;;0;1;0;0;0;0;0;0;0;0;0;0;-3,733637000000000;-38,476526000000000
265996;18;8;2015;20:38;23611;RUA MAJ VERISSIMO;RUA GONCALO DE LAGOS;;0;;Queda;;;;;;;0;1;0;0;0;0;0;0;0;1;0;0;-3,724210000000000;-38,562044000000000
265998;18;8;2015;22:00;0;RUA GOIANIA;;;0;;Choque c/ Obst?ículo Fixo;;;;Meio de Quadra;;;0;1;0;1;0;0;0;0;0;0;0;0;-3,761712000000000;-38,590193000000000
266000;18;8;2015;23:30;7907;AV PONTES VIEIRA;RUA VICENTE LEITE;;0;;Atropelamento;;;;Cruz;Sem?íforo;Comercial;0;0;2;1;0;0;0;0;0;0;0;0;-3,751180000000000;-38,500282000000000
266007;19;8;2015;07:51;0;RUA URUCUTUBA;;;0;;Colis?úo;Luz do Dia;;;Meio de Quadra;;;0;1;1;0;0;0;0;0;0;1;0;0;-3,797955000000000;-38,610552000000000
266008;19;8;2015;09:14;0;RUA HUMAITA D73;;;0;;Atropelamento;Luz do Dia;;;Meio de Quadra;;;0;1;1;1;0;0;0;0;0;0;0;0;-3,763556000000000;-38,601156000000000