COD_ACIDENTE;DIA;MES;ANO;HORA;INTERSECAO;LOG1;LOG2;LOG3;NUMERO;REFERENCIA;NATUREZA;ILUMINACAO;TEMPO;SUPERFICIEPISTA;TIPOCRUZAMENTO;CONTROLETRAFEGO;USOSOLO;MORTOS;FERIDOS;ILESOS;AUTOMOVEL;ONIBUS;BICICLETA;CAMINHAO;MICROONIBUS;CICLOMOTOR;MOTOCICLETA;TRACAOANIMAL;TREM;LATITUDE;LONGITUDE
266009;19;8;2015;11:45;0;AV PERIMETRAL;;;0;;Colis?úo;Luz do Dia;;;Meio de Quadra;;;0;1;1;1;0;0;0;0;0;1;0;0;;
266010;19;8;2015;12:58;0;AV JOAO PESSOA;;;0;;Colis?úo;Luz do Dia;;;Meio de Quadra;;;0;1;1;1;0;0;0;0;0;1;0;0;;
266011;19;8;2015;17:05;0;RUA CAMELIA;;;0;;Colis?úo;Anoitecer;;;Meio de Quadra;;;0;1;1;1;0;0;0;0;0;1;0;0;-3,708041000000000;-38,566542000000000
266012;19;8;2015;17:27;0;RUA CURITIBA;;;0;;Atropelamento;Anoitecer;;;Meio de Quadra;;;0;1;1;0;0;0;0;0;0;1;0;0;;
266013;19;8;2015;18:10;0;RUA PRO JOSE SILVEIRA;;;0;;Colis?úo;Anoitecer;;;Meio de Quadra;;;0;1;0;0;0;0;0;0;0;0;0;0;;
266014;19;8;2015;18:30;6731;AV PDE ANTONIO TOMAS;RUA ANDRADE FURTADO;;0;;Atropelamento;Anoitecer;;;;N?úo H?í Controle;Residencial;0;1;1;0;0;0;0;0;0;1;0;0;-3,747141000000000;-38,475355000000000
266015;19;8;2015;21:06;0;RUA BERNARDO MANUEL;;;0;;Atropelamento;;;;Meio de Quadra;;;0;1;1;0;0;0;0;0;0;1;0;0;;
266016;19;8;2015;21:06;0;AV PERIMETRAL;;;0;;Colis?úo;;;;Meio de Quadra;;;0;1;0;0;0;0;0;0;0;0;0;0;;
266017;19;8;2015;21:22;0;AV DR SILAS MUNGUBA;;;0;;Atropelamento;;;;Meio de Quadra;;;0;1;1;1;0;0;0;0;0;0;0;0;-3,788665000000000;-38,545180000000000
266061;19;8;2015;21:42;0;RUA RICARDO PONTES;;;0;;Queda;;;;Meio de Quadra;;;0;1;0;0;0;0;0;0;0;1;0;0;;
259548;19;8;2015;09:40;0;RD CE-060;;;0;KM-02;Colis?úo;Luz do Dia;;Seca;Meio de Quadra;;;0;0;2;1;0;0;0;0;0;1;0;0;-3,828028000000000;-38,580009000000000
259544;19;8;2015;19:40;0;AV MIN JOSE AMERICO;;;0;;Colis?úo;;;Seca;Meio de Quadra;;;0;0;2;1;0;0;0;0;0;0;0;0;;
266209;19;8;2015;17:30;0;RUA VITAL BRASIL;;;216;;Engavetamento;Anoitecer;;;Meio de Quadra;;;0;1;0;1;1;0;0;0;0;0;0;0;-3,782247000000000;-38,583019000000000
270546;19;8;2015;14:09;15360;AV DOM LUIS;AV DES MOREIRA;;0;;Colis?úo;Luz do Dia;;;Rotat??ria;N?úo H?í Controle;Comercial;0;0;2;0;0;0;0;0;0;0;0;0;-3,733239000000000;-38,497383000000000
270542;19;8;2015;13:19;0;AV FRANCISCO SA;;;0;;Colis?úo;Luz do Dia;;;Meio de Quadra;;;0;0;2;0;0;0;0;0;0;0;0;0;;
270555;19;8;2015;15:36;0;AV JOR THOMAZ COELHO;;;0;;Colis?úo;Luz do Dia;;;Meio de Quadra;;;0;0;2;0;0;0;0;0;0;0;0;0;;
270557;19;8;2015;16:49;0;RUA BRUNO PORTO;;;0;;Choque c/ Obst?ículo Fixo;Luz do Dia;;;Meio de Quadra;;;0;0;1;0;0;0;0;0;0;0;0;0;;
270550;19;8;2015;14:15;0;RUA LUIZA MIRANDA COELHO;;;0;;Colis?úo;Luz do Dia;;;Meio de Quadra;;;0;0;2;0;0;0;0;0;0;0;0;0;;
270539;19;8;2015;12:57;577;AV FRANCISCO SA;AV DR THEBERGE;;0;;Colis?úo;Luz do Dia;;;Cruz;Sem?íforo;Comercial;0;0;2;0;0;0;0;0;0;0;0;0;-3,714822000000000;-38,565016000000000
270536;19;8;2015;12:27;19692;RUA PRO ANACLETO;RUA AZEVEDO BOLAO;;0;;Colis?úo;Luz do Dia;;;Cruz;Pare;Residencial;0;0;2;0;0;0;0;0;0;0;0;0;-3,735640000000000;-38,552765000000000
270531;19;8;2015;13:03;0;RUA PRO HERIBALDO COSTA;;;0;;Colis?úo;Luz do Dia;;;Meio de Quadra;;;0;0;2;0;0;0;0;0;0;0;0;0;;
270532;19;8;2015;12:04;0;RUA MARTINS CARVALHO;;;0;;Colis?úo;Luz do Dia;;;Meio de Quadra;;;0;0;2;0;0;0;0;0;0;0;0;0;;
270524;19;8;2015;07:07;0;RUA JORGE FIGUEIREDO (ANCURI);;;0;;Colis?úo;Luz do Dia;;;Meio de Quadra;;;0;0;2;0;0;0;0;0;0;0;0;0;;
270526;19;8;2015;09:57;0;RUA JOAO VITOR;;;0;;Colis?úo;Luz do Dia;;;Meio de Quadra;;;0;0;2;0;0;0;0;0;0;0;0;0;;
270527;19;8;2015;10:42;0;AV ENG SANTANA JUNIOR;;;0;;Colis?úo;Luz do Dia;;;Meio de Quadra;;;0;0;2;0;0;0;0;0;0;0;0;0;;
270528;19;8;2015;11:16;0;RUA MARIA GOMES DE SA;;;0;;Colis?úo;Luz do Dia;;;Meio de Quadra;;;0;0;2;0;0;0;0;0;0;0;0;0;;
270529;19;8;2015;11:30;0;RUA OSCAR ARARIPE;;;0;;Colis?úo;Luz do Dia;;;Meio de Quadra;;;0;0;2;0;0;0;0;0;0;0;0;0;;
270522;19;8;2015;06:51;0;RUA BERNARDO MANUEL;;;0;;Colis?úo;Luz do Dia;;;Meio de Quadra;;;0;0;2;0;0;0;0;0;0;0;0;0;;
270560;19;8;2015;22:14;17375;RUA ALAN KARDEC;AV JOSE DO PATROCINIO;;0;;Atropelamento;;;;Outros;Pare;Comercial;0;0;2;0;0;0;0;0;0;0;0;0;-3,766831000000000;-38,547462000000000
265231;19;8;2015;19:15;0;AV ALBERTO CRAVEIRO;;;2770;CASTELAO;Atropelamento;;;;Meio de Quadra;;;1;0;1;0;0;0;0;0;0;1;0;0;-3,805335000000000;-38,523255000000000
255780;19;8;2015;10:40;1788;RUA CAP HERMINIO;RUA HONORINA MAIA;;0;;Colis?úo Transversal;Luz do Dia;Bom;Seca;Cruz;Pare;Residencial;0;0;2;1;1;0;0;0;0;0;0;0;-3,851092000000000;-38,501574000000000
255781;19;8;2015;07:30;0;RUA PDE PEDRO DE ALENCAR;;;805;;Colis?úo Traseira;Luz do Dia;Bom;Seca;Meio de Quadra;Sem?íforo;Residencial;0;0;2;1;0;0;0;0;0;0;0;0;-3,836214000000000;-38,494156000000000
255772;19;8;2015;09:00;15244;RUA DEP MOREIRA DA ROCHA;RUA JOSE VILAR;;0;;Colis?úo Lateral Sentido Oposto;Luz do Dia;Bom;Seca;Cruz;Pare;Residencial;0;0;3;1;0;0;0;0;0;1;0;0;-3,727832000000000;-38,502113000000000
255777;19;8;2015;13:30;15227;AV ABOLICAO;AV DES MOREIRA;;0;;Colis?úo Lateral;;Bom;Seca;Cruz;Sem?íforo;Comercial;0;0;2;1;1;0;0;0;0;0;0;0;-3,727331000000000;-38,495474000000000
255774;19;8;2015;14:40;19599;RUA NEREU RAMOS;RUA MONACO;;0;;Colis?úo Transversal;Luz do Dia;Bom;Seca;Cruz;Pare;Residencial;0;2;0;1;0;0;0;0;0;0;0;0;-3,786229000000000;-38,569609000000000
255795;19;8;2015;08:20;20129;AV DEP PAULINO ROCHA;RUA POMPILIO GOMES;;0;;Colis?úo Transversal;Luz do Dia;Bom;Seca;Outros;Outros;Misto;0;0;2;1;0;0;0;0;0;0;0;0;-3,810076000000000;-38,519652000000000
255792;19;8;2015;07:10;15219;RUA TEN BENEVOLO;RUA ACARAU;;0;;Colis?úo Lateral;Luz do Dia;Bom;Seca;Duplo T;Pare;Residencial;0;0;3;1;0;0;0;0;0;0;0;0;-3,727114000000000;-38,511861000000000
255789;19;8;2015;13:30;17328;RUA DES PRAXEDES;RUA ANTONIO CORREIA LIMA;;0;;Colis?úo Transversal;Luz do Dia;Bom;Seca;Cruz;Pare;Misto;0;1;1;1;0;0;0;0;0;1;0;0;-3,763245000000000;-38,542197000000000
255797;19;8;2015;09:00;11884;RUA MON CARNEIRO DA CUNHA;RUA EPIFANIO LEITE;;0;;Colis?úo Lateral;Luz do Dia;Bom;Seca;Duplo T;Pare;Misto;0;0;2;1;0;0;0;0;0;0;0;0;;
255798;19;8;2015;07:40;17387;RUA ZACARIAS GONDIM;RUA PRO TEODORICO;;0;;Colis?úo Transversal;Luz do Dia;Bom;Seca;Cruz;Pare;Misto;0;0;2;1;0;0;0;0;0;0;0;0;-3,767080000000000;-38,558121000000000
255833;19;8;2015;22:00;15189;AV ABOLICAO;RUA FRE MANSUETO;;0;;Colis?úo Lateral;Via Iluminada;Bom;Seca;Cruz;Sem?íforo;Comercial;0;1;1;1;0;0;0;0;0;1;0;0;-3,726368000000000;-38,489324000000000
255840;19;8;2015;10:50;7141;RUA FRANCISCO CALACA;AV PRS CASTELO BRANCO;;0;;Colis?úo Lateral;Luz do Dia;Bom;Seca;Cruz;Pare;Residencial;0;0;2;1;0;0;1;0;0;0;0;0;-3,707642000000000;-38,570498000000000
255841;19;8;2015;15:20;3977;RUA PEDRO MACHADO;RUA ALBERTO MAGNO;;0;;Colis?úo Traseira;Luz do Dia;Bom;Seca;T;Pare;Comercial;0;0;2;1;0;0;0;0;0;0;0;0;-3,758623000000000;-38,544509000000000
255831;19;8;2015;08:00;0;RUA RAIMUNDO NERY;;;587;;Colis?úo Lateral;Luz do Dia;Bom;Seca;Meio de Quadra;;Residencial;0;0;2;1;0;0;1;0;0;0;0;0;-3,792596000000000;-38,587085000000000
255822;19;8;2015;07:15;0;RUA CAR ARCO VERDE;;;310;;Colis?úo Lateral;Luz do Dia;Bom;Seca;Meio de Quadra;Outros;Residencial;0;1;1;0;1;1;0;0;0;0;0;0;-3,752599000000000;-38,593229000000000
255823;19;8;2015;16:10;0;AV IMPERADOR;;;454;;Atropelamento;;Bom;Seca;;;;0;1;1;0;0;0;0;1;0;0;0;0;-3,725227000000000;-38,533872000000000
255863;19;8;2015;12:50;320;RUA DOM JOSE LOURENCO  D27;RUA NESTOR BARBOSA;;0;;Colis?úo Transversal;Luz do Dia;Bom;Seca;Cruz;Pare;Residencial;0;1;1;1;0;0;0;0;0;1;0;0;-3,744509000000000;-38,557721000000000
255858;19;8;2015;08:40;25852;RUA MARTINS CARVALHO;RUA A CJ PALMARES (G. LISBOA);;0;;Colis?úo Transversal;Luz do Dia;Bom;Seca;Cruz;N?úo H?í Controle;Comercial;0;1;1;1;0;0;0;0;0;0;0;0;;
255859;19;8;2015;18:35;1534;RUA EDUARDO GARCIA;RUA MON CATAO;;0;;Colis?úo Transversal;Via Iluminada;Bom;Seca;Cruz;Pare;Residencial;0;0;2;1;0;0;0;0;0;0;0;0;-3,740726000000000;-38,491196000000000
255861;19;8;2015;21:10;13659;AV ALM MAXIMIANO DA FONSECA;RUA REV BOLIVAR P BANDEIRA;;0;;Colis?úo;Via Iluminada;Bom;Seca;T;Pare;Residencial;0;1;1;0;0;0;1;0;0;1;0;0;-3,770002000000000;-38,492006000000000
255866;19;8;2015;12:30;7650;AV CARNEIRO DE MENDONCA;RUA BELO HORIZONTE;;0;;Colis?úo Lateral;Luz do Dia;Bom;Seca;Cruz;Pare;Misto;0;0;2;1;0;0;0;1;0;0;0;0;-3,763666000000000;-38,567567000000000
255867;19;8;2015;08:15;9125;RUA MON SALAZAR;RD BR 116;;0;;Colis?úo Traseira;Luz do Dia;Bom;Seca;Outros;Pare;Comercial;0;0;2;1;0;0;0;0;0;0;0;0;-3,757058000000000;-38,521139000000000
255868;19;8;2015;14:00;13771;AV PINTO BANDEIRA D56;RUA LUIZA MIRANDA COELHO;;0;;Colis?úo Transversal;Luz do Dia;Bom;Seca;Cruz;Pare;Residencial;0;1;1;0;0;0;0;0;0;1;0;0;-3,774929000000000;-38,487283000000000
255869;19;8;2015;07:10;7888;AV DES MOREIRA;RUA TOMAS ACIOLI;;0;;Colis?úo Traseira;Luz do Dia;Bom;Seca;Cruz;;Comercial;0;1;1;1;0;0;0;0;0;1;0;0;-3,747526000000000;-38,501963000000000
255870;19;8;2015;08:00;25964;AV GOV PARSIFAL BARROSO;RUA LICURGO MONTENEGRO;;0;;Colis?úo;Luz do Dia;Bom;Seca;Duplo T;Pare;Residencial;0;0;2;1;0;0;0;0;0;0;0;0;-3,734410000000000;-38,568900000000000
255871;19;8;2015;09:30;0;AV DR THEBERGE;;;1778;;Colis?úo Traseira;Luz do Dia;Bom;Seca;Outros;Sem?íforo;Residencial;0;0;2;1;0;0;0;0;0;0;0;0;-3,717143000000000;-38,565781000000000
255872;19;8;2015;18:30;25268;RUA JORGE ACURCIO;AV BORGES DE MELO;;0;;Colis?úo Lateral;Mal Iluminada;Bom;Seca;T;N?úo H?í Controle;Comercial;0;0;2;1;0;0;0;0;0;0;0;0;-3,760118000000000;-38,529837000000000
255844;19;8;2015;08:20;9176;AV AGUANAMBI;AV EDUARDO GIRAO;;0;;Colis?úo Lateral;Luz do Dia;Bom;Seca;Rotat??ria;Sem?íforo;Outros;0;0;2;0;0;0;1;0;0;0;0;0;-3,755303000000000;-38,523639000000000
255845;19;8;2015;10:40;7949;RUA OSVALDO CRUZ (ALDEOTA);RUA ISAC AMARAL;;0;;Colis?úo Transversal;Luz do Dia;Bom;Seca;Cruz;Pare;Comercial;0;0;2;1;0;0;0;0;0;0;0;0;-3,752487000000000;-38,505756000000000
255837;19;8;2015;19:00;5039;RUA PESSOA ANTA;AV ALBERTO NEPOMUCENO;;0;;Colis?úo Traseira;Via Iluminada;Bom;Seca;Cruz;Sem?íforo;Comercial;0;0;2;1;0;0;0;0;0;1;0;0;-3,721257000000000;-38,523212000000000
255854;19;8;2015;07:40;0;AV ROGACIANO LEITE;;;0;;Colis?úo Transversal;Luz do Dia;Bom;Seca;Meio de Quadra;N?úo H?í Controle;Comercial;0;2;0;0;0;0;0;0;0;1;0;0;-3,776745000000000;-38,500556000000000
255855;19;8;2015;08:30;17350;RUA BAR SOBRAL;RUA JOAO FIRMINO;;0;;Colis?úo Transversal;Luz do Dia;Bom;Seca;Cruz;Pare;Residencial;0;0;2;1;0;0;0;0;0;0;0;0;-3,765714000000000;-38,556531000000000
264396;19;8;2015;12:26;0;RUA TEN JURANDIR ALENCAR;;;0;;Colis?úo;Luz do Dia;;;Meio de Quadra;;;0;0;2;1;0;0;0;0;0;1;0;0;;
264397;19;8;2015;14:40;0;RUA BAR RIO BRANCO;;;0;;Colis?úo;Luz do Dia;;;Meio de Quadra;;;0;0;2;1;0;0;0;0;0;0;0;0;;
264402;20;8;2015;00:15;18299;RUA JOSE AVELINO;RUA SEN ALMINO;;0;;Colis?úo;;;;Cruz;Pare;Comercial;0;0;2;1;0;0;0;0;0;0;0;0;-3,722476000000000;-38,517954000000000
264403;20;8;2015;08:35;0;AV JOAO PESSOA;;;0;;Colis?úo;Luz do Dia;;;Meio de Quadra;;;0;0;2;1;0;0;1;0;0;0;0;0;;
264404;20;8;2015;10:18;8043;RUA DONDON FEITOSA;RUA JOAO MELO;;0;;Colis?úo;Luz do Dia;;;;;;0;0;2;1;0;0;0;0;0;0;0;0;-3,754068000000000;-38,551992000000000
264405;20;8;2015;11:13;12457;RUA PRO GOMES BRASIL;AV AUGUSTO DOS ANJOS;;0;;Colis?úo;Luz do Dia;;;Cruz;Sem?íforo;Comercial;0;0;2;1;0;0;0;1;0;0;0;0;-3,770153000000000;-38,570427000000000
264407;20;8;2015;20:02;4613;AV WASHINGTON SOARES;RUA TAB JOAQUIM COELHO;;0;;Colis?úo;;;;T;Pare;Comercial;0;0;2;1;1;0;0;0;0;0;0;0;-3,796971000000000;-38,479883000000000
255816;20;8;2015;13:55;5400;RUA DNA LEOPOLDINA;RUA JOAQUIM DEODATO;;0;;Colis?úo Lateral;Luz do Dia;Bom;Seca;Cruz;Pare;Residencial;0;0;2;1;0;0;0;0;0;0;0;0;-3,732519000000000;-38,519926000000000
255819;20;8;2015;08:20;1477;RUA BAR ARACATI;RUA ROCHA LIMA;;0;;Colis?úo Traseira;Luz do Dia;Nublado;Molhada;Cruz;Pare;Residencial;0;0;2;1;0;0;0;0;0;0;0;0;-3,739093000000000;-38,513919000000000
255814;20;8;2015;12:45;5383;AV DUQ CAXIAS;RUA MAJ FACUNDO;;0;;Colis?úo Transversal;Luz do Dia;Bom;Seca;Cruz;Sem?íforo;Residencial;0;0;2;1;0;0;0;0;0;0;0;0;-3,731981000000000;-38,529285000000000
255825;20;8;2015;02:10;0;AV ALM HENRIQUE SABOIA;;;3225;;Choque c/ Obst?ículo Fixo;Via Iluminada;Bom;Seca;Meio de Quadra;N?úo H?í Controle;Comercial;0;0;1;1;0;0;0;0;0;0;0;0;;
255826;20;8;2015;18:20;25061;AV 13 DE MAIO;RUA COS TRISTAO;;0;;Colis?úo Lateral;Anoitecer;Bom;Seca;Cruz;Sem?íforo;Comercial;0;1;1;0;1;0;0;0;0;1;0;0;-3,748763000000000;-38,529981000000000
255834;20;8;2015;14:30;0;AV PRS CASTELO BRANCO;;;0;;Queda;Luz do Dia;Bom;Seca;Outros;N?úo H?í Controle;Outros;0;1;0;0;0;0;0;0;0;1;0;0;;
255836;20;8;2015;10:50;0;RUA EDUARDO PERDIGAO;;;0;;Colis?úo Transversal;Luz do Dia;Bom;Seca;;;;0;0;2;1;1;0;0;0;0;0;0;0;;
255794;20;8;2015;17:30;9200;RUA JAIME BENEVOLO;RUA DEP JOAO PONTES;;0;;Colis?úo Transversal;Anoitecer;Bom;Seca;Cruz;Pare;Misto;0;2;1;1;0;0;0;0;0;1;0;0;-3,746140000000000;-38,530076000000000
255800;20;8;2015;15:18;1321;RUA MARCOS MACEDO;RUA VICENTE LEITE;;0;;Colis?úo Traseira;Luz do Dia;;;Cruz;Pare;Residencial;0;0;2;1;0;0;0;0;0;0;0;0;-3,735201000000000;-38,494787000000000
255804;20;8;2015;17:00;0;AV GOV RAUL BARBOSA;;;1180;;Colis?úo Lateral;Anoitecer;Bom;Seca;Meio de Quadra;N?úo H?í Controle;Comercial;0;2;1;1;0;0;0;0;0;1;0;0;-3,761413000000000;-38,506649000000000
255779;20;8;2015;22:00;0;AV JOSE BASTOS;;;2770;;Colis?úo Traseira;Via Iluminada;Bom;Seca;Meio de Quadra;Outros;Comercial;0;0;2;1;0;0;0;0;0;0;0;0;-3,744882000000000;-38,545302000000000
255787;20;8;2015;20:05;0;AV CHANC EDSON QUEIROZ;;;0;;Colis?úo Traseira;Via Iluminada;Bom;Seca;Meio de Quadra;N?úo H?í Controle;Residencial;0;0;2;1;0;0;0;0;0;0;0;0;;
255784;20;8;2015;04:00;0;AV BEIRA MAR;;;585;;Colis?úo Traseira;;;;Meio de Quadra;;;0;0;2;1;0;0;0;0;0;0;0;0;;
259160;20;8;2015;09:35;0;RD BR 116;;;7000;KM-07;Colis?úo Lateral;Luz do Dia;Bom;Seca;Meio de Quadra;N?úo H?í Controle;Comercial;0;1;2;1;0;0;0;0;0;1;0;0;-3,813246000000000;-38,501101000000000
259161;20;8;2015;09:30;0;RD BR 116;;;6000;KM-06;Colis?úo Transversal;Luz do Dia;Bom;Seca;Meio de Quadra;N?úo H?í Controle;Comercial;0;1;1;1;0;0;0;0;0;1;0;0;-3,804691000000000;-38,503053000000000
255904;20;8;2015;16:10;26077;AV JOSE JATAHY;AV DUQ CAXIAS;;0;;Colis?úo Transversal;Luz do Dia;;;Cruz;Pare;Comercial;0;0;2;0;0;0;0;0;0;1;0;0;;
255897;20;8;2015;18:00;25892;RUA ANSELMO NOGUEIRA;RUA COSMONAUTAS D34;;0;;Colis?úo Transversal;Anoitecer;Bom;Seca;Cruz;N?úo H?í Controle;Residencial;0;1;1;1;0;0;0;0;0;1;0;0;;
255893;20;8;2015;10:30;5258;RUA PEDRO I;RUA PDE MORORO;;0;;Colis?úo Transversal;Luz do Dia;Bom;Seca;Cruz;Pare;Comercial;0;0;2;1;0;0;0;0;0;0;0;0;-3,728123000000000;-38,538290000000000
255882;20;8;2015;10:00;0;AV MON TABOSA;;;777;;Tombamento;Luz do Dia;Bom;Seca;Meio de Quadra;N?úo H?í Controle;Residencial;0;0;3;1;0;0;0;0;0;0;0;0;-3,724019000000000;-38,512553000000000
255888;20;8;2015;09:00;17900;AV SGT HERMINIO SAMPAIO;RUA PDE GUILHERME;;0;;Colis?úo Traseira;Luz do Dia;Bom;Seca;Duplo T;Pare;Misto;0;1;2;1;0;0;0;0;0;0;0;0;-3,731267000000000;-38,578623000000000
255874;20;8;2015;09:00;9150;RUA DOM SEBASTIAO LEME;RUA CEL PERGENTINO FERREIRA;;0;;Colis?úo Lateral;Luz do Dia;Nublado;Seca;Cruz;Pare;Escola;0;0;2;1;0;0;0;0;0;0;0;0;-3,748879000000000;-38,525802000000000
255909;20;8;2015;10:00;1529;RUA JOSE VILAR;RUA BARBARA DE ALENCAR;;0;;Colis?úo Transversal;Luz do Dia;;;Cruz;Pare;Misto;0;0;2;0;0;0;0;0;0;0;0;0;-3,740591000000000;-38,506213000000000
255920;20;8;2015;09:00;13536;AV RUI BARBOSA;RUA JULIO SIQUEIRA;;0;;Colis?úo Transversal;Luz do Dia;Bom;Seca;Cruz;Sem?íforo;Misto;0;0;2;1;0;0;0;0;0;0;0;0;-3,748103000000000;-38,513332000000000
255930;20;8;2015;10:30;0;RUA TRES MARIAS D39 (MONTESE);;;154;;Colis?úo Traseira;Luz do Dia;Bom;Seca;Meio de Quadra;N?úo H?í Controle;Comercial;0;0;2;1;0;0;0;0;0;0;0;0;-3,768498000000000;-38,551510000000000
255947;20;8;2015;17:00;0;AV DOS EXPEDICIONARIOS;;;0;;Colis?úo Lateral;Via Iluminada;Bom;Seca;Meio de Quadra;N?úo H?í Controle;Comercial;0;0;3;1;0;0;0;0;0;1;0;0;;
255955;20;8;2015;22:22;15289;AV DES MOREIRA;RUA ANA BILHAR;;0;;Colis?úo Transversal;Via Iluminada;Bom;Seca;Cruz;Sem?íforo;Residencial;0;1;1;0;0;0;0;0;0;1;0;0;-3,729331000000000;-38,496113000000000
255959;20;8;2015;01:30;0;RUA JOSE MENDONCA;;;461;;Colis?úo Frontal;Via Iluminada;Bom;Seca;Meio de Quadra;N?úo H?í Controle;Comercial;0;1;1;1;0;0;0;0;0;1;0;0;-3,758341000000000;-38,602410000000000
255960;20;8;2015;18:50;0;AV IMPERADOR;;;1539;;Colis?úo Lateral;Via Iluminada;Bom;Seca;Meio de Quadra;Sem?íforo;Comercial;0;0;2;1;0;0;0;0;0;0;0;0;-3,734711000000000;-38,536674000000000
255964;20;8;2015;12:30;5283;AV DOM MANUEL;AV SANTOS DUMONT;;0;;Colis?úo Transversal;Luz do Dia;Bom;Seca;Cruz;Sem?íforo;Comercial;0;1;1;1;0;0;0;0;0;1;0;0;-3,728774000000000;-38,521250000000000
255965;20;8;2015;14:30;25697;RUA JOAO CORDEIRO;RUA ROCHA LIMA;;0;;Colis?úo Lateral;Luz do Dia;Bom;Seca;Cruz;Pare;Residencial;0;0;2;1;0;0;0;0;0;0;0;0;-3,738000000000000;-38,517275000000000
255969;20;8;2015;20:30;0;AV ANTONIO SALES;;;0;CLINICA JORIO DA ESCOSSIA;Colis?úo Lateral;Via Iluminada;Bom;Seca;Meio de Quadra;Outros;Outros;0;0;2;1;0;0;0;0;0;0;0;0;;
265224;20;8;2015;18:00;15105;AV HIS RAIMUNDO GIRAO;RUA BAR ARACATI;;0;;Colis?úo;Anoitecer;;;T;N?úo H?í Controle;Comercial;0;0;1;1;0;0;0;0;0;0;0;0;-3,722091000000000;-38,508496000000000
265217;20;8;2015;09:00;17388;AV JOAO PESSOA;RUA PRO TEODORICO;;0;;Colis?úo;Luz do Dia;;;Cruz;Pare;Comercial;0;1;0;0;1;0;0;0;0;1;0;0;-3,766574000000000;-38,559530000000000
265220;20;8;2015;09:14;0;AV ROGACIANO LEITE;;;444;;Colis?úo;Luz do Dia;;;Meio de Quadra;;;0;1;1;0;0;0;0;0;0;1;0;0;-3,762506000000000;-38,493887000000000
265221;20;8;2015;09:56;0;RUA MIGUEL COUTO;;;442;;Colis?úo;Luz do Dia;;;Meio de Quadra;;;0;1;1;0;0;0;1;0;0;1;0;0;-3,838500000000000;-38,489502000000000
265222;20;8;2015;16:00;0;AV BORGES DE MELO;;;822;POLICIA FEDERAL;Engavetamento;Luz do Dia;;;Meio de Quadra;;;0;1;0;1;0;0;0;0;0;1;0;0;-3,760611000000000;-38,526568000000000
265354;20;8;2015;20:00;0;AV ALBERTO CRAVEIRO;;;0;;Choque c/ Obst?ículo Fixo;;;;Meio de Quadra;;;1;0;0;0;0;0;0;0;0;1;0;0;;
265468;20;8;2015;23:10;25712;RUA RECANTO TRANQUILO;RUA DR PEDRO WILSON D45;;0;;Colis?úo;Amanhecer;;;Cruz;Pare;Residencial;1;1;0;1;0;0;0;0;0;1;0;0;-3,790151000000000;-38,544977000000000
270564;20;8;2015;09:54;1394;RUA TORRES CAMARA;RUA TIBURCIO CAVALCANTE;;0;;Colis?úo;Luz do Dia;;;Cruz;Sem?íforo;Comercial;0;0;2;0;0;0;0;0;0;0;0;0;-3,736933000000000;-38,502906000000000
270568;20;8;2015;09:57;19177;RUA BATISTA DE OLIVEIRA;RUA JOAQUIM LIMA;;0;;Colis?úo;Luz do Dia;;;Cruz;Pare;Misto;0;0;2;0;0;0;0;0;0;0;0;0;-3,741498000000000;-38,479209000000000
270570;20;8;2015;10:11;5120;AV MON TABOSA;RUA JOAO CORDEIRO;;0;;Colis?úo;Luz do Dia;;;Cruz;Sem?íforo;Comercial;0;0;1;0;0;0;0;0;0;0;0;0;-3,724009000000000;-38,512635000000000
270592;20;8;2015;10:55;0;AV WENEFRIDO MELO;;;0;;Colis?úo;Luz do Dia;;;Meio de Quadra;;;0;0;2;0;0;0;0;0;0;0;0;0;;
270587;20;8;2015;10:48;0;RUA DEP MARTINS RODRIGUES;;;0;;Colis?úo;Luz do Dia;;;Meio de Quadra;;;0;0;2;0;0;0;0;0;0;0;0;0;;
270584;20;8;2015;08:15;1696;RUA CAP ARAGAO;RUA ASP MENDES;;0;;Colis?úo;Luz do Dia;;;Cruz;Pare;Residencial;0;0;2;0;0;0;0;0;0;0;0;0;-3,765175000000000;-38,514843000000000
270577;20;8;2015;10:23;1538;AV PDE ANTONIO TOMAS;RUA LEONARDO MOTA;;0;;Colis?úo;Luz do Dia;;;Cruz;Sem?íforo;Comercial;0;0;2;0;0;0;0;0;0;0;0;0;-3,740811000000000;-38,497662000000000
270603;20;8;2015;16:43;352;RUA PEDRO DE QUEIROZ;RUA XAVIER DE OLIVEIRA;;0;;Colis?úo;Luz do Dia;;;Cruz;N?úo H?í Controle;Residencial;0;0;2;0;0;0;0;0;0;0;0;0;-3,746834000000000;-38,558367000000000
270600;20;8;2015;16:17;0;RUA EMILIO DE MENESES;;;0;;Colis?úo;Luz do Dia;;;Meio de Quadra;;;0;0;2;0;0;0;0;0;0;0;0;0;;
270597;20;8;2015;11:02;0;RUA RIO GRANDE DO SUL;;;0;;Colis?úo;Luz do Dia;;;Meio de Quadra;;;0;0;2;0;0;0;0;0;0;0;0;0;;
270598;20;8;2015;11:04;0;RUA OLIVEIRA SOBRINHO;;;0;;Colis?úo;Luz do Dia;;;Meio de Quadra;;;0;0;2;0;0;0;0;0;0;0;0;0;;
259549;20;8;2015;17:50;0;RD CE-040;;;0;KM-12;Colis?úo;Via Iluminada;;Seca;Meio de Quadra;;;0;0;3;1;0;0;1;0;0;0;0;0;-3,848945000000000;-38,476237000000000