COD_ACIDENTE;DIA;MES;ANO;HORA;INTERSECAO;LOG1;LOG2;LOG3;NUMERO;REFERENCIA;NATUREZA;ILUMINACAO;TEMPO;SUPERFICIEPISTA;TIPOCRUZAMENTO;CONTROLETRAFEGO;USOSOLO;MORTOS;FERIDOS;ILESOS;AUTOMOVEL;ONIBUS;BICICLETA;CAMINHAO;MICROONIBUS;CICLOMOTOR;MOTOCICLETA;TRACAOANIMAL;TREM;LATITUDE;LONGITUDE
259553;20;8;2015;13:30;0;RD CE-025;;;0;KM-01;Colis?úo;Luz do Dia;;Seca;Meio de Quadra;;;0;0;2;1;0;0;0;0;0;0;0;0;-3,807681000000000;-38,470976000000000
266065;20;8;2015;05:58;0;RUA CARLOS AMORA;;;0;;Queda;Amanhecer;;;Meio de Quadra;;;0;1;0;0;0;0;0;0;0;1;0;0;;
266071;20;8;2015;07:15;7211;AV PRS CASTELO BRANCO;AV DR THEBERGE;;0;;Atropelamento;Luz do Dia;;;Cruz;Sem?íforo;Comercial;0;1;1;1;0;0;0;0;0;0;0;0;-3,710079000000000;-38,563456000000000
266072;20;8;2015;07:55;0;AV CASTELO DE CASTRO;;;0;;Colis?úo;Luz do Dia;;;Meio de Quadra;;;0;1;1;1;0;0;0;0;0;1;0;0;-3,833218000000000;-38,521564000000000
266069;20;8;2015;06:43;0;AV PERIMETRAL;;;0;;Colis?úo;Luz do Dia;;;Meio de Quadra;;;0;1;1;1;0;0;0;0;0;1;0;0;;
266075;20;8;2015;08:58;0;AV SGT HERMINIO SAMPAIO;;;0;;Colis?úo;Luz do Dia;;;Meio de Quadra;;;0;1;1;1;0;0;0;0;0;1;0;0;-3,731339000000000;-38,578814000000000
266079;20;8;2015;14:18;0;AV PRS COSTA E SILVA;;;0;;Colis?úo;Luz do Dia;;;Meio de Quadra;;;0;1;1;1;0;0;0;0;0;1;0;0;;
266080;20;8;2015;15:29;10044;RUA ANTONIO NERY;RUA EMILIO DE MENESES;;0;;Colis?úo;Luz do Dia;;;Cruz;Pare;Comercial;0;1;1;1;0;0;0;0;0;1;0;0;-3,778162000000000;-38,600204000000000
266077;20;8;2015;11:21;9168;AV BORGES DE MELO;AV LUCIANO CARNEIRO;;0;;Colis?úo;Luz do Dia;;;Cruz;Sem?íforo;Residencial;0;1;1;1;0;0;0;0;0;1;0;0;-3,756465000000000;-38,534097000000000
266085;20;8;2015;15:55;0;RUA ARMANDO OLIVEIRA;;;0;;Colis?úo;Luz do Dia;;;Meio de Quadra;;;0;1;1;1;0;0;0;0;0;1;0;0;-3,739285000000000;-38,567530000000000
266087;20;8;2015;16:29;26077;AV DUQ CAXIAS;AV JOSE JATAHY;;0;;;Luz do Dia;;;T;Pare;Comercial;0;1;1;1;0;0;0;0;0;1;0;0;;
266090;20;8;2015;16:31;0;RUA PRO HERIBALDO COSTA;;;0;;Colis?úo;Luz do Dia;;;Meio de Quadra;;;0;1;0;0;0;0;0;0;0;0;0;0;-3,761936000000000;-38,584874000000000
266092;20;8;2015;17:14;0;AV ALM HENRIQUE SABOIA;;;0;;Colis?úo;Anoitecer;;;Meio de Quadra;;;0;1;1;0;0;0;0;0;0;1;0;0;;
266096;20;8;2015;23:13;0;RUA DR PEDRO WILSON D45;;;0;;Colis?úo;;;;Meio de Quadra;;;0;1;1;1;0;0;0;0;0;1;0;0;;
266094;20;8;2015;18:07;0;AV PERIMETRAL;;;0;;Colis?úo;Anoitecer;;;;;;0;1;1;1;0;0;0;0;0;1;0;0;;
266124;21;8;2015;02:53;0;RUA MODESTA;;;0;;Queda;;;;Meio de Quadra;;;0;1;0;0;0;0;0;0;0;1;0;0;-3,845682000000000;-38,522717000000000
266126;21;8;2015;03:31;0;AV JOAO PESSOA;;;0;;Choque c/ Obst?ículo Fixo;;;;Meio de Quadra;;;0;1;0;1;0;0;0;0;0;0;0;0;-3,771614000000000;-38,561612000000000
266163;21;8;2015;08:02;0;AV CEL CARVALHO;;;0;;Colis?úo;Luz do Dia;;;Meio de Quadra;;;0;1;1;0;0;0;0;0;0;1;0;0;;
266165;21;8;2015;09:46;0;AV BEZERRA DE MENEZES;;;0;;Colis?úo;Luz do Dia;;;Meio de Quadra;;;0;1;0;0;0;0;0;0;0;0;0;0;;
266166;21;8;2015;14:32;0;RUA CAP OLAVO;;;0;;Atropelamento;Luz do Dia;;;Meio de Quadra;;;0;1;1;1;0;0;0;0;0;0;0;0;-3,764871000000000;-38,516005000000000
266167;21;8;2015;14:50;0;RUA BAR RIO BRANCO;;;0;;Atropelamento;Luz do Dia;;;Meio de Quadra;;;0;1;1;0;0;0;0;0;0;1;0;0;;
266168;21;8;2015;15:14;0;AV PRS CASTELO BRANCO;;;0;;Queda;Luz do Dia;;;Meio de Quadra;;;0;1;0;0;0;0;0;0;0;1;0;0;;
266147;21;8;2015;07:09;0;AV PRS CASTELO BRANCO;;;0;;Colis?úo;Luz do Dia;;;Meio de Quadra;;;0;1;0;0;0;0;0;0;0;1;0;0;-3,722850000000000;-38,522837000000000
266143;21;8;2015;06:45;0;AV JOAO PESSOA;;;0;;Colis?úo;Luz do Dia;;;Meio de Quadra;;;0;1;1;1;0;0;0;0;0;1;0;0;-3,771614000000000;-38,561612000000000
266145;21;8;2015;06:50;0;RUA CEL FRANCISCO ALVES RIBEIRO;;;0;;Colis?úo;Luz do Dia;;;Meio de Quadra;;;0;1;1;1;0;0;0;0;0;1;0;0;-3,831917000000000;-38,509654000000000
259554;21;8;2015;07:30;0;RD CE-040;;;0;KM-02;Queda;Luz do Dia;Bom;Seca;Meio de Quadra;;;0;0;1;0;0;0;0;0;0;1;0;0;-3,776479000000000;-38,481598000000000
259559;21;8;2015;16:50;0;RD CE-040;;;0;KM-05;Colis?úo;Luz do Dia;;Seca;Meio de Quadra;;;0;0;2;1;0;0;0;0;0;0;0;0;-3,790876000000000;-38,480349000000000
259560;21;8;2015;21:00;0;RD CE-040;;;0;KM-02;Colis?úo;Via Iluminada;;Seca;Meio de Quadra;;;0;0;2;1;1;0;0;0;0;0;0;0;-3,776479000000000;-38,481598000000000
266196;21;8;2015;19:31;0;AV JOSE LEON;;;0;;Colis?úo;;;;Meio de Quadra;;;0;1;1;1;0;0;0;0;0;1;0;0;;
266202;21;8;2015;23:09;0;AV PERIMETRAL;;;0;;Colis?úo;;;;Meio de Quadra;;;0;1;1;1;0;0;0;0;0;1;0;0;;
266203;21;8;2015;23:40;0;AV CENTRAL CJ CEARA;;;0;;Colis?úo;;;;Meio de Quadra;;;0;1;1;1;0;0;0;0;0;1;0;0;;
266170;21;8;2015;15:36;0;RUA FLORO BARTOLOMEU;;;0;;Atropelamento;Luz do Dia;;;Meio de Quadra;;;0;1;1;0;0;0;0;0;0;1;0;0;-3,760006000000000;-38,509068000000000
266171;21;8;2015;16:41;0;AV GAL OSORIO DE PAIVA;;;0;;Atropelamento;Luz do Dia;;;Meio de Quadra;;;0;1;1;0;0;0;0;0;0;1;0;0;;
266172;21;8;2015;18:08;0;RUA NORUEGA;;;0;;Colis?úo;Anoitecer;;;Meio de Quadra;;;0;1;1;1;0;0;0;0;0;1;0;0;-3,790215000000000;-38,565001000000000
266175;21;8;2015;18:11;0;AV DR SILAS MUNGUBA;;;0;;Colis?úo;Anoitecer;;;Meio de Quadra;;;0;1;1;0;0;0;0;0;0;1;0;0;-3,780573000000000;-38,558764000000000
266180;21;8;2015;18:29;0;RUA MARIO MAMEDE;;;0;;Colis?úo;Anoitecer;;;Meio de Quadra;;;0;1;1;1;0;0;0;0;0;1;0;0;-3,749465000000000;-38,531227000000000
270604;21;8;2015;00:19;17361;RUA BAR CANINDE;RUA BAR SOBRAL;;0;;Colis?úo;;;;Cruz;Pare;Misto;0;0;2;0;0;0;0;0;0;0;0;0;-3,766148000000000;-38,555751000000000
270613;21;8;2015;11:02;0;AV DIOGUINHO;;;0;;Colis?úo;Luz do Dia;;;Meio de Quadra;;;0;0;2;0;0;0;0;0;0;0;0;0;;
270607;21;8;2015;00:41;5188;RUA NOGUEIRA ACIOLI;RUA TEN BENEVOLO;;0;;Colis?úo;;;;Cruz;Pare;Residencial;0;0;2;0;0;0;0;0;0;0;0;0;-3,725858000000000;-38,515591000000000
270611;21;8;2015;07:20;12620;RUA COS LAFAYETE;RUA TULIPA;;0;;Colis?úo;Luz do Dia;;;Cruz;Pare;Residencial;0;0;2;0;0;0;0;0;0;0;0;0;-3,718159000000000;-38,580936000000000
270631;21;8;2015;19:11;14974;RUA LOURENCO PESSOA;RUA NORUEGA;;0;;Colis?úo;;;;;;;0;0;2;0;0;0;0;0;0;0;0;0;;
270616;21;8;2015;12:36;0;AV RAD JOSE LIMA VERDE;;;0;;Colis?úo;Luz do Dia;;;Meio de Quadra;;;0;0;2;0;0;0;0;0;0;0;0;0;;
270626;21;8;2015;14:17;19692;RUA AZEVEDO BOLAO;RUA PRO ANACLETO;;0;;Colis?úo;Luz do Dia;;;Cruz;Pare;Residencial;0;0;2;0;0;0;0;0;0;0;0;0;-3,735640000000000;-38,552765000000000
270621;21;8;2015;12:57;0;RUA JUA;;;0;;Colis?úo;Luz do Dia;;;Meio de Quadra;;;0;0;2;0;0;0;0;0;0;0;0;0;;
270623;21;8;2015;12:58;0;TR HILDEBRANDO DE MELO;;;0;;Colis?úo;Luz do Dia;;;Meio de Quadra;;;0;0;2;0;0;0;0;0;0;0;0;0;;
270619;21;8;2015;12:53;0;AV EDILSON B SOARES;;;0;;Colis?úo;Luz do Dia;;;Meio de Quadra;;;0;0;2;0;0;0;0;0;0;0;0;0;;
270644;21;8;2015;22:33;0;RUA BERNARDO MANUEL;;;0;;Colis?úo;;;;Meio de Quadra;;;0;0;2;0;0;0;0;0;0;0;0;0;;
270635;21;8;2015;21:33;0;AV BEZERRA DE MENEZES;;;0;;Colis?úo;;;;Meio de Quadra;;;0;0;2;0;0;0;0;0;0;0;0;0;;
255966;21;8;2015;03:00;19596;RUA NEREU RAMOS;RUA TCHECOSLOVAQUIA;;0;;Colis?úo Transversal;Via Iluminada;Bom;Seca;Cruz;Pare;Comercial;1;1;1;1;0;0;0;0;0;1;0;0;-3,785913000000000;-38,570458000000000
255974;21;8;2015;01:30;25420;AV ALM HENRIQUE SABOIA;RUA PRO SILAS RIBEIRO;;0;;Colis?úo Traseira;Via Iluminada;Bom;Seca;T;Sem?íforo Intermitente;Comercial;0;0;3;1;0;0;0;0;0;0;0;0;;
255961;21;8;2015;12:30;0;RUA LUIS VIEIRA;;;786;;Colis?úo Traseira;Luz do Dia;Bom;Seca;Meio de Quadra;N?úo H?í Controle;Comercial;0;0;2;1;0;0;1;0;0;0;0;0;-3,791469000000000;-38,588392000000000
255925;21;8;2015;14:10;0;AV ABOLICAO;;;2900;;Engavetamento;Luz do Dia;Bom;Seca;;;;0;0;3;1;0;0;0;0;0;0;0;0;-3,726989000000000;-38,493317000000000
255941;21;8;2015;15:15;1375;AV SANTOS DUMONT;RUA BARBOSA DE FREITAS;;0;;Colis?úo Traseira;Luz do Dia;Bom;Seca;Cruz;Sem?íforo;Comercial;0;0;2;0;1;0;0;0;0;0;0;0;-3,736551000000000;-38,497363000000000
255918;21;8;2015;18:10;371;RUA ERICO MOTA;RUA ZEMARIO MAMEDE;;0;;Colis?úo Transversal;Via Iluminada;Bom;Seca;Cruz;Pare;Residencial;0;2;1;1;0;0;0;0;0;1;0;0;-3,748689000000000;-38,560266000000000
255907;21;8;2015;15:10;24943;AV ABOLICAO;AV ALM HENRIQUE SABOIA;;0;;Colis?úo Lateral;Luz do Dia;Bom;Seca;T;Sem?íforo;Comercial;0;0;2;0;1;0;0;0;0;0;0;0;-3,722615000000000;-38,479798000000000
255913;21;8;2015;20:45;5079;RUA AGAPITO DOS SANTOS;RUA SAO PAULO;;0;;Colis?úo Transversal;Via Iluminada;Bom;Seca;Cruz;N?úo H?í Controle;Residencial;0;2;1;1;0;0;0;0;0;1;0;0;-3,722650000000000;-38,537811000000000
255979;21;8;2015;12:40;0;AV WENEFRIDO MELO;;;141;;Colis?úo Lateral;Luz do Dia;Bom;Seca;Meio de Quadra;N?úo H?í Controle;Residencial;0;0;2;1;0;0;0;0;0;1;0;0;-3,808851000000000;-38,577902000000000
255984;21;8;2015;15:40;12457;AV AUGUSTO DOS ANJOS;AV SEN FERNANDES TAVORA;;0;;Colis?úo Traseira;Luz do Dia;Bom;Seca;Cruz;Sem?íforo;Comercial;0;0;2;1;0;0;0;0;0;0;0;0;-3,770153000000000;-38,570427000000000
255883;21;8;2015;17:30;1437;RUA JOAO CARVALHO;RUA SILVA PAULET;;0;;Colis?úo Transversal;Via Iluminada;Bom;Seca;Cruz;Pare;Escola;0;0;2;1;0;0;0;0;0;0;0;0;-3,737966000000000;-38,506557000000000
255890;21;8;2015;06:30;0;RUA ALVES RIBEIRO;;;0;;Colis?úo Transversal;Luz do Dia;Bom;Seca;Meio de Quadra;N?úo H?í Controle;Residencial;0;1;1;1;0;0;0;0;0;1;0;0;-3,821480000000000;-38,497962000000000
255892;21;8;2015;06:40;19753;RUA ERICO MOTA;RUA AZEVEDO BOLAO;;0;;Colis?úo Transversal;Luz do Dia;Bom;Seca;Cruz;Pare;Residencial;0;1;2;1;0;0;0;0;0;1;0;0;-3,737645000000000;-38,562522000000000
255899;21;8;2015;18:00;5392;RUA PINTO MADEIRA;RUA NOGUEIRA ACIOLI;;0;;Colis?úo Transversal;Via Iluminada;Bom;Seca;Cruz;Pare;Misto;0;0;2;1;0;0;0;0;0;0;0;0;-3,732292000000000;-38,517559000000000
255887;21;8;2015;14:00;9153;AV 13 DE MAIO;RUA PAULA RODRIGUES;;0;;Engavetamento;Luz do Dia;Bom;Seca;;Sem?íforo;Comercial;0;0;3;1;0;0;0;0;0;0;0;0;-3,752271000000000;-38,525876000000000
255842;21;8;2015;08:00;0;AV VIS RIO BRANCO;;;3806;;Colis?úo Lateral;Luz do Dia;Bom;Molhada;Meio de Quadra;N?úo H?í Controle;Comercial;0;0;3;0;0;0;0;0;0;1;0;0;-3,754589000000000;-38,520276000000000
255830;21;8;2015;15:30;0;AV AGUANAMBI;;;46;;Colis?úo Lateral;Luz do Dia;Bom;Seca;Meio de Quadra;N?úo H?í Controle;Comercial;0;0;2;1;0;0;1;0;0;0;0;0;-3,737660000000000;-38,524239000000000
255839;21;8;2015;18:40;0;RUA ASSUNCAO;;;1450;;Colis?úo Lateral;Anoitecer;Bom;Seca;Meio de Quadra;N?úo H?í Controle;Residencial;0;0;2;1;0;0;0;0;0;0;0;0;-3,742314000000000;-38,531250000000000
255857;21;8;2015;19:30;22109;RUA MON FURTADO;RUA GUSTAVO BRAGA;;0;;Colis?úo Transversal;Via Iluminada;Bom;Seca;Cruz;N?úo H?í Controle;Residencial;0;1;1;1;0;1;0;0;0;0;0;0;-3,750477000000000;-38,553203000000000
255852;21;8;2015;18:20;13731;RUA REV BOLIVAR P BANDEIRA;RUA LUIZA MIRANDA COELHO;;0;;Colis?úo Transversal;Luz do Dia;Bom;Material Derrapante;Rotat??ria;D?¬ Prefer?¬ncia;Residencial;0;1;1;1;0;0;0;0;0;1;0;0;-3,773169000000000;-38,493165000000000
255853;21;8;2015;08:40;0;AV PONTES VIEIRA;;;662;;Colis?úo Traseira;Luz do Dia;Bom;Seca;Meio de Quadra;N?úo H?í Controle;Comercial;0;0;2;1;0;0;0;0;0;0;0;0;-3,752922000000000;-38,515177000000000
255846;21;8;2015;16:30;0;AV LUCIANO CARNEIRO;;;0;;Colis?úo Traseira;Luz do Dia;Bom;Seca;Meio de Quadra;N?úo H?í Controle;Comercial;0;0;2;1;0;0;0;0;0;0;0;0;;
255847;21;8;2015;09:20;19540;RUA CASIMIRO DE ABREU;RUA JULIO GASPAR;;0;;Colis?úo Transversal;Luz do Dia;Bom;Seca;Cruz;Pare;Residencial;0;1;2;1;1;0;0;0;0;0;0;0;-3,782426000000000;-38,563108000000000
255865;21;8;2015;08:00;15120;RUA ANTONIO AUGUSTO;RUA DR ATUALPA BARBOSA LIMA (P. IRACEMA);;0;;Colis?úo Lateral;Luz do Dia;Bom;Seca;Cruz;Pare;Residencial;0;0;2;1;0;0;0;0;0;0;0;0;-3,723259000000000;-38,511198000000000
264408;21;8;2015;20:35;0;AV PRS COSTA E SILVA;;;0;;Colis?úo;;;;Meio de Quadra;;;0;0;2;1;0;0;0;0;0;0;0;0;;
264410;22;8;2015;00:02;0;RUA SEBASTIAO DE ABREU;;;0;;Colis?úo;;;;Meio de Quadra;;;0;0;2;1;0;0;0;0;0;0;0;0;;
264412;22;8;2015;01:36;0;RUA ZACARIAS GONDIM;;;0;;Colis?úo;;;;Meio de Quadra;;;0;0;2;1;0;0;0;0;0;0;0;0;;
255848;22;8;2015;18:40;22147;RUA PAPI JUNIOR;RUA GUSTAVO BRAGA;;0;;Colis?úo Lateral;Anoitecer;Bom;Seca;Cruz;N?úo H?í Controle;Residencial;0;2;1;1;0;0;0;0;0;1;0;0;-3,749148000000000;-38,554656000000000
255849;22;8;2015;08:20;1250;RUA COSTA BARROS;AV BAR STUDART;;0;;Colis?úo Lateral;Luz do Dia;Nublado;Molhada;Cruz;Sem?íforo;Comercial;0;0;3;1;0;0;0;0;0;0;0;0;-3,732231000000000;-38,505837000000000
255850;22;8;2015;09:00;8936;AV DOMINGOS OLIMPIO;RUA PRC ISABEL;;0;;Colis?úo Transversal;Luz do Dia;Bom;Seca;Cruz;Sem?íforo;Comercial;0;0;3;1;0;0;0;0;0;1;0;0;-3,734438000000000;-38,537790000000000
255851;22;8;2015;10:30;3876;AV DA UNIVERSIDADE;RUA JOAQUIM MAGALHAES;;0;;Colis?úo Lateral;Luz do Dia;Bom;Seca;T;Pare;Comercial;0;0;2;1;0;0;0;0;0;0;0;0;-3,737079000000000;-38,535589000000000
255838;22;8;2015;17:00;1381;AV HERACLITO GRACA;RUA ILDEFONSO ALBANO;;0;;Colis?úo Traseira;Luz do Dia;Bom;Seca;Duplo T;Sem?íforo;Residencial;0;0;2;1;0;0;0;0;0;0;0;0;-3,736795000000000;-38,514339000000000
255856;22;8;2015;14:10;6756;AV ANTONIO SALES;AV ENG SANTANA JUNIOR;;0;;Colis?úo Traseira;Luz do Dia;Bom;Seca;Outros;Outros;Residencial;0;0;2;1;0;0;0;0;0;0;0;0;-3,749257000000000;-38,490039000000000
255862;22;8;2015;06:30;13177;AV I CJ JOSE WALTER;AV D CJ JOSE WALTER;;0;;Colis?úo Transversal;Luz do Dia;Bom;Molhada;Rotat??ria;D?¬ Prefer?¬ncia;Residencial;0;0;3;1;0;0;0;0;0;1;0;0;-3,832440000000000;-38,552957000000000
255860;22;8;2015;07:00;5109;AV ALBERTO NEPOMUCENO;RUA DR JOAO MOREIRA;;0;;Colis?úo Transversal;Luz do Dia;Bom;Molhada;Cruz;Sem?íforo;Comercial;0;1;1;1;0;0;0;0;0;1;0;0;-3,723737000000000;-38,524608000000000
255864;22;8;2015;07:40;26177;RUA BERNARDO MANUEL;RUA H CJ MONTENEGRO I;;0;;Engavetamento;Luz do Dia;Bom;Seca;T;Pare;Residencial;0;0;3;0;0;0;0;0;0;1;0;0;;
255832;22;8;2015;07:00;25149;RUA MON CATAO;AV DOM LUIS;;0;;Colis?úo Lateral;Luz do Dia;Nublado;Molhada;Duplo T;Pare;Comercial;0;0;2;1;1;0;0;0;0;0;0;0;-3,735758000000000;-38,489602000000000
255843;22;8;2015;15:30;14511;RUA ADELIA FEIJO;RUA INES BRASIL;;0;;Colis?úo Transversal;Luz do Dia;Bom;Seca;Cruz;Pare;Comercial;0;0;2;1;0;0;0;1;0;0;0;0;-3,803544000000000;-38,518970000000000
255835;22;8;2015;13:00;0;RUA GAL ONOFRE;;;86;;Colis?úo Transversal;Luz do Dia;Bom;Seca;Meio de Quadra;Pare;Residencial;0;0;2;1;0;0;0;0;0;1;0;0;-3,807327000000000;-38,572978000000000
255902;22;8;2015;13:40;0;AV ABOLICAO;;;3808;;Colis?úo Frontal;Luz do Dia;Bom;Seca;Meio de Quadra;;Comercial;0;0;2;1;0;0;0;0;0;0;0;0;-3,725616000000000;-38,485388000000000
255900;22;8;2015;16:00;0;RUA ANTONIO POMPEU;;;1230;;Colis?úo Traseira;Luz do Dia;Bom;Seca;Meio de Quadra;Sem?íforo;Comercial;0;0;2;1;0;0;0;0;0;0;0;0;-3,733413000000000;-38,535010000000000
255894;22;8;2015;08:00;19437;AV DR SILAS MUNGUBA;RUA CASIMIRO DE ABREU;;0;;Colis?úo Transversal;Luz do Dia;Chuva;Seca;T;Sem?íforo;Misto;0;0;2;1;0;0;0;0;0;0;0;0;-3,779395000000000;-38,560637000000000
255898;22;8;2015;07:10;0;AV JOAO PESSOA;;;6600;;Colis?úo Lateral;Luz do Dia;Chuva;Molhada;Meio de Quadra;N?úo H?í Controle;Comercial;1;0;2;0;1;0;0;0;0;1;0;0;-3,767508000000000;-38,559916000000000
255884;22;8;2015;12:30;11293;RUA ROSA CRUZ;RUA LEON GRADVOHL;;0;;Colis?úo Lateral;Luz do Dia;Bom;Seca;Cruz;N?úo H?í Controle;Residencial;0;1;1;0;0;0;0;0;0;1;0;0;-3,798812000000000;-38,567025000000000
255880;22;8;2015;15:45;17350;RUA JOAO FIRMINO;RUA BAR SOBRAL;;0;;Colis?úo Transversal;Luz do Dia;Bom;Seca;Cruz;Pare;Residencial;0;0;2;1;0;0;0;0;0;1;0;0;-3,765714000000000;-38,556531000000000
255889;22;8;2015;14:30;0;AV SANTOS DUMONT;;;6021;;Colis?úo Traseira;Luz do Dia;Bom;Seca;Meio de Quadra;N?úo H?í Controle;Comercial;0;0;2;1;0;0;0;0;0;0;0;0;-3,742821000000000;-38,477907000000000
255886;22;8;2015;02:00;5504;RUA PDE VALDEVINO;RUA JOAO CORDEIRO;;0;;Colis?úo Transversal;Via Iluminada;Bom;Molhada;Cruz;Sem?íforo;Residencial;0;0;2;1;0;0;0;0;0;0;0;0;-3,738896000000000;-38,517550000000000
255911;22;8;2015;20:30;15144;AV MON TABOSA;AV RUI BARBOSA;;0;;Colis?úo Transversal;Via Iluminada;Bom;Seca;Cruz;Pare;Comercial;0;0;2;1;0;0;0;0;0;0;0;0;-3,724441000000000;-38,505696000000000
255917;22;8;2015;11:00;7903;AV ANTONIO SALES;RUA CEL LINHARES;;0;;Colis?úo Transversal;Luz do Dia;Bom;Seca;;Sem?íforo;Comercial;0;0;2;1;0;0;0;0;0;0;0;0;-3,746964000000000;-38,497481000000000
255923;22;8;2015;10:00;0;RUA RAUL CABRAL;;;0;;Colis?úo Traseira;Luz do Dia;Bom;Seca;Meio de Quadra;N?úo H?í Controle;Comercial;0;0;2;1;0;0;0;0;0;0;0;0;;
255934;22;8;2015;18:40;15374;AV DOM LUIS;RUA FREDERICO BORGES;;0;;Colis?úo Lateral;Via Iluminada;Bom;Seca;Cruz;Sem?íforo;Comercial;0;0;2;1;0;0;0;0;0;0;0;0;-3,735890000000000;-38,489136000000000
255928;22;8;2015;09:00;0;AV JOAO PESSOA;;;6933;;Colis?úo Traseira;Luz do Dia;Nublado;Molhada;Meio de Quadra;N?úo H?í Controle;Residencial;0;0;2;1;0;0;0;0;0;1;0;0;-3,770339000000000;-38,561088000000000
255956;22;8;2015;05:00;0;AV PRS COSTA E SILVA;;;4677;CHESF;Choque c/ Obst?ículo Fixo;Amanhecer;Chuva;Molhada;Meio de Quadra;Outros;Rural;1;0;0;0;0;0;0;0;0;1;0;0;-3,825895000000000;-38,538498000000000
255957;22;8;2015;07:50;0;AV HERACLITO GRACA;;;148;;Engavetamento;Luz do Dia;Nublado;Molhada;Meio de Quadra;Sem?íforo;Comercial;0;0;2;1;0;0;0;0;0;0;0;0;-3,733988000000000;-38,523030000000000
255958;22;8;2015;07:00;0;AV GAL OSORIO DE PAIVA;;;528;;Colis?úo Transversal;Luz do Dia;Nublado;Seca;Meio de Quadra;N?úo H?í Controle;Escola;0;0;2;1;0;0;0;0;0;0;0;0;-3,776111000000000;-38,567253000000000
255949;22;8;2015;08:00;5334;RUA DNA LEOPOLDINA;RUA FRANKLIN TAVORA;;0;;Colis?úo Lateral;Luz do Dia;Nublado;Seca;Cruz;Pare;Comercial;0;0;2;1;1;0;0;0;0;0;0;0;-3,730619000000000;-38,519361000000000
255944;22;8;2015;03:00;24337;RUA ABELARDO MARINHO;RUA JORGE ACURCIO;;0;;Colis?úo Transversal;Via Iluminada;Bom;Seca;Cruz;Pare;Residencial;0;1;2;1;0;0;0;0;0;0;0;0;-3,764071000000000;-38,531070000000000
255946;22;8;2015;09:00;0;RUA VALMIR PONTES;;;0;;Colis?úo Lateral;Luz do Dia;Bom;Seca;T;N?úo H?í Controle;Escola;0;0;2;1;0;0;0;0;0;0;0;0;;
255954;22;8;2015;17:05;0;RUA DEP MOREIRA DA ROCHA;;;41;;Colis?úo Traseira;Luz do Dia;Bom;Seca;Meio de Quadra;Outros;Comercial;0;0;3;1;0;0;0;0;0;0;0;0;-3,726539000000000;-38,512904000000000
255952;22;8;2015;19:28;0;RUA CARLOS JEREISSATI (JD DAS OLIVEIRAS);;;668;;Atropelamento;;Bom;Seca;Meio de Quadra;;Lazer;0;1;1;0;0;0;0;0;0;1;0;0;-3,787055000000000;-38,497528000000000
259163;22;8;2015;08:00;0;RD BR 116;;;5000;KM-05;Colis?úo Lateral;Luz do Dia;Bom;Seca;Meio de Quadra;N?úo H?í Controle;Comercial;0;0;2;1;1;0;0;0;0;0;0;0;-3,796502000000000;-38,506787000000000
259166;22;8;2015;13:20;0;RD BR 116;;;1000;KM-01;Colis?úo Traseira;Luz do Dia;Bom;Seca;Meio de Quadra;N?úo H?í Controle;Comercial;0;0;4;1;0;0;0;0;0;0;0;0;-3,762554000000000;-38,518702000000000
259171;22;8;2015;16:00;0;RD BR 116;;;5000;KM-05;Queda;Luz do Dia;Bom;Seca;Meio de Quadra;N?úo H?í Controle;Comercial;0;1;0;0;0;0;0;0;0;0;0;0;-3,796502000000000;-38,506787000000000
259172;22;8;2015;16:10;0;RD BR 116;;;16000;KM-16;Outros;Luz do Dia;Bom;Seca;Meio de Quadra;N?úo H?í Controle;Comercial;0;0;1;1;0;0;0;0;0;0;0;0;;
259174;22;8;2015;18:30;0;RD BR 116;;;3000;KM-03;Queda;Anoitecer;Bom;Seca;Meio de Quadra;N?úo H?í Controle;Comercial;0;1;0;0;0;0;0;0;0;1;0;0;-3,779838000000000;-38,514372000000000
270650;22;8;2015;06:32;0;AV JOAO PESSOA;;;0;;Colis?úo;Luz do Dia;;;Meio de Quadra;;;0;0;2;0;0;0;0;0;0;0;0;0;;
270651;22;8;2015;07:53;0;RUA JOSE AVELINO;;;0;;Colis?úo;Luz do Dia;;;Meio de Quadra;;;0;0;2;0;0;0;0;0;0;0;0;0;;
270661;22;8;2015;09:50;0;RUA PRIMEIRO DE ABRIL;;;0;;Colis?úo;Luz do Dia;;;;;;0;0;2;0;0;0;0;0;0;0;0;0;;
270670;22;8;2015;15:01;21541;RUA SAO FIDELIS D71;RUA TULIPA NEGRA;;0;;Colis?úo;Luz do Dia;;;;;;0;0;2;0;0;0;0;0;0;0;0;0;-3,822364000000000;-38,593467000000000
270671;22;8;2015;18:47;571;RUA SILVIO ROMERO;RUA COELHO NETO;;0;;Colis?úo;;;;Cruz;N?úo H?í Controle;Residencial;0;0;2;0;0;0;0;0;0;0;0;0;-3,718451000000000;-38,570252000000000
270673;22;8;2015;19:56;0;AV JOSE JATAHY;;;0;;Atropelamento;;;;Meio de Quadra;;;0;0;2;0;0;0;0;0;0;0;0;0;;