COD_ACIDENTE;DIA;MES;ANO;HORA;INTERSECAO;LOG1;LOG2;LOG3;NUMERO;REFERENCIA;NATUREZA;ILUMINACAO;TEMPO;SUPERFICIEPISTA;TIPOCRUZAMENTO;CONTROLETRAFEGO;USOSOLO;MORTOS;FERIDOS;ILESOS;AUTOMOVEL;ONIBUS;BICICLETA;CAMINHAO;MICROONIBUS;CICLOMOTOR;MOTOCICLETA;TRACAOANIMAL;TREM;LATITUDE;LONGITUDE
270666;22;8;2015;12:11;12643;RUA ALBERTO FERREIRA;RUA GUILHERME MENDES;;0;;Colis?úo;Luz do Dia;;;Cruz;Pare;Residencial;0;0;2;0;0;0;0;0;0;0;0;0;-3,721019000000000;-38,583132000000000
270667;22;8;2015;14:31;0;AV SORIANO ALBUQUERQUE;;;0;;Colis?úo;Luz do Dia;;;Meio de Quadra;;;0;0;2;0;0;0;0;0;0;0;0;0;;
270684;22;8;2015;22:23;25754;RUA ATILANO MOURA;RUA AUGUSTO J BENEVIDES;;0;;Choque c/ Obst?ículo Fixo;;;;;;;0;0;1;0;0;0;0;0;0;0;0;0;;
270685;22;8;2015;22:23;0;RUA 818 CJ CEARA;;;0;;Choque c/ Obst?ículo Fixo;;;;Meio de Quadra;;;0;0;1;0;0;0;0;0;0;0;0;0;;
270663;22;8;2015;10:13;0;RUA MARIA JOSE DE SOUSA;;;0;;Atropelamento;Luz do Dia;;;Meio de Quadra;;;0;0;2;0;0;0;0;0;0;0;0;0;;
270664;22;8;2015;11:54;0;RUA PARAGUACU D45;;;0;;;Luz do Dia;;;Meio de Quadra;;;0;0;2;0;0;0;0;0;0;0;0;0;;
270688;22;8;2015;22:40;13076;AV B CJ JOSE WALTER;AV I CJ JOSE WALTER;;0;;Colis?úo;;;;T;N?úo H?í Controle;Residencial;0;0;2;0;0;0;0;0;0;0;0;0;-3,827806000000000;-38,551546000000000
270689;22;8;2015;22:45;7923;AV GOV RAUL BARBOSA;RUA ISAC AMARAL;;0;;Colis?úo;;;;;Sem?íforo;Comercial;0;0;2;0;0;0;0;0;0;0;0;0;-3,753019000000000;-38,503726000000000
270691;22;8;2015;23:05;9140;AV FELINO BARROSO;RUA PDE BARBOSA DE JESUS;;0;;Colis?úo;;;;;;;0;0;2;0;0;0;0;0;0;0;0;0;-3,749106000000000;-38,527957000000000
270692;22;8;2015;23:25;9612;RUA SGT JOAO PINHEIRO;RUA OSCAR ARARIPE;;0;;Colis?úo;;;;Cruz;Pare;Comercial;0;0;2;0;0;0;0;0;0;0;0;0;-3,783833000000000;-38,623073000000000
270694;22;8;2015;23:35;2116;AV PRS CASTELO BRANCO;AV RAD JOSE LIMA VERDE;;0;;Colis?úo;;;;Outros;Pare;Misto;0;0;2;0;0;0;0;0;0;0;0;0;-3,699825000000000;-38,588134000000000
270695;22;8;2015;23:54;15258;RUA PEREIRA FILGUEIRAS;RUA ANTONIO AUGUSTO;;0;;Colis?úo;;;;Cruz;Pare;Comercial;0;0;2;0;0;0;0;0;0;0;0;0;-3,728380000000000;-38,512866000000000
265362;22;8;2015;08:40;0;RD CE-040;;;0;KM-12;Choque c/ Obst?ículo Fixo;Luz do Dia;;;Meio de Quadra;;;0;1;0;1;0;0;0;0;0;0;0;0;-3,848945000000000;-38,476237000000000
266206;22;8;2015;03:26;0;RUA DR ATUALPA (V. ELERY);;;0;;Queda;;;;Meio de Quadra;;;0;1;0;0;0;0;0;0;0;1;0;0;;
266210;22;8;2015;05:46;0;AV JOAO PESSOA;;;0;;Colis?úo;Amanhecer;;;Meio de Quadra;;;0;1;1;0;0;0;0;0;0;1;0;0;-3,755381000000000;-38,552098000000000
266211;22;8;2015;07:18;0;RD BR 116;;;0;;Queda;Luz do Dia;;;Meio de Quadra;;;0;1;0;0;0;0;0;0;0;1;0;0;;
266212;22;8;2015;09:35;0;RUA PRO HERIBALDO COSTA;;;0;;Colis?úo;Luz do Dia;;;Meio de Quadra;;;0;1;1;1;0;0;0;0;0;1;0;0;-3,758942000000000;-38,583296000000000
266213;22;8;2015;09:44;0;RUA DES HERMES PARAHYBA;;;0;;Queda;Luz do Dia;;;Meio de Quadra;;;0;1;0;0;0;0;0;0;0;1;0;0;-3,712485000000000;-38,593708000000000
266214;22;8;2015;09:57;0;RUA AMARO JOSE DE SOUZA;;;0;;Atropelamento;Luz do Dia;;;Meio de Quadra;;;0;1;1;1;0;0;0;0;0;0;0;0;-3,825649000000000;-38,566988000000000
266215;22;8;2015;12:05;0;RUA GUILHERME MENDES;;;0;;Colis?úo;Luz do Dia;;;Meio de Quadra;;;0;1;1;0;0;0;0;0;0;1;0;0;-3,721025000000000;-38,583050000000000
266208;22;8;2015;03:28;0;RUA GEORGE ROCHA;;;0;;Queda;;;;Meio de Quadra;;;0;1;0;0;0;0;0;0;0;1;0;0;;
266287;22;8;2015;13:05;11020;RUA GERMANO FRANCK;RUA AJURAMA;;0;;Colis?úo;Luz do Dia;;;T;Sem?íforo;Residencial;0;1;1;1;0;0;0;0;0;1;0;0;-3,773829000000000;-38,557982000000000
266315;22;8;2015;16:15;0;RD BR 116;;;4000;KM-04;Queda;Luz do Dia;;;Meio de Quadra;;;0;1;0;0;0;0;0;0;0;1;0;0;-3,788331000000000;-38,510646000000000
266319;22;8;2015;16:40;3242;RUA PRIMEIRO DE MAIO D34;RUA JOSE ARISTOTELES GONDIM;;0;;Colis?úo;Luz do Dia;;;Cruz;Pare;Residencial;0;1;1;1;0;0;0;0;0;1;0;0;-3,783524000000000;-38,586280000000000
266305;22;8;2015;15:52;12849;RUA SALDANHA MARINHO;RUA ASSUNCAO;;0;;Colis?úo;Luz do Dia;;;Cruz;Pare;Residencial;0;1;1;1;0;0;0;0;0;1;0;0;-3,742314000000000;-38,531231000000000
266296;22;8;2015;14:03;12620;RUA COS LAFAYETE;RUA TULIPA;;0;;Colis?úo;Luz do Dia;;;Cruz;Pare;Residencial;0;1;1;0;0;0;0;0;0;1;0;0;-3,718159000000000;-38,580936000000000
266301;22;8;2015;15:49;0;RUA GAL SAMPAIO;;;0;;Colis?úo;Luz do Dia;;;Meio de Quadra;;;0;1;1;0;0;0;0;0;0;1;0;0;;
266298;22;8;2015;15:01;17428;RUA CESAR ROSSAS;RUA ALBERTO MAGNO;;0;;Colis?úo;Luz do Dia;;;Cruz;Sem?íforo;Comercial;0;1;1;1;0;0;0;0;0;1;0;0;-3,768561000000000;-38,552686000000000
266299;22;8;2015;15:14;0;AV VIS RIO BRANCO;;;0;;Colis?úo;Luz do Dia;;;Meio de Quadra;;;0;1;1;1;0;0;0;0;0;1;0;0;;
266294;22;8;2015;13:16;0;AV DR SILAS MUNGUBA;;;0;;Colis?úo;Luz do Dia;;;Meio de Quadra;;;0;1;1;1;0;0;0;0;0;1;0;0;-3,788347000000000;-38,546127000000000
266378;22;8;2015;01:50;0;RUA JULIO BRAGA;;;0;;Colis?úo;;;;Meio de Quadra;;;0;1;1;1;0;0;0;0;0;0;0;0;;
266372;22;8;2015;00:34;10404;AV D CJ CEARA;AV E CJ CEARA;;0;;Colis?úo;;;;Y;Pare;Residencial;0;1;1;1;0;0;0;0;0;1;0;0;-3,759930000000000;-38,603746000000000
266360;22;8;2015;19:13;21883;RUA DEP MATOSO FILHO;RUA EMILIA GONCALVES;;0;;Colis?úo;;;;Cruz;Pare;Residencial;0;1;1;1;0;0;0;0;0;1;0;0;-3,733400000000000;-38,592575000000000
266365;22;8;2015;20:41;0;AV ODILON GUIMARAES;;;0;;Queda;;;;Meio de Quadra;;;0;1;0;0;0;0;0;0;0;1;0;0;-3,816007000000000;-38,470040000000000
266366;22;8;2015;21:30;6817;RUA FRANCISCO MATOS;RUA BENTO ALBUQUERQUE;;0;;Colis?úo;;;;Cruz;Pare;Residencial;0;1;1;1;0;0;0;0;0;1;0;0;-3,747862000000000;-38,470436000000000
266362;22;8;2015;20:10;19695;RUA CRUZ SALDANHA;RUA AZEVEDO BOLAO;;0;;Colis?úo;;;;Cruz;N?úo H?í Controle;Residencial;0;1;0;1;0;0;0;0;0;0;0;0;-3,735858000000000;-38,553848000000000
266352;22;8;2015;18:13;4612;AV OLIVEIRA PAIVA;AV WASHINGTON SOARES;;0;;Queda;Anoitecer;;;;;;0;1;0;0;0;0;0;0;0;1;0;0;-3,795695000000000;-38,479908000000000
266357;22;8;2015;18:52;0;RD BR 116;;;0;;Queda;;;;Meio de Quadra;;;0;1;0;0;0;0;0;0;0;1;0;0;;
266313;22;8;2015;16:10;0;AV GAL OSORIO DE PAIVA;;;0;;Colis?úo;Luz do Dia;;;Meio de Quadra;;;0;1;0;0;0;0;0;0;0;0;0;0;-3,807958000000000;-38,605198000000000
266325;22;8;2015;17:01;0;AV ALM HENRIQUE SABOIA;;;0;;Queda;Anoitecer;;;Meio de Quadra;;;0;1;0;0;0;0;0;0;0;1;0;0;-3,741681000000000;-38,488299000000000
259565;22;8;2015;08:35;0;AV SEN CARLOS JEREISSATI (AEROPORTO);;;0;KM 01;Colis?úo;Luz do Dia;;Seca;Meio de Quadra;;;0;0;2;1;0;0;0;0;0;0;0;0;-3,783803000000000;-38,520356000000000
259566;22;8;2015;22:30;0;RD CE-065;;;0;KM-03;Colis?úo;Via Iluminada;;Seca;Meio de Quadra;;;0;0;2;1;0;0;0;0;0;1;0;0;;
259217;22;8;2015;07:00;0;RD BR 222;;;0;KM-01;Colis?úo Traseira;Luz do Dia;Bom;Seca;Meio de Quadra;N?úo H?í Controle;Comercial;1;0;1;1;0;0;0;0;0;0;0;0;-3,737774000000000;-38,577952000000000
257667;22;8;2015;09:30;0;RUA DEMETRIO MENEZES;;;1861;TERM. ANTONIO BEZERRA;Colis?úo Transversal;Luz do Dia;Bom;Seca;Meio de Quadra;N?úo H?í Controle;Comercial;0;0;2;1;1;0;0;0;0;0;0;0;-3,736655000000000;-38,584051000000000
266444;23;8;2015;05:40;0;AV DEP PAULINO ROCHA;;;0;;Colis?úo;Amanhecer;;;Meio de Quadra;;;0;1;1;1;0;0;0;0;0;1;0;0;;
266448;23;8;2015;07:05;0;RUA DEP OSWALDO STUDART;;;0;;Colis?úo;Luz do Dia;;;Meio de Quadra;;;0;1;1;1;0;0;0;0;0;1;0;0;;
266449;23;8;2015;10:32;0;RUA SGT BARBOSA D70;;;0;;Queda;Luz do Dia;;;Meio de Quadra;;;0;1;0;0;0;0;0;0;0;1;0;0;;
266456;23;8;2015;18:11;0;AV J CJ CEARA;;;0;;Colis?úo;Anoitecer;;;Meio de Quadra;;;0;1;1;0;0;0;0;0;0;1;0;0;;
266457;23;8;2015;19:45;0;RUA PRO COSTA MENDES;;;0;;Colis?úo;;;;Meio de Quadra;;;0;1;1;1;0;0;0;0;0;0;0;0;-3,755332000000000;-38,546206000000000
266453;23;8;2015;14:04;0;AV RAD JOSE LIMA VERDE;;;0;;Queda;Luz do Dia;;;Meio de Quadra;;;0;1;0;0;0;0;0;0;0;1;0;0;;
266454;23;8;2015;16:01;0;RD BR 116;;;8000;KM-08;Queda;Luz do Dia;;;Meio de Quadra;;;0;1;0;0;0;0;0;0;0;1;0;0;-3,822018000000000;-38,503269000000000
265365;23;8;2015;04:15;15184;AV ABOLICAO;RUA TIBURCIO CAVALCANTE;;0;;Colis?úo;;;;Cruz;Sem?íforo;Comercial;0;1;0;1;0;0;0;0;0;1;0;0;-3,726066000000000;-38,499409000000000
270697;23;8;2015;00:31;0;RUA PORTO DAS ROSAS;;;0;;Colis?úo;;;;Meio de Quadra;;;0;0;2;0;0;0;0;0;0;0;0;0;;
270698;23;8;2015;00:43;0;AV DEP PAULINO ROCHA;;;0;;Colis?úo;;;;Meio de Quadra;;;0;0;2;0;0;0;0;0;0;0;0;0;;
270700;23;8;2015;01:31;0;AV AUGUSTO DOS ANJOS;;;0;;Colis?úo;;;;Meio de Quadra;;;0;0;2;0;0;0;0;0;0;0;0;0;;
270701;23;8;2015;04:21;0;RUA JUVENAL DE CARVALHO;;;0;;Colis?úo;;;;Meio de Quadra;;;0;0;2;0;0;0;0;0;0;0;0;0;;
270703;23;8;2015;05:21;9168;AV BORGES DE MELO;AV LUCIANO CARNEIRO;;0;;Choque c/ Obst?ículo Fixo;Amanhecer;;;Cruz;Sem?íforo;Residencial;0;0;1;0;0;0;0;0;0;0;0;0;-3,756465000000000;-38,534097000000000
270708;23;8;2015;05:23;7718;AV JOSE BASTOS;AV CARNEIRO DE MENDONCA;;0;;Colis?úo;Amanhecer;;;Cruz;Sem?íforo;Comercial;0;0;2;0;0;0;0;0;0;0;0;0;-3,764109000000000;-38,566759000000000
270711;23;8;2015;07:04;9111;AV EDUARDO GIRAO;RUA DEP OSWALDO STUDART;;0;;Colis?úo;Luz do Dia;;;Cruz;Outros;;0;0;2;0;0;0;0;0;0;0;0;0;-3,755323000000000;-38,529775000000000
270715;23;8;2015;09:33;0;AV NOSSA SRA DAS GRACAS;;;0;;Colis?úo;Luz do Dia;;;Meio de Quadra;;;0;0;2;0;0;0;0;0;0;0;0;0;;
270716;23;8;2015;10:59;0;RUA ELDORADO;;;0;;Choque c/ Obst?ículo Fixo;Luz do Dia;;;Meio de Quadra;;;0;0;1;0;0;0;0;0;0;0;0;0;;
270717;23;8;2015;14:18;0;AV RECREIO D64;;;0;;Colis?úo;Luz do Dia;;;Meio de Quadra;;;0;0;2;0;0;0;0;0;0;0;0;0;;
270750;23;8;2015;22:20;0;AV BEZERRA DE MENEZES;;;0;;Colis?úo;;;;Meio de Quadra;;;0;1;1;0;0;0;0;0;0;0;0;0;;
270713;23;8;2015;08:20;0;AV AGUANAMBI;;;0;;Colis?úo;Luz do Dia;;;Meio de Quadra;;;0;0;2;0;0;0;0;0;0;0;0;0;;
270720;23;8;2015;14:33;0;RUA 04 UI;;;0;;Colis?úo;Luz do Dia;;;Meio de Quadra;;;0;0;2;0;0;0;0;0;0;0;0;0;;
270722;23;8;2015;15:16;0;AV FRE CIRILO;;;0;;Colis?úo;Luz do Dia;;;Meio de Quadra;;;0;0;2;0;0;0;0;0;0;0;0;0;;
270728;23;8;2015;23:08;0;AV FRE CIRILO;;;0;;Colis?úo;;;;Meio de Quadra;;;0;0;2;0;0;0;0;0;0;0;0;0;;
270733;23;8;2015;15:38;0;AV NOSSA SRA DAS GRACAS;;;0;;Colis?úo;Luz do Dia;;;;;;0;0;2;0;0;0;0;0;0;0;0;0;;
270737;23;8;2015;16:17;0;RUA MELO DE OLIVEIRA;;;0;;Colis?úo;Luz do Dia;;;Meio de Quadra;;;0;0;2;0;0;0;0;0;0;0;0;0;;
270742;23;8;2015;17:21;0;RUA MARTINS CARVALHO;;;0;;Colis?úo;Anoitecer;;;Meio de Quadra;;;0;0;2;0;0;0;0;0;0;0;0;0;;
270743;23;8;2015;17:22;14755;RUA ALBANO AMARAL;RUA STA LIDUINA D42;;0;;Colis?úo;Anoitecer;;;Cruz;Sem?íforo;Comercial;0;0;2;0;0;0;0;0;0;0;0;0;-3,797816000000000;-38,584983000000000
270744;23;8;2015;18:22;0;AV PRS CASTELO BRANCO;;;0;;Atropelamento;Anoitecer;;;Meio de Quadra;;;0;0;2;0;0;0;0;0;0;0;0;0;;
270745;23;8;2015;19:06;0;RUA RAIMUNDO FROTA;;;0;;Colis?úo;;;;Meio de Quadra;;;0;0;2;0;0;0;0;0;0;0;0;0;;
270740;23;8;2015;17:19;0;AV LIBERDADE;;;0;;Colis?úo;Anoitecer;;;Meio de Quadra;;;0;0;2;0;0;0;0;0;0;0;0;0;;
270747;23;8;2015;19:06;0;RUA RAIMUNDO FROTA;;;0;;Colis?úo;;;;Meio de Quadra;;;0;0;2;0;0;0;0;0;0;0;0;0;;
259179;23;8;2015;15:40;0;RD BR 116;;;8000;KM-08;Colis?úo Transversal;Luz do Dia;Bom;Seca;Meio de Quadra;N?úo H?í Controle;Comercial;0;4;0;0;0;0;0;0;0;1;0;0;-3,822018000000000;-38,503269000000000
255922;23;8;2015;19:30;0;RUA HOLANDA;;;701;;Colis?úo;Via Iluminada;Bom;Seca;Meio de Quadra;Outros;Outros;0;0;2;1;0;0;0;0;0;0;0;0;-3,798187000000000;-38,562223000000000
255945;23;8;2015;16:00;22157;RUA DELMIRO FARIAS;RUA MON FURTADO;;0;;Colis?úo;Luz do Dia;Bom;Seca;Cruz;Pare;Residencial;0;0;2;1;0;0;0;0;0;0;0;0;-3,747544000000000;-38,550550000000000
255950;23;8;2015;06:10;3901;RUA JORGE DUMAR;AV EDUARDO GIRAO;;0;;Colis?úo Transversal;Luz do Dia;Bom;Seca;Cruz;Sem?íforo;Misto;0;0;2;1;0;0;0;0;0;0;0;0;-3,749691000000000;-38,538695000000000
255948;23;8;2015;15:20;4559;RD BR 116;RUA PDE PAULINO;;0;;Colis?úo Lateral;Via Iluminada;Bom;Seca;T;Pare;Comercial;0;0;2;1;0;0;0;0;0;0;0;0;-3,796988000000000;-38,506589000000000
255926;23;8;2015;17:30;15327;RUA ANA BILHAR;AV SEN VIRGILIO TAVORA;;0;;Colis?úo Lateral;Via Iluminada;Bom;Seca;Cruz;Sem?íforo;Comercial;0;1;1;1;0;0;0;0;0;1;0;0;-3,730893000000000;-38,491262000000000
255927;23;8;2015;18:05;0;AV DIOGUINHO;;;4200;;Colis?úo Transversal;Via Iluminada;Bom;Seca;Meio de Quadra;N?úo H?í Controle;Residencial;0;1;1;1;0;0;0;0;0;1;0;0;-3,750977000000000;-38,448347000000000
255931;23;8;2015;;0;RUA ARARAQUARA;;;291;;Colis?úo Transversal;Mal Iluminada;Bom;Seca;Meio de Quadra;Outros;Residencial;0;0;3;1;0;0;0;0;0;0;0;0;-3,782696000000000;-38,579604000000000
255935;23;8;2015;16:00;17360;RUA ELVIRA PINHO;RUA ZACARIAS GONDIM;;0;;Colis?úo Transversal;Via Iluminada;Bom;Seca;Cruz;Pare;Residencial;0;0;2;1;0;0;0;0;0;0;0;0;-3,766122000000000;-38,557766000000000
255942;23;8;2015;12:30;5433;RUA METON DE ALENCAR;RUA MAJ FACUNDO;;0;;Colis?úo Lateral;Luz do Dia;Bom;Seca;Cruz;Pare;Comercial;0;1;1;1;0;0;0;0;0;1;0;0;-3,733917000000000;-38,529899000000000
255938;23;8;2015;11:10;15204;AV ABOLICAO;RUA JULIO IBIAPINA;;0;;Colis?úo Lateral;Luz do Dia;Bom;Seca;Cruz;Sem?íforo Intermitente;Residencial;0;0;2;1;0;0;0;0;0;0;0;0;-3,726679000000000;-38,491290000000000
255919;23;8;2015;13:30;19328;RUA EDUARDO PERDIGAO;RUA CON DE CASTRO;;0;;Colis?úo Transversal;Luz do Dia;Bom;Seca;Cruz;N?úo H?í Controle;Comercial;0;0;2;0;0;0;0;1;0;0;0;0;-3,775579000000000;-38,564769000000000
255875;23;8;2015;07:15;0;AV ALBERTO NEPOMUCENO;;;0;;Atropelamento;Amanhecer;Bom;Seca;Meio de Quadra;Sem?íforo;Comercial;0;2;0;0;0;0;0;0;0;1;0;0;;
255873;23;8;2015;09:00;0;RUA VICENTE LINHARES;;;196;;Colis?úo Lateral;Luz do Dia;Bom;Seca;Meio de Quadra;Pare;Residencial;0;0;3;1;0;0;0;0;0;0;0;0;-3,741478000000000;-38,502299000000000
255896;23;8;2015;07:40;15126;AV HIS RAIMUNDO GIRAO;AV RUI BARBOSA;;0;;Colis?úo Lateral;Luz do Dia;Bom;Seca;Cruz;Sem?íforo;Lazer;0;1;1;1;0;0;0;0;0;1;0;0;-3,723546000000000;-38,505405000000000
255901;23;8;2015;20:10;4016;RUA PRO COSTA MENDES;RUA JULIO CESAR D12;;0;;Colis?úo Lateral;Via Iluminada;Bom;Seca;Cruz;Pare;Comercial;0;1;2;1;0;0;0;0;0;0;0;0;-3,754698000000000;-38,546911000000000
255906;23;8;2015;21:10;5742;AV OLIVEIRA PAIVA;RUA MANUEL MONTEIRO;;0;;Colis?úo Traseira;Via Iluminada;Bom;Seca;Cruz;Sem?íforo;Misto;0;0;2;1;0;0;0;0;0;0;0;0;-3,795496000000000;-38,494140000000000
264415;23;8;2015;00:25;0;RUA PEREIRA FILGUEIRAS;;;0;;Colis?úo;;;;Meio de Quadra;;;0;0;2;1;0;0;0;0;0;0;0;0;;
264426;23;8;2015;08:46;0;AV AGUANAMBI;;;0;;Colis?úo;Luz do Dia;;;Meio de Quadra;;;0;0;2;1;1;0;0;0;0;0;0;0;;
264428;23;8;2015;15:35;0;AV FRE CIRILO;;;0;;Colis?úo;Luz do Dia;;;Meio de Quadra;;;0;0;2;1;0;0;0;0;0;0;0;0;;
264429;24;8;2015;08:57;0;RUA TEN NICOLAU;;;0;;Colis?úo;Luz do Dia;;;Meio de Quadra;;;0;0;2;0;0;0;1;0;0;0;0;0;;
264431;24;8;2015;11:55;0;RUA MAL DEODORO;;;0;;Colis?úo;Luz do Dia;;;Meio de Quadra;;;0;0;2;0;0;0;1;0;0;0;0;0;;
264435;24;8;2015;15:13;15984;RUA DR RODRIGO C SANDOVAL;RUA GASTAO JUSTA;;0;;Colis?úo;Luz do Dia;;;Cruz;Pare;Residencial;0;0;2;1;0;0;0;0;0;0;0;0;-3,805778000000000;-38,569575000000000
264436;24;8;2015;19:28;0;RUA MIN ALBUQUERQUE LIMA;;;0;;Colis?úo;;;;Meio de Quadra;;;0;0;2;1;0;0;0;0;0;1;0;0;;
255924;24;8;2015;18:15;9250;RUA PDE MATOS SERRA;AV FELINO BARROSO;;0;;Colis?úo;Via Iluminada;Bom;Seca;Outros;Pare;Residencial;0;1;1;1;0;1;0;0;0;0;0;0;-3,744343000000000;-38,528511000000000
255908;24;8;2015;12:20;17350;RUA BAR SOBRAL;RUA JOAO FIRMINO;;0;;Colis?úo Transversal;Luz do Dia;Bom;Seca;Cruz;Pare;Residencial;0;1;1;1;0;0;0;0;0;1;0;0;-3,765714000000000;-38,556531000000000
255951;24;8;2015;07:30;0;AV ALM HENRIQUE SABOIA;;;0;;Colis?úo Traseira;Luz do Dia;Bom;Seca;Meio de Quadra;Pare;Residencial;0;2;1;1;0;0;0;0;0;1;0;0;;
255978;24;8;2015;09:00;7537;RUA XV UI 611;RUA IV UI 611;;0;;Colis?úo Transversal;Luz do Dia;Bom;Seca;Outros;Pare;Residencial;0;1;1;1;0;0;0;0;0;0;0;0;-3,794133000000000;-38,530871000000000
255983;24;8;2015;09:10;0;AV JOSE BASTOS;;;3250;;Colis?úo Traseira;Luz do Dia;Bom;Seca;Meio de Quadra;Sem?íforo;Comercial;0;0;2;1;0;0;0;0;0;0;0;0;-3,748698000000000;-38,549161000000000
255987;24;8;2015;08:00;0;RUA VIA LACTEA;;;0;;Colis?úo Traseira;Luz do Dia;Bom;Seca;Outros;N?úo H?í Controle;Residencial;0;0;3;1;0;0;0;0;0;0;0;0;;
255999;24;8;2015;19:50;9099;AV EDUARDO GIRAO;RUA MIN JOAQUIM BASTOS D14;;0;;Colis?úo Lateral;Via Iluminada;Bom;Seca;Cruz;Outros;Residencial;0;0;2;1;0;0;0;0;0;0;0;0;-3,755700000000000;-38,525973000000000
259181;24;8;2015;06:40;0;RD BR 116;;;15000;KM-15;Colis?úo Lateral;Luz do Dia;Bom;Seca;Meio de Quadra;N?úo H?í Controle;Comercial;0;1;1;1;0;0;0;0;0;1;0;0;-3,882329000000000;-38,501113000000000
270757;24;8;2015;11:32;0;AV SANTOS DUMONT;;;0;;Colis?úo;Luz do Dia;;;Meio de Quadra;;;0;0;2;0;0;0;0;0;0;0;0;0;;
270758;24;8;2015;11:32;0;RUA GASTAO JUSTA;;;0;;Colis?úo;Luz do Dia;;;Meio de Quadra;;;0;0;1;0;0;0;0;0;0;0;0;0;;
270759;24;8;2015;15:54;0;AV CENTRAL CJ CEARA;;;0;;Colis?úo;Luz do Dia;;;Meio de Quadra;;;0;0;2;0;0;0;0;0;0;0;0;0;;
270751;24;8;2015;09:09;0;AV GODOFREDO MACIEL;;;0;;Colis?úo Frontal;Luz do Dia;;;Meio de Quadra;;;0;0;2;0;0;0;0;0;0;0;0;0;;
270752;24;8;2015;10:39;0;AV ENG LEAL LIMA VERDE (SAPIRANGA/COITE);;;0;;Colis?úo;Luz do Dia;;;Meio de Quadra;;Residencial;0;0;2;0;0;0;0;0;0;0;0;0;;
270753;24;8;2015;11:03;0;AV ALBERTO NEPOMUCENO;;;0;;Colis?úo;Luz do Dia;;;Meio de Quadra;;;0;0;2;0;0;0;0;0;0;0;0;0;;
270766;24;8;2015;16:30;0;RUA FLORIANO PEIXOTO;;;0;;Colis?úo;Luz do Dia;;;Meio de Quadra;;;0;0;2;0;0;0;0;0;0;0;0;0;;
270767;24;8;2015;19:31;25638;RUA P CJ VILA VELHA;RUA J (VILA VELHA);;0;;Colis?úo;;;;;;;0;0;2;0;0;0;0;0;0;0;0;0;;
265380;24;8;2015;17:00;7733;AV JOAO PESSOA;RUA BAR SOBRAL;;0;;;Anoitecer;;;Outros;Sem?íforo;Comercial;0;1;0;1;0;0;0;0;0;1;0;0;-3,764518000000000;-38,558693000000000
256145;24;8;2015;10:00;0;AV ENG ALBERTO SA;;;173;;Colis?úo Frontal;Luz do Dia;Bom;Seca;Meio de Quadra;N?úo H?í Controle;Comercial;0;1;1;1;0;0;0;0;0;1;0;0;-3,733130000000000;-38,481198000000000
256146;24;8;2015;09:00;15365;AV SEN VIRGILIO TAVORA;RUA PEREIRA VALENTE;;0;;Colis?úo Traseira;Luz do Dia;Bom;Seca;Cruz;Sem?íforo;Comercial;0;0;3;1;0;0;0;0;0;0;0;0;-3,733834000000000;-38,492193000000000
256147;24;8;2015;06:10;1542;AV RUI BARBOSA;RUA PDE VALDEVINO;;0;;Colis?úo Transversal;Luz do Dia;Bom;Seca;Cruz;Sem?íforo;Residencial;0;1;1;1;0;0;0;0;0;1;0;0;-3,740964000000000;-38,511029000000000
266460;24;8;2015;07:25;0;AV ALM HENRIQUE SABOIA;;;0;;Queda;Luz do Dia;;;Meio de Quadra;;;0;1;0;0;0;0;0;0;0;1;0;0;;
266461;24;8;2015;07:26;0;RUA ARMANDO MONTEIRO;;;0;;Queda;Luz do Dia;;;Meio de Quadra;;;0;1;0;0;0;1;0;0;0;0;0;0;-3,766255000000000;-38,528948000000000
266458;24;8;2015;02:10;2523;AV FRANCISCO SA;RUA TULIPA;;0;;Colis?úo;;;;T;Pare;Comercial;0;1;0;0;0;0;0;0;0;0;0;0;-3,710359000000000;-38,577954000000000
266465;24;8;2015;07:47;0;AV AGUANAMBI;;;0;;Colis?úo;Luz do Dia;;;Meio de Quadra;;;0;1;1;1;0;0;0;0;0;1;0;0;-3,750958000000000;-38,523564000000000
266466;24;8;2015;07:48;0;RUA GUATEMALA;;;0;;Colis?úo;Luz do Dia;;;Meio de Quadra;;;0;1;1;1;0;0;0;0;0;1;0;0;;
266483;24;8;2015;15:41;1253;AV SANTOS DUMONT;RUA CARLOS VASCONCELOS;;0;;Colis?úo;Luz do Dia;;;Cruz;Sem?íforo;Comercial;0;1;1;1;0;0;0;0;0;0;0;0;-3,732252000000000;-38,510558000000000
266484;24;8;2015;15:57;0;AV DR SILAS MUNGUBA;;;0;;Colis?úo;Luz do Dia;;;Meio de Quadra;;;0;1;1;1;0;0;0;0;0;1;0;0;-3,787232000000000;-38,548557000000000
266468;24;8;2015;08:35;0;RUA MONACO;;;0;;Colis?úo;Luz do Dia;;;Meio de Quadra;;;0;1;1;1;0;0;0;0;0;1;0;0;;
266470;24;8;2015;09:00;0;AV N CJ JOSE WALTER;;;0;;Atropelamento;Luz do Dia;;;Meio de Quadra;;;0;1;1;1;0;0;0;0;0;0;0;0;;
266471;24;8;2015;09:52;0;AV DR SILAS MUNGUBA;;;0;;Colis?úo;Luz do Dia;;;Meio de Quadra;;;0;1;1;1;0;0;0;0;0;1;0;0;-3,785826000000000;-38,551254000000000
266473;24;8;2015;10:02;0;AV JOSE BASTOS;;;0;;Colis?úo;Luz do Dia;;;Meio de Quadra;;;0;1;1;1;0;0;0;0;0;1;0;0;-3,762617000000000;-38,565805000000000
266475;24;8;2015;10:31;0;RUA JOCKEY CLUBE;;;0;;Colis?úo;Luz do Dia;;;Meio de Quadra;;;0;1;0;0;0;0;0;0;0;0;0;0;-3,761925000000000;-38,580250000000000
266476;24;8;2015;10:50;0;RUA VIS MAUA;;;0;;;Luz do Dia;;;Meio de Quadra;;;0;1;0;0;0;0;0;0;0;0;0;0;;