COD_ACIDENTE;DIA;MES;ANO;HORA;INTERSECAO;LOG1;LOG2;LOG3;NUMERO;REFERENCIA;NATUREZA;ILUMINACAO;TEMPO;SUPERFICIEPISTA;TIPOCRUZAMENTO;CONTROLETRAFEGO;USOSOLO;MORTOS;FERIDOS;ILESOS;AUTOMOVEL;ONIBUS;BICICLETA;CAMINHAO;MICROONIBUS;CICLOMOTOR;MOTOCICLETA;TRACAOANIMAL;TREM;LATITUDE;LONGITUDE
266477;24;8;2015;14:38;0;AV JOSE BASTOS;;;0;;Atropelamento;Luz do Dia;;;Meio de Quadra;;;0;1;0;0;0;0;0;0;0;0;0;0;-3,762617000000000;-38,565805000000000
266478;24;8;2015;15:02;0;AV N CJ JOSE WALTER;;;0;;Colis?úo;Luz do Dia;;;Meio de Quadra;;;0;1;1;1;0;0;0;0;0;1;0;0;;
266480;24;8;2015;15:29;0;RUA 218 C CJ CEARA;;;0;;Queda;Luz do Dia;;;Meio de Quadra;;;0;1;0;0;0;0;0;0;0;1;0;0;;
266486;24;8;2015;16:32;0;AV JOR THOMAZ COELHO;;;0;;Atropelamento;Luz do Dia;;;Meio de Quadra;;;0;1;1;1;0;0;0;0;0;0;0;0;;
266488;24;8;2015;17:16;0;RUA EMILIO DE MENESES;;;0;;Colis?úo;Anoitecer;;;Meio de Quadra;;;0;1;1;1;0;0;0;0;0;1;0;0;-3,781382000000000;-38,588700000000000
266489;24;8;2015;19:18;0;AV DUQ CAXIAS;;;0;;Atropelamento;;;;Meio de Quadra;;;0;1;1;1;0;0;0;0;0;0;0;0;;
266490;24;8;2015;20:43;0;RUA ENG LUIS MONTENEGRO;;;0;;Colis?úo;;;;Meio de Quadra;;;0;1;0;0;0;0;0;0;0;0;0;0;;
266491;24;8;2015;21:06;0;RUA DOM JOSE LOURENCO  D27;;;0;;Queda;;;;Meio de Quadra;;;0;1;0;0;0;0;0;0;0;1;0;0;-3,743660000000000;-38,557896000000000
256019;24;8;2015;07:00;610;AV FRANCISCO SA;RUA ENG LIMA VERDE (ALVARO WEYNE);;0;;Colis?úo Traseira;Luz do Dia;Bom;Seca;T;N?úo H?í Controle;Residencial;0;0;3;1;0;0;0;0;0;0;0;0;-3,714234000000000;-38,566692000000000
256025;24;8;2015;07:40;5292;RUA COSTA BARROS;RUA GONCALVES LEDO;;0;;Colis?úo Lateral;Luz do Dia;Bom;Seca;Cruz;Pare;Comercial;0;0;2;1;0;0;0;0;0;0;0;0;-3,729088000000000;-38,515426000000000
256026;24;8;2015;19:30;18024;AV ZEZE DIOGO;RUA RENATO BRAGA;;0;;Colis?úo Transversal;Via Iluminada;Bom;Seca;Cruz;Sem?íforo;Comercial;0;0;2;1;1;0;0;0;0;0;0;0;-3,731905000000000;-38,457388000000000
256028;24;8;2015;09:10;0;AV HERACLITO GRACA;;;600;;Outros;Luz do Dia;Bom;Seca;Meio de Quadra;Sem?íforo;Comercial;0;0;1;0;0;0;0;0;0;0;0;0;-3,735353000000000;-38,518772000000000
256029;24;8;2015;13:20;0;AV SANTOS DUMONT;;;6355;;Colis?úo Traseira;Luz do Dia;Bom;;Meio de Quadra;;Misto;0;0;2;1;0;0;0;0;0;0;0;0;-3,743628000000000;-38,475410000000000
256031;24;8;2015;10:00;11057;AV DOS EXPEDICIONARIOS;AV DR SILAS MUNGUBA;;0;;Colis?úo Transversal;Luz do Dia;Bom;Seca;Cruz;Cancela;Comercial;0;1;2;1;0;0;0;0;0;0;0;0;-3,787538000000000;-38,547960000000000
256035;24;8;2015;20:40;0;AV N CJ JOSE WALTER;;;545;;Colis?úo Lateral;Via Iluminada;Bom;Seca;Meio de Quadra;Sem?íforo;Comercial;0;1;1;1;0;0;1;0;0;0;0;0;-3,826418000000000;-38,559077000000000
256036;24;8;2015;06:27;3768;AV DOMINGOS OLIMPIO;AV TRISTAO GONCALVES;;0;;Colis?úo Lateral;Luz do Dia;Bom;Seca;Cruz;Sem?íforo;Comercial;0;0;2;0;1;0;0;0;0;0;0;0;-3,735133000000000;-38,535613000000000
256044;24;8;2015;19:40;3990;AV PRO GOMES DE MATOS;RUA PRO COSTA MENDES;;0;;Colis?úo Transversal;Via Iluminada;Bom;Seca;Cruz;Sem?íforo;Comercial;0;0;2;1;0;0;0;0;0;0;0;0;-3,758035000000000;-38,542936000000000
256048;24;8;2015;20:50;0;RUA PRO GOMES BRASIL;;;0;;Colis?úo Traseira;Via Iluminada;Bom;Seca;Meio de Quadra;N?úo H?í Controle;Comercial;0;0;2;1;0;0;0;0;0;0;0;0;;
256049;24;8;2015;10:00;0;AV ALBERTO CRAVEIRO;;;466;;Colis?úo Traseira;Luz do Dia;Bom;Seca;Meio de Quadra;Outros;Comercial;0;0;2;1;0;0;0;0;0;0;0;0;-3,782812000000000;-38,516560000000000
256053;24;8;2015;09:00;5730;RUA ULISSES BEZERRA;RUA TEOFREDO GOIANA;;0;;Colis?úo Transversal;Luz do Dia;Bom;Seca;Cruz;Pare;Residencial;0;1;1;1;0;0;0;0;0;1;0;0;-3,798740000000000;-38,500785000000000
256051;24;8;2015;13:30;10943;RUA ZACARIAS GONDIM;RUA DOM CARLOTO TAVORA;;0;;Colis?úo Traseira;Luz do Dia;Bom;Seca;Cruz;Pare;Residencial;0;0;2;1;0;0;0;0;0;0;0;0;-3,768945000000000;-38,558785000000000
256059;24;8;2015;07:30;21596;RUA LUIS VIEIRA;RUA COM GARCIA;;0;;Colis?úo Transversal;Luz do Dia;Bom;Seca;Cruz;Outros;Residencial;0;2;1;0;0;0;0;0;0;1;0;0;-3,796632000000000;-38,586346000000000
256062;24;8;2015;00:10;5159;AV IMPERADOR;RUA GUILHERME ROCHA;;0;;Colis?úo Transversal;Via Iluminada;Bom;Seca;Cruz;Sem?íforo;Comercial;0;0;2;0;0;0;0;1;0;1;0;0;-3,725081000000000;-38,533829000000000
256070;24;8;2015;16:00;0;AV N CJ JOSE WALTER;;;1565;;Colis?úo Lateral;Luz do Dia;Bom;Seca;Meio de Quadra;N?úo H?í Controle;Comercial;0;1;2;1;0;0;0;0;0;1;0;0;-3,835738000000000;-38,561187000000000
256071;24;8;2015;18:00;15327;RUA ANA BILHAR;AV SEN VIRGILIO TAVORA;;0;;Colis?úo Traseira;Via Iluminada;Bom;Seca;Cruz;Sem?íforo;Comercial;0;0;2;1;0;0;0;0;0;0;0;0;-3,730893000000000;-38,491262000000000
256072;24;8;2015;13:00;22147;RUA PAPI JUNIOR;RUA GUSTAVO BRAGA;;0;;Colis?úo Transversal;Luz do Dia;Bom;Seca;Cruz;Pare;Residencial;0;0;2;1;0;0;0;0;0;0;0;0;-3,749148000000000;-38,554656000000000
256073;24;8;2015;22:17;0;AV GOV RAUL BARBOSA;;;0;;Colis?úo Traseira;Via Iluminada;Bom;Seca;Meio de Quadra;Sem?íforo;Residencial;0;0;2;1;0;0;0;0;0;0;0;0;;
256074;24;8;2015;12:30;1257;RUA COSTA BARROS;RUA SILVA PAULET;;0;;Colis?úo Transversal;Luz do Dia;Bom;Seca;;Pare;Comercial;0;0;2;1;1;0;0;0;0;0;0;0;-3,732565000000000;-38,504799000000000
256065;24;8;2015;08:30;0;AV GODOFREDO MACIEL;;;100;SUPERMERCADO PINHEIRO;Colis?úo Lateral;Luz do Dia;Bom;Seca;Meio de Quadra;Gesto;Comercial;0;0;2;0;0;0;1;0;0;1;0;0;-3,785433000000000;-38,566485000000000
256068;24;8;2015;15:30;15804;RUA PERGENTINO MAIA;RUA ANTONINO BARROS;;0;;Colis?úo Transversal;Luz do Dia;Bom;Seca;Cruz;Pare;Comercial;0;0;2;1;0;0;0;0;0;1;0;0;-3,831390000000000;-38,488977000000000
256120;24;8;2015;22:00;5709;AV OLIVEIRA PAIVA;AV DES GONZAGA;;0;;Engavetamento;Via Iluminada;Bom;Seca;Cruz;Sem?íforo;Lazer;0;0;3;1;0;0;0;0;0;0;0;0;-3,797165000000000;-38,499953000000000
256094;24;8;2015;15:50;0;AV SANTOS DUMONT;;;1524;;Engavetamento;Luz do Dia;Bom;Seca;Meio de Quadra;;Comercial;0;1;3;1;0;0;0;0;0;0;0;0;-3,732390000000000;-38,510131000000000
256132;24;8;2015;18:30;19753;RUA AZEVEDO BOLAO;RUA ERICO MOTA;;0;;Colis?úo Lateral;Anoitecer;Bom;Seca;Cruz;Pare;Residencial;0;0;3;1;0;0;0;0;0;0;0;0;-3,737645000000000;-38,562522000000000
256006;24;8;2015;12:20;0;AV ENG SANTANA JUNIOR;;;0;;Colis?úo Traseira;Luz do Dia;Bom;Seca;Meio de Quadra;N?úo H?í Controle;Comercial;0;1;1;1;0;0;0;0;0;1;0;0;;
256013;24;8;2015;19:30;5402;RUA METON DE ALENCAR;RUA VINTE E QUATRO DE MAIO;;0;;Colis?úo Transversal;Via Iluminada;Bom;Seca;Cruz;Pare;Escola;0;2;0;1;0;0;0;0;0;1;0;0;-3,732626000000000;-38,533848000000000
259569;24;8;2015;16:10;0;AV WASHINGTON SOARES;;;85;IGUATEMI;Atropelamento;Luz do Dia;;Seca;Meio de Quadra;;;1;0;1;1;0;0;0;0;0;0;0;0;-3,757652000000000;-38,488576000000000
259572;24;8;2015;18:15;0;RD CE-040;;;0;KM-07;Colis?úo;Via Iluminada;;Seca;Meio de Quadra;;;0;0;3;1;0;0;0;0;0;0;0;0;-3,817953000000000;-38,483160000000000
259575;25;8;2015;04:40;0;AV MAE LISBOA;;;2528;;Choque c/ Obst?ículo Fixo;Mal Iluminada;;Seca;Meio de Quadra;;;1;0;0;0;0;0;0;0;0;1;0;0;-3,806790000000000;-38,457412000000000
259577;25;8;2015;18:40;0;RD CE-040;;;0;KM-05;Colis?úo;Via Iluminada;;Seca;Meio de Quadra;;;0;0;3;1;0;0;0;0;0;0;0;0;-3,790876000000000;-38,480349000000000
259583;25;8;2015;19:15;0;AV SEN CARLOS JEREISSATI (AEROPORTO);;;0;KM 04;Colis?úo;Via Iluminada;;Seca;Meio de Quadra;;;0;0;2;1;0;1;0;0;0;0;0;0;-3,779313000000000;-38,514638000000000
259580;25;8;2015;22:30;0;AV SEN CARLOS JEREISSATI (AEROPORTO);;;0;KM 01;Colis?úo;Via Iluminada;;Seca;Meio de Quadra;;;0;0;3;0;0;0;0;0;0;1;0;0;-3,783803000000000;-38,520356000000000
256133;25;8;2015;15:00;0;RUA IDELZUITE C LIMA;;;0;;Outros;Luz do Dia;Bom;Seca;Meio de Quadra;N?úo H?í Controle;Residencial;0;0;2;0;0;0;0;0;0;0;0;0;;
256122;25;8;2015;12:30;22194;AV SGT HERMINIO SAMPAIO;RUA ERETIDES MARTINS;;0;;Colis?úo Lateral;Luz do Dia;Bom;Seca;Cruz;Sem?íforo;Comercial;0;0;2;1;0;0;0;0;0;0;0;0;-3,726371000000000;-38,560489000000000
256129;25;8;2015;18:10;0;AV ANTONIO SALES;;;3895;;Colis?úo Traseira;Via Iluminada;Bom;Seca;Meio de Quadra;N?úo H?í Controle;Comercial;0;0;3;1;0;0;0;0;0;0;0;0;;
256131;25;8;2015;08:30;20042;AV DEP PAULINO ROCHA;AV ALBERTO CRAVEIRO;;0;;Colis?úo Lateral;Luz do Dia;Bom;Seca;Rotat??ria;D?¬ Prefer?¬ncia;Lazer;0;0;2;1;0;0;0;0;0;0;0;0;-3,807229000000000;-38,524782000000000
256102;25;8;2015;12:00;0;AV JOSE BASTOS;;;3504;;Colis?úo Traseira;Luz do Dia;Bom;Seca;Meio de Quadra;Gesto;Comercial;0;1;1;1;0;0;0;0;0;1;0;0;-3,749551000000000;-38,550013000000000
256105;25;8;2015;07:10;11081;AV DOS EXPEDICIONARIOS;RUA ACAPULCO;;0;;Colis?úo Transversal;Luz do Dia;Bom;Seca;T;Pare;Comercial;0;1;1;0;0;1;0;0;0;1;0;0;-3,791592000000000;-38,549244000000000
256107;25;8;2015;12:30;0;AV A CJ CEARA;;;612;;Colis?úo Lateral;Luz do Dia;Bom;Seca;Meio de Quadra;N?úo H?í Controle;Comercial;0;0;4;0;0;1;1;0;0;1;0;0;-3,767173000000000;-38,601709000000000
256089;25;8;2015;10:00;24226;RUA FAUSTO CABRAL;RUA DES WALDETARIO P MOTA;;0;;Colis?úo Lateral;Luz do Dia;Bom;Seca;Cruz;Pare;Misto;0;1;1;1;0;0;0;0;0;1;0;0;-3,733093000000000;-38,478283000000000
256090;25;8;2015;11:00;3819;AV CARAPINIMA;RUA JUVENAL GALENO;;0;;Atropelamento;Luz do Dia;Bom;Seca;Cruz;Sem?íforo;Comercial;0;2;0;0;0;0;0;0;0;1;0;0;-3,738998000000000;-38,539176000000000
256092;25;8;2015;14:00;15227;AV ABOLICAO;AV DES MOREIRA;;0;;Engavetamento;Luz do Dia;Bom;Seca;Cruz;Sem?íforo;Comercial;0;0;3;1;0;0;0;0;0;1;0;0;-3,727331000000000;-38,495474000000000
256119;25;8;2015;00:30;0;RUA LUIZ FCO XAVIER;;;310;;Colis?úo Frontal;Via Iluminada;Bom;Seca;Meio de Quadra;N?úo H?í Controle;Residencial;1;1;1;1;0;0;0;0;0;1;0;0;;
256125;25;8;2015;18:00;25708;RUA ATILANO MOURA;RUA PRO JACINTO BOTELHO;;0;;Colis?úo Traseira;Anoitecer;Bom;Seca;Duplo T;Pare;Residencial;0;0;2;1;0;0;0;0;0;0;0;0;-3,761244000000000;-38,490491000000000
256115;25;8;2015;19:50;348;RUA PRO LINO ENCARNACAO;RUA CESAR FONTENELE;;0;;Colis?úo Transversal;Via Iluminada;Bom;Seca;Cruz;Pare;Misto;0;0;2;1;0;0;0;0;0;0;0;0;-3,746359000000000;-38,559596000000000
256116;25;8;2015;18:28;25140;RUA CAIO CID;AV ALM MAXIMIANO DA FONSECA;;0;;Colis?úo Lateral;Anoitecer;Bom;Seca;T;Sem?íforo;Escola;0;0;2;1;1;0;0;0;0;0;0;0;-3,771580000000000;-38,484125000000000
256109;25;8;2015;17:00;12954;RUA BERNARDO MANUEL;AV PRS COSTA E SILVA;;0;;Colis?úo Lateral;Luz do Dia;Bom;Seca;Cruz;Sem?íforo;Comercial;0;0;2;1;0;0;1;0;0;0;0;0;-3,821079000000000;-38,558276000000000
256112;25;8;2015;17:20;0;AV DUQ CAXIAS;;;1529;;Colis?úo Traseira;Via Iluminada;Bom;Seca;Meio de Quadra;N?úo H?í Controle;Misto;0;0;2;1;0;0;0;0;0;1;0;0;-3,729239000000000;-38,537767000000000
256043;25;8;2015;08:50;0;RUA HIS GUARINO ALVES;;;95;;Colis?úo Lateral;Luz do Dia;Bom;Seca;Meio de Quadra;Outros;Residencial;0;0;2;1;0;0;0;0;0;0;0;0;;
256081;25;8;2015;09:00;1429;RUA AFONSO CELSO;RUA NUNES VALENTE;;0;;Colis?úo Transversal;Luz do Dia;Bom;Seca;Cruz;Pare;Residencial;0;0;2;1;0;0;0;0;0;0;0;0;-3,737785000000000;-38,504234000000000
256083;25;8;2015;13:40;21586;RUA CON DE CASTRO;RUA AGAMENON;;0;;Colis?úo Lateral;Luz do Dia;Bom;Seca;Cruz;Pare;Comercial;0;1;1;1;0;0;0;0;0;1;0;0;-3,795357000000000;-38,583003000000000
256085;25;8;2015;07:15;22147;RUA PAPI JUNIOR;RUA GUSTAVO BRAGA;;0;;Colis?úo Transversal;Luz do Dia;Bom;Seca;Cruz;Pare;Residencial;0;0;2;1;0;0;0;0;0;0;0;0;-3,749148000000000;-38,554656000000000
256087;25;8;2015;09:20;21372;AV JOVITA FEITOSA;RUA JOSE SOMBRA;;0;;Colis?úo Traseira;Luz do Dia;Bom;Seca;T;Sem?íforo;Comercial;0;0;4;1;0;0;0;0;0;0;0;0;-3,737763000000000;-38,546301000000000
256060;25;8;2015;04:40;9077;AV AGUANAMBI;RUA BONFIM SOBRINHO;;0;;Colis?úo Lateral;Luz do Dia;Bom;Seca;Cruz;N?úo H?í Controle;Misto;0;2;0;1;0;0;0;0;0;1;0;0;-3,751039000000000;-38,523551000000000
259218;25;8;2015;07:20;0;RD BR 222;;;0;KM-02;Colis?úo Transversal;Luz do Dia;Bom;Seca;Meio de Quadra;N?úo H?í Controle;Comercial;0;1;1;0;0;0;0;0;0;1;0;0;-3,738951000000000;-38,586880000000000
259183;25;8;2015;14:00;0;RD BR 116;;;2000;KM-02;Colis?úo Traseira;Luz do Dia;Bom;Seca;Meio de Quadra;N?úo H?í Controle;Comercial;0;0;2;0;1;0;1;0;0;0;0;0;-3,771391000000000;-38,516780000000000
266495;25;8;2015;06:38;22176;AV JOSE BASTOS;AV ENG HUMBERTO MONTE;;0;;Queda;Luz do Dia;;;T;Sem?íforo;Comercial;0;1;0;0;0;0;0;0;0;1;0;0;-3,754966000000000;-38,555455000000000
266496;25;8;2015;07:10;0;RUA BERNARDO MANUEL;;;0;;Colis?úo;Luz do Dia;;;Meio de Quadra;;;0;1;0;0;0;0;0;0;0;0;0;0;-3,791601000000000;-38,549248000000000
266497;25;8;2015;08:27;0;AV ENG HUMBERTO MONTE;;;0;;Queda;Luz do Dia;;;Meio de Quadra;;;0;1;0;0;0;0;0;0;0;1;0;0;;
266498;25;8;2015;09:13;0;RUA ISAIE BORIS;;;0;;Colis?úo;Luz do Dia;;;Meio de Quadra;;;0;1;1;1;0;0;0;0;0;1;0;0;;
256136;25;8;2015;12:00;0;RUA ALM RUBIM;;;0;;Colis?úo Traseira;Luz do Dia;Bom;Seca;Meio de Quadra;N?úo H?í Controle;Comercial;0;0;2;1;0;0;0;0;0;0;0;0;;
256138;25;8;2015;09:00;5692;AV DES GONZAGA;RUA MARGARIDA DE QUEIROZ;;0;;Colis?úo Lateral;Luz do Dia;Bom;Seca;Cruz;Pare;Comercial;0;0;2;1;0;0;1;0;0;0;0;0;-3,793168000000000;-38,501753000000000
256139;25;8;2015;15:00;0;RUA BERNARDO MANUEL;;;9970;;Colis?úo Traseira;Luz do Dia;Bom;Seca;Meio de Quadra;N?úo H?í Controle;Comercial;0;0;3;1;0;0;0;0;0;0;0;0;-3,804543000000000;-38,553161000000000
270771;25;8;2015;10:58;15216;AV ABOLICAO;RUA VIS MAUA;;0;;Colis?úo;Luz do Dia;;;Cruz;Outros;Comercial;0;0;2;0;0;0;0;0;0;0;0;0;-3,727006000000000;-38,496477000000000
270772;25;8;2015;11:42;0;RUA GRACA ARANHA;;;0;;Colis?úo;Luz do Dia;;;Meio de Quadra;;;0;0;2;0;0;0;0;0;0;0;0;0;;
270774;25;8;2015;12:44;13659;RUA DR THOMPSON BULCAO;RUA REV BOLIVAR P BANDEIRA;;0;;Colis?úo;Luz do Dia;;;;;;0;0;2;0;0;0;0;0;0;0;0;0;-3,770002000000000;-38,492006000000000
270775;25;8;2015;15:49;5193;RUA PEDRO PEREIRA;RUA COS ESTELITA;;0;;Atropelamento;Luz do Dia;;;;N?úo H?í Controle;Comercial;0;0;2;0;0;0;0;0;0;0;0;0;-3,725970000000000;-38,539988000000000
270776;25;8;2015;16:33;1444;RUA FRE MANSUETO;RUA ALFREDO LADISLAU;;0;;Colis?úo;Luz do Dia;;;Cruz;Sem?íforo;Residencial;0;0;2;0;0;0;0;0;0;0;0;0;-3,738165000000000;-38,488501000000000
255992;25;8;2015;14:00;16557;AV GODOFREDO MACIEL;RUA MIRTYL MEYER;;0;;Colis?úo Transversal;Luz do Dia;Bom;Seca;Cruz;N?úo H?í Controle;Comercial;0;0;3;1;0;0;0;0;0;1;0;0;-3,809211000000000;-38,573893000000000
255993;25;8;2015;11:50;12837;AV DOMINGOS OLIMPIO;RUA JAIME BENEVOLO;;0;;Colis?úo Traseira;Luz do Dia;Bom;Seca;Cruz;Sem?íforo;Comercial;0;0;2;1;0;0;0;0;0;0;0;0;-3,737780000000000;-38,527245000000000
255971;25;8;2015;08:40;0;AV GAL OSORIO DE PAIVA;;;6654;;Colis?úo;Luz do Dia;Bom;Seca;Meio de Quadra;N?úo H?í Controle;Comercial;0;1;1;1;0;0;0;0;0;1;0;0;-3,811705000000000;-38,608811000000000
255972;25;8;2015;18:30;3809;AV CARAPINIMA;RUA PDE FRANCISCO PINTO;;0;;Choque c/ Obst?ículo Fixo;Via Iluminada;Bom;Seca;Cruz;Sem?íforo;Misto;0;0;1;1;0;0;0;0;0;0;0;0;-3,741723000000000;-38,541958000000000
255973;25;8;2015;18:00;15792;RUA PERGENTINO MAIA;RUA CEL FRANCISCO PEREIRA (MESSEJANA);;0;;Colis?úo Lateral;Anoitecer;Bom;Seca;Cruz;Pare;Comercial;0;0;2;1;0;0;1;0;0;0;0;0;-3,830868000000000;-38,492803000000000
255912;25;8;2015;18:00;1508;RUA TIBURCIO CAVALCANTE;RUA CATAO MAMEDE;;0;;Colis?úo Transversal;Via Iluminada;;Seca;Cruz;Pare;Comercial;0;0;2;1;1;0;0;0;0;0;0;0;-3,739901000000000;-38,503842000000000
255914;25;8;2015;16:30;7793;RUA JOAQUIM SA;RUA VIS MAUA;;0;;Colis?úo Transversal;Luz do Dia;Bom;Seca;Cruz;;Comercial;0;0;2;1;0;0;0;0;0;0;0;0;-3,749717000000000;-38,503777000000000
255915;25;8;2015;10:50;4016;RUA JULIO CESAR D12;RUA PRO COSTA MENDES;;0;;Colis?úo Transversal;Luz do Dia;Bom;Seca;Cruz;Pare;Residencial;0;0;2;1;0;0;0;0;0;0;0;0;-3,754698000000000;-38,546911000000000
255916;25;8;2015;19:20;7674;AV JOSE BASTOS;RUA RIO GRANDE DO NORTE;;0;;Colis?úo Lateral;Via Iluminada;Bom;Seca;Cruz;Sem?íforo;Comercial;0;1;2;1;0;1;0;0;0;1;0;0;-3,760562000000000;-38,564477000000000
255921;25;8;2015;12:00;0;AV DR SILAS MUNGUBA;;;2555;;Colis?úo Lateral;Luz do Dia;Bom;Seca;Meio de Quadra;Sem?íforo;Escola;0;0;2;0;1;0;1;0;0;0;0;0;-3,786312000000000;-38,550338000000000
255939;25;8;2015;16:20;0;RUA PDE MORORO;;;0;;Colis?úo Lateral;Luz do Dia;Bom;Seca;Meio de Quadra;Pare;Comercial;0;0;2;1;0;0;0;0;0;0;0;0;;
255940;25;8;2015;16:50;14622;AV JOSE LEON;RUA HONORIO VIEIRA;;0;;Colis?úo Transversal;Luz do Dia;Bom;Seca;Outros;Pare;Misto;0;0;2;1;0;0;0;0;0;0;0;0;-3,791457000000000;-38,487037000000000
255943;25;8;2015;13:30;0;AV PRS CASTELO BRANCO;;;2569;;Colis?úo Traseira;Luz do Dia;Bom;Seca;Meio de Quadra;Sem?íforo;Residencial;0;0;2;1;0;0;0;0;0;0;0;0;-3,713009000000000;-38,550935000000000
255936;25;8;2015;07:40;13715;RUA MARIANA F LEITE;RUA JOSE B PARENTE D59;;0;;Colis?úo Transversal;Luz do Dia;Bom;Seca;Cruz;Pare;Residencial;0;1;1;1;0;0;0;0;0;1;0;0;-3,772293000000000;-38,485406000000000
255932;25;8;2015;14:40;0;RUA ALBERTO MAGNO;;;500;;Colis?úo Traseira;Luz do Dia;Bom;Seca;Meio de Quadra;N?úo H?í Controle;Comercial;0;0;2;1;0;0;0;0;0;1;0;0;-3,760286000000000;-38,545970000000000
255933;25;8;2015;09:30;0;RUA BENTO ALBUQUERQUE;;;2500;;Colis?úo Lateral;Luz do Dia;Bom;Seca;Meio de Quadra;N?úo H?í Controle;Misto;0;0;2;1;1;0;0;0;0;0;0;0;-3,748446000000000;-38,468534000000000
255929;25;8;2015;17:20;20042;AV DEP PAULINO ROCHA;AV ALBERTO CRAVEIRO;;0;;Colis?úo Transversal;Luz do Dia;Bom;Seca;Rotat??ria;D?¬ Prefer?¬ncia;Lazer;0;1;1;1;0;1;0;0;0;0;0;0;-3,807229000000000;-38,524782000000000
266520;25;8;2015;17:31;266;AV JOVITA FEITOSA;RUA ERICO MOTA;;0;;Colis?úo;Anoitecer;;;Cruz;Sem?íforo;Comercial;0;1;1;1;0;0;0;0;0;1;0;0;-3,740938000000000;-38,561850000000000
266525;25;8;2015;17:52;25279;AV ROGACIANO LEITE;RUA DES WALDEMAR ALVES PEREIRA;;0;;Colis?úo;Anoitecer;;;Cruz;N?úo H?í Controle;Comercial;0;1;1;1;0;0;0;0;0;1;0;0;;
266526;25;8;2015;18:58;0;AV JOSE BASTOS;;;0;;Colis?úo;;;;Meio de Quadra;;;0;1;1;1;0;0;0;0;0;1;0;0;;
266523;25;8;2015;17:33;0;AV CEL CARVALHO;;;0;;Queda;Anoitecer;;;Meio de Quadra;;;0;1;0;0;0;0;0;0;0;1;0;0;;
266530;25;8;2015;19:22;12666;AV CEL CARVALHO;RUA ROSINHA SAMPAIO;;0;;Colis?úo;;;;Cruz;Pare;Comercial;0;1;1;1;0;0;0;0;0;1;0;0;-3,726938000000000;-38,585413000000000
266515;25;8;2015;11:38;0;RUA DEP OSWALDO STUDART;;;0;;Colis?úo;Luz do Dia;;;Meio de Quadra;;;0;1;0;0;0;0;0;0;0;1;0;0;;
266516;25;8;2015;15:25;21051;RUA PIAUI;RUA FERNAO MAGALHAES;;0;;Colis?úo;Luz do Dia;;;;;;0;1;1;1;0;0;0;0;0;1;0;0;-3,751971000000000;-38,572542000000000
266517;25;8;2015;16:30;0;AV BEZERRA DE MENEZES;;;0;;Queda;Luz do Dia;;;Meio de Quadra;;;0;1;0;0;0;0;0;0;0;1;0;0;-3,732134000000000;-38,547436000000000
266534;25;8;2015;19:36;0;AV CARNEIRO DE MENDONCA;;;0;;Colis?úo;;;;Meio de Quadra;;;0;1;1;1;0;0;0;0;0;1;0;0;;
264446;25;8;2015;16:05;0;AV GOV RAUL BARBOSA;;;0;;Colis?úo;Luz do Dia;;;Meio de Quadra;;;0;0;2;1;0;0;0;0;0;0;0;0;;
264453;25;8;2015;18:26;0;AV JOSE LEON;;;0;;Colis?úo;Anoitecer;;;Meio de Quadra;;;0;0;2;1;0;0;0;0;0;0;0;0;;
291235;25;8;2015;07:40;0;RUA VALPARAISO;;;0;;Colis?úo Transversal;Luz do Dia;Bom;Seca;Meio de Quadra;Pare;Residencial;0;0;2;0;0;0;0;0;0;1;0;0;;
264455;26;8;2015;12:26;0;RUA CEL JOSE EUCLIDES;;;0;;Colis?úo;Luz do Dia;;;Meio de Quadra;;;0;0;2;1;0;0;0;0;0;0;0;0;;
264456;26;8;2015;13:11;0;AV CARNEIRO DE MENDONCA;;;0;;Colis?úo;Luz do Dia;;;Meio de Quadra;;;0;0;3;1;0;0;0;0;0;0;0;0;;
266541;26;8;2015;06:35;0;RUA PARAISO;;;0;;Colis?úo;Luz do Dia;;;Meio de Quadra;;;0;1;1;0;0;0;1;0;0;1;0;0;-3,820811000000000;-38,511009000000000
266542;26;8;2015;06:56;0;AV PASTEUR;;;0;;Colis?úo;Luz do Dia;;;Meio de Quadra;;;0;1;1;1;0;0;0;0;0;1;0;0;;
266543;26;8;2015;07:30;25658;RUA ISABEL MAIA ALENCAR;AV WASHINGTON SOARES;;0;;Colis?úo;Luz do Dia;;;;;;0;1;1;1;0;0;0;0;0;1;0;0;-3,812912000000000;-38,479688000000000
266551;26;8;2015;07:43;7718;AV CARNEIRO DE MENDONCA;AV JOSE BASTOS;;0;;Atropelamento;Luz do Dia;;;Cruz;Sem?íforo;Comercial;0;1;0;0;0;0;0;0;0;0;0;0;-3,764109000000000;-38,566759000000000
266557;26;8;2015;10:00;0;AV BEZERRA DE MENEZES;;;0;;Colis?úo;Luz do Dia;;;Meio de Quadra;;;0;1;0;0;0;0;0;0;0;0;0;0;;
266558;26;8;2015;10:41;0;AV FRANCISCO SA;;;0;;Colis?úo;Luz do Dia;;;Meio de Quadra;;;0;1;1;1;0;0;0;0;0;1;0;0;;