COD_ACIDENTE;DIA;MES;ANO;HORA;INTERSECAO;LOG1;LOG2;LOG3;NUMERO;REFERENCIA;NATUREZA;ILUMINACAO;TEMPO;SUPERFICIEPISTA;TIPOCRUZAMENTO;CONTROLETRAFEGO;USOSOLO;MORTOS;FERIDOS;ILESOS;AUTOMOVEL;ONIBUS;BICICLETA;CAMINHAO;MICROONIBUS;CICLOMOTOR;MOTOCICLETA;TRACAOANIMAL;TREM;LATITUDE;LONGITUDE
266559;26;8;2015;13:17;0;RUA OTAVIO JUSTA;;;0;;Atropelamento;Luz do Dia;;;Meio de Quadra;;;0;1;1;1;0;0;0;0;0;0;0;0;-3,735295000000000;-38,547748000000000
266561;26;8;2015;15:39;0;AV MAJ ASSIS;;;0;;Atropelamento;Luz do Dia;;;Meio de Quadra;;;0;1;0;0;0;0;0;0;0;0;0;0;-3,724227000000000;-38,581767000000000
266563;26;8;2015;15:56;0;AV GAL OSORIO DE PAIVA;;;0;;Colis?úo;Luz do Dia;;;Meio de Quadra;;;0;1;0;0;0;0;0;0;0;0;0;0;-3,783027000000000;-38,578167000000000
266564;26;8;2015;17:26;0;AV FRANCISCO SA;;;0;;Colis?úo;Anoitecer;;;Meio de Quadra;;;0;1;0;0;0;0;0;0;0;0;0;0;-3,711230000000000;-38,575498000000000
266613;26;8;2015;19:26;0;AV WASHINGTON SOARES;;;0;;Choque c/ Obst?ículo Fixo;;;;Meio de Quadra;;;0;1;1;1;0;0;0;0;0;1;0;0;-3,771402000000000;-38,482033000000000
266610;26;8;2015;18:05;183;AV CEL CARVALHO;AV SGT HERMINIO SAMPAIO;;0;;Colis?úo;Anoitecer;;;;;;0;1;0;0;0;0;0;0;0;0;0;0;-3,731488000000000;-38,584591000000000
266601;26;8;2015;17:49;0;AV CONTORNO NORTE D71;;;0;;Queda;Anoitecer;;;Meio de Quadra;;;0;1;0;0;0;1;0;0;0;0;0;0;;
266628;26;8;2015;20:00;0;RUA STA ROSA D65 (COA?çU);;;0;;Colis?úo;;;;Meio de Quadra;;;0;1;0;0;0;0;0;0;0;0;0;0;;
266629;26;8;2015;22:10;0;RUA AFONSO LOPES;;;0;;Atropelamento;;;;Meio de Quadra;;;0;1;1;0;0;0;0;0;0;1;0;0;;
266620;26;8;2015;19:52;0;AV FRANCISCO SA;;;0;;Atropelamento;;;;Meio de Quadra;;;0;1;0;0;1;0;0;0;0;0;0;0;-3,716953000000000;-38,558698000000000
266536;26;8;2015;02:37;0;AV CASTELO DE CASTRO;;;0;;Colis?úo;;;;Meio de Quadra;;;0;1;0;0;0;0;0;0;0;0;0;0;;
266537;26;8;2015;03:18;0;RUA FILIPINAS;;;0;;Atropelamento;;;;Meio de Quadra;;;0;1;1;1;0;0;0;0;0;0;0;0;;
255994;26;8;2015;18:50;5253;RUA POCINHO;RUA GOV SAMPAIO;;0;;Colis?úo Transversal;Via Iluminada;Bom;Seca;Cruz;N?úo H?í Controle;Comercial;0;0;2;1;0;0;0;0;0;0;0;0;-3,727970000000000;-38,524268000000000
256001;26;8;2015;07:40;9220;AV 13 DE MAIO;RUA NAPOLEAO LAUREANO;;0;;Colis?úo Traseira;Luz do Dia;Bom;Seca;Cruz;Sem?íforo;Comercial;0;1;1;0;0;0;0;0;0;1;0;0;-3,749758000000000;-38,528825000000000
256005;26;8;2015;19:40;12457;RUA PRO GOMES BRASIL;AV AUGUSTO DOS ANJOS;;0;;Colis?úo Traseira;Via Iluminada;Bom;Seca;Cruz;Sem?íforo;Comercial;0;0;2;1;1;0;0;0;0;0;0;0;-3,770153000000000;-38,570427000000000
270868;26;8;2015;22:40;1611;RUA VICENTE LINHARES;RUA CEL JUCA;;0;;Colis?úo;;;;Cruz;Pare;Residencial;0;0;2;0;0;0;0;0;0;0;0;0;-3,744356000000000;-38,493430000000000
270871;26;8;2015;23:17;0;RUA JULIO LIMA;;;0;;Colis?úo;;;;Meio de Quadra;;;0;0;2;0;0;0;0;0;0;0;0;0;;
270859;26;8;2015;21:50;0;AV PRS CASTELO BRANCO;;;0;;Colis?úo;;;;Meio de Quadra;;;0;0;2;0;0;0;0;0;0;0;0;0;;
270832;26;8;2015;15:58;19045;RUA ANDRE DALL OLIO;RUA DES WALDETARIO P MOTA;;0;;Colis?úo;Luz do Dia;;;Cruz;Pare;Residencial;0;0;2;0;0;0;0;0;0;0;0;0;-3,735907000000000;-38,480043000000000
270854;26;8;2015;18:33;0;RUA STA ROSA D65 (COA?çU);;;0;;Colis?úo;;;;Meio de Quadra;;;0;0;2;0;0;0;0;0;0;0;0;0;;
270847;26;8;2015;16:32;0;AV DEP PAULINO ROCHA;;;0;;Colis?úo;Luz do Dia;;;Meio de Quadra;;;0;0;2;0;0;0;0;0;0;0;0;0;;
270848;26;8;2015;16:44;0;AV GAL OSORIO DE PAIVA;;;0;;Colis?úo;Luz do Dia;;;Meio de Quadra;;;0;0;2;0;0;0;0;0;0;0;0;0;;
270850;26;8;2015;18:05;0;AV JOAO DE ARAUJO LIMA;;;0;;Colis?úo;Anoitecer;;;Meio de Quadra;;;0;0;2;0;0;0;0;0;0;0;0;0;;
270838;26;8;2015;16:08;23707;RUA ARARAQUARA;AV GAL OSORIO DE PAIVA;;0;;Colis?úo;Luz do Dia;;;Outros;Pare;Comercial;0;0;2;0;0;0;0;0;0;0;0;0;-3,783347000000000;-38,578753000000000
270844;26;8;2015;16:30;0;AV DOS EXPEDICIONARIOS;;;0;;Colis?úo;Luz do Dia;;;Meio de Quadra;;;0;0;2;0;0;0;0;0;0;0;0;0;;
270825;26;8;2015;15:14;13490;RUA PINHO PESSOA;AV RUI BARBOSA;;0;;Colis?úo;Luz do Dia;;;Cruz;Pare;Misto;0;0;2;0;0;0;0;0;0;0;0;0;-3,745389000000000;-38,512465000000000
270823;26;8;2015;14:35;0;AV BEZERRA DE MENEZES;;;0;;Colis?úo;Luz do Dia;;;Meio de Quadra;;;0;0;2;0;0;0;0;0;0;0;0;0;;
270818;26;8;2015;14:30;1259;RUA ILDEFONSO ALBANO;RUA PDE LUIS FIGUEIRA;;0;;Colis?úo;Luz do Dia;;;Cruz;Pare;Comercial;0;0;2;0;0;0;0;0;0;0;0;0;-3,732813000000000;-38,513063000000000
270813;26;8;2015;13:45;0;RUA PIERRE LUZ;;;0;;Colis?úo;Luz do Dia;;;Meio de Quadra;;;0;0;2;0;0;0;0;0;0;0;0;0;;
270814;26;8;2015;13:50;7650;AV CARNEIRO DE MENDONCA;RUA BELO HORIZONTE;;0;;Colis?úo;Luz do Dia;;;Cruz;Pare;Misto;0;0;2;0;0;0;0;0;0;0;0;0;-3,763666000000000;-38,567567000000000
270816;26;8;2015;13:54;0;AV JOSE BASTOS;;;0;;Colis?úo;Luz do Dia;;;Meio de Quadra;;;0;0;2;0;0;0;0;0;0;0;0;0;;
270805;26;8;2015;12:33;25071;RUA TEODORICO BARROSO;AV DOS EXPEDICIONARIOS;;0;;Colis?úo;Luz do Dia;;;Cruz;Pare;Comercial;0;0;2;0;0;0;0;0;0;0;0;0;-3,766646000000000;-38,541696000000000
270798;26;8;2015;11:59;0;AV CARNEIRO DE MENDONCA;;;0;;Colis?úo;Luz do Dia;;;Meio de Quadra;;;0;0;2;0;0;0;0;0;0;0;0;0;;
270808;26;8;2015;12:45;0;RUA JOSE HIPOLITO;;;0;;Colis?úo;Luz do Dia;;;Meio de Quadra;;;0;1;1;0;0;0;0;0;0;0;0;0;;
270810;26;8;2015;13:24;0;RUA AMAZONAS;;;0;;Colis?úo;Luz do Dia;;;Meio de Quadra;;;0;0;2;0;0;0;0;0;0;0;0;0;;
270802;26;8;2015;12:32;0;RUA JULIO BRAGA;;;0;;Colis?úo;Luz do Dia;;;Meio de Quadra;;;0;0;2;0;0;0;0;0;0;0;0;0;;
270795;26;8;2015;11:58;9075;RUA CEL JOSE EUCLIDES;AV AGUANAMBI;;0;;Colis?úo;Luz do Dia;;;T;Outros;Comercial;0;0;2;0;0;0;0;0;0;0;0;0;-3,752233000000000;-38,523383000000000
270788;26;8;2015;11:56;22242;RUA CEL MOZART GONDIM;RUA IPE (ALAGADI?çO);;0;;Colis?úo;Luz do Dia;;;Cruz;Pare;Residencial;0;0;2;0;0;0;0;0;0;0;0;0;-3,730108000000000;-38,560214000000000
270785;26;8;2015;11:55;0;RUA JUSTINIANO DE SERPA;;;0;;Colis?úo;Luz do Dia;;;Meio de Quadra;;;0;0;2;0;0;0;0;0;0;0;0;0;;
270777;26;8;2015;10:06;0;AV CONTORNO NORTE (SAO CRSITOVAO);;;0;CUCA JANGURUSSU;Colis?úo;Luz do Dia;;;Meio de Quadra;;;0;0;2;0;0;0;0;0;0;0;0;0;;
270749;26;8;2015;21:36;10420;RUA LUIZ MARIANO;RUA DAS PEDRINHAS;;0;;Colis?úo;;;;Cruz;N?úo H?í Controle;Residencial;0;0;2;0;0;0;0;0;0;0;0;0;-3,761937000000000;-38,600122000000000
270779;26;8;2015;10:31;0;RUA CIDADE PALHANO;;;0;;Colis?úo;Luz do Dia;;;Meio de Quadra;;;0;0;2;0;0;0;0;0;0;0;0;0;;
270780;26;8;2015;11:17;0;RUA DR WANDA SIDOU;;;0;;Colis?úo;Luz do Dia;;;Meio de Quadra;;;0;1;1;0;0;0;0;0;0;0;0;0;;
270781;26;8;2015;11:37;0;RUA DEP MOREIRA DA ROCHA;;;0;;Colis?úo;Luz do Dia;;;Meio de Quadra;;;0;0;2;0;0;0;0;0;0;0;0;0;;
265395;26;8;2015;17:35;26221;RUA PEREIRA DE MIRANDA;AV ALM HENRIQUE SABOIA;;0;;Colis?úo;Anoitecer;;;Cruz;N?úo H?í Controle;Comercial;0;1;0;0;1;0;0;0;0;0;0;0;-3,738316000000000;-38,486210000000000
265396;26;8;2015;21:40;0;RD BR 116;;;8000;KM-08;Colis?úo;;;;Meio de Quadra;;;0;1;0;1;0;0;0;0;0;1;0;0;-3,822018000000000;-38,503269000000000
265392;26;8;2015;15:00;0;AV DR SILAS MUNGUBA;;;1700;UECE;Colis?úo Lateral;Luz do Dia;;;Meio de Quadra;;;0;1;0;1;0;0;1;0;0;0;0;0;-3,785332000000000;-38,552153000000000
256061;26;8;2015;19:40;18303;AV ALM BARROSO;RUA ITAPIPOCA;;0;;Colis?úo Lateral;Via Iluminada;Bom;Seca;T;N?úo H?í Controle;Comercial;0;1;1;1;0;0;0;0;0;1;0;0;-3,720403000000000;-38,516762000000000
256063;26;8;2015;18:45;9170;AV EDUARDO GIRAO;RUA GAL SILVA JUNIOR;;0;;Colis?úo Traseira;Anoitecer;Bom;Seca;Cruz;Sem?íforo;Comercial;0;0;2;1;0;0;0;0;0;1;0;0;-3,754309000000000;-38,530785000000000
256064;26;8;2015;07:40;0;AV CARNEIRO DE MENDONCA;;;728;;Atropelamento;Luz do Dia;Bom;Seca;Meio de Quadra;N?úo H?í Controle;Comercial;0;1;1;0;0;0;0;0;0;1;0;0;-3,764330000000000;-38,566349000000000
256057;26;8;2015;11:00;0;AV IMPERADOR;;;297;;;Luz do Dia;Bom;Seca;Meio de Quadra;;Comercial;0;0;2;1;0;0;0;0;0;0;0;0;-3,723855000000000;-38,533463000000000
256075;26;8;2015;17:30;1461;RUA CATAO MAMEDE;AV BAR STUDART;;0;;Colis?úo Transversal;Anoitecer;Bom;Seca;Cruz;N?úo H?í Controle;Comercial;0;0;2;1;0;0;0;0;0;0;0;0;-3,738583000000000;-38,507870000000000
256088;26;8;2015;09:10;0;AV DEP PAULINO ROCHA;AV ALBERTO CRAVEIRO;;0;;Colis?úo Traseira;Luz do Dia;Bom;Seca;Meio de Quadra;D?¬ Prefer?¬ncia;Comercial;0;0;2;0;1;0;0;0;0;0;0;0;;
256084;26;8;2015;07:30;7733;AV JOAO PESSOA;RUA BAR SOBRAL;;0;;Colis?úo Lateral;Luz do Dia;Bom;Seca;Outros;Sem?íforo;Comercial;0;2;0;0;0;0;0;0;0;1;0;0;-3,764518000000000;-38,558693000000000
256080;26;8;2015;16:30;0;AV LUCIANO CARNEIRO;;;1991;;Colis?úo Transversal;Luz do Dia;Bom;Seca;Meio de Quadra;Sem?íforo;Residencial;0;1;1;1;0;0;0;0;0;1;0;0;-3,765012000000000;-38,536703000000000
256069;26;8;2015;23:30;0;RUA TRES CORACOES;;;330;;Colis?úo Traseira;;Bom;;Meio de Quadra;;Residencial;0;1;1;1;0;0;0;0;0;1;0;0;;
256066;26;8;2015;07:30;0;AV BORGES DE MELO;;;1620;;Colis?úo Traseira;Luz do Dia;Bom;Seca;Meio de Quadra;N?úo H?í Controle;Comercial;0;0;2;1;0;0;0;0;0;0;0;0;-3,756518000000000;-38,534035000000000
256067;26;8;2015;07:15;0;RUA SAMUEL UCHOA;;;78;;Colis?úo Lateral;Luz do Dia;Bom;Seca;Meio de Quadra;N?úo H?í Controle;Comercial;0;0;2;1;0;0;0;0;0;0;0;0;-3,757381000000000;-38,541981000000000
256054;26;8;2015;07:30;0;AV PRS CASTELO BRANCO;;;2043;;Colis?úo Lateral;Luz do Dia;Bom;Seca;Outros;Sem?íforo;Comercial;0;0;2;1;1;0;0;0;0;0;0;0;-3,714703000000000;-38,546120000000000
256041;26;8;2015;19:30;1250;RUA COSTA BARROS;AV BAR STUDART;;0;;Colis?úo Transversal;Via Iluminada;Bom;Seca;Cruz;Sem?íforo;Comercial;0;0;2;1;0;0;0;0;0;0;0;0;-3,732231000000000;-38,505837000000000
256045;26;8;2015;18:00;0;AV PRS JUSCELINO KUBITSCHEK (PASSAR?ë);;;3275;;Colis?úo Lateral;Via Iluminada;Bom;Molhada;Meio de Quadra;N?úo H?í Controle;Residencial;0;0;2;1;0;0;1;0;0;0;0;0;-3,809227000000000;-38,526552000000000
256038;26;8;2015;07:10;22142;RUA CEL NUNES DE MELO;RUA GUSTAVO BRAGA;;0;;Colis?úo Lateral;Luz do Dia;Bom;Seca;Cruz;Pare;Comercial;0;0;2;1;0;0;0;0;0;0;0;0;-3,749809000000000;-38,553931000000000
256024;26;8;2015;08:10;0;AV CARAPINIMA;;;0;;Colis?úo Lateral;Luz do Dia;Bom;;;;;0;0;2;1;1;0;0;0;0;0;0;0;;
256034;26;8;2015;17:00;23451;RUA PAULO FIRMEZA;RUA SABINO MONTE;;0;;Colis?úo Transversal;;Bom;Seca;Cruz;Pare;Residencial;0;1;1;1;0;0;0;0;0;1;0;0;-3,757031000000000;-38,511850000000000
256030;26;8;2015;19:29;0;AV JOSE SABOIA;;;300;;Colis?úo Traseira;;Bom;Seca;Meio de Quadra;;Industrial;0;0;2;1;0;0;0;0;0;0;0;0;-3,717001000000000;-38,467612000000000
256027;26;8;2015;15:40;0;RUA PDE VALDEVINO;;;7303;;Colis?úo Lateral;Luz do Dia;Bom;Seca;Meio de Quadra;Sem?íforo;Comercial;0;0;2;1;0;0;0;0;0;0;0;0;;
256016;26;8;2015;21:45;15135;AV HIS RAIMUNDO GIRAO;RUA FRANCISCO DIAS RIBEIRO;;0;;Colis?úo Lateral;Via Iluminada;Bom;Seca;Cruz;N?úo H?í Controle;Residencial;0;0;2;1;0;0;0;0;0;0;0;0;-3,724024000000000;-38,504397000000000
256111;26;8;2015;07:30;26176;AV ODILON GUIMARAES;RUA AFONSO HENRIQUE;;0;;Colis?úo Lateral;Luz do Dia;Bom;Seca;T;Pare;Comercial;0;0;2;0;0;0;1;0;0;1;0;0;-3,826720000000000;-38,480330000000000
256103;26;8;2015;08:20;0;AV ALBERTO CRAVEIRO;;;0;;Engavetamento;Luz do Dia;Bom;Seca;Meio de Quadra;N?úo H?í Controle;Comercial;0;1;2;1;1;0;0;0;0;1;0;0;;
256130;26;8;2015;19:20;0;AV DEP PAULINO ROCHA;;;0;ROTAT?ôRIA;Colis?úo Lateral;Via Iluminada;Bom;Seca;Meio de Quadra;;Lazer;0;0;2;1;0;0;0;0;0;0;0;0;;
256009;26;8;2015;08:55;0;AV 13 DE MAIO;;;0;;Colis?úo Traseira;Luz do Dia;Bom;Seca;Meio de Quadra;N?úo H?í Controle;Residencial;0;1;1;1;0;0;0;0;0;1;0;0;-3,749704000000000;-38,528887000000000
256010;26;8;2015;10:50;8950;RUA RUBIA SAMPAIO;AV BEZERRA DE MENEZES;;0;;Colis?úo Lateral;Luz do Dia;Bom;Seca;T;Pare;Comercial;0;0;2;1;0;0;0;0;0;0;0;0;-3,730585000000000;-38,540176000000000
259592;26;8;2015;17:55;0;RD CE-040;;;0;KM-04;Colis?úo;Anoitecer;;Seca;Meio de Quadra;;;0;0;2;1;1;0;0;0;0;0;0;0;-3,792050000000000;-38,480251000000000
259593;26;8;2015;16:00;0;RD CE-040;;;0;KM-12;Colis?úo;Luz do Dia;;Seca;Meio de Quadra;;;0;0;3;1;0;0;0;0;0;0;0;0;-3,848945000000000;-38,476237000000000
259584;26;8;2015;07:20;0;RD CE-040;;;0;KM-02;Colis?úo;Luz do Dia;;Seca;Meio de Quadra;;;0;1;2;1;0;0;0;0;0;1;0;0;-3,776479000000000;-38,481598000000000
259597;27;8;2015;05:40;0;RD CE-040;;;0;KM-12;Colis?úo;Via Iluminada;;Seca;Meio de Quadra;;;0;1;1;1;0;0;0;0;0;0;0;0;-3,848945000000000;-38,476237000000000
259600;27;8;2015;09:30;0;RD CE-040;;;0;KM-10;Colis?úo;Luz do Dia;;Seca;Meio de Quadra;;;0;1;2;1;0;0;0;0;1;0;0;0;-3,838671000000000;-38,480068000000000
259612;27;8;2015;15:40;0;RD CE-040;;;0;KM-03;Colis?úo;Luz do Dia;;Seca;Meio de Quadra;;;0;0;3;1;0;0;1;0;0;0;0;0;-3,783185000000000;-38,481014000000000
259613;27;8;2015;17:00;0;RD CE-040;;;0;KM-10;Colis?úo Lateral;Via Iluminada;;Seca;Meio de Quadra;;;0;0;2;1;0;0;0;0;0;0;0;0;-3,838671000000000;-38,480068000000000
256128;27;8;2015;15:30;0;RUA ANTONIO ALEXANDRINO DOS REIS;;;237;;Colis?úo Lateral;Luz do Dia;Bom;Seca;Meio de Quadra;N?úo H?í Controle;Residencial;0;1;1;1;0;0;0;0;0;1;0;0;;
256108;27;8;2015;19:40;0;AV BEIRA MAR;;;3860;;Colis?úo Lateral;Anoitecer;Bom;Seca;Meio de Quadra;N?úo H?í Controle;Residencial;0;0;2;1;0;0;0;0;0;0;0;0;-3,723328000000000;-38,487193000000000
256093;27;8;2015;16:50;1321;RUA MARCOS MACEDO;RUA VICENTE LEITE;;0;;Colis?úo Lateral;Luz do Dia;Bom;Seca;Cruz;Pare;Comercial;0;0;2;1;0;0;0;0;0;0;0;0;-3,735201000000000;-38,494787000000000
256097;27;8;2015;21:00;15984;RUA GASTAO JUSTA;RUA DR RODRIGO C SANDOVAL;;0;;Colis?úo Transversal;Via Iluminada;Bom;Seca;Cruz;Pare;Residencial;0;1;1;1;0;0;0;0;0;1;0;0;-3,805778000000000;-38,569575000000000
256098;27;8;2015;15:00;20042;AV DEP PAULINO ROCHA;AV PRS JUSCELINO KUBITSCHEK (PASSAR?ë);;0;;Colis?úo Traseira;Luz do Dia;Bom;Seca;Rotat??ria;N?úo H?í Controle;Lazer;0;0;2;1;0;0;0;0;0;0;0;0;-3,807229000000000;-38,524782000000000
256121;27;8;2015;14:00;18299;RUA JOSE AVELINO;RUA SEN ALMINO;;0;;Colis?úo Lateral;Luz do Dia;Bom;Seca;Cruz;Pare;Comercial;0;0;2;1;0;0;0;0;0;0;0;0;-3,722476000000000;-38,517954000000000
256124;27;8;2015;15:30;2436;AV PRS CASTELO BRANCO;RUA GRACA ARANHA;;0;;Colis?úo Transversal;Luz do Dia;Bom;Seca;;N?úo H?í Controle;Comercial;0;3;0;0;0;0;0;0;0;1;0;0;-3,706856000000000;-38,572655000000000
256113;27;8;2015;11:00;0;AV 13 DE MAIO;;;31;;Colis?úo Traseira;Luz do Dia;Bom;Seca;Meio de Quadra;Sem?íforo;Comercial;0;0;3;1;0;0;0;0;0;0;0;0;-3,753552000000000;-38,520567000000000
256110;27;8;2015;19:30;1454;RUA JOAQUIM NABUCO;RUA AFONSO CELSO;;0;;Colis?úo Lateral;Via Iluminada;Bom;Seca;Cruz;Pare;Residencial;0;0;2;1;0;0;0;0;0;0;0;0;-3,738407000000000;-38,502300000000000
259186;27;8;2015;14:00;0;RD BR 116;;;5000;KM-05;Colis?úo Traseira;Luz do Dia;Bom;Seca;Meio de Quadra;N?úo H?í Controle;Comercial;0;0;5;1;0;0;1;0;0;0;0;0;-3,796502000000000;-38,506787000000000
259189;27;8;2015;19:30;0;RD BR 116;;;1000;KM-01;Colis?úo Traseira;Via Iluminada;Bom;Seca;Meio de Quadra;N?úo H?í Controle;Comercial;0;2;1;1;0;0;0;0;0;1;0;0;-3,762554000000000;-38,518702000000000
259219;27;8;2015;15:00;0;RD BR 222;;;0;KM-02;Colis?úo;Luz do Dia;Nublado;Seca;Meio de Quadra;N?úo H?í Controle;;0;1;1;1;0;0;0;0;0;1;0;0;-3,738951000000000;-38,586880000000000
265401;27;8;2015;11:00;5686;RUA MARGARIDA DE QUEIROZ;RUA MELO CESAR;;0;;Colis?úo;Luz do Dia;;;Cruz;Pare;Rural;0;1;0;1;0;0;0;0;0;1;0;0;-3,794381000000000;-38,504462000000000
265402;27;8;2015;13:20;13161;AV D CJ JOSE WALTER;RUA 69 CJ JOSE WALTER;;0;;Colis?úo;Luz do Dia;;;T;N?úo H?í Controle;Comercial;0;1;0;0;0;0;0;0;0;1;0;0;-3,831825000000000;-38,555098000000000
265404;27;8;2015;15:00;10634;AV WASHINGTON SOARES;AV MIGUEL DIAS;;0;;Colis?úo;Luz do Dia;;;T;Sem?íforo;Comercial;0;1;0;1;0;0;0;0;0;1;0;0;-3,757742000000000;-38,488341000000000
265405;27;8;2015;20:30;24272;RUA TAVARES COUTINHO;RUA DR ALOISIO MAMEDE;;0;;Colis?úo;;;;Cruz;Pare;Comercial;0;1;0;1;0;0;0;0;0;1;0;0;-3,732445000000000;-38,483864000000000
256140;27;8;2015;07:40;0;AV JOAO PESSOA;;;6330;;Colis?úo Lateral;Luz do Dia;Bom;Seca;Meio de Quadra;N?úo H?í Controle;Comercial;0;0;3;1;0;0;1;0;0;0;0;0;-3,765695000000000;-38,559172000000000
256137;27;8;2015;12:30;19730;RUA CRUZ SALDANHA;RUA DOM MANUEL DE MEDEIROS;;0;;Colis?úo Transversal;Luz do Dia;Bom;Seca;Cruz;Pare;Residencial;0;0;2;1;0;0;0;0;0;0;0;0;-3,736980000000000;-38,553612000000000
256151;27;8;2015;18:00;0;AV BEZERRA DE MENEZES;;;113;;Colis?úo Transversal;Via Iluminada;Bom;Seca;Meio de Quadra;Sem?íforo Intermitente;Comercial;0;2;1;0;1;0;0;0;0;1;0;0;-3,731776000000000;-38,545728000000000
256152;27;8;2015;12:30;15366;RUA PEREIRA VALENTE;RUA PRO DIAS DA ROCHA;;0;;Colis?úo Lateral;Luz do Dia;Bom;Seca;Cruz;Pare;Comercial;0;1;1;1;0;0;0;0;0;0;0;0;-3,734132000000000;-38,491243000000000
256154;27;8;2015;03:30;0;RUA JOR ANTONIO P TAVARES;;;1141;;Colis?úo Traseira;Via Iluminada;Bom;Seca;Meio de Quadra;N?úo H?í Controle;Misto;0;0;2;0;0;0;0;1;0;0;0;0;-3,813478000000000;-38,507599000000000
256155;27;8;2015;12:30;22127;RUA MAJ PEDRO SAMPAIO;RUA GUSTAVO BRAGA;;0;;Colis?úo Transversal;Luz do Dia;Bom;Seca;Cruz;Pare;Residencial;0;2;1;1;0;0;0;0;0;0;0;0;-3,748479000000000;-38,555389000000000
270875;27;8;2015;07:39;0;RUA EDUARDO PORTO;;;0;;Colis?úo;Luz do Dia;;;Meio de Quadra;;;0;0;2;0;0;0;0;0;0;0;0;0;;
270886;27;8;2015;08:01;7712;RUA JOAO CAPOTE;AV CARNEIRO DE MENDONCA;;0;;Colis?úo;Luz do Dia;;;Cruz;Pare;Residencial;0;0;2;0;0;0;0;0;0;0;0;0;-3,766458000000000;-38,561662000000000
270931;27;8;2015;10:28;1463;RUA ROCHA LIMA;RUA ILDEFONSO ALBANO;;0;;Colis?úo;Luz do Dia;;;Cruz;Pare;Comercial;0;0;2;0;0;0;0;0;0;0;0;0;-3,738687000000000;-38,515157000000000
270928;27;8;2015;10:24;19824;RUA ARMANDO OLIVEIRA;AV ENG HUMBERTO MONTE;;0;;Colis?úo;Luz do Dia;;;Outros;N?úo H?í Controle;Residencial;0;0;2;0;0;0;0;0;0;0;0;0;-3,740607000000000;-38,567671000000000
270925;27;8;2015;10:10;7393;RUA AUDISIO PINHEIRO;RUA PRO EDGAR DE ARRUDA;;0;;Colis?úo;Luz do Dia;;;Cruz;Pare;Residencial;0;0;2;0;0;0;0;0;0;0;0;0;-3,756603000000000;-38,587846000000000
270917;27;8;2015;09:29;19611;RUA NEREU RAMOS;AV GODOFREDO MACIEL;;0;;Colis?úo;Luz do Dia;;;T;Sem?íforo;Residencial;0;0;2;0;0;0;0;0;0;0;0;0;-3,787250000000000;-38,566802000000000
270901;27;8;2015;11:25;9952;RUA JOSE TORRES;RUA EMILIO DE MENESES;;0;;Colis?úo;Luz do Dia;;;Cruz;Pare;Comercial;0;0;2;0;0;0;0;0;0;0;0;0;-3,776425000000000;-38,606283000000000
270915;27;8;2015;08:31;14578;RUA HONORIO VIEIRA;RUA DR JOSE PERDIGAO;;0;;Colis?úo;Luz do Dia;;;;;;0;0;2;0;0;0;0;0;0;0;0;0;-3,789285000000000;-38,486845000000000
270908;27;8;2015;08:09;0;RUA NOVA CONQUISTA (GRANJA LISBOA);;;0;;Colis?úo;Luz do Dia;;;Meio de Quadra;;;0;0;2;0;0;0;0;0;0;0;0;0;;
270938;27;8;2015;10:36;5082;RUA DR JOAO MOREIRA;RUA BAR RIO BRANCO;;0;;Colis?úo;Luz do Dia;;;Cruz;N?úo H?í Controle;Comercial;0;0;2;0;0;0;0;0;0;0;0;0;-3,722797000000000;-38,527092000000000
270939;27;8;2015;10:43;0;RUA TAVARES IRACEMA;;;0;;Colis?úo;Luz do Dia;;;Meio de Quadra;;;0;0;2;0;0;0;0;0;0;0;0;0;;
270941;27;8;2015;10:52;0;AV A CJ CEARA;;;1008;BEC;Colis?úo;Luz do Dia;;;Meio de Quadra;;;0;0;2;0;0;0;0;0;0;0;0;0;-3,769808000000000;-38,604451000000000
270942;27;8;2015;10:54;21204;RUA PERNAMBUCO;RUA ESPIRITO SANTO;;0;;Colis?úo;Luz do Dia;;;T;Pare;Residencial;0;0;2;0;0;0;0;0;0;0;0;0;-3,758113000000000;-38,571345000000000
270943;27;8;2015;10:56;0;RUA MON FURTADO;;;0;;Colis?úo;Luz do Dia;;;Meio de Quadra;;;0;0;2;0;0;0;0;0;0;0;0;0;;
255953;27;8;2015;07:00;0;AV SANTOS DUMONT;;;5605;;Colis?úo Traseira;;Bom;Seca;Meio de Quadra;Sem?íforo;Misto;0;1;2;1;0;0;0;0;0;1;0;0;-3,741609000000000;-38,481665000000000
266634;27;8;2015;05:46;0;AV WASHINGTON SOARES;;;0;;Colis?úo;Amanhecer;;;Meio de Quadra;;;0;1;0;1;0;0;0;0;0;0;0;0;-3,757652000000000;-38,488576000000000
266648;27;8;2015;08:05;0;RUA A CJ PALMARES (G. LISBOA);;;0;;Colis?úo;Luz do Dia;;;Meio de Quadra;;;0;1;1;1;0;0;0;0;0;1;0;0;;
266650;27;8;2015;08:10;23797;RUA PLACIDO DE CASTRO;RUA ANTONIO COSTA MENDES (PQ S?âO JOS?ë);;0;;Colis?úo;Luz do Dia;;;Cruz;N?úo H?í Controle;Residencial;0;1;2;0;0;0;0;0;0;0;0;0;-3,791050000000000;-38,584743000000000
266652;27;8;2015;08:22;13161;RUA 69 CJ JOSE WALTER;AV D CJ JOSE WALTER;;0;;Colis?úo;Luz do Dia;;;T;N?úo H?í Controle;Comercial;0;1;1;1;0;0;0;0;0;1;0;0;-3,831825000000000;-38,555098000000000