COD_ACIDENTE;DIA;MES;ANO;HORA;INTERSECAO;LOG1;LOG2;LOG3;NUMERO;REFERENCIA;NATUREZA;ILUMINACAO;TEMPO;SUPERFICIEPISTA;TIPOCRUZAMENTO;CONTROLETRAFEGO;USOSOLO;MORTOS;FERIDOS;ILESOS;AUTOMOVEL;ONIBUS;BICICLETA;CAMINHAO;MICROONIBUS;CICLOMOTOR;MOTOCICLETA;TRACAOANIMAL;TREM;LATITUDE;LONGITUDE
266653;27;8;2015;09:56;22157;RUA MON FURTADO;RUA DELMIRO FARIAS;;0;;Colis?úo;Luz do Dia;;;Cruz;Pare;Residencial;0;1;1;0;0;0;0;0;0;1;0;0;-3,747544000000000;-38,550550000000000
266655;27;8;2015;10:11;0;AV ENG HUMBERTO MONTE;;;0;;Colis?úo;Luz do Dia;;;Meio de Quadra;;;0;1;1;1;0;0;0;0;0;1;0;0;-3,740535000000000;-38,567711000000000
266658;27;8;2015;12:30;0;AV MAJ ASSIS;;;0;;Atropelamento;Luz do Dia;;;Meio de Quadra;;;0;1;1;0;0;0;0;0;0;1;0;0;-3,720415000000000;-38,601073000000000
266664;27;8;2015;12:42;0;RUA PEDRO I;;;0;;Atropelamento;Luz do Dia;;;Meio de Quadra;;;0;1;1;0;0;0;0;0;0;1;0;0;;
266669;27;8;2015;13:53;0;AV GAL OSORIO DE PAIVA;;;0;;Colis?úo;Luz do Dia;;;Meio de Quadra;;;0;1;1;1;0;0;0;0;0;1;0;0;;
266670;27;8;2015;14:08;0;AV WASHINGTON SOARES;;;0;;Colis?úo;Luz do Dia;;;Meio de Quadra;;;0;1;1;1;0;0;0;0;0;1;0;0;-3,826113000000000;-38,481712000000000
266675;27;8;2015;17:29;0;RUA PRO EDGAR DE ARRUDA;;;0;;Colis?úo;Anoitecer;;;Meio de Quadra;;;0;1;1;1;0;0;0;0;0;1;0;0;-3,758154000000000;-38,584936000000000
266677;27;8;2015;17:33;0;AV PRS CASTELO BRANCO;;;0;;Atropelamento;Anoitecer;;;Meio de Quadra;;;0;1;1;0;0;0;0;0;0;1;0;0;;
266678;27;8;2015;18:14;0;AV PRS CASTELO BRANCO;;;0;;Atropelamento;Anoitecer;;;Meio de Quadra;;;0;1;1;1;0;0;0;0;0;0;0;0;-3,706790000000000;-38,572831000000000
266686;27;8;2015;18:36;11700;RUA MON VICENTE MARTINS;RUA DES GOMES PARENTE;;0;;Atropelamento;;;;Cruz;N?úo H?í Controle;Residencial;0;1;1;0;0;0;0;0;0;1;0;0;-3,772059000000000;-38,581189000000000
266695;27;8;2015;19:24;0;AV GAL OSORIO DE PAIVA;;;0;;Atropelamento;;;;Meio de Quadra;;;0;1;1;0;0;0;0;0;0;1;0;0;-3,814354000000000;-38,611416000000000
266698;27;8;2015;19:30;0;RUA VALPARAISO;;;0;;Colis?úo;;;;Meio de Quadra;;;0;1;1;1;0;0;0;0;0;1;0;0;;
266699;27;8;2015;20:44;0;AV CEL CARVALHO;;;0;;Colis?úo;;;;Meio de Quadra;;;0;1;0;0;0;0;0;0;0;0;0;0;-3,727031000000000;-38,585387000000000
266702;27;8;2015;21:21;0;RUA ESTADO DO RIO;;;0;;Colis?úo;;;;Meio de Quadra;;;0;1;1;1;0;0;0;0;0;1;0;0;-3,756417000000000;-38,569549000000000
266712;27;8;2015;08:27;0;RUA ALEXANDRE BARAUNA;;;0;;Colis?úo;Luz do Dia;;;Meio de Quadra;;;0;1;1;1;0;0;0;0;0;1;0;0;;
264515;27;8;2015;17:01;15292;RUA FRE MANSUETO;AV ANTONIO JUSTA;;0;;Colis?úo;Anoitecer;;;Cruz;Pare;Residencial;0;0;2;1;0;0;0;0;0;0;0;0;-3,729381000000000;-38,488950000000000
264512;27;8;2015;09:15;9602;RUA JOSE TORRES;RUA VITAL BRASIL;;0;;Colis?úo;Luz do Dia;;;Cruz;Pare;Comercial;0;0;2;1;1;0;0;0;0;0;0;0;-3,775727000000000;-38,606089000000000
264513;27;8;2015;10:19;0;RUA BERNARDO MANUEL;;;0;;Colis?úo;Luz do Dia;;;Meio de Quadra;;;0;0;2;1;0;0;1;0;0;0;0;0;;
264517;28;8;2015;10:22;0;AV GAL OSORIO DE PAIVA;;;0;;Colis?úo;Luz do Dia;;;Meio de Quadra;;;0;0;2;1;1;0;0;0;0;0;0;0;;
264518;28;8;2015;12:17;0;AV SGT HERMINIO SAMPAIO;;;0;;Colis?úo;Luz do Dia;;;Meio de Quadra;;;0;0;2;0;1;0;0;0;0;0;0;0;;
264522;28;8;2015;17:20;9224;RUA MIN JOAQUIM BASTOS D14;RUA GAL SILVA JUNIOR;;0;;Colis?úo;Anoitecer;;;Cruz;Pare;Residencial;0;0;3;1;0;0;0;0;0;0;0;0;-3,752716000000000;-38,529448000000000
264520;28;8;2015;12:27;5112;RUA CASTRO E SILVA;RUA BAR RIO BRANCO;;0;;Colis?úo;Luz do Dia;;;Cruz;Sem?íforo;Comercial;0;0;2;1;1;0;0;0;0;0;0;0;-3,723847000000000;-38,527429000000000
264528;28;8;2015;20:43;0;AV AGUANAMBI;;;0;;Colis?úo;;;;Meio de Quadra;;;0;0;2;1;0;0;1;0;0;0;0;0;;
264524;28;8;2015;18:29;0;RUA AMERICO VESPUCIO;;;0;;Colis?úo;Anoitecer;;;Meio de Quadra;;;0;0;2;1;1;0;0;0;0;0;0;0;;
264525;28;8;2015;18:53;0;RUA MARIA QUINTELA;;;0;;Colis?úo;;;;Meio de Quadra;;;0;0;2;1;0;0;1;0;0;0;0;0;;
264530;28;8;2015;21:43;3840;RUA MAL DEODORO;RUA PDE FRANCISCO PINTO;;0;;Colis?úo;;;;T;N?úo H?í Controle;Comercial;0;0;2;1;0;0;0;0;0;0;0;0;-3,745565000000000;-38,537712000000000
266715;28;8;2015;10:56;0;AV CEL CARVALHO;;;0;;Queda;Luz do Dia;;;Meio de Quadra;;;0;1;0;0;0;0;0;0;0;1;0;0;;
266720;28;8;2015;12:17;0;RUA ABELARDO MARINHO;;;0;;Colis?úo;Luz do Dia;;;Meio de Quadra;;;0;1;1;1;0;0;0;0;0;1;0;0;;
266722;28;8;2015;15:37;22665;AV COS GOMES DE FREITAS (SAPIRANGA/COITE);AV ENG LEAL LIMA VERDE (SAPIRANGA/COITE);;0;;Colis?úo;Luz do Dia;;;Rotat??ria;D?¬ Prefer?¬ncia;Comercial;0;1;1;1;0;0;0;0;0;1;0;0;-3,795341000000000;-38,475739000000000
266743;28;8;2015;18:11;0;AV BEZERRA DE MENEZES;;;0;;Atropelamento;Anoitecer;;;Meio de Quadra;;;0;1;1;0;0;0;0;0;0;1;0;0;;
266744;28;8;2015;18:17;11451;RUA PDE FRANCISCO PITA;AV DES FAUSTINO ALBUQUERQUE;;0;;Colis?úo;Anoitecer;;;Cruz;Pare;Comercial;0;1;1;1;0;0;0;0;0;1;0;0;-3,781966000000000;-38,498345000000000
266740;28;8;2015;17:19;0;RUA DR HUGO ROCHA;;;0;;Queda;Anoitecer;;;Meio de Quadra;;;0;1;0;0;0;0;0;0;0;1;0;0;-3,718626000000000;-38,569508000000000
266756;28;8;2015;19:23;0;AV N CJ JOSE WALTER;;;0;;Colis?úo;;;;Meio de Quadra;;;0;1;1;1;0;0;0;0;0;1;0;0;;
266774;28;8;2015;19:29;0;AV DEP PAULINO ROCHA;;;0;;Atropelamento;;;;Meio de Quadra;;;0;1;0;1;0;0;0;0;0;0;0;0;;
266784;28;8;2015;20:14;0;RD BR 116;;;3000;KM-03;Colis?úo;;;;Meio de Quadra;;;0;1;1;1;0;0;0;0;0;1;0;0;-3,779838000000000;-38,514372000000000
266779;28;8;2015;19:43;0;AV PRS COSTA E SILVA;;;0;;Colis?úo;;;;Meio de Quadra;;;0;1;1;1;0;0;0;0;0;1;0;0;-3,812746000000000;-38,571914000000000
266780;28;8;2015;19:57;0;AV DOS EXPEDICIONARIOS;;;0;;Colis?úo;;;;Meio de Quadra;;;0;1;1;1;0;0;0;0;0;1;0;0;;
266786;28;8;2015;20:44;15298;RUA BARBOSA DE FREITAS;RUA ANA BILHAR;;0;;Colis?úo;;;;Cruz;Pare;Residencial;0;1;1;1;0;0;0;0;0;1;0;0;-3,729646000000000;-38,495143000000000
266787;28;8;2015;20:52;22159;RUA PRO COSTA MENDES;AV JOSE BASTOS;;0;;Colis?úo;;;;Outros;N?úo H?í Controle;Residencial;0;1;1;0;0;0;0;0;0;1;0;0;-3,750784000000000;-38,551247000000000
270945;28;8;2015;08:13;0;RUA OSVALDO CRUZ (ALDEOTA);;;0;;Colis?úo;Luz do Dia;;;Meio de Quadra;;;0;0;2;0;0;0;0;0;0;0;0;0;;
270946;28;8;2015;11:09;0;RUA PDE VALDEVINO;;;0;;Colis?úo;Luz do Dia;;;Meio de Quadra;;;0;0;2;0;0;0;0;0;0;0;0;0;;
270950;28;8;2015;12:05;0;AV ALBERTO CRAVEIRO;;;0;;Colis?úo;Luz do Dia;;;Meio de Quadra;;;0;0;2;0;0;0;0;0;0;0;0;0;;
270957;28;8;2015;16:14;0;AV SGT HERMINIO SAMPAIO;;;0;;Colis?úo;Luz do Dia;;;Meio de Quadra;;;0;0;2;0;0;0;0;0;0;0;0;0;;
270958;28;8;2015;16:29;0;RUA SAO LEOPOLDO D69;;;0;;Colis?úo;Luz do Dia;;;Meio de Quadra;;;0;0;2;0;0;0;0;0;0;0;0;0;;
270959;28;8;2015;16:52;24229;AV ENG ALBERTO SA;AV ENG SANTANA JUNIOR;;0;;Colis?úo;Luz do Dia;;;Cruz;Sem?íforo;Comercial;0;0;2;0;0;0;0;0;0;0;0;0;-3,733357000000000;-38,480624000000000
270960;28;8;2015;16:59;0;AV RAD JOSE LIMA VERDE;;;0;;Colis?úo;Luz do Dia;;;Meio de Quadra;;;0;0;2;0;0;0;0;0;0;0;0;0;;
270961;28;8;2015;17:48;0;AV ALM MAXIMIANO DA FONSECA;;;0;;Colis?úo;Anoitecer;;;Meio de Quadra;;;0;0;2;0;0;0;0;0;0;0;0;0;;
270962;28;8;2015;18:30;0;RUA PDE FRANCISCO PITA;;;0;;Colis?úo;Anoitecer;;;Meio de Quadra;;;0;0;2;0;0;0;0;0;0;0;0;0;;
270954;28;8;2015;13:08;0;RUA JOSE HIPOLITO;;;0;;Colis?úo;Luz do Dia;;;Meio de Quadra;;;0;0;2;0;0;0;0;0;0;0;0;0;;
270955;28;8;2015;13:59;6991;RUA 105 CJ ESPERANCA;AV CONTORNO NORTE D71;;0;;Colis?úo;Luz do Dia;;;T;Pare;Misto;0;0;2;0;0;0;0;0;0;0;0;0;-3,812221000000000;-38,589144000000000
270964;28;8;2015;18:31;17287;AV PRO GOMES DE MATOS;RUA VASCO DA GAMA;;0;;Colis?úo;;;;Cruz;Pare;Comercial;0;0;2;0;0;0;0;0;0;0;0;0;-3,763166000000000;-38,547335000000000
270965;28;8;2015;18:35;0;AV ANTONIO SALES;;;0;;Colis?úo;;;;Meio de Quadra;;;0;0;2;0;0;0;0;0;0;0;0;0;;
270967;28;8;2015;18:46;9281;AV AGUANAMBI;RUA JUVENAL DE CARVALHO;;0;;Colis?úo;;;;Outros;Pare;Comercial;0;0;2;0;0;0;0;0;0;0;0;0;;
270974;28;8;2015;19:03;0;AV DIOGUINHO;;;0;;Colis?úo;;;;Meio de Quadra;;;0;0;2;0;0;0;0;0;0;0;0;0;;
270976;28;8;2015;19:04;25645;AV GODOFREDO MACIEL;RUA CARLOS MAGNO;;0;;Colis?úo;;;;;;;0;0;2;0;0;0;0;0;0;0;0;0;-3,818555000000000;-38,575900000000000
270979;28;8;2015;19:35;0;AV GODOFREDO MACIEL;;;0;;Colis?úo;;;;Meio de Quadra;;;0;0;2;0;0;0;0;0;0;0;0;0;;
270982;28;8;2015;19:42;743;AV PASTEUR;AV PRS CASTELO BRANCO;;0;;Colis?úo;;;;Cruz;Sem?íforo;Comercial;0;0;2;0;0;0;0;0;0;0;0;0;-3,711181000000000;-38,558856000000000
270985;28;8;2015;20:24;0;RUA DOS ABOLICIONISTAS;;;0;;Colis?úo;;;;Meio de Quadra;;;0;0;2;0;0;0;0;0;0;0;0;0;;
265407;28;8;2015;14:02;0;RUA PEREIRA VALENTE;;;738;;Colis?úo;Luz do Dia;;;Meio de Quadra;;;0;1;0;0;0;0;0;0;0;1;0;0;-3,733009000000000;-38,494745000000000
265412;28;8;2015;16:50;24337;RUA ABELARDO MARINHO;RUA JORGE ACURCIO;;0;;Colis?úo;Luz do Dia;;;Cruz;Pare;Residencial;0;1;0;1;0;0;0;0;0;1;0;0;-3,764071000000000;-38,531070000000000
265409;28;8;2015;;0;RUA JOSE MONTEIRO DOS SANTOS;;;1111;;Colis?úo;;;;Meio de Quadra;;;0;1;0;1;0;0;1;0;0;0;0;0;-3,751259000000000;-38,549442000000000
265416;28;8;2015;18:35;0;AV PRS CASTELO BRANCO;;;2709;;Atropelamento;;;;Meio de Quadra;;;1;0;1;1;0;0;0;0;0;0;0;0;-3,712695000000000;-38,552027000000000
265418;28;8;2015;21:37;0;AV DOS EXPEDICIONARIOS;;;4363;;Colis?úo;;;;Meio de Quadra;;;0;1;0;1;0;0;0;0;0;1;0;0;-3,756651000000000;-38,538672000000000
259222;28;8;2015;18:30;0;RD BR 222;;;0;KM-03;Colis?úo Traseira;Anoitecer;Bom;Seca;Meio de Quadra;N?úo H?í Controle;Comercial;0;2;2;1;0;0;0;0;0;1;0;0;-3,736999000000000;-38,571997000000000
259191;28;8;2015;15:30;0;RD BR 116;;;13000;KM-13;Colis?úo Lateral;Luz do Dia;Bom;Seca;Meio de Quadra;N?úo H?í Controle;Comercial;0;0;2;1;0;0;1;0;0;0;0;0;-3,864670000000000;-38,497727000000000
259614;28;8;2015;16:20;0;AV MIN JOSE AMERICO;;;0;;Colis?úo;Luz do Dia;;Seca;Meio de Quadra;;;0;0;2;1;0;0;1;0;0;0;0;0;;
259621;29;8;2015;11:00;0;RD CE-040;;;0;KM-06;Colis?úo;Luz do Dia;;Seca;Meio de Quadra;;;0;0;2;1;0;0;0;0;0;0;0;0;-3,811270000000000;-38,478781000000000
259624;29;8;2015;13:30;0;RD CE-040;;;0;KM-08;Engavetamento;Luz do Dia;;Seca;Meio de Quadra;;;0;0;3;1;0;0;1;0;0;0;0;0;-3,823332000000000;-38,481317000000000
259625;29;8;2015;23:10;0;RD CE-040;;;0;KM-10;Atropelamento;Via Iluminada;;Seca;Meio de Quadra;;;0;1;1;0;0;0;0;0;0;0;0;0;-3,838671000000000;-38,480068000000000
259195;29;8;2015;14:45;0;RD BR 116;;;3000;KM-03;Colis?úo Traseira;Luz do Dia;Bom;Seca;Meio de Quadra;N?úo H?í Controle;Comercial;0;1;1;1;0;0;0;0;0;0;0;0;-3,779838000000000;-38,514372000000000
259193;29;8;2015;07:10;0;RD BR 116;;;11000;KM-11;Queda;Luz do Dia;Bom;Seca;Meio de Quadra;N?úo H?í Controle;Comercial;0;1;0;0;0;0;0;0;0;1;0;0;-3,847160000000000;-38,497176000000000
256017;29;8;2015;;0;AV DR THEBERGE;;;1172;;Colis?úo Traseira;Luz do Dia;Bom;Seca;Meio de Quadra;N?úo H?í Controle;Residencial;0;0;2;1;0;0;0;0;0;0;0;0;-3,713025000000000;-38,564416000000000
256021;29;8;2015;12:20;24328;RUA ARMANDO MONTEIRO;RUA VICENTE PADILHA;;0;;Colis?úo Transversal;Luz do Dia;Bom;Seca;Cruz;Pare;Residencial;0;0;2;1;0;0;0;0;0;0;0;0;-3,763260000000000;-38,536911000000000
256022;29;8;2015;13:30;0;RUA JARDIM FLUMINENSE;;;1700;;Colis?úo Traseira;Luz do Dia;Bom;Seca;Meio de Quadra;N?úo H?í Controle;Residencial;0;0;2;1;0;0;0;0;0;1;0;0;-3,809202000000000;-38,603773000000000
256023;29;8;2015;17:30;0;AV FRE CIRILO;;;4177;;Colis?úo Traseira;Anoitecer;Bom;Seca;Meio de Quadra;N?úo H?í Controle;Comercial;0;0;3;1;0;0;0;0;0;0;0;0;-3,820577000000000;-38,495994000000000
256011;29;8;2015;06:00;0;RUA BENI DE CARVALHO;;;413;;Colis?úo Transversal;Luz do Dia;Bom;Seca;Meio de Quadra;Pare;Residencial;0;0;3;1;0;0;0;0;0;0;0;0;;
256014;29;8;2015;03:00;19669;RUA PRO RAIMUNDO ARRUDA;RUA GUSTAVO SAMPAIO;;0;;Colis?úo Transversal;Via Iluminada;Bom;Seca;Cruz;Pare;Residencial;0;0;2;1;0;0;0;0;0;0;0;0;-3,734328000000000;-38,551915000000000
256015;29;8;2015;17:30;0;AV JOSE BASTOS;;;6510;;Colis?úo Traseira;Via Iluminada;Bom;Seca;Meio de Quadra;N?úo H?í Controle;Comercial;0;1;1;1;0;0;0;0;0;0;0;0;-3,767391000000000;-38,569576000000000
256007;29;8;2015;21:00;19377;RUA GERMANO FRANCK;RUA EDUARDO PERDIGAO;;0;;Colis?úo Traseira;Anoitecer;Bom;Seca;Cruz;Sem?íforo;Residencial;0;0;2;1;0;0;0;0;0;0;0;0;-3,777704000000000;-38,562542000000000
266808;29;8;2015;14:32;0;AV JOSE BASTOS;;;0;;Colis?úo;Luz do Dia;;;Meio de Quadra;;;0;1;1;1;0;0;0;0;0;1;0;0;-3,746523000000000;-38,546954000000000
266809;29;8;2015;15:56;0;AV JOR THOMAZ COELHO;;;0;;Atropelamento;Luz do Dia;;;Meio de Quadra;;;0;1;0;0;0;0;0;0;0;0;0;0;;
266813;29;8;2015;18:05;0;AV JOSE BASTOS;;;0;;Colis?úo;Anoitecer;;;Meio de Quadra;;;0;1;0;1;0;0;0;0;0;0;0;0;-3,746523000000000;-38,546954000000000
266814;29;8;2015;18:39;0;RUA DEP MATOSO FILHO;;;0;;Colis?úo;;;;Meio de Quadra;;;0;1;0;0;0;0;0;0;0;0;0;0;-3,731132000000000;-38,587476000000000
266815;29;8;2015;19:09;0;RUA MARIA GOMES DE SA;;;0;;Atropelamento;;;;Meio de Quadra;;;0;1;1;0;0;0;0;0;0;1;0;0;-3,823772000000000;-38,583698000000000
266816;29;8;2015;19:54;0;RUA CANDIDO MAIA;;;0;;Colis?úo;;;;Meio de Quadra;;;0;1;0;0;0;0;0;0;0;0;0;0;;
266817;29;8;2015;21:14;0;RUA AMELIA BENEBIEN;;;0;;Colis?úo;;;;Meio de Quadra;;;0;1;1;1;0;0;0;0;0;1;0;0;;
266818;29;8;2015;21:52;15622;RUA VASCO DE ATAIDE;RUA MEM DE SA;;0;;Colis?úo;;;;Cruz;Pare;Residencial;0;1;1;1;0;0;0;0;0;1;0;0;-3,824277000000000;-38,484923000000000
266819;29;8;2015;23:06;0;AV WASHINGTON SOARES;;;0;;Atropelamento;;;;Meio de Quadra;;;0;1;1;1;0;0;0;0;0;0;0;0;;
266811;29;8;2015;17:51;0;AV FRE CIRILO;;;0;;Colis?úo;Anoitecer;;;Meio de Quadra;;;0;1;0;1;0;0;0;0;0;0;0;0;-3,820729000000000;-38,495927000000000
270995;29;8;2015;07:38;0;AV ALBERTO CRAVEIRO;;;0;;Colis?úo;Luz do Dia;;;Meio de Quadra;;;0;0;2;0;0;0;0;0;0;0;0;0;;
271015;29;8;2015;12:25;15423;AV FRE CIRILO;RUA ALBERTO TORRES;;0;;Colis?úo;Luz do Dia;;;;;;0;0;2;0;0;0;0;0;0;0;0;0;-3,815944000000000;-38,498012000000000
271016;29;8;2015;12:41;2494;AV 20 DE JANEIRO;RUA GRACA ARANHA;;0;;Colis?úo;Luz do Dia;;;;;;0;0;2;0;0;0;0;0;0;0;0;0;-3,709479000000000;-38,573603000000000
271012;29;8;2015;12:24;0;RUA BAR CRATO;;;0;;Colis?úo;Luz do Dia;;;Meio de Quadra;;;0;0;2;0;0;0;0;0;0;0;0;0;;
271010;29;8;2015;11:47;0;RUA DEP MATOSO FILHO;;;0;;Colis?úo;Luz do Dia;;;Meio de Quadra;;;0;0;2;0;0;0;0;0;0;0;0;0;;
271007;29;8;2015;11:34;17270;RUA ALAN KARDEC;RUA JOAO FIRMINO;;0;;Colis?úo;Luz do Dia;;;T;Pare;Residencial;0;1;1;0;0;0;0;0;0;0;0;0;-3,762094000000000;-38,553643000000000
271002;29;8;2015;11:26;0;AV JOVITA FEITOSA;;;0;;Colis?úo;Luz do Dia;;;Meio de Quadra;;;0;0;2;0;0;0;0;0;0;0;0;0;;
271000;29;8;2015;11:04;10044;RUA EMILIO DE MENESES;RUA ANTONIO NERY;;0;;Colis?úo;Luz do Dia;;;Cruz;Pare;Comercial;0;0;2;0;0;0;0;0;0;0;0;0;-3,778162000000000;-38,600204000000000
271055;29;8;2015;20:56;0;RUA HIPOLITO PAMPLONA;;;0;;Colis?úo;;;;Meio de Quadra;;;0;0;2;0;0;0;0;0;0;0;0;0;;
271063;29;8;2015;21:59;0;RUA MEM DE SA;;;0;;Atropelamento;;;;Meio de Quadra;;;0;0;2;0;0;0;0;0;0;0;0;0;;
271064;29;8;2015;22:35;0;RUA DUARTE DA COSTA;;;0;;Colis?úo;;;;Meio de Quadra;;;0;0;2;0;0;0;0;0;0;0;0;0;;
271065;29;8;2015;23:17;17373;AV PRO GOMES DE MATOS;RUA CEL ALEXANDRINO;;0;;Colis?úo;;;;Cruz;Pare;Comercial;0;0;2;0;0;0;0;0;0;0;0;0;-3,766732000000000;-38,550403000000000
271066;29;8;2015;23:32;0;RUA PRO COSTA MENDES;;;0;;Choque c/ Obst?ículo Fixo;;;;Meio de Quadra;;;0;0;1;0;0;0;0;0;0;0;0;0;;
271060;29;8;2015;21:30;1459;RUA BARBOSA DE FREITAS;RUA EDUARDO GARCIA;;0;;Colis?úo;;;;Cruz;Sem?íforo;Comercial;0;0;2;0;0;0;0;0;0;0;0;0;-3,738523000000000;-38,497999000000000
271031;29;8;2015;15:07;0;AV CENTRAL;;;0;;Colis?úo;Luz do Dia;;;Meio de Quadra;;;0;0;2;0;0;0;0;0;0;0;0;0;;
271020;29;8;2015;13:46;15126;AV HIS RAIMUNDO GIRAO;AV RUI BARBOSA;;0;;Colis?úo;Luz do Dia;;;Cruz;Sem?íforo;Lazer;0;0;2;0;0;0;0;0;0;0;0;0;-3,723546000000000;-38,505405000000000
271021;29;8;2015;13:49;1450;RUA JOAO CARVALHO;RUA JOSE VILAR;;0;;Colis?úo;Luz do Dia;;;Cruz;Sem?íforo;Residencial;0;0;2;0;0;0;0;0;0;0;0;0;-3,738318000000000;-38,505477000000000
271035;29;8;2015;15:35;0;RUA ALM RUBIM;;;0;;Colis?úo;Luz do Dia;;;Meio de Quadra;;;0;0;2;0;0;0;0;0;0;0;0;0;;
271036;29;8;2015;16:03;24185;RUA DO MORRO;RUA JOSE CARLOS GURGEL NOGUEIRA;;0;;Colis?úo;Luz do Dia;;;;;;0;0;2;0;0;0;0;0;0;0;0;0;;
271038;29;8;2015;16:49;0;RUA TEN JOSE NEWTON;;;0;;Colis?úo;Luz do Dia;;;Meio de Quadra;;;0;0;2;0;0;0;0;0;0;0;0;0;;
271040;29;8;2015;17:27;0;RUA VALPARAISO;;;0;;Colis?úo;Anoitecer;;;Meio de Quadra;;;0;0;2;0;0;0;0;0;0;0;0;0;;
271041;29;8;2015;17:53;0;RUA TAB JOAQUIM COELHO;;;0;;Atropelamento;Anoitecer;;;Meio de Quadra;;;0;0;2;0;0;0;0;0;0;0;0;0;;
271042;29;8;2015;18:10;3242;RUA PRIMEIRO DE MAIO D34;RUA JOSE ARISTOTELES GONDIM;;0;;;Anoitecer;;;Cruz;Pare;Residencial;0;0;2;0;0;0;0;0;0;0;0;0;-3,783524000000000;-38,586280000000000
271043;29;8;2015;18:46;15194;RUA DEP MOREIRA DA ROCHA;RUA ILDEFONSO ALBANO;;0;;Colis?úo;;;;Cruz;Pare;Residencial;0;0;2;0;0;0;0;0;0;0;0;0;-3,726480000000000;-38,511072000000000
271046;29;8;2015;19:45;0;RUA JOSE AVELINO;;;0;;Colis?úo;;;;Meio de Quadra;;;0;0;2;0;0;0;0;0;0;0;0;0;;
271049;29;8;2015;19:47;0;AV AUGUSTO DOS ANJOS;;;0;;Colis?úo;;;;Meio de Quadra;;;0;0;2;0;0;0;0;0;0;0;0;0;;
271051;29;8;2015;19:48;7382;AV SEN FERNANDES TAVORA;RUA SAO LUIS D30;;0;;Colis?úo;;;;Cruz;Pare;Residencial;0;0;2;0;0;0;0;0;0;0;0;0;-3,757244000000000;-38,591428000000000
271053;29;8;2015;20:42;0;RUA HIPOLITO PAMPLONA;;;0;;Colis?úo;;;;Meio de Quadra;;;0;0;2;0;0;0;0;0;0;0;0;0;;
266791;29;8;2015;00:43;3901;AV EDUARDO GIRAO;RUA JORGE DUMAR;;0;;Colis?úo;;;;Cruz;Sem?íforo;Comercial;0;1;1;1;0;0;0;0;0;1;0;0;-3,749691000000000;-38,538695000000000
266793;29;8;2015;04:07;0;RUA NAT FEIJO;;;0;;Atropelamento;;;;Meio de Quadra;;;0;1;1;0;0;0;0;0;0;1;0;0;;
266795;29;8;2015;05:38;0;AV AUGUSTO DOS ANJOS;;;0;;Colis?úo;Amanhecer;;;Meio de Quadra;;;0;1;0;0;0;0;0;0;0;0;0;0;-3,778600000000000;-38,577781000000000
266796;29;8;2015;06:15;0;AV ROGACIANO LEITE;;;0;;Queda;Luz do Dia;;;Meio de Quadra;;;0;1;0;0;0;0;0;0;0;1;0;0;;
266797;29;8;2015;07:07;0;RD BR 116;;;12000;KM-12;Queda;Luz do Dia;;;Meio de Quadra;;;0;1;0;0;0;0;0;0;0;1;0;0;-3,855740000000000;-38,496066000000000
266798;29;8;2015;07:18;0;RUA EMILIO DE MENESES;;;0;;Colis?úo;Luz do Dia;;;Meio de Quadra;;;0;1;1;1;0;0;0;0;0;1;0;0;-3,778182000000000;-38,600125000000000
266799;29;8;2015;09:32;0;RUA FERREIRA DOS SANTOS;;;0;;Queda;Luz do Dia;;;Meio de Quadra;;;0;1;0;0;0;0;0;0;0;1;0;0;;
266800;29;8;2015;11:01;21829;RUA GAL JOAO COUTO;RUA DEP MATOSO FILHO;;0;;Colis?úo;Luz do Dia;;;Cruz;Pare;Residencial;0;1;1;1;0;0;0;0;0;1;0;0;-3,731326000000000;-38,587908000000000
266801;29;8;2015;11:50;0;AV JOAO PESSOA;;;0;;Queda;Luz do Dia;;;Meio de Quadra;;;0;1;0;0;0;0;0;0;0;1;0;0;;
266802;29;8;2015;12:24;0;AV ENG HUMBERTO MONTE;;;0;;Colis?úo;Luz do Dia;;;Meio de Quadra;;;0;1;1;1;0;0;0;0;0;1;0;0;-3,752612000000000;-38,557641000000000
266803;29;8;2015;14:01;0;AV FRE CIRILO;;;0;;Colis?úo;Luz do Dia;;;Meio de Quadra;;;0;1;1;1;0;0;0;0;0;1;0;0;-3,825645000000000;-38,493800000000000
266804;29;8;2015;14:18;10749;RUA PRO HERIBALDO COSTA;AV SEN FERNANDES TAVORA;;0;;Queda;Luz do Dia;;;Cruz;Sem?íforo;Comercial;0;1;0;0;0;0;0;0;0;1;0;0;-3,761006000000000;-38,584384000000000
255970;29;8;2015;13:20;0;AV DOMINGOS OLIMPIO;;;1331;;Engavetamento;Luz do Dia;Bom;Seca;Meio de Quadra;N?úo H?í Controle;Residencial;0;0;3;1;0;0;0;0;0;0;0;0;-3,735165000000000;-38,535538000000000
255967;29;8;2015;13:50;0;AV 13 DE MAIO;;;105;;Colis?úo Traseira;Luz do Dia;Bom;Seca;Meio de Quadra;N?úo H?í Controle;Comercial;0;1;1;0;0;0;0;0;0;1;0;0;-3,753663000000000;-38,521663000000000
255976;29;8;2015;05:00;17383;RUA BAR SOBRAL;RUA EUZEBIO DE QUEIROS;;0;;Colis?úo Transversal;Amanhecer;Bom;Seca;Cruz;Pare;Residencial;0;1;1;1;1;0;0;0;0;0;0;0;-3,767051000000000;-38,554121000000000
255962;29;8;2015;14:30;0;AV FRE CIRILO;;;4810;;Colis?úo Lateral;Luz do Dia;Bom;Seca;Meio de Quadra;Outros;Lazer;0;1;1;1;0;0;0;0;0;0;0;0;-3,825645000000000;-38,493800000000000
255963;29;8;2015;10:00;13416;AV RUI BARBOSA;RUA JOAO BRIGIDO;;0;;Colis?úo Lateral;Luz do Dia;Bom;Seca;Cruz;Pare;Comercial;0;0;2;1;0;0;0;0;0;0;0;0;-3,741995000000000;-38,511369000000000