COD_ACIDENTE;DIA;MES;ANO;HORA;INTERSECAO;LOG1;LOG2;LOG3;NUMERO;REFERENCIA;NATUREZA;ILUMINACAO;TEMPO;SUPERFICIEPISTA;TIPOCRUZAMENTO;CONTROLETRAFEGO;USOSOLO;MORTOS;FERIDOS;ILESOS;AUTOMOVEL;ONIBUS;BICICLETA;CAMINHAO;MICROONIBUS;CICLOMOTOR;MOTOCICLETA;TRACAOANIMAL;TREM;LATITUDE;LONGITUDE
255991;29;8;2015;14:00;847;RUA GAL LIMA E SILVA;RUA F UI 610;;0;;Colis?úo Lateral;Luz do Dia;Bom;Seca;T;N?úo H?í Controle;Residencial;1;0;1;1;0;0;0;0;0;1;0;0;-3,776311000000000;-38,513141000000000
256004;29;8;2015;09:30;1534;RUA MON CATAO;RUA EDUARDO GARCIA;;0;;Colis?úo Transversal;Luz do Dia;Bom;Seca;Cruz;Pare;Residencial;0;2;0;1;0;0;0;0;0;0;0;0;-3,740726000000000;-38,491196000000000
256000;29;8;2015;08:00;19409;AV AUGUSTO DOS ANJOS;RUA FRE SERAFIM;;0;;Colis?úo Frontal;Luz do Dia;Bom;Seca;T;N?úo H?í Controle;Residencial;0;1;1;1;0;1;0;0;0;0;0;0;-3,778743000000000;-38,577900000000000
255997;29;8;2015;10:00;0;RUA PRO GOMES BRASIL;;;500;;Colis?úo Lateral;Luz do Dia;Bom;Seca;Meio de Quadra;N?úo H?í Controle;Comercial;0;0;2;0;0;0;0;0;0;1;0;0;-3,771138000000000;-38,569755000000000
255995;29;8;2015;10:50;0;AV DA UNIVERSIDADE;;;3264;;Colis?úo Traseira;Luz do Dia;Bom;Seca;Meio de Quadra;N?úo H?í Controle;Comercial;0;0;2;1;0;0;0;0;0;0;0;0;-3,743915000000000;-38,541793000000000
255989;29;8;2015;15:00;25121;RUA FIRMINO ROCHA AGUIAR;RUA ELISEU UCHOA BECCO;;0;;Colis?úo Transversal;Mal Iluminada;Bom;Seca;Cruz;Outros;Comercial;0;1;1;1;1;0;0;0;0;0;0;0;-3,763391000000000;-38,486120000000000
255986;29;8;2015;12:15;0;AV ANTONIO SALES;;;522;;Colis?úo Lateral;Luz do Dia;Bom;Seca;Meio de Quadra;N?úo H?í Controle;Residencial;0;0;2;1;0;0;0;0;0;0;0;0;-3,740973000000000;-38,516884000000000
255981;29;8;2015;07:55;17383;RUA BAR SOBRAL;RUA EUZEBIO DE QUEIROS;;0;;Colis?úo Lateral;Luz do Dia;Bom;Seca;Cruz;Pare;Residencial;0;0;2;1;0;0;0;1;0;0;0;0;-3,767051000000000;-38,554121000000000
264550;29;8;2015;22:04;15368;RUA FREDERICO BORGES;RUA PEREIRA VALENTE;;0;;Colis?úo;;;;Cruz;Pare;Comercial;0;0;2;1;0;0;0;0;0;0;0;0;-3,734782000000000;-38,489174000000000
264547;29;8;2015;21:42;0;AV SEN FERNANDES TAVORA;;;0;;Colis?úo;;;;Meio de Quadra;;;0;0;2;0;1;0;0;0;0;0;0;0;;
264544;29;8;2015;20:35;0;AV SEN FERNANDES TAVORA;;;0;;Colis?úo;;;;Meio de Quadra;;;0;0;2;1;0;0;0;0;0;1;0;0;;
264541;29;8;2015;18:38;0;RUA BERNARDO MANUEL;;;0;;Colis?úo;;;;Meio de Quadra;;;0;0;2;1;1;0;0;0;0;0;0;0;;
264534;29;8;2015;14:51;0;RUA BERNARDO MANUEL;;;0;;Colis?úo;Luz do Dia;;;Meio de Quadra;;;0;0;2;1;0;0;1;0;0;0;0;0;;
264535;29;8;2015;17:23;0;AV GAL OSORIO DE PAIVA;;;0;;Colis?úo;Anoitecer;;;Meio de Quadra;;;0;0;2;1;1;0;0;0;0;0;0;0;;
264558;30;8;2015;11:27;0;AV GODOFREDO MACIEL;;;0;;Colis?úo;Luz do Dia;;;Meio de Quadra;;;0;0;2;1;0;0;0;1;0;0;0;0;;
264560;30;8;2015;13:12;0;AV SANTOS DUMONT;;;0;;Colis?úo;Luz do Dia;;;Meio de Quadra;;;0;0;2;1;1;0;0;0;0;0;0;0;;
255982;30;8;2015;19:00;0;AV OLIVEIRA PAIVA;;;2513;;Colis?úo Lateral;Via Iluminada;Bom;Seca;Meio de Quadra;N?úo H?í Controle;Comercial;0;2;1;1;0;0;0;0;0;1;0;0;-3,796074000000000;-38,484005000000000
255980;30;8;2015;07:00;0;RUA DOM JERONIMO D06;;;252;;Colis?úo Lateral;Via Iluminada;Bom;Seca;Meio de Quadra;N?úo H?í Controle;Comercial;0;1;1;1;0;0;0;0;0;0;0;0;-3,733604000000000;-38,543375000000000
255985;30;8;2015;11:30;6729;RUA BENTO ALBUQUERQUE;RUA DES WALDETARIO P MOTA;;0;;Colis?úo Lateral;Luz do Dia;Bom;Seca;Cruz;Sem?íforo;Residencial;0;0;2;1;0;0;0;0;0;0;0;0;-3,743274000000000;-38,484685000000000
255990;30;8;2015;12:30;26212;RUA OTACILIO MOTA;RUA MIGUEL DIBE;;0;;Colis?úo Lateral;Luz do Dia;Bom;Seca;T;Pare;Residencial;0;0;2;1;0;0;0;0;0;0;0;0;;
255988;30;8;2015;17:30;0;AV PRS COSTA E SILVA;;;1578;;Colis?úo Traseira;Via Iluminada;Bom;Seca;Meio de Quadra;N?úo H?í Controle;Residencial;0;0;2;1;0;0;0;0;1;0;0;0;;
255996;30;8;2015;14:15;0;AV PDE ANTONIO TOMAS;;;0;;Colis?úo Lateral;Luz do Dia;Bom;Seca;Meio de Quadra;Pare;Comercial;0;0;2;1;0;0;0;0;0;0;0;0;;
255998;30;8;2015;14:15;12066;AV MON AMARILIO RODRIGUES;RUA 315 CJ SAO CRISTOVAO;;0;;Colis?úo Lateral;Luz do Dia;Bom;Seca;Cruz;Pare;Comercial;0;2;1;1;0;0;0;0;0;1;0;0;-3,835128000000000;-38,524005000000000
256002;30;8;2015;16:35;0;AV SANTOS DUMONT;;;5440;;Colis?úo Lateral;Luz do Dia;Bom;Seca;Meio de Quadra;N?úo H?í Controle;Comercial;0;0;2;0;1;0;0;0;0;0;0;0;-3,740748000000000;-38,484370000000000
256003;30;8;2015;15:10;0;AV JOR THOMAZ COELHO;;;245;TERM. MESSEJANA;Colis?úo Lateral;Luz do Dia;Bom;Seca;Meio de Quadra;Outros;Comercial;0;1;3;1;0;0;0;0;0;1;0;0;-3,831867000000000;-38,502049000000000
255977;30;8;2015;10:45;3785;RUA WALDERY UCHOA;RUA ADOLFO HERBSTER;;0;;Colis?úo Transversal;Luz do Dia;Bom;Seca;Cruz;Pare;Residencial;0;0;2;1;0;0;0;0;0;0;0;0;-3,745159000000000;-38,539914000000000
255975;30;8;2015;17:00;9893;RUA NOVA CONQUISTA (BONSUCESSO);RUA SGT JOAO PINHEIRO;;0;;Colis?úo Lateral;Via Iluminada;Bom;Seca;Cruz;N?úo H?í Controle;Residencial;0;1;2;1;0;0;0;0;0;0;0;0;-3,787995000000000;-38,624233000000000
255968;30;8;2015;12:40;15354;RUA FREDERICO BORGES;RUA CANUTO DE AGUIAR;;0;;Colis?úo Transversal;Luz do Dia;Bom;Seca;Cruz;N?úo H?í Controle;Comercial;0;0;2;1;0;0;0;0;0;0;0;0;-3,732629000000000;-38,489246000000000
271070;30;8;2015;00:43;0;AV BEZERRA DE MENEZES;;;0;;Colis?úo;;;;Meio de Quadra;;;0;0;2;0;0;0;0;0;0;0;0;0;;
271072;30;8;2015;00:52;15207;AV RUI BARBOSA;RUA DEP MOREIRA DA ROCHA;;0;;Colis?úo;;;;Cruz;Sem?íforo;Residencial;0;0;2;0;0;0;0;0;0;0;0;0;-3,726748000000000;-38,506454000000000
271073;30;8;2015;01:55;0;RUA FRANCISCO XAVIER;;;0;;Colis?úo;;;;Meio de Quadra;;;0;0;2;0;0;0;0;0;0;0;0;0;;
271074;30;8;2015;02:24;0;AV DR SILAS MUNGUBA;;;0;;Choque c/ Obst?ículo Fixo;;;;Meio de Quadra;;;0;0;1;0;0;0;0;0;0;0;0;0;;
271067;30;8;2015;00:36;0;RUA PRO HERIBALDO COSTA;;;0;;Colis?úo;;;;Meio de Quadra;;;0;0;2;0;0;0;0;0;0;0;0;0;;
271081;30;8;2015;08:47;3236;RUA SOUSA CARVALHO;RUA ACACIAS D34;;0;;Colis?úo;Luz do Dia;;;;;;0;0;2;0;0;0;0;0;0;0;0;0;-3,782992000000000;-38,590850000000000
271082;30;8;2015;10:57;0;RUA TEN JURANDIR ALENCAR;;;0;;Colis?úo;Luz do Dia;;;Meio de Quadra;;;0;0;2;0;0;0;0;0;0;0;0;0;;
271076;30;8;2015;04:29;1428;RUA MON CATAO;RUA MARIA TOMASIA;;0;;Choque c/ Obst?ículo Fixo;;;;Cruz;Pare;Residencial;0;0;1;0;0;0;0;0;0;0;0;0;-3,737741000000000;-38,490242000000000
271077;30;8;2015;04:50;0;AV JOR THOMAZ COELHO;;;0;;Colis?úo;;;;Meio de Quadra;;;0;0;2;0;0;0;0;0;0;0;0;0;;
271078;30;8;2015;05:20;0;RUA BERNARDO MANUEL;;;0;;Colis?úo;Amanhecer;;;Meio de Quadra;;;0;0;2;0;0;0;0;0;0;0;0;0;;
271110;30;8;2015;21:42;0;AV GAL OSORIO DE PAIVA;;;0;;Colis?úo;;;;Meio de Quadra;;;0;0;2;0;0;0;0;0;0;0;0;0;;
271099;30;8;2015;16:15;0;RUA JACAUNA;;;0;;Colis?úo;Luz do Dia;;;Meio de Quadra;;;0;0;2;0;0;0;0;0;0;0;0;0;;
271102;30;8;2015;16:56;0;RUA NOVA CONQUISTA (GRANJA LISBOA);;;0;;Colis?úo;Luz do Dia;;;;;;0;0;2;0;0;0;0;0;0;0;0;0;;
271104;30;8;2015;21:12;6645;RUA NOSSA SRA APARECIDA;RUA SAO FRANCISCO DE ASSIS;;0;;Colis?úo;;;;;;;0;0;2;0;0;0;0;0;0;0;0;0;-3,845522000000000;-38,473672000000000
271112;30;8;2015;06:20;0;RUA BOM JESUS (GRANJA LISBOA);;;0;;Colis?úo;Luz do Dia;;;Meio de Quadra;;;0;0;2;0;0;0;0;0;0;0;0;0;;
266824;30;8;2015;01:41;0;AV PERIMETRAL;;;0;;Queda;;;;Meio de Quadra;;;0;1;0;0;0;0;0;0;0;1;0;0;;
266826;30;8;2015;08:24;0;RUA DEP MATOSO FILHO;;;0;;Colis?úo;Luz do Dia;;;Meio de Quadra;;;0;1;0;0;0;0;0;0;0;0;0;0;-3,733848000000000;-38,594019000000000
266827;30;8;2015;10:26;0;RUA ANDRE REBOUCAS;;;0;;Atropelamento;Luz do Dia;;;Meio de Quadra;;;0;1;1;0;0;0;0;0;0;1;0;0;-3,775552000000000;-38,590745000000000
266828;30;8;2015;10:56;0;AV MR HULL;;;0;;Colis?úo;Luz do Dia;;;Meio de Quadra;;;0;1;0;1;1;0;0;0;0;0;0;0;;
266834;30;8;2015;15:07;0;AV MON TABOSA;;;0;;Colis?úo;Luz do Dia;;;Meio de Quadra;;;0;1;1;1;0;0;0;0;0;1;0;0;-3,723774000000000;-38,516240000000000
266835;30;8;2015;15:30;0;AV PRS CASTELO BRANCO;;;3405;;Atropelamento;Luz do Dia;;;Meio de Quadra;;;1;0;1;0;0;0;0;0;0;1;0;0;-3,710298000000000;-38,561716000000000
266837;30;8;2015;15:50;0;RUA 23 DE JUNHO;;;0;;Queda;Luz do Dia;;;Meio de Quadra;;;0;1;0;0;0;1;0;0;0;0;0;0;-3,782781000000000;-38,605031000000000
266838;30;8;2015;16:18;0;AV MAJ ASSIS;;;0;;Colis?úo;Luz do Dia;;;Meio de Quadra;;;0;1;0;0;0;0;0;0;0;0;0;0;-3,723294000000000;-38,590274000000000
266820;30;8;2015;00:19;0;AV PRS CASTELO BRANCO;;;0;;Colis?úo;;;;Meio de Quadra;;;0;1;0;0;0;0;0;0;0;1;0;0;-3,713459000000000;-38,549436000000000
266821;30;8;2015;00:37;0;AV ALM HENRIQUE SABOIA;;;0;;Colis?úo;;;;Meio de Quadra;;;0;1;0;0;0;0;0;0;0;1;0;0;-3,730576000000000;-38,481694000000000
266822;30;8;2015;01:17;0;RUA RAD JOAO RAMOS (DUNAS);;;0;;Queda;;;;Meio de Quadra;;;0;1;0;0;0;0;0;0;0;1;0;0;;
266831;30;8;2015;11:23;10420;RUA LUIZ MARIANO;RUA DAS PEDRINHAS;;0;;Colis?úo;Luz do Dia;;;Cruz;N?úo H?í Controle;Residencial;0;1;0;0;0;0;0;0;0;1;0;0;-3,761937000000000;-38,600122000000000
266832;30;8;2015;12:15;22081;RUA GUSTAVO BRAGA;RUA CAP FRANCISCO PEDRO;;0;;Colis?úo;Luz do Dia;;;Cruz;Pare;Residencial;0;1;0;0;0;0;0;0;0;1;0;0;-3,751155000000000;-38,552452000000000
266854;30;8;2015;16:58;12812;RUA ANA NERY;AV PRO GOMES DE MATOS;;0;;Queda;Luz do Dia;;;;;;0;1;0;0;0;1;0;0;0;0;0;0;-3,755183000000000;-38,540496000000000
266855;30;8;2015;17:00;0;AV PRS COSTA E SILVA;;;0;;Colis?úo;Anoitecer;;;Meio de Quadra;;;0;1;0;0;0;0;0;0;0;0;0;0;;
266856;30;8;2015;17:48;0;AV OLIVEIRA PAIVA;;;0;;Colis?úo;Anoitecer;;;Meio de Quadra;;;0;1;0;0;0;0;0;0;0;0;0;0;-3,796056000000000;-38,483793000000000
266858;30;8;2015;18:33;0;RUA CAP FRANCISCO PEDRO;;;0;;Colis?úo;;;;Meio de Quadra;;;0;1;0;0;0;0;0;0;0;0;0;0;;
266859;30;8;2015;19:31;7674;AV JOSE BASTOS;RUA RIO GRANDE DO NORTE;;0;;Colis?úo;;;;Cruz;Sem?íforo;Comercial;0;1;1;1;0;0;0;0;0;1;0;0;-3,760562000000000;-38,564477000000000
266860;30;8;2015;20:04;0;AV SEN FERNANDES TAVORA;;;0;;Queda;;;;Meio de Quadra;;;0;1;0;0;0;0;0;0;0;1;0;0;;
266861;30;8;2015;20:06;0;AV AUGUSTO DOS ANJOS;;;0;;Queda;;;;Meio de Quadra;;;0;1;0;0;0;0;0;0;0;1;0;0;-3,780088000000000;-38,579088000000000
266862;30;8;2015;20:57;0;AV GODOFREDO MACIEL;;;0;;Choque c/ Obst?ículo Fixo;;;;Meio de Quadra;;;0;1;0;1;0;0;0;0;0;0;0;0;-3,780291000000000;-38,564942000000000
266863;30;8;2015;21:00;0;AV G CJ JOSE WALTER;;;0;;Atropelamento;;;;Meio de Quadra;;;0;1;1;0;0;0;0;0;0;1;0;0;;
266864;30;8;2015;23:22;0;AV DR SILAS MUNGUBA;;;0;;Queda;;;;Meio de Quadra;;;0;1;0;0;0;1;0;0;0;0;0;0;-3,803141000000000;-38,528485000000000
265425;30;8;2015;08:00;19721;RUA GUSTAVO SAMPAIO;RUA AMADEU FURTADO;;0;;Colis?úo;Luz do Dia;;;Cruz;Pare;Rural;0;1;0;1;0;0;0;0;0;0;0;0;-3,736786000000000;-38,563828000000000
265429;30;8;2015;17:20;5348;RUA METON DE ALENCAR;RUA PDE MORORO;;0;;Colis?úo;Anoitecer;;;T;N?úo H?í Controle;Comercial;0;1;0;1;0;0;0;0;0;1;0;0;-3,730892000000000;-38,539143000000000
256008;30;8;2015;20:00;22857;RUA DR JUSTA ARAUJO D45;RUA ANTONIO SIMOES;;0;;Colis?úo Transversal;Via Iluminada;Bom;Seca;Cruz;Pare;Comercial;0;2;0;0;0;0;0;0;0;1;0;0;-3,779190000000000;-38,551250000000000
256012;30;8;2015;09:00;0;RUA ALUISIO AZEVEDO;;;460;;Colis?úo Lateral;Luz do Dia;Bom;Seca;Meio de Quadra;N?úo H?í Controle;Residencial;0;0;2;1;0;0;0;0;0;0;0;0;-3,771243000000000;-38,577211000000000
256018;30;8;2015;15:30;0;AV LINEU MACHADO;;;419;JOCKEY CLUBE;Colis?úo Traseira;Luz do Dia;Bom;Seca;;;;0;0;2;1;0;0;0;0;0;0;0;0;-3,764716000000000;-38,576251000000000
257662;31;8;2015;19:50;14357;RUA BAR CRATO;RUA HENRIQUE ELERY;;0;;Colis?úo Transversal;Via Iluminada;Bom;Seca;Cruz;Pare;Rural;0;1;1;1;0;0;0;0;1;0;0;0;-3,721622000000000;-38,561002000000000
259626;31;8;2015;19:15;0;RD CE-040;;;0;KM-04;Colis?úo;;;Seca;Meio de Quadra;;;0;0;2;0;0;0;0;0;0;1;0;0;-3,792050000000000;-38,480251000000000
265437;31;8;2015;09:30;7714;AV CARNEIRO DE MENDONCA;RUA CORREIA LIMA D39;;0;;Colis?úo;Luz do Dia;;;T;Pare;Comercial;0;1;0;0;0;0;0;0;0;1;0;0;-3,765889000000000;-38,563013000000000
265441;31;8;2015;14:20;19138;RUA ALMEIDA PRADO;RUA ARI BARROSO;;0;;Colis?úo;Luz do Dia;;;T;Pare;Misto;0;1;0;1;0;0;0;0;0;1;0;0;-3,739297000000000;-38,473746000000000
265442;31;8;2015;14:50;0;RUA 7 DE SETEMBRO;;;55;;Atropelamento;Luz do Dia;;;Meio de Quadra;;;0;1;0;0;1;0;0;0;0;0;0;0;-3,773371000000000;-38,562581000000000
265447;31;8;2015;17:00;1350;RUA TORRES CAMARA;RUA SILVA PAULET;;0;;Colis?úo;Anoitecer;;;Cruz;Pare;Comercial;0;1;0;1;0;0;0;0;0;0;0;0;-3,735958000000000;-38,505905000000000
265448;31;8;2015;17:00;25290;RUA L CJ VILA VELHA;RUA BETA CJ VILA VELHA;;0;;Colis?úo;Anoitecer;;;T;Pare;Residencial;0;1;0;0;0;0;0;0;0;1;0;0;;
265449;31;8;2015;18:00;0;AV BORGES DE MELO;;;1630;RODOVIARIA;Colis?úo;Anoitecer;;;Meio de Quadra;;;0;1;0;1;0;0;0;0;0;1;0;0;-3,758655000000000;-38,531511000000000
265450;31;8;2015;19:50;0;AV ABOLICAO;;;2026;;Colis?úo;;;;Meio de Quadra;;;0;1;0;0;1;0;0;0;1;0;0;0;-3,725562000000000;-38,500966000000000
265451;31;8;2015;20:40;0;RUA MARCOS MACEDO;;;0;;Engavetamento;;;;Meio de Quadra;;;0;1;0;1;0;0;0;0;0;1;0;0;-3,736481000000000;-38,490822000000000
265433;31;8;2015;08:10;9243;AV DOS EXPEDICIONARIOS;AV EDUARDO GIRAO;;0;;Colis?úo;Luz do Dia;;;Cruz;Sem?íforo;Comercial;0;1;0;1;0;0;0;0;0;1;0;0;-3,750712000000000;-38,536849000000000
266865;31;8;2015;05:12;0;RUA ANTONELE BEZERRA;;;0;;Queda;Amanhecer;;;Meio de Quadra;;;0;1;0;0;0;0;0;0;0;1;0;0;-3,725178000000000;-38,504087000000000
266866;31;8;2015;06:19;12826;AV DOS EXPEDICIONARIOS;RUA ANDRE CHAVES;;0;;Colis?úo;Luz do Dia;;;Cruz;Pare;Residencial;0;1;1;1;0;0;0;0;0;1;0;0;-3,757345000000000;-38,538903000000000
266867;31;8;2015;06:33;0;RUA CANUTO DE AGUIAR;;;0;;Colis?úo;Luz do Dia;;;Meio de Quadra;;;0;1;0;1;0;0;0;0;0;0;0;0;;
266868;31;8;2015;06:50;0;AV FILOMENO GOMES;;;0;;Atropelamento;Luz do Dia;;;Meio de Quadra;;;0;1;1;0;0;0;0;0;0;1;0;0;;
267022;31;8;2015;15:40;0;AV PERIMETRAL;;;0;;Colis?úo;Luz do Dia;;;Meio de Quadra;;;0;1;1;1;0;0;0;0;0;1;0;0;;
267023;31;8;2015;17:14;0;RUA CEL FABRICIANO;;;0;;Colis?úo;Anoitecer;;;Meio de Quadra;;;0;1;0;0;0;0;0;0;0;1;0;0;-3,782217000000000;-38,609789000000000
267017;31;8;2015;11:44;0;RUA MIN ALBUQUERQUE LIMA;;;0;;Colis?úo;Luz do Dia;;;Meio de Quadra;;;0;1;1;1;0;0;0;0;0;1;0;0;-3,770591000000000;-38,604967000000000
267018;31;8;2015;13:10;0;AV WASHINGTON SOARES;;;0;;Colis?úo;Luz do Dia;;;Meio de Quadra;;;0;1;1;1;0;0;0;0;0;1;0;0;;
267019;31;8;2015;13:45;24637;RUA GAMA;AV L CJ DOS BANCARIOS;;0;;Colis?úo;Luz do Dia;;;;;;0;1;1;1;0;0;0;0;0;1;0;0;-3,713121000000000;-38,599911000000000
267011;31;8;2015;11:07;0;AV ODILON GUIMARAES;;;0;;Atropelamento;Luz do Dia;;;Meio de Quadra;;;0;1;1;0;0;0;0;0;0;1;0;0;-3,820809000000000;-38,476051000000000
267012;31;8;2015;11:34;0;AV ALBERTO CRAVEIRO;;;0;;Colis?úo;Luz do Dia;;;Meio de Quadra;;;0;1;1;1;0;0;0;0;0;1;0;0;-3,789775000000000;-38,517080000000000
267025;31;8;2015;17:39;0;AV ABOLICAO;;;0;;Colis?úo;Anoitecer;;;Meio de Quadra;;;0;1;0;0;0;0;0;0;0;0;0;0;-3,725562000000000;-38,500966000000000
267026;31;8;2015;19:20;5239;RUA PDE IBIAPINA;RUA PEDRO I;;0;;Colis?úo;;;;T;Pare;Comercial;0;1;1;1;0;0;0;0;0;1;0;0;-3,727485000000000;-38,540384000000000
267027;31;8;2015;21:37;0;AV DIOGUINHO;;;0;;Queda;;;;Meio de Quadra;;;0;1;0;0;0;0;0;0;0;1;0;0;;
267028;31;8;2015;22:29;0;AV GODOFREDO MACIEL;;;0;;Queda;;;;Meio de Quadra;;;0;1;0;0;0;0;0;0;0;1;0;0;;
266970;31;8;2015;06:50;0;AV FILOMENO GOMES;;;0;;Colis?úo;Luz do Dia;;;Meio de Quadra;;;0;1;0;0;0;0;0;0;0;0;0;0;;
266974;31;8;2015;07:08;0;AV SANTOS DUMONT;;;0;;Colis?úo;Luz do Dia;;;Meio de Quadra;;;0;1;1;1;0;0;0;0;0;1;0;0;;
266977;31;8;2015;08:37;0;AV ALBERTO CRAVEIRO;;;0;;Queda;Luz do Dia;;;Meio de Quadra;;;0;1;0;0;0;0;0;0;0;1;0;0;-3,788137000000000;-38,517158000000000
266979;31;8;2015;08:54;0;AV PRS JUSCELINO KUBITSCHEK (PASSAR?ë);;;0;;Colis?úo;Luz do Dia;;;Meio de Quadra;;;0;1;0;0;0;0;0;0;0;0;0;0;;
266980;31;8;2015;08:57;0;RUA GERMANO FRANCK;;;0;;Colis?úo;Luz do Dia;;;Meio de Quadra;;;0;1;1;1;0;0;0;0;0;1;0;0;-3,779024000000000;-38,564127000000000
266982;31;8;2015;09:00;0;AV CASTELO DE CASTRO;;;0;;Atropelamento de Animal;Luz do Dia;;;Meio de Quadra;;;0;1;0;0;0;0;0;0;0;1;0;0;-3,837198000000000;-38,521698000000000
266983;31;8;2015;09:03;0;RUA GUILHERME ROCHA;;;0;;Colis?úo;Luz do Dia;;;Meio de Quadra;;;0;1;1;1;0;0;0;0;0;1;0;0;;
266985;31;8;2015;09:18;0;AV LUCIANO CARNEIRO;;;0;;Colis?úo;Luz do Dia;;;Meio de Quadra;;;0;1;1;1;0;0;0;0;0;1;0;0;;
266986;31;8;2015;09:52;0;AV SANTOS DUMONT;;;0;;Colis?úo;Luz do Dia;;;Meio de Quadra;;;0;1;0;0;0;0;0;0;0;0;0;0;-3,733274000000000;-38,507458000000000
266988;31;8;2015;10:15;0;RUA GERMANO FRANCK;;;0;;Colis?úo;Luz do Dia;;;Meio de Quadra;;;0;1;1;1;0;0;0;0;0;1;0;0;;
266989;31;8;2015;10:41;0;RUA TAVARES COUTINHO;;;0;;Atropelamento;Luz do Dia;;;Meio de Quadra;;;0;1;1;0;0;0;0;0;0;0;0;0;-3,732611000000000;-38,487216000000000
264579;31;8;2015;08:42;15357;RUA LEONARDO MOTA;RUA PEREIRA VALENTE;;0;;Colis?úo;Luz do Dia;;;Cruz;Pare;Misto;0;0;2;1;0;0;0;0;0;0;0;0;-3,732885000000000;-38,495134000000000
264583;31;8;2015;11:15;24786;RUA GEORGE CAVALCANTE;RUA PALMACIA;;0;;Colis?úo;Luz do Dia;;;;;;0;0;2;0;0;0;1;0;0;0;0;0;-3,717812000000000;-38,591143000000000
264584;31;8;2015;11:38;0;RUA GAL CLARINDO DE QUEIROZ;;;0;;Colis?úo;Luz do Dia;;;Meio de Quadra;;;0;0;2;1;0;0;0;0;0;0;0;0;;
264590;31;8;2015;13:45;0;RUA BERNARDO MANUEL;;;0;;Engavetamento;Luz do Dia;;;Meio de Quadra;;;0;0;4;1;0;0;0;0;0;0;0;0;;
264587;31;8;2015;13:34;0;AV DA UNIVERSIDADE;;;0;;Colis?úo;Luz do Dia;;;Meio de Quadra;;;0;0;3;0;1;0;0;0;0;0;0;0;;
264588;31;8;2015;13:37;15252;RUA FRE MANSUETO;RUA BARBALHA D19;;0;;Colis?úo;Luz do Dia;;;Cruz;Pare;Rural;0;0;2;1;0;0;0;0;0;0;0;0;-3,728096000000000;-38,489017000000000
264593;31;8;2015;17:27;0;AV SANTOS DUMONT;;;0;;Colis?úo;Anoitecer;;;Meio de Quadra;;;0;0;2;0;1;0;0;0;0;0;0;0;;
264594;31;8;2015;18:10;0;AV ANTONIO SALES;;;0;;Colis?úo;Anoitecer;;;Meio de Quadra;;;0;0;3;1;0;0;0;0;0;0;0;0;;
264573;31;8;2015;08:00;5039;AV ALBERTO NEPOMUCENO;RUA PESSOA ANTA;;0;;Colis?úo;Luz do Dia;;;Cruz;Sem?íforo;Comercial;0;0;3;1;1;0;0;0;0;0;0;0;-3,721257000000000;-38,523212000000000
264597;31;8;2015;18:27;0;AV BORGES DE MELO;;;0;;Colis?úo;Anoitecer;;;Meio de Quadra;;;0;0;2;1;0;0;0;0;0;0;0;0;;
271117;31;8;2015;11:16;0;AV ODILON GUIMARAES;;;0;;Atropelamento;Luz do Dia;;;Meio de Quadra;;;0;0;2;0;0;0;0;0;0;0;0;0;;
271122;31;8;2015;18:01;9257;RUA CEL PERGENTINO FERREIRA;AV AGUANAMBI;;0;;Colis?úo;Anoitecer;;;Cruz;Sem?íforo;Comercial;0;0;2;0;0;0;0;0;0;0;0;0;-3,748634000000000;-38,524049000000000
271126;31;8;2015;21:47;0;AV RECREIO D64;;;0;;Colis?úo;;;;Meio de Quadra;;;0;0;2;0;0;0;0;0;0;0;0;0;;
271114;31;8;2015;10:57;0;AV FRANCISCO SA;;;0;;Colis?úo;Luz do Dia;;;Meio de Quadra;;;0;0;2;0;0;0;0;0;0;0;0;0;;
265525;31;8;2015;18:30;0;AV GODOFREDO MACIEL;;;480;;Colis?úo;Anoitecer;;;Meio de Quadra;;;1;0;1;0;0;0;0;0;0;1;0;0;-3,780291000000000;-38,564942000000000
264609;1;9;2015;16:00;12855;RUA MAJ FACUNDO;RUA CARLOS GOMES;;0;;Colis?úo;Luz do Dia;;;Cruz;Pare;Residencial;0;0;2;1;0;0;0;0;0;0;0;0;-3,739845000000000;-38,531802000000000
264611;1;9;2015;15:27;13544;RUA JULIO SIQUEIRA;RUA DR JOSE LOURENCO;;0;;Colis?úo;Luz do Dia;;;Cruz;Pare;Comercial;0;0;3;1;0;0;0;0;0;0;0;0;-3,748473000000000;-38,512200000000000
264612;1;9;2015;17:41;9072;AV VIS RIO BRANCO;AV PONTES VIEIRA;;0;;Colis?úo;Anoitecer;;;Cruz;Sem?íforo;Comercial;0;0;3;1;0;0;0;1;0;0;0;0;-3,753544000000000;-38,520486000000000
264607;1;9;2015;10:15;0;RUA CEL LINHARES;;;0;;Colis?úo;Luz do Dia;;;Meio de Quadra;;;0;0;2;1;0;0;1;0;0;0;0;0;;
267037;1;9;2015;07:00;0;RUA VIRIATO RIBEIRO;;;1157;;Colis?úo;Luz do Dia;;;Meio de Quadra;;;0;1;1;1;0;0;0;0;0;1;0;0;-3,748067000000000;-38,563425000000000
270503;1;9;2015;16:33;0;RUA PRO COSTA MENDES;;;1258;;Colis?úo;Luz do Dia;;;Meio de Quadra;;;0;0;2;0;0;0;0;0;0;0;0;0;-3,751366000000000;-38,550602000000000
270496;1;9;2015;16:16;0;AV GODOFREDO MACIEL;;;0;;Colis?úo;Luz do Dia;;;Meio de Quadra;;;0;0;2;0;0;0;0;0;0;0;0;0;;
270494;1;9;2015;16:11;0;RUA CEL TIBURCIO;;;0;;Colis?úo;Luz do Dia;;;Meio de Quadra;;;0;0;2;0;0;0;0;0;0;0;0;0;;