COD_ACIDENTE;DIA;MES;ANO;HORA;INTERSECAO;LOG1;LOG2;LOG3;NUMERO;REFERENCIA;NATUREZA;ILUMINACAO;TEMPO;SUPERFICIEPISTA;TIPOCRUZAMENTO;CONTROLETRAFEGO;USOSOLO;MORTOS;FERIDOS;ILESOS;AUTOMOVEL;ONIBUS;BICICLETA;CAMINHAO;MICROONIBUS;CICLOMOTOR;MOTOCICLETA;TRACAOANIMAL;TREM;LATITUDE;LONGITUDE
270481;1;9;2015;12:03;0;RUA ILDEFONSO ALBANO;;;1614;;Colis?úo;Luz do Dia;;;Meio de Quadra;;;0;0;2;0;0;0;0;0;0;0;0;0;-3,735313000000000;-38,513840000000000
270482;1;9;2015;13:24;17513;AV ABOLICAO;RUA MANUEL JACARE;;0;;Colis?úo;Luz do Dia;;;;;;0;0;2;0;0;0;0;0;0;0;0;0;-3,726087000000000;-38,487572000000000
270483;1;9;2015;15:47;5240;RUA CEL FERRAZ;RUA VIS SABOIA;;0;;Colis?úo;Luz do Dia;;;Cruz;N?úo H?í Controle;Comercial;0;0;2;0;0;0;0;0;0;0;0;0;-3,727500000000000;-38,523098000000000
270484;1;9;2015;15:49;0;RUA TABAJARAS;;;476;;Colis?úo;Luz do Dia;;;Meio de Quadra;;;0;0;2;0;0;0;0;0;0;0;0;0;-3,719443000000000;-38,515625000000000
265242;1;9;2015;20:51;0;AV 1 CANINDEZINHO;;;0;;Atropelamento;;;;Meio de Quadra;;;0;1;0;1;0;0;0;0;0;0;0;0;;
265209;1;9;2015;17:28;0;AV PERIMETRAL;;;3130;;Colis?úo;Anoitecer;;;Meio de Quadra;;;0;1;1;1;0;0;0;0;0;1;0;0;;
265201;1;9;2015;16:51;0;RUA ENG GUIMARAES JUNIOR;;;155;;Colis?úo;Luz do Dia;;;Meio de Quadra;;;0;1;0;1;0;0;0;0;0;1;0;0;;
265235;1;9;2015;19:27;24229;AV ENG ALBERTO SA;AV ENG SANTANA JUNIOR;;0;;Colis?úo;;;;Cruz;Sem?íforo;Comercial;0;1;0;1;0;0;0;0;0;1;0;0;-3,733357000000000;-38,480624000000000
265175;1;9;2015;16:05;0;AV BENJAMIM BRASIL;;;2015;;Colis?úo;Luz do Dia;;;Meio de Quadra;;;0;0;1;1;0;0;0;0;0;1;0;0;-3,808195000000000;-38,558487000000000
265168;1;9;2015;13:58;3419;AV JOAO PESSOA;RUA MIGUEL GONCALVES;;0;;Atropelamento;Luz do Dia;;;Cruz;Pare;Residencial;0;1;0;1;0;0;0;0;0;0;0;0;-3,758710000000000;-38,555080000000000
265117;1;9;2015;07:16;26238;AV SIQUEIRA CAMPOS;RUA IRINEU MACHADO;;0;;Atropelamento;Luz do Dia;;;;;;0;1;0;0;1;0;0;0;0;0;0;0;;
265118;1;9;2015;07:19;0;AV CONTORNO SUL;;;52;;Colis?úo;Luz do Dia;;;Meio de Quadra;;;0;1;2;0;0;0;0;0;0;0;0;0;-3,835394000000000;-38,514937000000000
265120;1;9;2015;07:56;0;AV WASHINGTON SOARES;;;7513;;Colis?úo;Luz do Dia;;;Meio de Quadra;;;0;1;0;0;0;0;0;0;0;1;0;0;-3,821384000000000;-38,481212000000000
265136;1;9;2015;10:25;26236;RUA BERNARDO MANUEL;AV DR SILAS MUNGUBA;;0;;Colis?úo;Luz do Dia;;;;;;0;1;0;1;0;0;0;0;0;1;0;0;-3,787538000000000;-38,547960000000000
265134;1;9;2015;09:33;0;AV GOV RAUL BARBOSA;;;7081;;Atropelamento;Luz do Dia;;;Meio de Quadra;;;0;1;0;0;0;0;0;0;0;1;0;0;-3,774863000000000;-38,512936000000000
265142;1;9;2015;10:33;7789;RUA SILVA PAULET;RUA JOAQUIM SA;;0;;Colis?úo;Luz do Dia;;;Cruz;Pare;Comercial;0;1;0;1;0;0;0;0;0;1;0;0;-3,747785000000000;-38,509741000000000
256149;1;9;2015;12:00;0;AV DR SILAS MUNGUBA;;;5454;;Colis?úo Traseira;Luz do Dia;Bom;Seca;Meio de Quadra;N?úo H?í Controle;Comercial;0;1;1;1;0;0;0;0;1;0;0;0;-3,801695000000000;-38,529767000000000
256150;1;9;2015;13:30;1303;AV DOM LUIS;RUA BARBOSA DE FREITAS;;0;;Colis?úo Traseira;Luz do Dia;Bom;Seca;;N?úo H?í Controle;Comercial;0;0;2;1;0;0;0;0;0;0;0;0;-3,733564000000000;-38,496396000000000
256143;1;9;2015;07:20;15293;AV BAR STUDART;RUA TEN BENEVOLO;;0;;Colis?úo Transversal;Luz do Dia;Bom;Seca;Cruz;Sem?íforo;Comercial;0;0;2;1;0;0;0;0;0;1;0;0;-3,729390000000000;-38,504908000000000
256141;1;9;2015;08:30;0;AV PRS CASTELO BRANCO;;;2815;;Colis?úo Traseira;Luz do Dia;Bom;Seca;Meio de Quadra;N?úo H?í Controle;Residencial;0;3;0;0;0;0;0;0;0;1;0;0;-3,712458000000000;-38,552854000000000
256213;1;9;2015;01:10;3010;RUA CEL VIRGILIO NOGUEIRA (BOM JARDIM);RUA URUCUTUBA;;0;;Colis?úo Lateral;Via Iluminada;Bom;Seca;Cruz;N?úo H?í Controle;Comercial;0;1;1;1;0;0;0;0;0;1;0;0;-3,798102000000000;-38,611715000000000
256210;1;9;2015;07:30;17397;AV PRO GOMES DE MATOS;RUA ROMEU MARTINS;;0;;Colis?úo Transversal;Luz do Dia;Bom;Seca;Cruz;Pare;Comercial;0;1;1;1;0;0;0;0;0;1;0;0;-3,767447000000000;-38,551023000000000
256205;1;9;2015;12:15;0;AV 13 DE MAIO;;;0;;Engavetamento;Luz do Dia;Bom;Seca;Meio de Quadra;N?úo H?í Controle;Escola;0;0;3;1;0;0;0;0;0;0;0;0;;
256208;1;9;2015;10:30;0;RUA BERNARDO MANUEL;;;0;;Colis?úo Traseira;Luz do Dia;Bom;Seca;Meio de Quadra;Pare;Residencial;0;1;1;1;0;0;0;0;0;1;0;0;-3,781876000000000;-38,546260000000000
256199;1;9;2015;15:40;19611;RUA NEREU RAMOS;AV GODOFREDO MACIEL;;0;;Colis?úo Traseira;Luz do Dia;Bom;Seca;T;Sem?íforo;Comercial;0;0;2;1;0;0;0;0;0;0;0;0;-3,787250000000000;-38,566802000000000
256201;1;9;2015;13:00;3831;AV 13 DE MAIO;RUA MAL DEODORO;;0;;Colis?úo Traseira;Luz do Dia;Bom;Seca;Cruz;Sem?íforo;Escola;0;0;2;1;0;0;0;0;0;0;0;0;-3,743122000000000;-38,536588000000000
256160;1;9;2015;22:20;9117;RUA DR ALFREDO WEYNE D14;RUA DR RATISBONA;;0;;Colis?úo Transversal;Via Iluminada;Bom;Seca;Cruz;Pare;Residencial;0;0;2;1;0;0;0;0;0;0;0;0;-3,756355000000000;-38,531575000000000
256164;1;9;2015;12:45;0;AV AUGUSTO DOS ANJOS;;;1840;;Colis?úo Lateral;Luz do Dia;Bom;Seca;Meio de Quadra;Sem?íforo Intermitente;Comercial;0;1;1;1;0;0;0;0;0;1;0;0;-3,782039000000000;-38,580804000000000
256169;1;9;2015;14:40;15204;AV ABOLICAO;RUA JULIO IBIAPINA;;0;;Colis?úo Traseira;Luz do Dia;Bom;Seca;Cruz;Sem?íforo;Comercial;0;0;2;1;0;0;1;0;0;0;0;0;-3,726679000000000;-38,491290000000000
256181;1;9;2015;10:45;1512;AV RUI BARBOSA;RUA ROCHA LIMA;;0;;Colis?úo Transversal;Luz do Dia;Bom;Seca;Cruz;Pare;Comercial;0;0;2;1;0;0;0;0;0;0;0;0;-3,740096000000000;-38,510753000000000
256186;1;9;2015;13:00;24372;AV LUCIANO CARNEIRO;RUA ALM RUFINO;;0;;Colis?úo Transversal;Luz do Dia;Bom;Seca;Cruz;Sem?íforo;Comercial;0;1;1;1;0;0;0;0;0;1;0;0;-3,766580000000000;-38,537195000000000
256188;1;9;2015;15:00;14421;AV SGT HERMINIO SAMPAIO;RUA PDE ANCHIETA;;0;;Colis?úo Lateral;Luz do Dia;Bom;Seca;Cruz;Sem?íforo;Comercial;0;0;2;1;0;0;0;0;0;0;0;0;-3,724693000000000;-38,551079000000000
256193;1;9;2015;15:10;0;AV GAL OSORIO DE PAIVA;;;602;;Colis?úo Transversal;Luz do Dia;Bom;Seca;Meio de Quadra;N?úo H?í Controle;Comercial;0;1;1;1;0;0;0;0;0;1;0;0;-3,776479000000000;-38,567847000000000
259578;1;9;2015;07:00;0;RD CE-040;;;0;KM-13;Colis?úo;Luz do Dia;Bom;Seca;Meio de Quadra;N?úo H?í Controle;Comercial;0;0;2;1;0;0;0;0;0;0;0;0;-3,857083000000000;-38,472314000000000
266044;1;9;2015;21:08;0;RUA CEL DIONISIO ALENCAR;;;0;;Colis?úo;;;;Meio de Quadra;;;0;0;1;1;0;0;0;0;0;0;0;0;;
259263;1;9;2015;16:10;0;AV MR HULL;;;342;;Colis?úo;Luz do Dia;Bom;Seca;Meio de Quadra;N?úo H?í Controle;Comercial;0;2;1;0;0;0;0;0;0;1;0;0;;
256032;1;9;2015;22:00;0;AV 13 DE MAIO;;;0;;Colis?úo Traseira;Via Iluminada;Bom;Seca;Meio de Quadra;Sem?íforo;Comercial;0;0;2;1;0;0;0;0;0;0;0;0;;
256033;1;9;2015;20:30;15255;RUA TEN BENEVOLO;RUA MON BRUNO;;0;;Colis?úo;Via Iluminada;Bom;Seca;Cruz;N?úo H?í Controle;Residencial;0;1;1;0;0;0;0;0;0;1;0;0;-3,728332000000000;-38,508124000000000
256040;1;9;2015;10:15;0;AV F CJ CEARA;;;0;;Colis?úo Lateral Sentido Oposto;Luz do Dia;Bom;Seca;Meio de Quadra;D?¬ Prefer?¬ncia;Residencial;0;0;2;1;0;0;0;0;0;0;0;0;;
256037;1;9;2015;12:00;0;AV HIS RAIMUNDO GIRAO;;;860;;Colis?úo Traseira;Luz do Dia;Bom;Seca;Meio de Quadra;N?úo H?í Controle;Comercial;0;0;2;1;0;0;0;0;0;0;0;0;-3,722468000000000;-38,507703000000000
256046;1;9;2015;21:00;11001;RUA ELCIAS LOPES;RUA ANTONIO FIUZA;;0;;Colis?úo Transversal;Via Iluminada;Bom;Seca;Cruz;Pare;Residencial;0;1;1;1;0;0;0;0;1;0;0;0;-3,772090000000000;-38,552914000000000
256047;1;9;2015;18:20;12905;AV AGUANAMBI;RUA MES ROSA;;0;;Colis?úo Lateral;Via Iluminada;Bom;Seca;Y;Pare;Comercial;0;0;2;1;0;0;1;0;0;0;0;0;-3,741687000000000;-38,525946000000000
256042;1;9;2015;17:00;7873;AV PONTES VIEIRA;RUA BARBOSA DE FREITAS;;0;;Colis?úo Traseira;Anoitecer;Bom;Seca;Cruz;Sem?íforo;Comercial;0;0;2;1;0;0;0;0;0;0;0;0;-3,751381000000000;-38,502094000000000
256050;1;9;2015;13:35;0;AV ALBERTO CRAVEIRO;;;2571;;Colis?úo Traseira;Luz do Dia;Bom;Seca;Meio de Quadra;N?úo H?í Controle;Comercial;0;0;2;1;0;0;0;0;0;0;0;0;-3,802757000000000;-38,521176000000000
256055;1;9;2015;19:00;583;AV FRANCISCO SA;RUA COS GOUVEIA;;0;;Colis?úo Traseira;Via Iluminada;Bom;Seca;Cruz;N?úo H?í Controle;Residencial;0;1;2;1;0;0;1;0;0;1;0;0;-3,716149000000000;-38,561096000000000
256056;1;9;2015;21:30;24405;AV LUCIANO CARNEIRO;RUA JORGE SEVERIANO;;0;;Colis?úo Transversal;Via Iluminada;Bom;Seca;T;Pare;Residencial;0;0;2;1;0;0;0;0;0;0;0;0;-3,768680000000000;-38,537840000000000
256078;1;9;2015;18:50;0;AV IMPERADOR;;;169;;Atropelamento;Via Iluminada;Bom;Seca;Meio de Quadra;N?úo H?í Controle;Comercial;0;1;1;0;1;0;0;0;0;0;0;0;-3,722764000000000;-38,533137000000000
256079;1;9;2015;18:10;0;AV AGUANAMBI;;;1370;;Colis?úo Lateral;Via Iluminada;Bom;Seca;Meio de Quadra;N?úo H?í Controle;Comercial;0;0;2;0;1;0;0;0;0;0;0;0;-3,748559000000000;-38,524083000000000
256082;1;9;2015;13:00;15277;AV ANTONIO JUSTA;AV SEN VIRGILIO TAVORA;;0;;Colis?úo Traseira;Luz do Dia;Bom;Seca;Rotat??ria;Sem?íforo;Residencial;0;0;3;1;0;0;1;0;0;0;0;0;-3,728875000000000;-38,490692000000000
256058;1;9;2015;09:15;1450;RUA JOSE VILAR;RUA JOAO CARVALHO;;0;;Colis?úo Traseira;Luz do Dia;Bom;Seca;Cruz;Sem?íforo;Comercial;0;0;2;1;0;0;0;0;0;0;0;0;-3,738318000000000;-38,505477000000000
256052;1;9;2015;07:10;0;RUA OLIVEIRA SOBRINHO;;;897;;Colis?úo;Luz do Dia;Bom;Seca;Meio de Quadra;N?úo H?í Controle;Residencial;0;0;2;1;0;1;0;0;0;0;0;0;-3,781729000000000;-38,590049000000000
256118;1;9;2015;06:55;20403;RUA PDE PEDRO DE ALENCAR;RUA LUCIOLA;;0;;Colis?úo Lateral;Luz do Dia;Bom;Seca;T;N?úo H?í Controle;Residencial;0;1;1;1;0;0;0;0;0;1;0;0;-3,842251000000000;-38,494322000000000
256099;1;9;2015;13:00;0;AV AGUANAMBI;;;1980;VIADUTO-13 DE MAIO;Atropelamento;Luz do Dia;Bom;Seca;Meio de Quadra;Sem?íforo;Comercial;0;1;1;1;0;0;0;0;0;0;0;0;-3,753895000000000;-38,523477000000000
256100;1;9;2015;15:30;0;AV FILOMENO GOMES;;;0;;Colis?úo Traseira;Luz do Dia;Bom;Seca;Meio de Quadra;N?úo H?í Controle;Comercial;0;0;2;1;0;0;1;0;0;0;0;0;;
256091;1;9;2015;07:45;0;AV PONTES VIEIRA;;;134;;Colis?úo Traseira;Luz do Dia;Bom;Seca;Meio de Quadra;N?úo H?í Controle;Comercial;0;0;2;1;1;0;0;0;0;0;0;0;-3,753402000000000;-38,519287000000000
256106;1;9;2015;13:00;0;AV MOZART PINHEIRO DE LUCENA;;;1405;;Colis?úo Lateral;Luz do Dia;Bom;Seca;Meio de Quadra;N?úo H?í Controle;Comercial;0;1;2;1;0;0;0;0;0;1;0;0;-3,714917000000000;-38,594730000000000
256095;1;9;2015;15:00;1282;AV SANTOS DUMONT;AV BAR STUDART;;0;;Colis?úo Lateral;Luz do Dia;Bom;Seca;Cruz;Sem?íforo;Comercial;0;0;2;0;1;0;0;0;0;1;0;0;-3,733642000000000;-38,506304000000000
256127;1;9;2015;12:00;507;RUA PORTO ALEGRE;RUA MACAPA;;0;;Colis?úo Transversal;Luz do Dia;Bom;Seca;Cruz;Pare;Residencial;0;0;2;1;0;0;0;0;0;0;0;0;-3,758260000000000;-38,594346000000000
256134;1;9;2015;15:40;0;AV AGUANAMBI;;;233;;Colis?úo Lateral;Luz do Dia;Bom;Seca;Meio de Quadra;Sem?íforo;Comercial;0;0;2;1;0;0;0;0;0;0;0;0;;
256135;2;9;2015;14:15;0;AV DEP PAULINO ROCHA;;;215;;Colis?úo Lateral;Luz do Dia;Bom;Seca;Meio de Quadra;N?úo H?í Controle;Comercial;0;1;1;0;0;1;0;0;0;1;0;0;-3,803856000000000;-38,507883000000000
256096;2;9;2015;19:30;8009;RUA DELMIRO FARIAS;RUA CARLOS CAMARA;;0;;Colis?úo Frontal;Via Iluminada;Bom;Seca;Cruz;Pare;Comercial;0;1;1;1;0;1;0;0;0;0;0;0;-3,751026000000000;-38,546680000000000
256101;2;9;2015;07:20;11851;AV FRANCISCO SA;RUA DNA MAROQUINHA;;0;;Colis?úo Transversal;Luz do Dia;Chuva;Molhada;T;Pare;Comercial;0;0;2;1;0;0;0;0;0;0;0;0;-3,721080000000000;-38,546177000000000
256114;2;9;2015;15:10;25102;AV FRANCISCO SA;AV FILOMENO GOMES;;0;;Colis?úo Transversal;Luz do Dia;;;Cruz;Sem?íforo;Comercial;0;0;2;1;1;0;0;0;0;0;0;0;-3,722742000000000;-38,541044000000000
256126;2;9;2015;12:30;0;AV EDILSON B SOARES;;;0;COL. ARI DE S?ü;Colis?úo Lateral;Luz do Dia;Bom;Seca;Meio de Quadra;N?úo H?í Controle;Comercial;0;0;2;1;0;0;0;0;0;0;0;0;;
256076;2;9;2015;12:45;0;AV AGUANAMBI;;;0;;Colis?úo Lateral;Luz do Dia;Bom;Seca;Meio de Quadra;N?úo H?í Controle;Comercial;0;0;2;1;0;0;0;0;0;0;0;0;;
256077;2;9;2015;10:30;0;RUA WALDERY UCHOA;;;0;;Colis?úo Lateral;Luz do Dia;Nublado;Seca;Meio de Quadra;N?úo H?í Controle;Comercial;0;0;2;0;0;0;1;0;0;0;0;0;;
256086;2;9;2015;20:30;0;AV DOMINGOS OLIMPIO;;;1661;;Colis?úo Traseira;Via Iluminada;Bom;Seca;Meio de Quadra;N?úo H?í Controle;Comercial;0;0;3;1;0;0;0;0;0;0;0;0;-3,734242000000000;-38,538404000000000
259223;2;9;2015;18:00;0;RD BR 116;;;2000;KM-02;Atropelamento;Anoitecer;Bom;Seca;Meio de Quadra;N?úo H?í Controle;Comercial;1;2;0;1;0;0;1;0;0;0;0;0;-3,771391000000000;-38,516780000000000
266064;2;9;2015;16:10;0;AV AGUANAMBI;;;72;;Colis?úo;Luz do Dia;;;Meio de Quadra;;;0;0;1;1;0;0;0;0;0;0;0;0;-3,737697000000000;-38,524252000000000
266056;2;9;2015;11:00;16068;RUA TEN BOTELHO;RUA CRISTIANO OTONE;;0;;Colis?úo;Luz do Dia;;;Cruz;N?úo H?í Controle;Residencial;0;1;0;1;0;0;0;0;0;1;0;0;-3,814376000000000;-38,560244000000000
256189;2;9;2015;17:00;10300;AV SEN FERNANDES TAVORA;RUA JOSE MENDONCA;;0;;Colis?úo;Anoitecer;Bom;Seca;Cruz;Pare;Comercial;0;1;1;0;1;0;0;0;0;1;0;0;-3,754492000000000;-38,601696000000000
256170;2;9;2015;16:00;15372;AV DOM LUIS;RUA CEL JUCA;;0;;Colis?úo;Luz do Dia;Bom;Seca;Cruz;Sem?íforo;Comercial;0;0;2;1;0;0;0;0;0;0;0;0;-3,735452000000000;-38,490579000000000
256198;2;9;2015;18:20;731;RUA IRINEU DE SOUZA;RUA PEDRO AMERICO;;0;;Colis?úo Transversal;Anoitecer;Bom;Seca;Cruz;Pare;Residencial;0;1;1;1;0;0;0;0;0;1;0;0;-3,711438000000000;-38,566244000000000
256204;2;9;2015;13:00;5433;RUA METON DE ALENCAR;RUA MAJ FACUNDO;;0;;Colis?úo Traseira;Luz do Dia;Bom;Seca;Cruz;Pare;Comercial;0;0;2;1;0;0;0;0;0;0;0;0;-3,733917000000000;-38,529899000000000
256192;2;9;2015;07:50;12892;AV DOMINGOS OLIMPIO;RUA BAR RIO BRANCO;;0;;Colis?úo Traseira;Luz do Dia;Bom;Seca;Cruz;Sem?íforo;Comercial;0;0;2;1;0;0;0;0;0;0;0;0;-3,736579000000000;-38,531494000000000
256211;2;9;2015;14:00;0;AV AGUANAMBI;;;570;;Colis?úo Transversal;Luz do Dia;Bom;Seca;Meio de Quadra;Gesto;Comercial;0;0;2;0;0;0;0;0;0;0;0;0;-3,741823000000000;-38,525959000000000
256223;2;9;2015;09:30;15350;AV DES MOREIRA;RUA PEREIRA VALENTE;;0;;Colis?úo Transversal;Luz do Dia;Bom;Seca;Cruz;Sem?íforo;Comercial;0;0;2;1;0;0;1;0;0;0;0;0;-3,732253000000000;-38,497076000000000
256228;2;9;2015;09:00;0;AV DEP PAULINO ROCHA;;;3131;CASTELAO;Colis?úo Transversal;Luz do Dia;Bom;Seca;Meio de Quadra;N?úo H?í Controle;Comercial;0;2;0;1;0;1;0;0;0;0;0;0;-3,808405000000000;-38,523807000000000
256230;2;9;2015;15:00;10475;AV SEN FERNANDES TAVORA;RUA HUMAITA D73;;0;;Colis?úo Lateral;Luz do Dia;Bom;Seca;Cruz;Pare;Comercial;0;0;2;1;0;0;0;0;0;0;0;0;-3,754880000000000;-38,599578000000000
256218;2;9;2015;08:40;9304;RUA TULIPA;RUA GAL MARIO HERMES;;0;;Colis?úo;Luz do Dia;Nublado;Seca;T;Pare;Residencial;0;1;1;0;0;0;0;0;0;1;0;0;-3,713445000000000;-38,579159000000000
256246;2;9;2015;20:00;0;AV ABOLICAO;;;2727;CLUBE DO NAUTICO;Colis?úo Lateral;Anoitecer;Bom;Seca;Meio de Quadra;N?úo H?í Controle;Residencial;0;0;2;0;0;0;0;0;0;1;0;0;-3,727318000000000;-38,495392000000000
256249;2;9;2015;19:30;23658;AV SGT HERMINIO SAMPAIO;RUA POMPEU CAVALCANTE;;0;;Colis?úo Transversal;Via Iluminada;Bom;Seca;Duplo T;Pare;Comercial;0;0;2;1;0;0;0;0;0;0;0;0;-3,726772000000000;-38,562833000000000
256236;2;9;2015;07:40;25116;AV ROGACIANO LEITE;RUA PDE FRANCISCO PITA;;0;;Colis?úo Transversal;Luz do Dia;Bom;Seca;Cruz;Pare;Comercial;0;0;2;1;0;0;0;0;0;1;0;0;-3,780960000000000;-38,501766000000000
256142;2;9;2015;19:00;25090;AV GOV PARSIFAL BARROSO;RUA EDGAR FALCAO;;0;;Colis?úo Lateral;Via Iluminada;Bom;Seca;T;Sem?íforo;Comercial;0;0;2;1;1;0;0;0;0;0;0;0;-3,732054000000000;-38,569038000000000
256148;2;9;2015;13:30;0;AV AGUANAMBI;;;358;;Colis?úo Traseira;Luz do Dia;Nublado;Seca;Meio de Quadra;N?úo H?í Controle;Comercial;0;0;2;0;0;0;1;0;0;0;0;0;-3,740220000000000;-38,524995000000000
265246;2;9;2015;03:51;0;RUA LAURO NOGUEIRA;;;1500;;Colis?úo;;;;Meio de Quadra;;;0;0;1;1;0;0;0;0;0;0;0;0;-3,742066000000000;-38,472139000000000
265249;2;9;2015;04:55;0;AV JOSE BASTOS;;;0;;Colis?úo;;;;Meio de Quadra;;;0;1;0;1;0;0;0;0;0;1;0;0;;
265268;2;9;2015;09:03;9158;AV LUCIANO CARNEIRO;RUA MARIO MAMEDE;;0;;Queda;Luz do Dia;;;Outros;;;0;1;0;0;0;0;0;0;0;1;0;0;-3,748937000000000;-38,531828000000000
265269;2;9;2015;09:03;0;RUA MON BRUNO;RUA EDUARDO SALGADO;;196;;Colis?úo;Luz do Dia;;;Meio de Quadra;;;0;1;1;1;0;0;0;0;0;1;0;0;;
265266;2;9;2015;09:01;2328;AV CEL CARVALHO;AV FRANCISCO SA;;0;;Queda;Luz do Dia;;;Cruz;Pare;Comercial;0;1;0;0;0;0;0;0;0;1;0;0;-3,703499000000000;-38,591542000000000
265262;2;9;2015;07:28;0;AV OLIVEIRA PAIVA;;;3030;HABBIB??S;Colis?úo;Luz do Dia;;;Meio de Quadra;;;0;1;0;1;0;0;0;0;0;1;0;0;-3,795718000000000;-38,480137000000000
265255;2;9;2015;07:00;0;AV PERIMETRAL;;;390;;Colis?úo;Luz do Dia;;;Meio de Quadra;;;0;1;0;1;0;0;0;0;0;1;0;0;;
265257;2;9;2015;07:14;0;AV PRS CASTELO BRANCO;;;4078;;Capotamento;Luz do Dia;;;Meio de Quadra;;;0;1;0;0;0;0;0;0;0;1;0;0;-3,708206000000000;-38,568938000000000
265290;2;9;2015;17:38;0;RUA VILA VELHA;;;625;;Colis?úo;Anoitecer;;;Meio de Quadra;;;0;1;0;1;0;0;0;0;0;1;0;0;;
265287;2;9;2015;16:24;14710;RUA SUICA;RUA DELTA;;0;;Colis?úo;Luz do Dia;;;Cruz;Pare;Residencial;0;1;0;1;0;0;0;0;0;1;0;0;-3,793850000000000;-38,577135000000000
265280;2;9;2015;11:59;0;RUA PEDRO MARTINS;;;452;;Colis?úo;Luz do Dia;;;Meio de Quadra;;;0;1;0;1;0;0;0;0;0;1;0;0;-3,799193000000000;-38,601986000000000
265281;2;9;2015;13:33;0;RUA PERNAMBUCO;;;807;;Atropelamento;Luz do Dia;;;Meio de Quadra;;;0;1;0;1;0;0;0;0;0;0;0;0;-3,757822000000000;-38,571922000000000
265282;2;9;2015;13:38;0;AV ZEZE DIOGO;;;4930;;Colis?úo;Luz do Dia;;;Meio de Quadra;;;0;1;0;1;0;0;0;0;0;1;0;0;-3,754305000000000;-38,445495000000000
265283;2;9;2015;15:36;0;RUA CON DE CASTRO;;;4256;;Colis?úo;Luz do Dia;;;Meio de Quadra;;;0;1;0;1;0;0;0;0;0;1;0;0;-3,803176000000000;-38,590312000000000
265276;2;9;2015;11:37;0;RUA METON DE ALENCAR;;;0;;Colis?úo;Luz do Dia;;;Meio de Quadra;;;0;1;0;1;0;0;0;0;0;1;0;0;;
265274;2;9;2015;11:29;0;RUA VICENTE SABOIA;;;130;;Queda;Luz do Dia;;;Meio de Quadra;;;0;1;0;0;0;0;0;0;0;1;0;0;-3,711886000000000;-38,560336000000000
265271;2;9;2015;09:38;0;AV FRANCISCO SA;;;4996;;Colis?úo;Luz do Dia;;;Meio de Quadra;;;0;1;1;0;0;0;0;0;0;0;0;0;-3,713396000000000;-38,569118000000000
265406;2;9;2015;22:52;7694;RUA RIO GRANDE DO NORTE;RUA RIO GRANDE DO SUL;;0;;Colis?úo;;;;Cruz;Pare;Residencial;0;1;1;1;0;0;0;0;0;1;0;0;-3,758617000000000;-38,567559000000000
270530;2;9;2015;10:06;0;AV CENTRAL CJ CEARA;;;0;;Colis?úo;Luz do Dia;;;Meio de Quadra;;;0;0;2;0;0;0;0;0;0;0;0;0;;
270533;2;9;2015;10:58;0;AV ENG LEAL LIMA VERDE (SAPIRANGA/COITE);;;2430;;Colis?úo;Luz do Dia;;;Meio de Quadra;;;0;0;2;0;0;0;0;0;0;0;0;0;-3,810503000000000;-38,474430000000000
270534;2;9;2015;12:49;0;RUA PRO HERIBALDO COSTA;;;0;;Colis?úo;Luz do Dia;;;Meio de Quadra;;;0;0;2;0;0;0;0;0;0;0;0;0;;
270535;2;9;2015;19:47;16333;RUA ESTEVAO DE MELO;RUA CRISTOVAO MELO;;0;;Colis?úo;;;;;;;0;0;2;0;0;0;0;0;0;0;0;0;-3,841627000000000;-38,580600000000000
270537;2;9;2015;19:51;0;RUA JOSE CARLOS GURGEL NOGUEIRA;;;126;;Colis?úo;;;;Meio de Quadra;;;0;0;2;0;0;0;0;0;0;0;0;0;-3,733043000000000;-38,473903000000000
264643;2;9;2015;12:39;0;RUA ALBERTO MAGNO;;;0;;Colis?úo;Luz do Dia;;;Meio de Quadra;;;0;0;2;1;0;0;0;0;0;0;0;0;;
264646;2;9;2015;17:36;0;AV ANTONIO SALES;;;0;;Colis?úo;Anoitecer;;;Meio de Quadra;;;0;0;2;1;0;0;0;0;0;0;0;0;;
264647;2;9;2015;18:24;0;AV GOV RAUL BARBOSA;;;0;;Colis?úo;Anoitecer;;;Meio de Quadra;;;0;0;2;1;0;0;0;0;0;0;0;0;;
264649;2;9;2015;18:38;0;AV DR SILAS MUNGUBA;;;0;;Colis?úo;;;;Meio de Quadra;;;0;0;2;1;0;0;1;0;0;0;0;0;;
264655;3;9;2015;12:43;11058;RUA OFIR;AV DOS EXPEDICIONARIOS;;0;;Colis?úo;Luz do Dia;;;Cruz;Pare;Misto;0;0;2;1;0;0;0;0;0;0;0;0;-3,788787000000000;-38,548388000000000
264657;3;9;2015;15:46;8970;RUA ANTONIO DRUMONT;RUA JOAO TOME;;0;;Colis?úo;Luz do Dia;;;;;;0;0;2;1;0;0;0;0;0;0;0;0;-3,728744000000000;-38,547477000000000
264658;3;9;2015;15:33;0;AV ABOLICAO;;;0;;Colis?úo;Luz do Dia;;;Meio de Quadra;;;0;0;2;1;1;0;0;0;0;0;0;0;;
264659;3;9;2015;17:38;0;AV WASHINGTON SOARES;;;0;;Colis?úo;Anoitecer;;;Meio de Quadra;;;0;0;2;1;0;0;1;0;0;0;0;0;;