COD_ACIDENTE;DIA;MES;ANO;HORA;INTERSECAO;LOG1;LOG2;LOG3;NUMERO;REFERENCIA;NATUREZA;ILUMINACAO;TEMPO;SUPERFICIEPISTA;TIPOCRUZAMENTO;CONTROLETRAFEGO;USOSOLO;MORTOS;FERIDOS;ILESOS;AUTOMOVEL;ONIBUS;BICICLETA;CAMINHAO;MICROONIBUS;CICLOMOTOR;MOTOCICLETA;TRACAOANIMAL;TREM;LATITUDE;LONGITUDE
264660;3;9;2015;18:22;0;AV BAR STUDART;;;0;;Colis?úo;Anoitecer;;;Meio de Quadra;;;0;0;2;1;0;0;0;0;0;0;0;0;;
264662;3;9;2015;18:44;0;RUA DA PAZ;;;0;;Colis?úo;;;;Meio de Quadra;;;0;0;2;1;0;0;0;0;0;0;0;0;;
264652;3;9;2015;11:37;0;AV AGUANAMBI;;;0;;Colis?úo;Luz do Dia;;;Meio de Quadra;;;0;0;2;1;0;0;0;0;0;0;0;0;;
270540;3;9;2015;08:35;0;RUA VALPARAISO;;;150;;Colis?úo;Luz do Dia;;;Meio de Quadra;;;0;0;2;0;0;0;0;0;0;0;0;0;-3,851441000000000;-38,505306000000000
270544;3;9;2015;10:14;0;AV VIS RIO BRANCO;;;458;;Colis?úo;Luz do Dia;;;Meio de Quadra;;;0;0;2;0;0;0;0;0;0;0;0;0;;
270545;3;9;2015;11:41;116;RUA RUI MONTE;RUA PRO JOSE LEITE GONDIM;;0;;Colis?úo;Luz do Dia;;;Cruz;Pare;Residencial;0;0;2;0;0;0;0;0;0;0;0;0;-3,741250000000000;-38,587413000000000
270563;3;9;2015;13:01;0;RUA CERES;;;0;;Colis?úo;Luz do Dia;;;Meio de Quadra;;;0;0;2;0;0;0;0;0;0;0;0;0;;
265413;3;9;2015;07:05;0;AV GOV RAUL BARBOSA;;;0;;Colis?úo;Luz do Dia;;;Meio de Quadra;;;0;1;0;1;0;0;0;0;0;1;0;0;;
265426;3;9;2015;07:15;0;AV NOVE;;;314;;Colis?úo;Luz do Dia;;;Meio de Quadra;;;0;1;0;1;0;0;0;0;0;1;0;0;;
265420;3;9;2015;12:32;11847;AV FRANCISCO SA;RUA JACINTO MATOS;;0;;Atropelamento;Luz do Dia;;;Cruz;;Residencial;0;1;1;0;0;0;0;0;0;1;0;0;-3,720881000000000;-38,546796000000000
265452;3;9;2015;08:03;0;AV H CJ JOSE WALTER;;;230;;Colis?úo;Luz do Dia;;;Meio de Quadra;;;0;1;0;1;0;0;1;0;0;0;0;0;-3,841559000000000;-38,557677000000000
265455;3;9;2015;11:44;0;AV CARAPINIMA;;;1786;;Atropelamento;Luz do Dia;;;Meio de Quadra;;;0;1;0;0;0;0;0;0;0;1;0;0;-3,737341000000000;-38,537474000000000
265440;3;9;2015;03:09;641;RUA COS GOUVEIA;RUA CRUZEIRO DO SUL;;0;;Colis?úo;;;;Cruz;Pare;Residencial;0;1;0;0;0;0;0;0;0;1;0;0;-3,716811000000000;-38,563131000000000
265464;3;9;2015;16:32;0;AV GOV RAUL BARBOSA;;;4070;;Queda;Luz do Dia;;;Meio de Quadra;;;0;1;0;0;0;0;0;0;0;1;0;0;-3,761241000000000;-38,505827000000000
265459;3;9;2015;12:06;3824;RUA CONFUCIO PAMPLONA;RUA JUVENAL GALENO;;0;;Colis?úo;Luz do Dia;;;T;Pare;Outros;0;1;0;0;1;0;0;0;0;1;0;0;-3,740617000000000;-38,537300000000000
256156;3;9;2015;20:00;0;AV ABOLICAO;;;0;;Colis?úo Transversal;Via Iluminada;Bom;Seca;Meio de Quadra;Pare;Comercial;0;0;2;1;1;0;0;0;0;0;0;0;;
256251;3;9;2015;21:30;0;RUA FRE MANSUETO;;;900;;Colis?úo Lateral;Via Iluminada;Bom;Seca;Meio de Quadra;N?úo H?í Controle;Comercial;0;1;2;1;0;0;0;0;0;1;0;0;-3,732106000000000;-38,488811000000000
256266;3;9;2015;20:00;9231;RUA PDE BARBOSA DE JESUS;AV 13 DE MAIO;;0;;Colis?úo Traseira;Via Iluminada;Bom;Seca;Y;Pare;Comercial;0;0;2;1;0;0;0;0;0;0;0;0;-3,748302000000000;-38,530523000000000
256258;3;9;2015;09:10;0;AV ABOLICAO;;;2727;;Choque c/ Obst?ículo Fixo;Luz do Dia;Nublado;Molhada;Meio de Quadra;;Comercial;0;0;1;0;0;0;0;0;0;0;0;0;-3,727318000000000;-38,495392000000000
256288;3;9;2015;21:50;0;AV ALBERTO CRAVEIRO;;;0;;Choque c/ Obst?ículo Fixo;Via Iluminada;Bom;Seca;Meio de Quadra;N?úo H?í Controle;Comercial;0;0;1;1;0;0;0;0;0;0;0;0;;
256290;3;9;2015;06:30;15246;RUA CARLOS VASCONCELOS;RUA TEN BENEVOLO;;0;;Colis?úo Transversal;Luz do Dia;Bom;Seca;Cruz;Sem?íforo;Comercial;0;0;2;1;0;0;0;0;0;0;0;0;-3,727989000000000;-38,509174000000000
256285;3;9;2015;08:30;0;AV PRS CASTELO BRANCO;;;400;;Colis?úo Traseira;Luz do Dia;Chuva;Molhada;Meio de Quadra;N?úo H?í Controle;Residencial;0;1;2;1;0;0;0;0;0;1;0;0;-3,720316000000000;-38,530144000000000
256275;3;9;2015;18:30;0;RUA DES LEITE ALBUQUERQUE;;;150;;Colis?úo Lateral;;Bom;Seca;Meio de Quadra;N?úo H?í Controle;Residencial;0;0;2;1;0;0;0;0;0;1;0;0;-3,735585000000000;-38,503737000000000
256279;3;9;2015;07:15;11847;RUA JACINTO MATOS;AV FRANCISCO SA;;0;;Atropelamento;Luz do Dia;Bom;Seca;Cruz;;Residencial;0;1;1;0;0;0;0;0;0;1;0;0;-3,720881000000000;-38,546796000000000
256277;3;9;2015;09:50;0;AV GODOFREDO MACIEL;;;2401;;Colis?úo Traseira;Luz do Dia;Bom;Seca;Meio de Quadra;Outros;Comercial;0;0;2;1;0;0;0;0;0;0;0;0;-3,796044000000000;-38,569776000000000
256172;3;9;2015;21:35;0;AV AGUANAMBI;;;0;ROTAT?ôRIA;Colis?úo Lateral;Via Iluminada;Bom;Seca;Meio de Quadra;Sem?íforo;Outros;0;0;2;1;1;0;0;0;0;0;0;0;-3,755538000000000;-38,523043000000000
256174;3;9;2015;08:30;0;RUA ILHA DOURADA;;;186;;Colis?úo Traseira;Luz do Dia;Bom;Seca;Meio de Quadra;Outros;Residencial;0;1;1;0;0;0;1;0;0;1;0;0;;
256167;3;9;2015;14:30;0;AV PRS CASTELO BRANCO;;;907;;Colis?úo Lateral;Luz do Dia;Bom;Seca;Meio de Quadra;N?úo H?í Controle;Residencial;0;0;2;1;0;0;1;0;0;0;0;0;-3,719663000000000;-38,531464000000000
256159;3;9;2015;12:00;5410;RUA GAL CLARINDO DE QUEIROZ;RUA MAJ FACUNDO;;0;;Colis?úo Lateral;;Bom;Seca;Outros;N?úo H?í Controle;Comercial;0;0;2;1;0;0;0;0;0;0;0;0;-3,732895000000000;-38,529587000000000
256184;3;9;2015;22:30;3847;RUA PAULINO NOGUEIRA;RUA JOAO GENTIL;;0;;Capotamento;Via Iluminada;Bom;Seca;Cruz;Pare;Residencial;0;1;2;1;0;0;0;0;0;0;0;0;-3,743747000000000;-38,538019000000000
256179;3;9;2015;18:30;6810;RUA BENTO ALBUQUERQUE;RUA JOSE BORBA VASCONCELOS;;0;;Colis?úo Lateral;Via Iluminada;Bom;Seca;Cruz;Outros;Outros;0;1;1;0;0;0;0;0;0;1;0;0;-3,747266000000000;-38,472258000000000
266086;3;9;2015;12:00;4709;AV WASHINGTON SOARES;RUA OLIMPIO LEITE;;0;;Outros;Luz do Dia;;;;;;0;1;0;0;1;0;0;0;0;1;0;0;-3,815048000000000;-38,481443000000000
266095;3;9;2015;20:30;0;AV GAL OSORIO DE PAIVA;;;5360;;Colis?úo;;;;Meio de Quadra;;;0;1;0;1;0;0;0;0;0;1;0;0;-3,804152000000000;-38,601530000000000
259226;3;9;2015;20:10;0;RD BR 116;;;15000;KM-15;Queda;Via Iluminada;Bom;Seca;Meio de Quadra;N?úo H?í Controle;Comercial;0;1;0;0;0;0;0;0;0;1;0;0;-3,882329000000000;-38,501113000000000
259228;3;9;2015;21:30;0;RD BR 116;;;1000;KM-01;Atropelamento;Via Iluminada;Bom;Molhada;Meio de Quadra;N?úo H?í Controle;Comercial;0;2;0;0;0;0;0;0;0;1;0;0;-3,762554000000000;-38,518702000000000
265526;3;9;2015;22:39;0;RUA 41 CJ JOSE WALTER;;;511;;Colis?úo;;;;Meio de Quadra;;;0;2;0;0;0;0;0;0;0;1;0;0;-3,829568000000000;-38,557553000000000
265515;3;9;2015;20:41;0;RUA CON DE CASTRO;;;9426;;Atropelamento;;;;Meio de Quadra;;;0;1;0;0;0;0;0;0;0;1;0;0;-3,822582000000000;-38,604632000000000
265516;3;9;2015;20:43;12440;AV AUGUSTO DOS ANJOS;RUA ARARIPE PRATA;;0;;Colis?úo;;;;;;;0;1;0;0;0;0;0;0;0;0;0;0;-3,771936000000000;-38,571749000000000
265518;3;9;2015;21:11;0;AV MR HULL;;;0;;Colis?úo;;;;Meio de Quadra;;;0;1;0;0;0;0;0;0;0;0;0;0;;
265510;3;9;2015;19:11;2486;AV FRANCISCO SA;RUA SEN ROBERT KENNEDY;;0;;Colis?úo;;;;Cruz;Pare;Residencial;0;1;0;1;0;0;0;0;0;1;0;0;-3,709140000000000;-38,581426000000000
265511;3;9;2015;20:38;0;AV CASTELO DE CASTRO;;;9426;;Atropelamento;;;;Meio de Quadra;;;0;1;0;1;0;0;0;0;0;0;0;0;;
265499;3;9;2015;18:53;0;AV AUGUSTO DOS ANJOS;;;1585;;Atropelamento;;;;Meio de Quadra;;;1;0;1;0;0;0;0;0;0;1;0;0;-3,780055000000000;-38,579055000000000
265497;3;9;2015;18:33;0;RUA GAL CLARINDO DE QUEIROZ;;;1511;;Atropelamento;;;;Meio de Quadra;;;0;1;0;0;0;0;0;0;0;0;0;0;-3,730386000000000;-38,537395000000000
265523;3;9;2015;22:06;0;AV 1 CANINDEZINHO;;;0;;Atropelamento;;;;Meio de Quadra;;;0;1;0;1;0;0;0;0;0;0;0;0;;
265488;3;9;2015;18:10;0;AV JOR THOMAZ COELHO;;;2719;;Colis?úo;Anoitecer;;;Meio de Quadra;;;0;1;0;0;0;0;0;0;0;0;0;0;-3,828448000000000;-38,519831000000000
265485;3;9;2015;18:06;6810;RUA JOSE BORBA VASCONCELOS;RUA BENTO ALBUQUERQUE;;0;;Colis?úo;Anoitecer;;;Cruz;Outros;Outros;0;1;0;0;0;0;0;0;0;0;0;0;-3,747266000000000;-38,472258000000000
256297;3;9;2015;22:15;5189;RUA PDE IBIAPINA;RUA PEDRO PEREIRA;;0;;Colis?úo Transversal;;Bom;;Cruz;Pare;Comercial;0;2;0;1;0;0;0;0;0;1;0;0;-3,725940000000000;-38,540601000000000
256303;3;9;2015;14:50;0;AV LUCIANO CARNEIRO;;;1450;;Colis?úo Transversal;Luz do Dia;Bom;Seca;Meio de Quadra;Pare;Comercial;0;0;2;1;0;0;1;0;0;0;0;0;-3,762024000000000;-38,535798000000000
256304;3;9;2015;07:00;22081;RUA GUSTAVO BRAGA;RUA CAP FRANCISCO PEDRO;;0;;Colis?úo Transversal;Luz do Dia;Nublado;Seca;Cruz;Pare;Residencial;0;0;2;1;0;0;0;0;0;0;0;0;-3,751155000000000;-38,552452000000000
256305;3;9;2015;10:25;1768;AV GOV RAUL BARBOSA;RUA CAP CLOVIS MAIA;;0;;Colis?úo Lateral;Luz do Dia;Nublado;Seca;T;Pare;Residencial;0;1;1;1;0;0;0;0;0;1;0;0;-3,767633000000000;-38,509478000000000
256306;3;9;2015;12:20;1334;RUA SILVA PAULET;RUA DR JORGE DA ROCHA;;0;;Colis?úo Transversal;Luz do Dia;Bom;Seca;Cruz;Pare;Comercial;0;0;2;1;0;0;0;0;0;0;0;0;-3,735559000000000;-38,505774000000000
256315;3;9;2015;13:00;19124;RUA ARI BARROSO;LOGRADOURO SEM NOME;;0;;Colis?úo Frontal;Luz do Dia;Bom;Seca;Cruz;Pare;Escola;0;0;2;1;0;0;0;0;0;0;0;0;-3,738727000000000;-38,475564000000000
256310;3;9;2015;10:20;1339;RUA NUNES VALENTE;RUA DES LEITE ALBUQUERQUE;;0;;Colis?úo Transversal;Luz do Dia;Bom;Seca;Cruz;Pare;Comercial;0;1;1;0;0;0;0;0;0;1;0;0;-3,735649000000000;-38,503540000000000
256312;3;9;2015;13:09;24209;RUA JULIO AZEVEDO;RUA PRO HERACLITO;;0;;Colis?úo Lateral;Luz do Dia;Bom;Seca;Cruz;Pare;Residencial;0;1;1;1;0;0;0;0;0;1;0;0;-3,732449000000000;-38,475700000000000
256321;3;9;2015;16:50;0;AV DEP PAULINO ROCHA;;;1650;;Colis?úo Lateral;Luz do Dia;Bom;Seca;Meio de Quadra;N?úo H?í Controle;Residencial;0;0;2;1;0;0;0;0;0;1;0;0;-3,811283000000000;-38,510492000000000
256330;3;9;2015;02:00;0;RUA DNA LEOPOLDINA;;;1046;;Engavetamento;Via Iluminada;Bom;Seca;Meio de Quadra;N?úo H?í Controle;Comercial;0;0;4;1;0;0;0;0;0;0;0;0;;
256341;3;9;2015;13:40;0;AV JOSE BASTOS;;;3241;;Colis?úo Traseira;Luz do Dia;Bom;Seca;Meio de Quadra;N?úo H?í Controle;Comercial;0;0;2;0;0;1;0;0;0;1;0;0;;
256347;3;9;2015;17:00;7642;RUA RIO GRANDE DO NORTE;RUA ESTADO DO RIO;;0;;Colis?úo Transversal;Luz do Dia;Bom;Seca;Cruz;Pare;Comercial;0;0;2;1;0;0;1;0;0;0;0;0;-3,757063000000000;-38,569969000000000
256352;3;9;2015;18:30;12395;AV LINEU MACHADO;RUA CUIABA;;0;;Colis?úo Transversal;;Bom;Seca;Cruz;Pare;Comercial;0;0;2;1;0;0;0;0;0;1;0;0;-3,769181000000000;-38,578620000000000
256356;4;9;2015;19:00;7760;AV ANTONIO SALES;RUA SILVA PAULET;;0;;Colis?úo Transversal;Via Iluminada;Bom;Seca;Cruz;Pare;Comercial;0;1;2;1;0;0;0;0;0;1;0;0;-3,743595000000000;-38,508383000000000
256358;4;9;2015;18:00;8647;AV EDILSON B SOARES;RUA PRO SOLON FARIAS;;0;;Colis?úo Lateral;Via Iluminada;Bom;Seca;Cruz;Pare;Residencial;0;0;2;1;0;0;0;0;0;0;0;0;-3,789155000000000;-38,477116000000000
256359;4;9;2015;04:40;7633;AV CARNEIRO DE MENDONCA;RUA RIO GRANDE DO SUL;;0;;Colis?úo Transversal;Luz do Dia;Bom;Seca;Cruz;Sem?íforo;Misto;0;0;2;1;0;0;0;0;0;1;0;0;-3,762374000000000;-38,570011000000000
256360;4;9;2015;15:30;15244;RUA JOSE VILAR;RUA DEP MOREIRA DA ROCHA;;0;;Colis?úo Transversal;Luz do Dia;Bom;Seca;Cruz;Pare;Residencial;0;0;2;1;0;0;0;0;0;0;0;0;-3,727832000000000;-38,502113000000000
256361;4;9;2015;18:00;0;RUA FIRMINO ROCHA AGUIAR;;;600;;Colis?úo Lateral;Via Iluminada;Bom;Seca;Meio de Quadra;N?úo H?í Controle;Escola;0;0;2;1;0;0;0;0;0;0;0;0;-3,763382000000000;-38,486038000000000
256362;4;9;2015;19:30;8643;AV EDILSON B SOARES;AV ENG LEAL LIMA VERDE (SAPIRANGA/COITE);;0;;Colis?úo Lateral;Via Iluminada;Bom;Seca;Cruz;N?úo H?í Controle;Lazer;0;0;2;1;0;0;0;0;0;0;0;0;-3,789082000000000;-38,476215000000000
256343;4;9;2015;20:00;0;AV PRS COSTA E SILVA;;;0;;Colis?úo Lateral;Via Iluminada;Bom;Seca;Meio de Quadra;Pare;Comercial;0;2;0;0;0;0;0;0;0;1;0;0;-3,812923000000000;-38,571347000000000
256331;4;9;2015;12:00;281;RUA PRO RAIMUNDO VITOR;AV JOVITA FEITOSA;;0;;Colis?úo Lateral;Luz do Dia;Bom;Seca;T;Pare;Residencial;0;1;1;1;0;0;0;0;0;1;0;0;-3,741618000000000;-38,565085000000000
256332;4;9;2015;15:30;0;RUA RIO GRANDE DO SUL;;;1171;;Colis?úo Lateral;Luz do Dia;Bom;Seca;Meio de Quadra;Pare;Residencial;0;0;2;1;0;0;0;0;0;1;0;0;-3,758822000000000;-38,567691000000000
256335;4;9;2015;08:45;13375;AV ANTONIO SALES;RUA HENRIQUE RABELO;;0;;Colis?úo Transversal;Luz do Dia;Bom;Seca;Cruz;Pare;Comercial;0;0;2;1;0;0;0;0;0;0;0;0;-3,739540000000000;-38,521352000000000
256336;4;9;2015;15:00;24331;AV LUCIANO CARNEIRO;RUA ARMANDO MONTEIRO;;0;;Colis?úo Lateral;Luz do Dia;Bom;Seca;Cruz;Pare;Comercial;0;1;1;1;0;0;0;0;0;1;0;0;-3,763454000000000;-38,536219000000000
256337;4;9;2015;07:05;0;RUA ALVES RIBEIRO;;;704;;Colis?úo Transversal;Luz do Dia;Bom;Seca;Meio de Quadra;Outros;Residencial;0;0;2;0;0;0;0;0;0;1;0;0;-3,822772000000000;-38,501938000000000
256338;4;9;2015;05:50;10695;RUA PRO HERIBALDO COSTA;RUA MON HIPOLITO BRASIL;;0;;Colis?úo Transversal;Luz do Dia;Bom;Seca;Cruz;Pare;Misto;0;2;1;1;0;0;0;0;0;1;0;0;-3,757069000000000;-38,582275000000000
256322;4;9;2015;09:30;5269;AV DUQ CAXIAS;RUA PDE IBIAPINA;;0;;Colis?úo Lateral;Luz do Dia;Bom;Seca;Cruz;Sem?íforo;Comercial;0;0;2;1;0;0;1;0;0;0;0;0;-3,728446000000000;-38,540226000000000
256309;4;9;2015;18:00;0;AV PRS COSTA E SILVA;;;0;;Colis?úo Lateral;Anoitecer;Bom;Seca;Meio de Quadra;Sem?íforo;Residencial;0;0;2;0;0;0;1;0;0;0;0;0;;
256320;4;9;2015;22:30;0;RUA MIN ALBUQUERQUE LIMA;;;282;;Colis?úo Lateral Sentido Oposto;Via Iluminada;Bom;Seca;Meio de Quadra;Pare;Residencial;0;0;2;1;0;0;0;0;0;0;0;0;-3,767941000000000;-38,608635000000000
256324;4;9;2015;17:00;15370;AV SEN VIRGILIO TAVORA;AV DOM LUIS;;0;;Colis?úo Transversal;Via Iluminada;Bom;Seca;Cruz;Sem?íforo;Comercial;0;0;3;1;1;0;0;0;0;0;0;0;-3,734829000000000;-38,492507000000000
256327;4;9;2015;19:00;0;AV ENG SANTANA JUNIOR;;;769;;Colis?úo Lateral;Via Iluminada;Bom;Seca;Meio de Quadra;N?úo H?í Controle;Residencial;0;0;2;1;0;0;0;0;0;0;0;0;-3,734780000000000;-38,481527000000000
256328;4;9;2015;05:40;12863;AV DOMINGOS OLIMPIO;RUA FLORIANO PEIXOTO;;0;;Colis?úo Transversal;Luz do Dia;Bom;Seca;Cruz;Pare;Comercial;0;1;1;0;0;0;0;1;0;1;0;0;-3,736976000000000;-38,530313000000000
256318;4;9;2015;07:40;8103;AV DOS EXPEDICIONARIOS;RUA JOAO FRANCA (PQ. 2 IRM?âOS);;0;;Colis?úo Lateral;Luz do Dia;Bom;Seca;;N?úo H?í Controle;Comercial;0;1;1;1;0;0;0;0;0;1;0;0;;
265559;4;9;2015;07:37;8934;AV DOMINGOS OLIMPIO;RUA PDE MORORO;;0;;Colis?úo;Luz do Dia;;;Cruz;Pare;Residencial;0;1;0;1;0;0;0;0;0;1;0;0;-3,733752000000000;-38,539949000000000
265574;4;9;2015;07:43;0;RUA BERNARDO MANUEL;;;8639;;Colis?úo;Luz do Dia;;;Meio de Quadra;;;0;1;0;1;0;0;0;0;0;1;0;0;-3,795173000000000;-38,550337000000000
265527;4;9;2015;05:08;0;AV RECREIO D64;;;800;CLUBE RECREIO;Queda;Amanhecer;;;Meio de Quadra;;;0;1;0;0;0;0;0;0;0;1;0;0;-3,813019000000000;-38,449561000000000
265636;4;9;2015;21:49;0;RUA PERNAMBUCO;;;89;;Atropelamento;;;;Meio de Quadra;;;0;1;0;0;0;0;0;0;0;1;0;0;-3,760951000000000;-38,567045000000000
265608;4;9;2015;18:31;0;AV SEN CARLOS JEREISSATI (AEROPORTO);;;0;;Colis?úo;;;;Meio de Quadra;;;0;1;0;0;0;0;0;0;0;0;0;0;;
265630;4;9;2015;21:28;0;AV SGT HERMINIO SAMPAIO;;;39;;Queda;;;;Meio de Quadra;;;0;1;0;0;0;0;0;0;0;1;0;0;;
265623;4;9;2015;21:05;3609;RUA GUILHERME ASSUNCAO;AV CAP WALDEMAR PAULA LIMA;;0;;Colis?úo;;;;Cruz;N?úo H?í Controle;Lazer;0;1;0;0;0;0;0;0;0;1;0;0;-3,816601000000000;-38,507427000000000
265615;4;9;2015;20:42;0;AV JOAO PESSOA;;;7040;;Colis?úo;;;;Meio de Quadra;;;0;1;0;0;0;0;0;0;0;1;0;0;-3,771809000000000;-38,561694000000000
265594;4;9;2015;17:36;0;AV BORGES DE MELO;;;0;;Colis?úo;Anoitecer;;;Meio de Quadra;;;0;1;0;1;0;0;0;0;0;1;0;0;;
265606;4;9;2015;18:08;0;RUA ARTUR DE CARVALHO;;;1550;;Colis?úo;Anoitecer;;;Meio de Quadra;;;0;1;0;1;0;0;0;0;0;1;0;0;-3,826510000000000;-38,465625000000000
265613;4;9;2015;18:53;0;AV PRS CASTELO BRANCO;;;3228;;Colis?úo;;;;Meio de Quadra;;;0;1;0;1;0;0;0;0;0;1;0;0;-3,710856000000000;-38,559787000000000
265591;4;9;2015;16:40;25059;RUA HOLANDA;RUA CABRAL VERAS;;0;;Colis?úo;Luz do Dia;;;;;;0;1;1;1;0;0;0;0;0;1;0;0;;
265586;4;9;2015;15:59;15815;RUA MANUEL CASTELO BRANCO;RUA CEL GUILHERME ALENCAR;;0;;Colis?úo;Luz do Dia;;;Cruz;Pare;Comercial;0;1;0;0;0;0;0;0;0;0;0;0;-3,831934000000000;-38,491829000000000
265582;4;9;2015;13:36;0;AV ALM MAXIMIANO DA FONSECA;;;1009;;Colis?úo;Luz do Dia;;;Meio de Quadra;;;0;1;0;0;0;0;0;0;0;0;0;0;-3,770964000000000;-38,486990000000000
265577;4;9;2015;07:59;0;AV PRS CASTELO BRANCO;;;887;;Colis?úo;Luz do Dia;;;Meio de Quadra;;;0;1;1;1;0;0;0;0;0;1;0;0;-3,719787000000000;-38,531242000000000
265578;4;9;2015;08:51;0;RUA ALTO VERMELHO;;;740;;Atropelamento;Luz do Dia;;;Meio de Quadra;;;0;1;0;0;1;0;0;0;0;0;0;0;;
265579;4;9;2015;10:59;5161;RUA SEN ALENCAR;RUA MAJ FACUNDO;;0;;Colis?úo;Luz do Dia;;;Cruz;Pare;Comercial;0;1;0;1;0;0;0;0;0;1;0;0;-3,725114000000000;-38,527033000000000
265580;4;9;2015;13:36;0;AV SGT HERMINIO SAMPAIO;;;880;;Atropelamento;Luz do Dia;;;Meio de Quadra;;;0;1;0;0;0;0;0;0;0;1;0;0;-3,724537000000000;-38,548919000000000
259229;4;9;2015;17:15;0;RD BR 116;;;1000;KM-01;Colis?úo Frontal;Anoitecer;Bom;Seca;Meio de Quadra;N?úo H?í Controle;Comercial;0;1;1;1;0;0;0;0;0;1;0;0;-3,762554000000000;-38,518702000000000
259227;4;9;2015;02:50;0;RD BR 116;;;3000;KM-03;Choque c/ Obst?ículo Fixo;Via Iluminada;Bom;Seca;Meio de Quadra;N?úo H?í Controle;Comercial;0;1;0;1;0;0;0;0;0;0;0;0;-3,779838000000000;-38,514372000000000
266100;4;9;2015;10:50;9550;RUA BARRA VERMELHA;RUA HUMBERTO LOMEU;;0;;Atropelamento;Luz do Dia;;;;;;0;1;0;0;1;0;0;0;0;0;0;0;-3,779259000000000;-38,612392000000000
266102;4;9;2015;22:00;0;RUA CON DE CASTRO;;;5445;;Colis?úo;;;;Meio de Quadra;;;0;1;0;1;0;0;0;0;0;1;0;0;-3,810494000000000;-38,596551000000000
266097;4;9;2015;03:00;6573;AV H CJ CEARA;AV C CJ CEARA;;0;;Choque c/ Obst?ículo Fixo;;;;Cruz;N?úo H?í Controle;Residencial;0;1;0;1;0;0;0;0;0;0;0;0;-3,776518000000000;-38,616458000000000
256180;4;9;2015;13:00;13432;AV ANTONIO SALES;AV RUI BARBOSA;;0;;Colis?úo Lateral;Luz do Dia;Bom;Seca;Cruz;Sem?íforo;Misto;0;0;2;1;1;0;0;0;0;0;0;0;-3,742611000000000;-38,511569000000000
256163;4;9;2015;17:00;6781;RUA BENTO ALBUQUERQUE;RUA ZAMENHOF;;0;;Colis?úo Transversal;Luz do Dia;Bom;Seca;Cruz;Pare;Residencial;0;1;1;1;0;0;0;0;0;0;0;0;-3,745776000000000;-38,476888000000000
256178;4;9;2015;10:00;19935;RUA FRANCISCO LORDA;RUA JORGE ACURCIO;;0;;Colis?úo Transversal;Luz do Dia;Bom;Seca;Cruz;Pare;Residencial;0;0;2;1;0;0;0;0;0;1;0;0;-3,762325000000000;-38,530533000000000
256183;4;9;2015;09:00;6756;AV ENG SANTANA JUNIOR;AV ANTONIO SALES;;0;;Colis?úo Traseira;Luz do Dia;Bom;Seca;T;N?úo H?í Controle;Comercial;0;0;2;1;0;0;0;0;0;0;0;0;-3,749257000000000;-38,490039000000000
256259;4;9;2015;09:30;0;AV ALBERTO CRAVEIRO;;;430;;Colis?úo Traseira;Luz do Dia;Bom;Seca;Meio de Quadra;N?úo H?í Controle;Comercial;0;0;2;1;0;0;0;0;0;0;0;0;-3,782668000000000;-38,516505000000000
256260;4;9;2015;07:50;24990;AV PRS COSTA E SILVA;AV PRS JUSCELINO KUBITSCHEK (PASSAR?ë);;0;;Colis?úo Traseira;Luz do Dia;Bom;Seca;T;Sem?íforo;Residencial;0;0;2;1;0;0;1;0;0;0;0;0;-3,825648000000000;-38,539516000000000
256256;4;9;2015;14:30;13233;AV F CJ JOSE WALTER;AV L CJ JOSE WALTER;;0;;Colis?úo Lateral;Luz do Dia;Bom;Seca;Cruz;Pare;Residencial;0;1;1;1;0;0;0;0;0;1;0;0;-3,835328000000000;-38,558805000000000
256257;4;9;2015;07:55;0;AV D CJ JOSE WALTER;;;211;;Colis?úo Transversal;Luz do Dia;Bom;Seca;Meio de Quadra;N?úo H?í Controle;Residencial;1;1;1;1;0;0;0;0;0;1;0;0;-3,831838000000000;-38,555043000000000
256252;4;9;2015;11:00;4189;AV PRS CASTELO BRANCO;RUA FRANCISCO CORDEIRO;;0;;Colis?úo Lateral;Luz do Dia;Bom;Seca;Cruz;Pare;Comercial;0;0;2;1;0;0;0;0;0;0;0;0;-3,713113000000000;-38,550593000000000
256250;4;9;2015;15:00;0;AV FRANCISCO SA;;;2907;;Colis?úo Traseira;Luz do Dia;Bom;Seca;Meio de Quadra;N?úo H?í Controle;Comercial;0;0;2;1;0;0;1;0;0;0;0;0;-3,719347000000000;-38,551509000000000
256237;4;9;2015;17:00;5300;RUA BAR RIO BRANCO;RUA PEDRO PEREIRA;;0;;Colis?úo Transversal;Anoitecer;Bom;Seca;Duplo T;Sem?íforo;Comercial;0;1;1;1;0;0;0;0;0;1;0;0;-3,729457000000000;-38,529219000000000
256239;4;9;2015;11:30;11932;AV PRS COSTA E SILVA;AV CASTELO DE CASTRO;;0;;Colis?úo Traseira;Luz do Dia;Bom;Seca;Cruz;Sem?íforo;Misto;0;0;2;1;0;0;1;0;0;0;0;0;-3,829012000000000;-38,521435000000000