COD_ACIDENTE;DIA;MES;ANO;HORA;INTERSECAO;LOG1;LOG2;LOG3;NUMERO;REFERENCIA;NATUREZA;ILUMINACAO;TEMPO;SUPERFICIEPISTA;TIPOCRUZAMENTO;CONTROLETRAFEGO;USOSOLO;MORTOS;FERIDOS;ILESOS;AUTOMOVEL;ONIBUS;BICICLETA;CAMINHAO;MICROONIBUS;CICLOMOTOR;MOTOCICLETA;TRACAOANIMAL;TREM;LATITUDE;LONGITUDE
256153;4;9;2015;17:50;0;AV PRO JOSE ARTHUR CARVALHO;;;1550;;Colis?úo Lateral;Anoitecer;Bom;Seca;Meio de Quadra;N?úo H?í Controle;Misto;0;0;2;1;0;0;0;0;0;1;0;0;-3,826408000000000;-38,465396000000000
270590;4;9;2015;03:53;15142;AV MON TABOSA;RUA MON BRUNO;;0;;Colis?úo;;;;Cruz;Pare;Lazer;0;0;2;0;0;0;0;0;0;0;0;0;-3,724369000000000;-38,506833000000000
270594;4;9;2015;07:45;24969;AV PDE ANTONIO TOMAS;AV ALM HENRIQUE SABOIA;;0;;Colis?úo;Luz do Dia;;;Cruz;Sem?íforo;Misto;0;0;2;0;0;0;0;0;0;0;0;0;-3,743493000000000;-38,489455000000000
270615;4;9;2015;10:00;7211;AV PRS CASTELO BRANCO;AV DR THEBERGE;;0;;Colis?úo;Luz do Dia;;;Cruz;Sem?íforo;Comercial;0;0;2;0;0;0;0;0;0;0;0;0;-3,710079000000000;-38,563456000000000
270622;4;9;2015;10:14;0;AV CASTELO DE CASTRO;;;1601;;Colis?úo;Luz do Dia;;;Meio de Quadra;;;0;0;2;0;0;0;0;0;0;0;0;0;-3,842446000000000;-38,521612000000000
270625;4;9;2015;10:28;0;RUA COELHO DA FONSECA;;;3358;;Colis?úo;Luz do Dia;;;Meio de Quadra;;;0;0;2;0;0;0;0;0;0;0;0;0;;
270632;4;9;2015;11:52;0;AV FRANCISCO SA;;;2818;;Colis?úo;Luz do Dia;;;Meio de Quadra;;;0;0;2;0;0;0;0;0;0;0;0;0;-3,719571000000000;-38,550832000000000
270633;4;9;2015;13:23;0;RUA JOAQUIM M DE MACEDO;;;2120;;Atropelamento;Luz do Dia;;;Meio de Quadra;;;0;0;2;0;0;0;0;0;0;0;0;0;-3,770757000000000;-38,588602000000000
270653;4;9;2015;17:21;0;RUA MANUEL DA NOBREGA;;;380;;Colis?úo;Anoitecer;;;Meio de Quadra;;;0;0;2;0;0;0;0;0;0;0;0;0;-3,798982000000000;-38,583964000000000
270654;4;9;2015;18:23;0;AV ADENANTERAS;;;0;;Colis?úo;Anoitecer;;;Meio de Quadra;;;0;0;2;0;0;0;0;0;0;0;0;0;;
270655;4;9;2015;19:26;0;AV ROGACIANO LEITE;;;0;;Atropelamento;;;;Meio de Quadra;;;0;0;2;0;0;0;0;0;0;0;0;0;;
270648;4;9;2015;15:25;25796;RUA SGT JOAO PINHEIRO;AV H CJ CEARA;;0;;Colis?úo;Luz do Dia;;;T;N?úo H?í Controle;Residencial;0;0;2;0;0;0;0;0;0;0;0;0;;
270640;4;9;2015;14:56;10854;RUA AUDISIO PINHEIRO;RUA BOA VISTA;;0;;Colis?úo;Luz do Dia;;;Cruz;;Residencial;0;0;2;0;0;0;0;0;0;0;0;0;-3,765588000000000;-38,592494000000000
264668;4;9;2015;10:05;0;RUA JULIO AZEVEDO;;;1120;;Colis?úo;Luz do Dia;;;Meio de Quadra;;;0;0;2;1;0;0;0;0;0;0;0;0;-3,739436000000000;-38,480060000000000
264669;4;9;2015;09:37;1600;RUA GAL TERTULIANO POTYGUARA;RUA LEONARDO MOTA;;0;;Colis?úo;Luz do Dia;;;Cruz;Pare;Misto;0;0;2;1;0;0;0;0;0;0;0;0;-3,743762000000000;-38,498626000000000
264670;4;9;2015;10:58;0;AV PRS COSTA E SILVA;;;0;;Colis?úo;Luz do Dia;;;Meio de Quadra;;;0;0;2;1;1;0;0;0;0;0;0;0;;
264671;4;9;2015;12:18;0;RUA PRO HERIBALDO COSTA;;;0;;Colis?úo;Luz do Dia;;;Meio de Quadra;;;0;0;2;1;0;0;0;0;0;0;0;0;;
264665;4;9;2015;08:09;0;AV ENG SANTANA JUNIOR;;;0;;Colis?úo;Luz do Dia;;;Meio de Quadra;;;0;0;2;1;0;0;1;0;0;0;0;0;;
264690;4;9;2015;16:51;0;AV MAE MANOEL MAVIGNIER;;;0;;Colis?úo;Luz do Dia;;;Meio de Quadra;;;0;0;2;1;1;0;0;0;0;0;0;0;;
264691;4;9;2015;16:41;0;AV ABOLICAO;RUA JOAQUIM NABUCO;;0;;Colis?úo;Luz do Dia;;;;;;0;0;2;0;1;0;1;0;0;0;0;0;;
270674;5;9;2015;16:36;0;RUA GAL SAMPAIO;;;486;;Colis?úo;Luz do Dia;;;Meio de Quadra;;;0;0;2;0;0;0;0;0;0;0;0;0;-3,722813000000000;-38,529586000000000
270675;5;9;2015;16:59;26190;AV AUGUSTO DOS ANJOS;RUA SOUSA CARVALHO;;0;;Colis?úo;Luz do Dia;;;T;Pare;Comercial;0;0;2;0;0;0;0;0;0;0;0;0;-3,785105000000000;-38,583417000000000
270676;5;9;2015;17:01;0;RUA FRE TEODORO;;;0;;Colis?úo;Anoitecer;;;Meio de Quadra;;;0;0;2;0;0;0;0;0;0;0;0;0;;
270677;5;9;2015;17:23;0;RUA AZEVEDO BARRETO;;;905;;Colis?úo;Anoitecer;;;Meio de Quadra;;;0;0;2;0;0;0;0;0;0;0;0;0;;
270678;5;9;2015;17:43;0;AV H CJ CEARA;;;1106;;Colis?úo;Anoitecer;;;Meio de Quadra;;;0;0;2;0;0;0;0;0;0;0;0;0;-3,775435000000000;-38,607507000000000
270679;5;9;2015;18:51;0;AV MAJ ASSIS;;;0;;Colis?úo;;;;Meio de Quadra;;;0;0;2;0;0;0;0;0;0;0;0;0;;
270680;5;9;2015;21:23;22905;RUA DR JUSTA ARAUJO D45;RUA PDE NOBREGA;;0;;Colis?úo;;;;;;;0;0;2;0;0;0;0;0;0;0;0;0;-3,782321000000000;-38,552507000000000
270681;5;9;2015;21:24;0;RUA CEL MANUEL ANTONIO LEITE;;;93;;Colis?úo;;;;Meio de Quadra;;;0;0;2;0;0;0;0;0;0;0;0;0;;
270682;5;9;2015;21:55;23424;RUA MON SALAZAR;RUA HERMINIO BARROSO;;0;;Colis?úo;;;;Cruz;Pare;Comercial;0;0;2;0;0;0;0;0;0;0;0;0;-3,755854000000000;-38,511160000000000
270668;5;9;2015;13:16;0;AV H CJ CEARA;;;1530;;Colis?úo;Luz do Dia;;;Meio de Quadra;;;0;0;2;0;0;0;0;0;0;0;0;0;-3,775990000000000;-38,611604000000000
270669;5;9;2015;15:54;0;AV PRS CASTELO BRANCO;;;0;;Atropelamento;Luz do Dia;;;Meio de Quadra;;;0;0;2;0;0;0;0;0;0;0;0;0;;
256158;5;9;2015;09:00;0;RUA PDE PEDRO DE ALENCAR;;;0;;Colis?úo Lateral;Luz do Dia;Bom;Seca;Meio de Quadra;N?úo H?í Controle;Comercial;0;0;2;1;0;0;1;0;0;0;0;0;;
256200;5;9;2015;08:50;3819;AV CARAPINIMA;RUA JUVENAL GALENO;;0;;Colis?úo Transversal;Luz do Dia;Nublado;Seca;Cruz;Sem?íforo;Comercial;0;1;1;0;1;0;0;0;0;1;0;0;-3,738998000000000;-38,539176000000000
256202;5;9;2015;14:30;13537;RUA CAP GUSTAVO;AV SORIANO ALBUQUERQUE;;0;;Colis?úo Transversal;Luz do Dia;Bom;Seca;Cruz;Sem?íforo;Misto;0;0;2;1;0;0;0;0;0;0;0;0;-3,748124000000000;-38,518063000000000
256203;5;9;2015;19:30;7751;RUA ESTADO DO RIO;RUA CEARA;;0;;Colis?úo Transversal;Mal Iluminada;Bom;Seca;Cruz;Pare;Misto;0;1;1;1;0;0;0;0;0;1;0;0;-3,756475000000000;-38,569606000000000
256209;5;9;2015;18:30;5091;RUA GAL SAMPAIO;RUA CASTRO E SILVA;;0;;Atropelamento;Anoitecer;Bom;Seca;Cruz;Sem?íforo;Comercial;0;1;1;1;0;0;0;0;0;0;0;0;-3,723098000000000;-38,529670000000000
256206;5;9;2015;08:00;0;RUA MAXIMINO BARRETO;;;1055;;Colis?úo Traseira;Luz do Dia;Nublado;Seca;Meio de Quadra;Outros;Residencial;0;0;2;1;0;0;1;0;0;0;0;0;-3,824707000000000;-38,507486000000000
256207;5;9;2015;15:20;0;AV GOV PARSIFAL BARROSO;;;0;TUNEL;Colis?úo Lateral;Luz do Dia;Bom;Seca;Meio de Quadra;N?úo H?í Controle;Residencial;0;2;0;0;0;0;0;0;1;1;0;0;;
256227;5;9;2015;21:56;23658;AV SGT HERMINIO SAMPAIO;RUA POMPEU CAVALCANTE;;0;;Colis?úo Traseira;Via Iluminada;Nublado;Seca;Duplo T;Pare;Comercial;0;1;3;1;0;0;0;0;0;1;0;0;-3,726772000000000;-38,562833000000000
256185;5;9;2015;19:50;20129;AV DEP PAULINO ROCHA;RUA POMPILIO GOMES;;0;;Colis?úo Traseira;Via Iluminada;Bom;Seca;Outros;Pare;Comercial;0;1;2;1;0;0;0;0;0;1;0;0;-3,810076000000000;-38,519652000000000
256182;5;9;2015;15:30;23430;RUA MON SALAZAR;RUA CAP MELO;;0;;Colis?úo Transversal;Luz do Dia;Bom;Seca;Cruz;Sem?íforo;Misto;0;1;1;0;0;0;0;0;0;1;0;0;-3,756019000000000;-38,513180000000000
256191;5;9;2015;18:20;0;AV ANTONIO SALES;;;0;;Colis?úo Traseira;Anoitecer;Bom;Seca;Meio de Quadra;N?úo H?í Controle;Comercial;0;0;3;1;0;0;0;0;0;0;0;0;;
256187;5;9;2015;14:00;0;AV DR SILAS MUNGUBA;;;3384;;Colis?úo Transversal;Luz do Dia;Bom;Seca;Meio de Quadra;N?úo H?í Controle;Residencial;0;0;2;1;0;0;0;0;0;0;0;0;-3,789192000000000;-38,543783000000000
256194;5;9;2015;12:00;0;AV AGUANAMBI;;;1470;;Colis?úo Lateral;Luz do Dia;Bom;Seca;Meio de Quadra;N?úo H?í Controle;Comercial;0;0;2;1;0;0;1;0;0;0;0;0;-3,749716000000000;-38,523763000000000
256195;5;9;2015;16:00;0;AV DR SILAS MUNGUBA;;;0;;Colis?úo Transversal;Luz do Dia;Bom;Seca;Meio de Quadra;N?úo H?í Controle;Misto;0;2;0;1;0;0;0;0;0;1;0;0;;
256196;5;9;2015;14:15;0;AV CARNEIRO DE MENDONCA;;;480;;Engavetamento;Luz do Dia;Bom;Seca;Meio de Quadra;N?úo H?í Controle;Misto;0;0;3;1;0;0;0;0;0;0;0;0;-3,765594000000000;-38,563721000000000
256197;5;9;2015;10:30;0;AV GOV RAUL BARBOSA;;;5068;;Colis?úo Traseira;Luz do Dia;Bom;Seca;Meio de Quadra;Sem?íforo;Misto;0;0;2;1;0;0;1;0;0;0;0;0;-3,762394000000000;-38,508301000000000
256162;5;9;2015;12:50;15362;RUA PEREIRA VALENTE;RUA CEL LINHARES;;0;;Colis?úo Transversal;Luz do Dia;Bom;Seca;Cruz;Pare;Residencial;0;0;2;1;0;0;0;0;0;0;0;0;-3,733517000000000;-38,493183000000000
256168;5;9;2015;16:50;7948;AV PONTES VIEIRA;RUA JOAQUIM NABUCO;;0;;Colis?úo Transversal;Via Iluminada;Bom;Seca;Cruz;Sem?íforo Intermitente;Comercial;0;1;1;1;0;0;0;0;0;1;0;0;-3,751917000000000;-38,506628000000000
256165;5;9;2015;08:40;0;AV ABOLICAO;;;0;;Colis?úo Lateral;Luz do Dia;Nublado;Seca;Meio de Quadra;Sem?íforo;Comercial;0;0;2;1;0;0;0;0;0;0;0;0;;
256166;5;9;2015;20:00;13376;RUA JOAO BRIGIDO;RUA GONCALVES LEDO;;0;;Outros;Via Iluminada;Bom;Seca;Cruz;Pare;Residencial;0;0;2;1;0;0;0;0;0;0;0;0;-3,739611000000000;-38,518955000000000
256175;5;9;2015;12:00;0;RUA ILDEFONSO ALBANO;;;2475;;Colis?úo Traseira;;Bom;Seca;Meio de Quadra;N?úo H?í Controle;Residencial;0;0;2;1;0;0;0;0;0;0;0;0;-3,742923000000000;-38,516463000000000
256176;5;9;2015;12:30;0;RUA PDE PEDRO DE ALENCAR;;;0;;Colis?úo Lateral;Luz do Dia;Bom;Seca;Meio de Quadra;N?úo H?í Controle;Comercial;0;1;1;1;0;0;0;0;0;1;0;0;;
256177;5;9;2015;14:00;1338;AV BAR STUDART;RUA TORRES CAMARA;;0;;Colis?úo Transversal;Luz do Dia;Bom;Seca;Cruz;Sem?íforo;Comercial;0;0;2;1;0;0;0;0;0;0;0;0;-3,735624000000000;-38,506944000000000
256173;5;9;2015;14:00;23606;RUA MAJ VERISSIMO;RUA BAR CRATO;;0;;Colis?úo Lateral;Luz do Dia;Bom;Seca;Cruz;Pare;Comercial;0;2;0;1;0;0;0;0;0;1;0;0;-3,722084000000000;-38,562705000000000
256171;5;9;2015;07:45;0;AV CARAPINIMA;;;2306;;Colis?úo Lateral;Luz do Dia;Chuva;Molhada;Meio de Quadra;N?úo H?í Controle;Comercial;0;1;1;1;0;0;0;0;0;1;0;0;-3,740113000000000;-38,540353000000000
266104;5;9;2015;20:30;0;AV MIN JOSE AMERICO;;;0;CAMBEBA;Colis?úo;;;;Meio de Quadra;;;0;1;0;1;0;0;0;0;0;1;0;0;;
259230;5;9;2015;17:30;0;RD BR 116;;;13000;KM-13;Colis?úo Traseira;Anoitecer;Bom;Seca;Meio de Quadra;N?úo H?í Controle;Comercial;0;1;1;1;0;0;0;0;0;1;0;0;-3,864670000000000;-38,497727000000000
259265;5;9;2015;22:05;0;RD BR 222;;;0;KM-01;Atropelamento;Via Iluminada;Bom;Seca;Meio de Quadra;N?úo H?í Controle;Comercial;0;1;1;1;0;0;0;0;0;0;0;0;-3,737774000000000;-38,577952000000000
265644;5;9;2015;04:32;0;RUA DR ALFREDO WEYNE D14;RUA GAL SILVA JUNIOR;;0;;Atropelamento;;;;;;;0;1;1;0;0;0;0;0;0;1;0;0;;
265647;5;9;2015;05:01;0;AV JOR THOMAZ COELHO;;;425;;Colis?úo;Amanhecer;;;Meio de Quadra;;;0;1;0;1;0;0;0;0;0;1;0;0;-3,832407000000000;-38,498311000000000
265640;5;9;2015;01:36;0;AV GODOFREDO MACIEL;;;0;;Queda;;;;Meio de Quadra;;;0;1;0;0;0;0;0;0;0;1;0;0;;
265779;5;9;2015;18:37;0;AV WASHINGTON SOARES;;;0;;Colis?úo;;;;Meio de Quadra;;;0;1;0;1;0;0;0;0;0;1;0;0;;
265780;5;9;2015;19:47;0;RUA SEN ROBERT KENNEDY;;;325;;Colis?úo;;;;Meio de Quadra;;;0;1;0;1;0;0;0;0;0;1;0;0;-3,702939000000000;-38,578479000000000
265782;5;9;2015;21:46;0;AV SGT HERMINIO SAMPAIO;;;2500;;Colis?úo;;;;Meio de Quadra;;;0;1;0;1;0;0;0;0;0;1;0;0;-3,726761000000000;-38,562752000000000
265786;5;9;2015;22:56;0;AV JOVITA FEITOSA;;;1164;;Atropelamento;;;;Meio de Quadra;;;0;1;0;1;0;0;0;0;0;0;0;0;-3,739430000000000;-38,554316000000000
265663;5;9;2015;07:22;0;AL AMALIA MARIA;;;147;;Queda;Luz do Dia;;;Meio de Quadra;;;0;1;0;0;0;0;0;0;0;1;0;0;-3,749450000000000;-38,469315000000000
265714;5;9;2015;17:20;0;AV PERIMETRAL;;;0;;Colis?úo;Anoitecer;;;Meio de Quadra;;;0;1;0;0;0;0;0;0;0;1;0;0;;
265712;5;9;2015;17:09;2755;RUA CEL VIRGILIO NOGUEIRA (BOM JARDIM);RUA BOM JESUS (GRANJA LISBOA);;0;;Colis?úo;Anoitecer;;;Cruz;Cancela;Misto;0;1;0;1;0;0;0;0;0;1;0;0;-3,791684000000000;-38,609686000000000
265718;5;9;2015;17:24;0;AV PRS CASTELO BRANCO;;;0;;Colis?úo;Anoitecer;;;Meio de Quadra;;;0;1;0;0;0;0;0;0;0;0;0;0;;
265720;5;9;2015;17:49;0;RUA PDE PEDRO DE ALENCAR;RUA TEN JURANDIR ALENCAR;;0;;Atropelamento;Anoitecer;;;;;;0;1;1;0;0;0;0;0;0;1;0;0;;
265721;5;9;2015;17:52;0;RUA CEARA;;;664;;Colis?úo;Anoitecer;;;Meio de Quadra;;;0;1;0;1;0;0;0;0;0;1;0;0;-3,760190000000000;-38,563828000000000
265707;5;9;2015;16:30;0;AV JOSE JATAHY;;;1632;;Colis?úo;Luz do Dia;;;Meio de Quadra;;;0;1;0;1;0;0;0;0;0;1;0;0;;
265702;5;9;2015;15:18;0;AV ENG HUMBERTO MONTE;;;0;;Colis?úo;Luz do Dia;;;Meio de Quadra;;;0;1;0;0;0;0;0;0;0;0;0;0;;
265700;5;9;2015;15:16;0;RUA JOAO RAMALHO;;;4820;;Colis?úo;Luz do Dia;;;Meio de Quadra;;;0;1;0;1;0;0;0;0;0;1;0;0;;
265698;5;9;2015;13:49;0;AV BEZERRA DE MENEZES;;;2450;;Atropelamento;Luz do Dia;;;Meio de Quadra;;;0;1;0;0;0;0;0;0;0;1;0;0;-3,736003000000000;-38,566148000000000
265649;5;9;2015;05:40;0;RUA DES JOSE PASSOS FILHO;;;0;;Colis?úo;Amanhecer;;;Meio de Quadra;;;0;1;0;1;0;0;0;0;0;0;0;0;;
265655;5;9;2015;05:57;5340;AV DUQ CAXIAS;RUA VINTE E QUATRO DE MAIO;;0;;Colis?úo;Amanhecer;;;Cruz;Sem?íforo;Comercial;0;1;0;0;0;0;0;0;0;1;0;0;-3,730708000000000;-38,533230000000000
265676;5;9;2015;08:19;0;RUA PRO RAIMUNDO ARRUDA;;;32;;Colis?úo;Luz do Dia;;;Meio de Quadra;;;0;1;0;1;0;0;0;0;0;1;0;0;-3,733436000000000;-38,552088000000000
265681;5;9;2015;12:15;0;AV SGT HERMINIO SAMPAIO;;;1631;;Colis?úo;Luz do Dia;;;Meio de Quadra;;;0;1;0;0;0;0;0;0;0;0;0;0;-3,725402000000000;-38,555285000000000
265673;5;9;2015;08:10;0;AV JOVITA FEITOSA;;;125;;Colis?úo;Luz do Dia;;;Meio de Quadra;;;0;1;0;1;0;0;0;0;0;1;0;0;-3,737452000000000;-38,544828000000000
265670;5;9;2015;07:49;3820;AV 13 DE MAIO;AV CARAPINIMA;;0;;Colis?úo;Luz do Dia;;;Cruz;Sem?íforo;Comercial;0;1;0;1;0;0;0;0;0;1;0;0;-3,740001000000000;-38,540239000000000
270804;5;9;2015;23:02;9131;RUA BAR ARATANHA;AV 13 DE MAIO;;0;;Colis?úo;;;;Cruz;Sem?íforo;Comercial;0;0;2;0;0;0;0;0;0;0;0;0;-3,747615000000000;-38,531331000000000
270800;5;9;2015;23:01;0;AV CEL CARVALHO;;;0;;Colis?úo;;;;Meio de Quadra;;;0;0;2;0;0;0;0;0;0;0;0;0;;
270797;5;9;2015;21:57;0;RUA CON DE CASTRO;;;0;;Colis?úo;;;;Meio de Quadra;;;0;0;2;0;0;0;0;0;0;0;0;0;;
270807;5;9;2015;21:00;0;RUA SEN ROBERT KENNEDY;;;325;;Atropelamento;;;;Meio de Quadra;;;0;0;2;0;0;0;0;0;0;0;0;0;-3,702939000000000;-38,578479000000000
274306;5;9;2015;23:50;24988;RUA TAVARES COUTINHO;RUA FRE MANSUETO;;0;;Colis?úo Lateral;Luz do Dia;;;Cruz;Sem?íforo Intermitente;Comercial;0;0;2;1;0;0;0;0;0;0;0;0;-3,732638000000000;-38,488784000000000
270809;6;9;2015;12:43;0;RUA FRIEZIO BARROSO;;;785;;Colis?úo;Luz do Dia;;;Meio de Quadra;;;0;0;2;0;0;0;0;0;0;0;0;0;-3,812713000000000;-38,561744000000000
270829;6;9;2015;16:11;0;AV DIOGUINHO;;;0;;Colis?úo;Luz do Dia;;;Meio de Quadra;;;0;0;2;0;0;0;0;0;0;0;0;0;;
270831;6;9;2015;16:43;0;AV CEL CARVALHO;;;0;;Colis?úo;Luz do Dia;;;Meio de Quadra;;;0;0;2;0;0;0;0;0;0;0;0;0;;
270839;6;9;2015;18:37;0;RUA ALINE VIEIRA COLARES;;;398;;Colis?úo;;;;Meio de Quadra;;;0;0;2;0;0;0;0;0;0;0;0;0;-3,733890000000000;-38,595792000000000
265789;6;9;2015;03:34;0;AV PRO MURILO DA SILVEIRA;;;455;;Queda;;;;Meio de Quadra;;;0;1;0;0;0;0;0;0;0;1;0;0;;
265790;6;9;2015;05:55;0;AV ALBERTO CRAVEIRO;;;1175;;Queda;Amanhecer;;;Meio de Quadra;;;0;1;0;0;0;0;0;0;0;1;0;0;-3,790888000000000;-38,517131000000000
265791;6;9;2015;05:56;0;RUA HOLANDA;;;2045;;Colis?úo;Amanhecer;;;Meio de Quadra;;;0;1;0;0;0;0;0;0;0;0;0;0;;
265792;6;9;2015;06:06;8125;RUA MANUEL DE QUEIROZ;RUA BENTO ALBUQUERQUE;;0;;Colis?úo;Luz do Dia;;;Cruz;Pare;Misto;0;1;0;1;0;0;0;0;0;1;0;0;-3,748837000000000;-38,467393000000000
265793;6;9;2015;09:58;0;RUA CEL QUEIROZ;;;350;;Atropelamento de Animal;Luz do Dia;;;Meio de Quadra;;;0;1;0;1;0;0;0;0;0;0;0;0;;
265808;6;9;2015;16:48;0;RUA PEDRO MELO;;;26;;Colis?úo;Luz do Dia;;;Meio de Quadra;;;0;1;0;1;0;0;0;0;0;1;0;0;;
265809;6;9;2015;18:41;0;RUA DR QUIXADA FELICIO;;;431;;Colis?úo;;;;Meio de Quadra;;;0;1;0;1;0;0;0;0;0;1;0;0;-3,709619000000000;-38,597056000000000
265798;6;9;2015;12:50;0;RUA PORTO VELHO;;;1828;;Queda;Luz do Dia;;;Meio de Quadra;;;0;1;0;0;0;0;0;0;0;1;0;0;-3,761996000000000;-38,594618000000000
265806;6;9;2015;16:45;13031;RUA 51 CJ JOSE WALTER;RUA 20 CJ JOSE WALTER;;0;;Atropelamento;Luz do Dia;;;;;;0;1;0;0;0;0;0;0;0;1;0;0;-3,826215000000000;-38,553284000000000
265795;6;9;2015;10:59;0;AV WASHINGTON SOARES;;;0;;Colis?úo;Luz do Dia;;;Meio de Quadra;;;0;1;0;1;0;1;0;0;0;0;0;0;;
265801;6;9;2015;15:08;0;RUA ALTANEIRA;;;709;;Colis?úo;Luz do Dia;;;Meio de Quadra;;;0;1;0;1;0;0;0;0;0;1;0;0;;
265802;6;9;2015;15:43;18297;AV ALM BARROSO;RUA SEN ALMINO;;0;;Queda;Luz do Dia;;;Cruz;N?úo H?í Controle;Comercial;0;1;0;0;0;0;0;0;0;1;0;0;-3,720549000000000;-38,517858000000000
265803;6;9;2015;16:16;0;RUA PRO HERIBALDO COSTA;;;0;;Colis?úo;Luz do Dia;;;Meio de Quadra;;;0;1;0;0;0;0;0;0;0;0;0;0;;
265818;6;9;2015;19:10;0;AV CASTELO DE CASTRO;;;1017;;Atropelamento;;;;Meio de Quadra;;;1;0;1;0;0;0;0;0;0;1;0;0;-3,838463000000000;-38,521733000000000
265825;6;9;2015;20:12;17579;RUA ESPIRITO SANTO;RUA PIAUI;;0;;Colis?úo;;;;Cruz;N?úo H?í Controle;Comercial;0;1;0;0;0;0;0;0;0;1;0;0;-3,750946000000000;-38,566924000000000
269639;6;9;2015;18:15;26241;AV LAURO VIEIRA CHAVES;RUA JOAO BOSCO (AEROPORTO);;0;;Colis?úo;Anoitecer;;;;;;1;0;1;0;0;1;0;0;0;0;0;0;;
266105;6;9;2015;21:30;0;RUA DR ESTENIO GOMES;;;0;;Colis?úo;;;;Meio de Quadra;;;0;1;0;0;0;0;0;0;0;1;0;0;;
265831;6;9;2015;21:07;0;AV LINEU MACHADO;;;1570;;Atropelamento;;;;Meio de Quadra;;;0;2;0;0;0;0;0;0;0;1;0;0;-3,773333000000000;-38,580749000000000
256229;6;9;2015;04:38;0;AV JOVITA FEITOSA;;;80;;Choque c/ Obst?ículo Fixo;Via Iluminada;Bom;Seca;Meio de Quadra;N?úo H?í Controle;Comercial;0;1;0;0;0;0;0;0;0;0;0;0;-3,737421000000000;-38,544668000000000
256224;6;9;2015;21:30;25025;AV AUGUSTO DOS ANJOS;RUA EMILIO DE MENESES;;0;;Colis?úo Transversal;Via Iluminada;Bom;Seca;T;Sem?íforo;Comercial;0;2;0;0;1;0;0;0;0;1;0;0;-3,783313000000000;-38,581896000000000
256226;6;9;2015;17:05;17277;AV PRO GOMES DE MATOS;RUA SATIRO DIAS;;0;;Colis?úo Transversal;Via Iluminada;Bom;Seca;Cruz;Sem?íforo;Comercial;0;0;2;1;0;0;0;0;0;0;0;0;-3,762623000000000;-38,546868000000000
256219;6;9;2015;11:10;15204;AV ABOLICAO;RUA JULIO IBIAPINA;;0;;Colis?úo Transversal;Via Iluminada;Bom;Seca;Cruz;Sem?íforo;Comercial;0;0;2;1;0;0;0;0;0;0;0;0;-3,726679000000000;-38,491290000000000
256221;6;9;2015;21:00;25006;RUA BENI DE CARVALHO;RUA LEONARDO MOTA;;0;;Colis?úo Lateral;Via Iluminada;Bom;Seca;Cruz;Sem?íforo;Residencial;0;0;2;1;0;0;0;0;0;0;0;0;-3,744739000000000;-38,498931000000000
256217;6;9;2015;22:00;0;RUA GUSTAVO BRAGA;;;163;;Choque c/ Obst?ículo Fixo;Via Iluminada;Bom;Seca;Meio de Quadra;N?úo H?í Controle;Residencial;0;0;1;1;0;0;0;0;0;0;0;0;-3,750623000000000;-38,553039000000000
256238;6;9;2015;20:15;0;RUA TEN BENEVOLO;;;1052;;Colis?úo Traseira;Via Iluminada;Bom;Seca;Meio de Quadra;Outros;Comercial;0;0;2;1;1;0;0;0;0;0;0;0;-3,727140000000000;-38,511782000000000
256234;6;9;2015;07:10;25450;RUA LIGIA MONTE;AV PDE ANTONIO TOMAS;;0;;Colis?úo Transversal;Luz do Dia;Bom;Seca;Cruz;Sem?íforo;Residencial;0;0;2;1;0;0;0;0;0;0;0;0;;
256235;6;9;2015;17:20;0;RUA PRA FRANCISCA ALMEIDA DE SOUSA;;;330;;Choque c/ Obst?ículo Fixo;Via Iluminada;Bom;Seca;Meio de Quadra;Outros;Residencial;0;0;3;1;0;0;0;0;0;0;0;0;;
256247;6;9;2015;08:00;9077;AV AGUANAMBI;RUA BONFIM SOBRINHO;;0;;Colis?úo Transversal;Luz do Dia;Bom;Seca;Cruz;Pare;Comercial;0;0;2;1;0;0;0;0;0;0;0;0;-3,751039000000000;-38,523551000000000
256248;6;9;2015;14:30;9055;AV VIS RIO BRANCO;RUA ARTHUR TEMOTEO;;0;;Colis?úo Traseira;Luz do Dia;Bom;Seca;Cruz;Pare;Comercial;0;0;2;1;0;0;0;0;0;0;0;0;-3,745349000000000;-38,522164000000000
256254;6;9;2015;16:30;0;RUA ALTANEIRA;;;703;;Colis?úo Frontal;Luz do Dia;Bom;Seca;Meio de Quadra;N?úo H?í Controle;Residencial;0;1;1;0;0;0;0;0;0;1;0;0;;
256262;6;9;2015;13:30;10750;TR SEN FERNANDES TAVORA;RUA PRO MIRAMAR DA PONTE;;0;;Colis?úo Transversal;Luz do Dia;Bom;Seca;Cruz;Sem?íforo;Comercial;0;1;1;0;0;0;0;0;0;1;0;0;-3,761079000000000;-38,585407000000000
256265;6;9;2015;16:00;5438;RUA METON DE ALENCAR;RUA ASSUNCAO;;0;;Colis?úo Transversal;Luz do Dia;Bom;Seca;Cruz;Pare;Comercial;0;0;2;1;0;0;0;0;0;0;0;0;-3,734332000000000;-38,528594000000000
256274;6;9;2015;20:50;0;AV ALM BARROSO;;;0;;Colis?úo Traseira;Via Iluminada;Bom;Seca;Meio de Quadra;Sem?íforo;Residencial;0;0;2;1;0;0;0;0;0;0;0;0;;
256269;6;9;2015;19:00;15301;RUA SILVA PAULET;RUA TEN BENEVOLO;;0;;Colis?úo Transversal;Via Iluminada;Bom;Seca;Cruz;Pare;Residencial;0;1;1;1;0;0;0;0;0;1;0;0;-3,729724000000000;-38,503888000000000