COD_ACIDENTE;DIA;MES;ANO;HORA;INTERSECAO;LOG1;LOG2;LOG3;NUMERO;REFERENCIA;NATUREZA;ILUMINACAO;TEMPO;SUPERFICIEPISTA;TIPOCRUZAMENTO;CONTROLETRAFEGO;USOSOLO;MORTOS;FERIDOS;ILESOS;AUTOMOVEL;ONIBUS;BICICLETA;CAMINHAO;MICROONIBUS;CICLOMOTOR;MOTOCICLETA;TRACAOANIMAL;TREM;LATITUDE;LONGITUDE
264773;6;9;2015;12:59;0;RUA GUILHERME PESSOA;;;0;;Colis?úo;Luz do Dia;;;Meio de Quadra;;;0;0;2;1;0;0;0;0;0;0;0;0;;
264774;6;9;2015;22:35;0;AV ENG LEAL LIMA VERDE (SAPIRANGA/COITE);AV MAE LISBOA;;0;;Colis?úo;;;;;;;0;0;2;1;0;0;0;0;0;0;0;0;;
256240;7;9;2015;13:30;35;RUA PEDRO MELO;RUA JOAQUIM LEITAO;;0;;Colis?úo Transversal;Luz do Dia;Bom;Seca;Cruz;Pare;Residencial;0;0;2;1;0;0;0;0;0;0;0;0;-3,744174000000000;-38,592100000000000
265847;7;9;2015;00:23;0;RUA VALPARAISO;;;427;;Queda;;;;Meio de Quadra;;;0;1;0;0;0;0;0;0;0;1;0;0;-3,845266000000000;-38,524471000000000
265853;7;9;2015;00:27;0;AV MR HULL;;;506;;Colis?úo;;;;Meio de Quadra;;;0;1;0;1;0;0;0;0;0;0;0;0;;
265873;7;9;2015;13:52;25000;RUA COSTA BARROS;AV DOM MANUEL;;0;;Colis?úo;Luz do Dia;;;Cruz;Sem?íforo;Residencial;0;1;0;1;0;0;0;0;0;1;0;0;-3,727381000000000;-38,520793000000000
265867;7;9;2015;10:50;25119;RUA BAR AQUIRAZ;RUA MIGUEL COUTO;;0;;Colis?úo;Luz do Dia;;;Cruz;Pare;Residencial;0;1;0;1;0;0;0;0;0;1;0;0;-3,837441000000000;-38,487996000000000
265871;7;9;2015;11:33;2614;AV CEL CARVALHO;RUA DES HERMES PARAHYBA;;0;;Colis?úo;Luz do Dia;;;Cruz;Sem?íforo;Misto;0;1;0;1;0;0;0;0;0;1;0;0;-3,713855000000000;-38,588830000000000
265855;7;9;2015;00:44;12469;RUA MELO DE OLIVEIRA;RUA DES GOMES PARENTE;;0;;Colis?úo;;;;Cruz;Pare;Comercial;0;1;0;1;0;0;0;0;0;1;0;0;-3,773360000000000;-38,578654000000000
265856;7;9;2015;07:43;0;RUA CASTRO E SILVA;;;0;;Colis?úo;Luz do Dia;;;Meio de Quadra;;;0;1;0;1;0;0;0;0;0;1;0;0;;
265890;7;9;2015;16:58;25487;RUA VIRGILIO NOGUEIRA PAES;RUA BOM JESUS (GRANJA LISBOA);;0;;Colis?úo;Luz do Dia;;;Cruz;Pare;Comercial;0;1;0;1;0;0;0;0;0;1;0;0;-3,791684000000000;-38,609686000000000
265893;7;9;2015;18:46;2766;RUA BOM JESUS (GRANJA LISBOA);RUA ZACARIAS FLORINDO;;0;;Colis?úo;;;;Cruz;Pare;Residencial;0;1;0;0;0;0;0;0;0;0;0;0;-3,792274000000000;-38,607869000000000
265886;7;9;2015;14:23;0;RUA CEL FRANCISCO ALVES RIBEIRO;;;355;;Colis?úo;Luz do Dia;;;Meio de Quadra;;;0;1;0;1;0;0;0;0;0;1;0;0;;
265876;7;9;2015;14:00;0;RUA ASP MENDES;;;16;;Colis?úo;Luz do Dia;;;Meio de Quadra;;;0;1;0;1;0;1;0;0;0;0;0;0;-3,760982000000000;-38,515594000000000
265920;7;9;2015;23:37;0;RUA URUCUTUBA;;;163;RESIDENCIAL BOM JARDIM;Queda;;;;Meio de Quadra;;;0;1;0;0;0;0;0;0;0;1;0;0;-3,798277000000000;-38,597284000000000
265896;7;9;2015;19:05;0;RUA JANDIRA;;;0;;Colis?úo;;;;Meio de Quadra;;;0;1;0;1;0;1;0;0;0;0;0;0;;
265898;7;9;2015;20:46;0;AV GENIBAU;;;806;;Queda;;;;Meio de Quadra;;;0;1;0;0;0;0;0;0;0;1;0;0;-3,760287000000000;-38,602486000000000
265899;7;9;2015;20:51;0;RUA PERILIO TEIXEIRA;;;410;;Queda;;;;Meio de Quadra;;;0;1;0;0;0;0;0;0;0;1;0;0;;
265903;7;9;2015;21:33;15306;RUA LEONARDO MOTA;RUA ANA BILHAR;;0;;Colis?úo;;;;Cruz;Sem?íforo;Residencial;0;1;0;1;0;0;0;0;0;1;0;0;-3,729944000000000;-38,494191000000000
265901;7;9;2015;20:53;0;AV BEZERRA DE MENEZES;;;233;;Colis?úo;;;;Meio de Quadra;;;0;1;0;0;0;0;0;0;0;0;0;0;-3,732134000000000;-38,547436000000000
269715;7;9;2015;07:30;0;AV JOR THOMAZ COELHO;;;3000;MOTEL 3000;Queda;Luz do Dia;;;Meio de Quadra;;;1;0;0;0;0;0;0;0;0;1;0;0;-3,828868000000000;-38,521968000000000
256313;7;9;2015;15:00;0;RUA VINTE QUATRO DE MAIO;;;540;;Colis?úo Transversal;Via Iluminada;Bom;Seca;Meio de Quadra;N?úo H?í Controle;Residencial;0;1;1;1;0;0;0;0;0;0;0;0;-3,840414000000000;-38,575030000000000
256323;7;9;2015;20:30;17394;RUA CEL ALEXANDRINO;RUA QUEIROZ RIBEIRO;;0;;Colis?úo Lateral;Via Iluminada;Bom;Seca;Cruz;Sem?íforo;Comercial;0;0;2;1;0;0;1;0;0;0;0;0;-3,767401000000000;-38,549675000000000
256333;7;9;2015;17:40;348;RUA CESAR FONTENELE;RUA PRO LINO ENCARNACAO;;0;;Colis?úo Transversal;Via Iluminada;Bom;Seca;Cruz;Outros;Residencial;0;0;2;1;0;0;0;0;0;0;0;0;-3,746359000000000;-38,559596000000000
256340;7;9;2015;14:40;16274;RUA MONTE LIBANO;RUA LEITAO CERQUEIRA;;0;;Colis?úo Frontal;Luz do Dia;Bom;Seca;T;N?úo H?í Controle;Comercial;0;0;2;0;1;0;0;0;0;1;0;0;-3,828908000000000;-38,565169000000000
256345;7;9;2015;08:40;0;AV GAL OSORIO DE PAIVA;;;4153;PONTE DO SIQUEIRA;Colis?úo Lateral;Luz do Dia;Bom;Seca;Outros;N?úo H?í Controle;Comercial;0;0;2;1;0;0;0;0;0;0;0;0;-3,793891000000000;-38,591513000000000
256363;7;9;2015;09:45;0;AV ABOLICAO;;;3090;;Colis?úo Traseira;Luz do Dia;Bom;Seca;Meio de Quadra;Outros;Residencial;0;0;2;1;0;0;0;0;0;0;0;0;-3,726692000000000;-38,491371000000000
256353;7;9;2015;05:30;18299;RUA JOSE AVELINO;RUA SEN ALMINO;;0;;Colis?úo Lateral;Luz do Dia;Bom;Seca;Cruz;Pare;Misto;0;1;1;1;0;0;0;0;0;0;0;0;-3,722476000000000;-38,517954000000000
256349;7;9;2015;13:05;9246;AV 13 DE MAIO;RUA BAR RIO BRANCO;;0;;Colis?úo Transversal;Luz do Dia;Bom;Seca;Cruz;Sem?íforo;Comercial;0;0;2;1;1;0;0;0;0;0;0;0;-3,745129000000000;-38,534255000000000
256369;7;9;2015;14:00;0;RUA CEL FRANCISCO ALVES RIBEIRO;;;397;;Colis?úo Lateral;Luz do Dia;Bom;Seca;Meio de Quadra;;Comercial;0;1;1;1;0;0;0;0;0;1;0;0;;
256372;7;9;2015;16:00;25163;RUA SAO FRANCISCO D34;RUA MARIA JULIA ROCHA;;0;;Colis?úo Lateral;Luz do Dia;Bom;Seca;Cruz;Pare;Comercial;0;2;1;1;0;0;0;0;0;1;0;0;-3,800920000000000;-38,602742000000000
256379;7;9;2015;15:05;3778;AV DA UNIVERSIDADE;RUA ANTONIO POMPEU;;0;;Colis?úo Frontal;Luz do Dia;Bom;Seca;Cruz;Sem?íforo;Comercial;0;0;2;1;0;0;0;0;0;1;0;0;-3,734083000000000;-38,532908000000000
256384;7;9;2015;18:50;0;AV CEL CARVALHO;;;210;TERMINAL ANTONIO BEZERRA;Engavetamento;Via Iluminada;Bom;Seca;Meio de Quadra;N?úo H?í Controle;Outros;0;0;3;1;0;0;0;0;0;0;0;0;-3,704697000000000;-38,591232000000000
256398;7;9;2015;09:30;13532;RUA CARLOS VASCONCELOS;RUA PDE CHEVALIER;;0;;Colis?úo Transversal;Luz do Dia;Bom;Seca;Cruz;Pare;Comercial;0;0;2;1;0;0;0;0;0;0;0;0;-3,747797000000000;-38,515636000000000
256394;7;9;2015;21:00;0;RUA ROCHA LIMA;;;720;;Colis?úo Traseira;Via Iluminada;Bom;Seca;Meio de Quadra;N?úo H?í Controle;Residencial;0;0;2;1;0;0;0;0;0;0;0;0;-3,737691000000000;-38,518227000000000
256388;7;9;2015;19:00;2766;RUA BOM JESUS (GRANJA LISBOA);RUA ZACARIAS FLORINDO;;0;;Colis?úo Transversal;Via Iluminada;Bom;Seca;Cruz;Pare;Residencial;1;1;1;0;1;0;0;0;0;1;0;0;-3,792274000000000;-38,607869000000000
270853;7;9;2015;20:14;0;RUA RISO DO PRADO;;;0;;Queda;;;;Meio de Quadra;;;0;0;1;0;0;0;0;0;0;1;0;0;;
270860;7;9;2015;20:34;15648;RUA AFONSO HENRIQUE;RUA TOME DE SOUZA;;0;;Colis?úo;;;;;;;0;0;2;0;0;0;0;0;0;0;0;0;-3,825282000000000;-38,485750000000000
270857;7;9;2015;20:33;0;RUA JOAQUIM DOS ANJOS;;;0;;Atropelamento;;;;Meio de Quadra;;;0;0;2;0;0;0;0;0;0;0;0;0;;
270864;7;9;2015;22:29;0;AV PRS CASTELO BRANCO;;;0;;Colis?úo;;;;Meio de Quadra;;;0;0;2;0;0;0;0;0;0;0;0;0;;
270880;8;9;2015;10:32;0;RUA CANAL;;;328;;Colis?úo;Luz do Dia;;;Meio de Quadra;;;0;0;2;0;0;0;0;0;0;0;0;0;;
270900;8;9;2015;11:13;8934;AV DOMINGOS OLIMPIO;RUA PDE MORORO;;0;;Colis?úo;Luz do Dia;;;Cruz;Pare;Residencial;0;0;2;0;0;0;0;0;0;0;0;0;-3,733752000000000;-38,539949000000000
270895;8;9;2015;11:10;3769;AV DOMINGOS OLIMPIO;RUA SEN POMPEU;;0;;Colis?úo;Luz do Dia;;;Cruz;Sem?íforo;Comercial;0;0;2;0;0;0;0;0;0;0;0;0;-3,736254000000000;-38,532455000000000
270891;8;9;2015;11:12;0;RUA CON DE CASTRO;;;0;;Colis?úo;Luz do Dia;;;Meio de Quadra;;;0;0;2;0;0;0;0;0;0;0;0;0;;
270909;8;9;2015;15:12;0;RUA MARIA GOMES DE SA;;;1155;;Colis?úo;Luz do Dia;;;Meio de Quadra;;;0;0;2;0;0;0;0;0;0;0;0;0;;
270906;8;9;2015;11:30;0;AV AUGUSTO DOS ANJOS;;;854;;Colis?úo;Luz do Dia;;;Meio de Quadra;;;0;0;2;0;0;0;0;0;0;0;0;0;-3,775324000000000;-38,574881000000000
270904;8;9;2015;11:15;0;RUA PDE IBIAPINA;;;1449;;Colis?úo;Luz do Dia;;;Meio de Quadra;;;0;0;2;0;0;0;0;0;0;0;0;0;;
270914;8;9;2015;17:28;0;RUA ESTADO DO RIO;;;788;;Colis?úo;Anoitecer;;;Meio de Quadra;;;0;0;2;0;0;0;0;0;0;0;0;0;-3,757897000000000;-38,570479000000000
270912;8;9;2015;17:08;10714;RUA FLORIANOPOLIS;RUA NATAL;;0;;Colis?úo;Anoitecer;;;Cruz;Pare;Residencial;0;0;2;0;0;0;0;0;0;0;0;0;-3,758929000000000;-38,590702000000000
270923;8;9;2015;17:51;0;RUA BETEL;;;1233;;Colis?úo;Anoitecer;;;Meio de Quadra;;;0;0;2;0;0;0;0;0;0;0;0;0;;
270934;8;9;2015;22:54;0;AV DR SILAS MUNGUBA;;;0;;Colis?úo;;;;Meio de Quadra;;;0;0;2;0;0;0;0;0;0;0;0;0;;
256395;8;9;2015;18:00;5670;AV JOSE LEON;RUA VALTER DE CASTRO;;0;;;Anoitecer;;;Cruz;Pare;Residencial;0;0;2;1;0;0;0;0;0;0;0;0;-3,789977000000000;-38,492848000000000
256408;8;9;2015;15:10;0;AV BEZERRA DE MENEZES;;;2141;;Colis?úo Traseira;Luz do Dia;Bom;Seca;Meio de Quadra;N?úo H?í Controle;Comercial;0;0;2;1;0;0;0;0;0;0;0;0;-3,735572000000000;-38,563998000000000
256400;8;9;2015;14:30;0;RUA LICURGO MONTENEGRO;;;0;;Colis?úo Transversal;Luz do Dia;Bom;Seca;Meio de Quadra;Pare;Residencial;0;0;2;1;0;0;0;0;0;0;0;0;;
256415;8;9;2015;13:00;24967;AV SANTOS DUMONT;AV ALM HENRIQUE SABOIA;;0;;Colis?úo Lateral;Luz do Dia;Bom;Seca;Outros;N?úo H?í Controle;Comercial;0;0;2;0;1;0;0;0;0;0;0;0;-3,739751000000000;-38,487482000000000
256411;8;9;2015;09:00;3788;RUA WALDERY UCHOA;RUA PDE FRANCISCO PINTO;;0;;Colis?úo Transversal;Luz do Dia;;;Cruz;Pare;Residencial;0;1;1;1;0;0;0;0;0;1;0;0;-3,744299000000000;-38,539138000000000
256383;8;9;2015;17:15;5159;AV IMPERADOR;RUA GUILHERME ROCHA;;0;;Colis?úo Traseira;Via Iluminada;Bom;Seca;Cruz;Sem?íforo;Comercial;0;1;1;1;0;0;0;0;0;1;0;0;-3,725081000000000;-38,533829000000000
256386;8;9;2015;09:30;22717;RUA EUCLIDES O DE SOUSA;RUA BILL CARTAXO;;0;;Colis?úo Transversal;Luz do Dia;Bom;Seca;Cruz;Pare;Escola;0;1;1;1;0;0;0;0;0;1;0;0;-3,797710000000000;-38,473793000000000
256381;8;9;2015;07:20;4180;RUA PEDRO ARTUR;RUA STA ROSA D20/21 (JACARECANGA);;0;;Colis?úo Transversal;Luz do Dia;Bom;Seca;Cruz;N?úo H?í Controle;Residencial;0;0;2;1;0;0;0;0;0;0;0;0;-3,712906000000000;-38,553342000000000
256377;8;9;2015;05:30;5504;RUA JOAO CORDEIRO;RUA PDE VALDEVINO;;0;;Colis?úo Transversal;Amanhecer;Bom;Seca;Cruz;Sem?íforo;Residencial;0;1;1;1;0;0;0;0;0;1;0;0;-3,738896000000000;-38,517550000000000
256373;8;9;2015;14:30;0;AV ENG SANTANA JUNIOR;;;0;;Choque c/ Obst?ículo Fixo;Luz do Dia;;;Meio de Quadra;;;0;0;1;1;0;0;0;0;0;0;0;0;;
256374;8;9;2015;19:30;9257;AV AGUANAMBI;RUA CEL PERGENTINO FERREIRA;;0;;Atropelamento;Via Iluminada;Bom;Seca;Cruz;N?úo H?í Controle;Comercial;0;1;1;0;0;0;0;0;0;1;0;0;-3,748634000000000;-38,524049000000000
256368;8;9;2015;10:20;0;AV ALBERTO CRAVEIRO;;;130;;Colis?úo Lateral;Luz do Dia;Bom;Seca;Meio de Quadra;N?úo H?í Controle;Comercial;0;0;2;1;0;0;1;0;0;0;0;0;;
256371;8;9;2015;13:20;0;RUA COSTA BARROS;;;50;;Colis?úo Lateral;Luz do Dia;Bom;Seca;Meio de Quadra;N?úo H?í Controle;Comercial;0;0;2;1;0;0;0;0;0;0;0;0;-3,726676000000000;-38,522919000000000
256351;8;9;2015;09:50;5437;RUA FLORIANO PEIXOTO;RUA METON DE ALENCAR;;0;;Colis?úo Transversal;Luz do Dia;Bom;Seca;Cruz;Pare;Comercial;0;1;1;1;0;0;0;0;0;1;0;0;-3,734071000000000;-38,529358000000000
256355;8;9;2015;09:30;0;AV BEZERRA DE MENEZES;;;270;;Colis?úo Lateral;Luz do Dia;Bom;Seca;;;;0;0;2;1;0;0;1;0;0;0;0;0;-3,732134000000000;-38,547436000000000
256344;8;9;2015;07:30;22090;RUA FRE MARCELINO;RUA PRO COSTA MENDES;;0;;Colis?úo Transversal;Luz do Dia;Bom;Seca;Cruz;Pare;Misto;0;0;2;1;0;0;0;0;0;0;0;0;-3,747005000000000;-38,555399000000000
256334;8;9;2015;17:20;23425;RUA MON SALAZAR;RUA SABINO MONTE;;0;;Colis?úo Transversal;Anoitecer;Bom;Seca;Cruz;Pare;Residencial;0;0;2;1;0;0;0;0;0;1;0;0;-3,755927000000000;-38,512070000000000
256325;8;9;2015;19:00;357;RUA ERICO MOTA;RUA XAVIER DE OLIVEIRA;;0;;Colis?úo Transversal;Via Iluminada;Bom;Seca;Cruz;Pare;Residencial;0;1;1;1;0;0;0;0;0;0;0;0;-3,747288000000000;-38,560547000000000
256316;8;9;2015;13:00;0;AV MON TABOSA;;;1700;;Colis?úo Lateral;Luz do Dia;Bom;Seca;Meio de Quadra;N?úo H?í Controle;Comercial;0;0;2;1;0;0;0;0;0;0;0;0;-3,724560000000000;-38,504230000000000
256308;8;9;2015;09:00;7814;RUA JOAQUIM NABUCO;RUA JOAQUIM SA;;0;;Colis?úo Lateral;Luz do Dia;Bom;Seca;Cruz;N?úo H?í Controle;Residencial;0;0;3;1;0;0;0;0;0;1;0;0;-3,749084000000000;-38,505720000000000
256454;8;9;2015;;577;AV FRANCISCO SA;AV DR THEBERGE;;0;;Colis?úo Traseira;Luz do Dia;Bom;Seca;Cruz;Sem?íforo;Comercial;0;0;2;1;0;0;0;0;0;1;0;0;-3,714822000000000;-38,565016000000000
256461;8;9;2015;08:00;0;AV FRANCISCO SA;;;3590;;Colis?úo Lateral;Luz do Dia;Bom;Seca;Meio de Quadra;N?úo H?í Controle;Comercial;0;0;2;1;1;0;0;0;0;0;0;0;-3,717614000000000;-38,556736000000000
256470;8;9;2015;07:00;0;RUA DOM XISTO ALBANO;;;0;;Colis?úo Lateral;Luz do Dia;Bom;Seca;Meio de Quadra;Outros;Residencial;0;0;2;1;0;0;0;0;0;0;0;0;;
256441;8;9;2015;19:00;24738;AV MOZART PINHEIRO DE LUCENA;AV WASHINGTON LUIS;;0;;Colis?úo Transversal;Via Iluminada;Bom;Seca;T;Pare;Comercial;0;0;2;1;0;0;0;0;0;0;0;0;-3,715896000000000;-38,595019000000000
256423;8;9;2015;11:30;15244;RUA JOSE VILAR;RUA DEP MOREIRA DA ROCHA;;0;;Colis?úo Transversal;Luz do Dia;Bom;Seca;Cruz;Pare;Residencial;0;0;2;1;0;0;0;0;0;0;0;0;-3,727832000000000;-38,502113000000000
256451;8;9;2015;13:40;0;RUA JOAQUIM ALBANO;;;0;;Colis?úo;Luz do Dia;Bom;Seca;Meio de Quadra;;;0;0;2;1;0;0;0;0;0;0;0;0;;
256484;8;9;2015;18:45;0;AV DOS EXPEDICIONARIOS;;;1845;;Colis?úo Traseira;Via Iluminada;Bom;Seca;Meio de Quadra;Sem?íforo;Escola;0;0;2;1;0;0;0;0;0;1;0;0;;
256491;8;9;2015;10:38;0;AV ABOLICAO;;;3991;;Colis?úo Lateral Sentido Oposto;Luz do Dia;Bom;Seca;Meio de Quadra;N?úo H?í Controle;Comercial;0;0;2;1;0;0;0;0;0;0;0;0;-3,725104000000000;-38,483500000000000
256526;8;9;2015;16:00;5402;RUA VINTE E QUATRO DE MAIO;RUA METON DE ALENCAR;;0;;Colis?úo Lateral;Luz do Dia;Bom;Seca;Cruz;Pare;Escola;0;2;1;1;0;0;0;0;0;0;0;0;-3,732626000000000;-38,533848000000000
256527;8;9;2015;11:00;0;AV BORGES DE MELO;;;1630;RODOVIARIA;Colis?úo Transversal;Luz do Dia;Bom;Seca;Meio de Quadra;Pare;Comercial;0;1;1;1;0;0;0;0;0;1;0;0;-3,758655000000000;-38,531511000000000
256523;8;9;2015;15:30;24372;AV LUCIANO CARNEIRO;RUA ALM RUFINO;;0;;Colis?úo Transversal;Luz do Dia;Bom;Seca;Cruz;Sem?íforo;Comercial;0;1;1;1;0;1;0;0;0;0;0;0;-3,766580000000000;-38,537195000000000
256524;8;9;2015;22:30;9197;RUA JAIME BENEVOLO;RUA COSTA ARAUJO;;0;;Colis?úo Lateral;Via Iluminada;Bom;Seca;Cruz;Pare;Residencial;0;1;1;1;0;0;0;0;0;1;0;0;-3,747162000000000;-38,530420000000000
256520;8;9;2015;13:00;25719;RUA HOLANDA;RUA BELGICA;;0;;Colis?úo Transversal;Luz do Dia;Bom;Seca;Outros;Pare;Residencial;0;0;2;1;0;0;0;0;0;0;0;0;-3,791938000000000;-38,566597000000000
256516;8;9;2015;10:33;2830;AV GAL OSORIO DE PAIVA;RUA OSCAR FRANCA;;0;;Colis?úo Transversal;Luz do Dia;Bom;Seca;T;Sem?íforo;Comercial;0;1;1;1;0;0;0;0;0;1;0;0;-3,794473000000000;-38,592113000000000
256500;8;9;2015;07:30;26213;RUA DR JOSE ROBERTO SALES;RUA SEN ROBERT KENNEDY;;0;;Colis?úo Transversal;Luz do Dia;Bom;Seca;T;Pare;Lazer;0;1;1;1;0;0;0;0;0;1;0;0;;
256506;8;9;2015;10:30;0;AV GOV RAUL BARBOSA;;;0;;Colis?úo Lateral;Luz do Dia;Bom;Seca;Meio de Quadra;N?úo H?í Controle;Comercial;0;0;2;1;0;0;0;0;0;0;0;0;;
256511;8;9;2015;;4020;AV PRO GOMES DE MATOS;RUA SAMUEL UCHOA;;0;;Colis?úo Traseira;;Bom;Seca;Cruz;Pare;Comercial;0;0;2;1;1;0;0;0;0;0;0;0;-3,757193000000000;-38,542215000000000
256513;8;9;2015;19:15;5728;AV DES GONZAGA;RUA ANTONIO DE CASTRO;;0;;Colis?úo Lateral;Via Iluminada;Bom;Seca;Cruz;Pare;Misto;0;0;2;1;0;0;0;0;0;0;0;0;-3,795148000000000;-38,500858000000000
256514;8;9;2015;21:50;8652;AV EDILSON B SOARES;RUA MARIO ALENCAR ARARIPE;;0;;Colis?úo Lateral;Via Iluminada;Bom;Seca;T;Pare;Residencial;0;0;2;1;0;0;0;0;0;0;0;0;-3,789298000000000;-38,478792000000000
256495;8;9;2015;11:40;15295;RUA CARLOS VASCONCELOS;RUA PEREIRA FILGUEIRAS;;0;;Colis?úo Lateral;Luz do Dia;Bom;Seca;Cruz;Sem?íforo Intermitente;Misto;0;0;2;1;0;0;0;0;0;0;0;0;-3,729429000000000;-38,509622000000000
265925;8;9;2015;01:04;0;RUA PRO MIRAMAR DA PONTE;;;861;;Queda;;;;Meio de Quadra;;;0;1;0;0;0;0;0;0;0;1;0;0;-3,761880000000000;-38,585829000000000
265967;8;9;2015;12:04;0;AV BORGES DE MELO;;;0;;Colis?úo;Luz do Dia;;;Meio de Quadra;;;0;1;0;1;0;0;0;0;0;1;0;0;;
265963;8;9;2015;11:58;0;RUA PDE ANCHIETA;;;0;;Colis?úo;Luz do Dia;;;Meio de Quadra;;;0;1;0;1;0;0;0;0;0;1;0;0;;
265951;8;9;2015;07:32;25428;RUA SEN ROBERT KENNEDY;AV COSTA OESTE;;0;;Colis?úo;Luz do Dia;;;T;Pare;Residencial;0;1;0;1;0;0;0;0;0;1;0;0;;
265956;8;9;2015;09:03;3788;RUA PDE FRANCISCO PINTO;RUA WALDERY UCHOA;;0;;Colis?úo;Luz do Dia;;;Cruz;Pare;Residencial;0;1;0;1;0;0;0;0;0;1;0;0;-3,744299000000000;-38,539138000000000
265941;8;9;2015;06:24;17277;AV PRO GOMES DE MATOS;RUA SATIRO DIAS;;0;;Colis?úo;Luz do Dia;;;Cruz;Sem?íforo;Comercial;0;1;0;1;0;0;0;0;0;1;0;0;-3,762623000000000;-38,546868000000000
265942;8;9;2015;07:22;22717;RUA EUCLIDES O DE SOUSA;RUA BILL CARTAXO;;0;;Colis?úo;Luz do Dia;;;Cruz;Pare;Escola;0;1;0;1;0;0;0;0;0;1;0;0;-3,797710000000000;-38,473793000000000
265938;8;9;2015;05:52;0;AV PRS JUSCELINO KUBITSCHEK (PASSAR?ë);;;4500;;Colis?úo;Amanhecer;;;Meio de Quadra;;;0;1;0;0;0;0;0;0;0;0;0;0;-3,818562000000000;-38,533326000000000
265932;8;9;2015;05:30;5504;RUA PDE VALDEVINO;RUA JOAO CORDEIRO;;0;;Colis?úo;Amanhecer;;;Cruz;Sem?íforo;Residencial;0;1;0;1;0;0;0;0;0;1;0;0;-3,738896000000000;-38,517550000000000
266106;8;9;2015;11:31;5371;RUA GAL CLARINDO DE QUEIROZ;RUA VINTE E QUATRO DE MAIO;;0;;Colis?úo;Luz do Dia;;;Cruz;Pare;Comercial;0;0;2;0;1;0;0;0;0;0;0;0;-3,731621000000000;-38,533532000000000
265961;8;9;2015;10:54;0;RUA SABINO BATISTA;;;275;;Colis?úo;Luz do Dia;;;Meio de Quadra;;;0;1;0;1;0;0;0;0;0;1;0;0;-3,723099000000000;-38,553682000000000
265991;8;9;2015;20:05;0;AV PERIMETRAL;;;2183;;Colis?úo;;;;Meio de Quadra;;;0;1;0;1;0;0;0;0;0;1;0;0;-3,819393000000000;-38,561935000000000
265992;8;9;2015;20:06;0;RUA MIGUEL GURGEL;;;0;;Atropelamento;;;;Meio de Quadra;;;0;1;0;1;0;0;0;0;0;0;0;0;;
265993;8;9;2015;22:13;0;AV DR SILAS MUNGUBA;;;6360;;Colis?úo;;;;Meio de Quadra;;;0;1;1;1;0;0;0;0;0;1;0;0;-3,799935000000000;-38,530540000000000
265986;8;9;2015;18:18;25069;RUA RAUL CABRAL;AV DOS EXPEDICIONARIOS;;0;;Colis?úo;Anoitecer;;;Cruz;Sem?íforo;Comercial;0;1;0;1;0;0;0;0;0;1;0;0;-3,769605000000000;-38,542595000000000
265987;8;9;2015;19:13;0;AV JOSE BASTOS;;;0;;Colis?úo;;;;Meio de Quadra;;;0;1;0;1;0;0;0;0;0;1;0;0;;
265988;8;9;2015;19:25;5395;RUA TEREZA CRISTINA;RUA ANTONIO POMPEU;;0;;Colis?úo;;;;Cruz;Pare;Comercial;0;1;0;1;0;0;0;0;0;0;0;0;-3,732340000000000;-38,538356000000000
265983;8;9;2015;17:14;0;RUA DR WANDA SIDOU;;;100;;Colis?úo;Anoitecer;;;Meio de Quadra;;;0;1;0;1;0;0;0;0;0;1;0;0;-3,807617000000000;-38,506256000000000
265984;8;9;2015;17:51;0;AV SEN FERNANDES TAVORA;;;1230;;Colis?úo;Anoitecer;;;Meio de Quadra;;;0;1;0;0;0;0;0;0;0;0;0;0;-3,761407000000000;-38,583631000000000
265980;8;9;2015;17:12;0;AV DR SILAS MUNGUBA;RUA DO FIM;;4380;;Colis?úo;Anoitecer;;;Meio de Quadra;;;0;1;1;1;0;0;0;0;0;1;0;0;-3,792188000000000;-38,536130000000000
265978;8;9;2015;16:32;0;RUA GUILHERME PERDIGAO;;;0;;Colis?úo;Luz do Dia;;;Meio de Quadra;;;0;1;0;1;0;0;0;0;0;1;0;0;;
265971;8;9;2015;13:04;0;RUA ANSELMO NOGUEIRA;;;10;;Colis?úo;Luz do Dia;;;Meio de Quadra;;;0;1;0;1;0;0;0;0;0;1;0;0;-3,778487000000000;-38,586451000000000
265972;8;9;2015;14:23;0;AV GODOFREDO MACIEL;;;841;;Atropelamento;Luz do Dia;;;Meio de Quadra;;;0;1;0;0;0;0;0;0;0;1;0;0;-3,783357000000000;-38,565861000000000
265974;8;9;2015;15:43;0;AV MR HULL;;;4451;;Colis?úo;Luz do Dia;;;Meio de Quadra;;;0;1;0;1;0;0;0;0;0;0;0;0;-3,738529000000000;-38,583901000000000
259579;8;9;2015;07:15;0;RD CE-040;;;0;KM-08;Colis?úo;Luz do Dia;Bom;Seca;Meio de Quadra;;Comercial;0;0;2;1;0;0;0;0;0;0;0;0;-3,823332000000000;-38,481317000000000
259581;8;9;2015;17:00;0;RD CE-040;;;0;KM-08;Colis?úo;Anoitecer;Bom;Seca;Meio de Quadra;;Comercial;0;1;1;1;0;0;0;0;0;1;0;0;-3,823332000000000;-38,481317000000000
259582;8;9;2015;19:10;0;RD CE-040;;;0;KM-05;Colis?úo;Via Iluminada;Bom;Seca;Meio de Quadra;N?úo H?í Controle;Comercial;0;0;2;1;0;0;0;0;0;0;0;0;-3,790876000000000;-38,480349000000000