COD_ACIDENTE;DIA;MES;ANO;HORA;INTERSECAO;LOG1;LOG2;LOG3;NUMERO;REFERENCIA;NATUREZA;ILUMINACAO;TEMPO;SUPERFICIEPISTA;TIPOCRUZAMENTO;CONTROLETRAFEGO;USOSOLO;MORTOS;FERIDOS;ILESOS;AUTOMOVEL;ONIBUS;BICICLETA;CAMINHAO;MICROONIBUS;CICLOMOTOR;MOTOCICLETA;TRACAOANIMAL;TREM;LATITUDE;LONGITUDE
259266;8;9;2015;15:10;0;RD BR 222;;;0;KM-01;Colis?úo Traseira;Luz do Dia;Bom;Seca;Meio de Quadra;N?úo H?í Controle;Comercial;0;0;5;1;0;0;0;0;0;0;0;0;-3,737774000000000;-38,577952000000000
256261;8;9;2015;19:00;19291;RUA ARARIPE PRATA;RUA GUILHERME PERDIGAO;;0;;Colis?úo Transversal;Via Iluminada;Bom;Seca;Cruz;Pare;Residencial;0;1;1;1;0;0;0;0;0;1;0;0;-3,774315000000000;-38,569659000000000
256161;8;9;2015;15:36;5370;RUA METON DE ALENCAR;RUA PRC ISABEL;;0;;Colis?úo Transversal;Luz do Dia;Bom;Seca;Cruz;Pare;Comercial;0;0;2;1;1;0;0;0;0;0;0;0;-3,731614000000000;-38,536973000000000
264776;8;9;2015;08:36;0;AV RAD JOSE LIMA VERDE;;;0;;Colis?úo;Luz do Dia;;;Meio de Quadra;;;0;0;2;1;0;0;0;0;0;0;0;0;;
264780;8;9;2015;22:20;0;RUA PRIMEIRO DE JANEIRO;RUA JOSE MENELEU D41;;0;;Colis?úo;;;;;;;0;0;2;1;0;0;0;0;0;0;0;0;;
264781;8;9;2015;23:58;0;RUA OSVALDO CRUZ (ALDEOTA);;;0;;Colis?úo;;;;Meio de Quadra;;;0;0;2;1;0;0;0;0;0;0;0;0;;
264778;8;9;2015;12:55;0;AV DOMINGOS OLIMPIO;;;0;;Engavetamento;Luz do Dia;;;Meio de Quadra;;;0;0;3;1;0;0;1;0;0;1;0;0;;
264784;9;9;2015;12:33;0;AV MON TABOSA;;;0;;Colis?úo;Luz do Dia;;;Meio de Quadra;;;0;0;2;0;0;0;0;0;0;1;0;0;;
264790;9;9;2015;19:45;0;RUA ISAIE BORIS;;;0;;Colis?úo;;;;Meio de Quadra;;;0;0;2;1;0;0;0;0;0;0;0;0;;
264786;9;9;2015;13:13;0;RUA JUVENAL GALENO;;;0;;Colis?úo;Luz do Dia;;;Meio de Quadra;;;0;0;2;1;0;0;1;0;0;0;0;0;;
264787;9;9;2015;13:55;18044;AV TRAJANO DE MEDEIROS;RUA COM FCO FRANCESCO ANGELO;;0;;Colis?úo;Luz do Dia;;;;;;0;0;2;1;0;0;0;0;0;0;0;0;-3,734560000000000;-38,462749000000000
256278;9;9;2015;05:00;0;RUA ANA BILHAR;;;491;;Choque c/ Obst?ículo Fixo;Via Iluminada;Bom;Seca;Meio de Quadra;N?úo H?í Controle;Residencial;0;0;1;1;0;0;0;0;0;0;0;0;-3,729356000000000;-38,496034000000000
256282;9;9;2015;21:30;0;AV PRS CASTELO BRANCO;;;0;;Colis?úo Lateral;Via Iluminada;Bom;Seca;;;;0;0;2;1;0;0;0;0;0;0;0;0;;
256286;9;9;2015;06:45;0;AV JOVITA FEITOSA;;;170;;Colis?úo Traseira;Luz do Dia;Chuva;Molhada;Meio de Quadra;Sem?íforo;Residencial;0;0;2;1;0;0;0;0;0;0;0;0;-3,737573000000000;-38,545416000000000
256291;9;9;2015;16:15;12685;AV DA INDEPENDENCIA;AV CEL CARVALHO;;0;;Colis?úo Lateral;Luz do Dia;Bom;Seca;Cruz;Sem?íforo;Comercial;0;1;1;1;0;0;0;0;0;1;0;0;-3,728711000000000;-38,584952000000000
256289;9;9;2015;10:50;5100;AV MON TABOSA;AV DOM MANUEL;;0;;Colis?úo Lateral;Luz do Dia;Bom;Seca;Cruz;Sem?íforo;Comercial;0;0;2;0;0;0;0;0;0;1;0;0;-3,723554000000000;-38,519439000000000
256294;9;9;2015;06:45;21319;RUA JOSE SOMBRA;RUA GUSTAVO SAMPAIO;;0;;Colis?úo Transversal;Luz do Dia;Nublado;Seca;Cruz;Pare;Residencial;0;0;2;1;0;0;0;0;0;0;0;0;-3,733349000000000;-38,547260000000000
259231;9;9;2015;08:00;0;RD BR 116;;;2000;KM-02;Choque c/ Obst?ículo Fixo;Luz do Dia;Chuva;Molhada;Meio de Quadra;N?úo H?í Controle;Comercial;0;0;1;0;0;0;0;0;0;0;0;0;-3,771391000000000;-38,516780000000000
259232;9;9;2015;17:30;0;RD BR 116;;;2000;KM-02;Colis?úo;Anoitecer;Bom;Seca;Meio de Quadra;N?úo H?í Controle;Comercial;0;2;0;0;0;1;0;0;0;1;0;0;-3,771391000000000;-38,516780000000000
266047;9;9;2015;12:00;1716;AV GOV RAUL BARBOSA;RUA CAP ARAGAO;;0;;Queda;Luz do Dia;;;;;;0;1;0;0;0;0;0;0;0;1;0;0;-3,763977000000000;-38,508802000000000
266050;9;9;2015;14:17;0;RUA WALDIR DIOGO;;;850;;Colis?úo;Luz do Dia;;;Meio de Quadra;;;0;1;0;1;0;0;0;0;0;0;0;0;-3,804147000000000;-38,585700000000000
266051;9;9;2015;14:37;0;AV PERIMETRAL;;;4210;;Colis?úo;Luz do Dia;;;Meio de Quadra;;;0;1;0;1;0;0;0;0;0;1;0;0;;
266053;9;9;2015;14:54;0;RD BR 116;;;11000;KM-11;Outros;Luz do Dia;;;Meio de Quadra;;;0;1;0;0;1;0;0;0;0;0;0;0;-3,847160000000000;-38,497176000000000
266006;9;9;2015;07:01;0;AV VIENA WEYNE;;;520;;Queda;Luz do Dia;;;Meio de Quadra;;;0;1;0;0;0;0;0;0;0;1;0;0;-3,801424000000000;-38,489432000000000
266032;9;9;2015;08:26;0;RUA FRANCISCO MATOS;;;0;;Colis?úo;Luz do Dia;;;Meio de Quadra;;;0;1;0;1;0;0;0;0;0;1;0;0;;
266033;9;9;2015;08:56;7814;RUA JOAQUIM NABUCO;RUA JOAQUIM SA;;0;;Colis?úo;Luz do Dia;;;Cruz;N?úo H?í Controle;Residencial;0;1;0;1;0;0;0;0;0;1;0;0;-3,749084000000000;-38,505720000000000
266034;9;9;2015;11:42;0;RUA STA MARIA GORETE;;;124;;Colis?úo;Luz do Dia;;;Meio de Quadra;;;0;1;0;1;0;0;0;0;0;1;0;0;-3,724527000000000;-38,602079000000000
266035;9;9;2015;11:59;0;AV SGT HERMINIO SAMPAIO;;;4200;;Colis?úo;Luz do Dia;;;Meio de Quadra;;;0;1;0;0;0;0;1;0;0;1;0;0;-3,730813000000000;-38,577472000000000
266028;9;9;2015;07:11;19611;AV GODOFREDO MACIEL;RUA NEREU RAMOS;;0;;Queda;Luz do Dia;;;T;Sem?íforo;Residencial;0;1;0;0;0;0;0;0;0;1;0;0;-3,787250000000000;-38,566802000000000
266029;9;9;2015;07:22;0;AV SGT HERMINIO SAMPAIO;;;683;;Queda;Luz do Dia;;;Meio de Quadra;;;0;1;0;0;0;0;0;0;0;1;0;0;-3,724645000000000;-38,546313000000000
266030;9;9;2015;08:05;0;RUA CON DE CASTRO;;;3980;;Queda;Luz do Dia;;;Meio de Quadra;;;0;1;0;0;0;0;0;0;0;1;0;0;-3,801091000000000;-38,588405000000000
266062;9;9;2015;15:54;12685;AV CEL CARVALHO;AV DA INDEPENDENCIA;;0;;Colis?úo;Luz do Dia;;;Cruz;Sem?íforo;Comercial;0;1;0;1;0;0;0;0;0;1;0;0;-3,728711000000000;-38,584952000000000
266058;9;9;2015;15:05;0;AV GAL OSORIO DE PAIVA;;;2834;;Queda;Luz do Dia;;;Meio de Quadra;;;0;1;0;0;0;0;0;0;0;1;0;0;-3,788084000000000;-38,585828000000000
266059;9;9;2015;15:27;0;RUA PERGENTINO MAIA;;;691;COELCE;Colis?úo;Luz do Dia;;;Meio de Quadra;;;0;1;0;1;0;0;0;0;0;1;0;0;-3,831400000000000;-38,488895000000000
266073;9;9;2015;17:08;0;AV CARNEIRO DE MENDONCA;;;1023;;Colis?úo;Anoitecer;;;Meio de Quadra;;;0;1;0;1;0;0;0;0;0;1;0;0;-3,763261000000000;-38,568322000000000
266067;9;9;2015;16:57;0;RD BR 116;;;5846;KM-03;Colis?úo;Luz do Dia;;;Meio de Quadra;;;0;1;0;0;0;0;0;0;0;0;0;0;-3,772550000000000;-38,516439000000000
266088;9;9;2015;21:47;0;AV AUGUSTO DOS ANJOS;;;740;;Queda;;;;Meio de Quadra;;;0;1;0;0;0;0;0;0;0;1;0;0;-3,774878000000000;-38,574475000000000
266089;9;9;2015;22:15;24257;RUA TAVARES COUTINHO;RUA MANUEL JESUINO;;0;;Colis?úo;;;;Cruz;Sem?íforo;Residencial;0;1;0;1;0;0;0;0;0;1;0;0;-3,732500000000000;-38,484965000000000
266078;9;9;2015;17:11;19539;AV DR SILAS MUNGUBA;RUA EQUADOR;;0;;Colis?úo;Anoitecer;;;Cruz;Sem?íforo;Comercial;0;1;0;1;0;0;0;0;0;1;0;0;-3,782377000000000;-38,555434000000000
266083;9;9;2015;19:45;0;AV WASHINGTON SOARES;;;6257;;Atropelamento;;;;Meio de Quadra;;;1;0;1;1;0;0;0;0;0;0;0;0;-3,813728000000000;-38,480349000000000
266084;9;9;2015;21:41;0;AV GAL OSORIO DE PAIVA;;;621;;Colis?úo;;;;Meio de Quadra;;;0;1;0;1;0;0;0;0;0;1;0;0;-3,776465000000000;-38,567825000000000
266081;9;9;2015;19:25;12494;AV CARNEIRO DE MENDONCA;RUA RIBEIRO LEITAO;;0;;Colis?úo;;;;Cruz;Pare;Residencial;0;1;0;1;0;0;0;0;0;1;0;0;-3,759608000000000;-38,575714000000000
266118;9;9;2015;11:00;0;RUA PEREIRA FILGUEIRAS;;;1305;;Colis?úo;Luz do Dia;;;Meio de Quadra;;;0;0;1;1;0;0;0;0;0;0;0;0;-3,728931000000000;-38,511158000000000
266120;9;9;2015;14:00;0;RUA GERMANO FRANCK;;;375;;Colis?úo;Luz do Dia;;;Meio de Quadra;;;0;1;0;0;1;0;0;0;0;1;0;0;-3,775249000000000;-38,559647000000000
256298;9;9;2015;08:40;14470;RUA PDE ANCHIETA;RUA ANTONIO DRUMONT;;0;;Colis?úo Transversal;Luz do Dia;Bom;Seca;Cruz;Pare;Residencial;0;1;1;1;0;0;0;0;0;1;0;0;-3,728230000000000;-38,551673000000000
256307;9;9;2015;13:30;568;RUA COELHO NETO;RUA TEN JOSE BARREIRA;;0;;Colis?úo Transversal;Luz do Dia;Bom;Seca;Cruz;Pare;Residencial;0;1;1;1;0;1;0;0;0;0;0;0;-3,717665000000000;-38,571932000000000
256319;9;9;2015;12:15;12457;AV AUGUSTO DOS ANJOS;RUA PRO GOMES BRASIL;;0;;Colis?úo Transversal;Luz do Dia;Bom;Seca;Cruz;Sem?íforo;Comercial;0;1;1;1;0;0;0;0;0;1;0;0;-3,770153000000000;-38,570427000000000
256314;9;9;2015;10:30;1338;AV BAR STUDART;RUA TORRES CAMARA;;0;;Colis?úo Lateral;Luz do Dia;Bom;Seca;Cruz;Sem?íforo;Comercial;0;0;2;1;0;0;0;0;0;1;0;0;-3,735624000000000;-38,506944000000000
256311;9;9;2015;19:20;0;AV BAR STUDART;;;2023;;Colis?úo Transversal;Via Iluminada;Bom;Seca;Meio de Quadra;N?úo H?í Controle;Comercial;0;0;2;1;1;0;0;0;0;0;0;0;-3,741338000000000;-38,508757000000000
256326;9;9;2015;16:00;0;AV ALM BARROSO;;;501;;Colis?úo Transversal;Luz do Dia;Bom;Seca;Meio de Quadra;N?úo H?í Controle;Comercial;0;1;1;1;0;0;0;0;0;1;0;0;-3,720651000000000;-38,518657000000000
256329;9;9;2015;15:30;0;AV BEIRA MAR;;;320;;Colis?úo Lateral;Luz do Dia;Bom;Seca;Meio de Quadra;N?úo H?í Controle;Comercial;0;0;2;1;1;0;0;0;0;0;0;0;;
256339;9;9;2015;11:30;0;RUA PRO GOMES BRASIL;;;0;;Colis?úo Transversal;Luz do Dia;Bom;Seca;;;;0;0;2;0;1;0;0;0;0;0;0;0;;
256342;9;9;2015;17:00;7913;RUA VIS MAUA;AV ANTONIO SALES;;0;;Colis?úo Transversal;Luz do Dia;Bom;Seca;Cruz;Pare;Comercial;0;1;1;0;0;1;0;0;0;0;0;0;-3,745429000000000;-38,502420000000000
256346;9;9;2015;14:25;1375;AV SANTOS DUMONT;RUA BARBOSA DE FREITAS;;0;;Colis?úo Lateral;Luz do Dia;Bom;Seca;Cruz;Sem?íforo;Comercial;0;0;2;1;0;0;0;0;0;0;0;0;-3,736551000000000;-38,497363000000000
256357;9;9;2015;07:50;21368;RUA PRO JOSE DE BARCELOS;RUA PDE GUERRA;;0;;Colis?úo Transversal;Luz do Dia;Chuva;Molhada;Cruz;Pare;Residencial;0;0;2;1;0;0;0;0;0;0;0;0;-3,737376000000000;-38,550170000000000
256350;9;9;2015;08:30;0;AV PRS CASTELO BRANCO;;;0;;Colis?úo Traseira;Luz do Dia;Bom;Seca;Meio de Quadra;N?úo H?í Controle;Comercial;0;1;1;1;0;0;0;0;0;1;0;0;-3,711624000000000;-38,557253000000000
256354;9;9;2015;09:00;0;AV JOVITA FEITOSA;;;756;;Colis?úo Traseira;Luz do Dia;Nublado;Molhada;Meio de Quadra;Sem?íforo;Comercial;0;0;2;1;0;0;0;0;0;0;0;0;-3,738686000000000;-38,550744000000000
256364;9;9;2015;12:30;17899;AV SGT HERMINIO SAMPAIO;RUA EVANDRO LUZ;;0;;Outros;Luz do Dia;Bom;Seca;T;Pare;Comercial;0;1;1;0;0;0;0;0;0;1;0;0;-3,730841000000000;-38,577549000000000
256366;9;9;2015;11:30;24372;AV LUCIANO CARNEIRO;RUA ALM RUFINO;;0;;Engavetamento;Luz do Dia;Bom;Seca;Cruz;Sem?íforo;Comercial;0;0;3;1;0;0;0;0;0;0;0;0;-3,766580000000000;-38,537195000000000
256375;9;9;2015;13:45;17277;RUA SATIRO DIAS;AV PRO GOMES DE MATOS;;0;;Colis?úo Lateral;Luz do Dia;Bom;Seca;Cruz;Sem?íforo;Comercial;0;0;2;1;0;0;0;0;0;0;0;0;-3,762623000000000;-38,546868000000000
256378;9;9;2015;13:50;9214;RUA MARIO MAMEDE;RUA ZOZIMO BARROSO;;0;;Colis?úo Frontal;Luz do Dia;Bom;Seca;T;N?úo H?í Controle;Residencial;0;2;0;1;0;0;0;0;0;0;0;0;-3,751477000000000;-38,528870000000000
256382;9;9;2015;21:50;0;AV ENG HUMBERTO MONTE;;;2810;;Choque c/ Obst?ículo Fixo;Via Iluminada;Bom;Seca;Meio de Quadra;Outros;Residencial;0;0;1;0;0;0;1;0;0;0;0;0;-3,739037000000000;-38,568824000000000
256385;9;9;2015;18:00;17579;RUA ESPIRITO SANTO;RUA PIAUI;;0;;Colis?úo Lateral Sentido Oposto;Via Iluminada;Bom;Seca;Cruz;N?úo H?í Controle;Comercial;0;0;2;1;1;0;0;0;0;0;0;0;-3,750946000000000;-38,566924000000000
256412;9;9;2015;12:20;23045;AV DR SILAS MUNGUBA;RUA MALMEQUER;;0;;Colis?úo Transversal;Luz do Dia;Bom;Seca;Cruz;Sem?íforo;Comercial;0;0;2;1;0;0;0;0;0;1;0;0;-3,790980000000000;-38,538571000000000
256418;9;9;2015;13:20;0;AV JOSE LEON;;;1109;;Colis?úo Traseira;Luz do Dia;Bom;Seca;Meio de Quadra;N?úo H?í Controle;Residencial;0;0;3;1;0;0;0;0;0;0;0;0;-3,787692000000000;-38,502310000000000
256419;9;9;2015;16:30;1716;AV GOV RAUL BARBOSA;RUA CAP ARAGAO;;0;;Colis?úo Traseira;Luz do Dia;Bom;Seca;Cruz;Sem?íforo;Comercial;0;0;3;1;0;0;0;0;0;0;0;0;-3,763977000000000;-38,508802000000000
256426;9;9;2015;12:30;16057;AV PRS COSTA E SILVA;AV GODOFREDO MACIEL;;0;;Colis?úo Transversal;Luz do Dia;Bom;Seca;Cruz;Sem?íforo;Comercial;0;2;1;0;0;0;1;0;0;1;0;0;-3,811743000000000;-38,574739000000000
256422;9;9;2015;18:00;3847;RUA PAULINO NOGUEIRA;RUA JOAO GENTIL;;0;;Colis?úo Lateral;Via Iluminada;Bom;Seca;Cruz;Pare;Outros;0;0;2;1;0;0;0;0;0;0;0;0;-3,743747000000000;-38,538019000000000
256433;9;9;2015;15:00;16057;AV GODOFREDO MACIEL;AV PRS COSTA E SILVA;;0;;Colis?úo Traseira;Luz do Dia;Bom;Seca;Cruz;Sem?íforo;Comercial;0;1;1;1;0;0;0;0;0;1;0;0;-3,811743000000000;-38,574739000000000
256402;9;9;2015;22:20;350;RUA ERICO MOTA;RUA CESAR FONTENELE;;0;;Colis?úo Transversal;Via Iluminada;Bom;Seca;Cruz;Pare;Residencial;0;3;0;1;0;0;0;0;0;0;0;0;-3,746574000000000;-38,560693000000000
256405;9;9;2015;22:30;24988;RUA FRE MANSUETO;RUA TAVARES COUTINHO;;0;;Colis?úo Transversal;Via Iluminada;Bom;Seca;Cruz;Sem?íforo;Comercial;0;2;1;1;0;0;0;0;0;1;0;0;-3,732638000000000;-38,488784000000000
256409;9;9;2015;08:30;0;RUA STA JULIA;;;174;;Colis?úo Lateral;Luz do Dia;Bom;Seca;Meio de Quadra;Outros;Residencial;0;0;2;1;0;0;0;0;0;0;0;0;-3,774690000000000;-38,568524000000000
256390;9;9;2015;18:30;0;RD BR 116;;;0;;Colis?úo Lateral;Via Iluminada;Bom;Seca;Meio de Quadra;Pare;Comercial;0;0;2;1;0;0;1;0;0;0;0;0;;
256392;9;9;2015;12:00;0;RUA VALPARAISO;;;1011;;Colis?úo Traseira;Luz do Dia;Bom;Seca;Meio de Quadra;N?úo H?í Controle;Residencial;0;2;1;1;0;0;0;0;0;1;0;0;-3,841838000000000;-38,528685000000000
256399;9;9;2015;18:15;339;RUA ERICO MOTA;RUA CON PENAFORT;;0;;Colis?úo Lateral;Via Iluminada;Bom;Seca;Cruz;N?úo H?í Controle;Residencial;0;1;1;0;0;0;1;0;0;1;0;0;-3,745876000000000;-38,560845000000000
256397;9;9;2015;17:50;0;RUA JAIME BENEVOLO;;;851;;Colis?úo Transversal;Anoitecer;Bom;Seca;Meio de Quadra;N?úo H?í Controle;Residencial;0;1;1;0;0;0;0;0;0;1;0;0;-3,739668000000000;-38,527872000000000
270937;9;9;2015;10:48;15360;AV DOM LUIS;AV DES MOREIRA;;0;;Colis?úo;Luz do Dia;;;Rotat??ria;N?úo H?í Controle;Comercial;0;0;2;0;0;0;0;0;0;0;0;0;-3,733239000000000;-38,497383000000000
270968;10;9;2015;13:13;0;AV C CJ ESPERANCA;;;0;;Colis?úo;Luz do Dia;;;Meio de Quadra;;;0;0;2;0;0;0;0;0;0;0;0;0;;
270966;10;9;2015;11:24;5343;RUA PDE IBIAPINA;AV BEZERRA DE MENEZES;;0;;Colis?úo;Luz do Dia;;;Cruz;Sem?íforo;Comercial;0;0;2;0;0;0;0;0;0;0;0;0;-3,730548000000000;-38,539973000000000
270963;10;9;2015;10:41;0;RUA STA MARLUCIA;;;0;;Colis?úo;Luz do Dia;;;Meio de Quadra;;;0;0;2;0;0;0;0;0;0;0;0;0;;
256407;10;9;2015;17:30;26239;AV PRO JOSE ARTHUR CARVALHO;RUA COSME DE ALMEIDA;;0;;Colis?úo Transversal;Anoitecer;Bom;Seca;;;;0;2;1;1;0;0;0;0;0;1;0;0;;
256627;10;9;2015;21:05;0;AV GAL OSORIO DE PAIVA;;;2982;;Colis?úo;Via Iluminada;Bom;Seca;Outros;;Comercial;0;1;1;0;1;0;0;0;0;1;0;0;-3,789314000000000;-38,587085000000000
256628;10;9;2015;12:55;15287;AV ANTONIO JUSTA;RUA PRO DIAS DA ROCHA;;0;;Engavetamento;Luz do Dia;Bom;Seca;;Pare;Residencial;0;0;4;1;0;0;0;0;0;0;0;0;-3,729209000000000;-38,489665000000000
256620;10;9;2015;07:00;357;RUA XAVIER DE OLIVEIRA;RUA ERICO MOTA;;0;;Colis?úo Transversal;Luz do Dia;Bom;Seca;Cruz;Pare;Residencial;0;0;2;1;0;0;0;0;0;0;0;0;-3,747288000000000;-38,560547000000000
256621;10;9;2015;08:40;331;RUA ERICO MOTA;RUA NESTOR BARBOSA;;0;;Colis?úo Lateral;Luz do Dia;Bom;Seca;Cruz;Pare;Residencial;0;0;2;1;1;0;0;0;0;0;0;0;-3,745189000000000;-38,560980000000000
256632;10;9;2015;11:00;26214;AV DOLOR BARREIRA;RUA DALVA RODRIGUES;;0;;Colis?úo Lateral;Luz do Dia;Bom;Seca;Cruz;N?úo H?í Controle;Residencial;0;0;2;0;0;0;0;0;0;1;0;0;;
256635;10;9;2015;09:40;7860;AV ANTONIO SALES;AV SEN VIRGILIO TAVORA;;0;;Colis?úo Traseira;Luz do Dia;Bom;Seca;Cruz;Sem?íforo;Comercial;0;0;2;1;0;0;0;0;0;0;0;0;-3,747279000000000;-38,496500000000000
256636;10;9;2015;13:50;1459;RUA BARBOSA DE FREITAS;RUA EDUARDO GARCIA;;0;;Colis?úo Transversal;Luz do Dia;Bom;Seca;Cruz;Sem?íforo;Comercial;0;0;2;1;0;0;0;0;0;0;0;0;-3,738523000000000;-38,497999000000000
256637;10;9;2015;10:00;618;AV DR THEBERGE;RUA COS GOUVEIA;;0;;Atropelamento;;Bom;Seca;T;Sem?íforo Intermitente;Comercial;0;0;2;0;0;0;0;0;0;0;0;0;-3,717354000000000;-38,565848000000000
256639;10;9;2015;22:51;1701;RUA CAP ARAGAO;RUA CAP VASCONCELOS D46;;0;;Colis?úo Transversal;Via Iluminada;Bom;Seca;Cruz;Sem?íforo;Residencial;1;1;0;1;0;0;0;0;0;0;0;0;-3,765538000000000;-38,517041000000000
256640;10;9;2015;14:30;8647;AV EDILSON B SOARES;RUA PRO SOLON FARIAS;;0;;Colis?úo Traseira;Luz do Dia;Bom;Seca;Cruz;Pare;Misto;0;0;2;1;0;0;0;0;0;0;0;0;-3,789155000000000;-38,477116000000000
256624;10;9;2015;16:15;0;AV AGUANAMBI;;;1550;;Colis?úo Lateral;Luz do Dia;Bom;Seca;Meio de Quadra;Outros;Misto;0;0;2;1;0;0;0;1;0;0;0;0;-3,750829000000000;-38,523585000000000
256684;10;9;2015;19:20;1349;AV SANTOS DUMONT;RUA VIS MAUA;;0;;Colis?úo Transversal;Anoitecer;Bom;Seca;Cruz;Pare;Comercial;0;0;2;1;0;0;0;0;0;0;0;0;-3,735909000000000;-38,499371000000000
256685;10;9;2015;20:10;0;AV ANTONIO SALES;;;0;MERCADINHO JAPONES;Colis?úo Traseira;Via Iluminada;Bom;Seca;Meio de Quadra;Sem?íforo;Misto;0;0;2;1;0;0;0;0;0;0;0;0;;
256531;10;9;2015;14:10;13602;AV GAL MURILO BORGES;AV ROGACIANO LEITE;;0;;Engavetamento;Luz do Dia;Bom;Seca;;N?úo H?í Controle;Comercial;0;1;3;1;0;0;0;0;0;0;0;0;-3,767788000000000;-38,496968000000000
256564;10;9;2015;17:30;1601;RUA PDE VALDEVINO;RUA VIS MAUA;;0;;Colis?úo Lateral;Via Iluminada;Bom;Seca;Cruz;Pare;Misto;0;0;3;1;0;0;0;0;0;0;0;0;-3,743773000000000;-38,501876000000000
256562;10;9;2015;19:15;0;RUA FRANCISCO LORDA;;;466;;Colis?úo Lateral;Via Iluminada;Bom;Seca;Meio de Quadra;;Residencial;0;0;2;1;0;0;1;0;0;0;0;0;-3,761508000000000;-38,533195000000000
256566;10;9;2015;20:20;9282;AV AGUANAMBI;RD BR 116;;0;;Colis?úo Lateral;;Bom;Seca;Rotat??ria;Sem?íforo;Comercial;0;0;2;1;0;0;0;0;0;0;0;0;-3,755596000000000;-38,523010000000000
256568;10;9;2015;18:00;3894;AV EDUARDO GIRAO;RUA JULIO CESAR D12;;0;;Colis?úo Lateral;Anoitecer;Bom;Seca;;Sem?íforo;Comercial;0;0;2;1;1;0;0;0;0;0;0;0;-3,747630000000000;-38,540636000000000
256573;10;9;2015;07:30;23516;RUA ANA GONCALVES;RUA FIS VIEIRA;;0;;Colis?úo Traseira;Luz do Dia;Bom;Seca;Cruz;Pare;Comercial;0;0;2;0;0;0;1;0;0;1;0;0;-3,759693000000000;-38,514701000000000
256603;10;9;2015;19:00;0;AV GOV PARSIFAL BARROSO;;;300;;Colis?úo Traseira;Via Iluminada;Bom;Seca;Meio de Quadra;Outros;Residencial;0;0;2;1;0;0;1;0;0;0;0;0;-3,729806000000000;-38,569183000000000
256598;10;9;2015;11:25;0;RUA FLORIANO PEIXOTO;RUA SAO PAULO;;458;;Colis?úo Lateral;Luz do Dia;Bom;Seca;;;;0;2;0;1;0;0;0;0;0;0;0;0;-3,726520000000000;-38,526869000000000
256616;10;9;2015;20:00;0;AV GOV PARSIFAL BARROSO;;;400;;Colis?úo Traseira;Via Iluminada;Bom;Seca;Meio de Quadra;Outros;Residencial;0;0;2;1;0;0;0;0;0;0;0;0;-3,730525000000000;-38,569107000000000
256590;10;9;2015;08:30;0;AV JOR THOMAZ COELHO;;;3000;MOTEL 3000;Colis?úo Traseira;Luz do Dia;Bom;Seca;Meio de Quadra;N?úo H?í Controle;Comercial;0;0;3;1;0;0;0;0;0;1;0;0;-3,828868000000000;-38,521968000000000
256593;10;9;2015;14:20;22200;AV SGT HERMINIO SAMPAIO;RUA MAJ VERISSIMO;;0;;Colis?úo Lateral;Luz do Dia;Bom;Seca;Cruz;Pare;Comercial;0;1;1;1;0;0;0;0;0;1;0;0;-3,726516000000000;-38,561327000000000
256584;10;9;2015;17:30;17294;RUA JOAO FIRMINO;RUA CEL ALEXANDRINO;;0;;Colis?úo Transversal;Via Iluminada;Bom;Seca;Cruz;Pare;Comercial;0;0;3;1;0;0;0;0;0;0;0;0;-3,763514000000000;-38,554922000000000
256579;10;9;2015;;15280;RUA TEN BENEVOLO;RUA DR JOSE LOURENCO;;0;;Colis?úo Transversal;Luz do Dia;Bom;Seca;Cruz;Pare;Misto;0;1;1;0;1;0;0;0;0;0;0;0;-3,729029000000000;-38,506010000000000
266123;10;9;2015;15:18;0;AV GAL MURILO BORGES;;;0;;Colis?úo;Luz do Dia;;;Meio de Quadra;;;0;1;0;1;0;0;0;0;0;0;0;0;;
266125;10;9;2015;16:11;0;AV CARNEIRO DE MENDONCA;;;480;;Colis?úo;Luz do Dia;;;Meio de Quadra;;;0;1;0;1;0;0;0;0;0;1;0;0;-3,765594000000000;-38,563721000000000
266119;10;9;2015;15:07;17366;RUA EDITE BRAGA;RUA ROMEU MARTINS;;0;;Colis?úo;Luz do Dia;;;Cruz;Pare;Residencial;0;1;0;1;0;0;0;0;0;1;0;0;-3,766408000000000;-38,552486000000000
266116;10;9;2015;12:43;0;RUA PERNAMBUCO;;;1911;;Colis?úo;Luz do Dia;;;Meio de Quadra;;;0;1;0;1;0;0;0;0;0;1;0;0;-3,755194000000000;-38,574555000000000
266112;10;9;2015;11:30;15280;RUA DR JOSE LOURENCO;RUA TEN BENEVOLO;;0;;Colis?úo;Luz do Dia;;;Cruz;Pare;Comercial;0;1;1;1;1;0;0;0;0;0;0;0;-3,729029000000000;-38,506010000000000
266114;10;9;2015;12:42;0;RUA ABELARDO MARINHO;;;0;;Atropelamento;Luz do Dia;;;Meio de Quadra;;;0;1;0;1;0;0;0;0;0;0;0;0;;
266108;10;9;2015;10:20;0;RUA WALDIR DIOGO;;;700;;Colis?úo;Luz do Dia;;;Meio de Quadra;;;0;1;1;0;0;0;0;0;0;1;0;0;-3,805169000000000;-38,584112000000000