COD_ACIDENTE;DIA;MES;ANO;HORA;INTERSECAO;LOG1;LOG2;LOG3;NUMERO;REFERENCIA;NATUREZA;ILUMINACAO;TEMPO;SUPERFICIEPISTA;TIPOCRUZAMENTO;CONTROLETRAFEGO;USOSOLO;MORTOS;FERIDOS;ILESOS;AUTOMOVEL;ONIBUS;BICICLETA;CAMINHAO;MICROONIBUS;CICLOMOTOR;MOTOCICLETA;TRACAOANIMAL;TREM;LATITUDE;LONGITUDE
266101;10;9;2015;09:12;0;AV GODOFREDO MACIEL;;;4535;;Colis?úo;Luz do Dia;;;Meio de Quadra;;;0;1;0;1;0;0;0;0;0;1;0;0;;
266098;10;9;2015;08:05;23516;RUA ANA GONCALVES;RUA FIS VIEIRA;;0;;Colis?úo;Luz do Dia;;;Cruz;Pare;Comercial;0;1;0;1;0;0;0;0;0;1;0;0;-3,759693000000000;-38,514701000000000
266099;10;9;2015;08:56;0;AV PERIMETRAL;;;2190;;Colis?úo;Luz do Dia;;;Meio de Quadra;;;0;1;0;1;0;0;0;0;0;0;0;0;-3,819419000000000;-38,561880000000000
266093;10;9;2015;05:44;0;AV GAL OSORIO DE PAIVA;;;4873;;Colis?úo;Amanhecer;;;Meio de Quadra;;;0;1;0;1;0;0;0;0;0;1;0;0;-3,801413000000000;-38,598857000000000
266091;10;9;2015;00:30;10005;RUA TAQUARI;RUA DUAS NACOES;;0;;Colis?úo;;;;Cruz;Pare;Residencial;0;1;0;1;0;0;0;0;0;1;0;0;-3,776149000000000;-38,601822000000000
266146;10;9;2015;14:00;0;RUA ALBERTO MONTEZUMA;;;255;;Atropelamento;Luz do Dia;;;Meio de Quadra;;;0;1;1;0;0;0;0;0;0;0;0;0;-3,765714000000000;-38,533176000000000
266139;10;9;2015;18:22;0;AV JOSE BASTOS;;;0;;Colis?úo;Anoitecer;;;Meio de Quadra;;;0;1;0;0;0;0;0;0;0;1;0;0;;
266141;10;9;2015;19:16;0;RUA PDE GUERRA;;;0;;Colis?úo;Anoitecer;;;Meio de Quadra;;;0;1;0;1;0;0;0;0;0;1;0;0;-3,736333000000000;-38,545076000000000
266131;10;9;2015;17:28;3767;AV DOMINGOS OLIMPIO;AV IMPERADOR;;0;;Colis?úo;Anoitecer;;;Cruz;Sem?íforo;Comercial;0;1;0;0;0;0;0;0;0;1;0;0;-3,734790000000000;-38,536697000000000
266132;10;9;2015;17:30;0;AV PRO JOSE ARTHUR CARVALHO;;;370;;Colis?úo;Anoitecer;;;Meio de Quadra;;;0;1;0;1;0;0;0;0;0;1;0;0;-3,825979000000000;-38,476121000000000
266133;10;9;2015;02:19;3998;RUA ALBERTO MAGNO;RUA SAMUEL UCHOA;;0;;Colis?úo;;;;Cruz;Pare;Comercial;0;1;0;1;0;0;0;0;0;1;0;0;-3,756713000000000;-38,542824000000000
266134;10;9;2015;17:44;0;AV MAJ ASSIS;;;2129;;Atropelamento;Anoitecer;;;Meio de Quadra;;;0;1;0;0;0;0;0;0;0;0;0;0;-3,721030000000000;-38,598933000000000
266129;10;9;2015;16:25;4650;RUA PEDRO LAZAR;RUA SEN PAULA PESSOA;;0;;Colis?úo;Luz do Dia;;;;;;0;0;1;1;0;0;0;0;0;1;0;0;-3,802802000000000;-38,488505000000000
266136;10;9;2015;17:47;0;AV BENJAMIM BRASIL;;;1330;;Colis?úo;Anoitecer;;;Meio de Quadra;;;0;1;0;1;0;0;0;0;0;1;0;0;-3,806031000000000;-38,563451000000000
266137;10;9;2015;13:00;25085;RUA VIRGILIO NOGUEIRA PAES;RUA OSCAR ARARIPE;;0;;Colis?úo;Luz do Dia;;;Cruz;Sem?íforo;Comercial;0;1;0;1;0;0;0;0;0;0;0;0;-3,788212000000000;-38,608554000000000
266157;10;9;2015;22:55;0;AV BEZERRA DE MENEZES;;;1807;;Colis?úo;;;;Meio de Quadra;;;0;1;0;0;0;0;0;0;0;0;0;0;;
266151;10;9;2015;21:03;0;AV DIOGUINHO;;;0;;Colis?úo;;;;Meio de Quadra;;;0;1;0;1;0;0;0;0;0;1;0;0;;
259585;10;9;2015;09:00;0;RD CE-060;;;0;KM-01;Colis?úo;Luz do Dia;Bom;Seca;Meio de Quadra;;Comercial;0;1;1;1;0;0;0;0;0;1;0;0;-3,819537000000000;-38,576995000000000
259586;10;9;2015;20:45;0;RD CE-040;;;0;KM-02;Colis?úo;Luz do Dia;Bom;Seca;Meio de Quadra;N?úo H?í Controle;Comercial;0;0;2;1;0;0;0;0;0;0;0;0;-3,776479000000000;-38,481598000000000
259233;10;9;2015;07:00;0;RD BR 116;;;4000;KM-04;Colis?úo Lateral;Luz do Dia;Bom;Seca;Meio de Quadra;N?úo H?í Controle;Comercial;0;0;2;1;0;0;0;0;0;0;0;0;-3,788331000000000;-38,510646000000000
259234;10;9;2015;10:00;0;RD BR 116;;;1000;KM-01;Colis?úo Traseira;Luz do Dia;Bom;Seca;Meio de Quadra;N?úo H?í Controle;Comercial;0;1;3;1;0;0;0;0;0;0;0;0;-3,762554000000000;-38,518702000000000
256940;10;9;2015;08:00;4542;AV DEP PAULINO ROCHA;RUA CEL ZACARIAS J FRANCA;;0;;Colis?úo Lateral;Luz do Dia;Bom;Seca;T;Pare;Residencial;0;1;1;1;0;0;0;0;0;1;0;0;-3,805266000000000;-38,508111000000000
256944;10;9;2015;13:00;0;AV PRS COSTA E SILVA;;;712;;Colis?úo Traseira;Luz do Dia;Bom;Seca;Meio de Quadra;N?úo H?í Controle;Misto;0;0;2;1;0;0;1;0;0;0;0;0;-3,812378000000000;-38,573047000000000
256925;10;9;2015;14:00;0;RUA METON DE ALENCAR;;;1284;;Engavetamento;Luz do Dia;Bom;Seca;Meio de Quadra;Sem?íforo;Comercial;0;0;3;1;0;0;0;0;0;0;0;0;-3,732276000000000;-38,534941000000000
256928;10;9;2015;15:00;0;AV JOSE BASTOS;;;4600;INCRA;Colis?úo Transversal;Luz do Dia;Bom;Seca;Meio de Quadra;N?úo H?í Controle;Comercial;0;1;1;1;0;0;0;0;0;1;0;0;-3,756877000000000;-38,557601000000000
256931;10;9;2015;23:06;0;AV BEZERRA DE MENEZES;;;1804;;Colis?úo Lateral;Via Iluminada;Bom;Seca;Meio de Quadra;N?úo H?í Controle;Comercial;1;1;1;0;1;0;0;0;0;1;0;0;;
256933;10;9;2015;20:20;0;RUA CON DE CASTRO;;;5995;;Colis?úo Lateral;Via Iluminada;Bom;Seca;Meio de Quadra;N?úo H?í Controle;Residencial;0;2;1;1;0;0;0;0;0;1;0;0;-3,815188000000000;-38,599228000000000
256935;10;9;2015;10:05;0;AV BEZERRA DE MENEZES;;;2670;;Colis?úo Lateral;Luz do Dia;Bom;Seca;Meio de Quadra;N?úo H?í Controle;Comercial;0;1;1;0;1;0;0;0;0;1;0;0;-3,736496000000000;-38,568487000000000
271143;10;9;2015;14:49;0;AV CEL CARVALHO;;;1997;;Colis?úo;Luz do Dia;;;Meio de Quadra;;;0;0;2;0;0;0;0;0;0;0;0;0;-3,720102000000000;-38,587245000000000
271145;10;9;2015;14:53;0;AV SGT HERMINIO SAMPAIO;;;3300;;Colis?úo;Luz do Dia;;;Meio de Quadra;;;0;0;2;0;0;0;0;0;0;0;0;0;-3,728096000000000;-38,570258000000000
264793;10;9;2015;17:23;0;AV MIN JOSE AMERICO;;;0;;Colis?úo;Anoitecer;;;Meio de Quadra;;;0;0;2;1;0;0;1;0;0;0;0;0;;
256689;10;9;2015;13:50;0;AV DOMINGOS OLIMPIO;;;513;;Colis?úo Traseira;Luz do Dia;Bom;Seca;Meio de Quadra;N?úo H?í Controle;Comercial;0;0;2;1;0;0;0;0;0;0;0;0;-3,737545000000000;-38,528033000000000
256695;10;9;2015;14:55;0;RUA CAP VASCONCELOS D46;;;101;;Colis?úo Lateral;Luz do Dia;Bom;Seca;Meio de Quadra;N?úo H?í Controle;Comercial;0;0;2;1;0;0;0;0;0;0;0;0;-3,762567000000000;-38,517552000000000
256707;10;9;2015;19:40;0;AV TEN LISBOA;;;546;;Colis?úo Frontal;Via Iluminada;Bom;Seca;Meio de Quadra;N?úo H?í Controle;Comercial;0;1;1;1;0;0;0;0;0;1;0;0;-3,726230000000000;-38,572192000000000
256713;10;9;2015;08:40;0;AV 13 DE MAIO;;;0;;Outros;Luz do Dia;Bom;Seca;Meio de Quadra;Sem?íforo;Comercial;0;0;1;1;0;0;0;0;0;0;0;0;;
256714;10;9;2015;10:00;0;AV PERIMETRAL;;;0;;Colis?úo Transversal;;Bom;;Meio de Quadra;;Comercial;0;1;1;0;0;0;0;0;0;1;0;0;;
264808;11;9;2015;20:29;0;RUA MON CATAO;;;0;;Colis?úo;;;;Meio de Quadra;;;0;0;2;1;0;0;0;0;0;0;0;0;;
271147;11;9;2015;11:12;0;AV CEL CARVALHO;;;581;;Colis?úo;Luz do Dia;;;Meio de Quadra;;;0;0;2;0;0;0;0;0;0;0;0;0;-3,707281000000000;-38,590548000000000
271149;11;9;2015;11:39;1343;RUA MARCOS MACEDO;AV SEN VIRGILIO TAVORA;;0;;Atropelamento;Luz do Dia;;;Cruz;Pare;Comercial;0;0;2;0;0;0;0;0;0;0;0;0;-3,735843000000000;-38,492845000000000
271150;11;9;2015;16:23;7855;RUA HENRIQUETA GALENO;RUA CEL JUCA;;0;;Colis?úo;Luz do Dia;;;Cruz;Pare;Residencial;0;0;2;0;0;0;0;0;0;0;0;0;-3,746989000000000;-38,494284000000000
271151;11;9;2015;16:41;0;AV CASTELO DE CASTRO;;;704;;Colis?úo;Luz do Dia;;;Meio de Quadra;;;0;0;2;0;0;0;0;0;0;0;0;0;;
271152;11;9;2015;23:58;4111;RUA LUCAS PINTO;RUA ENG JOAO NOGUEIRA;;0;;Colis?úo;;;;Cruz;Pare;Rural;0;0;2;0;0;0;0;0;0;0;0;0;-3,713279000000000;-38,558392000000000
271153;11;9;2015;00:03;13534;AV SORIANO ALBUQUERQUE;RUA JOAO CORDEIRO;;0;;Colis?úo;;;;Cruz;Pare;Residencial;0;0;2;0;0;0;0;0;0;0;0;0;-3,747871000000000;-38,519458000000000
266326;11;9;2015;20:42;0;RUA 15 DE NOVEMBRO;;;654;;Colis?úo;;;;Meio de Quadra;;;0;1;0;1;0;0;0;0;0;1;0;0;-3,769392000000000;-38,554589000000000
266331;11;9;2015;20:45;13381;RUA JOAO CORDEIRO;RUA JOAO BRIGIDO;;0;;Atropelamento;;;;Cruz;Sem?íforo;Residencial;0;1;0;0;0;0;0;0;0;0;0;0;-3,739927000000000;-38,517870000000000
266333;11;9;2015;21:18;0;AV JOSE BASTOS;;;0;;Colis?úo;;;;Meio de Quadra;;;0;0;1;0;0;0;0;0;0;0;0;0;;
266323;11;9;2015;19:10;23039;RUA PARAGUACU D45;AV DR SILAS MUNGUBA;;0;;Colis?úo;;;;Cruz;Sem?íforo;Comercial;0;1;1;1;0;0;0;0;0;1;0;0;-3,790248000000000;-38,540724000000000
266335;11;9;2015;22:37;0;AV GAL OSORIO DE PAIVA;;;0;;Colis?úo;;;;Meio de Quadra;;;0;1;0;0;0;0;0;0;0;0;0;0;-3,777121000000000;-38,568868000000000
266295;11;9;2015;17:56;0;AV FRANCISCO SA;;;6449;;Colis?úo;Anoitecer;;;Meio de Quadra;;;0;1;0;0;0;0;0;0;0;1;0;0;-3,709004000000000;-38,581647000000000
266278;11;9;2015;12:19;0;AV BEZERRA DE MENEZES;;;1049;;Colis?úo;Luz do Dia;;;Meio de Quadra;;;0;1;0;1;0;0;0;0;0;1;0;0;-3,733548000000000;-38,554219000000000
266304;11;9;2015;17:57;0;RUA 12 CJ PEQ MONDUBIM;;;600;;Colis?úo;Anoitecer;;;Meio de Quadra;;;0;1;0;1;0;0;0;0;0;1;0;0;;
266308;11;9;2015;18:01;0;AV PRS CASTELO BRANCO;;;0;;Atropelamento;Anoitecer;;;Meio de Quadra;;;0;1;0;0;0;0;0;0;0;1;0;0;;
266311;11;9;2015;18:01;0;RUA FREDERICO SEVERO;;;598;;Colis?úo;Anoitecer;;;Meio de Quadra;;;0;1;0;0;0;0;1;0;0;1;0;0;;
266320;11;9;2015;18:52;0;AV GODOFREDO MACIEL;;;0;;Colis?úo;;;;Meio de Quadra;;;0;1;0;0;0;0;0;0;0;0;0;0;;
266288;11;9;2015;15:54;0;AV SEN FERNANDES TAVORA;;;2432;;Colis?úo;Luz do Dia;;;Meio de Quadra;;;0;1;0;1;0;0;0;0;0;1;0;0;-3,755837000000000;-38,594468000000000
266289;11;9;2015;15:54;0;RUA BERNARDO MANUEL;;;0;;Queda;Luz do Dia;;;Meio de Quadra;;;0;1;0;0;0;0;0;0;0;1;0;0;;
266290;11;9;2015;16:21;0;RUA PDE ANCHIETA;;;1320;;Colis?úo;Luz do Dia;;;Meio de Quadra;;;0;1;0;0;0;0;0;0;0;0;0;0;-3,731750000000000;-38,552123000000000
266291;11;9;2015;16:47;0;RUA EMILIO DE MENESES;;;957;;Colis?úo;Luz do Dia;;;Meio de Quadra;;;0;1;0;0;0;0;0;0;0;0;0;0;-3,780977000000000;-38,590154000000000
266292;11;9;2015;17:13;0;RUA BENTO ALBUQUERQUE;;;1159;;Colis?úo;Anoitecer;;;Meio de Quadra;;;0;1;1;1;0;0;0;0;0;1;0;0;-3,745750000000000;-38,476966000000000
266195;11;9;2015;09:24;15139;AV MON TABOSA;RUA BAR ARACATI;;0;;Colis?úo;Luz do Dia;;;Cruz;Pare;Comercial;0;1;0;1;0;0;0;0;0;1;0;0;-3,724226000000000;-38,509158000000000
266193;11;9;2015;09:20;0;AV CESAR CALS;;;300;;Colis?úo;Luz do Dia;;;Meio de Quadra;;;0;1;0;0;0;0;1;0;0;1;0;0;-3,720712000000000;-38,464542000000000
266183;11;9;2015;08:19;0;AV GAL OSORIO DE PAIVA;;;744;;Colis?úo;Luz do Dia;;;Meio de Quadra;;;0;1;0;1;0;0;0;0;0;1;0;0;-3,777121000000000;-38,568868000000000
266177;11;9;2015;07:46;0;AV ENG HUMBERTO MONTE;;;1945;;Atropelamento;Luz do Dia;;;Meio de Quadra;;;0;1;0;0;0;0;0;0;0;1;0;0;-3,744054000000000;-38,564653000000000
266273;11;9;2015;11:06;0;AV CARNEIRO DE MENDONCA;RUA RIO GRANDE DO SUL;;0;;Colis?úo;Luz do Dia;;;;;;0;1;0;0;0;0;0;0;0;1;0;0;;
257749;11;9;2015;12:30;3869;RUA JOAQUIM MAGALHAES;RUA MAL DEODORO;;0;;Colis?úo Transversal;Luz do Dia;Bom;Seca;Cruz;Pare;Residencial;0;0;2;0;0;0;0;0;0;1;0;0;-3,737883000000000;-38,534258000000000
259587;11;9;2015;09:00;0;RD CE-040;;;0;KM-10;Colis?úo;Luz do Dia;Bom;Seca;Meio de Quadra;;Comercial;0;0;2;1;0;0;0;0;0;0;0;0;-3,838671000000000;-38,480068000000000
259588;11;9;2015;11:30;0;RD CE-040;;;0;KM-09;Colis?úo;Luz do Dia;Bom;Seca;Meio de Quadra;;Comercial;0;0;3;1;0;0;0;0;0;0;0;0;-3,824774000000000;-38,481431000000000
266162;11;9;2015;06:55;0;RUA OSCAR ARARIPE;;;530;;Colis?úo;Luz do Dia;;;Meio de Quadra;;;0;1;0;1;0;0;0;0;0;1;0;0;-3,792210000000000;-38,596124000000000
256574;11;9;2015;11:30;23372;AV PONTES VIEIRA;RUA FRE VIDAL;;0;;Colis?úo Traseira;Luz do Dia;Bom;Seca;;N?úo H?í Controle;Comercial;0;0;3;1;0;0;0;0;0;0;0;0;-3,753282000000000;-38,518209000000000
256575;11;9;2015;16:00;1467;AV SANTOS DUMONT;RUA MON CATAO;;0;;Colis?úo Traseira;Luz do Dia;Bom;Seca;Cruz;Sem?íforo;Comercial;0;0;3;1;0;0;0;0;0;0;0;0;-3,738745000000000;-38,490564000000000
256571;11;9;2015;20:50;0;AV PRS CASTELO BRANCO;;;2083;;Colis?úo Traseira;Via Iluminada;Bom;Seca;Meio de Quadra;Outros;Residencial;0;0;2;0;1;0;0;0;0;1;0;0;-3,714429000000000;-38,546681000000000
256569;11;9;2015;09:50;15139;AV MON TABOSA;RUA BAR ARACATI;;0;;Colis?úo Transversal;Luz do Dia;Bom;Seca;Cruz;Pare;Comercial;0;1;2;0;0;0;0;0;0;1;0;0;-3,724226000000000;-38,509158000000000
256563;11;9;2015;06:00;0;AV N CJ JOSE WALTER;;;2326;;Colis?úo;Luz do Dia;Bom;Seca;Meio de Quadra;N?úo H?í Controle;Residencial;1;1;0;0;0;1;0;0;0;1;0;0;-3,842125000000000;-38,562594000000000
256540;11;9;2015;19:00;0;AV ALM HENRIQUE SABOIA;;;0;;Colis?úo Lateral;Via Iluminada;Bom;Seca;Meio de Quadra;Pare;Comercial;0;0;2;1;1;0;0;0;0;0;0;0;;
256547;11;9;2015;16:30;1407;RUA TORRES CAMARA;RUA JOAQUIM NABUCO;;0;;Colis?úo Lateral;Via Iluminada;Bom;Seca;;Sem?íforo;Residencial;0;0;2;1;0;0;0;0;0;0;0;0;-3,737258000000000;-38,501932000000000
256545;11;9;2015;14:45;0;AV SGT HERMINIO SAMPAIO;;;1178;;Atropelamento;Luz do Dia;Bom;Seca;Meio de Quadra;N?úo H?í Controle;Comercial;0;1;1;0;1;0;0;0;0;0;0;0;-3,724773000000000;-38,551672000000000
256550;11;9;2015;21:00;25158;AV ALM MAXIMIANO DA FONSECA;AV WASHINGTON SOARES;;0;;Colis?úo Traseira;Via Iluminada;Bom;Seca;Cruz;Sem?íforo;Escola;0;1;2;0;0;0;0;0;0;1;0;0;-3,771482000000000;-38,482016000000000
256561;11;9;2015;07:15;0;RUA CEL MATOS DOURADO;;;0;;Colis?úo Lateral;Luz do Dia;Bom;Seca;Meio de Quadra;N?úo H?í Controle;Residencial;0;0;2;1;0;0;1;0;0;0;0;0;;
256559;11;9;2015;22:00;11299;RUA ROSA CRUZ;RUA PEDRO C FERNANDES;;0;;Outros;Via Iluminada;Bom;Seca;Cruz;Pare;Residencial;0;0;2;1;0;0;0;0;0;1;0;0;-3,799091000000000;-38,565894000000000
256499;11;9;2015;16:20;0;AV JOSE BASTOS;;;4530;;Colis?úo Traseira;Luz do Dia;Bom;Seca;Meio de Quadra;Sem?íforo;Comercial;0;0;2;1;0;0;0;0;0;0;0;0;-3,755977000000000;-38,556462000000000
256505;11;9;2015;22:00;12755;RUA JOAO SORONGO;RUA GRIJALVA COSTA;;0;;Colis?úo Transversal;Via Iluminada;Bom;Seca;Cruz;Pare;Residencial;0;0;2;1;0;0;0;0;0;1;0;0;-3,752371000000000;-38,541948000000000
256515;11;9;2015;15:15;0;AV GODOFREDO MACIEL;;;3255;;Outros;Luz do Dia;Bom;Seca;Meio de Quadra;N?úo H?í Controle;Comercial;0;0;3;1;0;0;0;0;0;0;0;0;-3,804166000000000;-38,572320000000000
256512;11;9;2015;15:40;17326;RUA ALBERTO MAGNO;RUA ALAN KARDEC;;0;;Colis?úo Transversal;Luz do Dia;Bom;Seca;Cruz;Pare;Comercial;0;1;1;0;0;0;0;0;0;1;0;0;-3,764796000000000;-38,549918000000000
256508;11;9;2015;14:40;577;AV FRANCISCO SA;AV DR THEBERGE;;0;;Colis?úo Lateral;Luz do Dia;Bom;Seca;Cruz;Sem?íforo;Comercial;0;1;1;0;1;0;0;0;0;1;0;0;-3,714822000000000;-38,565016000000000
256509;11;9;2015;07:00;15135;AV HIS RAIMUNDO GIRAO;RUA FRANCISCO DIAS RIBEIRO;;0;;Colis?úo Transversal;Amanhecer;Bom;Seca;Cruz;N?úo H?í Controle;Residencial;0;0;2;1;0;0;0;0;0;0;0;0;-3,724024000000000;-38,504397000000000
256517;11;9;2015;07:00;3896;AV EDUARDO GIRAO;RUA CARLOS CAMARA;;0;;Colis?úo Transversal;Luz do Dia;Bom;Seca;Cruz;Pare;Comercial;0;0;2;1;0;0;0;0;0;0;0;0;-3,747043000000000;-38,543106000000000
256525;11;9;2015;07:30;6760;AV ENG SANTANA JUNIOR;RUA GAL TERTULIANO POTYGUARA;;0;;Colis?úo Traseira;Luz do Dia;Bom;Seca;T;Pare;Comercial;0;1;1;1;0;0;0;0;0;1;0;0;-3,746669000000000;-38,489463000000000
256522;11;9;2015;18:00;0;AV F CJ CEARA;;;204;;Colis?úo Lateral;Anoitecer;Bom;Seca;Meio de Quadra;N?úo H?í Controle;Residencial;0;0;2;1;0;0;0;0;0;0;0;0;-3,763379000000000;-38,607877000000000
256530;11;9;2015;09:30;0;AV ALM HENRIQUE SABOIA;;;260;;Colis?úo Lateral;Luz do Dia;Bom;Seca;Meio de Quadra;Cancela;Residencial;0;0;2;1;0;0;0;0;0;0;0;0;-3,724612000000000;-38,480514000000000
256535;11;9;2015;15:00;25914;AV DOLOR BARREIRA;RUA JOSIAS PAULA DE SOUZA;;0;;Colis?úo Transversal;Luz do Dia;Bom;Seca;Cruz;N?úo H?í Controle;Comercial;0;0;2;1;0;0;0;0;0;1;0;0;-3,729109000000000;-38,472693000000000
256533;11;9;2015;12:20;16057;AV PRS COSTA E SILVA;AV GODOFREDO MACIEL;;0;;Colis?úo Traseira;Luz do Dia;Bom;Seca;Cruz;Sem?íforo;Comercial;0;0;2;1;0;0;0;0;0;0;0;0;-3,811743000000000;-38,574739000000000
256489;11;9;2015;00:10;7833;AV BAR STUDART;RUA CEL ALVES TEIXEIRA;;0;;Colis?úo Traseira;Via Iluminada;Bom;Seca;Cruz;Sem?íforo;Comercial;0;0;2;0;0;0;0;0;0;0;0;0;-3,746400000000000;-38,510368000000000
256485;11;9;2015;18:42;0;RUA DEMETRIO MENEZES;;;3590;;Colis?úo Lateral;Via Iluminada;Bom;Seca;Meio de Quadra;N?úo H?í Controle;Comercial;0;0;2;1;1;0;0;0;0;0;0;0;-3,734690000000000;-38,584216000000000
256487;11;9;2015;21:40;0;AV CARNEIRO DE MENDONCA;;;1378;;Colis?úo Lateral;Via Iluminada;Bom;Seca;Meio de Quadra;N?úo H?í Controle;Residencial;0;0;2;1;0;0;0;0;0;0;0;0;-3,761640000000000;-38,571358000000000
256452;11;9;2015;16:30;3204;RUA EMILIO DE MENESES;RUA ACACIAS D34;;0;;Colis?úo Transversal;Luz do Dia;Bom;Seca;Cruz;Pare;Residencial;0;1;1;0;1;0;0;0;0;1;0;0;-3,780938000000000;-38,590283000000000
256448;11;9;2015;08:00;0;AV PRS CASTELO BRANCO;;;2747;;Colis?úo Traseira;Luz do Dia;Bom;Seca;Meio de Quadra;N?úo H?í Controle;Residencial;0;0;2;1;0;0;0;0;0;1;0;0;-3,712610000000000;-38,552324000000000
256449;11;9;2015;08:20;0;AV MOZART PINHEIRO DE LUCENA;;;1752;;Colis?úo Transversal;Luz do Dia;Bom;Seca;Meio de Quadra;N?úo H?í Controle;Comercial;0;0;2;1;0;0;0;0;0;0;0;0;-3,717925000000000;-38,595600000000000
256436;11;9;2015;09:00;2765;RUA OSCAR ARARIPE;RUA MON SABINO FEIJAO;;0;;Colis?úo Traseira;Luz do Dia;Bom;Seca;Cruz;Pare;Residencial;0;1;1;1;0;0;0;0;0;1;0;0;-3,792186000000000;-38,596202000000000
256464;11;9;2015;19:55;0;AV DEP PAULINO ROCHA;;;50;;Colis?úo Lateral;Via Iluminada;Bom;Seca;Meio de Quadra;N?úo H?í Controle;Comercial;0;0;2;0;1;0;0;0;0;0;0;0;-3,802055000000000;-38,507550000000000
256468;11;9;2015;06:50;26073;AV FRANCISCO SA;AV JOSE JATAHY;;0;;Colis?úo Transversal;Amanhecer;Bom;Seca;Cruz;Sem?íforo;Comercial;0;1;1;0;1;0;0;0;0;1;0;0;;
256462;11;9;2015;11:30;17928;RUA ALCANTARA BILHAR;RUA SEN ALVARO ADOLFO;;0;;Colis?úo Frontal;Luz do Dia;Bom;Seca;T;Pare;Comercial;0;1;1;1;0;0;1;0;0;0;0;0;-3,733612000000000;-38,582392000000000
256457;11;9;2015;18:30;16051;AV GODOFREDO MACIEL;RUA OSCAR BENEVIDES;;0;;Outros;Via Iluminada;Bom;Seca;Outros;N?úo H?í Controle;Residencial;0;1;0;0;0;0;0;0;0;1;0;0;-3,810087000000000;-38,574179000000000
256476;11;9;2015;10:50;21379;AV JOVITA FEITOSA;RUA PRO RAIMUNDO ARRUDA;;0;;Colis?úo Traseira;Luz do Dia;Bom;Seca;Cruz;Sem?íforo;Comercial;0;0;2;1;0;0;0;0;0;0;0;0;-3,738742000000000;-38,550998000000000
256472;11;9;2015;09:20;0;AV JOSE SABOIA;;;300;;Colis?úo Lateral;Luz do Dia;Bom;Seca;Meio de Quadra;N?úo H?í Controle;Comercial;0;1;1;0;0;0;1;0;0;1;0;0;-3,717001000000000;-38,467612000000000
256482;11;9;2015;19:00;22167;AV JOSE BASTOS;RUA TAVARES IRACEMA;;0;;Colis?úo Transversal;Via Iluminada;Bom;Seca;T;N?úo H?í Controle;Comercial;0;1;1;1;0;0;0;0;0;1;0;0;-3,752313000000000;-38,552770000000000
256567;12;9;2015;16:30;25003;AV DR THEBERGE;AV SGT HERMINIO SAMPAIO;;0;;Colis?úo Lateral;Luz do Dia;Bom;Seca;Cruz;Sem?íforo;Residencial;0;0;2;1;1;0;0;0;0;0;0;0;-3,727916000000000;-38,569276000000000
256578;12;9;2015;10:30;2779;RUA OSCAR ARARIPE;RUA VICENTE PINHEIRO;;0;;Colis?úo;Luz do Dia;Bom;Seca;Cruz;Pare;Comercial;0;1;1;0;1;0;0;0;0;1;0;0;-3,792701000000000;-38,594600000000000
256617;12;9;2015;08:00;0;AV GOV RAUL BARBOSA;;;6875;;Colis?úo Traseira;Luz do Dia;Bom;Seca;Meio de Quadra;N?úo H?í Controle;Residencial;0;0;3;1;0;0;0;0;0;0;0;0;-3,773919000000000;-38,512782000000000
256618;12;9;2015;10:20;0;AV SANTOS DUMONT;;;994;;Outros;Luz do Dia;Bom;Seca;Meio de Quadra;N?úo H?í Controle;Comercial;0;0;2;1;1;0;0;0;0;0;0;0;-3,730937000000000;-38,514595000000000
256581;12;9;2015;11:00;3420;AV JOAO PESSOA;RUA DES PRAXEDES;;0;;Colis?úo Traseira;Luz do Dia;Bom;Seca;Cruz;Sem?íforo;Comercial;0;0;1;1;0;0;0;0;0;1;0;0;-3,756946000000000;-38,553504000000000
256682;12;9;2015;10:30;21376;AV JOVITA FEITOSA;RUA PRO NOGUEIRA;;0;;Colis?úo Transversal;Luz do Dia;Bom;Seca;Cruz;Pare;Comercial;0;0;2;1;0;0;0;0;0;0;0;0;-3,738280000000000;-38,548839000000000
256679;12;9;2015;06:00;23039;AV DR SILAS MUNGUBA;RUA PARAGUACU D45;;0;;Colis?úo Lateral;Luz do Dia;Bom;Seca;Cruz;Sem?íforo;Comercial;0;1;1;1;0;0;0;0;1;0;0;0;-3,790248000000000;-38,540724000000000
256676;12;9;2015;13:15;0;AV DUQ CAXIAS;;;761;;Colis?úo Traseira;Luz do Dia;Bom;Seca;Meio de Quadra;Sem?íforo;Comercial;0;0;2;1;0;0;0;0;0;1;0;0;-3,731378000000000;-38,531144000000000
256669;12;9;2015;00:15;650;RUA COS GOUVEIA;RUA FREDERICO ANDRADE;;0;;Colis?úo Transversal;;Bom;Seca;Cruz;Pare;Residencial;0;0;2;1;0;0;0;0;0;0;0;0;-3,717218000000000;-38,565142000000000