COD_ACIDENTE;DIA;MES;ANO;HORA;INTERSECAO;LOG1;LOG2;LOG3;NUMERO;REFERENCIA;NATUREZA;ILUMINACAO;TEMPO;SUPERFICIEPISTA;TIPOCRUZAMENTO;CONTROLETRAFEGO;USOSOLO;MORTOS;FERIDOS;ILESOS;AUTOMOVEL;ONIBUS;BICICLETA;CAMINHAO;MICROONIBUS;CICLOMOTOR;MOTOCICLETA;TRACAOANIMAL;TREM;LATITUDE;LONGITUDE
256670;12;9;2015;15:50;3030;RUA ANDRE REBOUCAS;RUA DIOGO CORREIA;;0;;Colis?úo Transversal;Luz do Dia;Bom;Seca;Cruz;Sem?íforo;Comercial;0;1;1;1;0;0;0;0;0;1;0;0;-3,774008000000000;-38,588606000000000
256633;12;9;2015;01:30;0;AV PRS JUSCELINO KUBITSCHEK (PASSAR?ë);;;5471;;Colis?úo Traseira;Via Iluminada;Bom;Seca;Meio de Quadra;N?úo H?í Controle;Comercial;0;1;1;1;0;0;1;0;0;0;0;0;-3,823873000000000;-38,537324000000000
256622;12;9;2015;06:00;7874;RUA BARBOSA DE FREITAS;RUA LIVIO BARRETO;;0;;Colis?úo Frontal;Luz do Dia;Bom;Seca;T;Pare;Misto;0;0;2;0;0;0;0;0;0;1;0;0;-3,752204000000000;-38,502343000000000
256629;12;9;2015;10:30;1597;RUA GAL TERTULIANO POTYGUARA;RUA JOR OLAVO ARAUJO;;0;;Colis?úo Lateral;Luz do Dia;;;;;;0;0;2;1;0;0;0;0;0;1;0;0;-3,743608000000000;-38,499106000000000
256652;12;9;2015;02:38;0;AV DR SILAS MUNGUBA;;;4885;;Choque c/ Obst?ículo Fixo;Via Iluminada;Bom;Seca;Meio de Quadra;N?úo H?í Controle;Misto;0;0;1;1;0;0;0;0;0;0;0;0;-3,795722000000000;-38,532360000000000
256658;12;9;2015;14:00;5685;RUA ESV AZEVEDO;RUA CEZIDIO ALBUQUERQUE;;0;;Colis?úo Transversal;Luz do Dia;Bom;Seca;Cruz;N?úo H?í Controle;Residencial;0;0;2;1;0;0;0;0;0;0;0;0;-3,795992000000000;-38,505316000000000
256666;12;9;2015;14:30;0;RUA BENTO ALBUQUERQUE;;;550;;Colis?úo Lateral;Luz do Dia;Bom;Seca;Meio de Quadra;Outros;Comercial;0;0;2;1;0;0;0;0;0;0;0;0;-3,743835000000000;-38,482932000000000
259268;12;9;2015;13:20;0;RD BR 222;;;0;KM-01;Colis?úo Traseira;Luz do Dia;Bom;Molhada;Meio de Quadra;N?úo H?í Controle;Comercial;0;1;6;1;1;0;0;0;0;0;0;0;-3,737774000000000;-38,577952000000000
259237;12;9;2015;09:10;0;RD BR 116;;;4000;KM-04;Atropelamento;Luz do Dia;Bom;Seca;Meio de Quadra;N?úo H?í Controle;Comercial;0;2;0;0;0;0;0;0;0;1;0;0;-3,788331000000000;-38,510646000000000
266176;12;9;2015;10:30;21602;RUA RAIMUNDO NERY;RUA CON DE CASTRO;;0;;Colis?úo;Luz do Dia;;;;;;0;1;0;1;0;0;0;0;0;1;0;0;-3,797482000000000;-38,584986000000000
266173;12;9;2015;10:25;0;RUA MALMEQUER;;;570;;Colis?úo Lateral;Luz do Dia;;;Meio de Quadra;;;0;0;1;1;0;0;0;0;0;0;0;0;-3,791778000000000;-38,538826000000000
266338;12;9;2015;00:36;0;RUA GUIOMAR NOVAES;;;109;;Queda;;;;Meio de Quadra;;;0;1;0;0;0;0;0;0;0;1;0;0;;
266356;12;9;2015;07:57;0;AV JOSE BASTOS;;;4160;;Colis?úo;Luz do Dia;;;Meio de Quadra;;;0;1;0;1;0;0;0;0;0;1;0;0;-3,754300000000000;-38,554763000000000
266345;12;9;2015;02:37;0;AV DOM MANUEL;;;480;;Queda;;;;Meio de Quadra;;;0;1;0;0;0;1;0;0;0;0;0;0;-3,728489000000000;-38,521156000000000
266351;12;9;2015;05:12;0;AV ROGACIANO LEITE;;;2324;;Queda;Amanhecer;;;Meio de Quadra;;;0;1;0;0;0;0;0;0;0;1;0;0;-3,775967000000000;-38,500315000000000
266368;12;9;2015;08:03;0;AV WASHINGTON SOARES;;;6180;;Colis?úo;Luz do Dia;;;Meio de Quadra;;;0;1;0;1;0;0;0;0;0;1;0;0;-3,813212000000000;-38,479960000000000
266377;12;9;2015;08:45;15204;AV ABOLICAO;RUA JULIO IBIAPINA;;0;;Colis?úo;Luz do Dia;;;Cruz;Sem?íforo;Comercial;0;1;0;1;0;0;0;0;0;1;0;0;-3,726679000000000;-38,491290000000000
266382;12;9;2015;10:07;3420;AV JOAO PESSOA;RUA DES PRAXEDES;;0;;Colis?úo;Luz do Dia;;;Cruz;Sem?íforo;Comercial;0;1;0;1;0;0;0;0;0;1;0;0;-3,756946000000000;-38,553504000000000
266383;12;9;2015;10:37;7433;RUA PEDRO DANTAS;RUA CLARIM;;0;;Colis?úo;Luz do Dia;;;T;Pare;Residencial;0;1;0;1;0;0;0;0;0;1;0;0;-3,785202000000000;-38,525882000000000
266389;12;9;2015;13:11;0;AV CONTORNO OESTE D71;;;1168;;Colis?úo;Luz do Dia;;;Meio de Quadra;;;0;1;0;1;0;0;0;0;0;1;0;0;;
266385;12;9;2015;11:00;0;RUA OSCAR ARARIPE;;;348;;Colis?úo;Luz do Dia;;;Meio de Quadra;;;0;1;0;0;0;0;0;0;0;0;0;0;-3,792725000000000;-38,594522000000000
266387;12;9;2015;12:09;0;AV DA UNIVERSIDADE;;;0;;Colis?úo;Luz do Dia;;;Meio de Quadra;;;0;1;0;0;0;0;0;0;0;1;0;0;;
266441;12;9;2015;23:42;0;AV JOAO PESSOA;;;6571;;Colis?úo;;;;Meio de Quadra;;;0;1;0;1;0;0;0;0;0;1;0;0;-3,767508000000000;-38,559916000000000
266437;12;9;2015;20:51;0;AV LINEU MACHADO;;;1074;;Colis?úo;;;;Meio de Quadra;;;0;1;0;1;0;0;0;0;0;1;0;0;-3,769107000000000;-38,578584000000000
266438;12;9;2015;20:52;0;RUA CON DE CASTRO;;;4125;;Colis?úo;;;;Meio de Quadra;;;1;1;1;1;0;0;0;0;0;1;0;0;;
266439;12;9;2015;22:39;0;RUA BERNARDO MANUEL;;;9270;;Atropelamento;;;;Meio de Quadra;;;0;1;0;0;0;0;0;0;0;0;0;0;-3,800706000000000;-38,552025000000000
266427;12;9;2015;16:52;0;RUA JANDIRA;;;947;;Colis?úo;Luz do Dia;;;Meio de Quadra;;;0;1;0;0;0;0;0;0;0;1;0;0;;
266428;12;9;2015;16:56;0;AV FRANCISCO SA;;;1834;;Queda;Luz do Dia;;;Meio de Quadra;;;0;1;0;0;0;0;0;0;0;1;0;0;-3,722471000000000;-38,541900000000000
266430;12;9;2015;17:32;0;RUA MARIA QUINTELA;;;448;;Colis?úo;Anoitecer;;;Meio de Quadra;;;0;1;0;1;0;0;0;0;0;1;0;0;-3,776774000000000;-38,584445000000000
266432;12;9;2015;18:18;0;AV PRS CASTELO BRANCO;;;5921;;Atropelamento;Anoitecer;;;Meio de Quadra;;;0;1;0;0;0;0;0;0;0;1;0;0;-3,702100000000000;-38,583382000000000
266433;12;9;2015;19:01;0;RUA CEL MATOS DOURADO;;;230;;Atropelamento;;;;Meio de Quadra;;;0;1;0;1;0;0;0;0;0;0;0;0;-3,740878000000000;-38,585213000000000
266435;12;9;2015;19:09;0;RUA SAO RAIMUNDO D51;;;865;;Atropelamento;;;;Meio de Quadra;;;0;1;0;0;0;0;0;0;0;1;0;0;;
266394;12;9;2015;14:19;0;RUA BUENO;;;590;;Colis?úo;Luz do Dia;;;Meio de Quadra;;;0;1;1;0;0;0;0;0;0;1;0;0;;
266421;12;9;2015;15:56;3030;RUA ANDRE REBOUCAS;RUA DIOGO CORREIA;;0;;Colis?úo;Luz do Dia;;;Cruz;Sem?íforo;Comercial;0;1;0;1;0;0;0;0;0;1;0;0;-3,774008000000000;-38,588606000000000
266423;12;9;2015;15:56;12594;RUA JANDIRA;RUA FENELON BOMILCAR;;0;;Colis?úo;Luz do Dia;;;Cruz;Pare;Comercial;0;1;0;0;0;0;0;0;0;1;0;0;-3,715430000000000;-38,586889000000000
266425;12;9;2015;16:33;0;RUA ASSUNCAO;;;844;;Atropelamento;Luz do Dia;;;Meio de Quadra;;;0;1;0;1;0;0;0;0;0;0;0;0;-3,737472000000000;-38,529662000000000
271154;12;9;2015;06:01;0;AV ROGACIANO LEITE;;;2324;;Colis?úo;Luz do Dia;;;Meio de Quadra;;;0;0;2;0;0;0;0;0;0;0;0;0;-3,775967000000000;-38,500315000000000
271155;12;9;2015;08:38;3197;RUA CARLOS CHAGAS;RUA ARACA;;0;;Colis?úo;Luz do Dia;;;Cruz;Pare;Residencial;0;0;2;0;0;0;0;0;0;0;0;0;-3,780663000000000;-38,583399000000000
271156;12;9;2015;09:51;0;RUA BERNARDO MANUEL;;;1798;;Colis?úo;Luz do Dia;;;Meio de Quadra;;;0;0;2;0;0;0;0;0;0;0;0;0;;
271157;12;9;2015;15:53;0;AV SEN FERNANDES TAVORA;;;135;;Colis?úo;Luz do Dia;;;Meio de Quadra;;;0;0;2;0;0;0;0;0;0;0;0;0;-3,766204000000000;-38,574706000000000
271158;12;9;2015;20:25;7094;RUA ALVES LIMA;RUA FELIPE CAMARAO;;0;;Colis?úo;;;;;;;0;0;2;0;0;0;0;0;0;0;0;0;-3,706563000000000;-38,568026000000000
271159;12;9;2015;22:04;0;AV PRO GOMES DE MATOS;;;1034;;Colis?úo;;;;Meio de Quadra;;;0;0;2;0;0;0;0;0;0;0;0;0;-3,761809000000000;-38,546175000000000
271160;12;9;2015;22:07;4259;RUA NAT FEIJO;RUA PLACIDO CARVALHO;;0;;Colis?úo;;;;Cruz;Pare;Residencial;0;0;2;0;0;0;0;0;0;0;0;0;-3,721655000000000;-38,555624000000000
271161;12;9;2015;22:10;0;RUA ANA BILHAR;;;453;;Choque c/ Obst?ículo Fixo;;;;Meio de Quadra;;;0;0;1;0;0;0;0;0;0;0;0;0;;
264809;12;9;2015;11:55;0;RUA STA LIDUINA D42;;;0;;Colis?úo;Luz do Dia;;;Meio de Quadra;;;0;0;2;1;0;0;1;0;0;0;0;0;;
264812;12;9;2015;17:05;8949;AV BEZERRA DE MENEZES;RUA JUSTINIANO DE SERPA;;0;;Colis?úo;Anoitecer;;;Cruz;Sem?íforo Intermitente;Comercial;0;0;2;1;1;0;0;0;0;0;0;0;-3,731156000000000;-38,542857000000000
256706;12;9;2015;12:15;5302;AV TRISTAO GONCALVES;RUA PEDRO I;;0;;Colis?úo Lateral;Luz do Dia;Bom;Seca;Cruz;Sem?íforo;Comercial;0;0;2;1;0;0;0;0;0;0;0;0;-3,729523000000000;-38,533927000000000
256697;12;9;2015;17:00;20042;AV ALBERTO CRAVEIRO;AV DEP PAULINO ROCHA;;0;;Colis?úo Frontal;Anoitecer;Bom;Seca;Rotat??ria;N?úo H?í Controle;Residencial;0;0;2;1;0;0;0;0;0;1;0;0;-3,807229000000000;-38,524782000000000
256699;12;9;2015;18:00;15722;RUA DR JOAQUIM BENTO;RUA MEM DE SA;;0;;Colis?úo Traseira;Anoitecer;Bom;Seca;T;Sem?íforo;Outros;0;0;3;1;0;0;0;0;0;0;0;0;-3,828294000000000;-38,485446000000000
256690;12;9;2015;20:00;0;RUA JOAQUIM ALFREDO;;;865;;Colis?úo;;Bom;;Meio de Quadra;;Residencial;0;1;1;0;0;0;0;0;0;1;0;0;-3,804442000000000;-38,587934000000000
256692;12;9;2015;09:00;9032;RUA BAR ARATANHA;RUA PDE ROMA;;0;;Colis?úo Lateral;Luz do Dia;Bom;Seca;Cruz;N?úo H?í Controle;Comercial;0;2;0;1;0;0;0;0;0;1;0;0;-3,744883000000000;-38,530384000000000
264813;13;9;2015;00:43;0;RUA ANDRADE FURTADO;;;1790;;Colis?úo;;;;Meio de Quadra;;;0;0;2;1;0;0;0;0;0;0;0;0;-3,747718000000000;-38,473638000000000
264814;13;9;2015;11:39;5357;RUA MAJ FACUNDO;RUA PEDRO I;;0;;Colis?úo;Luz do Dia;;;Cruz;Pare;Comercial;0;0;2;1;0;0;0;0;0;0;0;0;-3,731113000000000;-38,528990000000000
271162;13;9;2015;01:08;15812;RUA MANUEL CASTELO BRANCO;RUA CEL FRANCISCO PEREIRA (MESSEJANA);;0;;Colis?úo;;;;Cruz;Sem?íforo;Comercial;0;0;2;0;0;0;0;0;0;0;0;0;-3,831773000000000;-38,492929000000000
271163;13;9;2015;01:10;19045;RUA DES WALDETARIO P MOTA;RUA ANDRE DALL OLIO;;0;;Colis?úo;;;;Cruz;Pare;Residencial;0;0;2;0;0;0;0;0;0;0;0;0;-3,735907000000000;-38,480043000000000
271164;13;9;2015;02:11;0;AV JOVITA FEITOSA;;;68;;Choque c/ Obst?ículo Fixo;;;;Meio de Quadra;;;0;0;1;0;0;0;0;0;0;0;0;0;-3,737421000000000;-38,544668000000000
271165;13;9;2015;02:40;0;AV C CJ CEARA;;;1072;;Choque c/ Obst?ículo Fixo;;;;Meio de Quadra;;;0;0;1;0;0;0;0;0;0;0;0;0;;
271166;13;9;2015;02:53;0;RUA JOSE MENDONCA;;;785;;Choque c/ Obst?ículo Fixo;;;;Meio de Quadra;;;0;0;1;0;0;0;0;0;0;0;0;0;-3,756171000000000;-38,602011000000000
271167;13;9;2015;04:16;0;AV CARNEIRO DE MENDONCA;;;2285;;Choque c/ Obst?ículo Fixo;;;;Meio de Quadra;;;0;0;1;0;0;0;0;0;0;0;0;0;-3,758219000000000;-38,578354000000000
271168;13;9;2015;05:24;0;AV JOR THOMAZ COELHO;;;0;;Choque c/ Obst?ículo Fixo;Amanhecer;;;Meio de Quadra;;;0;0;1;0;0;0;0;0;0;0;0;0;;
271169;13;9;2015;06:14;0;AV ROGACIANO LEITE;;;0;;Choque c/ Obst?ículo Fixo;Luz do Dia;;;Meio de Quadra;;;0;0;1;0;0;0;0;0;0;0;0;0;;
271170;13;9;2015;07:11;15815;RUA MANUEL CASTELO BRANCO;RUA CEL GUILHERME ALENCAR;;0;;Colis?úo;Luz do Dia;;;Cruz;Pare;Comercial;0;0;2;0;0;0;0;0;0;0;0;0;-3,831934000000000;-38,491829000000000
271171;13;9;2015;07:30;10299;AV SEN FERNANDES TAVORA;RUA GOIANESA;;0;;Colis?úo;Luz do Dia;;;;;;0;0;2;0;0;0;0;0;0;0;0;0;-3,754375000000000;-38,602392000000000
271172;13;9;2015;08:47;0;RUA CEL JOAO CORREIA;;;0;;Colis?úo;Luz do Dia;;;Meio de Quadra;;;0;0;2;0;0;0;0;0;0;0;0;0;;
271174;13;9;2015;09:10;13054;AV J CJ JOSE WALTER;AV B CJ JOSE WALTER;;0;;Colis?úo;Luz do Dia;;;;;;0;0;2;0;0;0;0;0;0;0;0;0;-3,826939000000000;-38,554445000000000
271176;13;9;2015;09:45;0;AV GAL OSORIO DE PAIVA;;;0;;Colis?úo;Luz do Dia;;;Meio de Quadra;;;0;0;2;0;0;0;0;0;0;0;0;0;;
271178;13;9;2015;09:57;7903;AV ANTONIO SALES;RUA CEL LINHARES;;0;;Colis?úo;Luz do Dia;;;;Sem?íforo;Comercial;0;0;2;0;0;0;0;0;0;0;0;0;-3,746964000000000;-38,497481000000000
271184;13;9;2015;09:58;0;AV MOZART PINHEIRO DE LUCENA;;;2352;;Colis?úo;Luz do Dia;;;Meio de Quadra;;;0;0;2;0;0;0;0;0;0;0;0;0;-3,724291000000000;-38,597451000000000
271188;13;9;2015;12:38;0;RUA JOSE ABILIO;;;1078;;Colis?úo;Luz do Dia;;;Meio de Quadra;;;0;0;2;0;0;0;0;0;0;0;0;0;;
271191;13;9;2015;14:21;0;TR SAO JOAO BATISTA;;;0;;Colis?úo;Luz do Dia;;;Meio de Quadra;;;0;0;2;0;0;0;0;0;0;0;0;0;;
271192;13;9;2015;14:54;0;AV CASTELO DE CASTRO;;;498;;Colis?úo;Luz do Dia;;;Meio de Quadra;;;0;0;2;0;0;0;0;0;0;0;0;0;;
271194;13;9;2015;16:31;0;TR LIBERDADE;;;174;;Colis?úo;Luz do Dia;;;Meio de Quadra;;;0;0;2;0;0;0;0;0;0;0;0;0;;
271195;13;9;2015;11:12;12954;AV PRS COSTA E SILVA;RUA BERNARDO MANUEL;;0;;Colis?úo;Luz do Dia;;;;;;0;0;2;0;0;0;0;0;0;0;0;0;-3,821079000000000;-38,558276000000000
271196;13;9;2015;17:10;0;RUA HUMBERTO DE ALMEIDA;;;1057;;Colis?úo;Anoitecer;;;Meio de Quadra;;;0;0;2;0;0;0;0;0;0;0;0;0;;
266459;13;9;2015;02:05;0;AV PERIMETRAL;;;3349;;Queda;;;;Meio de Quadra;;;0;1;0;0;0;0;0;0;0;1;0;0;;
266443;13;9;2015;00:01;0;RUA PERNAMBUCO;;;521;;Colis?úo;;;;Meio de Quadra;;;0;1;0;1;0;0;0;0;0;1;0;0;;
266447;13;9;2015;00:28;1408;RUA JOAO CARVALHO;RUA DR JOSE LOURENCO;;0;;Colis?úo;;;;Cruz;Pare;Rural;0;1;0;1;0;0;0;0;0;1;0;0;-3,737289000000000;-38,508643000000000
266452;13;9;2015;01:03;3199;RUA VERBENA;RUA VITAL BRASIL;;0;;Colis?úo;;;;Cruz;Sem?íforo;Comercial;0;1;0;1;0;0;0;0;0;1;0;0;-3,780666000000000;-38,588650000000000
266464;13;9;2015;05:03;1503;AV SEN VIRGILIO TAVORA;RUA EDUARDO GARCIA;;0;;Colis?úo;Amanhecer;;;Cruz;Sem?íforo;Comercial;0;1;0;0;0;0;0;0;0;0;0;0;-3,739797000000000;-38,494102000000000
266182;13;9;2015;00:46;0;RUA ANTONIO JACO;;;0;;Choque c/ Obst?ículo Fixo;;;;Meio de Quadra;;;0;0;1;0;0;0;0;0;0;1;0;0;;
266186;13;9;2015;06:08;1576;AV PDE ANTONIO TOMAS;RUA CEL JUCA;;0;;Choque c/ Obst?ículo Fixo;Luz do Dia;;;Cruz;Sem?íforo;Misto;0;0;1;0;0;0;0;0;0;0;0;0;-3,742392000000000;-38,492803000000000
266184;13;9;2015;03:52;0;AV DR SILAS MUNGUBA;;;456;;Choque c/ Obst?ículo Fixo;;;;Meio de Quadra;;;1;0;0;0;0;0;0;0;0;1;0;0;-3,778457000000000;-38,561286000000000
266485;13;9;2015;09:24;0;RUA NOGUEIRA ACIOLI;;;850;;Colis?úo;Luz do Dia;;;Meio de Quadra;;;0;1;0;1;0;0;0;0;0;1;0;0;;
266492;13;9;2015;15:47;0;AV CASTELO DE CASTRO;;;921;;Colis?úo;Luz do Dia;;;Meio de Quadra;;;0;1;0;1;0;0;0;0;0;1;0;0;-3,837891000000000;-38,521716000000000
266493;13;9;2015;16:09;0;AV WASHINGTON SOARES;;;0;;Colis?úo;Luz do Dia;;;Meio de Quadra;;;0;1;0;1;0;0;0;0;0;1;0;0;-3,805130000000000;-38,479093000000000
266494;13;9;2015;16:16;13002;AV J CJ JOSE WALTER;AV A CJ JOSE WALTER;;0;;Colis?úo;Luz do Dia;;;Cruz;Pare;Misto;0;1;0;0;0;0;0;0;0;1;0;0;-3,824958000000000;-38,553814000000000
266481;13;9;2015;07:42;0;AV GODOFREDO MACIEL;;;1181;;Queda;Luz do Dia;;;Meio de Quadra;;;0;1;0;0;0;0;0;0;0;1;0;0;-3,786689000000000;-38,566797000000000
266482;13;9;2015;08:33;0;RUA A CJ PALMARES (G. LISBOA);;;3791;;Colis?úo;Luz do Dia;;;Meio de Quadra;;;0;1;0;1;0;0;0;0;0;1;0;0;;
266474;13;9;2015;06:21;0;AV WASHINGTON SOARES;;;4555;;Choque c/ Obst?ículo Fixo;Luz do Dia;;;Meio de Quadra;;;0;1;0;1;0;0;0;0;0;0;0;0;;
259238;13;9;2015;06:35;9126;RD BR 116;AV VIS RIO BRANCO;;0;;Colis?úo Lateral;Luz do Dia;Bom;Seca;T;N?úo H?í Controle;Residencial;0;1;1;0;0;0;0;0;0;1;0;0;-3,758673000000000;-38,519417000000000
259277;13;9;2015;18:05;0;RD BR 222;;;0;KM-02;Colis?úo Traseira;Anoitecer;Bom;Seca;Meio de Quadra;N?úo H?í Controle;Comercial;0;0;3;1;0;0;0;0;0;0;0;0;-3,738951000000000;-38,586880000000000
259589;13;9;2015;08:00;0;AV WASHINGTON SOARES;;;4055;;Choque c/ Obst?ículo Fixo;Luz do Dia;Bom;Seca;Meio de Quadra;N?úo H?í Controle;Comercial;0;1;0;1;0;0;0;0;0;0;0;0;-3,792404000000000;-38,480217000000000
259590;13;9;2015;11:45;0;AV WASHINGTON SOARES;;;5255;;Choque c/ Obst?ículo Fixo;Luz do Dia;Bom;Seca;Meio de Quadra;;Comercial;0;1;0;1;0;0;0;0;0;0;0;0;-3,805130000000000;-38,479093000000000
259591;13;9;2015;16:00;0;RD CE-040;;;0;KM-09;Colis?úo;Luz do Dia;Bom;Seca;Meio de Quadra;;Comercial;0;1;1;0;0;0;0;0;0;1;0;0;-3,824774000000000;-38,481431000000000
259594;13;9;2015;17:00;0;RD CE-040;;;0;KM-11;Colis?úo;Anoitecer;Bom;Seca;Meio de Quadra;N?úo H?í Controle;Comercial;0;1;1;0;0;0;0;0;0;1;0;0;-3,844873000000000;-38,480252000000000
256610;13;9;2015;23:30;15437;AV FRE CIRILO;RUA HOMEM DE MELO;;0;;Colis?úo Transversal;Via Iluminada;Bom;Seca;Duplo T;Pare;Comercial;0;0;2;1;0;0;0;0;0;0;0;0;-3,817039000000000;-38,497528000000000
256600;13;9;2015;15:30;0;AV JOVITA FEITOSA;;;2720;;Colis?úo Transversal;Luz do Dia;Bom;Seca;Meio de Quadra;Sem?íforo;Comercial;0;0;2;1;0;0;0;0;0;0;0;0;-3,740880000000000;-38,561559000000000
256602;13;9;2015;06:10;2328;AV CEL CARVALHO;AV FRANCISCO SA;;0;;Colis?úo;Luz do Dia;Bom;Seca;Cruz;Pare;Comercial;0;1;1;0;1;0;0;0;0;1;0;0;-3,703499000000000;-38,591542000000000
256604;13;9;2015;16:50;0;RUA JUSTINIANO DE SERPA;;;0;;Colis?úo Traseira;Luz do Dia;Bom;Seca;Meio de Quadra;N?úo H?í Controle;Comercial;0;0;2;1;1;0;0;0;0;0;0;0;;
256605;13;9;2015;12:05;502;AV SEN FERNANDES TAVORA;RUA PRO VIRGILIO DE MORAIS;;0;;Atropelamento;Luz do Dia;Bom;Seca;Cruz;Sem?íforo;Comercial;0;2;0;1;0;0;0;0;0;0;0;0;-3,755286000000000;-38,597421000000000
256608;13;9;2015;18:30;2573;AV FRANCISCO SA;RUA GRACA ARANHA;;0;;Colis?úo Frontal;Anoitecer;Bom;Seca;Cruz;Pare;Residencial;0;1;1;1;0;0;0;0;0;1;0;0;-3,711611000000000;-38,574359000000000
256619;13;9;2015;21:10;25406;RUA CEL MATOS DOURADO;RUA PRO JOSE LEITE GONDIM;;0;;Colis?úo Lateral;Via Iluminada;Bom;Seca;T;Pare;Residencial;0;0;2;1;0;0;0;0;0;0;0;0;-3,740923000000000;-38,585210000000000
256612;13;9;2015;18:10;1450;RUA JOAO CARVALHO;RUA JOSE VILAR;;0;;Colis?úo Transversal;Via Iluminada;Bom;Seca;Cruz;Sem?íforo;Residencial;0;1;1;1;0;0;0;0;0;1;0;0;-3,738318000000000;-38,505477000000000
256614;13;9;2015;23:20;8994;RUA PDE FROTA;RUA ANTONIO DRUMONT;;0;;Colis?úo Lateral;Via Iluminada;Bom;Seca;Cruz;N?úo H?í Controle;Residencial;0;0;2;1;0;0;0;0;0;0;0;0;-3,728626000000000;-38,548543000000000
256615;13;9;2015;13:20;15282;RUA TIBURCIO CAVALCANTE;RUA CANUTO DE AGUIAR;;0;;Colis?úo Lateral;Luz do Dia;Bom;Seca;Cruz;Pare;Residencial;0;0;2;1;0;0;0;0;0;0;0;0;-3,729044000000000;-38,500359000000000
256580;13;9;2015;20:00;0;AV B CJ ESPERANCA;;;0;;Colis?úo Lateral;Anoitecer;Bom;Seca;Meio de Quadra;Pare;Residencial;0;1;1;1;0;0;0;0;0;1;0;0;;
256583;13;9;2015;15:15;15339;RUA ANA BILHAR;RUA FRE MANSUETO;;0;;Colis?úo Transversal;Luz do Dia;Bom;Seca;Cruz;Sem?íforo;Residencial;0;0;2;1;0;0;0;0;0;0;0;0;-3,731552000000000;-38,488841000000000
256585;13;9;2015;04:30;17551;RUA MANUEL JESUINO;RUA DR JOSE LINO;;0;;Colis?úo Transversal;Amanhecer;Bom;Seca;Cruz;Sem?íforo;Comercial;0;1;1;1;0;0;0;0;0;0;0;0;-3,730066000000000;-38,485087000000000
256587;13;9;2015;22:00;17956;RUA EVANDRO LUZ;RUA LICURGO MONTENEGRO;;0;;Colis?úo Transversal;Via Iluminada;Bom;Seca;Cruz;Pare;Residencial;0;0;2;1;0;0;0;0;0;0;0;0;-3,735464000000000;-38,576893000000000
256588;13;9;2015;09:00;10759;RUA PORTO ALEGRE;RUA ARACAJU;;0;;Colis?úo Transversal;Luz do Dia;Bom;Seca;Cruz;Pare;Comercial;0;1;1;1;0;0;0;0;0;1;0;0;-3,761398000000000;-38,588435000000000
256594;13;9;2015;14:40;10949;RUA ZACARIAS GONDIM;RUA VILA LOBOS;;0;;Colis?úo Transversal;Luz do Dia;Bom;Seca;Cruz;Pare;Residencial;0;0;2;1;0;0;0;0;0;0;0;0;-3,771803000000000;-38,559752000000000
256595;13;9;2015;08:40;0;AV GOV PARSIFAL BARROSO;;;0;;Colis?úo Lateral;Luz do Dia;Nublado;Molhada;Meio de Quadra;N?úo H?í Controle;Comercial;0;0;2;1;0;0;1;0;0;0;0;0;;
256596;13;9;2015;12:30;7775;AV ANTONIO SALES;AV BAR STUDART;;0;;Colis?úo Traseira;Luz do Dia;Bom;Seca;Cruz;Sem?íforo;Comercial;0;0;2;0;0;0;0;0;0;0;0;0;-3,743288000000000;-38,509378000000000
256597;13;9;2015;18:30;24287;RUA CASTRO MONTE;RUA TAVARES COUTINHO;;0;;Colis?úo Lateral;Via Iluminada;Bom;Seca;Cruz;Pare;Residencial;0;0;2;1;0;0;0;0;0;0;0;0;-3,732564000000000;-38,486062000000000
256591;13;9;2015;14:00;5504;RUA PDE VALDEVINO;RUA JOAO CORDEIRO;;0;;Colis?úo Transversal;Luz do Dia;Bom;Seca;Cruz;Sem?íforo;Residencial;0;0;1;1;0;0;0;0;0;0;0;0;-3,738896000000000;-38,517550000000000
256592;13;9;2015;18:00;0;RUA PEDRO MARTINS;;;477;;Atropelamento;Anoitecer;Bom;Seca;Outros;Outros;Residencial;0;1;1;0;0;0;0;0;0;1;0;0;-3,799098000000000;-38,602266000000000
256576;13;9;2015;09:00;5279;RUA COSTA BARROS;RUA NOGUEIRA ACIOLI;;0;;Colis?úo Lateral;Luz do Dia;Bom;Molhada;Cruz;Pare;Comercial;0;1;1;1;0;0;0;0;0;1;0;0;-3,728753000000000;-38,516481000000000
269733;13;9;2015;18:20;0;RUA MIGUEL GONCALVES;;;510;;Atropelamento;Anoitecer;;;Meio de Quadra;;;1;0;1;1;0;0;0;0;0;0;0;0;;
266531;13;9;2015;21:25;0;AV F CJ CEARA;;;553;;Queda;;;;Meio de Quadra;;;0;1;0;0;0;0;0;0;0;1;0;0;-3,764679000000000;-38,605144000000000
266527;13;9;2015;20:02;0;RUA H CJ MONTENEGRO I;;;0;;Colis?úo;;;;Meio de Quadra;;;0;1;0;1;0;0;0;0;0;1;0;0;;
266506;13;9;2015;17:13;0;AV DIOGUINHO;;;0;;Colis?úo;Anoitecer;;;Meio de Quadra;;;0;1;0;1;0;0;0;0;0;1;0;0;;