COD_ACIDENTE;DIA;MES;ANO;HORA;INTERSECAO;LOG1;LOG2;LOG3;NUMERO;REFERENCIA;NATUREZA;ILUMINACAO;TEMPO;SUPERFICIEPISTA;TIPOCRUZAMENTO;CONTROLETRAFEGO;USOSOLO;MORTOS;FERIDOS;ILESOS;AUTOMOVEL;ONIBUS;BICICLETA;CAMINHAO;MICROONIBUS;CICLOMOTOR;MOTOCICLETA;TRACAOANIMAL;TREM;LATITUDE;LONGITUDE
266510;13;9;2015;18:03;1450;RUA JOAO CARVALHO;RUA JOSE VILAR;;0;;Colis?úo;Anoitecer;;;Cruz;Sem?íforo;Residencial;0;1;0;1;0;0;0;0;0;1;0;0;-3,738318000000000;-38,505477000000000
266504;13;9;2015;16:56;0;RUA 12 DE JULHO;;;1054;;Colis?úo;Luz do Dia;;;Meio de Quadra;;;0;1;0;0;0;0;0;0;0;0;0;0;;
266579;14;9;2015;20:59;0;AV RAD JOSE LIMA VERDE;;;0;;Colis?úo;;;;Meio de Quadra;;;0;1;0;1;0;1;0;0;0;0;0;0;;
266556;14;9;2015;10:18;0;AV PRS CASTELO BRANCO;;;2538;;Colis?úo;Luz do Dia;;;Meio de Quadra;;;0;1;0;0;0;0;0;0;0;0;0;0;-3,713088000000000;-38,550671000000000
266577;14;9;2015;18:38;0;RUA BERNARDO MANUEL;;;8080;;Colis?úo;;;;Meio de Quadra;;;0;1;0;1;0;0;0;0;0;1;0;0;-3,790039000000000;-38,548773000000000
266562;14;9;2015;12:18;0;AV FRANCISCO SA;;;4154;;Colis?úo;Luz do Dia;;;Meio de Quadra;;;0;1;0;1;0;0;0;0;0;1;0;0;-3,715841000000000;-38,561999000000000
266560;14;9;2015;11:22;0;RUA RODRIGUES JUNIOR;;;0;;Colis?úo;Luz do Dia;;;Meio de Quadra;;;0;1;0;1;0;0;0;0;0;1;0;0;;
266575;14;9;2015;18:35;0;RUA DOM XISTO ALBANO;;;1880;;Colis?úo;;;;Meio de Quadra;;;0;1;0;1;0;0;0;0;0;1;0;0;-3,799315000000000;-38,587669000000000
266572;14;9;2015;15:09;0;AV HIS RAIMUNDO GIRAO;;;1337;;Colis?úo;Luz do Dia;;;Meio de Quadra;;;0;1;0;1;0;0;0;0;0;1;0;0;-3,724056000000000;-38,504321000000000
266573;14;9;2015;17:49;0;AV DR SILAS MUNGUBA;;;0;;Colis?úo;Anoitecer;;;Meio de Quadra;;;0;1;0;1;0;0;0;0;0;1;0;0;-3,792666000000000;-38,535472000000000
266569;14;9;2015;13:14;0;RUA NEWTON CRAVEIRO;;;120;;Queda;Luz do Dia;;;Meio de Quadra;;;0;1;0;0;0;0;0;0;0;1;0;0;-3,809377000000000;-38,499503000000000
266566;14;9;2015;13:02;0;AV SEN FERNANDES TAVORA;;;571;;Colis?úo;Luz do Dia;;;Meio de Quadra;;;0;1;0;1;0;0;0;0;0;1;0;0;-3,764720000000000;-38,577416000000000
266552;14;9;2015;08:21;13345;AV H CJ JOSE WALTER;AV J CJ JOSE WALTER;;0;;Colis?úo;Luz do Dia;;;T;Pare;Residencial;0;1;0;0;0;0;0;0;0;0;0;0;-3,841244000000000;-38,558743000000000
266554;14;9;2015;09:58;0;AV DEP PAULINO ROCHA;;;0;;Colis?úo;Luz do Dia;;;Meio de Quadra;;;0;1;0;1;0;0;0;0;0;1;0;0;;
266548;14;9;2015;06:44;0;RUA TEODOMIRO DE CASTRO;;;6404;;Colis?úo;Luz do Dia;;;Meio de Quadra;;;0;1;0;0;0;0;0;0;0;1;0;0;-3,716589000000000;-38,577502000000000
266550;14;9;2015;07:10;0;AV JOSE BASTOS;;;0;;Queda;Luz do Dia;;;Meio de Quadra;;;0;1;0;0;0;0;0;0;0;1;0;0;;
266544;14;9;2015;06:32;0;AV PRS JUSCELINO KUBITSCHEK (PASSAR?ë);;;3470;;Colis?úo;Luz do Dia;;;Meio de Quadra;;;0;1;0;0;0;0;0;0;0;0;0;0;;
266539;14;9;2015;03:45;0;RUA CAP AMERICO MENEZES;;;0;;Queda;;;;Meio de Quadra;;;0;1;0;0;0;0;0;0;0;1;0;0;;
256634;14;9;2015;11:15;0;RUA CARVALHO MOTA;;;471;;Choque c/ Obst?ículo Fixo;Luz do Dia;Bom;Seca;Meio de Quadra;N?úo H?í Controle;Residencial;0;0;1;0;0;0;1;0;0;0;0;0;-3,738884000000000;-38,544554000000000
256641;14;9;2015;11:15;19686;AV BEZERRA DE MENEZES;RUA ERICO MOTA;;0;;Engavetamento;Luz do Dia;Bom;Seca;Cruz;Sem?íforo;Comercial;0;0;3;1;0;0;0;0;0;0;0;0;-3,735357000000000;-38,562991000000000
256630;14;9;2015;20:50;0;AV ABOLICAO;;;3929;;Colis?úo Traseira;Anoitecer;Bom;Seca;Meio de Quadra;Sem?íforo Manual;Comercial;0;0;2;0;1;0;0;0;0;0;0;0;-3,725379000000000;-38,484434000000000
256631;14;9;2015;15:35;7790;AV PONTES VIEIRA;AV DES MOREIRA;;0;;Colis?úo Traseira;Luz do Dia;Bom;Seca;Cruz;Sem?íforo;Comercial;0;0;2;1;0;0;0;0;0;0;0;0;-3,751526000000000;-38,503254000000000
256623;14;9;2015;18:00;0;AV ABOLICAO;;;2194;;Colis?úo Traseira;Anoitecer;Bom;Seca;Meio de Quadra;Sem?íforo Manual;Comercial;0;0;2;1;0;0;0;0;0;0;0;0;-3,726090000000000;-38,499330000000000
256662;14;9;2015;07:45;0;AV BORGES DE MELO;;;80;;Colis?úo Traseira;Luz do Dia;Bom;Seca;Meio de Quadra;Pare;Comercial;0;0;2;0;0;0;0;0;0;0;0;0;-3,761554000000000;-38,517930000000000
256656;14;9;2015;09:00;15346;RUA PEREIRA VALENTE;RUA VIS MAUA;;0;;Colis?úo Transversal;Luz do Dia;Bom;Seca;Cruz;Pare;Residencial;0;0;2;1;0;0;0;0;0;0;0;0;-3,731927000000000;-38,498067000000000
256649;14;9;2015;10:20;6721;AV ENG SANTANA JUNIOR;RUA BENTO ALBUQUERQUE;;0;;Colis?úo Traseira;Luz do Dia;Bom;Seca;Cruz;Sem?íforo;Residencial;0;0;2;1;0;0;0;0;0;0;0;0;-3,742678000000000;-38,486538000000000
256647;14;9;2015;13:05;0;RUA SEN POMPEU;;;2607;;Colis?úo Lateral;Luz do Dia;Bom;Seca;Meio de Quadra;N?úo H?í Controle;Comercial;0;0;2;0;1;0;0;1;0;0;0;0;-3,741253000000000;-38,533965000000000
256671;14;9;2015;13:20;0;RUA BAR RIO BRANCO;;;2424;;Colis?úo Lateral;Luz do Dia;Bom;Seca;Meio de Quadra;N?úo H?í Controle;Comercial;0;0;2;1;0;0;0;0;0;0;0;0;-3,739550000000000;-38,532427000000000
256668;14;9;2015;07:00;17395;RUA ALBERTO MAGNO;RUA TEN MOACIR MATOS;;0;;Outros;Luz do Dia;Bom;Seca;Cruz;Pare;Comercial;0;1;1;1;0;0;0;0;0;1;0;0;-3,767411000000000;-38,552117000000000
256678;14;9;2015;00:20;331;RUA ERICO MOTA;RUA NESTOR BARBOSA;;0;;Colis?úo Frontal;Via Iluminada;Bom;Seca;Cruz;Pare;Residencial;0;1;1;1;0;0;0;0;0;1;0;0;-3,745189000000000;-38,560980000000000
259595;14;9;2015;09:50;0;RD CE-040;;;0;KM-03;Colis?úo;Luz do Dia;Bom;Seca;Meio de Quadra;;Comercial;0;1;1;1;0;0;0;0;0;1;0;0;-3,783185000000000;-38,481014000000000
259279;14;9;2015;07:30;0;RD BR 222;;;0;KM-01;Colis?úo Traseira;Luz do Dia;Bom;Seca;Meio de Quadra;N?úo H?í Controle;Comercial;0;1;2;1;1;0;0;1;0;0;0;0;-3,737774000000000;-38,577952000000000
259240;14;9;2015;09:50;0;RD BR 116;;;5000;KM-05;Colis?úo Traseira;Luz do Dia;Nublado;Seca;Meio de Quadra;N?úo H?í Controle;Comercial;0;2;1;1;0;0;0;0;0;1;0;0;-3,796502000000000;-38,506787000000000
271201;14;9;2015;10:54;0;RUA 121 CJ CEARA;;;670;;Colis?úo;Luz do Dia;;;Meio de Quadra;;;0;0;2;0;0;0;0;0;0;0;0;0;;
256724;14;9;2015;13:30;0;AV ANTONIO SALES;;;562;;Colis?úo Traseira;Luz do Dia;Bom;Seca;Meio de Quadra;N?úo H?í Controle;Comercial;0;0;2;1;0;0;0;0;0;1;0;0;-3,741023000000000;-38,516655000000000
256731;14;9;2015;19:45;22072;RUA FRE MARCELINO;RUA JOSE FACANHA;;0;;Colis?úo Lateral;Via Iluminada;Bom;Seca;T;Pare;Residencial;0;0;2;1;1;0;0;0;0;0;0;0;-3,750761000000000;-38,558786000000000
256716;14;9;2015;10:00;23672;AV OLAVO BILAC;RUA VIS ICO D20;;0;;Colis?úo Traseira;Luz do Dia;Bom;Seca;T;Pare;Comercial;0;0;2;1;0;0;0;0;0;0;0;0;-3,722023000000000;-38,566730000000000
256719;14;9;2015;11:25;15347;AV DOM LUIS;RUA TIBURCIO CAVALCANTE;;0;;Colis?úo Lateral;Luz do Dia;Bom;Seca;T;Sem?íforo;Comercial;0;0;2;1;0;0;0;0;0;0;0;0;-3,732021000000000;-38,501313000000000
256727;14;9;2015;14:00;6746;RUA DR GILBERTO STUDART;RUA ZAMENHOF;;0;;Colis?úo Transversal;Luz do Dia;Bom;Seca;Cruz;Pare;Residencial;0;1;1;1;0;0;0;0;0;1;0;0;-3,745007000000000;-38,476632000000000
256728;14;9;2015;06:30;9216;RUA NAPOLEAO LAUREANO;RUA MARIO MAMEDE;;0;;Colis?úo Transversal;Luz do Dia;Bom;Seca;Cruz;Pare;Residencial;0;0;2;1;0;0;0;0;0;0;0;0;-3,750799000000000;-38,529662000000000
256729;14;9;2015;07:30;0;RUA PAULA RODRIGUES;;;204;;Colis?úo Traseira;Luz do Dia;Bom;Seca;Meio de Quadra;Outros;Residencial;0;0;2;1;1;0;0;0;0;0;0;0;-3,753682000000000;-38,527076000000000
256753;14;9;2015;13:40;10695;RUA PRO HERIBALDO COSTA;RUA MON HIPOLITO BRASIL;;0;;Colis?úo Lateral;Luz do Dia;Bom;Seca;Cruz;Pare;Comercial;0;1;1;1;0;0;0;0;0;1;0;0;-3,757069000000000;-38,582275000000000
256757;14;9;2015;10:30;10044;RUA EMILIO DE MENESES;RUA ANTONIO NERY;;0;;Colis?úo Transversal;Luz do Dia;Bom;Seca;Cruz;Pare;Comercial;0;0;2;0;0;0;0;0;0;1;0;0;-3,778162000000000;-38,600204000000000
256747;14;9;2015;10:20;0;RUA VALPARAISO;;;0;;Colis?úo Lateral;Luz do Dia;Bom;Seca;Meio de Quadra;N?úo H?í Controle;Outros;0;0;2;0;0;0;0;0;0;0;0;0;;
256739;14;9;2015;06:50;23110;AV JUSCELINO KUBITSCHEK (CANINDEZINHO);RUA BOA VISTA;;0;;Colis?úo Lateral;Luz do Dia;Bom;Seca;Cruz;N?úo H?í Controle;Comercial;0;0;3;0;0;1;0;0;0;1;0;0;;
256691;14;9;2015;10:30;0;AV DUQ CAXIAS;;;1700;;Colis?úo Traseira;Luz do Dia;Bom;Seca;Meio de Quadra;Sem?íforo;Comercial;0;0;3;1;0;0;0;0;0;0;0;0;-3,728676000000000;-38,539517000000000
256696;14;9;2015;08:40;0;AV PRO GOMES DE MATOS;;;1807;;Colis?úo Traseira;Luz do Dia;Bom;Seca;Meio de Quadra;Sem?íforo;Comercial;0;0;2;1;0;0;0;0;0;0;0;0;-3,767141000000000;-38,550759000000000
256700;14;9;2015;10:30;9150;RUA DOM SEBASTIAO LEME;RUA CEL PERGENTINO FERREIRA;;0;;Colis?úo Lateral;Luz do Dia;Bom;Seca;Cruz;Pare;Comercial;0;0;2;1;0;0;0;0;0;0;0;0;-3,748879000000000;-38,525802000000000
256704;14;9;2015;07:30;25226;RUA JARDIM FLUMINENSE;AV GAL OSORIO DE PAIVA;;0;;Colis?úo Lateral;Luz do Dia;Bom;Seca;T;Pare;Residencial;0;0;2;1;0;0;1;0;0;0;0;0;-3,808170000000000;-38,605395000000000
256708;14;9;2015;08:00;1661;RUA JOAQUIM NABUCO;RUA VICENTE LINHARES;;0;;Colis?úo Transversal;Luz do Dia;Bom;Seca;Cruz;Pare;Comercial;0;0;2;1;0;0;0;0;0;0;0;0;-3,741195000000000;-38,503180000000000
256712;14;9;2015;11:15;1462;RUA JOAO CARVALHO;RUA NUNES VALENTE;;0;;Colis?úo Transversal;Luz do Dia;Bom;Seca;Cruz;Pare;Comercial;0;0;2;1;0;0;0;0;0;0;0;0;-3,738599000000000;-38,504491000000000
256715;15;9;2015;08:15;15204;AV ABOLICAO;RUA JULIO IBIAPINA;;0;;Colis?úo Traseira;Luz do Dia;Bom;Seca;Cruz;Sem?íforo;Comercial;0;0;2;1;0;0;1;0;0;0;0;0;-3,726679000000000;-38,491290000000000
256746;15;9;2015;11:40;0;AV AGUANAMBI;;;654;;Engavetamento;Luz do Dia;Bom;Seca;Meio de Quadra;Outros;Comercial;0;0;4;1;0;0;0;0;0;0;0;0;-3,742773000000000;-38,525831000000000
256766;15;9;2015;11:40;0;RUA JULIO ABREU;;;389;VIADUTO;Colis?úo Traseira;Luz do Dia;Bom;Seca;Meio de Quadra;N?úo H?í Controle;Escola;0;0;2;1;0;0;0;0;0;0;0;0;;
256722;15;9;2015;09:30;13529;AV SORIANO ALBUQUERQUE;RUA PDE ANTONINO;;0;;Colis?úo Transversal;Luz do Dia;Bom;Seca;Cruz;N?úo H?í Controle;Residencial;0;0;2;1;0;0;0;0;0;0;0;0;-3,747537000000000;-38,520476000000000
256736;15;9;2015;09:00;0;AV PDE ANTONIO TOMAS;;;2610;;Colis?úo Lateral;Luz do Dia;Bom;Seca;Meio de Quadra;;Comercial;0;0;2;1;0;0;1;0;0;0;0;0;-3,743715000000000;-38,488795000000000
256801;15;9;2015;08:05;3800;AV 13 DE MAIO;RUA CAIO CARLOS;;0;;Colis?úo Lateral;Luz do Dia;Bom;Seca;Cruz;N?úo H?í Controle;Comercial;0;0;2;1;1;0;0;0;0;0;0;0;-3,738286000000000;-38,542160000000000
256792;15;9;2015;11:00;0;RUA COSTA BARROS;;;850;;Colis?úo Traseira;Luz do Dia;Bom;Seca;Meio de Quadra;N?úo H?í Controle;Comercial;0;0;2;1;0;0;0;0;0;1;0;0;-3,728780000000000;-38,516408000000000
256808;15;9;2015;13:45;7817;RUA MARCONDES PEREIRA;RUA JOAQUIM NABUCO;;0;;Colis?úo Lateral;Luz do Dia;Bom;Seca;Cruz;Pare;Residencial;0;0;2;1;0;0;0;0;0;1;0;0;-3,749764000000000;-38,505936000000000
256799;15;9;2015;16:00;0;AV DEP PAULINO ROCHA;;;3131;CASTELAO;Colis?úo Transversal;Luz do Dia;Bom;Seca;Meio de Quadra;D?¬ Prefer?¬ncia;Lazer;0;0;2;0;1;0;1;0;0;0;0;0;-3,808405000000000;-38,523807000000000
256804;15;9;2015;15:00;3336;RUA VIRIATO RIBEIRO;RUA RIO GRANDE DO SUL;;0;;Colis?úo Lateral;Luz do Dia;Bom;Seca;Cruz;Pare;Residencial;0;0;2;0;1;0;1;0;0;0;0;0;-3,750184000000000;-38,561355000000000
256787;15;9;2015;07:40;22158;AV JOSE BASTOS;RUA GUSTAVO BRAGA;;0;;Colis?úo Traseira;Luz do Dia;Bom;Seca;T;N?úo H?í Controle;Comercial;0;0;2;0;0;0;0;0;0;1;0;0;-3,751535000000000;-38,551989000000000
256785;15;9;2015;08:30;5381;AV IMPERADOR;RUA METON DE ALENCAR;;0;;Colis?úo Transversal;Luz do Dia;Bom;Seca;Cruz;Sem?íforo;Comercial;0;1;1;1;1;0;0;0;0;0;0;0;-3,731966000000000;-38,535869000000000
256779;15;9;2015;08:20;21393;AV DES GONZAGA;RUA PEDRO H VASCONCELOS;;0;;Colis?úo Transversal;Luz do Dia;Bom;Seca;Cruz;Pare;Comercial;0;0;2;1;0;0;0;0;0;0;0;0;-3,801053000000000;-38,497308000000000
256771;15;9;2015;06:15;1289;AV SANTOS DUMONT;RUA SILVA PAULET;;0;;Colis?úo Transversal;Luz do Dia;Bom;Seca;Cruz;Pare;Comercial;0;0;2;1;0;0;0;0;0;0;0;0;-3,733985000000000;-38,505258000000000
256774;15;9;2015;07:50;0;AV BEZERRA DE MENEZES;;;1258;IG SAO GERARDO;Colis?úo Lateral;Luz do Dia;Bom;Seca;Meio de Quadra;Sem?íforo;Comercial;0;0;2;1;0;0;1;0;0;0;0;0;-3,734043000000000;-38,556761000000000
256827;15;9;2015;07:20;37;RUA PRO JOSE LEITE GONDIM;RUA TOMAS RODRIGUES;;0;;Colis?úo Lateral;Luz do Dia;Bom;Seca;Outros;N?úo H?í Controle;Comercial;0;0;2;1;0;0;0;0;0;0;0;0;;
256818;15;9;2015;12:15;17356;RUA ALM RUBIM;RUA TEN MOACIR MATOS;;0;;Colis?úo Traseira;Luz do Dia;Bom;Seca;T;Pare;Residencial;0;0;2;1;0;0;0;0;0;0;0;0;-3,765902000000000;-38,554507000000000
256829;15;9;2015;07:40;266;AV JOVITA FEITOSA;RUA ERICO MOTA;;0;;Engavetamento;Luz do Dia;Bom;Seca;Cruz;Sem?íforo;Comercial;0;0;3;1;0;0;0;0;0;0;0;0;-3,740938000000000;-38,561850000000000
256830;15;9;2015;17:20;19018;AV ENG ALBERTO SA;RUA JOSE CARLOS GURGEL NOGUEIRA;;0;;Colis?úo Transversal;Anoitecer;Bom;Seca;Cruz;Sem?íforo;Misto;0;0;2;1;0;0;0;0;0;0;0;0;-3,734800000000000;-38,475012000000000
256832;15;9;2015;10:10;24293;RUA JULIO ABREU;RUA DELMIRO GOUVEIA;;0;;Colis?úo Transversal;Luz do Dia;Bom;Seca;Cruz;Pare;Comercial;0;1;2;1;1;0;0;0;0;0;0;0;-3,735900000000000;-38,488072000000000
256834;15;9;2015;12:20;24129;AV DOLOR BARREIRA;RUA JOSE CARLOS GURGEL NOGUEIRA;;0;;;Luz do Dia;Bom;Seca;T;Pare;Residencial;0;0;2;1;1;0;0;0;0;0;0;0;-3,730059000000000;-38,472234000000000
256813;15;9;2015;18:15;0;AV SANTOS DUMONT;;;3976;;Colis?úo Lateral;Anoitecer;Bom;Seca;Outros;N?úo H?í Controle;Comercial;0;0;2;1;1;0;0;0;0;0;0;0;-3,739271000000000;-38,488914000000000
256816;15;9;2015;08:40;355;RUA XAVIER DE OLIVEIRA;RUA PRO LINO ENCARNACAO;;0;;Colis?úo Transversal;Luz do Dia;Bom;Seca;Cruz;Pare;Residencial;0;0;2;1;0;0;0;0;0;0;0;0;-3,747053000000000;-38,559461000000000
256820;15;9;2015;19:40;0;RUA PDE FROTA;;;654;;Colis?úo Lateral;Mal Iluminada;Bom;Seca;Meio de Quadra;N?úo H?í Controle;Comercial;0;0;2;1;0;0;0;0;0;0;0;0;;
256843;15;9;2015;17:45;0;RUA PRO GOMES BRASIL;;;555;SUPERMERCADO LAGOA;Colis?úo Traseira;Anoitecer;Bom;Seca;Meio de Quadra;N?úo H?í Controle;Comercial;0;0;2;1;0;0;0;0;0;0;0;0;-3,773773000000000;-38,567868000000000
256844;15;9;2015;13:40;0;AV GAL OSORIO DE PAIVA;;;1350;;Colis?úo Lateral;Luz do Dia;Bom;Seca;Meio de Quadra;N?úo H?í Controle;Comercial;0;0;2;1;0;0;1;0;0;0;0;0;-3,780000000000000;-38,573462000000000
256845;15;9;2015;15:00;12445;AV SEN FERNANDES TAVORA;TR HELENA DE MARIA;;0;;Colis?úo Lateral;Luz do Dia;Bom;Seca;T;Outros;Comercial;0;0;2;1;0;0;0;0;0;0;0;0;-3,766094000000000;-38,574916000000000
256846;15;9;2015;19:40;4624;RUA CRISANTO M DA ROCHA;RUA LINO CONDE D61;;0;;Colis?úo Transversal;Via Iluminada;Bom;Seca;Cruz;Pare;Residencial;0;0;2;1;0;0;0;0;0;0;0;0;-3,799965000000000;-38,480989000000000
256848;15;9;2015;08:30;15339;RUA FRE MANSUETO;RUA ANA BILHAR;;0;;Colis?úo Lateral;Luz do Dia;Bom;Seca;Cruz;Sem?íforo;Residencial;0;0;2;0;0;0;0;0;0;1;0;0;-3,731552000000000;-38,488841000000000
256849;15;9;2015;15:00;12404;AV SEN FERNANDES TAVORA;AV LINEU MACHADO;;0;;Colis?úo Traseira;Luz do Dia;Bom;Seca;Cruz;N?úo H?í Controle;Misto;0;0;2;1;1;0;0;0;0;0;0;0;-3,765199000000000;-38,576540000000000
256836;15;9;2015;05:50;0;RUA ALUISIO AZEVEDO;;;215;;Colis?úo Lateral;Amanhecer;Bom;Seca;Meio de Quadra;N?úo H?í Controle;Comercial;0;0;2;0;1;0;0;0;0;0;0;0;-3,772834000000000;-38,574251000000000
256837;15;9;2015;10:20;25512;AV GAL OSORIO DE PAIVA;RUA NASCIMENTO (CANINDEZINHO);;0;;Colis?úo;Luz do Dia;Bom;Seca;T;N?úo H?í Controle;Comercial;0;0;2;1;0;0;1;0;0;0;0;0;;
256839;15;9;2015;11:15;24310;RUA DELMIRO GOUVEIA;RUA OSORIO PALMELLA;;0;;Colis?úo Transversal;Luz do Dia;Bom;Seca;Cruz;Pare;Misto;0;0;2;1;0;1;0;0;0;0;0;0;-3,737052000000000;-38,488032000000000
256840;15;9;2015;15:35;0;AV AGUANAMBI;;;1221;;Colis?úo Transversal;Luz do Dia;Bom;Seca;Meio de Quadra;N?úo H?í Controle;Comercial;0;0;2;1;0;0;0;0;0;0;0;0;-3,747430000000000;-38,524631000000000
256841;15;9;2015;15:00;4530;AV DEP PAULINO ROCHA;RUA TEN TITO BARROS;;0;;Colis?úo Transversal;Luz do Dia;Bom;Seca;T;N?úo H?í Controle;Misto;0;0;2;1;0;0;0;0;0;0;0;0;-3,801032000000000;-38,507311000000000
256855;15;9;2015;08:00;3290;AV PERIMETRAL;RUA COSMONAUTAS D34;;0;;Colis?úo Transversal;Luz do Dia;Bom;Seca;Outros;Outros;Residencial;0;0;2;1;1;0;0;0;0;0;0;0;;
256856;15;9;2015;22:50;0;AV 13 DE MAIO;;;2102;;Colis?úo Lateral;Amanhecer;Bom;Seca;Meio de Quadra;N?úo H?í Controle;Comercial;0;0;2;1;1;0;0;0;0;0;0;0;-3,743906000000000;-38,535675000000000
256876;15;9;2015;08:00;1493;AV PDE ANTONIO TOMAS;RUA OSVALDO CRUZ (ALDEOTA);;0;;Colis?úo Transversal;Luz do Dia;Bom;Seca;Cruz;Sem?íforo;Comercial;0;2;0;0;0;0;0;0;0;1;0;0;-3,739538000000000;-38,501588000000000
256872;15;9;2015;19:05;19539;AV DR SILAS MUNGUBA;RUA EQUADOR;;0;;Colis?úo Traseira;Via Iluminada;Bom;Seca;Cruz;Sem?íforo;Comercial;0;0;2;1;0;0;0;0;0;0;0;0;-3,782377000000000;-38,555434000000000
256868;15;9;2015;16:30;13534;AV SORIANO ALBUQUERQUE;RUA JOAO CORDEIRO;;0;;Colis?úo Traseira;Luz do Dia;;Seca;Cruz;Pare;Residencial;0;1;2;1;0;0;1;0;0;0;0;0;-3,747871000000000;-38,519458000000000
256864;15;9;2015;17:00;0;AV GODOFREDO MACIEL;;;3000;;Colis?úo Lateral;Anoitecer;Bom;Seca;Meio de Quadra;Pare;Residencial;0;0;2;1;0;0;0;0;0;1;0;0;-3,802029000000000;-38,571654000000000
256853;15;9;2015;13:45;9281;AV AGUANAMBI;RUA JUVENAL DE CARVALHO;;0;;Colis?úo Transversal;Luz do Dia;Bom;Seca;Outros;Pare;Comercial;0;0;2;1;1;0;0;0;0;0;0;0;;
256859;15;9;2015;23:00;5269;AV DUQ CAXIAS;RUA PDE IBIAPINA;;0;;Colis?úo Traseira;Via Iluminada;Bom;Seca;Cruz;Sem?íforo;Comercial;0;0;2;1;0;0;0;0;0;0;0;0;-3,728446000000000;-38,540226000000000
271203;15;9;2015;11:58;1306;RUA TORRES CAMARA;RUA MON BRUNO;;0;;Colis?úo;Luz do Dia;;;Cruz;Pare;Comercial;0;0;2;0;0;0;0;0;0;0;0;0;-3,734594000000000;-38,510152000000000
271205;15;9;2015;12:08;0;AV VICENTE DE CASTRO;;;4778;;Colis?úo;Luz do Dia;;;Meio de Quadra;;;0;0;2;0;0;0;0;0;0;0;0;0;;
271207;15;9;2015;14:50;0;AV PONTES VIEIRA;;;0;;Colis?úo;Luz do Dia;;;Meio de Quadra;;;0;0;2;0;0;0;0;0;0;0;0;0;;
271209;15;9;2015;15:16;0;RUA NOVA FORTALEZA (MONDUBIM);;;1178;;Colis?úo;Luz do Dia;;;Meio de Quadra;;;0;0;2;0;0;0;0;0;0;0;0;0;;
271211;15;9;2015;16:38;0;RUA JOAO FAUSTINO RIBEIR;;;0;;Colis?úo;Luz do Dia;;;Meio de Quadra;;;0;0;2;0;0;0;0;0;0;0;0;0;;
271212;15;9;2015;16:44;0;RUA ANA NERY;;;326;;Atropelamento;Luz do Dia;;;Meio de Quadra;;;0;0;2;0;0;0;0;0;0;0;0;0;-3,753622000000000;-38,542236000000000
259596;15;9;2015;07:45;0;RD CE-040;;;0;KM-10;Atropelamento;Luz do Dia;Bom;Seca;Meio de Quadra;;Comercial;0;2;0;0;0;0;0;0;0;1;0;0;-3,838671000000000;-38,480068000000000
259598;15;9;2015;17:45;0;RD CE-040;;;0;KM-03;Colis?úo;Anoitecer;Bom;Seca;Meio de Quadra;;Comercial;0;0;2;1;1;0;0;0;0;0;0;0;-3,783185000000000;-38,481014000000000
259599;15;9;2015;22:35;0;AV SEN CARLOS JEREISSATI (AEROPORTO);;;0;KM 02;Colis?úo;Via Iluminada;Bom;Seca;Meio de Quadra;;Comercial;0;0;2;1;0;0;0;0;0;0;0;0;-3,783932000000000;-38,529156000000000
266192;15;9;2015;13:40;930;AV AGUANAMBI;AV BORGES DE MELO;;0;;Colis?úo;Luz do Dia;;;Cruz;N?úo H?í Controle;Misto;0;1;0;1;0;0;0;0;0;1;0;0;-3,760928000000000;-38,523880000000000
264944;15;9;2015;12:56;0;RUA TRES CORACOES;RUA OSCAR ARARIPE;;0;;Colis?úo;Luz do Dia;;;;;;0;0;2;1;0;0;0;0;0;0;0;0;;
264949;15;9;2015;15:39;0;AV DR SILAS MUNGUBA;;;0;;Colis?úo;Luz do Dia;;;Meio de Quadra;;;0;0;2;1;1;0;0;0;0;0;0;0;;
266593;15;9;2015;01:30;0;AV PRS COSTA E SILVA;;;1578;;Colis?úo;;;;Meio de Quadra;;;0;1;0;1;0;1;0;0;0;0;0;0;;
266614;15;9;2015;13:39;0;AV IMPERADOR;;;1330;;Colis?úo;Luz do Dia;;;Meio de Quadra;;;0;1;0;1;0;1;0;0;0;0;0;0;-3,732966000000000;-38,536157000000000
266609;15;9;2015;10:07;0;AV DOM LUIS;;;1500;;Colis?úo;Luz do Dia;;;Meio de Quadra;;;0;1;0;1;1;0;0;0;0;0;0;0;-3,735865000000000;-38,488708000000000
266605;15;9;2015;08:24;0;AV IMPERADOR;;;1330;;Colis?úo;Luz do Dia;;;Meio de Quadra;;;0;1;0;1;1;0;0;0;0;0;0;0;-3,732966000000000;-38,536157000000000
266603;15;9;2015;07:43;1493;RUA OSVALDO CRUZ (ALDEOTA);AV PDE ANTONIO TOMAS;;0;;Colis?úo;Luz do Dia;;;Cruz;Sem?íforo;Comercial;0;1;0;0;0;0;0;0;0;1;0;0;-3,739538000000000;-38,501588000000000
266599;15;9;2015;07:39;0;AV WASHINGTON SOARES;;;0;;Colis?úo;Luz do Dia;;;Meio de Quadra;;;0;1;0;0;0;0;0;0;0;0;0;0;;