COD_ACIDENTE;DIA;MES;ANO;HORA;INTERSECAO;LOG1;LOG2;LOG3;NUMERO;REFERENCIA;NATUREZA;ILUMINACAO;TEMPO;SUPERFICIEPISTA;TIPOCRUZAMENTO;CONTROLETRAFEGO;USOSOLO;MORTOS;FERIDOS;ILESOS;AUTOMOVEL;ONIBUS;BICICLETA;CAMINHAO;MICROONIBUS;CICLOMOTOR;MOTOCICLETA;TRACAOANIMAL;TREM;LATITUDE;LONGITUDE
266597;15;9;2015;07:38;0;AV SGT HERMINIO SAMPAIO;;;1846;;Colis?úo;Luz do Dia;;;Meio de Quadra;;;0;1;0;1;0;0;0;0;0;1;0;0;-3,725738000000000;-38,557097000000000
266657;15;9;2015;22:38;0;AV DR THEBERGE;;;1278;;Colis?úo;;;;Meio de Quadra;;;0;1;0;1;0;0;0;0;0;1;0;0;-3,713651000000000;-38,564633000000000
266649;15;9;2015;21:37;0;RUA EMILIA GONCALVES;;;614;;Colis?úo;;;;Meio de Quadra;;;0;1;0;1;0;0;0;0;0;1;0;0;-3,728725000000000;-38,594658000000000
266636;15;9;2015;19:16;0;RUA DIOGO CORREIA;;;0;;Colis?úo;;;;Meio de Quadra;;;0;1;0;0;0;0;0;0;0;0;0;0;;
266621;15;9;2015;17:15;13534;AV SORIANO ALBUQUERQUE;RUA JOAO CORDEIRO;;0;;Colis?úo;Anoitecer;;;Cruz;Pare;Residencial;0;1;0;1;0;0;0;0;0;0;0;0;-3,747871000000000;-38,519458000000000
266616;15;9;2015;16:37;0;RUA SGT NERI;;;325;;Colis?úo;Luz do Dia;;;Meio de Quadra;;;0;1;0;1;0;0;0;0;0;1;0;0;;
266630;15;9;2015;18:25;0;RUA LONDRINA;;;1048;;Colis?úo;Anoitecer;;;Meio de Quadra;;;0;1;0;1;0;0;0;0;0;1;0;0;-3,781759000000000;-38,600666000000000
266633;15;9;2015;18:50;0;RUA EMILIO DE MENESES;;;2600;;Atropelamento;;;;Meio de Quadra;;;0;1;0;1;0;0;0;0;0;0;0;0;-3,777086000000000;-38,603992000000000
274303;15;9;2015;17:30;0;RUA MANUEL JESUINO;;;200;;Colis?úo;Anoitecer;;;Meio de Quadra;;;0;0;1;1;0;0;0;0;0;1;0;0;-3,727422000000000;-38,484896000000000
266687;16;9;2015;08:46;0;AV GOV RAUL BARBOSA;;;6951;;Queda;Luz do Dia;;;Meio de Quadra;;;0;1;0;0;0;0;0;0;0;1;0;0;-3,774157000000000;-38,512820000000000
266682;16;9;2015;08:21;0;RUA MONTE LIBANO;;;390;;Colis?úo;Luz do Dia;;;Meio de Quadra;;;0;1;0;1;0;0;0;0;0;1;0;0;-3,823577000000000;-38,561060000000000
266683;16;9;2015;08:31;0;AV DEP PAULINO ROCHA;;;0;;Colis?úo;Luz do Dia;;;Meio de Quadra;;;0;1;0;1;0;0;0;0;0;1;0;0;;
266665;16;9;2015;06:22;25009;RUA TULIPA;RUA TEODOMIRO DE CASTRO;;0;;Queda;Luz do Dia;;;;;;0;1;0;0;0;0;0;0;0;1;0;0;-3,715652000000000;-38,579975000000000
266750;16;9;2015;18:49;0;AV BEZERRA DE MENEZES;;;264;;Colis?úo;;;;Meio de Quadra;;;0;1;0;0;0;0;0;0;0;0;0;0;-3,732134000000000;-38,547436000000000
266751;16;9;2015;19:58;0;AV LAURO VIEIRA CHAVES;;;243;;Colis?úo;;;;Meio de Quadra;;;0;1;0;0;0;0;0;0;0;0;0;0;-3,773072000000000;-38,529416000000000
266753;16;9;2015;21:43;0;AV SANTOS DUMONT;;;0;;Colis?úo;;;;Meio de Quadra;;;0;1;0;0;0;0;0;0;0;1;0;0;;
266754;16;9;2015;22:15;6818;RUA FRANCISCO MATOS;RUA DR GILBERTO STUDART;;0;;Colis?úo;;;;Cruz;Pare;Residencial;0;1;0;1;0;0;0;0;0;1;0;0;-3,747084000000000;-38,470191000000000
266755;16;9;2015;22:32;0;RUA DNA LUCIA PINHEIRO (QUINTINO CUNHA);;;60;;Queda;;;;Meio de Quadra;;;0;1;0;0;0;0;0;0;0;1;0;0;-3,732031000000000;-38,597779000000000
266757;16;9;2015;22:51;0;RUA FLORIANO PEIXOTO;;;2519;;Colis?úo;;;;Meio de Quadra;;;0;1;0;0;0;0;0;0;0;0;0;0;-3,744700000000000;-38,532880000000000
266742;16;9;2015;18:09;0;RUA POE MARIO LINHARES (J.WALTER);;;151;;Colis?úo;Anoitecer;;;Meio de Quadra;;;0;1;0;0;0;0;0;0;0;1;0;0;;
266727;16;9;2015;14:04;0;AV PONTES VIEIRA;;;0;;Atropelamento;Luz do Dia;;;Meio de Quadra;;;0;1;0;0;0;0;0;0;0;1;0;0;-3,753402000000000;-38,519287000000000
266733;16;9;2015;17:09;0;AV PRS JUSCELINO KUBITSCHEK (PASSAR?ë);;;3290;;Colis?úo;Anoitecer;;;Meio de Quadra;;;0;1;0;1;0;0;0;0;0;1;0;0;-3,809356000000000;-38,526655000000000
266735;16;9;2015;17:36;0;AV JOSE BASTOS;;;0;;Colis?úo;Anoitecer;;;Meio de Quadra;;;0;1;0;0;0;0;0;0;0;0;0;0;;
266723;16;9;2015;13:26;0;AV HERACLITO GRACA;;;500;;Atropelamento;Luz do Dia;;;Meio de Quadra;;;0;1;0;1;0;0;0;0;0;0;0;0;-3,735019000000000;-38,519817000000000
266729;16;9;2015;15:00;0;AV HERACLITO GRACA;;;0;;Atropelamento;Luz do Dia;;;Meio de Quadra;;;0;1;0;0;0;0;0;0;0;1;0;0;-3,735019000000000;-38,519817000000000
266730;16;9;2015;15:32;5082;RUA DR JOAO MOREIRA;RUA BAR RIO BRANCO;;0;;Colis?úo;Luz do Dia;;;Cruz;N?úo H?í Controle;Comercial;0;1;0;1;0;0;0;0;0;1;0;0;-3,722797000000000;-38,527092000000000
266731;16;9;2015;16:01;0;AV CASTELO DE CASTRO;;;0;;Atropelamento;Luz do Dia;;;Meio de Quadra;;;0;1;0;0;0;0;0;0;0;1;0;0;;
266718;16;9;2015;12:43;0;RUA FRANCISCO VASCONCELOS;;;20;;Atropelamento;Luz do Dia;;;Meio de Quadra;;;0;1;0;0;0;0;0;0;0;1;0;0;;
266713;16;9;2015;12:17;22672;RUA ELISEU ORIA;AV COS GOMES DE FREITAS (SAPIRANGA/COITE);;0;;Colis?úo;Luz do Dia;;;Cruz;Pare;Residencial;0;1;0;1;0;0;0;0;0;1;0;0;-3,795487000000000;-38,477418000000000
266707;16;9;2015;11:10;0;RUA 41 CJ JOSE WALTER;;;510;;Colis?úo;Luz do Dia;;;Meio de Quadra;;;0;1;0;1;0;0;0;0;0;1;0;0;-3,829584000000000;-38,557558000000000
266708;16;9;2015;11:30;0;RUA BETEL;;;1671;;Colis?úo;Luz do Dia;;;Meio de Quadra;;;0;1;0;0;0;0;0;0;0;0;0;0;-3,793752000000000;-38,553368000000000
266710;16;9;2015;11:49;501;RUA CURITIBA;RUA RAIMUNDO RIBEIRO;;0;;Colis?úo;Luz do Dia;;;;;;0;1;1;1;0;0;0;0;0;1;0;0;-3,755683000000000;-38,595294000000000
266696;16;9;2015;11:03;0;AV GAL OSORIO DE PAIVA;;;7798;;Colis?úo;Luz do Dia;;;Meio de Quadra;;;0;1;0;1;0;0;0;0;0;1;0;0;-3,820464000000000;-38,617322000000000
264960;16;9;2015;15:54;0;AV DR THEBERGE;;;2075;;Colis?úo;Luz do Dia;;;Meio de Quadra;;;0;0;2;1;0;0;1;0;0;0;0;0;-3,718865000000000;-38,566336000000000
264958;16;9;2015;12:36;0;AV PRS COSTA E SILVA;;;0;;Colis?úo;Luz do Dia;;;Meio de Quadra;;;0;0;2;1;0;0;1;0;0;0;0;0;;
266197;16;9;2015;15:00;0;RUA BETEL;;;1671;;Colis?úo;Luz do Dia;;;Meio de Quadra;;;0;1;0;1;0;0;0;0;0;1;0;0;-3,793752000000000;-38,553368000000000
266199;16;9;2015;16:31;0;AV GAL OSORIO DE PAIVA;;;4467;;Colis?úo;Luz do Dia;;;Meio de Quadra;;;0;0;1;0;1;0;0;0;0;0;0;0;-3,797648000000000;-38,595208000000000
271214;16;9;2015;11:31;0;RUA CEL JOSE FILOMENO GOMES;;;750;;Colis?úo;Luz do Dia;;;Meio de Quadra;;;0;0;2;0;0;0;0;0;0;0;0;0;;
271218;16;9;2015;12:09;0;RUA STENIO GOMES (JD OLIVEIRAS);;;404;;Colis?úo;Luz do Dia;;;Meio de Quadra;;;0;0;2;0;0;0;0;0;0;0;0;0;-3,784154000000000;-38,498178000000000
271220;16;9;2015;15:25;0;AV ANTONIO SALES;;;1950;;Colis?úo;Luz do Dia;;;Meio de Quadra;;;0;0;2;0;0;0;0;0;0;0;0;0;-3,743950000000000;-38,507234000000000
271224;16;9;2015;15:57;1282;AV BAR STUDART;AV SANTOS DUMONT;;0;;Colis?úo;Luz do Dia;;;Cruz;Sem?íforo;Comercial;0;0;2;0;0;0;0;0;0;0;0;0;-3,733642000000000;-38,506304000000000
256821;16;9;2015;20:00;0;AV DOS EXPEDICIONARIOS;;;4697;;Colis?úo Lateral;Via Iluminada;Bom;Seca;Meio de Quadra;N?úo H?í Controle;Residencial;0;0;2;1;0;0;1;0;0;0;0;0;-3,759336000000000;-38,539488000000000
256822;16;9;2015;07:20;26077;AV JOSE JATAHY;AV DUQ CAXIAS;;0;;Colis?úo Transversal;Luz do Dia;Bom;Seca;T;Pare;Residencial;0;0;2;1;0;0;0;0;0;1;0;0;;
256823;16;9;2015;00:10;0;RUA SILVA JATAHY;;;0;;Colis?úo Lateral;Via Iluminada;Bom;Seca;Meio de Quadra;N?úo H?í Controle;Comercial;0;1;1;1;0;0;0;0;0;0;0;0;;
256824;16;9;2015;11:15;0;AV GAL OSORIO DE PAIVA;;;2437;;Colis?úo Transversal;Luz do Dia;Bom;Seca;Outros;Outros;Comercial;0;1;1;1;0;0;0;0;0;1;0;0;-3,786709000000000;-38,583980000000000
256825;16;9;2015;13:00;3477;RUA DAURA;RUA SAO BENTO;;0;;Colis?úo Transversal;Luz do Dia;Bom;Seca;Cruz;N?úo H?í Controle;Comercial;0;0;2;1;0;0;0;0;0;1;0;0;-3,822582000000000;-38,509733000000000
256817;16;9;2015;06:30;25683;RUA DAMASCENO GIRAO;RUA ANTONIO MENDES (JD AMERICA);;0;;Colis?úo Transversal;Luz do Dia;Bom;Seca;Cruz;Pare;Residencial;0;0;2;1;0;0;0;0;0;0;0;0;-3,751507000000000;-38,539780000000000
256814;16;9;2015;14:10;0;RUA MANUEL CASTELO BRANCO;;;490;;Colis?úo Transversal;Luz do Dia;Bom;Seca;Meio de Quadra;N?úo H?í Controle;Comercial;0;0;3;1;0;0;1;0;0;0;0;0;-3,832376000000000;-38,490326000000000
256815;16;9;2015;15:30;0;RUA JULIO LIMA;;;1537;;Colis?úo Traseira;Luz do Dia;Bom;Seca;Meio de Quadra;Outros;Residencial;0;0;2;1;0;0;0;0;0;0;0;0;;
256831;16;9;2015;08:30;25106;RUA DELMIRO GOUVEIA;AV SANTOS DUMONT;;0;;Colis?úo Transversal;Luz do Dia;Bom;Seca;Cruz;Sem?íforo;Comercial;0;0;2;0;0;0;0;0;0;1;0;0;-3,739603000000000;-38,487932000000000
256819;16;9;2015;08:23;0;AV 13 DE MAIO;;;755;;Colis?úo Traseira;Luz do Dia;Bom;Seca;Meio de Quadra;Sem?íforo;Comercial;0;0;2;1;0;0;0;0;0;0;0;0;-3,751492000000000;-38,526791000000000
256828;16;9;2015;17:00;0;AV OLIVEIRA PAIVA;;;1964;;Colis?úo Lateral;Luz do Dia;Bom;Seca;Meio de Quadra;N?úo H?í Controle;Comercial;0;1;2;1;0;0;0;0;0;1;0;0;-3,796143000000000;-38,488631000000000
256775;16;9;2015;20:50;936;AV BORGES DE MELO;RUA CUMBICA;;0;;Colis?úo Lateral;Via Iluminada;Bom;Seca;Cruz;Pare;Residencial;0;1;1;0;1;0;0;0;1;0;0;0;-3,761342000000000;-38,520039000000000
256777;16;9;2015;21:30;6818;RUA DR GILBERTO STUDART;RUA FRANCISCO MATOS;;0;;Colis?úo Transversal;Via Iluminada;Bom;Seca;Cruz;Pare;Residencial;0;1;1;1;0;0;0;0;0;1;0;0;-3,747084000000000;-38,470191000000000
256778;16;9;2015;11:30;0;AV SANTOS DUMONT;;;4560;;Colis?úo Lateral;Luz do Dia;Bom;Seca;Meio de Quadra;N?úo H?í Controle;Comercial;0;0;2;1;0;0;0;0;0;0;0;0;;
256773;16;9;2015;11:15;0;RUA CONDE D??EU;;;521;;Colis?úo Lateral;Luz do Dia;Bom;Seca;Meio de Quadra;N?úo H?í Controle;Comercial;0;0;2;1;0;0;1;0;0;0;0;0;-3,725525000000000;-38,525464000000000
256768;16;9;2015;08:30;5283;AV DOM MANUEL;AV SANTOS DUMONT;;0;;Colis?úo Transversal;Luz do Dia;Bom;Seca;Cruz;Sem?íforo;Comercial;0;0;2;1;0;0;0;0;0;1;0;0;-3,728774000000000;-38,521250000000000
256781;16;9;2015;21:30;0;AV SGT HERMINIO SAMPAIO;;;1536;;Colis?úo Transversal;Via Iluminada;Bom;Seca;Meio de Quadra;N?úo H?í Controle;Comercial;0;0;2;1;0;0;0;0;0;0;0;0;-3,725261000000000;-38,554395000000000
256786;16;9;2015;14:00;0;AV PONTES VIEIRA;;;85;;Atropelamento;Luz do Dia;Bom;Seca;Meio de Quadra;N?úo H?í Controle;Comercial;0;2;0;0;0;0;0;0;0;1;0;0;-3,753402000000000;-38,519287000000000
256788;16;9;2015;17:40;5030;RUA ALM JACEGUAI;AV ALM BARROSO;;0;;Colis?úo Transversal;Via Iluminada;Bom;Seca;T;Sem?íforo;Lazer;0;0;2;1;1;0;0;0;0;0;0;0;-3,720749000000000;-38,519363000000000
256791;16;9;2015;11:50;0;AV HERACLITO GRACA;;;1476;;Colis?úo Transversal;Luz do Dia;Bom;Seca;Meio de Quadra;N?úo H?í Controle;Comercial;0;0;2;1;0;0;0;0;0;0;0;0;-3,737882000000000;-38,511588000000000
256805;16;9;2015;07:00;0;AV RUI BARBOSA;;;1450;;Colis?úo Traseira;Luz do Dia;Bom;Seca;Meio de Quadra;N?úo H?í Controle;Residencial;0;1;2;1;0;0;0;0;0;0;0;0;-3,735305000000000;-38,509193000000000
256806;16;9;2015;08:40;15346;RUA VIS MAUA;RUA PEREIRA VALENTE;;0;;Colis?úo Transversal;Luz do Dia;Bom;Seca;Cruz;Pare;Residencial;0;0;2;0;0;0;0;0;0;0;0;0;-3,731927000000000;-38,498067000000000
256807;16;9;2015;18:40;0;AV ROGACIANO LEITE;;;340;;Colis?úo Traseira;Via Iluminada;Bom;Seca;Meio de Quadra;N?úo H?í Controle;Comercial;0;0;2;0;0;0;0;0;0;0;0;0;-3,760951000000000;-38,493002000000000
256800;16;9;2015;00:30;3302;AV GAL OSORIO DE PAIVA;RUA LUIS VIEIRA;;0;;Colis?úo Traseira;Via Iluminada;Bom;Seca;Cruz;Sem?íforo Intermitente;Comercial;0;0;2;0;0;0;0;1;0;0;0;0;-3,790879000000000;-38,588616000000000
256794;16;9;2015;12:15;183;RUA DEMETRIO MENEZES;AV SGT HERMINIO SAMPAIO;;0;;Colis?úo Lateral;Luz do Dia;Bom;Seca;Cruz;Sem?íforo;Comercial;0;0;2;1;0;0;0;1;0;0;0;0;-3,731488000000000;-38,584591000000000
256798;16;9;2015;14:30;0;AV DES MOREIRA;;;0;;Colis?úo Lateral;Luz do Dia;Bom;Seca;Meio de Quadra;N?úo H?í Controle;Outros;0;0;2;1;0;0;0;0;0;0;0;0;;
256802;16;9;2015;10:00;3370;RUA AMAZONAS;RUA MINAS GERAIS;;0;;Colis?úo Transversal;Luz do Dia;Bom;Seca;Cruz;Pare;Residencial;0;1;1;1;0;0;0;0;0;1;0;0;-3,753685000000000;-38,563580000000000
256803;16;9;2015;14:00;0;AV HERACLITO GRACA;;;342;;Atropelamento;Luz do Dia;Bom;Seca;Meio de Quadra;Sem?íforo;Comercial;0;2;1;1;0;0;0;0;0;1;0;0;-3,734389000000000;-38,521777000000000
256810;16;9;2015;10:20;25467;AV BENJAMIM BRASIL;RUA LEON GRADVOHL;;0;;Colis?úo Transversal;Luz do Dia;Bom;Seca;T;N?úo H?í Controle;Comercial;0;1;1;0;1;0;0;0;0;1;0;0;-3,804034000000000;-38,569567000000000
256811;16;9;2015;17:40;14444;AV SGT HERMINIO SAMPAIO;RUA DR ALMEIDA FILHO;;0;;Colis?úo Transversal;Anoitecer;Bom;Seca;T;N?úo H?í Controle;Comercial;0;1;1;0;0;0;0;0;0;1;0;0;-3,725980000000000;-38,558358000000000
256812;16;9;2015;13:50;1432;AV SANTOS DUMONT;AV SEN VIRGILIO TAVORA;;0;;Colis?úo Traseira;Luz do Dia;Bom;Seca;Cruz;Sem?íforo;Comercial;0;0;2;0;1;0;0;0;0;0;0;0;-3,737828000000000;-38,493482000000000
256835;17;9;2015;18:50;12697;AV CEL CARVALHO;RUA RAIMUNDO FROTA;;0;;Colis?úo Transversal;Via Iluminada;Bom;Seca;Duplo T;Pare;Comercial;0;0;2;1;0;0;0;0;0;1;0;0;-3,714552000000000;-38,588657000000000
256857;17;9;2015;08:40;3226;RUA EMILIO DE MENESES;RUA JOSE ARISTOTELES GONDIM;;0;;Colis?úo Transversal;Luz do Dia;Bom;Seca;Cruz;Pare;Residencial;0;0;2;1;0;0;0;0;0;0;0;0;-3,782184000000000;-38,585899000000000
256858;17;9;2015;15:10;15179;RUA MON BRUNO;RUA TOMAS POMPEU;;0;;Colis?úo Transversal;Luz do Dia;Bom;Seca;Cruz;Pare;Residencial;0;0;2;1;0;0;0;0;0;0;0;0;-3,725790000000000;-38,507307000000000
256842;17;9;2015;18:00;9229;RUA MARIO MAMEDE;RUA MON LIBERATO;;0;;Colis?úo Lateral;Via Iluminada;Bom;Seca;Cruz;Pare;Outros;0;1;1;1;0;0;0;0;0;1;0;0;-3,749814000000000;-38,530817000000000
256850;17;9;2015;00:30;0;RUA FLORIANO PEIXOTO;;;2539;;Colis?úo Lateral;Via Iluminada;Bom;Seca;Meio de Quadra;N?úo H?í Controle;Residencial;0;1;1;1;0;0;0;0;0;1;0;0;;
256851;17;9;2015;19:15;0;RUA ROCHA LIMA;;;1016;;Colis?úo Lateral;Via Iluminada;Bom;Seca;Meio de Quadra;Pare;Residencial;0;0;2;1;0;0;0;0;0;0;0;0;-3,738608000000000;-38,515382000000000
256852;17;9;2015;15:07;5099;AV TRISTAO GONCALVES;RUA SEN ALENCAR;;0;;Colis?úo Lateral;Luz do Dia;Bom;Seca;Cruz;Pare;Comercial;0;0;2;1;1;0;0;0;0;0;0;0;-3,723524000000000;-38,532122000000000
256861;17;9;2015;14:30;0;AV DR SILAS MUNGUBA;;;914;;Engavetamento;Luz do Dia;Bom;Seca;Meio de Quadra;N?úo H?í Controle;Comercial;0;0;5;1;0;0;0;0;0;0;0;0;-3,781200000000000;-38,557592000000000
256854;17;9;2015;19:00;0;RUA GOV JOAO CARLOS;;;739;;Colis?úo Lateral;Via Iluminada;Bom;Seca;Meio de Quadra;N?úo H?í Controle;Residencial;0;0;2;1;0;0;0;0;0;0;0;0;-3,781411000000000;-38,552901000000000
256865;17;9;2015;14:00;304;RUA GONCALVES DIAS;RUA DELMIRO FARIAS;;0;;Colis?úo Transversal;Luz do Dia;Bom;Seca;T;Pare;Residencial;0;1;1;1;0;0;0;0;0;1;0;0;-3,743566000000000;-38,554948000000000
256869;17;9;2015;17:00;16452;RUA 26 BATALHAO;AV BENJAMIM BRASIL;;0;;Colis?úo Lateral;Anoitecer;Bom;Molhada;Cruz;Pare;Residencial;0;1;1;1;0;0;0;0;0;1;0;0;-3,804601000000000;-38,567669000000000
256867;17;9;2015;19:00;0;AV GAL OSORIO DE PAIVA;;;4060;;Colis?úo Lateral;Via Iluminada;Bom;Seca;Meio de Quadra;N?úo H?í Controle;Comercial;0;1;1;1;0;0;0;0;0;1;0;0;-3,792559000000000;-38,590230000000000
256875;17;9;2015;21:00;9155;AV EDUARDO GIRAO;AV LUCIANO CARNEIRO;;0;;Colis?úo Traseira;Via Iluminada;Bom;Seca;Cruz;Sem?íforo;Comercial;0;0;2;1;0;0;0;0;0;0;0;0;-3,752275000000000;-38,532811000000000
256871;17;9;2015;13:20;0;AV ENG ALBERTO SA;;;1140;;Colis?úo Lateral;Luz do Dia;Bom;Seca;Meio de Quadra;N?úo H?í Controle;Comercial;0;0;2;1;0;0;0;0;0;0;0;0;-3,735390000000000;-38,472901000000000
256879;17;9;2015;07:30;5139;RUA SEN ALENCAR;RUA SEN POMPEU;;0;;Atropelamento;Luz do Dia;Bom;Seca;Cruz;Sem?íforo;Comercial;0;1;1;1;0;0;0;0;0;0;0;0;-3,724526000000000;-38,528911000000000
256882;17;9;2015;10:00;7634;AV CARNEIRO DE MENDONCA;RUA MINAS GERAIS;;0;;Colis?úo Transversal;Luz do Dia;Bom;Seca;Cruz;Pare;Residencial;0;1;1;1;0;0;0;0;0;1;0;0;-3,762798000000000;-38,569200000000000
256884;17;9;2015;08:15;0;AV WENEFRIDO MELO;;;290;;Colis?úo Lateral;Luz do Dia;Bom;Seca;Meio de Quadra;N?úo H?í Controle;Residencial;0;0;2;1;0;0;1;0;0;0;0;0;-3,810045000000000;-38,576614000000000
271226;17;9;2015;09:15;0;AV GOV RAUL BARBOSA;;;5860;;Colis?úo;Luz do Dia;;;Meio de Quadra;;;0;0;2;0;0;0;0;0;0;0;0;0;-3,769302000000000;-38,510274000000000
266204;17;9;2015;19:30;0;AV WASHINGTON SOARES;;;909;SHOPPING SALINAS;Colis?úo;;;;Meio de Quadra;;;0;1;0;1;0;0;0;0;0;1;0;0;-3,762147000000000;-38,482824000000000
256934;17;9;2015;16:40;0;RUA EUDES CARDOSO;;;20;;Colis?úo Frontal;Luz do Dia;Bom;Seca;Meio de Quadra;N?úo H?í Controle;Residencial;0;0;2;1;0;0;0;0;0;0;0;0;-3,825382000000000;-38,493274000000000
256898;17;9;2015;10:30;15145;AV HIS RAIMUNDO GIRAO;AV BAR STUDART;;0;;Colis?úo Transversal;Luz do Dia;Bom;Seca;Cruz;Sem?íforo;Residencial;0;0;2;1;0;0;0;0;0;1;0;0;-3,724494000000000;-38,503367000000000
256927;17;9;2015;10:00;16258;RUA UM (MONDUBIM);RUA DAS PALMAS;;0;;Colis?úo Traseira;Luz do Dia;Bom;Seca;T;Pare;Residencial;0;0;2;1;0;0;0;1;0;0;0;0;-3,832796000000000;-38,578922000000000
256921;17;9;2015;11:30;10659;RUA GONTRAN GIFFONI;RUA JOR CESAR MAGALHAES;;0;;Colis?úo Lateral;Luz do Dia;Bom;Seca;Cruz;Pare;Residencial;0;0;2;1;0;0;0;0;0;0;0;0;-3,769449000000000;-38,489127000000000
256930;17;9;2015;14:00;0;RUA MELO CESAR;;;521;;Colis?úo Frontal;Luz do Dia;Bom;Seca;Meio de Quadra;N?úo H?í Controle;Residencial;0;0;2;1;0;0;0;0;0;0;0;0;-3,795193000000000;-38,504041000000000
256939;17;9;2015;17:40;0;AV ALBERTO CRAVEIRO;;;1480;;Engavetamento;Via Iluminada;Bom;Seca;Meio de Quadra;Sem?íforo;Residencial;0;1;5;1;0;0;0;0;0;1;0;0;-3,793148000000000;-38,517613000000000
256946;17;9;2015;15:00;15807;RUA CEL DIONISIO ALENCAR;RUA PERGENTINO MAIA;;0;;Colis?úo Transversal;Luz do Dia;Bom;Seca;Cruz;Pare;Comercial;0;0;2;1;0;0;1;0;0;0;0;0;-3,831561000000000;-38,487711000000000
256952;17;9;2015;16:00;9170;AV EDUARDO GIRAO;RUA GAL SILVA JUNIOR;;0;;Colis?úo Lateral;Luz do Dia;Bom;Seca;Cruz;Sem?íforo;Comercial;0;1;1;1;0;0;0;0;0;1;0;0;-3,754309000000000;-38,530785000000000
256949;17;9;2015;16:20;26077;AV JOSE JATAHY;AV DUQ CAXIAS;;0;;Colis?úo Transversal;Luz do Dia;Bom;Seca;T;Pare;Residencial;0;1;1;1;0;0;0;0;0;1;0;0;;
256954;17;9;2015;17:30;9115;RUA DR ALFREDO WEYNE D14;RUA GAL SILVA JUNIOR;;0;;Colis?úo Lateral;Via Iluminada;Bom;Seca;Cruz;Pare;Outros;0;0;2;1;0;0;0;0;0;0;0;0;-3,755893000000000;-38,532116000000000
256886;17;9;2015;15:30;0;RUA IGUATU;;;331;;Outros;Via Iluminada;Bom;Seca;Meio de Quadra;N?úo H?í Controle;Residencial;0;1;1;1;0;0;0;0;0;1;0;0;-3,754629000000000;-38,577302000000000
256890;17;9;2015;21:50;8949;AV BEZERRA DE MENEZES;RUA JUSTINIANO DE SERPA;;0;;Outros;Via Iluminada;Bom;Seca;Cruz;Sem?íforo Intermitente;Comercial;0;1;1;1;0;0;0;0;0;0;0;0;-3,731156000000000;-38,542857000000000
256891;17;9;2015;09:30;25346;AV OLIVEIRA PAIVA;RUA LUIS GIRAO;;0;;Colis?úo Lateral;Luz do Dia;Bom;Seca;T;N?úo H?í Controle;Comercial;0;1;2;1;0;1;0;0;0;1;0;0;-3,795862000000000;-38,481549000000000
256896;17;9;2015;06:50;5279;RUA COSTA BARROS;RUA NOGUEIRA ACIOLI;;0;;Colis?úo Transversal;Luz do Dia;Bom;Seca;Cruz;Pare;Residencial;0;1;1;1;0;0;0;0;0;1;0;0;-3,728753000000000;-38,516481000000000
256915;17;9;2015;07:50;6750;RUA VILEBALDO AGUIAR;RUA BATISTA DE OLIVEIRA;;0;;Colis?úo Traseira;Luz do Dia;Bom;Seca;Cruz;N?úo H?í Controle;Residencial;0;0;2;1;0;0;0;0;0;0;0;0;-3,743019000000000;-38,480134000000000
256910;17;9;2015;19:00;23433;RUA MON SALAZAR;RUA PRO CARVALHO;;0;;Colis?úo Lateral;Via Iluminada;Bom;Seca;Cruz;Pare;Residencial;0;2;0;0;0;0;0;0;0;1;0;0;-3,756146000000000;-38,514308000000000
256906;17;9;2015;17:29;0;RUA METON DE ALENCAR;;;1729;;Colis?úo Lateral;Luz do Dia;Bom;Seca;Meio de Quadra;N?úo H?í Controle;Comercial;0;0;2;1;0;0;0;0;0;0;0;0;-3,730965000000000;-38,538923000000000
256902;17;9;2015;19:35;0;RUA SOLON PINHEIRO;;;234;;Atropelamento;Via Iluminada;Bom;Seca;Meio de Quadra;Sem?íforo;Comercial;0;1;1;0;1;0;0;0;0;0;0;0;-3,732627000000000;-38,527006000000000
256900;17;9;2015;09:00;7950;AV PONTES VIEIRA;RUA ISAC AMARAL;;0;;Colis?úo Traseira;Luz do Dia;Bom;Seca;Cruz;Sem?íforo;Comercial;0;0;3;1;0;0;0;0;0;0;0;0;-3,752014000000000;-38,507398000000000
259601;17;9;2015;06:50;0;RD CE-040;;;0;KM-08;Colis?úo;Luz do Dia;Bom;Seca;Meio de Quadra;;Comercial;0;1;1;1;0;0;0;0;0;1;0;0;-3,823332000000000;-38,481317000000000