COD_ACIDENTE;DIA;MES;ANO;HORA;INTERSECAO;LOG1;LOG2;LOG3;NUMERO;REFERENCIA;NATUREZA;ILUMINACAO;TEMPO;SUPERFICIEPISTA;TIPOCRUZAMENTO;CONTROLETRAFEGO;USOSOLO;MORTOS;FERIDOS;ILESOS;AUTOMOVEL;ONIBUS;BICICLETA;CAMINHAO;MICROONIBUS;CICLOMOTOR;MOTOCICLETA;TRACAOANIMAL;TREM;LATITUDE;LONGITUDE
259602;17;9;2015;13:30;0;RD CE-040;;;0;KM-06;Colis?úo;Luz do Dia;Bom;Seca;Meio de Quadra;;Comercial;0;0;2;1;0;0;1;0;0;0;0;0;-3,811270000000000;-38,478781000000000
259280;17;9;2015;16:30;0;RD BR 222;;;0;KM-01;Colis?úo Traseira;Luz do Dia;Bom;Seca;Meio de Quadra;N?úo H?í Controle;Comercial;0;1;3;0;1;0;0;0;0;0;0;0;-3,737774000000000;-38,577952000000000
266758;17;9;2015;04:02;12762;RUA JORGE DUMAR;AV BORGES DE MELO;;0;;Colis?úo;;;;Cruz;Sem?íforo;Comercial;0;1;0;0;0;0;0;0;0;0;0;0;-3,752695000000000;-38,539369000000000
266759;17;9;2015;05:04;0;RUA TEODOMIRO DE CASTRO;;;0;;Colis?úo;Amanhecer;;;Meio de Quadra;;;0;1;0;1;0;0;0;0;0;1;0;0;;
266760;17;9;2015;06:28;9124;AV VIS RIO BRANCO;RUA MON SALAZAR;;0;;Colis?úo;Luz do Dia;;;Cruz;Sem?íforo;Residencial;0;1;0;1;0;0;0;0;0;1;0;0;-3,756701000000000;-38,519870000000000
266763;17;9;2015;07:02;0;AV OLIVEIRA PAIVA;;;2939;;Atropelamento;Luz do Dia;;;Meio de Quadra;;;0;1;0;0;0;0;0;0;0;1;0;0;-3,795829000000000;-38,481169000000000
266765;17;9;2015;08:00;0;RUA MANUEL CRUZ DE LIMA;;;0;;Colis?úo;Luz do Dia;;;Meio de Quadra;;;0;1;0;1;0;0;0;0;0;1;0;0;;
266766;17;9;2015;08:13;0;AV JOAO PESSOA;;;6933;;Colis?úo;Luz do Dia;;;Meio de Quadra;;;0;1;0;1;0;0;0;0;0;1;0;0;-3,770339000000000;-38,561088000000000
266768;17;9;2015;10:48;15145;AV BAR STUDART;AV HIS RAIMUNDO GIRAO;;0;;Colis?úo;Luz do Dia;;;Cruz;Sem?íforo;Residencial;0;1;0;1;0;0;0;0;0;1;0;0;-3,724494000000000;-38,503367000000000
266775;17;9;2015;17:10;11943;AV PRS COSTA E SILVA;RUA 111 CJ SAO CRISTOVAO;;0;;Colis?úo;Anoitecer;;;;;;0;1;0;0;0;0;0;0;0;0;0;0;;
266777;17;9;2015;18:27;0;RUA PRO COSTA MENDES;;;439;;Colis?úo;Anoitecer;;;Meio de Quadra;;;0;1;0;1;0;0;0;0;0;1;0;0;-3,756316000000000;-38,545014000000000
266770;17;9;2015;11:45;5709;AV OLIVEIRA PAIVA;AV DES GONZAGA;;0;;Colis?úo;Luz do Dia;;;Cruz;Sem?íforo;Lazer;0;1;0;1;0;0;0;0;0;1;0;0;-3,797165000000000;-38,499953000000000
266771;17;9;2015;14:30;0;AV FRANCISCO SA;;;0;;Colis?úo;Luz do Dia;;;Meio de Quadra;;;0;1;0;0;0;0;0;0;0;0;0;0;;
266788;17;9;2015;23:13;0;AV MON AMARILIO RODRIGUES;;;886;;Colis?úo;;;;Meio de Quadra;;;0;1;0;1;0;0;0;0;0;1;0;0;-3,835182000000000;-38,522387000000000
266781;17;9;2015;18:46;0;AV DUQ CAXIAS;;;234;;Atropelamento;;;;Meio de Quadra;;;0;1;0;0;0;0;0;0;0;0;0;0;;
266783;17;9;2015;21:01;0;RUA MIGUEL GURGEL;;;0;;Colis?úo;;;;Meio de Quadra;;;0;1;0;0;0;0;0;0;0;1;0;0;;
266785;17;9;2015;21:57;0;RUA STA INES D20;;;1467;;Atropelamento;;;;Meio de Quadra;;;0;1;0;0;0;0;0;0;0;0;0;0;-3,707574000000000;-38,559689000000000
266789;18;9;2015;05:47;12892;AV DOMINGOS OLIMPIO;RUA BAR RIO BRANCO;;0;;Queda;Amanhecer;;;Cruz;Sem?íforo;Comercial;0;1;0;0;0;0;0;0;0;1;0;0;-3,736579000000000;-38,531494000000000
264962;18;9;2015;18:15;0;AV SEN CARLOS JEREISSATI (AEROPORTO);;;0;;Colis?úo;Anoitecer;;;Meio de Quadra;;;0;0;2;1;0;0;0;0;0;1;0;0;;
259241;18;9;2015;07:40;0;RD BR 116;;;6000;KM-06;Colis?úo Lateral;Luz do Dia;Bom;Seca;Meio de Quadra;N?úo H?í Controle;Comercial;0;0;2;1;0;0;0;0;0;0;0;0;-3,804691000000000;-38,503053000000000
259603;18;9;2015;07:00;0;AV SEN CARLOS JEREISSATI (AEROPORTO);;;545;;Colis?úo;Luz do Dia;Bom;Seca;Meio de Quadra;;Comercial;0;2;1;1;0;0;0;0;0;1;0;0;;
259604;18;9;2015;07:30;0;RD CE-040;;;0;KM-04;Colis?úo;Luz do Dia;Bom;Seca;Meio de Quadra;;Comercial;0;0;2;1;1;0;0;0;0;0;0;0;-3,792050000000000;-38,480251000000000
259605;18;9;2015;12:30;0;AV SEN CARLOS JEREISSATI (AEROPORTO);;;0;KM 02;Colis?úo;Luz do Dia;Bom;Seca;Meio de Quadra;;Comercial;0;0;2;1;0;0;0;0;0;0;0;0;-3,783932000000000;-38,529156000000000
259606;18;9;2015;15:00;0;RD CE-060;;;0;KM-03;Colis?úo;Luz do Dia;Bom;Seca;Meio de Quadra;;Comercial;0;0;2;0;1;0;0;0;0;0;0;0;-3,836637000000000;-38,582776000000000
259607;18;9;2015;18:36;0;RD CE-040;;;0;KM-05;Colis?úo;Via Iluminada;Bom;Seca;Meio de Quadra;;Comercial;0;1;1;1;0;0;0;0;0;1;0;0;-3,790876000000000;-38,480349000000000
259608;18;9;2015;22:30;0;AV WASHINGTON SOARES;;;500;;Atropelamento;Via Iluminada;Bom;Seca;Meio de Quadra;;Comercial;0;1;1;1;0;0;0;0;0;0;0;0;;
256903;18;9;2015;19:40;0;AV TRISTAO GONCALVES;;;1074;;Atropelamento;;Bom;Seca;Meio de Quadra;;Comercial;0;0;2;0;0;0;0;0;0;1;0;0;-3,731137000000000;-38,534419000000000
256907;18;9;2015;11:40;9225;RUA MIN JOAQUIM BASTOS D14;RUA PDE LEOPOLDO FERNANDES;;0;;Colis?úo Traseira;Luz do Dia;Bom;Seca;Cruz;Pare;Residencial;0;1;1;0;0;0;0;0;0;1;0;0;-3,752255000000000;-38,529987000000000
256905;18;9;2015;21:45;0;AV BEZERRA DE MENEZES;;;1819;;Colis?úo Traseira;Via Iluminada;Bom;Seca;Meio de Quadra;N?úo H?í Controle;Comercial;0;0;3;1;0;0;0;0;0;0;0;0;-3,735122000000000;-38,561839000000000
256913;18;9;2015;11:10;0;RUA BARBOSA DE FREITAS;;;971;;Colis?úo Lateral;Luz do Dia;Bom;Seca;Meio de Quadra;N?úo H?í Controle;Comercial;0;0;2;1;0;0;0;0;0;0;0;0;-3,734150000000000;-38,496584000000000
256914;18;9;2015;18:10;0;AV AGUANAMBI;;;358;;Colis?úo Traseira;Via Iluminada;Bom;Seca;Meio de Quadra;Sem?íforo;Comercial;0;0;2;1;0;0;0;0;0;0;0;0;-3,740220000000000;-38,524995000000000
256916;18;9;2015;21:00;1743;RUA CAP ARAGAO;RUA TEN BARBOSA D46;;0;;Colis?úo Traseira;Via Iluminada;Bom;Seca;Cruz;Pare;Residencial;0;0;2;1;0;0;0;0;0;0;0;0;-3,764730000000000;-38,512040000000000
256917;18;9;2015;03:16;0;RUA CARLOS JUACABA;;;0;;Choque c/ Obst?ículo Fixo;Via Iluminada;Bom;Seca;Meio de Quadra;Pare;Residencial;0;0;1;1;0;0;0;0;0;0;0;0;;
256919;18;9;2015;15:20;0;AV RECREIO D64;;;840;;Colis?úo Lateral;Luz do Dia;Bom;Seca;Meio de Quadra;N?úo H?í Controle;Residencial;0;0;2;1;0;0;0;0;0;0;0;0;-3,813186000000000;-38,449597000000000
256920;18;9;2015;18:20;1743;RUA CAP ARAGAO;RUA TEN BARBOSA D46;;0;;Colis?úo Frontal;Anoitecer;Bom;Seca;Cruz;Pare;Residencial;0;2;1;1;0;0;0;0;0;0;0;0;-3,764730000000000;-38,512040000000000
256897;18;9;2015;17:00;583;AV FRANCISCO SA;RUA ANA FACO;;0;;Colis?úo Lateral;Anoitecer;Bom;Seca;Cruz;Pare;Misto;0;0;2;1;1;0;0;0;0;0;0;0;-3,716149000000000;-38,561096000000000
256895;18;9;2015;05:55;5086;RUA SAO PAULO;RUA PDE MORORO;;0;;Colis?úo Transversal;Amanhecer;Bom;Seca;Cruz;Sem?íforo;Misto;0;0;2;1;0;0;0;0;0;1;0;0;-3,722996000000000;-38,536741000000000
256892;18;9;2015;22:00;0;AV DEP PAULINO ROCHA;;;3131;;Colis?úo Lateral;;Bom;Seca;Meio de Quadra;Outros;Residencial;0;2;1;1;0;0;0;0;0;1;0;0;-3,808405000000000;-38,523807000000000
256888;18;9;2015;06:30;10955;RUA ALM RUBIM;RUA LIVINO DE CARVALHO;;0;;Colis?úo Transversal;Luz do Dia;Bom;Seca;T;Pare;Comercial;0;2;0;0;0;0;0;0;0;1;0;0;-3,771576000000000;-38,556880000000000
256885;18;9;2015;08:15;10994;RUA CESAR ROSSAS;RUA ALM RUBIM;;0;;Colis?úo Traseira;Luz do Dia;Bom;Seca;Y;Pare;Comercial;0;0;2;1;1;0;0;0;0;0;0;0;-3,769567000000000;-38,556190000000000
256956;18;9;2015;18:09;0;AV GODOFREDO MACIEL;;;2525;;Colis?úo Lateral;Anoitecer;Bom;Seca;Meio de Quadra;N?úo H?í Controle;Comercial;0;0;2;0;1;0;0;0;0;0;0;0;-3,796928000000000;-38,570061000000000
256959;18;9;2015;10:00;22940;RUA BERNARDO MANUEL;RUA JAPI;;0;;Colis?úo;Luz do Dia;Bom;Seca;Cruz;Pare;Comercial;0;1;1;0;0;0;1;0;0;1;0;0;-3,784073000000000;-38,546927000000000
256968;18;9;2015;12:40;0;AV ALBERTO CRAVEIRO;;;2571;;Colis?úo Traseira;Luz do Dia;Bom;Seca;Meio de Quadra;N?úo H?í Controle;Residencial;0;0;2;1;0;0;1;0;0;0;0;0;-3,802757000000000;-38,521176000000000
256965;18;9;2015;14:20;11932;AV PRS COSTA E SILVA;AV CASTELO DE CASTRO;;0;;Colis?úo Lateral;Luz do Dia;Bom;Seca;Cruz;Sem?íforo;Misto;0;0;2;1;0;0;0;0;0;1;0;0;-3,829012000000000;-38,521435000000000
256970;18;9;2015;12:20;0;AV ALBERTO CRAVEIRO;;;2053;;Colis?úo Traseira;Luz do Dia;Bom;Seca;Meio de Quadra;N?úo H?í Controle;Residencial;0;0;2;1;0;0;0;0;0;0;0;0;-3,798579000000000;-38,518754000000000
256953;18;9;2015;07:40;0;AV DUQ CAXIAS;;;1303;;Colis?úo Traseira;Luz do Dia;Bom;Seca;Meio de Quadra;Outros;Comercial;0;0;2;0;1;0;0;0;0;1;0;0;-3,729988000000000;-38,535478000000000
256948;18;9;2015;18:50;0;RUA CAP ARAGAO;;;361;;Atropelamento;Via Iluminada;Bom;Seca;Meio de Quadra;N?úo H?í Controle;Residencial;0;1;1;0;0;0;0;0;0;1;0;0;-3,765158000000000;-38,514729000000000
256938;18;9;2015;11:00;15804;RUA PERGENTINO MAIA;RUA ANTONINO BARROS;;0;;Colis?úo Lateral;Luz do Dia;Bom;;Cruz;Pare;Comercial;0;0;2;0;1;0;0;0;0;1;0;0;-3,831390000000000;-38,488977000000000
256945;18;9;2015;14:50;13394;AV ANTONIO SALES;RUA ANTONIO AUGUSTO;;0;;Colis?úo Transversal;Luz do Dia;Bom;Seca;Cruz;N?úo H?í Controle;Comercial;0;1;1;1;0;1;0;0;0;0;0;0;-3,740913000000000;-38,517005000000000
256942;18;9;2015;06:00;25127;AV ENG HUMBERTO MONTE;RUA BOLIVIA;;0;;Colis?úo Lateral;Luz do Dia;Bom;Seca;Cruz;Pare;Comercial;0;1;1;0;0;0;0;0;0;1;0;0;-3,743796000000000;-38,564826000000000
256922;18;9;2015;20:00;0;RUA CAP HERMINIO;;;135;;Colis?úo Lateral;Via Iluminada;Bom;Seca;Meio de Quadra;N?úo H?í Controle;Residencial;0;0;2;0;0;0;1;0;0;0;0;0;;
256923;18;9;2015;05:30;0;AV PRS CASTELO BRANCO;;;2345;;Colis?úo Traseira;Amanhecer;Bom;Seca;Meio de Quadra;Sem?íforo;Comercial;0;0;1;1;0;0;0;0;0;1;0;0;-3,713650000000000;-38,548800000000000
256924;18;9;2015;17:30;1282;AV BAR STUDART;AV SANTOS DUMONT;;0;;Colis?úo Lateral;Anoitecer;Bom;Seca;Cruz;Sem?íforo;Comercial;0;0;2;1;0;0;0;0;0;1;0;0;-3,733642000000000;-38,506304000000000
256926;18;9;2015;19:00;7812;RUA JULIO SIQUEIRA;RUA JOAQUIM NABUCO;;0;;Colis?úo Transversal;Via Iluminada;Bom;Seca;Cruz;Pare;Residencial;0;1;1;0;0;0;0;0;0;1;0;0;-3,750442000000000;-38,506154000000000
256936;18;9;2015;09:00;0;RUA EDUARDO PORTO;;;55;;Colis?úo Lateral;Luz do Dia;Bom;Seca;Meio de Quadra;N?úo H?í Controle;Comercial;0;0;2;1;0;0;0;0;0;0;0;0;-3,832688000000000;-38,495117000000000
256932;18;9;2015;06:20;12837;AV DOMINGOS OLIMPIO;RUA JAIME BENEVOLO;;0;;Colis?úo Transversal;Luz do Dia;Bom;Seca;Cruz;Sem?íforo;Comercial;0;0;2;1;1;0;0;0;0;0;0;0;-3,737780000000000;-38,527245000000000
256929;18;9;2015;17:15;1451;RUA ROCHA LIMA;RUA ANTONIO AUGUSTO;;0;;Colis?úo Lateral;Anoitecer;Bom;Seca;Cruz;Pare;Residencial;0;1;1;1;0;0;0;0;0;1;0;0;-3,738344000000000;-38,516207000000000
266207;18;9;2015;10:15;10740;RUA PORTO ALEGRE;RUA AUDISIO PINHEIRO;;0;;Colis?úo;Luz do Dia;;;Cruz;Pare;Residencial;0;1;0;1;0;0;0;0;0;1;0;0;-3,760602000000000;-38,589942000000000
271240;18;9;2015;10:10;0;AV PRS CASTELO BRANCO;;;5288;;Colis?úo;Luz do Dia;;;Meio de Quadra;;;0;0;2;0;0;0;0;0;0;0;0;0;-3,704485000000000;-38,578258000000000
271241;18;9;2015;10:35;0;RUA EMILIO DE MENESES;;;216;;Colis?úo;Luz do Dia;;;Meio de Quadra;;;0;0;2;0;0;0;0;0;0;0;0;0;;
271244;18;9;2015;17:16;0;AV PRS CASTELO BRANCO;;;3228;;Colis?úo;Anoitecer;;;Meio de Quadra;;;0;0;2;0;0;0;0;0;0;0;0;0;-3,710856000000000;-38,559787000000000
271245;18;9;2015;17:30;0;RUA JOSE AVELINO;;;571;;Colis?úo;Anoitecer;;;Meio de Quadra;;;0;0;2;0;0;0;0;0;0;0;0;0;-3,722472000000000;-38,518036000000000
271232;18;9;2015;07:55;0;RUA NEWTON CRAVEIRO;;;107;;Colis?úo;Luz do Dia;;;Meio de Quadra;;;0;0;2;0;0;0;0;0;0;0;0;0;;
271254;18;9;2015;17:43;0;RUA BAR CRATO;;;1349;;Colis?úo;Anoitecer;;;Meio de Quadra;;;0;0;2;0;0;0;0;0;0;0;0;0;-3,721694000000000;-38,561270000000000
271256;18;9;2015;21:45;0;AV WASHINGTON LUIS;;;343;;Colis?úo;;;;Meio de Quadra;;;0;0;2;0;0;0;0;0;0;0;0;0;-3,716836000000000;-38,591903000000000
271258;18;9;2015;22:39;0;RUA LUIZA MIRANDA COELHO;;;0;;Colis?úo;;;;Meio de Quadra;;;0;0;2;0;0;0;0;0;0;0;0;0;;
256878;18;9;2015;02:00;0;RUA PAULO MORAIS;;;333;;Choque c/ Obst?ículo Fixo;Via Iluminada;Bom;Seca;Meio de Quadra;N?úo H?í Controle;Comercial;0;0;1;1;0;0;0;0;0;0;0;0;-3,736059000000000;-38,481226000000000
256881;18;9;2015;19:00;0;AV BEIRA MAR;;;3080;;Colis?úo Traseira;Via Iluminada;Bom;Seca;Meio de Quadra;;Misto;0;0;2;1;0;0;0;0;0;0;0;0;-3,725881000000000;-38,493390000000000
266823;18;9;2015;13:07;0;RUA BARRA MANSA;;;52;;Colis?úo;Luz do Dia;;;Meio de Quadra;;;0;1;0;1;0;0;0;0;0;1;0;0;;
266810;18;9;2015;10:25;0;AV JOR THOMAZ COELHO;;;0;;Colis?úo;Luz do Dia;;;Meio de Quadra;;;0;1;0;1;0;0;0;0;0;1;0;0;;
266805;18;9;2015;09:37;0;RUA BERNARDO MANUEL;;;0;;Colis?úo;Luz do Dia;;;Meio de Quadra;;;0;1;0;0;0;0;1;0;0;1;0;0;-3,784378000000000;-38,547018000000000
266806;18;9;2015;09:44;0;AV PRS CASTELO BRANCO;;;2546;;Colis?úo;Luz do Dia;;;Meio de Quadra;;;0;1;0;1;0;0;0;0;0;1;0;0;-3,713068000000000;-38,550734000000000
266841;18;9;2015;18:36;0;AV WASHINGTON SOARES;;;4700;;Colis?úo;;;;Meio de Quadra;;;0;1;0;1;0;0;0;0;0;1;0;0;-3,799354000000000;-38,479664000000000
266842;18;9;2015;19:18;0;RUA PDE PEDRO DE ALENCAR;;;2201;;Colis?úo;;;;Meio de Quadra;;;0;1;0;1;0;0;0;0;0;1;0;0;-3,848292000000000;-38,494799000000000
266843;18;9;2015;19:47;65;RUA MARTINS NETO;RUA HUGO VITOR;;0;;Colis?úo;;;;Cruz;Pare;Misto;0;1;0;1;0;0;0;0;0;1;0;0;-3,740726000000000;-38,591458000000000
266844;18;9;2015;20:06;0;AV LINEU MACHADO;;;840;;Colis?úo;;;;Meio de Quadra;;;0;1;0;1;0;0;0;0;0;1;0;0;-3,767479000000000;-38,577722000000000
266845;18;9;2015;21:33;0;AV FRANCISCO SA;;;0;;Colis?úo;;;;Meio de Quadra;;;0;1;0;1;0;0;0;0;0;1;0;0;;
266830;18;9;2015;15:34;5340;AV DUQ CAXIAS;RUA VINTE E QUATRO DE MAIO;;0;;Colis?úo;Luz do Dia;;;Cruz;Sem?íforo;Comercial;0;1;0;1;0;0;0;0;0;1;0;0;-3,730708000000000;-38,533230000000000
266825;18;9;2015;14:18;0;AV GAL OSORIO DE PAIVA;;;2461;;Colis?úo;Luz do Dia;;;Meio de Quadra;;;0;1;0;1;0;0;0;0;0;1;0;0;-3,786846000000000;-38,584193000000000
266812;18;9;2015;11:50;0;AV BAR STUDART;;;2773;;Atropelamento;Luz do Dia;;;Meio de Quadra;;;0;1;1;0;1;0;0;0;0;0;0;0;-3,748225000000000;-38,510954000000000
266833;18;9;2015;15:58;25041;RUA BAR AQUIRAZ;RUA JOSE HIPOLITO;;0;;Colis?úo;Luz do Dia;;;Cruz;Sem?íforo;Comercial;0;1;0;1;0;0;0;0;0;1;0;0;-3,833725000000000;-38,489933000000000
266848;18;9;2015;22:21;0;RUA CON DE CASTRO;;;1230;;Colis?úo;;;;Meio de Quadra;;;0;1;0;1;0;0;0;0;0;1;0;0;-3,783157000000000;-38,571728000000000
266850;19;9;2015;01:12;0;AV DR SILAS MUNGUBA;;;2201;;Colis?úo;;;;Meio de Quadra;;;0;1;1;0;0;0;0;0;0;1;0;0;-3,785729000000000;-38,551425000000000
266888;19;9;2015;08:27;0;AV ALBERTO CRAVEIRO;;;2511;;Colis?úo;Luz do Dia;;;Meio de Quadra;;;0;1;0;1;0;0;0;0;0;1;0;0;-3,802281000000000;-38,520796000000000
266852;19;9;2015;01:30;0;RUA EDUARDO PERDIGAO;;;0;;Colis?úo;;;;Meio de Quadra;;;0;1;1;0;0;0;1;0;0;1;0;0;;
266853;19;9;2015;06:11;25227;AV I CJ CEARA;AV A CJ CEARA;;0;;Queda;Luz do Dia;;;;;;0;1;0;0;0;0;0;0;0;1;0;0;-3,766922000000000;-38,601152000000000
266896;19;9;2015;08:57;3820;AV CARAPINIMA;AV 13 DE MAIO;;0;;Colis?úo;Luz do Dia;;;Cruz;Sem?íforo;Comercial;0;1;0;1;0;0;0;0;0;1;0;0;-3,740001000000000;-38,540239000000000
266897;19;9;2015;09:02;0;AV MOZART PINHEIRO DE LUCENA;;;0;;Colis?úo;Luz do Dia;;;Meio de Quadra;;;0;1;0;1;0;0;0;0;0;1;0;0;;
266899;19;9;2015;13:24;0;RUA BAR RIO BRANCO;;;2669;;Atropelamento;Luz do Dia;;;Meio de Quadra;;;0;1;0;0;0;0;0;0;0;0;0;0;-3,741512000000000;-38,533065000000000
266900;19;9;2015;13:56;0;AV PRS CASTELO BRANCO;;;224;;Colis?úo;Luz do Dia;;;Meio de Quadra;;;0;1;0;1;0;0;0;0;0;1;0;0;;
266902;19;9;2015;14:23;0;AV LINEU MACHADO;;;0;;Colis?úo;Luz do Dia;;;;;;0;1;1;1;0;0;0;0;0;1;0;0;;
266903;19;9;2015;15:11;0;RUA PDE PEDRO DE ALENCAR;;;137;;Atropelamento;Luz do Dia;;;Meio de Quadra;;;0;1;0;0;1;0;0;0;0;0;0;0;-3,828830000000000;-38,493622000000000
266915;19;9;2015;19:08;0;AV ROGACIANO LEITE;;;1756;;Colis?úo;;;;Meio de Quadra;;;0;1;0;1;0;0;0;0;0;1;0;0;-3,769971000000000;-38,497874000000000
266908;19;9;2015;15:36;0;AV JOR THOMAZ COELHO;;;3435;;Atropelamento;Luz do Dia;;;Meio de Quadra;;;0;1;0;0;1;0;0;0;0;0;0;0;-3,829474000000000;-38,527266000000000
266936;19;9;2015;21:38;0;RUA ANTONIO DIVINO;;;302;;Queda;;;;Meio de Quadra;;;0;1;0;0;0;0;0;0;0;1;0;0;-3,805240000000000;-38,561987000000000
266937;19;9;2015;21:49;0;AV G CJ CEARA;;;61;;Queda;;;;Meio de Quadra;;;0;1;0;0;0;0;0;0;0;1;0;0;-3,770394000000000;-38,613328000000000
266927;19;9;2015;20:32;5060;RUA CASTRO E SILVA;AV IMPERADOR;;0;;Colis?úo;;;;Cruz;Sem?íforo;Comercial;0;1;0;0;0;0;0;0;0;0;0;0;-3,722013000000000;-38,532916000000000
266921;19;9;2015;20:12;0;RUA JULIO SILVA;;;440;;Colis?úo;;;;Meio de Quadra;;;0;1;0;0;0;0;0;0;0;0;0;0;;
266910;19;9;2015;16:12;0;AV OLIVEIRA PAIVA;;;0;;Atropelamento;Luz do Dia;;;Meio de Quadra;;;0;1;0;0;0;0;0;0;0;1;0;0;;
266945;19;9;2015;23:10;0;RUA VIA FERREA;;;2598;;Queda;;;;Meio de Quadra;;;0;1;0;0;0;0;0;0;0;1;0;0;-3,718573000000000;-38,558753000000000
266946;19;9;2015;23:55;0;AV PERIMETRAL;;;514;;Queda;;;;Meio de Quadra;;;0;1;0;0;0;0;0;0;0;1;0;0;;
266941;19;9;2015;22:43;21267;RUA NOSSA SRA DAS GRACAS;RUA STA ROSA D20/21 (JACARECANGA);;0;;Colis?úo;;;;Cruz;N?úo H?í Controle;Residencial;0;1;1;0;0;0;0;0;0;0;0;0;-3,710282000000000;-38,552963000000000
266942;19;9;2015;23:06;0;AV PRS COSTA E SILVA;;;0;;Atropelamento;;;;Meio de Quadra;;;0;1;0;1;0;0;0;0;0;0;0;0;;
266885;19;9;2015;07:46;0;RUA COSME JERONIMO;;;1320;;Queda;Luz do Dia;;;Meio de Quadra;;;0;1;0;0;0;0;0;0;0;1;0;0;;
266932;19;9;2015;20:47;0;AV D CJ CEARA;;;1451;;Queda;;;;Meio de Quadra;;;0;1;0;0;0;0;0;0;0;1;0;0;-3,764868000000000;-38,601878000000000
271267;19;9;2015;01:22;1566;RUA PDE VALDEVINO;RUA SILVA PAULET;;0;;Colis?úo;;;;Cruz;Pare;Comercial;0;0;2;0;0;0;0;0;0;0;0;0;-3,741957000000000;-38,507851000000000
271273;19;9;2015;15:40;0;AV MOZART PINHEIRO DE LUCENA;;;1980;;Colis?úo;Luz do Dia;;;Meio de Quadra;;;0;0;2;0;0;0;0;0;0;0;0;0;-3,719755000000000;-38,596117000000000
271275;19;9;2015;15:42;8631;AV EDILSON B SOARES;RUA ERNESTO MONTEIRO;;0;;Colis?úo;Luz do Dia;;;Cruz;Pare;Comercial;0;0;2;0;0;0;0;0;0;0;0;0;-3,788645000000000;-38,471126000000000
271281;19;9;2015;19:37;0;AV CASTELO DE CASTRO;;;1233;;Atropelamento;;;;Meio de Quadra;;;0;0;2;0;0;0;0;0;0;0;0;0;;
271285;19;9;2015;19:48;3189;RUA CARLOS CHAGAS;RUA JOSE ARISTOTELES GONDIM;;0;;Colis?úo;;;;Cruz;Pare;Residencial;0;0;2;0;0;0;0;0;0;0;0;0;-3,780113000000000;-38,585335000000000
271288;19;9;2015;19:51;12508;AV LINEU MACHADO;RUA ALUISIO AZEVEDO;;0;;Colis?úo;;;;Cruz;Sem?íforo;Residencial;0;0;2;0;0;0;0;0;0;0;0;0;-3,770212000000000;-38,579184000000000
271292;19;9;2015;20:32;0;AV SAO FRANCISCO UI 505;;;1231;;Colis?úo;;;;Meio de Quadra;;;0;0;2;0;0;0;0;0;0;0;0;0;;
271293;19;9;2015;21:17;0;RUA BENTO ALBUQUERQUE;;;1450;;Colis?úo;;;;Meio de Quadra;;;0;0;2;0;0;0;0;0;0;0;0;0;-3,745776000000000;-38,476883000000000
271297;19;9;2015;22:55;21331;RUA AZEVEDO BOLAO;RUA COREAU;;0;;Colis?úo;;;;;;;0;0;2;0;0;0;0;0;0;0;0;0;-3,734579000000000;-38,547576000000000
271298;19;9;2015;22:57;0;RUA DJALMA PETIT;;;375;;Colis?úo;;;;Meio de Quadra;;;0;0;2;0;0;0;0;0;0;0;0;0;-3,766038000000000;-38,515020000000000
271299;19;9;2015;20:00;0;AV MIN JOSE AMERICO;;;0;;Atropelamento;;;;Meio de Quadra;;;0;0;2;0;0;0;0;0;0;0;0;0;;
256947;19;9;2015;14:51;0;AV ABOLICAO;;;3242;;Colis?úo Traseira;Luz do Dia;Bom;Seca;Meio de Quadra;Sem?íforo;Comercial;0;1;1;1;0;0;0;0;0;1;0;0;-3,726536000000000;-38,490383000000000
256951;19;9;2015;16:40;0;AV GODOFREDO MACIEL;;;711;;Colis?úo Traseira;Via Iluminada;Bom;Seca;Meio de Quadra;Sem?íforo;Misto;0;0;4;1;0;0;0;0;0;0;0;0;-3,782461000000000;-38,565593000000000
256973;19;9;2015;13:45;0;AV ALM HENRIQUE SABOIA;;;3753;;Colis?úo Lateral;Luz do Dia;Bom;Seca;Meio de Quadra;Outros;Outros;0;0;2;1;0;0;1;0;0;0;0;0;-3,742683000000000;-38,488940000000000
256978;19;9;2015;08:30;24970;AV ALM HENRIQUE SABOIA;RUA VICENTE LEITE;;0;;Colis?úo Traseira;Luz do Dia;Bom;Seca;Outros;N?úo H?í Controle;;0;0;2;0;1;0;1;0;0;0;0;0;-3,752102000000000;-38,499821000000000
256966;19;9;2015;08:00;9240;RUA DEP OSWALDO STUDART;RUA MARIO MAMEDE;;0;;Colis?úo Transversal;Luz do Dia;Bom;Seca;Cruz;Sem?íforo;Residencial;0;0;2;1;0;0;0;0;0;0;0;0;-3,752752000000000;-38,527367000000000
256967;19;9;2015;12:45;0;AV DUQ CAXIAS;;;1049;;Engavetamento;Luz do Dia;Bom;Seca;Meio de Quadra;Outros;Comercial;0;0;3;1;0;0;0;0;0;0;0;0;-3,730499000000000;-38,533881000000000
256969;19;9;2015;10:05;0;RUA COSTA BARROS;;;0;;Colis?úo Lateral;Luz do Dia;Bom;Seca;Meio de Quadra;;;0;0;2;1;0;0;0;0;0;0;0;0;;