COD_ACIDENTE;DIA;MES;ANO;HORA;INTERSECAO;LOG1;LOG2;LOG3;NUMERO;REFERENCIA;NATUREZA;ILUMINACAO;TEMPO;SUPERFICIEPISTA;TIPOCRUZAMENTO;CONTROLETRAFEGO;USOSOLO;MORTOS;FERIDOS;ILESOS;AUTOMOVEL;ONIBUS;BICICLETA;CAMINHAO;MICROONIBUS;CICLOMOTOR;MOTOCICLETA;TRACAOANIMAL;TREM;LATITUDE;LONGITUDE
256962;19;9;2015;18:40;3894;AV EDUARDO GIRAO;RUA JULIO CESAR D12;;0;;Colis?úo Transversal;Mal Iluminada;Bom;Seca;Cruz;Sem?íforo;Comercial;0;0;2;1;0;0;0;0;0;0;0;0;-3,747630000000000;-38,540636000000000
256960;19;9;2015;14:00;5135;AV TRISTAO GONCALVES;RUA SAO PAULO;;0;;Colis?úo Transversal;Luz do Dia;Bom;Seca;Cruz;Sem?íforo;Comercial;0;1;1;0;1;0;0;0;0;0;0;0;-3,724419000000000;-38,532395000000000
256957;19;9;2015;13:00;25084;RUA BERNARDO MANUEL;AV BENJAMIM BRASIL;;0;;Colis?úo Traseira;Luz do Dia;Bom;Seca;T;Sem?íforo;Comercial;0;0;2;1;0;0;0;0;0;0;0;0;-3,810060000000000;-38,554874000000000
256955;19;9;2015;19:00;0;AV PRS COSTA E SILVA;;;104;;Colis?úo Traseira;;;;Meio de Quadra;;;0;1;1;1;1;0;0;0;0;0;0;0;-3,816133000000000;-38,568532000000000
257037;19;9;2015;12:00;0;AV AGUANAMBI;;;0;;Colis?úo Transversal;Luz do Dia;Bom;Seca;Meio de Quadra;Sem?íforo;Comercial;0;0;2;1;0;0;0;0;0;0;0;0;;
257038;19;9;2015;13:30;3858;AV DA UNIVERSIDADE;RUA INSTITUTO DO CEARA;;0;;Colis?úo Transversal;Luz do Dia;Bom;Seca;Cruz;Pare;;0;0;2;0;0;0;0;0;0;0;0;0;-3,738318000000000;-38,536707000000000
257039;19;9;2015;18:30;5340;AV DUQ CAXIAS;RUA VINTE E QUATRO DE MAIO;;0;;Colis?úo Lateral;Anoitecer;Bom;Seca;Cruz;Sem?íforo;Comercial;0;1;2;1;0;0;0;0;0;1;0;0;-3,730708000000000;-38,533230000000000
257040;19;9;2015;14:10;0;AV FILOMENO GOMES;;;291;;Colis?úo Traseira;Luz do Dia;Bom;Seca;Meio de Quadra;N?úo H?í Controle;Comercial;0;0;3;1;0;0;0;0;0;0;0;0;-3,717649000000000;-38,541737000000000
257041;19;9;2015;15:35;5383;RUA MAJ FACUNDO;AV DUQ CAXIAS;;0;;Colis?úo Transversal;Luz do Dia;Bom;Seca;Cruz;Sem?íforo;Comercial;0;0;2;1;0;0;0;0;0;0;0;0;-3,731981000000000;-38,529285000000000
257031;19;9;2015;07:30;13534;AV SORIANO ALBUQUERQUE;RUA JOAO CORDEIRO;;0;;Colis?úo Transversal;Luz do Dia;Bom;Seca;Cruz;Pare;Residencial;0;0;2;1;0;0;0;0;0;0;0;0;-3,747871000000000;-38,519458000000000
257032;19;9;2015;15:00;0;AV FRE CIRILO;;;4340;;Colis?úo Traseira;Luz do Dia;Bom;Seca;Meio de Quadra;Outros;Comercial;0;0;2;1;0;0;0;0;0;0;0;0;-3,822182000000000;-38,495294000000000
257029;19;9;2015;12:30;3880;RUA SEN POMPEU;RUA OLIVIO CAMARA;;0;;Colis?úo Lateral Sentido Oposto;Luz do Dia;Bom;Seca;Cruz;Pare;Comercial;0;0;2;1;0;0;0;0;0;0;0;0;-3,737737000000000;-38,532902000000000
257019;19;9;2015;18:30;0;RUA PDE PEDRO DE ALENCAR;;;0;;Colis?úo Lateral;Via Iluminada;Bom;Seca;Meio de Quadra;N?úo H?í Controle;Comercial;0;0;2;1;0;0;0;0;0;1;0;0;;
257020;19;9;2015;09:30;26217;AV PRO JOSE ARTHUR CARVALHO;RUA BAR DE LUCENA D64;;0;;Colis?úo Transversal;Luz do Dia;Bom;Seca;;;;0;1;1;1;0;0;0;0;0;1;0;0;-3,825587000000000;-38,478733000000000
257023;19;9;2015;13:00;0;AV BEZERRA DE MENEZES;;;264;;Colis?úo Traseira;Luz do Dia;Bom;Seca;Meio de Quadra;N?úo H?í Controle;Comercial;0;0;2;1;0;0;0;0;0;0;0;0;-3,732134000000000;-38,547436000000000
257024;19;9;2015;06:10;0;AV GAL OSORIO DE PAIVA;;;759;;Colis?úo Traseira;Luz do Dia;Nublado;Seca;Meio de Quadra;N?úo H?í Controle;Comercial;0;2;1;0;1;0;0;0;0;1;0;0;-3,777227000000000;-38,569036000000000
257025;19;9;2015;20:00;6726;RUA DR GILBERTO STUDART;RUA JULIO AZEVEDO;;0;;Colis?úo Transversal;Via Iluminada;Bom;Seca;Cruz;;Residencial;0;0;2;1;0;0;0;0;0;0;0;0;-3,743146000000000;-38,482408000000000
257027;19;9;2015;11:00;15370;AV DOM LUIS;AV SEN VIRGILIO TAVORA;;0;;Colis?úo Lateral;Luz do Dia;Bom;Seca;Cruz;Sem?íforo;Comercial;0;0;2;1;0;0;0;0;0;0;0;0;-3,734829000000000;-38,492507000000000
257012;19;9;2015;08:20;15255;RUA TEN BENEVOLO;RUA MON BRUNO;;0;;Colis?úo Transversal;Luz do Dia;Bom;Seca;Cruz;Pare;Comercial;0;0;2;1;1;0;0;0;0;0;0;0;-3,728332000000000;-38,508124000000000
257013;19;9;2015;10:20;20112;RUA MENOR JERONIMO;RUA ANTONIO JURACY RICARTY;;0;;Colis?úo Lateral;Luz do Dia;Bom;Molhada;Outros;N?úo H?í Controle;Residencial;0;0;2;0;1;0;0;0;0;0;0;0;-3,809409000000000;-38,541575000000000
257014;19;9;2015;19:15;13513;RUA CARLOS VASCONCELOS;RUA MARCONDES PEREIRA;;0;;Colis?úo Lateral;Via Iluminada;Bom;Seca;Cruz;Pare;Residencial;0;2;0;1;0;0;0;0;0;0;0;0;-3,746548000000000;-38,515232000000000
257015;19;9;2015;16:30;0;AV PRS CASTELO BRANCO;;;2770;;Outros;Luz do Dia;Bom;Seca;Meio de Quadra;N?úo H?í Controle;Comercial;0;0;2;1;0;0;0;0;0;0;0;0;-3,712559000000000;-38,552503000000000
259609;19;9;2015;18:00;0;RD CE-060;;;0;KM-01;Colis?úo;Anoitecer;Bom;Seca;Meio de Quadra;;Comercial;0;2;0;1;0;0;0;0;0;1;0;0;-3,819537000000000;-38,576995000000000
259243;19;9;2015;17:45;0;RD BR 116;;;3000;KM-03;Colis?úo Lateral;Anoitecer;Bom;Seca;Meio de Quadra;N?úo H?í Controle;Comercial;0;0;2;1;0;0;0;1;0;0;0;0;-3,779838000000000;-38,514372000000000
259244;20;9;2015;06:40;0;RD BR 116;;;6000;KM-06;Colis?úo;Luz do Dia;Bom;Seca;Meio de Quadra;N?úo H?í Controle;Comercial;0;3;0;0;0;0;0;0;0;1;0;0;-3,804691000000000;-38,503053000000000
257009;20;9;2015;12:00;9111;RUA DEP OSWALDO STUDART;AV EDUARDO GIRAO;;0;;Colis?úo Traseira;Luz do Dia;Bom;Seca;Cruz;Outros;Comercial;0;0;2;1;0;0;0;0;0;0;0;0;-3,755323000000000;-38,529775000000000
257003;20;9;2015;03:40;9127;AV 13 DE MAIO;RUA ASSUNCAO;;0;;Choque c/ Obst?ículo Fixo;Via Iluminada;Bom;Seca;T;Pare;Comercial;0;0;1;1;0;0;0;0;0;0;0;0;-3,746449000000000;-38,532687000000000
257004;20;9;2015;07:20;15293;AV BAR STUDART;RUA TEN BENEVOLO;;0;;Colis?úo Transversal;Luz do Dia;Bom;Seca;Cruz;Sem?íforo;Comercial;0;1;1;0;0;0;0;0;0;1;0;0;-3,729390000000000;-38,504908000000000
257005;20;9;2015;09:10;1787;RUA PEDRO DE SOUZA;RUA HONORINA MAIA;;0;;Colis?úo Transversal;Luz do Dia;Bom;Seca;Cruz;Pare;Comercial;0;1;1;1;0;0;0;0;0;1;0;0;-3,851997000000000;-38,501717000000000
257000;20;9;2015;03:10;13521;AV RUI BARBOSA;RUA MARCONDES PEREIRA;;0;;Colis?úo Traseira;Via Iluminada;Bom;Seca;T;Pare;Residencial;0;0;3;1;0;0;0;0;0;0;0;0;-3,747418000000000;-38,513104000000000
256996;20;9;2015;06:40;0;RUA NEREU RAMOS;;;70;;Choque c/ Obst?ículo Fixo;Amanhecer;Bom;Seca;Meio de Quadra;Sem?íforo Intermitente;Residencial;0;1;0;1;0;0;0;0;0;0;0;0;-3,786961000000000;-38,567595000000000
256993;20;9;2015;21:30;0;RUA PORTO VELHO;;;1394;;Atropelamento;Via Iluminada;Bom;Seca;Meio de Quadra;N?úo H?í Controle;Comercial;0;3;1;1;0;0;0;0;0;1;0;0;-3,763699000000000;-38,591239000000000
256989;20;9;2015;19:00;14967;AV GODOFREDO MACIEL;RUA JULIO ALCIDES;;0;;Colis?úo Transversal;Mal Iluminada;Bom;Seca;T;Outros;Comercial;0;1;1;1;0;1;0;0;0;0;0;0;-3,787856000000000;-38,566785000000000
256961;20;9;2015;19:00;0;RUA JOAO CORDEIRO;;;933;;Outros;Via Iluminada;Bom;Seca;Meio de Quadra;Sem?íforo;Residencial;0;0;2;1;0;0;0;0;0;0;0;0;-3,728378000000000;-38,513985000000000
256977;20;9;2015;22:30;0;AV ANTONIO SALES;;;145;;Colis?úo Lateral;Via Iluminada;Bom;Seca;Meio de Quadra;N?úo H?í Controle;Comercial;0;0;2;1;0;0;0;0;0;0;0;0;-3,739661000000000;-38,520963000000000
256974;20;9;2015;17:30;0;AV FRANCISCO SA;;;3945;;Colis?úo Lateral;Via Iluminada;Bom;Seca;Meio de Quadra;N?úo H?í Controle;Comercial;0;0;2;1;0;0;0;0;0;0;0;0;-3,716470000000000;-38,560125000000000
256987;20;9;2015;19:30;22873;RUA PRA HELOISA F LIMA;RUA CON LIMA SUCUPIRA;;0;;Colis?úo Lateral;Via Iluminada;Bom;Seca;Cruz;Outros;Residencial;0;0;2;1;0;0;0;0;0;0;0;0;-3,780552000000000;-38,543709000000000
256985;20;9;2015;08:00;25238;RUA PRISCO BEZERRA;RUA JOSE RANGEL;;0;;Choque c/ Obst?ículo Fixo;Luz do Dia;Bom;Seca;T;Pare;Residencial;0;0;1;1;0;0;0;0;0;0;0;0;;
256982;20;9;2015;12:28;3811;RUA TEREZA CRISTINA;RUA LUIS DE MIRANDA;;0;;Colis?úo Transversal;Luz do Dia;Bom;Seca;Cruz;Pare;Residencial;0;0;2;1;0;0;0;0;0;1;0;0;-3,737524000000000;-38,539896000000000
256983;20;9;2015;14:30;1611;RUA CEL JUCA;RUA VICENTE LINHARES;;0;;Colis?úo Transversal;Luz do Dia;Bom;Seca;Cruz;Pare;Residencial;0;0;2;1;0;0;0;0;0;0;0;0;-3,744356000000000;-38,493430000000000
256998;20;9;2015;10:45;0;RUA PDE PEDRO DE ALENCAR;;;1513;;Colis?úo Traseira;Luz do Dia;Bom;Seca;Meio de Quadra;N?úo H?í Controle;Residencial;0;0;2;1;0;0;0;0;0;1;0;0;-3,841185000000000;-38,494275000000000
266349;20;9;2015;05:30;0;AV DR SILAS MUNGUBA;;;2595;;Choque c/ Obst?ículo Fixo;Amanhecer;;;Meio de Quadra;;;1;0;0;0;0;0;0;0;0;1;0;0;-3,786363000000000;-38,550239000000000
266340;20;9;2015;01:40;0;RUA CON DE CASTRO;;;4246;;Colis?úo Lateral;;;;Meio de Quadra;;;0;1;0;1;1;0;0;0;0;0;0;0;-3,802997000000000;-38,590158000000000
271304;20;9;2015;05:25;0;RUA JOAQUIM MAGALHAES;;;109;;Colis?úo;Amanhecer;;;Meio de Quadra;;;0;0;2;0;0;0;0;0;0;0;0;0;-3,737744000000000;-38,534698000000000
271306;20;9;2015;05:40;13534;RUA JOAO CORDEIRO;AV SORIANO ALBUQUERQUE;;0;;Colis?úo;Amanhecer;;;Cruz;Pare;Residencial;0;0;2;0;0;0;0;0;0;0;0;0;-3,747871000000000;-38,519458000000000
271308;20;9;2015;06:23;0;AV EDILSON B SOARES;;;0;;Colis?úo;Luz do Dia;;;Meio de Quadra;;;0;0;2;0;0;0;0;0;0;0;0;0;;
271310;20;9;2015;07:48;9892;RUA BOM JESUS (GRANJA LISBOA);RUA SGT JOAO PINHEIRO;;0;;Colis?úo;Luz do Dia;;;Cruz;Outros;Comercial;0;0;2;0;0;0;0;0;0;0;0;0;-3,787299000000000;-38,624041000000000
271316;20;9;2015;10:51;13301;RUA BERNARDO MANUEL;RUA TAQUARA D72;;0;;Atropelamento;Luz do Dia;;;;;;0;0;2;0;0;0;0;0;0;0;0;0;-3,838922000000000;-38,563826000000000
271317;20;9;2015;12:16;0;RUA DEMETRIO MENEZES;;;0;;Colis?úo;Luz do Dia;;;Meio de Quadra;;;0;0;2;0;0;0;0;0;0;0;0;0;;
271323;20;9;2015;20:26;18440;AV SGT HERMINIO SAMPAIO;RUA CARLINDO CRUZ;;0;;Colis?úo;;;;T;Pare;Misto;0;0;2;0;0;0;0;0;0;0;0;0;-3,729636000000000;-38,574437000000000
271324;20;9;2015;21:20;24912;RUA ROSINHA SAMPAIO;RUA ANTONIO ARRUDA;;0;;Colis?úo;;;;Cruz;N?úo H?í Controle;Residencial;0;0;2;0;0;0;0;0;0;0;0;0;-3,724816000000000;-38,595375000000000
271326;20;9;2015;22:42;0;AV FRE CIRILO;;;0;;Colis?úo;;;;Meio de Quadra;;;0;0;2;0;0;0;0;0;0;0;0;0;;
266976;20;9;2015;11:05;19667;AV BEZERRA DE MENEZES;RUA ERETIDES MARTINS;;0;;Colis?úo;Luz do Dia;;;;;;0;1;1;1;0;0;0;0;0;1;0;0;-3,734232000000000;-38,557568000000000
266972;20;9;2015;07:52;0;AV DR SILAS MUNGUBA;RUA CASIMIRO DE ABREU;;0;;Colis?úo;Luz do Dia;;;;;;0;1;0;0;0;0;0;0;0;0;0;0;;
266973;20;9;2015;09:54;0;RUA CON LIMA SUCUPIRA;;;1738;;Colis?úo;Luz do Dia;;;Meio de Quadra;;;0;1;0;1;0;0;0;0;0;1;0;0;;
266966;20;9;2015;00:25;0;AV PRS CASTELO BRANCO;;;0;;Capotamento;;;;Meio de Quadra;;;0;1;0;1;0;0;0;0;0;0;0;0;;
266991;20;9;2015;17:20;0;TR STA ROSA D38;;;979;;Atropelamento;Anoitecer;;;Meio de Quadra;;;0;1;0;0;0;0;0;0;0;0;0;0;;
266995;20;9;2015;18:14;0;AV LINEU MACHADO;;;1210;;Colis?úo;Anoitecer;;;Meio de Quadra;;;0;1;0;1;0;0;0;0;0;1;0;0;-3,770286000000000;-38,579219000000000
266996;20;9;2015;18:25;0;AV GODOFREDO MACIEL;;;0;;Atropelamento;Anoitecer;;;Meio de Quadra;;;0;1;0;1;0;0;0;0;0;0;0;0;;
266999;20;9;2015;18:59;0;AV SEN FERNANDES TAVORA;;;2975;;Colis?úo;;;;Meio de Quadra;;;0;1;0;0;0;0;0;0;0;1;0;0;-3,754913000000000;-38,599387000000000
267002;20;9;2015;19:29;0;RUA HENRIQUE ELERY;;;306;;Queda;;;;Meio de Quadra;;;0;1;0;0;0;0;0;0;0;1;0;0;-3,721702000000000;-38,560981000000000
266987;20;9;2015;17:14;0;AV ROGACIANO LEITE;;;2351;;Colis?úo;Anoitecer;;;Meio de Quadra;;;0;1;0;1;0;0;0;0;0;0;0;0;-3,775808000000000;-38,500275000000000
266984;20;9;2015;16:00;0;AV H CJ JOSE WALTER;;;59;;Queda;Luz do Dia;;;Meio de Quadra;;;0;1;0;0;0;0;0;0;0;1;0;0;-3,841879000000000;-38,556613000000000
266981;20;9;2015;13:40;0;RD BR 116;;;0;;Queda;Luz do Dia;;;Meio de Quadra;;;0;1;0;0;0;0;0;0;0;1;0;0;;
266978;20;9;2015;11:53;0;RUA JACARANDA;;;108;;Colis?úo;Luz do Dia;;;Meio de Quadra;;;0;1;0;0;0;0;0;0;0;1;0;0;-3,820895000000000;-38,488899000000000
267013;20;9;2015;22:38;0;RUA PEDRO MELO;;;834;;Colis?úo;;;;Meio de Quadra;;;0;1;0;1;0;0;0;0;0;1;0;0;;
267010;20;9;2015;22:32;3189;RUA CARLOS CHAGAS;RUA JOSE ARISTOTELES GONDIM;;0;;Colis?úo;;;;Cruz;Pare;Residencial;1;1;1;0;0;0;1;0;0;1;0;0;-3,780113000000000;-38,585335000000000
267004;20;9;2015;19:41;0;RUA PRO GOMES BRASIL;;;129;;Colis?úo;;;;Meio de Quadra;;;0;1;0;0;0;0;0;0;0;0;0;0;-3,774484000000000;-38,567307000000000
267005;20;9;2015;20:13;0;RUA OSCAR ARARIPE;;;1502;;Queda;;;;Meio de Quadra;;;0;1;0;0;0;0;0;0;0;1;0;0;-3,789507000000000;-38,604602000000000
267006;20;9;2015;20:36;5122;AV IMPERADOR;RUA SAO PAULO;;0;;Colis?úo;;;;Cruz;Sem?íforo;Comercial;0;1;0;0;0;0;0;0;0;1;0;0;-3,724049000000000;-38,533522000000000
264965;20;9;2015;06:24;0;AV GODOFREDO MACIEL;;;0;;Colis?úo;Luz do Dia;;;Meio de Quadra;;;0;0;2;1;0;0;0;0;0;0;0;0;;
264966;20;9;2015;08:50;0;AV FRE CIRILO;;;3480;;Colis?úo;Luz do Dia;;;Meio de Quadra;;;0;0;2;1;1;0;0;0;0;0;0;0;-3,815475000000000;-38,498245000000000
274304;20;9;2015;07:20;24260;RUA MANUEL JESUINO;RUA PEREIRA VALENTE;;0;;Colis?úo Transversal;Luz do Dia;;;Cruz;Gesto;Residencial;0;0;1;1;0;0;0;0;0;0;0;0;-3,734671000000000;-38,484868000000000
266692;21;9;2015;14:40;99;RUA MARTINS NETO;RUA TOMAS RODRIGUES;;0;;Colis?úo Lateral;Luz do Dia;;;Cruz;Pare;Misto;0;0;1;1;0;0;1;0;0;0;0;0;-3,741063000000000;-38,593771000000000
266668;21;9;2015;13:00;0;AV PRO GOMES DE MATOS;;;1793;;Colis?úo Lateral;Luz do Dia;;;Meio de Quadra;;;0;0;1;0;1;0;0;0;0;0;0;0;-3,767019000000000;-38,550653000000000
266680;21;9;2015;14:25;0;AV DR SILAS MUNGUBA;;;1000;;Colis?úo;Luz do Dia;;;Meio de Quadra;;;0;1;0;1;0;0;0;0;1;0;0;0;-3,781518000000000;-38,557022000000000
257064;21;9;2015;09:30;0;AV PRS COSTA E SILVA;;;936;JOSE WALTER;Colis?úo Traseira;Luz do Dia;Bom;Seca;Meio de Quadra;N?úo H?í Controle;Comercial;0;1;1;1;0;0;0;0;0;1;0;0;-3,813057000000000;-38,570945000000000
257065;21;9;2015;08:00;26216;AV DEP PAULINO ROCHA;AV CONTORNO (CASTEL?âO);;0;;Colis?úo Lateral;Luz do Dia;Bom;Seca;T;Pare;Lazer;0;0;2;1;0;0;1;0;0;0;0;0;;
257067;21;9;2015;06:30;26218;AV VIS RIO BRANCO;RUA CON BESSA;;0;;Colis?úo Traseira;Luz do Dia;Bom;Seca;T;N?úo H?í Controle;Residencial;0;0;2;0;1;0;0;0;0;0;0;0;-3,748420000000000;-38,521510000000000
257075;21;9;2015;18:45;0;RUA ARMANDO OLIVEIRA;;;60;;Colis?úo Lateral;Via Iluminada;Bom;Seca;Meio de Quadra;;Comercial;0;0;2;1;1;0;0;0;0;0;0;0;-3,737077000000000;-38,567346000000000
257079;21;9;2015;08:30;7992;AV JOAO PESSOA;RUA ANA NERY;;0;;Colis?úo Lateral;Luz do Dia;Bom;Seca;Cruz;N?úo H?í Controle;Comercial;0;1;2;1;0;0;0;0;0;1;0;0;-3,749460000000000;-38,546781000000000
257085;21;9;2015;21:10;0;AV CEL CARVALHO;;;3622;;Colis?úo Lateral;Via Iluminada;Bom;Seca;Meio de Quadra;Outros;Residencial;0;0;2;1;0;0;1;0;0;0;0;0;;
257115;21;9;2015;17:40;19651;AV GAL OSORIO DE PAIVA;RUA AFRANIO PEIXOTO;;0;;Colis?úo Lateral;Anoitecer;Bom;Seca;Duplo T;Sem?íforo;Comercial;0;0;2;0;1;0;0;0;0;1;0;0;-3,780072000000000;-38,573584000000000
257112;21;9;2015;11:20;23787;RUA DR ESTENIO GOMES;RUA RAIMUNDO NERY;;0;;Colis?úo Lateral;Luz do Dia;Bom;Seca;Cruz;Pare;Comercial;0;0;2;1;0;0;0;1;0;0;0;0;-3,795067000000000;-38,586043000000000
257103;21;9;2015;07:20;2404;RUA SEN ROBERT KENNEDY;AV 20 DE JANEIRO;;0;;Colis?úo Lateral;Luz do Dia;Bom;Seca;T;Pare;Residencial;0;1;2;0;0;0;0;0;0;1;0;0;-3,706153000000000;-38,580002000000000
257108;21;9;2015;12:00;19780;RUA COS ALVARO DE OLIVEIRA;RUA PDE GUERRA;;0;;Colis?úo Transversal;Luz do Dia;Bom;Seca;Cruz;Pare;Residencial;0;0;2;1;0;0;0;0;0;0;0;0;-3,738519000000000;-38,555644000000000
264972;21;9;2015;10:04;0;AV 13 DE MAIO;;;3067;;Colis?úo;Luz do Dia;;;Meio de Quadra;;;0;0;2;1;0;0;1;0;0;0;0;0;-3,737613000000000;-38,542849000000000
264973;21;9;2015;12:34;0;RUA BELO HORIZONTE;AV CARNEIRO DE MENDONCA;;0;;Colis?úo;Luz do Dia;;;;;;0;0;2;1;0;0;0;0;0;0;0;0;;
264968;21;9;2015;08:19;0;AV SEN CARLOS JEREISSATI (AEROPORTO);;;0;;Colis?úo;Luz do Dia;;;Meio de Quadra;;;0;0;2;1;0;0;1;0;0;0;0;0;;
264969;21;9;2015;08:53;0;RUA MARIO MAMEDE;;;0;;Colis?úo;Luz do Dia;;;Meio de Quadra;;;0;0;2;1;0;0;0;0;0;0;0;0;;
264975;21;9;2015;13:30;5374;AV DUQ CAXIAS;RUA BAR RIO BRANCO;;0;;Colis?úo;Luz do Dia;;;Cruz;N?úo H?í Controle;Comercial;0;0;2;1;0;0;0;0;0;0;0;0;-3,731774000000000;-38,529947000000000
267310;21;9;2015;19:06;3309;RUA ANDRE REBOUCAS;RUA RAIMUNDO CABRAL;;0;;Colis?úo;;;;;;;0;1;0;0;0;0;0;0;0;0;0;0;-3,776289000000000;-38,591826000000000
267020;21;9;2015;06:02;0;AV CEL CARVALHO;;;1509;;Colis?úo;Luz do Dia;;;Meio de Quadra;;;0;1;0;0;0;0;0;0;0;0;0;0;-3,715920000000000;-38,588337000000000
267021;21;9;2015;06:19;24229;AV ENG ALBERTO SA;AV ENG SANTANA JUNIOR;;0;;Colis?úo;Luz do Dia;;;Cruz;Sem?íforo;Comercial;0;1;0;0;0;0;0;0;0;0;0;0;-3,733357000000000;-38,480624000000000
267024;21;9;2015;06:44;23372;AV PONTES VIEIRA;RUA FRE VIDAL;;0;;Queda;Luz do Dia;;;;N?úo H?í Controle;Comercial;0;1;0;0;0;0;0;0;0;1;0;0;-3,753282000000000;-38,518209000000000
267016;21;9;2015;05:39;0;AV BEZERRA DE MENEZES;;;0;;Colis?úo;Amanhecer;;;Meio de Quadra;;;0;1;0;0;0;0;0;0;0;0;0;0;;
267029;21;9;2015;07:27;0;AV GAL OSORIO DE PAIVA;;;1675;;Colis?úo;Luz do Dia;;;Meio de Quadra;;;0;1;0;1;0;0;0;0;0;1;0;0;-3,782507000000000;-38,577307000000000
267030;21;9;2015;07:50;2404;RUA SEN ROBERT KENNEDY;AV 20 DE JANEIRO;;0;;Colis?úo;Luz do Dia;;;T;Pare;Residencial;0;1;0;1;0;0;0;0;0;1;0;0;-3,706153000000000;-38,580002000000000
267032;21;9;2015;08:06;0;AV JOAO PESSOA;;;4062;;Colis?úo;Luz do Dia;;;Meio de Quadra;;;0;1;0;1;0;0;0;0;0;1;0;0;-3,749398000000000;-38,546726000000000
267034;21;9;2015;08:16;0;AV MOZART PINHEIRO DE LUCENA;;;3084;;Atropelamento;Luz do Dia;;;Meio de Quadra;;;0;1;0;0;0;0;0;0;0;1;0;0;-3,731683000000000;-38,599439000000000
267045;21;9;2015;11:45;0;AV DR SILAS MUNGUBA;;;1000;;Atropelamento;Luz do Dia;;;Meio de Quadra;;;0;1;0;0;0;0;0;0;0;1;0;0;-3,781518000000000;-38,557022000000000
267048;21;9;2015;12:54;0;RUA CON DE CASTRO;;;4670;;Colis?úo;Luz do Dia;;;Meio de Quadra;;;0;1;0;1;0;0;0;0;0;1;0;0;-3,806500000000000;-38,593301000000000
267056;21;9;2015;14:05;0;AV GODOFREDO MACIEL;;;4289;;Colis?úo;Luz do Dia;;;Meio de Quadra;;;0;1;0;0;0;0;0;0;0;0;0;0;-3,812226000000000;-38,574909000000000
267059;21;9;2015;15:19;0;AV BEZERRA DE MENEZES;;;400;;Colis?úo;Luz do Dia;;;Meio de Quadra;;;0;1;0;1;0;0;0;0;0;1;0;0;-3,732209000000000;-38,547792000000000
267065;21;9;2015;15:46;0;RUA MARIA GOMES DE SA;;;1548;6?? BATALH?âO;Colis?úo;Luz do Dia;;;Meio de Quadra;;;0;1;0;0;0;0;0;0;0;0;0;0;-3,823905000000000;-38,583589000000000
267068;21;9;2015;15:49;25161;RUA RUFINO DE ALENCAR;TR SAO JOSE;;0;;Colis?úo;Luz do Dia;;;T;Outros;Comercial;0;1;0;0;0;0;0;0;0;0;0;0;;
267071;21;9;2015;15:52;0;AV PRS CASTELO BRANCO;;;0;;Colis?úo;Luz do Dia;;;Meio de Quadra;;;0;1;0;0;0;0;0;0;0;0;0;0;;
267072;21;9;2015;17:04;0;AV DR SILAS MUNGUBA;;;0;;Queda;Anoitecer;;;Meio de Quadra;;;0;1;0;0;0;0;0;0;0;1;0;0;;
267073;21;9;2015;17:42;731;RUA PEDRO AMERICO;RUA IRINEU DE SOUZA;;0;;Colis?úo;Anoitecer;;;Cruz;Pare;Residencial;0;1;0;1;0;0;0;0;0;1;0;0;-3,711438000000000;-38,566244000000000
267074;21;9;2015;17:46;0;RUA 1018 CJ CEARA;;;0;;Atropelamento;Anoitecer;;;Meio de Quadra;;;0;1;0;0;0;0;0;0;0;1;0;0;;
267075;21;9;2015;17:57;0;RUA RAQUEL HOLANDA;;;580;;Atropelamento;Anoitecer;;;Meio de Quadra;;;0;1;0;0;0;0;0;0;0;0;0;0;-3,723345000000000;-38,558348000000000
266354;21;9;2015;11:20;0;AV PRS COSTA E SILVA;;;2869;ARVOREDO SHOP.;Colis?úo;Luz do Dia;;;Meio de Quadra;;;0;1;0;0;0;0;0;0;0;1;0;0;-3,821626000000000;-38,556420000000000
256984;21;9;2015;15:30;5136;RUA RUFINO DE ALENCAR;RUA SAO JOSE D03;;0;;Colis?úo Lateral;Luz do Dia;Bom;Seca;T;N?úo H?í Controle;Comercial;0;1;1;0;1;0;0;0;0;1;0;0;-3,724460000000000;-38,523826000000000
256981;21;9;2015;12:25;0;AV ANTONIO SALES;;;788;;Colis?úo Traseira;Luz do Dia;Bom;Seca;Meio de Quadra;N?úo H?í Controle;Comercial;0;0;2;1;0;0;0;0;0;1;0;0;-3,741630000000000;-38,514691000000000
256986;21;9;2015;11:20;1716;AV GAL MURILO BORGES;AV GOV RAUL BARBOSA;;0;;Colis?úo Traseira;Luz do Dia;Bom;Seca;;Sem?íforo;Outros;0;0;3;1;0;0;0;0;0;0;0;0;-3,763977000000000;-38,508802000000000
256979;21;9;2015;04:00;0;AV SEN FERNANDES TAVORA;;;966;;Capotamento;Via Iluminada;Bom;Seca;Meio de Quadra;N?úo H?í Controle;Comercial;0;0;1;1;0;0;0;0;0;0;0;0;-3,762401000000000;-38,581769000000000