COD_ACIDENTE;DIA;MES;ANO;HORA;INTERSECAO;LOG1;LOG2;LOG3;NUMERO;REFERENCIA;NATUREZA;ILUMINACAO;TEMPO;SUPERFICIEPISTA;TIPOCRUZAMENTO;CONTROLETRAFEGO;USOSOLO;MORTOS;FERIDOS;ILESOS;AUTOMOVEL;ONIBUS;BICICLETA;CAMINHAO;MICROONIBUS;CICLOMOTOR;MOTOCICLETA;TRACAOANIMAL;TREM;LATITUDE;LONGITUDE
256991;21;9;2015;15:04;0;RUA SOLON PINHEIRO;;;96;;Colis?úo Lateral;Luz do Dia;Bom;Seca;Meio de Quadra;N?úo H?í Controle;Comercial;0;0;2;1;0;0;0;0;0;0;0;0;-3,731239000000000;-38,526568000000000
256994;21;9;2015;07:20;24993;AV DOM MANUEL;RUA ROCHA LIMA;;0;;Colis?úo Lateral;Luz do Dia;Bom;Seca;Cruz;Sem?íforo;Comercial;0;0;2;1;0;0;1;0;0;0;0;0;-3,735959000000000;-38,523587000000000
256997;21;9;2015;10:00;0;AV VIS RIO BRANCO;;;3989;;Colis?úo Lateral;Luz do Dia;Bom;Seca;Meio de Quadra;Sem?íforo;Comercial;0;0;2;1;0;0;1;0;0;0;0;0;-3,756052000000000;-38,519996000000000
257002;21;9;2015;12:00;0;AV DR SILAS MUNGUBA;;;0;;Atropelamento;Luz do Dia;Bom;Seca;Meio de Quadra;Sem?íforo;Comercial;0;2;0;0;0;0;0;0;0;1;0;0;;
257010;21;9;2015;02:55;0;AV CENTRAL;;;1788;;Colis?úo Traseira;Via Iluminada;Bom;Seca;Meio de Quadra;Pare;Residencial;0;1;1;1;1;0;0;0;0;0;0;0;;
257011;21;9;2015;06:20;24229;AV ENG SANTANA JUNIOR;AV ENG ALBERTO SA;;0;;Colis?úo Transversal;Luz do Dia;Bom;Seca;Cruz;Sem?íforo;Comercial;0;1;1;1;0;0;0;0;0;1;0;0;-3,733357000000000;-38,480624000000000
257008;21;9;2015;14:27;0;RUA JOSE ACIOLY;;;73;;Colis?úo Frontal;Luz do Dia;Bom;Seca;Meio de Quadra;N?úo H?í Controle;Residencial;0;1;1;0;0;0;0;1;0;1;0;0;-3,731766000000000;-38,585246000000000
257062;21;9;2015;20:30;2758;RUA OSCAR FRANCA;RUA MARIA JULIA;;0;;Colis?úo Lateral;Via Iluminada;Bom;Seca;Cruz;Pare;Residencial;0;0;2;1;0;0;1;0;0;0;0;0;-3,791890000000000;-38,599725000000000
257063;21;9;2015;00:20;0;AV DR SILAS MUNGUBA;;;3902;;Choque c/ Obst?ículo Fixo;Via Iluminada;Bom;Seca;Meio de Quadra;N?úo H?í Controle;Comercial;0;1;0;1;0;0;0;0;0;0;0;0;-3,790889000000000;-38,538836000000000
271505;21;9;2015;06:40;0;AV DOS EXPEDICIONARIOS;;;0;;Colis?úo;Luz do Dia;;;Meio de Quadra;;;0;0;2;0;0;0;0;0;0;0;0;0;;
271506;21;9;2015;10:08;7837;RUA TOMAS ACIOLI;RUA OSVALDO CRUZ (ALDEOTA);;0;;Colis?úo;Luz do Dia;;;Cruz;Pare;Residencial;0;0;2;0;0;0;0;0;0;0;0;0;-3,746886000000000;-38,503970000000000
271507;21;9;2015;10:11;0;LOGRADOURO SEM NOME;;;0;;Colis?úo;Luz do Dia;;;Meio de Quadra;;;0;0;2;0;0;0;0;0;0;0;0;0;;
271508;21;9;2015;11:01;1316;AV SANTOS DUMONT;RUA TIBURCIO CAVALCANTE;;0;;Colis?úo;Luz do Dia;;;Cruz;Sem?íforo;Comercial;0;0;2;0;0;0;0;0;0;0;0;0;-3,734979000000000;-38,502259000000000
271509;21;9;2015;11:16;0;AV A CJ CEARA;;;1250;;Colis?úo;Luz do Dia;;;Meio de Quadra;;;0;0;2;0;0;0;0;0;0;0;0;0;-3,772259000000000;-38,605131000000000
271510;21;9;2015;13:51;7718;AV JOSE BASTOS;AV CARNEIRO DE MENDONCA;;0;;Colis?úo;Luz do Dia;;;Cruz;Sem?íforo;Comercial;0;0;2;0;0;0;0;0;0;0;0;0;-3,764109000000000;-38,566759000000000
259245;21;9;2015;06:45;0;AV AGUANAMBI;;;0;ROTAT?ôRIA;Colis?úo Traseira;Luz do Dia;;;Meio de Quadra;;;0;1;3;1;0;0;1;0;0;0;0;0;-3,755538000000000;-38,523043000000000
259247;21;9;2015;13:50;0;RD BR 116;;;5000;KM-05;Colis?úo Traseira;Luz do Dia;Bom;Seca;Meio de Quadra;N?úo H?í Controle;Comercial;0;0;3;1;0;0;0;0;0;0;0;0;-3,796502000000000;-38,506787000000000
259617;21;9;2015;12:45;0;RD CE-040;;;0;KM-10;Colis?úo;Luz do Dia;Bom;Seca;Meio de Quadra;;Comercial;0;0;2;1;0;0;0;0;0;1;0;0;-3,838671000000000;-38,480068000000000
259619;21;9;2015;15:20;0;RD CE-040;;;0;KM-06;Colis?úo;Luz do Dia;Bom;Seca;Meio de Quadra;N?úo H?í Controle;Comercial;0;0;2;1;0;0;0;0;0;0;0;0;-3,811270000000000;-38,478781000000000
259620;21;9;2015;18:30;0;RD CE-040;;;0;KM-06;Colis?úo;Anoitecer;Bom;Seca;Meio de Quadra;;Comercial;0;0;2;1;1;0;0;0;0;0;0;0;-3,811270000000000;-38,478781000000000
259622;22;9;2015;08:10;0;RD CE-040;;;0;KM-07;Colis?úo;Luz do Dia;Bom;Seca;Meio de Quadra;N?úo H?í Controle;Comercial;0;1;1;1;0;0;0;0;0;1;0;0;-3,817953000000000;-38,483160000000000
259623;22;9;2015;10:30;0;RD CE-040;;;0;KM-07;Colis?úo;Luz do Dia;Bom;Seca;Meio de Quadra;;Comercial;0;0;2;1;0;0;1;0;0;0;0;0;-3,817953000000000;-38,483160000000000
259248;22;9;2015;06:30;9126;RD BR 116;AV VIS RIO BRANCO;;0;;Colis?úo;Luz do Dia;Bom;Seca;T;N?úo H?í Controle;Residencial;0;2;1;1;0;0;0;0;0;1;0;0;-3,758673000000000;-38,519417000000000
257750;22;9;2015;14:00;19291;RUA GUILHERME PERDIGAO;RUA ARARIPE PRATA;;0;;;Luz do Dia;Bom;Seca;Cruz;Pare;Residencial;0;0;2;1;0;0;0;0;0;0;0;0;-3,774315000000000;-38,569659000000000
257751;22;9;2015;09:00;13239;AV J CJ JOSE WALTER;AV F CJ JOSE WALTER;;0;;Colis?úo Lateral;Luz do Dia;Bom;Seca;Cruz;Pare;Residencial;0;1;1;1;0;0;0;0;0;1;0;0;-3,835833000000000;-38,557143000000000
257752;22;9;2015;09:50;1507;RUA PDE VALDEVINO;RUA BAR ARACATI;;0;;Colis?úo Transversal;Luz do Dia;Bom;Seca;Cruz;Pare;Comercial;0;0;2;1;0;0;0;0;0;0;0;0;-3,739898000000000;-38,514377000000000
257753;22;9;2015;11:05;5490;AV AGUANAMBI;RUA ANTONIO POMPEU;;0;;Colis?úo Lateral;Luz do Dia;Bom;Seca;Cruz;Sem?íforo;Comercial;0;0;3;1;0;0;0;1;0;0;0;0;-3,736873000000000;-38,523967000000000
257754;22;9;2015;11:05;26233;RUA PEREIRO;RUA JUA;;0;;Colis?úo Lateral;Luz do Dia;Bom;Seca;Cruz;Pare;Residencial;1;0;1;0;0;0;1;0;0;1;0;0;;
257745;22;9;2015;13:20;0;AV OLAVO BILAC;;;1560;;Colis?úo Lateral;Luz do Dia;Bom;Seca;Meio de Quadra;Pare;Comercial;0;0;2;1;0;0;0;0;0;1;0;0;-3,733817000000000;-38,564454000000000
257740;22;9;2015;21:00;6564;AV H CJ CEARA;AV G CJ CEARA;;0;;Colis?úo Transversal;Via Iluminada;Bom;Seca;T;Pare;Misto;0;2;1;1;0;0;0;0;0;1;0;0;-3,775702000000000;-38,609372000000000
257717;22;9;2015;22:00;19701;AV BEZERRA DE MENEZES;RUA PRO RAIMUNDO VITOR;;0;;Colis?úo Traseira;Via Iluminada;Bom;Seca;Meio de Quadra;N?úo H?í Controle;Comercial;0;0;2;1;0;0;1;0;0;0;0;0;-3,736046000000000;-38,566246000000000
257768;22;9;2015;15:00;0;AV DOM MANUEL;;;1180;;Atropelamento;Luz do Dia;Bom;Seca;Meio de Quadra;N?úo H?í Controle;Comercial;1;0;1;0;0;0;1;0;0;0;0;0;-3,734425000000000;-38,523085000000000
257770;22;9;2015;16:15;0;AV DR THEBERGE;;;1368;;Colis?úo Transversal;Luz do Dia;Bom;Seca;Meio de Quadra;N?úo H?í Controle;Comercial;0;1;1;1;0;0;0;0;0;1;0;0;-3,714540000000000;-38,564921000000000
257763;22;9;2015;15:20;26234;AV DOM ALO?ìSIO LORSCHEIDER;RUA D CJ VILA VELHA;;0;;Colis?úo Traseira;Luz do Dia;Bom;Seca;Cruz;Pare;Comercial;0;0;2;1;0;0;0;0;0;0;0;0;;
257747;22;9;2015;10:00;0;AV SEN FERNANDES TAVORA;;;2305;;Colis?úo Lateral;Luz do Dia;Bom;Seca;Meio de Quadra;N?úo H?í Controle;Misto;0;0;2;1;0;0;1;0;0;0;0;0;-3,756580000000000;-38,592673000000000
257758;22;9;2015;13:50;0;AV GAL OSORIO DE PAIVA;;;7736;;Colis?úo Traseira;Luz do Dia;Bom;Seca;Meio de Quadra;N?úo H?í Controle;Residencial;0;1;2;1;0;0;0;0;0;0;0;0;-3,820292000000000;-38,617150000000000
257773;22;9;2015;08:30;25529;AV ABOLICAO;RUA SAPORE;;0;;Colis?úo Traseira;Luz do Dia;Bom;Seca;T;Pare;Comercial;0;1;1;0;0;0;1;0;0;1;0;0;;
257774;22;9;2015;18:20;0;AV JOR THOMAZ COELHO;;;3150;;Colis?úo Transversal;Anoitecer;Bom;Seca;Meio de Quadra;N?úo H?í Controle;Comercial;0;1;1;1;0;0;0;0;0;1;0;0;-3,829179000000000;-38,524375000000000
257776;22;9;2015;11:15;1402;RUA BAR ARACATI;AV HERACLITO GRACA;;0;;Colis?úo Transversal;Luz do Dia;Bom;Seca;Cruz;Pare;Comercial;0;1;1;1;0;0;0;0;0;1;0;0;-3,737147000000000;-38,513289000000000
257778;22;9;2015;16:00;0;RUA OSVALDO CRUZ (ALDEOTA);;;2887;;Colis?úo Traseira;Luz do Dia;Bom;Seca;Meio de Quadra;Pare;Residencial;0;0;2;0;0;0;0;0;0;1;0;0;;
257780;22;9;2015;15:00;7923;AV GOV RAUL BARBOSA;RUA ISAC AMARAL;;0;;Colis?úo Traseira;Luz do Dia;Bom;Seca;;Sem?íforo;Comercial;0;0;2;1;0;0;0;0;0;0;0;0;-3,753019000000000;-38,503726000000000
257674;22;9;2015;09:30;0;AV DOS EXPEDICIONARIOS;;;0;;Colis?úo Lateral;Luz do Dia;Bom;Seca;Meio de Quadra;N?úo H?í Controle;Residencial;0;0;2;1;0;0;0;0;0;1;0;0;;
257701;22;9;2015;17:20;5099;AV TRISTAO GONCALVES;RUA SEN ALENCAR;;0;;Colis?úo Transversal;Anoitecer;Bom;Seca;Cruz;Pare;Comercial;0;2;1;0;1;0;0;0;0;1;0;0;-3,723524000000000;-38,532122000000000
257709;22;9;2015;07:30;12533;AV CEL CARVALHO;RUA MARIA CLARA;;0;;Colis?úo Transversal;Luz do Dia;Bom;Seca;Cruz;Pare;Comercial;0;0;2;1;1;0;0;0;0;0;0;0;-3,725382000000000;-38,585818000000000
257715;22;9;2015;16:00;12514;AV LINEU MACHADO;RUA JULIO BRAGA;;0;;Colis?úo;Luz do Dia;Bom;Seca;Cruz;Sem?íforo;Comercial;0;0;2;1;0;0;0;0;0;0;0;0;-3,775335000000000;-38,581790000000000
257684;22;9;2015;18:00;0;AV DEP PAULINO ROCHA;;;0;ROTAT?ôRIA;Colis?úo Traseira;Anoitecer;Bom;Seca;Meio de Quadra;D?¬ Prefer?¬ncia;Misto;0;0;2;1;0;0;0;0;0;0;0;0;;
257704;22;9;2015;15:00;5051;RUA SEN POMPEU;RUA SEN JAGUARIBE;;0;;Colis?úo Transversal;Luz do Dia;Bom;Seca;Cruz;Pare;Comercial;0;2;0;1;0;0;0;0;0;0;0;0;-3,721667000000000;-38,528055000000000
257736;22;9;2015;18:15;12835;AV DOMINGOS OLIMPIO;RUA SOLON PINHEIRO;;0;;Colis?úo;Anoitecer;Bom;Seca;Cruz;Sem?íforo;Comercial;0;1;1;0;1;1;0;0;0;0;0;0;-3,737409000000000;-38,528650000000000
257737;22;9;2015;15:00;0;RUA DEP OSWALDO STUDART;;;0;RODOVI?üRIA;Colis?úo Lateral;Luz do Dia;Bom;Seca;Meio de Quadra;Sem?íforo;Comercial;0;0;2;1;0;0;0;0;0;1;0;0;;
257730;22;9;2015;08:20;18387;AV OLAVO BILAC;AV SGT HERMINIO SAMPAIO;;0;;Colis?úo Lateral;Luz do Dia;Bom;Seca;Cruz;Sem?íforo;Residencial;0;0;2;0;0;0;1;0;0;0;0;0;-3,727179000000000;-38,565080000000000
257726;22;9;2015;13:00;17585;RUA RIO GRANDE DO SUL;RUA MARANHAO;;0;;Colis?úo Transversal;Luz do Dia;Bom;Seca;Cruz;Pare;Residencial;0;0;2;1;0;0;0;0;0;1;0;0;-3,755695000000000;-38,565689000000000
271511;22;9;2015;05:17;10038;RUA TAQUARI;RUA ANTONIO NERY;;0;;Colis?úo;Amanhecer;;;Cruz;N?úo H?í Controle;Residencial;0;0;2;0;0;0;0;0;0;0;0;0;-3,776710000000000;-38,599806000000000
271512;22;9;2015;08:46;0;RUA DR JOAQUIM BENTO;;;0;;Colis?úo;Luz do Dia;;;Meio de Quadra;;;0;0;2;0;0;0;0;0;0;0;0;0;;
271513;22;9;2015;11:54;12440;ET PICI;AV AUGUSTO DOS ANJOS;;0;;Colis?úo;Luz do Dia;;;;;;0;0;2;0;0;0;0;0;0;0;0;0;-3,771936000000000;-38,571749000000000
271514;22;9;2015;15:07;17611;RUA GOIAS;RUA PIAUI;;0;;Colis?úo;Luz do Dia;;;;;;0;0;2;0;0;0;0;0;0;0;0;0;-3,757649000000000;-38,565239000000000
271515;22;9;2015;18:56;0;AV JOR JOAO RAMOS;;;1988;;Colis?úo;;;;Meio de Quadra;;;0;0;2;0;0;0;0;0;0;0;0;0;-3,841462000000000;-38,575235000000000
271516;22;9;2015;18:59;0;AV AGUANAMBI;;;0;;Colis?úo;;;;Meio de Quadra;;;0;0;2;0;0;0;0;0;0;0;0;0;;
267320;22;9;2015;07:44;13239;AV J CJ JOSE WALTER;AV F CJ JOSE WALTER;;0;;Colis?úo;Luz do Dia;;;Cruz;Pare;Residencial;0;1;0;1;0;0;0;0;0;1;0;0;-3,835833000000000;-38,557143000000000
267321;22;9;2015;08:17;15699;RUA MEM DE SA;RUA GUILHERME PESSOA;;0;;Colis?úo;Luz do Dia;;;Cruz;Pare;Residencial;0;1;0;0;0;0;0;0;0;0;0;0;-3,827417000000000;-38,485338000000000
267315;22;9;2015;07:30;0;AV PRO GOMES DE MATOS;;;500;;Colis?úo;Luz do Dia;;;Meio de Quadra;;;0;1;0;1;0;0;0;0;0;1;0;0;-3,758160000000000;-38,543045000000000
267331;22;9;2015;10:04;5130;RUA CASTRO E SILVA;RUA FLORIANO PEIXOTO;;0;;Colis?úo;Luz do Dia;;;Duplo T;Pare;Comercial;0;1;0;1;0;1;0;0;0;0;0;0;-3,724272000000000;-38,526110000000000
267345;22;9;2015;11:22;0;AV ALBERTO CRAVEIRO;;;0;;Colis?úo;Luz do Dia;;;Meio de Quadra;;;0;1;0;0;0;0;0;0;0;1;0;0;;
267347;22;9;2015;14:46;0;RUA BAR RIO BRANCO;;;20;;Colis?úo;Luz do Dia;;;Meio de Quadra;;;0;1;0;1;0;0;0;0;0;0;0;0;;
267341;22;9;2015;11:20;5468;RUA ANTONIO POMPEU;RUA BAR ARATANHA;;0;;Colis?úo;Luz do Dia;;;Cruz;Sem?íforo;Residencial;0;1;0;1;0;0;0;0;0;1;0;0;-3,735826000000000;-38,527351000000000
267361;22;9;2015;16:50;0;AV ALM HENRIQUE SABOIA;;;1108;;Colis?úo;Luz do Dia;;;Meio de Quadra;;;0;1;0;0;0;0;0;0;0;0;0;0;;
267359;22;9;2015;16:37;0;RUA STA INES D20;;;893;;Colis?úo;Luz do Dia;;;Meio de Quadra;;;0;1;0;1;0;1;0;0;0;0;0;0;-3,709393000000000;-38,554082000000000
267364;22;9;2015;17:17;5099;RUA SEN ALENCAR;AV TRISTAO GONCALVES;;0;;Colis?úo;Anoitecer;;;Cruz;Pare;Comercial;0;1;0;0;0;0;0;0;0;0;0;0;-3,723524000000000;-38,532122000000000
267368;22;9;2015;17:49;0;AV PRS COSTA E SILVA;;;3157;;Queda;Anoitecer;;;Meio de Quadra;;;0;1;0;0;0;0;0;0;0;1;0;0;;
267350;22;9;2015;15:27;0;AV DR SILAS MUNGUBA;;;136;;Colis?úo;Luz do Dia;;;Meio de Quadra;;;0;1;0;1;0;0;0;0;0;1;0;0;-3,775565000000000;-38,563351000000000
267410;22;9;2015;22:49;24913;AV DA INDEPENDENCIA;AV MOZART PINHEIRO DE LUCENA;;0;;Colis?úo;;;;Cruz;Sem?íforo Intermitente;Misto;0;1;0;1;0;0;0;0;0;1;0;0;-3,724957000000000;-38,597615000000000
267411;22;9;2015;23:24;0;AV MIN JOSE AMERICO;;;0;;Queda;;;;Meio de Quadra;;;0;1;0;0;0;0;0;0;0;1;0;0;;
267401;22;9;2015;20:59;4996;RUA ANTONIO FARIAS;RUA FIS ASSIS SARAIVA;;0;;Colis?úo;;;;;;;0;1;0;0;0;0;0;0;0;1;0;0;-3,800943000000000;-38,527627000000000
267405;22;9;2015;21:01;0;RUA PLANALTINA (PL AYRTON SENNA);RUA APOCALIPSE (MONDUBIM);;0;;Colis?úo;;;;;;;0;1;1;1;0;0;0;0;0;1;0;0;;
267406;22;9;2015;22:41;4193;RUA DOM HELIO CAMPOS D21;AV FRANCISCO SA;;0;;Queda;;;;T;Pare;Comercial;0;1;0;0;0;0;0;0;0;1;0;0;-3,717711000000000;-38,556428000000000
267408;22;9;2015;22:42;0;RUA OSCAR ARARIPE;;;3119;;Colis?úo;;;;Meio de Quadra;;;0;1;0;1;0;0;0;0;0;1;0;0;-3,785119000000000;-38,618520000000000
267381;22;9;2015;20:38;0;RUA TEODOMIRO DE CASTRO;;;4051;;Colis?úo;;;;Meio de Quadra;;;0;1;0;0;0;0;0;0;0;0;0;0;-3,720014000000000;-38,569860000000000
267373;22;9;2015;18:28;0;AV FRANCISCO SA;;;0;;Atropelamento;Anoitecer;;;Meio de Quadra;;;0;1;0;1;0;0;0;0;0;0;0;0;;
267379;22;9;2015;18:31;0;RD BR 116;;;0;;Queda;;;;Meio de Quadra;;;0;1;0;0;0;1;0;0;0;0;0;0;;
264982;22;9;2015;18:11;5692;AV DES GONZAGA;RUA MARGARIDA DE QUEIROZ;;0;;Colis?úo;Anoitecer;;;Cruz;Pare;Comercial;0;0;2;0;0;0;1;0;0;0;0;0;-3,793168000000000;-38,501753000000000
264979;22;9;2015;12:39;25095;AV ENG LEAL LIMA VERDE (SAPIRANGA/COITE);AV MAE LISBOA;;0;;Colis?úo;Luz do Dia;;;Cruz;N?úo H?í Controle;Residencial;0;0;2;1;0;0;0;0;0;0;0;0;-3,807871000000000;-38,474657000000000
264980;22;9;2015;16:50;1420;RUA CEL LINHARES;AV SANTOS DUMONT;;0;;Colis?úo;Luz do Dia;;;Cruz;Pare;Comercial;0;0;2;1;0;0;1;0;0;0;0;0;-3,737489000000000;-38,494449000000000
266700;22;9;2015;07:40;0;AV GAL OSORIO DE PAIVA;;;641;;Colis?úo;Luz do Dia;;;Meio de Quadra;;;0;1;0;0;1;0;0;0;0;1;0;0;-3,776636000000000;-38,568098000000000
274305;22;9;2015;18:22;15341;RUA REPUBLICA DO LIBANO;RUA BARBOSA DE FREITAS;;0;;Colis?úo Transversal;Anoitecer;;;Cruz;Pare;Residencial;0;0;1;1;0;0;0;0;0;1;0;0;-3,731601000000000;-38,495765000000000
266709;23;9;2015;11:30;0;AV JOR THOMAZ COELHO;;;650;;Atropelamento;Luz do Dia;;;Meio de Quadra;;;0;1;0;0;1;0;0;0;0;0;0;0;;
266716;23;9;2015;20:00;0;AV WASHINGTON SOARES;;;300;;Atropelamento;;;;Meio de Quadra;;;0;1;0;1;0;0;0;0;0;0;0;0;-3,757628000000000;-38,488749000000000
257124;23;9;2015;09:38;15331;RUA PEREIRA FILGUEIRAS;RUA SILVA PAULET;;0;;Colis?úo Lateral;Luz do Dia;Bom;Seca;Cruz;Pare;Comercial;0;0;2;1;0;0;0;0;0;0;0;0;-3,731144000000000;-38,504338000000000
257072;23;9;2015;17:50;10777;RUA VITORIA (AV. PERIMETRAL);RUA PORTO ALEGRE;;0;;Colis?úo Lateral;Anoitecer;Bom;Seca;Cruz;Pare;Comercial;0;1;1;1;0;0;0;0;0;1;0;0;-3,762193000000000;-38,586947000000000
257066;23;9;2015;11:27;0;RUA CONDE D??EU;;;633;;Colis?úo Lateral;Luz do Dia;Bom;Seca;Meio de Quadra;;Comercial;0;0;2;1;0;0;1;0;0;0;0;0;-3,726360000000000;-38,525821000000000
257151;23;9;2015;09:20;15217;RUA SILVA JATAHY;RUA TIBURCIO CAVALCANTE;;0;;Colis?úo;Luz do Dia;Bom;Seca;Cruz;Pare;Residencial;0;1;1;0;0;1;0;0;0;0;0;0;-3,727071000000000;-38,499732000000000
257162;23;9;2015;12:00;25485;AV DOS EXPEDICIONARIOS;AV II LOT EXPEDICIONARIOS II;;0;;Colis?úo Lateral;Luz do Dia;Bom;Seca;T;Pare;Comercial;0;0;2;1;0;0;0;0;0;0;0;0;-3,804702000000000;-38,553210000000000
257157;23;9;2015;09:50;5760;AV OLIVEIRA PAIVA;RUA GAL CASTELO BRANCO (CID. FUNCIONARIOS);;0;;Colis?úo Transversal;Luz do Dia;Bom;Seca;Cruz;Pare;Comercial;0;0;2;1;0;0;0;0;0;0;0;0;-3,795739000000000;-38,492028000000000
257170;23;9;2015;15:30;15000;RUA CARLOS STUDART;RUA NIGERIA;;0;;Colis?úo Transversal;Luz do Dia;Bom;Seca;Cruz;N?úo H?í Controle;Comercial;0;1;1;1;0;0;0;0;0;1;0;0;-3,792651000000000;-38,567794000000000
257142;23;9;2015;08:00;0;RUA DR JOAQUIM BENTO;;;640;;Colis?úo Lateral;Amanhecer;Bom;Seca;Meio de Quadra;Sem?íforo;Comercial;0;1;2;1;1;0;0;0;0;1;0;0;-3,828294000000000;-38,485889000000000
257131;23;9;2015;06:30;21369;AV JOVITA FEITOSA;RUA CARVALHO MOTA;;0;;Colis?úo Lateral;Luz do Dia;Bom;Seca;Cruz;Pare;Comercial;0;0;2;1;0;0;0;0;0;0;0;0;-3,737437000000000;-38,544748000000000
257182;23;9;2015;08:30;23774;RUA GABRIEL FIUZA;RUA COM GARCIA;;0;;Colis?úo Lateral;Luz do Dia;Bom;Seca;Cruz;Pare;;0;0;2;1;0;0;0;0;0;0;0;0;-3,788233000000000;-38,578685000000000
257192;23;9;2015;07:30;5500;RUA PDE VALDEVINO;RUA NOGUEIRA ACIOLI;;0;;Colis?úo Transversal;Luz do Dia;Bom;Seca;Cruz;Sem?íforo;Comercial;0;0;3;1;0;0;0;0;0;0;0;0;-3,738246000000000;-38,519630000000000
257197;23;9;2015;12:45;7976;AV JOAO PESSOA;RUA MAJ WEYNE;;0;;Colis?úo Traseira;Luz do Dia;Bom;Seca;Cruz;Sem?íforo;Comercial;0;0;3;0;1;0;0;0;0;0;0;0;-3,747841000000000;-38,545334000000000
257199;23;9;2015;12:50;15276;RUA TEN BENEVOLO;RUA MELQUIADES PINTO;;0;;Colis?úo Transversal;Luz do Dia;Bom;Seca;T;Pare;Residencial;0;0;2;1;0;0;0;0;0;0;0;0;-3,728847000000000;-38,506551000000000
257189;23;9;2015;09:30;26221;AV ALM HENRIQUE SABOIA;RUA PEREIRA DE MIRANDA;;0;;Colis?úo Frontal;Luz do Dia;Bom;Seca;Cruz;N?úo H?í Controle;Comercial;0;0;2;0;1;0;0;0;0;0;0;0;-3,738316000000000;-38,486210000000000
257231;23;9;2015;10:40;8025;AV JOAO PESSOA;RUA PRO COSTA MENDES;;0;;Atropelamento;Luz do Dia;Bom;Seca;Cruz;Outros;Comercial;0;1;1;0;1;0;0;0;0;0;0;0;-3,752393000000000;-38,549441000000000
257232;23;9;2015;07:50;0;RUA PDE ANCHIETA;;;369;;Colis?úo Traseira;Luz do Dia;Bom;Seca;Meio de Quadra;Outros;Misto;0;0;2;1;0;0;0;0;0;0;0;0;-3,723440000000000;-38,550661000000000
257205;23;9;2015;22:15;0;RUA COS LAFAYETE;;;347;;Colis?úo Lateral;Via Iluminada;Bom;Seca;Meio de Quadra;N?úo H?í Controle;Residencial;0;0;2;1;1;0;0;0;0;0;0;0;-3,718130000000000;-38,581259000000000
257209;23;9;2015;14:30;25455;RUA PEDRO LAZAR;AV ENG JOS?ë GUIMAR?âES;;0;;Colis?úo Lateral;Luz do Dia;Bom;Seca;Cruz;Pare;Residencial;0;1;1;1;0;0;0;0;0;1;0;0;;
257201;23;9;2015;12:30;0;AV SEN CARLOS JEREISSATI (AEROPORTO);;;0;;Colis?úo Transversal;Luz do Dia;Bom;Seca;Meio de Quadra;N?úo H?í Controle;Comercial;1;0;1;1;0;0;0;0;1;0;0;0;;
257241;23;9;2015;21:30;12520;AV AUGUSTO DOS ANJOS;RUA ALUISIO AZEVEDO;;0;;Colis?úo Traseira;Mal Iluminada;Bom;Seca;T;Sem?íforo;Comercial;0;0;2;1;0;0;0;0;0;0;0;0;-3,773439000000000;-38,573164000000000
257237;23;9;2015;18:30;0;AV BAR STUDART;;;1300;;Outros;Anoitecer;;;Meio de Quadra;;;0;0;2;0;1;0;0;0;0;0;0;0;;
257238;23;9;2015;19:45;1484;AV PDE ANTONIO TOMAS;RUA JOAQUIM NABUCO;;0;;Colis?úo Lateral;Via Iluminada;Bom;Seca;Cruz;Sem?íforo;Comercial;0;1;1;0;0;0;0;0;0;1;0;0;-3,739222000000000;-38,502569000000000
264989;23;9;2015;17:29;0;AV AGUANAMBI;;;0;;Colis?úo;Anoitecer;;;Meio de Quadra;;;0;0;2;1;0;0;1;0;0;0;0;0;;
264992;23;9;2015;22:39;0;AV JOR THOMAZ COELHO;;;0;;Colis?úo;;;;Meio de Quadra;;;0;0;2;1;0;0;0;0;0;0;0;0;;
264986;23;9;2015;09:07;0;RUA PLANALTINA (PL AYRTON SENNA);;;0;;Colis?úo;Luz do Dia;;;Meio de Quadra;;;0;0;2;0;1;0;0;0;0;0;0;0;;
267412;23;9;2015;04:18;0;AV ALBERTO CRAVEIRO;;;154;;Queda;;;;Meio de Quadra;;;0;1;0;0;0;0;0;0;0;1;0;0;;
267413;23;9;2015;06:38;5324;RUA GAL SAMPAIO;RUA PEDRO I;;0;;Queda;Luz do Dia;;;Cruz;Sem?íforo Danificado;Comercial;0;1;0;0;0;0;0;0;0;1;0;0;-3,730182000000000;-38,531758000000000
267429;23;9;2015;08:58;0;AV DR SILAS MUNGUBA;;;2728;;Queda;Luz do Dia;;;Meio de Quadra;;;0;1;0;0;0;0;0;0;0;1;0;0;-3,786757000000000;-38,549477000000000
267442;23;9;2015;10:02;0;RUA BALDUINO FREIRE;;;113;;Queda;Luz do Dia;;;Meio de Quadra;;;0;1;0;0;0;0;0;0;0;1;0;0;;
267445;23;9;2015;10:37;0;AV PERIMETRAL;;;343;;Colis?úo;Luz do Dia;;;Meio de Quadra;;;0;1;0;0;0;0;1;0;0;1;0;0;;
267446;23;9;2015;11:24;0;AV CASTELO DE CASTRO;;;1247;;Atropelamento;Luz do Dia;;;Meio de Quadra;;;0;1;0;0;0;0;0;0;0;1;0;0;;