COD_ACIDENTE;DIA;MES;ANO;HORA;INTERSECAO;LOG1;LOG2;LOG3;NUMERO;REFERENCIA;NATUREZA;ILUMINACAO;TEMPO;SUPERFICIEPISTA;TIPOCRUZAMENTO;CONTROLETRAFEGO;USOSOLO;MORTOS;FERIDOS;ILESOS;AUTOMOVEL;ONIBUS;BICICLETA;CAMINHAO;MICROONIBUS;CICLOMOTOR;MOTOCICLETA;TRACAOANIMAL;TREM;LATITUDE;LONGITUDE
267447;23;9;2015;11:29;0;RUA PRO HERIBALDO COSTA;;;1547;;Queda;Luz do Dia;;;Meio de Quadra;;;0;1;0;0;0;0;0;0;0;1;0;0;-3,765313000000000;-38,586661000000000
267451;23;9;2015;11:51;5025;AV FILOMENO GOMES;RUA SEN ALENCAR;;0;;Colis?úo;Luz do Dia;;;T;Pare;Comercial;0;1;0;1;0;0;0;0;0;1;0;0;-3,720616000000000;-38,541328000000000
267452;23;9;2015;13:42;5929;RUA 1151 CJ CEARA;AV C CJ CEARA;;0;;Queda;Luz do Dia;;;;;;0;1;0;0;0;0;0;0;0;1;0;0;-3,761426000000000;-38,609393000000000
267453;23;9;2015;13:45;0;AV CARNEIRO DE MENDONCA;;;885;;Queda;Luz do Dia;;;Meio de Quadra;;;0;1;0;0;0;0;0;0;0;1;0;0;-3,764066000000000;-38,566829000000000
267491;23;9;2015;23:16;0;RUA JOAQUIM DOS ANJOS;;;490;;Colis?úo;;;;Meio de Quadra;;;0;1;1;1;0;0;0;0;0;1;0;0;;
267472;23;9;2015;18:36;0;AV WASHINGTON SOARES;;;0;;Atropelamento;;;;Meio de Quadra;;;0;1;0;1;0;0;0;0;0;0;0;0;;
267455;23;9;2015;13:47;0;AV ALBERTO CRAVEIRO;;;515;;Colis?úo;Luz do Dia;;;Meio de Quadra;;;0;1;0;1;0;0;0;0;0;1;0;0;-3,783067000000000;-38,516662000000000
267460;23;9;2015;15:25;0;AV GODOFREDO MACIEL;;;6450;;Colis?úo;Luz do Dia;;;Meio de Quadra;;;0;1;0;1;0;0;0;0;0;1;0;0;;
267464;23;9;2015;15:31;5340;AV DUQ CAXIAS;RUA VINTE E QUATRO DE MAIO;;0;;Colis?úo;Luz do Dia;;;Cruz;Sem?íforo;Comercial;0;1;0;0;0;0;0;0;0;1;0;0;-3,730708000000000;-38,533230000000000
267465;23;9;2015;16:44;0;AV BENJAMIM BRASIL;;;1080;;Colis?úo;Luz do Dia;;;Meio de Quadra;;;0;1;0;1;0;0;0;0;0;1;0;0;-3,805466000000000;-38,565120000000000
267449;23;9;2015;11:44;23343;RUA TIBURCIO CAVALCANTE;AV PONTES VIEIRA;;0;;Colis?úo;Luz do Dia;;;Cruz;Sem?íforo Intermitente;Comercial;0;1;0;1;0;0;0;0;0;1;0;0;-3,752053000000000;-38,507749000000000
267470;23;9;2015;18:21;12614;AV CEL CARVALHO;RUA COS LAFAYETE;;0;;Colis?úo;Anoitecer;;;Cruz;Sem?íforo Intermitente;Comercial;0;1;0;1;0;0;0;0;0;0;0;0;-3,717512000000000;-38,587938000000000
273397;23;9;2015;07:30;0;AV GAL OSORIO DE PAIVA;;;6016;;Colis?úo;Luz do Dia;;;Meio de Quadra;;;1;1;1;0;1;0;0;0;0;1;0;0;-3,808491000000000;-38,605699000000000
271517;23;9;2015;10:40;0;RUA FRANCISCO MATIAS;;;429;;Colis?úo;Luz do Dia;;;Meio de Quadra;;;0;0;2;0;0;0;0;0;0;0;0;0;;
271521;23;9;2015;11:07;0;RUA SENA MADUREIRA;;;0;;Colis?úo;Luz do Dia;;;Meio de Quadra;;;0;0;2;0;0;0;0;0;0;0;0;0;;
271524;23;9;2015;16:34;0;RUA AUDISIO PINHEIRO;;;1626;;Colis?úo;Luz do Dia;;;Meio de Quadra;;;0;0;2;0;0;0;0;0;0;0;0;0;-3,765144000000000;-38,592274000000000
271525;23;9;2015;16:56;0;RUA SAO JOAO D20;;;990;;Colis?úo;Luz do Dia;;;Meio de Quadra;;;0;0;2;0;0;0;0;0;0;0;0;0;;
257051;23;9;2015;06:50;0;AV DR SILAS MUNGUBA;;;2686;;Colis?úo Lateral;Luz do Dia;Bom;Seca;Meio de Quadra;Pare;Comercial;0;0;2;1;1;0;0;0;0;0;0;0;-3,786619000000000;-38,549737000000000
257055;23;9;2015;12:30;0;AV ANTONIO SALES;;;2311;;Engavetamento;Luz do Dia;Bom;Seca;Meio de Quadra;;Comercial;0;1;2;1;0;0;0;0;0;0;0;0;-3,745189000000000;-38,503228000000000
257057;23;9;2015;00:00;24913;AV DA INDEPENDENCIA;AV MOZART PINHEIRO DE LUCENA;;0;;Colis?úo Transversal;Via Iluminada;Bom;Seca;Cruz;Sem?íforo Intermitente;Misto;1;0;1;1;0;0;0;0;0;1;0;0;-3,724957000000000;-38,597615000000000
257060;23;9;2015;07:10;5397;AV DUQ CAXIAS;RUA ASSUNCAO;;0;;Colis?úo Lateral;Luz do Dia;Bom;Seca;Cruz;Sem?íforo;Comercial;0;0;2;0;1;0;0;0;0;0;0;0;-3,732405000000000;-38,527952000000000
257061;23;9;2015;08:00;0;AV ABOLICAO;;;1848;;Colis?úo Traseira;Luz do Dia;Bom;Seca;Meio de Quadra;N?úo H?í Controle;Misto;0;1;1;1;0;0;0;0;0;1;0;0;;
257043;23;9;2015;20:55;8025;AV JOAO PESSOA;RUA PRO COSTA MENDES;;0;;Colis?úo Lateral;Via Iluminada;Bom;Seca;Cruz;Sem?íforo;;0;0;2;0;1;0;0;0;0;0;0;0;-3,752393000000000;-38,549441000000000
257045;23;9;2015;11:30;0;RUA PDE ANCHIETA;;;0;;Choque c/ Obst?ículo Fixo;Luz do Dia;Bom;Seca;Meio de Quadra;Pare;Misto;0;0;1;0;0;0;1;0;0;0;0;0;;
257046;23;9;2015;12:50;15244;RUA DEP MOREIRA DA ROCHA;RUA JOSE VILAR;;0;;Colis?úo Lateral;Luz do Dia;Bom;Seca;Cruz;;Residencial;0;0;2;1;0;0;0;0;0;1;0;0;-3,727832000000000;-38,502113000000000
257047;23;9;2015;16:00;0;RUA PDE VALDEVINO;;;1600;;Colis?úo Traseira;Luz do Dia;Bom;Seca;Outros;Outros;Residencial;0;0;2;1;0;0;0;0;0;0;0;0;-3,741103000000000;-38,510581000000000
257048;23;9;2015;14:30;0;RUA SAMUEL UCHOA;;;739;;Colis?úo Traseira;Luz do Dia;Bom;Seca;Meio de Quadra;Pare;Residencial;0;0;4;1;0;0;0;0;0;1;0;0;-3,753728000000000;-38,546572000000000
259284;23;9;2015;17:50;0;RD BR 222;;;0;KM-03;Colis?úo Traseira;Anoitecer;Bom;Seca;Meio de Quadra;N?úo H?í Controle;Comercial;0;0;2;1;0;0;0;0;0;0;0;0;-3,736999000000000;-38,571997000000000
259637;23;9;2015;12:30;0;RD CE-040;;;0;KM-10;Colis?úo;Luz do Dia;Bom;Seca;Meio de Quadra;N?úo H?í Controle;Comercial;0;1;1;0;0;0;1;0;0;1;0;0;-3,838671000000000;-38,480068000000000
259639;24;9;2015;20:50;0;RD CE-040;;;0;KM-12;Colis?úo;Via Iluminada;Bom;Seca;Meio de Quadra;;Comercial;0;0;2;1;0;0;0;0;0;0;0;0;-3,848945000000000;-38,476237000000000
259251;24;9;2015;07:00;0;RD BR 116;;;4000;KM-04;Colis?úo Traseira;Luz do Dia;Bom;Seca;Meio de Quadra;N?úo H?í Controle;Comercial;0;0;2;1;0;0;0;0;0;0;0;0;-3,788331000000000;-38,510646000000000
259252;24;9;2015;21:30;0;RD BR 116;;;5000;KM-05;Colis?úo Traseira;Via Iluminada;Bom;Seca;Meio de Quadra;N?úo H?í Controle;Comercial;0;0;2;1;0;0;0;0;0;0;0;0;-3,796502000000000;-38,506787000000000
259255;24;9;2015;22:20;0;RD BR 116;;;11000;KM-11;Colis?úo Lateral;Via Iluminada;Bom;Seca;Meio de Quadra;N?úo H?í Controle;Comercial;0;1;1;1;0;0;0;0;0;1;0;0;-3,847160000000000;-38,497176000000000
271530;24;9;2015;20:21;0;RUA 26 BATALHAO;;;128;;Colis?úo;;;;Meio de Quadra;;;0;0;2;0;0;0;0;0;0;0;0;0;;
271527;24;9;2015;11:11;0;RUA JOSE VICENTE;;;1452;;Colis?úo;Luz do Dia;;;Meio de Quadra;;;0;0;2;0;0;0;0;0;0;0;0;0;;
271528;24;9;2015;16:33;0;RUA JOSE MENDONCA;;;462;;Colis?úo;Luz do Dia;;;Meio de Quadra;;;0;0;2;0;0;0;0;0;0;0;0;0;-3,758556000000000;-38,602452000000000
267496;24;9;2015;08:45;0;RUA BERNARDO MANUEL;;;0;;Colis?úo;Luz do Dia;;;Meio de Quadra;;;0;1;0;1;0;0;0;0;0;1;0;0;-3,786260000000000;-38,547578000000000
267539;24;9;2015;21:58;0;RUA ZACARIAS GONDIM;;;659;;Colis?úo;;;;Meio de Quadra;;;0;1;0;1;0;0;0;0;0;1;0;0;;
267535;24;9;2015;20:53;0;RUA PAULINO ROCHA D32;;;0;;Colis?úo;;;;Meio de Quadra;;;0;1;0;1;0;0;0;0;0;1;0;0;;
267533;24;9;2015;19:01;0;RUA PDE PEDRO DE ALENCAR;;;805;;Colis?úo;;;;Meio de Quadra;;;0;1;0;0;0;0;0;0;0;0;0;0;-3,836214000000000;-38,494156000000000
267530;24;9;2015;18:17;0;AV DIOGUINHO;;;6439;FINAL DA LINHA CA?çA E PESCA;Atropelamento;Anoitecer;;;Meio de Quadra;;;0;1;0;0;0;0;0;0;0;1;0;0;-3,770052000000000;-38,439066000000000
267528;24;9;2015;18:11;0;RUA OSCAR ARARIPE;;;2242;;Queda;Anoitecer;;;Meio de Quadra;;;0;1;0;0;0;0;0;0;0;1;0;0;-3,787296000000000;-38,611433000000000
267524;24;9;2015;16:36;0;AV PRS CASTELO BRANCO;;;2028;;Colis?úo;Luz do Dia;;;Meio de Quadra;;;0;1;0;1;0;0;0;0;0;1;0;0;-3,714657000000000;-38,546256000000000
267503;24;9;2015;10:47;8934;AV DOMINGOS OLIMPIO;RUA PDE MORORO;;0;;Atropelamento;Luz do Dia;;;Cruz;Pare;Residencial;0;1;0;0;0;0;0;0;0;1;0;0;-3,733752000000000;-38,539949000000000
267522;24;9;2015;16:20;0;AV PERIMETRAL;;;1900;;Atropelamento;Luz do Dia;;;Meio de Quadra;;;0;1;0;0;0;0;0;0;0;1;0;0;-3,828754000000000;-38,512641000000000
267518;24;9;2015;16:18;0;RUA AMADEU FURTADO;;;515;;Colis?úo;Luz do Dia;;;Meio de Quadra;;;0;1;0;1;0;0;0;0;0;1;0;0;-3,739962000000000;-38,563164000000000
267499;24;9;2015;09:18;3820;AV 13 DE MAIO;AV CARAPINIMA;;0;;Colis?úo;Luz do Dia;;;Cruz;Sem?íforo;Comercial;0;1;0;1;0;0;0;0;0;1;0;0;-3,740001000000000;-38,540239000000000
267514;24;9;2015;11:46;0;RUA BOM JESUS (BARRA DO CEARA);;;1727;;Colis?úo;Luz do Dia;;;Meio de Quadra;;;0;1;0;1;0;0;0;0;0;1;0;0;;
257235;24;9;2015;09:50;0;AV ALBERTO NEPOMUCENO;;;0;;Colis?úo Transversal;Luz do Dia;Bom;Seca;Meio de Quadra;Pare;Comercial;0;2;1;0;0;0;0;0;0;1;0;0;-3,721788000000000;-38,523501000000000
257225;24;9;2015;14:00;0;RUA PAULA NEI;;;773;;Outros;Luz do Dia;Bom;Seca;Meio de Quadra;Outros;Escola;0;0;1;1;0;0;0;0;0;0;0;0;;
257249;24;9;2015;14:40;0;RUA PRIMEIRO DE JANEIRO;;;150;;Colis?úo Lateral;Luz do Dia;Bom;Seca;Meio de Quadra;Outros;Residencial;0;0;2;1;0;0;0;0;0;1;0;0;-3,785269000000000;-38,564630000000000
257257;24;9;2015;09:20;26223;RUA ALBERTO FEITOSA LIMA;AV CHANC EDSON QUEIROZ;;0;;Colis?úo Transversal;Luz do Dia;Bom;Seca;Cruz;Pare;Misto;0;1;1;1;0;0;0;0;0;1;0;0;;
257262;24;9;2015;18:45;5439;RUA GAL CLARINDO DE QUEIROZ;RUA COS TRISTAO;;0;;Colis?úo Lateral;Via Iluminada;Bom;Seca;Com Via F?®rrea;Gesto;Escola;0;0;2;1;1;0;0;0;0;0;0;0;-3,734367000000000;-38,525038000000000
257290;24;9;2015;15:45;0;AV HERACLITO GRACA;;;100;;Colis?úo Lateral;Luz do Dia;Bom;Seca;Meio de Quadra;N?úo H?í Controle;Comercial;0;1;1;1;0;0;0;0;0;1;0;0;-3,733731000000000;-38,523826000000000
257296;24;9;2015;18:30;0;RUA DEP MOREIRA DA ROCHA;;;1221;;Colis?úo Traseira;Anoitecer;Bom;Seca;Meio de Quadra;N?úo H?í Controle;Residencial;0;1;1;1;0;0;0;0;0;1;0;0;-3,727815000000000;-38,502193000000000
257283;24;9;2015;17:00;13591;AV PONTES VIEIRA;AV RUI BARBOSA;;0;;Colis?úo Transversal;Anoitecer;Bom;Seca;Cruz;Sem?íforo;Comercial;0;1;1;0;0;0;0;0;0;1;0;0;-3,752762000000000;-38,513797000000000
257275;24;9;2015;10:00;0;AV PRO JOSE ARTHUR CARVALHO;;;1971;;Colis?úo Traseira;Luz do Dia;Bom;Seca;Meio de Quadra;N?úo H?í Controle;Residencial;0;0;2;1;0;0;0;0;1;0;0;0;-3,825340000000000;-38,462348000000000
257266;24;9;2015;23:30;3819;AV CARAPINIMA;RUA JUVENAL GALENO;;0;;Colis?úo Transversal;;Bom;Seca;Cruz;Sem?íforo;Comercial;0;0;2;1;1;0;0;0;0;0;0;0;-3,738998000000000;-38,539176000000000
257267;24;9;2015;16:30;0;AV PRS COSTA E SILVA;;;1801;;Atropelamento;Luz do Dia;Bom;Seca;Meio de Quadra;N?úo H?í Controle;Misto;0;1;1;0;0;0;0;0;0;1;0;0;-3,817568000000000;-38,565441000000000
257269;24;9;2015;20:45;0;AV ALBERTO CRAVEIRO;;;2770;CASTELAO;Engavetamento;Via Iluminada;Bom;Seca;Meio de Quadra;N?úo H?í Controle;Misto;0;0;4;1;0;0;0;0;0;0;0;0;-3,805335000000000;-38,523255000000000
257212;24;9;2015;12:45;0;AV RAD JOSE LIMA VERDE;;;150;;Colis?úo Transversal;Luz do Dia;Bom;Seca;Meio de Quadra;Pare;Lazer;0;0;2;1;1;0;0;0;0;0;0;0;;
257221;24;9;2015;04:00;0;RUA DR BERNARDO DE CASTRO FEITOSA;;;0;;Capotamento;;Bom;Seca;Meio de Quadra;Outros;Rural;0;1;0;1;0;0;0;0;0;0;0;0;;
257181;24;9;2015;16:10;0;AV AGUANAMBI;;;0;;Colis?úo Lateral;Luz do Dia;Bom;Seca;Meio de Quadra;N?úo H?í Controle;Comercial;0;0;2;1;0;0;0;0;0;0;0;0;;
257200;24;9;2015;09:30;0;RUA SABIA;;;479;;Colis?úo Lateral;Luz do Dia;Bom;Seca;Meio de Quadra;N?úo H?í Controle;Residencial;0;0;2;0;0;0;1;0;0;0;0;0;-3,777780000000000;-38,579241000000000
257138;24;9;2015;08:25;1525;AV PDE ANTONIO TOMAS;RUA BARBOSA DE FREITAS;;0;;Colis?úo Lateral;Luz do Dia;Bom;Seca;Cruz;Sem?íforo;Misto;0;0;2;1;0;0;0;0;0;0;0;0;-3,740495000000000;-38,498619000000000
257168;24;9;2015;11:16;0;AV AUGUSTO DOS ANJOS;;;755;;Colis?úo Transversal;Luz do Dia;Bom;Seca;Meio de Quadra;Pare;Residencial;0;1;1;1;0;0;0;0;0;1;0;0;;
257126;24;9;2015;08:25;0;RUA EUSEBIO DE SOUZA;;;45;;Colis?úo Lateral;Luz do Dia;Bom;Seca;Meio de Quadra;N?úo H?í Controle;Comercial;0;0;2;1;0;0;0;0;0;0;0;0;-3,738479000000000;-38,525391000000000
257118;24;9;2015;14:50;0;RUA SENA MADUREIRA;;;1020;;Outros;Luz do Dia;Bom;Seca;Meio de Quadra;N?úo H?í Controle;Comercial;0;0;2;1;0;0;0;0;0;1;0;0;-3,730041000000000;-38,525618000000000
257120;24;9;2015;11:50;12833;AV EDUARDO GIRAO;RUA DAMASCENO GIRAO;;0;;Colis?úo Traseira;Luz do Dia;Bom;Seca;Cruz;Sem?íforo;Comercial;0;0;2;1;0;0;1;0;0;0;0;0;-3,749257000000000;-38,539292000000000
257121;24;9;2015;08:30;1538;AV PDE ANTONIO TOMAS;RUA LEONARDO MOTA;;0;;Colis?úo Lateral;Luz do Dia;Bom;Seca;Cruz;Sem?íforo;Misto;0;0;2;1;0;0;0;0;0;0;0;0;-3,740811000000000;-38,497662000000000
266724;24;9;2015;18:23;4370;AV JOSE SABOIA;RUA PRO HENRIQUE FIRMEZA;;0;;Colis?úo;Anoitecer;;;Cruz;Pare;Comercial;0;0;1;0;0;0;1;0;0;0;0;0;-3,718659000000000;-38,465564000000000
266725;24;9;2015;23:00;12533;RUA MARIA CLARA;AV CEL CARVALHO;;0;;Colis?úo;;;;Cruz;Pare;Comercial;0;1;0;0;0;0;0;0;0;1;0;0;-3,725382000000000;-38,585818000000000
266728;24;9;2015;23:30;13208;AV L CJ JOSE WALTER;AV E CJ JOSE WALTER;;0;;Colis?úo;;;;Cruz;Pare;Residencial;0;1;0;1;0;0;0;0;0;1;0;0;-3,833997000000000;-38,558385000000000
266734;25;9;2015;20:03;0;AV BEZERRA DE MENEZES;;;1630;;Colis?úo;;;;Meio de Quadra;;;0;1;0;0;1;0;0;0;1;0;0;0;-3,734558000000000;-38,559177000000000
266732;25;9;2015;17:30;0;AV JOR THOMAZ COELHO;;;0;;Atropelamento;Anoitecer;;;Meio de Quadra;;;0;1;0;0;1;0;0;0;0;0;0;0;;
257270;25;9;2015;15:30;15804;RUA PERGENTINO MAIA;RUA ANTONINO BARROS;;0;;Colis?úo Transversal;Luz do Dia;Bom;Seca;Cruz;Pare;Comercial;0;0;2;1;1;0;0;0;0;0;0;0;-3,831390000000000;-38,488977000000000
257271;25;9;2015;00:45;1338;AV BAR STUDART;RUA TORRES CAMARA;;0;;Colis?úo Lateral;Via Iluminada;Bom;Seca;Cruz;Sem?íforo;Comercial;0;1;1;0;0;0;0;0;0;1;0;0;-3,735624000000000;-38,506944000000000
257272;25;9;2015;19:40;15298;RUA BARBOSA DE FREITAS;RUA ANA BILHAR;;0;;Colis?úo Transversal;Via Iluminada;Bom;Seca;Cruz;Pare;Residencial;0;0;2;1;0;0;0;0;0;0;0;0;-3,729646000000000;-38,495143000000000
257277;25;9;2015;20:10;1580;RUA NUNES VALENTE;RUA PDE VALDEVINO;;0;;Colis?úo Transversal;Via Iluminada;Bom;Seca;Cruz;Pare;Comercial;0;0;2;1;0;0;0;0;0;0;0;0;-3,742608000000000;-38,505782000000000
257280;25;9;2015;18:00;0;AV ABOLICAO;;;1898;;Colis?úo Lateral;Via Iluminada;Bom;Seca;Meio de Quadra;N?úo H?í Controle;Comercial;0;0;2;1;0;0;0;1;0;0;0;0;-3,725221000000000;-38,502057000000000
257287;25;9;2015;17:00;0;AV DOS EXPEDICIONARIOS;;;5717;;Colis?úo Traseira;Luz do Dia;Bom;Seca;Meio de Quadra;N?úo H?í Controle;Misto;0;0;2;1;1;0;0;0;0;0;0;0;-3,770618000000000;-38,542906000000000
257285;25;9;2015;12:50;8953;AV BEZERRA DE MENEZES;RUA TEOFILO GURGEL;;0;;Colis?úo Traseira;Luz do Dia;Bom;Seca;Cruz;N?úo H?í Controle;Comercial;0;1;1;1;0;0;0;0;0;1;0;0;-3,731856000000000;-38,546109000000000
257299;25;9;2015;22:15;0;RUA JULIO LIMA;;;485;;Colis?úo Lateral;Via Iluminada;Bom;Seca;Meio de Quadra;Pare;Comercial;0;1;2;1;0;0;0;0;0;1;0;0;-3,796292000000000;-38,500727000000000
257307;25;9;2015;13:40;0;RUA GONTRAN GIFFONI;;;384;;Colis?úo Frontal;Luz do Dia;Bom;Seca;Meio de Quadra;Pare;Residencial;0;0;2;1;0;0;0;0;0;1;0;0;-3,767007000000000;-38,493980000000000
257291;25;9;2015;06:30;0;AV GAL OSORIO DE PAIVA;;;56;;Colis?úo Lateral;Luz do Dia;Bom;Seca;Meio de Quadra;N?úo H?í Controle;Lazer;0;0;2;1;1;0;0;0;0;0;0;0;-3,772500000000000;-38,562704000000000
257289;25;9;2015;21:40;10943;RUA ZACARIAS GONDIM;RUA DOM CARLOTO TAVORA;;0;;Colis?úo Transversal;Via Iluminada;Bom;Seca;Cruz;Pare;Misto;0;1;1;1;0;0;0;0;0;1;0;0;-3,768945000000000;-38,558785000000000
257295;25;9;2015;09:24;0;AV JOAO PESSOA;;;4960;;Colis?úo Transversal;Luz do Dia;Bom;Seca;Meio de Quadra;Pare;Comercial;0;1;1;0;1;0;0;1;0;0;0;0;-3,755106000000000;-38,551854000000000
257263;25;9;2015;07:30;0;RUA TIRADENTES;;;503;;Colis?úo Traseira;Luz do Dia;Bom;Seca;Meio de Quadra;N?úo H?í Controle;Residencial;0;0;2;1;0;0;0;1;0;0;0;0;-3,742127000000000;-38,549054000000000
257265;25;9;2015;14:00;0;AV DOS EXPEDICIONARIOS;;;9968;;Colis?úo Lateral;Luz do Dia;Bom;Seca;Meio de Quadra;N?úo H?í Controle;Comercial;0;0;2;1;0;0;0;0;0;0;0;0;-3,804517000000000;-38,553153000000000
257261;25;9;2015;06:50;19173;RUA LAURO NOGUEIRA;RUA ALMEIDA PRADO;;0;;Colis?úo Transversal;Luz do Dia;Bom;Seca;Cruz;Sem?íforo;Misto;0;1;1;0;0;0;1;0;0;1;0;0;-3,741333000000000;-38,474392000000000
257256;25;9;2015;07:40;5450;RUA MAJ FACUNDO;RUA ANTONIO POMPEU;;0;;Colis?úo Transversal;Luz do Dia;Bom;Seca;Cruz;Pare;Comercial;0;2;1;1;0;0;0;0;0;1;0;0;-3,734923000000000;-38,530216000000000
257254;25;9;2015;09:00;0;AV ENG HUMBERTO MONTE;;;2677;;Colis?úo Traseira;Luz do Dia;Bom;Seca;Meio de Quadra;;Misto;0;0;2;1;0;0;0;0;0;0;0;0;-3,739038000000000;-38,568860000000000
257252;25;9;2015;10:00;0;AV JOVITA FEITOSA;;;2680;;Colis?úo Traseira;Luz do Dia;Bom;Seca;Meio de Quadra;;Misto;0;0;2;1;0;0;0;0;0;0;0;0;-3,740797000000000;-38,561140000000000
257250;25;9;2015;01:30;15225;RUA ILDEFONSO ALBANO;RUA TEN BENEVOLO;;0;;Colis?úo Transversal;Via Iluminada;Bom;Seca;Cruz;Sem?íforo Intermitente;Comercial;0;1;2;1;0;0;1;0;0;0;0;0;-3,727294000000000;-38,511332000000000
257247;25;9;2015;19:00;18442;RUA HAROLDO TORRES;AV GOV PARSIFAL BARROSO;;0;;Colis?úo Lateral;Via Iluminada;Bom;Seca;Cruz;Pare;;0;0;2;1;0;0;0;0;0;0;0;0;-3,729724000000000;-38,569192000000000
257244;25;9;2015;18:20;0;AV PERIMETRAL;;;0;VIADUTO ANTONIO BEZERRA;Colis?úo Traseira;Anoitecer;Bom;Seca;Outros;N?úo H?í Controle;Comercial;0;0;2;0;1;0;1;0;0;0;0;0;;
257245;25;9;2015;09:00;22983;RUA BERNARDO MANUEL;RUA MONTEVIDEU;;0;;Colis?úo Traseira;Luz do Dia;Bom;Seca;T;N?úo H?í Controle;Residencial;0;1;1;1;0;0;0;0;0;1;0;0;-3,786181000000000;-38,547555000000000
257328;25;9;2015;09:00;0;RUA BAR RIO BRANCO;;;1404;;Outros;Luz do Dia;Bom;Seca;Meio de Quadra;Sem?íforo;Comercial;0;0;2;1;0;0;0;0;0;0;0;0;-3,730574000000000;-38,529576000000000
257334;25;9;2015;09:45;13107;AV C CJ JOSE WALTER;AV J CJ JOSE WALTER;;0;;Colis?úo Lateral;Luz do Dia;Bom;Seca;Rotat??ria;Pare;Misto;0;1;1;1;0;0;0;0;0;1;0;0;-3,828939000000000;-38,555025000000000
257341;25;9;2015;15:00;7714;AV CARNEIRO DE MENDONCA;RUA CORREIA LIMA D39;;0;;Engavetamento;Luz do Dia;Bom;Seca;T;Pare;Comercial;0;0;3;1;0;0;0;0;0;0;0;0;-3,765889000000000;-38,563013000000000
257325;25;9;2015;07:20;13436;AV ANTONIO SALES;RUA DR JOSE LOURENCO;;0;;Colis?úo Lateral;Luz do Dia;Bom;Seca;Cruz;Sem?íforo;Comercial;0;0;2;1;0;0;0;0;0;0;0;0;-3,742954000000000;-38,510450000000000
257313;25;9;2015;09:15;5302;AV TRISTAO GONCALVES;RUA PEDRO I;;0;;Colis?úo Lateral;Luz do Dia;Bom;Seca;Cruz;Sem?íforo;Comercial;0;1;1;0;0;0;0;0;0;1;0;0;-3,729523000000000;-38,533927000000000
257322;25;9;2015;13:30;0;RUA ANTONIO FIUZA;;;181;;Colis?úo Traseira;Luz do Dia;Bom;Seca;Meio de Quadra;Sem?íforo;Comercial;0;0;2;1;0;0;0;0;0;0;0;0;-3,768529000000000;-38,551606000000000
257315;25;9;2015;08:30;13381;RUA JOAO BRIGIDO;RUA JOAO CORDEIRO;;0;;Colis?úo Traseira;Luz do Dia;Bom;Seca;Cruz;Sem?íforo;Comercial;0;0;2;1;0;0;0;0;0;0;0;0;-3,739927000000000;-38,517870000000000
257316;25;9;2015;07:50;0;AV GAL OSORIO DE PAIVA;;;1781;;Atropelamento;Luz do Dia;Bom;Seca;Meio de Quadra;N?úo H?í Controle;Comercial;1;0;1;0;0;0;0;0;0;1;0;0;-3,782998000000000;-38,578119000000000
257352;25;9;2015;12:30;15423;AV FRE CIRILO;RUA SILVEIRA DA MOTA;;0;;Colis?úo Lateral;Luz do Dia;Bom;Seca;Cruz;Pare;Comercial;0;1;1;0;0;0;1;0;0;1;0;0;-3,815944000000000;-38,498012000000000
267558;25;9;2015;05:53;0;AV GAL OSORIO DE PAIVA;;;848;;Queda;Amanhecer;;;Meio de Quadra;;;0;1;0;0;0;0;0;0;0;1;0;0;-3,777663000000000;-38,569730000000000
267577;25;9;2015;06:58;7645;RUA ESTADO DO RIO;RUA PERNAMBUCO;;0;;Colis?úo;Luz do Dia;;;Cruz;Pare;Misto;0;1;0;1;0;0;0;0;0;1;0;0;-3,758439000000000;-38,570848000000000
267579;25;9;2015;07:35;0;AV SEN VIRGILIO TAVORA;;;1701;;Atropelamento;Luz do Dia;;;Meio de Quadra;;;0;1;0;0;0;1;0;0;0;0;0;0;-3,739875000000000;-38,494129000000000
267606;25;9;2015;13:08;0;RUA 860 CJ CEARA;;;0;;Colis?úo;Luz do Dia;;;Meio de Quadra;;;0;1;0;1;0;0;0;0;0;1;0;0;;
267597;25;9;2015;12:09;17311;RUA ROMEU MARTINS;RUA JOAO FIRMINO;;0;;Colis?úo;Luz do Dia;;;Cruz;Pare;Residencial;0;1;0;0;0;0;0;0;0;0;0;0;-3,764274000000000;-38,555582000000000
267600;25;9;2015;12:14;0;AV MR HULL;;;0;;Colis?úo;Luz do Dia;;;Meio de Quadra;;;0;1;0;0;0;0;1;0;0;1;0;0;;
267594;25;9;2015;09:55;0;AV GAL OSORIO DE PAIVA;;;0;;Atropelamento;Luz do Dia;;;Meio de Quadra;;;0;1;0;0;0;0;0;0;0;1;0;0;-3,777663000000000;-38,569730000000000
267592;25;9;2015;09:36;5272;RUA PEDRO I;RUA TEREZA CRISTINA;;0;;Colis?úo;Luz do Dia;;;Cruz;Pare;Residencial;0;1;0;0;0;0;0;0;0;0;0;0;-3,728475000000000;-38,537196000000000