COD_ACIDENTE;DIA;MES;ANO;HORA;INTERSECAO;LOG1;LOG2;LOG3;NUMERO;REFERENCIA;NATUREZA;ILUMINACAO;TEMPO;SUPERFICIEPISTA;TIPOCRUZAMENTO;CONTROLETRAFEGO;USOSOLO;MORTOS;FERIDOS;ILESOS;AUTOMOVEL;ONIBUS;BICICLETA;CAMINHAO;MICROONIBUS;CICLOMOTOR;MOTOCICLETA;TRACAOANIMAL;TREM;LATITUDE;LONGITUDE
267582;25;9;2015;07:56;0;AV CARNEIRO DE MENDONCA;;;229;;Queda;Luz do Dia;;;Meio de Quadra;;;0;1;0;0;0;0;0;0;0;1;0;0;-3,766390000000000;-38,561819000000000
267583;25;9;2015;08:22;25780;AV GAL OSORIO DE PAIVA;RUA ENG LUIS MONTENEGRO;;0;;Colis?úo;Luz do Dia;;;;;;0;1;0;0;0;0;0;0;0;0;0;0;;
267588;25;9;2015;09:00;8953;AV BEZERRA DE MENEZES;RUA TEOFILO GURGEL;;0;;Colis?úo;Luz do Dia;;;Cruz;N?úo H?í Controle;Comercial;0;1;0;1;0;0;0;0;0;1;0;0;-3,731856000000000;-38,546109000000000
267585;25;9;2015;08:33;0;AV 13 DE MAIO;;;0;;Queda;Luz do Dia;;;Meio de Quadra;;;0;1;0;0;0;0;0;0;0;1;0;0;;
267630;25;9;2015;15:36;1360;RUA JOAQUIM NABUCO;RUA DES LEITE ALBUQUERQUE;;0;;Colis?úo;Luz do Dia;;;Cruz;Pare;Comercial;0;1;0;1;0;0;0;0;0;1;0;0;-3,736273000000000;-38,501621000000000
267635;25;9;2015;15:41;0;RUA BERNARDO MANUEL;;;7142;;Queda;Luz do Dia;;;Meio de Quadra;;;0;1;0;0;0;0;0;0;0;1;0;0;-3,780200000000000;-38,545751000000000
267614;25;9;2015;13:27;7403;AV SEN FERNANDES TAVORA;RUA ARACAJU;;0;;Colis?úo;Luz do Dia;;;Cruz;Outros;Comercial;0;1;0;0;0;0;0;0;0;0;0;0;-3,759398000000000;-38,587377000000000
267615;25;9;2015;14:54;0;AV JOR THOMAZ COELHO;;;0;;Atropelamento;Luz do Dia;;;Meio de Quadra;;;0;1;0;0;1;0;0;0;0;0;0;0;;
267639;25;9;2015;16:08;0;AV BEZERRA DE MENEZES;;;1582;;Colis?úo;Luz do Dia;;;Meio de Quadra;;;0;1;0;0;0;0;0;0;0;0;0;0;-3,734465000000000;-38,558731000000000
267643;25;9;2015;17:39;0;AV SEN FERNANDES TAVORA;;;3250;;Colis?úo;Anoitecer;;;Meio de Quadra;;;0;1;0;0;0;0;0;0;0;0;0;0;-3,754643000000000;-38,600903000000000
267646;25;9;2015;19:12;0;RUA CEL VIRGILIO NOGUEIRA (BOM JARDIM);;;654;;Colis?úo;;;;Meio de Quadra;;;0;1;1;0;1;0;0;0;0;0;0;0;;
267653;25;9;2015;22:42;0;AV MR HULL;;;0;;Colis?úo;;;;Meio de Quadra;;;0;1;0;0;0;0;0;0;0;0;0;0;;
267651;25;9;2015;20:02;0;RUA CEL VIRGILIO NOGUEIRA (BOM JARDIM);;;654;;Atropelamento;;;;Meio de Quadra;;;0;1;0;0;0;0;0;0;0;0;0;0;;
257356;25;9;2015;09:30;0;AV BORGES DE MELO;;;1881;GRESSE;Colis?úo Lateral;Luz do Dia;Bom;Seca;Meio de Quadra;N?úo H?í Controle;Outros;0;1;1;1;0;0;0;0;0;1;0;0;-3,755342000000000;-38,535401000000000
257357;25;9;2015;07:15;23510;RUA ANA GONCALVES;RUA ALVARO BOMILCAR;;0;;Colis?úo Lateral;Luz do Dia;Bom;Molhada;Cruz;Pare;Residencial;0;1;1;1;0;0;0;0;0;1;0;0;-3,759283000000000;-38,509612000000000
257358;25;9;2015;12:00;26225;RUA FRE ODILON;RUA LICURGO MONTENEGRO;;0;;Colis?úo Lateral;Luz do Dia;Bom;Seca;Cruz;N?úo H?í Controle;Residencial;0;1;1;1;0;0;0;0;0;1;0;0;-3,735009000000000;-38,572366000000000
257359;25;9;2015;18:30;0;AV CARAPINIMA;;;1744;;Colis?úo Transversal;Via Iluminada;Bom;Seca;Meio de Quadra;N?úo H?í Controle;Comercial;0;0;2;1;0;0;0;0;0;0;0;0;-3,737077000000000;-38,537225000000000
257385;25;9;2015;09:00;0;AV PERIMETRAL;;;0;VIADUTO ANTONIO BEZERRA;Colis?úo Lateral;Luz do Dia;Bom;Molhada;Outros;N?úo H?í Controle;Comercial;0;1;1;0;1;0;0;0;0;1;0;0;;
257363;25;9;2015;21:00;9131;AV 13 DE MAIO;RUA BAR ARATANHA;;0;;Colis?úo Lateral;Via Iluminada;Bom;Seca;Cruz;Sem?íforo;Comercial;0;0;2;1;0;0;0;0;0;0;0;0;-3,747615000000000;-38,531331000000000
257379;25;9;2015;18:45;0;AV PDE ANTONIO TOMAS;;;2426;;Colis?úo Lateral;Mal Iluminada;Bom;Seca;Meio de Quadra;Outros;Residencial;0;0;2;1;0;0;0;0;0;0;0;0;-3,743220000000000;-38,490272000000000
257371;25;9;2015;17:10;15280;RUA TEN BENEVOLO;RUA DR JOSE LOURENCO;;0;;Colis?úo Transversal;Luz do Dia;Bom;Seca;Cruz;Pare;Comercial;0;0;2;1;0;0;0;0;0;0;0;0;-3,729029000000000;-38,506010000000000
269752;25;9;2015;18:44;6564;AV G CJ CEARA;AV H CJ CEARA;;0;;Colis?úo;;;;T;Pare;Misto;1;0;1;1;0;0;0;0;0;1;0;0;-3,775702000000000;-38,609372000000000
265051;25;9;2015;12:34;0;AV DR SILAS MUNGUBA;;;0;;Colis?úo;Luz do Dia;;;Meio de Quadra;;;0;0;2;1;0;0;0;0;0;0;0;0;;
271537;25;9;2015;09:06;0;AV ENG HUMBERTO MONTE;;;224;;Colis?úo;Luz do Dia;;;Meio de Quadra;;;0;0;2;0;0;0;0;0;0;0;0;0;;
271540;25;9;2015;09:21;0;AV DR SILAS MUNGUBA;;;3850;;Colis?úo;Luz do Dia;;;Meio de Quadra;;;0;0;2;0;0;0;0;0;0;0;0;0;-3,790708000000000;-38,539368000000000
271541;25;9;2015;10:37;0;RUA ALVORADA;;;175;;Colis?úo;Luz do Dia;;;Meio de Quadra;;;0;0;2;0;0;0;0;0;0;0;0;0;;
271543;25;9;2015;10:38;12837;RUA JAIME BENEVOLO;AV DOMINGOS OLIMPIO;;0;;Colis?úo;Luz do Dia;;;Cruz;Sem?íforo;Comercial;0;0;2;0;0;0;0;0;0;0;0;0;-3,737780000000000;-38,527245000000000
271548;25;9;2015;13:55;0;RUA PAULA RODRIGUES;;;15;;Colis?úo;Luz do Dia;;;Meio de Quadra;;;0;0;2;0;0;0;0;0;0;0;0;0;;
271549;25;9;2015;14:57;2464;RUA GRACA ARANHA;RUA 14 DE MAIO;;0;;Choque c/ Obst?ículo Fixo;Luz do Dia;;;;;;0;0;1;0;0;0;0;0;0;0;0;0;-3,707896000000000;-38,573028000000000
271550;25;9;2015;15:02;0;RUA 7 DE ABRIL;;;0;;Colis?úo;Luz do Dia;;;Meio de Quadra;;;0;0;2;0;0;0;0;0;0;0;0;0;;
271552;25;9;2015;20:16;0;RUA MARTINS CARVALHO;;;0;;Atropelamento;;;;Meio de Quadra;;;0;0;2;0;0;0;0;0;0;0;0;0;;
271545;25;9;2015;11:17;0;RUA FRANCISCO LEANDRO;;;0;;Colis?úo;Luz do Dia;;;Meio de Quadra;;;0;0;2;0;0;0;0;0;0;0;0;0;;
259253;25;9;2015;09:30;0;RD BR 116;;;4000;KM-04;Colis?úo Traseira;Luz do Dia;Bom;Seca;Meio de Quadra;N?úo H?í Controle;Comercial;0;1;1;0;0;0;1;0;0;1;0;0;-3,788331000000000;-38,510646000000000
259254;25;9;2015;12:32;0;RD BR 116;;;7000;KM-07;Atropelamento;Luz do Dia;Bom;Seca;Meio de Quadra;N?úo H?í Controle;Comercial;0;2;0;0;0;0;0;0;0;1;0;0;-3,813246000000000;-38,501101000000000
259285;25;9;2015;10:45;0;RD BR 222;;;0;;Colis?úo Lateral;Luz do Dia;Bom;Seca;Meio de Quadra;N?úo H?í Controle;Comercial;0;2;1;0;0;0;1;0;0;1;0;0;;
259640;25;9;2015;08:00;0;RD CE-040;;;0;KM-10;Colis?úo;Luz do Dia;Bom;Seca;Meio de Quadra;N?úo H?í Controle;Comercial;0;1;1;1;0;0;0;0;0;1;0;0;-3,838671000000000;-38,480068000000000
259641;26;9;2015;14:50;0;AV SEN CARLOS JEREISSATI (AEROPORTO);;;0;KM 03;Colis?úo;Luz do Dia;Bom;Seca;Meio de Quadra;;Comercial;0;0;2;1;0;0;0;0;0;0;0;0;-3,780382000000000;-38,541414000000000
259645;26;9;2015;17:00;0;RD CE-040;;;0;KM-11;Colis?úo;Anoitecer;Bom;Seca;Meio de Quadra;;Comercial;0;2;0;1;0;0;0;0;0;1;0;0;-3,844873000000000;-38,480252000000000
259256;26;9;2015;06:00;0;RD BR 116;;;14000;KM-14;Choque c/ Obst?ículo Fixo;Luz do Dia;Bom;Seca;Meio de Quadra;N?úo H?í Controle;Comercial;0;0;1;1;0;0;0;0;0;0;0;0;-3,873523000000000;-38,499242000000000
259257;26;9;2015;11:25;0;RD BR 116;;;8000;KM-08;Colis?úo Lateral;Luz do Dia;Bom;Seca;Meio de Quadra;N?úo H?í Controle;Comercial;0;2;2;1;0;0;0;0;0;1;0;0;-3,822018000000000;-38,503269000000000
271559;26;9;2015;10:17;0;RUA OSCAR BEZERRA ARAUJO;;;44;;Colis?úo;Luz do Dia;;;Meio de Quadra;;;0;0;2;0;0;0;0;0;0;0;0;0;-3,761446000000000;-38,557849000000000
271563;26;9;2015;11:21;0;RUA EQUADOR;;;1060;;Colis?úo;Luz do Dia;;;Meio de Quadra;;;0;0;2;0;0;0;0;0;0;0;0;0;-3,776948000000000;-38,553372000000000
271565;26;9;2015;12:58;0;AV 20 DE JANEIRO;;;885;;Colis?úo;Luz do Dia;;;Meio de Quadra;;;0;0;2;0;0;0;0;0;0;0;0;0;-3,707173000000000;-38,577834000000000
271567;26;9;2015;13:06;14668;RUA JUNIOR ROCHA;RUA DES AVELAR;;0;;Colis?úo;Luz do Dia;;;Cruz;N?úo H?í Controle;Misto;0;0;2;0;0;0;0;0;0;0;0;0;-3,794660000000000;-38,488059000000000
271570;26;9;2015;13:16;0;RUA FRANCISCA HELENA;;;459;;Colis?úo;Luz do Dia;;;Meio de Quadra;;;0;0;2;0;0;0;0;0;0;0;0;0;-3,806624000000000;-38,462611000000000
271572;26;9;2015;14:41;0;AV CEL CARVALHO;;;163;;Colis?úo;Luz do Dia;;;Meio de Quadra;;;0;0;2;0;0;0;0;0;0;0;0;0;-3,704402000000000;-38,591308000000000
271573;26;9;2015;14:57;0;RUA VITORIA REGIA;;;0;;Colis?úo;Luz do Dia;;;Meio de Quadra;;;0;0;2;0;0;0;0;0;0;0;0;0;;
271574;26;9;2015;15:44;0;AV ROGACIANO LEITE;;;2176;;Colis?úo;Luz do Dia;;;Meio de Quadra;;;0;0;2;0;0;0;0;0;0;0;0;0;-3,774111000000000;-38,499236000000000
271582;26;9;2015;16:37;0;AV CONTORNO NORTE D71;;;1395;;Colis?úo;Luz do Dia;;;Meio de Quadra;;;0;0;2;0;0;0;0;0;0;0;0;0;-3,811850000000000;-38,589431000000000
271576;26;9;2015;16:10;0;AV ENG SANTANA JUNIOR;;;0;;Colis?úo;Luz do Dia;;;Meio de Quadra;;;0;0;2;0;0;0;0;0;0;0;0;0;;
271578;26;9;2015;16:34;25519;AV ALM HENRIQUE SABOIA;AV GOV RAUL BARBOSA;;0;;Colis?úo;Luz do Dia;;;Y;N?úo H?í Controle;Residencial;0;0;2;0;0;0;0;0;0;0;0;0;-3,758466000000000;-38,504580000000000
271585;26;9;2015;18:21;21391;RUA CHICO LEMOS;RUA MAL LOTT;;0;;Colis?úo;Anoitecer;;;Cruz;Pare;Residencial;0;0;2;0;0;0;0;0;0;0;0;0;-3,800779000000000;-38,494904000000000
271587;26;9;2015;18:52;6584;AV J CJ CEARA;AV H CJ CEARA;;0;;Atropelamento;;;;Cruz;Outros;Residencial;0;0;2;0;0;0;0;0;0;0;0;0;-3,777092000000000;-38,621543000000000
271589;26;9;2015;19:35;19331;RUA PRO GOMES BRASIL;AV GAL OSORIO DE PAIVA;;0;;Colis?úo;;;;Cruz;Sem?íforo;Comercial;0;0;2;0;0;0;0;0;0;0;0;0;-3,775618000000000;-38,566451000000000
271591;26;9;2015;22:23;12954;RUA BERNARDO MANUEL;AV PRS COSTA E SILVA;;0;;Colis?úo;;;;;;;0;0;2;0;0;0;0;0;0;0;0;0;-3,821079000000000;-38,558276000000000
271592;26;9;2015;20:45;0;AV H CJ CEARA;;;0;;Colis?úo;;;;Meio de Quadra;;;0;0;2;0;0;0;0;0;0;0;0;0;;
271594;26;9;2015;20:45;0;AV CENTRAL;;;1375;;Colis?úo;;;;Meio de Quadra;;;0;0;2;0;0;0;0;0;0;0;0;0;;
271601;26;9;2015;22:53;4219;RUA BAR CRATO;RUA DR ALMEIDA FILHO;;0;;Colis?úo;;;;Cruz;Pare;Misto;0;0;2;0;0;0;0;0;0;0;0;0;-3,721259000000000;-38,559614000000000
271602;26;9;2015;22:55;0;RUA DES PRAXEDES;;;0;;Colis?úo;;;;Meio de Quadra;;;0;0;2;0;0;0;0;0;0;0;0;0;;
271599;26;9;2015;22:13;0;RUA TEODOMIRO DE CASTRO;;;4190;;Colis?úo;;;;Meio de Quadra;;;0;0;2;0;0;0;0;0;0;0;0;0;-3,719159000000000;-38,571527000000000
265053;26;9;2015;00:03;611;RUA FRANCISCO SALGADO;RUA DOM JOSE TUPINAMBA;;0;;Colis?úo;;;;;;;0;0;2;1;0;0;0;0;0;0;0;0;-3,713591000000000;-38,565180000000000
265054;26;9;2015;23:46;0;AV DR SILAS MUNGUBA;;;0;;Colis?úo;;;;Meio de Quadra;;;0;0;2;1;0;0;0;0;0;0;0;0;;
257381;26;9;2015;05:00;15309;RUA JOSE VILAR;RUA TEN BENEVOLO;;0;;Choque c/ Obst?ículo Fixo;Amanhecer;Bom;Seca;Cruz;Sem?íforo;Residencial;0;1;0;1;0;0;0;0;0;0;0;0;-3,730049000000000;-38,502809000000000
257364;26;9;2015;08:40;1358;AV DES MOREIRA;AV SANTOS DUMONT;;0;;Colis?úo Transversal;Luz do Dia;Bom;Seca;Cruz;Sem?íforo;Comercial;0;0;2;1;1;0;0;0;0;0;0;0;-3,736226000000000;-38,498365000000000
257387;26;9;2015;12:00;23433;RUA PRO CARVALHO;RUA MON SALAZAR;;0;;Colis?úo Transversal;Luz do Dia;Bom;Seca;Cruz;Pare;Residencial;0;1;1;1;0;0;0;0;0;1;0;0;-3,756146000000000;-38,514308000000000
257398;26;9;2015;21:30;0;RUA BOM JESUS (GRANJA LISBOA);;;1834;;Atropelamento;N?úo Iluminada;Bom;Seca;Meio de Quadra;N?úo H?í Controle;Comercial;1;1;0;1;0;0;0;0;0;1;0;0;;
257394;26;9;2015;04:10;0;AV CARNEIRO DE MENDONCA;;;1280;;Colis?úo Transversal;;Bom;Seca;Meio de Quadra;N?úo H?í Controle;Comercial;0;0;2;1;1;0;0;0;0;0;0;0;-3,762158000000000;-38,570401000000000
257432;26;9;2015;09:45;5272;RUA PEDRO I;RUA TEREZA CRISTINA;;0;;Colis?úo Transversal;Luz do Dia;Bom;Seca;Cruz;Pare;Residencial;0;2;0;1;0;0;0;0;0;1;0;0;-3,728475000000000;-38,537196000000000
257426;26;9;2015;10:55;22081;RUA GUSTAVO BRAGA;RUA CAP FRANCISCO PEDRO;;0;;Colis?úo Transversal;Luz do Dia;Bom;Seca;Cruz;Pare;Residencial;0;0;2;0;0;0;0;0;0;1;0;0;-3,751155000000000;-38,552452000000000
257448;26;9;2015;15:50;25521;RUA CON DE CASTRO;RUA WALDIR DIOGO;;0;;Colis?úo Lateral;Luz do Dia;Bom;Molhada;T;Pare;Misto;0;0;2;1;0;0;0;0;0;1;0;0;-3,801878000000000;-38,589176000000000
257452;26;9;2015;12:13;12849;RUA ASSUNCAO;RUA SALDANHA MARINHO;;0;;Colis?úo Transversal;Luz do Dia;Bom;Seca;Cruz;Pare;Residencial;0;0;2;1;0;0;0;0;0;0;0;0;-3,742314000000000;-38,531231000000000
257441;26;9;2015;11:45;0;AV DR SILAS MUNGUBA;;;4361;;Colis?úo Traseira;Luz do Dia;Bom;Seca;Meio de Quadra;N?úo H?í Controle;Residencial;0;0;2;1;0;0;0;0;0;0;0;0;-3,791731000000000;-38,536837000000000
257434;26;9;2015;07:50;12863;AV DOMINGOS OLIMPIO;RUA FLORIANO PEIXOTO;;0;;Colis?úo Transversal;Luz do Dia;Bom;Seca;Cruz;Pare;Comercial;0;0;3;1;0;0;0;0;0;1;0;0;-3,736976000000000;-38,530313000000000
257438;26;9;2015;18:30;9677;RUA GUARAREMA;RUA DR FERNANDO AUGUSTO;;0;;Colis?úo Traseira;Anoitecer;Bom;Seca;;N?úo H?í Controle;Residencial;0;0;2;1;0;0;0;0;0;0;0;0;-3,787820000000000;-38,619448000000000
257439;26;9;2015;06:20;0;RUA DOZE;;;0;;Colis?úo Lateral;Luz do Dia;Bom;Seca;Meio de Quadra;N?úo H?í Controle;Residencial;0;0;2;0;0;0;0;0;0;1;0;0;;
257458;26;9;2015;18:19;2742;RUA OSCAR ARARIPE;RUA MARIA JULIA;;0;;Colis?úo Lateral;Anoitecer;Bom;Seca;Cruz;Sem?íforo;Comercial;0;1;1;1;0;0;0;0;0;1;0;0;-3,791130000000000;-38,599484000000000
257444;26;9;2015;13:30;0;AV GODOFREDO MACIEL;;;2803;;Colis?úo Traseira;Luz do Dia;Bom;Seca;Meio de Quadra;Sem?íforo;Comercial;0;0;4;1;0;0;0;0;0;0;0;0;-3,799953000000000;-38,570998000000000
257454;26;9;2015;08:00;4193;AV FRANCISCO SA;RUA DOM HELIO CAMPOS D21;;0;;Colis?úo Transversal;Luz do Dia;Bom;Seca;T;Pare;Comercial;0;0;2;1;1;0;0;0;0;0;0;0;-3,717711000000000;-38,556428000000000
257455;26;9;2015;09:30;21938;RUA PDE PERDIGAO SAMPAIO;RUA MENDES JUNIOR;;0;;Colis?úo;Luz do Dia;Bom;Seca;Cruz;Cancela;Residencial;0;3;0;0;0;0;0;0;0;1;0;0;-3,736097000000000;-38,595225000000000
267661;26;9;2015;04:49;0;AV PRS CASTELO BRANCO;;;4334;;Atropelamento;;;;Meio de Quadra;;;0;1;1;1;0;0;0;0;0;0;0;0;-3,707434000000000;-38,571060000000000
267664;26;9;2015;08:43;0;AV PERIMETRAL;;;355;;Colis?úo;Luz do Dia;;;Meio de Quadra;;;0;1;1;1;0;0;0;0;0;1;0;0;;
267665;26;9;2015;10:31;21376;AV JOVITA FEITOSA;RUA PRO NOGUEIRA;;0;;Colis?úo;Luz do Dia;;;Cruz;Pare;Comercial;0;1;0;0;0;0;0;0;0;0;0;0;-3,738280000000000;-38,548839000000000
267668;26;9;2015;10:56;0;RUA HONORIO VIEIRA;;;550;;Colis?úo;Luz do Dia;;;Meio de Quadra;;;0;1;1;1;0;0;0;0;0;1;0;0;-3,792126000000000;-38,487089000000000
267670;26;9;2015;11:37;23433;RUA MON SALAZAR;RUA PRO CARVALHO;;0;;Colis?úo;Luz do Dia;;;Cruz;Pare;Residencial;0;1;0;1;0;0;0;0;0;1;0;0;-3,756146000000000;-38,514308000000000
267655;26;9;2015;02:42;0;AV SIQUEIRA CAMPOS;;;9945;;Atropelamento;;;;Meio de Quadra;;;0;1;0;0;0;0;0;0;0;1;0;0;;
267656;26;9;2015;03:45;0;AV ALM BARROSO;;;465;;Colis?úo;;;;Meio de Quadra;;;0;1;0;1;0;0;0;0;0;1;0;0;-3,720692000000000;-38,518998000000000
267694;26;9;2015;18:28;0;RUA MARCELINO LOPES;;;167;;Colis?úo;Anoitecer;;;Meio de Quadra;;;0;1;0;0;0;0;0;0;0;0;0;0;;
267691;26;9;2015;15:59;6128;RUA MIN ALBUQUERQUE LIMA;AV B CJ CEARA;;0;;Queda;Luz do Dia;;;Cruz;Sem?íforo;Residencial;0;1;0;0;0;0;0;0;0;1;0;0;-3,768744000000000;-38,607506000000000
267692;26;9;2015;16:23;0;RUA CRUZ ABREU;;;1195;;Queda;Luz do Dia;;;Meio de Quadra;;;0;1;0;0;0;0;0;0;0;1;0;0;-3,757251000000000;-38,504945000000000
267701;26;9;2015;19:50;2742;RUA OSCAR ARARIPE;RUA MARIA JULIA;;0;;Colis?úo;;;;Cruz;Sem?íforo;Comercial;0;1;0;1;0;0;0;0;0;1;0;0;-3,791130000000000;-38,599484000000000
267698;26;9;2015;18:57;0;AV PERIMETRAL;;;384;;Colis?úo;;;;Meio de Quadra;;;0;1;0;1;0;0;0;0;0;1;0;0;;
267706;26;9;2015;20:31;0;AV CENTRAL CJ CEARA;;;1372;;Queda;;;;Meio de Quadra;;;0;1;0;0;0;0;0;0;0;1;0;0;;
267674;26;9;2015;15:33;0;AV GAL OSORIO DE PAIVA;;;8030;;Atropelamento;Luz do Dia;;;Meio de Quadra;;;0;1;0;1;0;0;0;0;0;0;0;0;-3,821352000000000;-38,618194000000000
267672;26;9;2015;13:06;0;AV WASHINGTON SOARES;;;0;;Colis?úo;Luz do Dia;;;Meio de Quadra;;;0;1;0;1;0;0;0;0;0;1;0;0;;
267680;26;9;2015;15:48;0;RUA TEN BENEVOLO;;;2171;;Atropelamento;Luz do Dia;;;Meio de Quadra;;;0;1;0;0;1;0;0;0;0;0;0;0;-3,730280000000000;-38,502089000000000
267687;26;9;2015;15:56;0;AV CASTANHOLEIRAS;;;415;;Colis?úo;Luz do Dia;;;Meio de Quadra;;;0;1;1;1;0;0;0;0;0;1;0;0;-3,753089000000000;-38,468565000000000
267708;26;9;2015;21:28;0;AV SEN FERNANDES TAVORA;;;1417;;Colis?úo;;;;Meio de Quadra;;;0;1;0;0;0;0;0;0;0;1;0;0;;
267711;26;9;2015;21:38;0;RUA GAL GOIS MONTEIRO;;;506;;Colis?úo;;;;Meio de Quadra;;;0;1;1;1;0;0;0;0;0;0;0;0;;
267712;26;9;2015;22:18;0;RUA CEL MATOS DOURADO;;;745;;Queda;;;;Meio de Quadra;;;0;1;0;0;0;0;0;0;0;1;0;0;-3,745420000000000;-38,584858000000000
267714;26;9;2015;23:45;0;AV PERIMETRAL;;;2067;;Colis?úo;;;;Meio de Quadra;;;0;1;1;0;0;0;0;0;0;0;0;0;-3,818898000000000;-38,562983000000000
267715;26;9;2015;23:59;0;AV PRS CASTELO BRANCO;;;1025;;Atropelamento;;;;Meio de Quadra;;;0;1;0;1;0;0;0;0;0;0;0;0;-3,719021000000000;-38,532818000000000
257317;26;9;2015;09:30;0;RUA RAIMUNDO FROTA;;;200;;Colis?úo Lateral;Luz do Dia;Bom;Seca;Meio de Quadra;N?úo H?í Controle;Residencial;0;0;2;1;0;0;0;0;0;0;0;0;;
257303;26;9;2015;02:30;2769;RUA OSCAR FRANCA;RUA RAIMUNDO PINHEIRO;;0;;Colis?úo Transversal;Via Iluminada;Bom;Seca;Cruz;Pare;Escola;0;0;2;1;0;0;0;0;0;0;0;0;-3,792414000000000;-38,598091000000000
257312;26;9;2015;10:20;0;AV MOZART PINHEIRO DE LUCENA;;;2360;;Colis?úo Traseira;Luz do Dia;Bom;Seca;Meio de Quadra;N?úo H?í Controle;Comercial;0;0;2;1;0;0;0;0;0;1;0;0;-3,724414000000000;-38,597481000000000
266736;26;9;2015;04:30;0;AV CARNEIRO DE MENDONCA;;;1280;;Colis?úo;;;;Meio de Quadra;;;0;2;0;0;0;0;0;0;0;1;0;0;-3,762158000000000;-38,570401000000000
266738;26;9;2015;22:59;0;AV DIOGUINHO;;;934;;Colis?úo;;;;Meio de Quadra;;;1;1;1;0;0;0;0;0;0;1;0;0;;
266745;27;9;2015;23:00;0;RUA CON LIMA SUCUPIRA;;;0;;Colis?úo;;;;Meio de Quadra;;;0;1;0;0;0;0;0;0;0;1;0;0;;
267716;27;9;2015;03:45;0;AV SIQUEIRA CAMPOS;;;967;;Atropelamento;;;;Meio de Quadra;;;0;1;0;1;0;0;0;0;0;0;0;0;-3,816629000000000;-38,624155000000000
267718;27;9;2015;04:09;0;RUA PANTANAL;;;501;;Queda;;;;Meio de Quadra;;;0;1;0;0;0;0;0;0;0;1;0;0;;
267721;27;9;2015;06:00;0;RUA BOA VISTA;;;674;;Colis?úo;Luz do Dia;;;Meio de Quadra;;;0;1;0;0;0;0;0;0;0;0;0;0;-3,768848000000000;-38,586394000000000
267722;27;9;2015;10:19;0;RUA OSCAR ARARIPE;;;1388;;Colis?úo;Luz do Dia;;;Meio de Quadra;;;0;1;0;0;0;0;0;0;0;0;0;0;-3,789800000000000;-38,603696000000000
267723;27;9;2015;12:09;0;RUA WALDIR DIOGO;;;695;;Colis?úo;Luz do Dia;;;Meio de Quadra;;;0;1;0;1;0;0;0;0;0;1;0;0;-3,805105000000000;-38,584211000000000
267724;27;9;2015;12:10;0;RUA PDE PEDRO DE ALENCAR;;;0;;Colis?úo;Luz do Dia;;;Meio de Quadra;;;0;1;0;1;0;0;0;0;0;1;0;0;;
267725;27;9;2015;12:31;0;RUA SABIAGUABA;;;0;;Colis?úo;Luz do Dia;;;Meio de Quadra;;;0;1;0;0;0;0;0;0;0;0;0;0;;
267726;27;9;2015;12:45;0;RUA NOSSA SRA DAS GRACAS;;;942;;Colis?úo;Luz do Dia;;;Meio de Quadra;;;0;1;0;1;0;1;0;0;0;0;0;0;-3,709387000000000;-38,556371000000000
267727;27;9;2015;13:23;0;RUA CARLOS WALRAVEN;;;662;;Colis?úo;Luz do Dia;;;Meio de Quadra;;;0;1;0;1;0;0;0;0;0;1;0;0;-3,718786000000000;-38,595486000000000
267728;27;9;2015;15:22;0;AV N CJ JOSE WALTER;;;1151;;Colis?úo;Luz do Dia;;;Meio de Quadra;;;0;1;1;1;0;0;0;0;0;1;0;0;-3,831888000000000;-38,560357000000000
267729;27;9;2015;17:33;21580;RUA AGAMENON;RUA DOM XISTO ALBANO;;0;;Queda;Anoitecer;;;;;;0;1;0;0;0;0;0;0;0;1;0;0;-3,794831000000000;-38,583564000000000
267730;27;9;2015;18:48;0;AV HERACLITO GRACA;;;84;;Colis?úo;;;;Meio de Quadra;;;0;1;0;1;0;0;0;0;0;1;0;0;;
267731;27;9;2015;20:34;0;RD DR MENDEL STEINBRUCH;;;4739;;Colis?úo;;;;Meio de Quadra;;;0;1;0;1;0;0;0;0;0;1;0;0;;
267733;27;9;2015;21:23;0;AV A CJ JOSE WALTER;;;0;;Queda;;;;Meio de Quadra;;;0;1;0;0;0;1;0;0;0;0;0;0;;
267734;27;9;2015;21:29;22849;RUA DR JUSTA ARAUJO D45;RUA CON LIMA SUCUPIRA;;0;;Colis?úo;;;;Cruz;Pare;Misto;0;1;0;0;0;0;0;0;0;1;0;0;-3,778167000000000;-38,550832000000000
257457;27;9;2015;14:30;0;AV PRAIA DE SABIAGUABA;;;0;;Colis?úo Frontal;Luz do Dia;Bom;Seca;Meio de Quadra;Outros;Outros;0;2;0;1;0;0;0;0;0;0;0;0;;
257459;27;9;2015;06:00;12762;AV BORGES DE MELO;RUA JORGE DUMAR;;0;;Colis?úo Transversal;;Nublado;Molhada;Cruz;Sem?íforo;Comercial;0;1;1;1;0;0;0;0;0;1;0;0;-3,752695000000000;-38,539369000000000
257466;27;9;2015;20:22;3242;RUA JOSE ARISTOTELES GONDIM;RUA PRIMEIRO DE MAIO D34;;0;;Colis?úo Transversal;Via Iluminada;Bom;Seca;Cruz;Pare;Residencial;0;0;2;1;0;0;0;0;0;0;0;0;-3,783524000000000;-38,586280000000000
257468;27;9;2015;18:30;15145;AV HIS RAIMUNDO GIRAO;AV BAR STUDART;;0;;Colis?úo Lateral;Anoitecer;Bom;Seca;Cruz;Sem?íforo;Residencial;0;0;2;1;0;0;0;0;0;1;0;0;-3,724494000000000;-38,503367000000000