COD_ACIDENTE;DIA;MES;ANO;HORA;INTERSECAO;LOG1;LOG2;LOG3;NUMERO;REFERENCIA;NATUREZA;ILUMINACAO;TEMPO;SUPERFICIEPISTA;TIPOCRUZAMENTO;CONTROLETRAFEGO;USOSOLO;MORTOS;FERIDOS;ILESOS;AUTOMOVEL;ONIBUS;BICICLETA;CAMINHAO;MICROONIBUS;CICLOMOTOR;MOTOCICLETA;TRACAOANIMAL;TREM;LATITUDE;LONGITUDE
257462;27;9;2015;16:30;1480;RUA EDUARDO GARCIA;RUA VICENTE LEITE;;0;;Colis?úo Transversal;Via Iluminada;Bom;Seca;Cruz;Pare;Residencial;0;0;2;1;0;0;0;0;0;0;0;0;-3,739155000000000;-38,496056000000000
257470;27;9;2015;09:00;613;RUA FREDERICO ANDRADE;RUA ANTONIO FONTENELE;;0;;Colis?úo Transversal;Luz do Dia;Bom;Seca;Cruz;Pare;Residencial;0;0;2;1;0;0;0;0;0;0;0;0;-3,715989000000000;-38,565388000000000
257473;27;9;2015;12:00;7694;RUA RIO GRANDE DO SUL;RUA RIO GRANDE DO NORTE;;0;;Choque c/ Obst?ículo Fixo;Luz do Dia;Bom;Seca;Cruz;Pare;Residencial;0;1;1;1;0;0;0;0;0;0;0;0;-3,758617000000000;-38,567559000000000
257477;27;9;2015;10:00;0;AV GOV RAUL BARBOSA;;;0;;Colis?úo Lateral;Luz do Dia;Bom;Seca;Meio de Quadra;Outros;Comercial;0;0;2;1;0;0;1;0;0;0;0;0;;
257480;27;9;2015;19:25;24221;RUA JOSE CARLOS GURGEL NOGUEIRA;RUA PRO HERACLITO;;0;;Colis?úo Lateral;Via Iluminada;Bom;Seca;Cruz;Pare;Residencial;0;1;1;0;0;0;0;0;0;1;0;0;-3,732973000000000;-38,473860000000000
257453;27;9;2015;05:40;19411;AV GAL OSORIO DE PAIVA;RUA JULIO BRAGA;;0;;Choque c/ Obst?ículo Fixo;Luz do Dia;Nublado;Seca;T;Sem?íforo;Comercial;0;1;0;0;0;0;0;0;0;1;0;0;-3,778790000000000;-38,571513000000000
257388;27;9;2015;22:30;0;AV PERIMETRAL;;;760;TERMINAL ANTONIO BEZERRA;Choque c/ Obst?ículo Fixo;Via Iluminada;Bom;Seca;Meio de Quadra;N?úo H?í Controle;Comercial;0;1;0;0;0;0;0;0;0;1;0;0;-3,812465000000000;-38,572776000000000
257389;27;9;2015;09:25;0;AV ABOLICAO;;;3049;;Choque c/ Obst?ículo Fixo;Luz do Dia;Bom;Seca;Meio de Quadra;N?úo H?í Controle;Misto;0;0;1;1;0;0;0;0;0;0;0;0;-3,726788000000000;-38,492015000000000
257390;27;9;2015;10:10;0;AV ABOLICAO;;;0;;Engavetamento;Luz do Dia;Bom;Seca;Meio de Quadra;N?úo H?í Controle;Misto;0;0;2;1;0;0;0;0;0;0;0;0;;
271606;27;9;2015;00:01;15327;RUA ANA BILHAR;AV SEN VIRGILIO TAVORA;;0;;Colis?úo;;;;Cruz;Sem?íforo;Residencial;0;0;2;0;0;0;0;0;0;0;0;0;-3,730893000000000;-38,491262000000000
271609;27;9;2015;00:02;0;RUA BOM JESUS (GRANJA LISBOA);;;0;;Colis?úo;;;;Meio de Quadra;;;0;0;2;0;0;0;0;0;0;0;0;0;;
271610;27;9;2015;00:47;0;AV PDE ANTONIO TOMAS;;;0;;Colis?úo;;;;Meio de Quadra;;;0;0;2;0;0;0;0;0;0;0;0;0;;
271612;27;9;2015;01:05;0;AV ABOLICAO;;;0;;Colis?úo;;;;Meio de Quadra;;;0;0;2;0;0;0;0;0;0;0;0;0;;
271613;27;9;2015;01:19;0;AV GAL OSORIO DE PAIVA;;;3366;;Colis?úo;;;;Meio de Quadra;;;0;0;2;0;0;0;0;0;0;0;0;0;-3,790247000000000;-38,588007000000000
271622;27;9;2015;13:00;0;RUA ANTONIO BARBOSA;;;1531;;Colis?úo;Luz do Dia;;;Meio de Quadra;;;0;0;2;0;0;0;0;0;0;0;0;0;-3,833056000000000;-38,565324000000000
271615;27;9;2015;05:06;4080;AV JOSE BASTOS;RUA CEARA;;0;;Atropelamento;Amanhecer;;;Cruz;Pare;;0;0;2;0;0;0;0;0;0;0;0;0;-3,760008000000000;-38,564112000000000
271624;27;9;2015;13:24;20037;RUA OITICICAS;AV PALESTINA D68;;0;;Colis?úo;Luz do Dia;;;Cruz;Pare;Residencial;0;0;2;0;0;0;0;0;0;0;0;0;-3,806077000000000;-38,536013000000000
271625;27;9;2015;13:45;0;RUA VITAL BRASIL;;;1916;;Colis?úo;Luz do Dia;;;Meio de Quadra;;;0;0;2;0;0;0;0;0;0;0;0;0;-3,778033000000000;-38,597916000000000
271627;27;9;2015;13:54;2962;RUA PEDRO MARTINS;RUA MARIA JULIA;;0;;Colis?úo;Luz do Dia;;;Cruz;Gesto;Comercial;0;0;2;0;0;0;0;0;0;0;0;0;-3,799245000000000;-38,601929000000000
271629;27;9;2015;14:08;0;RUA DR RIBAMAR LOBO;;;408;;Colis?úo;Luz do Dia;;;Meio de Quadra;;;0;0;2;0;0;0;0;0;0;0;0;0;;
271631;27;9;2015;15:13;0;AV GAL OSORIO DE PAIVA;;;0;;Colis?úo;Luz do Dia;;;Meio de Quadra;;;0;0;2;0;0;0;0;0;0;0;0;0;;
271635;27;9;2015;17:27;0;RUA TIBURCIO PEREIRA;;;639;;Atropelamento;Anoitecer;;;Meio de Quadra;;;0;0;2;0;0;0;0;0;0;0;0;0;-3,802643000000000;-38,505804000000000
271633;27;9;2015;16:19;11608;AV JOSE LEON;RD BR 116;;0;;Colis?úo;Luz do Dia;;;T;Pare;Outros;0;0;2;0;0;0;0;0;0;0;0;0;-3,786993000000000;-38,511246000000000
259649;27;9;2015;20:00;0;AV WASHINGTON SOARES;;;85;IGUATEMI;Colis?úo;Via Iluminada;Bom;Seca;Meio de Quadra;;Comercial;0;2;1;1;0;0;0;0;0;1;0;0;-3,757652000000000;-38,488576000000000
259650;27;9;2015;20:30;0;RD CE-060;;;0;KM-01;Choque c/ Obst?ículo Fixo;Via Iluminada;Bom;Seca;Meio de Quadra;;Comercial;0;1;0;0;0;0;0;0;0;1;0;0;-3,819537000000000;-38,576995000000000
259647;27;9;2015;15:20;0;RD CE-065;;;0;KM 04;Colis?úo;Luz do Dia;Bom;Seca;Meio de Quadra;;Comercial;0;0;2;1;0;0;0;0;0;0;0;0;;
271643;28;9;2015;07:48;0;RUA EMILIO DE MENESES;;;760;;Colis?úo;Luz do Dia;;;Meio de Quadra;;;0;0;2;0;0;0;0;0;0;0;0;0;-3,781455000000000;-38,588449000000000
271645;28;9;2015;10:26;13721;RUA CAIO CID;RUA MARIANA F LEITE;;0;;Colis?úo;Luz do Dia;;;T;;;0;0;2;0;0;0;0;0;0;0;0;0;-3,772584000000000;-38,484412000000000
271647;28;9;2015;12:37;0;RUA NOVA CONQUISTA (GRANJA LISBOA);;;2671;;Colis?úo;Luz do Dia;;;Meio de Quadra;;;0;0;2;0;0;0;0;0;0;0;0;0;;
257660;28;9;2015;15:00;0;RUA GAL ONOFRE;;;0;;Colis?úo Lateral;Luz do Dia;;;Meio de Quadra;;;0;1;1;1;0;0;0;0;0;1;0;0;;
257658;28;9;2015;18:40;0;AV 13 DE MAIO;;;2400;;Colis?úo Traseira;Via Iluminada;Bom;Seca;Meio de Quadra;N?úo H?í Controle;Escola;0;1;1;0;1;0;0;0;0;1;0;0;-3,741992000000000;-38,537898000000000
257626;28;9;2015;07:55;0;AV PRS JUSCELINO KUBITSCHEK (PASSAR?ë);;;3635;;Colis?úo Traseira;Luz do Dia;Bom;Seca;Meio de Quadra;Outros;Misto;0;1;2;1;0;0;0;0;0;1;0;0;-3,813838000000000;-38,529839000000000
257654;28;9;2015;10:00;9199;RUA BAR ARATANHA;RUA DEP JOAO PONTES;;0;;;Luz do Dia;Bom;Seca;Cruz;Pare;Comercial;0;0;2;1;0;0;0;0;0;0;0;0;-3,745923000000000;-38,530746000000000
257648;28;9;2015;19:20;0;AV AGUANAMBI;;;1518;;Colis?úo Lateral;Mal Iluminada;Bom;Seca;Meio de Quadra;N?úo H?í Controle;Comercial;0;1;1;1;0;0;0;0;0;1;0;0;-3,749999000000000;-38,523716000000000
257638;28;9;2015;15:30;42;RUA PRO JOSE LEITE GONDIM;RUA HUGO VITOR;;0;;Colis?úo Lateral;Luz do Dia;Bom;Seca;Cruz;Pare;Residencial;0;0;2;1;0;0;1;0;0;0;0;0;-3,741822000000000;-38,591306000000000
257639;28;9;2015;14:00;1887;RUA PDE PEDRO DE ALENCAR;RUA LUIS ALVES TOMAS;;0;;Colis?úo Transversal;Luz do Dia;Bom;Seca;Cruz;Pare;Residencial;0;0;2;1;0;0;1;0;0;0;0;0;-3,844646000000000;-38,494436000000000
257474;28;9;2015;02:30;26226;AV AMERICO BARREIRA;AV CARNEIRO DE MENDONCA;;0;;Colis?úo Transversal;Via Iluminada;Bom;Seca;Cruz;Sem?íforo;Comercial;0;0;2;1;0;0;0;0;0;0;0;0;;
257484;28;9;2015;08:00;18781;RUA CAXAMBU;RUA SILVINHA TELES D69;;0;;Colis?úo Transversal;Luz do Dia;Bom;Seca;Cruz;Pare;Residencial;0;0;2;0;0;0;0;0;0;1;0;0;;
257464;28;9;2015;19:40;25519;AV GOV RAUL BARBOSA;AV ALM HENRIQUE SABOIA;;0;;Colis?úo Transversal;Via Iluminada;Bom;Seca;Y;Sem?íforo;Residencial;0;0;2;0;1;0;1;0;0;0;0;0;-3,758466000000000;-38,504580000000000
257461;28;9;2015;18:00;8934;AV DOMINGOS OLIMPIO;RUA PDE MORORO;;0;;Colis?úo Lateral;Anoitecer;Bom;Seca;Cruz;Pare;Residencial;0;1;1;1;0;0;0;0;0;1;0;0;-3,733752000000000;-38,539949000000000
257553;28;9;2015;06:00;0;AV DR SILAS MUNGUBA;;;1200;SOCIETY GRILL;Colis?úo Traseira;Luz do Dia;Bom;Seca;Meio de Quadra;Sem?íforo;Comercial;0;1;1;0;1;0;0;0;0;1;0;0;-3,782436000000000;-38,555322000000000
257569;28;9;2015;15:00;19151;RUA ALMEIDA PRADO;RUA RIACHUELO;;0;;;Luz do Dia;Bom;Seca;T;Pare;Comercial;0;0;2;1;0;0;0;0;0;1;0;0;-3,740002000000000;-38,473969000000000
257559;28;9;2015;11:50;0;AV PRS COSTA E SILVA;;;5297;;Colis?úo Lateral;Luz do Dia;Bom;Seca;Meio de Quadra;Pare;Comercial;0;0;2;1;0;0;0;0;0;0;0;0;-3,828174000000000;-38,533096000000000
257564;28;9;2015;16:00;23804;AV GAL OSORIO DE PAIVA;RUA RAIMUNDO NERY;;0;;Colis?úo Lateral;Luz do Dia;Bom;Seca;Cruz;Sem?íforo;Comercial;0;0;2;1;0;0;0;0;0;1;0;0;-3,790306000000000;-38,588065000000000
257532;28;9;2015;21:00;0;RUA RAIMUNDO GOMES;;;0;;Capotamento;Via Iluminada;Bom;Seca;Meio de Quadra;N?úo H?í Controle;Residencial;0;0;2;1;0;0;0;0;0;0;0;0;;
257546;28;9;2015;18:40;0;RUA OSVALDO CRUZ (ALDEOTA);;;880;;Colis?úo Lateral;Via Iluminada;Bom;Seca;Meio de Quadra;N?úo H?í Controle;Comercial;0;2;2;1;0;0;0;0;0;1;0;0;-3,733104000000000;-38,499511000000000
257514;28;9;2015;07:50;0;AV DEP PAULINO ROCHA;RUA MANOEL AGUIAR PONTES;;0;;Colis?úo Traseira;Luz do Dia;Bom;Seca;T;Sem?íforo;Comercial;0;0;2;1;1;0;0;0;0;0;0;0;;
257517;28;9;2015;07:50;242;RUA GAL BERNARDO FIGUEIREDO;RUA COS ALVARO DE OLIVEIRA;;0;;Colis?úo Transversal;Luz do Dia;Bom;Seca;Cruz;Pare;Residencial;0;2;0;1;0;0;0;0;0;0;0;0;-3,740373000000000;-38,555261000000000
257587;28;9;2015;18:20;0;RUA CAP ARAGAO;;;718;;Colis?úo Traseira;Anoitecer;Bom;Seca;Meio de Quadra;N?úo H?í Controle;Residencial;0;0;2;1;0;0;0;0;0;0;0;0;-3,764612000000000;-38,511431000000000
257575;28;9;2015;07:40;1493;AV PDE ANTONIO TOMAS;RUA OSVALDO CRUZ (ALDEOTA);;0;;;Luz do Dia;Bom;Seca;Cruz;Sem?íforo;Comercial;0;0;2;1;0;0;0;0;0;0;0;0;-3,739538000000000;-38,501588000000000
257580;28;9;2015;20:00;0;AV JOSE BASTOS;;;50470;;Atropelamento;Via Iluminada;Bom;Seca;Meio de Quadra;N?úo H?í Controle;Residencial;0;2;1;0;1;0;0;0;0;0;0;0;;
257608;28;9;2015;08:00;23653;AV OLAVO BILAC;RUA BAR CRATO;;0;;;Luz do Dia;Bom;Seca;T;Pare;Comercial;0;0;2;1;0;0;0;0;0;1;0;0;-3,723036000000000;-38,566370000000000
257599;28;9;2015;21:50;0;RUA TEN BENEVOLO;;;794;;Colis?úo Traseira;Via Iluminada;Bom;Seca;Meio de Quadra;Outros;Residencial;0;0;2;1;0;0;0;0;0;1;0;0;-3,726304000000000;-38,514122000000000
257601;28;9;2015;21:50;0;AV BEZERRA DE MENEZES;;;2407;;Colis?úo Lateral;Via Iluminada;Bom;Seca;Meio de Quadra;Outros;Comercial;0;0;2;1;0;0;1;0;0;0;0;0;-3,736030000000000;-38,566166000000000
257602;28;9;2015;06:50;21715;AV GODOFREDO PIMENTEL;RUA DR JOSE GOIANA;;0;;Colis?úo Lateral;Luz do Dia;Bom;Seca;Cruz;N?úo H?í Controle;Residencial;0;1;1;1;0;0;0;0;0;1;0;0;-3,727699000000000;-38,591117000000000
257597;28;9;2015;19:00;0;RUA DR JOSE LOURENCO;;;777;;Colis?úo Lateral;Via Iluminada;Bom;Seca;Meio de Quadra;Pare;Outros;0;0;3;1;0;0;0;0;0;1;0;0;-3,730527000000000;-38,506495000000000
257594;28;9;2015;19:30;0;AV GOV RAUL BARBOSA;;;3033;TANTRA MOTEL;Colis?úo Lateral;Via Iluminada;Bom;Seca;Meio de Quadra;N?úo H?í Controle;Comercial;0;0;2;1;0;0;1;0;0;0;0;0;-3,753128000000000;-38,503771000000000
257612;28;9;2015;10:00;0;RUA DEP OSWALDO STUDART;;;848;;Atropelamento;Luz do Dia;Bom;Seca;Meio de Quadra;N?úo H?í Controle;Comercial;0;1;1;1;0;0;0;0;0;0;0;0;-3,756879000000000;-38,531072000000000
257617;28;9;2015;08:00;0;RUA VALPARAISO;;;492;;Colis?úo;Luz do Dia;Bom;Seca;Meio de Quadra;N?úo H?í Controle;Residencial;0;2;1;1;0;0;0;0;0;1;0;0;-3,844853000000000;-38,524933000000000
257604;28;9;2015;07:15;25424;AV ENG HUMBERTO MONTE;RUA URUGUAI;;0;;Capotamento;Luz do Dia;Bom;Seca;T;Pare;Misto;0;0;2;1;0;0;0;0;0;0;0;0;-3,747076000000000;-38,562171000000000
267759;28;9;2015;08:53;0;AV PRS CASTELO BRANCO;;;0;;Colis?úo;Luz do Dia;;;Meio de Quadra;;;0;1;0;1;0;0;0;0;0;1;0;0;;
267741;28;9;2015;06:58;15267;AV ANTONIO JUSTA;RUA CEL LINHARES;;0;;Colis?úo;Luz do Dia;;;T;N?úo H?í Controle;Residencial;0;1;0;0;0;0;0;0;0;0;0;0;-3,728586000000000;-38,491594000000000
267742;28;9;2015;07:10;15692;RUA CAPANEMA;RUA GUILHERME PESSOA;;0;;Colis?úo;Luz do Dia;;;;;;0;1;1;1;0;0;0;0;0;1;0;0;-3,827101000000000;-38,487957000000000
267744;28;9;2015;07:31;0;AV OLAVO BILAC;;;159;;Colis?úo;Luz do Dia;;;Meio de Quadra;;;0;1;0;1;0;0;0;0;0;1;0;0;-3,722958000000000;-38,566397000000000
267745;28;9;2015;07:56;0;RUA GAL BERNARDO FIGUEIREDO;;;815;;Colis?úo;Luz do Dia;;;Meio de Quadra;;;0;1;0;1;0;0;0;0;0;0;0;0;-3,740428000000000;-38,555389000000000
267747;28;9;2015;08:17;24240;RUA JOSE CARLOS GURGEL NOGUEIRA;RUA FAUSTO CABRAL;;0;;Colis?úo;Luz do Dia;;;Cruz;Pare;Misto;0;1;0;1;0;0;0;0;0;1;0;0;-3,734195000000000;-38,474615000000000
267737;28;9;2015;02:23;0;RUA PERNAMBUCO;;;85;;Atropelamento;;;;Meio de Quadra;;;0;1;0;1;0;0;0;0;0;0;0;0;-3,761002000000000;-38,566967000000000
267776;28;9;2015;16:54;22157;RUA DELMIRO FARIAS;RUA MON FURTADO;;0;;Colis?úo;Luz do Dia;;;Cruz;Pare;Residencial;0;1;0;0;0;0;0;0;0;0;0;0;-3,747544000000000;-38,550550000000000
267777;28;9;2015;17:11;0;RUA ALBERTO MAGNO;;;257;;Choque c/ Obst?ículo Fixo;Anoitecer;;;Meio de Quadra;;;0;1;0;1;0;0;0;0;0;1;0;0;-3,758513000000000;-38,544412000000000
267790;28;9;2015;21:13;0;AV FRANCISCO SA;;;0;;Colis?úo;;;;Meio de Quadra;;;0;1;0;0;0;0;0;0;0;0;0;0;;
267793;28;9;2015;21:44;0;RUA CEL FABRICIANO;;;620;;Colis?úo;;;;Meio de Quadra;;;0;1;0;0;0;0;0;0;0;1;0;0;;
267782;28;9;2015;18:32;0;AV AGUANAMBI;;;1518;;Colis?úo;;;;Meio de Quadra;;;0;1;0;1;0;0;0;0;0;1;0;0;-3,749999000000000;-38,523716000000000
267771;28;9;2015;15:12;0;RUA RIACHUELO;;;398;;Colis?úo;Luz do Dia;;;Meio de Quadra;;;0;1;0;1;0;0;0;0;0;1;0;0;;
267772;28;9;2015;15:46;0;RUA 15 PLANALTO ITAPERI;;;712;;Atropelamento;Luz do Dia;;;Meio de Quadra;;;0;1;0;0;0;0;0;0;0;1;0;0;;
267773;28;9;2015;16:24;0;AV PRS CASTELO BRANCO;;;5073;;Atropelamento;Luz do Dia;;;Meio de Quadra;;;0;1;1;0;0;0;0;0;0;1;0;0;;
267774;28;9;2015;16:32;0;RUA SABIAGUABA;;;130;;Atropelamento;Luz do Dia;;;Meio de Quadra;;;0;1;0;0;0;0;0;0;0;0;0;0;;
267768;28;9;2015;13:17;0;ET DO ANCURI;;;845;;Colis?úo;Luz do Dia;;;Meio de Quadra;;;0;1;0;0;0;0;0;0;0;0;0;0;;
267763;28;9;2015;10:46;0;RUA CEL MATOS DOURADO;;;0;;Colis?úo;Luz do Dia;;;Meio de Quadra;;;0;1;0;1;0;0;0;0;0;1;0;0;;
265056;28;9;2015;14:40;5219;AV TRISTAO GONCALVES;RUA LIBERATO BARROSO;;0;;Colis?úo;Luz do Dia;;;Cruz;Sem?íforo;Comercial;0;0;2;1;1;0;0;0;0;0;0;0;-3,726826000000000;-38,533116000000000
265061;29;9;2015;08:57;0;AV BAR STUDART;;;0;;Colis?úo;Luz do Dia;;;Meio de Quadra;;;0;0;2;0;1;0;0;0;0;0;0;0;;
265062;29;9;2015;16:42;0;AV WASHINGTON SOARES;;;553;;Colis?úo;Luz do Dia;;;Meio de Quadra;;;0;0;2;1;0;0;0;0;0;0;0;0;-3,758274000000000;-38,486237000000000
267794;29;9;2015;07:23;0;AV ABOLICAO;;;0;;Atropelamento;Luz do Dia;;;Meio de Quadra;;;0;1;0;0;1;0;0;0;0;0;0;0;;
267799;29;9;2015;11:27;6285;AV G CJ CEARA;AV C CJ CEARA;;0;;Queda;Luz do Dia;;;T;N?úo H?í Controle;Residencial;0;1;0;0;0;0;0;0;0;1;0;0;;
267797;29;9;2015;10:30;0;AV ODILON GUIMARAES;;;2301;;Colis?úo;Luz do Dia;;;Meio de Quadra;;;0;1;0;1;0;0;0;0;0;1;0;0;-3,818529000000000;-38,474390000000000
267809;29;9;2015;13:29;3975;RUA PRO COSTA MENDES;RUA ALBERTO MAGNO;;0;;Colis?úo;Luz do Dia;;;Cruz;Sem?íforo;Comercial;0;1;0;1;1;0;0;0;0;0;0;0;-3,757528000000000;-38,543548000000000
267802;29;9;2015;11:57;1525;AV PDE ANTONIO TOMAS;RUA BARBOSA DE FREITAS;;0;;Atropelamento;Luz do Dia;;;Cruz;Sem?íforo;Misto;0;1;0;0;0;0;0;0;0;1;0;0;-3,740495000000000;-38,498619000000000
267816;29;9;2015;14:10;4612;AV WASHINGTON SOARES;AV OLIVEIRA PAIVA;;0;;Atropelamento;Luz do Dia;;;;;;0;1;0;0;0;0;0;0;0;1;0;0;-3,795695000000000;-38,479908000000000
267818;29;9;2015;16:58;357;RUA ERICO MOTA;RUA XAVIER DE OLIVEIRA;;0;;Colis?úo;Luz do Dia;;;Cruz;Pare;Residencial;0;1;0;1;0;0;0;0;0;1;0;0;-3,747288000000000;-38,560547000000000
267819;29;9;2015;17:22;0;AV A CJ JOSE WALTER;;;0;;Atropelamento;Anoitecer;;;Meio de Quadra;;;0;1;0;0;0;0;0;0;0;1;0;0;;
267820;29;9;2015;17:42;0;RUA CON DE CASTRO;;;4533;;Queda;Anoitecer;;;Meio de Quadra;;;0;1;0;0;0;0;0;0;0;1;0;0;-3,804867000000000;-38,591779000000000
267821;29;9;2015;17:53;0;RUA ANDRADE FURTADO;;;0;;Colis?úo;Anoitecer;;;Meio de Quadra;;;0;1;0;1;0;0;0;0;0;1;0;0;;
267833;29;9;2015;20:30;0;AV VICENTE DE CASTRO;;;6270;;Colis?úo;;;;Meio de Quadra;;;0;1;0;1;0;0;0;0;0;1;0;0;-3,710455000000000;-38,471858000000000
267828;29;9;2015;18:32;0;RD BR 116;;;5000;KM-05;Colis?úo;;;;Meio de Quadra;;;0;1;0;0;0;0;0;0;0;0;0;0;-3,796502000000000;-38,506787000000000
267839;29;9;2015;21:23;0;RUA CARLOS CHAGAS;;;134;;Colis?úo;;;;Meio de Quadra;;;0;1;0;0;0;0;0;0;0;1;0;0;-3,781192000000000;-38,581482000000000
257598;29;9;2015;07:55;9209;RUA DR JOSE VITOR;RUA CAROLINO DE AQUINO;;0;;Colis?úo Transversal;Luz do Dia;Bom;Seca;Cruz;Pare;Residencial;0;1;1;1;0;0;0;0;0;1;0;0;-3,747884000000000;-38,527486000000000
257592;29;9;2015;00:00;25420;RUA PRO SILAS RIBEIRO;AV ALM HENRIQUE SABOIA;;0;;Choque c/ Obst?ículo Fixo;Via Iluminada;Bom;Seca;T;Sem?íforo Intermitente;Comercial;0;0;1;1;0;0;0;0;0;0;0;0;;
257603;29;9;2015;18:40;23607;RUA BAR CRATO;RUA CAP NESTOR GOIS;;0;;Colis?úo Transversal;Via Iluminada;Bom;Seca;Cruz;Pare;Misto;0;0;2;1;0;0;0;0;0;0;0;0;-3,721812000000000;-38,561703000000000
257600;29;9;2015;10:40;0;RUA GUARUJA;;;730;;Colis?úo Lateral;Luz do Dia;Bom;Seca;Meio de Quadra;N?úo H?í Controle;Comercial;0;0;2;1;0;0;0;0;0;1;0;0;-3,834807000000000;-38,496972000000000
257579;29;9;2015;19:00;1433;RUA DES LEITE ALBUQUERQUE;RUA LEONARDO MOTA;;0;;Colis?úo Transversal;Via Iluminada;Bom;Seca;Cruz;Sem?íforo;Comercial;0;0;2;1;0;0;0;0;0;0;0;0;-3,737862000000000;-38,496708000000000
257588;29;9;2015;15:50;9257;AV AGUANAMBI;RUA CEL PERGENTINO FERREIRA;;0;;Colis?úo Lateral;Luz do Dia;Bom;Seca;Cruz;Sem?íforo;Comercial;0;1;1;0;0;0;0;0;0;1;0;0;-3,748634000000000;-38,524049000000000
257586;29;9;2015;12:30;9191;RUA MARIO MAMEDE;RUA MARTINHO RODRIGUES;;0;;Colis?úo Transversal;Luz do Dia;Bom;Seca;Cruz;Pare;Residencial;0;0;2;1;0;0;0;0;0;0;0;0;-3,753845000000000;-38,526088000000000
257582;29;9;2015;18:30;930;AV AGUANAMBI;AV BORGES DE MELO;;0;;;Via Iluminada;Bom;Seca;Cruz;N?úo H?í Controle;Misto;0;0;2;1;1;0;0;0;0;0;0;0;-3,760928000000000;-38,523880000000000
257516;29;9;2015;18:00;0;AV JOAO PESSOA;;;0;;Colis?úo Lateral;Mal Iluminada;Bom;Seca;Meio de Quadra;N?úo H?í Controle;Comercial;0;0;2;1;1;0;0;0;0;0;0;0;;
257513;29;9;2015;18:00;13408;AV ANTONIO SALES;RUA BAR ARACATI;;0;;Colis?úo Transversal;Via Iluminada;Bom;Seca;Cruz;Pare;Comercial;0;0;2;1;0;0;0;0;0;0;0;0;-3,741563000000000;-38,514894000000000
257510;29;9;2015;10:10;0;AV RUI BARBOSA;;;1900;;Colis?úo Traseira;Luz do Dia;Bom;Seca;Meio de Quadra;Outros;Residencial;0;0;2;1;0;0;0;0;0;0;0;0;-3,739269000000000;-38,510485000000000
257522;29;9;2015;17:00;5351;RUA GAL CLARINDO DE QUEIROZ;AV IMPERADOR;;0;;Colis?úo Traseira;Anoitecer;Bom;Seca;Cruz;Sem?íforo;Comercial;0;0;2;0;0;0;0;0;0;0;0;0;-3,730962000000000;-38,535566000000000
257519;29;9;2015;19:40;19570;RUA NEREU RAMOS;RUA ESPANHA;;0;;Colis?úo Transversal;Via Iluminada;Bom;Seca;Cruz;Pare;Residencial;0;1;1;1;0;0;0;0;0;1;0;0;-3,783961000000000;-38,574434000000000
257527;29;9;2015;20:30;13585;RUA FIS VIEIRA;RUA ANTONIO FURTADO;;0;;Colis?úo Transversal;Via Iluminada;Bom;Seca;Cruz;Pare;Residencial;0;1;1;1;0;0;0;0;0;1;0;0;-3,751967000000000;-38,516219000000000
257525;29;9;2015;16:00;583;AV FRANCISCO SA;RUA COS GOUVEIA;;0;;Colis?úo Traseira;Luz do Dia;Bom;Seca;T;;Comercial;0;0;2;1;0;0;0;0;0;0;0;0;-3,716149000000000;-38,561096000000000
257498;29;9;2015;18:48;0;AV GODOFREDO MACIEL;;;538;;Colis?úo Lateral;Mal Iluminada;Bom;Seca;Meio de Quadra;Outros;Comercial;1;0;2;1;0;0;0;0;0;1;0;0;-3,781007000000000;-38,565158000000000
257494;29;9;2015;07:10;0;RUA ALFREDO MAMEDE;;;637;;Colis?úo Transversal;;Bom;Seca;Meio de Quadra;N?úo H?í Controle;Residencial;0;0;2;1;0;0;0;0;0;1;0;0;-3,810639000000000;-38,582885000000000
257547;29;9;2015;07:40;17397;AV PRO GOMES DE MATOS;RUA ROMEU MARTINS;;0;;Colis?úo Lateral;Luz do Dia;Bom;Seca;Cruz;Pare;Comercial;0;0;2;1;0;0;0;0;0;0;0;0;-3,767447000000000;-38,551023000000000
257548;29;9;2015;20:00;7781;AV DES MOREIRA;AV ANTONIO SALES;;0;;Outros;Via Iluminada;Bom;Seca;Cruz;Sem?íforo;Comercial;0;0;2;1;0;0;0;0;0;0;0;0;-3,745744000000000;-38,501410000000000
257549;29;9;2015;22:30;0;RUA VALMIR PONTES;;;100;UNIFOR;Colis?úo Frontal;Via Iluminada;Bom;Seca;Meio de Quadra;N?úo H?í Controle;Misto;0;0;2;1;0;0;0;0;0;0;0;0;;
257533;29;9;2015;13:30;19949;RUA FRANCISCO LORDA;RUA ALBERTO MONTEZUMA;;0;;Colis?úo Lateral;Luz do Dia;Bom;Seca;Cruz;Pare;Comercial;0;0;3;1;0;0;0;0;0;1;0;0;-3,761900000000000;-38,531928000000000
257535;29;9;2015;13:00;0;AV JOSE BASTOS;;;3500;;Colis?úo Lateral;Luz do Dia;Bom;Seca;Meio de Quadra;Outros;Comercial;0;0;2;0;0;0;0;0;0;1;0;0;-3,749555000000000;-38,550017000000000