COD_ACIDENTE;DIA;MES;ANO;HORA;INTERSECAO;LOG1;LOG2;LOG3;NUMERO;REFERENCIA;NATUREZA;ILUMINACAO;TEMPO;SUPERFICIEPISTA;TIPOCRUZAMENTO;CONTROLETRAFEGO;USOSOLO;MORTOS;FERIDOS;ILESOS;AUTOMOVEL;ONIBUS;BICICLETA;CAMINHAO;MICROONIBUS;CICLOMOTOR;MOTOCICLETA;TRACAOANIMAL;TREM;LATITUDE;LONGITUDE
257531;29;9;2015;12:30;0;AV PONTES VIEIRA;;;1214;;Colis?úo Traseira;Luz do Dia;Bom;Seca;Meio de Quadra;Outros;Comercial;0;1;1;1;0;0;0;0;0;0;0;0;-3,752431000000000;-38,510963000000000
257489;29;9;2015;07:10;0;AV DR SILAS MUNGUBA;;;2593;;Colis?úo Traseira;Luz do Dia;Nublado;Seca;Meio de Quadra;Pare;Comercial;0;0;2;1;0;0;0;0;0;0;0;0;-3,786360000000000;-38,550243000000000
257490;29;9;2015;23:00;0;AV ZEZE DIOGO;;;4400;;Colis?úo Traseira;;Bom;Seca;Meio de Quadra;Pare;Lazer;0;1;1;0;0;0;0;0;0;1;0;0;-3,743680000000000;-38,450982000000000
257491;29;9;2015;23:30;0;AV 13 DE MAIO;;;2262;;Colis?úo Lateral;Via Iluminada;Bom;Seca;Meio de Quadra;Sem?íforo;Comercial;0;0;2;1;0;0;0;0;0;1;0;0;-3,742998000000000;-38,536732000000000
266749;29;9;2015;07:30;0;AV GOV RAUL BARBOSA;;;5598;;Atropelamento;Luz do Dia;;;Meio de Quadra;;;0;1;0;1;0;0;0;0;0;1;0;0;-3,767705000000000;-38,509516000000000
266769;29;9;2015;18:00;357;RUA XAVIER DE OLIVEIRA;RUA ERICO MOTA;;0;;Colis?úo;Anoitecer;;;Cruz;Pare;Residencial;0;0;1;1;0;0;0;0;0;1;0;0;-3,747288000000000;-38,560547000000000
259259;29;9;2015;19:15;0;RD BR 116;;;1000;KM-01;Colis?úo Lateral;Via Iluminada;Bom;Seca;Meio de Quadra;N?úo H?í Controle;Comercial;0;0;2;1;1;0;0;0;0;0;0;0;-3,762554000000000;-38,518702000000000
259287;29;9;2015;20:35;84;AV MR HULL;RUA PDE PERDIGAO SAMPAIO;;0;;Colis?úo;Anoitecer;Bom;Seca;;;;0;1;1;0;0;0;0;0;0;1;0;0;-3,740113000000000;-38,594635000000000
271649;29;9;2015;12:07;0;RUA ADELAIDE PAULINO;;;111;;Colis?úo;Luz do Dia;;;Meio de Quadra;;;0;0;2;0;0;0;0;0;0;0;0;0;;
271651;29;9;2015;18:23;9951;RUA BOM JESUS (GRANJA LISBOA);RUA TRES CORACOES;;0;;Colis?úo;Anoitecer;;;Cruz;N?úo H?í Controle;Residencial;0;0;2;0;0;0;0;0;0;0;0;0;-3,791182000000000;-38,611210000000000
271654;29;9;2015;19:34;11670;RUA ARARIPE MACEDO;RUA MON VICENTE MARTINS;;0;;Colis?úo;;;;;;;0;0;2;0;0;0;0;0;0;0;0;0;-3,770783000000000;-38,580530000000000
259654;29;9;2015;07:15;0;RD CE-040;;;0;KM-07;Colis?úo;Luz do Dia;Bom;Seca;Meio de Quadra;;Comercial;0;0;2;1;0;0;0;0;0;0;0;0;-3,817953000000000;-38,483160000000000
259652;29;9;2015;07:15;0;RD CE-040;;;0;KM-09;Colis?úo;Luz do Dia;Bom;Seca;Meio de Quadra;;Comercial;0;0;3;1;0;0;0;0;0;0;0;0;-3,824774000000000;-38,481431000000000
259656;29;9;2015;15:05;0;RD CE-060;;;0;KM-03;Colis?úo;Luz do Dia;Bom;Seca;Meio de Quadra;;Comercial;0;0;2;1;0;0;0;0;0;0;0;0;-3,836637000000000;-38,582776000000000
259657;30;9;2015;10:10;0;RD CE-040;;;0;KM-04;Colis?úo;Luz do Dia;Bom;Seca;Meio de Quadra;;Comercial;0;0;2;1;0;0;0;0;0;0;0;0;-3,792050000000000;-38,480251000000000
271656;30;9;2015;13:10;25101;AV GAL OSORIO DE PAIVA;RUA ARARIPE PRATA;;0;;Colis?úo;Luz do Dia;;;Cruz;Outros;Misto;0;0;2;0;0;0;0;0;0;0;0;0;-3,776593000000000;-38,568029000000000
271662;30;9;2015;16:56;0;ET DO JATOBA;;;0;;Colis?úo;Luz do Dia;;;Meio de Quadra;;;0;0;2;0;0;0;0;0;0;0;0;0;;
271658;30;9;2015;14:02;7818;RUA TIBURCIO CAVALCANTE;RUA FRANCISCO HOLANDA;;0;;Colis?úo;Luz do Dia;;;Cruz;Pare;Residencial;0;0;2;0;0;0;0;0;0;0;0;0;-3,748090000000000;-38,506474000000000
271660;30;9;2015;15:54;0;RUA DR AIRTON BEZERRA;;;672;;Colis?úo;Luz do Dia;;;Meio de Quadra;;;0;0;2;0;0;0;0;0;0;0;0;0;;
291892;30;9;2015;17:00;0;AV ALM MAXIMIANO DA FONSECA;;;0;;Colis?úo Lateral;Anoitecer;Bom;Seca;Meio de Quadra;N?úo H?í Controle;Residencial;0;0;2;1;0;0;0;0;0;1;0;0;;
259260;30;9;2015;11:10;0;RD BR 116;;;6000;KM-06;Colis?úo Traseira;Luz do Dia;Bom;Seca;Meio de Quadra;N?úo H?í Controle;Comercial;0;0;2;1;0;0;0;0;0;0;0;0;-3,804691000000000;-38,503053000000000
257663;30;9;2015;08:40;6738;RUA DES WALDETARIO P MOTA;RUA VILEBALDO AGUIAR;;0;;Colis?úo Transversal;Luz do Dia;Bom;Seca;Cruz;Pare;Residencial;0;0;2;1;0;0;0;0;0;0;0;0;-3,741853000000000;-38,483787000000000
257664;30;9;2015;14:15;15242;RUA OSVALDO CRUZ (ALDEOTA);RUA SILVA JATAHY;;0;;Colis?úo Lateral;Luz do Dia;Bom;Seca;Cruz;Pare;Residencial;0;1;1;1;0;0;0;0;0;1;0;0;-3,727694000000000;-38,497767000000000
257666;30;9;2015;16:30;0;AV ENG SANTANA JUNIOR;;;999;HIPER BOM PRE?çO;Outros;Luz do Dia;Bom;Seca;Meio de Quadra;N?úo H?í Controle;Comercial;0;0;2;0;1;0;0;0;0;0;0;0;-3,736898000000000;-38,482858000000000
257661;30;9;2015;00:20;0;RUA JULIO SIQUEIRA;;;535;;Colis?úo Frontal;Via Iluminada;Bom;Seca;Meio de Quadra;N?úo H?í Controle;Residencial;0;0;2;1;0;0;1;0;0;0;0;0;-3,749738000000000;-38,508357000000000
257670;30;9;2015;13:30;0;RUA DR CARLOS R PAMPLONA;;;128;;Colis?úo Traseira;Luz do Dia;Bom;Seca;Meio de Quadra;N?úo H?í Controle;Comercial;0;0;2;1;0;0;0;0;0;0;0;0;;
257695;30;9;2015;21:00;3859;AV DA UNIVERSIDADE;RUA JUVENAL GALENO;;0;;Colis?úo Lateral;Via Iluminada;Bom;Seca;Cruz;N?úo H?í Controle;Escola;0;0;2;1;0;0;0;0;0;0;0;0;-3,739893000000000;-38,538143000000000
257691;30;9;2015;19:40;0;RUA PEDRO I;;;1131;;Colis?úo Lateral;Via Iluminada;Bom;Seca;Meio de Quadra;N?úo H?í Controle;Escola;0;0;2;1;0;0;0;0;0;0;0;0;;
257689;30;9;2015;08:10;26231;RUA LEANDRO HENRIQUE;RUA IRINEU MACHADO;;0;;Colis?úo Transversal;Luz do Dia;Nublado;Seca;Cruz;N?úo H?í Controle;Residencial;1;0;1;0;1;0;0;0;0;1;0;0;;
257683;30;9;2015;10:50;0;AV DEP PAULINO ROCHA;;;1669;;Colis?úo Transversal;Luz do Dia;Bom;Seca;Outros;Pare;Comercial;0;2;1;1;0;0;0;0;0;1;0;0;-3,811723000000000;-38,511398000000000
257679;30;9;2015;08:00;735;AV DR THEBERGE;AV TEN LISBOA;;0;;Colis?úo Lateral;Luz do Dia;Bom;Seca;T;Pare;Comercial;0;0;2;1;0;0;1;0;0;0;0;0;-3,720711000000000;-38,566942000000000
257680;30;9;2015;13:00;0;AV TRISTAO GONCALVES;;;1075;;Colis?úo Transversal;Luz do Dia;Bom;Seca;;;;0;0;2;1;1;0;0;0;0;0;0;0;-3,731156000000000;-38,534425000000000
257643;30;9;2015;20:00;0;AV ANTONIO SALES;;;484;;Colis?úo Traseira;Via Iluminada;Bom;Seca;Meio de Quadra;Sem?íforo;Misto;0;0;2;1;0;0;0;0;0;0;0;0;-3,740876000000000;-38,517127000000000
257637;30;9;2015;19:00;0;AV JOSE LEON;;;1078;;Colis?úo Traseira;Via Iluminada;Bom;Seca;Meio de Quadra;N?úo H?í Controle;Residencial;0;0;2;1;0;0;0;0;0;1;0;0;-3,787692000000000;-38,502310000000000
257634;30;9;2015;12:00;15804;RUA PERGENTINO MAIA;RUA ANTONINO BARROS;;0;;Colis?úo Transversal;Luz do Dia;Bom;Seca;Cruz;Pare;Misto;2;0;1;0;1;0;0;0;0;1;0;0;-3,831390000000000;-38,488977000000000
257649;30;9;2015;08:50;6760;AV ENG SANTANA JUNIOR;RUA GAL TERTULIANO POTYGUARA;;0;;Colis?úo Transversal;Luz do Dia;Bom;Seca;T;;Misto;0;2;1;1;0;0;0;0;0;1;0;0;-3,746669000000000;-38,489463000000000
257650;30;9;2015;07:15;0;AV BEZERRA DE MENEZES;;;1334;;Colis?úo Lateral;Luz do Dia;Bom;Seca;Meio de Quadra;N?úo H?í Controle;Comercial;0;0;2;1;0;0;0;0;0;1;0;0;-3,734054000000000;-38,556687000000000
257627;30;9;2015;19:00;5359;RUA TEREZA CRISTINA;RUA METON DE ALENCAR;;0;;Colis?úo Lateral;Via Iluminada;Bom;Seca;Cruz;N?úo H?í Controle;Comercial;0;0;2;1;0;0;0;0;0;0;0;0;-3,731262000000000;-38,538031000000000
257628;30;9;2015;13:20;5394;AV TRISTAO GONCALVES;RUA METON DE ALENCAR;;0;;Colis?úo Transversal;Luz do Dia;Bom;Seca;Cruz;Sem?íforo;Comercial;0;0;2;1;1;0;0;0;0;0;0;0;-3,732327000000000;-38,534777000000000
257629;30;9;2015;11:30;19667;AV BEZERRA DE MENEZES;RUA DOM LINO;;0;;Colis?úo Transversal;Luz do Dia;Bom;Seca;Cruz;Sem?íforo;Comercial;0;0;2;0;1;0;0;0;0;1;0;0;-3,734232000000000;-38,557568000000000
257632;30;9;2015;16:40;0;AV AGUANAMBI;;;30;;Colis?úo Lateral;Luz do Dia;Bom;Seca;Outros;Sem?íforo;Misto;0;0;2;1;0;0;1;0;0;0;0;0;-3,737165000000000;-38,524071000000000
257625;30;9;2015;18:00;5364;AV TRISTAO GONCALVES;RUA GAL CLARINDO DE QUEIROZ;;0;;Colis?úo Lateral;Via Iluminada;Bom;Seca;Cruz;N?úo H?í Controle;Comercial;0;0;2;1;0;0;0;1;0;0;0;0;-3,731314000000000;-38,534472000000000
267847;30;9;2015;08:21;0;AV JULIO VENTURA;;;1709;;Colis?úo;Luz do Dia;;;Meio de Quadra;;;0;1;0;1;0;0;0;0;0;1;0;0;-3,738817000000000;-38,508680000000000
267861;30;9;2015;16:09;0;AV ENG SANTANA JUNIOR;;;0;;Colis?úo;Luz do Dia;;;Meio de Quadra;;;0;1;0;0;1;0;0;0;0;0;0;0;;
267858;30;9;2015;13:30;0;RUA SILVA JATAHY;;;0;;Colis?úo;Luz do Dia;;;Meio de Quadra;;;0;1;0;1;0;0;0;0;0;1;0;0;;
267859;30;9;2015;15:05;1294;RUA TORRES CAMARA;RUA PINTO MADEIRA;;0;;Colis?úo;Luz do Dia;;;;;;0;1;0;0;0;0;0;0;0;0;0;0;-3,734251000000000;-38,511204000000000
267853;30;9;2015;09:38;25771;RUA CEL MATOS DOURADO;RUA PRO MIRAMAR DA PONTE;;0;;Colis?úo;Luz do Dia;;;Cruz;Pare;Residencial;0;1;0;0;0;0;0;0;0;1;0;0;;
267851;30;9;2015;09:15;0;AV DOS EXPEDICIONARIOS;;;4912;;Colis?úo;Luz do Dia;;;Meio de Quadra;;;0;1;0;1;0;0;0;0;0;1;0;0;-3,762465000000000;-38,540442000000000
267849;30;9;2015;09:12;0;RUA AFONSO LOPES;;;141;;Colis?úo;Luz do Dia;;;Meio de Quadra;;;0;1;0;1;0;0;0;0;0;1;0;0;-3,789390000000000;-38,547085000000000
267888;30;9;2015;19:53;0;RUA BERNARDO MANUEL;;;9977;;Atropelamento;;;;Meio de Quadra;;;0;1;0;0;0;0;0;0;0;1;0;0;-3,803967000000000;-38,552986000000000
267890;30;9;2015;23:13;0;AV PRS CASTELO BRANCO;;;2389;;Queda;;;;Meio de Quadra;;;0;1;0;0;0;0;0;0;0;1;0;0;-3,713505000000000;-38,549283000000000
267885;30;9;2015;18:36;0;AV PRS CASTELO BRANCO;;;4863;;Atropelamento;;;;Meio de Quadra;;;1;0;1;0;0;0;0;0;0;1;0;0;-3,705793000000000;-38,575414000000000
267882;30;9;2015;17:38;0;AV MIN JOSE AMERICO;;;80;;Colis?úo;Anoitecer;;;Meio de Quadra;;;0;1;0;0;0;0;0;0;0;0;0;0;-3,812871000000000;-38,499424000000000
267880;30;9;2015;17:14;0;RUA VINTE E UM DE ABRIL;;;857;;Colis?úo;Anoitecer;;;Meio de Quadra;;;0;1;0;0;0;0;0;0;0;0;0;0;;
267876;30;9;2015;16:58;0;RD BR 116;;;1000;KM-01;Colis?úo;Luz do Dia;;;Meio de Quadra;;;0;1;0;1;0;0;0;0;0;1;0;0;-3,762554000000000;-38,518702000000000
267877;30;9;2015;17:13;0;RUA BAR RIO BRANCO;;;1969;;Colis?úo;Anoitecer;;;Meio de Quadra;;;0;1;0;1;0;0;0;0;0;1;0;0;-3,735401000000000;-38,531114000000000
267872;30;9;2015;16:23;12620;RUA TULIPA;RUA COS LAFAYETE;;0;;Colis?úo;Luz do Dia;;;Cruz;Pare;Residencial;0;1;0;0;0;0;0;0;0;0;0;0;-3,718159000000000;-38,580936000000000
257609;30;9;2015;18:15;13594;AV PONTES VIEIRA;RUA CAP GUSTAVO;;0;;Colis?úo Traseira;Anoitecer;Bom;Seca;Cruz;Sem?íforo;Comercial;0;0;2;1;0;0;0;0;0;0;0;0;-3,753153000000000;-38,517125000000000
257605;30;9;2015;06:30;5371;RUA VINTE E QUATRO DE MAIO;RUA GAL CLARINDO DE QUEIROZ;;0;;Colis?úo Transversal;Luz do Dia;Bom;Seca;Cruz;Pare;Comercial;0;1;1;1;0;0;0;0;1;0;0;0;-3,731621000000000;-38,533532000000000
257611;30;9;2015;17:30;19409;AV AUGUSTO DOS ANJOS;RUA FRE SERAFIM;;0;;Colis?úo Lateral;Anoitecer;Bom;Seca;T;Pare;Comercial;0;1;1;1;0;0;0;0;0;1;0;0;-3,778743000000000;-38,577900000000000
257624;30;9;2015;15:05;9246;AV 13 DE MAIO;RUA BAR RIO BRANCO;;0;;Colis?úo Traseira;Luz do Dia;Bom;Seca;Cruz;Sem?íforo;Comercial;0;0;2;1;0;0;0;0;0;0;0;0;-3,745129000000000;-38,534255000000000
257613;30;9;2015;07:15;24270;RUA DELMIRO GOUVEIA;RUA PEREIRA VALENTE;;0;;Colis?úo Transversal;Luz do Dia;Bom;Seca;Cruz;Pare;Residencial;0;2;1;1;0;0;0;0;0;1;0;0;-3,734817000000000;-38,488125000000000
257620;30;9;2015;12:00;26228;RUA ANTENOR ROCHA ALEXANDRE;RUA NUBIA BARROCAS;;0;;Colis?úo Transversal;Luz do Dia;Bom;Seca;Cruz;Pare;Residencial;0;1;1;1;0;0;0;0;0;1;0;0;;
257622;30;9;2015;13:20;4005;RUA DES PRAXEDES;RUA EUZEBIO DE QUEIROS;;0;;Colis?úo Transversal;Luz do Dia;Bom;Seca;Cruz;Pare;Comercial;0;0;2;1;0;0;0;0;0;0;0;0;-3,760055000000000;-38,548132000000000
267844;30;9;2015;07:22;0;AV ENG SANTANA JUNIOR;;;0;;Colis?úo;Luz do Dia;;;Meio de Quadra;;;0;1;0;1;0;0;0;0;0;1;0;0;;
267842;30;9;2015;07:09;7124;RUA CAMELIA;RUA DNA MENDINHA;;0;;Atropelamento;Luz do Dia;;;;;;0;1;0;1;0;0;0;0;0;0;0;0;-3,707305000000000;-38,569189000000000
265066;30;9;2015;19:51;0;AV IMPERADOR;;;0;;Colis?úo;;;;Meio de Quadra;;;0;0;2;1;0;0;0;0;0;0;0;0;;
257711;1;10;2015;11:00;0;AV LUCIANO CARNEIRO;;;0;;Choque c/ Obst?ículo Fixo;Luz do Dia;Bom;Seca;Meio de Quadra;N?úo H?í Controle;Comercial;0;0;1;1;0;0;0;0;0;0;0;0;;
257713;1;10;2015;07:40;0;AV DEP PAULINO ROCHA;;;0;;Colis?úo Lateral;Luz do Dia;;;Meio de Quadra;;;0;0;2;1;0;0;0;0;0;0;0;0;;
257714;1;10;2015;09:40;0;RUA TIBURCIO CAVALCANTE;;;0;;Colis?úo Lateral;Luz do Dia;Bom;Seca;Meio de Quadra;N?úo H?í Controle;Comercial;0;0;2;1;0;0;0;0;0;0;0;0;;
257703;1;10;2015;21:15;5090;RUA GUILHERME ROCHA;RUA OTO DE ALENCAR;;0;;Colis?úo Lateral;Via Iluminada;Bom;Seca;Cruz;Sem?íforo;Misto;0;0;2;1;0;0;0;0;0;0;0;0;-3,723058000000000;-38,540079000000000
257707;1;10;2015;11:00;0;RUA SOLON PINHEIRO;;;190;;Colis?úo Traseira;Luz do Dia;Bom;Seca;Meio de Quadra;N?úo H?í Controle;Comercial;0;0;2;1;0;0;0;0;0;1;0;0;-3,732107000000000;-38,526830000000000
257708;1;10;2015;18:50;24981;AV ALM HENRIQUE SABOIA;RUA BENI DE CARVALHO;;0;;Colis?úo Traseira;Via Iluminada;Bom;Seca;T;N?úo H?í Controle;Misto;0;0;2;1;0;0;0;0;0;0;0;0;-3,746985000000000;-38,491889000000000
257781;1;10;2015;08:30;0;RUA DRAGAO DO MAR;;;454;;;Luz do Dia;Bom;Seca;Meio de Quadra;Pare;Comercial;0;0;2;1;0;0;0;0;0;0;0;0;-3,721795000000000;-38,516748000000000
257779;1;10;2015;07:20;19683;RUA PRO JOSE DE BARCELOS;RUA AZEVEDO BOLAO;;0;;Colis?úo Traseira;Luz do Dia;Bom;Seca;Cruz;Outros;Residencial;0;0;2;1;0;0;0;0;0;0;0;0;-3,735196000000000;-38,550610000000000
257777;1;10;2015;10:50;0;AV PRS CASTELO BRANCO;;;4246;;Colis?úo Traseira;Luz do Dia;Bom;Seca;Outros;Sem?íforo;Residencial;0;0;2;1;0;0;0;0;0;0;0;0;-3,707681000000000;-38,570320000000000
257775;1;10;2015;12:45;0;AV GAL OSORIO DE PAIVA;;;2955;TERMINAL SIQUEIRA;Colis?úo Traseira;Luz do Dia;Bom;Seca;Meio de Quadra;N?úo H?í Controle;Comercial;0;0;2;0;0;0;0;0;0;0;0;0;-3,789590000000000;-38,587333000000000
257783;1;10;2015;07:40;0;RUA LINS DO REGO;;;426;;Atropelamento;Luz do Dia;Bom;Seca;Meio de Quadra;Pare;Residencial;0;2;0;0;0;0;0;0;0;1;0;0;-3,783032000000000;-38,576969000000000
257795;1;10;2015;12:30;26235;AV JOR THOMAZ COELHO;RUA FRANCISCO NEPOMUCENO;;0;;Colis?úo Transversal;;Bom;Seca;T;;Comercial;0;1;1;0;0;0;1;0;0;1;0;0;-3,830199000000000;-38,508005000000000
257793;1;10;2015;14:00;0;AV PRS CASTELO BRANCO;;;4094;;Colis?úo Lateral;Luz do Dia;Bom;Seca;Meio de Quadra;N?úo H?í Controle;Comercial;0;1;1;1;0;0;0;0;0;1;0;0;-3,708156000000000;-38,569077000000000
257797;1;10;2015;13:30;12084;AV MON AMARILIO RODRIGUES;RUA 216 CJ SAO CRISTOVAO;;0;;Colis?úo Transversal;Luz do Dia;Bom;Seca;Cruz;Pare;Residencial;0;0;2;1;0;0;0;0;0;1;0;0;-3,835681000000000;-38,524959000000000
257810;1;10;2015;14:40;1421;RUA MON BRUNO;RUA CATAO MAMEDE;;0;;Colis?úo Transversal;Luz do Dia;Bom;Seca;Cruz;Pare;Residencial;0;1;1;0;0;0;0;0;0;0;0;0;-3,737525000000000;-38,511094000000000
257802;1;10;2015;19:15;0;AV DOM LUIS;;;502;PRACA PORTUGAL;Colis?úo Lateral;;Bom;Seca;Meio de Quadra;N?úo H?í Controle;Misto;0;0;2;1;1;0;0;0;0;0;0;0;-3,733243000000000;-38,497304000000000
257804;1;10;2015;20:30;0;AV ABOLICAO;;;3773;;Colis?úo Lateral;Via Iluminada;Bom;Seca;Meio de Quadra;Outros;Comercial;0;1;1;1;0;0;0;0;0;1;0;0;-3,725689000000000;-38,485679000000000
257805;1;10;2015;11:50;15323;RUA OSVALDO CRUZ (ALDEOTA);RUA REPUBLICA DO LIBANO;;0;;Colis?úo Transversal;Luz do Dia;Bom;Seca;Cruz;Pare;Residencial;0;0;2;1;0;0;0;0;0;0;0;0;-3,730644000000000;-38,498717000000000
257806;1;10;2015;11:20;0;AV PDE ANTONIO TOMAS;;;2656;;Colis?úo Traseira;Luz do Dia;Bom;Seca;Meio de Quadra;;Comercial;0;0;2;1;0;0;0;0;0;0;0;0;-3,743837000000000;-38,488435000000000
257757;1;10;2015;18:05;22886;RUA BERNARDO MANUEL;RUA INACIO PARENTE;;0;;Colis?úo Transversal;Via Iluminada;Bom;Seca;Cruz;Pare;Comercial;0;0;2;0;0;0;0;0;0;1;0;0;-3,781268000000000;-38,546074000000000
257761;1;10;2015;22:00;25672;AV AUGUSTO DOS ANJOS;RUA LINS DO REGO;;0;;Colis?úo Lateral;Via Iluminada;Bom;Seca;T;;Comercial;0;0;2;1;0;0;0;0;0;0;0;0;-3,780923000000000;-38,579816000000000
257771;1;10;2015;09:20;0;AV DOS EXPEDICIONARIOS;;;2320;;Colis?úo Traseira;;Bom;Seca;Meio de Quadra;N?úo H?í Controle;Misto;0;0;2;1;0;0;0;0;0;0;0;0;;
257769;1;10;2015;19:30;0;AV CARAPINIMA;;;2306;;Colis?úo Transversal;Via Iluminada;Bom;Seca;Meio de Quadra;;Comercial;0;0;2;1;0;0;0;0;0;0;0;0;-3,740113000000000;-38,540353000000000
257767;1;10;2015;13:20;7790;AV PONTES VIEIRA;AV DES MOREIRA;;0;;Colis?úo Traseira;Luz do Dia;Bom;Seca;Cruz;Sem?íforo;Comercial;0;0;2;1;0;0;0;0;0;0;0;0;-3,751526000000000;-38,503254000000000
257765;1;10;2015;12:50;20129;AV DEP PAULINO ROCHA;RUA POMPILIO GOMES;;0;;Colis?úo Transversal;Luz do Dia;Bom;Seca;T;Pare;Comercial;0;0;2;1;0;0;0;0;0;0;0;0;-3,810076000000000;-38,519652000000000
257755;1;10;2015;15:55;23482;RUA FIS VIEIRA;RUA CRUZ ABREU;;0;;Colis?úo Transversal;Luz do Dia;Bom;Seca;Cruz;Pare;Residencial;0;2;1;0;0;0;0;0;1;0;0;0;-3,758092000000000;-38,515024000000000
257818;1;10;2015;10:40;4007;RUA ALBERTO MAGNO;RUA DES PRAXEDES;;0;;Atropelamento;Luz do Dia;Bom;Seca;Cruz;Sem?íforo;Comercial;0;0;2;0;1;0;0;0;0;0;0;0;-3,761230000000000;-38,546795000000000
257814;1;10;2015;13:30;19805;AV ENG HUMBERTO MONTE;RUA JOSE PONTES;;0;;Engavetamento;Luz do Dia;Bom;Seca;Cruz;Sem?íforo;Comercial;0;0;3;1;0;0;0;0;0;1;0;0;-3,739413000000000;-38,568553000000000
257799;1;10;2015;19:00;3767;AV DOMINGOS OLIMPIO;AV IMPERADOR;;0;;Atropelamento;Via Iluminada;Bom;Seca;Cruz;Sem?íforo;Comercial;0;0;2;0;0;0;0;0;0;1;0;0;-3,734790000000000;-38,536697000000000
257812;1;10;2015;14:00;2116;AV RAD JOSE LIMA VERDE;AV PRS CASTELO BRANCO;;0;;Colis?úo Transversal;Luz do Dia;Bom;Seca;Outros;Pare;Misto;0;1;1;0;0;0;0;0;0;0;0;0;-3,699825000000000;-38,588134000000000
259635;1;10;2015;07:30;0;RD CE-040;;;0;KM-10;Colis?úo;Luz do Dia;;Seca;Meio de Quadra;;;0;0;2;1;0;0;0;0;0;1;0;0;-3,838671000000000;-38,480068000000000
292001;1;10;2015;00:05;13436;AV ANTONIO SALES;RUA DR JOSE LOURENCO;;0;;Colis?úo Lateral;;;;Cruz;Sem?íforo;Residencial;0;0;2;1;0;0;0;0;0;0;0;0;;
259658;1;10;2015;19:15;0;AV SEN CARLOS JEREISSATI (AEROPORTO);;;0;KM 03;Colis?úo;Via Iluminada;;Seca;Meio de Quadra;;;0;0;2;1;0;0;0;0;0;0;0;0;-3,780382000000000;-38,541414000000000
259653;1;10;2015;18:00;0;RD CE-040;;;0;KM-09;Colis?úo;Anoitecer;;Seca;Meio de Quadra;;;0;0;2;0;0;0;0;0;0;1;0;0;-3,824774000000000;-38,481431000000000
259651;1;10;2015;12:30;0;RD CE-040;;;0;KM-04;Colis?úo;Luz do Dia;;Seca;Meio de Quadra;;;0;0;3;1;0;0;0;0;0;0;0;0;-3,792050000000000;-38,480251000000000
259644;1;10;2015;08:35;0;RD CE-040;;;0;KM-10;Colis?úo;Luz do Dia;;Seca;Meio de Quadra;;;0;0;2;1;0;0;0;0;0;0;0;0;-3,838671000000000;-38,480068000000000
257873;1;10;2015;16:30;9153;AV 13 DE MAIO;RUA PAULA RODRIGUES;;0;;Colis?úo Traseira;Luz do Dia;Bom;Seca;T;Sem?íforo;Comercial;0;0;3;1;0;0;0;0;0;0;0;0;-3,752271000000000;-38,525876000000000
257867;1;10;2015;22:00;3975;RUA ALBERTO MAGNO;RUA PRO COSTA MENDES;;0;;Colis?úo Transversal;Via Iluminada;Bom;Seca;Cruz;Sem?íforo;Comercial;0;1;1;1;0;0;0;0;0;0;0;0;-3,757528000000000;-38,543548000000000
257868;1;10;2015;11:30;0;AV SANTOS DUMONT;;;5425;;Colis?úo Traseira;Luz do Dia;Bom;Seca;Meio de Quadra;N?úo H?í Controle;Comercial;0;1;1;1;0;0;0;0;0;1;0;0;-3,741118000000000;-38,483230000000000
257856;1;10;2015;20:00;3863;RUA SEN POMPEU;AV 13 DE MAIO;;0;;Colis?úo Traseira;Via Iluminada;Bom;Seca;Cruz;N?úo H?í Controle;Residencial;0;0;2;1;0;0;0;0;0;0;0;0;-3,744515000000000;-38,534969000000000
257861;1;10;2015;20:00;0;RUA ALBERTO MAGNO;;;279;;Colis?úo Lateral;;Bom;Seca;Meio de Quadra;N?úo H?í Controle;Comercial;0;0;2;1;1;0;0;0;0;0;0;0;-3,758740000000000;-38,544612000000000
257844;1;10;2015;14:00;0;AV EDILSON B SOARES;;;2333;;;Luz do Dia;Bom;Seca;Meio de Quadra;Sem?íforo Intermitente;Comercial;0;0;1;0;0;0;1;0;0;0;0;0;-3,788104000000000;-38,464983000000000
257851;1;10;2015;09:10;0;RUA MIRACEMA;;;295;;Colis?úo Transversal;Luz do Dia;Bom;Seca;Meio de Quadra;N?úo H?í Controle;Residencial;0;0;2;1;0;0;0;0;0;0;0;0;;
257853;1;10;2015;06:20;0;RUA MIGUEL COUTO;;;310;;Colis?úo Traseira;Luz do Dia;Bom;Seca;Meio de Quadra;N?úo H?í Controle;Residencial;0;1;1;0;0;0;0;0;0;1;0;0;;
257848;1;10;2015;21:29;23474;RUA PAULO FIRMEZA;RUA BARROS LEAL;;0;;Colis?úo Transversal;Via Iluminada;Bom;Seca;Cruz;Pare;Residencial;0;0;2;1;0;0;0;0;0;1;0;0;-3,757696000000000;-38,518544000000000