COD_ACIDENTE;DIA;MES;ANO;HORA;INTERSECAO;LOG1;LOG2;LOG3;NUMERO;REFERENCIA;NATUREZA;ILUMINACAO;TEMPO;SUPERFICIEPISTA;TIPOCRUZAMENTO;CONTROLETRAFEGO;USOSOLO;MORTOS;FERIDOS;ILESOS;AUTOMOVEL;ONIBUS;BICICLETA;CAMINHAO;MICROONIBUS;CICLOMOTOR;MOTOCICLETA;TRACAOANIMAL;TREM;LATITUDE;LONGITUDE
257938;5;10;2015;13:30;24606;AV MOZART PINHEIRO DE LUCENA;RUA DES HERMES PARAHYBA;;0;;Colis?úo Transversal;Luz do Dia;Bom;Seca;Cruz;N?úo H?í Controle;Misto;0;1;1;0;0;0;0;1;0;1;0;0;-3,712404000000000;-38,593995000000000
257953;5;10;2015;08:10;0;RUA ANA BILHAR;;;491;;Colis?úo Traseira;Luz do Dia;Bom;Seca;Meio de Quadra;Outros;Residencial;0;0;3;1;0;0;0;0;0;0;0;0;-3,729356000000000;-38,496034000000000
257951;5;10;2015;16:30;1368;RUA DR JOSE LOURENCO;RUA AFONSO CELSO;;0;;Colis?úo Lateral;Luz do Dia;Bom;Seca;Cruz;N?úo H?í Controle;Residencial;0;0;2;1;0;0;0;0;0;0;0;0;-3,736430000000000;-38,508385000000000
257958;5;10;2015;20:00;0;AV GAL OSORIO DE PAIVA;;;4390;;Engavetamento;Via Iluminada;Bom;Seca;Meio de Quadra;N?úo H?í Controle;Comercial;0;0;3;1;0;0;0;1;0;0;0;0;-3,796771000000000;-38,594374000000000
257955;5;10;2015;19:30;1437;RUA JOAO CARVALHO;RUA SILVA PAULET;;0;;Colis?úo Transversal;Via Iluminada;Bom;Seca;Cruz;Pare;Comercial;0;0;2;1;0;0;0;0;0;0;0;0;-3,737966000000000;-38,506557000000000
257956;5;10;2015;08:00;0;AV ALBERTO CRAVEIRO;;;2648;;Colis?úo Traseira;Luz do Dia;Bom;Seca;Meio de Quadra;N?úo H?í Controle;Comercial;0;0;2;1;0;0;0;0;0;0;0;0;-3,803117000000000;-38,521468000000000
257963;5;10;2015;11:15;15255;RUA TEN BENEVOLO;RUA MON BRUNO;;0;;Colis?úo Transversal;Luz do Dia;Bom;Seca;Cruz;Pare;Residencial;0;0;2;1;0;0;0;1;0;0;0;0;-3,728332000000000;-38,508124000000000
257890;5;10;2015;21:30;5433;RUA METON DE ALENCAR;RUA MAJ FACUNDO;;0;;Colis?úo Lateral;Via Iluminada;Bom;Seca;Cruz;Pare;Comercial;0;1;1;1;0;0;0;0;0;1;0;0;-3,733917000000000;-38,529899000000000
257891;5;10;2015;10:45;0;RUA EDUARDO ANGELIM;;;399;;Colis?úo Transversal;Luz do Dia;Bom;Seca;Meio de Quadra;;Misto;0;0;1;1;0;0;0;0;0;0;0;0;-3,763145000000000;-38,548557000000000
257921;5;10;2015;16:40;23742;RUA CON DE CASTRO;RUA DELTA;;0;;Colis?úo Traseira;Luz do Dia;Bom;Seca;Outros;Pare;Residencial;0;0;3;1;0;0;0;0;0;0;0;0;-3,788829000000000;-38,576962000000000
257928;5;10;2015;14:20;9025;RUA DOM SEBASTIAO LEME;RUA PDE MATOS SERRA;;0;;Colis?úo Transversal;Luz do Dia;Bom;Seca;Cruz;Pare;Residencial;0;1;1;1;0;0;0;0;0;1;0;0;-3,744157000000000;-38,526594000000000
257926;5;10;2015;15:40;17378;RUA ALBERTO MAGNO;RUA ROMEU MARTINS;;0;;Colis?úo Lateral;Luz do Dia;Bom;Seca;Cruz;Pare;Comercial;0;0;2;1;1;0;0;0;0;0;0;0;-3,766914000000000;-38,551758000000000
257907;5;10;2015;18:30;6788;AV SANTOS DUMONT;RUA DES WALDETARIO P MOTA;;0;;Colis?úo Lateral;Via Iluminada;Bom;Seca;Cruz;Sem?íforo;Misto;0;0;2;1;1;0;0;0;0;0;0;0;-3,741093000000000;-38,483309000000000
257908;5;10;2015;08:00;1285;AV DOM LUIS;RUA VIS MAUA;;0;;Colis?úo Transversal;Luz do Dia;Bom;Seca;Cruz;Pare;Comercial;0;1;1;1;0;0;0;0;0;0;0;0;-3,732923000000000;-38,498390000000000
257915;5;10;2015;09:00;0;AV ENG SANTANA JUNIOR;;;0;;Colis?úo Lateral;Luz do Dia;Bom;;Meio de Quadra;Outros;;0;1;2;1;0;0;0;0;0;1;0;0;;
257910;5;10;2015;08:00;0;RUA HUGO VITOR;;;706;;Colis?úo Traseira;Luz do Dia;Bom;Seca;Meio de Quadra;N?úo H?í Controle;Residencial;0;0;3;1;0;0;0;0;0;0;0;0;-3,746145000000000;-38,590708000000000
257911;5;10;2015;19:30;22930;RUA BERNARDO MANUEL;RUA LEAO TREZE;;0;;Colis?úo;Via Iluminada;Bom;Seca;Cruz;Pare;Comercial;0;1;1;1;0;1;0;0;0;0;0;0;-3,783394000000000;-38,546723000000000
257912;5;10;2015;08:30;15819;AV JOR THOMAZ COELHO;RUA STA EFIGENIA;;0;;Colis?úo Lateral;Luz do Dia;Bom;Seca;T;N?úo H?í Controle;Comercial;0;0;2;1;0;0;1;0;0;0;0;0;-3,832374000000000;-38,500550000000000
257904;5;10;2015;15:15;1581;AV PDE ANTONIO TOMAS;RUA MON CATAO;;0;;Colis?úo Lateral;Luz do Dia;Bom;Seca;Cruz;Sem?íforo;Comercial;0;0;2;1;1;0;0;0;0;0;0;0;-3,742708000000000;-38,491843000000000
257905;5;10;2015;11:40;1666;AV BORGES DE MELO;RUA CAP VASCONCELOS D46;;0;;Colis?úo Lateral;Luz do Dia;Bom;Seca;Outros;Pare;Outros;0;2;0;1;0;0;0;0;0;1;0;0;-3,761585000000000;-38,517782000000000
257893;5;10;2015;14:48;7404;RUA EURICO MEDINA;AV SEN FERNANDES TAVORA;;0;;Colis?úo Lateral;Luz do Dia;Bom;Seca;Cruz;Pare;Comercial;0;0;2;1;0;0;0;0;0;0;0;0;-3,759795000000000;-38,586637000000000
257901;5;10;2015;15:30;0;AV ALBERTO CRAVEIRO;;;430;;Queda;;Bom;Seca;Outros;N?úo H?í Controle;Comercial;0;1;0;0;0;0;0;0;0;1;0;0;-3,782668000000000;-38,516505000000000
257902;5;10;2015;23:00;0;AV BEZERRA DE MENEZES;;;1819;;Colis?úo Lateral;Via Iluminada;Bom;Seca;Meio de Quadra;N?úo H?í Controle;Comercial;0;0;2;1;0;0;1;0;0;0;0;0;-3,735122000000000;-38,561839000000000
257896;5;10;2015;12:40;5357;RUA PEDRO I;RUA MAJ FACUNDO;;0;;Colis?úo Lateral;Luz do Dia;Bom;Seca;Cruz;Pare;Comercial;0;0;2;1;0;0;1;0;0;0;0;0;-3,731113000000000;-38,528990000000000
257897;5;10;2015;16:25;0;AV BENJAMIM BRASIL;;;0;;Colis?úo Transversal;Luz do Dia;Bom;Seca;Meio de Quadra;N?úo H?í Controle;Comercial;0;2;1;1;0;0;0;0;0;1;0;0;;
265162;5;10;2015;18:39;0;RUA ANTONIO FURTADO;;;0;;Colis?úo;;;;Meio de Quadra;;;0;0;2;1;0;0;0;0;0;0;0;0;;
265158;5;10;2015;14:15;0;AV A CJ CEARA;;;0;;Colis?úo;Luz do Dia;;;Meio de Quadra;;;0;0;2;1;0;0;0;0;0;0;0;0;;
271397;5;10;2015;11:29;0;AV A CJ CEARA;;;0;;Colis?úo;Luz do Dia;;;Meio de Quadra;;;0;0;2;0;0;0;0;0;0;0;0;0;;
271393;5;10;2015;00:08;0;RUA BAR ARACATI;;;0;;Colis?úo;;;;Meio de Quadra;;;0;0;2;0;0;0;0;0;0;0;0;0;;
271385;5;10;2015;00:08;0;RUA MON CATAO;;;0;;Choque c/ Obst?ículo Fixo;;;;Meio de Quadra;;;0;0;1;0;0;0;0;0;0;0;0;0;;
271400;5;10;2015;15:38;0;RUA FRANCISCO CALACA;;;0;;Colis?úo;Luz do Dia;;;Meio de Quadra;;;0;0;2;0;0;0;0;0;0;0;0;0;;
271403;5;10;2015;16:44;0;AV LIBERDADE;;;0;;Colis?úo;Luz do Dia;;;Meio de Quadra;;;0;0;2;0;0;0;0;0;0;0;0;0;;
267369;5;10;2015;20:46;0;RUA BAIXA DO MILAGRE;;;0;;Colis?úo;;;;Meio de Quadra;;;0;1;0;0;0;0;0;0;0;0;0;0;-3,734198000000000;-38,600082000000000
267371;5;10;2015;22:08;0;AV GOV RAUL BARBOSA;;;0;;Queda;;;;Meio de Quadra;;;0;1;0;0;0;0;0;0;0;1;0;0;;
267372;5;10;2015;22:25;0;AV ABOLICAO;;;0;;Colis?úo;;;;Meio de Quadra;;;0;1;1;1;0;0;0;0;0;1;0;0;;
267365;5;10;2015;18:31;0;AV SGT HERMINIO SAMPAIO;;;0;;Colis?úo;;;;Meio de Quadra;;;0;1;1;1;0;0;0;0;0;1;0;0;-3,724537000000000;-38,548755000000000
267366;5;10;2015;19:20;25969;RUA AFONSO LOPES;RUA ACAPULCO;;0;;Colis?úo;;;;Cruz;Pare;Residencial;0;1;0;0;0;0;0;0;0;1;0;0;;
267362;5;10;2015;15:19;0;AV GOV RAUL BARBOSA;;;0;;Queda;Luz do Dia;;;Meio de Quadra;;;0;1;0;0;0;0;0;0;0;1;0;0;-3,764964000000000;-38,508974000000000
267363;5;10;2015;17:10;0;RUA DALVA DE OLIVEIRA;;;0;;Queda;Anoitecer;;;Meio de Quadra;;;0;1;0;0;0;0;0;0;0;1;0;0;;
267355;5;10;2015;15:08;0;RUA LEONEL CHAVES;;;0;;Colis?úo;Luz do Dia;;;Meio de Quadra;;;0;1;1;1;0;0;0;0;0;1;0;0;-3,775652000000000;-38,567477000000000
267342;5;10;2015;12:58;0;AV PRS CASTELO BRANCO;;;700;BOMBEIROS;Colis?úo;Luz do Dia;;;Meio de Quadra;;;0;1;1;1;0;1;0;0;0;0;0;0;-3,718146000000000;-38,535392000000000
267343;5;10;2015;13:12;0;RUA PRO VIRGILIO DE MORAIS;;;0;;Colis?úo;Luz do Dia;;;Meio de Quadra;;;0;1;0;0;0;0;0;0;0;1;0;0;-3,750573000000000;-38,596530000000000
267335;5;10;2015;04:44;2958;AV GAL OSORIO DE PAIVA;RUA URUCUTUBA;;0;;Colis?úo;;;;;;;0;1;0;0;0;0;0;0;0;1;0;0;-3,798620000000000;-38,596129000000000
267336;5;10;2015;07:59;0;AV ENG SANTANA JUNIOR;;;0;;Colis?úo;Luz do Dia;;;Meio de Quadra;;;0;1;1;1;0;0;0;0;0;1;0;0;;
267337;5;10;2015;08:28;0;RUA VICENTE SPINDOLA;;;0;;Queda;Luz do Dia;;;Meio de Quadra;;;0;1;0;0;0;1;0;0;0;0;0;0;-3,767171000000000;-38,544485000000000
267352;5;10;2015;14:31;0;RUA DO MANGUE;;;0;;Queda;Luz do Dia;;;Meio de Quadra;;;0;1;0;0;0;1;0;0;0;0;0;0;;
267340;5;10;2015;10:23;22849;RUA CON LIMA SUCUPIRA;RUA DR JUSTA ARAUJO D45;;0;;Colis?úo;Luz do Dia;;;Cruz;Pare;Misto;0;1;1;1;0;0;0;0;0;1;0;0;-3,778167000000000;-38,550832000000000
267374;5;10;2015;22:36;0;RUA PORTO VELHO;;;0;;Colis?úo;;;;Meio de Quadra;;;0;1;1;1;0;0;0;0;0;1;0;0;-3,768514000000000;-38,582260000000000
267375;5;10;2015;22:48;0;RUA TULIPA;;;0;;Colis?úo;;;;Meio de Quadra;;;0;1;0;1;1;0;0;0;0;0;0;0;-3,713540000000000;-38,579194000000000
267377;6;10;2015;06:35;0;AV PERIMETRAL;;;334;POSTO MIL;Colis?úo;Luz do Dia;;;Meio de Quadra;;;1;2;0;0;0;0;0;0;0;1;0;0;;
267378;6;10;2015;10:42;15820;AV JOR THOMAZ COELHO;RUA GRANJA CASTELO;;0;;Queda;Luz do Dia;;;T;Sem?íforo;Residencial;0;1;0;0;0;0;0;0;0;1;0;0;-3,832383000000000;-38,500218000000000
267572;6;10;2015;21:28;0;RUA PDE FRANCISCO PINTO;;;0;;Atropelamento;;;;Meio de Quadra;;;0;1;1;0;1;0;0;0;0;0;0;0;;
267568;6;10;2015;19:56;1375;AV SANTOS DUMONT;RUA BARBOSA DE FREITAS;;0;;Colis?úo;;;;Cruz;Sem?íforo;Comercial;0;1;0;0;0;0;0;0;0;0;0;0;-3,736551000000000;-38,497363000000000
267569;6;10;2015;20:11;0;RUA RIO TOCANTINS;;;0;;Colis?úo;;;;Meio de Quadra;;;0;1;0;0;0;0;0;0;0;0;0;0;-3,718518000000000;-38,580732000000000
267564;6;10;2015;17:47;0;AV SIQUEIRA CAMPOS;;;0;;Queda;Anoitecer;;;Meio de Quadra;;;0;1;0;0;0;0;0;0;0;1;0;0;-3,821747000000000;-38,618723000000000
267565;6;10;2015;19:41;18748;RUA VALPARAISO;RUA CAXAMBU;;0;;Colis?úo;;;;;;;0;1;1;1;0;0;0;0;0;1;0;0;;
267559;6;10;2015;13:24;0;AV DA INDEPENDENCIA;;;2371;;Atropelamento;Luz do Dia;;;Meio de Quadra;;;1;0;1;0;0;0;0;0;0;1;0;0;-3,723949000000000;-38,601028000000000
267560;6;10;2015;15:30;1381;AV HERACLITO GRACA;RUA ILDEFONSO ALBANO;;0;;Colis?úo;Luz do Dia;;;Duplo T;Sem?íforo;Comercial;0;1;1;1;0;0;0;0;0;1;0;0;-3,736795000000000;-38,514339000000000
267556;6;10;2015;10:53;0;AV SEN FERNANDES TAVORA;;;0;;Colis?úo;Luz do Dia;;;Meio de Quadra;;;0;1;1;0;0;0;0;0;0;1;0;0;-3,757204000000000;-38,591500000000000
267557;6;10;2015;13:00;0;RUA MIRTES CORDEIRO;;;0;;Colis?úo;Luz do Dia;;;Meio de Quadra;;;0;1;1;1;0;0;0;0;0;1;0;0;;
258014;6;10;2015;17:30;0;AV DOMINGOS OLIMPIO;;;681;;Colis?úo Traseira;Anoitecer;Bom;Seca;Meio de Quadra;Sem?íforo;Comercial;0;0;2;1;0;0;0;0;0;0;0;0;-3,737113000000000;-38,529842000000000
258027;6;10;2015;07:20;12884;RUA COS TRISTAO;RUA MES ROSA;;0;;Colis?úo;Luz do Dia;Bom;Seca;Cruz;Pare;Residencial;0;0;2;1;0;0;0;0;0;0;0;0;-3,741860000000000;-38,527652000000000
258032;6;10;2015;14:00;0;AV ALM HENRIQUE SABOIA;;;1300;TERMINAL DO PAPICU;Engavetamento;Luz do Dia;Bom;Seca;Meio de Quadra;;Comercial;0;0;3;1;1;0;1;0;0;0;0;0;-3,737974000000000;-38,485940000000000
258094;6;10;2015;13:15;25103;AV PONTES VIEIRA;RUA SABINO MONTE;;0;;;Luz do Dia;Bom;Seca;T;Pare;Comercial;0;0;2;1;0;0;0;0;0;0;0;0;-3,752611000000000;-38,512577000000000
258099;6;10;2015;09:30;1375;AV SANTOS DUMONT;RUA BARBOSA DE FREITAS;;0;;Colis?úo Transversal;Luz do Dia;Bom;Seca;Cruz;Sem?íforo;Comercial;0;0;2;1;1;0;0;0;0;0;0;0;-3,736551000000000;-38,497363000000000
258087;6;10;2015;10:30;0;AV AGUANAMBI;;;0;ROTAT?ôRIA;Colis?úo Lateral;Luz do Dia;Bom;Seca;Meio de Quadra;D?¬ Prefer?¬ncia;Comercial;0;0;2;1;0;0;0;0;0;0;0;0;-3,755538000000000;-38,523043000000000
258090;6;10;2015;11:00;15347;AV DOM LUIS;RUA TIBURCIO CAVALCANTE;;0;;Colis?úo Traseira;Luz do Dia;Bom;Seca;T;Sem?íforo;Comercial;0;0;3;1;0;0;0;0;0;0;0;0;-3,732021000000000;-38,501313000000000
258078;6;10;2015;09:37;0;AV ENG ALBERTO SA;;;1149;;Colis?úo Traseira;Luz do Dia;Bom;Seca;Meio de Quadra;N?úo H?í Controle;Comercial;0;0;2;1;0;0;0;0;0;1;0;0;-3,735428000000000;-38,472767000000000
258080;6;10;2015;19:00;24903;AV MOZART PINHEIRO DE LUCENA;RUA PEDRO SAMPAIO;;0;;Colis?úo Lateral;Via Iluminada;Bom;Seca;Cruz;Pare;Residencial;0;0;1;1;0;0;0;0;0;0;0;0;-3,723515000000000;-38,597226000000000
258081;6;10;2015;12:30;11339;AV GODOFREDO MACIEL;AV BENJAMIM BRASIL;;0;;Colis?úo Lateral;Luz do Dia;Bom;Seca;Cruz;Sem?íforo;Comercial;0;1;2;1;0;0;0;0;0;0;0;0;-3,803264000000000;-38,572040000000000
258083;6;10;2015;10:00;17412;RUA BAR SOBRAL;RUA ALBERTO MAGNO;;0;;Colis?úo Transversal;Luz do Dia;Bom;Seca;Cruz;Sem?íforo;Comercial;0;1;1;1;0;0;0;0;0;1;0;0;-3,767991000000000;-38,552417000000000
258076;6;10;2015;12:30;19664;RUA PRO JOSE DE BARCELOS;RUA GUSTAVO SAMPAIO;;0;;Engavetamento;Luz do Dia;Bom;Seca;Cruz;Pare;Residencial;0;0;3;1;0;0;0;0;0;0;0;0;-3,734101000000000;-38,550829000000000
258074;6;10;2015;13:40;19732;RUA TIP SALES;RUA GUSTAVO SAMPAIO;;0;;Colis?úo Transversal;Luz do Dia;Bom;Seca;Cruz;Pare;Comercial;0;0;2;1;0;0;0;0;0;0;0;0;-3,737013000000000;-38,564917000000000
258069;6;10;2015;17:10;26210;AV MIGUEL DIAS;AV CHANC EDSON QUEIROZ;;0;;Colis?úo Frontal;Anoitecer;Bom;Seca;Cruz;Sem?íforo;Comercial;0;0;2;1;0;0;0;0;0;1;0;0;;
258070;6;10;2015;07:00;24511;RUA DR QUIXADA FELICIO;AV J CJ POLAR;;0;;Colis?úo Lateral;Luz do Dia;Bom;Seca;Cruz;Pare;Residencial;0;1;2;0;1;0;0;0;0;1;0;0;-3,709781000000000;-38,596399000000000
258071;6;10;2015;20:47;18799;RUA VALPARAISO;RUA MARQUES DE SUCUPIRA;;0;;Colis?úo Traseira;Via Iluminada;Bom;Seca;Outros;Sem?íforo;Residencial;0;1;1;1;0;0;0;0;0;1;0;0;-3,845749000000000;-38,523682000000000
258072;6;10;2015;14:20;19758;RUA GAL PIRAGIBE;RUA DOM MANUEL DE MEDEIROS;;0;;Colis?úo Transversal;Luz do Dia;Bom;Seca;Cruz;Pare;Residencial;0;0;2;1;0;0;0;0;0;0;0;0;-3,737842000000000;-38,557957000000000
258067;6;10;2015;10:30;15821;RUA ANGELICA GURGEL;AV JOR THOMAZ COELHO;;0;;Colis?úo Lateral;Luz do Dia;Bom;Seca;T;Pare;Comercial;0;0;2;1;0;0;1;0;0;0;0;0;-3,832400000000000;-38,499058000000000
258041;6;10;2015;22:30;0;RUA TULIPA;;;363;;Colis?úo Traseira;Via Iluminada;Bom;Seca;Meio de Quadra;N?úo H?í Controle;Residencial;0;1;2;1;1;0;0;0;0;0;0;0;-3,713540000000000;-38,579194000000000
258046;6;10;2015;08:00;0;AV JOR THOMAZ COELHO;;;400;;Colis?úo Lateral;Luz do Dia;Bom;Seca;Meio de Quadra;N?úo H?í Controle;Comercial;0;0;2;1;1;0;0;0;0;0;0;0;;
258051;6;10;2015;10:25;22171;RUA CAP FRANCISCO PEDRO;RUA MAJ WEYNE;;0;;Colis?úo Transversal;Luz do Dia;Bom;Seca;Cruz;Pare;Residencial;0;0;3;1;0;0;0;0;0;0;0;0;-3,745761000000000;-38,547617000000000
258053;6;10;2015;13:35;2481;RUA GRACA ARANHA;RUA IRINEU DE SOUZA;;0;;Colis?úo Lateral;Luz do Dia;Bom;Seca;T;Pare;Residencial;0;1;1;0;0;0;0;0;0;1;0;0;-3,708963000000000;-38,573420000000000
258058;6;10;2015;14:30;1324;RUA TORRES CAMARA;RUA DR JOSE LOURENCO;;0;;Colis?úo Transversal;Luz do Dia;Bom;Seca;Cruz;Pare;Comercial;0;1;1;1;0;0;0;0;0;0;0;0;-3,735281000000000;-38,508053000000000
271412;6;10;2015;11:14;0;AV BEZERRA DE MENEZES;;;0;;Colis?úo;Luz do Dia;;;Meio de Quadra;;;0;0;2;0;0;0;0;0;0;0;0;0;;
271140;6;10;2015;18:00;0;AV PRS CASTELO BRANCO;;;2810;;Colis?úo;Anoitecer;;;Meio de Quadra;;;1;0;1;1;0;0;0;0;0;1;0;0;-3,712468000000000;-38,552819000000000
257966;6;10;2015;16:00;0;RUA CEL MATOS DOURADO;;;754;;Colis?úo Lateral;Luz do Dia;Bom;Seca;;;;0;0;2;0;1;0;0;0;0;0;0;0;-3,759501000000000;-38,585573000000000
257968;6;10;2015;17:45;0;AV DOM MANUEL;;;0;;Colis?úo Lateral;Anoitecer;Bom;Seca;Meio de Quadra;N?úo H?í Controle;Comercial;0;0;2;1;0;0;0;0;0;0;0;0;;
257969;6;10;2015;13:35;9151;RUA DOM SEBASTIAO LEME;RUA CEL JOSE EUCLIDES;;0;;Colis?úo Lateral;Luz do Dia;Bom;Seca;T;Pare;Comercial;0;1;1;0;0;0;0;0;0;1;0;0;-3,752461000000000;-38,525208000000000
257986;6;10;2015;14:00;3771;AV DOMINGOS OLIMPIO;AV DA UNIVERSIDADE;;0;;Colis?úo Lateral;Luz do Dia;Bom;Seca;Cruz;Sem?íforo;Comercial;0;0;2;1;0;0;0;0;0;0;0;0;-3,735594000000000;-38,534216000000000
257993;6;10;2015;07:50;8647;AV EDILSON B SOARES;RUA PRO SOLON FARIAS;;0;;Colis?úo Transversal;Luz do Dia;Bom;Seca;Cruz;Pare;Misto;0;1;1;1;0;0;0;0;0;1;0;0;-3,789155000000000;-38,477116000000000
257998;6;10;2015;16:00;15225;RUA ILDEFONSO ALBANO;RUA TEN BENEVOLO;;0;;Colis?úo Transversal;Luz do Dia;Bom;Seca;Cruz;Sem?íforo Intermitente;Comercial;0;0;2;1;0;0;0;0;0;0;0;0;-3,727294000000000;-38,511332000000000
259671;6;10;2015;06:42;0;RD CE-040;;;0;KM-04;Colis?úo;Luz do Dia;;Seca;Meio de Quadra;;;0;0;2;1;0;0;0;0;0;0;0;0;-3,792050000000000;-38,480251000000000
259672;6;10;2015;07:42;0;RD CE-040;;;0;KM-11;Colis?úo;Luz do Dia;;Seca;;;;0;0;2;1;0;0;0;0;0;0;0;0;-3,844873000000000;-38,480252000000000
259673;6;10;2015;19:30;0;RD CE-040;;;0;KM-10;Colis?úo;Luz do Dia;Bom;Seca;Meio de Quadra;;;0;0;2;1;0;0;0;0;0;0;0;0;-3,838671000000000;-38,480068000000000
258011;6;10;2015;16:00;11777;RUA JACINTO MATOS;RUA PDE CONSTANTINO;;0;;Colis?úo Transversal;Luz do Dia;Bom;Seca;Cruz;N?úo H?í Controle;Residencial;0;0;2;1;0;0;0;0;0;0;0;0;-3,716277000000000;-38,546479000000000
258004;6;10;2015;22:00;3903;AV JOAO PESSOA;AV DA UNIVERSIDADE;;0;;Colis?úo;Via Iluminada;Bom;Seca;Cruz;Sem?íforo;Misto;0;1;1;0;1;1;0;0;0;0;0;0;-3,745741000000000;-38,543442000000000
258006;6;10;2015;22:00;22717;RUA BILL CARTAXO;RUA EUCLIDES O DE SOUSA;;0;;Colis?úo Lateral;Via Iluminada;Bom;Seca;Cruz;Pare;Escola;0;1;1;1;0;0;0;0;1;0;0;0;-3,797710000000000;-38,473793000000000
257981;6;10;2015;14:40;0;TR POTIGUAR;;;0;;Colis?úo Lateral;Luz do Dia;Bom;Seca;Meio de Quadra;Outros;Residencial;0;0;2;1;0;0;0;0;0;0;0;0;;
259292;6;10;2015;21:10;0;RD BR 116;;;2000;KM-02;Colis?úo Lateral;Via Iluminada;Bom;Seca;Meio de Quadra;N?úo H?í Controle;Comercial;0;0;5;1;0;0;0;0;0;0;0;0;-3,771391000000000;-38,516780000000000
259337;6;10;2015;16:20;0;RD BR 222;;;0;KM-02;Colis?úo Traseira;Luz do Dia;Bom;Seca;Meio de Quadra;N?úo H?í Controle;Comercial;0;1;1;1;0;0;0;0;0;1;0;0;-3,738951000000000;-38,586880000000000
268648;6;10;2015;13:35;0;AV BENJAMIM BRASIL;;;0;DETRAN;Colis?úo;Luz do Dia;;;Meio de Quadra;;;0;1;0;1;0;0;0;0;0;1;0;0;;
268652;7;10;2015;15:00;0;RUA COM GARCIA;;;1738;;Colis?úo Lateral;Luz do Dia;;;Meio de Quadra;;;0;1;0;1;0;0;0;0;0;0;0;0;-3,797901000000000;-38,587493000000000
259301;7;10;2015;12:00;0;RD BR 116;;;6000;KM-06;Colis?úo;Luz do Dia;Bom;Seca;Meio de Quadra;N?úo H?í Controle;Comercial;0;1;1;0;0;0;1;0;0;1;0;0;-3,804691000000000;-38,503053000000000
258007;7;10;2015;06:10;3336;RUA VIRIATO RIBEIRO;RUA RIO GRANDE DO SUL;;0;;Colis?úo Transversal;Luz do Dia;Bom;Seca;Cruz;Pare;Residencial;0;1;1;0;1;0;0;0;0;1;0;0;-3,750184000000000;-38,561355000000000
258008;7;10;2015;13:35;6741;RUA ALMEIDA PRADO;RUA VILEBALDO AGUIAR;;0;;Colis?úo Lateral;Luz do Dia;Bom;Seca;Cruz;Pare;Comercial;0;1;1;1;0;0;0;0;0;1;0;0;-3,744545000000000;-38,475413000000000
258009;7;10;2015;15:40;25279;AV ROGACIANO LEITE;RUA DES WALDEMAR ALVES PEREIRA;;0;;Colis?úo Lateral;Luz do Dia;Bom;Material Derrapante;Cruz;N?úo H?í Controle;Comercial;0;0;2;1;1;0;0;0;0;0;0;0;;
258005;7;10;2015;06:30;0;AV GAL OSORIO DE PAIVA;;;3101;;Colis?úo Lateral;Luz do Dia;Bom;Seca;Meio de Quadra;N?úo H?í Controle;Comercial;0;0;2;0;1;0;0;0;0;0;0;0;-3,789656000000000;-38,587423000000000
258012;7;10;2015;10:50;13564;RUA CAP GUSTAVO;RUA CASTRO ALVES;;0;;Colis?úo Transversal;Via Iluminada;Bom;Seca;Cruz;Pare;Comercial;0;3;0;1;0;0;0;0;0;1;0;0;-3,749887000000000;-38,517747000000000
257995;7;10;2015;17:40;0;AV AUGUSTO DOS ANJOS;;;475;;Colis?úo Traseira;Anoitecer;Bom;Seca;Meio de Quadra;Sem?íforo;Comercial;0;0;2;1;1;0;0;0;0;0;0;0;-3,772751000000000;-38,572521000000000
258000;7;10;2015;19:00;1441;AV SANTOS DUMONT;RUA PRO DIAS DA ROCHA;;0;;Colis?úo Transversal;Via Iluminada;;Seca;;Pare;Comercial;0;0;2;1;0;0;0;0;0;0;0;0;-3,738113000000000;-38,492502000000000
258002;7;10;2015;13:50;21573;RUA LUIS VIEIRA;RUA ANTONIO COSTA MENDES (PQ S?âO JOS?ë);;0;;Colis?úo Transversal;;Bom;;Cruz;Pare;Residencial;0;1;1;0;0;0;0;0;0;1;0;0;;
258003;7;10;2015;14:00;0;AV JOSE BASTOS;;;6080;;Colis?úo Traseira;Luz do Dia;Bom;Seca;Meio de Quadra;Pare;Comercial;0;1;1;1;0;0;0;0;0;1;0;0;-3,764676000000000;-38,567178000000000
257990;7;10;2015;16:35;0;AV JOVITA FEITOSA;;;0;;Colis?úo Traseira;Luz do Dia;Bom;Seca;Meio de Quadra;N?úo H?í Controle;Comercial;0;1;2;1;0;0;0;0;0;0;0;0;;
257972;7;10;2015;14:30;0;AV AGUANAMBI;;;855;;Colis?úo Traseira;Luz do Dia;Bom;Seca;Meio de Quadra;N?úo H?í Controle;Comercial;0;0;2;1;0;0;0;0;0;0;0;0;-3,744120000000000;-38,525614000000000
257978;7;10;2015;17:30;21312;AV BEZERRA DE MENEZES;RUA JOSE SOMBRA;;0;;Colis?úo Traseira;Via Iluminada;Bom;Seca;Duplo T;Pare;Comercial;0;0;2;0;1;0;0;1;0;0;0;0;-3,732150000000000;-38,547516000000000