COD_ACIDENTE;DIA;MES;ANO;HORA;INTERSECAO;LOG1;LOG2;LOG3;NUMERO;REFERENCIA;NATUREZA;ILUMINACAO;TEMPO;SUPERFICIEPISTA;TIPOCRUZAMENTO;CONTROLETRAFEGO;USOSOLO;MORTOS;FERIDOS;ILESOS;AUTOMOVEL;ONIBUS;BICICLETA;CAMINHAO;MICROONIBUS;CICLOMOTOR;MOTOCICLETA;TRACAOANIMAL;TREM;LATITUDE;LONGITUDE
257983;7;10;2015;15:00;614;AV DR THEBERGE;RUA IRINEU DE SOUZA;;0;;Colis?úo Lateral;Luz do Dia;Bom;Seca;Cruz;Pare;Comercial;0;2;2;0;0;0;0;0;0;1;0;0;-3,712143000000000;-38,564134000000000
257980;7;10;2015;20:10;17375;RUA ALAN KARDEC;AV JOSE DO PATROCINIO;;0;;Colis?úo Transversal;Luz do Dia;Bom;Seca;Outros;Pare;Comercial;0;1;1;0;0;0;0;0;0;1;0;0;-3,766831000000000;-38,547462000000000
265172;7;10;2015;11:40;0;AV PRS CASTELO BRANCO;;;0;;Colis?úo;Luz do Dia;;;Meio de Quadra;;;0;0;2;1;0;0;0;0;0;0;0;0;;
259862;7;10;2015;19:20;0;RD CE-040;;;0;KM-05;Colis?úo;Via Iluminada;;Seca;Meio de Quadra;;;0;0;2;1;0;0;1;0;0;0;0;0;-3,790876000000000;-38,480349000000000
265359;7;10;2015;23:27;0;AV WASHINGTON SOARES;;;0;;Colis?úo;;;;Meio de Quadra;;;0;0;2;1;1;0;0;0;0;0;0;0;;
271416;7;10;2015;07:56;0;AV PDE ANTONIO TOMAS;;;0;;Colis?úo;Luz do Dia;;;Meio de Quadra;;;0;0;2;0;0;0;0;0;0;0;0;0;;
271424;7;10;2015;11:21;0;RUA MOCAMBIQUE;;;0;;Colis?úo;Luz do Dia;;;Meio de Quadra;;;0;0;2;0;0;0;0;0;0;0;0;0;;
258056;7;10;2015;08:00;0;AV GAL OSORIO DE PAIVA;;;4362;;Colis?úo Traseira;Luz do Dia;Bom;Seca;Meio de Quadra;;Comercial;0;0;2;0;0;0;0;0;0;0;0;0;-3,795786000000000;-38,593408000000000
258047;7;10;2015;19:00;0;RUA CARLOS RIBEIRO;;;200;;Colis?úo Frontal;Anoitecer;Bom;Seca;Meio de Quadra;Pare;Comercial;0;2;1;1;0;0;0;0;0;1;0;0;;
258049;7;10;2015;07:45;0;AV FRE CIRILO;;;0;;Colis?úo Lateral;Luz do Dia;Bom;Seca;Meio de Quadra;Sem?íforo;Comercial;0;1;2;1;0;0;0;0;0;1;0;0;;
258044;7;10;2015;14:30;19662;RUA PRO NOGUEIRA;RUA GUSTAVO SAMPAIO;;0;;Colis?úo Transversal;Luz do Dia;Bom;Seca;Cruz;Pare;Comercial;0;1;1;0;0;0;0;0;0;1;0;0;-3,733875000000000;-38,549740000000000
258065;7;10;2015;18:00;25653;RUA GAL BERNARDO FIGUEIREDO;RUA PRO JOSE DE BARCELOS;;0;;Colis?úo Transversal;;Bom;Seca;Cruz;Pare;Comercial;0;2;0;1;0;0;0;0;0;1;0;0;-3,739248000000000;-38,549779000000000
258062;7;10;2015;21:00;3771;AV DA UNIVERSIDADE;AV DOMINGOS OLIMPIO;;0;;Colis?úo Lateral;Via Iluminada;Bom;Seca;;Sem?íforo;Residencial;0;0;2;1;1;0;0;0;0;0;0;0;-3,735594000000000;-38,534216000000000
258029;7;10;2015;19:40;0;AV PRS JUSCELINO KUBITSCHEK (PASSAR?ë);;;0;;Colis?úo Traseira;Via Iluminada;Bom;Seca;Meio de Quadra;N?úo H?í Controle;Outros;0;0;2;1;0;0;0;0;0;0;0;0;;
258034;7;10;2015;15:30;0;TR STA TEREZINHA;;;7;;Colis?úo Lateral;Luz do Dia;Bom;Seca;Meio de Quadra;N?úo H?í Controle;Residencial;0;0;2;1;0;0;0;0;0;0;0;0;;
258020;7;10;2015;16:30;1322;AV DOM LUIS;RUA VICENTE LEITE;;0;;Colis?úo Traseira;Luz do Dia;Bom;Seca;Cruz;Sem?íforo;Comercial;0;0;2;1;0;0;0;0;0;0;0;0;-3,734197000000000;-38,494467000000000
258120;7;10;2015;10:10;0;AV ABOLICAO;;;0;;Colis?úo Traseira;Luz do Dia;Bom;Seca;Meio de Quadra;Sem?íforo;Comercial;0;0;2;1;0;0;1;0;0;0;0;0;;
258116;7;10;2015;12:40;13408;AV ANTONIO SALES;RUA BAR ARACATI;;0;;Colis?úo Transversal;Luz do Dia;Bom;Seca;Cruz;Pare;Comercial;0;0;2;1;0;0;0;0;0;0;0;0;-3,741563000000000;-38,514894000000000
258135;7;10;2015;07:30;12521;AV AUGUSTO DOS ANJOS;RUA JULIO BRAGA;;0;;Colis?úo Lateral;Luz do Dia;Bom;Seca;Duplo T;N?úo H?í Controle;Comercial;0;1;1;1;0;0;1;0;0;0;0;0;-3,776779000000000;-38,576193000000000
258140;7;10;2015;10:15;0;AV SEN CARLOS JEREISSATI (AEROPORTO);;;3000;AEROPORTO;Colis?úo Lateral;Luz do Dia;Bom;;Meio de Quadra;;;0;0;2;1;0;0;0;0;0;0;0;0;-3,780382000000000;-38,541414000000000
267574;7;10;2015;05:55;0;RUA HOLANDA;;;0;;Queda;Amanhecer;;;Meio de Quadra;;;0;1;0;0;0;0;0;0;0;1;0;0;;
267576;7;10;2015;07:12;5269;AV DUQ CAXIAS;RUA PDE IBIAPINA;;0;;Colis?úo;Luz do Dia;;;Cruz;Sem?íforo;Comercial;0;1;1;1;0;0;0;0;0;1;0;0;-3,728446000000000;-38,540226000000000
267636;7;10;2015;19:36;0;AV ENG SANTANA JUNIOR;;;0;;Colis?úo;;;;Meio de Quadra;;;0;1;0;0;0;0;0;0;0;0;0;0;;
267637;7;10;2015;21:07;0;AV MAJ ASSIS;;;0;;Colis?úo;;;;Meio de Quadra;;;0;1;1;1;0;0;0;0;0;1;0;0;-3,722077000000000;-38,594487000000000
267638;7;10;2015;21:43;13742;AV WASHINGTON SOARES;RUA NELSON STUDART;;0;;Atropelamento;;;;T;Pare;Residencial;0;1;1;1;0;0;0;0;0;0;0;0;-3,773794000000000;-38,481827000000000
267631;7;10;2015;18:25;0;AV MR HULL;;;0;;Colis?úo;Anoitecer;;;Meio de Quadra;;;0;1;0;0;0;0;0;0;0;1;0;0;;
267632;7;10;2015;18:53;13564;RUA CASTRO ALVES;RUA CAP GUSTAVO;;0;;Colis?úo;;;;Cruz;Pare;Residencial;0;1;1;1;0;0;0;0;0;1;0;0;-3,749887000000000;-38,517747000000000
267633;7;10;2015;19:07;0;RUA AFONSO LOPES;;;0;;Colis?úo;;;;Meio de Quadra;;;0;1;1;1;0;0;0;0;0;1;0;0;-3,790215000000000;-38,547340000000000
267586;7;10;2015;07:19;0;RUA FRANCISCO MATOS;;;0;;Colis?úo;Luz do Dia;;;Meio de Quadra;;;0;1;1;1;0;0;0;0;0;1;0;0;;
267595;7;10;2015;07:49;0;RUA GUARANI D65;;;0;;Colis?úo;Luz do Dia;;;Meio de Quadra;;;0;1;1;1;0;0;0;0;0;1;0;0;;
267601;7;10;2015;08:29;0;RUA NUNES VALENTE;;;0;;Colis?úo;Luz do Dia;;;Meio de Quadra;;;0;1;1;1;0;1;0;0;0;0;0;0;-3,739508000000000;-38,504786000000000
267602;7;10;2015;09:41;0;AV SEN FERNANDES TAVORA;;;0;;Colis?úo;Luz do Dia;;;Meio de Quadra;;;0;1;1;1;0;0;0;0;0;1;0;0;-3,757953000000000;-38,590099000000000
267626;7;10;2015;10:00;0;AV ALBERTO CRAVEIRO;;;0;;Colis?úo;Luz do Dia;;;Meio de Quadra;;;0;1;1;1;0;0;0;0;0;1;0;0;;
267627;7;10;2015;12:11;0;AV SGT HERMINIO SAMPAIO;;;0;;Atropelamento;Luz do Dia;;;Meio de Quadra;;;0;1;1;0;0;0;0;0;0;1;0;0;-3,724577000000000;-38,547354000000000
267629;7;10;2015;17:27;0;TR CAP ARAGAO;;;0;;Colis?úo;Anoitecer;;;Meio de Quadra;;;0;1;0;0;0;0;0;0;0;0;0;0;;
267679;8;10;2015;19:10;0;RD BR 116;;;13000;KM-13;Queda;;;;Meio de Quadra;;;0;1;0;0;0;0;0;0;0;1;0;0;-3,864670000000000;-38,497727000000000
267681;8;10;2015;20:21;0;AV CEL CARVALHO;;;0;;Colis?úo;;;;Meio de Quadra;;;0;1;0;0;0;0;0;0;0;0;0;0;;
267682;8;10;2015;21:26;0;AV PRS COSTA E SILVA;;;0;;Queda;;;;Meio de Quadra;;;0;1;0;0;0;0;0;0;0;1;0;0;;
267644;8;10;2015;07:19;0;AV BEZERRA DE MENEZES;;;0;;Colis?úo;Luz do Dia;;;Meio de Quadra;;;0;1;1;1;0;0;0;0;0;1;0;0;-3,733304000000000;-38,553012000000000
267645;8;10;2015;09:10;0;RUA RIO GRANDE DO SUL;;;0;;Colis?úo;Luz do Dia;;;Meio de Quadra;;;0;1;1;1;0;0;0;0;0;1;0;0;-3,758548000000000;-38,567515000000000
267641;8;10;2015;05:50;0;AV SGT HERMINIO SAMPAIO;;;0;;Queda;Amanhecer;;;Meio de Quadra;;;0;1;0;0;0;0;0;0;0;1;0;0;-3,726817000000000;-38,563004000000000
267642;8;10;2015;06:21;0;RUA SAMIR HILUY;;;0;;Queda;Luz do Dia;;;Meio de Quadra;;;0;1;0;0;0;0;0;0;0;1;0;0;;
267647;8;10;2015;09:43;0;RUA PDE MIGUELINHO;;;0;;Atropelamento;Luz do Dia;;;Meio de Quadra;;;0;1;1;1;0;0;0;0;0;0;0;0;-3,742010000000000;-38,535348000000000
267648;8;10;2015;09:51;0;RUA CLARINDO PEREIRA;;;0;;Queda;Luz do Dia;;;Meio de Quadra;;;0;1;0;0;0;1;0;0;0;0;0;0;;
267649;8;10;2015;11:18;14416;RUA RAIMUNDO CORREIA;RUA DR ALMEIDA FILHO;;0;;Atropelamento;Luz do Dia;;;Cruz;Pare;Residencial;0;1;1;1;0;0;0;0;0;0;0;0;-3,724488000000000;-38,558751000000000
267652;8;10;2015;15:24;4250;AV FRANCISCO SA;RUA PDE ANCHIETA;;0;;Colis?úo;Luz do Dia;;;Cruz;Sem?íforo;Comercial;0;1;0;0;0;0;0;0;0;0;0;0;-3,719988000000000;-38,549538000000000
257361;8;10;2015;21:30;0;RUA JORGE ACURCIO;;;230;;Colis?úo;;;;Meio de Quadra;;;0;0;2;1;0;0;0;0;0;0;0;0;-3,762247000000000;-38,530508000000000
258164;8;10;2015;10:00;0;AV DOMINGOS OLIMPIO;;;1050;;Colis?úo Lateral;Luz do Dia;Bom;Seca;Meio de Quadra;Sem?íforo;Comercial;0;0;2;1;0;0;1;0;0;0;0;0;-3,735873000000000;-38,533283000000000
258165;8;10;2015;14:45;8125;RUA MANUEL DE QUEIROZ;RUA BENTO ALBUQUERQUE;;0;;Colis?úo Lateral;Luz do Dia;Bom;Seca;Cruz;Pare;Misto;0;0;2;1;0;0;0;0;0;0;0;0;-3,748837000000000;-38,467393000000000
258166;8;10;2015;12:10;19658;AV BEZERRA DE MENEZES;RUA PRO ANACLETO;;0;;Colis?úo Traseira;Luz do Dia;Bom;Seca;T;Sem?íforo;Comercial;0;0;2;1;0;0;0;0;0;0;0;0;-3,733352000000000;-38,553238000000000
258167;8;10;2015;09:30;0;RUA MON BRUNO;;;819;;Outros;Luz do Dia;Bom;Seca;Meio de Quadra;N?úo H?í Controle;Comercial;0;0;1;1;0;0;0;0;0;0;0;0;-3,729684000000000;-38,508554000000000
258168;8;10;2015;11:00;0;AV EDUARDO GIRAO;;;1245;;Colis?úo Lateral;Luz do Dia;Bom;Seca;Meio de Quadra;N?úo H?í Controle;Comercial;0;3;0;0;0;0;0;0;0;1;0;0;-3,752503000000000;-38,532582000000000
258172;8;10;2015;11:10;0;AV PRS CASTELO BRANCO;;;0;;Colis?úo Lateral;Luz do Dia;Bom;Seca;Meio de Quadra;N?úo H?í Controle;Comercial;0;0;2;1;0;0;0;0;0;0;0;0;;
258189;8;10;2015;21:30;14421;AV SGT HERMINIO SAMPAIO;RUA PDE ANCHIETA;;0;;Colis?úo Lateral;Via Iluminada;Bom;Seca;Cruz;Sem?íforo;Comercial;0;0;2;1;0;0;0;0;0;0;0;0;-3,724693000000000;-38,551079000000000
258187;8;10;2015;21:17;23567;AV GOV RAUL BARBOSA;RUA ESV PINHEIRO;;0;;Colis?úo;;;;Duplo T;Pare;Residencial;0;0;3;1;0;0;1;0;0;0;0;0;-3,761659000000000;-38,507767000000000
258174;8;10;2015;04:10;18299;RUA SEN ALMINO;RUA JOSE AVELINO;;0;;Colis?úo Transversal;Via Iluminada;Nublado;Seca;Cruz;Pare;Comercial;0;2;1;1;0;0;0;0;0;1;0;0;-3,722476000000000;-38,517954000000000
258182;8;10;2015;09:30;0;RUA BAR ARACATI;;;767;;Colis?úo Lateral;Luz do Dia;Bom;Seca;Meio de Quadra;N?úo H?í Controle;Residencial;0;0;2;0;0;0;1;0;0;0;0;0;-3,728129000000000;-38,510418000000000
258185;8;10;2015;08:00;1538;RUA LEONARDO MOTA;AV PDE ANTONIO TOMAS;;0;;Colis?úo Transversal;Luz do Dia;Bom;Seca;Cruz;Sem?íforo;Residencial;0;0;2;0;1;0;0;0;0;0;0;0;-3,740811000000000;-38,497662000000000
258121;8;10;2015;09:20;15576;RUA CEL JOAO OLIVEIRA;RUA TEN JOSE NEWTON;;0;;Colis?úo Lateral;Luz do Dia;Bom;Seca;T;N?úo H?í Controle;Residencial;0;0;2;1;1;0;0;0;0;0;0;0;-3,822426000000000;-38,491369000000000
258125;8;10;2015;13:20;0;AV CARAPINIMA;;;2425;;Colis?úo Lateral;Luz do Dia;Bom;Seca;Meio de Quadra;Sem?íforo Intermitente;Comercial;0;0;2;1;1;0;0;0;0;0;0;0;-3,741071000000000;-38,541304000000000
258153;8;10;2015;15:00;17570;RUA ESPIRITO SANTO;RUA MARANHAO;;0;;Colis?úo Lateral;Luz do Dia;Bom;Seca;T;Pare;Residencial;1;0;2;0;0;0;0;0;0;1;0;0;-3,753779000000000;-38,568699000000000
258154;8;10;2015;21:00;4000;AV PRO GOMES DE MATOS;RUA RAUL UCHOA;;0;;Colis?úo Traseira;Via Iluminada;Bom;Seca;Cruz;Pare;Comercial;0;1;1;1;0;0;0;0;0;1;0;0;-3,760768000000000;-38,545294000000000
258021;8;10;2015;18:00;0;RUA CAP TIBURCIO DA FROTA;;;575;;Colis?úo Frontal;Mal Iluminada;Bom;Seca;Meio de Quadra;;Residencial;0;2;1;1;0;0;0;0;0;1;0;0;-3,754991000000000;-38,514638000000000
258016;8;10;2015;06:20;0;RUA BATISTA DE OLIVEIRA;;;0;;Colis?úo Transversal;Luz do Dia;Bom;Seca;Meio de Quadra;Pare;Residencial;0;0;2;1;0;0;0;0;0;0;0;0;;
258018;8;10;2015;18:04;0;AV DES FAUSTINO ALBUQUERQUE;;;732;;Colis?úo Transversal;Anoitecer;Bom;Seca;Meio de Quadra;N?úo H?í Controle;Residencial;0;1;1;1;0;0;0;0;0;1;0;0;-3,786257000000000;-38,499566000000000
258019;8;10;2015;19:00;0;AV SEN FERNANDES TAVORA;;;808;;Colis?úo Lateral;Via Iluminada;Bom;Seca;Meio de Quadra;Sem?íforo;Comercial;0;0;2;1;1;0;0;0;0;0;0;0;-3,763247000000000;-38,580184000000000
258063;8;10;2015;13:00;17951;RUA JOAQUIM ALBANO;RUA DRACON BARRETO;;0;;Colis?úo Traseira;Luz do Dia;Bom;Seca;Cruz;Pare;Misto;0;1;1;1;0;0;0;0;0;0;0;0;-3,735122000000000;-38,578990000000000
258064;8;10;2015;09:30;0;RUA PDE MIGUELINHO;;;0;;Outros;Luz do Dia;Bom;Seca;Meio de Quadra;Pare;Comercial;0;0;2;1;0;0;0;0;0;0;0;0;;
258040;8;10;2015;14:50;1654;AV SEN VIRGILIO TAVORA;RUA BENI DE CARVALHO;;0;;Colis?úo Lateral;Luz do Dia;Bom;Seca;Cruz;Sem?íforo;Misto;0;1;1;1;0;0;0;0;0;1;0;0;-3,744098000000000;-38,500877000000000
258061;8;10;2015;13:00;14556;RUA REPUBLICA ARMENIA;RUA ENG ANTONIO F ANTERO;;0;;Colis?úo Lateral;Luz do Dia;Bom;Seca;Cruz;Pare;Comercial;0;0;2;1;1;0;0;0;0;0;0;0;-3,788251000000000;-38,481447000000000
258045;8;10;2015;;7694;RUA RIO GRANDE DO NORTE;RUA RIO GRANDE DO SUL;;0;;Colis?úo Transversal;Luz do Dia;Bom;Seca;Cruz;Pare;Residencial;0;1;2;1;0;0;0;0;0;1;0;0;-3,758617000000000;-38,567559000000000
258042;8;10;2015;13:50;23338;RUA OSVALDO CRUZ (ALDEOTA);RUA EDUARDO BEZERRA;;0;;Colis?úo Transversal;Luz do Dia;Bom;Seca;Cruz;Pare;Residencial;0;0;2;1;0;0;0;0;0;0;0;0;-3,753129000000000;-38,505966000000000
258043;8;10;2015;20:00;1428;RUA MARIA TOMASIA;RUA MON CATAO;;0;;Colis?úo Transversal;Via Iluminada;Bom;Seca;Cruz;Pare;Residencial;0;2;0;0;0;0;0;0;0;1;0;0;-3,737741000000000;-38,490242000000000
258059;8;10;2015;08:00;0;AV TRISTAO GONCALVES;;;0;IGREJA UNIVERSAL;Colis?úo Traseira;Luz do Dia;Bom;Seca;Meio de Quadra;;Comercial;0;0;2;0;1;0;0;0;0;0;0;0;;
258054;8;10;2015;08:50;16679;AV PRS COSTA E SILVA;AV 1 LOT ARVOREDO;;0;;Colis?úo Lateral;Luz do Dia;Bom;Seca;T;Pare;Residencial;0;0;2;0;1;0;0;0;0;0;0;0;-3,817735000000000;-38,565160000000000
258084;8;10;2015;16:15;0;AV JOVITA FEITOSA;;;2694;;Engavetamento;Luz do Dia;Bom;Seca;Meio de Quadra;Sem?íforo Intermitente;Residencial;0;0;3;1;0;0;0;0;0;0;0;0;-3,740826000000000;-38,561287000000000
258088;8;10;2015;16:40;261;AV JOVITA FEITOSA;RUA PRO LINO ENCARNACAO;;0;;Colis?úo Traseira;Luz do Dia;Bom;Seca;Cruz;Sem?íforo Intermitente;Residencial;0;0;2;1;0;0;1;0;0;0;0;0;-3,740720000000000;-38,560746000000000
271136;8;10;2015;18:20;0;AV TEN LISBOA;;;1000;CEMEC;Atropelamento;Anoitecer;;;Meio de Quadra;;;1;0;1;1;0;0;0;0;0;0;0;0;;
271427;8;10;2015;10:21;0;AV GODOFREDO MACIEL;;;0;;Colis?úo;Luz do Dia;;;Meio de Quadra;;;0;0;2;0;0;0;0;0;0;0;0;0;;
271433;8;10;2015;14:22;0;AV ZEZE DIOGO;;;0;;Colis?úo;Luz do Dia;;;Meio de Quadra;;;0;0;2;0;0;0;0;0;0;0;0;0;;
271430;8;10;2015;12:43;0;RUA ATILANO MOURA;;;0;;Colis?úo;Luz do Dia;;;Meio de Quadra;;;0;0;2;0;0;0;0;0;0;0;0;0;;
271460;8;10;2015;21:46;0;RUA POE MARIO LINHARES (J.WALTER);;;0;;Colis?úo;;;;Meio de Quadra;;;0;0;2;0;0;0;0;0;0;0;0;0;;
259863;8;10;2015;18:30;0;AV MIN JOSE AMERICO;;;0;;Colis?úo;Via Iluminada;;Seca;Meio de Quadra;;;0;0;2;1;0;0;0;0;0;0;0;0;;
257994;8;10;2015;;0;RUA BERNARDO MANUEL;;;8851;;Colis?úo Traseira;Luz do Dia;Bom;Seca;Meio de Quadra;Sem?íforo;Residencial;0;0;2;1;0;0;0;0;0;0;0;0;-3,796941000000000;-38,550884000000000
257996;8;10;2015;14:30;0;AV GAL OSORIO DE PAIVA;;;4675;;Colis?úo Lateral;Luz do Dia;Bom;Seca;Meio de Quadra;N?úo H?í Controle;Residencial;0;0;2;1;0;0;0;0;0;1;0;0;-3,800026000000000;-38,597515000000000
257997;8;10;2015;12:30;22181;RUA PDE CICERO;RUA MON FURTADO;;0;;Colis?úo Transversal;Luz do Dia;Bom;Seca;Cruz;Pare;Residencial;0;0;2;1;0;0;0;0;0;0;0;0;-3,743010000000000;-38,546459000000000
257999;8;10;2015;09:00;25121;RUA FIRMINO ROCHA AGUIAR;RUA ELISEU UCHOA BECCO;;0;;Colis?úo Transversal;Luz do Dia;Bom;Seca;Cruz;N?úo H?í Controle;Residencial;0;0;2;1;0;0;0;0;0;0;0;0;-3,763391000000000;-38,486120000000000
259302;8;10;2015;08:10;0;RD BR 116;;;3000;KM-03;Colis?úo Lateral;Luz do Dia;Bom;Seca;Meio de Quadra;N?úo H?í Controle;Comercial;0;0;2;0;0;0;0;0;0;0;0;0;-3,779838000000000;-38,514372000000000
259338;8;10;2015;20:30;0;RD BR 222;;;0;KM-03;Colis?úo;Via Iluminada;Bom;Seca;Meio de Quadra;N?úo H?í Controle;Comercial;1;0;1;0;1;1;0;0;0;0;0;0;-3,736999000000000;-38,571997000000000
259303;9;10;2015;17:00;0;RD BR 116;;;5000;KM-05;Colis?úo Traseira;Anoitecer;Bom;Seca;Meio de Quadra;N?úo H?í Controle;Comercial;0;1;4;1;0;0;0;0;0;0;0;0;-3,796502000000000;-38,506787000000000
258001;9;10;2015;15:20;17898;AV SGT HERMINIO SAMPAIO;RUA DOM MAURICIO;;0;;Colis?úo Traseira;Luz do Dia;Bom;Seca;Cruz;Sem?íforo;Comercial;0;0;2;1;0;0;0;0;0;1;0;0;-3,730570000000000;-38,576842000000000
257991;9;10;2015;18:30;0;RUA JORGE ACURCIO;;;0;;Colis?úo Lateral;Via Iluminada;Bom;Seca;Meio de Quadra;Pare;Comercial;0;0;2;1;0;0;0;0;0;0;0;0;;
257992;9;10;2015;13:20;12892;AV DOMINGOS OLIMPIO;RUA BAR RIO BRANCO;;0;;Colis?úo Lateral;Luz do Dia;Bom;Seca;Cruz;Sem?íforo;Comercial;0;0;2;1;0;0;0;1;0;0;0;0;-3,736579000000000;-38,531494000000000
257987;9;10;2015;07:30;12762;RUA JORGE DUMAR;AV BORGES DE MELO;;0;;Colis?úo Lateral;Luz do Dia;Bom;Seca;Cruz;Sem?íforo;Comercial;0;1;1;1;0;0;0;0;0;1;0;0;-3,752695000000000;-38,539369000000000
257988;9;10;2015;14:00;12845;RUA BAR ARATANHA;RUA SILVA JARDIM;;0;;Colis?úo Lateral;Luz do Dia;Bom;Seca;Cruz;Pare;Residencial;0;0;2;1;0;0;0;0;0;0;0;0;-3,741779000000000;-38,529351000000000
257989;9;10;2015;10:30;0;AV VIS RIO BRANCO;;;1279;;Colis?úo Transversal;Luz do Dia;Bom;Seca;Meio de Quadra;N?úo H?í Controle;Misto;0;2;0;0;0;1;0;0;0;1;0;0;-3,732264000000000;-38,524853000000000
257984;9;10;2015;21:30;22201;AV SGT HERMINIO SAMPAIO;RUA DR GILBERTO CAMARA;;0;;Colis?úo Lateral;Anoitecer;Bom;Seca;Cruz;Pare;Misto;0;0;2;1;0;0;0;0;0;1;0;0;-3,726645000000000;-38,562028000000000
257985;9;10;2015;15:13;0;AV PRS JUSCELINO KUBITSCHEK (PASSAR?ë);;;3535;;Colis?úo Transversal;Luz do Dia;Bom;Seca;Meio de Quadra;Outros;Comercial;0;0;2;1;0;0;0;0;0;0;0;0;-3,812249000000000;-38,528713000000000
259872;9;10;2015;09:00;0;RD CE-040;;;0;KM-06;Colis?úo;Luz do Dia;;Seca;Meio de Quadra;;;0;0;2;1;0;0;0;0;0;0;0;0;-3,811270000000000;-38,478781000000000
265387;9;10;2015;15:42;0;RUA BENTO ALBUQUERQUE;;;0;;Colis?úo;Luz do Dia;;;Meio de Quadra;;;0;0;2;1;1;0;0;0;0;0;0;0;;
265385;9;10;2015;15:01;0;AV GODOFREDO MACIEL;;;0;;Outros;Luz do Dia;;;Meio de Quadra;;;0;0;1;1;0;0;0;0;0;0;0;0;;
265382;9;10;2015;14:25;0;RUA JOSE HIPOLITO;;;0;;Colis?úo;Luz do Dia;;;Meio de Quadra;;;0;0;2;1;0;0;0;0;0;0;0;0;;
271461;9;10;2015;22:42;0;RUA PRO GOMES BRASIL;;;0;;Colis?úo;;;;Meio de Quadra;;;0;0;2;0;0;0;0;0;0;0;0;0;;
271462;9;10;2015;22:57;15344;RUA CANUTO DE AGUIAR;AV SEN VIRGILIO TAVORA;;0;;Colis?úo;;;;Cruz;Sem?íforo;Residencial;0;0;2;0;0;0;0;0;0;0;0;0;-3,731880000000000;-38,491567000000000
271454;9;10;2015;18:08;0;RUA FLORESTA;;;0;;Colis?úo;Anoitecer;;;Meio de Quadra;;;0;0;2;0;0;0;0;0;0;0;0;0;;
271455;9;10;2015;18:19;0;RUA OLIVEIRA SOBRINHO;;;0;;Colis?úo;Anoitecer;;;Meio de Quadra;;;0;0;2;0;0;0;0;0;0;0;0;0;;
271456;9;10;2015;18:40;25013;RUA ADOLFO B DE MENEZES;RUA TEODOMIRO DE CASTRO;;0;;Colis?úo;;;;Cruz;Pare;Residencial;0;0;2;0;0;0;0;0;0;0;0;0;-3,716619000000000;-38,577425000000000
271458;9;10;2015;19:08;0;LOGRADOURO SEM NOME;;;0;;Colis?úo;;;;Meio de Quadra;;;0;0;2;0;0;0;0;0;0;0;0;0;;
271459;9;10;2015;21:46;0;RUA POE MARIO LINHARES (J.WALTER);;;0;;Colis?úo;;;;Meio de Quadra;;;0;0;2;0;0;0;0;0;0;0;0;0;;
271442;9;10;2015;12:16;0;AV VICENTE DE CASTRO;;;0;;Colis?úo;Luz do Dia;;;Meio de Quadra;;;0;0;2;0;0;0;0;0;0;0;0;0;;
271443;9;10;2015;12:30;0;RUA SAO JOSE D03;;;0;;Colis?úo;Luz do Dia;;;Meio de Quadra;;;0;0;2;0;0;0;0;0;0;0;0;0;;
271437;9;10;2015;05:25;0;AV JOVITA FEITOSA;;;0;;Choque c/ Obst?ículo Fixo;Amanhecer;;;Meio de Quadra;;;0;0;2;0;0;0;0;0;0;0;0;0;;
271445;9;10;2015;12:46;9723;RUA GERALDO BARBOSA;RUA GUARAREMA;;0;;Colis?úo;Luz do Dia;;;;;;0;0;2;0;0;0;0;0;0;0;0;0;-3,786464000000000;-38,619056000000000
271447;9;10;2015;12:48;0;AV CHANC EDSON QUEIROZ;;;0;;Colis?úo;Luz do Dia;;;Meio de Quadra;;;0;0;2;0;0;0;0;0;0;0;0;0;;
271449;9;10;2015;12:51;0;AV JOSE BASTOS;;;0;;Colis?úo;Luz do Dia;;;Meio de Quadra;;;0;0;2;0;0;0;0;0;0;0;0;0;;
271450;9;10;2015;13:56;0;RUA CURITIBA;;;0;;Colis?úo;Luz do Dia;;;Meio de Quadra;;;0;1;1;0;0;0;0;0;0;0;0;0;;
258089;9;10;2015;15:30;1558;AV BAR STUDART;RUA PDE VALDEVINO;;0;;Colis?úo Lateral;Luz do Dia;Bom;Seca;Cruz;Sem?íforo;Misto;0;1;1;0;1;0;0;0;0;1;0;0;-3,741641000000000;-38,508855000000000
258096;9;10;2015;07:30;3188;RUA EMILIO DE MENESES;RUA LUZIA MOREIRA;;0;;Colis?úo Traseira;;Bom;Seca;Cruz;;Residencial;0;0;2;1;0;0;0;0;0;0;0;0;-3,780117000000000;-38,593217000000000
258091;9;10;2015;11:30;5364;AV TRISTAO GONCALVES;RUA GAL CLARINDO DE QUEIROZ;;0;;Colis?úo Lateral;Luz do Dia;Bom;Seca;Cruz;N?úo H?í Controle;Comercial;0;0;2;1;0;0;0;0;0;0;0;0;-3,731314000000000;-38,534472000000000
258092;9;10;2015;09:30;19657;AV BEZERRA DE MENEZES;RUA PRO RAIMUNDO ARRUDA;;0;;Colis?úo Lateral;Luz do Dia;Bom;Seca;Cruz;Sem?íforo;Comercial;0;0;2;1;0;0;0;0;0;0;0;0;-3,733126000000000;-38,552148000000000
258093;9;10;2015;18:35;19664;RUA GUSTAVO SAMPAIO;RUA PRO JOSE DE BARCELOS;;0;;Colis?úo Transversal;Via Iluminada;Bom;Seca;Cruz;Pare;Residencial;0;1;1;0;0;0;0;0;0;1;0;0;-3,734101000000000;-38,550829000000000