COD_ACIDENTE;DIA;MES;ANO;HORA;INTERSECAO;LOG1;LOG2;LOG3;NUMERO;REFERENCIA;NATUREZA;ILUMINACAO;TEMPO;SUPERFICIEPISTA;TIPOCRUZAMENTO;CONTROLETRAFEGO;USOSOLO;MORTOS;FERIDOS;ILESOS;AUTOMOVEL;ONIBUS;BICICLETA;CAMINHAO;MICROONIBUS;CICLOMOTOR;MOTOCICLETA;TRACAOANIMAL;TREM;LATITUDE;LONGITUDE
258085;9;10;2015;11:00;0;RUA FRANCISCO XEREZ;;;100;;Colis?úo Lateral;Luz do Dia;Bom;Seca;Meio de Quadra;Pare;Residencial;0;1;1;1;0;0;0;0;0;1;0;0;-3,759447000000000;-38,485635000000000
258082;9;10;2015;11:40;0;AV OLIVEIRA PAIVA;;;0;;Colis?úo Traseira;Luz do Dia;Bom;Seca;Meio de Quadra;N?úo H?í Controle;Comercial;0;0;2;1;0;0;0;0;0;0;0;0;;
258079;9;10;2015;16:30;0;AV GAL MURILO BORGES;;;0;;Colis?úo Transversal;Luz do Dia;Bom;Seca;Meio de Quadra;N?úo H?í Controle;Outros;0;1;1;1;0;0;0;0;0;1;0;0;;
258055;9;10;2015;15:00;1544;RUA PAULA NEI;RUA PRO DIAS DA ROCHA;;0;;Colis?úo Transversal;Luz do Dia;Bom;Seca;Cruz;Pare;Misto;0;1;1;1;0;0;0;0;0;0;0;0;-3,741062000000000;-38,493448000000000
258052;9;10;2015;20:00;0;RUA VALMIR PONTES;;;0;;Colis?úo Transversal;Via Iluminada;Bom;Seca;Meio de Quadra;Pare;Escola;0;2;1;1;0;0;0;0;0;1;0;0;;
258060;9;10;2015;20:30;0;RUA ANSELMO NOGUEIRA;;;509;;Colis?úo Traseira;Via Iluminada;Bom;Seca;Meio de Quadra;N?úo H?í Controle;Residencial;0;0;2;1;0;0;0;0;0;0;0;0;-3,782764000000000;-38,587653000000000
258057;9;10;2015;17:37;0;RUA ESTADO DO RIO;;;0;;Colis?úo Lateral;Via Iluminada;Bom;Seca;Meio de Quadra;Pare;Misto;0;0;2;1;0;0;0;0;0;0;0;0;;
258050;9;10;2015;19:29;5702;RUA CHICO LEMOS;RUA ANTONIO DE CASTRO;;0;;Colis?úo Lateral;Via Iluminada;Bom;Seca;Cruz;Outros;Residencial;0;0;2;1;0;0;0;0;0;0;0;0;-3,793843000000000;-38,497987000000000
258048;9;10;2015;21:00;1812;AV DO VAQUEIRO;RUA FLORESTA;;0;;Colis?úo Transversal;Via Iluminada;Bom;Seca;T;N?úo H?í Controle;Residencial;0;0;2;0;1;0;0;0;0;0;0;0;-3,860294000000000;-38,503879000000000
258066;9;10;2015;09:40;1657;RUA BENI DE CARVALHO;RUA CEL JUCA;;0;;Colis?úo Transversal;Luz do Dia;Bom;Seca;Cruz;Sem?íforo;Misto;0;1;1;0;0;0;0;0;0;1;0;0;-3,746301000000000;-38,494070000000000
258068;9;10;2015;10:15;15298;RUA ANA BILHAR;RUA BARBOSA DE FREITAS;;0;;Colis?úo Transversal;Luz do Dia;Bom;Seca;Cruz;Pare;Residencial;0;0;2;1;0;0;0;0;0;0;0;0;-3,729646000000000;-38,495143000000000
258077;9;10;2015;06:20;0;AV JOVITA FEITOSA;;;3018;;Colis?úo Traseira;Luz do Dia;Bom;Seca;Meio de Quadra;Outros;Misto;0;0;2;0;0;0;0;0;0;0;0;0;-3,741549000000000;-38,564747000000000
258035;9;10;2015;16:00;348;RUA CESAR FONTENELE;RUA PRO LINO ENCARNACAO;;0;;Colis?úo Transversal;Luz do Dia;Bom;Seca;Cruz;Pare;Residencial;0;0;2;0;0;0;0;0;0;0;0;0;-3,746359000000000;-38,559596000000000
258036;9;10;2015;09:50;23322;RUA GAL OLAVO OLIVEIRA ALBUQUERQUE;RUA MANGUESAIS;;0;;Colis?úo Traseira;Luz do Dia;Bom;Seca;T;Pare;Residencial;0;0;2;1;0;0;0;0;0;0;0;0;;
258037;9;10;2015;13:40;0;AV GODOFREDO MACIEL;;;4040;;Colis?úo Traseira;Luz do Dia;Bom;Seca;Meio de Quadra;Outros;Comercial;0;0;2;1;0;0;0;0;0;0;0;0;-3,809687000000000;-38,574045000000000
258038;9;10;2015;17:55;15231;RUA JUAZEIRO DO NORTE;RUA JOSE NAPOLEAO;;0;;Colis?úo Transversal;Via Iluminada;Bom;Seca;Cruz;Pare;Residencial;0;1;1;1;0;0;0;0;0;1;0;0;-3,727391000000000;-38,490146000000000
258039;9;10;2015;10:00;23451;RUA PAULO FIRMEZA;RUA SABINO MONTE;;0;;Colis?úo Transversal;Luz do Dia;Bom;Seca;Cruz;Pare;Residencial;0;0;2;1;0;0;0;0;0;0;0;0;-3,757031000000000;-38,511850000000000
258126;9;10;2015;12:50;7766;RUA TIBURCIO CAVALCANTE;AV ANTONIO SALES;;0;;Colis?úo Traseira;Luz do Dia;Bom;Seca;Cruz;Sem?íforo;Comercial;0;0;2;1;0;0;0;0;0;0;0;0;-3,744543000000000;-38,505333000000000
258127;9;10;2015;15:40;0;RUA ARMANDO OLIVEIRA;;;87;;Colis?úo Traseira;;Bom;Seca;Meio de Quadra;N?úo H?í Controle;Residencial;0;0;2;1;0;0;0;1;0;0;0;0;-3,737438000000000;-38,567375000000000
258130;9;10;2015;10:40;1611;RUA VICENTE LINHARES;RUA CEL JUCA;;0;;Colis?úo Transversal;Luz do Dia;Bom;Seca;Cruz;Pare;Residencial;0;0;2;1;0;0;0;0;0;0;0;0;-3,744356000000000;-38,493430000000000
258131;9;10;2015;06:50;0;AV JOSE BASTOS;;;2866;;Colis?úo Traseira;Luz do Dia;Bom;Seca;Meio de Quadra;N?úo H?í Controle;Comercial;0;1;1;1;0;0;0;0;0;1;0;0;-3,746409000000000;-38,546837000000000
258123;9;10;2015;10:20;0;RUA MACHADO DE ASSIS;;;800;;Colis?úo;Luz do Dia;Bom;Seca;Meio de Quadra;N?úo H?í Controle;Residencial;0;0;1;1;0;0;0;0;0;0;0;0;-3,752385000000000;-38,550965000000000
258118;9;10;2015;06:30;0;AV JOAO PESSOA;;;6239;;Colis?úo;Luz do Dia;Bom;Seca;Meio de Quadra;Sem?íforo;Comercial;0;1;1;0;1;0;0;0;0;1;0;0;-3,764650000000000;-38,558745000000000
258141;9;10;2015;03:00;0;AV GAL OSORIO DE PAIVA;;;0;;Colis?úo Traseira;Mal Iluminada;Bom;Seca;Meio de Quadra;N?úo H?í Controle;Comercial;0;1;1;1;0;0;0;0;0;1;0;0;;
258142;9;10;2015;00:05;25069;AV DOS EXPEDICIONARIOS;RUA RAUL CABRAL;;0;;Colis?úo Transversal;Via Iluminada;Nublado;Seca;Cruz;Sem?íforo;Comercial;0;1;1;1;0;0;0;0;0;0;0;0;-3,769605000000000;-38,542595000000000
258145;9;10;2015;19:30;4219;RUA BAR CRATO;RUA DR ALMEIDA FILHO;;0;;Colis?úo Transversal;Via Iluminada;Bom;Seca;Cruz;Pare;Misto;0;1;1;1;0;0;0;0;0;1;0;0;-3,721259000000000;-38,559614000000000
258134;9;10;2015;14:30;5374;AV DUQ CAXIAS;RUA BAR RIO BRANCO;;0;;Colis?úo Traseira;Luz do Dia;Bom;Seca;Cruz;Sem?íforo;Comercial;0;0;2;1;0;0;0;0;0;0;0;0;-3,731774000000000;-38,529947000000000
267684;9;10;2015;00:48;0;RUA DEMETRIO MENEZES;;;0;;Colis?úo;;;;Meio de Quadra;;;0;1;0;0;0;0;0;0;0;0;0;0;;
267685;9;10;2015;01:02;7479;AV ALBERTO CRAVEIRO;RUA PEDRO DANTAS;;0;;Queda;;;;T;Sem?íforo;Comercial;0;1;0;0;0;0;0;0;0;1;0;0;-3,786753000000000;-38,517220000000000
267686;9;10;2015;05:25;0;AV JOAO PESSOA;;;0;;Atropelamento;Amanhecer;;;Meio de Quadra;;;0;1;1;0;1;0;0;0;0;0;0;0;;
267699;9;10;2015;12:23;0;RUA STA ANGELA;;;0;;Colis?úo;Luz do Dia;;;Meio de Quadra;;;0;0;1;0;0;0;0;0;0;0;0;0;;
267700;9;10;2015;13:54;0;AV CASTELO DE CASTRO;;;0;;Colis?úo;Luz do Dia;;;Meio de Quadra;;;0;1;1;1;0;0;0;0;0;1;0;0;;
267702;9;10;2015;14:45;0;AV BEZERRA DE MENEZES;;;0;;Colis?úo;Luz do Dia;;;Meio de Quadra;;;0;1;1;0;0;0;0;0;0;0;0;0;;
267703;9;10;2015;15:06;0;RUA WALDIR DIOGO;;;0;;Colis?úo;Luz do Dia;;;Meio de Quadra;;;0;1;0;0;0;0;0;0;0;0;0;0;-3,802989000000000;-38,587505000000000
267704;9;10;2015;15:34;0;RUA BAR CRATO;;;0;;Colis?úo;Luz do Dia;;;Meio de Quadra;;;0;1;1;1;0;0;0;0;0;1;0;0;-3,721238000000000;-38,559535000000000
267689;9;10;2015;06:40;0;RUA DEMETRIO MENEZES;;;0;;Colis?úo;Luz do Dia;;;Meio de Quadra;;;0;1;1;1;0;0;0;0;0;1;0;0;;
267690;9;10;2015;06:55;0;RUA HOLANDA;;;0;;Colis?úo;Luz do Dia;;;Meio de Quadra;;;0;1;0;0;0;0;0;0;0;0;0;0;;
267695;9;10;2015;07:40;0;AV FRE CIRILO;;;0;;Colis?úo;Luz do Dia;;;Meio de Quadra;;;0;1;1;1;0;0;0;0;0;1;0;0;-3,820646000000000;-38,495963000000000
267696;9;10;2015;09:40;0;AV PRS CASTELO BRANCO;;;0;;Atropelamento;Luz do Dia;;;Meio de Quadra;;;0;1;1;1;0;0;0;0;0;0;0;0;;
267697;9;10;2015;09:56;0;AV VIS RIO BRANCO;;;0;;Colis?úo;Luz do Dia;;;Meio de Quadra;;;0;1;0;0;0;0;0;0;0;0;0;0;-3,732299000000000;-38,524846000000000
267817;9;10;2015;23:18;0;AV PERIMETRAL;;;0;;Colis?úo;;;;Meio de Quadra;;;0;1;0;0;0;0;0;0;0;0;0;0;;
267811;9;10;2015;21:05;0;AV WASHINGTON SOARES;;;0;;Queda;;;;Meio de Quadra;;;0;1;0;0;0;0;0;0;0;1;0;0;;
267813;9;10;2015;22:15;0;RUA TEODOMIRO DE CASTRO;;;0;;Atropelamento;;;;Meio de Quadra;;;0;1;1;1;0;0;0;0;0;0;0;0;-3,718707000000000;-38,572429000000000
267803;9;10;2015;15:55;0;AV ALBERTO CRAVEIRO;;;0;;Colis?úo;Luz do Dia;;;Meio de Quadra;;;0;1;1;1;0;0;0;0;0;1;0;0;-3,796274000000000;-38,518266000000000
267805;9;10;2015;17:30;0;AV FRANCISCO SA;;;0;;Colis?úo;Anoitecer;;;Meio de Quadra;;;0;1;1;1;0;0;0;0;0;1;0;0;-3,715841000000000;-38,561999000000000
267806;9;10;2015;18:03;0;RUA LAURO NOGUEIRA;;;0;;Queda;Anoitecer;;;Meio de Quadra;;;0;1;0;0;0;1;0;0;0;0;0;0;-3,742066000000000;-38,472139000000000
267832;10;10;2015;08:15;7751;RUA ESTADO DO RIO;RUA CEARA;;0;;Colis?úo;Luz do Dia;;;Cruz;Pare;Misto;0;1;1;1;0;1;0;0;0;0;0;0;-3,756475000000000;-38,569606000000000
267829;10;10;2015;07:57;0;RUA PEDRO LAZAR;;;0;;Colis?úo;Luz do Dia;;;Meio de Quadra;;;0;1;1;1;0;1;0;0;0;0;0;0;-3,803929000000000;-38,488398000000000
267834;10;10;2015;08:16;23376;RUA BARROS LEAL;RUA EDUARDO BEZERRA;;0;;Queda;Luz do Dia;;;;;;0;1;0;0;0;0;0;0;0;1;0;0;-3,754385000000000;-38,519178000000000
267835;10;10;2015;08:32;0;AV FRE CIRILO;;;0;;Colis?úo;Luz do Dia;;;Meio de Quadra;;;0;1;1;1;0;0;0;0;0;1;0;0;;
267836;10;10;2015;10:49;0;AV DR THEBERGE;;;0;;Colis?úo;Luz do Dia;;;Meio de Quadra;;;0;1;1;1;0;0;0;0;0;1;0;0;-3,714088000000000;-38,564771000000000
267823;10;10;2015;01:03;0;AV CASTELO DE CASTRO;;;0;;Colis?úo;;;;Meio de Quadra;;;0;1;0;0;0;0;0;0;0;0;0;0;;
267824;10;10;2015;02:35;0;RUA RECANTO VERDE;;;0;;Colis?úo;;;;Meio de Quadra;;;0;1;1;1;0;0;0;0;0;1;0;0;-3,835477000000000;-38,511078000000000
267826;10;10;2015;06:03;6564;AV H CJ CEARA;AV G CJ CEARA;;0;;Queda;Luz do Dia;;;T;Pare;Misto;0;1;0;0;0;0;0;0;0;1;0;0;-3,775702000000000;-38,609372000000000
267827;10;10;2015;07:44;0;AV FRE CIRILO;;;0;;Colis?úo;Luz do Dia;;;Meio de Quadra;;;0;1;1;1;0;0;0;0;0;1;0;0;;
267843;10;10;2015;18:44;0;AV PRS COSTA E SILVA;;;0;;Colis?úo;;;;Meio de Quadra;;;0;1;1;1;0;0;0;0;0;1;0;0;;
258030;10;10;2015;10:30;0;RUA SABINO MONTE;;;4132;;Colis?úo Lateral;Luz do Dia;Bom;Seca;Meio de Quadra;N?úo H?í Controle;Residencial;0;1;1;0;0;0;0;0;0;1;0;0;;
258031;10;10;2015;16:50;9022;RUA BAR RIO BRANCO;RUA PDE ROMA;;0;;Colis?úo Lateral;Anoitecer;Bom;Seca;Cruz;Pare;Misto;0;0;2;1;0;0;0;0;0;0;0;0;-3,743790000000000;-38,533796000000000
258033;10;10;2015;22:30;0;AV SANTOS DUMONT;;;6580;;Choque c/ Obst?ículo Fixo;;Bom;;Meio de Quadra;;Outros;0;1;0;1;0;0;0;0;0;0;0;0;-3,744114000000000;-38,473918000000000
258022;10;10;2015;14:30;0;RUA VITAL BRASIL;;;1184;;Colis?úo Transversal;Luz do Dia;Bom;Seca;Meio de Quadra;Pare;Residencial;0;1;1;0;0;0;0;0;0;1;0;0;-3,779733000000000;-38,591891000000000
258028;10;10;2015;17:20;5037;RUA PESSOA ANTA;RUA GUILHERME BLHUM;;0;;Colis?úo Lateral;Anoitecer;Bom;Seca;T;Pare;Comercial;0;1;1;1;0;0;0;0;0;1;0;0;-3,721113000000000;-38,522017000000000
258024;10;10;2015;07:00;1306;RUA TORRES CAMARA;RUA MON BRUNO;;0;;Choque c/ Obst?ículo Fixo;Luz do Dia;Bom;Seca;Cruz;Pare;Comercial;0;0;1;1;0;0;0;0;0;0;0;0;-3,734594000000000;-38,510152000000000
258025;10;10;2015;13:40;0;AV JOAO PESSOA;;;1340;;Colis?úo Transversal;Luz do Dia;Bom;Seca;Meio de Quadra;Pare;Residencial;0;1;1;0;0;0;0;0;0;1;0;0;;
258026;10;10;2015;19:15;15211;AV ABOLICAO;RUA PAULA BARROS;;0;;;Via Iluminada;Bom;Seca;Cruz;;Residencial;0;0;2;1;1;0;0;0;0;0;0;0;-3,726831000000000;-38,492313000000000
258017;10;10;2015;20:20;0;AV PRS JUSCELINO KUBITSCHEK (PASSAR?ë);;;3535;;Colis?úo Lateral;Via Iluminada;Bom;Seca;Meio de Quadra;N?úo H?í Controle;Misto;0;0;2;1;0;0;0;0;0;1;0;0;-3,812249000000000;-38,528713000000000
267874;10;10;2015;20:00;0;AV GODOFREDO MACIEL;;;0;;Queda;;;;Meio de Quadra;;;0;1;0;0;0;0;0;0;0;1;0;0;-3,785705000000000;-38,566568000000000
267875;10;10;2015;21:27;0;RUA RIO GRANDE DO SUL;;;420;;Atropelamento;;;;Meio de Quadra;;;1;0;1;0;0;0;0;0;0;1;0;0;-3,753087000000000;-38,564025000000000
267870;10;10;2015;18:59;0;AV CONTORNO LESTE;;;0;;Colis?úo;;;;Meio de Quadra;;;0;1;1;1;0;0;0;0;0;1;0;0;;
265555;10;10;2015;00:13;9200;RUA DEP JOAO PONTES;RUA JAIME BENEVOLO;;0;;Colis?úo;;;;Cruz;Pare;Misto;0;0;2;1;0;0;0;0;0;0;0;0;-3,746140000000000;-38,530076000000000
265556;10;10;2015;18:03;0;AV VIS RIO BRANCO;;;0;;Colis?úo;Anoitecer;;;Meio de Quadra;;;0;0;2;1;1;0;0;0;0;0;0;0;;
273717;10;10;2015;12:30;17265;RUA SATIRO DIAS;RUA ALBERTO MAGNO;;0;;Colis?úo Transversal;Luz do Dia;;;Cruz;Pare;Comercial;0;0;2;1;0;0;0;0;0;0;0;0;-3,762063000000000;-38,547531000000000
271465;10;10;2015;00:21;22097;AV JOSE BASTOS;RUA JOAO SORONGO;;0;;Colis?úo;;;;T;Pare;Comercial;0;0;2;0;0;0;0;0;0;0;0;0;-3,747244000000000;-38,547696000000000
271466;10;10;2015;02:37;0;RUA CEL FRANCISCO RIBEIRO;;;0;;Colis?úo;;;;Meio de Quadra;;;0;0;2;0;0;0;0;0;0;0;0;0;;
271468;10;10;2015;03:07;0;AV AGUANAMBI;;;0;;Choque c/ Obst?ículo Fixo;;;;Meio de Quadra;;;0;0;2;0;0;0;0;0;0;0;0;0;;
271469;10;10;2015;04:32;0;AV SANTOS DUMONT;;;0;;Colis?úo;;;;Meio de Quadra;;;0;0;2;0;0;0;0;0;0;0;0;0;;
271472;10;10;2015;04:42;0;AV PDE ANTONIO TOMAS;;;0;;Choque c/ Obst?ículo Fixo;;;;;;;0;0;1;0;0;0;0;0;0;0;0;0;;
271474;10;10;2015;04:58;0;RUA MON CARNEIRO DA CUNHA;;;0;;Choque c/ Obst?ículo Fixo;;;;Meio de Quadra;;;0;0;1;0;0;0;0;0;0;0;0;0;;
271476;10;10;2015;10:28;0;AV PALESTINA D68;;;0;;Colis?úo;Luz do Dia;;;Meio de Quadra;;;0;0;2;0;0;0;0;0;0;0;0;0;;
271483;10;10;2015;11:02;23493;RUA SABINO MONTE;RUA CARVALHO JUNIOR;;0;;Colis?úo;Luz do Dia;;;Cruz;Pare;Residencial;0;0;2;0;0;0;0;0;0;0;0;0;-3,758605000000000;-38,511538000000000
259917;10;10;2015;15:10;0;RD CE-040;;;0;KM-07;Colis?úo;Luz do Dia;;Seca;Meio de Quadra;;;0;0;2;1;0;0;0;0;0;0;0;0;-3,817953000000000;-38,483160000000000
259879;10;10;2015;04:10;0;RD CE-040;;;0;KM-05;Capotamento;Via Iluminada;;Seca;Meio de Quadra;;;0;0;1;0;0;0;1;0;0;0;0;0;-3,790876000000000;-38,480349000000000
259884;10;10;2015;08:50;0;RD CE-040;;;0;KM-07;Colis?úo;Luz do Dia;;Seca;Meio de Quadra;;;0;0;2;1;0;0;0;0;0;1;0;0;-3,817953000000000;-38,483160000000000
259888;10;10;2015;14:50;0;RD CE-040;;;0;KM-07;Colis?úo;Luz do Dia;;Seca;Meio de Quadra;;;0;0;3;1;0;0;0;0;0;0;0;0;-3,817953000000000;-38,483160000000000
271542;10;10;2015;23:21;15994;RUA GAL CORDEIRO NETO;RUA GAL ONOFRE;;0;;Choque c/ Obst?ículo Fixo;;;;T;;Residencial;0;0;1;0;0;0;0;0;0;0;0;0;-3,807851000000000;-38,571154000000000
271538;10;10;2015;23:09;23684;RUA GABRIEL FIUZA;RUA COSTA FREIRE;;0;;Colis?úo;;;;Cruz;Pare;Residencial;0;0;2;0;0;0;0;0;0;0;0;0;-3,787067000000000;-38,579907000000000
271539;10;10;2015;23:12;3199;RUA VITAL BRASIL;RUA VERBENA;;0;;Colis?úo;;;;Cruz;Sem?íforo;Comercial;0;0;2;0;0;0;0;0;0;0;0;0;-3,780666000000000;-38,588650000000000
271529;10;10;2015;15:34;0;RUA WALDERY UCHOA;;;0;;Colis?úo;Luz do Dia;;;Meio de Quadra;;;0;0;2;0;0;0;0;0;0;0;0;0;;
271531;10;10;2015;15:50;0;RUA MON SALAZAR;;;0;;Colis?úo;Luz do Dia;;;Meio de Quadra;;;0;0;2;0;0;0;0;0;0;0;0;0;;
271532;10;10;2015;16:50;0;AV SEN VIRGILIO TAVORA;;;0;;Colis?úo;Luz do Dia;;;Meio de Quadra;;;0;0;2;0;0;0;0;0;0;0;0;0;;
271533;10;10;2015;17:36;9572;RUA JOSE TORRES;RUA OLIVEIRA SOBRINHO;;0;;Colis?úo;Anoitecer;;;Cruz;Pare;Residencial;0;0;2;0;0;0;0;0;0;0;0;0;-3,777129000000000;-38,606477000000000
271534;10;10;2015;20:26;9613;RUA MARTINS CARVALHO;RUA PAULINO ROCHA D32;;0;;Colis?úo;;;;Cruz;N?úo H?í Controle;Residencial;0;0;2;0;0;0;0;0;0;0;0;0;-3,788964000000000;-38,626078000000000
271535;10;10;2015;22:01;3368;RUA AMAZONAS;RUA RIO GRANDE DO SUL;;0;;Atropelamento;;;;Cruz;Pare;Residencial;0;0;2;0;0;0;0;0;0;0;0;0;-3,753306000000000;-38,564164000000000
271536;10;10;2015;22:05;21537;RUA TULIPA NEGRA;RUA VICENTE CELESTINO;;0;;Colis?úo;;;;Cruz;Outros;Residencial;0;0;2;0;0;0;0;0;0;0;0;0;-3,821117000000000;-38,595226000000000
271526;10;10;2015;13:32;1658;RUA BENI DE CARVALHO;RUA MON CATAO;;0;;Colis?úo;Luz do Dia;;;Cruz;Pare;Comercial;0;0;2;0;0;0;0;0;0;0;0;0;-3,746618000000000;-38,493113000000000
271522;10;10;2015;13:00;0;AV SANTOS DUMONT;;;0;;Colis?úo;Luz do Dia;;;Meio de Quadra;;;0;0;2;0;0;0;0;0;0;0;0;0;;
271523;10;10;2015;13:15;0;AL CAMELIAS;;;0;;Colis?úo;Luz do Dia;;;Meio de Quadra;;;0;0;2;0;0;0;0;0;0;0;0;0;;
271518;10;10;2015;11:06;0;RUA TEN BENEVOLO;;;0;;Colis?úo;Luz do Dia;;;Meio de Quadra;;;0;0;2;0;0;0;0;0;0;0;0;0;;
271519;10;10;2015;12:32;5431;RUA GAL CLARINDO DE QUEIROZ;RUA BAR ARATANHA;;0;;Colis?úo;Luz do Dia;;;Cruz;N?úo H?í Controle;Comercial;0;0;2;0;0;0;0;0;0;0;0;0;-3,733844000000000;-38,526693000000000
271520;10;10;2015;12:38;0;AV 13 DE MAIO;;;0;;Colis?úo;Luz do Dia;;;Meio de Quadra;;;0;0;2;0;0;0;0;0;0;0;0;0;;
268833;11;10;2015;04:00;0;RUA TEBAS;;;1331;;Atropelamento;;;;Meio de Quadra;;;1;0;1;1;0;0;0;0;0;0;0;0;;
271544;11;10;2015;00:45;0;RUA BERNARDO MANUEL;;;0;;Choque c/ Obst?ículo Fixo;;;;Meio de Quadra;;;0;0;2;0;0;0;0;0;0;0;0;0;;
271553;11;10;2015;04:31;3219;RUA EMILIO DE MENESES;RUA ANSELMO NOGUEIRA;;0;;Colis?úo;;;;Cruz;Sem?íforo;Comercial;0;0;2;0;0;0;0;0;0;0;0;0;-3,781760000000000;-38,587374000000000
271554;11;10;2015;04:33;0;RUA RENATO BRAGA;;;0;;Colis?úo;;;;Meio de Quadra;;;0;0;2;0;0;0;0;0;0;0;0;0;;
271555;11;10;2015;04:41;0;AV JOAO PESSOA;;;0;;Colis?úo;;;;Meio de Quadra;;;0;0;2;0;0;0;0;0;0;0;0;0;;
271556;11;10;2015;05:34;0;RUA SAO FRANCISCO D21;;;0;;Choque c/ Obst?ículo Fixo;Amanhecer;;;Meio de Quadra;;;0;0;1;0;0;0;0;0;0;0;0;0;;
271558;11;10;2015;11:57;0;RUA FLORIANOPOLIS;;;0;;Colis?úo;Luz do Dia;;;Meio de Quadra;;;0;0;2;0;0;0;0;0;0;0;0;0;;
271551;11;10;2015;01:31;19820;AV JOVITA FEITOSA;RUA GAL PIRAGIBE;;0;;Colis?úo;;;;Cruz;Sem?íforo;Residencial;0;0;2;0;0;0;0;0;0;0;0;0;-3,740049000000000;-38,557484000000000
271575;11;10;2015;17:40;0;RUA VALPARAISO;;;0;;Atropelamento;Anoitecer;;;Meio de Quadra;;;0;0;2;0;0;0;0;0;0;0;0;0;;
271571;11;10;2015;16:02;0;RUA NOVO LAR;;;0;;Choque c/ Obst?ículo Fixo;Luz do Dia;;;Meio de Quadra;;;0;0;1;0;0;0;0;0;0;0;0;0;;
271568;11;10;2015;13:18;0;AV LINEU MACHADO;;;0;;Choque c/ Obst?ículo Fixo;Luz do Dia;;;Meio de Quadra;;;0;0;1;0;0;0;0;0;0;0;0;0;;
271569;11;10;2015;13:48;0;RUA URUCUTUBA;;;0;;Colis?úo;Luz do Dia;;;Meio de Quadra;;;0;0;2;0;0;0;0;0;0;0;0;0;;
271566;11;10;2015;12:47;25009;RUA TULIPA;RUA TEODOMIRO DE CASTRO;;0;;Colis?úo;Luz do Dia;;;;;;0;0;2;0;0;0;0;0;0;0;0;0;-3,715652000000000;-38,579975000000000
271564;11;10;2015;10:48;6112;AV A CJ CEARA;AV F CJ CEARA;;0;;Colis?úo;Luz do Dia;;;Cruz;N?úo H?í Controle;Misto;0;0;2;0;0;0;0;0;0;0;0;0;-3,767855000000000;-38,603189000000000
271560;11;10;2015;10:44;0;RUA TRES ESTRELAS;;;0;;Colis?úo;Luz do Dia;;;Meio de Quadra;;;0;0;2;0;0;0;0;0;0;0;0;0;;
271562;11;10;2015;10:47;0;RUA CEL DIONISIO ALENCAR;;;0;;Colis?úo;Luz do Dia;;;Meio de Quadra;;;0;0;2;0;0;0;0;0;0;0;0;0;;
271546;11;10;2015;00:47;17326;RUA ALBERTO MAGNO;RUA ALAN KARDEC;;0;;Colis?úo;;;;Cruz;Pare;Comercial;0;0;2;0;0;0;0;0;0;0;0;0;-3,764796000000000;-38,549918000000000
271547;11;10;2015;01:28;0;AV PRO JOSE ARTHUR CARVALHO;;;0;;Choque c/ Obst?ículo Fixo;;;;Meio de Quadra;;;0;0;1;0;0;0;0;0;0;0;0;0;;
271588;11;10;2015;23:32;0;RUA CON DE CASTRO;;;0;;Colis?úo;;;;Meio de Quadra;;;0;0;2;0;0;0;0;0;0;0;0;0;;
271586;11;10;2015;23:08;0;RUA SAO FRANCISCO UI 208;;;0;;Colis?úo;;;;Meio de Quadra;;;0;0;2;0;0;0;0;0;0;0;0;0;;
271579;11;10;2015;18:51;0;AV PRS COSTA E SILVA;;;0;;Atropelamento;;;;Meio de Quadra;;;0;0;2;0;0;0;0;0;0;0;0;0;;
271577;11;10;2015;18:03;0;AV GODOFREDO MACIEL;;;0;;Atropelamento;Anoitecer;;;Meio de Quadra;;;0;0;2;0;0;0;0;0;0;0;0;0;;
271583;11;10;2015;21:46;0;RUA PDE PEDRO DE ALENCAR;;;0;;Colis?úo;;;;Meio de Quadra;;;0;0;2;0;0;0;0;0;0;0;0;0;;
271584;11;10;2015;22:59;3856;RUA PDE FRANCISCO PINTO;AV DA UNIVERSIDADE;;0;;Colis?úo;;;;Cruz;Sem?íforo Danificado;Comercial;0;0;2;0;0;0;0;0;0;0;0;0;-3,742799000000000;-38,540777000000000
271581;11;10;2015;21:39;10860;RUA PORTO ALEGRE;RUA DES LUIS PAULINO;;0;;Colis?úo;;;;;;;0;0;2;0;0;0;0;0;0;0;0;0;-3,765861000000000;-38,579616000000000
267879;11;10;2015;00:58;0;RUA LUIS VIEIRA;;;0;;Colis?úo;;;;Meio de Quadra;;;0;1;1;1;0;0;0;0;0;1;0;0;-3,797630000000000;-38,585966000000000
267914;11;10;2015;02:32;0;AV LINEU MACHADO;;;0;;Colis?úo;;;;Meio de Quadra;;;0;1;0;0;0;0;0;0;0;0;0;0;-3,761805000000000;-38,574746000000000
267948;11;10;2015;06:18;0;AV WASHINGTON SOARES;;;0;;Colis?úo;Luz do Dia;;;Meio de Quadra;;;0;1;0;0;0;0;0;0;0;0;0;0;;
267939;11;10;2015;05:09;0;AV ZEZE DIOGO;;;0;;Queda;Amanhecer;;;Meio de Quadra;;;0;1;0;0;0;0;0;0;0;1;0;0;;
267935;11;10;2015;03:25;15271;RUA PEREIRA FILGUEIRAS;RUA ILDEFONSO ALBANO;;0;;Colis?úo;;;;Cruz;Sem?íforo;Misto;0;1;1;1;0;0;0;0;0;1;0;0;-3,728706000000000;-38,511864000000000
267937;11;10;2015;03:31;0;AV GODOFREDO MACIEL;;;4848;;Choque c/ Obst?ículo Fixo;;;;Meio de Quadra;;;0;1;0;1;0;0;0;0;0;0;0;0;-3,818343000000000;-38,575665000000000
267983;11;10;2015;21:46;0;RUA PDE PEDRO DE ALENCAR;;;0;;Queda;;;;Meio de Quadra;;;0;1;0;0;0;0;0;0;0;1;0;0;-3,848328000000000;-38,494803000000000