COD_ACIDENTE;DIA;MES;ANO;HORA;INTERSECAO;LOG1;LOG2;LOG3;NUMERO;REFERENCIA;NATUREZA;ILUMINACAO;TEMPO;SUPERFICIEPISTA;TIPOCRUZAMENTO;CONTROLETRAFEGO;USOSOLO;MORTOS;FERIDOS;ILESOS;AUTOMOVEL;ONIBUS;BICICLETA;CAMINHAO;MICROONIBUS;CICLOMOTOR;MOTOCICLETA;TRACAOANIMAL;TREM;LATITUDE;LONGITUDE
267984;11;10;2015;22:27;0;RUA JULIO BRAGA;;;0;;Colis?úo;;;;Meio de Quadra;;;0;1;1;1;0;0;0;0;0;1;0;0;-3,774835000000000;-38,582536000000000
267974;11;10;2015;18:02;19587;AV GODOFREDO MACIEL;RUA PRIMEIRO DE JANEIRO;;0;;Atropelamento;Anoitecer;;;T;Outros;Comercial;0;1;1;1;0;0;0;0;0;0;0;0;-3,784762000000000;-38,566283000000000
267977;11;10;2015;18:57;0;AV EDILSON B SOARES;;;0;;Queda;;;;Meio de Quadra;;;0;1;0;0;0;0;0;0;0;1;0;0;-3,789728000000000;-38,483772000000000
267979;11;10;2015;19:16;0;AV HILDEBRANDO DE MELO;;;0;;Queda;;;;Meio de Quadra;;;0;1;0;0;0;0;0;0;0;1;0;0;;
267980;11;10;2015;19:59;0;RUA JOAO RAMALHO;;;0;;Atropelamento;;;;Meio de Quadra;;;0;1;1;0;0;0;0;0;0;1;0;0;;
267951;11;10;2015;07:05;0;AV N CJ JOSE WALTER;;;0;;Capotamento;Luz do Dia;;;Meio de Quadra;;;0;1;0;0;0;0;0;0;0;0;0;0;;
267953;11;10;2015;09:18;5109;AV ALBERTO NEPOMUCENO;RUA DR JOAO MOREIRA;;0;;Atropelamento;Luz do Dia;;;Cruz;Sem?íforo;Comercial;0;1;1;1;0;0;0;0;0;0;0;0;-3,723737000000000;-38,524608000000000
267955;11;10;2015;10:38;17416;RUA ELVIRA PINHO;RUA EDITE BRAGA;;0;;Colis?úo;Luz do Dia;;;Cruz;Pare;Residencial;0;1;0;0;0;0;0;0;0;0;0;0;-3,768064000000000;-38,553552000000000
267957;11;10;2015;10:50;0;AV A CJ CEARA;;;0;;Colis?úo;Luz do Dia;;;Meio de Quadra;;;0;1;1;1;0;0;0;0;0;1;0;0;-3,767890000000000;-38,603263000000000
267962;11;10;2015;14:14;0;AV BEIRA MAR;;;0;;Atropelamento;Luz do Dia;;;Meio de Quadra;;;0;1;1;1;0;0;0;0;0;0;0;0;;
267964;11;10;2015;16:38;0;RUA VALPARAISO;;;0;;Queda;Luz do Dia;;;Meio de Quadra;;;0;1;0;0;0;0;0;0;0;1;0;0;;
267969;11;10;2015;17:13;12198;RUA JAMACARU;RUA JUA;;0;;Colis?úo;Anoitecer;;;;;;0;1;0;0;0;0;0;0;0;0;0;0;-3,840147000000000;-38,519558000000000
267998;11;10;2015;23:20;0;RUA MOZART FIRMEZA;;;0;;Queda;;;;Meio de Quadra;;;0;1;0;0;0;0;0;0;0;1;0;0;;
267996;11;10;2015;23:12;8930;RUA JUSTINIANO DE SERPA;AV DOMINGOS OLIMPIO;;0;;Queda;;;;Outros;Sem?íforo;Residencial;0;1;0;0;0;0;0;0;0;1;0;0;-3,733011000000000;-38,542468000000000
258086;11;10;2015;10:35;0;RUA MAJ FACUNDO;;;44;;Colis?úo Lateral;Luz do Dia;Bom;Seca;Meio de Quadra;Faixa de pedestre;Comercial;0;0;2;1;0;0;0;0;0;0;0;0;-3,723318000000000;-38,526457000000000
258100;11;10;2015;16:00;3891;AV EDUARDO GIRAO;RUA MAJ LAURINDO;;0;;Choque c/ Obst?ículo Fixo;Luz do Dia;Bom;Seca;;Outros;Misto;0;0;1;0;0;0;0;0;0;0;0;0;-3,748246000000000;-38,540162000000000
258098;11;10;2015;13:30;0;AV GOV RAUL BARBOSA;;;300;;Colis?úo;Luz do Dia;Bom;Seca;Meio de Quadra;N?úo H?í Controle;Misto;0;1;1;1;0;0;0;0;0;0;0;0;-3,756858000000000;-38,504555000000000
258107;11;10;2015;09:20;0;RUA JOSE VILAR;;;196;;Colis?úo Lateral;Luz do Dia;Nublado;Seca;Meio de Quadra;Pare;Residencial;0;0;2;1;0;0;0;0;0;0;0;0;;
258112;11;10;2015;05:00;2458;AV CEL CARVALHO;RUA VIA PARQUE VL VELHA I;;0;;Choque c/ Obst?ículo Fixo;Luz do Dia;Bom;Seca;T;Pare;Residencial;1;1;1;1;0;0;0;0;0;0;0;0;-3,707516000000000;-38,590486000000000
258115;11;10;2015;14:00;13381;RUA JOAO CORDEIRO;RUA JOAO BRIGIDO;;0;;Colis?úo Lateral;Luz do Dia;Bom;Seca;Cruz;Sem?íforo;Residencial;0;1;1;0;0;0;0;0;0;1;0;0;-3,739927000000000;-38,517870000000000
258102;11;10;2015;18:00;22886;RUA BERNARDO MANUEL;RUA INACIO PARENTE;;0;;Colis?úo Frontal;Via Iluminada;Bom;;Cruz;Sem?íforo;Comercial;0;1;3;1;0;0;0;0;1;0;0;0;-3,781268000000000;-38,546074000000000
258109;11;10;2015;19:20;0;AV BAR STUDART;;;1980;;Colis?úo Lateral;Via Iluminada;Bom;Seca;Meio de Quadra;N?úo H?í Controle;Residencial;0;0;2;1;1;0;0;0;0;0;0;0;-3,740860000000000;-38,508605000000000
258110;11;10;2015;17:50;0;AV AGUANAMBI;;;0;;;;Bom;Seca;Meio de Quadra;Sem?íforo;Comercial;0;0;2;1;0;0;0;0;0;0;0;0;;
258129;11;10;2015;22:10;22937;AV DR SILAS MUNGUBA;RUA GOV JOAO CARLOS;;0;;Colis?úo Transversal;Via Iluminada;Bom;Seca;T;Sem?íforo;Comercial;0;1;1;1;0;0;0;0;0;1;0;0;-3,783950000000000;-38,553910000000000
258117;11;10;2015;10:00;0;RUA JOAQUIM NABUCO;;;250;;Colis?úo Transversal;Luz do Dia;Bom;Seca;Meio de Quadra;;Residencial;0;0;2;1;0;0;1;0;0;0;0;0;-3,727465000000000;-38,498790000000000
258124;11;10;2015;06:30;12988;RUA BERNARDO MANUEL;RUA 22 CJ JOSE WALTER;;0;;Colis?úo Traseira;Luz do Dia;Nublado;Seca;Duplo T;Pare;Misto;0;1;1;1;0;0;0;0;0;0;0;0;-3,824517000000000;-38,558882000000000
258132;11;10;2015;12:05;0;AV PRS COSTA E SILVA;;;978;;Colis?úo;Luz do Dia;Bom;Seca;Meio de Quadra;Sem?íforo;Residencial;0;1;1;0;1;0;0;0;0;0;0;0;-3,813161000000000;-38,570633000000000
258183;11;10;2015;18:45;0;AV PENETRACAO NORTE SUL;;;227;;Outros;Via Iluminada;Bom;Seca;Meio de Quadra;;;0;1;1;0;0;0;0;0;0;0;0;0;-3,812953000000000;-38,591573000000000
258180;11;10;2015;12:00;18404;AV GOV PARSIFAL BARROSO;AV SGT HERMINIO SAMPAIO;;0;;Colis?úo Lateral Sentido Oposto;Luz do Dia;Bom;Seca;Cruz;Sem?íforo;Comercial;0;1;1;1;0;0;0;0;0;1;0;0;-3,727916000000000;-38,569276000000000
258170;11;10;2015;05:20;0;RUA DR PAULO MARCELO;;;0;;Colis?úo Frontal;Amanhecer;Chuva;Molhada;Meio de Quadra;Gesto;Residencial;0;2;0;1;0;0;0;0;0;0;0;0;;
258176;11;10;2015;17:20;5265;RUA VINTE E QUATRO DE MAIO;RUA PEDRO PEREIRA;;0;;Colis?úo Transversal;Luz do Dia;Bom;Seca;Cruz;Pare;Comercial;0;1;2;1;0;0;0;0;1;0;0;0;-3,728400000000000;-38,532486000000000
258161;12;10;2015;18:50;542;AV FRANCISCO SA;RUA TOMAS GONZAGA;;0;;Colis?úo Transversal;Via Iluminada;Bom;Seca;T;N?úo H?í Controle;Comercial;0;0;2;1;0;0;0;0;0;1;0;0;-3,713367000000000;-38,569195000000000
258162;12;10;2015;15:40;0;RUA MIGUEL ARAGAO;;;0;;Colis?úo Transversal;Luz do Dia;Bom;Seca;Meio de Quadra;N?úo H?í Controle;Residencial;0;0;2;1;0;0;0;0;0;0;0;0;;
258163;12;10;2015;10:30;10066;RUA ANTONIO NERY;RUA HUMBERTO LOMEU;;0;;Colis?úo Transversal;Luz do Dia;Bom;Seca;Cruz;N?úo H?í Controle;Residencial;0;1;1;0;0;0;0;0;0;1;0;0;-3,782337000000000;-38,601352000000000
258133;12;10;2015;11:20;15195;AV ABOLICAO;RUA JOSE NAPOLEAO;;0;;Colis?úo;Luz do Dia;Bom;Seca;Cruz;Sem?íforo Manual;Comercial;0;0;2;1;1;0;0;0;0;0;0;0;-3,726523000000000;-38,490302000000000
258128;12;10;2015;21:40;0;AV JOR THOMAZ COELHO;;;1420;;Colis?úo Lateral;Via Iluminada;Bom;Seca;Meio de Quadra;;;0;1;1;1;0;0;0;0;0;1;0;0;-3,830230000000000;-38,507865000000000
258119;12;10;2015;10:00;18556;RUA UMARIZEIRA;RUA VICENTE CELESTINO;;0;;Colis?úo Transversal;Luz do Dia;Bom;Seca;Cruz;N?úo H?í Controle;Residencial;0;1;2;1;0;0;0;0;0;1;0;0;-3,822501000000000;-38,596145000000000
258149;12;10;2015;09:00;0;AV JOSE BASTOS;;;3770;;Colis?úo Traseira;Luz do Dia;Bom;Seca;Meio de Quadra;Sem?íforo;Comercial;0;0;3;1;0;0;0;0;0;0;0;0;-3,751411000000000;-38,551867000000000
258146;12;10;2015;14:35;1360;RUA JOAQUIM NABUCO;RUA DES LEITE ALBUQUERQUE;;0;;;Luz do Dia;Bom;Seca;Cruz;Pare;Comercial;0;0;2;1;0;0;0;0;0;0;0;0;-3,736273000000000;-38,501621000000000
258147;12;10;2015;21:00;19137;RUA BATISTA DE OLIVEIRA;RUA ANDRE DALL OLIO;;0;;;Via Iluminada;Bom;Seca;Cruz;Gesto;Residencial;0;0;2;1;0;0;0;0;0;0;0;0;-3,739190000000000;-38,477454000000000
258143;12;10;2015;14:00;0;RUA PERNAMBUCO;;;2573;;Colis?úo;Luz do Dia;Bom;Seca;Meio de Quadra;N?úo H?í Controle;Residencial;1;1;1;1;0;0;0;0;0;1;0;0;-3,752113000000000;-38,577464000000000
258136;12;10;2015;08:30;12925;AV DOMINGOS OLIMPIO;AV AGUANAMBI;;0;;Colis?úo Lateral;Luz do Dia;Bom;Seca;Cruz;Sem?íforo;Comercial;0;0;2;1;0;0;0;0;0;1;0;0;-3,738683000000000;-38,524628000000000
258137;12;10;2015;18:30;5091;RUA GAL SAMPAIO;RUA CASTRO E SILVA;;0;;Colis?úo Lateral;Anoitecer;Bom;Seca;Cruz;Sem?íforo;Comercial;0;4;0;1;0;0;0;0;0;0;0;0;-3,723098000000000;-38,529670000000000
258138;12;10;2015;17:12;1277;RUA TIBURCIO CAVALCANTE;RUA COSTA BARROS;;0;;Choque c/ Obst?ículo Fixo;Anoitecer;Bom;Seca;T;N?úo H?í Controle;Misto;0;0;1;1;0;0;0;0;0;0;0;0;-3,733549000000000;-38,501794000000000
258139;12;10;2015;11:15;1393;AV RUI BARBOSA;RUA JOAO CARVALHO;;0;;Colis?úo Lateral;Luz do Dia;Bom;Seca;Cruz;Sem?íforo;Residencial;0;0;2;1;0;0;0;0;0;0;0;0;-3,736928000000000;-38,509731000000000
258151;12;10;2015;09:20;25719;RUA HOLANDA;RUA BELGICA;;0;;Colis?úo Lateral;Luz do Dia;Bom;Seca;Outros;Pare;Residencial;0;1;1;0;1;0;0;0;0;1;0;0;-3,791938000000000;-38,566597000000000
258152;12;10;2015;17:50;15283;RUA PEREIRA FILGUEIRAS;RUA BAR ARACATI;;0;;Colis?úo Transversal;Anoitecer;Bom;Seca;Cruz;Pare;Misto;0;1;1;1;0;0;0;0;0;0;0;0;-3,729076000000000;-38,510707000000000
258111;12;10;2015;13:10;12455;AV SEN FERNANDES TAVORA;RUA RIO GRANDE DO SUL;;0;;Colis?úo Transversal;Luz do Dia;Bom;Seca;T;Sem?íforo;Comercial;0;2;1;0;0;0;0;0;0;1;0;0;-3,768083000000000;-38,572159000000000
258103;12;10;2015;17:50;15821;AV JOR THOMAZ COELHO;RUA ANGELICA GURGEL;;0;;Colis?úo Lateral;Anoitecer;Bom;Seca;T;Pare;Comercial;0;0;2;1;0;0;1;0;0;0;0;0;-3,832400000000000;-38,499058000000000
258108;12;10;2015;17:10;3771;AV DOMINGOS OLIMPIO;AV DA UNIVERSIDADE;;0;;Colis?úo Transversal;Anoitecer;Bom;Seca;Cruz;Sem?íforo;Residencial;1;1;1;0;0;0;0;0;0;1;0;0;-3,735594000000000;-38,534216000000000
267999;12;10;2015;00:29;0;RUA VALPARAISO;;;0;;Queda;;;;Meio de Quadra;;;0;1;0;0;0;0;0;0;0;1;0;0;-3,842542000000000;-38,527838000000000
268002;12;10;2015;02:37;0;RUA OSCAR ARARIPE;;;0;;Colis?úo;;;;Meio de Quadra;;;0;1;1;1;0;0;0;0;0;1;0;0;-3,790011000000000;-38,603030000000000
268004;12;10;2015;10:36;0;RUA JOSE JULIO FEITOSA;;;0;;Queda;Luz do Dia;;;Meio de Quadra;;;0;1;0;0;0;1;0;0;0;0;0;0;;
268011;12;10;2015;13:34;0;RUA OSCAR FRANCA;;;0;;Colis?úo;Luz do Dia;;;Meio de Quadra;;;0;1;1;1;0;0;0;0;0;1;0;0;-3,786292000000000;-38,617011000000000
268020;12;10;2015;16:18;0;RUA TIBURCIO CAVALCANTE;;;0;;Colis?úo;Luz do Dia;;;Meio de Quadra;;;0;1;0;0;0;0;0;0;0;0;0;0;;
268021;12;10;2015;17:21;0;RUA PERGENTINO MAIA;;;0;;Colis?úo;Anoitecer;;;Meio de Quadra;;;0;1;0;0;0;0;0;0;0;0;0;0;;
268022;12;10;2015;23:22;0;RUA ESTADO DO RIO;;;0;;Queda;;;;Meio de Quadra;;;0;1;0;0;0;0;0;0;0;1;0;0;-3,754069000000000;-38,568053000000000
265557;12;10;2015;02:41;5100;AV DOM MANUEL;AV MON TABOSA;;0;;Colis?úo;;;;Cruz;Sem?íforo;Comercial;0;0;2;1;0;0;0;0;0;0;0;0;-3,723554000000000;-38,519439000000000
271593;12;10;2015;15:25;0;AV SEN FERNANDES TAVORA;;;0;;Colis?úo;Luz do Dia;;;Meio de Quadra;;;0;0;2;0;0;0;0;0;0;0;0;0;;
271590;12;10;2015;00:25;0;RUA VALPARAISO;;;0;;Choque c/ Obst?ículo Fixo;;;;Meio de Quadra;;;0;0;1;0;0;0;0;0;0;0;0;0;;
271595;12;10;2015;15:36;0;RUA VALPARAISO;;;0;;Colis?úo;Luz do Dia;;;Meio de Quadra;;;0;0;2;0;0;0;0;0;0;0;0;0;;
271597;12;10;2015;16:58;0;AV BEZERRA DE MENEZES;;;0;;Colis?úo;Luz do Dia;;;Meio de Quadra;;;0;0;2;0;0;0;0;0;0;0;0;0;;
271598;12;10;2015;23:56;0;RUA RIO GRANDE DO NORTE;;;0;;Colis?úo;;;;Meio de Quadra;;;0;0;2;0;0;0;0;0;0;0;0;0;;
259923;12;10;2015;15:45;0;RD CE-040;;;0;KM-03;Choque c/ Obst?ículo Fixo;Luz do Dia;;Seca;Meio de Quadra;;;0;0;1;1;0;0;0;0;0;0;0;0;-3,783185000000000;-38,481014000000000
259928;13;10;2015;13:40;0;AV SEN CARLOS JEREISSATI (AEROPORTO);;;0;KM 02;Colis?úo;Luz do Dia;Bom;Seca;Meio de Quadra;;;0;0;2;1;0;0;0;0;0;0;0;0;-3,783932000000000;-38,529156000000000
259931;13;10;2015;15:45;0;RD CE-040;;;0;KM-10;Colis?úo;Luz do Dia;;Seca;Meio de Quadra;;;0;0;2;1;0;0;0;0;0;0;0;0;-3,838671000000000;-38,480068000000000
259946;13;10;2015;17:20;0;AV SEN CARLOS JEREISSATI (AEROPORTO);;;0;KM 03;Colis?úo;Anoitecer;;Seca;Meio de Quadra;;;0;0;2;1;0;0;0;0;0;0;0;0;-3,780382000000000;-38,541414000000000
259939;13;10;2015;16:45;0;RD CE-025;;;0;KM-01;Colis?úo;Luz do Dia;;Seca;Meio de Quadra;;;0;0;2;1;0;0;0;0;0;0;0;0;-3,807681000000000;-38,470976000000000
271603;13;10;2015;08:26;0;AV PRS COSTA E SILVA;;;0;;Colis?úo;Luz do Dia;;;Meio de Quadra;;;0;0;2;0;0;0;0;0;0;0;0;0;;
271604;13;10;2015;10:13;0;RUA CEL DIONISIO ALENCAR;;;0;;Colis?úo;Luz do Dia;;;Meio de Quadra;;;0;0;2;0;0;0;0;0;0;0;0;0;;
271605;13;10;2015;11:20;12787;RUA ANA NERY;RUA EDITE BRAGA;;0;;Colis?úo;Luz do Dia;;;Cruz;Pare;Residencial;0;0;2;0;0;0;0;0;0;0;0;0;-3,753945000000000;-38,541881000000000
271614;13;10;2015;15:44;13233;AV F CJ JOSE WALTER;AV L CJ JOSE WALTER;;0;;Colis?úo;Luz do Dia;;;Cruz;Pare;Residencial;0;0;2;0;0;0;0;0;0;0;0;0;-3,835328000000000;-38,558805000000000
271611;13;10;2015;15:05;0;RUA TEODORO DE CASTRO;;;0;;Colis?úo;Luz do Dia;;;Meio de Quadra;;;0;0;2;0;0;0;0;0;0;0;0;0;;
271607;13;10;2015;11:55;0;AV BEZERRA DE MENEZES;;;0;;Colis?úo;Luz do Dia;;;Meio de Quadra;;;0;0;2;0;0;0;0;0;0;0;0;0;;
271608;13;10;2015;14:26;0;RUA COS ARAUJO LIMA;;;0;;Colis?úo;Luz do Dia;;;Meio de Quadra;;;0;0;2;0;0;0;0;0;0;0;0;0;;
271600;13;10;2015;00:36;15205;RUA OSVALDO CRUZ (ALDEOTA);AV ABOLICAO;;0;;Colis?úo;;;;Cruz;N?úo H?í Controle;Residencial;0;0;2;0;0;0;0;0;0;0;0;0;-3,726690000000000;-38,497445000000000
271616;13;10;2015;18:08;0;AV PERIMETRAL;;;0;;Colis?úo;Anoitecer;;;Meio de Quadra;;;0;0;2;0;0;0;0;0;0;0;0;0;;
271618;13;10;2015;22:04;0;AV PRS COSTA E SILVA;;;0;;Colis?úo;;;;Meio de Quadra;;;0;0;2;0;0;0;0;0;0;0;0;0;;
265558;13;10;2015;15:05;15353;RUA PEREIRA VALENTE;RUA BARBOSA DE FREITAS;;0;;Colis?úo;Luz do Dia;;;Cruz;Pare;Residencial;0;0;2;1;0;0;1;0;0;0;0;0;-3,732578000000000;-38,496080000000000
265560;13;10;2015;17:38;0;AV GODOFREDO MACIEL;;;0;;Colis?úo;Anoitecer;;;Meio de Quadra;;;0;0;2;1;0;0;0;1;0;0;0;0;;
265561;13;10;2015;18:00;0;AV PERIMETRAL;;;0;;Colis?úo;Anoitecer;;;Meio de Quadra;;;0;0;2;1;0;0;1;0;0;0;0;0;;
265562;13;10;2015;18:40;0;AV OLIVEIRA PAIVA;;;0;;Colis?úo;;;;Meio de Quadra;;;0;0;2;1;0;0;0;0;0;0;0;0;;
268023;13;10;2015;00:15;0;RUA RIO GRANDE DO NORTE;;;0;;Colis?úo;;;;Meio de Quadra;;;0;1;0;0;0;0;0;0;0;0;0;0;;
268024;13;10;2015;08:03;0;AV AUGUSTO DOS ANJOS;;;0;;Colis?úo;Luz do Dia;;;Meio de Quadra;;;0;1;1;1;0;0;0;0;0;1;0;0;-3,772994000000000;-38,572751000000000
268025;13;10;2015;08:33;0;RUA FRANCO ROCHA;;;0;;Colis?úo;Luz do Dia;;;Meio de Quadra;;;0;1;1;1;0;0;0;0;0;1;0;0;-3,753472000000000;-38,582241000000000
268026;13;10;2015;14:24;7335;RUA COS ARAUJO LIMA;RUA MACAPA;;0;;Queda;Luz do Dia;;;;;;0;1;0;0;0;0;0;0;0;1;0;0;-3,750036000000000;-38,590096000000000
268027;13;10;2015;15:04;0;RUA ANTONIO MARTINS;;;0;;Colis?úo;Luz do Dia;;;Meio de Quadra;;;0;1;1;1;0;0;0;0;0;1;0;0;-3,751015000000000;-38,557002000000000
268028;13;10;2015;15:25;0;RUA GASTAO JUSTA;;;0;;Colis?úo;Luz do Dia;;;Meio de Quadra;;;0;1;1;1;0;0;0;0;0;1;0;0;;
268029;13;10;2015;15:38;0;AV BEZERRA DE MENEZES;;;0;;Atropelamento;Luz do Dia;;;Meio de Quadra;;;0;1;1;0;0;0;0;0;0;1;0;0;-3,733471000000000;-38,553851000000000
268030;13;10;2015;16:23;0;RUA SAO FRANCISCO D34;;;0;;Colis?úo;Luz do Dia;;;Meio de Quadra;;;0;1;0;0;0;0;0;0;0;0;0;0;-3,784257000000000;-38,588841000000000
268031;13;10;2015;17:15;0;AV ALBERTO CRAVEIRO;;;0;;Atropelamento;Anoitecer;;;Meio de Quadra;;;0;1;1;1;0;0;0;0;0;0;0;0;;
268032;13;10;2015;17:22;0;RUA PRO LINO ENCARNACAO;;;0;;Colis?úo;Anoitecer;;;Meio de Quadra;;;0;1;1;1;0;0;0;0;0;1;0;0;-3,746440000000000;-38,559580000000000
268033;13;10;2015;20:45;0;RUA BOA VISTA;;;0;;Colis?úo;;;;Meio de Quadra;;;0;1;1;1;0;0;0;0;0;1;0;0;-3,770135000000000;-38,584007000000000
268042;13;10;2015;22:12;0;AV PERIMETRAL;;;0;;Colis?úo;;;;Meio de Quadra;;;0;1;0;0;0;0;0;0;0;0;0;0;;
268037;13;10;2015;20:49;0;RD BR 116;;;2000;KM-02;Colis?úo;;;;Meio de Quadra;;;0;1;1;1;0;0;0;0;0;1;0;0;-3,771391000000000;-38,516780000000000
258015;13;10;2015;17:50;0;AV ALBERTO CRAVEIRO;;;2770;CASTELAO;Atropelamento;Anoitecer;Bom;Seca;Meio de Quadra;N?úo H?í Controle;Comercial;0;1;1;1;0;0;0;0;0;0;0;0;-3,805335000000000;-38,523255000000000
258155;13;10;2015;16:30;1230;RUA COSTA BARROS;RUA BAR ARACATI;;0;;Colis?úo Lateral;Luz do Dia;Bom;Seca;Cruz;Pare;Comercial;0;1;1;0;0;0;0;0;0;1;0;0;-3,730488000000000;-38,511153000000000
258144;13;10;2015;09:30;25161;RUA RUFINO DE ALENCAR;TR SAO JOSE;;0;;Colis?úo Traseira;Luz do Dia;Bom;;T;Outros;Comercial;0;0;2;1;0;0;0;0;0;0;0;0;;
258148;13;10;2015;01:00;15145;AV BAR STUDART;AV HIS RAIMUNDO GIRAO;;0;;Colis?úo Transversal;Via Iluminada;Bom;;Cruz;Sem?íforo;Residencial;0;0;2;1;0;0;0;0;0;0;0;0;-3,724494000000000;-38,503367000000000
258177;13;10;2015;02:00;0;RUA CARLOS VASCONCELOS;;;1193;;Choque c/ Obst?ículo Fixo;Via Iluminada;Bom;Seca;Meio de Quadra;N?úo H?í Controle;Comercial;0;0;2;1;0;0;0;0;0;0;0;0;-3,732119000000000;-38,510515000000000
258178;13;10;2015;14:00;0;AV JOSE BASTOS;;;2736;;Colis?úo Lateral;Luz do Dia;Bom;Seca;Meio de Quadra;Outros;Comercial;0;0;2;1;0;0;1;0;0;0;0;0;-3,744525000000000;-38,544940000000000
258171;13;10;2015;13:00;0;AV ABOLICAO;;;1810;;Engavetamento;Luz do Dia;Bom;Seca;Meio de Quadra;Sem?íforo;Comercial;0;0;3;1;0;0;0;0;0;0;0;0;-3,724941000000000;-38,502930000000000
258181;13;10;2015;14:40;0;RUA BAR RIO BRANCO;;;0;;Colis?úo Traseira;Luz do Dia;Bom;Seca;Meio de Quadra;Outros;Comercial;0;0;2;1;0;0;0;0;0;0;0;0;;
258175;13;10;2015;14:30;19540;RUA JULIO GASPAR;RUA CASIMIRO DE ABREU;;0;;Colis?úo Transversal;Luz do Dia;Bom;Seca;Cruz;Pare;Residencial;0;0;2;1;0;0;0;0;0;0;0;0;-3,782426000000000;-38,563108000000000
258195;13;10;2015;10:20;0;RUA ERICO MOTA;;;1020;;Colis?úo Lateral;Luz do Dia;Bom;Seca;Meio de Quadra;N?úo H?í Controle;Residencial;0;0;2;1;0;0;0;0;0;0;0;0;;
258192;13;10;2015;18:00;5438;RUA METON DE ALENCAR;RUA ASSUNCAO;;0;;Colis?úo Transversal;Via Iluminada;Bom;Seca;Cruz;Pare;Comercial;0;2;1;1;0;0;0;0;0;1;0;0;-3,734332000000000;-38,528594000000000
258202;13;10;2015;09:45;0;AV ENG ALBERTO SA;;;1060;;Colis?úo Lateral;Luz do Dia;Bom;Seca;Meio de Quadra;Outros;Residencial;0;0;2;1;0;0;0;0;0;0;0;0;-3,735256000000000;-38,473367000000000
258205;13;10;2015;14:00;3956;RUA JULIO CESAR D12;RUA PEDRO MACHADO;;0;;Colis?úo Transversal;Luz do Dia;Bom;Seca;Cruz;Pare;Residencial;0;0;3;1;0;0;0;0;0;0;0;0;-3,756102000000000;-38,548095000000000
258209;13;10;2015;11:20;0;RUA TERTULIANO SALES;;;105;;Colis?úo Lateral;Luz do Dia;Bom;Seca;Meio de Quadra;N?úo H?í Controle;Comercial;0;0;2;1;0;0;0;0;0;0;0;0;;
258211;13;10;2015;14:00;0;AV AGUANAMBI;;;0;;Colis?úo Lateral;Luz do Dia;Bom;Seca;Meio de Quadra;N?úo H?í Controle;Comercial;0;0;2;1;0;0;0;0;0;0;0;0;;
258227;13;10;2015;08:30;1432;AV SANTOS DUMONT;AV SEN VIRGILIO TAVORA;;0;;Queda;Luz do Dia;Bom;Seca;Cruz;Sem?íforo;Comercial;0;1;0;0;0;0;0;0;0;1;0;0;-3,737828000000000;-38,493482000000000
258225;13;10;2015;16:30;0;AV AUGUSTO DOS ANJOS;;;902;;Colis?úo Lateral;Luz do Dia;Bom;Seca;Meio de Quadra;Sem?íforo;Comercial;0;1;1;0;0;0;0;0;0;1;0;0;-3,775714000000000;-38,575233000000000
258241;13;10;2015;22:00;12404;AV SEN FERNANDES TAVORA;AV LINEU MACHADO;;0;;Engavetamento;Via Iluminada;Bom;Seca;Cruz;N?úo H?í Controle;Comercial;0;1;3;1;0;0;0;0;0;0;0;0;-3,765199000000000;-38,576540000000000
258230;13;10;2015;19:53;0;RUA BERNARDO MANUEL;;;7560;;Colis?úo Traseira;Via Iluminada;Bom;Seca;Meio de Quadra;;Comercial;0;0;2;1;0;0;0;0;0;0;0;0;-3,784331000000000;-38,547004000000000
258219;13;10;2015;07:20;0;RUA PRO VIRGILIO DE MORAIS;;;487;;Outros;Luz do Dia;Bom;Seca;Meio de Quadra;N?úo H?í Controle;Comercial;0;1;2;0;0;0;0;0;0;1;0;0;-3,752791000000000;-38,596944000000000
258232;13;10;2015;07:50;0;RUA BERNARDO MANUEL;;;0;;Engavetamento;Luz do Dia;Bom;Seca;Meio de Quadra;Pare;Comercial;0;0;3;1;0;0;0;0;0;0;0;0;;
259988;13;10;2015;21:45;0;RD CE-040;;;0;KM-10;Colis?úo;Via Iluminada;;Seca;Meio de Quadra;;;0;0;2;1;0;0;0;0;0;0;0;0;-3,838671000000000;-38,480068000000000
259994;14;10;2015;07:30;0;RD CE-040;;;0;KM-07;Colis?úo;Luz do Dia;;Seca;Meio de Quadra;;;0;0;2;1;0;0;0;0;0;0;0;0;-3,817953000000000;-38,483160000000000
259997;14;10;2015;11:30;0;RD CE-040;;;0;KM-03;Colis?úo;Luz do Dia;;Seca;Meio de Quadra;;;0;0;2;1;1;0;0;0;0;0;0;0;-3,783185000000000;-38,481014000000000
259990;14;10;2015;07:50;0;AV SEN CARLOS JEREISSATI (AEROPORTO);;;0;KM 03;Colis?úo;Luz do Dia;;Seca;Meio de Quadra;;;0;0;3;1;0;0;0;0;0;0;0;0;-3,780382000000000;-38,541414000000000