COD_ACIDENTE;DIA;MES;ANO;HORA;INTERSECAO;LOG1;LOG2;LOG3;NUMERO;REFERENCIA;NATUREZA;ILUMINACAO;TEMPO;SUPERFICIEPISTA;TIPOCRUZAMENTO;CONTROLETRAFEGO;USOSOLO;MORTOS;FERIDOS;ILESOS;AUTOMOVEL;ONIBUS;BICICLETA;CAMINHAO;MICROONIBUS;CICLOMOTOR;MOTOCICLETA;TRACAOANIMAL;TREM;LATITUDE;LONGITUDE
259999;14;10;2015;18:50;0;RD CE-040;;;0;KM-07;Colis?úo;Via Iluminada;;Seca;Meio de Quadra;;;0;0;2;1;0;0;0;0;0;1;0;0;-3,817953000000000;-38,483160000000000
260000;14;10;2015;21:00;0;RD CE-040;;;0;KM-04;Colis?úo;Via Iluminada;;Seca;Meio de Quadra;;;0;0;2;1;0;0;0;0;0;0;0;0;-3,792050000000000;-38,480251000000000
258220;14;10;2015;16:00;5246;RUA PEREIRA FILGUEIRAS;RUA GONCALVES LEDO;;0;;Colis?úo Transversal;Luz do Dia;Bom;Seca;Cruz;Pare;Comercial;1;1;1;1;0;0;0;0;0;0;0;0;-3,727667000000000;-38,515004000000000
258221;14;10;2015;09:00;0;AV DES FELICIANO DE ATAIDE (JD DAS OLIVEIRAS);;;2309;;Colis?úo Traseira;Luz do Dia;Bom;Seca;Meio de Quadra;Pare;Residencial;0;0;5;1;0;0;1;0;0;0;0;0;;
258217;14;10;2015;20:40;13534;AV SORIANO ALBUQUERQUE;RUA JOAO CORDEIRO;;0;;Colis?úo Transversal;Via Iluminada;Bom;Seca;Cruz;Pare;Residencial;0;0;2;1;0;0;0;0;0;0;0;0;-3,747871000000000;-38,519458000000000
258218;14;10;2015;18:40;1555;RUA VICENTE LINHARES;RUA OSVALDO CRUZ (ALDEOTA);;0;;Colis?úo Transversal;Anoitecer;Bom;Seca;Cruz;Pare;Misto;0;1;1;1;0;0;0;0;0;1;0;0;-3,741502000000000;-38,502221000000000
258223;14;10;2015;08:50;3988;AV PRO GOMES DE MATOS;RUA AFRODISIO GONDIM;;0;;Colis?úo Lateral;Luz do Dia;Bom;Seca;Cruz;N?úo H?í Controle;Comercial;0;0;2;1;0;0;0;0;0;0;0;0;-3,758895000000000;-38,543675000000000
258224;14;10;2015;07:50;24362;RUA JORGE ACURCIO;RUA EPAMINONDAS FROTA;;0;;Colis?úo Frontal;Luz do Dia;Bom;Seca;Duplo T;Pare;Residencial;0;2;0;0;0;0;0;0;0;1;0;0;-3,766035000000000;-38,532070000000000
258226;14;10;2015;22:00;1383;RUA MON CATAO;RUA MARCOS MACEDO;;0;;Colis?úo Transversal;Via Iluminada;Bom;Seca;Cruz;Pare;Misto;0;0;2;1;0;0;0;0;0;0;0;0;-3,736772000000000;-38,489930000000000
258213;14;10;2015;16:40;14682;AV OLIVEIRA PAIVA;RUA DR JOSE FURTADO;;0;;Colis?úo Lateral;Luz do Dia;Bom;Seca;Cruz;Sem?íforo;Comercial;0;1;1;1;0;0;0;0;0;1;0;0;-3,796189000000000;-38,488224000000000
258215;14;10;2015;15:30;4615;RUA CRISANTO M DA ROCHA;RUA JOSE ANASTACIO DIAS;;0;;Colis?úo Transversal;Luz do Dia;Bom;Seca;Cruz;Pare;Comercial;0;0;2;1;0;0;0;0;0;0;0;0;-3,797667000000000;-38,480432000000000
258207;14;10;2015;14:10;7754;AV ANTONIO SALES;RUA JOSE VILAR;;0;;Colis?úo Lateral;Luz do Dia;Bom;Seca;Cruz;Sem?íforo;Comercial;0;0;2;1;0;0;0;0;0;0;0;0;-3,743929000000000;-38,507303000000000
258203;14;10;2015;08:00;0;RUA STA MARLUCIA;;;341;;Colis?úo Traseira;Luz do Dia;Bom;Seca;Meio de Quadra;N?úo H?í Controle;Residencial;0;0;2;1;0;0;0;1;0;0;0;0;-3,805251000000000;-38,582600000000000
258204;14;10;2015;13:30;11011;RUA GALILEU;RUA EQUADOR;;0;;Colis?úo Lateral;Luz do Dia;Bom;Seca;Cruz;Pare;Misto;0;1;1;1;0;0;0;0;0;0;0;0;-3,776242000000000;-38,553113000000000
258197;14;10;2015;14:30;1538;AV PDE ANTONIO TOMAS;RUA LEONARDO MOTA;;0;;Colis?úo Traseira;Luz do Dia;Bom;Seca;Cruz;Sem?íforo;Comercial;0;0;2;1;0;0;0;0;0;0;0;0;-3,740811000000000;-38,497662000000000
258198;14;10;2015;15:40;0;RUA GAL SAMPAIO;;;1348;;Colis?úo Lateral;;Bom;Seca;Meio de Quadra;Sem?íforo;Comercial;0;0;2;1;1;0;0;0;0;0;0;0;-3,730087000000000;-38,531729000000000
258199;14;10;2015;14:45;5340;AV DUQ CAXIAS;RUA VINTE E QUATRO DE MAIO;;0;;Colis?úo Transversal;;Bom;Seca;Cruz;Sem?íforo;Comercial;0;1;1;1;0;0;0;0;0;1;0;0;-3,730708000000000;-38,533230000000000
258200;14;10;2015;12:40;0;AV 13 DE MAIO;;;1922;;Colis?úo Lateral;Luz do Dia;Bom;Seca;Meio de Quadra;Sem?íforo Intermitente;Comercial;0;0;2;1;0;0;1;0;0;0;0;0;-3,744567000000000;-38,534903000000000
258188;14;10;2015;15:00;6724;AV SANTOS DUMONT;AV ENG SANTANA JUNIOR;;0;;Colis?úo;Luz do Dia;Bom;Seca;Cruz;Pare;Comercial;0;0;2;1;0;0;1;0;0;0;0;0;-3,740506000000000;-38,485132000000000
258184;14;10;2015;14:45;0;AV AUGUSTO DOS ANJOS;;;1912;;Colis?úo Transversal;Luz do Dia;Bom;Seca;Meio de Quadra;N?úo H?í Controle;Escola;0;1;0;0;0;0;0;0;0;1;0;0;-3,782139000000000;-38,580876000000000
258186;14;10;2015;13:15;1261;AV RUI BARBOSA;AV SANTOS DUMONT;;0;;Colis?úo;Luz do Dia;Bom;Seca;Cruz;Sem?íforo;Comercial;0;1;1;1;0;0;0;0;0;1;0;0;-3,732956000000000;-38,508432000000000
258173;14;10;2015;21:00;0;AV PRS COSTA E SILVA;;;5445;;Colis?úo Traseira;Anoitecer;Bom;Seca;Meio de Quadra;N?úo H?í Controle;Residencial;0;1;1;1;0;0;0;0;0;1;0;0;-3,828478000000000;-38,531722000000000
258179;14;10;2015;16:00;0;RUA BERNARDO MANUEL;;;9298;;Colis?úo Traseira;Luz do Dia;Bom;Seca;Meio de Quadra;Sem?íforo;Comercial;0;1;1;1;0;0;0;0;0;1;0;0;-3,800962000000000;-38,552100000000000
258169;14;10;2015;17:00;0;RUA GAL TOME CORDEIRO;;;995;;Colis?úo Lateral;Via Iluminada;Bom;Seca;Meio de Quadra;Outros;Residencial;0;0;2;1;0;0;1;0;0;0;0;0;-3,716292000000000;-38,585795000000000
258150;14;10;2015;19:00;7762;AV ANTONIO SALES;RUA NUNES VALENTE;;0;;Colis?úo Lateral;;Bom;Seca;Cruz;;Comercial;0;1;1;1;0;0;0;0;0;1;0;0;-3,744237000000000;-38,506314000000000
258156;14;10;2015;19:30;7894;RUA PRO FRANCISCO GONCALVES;RUA VICENTE LEITE;;0;;Colis?úo Transversal;Via Iluminada;Bom;Seca;Cruz;Pare;Escola;0;1;1;1;0;0;0;1;0;0;0;0;-3,747615000000000;-38,498773000000000
258157;14;10;2015;08:00;0;AV JOR THOMAZ COELHO;;;0;;Colis?úo Traseira;Luz do Dia;Bom;Seca;Meio de Quadra;Sem?íforo;Comercial;0;0;2;1;0;0;0;0;0;0;0;0;;
258158;14;10;2015;08:50;0;AV DES MOREIRA;;;790;PRA?çA PORTUGAL;Colis?úo Traseira;;Bom;Seca;Meio de Quadra;;;0;0;2;1;1;0;0;0;0;0;0;0;-3,733118000000000;-38,497371000000000
258159;14;10;2015;07:25;0;AV AGUANAMBI;;;710;;Capotamento;Via Iluminada;Bom;Seca;Meio de Quadra;N?úo H?í Controle;Comercial;0;1;0;1;0;0;0;0;0;0;0;0;-3,742927000000000;-38,525805000000000
258160;14;10;2015;14:40;5039;AV ALBERTO NEPOMUCENO;RUA ADOLFO CAMINHA;;0;;Colis?úo Lateral;Luz do Dia;Bom;Seca;Cruz;Sem?íforo;Comercial;0;0;2;1;0;0;0;0;0;0;0;0;-3,721257000000000;-38,523212000000000
268146;14;10;2015;08:03;0;AV GOV RAUL BARBOSA;;;0;;Colis?úo;Luz do Dia;;;Meio de Quadra;;;0;1;1;0;0;0;0;0;0;1;0;0;-3,778011000000000;-38,513701000000000
268143;14;10;2015;07:53;0;AV PRS CASTELO BRANCO;;;0;;Atropelamento;Luz do Dia;;;Meio de Quadra;;;0;1;1;0;0;0;0;0;0;1;0;0;;
268151;14;10;2015;10:00;0;AV FRE CIRILO;;;0;;Colis?úo;Luz do Dia;;;Meio de Quadra;;;0;1;1;1;0;0;0;0;0;1;0;0;;
268148;14;10;2015;08:59;0;RUA CEL DIONISIO ALENCAR;;;0;;Colis?úo;Luz do Dia;;;Meio de Quadra;;;0;1;1;1;0;0;0;0;0;1;0;0;;
268153;14;10;2015;12:03;3864;AV 13 DE MAIO;RUA LEANDRO MONTEIRO;;0;;Colis?úo;Luz do Dia;;;Cruz;N?úo H?í Controle;Misto;0;1;1;1;0;0;0;0;0;1;0;0;-3,744162000000000;-38,535383000000000
265564;14;10;2015;07:53;0;RUA PDE PEDRO DE ALENCAR;;;0;;Colis?úo;Luz do Dia;;;Meio de Quadra;;;0;0;2;1;0;0;0;0;0;1;0;0;;
265576;14;10;2015;18:30;11932;AV PRS COSTA E SILVA;AV CASTELO DE CASTRO;;0;;Colis?úo;Anoitecer;;;Cruz;Sem?íforo;Misto;0;0;2;1;0;0;0;0;0;0;0;0;-3,829012000000000;-38,521435000000000
265781;14;10;2015;19:21;0;RUA PDE PERDIGAO SAMPAIO;;;0;;Colis?úo;;;;Meio de Quadra;;;0;0;2;1;0;0;0;1;0;0;0;0;;
268155;14;10;2015;12:48;0;RUA ANTONIO POMPEU;;;0;;Colis?úo;Luz do Dia;;;Meio de Quadra;;;0;1;1;1;0;0;0;0;0;1;0;0;-3,731861000000000;-38,539865000000000
271623;14;10;2015;01:02;0;AV DEP PAULINO ROCHA;;;0;;Colis?úo;;;;Meio de Quadra;;;0;0;2;0;0;0;0;0;0;0;0;0;;
271632;14;10;2015;14:01;15268;RUA SILVA JATAHY;RUA BARBOSA DE FREITAS;;0;;Colis?úo;Luz do Dia;;;Com Via F?®rrea;Pare;Residencial;0;0;2;0;0;0;0;0;0;0;0;0;-3,728670000000000;-38,494835000000000
271630;14;10;2015;13:47;5282;RUA SENA MADUREIRA;RUA PERBOYRE SILVA;;0;;Colis?úo;Luz do Dia;;;T;Pare;Residencial;0;0;2;0;0;0;0;0;0;0;0;0;-3,728776000000000;-38,525765000000000
271628;14;10;2015;10:43;0;AV DR THEBERGE;;;0;;Colis?úo;Luz do Dia;;;Meio de Quadra;;;0;0;2;0;0;0;0;0;0;0;0;0;;
271626;14;10;2015;01:05;0;AV C CJ CEARA;;;0;;Choque c/ Obst?ículo Fixo;;;;Meio de Quadra;;;0;0;1;0;0;0;0;0;0;0;0;0;;
271634;14;10;2015;14:46;3875;RUA SEN POMPEU;RUA PDE MIGUELINHO;;0;;Colis?úo;Luz do Dia;;;Cruz;Pare;Comercial;0;0;2;0;0;0;0;0;0;0;0;0;-3,742469000000000;-38,534332000000000
271636;14;10;2015;15:08;6765;AV PDE ANTONIO TOMAS;RUA VER PAULO MAMEDE;;0;;Colis?úo;Luz do Dia;;;T;Outros;Residencial;0;0;2;0;0;0;0;0;0;0;0;0;-3,746376000000000;-38,480486000000000
268862;14;10;2015;19:00;11088;RUA AMERICO VESPUCIO;RUA MATEUS SOARES;;0;;Colis?úo;;;;;;;0;0;1;1;0;0;0;0;0;0;0;0;-3,791783000000000;-38,551707000000000
259304;14;10;2015;07:40;0;RD BR 116;;;2000;KM-02;Colis?úo Traseira;Luz do Dia;Bom;Molhada;Meio de Quadra;N?úo H?í Controle;Comercial;0;1;4;1;0;0;0;0;0;0;0;0;-3,771391000000000;-38,516780000000000
259305;14;10;2015;08:00;0;RD BR 116;;;3000;KM-03;Colis?úo Lateral;Luz do Dia;Bom;Seca;Meio de Quadra;N?úo H?í Controle;Comercial;0;3;0;0;0;0;0;0;0;1;0;0;-3,779838000000000;-38,514372000000000
268157;14;10;2015;15:02;24886;AV MOZART PINHEIRO DE LUCENA;AV MAJ ASSIS;;0;;Colis?úo;Luz do Dia;;;Cruz;Sem?íforo;Residencial;0;1;0;0;0;0;0;0;0;0;0;0;-3,721695000000000;-38,596693000000000
268182;14;10;2015;19:17;0;AV D CJ JOSE WALTER;;;0;;Colis?úo;;;;Meio de Quadra;;;0;1;1;1;0;0;0;0;0;1;0;0;;
268183;14;10;2015;20:25;0;RUA OSCAR LOPES;;;0;;Colis?úo;;;;Meio de Quadra;;;0;1;0;0;0;0;0;0;0;0;0;0;-3,748534000000000;-38,561760000000000
268179;14;10;2015;17:58;0;AV WASHINGTON SOARES;;;0;;Queda;Anoitecer;;;Meio de Quadra;;;0;1;0;0;0;1;0;0;0;0;0;0;;
268171;14;10;2015;17:39;0;AV WASHINGTON SOARES;;;0;;Colis?úo;Anoitecer;;;Meio de Quadra;;;0;1;1;1;0;0;0;0;0;1;0;0;;
268191;15;10;2015;05:47;0;RUA SOLON PINHEIRO;;;0;;Colis?úo;Amanhecer;;;Meio de Quadra;;;0;1;1;1;0;0;0;0;0;1;0;0;;
268185;15;10;2015;00:49;0;AV GODOFREDO MACIEL;;;0;;Queda;;;;Meio de Quadra;;;0;1;0;0;0;0;0;0;0;1;0;0;-3,782108000000000;-38,565488000000000
268189;15;10;2015;04:54;0;AV GODOFREDO MACIEL;;;0;;Colis?úo;;;;Meio de Quadra;;;0;1;1;1;0;0;0;0;0;1;0;0;-3,782108000000000;-38,565488000000000
268193;15;10;2015;05:48;0;AV GODOFREDO MACIEL;;;0;;Colis?úo;Amanhecer;;;Meio de Quadra;;;0;1;1;1;0;0;0;0;0;1;0;0;;
268195;15;10;2015;06:10;0;ET DO JATOBA;;;0;;Colis?úo;Luz do Dia;;;Meio de Quadra;;;0;1;1;1;0;0;0;0;0;1;0;0;-3,803247000000000;-38,627928000000000
268246;15;10;2015;14:38;0;AV PRS CASTELO BRANCO;;;0;;Colis?úo;Luz do Dia;;;Meio de Quadra;;;0;1;1;1;0;0;0;0;0;1;0;0;-3,714507000000000;-38,546541000000000
268264;15;10;2015;14:47;0;AV JOAO PESSOA;;;6754;SESI;Colis?úo;Luz do Dia;;;Meio de Quadra;;;0;1;0;1;0;0;0;0;0;0;0;0;-3,769014000000000;-38,560544000000000
268265;15;10;2015;15:54;0;AV EDUARDO GIRAO;;;0;;Atropelamento;Luz do Dia;;;Meio de Quadra;;;0;1;0;0;0;0;0;0;0;0;0;0;-3,752333000000000;-38,532752000000000
268266;15;10;2015;15:57;0;RUA JERONIMO ALBUQUERQUE;;;0;;Colis?úo;Luz do Dia;;;Meio de Quadra;;;0;1;1;1;0;0;0;0;0;1;0;0;;
268267;15;10;2015;17:27;0;RUA STA RITA;;;0;;Atropelamento;Anoitecer;;;Meio de Quadra;;;0;1;1;0;1;0;0;0;0;0;0;0;;
268268;15;10;2015;17:37;0;AV A CJ CEARA;;;0;;Colis?úo;Anoitecer;;;Meio de Quadra;;;0;1;1;1;0;0;0;0;0;1;0;0;-3,771642000000000;-38,604963000000000
268269;15;10;2015;18:11;0;RUA CEL DIONISIO ALENCAR;;;0;;Colis?úo;Anoitecer;;;Meio de Quadra;;;0;1;0;0;0;0;0;0;0;0;0;0;;
268271;15;10;2015;19:44;0;RUA STA ROSA D20/21 (JACARECANGA);;;0;;Atropelamento;;;;Meio de Quadra;;;0;1;1;0;0;0;0;0;0;1;0;0;-3,715798000000000;-38,553715000000000
268272;15;10;2015;20:11;0;AV 13 DE MAIO;;;0;;Colis?úo;;;;Meio de Quadra;;;0;1;1;1;0;0;0;0;0;1;0;0;-3,739153000000000;-38,541230000000000
268220;15;10;2015;13:40;0;AV SEN FERNANDES TAVORA;;;0;;Colis?úo;Luz do Dia;;;Meio de Quadra;;;0;1;1;1;0;0;0;0;0;1;0;0;;
268214;15;10;2015;11:24;0;RUA MAL BITENCOURT;;;0;;Colis?úo;Luz do Dia;;;Meio de Quadra;;;0;1;1;1;0;0;0;0;0;1;0;0;-3,793289000000000;-38,530394000000000
268218;15;10;2015;13:35;0;RUA 12 DE JULHO;;;0;;Capotamento;Luz do Dia;;;Meio de Quadra;;;0;1;0;1;0;0;0;0;0;0;0;0;;
268216;15;10;2015;11:39;5292;RUA COSTA BARROS;RUA GONCALVES LEDO;;0;;Colis?úo;Luz do Dia;;;Cruz;Pare;Comercial;0;1;1;1;0;1;0;0;0;0;0;0;-3,729088000000000;-38,515426000000000
268209;15;10;2015;10:15;0;AV JOSE BASTOS;;;0;;Colis?úo;Luz do Dia;;;Meio de Quadra;;;0;1;1;1;0;0;0;0;0;1;0;0;;
268210;15;10;2015;10:45;0;AV FRANCISCO SA;;;0;;Colis?úo;Luz do Dia;;;Meio de Quadra;;;0;1;1;0;0;0;1;0;0;1;0;0;-3,719489000000000;-38,551086000000000
268205;15;10;2015;09:19;0;AV SGT HERMINIO SAMPAIO;;;0;;Queda;Luz do Dia;;;Meio de Quadra;;;0;1;0;0;0;0;0;0;0;1;0;0;-3,728311000000000;-38,571038000000000
268200;15;10;2015;07:18;0;RUA BERNARDO MANUEL;;;0;;Queda;Luz do Dia;;;Meio de Quadra;;;0;1;0;0;0;0;0;0;0;1;0;0;;
268207;15;10;2015;10:13;0;AV SANTOS DUMONT;;;0;;Atropelamento;Luz do Dia;;;Meio de Quadra;;;0;1;1;1;0;0;0;0;0;0;0;0;-3,747338000000000;-38,463872000000000
268202;15;10;2015;07:55;0;AV SEN FERNANDES TAVORA;;;0;;Choque c/ Obst?ículo Fixo;Luz do Dia;;;Meio de Quadra;;;0;1;0;1;0;0;0;0;0;0;0;0;;
268203;15;10;2015;07:57;19753;RUA ERICO MOTA;RUA AZEVEDO BOLAO;;0;;Colis?úo;Luz do Dia;;;Cruz;Pare;Residencial;0;1;0;0;0;0;0;0;0;0;0;0;-3,737645000000000;-38,562522000000000
268198;15;10;2015;06:27;0;AV MR HULL;;;0;;Colis?úo;Luz do Dia;;;Meio de Quadra;;;0;1;1;1;0;0;0;0;0;1;0;0;;
258318;15;10;2015;10:40;15820;AV JOR THOMAZ COELHO;RUA GRANJA CASTELO;;0;;Colis?úo Lateral;Luz do Dia;Bom;Seca;T;Sem?íforo;Comercial;0;0;2;1;1;0;0;0;0;0;0;0;-3,832383000000000;-38,500218000000000
258319;15;10;2015;14:20;0;RUA LEONARDO MOTA;;;1755;;Colis?úo Traseira;Luz do Dia;Bom;Seca;Meio de Quadra;Sem?íforo Intermitente;Residencial;0;0;2;1;0;0;0;0;0;0;0;0;-3,741747000000000;-38,497970000000000
258321;15;10;2015;19:20;0;AV PRS COSTA E SILVA;;;4655;;Colis?úo Lateral;Via Iluminada;Bom;Seca;Outros;D?¬ Prefer?¬ncia;Residencial;0;0;2;1;0;0;0;0;0;0;0;0;-3,825821000000000;-38,538693000000000
258315;15;10;2015;12:45;0;AV PRS CASTELO BRANCO;;;1065;;Colis?úo Transversal;Luz do Dia;Bom;Seca;Meio de Quadra;N?úo H?í Controle;Comercial;0;0;2;1;0;0;1;0;0;0;0;0;-3,718846000000000;-38,533295000000000
258360;15;10;2015;17:40;0;AV GAL MURILO BORGES;;;0;;Colis?úo Traseira;Anoitecer;Bom;Seca;Meio de Quadra;N?úo H?í Controle;Comercial;0;0;2;1;0;0;1;0;0;0;0;0;;
258361;15;10;2015;05:40;1657;RUA CEL JUCA;RUA BENI DE CARVALHO;;0;;Colis?úo Transversal;Luz do Dia;Bom;Seca;Cruz;Sem?íforo;Misto;0;1;1;1;0;0;0;0;0;1;0;0;-3,746301000000000;-38,494070000000000
258362;15;10;2015;11:05;1338;AV BAR STUDART;RUA TORRES CAMARA;;0;;Colis?úo Traseira;Luz do Dia;Bom;Seca;Cruz;Sem?íforo;Comercial;0;0;2;1;0;0;0;0;0;0;0;0;-3,735624000000000;-38,506944000000000
258363;15;10;2015;07:30;583;AV FRANCISCO SA;RUA ANA FACO;;0;;Colis?úo Transversal;Luz do Dia;Bom;Seca;Cruz;Pare;Comercial;0;0;2;1;0;0;0;0;0;1;0;0;-3,716149000000000;-38,561096000000000
258329;15;10;2015;13:00;348;RUA PRO LINO ENCARNACAO;RUA CESAR FONTENELE;;0;;Colis?úo Lateral;Luz do Dia;Bom;Seca;Cruz;Pare;Comercial;0;0;2;1;0;0;0;0;0;0;0;0;-3,746359000000000;-38,559596000000000
258358;15;10;2015;20:15;9081;AV AGUANAMBI;AV 13 DE MAIO;;0;;Colis?úo Lateral;Via Iluminada;Bom;Seca;T;Pare;Comercial;0;0;2;1;0;0;0;0;0;0;0;0;-3,753844000000000;-38,523451000000000
258383;15;10;2015;09:30;25090;AV GOV PARSIFAL BARROSO;RUA EDGAR FALCAO;;0;;Colis?úo Lateral;Luz do Dia;Bom;Seca;T;Sem?íforo;Comercial;0;0;2;1;0;0;0;0;0;0;0;0;-3,732054000000000;-38,569038000000000
258399;15;10;2015;17:20;15832;RUA PDE PEDRO DE ALENCAR;RUA TEN JURANDIR ALENCAR;;0;;Colis?úo Lateral;Anoitecer;Bom;Seca;Cruz;Sem?íforo;Comercial;0;0;2;1;0;0;1;0;0;0;0;0;-3,832741000000000;-38,494029000000000
258401;15;10;2015;18:30;0;AV PRS CASTELO BRANCO;;;0;;Colis?úo Traseira;Via Iluminada;Bom;Seca;Meio de Quadra;Outros;Escola;0;0;2;1;0;0;0;0;0;1;0;0;;
258397;15;10;2015;13:30;0;AV PRS JUSCELINO KUBITSCHEK (PASSAR?ë);;;0;;Colis?úo Transversal;Luz do Dia;Bom;Seca;Meio de Quadra;D?¬ Prefer?¬ncia;Outros;0;0;2;1;0;0;0;0;0;0;0;0;;
258391;15;10;2015;18:47;0;AV PRS CASTELO BRANCO;;;2050;;Atropelamento;Via Iluminada;Bom;Seca;Meio de Quadra;N?úo H?í Controle;Comercial;1;1;0;0;0;0;0;0;0;1;0;0;-3,714570000000000;-38,546434000000000
258392;15;10;2015;11:00;5235;RUA PRC ISABEL;RUA PEDRO PEREIRA;;0;;Colis?úo Transversal;Luz do Dia;Bom;Seca;Cruz;Pare;Misto;0;1;1;1;1;0;0;0;0;0;0;0;-3,727353000000000;-38,535705000000000
258389;15;10;2015;22:10;4167;RUA PLACIDO CARVALHO;AV FRANCISCO SA;;0;;Colis?úo Lateral;Via Iluminada;Bom;Seca;T;N?úo H?í Controle;Comercial;0;1;1;0;0;0;0;0;0;1;0;0;-3,718081000000000;-38,555342000000000
258403;15;10;2015;23:00;22009;RUA FRANCISCA CLOTILDE;RUA TIRADENTES;;0;;Colis?úo Lateral;Via Iluminada;Bom;Seca;Cruz;N?úo H?í Controle;Residencial;0;0;2;0;0;0;0;0;0;0;0;0;-3,740470000000000;-38,550861000000000
259307;15;10;2015;20:10;0;RD BR 116;;;3000;KM-03;Colis?úo Lateral;Via Iluminada;Bom;Seca;Meio de Quadra;N?úo H?í Controle;Comercial;0;0;2;1;0;0;0;0;0;0;0;0;-3,779838000000000;-38,514372000000000
259339;15;10;2015;06:15;0;RD BR 222;;;0;KM-01;Colis?úo Transversal;Luz do Dia;Bom;Seca;Meio de Quadra;N?úo H?í Controle;Comercial;0;2;1;1;0;0;0;0;0;1;0;0;-3,737774000000000;-38,577952000000000
259340;15;10;2015;06:40;0;RD BR 222;;;0;KM-01;Colis?úo Traseira;Luz do Dia;Bom;Seca;Meio de Quadra;N?úo H?í Controle;Comercial;0;1;1;0;0;0;0;0;0;1;0;0;-3,737774000000000;-38,577952000000000
259342;15;10;2015;18:00;0;RD BR 222;;;0;KM-01;Colis?úo Traseira;Anoitecer;Bom;Seca;Meio de Quadra;N?úo H?í Controle;Comercial;0;0;2;1;0;0;0;0;0;0;0;0;-3,737774000000000;-38,577952000000000
268876;15;10;2015;22:00;17288;RUA ALBERTO MAGNO;RUA EDUARDO ANGELIM;;0;;Colis?úo;;;;Cruz;Pare;Residencial;0;1;0;0;0;0;0;0;0;1;0;0;-3,763194000000000;-38,548491000000000
268872;15;10;2015;17:25;0;AV WASHINGTON SOARES;;;85;IGUATEMI;Colis?úo;Anoitecer;;;Meio de Quadra;;;0;1;0;1;0;0;0;0;0;1;0;0;-3,757652000000000;-38,488576000000000
271637;15;10;2015;13:13;0;AV GAL OSORIO DE PAIVA;;;0;;Colis?úo;Luz do Dia;;;Meio de Quadra;;;0;0;2;0;0;0;0;0;0;0;0;0;;
271638;15;10;2015;13:48;0;LOGRADOURO SEM NOME;;;0;;Capotamento;Luz do Dia;;;Meio de Quadra;;;0;0;1;0;0;0;0;0;0;0;0;0;;
271639;15;10;2015;15:54;0;RUA DOS MARINHEIROS;;;0;;Colis?úo;Luz do Dia;;;Meio de Quadra;;;0;0;2;0;0;0;0;0;0;0;0;0;;
265787;15;10;2015;16:41;0;RUA GASPAR DUTRA;;;0;;Colis?úo;Luz do Dia;;;Meio de Quadra;;;0;0;2;1;0;0;0;0;0;0;0;0;;
265785;15;10;2015;04:59;0;RUA EMILIO DE MENESES;;;0;;Colis?úo;;;;Meio de Quadra;;;0;0;2;1;0;0;0;0;0;0;0;0;;
258191;15;10;2015;13:54;12445;AV SEN FERNANDES TAVORA;TR HELENA DE MARIA;;0;;Colis?úo Transversal;Luz do Dia;Bom;Seca;Cruz;Outros;Comercial;0;1;1;1;0;0;0;0;0;1;0;0;-3,766094000000000;-38,574916000000000
258201;15;10;2015;15:00;12954;AV PRS COSTA E SILVA;RUA BERNARDO MANUEL;;0;;Colis?úo Transversal;Luz do Dia;Bom;Seca;Cruz;Sem?íforo;Comercial;0;0;2;1;0;0;1;0;0;0;0;0;-3,821079000000000;-38,558276000000000
258193;15;10;2015;09:50;4036;AV JOSE BASTOS;RUA TELES DE SOUZA;;0;;Colis?úo Traseira;Luz do Dia;Bom;Seca;Cruz;Sem?íforo;Comercial;0;1;2;1;0;0;0;0;0;1;0;0;-3,757230000000000;-38,559736000000000
258208;15;10;2015;06:20;7718;AV JOSE BASTOS;AV CARNEIRO DE MENDONCA;;0;;Colis?úo Traseira;Luz do Dia;Bom;Seca;Cruz;Sem?íforo;Comercial;0;0;3;1;1;0;0;0;0;0;0;0;-3,764109000000000;-38,566759000000000
258206;15;10;2015;13:15;5219;AV TRISTAO GONCALVES;RUA LIBERATO BARROSO;;0;;Colis?úo Lateral;Luz do Dia;Bom;Seca;Cruz;Sem?íforo;Comercial;0;0;2;1;1;0;0;0;0;0;0;0;-3,726826000000000;-38,533116000000000
258216;15;10;2015;13:30;17553;RUA DR ALOISIO MAMEDE;RUA DR JOSE LINO;;0;;Colis?úo Transversal;Luz do Dia;Bom;Seca;Cruz;Pare;Residencial;0;1;1;1;0;0;0;0;0;1;0;0;-3,730364000000000;-38,484017000000000
258214;15;10;2015;13:50;26118;AV ALM MAXIMIANO DA FONSECA;RUA JOSE B PARENTE D59;;0;;Colis?úo Lateral;Luz do Dia;;Seca;T;Pare;Residencial;0;1;1;1;0;0;0;0;0;1;0;0;-3,771301000000000;-38,485100000000000
258212;15;10;2015;15:20;15399;RUA ALMEIDA REGO;AV FRE CIRILO;;0;;Colis?úo Lateral;Luz do Dia;Bom;Seca;Cruz;Sem?íforo;Comercial;0;0;2;1;0;0;0;0;0;0;0;0;-3,814967000000000;-38,498444000000000
258210;15;10;2015;10:10;0;AV SANTOS DUMONT;;;0;;Colis?úo Transversal;Luz do Dia;Bom;Seca;Meio de Quadra;Pare;Misto;0;2;0;1;0;0;0;0;0;1;0;0;;