COD_ACIDENTE;DIA;MES;ANO;HORA;INTERSECAO;LOG1;LOG2;LOG3;NUMERO;REFERENCIA;NATUREZA;ILUMINACAO;TEMPO;SUPERFICIEPISTA;TIPOCRUZAMENTO;CONTROLETRAFEGO;USOSOLO;MORTOS;FERIDOS;ILESOS;AUTOMOVEL;ONIBUS;BICICLETA;CAMINHAO;MICROONIBUS;CICLOMOTOR;MOTOCICLETA;TRACAOANIMAL;TREM;LATITUDE;LONGITUDE
258222;15;10;2015;07:15;0;AV BEIRA MAR;;;0;;Colis?úo Traseira;Via Iluminada;Bom;Seca;Meio de Quadra;Outros;Comercial;0;0;2;1;0;0;0;0;0;0;0;0;;
258313;15;10;2015;15:00;7694;RUA RIO GRANDE DO SUL;RUA RIO GRANDE DO NORTE;;0;;Colis?úo Transversal;Luz do Dia;Bom;Seca;Cruz;Pare;Residencial;0;0;2;0;0;0;0;0;0;0;0;0;-3,758617000000000;-38,567559000000000
258305;15;10;2015;12:45;0;RUA ASSUNCAO;;;576;;Colis?úo Traseira;Luz do Dia;Bom;Seca;Meio de Quadra;Outros;Residencial;0;0;2;1;0;0;0;0;0;0;0;0;-3,735061000000000;-38,528836000000000
258310;15;10;2015;13:15;1695;RUA DJALMA PETIT;RUA ASP MENDES;;0;;Colis?úo Transversal;Luz do Dia;Bom;Seca;Cruz;N?úo H?í Controle;Residencial;0;1;1;1;0;0;0;0;0;1;0;0;-3,765971000000000;-38,514700000000000
260002;15;10;2015;09:20;0;RD CE-040;;;0;KM-07;Colis?úo;Luz do Dia;;Seca;Meio de Quadra;;;0;0;2;1;0;0;0;0;0;0;0;0;-3,817953000000000;-38,483160000000000
260003;15;10;2015;18:30;0;RD CE-025;;;0;KM-01;Colis?úo;Via Iluminada;;Seca;Meio de Quadra;;;0;0;2;1;0;0;0;0;0;0;0;0;-3,807681000000000;-38,470976000000000
270275;15;10;2015;21:00;17436;RUA TRES MARIAS D39 (MONTESE);RUA EQUADOR;;0;;Colis?úo Lateral;;;;Cruz;Sem?íforo;Comercial;0;1;0;1;0;0;0;0;0;0;0;0;-3,768994000000000;-38,550757000000000
260004;16;10;2015;09:40;0;RD CE-040;;;0;KM-07;Queda;Luz do Dia;;Seca;Meio de Quadra;;;0;0;1;0;0;0;0;0;0;1;0;0;-3,817953000000000;-38,483160000000000
260006;16;10;2015;10:50;0;AV GODOFREDO MACIEL;;;0;;Colis?úo;Luz do Dia;;Seca;Meio de Quadra;;;0;0;2;1;0;0;1;0;0;0;0;0;;
260007;16;10;2015;17:45;0;RD CE-040;;;0;KM-06;Colis?úo;Via Iluminada;;Seca;Meio de Quadra;;;0;0;2;1;0;0;0;0;0;0;0;0;-3,811270000000000;-38,478781000000000
260008;16;10;2015;12:40;0;RD CE-040;;;0;KM-08;Colis?úo;Luz do Dia;;Seca;Meio de Quadra;;;0;0;2;1;0;0;0;0;0;0;0;0;-3,823332000000000;-38,481317000000000
260010;16;10;2015;13:00;0;RD CE-060;;;0;KM-01;Colis?úo;Luz do Dia;;Seca;Meio de Quadra;;;0;1;1;0;1;0;0;0;0;1;0;0;-3,819537000000000;-38,576995000000000
260098;16;10;2015;19:40;0;RD CE-040;;;0;KM-02;Colis?úo;Via Iluminada;;Seca;Meio de Quadra;;;0;0;2;1;0;0;0;0;0;0;0;0;-3,776479000000000;-38,481598000000000
260099;16;10;2015;21:30;0;RD CE-060;;;0;KM-03;Colis?úo;Via Iluminada;;Seca;Meio de Quadra;;;0;0;2;1;0;0;0;0;0;0;0;0;-3,836637000000000;-38,582776000000000
258294;16;10;2015;07:10;0;RUA GOMES PASSOS;;;623;;Colis?úo Transversal;Luz do Dia;Bom;Seca;Meio de Quadra;Pare;Residencial;0;1;1;1;0;0;0;0;1;0;0;0;-3,710965000000000;-38,561915000000000
258295;16;10;2015;09:20;23036;AV DR SILAS MUNGUBA;RUA CARAMURU D45 (ITAPERI);;0;;Colis?úo Transversal;Luz do Dia;Bom;Seca;Cruz;Pare;Comercial;0;0;2;1;1;0;0;0;0;0;0;0;-3,789977000000000;-38,541473000000000
258296;16;10;2015;14:15;19943;RUA FRANCISCO LORDA;RUA JOAO ARARIPE;;0;;Colis?úo Transversal;Luz do Dia;Bom;Seca;Cruz;Sem?íforo;Residencial;0;0;2;1;1;0;0;0;0;0;0;0;-3,761468000000000;-38,533328000000000
258297;16;10;2015;19:50;0;AV LUCIANO CARNEIRO;;;0;;Colis?úo Lateral;Via Iluminada;Bom;Seca;Meio de Quadra;Pare;Comercial;0;0;2;1;0;0;0;0;0;0;0;0;;
258283;16;10;2015;22:00;26011;AV GAL OSORIO DE PAIVA;RUA DAS PITANGUEIRAS;;0;;Colis?úo Lateral;Via Iluminada;Bom;Seca;Cruz;N?úo H?í Controle;Residencial;0;0;2;1;0;0;1;0;0;0;0;0;-3,807292000000000;-38,604569000000000
258284;16;10;2015;18:00;13490;RUA PINHO PESSOA;AV RUI BARBOSA;;0;;Colis?úo Lateral;Anoitecer;Bom;Seca;Cruz;Pare;Misto;0;0;2;1;0;0;0;0;0;0;0;0;-3,745389000000000;-38,512465000000000
258279;16;10;2015;14:10;12031;RUA MARIA ALVES RIBEIRO;RUA CEL FRANCISCO ALVES RIBEIRO;;0;;Colis?úo Transversal;Luz do Dia;Bom;Seca;Cruz;Pare;Residencial;0;0;2;1;0;0;0;0;0;0;0;0;-3,833628000000000;-38,510256000000000
258280;16;10;2015;16:20;5723;AV OLIVEIRA PAIVA;RUA MON ANTERO;;0;;Colis?úo Transversal;Luz do Dia;Bom;Seca;T;Sem?íforo;Comercial;0;1;1;1;0;0;0;0;0;1;0;0;-3,795604000000000;-38,493198000000000
258281;16;10;2015;00:00;35;RUA JOAQUIM LEITAO;RUA PEDRO MELO;;0;;Colis?úo Transversal;Via Iluminada;Bom;Seca;Cruz;Pare;Residencial;0;0;2;1;0;0;0;0;0;0;0;0;-3,744174000000000;-38,592100000000000
258286;16;10;2015;19:30;13592;AV PONTES VIEIRA;RUA PRO CARVALHO;;0;;Colis?úo Transversal;Via Iluminada;Bom;Seca;Cruz;Sem?íforo;Comercial;0;0;2;1;0;0;0;0;0;0;0;0;-3,752890000000000;-38,514949000000000
258287;16;10;2015;08:30;0;AV GAL OSORIO DE PAIVA;;;2818;;Colis?úo Lateral;Luz do Dia;Bom;Seca;Meio de Quadra;Pare;Comercial;0;0;2;1;0;0;1;0;0;0;0;0;-3,787806000000000;-38,585535000000000
258288;16;10;2015;07:45;0;AV GAL OSORIO DE PAIVA;;;4160;;Colis?úo Lateral;Luz do Dia;Bom;Seca;Meio de Quadra;;Misto;0;1;2;0;1;0;0;0;0;1;0;0;-3,792577000000000;-38,590248000000000
258290;16;10;2015;15:30;1576;RUA CEL JUCA;AV PDE ANTONIO TOMAS;;0;;Colis?úo Lateral;Luz do Dia;Bom;Seca;Cruz;Sem?íforo;Misto;0;0;2;1;0;0;0;0;0;1;0;0;-3,742392000000000;-38,492803000000000
258291;16;10;2015;09:10;12954;AV PRS COSTA E SILVA;AV DOS EXPEDICIONARIOS;;0;;Colis?úo;Luz do Dia;Bom;Seca;;Sem?íforo;Comercial;0;1;1;1;0;0;0;0;0;1;0;0;-3,821079000000000;-38,558276000000000
258292;16;10;2015;11:56;0;AV ENG SANTANA JUNIOR;;;906;;Colis?úo Lateral;;Bom;Seca;Meio de Quadra;Sem?íforo;Comercial;0;0;2;1;1;0;0;0;0;0;0;0;-3,735823000000000;-38,482178000000000
258272;16;10;2015;14:40;13526;RUA PDE CHEVALIER;RUA BAR ARACATI;;0;;Colis?úo Transversal;Luz do Dia;Bom;Seca;Cruz;Pare;Comercial;0;0;2;1;0;0;0;0;0;0;0;0;-3,747444000000000;-38,516698000000000
258273;16;10;2015;16:50;5482;RUA ANTONIO POMPEU;RUA COS TRISTAO;;0;;Colis?úo Traseira;Luz do Dia;Bom;Seca;Cruz;Pare;Comercial;0;0;2;1;0;0;0;0;0;0;0;0;-3,736331000000000;-38,525733000000000
258275;16;10;2015;10:10;0;RUA MOREIRA DE SOUSA;;;409;;Colis?úo;Luz do Dia;;;Meio de Quadra;;;0;0;2;1;0;0;0;0;0;0;0;0;-3,739791000000000;-38,566799000000000
258276;16;10;2015;09:00;9192;RUA MARIO MAMEDE;RUA PAULA RODRIGUES;;0;;Colis?úo Transversal;Luz do Dia;Bom;Seca;Cruz;Sem?íforo;Residencial;0;0;2;1;0;0;0;0;0;0;0;0;-3,753285000000000;-38,526739000000000
258277;16;10;2015;09:45;0;AV DES MOREIRA;;;1250;;Colis?úo Lateral;Luz do Dia;Bom;Seca;Meio de Quadra;N?úo H?í Controle;Comercial;0;0;2;1;0;0;0;0;0;0;0;0;-3,736304000000000;-38,498391000000000
258256;16;10;2015;21:40;0;AV DEP PAULINO ROCHA;;;1341;;Colis?úo Lateral;Via Iluminada;Bom;Seca;Meio de Quadra;N?úo H?í Controle;Residencial;0;1;1;1;0;0;0;0;0;1;0;0;-3,810997000000000;-38,510012000000000
258233;16;10;2015;16:50;0;AV PRS COSTA E SILVA;;;4677;CHESF;Colis?úo Transversal;Via Iluminada;Bom;Seca;Meio de Quadra;Sem?íforo;Residencial;0;1;1;1;0;0;0;0;0;1;0;0;-3,825895000000000;-38,538498000000000
258234;16;10;2015;20:30;3975;RUA ALBERTO MAGNO;RUA PRO COSTA MENDES;;0;;Colis?úo Traseira;Via Iluminada;Bom;Seca;Cruz;Sem?íforo;Comercial;0;0;2;1;1;0;0;0;0;0;0;0;-3,757528000000000;-38,543548000000000
258235;16;10;2015;21:00;0;AV JOR THOMAZ COELHO;;;1580;;Colis?úo Traseira;;Bom;Seca;Meio de Quadra;N?úo H?í Controle;Comercial;0;0;2;1;0;0;0;0;0;0;0;0;-3,829920000000000;-38,509072000000000
258236;16;10;2015;09:40;15735;RUA DR JOAQUIM BENTO;RUA ANTONINO BARROS;;0;;Colis?úo Traseira;Luz do Dia;Bom;Seca;T;N?úo H?í Controle;Residencial;0;0;2;1;1;0;0;0;0;0;0;0;-3,828675000000000;-38,488547000000000
258237;16;10;2015;14:15;1380;RUA TORRES CAMARA;RUA NUNES VALENTE;;0;;Colis?úo Transversal;Luz do Dia;Bom;Seca;Cruz;Pare;Residencial;0;0;2;1;0;0;0;0;0;0;0;0;-3,736618000000000;-38,503856000000000
258238;16;10;2015;13:20;0;RUA JOSE VILAR;;;479;;Colis?úo Lateral;Luz do Dia;Bom;Seca;Meio de Quadra;N?úo H?í Controle;Residencial;0;1;1;1;0;0;0;0;1;0;0;0;-3,729476000000000;-38,502627000000000
258239;16;10;2015;07:45;3368;RUA RIO GRANDE DO SUL;RUA AMAZONAS;;0;;Colis?úo Lateral;Luz do Dia;Bom;Seca;Cruz;Pare;Residencial;0;0;2;1;0;0;1;0;0;0;0;0;-3,753306000000000;-38,564164000000000
258240;16;10;2015;16:45;1575;RUA PAULA NEI;RUA MAL RONDON;;0;;Colis?úo Transversal;Luz do Dia;Bom;Seca;Cruz;Pare;Residencial;0;0;2;1;0;0;0;0;0;0;0;0;-3,742327000000000;-38,489576000000000
258242;16;10;2015;06:40;6744;RUA BATISTA DE OLIVEIRA;RUA BENTO ALBUQUERQUE;;0;;Colis?úo Transversal;Luz do Dia;Bom;Seca;Cruz;Sem?íforo;Residencial;0;0;2;1;0;0;0;0;0;0;0;0;-3,744448000000000;-38,481027000000000
258243;16;10;2015;09:00;0;AV JOR THOMAZ COELHO;;;1680;;Colis?úo Lateral;Luz do Dia;Bom;Seca;Meio de Quadra;N?úo H?í Controle;Comercial;0;0;3;1;0;0;0;0;0;0;0;0;-3,829592000000000;-38,510446000000000
258244;16;10;2015;09:10;0;RUA JACINTO MATOS;;;944;;Colis?úo Lateral;Luz do Dia;Bom;Seca;Meio de Quadra;N?úo H?í Controle;Misto;0;1;1;1;0;0;0;0;0;1;0;0;;
258245;16;10;2015;12:30;0;AV WENEFRIDO MELO;;;394;;Atropelamento;Luz do Dia;Bom;Seca;Meio de Quadra;;Outros;0;2;0;0;0;0;0;0;0;1;0;0;-3,811098000000000;-38,575476000000000
258246;16;10;2015;14:00;19944;RUA FRANCISCO LORDA;RUA TERTULIANO SALES;;0;;Colis?úo Transversal;Luz do Dia;Bom;Seca;Cruz;Sem?íforo;Comercial;0;1;1;0;0;0;0;0;0;1;0;0;-3,762118000000000;-38,531234000000000
258247;16;10;2015;15:00;0;AV PRS COSTA E SILVA;;;4397;;Colis?úo Transversal;Luz do Dia;Bom;Seca;Meio de Quadra;N?úo H?í Controle;Residencial;0;0;2;1;0;0;0;0;0;0;0;0;-3,825385000000000;-38,540701000000000
258231;16;10;2015;10:20;7869;RUA FRANCISCO HOLANDA;RUA BARBOSA DE FREITAS;;0;;Colis?úo Transversal;Luz do Dia;Bom;Seca;Cruz;Pare;Residencial;0;0;2;0;0;0;0;0;0;0;0;0;-3,749671000000000;-38,501555000000000
258249;16;10;2015;16:00;5125;AV ALBERTO NEPOMUCENO;RUA RUFINO DE ALENCAR;;0;;Colis?úo Lateral;Luz do Dia;Bom;Seca;T;Sem?íforo;Comercial;0;0;2;1;1;0;0;0;0;0;0;0;-3,724606000000000;-38,525072000000000
258250;16;10;2015;19:15;11130;RUA MALMEQUER;AV A VENEZA TROPICAL;;0;;Colis?úo Transversal;Via Iluminada;Bom;Seca;Rotat??ria;N?úo H?í Controle;Residencial;0;0;2;1;0;0;0;0;0;0;0;0;-3,793296000000000;-38,539358000000000
258254;16;10;2015;17:00;23660;RUA BAR CRATO;RUA CHASTINET GUIMARAES;;0;;Colis?úo Lateral;Luz do Dia;Bom;Seca;Cruz;Pare;Residencial;0;1;1;1;0;0;0;0;0;1;0;0;-3,722909000000000;-38,565856000000000
265797;16;10;2015;12:45;17414;RUA ZACARIAS GONDIM;RUA 15 DE NOVEMBRO;;0;;Colis?úo;Luz do Dia;;;Cruz;Pare;Comercial;0;0;2;1;0;0;1;0;0;0;0;0;-3,768021000000000;-38,558445000000000
265799;16;10;2015;17:55;0;AV DR SILAS MUNGUBA;;;0;;Colis?úo;Anoitecer;;;Meio de Quadra;;;0;0;2;1;0;0;0;0;0;1;0;0;;
265800;16;10;2015;19:15;14444;RUA DR ALMEIDA FILHO;AV SGT HERMINIO SAMPAIO;;0;;Colis?úo;;;;T;N?úo H?í Controle;Comercial;0;0;2;0;0;0;0;0;0;1;0;0;-3,725980000000000;-38,558358000000000
271640;16;10;2015;07:56;2431;RUA JERONIMO ALBUQUERQUE;RUA ESTEVAO DE CAMPOS;;0;;Colis?úo;Luz do Dia;;;Cruz;Pare;Misto;0;0;2;0;0;0;0;0;0;0;0;0;-3,706713000000000;-38,576292000000000
271641;16;10;2015;12:08;6756;AV ANTONIO SALES;AV ENG SANTANA JUNIOR;;0;;Colis?úo;Luz do Dia;;;Outros;N?úo H?í Controle;Comercial;0;0;2;0;0;0;0;0;0;0;0;0;-3,749257000000000;-38,490039000000000
271648;16;10;2015;15:32;1453;AV HERACLITO GRACA;AV RUI BARBOSA;;0;;Colis?úo;Luz do Dia;;;Cruz;Sem?íforo;Comercial;0;0;2;0;0;0;0;0;0;0;0;0;-3,738357000000000;-38,510199000000000
271646;16;10;2015;14:57;0;RUA JULIO CESAR D12;;;0;;Colis?úo;Luz do Dia;;;Meio de Quadra;;;0;0;2;0;0;0;0;0;0;0;0;0;;
271655;16;10;2015;17:55;0;RUA GETULIO VARGAS;;;0;;Colis?úo;Anoitecer;;;Meio de Quadra;;;0;0;2;0;0;0;0;0;0;0;0;0;;
271652;16;10;2015;17:36;19572;RUA MONACO;RUA PRIMEIRO DE JANEIRO;;0;;Colis?úo;Anoitecer;;;Cruz;Pare;Residencial;0;0;2;0;0;0;0;0;0;0;0;0;-3,784193000000000;-38,568891000000000
259311;16;10;2015;23:45;0;RD BR 116;;;3000;KM-03;Colis?úo Lateral;Via Iluminada;Bom;Seca;Meio de Quadra;N?úo H?í Controle;Comercial;0;0;2;1;0;0;0;0;0;0;0;0;-3,779838000000000;-38,514372000000000
259309;16;10;2015;14:00;0;RD BR 116;;;3000;KM-03;Colis?úo Traseira;Luz do Dia;Bom;Seca;Meio de Quadra;N?úo H?í Controle;Comercial;0;0;2;1;0;0;0;0;0;0;0;0;-3,779838000000000;-38,514372000000000
268273;16;10;2015;06:22;21371;RUA PRO RAIMUNDO ARRUDA;RUA PDE GUERRA;;0;;Colis?úo;Luz do Dia;;;Cruz;Pare;Residencial;0;1;0;0;0;0;0;0;0;0;0;0;-3,737612000000000;-38,551244000000000
268274;16;10;2015;06:43;0;AV JOSE LEON;;;0;;Colis?úo;Luz do Dia;;;;;;0;1;1;1;0;0;0;0;0;1;0;0;-3,788018000000000;-38,501005000000000
268275;16;10;2015;07:51;0;RUA JERONIMO ALBUQUERQUE;;;0;;Colis?úo;Luz do Dia;;;Meio de Quadra;;;0;1;1;1;0;0;0;0;0;1;0;0;;
268276;16;10;2015;07:52;0;AV GAL OSORIO DE PAIVA;;;0;;Colis?úo;Luz do Dia;;;Meio de Quadra;;;0;1;0;0;0;0;0;0;0;0;0;0;-3,792695000000000;-38,590364000000000
268277;16;10;2015;10:10;0;RUA JOSE CARLOS GURGEL NOGUEIRA;;;0;;Queda;Luz do Dia;;;Meio de Quadra;;;0;1;0;0;0;1;0;0;0;0;0;0;-3,732541000000000;-38,473606000000000
268278;16;10;2015;10:13;0;RUA PDE VALDEVINO;;;0;;Atropelamento;Luz do Dia;;;Meio de Quadra;;;0;1;1;0;0;0;0;0;0;1;0;0;-3,737935000000000;-38,520616000000000
268279;16;10;2015;10:33;0;AV DOS FRANCESES;;;0;;Colis?úo;Luz do Dia;;;Meio de Quadra;;;0;1;0;0;0;0;0;0;0;1;0;0;-3,784191000000000;-38,477583000000000
268280;16;10;2015;11:36;0;RUA OLIVEIRA SOBRINHO;;;0;;Colis?úo;Luz do Dia;;;Meio de Quadra;;;0;1;1;1;0;0;0;0;0;1;0;0;;
268281;16;10;2015;11:41;0;AV PERIMETRAL;;;0;;Atropelamento;Luz do Dia;;;Meio de Quadra;;;0;1;1;0;0;0;0;0;0;1;0;0;;
268282;16;10;2015;14:59;3892;RUA ADOLFO HERBSTER;RUA JULIO CESAR D12;;0;;Colis?úo;Luz do Dia;;;Cruz;Gesto;Residencial;0;1;1;1;0;0;0;0;0;1;0;0;-3,745900000000000;-38,539092000000000
268283;16;10;2015;15:23;0;RUA PERNAMBUCO;;;0;;Queda;Luz do Dia;;;Meio de Quadra;;;0;1;0;0;0;0;0;0;0;1;0;0;;
268284;16;10;2015;16:51;17609;AV JOSE BASTOS;RUA AMAZONAS;;0;;Colis?úo;Luz do Dia;;;Cruz;Pare;Misto;0;1;1;1;0;0;0;0;0;1;0;0;-3,757183000000000;-38,559071000000000
268285;16;10;2015;16:52;0;AV ROGACIANO LEITE;;;0;;Colis?úo;Luz do Dia;;;Meio de Quadra;;;0;1;1;1;0;0;0;0;0;1;0;0;-3,777076000000000;-38,500662000000000
268286;16;10;2015;17:34;0;AV PERIMETRAL;;;0;;Colis?úo;Anoitecer;;;Meio de Quadra;;;0;1;0;0;0;0;0;0;0;0;0;0;;
268287;16;10;2015;18:18;15763;RUA TAQUATIARA;RUA HERBENE;;0;;Colis?úo;Anoitecer;;;Cruz;Pare;Comercial;0;1;0;0;0;0;0;0;0;0;0;0;-3,829826000000000;-38,504232000000000
268288;16;10;2015;19:28;5432;RUA DNA LEOPOLDINA;RUA PERO COELHO;;0;;Atropelamento de Animal;;;;T;Pare;Misto;0;1;0;0;0;0;0;0;0;1;0;0;-3,733904000000000;-38,520336000000000
268289;16;10;2015;20:09;0;RUA RAIMUNDO FROTA;;;0;;Colis?úo;;;;Meio de Quadra;;;0;1;1;1;0;0;0;0;0;1;0;0;-3,714907000000000;-38,585031000000000
268290;16;10;2015;20:18;0;AV JOSE LEON;;;0;;Queda;;;;Meio de Quadra;;;0;1;0;0;0;0;0;0;0;1;0;0;-3,786620000000000;-38,506521000000000
268291;16;10;2015;20:28;0;AV GOV RAUL BARBOSA;;;0;;Queda;;;;Meio de Quadra;;;0;1;0;0;0;0;0;0;0;1;0;0;-3,768840000000000;-38,510139000000000
268292;16;10;2015;21:18;0;RUA 7 DE SETEMBRO;;;0;;Colis?úo;;;;Meio de Quadra;;;0;1;1;1;0;0;0;0;0;1;0;0;-3,773579000000000;-38,562837000000000
268293;16;10;2015;21:48;0;AV 13 DE MAIO;;;0;;Atropelamento;;;;Meio de Quadra;;;0;1;1;0;0;0;0;0;0;1;0;0;;
268294;16;10;2015;22:23;0;AV BEZERRA DE MENEZES;;;0;;Colis?úo;;;;Meio de Quadra;;;0;1;1;1;0;0;0;0;0;1;0;0;;
268295;16;10;2015;22:56;0;AV DR THEBERGE;;;0;;Atropelamento;;;;Meio de Quadra;;;0;1;1;0;0;0;0;0;0;1;0;0;-3,723316000000000;-38,567790000000000
268296;16;10;2015;23:01;0;TR SATURNO;;;0;;Queda;;;;Meio de Quadra;;;0;1;0;0;0;0;0;0;0;1;0;0;;
268297;16;10;2015;23:15;26236;AV DR SILAS MUNGUBA;RUA BERNARDO MANUEL;;0;;Colis?úo;;;;;;;0;1;1;1;0;0;0;0;0;1;0;0;-3,787538000000000;-38,547960000000000
268298;17;10;2015;04:34;0;AV CASTELO DE CASTRO;;;0;;Colis?úo;;;;Meio de Quadra;;;0;1;0;0;0;0;0;0;0;0;0;0;-3,837344000000000;-38,521702000000000
268299;17;10;2015;04:38;17424;RUA TRES MARIAS D39 (MONTESE);RUA ANTONIO FIUZA;;0;;Colis?úo;;;;Cruz;Sem?íforo;Comercial;0;1;1;1;0;0;0;0;0;1;0;0;-3,768452000000000;-38,551577000000000
268300;17;10;2015;07:19;0;RUA CON LIMA SUCUPIRA;;;0;;Colis?úo;Luz do Dia;;;Meio de Quadra;;;0;1;1;1;0;0;0;0;0;1;0;0;;
268448;17;10;2015;23:39;5718;RUA JOAO LEONEL;RUA CON BRAVEZA;;0;;Colis?úo;;;;;;;0;1;0;0;0;0;0;0;0;0;0;0;-3,800039000000000;-38,496834000000000
268443;17;10;2015;21:58;7500;RUA TORRES DE MELO;RUA PRIMAVERA D40;;0;;Queda;;;;;;;0;1;0;0;0;0;0;0;0;1;0;0;-3,789107000000000;-38,521484000000000
268440;17;10;2015;21:41;0;AV AGUANAMBI;;;0;;Colis?úo;;;;Meio de Quadra;;;0;1;1;1;0;0;0;0;0;1;0;0;;
268424;17;10;2015;19:26;0;RUA VITAL BRASIL;;;0;;Colis?úo;;;;Meio de Quadra;;;0;1;1;1;0;0;0;0;0;1;0;0;;
268421;17;10;2015;18:15;0;RUA CARNAUBAL;;;0;;Queda;Anoitecer;;;Meio de Quadra;;;0;1;0;0;0;1;0;0;0;0;0;0;-3,722590000000000;-38,582463000000000
268437;17;10;2015;21:22;2640;RUA RAIMUNDO FROTA;RUA JANDIRA;;0;;Colis?úo;;;;Cruz;Pare;Residencial;0;1;1;1;0;0;0;0;0;1;0;0;-3,714725000000000;-38,586834000000000
268428;17;10;2015;19:41;24956;AV ALM HENRIQUE SABOIA;AV ENG ALBERTO SA;;0;;Queda;;;;;;;0;1;0;0;0;0;0;0;0;1;0;0;-3,732499000000000;-38,482890000000000
268429;17;10;2015;20:45;0;AV ENG SANTANA JUNIOR;;;0;;Atropelamento;;;;Meio de Quadra;;;0;1;0;1;0;0;0;0;0;0;0;0;-3,734536000000000;-38,481373000000000
268431;17;10;2015;21:10;11001;RUA ELCIAS LOPES;RUA ANTONIO FIUZA;;0;;Colis?úo;;;;Cruz;Pare;Residencial;0;1;0;1;0;0;0;0;0;0;0;0;-3,772090000000000;-38,552914000000000
268384;17;10;2015;17:49;0;AV JOSE BASTOS;;;0;;Colis?úo;Anoitecer;;;Meio de Quadra;;;0;1;1;1;0;0;0;0;0;1;0;0;;
268378;17;10;2015;16:37;0;RUA EUCLIDES PAULINO BARROSO;;;0;;Colis?úo;Luz do Dia;;;Meio de Quadra;;;0;1;1;1;0;0;0;0;0;1;0;0;;
268375;17;10;2015;14:13;0;AV ENG ALBERTO SA;;;0;;Colis?úo;Luz do Dia;;;Meio de Quadra;;;0;1;1;1;0;0;0;0;0;1;0;0;-3,732613000000000;-38,482644000000000
268376;17;10;2015;15:27;0;AV PINTO BANDEIRA D56;;;0;;Colis?úo;Luz do Dia;;;Meio de Quadra;;;0;1;1;1;0;0;0;0;0;1;0;0;;
268372;17;10;2015;12:44;0;AV SEN FERNANDES TAVORA;;;0;;Atropelamento;Luz do Dia;;;Meio de Quadra;;;0;1;1;1;0;0;0;0;0;0;0;0;;
268367;17;10;2015;09:08;0;AV PRS CASTELO BRANCO;;;0;;Atropelamento;Luz do Dia;;;Meio de Quadra;;;0;1;1;0;0;0;0;0;0;1;0;0;;
268364;17;10;2015;07:39;0;AV CEL CARVALHO;;;0;;Colis?úo;Luz do Dia;;;Meio de Quadra;;;0;1;0;1;0;0;0;0;0;0;0;0;;
258405;17;10;2015;11:30;0;RUA PDE MORORO;;;1083;;Colis?úo Lateral;Luz do Dia;Bom;Seca;Meio de Quadra;N?úo H?í Controle;Residencial;0;0;2;1;0;0;1;0;0;0;0;0;-3,726197000000000;-38,537687000000000
258357;17;10;2015;05:30;0;RUA MAL DEODORO;;;426;;Choque c/ Obst?ículo Fixo;Luz do Dia;Bom;Seca;Meio de Quadra;N?úo H?í Controle;Residencial;0;0;1;1;0;0;0;0;0;0;0;0;-3,740363000000000;-38,535365000000000
258359;17;10;2015;08:30;15283;RUA PEREIRA FILGUEIRAS;RUA BAR ARACATI;;0;;Colis?úo Transversal;Luz do Dia;Bom;Seca;Cruz;Pare;Comercial;0;0;2;1;0;0;0;0;0;0;0;0;-3,729076000000000;-38,510707000000000
258366;17;10;2015;12:30;22127;RUA MAJ PEDRO SAMPAIO;RUA GUSTAVO BRAGA;;0;;Colis?úo Transversal;Luz do Dia;Bom;Seca;Cruz;Pare;Residencial;0;1;1;1;0;0;0;0;0;1;0;0;-3,748479000000000;-38,555389000000000
258372;17;10;2015;14:30;5662;AV JOSE LEON;RUA VICENTE LOPES;;0;;Colis?úo Traseira;Luz do Dia;Bom;Seca;Cruz;Pare;Comercial;0;0;2;1;0;0;0;0;0;0;0;0;-3,789544000000000;-38,494897000000000
258326;17;10;2015;17:17;0;RUA CON DE CASTRO;;;4080;;Colis?úo Lateral;Via Iluminada;Bom;Seca;Meio de Quadra;;Residencial;0;1;1;0;1;0;0;0;0;1;0;0;-3,801766000000000;-38,589066000000000
258335;17;10;2015;12:15;7762;AV ANTONIO SALES;RUA NUNES VALENTE;;0;;Colis?úo Transversal;Luz do Dia;Bom;Seca;Cruz;Pare;Residencial;0;0;2;1;0;0;0;0;0;1;0;0;-3,744237000000000;-38,506314000000000
258364;17;10;2015;06:30;18028;AV DIOGUINHO;RUA RENATO BRAGA;;0;;Colis?úo Traseira;Luz do Dia;Bom;Seca;Cruz;Sem?íforo;Comercial;0;0;2;1;0;0;0;0;0;0;0;0;-3,731428000000000;-38,458889000000000
258342;17;10;2015;11:00;0;RUA ALBERTO MAGNO;;;126;;Engavetamento;Luz do Dia;Bom;Seca;Meio de Quadra;N?úo H?í Controle;Comercial;0;0;3;1;1;0;0;0;0;0;0;0;-3,756773000000000;-38,542876000000000