COD_ACIDENTE;DIA;MES;ANO;HORA;INTERSECAO;LOG1;LOG2;LOG3;NUMERO;REFERENCIA;NATUREZA;ILUMINACAO;TEMPO;SUPERFICIEPISTA;TIPOCRUZAMENTO;CONTROLETRAFEGO;USOSOLO;MORTOS;FERIDOS;ILESOS;AUTOMOVEL;ONIBUS;BICICLETA;CAMINHAO;MICROONIBUS;CICLOMOTOR;MOTOCICLETA;TRACAOANIMAL;TREM;LATITUDE;LONGITUDE
258352;17;10;2015;10:30;7576;AV DR SILAS MUNGUBA;RUA XII UI 611;;0;;Colis?úo Transversal;Luz do Dia;Bom;Seca;Duplo T;Pare;Comercial;0;0;2;1;0;0;0;0;0;1;0;0;-3,794723000000000;-38,533448000000000
258323;17;10;2015;17:40;0;AV ZEZE DIOGO;;;0;;Atropelamento;Anoitecer;Bom;Seca;Meio de Quadra;Pare;Residencial;0;1;1;0;0;0;0;0;0;0;0;0;;
259313;17;10;2015;19:30;0;RD BR 116;;;4000;KM-04;Queda;Via Iluminada;Bom;Seca;Meio de Quadra;N?úo H?í Controle;Comercial;0;1;0;0;0;0;0;0;0;1;0;0;-3,788331000000000;-38,510646000000000
259314;17;10;2015;22:30;0;RD BR 116;;;9000;KM-09;Colis?úo Traseira;Via Iluminada;Bom;Molhada;Meio de Quadra;N?úo H?í Controle;Comercial;1;1;3;1;0;0;0;0;0;1;0;0;-3,830837000000000;-38,504865000000000
271663;17;10;2015;08:29;0;RUA 09 UI 211;;;0;;Colis?úo;Luz do Dia;;;Meio de Quadra;;;0;0;2;0;0;0;0;0;0;0;0;0;;
271664;17;10;2015;08:30;0;RUA JAMACARU;;;0;;Choque c/ Obst?ículo Fixo;Luz do Dia;;;Meio de Quadra;;;0;0;1;0;0;0;0;0;0;0;0;0;;
271665;17;10;2015;09:55;0;RUA PRIMEIRO DE MAIO D34;;;0;;Colis?úo;Luz do Dia;;;Meio de Quadra;;;0;0;2;0;0;0;0;0;0;0;0;0;;
271661;17;10;2015;04:49;0;AV SEN VIRGILIO TAVORA;;;0;;Colis?úo;;;;Meio de Quadra;;;0;0;2;0;0;0;0;0;0;0;0;0;;
271659;17;10;2015;01:25;0;RUA 02 UI;;;0;;Colis?úo;;;;Meio de Quadra;;;0;0;2;0;0;0;0;0;0;0;0;0;;
271676;17;10;2015;10:08;904;AV GOV RAUL BARBOSA;RD BR 116;;0;;Colis?úo;Luz do Dia;;;;;;0;0;2;0;0;0;0;0;0;0;0;0;-3,782591000000000;-38,516476000000000
271679;17;10;2015;10:49;0;RUA RIO GRANDE DO NORTE;;;0;;Colis?úo;Luz do Dia;;;Meio de Quadra;;;0;0;2;0;0;0;0;0;0;0;0;0;;
271681;17;10;2015;10:54;0;RUA COMERCIO D57;;;0;;Colis?úo;Luz do Dia;;;Meio de Quadra;;;0;0;2;0;0;0;0;0;0;0;0;0;;
271682;17;10;2015;11:16;0;AV DR SILAS MUNGUBA;;;0;;Colis?úo;Luz do Dia;;;Meio de Quadra;;;0;0;2;0;0;0;0;0;0;0;0;0;;
271683;17;10;2015;12:03;0;RUA CARLOS VASCONCELOS;;;0;;Colis?úo;Luz do Dia;;;Meio de Quadra;;;0;0;2;0;0;0;0;0;0;0;0;0;;
271684;17;10;2015;12:05;0;AV B CJ CEARA;;;0;;Colis?úo;Luz do Dia;;;Meio de Quadra;;;0;0;2;0;0;0;0;0;0;0;0;0;;
271686;17;10;2015;12:06;0;RUA SENA MADUREIRA;;;0;;Colis?úo;Luz do Dia;;;Meio de Quadra;;;0;0;2;0;0;0;0;0;0;0;0;0;;
271691;17;10;2015;12:22;9216;RUA MARIO MAMEDE;RUA NAPOLEAO LAUREANO;;0;;Colis?úo;Luz do Dia;;;Cruz;Pare;Residencial;0;0;2;0;0;0;0;0;0;0;0;0;-3,750799000000000;-38,529662000000000
271693;17;10;2015;12:34;0;AV BORGES DE MELO;;;0;;Colis?úo;Luz do Dia;;;Meio de Quadra;;;0;0;2;0;0;0;0;0;0;0;0;0;;
271697;17;10;2015;13:12;6811;RUA JOSE BORBA VASCONCELOS;RUA DR GILBERTO STUDART;;0;;Colis?úo;Luz do Dia;;;Cruz;Pare;Residencial;0;0;2;0;0;0;0;0;0;0;0;0;-3,746506000000000;-38,472016000000000
271698;17;10;2015;13:21;0;RUA SOBREIRA FILHO;;;0;;Colis?úo;Luz do Dia;;;Meio de Quadra;;;0;0;2;0;0;0;0;0;0;0;0;0;;
271699;17;10;2015;14:01;4021;RUA DES PRAXEDES;AV PRO GOMES DE MATOS;;0;;Colis?úo;Luz do Dia;;;Cruz;Sem?íforo;Comercial;0;0;2;0;0;0;0;0;0;0;0;0;-3,761872000000000;-38,546229000000000
271700;17;10;2015;14:26;8652;RUA MARIO ALENCAR ARARIPE;AV EDILSON B SOARES;;0;;Colis?úo;Luz do Dia;;;T;Sem?íforo;Escola;0;0;2;0;0;0;0;0;0;0;0;0;-3,789298000000000;-38,478792000000000
271701;17;10;2015;14:55;0;AV JOSE BASTOS;;;0;;Colis?úo;Luz do Dia;;;Meio de Quadra;;;0;0;2;0;0;0;0;0;0;0;0;0;;
271695;17;10;2015;12:42;5215;RUA PEDRO PEREIRA;RUA PDE MORORO;;0;;Colis?úo;Luz do Dia;;;Cruz;Sem?íforo;Comercial;0;0;2;0;0;0;0;0;0;0;0;0;-3,726667000000000;-38,537843000000000
271703;17;10;2015;16:13;0;RUA DUAS NACOES;;;0;;Colis?úo;Luz do Dia;;;Meio de Quadra;;;0;0;2;0;0;0;0;0;0;0;0;0;;
271704;17;10;2015;16:27;0;AV FRANCISCO SA;;;0;;Colis?úo;Luz do Dia;;;Meio de Quadra;;;0;0;2;0;0;0;0;0;0;0;0;0;;
271706;17;10;2015;16:44;12455;AV SEN FERNANDES TAVORA;RUA RIO GRANDE DO SUL;;0;;Colis?úo;Luz do Dia;;;T;Sem?íforo;Comercial;0;0;2;0;0;0;0;0;0;0;0;0;-3,768083000000000;-38,572159000000000
271707;17;10;2015;16:46;0;LOGRADOURO SEM NOME;;;0;;Colis?úo;Luz do Dia;;;Meio de Quadra;;;0;0;2;0;0;0;0;0;0;0;0;0;;
271708;17;10;2015;16:52;0;AV PRS COSTA E SILVA;;;0;;Colis?úo;Luz do Dia;;;Meio de Quadra;;;0;0;2;0;0;0;0;0;0;0;0;0;;
271709;17;10;2015;16:54;0;AV BEZERRA DE MENEZES;;;0;;Colis?úo;Luz do Dia;;;Meio de Quadra;;;0;0;2;0;0;0;0;0;0;0;0;0;;
271711;17;10;2015;16:58;0;LOGRADOURO SEM NOME;;;0;;Colis?úo;Luz do Dia;;;Meio de Quadra;;;0;1;1;0;0;0;0;0;0;0;0;0;;
271712;17;10;2015;17:30;0;RUA JULIO SILVA;;;0;;Colis?úo;Anoitecer;;;Meio de Quadra;;;0;1;1;0;0;0;0;0;0;0;0;0;;
271714;17;10;2015;18:42;9567;RUA CEL FABRICIANO;RUA SGT JOAO PINHEIRO;;0;;Colis?úo;;;;Cruz;N?úo H?í Controle;Residencial;0;0;2;0;0;0;0;0;0;0;0;0;-3,778965000000000;-38,621724000000000
271716;17;10;2015;19:23;0;AV JOSE JATAHY;;;0;;Colis?úo;;;;Meio de Quadra;;;0;0;2;0;0;0;0;0;0;0;0;0;;
271722;17;10;2015;19:26;0;AV PRS COSTA E SILVA;;;0;;Colis?úo;;;;Meio de Quadra;;;0;0;2;0;0;0;0;0;0;0;0;0;;
271723;17;10;2015;19:42;0;AV H CJ CEARA;;;0;;Colis?úo;;;;Meio de Quadra;;;0;0;2;0;0;0;0;0;0;0;0;0;;
271725;17;10;2015;19:45;0;RUA JOSE LINHARES;;;0;;Colis?úo;;;;Meio de Quadra;;;0;0;2;0;0;0;0;0;0;0;0;0;;
271727;17;10;2015;19:46;6545;AV A CJ CEARA;RUA JOSE TORRES;;0;;Colis?úo;;;;;;;0;0;2;0;0;0;0;0;0;0;0;0;-3,775146000000000;-38,605924000000000
271728;17;10;2015;20:16;0;RUA JOAO VITOR;;;0;;Colis?úo;;;;Meio de Quadra;;;0;0;2;0;0;0;0;0;0;0;0;0;;
271730;17;10;2015;20:36;0;RUA RIO GRANDE DO SUL;;;0;;Colis?úo;;;;Meio de Quadra;;;0;0;2;0;0;0;0;0;0;0;0;0;;
271732;17;10;2015;21:17;10730;AV SEN FERNANDES TAVORA;RUA VITORIA (AV. PERIMETRAL);;0;;Colis?úo;;;;Cruz;Sem?íforo Intermitente;Comercial;0;0;2;0;0;0;0;0;0;0;0;0;-3,760193000000000;-38,585903000000000
265805;17;10;2015;23:42;0;RUA SGT JOAO PINHEIRO;;;0;;Colis?úo;;;;Meio de Quadra;;;0;0;2;1;0;0;0;0;0;0;0;0;;
258259;17;10;2015;15:00;22825;RUA JOSE JULIO FEITOSA;RUA TEODULFO MAGALHAES;;0;;Colis?úo Transversal;Mal Iluminada;Bom;Seca;;N?úo H?í Controle;Comercial;0;1;1;0;0;0;0;0;0;1;0;0;-3,806441000000000;-38,459213000000000
258266;17;10;2015;05:00;0;RUA LUIS VIEIRA;;;1157;;Choque c/ Obst?ículo Fixo;Amanhecer;Bom;Seca;Meio de Quadra;N?úo H?í Controle;Residencial;0;0;1;1;0;0;0;0;0;0;0;0;-3,788084000000000;-38,589731000000000
258267;17;10;2015;00:00;15105;AV HIS RAIMUNDO GIRAO;RUA BAR ARACATI;;0;;Colis?úo Lateral;Via Iluminada;Bom;Seca;T;N?úo H?í Controle;Comercial;0;0;2;1;0;0;0;0;0;1;0;0;-3,722091000000000;-38,508496000000000
258278;17;10;2015;10:30;0;AV HERACLITO GRACA;;;144;;Colis?úo Lateral;;Bom;Seca;Meio de Quadra;Outros;Comercial;0;0;2;1;0;0;0;0;0;0;0;0;-3,733966000000000;-38,523096000000000
258274;17;10;2015;17:00;19269;RUA PRO GOMES BRASIL;RUA MARACANA;;0;;Colis?úo Transversal;Luz do Dia;Bom;Seca;Rotat??ria;Pare;Comercial;0;1;1;1;0;0;0;0;0;1;0;0;-3,772840000000000;-38,568438000000000
258293;17;10;2015;08:00;0;RUA MERUOCA;;;100;;Colis?úo Traseira;Luz do Dia;Bom;Seca;Meio de Quadra;;Residencial;0;1;1;0;0;0;0;0;0;1;0;0;-3,730754000000000;-38,482953000000000
258289;17;10;2015;07:00;24956;AV ALM HENRIQUE SABOIA;AV ENG ALBERTO SA;;0;;Colis?úo Lateral;Luz do Dia;Bom;Seca;Cruz;Sem?íforo;Residencial;0;0;2;0;1;0;0;0;0;1;0;0;-3,732499000000000;-38,482890000000000
258282;17;10;2015;10:00;0;AV DR SILAS MUNGUBA;;;0;ROTAT?ôRIA;Colis?úo Traseira;Luz do Dia;Bom;Seca;Meio de Quadra;D?¬ Prefer?¬ncia;Comercial;0;0;2;1;0;0;0;0;0;0;0;0;;
258285;17;10;2015;09:30;0;RUA PDE PEDRO DE ALENCAR;;;1513;;Colis?úo Traseira;Luz do Dia;Bom;Seca;Meio de Quadra;Outros;Residencial;0;0;3;0;0;0;1;0;0;0;0;0;-3,841185000000000;-38,494275000000000
258262;17;10;2015;07:10;22849;RUA DR JUSTA ARAUJO D45;RUA CON LIMA SUCUPIRA;;0;;Colis?úo Lateral;Luz do Dia;Bom;Seca;Cruz;Pare;Residencial;0;1;1;0;1;0;0;0;0;1;0;0;-3,778167000000000;-38,550832000000000
258298;17;10;2015;10:20;15327;AV SEN VIRGILIO TAVORA;RUA ANA BILHAR;;0;;Colis?úo Lateral;Luz do Dia;Bom;Seca;Cruz;Sem?íforo;Residencial;0;0;2;1;0;0;0;0;0;0;0;0;-3,730893000000000;-38,491262000000000
258309;17;10;2015;15:00;0;RUA COS LAFAYETE;;;65;;Colis?úo Frontal;Luz do Dia;Bom;Seca;Meio de Quadra;N?úo H?í Controle;Residencial;0;1;1;1;0;0;0;0;0;1;0;0;-3,718399000000000;-38,578312000000000
258311;18;10;2015;14:00;0;RUA CON DE CASTRO;;;6128;;Colis?úo Lateral;Luz do Dia;Bom;Seca;Meio de Quadra;N?úo H?í Controle;Residencial;0;2;0;0;0;0;0;0;0;1;0;0;-3,815432000000000;-38,599405000000000
258306;18;10;2015;14:00;4187;AV PRS CASTELO BRANCO;RUA DOM HELIO CAMPOS D21;;0;;Colis?úo Transversal;Luz do Dia;Bom;Seca;Cruz;Pare;Residencial;0;0;2;0;0;0;1;0;0;0;0;0;-3,711976000000000;-38,554874000000000
258308;18;10;2015;16:00;348;RUA PRO LINO ENCARNACAO;RUA CESAR FONTENELE;;0;;Colis?úo Lateral;Via Iluminada;Bom;Seca;Cruz;Pare;Comercial;0;0;2;1;0;0;0;0;0;1;0;0;-3,746359000000000;-38,559596000000000
258304;18;10;2015;20:00;675;AV PASTEUR;RUA CRUZEIRO DO SUL;;0;;Colis?úo Lateral;Via Iluminada;Bom;Seca;Cruz;Pare;Residencial;0;1;1;1;0;0;0;0;0;1;0;0;;
260100;18;10;2015;16:10;0;RD CE-040;;;0;KM-08;Colis?úo;Luz do Dia;;Seca;Meio de Quadra;;;0;0;2;1;0;0;0;0;0;0;0;0;-3,823332000000000;-38,481317000000000
260113;18;10;2015;19:30;0;RD CE-040;;;0;KM-07;Colis?úo;Via Iluminada;;Seca;Meio de Quadra;;;0;0;2;1;1;0;0;0;0;0;0;0;-3,817953000000000;-38,483160000000000
272216;18;10;2015;22:19;0;ET DO FIO (MESSEJANA);;;0;;Colis?úo;;;;Meio de Quadra;;;0;0;2;0;0;0;0;0;0;0;0;0;;
271735;18;10;2015;00:04;0;AV AUGUSTO DOS ANJOS;;;0;;Colis?úo;;;;Meio de Quadra;;;0;0;2;0;0;0;0;0;0;0;0;0;;
271736;18;10;2015;00:31;0;RUA RAIMUNDO FROTA;;;0;;Colis?úo;;;;Meio de Quadra;;;0;0;2;0;0;0;0;0;0;0;0;0;;
271739;18;10;2015;01:31;0;AV GAL MURILO BORGES;;;0;;Choque c/ Obst?ículo Fixo;;;;Meio de Quadra;;;0;0;1;0;0;0;0;0;0;0;0;0;;
271740;18;10;2015;04:44;0;AV FRANCISCO SA;;;0;;Colis?úo;;;;Meio de Quadra;;;0;0;2;0;0;0;0;0;0;0;0;0;;
271741;18;10;2015;07:12;0;AV MOZART PINHEIRO DE LUCENA;;;0;;Colis?úo;Luz do Dia;;;Meio de Quadra;;;0;0;2;0;0;0;0;0;0;0;0;0;;
271742;18;10;2015;15:26;0;AV GODOFREDO MACIEL;;;0;;Colis?úo;Luz do Dia;;;Meio de Quadra;;;0;0;2;0;0;0;0;0;0;0;0;0;;
271743;18;10;2015;15:59;0;AV CEL CARVALHO;;;0;;Colis?úo;Luz do Dia;;;Meio de Quadra;;;0;0;2;0;0;0;0;0;0;0;0;0;;
271744;18;10;2015;16:04;0;AV SEN FERNANDES TAVORA;;;0;;Colis?úo;Luz do Dia;;;Meio de Quadra;;;0;0;2;0;0;0;0;0;0;0;0;0;;
271746;18;10;2015;16:04;0;AV SEN FERNANDES TAVORA;;;0;;Colis?úo;Luz do Dia;;;Meio de Quadra;;;0;0;2;0;0;0;0;0;0;0;0;0;;
271751;18;10;2015;16:04;0;AV SEN FERNANDES TAVORA;;;0;;Colis?úo;Luz do Dia;;;Meio de Quadra;;;0;0;2;0;0;0;0;0;0;0;0;0;;
271752;18;10;2015;16:06;12771;RUA DELMIRO FARIAS;RUA COM MACHADO D12;;0;;Colis?úo;Luz do Dia;;;Cruz;Pare;Residencial;0;0;2;0;0;0;0;0;0;0;0;0;-3,753250000000000;-38,544250000000000
271753;18;10;2015;19:29;9337;RUA CESAR CORREIA;RUA COELHO NETO;;0;;Colis?úo;Luz do Dia;;;Rotat??ria;Pare;Residencial;0;0;2;0;0;0;0;0;0;0;0;0;-3,716374000000000;-38,574900000000000
271754;18;10;2015;16:31;0;AV ODILON GUIMARAES;;;0;;Colis?úo;Luz do Dia;;;Meio de Quadra;;;0;0;2;0;0;0;0;0;0;0;0;0;;
271755;18;10;2015;18:42;10760;RUA PDE SA LEITAO;RUA JOCKEY CLUBE;;0;;Colis?úo;;;;Cruz;Pare;Residencial;0;0;2;0;0;0;0;0;0;0;0;0;-3,761438000000000;-38,581152000000000
271757;18;10;2015;18:48;0;AV GAL OSORIO DE PAIVA;;;0;;Colis?úo;;;;Meio de Quadra;;;0;0;2;0;0;0;0;0;0;0;0;0;;
271759;18;10;2015;18:54;0;RUA DEP OSWALDO STUDART;;;0;;Colis?úo;;;;Meio de Quadra;;;0;0;2;0;0;0;0;0;0;0;0;0;;
271804;18;10;2015;22:15;6573;AV H CJ CEARA;AV C CJ CEARA;;0;;Colis?úo;;;;Cruz;N?úo H?í Controle;Residencial;0;0;2;0;0;0;0;0;0;0;0;0;-3,776518000000000;-38,616458000000000
271800;18;10;2015;22:02;19411;AV GAL OSORIO DE PAIVA;RUA JULIO BRAGA;;0;;Colis?úo;;;;T;Sem?íforo;Comercial;0;0;2;0;0;0;0;0;0;0;0;0;-3,778790000000000;-38,571513000000000
271792;18;10;2015;18:54;9111;RUA DEP OSWALDO STUDART;AV EDUARDO GIRAO;;0;;Colis?úo;;;;Cruz;Outros;;0;0;2;0;0;0;0;0;0;0;0;0;-3,755323000000000;-38,529775000000000
271794;18;10;2015;19:47;0;RUA ANTONIO GADELHA;;;0;;Choque c/ Obst?ículo Fixo;;;;Meio de Quadra;;;0;0;1;0;0;0;0;0;0;0;0;0;;
271795;18;10;2015;17:49;0;AV DIOGUINHO;;;0;;Colis?úo;Anoitecer;;;Meio de Quadra;;;0;0;2;0;0;0;0;0;0;0;0;0;;
271796;18;10;2015;20:41;0;RUA ARMANDO MONTEIRO;;;0;;Choque c/ Obst?ículo Fixo;;;;Meio de Quadra;;;0;0;2;0;0;0;0;0;0;0;0;0;;
271797;18;10;2015;21:11;183;RUA DEMETRIO MENEZES;AV SGT HERMINIO SAMPAIO;;0;;Colis?úo;;;;Cruz;Sem?íforo;Comercial;0;0;2;0;0;0;0;0;0;0;0;0;-3,731488000000000;-38,584591000000000
271798;18;10;2015;21:27;0;RUA NAT FEIJO;;;0;;Colis?úo;;;;Meio de Quadra;;;0;0;2;0;0;0;0;0;0;0;0;0;;
268538;18;10;2015;16:48;0;AV DOM LUIS;;;0;;Colis?úo;Luz do Dia;;;Meio de Quadra;;;0;1;1;1;0;0;0;0;0;1;0;0;-3,732641000000000;-38,499274000000000
268535;18;10;2015;16:23;12633;RUA ROSA LEITE OLIVEIRA;RUA GUILHERME MENDES;;0;;Queda;Luz do Dia;;;;;;0;1;0;0;0;1;0;0;0;0;0;0;-3,720686000000000;-38,586663000000000
268536;18;10;2015;16:34;0;AV ODILON GUIMARAES;;;0;;Colis?úo;Luz do Dia;;;Meio de Quadra;;;0;1;1;1;0;0;0;0;0;1;0;0;-3,817331000000000;-38,472654000000000
268559;18;10;2015;22:10;0;AV H CJ CEARA;;;0;;Colis?úo;;;;Meio de Quadra;;;0;1;1;1;0;0;0;0;0;1;0;0;-3,775786000000000;-38,610257000000000
268550;18;10;2015;21:14;0;RUA BAR CRATO;;;0;;Colis?úo;;;;Meio de Quadra;;;0;1;1;1;0;0;0;0;0;1;0;0;-3,722719000000000;-38,565101000000000
268547;18;10;2015;20:22;0;AV PRO GOMES DE MATOS;;;0;;Colis?úo;;;;Meio de Quadra;;;0;1;1;1;0;1;0;0;0;0;0;0;-3,764481000000000;-38,548484000000000
268548;18;10;2015;20:55;0;AV PRS JUSCELINO KUBITSCHEK (PASSAR?ë);;;3553;;Atropelamento;;;;Meio de Quadra;;;1;0;1;1;0;0;0;0;0;0;0;0;-3,812516000000000;-38,528901000000000
268542;18;10;2015;17:58;0;AV PERIMETRAL;;;0;;Colis?úo;Anoitecer;;;Meio de Quadra;;;0;1;0;0;0;0;0;0;0;0;0;0;;
268543;18;10;2015;20:18;0;RUA ARMANDO MONTEIRO;;;0;;Colis?úo;;;;Meio de Quadra;;;0;1;0;0;0;0;0;0;0;0;0;0;;
259343;18;10;2015;05:30;0;RD BR 222;;;0;KM-02;Colis?úo Transversal;Amanhecer;Bom;Seca;Meio de Quadra;N?úo H?í Controle;Comercial;0;1;1;0;1;0;0;0;1;0;0;0;-3,738951000000000;-38,586880000000000
268903;18;10;2015;20:30;0;AV WASHINGTON SOARES;;;8466;;Atropelamento;;;;Meio de Quadra;;;1;0;1;1;0;0;0;0;0;0;0;0;-3,826748000000000;-38,481869000000000
258324;18;10;2015;02:50;17361;RUA BAR SOBRAL;RUA BAR CANINDE;;0;;Colis?úo Transversal;Via Iluminada;Bom;Seca;Cruz;Pare;Misto;0;2;1;1;0;0;0;0;0;1;0;0;-3,766148000000000;-38,555751000000000
258325;18;10;2015;08:35;0;AV GODOFREDO MACIEL;;;841;;Colis?úo Traseira;Luz do Dia;Bom;Seca;Meio de Quadra;Sem?íforo;Residencial;0;0;2;1;0;0;0;0;0;0;0;0;-3,783357000000000;-38,565861000000000
258322;18;10;2015;14:50;0;RUA PDE FRANCISCO PINTO;;;129;;Colis?úo Lateral;Luz do Dia;Bom;Seca;Meio de Quadra;;Misto;0;0;2;1;1;0;0;0;0;0;0;0;-3,744811000000000;-38,538560000000000
258320;18;10;2015;15:30;0;RUA BOM JESUS (GRANJA LISBOA);;;988;;Colis?úo Traseira;Luz do Dia;Bom;Seca;Meio de Quadra;;Residencial;0;0;2;1;0;0;0;0;0;0;0;0;-3,794051000000000;-38,602453000000000
258316;18;10;2015;05:30;0;AV DA UNIVERSIDADE;;;3186;;Choque c/ Obst?ículo Fixo;Luz do Dia;Bom;Seca;Meio de Quadra;N?úo H?í Controle;Comercial;0;0;1;0;0;0;0;0;0;0;0;0;-3,743587000000000;-38,541495000000000
258317;18;10;2015;15:00;0;RUA HOLANDA;;;1280;;Colis?úo Transversal;Via Iluminada;Bom;Seca;Meio de Quadra;N?úo H?í Controle;Residencial;0;1;1;1;0;0;0;0;0;1;0;0;-3,801294000000000;-38,560619000000000
258353;18;10;2015;14:30;0;AV JOSE SABOIA;;;1449;;Colis?úo Transversal;Luz do Dia;Bom;Seca;Meio de Quadra;N?úo H?í Controle;Misto;0;0;2;1;0;0;0;0;0;0;0;0;-3,720117000000000;-38,463676000000000
258354;18;10;2015;11:40;15835;RUA CEL DIONISIO ALENCAR;RUA MANUEL CASTELO BRANCO;;0;;Colis?úo Lateral;Luz do Dia;Bom;Seca;Cruz;Pare;Comercial;0;0;2;1;1;0;0;0;0;0;0;0;-3,832973000000000;-38,488281000000000
258355;18;10;2015;15:00;0;AV PRS JUSCELINO KUBITSCHEK (PASSAR?ë);;;5461;;Colis?úo Traseira;Luz do Dia;Bom;Seca;Meio de Quadra;N?úo H?í Controle;Comercial;0;1;1;1;0;0;0;0;0;1;0;0;-3,823649000000000;-38,537065000000000
258356;18;10;2015;23:30;5322;AV DUQ CAXIAS;AV IMPERADOR;;0;;Colis?úo Transversal;Via Iluminada;Bom;Seca;Cruz;Sem?íforo;Comercial;0;3;1;1;0;0;0;0;0;1;0;0;-3,730048000000000;-38,535297000000000
258339;18;10;2015;16:00;22087;RUA PRO COSTA MENDES;RUA CAP FRANCISCO PEDRO;;0;;Colis?úo Traseira;Luz do Dia;Bom;Seca;Cruz;Sem?íforo;Comercial;0;0;2;1;1;0;0;0;0;0;0;0;-3,750337000000000;-38,551734000000000
258340;18;10;2015;18:30;0;RUA EDUARDO PORTO;;;0;;Choque c/ Obst?ículo Fixo;Via Iluminada;Bom;Seca;Meio de Quadra;N?úo H?í Controle;Comercial;0;0;1;0;0;0;1;0;0;0;0;0;;
258336;18;10;2015;;17468;AV BEIRA MAR;RUA TEREZA HINKO;;0;;Colis?úo Transversal;Via Iluminada;Bom;Seca;T;Pare;Residencial;0;0;2;1;0;0;0;0;0;0;0;0;-3,723235000000000;-38,484246000000000
258346;18;10;2015;20:30;12445;AV SEN FERNANDES TAVORA;TR HELENA DE MARIA;;0;;Colis?úo Traseira;Via Iluminada;Bom;Seca;Cruz;Outros;Comercial;0;0;2;1;0;0;0;0;0;0;0;0;-3,766094000000000;-38,574916000000000
258330;18;10;2015;10:55;22133;RUA DELMIRO FARIAS;RUA CEL NUNES DE MELO;;0;;Colis?úo Transversal;Luz do Dia;Bom;Seca;Cruz;Pare;Residencial;0;0;2;1;0;0;0;0;0;0;0;0;-3,746867000000000;-38,551292000000000
258334;18;10;2015;21:30;0;AV ALBERTO CRAVEIRO;;;3555;;Colis?úo Lateral;Via Iluminada;Bom;Seca;Meio de Quadra;N?úo H?í Controle;Misto;0;1;1;0;0;0;0;0;0;1;0;0;-3,812546000000000;-38,528922000000000
258332;18;10;2015;17:00;0;AV DOM LUIS;;;300;;Colis?úo Lateral;Luz do Dia;Bom;Seca;Meio de Quadra;N?úo H?í Controle;Comercial;0;0;2;1;0;0;0;0;0;1;0;0;-3,732641000000000;-38,499274000000000
268452;18;10;2015;00:31;0;RUA PRC ISABEL;;;0;;Colis?úo;;;;Meio de Quadra;;;0;1;0;0;0;0;0;0;0;0;0;0;;
268459;18;10;2015;06:31;0;RUA MODESTA;;;0;;Queda;Luz do Dia;;;Meio de Quadra;;;0;1;0;0;0;0;0;0;0;1;0;0;-3,845682000000000;-38,522717000000000
268464;18;10;2015;06:37;0;AV CASTELO DE CASTRO;;;0;;Colis?úo;Luz do Dia;;;Meio de Quadra;;;0;1;0;0;0;0;0;0;0;1;0;0;;
268467;18;10;2015;09:17;0;RUA CON DE CASTRO;;;0;;Colis?úo;Luz do Dia;;;Meio de Quadra;;;0;1;0;0;0;0;0;0;0;1;0;0;-3,816100000000000;-38,599887000000000
268476;18;10;2015;12:06;0;AV JOSE BASTOS;;;0;;Colis?úo;Luz do Dia;;;Meio de Quadra;;;0;1;0;0;0;0;0;0;0;1;0;0;-3,758685000000000;-38,563278000000000
268483;18;10;2015;15:31;0;AV GODOFREDO MACIEL;;;0;;Colis?úo;Luz do Dia;;;Meio de Quadra;;;0;1;0;0;0;0;0;0;0;1;0;0;-3,819789000000000;-38,577191000000000
268479;18;10;2015;15:05;10695;RUA PRO HERIBALDO COSTA;RUA MON HIPOLITO BRASIL;;0;;Colis?úo;Luz do Dia;;;Cruz;Pare;Comercial;0;1;1;1;0;0;0;0;0;1;0;0;-3,757069000000000;-38,582275000000000
258365;19;10;2015;08:30;0;AV 13 DE MAIO;;;465;;Colis?úo Traseira;Luz do Dia;Bom;Seca;Meio de Quadra;N?úo H?í Controle;Comercial;0;0;3;1;0;0;0;0;0;0;0;0;-3,752537000000000;-38,525563000000000
258373;19;10;2015;15:30;0;RUA TOMAS POMPEU;;;171;;Colis?úo Traseira;Luz do Dia;Bom;Seca;Meio de Quadra;Pare;Residencial;0;0;2;1;0;0;0;0;0;0;0;0;-3,725816000000000;-38,506902000000000
258370;19;10;2015;11:55;23827;RUA PIN ANTONIO BANDEIRA;RUA ISMAEL PORDEUS;;0;;Colis?úo Lateral;Mal Iluminada;Bom;Seca;Cruz;N?úo H?í Controle;Residencial;0;0;2;1;0;0;0;0;0;0;0;0;-3,721153000000000;-38,465599000000000
258367;19;10;2015;20:15;0;AV AGUANAMBI;;;0;ROTAT?ôRIA;Colis?úo Traseira;Via Iluminada;Bom;Seca;Meio de Quadra;Sem?íforo;Comercial;0;1;2;1;1;0;1;0;0;0;0;0;-3,755538000000000;-38,523043000000000
258384;19;10;2015;00:01;0;RUA BAR CRATO;;;1791;;Colis?úo Transversal;Via Iluminada;Bom;Seca;Meio de Quadra;N?úo H?í Controle;Comercial;0;1;1;1;0;0;0;0;0;1;0;0;-3,722719000000000;-38,565101000000000
258385;19;10;2015;08:00;1332;AV DOM LUIS;RUA CEL LINHARES;;0;;Colis?úo Transversal;Luz do Dia;Bom;Seca;Cruz;Pare;Misto;0;0;2;1;0;0;0;0;0;0;0;0;-3,734513000000000;-38,493503000000000
258387;19;10;2015;11:00;13556;AV RUI BARBOSA;AV SORIANO ALBUQUERQUE;;0;;Colis?úo Traseira;Luz do Dia;Bom;Seca;Cruz;Sem?íforo;Residencial;0;1;1;1;0;0;0;0;0;1;0;0;-3,749460000000000;-38,513767000000000