COD_ACIDENTE;DIA;MES;ANO;HORA;INTERSECAO;LOG1;LOG2;LOG3;NUMERO;REFERENCIA;NATUREZA;ILUMINACAO;TEMPO;SUPERFICIEPISTA;TIPOCRUZAMENTO;CONTROLETRAFEGO;USOSOLO;MORTOS;FERIDOS;ILESOS;AUTOMOVEL;ONIBUS;BICICLETA;CAMINHAO;MICROONIBUS;CICLOMOTOR;MOTOCICLETA;TRACAOANIMAL;TREM;LATITUDE;LONGITUDE
258375;19;10;2015;13:45;5189;RUA PDE IBIAPINA;RUA JULIO PINTO D04;;0;;Colis?úo Transversal;Luz do Dia;Bom;Seca;Cruz;Pare;Escola;0;0;2;1;0;0;0;0;0;0;0;0;-3,725940000000000;-38,540601000000000
258377;19;10;2015;14:18;5340;AV DUQ CAXIAS;RUA VINTE E QUATRO DE MAIO;;0;;Colis?úo Transversal;Luz do Dia;Bom;Seca;Cruz;Sem?íforo;Comercial;0;1;1;0;1;0;0;0;0;1;0;0;-3,730708000000000;-38,533230000000000
258378;19;10;2015;12:40;12954;AV DOS EXPEDICIONARIOS;AV PRS COSTA E SILVA;;0;;Colis?úo Transversal;Luz do Dia;Bom;Seca;Cruz;Sem?íforo;Comercial;0;1;1;1;0;0;0;0;0;1;0;0;-3,821079000000000;-38,558276000000000
258380;19;10;2015;11:00;9034;AV AGUANAMBI;RUA CEL SOLON;;0;;Colis?úo Lateral;Luz do Dia;Bom;Seca;Cruz;Sem?íforo;Comercial;0;0;2;1;0;0;0;1;0;0;0;0;-3,742854000000000;-38,525818000000000
258381;19;10;2015;08:15;12863;AV DOMINGOS OLIMPIO;RUA FLORIANO PEIXOTO;;0;;Colis?úo Lateral;Luz do Dia;Bom;Seca;Cruz;Pare;Comercial;0;0;2;1;0;0;0;0;0;1;0;0;-3,736976000000000;-38,530313000000000
258382;19;10;2015;12:20;0;AV ANTONIO SALES;;;92;;Colis?úo Traseira;;Bom;Seca;Meio de Quadra;N?úo H?í Controle;Comercial;0;0;2;1;0;0;0;0;0;0;0;0;;
258393;19;10;2015;05:50;391;AV LIBERDADE;RUA PRO VIRGILIO DE MORAIS;;0;;Colis?úo Transversal;Luz do Dia;Bom;Seca;Cruz;Pare;Residencial;0;1;1;0;1;0;0;0;0;1;0;0;-3,749531000000000;-38,596325000000000
258396;19;10;2015;10:20;1414;RUA NUNES VALENTE;RUA PDE QUINDERE;;0;;Colis?úo Transversal;Luz do Dia;Bom;Seca;Cruz;Pare;Residencial;0;0;2;1;0;0;0;0;0;0;0;0;-3,737396000000000;-38,504153000000000
258400;19;10;2015;15:10;326;RUA PRO LINO ENCARNACAO;RUA NESTOR BARBOSA;;0;;Colis?úo Transversal;Luz do Dia;Bom;Seca;Cruz;Pare;Misto;0;0;2;1;0;0;0;1;0;0;0;0;-3,744954000000000;-38,559892000000000
258404;19;10;2015;08:00;9111;AV EDUARDO GIRAO;RUA DEP OSWALDO STUDART;;0;;Colis?úo Traseira;Luz do Dia;Bom;Seca;Cruz;Outros;;0;0;2;1;0;0;1;0;0;0;0;0;-3,755323000000000;-38,529775000000000
258408;19;10;2015;08:40;9176;AV AGUANAMBI;AV EDUARDO GIRAO;;0;;Colis?úo Lateral;Luz do Dia;Bom;Seca;Rotat??ria;Cancela;Comercial;0;1;1;1;1;0;0;0;0;0;0;0;-3,755303000000000;-38,523639000000000
258409;19;10;2015;10:15;19152;RUA LAURO NOGUEIRA;RUA BATISTA DE OLIVEIRA;;0;;Colis?úo Lateral;Luz do Dia;Bom;Seca;Cruz;Pare;Misto;0;0;2;1;0;0;1;0;0;0;0;0;-3,740086000000000;-38,478301000000000
258410;19;10;2015;06:40;0;AV JOVITA FEITOSA;;;78;;Colis?úo Traseira;Luz do Dia;Bom;Seca;Meio de Quadra;N?úo H?í Controle;Residencial;0;1;2;1;0;0;0;0;0;0;0;0;-3,737421000000000;-38,544668000000000
258412;19;10;2015;10:30;18404;AV SGT HERMINIO SAMPAIO;AV GOV PARSIFAL BARROSO;;0;;Colis?úo Lateral;Luz do Dia;Bom;Seca;Cruz;Sem?íforo;Comercial;0;0;2;1;0;0;1;0;0;0;0;0;-3,727916000000000;-38,569276000000000
258413;19;10;2015;15:30;0;AV FILOMENO GOMES;;;0;;Colis?úo Transversal;Luz do Dia;Bom;Seca;Meio de Quadra;Pare;Comercial;0;0;2;1;0;0;0;0;0;0;0;0;;
258414;19;10;2015;00:10;0;RUA JOSE HIPOLITO;;;1055;;Colis?úo Lateral;Via Iluminada;Bom;Seca;Meio de Quadra;N?úo H?í Controle;Residencial;0;1;1;1;0;0;0;0;0;1;0;0;-3,835359000000000;-38,486819000000000
258415;19;10;2015;12:30;0;AV DES MOREIRA;;;0;;Colis?úo Traseira;Luz do Dia;Bom;Seca;Meio de Quadra;Sem?íforo;Residencial;0;0;2;1;0;0;1;0;0;0;0;0;;
258418;19;10;2015;09:30;0;AV PRS CASTELO BRANCO;;;2715;;Colis?úo Transversal;Luz do Dia;Bom;Seca;Meio de Quadra;N?úo H?í Controle;Comercial;0;1;1;1;0;0;0;0;0;1;0;0;-3,712681000000000;-38,552074000000000
258419;19;10;2015;11:30;1464;AV HERACLITO GRACA;RUA DR JOSE LOURENCO;;0;;Colis?úo Transversal;Luz do Dia;Bom;Seca;Cruz;Sem?íforo;Comercial;0;0;2;1;0;0;0;0;0;0;0;0;-3,738709000000000;-38,509091000000000
258421;19;10;2015;16:50;0;RUA NOSSA SRA DAS GRACAS;;;1070;;Atropelamento;Luz do Dia;Bom;Seca;Meio de Quadra;N?úo H?í Controle;Residencial;0;2;0;0;0;0;0;0;0;1;0;0;-3,708650000000000;-38,558461000000000
258424;19;10;2015;15:10;0;RUA TOMAS ACIOLI;;;0;;Colis?úo;Luz do Dia;Bom;Seca;Meio de Quadra;N?úo H?í Controle;Comercial;0;0;2;1;0;0;0;0;0;0;0;0;;
258425;19;10;2015;07:00;7817;RUA MARCONDES PEREIRA;RUA JOAQUIM NABUCO;;0;;Colis?úo Transversal;Luz do Dia;Bom;Seca;Cruz;Pare;Residencial;0;0;2;1;0;0;0;0;0;0;0;0;-3,749764000000000;-38,505936000000000
258427;19;10;2015;16:00;0;RUA PAULA RODRIGUES;;;77;;Colis?úo Transversal;Luz do Dia;Bom;Seca;Meio de Quadra;N?úo H?í Controle;Residencial;0;0;2;1;0;0;0;0;0;0;0;0;-3,752981000000000;-38,526480000000000
258430;19;10;2015;16:50;7989;RUA MAJ WEYNE;RUA WALDERY UCHOA;;0;;Colis?úo Transversal;Luz do Dia;Bom;Seca;Cruz;N?úo H?í Controle;Residencial;0;1;1;0;0;0;0;0;0;1;0;0;-3,749360000000000;-38,543662000000000
258431;19;10;2015;18:17;25036;RUA CAP MELO;RUA EDUARDO BEZERRA;;0;;Colis?úo Traseira;Via Iluminada;Bom;Seca;Cruz;Sem?íforo;Residencial;0;0;2;1;0;0;0;0;0;0;0;0;-3,753803000000000;-38,513607000000000
268907;19;10;2015;14:00;0;RD BR 116;;;0;PRF;Colis?úo;Luz do Dia;;;Meio de Quadra;;;0;0;1;1;0;0;0;0;0;0;0;0;;
265839;19;10;2015;18:31;24293;RUA DELMIRO GOUVEIA;RUA JULIO ABREU;;0;;Colis?úo;;;;Cruz;Pare;Comercial;0;0;2;1;1;0;0;0;0;0;0;0;-3,735900000000000;-38,488072000000000
268593;19;10;2015;08:14;0;RUA COS LAFAYETE;;;0;;Colis?úo;Luz do Dia;;;Meio de Quadra;;;0;1;1;1;0;0;0;0;0;1;0;0;-3,718130000000000;-38,581259000000000
268623;19;10;2015;21:15;0;AV MON TABOSA;;;0;;Colis?úo;;;;Meio de Quadra;;;0;1;0;0;0;0;0;0;0;0;0;0;-3,724473000000000;-38,505125000000000
268611;19;10;2015;18:07;0;RUA BERNARDO MANUEL;;;0;;Atropelamento;Anoitecer;;;Meio de Quadra;;;0;1;1;0;0;0;0;0;0;1;0;0;-3,785585000000000;-38,547376000000000
268619;19;10;2015;19:50;0;RUA PEDRO MELO;;;0;;Queda;;;;Meio de Quadra;;;0;1;0;0;0;0;0;0;0;1;0;0;;
268620;19;10;2015;19:50;0;AV DA INDEPENDENCIA;;;0;;Atropelamento;;;;Meio de Quadra;;;0;1;1;1;0;0;0;0;0;0;0;0;-3,724988000000000;-38,597503000000000
268621;19;10;2015;20:19;0;RUA OSCAR FRANCA;;;0;;Atropelamento;;;;Meio de Quadra;;;0;1;1;0;0;0;0;0;0;1;0;0;-3,792742000000000;-38,597087000000000
268604;19;10;2015;10:45;9581;RUA JOSE TORRES;RUA SEN MENEZES PIMENTEL;;0;;Colis?úo;Luz do Dia;;;Cruz;Outros;Residencial;0;1;0;0;0;0;0;0;0;0;0;0;;
268590;19;10;2015;07:20;0;RUA CON DE CASTRO;;;0;;Colis?úo;Luz do Dia;;;Meio de Quadra;;;0;1;0;0;0;0;0;0;0;0;0;0;;
268575;19;10;2015;06:15;0;AV PRS CASTELO BRANCO;;;0;;Colis?úo;Luz do Dia;;;Meio de Quadra;;;0;1;0;0;0;0;0;0;0;0;0;0;-3,712699000000000;-38,552013000000000
268570;19;10;2015;05:54;0;AV LIBERDADE;;;0;;Colis?úo;Amanhecer;;;Meio de Quadra;;;0;1;0;0;0;0;0;0;0;0;0;0;;
268573;19;10;2015;05:57;0;AV ALBERTO CRAVEIRO;;;0;;Atropelamento;Amanhecer;;;Meio de Quadra;;;0;1;1;0;0;0;0;0;0;1;0;0;-3,790888000000000;-38,517131000000000
271825;19;10;2015;18:13;0;RUA DR ALMEIDA FILHO;;;0;;Colis?úo;Anoitecer;;;Meio de Quadra;;;0;0;2;0;0;0;0;0;0;0;0;0;;
271818;19;10;2015;16:14;0;RUA CARLOS CHAGAS;;;0;;Colis?úo;Luz do Dia;;;Meio de Quadra;;;0;0;2;0;0;0;0;0;0;0;0;0;;
271821;19;10;2015;16:59;12737;RUA MAJ WEYNE;RUA GRIJALVA COSTA;;0;;Colis?úo;Luz do Dia;;;Cruz;Pare;Comercial;0;0;2;0;0;0;0;0;0;0;0;0;-3,751483000000000;-38,541145000000000
271823;19;10;2015;17:29;0;RUA TEODORO DE CASTRO;;;0;;Colis?úo;Anoitecer;;;Meio de Quadra;;;0;0;2;0;0;0;0;0;0;0;0;0;;
271816;19;10;2015;00:39;7826;RUA NUNES VALENTE;RUA ISAC AMARAL;;0;;Colis?úo;;;;Cruz;Pare;Residencial;0;0;2;0;0;0;0;0;0;0;0;0;-3,751560000000000;-38,508661000000000
260129;19;10;2015;14:30;0;RD CE-040;;;0;KM-04;Colis?úo;Luz do Dia;;Seca;Meio de Quadra;;;1;1;1;0;0;0;0;0;0;1;0;0;-3,792050000000000;-38,480251000000000
265815;19;10;2015;09:10;0;AV 13 DE MAIO;;;0;;Colis?úo;Luz do Dia;;;Meio de Quadra;;;0;0;2;1;0;0;0;0;0;0;0;0;;
265827;19;10;2015;10:03;22101;RUA JOSE FACANHA;RUA CAP FRANCISCO PEDRO;;0;;Colis?úo;Luz do Dia;;;Cruz;Pare;Comercial;0;0;2;0;1;0;1;0;0;0;0;0;-3,754043000000000;-38,555184000000000
265811;19;10;2015;08:42;0;RUA DELMIRO FARIAS;;;0;;Colis?úo;Luz do Dia;;;Meio de Quadra;;;0;0;3;1;0;0;0;0;0;0;0;0;;
260135;20;10;2015;08:35;0;RD CE-040;;;0;KM-04;Colis?úo;Luz do Dia;;Seca;Meio de Quadra;;;0;0;2;1;0;0;0;0;0;0;0;0;-3,792050000000000;-38,480251000000000
260136;20;10;2015;12:40;0;RD CE-040;;;0;KM-07;Colis?úo;Luz do Dia;;Seca;Meio de Quadra;;;0;0;2;1;0;0;0;0;0;0;0;0;-3,817953000000000;-38,483160000000000
260138;20;10;2015;19:40;0;RD CE-040;;;0;KM-07;Colis?úo;Via Iluminada;;Seca;Meio de Quadra;;;0;1;2;0;0;0;0;0;0;1;0;0;-3,817953000000000;-38,483160000000000
260139;20;10;2015;20:10;0;RD CE-040;;;0;KM-04;Colis?úo;Via Iluminada;;Seca;Meio de Quadra;;;0;0;2;1;0;0;1;0;0;0;0;0;-3,792050000000000;-38,480251000000000
272218;20;10;2015;02:30;0;RUA DO TAMARINDO;;;0;;Choque c/ Obst?ículo Fixo;;;;Meio de Quadra;;;0;0;1;0;0;0;0;0;0;0;0;0;;
260581;20;10;2015;11:25;0;AV IMPERADOR;;;636;;Capotamento;Luz do Dia;Bom;Seca;Meio de Quadra;N?úo H?í Controle;Misto;0;0;2;1;0;0;0;0;0;0;0;0;-3,726907000000000;-38,534372000000000
271829;20;10;2015;11:17;0;RUA SILVINHA TELES D69;;;0;;Colis?úo;Luz do Dia;;;Meio de Quadra;;;0;0;2;0;0;0;0;0;0;0;0;0;;
271832;20;10;2015;13:45;70;RUA TEN QUEIROZ;RUA PRO JOAQUIM NOGUEIRA D29;;0;;Colis?úo;Luz do Dia;;;;;;0;0;2;0;0;0;0;0;0;0;0;0;-3,744988000000000;-38,589725000000000
271841;20;10;2015;16:37;19046;RUA SOLON ONOFRE;RUA ALFEU ABOIM;;0;;Colis?úo;Luz do Dia;;;;;;0;0;2;0;0;0;0;0;0;0;0;0;-3,735949000000000;-38,473541000000000
271838;20;10;2015;16:20;14775;RUA PDE ARIMATEIA D42/71;RUA AMERICO ROCHA LIMA;;0;;Colis?úo;Luz do Dia;;;Cruz;Pare;Residencial;0;0;2;0;0;0;0;0;0;0;0;0;-3,798873000000000;-38,582859000000000
271834;20;10;2015;16:16;0;RUA ANTONIO NERY;;;0;;Colis?úo;Luz do Dia;;;Meio de Quadra;;;0;0;2;0;0;0;0;0;0;0;0;0;;
268633;20;10;2015;10:01;23406;RUA CAP GUSTAVO;RUA CAP TIBURCIO DA FROTA;;0;;Colis?úo;Luz do Dia;;;Cruz;Pare;Residencial;0;1;1;1;0;0;0;0;0;1;0;0;-3,755243000000000;-38,516738000000000
268649;20;10;2015;16:57;0;AV JOSE LEON;;;0;;Colis?úo;Luz do Dia;;;Meio de Quadra;;;0;1;1;1;0;0;0;0;0;1;0;0;-3,788399000000000;-38,499516000000000
268657;20;10;2015;18:28;0;AV DEP PAULINO ROCHA;;;0;;Colis?úo;Anoitecer;;;Meio de Quadra;;;0;0;1;0;0;0;0;0;0;0;0;0;;
268654;20;10;2015;16:58;0;RUA VALPARAISO;;;0;;Colis?úo;Luz do Dia;;;Meio de Quadra;;;0;1;0;0;0;0;0;0;0;0;0;0;;
268655;20;10;2015;17:09;7190;AV DR THEBERGE;RUA CAMELIA;;0;;Colis?úo;Anoitecer;;;Cruz;D?¬ Prefer?¬ncia;Residencial;0;1;0;0;0;0;0;0;0;0;0;0;-3,709175000000000;-38,563147000000000
268645;20;10;2015;13:40;0;AV PRS COSTA E SILVA;;;0;;Colis?úo;Luz do Dia;;;Meio de Quadra;;;0;1;1;1;0;0;0;0;0;1;0;0;;
268646;20;10;2015;16:02;0;RUA TEODORO DE CASTRO;;;0;;Colis?úo;Luz do Dia;;;Meio de Quadra;;;0;1;1;1;0;0;0;0;0;1;0;0;-3,780876000000000;-38,601032000000000
268647;20;10;2015;16:33;0;RUA SOLON ONOFRE;;;0;;Colis?úo;Luz do Dia;;;Meio de Quadra;;;0;1;1;1;0;0;0;0;0;1;0;0;;
268659;20;10;2015;19:40;0;RUA BERNARDO MANUEL;;;0;;Atropelamento;;;;Meio de Quadra;;;0;1;1;0;0;0;0;0;0;1;0;0;-3,813379000000000;-38,555896000000000
268660;20;10;2015;19:50;0;AV WASHINGTON SOARES;;;0;;Colis?úo;;;;Meio de Quadra;;;0;1;1;1;0;0;0;0;0;1;0;0;;
258468;20;10;2015;08:40;5189;RUA PDE IBIAPINA;RUA PEDRO PEREIRA;;0;;Colis?úo Lateral;Luz do Dia;Bom;Seca;Cruz;N?úo H?í Controle;Escola;0;0;2;1;1;0;0;0;0;0;0;0;-3,725940000000000;-38,540601000000000
258469;20;10;2015;06:50;0;RUA DEP OSWALDO STUDART;;;0;RODOVI?üRIA;Colis?úo Lateral;Luz do Dia;Bom;Seca;Meio de Quadra;N?úo H?í Controle;Comercial;0;1;1;1;0;0;0;0;0;1;0;0;;
258502;20;10;2015;17:40;5468;RUA ANTONIO POMPEU;RUA BAR ARATANHA;;0;;Colis?úo Lateral;Via Iluminada;Bom;Seca;Cruz;Sem?íforo;Residencial;0;2;1;1;0;0;0;0;0;1;0;0;-3,735826000000000;-38,527351000000000
258498;20;10;2015;14:35;15301;RUA TEN BENEVOLO;RUA SILVA PAULET;;0;;Colis?úo Lateral;Luz do Dia;Bom;Seca;Cruz;Pare;Comercial;0;0;2;0;0;0;1;0;0;0;0;0;-3,729724000000000;-38,503888000000000
258527;20;10;2015;17:05;0;AV GAL MURILO BORGES;;;0;;Colis?úo Traseira;Luz do Dia;Bom;Seca;Meio de Quadra;Sem?íforo;Residencial;0;0;2;1;0;0;0;0;0;0;0;0;;
258531;20;10;2015;12:00;0;AV ENG HUMBERTO MONTE;;;1110;;Colis?úo Lateral;Luz do Dia;Bom;Seca;Meio de Quadra;N?úo H?í Controle;Comercial;0;0;4;1;0;0;0;0;0;0;0;0;-3,749272000000000;-38,560328000000000
258529;20;10;2015;11:30;0;AV ANTONIO SALES;;;0;;Colis?úo Traseira;Luz do Dia;Bom;Seca;Meio de Quadra;N?úo H?í Controle;Escola;0;0;3;1;0;0;0;0;0;0;0;0;;
258513;20;10;2015;13:00;0;RUA OSCAR ARARIPE;;;2932;;Colis?úo Lateral;Luz do Dia;Bom;Seca;Meio de Quadra;N?úo H?í Controle;Comercial;0;1;3;1;0;0;0;0;0;0;0;0;-3,785544000000000;-38,617020000000000
258516;20;10;2015;17:00;0;RUA GAL TERTULIANO POTYGUARA;;;802;;Colis?úo Lateral;Anoitecer;Bom;Seca;Meio de Quadra;N?úo H?í Controle;Escola;0;0;2;1;0;0;0;0;0;0;0;0;-3,744353000000000;-38,496814000000000
258507;20;10;2015;18:00;25240;RUA AMELIA BENEBIEN;RUA PRISCO BEZERRA;;0;;Colis?úo;Via Iluminada;Bom;Seca;T;Pare;Residencial;0;0;3;1;0;0;0;0;0;0;0;0;-3,736861000000000;-38,470553000000000
258543;20;10;2015;09:30;4194;AV FRANCISCO SA;AV TEN LISBOA;;0;;Colis?úo;Luz do Dia;Bom;Seca;Cruz;N?úo H?í Controle;Comercial;0;1;1;1;0;0;0;0;0;1;0;0;-3,717874000000000;-38,555953000000000
258549;20;10;2015;13:20;13201;AV I CJ JOSE WALTER;RUA 56 CJ JOSE WALTER;;0;;Colis?úo Lateral;Luz do Dia;Bom;Seca;Cruz;N?úo H?í Controle;Residencial;0;1;1;1;0;0;0;0;0;1;0;0;-3,833669000000000;-38,553323000000000
258550;20;10;2015;16:00;0;AV DES MOREIRA;;;1313;;Colis?úo Transversal;Luz do Dia;Bom;Seca;Meio de Quadra;N?úo H?í Controle;Comercial;0;0;2;1;1;0;0;0;0;0;0;0;-3,737465000000000;-38,498751000000000
258551;20;10;2015;16:45;0;AV DOM LUIS;;;0;;Colis?úo Transversal;Luz do Dia;Bom;Seca;Meio de Quadra;N?úo H?í Controle;Comercial;0;0;2;1;1;0;0;0;0;0;0;0;;
258557;20;10;2015;16:00;0;AV ABOLICAO;;;4022;;Colis?úo Lateral;Luz do Dia;Bom;Seca;Meio de Quadra;;Comercial;0;0;2;0;1;0;0;0;0;1;0;0;-3,723952000000000;-38,481625000000000
265929;20;10;2015;15:29;0;RUA PRC ISABEL;;;0;;Colis?úo;Luz do Dia;;;Meio de Quadra;;;0;0;2;1;0;0;0;0;0;1;0;0;;
265926;20;10;2015;14:41;0;RUA PRO GOMES BRASIL;;;0;;Colis?úo;Luz do Dia;;;Meio de Quadra;;;0;0;2;0;0;0;0;0;0;0;0;0;;
268918;20;10;2015;20:00;0;AV IMPERADOR;;;1186;;Colis?úo;;;;Meio de Quadra;;;0;1;0;1;1;0;0;0;0;0;0;0;-3,731597000000000;-38,535762000000000
259317;20;10;2015;07:20;0;RD BR 116;;;6000;KM-06;Queda;Luz do Dia;Bom;Molhada;Meio de Quadra;N?úo H?í Controle;Comercial;0;1;1;0;0;0;0;0;0;1;0;0;-3,804691000000000;-38,503053000000000
259318;20;10;2015;07:50;0;RD BR 116;;;3000;KM-03;Colis?úo Lateral;Luz do Dia;Bom;Seca;Meio de Quadra;N?úo H?í Controle;Comercial;0;0;2;1;0;0;1;0;0;0;0;0;-3,779838000000000;-38,514372000000000
259319;20;10;2015;07:10;0;RD BR 116;;;4000;KM-04;Colis?úo Traseira;Luz do Dia;Bom;Seca;Meio de Quadra;N?úo H?í Controle;Comercial;0;0;6;1;0;0;0;0;0;0;0;0;-3,788331000000000;-38,510646000000000
259320;20;10;2015;07:15;0;RD BR 116;;;4000;KM-04;Colis?úo Traseira;Luz do Dia;Bom;Seca;Meio de Quadra;N?úo H?í Controle;Comercial;0;0;2;1;0;0;0;0;0;0;0;0;-3,788331000000000;-38,510646000000000
258432;20;10;2015;13:50;0;RUA ANTONIO AUGUSTO;;;0;;Colis?úo Transversal;Luz do Dia;Bom;Seca;Meio de Quadra;Pare;Comercial;0;1;1;1;0;0;0;0;0;1;0;0;-3,731501000000000;-38,513825000000000
258428;20;10;2015;09:50;19287;RUA PRO GOMES BRASIL;RUA STA JULIA;;0;;Colis?úo;Luz do Dia;Bom;Seca;Cruz;;Comercial;0;1;1;0;0;1;0;0;0;0;0;0;-3,774097000000000;-38,567602000000000
258434;20;10;2015;13:40;1266;RUA BAR ARACATI;RUA PDE LUIS FIGUEIRA;;0;;Colis?úo Transversal;Luz do Dia;Bom;Seca;Cruz;Pare;Comercial;0;0;2;1;0;0;0;0;0;0;0;0;-3,733156000000000;-38,512022000000000
258437;20;10;2015;18:40;0;AV SGT HERMINIO SAMPAIO;;;0;;Colis?úo Lateral Sentido Oposto;Via Iluminada;Bom;Seca;Meio de Quadra;Pare;Comercial;0;1;1;0;0;0;0;0;0;1;0;0;;
258443;20;10;2015;13:00;0;AV OLIVEIRA PAIVA;;;413;;Colis?úo Traseira;Luz do Dia;Bom;Seca;Meio de Quadra;;Comercial;0;0;2;0;0;0;0;0;0;1;0;0;-3,797858000000000;-38,501475000000000
258444;20;10;2015;15:30;0;RUA PRC ISABEL (V. PINZON);;;1148;;Colis?úo Traseira;Luz do Dia;Bom;Seca;Meio de Quadra;N?úo H?í Controle;Comercial;0;0;3;1;0;0;1;0;0;0;0;0;;
258422;20;10;2015;18:30;24348;RUA ARMANDO MONTEIRO;RUA JORGE ACURCIO;;0;;Colis?úo Traseira;Anoitecer;Bom;Seca;Cruz;Pare;Residencial;0;0;2;1;0;0;0;0;0;0;0;0;-3,765184000000000;-38,531744000000000
258411;20;10;2015;21:05;3189;RUA CARLOS CHAGAS;RUA JOSE ARISTOTELES GONDIM;;0;;Colis?úo Lateral;Via Iluminada;Bom;Seca;Cruz;Pare;Residencial;0;2;1;1;0;0;0;0;0;1;0;0;-3,780113000000000;-38,585335000000000
258406;20;10;2015;18:00;18756;RUA VALPARAISO;AV B CJ HAB ST SAO JOAO;;0;;Colis?úo Lateral;;Bom;Seca;Cruz;Pare;Residencial;0;1;1;0;1;0;0;0;0;1;0;0;-3,846515000000000;-38,517719000000000
258407;20;10;2015;10:30;0;RUA GUSTAVO BRAGA;;;0;;Colis?úo Transversal;Luz do Dia;Bom;Seca;Meio de Quadra;Pare;Comercial;0;0;2;0;0;0;0;0;0;1;0;0;;
258440;20;10;2015;08:20;19161;RUA PRO OTAVIO LOBO;RUA LAURO NOGUEIRA;;0;;;Luz do Dia;Bom;Seca;Cruz;Sem?íforo;Residencial;0;0;2;1;0;0;0;1;0;0;0;0;-3,740673000000000;-38,476452000000000
258447;20;10;2015;09:00;0;AV JOSE SABOIA;;;521;;Colis?úo Lateral;Luz do Dia;Bom;Seca;Meio de Quadra;Outros;Comercial;0;0;2;0;0;0;1;0;0;0;0;0;-3,717185000000000;-38,467352000000000
258454;20;10;2015;11:00;5742;AV OLIVEIRA PAIVA;RUA MANUEL MONTEIRO;;0;;Colis?úo Lateral;Luz do Dia;Bom;Seca;Cruz;Sem?íforo;Comercial;0;0;2;1;0;0;0;0;0;0;0;0;-3,795496000000000;-38,494140000000000
258451;20;10;2015;18:45;0;AV GAL MURILO BORGES;;;75;;Outros;Via Iluminada;Bom;Seca;Meio de Quadra;N?úo H?í Controle;Comercial;0;0;2;1;0;0;0;0;0;0;0;0;;
258417;20;10;2015;16:30;4000;AV PRO GOMES DE MATOS;RUA RAUL UCHOA;;0;;Colis?úo Lateral;Via Iluminada;Bom;Seca;Cruz;Pare;Comercial;0;0;2;0;0;0;0;0;0;1;0;0;-3,760768000000000;-38,545294000000000
258461;20;10;2015;18:00;0;AV ALBERTO CRAVEIRO;;;483;;Colis?úo Traseira;Via Iluminada;Bom;Seca;Meio de Quadra;N?úo H?í Controle;Comercial;0;0;2;1;0;0;0;0;0;0;0;0;;
258464;20;10;2015;09:30;13366;RUA JOAO BRIGIDO;RUA DNA LEOPOLDINA;;0;;Colis?úo Lateral;Luz do Dia;Bom;Seca;Cruz;Sem?íforo Intermitente;Residencial;0;0;2;1;0;0;0;0;0;1;0;0;-3,738646000000000;-38,522203000000000
258465;20;10;2015;09:30;12863;AV DOMINGOS OLIMPIO;RUA FLORIANO PEIXOTO;;0;;Colis?úo Transversal;Luz do Dia;Bom;Seca;Cruz;;Residencial;0;2;2;1;0;0;0;0;0;1;0;0;-3,736976000000000;-38,530313000000000
258402;20;10;2015;18:10;4531;AV DEP PAULINO ROCHA;RUA ENF JOAQUIM PINTO;;0;;Colis?úo Transversal;Via Iluminada;Bom;Seca;T;Pare;Residencial;0;1;1;1;0;0;0;0;1;0;0;0;-3,803203000000000;-38,507774000000000
258395;20;10;2015;17:00;19370;AV AUGUSTO DOS ANJOS;RUA VICENTE BRAGA D34;;0;;Colis?úo Lateral;Luz do Dia;Bom;Seca;T;Pare;Comercial;0;1;1;1;0;0;0;0;0;1;0;0;-3,777421000000000;-38,576750000000000
258379;20;10;2015;11:00;0;AV SORIANO ALBUQUERQUE;;;830;;Colis?úo Lateral;Luz do Dia;Bom;Seca;Meio de Quadra;N?úo H?í Controle;Residencial;0;0;2;1;0;0;0;0;0;0;0;0;-3,749289000000000;-38,514319000000000
269002;21;10;2015;21:00;0;AV PRS COSTA E SILVA;;;0;;Colis?úo;;;;Meio de Quadra;;;0;0;1;0;0;0;0;0;0;1;0;0;;
265933;21;10;2015;09:32;0;AV GODOFREDO MACIEL;;;0;;Colis?úo;Luz do Dia;;;Meio de Quadra;;;0;0;2;1;0;0;0;1;0;0;0;0;;
265934;21;10;2015;11:11;0;AV GAL OSORIO DE PAIVA;;;0;;Colis?úo;Luz do Dia;;;Meio de Quadra;;;0;0;2;1;1;0;0;0;0;0;0;0;;
265935;21;10;2015;13:50;0;RUA MACHADO DE ASSIS;;;0;;Colis?úo;Luz do Dia;;;Meio de Quadra;;;0;0;2;1;1;0;0;0;0;0;0;0;;
259322;21;10;2015;22:05;0;RD BR 116;;;8000;KM-08;Atropelamento;Via Iluminada;Bom;Seca;Meio de Quadra;N?úo H?í Controle;Comercial;1;0;1;1;0;0;0;0;0;0;0;0;-3,822018000000000;-38,503269000000000
271844;21;10;2015;11:32;0;RUA FERREIRA LIMA;;;0;;Colis?úo;Luz do Dia;;;Meio de Quadra;;;0;0;2;0;0;0;0;0;0;0;0;0;;