COD_ACIDENTE;DIA;MES;ANO;HORA;INTERSECAO;LOG1;LOG2;LOG3;NUMERO;REFERENCIA;NATUREZA;ILUMINACAO;TEMPO;SUPERFICIEPISTA;TIPOCRUZAMENTO;CONTROLETRAFEGO;USOSOLO;MORTOS;FERIDOS;ILESOS;AUTOMOVEL;ONIBUS;BICICLETA;CAMINHAO;MICROONIBUS;CICLOMOTOR;MOTOCICLETA;TRACAOANIMAL;TREM;LATITUDE;LONGITUDE
271847;21;10;2015;11:43;22055;AV JOSE BASTOS;RUA PDE CICERO;;0;;Colis?úo;Luz do Dia;;;T;Pare;Comercial;0;0;2;0;0;0;0;0;0;0;0;0;-3,744462000000000;-38,544887000000000
271858;21;10;2015;16:11;15224;AV BAR STUDART;RUA DEP MOREIRA DA ROCHA;;0;;Colis?úo;Luz do Dia;;;Cruz;Sem?íforo;Comercial;0;0;2;0;0;0;0;0;0;0;0;0;-3,727254000000000;-38,504238000000000
271855;21;10;2015;15:35;0;RUA DR ALFREDO WEYNE D14;;;0;;Colis?úo;Luz do Dia;;;Meio de Quadra;;;0;0;2;0;0;0;0;0;0;0;0;0;;
271853;21;10;2015;14:21;0;RUA VITAL BRASIL;;;0;;Colis?úo;Luz do Dia;;;Meio de Quadra;;;0;0;2;0;0;0;0;0;0;0;0;0;;
271849;21;10;2015;12:24;0;AV GAL OSORIO DE PAIVA;;;0;;Colis?úo;Luz do Dia;;;Meio de Quadra;;;0;0;2;0;0;0;0;0;0;0;0;0;;
258560;21;10;2015;08:30;0;RUA PRO COSTA MENDES;;;755;;Colis?úo Traseira;Luz do Dia;Bom;Seca;Meio de Quadra;N?úo H?í Controle;Residencial;0;0;2;1;0;0;0;0;0;0;0;0;-3,754403000000000;-38,547238000000000
258563;21;10;2015;20:00;1599;AV SEN VIRGILIO TAVORA;RUA VICENTE LINHARES;;0;;;Via Iluminada;Bom;Seca;Cruz;Sem?íforo;Comercial;0;0;3;1;0;0;0;0;0;0;0;0;-3,743743000000000;-38,495370000000000
258574;21;10;2015;19:30;0;AV AUGUSTO DOS ANJOS;;;150;;Colis?úo Frontal;Via Iluminada;Bom;Seca;Meio de Quadra;Sem?íforo;Comercial;0;1;1;0;1;0;0;0;0;1;0;0;-3,770180000000000;-38,570436000000000
258572;21;10;2015;10:10;0;RUA FLORIANO PEIXOTO;;;625;;Colis?úo Traseira;Luz do Dia;Bom;Seca;Meio de Quadra;Outros;Comercial;0;0;3;1;0;0;0;0;0;0;0;0;-3,727856000000000;-38,527343000000000
258666;21;10;2015;21:00;0;RUA MENOR JERONIMO;;;2990;;Colis?úo Frontal;Via Iluminada;Bom;;Meio de Quadra;;Comercial;0;0;2;1;0;0;0;0;0;0;0;0;;
258627;21;10;2015;08:00;0;AV DEP PAULINO ROCHA;;;800;;Colis?úo Traseira;Luz do Dia;Bom;Seca;Meio de Quadra;N?úo H?í Controle;Comercial;0;1;1;1;0;0;0;0;0;1;0;0;;
258595;21;10;2015;07:20;8000;AV JOAO PESSOA;RUA DELMIRO FARIAS;;0;;Colis?úo Transversal;Luz do Dia;Bom;Seca;Cruz;Pare;Comercial;0;0;2;0;1;0;0;0;0;1;0;0;-3,750275000000000;-38,547538000000000
258596;21;10;2015;07:00;0;AV DOS EXPEDICIONARIOS;;;3442;;Colis?úo Traseira;Luz do Dia;Bom;Seca;Meio de Quadra;Sem?íforo;Residencial;0;1;1;0;1;0;0;0;0;1;0;0;-3,748631000000000;-38,536199000000000
258601;21;10;2015;11:30;1266;RUA BAR ARACATI;RUA PDE LUIS FIGUEIRA;;0;;Colis?úo Traseira;Luz do Dia;Bom;Seca;Cruz;N?úo H?í Controle;Residencial;0;0;4;1;0;0;0;0;0;0;0;0;-3,733156000000000;-38,512022000000000
258593;21;10;2015;18:00;21698;AV DA INDEPENDENCIA;RUA DR JOSE GOIANA;;0;;Colis?úo Lateral;Via Iluminada;Bom;Seca;Outros;N?úo H?í Controle;Outros;0;0;2;1;0;0;1;0;0;0;0;0;-3,727192000000000;-38,589989000000000
258588;21;10;2015;07:55;0;AV ANTONIO SALES;;;3500;;Colis?úo Lateral;Luz do Dia;Bom;Seca;Meio de Quadra;N?úo H?í Controle;Comercial;0;0;2;1;0;0;1;0;0;0;0;0;-3,748361000000000;-38,492833000000000
258589;21;10;2015;21:00;9075;RUA CEL JOSE EUCLIDES;AV AGUANAMBI;;0;;Colis?úo Traseira;Via Iluminada;Bom;Seca;T;Outros;Comercial;0;0;2;1;1;0;0;0;0;0;0;0;-3,752233000000000;-38,523383000000000
258576;21;10;2015;13:30;0;RUA RODRIGUES JUNIOR;;;0;;Colis?úo Lateral;Luz do Dia;Bom;Seca;Meio de Quadra;Pare;Residencial;0;0;2;1;1;0;0;0;0;0;0;0;;
258582;21;10;2015;10:00;1285;AV DOM LUIS;RUA VIS MAUA;;0;;Colis?úo Transversal;Luz do Dia;Nublado;Seca;Cruz;Pare;Comercial;0;0;2;1;0;0;0;0;0;0;0;0;-3,732923000000000;-38,498390000000000
268663;21;10;2015;07:04;0;AV DOS EXPEDICIONARIOS;;;0;;Colis?úo;Luz do Dia;;;Meio de Quadra;;;0;1;1;0;0;0;1;0;0;1;0;0;-3,748631000000000;-38,536199000000000
268666;21;10;2015;07:49;0;AV DEP PAULINO ROCHA;;;0;;Colis?úo;Luz do Dia;;;Meio de Quadra;;;0;1;1;1;0;0;0;0;0;1;0;0;;
268667;21;10;2015;13:06;12457;AV AUGUSTO DOS ANJOS;RUA PRO GOMES BRASIL;;0;;Colis?úo;Luz do Dia;;;Cruz;Sem?íforo;Comercial;0;1;1;1;0;0;0;0;0;1;0;0;-3,770153000000000;-38,570427000000000
268668;21;10;2015;16:16;5627;AV JOSE LEON;AV ROGACIANO LEITE;;0;;Colis?úo;Luz do Dia;;;Cruz;Sem?íforo;Comercial;0;2;1;1;0;0;0;0;0;1;0;0;-3,787355000000000;-38,503527000000000
268669;21;10;2015;16:25;0;AV ABOLICAO;;;0;;Colis?úo;Luz do Dia;;;Meio de Quadra;;;0;1;0;0;0;0;0;0;0;0;0;0;;
268670;21;10;2015;16:33;0;RUA ALBERTO MAGNO;;;0;;Colis?úo;Luz do Dia;;;Meio de Quadra;;;0;1;1;1;0;0;0;0;0;1;0;0;-3,759383000000000;-38,545174000000000
268679;21;10;2015;21:42;0;AV MR HULL;;;0;;Atropelamento;;;;Meio de Quadra;;;0;1;1;0;0;0;0;0;0;1;0;0;;
268680;21;10;2015;22:17;0;RUA MONTE LIBANO;;;0;;Colis?úo;;;;Meio de Quadra;;;0;1;0;0;0;0;0;0;0;1;0;0;;
268681;21;10;2015;05:56;0;AV AGUANAMBI;;;0;;Queda;Amanhecer;;;Meio de Quadra;;;0;1;0;0;0;0;0;0;0;1;0;0;;
268675;21;10;2015;19:30;0;AV AUGUSTO DOS ANJOS;;;0;;Colis?úo;;;;Meio de Quadra;;;0;1;0;0;0;0;0;0;0;0;0;0;;
268672;21;10;2015;17:05;0;AV GODOFREDO MACIEL;;;0;;Colis?úo;Anoitecer;;;Meio de Quadra;;;0;1;0;0;0;0;0;0;0;0;0;0;-3,823610000000000;-38,578550000000000
268673;21;10;2015;17:43;11338;AV GODOFREDO MACIEL;RUA FRANCISCO GLICERIO;;0;;Colis?úo;Anoitecer;;;Cruz;Sem?íforo;Comercial;0;1;1;1;0;0;0;0;0;1;0;0;-3,795981000000000;-38,569757000000000
268683;21;10;2015;07:04;0;AV DEP PAULINO ROCHA;;;0;;Colis?úo;Luz do Dia;;;Meio de Quadra;;;0;1;1;0;0;0;1;0;0;1;0;0;;
268677;21;10;2015;20:05;0;AV DA INDEPENDENCIA;;;0;;Colis?úo;;;;Meio de Quadra;;;0;1;1;1;0;0;0;0;0;1;0;0;-3,727936000000000;-38,587421000000000
258697;21;10;2015;19:20;5433;RUA MAJ FACUNDO;RUA METON DE ALENCAR;;0;;Colis?úo Transversal;Via Iluminada;Bom;Seca;Cruz;Pare;Comercial;0;1;1;0;0;0;0;0;0;1;0;0;-3,733917000000000;-38,529899000000000
258694;21;10;2015;13:00;1454;RUA JOAQUIM NABUCO;RUA AFONSO CELSO;;0;;Colis?úo Traseira;Luz do Dia;Bom;Seca;;Pare;Residencial;0;0;2;1;0;0;1;0;0;0;0;0;-3,738407000000000;-38,502300000000000
258710;21;10;2015;19:40;12733;RUA ANA NERY;RUA QUINTINO CUNHA;;0;;Colis?úo Transversal;Via Iluminada;Bom;Seca;Cruz;Pare;Residencial;0;0;2;0;0;0;1;0;0;0;0;0;-3,751332000000000;-38,544759000000000
258686;21;10;2015;12:30;22242;RUA CEL MOZART GONDIM;RUA IPE (ALAGADI?çO);;0;;Colis?úo Transversal;Luz do Dia;Bom;Seca;Cruz;Pare;Residencial;0;1;1;1;0;0;0;0;0;1;0;0;-3,730108000000000;-38,560214000000000
258681;21;10;2015;18:00;24977;RUA GAL OLAVO OLIVEIRA ALBUQUERQUE;AV ALM HENRIQUE SABOIA;;0;;Colis?úo Transversal;Via Iluminada;Bom;Seca;T;Pare;Misto;0;0;2;1;0;0;0;0;0;1;0;0;;
258679;21;10;2015;19:00;0;AV AGUANAMBI;;;1565;;Colis?úo Lateral;;Bom;Seca;Meio de Quadra;Sem?íforo;Comercial;0;1;1;1;0;0;0;0;0;1;0;0;-3,750958000000000;-38,523564000000000
258668;21;10;2015;07:30;10695;RUA PRO HERIBALDO COSTA;RUA MON HIPOLITO BRASIL;;0;;Colis?úo Transversal;Luz do Dia;Bom;Seca;Cruz;Pare;Comercial;0;2;1;1;0;0;0;0;0;1;0;0;-3,757069000000000;-38,582275000000000
258647;21;10;2015;18:40;1342;RUA JOSE VILAR;RUA DR JORGE DA ROCHA;;0;;Colis?úo Transversal;Via Iluminada;Bom;Seca;Cruz;Pare;Residencial;0;1;1;1;0;0;0;0;0;1;0;0;-3,735822000000000;-38,504690000000000
258631;21;10;2015;09:30;0;RUA METON DE ALENCAR;;;1419;;Colis?úo Lateral;Luz do Dia;Bom;Seca;Meio de Quadra;Sem?íforo;Comercial;0;0;2;1;0;0;0;1;0;0;0;0;-3,731839000000000;-38,536274000000000
258623;21;10;2015;11:30;1266;RUA BAR ARACATI;RUA PDE LUIS FIGUEIRA;;0;;Engavetamento;Luz do Dia;Bom;Seca;Cruz;N?úo H?í Controle;Residencial;0;0;2;1;0;0;0;0;0;0;0;0;-3,733156000000000;-38,512022000000000
258636;21;10;2015;07:25;3419;AV JOAO PESSOA;RUA MIGUEL GONCALVES;;0;;Colis?úo Lateral;Luz do Dia;Bom;Seca;Cruz;Pare;Residencial;0;1;1;1;0;0;0;0;0;1;0;0;-3,758710000000000;-38,555080000000000
260140;21;10;2015;07:30;0;RD CE-040;;;0;KM-07;Colis?úo;Luz do Dia;;Seca;Meio de Quadra;;;0;0;3;1;0;0;1;0;0;0;0;0;-3,817953000000000;-38,483160000000000
260141;21;10;2015;12:40;0;RD CE-060;;;0;KM-02;Colis?úo;Luz do Dia;;Seca;Meio de Quadra;;;0;0;2;1;0;0;1;0;0;0;0;0;-3,828028000000000;-38,580009000000000
260142;21;10;2015;16:00;0;RD CE-060;;;0;KM-03;Colis?úo;Luz do Dia;;Seca;Meio de Quadra;;;0;0;2;1;0;0;1;0;0;0;0;0;-3,836637000000000;-38,582776000000000
260143;22;10;2015;13:30;0;RD CE-040;;;0;KM-05;Colis?úo;Luz do Dia;;Seca;Meio de Quadra;;;0;0;2;1;0;0;0;0;0;0;0;0;-3,790876000000000;-38,480349000000000
260144;22;10;2015;12:30;0;AV MIN JOSE AMERICO;;;0;;Colis?úo;Luz do Dia;;Seca;Meio de Quadra;;;0;0;2;1;0;0;1;0;0;0;0;0;;
258638;22;10;2015;15:00;0;AV FRANCISCO SA;;;3783;;Colis?úo Traseira;Luz do Dia;Bom;Seca;Meio de Quadra;Sem?íforo;Comercial;0;0;2;1;0;0;0;0;1;0;0;0;-3,716953000000000;-38,558698000000000
258639;22;10;2015;15:20;0;AV FRANCISCO SA;;;3783;;Colis?úo Traseira;Luz do Dia;Bom;Seca;Meio de Quadra;Sem?íforo;Comercial;0;0;2;0;1;0;0;0;1;0;0;0;-3,716953000000000;-38,558698000000000
258640;22;10;2015;15:25;0;RUA CON DE CASTRO;;;956;;Colis?úo Frontal;Luz do Dia;Bom;Seca;Meio de Quadra;;Residencial;0;1;1;0;1;0;0;0;0;1;0;0;-3,781544000000000;-38,570245000000000
258641;22;10;2015;07:30;25509;RUA HOLANDA;RUA ANTONIO DIVINO;;0;;Colis?úo Transversal;Luz do Dia;Bom;Seca;Cruz;Pare;Residencial;0;1;1;1;0;0;0;0;0;1;0;0;-3,803674000000000;-38,559490000000000
258648;22;10;2015;14:30;16453;RUA 26 BATALHAO;RUA CEL MANUEL ALBANO;;0;;Colis?úo Frontal;Luz do Dia;Bom;Seca;Cruz;Pare;Misto;0;0;2;1;0;0;0;0;0;1;0;0;-3,807008000000000;-38,568374000000000
258646;22;10;2015;11:30;0;RUA CEL ZACARIAS J FRANCA;;;0;;Colis?úo Lateral;Luz do Dia;Bom;Seca;;;;0;1;1;0;0;0;0;0;0;1;0;0;;
258643;22;10;2015;22:00;0;RUA PDE VALDEVINO;;;1584;;Colis?úo Traseira;Via Iluminada;Bom;Seca;Meio de Quadra;Sem?íforo;Residencial;0;0;1;1;0;0;0;0;0;1;0;0;-3,741045000000000;-38,510765000000000
258644;22;10;2015;16:45;1716;AV GOV RAUL BARBOSA;AV GAL MURILO BORGES;;0;;Colis?úo Frontal;Luz do Dia;Bom;Seca;Cruz;Sem?íforo;Residencial;0;1;1;1;0;0;0;0;0;1;0;0;-3,763977000000000;-38,508802000000000
268684;22;10;2015;07:09;0;RUA PARANA;;;0;;Colis?úo;Luz do Dia;;;Meio de Quadra;;;0;1;1;1;0;0;0;0;0;1;0;0;-3,754042000000000;-38,566326000000000
268688;22;10;2015;07:43;0;RUA VALPARAISO;;;0;;Queda;Luz do Dia;;;Meio de Quadra;;;0;1;0;0;0;0;0;0;0;1;0;0;-3,841331000000000;-38,529297000000000
268686;22;10;2015;07:10;10682;AV ROGACIANO LEITE;AV WASHINGTON SOARES;;0;;Queda;Luz do Dia;;;;;;0;1;0;0;0;0;0;0;0;1;0;0;-3,756482000000000;-38,491477000000000
268698;22;10;2015;10:17;3419;AV JOAO PESSOA;RUA MIGUEL GONCALVES;;0;;Colis?úo;Luz do Dia;;;Cruz;Pare;Residencial;0;1;1;1;0;0;0;0;0;1;0;0;-3,758710000000000;-38,555080000000000
268690;22;10;2015;07:54;0;AV MR HULL;;;0;;Colis?úo;Luz do Dia;;;Meio de Quadra;;;0;1;0;0;0;0;0;0;0;0;0;0;;
268695;22;10;2015;09:05;0;AV DUQ CAXIAS;;;0;;Queda;Luz do Dia;;;Meio de Quadra;;;0;1;0;0;0;0;0;0;0;1;0;0;;
268696;22;10;2015;09:39;17287;AV PRO GOMES DE MATOS;RUA VASCO DA GAMA;;0;;Colis?úo;Luz do Dia;;;Cruz;Pare;Comercial;0;1;1;1;0;0;0;0;0;1;0;0;-3,763166000000000;-38,547335000000000
268815;22;10;2015;15:37;3175;RUA VITAL BRASIL;RUA LUZIA MOREIRA;;0;;Colis?úo;Luz do Dia;;;Cruz;Pare;Residencial;0;0;1;0;0;0;0;0;0;0;0;0;-3,779420000000000;-38,593017000000000
268802;22;10;2015;12:23;0;AV BORGES DE MELO;;;0;;Colis?úo;Luz do Dia;;;Meio de Quadra;;;0;1;1;1;0;0;0;0;0;1;0;0;;
268803;22;10;2015;14:12;0;AV PERIMETRAL;;;0;;Colis?úo;Luz do Dia;;;Meio de Quadra;;;0;1;1;1;0;1;0;0;0;0;0;0;;
268804;22;10;2015;14:47;0;RUA ANTONIO DRUMONT;;;0;EXPRESSO GUANABARA;Queda;Luz do Dia;;;Meio de Quadra;;;0;1;0;0;0;0;0;0;0;1;0;0;;
268794;22;10;2015;11:27;0;AV DES FAUSTINO ALBUQUERQUE;;;0;;Atropelamento;Luz do Dia;;;Meio de Quadra;;;0;1;1;1;0;0;0;0;0;0;0;0;;
268796;22;10;2015;11:42;0;RUA EDSON MARTINS;;;0;;Colis?úo;Luz do Dia;;;Meio de Quadra;;;0;1;1;1;0;0;0;0;0;1;0;0;;
258594;22;10;2015;22:40;15316;RUA JOAQUIM NABUCO;RUA REPUBLICA DO LIBANO;;0;;Colis?úo Lateral;Anoitecer;Bom;Seca;Cruz;Pare;Residencial;0;0;2;1;0;0;0;0;0;0;0;0;-3,730318000000000;-38,499700000000000
258602;22;10;2015;07:45;11030;RUA CESAR ROSSAS;RUA 15 DE NOVEMBRO;;0;;Colis?úo Lateral;Luz do Dia;Bom;Seca;Outros;Sem?íforo;Comercial;0;1;3;1;0;0;0;0;0;1;0;0;-3,769241000000000;-38,555011000000000
258609;22;10;2015;16:40;7957;AV BAR STUDART;AV PONTES VIEIRA;;0;;Colis?úo Lateral;Luz do Dia;Bom;Seca;T;Sem?íforo Intermitente;Comercial;0;0;2;1;1;0;0;0;0;0;0;0;-3,752590000000000;-38,512361000000000
258613;22;10;2015;22:00;0;RUA BAR IBIAPABA;;;1640;;Colis?úo Traseira;Via Iluminada;Bom;Seca;Meio de Quadra;N?úo H?í Controle;Comercial;0;0;2;1;0;0;0;0;0;0;0;0;;
258614;22;10;2015;13:00;25142;AV BORGES DE MELO;RUA JOAO ARARIPE;;0;;Colis?úo Frontal;Luz do Dia;Bom;Seca;Cruz;Sem?íforo;Residencial;0;1;1;0;0;0;1;0;0;1;0;0;-3,758147000000000;-38,532143000000000
258598;22;10;2015;17:30;25034;AV DES MOREIRA;AV ANTONIO JUSTA;;0;;Colis?úo Traseira;Via Iluminada;Bom;Seca;Cruz;Sem?íforo;Outros;0;0;2;1;0;0;0;0;0;0;0;0;-3,727331000000000;-38,495474000000000
258599;22;10;2015;20:00;0;AV FRANCISCO SA;;;5928;;Engavetamento;Via Iluminada;Bom;Seca;Meio de Quadra;Pare;Residencial;0;0;3;1;1;0;0;0;0;0;0;0;-3,710423000000000;-38,577760000000000
258605;22;10;2015;06:10;583;AV FRANCISCO SA;RUA COS GOUVEIA;;0;;Colis?úo Lateral;Amanhecer;Bom;Seca;Cruz;N?úo H?í Controle;Comercial;0;1;1;0;1;0;0;0;0;1;0;0;-3,716149000000000;-38,561096000000000
258606;22;10;2015;08:50;0;AV JOSE BASTOS;;;2550;;Colis?úo Lateral;Luz do Dia;Bom;Seca;Meio de Quadra;N?úo H?í Controle;Comercial;0;1;1;0;1;0;0;0;1;0;0;0;-3,743709000000000;-38,544283000000000
258634;22;10;2015;13:00;0;RUA 17 CJ BEIRA RIO;;;251;;Colis?úo Lateral;Luz do Dia;;;Meio de Quadra;;;0;0;2;1;0;0;0;0;0;0;0;0;;
258635;22;10;2015;15:00;578;AV FRANCISCO SA;RUA ENG JOAO NOGUEIRA;;0;;Colis?úo Lateral;Luz do Dia;Bom;Seca;Cruz;Pare;Misto;0;0;2;1;0;0;0;0;0;0;0;0;-3,715147000000000;-38,564050000000000
258616;22;10;2015;13:30;9040;RUA JAIME BENEVOLO;RUA PDE MIGUELINHO;;0;;Colis?úo Lateral;Luz do Dia;Bom;Seca;Cruz;Pare;Misto;0;0;2;1;0;0;0;0;0;0;0;0;-3,744086000000000;-38,529347000000000
258618;22;10;2015;08:30;3245;RUA ANSELMO NOGUEIRA;RUA SOUSA CARVALHO;;0;;Colis?úo Lateral;Luz do Dia;Bom;Seca;Cruz;Pare;Residencial;0;0;2;1;0;0;0;0;0;0;0;0;-3,783796000000000;-38,587948000000000
258620;22;10;2015;08:20;25261;AV LINEU MACHADO;RUA DR SULIANO;;0;;Colis?úo Transversal;Luz do Dia;Bom;Seca;Cruz;Pare;Comercial;0;1;1;0;0;0;0;0;0;1;0;0;;
258622;22;10;2015;10:30;5235;RUA PEDRO PEREIRA;RUA PRC ISABEL;;0;;Colis?úo Transversal;Luz do Dia;Bom;Seca;Cruz;Pare;Misto;0;1;1;1;0;0;0;0;1;0;0;0;-3,727353000000000;-38,535705000000000
258467;22;10;2015;18:30;11582;AV ROGACIANO LEITE;RUA RICARDO A BRAGA;;0;;Colis?úo Lateral;Via Iluminada;Bom;Seca;Cruz;Pare;Comercial;0;1;1;1;0;0;0;0;0;1;0;0;-3,786671000000000;-38,503315000000000
268868;22;10;2015;21:56;0;AV GAL OSORIO DE PAIVA;;;0;;Atropelamento;;;;Meio de Quadra;;;0;1;0;0;0;0;0;0;0;1;0;0;-3,791707000000000;-38,589402000000000
268823;22;10;2015;16:56;0;AV SGT HERMINIO SAMPAIO;;;0;;Atropelamento;Luz do Dia;;;Meio de Quadra;;;0;1;1;0;0;0;0;0;0;1;0;0;-3,724945000000000;-38,552724000000000
268824;22;10;2015;18:38;0;AV ROGACIANO LEITE;;;0;;Colis?úo;;;;Meio de Quadra;;;0;1;1;1;0;0;0;0;0;1;0;0;-3,786592000000000;-38,503288000000000
268849;22;10;2015;18:48;0;AV CASTELO DE CASTRO;;;1175;;Colis?úo;;;;Meio de Quadra;;;0;1;0;0;0;0;0;0;0;1;0;0;-3,840033000000000;-38,521778000000000
268850;22;10;2015;21:20;0;RUA CON DE CASTRO;;;4553;;Atropelamento;;;;Meio de Quadra;;;1;0;1;0;0;0;0;0;0;1;0;0;-3,805018000000000;-38,591919000000000
271861;22;10;2015;11:00;0;RUA TULIPA NEGRA;;;0;;Colis?úo;Luz do Dia;;;Meio de Quadra;;;0;0;2;0;0;0;0;0;0;0;0;0;;
271865;22;10;2015;12:12;2715;RUA ITU;RUA EDSON MARTINS;;0;;Colis?úo;Luz do Dia;;;;;;0;0;2;0;0;0;0;0;0;0;0;0;-3,789521000000000;-38,602186000000000
271866;22;10;2015;12:21;0;RUA TULIPA NEGRA;;;0;;Colis?úo;Luz do Dia;;;Meio de Quadra;;;0;0;2;0;0;0;0;0;0;0;0;0;;
271867;22;10;2015;15:58;0;RUA VITORIA;;;0;;Colis?úo;Luz do Dia;;;Meio de Quadra;;;0;0;2;0;0;0;0;0;0;0;0;0;;
259323;22;10;2015;18:00;0;RD BR 116;;;1000;KM-01;Colis?úo Lateral;Anoitecer;Bom;Seca;Meio de Quadra;N?úo H?í Controle;Comercial;0;2;2;0;0;0;1;0;0;1;0;0;-3,762554000000000;-38,518702000000000
265948;22;10;2015;08:57;0;AV BORGES DE MELO;;;0;;Colis?úo;Luz do Dia;;;Meio de Quadra;;;0;0;2;0;1;0;0;0;0;0;0;0;;
265946;22;10;2015;08:42;0;RUA PERDIGAO DE OLIVEIRA;;;0;;Colis?úo;Luz do Dia;;;Meio de Quadra;;;0;0;2;1;0;0;0;0;0;0;0;0;;
265950;22;10;2015;14:41;0;RUA EMILIO DE MENESES;;;0;;Colis?úo;Luz do Dia;;;Meio de Quadra;;;0;0;2;1;0;0;0;0;0;1;0;0;;
258466;22;10;2015;19:20;0;RUA ABAIARA;;;0;;Colis?úo Lateral;Via Iluminada;Bom;Seca;Meio de Quadra;N?úo H?í Controle;Residencial;0;0;2;1;0;0;0;0;0;0;0;0;;
258460;22;10;2015;08:00;0;AV DEP PAULINO ROCHA;;;0;;Colis?úo Lateral;Luz do Dia;Bom;Seca;Meio de Quadra;N?úo H?í Controle;Lazer;0;2;0;0;0;0;0;0;0;1;0;0;;
258452;22;10;2015;07:45;9169;AV LUCIANO CARNEIRO;RUA DR ALFREDO WEYNE D14;;0;;Colis?úo Traseira;Luz do Dia;Nublado;Seca;;N?úo H?í Controle;Comercial;0;0;3;1;0;0;0;0;0;0;0;0;-3,754682000000000;-38,533556000000000
258453;22;10;2015;09:15;0;RUA SAO PAULO;;;2083;;Colis?úo Lateral;Luz do Dia;Bom;Seca;Meio de Quadra;N?úo H?í Controle;Misto;0;0;2;1;0;0;0;0;0;0;0;0;-3,720632000000000;-38,543964000000000
258455;22;10;2015;11:30;3831;AV 13 DE MAIO;RUA MAL DEODORO;;0;;Colis?úo Traseira;Luz do Dia;Bom;Seca;Cruz;Sem?íforo;Comercial;0;0;2;1;0;0;0;0;0;0;0;0;-3,743122000000000;-38,536588000000000
258456;22;10;2015;16:00;19720;RUA AZEVEDO BOLAO;RUA GAL PIRAGIBE;;0;;Colis?úo Lateral;Luz do Dia;Bom;Seca;Cruz;Pare;Comercial;0;1;1;1;0;0;0;0;0;1;0;0;-3,736738000000000;-38,558172000000000
258449;22;10;2015;12:30;12352;RUA MON HIPOLITO BRASIL;RUA ERNESTO PEDRO SANTOS;;0;;Colis?úo Transversal;Luz do Dia;Bom;Seca;Cruz;Pare;Residencial;0;1;1;1;0;0;0;0;0;1;0;0;-3,760775000000000;-38,575314000000000
258450;22;10;2015;13:30;5523;AV FLAMBOYANTS;AL CRAVOS;;0;;Colis?úo Lateral;Luz do Dia;Bom;Seca;Cruz;Pare;Residencial;0;0;2;1;0;0;0;0;0;0;0;0;-3,750335000000000;-38,475540000000000
258423;22;10;2015;17:00;0;RUA DR CARLOS R PAMPLONA;;;0;;Colis?úo Transversal;Anoitecer;Bom;Seca;Meio de Quadra;Outros;Residencial;0;1;1;0;0;0;0;0;0;1;0;0;;
258420;22;10;2015;17:00;21990;RUA MAJ PEDRO SAMPAIO;RUA CANDIDO JUCA;;0;;Colis?úo Transversal;Anoitecer;Bom;Seca;Cruz;Pare;Misto;0;1;1;1;0;0;0;0;0;1;0;0;-3,740460000000000;-38,548182000000000
258416;22;10;2015;19:30;2877;AV GAL OSORIO DE PAIVA;RUA DR FERNANDO AUGUSTO;;0;;Colis?úo Lateral;Via Iluminada;Bom;Seca;Cruz;N?úo H?í Controle;Comercial;0;0;2;1;0;0;0;1;0;0;0;0;-3,796140000000000;-38,593760000000000
258429;22;10;2015;09:10;25033;AV BEZERRA DE MENEZES;RUA ANTONINA DO NORTE;;0;;Colis?úo Traseira;Luz do Dia;Bom;Seca;T;N?úo H?í Controle;Comercial;0;0;2;0;1;0;0;0;0;0;0;0;-3,733440000000000;-38,553697000000000
258426;22;10;2015;12:00;0;AV BENJAMIM BRASIL;;;1600;;Colis?úo Traseira;Luz do Dia;Bom;Seca;Meio de Quadra;N?úo H?í Controle;Residencial;0;1;1;1;0;0;0;0;0;1;0;0;-3,806326000000000;-38,562544000000000
258463;22;10;2015;18:30;0;AV SGT HERMINIO SAMPAIO;;;2330;;Colis?úo Traseira;Mal Iluminada;Bom;Seca;Meio de Quadra;Sem?íforo;Residencial;0;0;3;1;0;0;0;0;0;0;0;0;-3,726602000000000;-38,561788000000000
258433;23;10;2015;08:30;0;RUA JOSE MOREIRA;;;373;;Colis?úo Lateral;Luz do Dia;Bom;Seca;Meio de Quadra;;Comercial;0;0;3;1;1;0;0;0;0;0;0;0;;
258445;23;10;2015;01:30;0;AV JOSE BASTOS;;;2550;;Choque c/ Obst?ículo Fixo;Via Iluminada;Bom;Seca;Meio de Quadra;N?úo H?í Controle;Comercial;0;1;2;1;0;0;0;0;0;0;0;0;-3,743709000000000;-38,544283000000000
258446;23;10;2015;21:30;15320;RUA ANA BILHAR;RUA CEL LINHARES;;0;;Colis?úo Transversal;;;;Cruz;Pare;Residencial;0;0;2;1;0;0;0;0;0;0;0;0;-3,730568000000000;-38,492228000000000
258438;23;10;2015;18:40;0;AV WENEFRIDO MELO;;;268;;Colis?úo Lateral;Via Iluminada;Bom;Seca;Meio de Quadra;N?úo H?í Controle;Residencial;0;0;2;1;0;0;1;0;0;0;0;0;-3,809821000000000;-38,576854000000000
258439;23;10;2015;;10464;AV I CJ CEARA;RUA SAO JOAO D34 (BONSUCESSO);;0;;Colis?úo Lateral;Luz do Dia;Bom;Seca;Cruz;Pare;Comercial;0;0;3;1;0;0;0;0;0;0;0;0;-3,770213000000000;-38,597538000000000