COD_ACIDENTE;DIA;MES;ANO;HORA;INTERSECAO;LOG1;LOG2;LOG3;NUMERO;REFERENCIA;NATUREZA;ILUMINACAO;TEMPO;SUPERFICIEPISTA;TIPOCRUZAMENTO;CONTROLETRAFEGO;USOSOLO;MORTOS;FERIDOS;ILESOS;AUTOMOVEL;ONIBUS;BICICLETA;CAMINHAO;MICROONIBUS;CICLOMOTOR;MOTOCICLETA;TRACAOANIMAL;TREM;LATITUDE;LONGITUDE
258435;23;10;2015;13:10;1437;RUA SILVA PAULET;RUA JOAO CARVALHO;;0;;Colis?úo Lateral;Luz do Dia;Bom;Seca;Cruz;Pare;Comercial;0;0;2;1;0;0;0;0;0;0;0;0;-3,737966000000000;-38,506557000000000
258436;23;10;2015;12:19;1716;AV GOV RAUL BARBOSA;RUA CAP ARAGAO;;0;;Colis?úo Lateral;Luz do Dia;Bom;Seca;Cruz;Sem?íforo;Residencial;0;1;1;0;0;1;0;0;0;1;0;0;-3,763977000000000;-38,508802000000000
258441;23;10;2015;08:50;15357;RUA LEONARDO MOTA;RUA PEREIRA VALENTE;;0;;Atropelamento;Luz do Dia;Bom;Seca;Cruz;Pare;Misto;1;1;0;1;0;0;0;0;0;0;0;0;-3,732885000000000;-38,495134000000000
258442;23;10;2015;20:00;0;AV N CJ JOSE WALTER;;;0;;Colis?úo Lateral;Via Iluminada;Bom;Seca;Meio de Quadra;Sem?íforo;Residencial;0;2;1;1;0;0;0;0;0;0;0;0;;
258458;23;10;2015;10:30;0;AV BEZERRA DE MENEZES;;;2495;;Colis?úo Lateral;Luz do Dia;Bom;Seca;Meio de Quadra;N?úo H?í Controle;Comercial;0;0;2;1;0;0;0;0;0;0;0;0;-3,736168000000000;-38,566827000000000
258459;23;10;2015;16:20;25150;RUA JOAQUIM NABUCO;RUA ISAC AMARAL;;0;;Colis?úo Transversal;Luz do Dia;Bom;Seca;Cruz;Sem?íforo;Misto;0;1;1;1;0;0;0;0;0;1;0;0;-3,752218000000000;-38,506752000000000
258462;23;10;2015;16:30;1287;RUA PINTO MADEIRA;RUA BAR ARACATI;;0;;Colis?úo Transversal;Via Iluminada;Bom;Seca;Cruz;Pare;Residencial;0;2;1;1;0;0;0;0;0;1;0;0;-3,733944000000000;-38,512278000000000
265955;23;10;2015;04:23;0;AV GODOFREDO MACIEL;;;0;;Colis?úo;;;;Meio de Quadra;;;0;0;2;1;0;0;0;0;0;0;0;0;;
265960;23;10;2015;09:15;0;RUA URUCUTUBA;;;0;;Colis?úo;Luz do Dia;;;Meio de Quadra;;;0;0;2;1;0;0;0;0;0;0;0;0;;
268946;23;10;2015;18:32;0;RUA PDE VALDEVINO;;;0;;Queda;;;;Meio de Quadra;;;0;1;0;0;0;0;0;0;0;1;0;0;-3,740946000000000;-38,511081000000000
268949;23;10;2015;19:49;0;RUA PDE FRANCISCO PITA;;;0;;Colis?úo;;;;Meio de Quadra;;;0;1;1;1;0;0;0;0;0;1;0;0;-3,780389000000000;-38,503709000000000
268951;23;10;2015;23:34;12805;RUA EDITE BRAGA;RUA DELMIRO FARIAS;;0;;Colis?úo;;;;Cruz;Pare;Rural;0;1;0;0;0;0;0;0;0;0;0;0;-3,754669000000000;-38,542547000000000
268930;23;10;2015;13:11;0;AV C CJ CEARA;;;0;;Colis?úo;Luz do Dia;;;Meio de Quadra;;;0;1;0;0;0;0;0;0;0;1;0;0;;
268932;23;10;2015;13:48;0;AV F CJ JOSE WALTER;;;0;;Atropelamento;Luz do Dia;;;Meio de Quadra;;;0;1;1;1;0;0;0;0;0;0;0;0;-3,834765000000000;-38,560649000000000
268917;23;10;2015;09:17;0;RUA JULIO SILVA;;;0;;Queda;Luz do Dia;;;Meio de Quadra;;;0;1;0;0;0;0;0;0;0;1;0;0;;
268919;23;10;2015;09:47;0;AV CASTELO DE CASTRO;;;0;;Colis?úo;Luz do Dia;;;Meio de Quadra;;;0;1;1;1;0;0;0;0;0;1;0;0;;
268926;23;10;2015;12:20;1716;AV GOV RAUL BARBOSA;AV GAL MURILO BORGES;;0;;Colis?úo;Luz do Dia;;;Cruz;Sem?íforo;Residencial;0;1;0;0;0;0;0;0;0;0;0;0;-3,763977000000000;-38,508802000000000
268887;23;10;2015;07:07;0;RUA ERETIDES MARTINS;;;0;;Atropelamento;Luz do Dia;;;Meio de Quadra;;;0;1;1;1;0;0;0;0;0;0;0;0;;
268888;23;10;2015;07:21;0;RUA AZEVEDO BOLAO;;;0;;Colis?úo;Luz do Dia;;;Meio de Quadra;;;0;1;1;1;0;0;0;0;0;1;0;0;;
268882;23;10;2015;06:26;0;AV PERIMETRAL;;;0;;Colis?úo;Luz do Dia;;;Meio de Quadra;;;0;1;0;0;0;0;0;0;0;0;0;0;;
268883;23;10;2015;07:01;18085;RUA PAULO MENDES;RUA PIN ANTONIO BANDEIRA;;0;;Colis?úo;Luz do Dia;;;;;;0;1;1;0;0;0;1;0;0;1;0;0;-3,742978000000000;-38,454903000000000
259325;23;10;2015;06:30;0;RD BR 116;;;5000;KM-05;Colis?úo Traseira;Luz do Dia;Bom;Seca;Meio de Quadra;N?úo H?í Controle;Comercial;0;0;2;1;0;0;0;0;0;0;0;0;-3,796502000000000;-38,506787000000000
271873;23;10;2015;11:05;0;RUA ALBERTO DE OLIVEIRA;;;0;;Colis?úo;Luz do Dia;;;Meio de Quadra;;;0;0;2;0;0;0;0;0;0;0;0;0;;
271879;23;10;2015;20:14;0;RUA SAO FELIPE D71;;;0;;Colis?úo;;;;Meio de Quadra;;;0;0;2;0;0;0;0;0;0;0;0;0;;
271876;23;10;2015;16:06;0;LOGRADOURO SEM NOME;;;0;;Atropelamento;Luz do Dia;;;Meio de Quadra;;;0;0;2;0;0;0;0;0;0;0;0;0;;
268869;23;10;2015;00:37;0;RUA JORGE DUMAR;;;0;;Colis?úo;;;;Meio de Quadra;;;0;1;0;0;0;0;0;0;0;0;0;0;-3,754044000000000;-38,539682000000000
268870;23;10;2015;00:59;0;AV JOSE BASTOS;;;0;;Colis?úo;;;;Meio de Quadra;;;0;1;0;1;0;0;0;0;0;0;0;0;-3,743709000000000;-38,544283000000000
268871;23;10;2015;06:04;0;AV PERIMETRAL;;;0;;Colis?úo;Luz do Dia;;;Meio de Quadra;;;0;1;0;0;0;0;0;0;0;1;0;0;;
258473;23;10;2015;07:50;23443;RUA MON SALAZAR;RUA BARROS LEAL;;0;;Colis?úo Transversal;Luz do Dia;Bom;Seca;Cruz;Pare;Residencial;0;0;2;1;0;0;0;0;0;0;0;0;-3,756583000000000;-38,518728000000000
258475;23;10;2015;07:00;19695;RUA AZEVEDO BOLAO;RUA CRUZ SALDANHA;;0;;Colis?úo Transversal;Luz do Dia;Bom;Seca;Cruz;N?úo H?í Controle;Residencial;0;1;1;1;0;0;0;0;0;1;0;0;-3,735858000000000;-38,553848000000000
258477;23;10;2015;21:15;12672;AV MAJ ASSIS;RUA ANA BATISTA;;0;;Colis?úo Frontal;Via Iluminada;Bom;Seca;Cruz;;Residencial;0;1;1;1;0;0;0;0;0;1;0;0;;
258478;23;10;2015;15:10;83;RUA PDE PERDIGAO SAMPAIO;RUA SAO VICENTE DE PAULA D29;;0;;Colis?úo Lateral;;Bom;Seca;Cruz;Pare;Misto;0;0;2;0;0;0;1;0;0;0;0;0;-3,738729000000000;-38,594827000000000
258479;23;10;2015;07:20;1491;RUA CEL LINHARES;RUA EDUARDO GARCIA;;0;;Colis?úo Lateral;Luz do Dia;Bom;Seca;Cruz;D?¬ Prefer?¬ncia;Residencial;0;0;2;1;0;0;0;0;0;0;0;0;-3,739480000000000;-38,495077000000000
258480;23;10;2015;05:40;15804;RUA ANTONINO BARROS;RUA PERGENTINO MAIA;;0;;Colis?úo Transversal;Luz do Dia;Bom;Seca;Cruz;Pare;Comercial;0;1;1;1;0;0;0;0;1;0;0;0;-3,831390000000000;-38,488977000000000
258491;23;10;2015;06:20;0;RUA CEL MATOS DOURADO;;;0;;Colis?úo Traseira;Luz do Dia;Bom;Seca;Meio de Quadra;D?¬ Prefer?¬ncia;Comercial;0;0;2;1;1;0;0;0;0;0;0;0;;
258493;23;10;2015;18:00;7760;AV ANTONIO SALES;RUA SILVA PAULET;;0;;Colis?úo Lateral;Via Iluminada;Bom;Seca;Cruz;Pare;Outros;0;0;2;1;0;0;0;0;0;0;0;0;-3,743595000000000;-38,508383000000000
258489;23;10;2015;13:07;7863;RUA BARBOSA DE FREITAS;RUA ARAQUEM SILVA;;0;;Colis?úo Traseira;Luz do Dia;Bom;Seca;T;Pare;Comercial;0;0;2;1;0;0;1;0;0;0;0;0;-3,750367000000000;-38,501779000000000
258487;23;10;2015;11:00;0;AV VICENTE DE CASTRO;;;6270;;Colis?úo Transversal;Luz do Dia;Bom;Seca;Meio de Quadra;;;0;0;2;1;0;0;0;0;0;0;0;0;-3,710455000000000;-38,471858000000000
258499;23;10;2015;18:02;5371;RUA VINTE E QUATRO DE MAIO;RUA GAL CLARINDO DE QUEIROZ;;0;;Colis?úo;Mal Iluminada;Bom;Seca;Cruz;Pare;Comercial;0;0;2;1;1;0;0;0;0;0;0;0;-3,731621000000000;-38,533532000000000
258500;23;10;2015;08:00;10749;AV SEN FERNANDES TAVORA;RUA PRO HERIBALDO COSTA;;0;;Colis?úo Transversal;Luz do Dia;Bom;Seca;Cruz;Sem?íforo;Comercial;0;1;1;0;1;0;0;0;0;1;0;0;-3,761006000000000;-38,584384000000000
258501;23;10;2015;12:35;20042;AV DEP PAULINO ROCHA;AV PRS JUSCELINO KUBITSCHEK (PASSAR?ë);;0;;Colis?úo Lateral;Luz do Dia;Bom;Seca;Rotat??ria;N?úo H?í Controle;Outros;0;0;2;1;0;0;0;0;0;0;0;0;-3,807229000000000;-38,524782000000000
258496;23;10;2015;19:00;5723;AV OLIVEIRA PAIVA;RUA MON ANTERO;;0;;Colis?úo Transversal;Via Iluminada;Bom;Seca;T;Sem?íforo;Comercial;0;0;2;1;1;0;0;0;0;0;0;0;-3,795604000000000;-38,493198000000000
258497;23;10;2015;12:15;3332;RUA VIRIATO RIBEIRO;RUA OSCAR LOPES;;0;;Colis?úo Transversal;Luz do Dia;Bom;Seca;Cruz;Pare;Residencial;0;0;2;1;0;0;1;0;0;0;0;0;-3,749188000000000;-38,562331000000000
258504;23;10;2015;10:50;0;AV PRS JUSCELINO KUBITSCHEK (PASSAR?ë);;;4219;;Colis?úo Traseira;Luz do Dia;Bom;Seca;Meio de Quadra;N?úo H?í Controle;Residencial;0;0;2;1;0;0;0;0;0;0;0;0;-3,817937000000000;-38,532816000000000
258509;23;10;2015;15:30;0;AV AGUANAMBI;;;795;;Colis?úo Traseira;Luz do Dia;Bom;Seca;Meio de Quadra;N?úo H?í Controle;Comercial;0;0;2;1;0;0;0;0;0;0;0;0;-3,742903000000000;-38,525809000000000
258510;23;10;2015;21:15;0;RUA PDE PERDIGAO SAMPAIO;;;249;;Colis?úo Transversal;Via Iluminada;Bom;Seca;Meio de Quadra;N?úo H?í Controle;Residencial;0;0;2;1;0;0;0;0;0;0;0;0;-3,737947000000000;-38,594936000000000
258506;23;10;2015;08:30;0;RUA CEL ZACARIAS J FRANCA;;;500;;Colis?úo Transversal;Luz do Dia;Bom;Seca;Meio de Quadra;N?úo H?í Controle;Residencial;0;1;1;1;0;0;0;0;0;1;0;0;-3,806716000000000;-38,506044000000000
260145;23;10;2015;07:30;0;RD CE-025;;;0;KM-01;Colis?úo;Luz do Dia;;Seca;Meio de Quadra;;;0;0;2;0;0;0;1;0;0;0;0;0;-3,807681000000000;-38,470976000000000
260146;23;10;2015;09:20;0;RD CE-040;;;0;KM-06;Colis?úo;Luz do Dia;;Seca;Meio de Quadra;;;0;0;2;0;1;0;0;0;0;0;0;0;-3,811270000000000;-38,478781000000000
260156;23;10;2015;18:30;0;RD CE-040;;;0;KM-12;Colis?úo;Via Iluminada;;Seca;Meio de Quadra;;;0;0;2;0;0;0;0;0;0;0;0;0;-3,848945000000000;-38,476237000000000
260151;23;10;2015;15:42;0;RD CE-040;;;0;KM-06;Colis?úo;Luz do Dia;;Seca;Meio de Quadra;;;0;0;2;1;0;0;0;0;0;1;0;0;-3,811270000000000;-38,478781000000000
260592;24;10;2015;;22081;RUA CAP FRANCISCO PEDRO;RUA GUSTAVO BRAGA;;0;;Colis?úo Transversal;Luz do Dia;Bom;Seca;Cruz;Pare;Residencial;0;1;1;1;0;0;0;0;0;0;0;0;-3,751155000000000;-38,552452000000000
260655;24;10;2015;;9198;RUA BAR ARATANHA;RUA COSTA ARAUJO;;0;;Colis?úo Lateral;Via Iluminada;Bom;Seca;Cruz;Pare;Comercial;0;1;1;1;0;0;0;0;0;1;0;0;-3,746946000000000;-38,531099000000000
260641;24;10;2015;09:20;0;AV ALM HENRIQUE SABOIA;;;1300;TERMINAL DO PAPICU;Colis?úo Traseira;Luz do Dia;Bom;Seca;Meio de Quadra;Pare;Comercial;0;1;1;1;0;0;0;0;1;0;0;0;-3,737974000000000;-38,485940000000000
260642;24;10;2015;12:15;0;RUA JOSE MOREIRA;;;0;;Colis?úo Lateral;Luz do Dia;Bom;Seca;Meio de Quadra;N?úo H?í Controle;Comercial;0;1;1;1;0;0;0;0;0;1;0;0;;
260649;24;10;2015;15:30;1437;RUA SILVA PAULET;RUA JOAO CARVALHO;;0;;Colis?úo Transversal;Luz do Dia;Bom;Seca;Cruz;Pare;Comercial;0;0;2;1;0;0;0;0;0;0;0;0;-3,737966000000000;-38,506557000000000
260620;24;10;2015;16:30;19696;RUA GUSTAVO SAMPAIO;RUA DOM JOSE LOURENCO  D27;;0;;Colis?úo Transversal;;Bom;Seca;Cruz;Pare;Comercial;0;0;2;1;0;0;0;0;0;0;0;0;-3,735880000000000;-38,559501000000000
260604;24;10;2015;07:20;18098;AV DIOGUINHO;RUA JOAO NOGUEIRA BORGES;;0;;Colis?úo Traseira;Luz do Dia;Bom;Seca;Cruz;N?úo H?í Controle;Lazer;0;4;2;0;1;0;0;0;0;0;0;0;-3,745029000000000;-38,451477000000000
260605;24;10;2015;02:30;18282;RUA TREMEMBES;RUA TABAJARAS;;0;;Atropelamento;Via Iluminada;Bom;Seca;T;Pare;Comercial;0;1;1;1;0;0;0;0;0;0;0;0;-3,719381000000000;-38,515945000000000
260618;24;10;2015;11:30;0;AV FRE CIRILO;;;4735;;Colis?úo Lateral;Luz do Dia;Bom;Seca;Meio de Quadra;Pare;Residencial;0;1;1;1;0;0;0;0;0;1;0;0;-3,825342000000000;-38,493926000000000
260639;24;10;2015;07:50;19313;RUA GERMANO FRANCK;RUA CON LIMA SUCUPIRA;;0;;Colis?úo Lateral;Luz do Dia;Bom;Seca;Cruz;Pare;Residencial;0;0;2;1;0;0;0;0;0;0;0;0;-3,775196000000000;-38,559584000000000
260610;24;10;2015;10:00;5343;AV BEZERRA DE MENEZES;RUA PDE IBIAPINA;;0;;Colis?úo Lateral;Luz do Dia;Nublado;Seca;Cruz;Sem?íforo;Comercial;0;0;2;1;0;0;0;0;0;0;0;0;-3,730548000000000;-38,539973000000000
260611;24;10;2015;09:00;0;AV JOR THOMAZ COELHO;;;0;;Colis?úo;Luz do Dia;Bom;Seca;Meio de Quadra;Outros;Residencial;0;0;2;1;1;0;0;0;0;0;0;0;;
260612;24;10;2015;03:00;0;RUA BETEL;;;1119;;Choque c/ Obst?ículo Fixo;Amanhecer;Bom;Seca;Meio de Quadra;Outros;Residencial;0;0;1;0;0;0;0;0;0;0;0;0;-3,788207000000000;-38,550993000000000
260602;24;10;2015;16:00;23514;RUA ANA GONCALVES;RUA CAP MELO;;0;;Colis?úo Lateral;Luz do Dia;Bom;Seca;Cruz;Pare;Residencial;0;1;1;1;0;0;0;0;0;1;0;0;-3,759519000000000;-38,512491000000000
260600;24;10;2015;14:20;0;AV GAL OSORIO DE PAIVA;;;0;;Colis?úo Traseira;Luz do Dia;Bom;Seca;Meio de Quadra;N?úo H?í Controle;Comercial;0;0;2;1;1;0;0;0;0;0;0;0;;
260598;24;10;2015;02:10;25231;AV PRS COSTA E SILVA;AV I CJ JOSE WALTER;;0;;Choque c/ Obst?ículo Fixo;Via Iluminada;Bom;Seca;T;N?úo H?í Controle;Residencial;0;1;0;1;0;0;0;0;0;0;0;0;-3,823494000000000;-38,550232000000000
260583;24;10;2015;16:40;1351;RUA DES LEITE ALBUQUERQUE;RUA TIBURCIO CAVALCANTE;;0;;Colis?úo Transversal;Luz do Dia;Bom;Seca;Cruz;Pare;Residencial;0;0;2;1;0;0;0;0;0;0;0;0;-3,735956000000000;-38,502587000000000
260584;24;10;2015;06:00;0;RUA DA PAZ;;;0;;Choque c/ Obst?ículo Fixo;Luz do Dia;Bom;Seca;Meio de Quadra;N?úo H?í Controle;Residencial;0;0;1;1;0;0;0;0;0;0;0;0;;
260595;24;10;2015;09:10;12847;RUA SALDANHA MARINHO;RUA MAJ FACUNDO;;0;;Colis?úo Transversal;;Bom;Seca;Cruz;Pare;Residencial;0;1;1;0;0;0;0;0;0;1;0;0;-3,741916000000000;-38,532454000000000
271890;24;10;2015;11:32;0;AV DOS EXPEDICIONARIOS;;;0;;Colis?úo;Luz do Dia;;;Meio de Quadra;;;0;0;2;0;0;0;0;0;0;0;0;0;;
271891;24;10;2015;11:33;21579;RUA COM GARCIA;RUA AGAMENON;;0;;Colis?úo;Luz do Dia;;;Cruz;Pare;Residencial;0;0;2;0;0;0;0;0;0;0;0;0;-3,794234000000000;-38,584177000000000
271883;24;10;2015;10:09;0;AV MIGUEL DIAS;;;0;;Colis?úo;Luz do Dia;;;Meio de Quadra;;;0;0;2;0;0;0;0;0;0;0;0;0;;
271888;24;10;2015;11:17;0;RUA VERBENA;;;0;;Colis?úo;Luz do Dia;;;Meio de Quadra;;;0;0;2;0;0;0;0;0;0;0;0;0;;
271901;24;10;2015;12:53;0;RUA ASP MENDES;;;0;;Colis?úo;Luz do Dia;;;Meio de Quadra;;;0;0;2;0;0;0;0;0;0;0;0;0;;
271908;24;10;2015;15:16;0;RUA DR RIBAMAR LOBO;;;0;;Colis?úo;Luz do Dia;;;Meio de Quadra;;;0;0;2;0;0;0;0;0;0;0;0;0;;
271910;24;10;2015;16:18;0;AV PRS JUSCELINO KUBITSCHEK (PASSAR?ë);;;0;;Colis?úo;Luz do Dia;;;Meio de Quadra;;;0;0;2;0;0;0;0;0;0;0;0;0;;
271904;24;10;2015;13:23;0;RUA CORREIA LIMA D39;;;0;;Capotamento;Luz do Dia;;;Meio de Quadra;;;0;0;1;0;0;0;0;0;0;0;0;0;;
271898;24;10;2015;12:43;17312;RUA ALAN KARDEC;RUA EDITE BRAGA;;0;;Atropelamento;Luz do Dia;;;;;;0;0;2;0;0;0;0;0;0;0;0;0;-3,764281000000000;-38,550631000000000
271894;24;10;2015;12:30;17347;RUA ALBERTO MAGNO;RUA IRM BAZET;;0;;Colis?úo;Luz do Dia;;;Cruz;Pare;Comercial;0;0;2;0;0;0;0;0;0;0;0;0;-3,765502000000000;-38,550525000000000
271922;24;10;2015;17:25;0;RUA JOSE TORRES;;;0;;Colis?úo;Anoitecer;;;Meio de Quadra;;;0;0;2;0;0;0;0;0;0;0;0;0;;
271912;24;10;2015;16:20;0;AV I CJ CEARA;;;0;;Colis?úo;Luz do Dia;;;Meio de Quadra;;;0;0;2;0;0;0;0;0;0;0;0;0;;
271916;24;10;2015;16:36;18387;AV SGT HERMINIO SAMPAIO;AV OLAVO BILAC;;0;;Colis?úo;Luz do Dia;;;Cruz;Sem?íforo;Residencial;0;0;2;0;0;0;0;0;0;0;0;0;-3,727179000000000;-38,565080000000000
271919;24;10;2015;17:19;0;RUA MOURA MATOS;;;0;;Colis?úo;Anoitecer;;;Meio de Quadra;;;0;0;2;0;0;0;0;0;0;0;0;0;;
271920;24;10;2015;17:22;0;AV CENTRAL;;;0;;Atropelamento;Anoitecer;;;Meio de Quadra;;;0;0;2;0;0;0;0;0;0;0;0;0;;
271942;24;10;2015;17:40;0;AV A CJ CEARA;;;0;;Colis?úo;Anoitecer;;;Meio de Quadra;;;0;0;2;0;0;0;0;0;0;0;0;0;;
271932;24;10;2015;17:34;0;RUA DOS PRACINHAS;;;0;;Colis?úo;Anoitecer;;;Meio de Quadra;;;0;0;2;0;0;0;0;0;0;0;0;0;;
271929;24;10;2015;17:29;0;AV PAROARAS;;;0;;Colis?úo;Anoitecer;;;Meio de Quadra;;;0;0;2;0;0;0;0;0;0;0;0;0;;
271955;24;10;2015;18:29;20145;RUA PRO JOSE SILVEIRA;RUA POMPILIO GOMES;;0;;Colis?úo;Anoitecer;;;Cruz;Pare;Residencial;0;0;2;0;0;0;0;0;0;0;0;0;-3,811008000000000;-38,519895000000000
271959;24;10;2015;18:32;0;AV ROGACIANO LEITE;;;0;;Colis?úo;;;;Meio de Quadra;;;0;0;2;0;0;0;0;0;0;0;0;0;;
271960;24;10;2015;18:32;19561;AV GODOFREDO MACIEL;RUA ANTONIO BANDEIRA D41;;0;;Colis?úo;;;;Cruz;Sem?íforo;Misto;0;0;2;0;0;0;0;0;0;0;0;0;-3,783278000000000;-38,565838000000000
271966;24;10;2015;19:07;0;AV FRE CIRILO;;;0;;Colis?úo;;;;Meio de Quadra;;;0;0;2;0;0;0;0;0;0;0;0;0;;
271970;24;10;2015;19:17;22194;AV SGT HERMINIO SAMPAIO;RUA ERETIDES MARTINS;;0;;Colis?úo;;;;Cruz;Sem?íforo;Comercial;0;0;2;0;0;0;0;0;0;0;0;0;-3,726371000000000;-38,560489000000000
271974;24;10;2015;19:30;5881;RUA 1133 CJ CEARA;AV J CJ CEARA;;0;;Atropelamento;;;;;N?úo H?í Controle;Residencial;0;0;2;0;0;0;0;0;0;0;0;0;-3,759464000000000;-38,612587000000000
271975;24;10;2015;19:32;0;AV GODOFREDO MACIEL;;;0;;Choque c/ Obst?ículo Fixo;;;;Meio de Quadra;;;0;0;1;0;0;0;0;0;0;0;0;0;;
271976;24;10;2015;19:33;0;AV DR SILAS MUNGUBA;;;0;;Colis?úo;;;;Meio de Quadra;;;0;0;2;0;0;0;0;0;0;0;0;0;;
271963;24;10;2015;18:38;0;RUA CANDIDO MAIA;;;0;;Colis?úo;;;;Meio de Quadra;;;0;0;2;0;0;0;0;0;0;0;0;0;;
271980;24;10;2015;19:39;0;AV SEN VIRGILIO TAVORA;;;0;;Colis?úo;;;;Meio de Quadra;;;0;0;2;0;0;0;0;0;0;0;0;0;;
272053;24;10;2015;23:47;1566;RUA SILVA PAULET;RUA PDE VALDEVINO;;0;;Colis?úo;;;;Cruz;Pare;Comercial;0;0;2;0;0;0;0;0;0;0;0;0;-3,741957000000000;-38,507851000000000
272055;24;10;2015;23:50;25210;RUA FRE MANSUETO;AV BEIRA MAR;;0;;Colis?úo;;;;T;Pare;Residencial;0;0;2;0;0;0;0;0;0;0;0;0;-3,724071000000000;-38,489755000000000
272056;24;10;2015;23:59;18940;RUA OSCARITO;RUA CANGURU;;0;;Colis?úo;;;;;;;0;0;2;0;0;0;0;0;0;0;0;0;-3,848066000000000;-38,526332000000000
272042;24;10;2015;23:04;0;RUA JOAQUIM LEITAO;;;0;;Colis?úo;;;;Meio de Quadra;;;0;0;2;0;0;0;0;0;0;0;0;0;;
272038;24;10;2015;21:55;1322;AV DOM LUIS;RUA VICENTE LEITE;;0;;Capotamento;;;;Cruz;Sem?íforo;Comercial;0;0;1;0;0;0;0;0;0;0;0;0;-3,734197000000000;-38,494467000000000
272040;24;10;2015;21:56;0;RUA ESV PINHEIRO;;;0;;Colis?úo;;;;Meio de Quadra;;;0;0;2;0;0;0;0;0;0;0;0;0;;
272034;24;10;2015;21:52;0;AV AGUANAMBI;;;0;;Colis?úo;;;;Meio de Quadra;;;0;0;2;0;0;0;0;0;0;0;0;0;;
272030;24;10;2015;20:45;0;LOGRADOURO SEM NOME;;;0;;Choque c/ Obst?ículo Fixo;;;;Meio de Quadra;;;0;0;2;0;0;0;0;0;0;0;0;0;;
272028;24;10;2015;20:40;0;RUA PORTO VELHO;;;0;;Choque c/ Obst?ículo Fixo;;;;Meio de Quadra;;;0;0;1;0;0;0;0;0;0;0;0;0;;
272023;24;10;2015;20:24;1292;RUA MARCOS MACEDO;AV DES MOREIRA;;0;;Colis?úo;;;;Cruz;;Comercial;0;0;2;0;0;0;0;0;0;0;0;0;-3,734244000000000;-38,497711000000000
272016;24;10;2015;19:56;0;RUA GERMANO FRANCK;;;0;;Colis?úo;;;;Meio de Quadra;;;0;0;2;0;0;0;0;0;0;0;0;0;;
272005;24;10;2015;19:55;0;AV PRS CASTELO BRANCO;;;0;;Colis?úo;;;;Meio de Quadra;;;0;0;2;0;0;0;0;0;0;0;0;0;;
271987;24;10;2015;19:45;0;RUA DOS PRACINHAS;;;0;;Colis?úo;;;;;;;0;0;2;0;0;0;0;0;0;0;0;0;;
271988;24;10;2015;19:47;0;AV DA UNIVERSIDADE;;;0;;Colis?úo;;;;Meio de Quadra;;;0;0;2;0;0;0;0;0;0;0;0;0;;
271983;24;10;2015;19:41;0;RUA AFONSO LOPES;;;0;;Colis?úo;;;;Meio de Quadra;;;0;0;2;0;0;0;0;0;0;0;0;0;;
271992;24;10;2015;19:52;0;AV EDUARDO GIRAO;;;0;;Colis?úo;;;;Meio de Quadra;;;0;0;2;0;0;0;0;0;0;0;0;0;;
272020;24;10;2015;20:20;0;AV 13 DE MAIO;;;0;;Colis?úo;;;;Meio de Quadra;;;0;0;2;0;0;0;0;0;0;0;0;0;;
259326;24;10;2015;16:00;0;RD BR 116;;;4000;KM-04;Colis?úo Traseira;Luz do Dia;Bom;Seca;Meio de Quadra;N?úo H?í Controle;Comercial;0;1;1;1;0;0;0;0;0;0;0;0;-3,788331000000000;-38,510646000000000
259344;24;10;2015;18:15;0;RD BR 222;;;0;KM-01;Atropelamento;Anoitecer;;;Meio de Quadra;;;0;1;3;1;0;0;0;0;0;0;0;0;-3,737774000000000;-38,577952000000000
268954;24;10;2015;02:11;0;RUA BARRA NOVA;;;0;;Queda;;;;Meio de Quadra;;;0;1;0;0;0;0;0;0;0;1;0;0;-3,783149000000000;-38,505265000000000
268989;24;10;2015;10:13;0;RUA ELCIAS LOPES;;;0;;Colis?úo;Luz do Dia;;;Meio de Quadra;;;0;1;0;0;0;0;0;0;0;0;0;0;-3,771071000000000;-38,555763000000000
268990;24;10;2015;11:10;2300;RUA CAUBI;RUA DOMINGOS DA VEIGA;;0;;Colis?úo;Luz do Dia;;;;;;0;1;0;0;0;0;0;0;0;1;0;0;-3,703420000000000;-38,577892000000000
269132;24;10;2015;20:03;0;AV SEN FERNANDES TAVORA;;;0;;Colis?úo;;;;Meio de Quadra;;;0;1;0;0;0;0;0;0;0;1;0;0;;
269133;24;10;2015;20:15;0;AV PRS COSTA E SILVA;;;0;;Colis?úo;;;;Meio de Quadra;;;0;1;0;0;0;0;0;0;0;0;0;0;;
269134;24;10;2015;20:17;0;RUA JOSE ALEXANDRE D20;;;0;;Colis?úo;;;;Meio de Quadra;;;0;1;1;1;0;0;0;0;0;1;0;0;;
269140;24;10;2015;20:23;0;AV SGT HERMINIO SAMPAIO;;;0;;Colis?úo;;;;Meio de Quadra;;;0;1;1;1;0;0;0;0;0;1;0;0;;
269130;24;10;2015;19:22;5627;AV ROGACIANO LEITE;AV JOSE LEON;;0;;Queda;Anoitecer;;;Cruz;Sem?íforo;Comercial;0;1;0;0;0;0;0;0;0;1;0;0;-3,787355000000000;-38,503527000000000
269145;24;10;2015;21:24;25328;RUA PORTO VELHO;RUA TUPI D35;;0;;Colis?úo;;;;;N?úo H?í Controle;Misto;0;1;0;0;0;0;0;0;0;0;0;0;-3,768111000000000;-38,583018000000000
269142;24;10;2015;21:08;22127;RUA GUSTAVO BRAGA;RUA MAJ PEDRO SAMPAIO;;0;;Colis?úo;;;;Cruz;Pare;Residencial;0;1;0;0;0;0;0;0;0;0;0;0;-3,748479000000000;-38,555389000000000