COD_ACIDENTE;DIA;MES;ANO;HORA;INTERSECAO;LOG1;LOG2;LOG3;NUMERO;REFERENCIA;NATUREZA;ILUMINACAO;TEMPO;SUPERFICIEPISTA;TIPOCRUZAMENTO;CONTROLETRAFEGO;USOSOLO;MORTOS;FERIDOS;ILESOS;AUTOMOVEL;ONIBUS;BICICLETA;CAMINHAO;MICROONIBUS;CICLOMOTOR;MOTOCICLETA;TRACAOANIMAL;TREM;LATITUDE;LONGITUDE
269116;24;10;2015;16:41;0;RUA BIAS MENDES;;;0;;Colis?úo;Luz do Dia;;;Meio de Quadra;;;0;1;1;1;0;0;0;0;0;1;0;0;;
269124;24;10;2015;17:50;20140;RUA SAO CIPRIANO;RUA PRO JOSE SILVEIRA;;0;;Colis?úo;Anoitecer;;;;;;0;1;1;1;0;0;0;0;0;1;0;0;-3,810755000000000;-38,520784000000000
269119;24;10;2015;17:02;0;RUA MOURA MATOS;;;0;;Colis?úo;Anoitecer;;;Meio de Quadra;;;0;1;0;0;0;0;0;0;0;1;0;0;-3,813925000000000;-38,541870000000000
269121;24;10;2015;17:06;0;RUA JUSTINIANO DE SERPA;;;0;;Colis?úo;Anoitecer;;;Meio de Quadra;;;0;1;1;1;0;0;0;0;0;1;0;0;-3,737297000000000;-38,541565000000000
269074;24;10;2015;15:53;0;AV MAE LISBOA;;;0;;Colis?úo;Luz do Dia;;;Meio de Quadra;;;0;1;1;1;0;0;0;0;0;1;0;0;;
269072;24;10;2015;14:54;0;RUA SEN POMPEU;;;0;;Colis?úo;Luz do Dia;;;Meio de Quadra;;;0;1;1;1;0;0;0;0;0;1;0;0;;
269066;24;10;2015;11:40;0;AV MOZART PINHEIRO DE LUCENA;;;0;;Colis?úo;Luz do Dia;;;Meio de Quadra;;;0;1;1;1;0;0;0;0;0;1;0;0;;
269016;24;10;2015;03:00;0;AV CEL CARVALHO;;;115;;Queda;Amanhecer;;;Meio de Quadra;;;1;0;0;0;0;0;0;0;0;1;0;0;-3,703972000000000;-38,591419000000000
269030;24;10;2015;17:35;1654;AV SEN VIRGILIO TAVORA;RUA BENI DE CARVALHO;;0;;Colis?úo;Anoitecer;;;Cruz;Sem?íforo;Comercial;0;2;0;1;0;0;0;0;0;1;0;0;-3,744098000000000;-38,500877000000000
269019;24;10;2015;10:00;6059;RUA MIN ALBUQUERQUE LIMA;AV C CJ CEARA;;0;;Colis?úo;Luz do Dia;;;Com Via F?®rrea;Pare;Comercial;0;1;0;1;0;0;0;0;0;1;0;0;-3,770669000000000;-38,604700000000000
266037;24;10;2015;13:54;0;RUA VERBENA;;;0;;Colis?úo;Luz do Dia;;;Meio de Quadra;;;0;0;2;1;0;0;1;0;0;0;0;0;;
266038;24;10;2015;18:36;0;AV A CJ CEARA;;;0;;Colis?úo;;;;Meio de Quadra;;;0;0;2;1;0;0;0;0;0;1;0;0;;
266040;25;10;2015;01:19;0;AV PRS COSTA E SILVA;;;0;;Colis?úo;;;;Meio de Quadra;;;0;0;2;1;0;0;0;0;0;0;0;0;;
269038;25;10;2015;00:24;22127;RUA GUSTAVO BRAGA;RUA MAJ PEDRO SAMPAIO;;0;;Colis?úo;;;;Cruz;Pare;Residencial;0;1;0;1;0;0;0;0;0;1;0;0;-3,748479000000000;-38,555389000000000
269034;25;10;2015;00:10;24902;RUA ANTONIO ARRUDA;RUA MARIA CLARA;;0;;Colis?úo;;;;Cruz;N?úo H?í Controle;Residencial;0;4;0;1;0;0;0;0;0;0;0;0;-3,723432000000000;-38,594970000000000
269155;25;10;2015;07:11;0;RUA DR GILBERTO STUDART;;;0;;Colis?úo;Luz do Dia;;;Meio de Quadra;;;0;1;1;1;0;0;0;0;0;1;0;0;-3,746846000000000;-38,470939000000000
269150;25;10;2015;01:29;0;RUA GALILEU;;;0;;Colis?úo;;;;Meio de Quadra;;;0;1;1;1;0;0;0;0;0;1;0;0;-3,776738000000000;-38,551616000000000
269151;25;10;2015;06:26;0;AV PRS CASTELO BRANCO;;;0;;Atropelamento;Luz do Dia;;;Meio de Quadra;;;0;1;1;1;0;0;0;0;0;0;0;0;;
269159;25;10;2015;09:53;2328;AV CEL CARVALHO;AV FRANCISCO SA;;0;;Colis?úo;Luz do Dia;;;Cruz;Pare;Comercial;0;1;1;1;0;0;0;0;0;1;0;0;-3,703499000000000;-38,591542000000000
269165;25;10;2015;12:18;0;AV ENG SANTANA JUNIOR;;;0;;Colis?úo;Luz do Dia;;;Meio de Quadra;;;0;1;1;1;0;0;0;0;0;1;0;0;-3,729130000000000;-38,477981000000000
269161;25;10;2015;10:35;0;RUA JARDIM FLUMINENSE;;;0;;Colis?úo;Luz do Dia;;;Meio de Quadra;;;0;1;1;1;0;0;0;0;0;1;0;0;;
269162;25;10;2015;11:03;0;RUA PDE PERDIGAO SAMPAIO;;;0;;Queda;Luz do Dia;;;Meio de Quadra;;;0;1;0;0;0;0;0;0;0;1;0;0;;
259346;25;10;2015;08:00;0;RD BR 222;;;0;KM-02;Colis?úo Lateral;Luz do Dia;Bom;Seca;Meio de Quadra;N?úo H?í Controle;Comercial;0;1;1;1;0;0;0;0;0;1;0;0;-3,738951000000000;-38,586880000000000
259347;25;10;2015;10:30;0;RD BR 222;;;0;KM-03;Queda;Luz do Dia;Bom;Seca;Meio de Quadra;N?úo H?í Controle;Comercial;0;1;0;0;0;0;0;0;0;1;0;0;-3,736999000000000;-38,571997000000000
259348;25;10;2015;16:00;0;RD BR 222;;;0;KM-03;Colis?úo Traseira;Luz do Dia;Bom;Seca;Meio de Quadra;N?úo H?í Controle;Comercial;0;1;2;1;0;0;0;0;0;0;0;0;-3,736999000000000;-38,571997000000000
259349;25;10;2015;16:00;0;RD BR 222;;;0;KM-03;Colis?úo Traseira;Luz do Dia;Bom;Seca;Meio de Quadra;N?úo H?í Controle;Comercial;0;0;2;1;0;0;0;0;0;0;0;0;-3,736999000000000;-38,571997000000000
259350;25;10;2015;16:00;0;RD BR 222;;;0;KM-03;Colis?úo Traseira;Luz do Dia;Bom;Seca;Meio de Quadra;N?úo H?í Controle;Comercial;0;0;2;1;0;0;0;0;0;0;0;0;-3,736999000000000;-38,571997000000000
272061;25;10;2015;01:36;5692;AV DES GONZAGA;RUA MARGARIDA DE QUEIROZ;;0;;Colis?úo;;;;Cruz;;Comercial;0;0;2;0;0;0;0;0;0;0;0;0;-3,793168000000000;-38,501753000000000
272062;25;10;2015;01:38;0;RUA GALILEU;;;0;;Colis?úo;;;;Meio de Quadra;;;0;0;2;0;0;0;0;0;0;0;0;0;;
272069;25;10;2015;12:20;0;RUA 541 A CJ CEARA;;;0;;Colis?úo;Luz do Dia;;;Meio de Quadra;;;0;0;2;0;0;0;0;0;0;0;0;0;;
272070;25;10;2015;16:32;0;RUA DR ESTENIO GOMES;;;0;;Colis?úo;Luz do Dia;;;Meio de Quadra;;;0;0;2;0;0;0;0;0;0;0;0;0;;
272072;25;10;2015;18:22;563;RUA DNA MENDINHA;RUA DR HUGO ROCHA;;0;;Choque c/ Obst?ículo Fixo;Anoitecer;;;;;;0;0;1;0;0;0;0;0;0;0;0;0;-3,713604000000000;-38,571611000000000
272077;25;10;2015;21:05;0;RUA PRO PAULO LOPES;;;0;;Colis?úo;;;;Meio de Quadra;;;0;0;2;0;0;0;0;0;0;0;0;0;;
272078;25;10;2015;22:25;0;RUA SILVA PAULET;;;0;;Colis?úo;;;;Meio de Quadra;;;0;0;2;0;0;0;0;0;0;0;0;0;;
272079;25;10;2015;22:26;0;AV A CJ CEARA;;;0;;Colis?úo;;;;Meio de Quadra;;;0;0;2;0;0;0;0;0;0;0;0;0;;
272080;25;10;2015;22:46;0;RUA MARIA CLARA;;;0;;Colis?úo;;;;Meio de Quadra;;;0;0;2;0;0;0;0;0;0;0;0;0;;
272081;25;10;2015;;0;AV ANTONIO JUSTA;;;0;;Colis?úo;;;;Meio de Quadra;;;0;0;2;0;0;0;0;0;0;0;0;0;;
272082;25;10;2015;23:45;15189;AV ABOLICAO;RUA FRE MANSUETO;;0;;Colis?úo;;;;Cruz;Sem?íforo;Comercial;0;0;2;0;0;0;0;0;0;0;0;0;-3,726368000000000;-38,489324000000000
272074;25;10;2015;20:14;0;LOGRADOURO SEM NOME;;;0;;Colis?úo;;;;Meio de Quadra;;;0;0;2;0;0;0;0;0;0;0;0;0;;
272075;25;10;2015;21:05;0;AV SGT HERMINIO SAMPAIO;;;0;;Atropelamento;;;;Meio de Quadra;;;0;0;2;0;0;0;0;0;0;0;0;0;;
272058;25;10;2015;00:48;0;AV PERIMETRAL;;;0;;Colis?úo;;;;Meio de Quadra;;;0;0;2;0;0;0;0;0;0;0;0;0;;
272064;25;10;2015;06:05;5723;AV OLIVEIRA PAIVA;RUA MON ANTERO;;0;;Colis?úo;Luz do Dia;;;T;Sem?íforo;Comercial;0;0;2;0;0;0;0;0;0;0;0;0;-3,795604000000000;-38,493198000000000
269238;25;10;2015;22:20;0;AV A CJ CEARA;;;0;;Queda;;;;Meio de Quadra;;;0;1;0;0;0;0;0;0;0;1;0;0;;
269224;25;10;2015;20:25;0;AV RAD JOSE LIMA VERDE;;;0;;Queda;;;;Meio de Quadra;;;0;1;0;0;0;0;0;0;0;1;0;0;-3,703394000000000;-38,591571000000000
269227;25;10;2015;20:59;0;AV SGT HERMINIO SAMPAIO;;;0;;Atropelamento;;;;Meio de Quadra;;;0;1;1;0;1;0;0;0;0;0;0;0;;
269230;25;10;2015;21:02;6285;AV C CJ CEARA;AV G CJ CEARA;;0;;Queda;;;;T;N?úo H?í Controle;Residencial;0;1;0;0;0;0;0;0;0;1;0;0;;
269232;25;10;2015;21:30;0;RUA GRACO CARDOSO;;;0;;Colis?úo;;;;Meio de Quadra;;;0;1;1;1;0;0;0;0;0;1;0;0;-3,752342000000000;-38,593850000000000
269177;25;10;2015;20:03;0;RUA PRO ANACLETO;;;0;;Colis?úo;;;;Meio de Quadra;;;0;1;0;0;0;0;0;0;0;0;0;0;-3,735720000000000;-38,552746000000000
269148;25;10;2015;00:49;0;RUA GAL RABELO;;;0;;Colis?úo;;;;Meio de Quadra;;;0;1;0;0;0;0;0;0;0;0;0;0;-3,806967000000000;-38,606631000000000
269168;25;10;2015;15:22;0;RUA RIO VENTURA;;;0;;Queda;Luz do Dia;;;Meio de Quadra;;;0;1;0;0;0;0;0;0;0;1;0;0;;
269173;25;10;2015;18:20;0;AV GAL OSORIO DE PAIVA;;;0;;Atropelamento;Anoitecer;;;Meio de Quadra;;;0;1;1;0;0;0;0;0;0;1;0;0;-3,796657000000000;-38,594258000000000
260659;25;10;2015;14:30;15004;RUA LUIS TORRES;RUA FRANCA;;0;;Colis?úo Lateral;Luz do Dia;Bom;Seca;Cruz;N?úo H?í Controle;Residencial;0;0;2;1;0;0;0;0;0;0;0;0;-3,792794000000000;-38,563659000000000
260665;25;10;2015;19:00;1716;AV GOV RAUL BARBOSA;AV GAL MURILO BORGES;;0;;Colis?úo;Via Iluminada;Bom;Seca;Cruz;Sem?íforo;Residencial;0;1;1;1;0;1;0;0;0;0;0;0;-3,763977000000000;-38,508802000000000
260663;25;10;2015;12:45;24279;RUA TAVARES COUTINHO;RUA DELMIRO GOUVEIA;;0;;Colis?úo Lateral;Luz do Dia;Bom;Seca;Cruz;N?úo H?í Controle;Residencial;0;0;2;1;0;0;0;0;0;0;0;0;-3,732656000000000;-38,488224000000000
260669;25;10;2015;09:30;7623;RUA RIO GRANDE DO SUL;RUA PERNAMBUCO;;0;;Colis?úo Lateral;Luz do Dia;Bom;Seca;Cruz;Pare;Comercial;0;0;2;1;0;0;0;0;0;0;0;0;-3,760011000000000;-38,568467000000000
260725;25;10;2015;21:50;7788;RUA SILVA PAULET;RUA MARCONDES PEREIRA;;0;;Colis?úo Transversal;Via Iluminada;Bom;Seca;Cruz;Pare;Residencial;0;1;1;0;0;0;0;0;0;1;0;0;-3,748463000000000;-38,509957000000000
260730;25;10;2015;13:30;24106;AV ENG SANTANA JUNIOR;RUA ENG PLACIDO C JUNIOR D56;;0;;Colis?úo Lateral;Luz do Dia;Bom;Seca;Cruz;N?úo H?í Controle;Escola;0;1;2;1;0;0;0;0;0;1;0;0;;
260728;25;10;2015;16:00;0;AV ABOLICAO;;;2030;;Colis?úo Traseira;Luz do Dia;Bom;Seca;Meio de Quadra;N?úo H?í Controle;Comercial;0;0;2;1;1;0;0;0;0;0;0;0;-3,725578000000000;-38,500915000000000
260732;25;10;2015;19:00;12925;AV DOMINGOS OLIMPIO;AV AGUANAMBI;;0;;Colis?úo Frontal;Via Iluminada;Bom;Seca;Cruz;Sem?íforo;Comercial;0;2;0;1;0;0;0;0;0;0;0;0;-3,738683000000000;-38,524628000000000
260711;25;10;2015;19:00;9297;AV FRANCISCO SA;RUA CESAR CORREIA;;0;;Colis?úo Traseira;Via Iluminada;Bom;Seca;Cruz;Pare;Comercial;0;1;1;1;0;0;0;0;0;1;0;0;-3,711949000000000;-38,573313000000000
260720;25;10;2015;07:40;0;AV PRS COSTA E SILVA;;;0;;Colis?úo Traseira;Luz do Dia;Bom;Seca;Meio de Quadra;N?úo H?í Controle;Residencial;0;0;2;1;1;0;0;0;0;0;0;0;;
260721;25;10;2015;22:30;0;AV DIOGUINHO;;;130;;Atropelamento;Via Iluminada;Bom;Seca;Meio de Quadra;Outros;Misto;1;0;1;1;0;0;0;0;0;0;0;0;-3,719393000000000;-38,465182000000000
260708;25;10;2015;22:30;0;AV FRANCISCO SA;;;5090;;Colis?úo Frontal;Via Iluminada;Bom;Seca;Meio de Quadra;Sem?íforo;Residencial;0;2;1;1;0;0;0;0;0;1;0;0;-3,713169000000000;-38,569768000000000
260715;25;10;2015;09:40;0;RUA MIN JOAQUIM BASTOS D14;;;0;;Outros;Luz do Dia;Bom;Seca;Meio de Quadra;N?úo H?í Controle;Residencial;0;0;1;1;0;0;0;0;0;0;0;0;;
260700;25;10;2015;10:15;0;AV BEIRA MAR;;;2340;;Atropelamento;Luz do Dia;Bom;Seca;Meio de Quadra;N?úo H?í Controle;Residencial;0;0;2;0;0;0;0;0;0;0;0;0;-3,724991000000000;-38,499606000000000
260705;25;10;2015;23:00;19688;RUA PRO RAIMUNDO ARRUDA;RUA AZEVEDO BOLAO;;0;;Colis?úo Lateral;Via Iluminada;Bom;Seca;Cruz;N?úo H?í Controle;Residencial;0;0;4;1;0;0;0;0;0;0;0;0;-3,735414000000000;-38,551701000000000
260690;25;10;2015;09:05;0;RUA ANARIO BRAGA;;;424;;Colis?úo Transversal;Luz do Dia;Bom;Seca;Meio de Quadra;N?úo H?í Controle;Residencial;0;1;1;1;0;0;0;0;0;1;0;0;-3,737769000000000;-38,590339000000000
260686;25;10;2015;18:30;7211;AV PRS CASTELO BRANCO;AV DR THEBERGE;;0;;Colis?úo Transversal;Via Iluminada;Bom;Seca;Cruz;Sem?íforo;Comercial;0;1;3;1;0;0;0;0;0;0;0;0;-3,710079000000000;-38,563456000000000
260687;25;10;2015;13:50;11836;RUA JACINTO MATOS;RUA MON DANTAS;;0;;Colis?úo Transversal;Luz do Dia;Bom;Seca;Cruz;Pare;Comercial;0;2;1;1;0;0;0;0;1;0;0;0;-3,719714000000000;-38,546800000000000
260684;25;10;2015;13:10;0;AV MAJ ASSIS;;;497;;Engavetamento;Luz do Dia;Bom;Seca;Meio de Quadra;;Comercial;0;0;3;1;0;0;0;0;0;1;0;0;-3,724068000000000;-38,583259000000000
260679;25;10;2015;11:30;13132;AV JOAO DE ARAUJO LIMA;AV D CJ JOSE WALTER;;0;;Colis?úo Lateral;;Bom;Seca;Cruz;Sem?íforo;Comercial;0;1;1;1;0;0;0;0;0;1;0;0;-3,830303000000000;-38,560009000000000
269263;25;10;2015;22:36;12579;RUA MARIA CLARA;RUA PDE TEODORO (QUNTINO CUNHA);;0;;Colis?úo;;;;Cruz;N?úo H?í Controle;Residencial;0;1;0;0;0;0;0;0;0;0;0;0;-3,724624000000000;-38,590933000000000
269270;26;10;2015;05:08;0;AV CEL CARVALHO;;;0;;Colis?úo;Amanhecer;;;Meio de Quadra;;;0;1;0;0;0;0;0;0;0;0;0;0;;
269266;26;10;2015;01:17;0;AV CEL CARVALHO;;;0;;Colis?úo;;;;Meio de Quadra;;;0;1;0;0;0;0;0;0;0;0;0;0;-3,714383000000000;-38,588703000000000
269275;26;10;2015;07:30;0;RUA PDE PEDRO DE ALENCAR;;;0;;Colis?úo;Luz do Dia;;;Meio de Quadra;;;0;1;0;0;0;0;0;0;0;0;0;0;;
269297;26;10;2015;12:46;0;RUA DOM HENRIQUE;;;0;;Queda;Luz do Dia;;;Meio de Quadra;;;0;1;0;0;0;0;0;0;0;1;0;0;;
269361;26;10;2015;22:35;0;RUA ERICO MOTA;;;0;;Colis?úo;;;;Meio de Quadra;;;0;1;1;1;0;0;0;0;0;1;0;0;;
269357;26;10;2015;21:42;0;AV BEZERRA DE MENEZES;;;0;;Queda;;;;Meio de Quadra;;;0;1;0;0;0;0;0;0;0;1;0;0;;
269353;26;10;2015;14:02;0;AV GAL OSORIO DE PAIVA;;;0;;Colis?úo;Luz do Dia;;;Meio de Quadra;;;0;1;1;1;0;0;0;0;0;1;0;0;-3,821723000000000;-38,618556000000000
260557;26;10;2015;09:00;9220;AV 13 DE MAIO;RUA NAPOLEAO LAUREANO;;0;;Colis?úo Traseira;Luz do Dia;;;Cruz;Sem?íforo;Comercial;0;0;3;1;0;0;0;0;0;0;0;0;-3,749758000000000;-38,528825000000000
260527;26;10;2015;10:20;3768;AV DOMINGOS OLIMPIO;AV TRISTAO GONCALVES;;0;;Colis?úo Lateral;Luz do Dia;;;Cruz;Sem?íforo;Comercial;0;0;2;0;1;0;0;0;0;0;0;0;-3,735133000000000;-38,535613000000000
260499;26;10;2015;15:30;7762;AV ANTONIO SALES;RUA NUNES VALENTE;;0;;Colis?úo Transversal;Luz do Dia;;;Cruz;Pare;Residencial;0;0;2;1;0;0;0;0;0;0;0;0;-3,744237000000000;-38,506314000000000
260500;26;10;2015;13:00;13177;AV D CJ JOSE WALTER;AV I CJ JOSE WALTER;;0;;Colis?úo;Luz do Dia;;;Rotat??ria;D?¬ Prefer?¬ncia;Residencial;1;0;1;0;0;0;1;0;1;0;0;0;-3,832440000000000;-38,552957000000000
260514;26;10;2015;19:05;0;AV BAR STUDART;;;741;;Colis?úo Transversal;Via Iluminada;Bom;Seca;Meio de Quadra;Sem?íforo;Comercial;0;0;2;1;1;0;0;0;0;0;0;0;-3,730731000000000;-38,505335000000000
260489;26;10;2015;12:55;1558;AV BAR STUDART;RUA PDE VALDEVINO;;0;;Colis?úo Traseira;Luz do Dia;Bom;Seca;Cruz;Sem?íforo;Misto;0;0;2;1;0;0;0;0;0;0;0;0;-3,741641000000000;-38,508855000000000
260502;26;10;2015;21:30;15356;AV SEN VIRGILIO TAVORA;RUA REPUBLICA DO LIBANO;;0;;Colis?úo Lateral;;;;Cruz;Pare;Comercial;0;0;2;1;1;0;0;0;0;0;0;0;-3,732865000000000;-38,491882000000000
260505;26;10;2015;18:45;0;RUA EDGAR FALCAO;;;0;;Colis?úo Traseira;;;;Meio de Quadra;;;0;0;2;1;0;0;0;0;0;0;0;0;;
260507;26;10;2015;21:40;0;AV PRS CASTELO BRANCO;;;0;;Colis?úo Traseira;Via Iluminada;Bom;Seca;Meio de Quadra;Outros;Outros;0;0;2;1;0;0;0;0;0;0;0;0;;
260680;26;10;2015;09:19;0;AV SEN CARLOS JEREISSATI (AEROPORTO);;;3000;AEROPORTO;Colis?úo Lateral;Luz do Dia;;;Meio de Quadra;;;0;0;2;1;0;0;0;0;0;0;0;0;-3,780382000000000;-38,541414000000000
260675;26;10;2015;13:37;0;RUA PINTO MADEIRA;;;1075;;Colis?úo Lateral;Luz do Dia;;;;;;0;0;2;1;0;0;0;0;0;0;0;0;-3,732933000000000;-38,515505000000000
260676;26;10;2015;17:00;15792;RUA PERGENTINO MAIA;RUA CEL FRANCISCO PEREIRA (MESSEJANA);;0;;Colis?úo Transversal;Anoitecer;;;Cruz;Pare;Comercial;0;0;2;0;0;0;0;0;1;0;0;0;-3,830868000000000;-38,492803000000000
260688;26;10;2015;19:00;6725;RUA BENTO ALBUQUERQUE;RUA JULIO AZEVEDO;;0;;Colis?úo Lateral;;;;Cruz;Pare;Residencial;0;0;2;1;0;0;0;0;0;0;0;0;-3,743861000000000;-38,482854000000000
260706;26;10;2015;19:20;1316;AV SANTOS DUMONT;RUA TIBURCIO CAVALCANTE;;0;;;;;;Cruz;Sem?íforo;Comercial;0;0;2;1;0;0;0;0;0;0;0;0;-3,734979000000000;-38,502259000000000
260727;26;10;2015;10:30;17315;RUA DES PRAXEDES;RUA PDE JOAO PIAMARTA;;0;;Colis?úo Transversal;Luz do Dia;;;Cruz;Pare;Residencial;0;0;2;1;0;0;0;0;0;0;0;0;-3,762866000000000;-38,543546000000000
260788;26;10;2015;20:10;0;RUA COS LAFAYETE;;;0;;Colis?úo Lateral;;;;Meio de Quadra;;;0;0;2;0;0;0;0;0;1;1;0;0;;
260805;26;10;2015;18:30;21358;RUA PDE GUERRA;RUA TORRES PORTUGAL;;0;;Colis?úo;Anoitecer;;;;;;0;0;2;1;0;0;0;0;0;1;0;0;-3,736469000000000;-38,545739000000000
260790;26;10;2015;14:25;22972;RUA PRA HELOISA F LIMA;RUA MAD ELISA BALDO;;0;;Colis?úo Lateral;Luz do Dia;;;Cruz;Pare;Residencial;0;0;2;1;0;0;0;0;0;0;0;0;-3,785465000000000;-38,545126000000000
260796;26;10;2015;16:40;19568;RUA PRIMEIRO DE JANEIRO;RUA TCHECOSLOVAQUIA;;0;;Colis?úo Transversal;Luz do Dia;;;Cruz;Pare;Residencial;0;0;2;1;0;0;0;0;0;0;0;0;-3,783877000000000;-38,569744000000000
260799;26;10;2015;11:00;0;RUA CASTRO DE ALENCAR;;;40;;Colis?úo Transversal;Luz do Dia;;;Meio de Quadra;;;0;0;2;1;0;0;0;0;0;0;0;0;;
260808;26;10;2015;17:05;0;RUA SANTANA D48;;;0;;Colis?úo Lateral;Luz do Dia;Bom;Seca;Meio de Quadra;N?úo H?í Controle;Residencial;0;0;2;0;1;0;0;0;0;0;0;0;;
260809;26;10;2015;06:20;22665;AV ENG LEAL LIMA VERDE (SAPIRANGA/COITE);AV COS GOMES DE FREITAS (SAPIRANGA/COITE);;0;;Colis?úo Transversal;Luz do Dia;Bom;Seca;Rotat??ria;D?¬ Prefer?¬ncia;Comercial;0;1;1;1;0;0;0;0;0;0;0;0;-3,795341000000000;-38,475739000000000
260764;26;10;2015;20:00;4195;AV TEN LISBOA;RUA STA ROSA D20/21 (JACARECANGA);;0;;Choque c/ Obst?ículo Fixo;Via Iluminada;Bom;Seca;T;N?úo H?í Controle;Residencial;0;0;1;1;0;0;0;0;0;0;0;0;-3,717557000000000;-38,553959000000000
260748;26;10;2015;18:20;7909;AV DES MOREIRA;RUA FRANCISCO HOLANDA;;0;;Engavetamento;Anoitecer;;;Cruz;Sem?íforo;Residencial;0;0;3;1;0;0;0;0;0;0;0;0;-3,749355000000000;-38,502540000000000
260671;26;10;2015;12:30;3800;AV 13 DE MAIO;RUA CAIO CARLOS;;0;;Colis?úo Traseira;Luz do Dia;;;Cruz;N?úo H?í Controle;Comercial;0;0;2;1;0;0;0;0;0;0;0;0;-3,738286000000000;-38,542160000000000
260666;26;10;2015;13:00;13634;RUA DR THOMPSON BULCAO;RUA JOAO NONATO COSTA;;0;;Colis?úo Transversal;Luz do Dia;;;;;;0;1;1;1;0;0;0;0;0;1;0;0;-3,769424000000000;-38,493319000000000
260661;26;10;2015;08:50;3199;RUA VERBENA;RUA VITAL BRASIL;;0;;Colis?úo Transversal;Luz do Dia;;;;Outros;Comercial;0;1;2;1;0;0;1;0;0;0;0;0;-3,780666000000000;-38,588650000000000
260656;26;10;2015;18:20;7862;AV ANTONIO SALES;RUA PRO DIAS DA ROCHA;;0;;Colis?úo Transversal;Anoitecer;;;Cruz;Pare;Comercial;0;0;2;1;0;0;0;0;0;0;0;0;-3,747586000000000;-38,495535000000000
260596;26;10;2015;20:30;3768;AV DOMINGOS OLIMPIO;AV TRISTAO GONCALVES;;0;;Colis?úo Traseira;;;;Cruz;Sem?íforo;Comercial;0;0;2;1;0;0;0;0;0;0;0;0;-3,735133000000000;-38,535613000000000
260163;26;10;2015;20:00;0;RD CE-025;;;0;KM-01;Colis?úo;Luz do Dia;;Seca;Meio de Quadra;;;0;0;2;0;0;0;0;0;0;0;0;0;-3,807681000000000;-38,470976000000000
272084;26;10;2015;00:26;6752;RUA PRO OTAVIO LOBO;AV SANTOS DUMONT;;0;;Colis?úo;;;;Cruz;Sem?íforo;Residencial;0;0;2;0;0;0;0;0;0;0;0;0;-3,742845000000000;-38,477829000000000
272095;26;10;2015;10:54;0;TERM TERMINAL DO ANTONIO BEZERRA;;;0;;Colis?úo;Luz do Dia;;;Meio de Quadra;;;0;0;2;0;0;0;0;0;0;0;0;0;;
272090;26;10;2015;00:54;0;TERM TERMINAL DA PARANGABA;;;0;;Colis?úo;;;;Meio de Quadra;;;0;0;2;0;0;0;0;0;0;0;0;0;;
272104;26;10;2015;11:05;0;AV ENG SANTANA JUNIOR;;;0;;Colis?úo;Luz do Dia;;;Meio de Quadra;;;0;0;2;0;0;0;0;0;0;0;0;0;;
272106;26;10;2015;11:25;5741;RUA VICENTE LOPES;AV OLIVEIRA PAIVA;;0;;Colis?úo;Luz do Dia;;;T;Pare;Comercial;0;0;2;0;0;0;0;0;0;0;0;0;-3,795397000000000;-38,495183000000000
272107;26;10;2015;12:01;0;RUA CEL JUCA;;;0;;Colis?úo;Luz do Dia;;;Meio de Quadra;;;0;0;2;0;0;0;0;0;0;0;0;0;;
272111;26;10;2015;14:41;0;AV OLIVEIRA PAIVA;;;0;;Colis?úo;Luz do Dia;;;Meio de Quadra;;;0;1;1;0;0;0;0;0;0;0;0;0;;
272112;26;10;2015;16:50;0;RUA FRANCISCO F BAIMA;;;0;;Colis?úo;Luz do Dia;;;Meio de Quadra;;;0;0;2;0;0;0;0;0;0;0;0;0;;
272113;26;10;2015;17:11;0;AV AUGUSTO DOS ANJOS;;;0;;Colis?úo;Anoitecer;;;Meio de Quadra;;;0;0;2;0;0;0;0;0;0;0;0;0;;
272109;26;10;2015;12:40;0;AV GAL OSORIO DE PAIVA;;;0;;Colis?úo;Luz do Dia;;;Meio de Quadra;;;0;0;2;0;0;0;0;0;0;0;0;0;;
269056;26;10;2015;19:30;0;AV PRS CASTELO BRANCO;;;5508;;Atropelamento;;;;Meio de Quadra;;;1;0;1;0;0;0;0;0;0;1;0;0;-3,703528000000000;-38,580311000000000
260817;26;10;2015;10:30;0;RUA MARCOS MACEDO;;;948;;Colis?úo Lateral;Luz do Dia;Bom;Seca;Meio de Quadra;N?úo H?í Controle;Misto;0;1;1;1;0;0;0;0;0;1;0;0;-3,735763000000000;-38,493088000000000
260834;26;10;2015;11:20;5076;RUA DR JOAO MOREIRA;RUA SEN POMPEU;;0;;Colis?úo Lateral;Luz do Dia;;;Cruz;Sem?íforo Intermitente;Comercial;0;0;2;1;0;0;0;0;0;0;0;0;-3,722400000000000;-38,528275000000000
260839;26;10;2015;10:37;0;AV DES GONZAGA;;;0;;Atropelamento;Luz do Dia;Bom;Seca;Meio de Quadra;N?úo H?í Controle;Residencial;0;1;1;0;0;0;0;0;0;0;0;0;-3,789757000000000;-38,503325000000000
260841;26;10;2015;07:35;10952;RUA 15 DE NOVEMBRO;RUA EQUADOR;;0;;Colis?úo Transversal;Luz do Dia;Bom;Seca;Cruz;Sem?íforo;Comercial;0;0;3;1;0;0;0;0;0;1;0;0;-3,770577000000000;-38,551314000000000