COD_ACIDENTE;DIA;MES;ANO;HORA;INTERSECAO;LOG1;LOG2;LOG3;NUMERO;REFERENCIA;NATUREZA;ILUMINACAO;TEMPO;SUPERFICIEPISTA;TIPOCRUZAMENTO;CONTROLETRAFEGO;USOSOLO;MORTOS;FERIDOS;ILESOS;AUTOMOVEL;ONIBUS;BICICLETA;CAMINHAO;MICROONIBUS;CICLOMOTOR;MOTOCICLETA;TRACAOANIMAL;TREM;LATITUDE;LONGITUDE
260854;26;10;2015;19:00;13602;AV GAL MURILO BORGES;AV ROGACIANO LEITE;;0;;Engavetamento;Via Iluminada;Bom;Seca;;N?úo H?í Controle;Comercial;0;0;3;1;0;0;0;0;0;0;0;0;-3,767788000000000;-38,496968000000000
260860;26;10;2015;14:40;0;RUA FRANCISCO HOLANDA;;;879;;Colis?úo Traseira;Luz do Dia;Bom;Seca;Meio de Quadra;N?úo H?í Controle;Misto;0;0;2;1;0;0;0;0;0;0;0;0;-3,749456000000000;-38,502224000000000
260877;26;10;2015;11:00;0;RUA JOSE MENDONCA;;;128;;Colis?úo Traseira;Luz do Dia;Bom;Seca;Meio de Quadra;N?úo H?í Controle;Misto;0;0;2;0;0;0;0;0;0;1;0;0;-3,760776000000000;-38,602870000000000
272154;27;10;2015;00:15;5082;RUA BAR RIO BRANCO;RUA DR JOAO MOREIRA;;0;;Colis?úo;;;;Cruz;N?úo H?í Controle;Comercial;0;0;2;0;0;0;0;0;0;0;0;0;-3,722797000000000;-38,527092000000000
272156;27;10;2015;10:02;25006;RUA LEONARDO MOTA;RUA BENI DE CARVALHO;;0;;Colis?úo;Luz do Dia;;;Cruz;Sem?íforo;Residencial;0;0;2;0;0;0;0;0;0;0;0;0;-3,744739000000000;-38,498931000000000
272158;27;10;2015;10:46;0;RUA NOVE UI 211;;;0;;Colis?úo;Luz do Dia;;;Meio de Quadra;;;0;0;2;0;0;0;0;0;0;0;0;0;;
272160;27;10;2015;11:33;0;RUA VASCO DA GAMA;;;0;;Colis?úo;Luz do Dia;;;Meio de Quadra;;;0;0;2;0;0;0;0;0;0;0;0;0;;
272162;27;10;2015;15:53;25342;AV ROGACIANO LEITE;RUA GONTRAN GIFFONI;;0;;Colis?úo;Luz do Dia;;;T;Pare;Residencial;0;0;2;0;0;0;0;0;0;0;0;0;-3,765753000000000;-38,496061000000000
260164;27;10;2015;13:40;0;RD CE-040;;;0;KM-05;Colis?úo;Luz do Dia;;Seca;Meio de Quadra;;;0;0;2;1;1;0;0;0;0;0;0;0;-3,790876000000000;-38,480349000000000
260182;27;10;2015;14:30;0;RD CE-040;;;0;KM-05;Colis?úo;Luz do Dia;;Seca;Meio de Quadra;;;0;0;2;1;0;0;0;0;0;0;0;0;-3,790876000000000;-38,480349000000000
272215;27;10;2015;16:38;0;ET DO FIO (MESSEJANA);;;0;;Colis?úo;Luz do Dia;;;Meio de Quadra;;;0;0;2;0;0;0;0;0;0;0;0;0;;
260582;27;10;2015;21:00;0;RUA LIVINO DE CARVALHO;;;0;;Colis?úo Frontal;Via Iluminada;Bom;Seca;Meio de Quadra;N?úo H?í Controle;Residencial;0;0;2;1;0;0;0;0;0;0;0;0;;
260573;27;10;2015;10:00;0;RUA CAP TIBURCIO DA FROTA;;;220;;Queda;Luz do Dia;Bom;;Meio de Quadra;;Comercial;1;0;0;0;0;1;0;0;0;0;0;0;-3,755483000000000;-38,518591000000000
260574;27;10;2015;07:50;0;AV GOV RAUL BARBOSA;;;1100;;Engavetamento;Luz do Dia;Bom;Seca;Meio de Quadra;N?úo H?í Controle;Comercial;0;0;3;1;0;0;0;0;0;0;0;0;-3,761287000000000;-38,506022000000000
260575;27;10;2015;10:50;0;AV PONTES VIEIRA;;;0;;Colis?úo Traseira;Luz do Dia;Bom;Seca;Meio de Quadra;Sem?íforo;Comercial;0;1;1;1;0;0;0;0;0;1;0;0;;
260576;27;10;2015;14:55;5126;RUA RUFINO DE ALENCAR;AV DOM MANUEL;;0;;Colis?úo Lateral;Luz do Dia;Bom;Seca;Com Via F?®rrea;Outros;Comercial;0;0;2;1;0;0;1;0;0;0;0;0;-3,724114000000000;-38,519754000000000
260577;27;10;2015;12:45;0;AV AGUANAMBI;;;0;;Colis?úo Traseira;Luz do Dia;Bom;Seca;Meio de Quadra;N?úo H?í Controle;Comercial;0;1;1;1;0;0;0;0;0;1;0;0;-3,753592000000000;-38,523421000000000
260578;27;10;2015;15:50;1456;RUA CEL JUCA;AV SANTOS DUMONT;;0;;Colis?úo Traseira;Luz do Dia;Bom;Seca;Cruz;Sem?íforo;Comercial;0;0;2;1;0;0;0;0;0;0;0;0;-3,738438000000000;-38,491530000000000
260579;27;10;2015;14:30;1378;RUA DES LEITE ALBUQUERQUE;RUA OSVALDO CRUZ (ALDEOTA);;0;;Colis?úo Transversal;Luz do Dia;Bom;Seca;Cruz;Pare;Comercial;0;1;1;1;0;0;0;0;0;1;0;0;-3,736598000000000;-38,500640000000000
260580;27;10;2015;11:50;0;AV COS GOMES DE FREITAS (SAPIRANGA/COITE);;;3188;;Colis?úo Traseira;Luz do Dia;Bom;Seca;Meio de Quadra;;Misto;0;0;2;1;0;0;0;0;0;0;0;0;-3,795560000000000;-38,478175000000000
260508;27;10;2015;11:20;0;AV GOV RAUL BARBOSA;;;0;;Colis?úo Lateral;Luz do Dia;Bom;Seca;Meio de Quadra;Outros;Residencial;0;0;2;1;0;0;1;0;0;0;0;0;;
260509;27;10;2015;15:00;0;RUA PEREIRA VALENTE;;;0;;Colis?úo Lateral;Luz do Dia;Bom;Seca;Meio de Quadra;Gesto;Comercial;0;0;2;1;0;0;0;0;0;0;0;0;;
260506;27;10;2015;09:00;0;RUA DES WALDEMAR ALVES PEREIRA;;;0;;Colis?úo Lateral;Luz do Dia;Bom;Seca;Meio de Quadra;N?úo H?í Controle;Comercial;0;0;2;1;0;0;1;0;0;0;0;0;;
260503;27;10;2015;07:30;0;RUA FRANCO ROCHA;;;0;;Colis?úo Transversal;Luz do Dia;Bom;Seca;Meio de Quadra;N?úo H?í Controle;Residencial;0;1;2;1;0;0;0;0;0;1;0;0;;
260504;27;10;2015;20:00;0;AV DOM LUIS;;;0;;Colis?úo Lateral;Via Iluminada;Bom;Seca;Meio de Quadra;N?úo H?í Controle;Comercial;0;0;2;1;0;0;0;0;0;0;0;0;;
260490;27;10;2015;17:30;0;AV AMERICO BARREIRA;;;6510;;Colis?úo Frontal;Via Iluminada;Bom;Seca;Meio de Quadra;Outros;Residencial;0;1;1;1;0;0;0;0;0;1;0;0;-3,767144000000000;-38,569414000000000
260516;27;10;2015;19:00;0;AV GODOFREDO MACIEL;;;2563;;Colis?úo Traseira;Via Iluminada;;Seca;Meio de Quadra;N?úo H?í Controle;Comercial;0;1;1;1;0;0;0;0;0;1;0;0;-3,798125000000000;-38,570425000000000
260512;27;10;2015;23:30;9022;RUA PDE ROMA;RUA BAR RIO BRANCO;;0;;Colis?úo;;Bom;Seca;Cruz;;;0;1;1;1;0;0;0;0;0;0;0;0;-3,743790000000000;-38,533796000000000
260513;27;10;2015;08:00;19331;RUA PRO GOMES BRASIL;AV GAL OSORIO DE PAIVA;;0;;Colis?úo Lateral;Luz do Dia;Bom;Seca;Cruz;Sem?íforo;Comercial;0;1;1;1;0;0;0;0;0;1;0;0;-3,775618000000000;-38,566451000000000
260501;27;10;2015;07:30;0;AV ALBERTO CRAVEIRO;;;1973;;Colis?úo;Luz do Dia;Bom;Seca;Meio de Quadra;N?úo H?í Controle;Comercial;0;1;1;1;0;0;0;0;0;1;0;0;-3,797471000000000;-38,518520000000000
260488;27;10;2015;13:35;0;RUA ESPIRITO SANTO;;;1144;;Colis?úo Transversal;Luz do Dia;Bom;Seca;Meio de Quadra;N?úo H?í Controle;Comercial;0;0;2;1;0;0;0;0;0;0;0;0;-3,757752000000000;-38,571250000000000
260483;27;10;2015;08:00;0;AV D CJ JOSE WALTER;;;0;;Colis?úo Lateral;Luz do Dia;;;Meio de Quadra;;;0;1;1;0;0;0;0;0;0;1;0;0;;
260484;27;10;2015;16:50;12826;AV DOS EXPEDICIONARIOS;RUA ANDRE CHAVES;;0;;Colis?úo;Anoitecer;Bom;Seca;Cruz;Pare;Residencial;0;0;3;1;0;0;0;0;0;0;0;0;-3,757345000000000;-38,538903000000000
260485;27;10;2015;09:10;5463;RUA DNA LEOPOLDINA;RUA BARBARA DE ALENCAR;;0;;Colis?úo Lateral;Luz do Dia;Bom;Seca;Cruz;Pare;Comercial;0;0;2;1;0;0;0;0;0;0;0;0;-3,735695000000000;-38,521102000000000
260528;27;10;2015;18:40;1260;RUA COSTA BARROS;RUA JOSE VILAR;;0;;Colis?úo Traseira;Via Iluminada;Bom;Molhada;Cruz;Sem?íforo;Comercial;0;0;2;1;0;0;0;0;0;0;0;0;-3,732908000000000;-38,503746000000000
260550;27;10;2015;23:00;9559;RUA TEODORO DE CASTRO;RUA BARRA VERMELHA;;0;;Colis?úo Transversal;Via Iluminada;Bom;Seca;Cruz;Pare;Comercial;0;2;1;0;1;0;0;0;0;1;0;0;-3,777820000000000;-38,612011000000000
260555;27;10;2015;07:50;0;AV DES GONZAGA;;;888;;Colis?úo Traseira;Luz do Dia;Bom;Seca;Meio de Quadra;Sem?íforo;Misto;0;1;1;1;0;0;0;0;0;1;0;0;-3,794946000000000;-38,500947000000000
260552;27;10;2015;19:25;0;RUA JOCKEY CLUBE;;;65;;Colis?úo;Via Iluminada;Bom;Seca;Meio de Quadra;N?úo H?í Controle;Residencial;0;0;2;1;0;0;0;0;0;0;0;0;-3,763995000000000;-38,576364000000000
260525;27;10;2015;07:10;24973;AV ALM HENRIQUE SABOIA;RUA MON SALAZAR;;0;;Colis?úo Lateral;Luz do Dia;Bom;Seca;Outros;N?úo H?í Controle;Outros;0;2;1;1;0;0;0;0;0;1;0;0;;
260522;27;10;2015;14:00;0;RUA BAR ARACATI;;;3028;;Choque c/ Obst?ículo Fixo;Luz do Dia;Bom;Seca;Meio de Quadra;N?úo H?í Controle;Comercial;0;0;1;1;0;0;0;0;0;0;0;0;-3,748343000000000;-38,516993000000000
260519;27;10;2015;20:00;24988;RUA TAVARES COUTINHO;RUA FRE MANSUETO;;0;;Colis?úo Transversal;Mal Iluminada;Bom;Seca;Cruz;Sem?íforo Manual;Comercial;0;1;1;1;0;0;0;0;0;1;0;0;-3,732638000000000;-38,488784000000000
260546;27;10;2015;08:10;0;AV GAL OSORIO DE PAIVA;;;0;;Colis?úo Traseira;Luz do Dia;Bom;Seca;Meio de Quadra;N?úo H?í Controle;Comercial;0;1;1;1;0;0;0;0;0;1;0;0;-3,784240000000000;-38,580095000000000
260547;27;10;2015;10:30;0;RUA H (MONDUBIM II);;;0;;Colis?úo Traseira;Luz do Dia;Bom;Seca;Meio de Quadra;N?úo H?í Controle;Comercial;0;0;2;1;0;0;1;0;0;0;0;0;;
260572;27;10;2015;09:20;7813;RUA TIBURCIO CAVALCANTE;RUA JULIO SIQUEIRA;;0;;Colis?úo Lateral;Luz do Dia;Bom;Seca;Cruz;Pare;Misto;0;1;1;1;0;0;0;0;0;1;0;0;-3,750135000000000;-38,507128000000000
269431;27;10;2015;13:55;12985;AV A CJ JOSE WALTER;AV L CJ JOSE WALTER;;0;;Colis?úo;Luz do Dia;;;Cruz;Pare;Residencial;0;1;1;1;0;0;0;0;0;1;0;0;-3,824443000000000;-38,555532000000000
269440;27;10;2015;15:22;10844;RUA PORTO ALEGRE;RUA TUPI D35;;0;;Colis?úo;Luz do Dia;;;Cruz;Pare;Residencial;0;1;1;1;0;0;0;0;0;1;0;0;-3,765120000000000;-38,581470000000000
269441;27;10;2015;16:20;0;RUA PERNAMBUCO;;;0;;Colis?úo;Luz do Dia;;;Meio de Quadra;;;0;1;0;0;0;0;0;0;0;1;0;0;-3,754996000000000;-38,574741000000000
269442;27;10;2015;17:33;0;AV AUGUSTO DOS ANJOS;;;0;;Atropelamento;Anoitecer;;;Meio de Quadra;;;0;1;1;0;0;0;0;0;0;1;0;0;;
269443;27;10;2015;18:46;0;AV GODOFREDO MACIEL;;;0;;Colis?úo;;;;Meio de Quadra;;;0;1;1;1;0;0;0;0;0;1;0;0;;
269403;27;10;2015;07:52;0;RUA VALPARAISO;;;0;;Colis?úo;Luz do Dia;;;Meio de Quadra;;;0;1;1;1;0;0;0;0;0;1;0;0;;
269420;27;10;2015;08:59;0;RUA LUCAS PINTO;;;0;;Colis?úo;Luz do Dia;;;Meio de Quadra;;;0;1;1;1;0;0;0;0;0;1;0;0;-3,715080000000000;-38,558760000000000
269428;27;10;2015;12:23;0;RUA PRO VICENTE SILVEIRA;;;0;;Colis?úo;Luz do Dia;;;Meio de Quadra;;;0;1;1;1;0;0;0;0;0;1;0;0;-3,765169000000000;-38,538237000000000
269429;27;10;2015;13:07;0;RUA CEL ZACARIAS J FRANCA;;;0;;Queda;Luz do Dia;;;Meio de Quadra;;;0;1;0;0;0;0;0;0;0;1;0;0;;
269525;27;10;2015;19:15;0;AV BEZERRA DE MENEZES;;;0;;Atropelamento;;;;Meio de Quadra;;;0;1;0;0;0;1;0;0;0;0;0;0;;
269528;27;10;2015;19:40;5045;AV FILOMENO GOMES;RUA SAO PAULO;;0;;Colis?úo;;;;Cruz;Sem?íforo;Residencial;0;1;0;0;0;0;0;0;0;0;0;0;-3,721539000000000;-38,541200000000000
269530;27;10;2015;21:26;0;AV PRS COSTA E SILVA;;;0;;Colis?úo;;;;Meio de Quadra;;;0;1;1;1;0;0;0;0;0;1;0;0;;
269581;28;10;2015;07:18;0;RD BR 116;;;2000;KM-02;Atropelamento;Luz do Dia;;;Meio de Quadra;;;0;1;1;0;0;0;0;0;0;1;0;0;-3,771391000000000;-38,516780000000000
269584;28;10;2015;07:52;0;AV MR HULL;;;0;;Queda;Luz do Dia;;;Meio de Quadra;;;0;1;0;0;0;0;0;0;0;1;0;0;;
269586;28;10;2015;07:54;0;RUA CON DE CASTRO;;;0;;Colis?úo;Luz do Dia;;;Meio de Quadra;;;0;1;0;0;0;0;0;0;0;1;0;0;-3,797543000000000;-38,585041000000000
269587;28;10;2015;07:55;0;AV OLIVEIRA PAIVA;;;0;;Colis?úo;Luz do Dia;;;Meio de Quadra;;;0;1;0;0;0;0;0;0;0;0;0;0;;
269591;28;10;2015;08:16;0;AV FRANCISCO SA;;;0;;Atropelamento;Luz do Dia;;;Meio de Quadra;;;0;1;1;0;0;0;0;0;0;1;0;0;;
269618;28;10;2015;14:44;0;AV GAL OSORIO DE PAIVA;;;0;;Colis?úo;Luz do Dia;;;Meio de Quadra;;;0;1;0;0;0;0;0;0;0;0;0;0;;
269622;28;10;2015;15:52;7328;RUA PRO EDGAR DE ARRUDA;RUA MANAUS;;0;;Colis?úo;Luz do Dia;;;Cruz;Pare;Residencial;0;1;0;0;0;0;0;0;0;1;0;0;-3,754542000000000;-38,591676000000000
269609;28;10;2015;12:53;0;RUA BOA VISTA;;;0;;Colis?úo;Luz do Dia;;;Meio de Quadra;;;0;1;0;0;0;0;0;0;0;1;0;0;;
260188;28;10;2015;05:20;0;RD CE-060;;;0;KM-01;Colis?úo;Via Iluminada;;Seca;Meio de Quadra;;;0;0;1;1;0;0;0;0;0;0;0;0;-3,819537000000000;-38,576995000000000
260189;28;10;2015;07:40;0;RD CE-025;;;0;KM-01;Colis?úo;Luz do Dia;;Seca;Meio de Quadra;;;0;0;2;1;0;0;0;0;0;0;0;0;-3,807681000000000;-38,470976000000000
260195;28;10;2015;16:30;0;RD CE-040;;;0;KM-13;Colis?úo;Luz do Dia;;Seca;Meio de Quadra;;;0;0;2;1;0;0;0;0;0;0;0;0;-3,857083000000000;-38,472314000000000
260198;28;10;2015;17:25;0;AV MIN JOSE AMERICO;;;0;;Colis?úo;Via Iluminada;;Seca;Meio de Quadra;;;0;0;2;1;0;0;0;0;0;1;0;0;;
269649;28;10;2015;16:28;0;RUA WALDIR DIOGO;;;0;;Colis?úo;Luz do Dia;;;Meio de Quadra;;;0;1;1;1;0;0;0;0;0;1;0;0;-3,804826000000000;-38,584661000000000
269651;28;10;2015;16:40;0;RUA FRANCISCO GLICERIO;;;0;;Colis?úo;Luz do Dia;;;Meio de Quadra;;;0;1;1;1;0;0;0;0;0;1;0;0;-3,796258000000000;-38,568822000000000
269654;28;10;2015;16:49;0;AV ALM BARROSO;;;0;;Colis?úo;Luz do Dia;;;Meio de Quadra;;;0;1;1;1;0;0;0;0;0;1;0;0;;
269655;28;10;2015;18:10;0;AV DUQ CAXIAS;;;0;;Atropelamento;Anoitecer;;;Meio de Quadra;;;0;1;1;0;0;0;0;0;0;1;0;0;-3,727610000000000;-38,542778000000000
269657;28;10;2015;18:27;0;AV NORTE;;;0;;Colis?úo;Anoitecer;;;Meio de Quadra;;;0;1;1;1;0;0;0;0;0;1;0;0;;
269658;28;10;2015;19:27;0;AV GODOFREDO MACIEL;;;0;;Colis?úo;;;;Meio de Quadra;;;0;1;1;1;0;0;0;0;0;1;0;0;-3,817087000000000;-38,574601000000000
269661;28;10;2015;19:45;0;AV ODILON GUIMARAES;;;0;;Queda;;;;Meio de Quadra;;;0;1;0;0;0;0;0;0;0;1;0;0;-3,814090000000000;-38,466083000000000
269669;28;10;2015;20:20;0;AV BEZERRA DE MENEZES;;;0;;Colis?úo;;;;Meio de Quadra;;;0;1;1;1;0;0;0;0;0;1;0;0;;
269670;28;10;2015;21:03;0;RUA GAL ALIPIO DOS SANTOS;;;0;;Colis?úo;;;;Meio de Quadra;;;0;1;1;1;0;0;0;0;0;1;0;0;-3,729583000000000;-38,587805000000000
272163;28;10;2015;07:58;1576;RUA CEL JUCA;AV PDE ANTONIO TOMAS;;0;;Colis?úo;Luz do Dia;;;Cruz;Sem?íforo;Misto;0;0;2;0;0;0;0;0;0;0;0;0;-3,742392000000000;-38,492803000000000
272164;28;10;2015;08:40;0;RUA DR CARLOS R PAMPLONA;;;0;;Colis?úo;Luz do Dia;;;Meio de Quadra;;;0;0;2;0;0;0;0;0;0;0;0;0;;
272165;28;10;2015;08:41;0;RUA GUILHERME MENDES;;;0;;Colis?úo;Luz do Dia;;;Meio de Quadra;;;0;0;2;0;0;0;0;0;0;0;0;0;;
272167;28;10;2015;09:06;0;RUA DES PRAXEDES;;;0;;Colis?úo;Luz do Dia;;;Meio de Quadra;;;0;0;2;0;0;0;0;0;0;0;0;0;;
272169;28;10;2015;10:50;0;RUA GAL CLARINDO DE QUEIROZ;;;0;;Colis?úo;Luz do Dia;;;Meio de Quadra;;;0;0;2;0;0;0;0;0;0;0;0;0;;
272170;28;10;2015;11:11;5290;AV DUQ CAXIAS;RUA PDE MORORO;;0;;Colis?úo;Luz do Dia;;;Cruz;Sem?íforo;Comercial;0;0;2;0;0;0;0;0;0;0;0;0;-3,728983000000000;-38,538552000000000
272174;28;10;2015;13:44;6737;AV ENG SANTANA JUNIOR;AV PDE ANTONIO TOMAS;;0;;Colis?úo;Luz do Dia;;;Cruz;Sem?íforo;Residencial;0;0;2;0;0;0;0;0;0;0;0;0;-3,743981000000000;-38,488012000000000
272179;28;10;2015;15:19;2652;RUA AMOR PERFEITO;RUA RAIMUNDO FROTA;;0;;Colis?úo;Luz do Dia;;;Cruz;N?úo H?í Controle;Residencial;0;0;2;0;0;0;0;0;0;0;0;0;-3,715156000000000;-38,582332000000000
272177;28;10;2015;16:59;0;RUA CTE JOSE CALS DE OLIVEIRA;;;0;;Colis?úo;Luz do Dia;;;Meio de Quadra;;;0;0;2;0;0;0;0;0;0;0;0;0;;
272172;28;10;2015;12:54;11638;RUA BOA VISTA;RUA NOEL ROSA;;0;;Colis?úo;Luz do Dia;;;;;;0;0;2;0;0;0;0;0;0;0;0;0;-3,768742000000000;-38,586594000000000
266045;28;10;2015;09:02;12674;RUA GUILHERME MENDES;AV CEL CARVALHO;;0;;Colis?úo;Luz do Dia;;;Cruz;Pare;Comercial;0;0;2;0;1;0;0;0;0;1;0;0;-3,720651000000000;-38,587094000000000
266046;28;10;2015;14:51;0;RUA ANDRADE FURTADO;;;0;;Colis?úo;Luz do Dia;;;Meio de Quadra;;;0;0;2;1;0;0;0;0;0;0;0;0;;
259327;28;10;2015;07:15;0;RD BR 116;;;1000;KM-01;Atropelamento;Luz do Dia;Bom;Seca;Meio de Quadra;N?úo H?í Controle;Comercial;0;1;1;0;0;0;0;0;0;0;0;0;-3,762554000000000;-38,518702000000000
261166;28;10;2015;19:20;0;AV GODOFREDO MACIEL;;;2915;;Colis?úo Transversal;Via Iluminada;Bom;Seca;Meio de Quadra;Sem?íforo;Comercial;0;1;1;1;0;0;0;0;0;0;0;0;-3,800964000000000;-38,571327000000000
261162;28;10;2015;22:00;0;RUA URUCUTUBA;;;2437;;Queda;Via Iluminada;Bom;Seca;Meio de Quadra;N?úo H?í Controle;Residencial;2;0;0;0;0;0;0;0;0;1;0;0;-3,799155000000000;-38,619837000000000
261160;28;10;2015;20:00;25029;AV CEL CARVALHO;RUA TEN ELIEZER COSTA;;0;;Colis?úo Transversal;;;;Cruz;Pare;Comercial;0;1;1;1;0;0;0;0;0;1;0;0;-3,710718000000000;-38,589633000000000
261150;28;10;2015;21:46;6818;RUA FRANCISCO MATOS;RUA DR GILBERTO STUDART;;0;;Colis?úo Transversal;;;;Cruz;Pare;Residencial;0;0;2;1;0;0;0;0;0;0;0;0;-3,747084000000000;-38,470191000000000
261158;28;10;2015;18:30;8979;AV DUQ CAXIAS;RUA JUSTINIANO DE SERPA;;0;;Atropelamento;Anoitecer;;;Outros;Pare;Comercial;0;1;1;0;0;0;0;0;0;1;0;0;-3,727637000000000;-38,542701000000000
261130;28;10;2015;05:40;10044;RUA EMILIO DE MENESES;RUA ANTONIO NERY;;0;;Colis?úo Transversal;Amanhecer;;;Cruz;Pare;Comercial;0;0;2;1;0;0;0;0;0;0;0;0;-3,778162000000000;-38,600204000000000
261121;28;10;2015;07:10;1598;RUA MON CATAO;RUA CAROLINA SUCUPIRA;;0;;Colis?úo Transversal;Luz do Dia;;;Cruz;Pare;Residencial;0;0;1;1;0;0;0;0;0;1;0;0;-3,743696000000000;-38,492167000000000
261107;28;10;2015;18:30;0;RUA JOAQUIM NABUCO;;;965;;Colis?úo Traseira;Mal Iluminada;Bom;Seca;Meio de Quadra;N?úo H?í Controle;Residencial;0;0;2;1;0;0;0;0;0;0;0;0;-3,734025000000000;-38,500884000000000
261103;28;10;2015;18:00;1579;RUA BARBOSA DE FREITAS;RUA VICENTE LINHARES;;0;;Colis?úo Lateral;Anoitecer;;;Cruz;Sem?íforo;Residencial;0;1;1;1;0;0;0;0;0;1;0;0;-3,742487000000000;-38,499256000000000
261238;28;10;2015;17:30;0;AV AGUANAMBI;;;0;;Colis?úo Transversal;Luz do Dia;Bom;Seca;Meio de Quadra;N?úo H?í Controle;Outros;0;0;2;1;0;0;1;0;0;0;0;0;;
261232;28;10;2015;12:10;25186;RUA VER PEDRO PAULO MOREIRA;RUA REPUBLICA ARMENIA;;0;;Colis?úo Lateral;Luz do Dia;Bom;Seca;Cruz;Pare;Comercial;0;0;2;1;1;0;0;0;0;0;0;0;-3,787002000000000;-38,481560000000000
261233;28;10;2015;15:20;0;RUA TEN JURANDIR ALENCAR;;;222;;Colis?úo Lateral;Luz do Dia;Bom;Seca;Meio de Quadra;N?úo H?í Controle;Comercial;0;0;2;1;0;0;1;0;0;0;0;0;-3,831739000000000;-38,493274000000000
261236;28;10;2015;17:20;0;AV AGUANAMBI;;;837;;Colis?úo Traseira;Anoitecer;;;Meio de Quadra;;;0;0;2;1;0;0;0;0;0;0;0;0;-3,742882000000000;-38,525813000000000
261223;28;10;2015;13:30;0;AV SANTOS DUMONT;;;5225;;Engavetamento;Luz do Dia;Bom;Seca;Meio de Quadra;N?úo H?í Controle;Comercial;0;0;3;1;0;0;0;0;0;0;0;0;-3,740530000000000;-38,485053000000000
261219;28;10;2015;16:20;15192;RUA JOSE VILAR;RUA SILVA JATAHY;;0;;Colis?úo Transversal;Luz do Dia;;;Cruz;Pare;Residencial;0;0;2;1;0;0;0;0;0;0;0;0;-3,726429000000000;-38,501700000000000
261230;28;10;2015;13:45;1510;AV JULIO VENTURA;RUA JOSE VILAR;;0;;Colis?úo Transversal;Luz do Dia;;;Cruz;Sem?íforo;Comercial;0;0;2;1;0;0;0;0;0;0;0;0;-3,739985000000000;-38,506014000000000
261225;28;10;2015;12:30;1511;RUA FONSECA LOBO;RUA DES LEITE ALBUQUERQUE;;0;;Colis?úo Lateral;Luz do Dia;Bom;Seca;Cruz;Pare;Escola;0;0;2;1;0;0;0;0;0;0;0;0;-3,740065000000000;-38,489921000000000
261211;28;10;2015;20:00;0;AV PRO JOSE ARTHUR CARVALHO;;;0;;Colis?úo Lateral;Via Iluminada;Bom;Seca;Meio de Quadra;N?úo H?í Controle;Residencial;0;1;1;1;0;0;0;0;0;1;0;0;-3,825001000000000;-38,461274000000000
261205;28;10;2015;09:00;0;RUA FRANCISCO DE SALES;;;4829;;Atropelamento;Luz do Dia;Bom;Seca;Meio de Quadra;N?úo H?í Controle;Comercial;0;1;1;0;0;0;0;0;0;1;0;0;;
261169;28;10;2015;03:00;0;AV VICENTE DE CASTRO;;;4917;;Choque c/ Obst?ículo Fixo;Via Iluminada;Bom;Seca;Meio de Quadra;N?úo H?í Controle;Misto;0;0;1;1;0;0;0;0;0;0;0;0;-3,719464000000000;-38,475569000000000
261176;28;10;2015;12:00;0;AV PRS COSTA E SILVA;;;1720;;Colis?úo Transversal;Luz do Dia;Bom;Seca;Meio de Quadra;N?úo H?í Controle;Comercial;0;3;0;0;0;0;0;0;0;1;0;0;-3,816838000000000;-38,566971000000000
261186;28;10;2015;07:40;0;RUA CANDIDO CASTELO BRANCO;;;2958;;Colis?úo Traseira;Luz do Dia;Bom;Seca;Meio de Quadra;N?úo H?í Controle;Residencial;0;0;2;1;1;0;0;0;0;0;0;0;;
260888;28;10;2015;21:00;12520;AV AUGUSTO DOS ANJOS;RUA ALUISIO AZEVEDO;;0;;Colis?úo Traseira;Via Iluminada;Bom;Seca;T;Sem?íforo;Comercial;0;2;1;1;0;0;0;0;0;1;0;0;-3,773439000000000;-38,573164000000000
260906;28;10;2015;14:00;348;RUA PRO LINO ENCARNACAO;RUA CESAR FONTENELE;;0;;Colis?úo Lateral;Luz do Dia;;;Cruz;Pare;Misto;0;0;2;1;0;0;0;1;0;0;0;0;-3,746359000000000;-38,559596000000000
261014;28;10;2015;13:00;19772;RUA AZEVEDO BOLAO;RUA PRO RAIMUNDO VITOR;;0;;Colis?úo Lateral;Luz do Dia;;;Cruz;Pare;Residencial;0;0;2;1;0;0;0;0;0;0;0;0;-3,738334000000000;-38,565762000000000
261006;28;10;2015;08:30;0;AV ALBERTO CRAVEIRO;;;2571;;Colis?úo Traseira;Luz do Dia;Bom;Seca;Meio de Quadra;N?úo H?í Controle;Comercial;0;1;1;1;0;0;0;0;0;1;0;0;-3,802757000000000;-38,521176000000000
261007;28;10;2015;11:15;0;RUA SAO DOMINGOS;;;127;;;Luz do Dia;Bom;Seca;Meio de Quadra;Sem?íforo;Comercial;0;0;2;1;0;0;1;0;0;0;0;0;;
261004;28;10;2015;08:40;9132;AV 13 DE MAIO;RUA JAIME BENEVOLO;;0;;Colis?úo Traseira;Luz do Dia;Bom;Seca;Cruz;Sem?íforo;Comercial;0;0;2;1;0;0;1;0;0;0;0;0;-3,748122000000000;-38,530741000000000