COD_ACIDENTE;DIA;MES;ANO;HORA;INTERSECAO;LOG1;LOG2;LOG3;NUMERO;REFERENCIA;NATUREZA;ILUMINACAO;TEMPO;SUPERFICIEPISTA;TIPOCRUZAMENTO;CONTROLETRAFEGO;USOSOLO;MORTOS;FERIDOS;ILESOS;AUTOMOVEL;ONIBUS;BICICLETA;CAMINHAO;MICROONIBUS;CICLOMOTOR;MOTOCICLETA;TRACAOANIMAL;TREM;LATITUDE;LONGITUDE
261038;28;10;2015;16:15;19708;RUA PRO LINO ENCARNACAO;RUA GUSTAVO SAMPAIO;;0;;Colis?úo Lateral;Luz do Dia;;;Cruz;Pare;Residencial;0;0;2;1;0;0;0;0;0;0;0;0;-3,736332000000000;-38,561651000000000
261070;28;10;2015;09:00;19753;RUA ERICO MOTA;RUA AZEVEDO BOLAO;;0;;Colis?úo Transversal;Luz do Dia;;;Cruz;Pare;Residencial;0;0;2;1;0;0;0;0;0;0;0;0;-3,737645000000000;-38,562522000000000
261077;28;10;2015;19:45;0;AV GOV RAUL BARBOSA;;;5080;;Colis?úo Lateral;Via Iluminada;Bom;Seca;Meio de Quadra;N?úo H?í Controle;Residencial;0;0;2;0;0;0;1;0;0;0;0;0;-3,762624000000000;-38,508379000000000
260995;28;10;2015;18:30;0;RUA JOAO BRIGIDO;;;1743;;Colis?úo Transversal;Anoitecer;Bom;Seca;Meio de Quadra;N?úo H?í Controle;Comercial;0;0;2;1;0;0;0;0;0;0;0;0;;
260966;28;10;2015;10:40;0;RUA DR JOAO MOREIRA;;;297;;Colis?úo Lateral;Luz do Dia;Bom;Seca;Meio de Quadra;N?úo H?í Controle;Comercial;0;0;2;1;0;0;0;0;0;0;0;0;-3,722770000000000;-38,527170000000000
260946;28;10;2015;21:05;0;RUA JULIO ALCIDES;;;121;;Colis?úo Lateral;Mal Iluminada;Bom;Seca;Meio de Quadra;Outros;Comercial;0;0;2;1;0;0;0;0;0;1;0;0;-3,788158000000000;-38,565787000000000
260932;28;10;2015;08:30;0;RUA CAROLINA SUCUPIRA;;;100;;Colis?úo Lateral;Luz do Dia;Bom;Seca;Meio de Quadra;N?úo H?í Controle;Residencial;0;0;2;0;0;0;0;0;0;1;0;0;-3,740522000000000;-38,501990000000000
260900;29;10;2015;22:20;13594;AV PONTES VIEIRA;RUA CAP GUSTAVO;;0;;Colis?úo Lateral;Via Iluminada;Bom;Seca;Cruz;Sem?íforo;Comercial;0;1;1;1;0;0;0;0;0;1;0;0;-3,753153000000000;-38,517125000000000
260897;29;10;2015;15:45;0;AV DR SILAS MUNGUBA;;;3261;;Colis?úo Lateral;Luz do Dia;Bom;Seca;Meio de Quadra;N?úo H?í Controle;Comercial;0;1;1;0;1;1;0;0;0;0;0;0;-3,788859000000000;-38,544658000000000
260894;29;10;2015;16:10;5433;RUA METON DE ALENCAR;RUA MAJ FACUNDO;;0;;Colis?úo Transversal;Luz do Dia;Bom;Seca;Cruz;Pare;Comercial;0;0;3;1;1;0;0;0;0;0;0;0;-3,733917000000000;-38,529899000000000
260885;29;10;2015;13:00;22932;RUA JAPI;RUA ANTONIO BENTO;;0;;Colis?úo Transversal;Luz do Dia;Bom;Seca;Cruz;Gesto;Residencial;0;1;1;0;0;0;0;0;0;1;0;0;-3,783512000000000;-38,547961000000000
260874;29;10;2015;21:00;9187;RUA PDE BARBOSA DE JESUS;RUA EUSEBIO DE SOUZA;;0;;Colis?úo Lateral;Via Iluminada;Bom;Seca;Cruz;N?úo H?í Controle;Comercial;0;0;3;1;0;0;0;0;0;0;0;0;-3,748709000000000;-38,529218000000000
260881;29;10;2015;09:30;12863;AV DOMINGOS OLIMPIO;RUA FLORIANO PEIXOTO;;0;;Colis?úo Lateral;Luz do Dia;Bom;Seca;Cruz;N?úo H?í Controle;Comercial;0;0;2;1;0;0;0;0;0;0;0;0;-3,736976000000000;-38,530313000000000
260882;29;10;2015;19:00;0;RUA PORTO VELHO;;;52;;Colis?úo Traseira;Via Iluminada;Bom;Seca;Meio de Quadra;N?úo H?í Controle;Residencial;0;1;1;0;1;0;0;0;0;1;0;0;-3,769310000000000;-38,580815000000000
260879;29;10;2015;08:40;0;AV PRS CASTELO BRANCO;;;400;;Colis?úo Traseira;Luz do Dia;Bom;Seca;Meio de Quadra;N?úo H?í Controle;Comercial;0;0;2;1;0;0;0;0;0;0;0;0;-3,720316000000000;-38,530144000000000
260871;29;10;2015;19:00;15205;RUA OSVALDO CRUZ (ALDEOTA);AV ABOLICAO;;0;;Colis?úo Lateral;Via Iluminada;Bom;Seca;Cruz;N?úo H?í Controle;Residencial;0;1;2;0;0;0;0;1;0;1;0;0;-3,726690000000000;-38,497445000000000
260842;29;10;2015;10:20;0;AV ISABEL BEZERRA;;;0;;Colis?úo Transversal;Luz do Dia;Bom;Seca;Meio de Quadra;Pare;Residencial;0;1;1;1;0;0;0;0;0;1;0;0;;
260843;29;10;2015;12:25;0;RUA GUARUJA;;;850;;Colis?úo;Luz do Dia;Bom;Seca;Meio de Quadra;N?úo H?í Controle;Residencial;0;1;1;1;0;0;0;0;0;1;0;0;;
260840;29;10;2015;07:25;15881;RUA PDE PEDRO DE ALENCAR;RUA GUARUJA;;0;;Colis?úo Transversal;Luz do Dia;Bom;Seca;Rotat??ria;Pare;Comercial;0;0;2;1;1;0;0;0;0;0;0;0;-3,834885000000000;-38,494118000000000
260846;29;10;2015;18:30;0;RUA ARQ JOAO BRAGA DE LIMA;;;0;;Colis?úo Lateral;;Bom;Seca;Meio de Quadra;N?úo H?í Controle;Residencial;0;0;2;1;0;0;0;0;0;0;0;0;;
260837;29;10;2015;06:15;15820;AV JOR THOMAZ COELHO;RUA GRANJA CASTELO;;0;;Colis?úo Traseira;Luz do Dia;Bom;Seca;T;Sem?íforo;Residencial;0;0;2;1;1;0;0;0;0;0;0;0;-3,832383000000000;-38,500218000000000
260838;29;10;2015;06:20;15827;RUA ANGELICA GURGEL;RUA ANTONIO GADELHA;;0;;Colis?úo Traseira;Luz do Dia;Bom;Seca;Cruz;Pare;Comercial;0;0;2;1;1;0;0;0;0;0;0;0;-3,832626000000000;-38,499050000000000
260820;29;10;2015;17:00;15360;AV DOM LUIS;AV DES MOREIRA;;0;;Colis?úo Traseira;Luz do Dia;Bom;Seca;Rotat??ria;N?úo H?í Controle;Comercial;0;0;2;1;1;0;0;0;0;0;0;0;-3,733239000000000;-38,497383000000000
260822;29;10;2015;13:20;0;RUA VICENTE LINHARES;;;185;;Outros;Luz do Dia;Bom;Seca;Meio de Quadra;N?úo H?í Controle;Residencial;0;2;1;1;0;0;0;0;0;1;0;0;-3,741390000000000;-38,502574000000000
260825;29;10;2015;18:00;0;AV CARNEIRO DE MENDONCA;;;496;;Colis?úo Lateral;Via Iluminada;Bom;Seca;Meio de Quadra;Sem?íforo;Misto;0;1;1;0;1;0;0;0;0;1;0;0;-3,765451000000000;-38,564059000000000
260830;29;10;2015;20:08;0;AV DR SILAS MUNGUBA;;;1000;;Colis?úo Traseira;Via Iluminada;Bom;Seca;Meio de Quadra;Sem?íforo;Misto;0;0;4;1;0;0;0;0;0;0;0;0;-3,781518000000000;-38,557022000000000
259328;29;10;2015;16:45;0;RD BR 116;;;14000;KM-14;Colis?úo Traseira;Luz do Dia;Bom;Seca;Meio de Quadra;N?úo H?í Controle;Comercial;0;1;1;0;0;0;1;0;0;1;0;0;-3,873523000000000;-38,499242000000000
259329;29;10;2015;18:40;0;RD BR 116;;;1000;KM-01;Colis?úo Traseira;Via Iluminada;Bom;Seca;Meio de Quadra;N?úo H?í Controle;Comercial;0;1;1;1;0;0;0;0;0;1;0;0;-3,762554000000000;-38,518702000000000
272193;29;10;2015;17:57;0;AV PRS CASTELO BRANCO;;;0;;Colis?úo;Anoitecer;;;Meio de Quadra;;;0;0;2;0;0;0;0;0;0;0;0;0;;
272188;29;10;2015;17:42;16998;RUA COSME JERONIMO;RUA 25 DE MAIO;;0;;Atropelamento;Anoitecer;;;Cruz;N?úo H?í Controle;;0;0;2;0;0;0;0;0;0;0;0;0;-3,822912000000000;-38,586623000000000
272185;29;10;2015;17:16;0;AV H CJ CEARA;;;0;;Atropelamento;Anoitecer;;;Meio de Quadra;;;0;0;2;0;0;0;0;0;0;0;0;0;;
272183;29;10;2015;16:56;0;RUA C UI 204;;;0;;Colis?úo;Luz do Dia;;;Meio de Quadra;;;0;0;2;0;0;0;0;0;0;0;0;0;;
269685;29;10;2015;00:29;722;AV TEN LISBOA;RUA ENG JOAO NOGUEIRA;;0;;Queda;;;;;;;0;1;0;0;0;0;0;0;0;1;0;0;-3,719515000000000;-38,562585000000000
269741;29;10;2015;22:40;0;RUA JORGE FIGUEIREDO (ANCURI);;;0;;Atropelamento;;;;Meio de Quadra;;;0;1;1;1;0;0;0;0;0;0;0;0;;
269747;29;10;2015;04:18;5356;AV DUQ CAXIAS;RUA GAL SAMPAIO;;0;;Queda;;;;Cruz;Sem?íforo;Misto;0;1;0;0;0;0;0;0;0;1;0;0;-3,731096000000000;-38,532029000000000
269736;29;10;2015;18:11;0;RUA PORTO VELHO;;;0;;Colis?úo;Anoitecer;;;Meio de Quadra;;;0;1;0;0;0;0;0;0;0;0;0;0;-3,769310000000000;-38,580815000000000
269737;29;10;2015;19:28;0;RD BR 116;;;1000;KM-01;Colis?úo;;;;Meio de Quadra;;;0;1;0;0;0;0;0;0;0;0;0;0;-3,762554000000000;-38,518702000000000
269734;29;10;2015;17:51;0;AV PRS CASTELO BRANCO;;;0;;Atropelamento;Anoitecer;;;Meio de Quadra;;;0;1;1;0;0;0;0;0;0;1;0;0;;
269729;29;10;2015;17:34;0;RUA ARTUR DE SOUZA;;;0;;Colis?úo;Anoitecer;;;Meio de Quadra;;;0;1;0;0;0;0;0;0;0;0;0;0;;
269712;29;10;2015;12:55;0;RUA VICENTE LINHARES;;;0;;Queda;Luz do Dia;;;Meio de Quadra;;;0;1;0;0;0;0;0;0;0;1;0;0;-3,741390000000000;-38,502574000000000
269698;29;10;2015;09:03;23389;RUA CAP TIBURCIO DA FROTA;RUA SABINO MONTE;;0;;Colis?úo;Luz do Dia;;;Cruz;Pare;Residencial;0;1;1;1;0;0;0;0;0;1;0;0;-3,754815000000000;-38,512291000000000
269692;29;10;2015;07:09;0;AV ALM HENRIQUE SABOIA;;;0;;Colis?úo;Luz do Dia;;;Meio de Quadra;;;0;1;1;1;0;0;0;0;0;1;0;0;;
269694;29;10;2015;07:25;0;ET PAVUNA;;;0;;Colis?úo;Luz do Dia;;;Meio de Quadra;;;0;1;0;0;0;0;0;0;0;1;0;0;-3,819640000000000;-38,558615000000000
269688;29;10;2015;06:47;0;RUA ANDRE REBOUCAS;;;0;;Colis?úo;Luz do Dia;;;Meio de Quadra;;;0;1;1;1;0;0;0;0;0;1;0;0;-3,775539000000000;-38,590726000000000
269709;29;10;2015;10:57;0;AV DR SILAS MUNGUBA;;;0;;Colis?úo;Luz do Dia;;;Meio de Quadra;;;0;1;1;1;0;0;0;0;0;1;0;0;-3,790690000000000;-38,539417000000000
260203;29;10;2015;14:20;0;RD CE-040;;;0;KM-05;;Luz do Dia;;Seca;Meio de Quadra;;;0;0;2;1;1;0;0;0;0;0;0;0;-3,790876000000000;-38,480349000000000
272201;29;10;2015;18:56;0;RUA PDE FRANCISCO PITA;;;0;;Atropelamento;;;;Meio de Quadra;;;0;0;2;0;0;0;0;0;0;0;0;0;;
260763;29;10;2015;08:40;0;AV DUQ CAXIAS;;;1341;;Colis?úo Lateral;Luz do Dia;Bom;Seca;Meio de Quadra;Sem?íforo;Comercial;0;0;2;1;0;0;0;0;0;0;0;0;-3,729767000000000;-38,536160000000000
260738;29;10;2015;18:10;0;AV ANTONIO SALES;;;935;;Colis?úo Transversal;Via Iluminada;Bom;Seca;;;;0;1;2;1;0;0;0;0;0;1;0;0;-3,742046000000000;-38,513384000000000
260761;29;10;2015;18:30;25165;AV ROGACIANO LEITE;RUA HENRIQUE DE CASTRO;;0;;Colis?úo Transversal;Via Iluminada;Chuva;Seca;Cruz;Pare;Comercial;0;1;1;1;0;0;0;0;0;1;0;0;-3,776997000000000;-38,500639000000000
260765;29;10;2015;12:15;0;RUA BAR CRATO;;;1490;;Colis?úo Transversal;Luz do Dia;Bom;Seca;Meio de Quadra;Pare;Residencial;0;1;1;0;0;0;0;0;0;1;0;0;;
260766;29;10;2015;08:20;13177;AV D CJ JOSE WALTER;AV I CJ JOSE WALTER;;0;;Colis?úo Lateral;Luz do Dia;Bom;Seca;Rotat??ria;D?¬ Prefer?¬ncia;Comercial;0;0;2;1;0;0;0;0;0;0;0;0;-3,832440000000000;-38,552957000000000
260767;29;10;2015;09:40;13592;AV PONTES VIEIRA;RUA PRO CARVALHO;;0;;Colis?úo Traseira;Luz do Dia;Bom;Seca;Cruz;Sem?íforo;Comercial;0;0;2;1;0;0;0;0;0;0;0;0;-3,752890000000000;-38,514949000000000
260768;29;10;2015;15:00;19683;RUA PRO JOSE DE BARCELOS;RUA AZEVEDO BOLAO;;0;;Colis?úo Transversal;Luz do Dia;Bom;Seca;Cruz;Pare;Residencial;0;1;1;1;0;0;0;0;0;1;0;0;-3,735196000000000;-38,550610000000000
260774;29;10;2015;13:00;0;AV LUCIANO CARNEIRO;;;0;;Colis?úo Transversal;Luz do Dia;Bom;Seca;Meio de Quadra;;;0;1;1;1;0;0;0;0;0;1;0;0;-3,754535000000000;-38,533489000000000
260783;29;10;2015;08:30;0;AV PRS CASTELO BRANCO;;;2321;;Engavetamento;Luz do Dia;Bom;Seca;Meio de Quadra;N?úo H?í Controle;Residencial;0;0;3;1;0;0;0;0;0;0;0;0;-3,713720000000000;-38,548558000000000
260780;29;10;2015;10:30;0;AV JOSE BASTOS;;;3612;;Engavetamento;Luz do Dia;Bom;Seca;Meio de Quadra;Sem?íforo;Comercial;0;0;3;1;0;0;0;0;0;0;0;0;-3,750699000000000;-38,551162000000000
260781;29;10;2015;10:00;0;RUA ANTONIO POMPEU;;;319;;Colis?úo Traseira;Luz do Dia;Bom;Seca;Meio de Quadra;Sem?íforo;Residencial;0;0;2;1;0;0;0;0;0;0;0;0;-3,735932000000000;-38,527002000000000
260778;29;10;2015;19:00;0;AV AGUANAMBI;;;0;ROTAT?ôRIA;Colis?úo Lateral;Via Iluminada;Bom;Seca;Meio de Quadra;D?¬ Prefer?¬ncia;Comercial;0;0;2;1;0;0;0;0;0;0;0;0;-3,755538000000000;-38,523043000000000
260776;29;10;2015;11:00;22849;RUA DR JUSTA ARAUJO D45;RUA CON LIMA SUCUPIRA;;0;;Colis?úo Lateral;Luz do Dia;Bom;Seca;Cruz;Pare;Misto;0;0;3;1;1;0;0;0;0;0;0;0;-3,778167000000000;-38,550832000000000
260810;29;10;2015;09:00;19729;RUA AZEVEDO BOLAO;RUA DOM JOSE LOURENCO  D27;;0;;Colis?úo Transversal;Luz do Dia;Bom;Seca;Cruz;Pare;Residencial;0;2;0;1;0;0;0;0;0;1;0;0;-3,736965000000000;-38,559267000000000
260797;29;10;2015;14:45;0;AV ALM HENRIQUE SABOIA;;;0;;Engavetamento;Luz do Dia;Bom;Seca;Meio de Quadra;;Comercial;0;0;2;1;0;0;0;0;0;0;0;0;;
260798;29;10;2015;16:40;0;RUA CARLOS VASCONCELOS;;;590;;Colis?úo Lateral;Luz do Dia;Bom;Seca;Meio de Quadra;N?úo H?í Controle;Residencial;0;0;2;1;0;0;0;0;0;0;0;0;-3,726638000000000;-38,508749000000000
260791;29;10;2015;18:00;5143;RUA MON CARNEIRO DA CUNHA;AV FILOMENO GOMES;;0;;Colis?úo Lateral;Luz do Dia;Bom;Seca;T;Pare;Residencial;0;0;2;1;1;0;0;0;0;0;0;0;-3,724629000000000;-38,541718000000000
260785;29;10;2015;20:30;0;AV ALBERTO CRAVEIRO;;;0;;Colis?úo Traseira;Anoitecer;Bom;Seca;Outros;N?úo H?í Controle;Misto;0;0;2;1;0;0;1;0;0;0;0;0;;
260786;29;10;2015;10:30;0;AV DOM MANUEL;;;0;;Engavetamento;Luz do Dia;Bom;Seca;Meio de Quadra;N?úo H?í Controle;Comercial;0;0;3;1;0;0;0;0;0;0;0;0;;
260793;29;10;2015;09:20;0;RUA MARIA GOMES DE SA;;;2000;;Colis?úo Lateral;Luz do Dia;Bom;Seca;Meio de Quadra;N?úo H?í Controle;Comercial;0;1;1;0;0;0;0;0;0;1;0;0;-3,821618000000000;-38,585453000000000
260794;29;10;2015;10:45;0;AV D CJ CEARA;;;1536;;Colis?úo Transversal;Luz do Dia;Bom;Seca;Meio de Quadra;N?úo H?í Controle;Comercial;0;1;1;1;0;0;0;0;0;1;0;0;-3,765347000000000;-38,601720000000000
260795;29;10;2015;15:40;348;RUA PRO LINO ENCARNACAO;RUA CESAR FONTENELE;;0;;Colis?úo Transversal;Luz do Dia;Bom;Seca;Cruz;Pare;Misto;0;0;2;1;0;0;0;0;0;0;0;0;-3,746359000000000;-38,559596000000000
260733;29;10;2015;12:00;0;AV JOVITA FEITOSA;;;1216;;Colis?úo Lateral;Luz do Dia;Bom;Seca;Meio de Quadra;Outros;Comercial;0;0;2;0;1;0;0;0;0;0;0;0;-3,739580000000000;-38,555069000000000
272203;30;10;2015;09:56;0;TR EDSON QUEIROZ;;;0;;Colis?úo;Luz do Dia;;;Meio de Quadra;;;0;0;2;0;0;0;0;0;0;0;0;0;;
272211;30;10;2015;11:19;0;RUA ALTANEIRA;;;0;;Colis?úo;Luz do Dia;;;Meio de Quadra;;;0;0;2;0;0;0;0;0;0;0;0;0;;
272212;30;10;2015;11:46;0;AV PRS COSTA E SILVA;;;0;;Colis?úo;Luz do Dia;;;Meio de Quadra;;;0;0;2;0;0;0;0;0;0;0;0;0;;
272213;30;10;2015;12:26;12644;RUA ALBERTO FERREIRA;RUA ABELARDO FERREIRA;;0;;Colis?úo;Luz do Dia;;;Cruz;Pare;Residencial;0;0;2;0;0;0;0;0;0;0;0;0;-3,719517000000000;-38,582979000000000
272206;30;10;2015;10:23;0;RUA POE MARIO LINHARES (J.WALTER);;;0;;Colis?úo;Luz do Dia;;;Meio de Quadra;;;0;1;1;0;0;0;0;0;0;0;0;0;;
272220;30;10;2015;13:10;0;AV CONTORNO NORTE D71;;;0;;Colis?úo;Luz do Dia;;;Meio de Quadra;;;0;0;2;0;0;0;0;0;0;0;0;0;;
272221;30;10;2015;15:41;0;AV SANTOS DUMONT;;;0;;Colis?úo;Luz do Dia;;;Meio de Quadra;;;0;0;2;0;0;0;0;0;0;0;0;0;;
272223;30;10;2015;15:45;741;RUA IRINEU DE SOUZA;RUA TOMAS GONZAGA;;0;;Colis?úo;Luz do Dia;;;Cruz;Pare;Residencial;0;0;2;0;0;0;0;0;0;0;0;0;-3,710743000000000;-38,568301000000000
272224;30;10;2015;;12620;RUA TULIPA;RUA COS LAFAYETE;;0;;Colis?úo;;;;Cruz;Pare;Residencial;0;0;2;0;0;0;0;0;0;0;0;0;-3,718159000000000;-38,580936000000000
260211;30;10;2015;06:30;0;RD CE-040;;;0;KM-10;Colis?úo;Luz do Dia;;Seca;Meio de Quadra;;;0;0;2;1;0;0;0;0;0;0;0;0;-3,838671000000000;-38,480068000000000
269748;30;10;2015;06:28;0;AV DEP PAULINO ROCHA;;;0;;Queda;Luz do Dia;;;Meio de Quadra;;;0;1;0;0;0;0;0;0;0;1;0;0;;
269749;30;10;2015;06:56;0;RUA TEBAS;;;0;;Colis?úo;Luz do Dia;;;Meio de Quadra;;;0;1;1;1;0;0;0;0;0;1;0;0;;
269754;30;10;2015;08:28;0;RUA PRC ISABEL;;;0;;Colis?úo;Luz do Dia;;;Meio de Quadra;;;0;1;1;1;0;0;0;0;0;1;0;0;-3,731186000000000;-38,536842000000000
269755;30;10;2015;09:01;0;RUA CEL FRANCISCO PEREIRA (MESSEJANA);;;0;;Atropelamento;Luz do Dia;;;Meio de Quadra;;;0;1;0;0;0;0;0;0;1;0;0;0;-3,829478000000000;-38,492613000000000
269756;30;10;2015;10:12;0;AV DR SILAS MUNGUBA;;;0;;Queda;Luz do Dia;;;Meio de Quadra;;;0;1;0;0;0;0;0;0;0;1;0;0;;
269902;30;10;2015;15:08;0;AV AUGUSTO DOS ANJOS;;;0;;;Luz do Dia;;;Meio de Quadra;;;0;1;0;0;0;0;0;0;0;1;0;0;-3,776718000000000;-38,576139000000000
269908;30;10;2015;16:17;0;AV ALBERTO CRAVEIRO;;;0;;Queda;Luz do Dia;;;Meio de Quadra;;;0;1;0;0;0;0;0;0;0;1;0;0;;
269905;30;10;2015;16:01;0;RUA TEN JOSE NEWTON;;;0;;Colis?úo;Luz do Dia;;;Meio de Quadra;;;0;1;0;0;0;0;0;0;0;0;0;0;-3,823680000000000;-38,491533000000000
269906;30;10;2015;16:06;0;AV MAE LISBOA;;;0;;Queda;Luz do Dia;;;Meio de Quadra;;;0;1;0;0;0;0;0;0;0;1;0;0;;
269912;30;10;2015;18:02;3204;RUA ACACIAS D34;RUA EMILIO DE MENESES;;0;;Colis?úo;Anoitecer;;;Cruz;Pare;Residencial;0;1;0;0;0;0;0;0;0;0;0;0;-3,780938000000000;-38,590283000000000
269913;30;10;2015;21:14;0;RUA ROSINHA SAMPAIO;;;0;;Atropelamento;;;;Meio de Quadra;;;0;1;1;1;0;0;0;0;0;0;0;0;-3,725891000000000;-38,591675000000000
269916;30;10;2015;21:28;0;RUA JOSE GONCALVES LIMA;;;0;;Colis?úo;;;;Meio de Quadra;;;0;1;1;1;0;0;0;0;0;1;0;0;;
269917;30;10;2015;21:48;0;RUA DR FERNANDO AUGUSTO;;;0;;Queda;;;;Meio de Quadra;;;0;1;0;0;0;0;0;0;0;1;0;0;-3,790706000000000;-38,610278000000000
269922;30;10;2015;23:18;0;AV SEN FERNANDES TAVORA;;;0;;Atropelamento;;;;Meio de Quadra;;;0;1;1;0;0;0;0;0;0;1;0;0;;
269927;30;10;2015;23:35;0;RUA MIGUEL GURGEL;;;0;;Colis?úo;;;;Meio de Quadra;;;0;1;0;0;0;0;0;0;0;0;0;0;;
269884;30;10;2015;14:51;0;AV GAL OSORIO DE PAIVA;;;0;;Colis?úo;Luz do Dia;;;Meio de Quadra;;;0;1;1;1;0;0;0;0;0;1;0;0;-3,804341000000000;-38,601701000000000
269865;30;10;2015;12:56;0;AV N CJ JOSE WALTER;;;0;;Queda;Luz do Dia;;;Meio de Quadra;;;0;1;0;0;0;0;0;0;0;1;0;0;;
269822;30;10;2015;11:53;0;RUA MON DANTAS;;;0;;Atropelamento;Luz do Dia;;;Meio de Quadra;;;0;1;1;0;0;0;0;0;0;1;0;0;;
269825;30;10;2015;12:05;0;RUA GUILHERME MENDES;;;0;;Colis?úo;Luz do Dia;;;Meio de Quadra;;;0;1;1;1;0;0;0;0;0;1;0;0;;
269817;30;10;2015;11:23;0;AV CEL CARVALHO;;;0;;Colis?úo;Luz do Dia;;;Meio de Quadra;;;0;1;0;0;0;0;0;0;0;0;0;0;;
269766;30;10;2015;11:23;0;AV CEL CARVALHO;;;0;;Colis?úo;Luz do Dia;;;Meio de Quadra;;;0;1;1;1;0;0;0;0;0;1;0;0;;
259334;30;10;2015;20:00;0;RD BR 116;;;8000;KM-08;Colis?úo;Via Iluminada;Bom;Seca;Meio de Quadra;N?úo H?í Controle;Comercial;0;0;2;1;0;0;0;0;0;0;0;0;-3,822018000000000;-38,503269000000000
259335;30;10;2015;20:45;0;RD BR 116;;;4000;KM-04;Colis?úo;Via Iluminada;Bom;Seca;Meio de Quadra;N?úo H?í Controle;Comercial;0;1;1;0;0;0;0;0;0;1;0;0;-3,788331000000000;-38,510646000000000
259331;30;10;2015;13:15;0;RD BR 116;;;9000;KM-09;Colis?úo Lateral;Luz do Dia;Bom;Seca;Meio de Quadra;N?úo H?í Controle;Comercial;0;0;2;1;0;0;1;0;0;0;0;0;-3,830837000000000;-38,504865000000000
266055;30;10;2015;10:50;0;RUA ALBERTO FEITOSA LIMA;;;0;;Outros;Luz do Dia;;;Meio de Quadra;;;0;0;1;1;0;0;0;0;0;0;0;0;;
260902;30;10;2015;18:10;15232;RUA DEP MOREIRA DA ROCHA;RUA SILVA PAULET;;0;;Engavetamento;Via Iluminada;Bom;Seca;Cruz;N?úo H?í Controle;Residencial;0;1;2;1;0;0;0;0;0;0;0;0;-3,727526000000000;-38,503194000000000
260912;30;10;2015;10:30;0;RUA VALMIR PONTES;;;0;;Colis?úo Traseira;Luz do Dia;Bom;Seca;Meio de Quadra;N?úo H?í Controle;Escola;0;1;1;1;0;0;0;0;0;1;0;0;;
260913;30;10;2015;07:45;5421;AV VIS RIO BRANCO;AV DUQ CAXIAS;;0;;Colis?úo Transversal;Luz do Dia;Bom;Seca;Cruz;Sem?íforo;Comercial;0;0;2;1;0;0;1;0;0;0;0;0;-3,733481000000000;-38,524603000000000
260933;30;10;2015;06:50;0;AV PRS CASTELO BRANCO;;;0;;Colis?úo Lateral;Luz do Dia;Bom;Seca;;N?úo H?í Controle;Comercial;0;0;3;0;0;0;0;0;0;1;0;0;;
260934;30;10;2015;06:00;0;RUA FRE MANSUETO;;;160;;Colis?úo Traseira;Luz do Dia;Bom;Seca;Meio de Quadra;N?úo H?í Controle;Misto;0;0;2;1;0;0;0;0;0;0;0;0;-3,726287000000000;-38,489340000000000
260935;30;10;2015;08:00;14367;RUA GERSON FARIAS;RUA NAT FEIJO;;0;;Colis?úo Transversal;Luz do Dia;Bom;Seca;Cruz;Pare;Residencial;0;1;1;1;0;0;0;0;0;1;0;0;-3,722386000000000;-38,552399000000000
260937;30;10;2015;08:30;99;RUA MARTINS NETO;RUA TOMAS RODRIGUES;;0;;Colis?úo Lateral;Luz do Dia;Bom;Seca;Cruz;Pare;Misto;0;0;2;0;0;0;1;0;0;0;0;0;-3,741063000000000;-38,593771000000000
260938;30;10;2015;11:00;45;RUA PRO JOSE LEITE GONDIM;RUA SALGADO FILHO;;0;;Colis?úo Lateral;Luz do Dia;Bom;Seca;Cruz;Pare;Residencial;0;0;2;1;0;0;1;0;0;0;0;0;-3,742366000000000;-38,595030000000000
260927;30;10;2015;14:30;0;AV BEZERRA DE MENEZES;;;1802;;Colis?úo;Luz do Dia;;;Meio de Quadra;;;0;1;1;0;1;0;0;0;0;1;0;0;-3,734772000000000;-38,560286000000000
260924;30;10;2015;06:20;0;AV 13 DE MAIO;;;2686;;Choque c/ Obst?ículo Fixo;Luz do Dia;Bom;Seca;Meio de Quadra;N?úo H?í Controle;Comercial;0;0;1;1;0;0;0;0;0;0;0;0;-3,740908000000000;-38,539169000000000
260931;30;10;2015;10:40;5436;RUA JAIME BENEVOLO;RUA GAL CLARINDO DE QUEIROZ;;0;;Colis?úo Lateral;Luz do Dia;Bom;Seca;Cruz;Pare;Comercial;0;0;2;1;1;0;0;0;0;0;0;0;-3,734060000000000;-38,526017000000000
260929;30;10;2015;02:40;15251;RUA DEP MOREIRA DA ROCHA;RUA TIBURCIO CAVALCANTE;;0;;Colis?úo Transversal;Via Iluminada;Bom;Seca;Cruz;Sem?íforo;Comercial;0;1;1;1;0;0;0;0;0;1;0;0;-3,728066000000000;-38,500041000000000
260918;30;10;2015;17:40;0;AV LINEU MACHADO;;;1165;;Colis?úo Traseira;Via Iluminada;Bom;Seca;Meio de Quadra;Sem?íforo;Residencial;0;0;2;1;0;0;0;0;0;0;0;0;-3,770000000000000;-38,579068000000000
260919;30;10;2015;16:50;0;AV PDE ANTONIO TOMAS;;;749;;Colis?úo Traseira;Luz do Dia;Bom;Seca;Meio de Quadra;N?úo H?í Controle;Comercial;0;1;1;1;0;0;0;0;0;1;0;0;-3,741003000000000;-38,497060000000000