COD_ACIDENTE;DIA;MES;ANO;HORA;INTERSECAO;LOG1;LOG2;LOG3;NUMERO;REFERENCIA;NATUREZA;ILUMINACAO;TEMPO;SUPERFICIEPISTA;TIPOCRUZAMENTO;CONTROLETRAFEGO;USOSOLO;MORTOS;FERIDOS;ILESOS;AUTOMOVEL;ONIBUS;BICICLETA;CAMINHAO;MICROONIBUS;CICLOMOTOR;MOTOCICLETA;TRACAOANIMAL;TREM;LATITUDE;LONGITUDE
260915;30;10;2015;19:45;0;RUA JOSE HIPOLITO;;;0;;Colis?úo Lateral;Via Iluminada;Bom;Seca;Meio de Quadra;Pare;Comercial;0;0;2;1;0;0;0;0;0;0;0;0;;
261027;30;10;2015;15:30;0;AV PRO GOMES DE MATOS;;;576;;Colis?úo Traseira;Luz do Dia;Bom;Seca;Meio de Quadra;N?úo H?í Controle;Comercial;0;0;2;1;1;0;0;0;0;0;0;0;-3,758768000000000;-38,543566000000000
261033;30;10;2015;08:40;4319;AV VICENTE DE CASTRO;AV JOSE SABOIA;;0;;Colis?úo Lateral;Luz do Dia;Bom;Seca;Cruz;N?úo H?í Controle;Comercial;0;0;2;1;0;0;0;0;0;0;0;0;-3,713785000000000;-38,473200000000000
261034;30;10;2015;15:50;1226;RUA COSTA BARROS;RUA ISAC MEYER;;0;;Colis?úo Lateral;Luz do Dia;Bom;Seca;Cruz;Pare;Comercial;0;0;2;1;0;0;0;0;0;0;0;0;-3,730316000000000;-38,511671000000000
261035;30;10;2015;17:38;6821;RUA VILEBALDO AGUIAR;RUA DR RIBAMAR LOBO;;0;;Colis?úo Frontal;Via Iluminada;Bom;Seca;Cruz;Pare;Residencial;0;0;2;1;0;0;0;0;0;1;0;0;-3,746893000000000;-38,468111000000000
261029;30;10;2015;10:30;0;RUA JOSE FACANHA;;;0;;Colis?úo Lateral;Luz do Dia;Bom;Seca;Meio de Quadra;N?úo H?í Controle;Comercial;0;0;2;1;0;0;0;0;0;0;0;0;;
261030;30;10;2015;18:30;24908;RUA ANTONIO ARRUDA;RUA PEDRO SAMPAIO;;0;;Colis?úo Transversal;Via Iluminada;Bom;Seca;Cruz;Pare;Residencial;0;1;1;1;0;0;0;0;0;1;0;0;-3,724119000000000;-38,595168000000000
261031;30;10;2015;22:00;5051;RUA SEN JAGUARIBE;RUA SEN POMPEU;;0;;Colis?úo Transversal;Via Iluminada;Bom;Seca;Cruz;Pare;Comercial;0;0;2;1;0;0;0;0;0;0;0;0;-3,721667000000000;-38,528055000000000
261025;30;10;2015;13:20;3992;RUA ALBERTO MAGNO;RUA RAUL UCHOA;;0;;Colis?úo Lateral;;Bom;Seca;Cruz;Pare;Comercial;0;1;1;1;0;0;0;0;0;1;0;0;-3,760225000000000;-38,545916000000000
261022;30;10;2015;16:10;19611;RUA NEREU RAMOS;AV GODOFREDO MACIEL;;0;;Colis?úo Traseira;Luz do Dia;Bom;Seca;T;Sem?íforo;Residencial;0;1;1;1;0;0;0;0;0;1;0;0;-3,787250000000000;-38,566802000000000
261010;30;10;2015;16:20;18428;AV SGT HERMINIO SAMPAIO;RUA PLANALTINA (PL AYRTON SENNA);;0;;Colis?úo Transversal;Luz do Dia;Bom;Seca;Cruz;Outros;Comercial;0;2;1;1;0;0;0;0;0;1;0;0;-3,729048000000000;-38,572991000000000
261011;30;10;2015;18:00;9142;RUA MON OTAVIO CASTRO;RUA GUILHERME MOREIRA;;0;;Colis?úo Transversal;Via Iluminada;Bom;Seca;Cruz;Pare;Residencial;0;0;2;1;0;0;0;0;0;0;0;0;-3,750182000000000;-38,526504000000000
261012;30;10;2015;21:30;340;RUA CESAR FONTENELE;RUA DOM JOSE LOURENCO  D27;;0;;Colis?úo Traseira;Via Iluminada;Bom;Seca;Cruz;Pare;Misto;0;0;2;1;0;0;0;0;0;0;0;0;-3,745892000000000;-38,557429000000000
261015;30;10;2015;16:40;15298;RUA ANA BILHAR;RUA BARBOSA DE FREITAS;;0;;Colis?úo Transversal;;Bom;Seca;Cruz;Pare;Residencial;0;2;1;1;0;0;0;0;0;1;0;0;-3,729646000000000;-38,495143000000000
261016;30;10;2015;19:00;0;AV JOSE BASTOS;;;5107;;Colis?úo Traseira;Luz do Dia;Bom;Seca;Meio de Quadra;N?úo H?í Controle;Comercial;0;2;1;0;0;0;0;0;0;1;0;0;-3,757774000000000;-38,562297000000000
261020;30;10;2015;08:55;0;AV JOSE BASTOS;;;5107;;Colis?úo Traseira;Luz do Dia;Bom;Seca;Meio de Quadra;N?úo H?í Controle;Comercial;0;0;3;1;0;0;0;0;0;0;0;0;-3,757774000000000;-38,562297000000000
261036;31;10;2015;07:50;23672;AV OLAVO BILAC;RUA VIS ICO D20;;0;;Colis?úo Transversal;Luz do Dia;Bom;Seca;T;Pare;Misto;0;0;2;1;0;0;0;0;0;0;0;0;-3,722023000000000;-38,566730000000000
261039;31;10;2015;07:40;0;AV LUCIANO CARNEIRO;;;0;;Colis?úo Frontal;Luz do Dia;Bom;Seca;Meio de Quadra;Sem?íforo;Comercial;0;1;1;1;0;0;0;0;0;1;0;0;;
261076;31;10;2015;10:25;0;AV DR SILAS MUNGUBA;;;3950;;Colis?úo Lateral;Luz do Dia;Bom;Seca;Meio de Quadra;N?úo H?í Controle;Comercial;0;1;1;1;1;0;0;0;0;0;0;0;-3,791022000000000;-38,538441000000000
261066;31;10;2015;09:55;0;AV GAL OSORIO DE PAIVA;;;552;;Colis?úo Lateral;Luz do Dia;Bom;Seca;Meio de Quadra;Outros;Comercial;0;1;2;1;1;1;0;0;0;0;0;0;-3,776229000000000;-38,567447000000000
261068;31;10;2015;14:15;12352;RUA MON HIPOLITO BRASIL;RUA ERNESTO PEDRO SANTOS;;0;;Colis?úo Transversal;Luz do Dia;Bom;Seca;Cruz;Pare;Residencial;0;0;2;1;0;0;0;0;0;0;0;0;-3,760775000000000;-38,575314000000000
261058;31;10;2015;11:00;0;AV CARAPINIMA;;;2600;;Colis?úo Traseira;Luz do Dia;Nublado;Seca;Meio de Quadra;Sem?íforo;Misto;0;1;1;1;0;0;0;0;0;1;0;0;-3,741779000000000;-38,542017000000000
261062;31;10;2015;08:00;0;AV GAL OSORIO DE PAIVA;;;2966;;Colis?úo;Luz do Dia;Bom;Seca;Meio de Quadra;Outros;Residencial;0;1;1;0;0;0;0;0;0;1;0;0;-3,788262000000000;-38,586016000000000
261056;31;10;2015;20:38;0;AV HIS RAIMUNDO GIRAO;;;164;;Colis?úo Lateral;Via Iluminada;Bom;Seca;Meio de Quadra;Sem?íforo;Residencial;0;0;2;1;0;0;0;1;0;0;0;0;-3,720414000000000;-38,514075000000000
261054;31;10;2015;18:00;13564;RUA CAP GUSTAVO;RUA CASTRO ALVES;;0;;Colis?úo Transversal;Via Iluminada;Bom;Seca;Cruz;Pare;Residencial;0;0;2;1;0;0;0;0;0;0;0;0;-3,749887000000000;-38,517747000000000
261050;31;10;2015;09:50;0;AV JULIO VENTURA;;;1721;;Colis?úo Lateral;Luz do Dia;Bom;Seca;Meio de Quadra;Sem?íforo;Comercial;0;0;2;1;0;0;0;0;0;0;0;0;-3,738885000000000;-38,508486000000000
261051;31;10;2015;00:30;0;RUA ALBERTO MAGNO;;;608;;Colis?úo Traseira;Mal Iluminada;Bom;Seca;Meio de Quadra;N?úo H?í Controle;;0;0;3;1;0;0;0;0;0;0;0;0;-3,761017000000000;-38,546608000000000
261042;31;10;2015;02:00;3346;RUA VIRIATO RIBEIRO;RUA GOIAS;;0;;Colis?úo Transversal;Via Iluminada;Bom;Seca;Cruz;Pare;Misto;0;2;0;0;0;0;0;0;0;1;0;0;-3,751304000000000;-38,560246000000000
261048;31;10;2015;10:20;1530;RUA TIBURCIO CAVALCANTE;AV JULIO VENTURA;;0;;Colis?úo Transversal;;Bom;Seca;Cruz;Sem?íforo;Comercial;0;1;1;1;0;0;0;0;0;1;0;0;-3,740609000000000;-38,504074000000000
269078;31;10;2015;16:40;1393;AV RUI BARBOSA;RUA JOAO CARVALHO;;0;;Colis?úo;Luz do Dia;;;Cruz;Sem?íforo;Residencial;0;1;1;1;0;0;0;0;0;0;0;0;-3,736928000000000;-38,509731000000000
261094;31;10;2015;05:40;17399;RUA ISAIE BORIS;RUA CEL ALEXANDRINO;;0;;Choque c/ Obst?ículo Fixo;Amanhecer;Bom;Seca;;Sem?íforo;Residencial;0;1;0;1;0;0;0;0;0;0;0;0;-3,767501000000000;-38,549634000000000
261095;31;10;2015;11:00;0;AV CARNEIRO DE MENDONCA;;;480;;Colis?úo Lateral;Luz do Dia;Nublado;Seca;Meio de Quadra;Outros;Comercial;0;1;1;1;0;0;0;0;0;1;0;0;-3,765594000000000;-38,563721000000000
261096;31;10;2015;15:20;24029;RUA DR MANOEL RODRIGUES MONTEIRO;RUA MIGUEL CALMON;;0;;Colis?úo Transversal;Luz do Dia;Bom;Seca;;;;0;2;1;0;0;0;0;0;0;1;0;0;-3,727929000000000;-38,464369000000000
261091;31;10;2015;17:30;15803;RUA PDE PEDRO DE ALENCAR;RUA CEL JOAQUIM BEZERRA;;0;;Colis?úo Transversal;Via Iluminada;Bom;Seca;T;Pare;Comercial;0;1;1;1;0;0;0;0;0;1;0;0;-3,831384000000000;-38,493968000000000
261092;31;10;2015;02:45;0;AV DA UNIVERSIDADE;;;3057;;Choque c/ Obst?ículo Fixo;Via Iluminada;Bom;Seca;Meio de Quadra;N?úo H?í Controle;Residencial;0;0;1;0;0;0;0;0;0;0;0;0;-3,742738000000000;-38,540721000000000
261087;31;10;2015;19:00;0;RUA PDE PEDRO DE ALENCAR;;;316;;Colis?úo Lateral;Via Iluminada;Bom;Seca;Meio de Quadra;N?úo H?í Controle;Comercial;0;0;2;1;0;0;0;0;0;0;0;0;-3,830464000000000;-38,493856000000000
261083;31;10;2015;10:35;0;RUA BAR SOBRAL;;;872;;Colis?úo Lateral;Luz do Dia;Bom;Seca;Meio de Quadra;N?úo H?í Controle;Residencial;0;1;1;1;0;0;0;0;0;1;0;0;-3,765514000000000;-38,556914000000000
269930;31;10;2015;05:12;0;RUA PLANALTINA (PL AYRTON SENNA);;;0;;Queda;Amanhecer;;;Meio de Quadra;;;0;1;0;0;0;0;0;0;0;1;0;0;;
260228;31;10;2015;05:00;0;RD CE-025;;;0;KM-06;Colis?úo;Via Iluminada;;Seca;Meio de Quadra;;;0;0;2;1;0;0;0;0;0;0;0;0;-3,810993000000000;-38,426982000000000
260235;31;10;2015;20:00;0;RD CE-040;;;0;KM-10;Colis?úo;Via Iluminada;;Seca;Meio de Quadra;;;0;2;1;1;0;0;0;0;0;1;0;0;-3,838671000000000;-38,480068000000000
260233;31;10;2015;15:50;0;RD CE-040;;;0;KM-03;Colis?úo;Luz do Dia;;Seca;Meio de Quadra;;;0;0;2;1;0;0;1;0;0;0;0;0;-3,783185000000000;-38,481014000000000
272227;31;10;2015;01:14;0;RUA ANTONIO GADELHA;;;0;;Colis?úo Frontal;;;;Meio de Quadra;;;0;0;2;0;0;0;0;0;0;0;0;0;;
272245;31;10;2015;14:03;0;RUA PRIMEIRO DE MAIO D34;;;0;;Colis?úo;Luz do Dia;;;Meio de Quadra;;;0;0;2;0;0;0;0;0;0;0;0;0;;
272236;31;10;2015;12:48;15357;RUA PEREIRA VALENTE;RUA LEONARDO MOTA;;0;;Colis?úo;Luz do Dia;;;Cruz;Pare;Misto;0;0;2;0;0;0;0;0;0;0;0;0;-3,732885000000000;-38,495134000000000
272251;31;10;2015;16:06;0;RUA CAP CLOVIS MAIA;;;0;;Colis?úo;Luz do Dia;;;Meio de Quadra;;;0;0;2;0;0;0;0;0;0;0;0;0;;
272277;31;10;2015;22:28;13396;RUA BAR ARACATI;RUA JOAO BRIGIDO;;0;;Colis?úo;;;;Cruz;Pare;Residencial;0;0;2;0;0;0;0;0;0;0;0;0;-3,740939000000000;-38,514697000000000
272278;31;10;2015;23:22;0;AV AGUANAMBI;;;0;;Colis?úo;;;;Meio de Quadra;;;0;0;2;0;0;0;0;0;0;0;0;0;;
272274;31;10;2015;22:23;0;RUA VITAL BRASIL;;;0;;Capotamento;;;;Meio de Quadra;;;0;0;1;0;0;0;0;0;0;0;0;0;;
272271;31;10;2015;22:22;0;RUA ITU;;;0;;Atropelamento;;;;Meio de Quadra;;;0;0;2;0;0;0;0;0;0;0;0;0;;
272267;31;10;2015;21:31;13534;AV SORIANO ALBUQUERQUE;RUA JOAO CORDEIRO;;0;;Colis?úo;;;;Cruz;Pare;Residencial;0;0;2;0;0;0;0;0;0;0;0;0;-3,747871000000000;-38,519458000000000
272268;31;10;2015;21:46;0;AV AGUANAMBI;;;0;;Colis?úo;;;;Meio de Quadra;;;0;0;2;0;0;0;0;0;0;0;0;0;;
272263;31;10;2015;19:26;0;AV BENJAMIM BRASIL;;;0;;Colis?úo;;;;Meio de Quadra;;;0;0;2;0;0;0;0;0;0;0;0;0;;
272264;31;10;2015;20:32;0;AV SEN FERNANDES TAVORA;;;0;JOCKEY;Colis?úo;;;;Meio de Quadra;;;0;0;2;0;0;0;0;0;0;0;0;0;;
272265;31;10;2015;21:30;0;RUA JOSE MENDONCA;;;0;;Colis?úo;;;;Meio de Quadra;;;0;0;2;0;0;0;0;0;0;0;0;0;;
272260;31;10;2015;19:00;0;RUA ANDRADE FURTADO;;;0;;Colis?úo;;;;Meio de Quadra;;;0;0;2;0;0;0;0;0;0;0;0;0;;
272261;31;10;2015;19:24;16057;AV GODOFREDO MACIEL;AV PRS COSTA E SILVA;;0;;Colis?úo;;;;;;;0;0;2;0;0;0;0;0;0;0;0;0;-3,811743000000000;-38,574739000000000
272258;31;10;2015;18:46;13610;RUA DR THOMPSON BULCAO;RUA JAIME LEONEL;;0;;Atropelamento;;;;T;Pare;Comercial;0;0;2;0;0;0;0;0;0;0;0;0;-3,768556000000000;-38,495292000000000
272253;31;10;2015;18:45;0;AV CAP GUTEMBERG BAUN;;;0;;Colis?úo;;;;Meio de Quadra;;;0;0;2;0;0;0;0;0;0;0;0;0;;
272239;31;10;2015;13:45;0;AV AGUANAMBI;;;0;;Colis?úo;Luz do Dia;;;Meio de Quadra;;;0;0;2;0;0;0;0;0;0;0;0;0;;
269944;31;10;2015;08:26;0;RUA MARTINS NETO;;;0;;Colis?úo;Luz do Dia;;;Meio de Quadra;;;0;1;0;0;0;0;0;0;0;1;0;0;;
269938;31;10;2015;06:23;0;RUA URUCUTUBA;;;0;;Atropelamento;Luz do Dia;;;Meio de Quadra;;;0;1;1;0;0;0;0;0;0;1;0;0;-3,797348000000000;-38,606641000000000
269942;31;10;2015;07:42;0;AV GAL OSORIO DE PAIVA;;;0;;Queda;Luz do Dia;;;Meio de Quadra;;;0;1;0;0;0;0;0;0;0;1;0;0;;
269933;31;10;2015;05:19;0;AV MR HULL;;;0;;Queda;Amanhecer;;;Meio de Quadra;;;0;1;0;0;0;0;0;0;0;1;0;0;-3,736821000000000;-38,570690000000000
270023;31;10;2015;10:19;0;AV RAD JOSE LIMA VERDE;;;0;;Colis?úo;Luz do Dia;;;Meio de Quadra;;;0;1;0;0;0;0;0;0;0;0;0;0;;
270019;31;10;2015;10:01;0;AV GAL OSORIO DE PAIVA;;;0;;Colis?úo;Luz do Dia;;;Meio de Quadra;;;0;2;0;0;0;0;0;0;0;0;0;0;;
270014;31;10;2015;09:43;0;AV PASTEUR;;;0;;Atropelamento;Luz do Dia;;;Meio de Quadra;;;0;1;1;0;0;0;0;0;0;1;0;0;-3,709763000000000;-38,558456000000000
270068;31;10;2015;20:48;0;AV DR SILAS MUNGUBA;;;0;;Queda;;;;Meio de Quadra;;;0;1;0;0;0;0;0;0;0;1;0;0;;
270064;31;10;2015;19:42;0;RUA PEDRO AGUIAR;;;0;;Atropelamento;;;;Meio de Quadra;;;0;1;1;0;0;0;0;0;0;1;0;0;-3,797892000000000;-38,546635000000000
270065;31;10;2015;20:32;0;AV JOSE BASTOS;;;0;;Queda;;;;Meio de Quadra;;;0;1;0;0;0;0;0;0;0;1;0;0;-3,752880000000000;-38,553342000000000
270047;31;10;2015;14:42;24199;RUA MANUEL RODRIGUES;RUA CEL JOSE AURELIO CAMARA;;0;;Colis?úo;Luz do Dia;;;;;;0;1;0;0;0;0;0;0;0;0;0;0;-3,732053000000000;-38,462666000000000
270052;31;10;2015;18:38;25227;AV A CJ CEARA;AV I CJ CEARA;;0;;Colis?úo;;;;;;;0;1;0;0;0;0;0;0;0;0;0;0;-3,766922000000000;-38,601152000000000
270053;31;10;2015;18:47;0;RUA PERNAMBUCO;;;0;;Colis?úo;;;;Meio de Quadra;;;0;1;1;1;0;0;0;0;0;1;0;0;-3,750980000000000;-38,578524000000000
270049;31;10;2015;18:02;0;AV ENG SANTANA JUNIOR;;;0;;Colis?úo;Anoitecer;;;Meio de Quadra;;;0;1;1;1;0;0;0;0;0;1;0;0;;
270043;31;10;2015;14:06;10013;RUA DUAS NACOES;RUA OLIVEIRA SOBRINHO;;0;;Colis?úo;Luz do Dia;;;Cruz;Pare;Rural;0;1;1;1;0;0;0;0;0;1;0;0;-3,778267000000000;-38,602409000000000
270037;31;10;2015;13:35;5501;RUA PDE VALDEVINO;RUA GONCALVES LEDO;;0;;Colis?úo;Luz do Dia;;;Cruz;N?úo H?í Controle;Comercial;0;1;1;1;0;0;0;0;0;1;0;0;-3,738571000000000;-38,518610000000000
270035;31;10;2015;12:41;0;RUA FERNANDO FARIAS DE MELO (MANUEL S?üTIRO);;;0;;Colis?úo;Luz do Dia;;;Meio de Quadra;;;0;1;0;0;0;0;0;0;0;0;0;0;;
260240;31;10;2015;18:30;0;RD CE-025;;;0;KM-05;Colis?úo;Via Iluminada;;Seca;Meio de Quadra;;;0;1;1;1;0;1;0;0;0;0;0;0;-3,810070000000000;-38,433120000000000
267898;1;11;2015;05:00;0;AV CEL CARVALHO;;;215;;Colis?úo;Amanhecer;;;Meio de Quadra;;;0;1;0;0;0;0;0;0;0;0;0;0;-3,704867000000000;-38,591188000000000
267895;1;11;2015;00:06;0;AV PERIMETRAL;;;0;VIADUTO ANTONIO BEZERRA;Colis?úo;;;;Meio de Quadra;;;0;1;0;1;0;0;0;0;0;0;0;0;;
267938;1;11;2015;22:38;15353;RUA PEREIRA VALENTE;RUA BARBOSA DE FREITAS;;0;;Colis?úo;;;;Cruz;Pare;Residencial;0;1;0;1;0;0;0;0;0;1;0;0;-3,732578000000000;-38,496080000000000
267936;1;11;2015;21:05;10734;RUA FLORIANOPOLIS;RUA ARACAJU;;0;;Colis?úo;;;;;Pare;Residencial;0;1;1;0;0;0;0;0;0;1;0;0;-3,760411000000000;-38,587913000000000
267931;1;11;2015;20:02;0;AV DES GONZAGA;;;597;;Colis?úo;;;;Meio de Quadra;;;0;1;0;0;0;0;0;0;0;0;0;0;-3,791727000000000;-38,502415000000000
267933;1;11;2015;20:42;0;RUA JOSE SOMBRA;;;461;;Queda;;;;Meio de Quadra;;;0;1;0;0;0;0;0;0;0;1;0;0;-3,736486000000000;-38,546572000000000
267917;1;11;2015;05:27;0;RUA CEL MATOS DOURADO;;;351;;Colis?úo;Amanhecer;;;Meio de Quadra;;;0;1;0;0;0;0;0;0;0;0;0;0;-3,741939000000000;-38,585112000000000
267901;1;11;2015;05:12;0;RD BR 116;;;0;MAKRO;Queda;Amanhecer;;;Meio de Quadra;;;0;1;0;0;0;0;0;0;0;1;0;0;;
267920;1;11;2015;13:03;0;AV PRS CASTELO BRANCO;;;2282;;Atropelamento;Luz do Dia;;;Meio de Quadra;;;0;1;0;0;0;0;0;0;0;0;0;0;-3,713784000000000;-38,548349000000000
267924;1;11;2015;16:32;0;AV CASTELO DE CASTRO;;;631;;Colis?úo;Luz do Dia;;;Meio de Quadra;;;0;1;1;0;0;0;0;0;0;1;0;0;-3,834894000000000;-38,521624000000000
267926;1;11;2015;17:31;0;AV DIOGUINHO;;;876;;Colis?úo;Anoitecer;;;Meio de Quadra;;;0;1;0;0;0;0;0;0;0;1;0;0;-3,725165000000000;-38,462310000000000
267927;1;11;2015;17:45;0;AV DR SILAS MUNGUBA;;;0;;Atropelamento;Anoitecer;;;Meio de Quadra;;;0;1;0;0;0;0;0;0;0;0;0;0;-3,790597000000000;-38,539682000000000
261243;1;11;2015;13:45;0;RUA PRO GOMES BRASIL;;;120;;Capotamento;Luz do Dia;Bom;Seca;Meio de Quadra;N?úo H?í Controle;Misto;0;1;1;0;0;0;0;0;0;1;0;0;-3,774536000000000;-38,567260000000000
271833;1;11;2015;22:25;12697;RUA RAIMUNDO FROTA;AV CEL CARVALHO;;0;;Colis?úo;;;;Duplo T;Pare;Comercial;0;0;2;0;0;0;0;0;0;0;0;0;-3,714552000000000;-38,588657000000000
271826;1;11;2015;18:52;0;RUA PEDRO DANTAS;;;566;;Colis?úo;;;;Meio de Quadra;;;0;0;2;0;0;0;0;0;0;0;0;0;;
271827;1;11;2015;19:27;0;RUA CEL DIONISIO ALENCAR;;;1570;;Colis?úo;;;;Meio de Quadra;;;0;0;2;0;0;0;0;0;0;0;0;0;;
271828;1;11;2015;20:29;0;RUA CEL JOAO CORREIA;;;3592;;Atropelamento;;;;Meio de Quadra;;;0;0;2;0;0;0;0;0;0;0;0;0;-3,785530000000000;-38,625039000000000
271817;1;11;2015;16:19;0;RUA BERNARDO MANUEL;;;8920;;Colis?úo;Luz do Dia;;;Meio de Quadra;;;0;0;2;0;0;0;0;0;0;0;0;0;-3,798138000000000;-38,551245000000000
271824;1;11;2015;17:36;0;AV CENTRAL;;;0;;Colis?úo;Anoitecer;;;Meio de Quadra;;;0;0;2;0;0;0;0;0;0;0;0;0;;
271822;1;11;2015;17:33;0;AV ZEZE DIOGO;;;844;;Queda;Anoitecer;;;Meio de Quadra;;;0;0;1;0;0;0;0;0;0;1;0;0;;
271819;1;11;2015;17:01;0;AV JOSE DO PATROCINIO;;;0;;Queda;Anoitecer;;;Meio de Quadra;;;0;0;1;0;0;0;0;0;0;1;0;0;;
271820;1;11;2015;17:02;0;RUA SABIAGUABA;;;458;;Colis?úo;Anoitecer;;;Meio de Quadra;;;0;0;2;0;0;0;0;0;0;0;0;0;-3,779707000000000;-38,433420000000000
271809;1;11;2015;16:09;12445;AV SEN FERNANDES TAVORA;TR HELENA DE MARIA;;0;;Colis?úo;Luz do Dia;;;Cruz;N?úo H?í Controle;Comercial;0;0;2;0;0;0;0;0;0;0;0;0;-3,766094000000000;-38,574916000000000
271799;1;11;2015;13:38;0;AV BORGES DE MELO;;;2736;;Colis?úo;Luz do Dia;;;Meio de Quadra;;;0;0;2;0;0;0;0;0;0;0;0;0;;
271793;1;11;2015;12:34;6310;AV B CJ CEARA;RUA 507 CJ CEARA;;0;;Colis?úo;Luz do Dia;;;Outros;N?úo H?í Controle;Comercial;0;0;2;0;0;0;0;0;0;0;0;0;-3,770455000000000;-38,608938000000000
271801;1;11;2015;14:00;24347;RUA DES PRAXEDES;AV LUCIANO CARNEIRO;;0;;Colis?úo;Luz do Dia;;;Outros;Sem?íforo;Comercial;0;0;2;0;0;0;0;0;0;0;0;0;-3,764934000000000;-38,536679000000000
271803;1;11;2015;14:43;12359;RUA BRI TORRES;RUA JOCKEY CLUBE;;0;;Colis?úo;Luz do Dia;;;;;;0;0;2;0;0;0;0;0;0;0;0;0;-3,762876000000000;-38,578476000000000
271806;1;11;2015;15:52;0;RUA RUI MONTE;;;0;;Colis?úo;Luz do Dia;;;Meio de Quadra;;;0;0;2;0;0;0;0;0;0;0;0;0;;
271787;1;11;2015;00:18;0;RUA JOAO CORDEIRO;;;0;;Colis?úo;;;;Meio de Quadra;;;0;0;2;0;0;0;0;0;0;0;0;0;;
271788;1;11;2015;00:22;11701;RUA TUPI D35;RUA VIS CAUIPE;;0;;Colis?úo;;;;Cruz;N?úo H?í Controle;Residencial;0;0;2;0;0;0;0;0;0;0;0;0;-3,772061000000000;-38,585112000000000
271789;1;11;2015;02:23;0;RUA JOSE CANDIDO D08;;;358;;Colis?úo;;;;Meio de Quadra;;;0;0;2;0;0;0;0;0;0;0;0;0;;
271790;1;11;2015;02:26;22972;RUA PRA HELOISA F LIMA;RUA MAD ELISA BALDO;;0;;Colis?úo;;;;Cruz;Pare;Residencial;0;0;2;0;0;0;0;0;0;0;0;0;-3,785465000000000;-38,545126000000000
271791;1;11;2015;11:55;0;RUA CHAVAL;;;281;;Colis?úo;Luz do Dia;;;Meio de Quadra;;;0;0;2;0;0;0;0;0;0;0;0;0;;
259674;1;11;2015;18:06;0;AV JOSE BASTOS;;;3878;;Colis?úo Transversal;Via Iluminada;Bom;Seca;;;;0;0;2;1;0;0;1;0;0;0;0;0;-3,752255000000000;-38,552712000000000
259660;1;11;2015;18:30;0;AV BEZERRA DE MENEZES;;;1256;;Colis?úo Traseira;Via Iluminada;Bom;Seca;Meio de Quadra;Outros;Comercial;0;0;3;1;0;0;0;0;0;0;0;0;-3,734015000000000;-38,556489000000000
259689;1;11;2015;16:20;0;RUA PRO DIAS DA ROCHA;;;0;;Colis?úo Transversal;Via Iluminada;Bom;Seca;Meio de Quadra;N?úo H?í Controle;Residencial;0;0;2;0;0;0;0;0;0;0;0;0;;
259684;1;11;2015;19:30;23041;AV DR SILAS MUNGUBA;RUA BRUNO VALENTE;;0;;Colis?úo Transversal;Via Iluminada;Bom;Seca;Cruz;Pare;Comercial;0;3;0;0;0;0;0;0;0;1;0;0;-3,790483000000000;-38,540009000000000
259685;1;11;2015;09:15;6727;RUA DES WALDETARIO P MOTA;RUA DR GILBERTO STUDART;;0;;Colis?úo Transversal;Luz do Dia;Bom;Seca;Cruz;Pare;Comercial;0;0;2;1;0;0;0;0;0;0;0;0;-3,742559000000000;-38,484239000000000
259699;1;11;2015;13:00;0;AV PDE ANTONIO TOMAS;;;0;;Colis?úo Lateral;Luz do Dia;Bom;Seca;Meio de Quadra;N?úo H?í Controle;Residencial;0;0;2;1;0;0;0;0;0;0;0;0;;
259700;1;11;2015;12:30;2830;AV GAL OSORIO DE PAIVA;RUA OSCAR FRANCA;;0;;Colis?úo Traseira;Luz do Dia;Bom;Seca;T;Sem?íforo;Residencial;0;0;2;1;1;0;0;0;0;0;0;0;-3,794473000000000;-38,592113000000000
259701;1;11;2015;19:30;0;AV BENJAMIM BRASIL;;;1090;;Colis?úo Lateral;Via Iluminada;Bom;Seca;Meio de Quadra;N?úo H?í Controle;Comercial;0;0;3;1;0;0;0;0;0;0;0;0;-3,805505000000000;-38,564956000000000
259691;1;11;2015;04:30;0;AV SANTOS DUMONT;;;5225;;Colis?úo Transversal;Amanhecer;Bom;Seca;Meio de Quadra;N?úo H?í Controle;Comercial;0;0;2;1;0;0;0;0;0;0;0;0;-3,740530000000000;-38,485053000000000
259692;1;11;2015;18:00;15699;RUA MEM DE SA;RUA GUILHERME PESSOA;;0;;Colis?úo Transversal;Anoitecer;Bom;Seca;Cruz;Pare;Residencial;0;1;1;1;0;0;0;0;0;1;0;0;-3,827417000000000;-38,485338000000000
259693;1;11;2015;22:10;0;AV PRS JUSCELINO KUBITSCHEK (PASSAR?ë);;;3300;;Choque c/ Obst?ículo Fixo;Via Iluminada;Bom;Seca;Meio de Quadra;N?úo H?í Controle;Comercial;0;2;1;1;0;0;0;0;0;0;0;0;-3,808518000000000;-38,526000000000000
259694;1;11;2015;05:55;10924;RUA PORTO VELHO;RUA NOEL ROSA;;0;;Colis?úo Lateral;Amanhecer;Bom;Seca;Cruz;N?úo H?í Controle;Comercial;0;1;1;0;0;0;0;0;0;1;0;0;-3,766751000000000;-38,585548000000000