COD_ACIDENTE;DIA;MES;ANO;HORA;INTERSECAO;LOG1;LOG2;LOG3;NUMERO;REFERENCIA;NATUREZA;ILUMINACAO;TEMPO;SUPERFICIEPISTA;TIPOCRUZAMENTO;CONTROLETRAFEGO;USOSOLO;MORTOS;FERIDOS;ILESOS;AUTOMOVEL;ONIBUS;BICICLETA;CAMINHAO;MICROONIBUS;CICLOMOTOR;MOTOCICLETA;TRACAOANIMAL;TREM;LATITUDE;LONGITUDE
259695;1;11;2015;;0;RUA PRO GOMES BRASIL;;;314;;Colis?úo Lateral;Luz do Dia;Bom;Seca;Meio de Quadra;N?úo H?í Controle;Comercial;0;1;1;1;0;0;0;0;0;1;0;0;-3,772908000000000;-38,568391000000000
259696;1;11;2015;01:20;0;RUA EMILIO DE MENESES;;;371;;Colis?úo Traseira;;Bom;Seca;Meio de Quadra;Outros;Residencial;0;0;2;1;0;0;0;0;0;0;0;0;-3,782412000000000;-38,585090000000000
259697;1;11;2015;14:30;12359;RUA JOCKEY CLUBE;ET PICI;;0;;Colis?úo Transversal;Luz do Dia;Bom;Seca;Cruz;Pare;Residencial;0;1;1;1;0;0;0;0;0;1;0;0;-3,762876000000000;-38,578476000000000
259725;1;11;2015;10:00;0;RD CE-040;;;0;KM-14;Engavetamento;Luz do Dia;Bom;Seca;Meio de Quadra;;;0;0;6;1;0;0;0;0;0;0;0;0;-3,865526000000000;-38,469235000000000
259718;2;11;2015;18:30;3860;AV 13 DE MAIO;AV DA UNIVERSIDADE;;0;;Colis?úo Traseira;Via Iluminada;Bom;Seca;Cruz;Sem?íforo;Comercial;0;0;3;1;0;0;0;0;0;0;0;0;-3,740962000000000;-38,539107000000000
259712;2;11;2015;20:00;15236;AV ANTONIO JUSTA;RUA BARBOSA DE FREITAS;;0;;Colis?úo Lateral;Via Iluminada;Bom;Seca;Cruz;Pare;Comercial;0;0;2;0;1;0;0;0;0;0;0;0;-3,727674000000000;-38,494520000000000
259713;2;11;2015;07:20;3423;AV JOAO PESSOA;RUA ALVARO FERNANDES;;0;;Colis?úo Transversal;Luz do Dia;Bom;Seca;Cruz;Sem?íforo;Comercial;0;2;0;0;0;0;0;0;0;1;0;0;-3,759317000000000;-38,555648000000000
259714;2;11;2015;01:00;24988;RUA FRE MANSUETO;RUA TAVARES COUTINHO;;0;;Colis?úo Transversal;N?úo Iluminada;Bom;Seca;Cruz;Sem?íforo Intermitente;Comercial;0;0;2;1;0;0;0;0;0;0;0;0;-3,732638000000000;-38,488784000000000
259715;2;11;2015;19:00;0;RUA ANTONIO DIVINO;;;108;;Colis?úo Lateral;Via Iluminada;Bom;Seca;Meio de Quadra;N?úo H?í Controle;Residencial;0;1;1;1;0;0;0;0;0;1;0;0;;
259729;2;11;2015;17:00;0;AV PRS CASTELO BRANCO;;;600;;Colis?úo Traseira;Via Iluminada;Bom;Seca;Meio de Quadra;Outros;Comercial;0;0;2;0;0;0;0;0;0;0;0;0;-3,719097000000000;-38,532562000000000
259730;2;11;2015;11:30;0;RUA PRO HERIBALDO COSTA;;;687;;Colis?úo Lateral;;Bom;Seca;Meio de Quadra;N?úo H?í Controle;Comercial;0;0;2;1;0;0;0;0;0;0;0;0;-3,758995000000000;-38,583285000000000
259731;2;11;2015;14:30;18464;AV SGT HERMINIO SAMPAIO;RUA PEDRO PONCIANO;;0;;Colis?úo;;Bom;Seca;Cruz;;Comercial;0;1;1;1;0;0;0;0;0;1;0;0;-3,730442000000000;-38,576523000000000
259732;2;11;2015;15:00;0;AV GAL OSORIO DE PAIVA;;;4838;;Colis?úo Traseira;Luz do Dia;Bom;Seca;Meio de Quadra;N?úo H?í Controle;Comercial;0;2;0;0;0;0;0;0;0;1;0;0;-3,801532000000000;-38,598972000000000
259733;2;11;2015;09:00;26077;AV DUQ CAXIAS;AV JOSE JATAHY;;0;;Colis?úo Lateral;Luz do Dia;Bom;Seca;T;Pare;Comercial;0;0;2;1;0;0;0;0;0;0;0;0;;
259734;2;11;2015;11:30;0;AV DUQ CAXIAS;;;1700;DNOCS;Colis?úo Transversal;Luz do Dia;Bom;Seca;Meio de Quadra;Pare;Comercial;0;0;2;0;0;0;0;0;0;0;0;0;-3,728676000000000;-38,539517000000000
259735;2;11;2015;14:30;15370;AV DOM LUIS;AV SEN VIRGILIO TAVORA;;0;;Colis?úo Traseira;Luz do Dia;Bom;Seca;Cruz;Sem?íforo;Comercial;0;0;2;1;0;0;0;0;0;0;0;0;-3,734829000000000;-38,492507000000000
259736;2;11;2015;16:30;1563;RUA VIS MAUA;RUA VICENTE LINHARES;;0;;Colis?úo Lateral;Luz do Dia;Bom;Seca;Cruz;Pare;Comercial;0;0;2;1;0;0;0;0;0;0;0;0;-3,741828000000000;-38,501243000000000
259737;2;11;2015;18:00;5162;RUA GAL SAMPAIO;RUA SAO PAULO;;0;;Colis?úo Transversal;Luz do Dia;Bom;Seca;Cruz;Sem?íforo;Comercial;0;1;1;1;0;0;0;0;0;1;0;0;-3,725134000000000;-38,530266000000000
259702;2;11;2015;23:30;0;RUA CEZIDIO ALBUQUERQUE;RUA ULISSES BEZERRA;;0;;Colis?úo Frontal;Via Iluminada;Bom;Seca;;Pare;Comercial;0;2;0;1;0;0;0;0;0;0;0;0;;
259703;2;11;2015;10:20;0;AV DIOGUINHO;;;4250;;Colis?úo Transversal;Luz do Dia;Bom;Seca;Meio de Quadra;N?úo H?í Controle;Comercial;0;1;1;1;0;0;0;0;1;0;0;0;-3,751052000000000;-38,448310000000000
259706;2;11;2015;17:15;0;AV HIS RAIMUNDO GIRAO;;;0;;Colis?úo Traseira;Via Iluminada;Bom;Seca;Meio de Quadra;N?úo H?í Controle;Lazer;0;1;1;1;0;0;0;0;0;1;0;0;;
259709;2;11;2015;12:40;4007;RUA ALBERTO MAGNO;RUA DES PRAXEDES;;0;;Colis?úo Transversal;Luz do Dia;Bom;Seca;Cruz;Sem?íforo;Comercial;0;1;1;1;0;0;0;0;0;0;0;0;-3,761230000000000;-38,546795000000000
259710;2;11;2015;17:30;15227;AV ABOLICAO;AV DES MOREIRA;;0;;Colis?úo Lateral;Anoitecer;Bom;Seca;Cruz;Sem?íforo;Comercial;0;0;2;1;1;0;0;0;0;0;0;0;-3,727331000000000;-38,495474000000000
271842;2;11;2015;12:50;0;VL DO MAR;;;299;;Colis?úo;Luz do Dia;;;Meio de Quadra;;;0;0;2;0;0;0;0;0;0;0;0;0;;
261303;2;11;2015;14:30;0;AV AUGUSTO DOS ANJOS;;;1000;;Colis?úo Traseira;Luz do Dia;Bom;Seca;Meio de Quadra;N?úo H?í Controle;Comercial;0;0;2;1;0;0;0;0;0;1;0;0;-3,776718000000000;-38,576139000000000
266063;2;11;2015;14:02;307;RUA DOM JOSE LOURENCO  D27;RUA DAMIAO FERNANDES;;0;;Colis?úo;Luz do Dia;;;Cruz;N?úo H?í Controle;Residencial;0;0;2;0;0;0;0;0;0;0;0;0;-3,743795000000000;-38,557869000000000
266068;2;11;2015;20:55;0;AV CASTELO DE CASTRO;;;0;;Colis?úo;;;;Meio de Quadra;;;0;0;2;1;0;0;0;0;0;1;0;0;;
271851;2;11;2015;16:10;0;RUA RIO GRANDE DO SUL;;;179;;Colis?úo;Luz do Dia;;;Meio de Quadra;;;0;0;2;0;0;0;0;0;0;0;0;0;-3,750827000000000;-38,562018000000000
271856;2;11;2015;19:11;0;RUA VALPARAISO;;;0;;Atropelamento;;;;Meio de Quadra;;;0;0;2;0;0;0;0;0;0;0;0;0;;
271848;2;11;2015;15:45;0;RUA DOIS;;;92;;Colis?úo;Luz do Dia;;;Meio de Quadra;;;0;0;2;0;0;0;0;0;0;0;0;0;;
271846;2;11;2015;15:45;18028;AV DIOGUINHO;RUA RENATO BRAGA;;0;;Colis?úo;Luz do Dia;;;Cruz;Sem?íforo;Comercial;0;0;2;0;0;0;0;0;0;0;0;0;-3,731428000000000;-38,458889000000000
267940;2;11;2015;01:38;0;RUA PDE PEDRO DE ALENCAR;;;0;;Colis?úo;;;;Meio de Quadra;;;0;1;0;0;0;0;0;0;0;1;0;0;;
267943;2;11;2015;01:57;0;AV CARNEIRO DE MENDONCA;;;0;;Atropelamento;;;;Meio de Quadra;;;0;1;0;1;0;0;0;0;0;0;0;0;;
267944;2;11;2015;03:27;0;AV OLIVEIRA PAIVA;;;245;;Queda;;;;Meio de Quadra;;;0;1;0;0;0;1;0;0;0;0;0;0;-3,798404000000000;-38,502668000000000
267949;2;11;2015;04:48;17363;RUA ALBERTO MAGNO;RUA CEL ALEXANDRINO;;0;;Colis?úo;;;;Cruz;Pare;Comercial;0;1;0;1;0;0;0;0;0;1;0;0;-3,766199000000000;-38,551141000000000
267946;2;11;2015;04:45;0;RUA BATISTA DE OLIVEIRA;;;0;;Colis?úo;;;;Meio de Quadra;;;0;1;0;1;0;0;0;0;0;0;0;0;;
267966;2;11;2015;12:06;0;AV DR SILAS MUNGUBA;;;204;;Queda;Luz do Dia;;;Meio de Quadra;;;0;1;0;0;0;0;0;0;0;1;0;0;-3,776814000000000;-38,562345000000000
267967;2;11;2015;12:45;0;RUA 860 CJ CEARA;;;0;;Atropelamento;Luz do Dia;;;Meio de Quadra;;;0;1;0;0;0;0;0;0;0;1;0;0;;
267960;2;11;2015;07:45;0;RUA VALPARAISO;;;1998;;Colis?úo;Luz do Dia;;;Meio de Quadra;;;0;1;1;1;0;0;0;0;0;1;0;0;-3,846389000000000;-38,519633000000000
267961;2;11;2015;08:27;0;RUA ALVARO MARTINS;;;393;;Colis?úo;Luz do Dia;;;Meio de Quadra;;;0;1;0;1;0;1;0;0;0;0;0;0;-3,748878000000000;-38,542081000000000
267956;2;11;2015;06:40;0;RD BR 116;;;10000;KM-10;Queda;Luz do Dia;;;Meio de Quadra;;;0;1;0;0;0;0;0;0;0;1;0;0;-3,834435000000000;-38,503373000000000
267975;2;11;2015;19:20;0;RD BR 116;;;3000;KM-03;Colis?úo;;;;Meio de Quadra;;;0;1;0;1;0;0;0;0;0;1;0;0;-3,779838000000000;-38,514372000000000
267976;2;11;2015;20:46;0;AV RAD JOSE LIMA VERDE;;;0;;Queda;;;;Meio de Quadra;;;0;1;0;0;0;0;0;0;0;1;0;0;;
267971;2;11;2015;15:42;0;AV JOR THOMAZ COELHO;;;731;;Queda;Luz do Dia;;;Meio de Quadra;;;0;1;0;0;0;0;0;0;0;1;0;0;-3,831565000000000;-38,502889000000000
267982;2;11;2015;22:30;0;RUA PDE PEDRO DE ALENCAR;;;2310;;Colis?úo;;;;Meio de Quadra;;;0;1;0;1;0;0;0;0;0;1;0;0;-3,848328000000000;-38,494803000000000
267987;2;11;2015;23:33;0;RUA PEDRO CAMELO;;;699;;Colis?úo;;;;Meio de Quadra;;;0;1;0;1;0;0;0;0;0;0;0;0;;
267988;2;11;2015;23:58;0;AV PRS COSTA E SILVA;;;0;JOSE WALTER;Queda;;;;Meio de Quadra;;;0;1;0;0;0;0;0;0;0;1;0;0;;
270038;2;11;2015;05:19;0;RD CE-040;;;0;KM-13;Choque c/ Obst?ículo Fixo;Amanhecer;;;Meio de Quadra;;;0;3;2;1;0;0;0;0;0;0;0;0;-3,857083000000000;-38,472314000000000
270276;2;11;2015;20:00;0;RD CE-040;;;0;KM-12;Colis?úo;Via Iluminada;Bom;Seca;Meio de Quadra;;;0;0;2;1;0;0;0;0;0;0;0;0;-3,848945000000000;-38,476237000000000
270288;2;11;2015;22:30;0;RD CE-040;;;0;KM-14;Colis?úo;Via Iluminada;;Seca;Meio de Quadra;;;0;0;2;1;0;0;0;0;0;0;0;0;-3,865526000000000;-38,469235000000000
270308;3;11;2015;16:00;0;RD CE-065;;;0;;Colis?úo;Luz do Dia;;Seca;Meio de Quadra;;;0;1;1;0;1;0;0;0;0;1;0;0;;
270322;3;11;2015;19:20;0;RD CE-040;;;0;KM-02;Colis?úo;Via Iluminada;;Seca;Meio de Quadra;;;0;0;2;1;0;0;0;0;0;0;0;0;-3,776479000000000;-38,481598000000000
270055;3;11;2015;18:00;0;AV GAL OSORIO DE PAIVA;;;7920;;Colis?úo;Anoitecer;;;Meio de Quadra;;;0;1;1;0;1;0;0;0;0;1;0;0;-3,820944000000000;-38,617796000000000
261400;3;11;2015;18:00;5351;RUA GAL CLARINDO DE QUEIROZ;AV IMPERADOR;;0;;Colis?úo Lateral;Anoitecer;Bom;Seca;Cruz;Sem?íforo;Comercial;0;0;2;1;0;0;1;0;0;0;0;0;-3,730962000000000;-38,535566000000000
261530;3;11;2015;16:30;0;AV SANTOS DUMONT;;;6140;;Engavetamento;Luz do Dia;Bom;Seca;Meio de Quadra;Sem?íforo;Comercial;0;0;3;1;0;0;0;0;0;0;0;0;-3,743212000000000;-38,476696000000000
261528;3;11;2015;11:30;0;AV ALM HENRIQUE SABOIA;;;0;;Colis?úo Traseira;Luz do Dia;Bom;Seca;Meio de Quadra;N?úo H?í Controle;Comercial;0;0;2;1;0;0;0;0;0;0;0;0;;
261526;3;11;2015;10:30;6738;RUA DES WALDETARIO P MOTA;RUA VILEBALDO AGUIAR;;0;;Colis?úo Lateral;Luz do Dia;Bom;Seca;Cruz;Pare;Residencial;0;0;2;1;0;0;1;0;0;0;0;0;-3,741853000000000;-38,483787000000000
261492;3;11;2015;13:00;0;RUA PDE JANUARIO CAMPOS;;;360;;Colis?úo Traseira;Luz do Dia;Bom;Seca;Meio de Quadra;N?úo H?í Controle;Misto;0;0;2;1;0;0;0;0;0;0;0;0;-3,795484000000000;-38,489582000000000
261500;3;11;2015;18:10;15301;RUA TEN BENEVOLO;RUA SILVA PAULET;;0;;Colis?úo Lateral;Anoitecer;Bom;Seca;Cruz;Pare;Comercial;0;0;2;1;0;0;0;0;0;0;0;0;-3,729724000000000;-38,503888000000000
261465;3;11;2015;16:30;25125;RUA DNA LEOPOLDINA;RUA ROCHA LIMA;;0;;Colis?úo Transversal;Luz do Dia;Bom;Seca;Cruz;Pare;Residencial;0;0;2;1;0;0;0;0;0;0;0;0;-3,736665000000000;-38,521427000000000
261445;3;11;2015;12:40;0;AV LUCIANO CARNEIRO;;;781;;Colis?úo Traseira;Luz do Dia;Bom;Seca;Meio de Quadra;N?úo H?í Controle;Comercial;0;1;1;1;0;0;0;0;0;1;0;0;;
261459;3;11;2015;10:00;10999;RUA ALBERTO MAGNO;RUA 15 DE NOVEMBRO;;0;;Colis?úo Transversal;Luz do Dia;Bom;Seca;Cruz;Pare;Residencial;0;0;2;1;0;0;0;0;0;1;0;0;-3,769909000000000;-38,553169000000000
261424;3;11;2015;14:30;0;AV ABOLICAO;;;2423;;Colis?úo Lateral;Luz do Dia;Bom;Seca;Meio de Quadra;Sem?íforo;Misto;0;0;2;1;0;0;1;0;0;0;0;0;-3,726848000000000;-38,496960000000000
261439;3;11;2015;15:10;13432;AV ANTONIO SALES;AV RUI BARBOSA;;0;;Colis?úo Traseira;Luz do Dia;;;Cruz;Sem?íforo;Misto;0;0;2;1;0;0;0;0;0;0;0;0;-3,742611000000000;-38,511569000000000
261405;3;11;2015;18:05;9115;RUA GAL SILVA JUNIOR;RUA DR ALFREDO WEYNE D14;;0;;Colis?úo Transversal;Anoitecer;Bom;Seca;Cruz;Pare;Outros;0;1;1;0;0;0;0;0;0;1;0;0;-3,755893000000000;-38,532116000000000
261417;3;11;2015;14:50;19683;RUA PRO JOSE DE BARCELOS;RUA AZEVEDO BOLAO;;0;;Colis?úo Transversal;Luz do Dia;Bom;Seca;Cruz;Pare;Residencial;0;0;2;1;0;0;0;0;0;0;0;0;-3,735196000000000;-38,550610000000000
261597;3;11;2015;18:10;0;AV ENG HUMBERTO MONTE;;;1080;;Colis?úo Lateral;Anoitecer;Bom;Seca;Meio de Quadra;Gesto;Misto;0;0;2;1;0;0;0;0;0;1;0;0;-3,749500000000000;-38,560178000000000
261592;3;11;2015;20:37;15107;AV HIS RAIMUNDO GIRAO;RUA VIRGILIO VASCONCELOS;;0;;Colis?úo Transversal;Via Iluminada;Bom;Seca;T;N?úo H?í Controle;Residencial;0;0;1;1;0;0;0;0;0;1;0;0;-3,722335000000000;-38,507972000000000
261640;3;11;2015;12:30;3992;RUA ALBERTO MAGNO;RUA RAUL UCHOA;;0;;Colis?úo Lateral;Luz do Dia;Bom;Seca;Cruz;Pare;Comercial;0;0;2;1;1;0;0;0;0;0;0;0;-3,760225000000000;-38,545916000000000
261603;3;11;2015;02:00;0;AV HEROIS DO ACRE;;;465;;Colis?úo Lateral;Luz do Dia;Bom;Seca;Meio de Quadra;N?úo H?í Controle;Comercial;0;0;2;1;0;0;0;0;0;1;0;0;-3,803198000000000;-38,534310000000000
261626;3;11;2015;11:25;0;RUA ATILANO MOURA;;;0;;Choque c/ Obst?ículo Fixo;Luz do Dia;Bom;Seca;Meio de Quadra;N?úo H?í Controle;Residencial;0;0;1;1;0;0;0;0;0;0;0;0;;
261610;3;11;2015;16:40;0;RUA DR JOSE FURTADO;;;470;;Colis?úo Lateral;Via Iluminada;Bom;Seca;Meio de Quadra;Pare;Outros;0;0;2;1;0;0;0;0;0;1;0;0;;
261611;3;11;2015;07:20;6724;AV SANTOS DUMONT;AV ENG SANTANA JUNIOR;;0;;Colis?úo Lateral;Luz do Dia;Bom;Seca;Cruz;Pare;Comercial;0;0;2;1;1;0;0;0;0;0;0;0;-3,740506000000000;-38,485132000000000
261645;3;11;2015;15:00;0;AV GOV RAUL BARBOSA;;;4180;;Colis?úo Traseira;Luz do Dia;Bom;Seca;Meio de Quadra;N?úo H?í Controle;Comercial;0;0;2;1;0;0;0;0;0;0;0;0;-3,761473000000000;-38,506891000000000
261632;3;11;2015;11:30;0;AV 13 DE MAIO;;;2965;;Colis?úo Traseira;Luz do Dia;Bom;Seca;Meio de Quadra;N?úo H?í Controle;Residencial;0;0;3;1;1;0;0;0;0;0;0;0;-3,739153000000000;-38,541230000000000
261661;3;11;2015;00:15;0;RUA STA TEREZINHA UI 806;;;0;;Choque c/ Obst?ículo Fixo;Anoitecer;Bom;Seca;Meio de Quadra;N?úo H?í Controle;;0;1;0;1;0;0;0;0;0;0;0;0;;
261658;3;11;2015;17:00;0;RUA AFONSO CELSO;;;196;;Colis?úo Transversal;Anoitecer;Bom;Seca;Meio de Quadra;N?úo H?í Controle;Residencial;0;0;2;1;0;0;0;0;0;0;0;0;-3,736051000000000;-38,509552000000000
261710;3;11;2015;09:30;26216;AV DEP PAULINO ROCHA;AV CONTORNO (CASTEL?âO);;0;;Colis?úo Traseira;Luz do Dia;Nublado;Seca;T;Pare;Lazer;0;0;2;1;0;0;0;0;0;1;0;0;;
261685;3;11;2015;07:10;0;AV PONTES VIEIRA;;;934;;Colis?úo Lateral;Luz do Dia;Bom;Seca;Meio de Quadra;Sem?íforo;Comercial;0;1;1;1;0;0;0;0;0;1;0;0;-3,752599000000000;-38,512466000000000
261692;3;11;2015;18:30;0;RUA PRO LINO ENCARNACAO;;;477;;Colis?úo Lateral;Anoitecer;Bom;Seca;Meio de Quadra;N?úo H?í Controle;Comercial;0;0;2;1;0;0;0;0;0;0;0;0;-3,739377000000000;-38,561019000000000
261733;3;11;2015;10:00;0;AV MIGUEL DIAS;;;0;;Colis?úo Lateral;Luz do Dia;Bom;Seca;Meio de Quadra;N?úo H?í Controle;Comercial;0;0;2;1;0;0;0;0;0;0;0;0;;
261778;3;11;2015;20:40;0;AV PENETRACAO NORTE SUL;;;422;;Colis?úo Lateral;Via Iluminada;Bom;Seca;Meio de Quadra;N?úo H?í Controle;Residencial;0;1;1;1;0;0;0;0;0;1;0;0;-3,814569000000000;-38,593071000000000
261780;3;11;2015;16:00;0;AV AGUANAMBI;;;94;;Colis?úo Traseira;Luz do Dia;Bom;Seca;Meio de Quadra;N?úo H?í Controle;Comercial;0;0;2;1;1;0;0;0;0;0;0;0;-3,737727000000000;-38,524263000000000
261781;3;11;2015;18:00;0;AV BENJAMIM BRASIL;;;1685;;Colis?úo Traseira;Via Iluminada;Bom;Seca;Meio de Quadra;N?úo H?í Controle;Misto;0;1;1;1;0;0;0;0;0;1;0;0;-3,807022000000000;-38,560749000000000
261749;3;11;2015;17:10;1441;AV SANTOS DUMONT;RUA PRO DIAS DA ROCHA;;0;;Colis?úo Lateral;Anoitecer;Bom;Seca;Cruz;Pare;Comercial;0;1;1;1;0;0;0;0;1;0;0;0;-3,738113000000000;-38,492502000000000
268010;3;11;2015;10:27;0;RD BR 116;;;9520;KM-14;Colis?úo;Luz do Dia;;;Meio de Quadra;;;0;1;0;1;0;0;0;0;0;1;0;0;-3,827161000000000;-38,504550000000000
268090;3;11;2015;23:07;0;AV SIQUEIRA CAMPOS;;;840;;Colis?úo;;;;Meio de Quadra;;;0;1;0;1;0;0;0;0;0;1;0;0;;
268088;3;11;2015;22:07;0;RUA SGT JOAO PINHEIRO;RUA CEL JOAO CORREIA;;0;;Colis?úo;;;;;;;0;1;0;0;0;0;0;0;0;0;0;0;;
268085;3;11;2015;21:40;1496;RUA PDE VALDEVINO;RUA ILDEFONSO ALBANO;;0;;Atropelamento;;;;Cruz;Sem?íforo;Comercial;0;1;0;0;0;0;0;0;0;0;0;0;-3,739573000000000;-38,515423000000000
268086;3;11;2015;21:59;0;AV PERIMETRAL;;;0;;Queda;;;;Meio de Quadra;;;0;1;0;0;0;0;0;0;0;1;0;0;;
268062;3;11;2015;19:04;0;RUA ORIENTE;;;620;;Colis?úo;;;;Meio de Quadra;;;0;1;0;0;0;0;0;0;0;1;0;0;;
268059;3;11;2015;18:35;0;AV CENTRAL CJ CEARA;;;100;;Atropelamento;;;;Meio de Quadra;;;0;1;0;1;0;0;0;0;0;0;0;0;;
268080;3;11;2015;21:08;0;AV PRS COSTA E SILVA;;;0;JOSE WALTER;Atropelamento;;;;Meio de Quadra;;;0;1;0;0;0;0;0;0;0;0;0;0;;
268017;3;11;2015;13:52;0;RUA METON DE ALENCAR;;;124;;Colis?úo;Luz do Dia;;;Meio de Quadra;;;0;1;0;0;0;0;0;0;0;0;0;0;-3,735414000000000;-38,525264000000000
268073;3;11;2015;20:12;0;AV ALBERTO NEPOMUCENO;;;50;;Queda;;;;Meio de Quadra;;;0;1;0;0;0;0;0;0;0;1;0;0;-3,721728000000000;-38,523469000000000
268014;3;11;2015;10:52;0;AV JOAO PESSOA;;;6943;;Colis?úo;Luz do Dia;;;Meio de Quadra;;;0;1;0;1;0;0;0;0;0;1;0;0;-3,770280000000000;-38,561064000000000
268015;3;11;2015;12:53;0;AV PERIMETRAL;;;2115;;Queda;Luz do Dia;;;Meio de Quadra;;;0;1;0;0;0;0;0;0;0;1;0;0;-3,819155000000000;-38,562452000000000
268006;3;11;2015;09:29;0;RUA LUIS TORRES;;;115;;Colis?úo;Luz do Dia;;;Meio de Quadra;;;0;1;0;1;0;0;0;0;0;1;0;0;;
268003;3;11;2015;08:51;0;RUA JULIO SILVA;;;440;;Atropelamento;Luz do Dia;;;Meio de Quadra;;;0;1;0;0;0;0;0;0;0;1;0;0;;
267990;3;11;2015;02:56;0;RUA JULIO BRAGA;;;1043;;Queda;;;;Meio de Quadra;;;0;1;0;0;0;0;0;0;0;1;0;0;-3,775586000000000;-38,580542000000000
267992;3;11;2015;06:05;0;AV PERIMETRAL;;;381;;Colis?úo;Luz do Dia;;;Meio de Quadra;;;0;1;0;0;0;0;0;0;0;1;0;0;;
271859;3;11;2015;15:37;0;AV DR SILAS MUNGUBA;;;0;;Colis?úo;Luz do Dia;;;Meio de Quadra;;;0;0;2;0;0;0;0;0;0;0;0;0;;
271862;3;11;2015;16:04;0;RUA CESAR FONTENELE;;;304;;Colis?úo;Luz do Dia;;;Meio de Quadra;;;0;0;2;0;0;0;0;0;0;0;0;0;-3,746258000000000;-38,559144000000000
271863;3;11;2015;16:54;6726;RUA DR GILBERTO STUDART;RUA JULIO AZEVEDO;;0;;Colis?úo;Luz do Dia;;;Cruz;Pare;Residencial;0;0;2;0;0;0;0;0;0;0;0;0;-3,743146000000000;-38,482408000000000
271864;3;11;2015;17:40;0;RUA RIO GRANDE DO NORTE;;;5389;;Colis?úo;Anoitecer;;;Meio de Quadra;;;0;0;2;0;0;0;0;0;0;0;0;0;;
266109;3;11;2015;11:55;0;AV IMPERADOR;;;0;;Colis?úo;Luz do Dia;;;Meio de Quadra;;;0;0;2;1;0;0;0;0;0;0;0;0;;
261326;3;11;2015;08:30;12842;RUA CARLOS GOMES;RUA JAIME BENEVOLO;;0;;Colis?úo Lateral;Luz do Dia;Bom;Seca;Cruz;Pare;Residencial;0;0;2;1;0;0;0;0;0;0;0;0;-3,740955000000000;-38,528298000000000
261321;3;11;2015;08:30;0;RUA MARIO MENDES;;;125;;Colis?úo Lateral;Luz do Dia;Bom;Seca;Outros;N?úo H?í Controle;Residencial;0;0;2;1;0;0;0;1;0;0;0;0;;
261346;3;11;2015;07:30;0;AV OLIVEIRA PAIVA;;;740;;Engavetamento;Luz do Dia;Bom;Seca;Meio de Quadra;N?úo H?í Controle;Residencial;0;0;3;1;0;0;0;0;0;0;0;0;-3,797132000000000;-38,499877000000000
261371;3;11;2015;10:15;9018;RUA SALDANHA MARINHO;RUA SOLON PINHEIRO;;0;;Colis?úo Transversal;Luz do Dia;Bom;Seca;Cruz;Pare;Residencial;0;0;2;1;0;0;0;0;0;0;0;0;-3,742594000000000;-38,530406000000000
259738;3;11;2015;11:20;23515;RUA ANA GONCALVES;RUA PRO CARVALHO;;0;;Colis?úo Transversal;Luz do Dia;Bom;Seca;Cruz;Pare;Comercial;0;1;1;0;0;0;0;0;0;1;0;0;-3,759620000000000;-38,513598000000000
259739;3;11;2015;18:40;0;RUA MIN ALBUQUERQUE LIMA;;;541;;Atropelamento;Via Iluminada;Bom;Seca;Meio de Quadra;N?úo H?í Controle;Comercial;0;1;1;1;0;0;0;0;0;0;0;0;;
259740;3;11;2015;18:00;25443;RUA NOGUEIRA ACIOLI;RUA ROCHA LIMA;;0;;Colis?úo Transversal;Via Iluminada;Bom;Seca;Cruz;Pare;Comercial;0;0;4;1;0;0;0;0;0;0;0;0;-3,737351000000000;-38,519293000000000
268168;4;11;2015;23:04;0;RUA CEL FABRICIANO;;;0;;Queda;;;;Meio de Quadra;;;0;1;0;0;0;0;0;0;0;1;0;0;;
268163;4;11;2015;20:34;0;RUA JOSE MENDONCA;;;180;;Colis?úo;;;;Meio de Quadra;;;1;0;1;1;0;0;0;0;0;1;0;0;-3,760032000000000;-38,602731000000000
268159;4;11;2015;20:13;0;AV H CJ CEARA;;;0;;Colis?úo;;;;Meio de Quadra;;;0;1;0;1;1;0;0;0;0;0;0;0;;
262212;4;11;2015;15:00;0;AV ALM HENRIQUE SABOIA;;;264;;Colis?úo Lateral;Luz do Dia;Bom;Seca;Meio de Quadra;N?úo H?í Controle;Residencial;0;1;1;1;0;0;0;0;0;0;0;0;-3,724627000000000;-38,480516000000000
262213;4;11;2015;19:20;242;RUA COS ALVARO DE OLIVEIRA;RUA GAL BERNARDO FIGUEIREDO;;0;;Colis?úo Transversal;;Bom;Seca;Cruz;Pare;Residencial;0;0;2;1;0;0;0;0;0;0;0;0;-3,740373000000000;-38,555261000000000
262128;4;11;2015;19:00;0;AV FILOMENO GOMES;;;733;;Colis?úo Lateral;N?úo Iluminada;Bom;Seca;Meio de Quadra;Sem?íforo;Misto;0;0;2;1;0;0;0;0;0;1;0;0;-3,721458000000000;-38,541211000000000
262141;4;11;2015;09:00;23791;RUA RAIMUNDO NERY;RUA COSTA FREIRE;;0;;Colis?úo Traseira;Luz do Dia;Bom;Seca;Cruz;Pare;Residencial;0;0;2;1;0;0;0;0;0;1;0;0;-3,794144000000000;-38,586423000000000