COD_ACIDENTE;DIA;MES;ANO;HORA;INTERSECAO;LOG1;LOG2;LOG3;NUMERO;REFERENCIA;NATUREZA;ILUMINACAO;TEMPO;SUPERFICIEPISTA;TIPOCRUZAMENTO;CONTROLETRAFEGO;USOSOLO;MORTOS;FERIDOS;ILESOS;AUTOMOVEL;ONIBUS;BICICLETA;CAMINHAO;MICROONIBUS;CICLOMOTOR;MOTOCICLETA;TRACAOANIMAL;TREM;LATITUDE;LONGITUDE
262198;4;11;2015;13:28;0;RUA AUDISIO PINHEIRO;;;758;;Colis?úo Lateral;Luz do Dia;Bom;Seca;Meio de Quadra;N?úo H?í Controle;Residencial;0;2;1;1;0;0;0;0;0;1;0;0;-3,759714000000000;-38,589478000000000
262195;4;11;2015;19:00;24293;RUA JULIO ABREU;RUA DELMIRO GOUVEIA;;0;;Colis?úo Transversal;;;;Cruz;Pare;Comercial;0;0;2;1;0;0;0;0;0;0;0;0;-3,735900000000000;-38,488072000000000
266115;4;11;2015;16:08;0;RUA JOSE HIPOLITO;;;1147;;Colis?úo;Luz do Dia;;;Meio de Quadra;;;0;0;2;0;0;0;0;0;0;1;0;0;-3,836089000000000;-38,485353000000000
266113;4;11;2015;13:56;12523;RUA PIERRE LUZ;RUA MARIA CLARA;;0;;Colis?úo;Luz do Dia;;;Cruz;Pare;Misto;0;0;2;1;0;0;1;0;0;0;0;0;-3,725120000000000;-38,588502000000000
259356;4;11;2015;07:00;0;RD BR 116;;;1000;KM-01;Colis?úo Traseira;Luz do Dia;Bom;Seca;Meio de Quadra;N?úo H?í Controle;Comercial;0;1;1;1;0;0;0;0;0;1;0;0;-3,762554000000000;-38,518702000000000
271872;4;11;2015;08:23;0;RUA 23 UI 301;;;0;;Colis?úo;Luz do Dia;;;Meio de Quadra;;;0;0;2;0;0;0;0;0;0;0;0;0;;
271905;4;11;2015;12:49;6793;RUA SAMIR HILUY;RUA SEBASTIAO DE ABREU;;0;;Colis?úo;Luz do Dia;;;;;;0;0;2;0;0;0;0;0;0;0;0;0;-3,748205000000000;-38,480695000000000
271911;4;11;2015;14:30;9240;RUA MARIO MAMEDE;RUA DEP OSWALDO STUDART;;0;;Colis?úo;Luz do Dia;;;Cruz;Sem?íforo;Residencial;0;0;2;0;0;0;0;0;0;0;0;0;-3,752752000000000;-38,527367000000000
271909;4;11;2015;13:56;0;AV GOV RAUL BARBOSA;;;5660;;Colis?úo;Luz do Dia;;;Meio de Quadra;;;0;0;2;0;0;0;0;0;0;0;0;0;-3,768190000000000;-38,509774000000000
271907;4;11;2015;13:33;0;AV JOSE BASTOS;;;0;;Colis?úo;Luz do Dia;;;Meio de Quadra;;;0;0;2;0;0;0;0;0;0;0;0;0;;
271877;4;11;2015;11:03;0;LOGRADOURO SEM NOME;;;0;;Colis?úo;Luz do Dia;;;Meio de Quadra;;;0;0;2;0;0;0;0;0;0;0;0;0;;
271880;4;11;2015;11:09;0;AV GAL OSORIO DE PAIVA;;;0;;Colis?úo;Luz do Dia;;;Meio de Quadra;;;0;0;2;0;0;0;0;0;0;0;0;0;;
271874;4;11;2015;09:13;0;AV TEN LISBOA;;;0;;Colis?úo;Luz do Dia;;;Meio de Quadra;;;0;0;2;0;0;0;0;0;0;0;0;0;;
271913;4;11;2015;15:13;0;RUA ALECRIN;;;27;;Atropelamento;Luz do Dia;;;Meio de Quadra;;;0;0;2;0;0;0;0;0;0;0;0;0;-3,763516000000000;-38,509411000000000
271914;4;11;2015;15:46;0;LOGRADOURO SEM NOME;;;0;;Colis?úo;Luz do Dia;;;Meio de Quadra;;;0;0;2;0;0;0;0;0;0;0;0;0;;
268121;4;11;2015;16:17;0;AV FRANCISCO SA;;;0;;Colis?úo;Luz do Dia;;;Meio de Quadra;;;0;1;0;1;0;0;0;0;0;1;0;0;;
268107;4;11;2015;08:57;0;AV PDE ANTONIO TOMAS;;;0;;Colis?úo;Luz do Dia;;;Meio de Quadra;;;0;1;0;1;0;0;0;0;0;1;0;0;;
268108;4;11;2015;08:58;0;AV ALBERTO CRAVEIRO;;;1146;;Colis?úo;Luz do Dia;;;Meio de Quadra;;;0;2;0;1;0;0;0;0;0;1;0;0;;
268109;4;11;2015;09:27;5290;RUA PDE MORORO;AV DUQ CAXIAS;;0;;Atropelamento;Luz do Dia;;;Cruz;Sem?íforo;Comercial;0;1;0;1;0;0;0;0;0;0;0;0;-3,728983000000000;-38,538552000000000
268111;4;11;2015;09:56;7211;AV PRS CASTELO BRANCO;AV DR THEBERGE;;0;;Atropelamento;Luz do Dia;;;Cruz;Sem?íforo;Comercial;0;1;0;1;0;0;0;0;0;0;0;0;-3,710079000000000;-38,563456000000000
268112;4;11;2015;11:25;9155;AV EDUARDO GIRAO;AV LUCIANO CARNEIRO;;0;;Colis?úo;Luz do Dia;;;Cruz;Sem?íforo;Comercial;0;1;0;1;0;0;0;0;0;1;0;0;-3,752275000000000;-38,532811000000000
268113;4;11;2015;13:03;0;RUA DR ALMEIDA FILHO;;;26;;Colis?úo;Luz do Dia;;;Meio de Quadra;;;0;1;1;1;0;0;0;0;0;0;0;0;-3,719342000000000;-38,560125000000000
268103;4;11;2015;08:01;11836;RUA MON DANTAS;RUA JACINTO MATOS;;0;;Colis?úo;Luz do Dia;;;Cruz;Pare;Comercial;0;1;0;1;0;0;0;0;0;1;0;0;-3,719714000000000;-38,546800000000000
268139;4;11;2015;19:39;0;AV FRANCISCO SA;;;5255;;Colis?úo;;;;Meio de Quadra;;;0;1;0;0;0;0;0;0;0;1;0;0;-3,712692000000000;-38,571160000000000
268124;4;11;2015;16:51;0;RUA CON DE CASTRO;;;0;;Colis?úo;Luz do Dia;;;Meio de Quadra;;;0;1;0;1;0;0;0;0;0;1;0;0;;
268115;4;11;2015;13:15;0;AV CASTELO DE CASTRO;;;0;;Colis?úo;Luz do Dia;;;Meio de Quadra;;;0;1;0;1;0;0;0;0;0;1;0;0;;
268117;4;11;2015;14:37;0;RUA AUDISIO PINHEIRO;;;0;;Colis?úo;Luz do Dia;;;Meio de Quadra;;;0;1;0;1;0;0;0;0;0;1;0;0;;
268118;4;11;2015;15:32;4875;RUA CON DE CASTRO;RUA JARDIM FLUMINENSE;;0;;Colis?úo;Luz do Dia;;;T;Sem?íforo;Residencial;0;1;0;1;0;0;0;0;0;1;0;0;-3,812831000000000;-38,597948000000000
268136;4;11;2015;19:02;0;AV GAL MURILO BORGES;;;0;;Colis?úo;;;;Meio de Quadra;;;0;1;0;0;0;0;0;0;0;0;0;0;;
268137;4;11;2015;19:24;0;AV PRS CASTELO BRANCO;;;4443;;Atropelamento;;;;Meio de Quadra;;;0;1;0;0;0;0;0;0;0;0;0;0;-3,706883000000000;-38,572577000000000
268133;4;11;2015;17:53;0;AV DEP PAULINO ROCHA;;;2342;;Colis?úo;Anoitecer;;;Meio de Quadra;;;0;1;0;0;0;0;0;0;0;0;0;0;-3,810241000000000;-38,518859000000000
268134;4;11;2015;18:00;0;RUA SABIAGUABA;;;0;;Queda;Anoitecer;;;Meio de Quadra;;;0;1;0;0;0;0;0;0;0;1;0;0;;
261782;4;11;2015;08:36;7812;RUA JOAQUIM NABUCO;RUA JULIO SIQUEIRA;;0;;Colis?úo Transversal;Luz do Dia;Bom;Seca;Cruz;Pare;Residencial;0;2;1;0;0;0;0;0;0;1;0;0;-3,750442000000000;-38,506154000000000
261811;4;11;2015;21:00;26242;RUA 119 CJ CEARA;AV C CJ CEARA;;0;;Colis?úo Frontal;Via Iluminada;Bom;Seca;;;;0;1;1;1;1;0;0;0;0;0;0;0;;
261784;4;11;2015;18:30;22990;AV DR SILAS MUNGUBA;RUA AMERICO VESPUCIO;;0;;Colis?úo Lateral;Via Iluminada;Bom;Seca;Cruz;N?úo H?í Controle;Comercial;0;0;2;1;0;0;0;0;0;0;0;0;-3,786542000000000;-38,549873000000000
261840;4;11;2015;13:30;0;RUA CHASTINET GUIMARAES;;;600;;Colis?úo Transversal;Luz do Dia;Bom;Seca;Meio de Quadra;N?úo H?í Controle;Residencial;0;1;1;1;0;0;0;0;0;1;0;0;-3,725842000000000;-38,564910000000000
261873;4;11;2015;07:20;15139;AV MON TABOSA;RUA BAR ARACATI;;0;;Engavetamento;Luz do Dia;Bom;Seca;Cruz;Pare;Comercial;0;0;3;1;0;0;0;0;0;0;0;0;-3,724226000000000;-38,509158000000000
261851;4;11;2015;14:00;0;RUA JOSE MOREIRA;;;333;;Colis?úo Lateral;Luz do Dia;Bom;Seca;Meio de Quadra;Sem?íforo;Misto;0;1;1;0;1;1;0;0;0;0;0;0;;
261929;4;11;2015;23:36;3771;AV DA UNIVERSIDADE;AV DOMINGOS OLIMPIO;;0;;Capotamento;Via Iluminada;Bom;Seca;Cruz;Sem?íforo;Residencial;0;1;1;1;0;0;0;0;1;0;0;0;-3,735594000000000;-38,534216000000000
261947;4;11;2015;14:15;7766;AV ANTONIO SALES;RUA TIBURCIO CAVALCANTE;;0;;Colis?úo Traseira;Luz do Dia;Bom;Seca;Cruz;Sem?íforo;Comercial;0;0;2;1;0;0;0;0;0;0;0;0;-3,744543000000000;-38,505333000000000
262112;4;11;2015;15:00;9155;AV LUCIANO CARNEIRO;AV EDUARDO GIRAO;;0;;Colis?úo Traseira;Luz do Dia;Bom;Seca;Cruz;Sem?íforo;Comercial;0;1;1;0;0;0;1;0;0;1;0;0;-3,752275000000000;-38,532811000000000
262116;4;11;2015;19:00;0;RUA CEL JUCA;;;1602;;Colis?úo Traseira;Via Iluminada;Bom;Seca;Meio de Quadra;N?úo H?í Controle;Residencial;0;0;2;1;0;1;0;0;0;0;0;0;;
262086;4;11;2015;12:30;0;AV DOS EXPEDICIONARIOS;;;3489;;Colis?úo Traseira;Luz do Dia;Bom;Seca;Meio de Quadra;N?úo H?í Controle;Outros;0;0;4;1;0;0;0;0;0;0;0;0;-3,750633000000000;-38,536827000000000
262073;4;11;2015;07:30;0;RUA SGT JOAO PINHEIRO;;;633;;Colis?úo Lateral;Luz do Dia;Bom;Seca;Meio de Quadra;N?úo H?í Controle;Residencial;0;1;1;1;0;0;0;0;0;1;0;0;-3,780981000000000;-38,622260000000000
262079;4;11;2015;18:50;0;RUA EDUARDO PERDIGAO;;;110;;Colis?úo Lateral;Via Iluminada;Bom;Seca;Meio de Quadra;N?úo H?í Controle;Residencial;0;0;2;1;1;0;0;0;0;0;0;0;-3,775515000000000;-38,564820000000000
262010;4;11;2015;10:30;19068;RUA PRO SILAS RIBEIRO;AV ENG SANTANA JUNIOR;;0;;Colis?úo Transversal;Luz do Dia;Bom;Seca;Cruz;Sem?íforo Intermitente;Comercial;0;0;2;1;0;0;0;0;0;0;0;0;-3,736968000000000;-38,482901000000000
262045;4;11;2015;08:30;1331;RUA CEL LINHARES;RUA MARCOS MACEDO;;0;;Colis?úo Transversal;Luz do Dia;Bom;Seca;Cruz;Pare;Residencial;0;0;2;1;0;0;0;0;0;1;0;0;-3,735526000000000;-38,493827000000000
261959;4;11;2015;16:30;7860;AV ANTONIO SALES;AV SEN VIRGILIO TAVORA;;0;;Colis?úo Lateral;Luz do Dia;Bom;Seca;Cruz;Sem?íforo;Comercial;0;0;2;1;0;0;0;0;0;0;0;0;-3,747279000000000;-38,496500000000000
261980;4;11;2015;;13775;RUA LUIZA MIRANDA COELHO;RUA JOSE B PARENTE D59;;0;;Colis?úo Transversal;Luz do Dia;Bom;Seca;Cruz;Pare;Residencial;0;0;2;1;1;0;0;0;0;0;0;0;-3,775236000000000;-38,486236000000000
261981;4;11;2015;09:35;15368;RUA FREDERICO BORGES;RUA PEREIRA VALENTE;;0;;Colis?úo Lateral;Luz do Dia;Bom;Seca;Cruz;Pare;Comercial;0;0;2;1;0;0;0;0;0;0;0;0;-3,734782000000000;-38,489174000000000
261992;4;11;2015;08:30;12479;AV AUGUSTO DOS ANJOS;RUA PERDIGAO DE OLIVEIRA;;0;;Colis?úo Lateral;Luz do Dia;Bom;Seca;Cruz;Sem?íforo;Misto;0;0;2;1;0;0;1;0;0;0;0;0;-3,775131000000000;-38,574712000000000
270331;4;11;2015;09:10;0;AV SEN CARLOS JEREISSATI (AEROPORTO);;;0;KM 04;Colis?úo;Luz do Dia;;Seca;Meio de Quadra;;;0;0;2;1;0;0;0;0;0;0;0;0;-3,779313000000000;-38,514638000000000
270350;4;11;2015;22:30;0;AV MAE LISBOA;;;393;;Colis?úo;Via Iluminada;;Seca;Meio de Quadra;;;1;0;1;1;0;1;0;0;0;0;0;0;-3,808171000000000;-38,477959000000000
270361;5;11;2015;13:00;0;RD CE-040;;;0;KM-06;Colis?úo;Luz do Dia;;Seca;Meio de Quadra;;;0;0;2;1;0;0;0;0;0;0;0;0;-3,811270000000000;-38,478781000000000
270114;5;11;2015;10:00;0;AV JOAO DE ARAUJO LIMA;;;2196;;Colis?úo Lateral;Luz do Dia;;;Meio de Quadra;;;0;0;1;1;0;0;0;0;0;0;0;0;-3,841311000000000;-38,562407000000000
271915;5;11;2015;12:41;0;AV OLAVO BILAC;;;0;;Colis?úo;Luz do Dia;;;Meio de Quadra;;;0;0;2;0;0;0;0;0;0;0;0;0;;
271921;5;11;2015;13:41;15405;RUA SILVEIRA DA MOTA;RUA ARAUJO TORREAO;;0;;Colis?úo;Luz do Dia;;;Cruz;N?úo H?í Controle;Residencial;0;0;2;0;0;0;0;0;0;0;0;0;-3,815075000000000;-38,495948000000000
271917;5;11;2015;12:46;0;RUA COSME DE ALMEIDA;;;50;;Colis?úo;Luz do Dia;;;Meio de Quadra;;;0;0;2;0;0;0;0;0;0;0;0;0;;
271918;5;11;2015;13:30;11471;RUA DO CORREGO;RUA DA CARAUBA;;0;;Atropelamento;Luz do Dia;;;;;;0;0;2;0;0;0;0;0;0;0;0;0;-3,782641000000000;-38,509905000000000
271924;5;11;2015;13:56;0;RUA PERNAMBUCO;;;1941;;Colis?úo;Luz do Dia;;;Meio de Quadra;;;0;0;2;0;0;0;0;0;0;0;0;0;-3,755094000000000;-38,574647000000000
271928;5;11;2015;14:35;0;AV GAL OSORIO DE PAIVA;;;1372;;Colis?úo;Luz do Dia;;;Meio de Quadra;;;0;0;2;0;0;0;0;0;0;0;0;0;-3,780117000000000;-38,573660000000000
271926;5;11;2015;14:00;7211;AV DR THEBERGE;AV PRS CASTELO BRANCO;;0;;Colis?úo;Luz do Dia;;;Cruz;Sem?íforo;Comercial;0;0;2;0;0;0;0;0;0;0;0;0;-3,710079000000000;-38,563456000000000
259359;5;11;2015;13:40;0;RD BR 116;;;1000;KM-01;Colis?úo Traseira;Luz do Dia;Bom;Seca;Meio de Quadra;N?úo H?í Controle;Comercial;0;1;1;1;0;0;0;0;0;1;0;0;-3,762554000000000;-38,518702000000000
266122;5;11;2015;11:29;0;RUA CAP GUSTAVO;;;0;;Outros;Luz do Dia;;;Meio de Quadra;;;0;0;1;0;0;0;0;0;0;0;0;1;;
262214;5;11;2015;09:00;13414;AV ANTONIO SALES;RUA CARLOS VASCONCELOS;;0;;Colis?úo Lateral;Luz do Dia;Bom;Seca;Cruz;Sem?íforo Intermitente;Comercial;0;0;2;0;1;0;1;0;0;0;0;0;-3,741942000000000;-38,513726000000000
262229;5;11;2015;13:15;9018;RUA SALDANHA MARINHO;RUA SOLON PINHEIRO;;0;;Colis?úo Transversal;Luz do Dia;Bom;Seca;Cruz;Pare;Residencial;0;0;2;1;0;0;0;0;0;0;0;0;-3,742594000000000;-38,530406000000000
262270;5;11;2015;11:30;2411;AV CEL CARVALHO;RUA AMADEU DE CASTRO;;0;;Colis?úo Transversal;Luz do Dia;Bom;Seca;Y;Pare;Comercial;0;1;1;1;0;0;0;0;0;0;0;0;-3,706322000000000;-38,590807000000000
262237;5;11;2015;12:10;15170;AV ABOLICAO;RUA JOSE VILAR;;0;;Colis?úo Traseira;Luz do Dia;Bom;Seca;Cruz;Pare;Residencial;0;0;2;1;0;0;0;0;0;0;0;0;-3,725435000000000;-38,501373000000000
262244;5;11;2015;09:30;0;AV OLIVEIRA PAIVA;;;2000;;Colis?úo Traseira;Luz do Dia;Bom;Seca;Meio de Quadra;N?úo H?í Controle;Comercial;0;0;2;1;0;0;0;0;0;0;0;0;-3,796180000000000;-38,488305000000000
262502;5;11;2015;12:20;0;RUA BERNARDO MANUEL;;;1320;;Colis?úo Traseira;Luz do Dia;Bom;Seca;Meio de Quadra;N?úo H?í Controle;Comercial;0;0;2;1;0;0;1;0;0;0;0;0;;
262434;5;11;2015;09:00;1708;RUA CAP OLAVO;RUA CAP URUGUAI D46;;0;;Colis?úo Transversal;Luz do Dia;Bom;Seca;Cruz;Pare;Residencial;0;0;2;0;0;0;0;0;0;1;0;0;-3,767066000000000;-38,515652000000000
262463;5;11;2015;07:20;13432;AV RUI BARBOSA;AV ANTONIO SALES;;0;;Engavetamento;Luz do Dia;Bom;Seca;Cruz;Sem?íforo;Misto;0;0;4;1;0;0;0;0;0;0;0;0;-3,742611000000000;-38,511569000000000
262342;5;11;2015;14:20;7760;AV ANTONIO SALES;RUA SILVA PAULET;;0;;Colis?úo Transversal;Luz do Dia;Bom;Seca;Cruz;Pare;Misto;0;0;2;1;0;0;0;0;0;0;0;0;-3,743595000000000;-38,508383000000000
262364;5;11;2015;06:40;19714;RUA ERICO MOTA;RUA GUSTAVO SAMPAIO;;0;;Colis?úo Lateral;Luz do Dia;Bom;Seca;Cruz;Pare;Residencial;0;0;2;1;0;0;0;0;0;0;0;0;-3,736560000000000;-38,562743000000000
262421;5;11;2015;20:30;6724;AV SANTOS DUMONT;AV ENG SANTANA JUNIOR;;0;;Colis?úo Traseira;Anoitecer;Bom;Seca;Cruz;Pare;Comercial;0;0;2;1;1;0;0;0;0;0;0;0;-3,740506000000000;-38,485132000000000
262431;5;11;2015;07:53;24977;AV ALM HENRIQUE SABOIA;RUA GAL OLAVO OLIVEIRA ALBUQUERQUE;;0;;Colis?úo Traseira;Luz do Dia;Bom;Seca;T;Pare;Misto;0;0;2;1;0;0;0;0;0;0;0;0;;
262405;5;11;2015;19:00;6721;RUA BENTO ALBUQUERQUE;AV ENG SANTANA JUNIOR;;0;;Colis?úo Lateral;Via Iluminada;Bom;Seca;Cruz;Sem?íforo;Comercial;0;0;2;1;0;0;0;0;0;0;0;0;-3,742678000000000;-38,486538000000000
262292;5;11;2015;10:15;0;AV ABOLICAO;;;3986;;Colis?úo Traseira;Luz do Dia;Bom;Seca;Meio de Quadra;Sem?íforo;Comercial;0;0;3;1;0;0;0;0;0;0;0;0;-3,725165000000000;-38,483653000000000
262276;5;11;2015;19:20;0;AV JOSE LEON;;;1127;;Colis?úo Traseira;Luz do Dia;Bom;Seca;Meio de Quadra;N?úo H?í Controle;Comercial;0;0;2;1;1;0;0;0;0;0;0;0;-3,787888000000000;-38,501534000000000
262347;5;11;2015;12:00;5433;RUA MAJ FACUNDO;RUA METON DE ALENCAR;;0;;Colis?úo Transversal;Luz do Dia;Bom;Seca;Cruz;Pare;Comercial;0;0;2;1;0;0;0;0;0;0;0;0;-3,733917000000000;-38,529899000000000
268174;5;11;2015;03:12;0;RUA RAIMUNDO PINHEIRO;;;338;;Queda;;;;Meio de Quadra;;;0;1;0;0;0;0;0;0;0;1;0;0;;
268196;5;11;2015;11:02;0;AV PRS COSTA E SILVA;;;0;;Colis?úo;Luz do Dia;;;Meio de Quadra;;;0;1;0;0;0;0;1;0;0;1;0;0;;
268194;5;11;2015;11:01;26215;RUA E CJ JOSE WALTER;AV D CJ JOSE WALTER;;0;;Colis?úo;Luz do Dia;;;;;;0;1;0;1;0;0;0;0;0;1;0;0;;
268192;5;11;2015;10:44;4875;RUA CON DE CASTRO;RUA JARDIM FLUMINENSE;;0;;Colis?úo;Luz do Dia;;;T;Sem?íforo;Residencial;0;1;0;1;0;0;0;0;0;1;0;0;-3,812831000000000;-38,597948000000000
268180;5;11;2015;07:41;0;AV GAL OSORIO DE PAIVA;;;4771;;Colis?úo;Luz do Dia;;;Meio de Quadra;;;0;1;0;0;0;0;0;0;0;1;0;0;-3,800696000000000;-38,598162000000000
268177;5;11;2015;06:33;23747;AV GAL OSORIO DE PAIVA;RUA LINS DO REGO;;0;;Colis?úo;Luz do Dia;;;T;Pare;Comercial;0;1;0;0;0;0;0;0;0;0;0;0;-3,782563000000000;-38,577376000000000
268184;5;11;2015;07:55;0;AV PRS CASTELO BRANCO;;;0;;Colis?úo;Luz do Dia;;;Meio de Quadra;;;0;1;0;0;0;0;0;0;0;1;0;0;;
268187;5;11;2015;08:30;0;AV CASTELO DE CASTRO;;;1141;;Colis?úo;Luz do Dia;;;Meio de Quadra;;;0;1;0;1;1;0;0;0;0;0;0;0;-3,839062000000000;-38,521750000000000
268188;5;11;2015;08:37;0;RUA PDE VALDEVINO;;;0;;Colis?úo;Luz do Dia;;;Meio de Quadra;;;0;1;0;1;0;0;0;0;0;1;0;0;;
268199;5;11;2015;11:09;0;AV GOV PARSIFAL BARROSO;;;0;;Colis?úo;Luz do Dia;;;Meio de Quadra;;;0;1;0;0;0;0;0;0;0;0;0;0;;
268211;5;11;2015;13:29;0;RUA CIDADE ECOLOGICA;;;55;;Queda;Luz do Dia;;;Meio de Quadra;;;0;1;0;0;0;0;0;0;0;1;0;0;-3,772216000000000;-38,471178000000000
268224;5;11;2015;13:48;0;RUA JERONIMO ALBUQUERQUE;;;460;;Colis?úo;Luz do Dia;;;Meio de Quadra;;;0;1;0;1;0;0;0;0;0;1;0;0;;
268233;5;11;2015;18:51;0;RUA TIBURCIO CAVALCANTE;;;0;;Atropelamento;;;;Meio de Quadra;;;0;1;0;1;0;0;0;0;0;0;0;0;;
268229;5;11;2015;18:00;0;AV DOLOR BARREIRA;;;510;;Atropelamento;Anoitecer;;;Meio de Quadra;;;0;1;0;0;0;0;0;0;0;1;0;0;-3,729376000000000;-38,472565000000000
268226;5;11;2015;15:08;0;RUA 315 CJ CEARA;;;18;;Queda;Luz do Dia;;;Meio de Quadra;;;0;1;0;0;0;0;0;0;0;1;0;0;-3,773718000000000;-38,614681000000000
268227;5;11;2015;17:07;0;AV ALBERTO CRAVEIRO;;;0;;Colis?úo;Anoitecer;;;Meio de Quadra;;;0;1;0;1;0;0;0;0;0;1;0;0;;
262624;5;11;2015;18:30;0;AV JOSE BASTOS;;;3509;;Colis?úo Traseira;Anoitecer;Bom;;Meio de Quadra;;Comercial;0;1;2;1;0;0;0;0;0;0;0;0;;
262660;5;11;2015;08:35;1595;RUA GAL TERTULIANO POTYGUARA;RUA BARBOSA DE FREITAS;;0;;Colis?úo Transversal;Luz do Dia;Bom;Seca;Cruz;Pare;Residencial;0;1;1;1;0;0;0;0;0;1;0;0;-3,743454000000000;-38,499576000000000
262670;5;11;2015;10:30;0;AV GOV RAUL BARBOSA;;;1498;;Colis?úo Traseira;Luz do Dia;Bom;Seca;Meio de Quadra;N?úo H?í Controle;Comercial;0;0;2;1;0;0;1;0;0;0;0;0;;
262672;5;11;2015;08:30;0;AV PRO GOMES DE MATOS;;;1285;;Colis?úo Lateral;Luz do Dia;Bom;Seca;Outros;N?úo H?í Controle;Comercial;0;0;2;1;0;0;0;1;0;0;0;0;-3,763656000000000;-38,547755000000000
262592;5;11;2015;02:15;23755;RUA DR ESTENIO GOMES;RUA LEBOM MAIA;;0;;Atropelamento;Via Iluminada;Bom;Seca;Cruz;N?úo H?í Controle;Residencial;1;0;1;1;0;0;0;0;0;0;0;0;-3,786622000000000;-38,578331000000000
262607;5;11;2015;18:50;0;RUA VILA LOBOS;;;0;;Colis?úo Lateral;;Bom;Seca;Meio de Quadra;;Residencial;0;0;2;1;0;0;0;0;1;0;0;0;;
262611;5;11;2015;08:00;2486;AV FRANCISCO SA;RUA SEN ROBERT KENNEDY;;0;;Colis?úo Transversal;Luz do Dia;Bom;Seca;Cruz;Pare;Residencial;0;0;2;1;0;0;1;0;0;0;0;0;-3,709140000000000;-38,581426000000000
262563;5;11;2015;06:00;3219;RUA EMILIO DE MENESES;RUA ANSELMO NOGUEIRA;;0;;Colis?úo Transversal;Luz do Dia;Bom;Seca;Cruz;Sem?íforo;Comercial;0;1;1;1;0;0;0;0;1;0;0;0;-3,781760000000000;-38,587374000000000
262587;5;11;2015;14:00;2431;RUA JERONIMO ALBUQUERQUE;RUA ESTEVAO DE CAMPOS;;0;;Colis?úo Transversal;Luz do Dia;Bom;Seca;Cruz;Pare;Misto;0;0;2;1;0;0;0;0;0;1;0;0;-3,706713000000000;-38,576292000000000
262588;5;11;2015;16:00;0;RUA CANDIDO CASTELO BRANCO;;;4744;;Colis?úo Traseira;Luz do Dia;Bom;Seca;Meio de Quadra;Sem?íforo;Misto;0;0;2;1;0;0;0;0;0;1;0;0;;
262589;5;11;2015;12:30;1598;RUA MON CATAO;RUA CAROLINA SUCUPIRA;;0;;Colis?úo Traseira;Luz do Dia;Bom;Seca;Cruz;Pare;Residencial;0;0;2;1;0;0;0;0;0;0;0;0;-3,743696000000000;-38,492167000000000
262536;5;11;2015;18:39;17390;RUA ELVIRA PINHO;RUA ALM RUBIM;;0;;Colis?úo Transversal;Via Iluminada;Bom;Seca;Cruz;Pare;Residencial;0;1;1;1;0;0;0;0;0;1;0;0;-3,767260000000000;-38,555324000000000
262537;5;11;2015;12:30;5406;RUA PRC ISABEL;RUA ANTONIO POMPEU;;0;;Colis?úo Lateral;Luz do Dia;Bom;Seca;Cruz;Pare;Comercial;0;0;1;1;0;0;0;0;0;0;0;0;-3,732693000000000;-38,537283000000000
262543;5;11;2015;09:00;0;AV DR SILAS MUNGUBA;;;3038;;Colis?úo Traseira;Luz do Dia;Bom;Seca;Meio de Quadra;Sem?íforo;Comercial;0;0;2;0;0;0;0;0;0;0;0;0;-3,788228000000000;-38,546464000000000
262557;5;11;2015;10:30;0;RUA JARDIM FLUMINENSE;;;1018;;Colis?úo Lateral;Luz do Dia;Bom;Seca;Meio de Quadra;N?úo H?í Controle;Misto;0;1;1;1;0;0;0;0;0;1;0;0;;
262532;5;11;2015;12:40;25063;AV DOS EXPEDICIONARIOS;RUA ARMANDO MONTEIRO;;0;;Colis?úo Transversal;Luz do Dia;Bom;Seca;Cruz;Pare;Misto;0;2;1;1;0;0;0;0;0;1;0;0;-3,762230000000000;-38,540372000000000
262533;5;11;2015;14:00;0;RUA BERNARDO MANUEL;;;8899;;Queda;Luz do Dia;Bom;Seca;Meio de Quadra;N?úo H?í Controle;Comercial;0;0;2;0;0;0;1;0;0;1;0;0;-3,797402000000000;-38,551025000000000
262712;5;11;2015;07:30;9257;AV AGUANAMBI;RUA CEL PERGENTINO FERREIRA;;0;;Colis?úo Traseira;Luz do Dia;Bom;Seca;Cruz;Sem?íforo;Comercial;0;0;2;1;1;0;0;0;0;0;0;0;-3,748634000000000;-38,524049000000000
262703;5;11;2015;07:50;0;AV AGUANAMBI;;;0;;Colis?úo Lateral;Luz do Dia;Bom;Seca;Meio de Quadra;N?úo H?í Controle;Lazer;0;0;2;1;0;0;1;0;0;0;0;0;;
262697;5;11;2015;17:30;0;RUA COSTA FREIRE;;;1845;;Colis?úo Traseira;Anoitecer;Bom;Seca;Meio de Quadra;N?úo H?í Controle;Comercial;0;0;2;0;1;0;0;0;0;0;0;0;;
262686;5;11;2015;16:30;11856;AV FRANCISCO SA;RUA JOSE PINTO DO CARMO;;0;;Colis?úo Lateral;Luz do Dia;Bom;Seca;Cruz;Sem?íforo;Residencial;0;0;2;1;0;0;0;0;0;1;0;0;-3,721324000000000;-38,545407000000000
262692;5;11;2015;09:40;0;AV ALBERTO CRAVEIRO;;;2770;CASTELAO;Colis?úo Traseira;Luz do Dia;Bom;Seca;Outros;N?úo H?í Controle;Residencial;0;0;2;1;1;0;0;0;0;0;0;0;-3,805335000000000;-38,523255000000000