COD_ACIDENTE;DIA;MES;ANO;HORA;INTERSECAO;LOG1;LOG2;LOG3;NUMERO;REFERENCIA;NATUREZA;ILUMINACAO;TEMPO;SUPERFICIEPISTA;TIPOCRUZAMENTO;CONTROLETRAFEGO;USOSOLO;MORTOS;FERIDOS;ILESOS;AUTOMOVEL;ONIBUS;BICICLETA;CAMINHAO;MICROONIBUS;CICLOMOTOR;MOTOCICLETA;TRACAOANIMAL;TREM;LATITUDE;LONGITUDE
262688;5;11;2015;22:44;0;RUA ULISSES BEZERRA;;;0;;Colis?úo Lateral;Via Iluminada;Bom;Seca;Meio de Quadra;N?úo H?í Controle;Comercial;0;0;1;1;0;0;0;0;0;0;0;0;;
262679;5;11;2015;13:00;0;RUA BENI DE CARVALHO;;;796;;Colis?úo Traseira;Luz do Dia;Bom;Seca;Meio de Quadra;N?úo H?í Controle;Comercial;0;0;2;1;0;0;0;0;0;0;0;0;-3,746592000000000;-38,493191000000000
262674;5;11;2015;15:10;0;AV AMERICO BARREIRA;;;0;;Colis?úo Traseira;Luz do Dia;Bom;Seca;Meio de Quadra;Pare;Comercial;0;0;2;0;0;0;0;0;0;1;0;0;;
262675;5;11;2015;19:20;0;RUA LEONARDO MOTA;;;0;;Colis?úo Lateral;Via Iluminada;Bom;Seca;Meio de Quadra;N?úo H?í Controle;Comercial;0;0;2;1;0;0;0;0;0;0;0;0;;
262676;5;11;2015;20:30;10211;RUA MINERVA;RUA RIO VENTURA;;0;;Colis?úo Lateral;Via Iluminada;Bom;Seca;Cruz;N?úo H?í Controle;Residencial;0;0;2;1;0;0;0;0;0;1;0;0;-3,748339000000000;-38,599780000000000
262677;5;11;2015;13:15;0;RUA DES LEITE ALBUQUERQUE;;;1080;;Colis?úo Traseira;Luz do Dia;Bom;Seca;Meio de Quadra;N?úo H?í Controle;Comercial;0;0;2;1;0;0;0;0;0;0;0;0;-3,738837000000000;-38,493718000000000
262699;6;11;2015;06:22;0;AV SGT HERMINIO SAMPAIO;;;222;;Queda;Luz do Dia;Bom;Seca;Meio de Quadra;Sem?íforo;Residencial;0;0;2;0;0;0;0;0;0;0;0;0;;
262695;6;11;2015;08:15;19833;AV ENG HUMBERTO MONTE;AV JOVITA FEITOSA;;0;;Colis?úo Traseira;;Bom;Seca;Cruz;Sem?íforo;Comercial;0;0;2;1;0;0;1;0;0;0;0;0;-3,741963000000000;-38,566544000000000
262696;6;11;2015;08:10;0;RUA 41 CJ JOSE WALTER;;;530;;Colis?úo Transversal;Luz do Dia;Bom;Seca;Meio de Quadra;N?úo H?í Controle;Misto;0;0;2;0;0;0;1;0;0;0;0;0;-3,829420000000000;-38,557509000000000
262704;6;11;2015;18:10;0;RUA MAJ WEYNE;;;596;;Colis?úo;Via Iluminada;Bom;Seca;Meio de Quadra;N?úo H?í Controle;Residencial;0;1;2;1;0;0;0;0;0;0;0;0;-3,750514000000000;-38,542218000000000
262713;6;11;2015;20:50;10720;RUA PORTO ALEGRE;RUA TERESINA;;0;;Outros;;;;Cruz;Pare;;0;0;1;1;0;0;0;0;0;0;0;0;-3,759580000000000;-38,591844000000000
262714;6;11;2015;08:30;0;RUA PERO COELHO;;;0;;Colis?úo Lateral;Luz do Dia;Bom;Seca;Meio de Quadra;Outros;Residencial;0;0;2;1;0;0;0;0;0;0;0;0;;
262715;6;11;2015;15:45;0;AV DR SILAS MUNGUBA;;;0;;Colis?úo Traseira;Luz do Dia;Bom;Seca;Meio de Quadra;Sem?íforo;Comercial;0;1;1;1;0;0;0;0;0;1;0;0;-3,791270000000000;-38,537743000000000
262720;6;11;2015;08:00;5573;AV DAS GRAVIOLAS;AL TULIPAS;;0;;Choque c/ Obst?ículo Fixo;Luz do Dia;Bom;Seca;;N?úo H?í Controle;Residencial;0;1;0;1;0;0;0;0;0;0;0;0;-3,751698000000000;-38,471419000000000
262717;6;11;2015;12:30;0;AV BORGES DE MELO;;;0;;Colis?úo Frontal;Luz do Dia;Bom;;Meio de Quadra;Outros;;0;1;1;1;0;0;0;0;0;1;0;0;;
262718;6;11;2015;13:50;7976;AV JOAO PESSOA;RUA MAJ WEYNE;;0;;Colis?úo Lateral;Luz do Dia;Bom;Seca;Cruz;Sem?íforo;Misto;0;0;2;1;1;0;0;0;0;0;0;0;-3,747841000000000;-38,545334000000000
262726;6;11;2015;13:40;5247;AV IMPERADOR;RUA PEDRO PEREIRA;;0;;Colis?úo Transversal;Luz do Dia;Bom;Seca;Cruz;Sem?íforo;Comercial;0;0;1;1;0;0;0;0;0;0;0;0;-3,727714000000000;-38,534609000000000
262727;6;11;2015;08:30;19548;AV DR SILAS MUNGUBA;RUA PERU;;0;;Engavetamento;Luz do Dia;Bom;Seca;Cruz;Sem?íforo;Comercial;0;1;2;1;0;0;0;0;0;1;0;0;-3,783036000000000;-38,554545000000000
262724;6;11;2015;12:50;1441;AV SANTOS DUMONT;RUA PRO DIAS DA ROCHA;;0;;Colis?úo Transversal;Luz do Dia;Bom;Seca;Cruz;Pare;Comercial;0;0;2;1;0;0;0;0;0;0;0;0;-3,738113000000000;-38,492502000000000
262722;6;11;2015;09:45;6721;AV ENG SANTANA JUNIOR;RUA BENTO ALBUQUERQUE;;0;;Colis?úo Lateral;Luz do Dia;Bom;Seca;Cruz;Sem?íforo;Misto;0;0;2;1;0;0;1;0;0;0;0;0;-3,742678000000000;-38,486538000000000
262750;6;11;2015;19:40;0;AV GENIBAU;;;120;;Engavetamento;Via Iluminada;Bom;Seca;Meio de Quadra;N?úo H?í Controle;Residencial;0;0;4;1;0;0;0;0;0;0;0;0;-3,761630000000000;-38,595666000000000
262748;6;11;2015;19:00;10405;RUA JOSE MENDONCA;AV GENIBAU;;0;;Colis?úo Transversal;Via Iluminada;Bom;Seca;Duplo T;Pare;Residencial;0;1;1;1;0;0;0;0;0;1;0;0;-3,760237000000000;-38,602771000000000
262742;6;11;2015;07:30;0;AV ABOLICAO;;;3893;;Engavetamento;Luz do Dia;Bom;Seca;Meio de Quadra;Sem?íforo;Comercial;0;0;3;1;0;0;0;0;0;0;0;0;-3,725418000000000;-38,484594000000000
262743;6;11;2015;08:30;7972;RUA MACHADO DE ASSIS;RUA MAJ WEYNE;;0;;Colis?úo Traseira;Luz do Dia;Bom;Seca;T;Pare;Residencial;0;1;1;1;0;0;0;0;0;0;0;0;-3,747089000000000;-38,546151000000000
262744;6;11;2015;11:10;3901;AV EDUARDO GIRAO;RUA JORGE DUMAR;;0;;Colis?úo Transversal;Luz do Dia;Bom;Seca;Cruz;Sem?íforo;Comercial;0;2;0;0;0;0;0;0;0;1;0;0;-3,749691000000000;-38,538695000000000
262745;6;11;2015;08:00;380;RUA DELMIRO FARIAS;RUA FRANCISCA CLOTILDE;;0;;Colis?úo Transversal;Luz do Dia;Bom;Seca;Cruz;Pare;Comercial;0;1;1;1;0;0;0;0;0;1;0;0;-3,744217000000000;-38,554231000000000
262779;6;11;2015;18:15;0;AV RUI BARBOSA;;;2000;;Colis?úo Lateral;Via Iluminada;Bom;Seca;Meio de Quadra;;Comercial;0;0;2;1;0;0;0;0;0;0;0;0;-3,740886000000000;-38,511004000000000
262760;6;11;2015;10:00;12926;AV ANTONIO SALES;AV VIS RIO BRANCO;;0;;Colis?úo;Luz do Dia;Bom;Seca;Cruz;Sem?íforo;Comercial;0;1;1;1;0;0;0;0;0;1;0;0;-3,738574000000000;-38,523589000000000
262753;6;11;2015;09:00;7957;AV BAR STUDART;AV PONTES VIEIRA;;0;;Colis?úo Lateral;Luz do Dia;Bom;Seca;T;Sem?íforo;Comercial;0;0;2;1;0;0;0;0;0;0;0;0;-3,752590000000000;-38,512361000000000
262757;6;11;2015;18:00;12905;RUA MES ROSA;AV AGUANAMBI;;0;;Colis?úo Lateral;Anoitecer;Bom;Seca;Y;Pare;Misto;0;0;2;1;0;0;0;0;0;0;0;0;-3,741687000000000;-38,525946000000000
262775;6;11;2015;08:30;0;RUA LEAO TREZE;;;439;;Colis?úo Lateral;Luz do Dia;Bom;Seca;Meio de Quadra;Outros;Residencial;0;1;1;0;0;0;1;0;0;1;0;0;-3,783719000000000;-38,545744000000000
262776;6;11;2015;10:15;0;RUA PDE ANDRADE D45;;;363;;Colis?úo Lateral;Luz do Dia;Bom;Seca;Meio de Quadra;N?úo H?í Controle;Residencial;0;0;2;0;0;0;0;0;0;0;0;0;;
262777;6;11;2015;21:00;0;AV ODILON GUIMARAES;;;3482;;Colis?úo Frontal;Mal Iluminada;Bom;Seca;Meio de Quadra;N?úo H?í Controle;Residencial;0;0;2;1;0;0;0;0;0;0;0;0;-3,815974000000000;-38,469974000000000
262772;6;11;2015;10:50;0;AV JOVITA FEITOSA;;;1074;;Engavetamento;Luz do Dia;Bom;Seca;Meio de Quadra;N?úo H?í Controle;Comercial;0;0;3;1;0;0;0;0;0;0;0;0;-3,739302000000000;-38,553669000000000
268234;6;11;2015;05:56;0;AV SORIANO ALBUQUERQUE;;;100;;Colis?úo;Amanhecer;;;Meio de Quadra;;;0;1;0;1;0;0;0;0;0;1;0;0;-3,747841000000000;-38,519534000000000
268243;6;11;2015;07:09;693;RUA ROCHA POMBO;RUA SILVIO ROMERO;;0;;Colis?úo;Luz do Dia;;;Cruz;N?úo H?í Controle;Outros;0;1;0;1;0;0;0;0;0;1;0;0;-3,720596000000000;-38,571362000000000
268240;6;11;2015;06:49;0;RUA VALPARAISO;;;30;;Atropelamento;Luz do Dia;;;Meio de Quadra;;;0;0;1;0;0;0;0;0;0;1;0;0;-3,846389000000000;-38,520577000000000
268260;6;11;2015;17:44;0;AV JOSE BASTOS;;;3480;;Colis?úo;Anoitecer;;;Meio de Quadra;;;0;1;0;1;0;0;0;0;0;1;0;0;-3,749574000000000;-38,550036000000000
268261;6;11;2015;17:46;0;RUA ERICO MOTA;;;960;;Atropelamento;Anoitecer;;;Meio de Quadra;;;0;1;0;0;0;0;0;0;0;0;0;0;-3,745270000000000;-38,560964000000000
268249;6;11;2015;09:29;0;RUA CON DE CASTRO;;;4545;;Queda;Luz do Dia;;;Meio de Quadra;;;0;1;0;0;0;0;0;0;0;1;0;0;-3,804958000000000;-38,591863000000000
268250;6;11;2015;10:28;3767;AV IMPERADOR;AV DOMINGOS OLIMPIO;;0;;Colis?úo;Luz do Dia;;;Cruz;Sem?íforo;Comercial;0;1;0;0;0;0;0;0;0;0;0;0;-3,734790000000000;-38,536697000000000
268310;6;11;2015;22:21;0;RUA JUCA (EDSON QUEIROZ);;;0;;Queda;;;;Meio de Quadra;;;0;1;0;0;0;0;0;0;0;1;0;0;;
268257;6;11;2015;17:40;13304;AV G CJ JOSE WALTER;AV I CJ JOSE WALTER;;0;;Colis?úo;Anoitecer;;;T;Pare;Residencial;0;1;0;1;0;0;0;0;0;1;0;0;-3,839061000000000;-38,554956000000000
268305;6;11;2015;17:53;0;RUA JOSE AVELINO;;;480;;Colis?úo;Anoitecer;;;Meio de Quadra;;;0;1;0;1;0;0;0;0;0;1;0;0;-3,722400000000000;-38,519228000000000
268306;6;11;2015;18:18;0;RUA ANDRE REBOUCAS;;;0;;Colis?úo;Anoitecer;;;Meio de Quadra;;;0;1;0;1;0;0;0;0;0;1;0;0;;
268307;6;11;2015;19:26;7809;RUA VIS MAUA;RUA FRANCISCO HOLANDA;;0;;Colis?úo;;;;Cruz;N?úo H?í Controle;Comercial;0;1;0;1;0;1;0;0;0;0;0;0;-3,749029000000000;-38,503561000000000
268308;6;11;2015;21:29;24987;AV ALM HENRIQUE SABOIA;AV ANTONIO SALES;;0;;Queda;;;;Y;Outros;Comercial;0;1;0;0;0;0;0;0;0;1;0;0;-3,748334000000000;-38,492911000000000
266127;6;11;2015;15:29;0;RUA EUCLIDES O DE SOUSA;;;1469;;Colis?úo;Luz do Dia;;;Meio de Quadra;;;0;0;2;1;0;0;0;0;0;0;0;0;-3,797111000000000;-38,466640000000000
271933;6;11;2015;10:58;26077;AV JOSE JATAHY;AV DUQ CAXIAS;;0;;Colis?úo;Luz do Dia;;;T;Pare;Comercial;0;0;2;0;0;0;0;0;0;0;0;0;;
271931;6;11;2015;10:34;0;RUA ARAUJO TORREAO;;;215;;Colis?úo;Luz do Dia;;;Meio de Quadra;;;0;0;2;0;0;0;0;0;0;0;0;0;-3,814722000000000;-38,496103000000000
271938;6;11;2015;11:16;0;RUA BAR ARATANHA;;;1300;;Colis?úo;Luz do Dia;;;Meio de Quadra;;;0;0;2;0;0;0;0;0;0;0;0;0;-3,744371000000000;-38,530214000000000
271936;6;11;2015;11:09;0;RUA OSVALDO CRUZ (ALDEOTA);;;800;;Colis?úo;Luz do Dia;;;Meio de Quadra;;;0;0;2;0;0;0;0;0;0;0;0;0;-3,732538000000000;-38,499328000000000
271940;6;11;2015;11:54;0;RUA CEL DIONISIO ALENCAR;;;36;;Colis?úo;Luz do Dia;;;Meio de Quadra;;;0;0;2;0;0;0;0;0;0;0;0;0;;
271946;6;11;2015;13:23;0;RUA CEL MATOS DOURADO;;;160;;Colis?úo;Luz do Dia;;;Meio de Quadra;;;0;0;2;0;0;0;0;0;0;0;0;0;-3,737164000000000;-38,585179000000000
271944;6;11;2015;12:25;0;RUA JOSE JULIO FROTA;;;209;;Colis?úo;Luz do Dia;;;Meio de Quadra;;;0;0;2;0;0;0;0;0;0;0;0;0;-3,784492000000000;-38,585809000000000
271961;6;11;2015;19:43;0;RUA MURITIAPUA;;;697;;Colis?úo;;;;Meio de Quadra;;;0;0;2;0;0;0;0;0;0;0;0;0;;
271962;6;11;2015;20:34;3398;RUA AMAZONAS;RUA PAPI JUNIOR;;0;;Colis?úo;;;;Cruz;Pare;Residencial;0;0;2;0;0;0;0;0;0;0;0;0;-3,755547000000000;-38,560679000000000
271956;6;11;2015;15:57;0;AV DA INDEPENDENCIA;;;1661;;Colis?úo;Luz do Dia;;;Meio de Quadra;;;0;0;2;0;0;0;0;0;0;0;0;0;-3,725657000000000;-38,595236000000000
271957;6;11;2015;16:41;0;AV SANTOS DUMONT;;;3646;;Colis?úo;Luz do Dia;;;Meio de Quadra;;;0;0;2;0;0;0;0;0;0;0;0;0;-3,738462000000000;-38,491451000000000
271958;6;11;2015;17:25;0;RUA JAPI;;;527;;Colis?úo;Anoitecer;;;Meio de Quadra;;;0;0;2;0;0;0;0;0;0;0;0;0;;
271948;6;11;2015;14:30;0;RUA RAIMUNDO BIZARRIA;;;817;;Colis?úo;Luz do Dia;;;Meio de Quadra;;;0;0;2;0;0;0;0;0;0;0;0;0;-3,726912000000000;-38,579366000000000
271953;6;11;2015;15:29;0;AV GAL OSORIO DE PAIVA;;;4183;;Colis?úo;Luz do Dia;;;Meio de Quadra;;;0;0;2;0;0;0;0;0;0;0;0;0;-3,795488000000000;-38,593122000000000
271950;6;11;2015;14:36;0;AV DES GONZAGA;;;507;;Colis?úo;Luz do Dia;;;Meio de Quadra;;;0;0;2;0;0;0;0;0;0;0;0;0;;
270118;6;11;2015;10:00;7017;AV MON HELIO CAMPOS D22;RUA 5 DE AGOSTO;;0;;Colis?úo;Luz do Dia;;;;;;0;1;0;1;0;0;0;0;0;1;0;0;-3,704210000000000;-38,567269000000000
270367;6;11;2015;11:50;0;RD CE-040;;;0;KM-07;Atropelamento;Luz do Dia;;Seca;Meio de Quadra;;;0;1;2;1;0;0;0;0;0;0;0;0;-3,817953000000000;-38,483160000000000
270373;6;11;2015;15:40;0;RD CE-040;;;0;KM-05;Colis?úo;Luz do Dia;;;Meio de Quadra;;;0;0;2;1;0;0;0;0;0;0;0;0;-3,790876000000000;-38,480349000000000
265088;6;11;2015;18:40;5075;RUA ALM JACEGUAI;RUA JOSE AVELINO;;0;;Colis?úo Transversal;;;;Cruz;Pare;Comercial;0;1;1;1;0;0;0;0;0;1;0;0;-3,722395000000000;-38,519311000000000
270378;7;11;2015;02:00;0;RD CE-060;;;0;KM-03;Colis?úo;Via Iluminada;;Seca;Meio de Quadra;;;0;0;2;0;0;0;0;0;0;0;0;0;-3,836637000000000;-38,582776000000000
262821;7;11;2015;14:30;0;AV SGT HERMINIO SAMPAIO;;;2505;;Colis?úo;Luz do Dia;Bom;Seca;Meio de Quadra;Gesto;Comercial;0;2;0;0;0;0;0;0;0;1;0;0;-3,726817000000000;-38,563004000000000
262827;7;11;2015;15:20;5466;RUA ROCHA LIMA;AV VIS RIO BRANCO;;0;;Colis?úo Transversal;Luz do Dia;Bom;Seca;Rotat??ria;Sem?íforo;Misto;0;1;1;1;0;0;0;0;0;1;0;0;-3,735770000000000;-38,524153000000000
262838;7;11;2015;19:50;4022;AV JOAO PESSOA;RUA OSCAR BEZERRA ARAUJO;;0;;Colis?úo Frontal;Anoitecer;Bom;Seca;T;Outros;Comercial;0;1;1;1;0;0;0;0;0;0;0;0;-3,761747000000000;-38,557535000000000
262831;7;11;2015;11:30;0;AV 13 DE MAIO;;;0;;Colis?úo Traseira;Luz do Dia;Bom;Seca;Meio de Quadra;N?úo H?í Controle;Comercial;0;0;2;1;0;0;0;0;0;0;0;0;;
262864;7;11;2015;18:10;5039;RUA PESSOA ANTA;AV ALBERTO NEPOMUCENO;;0;;Colis?úo Traseira;Via Iluminada;Bom;Seca;Cruz;Sem?íforo;Comercial;0;0;2;1;0;0;0;0;0;0;0;0;-3,721257000000000;-38,523212000000000
262867;7;11;2015;09:40;17377;RUA ELVIRA PINHO;RUA BAR CANINDE;;0;;Colis?úo Transversal;Luz do Dia;Bom;Seca;Cruz;Pare;Comercial;0;0;2;1;0;0;0;0;0;0;0;0;-3,766881000000000;-38,556147000000000
262862;7;11;2015;11:30;0;AV PRS JUSCELINO KUBITSCHEK (PASSAR?ë);;;3460;;Colis?úo Lateral;Luz do Dia;Bom;Seca;Meio de Quadra;N?úo H?í Controle;Comercial;0;1;1;0;0;0;0;0;0;1;0;0;-3,811300000000000;-38,528043000000000
262859;7;11;2015;11:11;5067;RUA PDE MORORO;RUA SEN ALENCAR;;0;;Colis?úo Transversal;Luz do Dia;Bom;Seca;Cruz;Pare;Residencial;0;1;1;1;0;0;0;0;0;0;0;0;-3,722160000000000;-38,536475000000000
262851;7;11;2015;18:30;12445;AV SEN FERNANDES TAVORA;TR HELENA DE MARIA;;0;;Colis?úo Lateral;Via Iluminada;Bom;Seca;Cruz;N?úo H?í Controle;Comercial;0;0;2;1;0;0;0;0;0;0;0;0;-3,766094000000000;-38,574916000000000
262852;7;11;2015;11:40;0;RUA ALBERTO MAGNO;;;1164;;Colis?úo Lateral;Luz do Dia;Bom;Seca;Meio de Quadra;N?úo H?í Controle;Comercial;0;0;2;1;0;0;0;0;0;0;0;0;-3,765177000000000;-38,550279000000000
262849;7;11;2015;16:30;0;RUA GAL TERTULIANO POTYGUARA;;;40;;Colis?úo Lateral;Mal Iluminada;Bom;Seca;Meio de Quadra;Pare;Residencial;0;0;2;1;0;0;1;0;0;0;0;0;;
262842;7;11;2015;13:20;0;RUA NAPOLEAO LAUREANO;;;199;;Colis?úo;Luz do Dia;Bom;Seca;Meio de Quadra;N?úo H?í Controle;Residencial;0;0;2;1;0;0;0;0;0;0;0;0;-3,750660000000000;-38,529554000000000
262900;7;11;2015;14:20;15347;RUA TIBURCIO CAVALCANTE;AV DOM LUIS;;0;;Colis?úo Lateral;Luz do Dia;Bom;Seca;T;Sem?íforo;Comercial;0;0;2;1;0;0;0;0;0;0;0;0;-3,732021000000000;-38,501313000000000
262882;7;11;2015;12:50;19708;RUA PRO LINO ENCARNACAO;RUA GUSTAVO SAMPAIO;;0;;Colis?úo Frontal;Luz do Dia;Bom;Seca;Cruz;Pare;Comercial;0;0;3;1;0;0;0;0;0;0;0;0;-3,736332000000000;-38,561651000000000
262887;7;11;2015;09:40;24394;RUA DOMINGOS JAGUARIBE;RUA MOACIR MACHADO;;0;;Colis?úo Lateral;Luz do Dia;Bom;Seca;Cruz;;Residencial;0;1;1;1;0;0;0;0;0;1;0;0;-3,768015000000000;-38,529217000000000
262896;7;11;2015;04:10;0;AV JOVITA FEITOSA;;;2881;;Atropelamento;Via Iluminada;Bom;Seca;Meio de Quadra;Pare;Comercial;0;1;0;1;0;0;0;0;0;0;0;0;-3,741293000000000;-38,563499000000000
262897;7;11;2015;13:10;5360;RUA FRANKLIN TAVORA;RUA NOGUEIRA ACIOLI;;0;;Colis?úo Lateral;Luz do Dia;Bom;Seca;;;Comercial;0;0;2;1;1;0;0;0;0;0;0;0;-3,731251000000000;-38,517256000000000
262898;7;11;2015;16:00;0;AV N CJ JOSE WALTER;;;0;;Colis?úo Traseira;Luz do Dia;Bom;Seca;Meio de Quadra;Pare;Comercial;0;0;2;1;0;0;0;0;0;0;0;0;;
262890;7;11;2015;19:10;1324;RUA DR JOSE LOURENCO;RUA TORRES CAMARA;;0;;Colis?úo;Via Iluminada;Bom;Seca;Cruz;Pare;Residencial;0;0;2;0;0;0;0;0;0;0;0;0;-3,735281000000000;-38,508053000000000
262891;7;11;2015;17:10;9257;AV AGUANAMBI;RUA CEL PERGENTINO FERREIRA;;0;;Colis?úo Transversal;Luz do Dia;Bom;Seca;Cruz;Sem?íforo;Comercial;0;1;1;1;0;0;0;0;0;0;0;0;-3,748634000000000;-38,524049000000000
262892;7;11;2015;14:10;3856;AV DA UNIVERSIDADE;RUA PDE FRANCISCO PINTO;;0;;Colis?úo Transversal;Luz do Dia;Bom;Seca;Cruz;Sem?íforo Danificado;Comercial;0;0;2;1;1;0;0;0;0;0;0;0;-3,742799000000000;-38,540777000000000
271964;7;11;2015;08:13;21604;RUA DOM XISTO ALBANO;RUA DARCY VARGAS;;0;;Colis?úo;Luz do Dia;;;Cruz;Pare;Residencial;0;0;2;0;0;0;0;0;0;0;0;0;-3,798206000000000;-38,586618000000000
271965;7;11;2015;10:51;0;AV AUGUSTO DOS ANJOS;;;473;;Colis?úo;Luz do Dia;;;Meio de Quadra;;;0;0;2;0;0;0;0;0;0;0;0;0;-3,772716000000000;-38,572488000000000
271971;7;11;2015;12:08;0;RUA URUCUTUBA;;;1542;;Colis?úo;Luz do Dia;;;Meio de Quadra;;;0;0;2;0;0;0;0;0;0;0;0;0;-3,797658000000000;-38,608763000000000
271972;7;11;2015;14:43;0;RUA POMPEU CAVALCANTE;;;621;;Colis?úo;Luz do Dia;;;Meio de Quadra;;;0;0;2;0;0;0;0;0;0;0;0;0;-3,725510000000000;-38,563224000000000
271967;7;11;2015;11:09;0;RUA DNA LUCIA PINHEIRO (QUINTINO CUNHA);;;0;;Colis?úo;Luz do Dia;;;Meio de Quadra;;;0;0;2;0;0;0;0;0;0;0;0;0;;
271968;7;11;2015;11:13;0;AV ABOLICAO;;;3340;;Colis?úo;Luz do Dia;;;Meio de Quadra;;;0;0;2;0;0;0;0;0;0;0;0;0;-3,726420000000000;-38,489706000000000
271969;7;11;2015;11:55;0;RUA 09 UI 211;;;384;;Colis?úo;Luz do Dia;;;Meio de Quadra;;;0;0;2;0;0;0;0;0;0;0;0;0;;
272133;7;11;2015;19:00;0;RUA EVILASIO A MIRANDA;;;144;;Atropelamento;;;;Meio de Quadra;;;0;0;2;0;0;0;0;0;0;0;0;0;-3,789557000000000;-38,467720000000000
272134;7;11;2015;19:53;13054;AV B CJ JOSE WALTER;AV J CJ JOSE WALTER;;0;;Atropelamento;;;;;;;0;0;2;0;0;0;0;0;0;0;0;0;-3,826939000000000;-38,554445000000000
272126;7;11;2015;14:46;0;RUA BOM JESUS (GRANJA LISBOA);;;500;;Colis?úo;Luz do Dia;;;Meio de Quadra;;;0;0;2;0;0;0;0;0;0;0;0;0;-3,795363000000000;-38,598388000000000
272129;7;11;2015;17:30;5235;RUA PEDRO PEREIRA;RUA PRC ISABEL;;0;;Colis?úo;Anoitecer;;;Cruz;Pare;Comercial;0;0;2;0;0;0;0;0;0;0;0;0;-3,727353000000000;-38,535705000000000
272130;7;11;2015;18:30;0;AV D CJ JOSE WALTER;;;273;;Colis?úo;Anoitecer;;;Meio de Quadra;;;0;0;2;0;0;0;0;0;0;0;0;0;-3,831653000000000;-38,555643000000000
272131;7;11;2015;18:58;10350;RUA ALVES BATISTA;RUA PORTO DAS ROSAS;;0;;Colis?úo;;;;;;;0;0;2;0;0;0;0;0;0;0;0;0;-3,757051000000000;-38,600659000000000
272136;7;11;2015;20:10;0;AV DEP PAULINO ROCHA;;;0;;Colis?úo;;;;Meio de Quadra;;;0;0;2;0;0;0;0;0;0;0;0;0;;
272137;7;11;2015;20:14;1034;RUA JOAQUIM FROTA;RUA ELISEU ORIA;;0;;Colis?úo;;;;Cruz;Pare;Residencial;0;0;2;0;0;0;0;0;0;0;0;0;-3,801783000000000;-38,476880000000000
272138;7;11;2015;20:27;0;RUA CARLOS CHAGAS;;;1051;;Colis?úo;;;;Meio de Quadra;;;0;0;2;0;0;0;0;0;0;0;0;0;;
272139;7;11;2015;21:26;0;RUA COS LAFAYETE;;;794;;Colis?úo;;;;Meio de Quadra;;;0;0;2;0;0;0;0;0;0;0;0;0;-3,717738000000000;-38,585458000000000
272140;7;11;2015;22:07;0;LOGRADOURO SEM NOME;;;73;;Colis?úo;;;;Meio de Quadra;;;0;0;2;0;0;0;0;0;0;0;0;0;;
272141;7;11;2015;22:14;24542;RUA DR QUIXADA FELICIO;AV MOZART PINHEIRO DE LUCENA;;0;;Colis?úo;;;;T;Pare;Residencial;0;0;2;0;0;0;0;0;0;0;0;0;-3,710639000000000;-38,593478000000000
272142;7;11;2015;22:17;282;RUA ERICO MOTA;RUA ABILIO MARTINS;;0;;Colis?úo;;;;Cruz;Pare;Misto;0;0;2;0;0;0;0;0;0;0;0;0;-3,742376000000000;-38,561548000000000
272143;7;11;2015;22:22;21783;RUA GAL ALIPIO DOS SANTOS;RUA PINHEIRO BASTOS;;0;;Colis?úo;;;;;;;0;0;2;0;0;0;0;0;0;0;0;0;-3,729616000000000;-38,587880000000000
266130;7;11;2015;22:33;0;AV N CJ JOSE WALTER;;;0;;Colis?úo;;;;Meio de Quadra;;;0;0;2;1;0;0;0;0;0;0;0;0;;
259360;7;11;2015;00:30;0;RD BR 116;;;8000;KM-08;Colis?úo Traseira;Via Iluminada;Bom;Seca;Meio de Quadra;N?úo H?í Controle;Comercial;0;1;2;1;0;0;0;0;0;1;0;0;-3,822018000000000;-38,503269000000000
268320;7;11;2015;09:42;0;AV JOSE LEON;;;0;;Colis?úo;Luz do Dia;;;Meio de Quadra;;;0;1;0;1;0;1;0;0;0;0;0;0;;
268312;7;11;2015;02:04;0;RUA PRO GOMES BRASIL;;;201;;Colis?úo;;;;Meio de Quadra;;;0;1;0;1;0;0;0;0;0;1;0;0;-3,774031000000000;-38,567652000000000
268314;7;11;2015;04:19;0;RUA BETEL;;;1419;;Queda;;;;Meio de Quadra;;;0;1;0;0;0;0;0;0;0;1;0;0;-3,790848000000000;-38,551986000000000
268315;7;11;2015;05:57;0;AV LINEU MACHADO;;;0;;Colis?úo;Amanhecer;;;Meio de Quadra;;;0;1;0;0;0;0;0;0;0;1;0;0;;
268316;7;11;2015;07:02;0;AV PONTES VIEIRA;;;0;;Colis?úo;Luz do Dia;;;Meio de Quadra;;;0;1;0;1;0;0;0;0;0;1;0;0;;
268317;7;11;2015;07:30;0;RUA MOACIR MACHADO;;;286;;Queda;Luz do Dia;;;Meio de Quadra;;;0;1;0;0;0;0;0;0;0;1;0;0;-3,768095000000000;-38,529233000000000
268318;7;11;2015;09:17;5936;AV C CJ CEARA;RUA 1153 CJ CEARA;;0;;Colis?úo;Luz do Dia;;;;;;0;1;0;1;0;0;0;0;0;1;0;0;-3,761816000000000;-38,609545000000000