COD_ACIDENTE;DIA;MES;ANO;HORA;INTERSECAO;LOG1;LOG2;LOG3;NUMERO;REFERENCIA;NATUREZA;ILUMINACAO;TEMPO;SUPERFICIEPISTA;TIPOCRUZAMENTO;CONTROLETRAFEGO;USOSOLO;MORTOS;FERIDOS;ILESOS;AUTOMOVEL;ONIBUS;BICICLETA;CAMINHAO;MICROONIBUS;CICLOMOTOR;MOTOCICLETA;TRACAOANIMAL;TREM;LATITUDE;LONGITUDE
268341;7;11;2015;14:57;0;AV PRS COSTA E SILVA;;;0;;Colis?úo;Luz do Dia;;;Meio de Quadra;;;0;1;0;0;0;0;0;0;0;0;0;0;;
268345;7;11;2015;16:27;0;AV JOR THOMAZ COELHO;;;3159;;Colis?úo;Luz do Dia;;;Meio de Quadra;;;0;1;1;1;0;0;0;0;0;1;0;0;-3,828967000000000;-38,522686000000000
268349;7;11;2015;17:14;0;AV ALBERTO CRAVEIRO;;;0;;Colis?úo;Anoitecer;;;Meio de Quadra;;;0;1;0;1;0;0;0;0;0;1;0;0;;
268350;7;11;2015;17:14;0;AV PRS COSTA E SILVA;;;381;;Colis?úo;Anoitecer;;;Meio de Quadra;;;0;1;0;1;0;0;0;0;0;1;0;0;;
268353;7;11;2015;18:03;0;AV L CJ JOSE WALTER;;;836;;Colis?úo;Anoitecer;;;Meio de Quadra;;;0;1;0;1;0;0;0;0;0;1;0;0;-3,832181000000000;-38,557849000000000
268324;7;11;2015;10:56;0;RUA 9 PLANALTO ITAPERI;;;372;;Queda;Luz do Dia;;;Meio de Quadra;;;0;1;0;0;0;0;0;0;0;1;0;0;;
268325;7;11;2015;11:06;0;AV DOS EXPEDICIONARIOS;;;4044;;Colis?úo;Luz do Dia;;;Meio de Quadra;;;0;1;1;1;0;0;0;0;0;1;0;0;-3,753737000000000;-38,537777000000000
268333;7;11;2015;12:58;0;RUA MON FURTADO;;;2047;;Colis?úo;Luz do Dia;;;Meio de Quadra;;;0;1;0;0;0;0;0;0;0;1;0;0;-3,753393000000000;-38,555320000000000
268330;7;11;2015;12:17;0;RUA MUCAMBINHO (MESSEJANA);;;263;;Colis?úo;Luz do Dia;;;Meio de Quadra;;;0;1;0;1;0;0;0;0;0;1;0;0;-3,828307000000000;-38,506744000000000
268358;7;11;2015;19:43;0;AV PERIMETRAL;;;399;;Colis?úo;;;;Meio de Quadra;;;0;1;1;1;0;0;0;0;0;1;0;0;;
268362;7;11;2015;22:08;0;RUA MARIA JULIA;;;406;;Colis?úo;;;;Meio de Quadra;;;0;1;1;1;0;0;0;0;0;1;0;0;-3,789310000000000;-38,598923000000000
268363;7;11;2015;23:27;25069;RUA RAUL CABRAL;AV DOS EXPEDICIONARIOS;;0;;Colis?úo;;;;Cruz;Sem?íforo;Comercial;0;1;1;1;0;0;0;0;0;1;0;0;-3,769605000000000;-38,542595000000000
268360;7;11;2015;21:21;0;RUA RAIMUNDO ARISTIDES;;;437;;Atropelamento;;;;Meio de Quadra;;;1;0;1;0;0;0;0;0;0;1;0;0;-3,820096000000000;-38,589582000000000
268356;7;11;2015;18:59;4020;RUA SAMUEL UCHOA;AV PRO GOMES DE MATOS;;0;;Colis?úo;;;;Cruz;Pare;Comercial;0;1;0;0;0;0;0;0;0;1;0;0;-3,757193000000000;-38,542215000000000
262807;7;11;2015;10:30;0;RUA CAMPO AMOR ROCHA;;;0;;Colis?úo Transversal;Luz do Dia;Bom;Seca;Meio de Quadra;Pare;Residencial;0;1;1;1;0;0;0;0;0;1;0;0;;
262808;7;11;2015;07:20;465;AV SEN FERNANDES TAVORA;RUA MANAUS;;0;;Engavetamento;Luz do Dia;Bom;Seca;Cruz;Pare;Residencial;0;0;3;1;0;0;0;0;0;0;0;0;-3,756541000000000;-38,592745000000000
262810;7;11;2015;09:10;22986;AV DR SILAS MUNGUBA;RUA BETEL;;0;;Colis?úo Lateral;Luz do Dia;Bom;Seca;Cruz;Pare;Comercial;0;0;2;1;0;0;0;0;0;1;0;0;-3,786401000000000;-38,550166000000000
262819;7;11;2015;12:30;0;RUA MIN ALBUQUERQUE LIMA;;;1714;;Colis?úo Lateral;Luz do Dia;Bom;Seca;Meio de Quadra;Outros;Residencial;0;0;2;1;0;0;0;0;0;0;0;0;-3,770220000000000;-38,598588000000000
270401;7;11;2015;10:00;0;AV SEN CARLOS JEREISSATI (AEROPORTO);;;0;KM 02;Colis?úo;Luz do Dia;;Seca;Meio de Quadra;;;0;0;3;1;0;0;0;0;0;0;0;0;-3,783932000000000;-38,529156000000000
270489;7;11;2015;15:10;0;RD CE-040;;;0;KM-09;Colis?úo;Luz do Dia;;Seca;Meio de Quadra;;;0;0;2;1;0;0;0;0;0;0;0;0;-3,824774000000000;-38,481431000000000
270485;7;11;2015;13:00;0;RD CE-040;;;0;KM-06;Colis?úo;Luz do Dia;;Seca;Meio de Quadra;;;0;0;3;1;0;0;0;0;0;1;0;0;-3,811270000000000;-38,478781000000000
270415;7;11;2015;12:30;0;RD CE-040;;;0;KM-02;Colis?úo;Luz do Dia;;;Meio de Quadra;;;0;0;3;1;0;0;0;0;0;0;0;0;-3,776479000000000;-38,481598000000000
270498;8;11;2015;18:30;0;RD CE-040;;;0;KM-06;Colis?úo;Via Iluminada;;Seca;Meio de Quadra;;;0;0;3;1;0;0;0;0;0;1;0;0;-3,811270000000000;-38,478781000000000
268368;8;11;2015;00:10;25763;RUA FRANCISCO VASCONCELOS;RUA HOLANDA;;0;;Queda;;;;T;N?úo H?í Controle;Residencial;0;1;0;0;0;0;0;0;0;1;0;0;-3,804488000000000;-38,559006000000000
268374;8;11;2015;03:30;0;RUA SGT JOAO PINHEIRO;;;1455;;Atropelamento;;;;Meio de Quadra;;;0;1;0;1;0;0;0;0;0;0;0;0;-3,785844000000000;-38,623636000000000
268371;8;11;2015;01:18;2719;RUA MARIA JULIA;RUA JOSE MARTINS;;0;;Queda;;;;;;;0;1;0;0;0;0;0;0;0;1;0;0;-3,789754000000000;-38,599057000000000
268385;8;11;2015;05:04;0;RUA EQUADOR;;;129;;Colis?úo;Amanhecer;;;Meio de Quadra;;;0;1;0;1;0;0;0;0;0;1;0;0;;
268380;8;11;2015;03:59;0;RUA FRE MANSUETO;;;1042;;Queda;;;;Meio de Quadra;;;0;1;0;0;0;0;0;0;0;1;0;0;-3,733371000000000;-38,488746000000000
268381;8;11;2015;04:45;0;AV 13 DE MAIO;;;0;;Queda;;;;Meio de Quadra;;;0;1;0;0;0;0;0;0;0;1;0;0;;
268388;8;11;2015;05:05;6752;RUA PRO OTAVIO LOBO;AV SANTOS DUMONT;;0;;Atropelamento;Amanhecer;;;Cruz;Sem?íforo;Residencial;0;1;0;0;0;0;1;0;0;0;0;0;-3,742845000000000;-38,477829000000000
268389;8;11;2015;07:07;0;RUA JARDIM FLUMINENSE;;;5899;;Queda;Luz do Dia;;;Meio de Quadra;;;0;1;0;0;0;0;0;0;0;1;0;0;;
268390;8;11;2015;07:21;0;AV GODOFREDO MACIEL;;;0;;Queda;Luz do Dia;;;Meio de Quadra;;;0;1;0;0;0;0;0;0;0;1;0;0;;
268391;8;11;2015;09:07;0;AV C CJ CEARA;;;186;;Atropelamento;Luz do Dia;;;Meio de Quadra;;;0;1;0;0;0;0;0;0;0;1;0;0;-3,758825000000000;-38,608412000000000
268392;8;11;2015;11:38;0;RUA BERNARDO MANUEL;;;10006;;Colis?úo;Luz do Dia;;;Meio de Quadra;;;0;1;0;1;0;0;0;0;0;1;0;0;-3,806712000000000;-38,553824000000000
268394;8;11;2015;13:57;0;AV DR SILAS MUNGUBA;;;3353;;Queda;Luz do Dia;;;Meio de Quadra;;;0;1;0;0;0;0;0;0;0;1;0;0;;
268395;8;11;2015;14:18;0;RUA JULIO AZEVEDO;;;1120;;Atropelamento;Luz do Dia;;;Meio de Quadra;;;0;1;0;0;0;0;0;0;0;1;0;0;-3,739436000000000;-38,480060000000000
268410;8;11;2015;21:15;0;AV JOSE BASTOS;;;0;;Queda;;;;Meio de Quadra;;;0;1;0;0;0;0;0;0;0;1;0;0;;
268415;8;11;2015;22:56;7211;AV PRS CASTELO BRANCO;AV DR THEBERGE;;0;;Colis?úo;;;;Cruz;Sem?íforo;Comercial;0;1;0;0;0;0;0;0;0;0;0;0;-3,710079000000000;-38,563456000000000
268416;8;11;2015;23:07;0;AV ENG HUMBERTO MONTE;;;645;;Colis?úo;;;;Meio de Quadra;;;0;1;0;0;0;0;0;0;0;0;0;0;-3,752612000000000;-38,557641000000000
268417;8;11;2015;23:17;0;AV N CJ JOSE WALTER;;;0;;Queda;;;;Meio de Quadra;;;0;1;0;0;0;0;0;0;0;1;0;0;;
268418;8;11;2015;23:18;0;RUA PRO PEDRO JORGE;;;760;;Colis?úo;;;;Meio de Quadra;;;0;1;0;0;0;0;0;0;0;1;0;0;;
268412;8;11;2015;22:00;4672;AV MIN JOSE AMERICO;RUA PEDRO LAZAR;;0;;Queda;;;;;N?úo H?í Controle;Comercial;0;1;0;0;0;0;0;0;0;1;0;0;-3,808267000000000;-38,489290000000000
268413;8;11;2015;22:13;12463;RUA MELO DE OLIVEIRA;RUA VIS CAUIPE;;0;;Atropelamento;;;;Cruz;;Comercial;0;1;0;1;0;0;0;0;0;0;0;0;-3,775188000000000;-38,579583000000000
268408;8;11;2015;20:38;0;RUA PARANA;;;489;;Queda;;;;Meio de Quadra;;;0;1;0;0;0;0;0;0;0;1;0;0;-3,755769000000000;-38,567429000000000
268403;8;11;2015;17:00;10408;AV GENIBAU;RUA HUMAITA D73;;0;;Colis?úo;Anoitecer;;;Cruz;Pare;Comercial;0;1;1;1;0;0;0;0;0;1;0;0;-3,760652000000000;-38,600613000000000
268404;8;11;2015;17:33;0;RUA PRO VIRGILIO DE MORAIS;;;200;;Atropelamento;Anoitecer;;;Meio de Quadra;;;0;1;1;1;0;0;0;0;0;0;0;0;-3,750332000000000;-38,596482000000000
268405;8;11;2015;18:34;0;RUA CEL QUEIROZ;;;520;;Atropelamento;;;;Meio de Quadra;;;0;1;0;1;0;0;0;0;0;0;0;0;;
268399;8;11;2015;15:39;0;RUA PERGENTINO MAIA;;;286;;Colis?úo;Luz do Dia;;;Meio de Quadra;Pare;Comercial;1;1;1;0;1;0;0;0;0;1;0;0;;
268400;8;11;2015;16:29;0;RUA CEL VIRGILIO NOGUEIRA (BOM JARDIM);;;783;;Atropelamento;Luz do Dia;;;Meio de Quadra;;;0;1;1;0;0;0;0;0;0;1;0;0;-3,790489000000000;-38,609298000000000
259366;8;11;2015;09:30;0;RD BR 116;;;13000;KM-13;Colis?úo Traseira;Luz do Dia;Bom;Seca;Meio de Quadra;N?úo H?í Controle;Comercial;0;0;2;1;0;0;0;0;0;0;0;0;-3,864670000000000;-38,497727000000000
259368;8;11;2015;15:25;0;RD BR 116;;;3000;KM-03;Choque c/ Obst?ículo Fixo;Luz do Dia;;;Meio de Quadra;;;0;1;0;1;0;0;0;0;0;0;0;0;-3,779838000000000;-38,514372000000000
266142;8;11;2015;07:07;1272;AV DOM LUIS;RUA JOAQUIM NABUCO;;0;;Colis?úo;Luz do Dia;;;Cruz;Gesto;Comercial;0;0;2;1;0;0;0;0;0;1;0;0;-3,732301000000000;-38,500333000000000
266148;8;11;2015;18:17;0;AV IMPERADOR;;;0;;Colis?úo;Anoitecer;;;Meio de Quadra;;;0;0;2;1;1;0;0;0;0;0;0;0;;
266149;8;11;2015;19:23;0;AV RAD JOSE LIMA VERDE;;;0;;Colis?úo;Anoitecer;;;Meio de Quadra;;;0;0;2;1;0;0;0;0;0;0;0;0;;
272144;8;11;2015;00:08;7948;RUA JOAQUIM NABUCO;AV PONTES VIEIRA;;0;;Colis?úo;;;;Cruz;Sem?íforo Intermitente;Comercial;0;0;2;0;0;0;0;0;0;0;0;0;-3,751917000000000;-38,506628000000000
272145;8;11;2015;02:28;0;AV SANTOS DUMONT;;;0;;Choque c/ Obst?ículo Fixo;;;;Meio de Quadra;;;0;0;1;0;0;0;0;0;0;0;0;0;;
272146;8;11;2015;04:55;15144;AV MON TABOSA;AV RUI BARBOSA;;0;;Colis?úo;;;;Cruz;Pare;Comercial;0;0;2;0;0;0;0;0;0;0;0;0;-3,724441000000000;-38,505696000000000
272147;8;11;2015;05:17;0;AV DR SILAS MUNGUBA;;;1150;;Colis?úo;Amanhecer;;;Meio de Quadra;;;0;0;2;0;0;0;0;0;0;0;0;0;-3,782141000000000;-38,555864000000000
272148;8;11;2015;06:29;0;AV AGUANAMBI;;;0;;Colis?úo;Luz do Dia;;;Meio de Quadra;;;0;0;2;0;0;0;0;0;0;0;0;0;;
272149;8;11;2015;06:31;0;AV ENG HUMBERTO MONTE;;;0;;Choque c/ Obst?ículo Fixo;Luz do Dia;;;Meio de Quadra;;;0;0;1;0;0;0;0;0;0;0;0;0;;
272150;8;11;2015;07:23;0;RUA DR JUSTA ARAUJO D45;;;206;;Colis?úo;Luz do Dia;;;Meio de Quadra;;;0;0;2;0;0;0;0;0;0;0;0;0;-3,777992000000000;-38,550763000000000
272151;8;11;2015;09:53;0;AV A CJ CEARA;;;0;;Colis?úo;Luz do Dia;;;Meio de Quadra;;;0;0;2;0;0;0;0;0;0;0;0;0;;
272152;8;11;2015;09:45;1394;RUA TORRES CAMARA;RUA TIBURCIO CAVALCANTE;;0;;Colis?úo;Luz do Dia;;;Cruz;Sem?íforo;Comercial;0;0;2;0;0;0;0;0;0;0;0;0;-3,736933000000000;-38,502906000000000
272153;8;11;2015;12:27;21539;RUA COLOMBO;RUA TULIPA NEGRA;;0;;Colis?úo;Luz do Dia;;;;;;0;0;2;0;0;0;0;0;0;0;0;0;-3,823575000000000;-38,591743000000000
272157;8;11;2015;13:48;0;RUA A UI 301;;;390;;Colis?úo;Luz do Dia;;;Meio de Quadra;;;0;0;2;0;0;0;0;0;0;0;0;0;;
272161;8;11;2015;16:06;245;RUA DOM LINO;RUA GAL BERNARDO FIGUEIREDO;;0;;Colis?úo;Luz do Dia;;;Cruz;Pare;Misto;0;0;2;0;0;0;0;0;0;0;0;0;-3,740582000000000;-38,556267000000000
272159;8;11;2015;15:29;1604;RUA GAL TERTULIANO POTYGUARA;RUA VICENTE LEITE;;0;;Colis?úo;Luz do Dia;;;Cruz;Pare;Comercial;0;0;2;0;0;0;0;0;0;0;0;0;-3,744078000000000;-38,497657000000000
272173;8;11;2015;18:39;0;AV PRO GOMES DE MATOS;;;1683;;Colis?úo;;;;Meio de Quadra;;;0;0;2;0;0;0;0;0;0;0;0;0;-3,766165000000000;-38,549909000000000
272181;8;11;2015;19:34;0;RUA FRANCISCO PAIVA;;;1625;;Colis?úo;;;;Meio de Quadra;;;0;0;2;0;0;0;0;0;0;0;0;0;;
272171;8;11;2015;18:27;10077;RUA VALVERDE;RUA NEREIDE;;0;;Colis?úo;Anoitecer;;;;;;0;0;2;0;0;0;0;0;0;0;0;0;-3,786292000000000;-38,602753000000000
272168;8;11;2015;18:25;0;AV CARAPINIMA;;;1746;;Colis?úo;Anoitecer;;;Meio de Quadra;;;0;0;2;0;0;0;0;0;0;0;0;0;-3,737097000000000;-38,537245000000000
272166;8;11;2015;17:44;0;RUA MAJ WEYNE;;;771;;Colis?úo;Anoitecer;;;Meio de Quadra;;;0;0;2;0;0;0;0;0;0;0;0;0;-3,749641000000000;-38,543329000000000
272191;8;11;2015;21:00;12817;AV PRO GOMES DE MATOS;RUA DELMIRO FARIAS;;0;;Colis?úo;;;;T;Pare;Comercial;0;0;2;0;0;0;0;0;0;0;0;0;-3,755817000000000;-38,541034000000000
272196;8;11;2015;21:25;24909;AV MOZART PINHEIRO DE LUCENA;RUA ROSINHA SAMPAIO;;0;;Colis?úo;;;;Cruz;N?úo H?í Controle;Comercial;0;0;2;0;0;0;0;0;0;0;0;0;-3,724211000000000;-38,597432000000000
262904;8;11;2015;14:10;0;RUA VITAL BRASIL;;;55;;Choque c/ Obst?ículo Fixo;Luz do Dia;Bom;Seca;Meio de Quadra;N?úo H?í Controle;Misto;0;0;1;1;0;0;0;0;0;0;0;0;-3,782684000000000;-38,581525000000000
262912;8;11;2015;15:00;0;RUA ANTONIO MARTINS;;;878;;Colis?úo Frontal;Luz do Dia;Bom;Seca;Meio de Quadra;N?úo H?í Controle;Residencial;0;1;1;0;0;0;0;0;0;1;0;0;-3,750386000000000;-38,557707000000000
262907;8;11;2015;11:50;0;RUA PAULO FIRMEZA;;;4091;;Choque c/ Obst?ículo Fixo;Luz do Dia;Bom;Seca;Meio de Quadra;N?úo H?í Controle;Residencial;0;0;1;1;0;0;0;0;0;0;0;0;;
262908;8;11;2015;14:00;25675;AV ABOLICAO;TR SAO GERARDO (MUCURIPE);;0;;Colis?úo Transversal;Luz do Dia;Bom;Seca;T;N?úo H?í Controle;Residencial;0;0;2;1;0;0;0;0;0;0;0;0;-3,725907000000000;-38,486613000000000
262935;8;11;2015;17:00;5692;AV DES GONZAGA;RUA MARGARIDA DE QUEIROZ;;0;;Colis?úo Lateral;Via Iluminada;Bom;Seca;Cruz;;Comercial;0;0;2;1;0;0;0;0;0;0;0;0;-3,793168000000000;-38,501753000000000
262930;8;11;2015;07:00;24982;AV ALM HENRIQUE SABOIA;RUA CAROLINA SUCUPIRA;;0;;Colis?úo Lateral;Luz do Dia;Chuva;Molhada;;Sem?íforo;Rural;0;0;2;1;0;0;0;0;0;0;0;0;-3,744387000000000;-38,490003000000000
262931;8;11;2015;13:00;17563;RUA AMAZONAS;RUA ESPIRITO SANTO;;0;;Colis?úo Frontal;Luz do Dia;Bom;Seca;Cruz;Pare;Residencial;0;0;2;1;0;0;0;0;0;0;0;0;-3,751391000000000;-38,567217000000000
262932;8;11;2015;14:05;11339;AV GODOFREDO MACIEL;AV BENJAMIM BRASIL;;0;;Atropelamento;Luz do Dia;Bom;Seca;Cruz;Sem?íforo;Comercial;1;0;1;1;0;0;0;0;0;0;0;0;-3,803264000000000;-38,572040000000000
262933;8;11;2015;16:30;0;AV CEL CARVALHO;;;2856;;Engavetamento;Luz do Dia;Bom;Seca;Meio de Quadra;N?úo H?í Controle;;0;1;4;1;1;0;0;0;0;0;0;0;-3,728395000000000;-38,585031000000000
262925;8;11;2015;03:00;0;AV CEL CARVALHO;;;0;;Colis?úo Lateral;Via Iluminada;Bom;Seca;Meio de Quadra;N?úo H?í Controle;Comercial;0;0;3;1;0;0;0;0;0;0;0;0;;
262926;8;11;2015;06:35;0;AV TRISTAO GONCALVES;;;0;;Colis?úo Traseira;Luz do Dia;Nublado;Seca;Meio de Quadra;Pare;Comercial;0;0;2;1;0;0;0;0;0;0;0;0;;
262919;8;11;2015;11:00;0;AV DA UNIVERSIDADE;;;2683;;Colis?úo Traseira;Luz do Dia;Bom;Seca;Meio de Quadra;;Escola;0;1;1;1;0;0;0;0;0;0;0;0;-3,739954000000000;-38,538198000000000
262923;8;11;2015;14:50;15365;AV SEN VIRGILIO TAVORA;RUA PEREIRA VALENTE;;0;;Colis?úo Lateral;Luz do Dia;Bom;Seca;Cruz;Sem?íforo;Comercial;0;1;1;0;0;0;0;0;0;1;0;0;-3,733834000000000;-38,492193000000000
272204;8;11;2015;23:32;0;AV JOSE BASTOS;;;4855;;Choque c/ Obst?ículo Fixo;;;;Meio de Quadra;;;0;0;1;0;0;0;0;0;0;0;0;0;;
272202;8;11;2015;23:17;0;RUA AVILA GOULART;;;105;;Choque c/ Obst?ículo Fixo;;;;Meio de Quadra;;;0;0;1;0;0;0;0;0;0;0;0;0;;
272199;8;11;2015;21:52;0;AV CENTRAL;;;2005;;Colis?úo;;;;Meio de Quadra;;;0;0;2;0;0;0;0;0;0;0;0;0;;
272200;8;11;2015;22:03;5159;AV IMPERADOR;RUA GUILHERME ROCHA;;0;;Colis?úo;;;;Cruz;Sem?íforo;Comercial;0;0;2;0;0;0;0;0;0;0;0;0;-3,725081000000000;-38,533829000000000
272235;9;11;2015;20:26;0;RUA CEL JOAO CORREIA;;;935;;Atropelamento;;;;Meio de Quadra;;;0;0;2;0;0;0;0;0;0;0;0;0;-3,792828000000000;-38,601528000000000
272233;9;11;2015;14:25;22144;RUA VALDEMIRO CAVALCANTE;RUA PAPI JUNIOR;;0;;Colis?úo;Luz do Dia;;;Cruz;Pare;Residencial;0;0;2;0;0;0;0;0;0;0;0;0;-3,750624000000000;-38,555983000000000
272228;9;11;2015;11:49;6878;RUA 114 UI 508;AV CONTORNO OESTE D71;;0;;Colis?úo;Luz do Dia;;;;;;0;0;2;0;0;0;0;0;0;0;0;0;-3,810360000000000;-38,593233000000000
272226;9;11;2015;10:04;24503;AV MOZART PINHEIRO DE LUCENA;RUA 6 CJ POLAR;;0;;Colis?úo;Luz do Dia;;;;;;0;0;2;0;0;0;0;0;0;0;0;0;-3,709318000000000;-38,593089000000000
272222;9;11;2015;08:12;22159;RUA PRO COSTA MENDES;AV JOSE BASTOS;;0;;Colis?úo;Luz do Dia;;;Outros;N?úo H?í Controle;Residencial;0;0;2;0;0;0;0;0;0;0;0;0;-3,750784000000000;-38,551247000000000
272219;9;11;2015;00:26;19707;AV BEZERRA DE MENEZES;RUA ARMANDO OLIVEIRA;;0;;Colis?úo;;;;Cruz;Sem?íforo;;0;0;2;0;0;0;0;0;0;0;0;0;-3,736264000000000;-38,567270000000000
272217;9;11;2015;12:29;25334;AV D CJ CEARA;AV B CJ CEARA;;0;;Atropelamento;Luz do Dia;;;T;Pare;Misto;0;0;2;0;0;0;0;0;0;0;0;0;-3,763611000000000;-38,602328000000000
262943;9;11;2015;14:15;334;RUA NESTOR BARBOSA;RUA AMADEU FURTADO;;0;;Colis?úo Traseira;Luz do Dia;Bom;Seca;Cruz;Pare;Residencial;0;0;2;0;1;0;0;0;0;0;0;0;-3,745408000000000;-38,562047000000000
262944;9;11;2015;19:40;19533;AV GAL OSORIO DE PAIVA;RUA NEREU RAMOS;;0;;Colis?úo Lateral;Via Iluminada;Bom;Seca;Cruz;Sem?íforo;Comercial;0;0;2;1;1;0;0;0;0;0;0;0;-3,782196000000000;-38,576828000000000
262941;9;11;2015;13:00;19363;AV GAL OSORIO DE PAIVA;RUA IGUAPE;;0;;Colis?úo Transversal;Luz do Dia;Bom;Seca;T;N?úo H?í Controle;Comercial;1;1;1;1;0;0;0;0;0;1;0;0;-3,776964000000000;-38,568617000000000
262946;9;11;2015;18:40;20042;AV DEP PAULINO ROCHA;AV ALBERTO CRAVEIRO;;0;;Colis?úo Traseira;Via Iluminada;Bom;Seca;Rotat??ria;D?¬ Prefer?¬ncia;Lazer;0;0;2;1;0;0;0;0;0;0;0;0;-3,807229000000000;-38,524782000000000
262947;9;11;2015;21:40;3336;RUA RIO GRANDE DO SUL;RUA VIRIATO RIBEIRO;;0;;Colis?úo Traseira;Mal Iluminada;Bom;Seca;Cruz;Pare;Residencial;0;0;2;1;0;0;0;0;0;0;0;0;-3,750184000000000;-38,561355000000000
262950;9;11;2015;14:40;0;RUA NEREU RAMOS;;;0;VIADUTO;Colis?úo Traseira;Luz do Dia;Bom;Seca;Meio de Quadra;N?úo H?í Controle;Residencial;0;1;1;1;0;0;0;0;0;1;0;0;;
262954;9;11;2015;09:10;0;AV DOS EXPEDICIONARIOS;;;11113;;Colis?úo Traseira;Luz do Dia;Nublado;Seca;Outros;Outros;Comercial;0;0;2;1;0;0;0;0;0;0;0;0;-3,816586000000000;-38,556849000000000
262952;9;11;2015;13:30;0;AV DR SILAS MUNGUBA;;;0;;Colis?úo Traseira;Luz do Dia;Bom;Seca;Meio de Quadra;Sem?íforo Intermitente;Comercial;0;0;2;1;0;0;0;0;0;0;0;0;;
262990;9;11;2015;19:00;0;AV ROGACIANO LEITE;;;0;;Colis?úo Lateral;;Bom;Seca;Meio de Quadra;N?úo H?í Controle;Comercial;0;1;2;1;0;0;0;0;0;1;0;0;;
262983;9;11;2015;08:20;1555;RUA OSVALDO CRUZ (ALDEOTA);RUA VICENTE LINHARES;;0;;Colis?úo Lateral;Luz do Dia;Bom;Seca;Cruz;Pare;Comercial;0;1;1;1;0;0;0;0;0;1;0;0;-3,741502000000000;-38,502221000000000
262984;9;11;2015;00:05;0;AV BORGES DE MELO;;;1677;;Colis?úo Traseira;Via Iluminada;Bom;Seca;Meio de Quadra;N?úo H?í Controle;Comercial;0;0;2;1;0;0;0;0;0;0;0;0;-3,757649000000000;-38,532721000000000
262986;9;11;2015;15:25;1351;RUA DES LEITE ALBUQUERQUE;RUA TIBURCIO CAVALCANTE;;0;;Colis?úo Traseira;Luz do Dia;Bom;Seca;Cruz;Pare;Residencial;0;0;2;1;0;0;0;0;0;0;0;0;-3,735956000000000;-38,502587000000000
262981;9;11;2015;15:00;17359;AV PRO GOMES DE MATOS;RUA IRM BAZET;;0;;Tombamento;Luz do Dia;Bom;Seca;Cruz;Pare;Residencial;0;0;2;1;0;0;0;0;0;0;0;0;-3,766045000000000;-38,549810000000000
262977;9;11;2015;08:00;25156;RUA PERU;RUA 15 DE NOVEMBRO;;0;;Colis?úo Lateral;Luz do Dia;Nublado;Seca;Cruz;Pare;Residencial;0;0;2;1;0;0;1;0;0;0;0;0;-3,770914000000000;-38,550374000000000
262957;9;11;2015;11:20;19708;RUA PRO LINO ENCARNACAO;RUA GUSTAVO SAMPAIO;;0;;Colis?úo Transversal;Luz do Dia;Bom;Seca;Cruz;Pare;Comercial;0;0;2;1;0;0;0;0;0;0;0;0;-3,736332000000000;-38,561651000000000
262958;9;11;2015;07:20;11768;AV PRS CASTELO BRANCO;AV FILOMENO GOMES;;0;;Colis?úo;Luz do Dia;Bom;Seca;Cruz;Sem?íforo;Comercial;0;0;2;1;0;0;0;0;0;1;0;0;-3,715542000000000;-38,541982000000000
262959;9;11;2015;10:00;242;RUA GAL BERNARDO FIGUEIREDO;RUA COS ALVARO DE OLIVEIRA;;0;;Colis?úo Transversal;Luz do Dia;Bom;Seca;Cruz;Pare;Residencial;0;1;1;0;0;0;1;0;0;1;0;0;-3,740373000000000;-38,555261000000000
262960;9;11;2015;19:00;1705;RUA CAP VASCONCELOS D46;RUA TEN ROMA;;0;;Colis?úo Lateral;Via Iluminada;Bom;Seca;Cruz;Pare;Residencial;0;0;2;1;0;0;0;0;0;0;0;0;-3,768197000000000;-38,516588000000000
262961;9;11;2015;14:00;5357;RUA MAJ FACUNDO;RUA PEDRO I;;0;;Colis?úo Transversal;Luz do Dia;Bom;Seca;Cruz;Pare;Comercial;0;0;2;1;0;0;0;0;0;0;0;0;-3,731113000000000;-38,528990000000000
262962;9;11;2015;13:30;1373;RUA CEL LINHARES;RUA MARIA TOMASIA;;0;;Colis?úo Lateral;Luz do Dia;Bom;Seca;Cruz;Pare;Comercial;0;0;2;1;0;0;0;0;0;0;0;0;-3,736485000000000;-38,494134000000000
262963;9;11;2015;18:00;5415;RUA FLORIANO PEIXOTO;RUA GAL CLARINDO DE QUEIROZ;;0;;Colis?úo Transversal;Via Iluminada;Bom;Seca;Cruz;Pare;Comercial;0;2;0;0;0;0;0;0;0;1;0;0;-3,733049000000000;-38,529027000000000
262974;9;11;2015;09:30;12817;AV PRO GOMES DE MATOS;RUA DELMIRO FARIAS;;0;;Colis?úo Lateral;Luz do Dia;Bom;Seca;T;Pare;Comercial;0;0;2;1;1;0;0;0;0;0;0;0;-3,755817000000000;-38,541034000000000
263032;9;11;2015;12:00;7766;AV ANTONIO SALES;RUA TIBURCIO CAVALCANTE;;0;;Choque c/ Obst?ículo Fixo;Luz do Dia;;;Cruz;Sem?íforo;Comercial;0;0;2;1;0;0;0;0;0;0;0;0;-3,744543000000000;-38,505333000000000
263033;9;11;2015;18:00;13586;RUA CAP GUSTAVO;RUA ANTONIO FURTADO;;0;;Colis?úo Transversal;Via Iluminada;Bom;Seca;T;Pare;Residencial;0;0;2;1;0;0;0;0;0;0;0;0;-3,752095000000000;-38,517333000000000