COD_ACIDENTE;DIA;MES;ANO;HORA;INTERSECAO;LOG1;LOG2;LOG3;NUMERO;REFERENCIA;NATUREZA;ILUMINACAO;TEMPO;SUPERFICIEPISTA;TIPOCRUZAMENTO;CONTROLETRAFEGO;USOSOLO;MORTOS;FERIDOS;ILESOS;AUTOMOVEL;ONIBUS;BICICLETA;CAMINHAO;MICROONIBUS;CICLOMOTOR;MOTOCICLETA;TRACAOANIMAL;TREM;LATITUDE;LONGITUDE
263029;9;11;2015;11:40;8652;AV EDILSON B SOARES;RUA MARIO ALENCAR ARARIPE;;0;;Colis?úo Transversal;Luz do Dia;Bom;Seca;T;Pare;Escola;0;0;2;1;0;0;1;0;0;0;0;0;-3,789298000000000;-38,478792000000000
263037;9;11;2015;18:30;9136;RUA MON OTAVIO CASTRO;RUA BONFIM SOBRINHO;;0;;Colis?úo Lateral;Via Iluminada;Bom;Seca;T;Sem?íforo;Comercial;0;0;2;1;1;0;0;0;0;0;0;0;-3,751367000000000;-38,526287000000000
263035;9;11;2015;21:30;0;AV DOMINGOS OLIMPIO;;;0;;Colis?úo Traseira;Via Iluminada;Bom;Seca;Outros;Outros;Comercial;0;0;2;1;0;0;0;0;0;0;0;0;;
263023;9;11;2015;08:40;12836;AV DOMINGOS OLIMPIO;RUA BAR ARATANHA;;0;;Colis?úo Traseira;Luz do Dia;Bom;Seca;Cruz;Sem?íforo;Comercial;0;0;3;1;0;0;0;0;0;0;0;0;-3,737562000000000;-38,527953000000000
263016;9;11;2015;;0;AV DR SILAS MUNGUBA;;;4392;;Colis?úo Transversal;Via Iluminada;Bom;Seca;Meio de Quadra;Pare;Misto;0;2;1;1;0;0;0;0;0;1;0;0;-3,792890000000000;-38,535227000000000
263003;9;11;2015;18:30;12833;AV EDUARDO GIRAO;RUA DAMASCENO GIRAO;;0;;Colis?úo Lateral;Via Iluminada;Bom;Seca;Cruz;Sem?íforo;Comercial;0;1;1;1;0;0;0;0;0;1;0;0;-3,749257000000000;-38,539292000000000
262999;9;11;2015;07:45;0;AV GOV RAUL BARBOSA;;;300;;Colis?úo Lateral;Luz do Dia;Bom;Seca;Meio de Quadra;N?úo H?í Controle;Residencial;0;1;1;1;0;0;0;0;0;1;0;0;-3,756858000000000;-38,504555000000000
262997;9;11;2015;09:40;13593;AV PONTES VIEIRA;RUA FIS VIEIRA;;0;;Colis?úo Traseira;Luz do Dia;Bom;Seca;Com Via F?®rrea;N?úo H?í Controle;Comercial;0;0;2;1;1;0;0;0;0;0;0;0;-3,753016000000000;-38,516023000000000
262992;9;11;2015;20:00;25476;AV JOSE LEON;RUA CHICO LEMOS;;0;;Colis?úo Lateral;Mal Iluminada;Bom;Seca;T;N?úo H?í Controle;Comercial;0;1;1;1;0;0;0;0;0;1;0;0;-3,788133000000000;-38,500540000000000
266152;9;11;2015;20:17;21370;AV JOVITA FEITOSA;RUA TORRES PORTUGAL;;0;;Engavetamento;;;;;;;0;0;4;1;0;0;0;0;0;0;0;0;-3,737590000000000;-38,545496000000000
259364;9;11;2015;09:55;0;RD BR 116;;;7000;KM-07;Choque c/ Obst?ículo Fixo;Luz do Dia;Bom;Seca;Meio de Quadra;N?úo H?í Controle;Comercial;0;1;0;1;0;0;0;0;0;0;0;0;-3,813246000000000;-38,501101000000000
268420;9;11;2015;00:43;0;RUA OSCAR ARARIPE;;;1221;;Atropelamento;;;;Meio de Quadra;;;0;0;1;0;0;0;0;0;0;0;0;0;-3,790244000000000;-38,602298000000000
268427;9;11;2015;00:54;0;AV DR SILAS MUNGUBA;;;2686;;Colis?úo;;;;Meio de Quadra;;;0;1;1;0;0;0;0;0;0;1;0;0;-3,786619000000000;-38,549737000000000
268430;9;11;2015;03:35;0;AV GAL OSORIO DE PAIVA;;;5723;;Queda;;;;Meio de Quadra;;;0;1;0;0;0;0;0;0;0;1;0;0;-3,806982000000000;-38,604272000000000
268434;9;11;2015;09:59;12620;RUA TULIPA;RUA COS LAFAYETE;;0;;Atropelamento;Luz do Dia;;;Cruz;Pare;Residencial;0;1;1;0;0;0;0;0;0;1;0;0;-3,718159000000000;-38,580936000000000
268436;9;11;2015;10:41;2706;RUA OSCAR FRANCA;RUA CEL VIRGILIO NOGUEIRA (BOM JARDIM);;0;;Colis?úo;Luz do Dia;;;Cruz;Pare;Residencial;0;1;0;0;0;0;1;0;0;1;0;0;-3,788936000000000;-38,608784000000000
268462;9;11;2015;18:41;0;AV ZEZE DIOGO;;;969;;Atropelamento;;;;Meio de Quadra;;;0;1;0;0;0;0;0;0;0;1;0;0;-3,715516000000000;-38,465385000000000
268469;9;11;2015;19:15;0;RUA TEODOMIRO DE CASTRO;;;4507;;Colis?úo;;;;Meio de Quadra;;;0;1;0;0;0;0;0;0;0;0;0;0;-3,718247000000000;-38,573285000000000
268465;9;11;2015;19:04;0;RUA C (LOT PRQ ARACAPE);;;350;;Atropelamento;;;;Meio de Quadra;;;0;1;0;1;0;0;0;0;0;0;0;0;;
268460;9;11;2015;18:22;0;RUA ALUISIO AZEVEDO;;;417;;Atropelamento;Anoitecer;;;Meio de Quadra;;;0;1;0;1;0;0;0;0;0;0;0;0;-3,771478000000000;-38,576768000000000
268453;9;11;2015;16:21;0;AV SGT HERMINIO SAMPAIO;;;3980;;Atropelamento;Luz do Dia;;;Meio de Quadra;;;0;1;0;0;0;0;0;0;0;1;0;0;-3,730352000000000;-38,576287000000000
268455;9;11;2015;17:29;0;AV PRUDENTE BRASIL;;;154;;Colis?úo;Anoitecer;;;Meio de Quadra;;;0;1;0;1;0;0;0;0;0;1;0;0;-3,804199000000000;-38,532561000000000
268457;9;11;2015;17:37;0;RUA GAL CLARINDO DE QUEIROZ;;;0;;Colis?úo;Anoitecer;;;Meio de Quadra;;;0;1;0;1;0;0;0;0;0;1;0;0;;
268441;9;11;2015;12:14;0;RUA RIO GRANDE DO SUL;;;1276;;Colis?úo;Luz do Dia;;;Meio de Quadra;;;0;1;0;0;0;0;0;0;0;0;0;0;-3,759397000000000;-38,568060000000000
268439;9;11;2015;11:02;0;RUA CON DE CASTRO;;;4208;;Colis?úo;Luz do Dia;;;Meio de Quadra;;;0;1;0;0;0;0;0;0;0;0;0;0;-3,802585000000000;-38,589796000000000
268444;9;11;2015;12:28;24372;RUA ALM RUFINO;AV LUCIANO CARNEIRO;;0;;Colis?úo;Luz do Dia;;;Cruz;Sem?íforo;Comercial;0;1;0;1;0;0;0;0;0;1;0;0;-3,766580000000000;-38,537195000000000
268447;9;11;2015;14:29;0;AV DR SILAS MUNGUBA;;;1357;;Queda;Luz do Dia;;;Meio de Quadra;;;0;1;0;0;0;0;0;0;0;1;0;0;-3,783334000000000;-38,554336000000000
270525;9;11;2015;13:40;0;AV MIN JOSE AMERICO;;;0;CAMBEBA;Colis?úo;Luz do Dia;;Seca;Meio de Quadra;;;0;1;2;1;0;0;0;0;0;1;0;0;;
270543;10;11;2015;12:00;0;RD CE-040;;;0;KM-03;Colis?úo;Luz do Dia;;Seca;Meio de Quadra;;;0;1;1;1;0;0;0;0;0;0;0;0;-3,783185000000000;-38,481014000000000
270551;10;11;2015;15:00;0;RD CE-040;;;0;KM-02;Colis?úo;Luz do Dia;;Seca;Meio de Quadra;;;0;0;2;1;0;0;1;0;0;0;0;0;-3,776479000000000;-38,481598000000000
270558;10;11;2015;17:00;0;RD CE-040;;;0;KM-05;Colis?úo;Anoitecer;;Seca;Meio de Quadra;;;0;0;2;1;0;0;0;0;0;1;0;0;-3,790876000000000;-38,480349000000000
268478;10;11;2015;10:26;0;AV JOSE LEON;;;1140;;Colis?úo;Luz do Dia;;;Meio de Quadra;;;0;1;0;1;0;0;0;0;0;1;0;0;-3,788018000000000;-38,501005000000000
268482;10;11;2015;11:33;0;AV CONTORNO NORTE D71;;;1748;;Colis?úo;Luz do Dia;;;Meio de Quadra;;;0;1;0;1;0;0;0;0;0;1;0;0;;
268498;10;11;2015;13:32;0;AV RAD JOSE LIMA VERDE;;;0;;Colis?úo;Luz do Dia;;;Meio de Quadra;;;0;1;0;0;0;0;0;0;0;0;0;0;;
268494;10;11;2015;13:23;0;AV FRANCISCO SA;;;0;;Colis?úo;Luz do Dia;;;Meio de Quadra;;;0;1;0;0;0;0;0;0;0;1;0;0;;
268487;10;11;2015;11:51;0;AV CEL CARVALHO;;;115;;Colis?úo;Luz do Dia;;;Meio de Quadra;;;0;1;0;1;0;0;0;0;0;1;0;0;-3,703972000000000;-38,591419000000000
268501;10;11;2015;14:22;17359;AV PRO GOMES DE MATOS;RUA IRM BAZET;;0;;Colis?úo;Luz do Dia;;;Cruz;Pare;Residencial;0;1;0;1;0;0;0;0;0;1;0;0;-3,766045000000000;-38,549810000000000
259371;10;11;2015;07:20;0;RD BR 116;;;14000;KM-14;Colis?úo Transversal;Luz do Dia;Bom;Seca;Meio de Quadra;N?úo H?í Controle;Comercial;0;1;1;1;0;1;0;0;0;0;0;0;-3,873523000000000;-38,499242000000000
259376;10;11;2015;17:00;0;RD BR 116;;;14000;KM-14;Atropelamento;Anoitecer;Bom;Seca;Meio de Quadra;N?úo H?í Controle;Comercial;2;1;0;0;0;0;0;0;0;1;0;0;-3,873523000000000;-38,499242000000000
259373;10;11;2015;12:10;0;RD BR 116;;;8000;KM-08;Atropelamento;Luz do Dia;Bom;Seca;Meio de Quadra;N?úo H?í Controle;Comercial;0;1;1;0;0;0;1;0;0;0;0;0;-3,822018000000000;-38,503269000000000
259374;10;11;2015;16:35;0;RD BR 116;;;11000;KM-11;Colis?úo Traseira;Luz do Dia;Bom;Seca;Meio de Quadra;N?úo H?í Controle;Comercial;0;1;1;0;0;0;1;0;0;1;0;0;-3,847160000000000;-38,497176000000000
259378;10;11;2015;12:00;0;RD BR 116;;;8000;KM-08;Colis?úo Traseira;Luz do Dia;Bom;Seca;Meio de Quadra;N?úo H?í Controle;Comercial;0;0;2;1;0;0;0;0;0;0;0;0;-3,822018000000000;-38,503269000000000
259379;10;11;2015;19:00;0;RD BR 116;;;2000;KM-02;Colis?úo Lateral;Via Iluminada;Bom;Seca;Meio de Quadra;N?úo H?í Controle;Comercial;0;1;1;0;1;0;1;0;0;0;0;0;-3,771391000000000;-38,516780000000000
268567;10;11;2015;20:48;0;AV BEIRA MAR;;;0;;Queda;;;;Meio de Quadra;;;0;1;0;0;0;1;0;0;0;0;0;0;;
268541;10;11;2015;16:56;0;RUA A CJ ITAPERI;;;194;;Atropelamento;Luz do Dia;;;Meio de Quadra;;;0;1;0;0;0;0;0;0;0;1;0;0;;
268552;10;11;2015;17:01;0;RD BR 116;;;13000;KM-13;Atropelamento;Anoitecer;;;Meio de Quadra;;;0;1;0;0;0;0;0;0;0;1;0;0;-3,864670000000000;-38,497727000000000
268557;10;11;2015;17:36;0;RUA BOM JESUS (JD DAS OLIVEIRAS);;;1841;;Atropelamento;Anoitecer;;;Meio de Quadra;;;0;1;0;0;0;0;0;0;0;1;0;0;;
268555;10;11;2015;17:20;0;AV DES GONZAGA;;;487;;Colis?úo;Anoitecer;;;Meio de Quadra;;;0;1;0;1;0;0;0;0;0;1;0;0;-3,795470000000000;-38,500679000000000
268561;10;11;2015;19:19;9334;RUA GRACA ARANHA;RUA COELHO NETO;;0;;Colis?úo;;;;Cruz;Pare;Residencial;0;1;1;1;0;0;0;0;0;1;0;0;-3,715976000000000;-38,575966000000000
268563;10;11;2015;19:53;8954;AV DOMINGOS OLIMPIO;RUA DOM JERONIMO D06;;0;;Colis?úo;;;;Cruz;Pare;Residencial;0;1;0;1;0;0;0;0;0;1;0;0;-3,733201000000000;-38,543457000000000
266169;10;11;2015;23:33;2729;RUA CEL VIRGILIO NOGUEIRA (BOM JARDIM);RUA CEL JOAO CORREIA;;0;;Colis?úo;Luz do Dia;;;Cruz;N?úo H?í Controle;Residencial;0;0;2;1;0;0;0;0;0;1;0;0;;
263042;10;11;2015;20:15;0;AV RUI BARBOSA;;;192;;Colis?úo;;;;Meio de Quadra;;;0;0;2;1;0;0;0;0;0;0;0;0;-3,724934000000000;-38,505856000000000
263039;10;11;2015;10:00;0;AV PRS COSTA E SILVA;;;997;;Choque c/ Obst?ículo Fixo;Luz do Dia;;;Meio de Quadra;;;0;0;1;1;0;0;0;0;0;0;0;0;-3,813253000000000;-38,570437000000000
263067;10;11;2015;18:20;0;RUA BENI DE CARVALHO;;;796;;Colis?úo Traseira;Via Iluminada;Bom;Seca;Meio de Quadra;N?úo H?í Controle;Comercial;0;0;2;1;0;0;0;0;0;0;0;0;-3,746592000000000;-38,493191000000000
263045;10;11;2015;18:15;0;RUA DES JOSE GIL DE CARVALHO;;;0;;Colis?úo Traseira;Amanhecer;Bom;Seca;Meio de Quadra;N?úo H?í Controle;Residencial;0;0;2;1;1;0;0;0;0;0;0;0;;
263046;10;11;2015;22:00;5743;RUA VIRGILIO PAES;RUA MANUEL MONTEIRO;;0;;Colis?úo Lateral;Via Iluminada;Bom;Seca;Cruz;Pare;Residencial;0;0;2;1;0;0;0;0;0;0;0;0;-3,796546000000000;-38,494302000000000
263056;10;11;2015;16:20;3771;AV DOMINGOS OLIMPIO;AV DA UNIVERSIDADE;;0;;Colis?úo Transversal;Luz do Dia;Bom;Seca;Cruz;Sem?íforo;Comercial;0;0;2;1;0;0;0;0;0;0;0;0;-3,735594000000000;-38,534216000000000
263057;10;11;2015;20:00;0;AV DR THEBERGE;;;2406;;Colis?úo Traseira;Via Iluminada;Bom;Seca;Meio de Quadra;N?úo H?í Controle;Comercial;0;0;2;1;0;0;0;0;0;0;0;0;-3,722924000000000;-38,567662000000000
263058;10;11;2015;17:00;0;AV DR SILAS MUNGUBA;;;3415;;Atropelamento;Luz do Dia;Bom;Seca;Meio de Quadra;N?úo H?í Controle;Comercial;1;3;0;0;0;0;0;0;0;1;0;0;-3,789391000000000;-38,543234000000000
263059;10;11;2015;18:00;8652;AV EDILSON B SOARES;RUA MARIO ALENCAR ARARIPE;;0;;Colis?úo Transversal;Anoitecer;Bom;Seca;T;Sem?íforo;Escola;0;0;2;1;0;0;0;0;0;0;0;0;-3,789298000000000;-38,478792000000000
263060;10;11;2015;19:00;0;AV EDILSON B SOARES;;;1600;;Engavetamento;Via Iluminada;Bom;Seca;Meio de Quadra;Pare;Escola;0;0;3;1;0;0;0;0;0;0;0;0;-3,788652000000000;-38,471207000000000
263061;10;11;2015;12:45;0;RUA CEL JOAO CORREIA;;;0;;Colis?úo Lateral;Luz do Dia;Bom;Seca;Meio de Quadra;;Residencial;0;1;1;1;0;0;0;0;0;0;0;0;;
263062;10;11;2015;14:30;19269;RUA PRO GOMES BRASIL;RUA MARACANA;;0;;Engavetamento;Luz do Dia;Bom;Seca;Cruz;Pare;Comercial;0;0;3;1;1;0;0;0;0;0;0;0;-3,772840000000000;-38,568438000000000
263063;10;11;2015;18:00;6745;RUA BENTO ALBUQUERQUE;RUA PRO OTAVIO LOBO;;0;;Colis?úo Transversal;Via Iluminada;Bom;Seca;Cruz;Sem?íforo;Residencial;0;0;2;1;0;0;0;0;0;0;0;0;-3,745035000000000;-38,479196000000000
263071;10;11;2015;12:55;3956;RUA JULIO CESAR D12;RUA PEDRO MACHADO;;0;;Colis?úo Transversal;Luz do Dia;;;Cruz;Pare;Residencial;0;1;1;1;0;0;0;0;0;1;0;0;-3,756102000000000;-38,548095000000000
263074;10;11;2015;19:30;11242;AV DR SILAS MUNGUBA;RUA DUARTE PIMENTEL;;0;;Colis?úo Lateral;Via Iluminada;Bom;Seca;T;Pare;Comercial;0;0;2;1;0;0;0;0;0;0;0;0;-3,789499000000000;-38,542917000000000
263077;10;11;2015;14:00;1527;RUA OSVALDO CRUZ (ALDEOTA);RUA CAROLINA SUCUPIRA;;0;;Colis?úo Transversal;Luz do Dia;Bom;Seca;Cruz;Pare;Residencial;0;0;3;1;0;0;0;0;0;0;0;0;-3,740552000000000;-38,501914000000000
263082;10;11;2015;10:00;0;AV BORGES DE MELO;;;201;;Colis?úo Traseira;Luz do Dia;Bom;Seca;Meio de Quadra;N?úo H?í Controle;Comercial;0;0;3;1;0;0;0;0;0;0;0;0;-3,761351000000000;-38,519958000000000
263086;10;11;2015;14:00;0;AV PRO GOMES DE MATOS;;;0;;Colis?úo Transversal;Luz do Dia;;;Meio de Quadra;;;0;1;1;1;0;0;0;0;0;1;0;0;;
263110;10;11;2015;11:20;0;AV CONTORNO LESTE;;;1660;;Colis?úo Lateral;Luz do Dia;;;Meio de Quadra;;;1;0;1;1;0;0;0;0;0;1;0;0;;
263121;10;11;2015;09:54;0;AV CONTORNO NORTE D71;;;1748;;Atropelamento;Luz do Dia;Bom;Seca;Meio de Quadra;N?úo H?í Controle;Residencial;0;1;1;0;1;0;0;0;0;0;0;0;;
263127;10;11;2015;20:00;11932;AV CASTELO DE CASTRO;AV PRS COSTA E SILVA;;0;;Colis?úo Lateral;;;;Cruz;Sem?íforo;Misto;0;1;1;1;0;0;0;0;0;1;0;0;-3,829012000000000;-38,521435000000000
263128;10;11;2015;21:20;0;AV DOS EXPEDICIONARIOS;;;9978;;Colis?úo Transversal;;;;Meio de Quadra;;;0;0;2;1;0;0;0;0;0;0;0;0;-3,806096000000000;-38,553648000000000
263129;10;11;2015;18:00;0;RUA BETEL;;;1543;;Colis?úo Lateral;Via Iluminada;Bom;Seca;Meio de Quadra;N?úo H?í Controle;Residencial;0;1;1;1;0;0;0;0;0;1;0;0;;
263130;10;11;2015;11:15;0;AV 13 DE MAIO;;;1251;;Colis?úo Traseira;Luz do Dia;;;Meio de Quadra;;;0;0;2;1;0;0;0;0;0;0;0;0;-3,748709000000000;-38,530043000000000
263131;10;11;2015;18:30;0;RUA GAL SAMPAIO;;;0;;Colis?úo Lateral;Anoitecer;;;Meio de Quadra;;;0;0;3;1;0;0;0;0;0;0;0;0;;
263132;10;11;2015;16:15;26230;AV PRS CASTELO BRANCO;RUA BORIS;;0;;Colis?úo Traseira;Luz do Dia;Bom;Seca;Cruz;N?úo H?í Controle;Comercial;0;0;2;1;0;0;0;0;0;0;0;0;-3,723228000000000;-38,521056000000000
263133;10;11;2015;20:00;22940;RUA BERNARDO MANUEL;RUA JAPI;;0;;Colis?úo Transversal;Via Iluminada;Bom;Seca;Cruz;Pare;Misto;0;2;0;0;0;0;0;0;0;1;0;0;-3,784073000000000;-38,546927000000000
263134;10;11;2015;13:00;15131;RUA BAR ARACATI;RUA DR ATUALPA BARBOSA LIMA (P. IRACEMA);;0;;Colis?úo Lateral;Luz do Dia;;;Cruz;Pare;Comercial;0;0;2;1;0;0;0;0;0;0;0;0;-3,723765000000000;-38,509026000000000
263108;10;11;2015;08:30;5346;RUA JOAO CORDEIRO;AV SANTOS DUMONT;;0;;Colis?úo Transversal;Luz do Dia;;;Cruz;Sem?íforo;Comercial;0;1;1;1;0;0;0;0;1;0;0;0;-3,730878000000000;-38,514781000000000
263104;10;11;2015;05:45;15269;AV RUI BARBOSA;RUA TEN BENEVOLO;;0;;Colis?úo Transversal;Amanhecer;Bom;Seca;Cruz;Sem?íforo;Residencial;0;0;2;1;0;0;0;0;0;0;0;0;-3,728685000000000;-38,507048000000000
263097;10;11;2015;20:00;8954;AV DOMINGOS OLIMPIO;RUA DOM JERONIMO D06;;0;;Colis?úo Transversal;Via Iluminada;Bom;Seca;Cruz;Pare;Residencial;0;1;1;1;0;0;0;0;0;1;0;0;-3,733201000000000;-38,543457000000000
263100;10;11;2015;21:20;0;AV JOSE BASTOS;;;0;;Colis?úo Lateral;;;;Meio de Quadra;;;0;0;2;1;0;0;0;0;0;0;0;0;;
263094;10;11;2015;17:28;4087;AV FRANCISCO SA;RUA LUCAS PINTO;;0;;Colis?úo Lateral;Anoitecer;;;Cruz;N?úo H?í Controle;Comercial;0;0;2;1;1;0;0;0;0;0;0;0;-3,716763000000000;-38,559268000000000
263092;10;11;2015;08:15;0;RUA MANUEL CASTELO BRANCO;;;585;;Colis?úo Lateral;Luz do Dia;Bom;Seca;Meio de Quadra;N?úo H?í Controle;Comercial;0;0;2;1;0;0;0;0;0;0;0;0;;
263145;10;11;2015;16:30;0;AV DES MOREIRA;;;0;;Colis?úo Traseira;Luz do Dia;;;Meio de Quadra;;;0;0;2;1;1;0;0;0;0;0;0;0;;
263142;10;11;2015;12:50;9050;RUA SOUSA GIRAO;RUA PDE MATOS SERRA;;0;;Colis?úo Transversal;Luz do Dia;Bom;Seca;Cruz;N?úo H?í Controle;Residencial;0;0;2;1;0;0;0;0;0;0;0;0;-3,743929000000000;-38,524777000000000
263150;10;11;2015;08:07;9020;RUA SALDANHA MARINHO;RUA JAIME BENEVOLO;;0;;Colis?úo Transversal;Luz do Dia;Bom;Seca;Cruz;Sem?íforo;Comercial;0;0;2;1;0;0;0;0;0;0;0;0;-3,743046000000000;-38,528994000000000
263148;10;11;2015;21:20;24472;AV CEL CARVALHO;RUA RIO JURUA;;0;;Colis?úo Lateral;;;;;Pare;Comercial;0;1;1;1;0;0;0;0;0;1;0;0;-3,706322000000000;-38,590807000000000
263125;10;11;2015;14:15;0;AV PRS COSTA E SILVA;;;771;;Colis?úo Lateral;Luz do Dia;Bom;Seca;Meio de Quadra;Pare;Residencial;0;1;1;1;0;0;0;0;0;1;0;0;-3,812484000000000;-38,572720000000000
263123;10;11;2015;16:30;5728;AV DES GONZAGA;RUA ANTONIO DE CASTRO;;0;;Colis?úo Transversal;Luz do Dia;Bom;Seca;Cruz;Pare;Comercial;0;1;1;1;0;0;0;0;0;1;0;0;-3,795148000000000;-38,500858000000000
263139;10;11;2015;19:30;19683;RUA PRO JOSE DE BARCELOS;RUA AZEVEDO BOLAO;;0;;Colis?úo Lateral;;;;Cruz;Pare;Residencial;0;0;2;1;0;0;0;0;0;0;0;0;-3,735196000000000;-38,550610000000000
272238;10;11;2015;16:07;0;AV SEN FERNANDES TAVORA;;;0;;Colis?úo;Luz do Dia;;;Meio de Quadra;;;0;0;2;0;0;0;0;0;0;0;0;0;;
272241;10;11;2015;19:19;0;AV SGT HERMINIO SAMPAIO;;;1728;;Colis?úo;;;;Meio de Quadra;;;0;0;2;0;0;0;0;0;0;0;0;0;-3,725590000000000;-38,556218000000000
270139;10;11;2015;15:00;19330;RUA PERDIGAO DE OLIVEIRA;RUA STA LIGIA;;0;;Colis?úo;Luz do Dia;;;Cruz;N?úo H?í Controle;Misto;0;0;1;1;0;0;0;0;0;0;0;0;-3,775620000000000;-38,573950000000000
272247;11;11;2015;07:34;0;AV JOR THOMAZ COELHO;;;2706;;Colis?úo;Luz do Dia;;;Meio de Quadra;;;0;0;2;0;0;0;0;0;0;0;0;0;-3,828319000000000;-38,518827000000000
272249;11;11;2015;09:22;0;AV SGT HERMINIO SAMPAIO;;;1671;;Colis?úo;Luz do Dia;;;Meio de Quadra;;;0;0;2;0;0;0;0;0;0;0;0;0;-3,725452000000000;-38,555562000000000
272286;11;11;2015;10:37;12863;AV DOMINGOS OLIMPIO;RUA FLORIANO PEIXOTO;;0;;Colis?úo;Luz do Dia;;;Cruz;N?úo H?í Controle;Comercial;0;0;2;0;0;0;0;0;0;0;0;0;-3,736976000000000;-38,530313000000000
272284;11;11;2015;10:11;0;AV PRS CASTELO BRANCO;;;5427;;Colis?úo;Luz do Dia;;;Meio de Quadra;;;0;0;2;0;0;0;0;0;0;0;0;0;-3,704082000000000;-38,579116000000000
272292;11;11;2015;14:42;1338;RUA TORRES CAMARA;AV BAR STUDART;;0;;Colis?úo;Luz do Dia;;;Cruz;Sem?íforo;Comercial;0;0;2;0;0;0;0;0;0;0;0;0;-3,735624000000000;-38,506944000000000
272295;11;11;2015;14:47;12925;AV DOMINGOS OLIMPIO;AV ANTONIO SALES;;0;;Colis?úo;Luz do Dia;;;;;;0;0;2;0;0;0;0;0;0;0;0;0;-3,738683000000000;-38,524628000000000
272302;11;11;2015;16:15;0;RUA TAB JOAO LOPES;;;0;;Atropelamento;Luz do Dia;;;Meio de Quadra;;;0;0;2;0;0;0;0;0;0;0;0;0;;
272288;11;11;2015;10:40;7760;AV ANTONIO SALES;RUA SILVA PAULET;;0;;Colis?úo;Luz do Dia;;;Cruz;Pare;Misto;0;0;2;0;0;0;0;0;0;0;0;0;-3,743595000000000;-38,508383000000000
272297;11;11;2015;15:02;0;RUA DIOGO CORREIA;;;6;;Colis?úo;Luz do Dia;;;Meio de Quadra;;;0;0;2;0;0;0;0;0;0;0;0;0;-3,775095000000000;-38,588110000000000
272304;11;11;2015;17:19;22200;AV SGT HERMINIO SAMPAIO;RUA MAJ VERISSIMO;;0;;Colis?úo;Anoitecer;;;Cruz;Pare;Comercial;0;0;2;0;0;0;0;0;0;0;0;0;-3,726516000000000;-38,561327000000000
263162;11;11;2015;06:45;8647;AV EDILSON B SOARES;RUA PRO SOLON FARIAS;;0;;Colis?úo Lateral;Luz do Dia;Nublado;Seca;Cruz;Pare;Residencial;0;1;1;1;0;0;0;0;0;1;0;0;-3,789155000000000;-38,477116000000000
263160;11;11;2015;07:30;17338;RUA BAR SOBRAL;RUA ZACARIAS GONDIM;;0;;Colis?úo Transversal;Luz do Dia;Nublado;Seca;Cruz;Pare;Residencial;0;0;2;1;0;0;0;1;0;0;0;0;-3,765280000000000;-38,557307000000000
263156;11;11;2015;16:20;12849;RUA SALDANHA MARINHO;RUA ASSUNCAO;;0;;Colis?úo Transversal;Luz do Dia;;;Cruz;Pare;Residencial;0;0;2;1;0;0;0;0;0;0;0;0;-3,742314000000000;-38,531231000000000
263154;11;11;2015;11:15;1592;RUA CEL JUCA;RUA CAROLINA SUCUPIRA;;0;;Colis?úo Lateral;Luz do Dia;Bom;Seca;Cruz;Pare;Residencial;0;1;1;1;0;0;0;0;0;1;0;0;-3,743389000000000;-38,493114000000000
263198;11;11;2015;16:50;0;AV SEN FERNANDES TAVORA;;;0;JOCKEY;Colis?úo Lateral;Via Iluminada;Bom;Seca;Meio de Quadra;N?úo H?í Controle;Comercial;0;1;2;0;1;0;1;0;0;1;0;0;;
263191;11;11;2015;07:05;1381;AV HERACLITO GRACA;RUA ILDEFONSO ALBANO;;0;;Colis?úo Traseira;Luz do Dia;Bom;Seca;Duplo T;Sem?íforo;Comercial;0;1;1;1;0;0;0;0;1;0;0;0;-3,736795000000000;-38,514339000000000
263193;11;11;2015;12:15;3199;RUA VITAL BRASIL;RUA VERBENA;;0;;Colis?úo Lateral;Luz do Dia;Bom;Seca;Cruz;Sem?íforo;Comercial;0;1;1;1;0;0;0;0;0;1;0;0;-3,780666000000000;-38,588650000000000
263206;11;11;2015;16:00;0;AV PONTES VIEIRA;;;855;;Colis?úo Lateral;Luz do Dia;Bom;Seca;Meio de Quadra;N?úo H?í Controle;Comercial;0;0;3;1;1;0;0;0;0;0;0;0;-3,752724000000000;-38,513460000000000
263182;11;11;2015;13:00;0;AV LINEU MACHADO;AV SEN FERNANDES TAVORA;;657;;Colis?úo Traseira;Luz do Dia;Bom;Seca;;;;0;0;2;1;0;0;0;0;0;0;0;0;-3,766158000000000;-38,577037000000000
263180;11;11;2015;13:00;0;AV JOSE BASTOS;;;3612;;Colis?úo Traseira;Luz do Dia;;;Meio de Quadra;;;0;0;3;1;0;0;1;1;0;0;0;0;-3,750699000000000;-38,551162000000000