COD_ACIDENTE;DIA;MES;ANO;HORA;INTERSECAO;LOG1;LOG2;LOG3;NUMERO;REFERENCIA;NATUREZA;ILUMINACAO;TEMPO;SUPERFICIEPISTA;TIPOCRUZAMENTO;CONTROLETRAFEGO;USOSOLO;MORTOS;FERIDOS;ILESOS;AUTOMOVEL;ONIBUS;BICICLETA;CAMINHAO;MICROONIBUS;CICLOMOTOR;MOTOCICLETA;TRACAOANIMAL;TREM;LATITUDE;LONGITUDE
263187;11;11;2015;02:30;1654;AV SEN VIRGILIO TAVORA;RUA BENI DE CARVALHO;;0;;Colis?úo Transversal;Via Iluminada;Nublado;Seca;Cruz;Sem?íforo;Comercial;0;0;2;1;0;0;0;0;0;0;0;0;-3,744098000000000;-38,500877000000000
263188;11;11;2015;11:00;19683;RUA PRO JOSE DE BARCELOS;RUA AZEVEDO BOLAO;;0;;Colis?úo Transversal;Luz do Dia;Bom;Seca;Cruz;Pare;Residencial;0;0;2;1;0;0;0;0;0;0;0;0;-3,735196000000000;-38,550610000000000
263185;11;11;2015;19:00;6724;AV SANTOS DUMONT;AV ENG SANTANA JUNIOR;;0;;Colis?úo Lateral;Via Iluminada;Bom;Seca;Cruz;N?úo H?í Controle;Comercial;0;0;2;1;0;0;0;0;0;0;0;0;-3,740506000000000;-38,485132000000000
263165;11;11;2015;06:00;0;AV FRANCISCO SA;;;0;;Colis?úo Lateral;Luz do Dia;;;Meio de Quadra;;;0;0;2;0;0;0;0;0;0;1;0;0;;
263174;11;11;2015;19:10;0;AV ALBERTO CRAVEIRO;;;784;;Colis?úo Lateral;Via Iluminada;Bom;Seca;Meio de Quadra;N?úo H?í Controle;Residencial;0;1;1;1;0;0;0;0;0;1;0;0;-3,783848000000000;-38,516886000000000
263177;11;11;2015;09:40;0;RUA MON SALAZAR;;;774;;Colis?úo Lateral;Luz do Dia;Bom;Seca;Meio de Quadra;;Misto;0;1;1;1;0;0;0;0;0;1;0;0;-3,755966000000000;-38,512535000000000
263218;11;11;2015;13:40;9231;RUA PDE BARBOSA DE JESUS;AV 13 DE MAIO;;0;;Colis?úo Traseira;;Bom;Seca;Y;Pare;Comercial;0;0;2;1;0;0;0;0;0;0;0;0;-3,748302000000000;-38,530523000000000
263219;11;11;2015;19:18;1527;RUA CAROLINA SUCUPIRA;RUA OSVALDO CRUZ (ALDEOTA);;0;;Colis?úo Lateral;Via Iluminada;Bom;Seca;Cruz;Pare;Misto;0;0;2;1;0;0;0;0;0;0;0;0;-3,740552000000000;-38,501914000000000
263228;11;11;2015;22:00;13507;RUA DR JOSE LOURENCO;RUA CEL ALVES TEIXEIRA;;0;;Colis?úo Lateral;;;;Cruz;N?úo H?í Controle;Comercial;0;0;2;1;0;0;0;0;0;0;0;0;-3,746256000000000;-38,511496000000000
263229;11;11;2015;19:25;5406;RUA ANTONIO POMPEU;RUA PRC ISABEL;;0;;Colis?úo Transversal;Via Iluminada;Bom;Seca;Cruz;Pare;Comercial;0;1;1;0;0;0;0;0;0;1;0;0;-3,732693000000000;-38,537283000000000
263230;11;11;2015;10:30;12762;AV BORGES DE MELO;RUA JORGE DUMAR;;0;;Colis?úo Traseira;Luz do Dia;Bom;Seca;Cruz;Sem?íforo;Comercial;0;0;3;1;0;0;0;0;0;0;0;0;-3,752695000000000;-38,539369000000000
263231;11;11;2015;21:30;0;RUA GERMANO FRANCK;;;1565;;Colis?úo Lateral;;Bom;Seca;Meio de Quadra;N?úo H?í Controle;Comercial;0;0;2;1;0;0;0;0;0;0;0;0;;
266179;11;11;2015;09:23;0;AV ABOLICAO;RUA PEDRO RUFINO D48;;0;;Colis?úo;Luz do Dia;;;;;;0;0;2;1;0;0;1;0;0;0;0;0;;
266191;11;11;2015;13:45;0;AV JOSE BASTOS;;;0;;Colis?úo;Luz do Dia;;;Meio de Quadra;;;0;0;3;1;0;0;0;0;0;1;0;0;;
268569;11;11;2015;02:12;0;RUA MACHADO DE ASSIS;;;332;;Queda;;;;Meio de Quadra;;;0;1;0;0;0;0;0;0;0;1;0;0;-3,749264000000000;-38,548117000000000
268586;11;11;2015;07:20;2494;RUA GRACA ARANHA;AV 20 DE JANEIRO;;0;;Colis?úo;Luz do Dia;;;;;;0;1;0;1;0;0;0;0;0;1;0;0;-3,709479000000000;-38,573603000000000
268596;11;11;2015;12:15;23607;RUA BAR CRATO;RUA CAP NESTOR GOIS;;0;;Colis?úo;Luz do Dia;;;Cruz;Pare;Misto;0;1;1;1;0;0;0;0;0;1;0;0;-3,721812000000000;-38,561703000000000
268601;11;11;2015;13:36;0;AV OLIVEIRA PAIVA;;;1580;;Atropelamento;Luz do Dia;;;Meio de Quadra;;;0;1;0;1;0;0;0;0;0;0;0;0;-3,795697000000000;-38,492445000000000
268598;11;11;2015;12:32;0;AV DES GONZAGA;;;0;;Colis?úo;Luz do Dia;;;Meio de Quadra;;;0;1;0;1;0;0;0;0;0;1;0;0;;
268592;11;11;2015;08:57;23430;RUA MON SALAZAR;RUA CAP MELO;;0;;Colis?úo;Luz do Dia;;;Cruz;Sem?íforo;Misto;0;1;0;1;0;0;0;0;0;1;0;0;-3,756019000000000;-38,513180000000000
268605;11;11;2015;15:21;0;AV RAD JOSE LIMA VERDE;;;991;;Colis?úo;Luz do Dia;;;Meio de Quadra;;;0;1;0;1;0;0;0;0;0;1;0;0;-3,700777000000000;-38,588902000000000
268603;11;11;2015;13:49;0;AV BEIRA MAR;;;4344;;Atropelamento;Luz do Dia;;;Meio de Quadra;;;0;1;1;1;0;0;0;0;0;0;0;0;-3,722740000000000;-38,482176000000000
268610;11;11;2015;18:01;6817;RUA BENTO ALBUQUERQUE;RUA FRANCISCO MATOS;;0;;Colis?úo;Anoitecer;;;Cruz;Pare;Residencial;0;1;1;1;0;0;0;0;0;1;0;0;-3,747862000000000;-38,470436000000000
268622;11;11;2015;19:34;0;AV SEN FERNANDES TAVORA;RUA ANTONIO IVO;;1060;;Colis?úo;;;;;;;0;1;1;1;0;0;0;0;0;1;0;0;-3,762080000000000;-38,582357000000000
268612;11;11;2015;18:10;0;AV MIGUEL DIAS;;;50;;Colis?úo;Anoitecer;;;Meio de Quadra;;;0;1;0;0;0;0;0;0;0;1;0;0;-3,757824000000000;-38,488333000000000
268616;11;11;2015;19:25;0;RUA OSCAR FRANCA;;;0;;Colis?úo;;;;Meio de Quadra;;;0;1;0;0;0;0;0;0;0;0;0;0;;
268629;11;11;2015;21:33;0;AV GAL OSORIO DE PAIVA;;;4617;;Colis?úo;;;;Meio de Quadra;;;0;1;0;0;0;0;0;0;0;1;0;0;-3,799201000000000;-38,596697000000000
268631;11;11;2015;23:05;0;AV AUGUSTO DOS ANJOS;AV GAL OSORIO DE PAIVA;;0;;Colis?úo;;;;;;;0;1;1;1;0;0;0;0;0;1;0;0;;
268632;11;11;2015;23:21;0;RD BR 116;;;0;;Colis?úo;;;;Meio de Quadra;;;0;1;0;0;0;0;0;0;0;1;0;0;;
268618;11;11;2015;19:31;22353;AV BEZERRA DE MENEZES;RUA AMADEU FURTADO;;0;;Queda;;;;Cruz;Sem?íforo;Comercial;0;1;0;0;0;0;0;0;0;1;0;0;-3,735601000000000;-38,564151000000000
268627;11;11;2015;21:23;7907;AV PONTES VIEIRA;RUA VICENTE LEITE;;0;;Queda;;;;Cruz;Sem?íforo;Comercial;0;1;0;0;0;0;0;0;0;1;0;0;-3,751180000000000;-38,500282000000000
259381;11;11;2015;22:00;0;RD BR 116;;;7000;KM-07;Colis?úo Traseira;Via Iluminada;Bom;Seca;Meio de Quadra;N?úo H?í Controle;Comercial;0;3;0;0;0;0;0;0;0;1;0;0;-3,813246000000000;-38,501101000000000
259402;11;11;2015;14:15;0;RD BR 222;;;0;KM-01;Colis?úo Lateral;Luz do Dia;Nublado;Seca;Meio de Quadra;N?úo H?í Controle;Comercial;0;0;2;1;1;0;0;0;0;0;0;0;-3,737774000000000;-38,577952000000000
270586;11;11;2015;17:30;0;RD CE-040;;;0;KM-02;Colis?úo;Anoitecer;;Seca;Meio de Quadra;;;0;0;2;1;0;0;1;0;0;0;0;0;-3,776479000000000;-38,481598000000000
270574;11;11;2015;15:10;0;RD CE-040;;;0;KM-01;Choque c/ Obst?ículo Fixo;Luz do Dia;;Seca;Meio de Quadra;;;0;0;1;1;0;0;0;0;0;0;0;0;-3,754877000000000;-38,483270000000000
270576;11;11;2015;16:00;0;RD CE-040;;;0;KM-06;Colis?úo;Luz do Dia;;Seca;Meio de Quadra;;;0;0;2;1;0;0;0;0;0;0;0;0;-3,811270000000000;-38,478781000000000
270599;12;11;2015;07:30;0;RD CE-040;;;0;KM-12;Colis?úo;Luz do Dia;;Seca;Meio de Quadra;;;0;1;1;1;0;0;1;0;0;0;0;0;-3,848945000000000;-38,476237000000000
259384;12;11;2015;20:30;0;RD BR 116;AV JOSE LEON;;4000;KM-04;Colis?úo Traseira;Via Iluminada;Bom;Seca;;;;0;2;1;1;0;0;1;0;0;0;0;0;-3,788331000000000;-38,510646000000000
263376;12;11;2015;08:30;9132;AV 13 DE MAIO;RUA JAIME BENEVOLO;;0;;Colis?úo Traseira;Luz do Dia;Nublado;Seca;Cruz;Sem?íforo;Comercial;0;0;2;1;0;0;0;0;0;0;0;0;-3,748122000000000;-38,530741000000000
263377;12;11;2015;07:20;1716;AV GOV RAUL BARBOSA;AV GAL MURILO BORGES;;0;;Colis?úo Traseira;Luz do Dia;;;Cruz;Sem?íforo;Residencial;0;0;2;1;0;0;0;0;0;0;0;0;-3,763977000000000;-38,508802000000000
263378;12;11;2015;16:00;12892;AV DOMINGOS OLIMPIO;RUA BAR RIO BRANCO;;0;;Colis?úo Traseira;Luz do Dia;Bom;Seca;Cruz;Sem?íforo;Comercial;0;1;1;1;0;0;0;0;0;1;0;0;-3,736579000000000;-38,531494000000000
263379;12;11;2015;15:15;0;RUA PESSOA ANTA;;;465;;Colis?úo Transversal;Luz do Dia;Bom;Seca;Meio de Quadra;N?úo H?í Controle;Outros;0;0;2;1;0;0;1;0;0;0;0;0;;
263380;12;11;2015;07:15;0;AV JOAO PESSOA;;;5000;;Colis?úo Lateral;Luz do Dia;;;Meio de Quadra;;;0;1;1;0;1;0;0;0;0;1;0;0;-3,755679000000000;-38,552366000000000
263381;12;11;2015;08:00;21378;AV JOVITA FEITOSA;RUA PRO JOSE DE BARCELOS;;0;;Colis?úo Traseira;Luz do Dia;Nublado;Seca;Cruz;Sem?íforo Intermitente;Comercial;0;1;1;1;0;0;0;0;0;1;0;0;-3,738516000000000;-38,549933000000000
263391;12;11;2015;07:30;0;AV AGUANAMBI;;;1953;;Colis?úo Traseira;Luz do Dia;Chuva;Molhada;Meio de Quadra;N?úo H?í Controle;Comercial;0;0;2;1;0;0;0;0;0;0;0;0;-3,754034000000000;-38,523470000000000
263392;12;11;2015;22:00;0;AV ABOLICAO;;;4140;;Choque c/ Obst?ículo Fixo;Via Iluminada;Bom;Seca;Meio de Quadra;;;0;1;1;1;1;0;0;0;0;0;0;0;-3,724203000000000;-38,482007000000000
263393;12;11;2015;14:00;24982;AV ALM HENRIQUE SABOIA;RUA CAROLINA SUCUPIRA;;0;;Colis?úo Lateral;Luz do Dia;Bom;Seca;T;Sem?íforo;Residencial;0;0;2;1;0;0;1;0;0;0;0;0;-3,744387000000000;-38,490003000000000
263394;12;11;2015;16:50;9022;RUA BAR RIO BRANCO;RUA PDE ROMA;;0;;Colis?úo Transversal;Luz do Dia;;;Cruz;;;0;2;0;0;0;0;0;0;0;1;0;0;-3,743790000000000;-38,533796000000000
263395;12;11;2015;08:15;8954;AV DOMINGOS OLIMPIO;RUA DOM JERONIMO D06;;0;;Colis?úo Lateral;Luz do Dia;;;Cruz;Pare;Residencial;0;1;1;1;0;0;0;0;0;0;0;0;-3,733201000000000;-38,543457000000000
263396;12;11;2015;15:30;9033;RUA CEL SOLON;RUA DOM SEBASTIAO LEME;;0;;Colis?úo Lateral;Luz do Dia;;;Cruz;Pare;Residencial;0;0;2;1;0;0;0;0;0;0;0;0;-3,742963000000000;-38,526799000000000
263389;12;11;2015;07:15;17287;AV PRO GOMES DE MATOS;RUA VASCO DA GAMA;;0;;Colis?úo Transversal;Luz do Dia;;;Cruz;Pare;Comercial;0;1;1;1;0;0;0;0;0;1;0;0;-3,763166000000000;-38,547335000000000
268637;12;11;2015;06:14;0;AV JOR THOMAZ COELHO;;;0;;Queda;Luz do Dia;;;Meio de Quadra;;;0;1;0;0;0;0;0;0;0;1;0;0;-3,829923000000000;-38,509057000000000
268643;12;11;2015;06:24;2990;RUA MARIA JULIA;RUA JARDIM PARUARA;;0;;Colis?úo;Luz do Dia;;;;;;0;1;0;1;0;0;0;0;0;1;0;0;-3,802123000000000;-38,603305000000000
268740;12;11;2015;08:34;0;AV GAL OSORIO DE PAIVA;;;4467;;Colis?úo;Luz do Dia;;;Meio de Quadra;;;0;1;0;0;0;0;1;0;0;1;0;0;-3,797648000000000;-38,595208000000000
268795;12;11;2015;17:22;0;AV PRS CASTELO BRANCO;;;0;;Colis?úo;Anoitecer;;;Meio de Quadra;;;0;1;0;1;0;1;0;0;0;0;0;0;;
268801;12;11;2015;18:06;0;RUA TEODOMIRO DE CASTRO;;;4154;;Atropelamento;Anoitecer;;;Meio de Quadra;;;0;1;0;0;0;0;0;0;0;1;0;0;-3,719499000000000;-38,570867000000000
268799;12;11;2015;17:26;0;AV FRANCISCO SA;;;6449;;Colis?úo;Anoitecer;;;Meio de Quadra;;;0;1;0;0;0;0;0;0;0;0;0;0;-3,709004000000000;-38,581647000000000
268820;12;11;2015;22:04;0;RUA MARIA QUINTELA;;;367;;Colis?úo;;;;Meio de Quadra;;;0;1;1;1;0;0;0;0;0;0;0;0;-3,776960000000000;-38,584135000000000
268810;12;11;2015;18:44;0;RUA EMILIO DE MENESES;;;671;;Colis?úo;;;;Meio de Quadra;;;0;1;0;0;0;0;0;0;0;1;0;0;-3,781693000000000;-38,587609000000000
268818;12;11;2015;19:32;0;AV GAL OSORIO DE PAIVA;;;0;;Atropelamento;;;;Meio de Quadra;;;0;1;0;1;0;0;0;0;0;0;0;0;-3,797648000000000;-38,595208000000000
268772;12;11;2015;16:00;0;AV GAL OSORIO DE PAIVA;;;0;;Atropelamento;Luz do Dia;;;Meio de Quadra;;;0;1;0;0;0;0;0;0;0;0;0;0;-3,797648000000000;-38,595208000000000
268767;12;11;2015;14:05;0;RUA JULIO SILVA;;;440;;Atropelamento;Luz do Dia;;;Meio de Quadra;;;0;1;0;1;0;0;0;0;0;0;0;0;;
268761;12;11;2015;13:36;7650;AV CARNEIRO DE MENDONCA;RUA BELO HORIZONTE;;0;;Colis?úo;Luz do Dia;;;Cruz;Pare;Misto;0;1;0;1;0;0;0;0;0;1;0;0;-3,763666000000000;-38,567567000000000
268758;12;11;2015;13:06;12647;RUA ABELARDO FERREIRA;RUA ERETIDES ALENCAR;;0;;Colis?úo;Luz do Dia;;;Cruz;Pare;Residencial;0;1;0;1;0;0;0;0;0;1;0;0;-3,719580000000000;-38,582272000000000
268750;12;11;2015;11:04;0;AV PERIMETRAL;;;1291;;Colis?úo;Luz do Dia;;;Meio de Quadra;;;0;1;0;1;0;0;0;0;0;0;0;0;;
268752;12;11;2015;12:14;0;AV PERIMETRAL;;;2719;;Colis?úo;Luz do Dia;;;Meio de Quadra;;;0;1;0;0;0;0;0;0;0;0;0;0;;
268754;12;11;2015;12:22;0;RUA JOAQUIM FELICIO;;;0;;Colis?úo;Luz do Dia;;;Meio de Quadra;;;0;1;0;1;0;0;0;0;0;0;0;0;;
268729;12;11;2015;07:44;0;AV CARNEIRO DE MENDONCA;;;0;;Queda;Luz do Dia;;;Meio de Quadra;;;0;1;0;0;0;0;0;0;0;1;0;0;;
268736;12;11;2015;08:10;0;RUA CEL FABRICIANO;RUA SAO LUIZ DO OESTE;;2095;;Colis?úo;Luz do Dia;;;;;;0;1;1;1;0;0;0;0;0;1;0;0;-3,782082000000000;-38,610274000000000
268719;12;11;2015;07:14;0;RUA STA ELISA D21;;;1019;;Queda;Luz do Dia;;;Meio de Quadra;;;0;1;0;0;0;0;0;0;0;1;0;0;-3,705462000000000;-38,562209000000000
266194;12;11;2015;11:13;0;RUA BERNARDO MANUEL;;;0;;Colis?úo;Luz do Dia;;;Meio de Quadra;;;0;0;2;1;0;0;0;0;0;0;0;0;;
266321;12;11;2015;12:14;0;AV SORIANO ALBUQUERQUE;;;0;;Colis?úo;Luz do Dia;;;Meio de Quadra;;;0;0;2;1;0;0;0;0;0;0;0;0;;
266318;12;11;2015;12:11;6793;RUA SEBASTIAO DE ABREU;RUA SAMIR HILUY;;0;;Colis?úo;Luz do Dia;;;;;;0;0;2;1;0;0;0;0;0;0;0;0;-3,748205000000000;-38,480695000000000
268838;12;11;2015;22:05;0;AV SEN FERNANDES TAVORA;;;325;;Colis?úo;;;;Meio de Quadra;;;0;1;1;1;0;0;0;0;0;1;0;0;-3,766053000000000;-38,574988000000000
268840;12;11;2015;22:19;0;AV CASTELO DE CASTRO;;;0;;Atropelamento;;;;Meio de Quadra;;;0;1;0;1;0;0;0;0;0;0;0;0;;
263250;12;11;2015;05:27;19732;RUA GUSTAVO SAMPAIO;RUA TIP SALES;;0;;Colis?úo Lateral;Luz do Dia;Bom;Seca;Cruz;Pare;Residencial;0;0;2;1;0;0;0;0;0;0;0;0;-3,737013000000000;-38,564917000000000
263237;12;11;2015;11:00;0;AV PRS CASTELO BRANCO;;;0;;Colis?úo Traseira;Luz do Dia;;;Meio de Quadra;;;0;0;2;1;0;0;1;0;0;0;0;0;;
263245;12;11;2015;16:30;26215;RUA E CJ JOSE WALTER;AV D CJ JOSE WALTER;;0;;Colis?úo Lateral Sentido Oposto;Luz do Dia;;;;;;0;1;1;1;0;0;0;0;0;1;0;0;;
263234;12;11;2015;07:00;23801;RUA COSTA FREIRE;RUA PLACIDO DE CASTRO;;0;;Colis?úo Lateral;Luz do Dia;Bom;Seca;Cruz;Pare;Residencial;0;0;2;1;0;0;0;0;0;0;0;0;-3,791629000000000;-38,584125000000000
263241;12;11;2015;08:30;5235;RUA PRC ISABEL;RUA PEDRO PEREIRA;;0;;Colis?úo Transversal;Luz do Dia;Nublado;Seca;Cruz;Pare;Comercial;0;0;2;1;0;0;0;0;0;0;0;0;-3,727353000000000;-38,535705000000000
263257;12;11;2015;14:20;0;AV AMERICO BARREIRA;;;0;;Colis?úo Traseira;Luz do Dia;;;Meio de Quadra;;;0;0;3;1;0;0;0;0;0;0;0;0;;
263264;12;11;2015;07:40;13070;AV JOAO DE ARAUJO LIMA;AV C CJ JOSE WALTER;;0;;Colis?úo Transversal;Luz do Dia;Bom;Seca;Cruz;Sem?íforo;Residencial;0;0;2;1;0;0;0;0;0;0;0;0;-3,827604000000000;-38,559368000000000
263266;12;11;2015;03:00;5374;AV DUQ CAXIAS;RUA BAR RIO BRANCO;;0;;Colis?úo Lateral;Via Iluminada;Bom;Seca;Cruz;N?úo H?í Controle;Comercial;0;1;1;0;0;0;0;0;0;1;0;0;-3,731774000000000;-38,529947000000000
263267;12;11;2015;18:00;24452;AV LUCIANO CARNEIRO;AV LAURO VIEIRA CHAVES;;0;;Colis?úo Transversal;Anoitecer;Bom;Seca;T;Pare;Residencial;0;0;2;1;1;0;0;0;0;0;0;0;-3,772172000000000;-38,538894000000000
263268;12;11;2015;15:00;17582;RUA MARANHAO;RUA STA CATARINA (BELA VISTA / PAN AMERICANO);;0;;Colis?úo Transversal;Luz do Dia;;;;;;0;0;2;1;0;0;0;0;0;0;0;0;-3,755315000000000;-38,566283000000000
263269;12;11;2015;12:00;12880;RUA MES ROSA;RUA SOUSA GIRAO;;0;;Colis?úo Lateral;Luz do Dia;;;Cruz;Pare;Residencial;0;0;2;1;1;0;0;0;0;0;0;0;-3,741568000000000;-38,525184000000000
263270;12;11;2015;07:45;0;RUA MON SALAZAR;;;1170;;Colis?úo Traseira;Luz do Dia;Bom;Seca;Meio de Quadra;Outros;Misto;0;0;4;1;0;0;0;0;0;0;0;0;-3,755642000000000;-38,509110000000000
263271;12;11;2015;15:25;0;AV BAR STUDART;;;1303;;Colis?úo Transversal;Luz do Dia;;;Meio de Quadra;;;0;0;2;1;0;0;0;0;0;0;0;0;-3,735702000000000;-38,506968000000000
263272;12;11;2015;16:10;12572;RUA GEORGE CAVALCANTE;RUA PEDRO SAMPAIO;;0;;Colis?úo Lateral;Luz do Dia;;;Cruz;Pare;Residencial;0;0;2;1;0;0;1;0;0;0;0;0;-3,724725000000000;-38,593150000000000
263273;12;11;2015;08:30;15139;AV MON TABOSA;RUA BAR ARACATI;;0;;Outros;Luz do Dia;;;Cruz;Pare;Comercial;0;0;2;1;0;0;0;0;0;0;0;0;-3,724226000000000;-38,509158000000000
263274;12;11;2015;13:00;0;AV CEL CARVALHO;;;2010;;Atropelamento;Luz do Dia;;;Meio de Quadra;;;0;2;0;0;0;0;0;0;0;1;0;0;-3,720430000000000;-38,587156000000000
263275;12;11;2015;13:10;0;AV CEL CARVALHO;;;2421;;Colis?úo Traseira;Luz do Dia;;;Meio de Quadra;;;0;0;2;1;0;0;0;0;0;0;0;0;-3,723717000000000;-38,586277000000000
263259;12;11;2015;06:50;15882;RUA BAR AQUIRAZ;RUA PALESTINA D65;;0;;Colis?úo Transversal;Luz do Dia;Bom;Seca;T;N?úo H?í Controle;Residencial;0;1;2;1;0;0;0;0;0;1;0;0;-3,834964000000000;-38,489417000000000
263369;12;11;2015;18:15;1490;RUA DES LEITE ALBUQUERQUE;RUA CEL JUCA;;0;;Colis?úo Transversal;Via Iluminada;Bom;Seca;Cruz;Pare;Misto;0;1;1;1;0;0;0;0;0;1;0;0;-3,739434000000000;-38,491875000000000
263370;12;11;2015;14:40;0;RUA OSVALDO CRUZ (ALDEOTA);;;0;;Outros;Luz do Dia;;;;;;0;0;2;0;0;0;1;0;0;0;0;0;;
263357;12;11;2015;08:00;21370;AV JOVITA FEITOSA;RUA TORRES PORTUGAL;;0;;Colis?úo Traseira;Luz do Dia;;;;;;0;0;2;1;0;0;0;0;0;0;0;0;-3,737590000000000;-38,545496000000000
263358;12;11;2015;10:00;0;RUA JOSE CANDIDO D08;;;89;;Queda;Luz do Dia;Bom;Seca;Meio de Quadra;Pare;Comercial;0;1;1;1;0;0;0;0;0;1;0;0;-3,725424000000000;-38,550538000000000
263359;12;11;2015;07:45;21376;AV JOVITA FEITOSA;RUA PRO NOGUEIRA;;0;;Engavetamento;Luz do Dia;Chuva;Molhada;Cruz;Pare;Comercial;0;0;3;1;0;0;0;0;0;0;0;0;-3,738280000000000;-38,548839000000000
263360;12;11;2015;08:00;0;RUA ERICO MOTA;;;552;;Colis?úo Traseira;Luz do Dia;;;Meio de Quadra;;;0;0;2;1;1;0;0;0;0;0;0;0;-3,741018000000000;-38,561832000000000
263361;12;11;2015;10:00;1378;RUA DES LEITE ALBUQUERQUE;RUA OSVALDO CRUZ (ALDEOTA);;0;;Colis?úo Transversal;Luz do Dia;;;Cruz;Pare;Comercial;0;0;2;1;0;0;0;0;0;0;0;0;-3,736598000000000;-38,500640000000000
263362;12;11;2015;12:10;0;AV PRS COSTA E SILVA;;;0;;Colis?úo Traseira;Luz do Dia;;;Meio de Quadra;;;0;0;2;1;0;0;0;0;0;1;0;0;;
263363;12;11;2015;13:30;20519;RUA CEL ANTONIO SAMPAIO;RUA JOAO CRISPIM D65;;0;;Colis?úo Lateral;Luz do Dia;;;;;;0;0;2;0;0;0;1;0;0;0;0;0;-3,857131000000000;-38,494080000000000
263349;12;11;2015;15:00;19657;AV BEZERRA DE MENEZES;RUA PRO RAIMUNDO ARRUDA;;0;;Colis?úo Traseira;Luz do Dia;;;Cruz;Sem?íforo;Comercial;0;1;1;1;0;0;0;0;0;1;0;0;-3,733126000000000;-38,552148000000000
272316;12;11;2015;01:30;0;RUA SEN JAGUARIBE;;;460;;Choque c/ Obst?ículo Fixo;;;;Meio de Quadra;;;0;0;1;0;0;0;0;0;0;0;0;0;-3,722015000000000;-38,527019000000000
272320;12;11;2015;01:34;0;RUA DO TRABALHADOR;;;0;;Choque c/ Obst?ículo Fixo;;;;Meio de Quadra;;;0;0;1;0;0;0;0;0;0;0;0;0;;
272321;12;11;2015;08:11;0;AV ALBERTO CRAVEIRO;;;0;;Colis?úo;Luz do Dia;;;Meio de Quadra;;;0;0;2;0;0;0;0;0;0;0;0;0;;
272323;12;11;2015;12:10;0;RUA URUCUTUBA;;;2090;;Colis?úo;Luz do Dia;;;Meio de Quadra;;;0;0;2;0;0;0;0;0;0;0;0;0;-3,798657000000000;-38,615604000000000
272325;12;11;2015;15:40;0;RUA GASPAR LEMOS;;;310;;Atropelamento;Luz do Dia;;;Meio de Quadra;;;1;0;1;1;0;0;0;0;0;0;0;0;-3,751780000000000;-38,570296000000000
272326;12;11;2015;19:20;1601;RUA VIS MAUA;RUA PDE VALDEVINO;;0;;Colis?úo;;;;Cruz;Pare;Misto;0;0;2;0;0;0;0;0;0;0;0;0;-3,743773000000000;-38,501876000000000
272328;12;11;2015;20:06;0;RUA CON DE CASTRO;;;8736;;Choque c/ Obst?ículo Fixo;;;;Meio de Quadra;;;0;0;1;0;0;0;0;0;0;0;0;0;-3,821426000000000;-38,604268000000000
272329;12;11;2015;20:07;0;RUA BERNARDO MANUEL;;;8920;;Colis?úo;;;;Meio de Quadra;;;0;0;2;0;0;0;0;0;0;0;0;0;-3,798138000000000;-38,551245000000000
270200;12;11;2015;22:00;17854;RUA MOURA MATOS;RUA 23 DE JUNHO;;0;;Colis?úo;;;;;N?úo H?í Controle;Comercial;0;1;0;1;0;0;0;0;0;1;0;0;-3,814122000000000;-38,541644000000000
270191;12;11;2015;20:00;0;AV MIN JOSE AMERICO;;;0;CAMBEBA;Colis?úo;;;;Meio de Quadra;;;0;1;0;1;0;0;0;0;0;0;0;0;;
272521;13;11;2015;09:34;23026;RUA PARAGUACU D45;RUA LIBANIA (SERRINHA);;0;;Colis?úo;Luz do Dia;;;;;;0;0;2;0;0;0;0;0;0;0;0;0;-3,789135000000000;-38,540314000000000
272522;13;11;2015;10:14;0;RUA CON DE CASTRO;;;8542;;Colis?úo;Luz do Dia;;;Meio de Quadra;;;0;0;2;0;0;0;0;0;0;0;0;0;-3,819508000000000;-38,602801000000000
272523;13;11;2015;10:43;0;RUA UMARIZEIRA;;;2019;;Colis?úo;Luz do Dia;;;Meio de Quadra;;;0;0;2;0;0;0;0;0;0;0;0;0;;
272524;13;11;2015;11:19;0;AV A UI 307;;;0;;Colis?úo;Luz do Dia;;;Meio de Quadra;;;0;0;2;0;0;0;0;0;0;0;0;0;;
272525;13;11;2015;16:44;0;RUA BOM JESUS (GRANJA LISBOA);;;236;;Capotamento;Luz do Dia;;;Meio de Quadra;;;0;0;1;0;0;0;0;0;0;0;0;0;-3,796220000000000;-38,595779000000000
272526;13;11;2015;11:58;6837;AV ANTONIO SALES;RUA SAO GABRIEL (COCO);;0;;Colis?úo;Luz do Dia;;;T;N?úo H?í Controle;Comercial;0;0;2;0;0;0;0;0;0;0;0;0;-3,748462000000000;-38,492552000000000
272527;13;11;2015;12:07;0;RUA BAR SOBRAL;;;0;;Colis?úo;Luz do Dia;;;Meio de Quadra;;;0;0;2;0;0;0;0;0;0;0;0;0;;
272529;13;11;2015;16:27;13602;AV ROGACIANO LEITE;RUA DR THOMPSON BULCAO;;0;;Colis?úo;Luz do Dia;;;;;;0;0;2;0;0;0;0;0;0;0;0;0;-3,767788000000000;-38,496968000000000