COD_ACIDENTE;DIA;MES;ANO;HORA;INTERSECAO;LOG1;LOG2;LOG3;NUMERO;REFERENCIA;NATUREZA;ILUMINACAO;TEMPO;SUPERFICIEPISTA;TIPOCRUZAMENTO;CONTROLETRAFEGO;USOSOLO;MORTOS;FERIDOS;ILESOS;AUTOMOVEL;ONIBUS;BICICLETA;CAMINHAO;MICROONIBUS;CICLOMOTOR;MOTOCICLETA;TRACAOANIMAL;TREM;LATITUDE;LONGITUDE
272530;13;11;2015;16:27;0;AV F CJ JOSE WALTER;;;341;;Colis?úo;Luz do Dia;;;Meio de Quadra;;;0;0;2;0;0;0;0;0;0;0;0;0;-3,835871000000000;-38,557004000000000
272531;13;11;2015;17:10;0;RUA FRANCISCO LEANDRO;;;36;;Colis?úo;Anoitecer;;;Meio de Quadra;;;0;0;2;0;0;0;0;0;0;0;0;0;-3,822277000000000;-38,483481000000000
272532;13;11;2015;17:41;0;AV CARNEIRO DE MENDONCA;;;1856;;Colis?úo;Anoitecer;;;Meio de Quadra;;;0;0;2;0;0;0;0;0;0;0;0;0;-3,759843000000000;-38,575258000000000
272533;13;11;2015;18:25;12819;AV PRO GOMES DE MATOS;RUA ANDRE CHAVES;;0;;Colis?úo;Anoitecer;;;Cruz;Sem?íforo;Comercial;0;0;2;0;0;0;0;0;0;0;0;0;-3,756396000000000;-38,541533000000000
268847;13;11;2015;02:16;0;RUA ALTO DAS PEDRINHAS;;;0;;Queda;;;;Meio de Quadra;;;0;1;0;0;0;0;0;0;0;1;0;0;;
268855;13;11;2015;06:44;0;RUA BAR AQUIRAZ;;;0;;Colis?úo;Luz do Dia;;;Meio de Quadra;;;0;1;0;1;0;0;0;0;0;1;0;0;;
268856;13;11;2015;08:13;0;RD CE-060;;;5833;KM-02;Colis?úo;Luz do Dia;;;Meio de Quadra;;;0;2;1;1;0;0;0;0;0;1;0;0;-3,825483000000000;-38,579182000000000
268875;13;11;2015;09:39;0;AV DR SILAS MUNGUBA;;;858;;Colis?úo;Luz do Dia;;;Meio de Quadra;;;0;1;0;1;0;0;0;0;0;1;0;0;-3,780933000000000;-38,558088000000000
263397;13;11;2015;19:00;17389;RUA ISAIE BORIS;RUA IRM BAZET;;0;;Colis?úo Transversal;;;;;Pare;Comercial;0;1;1;1;0;0;0;0;0;1;0;0;-3,767093000000000;-38,548585000000000
263398;13;11;2015;07:25;9084;RUA JUVENAL DE CARVALHO;RUA GUILHERME MOREIRA;;0;;Colis?úo Transversal;Luz do Dia;;;Cruz;Pare;Residencial;0;0;2;1;0;0;0;0;0;0;0;0;-3,749973000000000;-38,524706000000000
263421;13;11;2015;08:45;0;RUA JUNIOR ROCHA;;;0;;Colis?úo Lateral;Luz do Dia;;;Meio de Quadra;;;0;0;2;1;0;0;0;0;0;0;0;0;;
263410;13;11;2015;10:30;0;RUA DELMIRO FARIAS;;;661;;Colis?úo Traseira;Luz do Dia;;;Meio de Quadra;;;0;1;1;0;0;0;0;0;0;0;0;0;-3,751891000000000;-38,545742000000000
263411;13;11;2015;11:30;0;AV DOMINGOS OLIMPIO;;;1608;;Colis?úo Traseira;Luz do Dia;;;Meio de Quadra;;;0;0;2;1;0;0;0;0;0;1;0;0;-3,734631000000000;-38,537208000000000
263412;13;11;2015;14:30;17563;RUA AMAZONAS;RUA ESPIRITO SANTO;;0;;Colis?úo Transversal;Luz do Dia;;;Cruz;Pare;Residencial;0;0;2;1;0;0;0;0;0;0;0;0;-3,751391000000000;-38,567217000000000
263413;13;11;2015;07:20;14682;AV OLIVEIRA PAIVA;RUA DR JOSE FURTADO;;0;;Colis?úo Transversal;Luz do Dia;Nublado;Seca;Cruz;Sem?íforo;Comercial;0;1;2;0;0;0;1;0;0;0;0;0;-3,796189000000000;-38,488224000000000
263426;13;11;2015;10:40;6751;RUA PRO OTAVIO LOBO;RUA VILEBALDO AGUIAR;;0;;Colis?úo Transversal;Luz do Dia;;;Cruz;Pare;Residencial;0;0;2;1;0;0;0;0;0;0;0;0;-3,743596000000000;-38,478303000000000
263512;13;11;2015;15:40;0;RUA ARGEMIRO CARVALHO;;;0;;Colis?úo Transversal;Luz do Dia;;;Meio de Quadra;;;0;0;2;1;0;0;0;0;0;0;0;0;;
263513;13;11;2015;08:00;7694;RUA RIO GRANDE DO SUL;RUA RIO GRANDE DO NORTE;;0;;Colis?úo Transversal;Luz do Dia;Bom;Seca;Cruz;Pare;Residencial;0;0;3;1;0;0;0;0;0;1;0;0;-3,758617000000000;-38,567559000000000
263514;13;11;2015;19:30;5396;RUA SEN POMPEU;RUA GAL CLARINDO DE QUEIROZ;;0;;Colis?úo Transversal;;;;Cruz;Sem?íforo;Comercial;0;0;2;1;0;0;0;0;0;0;0;0;-3,732353000000000;-38,531279000000000
263515;13;11;2015;07:30;0;AV ALBERTO CRAVEIRO;;;2111;;Colis?úo Traseira;Luz do Dia;;;Meio de Quadra;;;0;0;2;1;0;0;0;0;0;0;0;0;-3,798843000000000;-38,518813000000000
263516;13;11;2015;11:00;0;AV DR SILAS MUNGUBA;;;1520;;Colis?úo Traseira;Luz do Dia;Bom;Seca;Meio de Quadra;;Comercial;0;0;2;1;1;0;0;0;0;0;0;0;-3,783869000000000;-38,553965000000000
263517;13;11;2015;16:00;10044;RUA EMILIO DE MENESES;RUA ANTONIO NERY;;0;;Colis?úo Transversal;Luz do Dia;;;Cruz;Pare;Comercial;0;1;2;0;0;0;0;0;0;1;0;0;-3,778162000000000;-38,600204000000000
263522;13;11;2015;21:10;0;AV GOV PARSIFAL BARROSO;;;0;;Colis?úo Lateral;;;;Meio de Quadra;;;0;0;2;1;0;0;0;0;0;0;0;0;;
263501;13;11;2015;20:30;0;AV GODOFREDO MACIEL;;;918;;Colis?úo Lateral;;;;Meio de Quadra;;;0;1;1;1;0;0;0;0;0;0;0;0;-3,784682000000000;-38,566259000000000
263497;13;11;2015;19:30;0;AV ALBERTO CRAVEIRO;;;1973;;Colis?úo Traseira;;;;Meio de Quadra;;;0;1;1;1;0;0;0;0;0;1;0;0;-3,797471000000000;-38,518520000000000
263494;13;11;2015;07:00;0;AV ENG LEAL LIMA VERDE (SAPIRANGA/COITE);;;0;;Colis?úo Transversal;Luz do Dia;;;Meio de Quadra;;;0;0;2;1;0;0;0;0;0;0;0;0;;
263619;13;11;2015;;8935;AV DOMINGOS OLIMPIO;RUA TEREZA CRISTINA;;0;;Colis?úo Transversal;;;;Cruz;Sem?íforo;Residencial;0;0;2;1;1;0;0;0;0;0;0;0;-3,734086000000000;-38,538883000000000
263623;13;11;2015;12:30;0;AV AGUANAMBI;;;0;;Colis?úo;Luz do Dia;;;Meio de Quadra;;;0;0;2;0;1;0;0;1;0;0;0;0;;
263554;13;11;2015;20:50;25062;AV DOS EXPEDICIONARIOS;RUA PDE AMBROSIO MACHADO;;0;;Colis?úo Transversal;;;;Cruz;Pare;Misto;0;1;1;0;0;0;0;0;0;1;0;0;-3,760838000000000;-38,539946000000000
263613;13;11;2015;16:45;9155;AV LUCIANO CARNEIRO;AV EDUARDO GIRAO;;0;;Colis?úo Transversal;Luz do Dia;;;Cruz;Sem?íforo;Comercial;0;1;1;0;0;0;0;0;0;1;0;0;-3,752275000000000;-38,532811000000000
263615;13;11;2015;16:00;0;AV PRS CASTELO BRANCO;;;255;BIBLIOTECA P?ÜBLICA;Colis?úo Frontal;Luz do Dia;;;Meio de Quadra;;;0;0;2;1;0;0;0;0;0;0;0;0;-3,723277000000000;-38,520828000000000
263540;13;11;2015;13:30;814;RUA ASP MENDES;RUA CEL GONCALO D46;;0;;Colis?úo Lateral;Luz do Dia;;;Cruz;Pare;Residencial;0;0;2;0;1;0;0;0;0;0;0;0;-3,773841000000000;-38,513274000000000
263534;13;11;2015;08:20;7869;RUA BARBOSA DE FREITAS;RUA FRANCISCO HOLANDA;;0;;Colis?úo Transversal;Luz do Dia;Nublado;Seca;Cruz;Pare;Comercial;0;0;3;1;0;0;0;0;0;0;0;0;-3,749671000000000;-38,501555000000000
263527;13;11;2015;15:30;7899;AV ANTONIO SALES;RUA MON CATAO;;0;;Colis?úo Transversal;Luz do Dia;;;Cruz;Pare;Comercial;0;0;2;1;0;0;0;0;0;0;0;0;-3,748174000000000;-38,493642000000000
263531;13;11;2015;18:20;5063;AV PRS CASTELO BRANCO;RUA BAR RIO BRANCO;;0;;Colis?úo Transversal;Anoitecer;;;T;Pare;Outros;0;1;1;1;0;0;0;0;0;1;0;0;-3,721459000000000;-38,526642000000000
263524;13;11;2015;07:50;22089;RUA GUSTAVO BRAGA;RUA FRE MARCELINO;;0;;Colis?úo;Luz do Dia;;;;;;0;1;1;1;0;1;0;0;0;0;0;0;-3,747811000000000;-38,556125000000000
263504;13;11;2015;09:50;0;AV VIS RIO BRANCO;;;0;;Colis?úo Traseira;Luz do Dia;;;Meio de Quadra;;;0;0;2;1;0;0;0;0;0;0;0;0;;
263557;13;11;2015;16:40;0;RUA BERNARDO MANUEL;;;8929;;Queda;Luz do Dia;;;Meio de Quadra;;;0;1;1;1;0;0;0;0;0;1;0;0;-3,797691000000000;-38,551112000000000
263558;13;11;2015;13:00;936;AV BORGES DE MELO;RUA CUMBICA;;0;;Colis?úo Lateral;Luz do Dia;;;Cruz;Pare;Residencial;0;0;2;1;0;0;0;0;0;0;0;0;-3,761342000000000;-38,520039000000000
263559;13;11;2015;08:00;12925;AV AGUANAMBI;AV ANTONIO SALES;;0;;Colis?úo Lateral;Luz do Dia;;;;;;0;0;2;1;0;0;0;1;0;0;0;0;-3,738683000000000;-38,524628000000000
263560;13;11;2015;15:00;0;AV ALBERTO CRAVEIRO;;;2505;;Colis?úo Transversal;Luz do Dia;Bom;Seca;Meio de Quadra;;Residencial;0;1;2;1;0;0;0;0;0;1;0;0;-3,802234000000000;-38,520758000000000
263561;13;11;2015;15:30;0;AV CARAPINIMA;;;1631;;Colis?úo Lateral;Luz do Dia;;;Meio de Quadra;;;0;0;2;1;0;0;0;0;0;0;0;0;-3,736491000000000;-38,536610000000000
263552;13;11;2015;10:10;1399;RUA FRE MANSUETO;RUA MARCOS MACEDO;;0;;Colis?úo Transversal;Luz do Dia;;;Cruz;Pare;Comercial;0;1;1;1;0;0;0;0;0;0;0;0;-3,737071000000000;-38,488546000000000
263549;13;11;2015;12:15;8934;AV DOMINGOS OLIMPIO;RUA PDE MORORO;;0;;Colis?úo Transversal;Luz do Dia;;;Cruz;Pare;Residencial;0;1;1;1;0;0;0;0;0;1;0;0;-3,733752000000000;-38,539949000000000
263547;13;11;2015;13:00;5099;AV TRISTAO GONCALVES;RUA SEN ALENCAR;;0;;Colis?úo Transversal;Luz do Dia;;;Cruz;Pare;Comercial;0;1;1;1;0;0;0;0;0;1;0;0;-3,723524000000000;-38,532122000000000
263543;13;11;2015;21:00;0;RUA PDE IBIAPINA;;;0;;Colis?úo Transversal;;;;Meio de Quadra;;;0;0;2;1;0;0;0;0;0;0;0;0;;
268889;13;11;2015;13:51;0;AV WASHINGTON SOARES;;;0;;Atropelamento;Luz do Dia;;;Meio de Quadra;;;0;1;0;0;0;0;0;0;0;1;0;0;;
268885;13;11;2015;12:51;19342;RUA GERMANO FRANCK;RUA SAMUEL GURGEL D41;;0;;Queda;Luz do Dia;;;T;Pare;Comercial;0;1;0;0;0;0;0;0;0;1;0;0;-3,775974000000000;-38,560519000000000
268927;13;11;2015;21:38;0;AV FRANCISCO SA;;;440;;Colis?úo;;;;Meio de Quadra;;;0;1;0;0;0;0;0;0;0;0;0;0;;
268928;13;11;2015;21:49;10105;RUA MARIA JULIA;RUA GUSTAVO BARROSO;;0;;Colis?úo;;;;Cruz;Pare;Comercial;0;1;0;0;0;0;0;0;0;0;0;0;-3,786307000000000;-38,598031000000000
268925;13;11;2015;21:29;0;RUA PRO HERIBALDO COSTA;;;1898;;Colis?úo;;;;;;;0;1;0;0;0;0;0;0;0;0;0;0;;
268909;13;11;2015;19:11;0;AV FRE CIRILO;;;4154;;Colis?úo;;;;Meio de Quadra;;;0;1;0;0;0;0;0;0;0;0;0;0;-3,820426000000000;-38,496061000000000
268891;13;11;2015;16:10;0;RUA EMILIO DE MENESES;;;2095;;Colis?úo;Luz do Dia;;;Meio de Quadra;;;0;1;0;1;0;0;0;0;0;1;0;0;-3,778182000000000;-38,600125000000000
268916;13;11;2015;20:31;0;RUA UM (MONDUBIM);;;0;;Colis?úo;;;;Meio de Quadra;;;0;1;0;0;0;0;0;0;0;0;0;0;;
270627;13;11;2015;08:00;0;RD CE-060;;;0;KM-01;Colis?úo;Luz do Dia;;Seca;Meio de Quadra;;;0;1;2;0;1;0;0;0;0;1;0;0;-3,819537000000000;-38,576995000000000
270665;14;11;2015;17:50;0;RD CE-040;;;0;KM-02;Colis?úo;Via Iluminada;;Seca;Meio de Quadra;;;0;0;2;1;0;0;0;0;0;0;0;0;-3,776479000000000;-38,481598000000000
270656;14;11;2015;07:10;0;RD CE-040;;;0;KM-07;Colis?úo;Luz do Dia;;Seca;Meio de Quadra;;;0;1;4;1;0;0;1;0;0;1;0;0;-3,817953000000000;-38,483160000000000
268975;14;11;2015;19:33;0;AV SGT HERMINIO SAMPAIO;;;3550;;Atropelamento;;;;Meio de Quadra;;;0;1;0;1;0;0;0;0;0;0;0;0;;
268997;14;11;2015;20:28;5384;RUA ANTONIO POMPEU;RUA PDE MORORO;;0;;Capotamento;;;;Cruz;Pare;Comercial;0;1;0;0;0;0;0;0;0;1;0;0;-3,731997000000000;-38,539450000000000
269007;14;11;2015;23:12;0;AV A CJ CEARA;RUA 113 CJ CEARA;;0;;Atropelamento;;;;;;;0;1;0;0;0;0;0;0;0;0;0;0;;
269005;14;11;2015;22:30;1601;RUA PDE VALDEVINO;RUA VIS MAUA;;0;;Colis?úo;;;;Cruz;Pare;Misto;0;1;0;0;0;0;0;0;0;0;0;0;-3,743773000000000;-38,501876000000000
269000;14;11;2015;20:30;0;AV JOR THOMAZ COELHO;;;1578;;Colis?úo;;;;Meio de Quadra;;;0;1;0;0;0;0;0;0;0;0;0;0;-3,829923000000000;-38,509057000000000
269001;14;11;2015;21:34;23523;RUA FLORO BARTOLOMEU;RUA JOSE JUSTA;;0;;Colis?úo;;;;;;;0;1;0;1;0;0;0;0;0;1;0;0;-3,759951000000000;-38,508391000000000
268956;14;11;2015;13:56;0;RUA PEDRO DE SOUZA;;;0;;Queda;Luz do Dia;;;Meio de Quadra;;;0;1;0;0;0;0;0;0;0;1;0;0;;
268958;14;11;2015;14:09;0;AV DIOGUINHO;;;0;;Colis?úo;Luz do Dia;;;Meio de Quadra;;;0;1;0;1;0;0;0;0;0;1;0;0;;
268959;14;11;2015;14:45;0;AV DES GONZAGA;;;609;;Colis?úo;Luz do Dia;;;Meio de Quadra;;;0;1;0;1;0;0;0;0;0;1;0;0;-3,791783000000000;-38,502389000000000
268960;14;11;2015;16:05;0;RUA PORTO VELHO;;;238;;Colis?úo;Luz do Dia;;;Meio de Quadra;;;0;1;0;1;0;0;0;0;0;1;0;0;-3,768150000000000;-38,582946000000000
268961;14;11;2015;17:02;0;RUA MARIA ALICE FERRAZ;;;480;;Colis?úo;Anoitecer;;;Meio de Quadra;;;0;1;0;1;0;0;0;0;0;1;0;0;;
268964;14;11;2015;18:15;12551;AV HILDEBRANDO DE MELO;RUA MARIA CLARA;;0;;Queda;Anoitecer;;;Cruz;N?úo H?í Controle;Misto;0;1;0;0;0;0;0;0;0;1;0;0;-3,725093000000000;-38,589234000000000
268968;14;11;2015;19:17;3320;RUA VIRIATO RIBEIRO;RUA ARGENTINA;;0;;Colis?úo;;;;Cruz;Pare;Comercial;0;1;0;0;0;0;0;0;0;0;0;0;-3,747181000000000;-38,564284000000000
268966;14;11;2015;18:45;0;RUA LEANDRO HENRIQUE;;;1528;;Atropelamento;;;;Meio de Quadra;;;0;1;0;1;0;0;0;0;0;0;0;0;;
268939;14;11;2015;07:41;10044;RUA EMILIO DE MENESES;RUA ANTONIO NERY;;0;;Colis?úo;Luz do Dia;;;Cruz;Pare;Comercial;0;1;1;1;0;0;0;0;0;1;0;0;-3,778162000000000;-38,600204000000000
268934;14;11;2015;06:46;0;RUA CON LIMA SUCUPIRA;;;1734;;Colis?úo;Luz do Dia;;;Meio de Quadra;;;0;1;0;1;0;0;0;0;0;0;0;0;;
268935;14;11;2015;07:09;0;AV WASHINGTON SOARES;;;0;;Colis?úo;Luz do Dia;;;Meio de Quadra;;;0;1;0;0;0;0;0;0;0;0;0;0;;
268952;14;11;2015;13:00;0;RUA CEL FABRICIANO;;;2429;;Queda;Luz do Dia;;;Meio de Quadra;;;0;1;0;0;0;0;0;0;0;1;0;0;;
268953;14;11;2015;13:18;6721;RUA BENTO ALBUQUERQUE;AV ENG SANTANA JUNIOR;;0;;Colis?úo;Luz do Dia;;;Cruz;Sem?íforo;Misto;0;1;0;1;0;0;0;0;0;1;0;0;-3,742678000000000;-38,486538000000000
268950;14;11;2015;10:48;0;RUA PRO HERIBALDO COSTA;;;1869;;Colis?úo;Luz do Dia;;;Meio de Quadra;;;0;1;0;0;0;0;0;0;0;1;0;0;;
268943;14;11;2015;07:45;0;RUA CEL FABRICIANO;;;3590;;Colis?úo;Luz do Dia;;;Meio de Quadra;;;0;1;0;0;0;0;0;0;0;1;0;0;-3,779381000000000;-38,620187000000000
263625;14;11;2015;10:00;13544;RUA DR JOSE LOURENCO;RUA JULIO SIQUEIRA;;0;;Colis?úo Transversal;Luz do Dia;;;Cruz;Pare;Comercial;0;0;2;1;0;0;0;0;0;0;0;0;-3,748473000000000;-38,512200000000000
263626;14;11;2015;23:10;8025;AV JOAO PESSOA;RUA PRO COSTA MENDES;;0;;Colis?úo Transversal;Via Iluminada;Bom;Seca;Cruz;Sem?íforo;Comercial;0;0;2;1;1;0;0;0;0;0;0;0;-3,752393000000000;-38,549441000000000
263640;14;11;2015;14:30;0;RUA BENTO ALBUQUERQUE;;;0;;Colis?úo Traseira;Luz do Dia;;;Meio de Quadra;;;0;0;2;1;0;0;0;0;0;0;0;0;;
263646;14;11;2015;06:00;4022;AV JOAO PESSOA;RUA OSCAR BEZERRA ARAUJO;;0;;Capotamento;Luz do Dia;;;T;Outros;Comercial;0;0;2;1;0;0;0;0;0;0;0;0;-3,761747000000000;-38,557535000000000
263652;14;11;2015;17:15;13564;RUA CAP GUSTAVO;RUA CASTRO ALVES;;0;;Colis?úo Lateral;Anoitecer;;;Cruz;Pare;Residencial;0;0;2;1;0;0;0;0;0;0;0;0;-3,749887000000000;-38,517747000000000
263650;14;11;2015;19:20;0;AV DOM LUIS;;;545;;Colis?úo Lateral;;;;Meio de Quadra;;;0;0;2;1;0;0;0;0;0;0;0;0;-3,733459000000000;-38,496711000000000
263668;14;11;2015;13:10;0;AV RUI BARBOSA;;;1246;;Colis?úo Traseira;Luz do Dia;;;Meio de Quadra;;;0;0;2;1;0;0;0;0;0;0;0;0;-3,733034000000000;-38,508458000000000
263664;14;11;2015;20:00;19542;AV GODOFREDO MACIEL;RUA BISMARK;;0;;Colis?úo Lateral;;;;T;Pare;Misto;0;0;2;1;0;0;0;0;0;0;0;0;-3,782563000000000;-38,565624000000000
263659;14;11;2015;20:30;19287;RUA PRO GOMES BRASIL;RUA STA JULIA;;0;;Colis?úo Traseira;;;;Cruz;;Comercial;0;0;2;1;0;0;0;0;0;0;0;0;-3,774097000000000;-38,567602000000000
263656;14;11;2015;15:00;5125;RUA RUFINO DE ALENCAR;AV ALBERTO NEPOMUCENO;;0;;Colis?úo Lateral;Luz do Dia;;;T;Sem?íforo;Comercial;0;0;2;1;0;0;0;0;0;0;0;0;-3,724606000000000;-38,525072000000000
259385;14;11;2015;16:30;0;RD BR 116;;;3000;KM-03;Colis?úo Transversal;Luz do Dia;Bom;Seca;Meio de Quadra;N?úo H?í Controle;Comercial;0;1;1;1;0;0;0;0;0;1;0;0;-3,779838000000000;-38,514372000000000
263749;14;11;2015;08:00;1294;RUA TORRES CAMARA;RUA CARLOS VASCONCELOS;;0;;Colis?úo Traseira;Luz do Dia;;;Cruz;Sem?íforo;Comercial;0;0;2;1;0;0;0;0;0;1;0;0;-3,734251000000000;-38,511204000000000
263750;14;11;2015;14:10;1571;RUA CAROLINA SUCUPIRA;RUA VICENTE LEITE;;0;;Colis?úo Transversal;Luz do Dia;;;Cruz;Pare;Residencial;0;0;2;1;0;0;0;0;0;0;0;0;-3,742124000000000;-38,497020000000000
263751;14;11;2015;17:20;6817;RUA BENTO ALBUQUERQUE;RUA FRANCISCO MATOS;;0;;Colis?úo Transversal;Anoitecer;;;Cruz;Pare;Residencial;0;0;2;1;1;0;0;0;0;0;0;0;-3,747862000000000;-38,470436000000000
263747;14;11;2015;13:30;25069;AV DOS EXPEDICIONARIOS;RUA RAUL CABRAL;;0;;Colis?úo Lateral;Luz do Dia;;;Cruz;Sem?íforo;Comercial;0;0;2;1;0;0;0;0;0;0;0;0;-3,769605000000000;-38,542595000000000
263745;14;11;2015;16:40;0;RUA GERMANO FRANCK;;;0;;Colis?úo Lateral;Luz do Dia;;;Meio de Quadra;;;0;0;2;1;1;0;0;0;0;0;0;0;;
263741;14;11;2015;01:00;0;AV ALM HENRIQUE SABOIA;;;0;;Colis?úo Traseira;;;;Meio de Quadra;;;0;0;2;1;0;0;0;0;0;0;0;0;;
263727;14;11;2015;11:40;5352;AV DOM MANUEL;RUA PINTO MADEIRA;;0;;Colis?úo Traseira;Luz do Dia;;;Cruz;Sem?íforo;Comercial;0;1;1;0;0;0;0;0;0;1;0;0;-3,730964000000000;-38,521957000000000
263733;14;11;2015;23:15;23523;RUA JOSE JUSTA;RUA FLORO BARTOLOMEU;;0;;Colis?úo Lateral;;;;;;;0;1;2;1;0;0;0;0;0;1;0;0;-3,759951000000000;-38,508391000000000
263734;14;11;2015;11:50;19683;RUA PRO JOSE DE BARCELOS;RUA AZEVEDO BOLAO;;0;;Colis?úo Transversal;Luz do Dia;;;Cruz;Pare;Residencial;0;0;2;0;0;0;0;0;0;0;0;0;-3,735196000000000;-38,550610000000000
263735;14;11;2015;17:50;13495;RUA CEL ALVES TEIXEIRA;RUA ILDEFONSO ALBANO;;0;;Colis?úo Lateral;Anoitecer;;;Cruz;Pare;Residencial;0;0;2;1;0;0;0;0;0;0;0;0;-3,745590000000000;-38,517296000000000
263736;14;11;2015;19:00;0;AV PONTES VIEIRA;;;0;;Colis?úo Lateral;;;;Meio de Quadra;;;0;0;2;1;1;0;0;0;0;0;0;0;;
263737;14;11;2015;09:30;0;RUA BAR RIO BRANCO;;;2191;;Colis?úo Traseira;Luz do Dia;;;Meio de Quadra;;;0;1;1;1;0;0;0;0;0;0;0;0;-3,736631000000000;-38,531509000000000
263738;14;11;2015;17:00;0;AV GAL MURILO BORGES;;;0;;Colis?úo Lateral;Anoitecer;;;Meio de Quadra;;;0;1;1;1;0;0;0;0;0;1;0;0;;
263739;14;11;2015;13:40;9246;AV 13 DE MAIO;RUA BAR RIO BRANCO;;0;;Colis?úo Traseira;Luz do Dia;;;Cruz;Sem?íforo;Comercial;0;0;2;1;0;0;0;0;0;1;0;0;-3,745129000000000;-38,534255000000000
263725;14;11;2015;06:40;9144;RUA CEL PERGENTINO FERREIRA;RUA JUVENAL DE CARVALHO;;0;;Colis?úo Lateral;Luz do Dia;;;Cruz;Pare;Residencial;0;1;1;1;0;0;0;0;0;0;0;0;-3,748779000000000;-38,524903000000000
263718;14;11;2015;21:50;19174;RUA PRO OTAVIO LOBO;RUA PEREIRA DE MIRANDA;;0;;Colis?úo Transversal;;;;Cruz;Pare;Residencial;0;0;2;1;0;0;0;0;0;0;0;0;-3,741389000000000;-38,476904000000000
263713;14;11;2015;19:30;23978;AV JANGADEIROS (MUCURIPE);RUA JOAO EVANGELISTA;;0;;Colis?úo Lateral;;;;;;;0;0;3;1;0;0;0;0;0;0;0;0;-3,726969000000000;-38,479469000000000
272546;14;11;2015;05:17;3769;RUA SEN POMPEU;AV DOMINGOS OLIMPIO;;0;;Choque c/ Obst?ículo Fixo;Amanhecer;;;Cruz;Sem?íforo;Comercial;0;0;1;0;0;0;0;0;0;0;0;0;-3,736254000000000;-38,532455000000000
272547;14;11;2015;05:39;0;AV PRS CASTELO BRANCO;;;0;;Colis?úo;Amanhecer;;;Meio de Quadra;;;0;0;2;0;0;0;0;0;0;0;0;0;;
272549;14;11;2015;06:27;0;RUA GAL BERNARDO FIGUEIREDO;;;1877;;Choque c/ Obst?ículo Fixo;Luz do Dia;;;Meio de Quadra;;;0;0;1;0;0;0;0;0;0;0;0;0;-3,740094000000000;-38,553796000000000
272550;14;11;2015;07:19;0;RUA TOMAS RODRIGUES;;;460;;Colis?úo;Luz do Dia;;;Meio de Quadra;;;0;0;2;0;0;0;0;0;0;0;0;0;-3,740982000000000;-38,593781000000000
272557;14;11;2015;10:47;0;AV GAL OSORIO DE PAIVA;;;5899;;Colis?úo;Luz do Dia;;;Meio de Quadra;;;0;0;2;0;0;0;0;0;0;0;0;0;-3,807958000000000;-38,605198000000000
272553;14;11;2015;10:37;0;AV CENTRAL;;;220;;Colis?úo;Luz do Dia;;;Meio de Quadra;;;0;0;2;0;0;0;0;0;0;0;0;0;;
272561;14;11;2015;11:08;15678;RUA EUDES CARDOSO;RUA VICENTE NOBRE MACEDO;;0;;Colis?úo;Luz do Dia;;;Cruz;Pare;Misto;0;0;2;0;0;0;0;0;0;0;0;0;-3,826494000000000;-38,484520000000000
272571;14;11;2015;22:48;7951;AV PONTES VIEIRA;RUA OSVALDO CRUZ (ALDEOTA);;0;;Colis?úo;;;;Cruz;Sem?íforo;Comercial;0;0;2;0;0;0;0;0;0;0;0;0;-3,751781000000000;-38,505539000000000
272563;14;11;2015;16:35;14710;RUA SUICA;RUA DELTA;;0;;Colis?úo;Luz do Dia;;;Cruz;Pare;Residencial;0;0;2;0;0;0;0;0;0;0;0;0;-3,793850000000000;-38,577135000000000
272564;14;11;2015;16:39;0;RUA GOIANESA;;;340;;Colis?úo;Luz do Dia;;;Meio de Quadra;;;0;0;2;0;0;0;0;0;0;0;0;0;;
272566;14;11;2015;17:26;0;AV PRO JOSE ARTHUR CARVALHO;;;1620;;Colis?úo;Anoitecer;;;Meio de Quadra;;;0;0;2;0;0;0;0;0;0;0;0;0;-3,826172000000000;-38,464725000000000
272569;14;11;2015;20:32;0;AV GAL OSORIO DE PAIVA;;;0;;Colis?úo;;;;Meio de Quadra;;;0;0;2;0;0;0;0;0;0;0;0;0;;
272575;14;11;2015;22:56;4612;AV OLIVEIRA PAIVA;AV WASHINGTON SOARES;;0;;Colis?úo;;;;;;;0;0;2;0;0;0;0;0;0;0;0;0;-3,795695000000000;-38,479908000000000
272576;14;11;2015;23:33;0;RUA IEDA PEREIRA;;;0;;Colis?úo;;;;Meio de Quadra;;;0;0;2;0;0;0;0;0;0;0;0;0;;
272579;15;11;2015;01:03;0;AV SEN FERNANDES TAVORA;;;0;;Colis?úo;;;;Meio de Quadra;;;0;0;2;0;0;0;0;0;0;0;0;0;;
272581;15;11;2015;01:22;4080;AV JOSE BASTOS;RUA CEARA;;0;;Colis?úo;;;;Cruz;Pare;;0;0;2;0;0;0;0;0;0;0;0;0;-3,760008000000000;-38,564112000000000
272585;15;11;2015;02:24;1359;RUA CARLOS VASCONCELOS;RUA JOAO CARVALHO;;0;;Colis?úo;;;;Cruz;Pare;Residencial;0;0;2;0;0;0;0;0;0;0;0;0;-3,736251000000000;-38,511844000000000