COD_ACIDENTE;DIA;MES;ANO;HORA;INTERSECAO;LOG1;LOG2;LOG3;NUMERO;REFERENCIA;NATUREZA;ILUMINACAO;TEMPO;SUPERFICIEPISTA;TIPOCRUZAMENTO;CONTROLETRAFEGO;USOSOLO;MORTOS;FERIDOS;ILESOS;AUTOMOVEL;ONIBUS;BICICLETA;CAMINHAO;MICROONIBUS;CICLOMOTOR;MOTOCICLETA;TRACAOANIMAL;TREM;LATITUDE;LONGITUDE
272586;15;11;2015;03:13;15324;RUA TIBURCIO CAVALCANTE;RUA TEN BENEVOLO;;0;;Choque c/ Obst?ículo Fixo;;;;T;N?úo H?í Controle;Rural;0;0;1;0;0;0;0;0;0;0;0;0;-3,730691000000000;-38,500890000000000
272588;15;11;2015;04:38;0;RUA PESSOA ANTA;;;38;;Colis?úo;;;;Meio de Quadra;;;0;0;2;0;0;0;0;0;0;0;0;0;-3,721216000000000;-38,522872000000000
272589;15;11;2015;08:48;0;AV JOAO DE ARAUJO LIMA;;;271;;Colis?úo;Luz do Dia;;;Meio de Quadra;;;0;0;2;0;0;0;0;0;0;0;0;0;-3,824140000000000;-38,558780000000000
272595;15;11;2015;15:40;2709;RUA OSCAR ARARIPE;RUA SAMARIA;;0;;Colis?úo;Luz do Dia;;;;;;0;0;2;0;0;0;0;0;0;0;0;0;-3,789279000000000;-38,605319000000000
272596;15;11;2015;16:12;0;RUA STA CLARA DE ASSIS;;;720;;Colis?úo;Luz do Dia;;;Meio de Quadra;;;0;0;2;0;0;0;0;0;0;0;0;0;;
272607;15;11;2015;22:29;0;AV 1 CANINDEZINHO;;;74;;Colis?úo;;;;Meio de Quadra;;;0;0;2;0;0;0;0;0;0;0;0;0;;
272608;15;11;2015;22:30;0;AV OLIVEIRA PAIVA;;;0;;Colis?úo;;;;Meio de Quadra;;;0;0;2;0;0;0;0;0;0;0;0;0;;
272603;15;11;2015;20:57;26247;RUA DUAS NACOES;RUA JOSE ABILIO;;0;;Colis?úo;;;;;;;0;0;2;0;0;0;0;0;0;0;0;0;;
263790;15;11;2015;13:20;0;AV 13 DE MAIO;;;0;;Colis?úo Traseira;Luz do Dia;;;Meio de Quadra;;;0;0;2;1;0;0;0;0;0;0;0;0;;
263764;15;11;2015;11:30;18468;RUA HAROLDO TORRES;RUA PDE MAXIMO FEITOSA;;0;;Colis?úo Transversal;Luz do Dia;;;Cruz;Pare;Residencial;0;1;1;1;0;0;0;0;0;1;0;0;-3,730830000000000;-38,574547000000000
263765;15;11;2015;14:30;0;AV BEZERRA DE MENEZES;;;306;;Choque c/ Obst?ículo Fixo;Luz do Dia;;;Meio de Quadra;;;0;0;1;1;0;0;0;0;0;0;0;0;-3,732168000000000;-38,547596000000000
263766;15;11;2015;08:50;12699;AV CEL CARVALHO;AV MAJ ASSIS;;0;;Colis?úo Traseira;Luz do Dia;;;Cruz;Sem?íforo;Residencial;0;0;3;1;0;0;0;0;0;0;0;0;-3,723796000000000;-38,586255000000000
263767;15;11;2015;06:30;25160;RUA JULIO ABREU;RUA FRE MANSUETO;;0;;Colis?úo Transversal;Luz do Dia;;;Cruz;Sem?íforo;Misto;0;0;3;1;0;0;0;1;0;0;0;0;-3,735861000000000;-38,488626000000000
263752;15;11;2015;10:20;17297;AV PRO GOMES DE MATOS;RUA EDUARDO ANGELIM;;0;;Colis?úo;Luz do Dia;;;Cruz;Pare;Comercial;0;2;0;0;0;0;0;0;0;1;0;0;-3,763719000000000;-38,547809000000000
263753;15;11;2015;09:40;3956;RUA JULIO CESAR D12;RUA PEDRO MACHADO;;0;;Colis?úo Transversal;Luz do Dia;;;Cruz;Pare;Residencial;0;0;2;1;0;0;0;0;0;0;0;0;-3,756102000000000;-38,548095000000000
263754;15;11;2015;01:50;0;AV PRS CASTELO BRANCO;;;0;;Colis?úo Lateral;;;;Meio de Quadra;;;0;1;1;1;0;0;0;0;0;1;0;0;;
263755;15;11;2015;09:20;0;RUA ILDEFONSO ALBANO;;;0;;Colis?úo Traseira;Luz do Dia;;;;;;0;0;2;1;0;0;0;0;0;0;0;0;;
263756;15;11;2015;20:48;0;RUA TRES MARIAS D50;;;150;;Colis?úo Traseira;;;;Meio de Quadra;;;0;1;1;1;0;0;0;0;0;0;0;0;-3,799157000000000;-38,598494000000000
263757;15;11;2015;06:50;9229;RUA MARIO MAMEDE;RUA MON LIBERATO;;0;;Colis?úo Transversal;Luz do Dia;;;Cruz;Pare;Outros;0;1;1;1;0;0;0;0;0;0;0;0;-3,749814000000000;-38,530817000000000
263758;15;11;2015;18:00;65;RUA MARTINS NETO;RUA HUGO VITOR;;0;;Colis?úo Transversal;Anoitecer;;;Cruz;Pare;Misto;0;1;1;1;0;0;0;0;0;1;0;0;-3,740726000000000;-38,591458000000000
263759;15;11;2015;15:30;15306;RUA LEONARDO MOTA;RUA ANA BILHAR;;0;;Colis?úo Transversal;Luz do Dia;;;Cruz;Sem?íforo;Residencial;0;2;0;1;0;0;0;0;0;0;0;0;-3,729944000000000;-38,494191000000000
263760;15;11;2015;15:30;0;AV GOV RAUL BARBOSA;;;5076;;Colis?úo Traseira;Luz do Dia;;;Meio de Quadra;;;0;0;2;1;0;0;1;0;0;0;0;0;-3,762547000000000;-38,508353000000000
263761;15;11;2015;13:40;0;AV HIS RAIMUNDO GIRAO;;;877;;Colis?úo Frontal;Luz do Dia;;;Meio de Quadra;;;0;1;1;1;0;0;0;0;0;1;0;0;;
263788;15;11;2015;15:40;11021;RUA ALM RUBIM;RUA MUNDICA PAULA;;0;;Colis?úo Traseira;Luz do Dia;;;;;;0;0;2;1;0;0;0;0;0;0;0;0;-3,773259000000000;-38,557470000000000
263878;15;11;2015;05:30;17421;RUA BAR SOBRAL;AV PRO GOMES DE MATOS;;0;;Colis?úo Transversal;Amanhecer;;;;;;1;0;1;1;0;0;0;0;0;1;0;0;-3,768334000000000;-38,551793000000000
263879;15;11;2015;12:10;5463;RUA DNA LEOPOLDINA;RUA BARBARA DE ALENCAR;;0;;Colis?úo Transversal;Luz do Dia;;;Cruz;Pare;Comercial;0;0;2;1;0;0;0;0;0;0;0;0;-3,735695000000000;-38,521102000000000
263880;15;11;2015;17:30;0;AV AGUANAMBI;;;0;ROTAT?ôRIA;Colis?úo Lateral;Anoitecer;;;Meio de Quadra;;;0;0;2;1;0;0;0;0;0;0;0;0;-3,755538000000000;-38,523043000000000
263881;15;11;2015;09:40;0;RUA JARDIM FLUMINENSE;;;1061;;Colis?úo Transversal;Luz do Dia;;;Meio de Quadra;;;0;1;1;1;0;1;0;0;0;0;0;0;-3,812073000000000;-38,599199000000000
263883;15;11;2015;19:00;25403;AV FRE CIRILO;RUA DR JOAQUIM BENTO;;0;;Colis?úo Lateral;;;;;;;0;1;1;1;0;0;0;0;0;0;0;0;;
263875;15;11;2015;15:30;0;AV BAR STUDART;;;826;;Colis?úo Transversal;Luz do Dia;;;Meio de Quadra;;;0;0;2;1;0;0;0;0;0;0;0;0;-3,731161000000000;-38,505478000000000
263876;15;11;2015;17:00;24956;AV ENG ALBERTO SA;AV ALM HENRIQUE SABOIA;;0;;Colis?úo;Anoitecer;;;;;;0;1;1;1;0;0;0;0;0;1;0;0;-3,732499000000000;-38,482890000000000
263850;15;11;2015;12:30;0;AV OLIVEIRA PAIVA;;;0;;Colis?úo Lateral;Luz do Dia;;;Meio de Quadra;;;0;0;2;1;1;0;0;0;0;0;0;0;;
263806;15;11;2015;12:40;1519;RUA PDE VALDEVINO;RUA CARLOS VASCONCELOS;;0;;Colis?úo Transversal;Luz do Dia;;;Cruz;Sem?íforo;Comercial;0;0;2;1;0;0;0;0;0;0;0;0;-3,740277000000000;-38,513190000000000
263796;15;11;2015;16:30;0;RUA DES PRAXEDES;;;1236;;Colis?úo Lateral;Luz do Dia;;;Meio de Quadra;;;0;1;1;1;0;0;0;0;0;1;0;0;-3,762849000000000;-38,543663000000000
263792;15;11;2015;15:49;0;AV JOAO DE ARAUJO LIMA;;;1098;;Colis?úo Traseira;Luz do Dia;;;Meio de Quadra;;;0;1;1;1;0;0;0;0;1;0;0;0;;
263793;15;11;2015;08:00;18024;AV ZEZE DIOGO;RUA RENATO BRAGA;;0;;Engavetamento;Luz do Dia;;;Cruz;Sem?íforo;Comercial;0;0;3;1;0;0;0;0;0;0;0;0;-3,731905000000000;-38,457388000000000
263854;15;11;2015;04:15;0;AV DR SILAS MUNGUBA;;;0;;Choque c/ Obst?ículo Fixo;;;;Meio de Quadra;;;0;0;1;1;0;0;0;0;0;0;0;0;;
263868;15;11;2015;10:30;5306;RUA MON LUIS ROCHA;RUA DO ROSARIO;;0;;Colis?úo Lateral;Luz do Dia;;;Cruz;Pare;Comercial;0;0;2;1;0;0;0;0;0;0;0;0;-3,729645000000000;-38,526198000000000
263869;15;11;2015;13:10;2742;RUA OSCAR ARARIPE;RUA MARIA JULIA;;0;;Colis?úo Frontal;Luz do Dia;;;Cruz;Sem?íforo;Comercial;0;1;1;1;0;0;0;0;0;1;0;0;-3,791130000000000;-38,599484000000000
263870;15;11;2015;21:10;0;RUA SILVA JATAHY;;;972;;Colis?úo Transversal;;;;Meio de Quadra;;;0;1;2;1;0;0;0;0;0;0;0;0;-3,728516000000000;-38,495301000000000
263871;15;11;2015;12:30;0;RUA COSTA BARROS;;;2070;;Colis?úo Lateral;Luz do Dia;;;Meio de Quadra;;;0;1;1;0;0;0;0;0;0;1;0;0;-3,732256000000000;-38,505758000000000
259386;15;11;2015;00:05;0;RD BR 116;;;15000;KM-15;Colis?úo Traseira;Via Iluminada;Bom;Seca;Meio de Quadra;N?úo H?í Controle;Comercial;0;2;1;1;0;0;0;0;1;0;0;0;-3,882329000000000;-38,501113000000000
269088;15;11;2015;17:19;0;RUA SGT BARBOSA D70;;;2000;;Colis?úo;Anoitecer;;;Meio de Quadra;;;0;1;0;0;0;0;0;0;0;1;0;0;;
269050;15;11;2015;12:58;0;RUA EMILIO DE MENESES;;;1892;;Atropelamento;Luz do Dia;;;Meio de Quadra;;;0;1;0;1;0;0;0;0;0;0;0;0;-3,778764000000000;-38,598014000000000
269037;15;11;2015;12:08;0;RUA OSCAR ARARIPE;;;925;;Colis?úo;Luz do Dia;;;Meio de Quadra;;;0;1;0;1;0;0;0;0;0;1;0;0;-3,791104000000000;-38,599562000000000
269032;15;11;2015;09:00;0;AV PRO GOMES DE MATOS;;;1290;;Colis?úo;Luz do Dia;;;Meio de Quadra;;;0;1;0;0;0;0;0;0;0;1;0;0;-3,763656000000000;-38,547755000000000
269011;15;11;2015;00:49;0;AV OLIVEIRA PAIVA;;;1479;;Colis?úo;;;;Meio de Quadra;;;0;1;1;1;0;0;0;0;0;1;0;0;-3,795587000000000;-38,493379000000000
269012;15;11;2015;02:11;0;AV EDILSON B SOARES;;;945;;Colis?úo;;;;Meio de Quadra;;;0;1;0;1;0;0;0;0;0;1;0;0;-3,789161000000000;-38,477198000000000
269013;15;11;2015;05:52;0;AV PRO GOMES DE MATOS;;;310;;Colis?úo;Amanhecer;;;Meio de Quadra;;;0;1;0;1;0;0;0;0;0;1;0;0;-3,756959000000000;-38,542011000000000
269027;15;11;2015;08:28;0;RUA JARDIM FLUMINENSE;;;1061;;Colis?úo;Luz do Dia;;;Meio de Quadra;;;0;1;0;0;0;0;0;0;0;0;0;0;-3,812073000000000;-38,599199000000000
269028;15;11;2015;08:56;0;AV C CJ CEARA;AV F CJ CEARA;;186;;Colis?úo;Luz do Dia;;;;;;0;1;1;1;0;0;0;0;0;1;0;0;-3,758825000000000;-38,608412000000000
269023;15;11;2015;05:59;0;RUA VIRGILIO BRIGIDO;;;1137;;Queda;Amanhecer;;;Meio de Quadra;;;0;1;0;0;0;0;0;0;0;1;0;0;-3,726481000000000;-38,569909000000000
269021;15;11;2015;05:56;0;AV 13 DE MAIO;;;755;;Queda;Amanhecer;;;Meio de Quadra;;;0;1;0;0;0;0;0;0;0;1;0;0;-3,751492000000000;-38,526791000000000
269143;15;11;2015;23:46;0;AV SEN FERNANDES TAVORA;;;0;;Queda;;;;Meio de Quadra;;;0;1;0;0;0;0;0;0;0;1;0;0;;
269135;15;11;2015;13:01;19952;AV LUCIANO CARNEIRO;RUA FRANCISCO LORDA;;0;;Colis?úo;Luz do Dia;;;Cruz;Sem?íforo;Comercial;0;1;0;1;0;0;0;0;0;0;0;0;-3,760835000000000;-38,535431000000000
269120;15;11;2015;21:17;0;RUA DES HERMES PARAHYBA;;;1015;;Colis?úo;;;;Meio de Quadra;;;0;1;0;1;0;0;0;0;0;1;0;0;-3,712663000000000;-38,593089000000000
269125;15;11;2015;21:33;0;AV ROGACIANO LEITE;;;2399;;Atropelamento;;;;Meio de Quadra;;;0;1;0;0;0;0;0;0;0;0;0;0;-3,776071000000000;-38,500342000000000
269127;15;11;2015;22:38;0;RUA CON DE CASTRO;;;2960;;Colis?úo;;;;Meio de Quadra;;;0;1;0;1;0;0;0;0;0;1;0;0;-3,794792000000000;-38,582477000000000
269110;15;11;2015;19:45;0;AV SEN FERNANDES TAVORA;;;0;;Queda;;;;Meio de Quadra;;;0;1;0;0;0;1;0;0;0;0;0;0;;
269113;15;11;2015;20:35;0;RUA FRANCISCO PAIVA;;;1280;;Colis?úo;;;;;;;0;1;1;1;0;0;0;0;0;1;0;0;-3,793066000000000;-38,615008000000000
269101;15;11;2015;19:34;0;AV GAL OSORIO DE PAIVA;;;5561;;Colis?úo;;;;Meio de Quadra;;;0;1;1;1;0;0;0;0;0;1;0;0;-3,805541000000000;-38,602891000000000
269096;15;11;2015;18:43;0;AV IMPERADOR;;;615;;Atropelamento;;;;Meio de Quadra;;;0;1;0;1;0;0;0;0;0;0;0;0;-3,726847000000000;-38,534355000000000
269094;15;11;2015;18:01;0;RUA FRANCISCANO;;;340;;Colis?úo;Anoitecer;;;Meio de Quadra;;;0;1;0;1;0;0;0;0;0;1;0;0;;
269092;15;11;2015;17:38;0;RUA TAMIARANA;;;18;;Colis?úo;Anoitecer;;;Meio de Quadra;;;0;1;0;1;0;0;0;0;0;1;0;0;-3,780336000000000;-38,591697000000000
270690;15;11;2015;10:37;0;RD CE-040;;;0;KM-03;Colis?úo;Luz do Dia;;Seca;Meio de Quadra;;;0;0;2;1;0;0;0;0;0;0;0;0;-3,783185000000000;-38,481014000000000
270696;15;11;2015;20:40;0;AV SEN CARLOS JEREISSATI (AEROPORTO);;;0;KM 04;Colis?úo;Via Iluminada;;Seca;Meio de Quadra;;;0;1;1;0;0;0;0;0;0;1;0;0;-3,779313000000000;-38,514638000000000
270704;16;11;2015;17:00;0;RD CE-040;;;0;KM-04;Choque c/ Obst?ículo Fixo;Anoitecer;;Seca;Meio de Quadra;;;1;0;0;0;0;0;0;0;0;1;0;0;-3,792050000000000;-38,480251000000000
269144;16;11;2015;00:05;0;AV MAE LISBOA;;;1211;;Colis?úo;;;;Meio de Quadra;;;0;1;0;1;0;0;0;0;0;1;0;0;-3,807857000000000;-38,469416000000000
269157;16;11;2015;06:45;0;AV SANTOS DUMONT;;;6944;;Colis?úo;Luz do Dia;;;Meio de Quadra;;;0;1;0;1;0;0;0;0;0;1;0;0;-3,745091000000000;-38,470908000000000
269153;16;11;2015;00:50;0;AV CASTELO DE CASTRO;;;0;;Colis?úo;;;;Meio de Quadra;;;0;1;0;0;0;0;0;0;0;0;0;0;;
259387;16;11;2015;09:30;0;RD BR 116;;;0;;Outros;Luz do Dia;Bom;Seca;Meio de Quadra;N?úo H?í Controle;Comercial;0;0;1;1;0;0;0;0;0;0;0;0;;
259403;16;11;2015;10:30;0;RD BR 222;;;0;KM-02;Colis?úo Traseira;Luz do Dia;Bom;Seca;Meio de Quadra;N?úo H?í Controle;Comercial;0;1;1;0;0;0;0;0;0;1;0;0;-3,738951000000000;-38,586880000000000
269174;16;11;2015;07:31;0;RUA JARDIM FLUMINENSE;;;0;;Colis?úo;Luz do Dia;;;Meio de Quadra;;;0;1;0;0;0;0;0;0;0;0;0;0;;
269171;16;11;2015;07:03;0;RUA MAL DEODORO;;;1100;;Colis?úo;Luz do Dia;;;Meio de Quadra;;;0;1;0;1;0;0;0;0;0;1;0;0;-3,744943000000000;-38,537423000000000
269188;16;11;2015;10:21;0;AV SEN FERNANDES TAVORA;;;842;;Atropelamento;Luz do Dia;;;Meio de Quadra;;;0;1;0;0;0;0;0;0;0;1;0;0;;
269190;16;11;2015;10:41;0;AV MR HULL;;;4940;;Colis?úo;Luz do Dia;;;Meio de Quadra;;;0;1;0;1;0;0;0;0;0;1;0;0;-3,739201000000000;-38,588586000000000
269192;16;11;2015;12:37;0;AV ROGACIANO LEITE;;;2150;;Colis?úo;Luz do Dia;;;Meio de Quadra;;;0;1;0;1;0;0;0;0;0;0;0;0;-3,773643000000000;-38,499058000000000
269195;16;11;2015;12:49;0;RUA NEREU RAMOS;;;850;;Queda;Luz do Dia;;;Meio de Quadra;;;0;1;0;0;0;0;0;0;0;1;0;0;;
269206;16;11;2015;15:02;5692;AV DES GONZAGA;RUA MARGARIDA DE QUEIROZ;;0;;Colis?úo;Luz do Dia;;;Cruz;;Comercial;0;1;0;1;0;0;0;0;0;1;0;0;-3,793168000000000;-38,501753000000000
269220;16;11;2015;19:24;0;AV PRO GOMES DE MATOS;;;1368;;Colis?úo;;;;Meio de Quadra;;;0;1;0;1;0;0;0;0;0;1;0;0;-3,764172000000000;-38,548214000000000
269208;16;11;2015;15:06;2971;RUA MON SABINO FEIJAO;RUA PEDRO MARTINS;;0;;Colis?úo;Luz do Dia;;;Cruz;N?úo H?í Controle;Residencial;0;1;0;0;0;0;0;0;0;0;0;0;-3,800394000000000;-38,599374000000000
269215;16;11;2015;16:41;7135;RUA ALVES LIMA;RUA CAMELIA;;0;;Colis?úo;Luz do Dia;;;;;;0;1;0;0;0;0;0;0;0;0;0;0;-3,707477000000000;-38,568325000000000
269211;16;11;2015;15:09;0;AV CASTELO DE CASTRO;;;1186;;Colis?úo;Luz do Dia;;;Meio de Quadra;;;0;1;0;0;0;0;0;0;0;0;0;0;-3,839582000000000;-38,521763000000000
269218;16;11;2015;17:09;0;RUA POMPILIO GOMES;;;273;;Colis?úo;Anoitecer;;;Meio de Quadra;;;0;1;0;1;0;0;0;0;0;1;0;0;-3,813061000000000;-38,520467000000000
263885;16;11;2015;19:40;9125;RUA MON SALAZAR;RD BR 116;;0;;Colis?úo Transversal;;;;Outros;Pare;Comercial;0;0;2;0;0;0;0;1;0;0;0;0;-3,757058000000000;-38,521139000000000
263909;16;11;2015;20:00;3903;AV JOAO PESSOA;RUA PDE CICERO;;0;;Colis?úo Transversal;;;;;;;0;0;2;1;0;0;0;0;0;1;0;0;-3,745741000000000;-38,543442000000000
263910;16;11;2015;09:15;15343;RUA NUNES VALENTE;RUA PEREIRA FILGUEIRAS;;0;;Atropelamento;Luz do Dia;;;Cruz;Sem?íforo;Residencial;0;1;3;1;0;0;1;0;0;0;0;0;-3,731786000000000;-38,502310000000000
263891;16;11;2015;17:30;1550;RUA PDE VALDEVINO;RUA DR JOSE LOURENCO;;0;;Colis?úo Lateral;Anoitecer;;;Cruz;Sem?íforo;Comercial;0;0;2;1;0;0;0;0;0;0;0;0;-3,741307000000000;-38,509928000000000
263892;16;11;2015;07:59;3796;RUA JUVENAL GALENO;RUA PDE MORORO;;0;;Colis?úo Lateral;Luz do Dia;;;Cruz;Pare;Residencial;0;0;2;1;1;0;0;0;0;0;0;0;-3,737433000000000;-38,541005000000000
263893;16;11;2015;10:00;8014;RUA PRO COSTA MENDES;RUA MACHADO DE ASSIS;;0;;Colis?úo Transversal;Luz do Dia;;;Cruz;Sem?íforo;Residencial;0;0;2;1;0;0;0;0;0;0;0;0;-3,751652000000000;-38,550288000000000
263894;16;11;2015;12:50;0;AV CARAPINIMA;;;2673;;Colis?úo Traseira;Luz do Dia;;;Meio de Quadra;;;0;0;2;1;0;0;0;0;0;0;0;0;-3,742236000000000;-38,542336000000000
263889;16;11;2015;16:40;15370;AV DOM LUIS;AV SEN VIRGILIO TAVORA;;0;;Colis?úo;Luz do Dia;;;Cruz;Sem?íforo;Comercial;0;0;2;1;0;0;0;0;0;0;0;0;-3,734829000000000;-38,492507000000000
263887;16;11;2015;13:40;0;AV PRS JUSCELINO KUBITSCHEK (PASSAR?ë);;;0;;Colis?úo Traseira;Luz do Dia;;;Meio de Quadra;;;0;0;2;1;0;0;0;0;0;0;0;0;;
263933;16;11;2015;06:50;5359;RUA METON DE ALENCAR;RUA TEREZA CRISTINA;;0;;Colis?úo Lateral;Luz do Dia;;;Cruz;N?úo H?í Controle;Comercial;0;0;2;1;1;0;0;0;0;0;0;0;-3,731262000000000;-38,538031000000000
263934;16;11;2015;10:30;8954;RUA DOM JERONIMO D06;AV DOMINGOS OLIMPIO;;0;;Colis?úo Transversal;Luz do Dia;;;Cruz;Pare;Residencial;0;2;1;1;0;0;0;0;0;0;0;0;-3,733201000000000;-38,543457000000000
263935;16;11;2015;10:50;0;AV SEN FERNANDES TAVORA;;;843;;Atropelamento;Luz do Dia;;;Meio de Quadra;;;0;2;0;0;0;0;0;0;0;1;0;0;-3,763185000000000;-38,580302000000000
263936;16;11;2015;08:00;15316;RUA JOAQUIM NABUCO;RUA REPUBLICA DO LIBANO;;0;;Colis?úo Lateral;Luz do Dia;;;Cruz;Pare;Residencial;0;0;3;1;0;0;0;0;0;0;0;0;-3,730318000000000;-38,499700000000000
263902;16;11;2015;18:30;0;AV DR THEBERGE;;;2814;;Colis?úo Traseira;Anoitecer;;;Meio de Quadra;;;0;0;2;1;0;0;0;0;0;0;0;0;-3,727060000000000;-38,568994000000000
263919;16;11;2015;11:20;0;RUA VINTE E QUATRO DE MAIO;;;1172;;Colis?úo Transversal;Luz do Dia;;;Meio de Quadra;;;0;0;2;1;0;0;0;0;0;0;0;0;-3,731818000000000;-38,533589000000000
263920;16;11;2015;13:00;22951;AV DR SILAS MUNGUBA;RUA DR JUSTA ARAUJO D45;;0;;Colis?úo Traseira;Luz do Dia;;;Cruz;Outros;Comercial;0;1;1;0;0;0;0;0;0;1;0;0;-3,784586000000000;-38,553426000000000
263921;16;11;2015;13:05;0;AV AUGUSTO DOS ANJOS;;;618;;Colis?úo Transversal;Luz do Dia;;;Meio de Quadra;;;0;0;2;1;0;0;0;1;0;0;0;0;-3,773754000000000;-38,573458000000000
263922;16;11;2015;13:55;12697;AV CEL CARVALHO;RUA RAIMUNDO FROTA;;0;;Colis?úo Transversal;Luz do Dia;;;Duplo T;Pare;Comercial;0;1;1;0;0;0;0;0;0;1;0;0;-3,714552000000000;-38,588657000000000
263923;16;11;2015;09:20;587;RUA COELHO DA FONSECA;RUA FRE TEOBALDO;;0;;Colis?úo Transversal;Luz do Dia;;;Cruz;N?úo H?í Controle;Residencial;0;2;1;1;0;0;0;0;0;1;0;0;-3,714819000000000;-38,560921000000000
263924;16;11;2015;21:00;0;AV FRANCISCO SA;;;4986;;Colis?úo Transversal;;;;Meio de Quadra;;;0;2;1;1;0;0;0;0;0;1;0;0;-3,713399000000000;-38,569108000000000
263916;16;11;2015;20:20;0;RUA VIS MAUA;;;1940;;Colis?úo Lateral;;;;Meio de Quadra;;;0;0;2;1;0;0;0;0;0;0;0;0;-3,742719000000000;-38,501549000000000
263899;16;11;2015;12:10;5079;RUA SAO PAULO;RUA AGAPITO DOS SANTOS;;0;;Colis?úo Lateral;Luz do Dia;;;Cruz;N?úo H?í Controle;Residencial;0;0;2;1;1;0;0;0;0;0;0;0;-3,722650000000000;-38,537811000000000
263896;16;11;2015;07:30;22937;AV DR SILAS MUNGUBA;RUA GOV JOAO CARLOS;;0;;Colis?úo Traseira;Luz do Dia;;;T;Sem?íforo;Comercial;0;0;2;1;0;0;0;0;0;0;0;0;-3,783950000000000;-38,553910000000000
263962;16;11;2015;14:30;0;RUA JOAQUIM FROTA;;;226;;Colis?úo Transversal;Luz do Dia;;;Meio de Quadra;;;0;1;2;0;0;0;0;0;0;1;0;0;;
263958;16;11;2015;10:15;0;AV MON TABOSA;;;1000;;Colis?úo Traseira;Luz do Dia;;;Meio de Quadra;;;0;1;2;0;1;0;0;0;0;0;0;0;-3,724159000000000;-38,510250000000000
272612;16;11;2015;07:50;0;RUA HIPOLITO PAMPLONA;;;377;;Colis?úo;Luz do Dia;;;Meio de Quadra;;;0;0;2;0;0;0;0;0;0;0;0;0;-3,744879000000000;-38,596137000000000
272615;16;11;2015;09:40;21983;RUA TIRADENTES;RUA GAL BERNARDO FIGUEIREDO;;0;;Colis?úo;Luz do Dia;;;Duplo T;Pare;Residencial;0;0;2;0;0;0;0;0;0;0;0;0;-3,739647000000000;-38,551719000000000
272618;16;11;2015;09:54;0;RUA DOM HELIO CAMPOS D21;;;3572;;Colis?úo;Luz do Dia;;;Meio de Quadra;;;0;0;2;0;0;0;0;0;0;0;0;0;;
272620;16;11;2015;09:57;0;RUA CEL GUILHERME ALENCAR;;;1592;;Colis?úo;Luz do Dia;;;Meio de Quadra;;;0;0;2;0;0;0;0;0;0;0;0;0;-3,841777000000000;-38,493252000000000
272624;16;11;2015;10:58;0;RUA FAUSTO CABRAL;;;849;;Colis?úo;Luz do Dia;;;Meio de Quadra;;;0;0;2;0;0;0;0;0;0;0;0;0;-3,734288000000000;-38,474285000000000
272625;16;11;2015;11:01;0;RUA PESSOA ANTA;;;4333;;Colis?úo;Luz do Dia;;;Meio de Quadra;;;0;0;2;0;0;0;0;0;0;0;0;0;;
272627;16;11;2015;11:04;3778;AV DA UNIVERSIDADE;RUA ANTONIO POMPEU;;0;;Colis?úo;Luz do Dia;;;Cruz;Sem?íforo;Comercial;0;0;2;0;0;0;0;0;0;0;0;0;-3,734083000000000;-38,532908000000000
272629;16;11;2015;12:39;1337;AV SANTOS DUMONT;RUA OSVALDO CRUZ (ALDEOTA);;0;;Colis?úo;Luz do Dia;;;Cruz;Sem?íforo;Comercial;0;0;2;0;0;0;0;0;0;0;0;0;-3,735602000000000;-38,500317000000000
272631;16;11;2015;14:10;1595;RUA GAL TERTULIANO POTYGUARA;RUA BARBOSA DE FREITAS;;0;;Colis?úo;Luz do Dia;;;Cruz;Pare;Residencial;0;0;2;0;0;0;0;0;0;0;0;0;-3,743454000000000;-38,499576000000000
272632;16;11;2015;14:38;0;RUA ALVARO GARRIDO;;;0;;Colis?úo;Luz do Dia;;;Meio de Quadra;;;0;0;2;0;0;0;0;0;0;0;0;0;;
272636;16;11;2015;15:49;11425;RUA MON PAULO D56;RUA PDE FRANCISCO PITA;;0;;Colis?úo;Luz do Dia;;;;;;0;0;2;0;0;0;0;0;0;0;0;0;-3,781162000000000;-38,501096000000000
272634;16;11;2015;14:57;17501;AV ABOLICAO;RUA MANUEL JESUINO;;0;;Colis?úo;Luz do Dia;;;Cruz;Sem?íforo Intermitente;Comercial;0;0;2;0;0;0;0;0;0;0;0;0;-3,725398000000000;-38,484515000000000
263980;16;11;2015;16:05;9216;RUA NAPOLEAO LAUREANO;RUA MARIO MAMEDE;;0;;Colis?úo Lateral;Luz do Dia;;;Cruz;Pare;Residencial;0;0;2;1;0;0;0;0;0;0;0;0;-3,750799000000000;-38,529662000000000
263964;16;11;2015;13:00;1032;AV ENG LEAL LIMA VERDE (SAPIRANGA/COITE);RUA JOAQUIM FROTA;;0;;Colis?úo Transversal;Luz do Dia;;;Rotat??ria;D?¬ Prefer?¬ncia;Residencial;0;0;2;1;0;0;1;0;0;0;0;0;-3,801619000000000;-38,475166000000000