COD_ACIDENTE;DIA;MES;ANO;HORA;INTERSECAO;LOG1;LOG2;LOG3;NUMERO;REFERENCIA;NATUREZA;ILUMINACAO;TEMPO;SUPERFICIEPISTA;TIPOCRUZAMENTO;CONTROLETRAFEGO;USOSOLO;MORTOS;FERIDOS;ILESOS;AUTOMOVEL;ONIBUS;BICICLETA;CAMINHAO;MICROONIBUS;CICLOMOTOR;MOTOCICLETA;TRACAOANIMAL;TREM;LATITUDE;LONGITUDE
264014;16;11;2015;19:00;659;RUA CRUZEIRO DO SUL;RUA ANA FACO;;0;;Colis?úo Lateral;;;;Cruz;N?úo H?í Controle;Misto;0;1;1;1;0;0;0;0;0;0;0;0;-3,714368000000000;-38,562314000000000
264018;16;11;2015;07:45;22951;AV DR SILAS MUNGUBA;RUA DR JUSTA ARAUJO D45;;0;;Colis?úo Traseira;Luz do Dia;;;Cruz;Outros;Comercial;0;0;2;1;0;0;0;0;0;0;0;0;-3,784586000000000;-38,553426000000000
264010;16;11;2015;17:56;0;AV PRS CASTELO BRANCO;;;5555;;Colis?úo Transversal;Anoitecer;;;Meio de Quadra;;;0;0;2;0;0;0;1;0;0;1;0;0;-3,703364000000000;-38,580660000000000
264007;16;11;2015;09:00;0;AV CEL CARVALHO;;;2025;;Colis?úo Lateral;Luz do Dia;;;Meio de Quadra;;;0;1;1;0;0;0;1;0;0;1;0;0;-3,720321000000000;-38,587186000000000
263995;16;11;2015;08:30;15169;AV BEIRA MAR;RUA JOAQUIM NABUCO;;0;;Colis?úo Lateral;Luz do Dia;;;T;Pare;Outros;0;0;3;1;0;0;0;0;0;0;0;0;-3,725387000000000;-38,498120000000000
264003;16;11;2015;14:00;25035;RUA GONCALVES LEDO;RUA ROCHA LIMA;;0;;Colis?úo Lateral;Luz do Dia;;;Cruz;Pare;Residencial;0;0;2;1;0;0;0;0;0;0;0;0;-3,737666000000000;-38,518306000000000
263989;16;11;2015;09:50;1285;AV DOM LUIS;RUA VIS MAUA;;0;;Colis?úo Transversal;Luz do Dia;;;Cruz;Pare;Comercial;0;0;2;1;0;0;0;0;0;0;0;0;-3,732923000000000;-38,498390000000000
263990;16;11;2015;11:05;5030;AV ALM BARROSO;RUA ALM JACEGUAI;;0;;Colis?úo Lateral;Luz do Dia;;;T;Sem?íforo;Lazer;0;0;2;1;1;0;0;0;0;0;0;0;-3,720749000000000;-38,519363000000000
263969;16;11;2015;19:00;0;AV AGUANAMBI;;;1760;;Colis?úo Lateral;;;;Meio de Quadra;;;0;0;2;1;1;0;0;0;0;0;0;0;-3,752061000000000;-38,523395000000000
264024;16;11;2015;09:45;13736;AV ROGACIANO LEITE;RUA PINDORAMA;;0;;Colis?úo Transversal;Luz do Dia;;;Cruz;Sem?íforo;Comercial;0;1;1;1;0;0;0;0;0;0;0;0;-3,773416000000000;-38,498988000000000
264021;16;11;2015;07:30;5440;AV HERACLITO GRACA;RUA RODRIGUES JUNIOR;;0;;Colis?úo Transversal;Luz do Dia;;;Cruz;N?úo H?í Controle;Comercial;0;0;2;1;0;0;0;0;0;0;0;0;-3,734374000000000;-38,521831000000000
264027;16;11;2015;07:20;5121;RUA GUILHERME ROCHA;RUA PDE MORORO;;0;;Colis?úo Transversal;Luz do Dia;;;Cruz;Sem?íforo;Comercial;0;2;0;0;1;0;0;0;0;0;0;0;-3,724033000000000;-38,537045000000000
264028;16;11;2015;23:00;0;RUA CON DE CASTRO;;;2960;;Colis?úo Lateral;;;;Meio de Quadra;;;0;1;1;1;0;0;0;0;0;1;0;0;-3,794792000000000;-38,582477000000000
264029;16;11;2015;09:05;19583;RUA CON DE CASTRO;RUA NEREU RAMOS;;0;;Colis?úo Transversal;Luz do Dia;;;Cruz;Pare;Comercial;0;1;1;0;0;0;0;0;0;1;0;0;-3,784820000000000;-38,573285000000000
264030;16;11;2015;10:15;19331;AV GAL OSORIO DE PAIVA;RUA PRO GOMES BRASIL;;0;;Colis?úo Lateral;Luz do Dia;;;Cruz;Sem?íforo;Comercial;0;0;2;1;1;0;0;0;0;0;0;0;-3,775618000000000;-38,566451000000000
264031;16;11;2015;18:30;0;AV AGUANAMBI;;;1953;;Engavetamento;Anoitecer;;;Meio de Quadra;;;0;1;3;1;0;0;0;0;0;1;0;0;-3,754034000000000;-38,523470000000000
270291;16;11;2015;01:00;12954;RUA BERNARDO MANUEL;AV PRS COSTA E SILVA;;0;;Colis?úo;;;;;;;0;0;1;1;0;0;0;0;0;0;0;0;-3,821079000000000;-38,558276000000000
270305;16;11;2015;10:40;0;RUA CARLOS VASCONCELOS;RUA JOAO CARVALHO;;1620;;Colis?úo;Luz do Dia;;;;;;0;1;1;1;0;0;0;0;0;1;0;0;-3,736172000000000;-38,511819000000000
264032;17;11;2015;09:30;26118;AV ALM MAXIMIANO DA FONSECA;RUA JOSE B PARENTE D59;;0;;Colis?úo Transversal;Luz do Dia;;;T;Pare;Residencial;0;0;2;1;0;0;1;0;0;0;0;0;-3,771301000000000;-38,485100000000000
264034;17;11;2015;08:00;9215;RUA MARIO MAMEDE;RUA EUSEBIO DE SOUZA;;0;;Colis?úo Transversal;Luz do Dia;;;Cruz;Pare;Rural;0;0;3;1;0;0;0;0;0;0;0;0;-3,750310000000000;-38,530237000000000
264035;17;11;2015;16:30;15370;AV DOM LUIS;AV SEN VIRGILIO TAVORA;;0;;Colis?úo Lateral;Luz do Dia;;;Cruz;Sem?íforo;Comercial;0;0;2;1;0;0;0;0;0;0;0;0;-3,734829000000000;-38,492507000000000
264036;17;11;2015;17:30;0;AV BORGES DE MELO;;;60;;Colis?úo Traseira;Anoitecer;;;Meio de Quadra;;;0;0;2;1;0;0;0;0;0;0;0;0;-3,761561000000000;-38,517871000000000
264037;17;11;2015;06:00;9131;AV 13 DE MAIO;RUA BAR ARATANHA;;0;;Colis?úo Transversal;Luz do Dia;;;Cruz;Sem?íforo;Comercial;0;1;1;1;0;0;0;0;0;0;0;0;-3,747615000000000;-38,531331000000000
264040;17;11;2015;05:50;5200;RUA TEN BENEVOLO;RUA GONCALVES LEDO;;0;;Colis?úo Transversal;Amanhecer;;;Cruz;Pare;Residencial;0;3;1;1;0;0;0;0;0;0;0;0;-3,726183000000000;-38,514537000000000
264041;17;11;2015;13:20;15254;RUA VICENTE LEITE;AV ANTONIO JUSTA;;0;;Colis?úo Lateral;Luz do Dia;;;Cruz;Pare;Residencial;0;0;2;1;0;0;0;0;0;0;0;0;-3,728280000000000;-38,492584000000000
264105;17;11;2015;20:40;0;AV AUGUSTO DOS ANJOS;;;0;;Colis?úo Transversal;;;;Meio de Quadra;;;0;1;1;1;0;0;0;0;0;1;0;0;;
264043;17;11;2015;15:25;19152;RUA LAURO NOGUEIRA;RUA BATISTA DE OLIVEIRA;;0;;Colis?úo Lateral;Luz do Dia;;;Cruz;Pare;Misto;0;0;2;1;1;0;0;0;0;0;0;0;-3,740086000000000;-38,478301000000000
264044;17;11;2015;14:40;0;AV ALBERTO CRAVEIRO;;;960;;Colis?úo Lateral;Luz do Dia;;;Meio de Quadra;;;0;0;2;1;0;0;1;0;0;0;0;0;-3,786671000000000;-38,517223000000000
264045;17;11;2015;12:00;22094;AV JOSE BASTOS;RUA DELMIRO FARIAS;;0;;Colis?úo Traseira;Luz do Dia;;;T;Sem?íforo;Outros;0;0;2;1;0;0;1;0;0;0;0;0;-3,748756000000000;-38,549219000000000
264046;17;11;2015;14:00;11761;AV PRS CASTELO BRANCO;RUA JACINTO MATOS;;0;;Colis?úo Traseira;Luz do Dia;;;T;Sem?íforo;Residencial;0;0;2;1;0;0;0;0;0;0;0;0;-3,714630000000000;-38,546333000000000
264047;17;11;2015;21:40;0;AV CEL CARVALHO;;;0;;Colis?úo Lateral;;;;Meio de Quadra;;;0;0;2;1;0;0;0;0;0;0;0;0;;
269276;17;11;2015;23:26;0;RUA GOV JOAO CARLOS;;;40;;Colis?úo;;;;Meio de Quadra;;;0;1;0;0;0;0;0;0;0;0;0;0;-3,776673000000000;-38,551016000000000
269273;17;11;2015;22:14;5140;RUA TEN BENEVOLO;AV DOM MANUEL;;0;;Colis?úo;;;;Cruz;Sem?íforo;Comercial;0;1;0;1;0;0;0;0;0;1;0;0;-3,724540000000000;-38,519888000000000
269274;17;11;2015;22:31;0;AV JOSE BASTOS;;;4400;;Colis?úo;;;;Meio de Quadra;;;0;1;0;1;0;0;0;0;0;1;0;0;-3,755265000000000;-38,555754000000000
269282;17;11;2015;23:50;0;RUA 816 CJ CEARA;;;0;;Queda;;;;Meio de Quadra;;;0;1;0;0;0;0;0;0;0;1;0;0;;
269284;17;11;2015;23:51;2755;RUA CEL VIRGILIO NOGUEIRA (BOM JARDIM);RUA BOM JESUS (GRANJA LISBOA);;0;;Colis?úo;;;;Cruz;Cancela;Misto;0;1;0;0;0;0;0;0;0;0;0;0;-3,791684000000000;-38,609686000000000
269268;17;11;2015;20:05;0;RUA 1 LT ARVOREDO;;;235;;Colis?úo;;;;Meio de Quadra;;;0;1;0;1;0;0;0;0;0;1;0;0;;
269269;17;11;2015;20:44;0;AV D CJ CEARA;;;1041;;Colis?úo;;;;Meio de Quadra;;;0;1;1;1;0;0;0;0;0;1;0;0;-3,760994000000000;-38,603334000000000
269262;17;11;2015;19:17;0;RUA JARDIM FLUMINENSE;;;0;;Colis?úo;;;;Meio de Quadra;;;0;1;0;1;0;0;0;0;0;1;0;0;;
269259;17;11;2015;18:46;0;AV DR SILAS MUNGUBA;;;580;;Colis?úo;;;;Meio de Quadra;;;0;1;0;1;0;0;0;0;0;1;0;0;-3,779962000000000;-38,559897000000000
264168;17;11;2015;08:42;0;AV FRANCISCO SA;;;2767;;Colis?úo Traseira;Luz do Dia;;;Meio de Quadra;;;0;1;2;1;0;0;0;0;1;0;0;0;-3,719747000000000;-38,550288000000000
264176;17;11;2015;14:10;0;AV DR SILAS MUNGUBA;;;1280;;Colis?úo Lateral;Luz do Dia;;;Meio de Quadra;;;0;1;2;0;1;0;1;0;0;1;0;0;-3,782756000000000;-38,554837000000000
264177;17;11;2015;12:30;0;AV GAL OSORIO DE PAIVA;;;1271;;Engavetamento;Luz do Dia;;;Meio de Quadra;;;0;0;3;1;1;0;0;0;0;0;0;0;-3,779658000000000;-38,572881000000000
264150;17;11;2015;09:30;3772;AV DOMINGOS OLIMPIO;RUA VINTE E QUATRO DE MAIO;;0;;Colis?úo Traseira;Luz do Dia;;;T;N?úo H?í Controle;Residencial;0;0;2;1;0;0;0;0;0;0;0;0;-3,735278000000000;-38,535219000000000
264151;17;11;2015;07:00;0;AV JOAO PESSOA;;;6745;;Colis?úo Lateral;Luz do Dia;;;Meio de Quadra;;;0;0;2;1;0;0;0;0;0;1;0;0;-3,770199000000000;-38,561031000000000
264134;17;11;2015;06:15;0;AV PRS COSTA E SILVA;;;2596;;Colis?úo Lateral;Luz do Dia;;;Meio de Quadra;;;0;1;1;1;0;0;0;0;0;1;0;0;-3,820780000000000;-38,559043000000000
264125;17;11;2015;19:30;11573;AV DES FAUSTINO ALBUQUERQUE;RUA MON JOAO LUIS SANTIAGO;;0;;Colis?úo Transversal;;;;Cruz;Pare;Misto;0;1;1;1;0;0;0;0;0;1;0;0;-3,786336000000000;-38,499589000000000
264130;17;11;2015;10:30;7650;AV CARNEIRO DE MENDONCA;RUA BELO HORIZONTE;;0;;Colis?úo Lateral;Luz do Dia;;;Cruz;Pare;Misto;0;0;2;1;0;0;0;0;0;0;0;0;-3,763666000000000;-38,567567000000000
264131;17;11;2015;08:30;0;AV DOS EXPEDICIONARIOS;;;0;;Colis?úo Lateral;Luz do Dia;;;Meio de Quadra;;;0;0;2;1;0;0;0;0;0;0;0;0;;
264128;17;11;2015;10:00;1282;AV SANTOS DUMONT;AV BAR STUDART;;0;;Colis?úo Traseira;Luz do Dia;;;Cruz;Sem?íforo;Comercial;0;1;1;1;0;0;0;0;0;1;0;0;-3,733642000000000;-38,506304000000000
264147;17;11;2015;13:30;0;RUA NOGUEIRA ACIOLI;;;1165;;Colis?úo Lateral;Luz do Dia;;;Meio de Quadra;;;0;0;2;0;0;0;1;0;0;1;0;0;-3,734997000000000;-38,518385000000000
264148;17;11;2015;14:00;8935;AV DOMINGOS OLIMPIO;RUA TEREZA CRISTINA;;0;;Colis?úo Traseira;Luz do Dia;;;Cruz;Sem?íforo;Residencial;0;0;2;1;0;0;0;0;0;0;0;0;-3,734086000000000;-38,538883000000000
264108;17;11;2015;19:30;5265;RUA PEDRO PEREIRA;RUA VINTE E QUATRO DE MAIO;;0;;Colis?úo Transversal;;;;Cruz;Pare;Comercial;0;0;2;1;0;0;0;0;0;0;0;0;-3,728400000000000;-38,532486000000000
264112;17;11;2015;18:00;20042;AV PRS JUSCELINO KUBITSCHEK (PASSAR?ë);AV DR SILAS MUNGUBA;;0;;Colis?úo Lateral;Anoitecer;;;;;;0;0;2;1;1;0;0;0;0;0;0;0;-3,807229000000000;-38,524782000000000
264121;17;11;2015;13:30;0;RUA OSVALDO CRUZ (ALDEOTA);;;0;;Colis?úo Lateral;Luz do Dia;;;Meio de Quadra;;;0;1;1;1;0;0;0;0;0;1;0;0;-3,740321000000000;-38,501837000000000
264119;17;11;2015;10:00;1378;RUA DES LEITE ALBUQUERQUE;RUA OSVALDO CRUZ (ALDEOTA);;0;;Colis?úo Transversal;Luz do Dia;;;Cruz;Pare;Comercial;0;0;2;1;0;0;0;0;0;0;0;0;-3,736598000000000;-38,500640000000000
264116;17;11;2015;15:50;0;AV TRISTAO GONCALVES;;;0;;Colis?úo Transversal;Luz do Dia;;;Meio de Quadra;;;0;2;0;1;0;0;0;0;0;1;0;0;;
266344;17;11;2015;18:57;0;AV ANTONIO SALES;;;0;;Engavetamento;;;;Meio de Quadra;;;0;0;3;1;0;0;0;0;0;0;0;0;;
266440;17;11;2015;23:04;12457;RUA PRO GOMES BRASIL;AV AUGUSTO DOS ANJOS;;0;;Colis?úo;;;;Cruz;Sem?íforo;Comercial;0;0;2;1;1;0;0;0;0;0;0;0;-3,770153000000000;-38,570427000000000
269233;17;11;2015;07:30;0;AV BEZERRA DE MENEZES;;;0;;Atropelamento;Luz do Dia;;;Meio de Quadra;;;0;1;0;0;0;0;0;0;0;1;0;0;;
269229;17;11;2015;06:42;0;AV GAL OSORIO DE PAIVA;;;6741;;Queda;Luz do Dia;;;Meio de Quadra;;;0;1;0;0;0;0;0;0;0;1;0;0;-3,812482000000000;-38,609563000000000
269240;17;11;2015;10:02;0;AV ENG SANTANA JUNIOR;;;765;;Colis?úo;Luz do Dia;;;Meio de Quadra;;;0;1;0;1;0;0;0;0;0;1;0;0;-3,734755000000000;-38,481511000000000
269241;17;11;2015;11:31;0;AV COSTA OESTE;;;5144;;Colis?úo;Luz do Dia;;;Meio de Quadra;;;0;1;0;1;0;0;0;0;0;0;0;0;;
269243;17;11;2015;13:10;0;AV PERIMETRAL;;;2190;;Atropelamento;Luz do Dia;;;Meio de Quadra;;;0;1;0;0;0;0;0;0;0;1;0;0;-3,819419000000000;-38,561880000000000
269254;17;11;2015;17:46;0;RUA PEDRO MELO;;;26;;Colis?úo;Anoitecer;;;Meio de Quadra;;;0;1;0;0;0;0;0;0;0;1;0;0;;
269255;17;11;2015;18:34;0;RUA DELMIRO FARIAS;;;870;;Colis?úo;;;;Meio de Quadra;;;0;1;0;1;0;0;0;0;0;1;0;0;-3,750746000000000;-38,547007000000000
269245;17;11;2015;14:20;0;RUA EMILIA GONCALVES;;;3;;Colis?úo;Luz do Dia;;;Meio de Quadra;;;0;1;0;1;0;0;0;0;0;1;0;0;;
270718;17;11;2015;22:00;0;AV SEN CARLOS JEREISSATI (AEROPORTO);;;0;KM 03;Colis?úo;Via Iluminada;;Seca;Meio de Quadra;;;0;0;2;1;0;0;0;0;0;0;0;0;-3,780382000000000;-38,541414000000000
270756;18;11;2015;14:06;0;RD CE-040;;;0;KM-10;Colis?úo;Luz do Dia;;Seca;Meio de Quadra;;;0;0;2;1;0;0;0;0;0;0;0;0;-3,838671000000000;-38,480068000000000
270736;18;11;2015;08:10;0;RD CE-040;;;0;KM-08;Colis?úo;Luz do Dia;;Seca;Meio de Quadra;;;0;1;1;1;0;1;0;0;0;0;0;0;-3,823332000000000;-38,481317000000000
270748;18;11;2015;13:00;0;RD CE-040;;;0;KM-01;Colis?úo;Luz do Dia;;Seca;Meio de Quadra;;;0;1;1;1;0;0;0;0;0;0;0;0;-3,754877000000000;-38,483270000000000
270741;18;11;2015;11:00;0;RD CE-040;;;0;KM-01;Colis?úo;Luz do Dia;;Seca;Meio de Quadra;;;0;0;2;1;1;0;0;0;0;0;0;0;-3,754877000000000;-38,483270000000000
270746;18;11;2015;07:50;0;RD CE-040;;;0;KM-14;Colis?úo;Luz do Dia;;Seca;Meio de Quadra;;;0;1;1;0;0;0;0;0;0;0;0;0;-3,865526000000000;-38,469235000000000
270730;18;11;2015;07:45;0;RD CE-040;;;0;KM-07;Colis?úo;Luz do Dia;;Seca;Meio de Quadra;;;0;0;2;1;0;0;0;0;0;0;0;0;-3,817953000000000;-38,483160000000000
259389;18;11;2015;07:40;0;RD BR 116;;;5000;KM-05;Colis?úo Traseira;Luz do Dia;Bom;Seca;Meio de Quadra;N?úo H?í Controle;Comercial;0;0;4;1;0;0;0;0;0;0;0;0;-3,796502000000000;-38,506787000000000
259390;18;11;2015;09:50;0;RD BR 116;;;6000;KM-06;Colis?úo Lateral;Luz do Dia;Bom;Seca;Meio de Quadra;N?úo H?í Controle;Comercial;0;0;2;1;0;0;1;0;0;0;0;0;-3,804691000000000;-38,503053000000000
266442;18;11;2015;16:04;0;RUA BAR RIO BRANCO;RUA PDE MIGUELINHO;;0;;Colis?úo;Luz do Dia;;;;;;0;0;2;1;0;0;0;0;0;0;0;0;;
264178;18;11;2015;11:50;0;AV GOV RAUL BARBOSA;;;1330;;Colis?úo;Luz do Dia;;;Meio de Quadra;;;0;0;2;1;0;0;1;0;0;0;0;0;-3,761985000000000;-38,508133000000000
264179;18;11;2015;08:50;0;AV DIOGUINHO;;;1231;;Colis?úo Transversal;Luz do Dia;;;Meio de Quadra;;;0;1;1;1;0;0;0;0;0;1;0;0;-3,728670000000000;-38,460396000000000
264180;18;11;2015;19:40;5357;RUA MAJ FACUNDO;RUA PEDRO I;;0;;Colis?úo Lateral;;;;Cruz;Pare;Comercial;0;0;2;1;0;0;0;0;0;0;0;0;-3,731113000000000;-38,528990000000000
264181;18;11;2015;14:30;0;RUA CEL MATOS DOURADO;;;355;;Colis?úo Traseira;Luz do Dia;;;Meio de Quadra;;;0;0;2;1;0;0;0;0;0;0;0;0;-3,742090000000000;-38,585094000000000
264186;18;11;2015;18:00;17613;RUA ACRE;RUA PIAUI;;0;;Colis?úo Transversal;Anoitecer;;;;;;0;0;2;1;0;0;0;0;0;0;0;0;-3,758417000000000;-38,564044000000000
264187;18;11;2015;06:10;1445;RUA DES LEITE ALBUQUERQUE;RUA VICENTE LEITE;;0;;Colis?úo Transversal;Luz do Dia;;;Cruz;Pare;Comercial;0;1;1;1;1;0;0;0;0;0;0;0;-3,738178000000000;-38,495734000000000
264184;18;11;2015;11:50;0;RUA JABORANDI;;;1628;;Colis?úo Traseira;Luz do Dia;;;Meio de Quadra;;;0;0;2;1;0;0;0;0;0;0;0;0;;
264193;18;11;2015;14:30;748;AV FRANCISCO SA;RUA FRANCISCO CALACA;;0;;Colis?úo Transversal;Luz do Dia;;;Y;Pare;Comercial;0;1;1;1;0;0;0;0;0;1;0;0;-3,712310000000000;-38,572275000000000
264211;18;11;2015;16:30;1510;AV JULIO VENTURA;RUA JOSE VILAR;;0;;Colis?úo Traseira;Luz do Dia;;;Cruz;Sem?íforo;Comercial;0;0;2;1;0;0;0;0;0;0;0;0;-3,739985000000000;-38,506014000000000
264212;18;11;2015;07:04;20076;RUA OITICICAS;RUA MANDACARUS D68;;0;;Colis?úo Lateral;Luz do Dia;;;Rotat??ria;Pare;Residencial;0;1;1;1;0;0;0;0;0;1;0;0;-3,808330000000000;-38,536802000000000
264213;18;11;2015;10:40;0;RUA GAL ONOFRE;;;1231;;Colis?úo Lateral;Luz do Dia;;;Meio de Quadra;;;0;2;0;0;0;0;0;0;0;1;0;0;;
264195;18;11;2015;13:30;20042;AV DR SILAS MUNGUBA;AV PRS JUSCELINO KUBITSCHEK (PASSAR?ë);;0;;Colis?úo Traseira;Luz do Dia;;;;;;0;0;2;1;0;0;0;0;0;0;0;0;-3,807229000000000;-38,524782000000000
264196;18;11;2015;23:00;1250;AV BAR STUDART;RUA COSTA BARROS;;0;;Colis?úo Transversal;;;;Cruz;Sem?íforo;Comercial;0;1;2;1;1;0;0;0;0;0;0;0;-3,732231000000000;-38,505837000000000
264197;18;11;2015;17:30;0;AV LINEU MACHADO;;;840;;Colis?úo Lateral;Anoitecer;;;Meio de Quadra;;;0;0;2;1;0;0;1;0;0;0;0;0;-3,767479000000000;-38,577722000000000
264198;18;11;2015;17:30;0;AV LINEU MACHADO;;;900;;Colis?úo;Anoitecer;;;Meio de Quadra;;;0;1;2;1;0;0;0;0;0;1;0;0;-3,767659000000000;-38,577824000000000
264189;18;11;2015;16:00;0;AV CASTELO DE CASTRO;;;1607;;Colis?úo Lateral;Luz do Dia;;;Meio de Quadra;;;0;1;1;0;1;0;0;0;0;1;0;0;-3,842543000000000;-38,521606000000000
264190;18;11;2015;17:15;0;AV DOS EXPEDICIONARIOS;;;0;;Colis?úo Lateral;Anoitecer;;;Meio de Quadra;;;0;0;3;1;0;0;0;0;0;0;0;0;;
264191;18;11;2015;11:00;0;AV TRISTAO GONCALVES;;;1349;;Colis?úo Lateral;Luz do Dia;;;Meio de Quadra;;;0;0;2;1;1;0;0;0;0;0;0;0;-3,733467000000000;-38,535111000000000
264201;18;11;2015;06:30;5091;RUA GAL SAMPAIO;RUA CASTRO E SILVA;;0;;Colis?úo Lateral;Luz do Dia;;;Cruz;Sem?íforo;Comercial;0;0;2;0;1;0;0;0;0;0;0;0;-3,723098000000000;-38,529670000000000
264202;18;11;2015;09:00;6810;RUA BENTO ALBUQUERQUE;RUA JOSE BORBA VASCONCELOS;;0;;Colis?úo Lateral;Luz do Dia;;;Cruz;Outros;Outros;0;0;2;1;0;0;0;0;0;0;0;0;-3,747266000000000;-38,472258000000000
264203;18;11;2015;12:20;15804;RUA ANTONINO BARROS;RUA PERGENTINO MAIA;;0;;Colis?úo Transversal;Luz do Dia;;;Cruz;Pare;Comercial;0;1;2;1;0;1;0;0;0;0;0;0;-3,831390000000000;-38,488977000000000
264204;18;11;2015;07:50;11057;AV DR SILAS MUNGUBA;AV DOS EXPEDICIONARIOS;;0;;Colis?úo Transversal;Luz do Dia;;;Cruz;Cancela;Comercial;0;1;1;0;1;0;0;0;0;0;0;0;-3,787538000000000;-38,547960000000000
264205;18;11;2015;15:15;15357;RUA LEONARDO MOTA;RUA PEREIRA VALENTE;;0;;Colis?úo Lateral;Luz do Dia;;;Cruz;Pare;Misto;0;0;2;1;0;0;0;0;0;0;0;0;-3,732885000000000;-38,495134000000000
264206;18;11;2015;22:31;10999;RUA 15 DE NOVEMBRO;RUA ALBERTO MAGNO;;0;;Colis?úo;;;;Cruz;Pare;Residencial;0;0;2;1;0;0;0;0;0;0;0;0;-3,769909000000000;-38,553169000000000
264207;18;11;2015;07:30;13534;RUA JOAO CORDEIRO;AV SORIANO ALBUQUERQUE;;0;;Colis?úo Lateral;Luz do Dia;;;Cruz;Pare;Residencial;0;0;2;1;0;0;0;0;0;0;0;0;-3,747871000000000;-38,519458000000000
264208;18;11;2015;09:30;5343;RUA PDE IBIAPINA;AV BEZERRA DE MENEZES;;0;;Colis?úo Traseira;Luz do Dia;;;Cruz;Sem?íforo;Comercial;0;0;2;1;0;0;0;0;0;0;0;0;-3,730548000000000;-38,539973000000000
264209;18;11;2015;09:30;0;RUA DA SAUDADE D04;;;402;;Colis?úo Traseira;Luz do Dia;;;Meio de Quadra;;;0;0;2;1;0;0;0;0;0;0;0;0;;
269285;18;11;2015;06:20;0;RUA CASTRO E SILVA;;;0;;Colis?úo;Luz do Dia;;;Meio de Quadra;;;0;1;0;1;1;0;0;0;0;0;0;0;;
269287;18;11;2015;06:50;0;RUA PDE PEDRO DE ALENCAR;;;0;;Colis?úo;Luz do Dia;;;Meio de Quadra;;;0;1;0;1;0;0;0;0;0;1;0;0;;
269303;18;11;2015;12:04;1388;AV SANTOS DUMONT;RUA LEONARDO MOTA;;0;;Queda;Luz do Dia;;;Cruz;Sem?íforo;Comercial;0;1;0;0;0;0;0;0;0;1;0;0;-3,736857000000000;-38,496397000000000
269301;18;11;2015;11:12;0;AV LINEU MACHADO;;;811;;Choque c/ Obst?ículo Fixo;Luz do Dia;;;Meio de Quadra;;;0;1;0;0;0;0;0;0;0;1;0;0;-3,767289000000000;-38,577622000000000
269307;18;11;2015;12:09;5247;AV IMPERADOR;RUA PEDRO PEREIRA;;0;;Queda;Luz do Dia;;;Cruz;Sem?íforo;Comercial;0;1;0;0;0;0;0;0;0;1;0;0;-3,727714000000000;-38,534609000000000
269309;18;11;2015;12:19;0;AV GODOFREDO MACIEL;;;4000;;Colis?úo;Luz do Dia;;;Meio de Quadra;;;0;1;0;1;0;0;0;0;0;1;0;0;-3,809372000000000;-38,573939000000000
269352;18;11;2015;21:44;0;AV JOAO PESSOA;;;4979;;Colis?úo;;;;Meio de Quadra;;;0;1;0;0;0;0;0;0;0;0;0;0;;
269337;18;11;2015;16:32;7909;AV DES MOREIRA;RUA FRANCISCO HOLANDA;;0;;Queda;Luz do Dia;;;Cruz;Sem?íforo;Residencial;0;1;0;0;0;1;0;0;0;0;0;0;-3,749355000000000;-38,502540000000000
269341;18;11;2015;18:11;0;AV PRS CASTELO BRANCO;;;1465;COL. MARC?ìLIO DIAS;Atropelamento;Anoitecer;;;Meio de Quadra;;;0;1;0;0;0;0;0;0;0;1;0;0;;
269347;18;11;2015;20:53;0;RUA PRO JOSE DE BARCELOS;;;739;;Queda;;;;Meio de Quadra;;;0;1;0;0;0;0;0;0;0;1;0;0;-3,737294000000000;-38,550186000000000
272649;18;11;2015;15:21;5250;RUA PEDRO I;RUA AGAPITO DOS SANTOS;;0;;Colis?úo;Luz do Dia;;;Cruz;Pare;Comercial;0;0;2;0;0;0;0;0;0;0;0;0;-3,727789000000000;-38,539337000000000
272650;18;11;2015;16:46;19291;RUA ARARIPE PRATA;RUA GUILHERME PERDIGAO;;0;;Colis?úo;Luz do Dia;;;Cruz;Pare;Residencial;0;0;2;0;0;0;0;0;0;0;0;0;-3,774315000000000;-38,569659000000000
272641;18;11;2015;12:34;5348;RUA PDE MORORO;RUA METON DE ALENCAR;;0;;Colis?úo;Luz do Dia;;;T;N?úo H?í Controle;Comercial;0;0;2;0;0;0;0;0;0;0;0;0;-3,730892000000000;-38,539143000000000
264292;18;11;2015;10:44;0;RUA VALPARAISO;;;160;EMEIF MARIETA CALS;Colis?úo Transversal;Luz do Dia;;;Meio de Quadra;;;1;1;1;0;0;0;1;0;0;1;0;0;-3,845773000000000;-38,523560000000000
264296;18;11;2015;09:00;0;RUA BAR RIO BRANCO;;;906;;Outros;Luz do Dia;;;Meio de Quadra;;;0;1;1;1;0;0;0;0;0;1;0;0;-3,726362000000000;-38,528234000000000