COD_ACIDENTE;DIA;MES;ANO;HORA;INTERSECAO;LOG1;LOG2;LOG3;NUMERO;REFERENCIA;NATUREZA;ILUMINACAO;TEMPO;SUPERFICIEPISTA;TIPOCRUZAMENTO;CONTROLETRAFEGO;USOSOLO;MORTOS;FERIDOS;ILESOS;AUTOMOVEL;ONIBUS;BICICLETA;CAMINHAO;MICROONIBUS;CICLOMOTOR;MOTOCICLETA;TRACAOANIMAL;TREM;LATITUDE;LONGITUDE
264297;18;11;2015;20:00;8954;AV DOMINGOS OLIMPIO;RUA DOM JERONIMO D06;;0;;Colis?úo Transversal;;;;Cruz;Pare;Residencial;0;0;2;1;0;0;0;0;0;0;0;0;-3,733201000000000;-38,543457000000000
264299;19;11;2015;16:30;0;RUA ANA BILHAR;;;770;;Colis?úo Traseira;Luz do Dia;;;Meio de Quadra;;;0;1;1;1;0;0;0;0;0;1;0;0;-3,730235000000000;-38,493293000000000
264300;19;11;2015;10:20;26077;AV DUQ CAXIAS;AV JOSE JATAHY;;0;;Colis?úo Lateral;Luz do Dia;;;T;Pare;Comercial;0;0;2;1;0;0;0;0;0;0;0;0;;
264306;19;11;2015;18:20;0;AV DR SILAS MUNGUBA;;;1401;;Queda;Anoitecer;;;Meio de Quadra;;;0;1;0;0;0;0;0;0;0;1;0;0;-3,783797000000000;-38,554015000000000
264303;19;11;2015;18:15;0;RUA BENTO ALBUQUERQUE;;;0;;Colis?úo Transversal;Anoitecer;;;Meio de Quadra;;;0;0;2;0;1;0;0;0;0;0;0;0;;
264314;19;11;2015;18:30;22009;RUA FRANCISCA CLOTILDE;RUA TIRADENTES;;0;;Colis?úo Transversal;Anoitecer;;;Cruz;N?úo H?í Controle;Residencial;0;0;2;1;0;0;0;0;0;0;0;0;-3,740470000000000;-38,550861000000000
264312;19;11;2015;19:00;23002;RUA PRA HELOISA F LIMA;RUA VILA RICA;;0;;Colis?úo Transversal;;;;Cruz;Pare;Outros;0;0;2;1;1;0;0;0;0;0;0;0;-3,787573000000000;-38,545724000000000
264310;19;11;2015;00:05;0;AV JOAO DE ARAUJO LIMA;;;370;;Colis?úo Lateral;;;;Meio de Quadra;;;0;1;1;0;0;0;0;1;0;1;0;0;-3,824448000000000;-38,558822000000000
264308;19;11;2015;13:30;1557;RUA BARBOSA DE FREITAS;RUA CAROLINA SUCUPIRA;;0;;Colis?úo Transversal;Luz do Dia;;;Cruz;Pare;Residencial;0;0;2;1;0;0;0;0;0;0;0;0;-3,741517000000000;-38,498942000000000
264395;19;11;2015;16:00;13375;RUA HENRIQUE RABELO;AV ANTONIO SALES;;0;;Colis?úo Transversal;Luz do Dia;;;Cruz;Pare;Comercial;0;0;2;1;0;0;0;0;0;0;0;0;-3,739540000000000;-38,521352000000000
264377;19;11;2015;22:30;0;AV 13 DE MAIO;;;2835;;Colis?úo Traseira;;;;Meio de Quadra;;;0;0;2;1;0;0;0;0;0;0;0;0;-3,739751000000000;-38,540529000000000
264365;19;11;2015;13:30;348;RUA CESAR FONTENELE;RUA PRO LINO ENCARNACAO;;0;;Colis?úo Transversal;Luz do Dia;;;Cruz;Pare;Misto;0;1;1;1;0;0;0;0;0;1;0;0;-3,746359000000000;-38,559596000000000
264354;19;11;2015;07:20;5415;RUA GAL CLARINDO DE QUEIROZ;RUA FLORIANO PEIXOTO;;0;;Colis?úo Transversal;Luz do Dia;;;Cruz;Pare;Comercial;0;0;2;1;0;0;0;0;0;0;0;0;-3,733049000000000;-38,529027000000000
264357;19;11;2015;23:00;9099;AV EDUARDO GIRAO;RUA MIN JOAQUIM BASTOS D14;;0;;Colis?úo Transversal;;;;;;;0;0;2;1;0;0;0;0;0;0;0;0;-3,755700000000000;-38,525973000000000
264363;19;11;2015;08:40;0;AV GODOFREDO MACIEL;;;656;;Colis?úo;Luz do Dia;;;Meio de Quadra;;;0;1;1;1;0;1;0;0;0;0;0;0;-3,782142000000000;-38,565498000000000
264374;19;11;2015;13:10;15371;AV DOM LUIS;RUA PRO DIAS DA ROCHA;;0;;Colis?úo Transversal;Luz do Dia;;;Cruz;Pare;Comercial;0;1;1;1;0;0;0;0;0;1;0;0;-3,735126000000000;-38,491572000000000
264375;19;11;2015;15:00;0;AV PDE ANTONIO TOMAS;;;920;;Colis?úo Lateral;Luz do Dia;;;;;;0;0;2;1;1;0;0;0;0;0;0;0;-3,741462000000000;-38,495650000000000
264322;19;11;2015;05:30;0;AV JOVITA FEITOSA;;;520;;Choque c/ Obst?ículo Fixo;Amanhecer;;;Meio de Quadra;;;0;1;0;1;0;0;0;0;0;0;0;0;-3,738237000000000;-38,548656000000000
264317;19;11;2015;18:00;20042;AV ALBERTO CRAVEIRO;AV DEP PAULINO ROCHA;;0;;Colis?úo Traseira;Anoitecer;;;;;;0;0;2;1;0;0;0;0;0;0;0;0;-3,807229000000000;-38,524782000000000
264319;19;11;2015;19:44;0;RUA DES PRAXEDES;;;1310;;Colis?úo Transversal;;;;Meio de Quadra;;;0;2;1;1;0;1;0;0;0;0;0;0;-3,763060000000000;-38,542797000000000
264320;19;11;2015;09:00;0;AV DOM MANUEL;;;0;;Colis?úo Traseira;Luz do Dia;;;Meio de Quadra;;;0;0;2;1;0;0;0;0;0;0;0;0;;
264351;19;11;2015;16:00;5039;RUA PESSOA ANTA;AV ALBERTO NEPOMUCENO;;0;;Colis?úo Lateral;Luz do Dia;;;Cruz;Sem?íforo;Comercial;0;0;2;1;0;0;0;0;0;0;0;0;-3,721257000000000;-38,523212000000000
264348;19;11;2015;08:30;0;AV CEL CARVALHO;;;0;;Colis?úo Transversal;Luz do Dia;;;Meio de Quadra;;;0;0;2;1;0;0;1;0;0;0;0;0;;
264344;19;11;2015;16:20;9139;RUA CEL PERGENTINO FERREIRA;RUA MON OTAVIO CASTRO;;0;;Colis?úo Transversal;Luz do Dia;;;Cruz;Pare;Comercial;0;1;1;0;0;0;0;1;0;1;0;0;-3,748970000000000;-38,526704000000000
264340;19;11;2015;13:10;9021;RUA CEL SOLON;AV FELINO BARROSO;;0;;Colis?úo Transversal;Luz do Dia;;;Cruz;Pare;Comercial;0;1;1;0;0;0;0;0;0;1;0;0;-3,743154000000000;-38,528653000000000
264327;19;11;2015;08:30;0;AV PRS JUSCELINO KUBITSCHEK (PASSAR?ë);;;0;;Colis?úo Lateral;Luz do Dia;;;Meio de Quadra;;;0;1;1;0;0;0;0;0;0;1;0;0;;
264425;19;11;2015;12:18;19833;AV JOVITA FEITOSA;AV ENG HUMBERTO MONTE;;0;;Colis?úo Transversal;Luz do Dia;;;Cruz;Sem?íforo;Comercial;0;0;2;1;0;0;0;0;0;0;0;0;-3,741963000000000;-38,566544000000000
264421;19;11;2015;08:20;7894;RUA VICENTE LEITE;RUA PRO FRANCISCO GONCALVES;;0;;Colis?úo Transversal;Luz do Dia;;;Cruz;Pare;Escola;0;0;2;1;0;0;0;0;0;0;0;0;-3,747615000000000;-38,498773000000000
264419;19;11;2015;15:20;0;AV JOAO DE ARAUJO LIMA;;;0;;Colis?úo Lateral;Luz do Dia;;;Meio de Quadra;;;0;0;2;1;0;0;1;0;0;0;0;0;;
264416;19;11;2015;09:50;13491;RUA CEL ALVES TEIXEIRA;RUA JOAO CORDEIRO;;0;;Colis?úo Traseira;Luz do Dia;;;Cruz;Pare;Residencial;0;1;1;1;0;0;0;0;0;1;0;0;-3,745411000000000;-38,519336000000000
264411;19;11;2015;17:30;0;AV DOS EXPEDICIONARIOS;;;9970;;Colis?úo Traseira;Anoitecer;;;Meio de Quadra;;;0;0;2;1;0;0;1;0;0;0;0;0;-3,804543000000000;-38,553161000000000
264409;19;11;2015;15:20;19721;RUA GUSTAVO SAMPAIO;RUA AMADEU FURTADO;;0;;Colis?úo Transversal;Luz do Dia;;;Cruz;Pare;Rural;0;0;2;1;0;0;0;0;0;1;0;0;-3,736786000000000;-38,563828000000000
264406;19;11;2015;18:00;17366;RUA EDITE BRAGA;RUA ROMEU MARTINS;;0;;Choque c/ Obst?ículo Fixo;Anoitecer;;;Cruz;Pare;Residencial;0;1;1;1;0;0;0;0;0;1;0;0;-3,766408000000000;-38,552486000000000
264398;19;11;2015;13:35;0;AV LUCIANO CARNEIRO;;;635;;Colis?úo Traseira;Luz do Dia;;;Meio de Quadra;;;0;0;4;1;0;0;0;0;0;0;0;0;-3,754604000000000;-38,533531000000000
264386;19;11;2015;14:15;5234;RUA NOGUEIRA ACIOLI;RUA PEREIRA FILGUEIRAS;;0;;Colis?úo Lateral;Luz do Dia;;;Cruz;Pare;Residencial;0;0;2;1;0;0;0;0;0;0;0;0;-3,727333000000000;-38,516029000000000
270335;19;11;2015;10:11;5709;AV OLIVEIRA PAIVA;AV DES GONZAGA;;0;;Colis?úo;Luz do Dia;;;Cruz;Sem?íforo;Lazer;0;0;1;1;0;0;0;0;0;0;0;0;-3,797165000000000;-38,499953000000000
270338;19;11;2015;21:00;0;AV PRS CASTELO BRANCO;;;4571;;Colis?úo;;;;Meio de Quadra;;;0;0;1;0;0;0;0;0;0;1;0;0;-3,706777000000000;-38,572864000000000
272667;19;11;2015;11:03;3160;RUA RISO DO PRADO;RUA THOMPSON GONCALVES;;0;;Colis?úo;Luz do Dia;;;Cruz;N?úo H?í Controle;Residencial;0;0;2;0;0;0;0;0;0;0;0;0;-3,778881000000000;-38,581757000000000
272669;19;11;2015;11:09;0;AV FRANCISCO SA;;;4535;;Colis?úo;Luz do Dia;;;Meio de Quadra;;;0;0;2;0;0;0;0;0;0;0;0;0;;
269354;19;11;2015;06:33;25134;RUA VALMIR PONTES;RUA FRANCISCO SEGUNDO DA COSTA;;0;;Atropelamento;Luz do Dia;;;Cruz;N?úo H?í Controle;Misto;0;1;0;0;0;0;0;0;0;1;0;0;-3,771114000000000;-38,478525000000000
269355;19;11;2015;06:35;25003;AV SGT HERMINIO SAMPAIO;AV DR THEBERGE;;0;;Atropelamento;Luz do Dia;;;Cruz;Sem?íforo;Residencial;1;0;1;0;0;0;0;0;0;1;0;0;-3,727916000000000;-38,569276000000000
269360;19;11;2015;06:49;0;AV GAL OSORIO DE PAIVA;;;8820;;Atropelamento;Luz do Dia;;;Meio de Quadra;;;0;1;0;0;0;0;0;0;0;1;0;0;;
269363;19;11;2015;07:05;0;RUA 1 LT ARVOREDO;;;908;;Colis?úo;Luz do Dia;;;Meio de Quadra;;;0;1;0;1;0;0;0;0;0;1;0;0;;
269370;19;11;2015;10:05;0;RUA 1 LT ARVOREDO;;;460;;Queda;Luz do Dia;;;Meio de Quadra;;;0;1;0;0;0;0;0;0;0;1;0;0;;
269376;19;11;2015;10:48;0;RUA AFRODISIO GONDIM;;;335;;Colis?úo;Luz do Dia;;;Meio de Quadra;;;0;1;0;1;0;0;0;0;0;1;0;0;-3,756953000000000;-38,545946000000000
269384;19;11;2015;13:15;348;RUA PRO LINO ENCARNACAO;RUA CESAR FONTENELE;;0;;Colis?úo;Luz do Dia;;;Cruz;Pare;Misto;0;1;0;1;0;0;0;0;0;1;0;0;-3,746359000000000;-38,559596000000000
269388;19;11;2015;13:45;0;AV CARAPINIMA;;;2085;;Queda;Luz do Dia;;;Meio de Quadra;;;0;1;0;0;0;0;0;0;0;1;0;0;-3,738945000000000;-38,539114000000000
269390;19;11;2015;15:35;3779;RUA VINTE E QUATRO DE MAIO;RUA ANTONIO POMPEU;;0;;Colis?úo;Luz do Dia;;;Cruz;Pare;Comercial;0;1;0;1;0;0;0;0;0;1;0;0;-3,733667000000000;-38,534186000000000
269412;19;11;2015;21:36;0;AV DES GONZAGA;;;507;;Colis?úo;;;;Meio de Quadra;;;0;1;0;1;0;0;0;0;0;1;0;0;;
269407;19;11;2015;18:07;0;RUA ROMEU MARTINS;;;690;;Colis?úo;Anoitecer;;;Meio de Quadra;;;0;1;0;1;0;0;0;0;0;1;0;0;-3,766326000000000;-38,552600000000000
269398;19;11;2015;17:58;0;RD BR 116;;;6300;KM-03;Colis?úo;Anoitecer;;;Meio de Quadra;;;0;1;0;1;0;0;0;0;0;1;0;0;;
269396;19;11;2015;17:44;0;RUA PDE PERDIGAO SAMPAIO;;;526;;Colis?úo;Anoitecer;;;Meio de Quadra;;;0;1;0;1;0;0;0;0;0;1;0;0;-3,741237000000000;-38,594495000000000
269394;19;11;2015;16:35;0;RUA JOSE HIPOLITO;;;3595;;Colis?úo;Luz do Dia;;;Meio de Quadra;;;0;1;0;0;0;0;0;0;0;0;0;0;;
269392;19;11;2015;16:31;0;RUA 111 CJ CEARA;;;0;;Colis?úo;Luz do Dia;;;Meio de Quadra;;;0;1;0;0;0;0;0;0;0;0;0;0;;
266445;19;11;2015;08:07;0;AV ALBERTO CRAVEIRO;;;0;;Colis?úo;Luz do Dia;;;Meio de Quadra;;;0;0;2;1;0;0;0;0;0;1;0;0;;
266446;19;11;2015;09:27;0;RD CE-090;;;0;;Colis?úo;Luz do Dia;;;Meio de Quadra;;;0;0;2;1;0;0;0;0;0;0;0;0;;
266450;19;11;2015;17:08;0;AV SANTOS DUMONT;;;0;;Colis?úo;Anoitecer;;;Meio de Quadra;;;0;0;2;1;0;0;0;0;0;0;0;0;;
259391;19;11;2015;17:50;0;RD BR 116;;;3000;KM-03;Colis?úo Traseira;Anoitecer;Bom;Seca;Meio de Quadra;N?úo H?í Controle;Comercial;0;2;1;0;0;0;0;0;0;1;0;0;-3,779838000000000;-38,514372000000000
270773;19;11;2015;08:30;0;RD CE-040;;;0;KM-07;Queda;Luz do Dia;;Seca;Meio de Quadra;;;0;1;0;0;0;0;0;0;0;1;0;0;-3,817953000000000;-38,483160000000000
270778;19;11;2015;18:50;0;AV SEN CARLOS JEREISSATI (AEROPORTO);;;0;KM 03;Colis?úo;Via Iluminada;;Seca;Meio de Quadra;;;0;1;1;0;0;0;0;0;0;1;0;0;-3,780382000000000;-38,541414000000000
264580;20;11;2015;07:40;0;RUA CEL FRANCISCO RIBEIRO;;;0;;Colis?úo Lateral;Luz do Dia;;;Meio de Quadra;;;0;0;2;1;1;0;0;0;0;0;0;0;;
264572;20;11;2015;07:30;0;RUA PDE PEDRO DE ALENCAR;;;1881;;Colis?úo Traseira;Luz do Dia;;;Meio de Quadra;;;0;2;1;1;0;0;0;0;0;1;0;0;-3,844728000000000;-38,494443000000000
264624;20;11;2015;07:10;0;AV 13 DE MAIO;;;2081;;Colis?úo Lateral;Luz do Dia;;;Meio de Quadra;;;0;1;1;1;0;0;0;0;1;0;0;0;-3,743896000000000;-38,535688000000000
264629;20;11;2015;08:30;1324;RUA DR JOSE LOURENCO;RUA TORRES CAMARA;;0;;Colis?úo Lateral;Luz do Dia;;;Cruz;Pare;Residencial;0;0;2;1;0;0;0;0;0;0;0;0;-3,735281000000000;-38,508053000000000
264630;20;11;2015;15:50;5234;RUA NOGUEIRA ACIOLI;RUA PEREIRA FILGUEIRAS;;0;;Colis?úo Transversal;Luz do Dia;;;Cruz;Pare;Residencial;1;1;1;1;0;0;0;0;0;0;0;0;-3,727333000000000;-38,516029000000000
264631;20;11;2015;19:30;15354;RUA CANUTO DE AGUIAR;RUA FREDERICO BORGES;;0;;Colis?úo Transversal;;;;Cruz;N?úo H?í Controle;Comercial;0;1;1;1;0;0;0;0;0;1;0;0;-3,732629000000000;-38,489246000000000
264621;20;11;2015;01:00;25420;AV ALM HENRIQUE SABOIA;RUA PRO SILAS RIBEIRO;;0;;Colis?úo Traseira;;;;T;Sem?íforo Intermitente;Comercial;0;0;2;1;0;0;0;0;0;0;0;0;;
264615;20;11;2015;07:40;0;AV AMERICO BARREIRA;;;7510;;Colis?úo Traseira;Luz do Dia;;;Meio de Quadra;;;0;1;1;1;0;0;0;0;0;1;0;0;;
264600;20;11;2015;06:30;0;AV DOM MANUEL;;;1260;;Colis?úo Traseira;Luz do Dia;;;Meio de Quadra;;;0;0;2;1;0;0;0;0;0;0;0;0;-3,735236000000000;-38,523349000000000
264603;20;11;2015;14:20;22930;RUA BERNARDO MANUEL;RUA LEAO TREZE;;0;;Colis?úo Frontal;Luz do Dia;;;Cruz;Pare;Comercial;0;0;2;1;0;0;0;0;0;0;0;0;-3,783394000000000;-38,546723000000000
264604;20;11;2015;14:20;20088;AV PRS JUSCELINO KUBITSCHEK (PASSAR?ë);RUA BEM VINDA;;0;;Colis?úo Lateral;Luz do Dia;;;T;Pare;Residencial;0;0;2;0;0;0;0;0;0;0;0;0;-3,808758000000000;-38,526174000000000
264613;20;11;2015;13:10;1432;AV SANTOS DUMONT;AV SEN VIRGILIO TAVORA;;0;;Colis?úo Lateral;Luz do Dia;;;Cruz;Sem?íforo;Comercial;0;0;2;1;1;0;0;0;0;0;0;0;-3,737828000000000;-38,493482000000000
264610;20;11;2015;15:00;5121;RUA GUILHERME ROCHA;RUA PDE MORORO;;0;;Colis?úo Transversal;Luz do Dia;;;Cruz;Sem?íforo;Comercial;0;1;1;1;0;0;0;0;0;0;0;0;-3,724033000000000;-38,537045000000000
264619;20;11;2015;10:50;26025;RUA CON DE CASTRO;RUA JOAO AMORA;;0;;Colis?úo Lateral;Luz do Dia;;;Duplo T;Pare;Residencial;0;0;2;1;0;0;0;0;0;1;0;0;-3,799546000000000;-38,586909000000000
264596;20;11;2015;10:15;0;AV PRS CASTELO BRANCO;;;0;;Colis?úo Lateral;Luz do Dia;;;Meio de Quadra;;;0;0;2;1;0;0;0;0;0;0;0;0;;
264585;20;11;2015;07:20;24240;RUA FAUSTO CABRAL;RUA JOSE CARLOS GURGEL NOGUEIRA;;0;;Colis?úo Lateral;Luz do Dia;;;Cruz;Pare;Misto;0;1;1;1;0;0;0;0;0;1;0;0;-3,734195000000000;-38,474615000000000
266455;20;11;2015;10:57;0;RUA TRES MARIAS D39 (MONTESE);;;0;;Colis?úo;Luz do Dia;;;Meio de Quadra;;;0;0;2;1;0;0;1;0;0;0;0;0;;
266462;20;11;2015;21:41;0;AV ABOLICAO;AV BAR STUDART;;0;;Colis?úo;;;;;;;0;0;2;0;1;0;0;0;0;0;0;0;;
269414;20;11;2015;06:57;15832;RUA TEN JURANDIR ALENCAR;RUA PDE PEDRO DE ALENCAR;;0;;Colis?úo;Luz do Dia;;;Cruz;Sem?íforo;Comercial;0;1;0;1;0;0;0;0;0;1;0;0;-3,832741000000000;-38,494029000000000
269421;20;11;2015;07:39;0;AV DOS EXPEDICIONARIOS;;;4749;;Colis?úo;Luz do Dia;;;Meio de Quadra;;;0;1;0;0;0;0;0;0;0;0;0;0;-3,760758000000000;-38,539921000000000
269462;20;11;2015;08:32;0;AV CEL CARVALHO;;;833;;Atropelamento;Luz do Dia;;;Meio de Quadra;;;0;1;0;1;0;0;0;0;0;0;0;0;;
269454;20;11;2015;08:30;0;AV GAL OSORIO DE PAIVA;;;0;;Colis?úo;Luz do Dia;;;Meio de Quadra;;;0;1;0;0;0;0;0;0;0;0;0;0;;
272672;20;11;2015;11:46;0;AV GODOFREDO MACIEL;;;2900;;Atropelamento;Luz do Dia;;;Meio de Quadra;;;0;0;2;0;0;0;0;0;0;0;0;0;-3,799452000000000;-38,570835000000000
272673;20;11;2015;11:54;0;RUA EDUARDO PORTO;;;106;;Colis?úo;Luz do Dia;;;Meio de Quadra;;;0;0;2;0;0;0;0;0;0;0;0;0;-3,832713000000000;-38,495267000000000
272674;20;11;2015;12:30;0;RUA MONTE PASCOAL;;;1091;;Colis?úo;Luz do Dia;;;Meio de Quadra;;;0;0;2;0;0;0;0;0;0;0;0;0;;
272675;20;11;2015;13:52;0;RUA TRANSVERSAL UI 309;;;600;;Colis?úo;Luz do Dia;;;Meio de Quadra;;;0;0;2;0;0;0;0;0;0;0;0;0;;
272676;20;11;2015;14:08;1032;AV ENG LEAL LIMA VERDE (SAPIRANGA/COITE);RUA JOAQUIM FROTA;;0;;Colis?úo;Luz do Dia;;;Rotat??ria;D?¬ Prefer?¬ncia;Residencial;0;0;2;0;0;0;0;0;0;0;0;0;-3,801619000000000;-38,475166000000000
272677;20;11;2015;15:12;25044;RUA ARGENTINA;AV ENG HUMBERTO MONTE;;0;;Colis?úo;Luz do Dia;;;Cruz;Sem?íforo;Comercial;0;0;2;0;0;0;0;0;0;0;0;0;-3,746008000000000;-38,563090000000000
272678;20;11;2015;17:59;0;RUA ANTENOR ROCHA ALEXANDRE;;;0;;Colis?úo;Anoitecer;;;Meio de Quadra;;;0;0;2;0;0;0;0;0;0;0;0;0;;
272679;20;11;2015;18:09;0;RUA SAO RAIMUNDO D71;;;0;;Colis?úo;Anoitecer;;;Meio de Quadra;;;0;0;2;0;0;0;0;0;0;0;0;0;;
269550;20;11;2015;20:03;6818;RUA FRANCISCO MATOS;RUA DR GILBERTO STUDART;;0;;Colis?úo;;;;Cruz;Pare;Residencial;0;1;0;0;0;0;0;0;0;0;0;0;-3,747084000000000;-38,470191000000000
269548;20;11;2015;19:33;0;RUA RECANTO VERDE;;;1776;;Colis?úo;;;;Meio de Quadra;;;0;1;0;1;0;0;0;0;0;1;0;0;-3,842490000000000;-38,513195000000000
269553;20;11;2015;20:44;0;AV DR SILAS MUNGUBA;;;0;;Colis?úo;;;;Meio de Quadra;;;0;1;0;1;0;0;0;0;0;1;0;0;;
269554;20;11;2015;20:54;0;AV IMPERADOR;;;0;;Colis?úo;;;;Meio de Quadra;;;0;1;0;0;0;0;0;0;0;0;0;0;;
269555;20;11;2015;23:27;0;AV JOSE LEON;;;2240;;Colis?úo;;;;Meio de Quadra;;;0;1;0;1;0;0;0;0;0;1;0;0;;
269543;20;11;2015;18:58;0;AV MARIO LINHARES (SAPIRANGA);;;321;;Queda;;;;Meio de Quadra;;;0;1;0;0;0;0;0;0;0;1;0;0;;
269534;20;11;2015;18:32;0;RUA PDE RODOLFO;;;300;;Colis?úo;;;;Meio de Quadra;;;0;1;0;1;0;0;0;0;0;1;0;0;-3,806854000000000;-38,582890000000000
269532;20;11;2015;18:02;0;AV PERIMETRAL;;;1795;;Colis?úo;Anoitecer;;;Meio de Quadra;;;0;1;0;0;0;0;0;0;0;0;0;0;;
269536;20;11;2015;18:35;0;RUA PARAGUACU D45;;;819;;Colis?úo;;;;Meio de Quadra;;;0;1;0;1;0;0;0;0;0;1;0;0;-3,783018000000000;-38,538204000000000
269540;20;11;2015;18:58;0;AV GAL OSORIO DE PAIVA;;;1483;;Atropelamento;;;;Meio de Quadra;;;0;1;0;0;0;0;0;0;0;1;0;0;-3,780853000000000;-38,574762000000000
269517;20;11;2015;17:15;0;AV MAE MANOEL MAVIGNIER;;;3345;LAGOA REDONDA;Colis?úo;Anoitecer;;;Meio de Quadra;;;0;1;0;1;0;0;0;0;0;1;0;0;;
269524;20;11;2015;17:40;9413;RUA GAUDIOSO CARVALHO;RUA CARNAUBAL;;0;;Atropelamento;Anoitecer;;;;;;0;1;0;0;0;0;0;0;0;1;0;0;-3,722783000000000;-38,580391000000000
269488;20;11;2015;15:05;4195;RUA STA ROSA D20/21 (JACARECANGA);AV TEN LISBOA;;0;;Colis?úo;Luz do Dia;;;T;N?úo H?í Controle;Residencial;0;1;0;1;0;0;0;0;0;1;0;0;-3,717557000000000;-38,553959000000000
269493;20;11;2015;15:06;0;RUA QUINZE (CANINDEZINHO);;;0;;Colis?úo;Luz do Dia;;;Meio de Quadra;;;0;1;0;1;0;0;0;0;0;1;0;0;;
269500;20;11;2015;15:44;0;AV MR HULL;;;0;;Colis?úo;Luz do Dia;;;Meio de Quadra;;;0;1;0;0;0;0;0;0;0;0;0;0;;
269504;20;11;2015;16:31;0;AV SEN FERNANDES TAVORA;RUA PDE SA LEITAO;;962;;Colis?úo;Luz do Dia;;;;;;0;1;1;1;0;0;0;0;0;0;0;0;-3,762487000000000;-38,581603000000000
270784;20;11;2015;11:30;0;AV SEN CARLOS JEREISSATI (AEROPORTO);;;0;KM 03;Colis?úo;Luz do Dia;;Seca;Meio de Quadra;;;0;0;2;1;0;0;0;0;0;0;0;0;-3,780382000000000;-38,541414000000000
270811;20;11;2015;17:15;0;RD CE-025;;;0;KM-04;Colis?úo;Anoitecer;;Seca;Meio de Quadra;;;0;2;1;1;0;0;0;0;1;0;0;0;-3,805249000000000;-38,443065000000000
270806;20;11;2015;14:20;0;AV SEN CARLOS JEREISSATI (AEROPORTO);;;0;KM 01;Colis?úo;Luz do Dia;;Seca;Meio de Quadra;;;0;0;2;0;1;0;1;0;0;0;0;0;-3,783803000000000;-38,520356000000000
270821;20;11;2015;13:30;0;RD CE-040;;;0;KM-05;Colis?úo;Luz do Dia;;Seca;Meio de Quadra;;;0;0;3;1;0;0;0;0;0;0;0;0;-3,790876000000000;-38,480349000000000
270342;20;11;2015;18:00;0;AV GODOFREDO MACIEL;;;1245;;Atropelamento;Anoitecer;;;Meio de Quadra;;;1;0;1;0;0;0;0;0;0;1;0;0;;
270340;20;11;2015;09:55;0;AV SEN CARLOS JEREISSATI (AEROPORTO);;;741;;Colis?úo;Luz do Dia;;;Meio de Quadra;;;0;2;0;1;0;0;0;0;0;1;0;0;;
270348;20;11;2015;13:00;26243;AV JOAO PESSOA;RUA GUILHERME BLHUM;;0;;Colis?úo;Luz do Dia;;;;;;0;1;1;1;0;0;0;0;0;1;0;0;;
264432;20;11;2015;19:20;0;AV N CJ JOSE WALTER;;;12338;;Atropelamento;;;;Meio de Quadra;;;0;2;0;0;0;0;0;0;0;1;0;0;;
264433;20;11;2015;06:20;0;RUA DEMETRIO MENEZES;;;60;;Colis?úo Traseira;Luz do Dia;;;Meio de Quadra;;;0;0;2;1;0;0;0;0;0;0;0;0;;
264434;20;11;2015;00:45;17265;RUA SATIRO DIAS;RUA ALBERTO MAGNO;;0;;Colis?úo Transversal;;;;Cruz;Pare;Comercial;0;0;2;0;1;0;0;1;0;0;0;0;-3,762063000000000;-38,547531000000000
264430;20;11;2015;07:30;0;AV ZEZE DIOGO;;;500;;Capotamento;Luz do Dia;;;Meio de Quadra;;;0;1;0;1;0;0;0;0;0;0;0;0;;
264427;20;11;2015;14:30;0;AV PONTES VIEIRA;;;2409;;Colis?úo Traseira;Luz do Dia;;;Meio de Quadra;;;0;0;2;1;0;0;0;0;0;0;0;0;-3,751171000000000;-38,500200000000000
264514;20;11;2015;14:30;5201;RUA SAO PAULO;RUA FLORIANO PEIXOTO;;0;;Colis?úo Lateral;Luz do Dia;;;Cruz;Sem?íforo;Comercial;0;1;1;1;0;0;0;0;0;1;0;0;-3,726281000000000;-38,526784000000000
264559;20;11;2015;14:10;7760;AV ANTONIO SALES;RUA SILVA PAULET;;0;;Colis?úo Transversal;Luz do Dia;;;Cruz;Pare;Misto;0;1;1;1;0;0;0;0;0;1;0;0;-3,743595000000000;-38,508383000000000
264557;20;11;2015;20:40;0;AV PRS CASTELO BRANCO;;;5396;;Colis?úo Transversal;;;;Meio de Quadra;;;0;2;0;0;0;1;0;0;0;1;0;0;;
264536;20;11;2015;07:30;0;RUA DOM JERONIMO D06;;;20;;Colis?úo Lateral;Luz do Dia;;;Meio de Quadra;;;0;0;2;1;0;0;0;0;0;0;0;0;-3,731641000000000;-38,543766000000000
264540;20;11;2015;10:00;4021;AV PRO GOMES DE MATOS;RUA DES PRAXEDES;;0;;Colis?úo Traseira;Luz do Dia;;;Cruz;Sem?íforo;Comercial;0;0;2;1;0;0;0;0;0;0;0;0;-3,761872000000000;-38,546229000000000
264551;20;11;2015;18:47;0;RUA SEN POMPEU;;;1520;;Colis?úo Lateral;;;;Meio de Quadra;;;0;0;2;1;0;0;1;0;0;0;0;0;-3,731992000000000;-38,531165000000000
264531;20;11;2015;21:00;0;RUA PRO HERIBALDO COSTA;;;1785;;Colis?úo Traseira;;;;Meio de Quadra;;;0;1;1;0;1;0;0;0;0;1;0;0;-3,767352000000000;-38,587724000000000
264533;20;11;2015;20:00;0;RUA CARLOS CHAGAS;;;2648;;Colis?úo Traseira;;;;Meio de Quadra;;;0;0;2;1;0;0;0;1;0;0;0;0;;