COD_ACIDENTE;DIA;MES;ANO;HORA;INTERSECAO;LOG1;LOG2;LOG3;NUMERO;REFERENCIA;NATUREZA;ILUMINACAO;TEMPO;SUPERFICIEPISTA;TIPOCRUZAMENTO;CONTROLETRAFEGO;USOSOLO;MORTOS;FERIDOS;ILESOS;AUTOMOVEL;ONIBUS;BICICLETA;CAMINHAO;MICROONIBUS;CICLOMOTOR;MOTOCICLETA;TRACAOANIMAL;TREM;LATITUDE;LONGITUDE
264449;20;11;2015;01:00;10999;RUA ALBERTO MAGNO;RUA 15 DE NOVEMBRO;;0;;Colis?úo Lateral;;;;Cruz;Pare;Residencial;0;1;1;1;0;0;0;0;0;1;0;0;-3,769909000000000;-38,553169000000000
264450;20;11;2015;07:00;15190;AV ABOLICAO;RUA JOAQUIM NABUCO;;0;;Colis?úo Traseira;Luz do Dia;;;Cruz;Sem?íforo;Comercial;0;1;2;1;0;0;0;0;0;1;0;0;-3,726373000000000;-38,498436000000000
264454;20;11;2015;11:15;25038;RUA JOSE HIPOLITO;RUA PDE PEDRO DE ALENCAR;;0;;Colis?úo Lateral;Luz do Dia;;;Cruz;Sem?íforo;Comercial;0;0;2;1;0;0;1;0;0;0;0;0;-3,832741000000000;-38,494029000000000
264443;20;11;2015;10:20;0;AV SANTOS DUMONT;;;3743;;Colis?úo Traseira;Luz do Dia;;;Meio de Quadra;;;0;0;2;1;0;0;0;0;0;0;0;0;-3,738941000000000;-38,489973000000000
264437;20;11;2015;16:00;4195;RUA STA ROSA D20/21 (JACARECANGA);AV TEN LISBOA;;0;;Colis?úo Lateral;Luz do Dia;;;T;N?úo H?í Controle;Residencial;0;0;2;1;0;0;0;0;0;1;0;0;-3,717557000000000;-38,553959000000000
264439;20;11;2015;12:00;3814;RUA PAULINO NOGUEIRA;RUA WALDERY UCHOA;;0;;Colis?úo Transversal;Luz do Dia;;;Cruz;Pare;Residencial;0;1;1;1;0;0;0;0;0;1;0;0;-3,743449000000000;-38,538372000000000
264440;20;11;2015;07:20;9176;AV AGUANAMBI;AV EDUARDO GIRAO;;0;;Colis?úo Transversal;Luz do Dia;;;Rotat??ria;Cancela;Comercial;0;0;2;1;0;0;0;0;0;0;0;0;-3,755303000000000;-38,523639000000000
264566;20;11;2015;14:30;0;RUA GAL SAMPAIO;;;1328;;Colis?úo Lateral;Luz do Dia;;;Meio de Quadra;;;0;0;2;1;0;0;1;0;0;0;0;0;-3,729934000000000;-38,531682000000000
269638;21;11;2015;21:12;15874;RUA STA EFIGENIA;RUA GUARUJA;;0;;Colis?úo;;;;Cruz;Pare;Comercial;0;1;1;1;0;0;0;0;0;0;0;0;-3,834763000000000;-38,500593000000000
270843;21;11;2015;14:50;0;RD CE-040;;;0;KM-11;Colis?úo;Luz do Dia;;Seca;Meio de Quadra;;;0;1;1;1;0;0;0;0;0;1;0;0;-3,844873000000000;-38,480252000000000
269562;21;11;2015;04:32;0;AV FRANCISCO SA;;;2665;;Colis?úo;;;;Meio de Quadra;;;0;1;0;0;0;0;0;0;0;0;0;0;-3,720075000000000;-38,549275000000000
269563;21;11;2015;04:45;0;RUA 117 CJ CEARA;;;11;;Colis?úo;;;;Meio de Quadra;;;0;1;0;0;0;0;0;0;0;0;0;0;-3,774547000000000;-38,607586000000000
269556;21;11;2015;00:15;0;AV ZEZE DIOGO;;;2237;;Queda;;;;Meio de Quadra;;;0;1;0;0;0;0;0;0;0;1;0;0;;
269583;21;11;2015;05:43;0;RUA ALM RUBIM;;;1594;;Colis?úo;Amanhecer;;;Meio de Quadra;;;0;1;0;1;0;0;0;0;0;1;0;0;-3,771413000000000;-38,556825000000000
269565;21;11;2015;05:06;0;AV MR HULL;;;0;;Queda;Amanhecer;;;Meio de Quadra;;;0;1;0;0;0;0;0;0;0;1;0;0;;
269573;21;11;2015;05:37;0;RUA LUIZA MIRANDA COELHO;;;977;;Queda;Amanhecer;;;Meio de Quadra;;;0;1;0;0;0;0;0;0;0;1;0;0;;
269614;21;11;2015;13:21;0;RUA AUGUSTA BENEVIDES;;;1304;;Queda;Luz do Dia;;;Meio de Quadra;;;0;1;0;0;0;0;0;0;0;1;0;0;;
269624;21;11;2015;15:17;0;AV GAL OSORIO DE PAIVA;;;8110;;Colis?úo;Luz do Dia;;;Meio de Quadra;;;0;1;0;1;0;0;0;0;0;1;0;0;-3,821649000000000;-38,618484000000000
269625;21;11;2015;15:20;11717;RUA ELISEU VIANA;RUA JOSE GASPAR;;0;;Colis?úo;Luz do Dia;;;Cruz;N?úo H?í Controle;Rural;0;2;0;1;0;0;0;0;0;0;0;0;-3,772913000000000;-38,587569000000000
269626;21;11;2015;16:32;0;RUA MAJ PEDRO SAMPAIO;;;201;;Colis?úo;Luz do Dia;;;Meio de Quadra;;;0;1;0;0;0;0;0;0;0;0;0;0;;
269619;21;11;2015;14:40;0;RUA MAL BITENCOURT;;;1223;;Atropelamento;Luz do Dia;;;Meio de Quadra;;;0;1;0;0;0;0;0;0;0;0;0;0;-3,794244000000000;-38,530677000000000
269611;21;11;2015;12:27;14829;RUA PDE RODOLFO;RUA SAO RAIMUNDO D71;;0;;Colis?úo;Luz do Dia;;;;;;0;1;1;0;1;0;0;0;0;1;0;0;-3,803662000000000;-38,587811000000000
269612;21;11;2015;13:06;0;AV PRS CASTELO BRANCO;;;0;;Queda;Luz do Dia;;;Meio de Quadra;;;0;1;0;0;0;1;0;0;0;0;0;0;;
269608;21;11;2015;11:49;0;AV DIOGUINHO;;;479;;Colis?úo;Luz do Dia;;;Meio de Quadra;;;0;1;0;1;0;0;0;0;0;1;0;0;-3,722211000000000;-38,463833000000000
269599;21;11;2015;10:07;0;AV PERIMETRAL;;;0;;Atropelamento;Luz do Dia;;;Meio de Quadra;;;0;1;0;1;0;0;0;0;0;0;0;0;;
269605;21;11;2015;11:14;9187;RUA PDE BARBOSA DE JESUS;RUA EUSEBIO DE SOUZA;;0;;Colis?úo;Luz do Dia;;;Cruz;N?úo H?í Controle;Comercial;0;1;1;1;0;0;0;0;0;1;0;0;-3,748709000000000;-38,529218000000000
272680;21;11;2015;11:09;0;AV PRO JOSE ARTHUR CARVALHO;;;2799;;Colis?úo;Luz do Dia;;;Meio de Quadra;;;0;0;2;0;0;0;0;0;0;0;0;0;-3,823255000000000;-38,453949000000000
269637;21;11;2015;21:07;0;RUA JOANA SOARES;;;51;;Atropelamento;;;;Meio de Quadra;;;0;1;0;1;0;0;0;0;0;0;0;0;;
269628;21;11;2015;17:27;0;AV DEP PAULINO ROCHA;;;1800;;Colis?úo;Anoitecer;;;Meio de Quadra;;;0;1;1;1;0;0;0;0;0;1;0;0;-3,811664000000000;-38,513201000000000
269629;21;11;2015;18:04;0;AV AUGUSTO DOS ANJOS;;;938;;Colis?úo;Anoitecer;;;Meio de Quadra;;;0;1;1;1;0;0;0;0;0;1;0;0;-3,776117000000000;-38,575598000000000
269633;21;11;2015;18:50;0;AV CENTRAL CJ CEARA;;;0;;Colis?úo;;;;Meio de Quadra;;;0;1;0;0;0;0;0;0;0;0;0;0;;
269634;21;11;2015;19:48;10445;RUA RICARDO PONTES;RUA RIO DAS BALCAS;;0;;Colis?úo;;;;Cruz;N?úo H?í Controle;Residencial;0;1;0;0;0;0;0;0;0;0;0;0;-3,765465000000000;-38,600083000000000
269635;21;11;2015;20:37;0;AV GAL OSORIO DE PAIVA;;;6001;;Atropelamento;;;;Meio de Quadra;;;0;1;0;0;0;0;0;0;0;0;0;0;;
272805;21;11;2015;18:47;10046;RUA EMILIO DE MENESES;RUA BRAGANCA;;0;;Colis?úo;;;;Cruz;Pare;Residencial;0;0;2;0;0;0;0;0;0;0;0;0;-3,779277000000000;-38,596166000000000
272806;21;11;2015;18:48;13076;AV I CJ JOSE WALTER;AV B CJ JOSE WALTER;;0;;Colis?úo;;;;T;N?úo H?í Controle;Residencial;0;0;2;0;0;0;0;0;0;0;0;0;-3,827806000000000;-38,551546000000000
272807;21;11;2015;19:34;6861;RUA 110 CJ ESPERANCA;AV CONTORNO NORTE D71;;0;;Colis?úo;;;;;;;0;0;2;0;0;0;0;0;0;0;0;0;-3,810277000000000;-38,590763000000000
272808;21;11;2015;19:36;0;RUA DUARTE COUTINHO;;;20;;Colis?úo;;;;Meio de Quadra;;;0;0;2;0;0;0;0;0;0;0;0;0;-3,772353000000000;-38,493069000000000
272809;21;11;2015;20:47;0;AV EDILSON B SOARES;;;0;;Colis?úo;;;;Meio de Quadra;;;0;0;2;0;0;0;0;0;0;0;0;0;;
272810;21;11;2015;22:18;13939;RUA VER PEDRO PAULO MOREIRA;RUA HONORIO VIEIRA;;0;;Colis?úo;;;;Cruz;Pare;Residencial;0;0;2;0;0;0;0;0;0;0;0;0;-3,787289000000000;-38,486544000000000
272811;21;11;2015;22:19;21379;AV JOVITA FEITOSA;RUA PRO RAIMUNDO ARRUDA;;0;;Colis?úo;;;;Cruz;Sem?íforo;Comercial;0;0;2;0;0;0;0;0;0;0;0;0;-3,738742000000000;-38,550998000000000
272812;21;11;2015;23:20;22849;RUA CON LIMA SUCUPIRA;RUA DR JUSTA ARAUJO D45;;0;;Colis?úo;;;;Cruz;Pare;Misto;0;0;2;0;0;0;0;0;0;0;0;0;-3,778167000000000;-38,550832000000000
272801;21;11;2015;17:20;18052;RUA NICACIO PINTO;AV DIOGUINHO;;0;;Colis?úo;Anoitecer;;;Cruz;Outros;Comercial;0;0;2;0;0;0;0;0;0;0;0;0;-3,736265000000000;-38,456250000000000
272803;21;11;2015;18:46;18387;AV SGT HERMINIO SAMPAIO;AV OLAVO BILAC;;0;;Colis?úo;;;;Cruz;Sem?íforo;Residencial;0;0;2;0;0;0;0;0;0;0;0;0;-3,727179000000000;-38,565080000000000
272789;21;11;2015;11:54;0;AV PRS CASTELO BRANCO;;;0;;Colis?úo;Luz do Dia;;;Meio de Quadra;;;0;0;2;0;0;0;0;0;0;0;0;0;;
272792;21;11;2015;13:12;0;AV PRS COSTA E SILVA;;;0;;Colis?úo;Luz do Dia;;;Meio de Quadra;;;0;0;2;0;0;0;0;0;0;0;0;0;;
272794;21;11;2015;15:31;0;RUA TAQUATIARA;;;300;;Colis?úo;Luz do Dia;;;Meio de Quadra;;;0;0;2;0;0;0;0;0;0;0;0;0;-3,830124000000000;-38,503018000000000
272795;21;11;2015;15:32;0;AV GODOFREDO MACIEL;;;425;;Colis?úo;Luz do Dia;;;Meio de Quadra;;;0;0;2;0;0;0;0;0;0;0;0;0;-3,780321000000000;-38,564951000000000
272796;21;11;2015;15:41;0;AV A CJ JOSE WALTER;;;510;;Colis?úo;Luz do Dia;;;Meio de Quadra;;;0;0;2;0;0;0;0;0;0;0;0;0;-3,824604000000000;-38,554983000000000
272797;21;11;2015;14:30;0;RUA BERNARDO MANUEL;;;271;;Colis?úo;Luz do Dia;;;Meio de Quadra;;;0;0;2;0;0;0;0;0;0;0;0;0;;
272799;21;11;2015;17:19;10703;RUA PRO HERIBALDO COSTA;RUA PRO PAULO LOPES;;0;;Colis?úo;Anoitecer;;;T;Outros;Rural;0;0;2;0;0;0;0;0;0;0;0;0;-3,758020000000000;-38,582800000000000
266463;21;11;2015;15:05;0;RUA AMADOR BUENO;;;0;;Colis?úo;Luz do Dia;;;Meio de Quadra;;;0;0;2;1;0;0;1;0;0;0;0;0;;
259393;21;11;2015;18:45;0;RD BR 116;;;2000;KM-02;Colis?úo Traseira;Via Iluminada;Nublado;Seca;Meio de Quadra;N?úo H?í Controle;Comercial;0;0;4;1;0;0;0;0;0;0;0;0;-3,771391000000000;-38,516780000000000
264642;21;11;2015;08:05;5333;RUA PRC ISABEL;RUA GAL CLARINDO DE QUEIROZ;;0;;Colis?úo Transversal;Luz do Dia;;;Cruz;Pare;Comercial;0;0;2;1;0;0;0;0;0;0;0;0;-3,730592000000000;-38,536711000000000
264656;21;11;2015;18:30;5423;RUA SOLON PINHEIRO;RUA GAL CLARINDO DE QUEIROZ;;0;;Colis?úo Transversal;Anoitecer;;;Cruz;Sem?íforo;Comercial;0;1;1;1;0;0;0;0;0;0;0;0;-3,733626000000000;-38,527353000000000
264692;21;11;2015;13:00;0;RUA TEN BENEVOLO;;;0;;Colis?úo Traseira;Luz do Dia;;;Meio de Quadra;;;0;1;1;1;0;0;0;0;0;0;0;0;;
264693;21;11;2015;15:30;0;AV DIOGUINHO;;;479;;Colis?úo Lateral;Luz do Dia;;;Meio de Quadra;;;0;1;1;0;0;0;0;0;0;1;0;0;-3,722211000000000;-38,463833000000000
264694;21;11;2015;13:10;25574;AV ENG HUMBERTO MONTE;RUA PRO ANDRADE FURTADO (PICI);;0;;Colis?úo Lateral;Luz do Dia;;;;;;0;0;2;1;0;0;0;0;0;1;0;0;-3,738942000000000;-38,568895000000000
264695;21;11;2015;05:40;15327;AV SEN VIRGILIO TAVORA;RUA ANA BILHAR;;0;;Colis?úo Transversal;Amanhecer;;;Cruz;Sem?íforo;Residencial;0;1;1;1;0;0;0;0;1;0;0;0;-3,730893000000000;-38,491262000000000
264696;21;11;2015;08:30;0;AV PRS COSTA E SILVA;;;0;;Colis?úo Traseira;Luz do Dia;;;Meio de Quadra;;;0;0;3;1;0;0;0;0;0;1;0;0;;
264698;21;11;2015;09:00;589;AV PASTEUR;RUA FRE TEOBALDO;;0;;Colis?úo Transversal;Luz do Dia;;;Cruz;Pare;Comercial;0;1;1;0;0;0;0;0;0;1;0;0;;
264699;21;11;2015;09:10;0;AV LUCIANO CARNEIRO;;;31;;Colis?úo Lateral;Luz do Dia;;;Meio de Quadra;;;0;0;2;1;0;0;0;0;0;0;0;0;-3,747675000000000;-38,531386000000000
264700;21;11;2015;01:40;15144;AV RUI BARBOSA;AV MON TABOSA;;0;;Colis?úo Transversal;;;;Cruz;Pare;Comercial;0;2;0;1;0;0;0;0;0;0;0;0;-3,724441000000000;-38,505696000000000
264701;21;11;2015;08:00;0;AV DR SILAS MUNGUBA;;;4820;;Colis?úo Traseira;Luz do Dia;;;Meio de Quadra;;;0;2;1;0;1;0;0;0;0;1;0;0;-3,795451000000000;-38,532654000000000
264702;21;11;2015;00:20;0;AV JOSE BASTOS;;;2736;;Colis?úo Lateral;;;;Meio de Quadra;;;0;1;1;0;0;0;0;1;0;1;0;0;-3,744525000000000;-38,544940000000000
264689;21;11;2015;09:10;5109;RUA DR JOAO MOREIRA;AV ALBERTO NEPOMUCENO;;0;;Colis?úo Lateral;Luz do Dia;;;Cruz;Sem?íforo;Comercial;0;1;1;0;1;0;0;0;0;1;0;0;-3,723737000000000;-38,524608000000000
264677;21;11;2015;09:00;0;AV FRANCISCO SA;;;3964;;Colis?úo Transversal;Luz do Dia;;;Meio de Quadra;;;0;1;1;1;0;0;0;0;0;1;0;0;-3,716350000000000;-38,560488000000000
264685;21;11;2015;06:30;3213;RUA VITAL BRASIL;RUA JOSE ARISTOTELES GONDIM;;0;;Colis?úo Transversal;Luz do Dia;;;Cruz;Pare;Misto;0;2;0;0;0;0;0;0;0;1;0;0;-3,781497000000000;-38,585720000000000
264686;21;11;2015;04:50;0;TERM TERMINAL CJ CEARA;;;0;;Atropelamento;;;;Meio de Quadra;;;0;1;1;1;0;0;0;0;0;0;0;0;;
264687;21;11;2015;17:53;19029;AV ENG ALBERTO SA;RUA SOLON ONOFRE;;0;;Colis?úo Transversal;Anoitecer;;;Cruz;Pare;Comercial;0;0;2;1;0;0;0;0;0;0;0;0;-3,735314000000000;-38,473145000000000
264673;21;11;2015;12:00;23784;RUA RAIMUNDO NERY;RUA MON AGOSTINHO;;0;;Colis?úo Transversal;Luz do Dia;;;Cruz;Pare;Comercial;0;0;2;1;0;0;0;0;0;0;0;0;-3,792435000000000;-38,587155000000000
264682;21;11;2015;00:00;0;RUA PRISCO BEZERRA;;;230;;Colis?úo Traseira;;;;Meio de Quadra;;;0;0;2;1;0;0;0;0;0;0;0;0;;
264683;21;11;2015;21:30;8954;RUA DOM JERONIMO D06;AV DOMINGOS OLIMPIO;;0;;Colis?úo Lateral;;;;Cruz;Pare;Residencial;0;0;2;1;0;0;0;0;0;0;0;0;-3,733201000000000;-38,543457000000000
264705;21;11;2015;14:00;60;RUA TEN QUEIROZ;RUA TOMAS RODRIGUES;;0;;Choque c/ Obst?ículo Fixo;Luz do Dia;;;Cruz;Pare;Residencial;0;0;1;1;0;0;0;0;0;0;0;0;-3,745469000000000;-38,593135000000000
264706;21;11;2015;13:25;5504;RUA PDE VALDEVINO;RUA JOAO CORDEIRO;;0;;Colis?úo Lateral;Luz do Dia;;;Cruz;Sem?íforo;Residencial;0;4;0;1;0;0;0;0;0;0;0;0;-3,738896000000000;-38,517550000000000
264707;21;11;2015;13:09;5235;RUA PRC ISABEL;RUA PEDRO PEREIRA;;0;;Colis?úo Transversal;Luz do Dia;;;Cruz;Pare;Comercial;0;1;1;1;0;0;0;0;0;1;0;0;-3,727353000000000;-38,535705000000000
264708;21;11;2015;14:30;0;RUA 41 CJ JOSE WALTER;;;0;;Colis?úo Lateral;Luz do Dia;;;Meio de Quadra;;;0;1;1;1;0;0;0;0;0;1;0;0;-3,826244000000000;-38,556553000000000
264710;22;11;2015;10:20;25133;AV JOSE BASTOS;RUA CANDIDO JUCA;;0;;Colis?úo Transversal;Luz do Dia;;;T;Pare;Comercial;0;0;2;1;0;0;0;0;0;0;0;0;-3,743894000000000;-38,544419000000000
264711;22;11;2015;21:00;0;RUA MAL BITENCOURT;;;437;;Colis?úo;;;;Meio de Quadra;;;1;1;0;0;0;0;0;0;0;1;0;0;-3,787967000000000;-38,528907000000000
264712;22;11;2015;17:45;22885;RUA PDE ASCENCO GAGO;RUA PRA HELOISA F LIMA;;0;;Colis?úo Transversal;Anoitecer;;;;;;0;1;1;1;0;0;0;0;0;1;0;0;-3,781240000000000;-38,543928000000000
264782;22;11;2015;18:00;12666;AV CEL CARVALHO;RUA ROSINHA SAMPAIO;;0;;Colis?úo Lateral;Anoitecer;;;Cruz;Pare;Comercial;0;1;1;1;0;0;0;0;0;1;0;0;-3,726938000000000;-38,585413000000000
264783;22;11;2015;21:30;4006;RUA DES PRAXEDES;RUA EDITE BRAGA;;0;;Colis?úo Lateral;;;;Cruz;Pare;Comercial;0;0;2;1;0;0;0;0;0;0;0;0;-3,760633000000000;-38,547472000000000
264777;22;11;2015;04:40;0;AV RECREIO D64;;;0;;Choque c/ Obst?ículo Fixo;;;;Meio de Quadra;;;0;1;0;1;0;0;0;0;0;0;0;0;;
264775;22;11;2015;17:55;0;AV GAL OSORIO DE PAIVA;;;4376;;Colis?úo Traseira;Anoitecer;;;Meio de Quadra;;;0;1;1;1;0;1;0;0;0;0;0;0;-3,795996000000000;-38,593610000000000
264772;22;11;2015;15:30;0;AV FRANCISCO SA;;;3437;;Colis?úo Transversal;Luz do Dia;;;Meio de Quadra;;;0;1;1;1;0;0;0;0;0;0;0;0;-3,717944000000000;-38,555744000000000
264717;22;11;2015;12:10;4370;AV JOSE SABOIA;RUA PRO HENRIQUE FIRMEZA;;0;;Colis?úo Lateral;Luz do Dia;;;Cruz;Pare;Comercial;0;0;2;0;1;0;1;0;0;0;0;0;-3,718659000000000;-38,465564000000000
264714;22;11;2015;13:00;6759;AV ENG SANTANA JUNIOR;RUA PRO FRANCISCO GONCALVES;;0;;Colis?úo Transversal;Luz do Dia;;;T;N?úo H?í Controle;Comercial;0;0;2;1;0;0;0;0;0;0;0;0;-3,750361000000000;-38,490276000000000
264794;22;11;2015;14:45;11699;RUA CACILDA BECKER;RUA ALVARO DE ANDRADE;;0;;Colis?úo Transversal;Luz do Dia;;;Cruz;N?úo H?í Controle;Residencial;0;0;2;1;0;0;0;0;0;0;0;0;-3,772054000000000;-38,588794000000000
264788;22;11;2015;12:30;0;RUA PDE IBIAPINA;;;1564;;Choque c/ Obst?ículo Fixo;Luz do Dia;;;Meio de Quadra;;;0;0;1;1;0;0;0;0;0;0;0;0;-3,728599000000000;-38,540205000000000
264799;22;11;2015;15:30;17412;RUA ALBERTO MAGNO;RUA BAR SOBRAL;;0;;Colis?úo Transversal;Luz do Dia;;;Cruz;Sem?íforo;Comercial;0;1;1;1;0;0;0;0;0;1;0;0;-3,767991000000000;-38,552417000000000
264801;22;11;2015;21:00;16983;RUA MARIA GOMES DE SA;RUA AURELIANO LEAL;;0;;Colis?úo Transversal;;;;Cruz;Pare;Misto;0;3;0;0;0;0;0;0;0;1;0;0;-3,823255000000000;-38,584124000000000
264791;22;11;2015;22:00;0;RUA PDE CHEVALIER;;;484;;Colis?úo Transversal;;;;Meio de Quadra;;;0;0;2;1;0;0;0;0;0;0;0;0;-3,747531000000000;-38,516530000000000
264792;22;11;2015;17:30;0;RUA FRANCISCO TEIXEIRA DE ALCANTARA;;;50;;Colis?úo Lateral;Anoitecer;;;Meio de Quadra;;;0;2;1;1;0;0;0;0;0;0;0;0;;
264785;22;11;2015;14:00;15322;RUA CANUTO DE AGUIAR;RUA BARBOSA DE FREITAS;;0;;Colis?úo Transversal;Luz do Dia;;;Cruz;Pare;Residencial;0;2;0;1;0;0;0;0;0;0;0;0;-3,730624000000000;-38,495453000000000
264779;22;11;2015;05:30;0;RUA NOSSA SRA DAS GRACAS;;;89;;Colis?úo Traseira;Amanhecer;;;Meio de Quadra;;;0;0;2;1;0;0;0;0;0;0;0;0;-3,711669000000000;-38,549264000000000
270427;22;11;2015;12:00;0;RUA LAURO MAIA;;;721;;Colis?úo;Luz do Dia;;;Meio de Quadra;;;0;0;1;1;0;0;0;0;0;0;0;0;;
270414;22;11;2015;00:00;0;RD CE-060;;;0;KM-03;Colis?úo;;;;Meio de Quadra;;;0;1;0;1;0;0;0;0;0;1;0;0;-3,836637000000000;-38,582776000000000
270411;22;11;2015;00:05;0;RUA TOBIAS CORREIA;;;183;;Colis?úo;;;;Meio de Quadra;;;0;1;0;1;0;0;0;0;0;0;0;0;;
272826;22;11;2015;20:13;0;RUA CON DE CASTRO;;;0;;Colis?úo;;;;Meio de Quadra;;;0;0;2;0;0;0;0;0;0;0;0;0;;
272827;22;11;2015;20:53;0;RUA NUNES FEIJO;;;1608;;Colis?úo;;;;Meio de Quadra;;;0;0;2;0;0;0;0;0;0;0;0;0;;
272828;22;11;2015;21:00;0;RUA P UI 309;;;112;;Colis?úo;;;;Meio de Quadra;;;0;0;2;0;0;0;0;0;0;0;0;0;-3,803091000000000;-38,551747000000000
259404;22;11;2015;02:30;0;AV MR HULL;;;5383;;Choque c/ Obst?ículo Fixo;Via Iluminada;Bom;Seca;Meio de Quadra;N?úo H?í Controle;Comercial;0;1;1;1;0;0;0;0;0;1;0;0;-3,739797000000000;-38,592466000000000
266467;22;11;2015;09:21;9566;RUA SGT JOAO PINHEIRO;RUA 23 DE JUNHO;;0;;Colis?úo;Luz do Dia;;;T;;Residencial;0;0;2;1;0;0;0;0;0;0;0;0;-3,778250000000000;-38,621522000000000
272813;22;11;2015;00:48;0;RUA JORGE DUMAR;;;1726;;Colis?úo;;;;Meio de Quadra;;;0;0;2;0;0;0;0;0;0;0;0;0;-3,751350000000000;-38,539061000000000
272814;22;11;2015;00:51;0;AV PRS COSTA E SILVA;;;0;;Colis?úo;;;;Meio de Quadra;;;0;0;2;0;0;0;0;0;0;0;0;0;;
272815;22;11;2015;00:55;0;AV GOV RAUL BARBOSA;;;0;;Colis?úo;;;;Meio de Quadra;;;0;0;2;0;0;0;0;0;0;0;0;0;;
272816;22;11;2015;05:07;634;AV PASTEUR;RUA GOMES PASSOS;;0;;Choque c/ Obst?ículo Fixo;Amanhecer;;;Cruz;N?úo H?í Controle;Residencial;0;0;1;0;0;0;0;0;0;0;0;0;-3,711941000000000;-38,559096000000000
272817;22;11;2015;05:40;0;AV SEN FERNANDES TAVORA;;;2418;;Colis?úo;Amanhecer;;;Meio de Quadra;;;0;0;2;0;0;0;0;0;0;0;0;0;-3,756127000000000;-38,593518000000000
272818;22;11;2015;05:44;0;RUA CASTRO ALVES;;;510;;Colis?úo;Amanhecer;;;Meio de Quadra;;;0;0;2;0;0;0;0;0;0;0;0;0;-3,749763000000000;-38,516257000000000
272819;22;11;2015;05:45;0;RUA MANUEL CASTELO BRANCO;;;399;;Colis?úo;Amanhecer;;;Meio de Quadra;;;0;0;2;0;0;0;0;0;0;0;0;0;-3,832034000000000;-38,491473000000000
272820;22;11;2015;06:55;0;RUA BANVAR BEZERRA;;;391;;Colis?úo;Luz do Dia;;;Meio de Quadra;;;0;0;2;0;0;0;0;0;0;0;0;0;-3,733384000000000;-38,580249000000000
272821;22;11;2015;08:51;2446;AV 20 DE JANEIRO;RUA SEIS COMPANHEIROS;;0;;Choque c/ Obst?ículo Fixo;Luz do Dia;;;;;;0;0;1;0;0;0;0;0;0;0;0;0;-3,707075000000000;-38,578040000000000
272822;22;11;2015;11:33;0;RUA CEL JOAQUIM BEZERRA;;;0;;Colis?úo;Luz do Dia;;;Meio de Quadra;;;0;0;2;0;0;0;0;0;0;0;0;0;;
272824;22;11;2015;17:42;0;AV CESAR CALS;;;1300;;Atropelamento;Anoitecer;;;Meio de Quadra;;;0;0;2;0;0;0;0;0;0;0;0;0;-3,729173000000000;-38,460127000000000
272825;22;11;2015;19:24;0;RUA ROSA LEITE OLIVEIRA;;;1046;;Colis?úo;;;;Meio de Quadra;;;0;0;2;0;0;0;0;0;0;0;0;0;-3,727232000000000;-38,587291000000000
266519;22;11;2015;22:31;0;AV FRE CIRILO;;;0;;Colis?úo;;;;Meio de Quadra;;;0;0;2;1;0;0;0;0;0;0;0;0;;
269683;22;11;2015;15:38;614;AV DR THEBERGE;RUA IRINEU DE SOUZA;;0;;Queda;Luz do Dia;;;Cruz;Pare;Comercial;0;1;0;0;0;0;0;0;0;1;0;0;-3,712143000000000;-38,564134000000000
269684;22;11;2015;17:28;0;AV PRS CASTELO BRANCO;;;2737;;Colis?úo;Anoitecer;;;Meio de Quadra;;;0;1;0;1;0;1;0;0;0;0;0;0;-3,712633000000000;-38,552246000000000
269678;22;11;2015;10:52;5246;RUA GONCALVES LEDO;RUA PEREIRA FILGUEIRAS;;0;;Colis?úo;Luz do Dia;;;Cruz;Pare;Comercial;0;1;0;1;0;0;0;0;0;1;0;0;-3,727667000000000;-38,515004000000000
269679;22;11;2015;11:50;0;RUA SILVA PAULET;;;656;;Queda;Luz do Dia;;;Meio de Quadra;;;0;1;0;0;0;1;0;0;0;0;0;0;-3,730146000000000;-38,504023000000000
269680;22;11;2015;15:25;0;RUA ALBERTO MAGNO;;;1640;;Colis?úo;Luz do Dia;;;Meio de Quadra;;;0;1;0;1;0;0;0;0;0;1;0;0;-3,768226000000000;-38,552536000000000
269666;22;11;2015;06:58;0;AV WASHINGTON SOARES;;;750;IGUATEMI;Capotamento;Luz do Dia;;;Meio de Quadra;;;0;1;0;1;0;0;0;0;0;0;0;0;-3,758832000000000;-38,484201000000000
269667;22;11;2015;07:37;0;RUA PRO GOMES BRASIL;;;0;;Colis?úo;Luz do Dia;;;Meio de Quadra;;;0;1;0;0;0;0;0;0;0;1;0;0;-3,772756000000000;-38,568501000000000
269668;22;11;2015;08:16;5379;RUA SOLON PINHEIRO;RUA PEDRO I;;0;;Atropelamento;Luz do Dia;;;Cruz;N?úo H?í Controle;Comercial;0;1;0;0;0;0;0;0;0;1;0;0;-3,731835000000000;-38,526757000000000
269672;22;11;2015;09:05;0;AV ALBERTO CRAVEIRO;;;2511;;Queda;Luz do Dia;;;Meio de Quadra;;;0;1;0;0;0;0;0;0;0;1;0;0;-3,802281000000000;-38,520796000000000