COD_ACIDENTE;DIA;MES;ANO;HORA;INTERSECAO;LOG1;LOG2;LOG3;NUMERO;REFERENCIA;NATUREZA;ILUMINACAO;TEMPO;SUPERFICIEPISTA;TIPOCRUZAMENTO;CONTROLETRAFEGO;USOSOLO;MORTOS;FERIDOS;ILESOS;AUTOMOVEL;ONIBUS;BICICLETA;CAMINHAO;MICROONIBUS;CICLOMOTOR;MOTOCICLETA;TRACAOANIMAL;TREM;LATITUDE;LONGITUDE
269673;22;11;2015;09:09;24254;RUA DELMIRO GOUVEIA;AV ANTONIO JUSTA;;0;;Atropelamento;Luz do Dia;;;T;Pare;Residencial;0;1;1;1;0;0;0;0;0;0;0;0;;
269676;22;11;2015;10:07;25307;AV DES GONZAGA;AV JOSE LEON;;0;;Colis?úo;Luz do Dia;;;Outros;N?úo H?í Controle;Misto;0;1;0;1;0;0;0;0;0;1;0;0;-3,787080000000000;-38,504513000000000
269662;22;11;2015;05:55;0;RUA ARTUR DE CARVALHO;;;1802;;Colis?úo;Amanhecer;;;Meio de Quadra;;;0;1;0;0;0;0;0;0;0;0;0;0;;
269663;22;11;2015;06:06;0;AV PRS COSTA E SILVA;;;0;;Queda;Luz do Dia;;;Meio de Quadra;;;0;1;0;0;0;0;0;0;0;1;0;0;;
269664;22;11;2015;06:29;0;AV PRS CASTELO BRANCO;AV DR THEBERGE;;0;;Colis?úo;Luz do Dia;;;;;;0;1;1;1;0;0;0;0;0;1;0;0;;
269656;22;11;2015;02:11;0;AV ALBERTO CRAVEIRO;;;0;;Queda;;;;Meio de Quadra;;;0;1;0;0;0;0;0;0;0;1;0;0;;
269652;22;11;2015;02:02;0;AV CEL CARVALHO;;;88;;Colis?úo;;;;Meio de Quadra;;;0;1;0;0;0;0;0;0;0;0;0;0;-3,703579000000000;-38,591521000000000
269650;22;11;2015;00:39;0;RUA BERNARDO MANUEL;;;0;;Colis?úo;;;;Meio de Quadra;;;0;1;1;1;0;0;0;0;0;1;0;0;;
269648;22;11;2015;00:08;14421;AV SGT HERMINIO SAMPAIO;RUA PDE ANCHIETA;;0;;Colis?úo;;;;Cruz;Sem?íforo;Comercial;0;1;1;1;0;0;0;0;0;1;0;0;-3,724693000000000;-38,551079000000000
269642;22;11;2015;00:00;0;AV JORGE CAVALCANTE;;;430;;Colis?úo;;;;Meio de Quadra;;;0;1;0;1;0;0;0;0;0;1;0;0;;
269690;22;11;2015;20:35;0;RUA MARIA GOMES DE SA;;;1670;;Colis?úo;;;;Meio de Quadra;;;0;1;0;0;0;0;0;0;0;1;0;0;-3,823191000000000;-38,584176000000000
269691;22;11;2015;20:59;0;AV ROGACIANO LEITE;;;1800;;Colis?úo;;;;Meio de Quadra;;;0;1;0;0;0;0;0;0;0;0;0;0;-3,770479000000000;-38,498040000000000
269695;22;11;2015;21:42;24969;AV ALM HENRIQUE SABOIA;AV PDE ANTONIO TOMAS;;0;;Queda;;;;Cruz;Sem?íforo;Misto;0;1;0;0;0;0;0;0;0;1;0;0;-3,743493000000000;-38,489455000000000
269696;22;11;2015;21:44;3010;RUA URUCUTUBA;RUA CEL VIRGILIO NOGUEIRA (BOM JARDIM);;0;;Colis?úo;;;;Cruz;N?úo H?í Controle;Comercial;0;1;1;0;0;0;0;0;0;1;0;0;-3,798102000000000;-38,611715000000000
269697;22;11;2015;22:46;0;AV ZEZE DIOGO;;;912;;Atropelamento;;;;Meio de Quadra;;;1;0;1;0;0;0;0;0;0;1;0;0;-3,714750000000000;-38,465743000000000
269645;22;11;2015;00:00;9703;RUA BOM JESUS (GRANJA LISBOA);RUA BARRA VERMELHA;;0;;Colis?úo;;;;;;;0;1;0;0;0;0;0;0;0;0;0;0;-3,789808000000000;-38,615448000000000
269714;23;11;2015;18:00;0;RUA 35 CONJUNTO POLAR;;;1210;;Atropelamento;Anoitecer;;;Meio de Quadra;;;0;1;0;1;0;0;0;0;0;0;0;0;;
269716;23;11;2015;18:16;0;RUA CANDIDO MAIA;;;0;;Atropelamento;Anoitecer;;;Meio de Quadra;;;0;1;0;1;0;0;0;0;0;0;0;0;;
269718;23;11;2015;18:20;0;RUA STA ELISA D21;;;931;;Atropelamento;Anoitecer;;;Meio de Quadra;;;0;1;0;0;0;0;0;0;0;1;0;0;-3,705668000000000;-38,561702000000000
269710;23;11;2015;17:41;0;AV DOS EXPEDICIONARIOS;;;5151;;Colis?úo;Anoitecer;;;Meio de Quadra;;;0;1;0;0;0;0;0;0;0;0;0;0;-3,765446000000000;-38,541332000000000
269711;23;11;2015;17:50;0;RUA STA CLARA DE ASSIS;;;480;;Colis?úo;Anoitecer;;;Meio de Quadra;;;0;1;0;1;0;0;0;0;0;1;0;0;;
269700;23;11;2015;06:04;0;RUA VITORIA REGIA;;;1158;;Colis?úo;Luz do Dia;;;Meio de Quadra;;;0;1;0;0;0;0;0;0;0;0;0;0;;
269702;23;11;2015;08:01;0;RUA BERNARDO MANUEL;;;7310;;Colis?úo;Luz do Dia;;;;;;0;2;0;1;0;0;0;0;0;1;0;0;-3,782758000000000;-38,546533000000000
269703;23;11;2015;10:18;0;AV PERIMETRAL;;;5748;;Colis?úo;Luz do Dia;;;Meio de Quadra;;;0;1;0;0;0;0;0;0;0;0;0;0;;
269704;23;11;2015;11:43;0;RUA GAL GOIS MONTEIRO;;;274;;Colis?úo;Luz do Dia;;;Meio de Quadra;;;0;1;0;1;0;0;0;0;0;1;0;0;;
269705;23;11;2015;13:09;0;AV AMERICO BARREIRA;;;5193;;Colis?úo;Luz do Dia;;;Meio de Quadra;;;0;1;0;0;0;0;0;0;0;1;0;0;;
269706;23;11;2015;13:31;0;AV B CJ CEARA;;;47;;Atropelamento;Luz do Dia;;;Meio de Quadra;;;0;1;0;0;1;0;0;0;0;0;0;0;-3,763577000000000;-38,602673000000000
269708;23;11;2015;15:02;0;AV SIQUEIRA CAMPOS;;;1380;;Colis?úo;Luz do Dia;;;Meio de Quadra;;;0;1;0;1;0;0;0;0;0;1;0;0;;
264853;23;11;2015;16:00;11293;RUA ROSA CRUZ;RUA LEON GRADVOHL;;0;;Colis?úo Transversal;Luz do Dia;;;Cruz;N?úo H?í Controle;Residencial;0;0;2;1;0;0;0;0;0;0;0;0;-3,798812000000000;-38,567025000000000
264854;23;11;2015;15:30;0;AV ROGACIANO LEITE;;;980;;Capotamento;Luz do Dia;;;Meio de Quadra;;;0;1;1;1;0;0;0;0;0;0;0;0;-3,765682000000000;-38,496020000000000
264855;23;11;2015;14:00;0;AV J CJ JOSE WALTER;;;1690;;Colis?úo Traseira;Luz do Dia;;;Meio de Quadra;;;0;1;1;1;0;0;0;0;0;1;0;0;-3,839399000000000;-38,558198000000000
264856;23;11;2015;11:30;0;RUA RIO TINTO;;;118;;Choque c/ Obst?ículo Fixo;Luz do Dia;;;Meio de Quadra;;;0;0;1;0;0;0;1;0;0;0;0;0;-3,830754000000000;-38,504250000000000
264857;23;11;2015;07:50;9185;RUA DR JOSE VITOR;AV FELINO BARROSO;;0;;Colis?úo Lateral;Luz do Dia;;;;;;0;1;1;1;0;0;0;0;0;1;0;0;-3,747948000000000;-38,528088000000000
264858;23;11;2015;19:00;0;RUA MARIA GOMES DE SA;;;0;;Colis?úo Traseira;;;;Meio de Quadra;;;0;0;2;0;0;0;1;0;0;0;0;0;;
264859;23;11;2015;07:50;18578;RUA HERCULANO PENA;RUA INA BRITO;;0;;Colis?úo Transversal;Luz do Dia;;;;;;0;1;1;0;1;0;0;0;0;1;0;0;-3,825189000000000;-38,597125000000000
264860;23;11;2015;09:30;7765;RUA TIBURCIO CAVALCANTE;RUA DOM EXPEDITO LOPES;;0;;Colis?úo Transversal;Luz do Dia;;;Cruz;Pare;Residencial;0;0;2;1;0;0;0;0;0;0;0;0;-3,743802000000000;-38,505097000000000
264862;23;11;2015;09:50;7773;RUA JOAQUIM NABUCO;RUA DOM EXPEDITO LOPES;;0;;Colis?úo Transversal;Luz do Dia;;;Cruz;Pare;Residencial;0;0;2;1;0;0;0;0;0;0;0;0;-3,744118000000000;-38,504144000000000
264863;23;11;2015;08:00;22886;RUA BERNARDO MANUEL;RUA INACIO PARENTE;;0;;Colis?úo;Luz do Dia;;;Cruz;Sem?íforo;Comercial;0;0;2;1;0;0;0;0;0;0;0;0;-3,781268000000000;-38,546074000000000
264864;23;11;2015;17:20;0;AV CARAPINIMA;;;1750;;Colis?úo Transversal;Anoitecer;;;Meio de Quadra;;;0;0;3;1;0;0;0;0;0;0;0;0;-3,737138000000000;-38,537285000000000
264848;23;11;2015;12:30;0;AV GAL OSORIO DE PAIVA;;;4259;;Colis?úo Traseira;Luz do Dia;;;Meio de Quadra;;;0;1;2;1;0;0;0;0;0;1;0;0;-3,796220000000000;-38,593846000000000
270223;23;11;2015;20:00;0;RUA DR ALMEIDA LUSTOSA (MONDUBIM);;;2160;;Colis?úo;;;;Meio de Quadra;;;0;1;1;0;1;1;0;0;0;0;0;0;;
270856;23;11;2015;07:30;0;RD CE-040;;;0;KM-07;Colis?úo;Luz do Dia;;Seca;Meio de Quadra;;;0;0;2;1;0;0;0;0;0;1;0;0;-3,817953000000000;-38,483160000000000
270892;23;11;2015;17:50;0;RD CE-040;;;0;KM-08;Colis?úo;Anoitecer;;Seca;Meio de Quadra;;;0;0;2;1;0;0;0;0;0;0;0;0;-3,823332000000000;-38,481317000000000
270865;23;11;2015;15:10;0;RD CE-040;;;0;KM-01;Colis?úo Lateral;Luz do Dia;;Seca;Meio de Quadra;;;0;0;2;0;1;0;0;0;0;0;0;0;-3,754877000000000;-38,483270000000000
259395;23;11;2015;14:00;0;RD BR 116;;;4000;KM-04;Colis?úo Traseira;Luz do Dia;Bom;Seca;Meio de Quadra;N?úo H?í Controle;Comercial;0;1;1;0;0;0;0;0;0;1;0;0;-3,788331000000000;-38,510646000000000
259396;23;11;2015;15:35;0;RD BR 116;;;7000;KM-07;Colis?úo Lateral;Luz do Dia;Bom;Seca;Meio de Quadra;N?úo H?í Controle;Comercial;0;0;2;1;1;0;0;0;0;0;0;0;-3,813246000000000;-38,501101000000000
272829;23;11;2015;00:01;3302;AV GAL OSORIO DE PAIVA;RUA LUIS VIEIRA;;0;;Colis?úo;;;;Cruz;Sem?íforo Intermitente;Comercial;0;0;2;0;0;0;0;0;0;0;0;0;-3,790879000000000;-38,588616000000000
272831;23;11;2015;06:30;0;RUA UM (MONDUBIM);;;1090;;Colis?úo;Luz do Dia;;;Meio de Quadra;;;0;0;2;0;0;0;0;0;0;0;0;0;;
272832;23;11;2015;11:16;0;AV CEL CARVALHO;;;2257;;Colis?úo;Luz do Dia;;;Meio de Quadra;;;0;0;2;0;0;0;0;0;0;0;0;0;-3,722352000000000;-38,586633000000000
272833;23;11;2015;14:57;0;LOGRADOURO SEM NOME;;;0;;Choque c/ Obst?ículo Fixo;Luz do Dia;;;Meio de Quadra;;;0;0;1;0;0;0;0;0;0;0;0;0;;
270444;23;11;2015;13:00;0;RUA GAL AFONSO A LIMA;;;0;;Colis?úo;Luz do Dia;;;Meio de Quadra;;;0;1;0;1;0;0;0;0;0;0;0;0;;
270445;23;11;2015;11:30;0;RUA SEN ALVARO ADOLFO;;;1363;;Atropelamento;Luz do Dia;;;Meio de Quadra;;;0;1;0;1;0;0;0;0;0;0;0;0;-3,733403000000000;-38,580950000000000
270437;23;11;2015;04:00;0;RUA AMANCIO FILOMENO;;;188;;Colis?úo;;;;Meio de Quadra;;;0;0;1;1;0;0;0;0;0;0;0;0;;
270438;23;11;2015;08:00;0;RUA PDE VALDEVINO;;;170;;Choque c/ Obst?ículo Fixo;Luz do Dia;;;Meio de Quadra;;;0;0;1;1;0;0;0;0;0;0;0;0;-3,737397000000000;-38,522326000000000
270440;23;11;2015;11:50;329;RUA FRANCISCA CLOTILDE;RUA ALEXANDRE BARAUNA;;0;;;Luz do Dia;;;Cruz;Pare;Residencial;0;1;0;1;0;0;0;0;0;1;0;0;-3,745033000000000;-38,554975000000000
264821;23;11;2015;07:00;0;AV DR SILAS MUNGUBA;;;2728;;Colis?úo Traseira;Luz do Dia;;;Meio de Quadra;;;0;0;3;1;0;0;0;0;0;0;0;0;-3,786757000000000;-38,549477000000000
264818;23;11;2015;06:20;18303;AV ALM BARROSO;RUA ITAPIPOCA;;0;;Colis?úo Lateral;Luz do Dia;;;T;N?úo H?í Controle;Comercial;0;1;1;0;0;0;0;1;0;1;0;0;-3,720403000000000;-38,516762000000000
264810;23;11;2015;16:00;9045;RUA CEL SOLON;RUA COS TRISTAO;;0;;Colis?úo Lateral;Luz do Dia;;;Cruz;N?úo H?í Controle;Residencial;0;0;2;1;0;0;0;0;0;1;0;0;-3,743099000000000;-38,528081000000000
264811;23;11;2015;18:30;0;AV DEP PAULINO ROCHA;;;1459;;Colis?úo Lateral;Anoitecer;;;Meio de Quadra;;;0;1;1;1;0;0;0;0;0;1;0;0;-3,811214000000000;-38,510376000000000
264805;23;11;2015;09:50;8953;AV BEZERRA DE MENEZES;RUA TEOFILO GURGEL;;0;;;Luz do Dia;;;Cruz;N?úo H?í Controle;Comercial;0;0;2;1;0;0;1;0;0;0;0;0;-3,731856000000000;-38,546109000000000
264807;23;11;2015;08:15;0;AV OLAVO BILAC;;;770;;Colis?úo Traseira;Luz do Dia;;;Meio de Quadra;;;0;0;2;1;0;0;0;0;0;0;0;0;-3,727451000000000;-38,565047000000000
264845;23;11;2015;16:00;1378;RUA DES LEITE ALBUQUERQUE;RUA OSVALDO CRUZ (ALDEOTA);;0;;Colis?úo Transversal;Luz do Dia;;;Cruz;Pare;Comercial;0;0;2;1;1;0;0;0;0;0;0;0;-3,736598000000000;-38,500640000000000
264839;23;11;2015;08:35;0;AV AGUANAMBI;;;0;ROTAT?ôRIA;Colis?úo Lateral;Luz do Dia;;;Meio de Quadra;;;0;0;2;1;0;0;1;0;0;0;0;0;-3,755538000000000;-38,523043000000000
264840;23;11;2015;17:43;5482;RUA ANTONIO POMPEU;RUA COS TRISTAO;;0;;Colis?úo Transversal;Anoitecer;;;Cruz;Pare;Comercial;0;1;1;1;0;0;0;0;0;1;0;0;-3,736331000000000;-38,525733000000000
264841;23;11;2015;20:17;0;RUA STA CLARA DE ASSIS;;;0;;Colis?úo;;;;Meio de Quadra;;;0;1;1;1;0;0;0;0;0;1;0;0;;
264842;23;11;2015;14:50;7837;RUA TOMAS ACIOLI;RUA OSVALDO CRUZ (ALDEOTA);;0;;Colis?úo Lateral;Luz do Dia;;;Cruz;Pare;Residencial;0;0;2;1;0;0;0;0;0;0;0;0;-3,746886000000000;-38,503970000000000
264837;23;11;2015;07:10;0;AV SANTOS DUMONT;;;0;;Choque c/ Obst?ículo Fixo;Luz do Dia;;;Meio de Quadra;;;0;0;1;0;0;0;0;0;0;0;0;0;;
264833;23;11;2015;08:20;7903;AV ANTONIO SALES;RUA CEL LINHARES;;0;;Colis?úo Lateral;Luz do Dia;;;;Sem?íforo;Comercial;0;0;2;1;0;0;0;0;0;0;0;0;-3,746964000000000;-38,497481000000000
264831;23;11;2015;15:20;0;RUA MIGUEL CALMON;;;0;;Colis?úo Lateral;Luz do Dia;;;Meio de Quadra;;;0;0;2;1;0;0;0;0;0;0;0;0;;
264826;23;11;2015;07:10;12844;AV FELINO BARROSO;RUA JAIME BENEVOLO;;0;;Colis?úo Traseira;Luz do Dia;;;Y;Pare;Comercial;0;0;2;1;0;0;0;0;0;0;0;0;-3,742348000000000;-38,528763000000000
264827;23;11;2015;21:20;0;AV AGUANAMBI;;;1827;;Colis?úo;;;;Meio de Quadra;;;0;1;1;1;0;1;0;0;0;0;0;0;-3,753592000000000;-38,523421000000000
264828;23;11;2015;13:30;5292;RUA COSTA BARROS;RUA GONCALVES LEDO;;0;;Colis?úo Transversal;Luz do Dia;;;Cruz;Pare;Comercial;0;1;1;1;0;0;0;0;0;1;0;0;-3,729088000000000;-38,515426000000000
272834;24;11;2015;12:22;0;RUA DAS CARAVELAS;;;327;;Colis?úo;Luz do Dia;;;Meio de Quadra;;;0;0;2;0;0;0;0;0;0;0;0;0;;
272835;24;11;2015;14:32;0;RUA SENA MADUREIRA;;;1047;;Colis?úo;Luz do Dia;;;Meio de Quadra;;;0;0;2;0;0;0;0;0;0;0;0;0;-3,730579000000000;-38,525521000000000
272836;24;11;2015;15:10;0;AV PRS CASTELO BRANCO;;;5510;;Colis?úo;Luz do Dia;;;Meio de Quadra;;;0;0;2;0;0;0;0;0;0;0;0;0;;
272837;24;11;2015;16:35;7674;AV JOSE BASTOS;RUA RIO GRANDE DO NORTE;;0;;Colis?úo;Luz do Dia;;;Cruz;Sem?íforo;Comercial;0;0;2;0;0;0;0;0;0;0;0;0;-3,760562000000000;-38,564477000000000
272838;24;11;2015;16:38;0;RUA GAL CORDEIRO NETO;;;731;;Colis?úo;Luz do Dia;;;Meio de Quadra;;;0;0;2;0;0;0;0;0;0;0;0;0;;
259397;24;11;2015;06:37;0;RD BR 116;;;3000;KM-03;Colis?úo Lateral;Luz do Dia;Bom;Seca;Meio de Quadra;N?úo H?í Controle;Comercial;0;0;2;1;0;0;0;0;0;0;0;0;-3,779838000000000;-38,514372000000000
270899;24;11;2015;06:00;0;AV SEN CARLOS JEREISSATI (AEROPORTO);;;0;KM 01;Choque c/ Obst?ículo Fixo;Luz do Dia;;Seca;Meio de Quadra;;;0;1;0;1;0;0;0;0;0;0;0;0;-3,783803000000000;-38,520356000000000
270910;24;11;2015;16:30;0;AV SEN CARLOS JEREISSATI (AEROPORTO);;;0;KM 03;Colis?úo;Luz do Dia;;Seca;Meio de Quadra;;;0;0;2;1;0;0;0;0;0;0;0;0;-3,780382000000000;-38,541414000000000
266529;24;11;2015;14:49;0;AV OLAVO BILAC;;;1102;;Colis?úo;Luz do Dia;;;Meio de Quadra;;;0;0;2;1;0;0;0;0;0;1;0;0;-3,730480000000000;-38,564713000000000
264875;24;11;2015;14:20;0;AV GOV RAUL BARBOSA;;;5080;;Colis?úo Lateral;Luz do Dia;;;Meio de Quadra;;;0;0;2;1;0;0;1;0;0;0;0;0;-3,762624000000000;-38,508379000000000
264868;24;11;2015;18:00;3860;AV 13 DE MAIO;AV DA UNIVERSIDADE;;0;;Colis?úo Traseira;Anoitecer;;;Cruz;Sem?íforo;Comercial;0;0;2;1;0;0;0;0;0;0;0;0;-3,740962000000000;-38,539107000000000
264869;24;11;2015;13:00;0;AV RUI BARBOSA;;;1970;;Colis?úo Traseira;Luz do Dia;;;Meio de Quadra;;;0;1;2;1;0;0;0;0;0;1;0;0;-3,740174000000000;-38,510778000000000
264902;24;11;2015;23:35;3929;RUA SEN POMPEU;RUA ANTONIO POMPEU;;0;;Colis?úo Lateral;;;;Cruz;Sem?íforo;Misto;0;0;2;1;0;0;0;0;0;0;0;0;-3,734439000000000;-38,531891000000000
264903;24;11;2015;22:00;0;RUA ALVARO DE ALENCAR;;;231;;Colis?úo Lateral;;;;Meio de Quadra;;;0;1;1;1;0;0;0;0;0;0;0;0;-3,713252000000000;-38,557534000000000
264904;24;11;2015;14:50;7776;RUA BARBOSA DE FREITAS;RUA HENRIQUETA GALENO;;0;;Colis?úo Lateral;Luz do Dia;;;;;;0;0;2;0;0;0;0;0;0;0;0;0;-3,745110000000000;-38,500101000000000
264886;24;11;2015;20:55;0;AV HERACLITO GRACA;;;330;;Colis?úo Traseira;;;;Meio de Quadra;;;0;0;2;1;0;0;0;0;0;0;0;0;-3,734398000000000;-38,521752000000000
264913;24;11;2015;17:00;5965;AV C CJ CEARA;AV F CJ CEARA;;0;;Colis?úo Transversal;Anoitecer;;;T;Pare;Residencial;0;1;1;0;1;0;0;0;0;1;0;0;-3,762701000000000;-38,609559000000000
264914;24;11;2015;22:30;417;RUA PRO VIRGILIO DE MORAIS;RUA JOSE CARVALHO;;0;;Atropelamento;;;;T;N?úo H?í Controle;Misto;0;2;0;0;0;0;0;0;0;1;0;0;-3,750654000000000;-38,596545000000000
264915;24;11;2015;10:00;0;AV AGUANAMBI;;;841;;Colis?úo Lateral;Luz do Dia;;;Meio de Quadra;;;0;1;1;1;0;0;0;0;0;1;0;0;-3,746548000000000;-38,525056000000000
264916;24;11;2015;12:15;7862;RUA PRO DIAS DA ROCHA;AV ANTONIO SALES;;0;;Colis?úo Lateral;Luz do Dia;;;Cruz;Pare;Comercial;0;1;1;0;0;0;0;0;0;1;0;0;-3,747586000000000;-38,495535000000000
264917;24;11;2015;14:40;0;AV PRS COSTA E SILVA;;;0;;Colis?úo Traseira;Luz do Dia;;;Meio de Quadra;;;0;1;1;1;0;0;0;0;0;1;0;0;;
264918;24;11;2015;07:00;0;AV FRANCISCO SA;;;3190;;Colis?úo Transversal;Luz do Dia;;;Meio de Quadra;;;0;1;1;0;0;0;0;0;0;1;0;0;-3,718106000000000;-38,555264000000000
264919;24;11;2015;09:00;0;RUA MON FURTADO;;;2462;;Colis?úo Lateral;Luz do Dia;;;Meio de Quadra;;;0;1;1;1;0;0;0;0;0;1;0;0;-3,756846000000000;-38,558785000000000
264920;24;11;2015;14:00;19539;AV DR SILAS MUNGUBA;RUA EQUADOR;;0;;Colis?úo Traseira;Luz do Dia;;;Cruz;Sem?íforo;Comercial;0;0;2;1;0;0;0;0;0;0;0;0;-3,782377000000000;-38,555434000000000
264921;24;11;2015;06:30;0;RUA PRO HERIBALDO COSTA;;;794;;Colis?úo Traseira;Luz do Dia;;;Meio de Quadra;;;0;0;2;1;0;0;0;0;0;1;0;0;-3,759919000000000;-38,583816000000000
264922;24;11;2015;06:40;12925;AV AGUANAMBI;AV DOMINGOS OLIMPIO;;0;;Colis?úo Transversal;Luz do Dia;;;;;;0;1;1;1;0;0;0;0;0;1;0;0;-3,738683000000000;-38,524628000000000
264923;24;11;2015;18:00;1375;AV SANTOS DUMONT;RUA BARBOSA DE FREITAS;;0;;Colis?úo Lateral;Anoitecer;;;Cruz;Sem?íforo;Comercial;0;0;2;1;1;0;0;0;0;0;0;0;-3,736551000000000;-38,497363000000000
264924;24;11;2015;13:30;17316;RUA TEN MOACIR MATOS;RUA ZACARIAS GONDIM;;0;;Colis?úo Transversal;Luz do Dia;;;;Pare;Residencial;0;0;2;1;0;0;0;0;0;0;0;0;-3,764447000000000;-38,556819000000000
264925;24;11;2015;08:00;0;AV RUI BARBOSA;;;924;;Colis?úo Lateral;Luz do Dia;;;Meio de Quadra;;;0;0;2;1;0;0;0;0;0;0;0;0;-3,731198000000000;-38,507882000000000
264926;24;11;2015;11:00;0;AV DEP PAULINO ROCHA;;;236;VIADUTO;Colis?úo Lateral;Luz do Dia;;;Meio de Quadra;;;0;1;1;1;0;0;0;0;0;1;0;0;-3,799693000000000;-38,505463000000000
264927;24;11;2015;17:00;19137;RUA BATISTA DE OLIVEIRA;RUA ANDRE DALL OLIO;;0;;Colis?úo Transversal;Anoitecer;;;Cruz;Gesto;Residencial;0;1;1;1;0;0;0;0;0;1;0;0;-3,739190000000000;-38,477454000000000
264906;24;11;2015;13:50;5434;AV HERACLITO GRACA;AV DOM MANUEL;;0;;Colis?úo Lateral;Luz do Dia;;;Cruz;Sem?íforo;Comercial;0;0;2;1;1;0;0;0;0;0;0;0;-3,734013000000000;-38,522952000000000
264889;24;11;2015;10:40;15204;AV ABOLICAO;RUA JULIO IBIAPINA;;0;;Colis?úo Traseira;Luz do Dia;;;Cruz;Sem?íforo;Comercial;0;0;2;1;0;0;0;0;0;0;0;0;-3,726679000000000;-38,491290000000000
264891;24;11;2015;16:20;0;AV PRS COSTA E SILVA;;;854;;Colis?úo Lateral;Luz do Dia;;;Meio de Quadra;;;0;0;2;0;1;0;1;0;0;0;0;0;-3,812535000000000;-38,572563000000000
264892;24;11;2015;07:40;0;RUA JOAO CRISPIM D65;;;1371;;Colis?úo Traseira;Luz do Dia;;;Meio de Quadra;;;0;0;2;0;0;0;1;0;0;0;0;0;;
264893;24;11;2015;06:40;15245;AV ANTONIO JUSTA;RUA LEONARDO MOTA;;0;;Outros;Luz do Dia;;;Cruz;Pare;Comercial;0;1;1;0;0;0;0;0;0;1;0;0;-3,727945000000000;-38,493542000000000
264894;24;11;2015;19:40;1285;AV DOM LUIS;RUA VIS MAUA;;0;;Colis?úo Transversal;;;;Cruz;Pare;Comercial;0;0;2;1;0;0;0;0;0;0;0;0;-3,732923000000000;-38,498390000000000
269721;24;11;2015;00:07;0;AV DEP PAULINO ROCHA;;;1889;;Colis?úo;;;;Meio de Quadra;;;0;1;0;0;0;0;0;0;0;1;1;0;-3,811421000000000;-38,514208000000000
269732;24;11;2015;10:40;22105;RUA ANTONIO MARTINS;RUA CEL NUNES DE MELO;;0;;Colis?úo;Luz do Dia;;;;;;0;1;1;1;0;0;0;0;0;1;0;0;;
269735;24;11;2015;11:23;0;RUA JOAO CORDEIRO;;;1656;;Queda;Luz do Dia;;;Meio de Quadra;;;0;1;0;0;0;0;0;0;0;1;0;0;-3,734874000000000;-38,516025000000000
269724;24;11;2015;07:05;15245;RUA LEONARDO MOTA;AV ANTONIO JUSTA;;0;;Colis?úo;Luz do Dia;;;Cruz;Pare;Comercial;0;1;0;1;0;0;0;0;0;1;0;0;-3,727945000000000;-38,493542000000000
269725;24;11;2015;07:30;21378;AV JOVITA FEITOSA;RUA PRO JOSE DE BARCELOS;;0;;Colis?úo;Luz do Dia;;;Cruz;Sem?íforo Intermitente;Comercial;0;1;0;1;0;0;0;0;0;1;0;0;-3,738516000000000;-38,549933000000000
269727;24;11;2015;07:55;0;RUA PDE RODOLFO;;;529;;Colis?úo;Luz do Dia;;;Meio de Quadra;;;0;1;0;1;0;0;0;0;0;1;0;0;-3,806422000000000;-38,583557000000000
269728;24;11;2015;08:51;3336;RUA VIRIATO RIBEIRO;RUA RIO GRANDE DO SUL;;0;;Colis?úo;Luz do Dia;;;Cruz;Pare;Residencial;0;1;0;1;0;0;0;0;0;1;0;0;-3,750184000000000;-38,561355000000000
269757;24;11;2015;17:13;0;RUA 8 DE SETEMBRO;;;1466;;Colis?úo;Anoitecer;;;Meio de Quadra;;;0;1;0;1;0;0;0;0;0;1;0;0;;
269758;24;11;2015;17:20;19137;RUA BATISTA DE OLIVEIRA;RUA ANDRE DALL OLIO;;0;;Colis?úo;Anoitecer;;;Cruz;Gesto;Residencial;0;1;0;1;0;0;0;0;0;1;0;0;-3,739190000000000;-38,477454000000000
269759;24;11;2015;17:40;0;AV C CJ CEARA;;;0;;Colis?úo;Anoitecer;;;Meio de Quadra;;;0;1;0;0;0;0;0;0;0;0;0;0;;
269761;24;11;2015;20:54;0;RUA DO CANAL (TAUAPE);;;120;;Atropelamento;;;;Meio de Quadra;;;0;1;0;0;0;0;0;0;0;1;0;0;;
269762;24;11;2015;21:24;0;RUA PRO VIRGILIO DE MORAIS;;;240;;Atropelamento;;;;Meio de Quadra;;;0;1;0;0;0;0;0;0;0;1;0;0;;
269753;24;11;2015;14:52;0;AV PERIMETRAL;;;6936;;Colis?úo;Luz do Dia;;;Meio de Quadra;;;0;1;0;1;0;0;0;0;0;1;0;0;;
269743;24;11;2015;13:33;0;RUA CANDIDO MAIA;;;0;FROTINHA ANT. BEZERRA;Colis?úo;Luz do Dia;;;Meio de Quadra;;;0;1;0;0;0;0;0;0;0;0;0;0;;
269740;24;11;2015;12:13;2502;RUA FRANCISCO CALACA;RUA IRINEU DE SOUZA;;0;;Colis?úo;Luz do Dia;;;Cruz;;Residencial;0;1;0;0;0;0;0;0;0;1;0;0;-3,709704000000000;-38,571285000000000