COD_ACIDENTE;DIA;MES;ANO;HORA;INTERSECAO;LOG1;LOG2;LOG3;NUMERO;REFERENCIA;NATUREZA;ILUMINACAO;TEMPO;SUPERFICIEPISTA;TIPOCRUZAMENTO;CONTROLETRAFEGO;USOSOLO;MORTOS;FERIDOS;ILESOS;AUTOMOVEL;ONIBUS;BICICLETA;CAMINHAO;MICROONIBUS;CICLOMOTOR;MOTOCICLETA;TRACAOANIMAL;TREM;LATITUDE;LONGITUDE
272305;24;11;2015;18:40;0;AV MAJ ASSIS;;;718;;Colis?úo;;;;Meio de Quadra;;;1;0;1;0;0;0;0;0;0;1;0;0;-3,723853000000000;-38,585571000000000
272514;25;11;2015;19:10;0;AV MR HULL;;;3100;;Atropelamento;;;;Meio de Quadra;;;1;0;1;1;0;0;0;0;0;0;0;0;;
269783;25;11;2015;00:41;0;RUA PDE GUERRA;;;852;;Colis?úo;;;;Meio de Quadra;;;0;1;0;0;0;0;0;0;0;0;0;0;-3,737722000000000;-38,551723000000000
269792;25;11;2015;07:56;0;RUA 77 CJ JOSE WALTER;;;20;;Queda;Luz do Dia;;;Meio de Quadra;;;0;1;0;0;0;0;0;0;0;1;0;0;-3,831225000000000;-38,553123000000000
269800;25;11;2015;08:03;19739;RUA MOREIRA DE SOUSA;RUA GUSTAVO SAMPAIO;;0;;Colis?úo;Luz do Dia;;;Cruz;Pare;Residencial;0;1;0;1;0;0;0;0;0;1;0;0;-3,737367000000000;-38,566650000000000
269808;25;11;2015;08:04;7650;AV CARNEIRO DE MENDONCA;RUA BELO HORIZONTE;;0;;Colis?úo;Luz do Dia;;;Cruz;Pare;Misto;0;1;0;1;0;0;0;0;0;1;0;0;-3,763666000000000;-38,567567000000000
269815;25;11;2015;09:01;0;AV PRO GOMES DE MATOS;;;704;;Colis?úo;Luz do Dia;;;Meio de Quadra;;;0;1;0;1;0;0;0;0;0;1;0;0;-3,759131000000000;-38,543878000000000
269811;25;11;2015;08:42;22117;RUA PAPI JUNIOR;RUA PRO COSTA MENDES;;0;;Colis?úo;Luz do Dia;;;Cruz;Pare;Residencial;0;1;0;1;0;0;0;0;0;1;0;0;-3,748342000000000;-38,553931000000000
269819;25;11;2015;09:07;0;AV DR SILAS MUNGUBA;;;6447;;Colis?úo;Luz do Dia;;;Meio de Quadra;;;0;1;0;1;0;0;0;0;0;1;0;0;;
269834;25;11;2015;15:20;3767;AV DOMINGOS OLIMPIO;AV IMPERADOR;;0;;Colis?úo;Luz do Dia;;;Cruz;Sem?íforo;Comercial;0;1;0;1;0;0;0;0;0;1;0;0;-3,734790000000000;-38,536697000000000
269854;25;11;2015;21:48;0;AV ENG HUMBERTO MONTE;;;0;;Queda;;;;Meio de Quadra;;;0;1;0;0;0;1;0;0;0;0;0;0;;
269855;25;11;2015;22:03;0;RUA PRO EDGAR DE ARRUDA;;;1579;;Queda;;;;Meio de Quadra;;;0;1;0;0;0;0;0;0;0;1;0;0;-3,756215000000000;-38,588570000000000
269847;25;11;2015;19:06;0;RUA ANTONELE BEZERRA;;;255;;Queda;;;;Meio de Quadra;;;0;1;0;0;0;0;0;0;0;1;0;0;-3,725004000000000;-38,505993000000000
269852;25;11;2015;20:07;2755;RUA BOM JESUS (GRANJA LISBOA);RUA CEL VIRGILIO NOGUEIRA (BOM JARDIM);;0;;Colis?úo;;;;Cruz;Cancela;Misto;0;1;0;1;0;0;0;0;0;1;0;0;-3,791684000000000;-38,609686000000000
269850;25;11;2015;19:13;19683;RUA AZEVEDO BOLAO;RUA PRO JOSE DE BARCELOS;;0;;Outros;;;;Cruz;Pare;Residencial;0;1;0;0;0;0;0;0;0;1;0;0;-3,735196000000000;-38,550610000000000
269842;25;11;2015;17:27;12699;AV CEL CARVALHO;AV MAJ ASSIS;;0;;Queda;Anoitecer;;;Cruz;Sem?íforo;Residencial;0;1;0;0;0;0;0;0;0;1;0;0;-3,723796000000000;-38,586255000000000
265067;25;11;2015;07:30;15342;RUA PEREIRA VALENTE;RUA OSVALDO CRUZ (ALDEOTA);;0;;Colis?úo Transversal;Luz do Dia;;;Cruz;Pare;Residencial;0;1;2;1;0;0;0;0;0;1;0;0;-3,731621000000000;-38,499032000000000
265057;25;11;2015;13:45;2822;AV GAL OSORIO DE PAIVA;RUA OSCAR ARARIPE;;0;;Colis?úo Transversal;Luz do Dia;;;T;Sem?íforo;Comercial;0;1;1;0;0;0;0;0;0;1;0;0;-3,794165000000000;-38,591823000000000
265060;25;11;2015;06:00;0;AV GAL OSORIO DE PAIVA;;;1472;;Choque c/ Obst?ículo Fixo;Luz do Dia;;;Meio de Quadra;;;0;0;1;1;0;0;0;0;0;0;0;0;-3,780901000000000;-38,574833000000000
265055;25;11;2015;07:40;6721;RUA BENTO ALBUQUERQUE;AV ENG SANTANA JUNIOR;;0;;Colis?úo Lateral;Luz do Dia;;;Cruz;Sem?íforo;Misto;0;0;2;1;0;0;0;0;0;1;0;0;-3,742678000000000;-38,486538000000000
265052;25;11;2015;09:20;22117;RUA PRO COSTA MENDES;RUA PAPI JUNIOR;;0;;Colis?úo Transversal;Luz do Dia;;;Cruz;Pare;Residencial;0;0;2;1;0;0;0;0;0;1;0;0;-3,748342000000000;-38,553931000000000
265041;25;11;2015;10:00;0;RUA NOGUEIRA ACIOLI;;;252;;Colis?úo Lateral;Luz do Dia;;;Meio de Quadra;;;0;1;0;1;0;0;0;0;0;1;0;0;-3,726009000000000;-38,515642000000000
265063;25;11;2015;19:00;19683;RUA PRO JOSE DE BARCELOS;RUA AZEVEDO BOLAO;;0;;Colis?úo Transversal;;;;Cruz;Pare;Residencial;0;1;1;1;0;0;0;0;0;0;0;0;-3,735196000000000;-38,550610000000000
265069;25;11;2015;06:40;6914;AV CONTORNO NORTE D71;RUA 113 CJ ESPERANCA;;0;;Colis?úo Lateral Sentido Oposto;Luz do Dia;;;;;;0;1;1;0;1;0;0;0;0;1;0;0;-3,809508000000000;-38,591748000000000
265072;25;11;2015;09:00;20005;AV DR SILAS MUNGUBA;RUA DES OTACILIO PEIXOTO;;0;;Colis?úo Traseira;Luz do Dia;;;T;Sem?íforo;Misto;0;1;1;1;0;0;0;0;0;1;0;0;-3,800419000000000;-38,530329000000000
265084;25;11;2015;08:10;19739;RUA GUSTAVO SAMPAIO;RUA MOREIRA DE SOUSA;;0;;Colis?úo Transversal;Luz do Dia;;;Cruz;Pare;Residencial;0;3;0;0;0;0;0;0;0;1;0;0;-3,737367000000000;-38,566650000000000
265085;25;11;2015;07:00;6756;AV ANTONIO SALES;AV ENG SANTANA JUNIOR;;0;;Colis?úo Traseira;Luz do Dia;;;Outros;N?úo H?í Controle;Comercial;0;1;1;1;0;0;0;0;0;1;0;0;-3,749257000000000;-38,490039000000000
265044;25;11;2015;08:10;7840;AV BAR STUDART;AV SORIANO ALBUQUERQUE;;0;;Colis?úo Lateral;Luz do Dia;;;Cruz;Sem?íforo;Misto;0;0;2;1;1;0;0;0;0;0;0;0;-3,750183000000000;-38,511573000000000
265045;25;11;2015;21:00;13507;RUA DR JOSE LOURENCO;RUA CEL ALVES TEIXEIRA;;0;;Colis?úo Traseira;;;;Cruz;N?úo H?í Controle;Comercial;0;0;2;1;0;0;0;0;0;0;0;0;-3,746256000000000;-38,511496000000000
265047;25;11;2015;14:45;5370;RUA METON DE ALENCAR;RUA PRC ISABEL;;0;;Colis?úo Lateral;Luz do Dia;;;Cruz;Pare;Comercial;0;0;2;1;0;0;0;0;0;0;0;0;-3,731614000000000;-38,536973000000000
265048;25;11;2015;07:50;7849;RUA JOSE VILAR;RUA FRANCISCO HOLANDA;;0;;Colis?úo Transversal;Luz do Dia;;;Cruz;Pare;Residencial;0;0;2;1;0;0;0;0;0;0;0;0;-3,747448000000000;-38,508441000000000
265049;25;11;2015;14:30;0;RUA CEL FRANCISCO PEREIRA (MESSEJANA);;;0;;Colis?úo Traseira;Luz do Dia;;;Meio de Quadra;;;0;0;2;1;1;0;0;0;0;0;0;0;;
265050;25;11;2015;03:00;1358;AV SANTOS DUMONT;AV DES MOREIRA;;0;;Colis?úo Transversal;;;;Cruz;Sem?íforo;Comercial;0;0;2;1;0;0;0;0;0;0;0;0;-3,736226000000000;-38,498365000000000
265039;25;11;2015;10:30;5189;RUA PDE IBIAPINA;RUA PEDRO PEREIRA;;0;;Colis?úo Traseira;Luz do Dia;;;Cruz;N?úo H?í Controle;Escola;0;0;2;1;0;0;0;0;0;0;0;0;-3,725940000000000;-38,540601000000000
265023;25;11;2015;19:00;0;AV SEN CARLOS JEREISSATI (AEROPORTO);;;0;;Colis?úo Traseira;;;;Meio de Quadra;;;0;0;2;1;0;0;0;0;0;1;0;0;;
265027;25;11;2015;17:10;0;AV ANTONIO SALES;;;1840;;Colis?úo Traseira;Anoitecer;;;Meio de Quadra;;;0;0;2;1;0;0;0;0;0;0;0;0;-3,743904000000000;-38,507381000000000
265016;25;11;2015;17:20;3320;RUA VIRIATO RIBEIRO;RUA ARGENTINA;;0;;Colis?úo Transversal;Anoitecer;;;Cruz;Pare;Comercial;0;0;2;1;0;0;0;0;0;0;0;0;-3,747181000000000;-38,564284000000000
264952;25;11;2015;07:20;743;AV PRS CASTELO BRANCO;AV PASTEUR;;0;;Colis?úo Traseira;Luz do Dia;;;Cruz;Sem?íforo;Comercial;0;2;1;1;0;0;0;0;0;1;0;0;-3,711181000000000;-38,558856000000000
264948;25;11;2015;07:30;0;AV PRS CASTELO BRANCO;;;3319;;Engavetamento;Luz do Dia;;;Meio de Quadra;;;0;0;4;1;1;0;0;0;0;0;0;0;-3,710527000000000;-38,560877000000000
264946;25;11;2015;19:30;0;AV JOAO DE ARAUJO LIMA;;;801;;Colis?úo Lateral;;;;Meio de Quadra;;;0;0;2;0;0;0;1;0;0;0;0;0;-3,828957000000000;-38,559693000000000
264970;25;11;2015;15:05;7837;RUA OSVALDO CRUZ (ALDEOTA);RUA TOMAS ACIOLI;;0;;Colis?úo Transversal;Luz do Dia;;;Cruz;Pare;Residencial;0;0;2;1;0;0;0;0;0;0;0;0;-3,746886000000000;-38,503970000000000
264967;25;11;2015;08:00;3356;AV ENG HUMBERTO MONTE;RUA MAJ PEDRO SAMPAIO;;0;;Colis?úo Traseira;Luz do Dia;;;Cruz;Pare;Comercial;0;0;2;1;0;0;0;0;0;0;0;0;-3,751481000000000;-38,558609000000000
264963;25;11;2015;12:50;12837;AV DOMINGOS OLIMPIO;RUA JAIME BENEVOLO;;0;;Colis?úo Traseira;Luz do Dia;;;Cruz;Sem?íforo;Comercial;0;0;2;1;0;0;0;0;0;0;0;0;-3,737780000000000;-38,527245000000000
264955;25;11;2015;08:30;5338;RUA PINTO MADEIRA;RUA VINTE E CINCO DE MARCO;;0;;Colis?úo Transversal;Luz do Dia;;;Cruz;Pare;Residencial;0;1;1;1;0;0;0;0;0;1;0;0;-3,730648000000000;-38,522925000000000
264987;25;11;2015;09:30;0;AV PRO GOMES DE MATOS;;;0;;Colis?úo Lateral;Luz do Dia;;;Meio de Quadra;;;0;1;1;1;0;0;0;0;0;1;0;0;-3,759131000000000;-38,543878000000000
264985;25;11;2015;17:00;5112;RUA BAR RIO BRANCO;RUA CASTRO E SILVA;;0;;Colis?úo Lateral;Anoitecer;;;Cruz;Sem?íforo;Comercial;0;0;2;1;0;0;0;0;0;0;0;0;-3,723847000000000;-38,527429000000000
264978;25;11;2015;16:15;1462;RUA JOAO CARVALHO;RUA NUNES VALENTE;;0;;;Luz do Dia;;;Cruz;Pare;Comercial;0;0;2;1;0;0;0;0;0;0;0;0;-3,738599000000000;-38,504491000000000
264997;25;11;2015;07:45;15136;AV MON TABOSA;RUA ANTONIO AUGUSTO;;0;;Colis?úo;Luz do Dia;;;Cruz;Pare;Comercial;0;0;2;1;0;0;0;0;0;0;0;0;-3,724092000000000;-38,511469000000000
265008;25;11;2015;17:40;10844;RUA TUPI D35;RUA PORTO ALEGRE;;0;;Colis?úo Transversal;Anoitecer;;;Cruz;Pare;Residencial;0;1;1;1;0;0;0;0;0;1;0;0;-3,765120000000000;-38,581470000000000
265004;25;11;2015;17:30;0;AV ALBERTO CRAVEIRO;;;2770;CASTELAO;Atropelamento;Anoitecer;;;Meio de Quadra;;;1;0;1;1;0;0;0;0;0;0;0;0;-3,805335000000000;-38,523255000000000
264943;25;11;2015;07:20;5402;RUA METON DE ALENCAR;RUA VINTE E QUATRO DE MAIO;;0;;Colis?úo Transversal;Luz do Dia;;;Cruz;Pare;Escola;0;0;2;1;0;0;0;0;0;0;0;0;-3,732626000000000;-38,533848000000000
266538;25;11;2015;16:06;0;RUA FRE MANSUETO;AV ANTONIO JUSTA;RUA ANA BILHAR;0;;Colis?úo;Luz do Dia;;;Meio de Quadra;;;0;0;2;1;0;0;0;0;0;0;0;0;;
274302;25;11;2015;04:30;0;RUA DESCONHECIDA;;;0;;Queda;;;;Meio de Quadra;;;1;0;0;0;0;1;0;0;0;0;0;0;;
270940;25;11;2015;14:30;0;RD CE-040;;;0;KM-02;Colis?úo;Luz do Dia;;Seca;Meio de Quadra;;;0;0;2;1;0;0;0;0;0;0;0;0;-3,776479000000000;-38,481598000000000
259398;25;11;2015;15:30;0;RD BR 116;;;11000;KM-11;Colis?úo Lateral;Luz do Dia;Bom;Seca;Meio de Quadra;N?úo H?í Controle;Comercial;0;0;2;1;0;0;0;0;0;0;0;0;-3,847160000000000;-38,497176000000000
259399;25;11;2015;19:10;0;RD BR 116;;;11000;KM-11;Capotamento;Via Iluminada;Bom;Seca;Meio de Quadra;N?úo H?í Controle;Comercial;0;0;1;1;0;0;0;0;0;0;0;0;-3,847160000000000;-38,497176000000000
272839;25;11;2015;07:53;0;AV PRS COSTA E SILVA;;;2670;;Colis?úo;Luz do Dia;;;Meio de Quadra;;;0;0;2;0;0;0;0;0;0;0;0;0;;
272840;25;11;2015;09:03;0;RUA AFONSO LOPES;;;141;;Colis?úo;Luz do Dia;;;;;;0;0;2;0;0;0;0;0;0;0;0;0;-3,789390000000000;-38,547085000000000
272841;25;11;2015;12:11;4766;RUA MONTE PASCOAL;RUA SAO FELIPE D71;;0;;Colis?úo;Luz do Dia;;;;;;0;0;2;0;0;0;0;0;0;0;0;0;-3,804646000000000;-38,599931000000000
272842;25;11;2015;16:43;0;RUA MIN ALBUQUERQUE LIMA;;;0;;Colis?úo;Luz do Dia;;;Meio de Quadra;;;0;0;2;0;0;0;0;0;0;0;0;0;;
272843;25;11;2015;21:10;0;RUA EDUARDO PORTO;;;2466;;Colis?úo;;;;Meio de Quadra;;;0;0;2;0;0;0;0;0;0;0;0;0;;
270447;25;11;2015;11:00;0;AV AGUANAMBI;;;1980;VIADUTO-13 DE MAIO;Colis?úo;Luz do Dia;;;Meio de Quadra;;;0;1;0;1;0;0;0;0;0;1;0;0;-3,753895000000000;-38,523477000000000
272844;26;11;2015;11:14;0;AV PDE ANTONIO TOMAS;;;2400;;Colis?úo;Luz do Dia;;;Meio de Quadra;;;0;0;2;0;0;0;0;0;0;0;0;0;-3,743050000000000;-38,490792000000000
272845;26;11;2015;11:15;154;RUA ANARIO BRAGA;RUA TOMAS RODRIGUES;;0;;Colis?úo;Luz do Dia;;;Cruz;Pare;Residencial;0;0;2;0;0;0;0;0;0;0;0;0;-3,736531000000000;-38,594415000000000
272846;26;11;2015;17:10;0;AV GAL OSORIO DE PAIVA;;;4170;;Colis?úo;Anoitecer;;;Meio de Quadra;;;0;0;2;0;0;0;0;0;0;0;0;0;-3,792695000000000;-38,590364000000000
265258;26;11;2015;16:45;0;RUA BAR RIO BRANCO;;;0;;Colis?úo Lateral;Luz do Dia;;;Meio de Quadra;;;0;0;2;1;0;0;0;0;0;0;0;0;;
265256;26;11;2015;16:30;0;RUA EUSEBIO DE SOUZA;;;0;;Colis?úo Lateral;Luz do Dia;;;Meio de Quadra;;;0;0;2;1;0;0;0;0;0;0;0;0;;
265264;26;11;2015;13:30;0;AV MON TABOSA;;;314;;Colis?úo Traseira;Luz do Dia;;;Meio de Quadra;;;0;2;1;1;0;0;0;0;0;1;0;0;-3,723759000000000;-38,516535000000000
265240;26;11;2015;10:00;3809;AV CARAPINIMA;RUA PDE FRANCISCO PINTO;;0;;Colis?úo Lateral;Luz do Dia;;;Cruz;Sem?íforo;Misto;0;0;2;1;1;0;0;0;0;0;0;0;-3,741723000000000;-38,541958000000000
265241;26;11;2015;07:40;0;AV PRS COSTA E SILVA;;;0;;Colis?úo Lateral;Luz do Dia;;;Meio de Quadra;;;0;0;2;1;1;0;0;0;0;0;0;0;;
265254;26;11;2015;16:00;0;RUA JORGE DUMAR;;;2054;;Colis?úo Lateral;Luz do Dia;;;Meio de Quadra;;;0;1;1;0;0;0;0;0;0;1;0;0;-3,753939000000000;-38,539657000000000
265251;26;11;2015;10:05;0;AV PRS CASTELO BRANCO;;;0;;Colis?úo Traseira;Luz do Dia;;;Meio de Quadra;;;0;0;2;1;0;0;0;0;0;1;0;0;;
265247;26;11;2015;16:00;17436;RUA EQUADOR;RUA TRES MARIAS D39 (MONTESE);;0;;Colis?úo Lateral;Luz do Dia;;;Cruz;Sem?íforo;Comercial;0;2;0;0;0;0;0;0;0;1;0;0;-3,768994000000000;-38,550757000000000
265238;26;11;2015;08:00;0;AV GODOFREDO MACIEL;;;606;;Colis?úo Lateral;Luz do Dia;;;Meio de Quadra;;;0;0;2;1;0;0;0;0;0;0;0;0;-3,781569000000000;-38,565351000000000
265203;26;11;2015;12:20;0;AV AGUANAMBI;;;1200;;Colis?úo Transversal;Luz do Dia;;;Meio de Quadra;;;0;0;2;0;0;0;0;1;0;0;0;0;-3,747182000000000;-38,524750000000000
265198;26;11;2015;08:30;20042;AV PRS JUSCELINO KUBITSCHEK (PASSAR?ë);AV DEP PAULINO ROCHA;;0;;Colis?úo Traseira;Luz do Dia;;;;;;0;0;2;1;0;0;0;0;0;0;0;0;-3,807229000000000;-38,524782000000000
265196;26;11;2015;07:00;9114;AV BORGES DE MELO;RUA DEP OSWALDO STUDART;;0;;Colis?úo Lateral;Luz do Dia;;;Cruz;Sem?íforo;Comercial;0;0;2;1;1;0;0;0;0;0;0;0;-3,758147000000000;-38,532143000000000
265207;26;11;2015;21:30;0;AV EDILSON B SOARES;;;0;;Colis?úo Lateral;;;;Meio de Quadra;;;0;0;2;1;0;0;0;0;0;0;0;0;;
265214;26;11;2015;08:40;0;AV JOSE BASTOS;;;4400;CENTER BOX;Colis?úo;Luz do Dia;;;Meio de Quadra;;;0;0;3;1;1;0;0;0;0;0;0;0;-3,755265000000000;-38,555754000000000
265212;26;11;2015;08:00;24310;RUA DELMIRO GOUVEIA;RUA OSORIO PALMELLA;;0;;Colis?úo Transversal;Luz do Dia;;;Cruz;Pare;Misto;0;0;2;1;0;0;0;0;0;0;0;0;-3,737052000000000;-38,488032000000000
265218;26;11;2015;08:30;0;AV GAL OSORIO DE PAIVA;;;5748;;Engavetamento;Luz do Dia;;;Meio de Quadra;;;0;0;4;1;0;0;0;0;0;0;0;0;-3,806792000000000;-38,604089000000000
265233;26;11;2015;13:50;0;RUA PDE ANTONINO;;;626;;Colis?úo Transversal;Luz do Dia;;;Meio de Quadra;;;0;0;2;1;0;0;0;0;0;0;0;0;-3,745871000000000;-38,520480000000000
265234;26;11;2015;19:30;14421;AV SGT HERMINIO SAMPAIO;RUA PDE ANCHIETA;;0;;Colis?úo Lateral;;;;Cruz;Sem?íforo;Comercial;0;0;2;1;0;0;1;0;0;0;0;0;-3,724693000000000;-38,551079000000000
265115;26;11;2015;13:40;10428;RUA HUMAITA D73;RUA 30 DE MAIO D73;;0;;Colis?úo Transversal;Luz do Dia;;;;;;0;2;0;0;0;0;0;0;0;1;0;0;-3,762942000000000;-38,601042000000000
265119;26;11;2015;11:00;1280;RUA ILDEFONSO ALBANO;RUA PINTO MADEIRA;;0;;Colis?úo Transversal;Luz do Dia;;;Cruz;Sem?íforo;Residencial;0;0;2;1;0;0;0;0;0;0;0;0;-3,733610000000000;-38,513317000000000
265132;26;11;2015;23:00;21602;RUA CON DE CASTRO;RUA STA LIDUINA D42;;0;;Colis?úo Transversal;;;;;;;0;2;0;0;0;0;0;0;0;1;0;0;-3,797482000000000;-38,584986000000000
265126;26;11;2015;07:25;0;RUA MARIA GOMES DE SA;;;1548;;Colis?úo Traseira;Luz do Dia;;;Meio de Quadra;;;0;0;3;1;0;0;0;0;0;0;0;0;-3,823905000000000;-38,583589000000000
265151;26;11;2015;18:50;243;AV JOVITA FEITOSA;RUA COS ALVARO DE OLIVEIRA;;0;;Colis?úo Traseira;;;;Cruz;Pare;Comercial;0;0;2;1;0;0;0;0;0;0;0;0;-3,739649000000000;-38,555411000000000
265143;26;11;2015;12:45;0;RUA JAIME BENEVOLO;;;272;;Colis?úo Traseira;Luz do Dia;;;Meio de Quadra;;;0;0;2;0;0;0;0;1;0;0;0;0;-3,734511000000000;-38,526168000000000
265178;26;11;2015;15:30;22127;RUA GUSTAVO BRAGA;RUA MAJ PEDRO SAMPAIO;;0;;Colis?úo Lateral;Luz do Dia;;;Cruz;Pare;Residencial;0;0;2;1;0;0;0;0;0;0;0;0;-3,748479000000000;-38,555389000000000
265188;26;11;2015;18:15;0;RUA FIS VIEIRA;;;4218;;Colis?úo;Anoitecer;;;Meio de Quadra;;;0;1;1;1;0;0;1;0;0;0;0;0;-3,758283000000000;-38,514984000000000
265156;26;11;2015;07:30;15205;AV ABOLICAO;RUA OSVALDO CRUZ (ALDEOTA);;0;;Choque c/ Obst?ículo Fixo;Luz do Dia;;;Cruz;N?úo H?í Controle;Residencial;0;1;0;0;0;0;0;0;0;1;0;0;-3,726690000000000;-38,497445000000000
265163;26;11;2015;09:30;19157;RUA DES WALDETARIO P MOTA;RUA JOAQUIM LIMA;;0;;Colis?úo Transversal;Luz do Dia;;;Cruz;Pare;Misto;0;1;1;0;0;0;0;0;1;0;0;0;-3,740333000000000;-38,482830000000000
270944;26;11;2015;14:45;0;RD CE-040;;;0;KM-08;Colis?úo;Luz do Dia;;Seca;Meio de Quadra;;;0;0;2;1;0;0;0;0;0;0;0;0;-3,823332000000000;-38,481317000000000
270949;26;11;2015;19:47;0;RD CE-040;;;0;KM-03;Colis?úo;Via Iluminada;;Seca;Meio de Quadra;;;0;2;1;1;0;0;0;0;0;1;0;0;-3,783185000000000;-38,481014000000000
266545;26;11;2015;14:56;24427;RUA ESPERANTO D14;RUA RAUL CABRAL;;0;;Colis?úo;Luz do Dia;;;Cruz;Pare;Lazer;0;0;2;0;0;0;0;0;0;0;0;0;-3,770030000000000;-38,541215000000000
266547;26;11;2015;16:50;0;RUA DR JOAQUIM BENTO;;;0;;Colis?úo;Luz do Dia;;;Meio de Quadra;;;0;0;2;1;0;0;1;0;0;0;0;0;;
265086;26;11;2015;21:00;9155;AV EDUARDO GIRAO;AV LUCIANO CARNEIRO;;0;;Colis?úo Transversal;;;;Cruz;Sem?íforo;Comercial;0;2;0;1;0;0;0;0;0;0;0;0;-3,752275000000000;-38,532811000000000
265087;26;11;2015;07:00;0;AV JOAO PESSOA;;;3532;;Atropelamento;Luz do Dia;;;Meio de Quadra;;;0;1;1;0;0;0;0;0;0;0;0;0;-3,746539000000000;-38,544161000000000
265090;26;11;2015;18:10;24969;AV PDE ANTONIO TOMAS;AV ALM HENRIQUE SABOIA;;0;;Colis?úo Lateral;Anoitecer;;;Cruz;Sem?íforo;Misto;0;0;2;1;1;0;0;0;0;0;0;0;-3,743493000000000;-38,489455000000000
265091;26;11;2015;08:00;0;AV DOS EXPEDICIONARIOS;;;7910;;Atropelamento;Luz do Dia;;;Meio de Quadra;;;0;2;0;0;0;0;0;0;0;1;0;0;-3,788242000000000;-38,548222000000000
265092;26;11;2015;20:27;15126;AV HIS RAIMUNDO GIRAO;AV RUI BARBOSA;;0;;Colis?úo Lateral;;;;Cruz;Sem?íforo;Lazer;0;0;2;1;0;0;1;0;0;0;0;0;-3,723546000000000;-38,505405000000000
265093;26;11;2015;13:05;0;RUA SEN POMPEU;;;0;;Colis?úo Traseira;Luz do Dia;;;Meio de Quadra;;;0;0;2;1;1;0;0;0;0;0;0;0;;
265094;26;11;2015;14:30;13550;AV SORIANO ALBUQUERQUE;RUA CARLOS VASCONCELOS;;0;;Colis?úo Lateral;Luz do Dia;;;Com Via F?®rrea;N?úo H?í Controle;Residencial;0;0;2;1;0;0;0;0;0;0;0;0;-3,748783000000000;-38,515960000000000
265095;26;11;2015;11:00;0;AV DOS EXPEDICIONARIOS;;;9360;;Colis?úo Traseira;Luz do Dia;;;Meio de Quadra;;;0;0;2;1;0;0;0;0;0;0;0;0;-3,801985000000000;-38,552393000000000
265096;26;11;2015;06:20;0;RUA JORGE DUMAR;;;2073;;Colis?úo Lateral;Luz do Dia;;;Meio de Quadra;;;0;0;2;0;1;0;0;0;0;0;0;0;-3,754002000000000;-38,539672000000000
269925;26;11;2015;17:24;5501;RUA PDE VALDEVINO;RUA GONCALVES LEDO;;0;;Colis?úo;Anoitecer;;;Cruz;N?úo H?í Controle;Comercial;0;1;0;1;0;0;0;0;0;1;0;0;-3,738571000000000;-38,518610000000000
269926;26;11;2015;17:30;17605;RUA ACRE;RUA MARANHAO;;0;;Colis?úo;Anoitecer;;;Cruz;;Residencial;0;1;0;1;0;0;0;0;0;1;0;0;-3,757241000000000;-38,563292000000000
269920;26;11;2015;17:11;0;RUA VITORIA;;;637;;Colis?úo;Anoitecer;;;Meio de Quadra;;;0;1;0;1;0;0;0;0;0;1;0;0;;
269909;26;11;2015;13:41;0;RUA LUIS VIEIRA;;;726;;Colis?úo;Luz do Dia;;;Meio de Quadra;;;0;1;0;0;0;0;0;0;0;0;0;0;;
269893;26;11;2015;12:58;0;AV PERIMETRAL;;;0;;Colis?úo;Luz do Dia;;;Meio de Quadra;;;0;1;0;1;0;0;0;0;0;1;0;0;;
269895;26;11;2015;13:07;0;RUA JOSE TORRES;;;759;;Colis?úo;Luz do Dia;;;Meio de Quadra;;;0;1;0;0;0;0;0;0;0;0;0;0;-3,777732000000000;-38,606648000000000
269867;26;11;2015;07:08;26236;RUA BERNARDO MANUEL;AV DR SILAS MUNGUBA;;0;;Colis?úo;Luz do Dia;;;;;;0;1;0;1;0;0;0;0;0;1;0;0;-3,787538000000000;-38,547960000000000
269863;26;11;2015;07:06;0;AV GAL OSORIO DE PAIVA;;;0;;Atropelamento;Luz do Dia;;;Meio de Quadra;;;0;1;0;0;1;0;0;0;0;0;0;0;;
269861;26;11;2015;06:00;0;AV DUQ CAXIAS;;;928;;Colis?úo;Luz do Dia;;;Meio de Quadra;;;0;1;0;1;0;0;0;0;0;1;0;0;-3,730885000000000;-38,532688000000000
269883;26;11;2015;10:11;0;AV PRS CASTELO BRANCO;;;0;;Atropelamento;Luz do Dia;;;Meio de Quadra;;;0;1;0;0;0;0;0;0;0;0;0;0;;
269872;26;11;2015;07:10;0;AV BEZERRA DE MENEZES;;;0;;Atropelamento;Luz do Dia;;;Meio de Quadra;;;0;1;0;0;1;0;0;0;0;0;0;0;;
269875;26;11;2015;07:17;0;AV ABOLICAO;;;2324;;Queda;Luz do Dia;;;Meio de Quadra;;;0;1;0;0;0;0;0;0;0;1;0;0;-3,726444000000000;-38,498211000000000
269881;26;11;2015;08:25;24605;RUA E CJ VILA VELHA;RUA GAMA;;0;;Atropelamento;Luz do Dia;;;Cruz;N?úo H?í Controle;Residencial;0;1;0;1;0;0;0;0;0;0;0;0;-3,712317000000000;-38,601681000000000