COD_ACIDENTE;DIA;MES;ANO;HORA;INTERSECAO;LOG1;LOG2;LOG3;NUMERO;REFERENCIA;NATUREZA;ILUMINACAO;TEMPO;SUPERFICIEPISTA;TIPOCRUZAMENTO;CONTROLETRAFEGO;USOSOLO;MORTOS;FERIDOS;ILESOS;AUTOMOVEL;ONIBUS;BICICLETA;CAMINHAO;MICROONIBUS;CICLOMOTOR;MOTOCICLETA;TRACAOANIMAL;TREM;LATITUDE;LONGITUDE
269879;26;11;2015;08:13;0;AV N CJ JOSE WALTER;;;1104;;Colis?úo;Luz do Dia;;;Meio de Quadra;;;0;1;0;1;0;0;0;0;0;1;0;0;-3,831583000000000;-38,560290000000000
269937;26;11;2015;17:46;0;RUA COSTA BARROS;;;0;;Colis?úo;Anoitecer;;;Meio de Quadra;;;0;1;0;1;0;0;0;0;0;1;0;0;;
269941;26;11;2015;17:50;0;AV GODOFREDO MACIEL;;;0;;Colis?úo;Anoitecer;;;Meio de Quadra;;;0;1;0;1;0;0;0;0;0;1;0;0;;
269945;26;11;2015;18:08;0;RUA GERMANO FRANCK;;;935;;Colis?úo;Anoitecer;;;Meio de Quadra;;;0;1;0;1;0;0;0;0;0;1;0;0;-3,779024000000000;-38,564127000000000
269949;26;11;2015;19:48;0;AV WASHINGTON SOARES;;;2050;;Colis?úo;;;;Meio de Quadra;;;0;1;0;1;0;0;0;0;0;1;0;0;-3,776707000000000;-38,481577000000000
269959;26;11;2015;20:44;0;RUA VITORIA;;;1294;;Atropelamento;;;;Meio de Quadra;;;0;1;0;1;0;0;0;0;0;0;0;0;;
269960;26;11;2015;21:58;0;AV PERIMETRAL;;;3426;;Colis?úo;;;;Meio de Quadra;;;0;1;0;0;0;0;0;0;0;1;0;0;;
269954;26;11;2015;20:19;0;AV CONTORNO OESTE D71;;;195;;Colis?úo;;;;Meio de Quadra;;;0;1;0;0;0;0;0;0;0;1;0;0;;
269955;26;11;2015;20:41;0;RUA MARTINS CARVALHO;;;4351;;Queda;;;;;;;0;1;0;0;0;0;0;0;0;1;0;0;-3,788557000000000;-38,627573000000000
269970;27;11;2015;07:14;0;AV GAL OSORIO DE PAIVA;;;1494;;Colis?úo;Luz do Dia;;;Meio de Quadra;;;0;1;0;1;0;0;0;0;0;1;0;0;-3,780991000000000;-38,574971000000000
269995;27;11;2015;13:56;0;AV PERIMETRAL;;;1716;;Colis?úo;Luz do Dia;;;Meio de Quadra;;;0;1;1;1;0;0;0;0;0;1;0;0;-3,816840000000000;-38,566965000000000
269997;27;11;2015;14:37;0;AV N CJ JOSE WALTER;;;333;;Colis?úo;Luz do Dia;;;Meio de Quadra;;;0;1;0;0;0;0;0;0;0;0;0;0;-3,824611000000000;-38,558849000000000
269987;27;11;2015;09:11;0;AV ALM HENRIQUE SABOIA;;;2151;;Colis?úo;Luz do Dia;;;Meio de Quadra;;;0;1;0;0;0;0;0;0;0;1;0;0;-3,729744000000000;-38,481183000000000
269974;27;11;2015;07:33;0;RUA PEDRO MARTINS;;;313;;Atropelamento;Luz do Dia;;;Meio de Quadra;;;0;1;0;0;0;0;0;0;0;1;0;0;-3,799834000000000;-38,600629000000000
269990;27;11;2015;09:24;3352;RUA GOIAS;RUA MARIO DE ANDRADE;;0;;Colis?úo;Luz do Dia;;;Cruz;N?úo H?í Controle;Residencial;0;1;0;1;0;0;0;0;0;1;0;0;-3,751874000000000;-38,560803000000000
270015;27;11;2015;23:58;0;AV GAL OSORIO DE PAIVA;;;6112;;Colis?úo;;;;Meio de Quadra;;;0;1;0;0;0;0;0;0;0;1;0;0;-3,809634000000000;-38,606789000000000
270012;27;11;2015;18:40;0;AV WASHINGTON SOARES;;;10565;;Colis?úo;;;;Meio de Quadra;;;0;1;0;1;0;0;0;0;0;1;0;0;-3,842361000000000;-38,480880000000000
270013;27;11;2015;20:34;5180;RUA TEN BENEVOLO;RUA DOM JOAQUIM;;0;;Colis?úo;;;;Cruz;Pare;Residencial;0;1;0;1;0;0;0;0;0;1;0;0;-3,725524000000000;-38,516670000000000
270002;27;11;2015;15:53;0;RUA MAD ELISA BALDO;;;614;;Colis?úo;Luz do Dia;;;Meio de Quadra;;;0;1;0;0;0;0;0;0;0;1;0;0;;
270003;27;11;2015;17:22;7211;AV DR THEBERGE;AV PRS CASTELO BRANCO;;0;;Colis?úo;Anoitecer;;;Cruz;Sem?íforo;Comercial;0;1;0;0;0;0;0;0;0;1;0;0;-3,710079000000000;-38,563456000000000
269999;27;11;2015;15:04;0;AV DIOGUINHO;;;4455;;Colis?úo;Luz do Dia;;;Meio de Quadra;;;0;1;0;0;0;0;0;0;0;0;0;0;-3,759067000000000;-38,444415000000000
270008;27;11;2015;17:46;25203;AV MAJ ASSIS;RUA L CJ VILA VELHA;;0;;Queda;Anoitecer;;;Cruz;N?úo H?í Controle;Residencial;0;1;0;0;0;0;0;0;0;1;0;0;;
270981;27;11;2015;17:00;0;RD CE-040;;;0;KM-07;Colis?úo;Anoitecer;;Seca;Meio de Quadra;;;0;0;2;1;0;0;0;0;1;0;0;0;-3,817953000000000;-38,483160000000000
270986;27;11;2015;17:00;0;RD CE-040;;;0;KM-01;Colis?úo;Anoitecer;;Seca;Meio de Quadra;;;0;0;3;1;0;0;0;0;0;0;0;0;-3,754877000000000;-38,483270000000000
271001;27;11;2015;19:30;0;RD CE-040;;;0;KM-05;Colis?úo;Via Iluminada;;Seca;Meio de Quadra;;;0;0;4;1;0;0;0;0;0;0;0;0;-3,790876000000000;-38,480349000000000
270977;27;11;2015;16:45;0;RD CE-040;;;0;KM-08;Colis?úo;Luz do Dia;;Seca;Meio de Quadra;;;0;0;2;1;0;0;0;0;0;1;0;0;-3,823332000000000;-38,481317000000000
270845;27;11;2015;11:00;0;RUA ALCANTARA BILHAR;;;677;;Colis?úo;Luz do Dia;;;Meio de Quadra;;;0;1;0;1;0;0;0;1;0;0;0;0;-3,737047000000000;-38,581898000000000
265540;27;11;2015;19:40;2766;RUA BOM JESUS (GRANJA LISBOA);RUA ZACARIAS FLORINDO;;0;;Colis?úo Lateral;;;;Cruz;Pare;Residencial;0;0;3;1;1;0;1;0;0;0;0;0;-3,792274000000000;-38,607869000000000
265529;27;11;2015;10:00;19261;AV GAL OSORIO DE PAIVA;RUA MON LEOPOLDO FEITOSA;;0;;Colis?úo Lateral;Luz do Dia;;;Cruz;Pare;Residencial;0;0;2;1;0;0;0;0;0;0;0;0;-3,771715000000000;-38,562208000000000
265535;27;11;2015;05:50;2779;RUA OSCAR ARARIPE;RUA VICENTE PINHEIRO;;0;;Colis?úo Lateral;Amanhecer;;;Cruz;Pare;Comercial;0;2;0;0;0;0;0;0;0;1;0;0;-3,792701000000000;-38,594600000000000
265521;27;11;2015;06:30;23683;AV GAL OSORIO DE PAIVA;RUA GABRIEL FIUZA;;0;;Colis?úo Lateral Sentido Oposto;Luz do Dia;;;Com Via F?®rrea;Pare;Comercial;0;0;3;1;0;0;1;0;0;0;0;0;-3,785294000000000;-38,581746000000000
265517;27;11;2015;08:25;0;AV GOV RAUL BARBOSA;;;1180;;Colis?úo Traseira;Luz do Dia;;;Meio de Quadra;;;0;1;1;0;1;0;0;0;0;1;0;0;-3,761413000000000;-38,506649000000000
265514;27;11;2015;18:40;0;AV BAR STUDART;;;2780;;Colis?úo Lateral;;;;Meio de Quadra;;;0;1;1;1;0;0;0;0;0;0;0;0;-3,748329000000000;-38,510987000000000
265490;27;11;2015;16:30;22972;RUA PRA HELOISA F LIMA;RUA MAD ELISA BALDO;;0;;Colis?úo Frontal;Luz do Dia;;;Cruz;Pare;Residencial;0;1;1;0;0;0;0;0;0;1;0;0;-3,785465000000000;-38,545126000000000
265504;27;11;2015;08:30;24973;AV ALM HENRIQUE SABOIA;RUA MON SALAZAR;;0;;Atropelamento;Luz do Dia;;;Outros;N?úo H?í Controle;Outros;0;2;0;0;0;0;0;0;0;1;0;0;;
265500;27;11;2015;16:20;13735;RUA CAIO CID;RUA NELSON STUDART;;0;;Colis?úo Transversal;Luz do Dia;;;Cruz;Pare;Misto;0;1;1;1;0;0;0;0;0;0;0;0;-3,773571000000000;-38,484694000000000
265507;27;11;2015;15:00;1654;AV SEN VIRGILIO TAVORA;RUA BENI DE CARVALHO;;0;;Colis?úo;Luz do Dia;;;Cruz;Sem?íforo;Comercial;0;1;1;1;0;0;0;0;0;1;0;0;-3,744098000000000;-38,500877000000000
265509;27;11;2015;19:30;0;AV N CJ JOSE WALTER;;;0;;Colis?úo Lateral;;;;;;;0;1;1;0;1;0;0;0;0;1;0;0;;
265473;27;11;2015;05:00;0;AV SANTOS DUMONT;;;5225;;Choque c/ Obst?ículo Fixo;Amanhecer;;;Meio de Quadra;;;2;0;0;1;0;0;0;0;0;0;0;0;-3,740530000000000;-38,485053000000000
265474;27;11;2015;09:00;0;RUA NEREU RAMOS;;;1033;;Colis?úo Traseira;Luz do Dia;;;Meio de Quadra;;;0;1;1;1;0;0;0;0;0;1;0;0;-3,783056000000000;-38,575663000000000
265476;27;11;2015;09:34;0;RUA GERMANO FRANCK;;;935;;Colis?úo Lateral;Luz do Dia;;;Meio de Quadra;;;0;1;1;0;0;0;0;0;0;1;0;0;-3,779024000000000;-38,564127000000000
265483;27;11;2015;09:00;7913;AV ANTONIO SALES;RUA VIS MAUA;;0;;Colis?úo Transversal;Luz do Dia;;;Cruz;Pare;Comercial;0;0;2;1;0;0;0;0;0;1;0;0;-3,745429000000000;-38,502420000000000
265480;27;11;2015;08:15;9111;AV EDUARDO GIRAO;RUA DEP OSWALDO STUDART;;0;;Colis?úo Traseira;Luz do Dia;;;Cruz;Outros;;0;0;2;1;0;0;0;0;0;0;0;0;-3,755323000000000;-38,529775000000000
265486;27;11;2015;16:00;7694;RUA RIO GRANDE DO SUL;RUA RIO GRANDE DO NORTE;;0;;Colis?úo Transversal;Luz do Dia;;;Cruz;Pare;Residencial;0;1;1;1;0;0;0;0;0;1;0;0;-3,758617000000000;-38,567559000000000
265495;27;11;2015;09:30;3352;RUA MARIO DE ANDRADE;RUA GOIAS;;0;;Colis?úo Transversal;Luz do Dia;;;Cruz;N?úo H?í Controle;Residencial;0;1;1;1;0;0;0;0;0;1;0;0;-3,751874000000000;-38,560803000000000
265270;27;11;2015;18:00;0;AV JOR THOMAZ COELHO;;;731;;Colis?úo Lateral;Anoitecer;;;Meio de Quadra;;;0;0;2;1;1;0;0;0;0;0;0;0;-3,831565000000000;-38,502889000000000
265272;27;11;2015;11:00;0;AV FRANCISCO SA;;;1410;;Colis?úo Lateral;Luz do Dia;;;Meio de Quadra;Pare;Misto;0;1;1;1;0;0;0;0;0;1;0;0;;
265279;27;11;2015;19:00;0;AV ABOLICAO;;;1898;;Colis?úo Lateral;;;;Meio de Quadra;;;0;0;2;1;0;0;0;0;0;0;0;0;-3,725221000000000;-38,502057000000000
265292;27;11;2015;12:30;0;AV PRS COSTA E SILVA;;;0;;Colis?úo Lateral;Luz do Dia;;;Meio de Quadra;;;0;2;1;1;0;0;0;0;0;1;0;0;;
265457;27;11;2015;17:30;0;AV ALBERTO CRAVEIRO;;;2636;;Colis?úo Traseira;Anoitecer;;;;;;0;1;1;1;0;0;0;0;0;1;0;0;-3,803046000000000;-38,521409000000000
265443;27;11;2015;13:00;0;RUA BERNARDO MANUEL;;;7608;;Atropelamento;Luz do Dia;;;Meio de Quadra;;;0;1;1;1;0;0;0;0;0;0;0;0;-3,784876000000000;-38,547167000000000
265446;27;11;2015;15:15;18178;AV DIOGUINHO;RUA EMBRATEL;;0;;Colis?úo Transversal;Luz do Dia;;;Cruz;N?úo H?í Controle;Lazer;0;1;1;1;0;0;0;0;0;1;0;0;-3,758993000000000;-38,444451000000000
265378;27;11;2015;23:30;18049;AV DIOGUINHO;RUA DR ELIZEU HOLANDA;;0;;Colis?úo Transversal;;;;T;Pare;Comercial;0;1;1;1;0;0;0;0;0;0;0;0;-3,735343000000000;-38,456756000000000
265428;27;11;2015;08:30;5109;AV ALBERTO NEPOMUCENO;RUA DR JOAO MOREIRA;;0;;Colis?úo Lateral;Luz do Dia;;;Cruz;Sem?íforo;Comercial;0;0;2;1;0;0;0;0;0;0;0;0;-3,723737000000000;-38,524608000000000
265410;27;11;2015;18:20;0;AV OLIVEIRA PAIVA;;;0;;Colis?úo Traseira;Anoitecer;;;Meio de Quadra;;;0;0;3;1;0;0;0;0;0;0;0;0;;
265398;27;11;2015;13:30;8934;AV DOMINGOS OLIMPIO;RUA PDE MORORO;;0;;Colis?úo Traseira;Luz do Dia;;;Cruz;Pare;Residencial;0;0;2;1;0;0;0;0;0;0;0;0;-3,733752000000000;-38,539949000000000
265394;27;11;2015;16:00;19732;RUA GUSTAVO SAMPAIO;RUA TIP SALES;;0;;Colis?úo Transversal;Luz do Dia;;;Cruz;Pare;Residencial;0;1;1;1;0;0;0;0;0;1;0;0;-3,737013000000000;-38,564917000000000
272848;27;11;2015;10:57;0;RUA EDUARDO PERDIGAO;;;865;;Colis?úo;Luz do Dia;;;Meio de Quadra;;;0;0;2;0;0;0;0;0;0;0;0;0;;
272849;27;11;2015;12:34;3860;AV 13 DE MAIO;AV DA UNIVERSIDADE;;0;;Colis?úo;Luz do Dia;;;Cruz;Sem?íforo;Comercial;0;0;2;0;0;0;0;0;0;0;0;0;-3,740962000000000;-38,539107000000000
272853;27;11;2015;13:35;0;AV SANTOS DUMONT;;;6021;;Colis?úo;Luz do Dia;;;Meio de Quadra;;;0;0;2;0;0;0;0;0;0;0;0;0;-3,742821000000000;-38,477907000000000
272855;27;11;2015;05:36;0;RUA APARECIDA COACU;;;240;;Choque c/ Obst?ículo Fixo;Amanhecer;;;Meio de Quadra;;;0;0;1;0;0;0;0;0;0;0;0;0;;
272871;27;11;2015;16:30;0;RUA CON DE CASTRO;;;0;;Colis?úo;Luz do Dia;;;Meio de Quadra;;;0;0;2;0;0;0;0;0;0;0;0;0;;
272858;27;11;2015;14:14;0;AV DOMINGOS OLIMPIO;;;1289;;Colis?úo;Luz do Dia;;;Meio de Quadra;;;0;0;2;0;0;0;0;0;0;0;0;0;-3,735303000000000;-38,535141000000000
272873;27;11;2015;18:23;0;RUA ANDRADE FURTADO;;;0;;Colis?úo;Anoitecer;;;Meio de Quadra;;;0;0;2;0;0;0;0;0;0;0;0;0;;
272875;27;11;2015;20:01;0;RUA MARIA QUINTINO;;;1001;;Colis?úo;;;;Meio de Quadra;;;0;0;2;0;0;0;0;0;0;0;0;0;;
272876;27;11;2015;20:33;0;RUA PRO GOMES BRASIL;;;0;;Colis?úo;;;;Meio de Quadra;;;0;0;2;0;0;0;0;0;0;0;0;0;;
272878;27;11;2015;21:18;1585;RUA PDE VALDEVINO;RUA TIBURCIO CAVALCANTE;;0;;Colis?úo;;;;Cruz;Sem?íforo;Residencial;0;0;2;0;0;0;0;0;0;0;0;0;-3,742915000000000;-38,504815000000000
272880;27;11;2015;21:40;5318;RUA GAL CLARINDO DE QUEIROZ;RUA PDE IBIAPINA;;0;;Colis?úo;;;;Cruz;Pare;Comercial;0;0;2;0;0;0;0;0;0;0;0;0;-3,729518000000000;-38,540084000000000
272883;27;11;2015;21:42;20042;AV DEP PAULINO ROCHA;AV ALBERTO CRAVEIRO;;0;;Colis?úo;;;;;;;0;0;2;0;0;0;0;0;0;0;0;0;-3,807229000000000;-38,524782000000000
272884;27;11;2015;22:17;9129;AV 13 DE MAIO;RUA FLORIANO PEIXOTO;;0;;Choque c/ Obst?ículo Fixo;;;;T;Pare;Comercial;0;0;1;0;0;0;0;0;0;0;0;0;-3,745924000000000;-38,533303000000000
259400;27;11;2015;16:15;0;RD BR 116;;;1000;KM-01;Tombamento;Luz do Dia;Bom;Seca;Meio de Quadra;N?úo H?í Controle;Comercial;0;2;0;0;0;0;0;0;0;1;0;0;-3,762554000000000;-38,518702000000000
259401;28;11;2015;15:45;0;RD BR 116;;;7000;KM-07;Colis?úo Traseira;Luz do Dia;Bom;Seca;Meio de Quadra;N?úo H?í Controle;Comercial;0;1;1;1;0;0;0;0;0;0;0;0;-3,813246000000000;-38,501101000000000
272890;28;11;2015;09:36;0;AV DA INDEPENDENCIA;;;1703;;Atropelamento;Luz do Dia;;;Meio de Quadra;;;0;0;2;0;0;0;0;0;0;0;0;0;-3,725454000000000;-38,595894000000000
272892;28;11;2015;10:11;0;AV SEN FERNANDES TAVORA;;;510;;Colis?úo;Luz do Dia;;;Meio de Quadra;;;0;0;2;0;0;0;0;0;0;0;0;0;-3,764720000000000;-38,577416000000000
272894;28;11;2015;10:33;0;RUA STA MARLUCIA;;;111;;Colis?úo;Luz do Dia;;;Meio de Quadra;;;0;0;2;0;0;0;0;0;0;0;0;0;-3,806977000000000;-38,579944000000000
272898;28;11;2015;10:37;0;RUA DOM QUINTINO;;;533;;Colis?úo;Luz do Dia;;;Meio de Quadra;;;0;0;2;0;0;0;0;0;0;0;0;0;-3,711714000000000;-38,552705000000000
272902;28;11;2015;11:23;0;AV VICENTE DE CASTRO;;;0;;Colis?úo;Luz do Dia;;;Meio de Quadra;;;0;0;2;0;0;0;0;0;0;0;0;0;;
272908;28;11;2015;11:24;0;RUA OSVALDO CRUZ (ALDEOTA);;;1772;;Colis?úo;Luz do Dia;;;Meio de Quadra;;;0;0;2;0;0;0;0;0;0;0;0;0;-3,740920000000000;-38,502037000000000
272912;28;11;2015;12:21;0;RUA CEL DIONISIO ALENCAR;;;56;;Colis?úo;Luz do Dia;;;Meio de Quadra;;;0;0;2;0;0;0;0;0;0;0;0;0;-3,828483000000000;-38,486504000000000
272918;28;11;2015;12:47;0;AV GODOFREDO MACIEL;;;4015;;Colis?úo;Luz do Dia;;;Meio de Quadra;;;0;0;2;0;0;0;0;0;0;0;0;0;-3,810009000000000;-38,574153000000000
272934;28;11;2015;13:56;0;RUA MOREIRA DE SOUSA;;;58;;Colis?úo;Luz do Dia;;;Meio de Quadra;;;0;0;2;0;0;0;0;0;0;0;0;0;-3,736570000000000;-38,566583000000000
272936;28;11;2015;14:07;291;RUA GAL PIRAGIBE;RUA NELSON MACHADO;;0;;Colis?úo;Luz do Dia;;;Cruz;Pare;Residencial;0;0;2;0;0;0;0;0;0;0;0;0;-3,742871000000000;-38,556910000000000
272938;28;11;2015;14:47;0;RUA EDMAR VILLAR QUEIROZ;;;87;;Colis?úo;Luz do Dia;;;Meio de Quadra;;;0;0;2;0;0;0;0;0;0;0;0;0;-3,772881000000000;-38,477817000000000
272942;28;11;2015;16:28;0;AV ALBERTO CRAVEIRO;;;0;;Colis?úo;Luz do Dia;;;Meio de Quadra;;;0;0;2;0;0;0;0;0;0;0;0;0;;
272943;28;11;2015;16:54;0;AV AGUANAMBI;;;0;;Colis?úo;Luz do Dia;;;Meio de Quadra;;;0;0;2;0;0;0;0;0;0;0;0;0;;
272940;28;11;2015;15:06;0;RUA PRO SOLON FARIAS;;;150;;Colis?úo;Luz do Dia;;;Meio de Quadra;;;0;0;2;0;0;0;0;0;0;0;0;0;;
272947;28;11;2015;17:12;9595;RUA LONDRINA;RUA SAO LUIZ DO OESTE;;0;;Colis?úo;Anoitecer;;;Cruz;N?úo H?í Controle;Residencial;0;0;2;0;0;0;0;0;0;0;0;0;-3,779347000000000;-38,609308000000000
272951;28;11;2015;17:41;0;RUA BAR AQUIRAZ;;;1324;;Colis?úo;Anoitecer;;;Meio de Quadra;;;0;0;2;0;0;0;0;0;0;0;0;0;-3,839782000000000;-38,486089000000000
272953;28;11;2015;17:41;0;RUA FLORIANO PEIXOTO;;;489;;Colis?úo;Anoitecer;;;Meio de Quadra;;;0;0;2;0;0;0;0;0;0;0;0;0;-3,726840000000000;-38,526979000000000
272955;28;11;2015;18:59;0;AV GODOFREDO MACIEL;;;118;;Colis?úo;;;;Meio de Quadra;;;0;0;2;0;0;0;0;0;0;0;0;0;;
272959;28;11;2015;19:54;0;RUA MACIEL LUZ;;;0;;Colis?úo;;;;Meio de Quadra;;;0;0;2;0;0;0;0;0;0;0;0;0;;
272962;28;11;2015;20:06;0;AV ENG HUMBERTO MONTE;;;1333;;Colis?úo;;;;Meio de Quadra;;;0;0;2;0;0;0;0;0;0;0;0;0;-3,747910000000000;-38,561456000000000
272963;28;11;2015;20:15;0;AV DEP PAULINO ROCHA;;;0;;Colis?úo;;;;Meio de Quadra;;;0;0;2;0;0;0;0;0;0;0;0;0;;
272964;28;11;2015;20:22;0;RUA VICENTE CELESTINO;;;524;;Colis?úo;;;;Meio de Quadra;;;0;0;2;0;0;0;0;0;0;0;0;0;-3,817552000000000;-38,592765000000000
272966;28;11;2015;20:48;0;AV ALBERTO CRAVEIRO;;;0;;Atropelamento;;;;Meio de Quadra;;;0;0;2;0;0;0;0;0;0;0;0;0;;
272967;28;11;2015;20:57;5472;RUA ANTONIO POMPEU;RUA JAIME BENEVOLO;;0;;Colis?úo;;;;Cruz;Pare;Comercial;0;0;2;0;0;0;0;0;0;0;0;0;-3,736033000000000;-38,526664000000000
272968;28;11;2015;21:00;0;AV VIS RIO BRANCO;;;0;;Colis?úo;;;;Meio de Quadra;;;0;0;2;0;0;0;0;0;0;0;0;0;;
272971;28;11;2015;21:12;0;RUA TIBURCIO CAVALCANTE;;;0;;Colis?úo;;;;Meio de Quadra;;;0;0;2;0;0;0;0;0;0;0;0;0;;
272974;28;11;2015;21:14;24837;RUA GEORGE CAVALCANTE;RUA MORAUJO;;0;;Colis?úo;;;;;;;0;0;2;0;0;0;0;0;0;0;0;0;-3,719178000000000;-38,591548000000000
272981;28;11;2015;21:36;4187;AV PRS CASTELO BRANCO;RUA DOM HELIO CAMPOS D21;;0;;Colis?úo;;;;Cruz;Pare;Residencial;0;0;2;0;0;0;0;0;0;0;0;0;-3,711976000000000;-38,554874000000000
272983;28;11;2015;21:41;5122;AV IMPERADOR;RUA SAO PAULO;;0;;Colis?úo;;;;Cruz;Sem?íforo;Comercial;0;0;2;0;0;0;0;0;0;0;0;0;-3,724049000000000;-38,533522000000000
272985;28;11;2015;22:04;0;AV GOV RAUL BARBOSA;;;6600;;Colis?úo;;;;Meio de Quadra;;;0;0;2;0;0;0;0;0;0;0;0;0;-3,771974000000000;-38,511745000000000
272989;28;11;2015;22:31;0;RUA ANTONIO GADELHA;;;0;;Colis?úo;;;;Meio de Quadra;;;0;0;2;0;0;0;0;0;0;0;0;0;;
265544;28;11;2015;00:30;15144;AV MON TABOSA;AV RUI BARBOSA;;0;;Colis?úo Transversal;;;;Cruz;Pare;Comercial;0;0;2;1;0;0;0;0;0;0;0;0;-3,724441000000000;-38,505696000000000
265610;28;11;2015;23:00;0;AV GAL OSORIO DE PAIVA;;;6112;;Colis?úo Frontal;;;;Meio de Quadra;;;0;2;0;0;0;0;0;0;0;1;0;0;-3,809634000000000;-38,606789000000000
265607;28;11;2015;12:10;1451;RUA ROCHA LIMA;RUA ANTONIO AUGUSTO;;0;;Colis?úo Transversal;Luz do Dia;;;Cruz;Pare;Residencial;0;0;2;1;0;0;0;0;0;0;0;0;-3,738344000000000;-38,516207000000000
265602;28;11;2015;07:00;577;AV DR THEBERGE;AV FRANCISCO SA;;0;;Colis?úo Lateral;Luz do Dia;;;Cruz;Sem?íforo;Comercial;0;0;2;1;0;0;1;0;0;0;0;0;-3,714822000000000;-38,565016000000000
265603;28;11;2015;09:30;111;RUA DR CATUNDA GONDIM;RUA CAP BRASIL;;0;;Colis?úo Transversal;Luz do Dia;;;T;Pare;Residencial;0;1;1;0;0;0;0;0;0;1;0;0;-3,737649000000000;-38,586326000000000
265604;28;11;2015;00:01;15301;RUA TEN BENEVOLO;RUA SILVA PAULET;;0;;Colis?úo Transversal;;;;Cruz;Pare;Comercial;0;0;2;1;1;0;0;0;0;0;0;0;-3,729724000000000;-38,503888000000000
265605;28;11;2015;17:00;0;RUA JOAQUIM ALBANO;;;890;;Colis?úo Frontal;Anoitecer;;;Meio de Quadra;;;0;1;1;1;0;0;0;0;0;1;0;0;-3,735753000000000;-38,583252000000000
265598;28;11;2015;17:30;0;AV PRS COSTA E SILVA;;;3601;;Colis?úo Traseira;Anoitecer;;;Meio de Quadra;;;0;1;1;1;0;0;0;0;0;1;0;0;-3,823879000000000;-38,548554000000000
265641;28;11;2015;10:00;23791;RUA RAIMUNDO NERY;RUA COSTA FREIRE;;0;;Colis?úo Lateral;Luz do Dia;;;Cruz;Pare;Residencial;0;1;2;1;0;0;0;0;0;1;0;0;-3,794144000000000;-38,586423000000000
265635;28;11;2015;15:00;0;AV JOSE BASTOS;;;4530;;Colis?úo Lateral;Luz do Dia;;;Meio de Quadra;;;0;1;1;1;1;0;0;0;0;0;0;0;-3,755977000000000;-38,556462000000000
265648;28;11;2015;13:30;19686;AV BEZERRA DE MENEZES;RUA ERICO MOTA;;0;;Colis?úo Traseira;Luz do Dia;;;Cruz;Sem?íforo;Comercial;0;0;5;1;0;0;0;0;0;0;0;0;-3,735357000000000;-38,562991000000000
265616;28;11;2015;07:30;25242;RUA FAUSTO CABRAL;RUA PRISCO BEZERRA;;0;;Colis?úo Transversal;Luz do Dia;;;Cruz;Pare;Residencial;0;1;1;1;0;0;0;0;1;0;0;0;-3,735188000000000;-38,471170000000000
265618;28;11;2015;17:00;25729;AV TRISTAO GONCALVES;RUA ANTONIO POMPEU;;0;;Colis?úo Transversal;Anoitecer;;;Cruz;Sem?íforo;Comercial;0;1;1;1;0;0;0;0;1;0;0;0;-3,733388000000000;-38,535088000000000
265628;28;11;2015;16:05;7712;AV CARNEIRO DE MENDONCA;RUA JOAO CAPOTE;;0;;Colis?úo Lateral;Luz do Dia;;;Cruz;Pare;Residencial;0;1;1;1;0;0;0;0;0;1;0;0;-3,766458000000000;-38,561662000000000
265625;28;11;2015;08:50;1273;AV SANTOS DUMONT;RUA DR JOSE LOURENCO;;0;;Colis?úo Lateral;Luz do Dia;;;Cruz;Pare;Comercial;0;0;2;1;0;0;1;0;0;0;0;0;-3,733299000000000;-38,507380000000000
265783;28;11;2015;16:30;0;RUA BENTO ALBUQUERQUE;;;140;;Colis?úo Traseira;Luz do Dia;;;Meio de Quadra;;;0;0;2;1;0;0;1;0;0;0;0;0;-3,742514000000000;-38,487030000000000
265658;28;11;2015;06:30;3814;RUA WALDERY UCHOA;RUA PAULINO NOGUEIRA;;0;;Colis?úo Transversal;Luz do Dia;;;Cruz;Pare;Residencial;0;0;2;1;0;0;0;0;0;0;0;0;-3,743449000000000;-38,538372000000000
265650;28;11;2015;15:00;3324;RUA VIRIATO RIBEIRO;RUA URUGUAI;;0;;Colis?úo Transversal;Luz do Dia;;;Cruz;Pare;Residencial;0;0;2;1;0;0;0;0;0;0;0;0;-3,748176000000000;-38,563322000000000
265653;28;11;2015;08:00;0;AV AUGUSTO DOS ANJOS;;;1444;;Colis?úo Lateral;Luz do Dia;;;Meio de Quadra;;;0;1;1;1;0;0;0;0;0;1;0;0;-3,779331000000000;-38,578424000000000
265662;28;11;2015;13:15;15204;AV ABOLICAO;RUA JULIO IBIAPINA;;0;;Colis?úo Traseira;Luz do Dia;;;Cruz;Sem?íforo;Comercial;0;2;0;0;1;0;0;0;0;1;0;0;-3,726679000000000;-38,491290000000000
271039;28;11;2015;14:50;0;RD CE-060;;;0;KM-02;Colis?úo;Luz do Dia;;Seca;Meio de Quadra;;;0;0;2;1;0;0;0;0;0;1;0;0;-3,828028000000000;-38,580009000000000
271023;28;11;2015;18:55;0;RD CE-040;;;0;KM-09;Colis?úo;Via Iluminada;;Seca;Meio de Quadra;;;0;1;1;1;0;0;0;0;0;1;0;0;-3,824774000000000;-38,481431000000000