COD_ACIDENTE;DIA;MES;ANO;HORA;INTERSECAO;LOG1;LOG2;LOG3;NUMERO;REFERENCIA;NATUREZA;ILUMINACAO;TEMPO;SUPERFICIEPISTA;TIPOCRUZAMENTO;CONTROLETRAFEGO;USOSOLO;MORTOS;FERIDOS;ILESOS;AUTOMOVEL;ONIBUS;BICICLETA;CAMINHAO;MICROONIBUS;CICLOMOTOR;MOTOCICLETA;TRACAOANIMAL;TREM;LATITUDE;LONGITUDE
271028;28;11;2015;06:50;0;RD CE-040;;;0;KM-08;Colis?úo;Luz do Dia;;Seca;Meio de Quadra;;;0;0;1;1;0;0;0;0;0;0;0;0;-3,823332000000000;-38,481317000000000
266666;28;11;2015;14:53;0;AV N CJ JOSE WALTER;;;291;;Colis?úo;Luz do Dia;;;Meio de Quadra;;;0;0;2;1;0;0;1;0;0;0;0;0;-3,824448000000000;-38,558822000000000
266660;28;11;2015;13:04;7781;AV ANTONIO SALES;AV DES MOREIRA;;0;;Colis?úo;Luz do Dia;;;Cruz;Sem?íforo;Comercial;0;0;2;1;0;0;0;0;0;0;0;0;-3,745744000000000;-38,501410000000000
266662;28;11;2015;14:00;0;AV OLIVEIRA PAIVA;;;2415;;Colis?úo;Luz do Dia;;;Meio de Quadra;;;0;0;2;1;0;0;0;0;0;1;0;0;-3,796119000000000;-38,484576000000000
266663;28;11;2015;14:15;0;AV BEZERRA DE MENEZES;;;0;;Colis?úo;Luz do Dia;;;Meio de Quadra;;;0;0;2;1;0;0;0;0;0;1;0;0;;
266656;28;11;2015;12:38;8643;AV EDILSON B SOARES;AV ENG LEAL LIMA VERDE (SAPIRANGA/COITE);;0;;Colis?úo;Luz do Dia;;;Cruz;N?úo H?í Controle;Lazer;0;0;2;1;0;0;0;0;0;0;0;0;-3,789082000000000;-38,476215000000000
266654;28;11;2015;00:01;15666;AV WASHINGTON SOARES;RUA AFONSO HENRIQUE;;0;;Colis?úo;;;;;;;0;0;2;1;0;0;0;0;0;0;0;0;-3,825798000000000;-38,481643000000000
270031;28;11;2015;09:19;0;RUA ALBERTO MAGNO;;;1999;;Queda;Luz do Dia;;;Meio de Quadra;;;0;1;0;0;0;1;0;0;0;0;0;0;;
270032;28;11;2015;10:07;25334;AV D CJ CEARA;AV B CJ CEARA;;0;;Colis?úo;Luz do Dia;;;T;Pare;Misto;0;1;1;1;0;0;0;0;0;1;0;0;-3,763611000000000;-38,602328000000000
270056;28;11;2015;14:29;0;RUA RUFINO GOMES;;;51;;Atropelamento;Luz do Dia;;;Meio de Quadra;;;0;1;0;0;0;0;0;0;0;1;0;0;;
270057;28;11;2015;15:26;0;AV PRS CASTELO BRANCO;;;0;;Atropelamento;Luz do Dia;;;Meio de Quadra;;;0;1;0;0;0;0;0;0;0;1;0;0;-3,706187000000000;-38,574445000000000
270042;28;11;2015;11:32;0;AV ALBERTO CRAVEIRO;;;0;;Queda;Luz do Dia;;;Meio de Quadra;;;0;1;0;0;0;0;0;0;0;1;0;0;;
270066;28;11;2015;16:48;0;RUA PERNAMBUCO;;;3241;;Colis?úo;Luz do Dia;;;;;;0;1;1;1;0;0;0;0;0;1;0;0;-3,748119000000000;-38,581194000000000
270069;28;11;2015;17:42;0;AV PERIMETRAL;;;3601;;Colis?úo;Anoitecer;;;Meio de Quadra;;;0;1;0;1;0;0;0;0;0;1;0;0;-3,823880000000000;-38,548552000000000
270063;28;11;2015;16:38;25729;AV TRISTAO GONCALVES;RUA ANTONIO POMPEU;;0;;Colis?úo;Luz do Dia;;;Cruz;Sem?íforo;Comercial;0;1;0;1;0;0;0;0;0;1;0;0;-3,733388000000000;-38,535088000000000
270061;28;11;2015;16:23;0;AV CASTELO DE CASTRO;;;1330;;Queda;Luz do Dia;;;Meio de Quadra;;;0;1;0;0;0;0;0;0;0;1;0;0;-3,841062000000000;-38,521753000000000
270040;28;11;2015;11:24;0;RUA ALAGOAS;RUA CARLOS JEREISSATI (PICI);;3707;;Colis?úo;Luz do Dia;;;;;;0;1;1;0;0;0;1;0;0;1;0;0;-3,750197000000000;-38,579965000000000
270017;28;11;2015;01:10;0;AV SGT HERMINIO SAMPAIO;;;3791;;Colis?úo;;;;Meio de Quadra;;;0;1;0;0;0;0;0;0;0;1;0;0;-3,729752000000000;-38,574740000000000
270034;28;11;2015;11:14;19291;RUA GUILHERME PERDIGAO;RUA ARARIPE PRATA;;0;;Colis?úo;Luz do Dia;;;Cruz;Pare;Residencial;0;1;1;1;0;0;0;0;0;1;0;0;-3,774315000000000;-38,569659000000000
270044;28;11;2015;13:38;0;AV CEL CARVALHO;;;2569;;Colis?úo;Luz do Dia;;;Meio de Quadra;;;0;1;1;1;0;0;0;0;0;1;0;0;-3,725303000000000;-38,585839000000000
270045;28;11;2015;13:40;0;AV CASTELO DE CASTRO;;;800;;Colis?úo;Luz do Dia;;;Meio de Quadra;;;0;1;0;0;0;0;0;0;0;0;0;0;;
270046;28;11;2015;14:13;0;AV IMPERADOR;;;840;;Atropelamento;Luz do Dia;;;Meio de Quadra;;;0;1;0;0;1;0;0;0;0;0;0;0;-3,728599000000000;-38,534867000000000
270050;28;11;2015;14:13;0;AV GAL OSORIO DE PAIVA;;;1499;;Colis?úo;Luz do Dia;;;Meio de Quadra;;;0;1;0;0;0;0;0;0;0;0;0;0;-3,780997000000000;-38,574980000000000
270051;28;11;2015;14:29;5259;RUA SENA MADUREIRA;RUA DR PEDRO BORGES;;0;;Colis?úo;Luz do Dia;;;;;;0;1;0;0;0;0;0;0;0;0;0;0;-3,728162000000000;-38,525841000000000
270096;28;11;2015;21:10;0;RUA DOS ABOLICIONISTAS;;;146;;Atropelamento;;;;Meio de Quadra;;;0;1;1;0;0;0;0;0;0;1;0;0;;
270097;28;11;2015;21:24;0;AV GAL OSORIO DE PAIVA;;;7820;;Queda;;;;Meio de Quadra;;;0;1;0;0;0;0;0;0;0;1;0;0;-3,820525000000000;-38,617383000000000
270077;28;11;2015;20:33;0;RUA GAL BERNARDO FIGUEIREDO;;;402;;Atropelamento;;;;Meio de Quadra;;;0;1;0;1;0;0;0;0;0;0;0;0;;
270073;28;11;2015;19:49;0;AV PRS JUSCELINO KUBITSCHEK (PASSAR?ë);;;2027;;Colis?úo;;;;Meio de Quadra;;;0;1;0;1;0;0;0;0;0;1;0;0;;
270075;28;11;2015;19:57;0;RUA ALBERTO MAGNO;;;1408;;Colis?úo;;;;Meio de Quadra;;;0;1;0;1;0;0;0;0;0;1;0;0;-3,766526000000000;-38,551418000000000
270092;28;11;2015;20:42;0;RD BR 116;;;0;;Colis?úo;;;;Meio de Quadra;;;0;1;0;1;0;0;0;0;0;1;0;0;;
270099;29;11;2015;00:49;0;AV DR THEBERGE;;;2430;;Atropelamento;;;;Meio de Quadra;;;0;1;0;1;0;0;0;0;0;0;0;0;-3,723316000000000;-38,567790000000000
270100;29;11;2015;02:26;0;RUA JOAO FRANCA (PQ. 2 IRM?âOS);;;932;;Colis?úo;;;;Meio de Quadra;;;0;1;0;1;0;0;0;0;0;1;0;0;;
270101;29;11;2015;02:54;0;RUA CEL MATOS DOURADO;;;685;;Colis?úo;;;;Meio de Quadra;;;0;1;1;0;0;0;0;0;0;1;0;0;-3,745012000000000;-38,584869000000000
270103;29;11;2015;06:24;1696;RUA CAP ARAGAO;RUA ASP MENDES;;0;;Colis?úo;Luz do Dia;;;Cruz;Pare;Residencial;0;1;0;1;0;0;0;0;0;0;0;0;-3,765175000000000;-38,514843000000000
270112;29;11;2015;09:56;0;RUA GOIAS;;;621;;Colis?úo;Luz do Dia;;;Meio de Quadra;;;0;1;0;1;0;0;0;0;0;1;0;0;-3,754993000000000;-38,563548000000000
270109;29;11;2015;09:42;0;AV PERIMETRAL;;;1132;;Colis?úo;Luz do Dia;;;Meio de Quadra;;;0;1;0;0;0;0;0;0;0;0;0;0;;
270154;29;11;2015;15:38;10005;RUA TAQUARI;RUA DUAS NACOES;;0;;Colis?úo;Luz do Dia;;;Cruz;Pare;Residencial;0;1;0;0;0;0;0;0;0;0;0;0;-3,776149000000000;-38,601822000000000
270119;29;11;2015;13:35;3975;RUA ALBERTO MAGNO;RUA PRO COSTA MENDES;;0;;Colis?úo;Luz do Dia;;;Cruz;Sem?íforo;Comercial;0;1;0;1;0;0;0;0;0;1;0;0;-3,757528000000000;-38,543548000000000
270107;29;11;2015;09:24;0;RUA DOS TUBAROES;;;108;;Atropelamento;Luz do Dia;;;Meio de Quadra;;;0;1;0;1;0;0;0;0;0;0;0;0;;
270117;29;11;2015;12:08;0;RUA CEL JOAQUIM FRANKLIN;;;771;;Atropelamento;Luz do Dia;;;Meio de Quadra;;;0;1;0;0;0;0;0;0;0;0;0;0;-3,743345000000000;-38,593788000000000
270125;29;11;2015;14:22;7694;RUA RIO GRANDE DO SUL;RUA RIO GRANDE DO NORTE;;0;;Colis?úo;Luz do Dia;;;Cruz;Pare;Residencial;0;1;0;0;0;0;0;0;0;0;0;0;-3,758617000000000;-38,567559000000000
270129;29;11;2015;15:14;0;AV RECREIO D64;;;840;;Colis?úo;Luz do Dia;;;Meio de Quadra;;;0;1;1;1;0;0;0;0;0;0;0;0;-3,813186000000000;-38,449597000000000
270168;29;11;2015;21:47;0;RUA PDE RODOLFO;;;820;;Colis?úo;;;;Meio de Quadra;;;0;1;0;1;0;0;0;0;0;1;0;0;-3,804304000000000;-38,586822000000000
270169;29;11;2015;23:43;0;AV PERIMETRAL;;;5550;;Queda;;;;Meio de Quadra;;;0;1;0;0;0;0;0;0;0;1;0;0;;
270170;29;11;2015;23:45;0;RUA CANDIDO MAIA;;;0;FROTINHA ANT. BEZERRA;Queda;;;;Meio de Quadra;;;0;1;0;0;0;0;0;0;0;1;0;0;;
270160;29;11;2015;17:15;0;RUA RAIMUNDO FROTA;;;313;;Colis?úo;Anoitecer;;;Meio de Quadra;;;0;1;0;0;0;0;0;0;0;0;0;0;-3,715031000000000;-38,583909000000000
270161;29;11;2015;17:32;0;RUA GOV JOAO CARLOS;;;312;;Colis?úo;Anoitecer;;;Meio de Quadra;;;0;1;0;0;0;0;0;0;0;1;0;0;-3,778112000000000;-38,551581000000000
270166;29;11;2015;21:26;0;AV ROGACIANO LEITE;;;2234;;Queda;;;;Meio de Quadra;;;0;1;0;0;0;0;0;0;0;1;0;0;-3,774889000000000;-38,499816000000000
270158;29;11;2015;15:48;0;RUA BERNARDO MANUEL;;;10799;;Queda;Luz do Dia;;;Meio de Quadra;;;0;1;0;0;0;1;0;0;0;0;0;0;-3,813953000000000;-38,556040000000000
273185;29;11;2015;15:39;0;AV GAL OSORIO DE PAIVA;;;6858;;Colis?úo;Luz do Dia;;;Meio de Quadra;;;0;0;2;0;0;0;0;0;0;0;0;0;-3,813821000000000;-38,610885000000000
273188;29;11;2015;18:27;0;RUA CON DE CASTRO;;;0;;Colis?úo;Anoitecer;;;Meio de Quadra;;;0;0;2;0;0;0;0;0;0;0;0;0;;
273189;29;11;2015;18:37;9703;RUA BARRA VERMELHA;RUA BOM JESUS (GRANJA LISBOA);;0;;Colis?úo;;;;;;;0;0;2;0;0;0;0;0;0;0;0;0;-3,789808000000000;-38,615448000000000
273196;29;11;2015;21:29;0;AV MIGUEL DIAS;;;0;;Choque c/ Obst?ículo Fixo;;;;Meio de Quadra;;;0;0;1;0;0;0;0;0;0;0;0;0;;
273180;29;11;2015;13:03;0;AV MACIEL BEZERRA;;;1966;;Colis?úo;Luz do Dia;;;Meio de Quadra;;;0;0;2;0;0;0;0;0;0;0;0;0;;
273181;29;11;2015;13:18;0;RUA JOSE CAVALCANTE SOBR;;;120;;Colis?úo;Luz do Dia;;;Meio de Quadra;;;0;0;2;0;0;0;0;0;0;0;0;0;-3,836663000000000;-38,486682000000000
273193;29;11;2015;21:06;0;AV RAD JOSE LIMA VERDE;;;0;;Colis?úo;;;;Meio de Quadra;;;0;0;2;0;0;0;0;0;0;0;0;0;;
273194;29;11;2015;21:16;0;RUA DEMETRIO MENEZES;;;0;;Colis?úo;;;;Meio de Quadra;;;0;0;2;0;0;0;0;0;0;0;0;0;;
273200;29;11;2015;22:00;3347;AV ENG HUMBERTO MONTE;RUA GOIAS;;0;;Colis?úo;;;;T;Pare;Comercial;0;0;2;0;0;0;0;0;0;0;0;0;-3,750494000000000;-38,559425000000000
265089;29;11;2015;18:53;23710;AV GAL OSORIO DE PAIVA;RUA DOM HENRIQUE;;0;;Colis?úo Lateral;;;;Duplo T;Pare;Comercial;0;0;2;1;0;0;0;0;0;0;0;0;-3,786100000000000;-38,583025000000000
266667;29;11;2015;07:20;0;AV IMPERADOR;RUA ANTONIO POMPEU;;0;;Colis?úo;Luz do Dia;;;;;;0;0;2;1;0;0;0;0;0;0;0;0;;
266671;29;11;2015;18:30;0;AV MOZART PINHEIRO DE LUCENA;;;1110;;Colis?úo;Anoitecer;;;Meio de Quadra;;;0;0;2;0;0;0;0;1;0;0;0;0;-3,712483000000000;-38,594018000000000
271044;29;11;2015;16:00;0;RD CE-040;;;0;KM-07;Colis?úo;Luz do Dia;;Seca;Meio de Quadra;;;0;0;2;1;0;0;0;0;0;0;0;0;-3,817953000000000;-38,483160000000000
271050;29;11;2015;17:20;0;RD CE-040;;;0;KM-04;Colis?úo;Anoitecer;;Seca;Meio de Quadra;;;0;0;2;1;0;0;0;0;0;0;0;0;-3,792050000000000;-38,480251000000000
270883;29;11;2015;00:37;0;AV PRS CASTELO BRANCO;;;2945;;Choque c/ Obst?ículo Fixo;;;;Meio de Quadra;;;0;1;0;1;0;0;0;0;0;0;0;0;-3,711993000000000;-38,554793000000000
265794;29;11;2015;08:30;9152;RUA MIN JOAQUIM BASTOS D14;RUA MARTINHO RODRIGUES;;0;;Colis?úo Transversal;Luz do Dia;;;Cruz;Pare;Comercial;0;0;2;1;0;0;0;0;0;0;0;0;-3,754850000000000;-38,526951000000000
265812;29;11;2015;20:00;0;AV SGT HERMINIO SAMPAIO;;;4237;;Colis?úo Traseira;;;;Meio de Quadra;;;0;1;1;1;0;0;0;0;0;0;0;0;-3,731072000000000;-38,578127000000000
265807;29;11;2015;21:00;19539;AV DR SILAS MUNGUBA;RUA EQUADOR;;0;;Colis?úo Transversal;;;;Cruz;Sem?íforo;Comercial;0;1;1;0;0;0;0;0;0;1;0;0;-3,782377000000000;-38,555434000000000
265796;29;11;2015;09:15;5136;RUA RUFINO DE ALENCAR;RUA SAO JOSE D03;;0;;Colis?úo Lateral;Luz do Dia;;;T;N?úo H?í Controle;Comercial;0;0;2;1;1;0;0;0;0;0;0;0;-3,724460000000000;-38,523826000000000
265804;29;11;2015;19:10;0;AV ABOLICAO;;;3207;;Colis?úo Traseira;;;;Meio de Quadra;;;0;1;1;1;0;0;0;0;0;0;0;0;-3,726643000000000;-38,491062000000000
265824;29;11;2015;13:30;3975;RUA ALBERTO MAGNO;RUA PRO COSTA MENDES;;0;;Colis?úo Transversal;Luz do Dia;;;Cruz;Sem?íforo;Comercial;0;1;1;1;0;0;0;0;1;0;0;0;-3,757528000000000;-38,543548000000000
265822;29;11;2015;20:00;19969;RUA RAUL UCHOA;RUA PDE JOAO PIAMARTA;;0;;Atropelamento;;;;;;;0;1;1;1;0;0;0;0;0;0;0;0;-3,762405000000000;-38,543421000000000
265817;29;11;2015;15:40;2646;RUA RAIMUNDO FROTA;RUA JACI;;0;;Colis?úo Transversal;Luz do Dia;;;;;;0;1;1;1;0;0;0;0;0;1;0;0;-3,714868000000000;-38,585317000000000
272991;29;11;2015;00:19;19667;AV BEZERRA DE MENEZES;RUA ERETIDES MARTINS;;0;;Colis?úo;;;;;;;0;0;2;0;0;0;0;0;0;0;0;0;-3,734232000000000;-38,557568000000000
272994;29;11;2015;01:26;12892;RUA BAR RIO BRANCO;AV DOMINGOS OLIMPIO;;0;;Capotamento;;;;Cruz;Sem?íforo;Comercial;0;0;1;0;0;0;0;0;0;0;0;0;-3,736579000000000;-38,531494000000000
272996;29;11;2015;01:27;0;RUA OSCAR ARARIPE;;;2490;;Colis?úo;;;;Meio de Quadra;;;0;0;2;0;0;0;0;0;0;0;0;0;-3,786742000000000;-38,613127000000000
273000;29;11;2015;08:48;1432;AV SANTOS DUMONT;AV SEN VIRGILIO TAVORA;;0;;Colis?úo;Luz do Dia;;;Cruz;Sem?íforo;Comercial;0;0;2;0;0;0;0;0;0;0;0;0;-3,737828000000000;-38,493482000000000
273003;29;11;2015;09:40;18304;RUA TREMEMBES;RUA GROAIRAS;;0;;Atropelamento;Luz do Dia;;;;;;0;0;2;0;0;0;0;0;0;0;0;0;-3,720159000000000;-38,516070000000000
273004;29;11;2015;09:51;5142;RUA CASTRO E SILVA;RUA CONDE D??EU;;0;;Colis?úo;Luz do Dia;;;Outros;Sem?íforo;Comercial;0;0;2;0;0;0;0;0;0;0;0;0;-3,724606000000000;-38,525072000000000
273005;29;11;2015;10:02;0;RUA VITORIA;;;1133;;Colis?úo;Luz do Dia;;;Meio de Quadra;;;0;0;2;0;0;0;0;0;0;0;0;0;;
273175;29;11;2015;10:05;0;AV BEZERRA DE MENEZES;;;2450;;Colis?úo;Luz do Dia;;;Meio de Quadra;;;0;0;2;0;0;0;0;0;0;0;0;0;-3,736003000000000;-38,566148000000000
273176;29;11;2015;10:07;0;RUA MOZART FIRMEZA;;;0;;Colis?úo;Luz do Dia;;;Meio de Quadra;;;0;0;2;0;0;0;0;0;0;0;0;0;;
273178;29;11;2015;12:42;25209;AV MOZART PINHEIRO DE LUCENA;RUA BAIXA DO MILAGRE;;0;;Colis?úo;Luz do Dia;;;;;;0;0;2;0;0;0;0;0;0;0;0;0;-3,734227000000000;-38,599994000000000
265939;29;11;2015;20:30;7765;RUA TIBURCIO CAVALCANTE;RUA DOM EXPEDITO LOPES;;0;;Colis?úo Transversal;;;;Cruz;Pare;Residencial;0;0;2;1;0;0;0;0;0;0;0;0;-3,743802000000000;-38,505097000000000
265940;29;11;2015;20:00;1583;RUA LEONARDO MOTA;RUA VICENTE LINHARES;;0;;Colis?úo Transversal;;;;Cruz;Sem?íforo;Residencial;0;1;1;0;0;0;0;0;0;1;0;0;-3,742785000000000;-38,498309000000000
265928;29;11;2015;17:00;1438;RUA MON BRUNO;AV HERACLITO GRACA;;0;;Colis?úo Lateral;Anoitecer;;;;Outros;Comercial;0;0;2;1;0;0;0;0;0;0;0;0;-3,737996000000000;-38,511244000000000
265924;29;11;2015;14:00;5397;AV DUQ CAXIAS;RUA ASSUNCAO;;0;;Colis?úo Lateral;Luz do Dia;;;Cruz;Sem?íforo;Comercial;0;0;2;0;1;0;0;1;0;0;0;0;-3,732405000000000;-38,527952000000000
265922;29;11;2015;16:00;3778;AV DA UNIVERSIDADE;RUA ANTONIO POMPEU;;0;;Colis?úo Transversal;Luz do Dia;;;Cruz;Sem?íforo;Comercial;0;0;2;1;0;0;0;0;0;0;0;0;-3,734083000000000;-38,532908000000000
265916;29;11;2015;16:00;25445;AV PRO JOSE ARTHUR CARVALHO;RUA NELSON COELHO;;0;;Colis?úo Transversal;Luz do Dia;;;Cruz;N?úo H?í Controle;Residencial;0;2;1;1;0;0;0;0;0;1;0;0;-3,826139000000000;-38,464629000000000
265904;29;11;2015;09:00;0;AV DOS EXPEDICIONARIOS;;;10652;;Colis?úo Traseira;Luz do Dia;;;Meio de Quadra;;;0;0;2;1;0;0;0;0;0;0;0;0;-3,812465000000000;-38,555597000000000
265913;29;11;2015;19:00;13372;RUA JOAO BRIGIDO;RUA NOGUEIRA ACIOLI;;0;;Colis?úo;;;;Cruz;Sem?íforo;Residencial;1;0;1;1;0;0;0;0;1;0;0;0;-3,739259000000000;-38,520044000000000
265909;29;11;2015;13:30;0;AV DOS EXPEDICIONARIOS;;;9976;;Colis?úo Transversal;Luz do Dia;;;Meio de Quadra;;;0;1;1;1;0;0;0;0;0;0;0;0;-3,804622000000000;-38,553185000000000
265838;29;11;2015;09:00;15271;RUA ILDEFONSO ALBANO;RUA PEREIRA FILGUEIRAS;;0;;Colis?úo Transversal;Luz do Dia;;;Cruz;Sem?íforo;Misto;0;1;1;1;0;0;0;0;0;0;0;0;-3,728706000000000;-38,511864000000000
265851;29;11;2015;11:50;748;AV FRANCISCO SA;RUA FRANCISCO CALACA;;0;;Colis?úo Lateral;Luz do Dia;;;Y;Pare;Comercial;0;1;1;1;0;0;0;0;0;0;0;0;-3,712310000000000;-38,572275000000000
265832;29;11;2015;11:20;4007;RUA ALBERTO MAGNO;RUA DES PRAXEDES;;0;;Colis?úo Transversal;Luz do Dia;;;Cruz;Sem?íforo;Comercial;0;0;2;1;0;0;0;0;0;0;0;0;-3,761230000000000;-38,546795000000000
265835;29;11;2015;17:51;22046;RUA DOM JOAQUIM DE MELO;RUA MON FURTADO;;0;;Colis?úo Lateral;Anoitecer;;;Cruz;N?úo H?í Controle;Misto;0;2;0;0;0;0;0;0;0;1;0;0;-3,741417000000000;-38,545030000000000
265884;29;11;2015;19:20;0;AV CESAR CALS;;;1241;;Atropelamento;;;;Meio de Quadra;;;0;1;1;1;0;0;0;0;0;0;0;0;-3,728750000000000;-38,460354000000000
265880;29;11;2015;21:00;7403;AV SEN FERNANDES TAVORA;RUA ARACAJU;;0;;Colis?úo Transversal;;;;Cruz;Outros;Comercial;0;1;1;1;0;0;0;0;0;1;0;0;-3,759398000000000;-38,587377000000000
265881;29;11;2015;18:00;10038;RUA ANTONIO NERY;RUA TAQUARI;;0;;Colis?úo Transversal;Anoitecer;;;Cruz;N?úo H?í Controle;Residencial;0;1;1;0;1;0;0;0;0;1;0;0;-3,776710000000000;-38,599806000000000
265889;29;11;2015;05:45;25006;RUA LEONARDO MOTA;RUA BENI DE CARVALHO;;0;;Colis?úo Transversal;Amanhecer;;;Cruz;Sem?íforo;Residencial;0;1;1;1;0;0;0;0;0;0;0;0;-3,744739000000000;-38,498931000000000
265859;29;11;2015;18:31;0;AV ENG HUMBERTO MONTE;;;1927;;Colis?úo Traseira;;;;Meio de Quadra;;;0;1;1;1;0;0;0;0;0;1;0;0;-3,744230000000000;-38,564513000000000
265865;29;11;2015;16:00;0;AV DOM LUIS;;;284;;Colis?úo Lateral;Luz do Dia;;;Meio de Quadra;;;0;0;2;1;0;0;0;0;0;0;0;0;;
265947;30;11;2015;11:35;5117;RUA BORIS;RUA RUFINO DE ALENCAR;;0;;Colis?úo Transversal;Luz do Dia;;;T;Pare;Residencial;0;0;2;1;0;0;0;0;0;0;0;0;-3,723953000000000;-38,521067000000000
265944;30;11;2015;14:30;19676;AV BEZERRA DE MENEZES;RUA PEDRO DE QUEIROZ;;0;;Colis?úo Lateral;Luz do Dia;;;T;Sem?íforo Danificado;Comercial;0;0;2;1;0;0;0;0;0;0;0;0;-3,734912000000000;-38,560822000000000
265968;30;11;2015;01:10;15251;RUA ANA BILHAR;RUA TIBURCIO CAVALCANTE;;0;;Colis?úo Traseira;;;;;;;0;0;2;1;0;0;1;0;0;0;0;0;-3,728066000000000;-38,500041000000000
265966;30;11;2015;16:00;15909;RUA PDE PEDRO DE ALENCAR;RUA VENEZA;;0;;Colis?úo Transversal;Luz do Dia;;;Duplo T;Pare;Residencial;0;0;2;1;0;0;0;0;0;0;0;0;-3,836296000000000;-38,494157000000000
265953;30;11;2015;10:20;1584;RUA VIS MAUA;RUA GAL TERTULIANO POTYGUARA;;0;;Colis?úo Lateral;Luz do Dia;;;Cruz;Pare;Misto;0;0;2;1;0;0;0;0;0;0;0;0;-3,742796000000000;-38,501576000000000
266128;30;11;2015;19:30;8000;AV JOAO PESSOA;RUA DELMIRO FARIAS;;0;;Colis?úo Traseira;;;;Cruz;Pare;Comercial;0;0;2;1;0;0;0;0;0;0;0;0;-3,750275000000000;-38,547538000000000
266121;30;11;2015;14:41;0;AV DOMINGOS OLIMPIO;;;1441;;Colis?úo Traseira;Luz do Dia;;;Meio de Quadra;;;0;0;2;1;0;0;0;0;0;0;0;0;-3,735111000000000;-38,535692000000000
266110;30;11;2015;06:00;0;AV GAL OSORIO DE PAIVA;;;3366;;Colis?úo Lateral;Luz do Dia;;;Meio de Quadra;;;0;0;2;1;1;0;0;0;0;0;0;0;-3,790247000000000;-38,588007000000000
266066;30;11;2015;12:15;15233;RUA JULIO IBIAPINA;RUA JUAZEIRO DO NORTE;;0;;Colis?úo Transversal;Luz do Dia;;;Cruz;Pare;Comercial;0;1;1;1;0;0;0;0;1;0;0;0;-3,727527000000000;-38,491155000000000
266074;30;11;2015;08:44;25665;RUA ANTENOR ROCHA ALEXANDRE;RUA MARVIN;;0;;Colis?úo;Luz do Dia;;;Cruz;Pare;Residencial;0;0;2;1;0;0;0;0;0;0;0;0;-3,792251000000000;-38,483635000000000
266060;30;11;2015;08:20;15144;AV MON TABOSA;AV RUI BARBOSA;;0;;Colis?úo Transversal;Luz do Dia;;;Cruz;Pare;Comercial;0;1;1;1;0;0;0;0;0;1;0;0;-3,724441000000000;-38,505696000000000
266057;30;11;2015;15:30;14653;RUA LIDIA BRIGIDO;RUA LOURIVAL C PINHO;;0;;Colis?úo Transversal;Luz do Dia;;;;;;0;1;1;1;0;0;0;0;0;1;0;0;-3,793554000000000;-38,484368000000000
266082;30;11;2015;07:30;0;AV CARNEIRO DE MENDONCA;;;1286;;Colis?úo Lateral;Luz do Dia;;;Meio de Quadra;;;0;1;2;1;0;0;0;0;0;1;0;0;-3,762115000000000;-38,570480000000000
266076;30;11;2015;06:50;0;AV GAL OSORIO DE PAIVA;;;0;;Colis?úo Lateral;Luz do Dia;;;Meio de Quadra;;;0;0;2;1;0;0;1;0;0;0;0;0;;
266070;30;11;2015;09:40;7765;RUA TIBURCIO CAVALCANTE;RUA DOM EXPEDITO LOPES;;0;;Colis?úo Lateral;Luz do Dia;;;Cruz;Pare;Residencial;0;0;2;1;0;0;0;0;0;0;0;0;-3,743802000000000;-38,505097000000000
266048;30;11;2015;14:30;0;AV PRO GOMES DE MATOS;;;1666;;Colis?úo Traseira;Luz do Dia;;;Meio de Quadra;;;0;0;2;1;0;0;0;0;0;0;0;0;-3,766147000000000;-38,549894000000000
266049;30;11;2015;11:20;19876;RUA PDE AMBROSIO MACHADO;RUA PDE JOAO PIAMARTA;;0;;Colis?úo Transversal;Luz do Dia;;;Cruz;Pare;Residencial;0;0;2;1;0;0;0;0;0;1;0;0;-3,760079000000000;-38,542406000000000
266054;30;11;2015;12:00;0;RUA CEL FRANCISCO PEREIRA (MESSEJANA);;;67;;Colis?úo Transversal;Luz do Dia;;;Meio de Quadra;;;0;0;2;1;0;0;0;0;0;0;0;0;-3,829493000000000;-38,492615000000000
266052;30;11;2015;15:30;25049;AV PONTES VIEIRA;RUA CAP MELO;;0;;Colis?úo Traseira;Luz do Dia;;;Cruz;Sem?íforo;Comercial;0;0;2;1;0;0;0;0;0;0;0;0;-3,752762000000000;-38,513797000000000
266041;30;11;2015;18:30;5322;AV IMPERADOR;AV DUQ CAXIAS;;0;;Colis?úo Frontal;Anoitecer;;;Cruz;Sem?íforo;Comercial;0;1;1;1;0;0;0;0;0;1;0;0;-3,730048000000000;-38,535297000000000
266043;30;11;2015;15:00;9099;RUA FRANCOIS T MENEZES;AV EDUARDO GIRAO;;0;;Colis?úo Lateral;Luz do Dia;;;;;;0;0;2;1;0;0;0;0;0;0;0;0;-3,755700000000000;-38,525973000000000