COD_ACIDENTE;DIA;MES;ANO;HORA;INTERSECAO;LOG1;LOG2;LOG3;NUMERO;REFERENCIA;NATUREZA;ILUMINACAO;TEMPO;SUPERFICIEPISTA;TIPOCRUZAMENTO;CONTROLETRAFEGO;USOSOLO;MORTOS;FERIDOS;ILESOS;AUTOMOVEL;ONIBUS;BICICLETA;CAMINHAO;MICROONIBUS;CICLOMOTOR;MOTOCICLETA;TRACAOANIMAL;TREM;LATITUDE;LONGITUDE
266039;30;11;2015;20:20;25049;AV PONTES VIEIRA;RUA CAP MELO;;0;;Outros;;;;Cruz;Sem?íforo;Comercial;0;1;2;1;0;0;0;0;0;1;0;0;-3,752762000000000;-38,513797000000000
266036;30;11;2015;19:30;15301;RUA TEN BENEVOLO;RUA SILVA PAULET;;0;;Colis?úo Lateral;Luz do Dia;;;Cruz;Pare;Comercial;0;1;1;0;0;0;0;0;0;0;0;0;-3,729724000000000;-38,503888000000000
266001;30;11;2015;18:30;0;RUA PRO GOMES BRASIL;;;201;;Colis?úo Traseira;Anoitecer;;;Meio de Quadra;;;0;0;2;1;1;0;0;0;0;0;0;0;-3,774031000000000;-38,567652000000000
266002;30;11;2015;11:05;7760;AV ANTONIO SALES;RUA SILVA PAULET;;0;;Colis?úo Transversal;Luz do Dia;;;Cruz;Pare;Misto;0;0;2;1;0;0;0;0;0;0;0;0;-3,743595000000000;-38,508383000000000
266004;30;11;2015;16:35;0;AV DOMINGOS OLIMPIO;;;1190;;Colis?úo Traseira;Luz do Dia;;;Meio de Quadra;;;0;1;1;0;0;0;0;0;0;1;0;0;-3,735606000000000;-38,534135000000000
265999;30;11;2015;12:00;0;AV BORGES DE MELO;;;0;;Colis?úo Traseira;Luz do Dia;;;Meio de Quadra;;;0;0;2;1;1;0;0;0;0;0;0;0;;
265997;30;11;2015;14:20;20042;AV PRS JUSCELINO KUBITSCHEK (PASSAR?ë);AV DR SILAS MUNGUBA;;0;;Colis?úo Transversal;Luz do Dia;;;;;;0;1;1;1;0;0;0;0;0;1;0;0;-3,807229000000000;-38,524782000000000
266140;30;11;2015;08:10;0;AV TRISTAO GONCALVES;;;1700;;Colis?úo Transversal;Luz do Dia;;;Meio de Quadra;;;0;2;0;0;0;0;0;0;0;1;0;0;;
266144;30;11;2015;23:33;0;RUA DOM HENRIQUE;;;0;;Colis?úo Transversal;;;;Meio de Quadra;;;0;1;1;1;0;0;0;0;0;1;0;0;;
266138;30;11;2015;11:10;5490;AV VIS RIO BRANCO;RUA PDE VALDEVINO;;0;;Colis?úo Traseira;Luz do Dia;;;;;;0;0;2;1;0;0;0;0;0;0;0;0;-3,736873000000000;-38,523967000000000
266135;30;11;2015;01:00;0;AV PRS COSTA E SILVA;;;3000;;Choque c/ Obst?ículo Fixo;;;;Meio de Quadra;;;0;0;1;0;0;0;0;0;0;0;0;0;-3,828859000000000;-38,522000000000000
271059;30;11;2015;11:15;0;RD CE-040;;;0;KM-04;Colis?úo Lateral;Luz do Dia;;Seca;Meio de Quadra;;;0;1;1;1;0;0;1;0;0;0;0;0;-3,792050000000000;-38,480251000000000
271071;30;11;2015;10:30;0;RD CE-040;;;0;KM-07;Colis?úo;Luz do Dia;;Seca;Meio de Quadra;;;0;0;2;0;0;0;0;0;0;1;0;0;-3,817953000000000;-38,483160000000000
266672;30;11;2015;18:21;0;AV DIOGUINHO;;;0;;Colis?úo;Anoitecer;;;Meio de Quadra;;;0;0;2;1;0;0;1;0;0;0;0;0;;
266674;30;11;2015;19:01;0;AV OLIVEIRA PAIVA;;;0;;Colis?úo;;;;Meio de Quadra;;;0;0;3;1;0;0;0;0;0;0;0;0;;
273202;30;11;2015;00:39;15271;RUA ILDEFONSO ALBANO;RUA PEREIRA FILGUEIRAS;;0;;Colis?úo;;;;Cruz;Sem?íforo;Misto;0;0;2;0;0;0;0;0;0;0;0;0;-3,728706000000000;-38,511864000000000
273205;30;11;2015;11:15;0;RUA BOM JESUS (GRANJA LISBOA);;;3109;;Colis?úo;Luz do Dia;;;Meio de Quadra;;;0;0;2;0;0;0;0;0;0;0;0;0;-3,788051000000000;-38,621350000000000
273207;30;11;2015;12:00;0;RUA EMILIO DE MENESES;;;2130;;Colis?úo;Luz do Dia;;;Meio de Quadra;;;0;0;2;0;0;0;0;0;0;0;0;0;-3,778182000000000;-38,600125000000000
273209;30;11;2015;14:49;0;AV B CJ CEARA;;;0;;Colis?úo;Luz do Dia;;;Meio de Quadra;;;0;0;2;0;0;0;0;0;0;0;0;0;;
273211;30;11;2015;15:51;0;AV GAL OSORIO DE PAIVA;;;7421;;Colis?úo;Luz do Dia;;;Meio de Quadra;;;0;0;2;0;0;0;0;0;0;0;0;0;-3,816805000000000;-38,613792000000000
273213;30;11;2015;17:15;0;RUA C UI 204;;;216;;Atropelamento;Anoitecer;;;Meio de Quadra;;;0;0;2;0;0;0;0;0;0;0;0;0;;
273225;30;11;2015;22:15;24886;AV MAJ ASSIS;AV MOZART PINHEIRO DE LUCENA;;0;;Colis?úo;;;;Cruz;Sem?íforo;Residencial;0;0;2;0;0;0;0;0;0;0;0;0;-3,721695000000000;-38,596693000000000
273216;30;11;2015;18:32;0;RUA THEOGENES GONDIM;;;0;;Colis?úo;;;;Meio de Quadra;;;0;0;2;0;0;0;0;0;0;0;0;0;;
273218;30;11;2015;18:45;0;AV PRS COSTA E SILVA;;;0;;Colis?úo;;;;Meio de Quadra;;;0;0;2;0;0;0;0;0;0;0;0;0;;
273221;30;11;2015;19:44;24805;AV MOZART PINHEIRO DE LUCENA;RUA 22 CJ BEIRA RIO;;0;;Colis?úo;;;;;;;0;0;2;0;0;0;0;0;0;0;0;0;-3,718230000000000;-38,595688000000000
270171;30;11;2015;01:28;0;AV SEN FERNANDES TAVORA;;;0;;Queda;;;;Meio de Quadra;;;0;1;0;0;0;0;0;0;0;1;0;0;;
270173;30;11;2015;03:00;0;AV ABOLICAO;;;2900;;Atropelamento;;;;Meio de Quadra;;;0;1;0;0;0;0;0;0;0;0;0;0;-3,726989000000000;-38,493317000000000
270194;30;11;2015;12:58;632;RUA ENG JOAO NOGUEIRA;AV PASTEUR;;0;;Atropelamento;Luz do Dia;;;Cruz;Pare;Comercial;0;1;0;1;0;0;0;0;0;0;0;0;-3,712927000000000;-38,559415000000000
270180;30;11;2015;07:22;347;RUA PRO COSTA MENDES;RUA FRANCISCA CLOTILDE;;0;;Atropelamento;Luz do Dia;;;Cruz;Pare;Comercial;0;1;0;1;0;0;0;0;0;0;0;0;-3,746335000000000;-38,556137000000000
270182;30;11;2015;07:29;15144;AV RUI BARBOSA;AV MON TABOSA;;0;;Colis?úo;Luz do Dia;;;Cruz;Pare;Comercial;0;1;0;1;0;0;0;0;0;1;0;0;-3,724441000000000;-38,505696000000000
270183;30;11;2015;12:06;0;RUA BERNARDO MANUEL;;;9970;;Colis?úo;Luz do Dia;;;Meio de Quadra;;;0;1;0;1;0;0;0;0;0;1;0;0;-3,804543000000000;-38,553161000000000
270175;30;11;2015;04:41;3347;AV ENG HUMBERTO MONTE;RUA GOIAS;;0;;Colis?úo;;;;T;Pare;Comercial;0;1;0;0;0;0;0;0;0;0;0;0;-3,750494000000000;-38,559425000000000
270229;30;11;2015;18:03;0;AV AUGUSTO DOS ANJOS;;;2088;;Colis?úo;Anoitecer;;;Meio de Quadra;;;0;1;0;1;0;0;0;0;0;1;0;0;-3,783955000000000;-38,582447000000000
270226;30;11;2015;17:11;0;RUA JOAO FRANCA (PQ. 2 IRM?âOS);;;306;;Atropelamento;Anoitecer;;;Meio de Quadra;;;0;1;0;0;0;0;0;0;0;1;0;0;;
270199;30;11;2015;15:52;14653;RUA LIDIA BRIGIDO;RUA LOURIVAL C PINHO;;0;;Colis?úo;Luz do Dia;;;;;;0;1;0;1;0;0;0;0;0;1;0;0;-3,793554000000000;-38,484368000000000
270202;30;11;2015;16:57;3373;RUA PAPI JUNIOR;RUA MARIO DE ANDRADE;;0;;Colis?úo;Luz do Dia;;;Cruz;Pare;Misto;0;1;0;1;0;0;0;0;0;1;0;0;-3,753737000000000;-38,558885000000000
270197;30;11;2015;14:30;0;RUA COMERCIO D57;;;377;;Atropelamento;Luz do Dia;;;Meio de Quadra;;;0;1;0;1;0;0;0;0;0;0;0;0;-3,771984000000000;-38,471711000000000
270261;30;11;2015;21:07;0;AV FRE CIRILO;;;3726;;Queda;;;;Meio de Quadra;;;0;1;0;0;0;0;0;0;0;1;0;0;-3,816718000000000;-38,497668000000000
270258;30;11;2015;19:36;0;RUA VILA LOBOS;;;22;;Queda;;;;Meio de Quadra;;;0;1;0;0;0;1;0;0;0;0;0;0;-3,773665000000000;-38,553741000000000
270259;30;11;2015;20:23;0;AV JOSE LEON;;;2252;;Colis?úo;;;;Meio de Quadra;;;0;1;0;1;0;0;0;0;0;1;0;0;-3,790476000000000;-38,490788000000000
270254;30;11;2015;19:34;13591;AV PONTES VIEIRA;AV RUI BARBOSA;;0;;Colis?úo;;;;Cruz;Sem?íforo;Comercial;0;1;0;1;0;0;0;0;0;1;0;0;-3,752762000000000;-38,513797000000000
270251;30;11;2015;19:29;25328;RUA PORTO VELHO;RUA TUPI D35;;0;;Colis?úo;;;;;N?úo H?í Controle;Misto;0;1;0;1;0;0;0;0;0;1;0;0;-3,768111000000000;-38,583018000000000
270233;30;11;2015;18:27;0;RUA MOREIRA DE SOUSA;;;394;;Colis?úo;Anoitecer;;;Meio de Quadra;;;0;1;0;1;0;1;0;0;0;0;0;0;-3,739518000000000;-38,566786000000000
270244;30;11;2015;19:17;0;RUA PERNAMBUCO;;;3141;;Atropelamento;;;;Meio de Quadra;;;0;1;0;0;1;0;0;0;0;0;0;0;-3,748626000000000;-38,580723000000000
270237;30;11;2015;18:45;0;AV SGT HERMINIO SAMPAIO;;;4475;;Atropelamento;;;;Meio de Quadra;;;0;1;0;0;0;0;0;0;0;1;0;0;-3,731774000000000;-38,579892000000000
270128;1;12;2015;17:17;0;AV A CJ CEARA;;;0;;Queda;Anoitecer;;;Meio de Quadra;;;0;1;0;0;0;0;0;0;0;1;0;0;;
270123;1;12;2015;16:32;1246;AV SANTOS DUMONT;RUA BAR ARACATI;;0;;Colis?úo;Luz do Dia;;;Cruz;Pare;Comercial;0;1;1;1;0;0;0;0;0;1;0;0;-3,731909000000000;-38,511618000000000
270121;1;12;2015;16:30;0;RUA VITAL BRASIL;;;0;;Queda;Luz do Dia;;;Meio de Quadra;;;0;1;0;0;0;0;0;0;0;1;0;0;-3,779388000000000;-38,593131000000000
270133;1;12;2015;19:15;0;AV N CJ JOSE WALTER;;;0;;Colis?úo;;;;Meio de Quadra;;;0;1;0;0;0;0;0;0;0;0;0;0;;
270110;1;12;2015;09:24;0;AV JOAO DE ARAUJO LIMA;;;0;;Colis?úo;Luz do Dia;;;Meio de Quadra;;;0;1;0;0;0;0;0;0;0;0;0;0;-3,831583000000000;-38,560290000000000
270116;1;12;2015;11:56;0;AV DO VAQUEIRO;;;0;;Colis?úo;Luz do Dia;;;Meio de Quadra;;;0;1;0;0;0;0;0;0;0;0;0;0;-3,860891000000000;-38,503185000000000
270106;1;12;2015;07:17;0;RUA EMILIO DE MENESES;;;0;;Colis?úo;Luz do Dia;;;Meio de Quadra;;;0;1;1;1;0;0;0;0;0;1;0;0;;
272285;1;12;2015;07:56;24230;RUA TAVARES COUTINHO;AV ENG ALBERTO SA;;0;;Colis?úo;Luz do Dia;;;;;;0;0;2;0;0;0;0;0;0;0;0;0;-3,732499000000000;-38,482890000000000
272298;1;12;2015;13:28;0;RUA MARIA QUINTINO;;;0;;Colis?úo;Luz do Dia;;;Meio de Quadra;;;0;0;2;0;0;0;0;0;0;0;0;0;;
272299;1;12;2015;14:03;0;AV ROGACIANO LEITE;;;0;;Colis?úo;Luz do Dia;;;Meio de Quadra;;;0;0;2;0;0;0;0;0;0;0;0;0;;
272290;1;12;2015;11:13;0;RUA MUNIZ FREIRE;;;0;;Colis?úo;Luz do Dia;;;Meio de Quadra;;;0;0;2;0;0;0;0;0;0;0;0;0;;
272291;1;12;2015;11:19;0;RUA SAO JORGE;;;0;;Colis?úo;Luz do Dia;;;Meio de Quadra;;;0;0;2;0;0;0;0;0;0;0;0;0;;
272296;1;12;2015;13:19;91;RUA PRS PRUDENTE;RUA TOMAS RODRIGUES;;0;;Colis?úo;Luz do Dia;;;Cruz;;Residencial;0;0;2;0;0;0;0;0;0;0;0;0;-3,738023000000000;-38,594205000000000
271093;1;12;2015;19:00;0;RD CE-040;;;0;KM-08;Colis?úo;Via Iluminada;;Seca;Meio de Quadra;;;0;2;0;1;0;0;0;0;0;1;0;0;-3,823332000000000;-38,481317000000000
271079;1;12;2015;04:50;0;AV SEN CARLOS JEREISSATI (AEROPORTO);;;0;KM 01;Colis?úo;Amanhecer;;Seca;Meio de Quadra;;;0;2;0;0;0;0;0;0;0;1;0;0;-3,783803000000000;-38,520356000000000
266153;1;12;2015;10:00;15194;RUA ILDEFONSO ALBANO;RUA DEP MOREIRA DA ROCHA;;0;;Colis?úo Transversal;Luz do Dia;;;Cruz;Pare;Residencial;0;0;2;1;0;0;0;0;0;0;0;0;-3,726480000000000;-38,511072000000000
266156;1;12;2015;17:45;0;AV SEN VIRGILIO TAVORA;;;1731;;Colis?úo Lateral;Anoitecer;;;Meio de Quadra;;;1;0;1;1;0;0;0;0;0;1;0;0;-3,741309000000000;-38,494602000000000
266158;1;12;2015;07:20;23615;AV OLAVO BILAC;RUA GONCALO DE LAGOS;;0;;Colis?úo Transversal;Luz do Dia;;;;;;0;1;1;1;0;0;0;0;0;1;0;0;-3,725197000000000;-38,565591000000000
266160;1;12;2015;10:40;0;AV FRANCISCO SA;;;4121;;Colis?úo Lateral;Luz do Dia;;;Meio de Quadra;;;0;0;2;1;0;0;0;0;0;0;0;0;-3,715955000000000;-38,561663000000000
266164;1;12;2015;17:10;15170;AV ABOLICAO;RUA JOSE VILAR;;0;;Colis?úo Traseira;Anoitecer;;;Cruz;Pare;Residencial;0;1;1;1;0;0;0;0;0;1;0;0;-3,725435000000000;-38,501373000000000
259405;1;12;2015;08:40;0;RD BR 116;;;1000;KM-01;Colis?úo Lateral;Luz do Dia;Bom;Seca;Meio de Quadra;N?úo H?í Controle;Comercial;0;1;1;1;0;0;0;0;0;0;0;0;-3,762554000000000;-38,518702000000000
266341;1;12;2015;12:40;0;AV JOSE LEON;;;1130;;Colis?úo Transversal;Luz do Dia;;;Meio de Quadra;;;0;0;2;1;0;0;0;0;0;1;0;0;-3,787924000000000;-38,501387000000000
266347;1;12;2015;15:40;5090;RUA OTO DE ALENCAR;RUA GUILHERME ROCHA;;0;;Colis?úo Traseira;Luz do Dia;;;Cruz;Sem?íforo;Misto;0;0;2;1;0;0;0;0;0;0;0;0;-3,723058000000000;-38,540079000000000
266330;1;12;2015;;11625;RUA BOA VISTA;RUA PRO MIRAMAR DA PONTE;;0;;Colis?úo Lateral;;;;;;;0;0;2;1;0;0;0;0;0;0;0;0;-3,767567000000000;-38,588817000000000
266339;1;12;2015;14:20;19683;RUA AZEVEDO BOLAO;RUA PRO JOSE DE BARCELOS;;0;;Colis?úo Transversal;Luz do Dia;;;Cruz;Pare;Residencial;0;0;2;1;0;0;0;0;0;0;0;0;-3,735196000000000;-38,550610000000000
266334;1;12;2015;20:15;16038;RUA GASTAO JUSTA;RUA JORGE RAUPP;;0;;Colis?úo Transversal;;;;;;;0;1;1;1;0;0;0;0;0;1;0;0;-3,811994000000000;-38,571313000000000
266370;1;12;2015;18:50;12863;AV DOMINGOS OLIMPIO;RUA FLORIANO PEIXOTO;;0;;Colis?úo Transversal;;;;Cruz;N?úo H?í Controle;Comercial;0;1;2;1;0;0;0;0;0;0;0;0;-3,736976000000000;-38,530313000000000
266359;1;12;2015;12:40;0;AV DA UNIVERSIDADE;;;2854;;Colis?úo Lateral;Luz do Dia;;;Meio de Quadra;;;0;0;3;1;0;0;0;0;0;0;0;0;-3,741023000000000;-38,539162000000000
266181;1;12;2015;18:00;1246;AV SANTOS DUMONT;RUA BAR ARACATI;;0;;Colis?úo Transversal;Anoitecer;;;Cruz;Pare;Comercial;0;1;1;1;0;0;0;0;0;1;0;0;-3,731909000000000;-38,511618000000000
266187;1;12;2015;10:10;0;AV PONTES VIEIRA;;;2409;;Colis?úo Traseira;Luz do Dia;;;Meio de Quadra;;;0;0;2;1;0;0;0;0;0;0;0;0;-3,751171000000000;-38,500200000000000
266189;1;12;2015;08:40;0;RUA BENI DE CARVALHO;;;395;;Colis?úo Traseira;Luz do Dia;;;Meio de Quadra;;;0;0;3;1;0;0;0;0;0;0;0;0;-3,745221000000000;-38,497411000000000
266190;1;12;2015;14:30;0;RUA DOM HELIO CAMPOS D21;;;0;;Colis?úo Lateral;Luz do Dia;;;Meio de Quadra;;;0;0;2;1;0;0;0;0;0;0;0;0;;
266174;1;12;2015;15:40;0;RUA ASP MENDES;;;332;;Colis?úo Frontal;Luz do Dia;;;Meio de Quadra;;;0;1;1;1;0;0;0;0;0;0;0;0;;
266178;1;12;2015;08:00;25412;AV DES FLORIANO BENEVIDES;RUA FRANCISCO SEGUNDO DA COSTA;;0;;Colis?úo Lateral;Luz do Dia;;;Cruz;Pare;Residencial;0;0;2;1;1;0;0;0;0;0;0;0;-3,772571000000000;-38,478416000000000
266322;1;12;2015;20:15;5468;RUA ANTONIO POMPEU;RUA BAR ARATANHA;;0;;Colis?úo Transversal;;;;Cruz;Sem?íforo;Residencial;0;1;1;1;0;0;0;0;0;1;0;0;-3,735826000000000;-38,527351000000000
266317;1;12;2015;22:30;10963;RUA ANTONIO FIUZA;RUA 15 DE NOVEMBRO;;0;;;;;;Cruz;Sem?íforo;Residencial;0;0;2;1;0;0;0;0;1;0;0;0;-3,770252000000000;-38,552228000000000
266312;1;12;2015;11:25;15293;AV BAR STUDART;RUA TEN BENEVOLO;;0;;Colis?úo Traseira;Luz do Dia;;;Cruz;Sem?íforo;Comercial;0;0;2;1;0;0;0;0;0;0;0;0;-3,729390000000000;-38,504908000000000
266307;1;12;2015;23:15;3860;AV DA UNIVERSIDADE;AV 13 DE MAIO;;0;;Colis?úo Traseira;;;;Cruz;Sem?íforo;Comercial;0;0;2;1;0;0;0;0;0;0;0;0;-3,740962000000000;-38,539107000000000
266303;1;12;2015;14:00;15211;AV ABOLICAO;RUA PAULA BARROS;;0;;Atropelamento;Luz do Dia;;;Cruz;;Residencial;0;1;1;0;1;0;0;0;0;0;0;0;-3,726831000000000;-38,492313000000000
266279;1;12;2015;16:50;0;AV AGUANAMBI;;;21;;Colis?úo Transversal;Luz do Dia;;;Meio de Quadra;;;0;0;2;1;0;0;1;0;0;0;0;0;;
266277;1;12;2015;14:50;1507;RUA PDE VALDEVINO;RUA BAR ARACATI;;0;;Colis?úo Traseira;Luz do Dia;;;Cruz;Pare;Comercial;0;0;2;1;0;0;0;0;0;0;0;0;-3,739898000000000;-38,514377000000000
266281;1;12;2015;22:00;0;RUA JOAO FIRMINO;;;0;;;;;;Meio de Quadra;;;0;1;1;1;0;0;0;0;0;1;0;0;;
266198;1;12;2015;13:45;26077;AV JOSE JATAHY;AV DUQ CAXIAS;;0;;Colis?úo;Luz do Dia;;;T;Pare;Comercial;0;0;2;1;0;0;1;0;0;0;0;0;;
266185;1;12;2015;08:15;24229;AV ENG SANTANA JUNIOR;AV ENG ALBERTO SA;;0;;Colis?úo Transversal;Luz do Dia;;;Cruz;Sem?íforo;Comercial;0;0;2;1;0;0;0;0;0;0;0;0;-3,733357000000000;-38,480624000000000
266200;1;12;2015;06:30;5188;RUA TEN BENEVOLO;RUA NOGUEIRA ACIOLI;;0;;Colis?úo Transversal;Luz do Dia;;;Cruz;Pare;Residencial;0;1;1;1;0;0;0;0;0;0;0;0;-3,725858000000000;-38,515591000000000
266201;1;12;2015;19:00;13534;RUA JOAO CORDEIRO;AV SORIANO ALBUQUERQUE;;0;;Colis?úo Lateral;;;;Cruz;Pare;Residencial;0;2;1;1;0;0;0;0;0;0;0;0;-3,747871000000000;-38,519458000000000
266205;1;12;2015;13:00;0;AV JOAO DE ARAUJO LIMA;;;21;;Colis?úo Traseira;Luz do Dia;;;Meio de Quadra;;;0;1;1;1;0;0;0;0;0;1;0;0;-3,821405000000000;-38,558045000000000
266275;1;12;2015;08:30;0;RUA FLORIANO PEIXOTO;;;899;;Colis?úo Lateral;Luz do Dia;;;Meio de Quadra;;;0;1;1;1;0;0;0;0;0;1;0;0;-3,730225000000000;-38,528079000000000
266886;1;12;2015;15:03;0;RUA VALPARAISO;;;0;;Colis?úo;Luz do Dia;;;Meio de Quadra;;;0;0;2;1;0;0;1;0;0;0;0;0;;
266887;1;12;2015;17:26;0;AV ABOLICAO;;;0;;Colis?úo;Anoitecer;;;Meio de Quadra;;;0;0;2;0;1;0;0;0;0;0;0;0;;
271375;1;12;2015;12:00;0;AV OLIVEIRA PAIVA;;;676;;Colis?úo;Luz do Dia;;;Meio de Quadra;;;0;0;1;1;0;0;0;0;0;0;0;0;;
271388;2;12;2015;17:50;12849;RUA ASSUNCAO;RUA SALDANHA MARINHO;;0;;Colis?úo;Anoitecer;;;Cruz;Pare;Residencial;0;2;0;1;0;0;0;0;0;0;0;0;-3,742314000000000;-38,531231000000000
271382;2;12;2015;00:12;0;RUA STA INES D22;;;1702;;Choque c/ Obst?ículo Fixo;;;;Meio de Quadra;;;0;1;0;1;0;0;0;0;0;0;0;0;;
271206;2;12;2015;08:40;0;RD CE-040;;;0;KM-07;Tombamento;Luz do Dia;;Seca;Meio de Quadra;;;0;3;0;1;0;0;0;0;0;0;0;0;-3,817953000000000;-38,483160000000000
271200;2;12;2015;04:30;0;RD CE-040;;;0;KM-08;Choque c/ Obst?ículo Fixo;Luz do Dia;;Seca;Meio de Quadra;;;0;1;0;0;0;0;0;0;0;1;0;0;-3,823332000000000;-38,481317000000000
271216;2;12;2015;09:00;0;RD CE-040;;;0;KM-07;Colis?úo;Luz do Dia;;Seca;Meio de Quadra;;;0;1;1;1;0;0;0;0;0;1;0;0;-3,817953000000000;-38,483160000000000
271451;2;12;2015;20:00;12114;AV BULEVAR II;AV CASTELO DE CASTRO;;0;;Colis?úo;;;;Cruz;Outros;Residencial;0;2;0;1;0;0;0;0;0;1;0;0;-3,836737000000000;-38,521682000000000
266376;2;12;2015;08:20;0;AV SORIANO ALBUQUERQUE;;;0;;Engavetamento;Luz do Dia;;;Meio de Quadra;;;0;0;4;1;0;0;1;0;0;0;0;0;;
266388;2;12;2015;15:20;0;AV SEN VIRGILIO TAVORA;;;2269;;Colis?úo Traseira;Luz do Dia;;;Meio de Quadra;;;0;0;2;1;0;0;0;0;0;0;0;0;-3,746977000000000;-38,496405000000000
266386;2;12;2015;08:30;1596;RUA PDE VALDEVINO;RUA OSVALDO CRUZ (ALDEOTA);;0;;Colis?úo Lateral;Luz do Dia;;;Cruz;Pare;Residencial;0;1;1;1;0;0;0;0;0;1;0;0;-3,743492000000000;-38,502862000000000
266390;2;12;2015;13:30;0;RUA HIS GUARINO ALVES;;;95;;Colis?úo Lateral;Luz do Dia;;;Meio de Quadra;;;0;0;2;1;0;0;0;0;0;0;0;0;;
266391;2;12;2015;20:40;0;RUA CANDIDO MAIA;;;197;;Colis?úo Lateral;;;;Meio de Quadra;;;0;0;2;1;0;0;0;0;0;0;0;0;-3,735840000000000;-38,590081000000000
266393;2;12;2015;23:00;0;AV JOSE BASTOS;;;5600;;Colis?úo Traseira;;;;Meio de Quadra;;;0;0;2;1;0;0;0;0;0;0;0;0;-3,760712000000000;-38,564575000000000
266384;2;12;2015;16:20;13473;RUA ANTONIO AUGUSTO;RUA PINHO PESSOA;;0;;Colis?úo Transversal;Luz do Dia;;;Cruz;Pare;Residencial;0;1;1;1;0;0;0;0;0;0;0;0;-3,744442000000000;-38,518112000000000
266436;2;12;2015;15:30;3771;AV DOMINGOS OLIMPIO;AV DA UNIVERSIDADE;;0;;Colis?úo Lateral;Luz do Dia;;;Cruz;Sem?íforo;Comercial;0;1;1;1;0;0;0;0;0;1;0;0;-3,735594000000000;-38,534216000000000
266434;2;12;2015;13:30;19548;AV DR SILAS MUNGUBA;RUA PERU;;0;;Colis?úo Transversal;Luz do Dia;;;Cruz;Sem?íforo;Comercial;0;0;2;1;0;0;0;0;0;0;0;0;-3,783036000000000;-38,554545000000000
266431;2;12;2015;11:20;7857;RUA PRO DIAS DA ROCHA;RUA HENRIQUETA GALENO;;0;;Colis?úo Transversal;Luz do Dia;;;Cruz;Pare;Misto;0;0;2;1;0;0;0;0;0;0;0;0;-3,746681000000000;-38,495244000000000
266429;2;12;2015;04:15;0;RUA PRO COSTA MENDES;;;0;;Choque c/ Obst?ículo Fixo;;;;;;;0;0;1;1;0;0;0;0;0;0;0;0;;
266426;2;12;2015;09:20;13423;AV ANTONIO SALES;RUA MON BRUNO;;0;;Colis?úo Transversal;Luz do Dia;;;Cruz;Pare;Comercial;0;0;2;1;1;0;0;0;0;0;0;0;-3,742276000000000;-38,512634000000000
266424;2;12;2015;18:30;2535;AV CEL CARVALHO;RUA 13 DE ROCHEDALE;;0;;Colis?úo Transversal;Anoitecer;;;Cruz;N?úo H?í Controle;Rural;0;0;2;1;0;0;0;0;0;0;0;0;-3,710546000000000;-38,589676000000000
266422;2;12;2015;12:30;5031;RUA PESSOA ANTA;AV ALM TAMANDARE;;0;;Colis?úo Traseira;Luz do Dia;;;;;;0;0;2;1;1;0;0;0;0;0;0;0;-3,720821000000000;-38,519885000000000
266408;2;12;2015;09:30;1743;RUA CAP ARAGAO;RUA TEN BARBOSA D46;;0;;Colis?úo Lateral;Luz do Dia;;;Cruz;Pare;Residencial;0;2;0;1;0;0;0;0;0;1;0;0;-3,764730000000000;-38,512040000000000
266414;2;12;2015;13:30;20239;RUA AMANCIO PEREIRA;RUA DR ANTONIO LUSTOSA;;0;;Colis?úo Lateral;Luz do Dia;;;;;;0;1;1;1;0;0;0;0;0;1;0;0;-3,814890000000000;-38,522887000000000
266415;2;12;2015;09:30;3853;RUA DOS PRACINHAS;RUA LUIS DE MIRANDA;;0;;Colis?úo Lateral;Luz do Dia;;;;;;0;0;2;1;0;0;1;0;0;0;0;0;-3,737670000000000;-38,542789000000000
266416;2;12;2015;10:00;7765;RUA DOM EXPEDITO LOPES;RUA TIBURCIO CAVALCANTE;;0;;Colis?úo Lateral;Luz do Dia;;;Cruz;Pare;Residencial;0;0;2;1;0;0;0;0;0;0;0;0;-3,743802000000000;-38,505097000000000
266417;2;12;2015;18:20;0;RUA OSVALDO CRUZ (ALDEOTA);;;2129;;;Anoitecer;;;Meio de Quadra;;;0;0;2;0;0;0;0;0;0;1;0;0;-3,744313000000000;-38,503113000000000
266418;2;12;2015;20:35;15322;RUA CANUTO DE AGUIAR;RUA BARBOSA DE FREITAS;;0;;Colis?úo Transversal;;;;Cruz;Pare;Residencial;0;0;2;1;0;0;0;0;0;0;0;0;-3,730624000000000;-38,495453000000000
266419;2;12;2015;15:00;0;RUA PDE VALDEVINO;;;2362;;Colis?úo Traseira;Luz do Dia;;;Meio de Quadra;;;0;0;3;1;0;0;0;0;0;0;0;0;-3,743024000000000;-38,504465000000000
266420;2;12;2015;17:10;0;AV AGUANAMBI;;;1370;;Colis?úo Transversal;Anoitecer;;;Meio de Quadra;;;0;0;2;1;1;0;0;0;0;0;0;0;-3,748559000000000;-38,524083000000000
266396;2;12;2015;19:00;0;AV ROGACIANO LEITE;;;1060;;Colis?úo Lateral;;;;Meio de Quadra;;;0;1;1;1;0;0;0;0;0;1;0;0;-3,767713000000000;-38,496935000000000