COD_ACIDENTE;DIA;MES;ANO;HORA;INTERSECAO;LOG1;LOG2;LOG3;NUMERO;REFERENCIA;NATUREZA;ILUMINACAO;TEMPO;SUPERFICIEPISTA;TIPOCRUZAMENTO;CONTROLETRAFEGO;USOSOLO;MORTOS;FERIDOS;ILESOS;AUTOMOVEL;ONIBUS;BICICLETA;CAMINHAO;MICROONIBUS;CICLOMOTOR;MOTOCICLETA;TRACAOANIMAL;TREM;LATITUDE;LONGITUDE
266400;2;12;2015;09:40;1279;RUA OSVALDO CRUZ (ALDEOTA);AV DOM LUIS;;0;;Atropelamento;Luz do Dia;;;Cruz;Sem?íforo;Comercial;0;1;1;0;0;0;0;0;0;1;0;0;-3,732616000000000;-38,499353000000000
266398;2;12;2015;16:10;3801;RUA DOM JERONIMO D06;AV 13 DE MAIO;;0;;Colis?úo Lateral;Luz do Dia;;;T;Sem?íforo;Comercial;0;0;2;1;1;0;0;0;0;0;0;0;-3,738032000000000;-38,542436000000000
266412;2;12;2015;19:30;19727;RUA COS ALVARO DE OLIVEIRA;RUA MORENINHA IRINEU;;0;;Colis?úo Lateral;;;;;;;0;0;2;1;0;0;0;0;0;0;0;0;-3,736909000000000;-38,555975000000000
266405;2;12;2015;06:10;0;AV DOS EXPEDICIONARIOS;;;9213;;Colis?úo Traseira;Luz do Dia;;;Meio de Quadra;;;0;1;1;1;0;0;0;0;0;1;0;0;-3,800348000000000;-38,551918000000000
266402;2;12;2015;11:00;1516;AV PDE ANTONIO TOMAS;AV DES MOREIRA;;0;;Engavetamento;Luz do Dia;;;Cruz;Sem?íforo;Comercial;0;0;3;1;0;0;0;0;0;0;0;0;-3,740161000000000;-38,499616000000000
266499;2;12;2015;16:30;0;AV CARAPINIMA;;;2306;;Colis?úo Traseira;Luz do Dia;;;Meio de Quadra;;;0;0;2;1;0;0;0;0;0;0;0;0;-3,740113000000000;-38,540353000000000
266500;2;12;2015;12:45;0;AV DOS EXPEDICIONARIOS;;;9360;;Colis?úo Traseira;Luz do Dia;;;Meio de Quadra;;;0;1;1;1;0;0;0;0;0;1;0;0;-3,801985000000000;-38,552393000000000
259406;2;12;2015;06:45;0;RD BR 116;;;3000;KM-03;Colis?úo Lateral;Luz do Dia;Bom;Seca;Meio de Quadra;N?úo H?í Controle;Comercial;0;2;1;0;1;0;0;0;0;1;0;0;-3,779838000000000;-38,514372000000000
266505;2;12;2015;11:45;0;AV ABOLICAO;;;2324;;Engavetamento;Luz do Dia;;;Meio de Quadra;;;0;0;3;1;0;0;0;0;0;0;0;0;-3,726444000000000;-38,498211000000000
266501;2;12;2015;13:35;0;AV DOS EXPEDICIONARIOS;;;9360;;Colis?úo Traseira;Luz do Dia;;;Meio de Quadra;;;0;0;2;1;0;0;0;0;0;0;0;0;-3,801985000000000;-38,552393000000000
266502;2;12;2015;15:45;0;RUA DA SAUDADE D04;;;0;;Colis?úo Transversal;Luz do Dia;;;Meio de Quadra;;;0;0;2;1;0;0;0;0;0;0;0;0;;
266503;2;12;2015;10:00;22899;RUA GOV JOAO CARLOS;RUA PDE NOBREGA;;0;;Colis?úo Transversal;Luz do Dia;;;Cruz;Pare;Misto;0;2;0;1;0;0;0;0;0;1;0;0;-3,782094000000000;-38,553174000000000
272303;2;12;2015;18:38;0;RUA CANAL;;;0;;Colis?úo;;;;Meio de Quadra;;;0;0;2;0;0;0;0;0;0;0;0;0;;
272300;2;12;2015;13:50;3444;RUA GUILHERME ASSUNCAO;RUA FRANCISCO JOSE COSTA;;0;;Colis?úo;Luz do Dia;;;;;;0;0;1;0;0;0;0;0;0;0;0;0;-3,816376000000000;-38,509843000000000
272301;2;12;2015;17:03;1337;AV SANTOS DUMONT;RUA OSVALDO CRUZ (ALDEOTA);;0;;Colis?úo;Anoitecer;;;Cruz;Sem?íforo;Comercial;0;0;2;0;0;0;0;0;0;0;0;0;-3,735602000000000;-38,500317000000000
272360;2;12;2015;07:26;0;ET PAVUNA;;;0;;Colis?úo;Luz do Dia;;;Meio de Quadra;;;0;0;2;0;0;0;0;0;0;0;0;0;;
270140;2;12;2015;07:43;0;AV VIS RIO BRANCO;;;0;;Colis?úo;Luz do Dia;;;Meio de Quadra;;;0;1;1;1;0;0;0;0;0;1;0;0;-3,751844000000000;-38,520819000000000
270141;2;12;2015;08:02;0;AV WASHINGTON SOARES;;;0;;Colis?úo;Luz do Dia;;;Meio de Quadra;;;0;1;1;1;0;0;0;0;0;1;0;0;-3,831760000000000;-38,482424000000000
270142;2;12;2015;08:56;0;RUA OSVALDO CRUZ;;;0;;Colis?úo;Luz do Dia;;;Meio de Quadra;;;0;1;1;1;0;0;0;0;0;1;0;0;;
270143;2;12;2015;10:30;1596;RUA PDE VALDEVINO;RUA OSVALDO CRUZ (ALDEOTA);;0;;Colis?úo;Luz do Dia;;;Cruz;Pare;Residencial;0;1;1;1;0;0;0;0;0;1;0;0;-3,743492000000000;-38,502862000000000
270144;2;12;2015;12:51;0;RUA BERNARDO MANUEL;;;0;;Colis?úo;Luz do Dia;;;Meio de Quadra;;;0;1;1;1;0;0;0;0;0;1;0;0;-3,801985000000000;-38,552393000000000
270145;2;12;2015;14:13;0;RUA CANAL;;;0;;Atropelamento;Luz do Dia;;;Meio de Quadra;;;0;1;1;0;0;0;0;0;0;1;0;0;;
270146;2;12;2015;15:59;0;AV CARAPINIMA;;;0;;Colis?úo;Luz do Dia;;;Meio de Quadra;;;0;1;1;1;0;0;0;0;0;1;0;0;;
270137;2;12;2015;04:38;0;AV WASHINGTON SOARES;;;0;;Queda;;;;Meio de Quadra;;;0;1;0;0;0;0;0;0;0;1;0;0;-3,814229000000000;-38,480787000000000
270138;2;12;2015;05:43;9018;RUA SOLON PINHEIRO;RUA SALDANHA MARINHO;;0;;Colis?úo;Amanhecer;;;Cruz;Pare;Residencial;0;1;0;0;0;0;0;0;0;0;0;0;-3,742594000000000;-38,530406000000000
270243;3;12;2015;11:33;0;AV GAL OSORIO DE PAIVA;;;0;;Colis?úo;Luz do Dia;;;Meio de Quadra;;;0;1;1;1;0;0;0;0;0;1;0;0;-3,786846000000000;-38,584193000000000
270245;3;12;2015;13:37;0;RUA EMILIO DE MENESES;;;0;;Colis?úo;Luz do Dia;;;Meio de Quadra;;;0;1;1;1;0;1;0;0;0;0;0;0;-3,776775000000000;-38,605102000000000
270246;3;12;2015;14:16;0;AV DR SILAS MUNGUBA;;;0;;Colis?úo;Luz do Dia;;;Meio de Quadra;;;0;1;1;1;0;0;0;0;0;1;0;0;-3,780933000000000;-38,558088000000000
270248;3;12;2015;14:55;0;RD BR 116;;;4000;KM-04;Colis?úo;Luz do Dia;;;Meio de Quadra;;;0;1;1;1;0;1;0;0;0;0;0;0;-3,788331000000000;-38,510646000000000
270249;3;12;2015;15:51;19469;AV AUGUSTO DOS ANJOS;AV GAL OSORIO DE PAIVA;;0;;Colis?úo;Luz do Dia;;;Outros;Pare;Misto;0;1;1;1;0;0;0;0;0;1;0;0;-3,787349000000000;-38,584939000000000
270232;3;12;2015;08:28;0;AV IMPERADOR;;;0;;Atropelamento;Luz do Dia;;;Meio de Quadra;;;0;1;1;1;0;0;0;0;0;0;0;0;;
270241;3;12;2015;10:02;0;RUA GERMANO FRANCK;;;0;;Atropelamento;Luz do Dia;;;Meio de Quadra;;;0;1;1;1;0;0;0;0;0;0;0;0;;
270252;3;12;2015;16:28;0;RD BR 116;;;0;;Queda;Luz do Dia;;;Meio de Quadra;;;0;1;0;0;0;0;0;0;0;1;0;0;-3,787067000000000;-38,511211000000000
270277;3;12;2015;21:05;0;RUA PEDESTRE II;;;0;;Queda;;;;Meio de Quadra;;;0;1;0;0;0;0;0;0;0;1;0;0;;
270270;3;12;2015;18:36;0;RUA PRO COSTA MENDES;;;0;;Colis?úo;;;;Meio de Quadra;;;0;0;2;1;0;0;0;0;0;1;0;0;;
270268;3;12;2015;18:24;0;AV WASHINGTON SOARES;;;0;;Colis?úo;Anoitecer;;;Meio de Quadra;;;0;1;1;1;0;0;0;0;0;1;0;0;;
270282;3;12;2015;21:56;0;RUA BOA ESPERANCA D43;;;0;;Atropelamento;;;;Meio de Quadra;;;0;1;1;0;0;0;0;0;0;1;0;0;;
270279;3;12;2015;21:43;0;RUA PAU BRASIL;;;0;;Colis?úo;;;;Meio de Quadra;;;0;1;1;1;0;0;0;0;0;1;0;0;;
270273;3;12;2015;19:31;0;RUA PRO EDGAR DE ARRUDA;;;0;;Colis?úo;;;;Meio de Quadra;;;0;1;1;1;0;0;0;0;0;1;0;0;;
270147;3;12;2015;07:05;0;RD CE-040;;;0;KM-04;Atropelamento;Luz do Dia;Bom;Seca;Meio de Quadra;;;1;1;0;0;0;0;0;0;0;1;0;0;-3,792050000000000;-38,480251000000000
272306;3;12;2015;16:09;10044;RUA EMILIO DE MENESES;RUA ANTONIO NERY;;0;;Colis?úo;Luz do Dia;;;Cruz;Pare;Comercial;0;0;2;0;0;0;0;0;0;0;0;0;-3,778162000000000;-38,600204000000000
272307;3;12;2015;17:17;0;AV ABOLICAO;;;0;;Colis?úo;Anoitecer;;;Meio de Quadra;;;0;0;2;0;0;0;0;0;0;0;0;0;;
272308;3;12;2015;22:03;5675;RUA CHICO LEMOS;RUA ALICE;;0;;Colis?úo;;;;Cruz;Pare;Residencial;0;0;2;0;0;0;0;0;0;0;0;0;-3,790026000000000;-38,499726000000000
272309;3;12;2015;22:05;0;AV CARAPINIMA;;;0;;Colis?úo;;;;Meio de Quadra;;;0;0;2;0;0;0;0;0;0;0;0;0;;
266511;3;12;2015;09:30;3800;AV 13 DE MAIO;RUA CAIO CARLOS;;0;;Colis?úo Traseira;Luz do Dia;;;Cruz;N?úo H?í Controle;Comercial;0;0;2;1;0;0;0;0;0;0;0;0;-3,738286000000000;-38,542160000000000
266512;3;12;2015;07:00;3819;AV CARAPINIMA;RUA JUVENAL GALENO;;0;;Colis?úo Traseira;Luz do Dia;;;Cruz;Sem?íforo;Comercial;0;0;3;1;0;0;0;0;0;0;0;0;-3,738998000000000;-38,539176000000000
266514;3;12;2015;18:30;0;RUA HOLANDA;;;0;;Colis?úo Transversal;Anoitecer;;;Meio de Quadra;;;0;2;1;1;0;0;0;0;0;1;0;0;-3,808129000000000;-38,556054000000000
266508;3;12;2015;21:00;15350;AV DES MOREIRA;RUA PEREIRA VALENTE;;0;;Colis?úo Transversal;;;;Cruz;Sem?íforo;Comercial;0;0;2;1;0;0;0;0;0;1;0;0;-3,732253000000000;-38,497076000000000
266509;3;12;2015;08:00;2486;AV FRANCISCO SA;RUA SEN ROBERT KENNEDY;;0;;Colis?úo Transversal;Luz do Dia;;;Cruz;Pare;Residencial;0;0;2;1;0;0;0;0;0;0;0;0;-3,709140000000000;-38,581426000000000
266533;3;12;2015;10:00;9132;AV 13 DE MAIO;RUA JAIME BENEVOLO;;0;;Colis?úo Traseira;Luz do Dia;;;Cruz;Sem?íforo;Comercial;0;0;2;1;0;0;0;0;0;0;0;0;-3,748122000000000;-38,530741000000000
266524;3;12;2015;08:30;22776;RUA EDUARDO NOVAES;RUA MIN ABNER VASCONCELOS;;0;;Colis?úo Transversal;Luz do Dia;;;Cruz;N?úo H?í Controle;Residencial;0;1;1;1;0;0;0;0;0;1;0;0;-3,800645000000000;-38,478653000000000
266528;3;12;2015;18:00;0;RUA LUCIANO DE QUEIROS;;;0;;Colis?úo Transversal;Anoitecer;;;Meio de Quadra;;;0;0;2;1;0;0;0;0;0;0;0;0;;
266626;3;12;2015;14:30;24982;AV ALM HENRIQUE SABOIA;RUA CAROLINA SUCUPIRA;;0;;Engavetamento;Luz do Dia;;;T;Sem?íforo;Residencial;0;0;3;1;0;0;1;0;0;0;0;0;-3,744387000000000;-38,490003000000000
266618;3;12;2015;09:30;1243;RUA PEREIRA FILGUEIRAS;RUA DR JOSE LOURENCO;;0;;Colis?úo Traseira;Luz do Dia;;;Cruz;Pare;Comercial;0;0;2;1;0;0;0;0;0;0;0;0;-3,730449000000000;-38,506470000000000
266623;3;12;2015;14:30;7658;RUA RIO GRANDE DO NORTE;RUA GOIAS;;0;;Colis?úo;Luz do Dia;;;Cruz;;;0;2;1;1;0;0;0;0;0;1;0;0;-3,759391000000000;-38,566333000000000
266640;3;12;2015;10:30;0;RUA 7 DE SETEMBRO;;;0;;Colis?úo;Luz do Dia;;;Meio de Quadra;;;0;0;2;1;1;0;0;0;0;0;0;0;;
266638;3;12;2015;18:50;0;RUA CARLOS VASCONCELOS;;;759;;Outros;;;;Meio de Quadra;;;0;1;0;0;0;0;0;0;0;1;0;0;-3,728637000000000;-38,509375000000000
266642;3;12;2015;11:13;3883;AV DOS EXPEDICIONARIOS;RUA COSTA SOUZA;;0;;Colis?úo Transversal;Luz do Dia;;;Cruz;Pare;Comercial;0;0;2;1;0;0;0;0;0;0;0;0;-3,747745000000000;-38,535932000000000
266643;3;12;2015;18:00;17370;RUA BAR SOBRAL;RUA ALM RUBIM;;0;;Colis?úo Transversal;Anoitecer;;;Cruz;Pare;Misto;0;1;1;1;0;0;0;0;0;1;0;0;-3,766572000000000;-38,554972000000000
266549;3;12;2015;16:00;0;AV BEZERRA DE MENEZES;;;849;;Colis?úo Transversal;Luz do Dia;;;Meio de Quadra;;;0;1;2;1;0;0;0;0;0;1;0;0;-3,733171000000000;-38,552378000000000
266555;3;12;2015;06:30;0;RUA CON DE CASTRO;;;3806;;Colis?úo;Luz do Dia;;;Meio de Quadra;;;0;1;1;0;0;0;0;0;0;1;0;0;-3,799925000000000;-38,587272000000000
266553;3;12;2015;19:30;5100;AV DOM MANUEL;AV MON TABOSA;;0;;Colis?úo Lateral;;;;Cruz;Sem?íforo;Comercial;0;0;2;1;0;0;0;0;0;0;0;0;-3,723554000000000;-38,519439000000000
266546;3;12;2015;10:15;0;AV ANTONIO SALES;;;2900;;Colis?úo Traseira;Luz do Dia;;;Meio de Quadra;;;0;0;2;0;0;0;0;1;0;0;0;0;-3,746754000000000;-38,498151000000000
266540;3;12;2015;10:50;0;AV ANTONIO SALES;;;0;;Colis?úo Traseira;Luz do Dia;;;Meio de Quadra;;;0;0;2;1;0;0;0;0;0;0;0;0;;
266567;3;12;2015;07:05;577;AV FRANCISCO SA;AV DR THEBERGE;;0;;Colis?úo Transversal;Luz do Dia;;;Cruz;Sem?íforo;Comercial;0;1;1;1;0;0;0;0;0;1;0;0;-3,714822000000000;-38,565016000000000
266570;3;12;2015;14:30;0;AV DES MOREIRA;;;1361;;Colis?úo Lateral;Luz do Dia;;;Meio de Quadra;;;0;0;2;0;0;0;0;0;0;0;0;0;;
266576;3;12;2015;19:00;22120;RUA PRO COSTA MENDES;RUA CEL NUNES DE MELO;;0;;Atropelamento;;;;Cruz;Pare;Comercial;0;2;1;0;0;0;0;0;0;1;0;0;-3,749003000000000;-38,553197000000000
266595;3;12;2015;17:30;26236;RUA BERNARDO MANUEL;AV DR SILAS MUNGUBA;;0;;Colis?úo;Anoitecer;;;;;;0;2;0;0;0;1;0;0;0;1;0;0;-3,787538000000000;-38,547960000000000
266600;3;12;2015;20:00;3875;RUA SEN POMPEU;RUA PDE MIGUELINHO;;0;;Colis?úo Lateral;;;;Cruz;Pare;Comercial;0;1;1;1;0;0;0;0;0;1;0;0;-3,742469000000000;-38,534332000000000
266606;3;12;2015;17:00;0;AV OLIVEIRA PAIVA;;;0;;Engavetamento;Anoitecer;;;Meio de Quadra;;;0;0;3;1;0;0;0;0;0;0;0;0;;
266611;3;12;2015;19:20;0;AV GAL OSORIO DE PAIVA;;;3482;;Colis?úo Traseira;;;;Meio de Quadra;;;0;1;1;1;1;0;0;0;0;0;0;0;-3,791716000000000;-38,589410000000000
266588;3;12;2015;10:55;25937;RUA CARNEIRO DA CUNHA (JACARECANGA);RUA ANTONIO BANDEIRA D04;;0;;Colis?úo Lateral;Luz do Dia;;;Cruz;Pare;Residencial;0;1;1;0;1;0;0;0;0;1;0;0;-3,724417000000000;-38,544207000000000
266586;3;12;2015;06:15;21573;RUA LUIS VIEIRA;RUA ANTONIO COSTA MENDES (PQ S?âO JOS?ë);;0;;Colis?úo Transversal;Luz do Dia;;;Cruz;Pare;Residencial;0;1;1;1;0;0;1;0;0;0;0;0;;
266580;3;12;2015;13:00;1462;RUA JOAO CARVALHO;RUA NUNES VALENTE;;0;;Colis?úo Transversal;Luz do Dia;;;Cruz;Pare;Comercial;0;0;2;1;0;0;0;0;0;0;0;0;-3,738599000000000;-38,504491000000000
266583;3;12;2015;16:50;0;AV ANTONIO SALES;;;0;;Colis?úo Lateral;Luz do Dia;;;Meio de Quadra;;;0;1;1;1;0;0;0;0;0;1;0;0;;
266584;3;12;2015;08:30;0;AV BORGES DE MELO;;;60;;Colis?úo Traseira;Luz do Dia;;;Meio de Quadra;;;0;0;2;1;0;0;0;0;0;0;0;0;-3,761561000000000;-38,517871000000000
259407;3;12;2015;06:40;0;RD BR 116;;;10000;KM-10;Colis?úo Traseira;Luz do Dia;Bom;Seca;Meio de Quadra;N?úo H?í Controle;Comercial;0;0;2;1;0;0;0;0;0;0;0;0;-3,834435000000000;-38,503373000000000
259408;3;12;2015;15:00;0;RD BR 116;;;5000;KM-05;Queda;Luz do Dia;Bom;Seca;Meio de Quadra;N?úo H?í Controle;Comercial;0;1;1;0;0;0;0;0;0;1;0;0;-3,796502000000000;-38,506787000000000
259409;3;12;2015;14:20;0;RD BR 116;;;3000;KM-03;Queda;Luz do Dia;Bom;Seca;Meio de Quadra;N?úo H?í Controle;Comercial;0;1;0;0;0;0;0;0;0;0;0;0;-3,779838000000000;-38,514372000000000
271238;3;12;2015;17:00;0;RD CE-040;;;0;KM-07;Colis?úo;Anoitecer;;Seca;Meio de Quadra;;;0;0;3;1;0;0;0;0;0;0;0;0;-3,817953000000000;-38,483160000000000
271247;3;12;2015;18:10;0;RD CE-040;;;0;KM-07;Colis?úo Lateral;Anoitecer;;Seca;Meio de Quadra;;;0;2;0;1;0;0;0;0;0;1;0;0;-3,817953000000000;-38,483160000000000
271234;3;12;2015;07:00;0;RD CE-040;;;0;KM-04;Colis?úo;Luz do Dia;;Seca;Meio de Quadra;;;0;0;2;1;1;0;0;0;0;0;0;0;-3,792050000000000;-38,480251000000000
271252;3;12;2015;17:50;0;AV SEN CARLOS JEREISSATI (AEROPORTO);;;0;KM 03;Colis?úo;Anoitecer;;Seca;Meio de Quadra;;;0;0;5;1;0;0;0;0;0;0;0;0;-3,780382000000000;-38,541414000000000
271413;3;12;2015;16:00;0;AV JOR THOMAZ COELHO;;;2550;;Colis?úo;Luz do Dia;;;Meio de Quadra;;;0;1;1;0;1;0;0;0;0;1;0;0;-3,828143000000000;-38,517099000000000
271396;3;12;2015;10:00;7866;RUA LEONARDO MOTA;RUA ISRAEL BEZERRA;;0;;Colis?úo;Luz do Dia;;;;;;0;1;1;1;0;0;0;0;0;1;0;0;-3,748267000000000;-38,500054000000000
271420;4;12;2015;02:00;0;AV CARAPINIMA;;;2306;;Colis?úo;;;;Meio de Quadra;;;0;1;1;1;0;0;0;0;0;1;0;0;-3,740113000000000;-38,540353000000000
271261;4;12;2015;08:00;0;AV SEN CARLOS JEREISSATI (AEROPORTO);;;0;KM 02;Colis?úo;Luz do Dia;;Seca;Meio de Quadra;;;0;0;2;1;0;0;0;0;0;0;0;0;-3,783932000000000;-38,529156000000000
271262;4;12;2015;13:20;0;RD CE-040;;;0;KM-05;Colis?úo;Luz do Dia;;Seca;Meio de Quadra;;;0;0;2;1;0;0;0;0;0;0;0;0;-3,790876000000000;-38,480349000000000
267107;4;12;2015;12:00;19673;RUA GUSTAVO SAMPAIO;RUA PRO ANACLETO;;0;;Colis?úo Transversal;Luz do Dia;;;Cruz;N?úo H?í Controle;Residencial;0;2;1;1;0;0;0;0;0;1;0;0;-3,734546000000000;-38,552990000000000
267108;4;12;2015;16:30;0;AV GOV RAUL BARBOSA;;;0;;Colis?úo Traseira;Luz do Dia;;;Meio de Quadra;;;0;1;1;0;0;0;0;0;0;1;0;0;;
267111;4;12;2015;14:40;3783;AV 13 DE MAIO;RUA JOAO GENTIL;;0;;Colis?úo Traseira;Luz do Dia;;;T;Pare;Residencial;0;0;2;1;0;0;0;0;0;0;0;0;-3,742697000000000;-38,537077000000000
267103;4;12;2015;06:35;0;AV PRS COSTA E SILVA;;;3157;;Colis?úo Lateral;Luz do Dia;;;Meio de Quadra;;;0;1;1;0;1;0;0;0;0;1;0;0;;
267101;4;12;2015;15:40;15975;AV GODOFREDO MACIEL;RUA CEL MANUEL ALBANO;;0;;Colis?úo Lateral;Luz do Dia;;;Cruz;Pare;Comercial;0;0;2;1;0;0;0;0;0;0;0;0;-3,805644000000000;-38,572780000000000
267099;4;12;2015;20:45;3211;RUA VERBENA;RUA EMILIO DE MENESES;;0;;Colis?úo Transversal;;;;Cruz;Sem?íforo;Comercial;0;0;2;1;0;0;0;0;0;0;0;0;-3,781344000000000;-38,588838000000000
267094;4;12;2015;20:30;0;AV SEN VIRGILIO TAVORA;;;2000;;Colis?úo Traseira;;;;Meio de Quadra;;;0;0;2;0;0;0;0;0;0;0;0;0;-3,743821000000000;-38,495394000000000
259410;4;12;2015;17:30;0;RD BR 116;;;6000;KM-06;Colis?úo Traseira;Anoitecer;Bom;Seca;Meio de Quadra;N?úo H?í Controle;Comercial;0;0;2;0;0;0;0;0;0;0;0;0;-3,804691000000000;-38,503053000000000
259438;4;12;2015;11:55;0;RD BR 222;;;0;KM-02;Colis?úo Transversal;Luz do Dia;Bom;Seca;Meio de Quadra;N?úo H?í Controle;Comercial;0;0;2;0;0;0;0;0;0;0;0;0;-3,738951000000000;-38,586880000000000
266644;4;12;2015;19:00;0;AV ABOLICAO;;;3207;;Colis?úo Traseira;;;;Meio de Quadra;;;0;0;2;1;0;0;0;0;0;0;0;0;-3,726643000000000;-38,491062000000000
266645;4;12;2015;14:40;0;AV ALM HENRIQUE SABOIA;;;2589;;Colis?úo Lateral;Luz do Dia;;;Meio de Quadra;;;0;1;1;0;0;0;0;0;0;1;0;0;-3,733018000000000;-38,483220000000000
266646;4;12;2015;08:00;3789;AV 13 DE MAIO;RUA WALDERY UCHOA;;0;;Colis?úo Lateral;Luz do Dia;;;Cruz;Pare;Comercial;0;0;2;1;0;0;1;0;0;0;0;0;-3,742399000000000;-38,537427000000000
266647;4;12;2015;09:40;9114;AV BORGES DE MELO;RUA DEP OSWALDO STUDART;;0;;Colis?úo Lateral;Luz do Dia;;;Cruz;Sem?íforo;Comercial;0;0;2;1;0;0;0;0;0;0;0;0;-3,758147000000000;-38,532143000000000
266651;4;12;2015;21:16;0;RUA JOSE CANDIDO D08;;;826;;Colis?úo Traseira;;;;Meio de Quadra;;;0;0;3;1;0;0;0;0;0;0;0;0;-3,732118000000000;-38,551381000000000
266659;4;12;2015;16:20;1242;RUA COSTA BARROS;RUA DR JOSE LOURENCO;;0;;Colis?úo Transversal;Luz do Dia;;;Cruz;Pare;Misto;0;0;2;1;0;0;0;0;0;0;0;0;-3,731870000000000;-38,506927000000000
266681;4;12;2015;19:50;0;AV PRO GOMES DE MATOS;;;1499;;Colis?úo Lateral;;;;Meio de Quadra;;;0;0;2;1;1;0;0;0;0;0;0;0;-3,764987000000000;-38,548925000000000
266679;4;12;2015;09:00;1658;RUA BENI DE CARVALHO;RUA MON CATAO;;0;;Colis?úo Lateral;Luz do Dia;;;Cruz;Pare;Comercial;0;0;2;1;0;0;0;0;0;0;0;0;-3,746618000000000;-38,493113000000000
266684;4;12;2015;13:05;0;AV PRO GOMES DE MATOS;;;1381;;Colis?úo Lateral;Luz do Dia;;;Meio de Quadra;;;0;0;2;1;0;0;0;0;0;0;0;0;-3,764172000000000;-38,548214000000000
266685;4;12;2015;08:00;16474;AV PRS COSTA E SILVA;RUA GASTAO JUSTA;;0;;Colis?úo Transversal;Luz do Dia;;;Duplo T;Pare;Comercial;0;0;2;0;1;0;0;0;0;0;0;0;-3,812844000000000;-38,571591000000000
266688;4;12;2015;21:00;24314;RUA OSORIO PALMELLA;RUA 8 DE SETEMBRO;;0;;Colis?úo Transversal;;;;Cruz;N?úo H?í Controle;Escola;0;1;1;1;0;0;0;0;0;1;0;0;-3,736988000000000;-38,486975000000000
266689;4;12;2015;18:00;0;AV PRS CASTELO BRANCO;;;2382;;Colis?úo Traseira;Anoitecer;;;Meio de Quadra;;;0;0;2;1;0;0;1;0;0;0;0;0;-3,713526000000000;-38,549214000000000
266691;4;12;2015;12:00;0;AV SGT HERMINIO SAMPAIO;;;1400;;Colis?úo;Luz do Dia;;;Meio de Quadra;;;0;1;1;1;0;0;0;0;0;1;0;0;-3,725010000000000;-38,553054000000000
266741;4;12;2015;10:00;19533;AV GAL OSORIO DE PAIVA;RUA NEREU RAMOS;;0;;Colis?úo Lateral;Luz do Dia;;;Cruz;Sem?íforo;Comercial;0;0;2;0;1;0;0;0;0;0;0;0;-3,782196000000000;-38,576828000000000
266746;4;12;2015;07:30;22209;AV SGT HERMINIO SAMPAIO;RUA ARISTIDES B NETO;;0;;Colis?úo Transversal;Luz do Dia;;;Duplo T;N?úo H?í Controle;Comercial;0;1;1;1;0;0;0;0;0;1;0;0;-3,725509000000000;-38,555820000000000
266747;4;12;2015;20:10;0;AV DA INDEPENDENCIA;;;2220;;Colis?úo Lateral;;;;Meio de Quadra;;;0;0;2;1;0;0;0;0;0;0;0;0;-3,724315000000000;-38,599782000000000
266748;4;12;2015;17:00;19686;AV BEZERRA DE MENEZES;RUA ERICO MOTA;;0;;Colis?úo Traseira;Anoitecer;;;Cruz;Sem?íforo;Comercial;0;0;2;1;0;0;0;0;0;0;0;0;-3,735357000000000;-38,562991000000000
266739;4;12;2015;07:40;7710;AV CARNEIRO DE MENDONCA;RUA PEDRO MUNIZ;;0;;Colis?úo Traseira;Luz do Dia;;;Cruz;Pare;Comercial;0;0;2;1;0;0;0;0;0;1;0;0;-3,765627000000000;-38,563646000000000
266726;4;12;2015;13:50;1406;AV DES MOREIRA;RUA DES LEITE ALBUQUERQUE;;0;;Colis?úo Traseira;Luz do Dia;;;Cruz;Sem?íforo;Comercial;0;0;2;1;0;0;0;0;0;0;0;0;-3,737220000000000;-38,498678000000000
266717;4;12;2015;07:00;25984;AV OLIVEIRA PAIVA;RUA VIS BARBACENA D61;;0;;Colis?úo Lateral;Luz do Dia;;;;N?úo H?í Controle;Comercial;0;1;1;0;1;0;0;0;0;1;0;0;-3,796082000000000;-38,489123000000000
266714;4;12;2015;08:50;0;AV OLIVEIRA PAIVA;;;1961;;Colis?úo Traseira;Luz do Dia;;;Meio de Quadra;;;0;0;2;1;0;0;0;0;0;0;0;0;-3,796129000000000;-38,488749000000000
266719;4;12;2015;16:36;0;RUA BAR SOBRAL;;;978;;Colis?úo Traseira;Luz do Dia;;;Meio de Quadra;;;0;0;2;1;0;0;0;0;0;0;0;0;-3,765053000000000;-38,557712000000000
266721;4;12;2015;12:30;13553;AV SORIANO ALBUQUERQUE;RUA MON BRUNO;;0;;Colis?úo Transversal;Luz do Dia;;;Cruz;N?úo H?í Controle;Residencial;0;1;1;1;0;0;0;0;0;1;0;0;-3,749117000000000;-38,514840000000000
266711;4;12;2015;17:00;7576;AV DR SILAS MUNGUBA;RUA XII UI 611;;0;;Colis?úo Traseira;Anoitecer;;;Duplo T;Pare;Comercial;0;1;1;1;0;0;0;0;0;1;0;0;-3,794723000000000;-38,533448000000000
266703;4;12;2015;08:30;15874;RUA GUARUJA;RUA STA EFIGENIA;;0;;Colis?úo Transversal;Luz do Dia;;;Cruz;Pare;Comercial;0;1;1;1;0;0;0;0;0;1;0;0;-3,834763000000000;-38,500593000000000