COD_ACIDENTE;DIA;MES;ANO;HORA;INTERSECAO;LOG1;LOG2;LOG3;NUMERO;REFERENCIA;NATUREZA;ILUMINACAO;TEMPO;SUPERFICIEPISTA;TIPOCRUZAMENTO;CONTROLETRAFEGO;USOSOLO;MORTOS;FERIDOS;ILESOS;AUTOMOVEL;ONIBUS;BICICLETA;CAMINHAO;MICROONIBUS;CICLOMOTOR;MOTOCICLETA;TRACAOANIMAL;TREM;LATITUDE;LONGITUDE
266704;4;12;2015;19:30;0;RUA DR JOSE FURTADO;;;1670;;Colis?úo Lateral;;;;Meio de Quadra;;;0;1;1;1;0;0;0;0;0;1;0;0;-3,798744000000000;-38,488410000000000
266705;4;12;2015;14:30;1311;RUA LEONARDO MOTA;RUA MARCOS MACEDO;;0;;Colis?úo Lateral;Luz do Dia;;;Cruz;Sem?íforo;Residencial;0;0;2;1;0;0;0;0;0;0;0;0;-3,734885000000000;-38,495763000000000
266706;4;12;2015;15:15;1332;AV DOM LUIS;RUA CEL LINHARES;;0;;Colis?úo Transversal;Luz do Dia;;;Cruz;Pare;Misto;0;0;2;1;0;0;0;0;0;0;0;0;-3,734513000000000;-38,493503000000000
266701;4;12;2015;09:00;0;AV SANTOS DUMONT;;;0;;Colis?úo Traseira;Luz do Dia;;;Meio de Quadra;;;0;0;2;1;0;0;0;1;0;0;0;0;;
266693;4;12;2015;19:00;0;RUA MAL DEODORO;;;0;;Colis?úo Lateral;;;;Meio de Quadra;;;0;0;2;1;1;0;0;0;0;0;0;0;;
266697;4;12;2015;11:30;9099;AV EDUARDO GIRAO;RUA MIN JOAQUIM BASTOS D14;;0;;Colis?úo Transversal;Luz do Dia;;;;;;0;0;2;1;0;0;0;0;0;0;0;0;-3,755700000000000;-38,525973000000000
272311;4;12;2015;07:08;0;RUA DAS JAQUEIRAS;;;0;;Colis?úo;Luz do Dia;;;Meio de Quadra;;;0;0;2;0;0;0;0;0;0;0;0;0;;
272312;4;12;2015;09:55;0;ET DO FIO (MESSEJANA);;;0;;Colis?úo;Luz do Dia;;;Meio de Quadra;;;0;0;2;0;0;0;0;0;0;0;0;0;;
272313;4;12;2015;09:59;12404;AV SEN FERNANDES TAVORA;AV LINEU MACHADO;;0;;Colis?úo;Luz do Dia;;;Cruz;N?úo H?í Controle;Comercial;0;0;2;0;0;0;0;0;0;0;0;0;-3,765199000000000;-38,576540000000000
272314;4;12;2015;12:31;2699;RUA OSCAR ARARIPE;RUA CEL VIRGILIO NOGUEIRA (BOM JARDIM);;0;;Colis?úo;Luz do Dia;;;Outros;Sem?íforo;Comercial;0;0;2;0;0;0;0;0;0;0;0;0;-3,788212000000000;-38,608554000000000
272315;4;12;2015;12:34;0;RUA VICENTE N BRAGA D14;;;0;;Queda;Luz do Dia;;;Meio de Quadra;;;0;0;2;0;0;0;0;0;0;0;0;0;;
272317;4;12;2015;12:39;0;AV GAL OSORIO DE PAIVA;;;0;;Colis?úo;Luz do Dia;;;Meio de Quadra;;;0;1;1;0;0;0;0;0;0;0;0;0;;
272353;4;12;2015;22:09;0;AV CONTORNO LESTE;;;0;;Colis?úo;;;;Meio de Quadra;;;0;0;2;0;0;0;0;0;0;0;0;0;;
272345;4;12;2015;18:21;0;LOGRADOURO SEM NOME;;;0;;Atropelamento;Anoitecer;;;Meio de Quadra;;;0;0;2;0;0;0;0;0;0;0;0;0;;
272342;4;12;2015;16:44;24820;AV MOZART PINHEIRO DE LUCENA;RUA CARLOS WALRAVEN;;0;;Colis?úo;Luz do Dia;;;Cruz;Pare;Misto;0;0;2;0;0;0;0;0;0;0;0;0;-3,718701000000000;-38,595801000000000
272339;4;12;2015;16:38;0;AV ABOLICAO;;;0;;Atropelamento;Luz do Dia;;;Meio de Quadra;;;0;0;2;0;0;0;0;0;0;0;0;0;;
272335;4;12;2015;15:26;0;AV ZEZE DIOGO;;;0;;Colis?úo;Luz do Dia;;;Meio de Quadra;;;0;0;2;0;0;0;0;0;0;0;0;0;;
272331;4;12;2015;13:07;0;RUA DR VALE COSTA;;;0;;Colis?úo;Luz do Dia;;;Meio de Quadra;;;0;0;2;0;0;0;0;0;0;0;0;0;;
272332;4;12;2015;15:23;4612;AV OLIVEIRA PAIVA;AV WASHINGTON SOARES;;0;;Colis?úo;Luz do Dia;;;;;;0;0;2;0;0;0;0;0;0;0;0;0;-3,795695000000000;-38,479908000000000
272333;4;12;2015;15:25;5076;RUA SEN POMPEU;RUA DR JOAO MOREIRA;;0;;Colis?úo;Luz do Dia;;;Cruz;Sem?íforo Intermitente;Comercial;0;0;2;0;0;0;0;0;0;0;0;0;-3,722400000000000;-38,528275000000000
270284;4;12;2015;03:54;0;RUA VITAL BRASIL;;;0;;Colis?úo;;;;Meio de Quadra;;;0;1;0;0;0;0;0;0;0;0;0;0;;
270286;4;12;2015;05:29;0;RUA PORTO ALEGRE;;;0;;Colis?úo;Amanhecer;;;;;;0;1;1;1;0;0;0;0;0;1;0;0;;
270387;4;12;2015;23:23;18303;AV ALM BARROSO;RUA ITAPIPOCA;;0;;Colis?úo;;;;T;N?úo H?í Controle;Comercial;0;1;0;0;0;0;0;0;0;0;0;0;-3,720403000000000;-38,516762000000000
270385;4;12;2015;22:50;0;AV LINEU MACHADO;;;0;;;;;;;;;0;1;0;0;0;0;0;0;0;0;0;0;;
270383;4;12;2015;22:19;0;AV CASTELO DE CASTRO;;;0;;Queda;;;;Meio de Quadra;;;0;1;0;0;0;1;0;0;0;0;0;0;;
270380;4;12;2015;21:07;12470;RUA SILVEIRA FILHO;RUA DES GOMES PARENTE;;0;;Colis?úo;;;;;;;0;1;1;0;0;0;0;0;0;0;0;0;-3,773785000000000;-38,577834000000000
270381;4;12;2015;21:59;0;RUA VALPARAISO;;;0;;Colis?úo;;;;Meio de Quadra;;;0;1;1;1;0;0;0;0;0;1;0;0;-3,839956000000000;-38,530960000000000
270390;4;12;2015;23:31;0;RUA JULIO SILVA;;;0;;Capotamento;;;;Meio de Quadra;;;0;1;0;0;0;0;0;0;0;0;0;0;;
270347;4;12;2015;08:17;0;AV PRS COSTA E SILVA;;;0;;Colis?úo;Luz do Dia;;;Meio de Quadra;;;0;1;0;0;0;0;0;0;0;0;0;0;;
270345;4;12;2015;08:11;0;RUA ANSELMO NOGUEIRA;;;0;;Colis?úo;Luz do Dia;;;Meio de Quadra;;;0;1;0;0;0;0;0;0;0;0;0;0;;
270360;4;12;2015;14:54;0;RUA JOSE TORRES;;;0;;Colis?úo;Luz do Dia;;;Meio de Quadra;;;0;1;1;1;0;0;0;0;0;1;0;0;-3,778271000000000;-38,606797000000000
270356;4;12;2015;13:08;0;AV DR THEBERGE;;;0;;Colis?úo;Luz do Dia;;;Meio de Quadra;;;0;1;1;1;0;0;0;0;0;1;0;0;-3,707819000000000;-38,562696000000000
270357;4;12;2015;13:34;0;AV BORGES DE MELO;;;0;;Atropelamento;Luz do Dia;;;Meio de Quadra;;;0;1;1;1;0;0;0;0;0;0;0;0;;
270354;4;12;2015;12:17;19662;RUA PRO NOGUEIRA;RUA GUSTAVO SAMPAIO;;0;;Colis?úo;Luz do Dia;;;Cruz;Pare;Comercial;0;1;0;0;0;0;0;0;0;0;0;0;-3,733875000000000;-38,549740000000000
270352;4;12;2015;11:26;0;AV PRS CASTELO BRANCO;;;0;;Colis?úo;Luz do Dia;;;Meio de Quadra;;;0;1;0;0;0;0;0;0;0;0;0;0;;
270370;4;12;2015;20:35;0;RUA MARIA GOMES DE SA;;;0;;Atropelamento;;;;Meio de Quadra;;;0;1;0;0;0;0;0;0;0;0;0;0;-3,824336000000000;-38,583235000000000
270368;4;12;2015;20:25;0;RUA ESTADO DO RIO;;;0;;Atropelamento;;;;Meio de Quadra;;;0;1;0;0;0;0;0;0;0;0;0;0;-3,753489000000000;-38,567672000000000
270362;4;12;2015;17:42;0;AV PRS COSTA E SILVA;;;0;;Colis?úo;Anoitecer;;;Meio de Quadra;;;0;1;1;1;0;0;0;0;0;1;0;0;;
270364;4;12;2015;19:37;0;AV WASHINGTON SOARES;;;0;;Colis?úo;;;;Meio de Quadra;;;0;1;1;1;0;0;0;0;0;1;0;0;-3,814229000000000;-38,480787000000000
270343;4;12;2015;08:00;0;AV PERIMETRAL;;;0;;Colis?úo;Luz do Dia;;;Meio de Quadra;;;0;1;1;1;0;0;0;0;0;1;0;0;;
270311;4;12;2015;07:15;0;AV OLIVEIRA PAIVA;;;0;;Colis?úo;Luz do Dia;;;Meio de Quadra;;;0;1;0;0;0;0;0;0;0;0;0;0;-3,796097000000000;-38,489011000000000
270313;4;12;2015;07:31;0;RUA PDE PERDIGAO SAMPAIO;;;0;;Colis?úo;Luz do Dia;;;Meio de Quadra;;;0;1;1;1;0;0;0;0;0;1;0;0;;
270392;5;12;2015;06:45;0;AV DR SILAS MUNGUBA;;;0;;Colis?úo;Luz do Dia;;;Meio de Quadra;;;0;1;0;0;0;0;0;0;0;0;0;0;-3,797117000000000;-38,531627000000000
270394;5;12;2015;06:58;0;AV AUGUSTO DOS ANJOS;;;0;;Colis?úo;Luz do Dia;;;Meio de Quadra;;;0;1;1;1;0;0;0;0;0;1;0;0;-3,777911000000000;-38,577179000000000
272355;5;12;2015;02:28;0;RUA MELO DE OLIVEIRA;;;0;;Colis?úo;;;;Meio de Quadra;;;0;0;2;0;0;0;0;0;0;0;0;0;;
272367;5;12;2015;07:53;0;AV JOSE LEON;;;0;;Colis?úo;Luz do Dia;;;Meio de Quadra;;;0;0;2;0;0;0;0;0;0;0;0;0;;
272448;5;12;2015;21:52;0;RUA CARNAUBAL;;;0;;Capotamento;;;;Meio de Quadra;;;0;0;1;0;0;0;0;0;0;0;0;0;;
272450;5;12;2015;21:55;0;AV SGT HERMINIO SAMPAIO;;;0;;Colis?úo;;;;Meio de Quadra;;;0;0;2;0;0;0;0;0;0;0;0;0;;
272452;5;12;2015;21:58;8947;RUA EURICO FACO;RUA GAL CLARINDO DE QUEIROZ;;0;;Colis?úo;;;;Cruz;Pare;Misto;0;0;2;0;0;0;0;0;0;0;0;0;-3,729201000000000;-38,541099000000000
272453;5;12;2015;22:12;0;AV GAL OSORIO DE PAIVA;;;0;;Colis?úo;;;;Meio de Quadra;;;0;0;2;0;0;0;0;0;0;0;0;0;;
272454;5;12;2015;22:38;5098;RUA CASTRO E SILVA;RUA SEN POMPEU;;0;;Colis?úo;;;;Cruz;Sem?íforo;Comercial;0;0;2;0;0;0;0;0;0;0;0;0;-3,723468000000000;-38,528597000000000
272455;5;12;2015;22:44;0;RUA LIDIA BRIGIDO;;;0;;Choque c/ Obst?ículo Fixo;;;;Meio de Quadra;;;0;0;1;0;0;0;0;0;0;0;0;0;;
272456;5;12;2015;22:59;0;AV GAL OSORIO DE PAIVA;;;0;;Colis?úo;;;;Meio de Quadra;;;0;0;1;0;0;0;0;0;0;0;0;0;;
272457;5;12;2015;23:10;0;RUA JOSE ABILIO;;;0;;Colis?úo;;;;Meio de Quadra;;;0;0;2;0;0;0;0;0;0;0;0;0;;
272458;5;12;2015;23:12;0;RUA STA ELISA D21;;;0;;Choque c/ Obst?ículo Fixo;;;;Meio de Quadra;;;0;0;1;0;0;0;0;0;0;0;0;0;;
272459;5;12;2015;23:13;0;RUA CAROLINA SUCUPIRA;;;0;;Colis?úo;;;;Meio de Quadra;;;0;0;2;0;0;0;0;0;0;0;0;0;;
272460;5;12;2015;23:18;3833;RUA MAL DEODORO;RUA PDE MIGUELINHO;;0;;Colis?úo;;;;;;;0;0;2;0;0;0;0;0;0;0;0;0;-3,741720000000000;-38,535963000000000
272428;5;12;2015;21:37;0;AV DA INDEPENDENCIA;;;0;;Atropelamento;;;;Meio de Quadra;;;0;0;2;0;0;0;0;0;0;0;0;0;;
272415;5;12;2015;18:02;0;AV CASTELO DE CASTRO;;;0;;Colis?úo;Anoitecer;;;Meio de Quadra;;;0;0;2;0;0;0;0;0;0;0;0;0;;
272416;5;12;2015;19:23;0;RUA 315 CJ SAO CRISTOVAO;;;0;;Colis?úo;;;;Meio de Quadra;;;0;0;2;0;0;0;0;0;0;0;0;0;;
272435;5;12;2015;21:45;0;AV BEZERRA DE MENEZES;;;0;;Colis?úo;;;;Meio de Quadra;;;0;0;2;0;0;0;0;0;0;0;0;0;;
272443;5;12;2015;21:51;17944;RUA JOAQUIM ALBANO;RUA EMILIA FREITAS;;0;;Colis?úo;;;;;;;0;0;2;0;0;0;0;0;0;0;0;0;-3,734677000000000;-38,576013000000000
272439;5;12;2015;21:49;0;AV OLIVEIRA PAIVA;;;0;;Colis?úo;;;;Meio de Quadra;;;0;0;2;0;0;0;0;0;0;0;0;0;;
272380;5;12;2015;10:02;0;RUA MANUEL CASTELO BRANCO;;;0;;Colis?úo;Luz do Dia;;;Meio de Quadra;;;0;0;2;0;0;0;0;0;0;0;0;0;;
272381;5;12;2015;10:23;738;RUA DNA MENDINHA;AV FRANCISCO SA;;0;;Colis?úo;Luz do Dia;;;Cruz;Pare;Misto;0;0;2;0;0;0;0;0;0;0;0;0;-3,712666000000000;-38,571238000000000
272382;5;12;2015;10:47;0;AV GAL OSORIO DE PAIVA;;;0;;Colis?úo;Luz do Dia;;;Meio de Quadra;;;0;0;2;0;0;0;0;0;0;0;0;0;;
272374;5;12;2015;09:58;0;RUA PEDRO DE SOUZA;;;0;;Colis?úo;Luz do Dia;;;Meio de Quadra;;;0;0;2;0;0;0;0;0;0;0;0;0;;
272362;5;12;2015;07:42;0;RUA PRIMEIRO DE JANEIRO;;;0;;Colis?úo;Luz do Dia;;;Meio de Quadra;;;0;0;2;0;0;0;0;0;0;0;0;0;;
272391;5;12;2015;13:10;0;RUA LUIS VIEIRA;;;0;;Colis?úo;Luz do Dia;;;Meio de Quadra;;;0;0;2;0;0;0;0;0;0;0;0;0;;
272384;5;12;2015;11:05;0;AV ANTONIO SALES;;;555;;Colis?úo;Luz do Dia;;;Meio de Quadra;;;0;0;1;0;0;0;0;0;0;0;0;0;-3,741036000000000;-38,516614000000000
272386;5;12;2015;11:36;0;AV PRO GOMES DE MATOS;;;0;;Colis?úo;Luz do Dia;;;Meio de Quadra;;;0;0;2;0;0;0;0;0;0;0;0;0;;
272387;5;12;2015;12:51;0;RUA PEDRO VERISSIMO;;;0;;Colis?úo;Luz do Dia;;;Meio de Quadra;;;0;0;2;0;0;0;0;0;0;0;0;0;;
272389;5;12;2015;12:54;0;AV PRS COSTA E SILVA;;;0;;Colis?úo;Luz do Dia;;;Meio de Quadra;;;0;0;2;0;0;0;0;0;0;0;0;0;;
272394;5;12;2015;14:29;5627;AV JOSE LEON;AV ROGACIANO LEITE;;0;;Colis?úo;Luz do Dia;;;Cruz;Sem?íforo;Comercial;0;0;2;0;0;0;0;0;0;0;0;0;-3,787355000000000;-38,503527000000000
272396;5;12;2015;14:35;1326;AV BAR STUDART;RUA DR JORGE DA ROCHA;;0;;Colis?úo;Luz do Dia;;;;;;0;0;2;0;0;0;0;0;0;0;0;0;-3,735316000000000;-38,506849000000000
272397;5;12;2015;14:37;5168;RUA PDE CLIMERIO;RUA JOAO CORDEIRO;;0;;Colis?úo;Luz do Dia;;;Cruz;Pare;Misto;0;0;2;0;0;0;0;0;0;0;0;0;-3,725241000000000;-38,513034000000000
272398;5;12;2015;14:38;7976;AV JOAO PESSOA;RUA MAJ WEYNE;;0;;Colis?úo;Luz do Dia;;;Cruz;Sem?íforo;Misto;0;0;2;0;0;0;0;0;0;0;0;0;-3,747841000000000;-38,545334000000000
272400;5;12;2015;16:12;0;RUA JULIO BRAGA;;;0;;Colis?úo;Luz do Dia;;;Meio de Quadra;;;0;0;2;0;0;0;0;0;0;0;0;0;;
272402;5;12;2015;16:36;0;RUA FAUSTO AGUIAR;;;0;;Colis?úo;Luz do Dia;;;Meio de Quadra;;;0;0;2;0;0;0;0;0;0;0;0;0;;
272405;5;12;2015;19:28;16786;RUA OSCAR ROMERO;RUA QUIXADA D06;;0;;Colis?úo;;;;Cruz;N?úo H?í Controle;Residencial;0;0;2;0;0;0;0;0;0;0;0;0;-3,832123000000000;-38,571987000000000
272408;5;12;2015;16:42;0;RUA NOVA CONQUISTA (GRANJA LISBOA);;;0;;Colis?úo;Luz do Dia;;;Meio de Quadra;;;0;0;2;0;0;0;0;0;0;0;0;0;;
272410;5;12;2015;16:49;17270;RUA ALAN KARDEC;RUA JOAO FIRMINO;;0;;Atropelamento;Luz do Dia;;;T;Pare;Residencial;0;0;2;0;0;0;0;0;0;0;0;0;-3,762094000000000;-38,553643000000000
272411;5;12;2015;17:58;0;RUA SGT JOAO PINHEIRO;;;0;;Colis?úo;Anoitecer;;;Meio de Quadra;;;0;0;2;0;0;0;0;0;0;0;0;0;;
272412;5;12;2015;17:59;0;RUA ERICO MOTA;;;0;;Colis?úo;Anoitecer;;;Meio de Quadra;;;0;0;2;0;0;0;0;0;0;0;0;0;;
272419;5;12;2015;19:51;0;AV DR SILAS MUNGUBA;;;0;;Colis?úo;;;;Meio de Quadra;;;0;0;2;0;0;0;0;0;0;0;0;0;;
272420;5;12;2015;20:03;601;AV DR THEBERGE;RUA MANACA;;0;;Colis?úo;;;;Duplo T;N?úo H?í Controle;Residencial;0;0;2;0;0;0;0;0;0;0;0;0;;
272422;5;12;2015;20:08;12286;RUA NUNES FEIJO;RUA LUCIANO ALVES;;0;;Colis?úo;;;;;;;0;0;2;0;0;0;0;0;0;0;0;0;-3,845352000000000;-38,509431000000000
272424;5;12;2015;21:14;9597;RUA JOSE TORRES;RUA LONDRINA;;0;;Atropelamento;;;;Cruz;N?úo H?í Controle;Rural;0;0;2;0;0;0;0;0;0;0;0;0;-3,779916000000000;-38,607258000000000
267114;5;12;2015;19:30;15246;RUA TEN BENEVOLO;RUA CARLOS VASCONCELOS;;0;;Colis?úo Transversal;;;;Cruz;Sem?íforo;Comercial;0;0;2;1;0;0;0;0;0;0;0;0;-3,727989000000000;-38,509174000000000
267132;5;12;2015;08:00;1434;AV RUI BARBOSA;RUA CATAO MAMEDE;;0;;Engavetamento;Luz do Dia;;;Cruz;N?úo H?í Controle;Residencial;0;1;2;1;0;0;0;0;0;0;0;0;-3,737879000000000;-38,510042000000000
267137;5;12;2015;08:00;0;RUA CEL ALVES TEIXEIRA;;;1690;;Outros;Luz do Dia;;;Meio de Quadra;;;0;0;2;1;0;0;1;0;0;0;0;0;-3,747133000000000;-38,505819000000000
267126;5;12;2015;19:00;0;AV GODOFREDO MACIEL;;;711;;Colis?úo Traseira;;;;Meio de Quadra;;;0;1;1;1;0;0;0;0;0;1;0;0;-3,782461000000000;-38,565593000000000
270402;5;12;2015;09:29;24298;RUA TAVARES COUTINHO;RUA 8 DE SETEMBRO;;0;;Colis?úo;Luz do Dia;;;Cruz;Pare;Residencial;0;1;0;0;0;0;0;0;0;0;0;0;-3,732610000000000;-38,487134000000000
270400;5;12;2015;08:45;0;RUA JOSE IVO;;;0;;Colis?úo;Luz do Dia;;;Meio de Quadra;;;0;1;1;1;0;0;0;0;0;1;0;0;;
267198;5;12;2015;10:23;17254;RUA EUGENIO GADELHA;RUA ALM RUBIM;;0;;Colis?úo Transversal;Luz do Dia;;;Duplo T;N?úo H?í Controle;Residencial;0;0;2;1;0;0;0;0;0;0;0;0;-3,761214000000000;-38,550252000000000
267181;5;12;2015;12:30;21602;RUA STA LIDUINA D42;RUA CON DE CASTRO;;0;;Colis?úo Transversal;Luz do Dia;;;;;;0;1;1;1;0;0;0;0;0;0;0;0;-3,797482000000000;-38,584986000000000
267182;5;12;2015;06:30;3420;AV JOAO PESSOA;RUA DES PRAXEDES;;0;;Colis?úo Transversal;Luz do Dia;;;Cruz;Sem?íforo;Comercial;0;1;1;1;0;0;0;0;0;1;0;0;-3,756946000000000;-38,553504000000000
267183;5;12;2015;08:10;0;RUA PAULA NEI;;;0;;Colis?úo Transversal;Luz do Dia;;;Meio de Quadra;;;0;0;2;1;0;0;0;0;0;0;0;0;;
267185;5;12;2015;07:00;0;RUA MAL BITENCOURT;;;951;;Colis?úo Transversal;Luz do Dia;;;Meio de Quadra;;;0;0;2;1;0;0;0;0;0;0;0;0;-3,791623000000000;-38,529913000000000
267191;5;12;2015;11:50;0;AV PRS CASTELO BRANCO;;;5926;;Colis?úo Transversal;Luz do Dia;;;Meio de Quadra;;;0;1;1;1;0;0;0;0;0;0;0;0;-3,702071000000000;-38,583445000000000
267152;5;12;2015;15:00;0;RUA OITICICAS;;;111;;Colis?úo Transversal;Luz do Dia;;;Meio de Quadra;;;0;1;1;1;0;0;0;0;0;1;0;0;-3,804109000000000;-38,535341000000000
267148;5;12;2015;17:30;14357;RUA BAR CRATO;RUA HENRIQUE ELERY;;0;;Colis?úo Transversal;Anoitecer;;;Cruz;Pare;Rural;0;1;1;1;0;0;0;0;1;0;0;0;-3,721622000000000;-38,561002000000000
267144;5;12;2015;18:40;0;RUA BERNARDO MANUEL;;;8255;;Colis?úo Frontal;;;;Meio de Quadra;;;0;2;1;1;0;0;0;0;0;1;0;0;-3,791601000000000;-38,549248000000000
267142;5;12;2015;15:30;11630;RUA PRO HERIBALDO COSTA;RUA BOA VISTA;;0;;Colis?úo Transversal;Luz do Dia;;;Cruz;Pare;Residencial;0;1;1;1;0;0;0;0;0;1;0;0;-3,767974000000000;-38,588035000000000
267169;5;12;2015;04:00;0;AV ENG SANTANA JUNIOR;;;0;;Capotamento;Luz do Dia;;;Meio de Quadra;;;0;0;1;1;0;0;0;0;0;0;0;0;;
267170;5;12;2015;17:45;0;AV RAD JOSE LIMA VERDE;;;1250;;Choque c/ Obst?ículo Fixo;Anoitecer;;;Meio de Quadra;;;0;0;2;1;0;0;0;0;0;0;0;0;-3,703336000000000;-38,591587000000000
267171;5;12;2015;04:45;15236;AV ANTONIO JUSTA;RUA BARBOSA DE FREITAS;;0;;Choque c/ Obst?ículo Fixo;;;;Cruz;Pare;Comercial;0;1;0;1;0;0;0;0;0;0;0;0;-3,727674000000000;-38,494520000000000
267172;5;12;2015;16:00;0;AV DOM MANUEL;;;909;;Colis?úo Lateral;Luz do Dia;;;Meio de Quadra;;;0;1;1;1;0;0;0;0;0;1;0;0;-3,731934000000000;-38,522267000000000
267173;5;12;2015;13:30;11451;AV DES FAUSTINO ALBUQUERQUE;RUA PDE FRANCISCO PITA;;0;;Colis?úo Transversal;Luz do Dia;;;Cruz;Pare;Comercial;0;0;2;1;0;0;0;0;0;0;0;0;-3,781966000000000;-38,498345000000000
267174;5;12;2015;21:35;22886;RUA INACIO PARENTE;RUA BERNARDO MANUEL;;0;;Colis?úo;;;;Cruz;Sem?íforo;Comercial;0;1;1;1;0;0;0;0;0;0;0;0;-3,781268000000000;-38,546074000000000
267175;5;12;2015;00:10;0;AV HIS RAIMUNDO GIRAO;;;701;;Colis?úo;;;;Meio de Quadra;;;0;1;1;1;0;0;0;0;0;1;0;0;;
267176;5;12;2015;09:40;0;RUA POCINHO;;;270;;Colis?úo Transversal;Luz do Dia;;;Meio de Quadra;;;0;1;1;0;1;1;0;0;0;0;0;0;-3,728090000000000;-38,523370000000000
267177;5;12;2015;08:00;25127;AV ENG HUMBERTO MONTE;RUA BOLIVIA;;0;;Colis?úo Transversal;Luz do Dia;;;Cruz;Pare;Comercial;0;1;2;1;0;0;0;0;0;1;0;0;-3,743796000000000;-38,564826000000000
267178;5;12;2015;08:50;2529;AV FRANCISCO SA;RUA JERONIMO ALBUQUERQUE;;0;;Colis?úo Transversal;Luz do Dia;;;T;Pare;Industrial;0;0;2;1;0;0;0;0;0;0;0;0;-3,710450000000000;-38,577688000000000
267179;5;12;2015;10:30;25205;AV DA INDEPENDENCIA;RUA GEORGE CAVALCANTE;;0;;Colis?úo Lateral;Luz do Dia;;;Cruz;Pare;Residencial;0;0;2;1;0;0;0;0;0;0;0;0;-3,726145000000000;-38,593567000000000
267163;5;12;2015;18:45;0;AV PRS COSTA E SILVA;;;2596;;Colis?úo Traseira;;;;Meio de Quadra;;;0;0;4;1;0;0;0;0;0;0;0;0;-3,820780000000000;-38,559043000000000
267160;5;12;2015;13:10;12846;RUA SALDANHA MARINHO;RUA BAR RIO BRANCO;;0;;Colis?úo Traseira;Luz do Dia;;;T;Pare;Comercial;0;0;2;1;1;0;0;0;0;0;0;0;-3,741709000000000;-38,533128000000000
267157;5;12;2015;21:40;0;AV DOS EXPEDICIONARIOS;;;0;;Engavetamento;;;;Meio de Quadra;;;0;0;4;1;0;0;0;0;0;0;0;0;;
270417;5;12;2015;10:35;17585;RUA RIO GRANDE DO SUL;RUA MARANHAO;;0;;Colis?úo;Luz do Dia;;;Cruz;Pare;Residencial;0;1;0;0;0;0;0;0;0;0;0;0;-3,755695000000000;-38,565689000000000
270418;5;12;2015;10:47;0;AV GAL OSORIO DE PAIVA;;;0;;Colis?úo;Luz do Dia;;;Meio de Quadra;;;0;1;0;0;0;0;0;0;0;0;0;0;-3,808494000000000;-38,605702000000000
270425;5;12;2015;15:56;0;AV MIN JOSE AMERICO;;;0;;Colis?úo;Luz do Dia;;;Meio de Quadra;;;0;1;1;1;0;0;0;0;0;1;0;0;;
270426;5;12;2015;16:43;3928;RUA ANTONIO POMPEU;AV IMPERADOR;;0;;Colis?úo;Luz do Dia;;;Cruz;Sem?íforo;Escola;0;1;0;0;0;0;0;0;0;0;0;0;-3,733045000000000;-38,536179000000000
270420;5;12;2015;11:10;0;RUA CAP NESTOR GOIS;;;0;;Colis?úo;Luz do Dia;;;Meio de Quadra;;;0;1;0;0;0;0;0;0;0;0;0;0;;
270421;5;12;2015;12:29;1416;RUA MARIA TOMASIA;RUA CEL JUCA;;0;;Atropelamento;Luz do Dia;;;Cruz;Pare;Residencial;0;1;1;1;0;0;0;0;0;0;0;0;-3,737434000000000;-38,491207000000000
270422;5;12;2015;12:40;0;AV PERIMETRAL;;;0;;Queda;Luz do Dia;;;Meio de Quadra;;;0;1;0;0;0;0;0;0;0;1;0;0;;
266889;5;12;2015;07:30;0;AV WASHINGTON SOARES;;;0;;Colis?úo;Luz do Dia;;;Meio de Quadra;;;0;0;2;0;1;0;1;0;0;0;0;0;;
266890;5;12;2015;18:45;19686;RUA ERICO MOTA;AV BEZERRA DE MENEZES;;0;;Colis?úo;;;;Cruz;Sem?íforo;Comercial;0;0;2;1;1;0;0;0;0;0;0;0;-3,735357000000000;-38,562991000000000
266891;5;12;2015;22:13;0;RUA PRO VIRGILIO DE MORAIS;;;0;;Colis?úo;;;;Meio de Quadra;;;0;0;2;1;1;0;0;0;0;0;0;0;;
270624;5;12;2015;23:29;0;RUA ARTUR BORGES;;;0;;Colis?úo;;;;Meio de Quadra;;;0;1;0;0;0;0;0;0;0;0;0;0;;
270573;5;12;2015;20:57;0;AV GODOFREDO MACIEL;;;0;;Atropelamento;;;;Meio de Quadra;;;0;1;1;0;0;0;0;0;0;1;0;0;-3,782642000000000;-38,565647000000000
270575;5;12;2015;21:12;0;RUA JOSE TORRES;;;0;;Atropelamento;;;;Meio de Quadra;;;0;1;1;0;0;0;0;0;0;1;0;0;-3,779837000000000;-38,607235000000000
270571;5;12;2015;19:13;0;RUA SAO CRISTOVAO D49;;;0;;Colis?úo;;;;Meio de Quadra;;;0;1;1;1;0;0;0;0;0;1;0;0;;
270579;5;12;2015;21:29;0;RUA BERNARDO MANUEL;;;0;;Queda;;;;Meio de Quadra;;;0;1;0;0;0;0;0;0;0;1;0;0;-3,791601000000000;-38,549248000000000
270581;5;12;2015;21:47;0;AV WASHINGTON SOARES;;;0;;Colis?úo;;;;Meio de Quadra;;;0;1;1;1;0;0;0;0;0;1;0;0;;
270582;5;12;2015;22:06;0;AV GAL OSORIO DE PAIVA;;;0;;Atropelamento;;;;Meio de Quadra;;;0;1;0;0;0;0;0;0;0;0;0;0;-3,808494000000000;-38,605702000000000
270595;5;12;2015;22:43;3366;RUA MARIO DE ANDRADE;RUA RIO BRANCO;;0;;Queda;;;;;;;0;1;0;0;0;0;0;0;0;1;0;0;-3,753222000000000;-38,559407000000000
270589;5;12;2015;22:15;0;RUA BERNARDO MANUEL;;;0;;Colis?úo;;;;Meio de Quadra;;;0;1;1;1;0;0;0;0;0;0;0;0;-3,791513000000000;-38,549221000000000
271270;5;12;2015;06:00;0;RD CE-040;;;0;KM-04;Colis?úo;Luz do Dia;;Seca;Meio de Quadra;;;0;0;2;0;0;0;0;0;0;0;0;0;-3,792050000000000;-38,480251000000000