COD_ACIDENTE;DIA;MES;ANO;HORA;INTERSECAO;LOG1;LOG2;LOG3;NUMERO;REFERENCIA;NATUREZA;ILUMINACAO;TEMPO;SUPERFICIEPISTA;TIPOCRUZAMENTO;CONTROLETRAFEGO;USOSOLO;MORTOS;FERIDOS;ILESOS;AUTOMOVEL;ONIBUS;BICICLETA;CAMINHAO;MICROONIBUS;CICLOMOTOR;MOTOCICLETA;TRACAOANIMAL;TREM;LATITUDE;LONGITUDE
271277;5;12;2015;13:30;0;AV SEN CARLOS JEREISSATI (AEROPORTO);;;0;KM 01;Colis?úo;Luz do Dia;;Seca;Meio de Quadra;;;0;0;2;1;0;0;1;0;0;0;0;0;-3,783803000000000;-38,520356000000000
271282;5;12;2015;19:50;0;RD CE-040;;;0;KM-08;Colis?úo;Via Iluminada;;Seca;Meio de Quadra;;;0;0;2;1;0;0;0;0;0;0;0;0;-3,823332000000000;-38,481317000000000
271289;5;12;2015;22:00;0;RD CE-040;;;0;KM-07;Colis?úo;Via Iluminada;;Seca;Meio de Quadra;;;0;1;1;1;0;0;0;0;0;1;0;0;-3,817953000000000;-38,483160000000000
271448;5;12;2015;12:00;24912;RUA ROSINHA SAMPAIO;RUA ANTONIO ARRUDA;;0;;Colis?úo;Luz do Dia;;;Cruz;N?úo H?í Controle;Residencial;0;0;1;1;0;0;0;0;0;0;0;0;-3,724816000000000;-38,595375000000000
271446;5;12;2015;08:00;0;AV FRANCISCO SA;;;6455;;Atropelamento;Luz do Dia;;;Meio de Quadra;;;0;1;1;1;0;0;0;0;0;0;0;0;-3,708769000000000;-38,582039000000000
271453;6;12;2015;00:00;0;AV FRANCISCO SA;;;4474;P?âO DE A?çUCAR;Colis?úo;;;;Meio de Quadra;;;0;1;0;1;0;0;0;0;0;1;0;0;-3,714933000000000;-38,564678000000000
271457;6;12;2015;04:30;0;AV PRS COSTA E SILVA;;;1720;;Choque c/ Obst?ículo Fixo;;;;Meio de Quadra;;;1;0;0;0;0;0;0;0;0;1;0;0;-3,816838000000000;-38,566971000000000
271300;6;12;2015;16:15;0;RD CE-025;;;0;KM-04;Colis?úo;Luz do Dia;;Seca;Meio de Quadra;;;0;0;2;1;0;0;0;0;0;0;0;0;-3,805249000000000;-38,443065000000000
270712;6;12;2015;15:11;0;RUA AMAZONAS;;;0;;Colis?úo;Luz do Dia;;;Meio de Quadra;;;0;1;1;1;0;0;0;0;0;1;0;0;-3,754528000000000;-38,562322000000000
270709;6;12;2015;08:16;0;AV PRS COSTA E SILVA;;;0;;Queda;Luz do Dia;;;Meio de Quadra;;;0;1;0;0;0;0;0;0;0;1;0;0;-3,816838000000000;-38,566971000000000
270710;6;12;2015;12:33;15623;RUA VICENTE NOBRE MACEDO;RUA VASCO DE ATAIDE;;0;;Colis?úo;Luz do Dia;;;Cruz;Pare;Residencial;0;1;1;1;0;0;0;0;0;1;0;0;-3,824367000000000;-38,484238000000000
270705;6;12;2015;04:12;0;AV N CJ JOSE WALTER;;;0;;Queda;;;;Meio de Quadra;;;0;1;0;0;0;0;0;0;0;1;0;0;;
270706;6;12;2015;05:11;10999;RUA 15 DE NOVEMBRO;RUA ALBERTO MAGNO;;0;;Colis?úo;Amanhecer;;;Cruz;Pare;Residencial;0;1;0;0;0;0;0;0;0;0;0;0;-3,769909000000000;-38,553169000000000
270707;6;12;2015;07:21;0;RUA VITORIA;;;0;;Colis?úo;Luz do Dia;;;Meio de Quadra;;;0;1;1;1;0;0;0;0;0;1;0;0;;
270702;6;12;2015;02:04;7635;AV CARNEIRO DE MENDONCA;RUA GOIAS;;0;;Atropelamento;;;;Cruz;Pare;Residencial;0;1;1;1;0;0;0;0;0;0;0;0;-3,763223000000000;-38,568394000000000
270659;6;12;2015;01:59;2754;RUA OSCAR ARARIPE;RUA RAIMUNDO PINHEIRO;;0;;Atropelamento;;;;Cruz;Pare;Residencial;0;1;1;1;0;0;0;0;0;0;0;0;-3,791645000000000;-38,597876000000000
270641;6;12;2015;00:30;0;AV DR SILAS MUNGUBA;;;0;;Atropelamento;;;;Meio de Quadra;;;0;1;1;1;0;0;0;0;0;0;0;0;-3,785332000000000;-38,552153000000000
270643;6;12;2015;00:53;5421;AV DUQ CAXIAS;AV VIS RIO BRANCO;;0;;Colis?úo;;;;Cruz;Sem?íforo;Comercial;0;1;0;1;0;0;0;0;0;0;0;0;-3,733481000000000;-38,524603000000000
270646;6;12;2015;00:58;0;AV CEL CARVALHO;;;0;;Colis?úo;;;;Meio de Quadra;;;0;1;0;0;0;0;0;0;0;0;0;0;-3,724419000000000;-38,586084000000000
270731;6;12;2015;22:54;23686;RUA COM GARCIA;RUA DOM HENRIQUE;;0;;Colis?úo;;;;Cruz;Pare;Residencial;0;1;1;0;0;0;0;0;0;1;0;0;-3,789291000000000;-38,579660000000000
270732;6;12;2015;23:19;19540;RUA JULIO GASPAR;RUA CASIMIRO DE ABREU;;0;;Colis?úo;;;;Cruz;Pare;Residencial;0;1;0;1;1;0;0;0;0;0;0;0;-3,782426000000000;-38,563108000000000
270729;6;12;2015;21:51;0;AV FRANCISCO SA;;;0;;Colis?úo;;;;Meio de Quadra;;;0;1;0;0;0;0;0;0;0;0;0;0;-3,713056000000000;-38,570100000000000
270723;6;12;2015;18:25;0;AV GAL OSORIO DE PAIVA;;;0;;Atropelamento;Anoitecer;;;Meio de Quadra;;;0;1;1;1;0;0;0;0;0;0;0;0;;
270724;6;12;2015;19:43;0;AV GAL OSORIO DE PAIVA;;;0;;Colis?úo;;;;Meio de Quadra;;;0;1;0;0;0;0;0;0;0;0;0;0;;
270725;6;12;2015;20:05;0;AV CASTELO DE CASTRO;;;0;;Colis?úo;;;;Meio de Quadra;;;0;1;1;1;0;0;0;0;0;1;0;0;-3,831362000000000;-38,521508000000000
270726;6;12;2015;20:28;0;RUA EMILIO DE MENESES;;;0;;Colis?úo;;;;Meio de Quadra;;;0;1;1;1;0;0;0;0;0;1;0;0;-3,780503000000000;-38,591829000000000
270727;6;12;2015;21:28;0;AV ODILON GUIMARAES;;;0;;Colis?úo;;;;Meio de Quadra;;;0;1;1;1;0;0;0;0;0;1;0;0;-3,825962000000000;-38,479753000000000
270721;6;12;2015;18:22;22951;AV DR SILAS MUNGUBA;RUA DR JUSTA ARAUJO D45;;0;;Colis?úo;Anoitecer;;;Cruz;Outros;Comercial;0;1;1;1;0;1;0;0;0;0;0;0;-3,784586000000000;-38,553426000000000
270714;6;12;2015;16:31;0;RUA TEODOMIRO DE CASTRO;;;0;;Colis?úo;Luz do Dia;;;Meio de Quadra;;;0;1;1;1;0;0;0;0;0;0;0;0;-3,718780000000000;-38,572281000000000
267206;6;12;2015;16:20;0;AV GAL OSORIO DE PAIVA;;;4789;;Colis?úo Traseira;Luz do Dia;;;Meio de Quadra;;;0;0;2;1;0;0;0;0;0;0;0;0;-3,800802000000000;-38,598264000000000
267203;6;12;2015;18:12;8011;AV JOAO PESSOA;RUA ALEXANDRE BARAUNA;;0;;Atropelamento;Anoitecer;;;Cruz;Sem?íforo;Comercial;0;2;0;1;0;0;0;0;0;0;0;0;-3,751089000000000;-38,548267000000000
267209;6;12;2015;18:50;0;RUA LAURO NOGUEIRA;;;671;;Colis?úo Traseira;Luz do Dia;;;Meio de Quadra;;;0;0;3;1;0;0;0;0;0;0;0;0;-3,739550000000000;-38,479888000000000
267210;6;12;2015;17:30;25011;RUA TEODOMIRO DE CASTRO;RUA TEN JOSE BARREIRA;;0;;Colis?úo Transversal;Anoitecer;;;;N?úo H?í Controle;Comercial;0;1;1;1;0;0;0;0;0;0;0;0;-3,718743000000000;-38,572355000000000
272472;6;12;2015;02:20;0;AV CEL CARVALHO;;;0;;Colis?úo;;;;Meio de Quadra;;;0;0;2;0;0;0;0;0;0;0;0;0;;
272461;6;12;2015;00:27;0;AV GOV RAUL BARBOSA;;;0;;Colis?úo;;;;Meio de Quadra;;;0;0;2;0;0;0;0;0;0;0;0;0;;
272462;6;12;2015;00:29;1534;RUA EDUARDO GARCIA;RUA MON CATAO;;0;;Colis?úo;;;;Cruz;Pare;Residencial;0;0;2;0;0;0;0;0;0;0;0;0;-3,740726000000000;-38,491196000000000
272463;6;12;2015;00:44;0;AV DR SILAS MUNGUBA;;;0;;Atropelamento;;;;Meio de Quadra;;;0;0;2;0;0;0;0;0;0;0;0;0;;
272466;6;12;2015;;5421;AV HERACLITO GRACA;AV DUQ CAXIAS;;0;;Colis?úo;;;;;;;0;0;2;0;0;0;0;0;0;0;0;0;-3,733481000000000;-38,524603000000000
272467;6;12;2015;01:12;0;RUA IRMAOS FONTENELE;;;0;;Colis?úo;;;;Meio de Quadra;;;0;0;2;0;0;0;0;0;0;0;0;0;;
272468;6;12;2015;01:15;0;RUA ALUISIO AZEVEDO;;;0;;Choque c/ Obst?ículo Fixo;;;;Meio de Quadra;;;0;0;1;0;0;0;0;0;0;0;0;0;;
272470;6;12;2015;01:51;2975;AV GAL OSORIO DE PAIVA;RUA PEDRO MARTINS;;0;;Colis?úo;;;;Cruz;Sem?íforo;Comercial;0;0;2;0;0;0;0;0;0;0;0;0;-3,800862000000000;-38,598322000000000
272475;6;12;2015;02:36;0;RUA GONCALVES LEDO;;;0;;Colis?úo;;;;Meio de Quadra;;;0;0;2;0;0;0;0;0;0;0;0;0;;
272479;6;12;2015;02:39;8030;RUA PRO COSTA MENDES;RUA CARLOS CAMARA;;0;;Choque c/ Obst?ículo Fixo;;;;Cruz;Pare;Residencial;0;0;1;0;0;0;0;0;0;0;0;0;-3,753143000000000;-38,548622000000000
272534;6;12;2015;05:23;19469;AV GAL OSORIO DE PAIVA;AV AUGUSTO DOS ANJOS;;0;;Colis?úo;Amanhecer;;;Outros;Pare;Misto;0;0;2;0;0;0;0;0;0;0;0;0;-3,787349000000000;-38,584939000000000
272535;6;12;2015;05:27;9094;AV SORIANO ALBUQUERQUE;AV VIS RIO BRANCO;;0;;Colis?úo;Amanhecer;;;Cruz;;Residencial;0;0;2;0;0;0;0;0;0;0;0;0;-3,747601000000000;-38,521682000000000
272536;6;12;2015;05:47;0;RUA TRES CORACOES;;;0;;Choque c/ Obst?ículo Fixo;Amanhecer;;;Meio de Quadra;;;0;0;2;0;0;0;0;0;0;0;0;0;;
272537;6;12;2015;06:24;25158;AV ALM MAXIMIANO DA FONSECA;AV WASHINGTON SOARES;;0;;Colis?úo;Luz do Dia;;;Cruz;Sem?íforo;Escola;0;0;2;0;0;0;0;0;0;0;0;0;-3,771482000000000;-38,482016000000000
272538;6;12;2015;10:50;0;AV JOSE LEON;;;0;;Colis?úo;Luz do Dia;;;Meio de Quadra;;;0;0;2;0;0;0;0;0;0;0;0;0;;
272539;6;12;2015;18:53;0;AV DR SILAS MUNGUBA;;;0;;Colis?úo;;;;Meio de Quadra;;;0;0;2;0;0;0;0;0;0;0;0;0;;
272540;6;12;2015;20:02;0;RUA RAIMUNDO GOMES;;;0;;Colis?úo;;;;Meio de Quadra;;;0;0;2;0;0;0;0;0;0;0;0;0;;
272541;6;12;2015;20:19;12068;AV CASTELO DE CASTRO;AV MON AMARILIO RODRIGUES;;0;;Colis?úo;;;;Cruz;Sem?íforo;Misto;0;0;2;0;0;0;0;0;0;0;0;0;-3,835217000000000;-38,521635000000000
272542;6;12;2015;21:16;0;RUA DES OTACILIO PEIXOTO;;;0;;Colis?úo;;;;Meio de Quadra;;;0;0;2;0;0;0;0;0;0;0;0;0;;
272543;6;12;2015;22:01;1432;AV SANTOS DUMONT;AV SEN VIRGILIO TAVORA;;0;;Colis?úo;;;;Cruz;Sem?íforo;Comercial;0;0;2;0;0;0;0;0;0;0;0;0;-3,737828000000000;-38,493482000000000
272544;6;12;2015;23:13;6564;AV H CJ CEARA;AV G CJ CEARA;;0;;Choque c/ Obst?ículo Fixo;;;;T;Pare;Misto;0;0;2;0;0;0;0;0;0;0;0;0;-3,775702000000000;-38,609372000000000
272482;6;12;2015;04:49;0;LOGRADOURO SEM NOME;;;0;;Colis?úo Frontal;;;;Meio de Quadra;;;0;0;2;0;0;0;0;0;0;0;0;0;;
272483;6;12;2015;05:03;14915;RUA ALFREDO MAMEDE;RUA AURELIO BEZERRA D71;;0;;Colis?úo;Amanhecer;;;;;;0;0;2;0;0;0;0;0;0;0;0;0;-3,810045000000000;-38,581782000000000
267227;6;12;2015;20:00;15154;RUA FRE MANSUETO;RUA DA PAZ;;0;;Colis?úo Lateral;;;;Cruz;Pare;Residencial;0;0;2;0;0;1;0;0;0;0;0;0;-3,724758000000000;-38,489616000000000
267228;6;12;2015;19:50;0;AV GAL OSORIO DE PAIVA;;;0;;Atropelamento;;;;Meio de Quadra;;;0;0;2;1;0;0;0;0;0;0;0;0;;
267234;6;12;2015;16:01;12496;AV LINEU MACHADO;AV CARNEIRO DE MENDONCA;;0;;Colis?úo Traseira;Luz do Dia;;;T;Sem?íforo;Comercial;0;0;2;1;1;0;0;0;0;0;0;0;-3,760403000000000;-38,574021000000000
267235;6;12;2015;20:40;0;AV GODOFREDO MACIEL;;;3195;;Colis?úo Traseira;;;;Meio de Quadra;;;0;0;2;1;0;0;0;0;0;0;0;0;-3,804009000000000;-38,572271000000000
267236;6;12;2015;10:00;0;AV BEZERRA DE MENEZES;;;459;;Colis?úo Traseira;Luz do Dia;;;Meio de Quadra;;;0;0;2;1;0;0;0;0;0;0;0;0;-3,731436000000000;-38,543964000000000
267237;6;12;2015;11:00;0;AV VICENTE DE CASTRO;;;6890;;Colis?úo Traseira;Luz do Dia;;;Meio de Quadra;;;0;2;0;1;0;0;1;0;0;0;0;0;-3,709224000000000;-38,471290000000000
267244;6;12;2015;18:00;0;RUA ALM RUFINO;;;1089;;Colis?úo Lateral;Anoitecer;;;Meio de Quadra;;;0;0;3;1;0;0;0;0;0;0;0;0;-3,765905000000000;-38,539289000000000
267242;6;12;2015;15:00;0;AV PRS CASTELO BRANCO;;;5938;;Colis?úo Lateral;Luz do Dia;;;Meio de Quadra;;;1;0;1;0;0;0;0;0;0;1;0;0;-3,701957000000000;-38,583688000000000
267240;6;12;2015;10:50;0;AV JOR THOMAZ COELHO;;;0;;Choque c/ Obst?ículo Fixo;Luz do Dia;;;Meio de Quadra;;;0;0;1;1;0;0;0;0;0;0;0;0;;
267213;6;12;2015;11:40;0;AV AGUANAMBI;;;150;;Colis?úo Traseira;Luz do Dia;;;Meio de Quadra;;;0;0;2;1;0;0;0;0;0;0;0;0;-3,738607000000000;-38,524598000000000
267215;6;12;2015;22:10;9220;AV 13 DE MAIO;RUA NAPOLEAO LAUREANO;;0;;Colis?úo Lateral;;;;Cruz;Sem?íforo;Comercial;0;0;2;1;0;0;0;0;0;0;0;0;-3,749758000000000;-38,528825000000000
267218;6;12;2015;17:10;8011;AV JOAO PESSOA;RUA ALEXANDRE BARAUNA;;0;;Colis?úo Transversal;Anoitecer;;;Cruz;Sem?íforo;Comercial;0;1;1;0;1;0;0;0;0;1;0;0;-3,751089000000000;-38,548267000000000
267219;6;12;2015;19:00;5098;RUA CASTRO E SILVA;RUA SEN POMPEU;;0;;Colis?úo Transversal;;;;Cruz;Sem?íforo;Comercial;0;1;1;1;0;0;0;0;0;1;0;0;-3,723468000000000;-38,528597000000000
267220;6;12;2015;15:30;13436;AV ANTONIO SALES;RUA DR JOSE LOURENCO;;0;;Colis?úo Transversal;Luz do Dia;;;Cruz;Sem?íforo;Comercial;0;0;2;1;0;0;0;0;0;0;0;0;-3,742954000000000;-38,510450000000000
267221;6;12;2015;00:15;0;RUA GAL ALIPIO DOS SANTOS;;;29;;Colis?úo Lateral;;;;Meio de Quadra;;;0;1;1;1;0;0;0;0;0;1;0;0;-3,728642000000000;-38,585724000000000
267222;6;12;2015;18:30;0;RUA GAL BERNARDO FIGUEIREDO;;;2895;;Choque c/ Obst?ículo Fixo;Anoitecer;;;Meio de Quadra;;;0;0;1;1;0;0;0;0;0;0;0;0;-3,742075000000000;-38,563492000000000
267223;6;12;2015;19:00;0;AV GAL OSORIO DE PAIVA;;;0;;Colis?úo Lateral;;;;Meio de Quadra;;;0;0;2;1;0;0;0;0;0;0;0;0;;
267224;6;12;2015;21:25;10019;RUA LONDRINA;RUA AIRES DA CUNHA;;0;;Colis?úo Lateral;;;;;;;1;0;1;0;0;0;0;0;0;1;0;0;-3,780485000000000;-38,605211000000000
267225;6;12;2015;18:04;19538;AV GODOFREDO MACIEL;RUA INGA;;0;;Colis?úo Lateral;Anoitecer;;;T;Pare;Comercial;0;0;2;1;0;0;0;0;0;0;0;0;-3,782382000000000;-38,565570000000000
267248;6;12;2015;21:00;0;AV ALBERTO CRAVEIRO;;;1489;;Colis?úo Traseira;;;;Meio de Quadra;;;0;0;2;1;0;0;0;0;0;0;0;0;-3,793853000000000;-38,517762000000000
267311;7;12;2015;16:50;8933;AV DOMINGOS OLIMPIO;RUA RUBIA SAMPAIO;;0;;Colis?úo Traseira;Luz do Dia;;;Cruz;Pare;Residencial;0;0;2;1;1;0;0;0;0;0;0;0;-3,733409000000000;-38,541015000000000
267313;7;12;2015;19:11;0;AV ANTONIO JUSTA;;;3161;;Colis?úo Lateral;;;;Meio de Quadra;;;0;1;1;0;0;0;0;0;0;1;0;0;-3,727972000000000;-38,493476000000000
267314;7;12;2015;09:00;0;RUA JOSE VILAR;;;3200;;Engavetamento;Luz do Dia;;;Meio de Quadra;;;0;0;3;1;0;0;0;0;0;0;0;0;-3,751374000000000;-38,509725000000000
267316;7;12;2015;16:30;7694;RUA RIO GRANDE DO SUL;RUA RIO GRANDE DO NORTE;;0;;Colis?úo Transversal;Luz do Dia;;;Cruz;Pare;Residencial;0;1;1;1;0;0;0;0;0;1;0;0;-3,758617000000000;-38,567559000000000
267317;7;12;2015;20:30;0;AV EDILSON B SOARES;;;867;;Colis?úo Lateral;;;;Meio de Quadra;;;0;0;2;0;1;0;0;0;0;0;0;0;-3,789936000000000;-38,486861000000000
267319;7;12;2015;14:45;15346;RUA PEREIRA VALENTE;RUA VIS MAUA;;0;;Colis?úo Transversal;Luz do Dia;;;Cruz;Pare;Residencial;0;0;2;1;0;0;0;0;0;0;0;0;-3,731927000000000;-38,498067000000000
267333;7;12;2015;19:30;3856;AV DA UNIVERSIDADE;RUA PDE FRANCISCO PINTO;;0;;Colis?úo;;;;Cruz;Sem?íforo Danificado;Comercial;0;0;4;1;1;0;0;0;0;0;0;0;-3,742799000000000;-38,540777000000000
267346;7;12;2015;09:00;19068;AV ENG SANTANA JUNIOR;RUA PRO SILAS RIBEIRO;;0;;Colis?úo Traseira;Luz do Dia;;;Cruz;Sem?íforo Intermitente;Comercial;0;0;3;1;0;0;0;0;0;0;0;0;-3,736968000000000;-38,482901000000000
267348;7;12;2015;16:00;8954;AV DOMINGOS OLIMPIO;RUA DOM JERONIMO D06;;0;;Colis?úo Lateral;Luz do Dia;;;Cruz;Pare;Residencial;0;0;2;1;0;0;0;0;0;0;0;0;-3,733201000000000;-38,543457000000000
267349;7;12;2015;14:00;5436;RUA GAL CLARINDO DE QUEIROZ;RUA JAIME BENEVOLO;;0;;Colis?úo Transversal;Luz do Dia;;;Cruz;Pare;Comercial;0;0;3;1;0;0;0;0;0;0;0;0;-3,734060000000000;-38,526017000000000
267344;7;12;2015;12:50;0;AV MOZART PINHEIRO DE LUCENA;;;850;;Colis?úo Transversal;Luz do Dia;;;Meio de Quadra;;;0;1;1;1;0;0;0;0;0;1;0;0;-3,710392000000000;-38,593405000000000
267356;7;12;2015;12:30;0;AV DOM MANUEL;;;69;;Colis?úo Traseira;Luz do Dia;;;Meio de Quadra;;;0;0;2;1;0;0;0;0;0;0;0;0;-3,724816000000000;-38,519977000000000
267360;7;12;2015;14:21;10300;AV SEN FERNANDES TAVORA;RUA JOSE MENDONCA;;0;;Colis?úo Lateral;Luz do Dia;;;Cruz;Pare;Comercial;0;1;1;0;1;0;0;0;0;1;0;0;-3,754492000000000;-38,601696000000000
267367;7;12;2015;22:05;8954;AV DOMINGOS OLIMPIO;RUA DOM JERONIMO D06;;0;;Colis?úo Lateral;;;;Cruz;Pare;Residencial;0;0;2;1;0;0;0;0;0;0;0;0;-3,733201000000000;-38,543457000000000
267370;7;12;2015;15:00;0;AV GOV RAUL BARBOSA;;;0;;Colis?úo Traseira;Luz do Dia;;;Meio de Quadra;;;0;0;2;1;0;0;0;0;0;0;0;0;;
267380;7;12;2015;11:25;25129;AV WASHINGTON SOARES;RUA EUCLIDES O DE SOUSA;;0;;;Luz do Dia;;;;;;0;0;2;0;1;0;0;0;0;0;0;0;-3,798220000000000;-38,479749000000000
267376;7;12;2015;21:00;10373;RUA PERILIO TEIXEIRA;RUA NOSSA SRA APARECIDA;;0;;Colis?úo Transversal;;;;Cruz;Pare;Misto;0;1;1;0;1;0;0;0;0;1;0;0;-3,758048000000000;-38,601606000000000
267382;7;12;2015;06:50;5180;RUA DOM JOAQUIM;RUA TEN BENEVOLO;;0;;Colis?úo Transversal;Luz do Dia;;;Cruz;Pare;Residencial;0;0;2;1;0;0;0;0;0;0;0;0;-3,725524000000000;-38,516670000000000
267385;7;12;2015;10:15;0;AV PRS COSTA E SILVA;;;4655;;Colis?úo Lateral;Luz do Dia;;;Meio de Quadra;;;0;0;2;1;1;0;0;0;0;0;0;0;-3,825821000000000;-38,538693000000000
267389;7;12;2015;13:30;0;AV GOV RAUL BARBOSA;;;5076;;Colis?úo Lateral;Luz do Dia;;;Meio de Quadra;;;0;0;2;1;0;0;1;0;0;0;0;0;-3,762547000000000;-38,508353000000000
267409;7;12;2015;18:20;3814;RUA PAULINO NOGUEIRA;RUA WALDERY UCHOA;;0;;Colis?úo Transversal;Anoitecer;;;Cruz;Pare;Residencial;0;0;2;1;0;0;0;0;0;0;0;0;-3,743449000000000;-38,538372000000000
267407;7;12;2015;12:00;15260;RUA JOAQUIM NABUCO;RUA ANA BILHAR;;0;;Colis?úo Lateral;Luz do Dia;;;Cruz;Sem?íforo;Residencial;0;1;1;0;0;0;0;0;0;1;0;0;-3,728382000000000;-38,499077000000000
267402;7;12;2015;09:00;10716;RUA PRO HERIBALDO COSTA;RUA PRO EDGAR DE ARRUDA;;0;;Colis?úo Transversal;Luz do Dia;;;T;Pare;Residencial;1;1;1;0;0;0;0;1;0;1;0;0;-3,759016000000000;-38,583335000000000
267403;7;12;2015;15:00;25132;AV ODILON GUIMARAES;RUA ANTONIO BARROS;;0;;Colis?úo Transversal;Luz do Dia;;;;;;0;0;2;1;0;0;1;0;0;0;0;0;-3,826027000000000;-38,479805000000000
267404;7;12;2015;16:30;13935;RUA VER PEDRO PAULO MOREIRA;RUA GAL CAIADO DE CASTRO;;0;;Colis?úo Transversal;Luz do Dia;;;Cruz;Pare;Misto;0;0;2;1;0;0;0;0;0;0;0;0;-3,786953000000000;-38,488961000000000
267395;7;12;2015;12:45;15277;RUA JULIO IBIAPINA;AV ANTONIO JUSTA;;0;;Colis?úo Transversal;Luz do Dia;;;;;;0;0;2;0;1;0;0;0;0;0;0;0;-3,728875000000000;-38,490692000000000
267398;7;12;2015;08:50;4088;AV FRANCISCO SA;RUA ALVARO DE ALENCAR;;0;;Atropelamento;Luz do Dia;;;Cruz;Pare;Comercial;0;1;1;0;1;0;0;0;0;0;0;0;-3,717106000000000;-38,558237000000000
267399;7;12;2015;22:20;0;AV DA UNIVERSIDADE;;;2358;;Colis?úo;;;;Meio de Quadra;;;0;1;2;1;0;0;0;0;0;1;0;0;-3,737967000000000;-38,536390000000000
267400;7;12;2015;18:10;0;AV HERACLITO GRACA;;;500;;Colis?úo Traseira;Anoitecer;;;Meio de Quadra;;;0;0;2;1;0;0;0;0;0;0;0;0;-3,735019000000000;-38,519817000000000
267414;7;12;2015;16:30;0;AV GAL OSORIO DE PAIVA;;;4545;;Colis?úo Traseira;Luz do Dia;;;Meio de Quadra;;;0;0;4;1;0;0;0;0;0;0;0;0;-3,798239000000000;-38,595764000000000
267415;7;12;2015;11:50;0;RUA DEP JOAO PONTES;;;0;;Colis?úo Lateral;Luz do Dia;;;Meio de Quadra;;;0;0;2;1;0;0;0;0;0;0;0;0;;
267307;7;12;2015;07:35;0;AV AMERICO BARREIRA;;;4800;;Colis?úo Transversal;Luz do Dia;;;Meio de Quadra;;;0;1;1;0;1;0;0;0;0;1;0;0;-3,757156000000000;-38,559328000000000
267308;7;12;2015;21:30;1583;RUA LEONARDO MOTA;RUA VICENTE LINHARES;;0;;Colis?úo Transversal;;;;Cruz;Sem?íforo;Residencial;0;0;2;1;0;0;0;0;0;0;0;0;-3,742785000000000;-38,498309000000000
267309;7;12;2015;19:00;8834;AV DES FLORIANO BENEVIDES;RUA B CJ LUSTOSA PALMARES;;0;;Colis?úo Lateral;;;;T;Pare;Comercial;0;1;1;0;1;0;0;0;0;0;0;0;;
272551;7;12;2015;01:27;0;RUA ROQUET PINTO;;;0;;Colis?úo;;;;Meio de Quadra;;;0;0;2;0;0;0;0;0;0;0;0;0;;
272562;7;12;2015;15:30;0;RUA PARA;;;0;;Colis?úo;Luz do Dia;;;Meio de Quadra;;;0;0;2;0;0;0;0;0;0;0;0;0;;
272558;7;12;2015;02:22;0;AV PDE ANTONIO TOMAS;;;0;;Colis?úo;;;;;;;0;0;2;0;0;0;0;0;0;0;0;0;;
272559;7;12;2015;05:36;0;RUA MIGUEL ARAGAO;;;0;;Colis?úo;Amanhecer;;;Meio de Quadra;;;0;0;2;0;0;0;0;0;0;0;0;0;;
272560;7;12;2015;14:21;0;RUA MAJ MONTENEGRO;;;0;;Colis?úo;Luz do Dia;;;Meio de Quadra;;;0;0;2;0;0;0;0;0;0;0;0;0;;
272573;7;12;2015;19:42;12525;RUA GUILHERME MENDES;RUA PIERRE LUZ;;0;;Colis?úo;;;;Cruz;Pare;Comercial;0;0;2;0;0;0;0;0;0;0;0;0;-3,720551000000000;-38,588079000000000
272570;7;12;2015;19:04;0;RUA XXI CIDADE OESTE;;;0;;Atropelamento;;;;Meio de Quadra;;;0;0;2;0;0;0;0;0;0;0;0;0;;
272565;7;12;2015;16:12;116;RUA RUI MONTE;RUA PRO JOSE LEITE GONDIM;;0;;Colis?úo;Luz do Dia;;;Cruz;Pare;Residencial;0;0;2;0;0;0;0;0;0;0;0;0;-3,741250000000000;-38,587413000000000
270739;7;12;2015;06:22;0;AV N CJ JOSE WALTER;;;0;;Colis?úo;Luz do Dia;;;Meio de Quadra;;;0;1;0;0;0;0;0;0;0;1;0;0;;
270734;7;12;2015;02:16;0;AV GAL OSORIO DE PAIVA;;;0;;Colis?úo;;;;Meio de Quadra;;;0;1;1;0;0;0;1;0;0;1;0;0;;
270735;7;12;2015;05:27;0;RUA NOSSA SRA APARECIDA;;;0;;Colis?úo;Amanhecer;;;Meio de Quadra;;;0;1;0;0;0;0;0;0;0;1;0;0;;
270760;7;12;2015;13:07;348;RUA PRO LINO ENCARNACAO;RUA CESAR FONTENELE;;0;;Colis?úo;Luz do Dia;;;Cruz;Pare;Misto;0;1;1;1;0;0;0;0;0;1;0;0;-3,746359000000000;-38,559596000000000
270761;7;12;2015;14:31;0;RUA PEREIRA VALENTE;;;0;;Colis?úo;Luz do Dia;;;Meio de Quadra;;;0;1;0;0;0;0;0;0;0;1;0;0;;
270762;7;12;2015;17:21;0;RUA DR FERNANDO AUGUSTO;;;0;;Atropelamento;Anoitecer;;;Meio de Quadra;;;0;1;1;0;0;0;0;0;0;0;0;0;-3,784799000000000;-38,630261000000000
270763;7;12;2015;17:34;0;AV GAL OSORIO DE PAIVA;;;0;;Colis?úo;Anoitecer;;;Meio de Quadra;;;0;1;0;1;0;0;0;0;0;0;0;0;;
270764;7;12;2015;17:42;0;RUA AQUILES BEVILAQUA;;;316;;Atropelamento;Anoitecer;;;Meio de Quadra;;;1;0;1;1;0;0;0;0;0;0;0;0;-3,743664000000000;-38,518731000000000