COD_ACIDENTE;DIA;MES;ANO;HORA;INTERSECAO;LOG1;LOG2;LOG3;NUMERO;REFERENCIA;NATUREZA;ILUMINACAO;TEMPO;SUPERFICIEPISTA;TIPOCRUZAMENTO;CONTROLETRAFEGO;USOSOLO;MORTOS;FERIDOS;ILESOS;AUTOMOVEL;ONIBUS;BICICLETA;CAMINHAO;MICROONIBUS;CICLOMOTOR;MOTOCICLETA;TRACAOANIMAL;TREM;LATITUDE;LONGITUDE
270754;7;12;2015;07:48;22159;AV JOSE BASTOS;RUA PRO COSTA MENDES;;0;;Colis?úo;Luz do Dia;;;Outros;N?úo H?í Controle;Residencial;1;0;1;1;0;0;0;0;0;1;0;0;-3,750784000000000;-38,551247000000000
270755;7;12;2015;08:16;0;RD BR 116;;;13000;KM-13;Colis?úo;Luz do Dia;;;Meio de Quadra;;;0;1;1;1;0;0;0;0;0;1;0;0;-3,864670000000000;-38,497727000000000
271303;7;12;2015;08:30;0;RD CE-040;;;0;KM-11;Colis?úo;Luz do Dia;;Seca;Meio de Quadra;;;0;1;2;1;0;0;1;0;0;0;0;0;-3,844873000000000;-38,480252000000000
271491;7;12;2015;17:00;11009;RUA EQUADOR;RUA JULIO VERNE;;0;;Colis?úo;Anoitecer;;;Cruz;Pare;Misto;0;1;1;1;0;0;0;0;0;1;0;0;-3,775427000000000;-38,552843000000000
259439;7;12;2015;06:30;0;RD BR 222;;;0;KM-02;Atropelamento;Luz do Dia;Bom;Seca;Meio de Quadra;N?úo H?í Controle;Comercial;0;1;1;0;0;0;0;0;0;0;0;0;-3,738951000000000;-38,586880000000000
259411;7;12;2015;13:00;0;RD BR 116;;;5000;KM-05;Colis?úo Traseira;Luz do Dia;Bom;Seca;Meio de Quadra;N?úo H?í Controle;Comercial;0;1;1;1;0;0;0;0;0;0;0;0;-3,796502000000000;-38,506787000000000
259412;8;12;2015;07:20;0;RD BR 116;;;13000;KM-13;Choque c/ Obst?ículo Fixo;Luz do Dia;Bom;Seca;Meio de Quadra;N?úo H?í Controle;Comercial;0;1;0;1;0;0;0;0;0;0;0;0;-3,864670000000000;-38,497727000000000
259413;8;12;2015;07:25;0;RD BR 116;;;4000;KM-04;Colis?úo;Luz do Dia;Bom;Seca;Meio de Quadra;N?úo H?í Controle;Comercial;0;1;1;1;0;0;0;0;0;1;0;0;-3,788331000000000;-38,510646000000000
271494;8;12;2015;15:30;0;RUA ALVES BEZERRA;;;263;;Colis?úo;Luz do Dia;;;Meio de Quadra;;;0;1;1;1;0;0;0;0;0;1;0;0;-3,807895000000000;-38,608667000000000
271321;8;12;2015;08:25;0;RD CE-040;;;0;KM-11;Colis?úo;Luz do Dia;;Seca;Meio de Quadra;;;0;0;2;1;0;0;0;0;0;0;0;0;-3,844873000000000;-38,480252000000000
271345;8;12;2015;18:55;0;RD CE-040;;;0;KM-04;Colis?úo;Via Iluminada;;Seca;Meio de Quadra;;;0;0;2;1;0;0;0;0;0;0;0;0;-3,792050000000000;-38,480251000000000
271328;8;12;2015;16:50;0;RD CE-040;;;0;KM-07;Colis?úo;Luz do Dia;;Seca;Meio de Quadra;;;0;0;2;1;0;0;0;0;0;1;0;0;-3,817953000000000;-38,483160000000000
270768;8;12;2015;08:00;25519;AV GOV RAUL BARBOSA;AV ALM HENRIQUE SABOIA;;0;;Colis?úo;Luz do Dia;;;Y;N?úo H?í Controle;Residencial;0;1;0;0;0;0;0;0;0;1;0;0;-3,758466000000000;-38,504580000000000
270769;8;12;2015;08:11;0;RUA ARTUR DE CARVALHO;;;0;;Colis?úo;Luz do Dia;;;Meio de Quadra;;;0;1;0;0;0;0;0;0;0;1;0;0;;
270770;8;12;2015;11:00;0;RUA CESAR ROSSAS;;;0;;Colis?úo;Luz do Dia;;;Meio de Quadra;;;0;1;1;1;0;0;0;0;0;1;0;0;-3,768811000000000;-38,553595000000000
270765;8;12;2015;05:47;0;AV GOV RAUL BARBOSA;;;0;;Queda;Amanhecer;;;Meio de Quadra;;;0;1;0;0;0;0;0;0;0;1;0;0;-3,764538000000000;-38,508919000000000
266895;8;12;2015;11:10;0;AV JOVITA FEITOSA;;;0;;Colis?úo;Luz do Dia;;;Meio de Quadra;;;0;0;2;1;0;0;0;0;0;0;0;0;;
272577;8;12;2015;05:49;0;AV JOR THOMAZ COELHO;;;0;;Choque c/ Obst?ículo Fixo;Amanhecer;;;Meio de Quadra;;;0;0;2;0;0;0;0;0;0;0;0;0;;
272578;8;12;2015;09:15;0;AV PRS COSTA E SILVA;;;0;;Colis?úo;Luz do Dia;;;Meio de Quadra;;;0;0;2;0;0;0;0;0;0;0;0;0;;
272584;8;12;2015;10:59;0;AV JOR THOMAZ COELHO;;;0;;Colis?úo;Luz do Dia;;;Meio de Quadra;;;0;0;2;0;0;0;0;0;0;0;0;0;;
272582;8;12;2015;09:42;0;RUA JOAO CARVALHO;;;0;;Colis?úo;Luz do Dia;;;Meio de Quadra;;;0;0;2;0;0;0;0;0;0;0;0;0;;
272630;8;12;2015;21:12;0;RUA PEDRO DANTAS;;;0;;Colis?úo;;;;Meio de Quadra;;;0;0;2;0;0;0;0;0;0;0;0;0;;
272628;8;12;2015;21:12;0;RUA HUMBERTO TEIXEIRA;;;0;;Colis?úo;;;;Meio de Quadra;;;0;0;2;0;0;0;0;0;0;0;0;0;;
272621;8;12;2015;19:10;0;AV SIQUEIRA CAMPOS;;;0;;Colis?úo;;;;Meio de Quadra;;;0;0;2;0;0;0;0;0;0;0;0;0;;
272622;8;12;2015;19:48;0;AV CONTORNO LESTE;;;0;;Colis?úo;;;;Meio de Quadra;;;0;0;2;0;0;0;0;0;0;0;0;0;;
272623;8;12;2015;20:26;423;AV LIBERDADE;RUA CAETANO SILVA (A. NUNES);;0;;Colis?úo;;;;;;;0;0;2;0;0;0;0;0;0;0;0;0;-3,749080000000000;-38,598943000000000
272619;8;12;2015;18:44;0;RUA GASTAO JUSTA;;;0;;Colis?úo;;;;Meio de Quadra;;;0;0;2;0;0;0;0;0;0;0;0;0;;
272616;8;12;2015;17:51;0;RUA SAO FIDELIS D71;;;0;;Atropelamento;Anoitecer;;;Meio de Quadra;;;0;0;2;0;0;0;0;0;0;0;0;0;;
272617;8;12;2015;18:36;0;RUA COSTA BARROS;;;0;;Colis?úo;;;;Meio de Quadra;;;0;0;2;0;0;0;0;0;0;0;0;0;;
272613;8;12;2015;16:09;0;AV GOV RAUL BARBOSA;;;0;;Colis?úo;Luz do Dia;;;Meio de Quadra;;;0;0;2;0;0;0;0;0;0;0;0;0;;
272604;8;12;2015;15:53;2810;RUA CEL VIRGILIO NOGUEIRA (BOM JARDIM);RUA MARTINS CARVALHO;;0;;Colis?úo;Luz do Dia;;;;;;0;0;2;0;0;0;0;0;0;0;0;0;-3,793750000000000;-38,610343000000000
272605;8;12;2015;15:56;14624;AV JOSE LEON;RUA HERMINIO DE CASTRO;;0;;Colis?úo;Luz do Dia;;;;;;0;0;2;0;0;0;0;0;0;0;0;0;-3,791637000000000;-38,486375000000000
272609;8;12;2015;15:59;0;AV PRS COSTA E SILVA;;;0;;Colis?úo;Luz do Dia;;;Meio de Quadra;;;0;0;2;0;0;0;0;0;0;0;0;0;;
272598;8;12;2015;14:19;0;AV ALM MAXIMIANO DA FONSECA;;;0;;Colis?úo;Luz do Dia;;;Meio de Quadra;;;0;0;2;0;0;0;0;0;0;0;0;0;;
272599;8;12;2015;14:19;0;AV GAL OSORIO DE PAIVA;;;0;;Colis?úo;Luz do Dia;;;Meio de Quadra;;;0;0;2;0;0;0;0;0;0;0;0;0;;
272594;8;12;2015;13:12;0;AV GAL OSORIO DE PAIVA;;;0;;Colis?úo;Luz do Dia;;;Meio de Quadra;;;0;0;2;0;0;0;0;0;0;0;0;0;;
272587;8;12;2015;12:59;0;RUA JOAQUIM NABUCO;;;0;;Colis?úo;Luz do Dia;;;Meio de Quadra;;;0;1;1;0;0;0;0;0;0;0;0;0;;
270951;8;12;2015;23:00;0;AV JOVITA FEITOSA;;;0;;Colis?úo;;;;Meio de Quadra;;;0;1;0;0;0;0;0;0;0;0;0;0;;
270947;8;12;2015;21:39;0;AV DES GONZAGA;;;0;;Queda;;;;Meio de Quadra;;;0;1;0;0;0;1;0;0;0;0;0;0;-3,791727000000000;-38,502415000000000
270948;8;12;2015;21:58;0;AV ZEZE DIOGO;;;0;;Queda;;;;Meio de Quadra;;;0;1;0;0;0;1;0;0;0;0;0;0;-3,718777000000000;-38,463885000000000
270869;8;12;2015;13:56;0;AV ALM MAXIMIANO DA FONSECA;;;0;;Colis?úo;Luz do Dia;;;Meio de Quadra;;;0;1;1;1;0;0;0;0;0;1;0;0;-3,771600000000000;-38,484045000000000
270873;8;12;2015;16:25;0;AV DOM LUIS;;;0;;Atropelamento;Luz do Dia;;;Meio de Quadra;;;0;1;1;1;0;0;0;0;0;0;0;0;-3,734804000000000;-38,492585000000000
270933;8;12;2015;21:15;0;RUA AQUIRAZ;;;0;;Colis?úo;;;;Meio de Quadra;;;0;1;1;1;0;0;0;0;0;1;0;0;;
270930;8;12;2015;20:23;0;RUA ILDEFONSO ALBANO;;;0;;Queda;;;;Meio de Quadra;;;0;1;0;0;0;0;0;0;0;1;0;0;-3,741317000000000;-38,515970000000000
270921;8;12;2015;18:02;0;RUA SEN ALENCAR;;;0;;Colis?úo;Anoitecer;;;Meio de Quadra;;;0;1;1;1;0;0;0;0;0;1;0;0;-3,722060000000000;-38,536779000000000
270919;8;12;2015;17:29;0;AV GAL OSORIO DE PAIVA;;;0;;Colis?úo;Anoitecer;;;Meio de Quadra;;;0;1;1;1;0;0;0;0;0;1;0;0;-3,815843000000000;-38,612851000000000
270862;8;12;2015;13:55;0;AV GAL OSORIO DE PAIVA;;;0;;Colis?úo;Luz do Dia;;;Meio de Quadra;;;0;1;1;1;0;0;0;0;0;1;0;0;;
270836;8;12;2015;12:56;0;RUA CESARIO LANGE;;;0;;Colis?úo;Luz do Dia;;;Meio de Quadra;;;0;1;1;1;0;0;0;0;0;1;0;0;-3,829385000000000;-38,490431000000000
270827;8;12;2015;11:17;0;AV 13 DE MAIO;;;0;;Colis?úo;Luz do Dia;;;Meio de Quadra;;;0;1;1;1;0;0;0;0;0;1;0;0;-3,750923000000000;-38,527463000000000
267423;8;12;2015;21:00;12699;AV CEL CARVALHO;AV MAJ ASSIS;;0;;Colis?úo;;;;Cruz;Sem?íforo;Residencial;0;1;1;1;0;0;0;0;0;1;0;0;-3,723796000000000;-38,586255000000000
267431;8;12;2015;15:50;0;AV AGUANAMBI;;;1000;;Colis?úo Lateral;Luz do Dia;;;Meio de Quadra;;;0;1;1;1;0;0;0;0;0;1;0;0;-3,745305000000000;-38,525432000000000
267454;8;12;2015;19:00;0;AV DA UNIVERSIDADE;;;0;;Colis?úo Traseira;;;;Meio de Quadra;;;0;0;2;1;0;0;0;0;0;0;0;0;;
267448;8;12;2015;15:10;5468;RUA BAR ARATANHA;RUA ANTONIO POMPEU;;0;;Colis?úo Lateral;Luz do Dia;;;Cruz;Sem?íforo;Residencial;0;0;2;1;0;0;1;0;0;0;0;0;-3,735826000000000;-38,527351000000000
267443;8;12;2015;08:30;7949;RUA OSVALDO CRUZ (ALDEOTA);RUA ISAC AMARAL;;0;;Colis?úo Transversal;Luz do Dia;;;Cruz;Pare;Comercial;0;0;2;1;0;0;0;0;0;0;0;0;-3,752487000000000;-38,505756000000000
267444;8;12;2015;15:30;5099;AV TRISTAO GONCALVES;RUA SEN ALENCAR;;0;;Colis?úo Transversal;Luz do Dia;;;Cruz;Pare;Comercial;0;1;1;0;0;0;0;0;0;1;0;0;-3,723524000000000;-38,532122000000000
267441;8;12;2015;06:40;0;RUA DELMIRO FARIAS;;;735;;Colis?úo Lateral;Luz do Dia;;;Meio de Quadra;;;0;2;1;0;0;0;1;0;0;1;0;0;-3,751704000000000;-38,545949000000000
267438;8;12;2015;16:30;0;AV FRANCISCO SA;;;0;;Colis?úo Lateral;Luz do Dia;;;Meio de Quadra;;;0;0;2;1;0;0;0;0;0;1;0;0;;
267473;8;12;2015;08:30;15292;AV ANTONIO JUSTA;RUA FRE MANSUETO;;0;;Colis?úo Lateral;Luz do Dia;;;Cruz;Pare;Residencial;0;0;2;1;0;0;0;0;0;0;0;0;-3,729381000000000;-38,488950000000000
267474;8;12;2015;19:30;0;AV HEROIS DO ACRE;;;0;;Colis?úo Lateral;;;;Meio de Quadra;;;0;0;2;1;1;0;0;0;0;0;0;0;;
267475;8;12;2015;08:05;0;AV AGUANAMBI;;;3158;;Colis?úo Lateral;Luz do Dia;;;Meio de Quadra;;;0;0;2;1;1;0;0;0;0;0;0;0;;
267490;8;12;2015;14:00;16039;AV PRS COSTA E SILVA;RUA CEL TIBURCIO;;0;;Colis?úo Traseira;Luz do Dia;;;Cruz;Sem?íforo;Outros;0;4;2;0;1;0;0;0;0;0;0;0;-3,812167000000000;-38,573703000000000
267471;8;12;2015;08:00;0;AV LUCIANO CARNEIRO;;;2270;;Engavetamento;Luz do Dia;;;Meio de Quadra;;;0;0;3;1;0;0;0;0;0;0;0;0;-3,768035000000000;-38,537644000000000
267450;8;12;2015;10:30;0;RUA BENI DE CARVALHO;;;216;;Colis?úo Traseira;Luz do Dia;;;Meio de Quadra;;;0;0;2;1;0;0;0;0;0;0;0;0;-3,744858000000000;-38,498553000000000
267466;8;12;2015;06:30;5711;AV OLIVEIRA PAIVA;RUA CHICO LEMOS;;0;;Colis?úo Traseira;Luz do Dia;;;Cruz;Sem?íforo;Comercial;0;0;2;1;0;0;0;0;0;0;0;0;-3,795857000000000;-38,497091000000000
267467;8;12;2015;13:00;11657;AV C CJ CEARA;AV E CJ CEARA;;0;;Colis?úo Transversal;Luz do Dia;;;Cruz;N?úo H?í Controle;Residencial;0;2;2;1;0;0;0;0;0;1;0;0;;
267468;8;12;2015;07:30;0;RUA AQUILES BORIS;;;12;;Engavetamento;Luz do Dia;;;Meio de Quadra;;;0;0;3;1;0;0;0;0;0;0;0;0;-3,768645000000000;-38,547532000000000
267461;8;12;2015;08:10;13420;RUA BAR ARACATI;RUA JOAQUIM TORRES;;0;;Colis?úo Transversal;Luz do Dia;;;Cruz;Pare;Comercial;0;1;1;1;0;0;0;0;0;1;0;0;-3,742151000000000;-38,515085000000000
267462;8;12;2015;14:00;7717;AV JOAO PESSOA;RUA PACAEMBU;;0;;Colis?úo Lateral;Luz do Dia;;;T;Pare;Comercial;0;1;1;1;0;0;0;0;0;1;0;0;-3,765308000000000;-38,559014000000000
267463;8;12;2015;08:10;0;AV PRO JOSE ARTHUR CARVALHO;;;2220;;Colis?úo Lateral;Luz do Dia;;;Meio de Quadra;;;0;2;0;0;0;0;0;0;0;1;0;0;-3,824528000000000;-38,459305000000000
267456;8;12;2015;08:50;17330;RUA BAR SOBRAL;VL GENEZARE;;0;;Colis?úo Lateral;Luz do Dia;;;Com Via F?®rrea;Outros;Residencial;0;0;2;1;0;0;1;0;0;0;0;0;-3,764882000000000;-38,558024000000000
267457;8;12;2015;11:10;0;AV DR SILAS MUNGUBA;;;0;;Colis?úo Lateral;Luz do Dia;;;Meio de Quadra;;;0;0;2;1;0;0;1;0;0;0;0;0;;
267458;8;12;2015;15:00;1716;AV GOV RAUL BARBOSA;AV GAL MURILO BORGES;;0;;Colis?úo Traseira;Luz do Dia;;;Cruz;Sem?íforo;Residencial;0;0;2;1;0;0;1;0;0;0;0;0;-3,763977000000000;-38,508802000000000
267459;8;12;2015;09:30;5191;AV DOM MANUEL;RUA PEREIRA FILGUEIRAS;;0;;Colis?úo Lateral;Luz do Dia;;;Cruz;Sem?íforo;Comercial;0;0;2;1;1;0;0;0;0;0;0;0;-3,725943000000000;-38,520338000000000
267510;8;12;2015;19:00;5415;RUA GAL CLARINDO DE QUEIROZ;RUA FLORIANO PEIXOTO;;0;;Colis?úo Transversal;;;;Cruz;Pare;Comercial;0;1;2;1;0;0;0;0;0;1;0;0;-3,733049000000000;-38,529027000000000
267500;8;12;2015;18:30;1282;AV BAR STUDART;AV SANTOS DUMONT;;0;;Atropelamento;Anoitecer;;;Cruz;Sem?íforo;Comercial;0;1;1;0;0;0;0;0;0;0;0;0;-3,733642000000000;-38,506304000000000
267502;8;12;2015;12:30;0;AV PRO GOMES DE MATOS;;;1666;;Colis?úo Traseira;Luz do Dia;;;Meio de Quadra;;;0;0;3;1;0;0;1;0;0;0;0;0;-3,766147000000000;-38,549894000000000
267507;8;12;2015;13:00;0;RUA AFRODISIO GONDIM;;;0;;Colis?úo Transversal;Luz do Dia;;;Meio de Quadra;;;0;1;1;0;0;0;0;0;0;1;0;0;;
267521;9;12;2015;10:30;1285;AV DOM LUIS;RUA VIS MAUA;;0;;Colis?úo Transversal;Luz do Dia;;;Cruz;Pare;Comercial;0;1;1;1;0;0;0;0;0;1;0;0;-3,732923000000000;-38,498390000000000
267536;9;12;2015;08:40;0;AV DOM LUIS;;;1040;;Colis?úo Transversal;Luz do Dia;;;Meio de Quadra;;;0;1;1;1;0;0;0;0;0;1;0;0;-3,735039000000000;-38,491844000000000
267554;9;12;2015;20:25;84;RUA PDE PERDIGAO SAMPAIO;AV MR HULL;;0;;Colis?úo Traseira;;;;;;;0;0;2;1;1;0;0;0;0;0;0;0;-3,740113000000000;-38,594635000000000
267541;9;12;2015;;0;AV ENG ALBERTO SA;;;714;;Colis?úo Transversal;;;;Meio de Quadra;;;0;0;2;1;0;0;0;0;0;0;0;0;-3,734917000000000;-38,474598000000000
267546;9;12;2015;15:00;0;AV SANTOS DUMONT;;;2750;;Colis?úo Lateral;Luz do Dia;;;Meio de Quadra;;;0;0;2;1;1;0;0;0;0;0;0;0;-3,735628000000000;-38,500238000000000
267544;9;12;2015;20:30;0;AV AGUANAMBI;;;358;;Colis?úo Traseira;;;;Meio de Quadra;;;0;1;2;1;0;0;0;0;0;1;0;0;-3,740220000000000;-38,524995000000000
267663;9;12;2015;09:10;17424;RUA TRES MARIAS D39 (MONTESE);RUA ANTONIO FIUZA;;0;;Colis?úo Traseira;Luz do Dia;;;Cruz;Sem?íforo;Comercial;0;0;2;1;0;0;0;0;0;0;0;0;-3,768452000000000;-38,551577000000000
267671;9;12;2015;13:50;0;AV DOM LUIS;;;600;;Colis?úo Lateral;Luz do Dia;;;Meio de Quadra;;;0;0;2;1;0;0;0;0;0;0;0;0;-3,733589000000000;-38,496317000000000
267666;9;12;2015;09:20;0;AV FRANCISCO SA;;;7630;;Colis?úo Traseira;Luz do Dia;;;Meio de Quadra;;;0;1;1;1;0;0;0;0;0;1;0;0;-3,706312000000000;-38,586168000000000
267650;9;12;2015;12:00;0;AV DOMINGOS OLIMPIO;;;1021;;Colis?úo Lateral;Luz do Dia;;;Meio de Quadra;;;0;0;2;1;0;0;0;0;0;0;0;0;-3,736095000000000;-38,532741000000000
267659;9;12;2015;18:00;20042;AV PRS JUSCELINO KUBITSCHEK (PASSAR?ë);AV DEP PAULINO ROCHA;;0;;Colis?úo Lateral;Anoitecer;;;;;;0;0;2;1;0;0;0;0;0;1;0;0;-3,807229000000000;-38,524782000000000
267660;9;12;2015;18:20;1325;AV SANTOS DUMONT;RUA JOAQUIM NABUCO;;0;;Atropelamento;Anoitecer;;;Cruz;Sem?íforo;Comercial;0;1;1;1;0;0;0;0;0;0;0;0;-3,735295000000000;-38,501285000000000
267640;9;12;2015;07:00;5436;RUA JAIME BENEVOLO;RUA GAL CLARINDO DE QUEIROZ;;0;;Colis?úo Transversal;Luz do Dia;;;Cruz;Pare;Comercial;0;1;1;1;0;0;0;0;0;1;0;0;-3,734060000000000;-38,526017000000000
267634;9;12;2015;08:10;0;AV HIS RAIMUNDO GIRAO;;;1680;;Atropelamento;Luz do Dia;;;Meio de Quadra;;;0;2;1;0;0;0;0;0;0;1;0;0;;
267628;9;12;2015;09:45;18303;AV ALM BARROSO;RUA ITAPIPOCA;;0;;Colis?úo Lateral;Luz do Dia;;;T;N?úo H?í Controle;Comercial;0;1;1;0;0;0;0;0;0;1;0;0;-3,720403000000000;-38,516762000000000
267609;9;12;2015;15:35;12459;AV SEN FERNANDES TAVORA;RUA MOZART FIRMEZA;;0;;Colis?úo Lateral;Luz do Dia;;;;;;0;1;1;1;0;0;0;0;0;1;0;0;;
267610;9;12;2015;11:20;5080;RUA GUILHERME ROCHA;AV FILOMENO GOMES;;0;;Colis?úo Lateral;Luz do Dia;;;Cruz;Pare;Comercial;0;0;2;1;1;0;0;0;0;0;0;0;-3,722742000000000;-38,541044000000000
267611;9;12;2015;07:30;0;AV DR SILAS MUNGUBA;;;2800;;Colis?úo Traseira;Luz do Dia;;;Meio de Quadra;;;0;1;1;0;0;0;0;0;0;1;0;0;-3,787232000000000;-38,548557000000000
267612;9;12;2015;20:00;23009;RUA BRUNO VALENTE;RUA ANITA GARIBALDI;;0;;Colis?úo Transversal;;;;Cruz;Pare;Residencial;0;1;1;1;0;0;0;0;0;1;0;0;-3,788221000000000;-38,539228000000000
267613;9;12;2015;09:15;4007;RUA ALBERTO MAGNO;RUA DES PRAXEDES;;0;;Colis?úo Lateral;Luz do Dia;;;Cruz;Sem?íforo;Comercial;0;1;1;1;0;0;0;0;0;1;0;0;-3,761230000000000;-38,546795000000000
267603;9;12;2015;13:30;0;RUA VERBENA;;;713;;Colis?úo Traseira;Luz do Dia;;;Meio de Quadra;;;0;1;1;0;0;0;1;0;0;0;0;0;-3,783319000000000;-38,589385000000000
267587;9;12;2015;07:20;0;RUA DOM QUINTINO;;;83;;Colis?úo Lateral;Luz do Dia;;;Meio de Quadra;;;0;0;2;1;0;0;1;0;0;0;0;0;-3,713629000000000;-38,546655000000000
267590;9;12;2015;09:30;0;RUA CAP NESTOR GOIS;;;717;;Choque c/ Obst?ículo Fixo;Luz do Dia;;;Meio de Quadra;;;0;0;5;0;0;0;1;0;0;1;0;0;-3,725943000000000;-38,560601000000000
267705;9;12;2015;10:00;0;AV DEP PAULINO ROCHA;;;0;;Colis?úo Lateral;Luz do Dia;;;Meio de Quadra;;;0;0;2;1;0;0;1;0;0;0;0;0;;
267707;9;12;2015;20:30;0;AV JOSE BASTOS;;;2830;;Colis?úo Lateral;;;;Meio de Quadra;;;0;0;2;1;0;0;0;0;0;1;0;0;-3,745517000000000;-38,545937000000000
267688;9;12;2015;08:00;26142;AV ODILON GUIMARAES;TR PEDRO LOPES (D64);;0;;Colis?úo Lateral;Luz do Dia;;;;;;0;0;2;1;0;0;0;0;0;1;0;0;;
267683;9;12;2015;13:00;11932;AV PRS COSTA E SILVA;AV CASTELO DE CASTRO;;0;;Colis?úo Traseira;Luz do Dia;;;Cruz;Sem?íforo;Misto;0;1;1;1;0;0;0;0;0;1;0;0;-3,829012000000000;-38,521435000000000
267673;9;12;2015;15:00;0;RUA PDE VALDEVINO;;;1860;;Colis?úo Traseira;Luz do Dia;;;Meio de Quadra;;;0;0;2;1;0;0;0;0;0;0;0;0;-3,741982000000000;-38,507772000000000
267675;9;12;2015;08:40;5246;RUA PEREIRA FILGUEIRAS;RUA GONCALVES LEDO;;0;;Colis?úo Transversal;Luz do Dia;;;Cruz;Pare;Comercial;0;0;2;1;0;0;0;0;0;0;0;0;-3,727667000000000;-38,515004000000000
267676;9;12;2015;18:30;0;AV JOAO PESSOA;;;6943;;Colis?úo Transversal;Anoitecer;;;Meio de Quadra;;;0;0;2;1;0;0;0;0;0;0;0;0;-3,770280000000000;-38,561064000000000
267677;9;12;2015;10:30;25888;AV JOAO PESSOA;RUA 15 DE NOVEMBRO;;0;;Colis?úo Traseira;Luz do Dia;;;T;N?úo H?í Controle;Comercial;0;0;2;0;1;0;0;0;0;0;0;0;-3,767432000000000;-38,559885000000000
267678;9;12;2015;10:00;24990;AV PRS COSTA E SILVA;AV PRS JUSCELINO KUBITSCHEK (PASSAR?ë);;0;;Colis?úo Traseira;Luz do Dia;;;T;Sem?íforo;Residencial;0;0;2;1;0;0;0;0;0;0;0;0;-3,825648000000000;-38,539516000000000
267709;9;12;2015;21:45;5076;RUA DR JOAO MOREIRA;RUA SEN POMPEU;;0;;Colis?úo Traseira;;;;Cruz;Sem?íforo Intermitente;Comercial;0;0;2;0;0;0;0;0;0;0;0;0;-3,722400000000000;-38,528275000000000
267231;9;12;2015;20:00;0;AV GAL OSORIO DE PAIVA;;;7475;;Colis?úo Traseira;;;;Meio de Quadra;;;0;1;1;1;0;0;0;0;0;0;0;0;-3,817371000000000;-38,614329000000000
270846;9;12;2015;13:41;0;AV CEL CARVALHO;;;210;TERMINAL ANTONIO BEZERRA;Engavetamento;Luz do Dia;;;Meio de Quadra;;;0;1;2;1;0;0;0;0;0;0;0;0;-3,704697000000000;-38,591232000000000
270952;9;12;2015;01:24;0;AV JOSE BASTOS;;;0;;Queda;;;;Meio de Quadra;;;0;1;0;0;0;0;0;0;0;1;0;0;-3,745517000000000;-38,545937000000000
270953;9;12;2015;07:22;0;AV GAL OSORIO DE PAIVA;;;0;;Colis?úo;Luz do Dia;;;Meio de Quadra;;;0;1;1;1;0;0;0;0;0;1;0;0;-3,814927000000000;-38,611970000000000
270956;9;12;2015;07:23;0;AV AUGUSTO DOS ANJOS;;;0;;Atropelamento;Luz do Dia;;;Meio de Quadra;;;0;1;1;0;0;0;0;0;0;1;0;0;-3,771423000000000;-38,571264000000000
271003;9;12;2015;09:04;0;RUA RAIMUNDO BIZARRIA;;;0;;Colis?úo;Luz do Dia;;;Meio de Quadra;;;0;1;1;1;0;0;0;0;0;1;0;0;-3,728772000000000;-38,580365000000000
270987;9;12;2015;07:31;6744;RUA BENTO ALBUQUERQUE;RUA BATISTA DE OLIVEIRA;;0;;Atropelamento;Luz do Dia;;;Cruz;Sem?íforo;Residencial;0;1;1;1;0;0;0;0;0;0;0;0;-3,744448000000000;-38,481027000000000
270999;9;12;2015;08:41;0;RUA PEDRO DANTAS;;;0;;Atropelamento de Animal;Luz do Dia;;;Meio de Quadra;;;0;1;0;0;0;0;0;0;0;1;0;0;-3,786142000000000;-38,520633000000000
271084;9;12;2015;21:50;0;RUA VASCO DE ATAIDE;;;0;;Colis?úo;;;;Meio de Quadra;;;0;1;0;0;0;0;0;0;0;0;0;0;-3,824139000000000;-38,486060000000000
271085;9;12;2015;22:49;0;AV ANTONIO SALES;;;0;;;;;;Meio de Quadra;;;0;1;0;0;0;0;0;0;0;1;0;0;-3,744498000000000;-38,505472000000000
271061;9;12;2015;21:37;0;AV ALM BARROSO;;;0;;Colis?úo;;;;Meio de Quadra;;;0;1;1;1;0;0;0;0;0;1;0;0;-3,720393000000000;-38,516680000000000
271058;9;12;2015;20:33;0;AV WASHINGTON SOARES;;;0;;Queda;;;;Meio de Quadra;;;0;1;0;0;0;0;0;0;0;1;0;0;;
271056;9;12;2015;20:04;1378;RUA DES LEITE ALBUQUERQUE;RUA OSVALDO CRUZ (ALDEOTA);;0;;Colis?úo;;;;Cruz;Pare;Comercial;0;1;0;0;0;0;0;0;0;0;0;0;-3,736598000000000;-38,500640000000000
271054;9;12;2015;18:49;17573;RUA MARANHAO;RUA ESTADO DO RIO;;0;;Colis?úo;;;;;;;0;1;0;0;0;0;0;0;0;1;0;0;-3,754149000000000;-38,568106000000000
271029;9;12;2015;11:28;0;RUA FRE JOSE MARIA;;;0;;Colis?úo;Luz do Dia;;;Meio de Quadra;;;0;1;0;0;0;0;0;0;0;1;0;0;;
271032;9;12;2015;17:06;0;RUA CEL MATOS DOURADO;;;0;;Colis?úo;Anoitecer;;;Meio de Quadra;;;0;1;1;1;0;0;0;0;0;1;0;0;-3,742719000000000;-38,585109000000000
271034;9;12;2015;17:13;0;AV WASHINGTON SOARES;;;0;;Colis?úo;Anoitecer;;;Meio de Quadra;;;0;1;1;1;0;0;0;0;0;1;0;0;;