COD_ACIDENTE;DIA;MES;ANO;HORA;INTERSECAO;LOG1;LOG2;LOG3;NUMERO;REFERENCIA;NATUREZA;ILUMINACAO;TEMPO;SUPERFICIEPISTA;TIPOCRUZAMENTO;CONTROLETRAFEGO;USOSOLO;MORTOS;FERIDOS;ILESOS;AUTOMOVEL;ONIBUS;BICICLETA;CAMINHAO;MICROONIBUS;CICLOMOTOR;MOTOCICLETA;TRACAOANIMAL;TREM;LATITUDE;LONGITUDE
271024;9;12;2015;10:57;0;AV SGT HERMINIO SAMPAIO;;;0;;Colis?úo;Luz do Dia;;;Meio de Quadra;;;0;1;1;1;0;0;0;0;0;1;0;0;;
271022;9;12;2015;10:31;0;RUA VALPARAISO;;;0;;Colis?úo;Luz do Dia;;;Meio de Quadra;;;0;1;1;1;0;0;0;0;0;1;0;0;;
271018;9;12;2015;09:31;0;AV PRS CASTELO BRANCO;;;0;;Colis?úo;Luz do Dia;;;Meio de Quadra;;;0;1;1;1;0;0;0;0;0;1;0;0;-3,706187000000000;-38,574445000000000
271019;9;12;2015;10:08;0;RUA MON SALAZAR;;;0;;Colis?úo;Luz do Dia;;;Meio de Quadra;;;0;1;1;1;0;0;0;0;0;1;0;0;-3,755860000000000;-38,511242000000000
272633;9;12;2015;07:13;17748;RUA 107 CJ TUPAN MIRIM;RUA 110 CJ TUPAN MIRIM;;0;;Colis?úo;Luz do Dia;;;;;;0;0;2;0;0;0;0;0;0;0;0;0;-3,802247000000000;-38,546299000000000
272658;9;12;2015;15:57;0;RUA GAL ALIPIO DOS SANTOS;;;0;;Colis?úo;Luz do Dia;;;Meio de Quadra;;;0;0;2;0;0;0;0;0;0;0;0;0;;
272659;9;12;2015;16:12;0;RUA PRO RAIMUNDO ARRUDA;;;0;;Colis?úo;Luz do Dia;;;Meio de Quadra;;;0;0;2;0;0;0;0;0;0;0;0;0;;
272662;9;12;2015;16:40;0;RUA MOZART FIRMEZA;;;0;;Colis?úo;Luz do Dia;;;Meio de Quadra;;;0;0;2;0;0;0;0;0;0;0;0;0;;
272663;9;12;2015;18:06;0;AV CONTORNO LESTE;;;0;;Colis?úo;Anoitecer;;;Meio de Quadra;;;0;0;2;0;0;0;0;0;0;0;0;0;;
272664;9;12;2015;18:12;3957;RUA RAUL UCHOA;RUA EUZEBIO DE QUEIROS;;0;;Atropelamento;Anoitecer;;;Cruz;Pare;Residencial;0;0;2;0;0;0;0;0;0;0;0;0;-3,759086000000000;-38,547203000000000
272642;9;12;2015;11:04;0;RUA VALPARAISO;;;0;;Colis?úo;Luz do Dia;;;Meio de Quadra;;;0;0;2;0;0;0;0;0;0;0;0;0;;
272643;9;12;2015;11:05;0;AV GAL OSORIO DE PAIVA;;;0;;Colis?úo;Luz do Dia;;;Meio de Quadra;;;0;0;2;0;0;0;0;0;0;0;0;0;;
272644;9;12;2015;11:34;25102;AV FRANCISCO SA;AV FILOMENO GOMES;;0;;Colis?úo;Luz do Dia;;;Cruz;Sem?íforo;Comercial;0;0;2;0;0;0;0;0;0;0;0;0;-3,722742000000000;-38,541044000000000
272637;9;12;2015;09:45;0;RUA MONTE LIBANO;;;0;;Colis?úo;Luz do Dia;;;Meio de Quadra;;;0;0;2;0;0;0;0;0;0;0;0;0;;
272638;9;12;2015;10:28;23401;RUA FIS VIEIRA;RUA CAP TIBURCIO DA FROTA;;0;;Colis?úo;Luz do Dia;;;Cruz;Pare;Residencial;0;0;2;0;0;0;0;0;0;0;0;0;-3,755115000000000;-38,515629000000000
272639;9;12;2015;10:54;0;RUA WALDIR DIOGO;;;0;;Colis?úo;Luz do Dia;;;Meio de Quadra;;;0;0;2;0;0;0;0;0;0;0;0;0;;
272651;9;12;2015;13:16;0;AV BENJAMIM BRASIL;;;0;;Colis?úo;Luz do Dia;;;Meio de Quadra;;;0;0;2;0;0;0;0;0;0;0;0;0;;
272653;9;12;2015;15:24;25345;RUA PORTO VELHO;RUA VITORIA (AV. PERIMETRAL);;0;;Colis?úo;Luz do Dia;;;Cruz;Sem?íforo;Residencial;0;0;2;0;0;0;0;0;0;0;0;0;-3,765170000000000;-38,588528000000000
272655;9;12;2015;15:41;0;AV SEN FERNANDES TAVORA;;;0;;Colis?úo;Luz do Dia;;;Meio de Quadra;;;0;0;2;0;0;0;0;0;0;0;0;0;;
272635;9;12;2015;07:55;4842;RUA CON DE CASTRO;RUA CORACAO DE MARIA;;0;;Colis?úo;Luz do Dia;;;Cruz;Pare;Residencial;0;0;2;0;0;0;0;0;0;0;0;0;-3,810035000000000;-38,596258000000000
272646;9;12;2015;11:51;18513;RUA MEXICO;RUA FRE JOSE MARIA;;0;;Colis?úo;Luz do Dia;;;Cruz;Pare;Residencial;0;0;2;0;0;0;0;0;0;0;0;0;-3,735020000000000;-38,575070000000000
272647;9;12;2015;12:18;0;LOGRADOURO SEM NOME;;;0;;Colis?úo;Luz do Dia;;;Meio de Quadra;;;0;0;2;0;0;0;0;0;0;0;0;0;;
272648;9;12;2015;12:57;0;AV CEL CARVALHO;;;0;;Colis?úo;Luz do Dia;;;Meio de Quadra;;;0;0;2;0;0;0;0;0;0;0;0;0;;
271349;9;12;2015;08:00;0;AV SEN CARLOS JEREISSATI (AEROPORTO);;;0;KM 02;Colis?úo;Luz do Dia;;Seca;Meio de Quadra;;;0;0;2;1;0;0;0;0;0;0;0;0;-3,783932000000000;-38,529156000000000
259440;9;12;2015;07:20;0;RD BR 222;;;0;KM-02;Colis?úo Traseira;Luz do Dia;Bom;Seca;Meio de Quadra;N?úo H?í Controle;Comercial;0;0;3;1;1;0;0;0;0;0;0;0;-3,738951000000000;-38,586880000000000
271369;10;12;2015;15:50;0;RD CE-060;;;0;KM-02;Colis?úo;Luz do Dia;;Seca;Meio de Quadra;;;0;0;2;1;0;0;0;0;0;0;0;0;-3,828028000000000;-38,580009000000000
271362;10;12;2015;09:05;0;AV MIN JOSE AMERICO;;;0;;Colis?úo;Luz do Dia;;Seca;Meio de Quadra;;;0;0;2;1;0;0;0;0;0;0;0;0;;
272666;10;12;2015;08:12;0;AV SEN FERNANDES TAVORA;;;0;;Colis?úo;Luz do Dia;;;Meio de Quadra;;;0;0;2;0;0;0;0;0;0;0;0;0;;
272668;10;12;2015;08:13;0;RUA DES OTACILIO PEIXOTO;;;0;;Colis?úo;Luz do Dia;;;Meio de Quadra;;;0;0;2;0;0;0;0;0;0;0;0;0;;
272683;10;12;2015;09:40;9559;RUA BARRA VERMELHA;RUA TEODORO DE CASTRO;;0;;Colis?úo;Luz do Dia;;;Cruz;Pare;Comercial;0;0;2;0;0;0;0;0;0;0;0;0;-3,777820000000000;-38,612011000000000
272670;10;12;2015;08:42;0;RUA BAR CRATO;;;0;;Colis?úo;Luz do Dia;;;Meio de Quadra;;;0;0;2;0;0;0;0;0;0;0;0;0;;
272685;10;12;2015;11:04;1321;RUA MARCOS MACEDO;RUA VICENTE LEITE;;0;;Colis?úo;Luz do Dia;;;Cruz;Pare;Comercial;0;0;2;0;0;0;0;0;0;0;0;0;-3,735201000000000;-38,494787000000000
272691;10;12;2015;11:21;0;AV BEZERRA DE MENEZES;;;0;;Atropelamento;Luz do Dia;;;Meio de Quadra;;;0;0;2;0;0;0;0;0;0;0;0;0;;
272689;10;12;2015;11:12;0;AV PERIMETRAL;;;0;;Colis?úo;Luz do Dia;;;Meio de Quadra;;;0;0;2;0;0;0;0;0;0;0;0;0;;
272706;10;12;2015;16:11;0;AV MOZART PINHEIRO DE LUCENA;;;0;;Colis?úo;Luz do Dia;;;Meio de Quadra;;;0;0;2;0;0;0;0;0;0;0;0;0;;
272708;10;12;2015;21:38;0;RUA BOM JESUS (GRANJA LISBOA);;;1518;;Colis?úo;;;;Meio de Quadra;;;0;0;2;0;0;0;0;0;0;0;0;0;-3,793104000000000;-38,605213000000000
272710;10;12;2015;21:42;23376;RUA EDUARDO BEZERRA;RUA BARROS LEAL;;0;;Choque c/ Obst?ículo Fixo;;;;;;;0;0;2;0;0;0;0;0;0;0;0;0;-3,754385000000000;-38,519178000000000
272711;10;12;2015;22:13;1603;RUA VICENTE LINHARES;RUA PRO DIAS DA ROCHA;;0;;Colis?úo;;;;Cruz;Pare;Rural;0;0;2;0;0;0;0;0;0;0;0;0;-3,744049000000000;-38,494402000000000
272699;10;12;2015;15:13;10774;AV SEN FERNANDES TAVORA;RUA ANTONIO IVO;;0;;Colis?úo;Luz do Dia;;;Cruz;N?úo H?í Controle;Residencial;0;0;2;0;0;0;0;0;0;0;0;0;-3,762109000000000;-38,582305000000000
272702;10;12;2015;15:15;0;AV ANTONIO SALES;;;0;;Atropelamento;Luz do Dia;;;Meio de Quadra;;;0;0;2;0;0;0;0;0;0;0;0;0;;
272703;10;12;2015;15:34;0;RUA FELIPE NERY;;;0;;Colis?úo;Luz do Dia;;;Meio de Quadra;;;0;0;2;0;0;0;0;0;0;0;0;0;;
272704;10;12;2015;15:41;19074;RUA SOLON ONOFRE;RUA TARCISIO BONFIM;;0;;Colis?úo;Luz do Dia;;;Cruz;N?úo H?í Controle;Residencial;0;0;2;0;0;0;0;0;0;0;0;0;-3,737153000000000;-38,474293000000000
272696;10;12;2015;11:24;0;RUA INACIO PARENTE;;;0;;Colis?úo;Luz do Dia;;;Meio de Quadra;;;0;0;2;0;0;0;0;0;0;0;0;0;;
271086;10;12;2015;06:56;0;RD BR 116;;;2000;KM-02;Colis?úo;Luz do Dia;;;Meio de Quadra;;;0;1;1;1;0;0;0;0;0;1;0;0;-3,771391000000000;-38,516780000000000
271087;10;12;2015;07:20;0;RUA JORGE DUMAR;;;0;;Colis?úo;Luz do Dia;;;Meio de Quadra;;;0;0;1;0;0;0;0;0;0;0;0;0;;
271088;10;12;2015;07:34;0;RUA MANUEL SATIRO;;;0;;Queda;Luz do Dia;;;Meio de Quadra;;;0;1;0;0;0;0;0;0;0;1;0;0;-3,798485000000000;-38,575115000000000
271097;10;12;2015;09:57;0;RUA LUIZA MIRANDA COELHO;;;0;;Colis?úo;Luz do Dia;;;Meio de Quadra;;;0;1;1;1;0;0;0;0;0;1;0;0;-3,775148000000000;-38,486530000000000
271091;10;12;2015;08:58;0;RUA AUDISIO PINHEIRO;;;0;;Colis?úo;Luz do Dia;;;Meio de Quadra;;;0;1;1;1;0;0;0;0;0;1;0;0;-3,764474000000000;-38,591941000000000
271116;10;12;2015;12:30;11152;RUA MANUEL TEOFILO;RUA PRIMEIRO DE JANEIRO;;0;;Colis?úo;Luz do Dia;;;;;;0;1;1;1;0;0;0;0;0;1;0;0;-3,785890000000000;-38,562589000000000
271130;10;12;2015;19:16;638;RUA ANA FACO;RUA ENG JOAO NOGUEIRA;;0;;Colis?úo;;;;Cruz;Pare;Residencial;0;1;1;1;0;0;0;0;0;1;0;0;-3,713608000000000;-38,562996000000000
271127;10;12;2015;18:24;12431;RUA MARIO DA SILVEIRA;RUA RIO GRANDE DO SUL;;0;;Colis?úo;Anoitecer;;;Cruz;Pare;Comercial;0;1;1;1;0;0;0;0;0;1;0;0;-3,765984000000000;-38,571640000000000
271128;10;12;2015;18:53;0;RUA CEL MATOS DOURADO;;;0;;Queda;;;;Meio de Quadra;;;0;1;0;0;0;0;0;0;0;1;0;0;-3,745012000000000;-38,584869000000000
271123;10;12;2015;17:38;0;AV ZEZE DIOGO;;;0;;Colis?úo;Anoitecer;;;Meio de Quadra;;;0;1;1;1;0;0;0;0;0;1;0;0;;
271124;10;12;2015;18:15;0;RUA PIAULINO;;;0;;Colis?úo;Anoitecer;;;Meio de Quadra;;;0;1;1;1;0;0;0;0;0;1;0;0;;
271118;10;12;2015;14:47;0;RUA ARTUR DE CARVALHO;;;0;;Colis?úo;Luz do Dia;;;Meio de Quadra;;;0;1;1;1;0;0;0;0;0;1;0;0;-3,760848000000000;-38,534657000000000
271119;10;12;2015;15:02;0;AV ANTONIO SALES;;;0;;Colis?úo;Luz do Dia;;;Meio de Quadra;;;0;1;0;0;0;0;0;0;0;0;0;0;-3,740182000000000;-38,519314000000000
271120;10;12;2015;17:20;0;AV MAJ ASSIS;;;0;;Atropelamento;Anoitecer;;;Meio de Quadra;;;0;1;1;1;0;0;0;0;0;0;0;0;-3,720567000000000;-38,600510000000000
271095;10;12;2015;09:56;0;RUA DUARTE PIMENTEL;;;0;;Queda;Luz do Dia;;;Meio de Quadra;;;0;1;0;0;0;0;0;0;0;1;0;0;-3,781304000000000;-38,542347000000000
271100;10;12;2015;10:39;0;RUA MOURA MATOS;;;0;;Colis?úo;Luz do Dia;;;Meio de Quadra;;;0;1;0;0;0;0;0;0;0;1;0;0;-3,815524000000000;-38,540055000000000
271101;10;12;2015;12:12;0;RUA EMILIA GONCALVES;;;0;;Colis?úo;Luz do Dia;;;Meio de Quadra;;;0;1;1;1;0;0;0;0;0;1;0;0;-3,726767000000000;-38,595531000000000
267856;10;12;2015;17:30;21345;RUA JOSE SOMBRA;RUA DOM MANUEL DE MEDEIROS;;0;;Colis?úo Transversal;Anoitecer;;;Cruz;Pare;Residencial;0;0;2;1;0;0;0;0;0;0;0;0;-3,735546000000000;-38,546780000000000
267862;10;12;2015;21:00;0;AV BORGES DE MELO;;;0;;Colis?úo Lateral;;;;Meio de Quadra;;;0;0;2;1;0;0;0;0;0;0;0;0;;
267867;10;12;2015;11:00;22880;RUA INACIO PARENTE;RUA ANTONIO BENTO;;0;;Colis?úo Transversal;Luz do Dia;;;;;;0;0;2;1;1;0;0;0;0;0;0;0;-3,780889000000000;-38,547189000000000
267896;10;12;2015;15:50;1566;RUA PDE VALDEVINO;RUA SILVA PAULET;;0;;Colis?úo Transversal;Luz do Dia;;;Cruz;Pare;Comercial;0;0;2;1;0;0;0;0;0;0;0;0;-3,741957000000000;-38,507851000000000
267891;10;12;2015;13:40;10957;RUA ALM RUBIM;RUA VILA LOBOS;;0;;Colis?úo Lateral;Luz do Dia;;;T;Pare;Residencial;0;0;2;1;0;0;0;0;0;0;0;0;-3,772137000000000;-38,557081000000000
267893;10;12;2015;18:20;0;RUA PAULO MENDES;;;155;;Colis?úo Traseira;Anoitecer;;;Meio de Quadra;;;0;1;1;1;0;0;0;0;0;1;0;0;;
267894;10;12;2015;14:30;25154;RUA VICENTE LEITE;RUA BENI DE CARVALHO;;0;;Colis?úo Lateral;Luz do Dia;;;Cruz;Pare;Residencial;0;1;1;1;0;0;0;0;0;1;0;0;-3,745037000000000;-38,497966000000000
267911;10;12;2015;09:00;1428;RUA MON CATAO;RUA MARIA TOMASIA;;0;;Colis?úo Transversal;Luz do Dia;;;Cruz;Pare;Residencial;0;1;1;1;0;0;0;0;0;1;0;0;-3,737741000000000;-38,490242000000000
267912;10;12;2015;19:00;0;AV DOM LUIS;;;502;PRACA PORTUGAL;Colis?úo Lateral;;;;Meio de Quadra;;;0;0;2;1;1;0;0;0;0;0;0;0;-3,733243000000000;-38,497304000000000
267913;10;12;2015;11:40;0;RUA DR JUSTA ARAUJO D45;;;644;;Colis?úo Traseira;Luz do Dia;;;Meio de Quadra;;;0;0;2;1;0;0;0;0;0;0;0;0;-3,781392000000000;-38,552128000000000
267883;10;12;2015;11:00;0;RUA MOURA MATOS;;;0;;Colis?úo Lateral;Luz do Dia;;;Meio de Quadra;;;0;2;0;0;0;0;0;0;0;1;0;0;-3,816690000000000;-38,538699000000000
267869;10;12;2015;12:50;0;AV DOM MANUEL;;;145;;Colis?úo Traseira;Luz do Dia;;;Meio de Quadra;;;0;0;3;1;0;0;0;0;0;0;0;0;-3,725502000000000;-38,520198000000000
267918;10;12;2015;13:45;5357;RUA MAJ FACUNDO;RUA PEDRO I;;0;;Colis?úo Lateral;Luz do Dia;;;Cruz;Pare;Comercial;0;0;2;1;0;0;0;0;0;0;0;0;-3,731113000000000;-38,528990000000000
267915;10;12;2015;13:05;18804;RUA VALPARAISO;RUA CAMPINENSE;;0;;Colis?úo Transversal;Luz do Dia;;;T;N?úo H?í Controle;Comercial;0;1;1;1;0;0;0;0;0;1;0;0;-3,846155000000000;-38,522355000000000
267916;10;12;2015;14:30;26244;AV PRO JOSE ARTHUR CARVALHO;RUA RAQUEL FLORENCIO;;0;;Colis?úo Transversal;Luz do Dia;;;;;;0;1;1;0;0;0;0;0;0;1;0;0;-3,823682000000000;-38,455233000000000
267710;10;12;2015;14:00;0;AV ALBERTO NEPOMUCENO;;;56;;Outros;Luz do Dia;;;Meio de Quadra;;;0;0;1;0;0;0;1;0;0;0;0;0;-3,721788000000000;-38,523501000000000
267713;10;12;2015;00:05;20023;AV DR SILAS MUNGUBA;AV HEROIS DO ACRE;;0;;Colis?úo Traseira;;;;Cruz;Sem?íforo;Comercial;0;3;0;1;0;0;0;0;0;0;0;0;-3,803079000000000;-38,528540000000000
267717;10;12;2015;13:30;4189;AV PRS CASTELO BRANCO;RUA FRANCISCO CORDEIRO;;0;;Colis?úo Lateral;Luz do Dia;;;Cruz;Pare;Comercial;0;1;1;1;0;0;0;0;0;1;0;0;-3,713113000000000;-38,550593000000000
267732;10;12;2015;17:30;0;AV DOMINGOS OLIMPIO;;;0;;Engavetamento;Anoitecer;;;Meio de Quadra;;;0;1;2;1;0;0;0;0;0;1;0;0;;
267752;10;12;2015;17:30;5402;RUA VINTE E QUATRO DE MAIO;RUA METON DE ALENCAR;;0;;Colis?úo Transversal;Anoitecer;;;Cruz;Pare;Escola;0;1;2;1;0;0;0;0;0;0;0;0;-3,732626000000000;-38,533848000000000
267736;10;12;2015;19:10;6817;RUA FRANCISCO MATOS;RUA BENTO ALBUQUERQUE;;0;;Colis?úo Transversal;;;;Cruz;Pare;Residencial;0;1;1;1;0;0;0;0;0;1;0;0;-3,747862000000000;-38,470436000000000
267754;10;12;2015;08:00;0;RUA METON DE ALENCAR;;;0;;Colis?úo Lateral Sentido Oposto;Luz do Dia;;;Meio de Quadra;;;0;0;2;1;0;0;0;0;0;0;0;0;;
267825;10;12;2015;20:30;0;AV AUGUSTO DOS ANJOS;;;1140;;Colis?úo Lateral;;;;Meio de Quadra;;;0;1;1;1;0;0;0;0;0;1;0;0;-3,777069000000000;-38,576448000000000
267822;10;12;2015;09:30;24968;AV ALM HENRIQUE SABOIA;RUA VILEBALDO AGUIAR;;0;;Colis?úo Lateral;Luz do Dia;;;Cruz;N?úo H?í Controle;Residencial;0;1;1;0;0;0;1;0;0;1;0;0;-3,740626000000000;-38,487544000000000
267838;10;12;2015;18:00;3779;RUA ANTONIO POMPEU;RUA VINTE E QUATRO DE MAIO;;0;;Colis?úo Transversal;Anoitecer;;;Cruz;Pare;Comercial;0;1;1;0;0;0;0;0;0;1;0;0;-3,733667000000000;-38,534186000000000
267830;10;12;2015;19:30;0;AV GAL OSORIO DE PAIVA;;;3398;;Engavetamento;;;;Meio de Quadra;;;0;0;3;1;0;0;0;1;0;0;0;0;-3,790954000000000;-38,588687000000000
267764;10;12;2015;17:40;0;AV ANTONIO SALES;;;0;;Colis?úo Lateral;Anoitecer;;;Meio de Quadra;;;0;0;2;1;0;0;1;0;0;0;0;0;;
267769;10;12;2015;20:00;0;RUA VALMIR PONTES;;;0;;Colis?úo Lateral;;;;Meio de Quadra;;;0;1;2;1;0;0;0;0;0;1;0;0;;
267766;10;12;2015;20:45;0;RUA DEP OSWALDO STUDART;;;848;RODOVI?üRIA;Colis?úo Lateral;;;;Meio de Quadra;;;0;0;2;1;0;0;0;0;0;0;0;0;-3,756879000000000;-38,531072000000000
267775;10;12;2015;07:00;0;AV BORGES DE MELO;;;822;POLICIA FEDERAL;Colis?úo Lateral;Luz do Dia;;;Meio de Quadra;;;0;0;2;1;1;0;0;0;0;0;0;0;-3,760611000000000;-38,526568000000000
267846;10;12;2015;09:30;0;AV OLAVO BILAC;;;0;;Colis?úo Transversal;Luz do Dia;;;Meio de Quadra;;;0;0;2;1;0;0;0;0;0;1;0;0;;
273549;10;12;2015;11:40;0;AV AGUANAMBI;;;0;;Colis?úo Lateral;Luz do Dia;Bom;Seca;Meio de Quadra;N?úo H?í Controle;Comercial;0;0;2;1;0;0;0;0;0;0;0;0;;
267928;11;12;2015;18:00;15175;AV ABOLICAO;RUA NUNES VALENTE;;0;;Colis?úo Traseira;Anoitecer;;;Cruz;Pare;Misto;0;0;2;1;0;0;0;0;0;0;0;0;-3,725750000000000;-38,500384000000000
267929;11;12;2015;17:00;1490;RUA CEL JUCA;RUA DES LEITE ALBUQUERQUE;;0;;Colis?úo Transversal;Anoitecer;;;Cruz;Pare;Misto;0;0;2;1;0;0;0;0;0;0;0;0;-3,739434000000000;-38,491875000000000
267925;11;12;2015;18:30;0;AV PRS CASTELO BRANCO;;;2045;;Colis?úo Lateral;Anoitecer;;;Meio de Quadra;;;0;0;2;1;0;0;1;0;0;0;0;0;-3,714657000000000;-38,546256000000000
267922;11;12;2015;18:45;0;AV NORTE;;;0;;Colis?úo Lateral;;;;Meio de Quadra;;;0;0;2;1;0;0;0;0;0;0;0;0;;
267947;11;12;2015;08:00;0;RUA JOSE VILAR;;;0;;Colis?úo Transversal;Luz do Dia;;;Meio de Quadra;;;0;0;2;1;0;0;0;0;0;0;0;0;;
267950;11;12;2015;10:45;0;AV GODOFREDO MACIEL;;;3973;;Colis?úo Lateral;Luz do Dia;;;Meio de Quadra;;;0;0;2;1;0;0;0;1;0;0;0;0;-3,810009000000000;-38,574153000000000
267942;11;12;2015;15:30;0;RUA SOLON PINHEIRO;;;1275;;Engavetamento;Luz do Dia;;;Meio de Quadra;;;0;0;3;1;0;0;0;0;0;0;0;0;-3,741698000000000;-38,530107000000000
267934;11;12;2015;15:00;17300;RUA ROMEU MARTINS;RUA ZACARIAS GONDIM;;0;;Colis?úo Transversal;Luz do Dia;;;Cruz;Pare;Residencial;0;0;3;1;0;0;0;0;0;0;0;0;-3,763760000000000;-38,556313000000000
267932;11;12;2015;17:40;0;AV PRS CASTELO BRANCO;;;3514;;Colis?úo Lateral;Anoitecer;;;Meio de Quadra;;;0;0;2;1;0;0;1;0;0;0;0;0;-3,710187000000000;-38,562861000000000
267989;11;12;2015;18:20;9168;AV BORGES DE MELO;AV LUCIANO CARNEIRO;;0;;Colis?úo Lateral;Anoitecer;;;Cruz;Sem?íforo;Residencial;0;0;2;1;0;0;0;0;0;0;0;0;-3,756465000000000;-38,534097000000000
267985;11;12;2015;09:00;12614;AV CEL CARVALHO;RUA COS LAFAYETE;;0;;Colis?úo Transversal;Luz do Dia;;;Cruz;Sem?íforo Intermitente;Comercial;0;0;2;1;0;0;0;0;0;0;0;0;-3,717512000000000;-38,587938000000000
267986;11;12;2015;19:30;0;AV JOR THOMAZ COELHO;;;0;;Engavetamento;;;;Meio de Quadra;;;0;0;3;1;0;0;0;0;0;0;0;0;;
267972;11;12;2015;17:30;25943;RUA OTO DE ALENCAR;RUA PDE IBIAPINA;;0;;Colis?úo Lateral;Anoitecer;;;;;;0;0;2;0;0;0;1;0;0;0;0;0;-3,724914000000000;-38,540752000000000
267981;11;12;2015;23:00;9187;RUA PDE BARBOSA DE JESUS;RUA EUSEBIO DE SOUZA;;0;;Colis?úo Transversal;;;;Cruz;N?úo H?í Controle;Comercial;0;1;1;1;0;0;0;0;0;0;0;0;-3,748709000000000;-38,529218000000000
267978;11;12;2015;19:30;25124;AV AUGUSTO DOS ANJOS;RUA OLIVEIRA SOBRINHO;;0;;Colis?úo Lateral;;;;Outros;Pare;Comercial;0;1;1;1;0;0;0;0;1;0;0;0;-3,783893000000000;-38,582393000000000
267958;11;12;2015;07:45;7776;RUA BARBOSA DE FREITAS;RUA HENRIQUETA GALENO;;0;;Colis?úo Frontal;Luz do Dia;;;;;;0;1;1;1;0;0;0;0;0;0;0;0;-3,745110000000000;-38,500101000000000
267954;11;12;2015;11:20;12930;AV DOMINGOS OLIMPIO;RUA EUSEBIO DE SOUZA;;0;;Colis?úo Lateral;Luz do Dia;;;Cruz;Pare;Comercial;0;2;1;1;0;0;0;0;0;1;0;0;-3,738402000000000;-38,525362000000000
267952;11;12;2015;07:50;0;AV SANTOS DUMONT;;;905;;Engavetamento;Luz do Dia;;;Meio de Quadra;;;0;0;3;1;0;0;0;0;0;0;0;0;-3,730676000000000;-38,515416000000000
267965;11;12;2015;19:00;14847;RUA WALDIR DIOGO;TR WALDIR DIOGO;;0;;Colis?úo Transversal;;;;Cruz;Pare;Residencial;0;1;1;1;0;0;0;1;0;0;0;0;-3,807105000000000;-38,581050000000000
267970;11;12;2015;20:45;12682;AV CEL CARVALHO;RUA DEP MATOSO FILHO;;0;;Colis?úo;;;;Cruz;Pare;Residencial;0;1;1;1;0;0;0;0;0;1;0;0;-3,729932000000000;-38,584780000000000
267993;11;12;2015;13:00;0;RUA FRANCISCO XAVIER;;;0;;Colis?úo Lateral;Luz do Dia;;;Meio de Quadra;;;0;1;1;1;0;0;0;0;0;0;0;0;;
267994;11;12;2015;08:10;0;AV JOAO PESSOA;;;3835;;Colis?úo Transversal;Luz do Dia;;;Meio de Quadra;;;0;0;2;0;1;0;0;0;0;0;0;0;-3,747902000000000;-38,545389000000000
267995;11;12;2015;08:20;4088;AV FRANCISCO SA;RUA ALVARO DE ALENCAR;;0;;Colis?úo Lateral;Luz do Dia;;;Cruz;Pare;Comercial;0;0;2;0;1;0;1;0;0;0;0;0;-3,717106000000000;-38,558237000000000
267991;11;12;2015;12:30;26245;AV CONTORNO SUL;RUA CEREJEIRAS;;0;;Colis?úo Traseira;Luz do Dia;;;;;;0;2;0;1;0;0;0;0;0;1;0;0;;
267997;11;12;2015;14:20;5089;RUA DR JOAO MOREIRA;RUA MAJ FACUNDO;;0;;Atropelamento;Luz do Dia;;;Cruz;N?úo H?í Controle;Comercial;0;2;0;0;0;0;0;0;0;1;0;0;-3,723042000000000;-38,526361000000000
268005;11;12;2015;06:00;3863;AV DOS EXPEDICIONARIOS;AV 13 DE MAIO;;0;;Choque c/ Obst?ículo Fixo;Luz do Dia;;;;;;0;0;1;1;0;0;0;0;0;0;0;0;-3,744515000000000;-38,534969000000000
268001;11;12;2015;10:30;0;AV ODILON GUIMARAES;;;1427;;Colis?úo Traseira;Luz do Dia;;;Meio de Quadra;;;0;0;2;0;0;0;0;1;0;0;0;0;-3,825424000000000;-38,479326000000000
271134;11;12;2015;02:57;0;AV PERIMETRAL;;;0;;Colis?úo;;;;Meio de Quadra;;;0;1;0;0;0;0;0;0;0;0;0;0;;
272732;11;12;2015;12:51;570;RUA DNA MENDINHA;RUA COELHO NETO;;0;;Atropelamento;Luz do Dia;;;Cruz;Pare;Residencial;0;0;2;0;0;0;0;0;0;0;0;0;-3,717205000000000;-38,572984000000000
272735;11;12;2015;13:38;20197;AV SAUDADE D68;RUA 102 CJ PASSARE;;0;;Colis?úo;Luz do Dia;;;;;;0;0;2;0;0;0;0;0;0;0;0;0;-3,813040000000000;-38,530668000000000
272741;11;12;2015;14:45;0;RUA BERNARDO MANUEL;;;0;;Colis?úo;Luz do Dia;;;Meio de Quadra;;;0;0;2;0;0;0;0;0;0;0;0;0;;
272742;11;12;2015;16:46;0;RUA C PLANALTO COACU;;;0;;Colis?úo;Luz do Dia;;;Meio de Quadra;;;0;0;2;0;0;0;0;0;0;0;0;0;;
272714;11;12;2015;09:33;0;AV GODOFREDO MACIEL;;;0;;Colis?úo;Luz do Dia;;;Meio de Quadra;;;0;0;2;0;0;0;0;0;0;0;0;0;;
272715;11;12;2015;11:07;0;RUA SEN ALENCAR;;;0;;Colis?úo;Luz do Dia;;;Meio de Quadra;;;0;0;2;0;0;0;0;0;0;0;0;0;;
272718;11;12;2015;11:32;9124;AV VIS RIO BRANCO;RUA MON SALAZAR;;0;;Colis?úo;Luz do Dia;;;Cruz;Sem?íforo;Residencial;0;1;1;0;0;0;0;0;0;0;0;0;-3,756701000000000;-38,519870000000000
272719;11;12;2015;11:45;0;AV ALM TAMANDARE;;;0;;Colis?úo;Luz do Dia;;;Meio de Quadra;;;0;0;2;0;0;0;0;0;0;0;0;0;;