COD_ACIDENTE;DIA;MES;ANO;HORA;INTERSECAO;LOG1;LOG2;LOG3;NUMERO;REFERENCIA;NATUREZA;ILUMINACAO;TEMPO;SUPERFICIEPISTA;TIPOCRUZAMENTO;CONTROLETRAFEGO;USOSOLO;MORTOS;FERIDOS;ILESOS;AUTOMOVEL;ONIBUS;BICICLETA;CAMINHAO;MICROONIBUS;CICLOMOTOR;MOTOCICLETA;TRACAOANIMAL;TREM;LATITUDE;LONGITUDE
272724;11;12;2015;12:13;0;RUA VICENTE LOPES;;;0;;Colis?úo;Luz do Dia;;;Meio de Quadra;;;0;0;2;0;0;0;0;0;0;0;0;0;;
272726;11;12;2015;12:37;3336;RUA VIRIATO RIBEIRO;RUA RIO GRANDE DO SUL;;0;;Colis?úo;Luz do Dia;;;Cruz;Pare;Residencial;0;0;2;0;0;0;0;0;0;0;0;0;-3,750184000000000;-38,561355000000000
272744;11;12;2015;17:07;14857;RUA MARIO FILHO;TR REJANE;;0;;Colis?úo;Anoitecer;;;Cruz;;Residencial;0;0;2;0;0;0;0;0;0;0;0;0;-3,806710000000000;-38,585721000000000
272746;11;12;2015;17:08;670;RUA GOMES PASSOS;RUA PRO JOSE BONIFACIO;;0;;Colis?úo;Anoitecer;;;Cruz;Pare;Residencial;0;0;2;0;0;0;0;0;0;0;0;0;-3,710794000000000;-38,562431000000000
272748;11;12;2015;18:19;3420;RUA DES PRAXEDES;AV JOAO PESSOA;;0;;Colis?úo;Anoitecer;;;Cruz;Sem?íforo;Comercial;0;0;2;0;0;0;0;0;0;0;0;0;-3,756946000000000;-38,553504000000000
272751;11;12;2015;21:38;0;AV MOZART PINHEIRO DE LUCENA;;;0;;Colis?úo;;;;Meio de Quadra;;;0;0;2;0;0;0;0;0;0;0;0;0;;
271363;11;12;2015;20:59;0;AV OLIVEIRA PAIVA;;;0;;Colis?úo;;;;Meio de Quadra;;;0;1;1;1;0;0;0;0;0;1;0;0;-3,798560000000000;-38,503005000000000
271365;11;12;2015;23:00;0;RUA EUSEBIO DE SOUZA;;;0;;Colis?úo;;;;Meio de Quadra;;;0;1;1;1;0;0;0;0;0;1;0;0;-3,748631000000000;-38,529192000000000
271374;11;12;2015;10:00;0;RD CE-040;;;0;KM-12;Colis?úo;Luz do Dia;;Seca;Meio de Quadra;;;0;0;2;1;0;0;0;0;0;0;0;0;-3,848945000000000;-38,476237000000000
271380;11;12;2015;19:30;0;RD CE-040;;;0;KM-06;Colis?úo;Via Iluminada;;Seca;Meio de Quadra;;;0;0;2;1;0;0;0;0;0;0;0;0;-3,811270000000000;-38,478781000000000
271417;11;12;2015;21:45;0;AV WASHINGTON SOARES;;;9340;;Atropelamento;Via Iluminada;;;Meio de Quadra;;;0;1;1;0;0;1;0;0;0;0;0;0;-3,832622000000000;-38,482510000000000
271405;11;12;2015;19:40;0;RD CE-040;;;0;KM-04;Colis?úo;Via Iluminada;;Seca;Meio de Quadra;;;0;2;0;0;0;0;0;0;0;1;0;0;-3,792050000000000;-38,480251000000000
271358;11;12;2015;20:22;0;AV ALBERTO CRAVEIRO;;;0;;Colis?úo;;;;Meio de Quadra;;;0;1;1;1;0;0;0;0;0;1;0;0;-3,802234000000000;-38,520758000000000
271353;11;12;2015;19:37;0;AV WASHINGTON SOARES;;;0;;Colis?úo;;;;Meio de Quadra;;;0;1;0;0;0;0;0;0;0;0;0;0;-3,813871000000000;-38,480501000000000
271312;11;12;2015;18:28;0;RUA WALDIR DIOGO;;;0;;Queda;Anoitecer;;;Meio de Quadra;;;0;1;0;0;0;0;0;0;0;1;0;0;-3,804832000000000;-38,584651000000000
271286;11;12;2015;17:56;8936;AV DOMINGOS OLIMPIO;RUA PRC ISABEL;;0;;Colis?úo;Anoitecer;;;Cruz;Sem?íforo;Comercial;0;1;1;0;0;0;1;0;0;1;0;0;-3,734438000000000;-38,537790000000000
271284;11;12;2015;17:10;0;AV ABOLICAO;;;0;;Colis?úo;Anoitecer;;;Meio de Quadra;;;0;1;1;1;0;0;0;0;0;1;0;0;;
271271;11;12;2015;16:53;0;RUA MARIO FILHO;;;0;;Colis?úo;Luz do Dia;;;Meio de Quadra;;;0;1;1;1;0;0;0;0;0;1;0;0;-3,807471000000000;-38,584547000000000
271272;11;12;2015;17:08;0;AV MR HULL;;;0;;Atropelamento;Anoitecer;;;Meio de Quadra;;;0;1;1;0;0;0;0;0;0;1;0;0;-3,737113000000000;-38,572864000000000
271268;11;12;2015;16:20;11236;RUA ACAPULCO;RUA JOSE PEDRA;;0;;Colis?úo;Luz do Dia;;;;;;0;1;1;1;0;0;0;0;0;1;0;0;-3,791799000000000;-38,548557000000000
271263;11;12;2015;14:02;0;RUA GAL BERNARDO FIGUEIREDO;;;0;;Colis?úo;Luz do Dia;;;Meio de Quadra;;;0;1;0;0;0;0;0;0;0;1;0;0;;
271265;11;12;2015;14:12;0;RUA PERGENTINO MAIA;;;0;;Colis?úo;Luz do Dia;;;Meio de Quadra;;;0;1;1;1;0;0;0;0;0;1;0;0;;
271253;11;12;2015;12:07;0;AV PERIMETRAL;;;0;;Atropelamento;Luz do Dia;;;Meio de Quadra;;;0;1;1;0;0;0;0;0;0;1;0;0;;
271251;11;12;2015;11:02;0;AV DOMINGOS OLIMPIO;;;0;;Atropelamento;Luz do Dia;;;Meio de Quadra;;;0;1;1;0;0;0;0;0;0;1;0;0;;
271249;11;12;2015;10:41;3863;AV 13 DE MAIO;RUA SEN POMPEU;;0;;Colis?úo;Luz do Dia;;;;;;0;1;1;1;0;0;0;0;0;1;0;0;-3,744515000000000;-38,534969000000000
271221;11;12;2015;05:21;0;RUA OSCAR FRANCA;;;0;;Atropelamento;Amanhecer;;;Meio de Quadra;;;0;1;1;1;0;0;0;0;0;0;0;0;;
271230;11;12;2015;09:02;0;RUA 15 DE NOVEMBRO;;;0;;Colis?úo;Luz do Dia;;;Meio de Quadra;;;0;1;0;0;0;0;0;0;0;1;0;0;-3,769943000000000;-38,553072000000000
259414;11;12;2015;19:20;0;RD BR 116;;;12000;KM-12;Colis?úo Traseira;Via Iluminada;Bom;Seca;Meio de Quadra;N?úo H?í Controle;Comercial;0;1;1;1;0;0;0;0;0;1;0;0;-3,855740000000000;-38,496066000000000
259417;12;12;2015;17:10;0;RD BR 116;;;8000;KM-08;Choque c/ Obst?ículo Fixo;Anoitecer;Bom;Seca;Meio de Quadra;N?úo H?í Controle;Comercial;0;0;1;1;0;0;0;0;0;0;0;0;-3,822018000000000;-38,503269000000000
259418;12;12;2015;17:00;0;RD BR 116;;;3000;KM-03;Colis?úo Lateral;Anoitecer;Bom;Seca;Meio de Quadra;N?úo H?í Controle;Comercial;0;1;1;0;1;0;0;0;0;1;0;0;-3,779838000000000;-38,514372000000000
259420;12;12;2015;22:45;0;RD BR 116;;;0;;Colis?úo Traseira;Via Iluminada;Bom;Seca;Meio de Quadra;N?úo H?í Controle;Comercial;0;2;1;1;0;0;0;0;0;0;0;0;;
272178;12;12;2015;13:20;0;AV BEZERRA DE MENEZES;;;502;HIPER BOMPRE?çO;Colis?úo;Luz do Dia;;;Meio de Quadra;;;0;2;0;0;1;0;0;0;0;1;0;0;-3,731698000000000;-38,545486000000000
271580;12;12;2015;21:10;328;RUA CON PENAFORT;RUA GAL PIRAGIBE;;0;;Colis?úo;;;;;;;0;1;1;1;0;0;0;0;0;1;0;0;-3,744970000000000;-38,556468000000000
271617;12;12;2015;21:37;0;AV DA INDEPENDENCIA;;;0;;Colis?úo;;;;Meio de Quadra;;;0;1;1;1;0;0;0;0;0;1;0;0;-3,725735000000000;-38,594978000000000
271399;12;12;2015;04:20;0;RUA NUNES VALENTE;;;0;;Colis?úo;;;;Meio de Quadra;;;0;1;0;1;0;0;0;0;0;0;0;0;-3,732824000000000;-38,502635000000000
271414;12;12;2015;05:26;0;AV FRANCISCO SA;;;3700;BCO. BRADESCO;Queda;Amanhecer;;;Meio de Quadra;;;0;1;0;0;0;0;0;0;0;1;0;0;-3,717113000000000;-38,558134000000000
271415;12;12;2015;10:41;0;AV SANTOS DUMONT;;;0;;Colis?úo;Luz do Dia;;;Meio de Quadra;;;0;1;1;1;0;0;0;0;0;1;0;0;-3,741266000000000;-38,482770000000000
271419;12;12;2015;11:36;0;AV LUCIANO CARNEIRO;;;0;;;Luz do Dia;;;Meio de Quadra;;;0;1;0;0;0;0;0;0;0;1;0;0;-3,766658000000000;-38,537219000000000
271423;12;12;2015;14:03;0;AV PRS CASTELO BRANCO;;;0;;Colis?úo;Luz do Dia;;;Meio de Quadra;;;0;1;1;1;0;0;0;0;0;1;0;0;;
271431;12;12;2015;17:38;0;AV PRS COSTA E SILVA;;;0;;Atropelamento;Anoitecer;;;Meio de Quadra;;;0;1;0;0;0;0;0;0;0;0;0;0;;
271428;12;12;2015;16:58;0;RD BR 116;;;0;;Colis?úo;Luz do Dia;;;Meio de Quadra;;;0;1;0;0;0;0;0;0;0;0;0;0;;
271425;12;12;2015;16:35;0;AV MR HULL;;;0;;Queda;Luz do Dia;;;Meio de Quadra;;;0;1;0;0;0;0;0;0;0;1;0;0;;
271395;12;12;2015;03:45;0;AV JOSE SABOIA;;;0;;Choque c/ Obst?ículo Fixo;;;;Meio de Quadra;;;0;1;0;1;0;0;0;0;0;0;0;0;-3,718154000000000;-38,466047000000000
271368;12;12;2015;00:40;0;RUA JORGE SEVERIANO;;;0;;Colis?úo;;;;Meio de Quadra;;;0;1;1;1;0;0;0;0;0;1;0;0;-3,769338000000000;-38,536010000000000
271495;12;12;2015;20:41;0;RUA CEL FABRICIANO;;;0;;Colis?úo;;;;Meio de Quadra;;;0;1;1;1;0;0;0;0;0;1;0;0;-3,782292000000000;-38,609527000000000
271497;12;12;2015;20:52;17399;RUA ISAIE BORIS;RUA PERU;;0;;Atropelamento;;;;;;;0;2;0;0;0;0;0;0;0;1;0;0;-3,767501000000000;-38,549634000000000
271485;12;12;2015;20:14;0;RUA ANTONIO COSTA MENDES (PQ S?âO JOS?ë);;;1189;;Colis?úo;;;;Meio de Quadra;;;1;0;1;1;0;0;0;0;0;1;0;0;;
271486;12;12;2015;20:33;0;RD BR 116;;;4000;KM-04;Colis?úo;;;;Meio de Quadra;;;0;1;0;0;0;0;0;0;0;0;0;0;-3,788331000000000;-38,510646000000000
271477;12;12;2015;18:05;0;RUA FRANCISCO LORDA;;;0;;Colis?úo;Anoitecer;;;Meio de Quadra;;;0;1;1;1;0;0;0;0;0;1;0;0;-3,761323000000000;-38,533803000000000
271479;12;12;2015;18:52;1437;RUA SILVA PAULET;RUA JOAO CARVALHO;;0;;Colis?úo;;;;Cruz;Pare;Comercial;0;1;1;0;0;0;0;0;0;1;0;0;-3,737966000000000;-38,506557000000000
271480;12;12;2015;18:55;0;AV FRANCISCO SA;;;0;;Colis?úo;;;;Meio de Quadra;;;0;1;1;1;0;0;0;0;0;1;0;0;-3,721856000000000;-38,543784000000000
271464;12;12;2015;17:59;0;RUA CON DE CASTRO;;;0;;Colis?úo;Anoitecer;;;Meio de Quadra;;;0;1;1;1;0;0;0;0;0;1;0;0;-3,783157000000000;-38,571728000000000
271439;12;12;2015;17:48;0;RUA ESTADO DO RIO;;;0;;Colis?úo;Anoitecer;;;Meio de Quadra;;;0;1;1;1;0;0;0;0;0;1;0;0;-3,757882000000000;-38,570470000000000
271482;12;12;2015;19:25;0;AV B CJ CEARA;;;0;;Colis?úo;;;;Meio de Quadra;;;0;1;0;0;0;0;0;0;0;0;0;0;-3,768509000000000;-38,607357000000000
268255;12;12;2015;14:20;5407;AV DUQ CAXIAS;RUA SOLON PINHEIRO;;0;;Colis?úo Transversal;Luz do Dia;;;Cruz;Sem?íforo;Comercial;0;0;2;1;1;0;0;0;0;0;0;0;-3,732704000000000;-38,527034000000000
272850;12;12;2015;14:01;24452;AV LUCIANO CARNEIRO;AV LAURO VIEIRA CHAVES;;0;;Colis?úo;Luz do Dia;;;T;Pare;Residencial;0;0;2;0;0;0;0;0;0;0;0;0;-3,772172000000000;-38,538894000000000
272851;12;12;2015;17:20;0;RD CE-040;;;0;KM-04;Colis?úo;Anoitecer;;;Meio de Quadra;;;0;0;2;1;0;0;0;0;0;0;0;0;-3,792050000000000;-38,480251000000000
272852;12;12;2015;14:02;11866;RUA OSCAR PEDREIRA;AV FRANCISCO SA;;0;;Colis?úo;Luz do Dia;;;T;N?úo H?í Controle;Residencial;0;0;2;0;0;0;0;0;0;0;0;0;-3,722128000000000;-38,542970000000000
272905;12;12;2015;22:09;738;AV FRANCISCO SA;RUA DNA MENDINHA;;0;;Colis?úo;;;;Cruz;Pare;Misto;0;0;2;0;0;0;0;0;0;0;0;0;-3,712666000000000;-38,571238000000000
272906;12;12;2015;22:16;24913;AV DA INDEPENDENCIA;AV MOZART PINHEIRO DE LUCENA;;0;;Colis?úo;;;;Cruz;Sem?íforo Intermitente;Misto;0;0;2;0;0;0;0;0;0;0;0;0;-3,724957000000000;-38,597615000000000
272907;12;12;2015;22:45;11761;AV PRS CASTELO BRANCO;RUA JACINTO MATOS;;0;;Colis?úo;;;;T;Sem?íforo;Residencial;0;0;2;0;0;0;0;0;0;0;0;0;-3,714630000000000;-38,546333000000000
272916;12;12;2015;01:35;0;AV DR SILAS MUNGUBA;;;0;;Choque c/ Obst?ículo Fixo;;;;Meio de Quadra;;;0;0;1;0;0;0;0;0;0;0;0;0;;
272901;12;12;2015;22:02;348;RUA CESAR FONTENELE;RUA PRO LINO ENCARNACAO;;0;;Colis?úo;;;;Cruz;Pare;Misto;0;0;2;0;0;0;0;0;0;0;0;0;-3,746359000000000;-38,559596000000000
272909;12;12;2015;23:29;0;AV PERIMETRAL;;;0;;Colis?úo;;;;;;;0;0;2;0;0;0;0;0;0;0;0;0;;
272899;12;12;2015;21:32;26249;RUA JOAO PAULINO BARROS LEAL;RUA MON SALAZAR;;0;;Colis?úo;;;;;;;0;0;2;0;0;0;0;0;0;0;0;0;;
272885;12;12;2015;20:19;26186;AV D CJ CEARA;RUA 614 CJ CEARA;;0;;Colis?úo;;;;Cruz;Outros;Residencial;0;0;2;0;0;0;0;0;0;0;0;0;-3,764237000000000;-38,602098000000000
272886;12;12;2015;21:09;0;RUA BAR AQUIRAZ;;;0;;Colis?úo;;;;Meio de Quadra;;;0;0;2;0;0;0;0;0;0;0;0;0;;
272887;12;12;2015;21:13;10072;RUA CEL FABRICIANO;RUA CEL VIRGILIO NOGUEIRA (BOM JARDIM);;0;;Colis?úo;;;;;;;0;0;2;0;0;0;0;0;0;0;0;0;-3,783041000000000;-38,606869000000000
272888;12;12;2015;21:29;0;RUA CON PENAFORT;;;0;;Choque c/ Obst?ículo Fixo;;;;Meio de Quadra;;;0;0;1;0;0;0;0;0;0;0;0;0;;
272889;12;12;2015;21:30;0;AV JOSE BASTOS;;;0;;Colis?úo;;;;Meio de Quadra;;;0;0;2;0;0;0;0;0;0;0;0;0;;
272881;12;12;2015;20:11;0;RUA PEDESTRE IV;;;0;;Atropelamento;;;;Meio de Quadra;;;0;0;2;0;0;0;0;0;0;0;0;0;;
272879;12;12;2015;19:36;0;AV DR SILAS MUNGUBA;;;0;;Colis?úo;;;;Meio de Quadra;;;0;0;2;0;0;0;0;0;0;0;0;0;;
272877;12;12;2015;19:15;2573;AV FRANCISCO SA;RUA GRACA ARANHA;;0;;Colis?úo;;;;Cruz;Pare;Residencial;0;0;2;0;0;0;0;0;0;0;0;0;-3,711611000000000;-38,574359000000000
272874;12;12;2015;19:09;0;AV DEP PAULINO ROCHA;;;0;;Atropelamento;;;;Meio de Quadra;;;0;0;2;0;0;0;0;0;0;0;0;0;;
272859;12;12;2015;17:29;0;RUA JOSE HIPOLITO;;;0;;Colis?úo;Anoitecer;;;Meio de Quadra;;;0;0;2;0;0;0;0;0;0;0;0;0;;
272860;12;12;2015;17:46;17566;RUA GUANABARA;RUA PARA;;0;;Colis?úo;Anoitecer;;;;;;0;0;2;0;0;0;0;0;0;0;0;0;-3,753334000000000;-38,566756000000000
272861;12;12;2015;17:52;0;AV GOV RAUL BARBOSA;;;0;;Colis?úo;Anoitecer;;;Meio de Quadra;;;0;0;2;0;0;0;0;0;0;0;0;0;;
272862;12;12;2015;18:32;17564;RUA PARA;RUA ESTADO DO RIO;;0;;Colis?úo;;;;Cruz;Pare;Residencial;0;0;2;0;0;0;0;0;0;0;0;0;-3,752973000000000;-38,567337000000000
272863;12;12;2015;18:37;0;AV PRS COSTA E SILVA;;;0;;Choque c/ Obst?ículo Fixo;;;;Meio de Quadra;;;0;0;1;0;0;0;0;0;0;0;0;0;;
272864;12;12;2015;18:38;0;RUA MIGUEL GURGEL;;;0;;Colis?úo;;;;Meio de Quadra;;;0;0;2;0;0;0;0;0;0;0;0;0;;
272865;12;12;2015;18:56;12563;AV MAJ ASSIS;RUA GEORGE CAVALCANTE;;0;;Colis?úo;;;;Rotat??ria;Pare;Residencial;0;0;2;0;0;0;0;0;0;0;0;0;-3,722625000000000;-38,592541000000000
272866;12;12;2015;11:45;0;RD CE-040;;;0;KM-06;Colis?úo;Luz do Dia;;;Meio de Quadra;;;0;0;3;0;0;0;0;0;0;0;0;0;-3,811270000000000;-38,478781000000000
272867;12;12;2015;18:58;0;RUA BOM JESUS (GRANJA LISBOA);;;2125;;Colis?úo;;;;Meio de Quadra;;;0;0;2;0;0;0;0;0;0;0;0;0;-3,790795000000000;-38,612416000000000
272868;12;12;2015;19:00;0;AV DR SILAS MUNGUBA;;;0;;Colis?úo;;;;Meio de Quadra;;;0;0;2;0;0;0;0;0;0;0;0;0;;
272869;12;12;2015;19:03;19583;RUA CON DE CASTRO;RUA NEREU RAMOS;;0;;Colis?úo;;;;Cruz;Pare;Comercial;0;0;2;0;0;0;0;0;0;0;0;0;-3,784820000000000;-38,573285000000000
272870;12;12;2015;19:07;0;RUA RECANTO VERDE;;;0;;Colis?úo;;;;Meio de Quadra;;;0;0;2;0;0;0;0;0;0;0;0;0;;
272872;12;12;2015;19:08;15896;RUA GURGEL DO AMARAL;RUA JOSE CAVALCANTE SOBR;;0;;Colis?úo;;;;T;Pare;Residencial;0;0;2;0;0;0;0;0;0;0;0;0;-3,835550000000000;-38,486455000000000
272856;12;12;2015;16:47;12457;AV SEN FERNANDES TAVORA;AV JOSE BASTOS;;0;;Colis?úo;Luz do Dia;;;;;;0;0;2;0;0;0;0;0;0;0;0;0;-3,770153000000000;-38,570427000000000
272857;12;12;2015;16:47;0;AV JOR THOMAZ COELHO;;;0;;Atropelamento;Luz do Dia;;;Meio de Quadra;;;0;0;2;0;0;0;0;0;0;0;0;0;;
272854;12;12;2015;14:18;0;RUA DOS ESTADOS;;;0;;Colis?úo;Luz do Dia;;;Meio de Quadra;;;0;0;2;0;0;0;0;0;0;0;0;0;;
272753;12;12;2015;08:02;0;RUA JABORANDI;;;0;;Atropelamento;Luz do Dia;;;Meio de Quadra;;;0;0;2;0;0;0;0;0;0;0;0;0;;
272767;12;12;2015;11:09;0;RUA CEL MATOS DOURADO;;;0;;Colis?úo;Luz do Dia;;;Meio de Quadra;;;0;0;2;0;0;0;0;0;0;0;0;0;;
272770;12;12;2015;11:10;0;RUA PDE RODOLFO;;;0;;Atropelamento;Luz do Dia;;;Meio de Quadra;;;0;0;2;0;0;0;0;0;0;0;0;0;;
272771;12;12;2015;11:13;9153;AV 13 DE MAIO;RUA PAULA RODRIGUES;;0;;Colis?úo;Luz do Dia;;;T;Sem?íforo;Comercial;0;0;2;0;0;0;0;0;0;0;0;0;-3,752271000000000;-38,525876000000000
272755;12;12;2015;09:15;0;RUA MOURA MATOS;;;0;;Atropelamento;Luz do Dia;;;Meio de Quadra;;;0;0;2;0;0;0;0;0;0;0;0;0;;
272783;12;12;2015;13:27;0;RUA ARTUR DE CARVALHO;;;0;;Colis?úo;Luz do Dia;;;Meio de Quadra;;;0;0;2;0;0;0;0;0;0;0;0;0;;
272784;12;12;2015;13:49;0;RUA ALCIDES GERARDO;;;0;;Colis?úo;Luz do Dia;;;Meio de Quadra;;;0;0;2;0;0;0;0;0;0;0;0;0;;
272774;12;12;2015;12:36;0;RUA DNA LUCIA PINHEIRO (QUINTINO CUNHA);;;0;;Colis?úo;Luz do Dia;;;Meio de Quadra;;;0;0;2;0;0;0;0;0;0;0;0;0;;
272776;12;12;2015;12:37;14422;AV SGT HERMINIO SAMPAIO;RUA MOZART PINTO;;0;;Colis?úo;Luz do Dia;;;T;Pare;Comercial;0;0;2;0;0;0;0;0;0;0;0;0;-3,724783000000000;-38,551753000000000
272778;12;12;2015;06:20;0;RD CE-040;;;0;;Choque c/ Obst?ículo Fixo;Luz do Dia;;;Meio de Quadra;;;0;0;1;1;0;0;0;0;0;0;0;0;;
272779;12;12;2015;12:39;0;RUA OTAVIO JUSTA;;;0;;Colis?úo;Luz do Dia;;;Meio de Quadra;;;0;0;2;0;0;0;0;0;0;0;0;0;;
272762;12;12;2015;09:36;0;LOGRADOURO SEM NOME;;;0;;Colis?úo;Luz do Dia;;;Meio de Quadra;;;0;0;2;0;0;0;0;0;0;0;0;0;;
268007;12;12;2015;04:30;0;RUA NUNES VALENTE;;;920;;Colis?úo Traseira;;;;Meio de Quadra;;;0;1;1;1;0;0;0;0;0;0;0;0;-3,732504000000000;-38,502535000000000
268008;12;12;2015;16:00;3030;RUA DIOGO CORREIA;RUA ANDRE REBOUCAS;;0;;Colis?úo;Luz do Dia;;;Cruz;Sem?íforo;Comercial;0;1;1;1;0;0;0;0;0;1;0;0;-3,774008000000000;-38,588606000000000
268009;12;12;2015;14:30;0;AV BEZERRA DE MENEZES;;;2630;;Colis?úo Traseira;Luz do Dia;;;Meio de Quadra;;;0;1;1;1;0;0;0;0;0;1;0;0;-3,736403000000000;-38,567987000000000
268016;12;12;2015;08:20;24988;RUA FRE MANSUETO;RUA TAVARES COUTINHO;;0;;Colis?úo Transversal;Luz do Dia;;;Cruz;Sem?íforo Intermitente;Comercial;0;0;2;1;0;0;0;0;0;0;0;0;-3,732638000000000;-38,488784000000000
268012;12;12;2015;14:10;0;AV AMERICO BARREIRA;;;5355;;Colis?úo Traseira;Luz do Dia;;;Meio de Quadra;;;0;0;2;1;0;0;0;1;0;0;0;0;;
268013;12;12;2015;10:00;8949;AV BEZERRA DE MENEZES;RUA JUSTINIANO DE SERPA;;0;;Colis?úo Lateral;Luz do Dia;;;Cruz;Sem?íforo Intermitente;Comercial;0;0;2;1;1;0;0;0;0;0;0;0;-3,731156000000000;-38,542857000000000
268018;12;12;2015;03:50;0;AV JOSE SABOIA;;;896;;Choque c/ Obst?ículo Fixo;;;;Meio de Quadra;;;0;1;0;1;0;0;0;0;0;0;0;0;-3,718419000000000;-38,465719000000000
268061;12;12;2015;09:00;4319;AV JOSE SABOIA;AV VICENTE DE CASTRO;;0;;Colis?úo Lateral;Luz do Dia;;;Cruz;N?úo H?í Controle;Comercial;0;0;2;0;0;0;1;0;0;0;0;0;-3,713785000000000;-38,473200000000000
268141;12;12;2015;22:00;5194;RUA MAJ FACUNDO;RUA SAO PAULO;;0;;Colis?úo;;;;Cruz;Sem?íforo;Comercial;0;0;2;1;0;0;0;0;0;0;0;0;-3,726091000000000;-38,527355000000000
268135;12;12;2015;10:30;0;AV SANTOS DUMONT;;;5465;;Colis?úo Lateral;Luz do Dia;;;Meio de Quadra;;;0;1;2;1;0;0;0;0;0;1;0;0;-3,741236000000000;-38,482862000000000
268138;12;12;2015;06:24;0;RUA MARANHAO;;;34;;Colis?úo Lateral;Luz do Dia;;;Meio de Quadra;;;0;1;1;1;0;0;0;0;0;1;0;0;-3,758084000000000;-38,561926000000000
268125;12;12;2015;13:50;15804;RUA PERGENTINO MAIA;RUA ANTONINO BARROS;;0;;Colis?úo Transversal;Luz do Dia;;;Cruz;Pare;Comercial;0;1;1;1;0;0;0;0;0;1;0;0;-3,831390000000000;-38,488977000000000
268126;12;12;2015;12:40;0;RUA UBERLANDIA;;;0;;Colis?úo Lateral;Luz do Dia;;;Meio de Quadra;;;0;0;3;1;0;0;0;0;0;0;0;0;;
268105;12;12;2015;10:00;22940;RUA BERNARDO MANUEL;RUA JAPI;;0;;Colis?úo Transversal;Luz do Dia;;;Cruz;Pare;Misto;0;0;2;1;0;0;0;0;0;0;0;0;-3,784073000000000;-38,546927000000000
268106;12;12;2015;12:30;0;AV ALBERTO CRAVEIRO;;;507;MAKRO;Colis?úo Traseira;Luz do Dia;;;Meio de Quadra;;;0;0;2;0;0;0;0;0;0;0;0;0;-3,781154000000000;-38,515910000000000
268102;12;12;2015;09:00;0;AV PRS COSTA E SILVA;;;5103;;Colis?úo Traseira;Luz do Dia;;;Meio de Quadra;;;0;0;2;1;0;0;0;0;0;0;0;0;-3,827684000000000;-38,534863000000000
268100;12;12;2015;02:00;9094;AV VIS RIO BRANCO;AV SORIANO ALBUQUERQUE;;0;;Colis?úo Transversal;;;;Cruz;;Residencial;0;2;0;1;0;0;0;0;0;0;0;0;-3,747601000000000;-38,521682000000000
268114;12;12;2015;13:30;0;AV ROGACIANO LEITE;;;0;;Colis?úo Lateral;Luz do Dia;;;Meio de Quadra;;;0;1;1;1;0;0;0;0;1;0;0;0;-3,783683000000000;-38,502518000000000
268122;12;12;2015;12:30;0;AV GAL OSORIO DE PAIVA;;;5399;;Colis?úo Lateral;Luz do Dia;;;Meio de Quadra;;;0;1;1;1;0;0;0;0;0;0;0;0;-3,804341000000000;-38,601701000000000
268063;12;12;2015;09:15;3903;RUA PDE CICERO;AV JOAO PESSOA;;0;;Colis?úo Lateral;Luz do Dia;;;;;;0;0;2;1;1;0;0;0;0;0;0;0;-3,745741000000000;-38,543442000000000
268082;12;12;2015;05:00;9124;RUA MON SALAZAR;AV VIS RIO BRANCO;;0;;Engavetamento;Amanhecer;;;Cruz;Sem?íforo;Residencial;0;1;2;1;0;0;0;0;0;0;0;0;-3,756701000000000;-38,519870000000000
268096;12;12;2015;14:30;0;RUA MENEZES DE OLIVEIRA;;;0;;Colis?úo Frontal;Luz do Dia;;;Meio de Quadra;;;0;1;1;1;0;0;0;0;0;1;0;0;;
272197;12;12;2015;17:00;0;AV PRS JUSCELINO KUBITSCHEK (PASSAR?ë);;;3535;;Colis?úo;Anoitecer;;;Meio de Quadra;;;1;0;1;1;0;0;0;0;0;1;0;0;-3,812249000000000;-38,528713000000000
272225;13;12;2015;17:00;26246;RUA ANTONIO NERY;RUA JOSE ABILIO;;0;;Colis?úo;Anoitecer;;;;;;0;1;1;1;0;0;0;0;0;1;0;0;;
268154;13;12;2015;20:30;9220;AV 13 DE MAIO;RUA NAPOLEAO LAUREANO;;0;;Colis?úo;;;;Cruz;Sem?íforo;Comercial;0;1;1;1;0;0;0;0;0;1;0;0;-3,749758000000000;-38,528825000000000
268149;13;12;2015;14:05;0;AV CEL CARVALHO;;;1350;;Colis?úo Lateral;Luz do Dia;;;Meio de Quadra;;;0;2;1;0;1;0;0;0;0;1;0;0;-3,714383000000000;-38,588703000000000
272924;13;12;2015;04:46;11339;AV GODOFREDO MACIEL;AV BENJAMIM BRASIL;;0;;Colis?úo;;;;Cruz;Sem?íforo;Comercial;0;0;2;0;0;0;0;0;0;0;0;0;-3,803264000000000;-38,572040000000000
272926;13;12;2015;05:06;0;AV PDE ANTONIO TOMAS;;;0;;Choque c/ Obst?ículo Fixo;Amanhecer;;;Meio de Quadra;;;0;0;1;0;0;0;0;0;0;0;0;0;;
272928;13;12;2015;05:14;0;AV EDUARDO GIRAO;;;0;;Atropelamento;Amanhecer;;;Meio de Quadra;;;0;0;2;0;0;0;0;0;0;0;0;0;;
272920;13;12;2015;03:50;0;RUA EDUARDO PERDIGAO;;;0;;Colis?úo;;;;Meio de Quadra;;;0;0;2;0;0;0;0;0;0;0;0;0;;
272980;13;12;2015;23:42;650;RUA COS GOUVEIA;RUA FREDERICO ANDRADE;;0;;Atropelamento;;;;Cruz;Pare;Residencial;0;0;2;0;0;0;0;0;0;0;0;0;-3,717218000000000;-38,565142000000000