COD_ACIDENTE;DIA;MES;ANO;HORA;INTERSECAO;LOG1;LOG2;LOG3;NUMERO;REFERENCIA;NATUREZA;ILUMINACAO;TEMPO;SUPERFICIEPISTA;TIPOCRUZAMENTO;CONTROLETRAFEGO;USOSOLO;MORTOS;FERIDOS;ILESOS;AUTOMOVEL;ONIBUS;BICICLETA;CAMINHAO;MICROONIBUS;CICLOMOTOR;MOTOCICLETA;TRACAOANIMAL;TREM;LATITUDE;LONGITUDE
272977;13;12;2015;23:40;3147;RUA SEIXAS CORREIA;RUA SABIA;;0;;Colis?úo;;;;;;;0;0;2;0;0;0;0;0;0;0;0;0;-3,778473000000000;-38,579789000000000
272972;13;12;2015;22:39;0;AV EDILSON B SOARES;;;0;;Colis?úo;;;;Meio de Quadra;;;0;0;2;0;0;0;0;0;0;0;0;0;;
272965;13;12;2015;21:31;6811;RUA DR GILBERTO STUDART;RUA JOSE BORBA VASCONCELOS;;0;;Colis?úo;;;;Cruz;Pare;Residencial;0;0;2;0;0;0;0;0;0;0;0;0;-3,746506000000000;-38,472016000000000
272957;13;12;2015;20:39;650;RUA FREDERICO ANDRADE;RUA COS GOUVEIA;;0;;Colis?úo;;;;Cruz;Pare;Residencial;0;0;2;0;0;0;0;0;0;0;0;0;-3,717218000000000;-38,565142000000000
272958;13;12;2015;21:23;3147;RUA SEIXAS CORREIA;RUA SABIA;;0;;Colis?úo;;;;;;;0;0;2;0;0;0;0;0;0;0;0;0;-3,778473000000000;-38,579789000000000
272954;13;12;2015;19:28;0;AV PRO JOSE ARTHUR CARVALHO;;;0;;Colis?úo;;;;Meio de Quadra;;;0;0;2;0;0;0;0;0;0;0;0;0;;
272952;13;12;2015;16:37;0;RUA JUNIOR ROCHA;;;0;;Colis?úo;Luz do Dia;;;Meio de Quadra;;;0;0;2;0;0;0;0;0;0;0;0;0;;
272949;13;12;2015;16:25;10065;RUA SEN MENEZES PIMENTEL;RUA ANTONIO NERY;;0;;Colis?úo;Luz do Dia;;;Cruz;Pare;Rural;0;0;2;0;0;0;0;0;0;0;0;0;;
272944;13;12;2015;08:09;9155;AV EDUARDO GIRAO;AV LUCIANO CARNEIRO;;0;;Colis?úo;Luz do Dia;;;Cruz;Sem?íforo;Comercial;0;0;2;0;0;0;0;0;0;0;0;0;-3,752275000000000;-38,532811000000000
272945;13;12;2015;08:42;0;RUA JULIO BRAGA;;;0;;Colis?úo;Luz do Dia;;;Meio de Quadra;;;0;0;2;0;0;0;0;0;0;0;0;0;;
272946;13;12;2015;16:10;0;RUA MENEZES DE OLIVEIRA;;;0;;Colis?úo;Luz do Dia;;;Meio de Quadra;;;0;0;2;0;0;0;0;0;0;0;0;0;;
272939;13;12;2015;07:48;15165;AV ABOLICAO;AV HIS RAIMUNDO GIRAO;;0;;Colis?úo;Luz do Dia;;;Cruz;Sem?íforo;Misto;0;0;2;0;0;0;0;0;0;0;0;0;-3,725111000000000;-38,502412000000000
272935;13;12;2015;07:02;1432;AV SANTOS DUMONT;AV SEN VIRGILIO TAVORA;;0;;Choque c/ Obst?ículo Fixo;Luz do Dia;;;Cruz;Sem?íforo;Comercial;0;0;1;0;0;0;0;0;0;0;0;0;-3,737828000000000;-38,493482000000000
272931;13;12;2015;05:29;2699;RUA OSCAR ARARIPE;RUA CEL VIRGILIO NOGUEIRA (BOM JARDIM);;0;;Colis?úo;Amanhecer;;;Outros;Sem?íforo;Comercial;0;0;2;0;0;0;0;0;0;0;0;0;-3,788212000000000;-38,608554000000000
268323;13;12;2015;14:30;0;RUA AGAMENON;;;551;;Colis?úo Lateral;Luz do Dia;;;Meio de Quadra;;;0;2;1;0;1;0;0;0;0;1;0;0;-3,792424000000000;-38,586113000000000
268311;13;12;2015;01:30;0;AV ABOLICAO;;;3609;;Colis?úo Traseira;;;;Meio de Quadra;;;0;0;3;1;1;0;0;0;0;0;0;0;-3,725999000000000;-38,487075000000000
268309;13;12;2015;01:45;0;RUA BOM JESUS (GRANJA LISBOA);;;2800;;Colis?úo Frontal;;;;Meio de Quadra;;;1;0;1;1;0;0;0;0;0;1;0;0;;
268304;13;12;2015;20:00;0;AV DR THEBERGE;;;1757;;Choque c/ Obst?ículo Fixo;;;;Meio de Quadra;;;0;0;1;1;0;0;0;0;0;0;0;0;-3,716735000000000;-38,565640000000000
268253;13;12;2015;18:10;25769;AV DR SILAS MUNGUBA;RUA CORUMBA;;0;;Colis?úo Transversal;Anoitecer;;;;Gesto;Comercial;0;1;1;0;0;0;0;0;0;1;0;0;-3,801188000000000;-38,530014000000000
268241;13;12;2015;07:05;0;AV ENG LUIS VIEIRA;;;0;;Choque c/ Obst?ículo Fixo;Luz do Dia;;;Meio de Quadra;;;0;0;1;1;0;0;0;0;0;0;0;0;;
268244;13;12;2015;07:00;24988;RUA FRE MANSUETO;RUA TAVARES COUTINHO;;0;;Colis?úo Transversal;Luz do Dia;;;Cruz;Sem?íforo Intermitente;Comercial;0;2;0;1;0;0;0;0;0;0;0;0;-3,732638000000000;-38,488784000000000
268248;13;12;2015;18:30;0;RUA MAL BITENCOURT;;;327;;Colis?úo Lateral;Anoitecer;;;Meio de Quadra;;;2;1;1;1;0;0;0;0;0;1;0;0;-3,787399000000000;-38,528747000000000
268236;13;12;2015;21:00;15301;RUA TEN BENEVOLO;RUA SILVA PAULET;;0;;Colis?úo Transversal;;;;Cruz;Pare;Comercial;0;0;3;1;0;0;0;0;0;0;0;0;-3,729724000000000;-38,503888000000000
268217;13;12;2015;17:00;4319;AV VICENTE DE CASTRO;AV JOSE SABOIA;;0;;Colis?úo Lateral;Anoitecer;;;Cruz;N?úo H?í Controle;Comercial;0;0;2;1;1;0;0;0;0;0;0;0;-3,713785000000000;-38,473200000000000
268213;13;12;2015;18:25;15347;AV DOM LUIS;RUA TIBURCIO CAVALCANTE;;0;;Colis?úo Lateral;Anoitecer;;;T;Sem?íforo;Comercial;0;0;2;0;1;0;0;0;0;0;0;0;-3,732021000000000;-38,501313000000000
268206;13;12;2015;;0;AV CEL CARVALHO;;;3700;;Colis?úo Traseira;;;;Meio de Quadra;;;0;0;2;1;0;0;0;0;0;0;0;0;;
268178;13;12;2015;21:30;0;RUA BARROS LEAL;;;2236;;Colis?úo Lateral;;;;Meio de Quadra;;;0;1;1;1;0;0;0;0;0;1;0;0;-3,754919000000000;-38,519077000000000
268181;13;12;2015;04:00;3820;AV CARAPINIMA;AV 13 DE MAIO;;0;;Colis?úo Traseira;;;;Cruz;Sem?íforo;Comercial;0;1;1;1;0;0;0;0;0;1;0;0;-3,740001000000000;-38,540239000000000
268176;13;12;2015;00:05;5418;RUA GAL CLARINDO DE QUEIROZ;RUA ASSUNCAO;;0;;Colis?úo Transversal;;;;Cruz;Pare;Comercial;0;0;2;1;0;0;0;0;0;0;0;0;-3,733329000000000;-38,528262000000000
268172;13;12;2015;20:00;13534;AV SORIANO ALBUQUERQUE;RUA JOAO CORDEIRO;;0;;Choque c/ Obst?ículo Fixo;;;;Cruz;Pare;Residencial;0;1;0;1;0;0;0;0;0;0;0;0;-3,747871000000000;-38,519458000000000
268160;13;12;2015;14:30;0;RUA DOM SEBASTIAO LEME;;;1079;;Colis?úo Lateral;Luz do Dia;;;Meio de Quadra;;;0;1;1;1;0;0;0;0;0;1;0;0;-3,751630000000000;-38,525342000000000
268162;13;12;2015;16:50;12520;AV AUGUSTO DOS ANJOS;RUA ALUISIO AZEVEDO;;0;;Colis?úo Lateral;Luz do Dia;;;T;Sem?íforo;Comercial;0;1;1;1;0;0;0;0;0;1;0;0;-3,773439000000000;-38,573164000000000
268164;13;12;2015;18:40;4189;AV PRS CASTELO BRANCO;RUA FRANCISCO CORDEIRO;;0;;Colis?úo Transversal;;;;Cruz;Pare;Comercial;0;0;2;1;0;0;0;0;0;0;0;0;-3,713113000000000;-38,550593000000000
268166;13;12;2015;17:32;7909;AV DES MOREIRA;RUA FRANCISCO HOLANDA;;0;;Colis?úo Lateral;Anoitecer;;;Cruz;Sem?íforo;Residencial;0;1;1;1;0;0;0;0;0;1;0;0;-3,749355000000000;-38,502540000000000
271619;13;12;2015;00:53;0;AV AGUANAMBI;;;0;;Colis?úo;;;;Meio de Quadra;;;0;1;0;1;0;0;0;0;0;0;0;0;;
271644;13;12;2015;05:27;12834;RUA BAR RIO BRANCO;RUA ANTONIO POMPEU;;0;;Colis?úo;Amanhecer;;;Cruz;Sem?íforo;Comercial;0;1;0;0;0;0;0;0;0;0;0;0;-3,734707000000000;-38,530891000000000
271642;13;12;2015;01:02;0;RUA JULIO SILVA;;;0;;Queda;;;;Meio de Quadra;;;0;1;0;0;0;0;0;0;0;1;0;0;;
271687;13;12;2015;11:51;26236;RUA BERNARDO MANUEL;AV DR SILAS MUNGUBA;;0;;Atropelamento;Luz do Dia;;;;;;1;0;1;1;0;0;0;0;0;0;0;0;-3,787538000000000;-38,547960000000000
271688;13;12;2015;13:35;0;RUA SAO SEBASTIAO D62;;;0;;Colis?úo;Luz do Dia;;;Meio de Quadra;;;0;1;1;1;0;0;0;0;0;1;0;0;;
271689;13;12;2015;14:20;0;AV CEL CARVALHO;;;0;;Colis?úo;Luz do Dia;;;Meio de Quadra;;;0;1;0;0;0;0;0;0;0;0;0;0;-3,714473000000000;-38,588679000000000
271690;13;12;2015;15:12;15144;AV RUI BARBOSA;AV MON TABOSA;;0;;Colis?úo;Luz do Dia;;;Cruz;Pare;Comercial;0;1;1;1;0;0;0;0;0;1;0;0;-3,724441000000000;-38,505696000000000
271685;13;12;2015;11:12;0;AV MR HULL;;;0;;Colis?úo;Luz do Dia;;;Meio de Quadra;;;0;1;1;1;0;0;0;0;0;1;0;0;-3,739857000000000;-38,592878000000000
271680;13;12;2015;10:47;7633;AV CARNEIRO DE MENDONCA;RUA RIO GRANDE DO SUL;;0;;Colis?úo;Luz do Dia;;;Cruz;Sem?íforo;Misto;0;1;1;1;0;0;0;0;0;0;0;0;-3,762374000000000;-38,570011000000000
271653;13;12;2015;06:56;24988;RUA TAVARES COUTINHO;RUA FRE MANSUETO;;0;;Colis?úo;Luz do Dia;;;Cruz;Sem?íforo Intermitente;Comercial;0;1;0;1;0;0;0;0;0;0;0;0;-3,732638000000000;-38,488784000000000
271650;13;12;2015;05:29;0;RUA TARCISIO PEIXOTO;;;0;;Colis?úo;Amanhecer;;;Meio de Quadra;;;0;1;1;1;0;0;0;0;0;1;0;0;;
271657;13;12;2015;09:02;0;RUA NEREU RAMOS;;;0;;Colis?úo;Luz do Dia;;;Meio de Quadra;;;0;1;1;1;0;0;0;0;0;1;0;0;;
271760;13;12;2015;20:08;0;AV MON AMARILIO RODRIGUES;;;0;;Queda;;;;;;;0;1;0;0;0;0;0;0;0;1;0;0;;
271762;13;12;2015;20:11;0;RUA COS GOUVEIA;;;0;;Atropelamento;;;;Meio de Quadra;;;0;1;1;0;1;0;0;0;0;0;0;0;-3,717201000000000;-38,565062000000000
271764;13;12;2015;21:07;0;RUA DR GILBERTO STUDART;;;0;;Colis?úo;;;;Meio de Quadra;;;0;1;1;1;0;0;0;0;0;1;0;0;;
271769;13;12;2015;23:04;0;AV MR HULL;;;0;;Capotamento;;;;Meio de Quadra;;;0;1;0;0;0;0;0;0;0;0;0;0;;
271737;13;12;2015;19:29;5324;RUA PEDRO I;RUA GAL SAMPAIO;;0;;Colis?úo;;;;Cruz;Sem?íforo Danificado;Comercial;0;1;1;1;0;0;0;0;0;1;0;0;-3,730182000000000;-38,531758000000000
271738;13;12;2015;19:40;0;RUA VALPARAISO;;;0;;Colis?úo;;;;Meio de Quadra;;;0;1;0;0;0;0;0;0;0;1;0;0;;
271720;13;12;2015;19:18;0;RUA SANDRA GENTIL;;;0;;Colis?úo;;;;Meio de Quadra;;;0;1;1;1;0;0;0;0;0;1;0;0;;
271718;13;12;2015;18:18;0;RUA EMILIO DE MENESES;;;0;;Colis?úo;Anoitecer;;;Meio de Quadra;;;0;1;0;0;0;0;0;0;0;0;0;0;-3,777084000000000;-38,603996000000000
271696;13;12;2015;17:25;0;RD BR 116;;;5000;KM-05;Atropelamento;Anoitecer;;;Meio de Quadra;;;0;1;1;0;0;0;0;0;0;1;0;0;-3,796502000000000;-38,506787000000000
271692;13;12;2015;15:45;0;RUA PDE PEDRO DE ALENCAR;;;0;;Colis?úo;Luz do Dia;;;Meio de Quadra;;;0;1;1;1;0;1;0;0;0;0;0;0;-3,846095000000000;-38,494523000000000
271678;13;12;2015;10:18;24886;AV MAJ ASSIS;AV MOZART PINHEIRO DE LUCENA;;0;;Colis?úo;Luz do Dia;;;Cruz;Sem?íforo;Residencial;0;1;1;1;0;0;0;0;0;1;0;0;-3,721695000000000;-38,596693000000000
271766;13;12;2015;21:48;0;AV HIS RAIMUNDO GIRAO;;;0;;Colis?úo;;;;Meio de Quadra;;;0;1;1;1;0;0;0;0;0;1;0;0;;
271767;13;12;2015;23:01;0;AV GODOFREDO MACIEL;;;0;;Colis?úo;;;;Meio de Quadra;;;0;1;0;0;0;0;0;0;0;0;0;0;-3,796928000000000;-38,570061000000000
259423;13;12;2015;17:30;0;RD BR 116;;;12000;KM-12;Atropelamento;Anoitecer;Bom;Seca;Meio de Quadra;N?úo H?í Controle;Comercial;0;2;0;0;0;0;0;0;0;1;0;0;-3,855740000000000;-38,496066000000000
259441;13;12;2015;10:55;0;RD BR 222;;;0;KM-02;Colis?úo Traseira;Luz do Dia;Bom;Seca;Meio de Quadra;N?úo H?í Controle;Comercial;0;1;1;1;0;0;0;0;0;1;0;0;-3,738951000000000;-38,586880000000000
259427;14;12;2015;08:20;0;RD BR 116;;;13000;KM-13;Colis?úo Lateral;Luz do Dia;Bom;Seca;Meio de Quadra;N?úo H?í Controle;Comercial;0;0;2;0;0;0;0;0;0;0;0;0;-3,864670000000000;-38,497727000000000
271775;14;12;2015;00:37;5162;RUA SAO PAULO;RUA GAL SAMPAIO;;0;;Colis?úo;;;;Cruz;Sem?íforo;Comercial;0;1;1;0;0;0;0;0;0;0;0;0;-3,725134000000000;-38,530266000000000
271776;14;12;2015;01:57;0;AV OLAVO BILAC;;;0;;Queda;;;;Meio de Quadra;;;0;1;0;0;0;0;0;0;0;1;0;0;-3,733313000000000;-38,564488000000000
271777;14;12;2015;06:30;19539;AV DR SILAS MUNGUBA;RUA EQUADOR;;0;;Colis?úo;Luz do Dia;;;Cruz;Sem?íforo;Comercial;0;1;1;1;0;0;0;0;0;1;0;0;-3,782377000000000;-38,555434000000000
271779;14;12;2015;06:47;2592;RUA ASTROGILDO FONTOURA;RUA ARAKEN;;0;;Colis?úo;Luz do Dia;;;;;;0;1;1;1;0;0;0;0;0;1;0;0;-3,712179000000000;-38,581104000000000
271780;14;12;2015;07:30;1234;AV SANTOS DUMONT;RUA ANTONIO AUGUSTO;;0;;Queda;Luz do Dia;;;Cruz;Pare;Comercial;0;1;0;0;0;0;0;0;0;1;0;0;-3,731222000000000;-38,513733000000000
271781;14;12;2015;08:25;0;AV DOMINGOS OLIMPIO;;;0;;Queda;Luz do Dia;;;Meio de Quadra;;;0;1;0;0;0;0;0;0;0;1;0;0;-3,737922000000000;-38,526796000000000
271782;14;12;2015;08:48;0;AV GOV RAUL BARBOSA;;;0;;Colis?úo;Luz do Dia;;;Meio de Quadra;;;0;1;1;1;0;0;0;0;0;1;0;0;;
271783;14;12;2015;11:39;0;AV PRO GOMES DE MATOS;;;0;;Colis?úo;Luz do Dia;;;Meio de Quadra;;;0;1;1;1;0;1;0;0;0;0;0;0;-3,764172000000000;-38,548214000000000
271784;14;12;2015;11:41;0;RUA JAIME LEONEL;;;0;;Colis?úo;Luz do Dia;;;Meio de Quadra;;;0;1;0;0;0;0;0;0;0;0;0;0;;
271785;14;12;2015;12:05;0;AV SANTOS DUMONT;;;0;;Colis?úo;Luz do Dia;;;Meio de Quadra;;;0;1;1;1;0;0;0;0;0;1;0;0;-3,737200000000000;-38,495341000000000
271786;14;12;2015;12:54;3381;RUA AMAZONAS;RUA MATO GROSSO;;0;;Colis?úo;Luz do Dia;;;Cruz;Pare;Residencial;0;1;1;1;0;0;0;0;0;1;0;0;-3,754493000000000;-38,562396000000000
271839;14;12;2015;19:56;0;RD BR 116;;;0;;Colis?úo;;;;Meio de Quadra;;;0;1;0;1;0;0;0;0;0;0;0;0;;
271835;14;12;2015;18:16;0;RUA CANAL;;;0;;Colis?úo;Anoitecer;;;Meio de Quadra;;;0;1;0;0;0;0;0;0;0;0;0;0;;
271837;14;12;2015;18:27;0;AV PERIMETRAL;;;0;;Atropelamento;Anoitecer;;;Meio de Quadra;;;0;1;1;0;0;0;0;0;0;1;0;0;;
271830;14;12;2015;13:53;0;RUA ELCIAS LOPES;;;0;;Colis?úo;Luz do Dia;;;Meio de Quadra;;;0;1;1;1;0;0;0;0;0;1;0;0;-3,771124000000000;-38,555607000000000
271831;14;12;2015;16:06;0;AV SEN VIRGILIO TAVORA;;;0;;Atropelamento;Luz do Dia;;;Meio de Quadra;;;0;1;1;1;0;0;0;0;0;0;0;0;-3,731259000000000;-38,491375000000000
268531;14;12;2015;16:00;15233;RUA JULIO IBIAPINA;RUA JUAZEIRO DO NORTE;;0;;Colis?úo Transversal;Luz do Dia;;;Cruz;Pare;Comercial;0;1;2;1;0;0;0;0;0;0;0;0;-3,727527000000000;-38,491155000000000
268532;14;12;2015;18:45;930;AV AGUANAMBI;AV BORGES DE MELO;;0;;Colis?úo Lateral;;;;Cruz;N?úo H?í Controle;Misto;0;1;1;0;0;0;1;0;0;1;0;0;-3,760928000000000;-38,523880000000000
268533;14;12;2015;06:53;0;RUA CON DE CASTRO;;;0;;Colis?úo Lateral;Luz do Dia;;;Meio de Quadra;;;0;0;2;1;1;0;0;0;0;0;0;0;;
268539;14;12;2015;08:10;0;AV GAL OSORIO DE PAIVA;;;4225;;Colis?úo Traseira;Luz do Dia;;;Meio de Quadra;;;0;1;1;1;0;0;0;0;0;1;0;0;-3,795608000000000;-38,593233000000000
268327;14;12;2015;16:40;25116;AV ROGACIANO LEITE;RUA PDE FRANCISCO PITA;;0;;Colis?úo Transversal;Luz do Dia;;;Cruz;Pare;Comercial;0;1;1;0;0;0;0;0;0;1;0;0;-3,780960000000000;-38,501766000000000
268329;14;12;2015;12:00;1405;AV SANTOS DUMONT;RUA VICENTE LEITE;;0;;Colis?úo Lateral;Luz do Dia;;;Cruz;Sem?íforo;Comercial;0;1;1;1;0;0;0;0;1;0;0;0;-3,737173000000000;-38,495419000000000
268331;14;12;2015;22:00;5443;RUA METON DE ALENCAR;RUA SOLON PINHEIRO;;0;;Colis?úo Transversal;;;;Cruz;Sem?íforo;Misto;0;1;1;1;1;0;0;0;0;0;0;0;-3,734622000000000;-38,527697000000000
268342;14;12;2015;09:36;8643;AV ENG LEAL LIMA VERDE (SAPIRANGA/COITE);AV EDILSON B SOARES;;0;;Colis?úo Transversal;Luz do Dia;;;Cruz;N?úo H?í Controle;Lazer;0;0;2;1;0;0;0;0;0;0;0;0;-3,789082000000000;-38,476215000000000
268354;14;12;2015;14:30;4022;AV JOAO PESSOA;RUA OSCAR BEZERRA ARAUJO;;0;;Colis?úo Lateral;Luz do Dia;;;T;Outros;Comercial;0;0;2;1;1;0;0;0;0;0;0;0;-3,761747000000000;-38,557535000000000
268521;14;12;2015;16:10;15103;AV HIS RAIMUNDO GIRAO;RUA ANTONIO AUGUSTO;;0;;Colis?úo Lateral;Luz do Dia;;;T;Pare;Comercial;0;0;2;1;0;0;0;0;0;0;0;0;-3,721143000000000;-38,510510000000000
268522;14;12;2015;06:46;0;RUA DOM JERONIMO D06;;;0;;Colis?úo Traseira;Luz do Dia;;;Meio de Quadra;;;0;0;2;1;0;0;0;0;0;0;0;0;;
268517;14;12;2015;03:50;0;AV DEP PAULINO ROCHA;;;3131;CASTELAO;Outros;;;;Meio de Quadra;;;0;0;1;1;0;0;0;0;0;0;0;0;-3,808405000000000;-38,523807000000000
268518;14;12;2015;17:50;0;AV PRS COSTA E SILVA;;;2577;;Colis?úo Transversal;Anoitecer;;;Meio de Quadra;;;0;1;1;1;0;0;0;0;0;1;0;0;-3,820719000000000;-38,559169000000000
268490;14;12;2015;15:15;0;AV CEL CARVALHO;;;1998;;Engavetamento;Luz do Dia;;;Meio de Quadra;;;0;0;3;1;0;0;0;0;0;0;0;0;-3,720260000000000;-38,587202000000000
268499;14;12;2015;09:30;5346;AV SANTOS DUMONT;RUA JOAO CORDEIRO;;0;;Colis?úo Transversal;Luz do Dia;;;Cruz;Sem?íforo;Comercial;0;0;2;1;0;0;0;0;0;0;0;0;-3,730878000000000;-38,514781000000000
268461;14;12;2015;10:00;0;AV GOV RAUL BARBOSA;;;5270;;Colis?úo Lateral;Luz do Dia;;;Meio de Quadra;;;0;0;2;1;0;0;1;0;0;0;0;0;-3,765619000000000;-38,508987000000000
268449;14;12;2015;07:45;20042;AV PRS JUSCELINO KUBITSCHEK (PASSAR?ë);AV DEP PAULINO ROCHA;;0;;Colis?úo Traseira;Luz do Dia;;;;;;0;2;1;0;0;0;1;0;0;1;0;0;-3,807229000000000;-38,524782000000000
268433;14;12;2015;10:00;3768;AV TRISTAO GONCALVES;AV DOMINGOS OLIMPIO;;0;;Colis?úo Traseira;Luz do Dia;;;Cruz;Sem?íforo;Comercial;0;0;3;1;0;0;0;0;0;0;0;0;-3,735133000000000;-38,535613000000000
268425;14;12;2015;16:00;15152;AV BAR STUDART;AV ABOLICAO;;0;;Colis?úo Traseira;Luz do Dia;;;;;;0;0;4;1;0;0;1;0;0;0;0;0;-3,724762000000000;-38,503445000000000
268422;14;12;2015;06:45;0;RUA ESTEVAO DE CAMPOS;;;1375;;Colis?úo Traseira;Luz do Dia;;;Meio de Quadra;;;0;0;2;1;0;0;0;0;0;0;0;0;-3,701389000000000;-38,587561000000000
268401;14;12;2015;18:00;25697;RUA ROCHA LIMA;RUA JOAO CORDEIRO;;0;;Colis?úo Transversal;Anoitecer;;;Cruz;Pare;Residencial;0;2;0;0;0;0;0;0;0;1;0;0;-3,738000000000000;-38,517275000000000
268409;14;12;2015;10:10;0;AV TEN LISBOA;;;1545;;Colis?úo Lateral;Luz do Dia;;;Meio de Quadra;;;0;0;2;1;0;0;0;0;0;0;0;0;-3,717902000000000;-38,549551000000000
268419;14;12;2015;11:30;5235;RUA PRC ISABEL;RUA PEDRO PEREIRA;;0;;Colis?úo Lateral Sentido Oposto;Luz do Dia;;;Cruz;Pare;Comercial;0;0;2;1;0;0;0;0;0;0;0;0;-3,727353000000000;-38,535705000000000
268366;14;12;2015;15:30;7694;RUA RIO GRANDE DO SUL;RUA RIO GRANDE DO NORTE;;0;;Colis?úo Transversal;Luz do Dia;;;Cruz;Pare;Residencial;0;1;1;1;0;0;0;0;0;1;0;0;-3,758617000000000;-38,567559000000000
268357;14;12;2015;18:30;23451;RUA SABINO MONTE;RUA PAULO FIRMEZA;;0;;Colis?úo Lateral;Anoitecer;;;Cruz;Pare;Residencial;0;0;2;1;1;0;0;0;0;0;0;0;-3,757031000000000;-38,511850000000000
268525;14;12;2015;08:00;3336;RUA VIRIATO RIBEIRO;RUA RIO GRANDE DO SUL;;0;;Colis?úo Transversal;Luz do Dia;;;Cruz;Pare;Residencial;0;0;2;1;0;0;0;0;0;0;0;0;-3,750184000000000;-38,561355000000000
268527;14;12;2015;10:00;19689;RUA GUSTAVO SAMPAIO;RUA DOM LINO;;0;;Colis?úo Transversal;Luz do Dia;;;Cruz;Pare;Residencial;0;0;2;1;0;0;0;0;0;0;0;0;-3,735435000000000;-38,557313000000000
268528;14;12;2015;14:25;0;AV PONTES VIEIRA;;;85;;Colis?úo Traseira;Luz do Dia;;;Meio de Quadra;;;0;0;2;1;0;0;0;0;0;0;0;0;-3,753402000000000;-38,519287000000000
268529;14;12;2015;02:45;11338;AV GODOFREDO MACIEL;RUA FRANCISCO GLICERIO;;0;;Colis?úo Frontal;;;;Cruz;Sem?íforo;Comercial;0;0;2;1;0;0;0;0;0;0;0;0;-3,795981000000000;-38,569757000000000
272984;14;12;2015;12:59;8142;RUA FRANCISCO CRUZ;RUA BENTO ALBUQUERQUE;;0;;Colis?úo;Luz do Dia;;;;;;0;0;2;0;0;0;0;0;0;0;0;0;-3,751339000000000;-38,459587000000000
272990;14;12;2015;14:32;0;ET DO FIO (MESSEJANA);;;0;;Colis?úo;Luz do Dia;;;Meio de Quadra;;;0;0;2;0;0;0;0;0;0;0;0;0;;
272987;14;12;2015;14:31;3472;RUA BEATRIZ;RUA ROSITA;;0;;Colis?úo;Luz do Dia;;;;;;0;0;2;0;0;0;0;0;0;0;0;0;-3,819141000000000;-38,503342000000000
272998;14;12;2015;15:44;0;RUA PDE VALDEVINO;;;0;;Colis?úo;Luz do Dia;;;Meio de Quadra;;;0;0;2;0;0;0;0;0;0;0;0;0;;
272999;14;12;2015;15:57;0;ET DO FIO (MESSEJANA);;;0;;Colis?úo;Luz do Dia;;;Meio de Quadra;;;0;0;2;0;0;0;0;0;0;0;0;0;;
272995;14;12;2015;14:35;10960;RUA ELCIAS LOPES;RUA EUZEBIO DE QUEIROS;;0;;Colis?úo;Luz do Dia;;;Cruz;Pare;Residencial;0;0;2;0;0;0;0;0;0;0;0;0;-3,771096000000000;-38,555685000000000
273007;14;12;2015;16:09;0;AV PERIMETRAL;;;0;;Colis?úo;Luz do Dia;;;Meio de Quadra;;;0;0;2;0;0;0;0;0;0;0;0;0;;
273008;14;12;2015;16:59;22089;RUA FRE MARCELINO;RUA GUSTAVO BRAGA;;0;;Colis?úo;Luz do Dia;;;;;;0;0;2;0;0;0;0;0;0;0;0;0;-3,747811000000000;-38,556125000000000
273009;14;12;2015;17:48;11339;AV BENJAMIM BRASIL;AV GODOFREDO MACIEL;;0;;Colis?úo;Anoitecer;;;Cruz;Sem?íforo;Comercial;0;0;2;0;0;0;0;0;0;0;0;0;-3,803264000000000;-38,572040000000000
273002;14;12;2015;16:06;10680;RUA REV BOLIVAR P BANDEIRA;RUA GONTRAN GIFFONI;;0;;Colis?úo;Luz do Dia;;;Cruz;Pare;Residencial;0;0;2;0;0;0;0;0;0;0;0;0;-3,768527000000000;-38,491413000000000
272882;14;12;2015;17:30;0;AV SEN CARLOS JEREISSATI (AEROPORTO);;;0;KM 03;Colis?úo;Anoitecer;;;Meio de Quadra;;;0;0;2;1;0;0;1;0;0;0;0;0;-3,780382000000000;-38,541414000000000
266924;14;12;2015;15:54;0;RUA ROSITA;;;0;;Colis?úo;Luz do Dia;;;Meio de Quadra;;;0;0;2;1;0;0;1;0;0;0;0;0;;
272248;14;12;2015;18:00;19540;RUA JULIO GASPAR;RUA CASIMIRO DE ABREU;;0;;Colis?úo;Anoitecer;;;Cruz;Pare;Residencial;0;1;1;1;0;0;0;0;0;0;0;0;-3,782426000000000;-38,563108000000000
272243;14;12;2015;14:30;0;AV RUI BARBOSA;;;1751;;Colis?úo;Luz do Dia;;;Meio de Quadra;;;0;0;1;1;0;0;0;0;0;0;0;0;;
272234;14;12;2015;10:00;0;AV ALBERTO CRAVEIRO;;;507;MAKRO;Colis?úo;Luz do Dia;;;Meio de Quadra;;;0;1;1;1;0;0;0;0;0;1;0;0;-3,781154000000000;-38,515910000000000
272230;14;12;2015;04:00;7674;AV JOSE BASTOS;RUA RIO GRANDE DO NORTE;;0;;Colis?úo;;;;Cruz;Sem?íforo;Comercial;0;1;1;1;1;0;0;0;0;0;0;0;-3,760562000000000;-38,564477000000000
272256;15;12;2015;17:20;14723;RUA UIRAPURU;RUA FRANCFORT;;0;;Colis?úo;Anoitecer;;;;;;0;1;1;1;0;0;0;0;0;1;0;0;-3,795490000000000;-38,581627000000000