COD_ACIDENTE;DIA;MES;ANO;HORA;INTERSECAO;LOG1;LOG2;LOG3;NUMERO;REFERENCIA;NATUREZA;ILUMINACAO;TEMPO;SUPERFICIEPISTA;TIPOCRUZAMENTO;CONTROLETRAFEGO;USOSOLO;MORTOS;FERIDOS;ILESOS;AUTOMOVEL;ONIBUS;BICICLETA;CAMINHAO;MICROONIBUS;CICLOMOTOR;MOTOCICLETA;TRACAOANIMAL;TREM;LATITUDE;LONGITUDE
272893;15;12;2015;21:15;0;AV SEN CARLOS JEREISSATI (AEROPORTO);;;0;KM 01;Colis?úo;;;;Meio de Quadra;;;0;0;2;1;0;0;0;0;0;0;0;0;-3,783803000000000;-38,520356000000000
272891;15;12;2015;10:50;0;RD CE-040;;;0;KM-10;Colis?úo;Luz do Dia;;;Meio de Quadra;;;0;0;2;0;0;0;0;0;0;0;0;0;-3,838671000000000;-38,480068000000000
273010;15;12;2015;11:15;0;RUA BENTO ALBUQUERQUE;;;0;;Atropelamento;Luz do Dia;;;Meio de Quadra;;;0;0;2;0;0;0;0;0;0;0;0;0;;
273012;15;12;2015;11:32;0;RUA ALBERTO FERREIRA;;;0;;Colis?úo;Luz do Dia;;;Meio de Quadra;;;0;0;2;0;0;0;0;0;0;0;0;0;;
273013;15;12;2015;12:01;0;RUA PARA;;;0;;Atropelamento;Luz do Dia;;;Meio de Quadra;;;0;0;2;0;0;0;0;0;0;0;0;0;;
273015;15;12;2015;13:00;0;AV ENG HUMBERTO MONTE;;;0;;Atropelamento;Luz do Dia;;;Meio de Quadra;;;0;0;2;0;0;0;0;0;0;0;0;0;;
273016;15;12;2015;13:49;10441;RUA MOCAMBIQUE;RUA ITAPERONA;;0;;Colis?úo;Luz do Dia;;;;;;0;0;2;0;0;0;0;0;0;0;0;0;-3,764451000000000;-38,599134000000000
273017;15;12;2015;15:00;0;RUA GOIANESA;;;0;;Colis?úo;Luz do Dia;;;Meio de Quadra;;;0;0;2;0;0;0;0;0;0;0;0;0;;
273018;15;12;2015;15:34;0;RUA JULIA VIEIRA;;;0;;Colis?úo;Luz do Dia;;;Meio de Quadra;;;0;0;2;0;0;0;0;0;0;0;0;0;;
273020;15;12;2015;17:01;4612;AV OLIVEIRA PAIVA;AV WASHINGTON SOARES;;0;;Colis?úo;Anoitecer;;;;;;0;0;2;0;0;0;0;0;0;0;0;0;-3,795695000000000;-38,479908000000000
273022;15;12;2015;17:47;0;LOGRADOURO SEM NOME;;;0;;Choque c/ Obst?ículo Fixo;Anoitecer;;;Meio de Quadra;;;0;0;1;0;0;0;0;0;0;0;0;0;;
268587;15;12;2015;09:40;7819;RUA JOAQUIM NABUCO;RUA FRANCISCO HOLANDA;;0;;Colis?úo Transversal;Luz do Dia;;;Cruz;Pare;Residencial;0;0;2;0;0;0;1;0;0;0;0;0;-3,748406000000000;-38,505505000000000
268564;15;12;2015;15:10;0;AV DOMINGOS OLIMPIO;;;1400;;Colis?úo Transversal;Luz do Dia;;;Meio de Quadra;;;0;0;2;0;0;0;1;0;0;0;0;0;-3,735111000000000;-38,535692000000000
268566;15;12;2015;19:20;9175;AV AGUANAMBI;RUA BARTOLOMEU DE GUSMAO;;0;;Colis?úo Lateral;;;;T;N?úo H?í Controle;Comercial;0;1;1;1;0;0;0;0;0;1;0;0;-3,757128000000000;-38,523534000000000
268558;15;12;2015;07:45;7626;RUA PARANA;RUA RIO GRANDE DO NORTE;;0;;Colis?úo Transversal;Luz do Dia;;;Cruz;Pare;Residencial;0;2;1;0;0;0;0;0;0;1;0;0;-3,757867000000000;-38,568720000000000
268554;15;12;2015;11:30;5451;AV DOM MANUEL;RUA BARBARA DE ALENCAR;;0;;Colis?úo Lateral;Luz do Dia;;;Cruz;Sem?íforo;Comercial;0;0;2;1;0;0;0;1;0;0;0;0;-3,734972000000000;-38,523262000000000
268545;15;12;2015;10:40;15193;AV ABOLICAO;TR JOSE NAPOLEAO;;0;;Colis?úo Traseira;Luz do Dia;;;Cruz;Pare;Comercial;0;1;2;0;1;0;0;0;0;0;0;0;-3,726432000000000;-38,489788000000000
268638;15;12;2015;17:50;1432;AV SANTOS DUMONT;AV SEN VIRGILIO TAVORA;;0;;Colis?úo Lateral;Anoitecer;;;Cruz;Sem?íforo;Comercial;0;0;2;1;1;0;0;0;0;0;0;0;-3,737828000000000;-38,493482000000000
268636;15;12;2015;08:30;9114;AV BORGES DE MELO;RUA DEP OSWALDO STUDART;;0;;Colis?úo Transversal;Luz do Dia;;;Cruz;Sem?íforo;Comercial;0;0;2;1;0;0;0;0;0;0;0;0;-3,758147000000000;-38,532143000000000
268628;15;12;2015;16:55;12836;AV DOMINGOS OLIMPIO;RUA BAR ARATANHA;;0;;Colis?úo Traseira;Luz do Dia;;;Cruz;Sem?íforo;Comercial;0;1;1;1;0;0;0;0;0;1;0;0;-3,737562000000000;-38,527953000000000
268624;15;12;2015;07:05;3767;AV DOMINGOS OLIMPIO;AV IMPERADOR;;0;;Engavetamento;Luz do Dia;;;Cruz;Sem?íforo;Comercial;0;0;3;1;0;0;0;0;0;0;0;0;-3,734790000000000;-38,536697000000000
268613;15;12;2015;11:00;15233;RUA JULIO IBIAPINA;RUA JUAZEIRO DO NORTE;;0;;Colis?úo Lateral;Luz do Dia;;;Cruz;Pare;Comercial;0;1;2;1;0;0;0;0;0;1;0;0;-3,727527000000000;-38,491155000000000
268608;15;12;2015;13:00;15136;AV MON TABOSA;RUA ANTONIO AUGUSTO;;0;;Colis?úo Lateral;Luz do Dia;;;Cruz;Pare;Comercial;0;0;2;1;0;0;0;0;0;1;0;0;-3,724092000000000;-38,511469000000000
268576;15;12;2015;18:15;0;RUA GERMANO FRANCK;;;41;;Colis?úo Lateral;Anoitecer;;;Meio de Quadra;;;0;0;2;1;1;0;0;0;0;0;0;0;-3,773259000000000;-38,557471000000000
268599;15;12;2015;20:00;12479;AV AUGUSTO DOS ANJOS;RUA PERDIGAO DE OLIVEIRA;;0;;Colis?úo Traseira;;;;Cruz;Sem?íforo;Misto;0;1;1;0;1;0;0;0;0;1;0;0;-3,775131000000000;-38,574712000000000
268723;15;12;2015;14:00;19942;RUA FRANCISCO LORDA;RUA MOREIRA GOMES;;0;;Colis?úo Lateral;Luz do Dia;;;Cruz;Pare;Residencial;0;1;1;1;0;0;0;0;0;1;0;0;-3,761260000000000;-38,534015000000000
268738;15;12;2015;18:10;0;RUA RIO ARAGUAIA;;;0;;Colis?úo Lateral;Anoitecer;;;Meio de Quadra;;;0;0;2;1;0;0;0;0;0;0;0;0;;
268727;15;12;2015;09:40;19278;RUA 7 DE SETEMBRO;RUA CAIO PRADO;;0;;Colis?úo Lateral;Luz do Dia;;;Cruz;Sem?íforo;Comercial;0;0;2;1;0;0;0;0;0;0;0;0;-3,773724000000000;-38,563028000000000
268735;15;12;2015;18:30;0;RUA REPUBLICA ARMENIA;;;1170;;Colis?úo Transversal;Anoitecer;;;Meio de Quadra;;;0;0;2;1;0;0;0;0;0;0;0;0;-3,791220000000000;-38,481222000000000
268755;15;12;2015;14:20;0;RUA JERONIMO ALBUQUERQUE;;;173;;Colis?úo Lateral;Luz do Dia;;;Meio de Quadra;;;0;0;2;1;0;0;0;0;0;0;0;0;;
268753;15;12;2015;16:00;2356;RUA SEN ROBERT KENNEDY;RUA ESTEVAO DE CAMPOS;;0;;Colis?úo Lateral;Luz do Dia;;;Cruz;Pare;Residencial;0;1;1;0;0;0;0;0;0;1;0;0;-3,705131000000000;-38,579516000000000
268751;15;12;2015;09:15;0;AV DEP PAULINO ROCHA;;;2026;;Colis?úo Traseira;Luz do Dia;;;Meio de Quadra;;;0;0;2;1;0;0;0;0;0;0;0;0;-3,811038000000000;-38,515763000000000
268759;15;12;2015;14:00;0;AV ENG ALBERTO SA;;;575;;Choque c/ Obst?ículo Fixo;Luz do Dia;;;Meio de Quadra;;;0;0;2;1;0;0;0;0;0;0;0;0;-3,734822000000000;-38,474932000000000
268762;15;12;2015;12:30;4611;RUA CRISANTO M DA ROCHA;RUA TAB JOAQUIM COELHO;;0;;Colis?úo Transversal;Luz do Dia;;;;;;0;1;1;1;0;0;0;0;0;1;0;0;-3,796916000000000;-38,480273000000000
268764;15;12;2015;15:10;15423;AV FRE CIRILO;RUA SILVEIRA DA MOTA;;0;;Colis?úo Traseira;Luz do Dia;;;Cruz;Pare;Comercial;0;0;2;1;0;0;0;0;0;0;0;0;-3,815944000000000;-38,498012000000000
268765;15;12;2015;20:40;0;AV ABOLICAO;;;1810;;Colis?úo Lateral;;;;Meio de Quadra;;;0;0;2;0;1;0;0;0;0;0;0;0;-3,724941000000000;-38,502930000000000
268777;15;12;2015;19:00;0;RUA PDE BARBOSA DE JESUS;;;799;;Colis?úo Lateral;;;;Meio de Quadra;;;0;0;2;1;1;0;0;0;0;0;0;0;;
268774;15;12;2015;15:40;25125;RUA DNA LEOPOLDINA;RUA ROCHA LIMA;;0;;Colis?úo Transversal;Luz do Dia;;;Cruz;Pare;Residencial;0;0;2;1;0;0;0;0;0;0;0;0;-3,736665000000000;-38,521427000000000
268780;15;12;2015;16:50;0;AV CARNEIRO DE MENDONCA;;;1270;;Colis?úo Traseira;Luz do Dia;;;Meio de Quadra;;;0;2;0;1;0;0;0;0;0;1;0;0;-3,762231000000000;-38,570268000000000
271845;15;12;2015;06:20;25334;AV B CJ CEARA;AV D CJ CEARA;;0;;Colis?úo;Luz do Dia;;;T;Pare;Misto;0;1;1;1;0;0;0;0;0;1;0;0;-3,763611000000000;-38,602328000000000
271973;15;12;2015;10:28;15195;AV ABOLICAO;RUA JOSE NAPOLEAO;;0;;Colis?úo;Luz do Dia;;;Cruz;Sem?íforo Manual;Comercial;0;1;0;1;1;0;0;0;0;0;0;0;-3,726523000000000;-38,490302000000000
271951;15;12;2015;07:28;10413;RUA SAO DOMINGOS;AV GENIBAU;;0;;Colis?úo;Luz do Dia;;;;;;0;1;0;0;0;0;0;0;0;1;0;0;-3,761273000000000;-38,597468000000000
271952;15;12;2015;07:37;0;RUA PEDRO DANTAS;;;0;;Colis?úo;Luz do Dia;;;Meio de Quadra;;;0;1;1;1;0;0;0;0;0;1;0;0;-3,785928000000000;-38,521827000000000
271954;15;12;2015;09:54;0;AV GAL OSORIO DE PAIVA;;;0;;Colis?úo;Luz do Dia;;;Meio de Quadra;;;0;1;1;1;0;0;0;0;0;1;0;0;-3,797535000000000;-38,595093000000000
271947;15;12;2015;06:50;5084;RUA PRC ISABEL;RUA SEN ALENCAR;;0;;Queda;Luz do Dia;;;Cruz;Pare;Comercial;0;1;0;0;0;0;0;0;0;1;0;0;-3,722828000000000;-38,534356000000000
272047;15;12;2015;20:45;0;AV GODOFREDO MACIEL;;;0;;Colis?úo;;;;Meio de Quadra;;;0;1;1;1;0;0;0;0;0;1;0;0;;
272035;15;12;2015;16:53;0;RUA OSCAR ARARIPE;;;0;;Colis?úo;Luz do Dia;;;Meio de Quadra;;;0;1;0;0;0;0;0;0;0;0;0;0;-3,787472000000000;-38,610878000000000
272036;15;12;2015;17:56;0;RUA TERTULIANO SALES;;;0;;Colis?úo;Anoitecer;;;Meio de Quadra;;;0;1;0;1;0;0;0;0;0;0;0;0;;
272041;15;12;2015;18:33;0;AV H CJ CEARA;;;0;;Atropelamento;;;;Meio de Quadra;;;0;2;0;0;0;0;0;0;0;1;0;0;-3,776376000000000;-38,615147000000000
272043;15;12;2015;18:43;0;AV GAL OSORIO DE PAIVA;;;0;;Colis?úo;;;;Meio de Quadra;;;0;1;0;0;0;0;0;0;0;0;0;0;-3,790640000000000;-38,588381000000000
271986;15;12;2015;11:05;0;RUA BENTO ALBUQUERQUE;;;0;;Colis?úo;Luz do Dia;;;Meio de Quadra;;;0;1;0;0;0;0;0;0;0;0;0;0;-3,744787000000000;-38,479964000000000
272003;15;12;2015;13:50;0;RUA FRANCISCO LORDA;;;0;;Colis?úo;Luz do Dia;;;Meio de Quadra;;;0;1;1;1;0;0;0;0;0;1;0;0;-3,761323000000000;-38,533803000000000
271997;15;12;2015;12:11;0;AV PRS COSTA E SILVA;;;0;;Colis?úo;Luz do Dia;;;Meio de Quadra;;;0;1;1;1;0;0;0;0;0;1;0;0;;
272006;15;12;2015;15:13;0;RUA MOCAMBIQUE;;;0;;Colis?úo;Luz do Dia;;;Meio de Quadra;;;0;1;1;1;0;0;0;0;0;1;0;0;-3,759800000000000;-38,598298000000000
272009;15;12;2015;15:33;0;AV GAL OSORIO DE PAIVA;;;0;;Atropelamento;Luz do Dia;;;Meio de Quadra;;;0;1;1;0;0;0;0;0;0;1;0;0;-3,797535000000000;-38,595093000000000
272054;16;12;2015;07:54;11269;RUA 9 CAMPO DOS INGLESES;RUA 4 CAMPO DOS INGLESES;;0;;Colis?úo;Luz do Dia;;;;;;0;1;0;0;0;0;0;0;0;0;0;0;-3,801162000000000;-38,563894000000000
272052;16;12;2015;06:35;0;AV GAL OSORIO DE PAIVA;;;0;;Colis?úo;Luz do Dia;;;Meio de Quadra;;;0;1;0;0;0;0;0;0;0;1;0;0;;
272065;16;12;2015;13:05;0;AV WASHINGTON SOARES;;;0;;Capotamento;Luz do Dia;;;Meio de Quadra;;;0;1;0;1;0;0;0;0;0;0;0;0;;
272066;16;12;2015;13:40;0;RUA ERICO MOTA;;;0;;Queda;Luz do Dia;;;Meio de Quadra;;;0;1;0;0;0;0;0;0;0;1;0;0;-3,749350000000000;-38,560225000000000
272059;16;12;2015;08:38;0;RUA BERNARDO MANUEL;;;0;;Colis?úo;Luz do Dia;;;Meio de Quadra;;;0;1;1;1;0;0;0;0;0;1;0;0;-3,804438000000000;-38,553129000000000
272108;16;12;2015;23:19;0;RUA TELES DE SOUZA;;;0;;Queda;;;;Meio de Quadra;;;0;1;0;0;0;0;0;0;0;1;0;0;-3,759047000000000;-38,557837000000000
272105;16;12;2015;22:59;0;AV PERIMETRAL;;;0;;Colis?úo;;;;Meio de Quadra;;;0;1;0;1;0;0;0;0;0;0;0;0;;
272091;16;12;2015;20:07;5146;RUA GUILHERME ROCHA;RUA PRC ISABEL;;0;;Colis?úo;;;;Cruz;Pare;Comercial;0;1;1;1;0;0;0;0;0;1;0;0;-3,724720000000000;-38,534931000000000
272086;16;12;2015;19:44;1358;AV SANTOS DUMONT;AV DES MOREIRA;;0;;Atropelamento;;;;Cruz;Sem?íforo;Comercial;0;1;0;0;0;1;0;0;0;0;0;0;-3,736226000000000;-38,498365000000000
272088;16;12;2015;20:04;5812;AV OLIVEIRA PAIVA;RUA CEZIDIO ALBUQUERQUE;;0;;Queda;;;;;N?úo H?í Controle;Comercial;0;1;0;0;0;0;0;0;0;1;0;0;-3,798714000000000;-38,503433000000000
272100;16;12;2015;20:35;0;AV GAL OSORIO DE PAIVA;;;0;;Atropelamento;;;;Meio de Quadra;;;0;1;1;0;0;0;0;0;0;1;0;0;-3,777227000000000;-38,569036000000000
272102;16;12;2015;21:37;6743;AV SANTOS DUMONT;RUA ALMEIDA PRADO;;0;;Colis?úo;;;;Cruz;Sem?íforo;Comercial;0;1;1;1;0;0;0;0;0;1;0;0;-3,743712000000000;-38,475153000000000
272083;16;12;2015;18:52;21855;RUA DA MANGUEIRA;RUA DO CARANGUEJO;;0;;Atropelamento;;;;;;;0;1;1;0;0;0;0;0;0;1;0;0;-3,732129000000000;-38,600874000000000
272063;16;12;2015;10:21;121;RUA RUI MONTE;RUA CEL JOAQUIM FRANKLIN;;0;;Queda;Luz do Dia;;;;;;0;1;0;0;0;0;0;0;0;1;0;0;-3,742326000000000;-38,587330000000000
272068;16;12;2015;16:18;12515;RUA JULIO BRAGA;RUA SILVEIRA FILHO;;0;;Atropelamento;Luz do Dia;;;Cruz;Pare;Comercial;0;1;1;0;0;0;0;0;0;0;0;0;-3,775975000000000;-38,578953000000000
268890;16;12;2015;21:30;0;RUA DES LEITE ALBUQUERQUE;;;810;;Colis?úo Lateral;;;;Meio de Quadra;;;0;0;2;1;0;0;1;0;0;0;0;0;-3,737716000000000;-38,497239000000000
268904;16;12;2015;17:00;19673;RUA GUSTAVO SAMPAIO;RUA PRO ANACLETO;;0;;Colis?úo Lateral;Anoitecer;;;Cruz;N?úo H?í Controle;Residencial;0;0;2;1;1;0;0;0;0;0;0;0;-3,734546000000000;-38,552990000000000
268898;16;12;2015;22:00;0;RUA VIRIATO RIBEIRO;;;276;;Colis?úo Traseira;;;;Meio de Quadra;;;0;0;2;1;0;0;0;0;0;0;0;0;-3,753909000000000;-38,557661000000000
268900;16;12;2015;10:10;0;RUA JAIME BENEVOLO;;;826;;Colis?úo Lateral;Luz do Dia;;;Meio de Quadra;;;0;0;2;0;0;0;1;0;0;0;0;0;-3,739466000000000;-38,527804000000000
268895;16;12;2015;;0;AV 13 DE MAIO;;;1180;;Colis?úo Traseira;;;;Meio de Quadra;;;0;0;2;1;0;0;0;0;0;0;0;0;-3,749207000000000;-38,529464000000000
268915;16;12;2015;10:00;12867;RUA JAIME BENEVOLO;RUA JOAQUIM MAGALHAES;;0;;Colis?úo Traseira;Luz do Dia;;;Cruz;Pare;Comercial;0;0;2;1;0;0;0;0;0;0;0;0;-3,739942000000000;-38,527961000000000
268910;16;12;2015;16:40;0;AV GAL MURILO BORGES;;;75;;Colis?úo Lateral;Luz do Dia;;;Meio de Quadra;;;0;1;1;0;0;0;0;0;0;1;0;0;;
268922;16;12;2015;13:40;0;RUA JOR ANTONIO P TAVARES;;;1241;;Colis?úo Lateral;Luz do Dia;;;Meio de Quadra;;;0;1;1;1;0;0;0;0;0;1;0;0;-3,813105000000000;-38,508310000000000
268884;16;12;2015;17:10;0;AV GAL OSORIO DE PAIVA;;;1431;;Colis?úo Transversal;Anoitecer;;;Meio de Quadra;;;0;1;1;1;0;0;0;0;0;1;0;0;-3,780442000000000;-38,574151000000000
268945;16;12;2015;16:50;25776;RUA G ESPL CASTELAO;AV DEP PAULINO ROCHA;;0;;Colis?úo Lateral;Luz do Dia;;;T;Pare;Residencial;0;0;2;1;0;0;1;0;0;0;0;0;-3,810248000000000;-38,518954000000000
268967;16;12;2015;17:00;0;RUA BENTO ALBUQUERQUE;;;170;;Atropelamento;Anoitecer;;;Meio de Quadra;;;0;2;0;0;0;0;0;0;0;1;0;0;-3,742623000000000;-38,486703000000000
268963;16;12;2015;21:00;5279;RUA COSTA BARROS;RUA NOGUEIRA ACIOLI;;0;;Colis?úo Transversal;Luz do Dia;;;Cruz;Pare;Comercial;0;2;2;1;1;0;0;0;0;0;0;0;-3,728753000000000;-38,516481000000000
268957;16;12;2015;15:45;0;AV MON TABOSA;;;1546;;Colis?úo Traseira;Luz do Dia;;;Meio de Quadra;;;0;1;1;0;1;0;0;0;0;0;0;0;-3,724471000000000;-38,505164000000000
268786;16;12;2015;14:20;0;AV SGT HERMINIO SAMPAIO;;;4665;;Colis?úo Lateral;Luz do Dia;;;Meio de Quadra;;;0;2;1;1;0;0;0;0;0;1;0;0;-3,732467000000000;-38,581643000000000
268784;16;12;2015;20:30;1654;RUA BENI DE CARVALHO;AV SEN VIRGILIO TAVORA;;0;;Colis?úo Traseira;;;;Cruz;Sem?íforo;Comercial;0;0;2;1;0;0;0;0;0;0;0;0;-3,744098000000000;-38,500877000000000
268821;16;12;2015;19:30;0;AV SANTOS DUMONT;;;5633;;Colis?úo Traseira;;;;Meio de Quadra;;;0;0;2;1;0;0;0;0;0;0;0;0;-3,741960000000000;-38,480535000000000
268830;16;12;2015;10:20;13664;RUA DORALICE COSTA;RUA JAIME LEONEL;;0;;Colis?úo Transversal;Luz do Dia;;;;;;0;0;2;0;0;0;0;0;0;0;0;0;-3,770068000000000;-38,495739000000000
268817;16;12;2015;05:30;3219;RUA EMILIO DE MENESES;RUA ANSELMO NOGUEIRA;;0;;Colis?úo Transversal;Amanhecer;;;Cruz;Sem?íforo;Comercial;0;1;1;1;0;0;0;0;0;1;0;0;-3,781760000000000;-38,587374000000000
268812;16;12;2015;18:00;1364;RUA TORRES CAMARA;RUA JOSE VILAR;;0;;Colis?úo Traseira;Anoitecer;;;Cruz;Sem?íforo;Comercial;0;0;2;0;0;0;1;0;0;0;0;0;-3,736301000000000;-38,504840000000000
268809;16;12;2015;17:50;17414;RUA ZACARIAS GONDIM;RUA 15 DE NOVEMBRO;;0;;Colis?úo Transversal;Anoitecer;;;Cruz;Pare;Comercial;0;2;0;0;0;0;0;0;0;1;0;0;-3,768021000000000;-38,558445000000000
268806;16;12;2015;07:45;15100;AV HIS RAIMUNDO GIRAO;RUA JOAO CORDEIRO;;0;;Colis?úo Lateral;Luz do Dia;;;Cruz;Sem?íforo;Comercial;0;0;2;1;0;0;0;0;0;0;0;0;-3,720835000000000;-38,511630000000000
268793;16;12;2015;20:30;7694;RUA RIO GRANDE DO SUL;RUA RIO GRANDE DO NORTE;;0;;Colis?úo Transversal;;;;Cruz;Pare;Residencial;0;0;2;1;0;0;0;1;0;0;0;0;-3,758617000000000;-38,567559000000000
268790;16;12;2015;23:00;0;AV JOR THOMAZ COELHO;;;3151;;Colis?úo Transversal;;;;Meio de Quadra;;;0;2;1;1;0;0;0;0;0;0;0;0;-3,828942000000000;-38,522498000000000
268853;16;12;2015;19:30;9081;AV AGUANAMBI;AV 13 DE MAIO;;0;;Colis?úo Transversal;;;;T;Pare;Comercial;0;0;2;1;0;0;1;0;0;0;0;0;-3,753844000000000;-38,523451000000000
268863;16;12;2015;08:20;0;RUA ANDRADE FURTADO;;;1974;;Colis?úo Lateral;Luz do Dia;;;Meio de Quadra;;;0;0;2;1;1;0;0;0;0;0;0;0;-3,748207000000000;-38,472175000000000
268858;16;12;2015;08:40;0;AV DA UNIVERSIDADE;;;2932;;Colis?úo Transversal;Luz do Dia;;;Meio de Quadra;;;0;0;2;1;0;0;0;0;0;0;0;0;-3,741798000000000;-38,539900000000000
268842;16;12;2015;11:30;0;RUA MAJ FACUNDO;;;1103;;Colis?úo Traseira;Luz do Dia;;;Meio de Quadra;;;0;0;2;1;0;0;0;0;0;0;0;0;-3,732101000000000;-38,529323000000000
268843;16;12;2015;07:00;0;AV EDUARDO GIRAO;;;0;;Colis?úo Transversal;Luz do Dia;;;Meio de Quadra;;;0;0;2;1;0;0;0;0;0;0;0;0;;
268836;16;12;2015;20:40;13394;AV ANTONIO SALES;RUA ANTONIO AUGUSTO;;0;;Colis?úo Transversal;;;;Cruz;N?úo H?í Controle;Comercial;0;0;2;1;0;0;0;0;0;0;0;0;-3,740913000000000;-38,517005000000000
268837;16;12;2015;15:00;5318;RUA PDE IBIAPINA;RUA GAL CLARINDO DE QUEIROZ;;0;;Colis?úo Transversal;Luz do Dia;;;Cruz;Pare;Comercial;0;1;1;1;1;0;0;0;0;0;0;0;-3,729518000000000;-38,540084000000000
268834;16;12;2015;19:00;10493;RUA PRO JOSE HENRIQUE;RUA JOSE PEREIRA BARROS;;0;;;;;;;;;0;0;2;1;0;0;0;0;0;0;0;0;-3,830589000000000;-38,479606000000000
273024;16;12;2015;12:18;0;AV PRS CASTELO BRANCO;;;0;;Colis?úo;Luz do Dia;;;Meio de Quadra;;;0;0;2;0;0;0;0;0;0;0;0;0;;
273025;16;12;2015;12:31;0;LOGRADOURO SEM NOME;;;0;;Colis?úo;Luz do Dia;;;Meio de Quadra;;;0;0;2;0;0;0;0;0;0;0;0;0;;
273053;16;12;2015;15:09;5051;RUA SEN JAGUARIBE;RUA SEN POMPEU;;0;;Colis?úo;Luz do Dia;;;Cruz;Pare;Comercial;0;0;2;0;0;0;0;0;0;0;0;0;-3,721667000000000;-38,528055000000000
273028;16;12;2015;14:07;8613;AV EDILSON B SOARES;RUA EUNICE WEVER D57;;0;;Colis?úo;Luz do Dia;;;Cruz;Pare;Residencial;0;0;2;0;0;0;0;0;0;0;0;0;-3,787916000000000;-38,462681000000000
273031;16;12;2015;14:54;3314;RUA CHILE;RUA 21 DE ABRIL D27;;0;;Colis?úo;Luz do Dia;;;Cruz;Pare;Residencial;0;0;2;0;0;0;0;0;0;0;0;0;-3,745698000000000;-38,564765000000000
273036;16;12;2015;14:56;0;RUA VICENTE LOPES;;;0;;Colis?úo;Luz do Dia;;;Meio de Quadra;;;0;0;2;0;0;0;0;0;0;0;0;0;;
273063;16;12;2015;19:59;0;AV C CJ CEARA;;;0;;Colis?úo;;;;Meio de Quadra;;;0;0;2;0;0;0;0;0;0;0;0;0;;
273058;16;12;2015;17:32;0;LOGRADOURO SEM NOME;;;0;;Colis?úo;Anoitecer;;;Meio de Quadra;;;0;0;2;0;0;0;0;0;0;0;0;0;;
272923;16;12;2015;17:40;0;RD CE-060;;;0;KM-03;Colis?úo;Anoitecer;;;Meio de Quadra;;;0;0;2;1;1;0;0;0;0;0;0;0;-3,836637000000000;-38,582776000000000
272897;16;12;2015;12:45;0;RD CE-040;;;0;KM-03;Capotamento;Luz do Dia;;;Meio de Quadra;;;0;0;2;1;0;0;1;0;0;0;0;0;-3,783185000000000;-38,481014000000000
266929;16;12;2015;00:00;0;RUA EDUARDO PERDIGAO;;;0;;Colis?úo;;;;Meio de Quadra;;;0;0;2;1;1;0;0;0;0;0;0;0;;
266931;16;12;2015;16:04;13771;RUA LUIZA MIRANDA COELHO;AV PINTO BANDEIRA D56;;0;;Colis?úo;Luz do Dia;;;Cruz;Pare;Residencial;0;0;2;1;0;0;0;0;0;0;0;0;-3,774929000000000;-38,487283000000000
272262;16;12;2015;10:00;0;AV ALBERTO CRAVEIRO;;;0;;Colis?úo;Luz do Dia;;;Meio de Quadra;;;0;0;2;1;0;0;1;0;0;0;0;0;;
272276;16;12;2015;20:00;15623;RUA VASCO DE ATAIDE;RUA VICENTE NOBRE MACEDO;;0;;Colis?úo;;;;Cruz;Pare;Residencial;0;0;1;1;0;0;0;0;0;0;0;0;-3,824367000000000;-38,484238000000000
272281;17;12;2015;20:00;0;RUA BERNARDO MANUEL;;;8131;;Colis?úo;;;;Meio de Quadra;;;0;0;2;1;0;0;0;0;0;0;0;0;-3,790916000000000;-38,549041000000000
272417;17;12;2015;22:46;0;AV SEN CARLOS JEREISSATI (AEROPORTO);;;0;;Atropelamento;;;;Meio de Quadra;;;0;1;0;0;0;0;0;0;0;0;0;0;;
272413;17;12;2015;21:09;15100;AV HIS RAIMUNDO GIRAO;RUA JOAO CORDEIRO;;0;;Atropelamento;;;;Cruz;Sem?íforo;Comercial;0;1;1;1;0;0;0;0;0;0;0;0;-3,720835000000000;-38,511630000000000
272407;17;12;2015;18:08;0;AV PERIMETRAL;;;0;;Colis?úo;Anoitecer;;;Meio de Quadra;;;0;1;1;1;0;0;0;0;0;1;0;0;;
272403;17;12;2015;17:49;10067;RUA DUAS NACOES;RUA CEL FABRICIANO;;0;;Queda;Anoitecer;;;;;;0;1;0;0;0;1;0;0;0;0;0;0;-3,783849000000000;-38,603940000000000
272401;17;12;2015;14:54;0;AV AUGUSTO DOS ANJOS;;;0;;Colis?úo;Luz do Dia;;;Meio de Quadra;;;0;0;2;1;0;0;0;0;0;1;0;0;;
272390;17;12;2015;12:33;0;AV ALBERTO CRAVEIRO;;;0;;Colis?úo;Luz do Dia;;;Meio de Quadra;;;0;1;1;1;0;0;0;0;0;1;0;0;-3,802281000000000;-38,520796000000000
272392;17;12;2015;13:49;0;AV LINEU MACHADO;;;0;;Colis?úo;Luz do Dia;;;Meio de Quadra;;;0;1;1;1;0;0;0;0;0;1;0;0;-3,761642000000000;-38,574660000000000
272393;17;12;2015;14:14;0;AV FRE CIRILO;;;0;;Colis?úo;Luz do Dia;;;Meio de Quadra;;;0;1;0;0;0;0;0;0;0;0;0;0;;
272375;17;12;2015;12:08;0;AV MR HULL;;;0;;Colis?úo;Luz do Dia;;;Meio de Quadra;;;0;1;0;0;0;0;0;0;0;0;0;0;;