COD_ACIDENTE;DIA;MES;ANO;HORA;INTERSECAO;LOG1;LOG2;LOG3;NUMERO;REFERENCIA;NATUREZA;ILUMINACAO;TEMPO;SUPERFICIEPISTA;TIPOCRUZAMENTO;CONTROLETRAFEGO;USOSOLO;MORTOS;FERIDOS;ILESOS;AUTOMOVEL;ONIBUS;BICICLETA;CAMINHAO;MICROONIBUS;CICLOMOTOR;MOTOCICLETA;TRACAOANIMAL;TREM;LATITUDE;LONGITUDE
273076;17;12;2015;13:26;17326;RUA ALAN KARDEC;RUA ALBERTO MAGNO;;0;;Colis?úo;Luz do Dia;;;Cruz;Pare;Comercial;0;0;2;0;0;0;0;0;0;0;0;0;-3,764796000000000;-38,549918000000000
273073;17;12;2015;09:19;15301;RUA TEN BENEVOLO;RUA SILVA PAULET;;0;;Colis?úo;Luz do Dia;;;Cruz;Pare;Comercial;0;0;2;0;0;0;0;0;0;0;0;0;-3,729724000000000;-38,503888000000000
273069;17;12;2015;08:25;0;RUA MANUEL MONTEIRO;;;0;;Colis?úo;Luz do Dia;;;Meio de Quadra;;;0;0;2;0;0;0;0;0;0;0;0;0;;
273078;17;12;2015;13:51;0;AV EDUARDO GIRAO;;;0;;Colis?úo;Luz do Dia;;;Meio de Quadra;;;0;0;2;0;0;0;0;0;0;0;0;0;;
273080;17;12;2015;13:58;0;AV GOV RAUL BARBOSA;;;0;;Colis?úo;Luz do Dia;;;Meio de Quadra;;;0;0;2;0;0;0;0;0;0;0;0;0;;
273082;17;12;2015;14:40;5162;RUA GAL SAMPAIO;RUA SAO PAULO;;0;;Colis?úo;Luz do Dia;;;Cruz;Sem?íforo;Comercial;0;0;2;0;0;0;0;0;0;0;0;0;-3,725134000000000;-38,530266000000000
273086;17;12;2015;14:44;0;AV PDE ANTONIO TOMAS;;;0;;Colis?úo;Luz do Dia;;;Meio de Quadra;;;0;0;2;0;0;0;0;0;0;0;0;0;;
273089;17;12;2015;16:54;10779;RUA ARACAJU;RUA GOIANIA;;0;;Colis?úo;Luz do Dia;;;;;Residencial;0;0;2;0;0;0;0;0;0;0;0;0;-3,762374000000000;-38,588958000000000
273092;17;12;2015;17:16;0;RUA COM GARCIA;;;0;;Colis?úo;Anoitecer;;;Meio de Quadra;;;0;0;2;0;0;0;0;0;0;0;0;0;;
273096;17;12;2015;17:18;10418;RUA JOSE MENDONCA;AV D CJ CEARA;;0;;Colis?úo;Anoitecer;;;Y;Pare;Comercial;0;0;2;0;0;0;0;0;0;0;0;0;-3,761731000000000;-38,603056000000000
273097;17;12;2015;18:16;0;AV PRS CASTELO BRANCO;;;0;;Colis?úo;Anoitecer;;;Meio de Quadra;;;0;0;2;0;0;0;0;0;0;0;0;0;;
273099;17;12;2015;18:17;9591;RUA PRIMEIRO DE MAIO D34;RUA JOSE TORRES;;0;;Atropelamento;Anoitecer;;;;;;0;0;2;0;0;0;0;0;0;0;0;0;-3,777817000000000;-38,606671000000000
272937;17;12;2015;15:30;0;AV SEN CARLOS JEREISSATI (AEROPORTO);;;0;KM 04;Colis?úo;Luz do Dia;;;Meio de Quadra;;;0;0;2;1;0;0;1;0;0;0;0;0;-3,779313000000000;-38,514638000000000
272948;17;12;2015;23:00;0;AV SEN CARLOS JEREISSATI (AEROPORTO);;;0;KM 01;Colis?úo;;;;Meio de Quadra;;;0;1;1;1;0;1;0;0;0;0;0;0;-3,783803000000000;-38,520356000000000
273102;17;12;2015;21:09;2758;RUA MARIA JULIA;RUA OSCAR FRANCA;;0;;Colis?úo;Luz do Dia;;;Cruz;Pare;Residencial;0;0;2;0;0;0;0;0;0;0;0;0;-3,791890000000000;-38,599725000000000
268970;17;12;2015;19:20;0;AV SANTOS DUMONT;;;2050;;Colis?úo Traseira;;;;Meio de Quadra;;;0;1;1;1;0;0;0;0;0;0;1;0;-3,733826000000000;-38,505738000000000
269008;17;12;2015;11:50;5322;AV DUQ CAXIAS;AV IMPERADOR;;0;;Colis?úo Traseira;Luz do Dia;;;Cruz;Sem?íforo;Comercial;0;0;2;1;0;0;0;1;0;0;0;0;-3,730048000000000;-38,535297000000000
268973;17;12;2015;09:50;0;RUA PDE VALDEVINO;;;287;;Colis?úo Lateral;Luz do Dia;;;Meio de Quadra;;;0;0;2;1;0;0;0;0;0;0;0;0;-3,737601000000000;-38,521674000000000
268986;17;12;2015;;0;AV ALBERTO CRAVEIRO;;;430;;Colis?úo Lateral;;;;Meio de Quadra;;;0;0;2;1;0;0;0;0;0;0;0;0;-3,782668000000000;-38,516505000000000
268982;17;12;2015;08:30;14952;RUA FERNANDO FARIAS DE MELO (MANUEL S?üTIRO);RUA CON DE CASTRO;;0;;Colis?úo Traseira;Luz do Dia;;;Duplo T;Pare;Residencial;0;0;2;1;1;0;0;0;0;0;0;0;-3,790043000000000;-38,578102000000000
268983;17;12;2015;09:30;0;AV ENG HUMBERTO MONTE;;;2929;;Colis?úo Traseira;Luz do Dia;;;Meio de Quadra;;;0;0;2;1;0;0;0;0;0;0;0;0;;
269147;17;12;2015;;0;AV SANTOS DUMONT;;;5425;;Engavetamento;;;;Meio de Quadra;;;0;0;3;1;0;0;0;0;0;0;0;0;-3,741118000000000;-38,483230000000000
269138;17;12;2015;08:00;0;AV PRO JOSE ARTHUR CARVALHO;;;2659;;Colis?úo Lateral;Luz do Dia;;;Meio de Quadra;;;0;2;0;0;0;0;0;0;0;1;0;0;-3,823861000000000;-38,455778000000000
269129;17;12;2015;10:00;0;AV CARNEIRO DE MENDONCA;;;0;;Colis?úo Traseira;Luz do Dia;;;Meio de Quadra;;;0;0;2;0;0;0;0;0;0;0;0;0;;
269093;17;12;2015;10:30;0;RUA ADELIA FEIJO;;;4705;;Outros;Luz do Dia;;;Meio de Quadra;;;0;0;2;1;0;0;1;0;0;0;0;0;;
269097;17;12;2015;18:30;15255;RUA TEN BENEVOLO;RUA MON BRUNO;;0;;Colis?úo Transversal;Anoitecer;;;Cruz;Pare;Residencial;0;0;2;1;1;0;0;0;0;0;0;0;-3,728332000000000;-38,508124000000000
269103;17;12;2015;15:00;348;RUA CESAR FONTENELE;RUA PRO LINO ENCARNACAO;;0;;Colis?úo Transversal;Luz do Dia;;;Cruz;Pare;Misto;0;0;2;1;0;0;0;0;0;0;0;0;-3,746359000000000;-38,559596000000000
269104;17;12;2015;00:00;22158;AV JOSE BASTOS;RUA GUSTAVO BRAGA;;0;;Engavetamento;;;;T;N?úo H?í Controle;Comercial;0;0;2;1;0;0;0;0;0;0;0;0;-3,751535000000000;-38,551989000000000
269109;17;12;2015;18:45;25072;AV DOS EXPEDICIONARIOS;RUA VICENTE SPINDOLA;;0;;Colis?úo Transversal;;;;Cruz;N?úo H?í Controle;Residencial;0;0;2;1;0;0;0;0;0;0;0;0;-3,767922000000000;-38,542084000000000
269122;17;12;2015;18:15;0;AV PRS COSTA E SILVA;;;0;;Colis?úo Lateral;Anoitecer;;;Meio de Quadra;;;0;1;1;0;0;0;0;0;0;1;0;0;;
269018;17;12;2015;11:20;0;RUA BAR RIO BRANCO;;;1068;;Engavetamento;Luz do Dia;;;Meio de Quadra;;;0;0;3;1;0;0;0;0;0;0;0;0;-3,727696000000000;-38,528660000000000
269041;17;12;2015;13:00;5434;AV HERACLITO GRACA;AV DOM MANUEL;;0;;Colis?úo Traseira;Luz do Dia;;;Cruz;Sem?íforo;Comercial;0;1;1;1;0;0;0;0;0;1;0;0;-3,734013000000000;-38,522952000000000
269047;17;12;2015;09:30;5716;RUA ULISSES BEZERRA;RUA CON BRAVEZA;;0;;Colis?úo Transversal;Luz do Dia;;;Cruz;Pare;Comercial;0;0;2;1;0;0;1;0;0;0;0;0;-3,797480000000000;-38,497996000000000
269053;17;12;2015;15:50;0;AV OLIVEIRA PAIVA;;;2707;;Colis?úo Traseira;Luz do Dia;;;Meio de Quadra;;;0;0;3;1;0;0;0;0;0;0;0;0;-3,795991000000000;-38,483021000000000
269085;17;12;2015;14:30;0;RUA PRO GOMES BRASIL;;;0;;Colis?úo Lateral;Luz do Dia;;;Meio de Quadra;;;0;0;2;0;1;0;0;0;0;0;0;0;;
269079;17;12;2015;08:30;10659;RUA GONTRAN GIFFONI;RUA JOR CESAR MAGALHAES;;0;;Colis?úo Transversal;Luz do Dia;;;Cruz;Pare;Residencial;0;1;1;1;0;0;0;0;0;1;0;0;-3,769449000000000;-38,489127000000000
259442;17;12;2015;11:40;0;RD BR 222;;;0;;Colis?úo Traseira;Luz do Dia;Bom;Seca;Meio de Quadra;N?úo H?í Controle;Comercial;0;0;2;0;1;0;0;0;0;0;0;0;;
272116;17;12;2015;07:10;0;AV JOSE BASTOS;;;0;;Colis?úo;Luz do Dia;;;Meio de Quadra;;;0;1;1;1;0;0;0;0;0;1;0;0;;
272117;17;12;2015;07:13;5675;RUA ALICE;RUA CHICO LEMOS;;0;;Colis?úo;Luz do Dia;;;Cruz;Pare;Residencial;0;1;1;1;0;0;0;0;0;1;0;0;-3,790026000000000;-38,499726000000000
272118;17;12;2015;07:19;0;AV PRS COSTA E SILVA;;;0;;Queda;Luz do Dia;;;Meio de Quadra;;;0;1;0;0;0;0;0;0;0;1;0;0;;
272120;17;12;2015;07:32;6285;AV C CJ CEARA;AV G CJ CEARA;;0;;Queda;Luz do Dia;;;T;N?úo H?í Controle;Residencial;0;1;0;0;0;0;0;0;0;1;0;0;;
272121;17;12;2015;10:34;0;RUA PDE PEDRO DE ALENCAR;;;0;;Colis?úo;Luz do Dia;;;Meio de Quadra;;;0;1;1;1;0;0;0;0;0;1;0;0;;
269225;17;12;2015;17:45;0;AV VIS RIO BRANCO;;;1676;;Colis?úo Traseira;Anoitecer;;;Meio de Quadra;;;0;0;2;1;0;0;0;0;0;0;0;0;-3,735690000000000;-38,524171000000000
269219;17;12;2015;12:30;1558;AV BAR STUDART;RUA PDE VALDEVINO;;0;;Colis?úo Lateral;Luz do Dia;;;Cruz;Sem?íforo;Misto;0;1;1;1;0;0;0;0;0;0;0;0;-3,741641000000000;-38,508855000000000
269223;17;12;2015;09:50;9155;AV LUCIANO CARNEIRO;AV EDUARDO GIRAO;;0;;Colis?úo Traseira;Luz do Dia;;;Cruz;Sem?íforo;Comercial;0;0;2;1;0;0;0;0;0;0;0;0;-3,752275000000000;-38,532811000000000
269175;17;12;2015;09:10;19805;AV ENG HUMBERTO MONTE;RUA JOSE PONTES;;0;;Colis?úo Traseira;Luz do Dia;;;Cruz;Sem?íforo;Comercial;0;0;3;0;0;0;0;0;0;0;0;0;-3,739413000000000;-38,568553000000000
269234;18;12;2015;07:10;19018;AV ENG ALBERTO SA;RUA JOSE CARLOS GURGEL NOGUEIRA;;0;;Colis?úo Transversal;Luz do Dia;;;Cruz;Sem?íforo;Misto;0;0;2;1;0;0;1;0;0;0;0;0;-3,734800000000000;-38,475012000000000
269242;18;12;2015;06:45;0;RUA DEP OSWALDO STUDART;;;0;RODOVI?üRIA;Colis?úo Lateral;Luz do Dia;;;Meio de Quadra;;;0;0;2;1;1;0;0;0;0;0;0;0;;
269247;18;12;2015;15:45;0;AV JOSE BASTOS;;;2399;;Engavetamento;Luz do Dia;;;Meio de Quadra;;;0;0;3;1;0;0;0;0;0;0;0;0;;
259428;18;12;2015;05:10;0;RD BR 116;;;3000;KM-03;Choque c/ Obst?ículo Fixo;Amanhecer;Bom;Seca;Meio de Quadra;N?úo H?í Controle;Comercial;0;1;0;1;0;0;0;0;0;0;0;0;-3,779838000000000;-38,514372000000000
259429;18;12;2015;23:30;0;RD BR 116;;;5000;KM-05;Colis?úo Lateral;Via Iluminada;Nublado;Seca;Meio de Quadra;N?úo H?í Controle;Comercial;0;1;1;1;0;0;0;0;0;0;0;0;-3,796502000000000;-38,506787000000000
273104;18;12;2015;09:44;23790;RUA ARRUDA CAMARA;RUA COM GARCIA;;0;;Colis?úo;Luz do Dia;;;Cruz;Pare;Residencial;0;1;1;0;0;0;0;0;0;0;0;0;-3,791373000000000;-38,581598000000000
273108;18;12;2015;10:30;0;AV IMPERADOR;;;0;;Colis?úo;Luz do Dia;;;Meio de Quadra;;;0;0;2;0;0;0;0;0;0;0;0;0;;
273110;18;12;2015;10:33;0;AV BORGES DE MELO;;;0;;Colis?úo;Luz do Dia;;;Meio de Quadra;;;0;0;2;0;0;0;0;0;0;0;0;0;;
273113;18;12;2015;11:24;7806;RUA FRANCISCO HOLANDA;RUA SILVA PAULET;;0;;Colis?úo;Luz do Dia;;;Cruz;Pare;Residencial;0;0;2;0;0;0;0;0;0;0;0;0;-3,747096000000000;-38,509525000000000
273115;18;12;2015;12:04;0;AV LAURO VIEIRA CHAVES;;;0;;Atropelamento;Luz do Dia;;;Meio de Quadra;;;0;0;2;0;0;0;0;0;0;0;0;0;;
273119;18;12;2015;12:07;4114;RUA LUCAS PINTO;AV PRS CASTELO BRANCO;;0;;Colis?úo;Luz do Dia;;;Cruz;Pare;Residencial;0;0;2;0;0;0;0;0;0;0;0;0;-3,711416000000000;-38,558025000000000
273121;18;12;2015;12:58;17632;RUA AFONSO LOPES;RUA JOAO FRANCA (PQ. 2 IRM?âOS);;0;;Colis?úo Frontal;Luz do Dia;;;Cruz;Pare;Residencial;0;0;2;0;0;0;0;0;0;0;0;0;-3,795689000000000;-38,549010000000000
273130;18;12;2015;16:21;8125;RUA MANUEL DE QUEIROZ;RUA BENTO ALBUQUERQUE;;0;;Colis?úo;Luz do Dia;;;Cruz;Pare;Misto;0;0;2;0;0;0;0;0;0;0;0;0;-3,748837000000000;-38,467393000000000
273131;18;12;2015;16:28;0;RUA EMILIO DE MENESES;;;0;;Colis?úo;Luz do Dia;;;Meio de Quadra;;;0;0;2;0;0;0;0;0;0;0;0;0;;
273132;18;12;2015;16:50;0;AV EDUARDO GIRAO;;;0;;Colis?úo;Luz do Dia;;;Meio de Quadra;;;0;0;2;0;0;0;0;0;0;0;0;0;;
273135;18;12;2015;17:04;0;RUA PERGENTINO MAIA;;;0;;Colis?úo;Anoitecer;;;Meio de Quadra;;;0;0;2;0;0;0;0;0;0;0;0;0;;
273137;18;12;2015;17:07;0;RUA OSCAR FRANCA;;;0;;Colis?úo;Anoitecer;;;Meio de Quadra;;;0;0;2;0;0;0;0;0;0;0;0;0;;
273138;18;12;2015;17:31;0;AV JOAO PESSOA;;;0;;Colis?úo;Anoitecer;;;Meio de Quadra;;;0;0;2;0;0;0;0;0;0;0;0;0;;
273139;18;12;2015;17:43;0;RUA VALPARAISO;;;0;;Colis?úo;Anoitecer;;;Meio de Quadra;;;0;0;2;0;0;0;0;0;0;0;0;0;;
273141;18;12;2015;17:46;10634;AV MIGUEL DIAS;AV WASHINGTON SOARES;;0;;Colis?úo;Anoitecer;;;T;Sem?íforo;Comercial;0;0;2;0;0;0;0;0;0;0;0;0;-3,757742000000000;-38,488341000000000
273124;18;12;2015;13:42;1336;RUA JOAO CORDEIRO;RUA PERO COELHO;;0;;Colis?úo;Luz do Dia;;;Cruz;N?úo H?í Controle;Misto;0;0;2;0;0;0;0;0;0;0;0;0;-3,735240000000000;-38,516137000000000
273127;18;12;2015;15:53;0;RUA MON SALAZAR;;;0;;Colis?úo;Luz do Dia;;;Meio de Quadra;;;0;0;2;0;0;0;0;0;0;0;0;0;;
273145;18;12;2015;18:23;5749;AV DES GONZAGA;RUA JULIO LIMA;;0;;Colis?úo;Anoitecer;;;Cruz;Pare;Comercial;0;0;2;0;0;0;0;0;0;0;0;0;-3,796143000000000;-38,500411000000000
273147;18;12;2015;18:30;23567;RUA ESV PINHEIRO;AV GOV RAUL BARBOSA;;0;;Colis?úo;Anoitecer;;;Duplo T;Pare;Residencial;0;0;2;0;0;0;0;0;0;0;0;0;-3,761659000000000;-38,507767000000000
273179;18;12;2015;19:47;0;RUA ERICO MOTA;;;0;;Colis?úo;;;;Meio de Quadra;;;0;0;2;0;0;0;0;0;0;0;0;0;;
273155;18;12;2015;18:53;13433;RUA TOMAS ACIOLI;RUA ILDEFONSO ALBANO;;0;;Atropelamento;;;;T;Pare;Residencial;0;0;2;0;0;0;0;0;0;0;0;0;-3,742685000000000;-38,516391000000000
273156;18;12;2015;18:59;0;RUA PRO JACINTO BOTELHO;;;0;;Colis?úo;;;;Meio de Quadra;;;0;0;2;0;0;0;0;0;0;0;0;0;;
273159;18;12;2015;19:08;25238;RUA PRISCO BEZERRA;RUA JOSE RANGEL;;0;;Colis?úo;;;;T;Pare;Residencial;0;0;2;0;0;0;0;0;0;0;0;0;;
273177;18;12;2015;19:18;0;AV GAL OSORIO DE PAIVA;;;0;;Colis?úo;;;;Meio de Quadra;;;0;0;2;0;0;0;0;0;0;0;0;0;;
273150;18;12;2015;18:31;0;RUA MANUEL MONTEIRO;;;0;;Colis?úo;;;;Meio de Quadra;;;0;0;2;0;0;0;0;0;0;0;0;0;;
273153;18;12;2015;18:32;22201;RUA DR GILBERTO CAMARA;AV SGT HERMINIO SAMPAIO;;0;;Colis?úo;;;;Cruz;Pare;Misto;0;0;2;0;0;0;0;0;0;0;0;0;-3,726645000000000;-38,562028000000000
272993;18;12;2015;13:30;0;RD CE-040;;;0;KM-04;Colis?úo;Luz do Dia;;;Meio de Quadra;;;0;0;2;1;0;0;0;0;0;1;0;0;-3,792050000000000;-38,480251000000000
272982;18;12;2015;10:00;0;RD CE-040;;;0;KM-10;Colis?úo;Luz do Dia;;;Meio de Quadra;;;0;0;2;1;0;0;0;0;0;0;0;0;-3,838671000000000;-38,480068000000000
272969;18;12;2015;06:30;0;RD CE-040;;;0;KM-14;Colis?úo;Luz do Dia;;;Meio de Quadra;;;0;2;0;0;0;1;0;0;0;1;0;0;-3,865526000000000;-38,469235000000000
272425;18;12;2015;01:06;0;RUA ANTONIO FIUZA;;;0;;Colis?úo;;;;Meio de Quadra;;;0;1;1;1;0;0;0;0;0;1;0;0;-3,771234000000000;-38,552595000000000
272426;18;12;2015;05:56;0;AV PERIMETRAL;;;0;;Colis?úo;Amanhecer;;;Meio de Quadra;;;0;1;1;1;0;0;0;0;0;1;0;0;;
272427;18;12;2015;07:15;0;RUA BAR AQUIRAZ;;;0;;Colis?úo;Luz do Dia;;;Meio de Quadra;;;0;1;0;0;0;0;0;0;0;0;0;0;;
272436;18;12;2015;12:34;19819;RUA AMADEU FURTADO;RUA PDE GUERRA;;0;;Colis?úo;Luz do Dia;;;Cruz;Pare;Residencial;0;1;0;1;0;0;0;0;0;0;0;0;-3,740043000000000;-38,563148000000000
272438;18;12;2015;12:51;17632;RUA AFONSO LOPES;RUA JOAO FRANCA (PQ. 2 IRM?âOS);;0;;Colis?úo;Luz do Dia;;;Cruz;Pare;Residencial;0;1;1;1;0;0;0;0;0;1;0;0;-3,795689000000000;-38,549010000000000
272429;18;12;2015;10:43;0;AV JOSE BASTOS;;;0;;Colis?úo;Luz do Dia;;;Meio de Quadra;;;0;1;0;0;0;0;0;0;0;1;0;0;-3,751411000000000;-38,551867000000000
272430;18;12;2015;08:11;0;AV CASTELO DE CASTRO;;;1003;;Atropelamento;Luz do Dia;;;Meio de Quadra;;;0;1;1;0;0;0;0;0;0;1;0;0;-3,838284000000000;-38,521727000000000
272431;18;12;2015;09:24;0;RUA PLACIDO DE CASTRO;;;0;;Colis?úo;Luz do Dia;;;Meio de Quadra;;;0;1;0;0;0;0;0;0;0;0;0;0;;
272432;18;12;2015;09:55;0;RUA CABO VERDE;;;0;;Atropelamento;Luz do Dia;;;Meio de Quadra;;;0;1;0;0;0;0;0;0;0;0;0;0;-3,850747000000000;-38,521988000000000
272433;18;12;2015;09:58;0;AV GAL OSORIO DE PAIVA;;;0;;Queda;Luz do Dia;;;Meio de Quadra;;;0;1;0;0;0;1;0;0;0;0;0;0;;
272434;18;12;2015;10:20;0;AV PRS CASTELO BRANCO;;;4728;FARMACIA PAGUE MENOS;Atropelamento;Luz do Dia;;;Meio de Quadra;;;0;1;0;0;0;0;0;0;0;0;0;0;-3,706329000000000;-38,574068000000000
272474;18;12;2015;21:04;0;AV ENG ALBERTO SA;;;0;;Colis?úo;;;;Meio de Quadra;;;0;1;0;0;0;0;0;0;0;1;0;0;-3,735535000000000;-38,472404000000000
272440;18;12;2015;15:46;23833;RUA ISMAEL PORDEUS;RUA MANUEL RODRIGUES;;0;;Colis?úo;Luz do Dia;;;;;;0;1;1;0;1;0;0;0;0;1;0;0;-3,722105000000000;-38,467488000000000
272441;18;12;2015;16:48;24372;AV LUCIANO CARNEIRO;RUA ALM RUFINO;;0;;Colis?úo;Luz do Dia;;;Cruz;Sem?íforo;Comercial;0;1;0;0;0;0;0;0;0;1;0;0;-3,766580000000000;-38,537195000000000
272444;18;12;2015;16:56;22147;RUA GUSTAVO BRAGA;RUA PAPI JUNIOR;;0;;Colis?úo;Luz do Dia;;;Cruz;Pare;Residencial;0;1;1;1;0;0;0;0;0;1;0;0;-3,749148000000000;-38,554656000000000
272445;18;12;2015;18:10;0;RUA ILDEFONSO ALBANO;;;0;;Colis?úo;Anoitecer;;;Meio de Quadra;;;0;1;0;0;0;0;0;0;0;0;0;0;-3,742923000000000;-38,516463000000000
272446;18;12;2015;20:45;0;RD BR 116;;;13000;KM-13;Queda;;;;Meio de Quadra;;;0;1;0;0;0;0;0;0;0;1;0;0;-3,864670000000000;-38,497727000000000
272471;18;12;2015;20:57;0;RUA VALPARAISO;;;0;;Colis?úo;;;;Meio de Quadra;;;0;1;0;0;0;0;0;0;0;0;0;0;;
272480;18;12;2015;22:22;0;RUA FRANCISCO GLICERIO;;;0;;Colis?úo;;;;Meio de Quadra;;;0;1;1;1;0;0;0;0;0;1;0;0;;
272477;18;12;2015;21:22;0;AV GODOFREDO MACIEL;;;0;;Colis?úo;;;;Meio de Quadra;;;0;1;1;1;0;0;0;0;0;1;0;0;-3,782461000000000;-38,565593000000000
272478;18;12;2015;21:24;0;AV 13 DE MAIO;;;0;;Queda;;;;Meio de Quadra;;;0;1;0;0;0;0;0;0;0;1;0;0;;
272486;18;12;2015;22:40;0;RUA SEN POMPEU;;;0;;Atropelamento;;;;Meio de Quadra;;;0;1;1;0;0;0;0;0;0;1;0;0;;
272487;18;12;2015;22:51;0;RUA FAUSTO AGUIAR;;;0;;Colis?úo;;;;Meio de Quadra;;;0;1;1;1;0;0;0;0;0;1;0;0;;
273182;18;12;2015;21:01;0;AV ENG ALBERTO SA;;;0;;Colis?úo;;;;Meio de Quadra;;;0;0;2;0;0;0;0;0;0;0;0;0;;
272583;18;12;2015;15:00;5443;RUA METON DE ALENCAR;RUA SOLON PINHEIRO;;0;;Colis?úo;Luz do Dia;;;Cruz;Sem?íforo;Misto;0;0;2;1;0;0;0;0;0;0;0;0;-3,734622000000000;-38,527697000000000
272556;18;12;2015;13:00;3820;AV CARAPINIMA;AV 13 DE MAIO;;0;;Colis?úo Lateral;Luz do Dia;;;Cruz;Sem?íforo;Comercial;0;1;1;0;0;0;0;0;0;1;0;0;-3,740001000000000;-38,540239000000000
269305;18;12;2015;13:00;0;AV PONTES VIEIRA;;;3000;;Colis?úo Lateral;Luz do Dia;;;Meio de Quadra;;;0;0;2;1;0;0;0;0;0;1;0;0;;
269299;18;12;2015;08:55;0;RUA ADOLFO MARINHO (VILA VELHA);;;1573;;Colis?úo Lateral;Luz do Dia;;;Meio de Quadra;;;0;0;3;1;1;0;0;0;0;0;0;0;;
269291;18;12;2015;09:50;5146;RUA GUILHERME ROCHA;RUA PRC ISABEL;;0;;Colis?úo Transversal;Luz do Dia;;;Cruz;Pare;Comercial;0;1;1;1;0;0;0;0;0;1;0;0;-3,724720000000000;-38,534931000000000
269286;18;12;2015;10:30;0;RUA ALBERTO MAGNO;;;1040;;Colis?úo Lateral;Luz do Dia;;;Meio de Quadra;;;0;0;2;1;0;0;1;0;0;0;0;0;-3,764186000000000;-38,549364000000000
269280;18;12;2015;08:00;22158;AV JOSE BASTOS;RUA GUSTAVO BRAGA;;0;;Atropelamento;Luz do Dia;;;T;N?úo H?í Controle;Comercial;0;2;0;0;0;0;0;0;0;1;0;0;-3,751535000000000;-38,551989000000000
269277;18;12;2015;13:30;0;RUA EVARISTO REIS;;;194;;Colis?úo Transversal;Luz do Dia;;;Meio de Quadra;;;0;0;2;1;0;0;0;0;0;1;0;0;-3,761081000000000;-38,509406000000000
269267;18;12;2015;22:30;19306;AV GAL OSORIO DE PAIVA;RUA EDUARDO PERDIGAO;;0;;Colis?úo Lateral;;;;Cruz;Sem?íforo;Comercial;0;0;2;1;1;0;0;0;0;0;0;0;-3,774747000000000;-38,565454000000000
269272;18;12;2015;18:00;0;AV EDUARDO GIRAO;;;301;;Colis?úo Traseira;Anoitecer;;;Meio de Quadra;;;0;0;2;1;0;0;0;0;0;0;0;0;-3,749316000000000;-38,539235000000000
269389;18;12;2015;19:20;9140;AV FELINO BARROSO;RUA PDE BARBOSA DE JESUS;;0;;Colis?úo Transversal;;;;;;;0;0;1;1;0;0;0;0;0;0;0;0;-3,749106000000000;-38,527957000000000
269383;18;12;2015;19:30;22147;RUA GUSTAVO BRAGA;RUA PAPI JUNIOR;;0;;Colis?úo Transversal;;;;Cruz;Pare;Residencial;0;1;1;1;0;0;0;0;0;1;0;0;-3,749148000000000;-38,554656000000000
269373;18;12;2015;19:10;0;AV GOV RAUL BARBOSA;;;4262;;Colis?úo Frontal;;;;Meio de Quadra;;;0;0;2;1;0;0;1;0;0;0;0;0;-3,761633000000000;-38,507689000000000
269369;18;12;2015;19:45;0;AV JOR JOAO RAMOS;;;653;;Choque c/ Obst?ículo Fixo;;;;Meio de Quadra;;;0;1;0;0;0;0;0;0;0;1;0;0;;
269365;18;12;2015;02:10;3325;RUA 3 DE MAIO;RUA ARGENTINA;;0;;Choque c/ Obst?ículo Fixo;;;;Cruz;Pare;Residencial;0;0;1;1;0;0;0;0;0;0;0;0;-3,748195000000000;-38,565363000000000
269345;18;12;2015;04:50;0;AV GAL OSORIO DE PAIVA;;;2982;;Engavetamento;;;;Meio de Quadra;;;0;3;2;1;0;0;0;0;0;1;0;0;-3,789314000000000;-38,587085000000000
269338;18;12;2015;10:30;722;RUA ENG JOAO NOGUEIRA;AV TEN LISBOA;;0;;Colis?úo;Luz do Dia;;;;;;0;0;2;1;0;0;0;0;1;0;0;0;-3,719515000000000;-38,562585000000000
269317;18;12;2015;18:15;19712;AV BEZERRA DE MENEZES;RUA JOSE PONTES;;0;;Colis?úo Transversal;Anoitecer;;;T;Pare;Comercial;0;0;2;1;0;0;1;0;0;0;0;0;-3,736463000000000;-38,568324000000000
269315;18;12;2015;21:40;0;AV DR THEBERGE;;;0;;Colis?úo Transversal;;;;Meio de Quadra;;;0;0;1;1;0;0;0;0;0;0;0;0;;
269449;19;12;2015;20:05;1338;AV BAR STUDART;RUA TORRES CAMARA;;0;;Atropelamento;;;;Cruz;Sem?íforo;Comercial;0;1;1;0;0;0;0;0;0;0;0;0;-3,735624000000000;-38,506944000000000
269426;19;12;2015;19:30;0;AV ANTONIO SALES;;;920;;Colis?úo Traseira;;;;Meio de Quadra;;;0;0;3;1;0;0;0;0;0;0;0;0;-3,742024000000000;-38,513455000000000
269636;19;12;2015;17:30;12614;AV CEL CARVALHO;RUA COS LAFAYETE;;0;;Colis?úo Transversal;Anoitecer;;;Cruz;Sem?íforo Intermitente;Comercial;0;1;1;1;0;0;0;0;0;1;0;0;-3,717512000000000;-38,587938000000000
272611;19;12;2015;17:00;26248;AV SAUDADE D68;RUA PRO MOREIRA DE SOUSA (PASSARE);;0;;Colis?úo;Anoitecer;;;;;;0;1;1;0;0;0;0;0;0;1;0;0;-3,810985000000000;-38,528638000000000
272645;19;12;2015;18:00;0;AV CONTORNO SUL;;;613;;Atropelamento;Anoitecer;;;Meio de Quadra;;;0;3;0;1;0;0;0;0;0;1;0;0;-3,835975000000000;-38,517796000000000