COD_ACIDENTE;DIA;MES;ANO;HORA;INTERSECAO;LOG1;LOG2;LOG3;NUMERO;REFERENCIA;NATUREZA;ILUMINACAO;TEMPO;SUPERFICIEPISTA;TIPOCRUZAMENTO;CONTROLETRAFEGO;USOSOLO;MORTOS;FERIDOS;ILESOS;AUTOMOVEL;ONIBUS;BICICLETA;CAMINHAO;MICROONIBUS;CICLOMOTOR;MOTOCICLETA;TRACAOANIMAL;TREM;LATITUDE;LONGITUDE
269603;19;12;2015;12:50;24943;AV ABOLICAO;AV ALM HENRIQUE SABOIA;;0;;Colis?úo Lateral;Luz do Dia;;;T;Sem?íforo;Comercial;0;1;1;1;0;0;0;0;0;1;0;0;-3,722615000000000;-38,479798000000000
269598;19;12;2015;12:20;7862;AV ANTONIO SALES;RUA PRO DIAS DA ROCHA;;0;;Colis?úo;Luz do Dia;;;Cruz;Pare;Comercial;0;1;1;1;0;0;0;0;0;1;0;0;-3,747586000000000;-38,495535000000000
269615;19;12;2015;14:40;0;RUA BARBOSA DE FREITAS;;;2033;;Colis?úo Traseira;Luz do Dia;;;Meio de Quadra;;;0;0;2;1;0;0;0;0;0;0;0;0;-3,744013000000000;-38,499761000000000
269566;19;12;2015;10:15;15204;AV ABOLICAO;RUA JULIO IBIAPINA;;0;;Colis?úo Traseira;Luz do Dia;;;Cruz;Sem?íforo;Comercial;0;0;2;1;1;0;0;0;0;0;0;0;-3,726679000000000;-38,491290000000000
269564;19;12;2015;08:00;0;AV JOAO DE ARAUJO LIMA;;;380;;Colis?úo Lateral;Luz do Dia;;;Meio de Quadra;;;0;1;1;1;0;0;0;0;0;1;0;0;-3,824611000000000;-38,558849000000000
269559;19;12;2015;14:40;0;RUA VITORIA (AV. PERIMETRAL);;;1019;;Colis?úo Lateral;Luz do Dia;;;Meio de Quadra;;;0;2;0;0;0;0;0;0;0;1;0;0;-3,761875000000000;-38,586781000000000
269487;19;12;2015;01:15;11285;RUA FRANCISCO GLICERIO;RUA CARLOS STUDART;;0;;Colis?úo Transversal;;;;Cruz;Pare;Comercial;0;1;1;1;0;0;0;0;0;1;0;0;-3,796234000000000;-38,568900000000000
269499;19;12;2015;02:00;1456;AV SANTOS DUMONT;RUA CEL JUCA;;0;;Choque c/ Obst?ículo Fixo;;;;Cruz;Sem?íforo;Comercial;0;1;0;1;0;0;0;0;0;0;0;0;-3,738438000000000;-38,491530000000000
269492;19;12;2015;23:15;12637;RUA GUILHERME MENDES;RUA MISERICORDIA;;0;;Colis?úo Transversal;;;;;;;0;1;1;0;0;0;0;0;0;1;0;0;-3,720811000000000;-38,585255000000000
269471;19;12;2015;11:00;5142;RUA CASTRO E SILVA;RUA CONDE D??EU;;0;;Colis?úo Lateral;Luz do Dia;;;Outros;Sem?íforo;Comercial;0;0;2;1;1;0;0;0;0;0;0;0;-3,724606000000000;-38,525072000000000
269478;19;12;2015;10:50;1716;AV GOV RAUL BARBOSA;RUA CAP ARAGAO;;0;;Colis?úo Lateral;Luz do Dia;;;;;;0;0;2;1;0;0;1;0;0;0;0;0;-3,763977000000000;-38,508802000000000
269520;19;12;2015;15:20;19252;AV JOAO PESSOA;RUA LIVINO DE CARVALHO;;0;;Colis?úo Transversal;Luz do Dia;;;T;;;0;1;1;1;0;0;0;0;0;1;0;0;-3,770275000000000;-38,561062000000000
269512;19;12;2015;19:00;25261;AV LINEU MACHADO;RUA DR SULIANO;;0;;Colis?úo Traseira;;;;Cruz;Pare;Comercial;0;0;2;1;0;0;0;0;0;0;0;0;;
269508;19;12;2015;14:20;19805;AV ENG HUMBERTO MONTE;RUA JOSE PONTES;;0;;Colis?úo Lateral;Luz do Dia;;;Cruz;Sem?íforo;Comercial;0;0;2;1;0;0;0;0;0;0;0;0;-3,739413000000000;-38,568553000000000
269542;19;12;2015;12:40;19363;AV GAL OSORIO DE PAIVA;RUA IGUAPE;;0;;Colis?úo Transversal;Luz do Dia;;;T;N?úo H?í Controle;Comercial;0;1;1;1;0;0;0;0;0;1;0;0;-3,776964000000000;-38,568617000000000
269531;19;12;2015;14:15;15347;AV DOM LUIS;RUA TIBURCIO CAVALCANTE;;0;;Colis?úo Lateral;Luz do Dia;;;T;Sem?íforo;Comercial;0;0;2;0;1;0;0;0;0;0;0;0;-3,732021000000000;-38,501313000000000
269527;19;12;2015;14:40;7775;AV ANTONIO SALES;AV BAR STUDART;;0;;Colis?úo Lateral;Luz do Dia;;;Cruz;Sem?íforo;Comercial;0;0;2;1;1;0;0;0;0;0;0;0;-3,743288000000000;-38,509378000000000
273183;19;12;2015;10:11;6285;AV G CJ CEARA;AV C CJ CEARA;;0;;Colis?úo;Luz do Dia;;;T;N?úo H?í Controle;Residencial;0;0;2;0;0;0;0;0;0;0;0;0;;
273184;19;12;2015;11:37;0;RUA URUCUTUBA;;;0;;Colis?úo;Luz do Dia;;;Meio de Quadra;;;0;0;2;0;0;0;0;0;0;0;0;0;;
273186;19;12;2015;11:54;0;RUA URUCUTUBA;;;0;;Colis?úo;Luz do Dia;;;Meio de Quadra;;;0;0;2;0;0;0;0;0;0;0;0;0;;
273187;19;12;2015;13:31;0;RUA ESPIRITO SANTO;;;0;;Atropelamento;Luz do Dia;;;Meio de Quadra;;;0;0;2;0;0;0;0;0;0;0;0;0;;
273197;19;12;2015;16:10;1303;RUA BARBOSA DE FREITAS;AV DOM LUIS;;0;;Colis?úo;Luz do Dia;;;;N?úo H?í Controle;Comercial;0;0;2;0;0;0;0;0;0;0;0;0;-3,733564000000000;-38,496396000000000
273198;19;12;2015;16:13;0;RUA COS LAFAYETE;;;0;;Colis?úo;Luz do Dia;;;Meio de Quadra;;;0;0;2;0;0;0;0;0;0;0;0;0;;
273199;19;12;2015;15:23;13423;AV ANTONIO SALES;RUA MON BRUNO;;0;;Atropelamento;Luz do Dia;;;Cruz;Pare;Comercial;0;0;2;0;0;0;0;0;0;0;0;0;-3,742276000000000;-38,512634000000000
273190;19;12;2015;15:17;0;AV H CJ CEARA;;;0;;Colis?úo;Luz do Dia;;;Meio de Quadra;;;0;0;2;0;0;0;0;0;0;0;0;0;;
273191;19;12;2015;15:18;2809;RUA BOM JESUS (GRANJA LISBOA);RUA ITU;;0;;Atropelamento;Luz do Dia;;;;;;0;0;2;0;0;0;0;0;0;0;0;0;-3,793664000000000;-38,603531000000000
273192;19;12;2015;15:52;0;AV PRS CASTELO BRANCO;;;0;;Colis?úo;Luz do Dia;;;Meio de Quadra;;;0;0;2;0;0;0;0;0;0;0;0;0;;
273222;19;12;2015;20:39;4319;AV JOSE SABOIA;AV VICENTE DE CASTRO;;0;;Colis?úo;;;;Cruz;N?úo H?í Controle;Comercial;0;0;2;0;0;0;0;0;0;0;0;0;-3,713785000000000;-38,473200000000000
273223;19;12;2015;20:40;0;AV TEN LISBOA;;;0;;Atropelamento;;;;Meio de Quadra;;;0;0;2;0;0;0;0;0;0;0;0;0;;
273224;19;12;2015;20:48;0;AV SEN FERNANDES TAVORA;;;0;;Colis?úo;;;;Meio de Quadra;;;0;0;2;0;0;0;0;0;0;0;0;0;;
273219;19;12;2015;19:57;0;AV PERIMETRAL;;;0;;Colis?úo;;;;Meio de Quadra;;;0;0;2;0;0;0;0;0;0;0;0;0;;
273220;19;12;2015;20:17;4087;AV FRANCISCO SA;RUA LUCAS PINTO;;0;;Colis?úo;;;;Cruz;N?úo H?í Controle;Comercial;0;0;2;0;0;0;0;0;0;0;0;0;-3,716763000000000;-38,559268000000000
273217;19;12;2015;19:53;0;AV GOV RAUL BARBOSA;;;0;;Colis?úo;;;;Meio de Quadra;;;0;1;1;0;0;0;0;0;0;0;0;0;;
273227;19;12;2015;22:51;0;RUA PRO JACINTO BOTELHO;;;0;;Colis?úo;;;;Meio de Quadra;;;0;0;2;0;0;0;0;0;0;0;0;0;;
273228;19;12;2015;22:55;0;RUA PARAGUACU D45;;;0;;Atropelamento;;;;Meio de Quadra;;;0;0;2;0;0;0;0;0;0;0;0;0;;
273214;19;12;2015;19:33;0;RUA 101 CJ NOVO MONDUBIM;;;0;;Colis?úo;;;;Meio de Quadra;;;0;0;2;0;0;0;0;0;0;0;0;0;;
273215;19;12;2015;19:35;4875;RUA JARDIM FLUMINENSE;RUA CON DE CASTRO;;0;;Colis?úo;;;;T;Sem?íforo;Residencial;0;0;2;0;0;0;0;0;0;0;0;0;-3,812831000000000;-38,597948000000000
273212;19;12;2015;19:00;19667;RUA DOM LINO;AV BEZERRA DE MENEZES;;0;;Colis?úo;;;;;;;0;0;2;0;0;0;0;0;0;0;0;0;-3,734232000000000;-38,557568000000000
273210;19;12;2015;18:59;25890;AV H CJ CEARA;RUA BARRA VERMELHA;;0;;Colis?úo;;;;Cruz;N?úo H?í Controle;Residencial;0;0;2;0;0;0;0;0;0;0;0;0;-3,775983000000000;-38,611523000000000
273208;19;12;2015;18:34;0;RUA PASSEIO DOS CAJUEIROS;;;0;;Colis?úo;;;;Meio de Quadra;;;0;0;2;0;0;0;0;0;0;0;0;0;;
273206;19;12;2015;18:29;348;RUA CESAR FONTENELE;RUA PRO LINO ENCARNACAO;;0;;Colis?úo;Anoitecer;;;Cruz;Pare;Misto;0;0;2;0;0;0;0;0;0;0;0;0;-3,746359000000000;-38,559596000000000
273203;19;12;2015;16:47;0;RUA MANACA;;;0;;Colis?úo;Luz do Dia;;;Meio de Quadra;;;0;0;2;0;0;0;0;0;0;0;0;0;;
273204;19;12;2015;17:03;24001;RUA STO AMARO DO PICI;AV TRAJANO DE MEDEIROS;;0;;Queda;Anoitecer;;;;;;0;0;1;0;0;0;0;0;0;1;0;0;;
273201;19;12;2015;16:45;13735;RUA CAIO CID;RUA NELSON STUDART;;0;;Colis?úo;Luz do Dia;;;Cruz;Pare;Misto;0;0;2;0;0;0;0;0;0;0;0;0;-3,773571000000000;-38,484694000000000
273195;19;12;2015;15:58;0;RUA BAR AQUIRAZ;;;0;;Colis?úo;Luz do Dia;;;Meio de Quadra;;;0;0;2;0;0;0;0;0;0;0;0;0;;
273243;19;12;2015;22:06;0;RUA BOUGAVILLES;;;0;;Colis?úo;;;;Meio de Quadra;;;0;0;2;0;0;0;0;0;0;0;0;0;;
272488;19;12;2015;01:31;0;RUA CON DE CASTRO;;;0;;Colis?úo;;;;Meio de Quadra;;;0;1;1;1;0;0;0;0;0;1;0;0;;
272489;19;12;2015;01:32;0;RUA MOZART FIRMEZA;;;0;;Colis?úo;;;;Meio de Quadra;;;0;1;1;1;0;0;0;0;0;1;0;0;;
272490;19;12;2015;02:31;0;RUA ARTUR DE CARVALHO;;;0;;Colis?úo;;;;Meio de Quadra;;;0;1;0;0;0;0;0;0;0;0;0;0;;
272491;19;12;2015;03:25;0;AV SEN CARLOS JEREISSATI (AEROPORTO);;;0;;Queda;;;;Meio de Quadra;;;0;1;0;0;0;0;0;0;0;1;0;0;;
272492;19;12;2015;04:11;2646;RUA RAIMUNDO FROTA;RUA JACI;;0;;Colis?úo;;;;;;;0;1;1;0;0;0;0;0;0;1;0;0;-3,714868000000000;-38,585317000000000
272493;19;12;2015;04:33;0;AV MR HULL;;;0;;Colis?úo;;;;Meio de Quadra;;;0;1;0;1;0;0;0;0;0;0;0;0;;
272495;19;12;2015;07:03;0;AV PRS CASTELO BRANCO;;;0;;Colis?úo;Luz do Dia;;;Meio de Quadra;;;0;1;0;0;0;0;0;0;0;1;0;0;-3,712902000000000;-38,551302000000000
272496;19;12;2015;08:13;0;RUA VALPARAISO;;;200;;Choque c/ Obst?ículo Fixo;Luz do Dia;;;Meio de Quadra;;;1;0;0;0;0;0;0;0;0;1;0;0;-3,851227000000000;-38,505878000000000
272497;19;12;2015;08:59;0;RUA BOA VISTA;;;0;;Colis?úo;Luz do Dia;;;Meio de Quadra;;;0;1;1;1;0;0;0;0;0;1;0;0;;
272498;19;12;2015;09:58;0;ET DO ITAPERI;;;395;;Atropelamento;Luz do Dia;;;Meio de Quadra;;;1;1;1;0;0;0;0;0;0;1;0;0;;
272499;19;12;2015;15:21;0;RUA DA SAUDADE;;;0;;Colis?úo;Luz do Dia;;;Meio de Quadra;;;0;1;0;0;0;0;0;0;0;0;0;0;;
272500;19;12;2015;16:05;17373;AV PRO GOMES DE MATOS;RUA CEL ALEXANDRINO;;0;;Colis?úo;Luz do Dia;;;Cruz;Pare;Comercial;0;1;1;1;0;0;0;0;0;1;0;0;-3,766732000000000;-38,550403000000000
272502;19;12;2015;16:27;0;RD BR 116;;;10000;KM-10;Colis?úo;Luz do Dia;;;Meio de Quadra;;;0;1;0;0;0;0;0;0;0;1;0;0;-3,834435000000000;-38,503373000000000
272503;19;12;2015;17:02;24893;AV MAJ ASSIS;RUA ANTONIO ARRUDA;;0;;Colis?úo;Anoitecer;;;Cruz;Pare;Residencial;0;1;1;1;0;0;0;0;0;1;0;0;-3,722056000000000;-38,594566000000000
272505;19;12;2015;17:26;1716;AV GOV RAUL BARBOSA;AV GAL MURILO BORGES;;0;;Colis?úo;Anoitecer;;;;;;0;1;0;0;0;0;0;0;0;1;0;0;-3,763977000000000;-38,508802000000000
272506;19;12;2015;17:29;0;RUA CASTRO DE ALENCAR;;;0;;Atropelamento;Anoitecer;;;Meio de Quadra;;;0;1;0;1;0;0;0;0;0;0;0;0;-3,782425000000000;-38,504722000000000
272507;19;12;2015;17:43;12614;AV CEL CARVALHO;AV WASHINGTON LUIS;;0;;Colis?úo;Anoitecer;;;;;;0;1;1;1;0;0;0;0;0;1;0;0;-3,717512000000000;-38,587938000000000
272510;19;12;2015;18:03;8660;AV WASHINGTON SOARES;AV EDILSON B SOARES;;0;;Colis?úo;Anoitecer;;;Outros;Sem?íforo;Comercial;0;1;0;0;0;0;0;0;0;1;0;0;-3,789444000000000;-38,480489000000000
272511;19;12;2015;20:06;0;AV BAR STUDART;;;0;;Atropelamento;;;;Meio de Quadra;;;0;1;1;1;0;0;0;0;0;0;0;0;-3,727631000000000;-38,504358000000000
272513;19;12;2015;22:55;0;RUA 15 DE NOVEMBRO;;;0;;Queda;;;;Meio de Quadra;;;0;1;0;0;0;1;0;0;0;0;0;0;-3,768055000000000;-38,558345000000000
272515;19;12;2015;23:21;0;AV CEL CARVALHO;;;0;;Colis?úo;;;;Meio de Quadra;;;0;1;1;1;0;0;0;0;0;1;0;0;-3,720572000000000;-38,587116000000000
269640;19;12;2015;16:15;24985;AV ALM HENRIQUE SABOIA;AV JANGADEIROS (MUCURIPE);;0;;Colis?úo Lateral;Luz do Dia;;;Com Via F?®rrea;;Residencial;0;1;1;0;1;0;0;0;0;1;0;0;;
269644;19;12;2015;07:30;16057;AV GODOFREDO MACIEL;AV WENEFRIDO MELO;;0;;Colis?úo Traseira;Luz do Dia;;;;;;0;0;3;1;1;0;0;0;0;0;0;0;-3,811743000000000;-38,574739000000000
272997;19;12;2015;14:30;0;AV SEN CARLOS JEREISSATI (AEROPORTO);;;0;KM 02;Colis?úo;Luz do Dia;;;Meio de Quadra;;;0;0;2;1;0;0;0;0;0;0;0;0;-3,783932000000000;-38,529156000000000
273001;19;12;2015;15:30;0;RD CE-040;;;0;KM-07;Colis?úo;Luz do Dia;;;Meio de Quadra;;;0;3;0;1;0;0;0;0;0;1;0;0;-3,817953000000000;-38,483160000000000
273021;19;12;2015;16:00;0;RD CE-040;;;0;KM-04;Colis?úo;Luz do Dia;;;Meio de Quadra;;;0;0;2;1;0;0;1;0;0;0;0;0;-3,792050000000000;-38,480251000000000
273014;19;12;2015;15:45;0;RD CE-040;;;0;KM-05;Colis?úo;Luz do Dia;;;Meio de Quadra;;;0;0;2;1;0;0;0;0;0;0;0;0;-3,790876000000000;-38,480349000000000
266960;19;12;2015;17:22;0;RUA BARBOSA DE FREITAS;;;0;;Colis?úo;Anoitecer;;;Meio de Quadra;;;0;0;2;1;0;0;0;0;0;0;0;0;;
266961;19;12;2015;21:36;10300;AV SEN FERNANDES TAVORA;RUA JOSE MENDONCA;;0;;Colis?úo;;;;Cruz;Pare;Comercial;0;0;2;1;0;0;0;0;0;0;0;0;-3,754492000000000;-38,601696000000000
268481;19;12;2015;12:03;0;AV PRS CASTELO BRANCO;;;1287;MARINHA;Colis?úo Lateral;Luz do Dia;;;Meio de Quadra;;;0;1;1;1;0;0;0;0;0;1;0;0;-3,714914000000000;-38,543758000000000
259431;19;12;2015;22:30;0;RD BR 116;;;5000;KM-05;Colis?úo Lateral;Via Iluminada;Bom;Seca;Meio de Quadra;N?úo H?í Controle;Comercial;1;1;0;0;0;0;0;0;0;1;0;0;-3,796502000000000;-38,506787000000000
259434;19;12;2015;22:40;0;RD BR 116;;;5000;KM-05;Colis?úo Traseira;Via Iluminada;Bom;Seca;Meio de Quadra;N?úo H?í Controle;Comercial;0;0;3;1;0;0;0;0;0;0;0;0;-3,796502000000000;-38,506787000000000
273027;20;12;2015;10:30;0;RD CE-040;;;0;KM-06;Colis?úo;Luz do Dia;;;Meio de Quadra;;;0;1;3;1;0;0;0;0;0;0;0;0;-3,811270000000000;-38,478781000000000
272970;20;12;2015;23:15;0;RUA ALM JACEGUAI;;;0;;Colis?úo;;;;Meio de Quadra;;;0;1;0;0;0;0;0;0;0;0;0;0;;
272973;20;12;2015;23:53;15309;RUA TEN BENEVOLO;RUA JOSE VILAR;;0;;Atropelamento;;;;Cruz;Sem?íforo;Residencial;0;1;0;0;0;0;0;0;0;0;0;0;-3,730049000000000;-38,502809000000000
272941;20;12;2015;19:20;0;AV PERIMETRAL;;;0;;Atropelamento;;;;Meio de Quadra;;;0;1;1;0;0;0;0;0;0;1;0;0;;
272932;20;12;2015;18:47;0;RUA CON DE CASTRO;;;0;;Queda;;;;Meio de Quadra;;;0;1;0;0;0;0;0;0;0;1;0;0;;
272950;20;12;2015;20:30;0;RUA OSCAR ARARIPE;;;0;;Atropelamento;;;;Meio de Quadra;;;0;1;1;1;0;0;0;0;0;0;0;0;-3,785101000000000;-38,618585000000000
272956;20;12;2015;20:41;0;AV GAL OSORIO DE PAIVA;;;0;;Colis?úo;;;;Meio de Quadra;;;0;1;1;1;0;0;0;0;0;1;0;0;;
272960;20;12;2015;21:13;0;AV SEN FERNANDES TAVORA;;;0;;Colis?úo;;;;Meio de Quadra;;;0;1;0;0;0;0;0;0;0;0;0;0;;
272895;20;12;2015;08:56;206;RUA PDE PERDIGAO SAMPAIO;RUA TEN QUEIROZ;;0;;Colis?úo;Luz do Dia;;;;;;0;1;1;1;0;0;0;0;0;1;0;0;-3,745568000000000;-38,593846000000000
272900;20;12;2015;12:17;0;AV IMPERADOR;;;0;;Atropelamento;Luz do Dia;;;Meio de Quadra;;;0;1;1;1;0;0;0;0;0;0;0;0;;
272903;20;12;2015;12:34;10807;RUA AUDISIO PINHEIRO;RUA PORTO VELHO;;0;;Colis?úo;Luz do Dia;;;Cruz;;;0;1;0;0;0;0;0;0;0;0;0;0;-3,763570000000000;-38,591490000000000
272904;20;12;2015;12:42;4213;RUA RAQUEL HOLANDA;RUA BAR CRATO;;0;;Colis?úo;Luz do Dia;;;Cruz;Pare;Residencial;0;1;1;1;0;0;0;0;0;1;0;0;-3,721069000000000;-38,558927000000000
272910;20;12;2015;13:20;0;RUA JOVINO VERISSIMO;;;0;;Queda;Luz do Dia;;;Meio de Quadra;;;0;1;0;0;0;0;0;0;0;1;0;0;;
272911;20;12;2015;13:27;0;AV CARNEIRO DE MENDONCA;;;0;;Colis?úo;Luz do Dia;;;Meio de Quadra;;;0;1;1;1;0;0;0;0;0;1;0;0;;
272913;20;12;2015;13:49;0;AV DIOGUINHO;;;0;;Colis?úo;Luz do Dia;;;Meio de Quadra;;;0;1;1;1;0;0;0;0;0;1;0;0;;
272914;20;12;2015;15:17;0;AV GAL OSORIO DE PAIVA;;;0;;Colis?úo;Luz do Dia;;;Meio de Quadra;;;0;1;1;1;0;0;0;0;0;1;0;0;;
272915;20;12;2015;15:32;0;AV CEL CARVALHO;;;0;;Colis?úo;Luz do Dia;;;Meio de Quadra;;;0;1;1;1;0;0;0;0;0;1;0;0;;
272925;20;12;2015;16:41;0;AV A CJ ESPERANCA;;;0;;Queda;Luz do Dia;;;Meio de Quadra;;;0;1;0;0;0;0;0;0;0;1;0;0;;
272929;20;12;2015;17:58;0;AV PRO GOMES DE MATOS;;;0;;Queda;Anoitecer;;;Meio de Quadra;;;0;1;0;0;0;0;0;0;0;1;0;0;-3,756058000000000;-38,541247000000000
272930;20;12;2015;18:04;0;RUA VINICIUS DE MORAES;;;0;;Colis?úo;Anoitecer;;;Meio de Quadra;;;0;1;1;1;0;0;0;0;0;1;0;0;;
272927;20;12;2015;16:45;0;AV WASHINGTON SOARES;;;0;;Queda;Luz do Dia;;;Meio de Quadra;;;0;1;0;0;0;0;0;0;0;1;0;0;;
272921;20;12;2015;16:34;0;RUA ANTONIETA CLOTILDE;;;0;;Colis?úo;Luz do Dia;;;Meio de Quadra;;;0;1;1;1;0;0;0;0;0;1;0;0;-3,717146000000000;-38,583644000000000
272922;20;12;2015;16:39;0;AV JOAO PESSOA;;;0;;Colis?úo;Luz do Dia;;;Meio de Quadra;;;0;1;1;1;0;0;0;0;0;1;0;0;;
272919;20;12;2015;16:20;0;RUA PRO GOMES BRASIL;;;0;;Atropelamento;Luz do Dia;;;Meio de Quadra;;;0;1;1;0;0;0;0;0;0;1;0;0;;
272917;20;12;2015;15:38;11658;RUA BOA VISTA;RUA TUPI D35;;0;;Colis?úo;Luz do Dia;;;Cruz;Pare;Residencial;0;1;1;1;0;0;0;0;0;1;0;0;-3,770098000000000;-38,584080000000000
269653;20;12;2015;08:40;19957;AV LUCIANO CARNEIRO;RUA STA QUITERIA;;0;;Colis?úo Transversal;Luz do Dia;;;Cruz;Sem?íforo;Comercial;0;1;1;1;0;0;0;0;0;0;0;0;-3,760537000000000;-38,535339000000000
269659;20;12;2015;19:30;0;AV GAL OSORIO DE PAIVA;;;2821;;Colis?úo Lateral;;;;Meio de Quadra;;;0;0;2;1;0;0;0;0;0;0;0;0;-3,788189000000000;-38,585939000000000
269665;20;12;2015;18:30;5076;RUA DR JOAO MOREIRA;RUA SEN POMPEU;;0;;Colis?úo Transversal;Anoitecer;;;Cruz;Sem?íforo Intermitente;Comercial;0;1;1;0;0;0;0;1;0;1;0;0;-3,722400000000000;-38,528275000000000
269677;20;12;2015;13:00;15333;RUA ANA BILHAR;RUA PRO DIAS DA ROCHA;;0;;Queda;Luz do Dia;;;Cruz;Pare;Lazer;0;1;1;1;0;0;0;0;0;1;0;0;-3,731209000000000;-38,490300000000000
269675;20;12;2015;05:30;0;AV J CJ JOSE WALTER;;;0;;Capotamento;Amanhecer;;;Meio de Quadra;;;0;1;0;1;0;0;0;0;0;0;0;0;;
269671;20;12;2015;23:10;5075;RUA ALM JACEGUAI;RUA JOSE AVELINO;;0;;Colis?úo Transversal;;;;Cruz;Pare;Comercial;0;1;1;1;1;0;0;0;0;0;0;0;-3,722395000000000;-38,519311000000000
269681;20;12;2015;06:45;13070;AV JOAO DE ARAUJO LIMA;AV C CJ JOSE WALTER;;0;;Colis?úo Traseira;Luz do Dia;;;Cruz;Sem?íforo;Residencial;0;0;2;0;1;0;1;0;0;0;0;0;-3,827604000000000;-38,559368000000000
269682;20;12;2015;10:00;0;AV RUI BARBOSA;;;1740;;Choque c/ Obst?ículo Fixo;Luz do Dia;;;Meio de Quadra;;;0;0;1;0;0;0;0;0;0;0;0;0;;
269686;20;12;2015;09:20;23041;AV DR SILAS MUNGUBA;RUA BRUNO VALENTE;;0;;Colis?úo Transversal;Luz do Dia;;;Cruz;Pare;Comercial;0;1;1;1;0;0;0;0;0;1;0;0;-3,790483000000000;-38,540009000000000
269744;20;12;2015;19:30;12818;RUA ALBERTO MAGNO;RUA ANDRE CHAVES;;0;;Colis?úo Transversal;;;;Cruz;Pare;Comercial;0;1;1;1;0;0;0;0;0;1;0;0;-3,756035000000000;-38,542230000000000
269745;20;12;2015;14:00;0;AV CEL CARVALHO;;;3303;;Capotamento;Luz do Dia;;;Meio de Quadra;;;0;0;1;1;0;0;0;0;0;0;0;0;-3,731421000000000;-38,584571000000000
269746;20;12;2015;08:00;0;AV BORGES DE MELO;;;2121;;Engavetamento;Luz do Dia;;;Meio de Quadra;;;0;0;3;1;1;0;0;0;0;0;0;0;-3,753959000000000;-38,537014000000000
269738;20;12;2015;18:40;5709;AV OLIVEIRA PAIVA;AV DES GONZAGA;;0;;Colis?úo Traseira;;;;Cruz;Sem?íforo;Lazer;0;0;2;1;0;0;1;0;0;0;0;0;-3,797165000000000;-38,499953000000000
269739;20;12;2015;18:45;0;AV MAE MANOEL MAVIGNIER;;;0;;Colis?úo Frontal;;;;Meio de Quadra;;;0;0;2;1;0;0;0;0;0;0;0;0;;
269742;20;12;2015;06:00;3769;AV DOMINGOS OLIMPIO;RUA SEN POMPEU;;0;;Colis?úo Lateral;Luz do Dia;;;Cruz;Sem?íforo;Comercial;0;0;2;1;0;0;0;0;0;0;0;0;-3,736254000000000;-38,532455000000000
269750;20;12;2015;04:00;0;AV ROGACIANO LEITE;;;200;;Colis?úo Lateral;;;;Meio de Quadra;;;0;0;2;1;0;0;0;0;0;0;0;0;-3,758927000000000;-38,491845000000000
269751;20;12;2015;06:00;14679;AV OLIVEIRA PAIVA;RUA PDE JANUARIO CAMPOS;;0;;Colis?úo Transversal;Luz do Dia;;;T;Sem?íforo;Comercial;0;0;2;1;0;0;0;0;0;0;0;0;-3,796018000000000;-38,489646000000000
269763;20;12;2015;19:00;0;RUA CEARA;;;1153;;Colis?úo Lateral;;;;Meio de Quadra;;;0;0;2;1;0;0;0;0;0;0;0;0;-3,757993000000000;-38,567242000000000
269764;20;12;2015;15:30;11160;RUA JOSE MENELEU D41;RUA SUECIA;;0;;Colis?úo Transversal;Luz do Dia;;;Cruz;Pare;Residencial;0;0;2;1;0;0;0;0;0;0;0;0;-3,782586000000000;-38,559334000000000
269765;20;12;2015;13:30;17632;RUA AFONSO LOPES;RUA JOAO FRANCA (PQ. 2 IRM?âOS);;0;;Colis?úo Transversal;Luz do Dia;;;Cruz;Pare;Residencial;0;0;2;1;0;0;0;0;0;0;0;0;-3,795689000000000;-38,549010000000000
269760;20;12;2015;10:00;5030;RUA ALM JACEGUAI;AV ALM BARROSO;;0;;Colis?úo Lateral;Luz do Dia;;;T;Sem?íforo;Lazer;0;0;2;1;1;0;0;0;0;0;0;0;-3,720749000000000;-38,519363000000000
269726;20;12;2015;17:45;7812;RUA JOAQUIM NABUCO;RUA JULIO SIQUEIRA;;0;;Colis?úo Lateral;Anoitecer;;;Cruz;Pare;Residencial;0;3;1;1;0;0;0;0;0;1;0;0;-3,750442000000000;-38,506154000000000
269722;20;12;2015;03:30;0;RUA MON OTAVIO CASTRO;;;650;;Colis?úo Frontal;;;;Meio de Quadra;;;0;0;2;1;0;0;0;0;0;0;0;0;-3,748719000000000;-38,526744000000000
269717;20;12;2015;17:40;0;AV GAL OSORIO DE PAIVA;;;5360;;Colis?úo Transversal;Anoitecer;;;Meio de Quadra;;;1;0;1;1;0;1;0;0;0;0;0;0;-3,804152000000000;-38,601530000000000
269713;20;12;2015;18:30;9675;RUA OSCAR ARARIPE;RUA GUARAREMA;;0;;Colis?úo Transversal;Anoitecer;;;Cruz;Pare;Misto;0;2;0;0;0;0;0;0;0;1;0;0;-3,785079000000000;-38,618664000000000
272516;20;12;2015;03:58;0;AV SEN CARLOS JEREISSATI (AEROPORTO);;;0;;Queda;;;;Meio de Quadra;;;0;1;0;0;0;0;0;0;0;1;0;0;;
272517;20;12;2015;05:26;0;RUA LEONARDO MOTA;;;0;;Queda;Amanhecer;;;Meio de Quadra;;;0;1;0;0;0;0;0;0;0;1;0;0;;
272518;20;12;2015;06:25;0;RUA PORTO VELHO;;;0;;Colis?úo;Luz do Dia;;;Meio de Quadra;;;0;1;1;1;0;0;0;0;0;1;0;0;-3,763860000000000;-38,590931000000000
272519;20;12;2015;07:49;0;RUA CARLOS CHAGAS;;;0;;Colis?úo;Luz do Dia;;;Meio de Quadra;;;0;1;0;0;0;0;0;0;0;1;0;0;;