COD_ACIDENTE;DIA;MES;ANO;HORA;INTERSECAO;LOG1;LOG2;LOG3;NUMERO;REFERENCIA;NATUREZA;ILUMINACAO;TEMPO;SUPERFICIEPISTA;TIPOCRUZAMENTO;CONTROLETRAFEGO;USOSOLO;MORTOS;FERIDOS;ILESOS;AUTOMOVEL;ONIBUS;BICICLETA;CAMINHAO;MICROONIBUS;CICLOMOTOR;MOTOCICLETA;TRACAOANIMAL;TREM;LATITUDE;LONGITUDE
272520;20;12;2015;08:46;0;AV DR SILAS MUNGUBA;;;0;;Colis?úo;Luz do Dia;;;Meio de Quadra;;;0;1;1;1;0;0;0;0;0;1;0;0;-3,779962000000000;-38,559897000000000
273241;20;12;2015;06:11;0;RUA COM GARCIA;;;0;;Colis?úo;Luz do Dia;;;Meio de Quadra;;;0;0;2;0;0;0;0;0;0;0;0;0;;
273245;20;12;2015;06:57;0;AV LINEU MACHADO;;;0;;Colis?úo;Luz do Dia;;;Meio de Quadra;;;0;0;2;0;0;0;0;0;0;0;0;0;;
273251;20;12;2015;10:42;0;RUA EUCLIDES O DE SOUSA;;;0;;Colis?úo;Luz do Dia;;;Meio de Quadra;;;0;0;2;0;0;0;0;0;0;0;0;0;;
273247;20;12;2015;10:41;0;AV SORIANO ALBUQUERQUE;;;0;;Colis?úo;Luz do Dia;;;Meio de Quadra;;;0;0;2;0;0;0;0;0;0;0;0;0;;
273253;20;12;2015;11:19;15743;RUA MANUEL ARRUDA;RUA HERBENE;;0;;Colis?úo;Luz do Dia;;;Cruz;Pare;Comercial;0;0;2;0;0;0;0;0;0;0;0;0;-3,828948000000000;-38,504019000000000
273233;20;12;2015;04:50;0;RUA GALILEU;;;0;;Choque c/ Obst?ículo Fixo;;;;Meio de Quadra;;;0;0;1;0;0;0;0;0;0;0;0;0;;
273236;20;12;2015;04:53;4007;RUA DES PRAXEDES;RUA ALBERTO MAGNO;;0;;Choque c/ Obst?ículo Fixo;;;;Cruz;Sem?íforo;Comercial;0;0;1;0;0;0;0;0;0;0;0;0;-3,761230000000000;-38,546795000000000
273237;20;12;2015;05:49;0;AV CASTELO DE CASTRO;;;0;;Colis?úo;Amanhecer;;;Meio de Quadra;;;0;0;2;0;0;0;0;0;0;0;0;0;;
273265;20;12;2015;19:03;0;RUA MARIA JULIA;;;0;;Colis?úo;;;;Meio de Quadra;;;0;0;2;0;0;0;0;0;0;0;0;0;;
273270;20;12;2015;19:09;17626;RUA JOSE PEDRA;RUA JOAO FRANCA (PQ. 2 IRM?âOS);;0;;Colis?úo;;;;Cruz;Pare;Residencial;0;0;2;0;0;0;0;0;0;0;0;0;-3,795482000000000;-38,549671000000000
273262;20;12;2015;18:40;2607;RUA JACI;RUA ARQUIMEDES MEMORIA;;0;;Atropelamento;;;;Cruz;N?úo H?í Controle;Residencial;0;0;2;0;0;0;0;0;0;0;0;0;-3,713448000000000;-38,585214000000000
273256;20;12;2015;17:05;0;RUA GAL TOME CORDEIRO;;;0;;Atropelamento;Anoitecer;;;Meio de Quadra;;;0;0;2;0;0;0;0;0;0;0;0;0;;
273278;20;12;2015;23:29;0;RUA CAMBARA;;;0;;Choque c/ Obst?ículo Fixo;;;;Meio de Quadra;;;0;0;1;0;0;0;0;0;0;0;0;0;;
273275;20;12;2015;21:13;25231;AV I CJ JOSE WALTER;AV PRS COSTA E SILVA;;0;;Colis?úo;;;;T;N?úo H?í Controle;Residencial;0;0;2;0;0;0;0;0;0;0;0;0;-3,823494000000000;-38,550232000000000
273276;20;12;2015;21:32;15590;RUA CEL JOAO OLIVEIRA;RUA TOME DE SOUZA;;0;;Colis?úo;;;;T;Pare;Residencial;0;0;2;0;0;0;0;0;0;0;0;0;-3,823156000000000;-38,485460000000000
273229;20;12;2015;00:25;0;RUA AZEVEDO BOLAO;;;0;;Colis?úo;;;;Meio de Quadra;;;0;0;2;0;0;0;0;0;0;0;0;0;;
273231;20;12;2015;04:44;0;RUA BAR AQUIRAZ;;;0;;Choque c/ Obst?ículo Fixo;;;;Meio de Quadra;;;0;0;1;0;0;0;0;0;0;0;0;0;;
273286;21;12;2015;15:55;17898;AV SGT HERMINIO SAMPAIO;RUA DOM MAURICIO;;0;;Colis?úo;Luz do Dia;;;Cruz;Sem?íforo;Comercial;0;0;2;0;0;0;0;0;0;0;0;0;-3,730570000000000;-38,576842000000000
273257;21;12;2015;00:43;0;AV GAL OSORIO DE PAIVA;;;2319;;Choque c/ Obst?ículo Fixo;;;;Meio de Quadra;;;0;0;1;0;0;0;0;0;0;0;0;0;-3,786056000000000;-38,582955000000000
273260;21;12;2015;01:16;0;AV DR SILAS MUNGUBA;;;0;;Atropelamento;;;;Meio de Quadra;;;0;0;2;0;0;0;0;0;0;0;0;0;;
273264;21;12;2015;01:51;3211;RUA EMILIO DE MENESES;RUA VERBENA;;0;;Colis?úo;;;;Cruz;Sem?íforo;Comercial;0;0;2;0;0;0;0;0;0;0;0;0;-3,781344000000000;-38,588838000000000
273272;21;12;2015;11:00;18308;AV HIS RAIMUNDO GIRAO;RUA TOMAS LOPES;;0;;Colis?úo;Luz do Dia;;;Duplo T;Pare;Comercial;0;0;2;0;0;0;0;0;0;0;0;0;-3,720304000000000;-38,515669000000000
273268;21;12;2015;10:31;0;RUA PASSEIO DOS CAJUEIROS;;;50;;Colis?úo;Luz do Dia;;;Meio de Quadra;;;0;0;2;0;0;0;0;0;0;0;0;0;-3,750745000000000;-38,468134000000000
273284;21;12;2015;11:16;19712;AV BEZERRA DE MENEZES;RUA JOSE PONTES;;0;;Colis?úo;Luz do Dia;;;T;Pare;Comercial;0;0;2;0;0;0;0;0;0;0;0;0;-3,736463000000000;-38,568324000000000
269840;21;12;2015;12:59;0;AV SANTOS DUMONT;;;2829;;Colis?úo Traseira;Luz do Dia;;;Meio de Quadra;;;0;0;2;0;1;0;0;0;0;0;0;0;-3,736033000000000;-38,498973000000000
269835;21;12;2015;07:50;0;AV GOV RAUL BARBOSA;;;6600;;Colis?úo Lateral;Luz do Dia;;;Meio de Quadra;;;0;1;1;0;0;0;1;0;0;1;0;0;-3,771974000000000;-38,511745000000000
269830;21;12;2015;10:30;7957;AV PONTES VIEIRA;AV BAR STUDART;;0;;Colis?úo Lateral;Luz do Dia;;;T;Sem?íforo;Comercial;0;0;2;1;1;0;0;0;0;0;0;0;-3,752590000000000;-38,512361000000000
269820;21;12;2015;16:00;9294;RUA SUZETE PINTO;RUA SIGEFREDO PINHEIRO;;0;;Colis?úo Traseira;Luz do Dia;;;;;;1;0;1;0;0;0;1;0;0;0;0;0;-3,756622000000000;-38,524817000000000
269824;21;12;2015;08:00;9176;AV AGUANAMBI;AV EDUARDO GIRAO;;0;;Colis?úo Lateral;Luz do Dia;;;Rotat??ria;Cancela;Comercial;0;0;2;1;0;0;0;0;0;0;0;0;-3,755303000000000;-38,523639000000000
269816;21;12;2015;13:35;17387;RUA ZACARIAS GONDIM;RUA PRO TEODORICO;;0;;Colis?úo Transversal;Luz do Dia;;;Cruz;Pare;Misto;0;0;2;1;0;0;0;0;0;0;0;0;-3,767080000000000;-38,558121000000000
269813;21;12;2015;23:10;0;AV DR SILAS MUNGUBA;;;0;;Colis?úo Lateral;;;;Meio de Quadra;;;0;0;2;1;1;0;0;0;0;0;0;0;;
269790;21;12;2015;13:00;0;RUA HUGO VITOR;;;50;;Colis?úo Traseira;Luz do Dia;;;Meio de Quadra;;;0;0;3;1;0;0;0;0;0;0;0;0;-3,740059000000000;-38,591544000000000
269788;21;12;2015;03:00;22937;AV DR SILAS MUNGUBA;RUA GOV JOAO CARLOS;;0;;Colis?úo;;;;T;Sem?íforo;Comercial;0;1;1;1;0;1;0;0;0;0;0;0;-3,783950000000000;-38,553910000000000
269781;21;12;2015;02:15;15205;AV ABOLICAO;RUA OSVALDO CRUZ (ALDEOTA);;0;;Colis?úo;;;;Cruz;N?úo H?í Controle;Residencial;0;0;2;1;0;0;0;0;0;0;0;0;-3,726690000000000;-38,497445000000000
272656;21;12;2015;12:00;19650;RUA CON DE CASTRO;RUA AFRANIO PEIXOTO;;0;;Colis?úo;Luz do Dia;;;T;Pare;Residencial;0;1;0;0;0;0;0;0;0;1;0;0;-3,781914000000000;-38,570588000000000
272657;21;12;2015;20:00;0;AV FRANCISCO SA;;;3990;IGREJA-CARLITO PAMPLONA;Colis?úo;;;;Meio de Quadra;;;0;2;0;1;0;1;0;0;0;0;0;0;-3,716318000000000;-38,560648000000000
272780;21;12;2015;18:48;0;AV BEZERRA DE MENEZES;;;944;;Atropelamento;;;;Meio de Quadra;;;1;0;1;0;1;0;0;0;0;0;0;0;-3,733367000000000;-38,553318000000000
272975;21;12;2015;00:55;0;RUA PORTO VELHO;;;0;;Colis?úo;;;;Meio de Quadra;;;0;1;0;0;0;0;0;0;0;0;0;0;-3,768488000000000;-38,582308000000000
272976;21;12;2015;05:33;0;AV JOAO PESSOA;;;0;;Queda;Amanhecer;;;Meio de Quadra;;;0;1;0;0;0;0;0;0;0;1;0;0;-3,756551000000000;-38,553151000000000
272978;21;12;2015;06:19;0;AV SEN CARLOS JEREISSATI (AEROPORTO);;;0;;Colis?úo;Luz do Dia;;;Meio de Quadra;;;0;1;1;1;0;0;0;0;0;1;0;0;;
272979;21;12;2015;07:30;0;AV PRS CASTELO BRANCO;;;0;;Queda;Luz do Dia;;;Meio de Quadra;;;0;1;0;0;0;0;0;0;0;1;0;0;;
272986;21;12;2015;08:57;0;AV DR THEBERGE;;;0;;Colis?úo;Luz do Dia;;;Meio de Quadra;;;0;1;0;0;0;0;0;0;0;0;0;0;-3,721956000000000;-38,567331000000000
272992;21;12;2015;10:21;0;AV CARNEIRO DE MENDONCA;;;0;;Atropelamento;Luz do Dia;;;Meio de Quadra;;;0;1;1;1;0;0;0;0;0;0;0;0;;
272988;21;12;2015;10:00;0;AV PERIMETRAL;;;0;;Colis?úo;Luz do Dia;;;Meio de Quadra;;;0;1;1;1;0;0;0;0;0;1;0;0;;
273037;21;12;2015;12:40;0;AV MR HULL;;;0;;Colis?úo;Luz do Dia;;;Meio de Quadra;;;0;1;1;1;0;0;0;0;0;1;0;0;-3,739224000000000;-38,588748000000000
273038;21;12;2015;11:30;0;RD CE-040;;;0;KM-10;Colis?úo;Luz do Dia;;;Meio de Quadra;;;0;0;2;1;0;0;0;0;0;0;0;0;-3,838671000000000;-38,480068000000000
273039;21;12;2015;12:44;0;RUA VICENTE CELESTINO;;;0;;Colis?úo;Luz do Dia;;;Meio de Quadra;;;0;1;0;0;0;0;0;0;0;0;0;0;;
273042;21;12;2015;13:38;0;RUA SOLON PINHEIRO;;;0;;Atropelamento;Luz do Dia;;;Meio de Quadra;;;0;1;1;1;0;0;0;0;0;0;0;0;-3,732781000000000;-38,527061000000000
273043;21;12;2015;14:12;13527;AV BAR STUDART;RUA JOAQUIM SA;;0;;Colis?úo;Luz do Dia;;;;Pare;Comercial;0;1;1;1;0;0;0;0;0;1;0;0;-3,747468000000000;-38,510714000000000
273032;21;12;2015;08:40;0;AV SEN CARLOS JEREISSATI (AEROPORTO);;;0;KM 03;Colis?úo;Luz do Dia;;;Meio de Quadra;;;0;0;2;1;0;0;0;0;0;0;0;0;-3,780382000000000;-38,541414000000000
273033;21;12;2015;11:24;0;RUA BANVAR BEZERRA;;;0;;Atropelamento;Luz do Dia;;;Meio de Quadra;;;0;1;1;0;0;0;0;0;0;1;0;0;-3,730610000000000;-38,580587000000000
273034;21;12;2015;10:00;0;RD CE-040;;;0;KM-02;Colis?úo;Luz do Dia;;;Meio de Quadra;;;0;0;2;1;0;0;0;0;0;0;0;0;-3,776479000000000;-38,481598000000000
273035;21;12;2015;12:06;0;AV JOSE BASTOS;;;0;;Colis?úo;Luz do Dia;;;Meio de Quadra;;;0;1;1;1;0;0;0;0;0;1;0;0;-3,757181000000000;-38,559153000000000
273051;21;12;2015;14:24;7914;AV ANTONIO SALES;RUA LEONARDO MOTA;;0;;Queda;Luz do Dia;;;Cruz;Sem?íforo;Misto;0;1;0;0;0;0;0;0;0;1;0;0;-3,746358000000000;-38,499442000000000
273052;21;12;2015;15:32;0;AV SEN FERNANDES TAVORA;;;0;;Colis?úo;Luz do Dia;;;Meio de Quadra;;;0;1;0;0;0;0;0;0;0;0;0;0;-3,758632000000000;-38,588814000000000
273047;21;12;2015;14:22;0;RUA MAXIMO LINHARES;;;0;;Colis?úo;Luz do Dia;;;Meio de Quadra;;;0;1;0;0;0;0;0;0;0;0;0;0;-3,798861000000000;-38,492114000000000
273062;21;12;2015;18:47;0;RUA TOMAS EDSON;;;0;;Colis?úo;;;;Meio de Quadra;;;0;1;1;1;0;0;0;0;0;1;0;0;;
273087;21;12;2015;22:38;581;AV PASTEUR;AV FRANCISCO SA;;0;;Colis?úo;;;;Cruz;;Comercial;0;1;1;1;0;1;0;0;0;0;0;0;-3,716325000000000;-38,560567000000000
273085;21;12;2015;22:06;0;AV H CJ CEARA;;;0;;Atropelamento;;;;Meio de Quadra;;;0;1;1;1;0;0;0;0;0;0;0;0;-3,775565000000000;-38,608417000000000
273070;21;12;2015;20:22;0;RUA ISABEL FERREIRA;;;0;;Colis?úo;;;;Meio de Quadra;;;0;1;1;1;0;0;0;0;0;1;0;0;;
273066;21;12;2015;19:33;0;AV GAL OSORIO DE PAIVA;;;0;;Queda;;;;Meio de Quadra;;;0;1;0;0;0;0;0;0;0;1;0;0;-3,812482000000000;-38,609563000000000
273067;21;12;2015;19:54;0;AV JOAO PESSOA;;;0;;Colis?úo;;;;Meio de Quadra;;;0;1;0;0;0;0;0;0;0;1;0;0;-3,764688000000000;-38,558760000000000
273057;21;12;2015;18:23;0;RUA RAUL CABRAL;;;0;;Colis?úo;Anoitecer;;;Meio de Quadra;;;0;1;0;0;0;0;0;0;0;0;0;0;-3,769100000000000;-38,544235000000000
273055;21;12;2015;18:10;0;RUA OSCAR ARARIPE;;;0;;Atropelamento;Anoitecer;;;Meio de Quadra;;;0;1;1;0;0;0;0;0;0;1;0;0;-3,791443000000000;-38,598525000000000
273064;21;12;2015;19:10;0;RUA NUNES VALENTE;;;0;;Colis?úo;;;;Meio de Quadra;;;0;1;1;1;0;0;0;0;0;1;0;0;-3,737875000000000;-38,504266000000000
266964;21;12;2015;17:41;0;AV DOMINGOS OLIMPIO;;;0;;Colis?úo;Anoitecer;;;Meio de Quadra;;;0;0;2;1;0;0;0;0;0;0;0;0;;
266965;21;12;2015;20:07;0;AV DR THEBERGE;;;0;;Colis?úo;;;;Meio de Quadra;;;0;0;2;1;0;0;1;0;0;0;0;0;;
266967;21;12;2015;21:11;0;AV HIS RAIMUNDO GIRAO;;;0;;Colis?úo;;;;Meio de Quadra;;;0;0;2;1;0;0;1;0;0;0;0;0;;
270408;21;12;2015;21:00;1429;RUA AFONSO CELSO;RUA NUNES VALENTE;;0;;Colis?úo;;;;Cruz;Pare;Residencial;0;0;1;1;0;0;0;0;0;0;0;0;-3,737785000000000;-38,504234000000000
273090;22;12;2015;08:51;0;RUA FRANCISCO PAIVA;;;0;;Colis?úo;Luz do Dia;;;Meio de Quadra;;;0;1;1;1;0;0;0;0;0;1;0;0;;
273091;22;12;2015;09:20;0;AV CARNEIRO DE MENDONCA;;;0;;Colis?úo;Luz do Dia;;;Meio de Quadra;;;0;1;1;1;0;0;0;0;0;1;0;0;-3,765294000000000;-38,564420000000000
273095;22;12;2015;11:29;0;RUA ALVARO DE ALENCAR;;;0;;Colis?úo;Luz do Dia;;;Meio de Quadra;;;0;1;0;0;0;0;0;0;0;0;0;0;-3,719738000000000;-38,558701000000000
273093;22;12;2015;09:30;0;AV WASHINGTON SOARES;;;0;;Queda;Luz do Dia;;;Meio de Quadra;;;0;1;0;0;0;0;0;0;0;1;0;0;-3,847070000000000;-38,477454000000000
273050;22;12;2015;16:40;0;RD CE-040;;;0;KM-07;Colis?úo;Luz do Dia;;;Meio de Quadra;;;0;0;2;1;0;0;0;0;0;0;0;0;-3,817953000000000;-38,483160000000000
273054;22;12;2015;18:00;0;RD CE-040;;;0;KM-11;Colis?úo;Anoitecer;;;Meio de Quadra;;;0;1;1;0;0;0;0;0;0;1;0;0;-3,844873000000000;-38,480252000000000
273044;22;12;2015;07:15;0;AV MIN JOSE AMERICO;;;0;;Colis?úo;Luz do Dia;;;Meio de Quadra;;;0;0;2;1;0;0;1;0;0;0;0;0;;
273148;22;12;2015;22:33;18528;AV MR HULL;AV ENG HUMBERTO MONTE;;0;;Colis?úo;;;;;;;0;1;0;1;0;0;0;0;0;0;0;0;-3,736609000000000;-38,569025000000000
273149;22;12;2015;23:09;2955;RUA MARIA JULIA;RUA SAO FRANCISCO D21;;0;;Colis?úo;;;;Cruz;Pare;Comercial;0;1;0;0;0;0;0;0;0;1;0;0;-3,798608000000000;-38,601633000000000
273146;22;12;2015;21:46;2451;AV PRS CASTELO BRANCO;RUA CESAR CORREIA;;0;;Atropelamento;;;;T;N?úo H?í Controle;Residencial;0;1;1;1;0;0;0;0;0;0;0;0;-3,707235000000000;-38,571621000000000
273143;22;12;2015;21:33;0;RUA ALAN KARDEC;;;0;;Colis?úo;;;;Meio de Quadra;;;0;1;1;1;0;0;0;0;0;1;0;0;-3,763870000000000;-38,551194000000000
273120;22;12;2015;19:47;0;AV BORGES DE MELO;;;0;;Queda;;;;Meio de Quadra;;;0;1;0;0;0;0;0;0;0;1;0;0;-3,759812000000000;-38,530195000000000
273109;22;12;2015;17:30;0;RUA SILVEIRA DA MOTA;;;0;;Colis?úo;Anoitecer;;;Meio de Quadra;;;0;1;1;1;0;0;0;0;0;1;0;0;-3,815408000000000;-38,496696000000000
273106;22;12;2015;15:22;25487;RUA VIRGILIO NOGUEIRA PAES;RUA BOM JESUS (GRANJA LISBOA);;0;;Colis?úo;Luz do Dia;;;Cruz;Pare;Comercial;0;1;1;1;0;0;0;0;0;1;0;0;-3,791684000000000;-38,609686000000000
273107;22;12;2015;16:53;0;AV DIOGUINHO;;;0;;Queda;Luz do Dia;;;Meio de Quadra;;;0;1;0;0;0;0;0;0;0;1;0;0;;
272661;22;12;2015;;0;RUA CEL VIRGILIO NOGUEIRA (BOM JARDIM);;;955;;Colis?úo;;;;Meio de Quadra;;;0;1;0;1;0;0;0;0;0;1;0;0;-3,791762000000000;-38,609711000000000
269846;22;12;2015;19:45;0;AV DOM LUIS;;;500;;Colis?úo Transversal;;;;Meio de Quadra;;;0;0;2;1;1;0;0;0;0;0;0;0;-3,733263000000000;-38,497304000000000
269851;22;12;2015;17:30;5255;RUA PEDRO PEREIRA;AV TRISTAO GONCALVES;;0;;Colis?úo Transversal;Anoitecer;;;Cruz;Sem?íforo;Comercial;0;0;2;1;0;0;0;0;0;0;0;0;-3,728075000000000;-38,533489000000000
269858;22;12;2015;15:15;0;RUA MIN ALBUQUERQUE LIMA;;;738;;Colis?úo Traseira;Luz do Dia;;;Meio de Quadra;;;0;1;1;0;1;0;0;0;0;1;0;0;-3,769878000000000;-38,606304000000000
269871;22;12;2015;17:30;0;RUA EMILIO DE MENESES;;;0;;Colis?úo Lateral;Anoitecer;;;Meio de Quadra;;;0;1;1;1;0;0;0;0;0;1;0;0;-3,781299000000000;-38,589019000000000
269994;22;12;2015;23:00;0;AV GOV PARSIFAL BARROSO;;;827;;Colis?úo Transversal;;;;Meio de Quadra;;;0;1;1;1;0;0;0;0;0;0;0;0;;
269980;22;12;2015;14:45;20042;AV PRS JUSCELINO KUBITSCHEK (PASSAR?ë);AV DEP PAULINO ROCHA;;0;;Colis?úo Traseira;Luz do Dia;;;;;;0;0;2;1;0;0;0;0;0;0;0;0;-3,807229000000000;-38,524782000000000
269988;22;12;2015;20:00;17513;AV ABOLICAO;RUA PEDRO RUFINO D48;;0;;Colis?úo Transversal;;;;;;;0;0;2;0;1;0;0;0;0;0;0;0;-3,726087000000000;-38,487572000000000
269989;22;12;2015;21:00;0;AV DOM MANUEL;;;599;;Capotamento;;;;Meio de Quadra;;;0;1;2;0;1;0;0;0;0;0;0;0;-3,729339000000000;-38,521423000000000
269982;22;12;2015;13:00;19780;RUA COS ALVARO DE OLIVEIRA;RUA PDE GUERRA;;0;;Colis?úo Lateral;Luz do Dia;;;Cruz;Pare;Residencial;0;0;2;1;0;0;0;0;0;0;0;0;-3,738519000000000;-38,555644000000000
269983;22;12;2015;14:50;19704;AV BEZERRA DE MENEZES;RUA MOREIRA DE SOUSA;;0;;Colis?úo Lateral;Luz do Dia;;;Cruz;Sem?íforo;Comercial;0;0;2;1;0;0;0;0;0;0;0;0;-3,736109000000000;-38,566546000000000
269985;22;12;2015;17:55;0;RUA BERNARDO MANUEL;;;7292;;Colis?úo Traseira;Anoitecer;;;Meio de Quadra;;;0;0;2;1;0;0;0;0;0;0;0;0;-3,782453000000000;-38,546438000000000
269957;22;12;2015;12:25;0;RUA JOSE ANASTACIO DIAS;;;0;;Colis?úo Transversal;Luz do Dia;;;Meio de Quadra;;;0;0;3;1;0;0;0;0;0;0;0;0;;
269936;22;12;2015;20:40;0;RUA PEDRO A SILVA;;;0;;Colis?úo Frontal;;;;Meio de Quadra;;;0;1;1;1;0;0;0;0;0;1;0;0;;
273287;22;12;2015;09:07;0;RUA FRANCISCO PAIVA;;;0;;Colis?úo;Luz do Dia;;;Meio de Quadra;;;0;0;2;0;0;0;0;0;0;0;0;0;;
273289;22;12;2015;10:43;0;AV ZEZE DIOGO;;;0;;Colis?úo;Luz do Dia;;;Meio de Quadra;;;0;0;2;0;0;0;0;0;0;0;0;0;;
273295;22;12;2015;14:09;0;RUA CAP VASCONCELOS D46;;;0;;Colis?úo;Luz do Dia;;;Meio de Quadra;;;0;0;2;0;0;0;0;0;0;0;0;0;;
273297;22;12;2015;19:32;0;LOGRADOURO SEM NOME;;;0;;Colis?úo;;;;Meio de Quadra;;;0;0;2;0;0;0;0;0;0;0;0;0;;
273279;22;12;2015;01:57;0;AV ANTONIO JUSTA;;;0;;Colis?úo;;;;Meio de Quadra;;;0;0;2;0;0;0;0;0;0;0;0;0;;
273281;22;12;2015;07:18;0;RUA TEN JOSE BARREIRA;;;0;;Colis?úo;Luz do Dia;;;Meio de Quadra;;;0;0;2;0;0;0;0;0;0;0;0;0;;
273283;22;12;2015;;731;RUA IRINEU DE SOUZA;RUA PEDRO AMERICO;;0;;Colis?úo;;;;Cruz;Pare;Residencial;0;0;2;0;0;0;0;0;0;0;0;0;-3,711438000000000;-38,566244000000000
273293;22;12;2015;11:21;0;AV PRO GOMES DE MATOS;;;0;;Colis?úo;Luz do Dia;;;Meio de Quadra;;;0;0;2;0;0;0;0;0;0;0;0;0;;
270000;22;12;2015;18:30;0;AV DOS EXPEDICIONARIOS;;;0;;Colis?úo Lateral;Anoitecer;;;Meio de Quadra;;;0;0;2;1;0;0;1;0;0;0;0;0;;
270010;22;12;2015;15:30;13534;AV SORIANO ALBUQUERQUE;RUA JOAO CORDEIRO;;0;;Colis?úo Transversal;Luz do Dia;;;Cruz;Pare;Residencial;0;1;2;1;0;0;0;0;0;1;0;0;-3,747871000000000;-38,519458000000000
270007;22;12;2015;09:15;9176;AV AGUANAMBI;AV EDUARDO GIRAO;;0;;Colis?úo Lateral;Luz do Dia;;;Rotat??ria;Cancela;Comercial;0;0;2;0;1;0;1;0;0;0;0;0;-3,755303000000000;-38,523639000000000
270030;22;12;2015;08:10;13177;AV I CJ JOSE WALTER;AV D CJ JOSE WALTER;;0;;Outros;Luz do Dia;;;Rotat??ria;D?¬ Prefer?¬ncia;Comercial;0;0;1;0;0;0;1;0;0;0;0;0;-3,832440000000000;-38,552957000000000
270024;22;12;2015;21:15;0;RUA HOLANDA;;;0;MARAPONGA MART MODA;Colis?úo Lateral;;;;Meio de Quadra;;;0;1;1;1;0;0;0;0;0;1;0;0;;
270026;22;12;2015;21:00;0;AV BEIRA MAR;;;2500;;Colis?úo Lateral;;;;Meio de Quadra;;;0;0;2;1;0;0;0;0;0;0;0;0;-3,725147000000000;-38,499029000000000
270028;22;12;2015;08:00;13177;AV I CJ JOSE WALTER;AV D CJ JOSE WALTER;;0;;Colis?úo Lateral;Luz do Dia;;;Rotat??ria;D?¬ Prefer?¬ncia;Comercial;0;0;2;1;0;0;1;0;0;0;0;0;-3,832440000000000;-38,552957000000000
270016;22;12;2015;12:00;0;RUA PDE VALDEVINO;;;1695;;Colis?úo Lateral;Luz do Dia;;;Meio de Quadra;;;0;0;2;0;1;0;0;1;0;0;0;0;-3,741368000000000;-38,509726000000000
270022;22;12;2015;14:50;7762;AV ANTONIO SALES;RUA NUNES VALENTE;;0;;Colis?úo Transversal;Luz do Dia;;;Cruz;Pare;Residencial;0;1;1;1;0;0;0;0;0;1;0;0;-3,744237000000000;-38,506314000000000
270041;22;12;2015;07:15;65;RUA MARTINS NETO;RUA HUGO VITOR;;0;;Colis?úo;Luz do Dia;;;Cruz;Pare;Misto;0;2;1;1;0;0;0;0;0;0;0;0;-3,740726000000000;-38,591458000000000
270074;22;12;2015;13:28;1605;RUA PDE VALDEVINO;AV DES MOREIRA;;0;;Colis?úo Traseira;Luz do Dia;;;Cruz;Sem?íforo;Comercial;0;0;2;0;0;0;0;0;0;0;0;0;-3,744098000000000;-38,500877000000000
270072;22;12;2015;16:00;13297;RUA 41 CJ JOSE WALTER;RUA 66 CJ JOSE WALTER;;0;;Colis?úo Lateral;Luz do Dia;;;;;;0;0;2;1;0;0;0;0;0;0;0;0;-3,838693000000000;-38,560317000000000
270078;22;12;2015;12:00;1222;RUA COSTA BARROS;RUA ANTONIO AUGUSTO;;0;;Colis?úo Lateral Sentido Oposto;Luz do Dia;;;Cruz;Pare;Misto;0;0;2;1;0;0;0;0;0;0;0;0;-3,729783000000000;-38,513288000000000
270080;23;12;2015;07:00;9176;AV AGUANAMBI;AV EDUARDO GIRAO;;0;;Colis?úo Lateral;Luz do Dia;;;Rotat??ria;Cancela;Comercial;0;1;1;1;0;0;0;0;0;1;0;0;-3,755303000000000;-38,523639000000000
270087;23;12;2015;15:30;10044;RUA EMILIO DE MENESES;RUA ANTONIO NERY;;0;;Colis?úo Lateral;Luz do Dia;;;Cruz;Pare;Comercial;0;1;1;0;0;0;1;0;1;0;0;0;-3,778162000000000;-38,600204000000000
270134;23;12;2015;11:40;15360;AV DOM LUIS;AV DES MOREIRA;;0;;Colis?úo Lateral;Luz do Dia;;;Rotat??ria;N?úo H?í Controle;Comercial;0;0;2;0;0;0;1;0;0;0;0;0;-3,733239000000000;-38,497383000000000
270136;23;12;2015;09:00;0;AV PRS CASTELO BRANCO;;;100;;Engavetamento;Luz do Dia;;;Meio de Quadra;;;0;1;2;0;0;0;1;0;0;0;0;0;-3,723042000000000;-38,521919000000000
270126;23;12;2015;11:40;1588;RUA VICENTE LINHARES;RUA VICENTE LEITE;;0;;Colis?úo Transversal;Luz do Dia;;;Cruz;Pare;Residencial;0;0;2;1;0;0;0;0;0;0;0;0;-3,743092000000000;-38,497368000000000
270130;23;12;2015;18:20;1475;AV SANTOS DUMONT;RUA FONSECA LOBO;;0;;Colis?úo Transversal;Anoitecer;;;Cruz;Pare;Comercial;0;0;2;1;0;0;0;0;0;0;0;0;-3,739062000000000;-38,489602000000000
270131;23;12;2015;16:10;0;AV SEN FERNANDES TAVORA;;;0;;Colis?úo Lateral;Luz do Dia;;;Meio de Quadra;;;0;0;2;1;0;0;1;0;0;0;0;0;;
270132;23;12;2015;11:00;7773;RUA JOAQUIM NABUCO;RUA DOM EXPEDITO LOPES;;0;;Colis?úo Transversal;Luz do Dia;;;Cruz;Pare;Residencial;0;0;2;1;0;0;1;0;0;0;0;0;-3,744118000000000;-38,504144000000000
273310;23;12;2015;17:30;0;AV PRS CASTELO BRANCO;;;2812;;Atropelamento;Anoitecer;;;Meio de Quadra;;;0;0;2;0;0;0;0;0;0;0;0;0;-3,712464000000000;-38,552834000000000