COD_ACIDENTE;DIA;MES;ANO;HORA;INTERSECAO;LOG1;LOG2;LOG3;NUMERO;REFERENCIA;NATUREZA;ILUMINACAO;TEMPO;SUPERFICIEPISTA;TIPOCRUZAMENTO;CONTROLETRAFEGO;USOSOLO;MORTOS;FERIDOS;ILESOS;AUTOMOVEL;ONIBUS;BICICLETA;CAMINHAO;MICROONIBUS;CICLOMOTOR;MOTOCICLETA;TRACAOANIMAL;TREM;LATITUDE;LONGITUDE
273316;23;12;2015;18:23;16276;RUA ANTONIO PEREIRA;RUA ZULEICA PONTES;;0;;Colis?úo;Anoitecer;;;;;;0;0;2;0;0;0;0;0;0;0;0;0;-3,832671000000000;-38,566117000000000
273302;23;12;2015;15:38;0;RUA CON DE CASTRO;;;4366;;Colis?úo;Luz do Dia;;;Meio de Quadra;;;0;0;2;0;0;0;0;0;0;0;0;0;-3,803918000000000;-38,590954000000000
273306;23;12;2015;16:01;13771;AV PINTO BANDEIRA D56;RUA LUIZA MIRANDA COELHO;;0;;Colis?úo;Luz do Dia;;;Cruz;Pare;Residencial;0;0;2;0;0;0;0;0;0;0;0;0;-3,774929000000000;-38,487283000000000
273307;23;12;2015;16:02;0;RUA MONTE LIBANO;;;748;;Colis?úo;Luz do Dia;;;Meio de Quadra;;;0;0;2;0;0;0;0;0;0;0;0;0;-3,827072000000000;-38,563715000000000
273298;23;12;2015;15:07;0;RUA PDE PEDRO DE ALENCAR;;;150;;Colis?úo;Luz do Dia;;;Meio de Quadra;;;0;0;2;0;0;0;0;0;0;0;0;0;-3,828982000000000;-38,493643000000000
273290;23;12;2015;10:16;0;RUA EUCLIDES O DE SOUSA;;;1505;;Colis?úo;Luz do Dia;;;Meio de Quadra;;;0;0;2;0;0;0;0;0;0;0;0;0;-3,796990000000000;-38,465356000000000
273269;23;12;2015;16:15;0;AV CARNEIRO DE MENDONCA;;;0;;Colis?úo;Luz do Dia;;;Meio de Quadra;;;0;1;1;1;0;0;0;0;0;1;0;0;-3,761908000000000;-38,570865000000000
273266;23;12;2015;13:27;0;AV F CJ CEARA;;;0;;Colis?úo;Luz do Dia;;;Meio de Quadra;;;0;1;1;1;0;0;0;0;0;1;0;0;-3,763792000000000;-38,606879000000000
273273;23;12;2015;17:56;0;AV JOSE BASTOS;;;0;;Colis?úo;Anoitecer;;;Meio de Quadra;;;0;1;1;1;0;0;0;0;0;1;0;0;;
273271;23;12;2015;17:43;0;RUA JOSE ARISTOTELES GONDIM;;;0;;Colis?úo;Anoitecer;;;Meio de Quadra;;;0;1;0;0;0;0;0;0;0;0;0;0;-3,778203000000000;-38,584786000000000
273263;23;12;2015;13:17;0;AV WASHINGTON SOARES;;;0;;Colis?úo Frontal;Luz do Dia;;;Meio de Quadra;;;0;1;0;0;0;0;0;0;0;0;0;0;;
273258;23;12;2015;12:52;0;RUA FRE VIDAL;;;0;;Colis?úo;Luz do Dia;;;Meio de Quadra;;;0;1;1;1;0;0;0;0;0;1;0;0;-3,757354000000000;-38,517487000000000
273255;23;12;2015;11:26;0;AV BORGES DE MELO;;;0;;Colis?úo;Luz do Dia;;;Meio de Quadra;;;0;1;1;1;0;1;0;0;0;0;0;0;;
273238;23;12;2015;10:12;0;AV DEP PAULINO ROCHA;;;0;;Atropelamento;Luz do Dia;;;Meio de Quadra;;;0;1;1;1;0;0;0;0;0;0;0;0;-3,802055000000000;-38,507550000000000
273234;23;12;2015;10:04;0;AV PRS CASTELO BRANCO;;;0;;Colis?úo;Luz do Dia;;;Meio de Quadra;;;0;1;1;1;0;0;0;0;0;1;0;0;-3,723042000000000;-38,521919000000000
273240;23;12;2015;10:21;15372;RUA CEL JUCA;AV DOM LUIS;;0;;Atropelamento;Luz do Dia;;;Cruz;Sem?íforo;Comercial;0;1;1;1;0;0;0;0;0;0;0;0;-3,735452000000000;-38,490579000000000
273252;23;12;2015;10:37;26216;AV DEP PAULINO ROCHA;AV CONTORNO (CASTEL?âO);;0;;Colis?úo;Luz do Dia;;;T;Pare;Lazer;0;1;0;0;0;0;0;0;0;0;0;0;;
273246;23;12;2015;10:31;0;AV LINEU MACHADO;;;0;;Queda;Luz do Dia;;;Meio de Quadra;;;0;1;0;0;0;0;0;0;0;1;0;0;-3,771308000000000;-38,579710000000000
273329;23;12;2015;20:24;0;LOGRADOURO SEM NOME;;;0;;Colis?úo;;;;Meio de Quadra;;;0;0;2;0;0;0;0;0;0;0;0;0;;
273327;23;12;2015;19:59;0;AV DA INDEPENDENCIA;;;0;;Colis?úo;;;;Meio de Quadra;;;0;0;2;0;0;0;0;0;0;0;0;0;;
273331;23;12;2015;21:13;0;RUA TEN ELIEZER COSTA;;;0;;Colis?úo;;;;Meio de Quadra;;;0;0;2;0;0;0;0;0;0;0;0;0;;
273332;23;12;2015;19:58;9580;RUA SAO LUIZ DO OESTE;RUA SEN MENEZES PIMENTEL;;0;;Colis?úo;;;;;;;0;1;0;0;0;0;0;0;0;1;0;0;;
273320;23;12;2015;18:36;0;RUA RAIMUNDO NERY;;;0;;Colis?úo;;;;Meio de Quadra;;;0;0;2;0;0;0;0;0;0;0;0;0;;
273322;23;12;2015;18:44;0;RUA OSCAR FRANCA;;;630;;Atropelamento;;;;Meio de Quadra;;;0;1;1;0;0;0;0;0;0;1;0;0;;
273324;23;12;2015;19:15;0;RUA CON DE CASTRO;;;4500;;Atropelamento;;;;Meio de Quadra;;;0;0;2;0;0;0;0;0;0;0;0;0;-3,804822000000000;-38,591738000000000
273343;23;12;2015;23:18;0;RUA CAP SANTOS D60;;;504;;Colis?úo;;;;Meio de Quadra;;;0;0;2;0;0;0;0;0;0;0;0;0;-3,828034000000000;-38,483405000000000
273334;23;12;2015;21:17;0;AV LIBERDADE;;;0;;Atropelamento;;;;Meio de Quadra;;;0;0;2;0;0;0;0;0;0;0;0;0;;
273339;23;12;2015;22:32;0;AV GAL OSORIO DE PAIVA;;;0;;Colis?úo;;;;Meio de Quadra;;;0;0;2;0;0;0;0;0;0;0;0;0;;
273341;23;12;2015;22:58;12645;RUA MARIA CLARA;RUA ERETIDES ALENCAR;;0;;Atropelamento;;;;Cruz;N?úo H?í Controle;Residencial;0;0;2;0;0;0;0;0;0;0;0;0;-3,725660000000000;-38,582832000000000
273336;23;12;2015;21:20;0;RUA TOMAS RODRIGUES;;;642;;Atropelamento;;;;Meio de Quadra;;;0;0;2;0;0;0;0;0;0;0;0;0;-3,743235000000000;-38,593557000000000
273368;23;12;2015;23:23;0;RUA OSVALDO CRUZ;;;0;;Colis?úo;;;;;;;0;1;0;1;0;0;0;0;0;0;0;0;;
270326;23;12;2015;19:20;0;RUA BAR AQUIRAZ;;;1836;;Colis?úo Lateral;;;;Meio de Quadra;;;0;2;1;1;0;0;0;0;0;0;0;0;-3,842918000000000;-38,483016000000000
270319;23;12;2015;20:00;0;RUA BEM VINDA;;;50;;Colis?úo Traseira;;;;Meio de Quadra;;;0;1;1;1;0;0;0;0;0;1;0;0;;
270287;23;12;2015;19:00;15273;RUA OSVALDO CRUZ (ALDEOTA);RUA ANA BILHAR;;0;;Colis?úo Frontal;Luz do Dia;;;Cruz;Sem?íforo;Residencial;0;1;1;1;0;1;0;0;0;0;0;0;-3,728699000000000;-38,498091000000000
270294;23;12;2015;07:20;0;AV SEN FERNANDES TAVORA;;;800;;Colis?úo Lateral;Luz do Dia;;;Meio de Quadra;;;0;0;2;0;1;0;0;1;0;0;0;0;-3,763267000000000;-38,580146000000000
270167;23;12;2015;10:00;0;RUA FORTALEZA UI 505;;;0;;Colis?úo Lateral;Luz do Dia;;;Meio de Quadra;;;0;0;2;1;0;0;1;0;0;0;0;0;;
270188;23;12;2015;12:30;0;AV CASTELO DE CASTRO;;;1247;;Colis?úo Transversal;Luz do Dia;;;Meio de Quadra;;;0;1;1;0;0;0;0;0;0;1;0;0;;
271129;23;12;2015;14:30;0;AV IMPERADOR;;;310;;Colis?úo Lateral;Luz do Dia;;;Meio de Quadra;;;0;0;2;0;1;0;0;0;0;0;0;0;-3,723969000000000;-38,533498000000000
273154;23;12;2015;05:42;0;AV GOV RAUL BARBOSA;;;0;;Choque c/ Obst?ículo Fixo;Amanhecer;;;Meio de Quadra;;;0;1;0;1;0;0;0;0;0;0;0;0;;
273152;23;12;2015;04:57;0;AV BEZERRA DE MENEZES;;;0;;Colis?úo;;;;Meio de Quadra;;;0;1;1;1;0;0;0;0;0;1;0;0;;
273158;23;12;2015;06:29;0;AV PRS CASTELO BRANCO;;;0;;Colis?úo;Luz do Dia;;;Meio de Quadra;;;0;1;1;1;0;1;0;0;0;0;0;0;-3,708193000000000;-38,568973000000000
273065;23;12;2015;21:00;0;AV MIN JOSE AMERICO;;;709;CAMBEBA;Colis?úo;;;;Meio de Quadra;;;0;1;1;1;0;0;0;0;0;1;0;0;-3,810520000000000;-38,494174000000000
273060;23;12;2015;16:50;0;RD CE-040;;;0;KM-09;Colis?úo;Luz do Dia;;;Meio de Quadra;;;0;0;4;1;0;0;0;0;0;0;0;0;-3,824774000000000;-38,481431000000000
273061;23;12;2015;13:30;24497;AV MOZART PINHEIRO DE LUCENA;RUA FLORENCIO ALENCAR;;0;;Colis?úo;Luz do Dia;;;;;;1;0;1;1;0;0;0;0;0;0;0;0;-3,708937000000000;-38,592968000000000
273056;23;12;2015;13:10;0;RD CE-040;;;0;KM-10;Colis?úo;Luz do Dia;;;Meio de Quadra;;;0;1;2;0;0;0;0;0;0;1;0;0;-3,838671000000000;-38,480068000000000
272961;23;12;2015;14:30;4662;RUA PEDRO LAZAR;RUA DR WALTER PORTO;;0;;Colis?úo;Luz do Dia;;;;;;1;0;2;1;0;0;0;0;0;0;0;0;-3,804232000000000;-38,488377000000000
270649;23;12;2015;21:30;0;AV DUQ CAXIAS;;;2350;;Colis?úo Lateral;;;;Meio de Quadra;;;0;0;2;0;1;0;1;0;0;0;0;0;-3,726696000000000;-38,545470000000000
270652;23;12;2015;18:30;7633;AV CARNEIRO DE MENDONCA;RUA RIO GRANDE DO SUL;;0;;Colis?úo Transversal;Anoitecer;;;Cruz;Sem?íforo;Misto;0;1;1;1;0;0;0;0;0;1;0;0;-3,762374000000000;-38,570011000000000
270642;23;12;2015;14:30;9045;RUA CEL SOLON;RUA COS TRISTAO;;0;;Colis?úo Lateral;Luz do Dia;;;Cruz;N?úo H?í Controle;Residencial;0;0;2;1;0;0;0;0;0;0;0;0;-3,743099000000000;-38,528081000000000
270637;23;12;2015;13:10;7708;AV CARNEIRO DE MENDONCA;RUA RODRIGUES ANDRADE;;0;;Colis?úo Lateral;Luz do Dia;;;T;N?úo H?í Controle;Comercial;0;1;1;1;0;0;0;0;0;1;0;0;-3,765021000000000;-38,565006000000000
270660;23;12;2015;07:50;0;RUA CEL JOAO CORREIA;;;0;;Colis?úo Lateral;Luz do Dia;;;Meio de Quadra;;;0;0;2;1;1;0;0;0;0;0;0;0;;
270662;23;12;2015;10:00;11285;RUA FRANCISCO GLICERIO;RUA CARLOS STUDART;;0;;Colis?úo Transversal;Luz do Dia;;;Cruz;Pare;Comercial;0;1;1;1;0;0;0;0;0;1;0;0;-3,796234000000000;-38,568900000000000
270657;23;12;2015;15:20;0;AV BEZERRA DE MENEZES;;;1820;;Colis?úo Traseira;Luz do Dia;;;Meio de Quadra;;;0;0;2;1;0;0;0;0;0;0;0;0;-3,734929000000000;-38,560902000000000
270658;23;12;2015;07:05;21624;RUA CON DE CASTRO;RUA PIRAJUI;;0;;Atropelamento;Luz do Dia;;;;;;1;0;1;1;0;0;0;0;0;0;0;0;-3,802339000000000;-38,589623000000000
270580;23;12;2015;20:10;17347;RUA ALBERTO MAGNO;RUA IRM BAZET;;0;;Colis?úo Lateral;;;;Cruz;Pare;Comercial;0;1;1;1;0;0;0;0;0;1;0;0;-3,765502000000000;-38,550525000000000
270585;23;12;2015;10:30;0;AV CEL CARVALHO;;;360;POSTO BR;Colis?úo Lateral;Luz do Dia;;;Meio de Quadra;;;0;0;2;1;0;0;1;0;0;0;0;0;-3,706228000000000;-38,590859000000000
270572;23;12;2015;17:30;0;AV AMERICO BARREIRA;;;6510;;Colis?úo Transversal;Anoitecer;;;Meio de Quadra;;;0;2;1;1;0;0;0;0;1;0;0;0;-3,767144000000000;-38,569414000000000
270561;23;12;2015;13:25;15360;AV DOM LUIS;AV DES MOREIRA;;0;;Colis?úo Traseira;Luz do Dia;;;Rotat??ria;N?úo H?í Controle;Comercial;0;1;1;1;0;0;0;0;0;0;0;0;-3,733239000000000;-38,497383000000000
270566;23;12;2015;17:00;0;RUA PESSOA ANTA;;;38;;Colis?úo Traseira;Anoitecer;;;Meio de Quadra;;;0;0;2;1;0;0;0;0;0;0;0;0;-3,721216000000000;-38,522872000000000
270630;23;12;2015;09:15;7894;RUA PRO FRANCISCO GONCALVES;RUA VICENTE LEITE;;0;;Colis?úo Transversal;Luz do Dia;;;Cruz;Pare;Escola;0;1;1;1;0;0;0;0;0;0;0;0;-3,747615000000000;-38,498773000000000
270601;23;12;2015;07:15;15141;AV MON TABOSA;RUA CARLOS VASCONCELOS;;0;;Colis?úo Lateral;Luz do Dia;;;Cruz;Sem?íforo;Misto;0;0;2;1;0;0;0;1;0;0;0;0;-3,724289000000000;-38,507985000000000
270492;23;12;2015;23:30;12925;AV AGUANAMBI;AV DOMINGOS OLIMPIO;;0;;Colis?úo Transversal;;;;;;;0;2;1;1;0;0;0;0;0;1;0;0;-3,738683000000000;-38,524628000000000
270504;23;12;2015;10:30;15399;AV FRE CIRILO;RUA ALMEIDA REGO;;0;;Colis?úo Traseira;Luz do Dia;;;Cruz;Sem?íforo;Comercial;0;1;1;1;0;0;0;0;0;1;0;0;-3,814967000000000;-38,498444000000000
270508;23;12;2015;07:50;9188;RUA PDE BARBOSA DE JESUS;RUA NAPOLEAO LAUREANO;;0;;Colis?úo Transversal;Luz do Dia;;;Cruz;Pare;Residencial;0;1;1;1;0;0;0;0;0;0;0;0;-3,748917000000000;-38,528540000000000
270523;23;12;2015;12:40;13432;AV ANTONIO SALES;AV RUI BARBOSA;;0;;Colis?úo Traseira;Luz do Dia;;;Cruz;Sem?íforo;Misto;0;0;2;1;0;0;0;0;0;1;0;0;-3,742611000000000;-38,511569000000000
270553;23;12;2015;13:30;14915;RUA ALFREDO MAMEDE;RUA AURELIO BEZERRA D71;;0;;;Luz do Dia;;;;;;0;0;2;1;0;0;0;0;0;0;0;0;-3,810045000000000;-38,581782000000000
270548;23;12;2015;10:10;17285;RUA IRM BAZET;RUA JOAO FIRMINO;;0;;Colis?úo Lateral;Luz do Dia;;;Cruz;Pare;Residencial;0;0;2;1;0;0;0;0;0;0;0;0;-3,762808000000000;-38,554308000000000
270516;23;12;2015;16:10;0;AV GAL OSORIO DE PAIVA;;;2439;;Colis?úo Lateral;Luz do Dia;;;Meio de Quadra;;;0;1;1;1;0;0;0;0;0;1;0;0;-3,786720000000000;-38,583997000000000
266992;23;12;2015;16:12;19540;RUA JULIO GASPAR;RUA CASIMIRO DE ABREU;;0;;Colis?úo;Luz do Dia;;;Cruz;Pare;Residencial;0;0;2;1;0;0;0;0;0;0;0;0;-3,782426000000000;-38,563108000000000
266990;23;12;2015;10:17;0;AV HERACLITO GRACA;;;0;;Colis?úo;Luz do Dia;;;Meio de Quadra;;;0;0;2;1;0;0;0;0;0;0;0;0;;
259436;23;12;2015;05:30;0;RD BR 116;;;3000;KM-03;Choque c/ Obst?ículo Fixo;Amanhecer;Bom;Seca;Meio de Quadra;N?úo H?í Controle;Comercial;0;1;1;1;0;0;0;0;0;0;0;0;-3,779838000000000;-38,514372000000000
266993;24;12;2015;12:51;0;AV CESAR CALS;;;0;;Colis?úo;Luz do Dia;;;Meio de Quadra;;;0;0;2;1;0;0;0;0;0;0;0;0;;
270683;24;12;2015;04:15;0;AV FRANCISCO SA;;;7700;;Choque c/ Obst?ículo Fixo;;;;Meio de Quadra;;;0;0;1;1;0;0;0;0;0;0;0;0;-3,705595000000000;-38,587324000000000
270699;24;12;2015;08:30;24397;RUA ALM RUFINO;RUA JORGE ACURCIO;;0;;Colis?úo Lateral;Luz do Dia;;;Cruz;Pare;Residencial;0;0;2;0;1;0;0;0;0;1;0;0;-3,768224000000000;-38,532951000000000
270719;24;12;2015;15:30;0;AV GOV RAUL BARBOSA;;;942;;;Luz do Dia;;;Meio de Quadra;;;0;0;3;1;0;0;1;0;0;0;0;0;;
270693;24;12;2015;07:20;0;AV BEIRA MAR;;;2800;;Colis?úo Lateral;Luz do Dia;;;Meio de Quadra;;;0;0;2;0;0;0;1;1;0;0;0;0;-3,726064000000000;-38,495181000000000
270686;24;12;2015;23:30;15801;RUA PERGENTINO MAIA;RUA CEL ERNESTO MATOS;;0;;Colis?úo Transversal;;;;Cruz;Pare;Comercial;0;2;3;1;0;0;0;0;0;1;0;0;-3,831264000000000;-38,489871000000000
270687;24;12;2015;08:40;0;AV ABOLICAO;;;2026;;Engavetamento;Luz do Dia;;;Meio de Quadra;;;0;0;3;1;0;0;0;0;0;0;0;0;-3,725562000000000;-38,500966000000000
273072;24;12;2015;07:10;0;RD CE-060;;;0;KM-02;Colis?úo;Luz do Dia;;;Meio de Quadra;;;0;0;2;1;0;0;0;0;0;0;0;0;-3,828028000000000;-38,580009000000000
273074;24;12;2015;07:10;0;RD CE-040;;;0;;Colis?úo;Luz do Dia;;;Meio de Quadra;;;0;0;2;1;0;0;0;0;0;0;0;0;;
273077;24;12;2015;11:50;0;RD CE-040;;;0;KM-04;Colis?úo;Luz do Dia;;;Meio de Quadra;;;0;0;2;1;0;0;1;0;0;0;0;0;-3,792050000000000;-38,480251000000000
273079;24;12;2015;13:15;0;RD CE-025;;;0;KM-08;Colis?úo;Luz do Dia;;;Meio de Quadra;;;0;0;2;1;0;0;0;0;0;0;0;0;-3,824775000000000;-38,418598000000000
273048;24;12;2015;20:22;0;AV PRS CASTELO BRANCO;;;5045;;Atropelamento;Anoitecer;;;Meio de Quadra;;;1;1;0;0;0;0;0;0;0;1;0;0;-3,705139000000000;-38,576841000000000
271026;24;12;2015;17:15;348;RUA PRO LINO ENCARNACAO;RUA CESAR FONTENELE;;0;;Colis?úo Transversal;Anoitecer;;;Cruz;Pare;Misto;0;0;2;1;0;0;0;0;0;0;0;0;-3,746359000000000;-38,559596000000000
271030;24;12;2015;00:00;1337;RUA OSVALDO CRUZ (ALDEOTA);AV SANTOS DUMONT;;0;;Colis?úo Transversal;;;;Cruz;Sem?íforo;Comercial;0;1;1;1;0;0;0;0;0;0;0;0;-3,735602000000000;-38,500317000000000
271047;24;12;2015;15:40;7183;RUA NOSSA SRA DAS GRACAS;AV PASTEUR;;0;;Colis?úo Transversal;Luz do Dia;;;Cruz;Pare;Residencial;0;1;1;1;0;0;0;0;0;1;0;0;-3,708729000000000;-38,558168000000000
271045;24;12;2015;11:15;14421;AV SGT HERMINIO SAMPAIO;RUA PDE ANCHIETA;;0;;Colis?úo Lateral;Luz do Dia;;;Cruz;Sem?íforo;Comercial;0;1;1;1;0;0;0;0;0;1;0;0;-3,724693000000000;-38,551079000000000
271037;24;12;2015;16:20;25069;AV DOS EXPEDICIONARIOS;RUA RAUL CABRAL;;0;;Colis?úo Traseira;Luz do Dia;;;Cruz;Sem?íforo;Comercial;0;0;2;1;0;0;0;0;0;1;0;0;-3,769605000000000;-38,542595000000000
270983;24;12;2015;13:30;0;AV 13 DE MAIO;;;1025;;Colis?úo Traseira;Luz do Dia;;;Meio de Quadra;;;0;0;2;1;0;0;0;0;0;0;0;0;-3,750109000000000;-38,528411000000000
270984;24;12;2015;12:00;5051;RUA SEN POMPEU;RUA SEN JAGUARIBE;;0;;Colis?úo Traseira;Luz do Dia;;;Cruz;Pare;Comercial;0;0;2;1;0;0;0;0;0;0;0;0;-3,721667000000000;-38,528055000000000
270980;24;12;2015;;19832;AV JOVITA FEITOSA;RUA MARIA FELIX RODRIGUES;;0;;Colis?úo Traseira;;;;T;N?úo H?í Controle;Residencial;0;0;3;1;0;0;0;0;0;0;0;0;-3,741791000000000;-38,565869000000000
271004;24;12;2015;12:30;0;AV SANTOS DUMONT;;;0;;Colis?úo Traseira;Luz do Dia;;;Meio de Quadra;;;0;0;2;1;0;0;0;0;0;0;0;0;;
270989;24;12;2015;07:30;0;AV PRS JUSCELINO KUBITSCHEK (PASSAR?ë);;;3371;;Colis?úo Traseira;Luz do Dia;;;Meio de Quadra;;;0;1;1;1;0;0;0;0;0;1;0;0;-3,809743000000000;-38,526943000000000
270978;24;12;2015;12:00;0;AV DOMINGOS OLIMPIO;;;0;;Colis?úo Traseira;Luz do Dia;;;Meio de Quadra;;;0;0;2;1;0;0;0;0;0;0;0;0;;
270975;24;12;2015;11:40;7400;RUA CEL MATOS DOURADO;RUA PRO EDGAR DE ARRUDA;;0;;Colis?úo Transversal;Luz do Dia;;;Cruz;Pare;Residencial;0;0;3;1;0;0;0;0;0;1;0;0;-3,758202000000000;-38,584848000000000
270969;24;12;2015;17:15;22297;AV BEZERRA DE MENEZES;RUA PDE ANCHIETA;;0;;Atropelamento;Anoitecer;;;Cruz;Sem?íforo;Comercial;0;1;1;0;1;0;0;0;0;0;0;0;-3,733155000000000;-38,552298000000000
270970;24;12;2015;07:00;17359;RUA IRM BAZET;AV PRO GOMES DE MATOS;;0;;Colis?úo Transversal;Luz do Dia;;;Cruz;Pare;Residencial;0;1;1;1;0;0;0;0;0;1;0;0;-3,766045000000000;-38,549810000000000
270971;24;12;2015;08:30;0;RUA METON DE ALENCAR;;;1165;;Atropelamento;Luz do Dia;;;Meio de Quadra;;;1;0;1;1;0;0;0;0;0;0;0;0;;
270972;24;12;2015;12:00;13076;AV I CJ JOSE WALTER;AV B CJ JOSE WALTER;;0;;Colis?úo Transversal;Luz do Dia;;;T;N?úo H?í Controle;Residencial;0;0;2;1;0;0;0;0;0;0;0;0;-3,827806000000000;-38,551546000000000
270973;24;12;2015;13:00;0;AV JOR THOMAZ COELHO;;;629;;Colis?úo Transversal;Luz do Dia;;;Meio de Quadra;;;0;0;2;1;1;0;0;0;0;0;0;0;-3,832035000000000;-38,501746000000000
272698;24;12;2015;02:00;22937;RUA GOV JOAO CARLOS;AV DR SILAS MUNGUBA;;0;;Colis?úo;;;;T;Sem?íforo;Comercial;0;1;1;1;0;1;0;0;0;0;0;0;-3,783950000000000;-38,553910000000000
272800;24;12;2015;18:15;0;RUA PEDRO DANTAS;;;129;;Atropelamento;Anoitecer;;;Meio de Quadra;;;1;0;1;0;0;0;0;0;0;1;0;0;;
273371;24;12;2015;21:39;10296;AV SEN FERNANDES TAVORA;RUA FRANCISCO RAMOS;;0;;Colis?úo;;;;;;;0;0;2;0;0;0;0;0;0;0;0;0;-3,754123000000000;-38,603800000000000
273363;24;12;2015;21:37;23380;RUA CAP TIBURCIO DA FROTA;RUA NUNES VALENTE;;0;;Colis?úo;;;;Cruz;Pare;Residencial;0;0;2;0;0;0;0;0;0;0;0;0;-3,754506000000000;-38,509109000000000
273360;24;12;2015;20:52;18513;RUA FRE JOSE MARIA;RUA MEXICO;;0;;Colis?úo;;;;Cruz;Pare;Residencial;0;0;2;0;0;0;0;0;0;0;0;0;-3,735020000000000;-38,575070000000000
273355;24;12;2015;20:50;0;RUA CAP DAKIR;;;0;;Colis?úo;;;;Meio de Quadra;;;0;0;2;0;0;0;0;0;0;0;0;0;;
273373;24;12;2015;00:31;0;RUA JULIO SILVA;;;0;;Colis?úo;;;;Meio de Quadra;;;0;1;0;0;0;0;0;0;0;1;0;0;;
273380;24;12;2015;23:10;0;RUA CEL FABRICIANO;;;0;;Colis?úo;;;;Meio de Quadra;;;0;0;2;0;0;0;0;0;0;0;0;0;;
273342;24;12;2015;19:04;16411;RUA SAO FRANCISCO DE ASSIS;RUA FRANCISCA MARIA DA CONCEICAO;;0;;Colis?úo;;;;;;;0;0;2;0;0;0;0;0;0;0;0;0;-3,836593000000000;-38,572702000000000
273340;24;12;2015;18:01;15791;RUA GRANJA CASTELO;RUA TAQUATIARA;;0;;Colis?úo;Anoitecer;;;;;;0;0;2;0;0;0;0;0;0;0;0;0;-3,830854000000000;-38,500168000000000
273335;24;12;2015;16:10;1709;RUA CAP OLAVO;RUA CAP ARAGAO;;0;;Colis?úo;Luz do Dia;;;Cruz;Pare;Comercial;0;0;2;0;0;0;0;0;0;0;0;0;-3,765348000000000;-38,515937000000000
273338;24;12;2015;17:16;16281;RUA ANTONIO PEREIRA;RUA ANTONIO BARBOSA;;0;;Colis?úo;Anoitecer;;;Cruz;Pare;Residencial;0;0;2;0;0;0;0;0;0;0;0;0;-3,832952000000000;-38,565289000000000
273345;24;12;2015;19:12;0;RUA DOM QUINTINO;;;0;;Colis?úo;;;;Meio de Quadra;;;0;0;2;0;0;0;0;0;0;0;0;0;;
273351;24;12;2015;13:39;0;RUA 08 UI 509;;;0;;Colis?úo;Luz do Dia;;;Meio de Quadra;;;0;0;2;0;0;0;0;0;0;0;0;0;;
273347;24;12;2015;19:37;12533;AV CEL CARVALHO;RUA MARIA CLARA;;0;;Colis?úo;;;;Cruz;Pare;Comercial;0;1;0;0;0;0;0;0;0;0;0;0;-3,725382000000000;-38,585818000000000
273325;24;12;2015;14:54;0;RUA ANTONIO PEREIRA;;;0;;Colis?úo;Luz do Dia;;;Meio de Quadra;;;0;0;2;0;0;0;0;0;0;0;0;0;;
273323;24;12;2015;14:49;0;AV GAL OSORIO DE PAIVA;;;0;;Atropelamento;Luz do Dia;;;Meio de Quadra;;;0;0;2;0;0;0;0;0;0;0;0;0;;
273321;24;12;2015;13:23;24215;AV ENG SANTANA JUNIOR;RUA FAUSTO CABRAL;;0;;Colis?úo;Luz do Dia;;;Cruz;Pare;Residencial;0;0;2;0;0;0;0;0;0;0;0;0;-3,732588000000000;-38,480150000000000
273333;24;12;2015;15:07;0;LOGRADOURO SEM NOME;;;0;;Colis?úo;Luz do Dia;;;Meio de Quadra;;;0;0;2;0;0;0;0;0;0;0;0;0;;
273328;24;12;2015;14:55;0;AV GOV RAUL BARBOSA;;;0;;Colis?úo;Luz do Dia;;;Meio de Quadra;;;0;0;2;0;0;0;0;0;0;0;0;0;;
273300;24;12;2015;09:56;0;RUA LUIS VIEIRA;;;0;;Colis?úo;Luz do Dia;;;Meio de Quadra;;;0;0;2;0;0;0;0;0;0;0;0;0;;
273308;24;12;2015;10:37;0;RUA FRANCISCA MARIA DA CONCEICAO;;;0;;Atropelamento;Luz do Dia;;;Meio de Quadra;;;0;0;2;0;0;0;0;0;0;0;0;0;;
273309;24;12;2015;10:57;0;AV JOAO PESSOA;;;0;;Colis?úo;Luz do Dia;;;Meio de Quadra;;;0;0;2;0;0;0;0;0;0;0;0;0;;
273303;24;12;2015;08:12;0;AV AUGUSTO DOS ANJOS;;;0;;Choque c/ Obst?ículo Fixo;Luz do Dia;;;Meio de Quadra;;;0;0;2;0;0;0;0;0;0;0;0;0;;
273305;24;12;2015;10:33;24396;RUA VICENTE SPINDOLA;RUA TIANGUA;;0;;Atropelamento;Luz do Dia;;;;;;0;0;2;0;0;0;0;0;0;0;0;0;-3,768139000000000;-38,541386000000000
273317;24;12;2015;12:24;18743;RUA VALPARAISO;RUA CATOLE;;0;;Colis?úo;Luz do Dia;;;Cruz;Pare;Residencial;0;0;2;0;0;0;0;0;0;0;0;0;-3,846407000000000;-38,520171000000000
273318;24;12;2015;12:56;19533;RUA NEREU RAMOS;AV GAL OSORIO DE PAIVA;;0;;Colis?úo;Luz do Dia;;;Cruz;Sem?íforo;Comercial;0;0;2;0;0;0;0;0;0;0;0;0;-3,782196000000000;-38,576828000000000