COD_ACIDENTE;DIA;MES;ANO;HORA;INTERSECAO;LOG1;LOG2;LOG3;NUMERO;REFERENCIA;NATUREZA;ILUMINACAO;TEMPO;SUPERFICIEPISTA;TIPOCRUZAMENTO;CONTROLETRAFEGO;USOSOLO;MORTOS;FERIDOS;ILESOS;AUTOMOVEL;ONIBUS;BICICLETA;CAMINHAO;MICROONIBUS;CICLOMOTOR;MOTOCICLETA;TRACAOANIMAL;TREM;LATITUDE;LONGITUDE
273311;24;12;2015;11:21;0;LOGRADOURO SEM NOME;;;0;;Colis?úo;Luz do Dia;;;Meio de Quadra;;;0;0;2;0;0;0;0;0;0;0;0;0;;
273469;24;12;2015;23:09;0;RUA PERGENTINO MAIA;;;0;;Colis?úo;;;;Meio de Quadra;;;0;1;1;1;0;0;0;0;0;1;0;0;;
273417;24;12;2015;04:26;8930;AV DOMINGOS OLIMPIO;RUA JUSTINIANO DE SERPA;;0;;Choque c/ Obst?ículo Fixo;;;;Outros;Sem?íforo;Residencial;0;1;0;1;0;0;0;0;0;0;0;0;-3,733011000000000;-38,542468000000000
273419;24;12;2015;06:04;24372;AV LUCIANO CARNEIRO;RUA ALM RUFINO;;0;;Colis?úo;Luz do Dia;;;Cruz;Sem?íforo;Comercial;0;1;1;1;0;0;0;0;0;1;0;0;-3,766580000000000;-38,537195000000000
273421;24;12;2015;06:15;0;AV DEP PAULINO ROCHA;;;0;;Colis?úo;Luz do Dia;;;Meio de Quadra;;;0;1;0;0;0;0;0;0;0;1;0;0;-3,808089000000000;-38,508524000000000
273423;24;12;2015;07:25;0;AV GODOFREDO MACIEL;;;0;;Colis?úo;Luz do Dia;;;Meio de Quadra;;;0;1;0;0;0;0;0;0;0;1;0;0;-3,819789000000000;-38,577191000000000
273425;24;12;2015;07:27;0;AV AUGUSTO DOS ANJOS;;;0;;Colis?úo;Luz do Dia;;;Meio de Quadra;;;0;1;1;1;0;0;0;0;0;1;0;0;;
273428;24;12;2015;10:43;0;AV JOAO PESSOA;;;0;;Colis?úo;Luz do Dia;;;Meio de Quadra;;;0;1;1;1;0;0;0;0;0;1;0;0;-3,756047000000000;-38,552713000000000
273430;24;12;2015;10:50;13563;AV SORIANO ALBUQUERQUE;RUA DR JOSE LOURENCO;;0;;Queda;Luz do Dia;;;Cruz;Pare;Residencial;0;1;0;0;0;0;0;0;0;1;0;0;-3,749830000000000;-38,512631000000000
273431;24;12;2015;11:23;25252;RUA PDE JANUARIO CAMPOS;RUA JULIO LIMA;;0;;Colis?úo;Luz do Dia;;;;;;0;1;1;1;0;0;0;0;0;1;0;0;-3,794498000000000;-38,489472000000000
273432;24;12;2015;11:43;0;RUA MON FURTADO;;;0;;Colis?úo;Luz do Dia;;;Meio de Quadra;;;0;1;0;0;0;0;0;0;0;1;0;0;;
273433;24;12;2015;12:00;0;RUA DES HERMES PARAHYBA;;;0;;Colis?úo;Luz do Dia;;;Meio de Quadra;;;0;1;1;1;0;0;0;0;0;1;0;0;;
273376;24;12;2015;21:47;0;AV CONTORNO SUL;;;0;;Colis?úo;;;;Meio de Quadra;;;0;0;2;0;0;0;0;0;0;0;0;0;;
273463;24;12;2015;22:14;0;RUA CON DE CASTRO;;;0;;Colis?úo;;;;Meio de Quadra;;;0;1;1;1;0;0;0;0;0;1;0;0;-3,784877000000000;-38,573343000000000
273465;24;12;2015;22:39;0;RUA DOMINGOS LOPES;;;0;;Atropelamento;;;;Meio de Quadra;;;0;1;0;0;0;0;0;0;0;1;0;0;;
273461;24;12;2015;22:12;0;AV WASHINGTON SOARES;;;0;;Queda;;;;Meio de Quadra;;;0;1;0;0;0;0;0;0;0;1;0;0;;
273444;24;12;2015;20:46;0;AV CEL CARVALHO;;;0;;Colis?úo;;;;Meio de Quadra;;;0;1;0;0;0;0;0;0;0;1;0;0;-3,710039000000000;-38,589801000000000
273445;24;12;2015;21:47;0;AV SEN CARLOS JEREISSATI (AEROPORTO);;;0;;Colis?úo;;;;Meio de Quadra;;;0;1;1;1;0;0;0;0;0;1;0;0;;
273523;25;12;2015;23:58;0;AV GODOFREDO MACIEL;;;0;;Queda;;;;Meio de Quadra;;;0;1;0;0;0;0;0;0;0;1;0;0;-3,812710000000000;-38,575068000000000
273482;25;12;2015;07:29;5108;RUA PRC ISABEL;RUA SAO PAULO;;0;;Colis?úo;Luz do Dia;;;Cruz;Pare;Comercial;0;1;1;1;0;0;0;0;0;1;0;0;-3,723679000000000;-38,534619000000000
273483;25;12;2015;07:52;0;AV OLIVEIRA PAIVA;;;0;;Colis?úo;Luz do Dia;;;Meio de Quadra;;;0;1;1;1;0;0;0;0;0;1;0;0;;
273510;25;12;2015;21:27;0;AV DIOGUINHO;;;0;;Atropelamento;;;;Meio de Quadra;;;0;1;1;0;0;0;0;0;0;1;0;0;;
273521;25;12;2015;22:12;0;RUA CAP OLAVO;;;0;;Colis?úo;;;;Meio de Quadra;;;0;1;0;0;0;0;0;0;0;0;0;0;-3,763430000000000;-38,516246000000000
273501;25;12;2015;19:28;0;AV GAL OSORIO DE PAIVA;;;0;;Queda;;;;Meio de Quadra;;;0;1;0;0;0;1;0;0;0;0;0;0;-3,804567000000000;-38,601913000000000
273503;25;12;2015;19:56;0;AV PERIMETRAL;;;0;;Atropelamento;;;;Meio de Quadra;;;0;1;0;0;1;0;0;0;0;0;0;0;;
273495;25;12;2015;14:09;0;AV JOSE BASTOS;;;0;;Colis?úo;Luz do Dia;;;Meio de Quadra;;;0;1;0;0;0;0;0;0;0;1;0;0;;
273496;25;12;2015;14:43;0;AV PERIMETRAL;;;0;;Colis?úo;Luz do Dia;;;Meio de Quadra;;;0;1;1;1;0;0;0;0;0;1;0;0;;
273497;25;12;2015;15:28;0;RUA SGT JOAO PINHEIRO;;;0;;Colis?úo;Luz do Dia;;;Meio de Quadra;;;0;1;1;1;0;0;0;0;0;1;0;0;;
273491;25;12;2015;12:02;0;RUA MOREIRA DA ROCHA;;;0;;Atropelamento;Luz do Dia;;;Meio de Quadra;;;0;1;1;0;0;0;0;0;0;1;0;0;;
273492;25;12;2015;13:05;0;RUA MON CARNEIRO DA CUNHA;;;0;;Colis?úo;Luz do Dia;;;Meio de Quadra;;;0;1;0;0;0;0;0;0;0;0;0;0;-3,775352000000000;-38,492956000000000
273493;25;12;2015;14:02;2919;RUA URUCUTUBA;RUA MARIA JULIA;;0;;Atropelamento;Luz do Dia;;;Cruz;N?úo H?í Controle;Residencial;0;1;1;0;0;0;0;0;0;1;0;0;-3,797047000000000;-38,601155000000000
273486;25;12;2015;09:22;0;RUA CON DE CASTRO;;;0;;Colis?úo;Luz do Dia;;;Meio de Quadra;;;0;1;0;0;0;0;0;0;0;0;0;0;;
273479;25;12;2015;05:14;0;RUA CON DE CASTRO;;;0;;Colis?úo;Amanhecer;;;Meio de Quadra;;;0;1;0;0;0;0;0;0;0;0;0;0;-3,817500000000000;-38,600941000000000
273480;25;12;2015;05:35;0;RUA LUMINOSA;;;0;;Atropelamento;Amanhecer;;;Meio de Quadra;;;0;1;1;1;0;0;0;0;0;0;0;0;;
273472;25;12;2015;00:45;0;AV GAL OSORIO DE PAIVA;;;0;;Colis?úo;;;;Meio de Quadra;;;0;1;1;1;0;0;0;0;0;1;0;0;-3,804567000000000;-38,601913000000000
273474;25;12;2015;01:22;0;AV BEZERRA DE MENEZES;;;0;;Queda;;;;Meio de Quadra;;;0;1;0;0;0;0;0;0;0;1;0;0;;
273475;25;12;2015;02:02;0;AV D CJ CEARA;;;0;;Colis?úo;;;;Meio de Quadra;;;0;1;0;0;0;0;0;0;0;0;0;0;;
273348;25;12;2015;20:34;0;AV GAL OSORIO DE PAIVA;;;1470;;Choque c/ Obst?ículo Fixo;;;;Meio de Quadra;;;0;0;1;0;0;0;0;0;0;0;0;0;-3,780885000000000;-38,574809000000000
273346;25;12;2015;11:29;0;RUA FRE JOSE MAURICIO;;;316;;Colis?úo;Luz do Dia;;;Meio de Quadra;;;0;0;2;0;0;0;0;0;0;0;0;0;;
273344;25;12;2015;02:09;10885;RUA TUPI D35;RUA CUIABA;;0;;Colis?úo;;;;;;;0;0;2;0;0;0;0;0;0;0;0;0;-3,767102000000000;-38,582496000000000
271048;25;12;2015;21:20;17551;RUA MANUEL JESUINO;RUA DR JOSE LINO;;0;;Engavetamento;;;;Cruz;Sem?íforo;Comercial;0;1;2;1;0;0;0;0;0;0;0;0;-3,730066000000000;-38,485087000000000
271052;25;12;2015;08:40;0;AV ALM HENRIQUE SABOIA;;;0;COL. 7 DE SETEMBRO;Choque c/ Obst?ículo Fixo;Luz do Dia;;;Meio de Quadra;;;0;0;1;1;0;0;0;0;0;0;0;0;;
271083;25;12;2015;19:30;4016;RUA PRO COSTA MENDES;RUA JULIO CESAR D12;;0;;Colis?úo Transversal;;;;Cruz;Pare;Residencial;0;0;2;1;0;0;0;0;0;0;0;0;-3,754698000000000;-38,546911000000000
271098;25;12;2015;15:00;0;RUA CASTRO E SILVA;;;779;;Colis?úo Lateral;Luz do Dia;;;Meio de Quadra;;;0;0;2;1;1;0;0;0;0;0;0;0;-3,722121000000000;-38,532434000000000
271094;25;12;2015;15:20;5062;RUA DR JOAO MOREIRA;RUA GAL SAMPAIO;;0;;Colis?úo Transversal;Luz do Dia;;;Cruz;Sem?íforo;Comercial;0;2;0;1;1;0;0;0;0;0;0;0;-3,722030000000000;-38,529364000000000
271080;25;12;2015;12:30;10999;RUA 15 DE NOVEMBRO;RUA ALBERTO MAGNO;;0;;Colis?úo Transversal;Luz do Dia;;;Cruz;Pare;Residencial;0;0;2;1;0;0;0;0;0;0;0;0;-3,769909000000000;-38,553169000000000
271057;25;12;2015;19:50;0;RUA ILDEFONSO ALBANO;;;331;;Colis?úo Lateral;Luz do Dia;;;Meio de Quadra;;;0;0;2;1;0;0;0;0;0;0;0;0;-3,723864000000000;-38,510242000000000
271068;25;12;2015;16:00;18033;AV DIOGUINHO;RUA GERONIMO BRIGIDO;;0;;Colis?úo Traseira;Luz do Dia;;;Cruz;Pare;Lazer;0;0;2;1;0;0;0;0;0;0;0;0;-3,733381000000000;-38,457822000000000
271069;25;12;2015;08:15;0;RUA CANUTO DE AGUIAR;;;1212;;Choque c/ Obst?ículo Fixo;Luz do Dia;;;Meio de Quadra;;;0;0;1;1;0;0;0;0;0;0;0;0;-3,731811000000000;-38,491776000000000
271062;25;12;2015;14:20;348;RUA PRO LINO ENCARNACAO;RUA CESAR FONTENELE;;0;;Colis?úo Transversal;Luz do Dia;;;Cruz;Pare;Misto;0;0;3;1;0;0;0;0;0;0;0;0;-3,746359000000000;-38,559596000000000
271075;25;12;2015;06:20;15804;RUA PERGENTINO MAIA;RUA ANTONINO BARROS;;0;;Colis?úo Transversal;Luz do Dia;;;Cruz;Pare;Comercial;0;1;1;0;1;0;0;0;0;1;0;0;-3,831390000000000;-38,488977000000000
271125;25;12;2015;14:20;17470;TR BAUXITA;AV ABOLICAO;;0;;Colis?úo;Luz do Dia;;;;;;0;0;2;1;0;0;0;0;0;0;0;0;-3,723966000000000;-38,481693000000000
271115;25;12;2015;06:30;5112;RUA BAR RIO BRANCO;RUA CASTRO E SILVA;;0;;Colis?úo Transversal;Luz do Dia;;;Cruz;Sem?íforo;Comercial;0;0;2;1;0;0;0;0;0;0;0;0;-3,723847000000000;-38,527429000000000
271131;25;12;2015;10:15;10863;RUA PRO HERIBALDO COSTA;RUA PORTO VELHO;;0;;Colis?úo Lateral;Luz do Dia;;;Cruz;Sem?íforo;Comercial;0;1;1;1;0;0;0;0;0;0;0;0;-3,765974000000000;-38,587014000000000
271132;25;12;2015;14:35;0;AV JOSE BASTOS;;;5638;;Queda;Luz do Dia;;;Meio de Quadra;;;0;2;0;0;0;0;0;0;0;1;0;0;-3,761101000000000;-38,564830000000000
271103;25;12;2015;06:45;26236;AV DR SILAS MUNGUBA;RUA BERNARDO MANUEL;;0;;Colis?úo Traseira;Luz do Dia;;;;;;0;1;1;1;0;0;0;0;0;1;0;0;-3,787538000000000;-38,547960000000000
271111;25;12;2015;06:00;26236;AV DR SILAS MUNGUBA;RUA BERNARDO MANUEL;;0;;Colis?úo;Luz do Dia;;;;;;1;1;0;0;0;0;0;0;0;1;0;0;-3,787538000000000;-38,547960000000000
271113;25;12;2015;01:20;13556;AV RUI BARBOSA;AV SORIANO ALBUQUERQUE;;0;;Colis?úo Transversal;;;;Cruz;Sem?íforo;Residencial;0;0;2;1;0;0;0;0;0;0;0;0;-3,749460000000000;-38,513767000000000
271121;25;12;2015;04:30;0;RUA SABIAGUABA;;;733;;Capotamento;;;;Meio de Quadra;;;0;2;0;1;0;0;0;0;0;0;0;0;;
266997;25;12;2015;22:44;0;AV PRUDENTE BRASIL;;;0;;Colis?úo;;;;Meio de Quadra;;;0;0;2;1;0;0;0;0;0;0;0;0;;
273088;26;12;2015;04:30;0;RD CE-040;;;0;KM-02;Choque c/ Obst?ículo Fixo;;;;Meio de Quadra;;;0;0;1;0;0;0;0;0;0;0;0;0;-3,776479000000000;-38,481598000000000
273094;26;12;2015;16:10;0;RD CE-040;;;0;KM-07;Colis?úo;Luz do Dia;;;Meio de Quadra;;;0;0;2;1;0;0;0;0;0;0;0;0;-3,817953000000000;-38,483160000000000
273101;26;12;2015;20:15;0;RD CE-060;;;0;KM-03;Colis?úo;;;;Meio de Quadra;;;0;0;2;1;0;0;0;0;0;0;0;0;-3,836637000000000;-38,582776000000000
273098;26;12;2015;14:50;0;AV SEN CARLOS JEREISSATI (AEROPORTO);;;0;KM 03;Colis?úo;Luz do Dia;;;Meio de Quadra;;;0;1;1;1;0;0;0;0;0;0;0;0;-3,780382000000000;-38,541414000000000
271141;26;12;2015;13:50;25068;AV DOS EXPEDICIONARIOS;RUA STA QUITERIA;;0;;Colis?úo Transversal;Luz do Dia;;;Rotat??ria;Sem?íforo;Residencial;0;0;2;1;0;0;0;0;0;0;0;0;-3,759299000000000;-38,539477000000000
271142;26;12;2015;20:00;0;RUA NOSSA SRA DAS GRACAS;;;1308;;Colis?úo Frontal;;;;Meio de Quadra;;;0;2;0;0;0;0;0;0;0;1;0;0;-3,707475000000000;-38,562389000000000
271144;26;12;2015;17:30;18303;AV ALM BARROSO;RUA ITAPIPOCA;;0;;Colis?úo Traseira;Anoitecer;;;T;N?úo H?í Controle;Comercial;0;0;2;1;0;0;1;0;0;0;0;0;-3,720403000000000;-38,516762000000000
271148;26;12;2015;07:40;0;AV JOSE BASTOS;;;6480;;Atropelamento;Luz do Dia;;;Meio de Quadra;;;0;2;0;0;0;0;0;0;0;1;0;0;-3,767391000000000;-38,569576000000000
271146;26;12;2015;19:10;13771;RUA LUIZA MIRANDA COELHO;AV PINTO BANDEIRA D56;;0;;Colis?úo Transversal;;;;Cruz;Pare;Residencial;0;2;0;0;0;0;0;0;1;0;0;0;-3,774929000000000;-38,487283000000000
271371;26;12;2015;18:40;0;AV ABOLICAO;;;1780;;Atropelamento;;;;;;;0;1;1;0;1;0;0;0;0;0;0;0;-3,724791000000000;-38,503368000000000
271376;26;12;2015;23:10;0;RUA PRO VIRGILIO DE MORAIS;;;487;;Colis?úo Transversal;;;;Meio de Quadra;;;0;1;1;1;0;0;0;0;1;0;0;0;-3,752791000000000;-38,596944000000000
271398;26;12;2015;09:00;10999;RUA ALBERTO MAGNO;RUA 15 DE NOVEMBRO;;0;;Colis?úo Transversal;Luz do Dia;;;Cruz;Pare;Residencial;0;1;2;0;0;0;0;0;0;1;0;0;-3,769909000000000;-38,553169000000000
271411;26;12;2015;07:15;2326;AV PRS CASTELO BRANCO;RUA SEN ROBERT KENNEDY;;0;;Colis?úo Transversal;Luz do Dia;;;Cruz;Sem?íforo;Residencial;0;0;2;0;0;0;0;0;0;0;0;0;-3,704117000000000;-38,579042000000000
271407;26;12;2015;06:45;15204;AV ABOLICAO;RUA JULIO IBIAPINA;;0;;Colis?úo Traseira;Luz do Dia;;;Cruz;Sem?íforo;Comercial;0;0;2;1;0;0;0;0;0;0;0;0;-3,726679000000000;-38,491290000000000
271347;26;12;2015;13:15;0;AV CARNEIRO DE MENDONCA;;;750;;Colis?úo Traseira;Luz do Dia;;;Meio de Quadra;;;0;0;4;1;0;0;0;0;0;0;0;0;-3,764148000000000;-38,566687000000000
271332;26;12;2015;13:30;15835;RUA CEL DIONISIO ALENCAR;RUA MANUEL CASTELO BRANCO;;0;;Colis?úo Transversal;Luz do Dia;;;Cruz;Pare;Comercial;0;1;1;1;0;0;0;0;0;1;0;0;-3,832973000000000;-38,488281000000000
271334;26;12;2015;11:45;25311;RUA JOAO REGINO;RUA ANTENOR ROCHA ALEXANDRE;;0;;Colis?úo Transversal;Luz do Dia;;;Cruz;Pare;Residencial;0;0;2;1;0;0;0;0;0;0;0;0;-3,792178000000000;-38,482810000000000
271335;26;12;2015;09:00;17399;RUA ISAIE BORIS;RUA PERU;;0;;Colis?úo Transversal;Luz do Dia;;;;;;0;0;2;1;0;0;0;0;0;0;0;0;-3,767501000000000;-38,549634000000000
271336;26;12;2015;20:52;0;RUA IDALINA MURINELY;;;1650;;Colis?úo Frontal;;;;Meio de Quadra;;;0;1;1;0;0;0;0;0;0;1;0;0;;
271337;26;12;2015;08:00;0;RUA DEMETRIO MENEZES;;;130;;Colis?úo Traseira;Luz do Dia;;;Meio de Quadra;;;0;0;2;1;0;0;0;0;0;0;0;0;;
271338;26;12;2015;17:50;15175;AV ABOLICAO;RUA NUNES VALENTE;;0;;Colis?úo Lateral;Anoitecer;;;Cruz;Pare;Misto;0;0;4;1;0;0;0;0;0;0;0;0;-3,725750000000000;-38,500384000000000
271339;26;12;2015;23:00;15317;RUA TEN BENEVOLO;RUA NUNES VALENTE;;0;;Colis?úo Lateral;;;;Cruz;Pare;Residencial;0;1;1;0;1;0;0;0;0;1;0;0;-3,730365000000000;-38,501859000000000
271340;26;12;2015;14:20;15322;RUA CANUTO DE AGUIAR;RUA BARBOSA DE FREITAS;;0;;Colis?úo Transversal;Luz do Dia;;;Cruz;Pare;Residencial;0;0;2;1;0;0;0;0;0;0;0;0;-3,730624000000000;-38,495453000000000
271444;26;12;2015;16:44;15169;AV BEIRA MAR;RUA JOAQUIM NABUCO;;0;;Colis?úo Lateral;Luz do Dia;;;T;Pare;Outros;0;0;2;1;0;0;0;0;0;0;0;0;-3,725387000000000;-38,498120000000000
271452;26;12;2015;15:35;8954;RUA DOM JERONIMO D06;AV DOMINGOS OLIMPIO;;0;;Colis?úo Traseira;Luz do Dia;;;Cruz;Pare;Residencial;0;0;2;1;0;0;0;0;0;0;0;0;-3,733201000000000;-38,543457000000000
271463;26;12;2015;13:35;18387;AV SGT HERMINIO SAMPAIO;AV OLAVO BILAC;;0;;Colis?úo Lateral;Luz do Dia;;;Cruz;Sem?íforo;Residencial;0;0;2;1;0;0;0;0;1;0;0;0;-3,727179000000000;-38,565080000000000
271133;26;12;2015;23:00;25329;RUA CAP ARAGAO;RD BR 116;;0;;Colis?úo Lateral;;;;;;;0;0;2;1;0;0;0;0;0;0;0;0;-3,765719000000000;-38,518202000000000
271135;26;12;2015;15:20;0;RUA FLORIANO PEIXOTO;;;899;;Colis?úo Lateral;Luz do Dia;;;Meio de Quadra;;;0;0;2;1;0;0;0;0;0;0;0;0;-3,730225000000000;-38,528079000000000
271137;26;12;2015;11:40;8949;AV BEZERRA DE MENEZES;RUA JUSTINIANO DE SERPA;;0;;;Luz do Dia;;;Cruz;Sem?íforo Intermitente;Comercial;0;0;2;1;0;0;1;0;0;0;0;0;-3,731156000000000;-38,542857000000000
271138;26;12;2015;13:30;0;AV MAJ ASSIS;;;1132;;Choque c/ Obst?ículo Fixo;Luz do Dia;;;Meio de Quadra;;;1;0;0;0;0;0;0;0;0;1;0;0;-3,723592000000000;-38,589181000000000
271139;26;12;2015;11:00;0;AV MR HULL;;;0;;Colis?úo Lateral;Luz do Dia;;;Meio de Quadra;;;0;0;2;1;0;0;1;0;0;0;0;0;;
273571;26;12;2015;17:06;12685;AV CEL CARVALHO;AV DA INDEPENDENCIA;;0;;Colis?úo;Anoitecer;;;Cruz;Sem?íforo;Comercial;0;1;1;1;0;0;0;0;0;1;0;0;-3,728711000000000;-38,584952000000000
273573;26;12;2015;18:14;2755;RUA CEL VIRGILIO NOGUEIRA (BOM JARDIM);RUA BOM JESUS (GRANJA LISBOA);;0;;Colis?úo;Anoitecer;;;Cruz;Cancela;Misto;0;1;0;0;0;0;0;0;0;1;0;0;-3,791684000000000;-38,609686000000000
273574;26;12;2015;18:35;0;RD BR 116;;;12000;KM-12;Colis?úo;;;;Meio de Quadra;;;0;1;1;1;0;0;0;0;0;1;0;0;-3,855740000000000;-38,496066000000000
273590;26;12;2015;18:45;0;RUA AMARO JOSE DE SOUZA;;;0;;Colis?úo;;;;Meio de Quadra;;;0;1;0;0;0;0;0;0;0;0;0;0;-3,825136000000000;-38,567687000000000
273619;26;12;2015;20:27;0;RUA OSCAR ARARIPE;;;0;;Colis?úo;;;;Meio de Quadra;;;0;1;0;0;0;0;0;0;0;0;0;0;-3,785001000000000;-38,618938000000000
273620;26;12;2015;22:52;15370;AV DOM LUIS;AV SEN VIRGILIO TAVORA;;0;;Colis?úo;;;;Cruz;Sem?íforo;Comercial;0;1;1;1;0;0;0;0;0;1;0;0;-3,734829000000000;-38,492507000000000
273567;26;12;2015;14:52;0;AV GAL OSORIO DE PAIVA;;;0;;Choque c/ Obst?ículo Fixo;Luz do Dia;;;Meio de Quadra;;;0;1;0;1;0;0;0;0;0;0;0;0;-3,820559000000000;-38,617416000000000
273352;26;12;2015;07:22;0;RUA SABIAGUABA;;;0;;Choque c/ Obst?ículo Fixo;Luz do Dia;;;Meio de Quadra;;;0;0;1;0;0;0;0;0;0;0;0;0;;
273356;26;12;2015;12:22;0;RUA ALBERTO DE OLIVEIRA;;;1707;;Colis?úo;Luz do Dia;;;Meio de Quadra;;;0;0;2;0;0;0;0;0;0;0;0;0;-3,717381000000000;-38,579040000000000
273362;26;12;2015;21:54;3201;RUA TAQUARI;RUA JOSE ARISTOTELES GONDIM;;0;;Colis?úo;;;;;;;0;0;2;0;0;0;0;0;0;0;0;0;-3,780819000000000;-38,585530000000000
273358;26;12;2015;20:13;0;AV PRS COSTA E SILVA;;;0;;Colis?úo;;;;Meio de Quadra;;;0;0;2;0;0;0;0;0;0;0;0;0;;
273524;26;12;2015;07:49;0;AV JOSE BASTOS;;;0;;Colis?úo;Luz do Dia;;;Meio de Quadra;;;0;1;0;0;0;0;0;0;0;0;0;0;-3,767391000000000;-38,569576000000000
273526;26;12;2015;07:56;0;AV BORGES DE MELO;;;0;;Colis?úo;Luz do Dia;;;Meio de Quadra;;;0;1;0;1;0;0;0;0;0;0;0;0;-3,753704000000000;-38,537314000000000
273528;26;12;2015;08:22;0;RUA AFONSO LOPES;;;0;;Colis?úo;Luz do Dia;;;Meio de Quadra;;;0;1;0;0;0;0;0;0;0;0;0;0;;
273529;26;12;2015;11:48;0;RUA PRC ISABEL;;;0;;Colis?úo;Luz do Dia;;;Meio de Quadra;;;0;1;1;1;0;0;0;0;0;1;0;0;-3,729766000000000;-38,536430000000000
273530;26;12;2015;14:44;5284;RUA PRC ISABEL;RUA PEDRO I;;0;;Colis?úo;Luz do Dia;;;Cruz;;Comercial;0;1;1;1;0;0;0;0;0;1;0;0;-3,728809000000000;-38,536144000000000
273386;27;12;2015;21:58;12699;AV CEL CARVALHO;AV MAJ ASSIS;;0;;Colis?úo;;;;Cruz;Sem?íforo;Residencial;0;0;2;0;0;0;0;0;0;0;0;0;-3,723796000000000;-38,586255000000000
273388;27;12;2015;22:06;0;RUA STA LUZIA;;;100;;Choque c/ Obst?ículo Fixo;;;;Meio de Quadra;;;0;0;1;0;0;0;0;0;0;0;0;0;;
273389;27;12;2015;22:52;0;RUA OSCAR FRANCA;;;640;;Colis?úo;;;;Meio de Quadra;;;0;0;2;0;0;0;0;0;0;0;0;0;;
273365;27;12;2015;00:04;2755;RUA BOM JESUS (GRANJA LISBOA);RUA CEL VIRGILIO NOGUEIRA (BOM JARDIM);;0;;Colis?úo;;;;Cruz;Cancela;Misto;0;0;2;0;0;0;0;0;0;0;0;0;-3,791684000000000;-38,609686000000000
273367;27;12;2015;00:06;0;AV AUGUSTO DOS ANJOS;;;51;;Colis?úo;;;;Meio de Quadra;;;0;0;2;0;0;0;0;0;0;0;0;0;;
273372;27;12;2015;17:45;0;RUA JOAQUIM DE FIGUEIREDO FILHO;;;69;;Colis?úo;Anoitecer;;;Meio de Quadra;;;0;0;2;0;0;0;0;0;0;0;0;0;-3,801301000000000;-38,482454000000000
273369;27;12;2015;04:30;0;AV GAL OSORIO DE PAIVA;;;0;;Colis?úo;;;;Meio de Quadra;;;0;0;2;0;0;0;0;0;0;0;0;0;;
273381;27;12;2015;19:22;0;RUA ANDRE REBOUCAS;;;121;;Colis?úo;;;;Meio de Quadra;;;0;0;2;0;0;0;0;0;0;0;0;0;-3,774689000000000;-38,589547000000000
273379;27;12;2015;19:06;1927;AV ISABEL BEZERRA;RUA MARIA QUINTINO;;0;;Colis?úo;;;;Cruz;Pare;Residencial;0;1;1;1;0;0;0;0;0;1;0;0;-3,855018000000000;-38,500730000000000
273375;27;12;2015;18:14;0;RUA CIDADE ECOLOGICA;;;80;;Colis?úo;Anoitecer;;;Meio de Quadra;;;0;0;2;0;0;0;0;0;0;0;0;0;-3,771426000000000;-38,474049000000000
273384;27;12;2015;20:08;0;RUA PRO GOMES BRASIL;;;370;;Colis?úo;;;;Meio de Quadra;;;0;0;2;0;0;0;0;0;0;0;0;0;-3,772419000000000;-38,568765000000000
273624;27;12;2015;04:33;0;AV GAL OSORIO DE PAIVA;;;0;;Queda;;;;Meio de Quadra;;;0;1;0;0;0;0;0;0;0;1;0;0;;
273652;27;12;2015;13:41;23655;RUA BAR CRATO;RUA PRO JOAQUIM ANTONIO;;0;;Colis?úo;Luz do Dia;;;Cruz;N?úo H?í Controle;Misto;0;1;1;1;0;0;0;0;0;1;0;0;-3,722755000000000;-38,565243000000000
273639;27;12;2015;04:40;0;AV MR HULL;;;0;;Colis?úo;;;;Meio de Quadra;;;0;1;0;0;0;0;0;0;0;0;0;0;;
273641;27;12;2015;04:44;0;RUA MONTE LIBANO;;;0;;Colis?úo;;;;Meio de Quadra;;;0;1;1;1;0;0;0;0;0;1;0;0;-3,824465000000000;-38,561746000000000
273642;27;12;2015;09:06;0;RUA JOSE VILAR;;;0;;Colis?úo;Luz do Dia;;;Meio de Quadra;;;0;1;1;1;0;0;0;0;0;1;0;0;;
273644;27;12;2015;09:11;0;AV AUGUSTO DOS ANJOS;;;0;;Colis?úo;Luz do Dia;;;Meio de Quadra;;;0;1;0;0;0;0;0;0;0;1;0;0;-3,785934000000000;-38,584042000000000
273646;27;12;2015;11:57;0;AV LUCIANO CARNEIRO;;;0;;Colis?úo;Luz do Dia;;;Meio de Quadra;;;0;1;1;1;0;0;0;0;0;1;0;0;-3,770921000000000;-38,538518000000000
273647;27;12;2015;12:37;0;RD BR 116;;;2000;KM-02;Colis?úo;Luz do Dia;;;Meio de Quadra;;;0;1;0;1;0;0;0;0;0;0;0;0;-3,771391000000000;-38,516780000000000
273648;27;12;2015;12:46;0;RUA BAR AQUIRAZ;;;0;;Colis?úo;Luz do Dia;;;Meio de Quadra;;;0;1;0;1;0;0;0;0;0;0;0;0;-3,834808000000000;-38,489483000000000
273664;27;12;2015;21:13;0;AV PRS CASTELO BRANCO;;;0;;Colis?úo;;;;Meio de Quadra;;;0;1;0;1;0;0;0;0;0;0;0;0;;
273666;27;12;2015;22:49;0;RUA OSCAR FRANCA;;;0;;Colis?úo;;;;Meio de Quadra;;;0;1;1;1;0;0;0;0;0;1;0;0;;