COD_ACIDENTE;DIA;MES;ANO;HORA;INTERSECAO;LOG1;LOG2;LOG3;NUMERO;REFERENCIA;NATUREZA;ILUMINACAO;TEMPO;SUPERFICIEPISTA;TIPOCRUZAMENTO;CONTROLETRAFEGO;USOSOLO;MORTOS;FERIDOS;ILESOS;AUTOMOVEL;ONIBUS;BICICLETA;CAMINHAO;MICROONIBUS;CICLOMOTOR;MOTOCICLETA;TRACAOANIMAL;TREM;LATITUDE;LONGITUDE
273668;27;12;2015;23:07;0;RUA ARARIPE MACEDO;;;0;;Colis?úo;;;;Meio de Quadra;;;0;1;0;1;1;0;0;0;0;0;0;0;-3,770648000000000;-38,580789000000000
273658;27;12;2015;15:53;0;RUA SAO FELIPE D71;;;0;;Queda;Luz do Dia;;;Meio de Quadra;;;0;1;0;0;0;0;0;0;0;1;0;0;;
273659;27;12;2015;17:10;0;AV A CJ CEARA;;;0;;Colis?úo;Anoitecer;;;Meio de Quadra;;;0;1;0;0;0;0;0;0;0;1;0;0;-3,772514000000000;-38,605200000000000
273660;27;12;2015;17:56;0;RD BR 116;;;10000;KM-10;Colis?úo;Anoitecer;;;Meio de Quadra;;;0;1;0;0;0;0;0;0;0;0;0;0;-3,834435000000000;-38,503373000000000
273671;27;12;2015;23:52;0;AV WASHINGTON SOARES;;;0;;Colis?úo;;;;Meio de Quadra;;;0;1;1;1;0;0;0;0;0;1;0;0;;
273655;27;12;2015;13:46;0;AV GODOFREDO MACIEL;;;0;;Queda;Luz do Dia;;;Meio de Quadra;;;0;1;0;0;0;0;0;0;0;1;0;0;;
273656;27;12;2015;14:02;15216;RUA VIS MAUA;AV ABOLICAO;;0;;Colis?úo;Luz do Dia;;;Cruz;Outros;Comercial;0;1;1;1;0;0;0;0;0;1;0;0;-3,727006000000000;-38,496477000000000
272729;27;12;2015;12:00;0;RUA JANDIRA;;;731;;Outros;Luz do Dia;;;Meio de Quadra;;;0;1;0;0;0;0;0;0;0;1;0;0;-3,713168000000000;-38,586685000000000
272712;27;12;2015;00:05;0;AV PRO JOSE ARTHUR CARVALHO;;;1830;;Atropelamento;;;;Meio de Quadra;;;0;1;1;1;0;0;0;0;0;0;0;0;-3,825839000000000;-38,463749000000000
271471;27;12;2015;08:00;4620;RUA WALDEMAR ALCANTARA;RUA LUIS GIRAO;;0;;Colis?úo Frontal;Luz do Dia;;;Cruz;Pare;Residencial;0;0;2;1;0;0;0;0;0;0;0;0;-3,798863000000000;-38,482367000000000
271467;27;12;2015;10:00;0;RUA CARVALHO JUNIOR;;;651;;Atropelamento;Luz do Dia;;;Meio de Quadra;;;1;0;3;1;0;0;0;0;0;0;0;0;-3,758569000000000;-38,511065000000000
271481;27;12;2015;10:00;19683;RUA PRO JOSE DE BARCELOS;RUA AZEVEDO BOLAO;;0;;Colis?úo Transversal;Luz do Dia;;;Cruz;Pare;Residencial;0;2;0;1;0;0;0;0;0;0;0;0;-3,735196000000000;-38,550610000000000
271478;27;12;2015;10:30;0;AV JOAO PESSOA;;;6079;;Colis?úo Transversal;Luz do Dia;;;Meio de Quadra;;;0;2;0;1;0;0;0;0;0;0;0;0;-3,763321000000000;-38,558198000000000
271475;27;12;2015;18:20;0;RUA TEODOMIRO DE CASTRO;;;6404;;Atropelamento;Anoitecer;;;Meio de Quadra;;;1;1;0;0;0;0;0;0;1;0;0;0;-3,716589000000000;-38,577502000000000
271473;27;12;2015;01:10;18337;AV DR THEBERGE;RUA FRANCISCO NOGUEIRA;;0;;Colis?úo Transversal;;;;;;;0;1;1;1;1;0;0;0;0;0;0;0;-3,722748000000000;-38,567606000000000
271487;27;12;2015;21:25;24988;RUA TAVARES COUTINHO;RUA FRE MANSUETO;;0;;Colis?úo Transversal;;;;Cruz;Sem?íforo Intermitente;Comercial;0;0;2;1;0;0;0;0;0;0;0;0;-3,732638000000000;-38,488784000000000
271488;27;12;2015;08:00;0;AV ALBERTO NEPOMUCENO;;;199;;Colis?úo Traseira;Luz do Dia;;;Meio de Quadra;;;0;0;2;0;0;0;0;0;0;0;0;0;-3,723056000000000;-38,524182000000000
271489;27;12;2015;16:00;348;RUA CESAR FONTENELE;RUA PRO LINO ENCARNACAO;;0;;Colis?úo Lateral;Luz do Dia;;;Cruz;Pare;Misto;0;0;2;1;0;0;0;0;0;0;0;0;-3,746359000000000;-38,559596000000000
271490;27;12;2015;12:30;0;AV BEIRA MAR;;;976;;Colis?úo Lateral;Luz do Dia;;;Meio de Quadra;;;0;0;2;1;0;0;0;0;0;0;0;0;-3,720358000000000;-38,510964000000000
271484;27;12;2015;09:10;5235;RUA PRC ISABEL;RUA PEDRO PEREIRA;;0;;Colis?úo Transversal;Luz do Dia;;;Cruz;Pare;Comercial;0;0;2;1;1;0;0;0;0;0;0;0;-3,727353000000000;-38,535705000000000
273111;27;12;2015;23:50;0;RD CE-040;;;0;KM-02;Colis?úo;;;;Meio de Quadra;;;0;1;1;1;0;0;0;0;0;1;0;0;-3,776479000000000;-38,481598000000000
273116;28;12;2015;14:05;0;RD CE-040;;;0;KM-06;Colis?úo;Luz do Dia;;;Meio de Quadra;;;0;0;3;1;0;0;0;0;0;0;0;0;-3,811270000000000;-38,478781000000000
273114;28;12;2015;06:30;0;RD CE-040;;;0;KM-07;Colis?úo;Luz do Dia;;;Meio de Quadra;;;0;1;2;1;0;0;0;0;0;1;0;0;-3,817953000000000;-38,483160000000000
267035;28;12;2015;16:39;22127;RUA GUSTAVO BRAGA;RUA MAJ PEDRO SAMPAIO;;0;;Colis?úo;Luz do Dia;;;Cruz;Pare;Residencial;0;0;2;1;0;0;0;0;0;0;0;0;-3,748479000000000;-38,555389000000000
267031;28;12;2015;11:27;0;RUA BATISTA DE OLIVEIRA;;;0;;Colis?úo;Luz do Dia;;;Meio de Quadra;;;0;0;2;1;0;0;0;0;0;0;0;0;;
267038;28;12;2015;17:10;0;AV PRS CASTELO BRANCO;;;0;;Colis?úo;Anoitecer;;;Meio de Quadra;;;0;0;2;0;1;0;0;0;0;0;0;0;;
267041;28;12;2015;19:16;0;RUA BERNARDO MANUEL;;;0;;Colis?úo;;;;Meio de Quadra;;;0;0;2;0;1;0;0;0;0;0;0;0;;
267042;28;12;2015;19:35;0;RUA MARANHAO;;;0;;Colis?úo;;;;Meio de Quadra;;;0;0;2;1;0;0;1;0;0;0;0;0;;
271492;28;12;2015;09:00;0;RUA PRO LINO ENCARNACAO;;;0;;Colis?úo Transversal;Luz do Dia;;;Meio de Quadra;;;0;1;1;1;0;0;0;0;0;1;0;0;;
271493;28;12;2015;15:00;0;AV SANTOS DUMONT;;;2772;;Colis?úo Lateral;Luz do Dia;;;Meio de Quadra;;;0;0;2;1;1;0;0;0;0;0;0;0;-3,735702000000000;-38,500016000000000
271498;28;12;2015;17:40;5399;AV VIS RIO BRANCO;RUA PEDRO I;;0;;Colis?úo Lateral;Anoitecer;;;;;;0;0;2;1;1;0;0;0;0;0;0;0;-3,732458000000000;-38,524814000000000
271499;28;12;2015;19:00;2544;AV CEL CARVALHO;AV TREZE ROCHDALE;;0;;Colis?úo Transversal;;;;Cruz;;Comercial;0;0;2;1;0;0;0;0;0;1;0;0;-3,710718000000000;-38,589633000000000
271500;28;12;2015;07:30;25068;AV DOS EXPEDICIONARIOS;RUA STA QUITERIA;;0;;Colis?úo Transversal;Luz do Dia;;;Rotat??ria;Sem?íforo;Residencial;0;1;1;1;0;0;0;0;0;1;0;0;-3,759299000000000;-38,539477000000000
271501;28;12;2015;08:20;5458;RUA BARBARA DE ALENCAR;RUA RODRIGUES JUNIOR;;0;;Colis?úo Transversal;Luz do Dia;;;Cruz;Pare;Comercial;0;0;3;1;1;0;0;0;0;0;0;0;-3,735343000000000;-38,522156000000000
271502;28;12;2015;20:45;24984;AV ALM HENRIQUE SABOIA;RUA BENTO ALBUQUERQUE;;0;;Colis?úo Lateral;;;;T;N?úo H?í Controle;Residencial;0;0;2;1;0;0;0;0;0;0;0;0;-3,742019000000000;-38,488529000000000
271496;28;12;2015;14:40;12840;RUA SOLON PINHEIRO;RUA CARLOS GOMES;;0;;Colis?úo Transversal;Luz do Dia;;;Cruz;Pare;Residencial;0;2;0;1;0;0;0;0;0;1;0;0;-3,740604000000000;-38,529735000000000
271503;28;12;2015;14:50;22672;RUA ELISEU ORIA;AV COS GOMES DE FREITAS (SAPIRANGA/COITE);;0;;Colis?úo Transversal;Luz do Dia;;;Cruz;Pare;Residencial;0;0;2;1;0;0;0;0;0;0;0;0;-3,795487000000000;-38,477418000000000
271504;28;12;2015;16:30;0;AV DEP PAULINO ROCHA;;;1710;;Colis?úo Traseira;Luz do Dia;;;Meio de Quadra;;;0;0;4;1;0;0;0;0;0;0;0;0;-3,811776000000000;-38,512496000000000
271694;28;12;2015;00:15;11670;RUA ARARIPE MACEDO;RUA MON VICENTE MARTINS;;0;;Colis?úo Transversal;;;;;;;0;1;2;1;1;0;0;0;0;0;0;0;-3,770783000000000;-38,580530000000000
271702;28;12;2015;08:40;10749;RUA PRO HERIBALDO COSTA;AV SEN FERNANDES TAVORA;;0;;Colis?úo Traseira;Luz do Dia;;;Cruz;Sem?íforo;Comercial;0;0;2;1;0;0;1;0;0;0;0;0;-3,761006000000000;-38,584384000000000
271705;28;12;2015;20:00;0;AV PRS CASTELO BRANCO;;;3402;;Colis?úo Traseira;;;;Meio de Quadra;;;0;0;2;1;0;0;0;0;0;0;0;0;-3,710315000000000;-38,561652000000000
271710;28;12;2015;07:10;21372;RUA JOSE SOMBRA;AV JOVITA FEITOSA;;0;;Colis?úo Transversal;Luz do Dia;;;T;Sem?íforo;Comercial;0;0;2;1;0;0;0;0;0;0;0;0;-3,737763000000000;-38,546301000000000
271717;28;12;2015;17:00;0;AV PRS CASTELO BRANCO;;;0;;Colis?úo Lateral;Anoitecer;;;Meio de Quadra;;;0;1;1;1;0;0;0;0;0;1;0;0;;
271715;28;12;2015;15:00;17317;AV JOAO PESSOA;RUA TEN MOACIR MATOS;;0;;Colis?úo Lateral;Luz do Dia;;;T;Pare;Comercial;0;1;1;1;1;0;0;0;0;0;0;0;-3,763615000000000;-38,558316000000000
271713;28;12;2015;09:30;0;AV SANTOS DUMONT;;;6500;;Colis?úo Traseira;Luz do Dia;;;Meio de Quadra;;;0;0;3;1;0;0;0;0;0;0;0;0;-3,743736000000000;-38,475074000000000
271666;28;12;2015;08:30;0;RUA BAR CRATO;;;2004;;Colis?úo Traseira;Luz do Dia;;;Meio de Quadra;;;0;0;2;1;0;0;0;0;0;0;0;0;-3,723016000000000;-38,566290000000000
271667;28;12;2015;22:30;0;RUA LUCIANO DE QUEIROS;;;438;;Colis?úo Traseira;;;;Meio de Quadra;;;0;0;2;1;0;0;0;0;0;0;0;0;-3,761909000000000;-38,580584000000000
271668;28;12;2015;10:00;0;AV DEP PAULINO ROCHA;;;2399;;Colis?úo Lateral;Luz do Dia;;;Meio de Quadra;;;0;1;1;1;0;0;0;0;0;1;0;0;;
271669;28;12;2015;12:30;0;AV CEL CARVALHO;;;2856;;Colis?úo Traseira;Luz do Dia;;;Meio de Quadra;;;0;0;2;1;0;0;0;0;0;0;0;0;-3,728395000000000;-38,585031000000000
271670;28;12;2015;19:00;7401;AV SEN FERNANDES TAVORA;RUA AUDISIO PINHEIRO;;0;;Colis?úo;;;;Cruz;Sem?íforo;Comercial;0;2;0;0;0;0;0;0;0;1;0;0;-3,758593000000000;-38,588886000000000
271671;28;12;2015;10:30;19331;AV GAL OSORIO DE PAIVA;RUA PRO GOMES BRASIL;;0;;Colis?úo Lateral;Luz do Dia;;;Cruz;Sem?íforo;Comercial;0;0;2;0;0;0;0;0;0;1;0;0;-3,775618000000000;-38,566451000000000
271672;28;12;2015;13:00;18060;AV DIOGUINHO;RUA PRO MOZART SOLON;;0;;Colis?úo Lateral;Luz do Dia;;;Cruz;Pare;Lazer;0;1;1;1;0;0;0;0;0;0;0;0;-3,738210000000000;-38,455185000000000
271673;28;12;2015;21:18;9131;RUA BAR ARATANHA;AV 13 DE MAIO;;0;;Colis?úo Lateral;;;;Cruz;Sem?íforo;Comercial;0;2;0;0;0;0;0;0;0;1;0;0;-3,747615000000000;-38,531331000000000
271674;28;12;2015;18:10;0;AV GODOFREDO MACIEL;;;941;;Colis?úo Lateral;Anoitecer;;;Meio de Quadra;;;0;0;2;1;0;0;0;0;0;0;0;0;;
271675;28;12;2015;15:50;0;RUA ILDEFONSO ALBANO;;;1654;;Colis?úo Transversal;Luz do Dia;;;Meio de Quadra;;;0;0;2;1;0;0;0;0;0;0;0;0;-3,735471000000000;-38,513889000000000
271677;28;12;2015;11:40;0;RUA PDE VALDEVINO;;;1140;;Engavetamento;Luz do Dia;;;Meio de Quadra;;;0;0;3;1;0;0;0;0;0;0;0;0;-3,739976000000000;-38,514162000000000
272745;28;12;2015;22:00;0;AV SEN FERNANDES TAVORA;;;0;;Atropelamento;;;;Meio de Quadra;;;0;1;1;0;1;0;0;0;0;0;0;0;;
273723;28;12;2015;17:42;1378;RUA DES LEITE ALBUQUERQUE;RUA OSVALDO CRUZ (ALDEOTA);;0;;Colis?úo;Anoitecer;;;Cruz;Pare;Comercial;0;1;1;1;0;0;0;0;0;1;0;0;-3,736598000000000;-38,500640000000000
273724;28;12;2015;18:23;4194;AV FRANCISCO SA;AV TEN LISBOA;;0;;Colis?úo;Anoitecer;;;Cruz;N?úo H?í Controle;Comercial;0;1;0;0;0;0;0;0;0;1;0;0;-3,717874000000000;-38,555953000000000
273726;28;12;2015;19:05;0;AV J CJ CEARA;;;0;;Atropelamento;;;;Meio de Quadra;;;0;1;1;1;0;0;0;0;0;0;0;0;-3,761488000000000;-38,613458000000000
273728;28;12;2015;22:27;19469;AV GAL OSORIO DE PAIVA;AV AUGUSTO DOS ANJOS;;0;;Atropelamento;;;;Outros;Pare;Misto;1;0;1;1;0;0;0;0;0;0;0;0;-3,787349000000000;-38,584939000000000
273712;28;12;2015;16:16;5357;RUA MAJ FACUNDO;RUA PEDRO I;;0;;Colis?úo;Luz do Dia;;;Cruz;Pare;Comercial;0;1;1;1;0;0;0;0;0;1;0;0;-3,731113000000000;-38,528990000000000
273713;28;12;2015;16:42;0;AV PRS CASTELO BRANCO;;;0;;Colis?úo;Luz do Dia;;;Meio de Quadra;;;0;1;1;1;0;0;0;0;0;1;0;0;;
273715;28;12;2015;17:28;12542;RUA ROSINHA SAMPAIO;RUA ROSA LEITE OLIVEIRA;;0;;Colis?úo;Anoitecer;;;Cruz;Pare;Misto;0;1;1;1;0;0;0;0;0;1;0;0;-3,726767000000000;-38,587218000000000
273673;28;12;2015;05:17;0;RUA CON DE CASTRO;;;0;;Colis?úo;Amanhecer;;;Meio de Quadra;;;0;1;0;0;0;0;0;0;0;0;0;0;-3,777518000000000;-38,566604000000000
273674;28;12;2015;05:37;0;AV WASHINGTON SOARES;;;0;;Queda;Amanhecer;;;Meio de Quadra;;;0;1;0;0;0;0;0;0;0;1;0;0;-3,814229000000000;-38,480787000000000
273684;28;12;2015;07:36;21611;RUA JOAO RAMALHO;RUA COM GARCIA;;0;;Colis?úo;Luz do Dia;;;Cruz;Pare;Residencial;0;1;1;1;0;0;0;0;0;1;0;0;-3,799067000000000;-38,588536000000000
273685;28;12;2015;08:44;8979;AV DUQ CAXIAS;RUA JUSTINIANO DE SERPA;;0;;Queda;Luz do Dia;;;Outros;Pare;Comercial;0;1;0;0;0;0;0;0;0;1;0;0;-3,727637000000000;-38,542701000000000
273687;28;12;2015;11:36;5416;RUA JAIME BENEVOLO;AV DUQ CAXIAS;;0;;Atropelamento;Luz do Dia;;;Cruz;Pare;Comercial;0;1;1;0;0;1;0;0;0;0;0;0;-3,733137000000000;-38,525704000000000
273688;28;12;2015;12:57;1302;RUA MARCOS MACEDO;RUA BARBOSA DE FREITAS;;0;;Colis?úo;Luz do Dia;;;Cruz;Pare;Comercial;0;1;1;1;0;0;0;0;0;1;0;0;-3,734569000000000;-38,496719000000000
273690;28;12;2015;16:01;0;RUA ARARIPE PRATA;;;0;;Colis?úo;Luz do Dia;;;Meio de Quadra;;;0;1;1;1;0;0;0;0;0;1;0;0;-3,776355000000000;-38,568172000000000
273385;28;12;2015;15:13;10699;RUA PRO PAULO LOPES;RUA PRO MIRAMAR DA PONTE;;0;;Colis?úo;Luz do Dia;;;Cruz;N?úo H?í Controle;Comercial;0;0;2;0;0;0;0;0;0;0;0;0;-3,757613000000000;-38,583589000000000
273393;28;12;2015;17:23;0;RUA BERNARDO MANUEL;;;0;;Colis?úo;Anoitecer;;;Meio de Quadra;;;0;0;2;0;0;0;0;0;0;0;0;0;;
273395;28;12;2015;18:24;0;RUA BILL CARTAXO;;;0;;Atropelamento;Anoitecer;;;Meio de Quadra;;;0;0;2;0;0;0;0;0;0;0;0;0;;
273398;28;12;2015;21:49;9895;RUA GERALDO BARBOSA;RUA SGT JOAO PINHEIRO;;0;;Colis?úo;;;;;;;0;0;2;0;0;0;0;0;0;0;0;0;-3,785245000000000;-38,623471000000000
273399;29;12;2015;14:36;12662;RUA CARNAUBAL;RUA RIO PARAGUAI;;0;;Colis?úo;Luz do Dia;;;Cruz;N?úo H?í Controle;Residencial;0;0;2;0;0;0;0;0;0;0;0;0;-3,722458000000000;-38,583961000000000
273400;29;12;2015;19:16;23515;RUA ANA GONCALVES;RUA PRO CARVALHO;;0;;Atropelamento;;;;Cruz;Pare;Comercial;0;1;1;0;0;0;0;0;0;1;0;0;-3,759620000000000;-38,513598000000000
273401;29;12;2015;19:58;0;ET DO JATOBA;;;0;;Colis?úo;;;;Meio de Quadra;;;0;0;2;0;0;0;0;0;0;0;0;0;;
273402;29;12;2015;20:09;0;LOGRADOURO SEM NOME;;;0;;Colis?úo;;;;Meio de Quadra;;;0;0;2;0;0;0;0;0;0;0;0;0;;
273403;29;12;2015;21:20;0;AV JOR THOMAZ COELHO;;;0;;Colis?úo;;;;Meio de Quadra;;;0;0;2;0;0;0;0;0;0;0;0;0;;
273405;29;12;2015;22:26;24257;RUA MANUEL JESUINO;RUA TAVARES COUTINHO;;0;;Colis?úo;;;;Cruz;Sem?íforo;Residencial;0;0;2;0;0;0;0;0;0;0;0;0;-3,732500000000000;-38,484965000000000
273744;29;12;2015;14:01;12665;RUA RIO ARAGUAIA;RUA CARNAUBAL;;0;;Colis?úo;Luz do Dia;;;Cruz;Pare;Residencial;0;1;1;1;0;0;0;0;0;1;0;0;-3,722657000000000;-38,581848000000000
273746;29;12;2015;15:27;12819;AV PRO GOMES DE MATOS;RUA ANDRE CHAVES;;0;;Atropelamento;Luz do Dia;;;Cruz;Sem?íforo;Comercial;0;1;1;0;0;0;0;0;0;1;0;0;-3,756396000000000;-38,541533000000000
273748;29;12;2015;15:28;5199;RUA LIBERATO BARROSO;RUA PRC ISABEL;;0;;Colis?úo;Luz do Dia;;;Cruz;Pare;Comercial;0;1;1;0;0;0;0;0;0;1;0;0;-3,726167000000000;-38,535356000000000
273752;29;12;2015;15:49;0;RUA MARIA MIRIAN F  DE SOUZA;;;0;;Colis?úo;Luz do Dia;;;Meio de Quadra;;;0;1;1;1;0;0;0;0;0;1;0;0;-3,733480000000000;-38,568023000000000
273753;29;12;2015;16:16;3970;RUA PRO COSTA MENDES;RUA AQUIRAZ;;0;;Colis?úo;Luz do Dia;;;Cruz;Pare;Residencial;0;1;1;1;0;0;0;0;0;1;0;0;-3,755837000000000;-38,545595000000000
273754;29;12;2015;17:14;0;RUA RIO GRANDE DO SUL;;;0;;Colis?úo;Anoitecer;;;Meio de Quadra;;;0;1;1;1;0;0;0;0;0;1;0;0;-3,760081000000000;-38,568510000000000
273756;29;12;2015;18:51;0;AV PERIMETRAL;;;0;;Atropelamento;;;;Meio de Quadra;;;0;1;1;0;0;0;0;0;0;1;0;0;;
273758;29;12;2015;19:23;0;RUA CARLOS PIMENTA;;;0;;Colis?úo;;;;Meio de Quadra;;;0;1;1;1;0;0;0;0;0;1;0;0;;
273759;29;12;2015;20:10;0;AV DR THEBERGE;;;0;;Colis?úo;;;;Meio de Quadra;;;0;1;1;0;0;0;0;0;0;1;0;0;;
273730;29;12;2015;06:19;0;AV 13 DE MAIO;;;0;;Colis?úo;Luz do Dia;;;Meio de Quadra;;;0;1;1;0;0;0;0;0;0;1;0;0;;
273733;29;12;2015;07:11;0;AV JOSE BASTOS;;;0;;Colis?úo;Luz do Dia;;;Meio de Quadra;;;0;1;1;0;0;0;0;0;0;1;0;0;-3,747568000000000;-38,548068000000000
273734;29;12;2015;07:50;0;AV COSTA OESTE;;;0;;Colis?úo;Luz do Dia;;;Meio de Quadra;;;0;1;1;1;0;0;0;0;0;1;0;0;;
273737;29;12;2015;10:34;0;AV ROGACIANO LEITE;;;0;;Colis?úo;Luz do Dia;;;Meio de Quadra;;;0;1;1;1;0;0;0;0;0;1;0;0;-3,779212000000000;-38,501312000000000
273738;29;12;2015;11:05;0;AV WASHINGTON SOARES;;;0;;Queda;Luz do Dia;;;Meio de Quadra;;;0;1;0;0;0;0;0;0;0;1;0;0;-3,822690000000000;-38,481281000000000
273741;29;12;2015;11:57;0;AV MAJ ASSIS;;;0;;Colis?úo;Luz do Dia;;;Meio de Quadra;;;0;1;1;1;0;0;0;0;0;1;0;0;-3,721838000000000;-38,595315000000000
271719;29;12;2015;17:00;1530;RUA TIBURCIO CAVALCANTE;AV JULIO VENTURA;;0;;Colis?úo Traseira;Anoitecer;;;Cruz;Sem?íforo;Comercial;0;2;0;0;0;0;0;0;0;1;0;0;-3,740609000000000;-38,504074000000000
271721;29;12;2015;13:15;9172;RUA PAULA RODRIGUES;RUA MIN JOAQUIM BASTOS D14;;0;;Colis?úo Transversal;Luz do Dia;;;Cruz;Pare;Residencial;0;0;4;1;0;0;0;0;0;0;0;0;-3,754299000000000;-38,527598000000000
271724;29;12;2015;14:00;0;AV DEP PAULINO ROCHA;;;1341;;Colis?úo Lateral;Luz do Dia;;;Meio de Quadra;;;0;1;1;1;0;0;0;0;0;1;0;0;-3,810997000000000;-38,510012000000000
271729;29;12;2015;11:00;16679;AV PRS COSTA E SILVA;AV 1 LOT ARVOREDO;;0;;Colis?úo Transversal;Luz do Dia;;;T;Pare;Residencial;0;2;0;0;0;0;0;0;0;1;0;0;-3,817735000000000;-38,565160000000000
271726;29;12;2015;16:10;0;AV ALBERTO NEPOMUCENO;;;0;;Colis?úo Transversal;Luz do Dia;;;Meio de Quadra;;;0;1;1;1;0;0;0;0;0;1;0;0;;
271733;29;12;2015;10:30;7811;RUA TIBURCIO CAVALCANTE;RUA LIVIO BARRETO;;0;;Colis?úo Transversal;Luz do Dia;;;Cruz;Pare;Residencial;0;1;1;1;0;0;0;0;0;1;0;0;-3,751004000000000;-38,507414000000000
271734;29;12;2015;19:20;15194;RUA ILDEFONSO ALBANO;RUA DEP MOREIRA DA ROCHA;;0;;Colis?úo Transversal;;;;Cruz;Pare;Residencial;0;1;2;0;0;0;0;0;0;1;0;0;-3,726480000000000;-38,511072000000000
271731;29;12;2015;08:20;1242;RUA COSTA BARROS;RUA DR JOSE LOURENCO;;0;;Colis?úo Transversal;Luz do Dia;;;Cruz;Pare;Misto;0;1;1;1;0;0;0;0;0;1;0;0;-3,731870000000000;-38,506927000000000
271747;29;12;2015;06:40;12811;AV DOS EXPEDICIONARIOS;RUA PRE NOVE;;0;;Colis?úo Lateral;Luz do Dia;;;T;Sem?íforo;Residencial;0;1;1;1;0;0;0;0;0;1;0;0;-3,755028000000000;-38,538172000000000
271748;29;12;2015;15:20;5775;RUA BOTELHO MAGALHAES;RUA VIRGILIO PAES;;0;;Colis?úo Lateral;Luz do Dia;;;;;;0;0;2;1;0;0;0;0;0;0;0;0;-3,796878000000000;-38,491265000000000
271749;29;12;2015;13:30;0;AV BEZERRA DE MENEZES;;;2597;;Colis?úo Traseira;Luz do Dia;;;Meio de Quadra;;;0;0;2;1;0;0;0;0;0;0;0;0;-3,736342000000000;-38,567673000000000
271750;29;12;2015;17:00;0;AV DIOGUINHO;;;0;;Colis?úo Frontal;Anoitecer;;;Meio de Quadra;;;0;1;1;1;0;0;0;0;0;1;0;0;;
271745;29;12;2015;20:30;0;AV ALM HENRIQUE SABOIA;;;1300;TERMINAL DO PAPICU;Colis?úo Lateral;;;;Meio de Quadra;;;0;0;2;1;1;0;0;0;0;0;0;0;-3,737974000000000;-38,485940000000000
271770;29;12;2015;19:00;0;AV JOSE BASTOS;;;2866;;Colis?úo Lateral;;;;Meio de Quadra;;;0;0;3;1;1;0;1;0;0;0;0;0;-3,746409000000000;-38,546837000000000
271771;29;12;2015;22:00;0;RUA 1 LT ARVOREDO;;;1290;;Colis?úo Traseira;;;;Meio de Quadra;;;0;2;0;0;0;0;1;0;0;1;0;0;;
271772;29;12;2015;06:40;0;RUA HERACLITO DOMINGOS;;;0;;Colis?úo Transversal;Luz do Dia;;;Meio de Quadra;;;0;0;2;1;0;0;1;0;0;0;0;0;;
271773;29;12;2015;11:40;0;AV MAJ ASSIS;;;1975;;Colis?úo Traseira;Luz do Dia;;;Meio de Quadra;;;0;0;3;1;0;0;0;0;0;0;0;0;;
271774;29;12;2015;15:30;0;AV ROGACIANO LEITE;;;2324;;Colis?úo Traseira;Luz do Dia;;;Meio de Quadra;;;0;1;1;0;0;0;0;0;0;1;0;0;-3,775967000000000;-38,500315000000000
271765;29;12;2015;16:30;12836;AV DOMINGOS OLIMPIO;RUA BAR ARATANHA;;0;;Colis?úo Lateral;Luz do Dia;;;Cruz;Sem?íforo;Comercial;0;0;2;1;0;0;0;0;0;0;0;0;-3,737562000000000;-38,527953000000000
271763;29;12;2015;07:00;22095;AV JOSE BASTOS;RUA ANA NERY;;0;;Colis?úo Lateral;Luz do Dia;;;T;Sem?íforo;Comercial;0;2;0;0;0;0;0;0;0;1;0;0;-3,747987000000000;-38,548451000000000
271761;29;12;2015;16:00;0;RUA GAL GOIS MONTEIRO;;;407;;Colis?úo Lateral;Luz do Dia;;;Meio de Quadra;;;0;1;1;1;0;0;0;0;0;1;0;0;;
271758;29;12;2015;16:40;0;RUA MAJ FACUNDO;;;666;;Colis?úo Lateral;Luz do Dia;;;Meio de Quadra;;;0;0;2;1;0;0;1;0;0;0;0;0;-3,729043000000000;-38,528323000000000
271756;29;12;2015;09:15;25769;AV DR SILAS MUNGUBA;RUA CORUMBA;;0;;Colis?úo Lateral;Luz do Dia;;;;Gesto;Comercial;0;1;1;1;0;0;0;0;0;1;0;0;-3,801188000000000;-38,530014000000000
271778;29;12;2015;09:30;19533;AV GAL OSORIO DE PAIVA;RUA NEREU RAMOS;;0;;Colis?úo Traseira;Luz do Dia;;;Cruz;Sem?íforo;Comercial;0;0;2;1;1;0;0;0;0;0;0;0;-3,782196000000000;-38,576828000000000
271768;29;12;2015;09:00;25125;RUA DNA LEOPOLDINA;RUA ROCHA LIMA;;0;;Colis?úo Transversal;Luz do Dia;;;Cruz;Pare;Residencial;0;0;2;1;0;0;0;0;0;0;0;0;-3,736665000000000;-38,521427000000000
267047;29;12;2015;13:52;0;AV ABOLICAO;;;0;;Colis?úo;Luz do Dia;;;Meio de Quadra;;;0;0;2;1;1;0;0;0;0;0;0;0;;
267054;30;12;2015;11:52;0;RUA DOM PEDRO II;;;0;;Colis?úo;Luz do Dia;;;Meio de Quadra;;;0;0;2;1;1;0;0;0;0;0;0;0;;
267052;30;12;2015;;0;RUA WALDIR DIOGO;;;0;;Colis?úo;;;;Meio de Quadra;;;0;0;2;1;0;0;0;0;0;1;0;0;;
267061;30;12;2015;20:10;0;AV FRE CIRILO;;;0;;Colis?úo;;;;Meio de Quadra;;;0;0;2;1;0;0;0;0;0;0;0;0;;