COD_ACIDENTE;DIA;MES;ANO;HORA;INTERSECAO;LOG1;LOG2;LOG3;NUMERO;REFERENCIA;NATUREZA;ILUMINACAO;TEMPO;SUPERFICIEPISTA;TIPOCRUZAMENTO;CONTROLETRAFEGO;USOSOLO;MORTOS;FERIDOS;ILESOS;AUTOMOVEL;ONIBUS;BICICLETA;CAMINHAO;MICROONIBUS;CICLOMOTOR;MOTOCICLETA;TRACAOANIMAL;TREM;LATITUDE;LONGITUDE
273118;30;12;2015;10:30;0;RD CE-040;;;0;KM-06;Colis?úo;Luz do Dia;;;Meio de Quadra;;;0;0;3;1;0;0;0;0;0;0;0;0;-3,811270000000000;-38,478781000000000
273802;30;12;2015;19:44;0;AV MR HULL;;;0;;Atropelamento;;;;Meio de Quadra;;;0;1;1;1;0;0;0;0;0;0;0;0;-3,740148000000000;-38,594870000000000
273806;30;12;2015;19:52;15280;RUA DR JOSE LOURENCO;RUA TEN BENEVOLO;;0;;Colis?úo;;;;Cruz;Pare;Comercial;0;1;1;1;0;0;0;0;0;1;0;0;-3,729029000000000;-38,506010000000000
273807;30;12;2015;20:53;0;AV N CJ JOSE WALTER;;;0;;Colis?úo;;;;Meio de Quadra;;;0;1;1;1;0;0;0;0;0;1;0;0;;
273812;30;12;2015;21:53;0;RUA ALM RUBIM;;;0;;Atropelamento;;;;Meio de Quadra;;;0;1;1;0;0;0;0;0;0;1;0;0;-3,771179000000000;-38,556744000000000
272060;30;12;2015;08:10;0;AV BEZERRA DE MENEZES;;;0;;Colis?úo Transversal;Luz do Dia;;;Meio de Quadra;;;0;0;2;1;0;0;1;0;0;0;0;0;;
272057;30;12;2015;16:30;0;RUA LAURO NOGUEIRA;;;467;;Colis?úo;Luz do Dia;;;Meio de Quadra;;;0;2;1;1;0;0;0;0;0;1;0;0;-3,738984000000000;-38,481653000000000
272067;30;12;2015;01:00;12834;RUA BAR RIO BRANCO;RUA ANTONIO POMPEU;;0;;Colis?úo Transversal;;;;Cruz;Sem?íforo;Comercial;0;2;0;0;0;0;0;0;0;1;0;0;-3,734707000000000;-38,530891000000000
272050;30;12;2015;06:00;1359;RUA CARLOS VASCONCELOS;RUA JOAO CARVALHO;;0;;Colis?úo Transversal;Luz do Dia;;;Cruz;Pare;Residencial;0;2;0;1;0;0;0;0;0;0;0;0;-3,736251000000000;-38,511844000000000
272045;30;12;2015;10:00;0;RUA CAP FRANCISCO PEDRO;;;1431;;Colis?úo Transversal;Luz do Dia;;;Meio de Quadra;;;0;0;2;1;0;0;0;0;0;0;0;0;-3,750400000000000;-38,551786000000000
272039;30;12;2015;09:00;0;RUA METON DE ALENCAR;;;530;;Colis?úo Lateral;Luz do Dia;;;Meio de Quadra;;;0;1;1;1;0;0;0;0;0;1;0;0;-3,734275000000000;-38,528775000000000
272037;30;12;2015;07:50;24229;AV ENG SANTANA JUNIOR;AV ENG ALBERTO SA;;0;;Colis?úo Transversal;Luz do Dia;;;Cruz;Sem?íforo;Comercial;0;1;1;1;0;0;0;0;0;1;0;0;-3,733357000000000;-38,480624000000000
272032;30;12;2015;10:30;15204;AV ABOLICAO;RUA JULIO IBIAPINA;;0;;Colis?úo Traseira;Luz do Dia;;;Cruz;Sem?íforo;Comercial;0;1;1;1;0;0;0;0;0;1;0;0;-3,726679000000000;-38,491290000000000
272019;30;12;2015;18:05;5322;AV IMPERADOR;AV DUQ CAXIAS;;0;;Colis?úo Transversal;Anoitecer;;;Cruz;Sem?íforo;Comercial;0;0;2;1;1;0;0;0;0;0;0;0;-3,730048000000000;-38,535297000000000
272026;30;12;2015;21:20;25149;RUA MON CATAO;AV DOM LUIS;;0;;Colis?úo Traseira;;;;Duplo T;Pare;Comercial;0;0;2;1;0;0;0;0;0;0;0;0;-3,735758000000000;-38,489602000000000
271995;30;12;2015;18:30;2328;AV CEL CARVALHO;AV FRANCISCO SA;;0;;Colis?úo Transversal;Anoitecer;;;Cruz;Pare;Comercial;1;0;1;0;0;1;1;0;0;0;0;0;-3,703499000000000;-38,591542000000000
272000;30;12;2015;10:00;17397;AV PRO GOMES DE MATOS;RUA ROMEU MARTINS;;0;;Colis?úo Transversal;Luz do Dia;;;Cruz;Pare;Comercial;0;0;2;1;0;0;0;0;0;0;0;0;-3,767447000000000;-38,551023000000000
271984;30;12;2015;20:40;15280;RUA DR JOSE LOURENCO;RUA TEN BENEVOLO;;0;;Colis?úo Transversal;;;;Cruz;Pare;Comercial;0;1;1;1;0;0;0;0;0;1;0;0;-3,729029000000000;-38,506010000000000
271985;30;12;2015;20:00;5188;RUA TEN BENEVOLO;RUA NOGUEIRA ACIOLI;;0;;Colis?úo Transversal;;;;Cruz;Pare;Residencial;0;0;2;1;0;0;0;0;0;0;0;0;-3,725858000000000;-38,515591000000000
271989;30;12;2015;07:30;0;AV PRS COSTA E SILVA;;;0;;Colis?úo Traseira;Luz do Dia;;;Meio de Quadra;;;0;0;2;1;0;0;0;0;0;0;0;0;;
271990;30;12;2015;08:20;13124;AV I CJ JOSE WALTER;AV C CJ JOSE WALTER;;0;;Colis?úo Transversal;Luz do Dia;;;Cruz;Pare;Residencial;0;2;1;0;0;0;0;1;0;1;0;0;-3,829824000000000;-38,552161000000000
271991;30;12;2015;19:00;9153;AV 13 DE MAIO;RUA PAULA RODRIGUES;;0;;Atropelamento;;;;T;Sem?íforo;Comercial;0;1;1;1;0;0;0;0;0;0;0;0;-3,752271000000000;-38,525876000000000
271981;30;12;2015;12:30;1472;RUA TIBURCIO CAVALCANTE;AV PDE ANTONIO TOMAS;;0;;Colis?úo Transversal;Luz do Dia;;;Cruz;Sem?íforo;Comercial;0;0;2;1;0;0;0;0;0;0;0;0;-3,738950000000000;-38,503547000000000
271982;30;12;2015;09:15;0;AV DEP PAULINO ROCHA;;;0;;Colis?úo Traseira;Luz do Dia;;;Meio de Quadra;;;0;2;0;1;0;0;0;0;0;1;0;0;;
271977;30;12;2015;16:30;15189;AV ABOLICAO;RUA FRE MANSUETO;;0;;Colis?úo Lateral;Luz do Dia;;;Cruz;Sem?íforo;Comercial;0;0;2;1;1;0;0;0;0;0;0;0;-3,726368000000000;-38,489324000000000
271978;30;12;2015;22:00;5308;RUA VINTE E CINCO DE MARCO;RUA FRANKLIN TAVORA;;0;;Colis?úo Transversal;;;;Cruz;Pare;Residencial;0;2;1;1;0;0;0;0;0;1;0;0;-3,729680000000000;-38,522616000000000
271979;30;12;2015;13:00;0;AV JOAO PESSOA;;;6757;;Colis?úo Lateral;Luz do Dia;;;Meio de Quadra;;;0;0;2;1;0;0;0;1;0;0;0;0;;
272073;30;12;2015;17:00;13771;AV PINTO BANDEIRA D56;RUA LUIZA MIRANDA COELHO;;0;;Colis?úo Transversal;Anoitecer;;;Cruz;Pare;Residencial;0;1;1;1;0;0;0;0;0;1;0;0;-3,774929000000000;-38,487283000000000
272071;30;12;2015;20:10;0;AV N CJ JOSE WALTER;;;0;;Colis?úo Traseira;;;;Meio de Quadra;;;0;1;1;1;0;0;0;0;0;1;0;0;;
272085;30;12;2015;14:35;0;AV PRO GOMES DE MATOS;;;1258;;Colis?úo Traseira;Luz do Dia;;;Meio de Quadra;;;0;0;3;1;0;0;0;0;0;0;0;0;-3,763370000000000;-38,547510000000000
272076;30;12;2015;16:00;0;RUA BERNARDO MANUEL;;;0;;Choque c/ Obst?ículo Fixo;Luz do Dia;;;Meio de Quadra;;;0;0;1;1;0;0;0;0;0;0;0;0;;
272103;30;12;2015;11:10;0;AV ALBERTO CRAVEIRO;;;2511;;Colis?úo Traseira;Luz do Dia;;;Meio de Quadra;;;0;1;1;0;0;0;1;0;0;1;0;0;-3,802281000000000;-38,520796000000000
272101;30;12;2015;16:00;0;AV JULIO VENTURA;;;1670;;Colis?úo Traseira;Luz do Dia;;;Meio de Quadra;;;0;1;1;1;0;0;0;0;0;1;0;0;;
272099;30;12;2015;16:20;3820;AV CARAPINIMA;AV 13 DE MAIO;;0;;Engavetamento;Luz do Dia;;;Cruz;Sem?íforo;Comercial;0;0;2;1;0;0;0;0;0;0;0;0;-3,740001000000000;-38,540239000000000
272089;30;12;2015;15:30;8011;AV JOAO PESSOA;RUA ALEXANDRE BARAUNA;;0;;Colis?úo Lateral;Luz do Dia;;;Cruz;Sem?íforo;Comercial;0;0;2;1;1;0;0;0;0;0;0;0;-3,751089000000000;-38,548267000000000
272087;30;12;2015;14:30;4018;RUA JULIO CESAR D12;RUA DES PRAXEDES;;0;;Colis?úo Transversal;Luz do Dia;;;T;Pare;Residencial;0;1;1;1;0;0;0;0;1;0;0;0;-3,758989000000000;-38,550396000000000
272092;30;12;2015;17:00;0;AV AGUANAMBI;;;0;;Colis?úo Transversal;Anoitecer;;;Meio de Quadra;;;0;0;2;1;1;0;0;0;0;0;0;0;;
273788;30;12;2015;18:17;0;AV DEP PAULINO ROCHA;;;0;;Colis?úo;Anoitecer;;;Meio de Quadra;;;0;1;0;0;0;0;0;0;0;0;0;0;;
273789;30;12;2015;18:36;0;RUA CANDIDO MAIA;;;0;;;;;;Meio de Quadra;;;0;1;0;0;0;0;0;0;0;1;0;0;;
273786;30;12;2015;17:54;0;AV GAL OSORIO DE PAIVA;;;0;;Colis?úo;Anoitecer;;;Meio de Quadra;;;0;1;0;0;0;0;0;0;0;0;0;0;-3,772500000000000;-38,562704000000000
273782;30;12;2015;14:19;0;AV N CJ JOSE WALTER;;;0;;Colis?úo;Luz do Dia;;;Meio de Quadra;;;0;1;1;1;0;0;0;0;0;1;0;0;;
273783;30;12;2015;15:20;0;AV BORGES DE MELO;;;0;;Colis?úo;Luz do Dia;;;Meio de Quadra;;;0;1;1;1;0;0;0;0;0;1;0;0;;
273760;30;12;2015;07:41;0;AV JOSE BASTOS;;;0;;Queda;Luz do Dia;;;Meio de Quadra;;;0;1;0;0;0;0;0;0;0;1;0;0;-3,767370000000000;-38,569559000000000
273761;30;12;2015;10:17;0;AV ABOLICAO;;;0;;Colis?úo;Luz do Dia;;;Meio de Quadra;;;0;1;1;1;0;0;0;0;0;1;0;0;;
273762;30;12;2015;10:40;16057;AV GODOFREDO MACIEL;AV PRS COSTA E SILVA;;0;;Colis?úo;Luz do Dia;;;;;;0;1;1;0;0;0;0;0;0;1;0;0;-3,811743000000000;-38,574739000000000
273763;30;12;2015;10:41;0;AV AUGUSTO DOS ANJOS;;;0;;Colis?úo;Luz do Dia;;;Meio de Quadra;;;0;1;1;1;0;0;0;0;0;1;0;0;-3,777359000000000;-38,576697000000000
273764;30;12;2015;12:46;0;AV WASHINGTON SOARES;;;0;;Queda;Luz do Dia;;;Meio de Quadra;;;0;1;0;0;0;0;0;0;0;1;0;0;-3,814032000000000;-38,480633000000000
273765;30;12;2015;14:04;22084;RUA ANA NERY;RUA CAP FRANCISCO PEDRO;;0;;Colis?úo;Luz do Dia;;;Cruz;Pare;Residencial;0;1;1;1;0;0;0;0;0;1;0;0;-3,747399000000000;-38,549085000000000
272754;30;12;2015;19:00;22020;RUA DELMIRO FARIAS;RUA FRE MARCELINO;;0;;Colis?úo;;;;Cruz;Pare;Residencial;0;1;1;1;0;0;0;0;0;1;0;0;-3,744887000000000;-38,553483000000000
274375;30;12;2015;16:20;0;AV BORGES DE MELO;;;0;;Colis?úo Lateral;Luz do Dia;;;Meio de Quadra;;;0;0;2;1;0;0;0;0;0;1;0;0;;
274377;30;12;2015;18:30;22020;RUA DELMIRO FARIAS;RUA FRE MARCELINO;;0;;Colis?úo Lateral;Anoitecer;;;Cruz;Pare;Residencial;0;0;2;1;0;0;0;0;0;1;0;0;;
274379;30;12;2015;16:20;3820;AV CARAPINIMA;AV 13 DE MAIO;;0;;Colis?úo Traseira;Luz do Dia;;;Cruz;Sem?íforo;Comercial;0;0;2;1;0;0;0;0;0;0;0;0;;
274380;30;12;2015;16:00;0;AV JULIO VENTURA;;;0;;Colis?úo Traseira;Luz do Dia;;;Meio de Quadra;;;0;1;1;1;0;0;0;0;0;1;0;0;;
273406;30;12;2015;10:53;24988;RUA TAVARES COUTINHO;RUA FRE MANSUETO;;0;;Colis?úo;Luz do Dia;;;Cruz;Sem?íforo Intermitente;Comercial;0;0;2;0;0;0;0;0;0;0;0;0;-3,732638000000000;-38,488784000000000
273418;30;12;2015;19:52;4187;AV PRS CASTELO BRANCO;RUA DOM HELIO CAMPOS D21;;0;;Atropelamento;;;;Cruz;Pare;Residencial;0;1;0;0;0;0;0;0;0;0;0;0;-3,711976000000000;-38,554874000000000
273424;30;12;2015;22:14;0;AV JOAO PESSOA;;;0;;Colis?úo;;;;Meio de Quadra;;;0;0;2;0;0;0;0;0;0;0;0;0;;
273420;30;12;2015;19:54;15315;AV DES MOREIRA;RUA CANUTO DE AGUIAR;;0;;Atropelamento;;;;Cruz;Sem?íforo;Residencial;0;0;2;0;0;0;0;0;0;0;0;0;-3,730308000000000;-38,496432000000000
273434;30;12;2015;22:43;12954;AV PRS COSTA E SILVA;RUA BERNARDO MANUEL;;0;;Colis?úo;;;;;;;0;1;2;0;0;0;0;0;0;1;0;0;-3,821079000000000;-38,558276000000000
273429;30;12;2015;22:32;7718;AV CARNEIRO DE MENDONCA;AV JOSE BASTOS;;0;;Colis?úo;;;;Cruz;Sem?íforo;Comercial;0;0;2;0;0;0;0;0;0;0;0;0;-3,764109000000000;-38,566759000000000
273427;30;12;2015;22:16;0;AV NORTE;;;0;;Colis?úo;;;;Meio de Quadra;;;0;0;2;0;0;0;0;0;0;0;0;0;;
273409;30;12;2015;12:32;14857;RUA MARIO FILHO;TR REJANE;;0;;Colis?úo;Luz do Dia;;;Cruz;;Residencial;0;0;2;0;0;0;0;0;0;0;0;0;-3,806710000000000;-38,585721000000000
273410;30;12;2015;18:30;0;AV FRANCISCO SA;;;0;;Colis?úo;Anoitecer;;;Meio de Quadra;;;0;0;2;0;0;0;0;0;0;0;0;0;;
273411;30;12;2015;18:55;2326;AV PRS CASTELO BRANCO;RUA SEN ROBERT KENNEDY;;0;;Colis?úo;;;;Cruz;Sem?íforo;Residencial;0;0;2;0;0;0;0;0;0;0;0;0;-3,704117000000000;-38,579042000000000
273413;30;12;2015;18:58;0;RUA WALDIR DIOGO;;;0;;Colis?úo;;;;Meio de Quadra;;;0;0;2;0;0;0;0;0;0;0;0;0;;
273415;30;12;2015;19:05;0;RUA SEN ROBERT KENNEDY;;;0;;Atropelamento;;;;;;;0;1;1;1;0;0;0;0;0;0;0;0;-3,707817000000000;-38,580796000000000
273416;30;12;2015;19:38;0;AV SGT HERMINIO SAMPAIO;;;0;;Colis?úo;;;;Meio de Quadra;;;0;0;2;0;0;0;0;0;0;0;0;0;;
273436;30;12;2015;21:59;0;AV GOV PARSIFAL BARROSO;;;0;;Colis?úo;;;;Meio de Quadra;;;0;1;1;1;0;0;0;0;0;1;0;0;;
273442;31;12;2015;10:10;0;RUA MAL BITENCOURT;;;0;;Colis?úo;Luz do Dia;;;Meio de Quadra;;;0;0;2;0;0;0;0;0;0;0;0;0;;
273438;31;12;2015;00:18;0;RUA JURACI MAGALHAES;;;0;;Colis?úo;;;;Meio de Quadra;;;0;0;2;0;0;0;0;0;0;0;0;0;;
273439;31;12;2015;08:52;12398;AV LINEU MACHADO;ET PICI;;0;;Colis?úo;Luz do Dia;;;Cruz;Pare;Misto;0;0;2;0;0;0;0;0;0;0;0;0;-3,767407000000000;-38,577683000000000
273440;31;12;2015;09:01;9750;RUA CEL FABRICIANO;RUA SAO LUIZ DO OESTE;;0;;Colis?úo;Luz do Dia;;;Cruz;Pare;Comercial;0;1;1;1;0;0;0;0;0;1;0;0;-3,782125000000000;-38,610116000000000
273453;31;12;2015;15:19;0;RUA FRE TEODORO;;;0;;Choque c/ Obst?ículo Fixo;Luz do Dia;;;Meio de Quadra;;;0;0;1;0;0;0;0;0;0;0;0;0;;
273448;31;12;2015;11:10;15951;AV FRE CIRILO;RUA PDE PEDRO DE ALENCAR;;0;;Atropelamento;Luz do Dia;;;T;N?úo H?í Controle;Comercial;0;0;2;0;0;0;0;0;0;0;0;0;-3,827783000000000;-38,493485000000000
273449;31;12;2015;12:15;7211;AV DR THEBERGE;AV PRS CASTELO BRANCO;;0;;Colis?úo;Luz do Dia;;;Cruz;Sem?íforo;Comercial;0;0;2;0;0;0;0;0;0;0;0;0;-3,710079000000000;-38,563456000000000
273451;31;12;2015;13:59;10556;RUA CAIO FACO;RUA PRO JOSE HENRIQUE;;0;;Colis?úo;Luz do Dia;;;;;;0;0;2;0;0;0;0;0;0;0;0;0;-3,830949000000000;-38,476261000000000
273462;31;12;2015;16:48;0;RUA VALPARAISO;;;0;;Colis?úo;Luz do Dia;;;Meio de Quadra;;;0;0;2;0;0;0;0;0;0;0;0;0;;
273460;31;12;2015;16:20;0;AV CASTELO DE CASTRO;;;0;;Colis?úo;Luz do Dia;;;Meio de Quadra;;;0;0;2;0;0;0;0;0;0;0;0;0;;
273457;31;12;2015;15:48;0;AV DIOGUINHO;;;0;;Colis?úo;Luz do Dia;;;Meio de Quadra;;;0;0;2;0;0;0;0;0;0;0;0;0;;
273458;31;12;2015;15:49;9761;RUA TRES CORACOES;RUA DR FERNANDO AUGUSTO;;0;;Colis?úo;Luz do Dia;;;;;;0;0;2;0;0;0;0;0;0;0;0;0;-3,790484000000000;-38,610954000000000
273455;31;12;2015;15:47;1462;RUA NUNES VALENTE;RUA JOAO CARVALHO;;0;;Colis?úo;Luz do Dia;;;Cruz;Pare;Comercial;0;0;2;0;0;0;0;0;0;0;0;0;;
273466;31;12;2015;18:09;0;RUA TEOFILO CORDEIRO;;;0;;Colis?úo;Anoitecer;;;Meio de Quadra;;;0;0;2;0;0;0;0;0;0;0;0;0;;
273468;31;12;2015;18:17;0;RUA DAMASCENO GIRAO;;;0;;Colis?úo;Anoitecer;;;Meio de Quadra;;;0;0;2;0;0;0;0;0;0;0;0;0;;
273471;31;12;2015;19:29;0;RUA DES PRAXEDES;;;0;;Atropelamento;;;;Meio de Quadra;;;0;1;1;0;0;0;0;0;0;1;0;0;-3,758111000000000;-38,551773000000000
273485;31;12;2015;21:50;10989;RUA CON LIMA SUCUPIRA;RUA TOMAS EDSON;;0;;Colis?úo;;;;Cruz;Pare;Residencial;0;0;2;0;0;0;0;0;0;0;0;0;-3,777047000000000;-38,554272000000000
273476;31;12;2015;21:33;0;AV F CJ ESPERANCA;;;0;;Colis?úo;;;;Meio de Quadra;;;0;0;2;0;0;0;0;0;0;0;0;0;;
273473;31;12;2015;20:34;15258;RUA PEREIRA FILGUEIRAS;RUA ANTONIO AUGUSTO;;0;;Colis?úo;;;;Cruz;Pare;Comercial;0;0;2;0;0;0;0;0;0;0;0;0;-3,728380000000000;-38,512866000000000
273481;31;12;2015;21:35;0;RUA TRES CORACOES;;;0;;Colis?úo;;;;Meio de Quadra;;;0;0;2;0;0;0;0;0;0;0;0;0;;
273478;31;12;2015;21:34;0;TR SOROCABA;;;0;;Colis?úo;;;;Meio de Quadra;;;0;0;2;0;0;0;0;0;0;0;0;0;;
273487;31;12;2015;23:14;0;RUA OTACILIO CARNEIRO;;;0;;Colis?úo;;;;Meio de Quadra;;;0;0;2;0;0;0;0;0;0;0;0;0;;
273488;31;12;2015;23:22;0;RUA OSCAR ARARIPE;;;0;;Colis?úo;;;;Meio de Quadra;;;0;0;2;0;0;0;0;0;0;0;0;0;;
273489;31;12;2015;23:51;15245;AV ANTONIO JUSTA;RUA LEONARDO MOTA;;0;;Colis?úo;;;;Cruz;Pare;Comercial;0;0;2;0;0;0;0;0;0;0;0;0;-3,727945000000000;-38,493542000000000
272319;31;12;2015;22:10;15254;AV ANTONIO JUSTA;RUA VICENTE LEITE;;0;;Colis?úo Traseira;;;;Cruz;Pare;Residencial;0;1;1;1;0;0;0;0;0;1;0;0;-3,728280000000000;-38,492584000000000
272330;31;12;2015;11:30;0;AV OLIVEIRA PAIVA;;;223;;Atropelamento;Luz do Dia;;;Meio de Quadra;;;0;2;0;0;0;0;0;0;0;1;0;0;-3,798560000000000;-38,503005000000000
272327;31;12;2015;11:50;26077;AV JOSE JATAHY;AV DUQ CAXIAS;;0;;Colis?úo Frontal;Luz do Dia;;;T;Pare;Comercial;0;1;1;1;0;0;0;0;0;0;0;0;;
272324;31;12;2015;13:40;0;RUA FRE MANSUETO;;;0;;Colis?úo Lateral;Luz do Dia;;;Meio de Quadra;;;0;0;2;1;0;0;0;0;0;0;0;0;;
274383;31;12;2015;11:50;26077;AV JOSE JATAHY;AV DUQ CAXIAS;;0;;Colis?úo Frontal;Luz do Dia;;;T;Pare;Comercial;0;1;1;1;0;0;0;0;0;0;0;0;;
272752;31;12;2015;11:00;0;RUA VIS MAUA;;;1205;;Colis?úo;Luz do Dia;;;Meio de Quadra;;;0;0;1;1;0;0;0;0;0;0;0;0;-3,736397000000000;-38,499503000000000
272750;31;12;2015;01:00;14093;RUA CAJAZEIRAS;TR STA ISABEL;;0;;Choque c/ Obst?ículo Fixo;;;;;;;0;0;1;1;0;0;0;0;0;0;0;0;-3,822089000000000;-38,469822000000000
272756;31;12;2015;00:00;0;AV BEZERRA DE MENEZES;;;113;;Colis?úo;;;;Meio de Quadra;;;0;0;1;1;0;0;0;0;0;1;0;0;-3,731776000000000;-38,545728000000000
272757;31;12;2015;08:00;0;AV CARNEIRO DE MENDONCA;;;1179;;Colis?úo;Luz do Dia;;;Meio de Quadra;;;0;0;1;1;0;0;0;0;0;0;0;0;-3,762638000000000;-38,569521000000000
272758;31;12;2015;14:00;0;AV PRO GOMES DE MATOS;;;896;;Atropelamento;Luz do Dia;;;Meio de Quadra;;;0;1;1;1;0;0;0;0;0;0;0;0;-3,760830000000000;-38,545347000000000
272122;31;12;2015;12:04;7211;AV DR THEBERGE;AV PRS CASTELO BRANCO;;0;;Colis?úo Lateral;Luz do Dia;;;Cruz;Sem?íforo;Comercial;0;0;2;0;1;0;1;0;0;0;0;0;-3,710079000000000;-38,563456000000000
272123;31;12;2015;12:40;24939;AV BEZERRA DE MENEZES;RUA CEL MOZART GONDIM;;0;;Colis?úo Transversal;Luz do Dia;;;Cruz;Sem?íforo;Comercial;0;0;2;1;1;0;0;0;0;0;0;0;-3,734449000000000;-38,558651000000000
272124;31;12;2015;14:00;25108;AV BEZERRA DE MENEZES;RUA BRAZ DE FRANCESCO;;0;;Colis?úo;Luz do Dia;;;Cruz;Sem?íforo;Comercial;0;0;2;1;1;0;0;0;0;0;0;0;-3,736282000000000;-38,567363000000000
272125;31;12;2015;15:05;22049;RUA PDE CICERO;RUA CAP FRANCISCO PEDRO;;0;;Colis?úo;Luz do Dia;;;Cruz;Pare;Residencial;0;1;1;0;1;0;0;0;0;1;0;0;-3,743679000000000;-38,545733000000000
272119;31;12;2015;12:20;15207;AV RUI BARBOSA;RUA DEP MOREIRA DA ROCHA;;0;;Colis?úo Transversal;Luz do Dia;;;Cruz;Sem?íforo;Residencial;0;0;2;1;0;0;0;0;0;0;0;0;-3,726748000000000;-38,506454000000000
272114;31;12;2015;06:30;13404;RUA CARLOS VASCONCELOS;RUA JOAO BRIGIDO;;0;;Colis?úo Traseira;Luz do Dia;;;Cruz;Sem?íforo Intermitente;Residencial;0;0;2;1;0;0;0;0;0;0;0;0;-3,741327000000000;-38,513526000000000
272115;31;12;2015;07:30;17584;RUA MATO GROSSO;RUA PARA;;0;;Colis?úo Transversal;Luz do Dia;;;Cruz;Pare;Residencial;2;0;1;0;0;0;0;0;0;1;0;0;-3,755657000000000;-38,563131000000000
272135;31;12;2015;12:30;0;AV JOSE BASTOS;;;3480;;Colis?úo Traseira;Luz do Dia;;;Meio de Quadra;;;0;1;3;1;0;0;0;0;0;1;0;0;-3,749574000000000;-38,550036000000000
272132;31;12;2015;10:30;24299;RUA REPUBLICA DO LIBANO;RUA 8 DE SETEMBRO;;0;;Colis?úo Traseira;Luz do Dia;;;Cruz;Pare;Residencial;0;0;2;1;0;0;0;0;0;0;0;0;-3,733700000000000;-38,487087000000000
272127;31;12;2015;08:10;0;AV PRS COSTA E SILVA;;;0;;Colis?úo Transversal;Luz do Dia;;;Meio de Quadra;;;0;0;2;1;0;0;0;0;0;0;0;0;;
272128;31;12;2015;09:50;5370;RUA METON DE ALENCAR;RUA PRC ISABEL;;0;;Colis?úo Transversal;Luz do Dia;;;Cruz;Pare;Comercial;0;1;1;1;0;0;0;0;0;1;0;0;-3,731614000000000;-38,536973000000000
272110;31;12;2015;12:50;0;RUA SAO PAULO;;;141;;Colis?úo Traseira;Luz do Dia;;;Meio de Quadra;;;0;0;2;1;0;0;0;0;0;0;0;0;;
273815;31;12;2015;08:49;0;AV LINEU MACHADO;;;0;;Queda;Luz do Dia;;;Meio de Quadra;;;0;1;0;0;0;0;0;0;0;1;0;0;-3,767479000000000;-38,577722000000000
273872;31;12;2015;23:50;0;AV PRO JOSE ARTHUR CARVALHO;;;0;;Colis?úo;;;;Meio de Quadra;;;0;1;0;0;0;0;0;0;0;0;0;0;;
273869;31;12;2015;21:59;3125;RUA SILVEIRA FILHO;TR LINEU MACHADO;;0;;Queda;;;;;;;0;1;0;0;0;0;0;0;0;1;0;0;-3,777866000000000;-38,579955000000000
273870;31;12;2015;22:03;21241;RUA MARCILIO DIAS;RUA LUCAS PINTO;;0;;Atropelamento;;;;;;;0;1;1;0;0;0;0;0;0;1;0;0;-3,709733000000000;-38,557664000000000
273866;31;12;2015;19:46;0;AV JOR THOMAZ COELHO;;;0;;Atropelamento;;;;Meio de Quadra;;;0;1;0;1;0;0;0;0;0;0;0;0;;
273864;31;12;2015;17:10;0;AV DA INDEPENDENCIA;;;0;;Colis?úo;Anoitecer;;;Meio de Quadra;;;0;1;1;1;0;0;0;0;0;1;0;0;-3,727781000000000;-38,587924000000000
273822;31;12;2015;11:04;0;AV FRE CIRILO;;;0;;Atropelamento;Luz do Dia;;;Meio de Quadra;;;0;1;1;1;0;0;0;0;0;0;0;0;;
273823;31;12;2015;13:00;0;AV SGT HERMINIO SAMPAIO;;;0;;Colis?úo;Luz do Dia;;;Meio de Quadra;;;0;1;1;1;0;0;0;0;0;1;0;0;-3,727583000000000;-38,567327000000000
273856;31;12;2015;13:19;7723;RUA PERNAMBUCO;RUA CORREIA LIMA D39;;0;;Colis?úo;Luz do Dia;;;;;;0;1;1;0;0;0;0;0;0;1;0;0;-3,764323000000000;-38,561990000000000
273857;31;12;2015;13:53;0;RUA TEODOMIRO DE CASTRO;;;0;;Colis?úo;Luz do Dia;;;Meio de Quadra;;;0;1;0;0;0;0;0;0;0;0;0;0;-3,720327000000000;-38,569249000000000
273859;31;12;2015;14:16;0;AV PRO GOMES DE MATOS;;;0;;Atropelamento;Luz do Dia;;;Meio de Quadra;;;0;1;1;0;0;0;0;0;0;1;0;0;-3,760858000000000;-38,545371000000000
273860;31;12;2015;14:55;0;AV PRO JOSE ARTHUR CARVALHO;;;0;;Colis?úo;Luz do Dia;;;Meio de Quadra;;;0;1;0;0;0;0;0;0;0;0;0;0;-3,826542000000000;-38,465780000000000
273861;31;12;2015;15:18;0;RUA PDE CICERO;;;0;;Colis?úo;Luz do Dia;;;Meio de Quadra;;;0;1;0;0;0;0;0;0;0;0;0;0;-3,743765000000000;-38,545643000000000
273123;31;12;2015;12:10;0;RD CE-040;;;0;KM-09;Colis?úo;Luz do Dia;;;Meio de Quadra;;;0;1;1;1;0;0;0;0;0;1;0;0;-3,824774000000000;-38,481431000000000
273128;31;12;2015;13:30;0;RD CE-040;;;0;KM-08;Colis?úo;Luz do Dia;;;Meio de Quadra;;;0;0;3;1;0;0;0;0;0;0;0;0;-3,823332000000000;-38,481317000000000
273126;31;12;2015;10:25;0;RD CE-040;;;0;KM-10;Colis?úo;Luz do Dia;;;Meio de Quadra;;;0;0;4;1;0;0;0;0;0;0;0;0;-3,838671000000000;-38,480068000000000